
> iota-monorepo@ iota-docs /home/lucas/iota/iota
> turbo --filter iota-docs "build"

• Packages in scope: iota-docs
• Running build in 1 packages
• Remote caching disabled
@iota/build-scripts:build: cache hit, replaying logs 9e25286e4ffc52b3
@iota/build-scripts:build: 
@iota/build-scripts:build: 
@iota/build-scripts:build: > @iota/build-scripts@0.0.0 build /home/lucas/iota/iota/sdk/build-scripts
@iota/build-scripts:build: > tsc --build
@iota/build-scripts:build: 
@iota/bcs:build: cache hit, replaying logs 8a70a419f6b581be
@iota/bcs:build: 
@iota/bcs:build: 
@iota/bcs:build: > @iota/bcs@0.2.1 build /home/lucas/iota/iota/sdk/bcs
@iota/bcs:build: > build-package
@iota/bcs:build: 
@iota/iota-sdk:build: cache hit, replaying logs acd00d4213ff1d0a
@iota/iota-sdk:build: 
@iota/iota-sdk:build: 
@iota/iota-sdk:build: > @iota/iota-sdk@0.5.0 build /home/lucas/iota/iota/sdk/typescript
@iota/iota-sdk:build: > node genversion.mjs && pnpm build:package
@iota/iota-sdk:build: 
@iota/iota-sdk:build: 
@iota/iota-sdk:build: > @iota/iota-sdk@0.5.0 build:package /home/lucas/iota/iota/sdk/typescript
@iota/iota-sdk:build: > build-package
@iota/iota-sdk:build: 
@iota/wallet-standard:build: cache hit, replaying logs 2566ccc5b92658fe
@iota/wallet-standard:build: 
@iota/wallet-standard:build: 
@iota/wallet-standard:build: > @iota/wallet-standard@0.2.4 build /home/lucas/iota/iota/sdk/wallet-standard
@iota/wallet-standard:build: > build-package
@iota/wallet-standard:build: 
@iota/dapp-kit:build: cache hit, replaying logs 360b7e19fa5e16cf
@iota/dapp-kit:build: 
@iota/dapp-kit:build: 
@iota/dapp-kit:build: > @iota/dapp-kit@0.4.0 build /home/lucas/iota/iota/sdk/dapp-kit
@iota/dapp-kit:build: > build-dapp-kit
@iota/dapp-kit:build: 
iota-docs:build: cache miss, executing 1a86252dd10c2e74
iota-docs:build: 
iota-docs:build: > iota-docs@0.0.0 build /home/lucas/iota/iota/docs/site
iota-docs:build: > pnpm download-iota-references; pnpm generate-graphql-docs; docusaurus build
iota-docs:build: 
iota-docs:build: 
iota-docs:build: > iota-docs@0.0.0 download-iota-references /home/lucas/iota/iota/docs/site
iota-docs:build: > git clean -Xdf ../content/references/; ./scripts/get-iota-references.sh;
iota-docs:build: 
iota-docs:build: docs/generated-docs/framework/
iota-docs:build: docs/generated-docs/framework/iota-system/
iota-docs:build: docs/generated-docs/framework/iota-system/validator_cap.mdx
iota-docs:build: docs/generated-docs/framework/iota-system/validator_wrapper.mdx
iota-docs:build: docs/generated-docs/framework/iota-system/_category_.json
iota-docs:build: docs/generated-docs/framework/iota-system/storage_fund.mdx
iota-docs:build: docs/generated-docs/framework/iota-system/genesis.mdx
iota-docs:build: docs/generated-docs/framework/iota-system/validator.mdx
iota-docs:build: docs/generated-docs/framework/iota-system/timelocked_staking.mdx
iota-docs:build: docs/generated-docs/framework/iota-system/validator_set.mdx
iota-docs:build: docs/generated-docs/framework/iota-system/voting_power.mdx
iota-docs:build: docs/generated-docs/framework/iota-system/iota_system_state_inner.mdx
iota-docs:build: docs/generated-docs/framework/iota-system/staking_pool.mdx
iota-docs:build: docs/generated-docs/framework/iota-system/iota_system.mdx
iota-docs:build: docs/generated-docs/framework/move-stdlib/
iota-docs:build: docs/generated-docs/framework/move-stdlib/bcs.mdx
iota-docs:build: docs/generated-docs/framework/move-stdlib/hash.mdx
iota-docs:build: docs/generated-docs/framework/move-stdlib/type_name.mdx
iota-docs:build: docs/generated-docs/framework/move-stdlib/fixed_point32.mdx
iota-docs:build: docs/generated-docs/framework/move-stdlib/ascii.mdx
iota-docs:build: docs/generated-docs/framework/move-stdlib/_category_.json
iota-docs:build: docs/generated-docs/framework/move-stdlib/macros.mdx
iota-docs:build: docs/generated-docs/framework/move-stdlib/u64.mdx
iota-docs:build: docs/generated-docs/framework/move-stdlib/u16.mdx
iota-docs:build: docs/generated-docs/framework/move-stdlib/u32.mdx
iota-docs:build: docs/generated-docs/framework/move-stdlib/vector.mdx
iota-docs:build: docs/generated-docs/framework/move-stdlib/u256.mdx
iota-docs:build: docs/generated-docs/framework/move-stdlib/u8.mdx
iota-docs:build: docs/generated-docs/framework/move-stdlib/u128.mdx
iota-docs:build: docs/generated-docs/framework/move-stdlib/option.mdx
iota-docs:build: docs/generated-docs/framework/move-stdlib/bit_vector.mdx
iota-docs:build: docs/generated-docs/framework/move-stdlib/debug.mdx
iota-docs:build: docs/generated-docs/framework/move-stdlib/string.mdx
iota-docs:build: docs/generated-docs/framework/move-stdlib/address.mdx
iota-docs:build: docs/generated-docs/framework/iota-framework/
iota-docs:build: docs/generated-docs/framework/iota-framework/bcs.mdx
iota-docs:build: docs/generated-docs/framework/iota-framework/hash.mdx
iota-docs:build: docs/generated-docs/framework/iota-framework/bag.mdx
iota-docs:build: docs/generated-docs/framework/iota-framework/dynamic_object_field.mdx
iota-docs:build: docs/generated-docs/framework/iota-framework/group_ops.mdx
iota-docs:build: docs/generated-docs/framework/iota-framework/coin_manager.mdx
iota-docs:build: docs/generated-docs/framework/iota-framework/timelock.mdx
iota-docs:build: docs/generated-docs/framework/iota-framework/balance.mdx
iota-docs:build: docs/generated-docs/framework/iota-framework/ecvrf.mdx
iota-docs:build: docs/generated-docs/framework/iota-framework/_category_.json
iota-docs:build: docs/generated-docs/framework/iota-framework/vec_set.mdx
iota-docs:build: docs/generated-docs/framework/iota-framework/object_table.mdx
iota-docs:build: docs/generated-docs/framework/iota-framework/types.mdx
iota-docs:build: docs/generated-docs/framework/iota-framework/kiosk_extension.mdx
iota-docs:build: docs/generated-docs/framework/iota-framework/random.mdx
iota-docs:build: docs/generated-docs/framework/iota-framework/labeler.mdx
iota-docs:build: docs/generated-docs/framework/iota-framework/linked_table.mdx
iota-docs:build: docs/generated-docs/framework/iota-framework/package.mdx
iota-docs:build: docs/generated-docs/framework/iota-framework/kiosk.mdx
iota-docs:build: docs/generated-docs/framework/iota-framework/display.mdx
iota-docs:build: docs/generated-docs/framework/iota-framework/vec_map.mdx
iota-docs:build: docs/generated-docs/framework/iota-framework/transfer_policy.mdx
iota-docs:build: docs/generated-docs/framework/iota-framework/zklogin_verified_id.mdx
iota-docs:build: docs/generated-docs/framework/iota-framework/deny_list.mdx
iota-docs:build: docs/generated-docs/framework/iota-framework/tx_context.mdx
iota-docs:build: docs/generated-docs/framework/iota-framework/ed25519.mdx
iota-docs:build: docs/generated-docs/framework/iota-framework/ecdsa_r1.mdx
iota-docs:build: docs/generated-docs/framework/iota-framework/ecdsa_k1.mdx
iota-docs:build: docs/generated-docs/framework/iota-framework/hmac.mdx
iota-docs:build: docs/generated-docs/framework/iota-framework/coin.mdx
iota-docs:build: docs/generated-docs/framework/iota-framework/vdf.mdx
iota-docs:build: docs/generated-docs/framework/iota-framework/clock.mdx
iota-docs:build: docs/generated-docs/framework/iota-framework/system_admin_cap.mdx
iota-docs:build: docs/generated-docs/framework/iota-framework/table.mdx
iota-docs:build: docs/generated-docs/framework/iota-framework/table_vec.mdx
iota-docs:build: docs/generated-docs/framework/iota-framework/url.mdx
iota-docs:build: docs/generated-docs/framework/iota-framework/dynamic_field.mdx
iota-docs:build: docs/generated-docs/framework/iota-framework/token.mdx
iota-docs:build: docs/generated-docs/framework/iota-framework/hex.mdx
iota-docs:build: docs/generated-docs/framework/iota-framework/groth16.mdx
iota-docs:build: docs/generated-docs/framework/iota-framework/address.mdx
iota-docs:build: docs/generated-docs/framework/iota-framework/zklogin_verified_issuer.mdx
iota-docs:build: docs/generated-docs/framework/iota-framework/event.mdx
iota-docs:build: docs/generated-docs/framework/iota-framework/prover.mdx
iota-docs:build: docs/generated-docs/framework/iota-framework/poseidon.mdx
iota-docs:build: docs/generated-docs/framework/iota-framework/config.mdx
iota-docs:build: docs/generated-docs/framework/iota-framework/authenticator_state.mdx
iota-docs:build: docs/generated-docs/framework/iota-framework/borrow.mdx
iota-docs:build: docs/generated-docs/framework/iota-framework/bls12381.mdx
iota-docs:build: docs/generated-docs/framework/iota-framework/object_bag.mdx
iota-docs:build: docs/generated-docs/framework/iota-framework/transfer.mdx
iota-docs:build: docs/generated-docs/framework/iota-framework/versioned.mdx
iota-docs:build: docs/generated-docs/framework/iota-framework/object.mdx
iota-docs:build: docs/generated-docs/framework/iota-framework/priority_queue.mdx
iota-docs:build: docs/generated-docs/framework/iota-framework/iota.mdx
iota-docs:build: docs/generated-docs/framework/iota-framework/pay.mdx
iota-docs:build: docs/generated-docs/framework/bridge/
iota-docs:build: docs/generated-docs/framework/bridge/_category_.json
iota-docs:build: docs/generated-docs/framework/bridge/committee.mdx
iota-docs:build: docs/generated-docs/framework/bridge/chain_ids.mdx
iota-docs:build: docs/generated-docs/framework/bridge/bridge.mdx
iota-docs:build: docs/generated-docs/framework/bridge/crypto.mdx
iota-docs:build: docs/generated-docs/framework/bridge/limiter.mdx
iota-docs:build: docs/generated-docs/framework/bridge/treasury.mdx
iota-docs:build: docs/generated-docs/framework/bridge/message.mdx
iota-docs:build: docs/generated-docs/framework/bridge/message_types.mdx
iota-docs:build: docs/generated-docs/framework/stardust/
iota-docs:build: docs/generated-docs/framework/stardust/expiration_unlock_condition.mdx
iota-docs:build: docs/generated-docs/framework/stardust/_category_.json
iota-docs:build: docs/generated-docs/framework/stardust/nft_output.mdx
iota-docs:build: docs/generated-docs/framework/stardust/nft.mdx
iota-docs:build: docs/generated-docs/framework/stardust/utilities.mdx
iota-docs:build: docs/generated-docs/framework/stardust/storage_deposit_return_unlock_condition.mdx
iota-docs:build: docs/generated-docs/framework/stardust/alias.mdx
iota-docs:build: docs/generated-docs/framework/stardust/address_unlock_condition.mdx
iota-docs:build: docs/generated-docs/framework/stardust/timelock_unlock_condition.mdx
iota-docs:build: docs/generated-docs/framework/stardust/alias_output.mdx
iota-docs:build: docs/generated-docs/framework/stardust/stardust_upgrade_label.mdx
iota-docs:build: docs/generated-docs/framework/stardust/basic_output.mdx
iota-docs:build: docs/generated-docs/framework/stardust/irc27.mdx
iota-docs:build: docs/generated-docs/ts-sdk/
iota-docs:build: docs/generated-docs/ts-sdk/bcs/
iota-docs:build: docs/generated-docs/ts-sdk/bcs/classes/
iota-docs:build: docs/generated-docs/ts-sdk/bcs/classes/BcsType.md
iota-docs:build: docs/generated-docs/ts-sdk/bcs/classes/TypeTagSerializer.md
iota-docs:build: docs/generated-docs/ts-sdk/bcs/variables/
iota-docs:build: docs/generated-docs/ts-sdk/bcs/variables/bcs.md
iota-docs:build: docs/generated-docs/ts-sdk/bcs/type-aliases/
iota-docs:build: docs/generated-docs/ts-sdk/bcs/type-aliases/TypeTag.md
iota-docs:build: docs/generated-docs/ts-sdk/bcs/interfaces/
iota-docs:build: docs/generated-docs/ts-sdk/bcs/interfaces/BcsTypeOptions.md
iota-docs:build: docs/generated-docs/ts-sdk/bcs/index.md
iota-docs:build: docs/generated-docs/ts-sdk/verify/
iota-docs:build: docs/generated-docs/ts-sdk/verify/functions/
iota-docs:build: docs/generated-docs/ts-sdk/verify/functions/publicKeyFromRawBytes.md
iota-docs:build: docs/generated-docs/ts-sdk/verify/functions/verifyPersonalMessageSignature.md
iota-docs:build: docs/generated-docs/ts-sdk/verify/functions/verifyTransactionSignature.md
iota-docs:build: docs/generated-docs/ts-sdk/verify/functions/verifySignature.md
iota-docs:build: docs/generated-docs/ts-sdk/verify/functions/publicKeyFromIotaBytes.md
iota-docs:build: docs/generated-docs/ts-sdk/verify/index.md
iota-docs:build: docs/generated-docs/ts-sdk/multisig/
iota-docs:build: docs/generated-docs/ts-sdk/multisig/functions/
iota-docs:build: docs/generated-docs/ts-sdk/multisig/functions/parsePartialSignatures.md
iota-docs:build: docs/generated-docs/ts-sdk/multisig/classes/
iota-docs:build: docs/generated-docs/ts-sdk/multisig/classes/MultiSigSigner.md
iota-docs:build: docs/generated-docs/ts-sdk/multisig/classes/MultiSigPublicKey.md
iota-docs:build: docs/generated-docs/ts-sdk/multisig/type-aliases/
iota-docs:build: docs/generated-docs/ts-sdk/multisig/type-aliases/MultiSigStruct.md
iota-docs:build: docs/generated-docs/ts-sdk/multisig/index.md
iota-docs:build: docs/generated-docs/ts-sdk/typedoc-sidebar.cjs
iota-docs:build: docs/generated-docs/ts-sdk/graphql/
iota-docs:build: docs/generated-docs/ts-sdk/graphql/classes/
iota-docs:build: docs/generated-docs/ts-sdk/graphql/classes/IotaGraphQLRequestError.md
iota-docs:build: docs/generated-docs/ts-sdk/graphql/classes/IotaGraphQLClient.md
iota-docs:build: docs/generated-docs/ts-sdk/graphql/type-aliases/
iota-docs:build: docs/generated-docs/ts-sdk/graphql/type-aliases/GraphQLQueryOptions.md
iota-docs:build: docs/generated-docs/ts-sdk/graphql/type-aliases/GraphQLResponseErrors.md
iota-docs:build: docs/generated-docs/ts-sdk/graphql/type-aliases/GraphQLDocument.md
iota-docs:build: docs/generated-docs/ts-sdk/graphql/type-aliases/GraphQLQueryResult.md
iota-docs:build: docs/generated-docs/ts-sdk/graphql/interfaces/
iota-docs:build: docs/generated-docs/ts-sdk/graphql/interfaces/IotaGraphQLClientOptions.md
iota-docs:build: docs/generated-docs/ts-sdk/graphql/index.md
iota-docs:build: docs/generated-docs/ts-sdk/faucet/
iota-docs:build: docs/generated-docs/ts-sdk/faucet/functions/
iota-docs:build: docs/generated-docs/ts-sdk/faucet/functions/getFaucetRequestStatus.md
iota-docs:build: docs/generated-docs/ts-sdk/faucet/functions/requestIotaFromFaucetV1.md
iota-docs:build: docs/generated-docs/ts-sdk/faucet/functions/getFaucetHost.md
iota-docs:build: docs/generated-docs/ts-sdk/faucet/functions/requestIotaFromFaucetV0.md
iota-docs:build: docs/generated-docs/ts-sdk/faucet/classes/
iota-docs:build: docs/generated-docs/ts-sdk/faucet/classes/FaucetRateLimitError.md
iota-docs:build: docs/generated-docs/ts-sdk/faucet/index.md
iota-docs:build: docs/generated-docs/ts-sdk/transactions/
iota-docs:build: docs/generated-docs/ts-sdk/transactions/functions/
iota-docs:build: docs/generated-docs/ts-sdk/transactions/functions/isTransaction.md
iota-docs:build: docs/generated-docs/ts-sdk/transactions/functions/getPureBcsSchema.md
iota-docs:build: docs/generated-docs/ts-sdk/transactions/functions/normalizedTypeToMoveTypeSignature.md
iota-docs:build: docs/generated-docs/ts-sdk/transactions/functions/coinWithBalance.md
iota-docs:build: docs/generated-docs/ts-sdk/transactions/classes/
iota-docs:build: docs/generated-docs/ts-sdk/transactions/classes/SerialTransactionExecutor.md
iota-docs:build: docs/generated-docs/ts-sdk/transactions/classes/ParallelTransactionExecutor.md
iota-docs:build: docs/generated-docs/ts-sdk/transactions/classes/ObjectCache.md
iota-docs:build: docs/generated-docs/ts-sdk/transactions/classes/Transaction.md
iota-docs:build: docs/generated-docs/ts-sdk/transactions/classes/AsyncCache.md
iota-docs:build: docs/generated-docs/ts-sdk/transactions/classes/TransactionDataBuilder.md
iota-docs:build: docs/generated-docs/ts-sdk/transactions/enumerations/
iota-docs:build: docs/generated-docs/ts-sdk/transactions/enumerations/UpgradePolicy.md
iota-docs:build: docs/generated-docs/ts-sdk/transactions/variables/
iota-docs:build: docs/generated-docs/ts-sdk/transactions/variables/SerializedTransactionDataV2.md
iota-docs:build: docs/generated-docs/ts-sdk/transactions/variables/SerializedTransactionDataV1.md
iota-docs:build: docs/generated-docs/ts-sdk/transactions/variables/TransactionData.md
iota-docs:build: docs/generated-docs/ts-sdk/transactions/variables/OpenMoveTypeSignature.md
iota-docs:build: docs/generated-docs/ts-sdk/transactions/variables/Arguments.md
iota-docs:build: docs/generated-docs/ts-sdk/transactions/variables/ObjectRef.md
iota-docs:build: docs/generated-docs/ts-sdk/transactions/variables/OpenMoveTypeSignatureBody.md
iota-docs:build: docs/generated-docs/ts-sdk/transactions/variables/Argument.md
iota-docs:build: docs/generated-docs/ts-sdk/transactions/variables/Command.md
iota-docs:build: docs/generated-docs/ts-sdk/transactions/variables/Inputs.md
iota-docs:build: docs/generated-docs/ts-sdk/transactions/variables/Commands.md
iota-docs:build: docs/generated-docs/ts-sdk/transactions/variables/GasData.md
iota-docs:build: docs/generated-docs/ts-sdk/transactions/type-aliases/
iota-docs:build: docs/generated-docs/ts-sdk/transactions/type-aliases/SerializedTransactionDataV2.md
iota-docs:build: docs/generated-docs/ts-sdk/transactions/type-aliases/SerializedTransactionDataV1.md
iota-docs:build: docs/generated-docs/ts-sdk/transactions/type-aliases/TransactionData.md
iota-docs:build: docs/generated-docs/ts-sdk/transactions/type-aliases/TransactionArgument.md
iota-docs:build: docs/generated-docs/ts-sdk/transactions/type-aliases/OpenMoveTypeSignature.md
iota-docs:build: docs/generated-docs/ts-sdk/transactions/type-aliases/ObjectRef.md
iota-docs:build: docs/generated-docs/ts-sdk/transactions/type-aliases/TransactionResult.md
iota-docs:build: docs/generated-docs/ts-sdk/transactions/type-aliases/OpenMoveTypeSignatureBody.md
iota-docs:build: docs/generated-docs/ts-sdk/transactions/type-aliases/TransactionObjectInput.md
iota-docs:build: docs/generated-docs/ts-sdk/transactions/type-aliases/Argument.md
iota-docs:build: docs/generated-docs/ts-sdk/transactions/type-aliases/Command.md
iota-docs:build: docs/generated-docs/ts-sdk/transactions/type-aliases/CallArg.md
iota-docs:build: docs/generated-docs/ts-sdk/transactions/type-aliases/TransactionPlugin.md
iota-docs:build: docs/generated-docs/ts-sdk/transactions/type-aliases/TransactionObjectArgument.md
iota-docs:build: docs/generated-docs/ts-sdk/transactions/type-aliases/GasData.md
iota-docs:build: docs/generated-docs/ts-sdk/transactions/type-aliases/TransactionInput.md
iota-docs:build: docs/generated-docs/ts-sdk/transactions/interfaces/
iota-docs:build: docs/generated-docs/ts-sdk/transactions/interfaces/SerializeTransactionOptions.md
iota-docs:build: docs/generated-docs/ts-sdk/transactions/interfaces/ParallelTransactionExecutorOptions.md
iota-docs:build: docs/generated-docs/ts-sdk/transactions/interfaces/BuildTransactionOptions.md
iota-docs:build: docs/generated-docs/ts-sdk/transactions/index.md
iota-docs:build: docs/generated-docs/ts-sdk/client/
iota-docs:build: docs/generated-docs/ts-sdk/client/functions/
iota-docs:build: docs/generated-docs/ts-sdk/client/functions/isIotaClient.md
iota-docs:build: docs/generated-docs/ts-sdk/client/functions/getFullnodeUrl.md
iota-docs:build: docs/generated-docs/ts-sdk/client/functions/getNetwork.md
iota-docs:build: docs/generated-docs/ts-sdk/client/functions/getAppsBackend.md
iota-docs:build: docs/generated-docs/ts-sdk/client/functions/getAllNetworks.md
iota-docs:build: docs/generated-docs/ts-sdk/client/functions/getDefaultNetwork.md
iota-docs:build: docs/generated-docs/ts-sdk/client/classes/
iota-docs:build: docs/generated-docs/ts-sdk/client/classes/IotaHTTPStatusError.md
iota-docs:build: docs/generated-docs/ts-sdk/client/classes/JsonRpcError.md
iota-docs:build: docs/generated-docs/ts-sdk/client/classes/IotaHTTPTransport.md
iota-docs:build: docs/generated-docs/ts-sdk/client/classes/IotaHTTPTransportError.md
iota-docs:build: docs/generated-docs/ts-sdk/client/classes/IotaClient.md
iota-docs:build: docs/generated-docs/ts-sdk/client/enumerations/
iota-docs:build: docs/generated-docs/ts-sdk/client/enumerations/Network.md
iota-docs:build: docs/generated-docs/ts-sdk/client/type-aliases/
iota-docs:build: docs/generated-docs/ts-sdk/client/type-aliases/AllEpochsAddressMetrics.md
iota-docs:build: docs/generated-docs/ts-sdk/client/type-aliases/TimelockedStake.md
iota-docs:build: docs/generated-docs/ts-sdk/client/type-aliases/IotaEventFilter.md
iota-docs:build: docs/generated-docs/ts-sdk/client/type-aliases/IotaParsedData.md
iota-docs:build: docs/generated-docs/ts-sdk/client/type-aliases/IotaTransactionBlockBuilderMode.md
iota-docs:build: docs/generated-docs/ts-sdk/client/type-aliases/CheckpointId.md
iota-docs:build: docs/generated-docs/ts-sdk/client/type-aliases/QueryTransactionBlocksParams.md
iota-docs:build: docs/generated-docs/ts-sdk/client/type-aliases/EpochPage.md
iota-docs:build: docs/generated-docs/ts-sdk/client/type-aliases/ObjectOwner.md
iota-docs:build: docs/generated-docs/ts-sdk/client/type-aliases/RawData.md
iota-docs:build: docs/generated-docs/ts-sdk/client/type-aliases/ProgrammableTransaction.md
iota-docs:build: docs/generated-docs/ts-sdk/client/type-aliases/DynamicFieldPage.md
iota-docs:build: docs/generated-docs/ts-sdk/client/type-aliases/ObjectRead.md
iota-docs:build: docs/generated-docs/ts-sdk/client/type-aliases/IotaMoveVisibility.md
iota-docs:build: docs/generated-docs/ts-sdk/client/type-aliases/TransactionFilter.md
iota-docs:build: docs/generated-docs/ts-sdk/client/type-aliases/MoveCallMetric.md
iota-docs:build: docs/generated-docs/ts-sdk/client/type-aliases/ChainType.md
iota-docs:build: docs/generated-docs/ts-sdk/client/type-aliases/ObjectResponseError.md
iota-docs:build: docs/generated-docs/ts-sdk/client/type-aliases/ConsensusDeterminedVersionAssignments.md
iota-docs:build: docs/generated-docs/ts-sdk/client/type-aliases/InputObjectKind.md
iota-docs:build: docs/generated-docs/ts-sdk/client/type-aliases/CoinBalance.md
iota-docs:build: docs/generated-docs/ts-sdk/client/type-aliases/Order.md
iota-docs:build: docs/generated-docs/ts-sdk/client/type-aliases/IotaTransaction.md
iota-docs:build: docs/generated-docs/ts-sdk/client/type-aliases/EpochMetricsPage.md
iota-docs:build: docs/generated-docs/ts-sdk/client/type-aliases/CompressedSignature.md
iota-docs:build: docs/generated-docs/ts-sdk/client/type-aliases/ProtocolConfigValue.md
iota-docs:build: docs/generated-docs/ts-sdk/client/type-aliases/CheckpointPage.md
iota-docs:build: docs/generated-docs/ts-sdk/client/type-aliases/MoveValue.md
iota-docs:build: docs/generated-docs/ts-sdk/client/type-aliases/ExecuteTransactionRequestType.md
iota-docs:build: docs/generated-docs/ts-sdk/client/type-aliases/IotaArgument.md
iota-docs:build: docs/generated-docs/ts-sdk/client/type-aliases/IotaObjectDataFilter.md
iota-docs:build: docs/generated-docs/ts-sdk/client/type-aliases/IotaCallArg.md
iota-docs:build: docs/generated-docs/ts-sdk/client/type-aliases/IotaMoveNormalizedType.md
iota-docs:build: docs/generated-docs/ts-sdk/client/type-aliases/DynamicFieldType.md
iota-docs:build: docs/generated-docs/ts-sdk/client/type-aliases/IotaObjectChange.md
iota-docs:build: docs/generated-docs/ts-sdk/client/type-aliases/ObjectValueKind.md
iota-docs:build: docs/generated-docs/ts-sdk/client/type-aliases/IotaMoveObject.md
iota-docs:build: docs/generated-docs/ts-sdk/client/type-aliases/IotaTransactionBlockKind.md
iota-docs:build: docs/generated-docs/ts-sdk/client/type-aliases/IotaMoveNormalizedModules.md
iota-docs:build: docs/generated-docs/ts-sdk/client/type-aliases/IotaMovePackage.md
iota-docs:build: docs/generated-docs/ts-sdk/client/type-aliases/IotaObjectChangeMutated.md
iota-docs:build: docs/generated-docs/ts-sdk/client/type-aliases/IotaObjectChangeWrapped.md
iota-docs:build: docs/generated-docs/ts-sdk/client/type-aliases/CheckpointCommitment.md
iota-docs:build: docs/generated-docs/ts-sdk/client/type-aliases/IotaEndOfEpochTransactionKind.md
iota-docs:build: docs/generated-docs/ts-sdk/client/type-aliases/IotaObjectChangeDeleted.md
iota-docs:build: docs/generated-docs/ts-sdk/client/type-aliases/GetOwnedObjectsParams.md
iota-docs:build: docs/generated-docs/ts-sdk/client/type-aliases/ExecutionStatus.md
iota-docs:build: docs/generated-docs/ts-sdk/client/type-aliases/IotaClientOptions.md
iota-docs:build: docs/generated-docs/ts-sdk/client/type-aliases/Signature.md
iota-docs:build: docs/generated-docs/ts-sdk/client/type-aliases/Unsubscribe.md
iota-docs:build: docs/generated-docs/ts-sdk/client/type-aliases/PublicKey.md
iota-docs:build: docs/generated-docs/ts-sdk/client/type-aliases/RPCTransactionRequestParams.md
iota-docs:build: docs/generated-docs/ts-sdk/client/type-aliases/IotaObjectChangePublished.md
iota-docs:build: docs/generated-docs/ts-sdk/client/type-aliases/IotaMoveAbility.md
iota-docs:build: docs/generated-docs/ts-sdk/client/type-aliases/IotaMoveFunctionArgType.md
iota-docs:build: docs/generated-docs/ts-sdk/client/type-aliases/MoveStruct.md
iota-docs:build: docs/generated-docs/ts-sdk/client/type-aliases/HttpHeaders.md
iota-docs:build: docs/generated-docs/ts-sdk/client/type-aliases/TransactionEffects.md
iota-docs:build: docs/generated-docs/ts-sdk/client/type-aliases/IotaObjectChangeCreated.md
iota-docs:build: docs/generated-docs/ts-sdk/client/type-aliases/TransactionBlockData.md
iota-docs:build: docs/generated-docs/ts-sdk/client/type-aliases/StakeObject.md
iota-docs:build: docs/generated-docs/ts-sdk/client/type-aliases/NetworkId.md
iota-docs:build: docs/generated-docs/ts-sdk/client/type-aliases/IotaObjectChangeTransferred.md
iota-docs:build: docs/generated-docs/ts-sdk/client/interfaces/
iota-docs:build: docs/generated-docs/ts-sdk/client/interfaces/IotaMoveNormalizedModule.md
iota-docs:build: docs/generated-docs/ts-sdk/client/interfaces/TryMultiGetPastObjectsParams.md
iota-docs:build: docs/generated-docs/ts-sdk/client/interfaces/MoveCallParams.md
iota-docs:build: docs/generated-docs/ts-sdk/client/interfaces/SubscribeEventParams.md
iota-docs:build: docs/generated-docs/ts-sdk/client/interfaces/PaginatedTransactionResponse.md
iota-docs:build: docs/generated-docs/ts-sdk/client/interfaces/SubscribeTransactionParams.md
iota-docs:build: docs/generated-docs/ts-sdk/client/interfaces/UnsafeMergeCoinsParams.md
iota-docs:build: docs/generated-docs/ts-sdk/client/interfaces/GetCoinMetadataParams.md
iota-docs:build: docs/generated-docs/ts-sdk/client/interfaces/PaginatedDynamicFieldInfos.md
iota-docs:build: docs/generated-docs/ts-sdk/client/interfaces/DynamicFieldInfo.md
iota-docs:build: docs/generated-docs/ts-sdk/client/interfaces/PaginatedCheckpoints.md
iota-docs:build: docs/generated-docs/ts-sdk/client/interfaces/UnsafePublishParams.md
iota-docs:build: docs/generated-docs/ts-sdk/client/interfaces/IotaObjectResponseQuery.md
iota-docs:build: docs/generated-docs/ts-sdk/client/interfaces/GetMoveFunctionArgTypesParams.md
iota-docs:build: docs/generated-docs/ts-sdk/client/interfaces/DevInspectArgs.md
iota-docs:build: docs/generated-docs/ts-sdk/client/interfaces/IotaJWK.md
iota-docs:build: docs/generated-docs/ts-sdk/client/interfaces/IotaActiveJwk.md
iota-docs:build: docs/generated-docs/ts-sdk/client/interfaces/ValidatorApy.md
iota-docs:build: docs/generated-docs/ts-sdk/client/interfaces/GetTimelockedStakesParams.md
iota-docs:build: docs/generated-docs/ts-sdk/client/interfaces/IotaTransactionBlock.md
iota-docs:build: docs/generated-docs/ts-sdk/client/interfaces/TypeOrigin.md
iota-docs:build: docs/generated-docs/ts-sdk/client/interfaces/GetAllEpochAddressMetricsParams.md
iota-docs:build: docs/generated-docs/ts-sdk/client/interfaces/GetAllBalancesParams.md
iota-docs:build: docs/generated-docs/ts-sdk/client/interfaces/GetLatestCheckpointSequenceNumberParams.md
iota-docs:build: docs/generated-docs/ts-sdk/client/interfaces/TransactionBlockBytes.md
iota-docs:build: docs/generated-docs/ts-sdk/client/interfaces/CoinSupply.md
iota-docs:build: docs/generated-docs/ts-sdk/client/interfaces/EndOfEpochInfo.md
iota-docs:build: docs/generated-docs/ts-sdk/client/interfaces/QueryEventsParams.md
iota-docs:build: docs/generated-docs/ts-sdk/client/interfaces/MoveCallIotaTransaction.md
iota-docs:build: docs/generated-docs/ts-sdk/client/interfaces/IotaMoveNormalizedFunction.md
iota-docs:build: docs/generated-docs/ts-sdk/client/interfaces/GasCostSummary.md
iota-docs:build: docs/generated-docs/ts-sdk/client/interfaces/UnsafeTransferIotaParams.md
iota-docs:build: docs/generated-docs/ts-sdk/client/interfaces/GetValidatorsApyParams.md
iota-docs:build: docs/generated-docs/ts-sdk/client/interfaces/PaginatedCoins.md
iota-docs:build: docs/generated-docs/ts-sdk/client/interfaces/PaginatedObjectsResponse.md
iota-docs:build: docs/generated-docs/ts-sdk/client/interfaces/GetMoveCallMetricsParams.md
iota-docs:build: docs/generated-docs/ts-sdk/client/interfaces/UnsafeBatchTransactionParams.md
iota-docs:build: docs/generated-docs/ts-sdk/client/interfaces/GetCoinsParams.md
iota-docs:build: docs/generated-docs/ts-sdk/client/interfaces/IotaTransactionBlockResponse.md
iota-docs:build: docs/generated-docs/ts-sdk/client/interfaces/PaginatedEpochMetricss.md
iota-docs:build: docs/generated-docs/ts-sdk/client/interfaces/MultiGetObjectsParams.md
iota-docs:build: docs/generated-docs/ts-sdk/client/interfaces/CommitteeInfo.md
iota-docs:build: docs/generated-docs/ts-sdk/client/interfaces/DynamicFieldName.md
iota-docs:build: docs/generated-docs/ts-sdk/client/interfaces/GetCommitteeInfoParams.md
iota-docs:build: docs/generated-docs/ts-sdk/client/interfaces/MultiGetTransactionBlocksParams.md
iota-docs:build: docs/generated-docs/ts-sdk/client/interfaces/GetNormalizedMoveFunctionParams.md
iota-docs:build: docs/generated-docs/ts-sdk/client/interfaces/ProtocolConfig.md
iota-docs:build: docs/generated-docs/ts-sdk/client/interfaces/UnsafeTransferObjectParams.md
iota-docs:build: docs/generated-docs/ts-sdk/client/interfaces/MultiSig.md
iota-docs:build: docs/generated-docs/ts-sdk/client/interfaces/GetTransactionBlockParams.md
iota-docs:build: docs/generated-docs/ts-sdk/client/interfaces/PasskeyAuthenticator.md
iota-docs:build: docs/generated-docs/ts-sdk/client/interfaces/DevInspectResults.md
iota-docs:build: docs/generated-docs/ts-sdk/client/interfaces/UnsafeMoveCallParams.md
iota-docs:build: docs/generated-docs/ts-sdk/client/interfaces/GetDynamicFieldsParams.md
iota-docs:build: docs/generated-docs/ts-sdk/client/interfaces/GetChainIdentifierParams.md
iota-docs:build: docs/generated-docs/ts-sdk/client/interfaces/IotaHTTPTransportOptions.md
iota-docs:build: docs/generated-docs/ts-sdk/client/interfaces/GetLatestAddressMetricsParams.md
iota-docs:build: docs/generated-docs/ts-sdk/client/interfaces/GetNormalizedMoveStructParams.md
iota-docs:build: docs/generated-docs/ts-sdk/client/interfaces/DevInspectTransactionBlockParams.md
iota-docs:build: docs/generated-docs/ts-sdk/client/interfaces/ECMHLiveObjectSetDigest.md
iota-docs:build: docs/generated-docs/ts-sdk/client/interfaces/IotaMoveStructTypeParameter.md
iota-docs:build: docs/generated-docs/ts-sdk/client/interfaces/ZkLoginProof.md
iota-docs:build: docs/generated-docs/ts-sdk/client/interfaces/IotaTransportSubscribeOptions.md
iota-docs:build: docs/generated-docs/ts-sdk/client/interfaces/GetReferenceGasPriceParams.md
iota-docs:build: docs/generated-docs/ts-sdk/client/interfaces/DelegatedTimelockedStake.md
iota-docs:build: docs/generated-docs/ts-sdk/client/interfaces/IotaObjectData.md
iota-docs:build: docs/generated-docs/ts-sdk/client/interfaces/IotaObjectRef.md
iota-docs:build: docs/generated-docs/ts-sdk/client/interfaces/ExecuteTransactionBlockParams.md
iota-docs:build: docs/generated-docs/ts-sdk/client/interfaces/Claim.md
iota-docs:build: docs/generated-docs/ts-sdk/client/interfaces/GetBalanceParams.md
iota-docs:build: docs/generated-docs/ts-sdk/client/interfaces/UnsafeRequestWithdrawStakeParams.md
iota-docs:build: docs/generated-docs/ts-sdk/client/interfaces/ZkLoginAuthenticator.md
iota-docs:build: docs/generated-docs/ts-sdk/client/interfaces/KioskConfiguration.md
iota-docs:build: docs/generated-docs/ts-sdk/client/interfaces/MoveCallMetrics.md
iota-docs:build: docs/generated-docs/ts-sdk/client/interfaces/DryRunTransactionBlockResponse.md
iota-docs:build: docs/generated-docs/ts-sdk/client/interfaces/IotaSystemStateSummary.md
iota-docs:build: docs/generated-docs/ts-sdk/client/interfaces/GetEpochsParams.md
iota-docs:build: docs/generated-docs/ts-sdk/client/interfaces/AddressMetrics.md
iota-docs:build: docs/generated-docs/ts-sdk/client/interfaces/GetEpochMetricsParams.md
iota-docs:build: docs/generated-docs/ts-sdk/client/interfaces/GetTotalSupplyParams.md
iota-docs:build: docs/generated-docs/ts-sdk/client/interfaces/PaginationArguments.md
iota-docs:build: docs/generated-docs/ts-sdk/client/interfaces/EpochInfo.md
iota-docs:build: docs/generated-docs/ts-sdk/client/interfaces/IotaExecutionResult.md
iota-docs:build: docs/generated-docs/ts-sdk/client/interfaces/GetObjectParams.md
iota-docs:build: docs/generated-docs/ts-sdk/client/interfaces/IotaEvent.md
iota-docs:build: docs/generated-docs/ts-sdk/client/interfaces/GetLatestIotaSystemStateParams.md
iota-docs:build: docs/generated-docs/ts-sdk/client/interfaces/DisplayFieldsResponse.md
iota-docs:build: docs/generated-docs/ts-sdk/client/interfaces/IotaTransportRequestOptions.md
iota-docs:build: docs/generated-docs/ts-sdk/client/interfaces/IotaJwkId.md
iota-docs:build: docs/generated-docs/ts-sdk/client/interfaces/IotaTransactionBlockResponseOptions.md
iota-docs:build: docs/generated-docs/ts-sdk/client/interfaces/GetTotalTransactionBlocksParams.md
iota-docs:build: docs/generated-docs/ts-sdk/client/interfaces/UnsafePayAllIotaParams.md
iota-docs:build: docs/generated-docs/ts-sdk/client/interfaces/IotaValidatorSummary.md
iota-docs:build: docs/generated-docs/ts-sdk/client/interfaces/IotaTransactionBlockResponseQuery.md
iota-docs:build: docs/generated-docs/ts-sdk/client/interfaces/PaginatedEpochInfos.md
iota-docs:build: docs/generated-docs/ts-sdk/client/interfaces/NetworkConfiguration.md
iota-docs:build: docs/generated-docs/ts-sdk/client/interfaces/MoveVariant.md
iota-docs:build: docs/generated-docs/ts-sdk/client/interfaces/DryRunTransactionBlockParams.md
iota-docs:build: docs/generated-docs/ts-sdk/client/interfaces/UnsafePayParams.md
iota-docs:build: docs/generated-docs/ts-sdk/client/interfaces/EndOfEpochData.md
iota-docs:build: docs/generated-docs/ts-sdk/client/interfaces/TransactionBlockEffectsModifiedAtVersions.md
iota-docs:build: docs/generated-docs/ts-sdk/client/interfaces/BalanceChange.md
iota-docs:build: docs/generated-docs/ts-sdk/client/interfaces/GetDynamicFieldObjectParams.md
iota-docs:build: docs/generated-docs/ts-sdk/client/interfaces/NetworkMetrics.md
iota-docs:build: docs/generated-docs/ts-sdk/client/interfaces/OrderArguments.md
iota-docs:build: docs/generated-docs/ts-sdk/client/interfaces/IotaObjectDataOptions.md
iota-docs:build: docs/generated-docs/ts-sdk/client/interfaces/IotaTransport.md
iota-docs:build: docs/generated-docs/ts-sdk/client/interfaces/IotaObjectResponse.md
iota-docs:build: docs/generated-docs/ts-sdk/client/interfaces/GetStakesParams.md
iota-docs:build: docs/generated-docs/ts-sdk/client/interfaces/IotaMoveAbilitySet.md
iota-docs:build: docs/generated-docs/ts-sdk/client/interfaces/MoveFunctionName.md
iota-docs:build: docs/generated-docs/ts-sdk/client/interfaces/IotaGasData.md
iota-docs:build: docs/generated-docs/ts-sdk/client/interfaces/GetPastObjectRequest.md
iota-docs:build: docs/generated-docs/ts-sdk/client/interfaces/GetCheckpointAddressMetricsParams.md
iota-docs:build: docs/generated-docs/ts-sdk/client/interfaces/GetProtocolConfigParams.md
iota-docs:build: docs/generated-docs/ts-sdk/client/interfaces/UnsafeSplitCoinParams.md
iota-docs:build: docs/generated-docs/ts-sdk/client/interfaces/CoinStruct.md
iota-docs:build: docs/generated-docs/ts-sdk/client/interfaces/OwnedObjectRef.md
iota-docs:build: docs/generated-docs/ts-sdk/client/interfaces/GetEventsParams.md
iota-docs:build: docs/generated-docs/ts-sdk/client/interfaces/ZkLoginInputs.md
iota-docs:build: docs/generated-docs/ts-sdk/client/interfaces/GetStakesByIdsParams.md
iota-docs:build: docs/generated-docs/ts-sdk/client/interfaces/MultiSigPublicKey.md
iota-docs:build: docs/generated-docs/ts-sdk/client/interfaces/IotaChangeEpoch.md
iota-docs:build: docs/generated-docs/ts-sdk/client/interfaces/DelegatedStake.md
iota-docs:build: docs/generated-docs/ts-sdk/client/interfaces/GetCheckpointParams.md
iota-docs:build: docs/generated-docs/ts-sdk/client/interfaces/ValidatorsApy.md
iota-docs:build: docs/generated-docs/ts-sdk/client/interfaces/UnsafeRequestWithdrawTimelockedStakeParams.md
iota-docs:build: docs/generated-docs/ts-sdk/client/interfaces/GetCheckpointsParams.md
iota-docs:build: docs/generated-docs/ts-sdk/client/interfaces/GetNetworkMetricsParams.md
iota-docs:build: docs/generated-docs/ts-sdk/client/interfaces/TransferObjectParams.md
iota-docs:build: docs/generated-docs/ts-sdk/client/interfaces/UnsafeRequestAddTimelockedStakeParams.md
iota-docs:build: docs/generated-docs/ts-sdk/client/interfaces/UpgradeInfo.md
iota-docs:build: docs/generated-docs/ts-sdk/client/interfaces/Balance.md
iota-docs:build: docs/generated-docs/ts-sdk/client/interfaces/GetNormalizedMoveModuleParams.md
iota-docs:build: docs/generated-docs/ts-sdk/client/interfaces/GetTimelockedStakesByIdsParams.md
iota-docs:build: docs/generated-docs/ts-sdk/client/interfaces/UnsafeRequestAddStakeParams.md
iota-docs:build: docs/generated-docs/ts-sdk/client/interfaces/GetAllCoinsParams.md
iota-docs:build: docs/generated-docs/ts-sdk/client/interfaces/EpochMetrics.md
iota-docs:build: docs/generated-docs/ts-sdk/client/interfaces/GetNormalizedMoveModulesByPackageParams.md
iota-docs:build: docs/generated-docs/ts-sdk/client/interfaces/CoinMetadata.md
iota-docs:build: docs/generated-docs/ts-sdk/client/interfaces/EventId.md
iota-docs:build: docs/generated-docs/ts-sdk/client/interfaces/Checkpoint.md
iota-docs:build: docs/generated-docs/ts-sdk/client/interfaces/PaginatedEvents.md
iota-docs:build: docs/generated-docs/ts-sdk/client/interfaces/IotaMoveNormalizedField.md
iota-docs:build: docs/generated-docs/ts-sdk/client/interfaces/GetCurrentEpochParams.md
iota-docs:build: docs/generated-docs/ts-sdk/client/interfaces/UnsafeSplitCoinEqualParams.md
iota-docs:build: docs/generated-docs/ts-sdk/client/interfaces/IotaAuthenticatorStateExpire.md
iota-docs:build: docs/generated-docs/ts-sdk/client/interfaces/UnsafePayIotaParams.md
iota-docs:build: docs/generated-docs/ts-sdk/client/interfaces/TryGetPastObjectParams.md
iota-docs:build: docs/generated-docs/ts-sdk/client/interfaces/IotaMoveNormalizedStruct.md
iota-docs:build: docs/generated-docs/ts-sdk/client/interfaces/GetTotalTransactionsParams.md
iota-docs:build: docs/generated-docs/ts-sdk/client/interfaces/IotaMoveModuleId.md
iota-docs:build: docs/generated-docs/ts-sdk/client/index.md
iota-docs:build: docs/generated-docs/ts-sdk/keypairs/
iota-docs:build: docs/generated-docs/ts-sdk/keypairs/secp256r1/
iota-docs:build: docs/generated-docs/ts-sdk/keypairs/secp256r1/classes/
iota-docs:build: docs/generated-docs/ts-sdk/keypairs/secp256r1/classes/Secp256r1Keypair.md
iota-docs:build: docs/generated-docs/ts-sdk/keypairs/secp256r1/classes/Secp256r1PublicKey.md
iota-docs:build: docs/generated-docs/ts-sdk/keypairs/secp256r1/variables/
iota-docs:build: docs/generated-docs/ts-sdk/keypairs/secp256r1/variables/DEFAULT_SECP256R1_DERIVATION_PATH.md
iota-docs:build: docs/generated-docs/ts-sdk/keypairs/secp256r1/interfaces/
iota-docs:build: docs/generated-docs/ts-sdk/keypairs/secp256r1/interfaces/Secp256r1KeypairData.md
iota-docs:build: docs/generated-docs/ts-sdk/keypairs/secp256r1/index.md
iota-docs:build: docs/generated-docs/ts-sdk/keypairs/ed25519/
iota-docs:build: docs/generated-docs/ts-sdk/keypairs/ed25519/classes/
iota-docs:build: docs/generated-docs/ts-sdk/keypairs/ed25519/classes/Ed25519Keypair.md
iota-docs:build: docs/generated-docs/ts-sdk/keypairs/ed25519/classes/Ed25519PublicKey.md
iota-docs:build: docs/generated-docs/ts-sdk/keypairs/ed25519/variables/
iota-docs:build: docs/generated-docs/ts-sdk/keypairs/ed25519/variables/DEFAULT_ED25519_DERIVATION_PATH.md
iota-docs:build: docs/generated-docs/ts-sdk/keypairs/ed25519/interfaces/
iota-docs:build: docs/generated-docs/ts-sdk/keypairs/ed25519/interfaces/Ed25519KeypairData.md
iota-docs:build: docs/generated-docs/ts-sdk/keypairs/ed25519/index.md
iota-docs:build: docs/generated-docs/ts-sdk/keypairs/secp256k1/
iota-docs:build: docs/generated-docs/ts-sdk/keypairs/secp256k1/classes/
iota-docs:build: docs/generated-docs/ts-sdk/keypairs/secp256k1/classes/Secp256k1Keypair.md
iota-docs:build: docs/generated-docs/ts-sdk/keypairs/secp256k1/classes/Secp256k1PublicKey.md
iota-docs:build: docs/generated-docs/ts-sdk/keypairs/secp256k1/variables/
iota-docs:build: docs/generated-docs/ts-sdk/keypairs/secp256k1/variables/DEFAULT_SECP256K1_DERIVATION_PATH.md
iota-docs:build: docs/generated-docs/ts-sdk/keypairs/secp256k1/interfaces/
iota-docs:build: docs/generated-docs/ts-sdk/keypairs/secp256k1/interfaces/Secp256k1KeypairData.md
iota-docs:build: docs/generated-docs/ts-sdk/keypairs/secp256k1/index.md
iota-docs:build: docs/generated-docs/ts-sdk/index.md
iota-docs:build: docs/generated-docs/ts-sdk/utils/
iota-docs:build: docs/generated-docs/ts-sdk/utils/functions/
iota-docs:build: docs/generated-docs/ts-sdk/utils/functions/isValidIotaAddress.md
iota-docs:build: docs/generated-docs/ts-sdk/utils/functions/toB64.md
iota-docs:build: docs/generated-docs/ts-sdk/utils/functions/isValidIotaObjectId.md
iota-docs:build: docs/generated-docs/ts-sdk/utils/functions/fromB64.md
iota-docs:build: docs/generated-docs/ts-sdk/utils/functions/parseStructTag.md
iota-docs:build: docs/generated-docs/ts-sdk/utils/functions/formatType.md
iota-docs:build: docs/generated-docs/ts-sdk/utils/functions/normalizeIotaAddress.md
iota-docs:build: docs/generated-docs/ts-sdk/utils/functions/toHEX.md
iota-docs:build: docs/generated-docs/ts-sdk/utils/functions/normalizeIotaObjectId.md
iota-docs:build: docs/generated-docs/ts-sdk/utils/functions/isValidTransactionDigest.md
iota-docs:build: docs/generated-docs/ts-sdk/utils/functions/normalizeStructTag.md
iota-docs:build: docs/generated-docs/ts-sdk/utils/functions/formatAddress.md
iota-docs:build: docs/generated-docs/ts-sdk/utils/functions/formatDigest.md
iota-docs:build: docs/generated-docs/ts-sdk/utils/functions/fromHEX.md
iota-docs:build: docs/generated-docs/ts-sdk/utils/variables/
iota-docs:build: docs/generated-docs/ts-sdk/utils/variables/IOTA_TYPE_ARG.md
iota-docs:build: docs/generated-docs/ts-sdk/utils/variables/MOVE_STDLIB_ADDRESS.md
iota-docs:build: docs/generated-docs/ts-sdk/utils/variables/IOTA_DECIMALS.md
iota-docs:build: docs/generated-docs/ts-sdk/utils/variables/IOTA_FRAMEWORK_ADDRESS.md
iota-docs:build: docs/generated-docs/ts-sdk/utils/variables/NANOS_PER_IOTA.md
iota-docs:build: docs/generated-docs/ts-sdk/utils/variables/IOTA_ADDRESS_LENGTH.md
iota-docs:build: docs/generated-docs/ts-sdk/utils/variables/IOTA_SYSTEM_ADDRESS.md
iota-docs:build: docs/generated-docs/ts-sdk/utils/variables/IOTA_SYSTEM_MODULE_NAME.md
iota-docs:build: docs/generated-docs/ts-sdk/utils/variables/IOTA_CLOCK_OBJECT_ID.md
iota-docs:build: docs/generated-docs/ts-sdk/utils/variables/IOTA_SYSTEM_STATE_OBJECT_ID.md
iota-docs:build: docs/generated-docs/ts-sdk/utils/index.md
iota-docs:build: docs/generated-docs/ts-sdk/cryptography/
iota-docs:build: docs/generated-docs/ts-sdk/cryptography/functions/
iota-docs:build: docs/generated-docs/ts-sdk/cryptography/functions/mnemonicToSeedHex.md
iota-docs:build: docs/generated-docs/ts-sdk/cryptography/functions/mnemonicToSeed.md
iota-docs:build: docs/generated-docs/ts-sdk/cryptography/functions/isValidHardenedPath.md
iota-docs:build: docs/generated-docs/ts-sdk/cryptography/functions/isValidBIP32Path.md
iota-docs:build: docs/generated-docs/ts-sdk/cryptography/functions/messageWithIntent.md
iota-docs:build: docs/generated-docs/ts-sdk/cryptography/functions/toSerializedSignature.md
iota-docs:build: docs/generated-docs/ts-sdk/cryptography/functions/encodeIotaPrivateKey.md
iota-docs:build: docs/generated-docs/ts-sdk/cryptography/functions/decodeIotaPrivateKey.md
iota-docs:build: docs/generated-docs/ts-sdk/cryptography/functions/parseSerializedSignature.md
iota-docs:build: docs/generated-docs/ts-sdk/cryptography/classes/
iota-docs:build: docs/generated-docs/ts-sdk/cryptography/classes/Signer.md
iota-docs:build: docs/generated-docs/ts-sdk/cryptography/classes/Keypair.md
iota-docs:build: docs/generated-docs/ts-sdk/cryptography/classes/PublicKey.md
iota-docs:build: docs/generated-docs/ts-sdk/cryptography/variables/
iota-docs:build: docs/generated-docs/ts-sdk/cryptography/variables/SIGNATURE_SCHEME_TO_SIZE.md
iota-docs:build: docs/generated-docs/ts-sdk/cryptography/variables/LEGACY_PRIVATE_KEY_SIZE.md
iota-docs:build: docs/generated-docs/ts-sdk/cryptography/variables/SIGNATURE_FLAG_TO_SCHEME.md
iota-docs:build: docs/generated-docs/ts-sdk/cryptography/variables/PRIVATE_KEY_SIZE.md
iota-docs:build: docs/generated-docs/ts-sdk/cryptography/variables/SIGNATURE_SCHEME_TO_FLAG.md
iota-docs:build: docs/generated-docs/ts-sdk/cryptography/variables/IOTA_PRIVATE_KEY_PREFIX.md
iota-docs:build: docs/generated-docs/ts-sdk/cryptography/type-aliases/
iota-docs:build: docs/generated-docs/ts-sdk/cryptography/type-aliases/IntentScope.md
iota-docs:build: docs/generated-docs/ts-sdk/cryptography/type-aliases/SignatureScheme.md
iota-docs:build: docs/generated-docs/ts-sdk/cryptography/type-aliases/SerializeSignatureInput.md
iota-docs:build: docs/generated-docs/ts-sdk/cryptography/type-aliases/ParsedKeypair.md
iota-docs:build: docs/generated-docs/ts-sdk/cryptography/type-aliases/SignatureFlag.md
iota-docs:build: docs/generated-docs/ts-sdk/cryptography/interfaces/
iota-docs:build: docs/generated-docs/ts-sdk/cryptography/interfaces/SignatureWithBytes.md
iota-docs:build: docs/generated-docs/ts-sdk/cryptography/index.md
iota-docs:build: 'docs/generated-docs/framework/bridge' -> '../../content/references/framework/bridge'
iota-docs:build: 'docs/generated-docs/framework/bridge/_category_.json' -> '../../content/references/framework/bridge/_category_.json'
iota-docs:build: 'docs/generated-docs/framework/bridge/committee.mdx' -> '../../content/references/framework/bridge/committee.mdx'
iota-docs:build: 'docs/generated-docs/framework/bridge/chain_ids.mdx' -> '../../content/references/framework/bridge/chain_ids.mdx'
iota-docs:build: 'docs/generated-docs/framework/bridge/bridge.mdx' -> '../../content/references/framework/bridge/bridge.mdx'
iota-docs:build: 'docs/generated-docs/framework/bridge/crypto.mdx' -> '../../content/references/framework/bridge/crypto.mdx'
iota-docs:build: 'docs/generated-docs/framework/bridge/limiter.mdx' -> '../../content/references/framework/bridge/limiter.mdx'
iota-docs:build: 'docs/generated-docs/framework/bridge/treasury.mdx' -> '../../content/references/framework/bridge/treasury.mdx'
iota-docs:build: 'docs/generated-docs/framework/bridge/message.mdx' -> '../../content/references/framework/bridge/message.mdx'
iota-docs:build: 'docs/generated-docs/framework/bridge/message_types.mdx' -> '../../content/references/framework/bridge/message_types.mdx'
iota-docs:build: 'docs/generated-docs/framework/iota-framework' -> '../../content/references/framework/iota-framework'
iota-docs:build: 'docs/generated-docs/framework/iota-framework/bcs.mdx' -> '../../content/references/framework/iota-framework/bcs.mdx'
iota-docs:build: 'docs/generated-docs/framework/iota-framework/hash.mdx' -> '../../content/references/framework/iota-framework/hash.mdx'
iota-docs:build: 'docs/generated-docs/framework/iota-framework/bag.mdx' -> '../../content/references/framework/iota-framework/bag.mdx'
iota-docs:build: 'docs/generated-docs/framework/iota-framework/dynamic_object_field.mdx' -> '../../content/references/framework/iota-framework/dynamic_object_field.mdx'
iota-docs:build: 'docs/generated-docs/framework/iota-framework/group_ops.mdx' -> '../../content/references/framework/iota-framework/group_ops.mdx'
iota-docs:build: 'docs/generated-docs/framework/iota-framework/coin_manager.mdx' -> '../../content/references/framework/iota-framework/coin_manager.mdx'
iota-docs:build: 'docs/generated-docs/framework/iota-framework/timelock.mdx' -> '../../content/references/framework/iota-framework/timelock.mdx'
iota-docs:build: 'docs/generated-docs/framework/iota-framework/balance.mdx' -> '../../content/references/framework/iota-framework/balance.mdx'
iota-docs:build: 'docs/generated-docs/framework/iota-framework/ecvrf.mdx' -> '../../content/references/framework/iota-framework/ecvrf.mdx'
iota-docs:build: 'docs/generated-docs/framework/iota-framework/_category_.json' -> '../../content/references/framework/iota-framework/_category_.json'
iota-docs:build: 'docs/generated-docs/framework/iota-framework/vec_set.mdx' -> '../../content/references/framework/iota-framework/vec_set.mdx'
iota-docs:build: 'docs/generated-docs/framework/iota-framework/object_table.mdx' -> '../../content/references/framework/iota-framework/object_table.mdx'
iota-docs:build: 'docs/generated-docs/framework/iota-framework/types.mdx' -> '../../content/references/framework/iota-framework/types.mdx'
iota-docs:build: 'docs/generated-docs/framework/iota-framework/kiosk_extension.mdx' -> '../../content/references/framework/iota-framework/kiosk_extension.mdx'
iota-docs:build: 'docs/generated-docs/framework/iota-framework/random.mdx' -> '../../content/references/framework/iota-framework/random.mdx'
iota-docs:build: 'docs/generated-docs/framework/iota-framework/labeler.mdx' -> '../../content/references/framework/iota-framework/labeler.mdx'
iota-docs:build: 'docs/generated-docs/framework/iota-framework/linked_table.mdx' -> '../../content/references/framework/iota-framework/linked_table.mdx'
iota-docs:build: 'docs/generated-docs/framework/iota-framework/package.mdx' -> '../../content/references/framework/iota-framework/package.mdx'
iota-docs:build: 'docs/generated-docs/framework/iota-framework/kiosk.mdx' -> '../../content/references/framework/iota-framework/kiosk.mdx'
iota-docs:build: 'docs/generated-docs/framework/iota-framework/display.mdx' -> '../../content/references/framework/iota-framework/display.mdx'
iota-docs:build: 'docs/generated-docs/framework/iota-framework/vec_map.mdx' -> '../../content/references/framework/iota-framework/vec_map.mdx'
iota-docs:build: 'docs/generated-docs/framework/iota-framework/transfer_policy.mdx' -> '../../content/references/framework/iota-framework/transfer_policy.mdx'
iota-docs:build: 'docs/generated-docs/framework/iota-framework/zklogin_verified_id.mdx' -> '../../content/references/framework/iota-framework/zklogin_verified_id.mdx'
iota-docs:build: 'docs/generated-docs/framework/iota-framework/deny_list.mdx' -> '../../content/references/framework/iota-framework/deny_list.mdx'
iota-docs:build: 'docs/generated-docs/framework/iota-framework/tx_context.mdx' -> '../../content/references/framework/iota-framework/tx_context.mdx'
iota-docs:build: 'docs/generated-docs/framework/iota-framework/ed25519.mdx' -> '../../content/references/framework/iota-framework/ed25519.mdx'
iota-docs:build: 'docs/generated-docs/framework/iota-framework/ecdsa_r1.mdx' -> '../../content/references/framework/iota-framework/ecdsa_r1.mdx'
iota-docs:build: 'docs/generated-docs/framework/iota-framework/ecdsa_k1.mdx' -> '../../content/references/framework/iota-framework/ecdsa_k1.mdx'
iota-docs:build: 'docs/generated-docs/framework/iota-framework/hmac.mdx' -> '../../content/references/framework/iota-framework/hmac.mdx'
iota-docs:build: 'docs/generated-docs/framework/iota-framework/coin.mdx' -> '../../content/references/framework/iota-framework/coin.mdx'
iota-docs:build: 'docs/generated-docs/framework/iota-framework/vdf.mdx' -> '../../content/references/framework/iota-framework/vdf.mdx'
iota-docs:build: 'docs/generated-docs/framework/iota-framework/clock.mdx' -> '../../content/references/framework/iota-framework/clock.mdx'
iota-docs:build: 'docs/generated-docs/framework/iota-framework/system_admin_cap.mdx' -> '../../content/references/framework/iota-framework/system_admin_cap.mdx'
iota-docs:build: 'docs/generated-docs/framework/iota-framework/table.mdx' -> '../../content/references/framework/iota-framework/table.mdx'
iota-docs:build: 'docs/generated-docs/framework/iota-framework/table_vec.mdx' -> '../../content/references/framework/iota-framework/table_vec.mdx'
iota-docs:build: 'docs/generated-docs/framework/iota-framework/url.mdx' -> '../../content/references/framework/iota-framework/url.mdx'
iota-docs:build: 'docs/generated-docs/framework/iota-framework/dynamic_field.mdx' -> '../../content/references/framework/iota-framework/dynamic_field.mdx'
iota-docs:build: 'docs/generated-docs/framework/iota-framework/token.mdx' -> '../../content/references/framework/iota-framework/token.mdx'
iota-docs:build: 'docs/generated-docs/framework/iota-framework/hex.mdx' -> '../../content/references/framework/iota-framework/hex.mdx'
iota-docs:build: 'docs/generated-docs/framework/iota-framework/groth16.mdx' -> '../../content/references/framework/iota-framework/groth16.mdx'
iota-docs:build: 'docs/generated-docs/framework/iota-framework/address.mdx' -> '../../content/references/framework/iota-framework/address.mdx'
iota-docs:build: 'docs/generated-docs/framework/iota-framework/zklogin_verified_issuer.mdx' -> '../../content/references/framework/iota-framework/zklogin_verified_issuer.mdx'
iota-docs:build: 'docs/generated-docs/framework/iota-framework/event.mdx' -> '../../content/references/framework/iota-framework/event.mdx'
iota-docs:build: 'docs/generated-docs/framework/iota-framework/prover.mdx' -> '../../content/references/framework/iota-framework/prover.mdx'
iota-docs:build: 'docs/generated-docs/framework/iota-framework/poseidon.mdx' -> '../../content/references/framework/iota-framework/poseidon.mdx'
iota-docs:build: 'docs/generated-docs/framework/iota-framework/config.mdx' -> '../../content/references/framework/iota-framework/config.mdx'
iota-docs:build: 'docs/generated-docs/framework/iota-framework/authenticator_state.mdx' -> '../../content/references/framework/iota-framework/authenticator_state.mdx'
iota-docs:build: 'docs/generated-docs/framework/iota-framework/borrow.mdx' -> '../../content/references/framework/iota-framework/borrow.mdx'
iota-docs:build: 'docs/generated-docs/framework/iota-framework/bls12381.mdx' -> '../../content/references/framework/iota-framework/bls12381.mdx'
iota-docs:build: 'docs/generated-docs/framework/iota-framework/object_bag.mdx' -> '../../content/references/framework/iota-framework/object_bag.mdx'
iota-docs:build: 'docs/generated-docs/framework/iota-framework/transfer.mdx' -> '../../content/references/framework/iota-framework/transfer.mdx'
iota-docs:build: 'docs/generated-docs/framework/iota-framework/versioned.mdx' -> '../../content/references/framework/iota-framework/versioned.mdx'
iota-docs:build: 'docs/generated-docs/framework/iota-framework/object.mdx' -> '../../content/references/framework/iota-framework/object.mdx'
iota-docs:build: 'docs/generated-docs/framework/iota-framework/priority_queue.mdx' -> '../../content/references/framework/iota-framework/priority_queue.mdx'
iota-docs:build: 'docs/generated-docs/framework/iota-framework/iota.mdx' -> '../../content/references/framework/iota-framework/iota.mdx'
iota-docs:build: 'docs/generated-docs/framework/iota-framework/pay.mdx' -> '../../content/references/framework/iota-framework/pay.mdx'
iota-docs:build: 'docs/generated-docs/framework/iota-system' -> '../../content/references/framework/iota-system'
iota-docs:build: 'docs/generated-docs/framework/iota-system/validator_cap.mdx' -> '../../content/references/framework/iota-system/validator_cap.mdx'
iota-docs:build: 'docs/generated-docs/framework/iota-system/validator_wrapper.mdx' -> '../../content/references/framework/iota-system/validator_wrapper.mdx'
iota-docs:build: 'docs/generated-docs/framework/iota-system/_category_.json' -> '../../content/references/framework/iota-system/_category_.json'
iota-docs:build: 'docs/generated-docs/framework/iota-system/storage_fund.mdx' -> '../../content/references/framework/iota-system/storage_fund.mdx'
iota-docs:build: 'docs/generated-docs/framework/iota-system/genesis.mdx' -> '../../content/references/framework/iota-system/genesis.mdx'
iota-docs:build: 'docs/generated-docs/framework/iota-system/validator.mdx' -> '../../content/references/framework/iota-system/validator.mdx'
iota-docs:build: 'docs/generated-docs/framework/iota-system/timelocked_staking.mdx' -> '../../content/references/framework/iota-system/timelocked_staking.mdx'
iota-docs:build: 'docs/generated-docs/framework/iota-system/validator_set.mdx' -> '../../content/references/framework/iota-system/validator_set.mdx'
iota-docs:build: 'docs/generated-docs/framework/iota-system/voting_power.mdx' -> '../../content/references/framework/iota-system/voting_power.mdx'
iota-docs:build: 'docs/generated-docs/framework/iota-system/iota_system_state_inner.mdx' -> '../../content/references/framework/iota-system/iota_system_state_inner.mdx'
iota-docs:build: 'docs/generated-docs/framework/iota-system/staking_pool.mdx' -> '../../content/references/framework/iota-system/staking_pool.mdx'
iota-docs:build: 'docs/generated-docs/framework/iota-system/iota_system.mdx' -> '../../content/references/framework/iota-system/iota_system.mdx'
iota-docs:build: 'docs/generated-docs/framework/move-stdlib' -> '../../content/references/framework/move-stdlib'
iota-docs:build: 'docs/generated-docs/framework/move-stdlib/bcs.mdx' -> '../../content/references/framework/move-stdlib/bcs.mdx'
iota-docs:build: 'docs/generated-docs/framework/move-stdlib/hash.mdx' -> '../../content/references/framework/move-stdlib/hash.mdx'
iota-docs:build: 'docs/generated-docs/framework/move-stdlib/type_name.mdx' -> '../../content/references/framework/move-stdlib/type_name.mdx'
iota-docs:build: 'docs/generated-docs/framework/move-stdlib/fixed_point32.mdx' -> '../../content/references/framework/move-stdlib/fixed_point32.mdx'
iota-docs:build: 'docs/generated-docs/framework/move-stdlib/ascii.mdx' -> '../../content/references/framework/move-stdlib/ascii.mdx'
iota-docs:build: 'docs/generated-docs/framework/move-stdlib/_category_.json' -> '../../content/references/framework/move-stdlib/_category_.json'
iota-docs:build: 'docs/generated-docs/framework/move-stdlib/macros.mdx' -> '../../content/references/framework/move-stdlib/macros.mdx'
iota-docs:build: 'docs/generated-docs/framework/move-stdlib/u64.mdx' -> '../../content/references/framework/move-stdlib/u64.mdx'
iota-docs:build: 'docs/generated-docs/framework/move-stdlib/u16.mdx' -> '../../content/references/framework/move-stdlib/u16.mdx'
iota-docs:build: 'docs/generated-docs/framework/move-stdlib/u32.mdx' -> '../../content/references/framework/move-stdlib/u32.mdx'
iota-docs:build: 'docs/generated-docs/framework/move-stdlib/vector.mdx' -> '../../content/references/framework/move-stdlib/vector.mdx'
iota-docs:build: 'docs/generated-docs/framework/move-stdlib/u256.mdx' -> '../../content/references/framework/move-stdlib/u256.mdx'
iota-docs:build: 'docs/generated-docs/framework/move-stdlib/u8.mdx' -> '../../content/references/framework/move-stdlib/u8.mdx'
iota-docs:build: 'docs/generated-docs/framework/move-stdlib/u128.mdx' -> '../../content/references/framework/move-stdlib/u128.mdx'
iota-docs:build: 'docs/generated-docs/framework/move-stdlib/option.mdx' -> '../../content/references/framework/move-stdlib/option.mdx'
iota-docs:build: 'docs/generated-docs/framework/move-stdlib/bit_vector.mdx' -> '../../content/references/framework/move-stdlib/bit_vector.mdx'
iota-docs:build: 'docs/generated-docs/framework/move-stdlib/debug.mdx' -> '../../content/references/framework/move-stdlib/debug.mdx'
iota-docs:build: 'docs/generated-docs/framework/move-stdlib/string.mdx' -> '../../content/references/framework/move-stdlib/string.mdx'
iota-docs:build: 'docs/generated-docs/framework/move-stdlib/address.mdx' -> '../../content/references/framework/move-stdlib/address.mdx'
iota-docs:build: 'docs/generated-docs/framework/stardust' -> '../../content/references/framework/stardust'
iota-docs:build: 'docs/generated-docs/framework/stardust/expiration_unlock_condition.mdx' -> '../../content/references/framework/stardust/expiration_unlock_condition.mdx'
iota-docs:build: 'docs/generated-docs/framework/stardust/_category_.json' -> '../../content/references/framework/stardust/_category_.json'
iota-docs:build: 'docs/generated-docs/framework/stardust/nft_output.mdx' -> '../../content/references/framework/stardust/nft_output.mdx'
iota-docs:build: 'docs/generated-docs/framework/stardust/nft.mdx' -> '../../content/references/framework/stardust/nft.mdx'
iota-docs:build: 'docs/generated-docs/framework/stardust/utilities.mdx' -> '../../content/references/framework/stardust/utilities.mdx'
iota-docs:build: 'docs/generated-docs/framework/stardust/storage_deposit_return_unlock_condition.mdx' -> '../../content/references/framework/stardust/storage_deposit_return_unlock_condition.mdx'
iota-docs:build: 'docs/generated-docs/framework/stardust/alias.mdx' -> '../../content/references/framework/stardust/alias.mdx'
iota-docs:build: 'docs/generated-docs/framework/stardust/address_unlock_condition.mdx' -> '../../content/references/framework/stardust/address_unlock_condition.mdx'
iota-docs:build: 'docs/generated-docs/framework/stardust/timelock_unlock_condition.mdx' -> '../../content/references/framework/stardust/timelock_unlock_condition.mdx'
iota-docs:build: 'docs/generated-docs/framework/stardust/alias_output.mdx' -> '../../content/references/framework/stardust/alias_output.mdx'
iota-docs:build: 'docs/generated-docs/framework/stardust/stardust_upgrade_label.mdx' -> '../../content/references/framework/stardust/stardust_upgrade_label.mdx'
iota-docs:build: 'docs/generated-docs/framework/stardust/basic_output.mdx' -> '../../content/references/framework/stardust/basic_output.mdx'
iota-docs:build: 'docs/generated-docs/framework/stardust/irc27.mdx' -> '../../content/references/framework/stardust/irc27.mdx'
iota-docs:build: 'docs/generated-docs/ts-sdk/bcs/classes/BcsType.md' -> '../../content/ts-sdk/api/bcs/classes/BcsType.md'
iota-docs:build: 'docs/generated-docs/ts-sdk/bcs/classes/TypeTagSerializer.md' -> '../../content/ts-sdk/api/bcs/classes/TypeTagSerializer.md'
iota-docs:build: 'docs/generated-docs/ts-sdk/bcs/variables/bcs.md' -> '../../content/ts-sdk/api/bcs/variables/bcs.md'
iota-docs:build: 'docs/generated-docs/ts-sdk/bcs/type-aliases/TypeTag.md' -> '../../content/ts-sdk/api/bcs/type-aliases/TypeTag.md'
iota-docs:build: 'docs/generated-docs/ts-sdk/bcs/interfaces/BcsTypeOptions.md' -> '../../content/ts-sdk/api/bcs/interfaces/BcsTypeOptions.md'
iota-docs:build: 'docs/generated-docs/ts-sdk/bcs/index.md' -> '../../content/ts-sdk/api/bcs/index.md'
iota-docs:build: 'docs/generated-docs/ts-sdk/client/functions/isIotaClient.md' -> '../../content/ts-sdk/api/client/functions/isIotaClient.md'
iota-docs:build: 'docs/generated-docs/ts-sdk/client/functions/getFullnodeUrl.md' -> '../../content/ts-sdk/api/client/functions/getFullnodeUrl.md'
iota-docs:build: 'docs/generated-docs/ts-sdk/client/functions/getNetwork.md' -> '../../content/ts-sdk/api/client/functions/getNetwork.md'
iota-docs:build: 'docs/generated-docs/ts-sdk/client/functions/getAppsBackend.md' -> '../../content/ts-sdk/api/client/functions/getAppsBackend.md'
iota-docs:build: 'docs/generated-docs/ts-sdk/client/functions/getAllNetworks.md' -> '../../content/ts-sdk/api/client/functions/getAllNetworks.md'
iota-docs:build: 'docs/generated-docs/ts-sdk/client/functions/getDefaultNetwork.md' -> '../../content/ts-sdk/api/client/functions/getDefaultNetwork.md'
iota-docs:build: 'docs/generated-docs/ts-sdk/client/classes/IotaHTTPStatusError.md' -> '../../content/ts-sdk/api/client/classes/IotaHTTPStatusError.md'
iota-docs:build: 'docs/generated-docs/ts-sdk/client/classes/JsonRpcError.md' -> '../../content/ts-sdk/api/client/classes/JsonRpcError.md'
iota-docs:build: 'docs/generated-docs/ts-sdk/client/classes/IotaHTTPTransport.md' -> '../../content/ts-sdk/api/client/classes/IotaHTTPTransport.md'
iota-docs:build: 'docs/generated-docs/ts-sdk/client/classes/IotaHTTPTransportError.md' -> '../../content/ts-sdk/api/client/classes/IotaHTTPTransportError.md'
iota-docs:build: 'docs/generated-docs/ts-sdk/client/classes/IotaClient.md' -> '../../content/ts-sdk/api/client/classes/IotaClient.md'
iota-docs:build: 'docs/generated-docs/ts-sdk/client/enumerations/Network.md' -> '../../content/ts-sdk/api/client/enumerations/Network.md'
iota-docs:build: 'docs/generated-docs/ts-sdk/client/type-aliases/AllEpochsAddressMetrics.md' -> '../../content/ts-sdk/api/client/type-aliases/AllEpochsAddressMetrics.md'
iota-docs:build: 'docs/generated-docs/ts-sdk/client/type-aliases/TimelockedStake.md' -> '../../content/ts-sdk/api/client/type-aliases/TimelockedStake.md'
iota-docs:build: 'docs/generated-docs/ts-sdk/client/type-aliases/IotaEventFilter.md' -> '../../content/ts-sdk/api/client/type-aliases/IotaEventFilter.md'
iota-docs:build: 'docs/generated-docs/ts-sdk/client/type-aliases/IotaParsedData.md' -> '../../content/ts-sdk/api/client/type-aliases/IotaParsedData.md'
iota-docs:build: 'docs/generated-docs/ts-sdk/client/type-aliases/IotaTransactionBlockBuilderMode.md' -> '../../content/ts-sdk/api/client/type-aliases/IotaTransactionBlockBuilderMode.md'
iota-docs:build: 'docs/generated-docs/ts-sdk/client/type-aliases/CheckpointId.md' -> '../../content/ts-sdk/api/client/type-aliases/CheckpointId.md'
iota-docs:build: 'docs/generated-docs/ts-sdk/client/type-aliases/QueryTransactionBlocksParams.md' -> '../../content/ts-sdk/api/client/type-aliases/QueryTransactionBlocksParams.md'
iota-docs:build: 'docs/generated-docs/ts-sdk/client/type-aliases/EpochPage.md' -> '../../content/ts-sdk/api/client/type-aliases/EpochPage.md'
iota-docs:build: 'docs/generated-docs/ts-sdk/client/type-aliases/ObjectOwner.md' -> '../../content/ts-sdk/api/client/type-aliases/ObjectOwner.md'
iota-docs:build: 'docs/generated-docs/ts-sdk/client/type-aliases/RawData.md' -> '../../content/ts-sdk/api/client/type-aliases/RawData.md'
iota-docs:build: 'docs/generated-docs/ts-sdk/client/type-aliases/ProgrammableTransaction.md' -> '../../content/ts-sdk/api/client/type-aliases/ProgrammableTransaction.md'
iota-docs:build: 'docs/generated-docs/ts-sdk/client/type-aliases/DynamicFieldPage.md' -> '../../content/ts-sdk/api/client/type-aliases/DynamicFieldPage.md'
iota-docs:build: 'docs/generated-docs/ts-sdk/client/type-aliases/ObjectRead.md' -> '../../content/ts-sdk/api/client/type-aliases/ObjectRead.md'
iota-docs:build: 'docs/generated-docs/ts-sdk/client/type-aliases/IotaMoveVisibility.md' -> '../../content/ts-sdk/api/client/type-aliases/IotaMoveVisibility.md'
iota-docs:build: 'docs/generated-docs/ts-sdk/client/type-aliases/TransactionFilter.md' -> '../../content/ts-sdk/api/client/type-aliases/TransactionFilter.md'
iota-docs:build: 'docs/generated-docs/ts-sdk/client/type-aliases/MoveCallMetric.md' -> '../../content/ts-sdk/api/client/type-aliases/MoveCallMetric.md'
iota-docs:build: 'docs/generated-docs/ts-sdk/client/type-aliases/ChainType.md' -> '../../content/ts-sdk/api/client/type-aliases/ChainType.md'
iota-docs:build: 'docs/generated-docs/ts-sdk/client/type-aliases/ObjectResponseError.md' -> '../../content/ts-sdk/api/client/type-aliases/ObjectResponseError.md'
iota-docs:build: 'docs/generated-docs/ts-sdk/client/type-aliases/ConsensusDeterminedVersionAssignments.md' -> '../../content/ts-sdk/api/client/type-aliases/ConsensusDeterminedVersionAssignments.md'
iota-docs:build: 'docs/generated-docs/ts-sdk/client/type-aliases/InputObjectKind.md' -> '../../content/ts-sdk/api/client/type-aliases/InputObjectKind.md'
iota-docs:build: 'docs/generated-docs/ts-sdk/client/type-aliases/CoinBalance.md' -> '../../content/ts-sdk/api/client/type-aliases/CoinBalance.md'
iota-docs:build: 'docs/generated-docs/ts-sdk/client/type-aliases/Order.md' -> '../../content/ts-sdk/api/client/type-aliases/Order.md'
iota-docs:build: 'docs/generated-docs/ts-sdk/client/type-aliases/IotaTransaction.md' -> '../../content/ts-sdk/api/client/type-aliases/IotaTransaction.md'
iota-docs:build: 'docs/generated-docs/ts-sdk/client/type-aliases/EpochMetricsPage.md' -> '../../content/ts-sdk/api/client/type-aliases/EpochMetricsPage.md'
iota-docs:build: 'docs/generated-docs/ts-sdk/client/type-aliases/CompressedSignature.md' -> '../../content/ts-sdk/api/client/type-aliases/CompressedSignature.md'
iota-docs:build: 'docs/generated-docs/ts-sdk/client/type-aliases/ProtocolConfigValue.md' -> '../../content/ts-sdk/api/client/type-aliases/ProtocolConfigValue.md'
iota-docs:build: 'docs/generated-docs/ts-sdk/client/type-aliases/CheckpointPage.md' -> '../../content/ts-sdk/api/client/type-aliases/CheckpointPage.md'
iota-docs:build: 'docs/generated-docs/ts-sdk/client/type-aliases/MoveValue.md' -> '../../content/ts-sdk/api/client/type-aliases/MoveValue.md'
iota-docs:build: 'docs/generated-docs/ts-sdk/client/type-aliases/ExecuteTransactionRequestType.md' -> '../../content/ts-sdk/api/client/type-aliases/ExecuteTransactionRequestType.md'
iota-docs:build: 'docs/generated-docs/ts-sdk/client/type-aliases/IotaArgument.md' -> '../../content/ts-sdk/api/client/type-aliases/IotaArgument.md'
iota-docs:build: 'docs/generated-docs/ts-sdk/client/type-aliases/IotaObjectDataFilter.md' -> '../../content/ts-sdk/api/client/type-aliases/IotaObjectDataFilter.md'
iota-docs:build: 'docs/generated-docs/ts-sdk/client/type-aliases/IotaCallArg.md' -> '../../content/ts-sdk/api/client/type-aliases/IotaCallArg.md'
iota-docs:build: 'docs/generated-docs/ts-sdk/client/type-aliases/IotaMoveNormalizedType.md' -> '../../content/ts-sdk/api/client/type-aliases/IotaMoveNormalizedType.md'
iota-docs:build: 'docs/generated-docs/ts-sdk/client/type-aliases/DynamicFieldType.md' -> '../../content/ts-sdk/api/client/type-aliases/DynamicFieldType.md'
iota-docs:build: 'docs/generated-docs/ts-sdk/client/type-aliases/IotaObjectChange.md' -> '../../content/ts-sdk/api/client/type-aliases/IotaObjectChange.md'
iota-docs:build: 'docs/generated-docs/ts-sdk/client/type-aliases/ObjectValueKind.md' -> '../../content/ts-sdk/api/client/type-aliases/ObjectValueKind.md'
iota-docs:build: 'docs/generated-docs/ts-sdk/client/type-aliases/IotaMoveObject.md' -> '../../content/ts-sdk/api/client/type-aliases/IotaMoveObject.md'
iota-docs:build: 'docs/generated-docs/ts-sdk/client/type-aliases/IotaTransactionBlockKind.md' -> '../../content/ts-sdk/api/client/type-aliases/IotaTransactionBlockKind.md'
iota-docs:build: 'docs/generated-docs/ts-sdk/client/type-aliases/IotaMoveNormalizedModules.md' -> '../../content/ts-sdk/api/client/type-aliases/IotaMoveNormalizedModules.md'
iota-docs:build: 'docs/generated-docs/ts-sdk/client/type-aliases/IotaMovePackage.md' -> '../../content/ts-sdk/api/client/type-aliases/IotaMovePackage.md'
iota-docs:build: 'docs/generated-docs/ts-sdk/client/type-aliases/IotaObjectChangeMutated.md' -> '../../content/ts-sdk/api/client/type-aliases/IotaObjectChangeMutated.md'
iota-docs:build: 'docs/generated-docs/ts-sdk/client/type-aliases/IotaObjectChangeWrapped.md' -> '../../content/ts-sdk/api/client/type-aliases/IotaObjectChangeWrapped.md'
iota-docs:build: 'docs/generated-docs/ts-sdk/client/type-aliases/CheckpointCommitment.md' -> '../../content/ts-sdk/api/client/type-aliases/CheckpointCommitment.md'
iota-docs:build: 'docs/generated-docs/ts-sdk/client/type-aliases/IotaEndOfEpochTransactionKind.md' -> '../../content/ts-sdk/api/client/type-aliases/IotaEndOfEpochTransactionKind.md'
iota-docs:build: 'docs/generated-docs/ts-sdk/client/type-aliases/IotaObjectChangeDeleted.md' -> '../../content/ts-sdk/api/client/type-aliases/IotaObjectChangeDeleted.md'
iota-docs:build: 'docs/generated-docs/ts-sdk/client/type-aliases/GetOwnedObjectsParams.md' -> '../../content/ts-sdk/api/client/type-aliases/GetOwnedObjectsParams.md'
iota-docs:build: 'docs/generated-docs/ts-sdk/client/type-aliases/ExecutionStatus.md' -> '../../content/ts-sdk/api/client/type-aliases/ExecutionStatus.md'
iota-docs:build: 'docs/generated-docs/ts-sdk/client/type-aliases/IotaClientOptions.md' -> '../../content/ts-sdk/api/client/type-aliases/IotaClientOptions.md'
iota-docs:build: 'docs/generated-docs/ts-sdk/client/type-aliases/Signature.md' -> '../../content/ts-sdk/api/client/type-aliases/Signature.md'
iota-docs:build: 'docs/generated-docs/ts-sdk/client/type-aliases/Unsubscribe.md' -> '../../content/ts-sdk/api/client/type-aliases/Unsubscribe.md'
iota-docs:build: 'docs/generated-docs/ts-sdk/client/type-aliases/PublicKey.md' -> '../../content/ts-sdk/api/client/type-aliases/PublicKey.md'
iota-docs:build: 'docs/generated-docs/ts-sdk/client/type-aliases/RPCTransactionRequestParams.md' -> '../../content/ts-sdk/api/client/type-aliases/RPCTransactionRequestParams.md'
iota-docs:build: 'docs/generated-docs/ts-sdk/client/type-aliases/IotaObjectChangePublished.md' -> '../../content/ts-sdk/api/client/type-aliases/IotaObjectChangePublished.md'
iota-docs:build: 'docs/generated-docs/ts-sdk/client/type-aliases/IotaMoveAbility.md' -> '../../content/ts-sdk/api/client/type-aliases/IotaMoveAbility.md'
iota-docs:build: 'docs/generated-docs/ts-sdk/client/type-aliases/IotaMoveFunctionArgType.md' -> '../../content/ts-sdk/api/client/type-aliases/IotaMoveFunctionArgType.md'
iota-docs:build: 'docs/generated-docs/ts-sdk/client/type-aliases/MoveStruct.md' -> '../../content/ts-sdk/api/client/type-aliases/MoveStruct.md'
iota-docs:build: 'docs/generated-docs/ts-sdk/client/type-aliases/HttpHeaders.md' -> '../../content/ts-sdk/api/client/type-aliases/HttpHeaders.md'
iota-docs:build: 'docs/generated-docs/ts-sdk/client/type-aliases/TransactionEffects.md' -> '../../content/ts-sdk/api/client/type-aliases/TransactionEffects.md'
iota-docs:build: 'docs/generated-docs/ts-sdk/client/type-aliases/IotaObjectChangeCreated.md' -> '../../content/ts-sdk/api/client/type-aliases/IotaObjectChangeCreated.md'
iota-docs:build: 'docs/generated-docs/ts-sdk/client/type-aliases/TransactionBlockData.md' -> '../../content/ts-sdk/api/client/type-aliases/TransactionBlockData.md'
iota-docs:build: 'docs/generated-docs/ts-sdk/client/type-aliases/StakeObject.md' -> '../../content/ts-sdk/api/client/type-aliases/StakeObject.md'
iota-docs:build: 'docs/generated-docs/ts-sdk/client/type-aliases/NetworkId.md' -> '../../content/ts-sdk/api/client/type-aliases/NetworkId.md'
iota-docs:build: 'docs/generated-docs/ts-sdk/client/type-aliases/IotaObjectChangeTransferred.md' -> '../../content/ts-sdk/api/client/type-aliases/IotaObjectChangeTransferred.md'
iota-docs:build: 'docs/generated-docs/ts-sdk/client/interfaces/IotaMoveNormalizedModule.md' -> '../../content/ts-sdk/api/client/interfaces/IotaMoveNormalizedModule.md'
iota-docs:build: 'docs/generated-docs/ts-sdk/client/interfaces/TryMultiGetPastObjectsParams.md' -> '../../content/ts-sdk/api/client/interfaces/TryMultiGetPastObjectsParams.md'
iota-docs:build: 'docs/generated-docs/ts-sdk/client/interfaces/MoveCallParams.md' -> '../../content/ts-sdk/api/client/interfaces/MoveCallParams.md'
iota-docs:build: 'docs/generated-docs/ts-sdk/client/interfaces/SubscribeEventParams.md' -> '../../content/ts-sdk/api/client/interfaces/SubscribeEventParams.md'
iota-docs:build: 'docs/generated-docs/ts-sdk/client/interfaces/PaginatedTransactionResponse.md' -> '../../content/ts-sdk/api/client/interfaces/PaginatedTransactionResponse.md'
iota-docs:build: 'docs/generated-docs/ts-sdk/client/interfaces/SubscribeTransactionParams.md' -> '../../content/ts-sdk/api/client/interfaces/SubscribeTransactionParams.md'
iota-docs:build: 'docs/generated-docs/ts-sdk/client/interfaces/UnsafeMergeCoinsParams.md' -> '../../content/ts-sdk/api/client/interfaces/UnsafeMergeCoinsParams.md'
iota-docs:build: 'docs/generated-docs/ts-sdk/client/interfaces/GetCoinMetadataParams.md' -> '../../content/ts-sdk/api/client/interfaces/GetCoinMetadataParams.md'
iota-docs:build: 'docs/generated-docs/ts-sdk/client/interfaces/PaginatedDynamicFieldInfos.md' -> '../../content/ts-sdk/api/client/interfaces/PaginatedDynamicFieldInfos.md'
iota-docs:build: 'docs/generated-docs/ts-sdk/client/interfaces/DynamicFieldInfo.md' -> '../../content/ts-sdk/api/client/interfaces/DynamicFieldInfo.md'
iota-docs:build: 'docs/generated-docs/ts-sdk/client/interfaces/PaginatedCheckpoints.md' -> '../../content/ts-sdk/api/client/interfaces/PaginatedCheckpoints.md'
iota-docs:build: 'docs/generated-docs/ts-sdk/client/interfaces/UnsafePublishParams.md' -> '../../content/ts-sdk/api/client/interfaces/UnsafePublishParams.md'
iota-docs:build: 'docs/generated-docs/ts-sdk/client/interfaces/IotaObjectResponseQuery.md' -> '../../content/ts-sdk/api/client/interfaces/IotaObjectResponseQuery.md'
iota-docs:build: 'docs/generated-docs/ts-sdk/client/interfaces/GetMoveFunctionArgTypesParams.md' -> '../../content/ts-sdk/api/client/interfaces/GetMoveFunctionArgTypesParams.md'
iota-docs:build: 'docs/generated-docs/ts-sdk/client/interfaces/DevInspectArgs.md' -> '../../content/ts-sdk/api/client/interfaces/DevInspectArgs.md'
iota-docs:build: 'docs/generated-docs/ts-sdk/client/interfaces/IotaJWK.md' -> '../../content/ts-sdk/api/client/interfaces/IotaJWK.md'
iota-docs:build: 'docs/generated-docs/ts-sdk/client/interfaces/IotaActiveJwk.md' -> '../../content/ts-sdk/api/client/interfaces/IotaActiveJwk.md'
iota-docs:build: 'docs/generated-docs/ts-sdk/client/interfaces/ValidatorApy.md' -> '../../content/ts-sdk/api/client/interfaces/ValidatorApy.md'
iota-docs:build: 'docs/generated-docs/ts-sdk/client/interfaces/GetTimelockedStakesParams.md' -> '../../content/ts-sdk/api/client/interfaces/GetTimelockedStakesParams.md'
iota-docs:build: 'docs/generated-docs/ts-sdk/client/interfaces/IotaTransactionBlock.md' -> '../../content/ts-sdk/api/client/interfaces/IotaTransactionBlock.md'
iota-docs:build: 'docs/generated-docs/ts-sdk/client/interfaces/TypeOrigin.md' -> '../../content/ts-sdk/api/client/interfaces/TypeOrigin.md'
iota-docs:build: 'docs/generated-docs/ts-sdk/client/interfaces/GetAllEpochAddressMetricsParams.md' -> '../../content/ts-sdk/api/client/interfaces/GetAllEpochAddressMetricsParams.md'
iota-docs:build: 'docs/generated-docs/ts-sdk/client/interfaces/GetAllBalancesParams.md' -> '../../content/ts-sdk/api/client/interfaces/GetAllBalancesParams.md'
iota-docs:build: 'docs/generated-docs/ts-sdk/client/interfaces/GetLatestCheckpointSequenceNumberParams.md' -> '../../content/ts-sdk/api/client/interfaces/GetLatestCheckpointSequenceNumberParams.md'
iota-docs:build: 'docs/generated-docs/ts-sdk/client/interfaces/TransactionBlockBytes.md' -> '../../content/ts-sdk/api/client/interfaces/TransactionBlockBytes.md'
iota-docs:build: 'docs/generated-docs/ts-sdk/client/interfaces/CoinSupply.md' -> '../../content/ts-sdk/api/client/interfaces/CoinSupply.md'
iota-docs:build: 'docs/generated-docs/ts-sdk/client/interfaces/EndOfEpochInfo.md' -> '../../content/ts-sdk/api/client/interfaces/EndOfEpochInfo.md'
iota-docs:build: 'docs/generated-docs/ts-sdk/client/interfaces/QueryEventsParams.md' -> '../../content/ts-sdk/api/client/interfaces/QueryEventsParams.md'
iota-docs:build: 'docs/generated-docs/ts-sdk/client/interfaces/MoveCallIotaTransaction.md' -> '../../content/ts-sdk/api/client/interfaces/MoveCallIotaTransaction.md'
iota-docs:build: 'docs/generated-docs/ts-sdk/client/interfaces/IotaMoveNormalizedFunction.md' -> '../../content/ts-sdk/api/client/interfaces/IotaMoveNormalizedFunction.md'
iota-docs:build: 'docs/generated-docs/ts-sdk/client/interfaces/GasCostSummary.md' -> '../../content/ts-sdk/api/client/interfaces/GasCostSummary.md'
iota-docs:build: 'docs/generated-docs/ts-sdk/client/interfaces/UnsafeTransferIotaParams.md' -> '../../content/ts-sdk/api/client/interfaces/UnsafeTransferIotaParams.md'
iota-docs:build: 'docs/generated-docs/ts-sdk/client/interfaces/GetValidatorsApyParams.md' -> '../../content/ts-sdk/api/client/interfaces/GetValidatorsApyParams.md'
iota-docs:build: 'docs/generated-docs/ts-sdk/client/interfaces/PaginatedCoins.md' -> '../../content/ts-sdk/api/client/interfaces/PaginatedCoins.md'
iota-docs:build: 'docs/generated-docs/ts-sdk/client/interfaces/PaginatedObjectsResponse.md' -> '../../content/ts-sdk/api/client/interfaces/PaginatedObjectsResponse.md'
iota-docs:build: 'docs/generated-docs/ts-sdk/client/interfaces/GetMoveCallMetricsParams.md' -> '../../content/ts-sdk/api/client/interfaces/GetMoveCallMetricsParams.md'
iota-docs:build: 'docs/generated-docs/ts-sdk/client/interfaces/UnsafeBatchTransactionParams.md' -> '../../content/ts-sdk/api/client/interfaces/UnsafeBatchTransactionParams.md'
iota-docs:build: 'docs/generated-docs/ts-sdk/client/interfaces/GetCoinsParams.md' -> '../../content/ts-sdk/api/client/interfaces/GetCoinsParams.md'
iota-docs:build: 'docs/generated-docs/ts-sdk/client/interfaces/IotaTransactionBlockResponse.md' -> '../../content/ts-sdk/api/client/interfaces/IotaTransactionBlockResponse.md'
iota-docs:build: 'docs/generated-docs/ts-sdk/client/interfaces/PaginatedEpochMetricss.md' -> '../../content/ts-sdk/api/client/interfaces/PaginatedEpochMetricss.md'
iota-docs:build: 'docs/generated-docs/ts-sdk/client/interfaces/MultiGetObjectsParams.md' -> '../../content/ts-sdk/api/client/interfaces/MultiGetObjectsParams.md'
iota-docs:build: 'docs/generated-docs/ts-sdk/client/interfaces/CommitteeInfo.md' -> '../../content/ts-sdk/api/client/interfaces/CommitteeInfo.md'
iota-docs:build: 'docs/generated-docs/ts-sdk/client/interfaces/DynamicFieldName.md' -> '../../content/ts-sdk/api/client/interfaces/DynamicFieldName.md'
iota-docs:build: 'docs/generated-docs/ts-sdk/client/interfaces/GetCommitteeInfoParams.md' -> '../../content/ts-sdk/api/client/interfaces/GetCommitteeInfoParams.md'
iota-docs:build: 'docs/generated-docs/ts-sdk/client/interfaces/MultiGetTransactionBlocksParams.md' -> '../../content/ts-sdk/api/client/interfaces/MultiGetTransactionBlocksParams.md'
iota-docs:build: 'docs/generated-docs/ts-sdk/client/interfaces/GetNormalizedMoveFunctionParams.md' -> '../../content/ts-sdk/api/client/interfaces/GetNormalizedMoveFunctionParams.md'
iota-docs:build: 'docs/generated-docs/ts-sdk/client/interfaces/ProtocolConfig.md' -> '../../content/ts-sdk/api/client/interfaces/ProtocolConfig.md'
iota-docs:build: 'docs/generated-docs/ts-sdk/client/interfaces/UnsafeTransferObjectParams.md' -> '../../content/ts-sdk/api/client/interfaces/UnsafeTransferObjectParams.md'
iota-docs:build: 'docs/generated-docs/ts-sdk/client/interfaces/MultiSig.md' -> '../../content/ts-sdk/api/client/interfaces/MultiSig.md'
iota-docs:build: 'docs/generated-docs/ts-sdk/client/interfaces/GetTransactionBlockParams.md' -> '../../content/ts-sdk/api/client/interfaces/GetTransactionBlockParams.md'
iota-docs:build: 'docs/generated-docs/ts-sdk/client/interfaces/PasskeyAuthenticator.md' -> '../../content/ts-sdk/api/client/interfaces/PasskeyAuthenticator.md'
iota-docs:build: 'docs/generated-docs/ts-sdk/client/interfaces/DevInspectResults.md' -> '../../content/ts-sdk/api/client/interfaces/DevInspectResults.md'
iota-docs:build: 'docs/generated-docs/ts-sdk/client/interfaces/UnsafeMoveCallParams.md' -> '../../content/ts-sdk/api/client/interfaces/UnsafeMoveCallParams.md'
iota-docs:build: 'docs/generated-docs/ts-sdk/client/interfaces/GetDynamicFieldsParams.md' -> '../../content/ts-sdk/api/client/interfaces/GetDynamicFieldsParams.md'
iota-docs:build: 'docs/generated-docs/ts-sdk/client/interfaces/GetChainIdentifierParams.md' -> '../../content/ts-sdk/api/client/interfaces/GetChainIdentifierParams.md'
iota-docs:build: 'docs/generated-docs/ts-sdk/client/interfaces/IotaHTTPTransportOptions.md' -> '../../content/ts-sdk/api/client/interfaces/IotaHTTPTransportOptions.md'
iota-docs:build: 'docs/generated-docs/ts-sdk/client/interfaces/GetLatestAddressMetricsParams.md' -> '../../content/ts-sdk/api/client/interfaces/GetLatestAddressMetricsParams.md'
iota-docs:build: 'docs/generated-docs/ts-sdk/client/interfaces/GetNormalizedMoveStructParams.md' -> '../../content/ts-sdk/api/client/interfaces/GetNormalizedMoveStructParams.md'
iota-docs:build: 'docs/generated-docs/ts-sdk/client/interfaces/DevInspectTransactionBlockParams.md' -> '../../content/ts-sdk/api/client/interfaces/DevInspectTransactionBlockParams.md'
iota-docs:build: 'docs/generated-docs/ts-sdk/client/interfaces/ECMHLiveObjectSetDigest.md' -> '../../content/ts-sdk/api/client/interfaces/ECMHLiveObjectSetDigest.md'
iota-docs:build: 'docs/generated-docs/ts-sdk/client/interfaces/IotaMoveStructTypeParameter.md' -> '../../content/ts-sdk/api/client/interfaces/IotaMoveStructTypeParameter.md'
iota-docs:build: 'docs/generated-docs/ts-sdk/client/interfaces/ZkLoginProof.md' -> '../../content/ts-sdk/api/client/interfaces/ZkLoginProof.md'
iota-docs:build: 'docs/generated-docs/ts-sdk/client/interfaces/IotaTransportSubscribeOptions.md' -> '../../content/ts-sdk/api/client/interfaces/IotaTransportSubscribeOptions.md'
iota-docs:build: 'docs/generated-docs/ts-sdk/client/interfaces/GetReferenceGasPriceParams.md' -> '../../content/ts-sdk/api/client/interfaces/GetReferenceGasPriceParams.md'
iota-docs:build: 'docs/generated-docs/ts-sdk/client/interfaces/DelegatedTimelockedStake.md' -> '../../content/ts-sdk/api/client/interfaces/DelegatedTimelockedStake.md'
iota-docs:build: 'docs/generated-docs/ts-sdk/client/interfaces/IotaObjectData.md' -> '../../content/ts-sdk/api/client/interfaces/IotaObjectData.md'
iota-docs:build: 'docs/generated-docs/ts-sdk/client/interfaces/IotaObjectRef.md' -> '../../content/ts-sdk/api/client/interfaces/IotaObjectRef.md'
iota-docs:build: 'docs/generated-docs/ts-sdk/client/interfaces/ExecuteTransactionBlockParams.md' -> '../../content/ts-sdk/api/client/interfaces/ExecuteTransactionBlockParams.md'
iota-docs:build: 'docs/generated-docs/ts-sdk/client/interfaces/Claim.md' -> '../../content/ts-sdk/api/client/interfaces/Claim.md'
iota-docs:build: 'docs/generated-docs/ts-sdk/client/interfaces/GetBalanceParams.md' -> '../../content/ts-sdk/api/client/interfaces/GetBalanceParams.md'
iota-docs:build: 'docs/generated-docs/ts-sdk/client/interfaces/UnsafeRequestWithdrawStakeParams.md' -> '../../content/ts-sdk/api/client/interfaces/UnsafeRequestWithdrawStakeParams.md'
iota-docs:build: 'docs/generated-docs/ts-sdk/client/interfaces/ZkLoginAuthenticator.md' -> '../../content/ts-sdk/api/client/interfaces/ZkLoginAuthenticator.md'
iota-docs:build: 'docs/generated-docs/ts-sdk/client/interfaces/KioskConfiguration.md' -> '../../content/ts-sdk/api/client/interfaces/KioskConfiguration.md'
iota-docs:build: 'docs/generated-docs/ts-sdk/client/interfaces/MoveCallMetrics.md' -> '../../content/ts-sdk/api/client/interfaces/MoveCallMetrics.md'
iota-docs:build: 'docs/generated-docs/ts-sdk/client/interfaces/DryRunTransactionBlockResponse.md' -> '../../content/ts-sdk/api/client/interfaces/DryRunTransactionBlockResponse.md'
iota-docs:build: 'docs/generated-docs/ts-sdk/client/interfaces/IotaSystemStateSummary.md' -> '../../content/ts-sdk/api/client/interfaces/IotaSystemStateSummary.md'
iota-docs:build: 'docs/generated-docs/ts-sdk/client/interfaces/GetEpochsParams.md' -> '../../content/ts-sdk/api/client/interfaces/GetEpochsParams.md'
iota-docs:build: 'docs/generated-docs/ts-sdk/client/interfaces/AddressMetrics.md' -> '../../content/ts-sdk/api/client/interfaces/AddressMetrics.md'
iota-docs:build: 'docs/generated-docs/ts-sdk/client/interfaces/GetEpochMetricsParams.md' -> '../../content/ts-sdk/api/client/interfaces/GetEpochMetricsParams.md'
iota-docs:build: 'docs/generated-docs/ts-sdk/client/interfaces/GetTotalSupplyParams.md' -> '../../content/ts-sdk/api/client/interfaces/GetTotalSupplyParams.md'
iota-docs:build: 'docs/generated-docs/ts-sdk/client/interfaces/PaginationArguments.md' -> '../../content/ts-sdk/api/client/interfaces/PaginationArguments.md'
iota-docs:build: 'docs/generated-docs/ts-sdk/client/interfaces/EpochInfo.md' -> '../../content/ts-sdk/api/client/interfaces/EpochInfo.md'
iota-docs:build: 'docs/generated-docs/ts-sdk/client/interfaces/IotaExecutionResult.md' -> '../../content/ts-sdk/api/client/interfaces/IotaExecutionResult.md'
iota-docs:build: 'docs/generated-docs/ts-sdk/client/interfaces/GetObjectParams.md' -> '../../content/ts-sdk/api/client/interfaces/GetObjectParams.md'
iota-docs:build: 'docs/generated-docs/ts-sdk/client/interfaces/IotaEvent.md' -> '../../content/ts-sdk/api/client/interfaces/IotaEvent.md'
iota-docs:build: 'docs/generated-docs/ts-sdk/client/interfaces/GetLatestIotaSystemStateParams.md' -> '../../content/ts-sdk/api/client/interfaces/GetLatestIotaSystemStateParams.md'
iota-docs:build: 'docs/generated-docs/ts-sdk/client/interfaces/DisplayFieldsResponse.md' -> '../../content/ts-sdk/api/client/interfaces/DisplayFieldsResponse.md'
iota-docs:build: 'docs/generated-docs/ts-sdk/client/interfaces/IotaTransportRequestOptions.md' -> '../../content/ts-sdk/api/client/interfaces/IotaTransportRequestOptions.md'
iota-docs:build: 'docs/generated-docs/ts-sdk/client/interfaces/IotaJwkId.md' -> '../../content/ts-sdk/api/client/interfaces/IotaJwkId.md'
iota-docs:build: 'docs/generated-docs/ts-sdk/client/interfaces/IotaTransactionBlockResponseOptions.md' -> '../../content/ts-sdk/api/client/interfaces/IotaTransactionBlockResponseOptions.md'
iota-docs:build: 'docs/generated-docs/ts-sdk/client/interfaces/GetTotalTransactionBlocksParams.md' -> '../../content/ts-sdk/api/client/interfaces/GetTotalTransactionBlocksParams.md'
iota-docs:build: 'docs/generated-docs/ts-sdk/client/interfaces/UnsafePayAllIotaParams.md' -> '../../content/ts-sdk/api/client/interfaces/UnsafePayAllIotaParams.md'
iota-docs:build: 'docs/generated-docs/ts-sdk/client/interfaces/IotaValidatorSummary.md' -> '../../content/ts-sdk/api/client/interfaces/IotaValidatorSummary.md'
iota-docs:build: 'docs/generated-docs/ts-sdk/client/interfaces/IotaTransactionBlockResponseQuery.md' -> '../../content/ts-sdk/api/client/interfaces/IotaTransactionBlockResponseQuery.md'
iota-docs:build: 'docs/generated-docs/ts-sdk/client/interfaces/PaginatedEpochInfos.md' -> '../../content/ts-sdk/api/client/interfaces/PaginatedEpochInfos.md'
iota-docs:build: 'docs/generated-docs/ts-sdk/client/interfaces/NetworkConfiguration.md' -> '../../content/ts-sdk/api/client/interfaces/NetworkConfiguration.md'
iota-docs:build: 'docs/generated-docs/ts-sdk/client/interfaces/MoveVariant.md' -> '../../content/ts-sdk/api/client/interfaces/MoveVariant.md'
iota-docs:build: 'docs/generated-docs/ts-sdk/client/interfaces/DryRunTransactionBlockParams.md' -> '../../content/ts-sdk/api/client/interfaces/DryRunTransactionBlockParams.md'
iota-docs:build: 'docs/generated-docs/ts-sdk/client/interfaces/UnsafePayParams.md' -> '../../content/ts-sdk/api/client/interfaces/UnsafePayParams.md'
iota-docs:build: 'docs/generated-docs/ts-sdk/client/interfaces/EndOfEpochData.md' -> '../../content/ts-sdk/api/client/interfaces/EndOfEpochData.md'
iota-docs:build: 'docs/generated-docs/ts-sdk/client/interfaces/TransactionBlockEffectsModifiedAtVersions.md' -> '../../content/ts-sdk/api/client/interfaces/TransactionBlockEffectsModifiedAtVersions.md'
iota-docs:build: 'docs/generated-docs/ts-sdk/client/interfaces/BalanceChange.md' -> '../../content/ts-sdk/api/client/interfaces/BalanceChange.md'
iota-docs:build: 'docs/generated-docs/ts-sdk/client/interfaces/GetDynamicFieldObjectParams.md' -> '../../content/ts-sdk/api/client/interfaces/GetDynamicFieldObjectParams.md'
iota-docs:build: 'docs/generated-docs/ts-sdk/client/interfaces/NetworkMetrics.md' -> '../../content/ts-sdk/api/client/interfaces/NetworkMetrics.md'
iota-docs:build: 'docs/generated-docs/ts-sdk/client/interfaces/OrderArguments.md' -> '../../content/ts-sdk/api/client/interfaces/OrderArguments.md'
iota-docs:build: 'docs/generated-docs/ts-sdk/client/interfaces/IotaObjectDataOptions.md' -> '../../content/ts-sdk/api/client/interfaces/IotaObjectDataOptions.md'
iota-docs:build: 'docs/generated-docs/ts-sdk/client/interfaces/IotaTransport.md' -> '../../content/ts-sdk/api/client/interfaces/IotaTransport.md'
iota-docs:build: 'docs/generated-docs/ts-sdk/client/interfaces/IotaObjectResponse.md' -> '../../content/ts-sdk/api/client/interfaces/IotaObjectResponse.md'
iota-docs:build: 'docs/generated-docs/ts-sdk/client/interfaces/GetStakesParams.md' -> '../../content/ts-sdk/api/client/interfaces/GetStakesParams.md'
iota-docs:build: 'docs/generated-docs/ts-sdk/client/interfaces/IotaMoveAbilitySet.md' -> '../../content/ts-sdk/api/client/interfaces/IotaMoveAbilitySet.md'
iota-docs:build: 'docs/generated-docs/ts-sdk/client/interfaces/MoveFunctionName.md' -> '../../content/ts-sdk/api/client/interfaces/MoveFunctionName.md'
iota-docs:build: 'docs/generated-docs/ts-sdk/client/interfaces/IotaGasData.md' -> '../../content/ts-sdk/api/client/interfaces/IotaGasData.md'
iota-docs:build: 'docs/generated-docs/ts-sdk/client/interfaces/GetPastObjectRequest.md' -> '../../content/ts-sdk/api/client/interfaces/GetPastObjectRequest.md'
iota-docs:build: 'docs/generated-docs/ts-sdk/client/interfaces/GetCheckpointAddressMetricsParams.md' -> '../../content/ts-sdk/api/client/interfaces/GetCheckpointAddressMetricsParams.md'
iota-docs:build: 'docs/generated-docs/ts-sdk/client/interfaces/GetProtocolConfigParams.md' -> '../../content/ts-sdk/api/client/interfaces/GetProtocolConfigParams.md'
iota-docs:build: 'docs/generated-docs/ts-sdk/client/interfaces/UnsafeSplitCoinParams.md' -> '../../content/ts-sdk/api/client/interfaces/UnsafeSplitCoinParams.md'
iota-docs:build: 'docs/generated-docs/ts-sdk/client/interfaces/CoinStruct.md' -> '../../content/ts-sdk/api/client/interfaces/CoinStruct.md'
iota-docs:build: 'docs/generated-docs/ts-sdk/client/interfaces/OwnedObjectRef.md' -> '../../content/ts-sdk/api/client/interfaces/OwnedObjectRef.md'
iota-docs:build: 'docs/generated-docs/ts-sdk/client/interfaces/GetEventsParams.md' -> '../../content/ts-sdk/api/client/interfaces/GetEventsParams.md'
iota-docs:build: 'docs/generated-docs/ts-sdk/client/interfaces/ZkLoginInputs.md' -> '../../content/ts-sdk/api/client/interfaces/ZkLoginInputs.md'
iota-docs:build: 'docs/generated-docs/ts-sdk/client/interfaces/GetStakesByIdsParams.md' -> '../../content/ts-sdk/api/client/interfaces/GetStakesByIdsParams.md'
iota-docs:build: 'docs/generated-docs/ts-sdk/client/interfaces/MultiSigPublicKey.md' -> '../../content/ts-sdk/api/client/interfaces/MultiSigPublicKey.md'
iota-docs:build: 'docs/generated-docs/ts-sdk/client/interfaces/IotaChangeEpoch.md' -> '../../content/ts-sdk/api/client/interfaces/IotaChangeEpoch.md'
iota-docs:build: 'docs/generated-docs/ts-sdk/client/interfaces/DelegatedStake.md' -> '../../content/ts-sdk/api/client/interfaces/DelegatedStake.md'
iota-docs:build: 'docs/generated-docs/ts-sdk/client/interfaces/GetCheckpointParams.md' -> '../../content/ts-sdk/api/client/interfaces/GetCheckpointParams.md'
iota-docs:build: 'docs/generated-docs/ts-sdk/client/interfaces/ValidatorsApy.md' -> '../../content/ts-sdk/api/client/interfaces/ValidatorsApy.md'
iota-docs:build: 'docs/generated-docs/ts-sdk/client/interfaces/UnsafeRequestWithdrawTimelockedStakeParams.md' -> '../../content/ts-sdk/api/client/interfaces/UnsafeRequestWithdrawTimelockedStakeParams.md'
iota-docs:build: 'docs/generated-docs/ts-sdk/client/interfaces/GetCheckpointsParams.md' -> '../../content/ts-sdk/api/client/interfaces/GetCheckpointsParams.md'
iota-docs:build: 'docs/generated-docs/ts-sdk/client/interfaces/GetNetworkMetricsParams.md' -> '../../content/ts-sdk/api/client/interfaces/GetNetworkMetricsParams.md'
iota-docs:build: 'docs/generated-docs/ts-sdk/client/interfaces/TransferObjectParams.md' -> '../../content/ts-sdk/api/client/interfaces/TransferObjectParams.md'
iota-docs:build: 'docs/generated-docs/ts-sdk/client/interfaces/UnsafeRequestAddTimelockedStakeParams.md' -> '../../content/ts-sdk/api/client/interfaces/UnsafeRequestAddTimelockedStakeParams.md'
iota-docs:build: 'docs/generated-docs/ts-sdk/client/interfaces/UpgradeInfo.md' -> '../../content/ts-sdk/api/client/interfaces/UpgradeInfo.md'
iota-docs:build: 'docs/generated-docs/ts-sdk/client/interfaces/Balance.md' -> '../../content/ts-sdk/api/client/interfaces/Balance.md'
iota-docs:build: 'docs/generated-docs/ts-sdk/client/interfaces/GetNormalizedMoveModuleParams.md' -> '../../content/ts-sdk/api/client/interfaces/GetNormalizedMoveModuleParams.md'
iota-docs:build: 'docs/generated-docs/ts-sdk/client/interfaces/GetTimelockedStakesByIdsParams.md' -> '../../content/ts-sdk/api/client/interfaces/GetTimelockedStakesByIdsParams.md'
iota-docs:build: 'docs/generated-docs/ts-sdk/client/interfaces/UnsafeRequestAddStakeParams.md' -> '../../content/ts-sdk/api/client/interfaces/UnsafeRequestAddStakeParams.md'
iota-docs:build: 'docs/generated-docs/ts-sdk/client/interfaces/GetAllCoinsParams.md' -> '../../content/ts-sdk/api/client/interfaces/GetAllCoinsParams.md'
iota-docs:build: 'docs/generated-docs/ts-sdk/client/interfaces/EpochMetrics.md' -> '../../content/ts-sdk/api/client/interfaces/EpochMetrics.md'
iota-docs:build: 'docs/generated-docs/ts-sdk/client/interfaces/GetNormalizedMoveModulesByPackageParams.md' -> '../../content/ts-sdk/api/client/interfaces/GetNormalizedMoveModulesByPackageParams.md'
iota-docs:build: 'docs/generated-docs/ts-sdk/client/interfaces/CoinMetadata.md' -> '../../content/ts-sdk/api/client/interfaces/CoinMetadata.md'
iota-docs:build: 'docs/generated-docs/ts-sdk/client/interfaces/EventId.md' -> '../../content/ts-sdk/api/client/interfaces/EventId.md'
iota-docs:build: 'docs/generated-docs/ts-sdk/client/interfaces/Checkpoint.md' -> '../../content/ts-sdk/api/client/interfaces/Checkpoint.md'
iota-docs:build: 'docs/generated-docs/ts-sdk/client/interfaces/PaginatedEvents.md' -> '../../content/ts-sdk/api/client/interfaces/PaginatedEvents.md'
iota-docs:build: 'docs/generated-docs/ts-sdk/client/interfaces/IotaMoveNormalizedField.md' -> '../../content/ts-sdk/api/client/interfaces/IotaMoveNormalizedField.md'
iota-docs:build: 'docs/generated-docs/ts-sdk/client/interfaces/GetCurrentEpochParams.md' -> '../../content/ts-sdk/api/client/interfaces/GetCurrentEpochParams.md'
iota-docs:build: 'docs/generated-docs/ts-sdk/client/interfaces/UnsafeSplitCoinEqualParams.md' -> '../../content/ts-sdk/api/client/interfaces/UnsafeSplitCoinEqualParams.md'
iota-docs:build: 'docs/generated-docs/ts-sdk/client/interfaces/IotaAuthenticatorStateExpire.md' -> '../../content/ts-sdk/api/client/interfaces/IotaAuthenticatorStateExpire.md'
iota-docs:build: 'docs/generated-docs/ts-sdk/client/interfaces/UnsafePayIotaParams.md' -> '../../content/ts-sdk/api/client/interfaces/UnsafePayIotaParams.md'
iota-docs:build: 'docs/generated-docs/ts-sdk/client/interfaces/TryGetPastObjectParams.md' -> '../../content/ts-sdk/api/client/interfaces/TryGetPastObjectParams.md'
iota-docs:build: 'docs/generated-docs/ts-sdk/client/interfaces/IotaMoveNormalizedStruct.md' -> '../../content/ts-sdk/api/client/interfaces/IotaMoveNormalizedStruct.md'
iota-docs:build: 'docs/generated-docs/ts-sdk/client/interfaces/GetTotalTransactionsParams.md' -> '../../content/ts-sdk/api/client/interfaces/GetTotalTransactionsParams.md'
iota-docs:build: 'docs/generated-docs/ts-sdk/client/interfaces/IotaMoveModuleId.md' -> '../../content/ts-sdk/api/client/interfaces/IotaMoveModuleId.md'
iota-docs:build: 'docs/generated-docs/ts-sdk/client/index.md' -> '../../content/ts-sdk/api/client/index.md'
iota-docs:build: 'docs/generated-docs/ts-sdk/cryptography/functions/mnemonicToSeedHex.md' -> '../../content/ts-sdk/api/cryptography/functions/mnemonicToSeedHex.md'
iota-docs:build: 'docs/generated-docs/ts-sdk/cryptography/functions/mnemonicToSeed.md' -> '../../content/ts-sdk/api/cryptography/functions/mnemonicToSeed.md'
iota-docs:build: 'docs/generated-docs/ts-sdk/cryptography/functions/isValidHardenedPath.md' -> '../../content/ts-sdk/api/cryptography/functions/isValidHardenedPath.md'
iota-docs:build: 'docs/generated-docs/ts-sdk/cryptography/functions/isValidBIP32Path.md' -> '../../content/ts-sdk/api/cryptography/functions/isValidBIP32Path.md'
iota-docs:build: 'docs/generated-docs/ts-sdk/cryptography/functions/messageWithIntent.md' -> '../../content/ts-sdk/api/cryptography/functions/messageWithIntent.md'
iota-docs:build: 'docs/generated-docs/ts-sdk/cryptography/functions/toSerializedSignature.md' -> '../../content/ts-sdk/api/cryptography/functions/toSerializedSignature.md'
iota-docs:build: 'docs/generated-docs/ts-sdk/cryptography/functions/encodeIotaPrivateKey.md' -> '../../content/ts-sdk/api/cryptography/functions/encodeIotaPrivateKey.md'
iota-docs:build: 'docs/generated-docs/ts-sdk/cryptography/functions/decodeIotaPrivateKey.md' -> '../../content/ts-sdk/api/cryptography/functions/decodeIotaPrivateKey.md'
iota-docs:build: 'docs/generated-docs/ts-sdk/cryptography/functions/parseSerializedSignature.md' -> '../../content/ts-sdk/api/cryptography/functions/parseSerializedSignature.md'
iota-docs:build: 'docs/generated-docs/ts-sdk/cryptography/classes/Signer.md' -> '../../content/ts-sdk/api/cryptography/classes/Signer.md'
iota-docs:build: 'docs/generated-docs/ts-sdk/cryptography/classes/Keypair.md' -> '../../content/ts-sdk/api/cryptography/classes/Keypair.md'
iota-docs:build: 'docs/generated-docs/ts-sdk/cryptography/classes/PublicKey.md' -> '../../content/ts-sdk/api/cryptography/classes/PublicKey.md'
iota-docs:build: 'docs/generated-docs/ts-sdk/cryptography/variables/SIGNATURE_SCHEME_TO_SIZE.md' -> '../../content/ts-sdk/api/cryptography/variables/SIGNATURE_SCHEME_TO_SIZE.md'
iota-docs:build: 'docs/generated-docs/ts-sdk/cryptography/variables/LEGACY_PRIVATE_KEY_SIZE.md' -> '../../content/ts-sdk/api/cryptography/variables/LEGACY_PRIVATE_KEY_SIZE.md'
iota-docs:build: 'docs/generated-docs/ts-sdk/cryptography/variables/SIGNATURE_FLAG_TO_SCHEME.md' -> '../../content/ts-sdk/api/cryptography/variables/SIGNATURE_FLAG_TO_SCHEME.md'
iota-docs:build: 'docs/generated-docs/ts-sdk/cryptography/variables/PRIVATE_KEY_SIZE.md' -> '../../content/ts-sdk/api/cryptography/variables/PRIVATE_KEY_SIZE.md'
iota-docs:build: 'docs/generated-docs/ts-sdk/cryptography/variables/SIGNATURE_SCHEME_TO_FLAG.md' -> '../../content/ts-sdk/api/cryptography/variables/SIGNATURE_SCHEME_TO_FLAG.md'
iota-docs:build: 'docs/generated-docs/ts-sdk/cryptography/variables/IOTA_PRIVATE_KEY_PREFIX.md' -> '../../content/ts-sdk/api/cryptography/variables/IOTA_PRIVATE_KEY_PREFIX.md'
iota-docs:build: 'docs/generated-docs/ts-sdk/cryptography/type-aliases/IntentScope.md' -> '../../content/ts-sdk/api/cryptography/type-aliases/IntentScope.md'
iota-docs:build: 'docs/generated-docs/ts-sdk/cryptography/type-aliases/SignatureScheme.md' -> '../../content/ts-sdk/api/cryptography/type-aliases/SignatureScheme.md'
iota-docs:build: 'docs/generated-docs/ts-sdk/cryptography/type-aliases/SerializeSignatureInput.md' -> '../../content/ts-sdk/api/cryptography/type-aliases/SerializeSignatureInput.md'
iota-docs:build: 'docs/generated-docs/ts-sdk/cryptography/type-aliases/ParsedKeypair.md' -> '../../content/ts-sdk/api/cryptography/type-aliases/ParsedKeypair.md'
iota-docs:build: 'docs/generated-docs/ts-sdk/cryptography/type-aliases/SignatureFlag.md' -> '../../content/ts-sdk/api/cryptography/type-aliases/SignatureFlag.md'
iota-docs:build: 'docs/generated-docs/ts-sdk/cryptography/interfaces/SignatureWithBytes.md' -> '../../content/ts-sdk/api/cryptography/interfaces/SignatureWithBytes.md'
iota-docs:build: 'docs/generated-docs/ts-sdk/cryptography/index.md' -> '../../content/ts-sdk/api/cryptography/index.md'
iota-docs:build: 'docs/generated-docs/ts-sdk/faucet/functions/getFaucetRequestStatus.md' -> '../../content/ts-sdk/api/faucet/functions/getFaucetRequestStatus.md'
iota-docs:build: 'docs/generated-docs/ts-sdk/faucet/functions/requestIotaFromFaucetV1.md' -> '../../content/ts-sdk/api/faucet/functions/requestIotaFromFaucetV1.md'
iota-docs:build: 'docs/generated-docs/ts-sdk/faucet/functions/getFaucetHost.md' -> '../../content/ts-sdk/api/faucet/functions/getFaucetHost.md'
iota-docs:build: 'docs/generated-docs/ts-sdk/faucet/functions/requestIotaFromFaucetV0.md' -> '../../content/ts-sdk/api/faucet/functions/requestIotaFromFaucetV0.md'
iota-docs:build: 'docs/generated-docs/ts-sdk/faucet/classes/FaucetRateLimitError.md' -> '../../content/ts-sdk/api/faucet/classes/FaucetRateLimitError.md'
iota-docs:build: 'docs/generated-docs/ts-sdk/faucet/index.md' -> '../../content/ts-sdk/api/faucet/index.md'
iota-docs:build: 'docs/generated-docs/ts-sdk/graphql/classes/IotaGraphQLRequestError.md' -> '../../content/ts-sdk/api/graphql/classes/IotaGraphQLRequestError.md'
iota-docs:build: 'docs/generated-docs/ts-sdk/graphql/classes/IotaGraphQLClient.md' -> '../../content/ts-sdk/api/graphql/classes/IotaGraphQLClient.md'
iota-docs:build: 'docs/generated-docs/ts-sdk/graphql/type-aliases/GraphQLQueryOptions.md' -> '../../content/ts-sdk/api/graphql/type-aliases/GraphQLQueryOptions.md'
iota-docs:build: 'docs/generated-docs/ts-sdk/graphql/type-aliases/GraphQLResponseErrors.md' -> '../../content/ts-sdk/api/graphql/type-aliases/GraphQLResponseErrors.md'
iota-docs:build: 'docs/generated-docs/ts-sdk/graphql/type-aliases/GraphQLDocument.md' -> '../../content/ts-sdk/api/graphql/type-aliases/GraphQLDocument.md'
iota-docs:build: 'docs/generated-docs/ts-sdk/graphql/type-aliases/GraphQLQueryResult.md' -> '../../content/ts-sdk/api/graphql/type-aliases/GraphQLQueryResult.md'
iota-docs:build: 'docs/generated-docs/ts-sdk/graphql/interfaces/IotaGraphQLClientOptions.md' -> '../../content/ts-sdk/api/graphql/interfaces/IotaGraphQLClientOptions.md'
iota-docs:build: 'docs/generated-docs/ts-sdk/graphql/index.md' -> '../../content/ts-sdk/api/graphql/index.md'
iota-docs:build: 'docs/generated-docs/ts-sdk/index.md' -> '../../content/ts-sdk/api/index.md'
iota-docs:build: 'docs/generated-docs/ts-sdk/keypairs/secp256r1/classes/Secp256r1Keypair.md' -> '../../content/ts-sdk/api/keypairs/secp256r1/classes/Secp256r1Keypair.md'
iota-docs:build: 'docs/generated-docs/ts-sdk/keypairs/secp256r1/classes/Secp256r1PublicKey.md' -> '../../content/ts-sdk/api/keypairs/secp256r1/classes/Secp256r1PublicKey.md'
iota-docs:build: 'docs/generated-docs/ts-sdk/keypairs/secp256r1/variables/DEFAULT_SECP256R1_DERIVATION_PATH.md' -> '../../content/ts-sdk/api/keypairs/secp256r1/variables/DEFAULT_SECP256R1_DERIVATION_PATH.md'
iota-docs:build: 'docs/generated-docs/ts-sdk/keypairs/secp256r1/interfaces/Secp256r1KeypairData.md' -> '../../content/ts-sdk/api/keypairs/secp256r1/interfaces/Secp256r1KeypairData.md'
iota-docs:build: 'docs/generated-docs/ts-sdk/keypairs/secp256r1/index.md' -> '../../content/ts-sdk/api/keypairs/secp256r1/index.md'
iota-docs:build: 'docs/generated-docs/ts-sdk/keypairs/ed25519/classes/Ed25519Keypair.md' -> '../../content/ts-sdk/api/keypairs/ed25519/classes/Ed25519Keypair.md'
iota-docs:build: 'docs/generated-docs/ts-sdk/keypairs/ed25519/classes/Ed25519PublicKey.md' -> '../../content/ts-sdk/api/keypairs/ed25519/classes/Ed25519PublicKey.md'
iota-docs:build: 'docs/generated-docs/ts-sdk/keypairs/ed25519/variables/DEFAULT_ED25519_DERIVATION_PATH.md' -> '../../content/ts-sdk/api/keypairs/ed25519/variables/DEFAULT_ED25519_DERIVATION_PATH.md'
iota-docs:build: 'docs/generated-docs/ts-sdk/keypairs/ed25519/interfaces/Ed25519KeypairData.md' -> '../../content/ts-sdk/api/keypairs/ed25519/interfaces/Ed25519KeypairData.md'
iota-docs:build: 'docs/generated-docs/ts-sdk/keypairs/ed25519/index.md' -> '../../content/ts-sdk/api/keypairs/ed25519/index.md'
iota-docs:build: 'docs/generated-docs/ts-sdk/keypairs/secp256k1/classes/Secp256k1Keypair.md' -> '../../content/ts-sdk/api/keypairs/secp256k1/classes/Secp256k1Keypair.md'
iota-docs:build: 'docs/generated-docs/ts-sdk/keypairs/secp256k1/classes/Secp256k1PublicKey.md' -> '../../content/ts-sdk/api/keypairs/secp256k1/classes/Secp256k1PublicKey.md'
iota-docs:build: 'docs/generated-docs/ts-sdk/keypairs/secp256k1/variables/DEFAULT_SECP256K1_DERIVATION_PATH.md' -> '../../content/ts-sdk/api/keypairs/secp256k1/variables/DEFAULT_SECP256K1_DERIVATION_PATH.md'
iota-docs:build: 'docs/generated-docs/ts-sdk/keypairs/secp256k1/interfaces/Secp256k1KeypairData.md' -> '../../content/ts-sdk/api/keypairs/secp256k1/interfaces/Secp256k1KeypairData.md'
iota-docs:build: 'docs/generated-docs/ts-sdk/keypairs/secp256k1/index.md' -> '../../content/ts-sdk/api/keypairs/secp256k1/index.md'
iota-docs:build: 'docs/generated-docs/ts-sdk/multisig/functions/parsePartialSignatures.md' -> '../../content/ts-sdk/api/multisig/functions/parsePartialSignatures.md'
iota-docs:build: 'docs/generated-docs/ts-sdk/multisig/classes/MultiSigSigner.md' -> '../../content/ts-sdk/api/multisig/classes/MultiSigSigner.md'
iota-docs:build: 'docs/generated-docs/ts-sdk/multisig/classes/MultiSigPublicKey.md' -> '../../content/ts-sdk/api/multisig/classes/MultiSigPublicKey.md'
iota-docs:build: 'docs/generated-docs/ts-sdk/multisig/type-aliases/MultiSigStruct.md' -> '../../content/ts-sdk/api/multisig/type-aliases/MultiSigStruct.md'
iota-docs:build: 'docs/generated-docs/ts-sdk/multisig/index.md' -> '../../content/ts-sdk/api/multisig/index.md'
iota-docs:build: 'docs/generated-docs/ts-sdk/transactions/functions/isTransaction.md' -> '../../content/ts-sdk/api/transactions/functions/isTransaction.md'
iota-docs:build: 'docs/generated-docs/ts-sdk/transactions/functions/getPureBcsSchema.md' -> '../../content/ts-sdk/api/transactions/functions/getPureBcsSchema.md'
iota-docs:build: 'docs/generated-docs/ts-sdk/transactions/functions/normalizedTypeToMoveTypeSignature.md' -> '../../content/ts-sdk/api/transactions/functions/normalizedTypeToMoveTypeSignature.md'
iota-docs:build: 'docs/generated-docs/ts-sdk/transactions/functions/coinWithBalance.md' -> '../../content/ts-sdk/api/transactions/functions/coinWithBalance.md'
iota-docs:build: 'docs/generated-docs/ts-sdk/transactions/classes/SerialTransactionExecutor.md' -> '../../content/ts-sdk/api/transactions/classes/SerialTransactionExecutor.md'
iota-docs:build: 'docs/generated-docs/ts-sdk/transactions/classes/ParallelTransactionExecutor.md' -> '../../content/ts-sdk/api/transactions/classes/ParallelTransactionExecutor.md'
iota-docs:build: 'docs/generated-docs/ts-sdk/transactions/classes/ObjectCache.md' -> '../../content/ts-sdk/api/transactions/classes/ObjectCache.md'
iota-docs:build: 'docs/generated-docs/ts-sdk/transactions/classes/Transaction.md' -> '../../content/ts-sdk/api/transactions/classes/Transaction.md'
iota-docs:build: 'docs/generated-docs/ts-sdk/transactions/classes/AsyncCache.md' -> '../../content/ts-sdk/api/transactions/classes/AsyncCache.md'
iota-docs:build: 'docs/generated-docs/ts-sdk/transactions/classes/TransactionDataBuilder.md' -> '../../content/ts-sdk/api/transactions/classes/TransactionDataBuilder.md'
iota-docs:build: 'docs/generated-docs/ts-sdk/transactions/enumerations/UpgradePolicy.md' -> '../../content/ts-sdk/api/transactions/enumerations/UpgradePolicy.md'
iota-docs:build: 'docs/generated-docs/ts-sdk/transactions/variables/SerializedTransactionDataV2.md' -> '../../content/ts-sdk/api/transactions/variables/SerializedTransactionDataV2.md'
iota-docs:build: 'docs/generated-docs/ts-sdk/transactions/variables/SerializedTransactionDataV1.md' -> '../../content/ts-sdk/api/transactions/variables/SerializedTransactionDataV1.md'
iota-docs:build: 'docs/generated-docs/ts-sdk/transactions/variables/TransactionData.md' -> '../../content/ts-sdk/api/transactions/variables/TransactionData.md'
iota-docs:build: 'docs/generated-docs/ts-sdk/transactions/variables/OpenMoveTypeSignature.md' -> '../../content/ts-sdk/api/transactions/variables/OpenMoveTypeSignature.md'
iota-docs:build: 'docs/generated-docs/ts-sdk/transactions/variables/Arguments.md' -> '../../content/ts-sdk/api/transactions/variables/Arguments.md'
iota-docs:build: 'docs/generated-docs/ts-sdk/transactions/variables/ObjectRef.md' -> '../../content/ts-sdk/api/transactions/variables/ObjectRef.md'
iota-docs:build: 'docs/generated-docs/ts-sdk/transactions/variables/OpenMoveTypeSignatureBody.md' -> '../../content/ts-sdk/api/transactions/variables/OpenMoveTypeSignatureBody.md'
iota-docs:build: 'docs/generated-docs/ts-sdk/transactions/variables/Argument.md' -> '../../content/ts-sdk/api/transactions/variables/Argument.md'
iota-docs:build: 'docs/generated-docs/ts-sdk/transactions/variables/Command.md' -> '../../content/ts-sdk/api/transactions/variables/Command.md'
iota-docs:build: 'docs/generated-docs/ts-sdk/transactions/variables/Inputs.md' -> '../../content/ts-sdk/api/transactions/variables/Inputs.md'
iota-docs:build: 'docs/generated-docs/ts-sdk/transactions/variables/Commands.md' -> '../../content/ts-sdk/api/transactions/variables/Commands.md'
iota-docs:build: 'docs/generated-docs/ts-sdk/transactions/variables/GasData.md' -> '../../content/ts-sdk/api/transactions/variables/GasData.md'
iota-docs:build: 'docs/generated-docs/ts-sdk/transactions/type-aliases/SerializedTransactionDataV2.md' -> '../../content/ts-sdk/api/transactions/type-aliases/SerializedTransactionDataV2.md'
iota-docs:build: 'docs/generated-docs/ts-sdk/transactions/type-aliases/SerializedTransactionDataV1.md' -> '../../content/ts-sdk/api/transactions/type-aliases/SerializedTransactionDataV1.md'
iota-docs:build: 'docs/generated-docs/ts-sdk/transactions/type-aliases/TransactionData.md' -> '../../content/ts-sdk/api/transactions/type-aliases/TransactionData.md'
iota-docs:build: 'docs/generated-docs/ts-sdk/transactions/type-aliases/TransactionArgument.md' -> '../../content/ts-sdk/api/transactions/type-aliases/TransactionArgument.md'
iota-docs:build: 'docs/generated-docs/ts-sdk/transactions/type-aliases/OpenMoveTypeSignature.md' -> '../../content/ts-sdk/api/transactions/type-aliases/OpenMoveTypeSignature.md'
iota-docs:build: 'docs/generated-docs/ts-sdk/transactions/type-aliases/ObjectRef.md' -> '../../content/ts-sdk/api/transactions/type-aliases/ObjectRef.md'
iota-docs:build: 'docs/generated-docs/ts-sdk/transactions/type-aliases/TransactionResult.md' -> '../../content/ts-sdk/api/transactions/type-aliases/TransactionResult.md'
iota-docs:build: 'docs/generated-docs/ts-sdk/transactions/type-aliases/OpenMoveTypeSignatureBody.md' -> '../../content/ts-sdk/api/transactions/type-aliases/OpenMoveTypeSignatureBody.md'
iota-docs:build: 'docs/generated-docs/ts-sdk/transactions/type-aliases/TransactionObjectInput.md' -> '../../content/ts-sdk/api/transactions/type-aliases/TransactionObjectInput.md'
iota-docs:build: 'docs/generated-docs/ts-sdk/transactions/type-aliases/Argument.md' -> '../../content/ts-sdk/api/transactions/type-aliases/Argument.md'
iota-docs:build: 'docs/generated-docs/ts-sdk/transactions/type-aliases/Command.md' -> '../../content/ts-sdk/api/transactions/type-aliases/Command.md'
iota-docs:build: 'docs/generated-docs/ts-sdk/transactions/type-aliases/CallArg.md' -> '../../content/ts-sdk/api/transactions/type-aliases/CallArg.md'
iota-docs:build: 'docs/generated-docs/ts-sdk/transactions/type-aliases/TransactionPlugin.md' -> '../../content/ts-sdk/api/transactions/type-aliases/TransactionPlugin.md'
iota-docs:build: 'docs/generated-docs/ts-sdk/transactions/type-aliases/TransactionObjectArgument.md' -> '../../content/ts-sdk/api/transactions/type-aliases/TransactionObjectArgument.md'
iota-docs:build: 'docs/generated-docs/ts-sdk/transactions/type-aliases/GasData.md' -> '../../content/ts-sdk/api/transactions/type-aliases/GasData.md'
iota-docs:build: 'docs/generated-docs/ts-sdk/transactions/type-aliases/TransactionInput.md' -> '../../content/ts-sdk/api/transactions/type-aliases/TransactionInput.md'
iota-docs:build: 'docs/generated-docs/ts-sdk/transactions/interfaces/SerializeTransactionOptions.md' -> '../../content/ts-sdk/api/transactions/interfaces/SerializeTransactionOptions.md'
iota-docs:build: 'docs/generated-docs/ts-sdk/transactions/interfaces/ParallelTransactionExecutorOptions.md' -> '../../content/ts-sdk/api/transactions/interfaces/ParallelTransactionExecutorOptions.md'
iota-docs:build: 'docs/generated-docs/ts-sdk/transactions/interfaces/BuildTransactionOptions.md' -> '../../content/ts-sdk/api/transactions/interfaces/BuildTransactionOptions.md'
iota-docs:build: 'docs/generated-docs/ts-sdk/transactions/index.md' -> '../../content/ts-sdk/api/transactions/index.md'
iota-docs:build: 'docs/generated-docs/ts-sdk/typedoc-sidebar.cjs' -> '../../content/ts-sdk/api/typedoc-sidebar.cjs'
iota-docs:build: 'docs/generated-docs/ts-sdk/utils/functions/isValidIotaAddress.md' -> '../../content/ts-sdk/api/utils/functions/isValidIotaAddress.md'
iota-docs:build: 'docs/generated-docs/ts-sdk/utils/functions/toB64.md' -> '../../content/ts-sdk/api/utils/functions/toB64.md'
iota-docs:build: 'docs/generated-docs/ts-sdk/utils/functions/isValidIotaObjectId.md' -> '../../content/ts-sdk/api/utils/functions/isValidIotaObjectId.md'
iota-docs:build: 'docs/generated-docs/ts-sdk/utils/functions/fromB64.md' -> '../../content/ts-sdk/api/utils/functions/fromB64.md'
iota-docs:build: 'docs/generated-docs/ts-sdk/utils/functions/parseStructTag.md' -> '../../content/ts-sdk/api/utils/functions/parseStructTag.md'
iota-docs:build: 'docs/generated-docs/ts-sdk/utils/functions/formatType.md' -> '../../content/ts-sdk/api/utils/functions/formatType.md'
iota-docs:build: 'docs/generated-docs/ts-sdk/utils/functions/normalizeIotaAddress.md' -> '../../content/ts-sdk/api/utils/functions/normalizeIotaAddress.md'
iota-docs:build: 'docs/generated-docs/ts-sdk/utils/functions/toHEX.md' -> '../../content/ts-sdk/api/utils/functions/toHEX.md'
iota-docs:build: 'docs/generated-docs/ts-sdk/utils/functions/normalizeIotaObjectId.md' -> '../../content/ts-sdk/api/utils/functions/normalizeIotaObjectId.md'
iota-docs:build: 'docs/generated-docs/ts-sdk/utils/functions/isValidTransactionDigest.md' -> '../../content/ts-sdk/api/utils/functions/isValidTransactionDigest.md'
iota-docs:build: 'docs/generated-docs/ts-sdk/utils/functions/normalizeStructTag.md' -> '../../content/ts-sdk/api/utils/functions/normalizeStructTag.md'
iota-docs:build: 'docs/generated-docs/ts-sdk/utils/functions/formatAddress.md' -> '../../content/ts-sdk/api/utils/functions/formatAddress.md'
iota-docs:build: 'docs/generated-docs/ts-sdk/utils/functions/formatDigest.md' -> '../../content/ts-sdk/api/utils/functions/formatDigest.md'
iota-docs:build: 'docs/generated-docs/ts-sdk/utils/functions/fromHEX.md' -> '../../content/ts-sdk/api/utils/functions/fromHEX.md'
iota-docs:build: 'docs/generated-docs/ts-sdk/utils/variables/IOTA_TYPE_ARG.md' -> '../../content/ts-sdk/api/utils/variables/IOTA_TYPE_ARG.md'
iota-docs:build: 'docs/generated-docs/ts-sdk/utils/variables/MOVE_STDLIB_ADDRESS.md' -> '../../content/ts-sdk/api/utils/variables/MOVE_STDLIB_ADDRESS.md'
iota-docs:build: 'docs/generated-docs/ts-sdk/utils/variables/IOTA_DECIMALS.md' -> '../../content/ts-sdk/api/utils/variables/IOTA_DECIMALS.md'
iota-docs:build: 'docs/generated-docs/ts-sdk/utils/variables/IOTA_FRAMEWORK_ADDRESS.md' -> '../../content/ts-sdk/api/utils/variables/IOTA_FRAMEWORK_ADDRESS.md'
iota-docs:build: 'docs/generated-docs/ts-sdk/utils/variables/NANOS_PER_IOTA.md' -> '../../content/ts-sdk/api/utils/variables/NANOS_PER_IOTA.md'
iota-docs:build: 'docs/generated-docs/ts-sdk/utils/variables/IOTA_ADDRESS_LENGTH.md' -> '../../content/ts-sdk/api/utils/variables/IOTA_ADDRESS_LENGTH.md'
iota-docs:build: 'docs/generated-docs/ts-sdk/utils/variables/IOTA_SYSTEM_ADDRESS.md' -> '../../content/ts-sdk/api/utils/variables/IOTA_SYSTEM_ADDRESS.md'
iota-docs:build: 'docs/generated-docs/ts-sdk/utils/variables/IOTA_SYSTEM_MODULE_NAME.md' -> '../../content/ts-sdk/api/utils/variables/IOTA_SYSTEM_MODULE_NAME.md'
iota-docs:build: 'docs/generated-docs/ts-sdk/utils/variables/IOTA_CLOCK_OBJECT_ID.md' -> '../../content/ts-sdk/api/utils/variables/IOTA_CLOCK_OBJECT_ID.md'
iota-docs:build: 'docs/generated-docs/ts-sdk/utils/variables/IOTA_SYSTEM_STATE_OBJECT_ID.md' -> '../../content/ts-sdk/api/utils/variables/IOTA_SYSTEM_STATE_OBJECT_ID.md'
iota-docs:build: 'docs/generated-docs/ts-sdk/utils/index.md' -> '../../content/ts-sdk/api/utils/index.md'
iota-docs:build: 'docs/generated-docs/ts-sdk/verify/functions/publicKeyFromRawBytes.md' -> '../../content/ts-sdk/api/verify/functions/publicKeyFromRawBytes.md'
iota-docs:build: 'docs/generated-docs/ts-sdk/verify/functions/verifyPersonalMessageSignature.md' -> '../../content/ts-sdk/api/verify/functions/verifyPersonalMessageSignature.md'
iota-docs:build: 'docs/generated-docs/ts-sdk/verify/functions/verifyTransactionSignature.md' -> '../../content/ts-sdk/api/verify/functions/verifyTransactionSignature.md'
iota-docs:build: 'docs/generated-docs/ts-sdk/verify/functions/verifySignature.md' -> '../../content/ts-sdk/api/verify/functions/verifySignature.md'
iota-docs:build: 'docs/generated-docs/ts-sdk/verify/functions/publicKeyFromIotaBytes.md' -> '../../content/ts-sdk/api/verify/functions/publicKeyFromIotaBytes.md'
iota-docs:build: 'docs/generated-docs/ts-sdk/verify/index.md' -> '../../content/ts-sdk/api/verify/index.md'
iota-docs:build: docs/generated-docs/framework/
iota-docs:build: docs/generated-docs/framework/iota-system/
iota-docs:build: docs/generated-docs/framework/iota-system/validator_cap.mdx
iota-docs:build: docs/generated-docs/framework/iota-system/validator_wrapper.mdx
iota-docs:build: docs/generated-docs/framework/iota-system/_category_.json
iota-docs:build: docs/generated-docs/framework/iota-system/storage_fund.mdx
iota-docs:build: docs/generated-docs/framework/iota-system/genesis.mdx
iota-docs:build: docs/generated-docs/framework/iota-system/validator.mdx
iota-docs:build: docs/generated-docs/framework/iota-system/timelocked_staking.mdx
iota-docs:build: docs/generated-docs/framework/iota-system/validator_set.mdx
iota-docs:build: docs/generated-docs/framework/iota-system/voting_power.mdx
iota-docs:build: docs/generated-docs/framework/iota-system/iota_system_state_inner.mdx
iota-docs:build: docs/generated-docs/framework/iota-system/staking_pool.mdx
iota-docs:build: docs/generated-docs/framework/iota-system/iota_system.mdx
iota-docs:build: docs/generated-docs/framework/move-stdlib/
iota-docs:build: docs/generated-docs/framework/move-stdlib/bcs.mdx
iota-docs:build: docs/generated-docs/framework/move-stdlib/hash.mdx
iota-docs:build: docs/generated-docs/framework/move-stdlib/type_name.mdx
iota-docs:build: docs/generated-docs/framework/move-stdlib/fixed_point32.mdx
iota-docs:build: docs/generated-docs/framework/move-stdlib/ascii.mdx
iota-docs:build: docs/generated-docs/framework/move-stdlib/_category_.json
iota-docs:build: docs/generated-docs/framework/move-stdlib/macros.mdx
iota-docs:build: docs/generated-docs/framework/move-stdlib/u64.mdx
iota-docs:build: docs/generated-docs/framework/move-stdlib/u16.mdx
iota-docs:build: docs/generated-docs/framework/move-stdlib/u32.mdx
iota-docs:build: docs/generated-docs/framework/move-stdlib/vector.mdx
iota-docs:build: docs/generated-docs/framework/move-stdlib/u256.mdx
iota-docs:build: docs/generated-docs/framework/move-stdlib/u8.mdx
iota-docs:build: docs/generated-docs/framework/move-stdlib/u128.mdx
iota-docs:build: docs/generated-docs/framework/move-stdlib/option.mdx
iota-docs:build: docs/generated-docs/framework/move-stdlib/bit_vector.mdx
iota-docs:build: docs/generated-docs/framework/move-stdlib/debug.mdx
iota-docs:build: docs/generated-docs/framework/move-stdlib/string.mdx
iota-docs:build: docs/generated-docs/framework/move-stdlib/address.mdx
iota-docs:build: docs/generated-docs/framework/iota-framework/
iota-docs:build: docs/generated-docs/framework/iota-framework/bcs.mdx
iota-docs:build: docs/generated-docs/framework/iota-framework/hash.mdx
iota-docs:build: docs/generated-docs/framework/iota-framework/bag.mdx
iota-docs:build: docs/generated-docs/framework/iota-framework/dynamic_object_field.mdx
iota-docs:build: docs/generated-docs/framework/iota-framework/group_ops.mdx
iota-docs:build: docs/generated-docs/framework/iota-framework/coin_manager.mdx
iota-docs:build: docs/generated-docs/framework/iota-framework/timelock.mdx
iota-docs:build: docs/generated-docs/framework/iota-framework/balance.mdx
iota-docs:build: docs/generated-docs/framework/iota-framework/ecvrf.mdx
iota-docs:build: docs/generated-docs/framework/iota-framework/_category_.json
iota-docs:build: docs/generated-docs/framework/iota-framework/vec_set.mdx
iota-docs:build: docs/generated-docs/framework/iota-framework/object_table.mdx
iota-docs:build: docs/generated-docs/framework/iota-framework/types.mdx
iota-docs:build: docs/generated-docs/framework/iota-framework/kiosk_extension.mdx
iota-docs:build: docs/generated-docs/framework/iota-framework/random.mdx
iota-docs:build: docs/generated-docs/framework/iota-framework/labeler.mdx
iota-docs:build: docs/generated-docs/framework/iota-framework/linked_table.mdx
iota-docs:build: docs/generated-docs/framework/iota-framework/package.mdx
iota-docs:build: docs/generated-docs/framework/iota-framework/kiosk.mdx
iota-docs:build: docs/generated-docs/framework/iota-framework/display.mdx
iota-docs:build: docs/generated-docs/framework/iota-framework/vec_map.mdx
iota-docs:build: docs/generated-docs/framework/iota-framework/transfer_policy.mdx
iota-docs:build: docs/generated-docs/framework/iota-framework/zklogin_verified_id.mdx
iota-docs:build: docs/generated-docs/framework/iota-framework/deny_list.mdx
iota-docs:build: docs/generated-docs/framework/iota-framework/tx_context.mdx
iota-docs:build: docs/generated-docs/framework/iota-framework/ed25519.mdx
iota-docs:build: docs/generated-docs/framework/iota-framework/ecdsa_r1.mdx
iota-docs:build: docs/generated-docs/framework/iota-framework/ecdsa_k1.mdx
iota-docs:build: docs/generated-docs/framework/iota-framework/hmac.mdx
iota-docs:build: docs/generated-docs/framework/iota-framework/coin.mdx
iota-docs:build: docs/generated-docs/framework/iota-framework/vdf.mdx
iota-docs:build: docs/generated-docs/framework/iota-framework/clock.mdx
iota-docs:build: docs/generated-docs/framework/iota-framework/system_admin_cap.mdx
iota-docs:build: docs/generated-docs/framework/iota-framework/table.mdx
iota-docs:build: docs/generated-docs/framework/iota-framework/table_vec.mdx
iota-docs:build: docs/generated-docs/framework/iota-framework/url.mdx
iota-docs:build: docs/generated-docs/framework/iota-framework/dynamic_field.mdx
iota-docs:build: docs/generated-docs/framework/iota-framework/token.mdx
iota-docs:build: docs/generated-docs/framework/iota-framework/hex.mdx
iota-docs:build: docs/generated-docs/framework/iota-framework/groth16.mdx
iota-docs:build: docs/generated-docs/framework/iota-framework/address.mdx
iota-docs:build: docs/generated-docs/framework/iota-framework/zklogin_verified_issuer.mdx
iota-docs:build: docs/generated-docs/framework/iota-framework/event.mdx
iota-docs:build: docs/generated-docs/framework/iota-framework/prover.mdx
iota-docs:build: docs/generated-docs/framework/iota-framework/poseidon.mdx
iota-docs:build: docs/generated-docs/framework/iota-framework/config.mdx
iota-docs:build: docs/generated-docs/framework/iota-framework/authenticator_state.mdx
iota-docs:build: docs/generated-docs/framework/iota-framework/borrow.mdx
iota-docs:build: docs/generated-docs/framework/iota-framework/bls12381.mdx
iota-docs:build: docs/generated-docs/framework/iota-framework/object_bag.mdx
iota-docs:build: docs/generated-docs/framework/iota-framework/transfer.mdx
iota-docs:build: docs/generated-docs/framework/iota-framework/versioned.mdx
iota-docs:build: docs/generated-docs/framework/iota-framework/object.mdx
iota-docs:build: docs/generated-docs/framework/iota-framework/priority_queue.mdx
iota-docs:build: docs/generated-docs/framework/iota-framework/iota.mdx
iota-docs:build: docs/generated-docs/framework/iota-framework/pay.mdx
iota-docs:build: docs/generated-docs/framework/bridge/
iota-docs:build: docs/generated-docs/framework/bridge/_category_.json
iota-docs:build: docs/generated-docs/framework/bridge/committee.mdx
iota-docs:build: docs/generated-docs/framework/bridge/chain_ids.mdx
iota-docs:build: docs/generated-docs/framework/bridge/bridge.mdx
iota-docs:build: docs/generated-docs/framework/bridge/crypto.mdx
iota-docs:build: docs/generated-docs/framework/bridge/limiter.mdx
iota-docs:build: docs/generated-docs/framework/bridge/treasury.mdx
iota-docs:build: docs/generated-docs/framework/bridge/message.mdx
iota-docs:build: docs/generated-docs/framework/bridge/message_types.mdx
iota-docs:build: docs/generated-docs/framework/stardust/
iota-docs:build: docs/generated-docs/framework/stardust/expiration_unlock_condition.mdx
iota-docs:build: docs/generated-docs/framework/stardust/_category_.json
iota-docs:build: docs/generated-docs/framework/stardust/nft_output.mdx
iota-docs:build: docs/generated-docs/framework/stardust/nft.mdx
iota-docs:build: docs/generated-docs/framework/stardust/utilities.mdx
iota-docs:build: docs/generated-docs/framework/stardust/storage_deposit_return_unlock_condition.mdx
iota-docs:build: docs/generated-docs/framework/stardust/alias.mdx
iota-docs:build: docs/generated-docs/framework/stardust/address_unlock_condition.mdx
iota-docs:build: docs/generated-docs/framework/stardust/timelock_unlock_condition.mdx
iota-docs:build: docs/generated-docs/framework/stardust/alias_output.mdx
iota-docs:build: docs/generated-docs/framework/stardust/stardust_upgrade_label.mdx
iota-docs:build: docs/generated-docs/framework/stardust/basic_output.mdx
iota-docs:build: docs/generated-docs/framework/stardust/irc27.mdx
iota-docs:build: docs/generated-docs/ts-sdk/
iota-docs:build: docs/generated-docs/ts-sdk/bcs/
iota-docs:build: docs/generated-docs/ts-sdk/bcs/classes/
iota-docs:build: docs/generated-docs/ts-sdk/bcs/classes/BcsType.md
iota-docs:build: docs/generated-docs/ts-sdk/bcs/classes/TypeTagSerializer.md
iota-docs:build: docs/generated-docs/ts-sdk/bcs/variables/
iota-docs:build: docs/generated-docs/ts-sdk/bcs/variables/bcs.md
iota-docs:build: docs/generated-docs/ts-sdk/bcs/type-aliases/
iota-docs:build: docs/generated-docs/ts-sdk/bcs/type-aliases/TypeTag.md
iota-docs:build: docs/generated-docs/ts-sdk/bcs/interfaces/
iota-docs:build: docs/generated-docs/ts-sdk/bcs/interfaces/BcsTypeOptions.md
iota-docs:build: docs/generated-docs/ts-sdk/bcs/index.md
iota-docs:build: docs/generated-docs/ts-sdk/verify/
iota-docs:build: docs/generated-docs/ts-sdk/verify/functions/
iota-docs:build: docs/generated-docs/ts-sdk/verify/functions/publicKeyFromRawBytes.md
iota-docs:build: docs/generated-docs/ts-sdk/verify/functions/verifyPersonalMessageSignature.md
iota-docs:build: docs/generated-docs/ts-sdk/verify/functions/verifyTransactionSignature.md
iota-docs:build: docs/generated-docs/ts-sdk/verify/functions/verifySignature.md
iota-docs:build: docs/generated-docs/ts-sdk/verify/functions/publicKeyFromIotaBytes.md
iota-docs:build: docs/generated-docs/ts-sdk/verify/index.md
iota-docs:build: docs/generated-docs/ts-sdk/multisig/
iota-docs:build: docs/generated-docs/ts-sdk/multisig/functions/
iota-docs:build: docs/generated-docs/ts-sdk/multisig/functions/parsePartialSignatures.md
iota-docs:build: docs/generated-docs/ts-sdk/multisig/classes/
iota-docs:build: docs/generated-docs/ts-sdk/multisig/classes/MultiSigSigner.md
iota-docs:build: docs/generated-docs/ts-sdk/multisig/classes/MultiSigPublicKey.md
iota-docs:build: docs/generated-docs/ts-sdk/multisig/type-aliases/
iota-docs:build: docs/generated-docs/ts-sdk/multisig/type-aliases/MultiSigStruct.md
iota-docs:build: docs/generated-docs/ts-sdk/multisig/index.md
iota-docs:build: docs/generated-docs/ts-sdk/typedoc-sidebar.cjs
iota-docs:build: docs/generated-docs/ts-sdk/graphql/
iota-docs:build: docs/generated-docs/ts-sdk/graphql/classes/
iota-docs:build: docs/generated-docs/ts-sdk/graphql/classes/IotaGraphQLRequestError.md
iota-docs:build: docs/generated-docs/ts-sdk/graphql/classes/IotaGraphQLClient.md
iota-docs:build: docs/generated-docs/ts-sdk/graphql/type-aliases/
iota-docs:build: docs/generated-docs/ts-sdk/graphql/type-aliases/GraphQLQueryOptions.md
iota-docs:build: docs/generated-docs/ts-sdk/graphql/type-aliases/GraphQLResponseErrors.md
iota-docs:build: docs/generated-docs/ts-sdk/graphql/type-aliases/GraphQLDocument.md
iota-docs:build: docs/generated-docs/ts-sdk/graphql/type-aliases/GraphQLQueryResult.md
iota-docs:build: docs/generated-docs/ts-sdk/graphql/interfaces/
iota-docs:build: docs/generated-docs/ts-sdk/graphql/interfaces/IotaGraphQLClientOptions.md
iota-docs:build: docs/generated-docs/ts-sdk/graphql/index.md
iota-docs:build: docs/generated-docs/ts-sdk/faucet/
iota-docs:build: docs/generated-docs/ts-sdk/faucet/functions/
iota-docs:build: docs/generated-docs/ts-sdk/faucet/functions/getFaucetRequestStatus.md
iota-docs:build: docs/generated-docs/ts-sdk/faucet/functions/requestIotaFromFaucetV1.md
iota-docs:build: docs/generated-docs/ts-sdk/faucet/functions/getFaucetHost.md
iota-docs:build: docs/generated-docs/ts-sdk/faucet/functions/requestIotaFromFaucetV0.md
iota-docs:build: docs/generated-docs/ts-sdk/faucet/classes/
iota-docs:build: docs/generated-docs/ts-sdk/faucet/classes/FaucetRateLimitError.md
iota-docs:build: docs/generated-docs/ts-sdk/faucet/index.md
iota-docs:build: docs/generated-docs/ts-sdk/transactions/
iota-docs:build: docs/generated-docs/ts-sdk/transactions/functions/
iota-docs:build: docs/generated-docs/ts-sdk/transactions/functions/isTransaction.md
iota-docs:build: docs/generated-docs/ts-sdk/transactions/functions/getPureBcsSchema.md
iota-docs:build: docs/generated-docs/ts-sdk/transactions/functions/normalizedTypeToMoveTypeSignature.md
iota-docs:build: docs/generated-docs/ts-sdk/transactions/functions/coinWithBalance.md
iota-docs:build: docs/generated-docs/ts-sdk/transactions/classes/
iota-docs:build: docs/generated-docs/ts-sdk/transactions/classes/SerialTransactionExecutor.md
iota-docs:build: docs/generated-docs/ts-sdk/transactions/classes/ParallelTransactionExecutor.md
iota-docs:build: docs/generated-docs/ts-sdk/transactions/classes/ObjectCache.md
iota-docs:build: docs/generated-docs/ts-sdk/transactions/classes/Transaction.md
iota-docs:build: docs/generated-docs/ts-sdk/transactions/classes/AsyncCache.md
iota-docs:build: docs/generated-docs/ts-sdk/transactions/classes/TransactionDataBuilder.md
iota-docs:build: docs/generated-docs/ts-sdk/transactions/enumerations/
iota-docs:build: docs/generated-docs/ts-sdk/transactions/enumerations/UpgradePolicy.md
iota-docs:build: docs/generated-docs/ts-sdk/transactions/variables/
iota-docs:build: docs/generated-docs/ts-sdk/transactions/variables/SerializedTransactionDataV2.md
iota-docs:build: docs/generated-docs/ts-sdk/transactions/variables/SerializedTransactionDataV1.md
iota-docs:build: docs/generated-docs/ts-sdk/transactions/variables/TransactionData.md
iota-docs:build: docs/generated-docs/ts-sdk/transactions/variables/OpenMoveTypeSignature.md
iota-docs:build: docs/generated-docs/ts-sdk/transactions/variables/Arguments.md
iota-docs:build: docs/generated-docs/ts-sdk/transactions/variables/ObjectRef.md
iota-docs:build: docs/generated-docs/ts-sdk/transactions/variables/OpenMoveTypeSignatureBody.md
iota-docs:build: docs/generated-docs/ts-sdk/transactions/variables/Argument.md
iota-docs:build: docs/generated-docs/ts-sdk/transactions/variables/Command.md
iota-docs:build: docs/generated-docs/ts-sdk/transactions/variables/Inputs.md
iota-docs:build: docs/generated-docs/ts-sdk/transactions/variables/Commands.md
iota-docs:build: docs/generated-docs/ts-sdk/transactions/variables/GasData.md
iota-docs:build: docs/generated-docs/ts-sdk/transactions/type-aliases/
iota-docs:build: docs/generated-docs/ts-sdk/transactions/type-aliases/SerializedTransactionDataV2.md
iota-docs:build: docs/generated-docs/ts-sdk/transactions/type-aliases/SerializedTransactionDataV1.md
iota-docs:build: docs/generated-docs/ts-sdk/transactions/type-aliases/TransactionData.md
iota-docs:build: docs/generated-docs/ts-sdk/transactions/type-aliases/TransactionArgument.md
iota-docs:build: docs/generated-docs/ts-sdk/transactions/type-aliases/OpenMoveTypeSignature.md
iota-docs:build: docs/generated-docs/ts-sdk/transactions/type-aliases/ObjectRef.md
iota-docs:build: docs/generated-docs/ts-sdk/transactions/type-aliases/TransactionResult.md
iota-docs:build: docs/generated-docs/ts-sdk/transactions/type-aliases/OpenMoveTypeSignatureBody.md
iota-docs:build: docs/generated-docs/ts-sdk/transactions/type-aliases/TransactionObjectInput.md
iota-docs:build: docs/generated-docs/ts-sdk/transactions/type-aliases/Argument.md
iota-docs:build: docs/generated-docs/ts-sdk/transactions/type-aliases/Command.md
iota-docs:build: docs/generated-docs/ts-sdk/transactions/type-aliases/CallArg.md
iota-docs:build: docs/generated-docs/ts-sdk/transactions/type-aliases/TransactionPlugin.md
iota-docs:build: docs/generated-docs/ts-sdk/transactions/type-aliases/TransactionObjectArgument.md
iota-docs:build: docs/generated-docs/ts-sdk/transactions/type-aliases/GasData.md
iota-docs:build: docs/generated-docs/ts-sdk/transactions/type-aliases/TransactionInput.md
iota-docs:build: docs/generated-docs/ts-sdk/transactions/interfaces/
iota-docs:build: docs/generated-docs/ts-sdk/transactions/interfaces/SerializeTransactionOptions.md
iota-docs:build: docs/generated-docs/ts-sdk/transactions/interfaces/ParallelTransactionExecutorOptions.md
iota-docs:build: docs/generated-docs/ts-sdk/transactions/interfaces/BuildTransactionOptions.md
iota-docs:build: docs/generated-docs/ts-sdk/transactions/index.md
iota-docs:build: docs/generated-docs/ts-sdk/client/
iota-docs:build: docs/generated-docs/ts-sdk/client/functions/
iota-docs:build: docs/generated-docs/ts-sdk/client/functions/isIotaClient.md
iota-docs:build: docs/generated-docs/ts-sdk/client/functions/getFullnodeUrl.md
iota-docs:build: docs/generated-docs/ts-sdk/client/functions/getNetwork.md
iota-docs:build: docs/generated-docs/ts-sdk/client/functions/getAppsBackend.md
iota-docs:build: docs/generated-docs/ts-sdk/client/functions/getAllNetworks.md
iota-docs:build: docs/generated-docs/ts-sdk/client/functions/getDefaultNetwork.md
iota-docs:build: docs/generated-docs/ts-sdk/client/classes/
iota-docs:build: docs/generated-docs/ts-sdk/client/classes/IotaHTTPStatusError.md
iota-docs:build: docs/generated-docs/ts-sdk/client/classes/JsonRpcError.md
iota-docs:build: docs/generated-docs/ts-sdk/client/classes/IotaHTTPTransport.md
iota-docs:build: docs/generated-docs/ts-sdk/client/classes/IotaHTTPTransportError.md
iota-docs:build: docs/generated-docs/ts-sdk/client/classes/IotaClient.md
iota-docs:build: docs/generated-docs/ts-sdk/client/enumerations/
iota-docs:build: docs/generated-docs/ts-sdk/client/enumerations/Network.md
iota-docs:build: docs/generated-docs/ts-sdk/client/type-aliases/
iota-docs:build: docs/generated-docs/ts-sdk/client/type-aliases/AllEpochsAddressMetrics.md
iota-docs:build: docs/generated-docs/ts-sdk/client/type-aliases/TimelockedStake.md
iota-docs:build: docs/generated-docs/ts-sdk/client/type-aliases/IotaEventFilter.md
iota-docs:build: docs/generated-docs/ts-sdk/client/type-aliases/IotaParsedData.md
iota-docs:build: docs/generated-docs/ts-sdk/client/type-aliases/IotaTransactionBlockBuilderMode.md
iota-docs:build: docs/generated-docs/ts-sdk/client/type-aliases/CheckpointId.md
iota-docs:build: docs/generated-docs/ts-sdk/client/type-aliases/QueryTransactionBlocksParams.md
iota-docs:build: docs/generated-docs/ts-sdk/client/type-aliases/EpochPage.md
iota-docs:build: docs/generated-docs/ts-sdk/client/type-aliases/ObjectOwner.md
iota-docs:build: docs/generated-docs/ts-sdk/client/type-aliases/RawData.md
iota-docs:build: docs/generated-docs/ts-sdk/client/type-aliases/ProgrammableTransaction.md
iota-docs:build: docs/generated-docs/ts-sdk/client/type-aliases/DynamicFieldPage.md
iota-docs:build: docs/generated-docs/ts-sdk/client/type-aliases/ObjectRead.md
iota-docs:build: docs/generated-docs/ts-sdk/client/type-aliases/IotaMoveVisibility.md
iota-docs:build: docs/generated-docs/ts-sdk/client/type-aliases/TransactionFilter.md
iota-docs:build: docs/generated-docs/ts-sdk/client/type-aliases/MoveCallMetric.md
iota-docs:build: docs/generated-docs/ts-sdk/client/type-aliases/ChainType.md
iota-docs:build: docs/generated-docs/ts-sdk/client/type-aliases/ObjectResponseError.md
iota-docs:build: docs/generated-docs/ts-sdk/client/type-aliases/ConsensusDeterminedVersionAssignments.md
iota-docs:build: docs/generated-docs/ts-sdk/client/type-aliases/InputObjectKind.md
iota-docs:build: docs/generated-docs/ts-sdk/client/type-aliases/CoinBalance.md
iota-docs:build: docs/generated-docs/ts-sdk/client/type-aliases/Order.md
iota-docs:build: docs/generated-docs/ts-sdk/client/type-aliases/IotaTransaction.md
iota-docs:build: docs/generated-docs/ts-sdk/client/type-aliases/EpochMetricsPage.md
iota-docs:build: docs/generated-docs/ts-sdk/client/type-aliases/CompressedSignature.md
iota-docs:build: docs/generated-docs/ts-sdk/client/type-aliases/ProtocolConfigValue.md
iota-docs:build: docs/generated-docs/ts-sdk/client/type-aliases/CheckpointPage.md
iota-docs:build: docs/generated-docs/ts-sdk/client/type-aliases/MoveValue.md
iota-docs:build: docs/generated-docs/ts-sdk/client/type-aliases/ExecuteTransactionRequestType.md
iota-docs:build: docs/generated-docs/ts-sdk/client/type-aliases/IotaArgument.md
iota-docs:build: docs/generated-docs/ts-sdk/client/type-aliases/IotaObjectDataFilter.md
iota-docs:build: docs/generated-docs/ts-sdk/client/type-aliases/IotaCallArg.md
iota-docs:build: docs/generated-docs/ts-sdk/client/type-aliases/IotaMoveNormalizedType.md
iota-docs:build: docs/generated-docs/ts-sdk/client/type-aliases/DynamicFieldType.md
iota-docs:build: docs/generated-docs/ts-sdk/client/type-aliases/IotaObjectChange.md
iota-docs:build: docs/generated-docs/ts-sdk/client/type-aliases/ObjectValueKind.md
iota-docs:build: docs/generated-docs/ts-sdk/client/type-aliases/IotaMoveObject.md
iota-docs:build: docs/generated-docs/ts-sdk/client/type-aliases/IotaTransactionBlockKind.md
iota-docs:build: docs/generated-docs/ts-sdk/client/type-aliases/IotaMoveNormalizedModules.md
iota-docs:build: docs/generated-docs/ts-sdk/client/type-aliases/IotaMovePackage.md
iota-docs:build: docs/generated-docs/ts-sdk/client/type-aliases/IotaObjectChangeMutated.md
iota-docs:build: docs/generated-docs/ts-sdk/client/type-aliases/IotaObjectChangeWrapped.md
iota-docs:build: docs/generated-docs/ts-sdk/client/type-aliases/CheckpointCommitment.md
iota-docs:build: docs/generated-docs/ts-sdk/client/type-aliases/IotaEndOfEpochTransactionKind.md
iota-docs:build: docs/generated-docs/ts-sdk/client/type-aliases/IotaObjectChangeDeleted.md
iota-docs:build: docs/generated-docs/ts-sdk/client/type-aliases/GetOwnedObjectsParams.md
iota-docs:build: docs/generated-docs/ts-sdk/client/type-aliases/ExecutionStatus.md
iota-docs:build: docs/generated-docs/ts-sdk/client/type-aliases/IotaClientOptions.md
iota-docs:build: docs/generated-docs/ts-sdk/client/type-aliases/Signature.md
iota-docs:build: docs/generated-docs/ts-sdk/client/type-aliases/Unsubscribe.md
iota-docs:build: docs/generated-docs/ts-sdk/client/type-aliases/PublicKey.md
iota-docs:build: docs/generated-docs/ts-sdk/client/type-aliases/RPCTransactionRequestParams.md
iota-docs:build: docs/generated-docs/ts-sdk/client/type-aliases/IotaObjectChangePublished.md
iota-docs:build: docs/generated-docs/ts-sdk/client/type-aliases/IotaMoveAbility.md
iota-docs:build: docs/generated-docs/ts-sdk/client/type-aliases/IotaMoveFunctionArgType.md
iota-docs:build: docs/generated-docs/ts-sdk/client/type-aliases/MoveStruct.md
iota-docs:build: docs/generated-docs/ts-sdk/client/type-aliases/HttpHeaders.md
iota-docs:build: docs/generated-docs/ts-sdk/client/type-aliases/TransactionEffects.md
iota-docs:build: docs/generated-docs/ts-sdk/client/type-aliases/IotaObjectChangeCreated.md
iota-docs:build: docs/generated-docs/ts-sdk/client/type-aliases/TransactionBlockData.md
iota-docs:build: docs/generated-docs/ts-sdk/client/type-aliases/StakeObject.md
iota-docs:build: docs/generated-docs/ts-sdk/client/type-aliases/NetworkId.md
iota-docs:build: docs/generated-docs/ts-sdk/client/type-aliases/IotaObjectChangeTransferred.md
iota-docs:build: docs/generated-docs/ts-sdk/client/interfaces/
iota-docs:build: docs/generated-docs/ts-sdk/client/interfaces/IotaMoveNormalizedModule.md
iota-docs:build: docs/generated-docs/ts-sdk/client/interfaces/TryMultiGetPastObjectsParams.md
iota-docs:build: docs/generated-docs/ts-sdk/client/interfaces/MoveCallParams.md
iota-docs:build: docs/generated-docs/ts-sdk/client/interfaces/SubscribeEventParams.md
iota-docs:build: docs/generated-docs/ts-sdk/client/interfaces/PaginatedTransactionResponse.md
iota-docs:build: docs/generated-docs/ts-sdk/client/interfaces/SubscribeTransactionParams.md
iota-docs:build: docs/generated-docs/ts-sdk/client/interfaces/UnsafeMergeCoinsParams.md
iota-docs:build: docs/generated-docs/ts-sdk/client/interfaces/GetCoinMetadataParams.md
iota-docs:build: docs/generated-docs/ts-sdk/client/interfaces/PaginatedDynamicFieldInfos.md
iota-docs:build: docs/generated-docs/ts-sdk/client/interfaces/DynamicFieldInfo.md
iota-docs:build: docs/generated-docs/ts-sdk/client/interfaces/PaginatedCheckpoints.md
iota-docs:build: docs/generated-docs/ts-sdk/client/interfaces/UnsafePublishParams.md
iota-docs:build: docs/generated-docs/ts-sdk/client/interfaces/IotaObjectResponseQuery.md
iota-docs:build: docs/generated-docs/ts-sdk/client/interfaces/GetMoveFunctionArgTypesParams.md
iota-docs:build: docs/generated-docs/ts-sdk/client/interfaces/DevInspectArgs.md
iota-docs:build: docs/generated-docs/ts-sdk/client/interfaces/IotaJWK.md
iota-docs:build: docs/generated-docs/ts-sdk/client/interfaces/IotaActiveJwk.md
iota-docs:build: docs/generated-docs/ts-sdk/client/interfaces/ValidatorApy.md
iota-docs:build: docs/generated-docs/ts-sdk/client/interfaces/GetTimelockedStakesParams.md
iota-docs:build: docs/generated-docs/ts-sdk/client/interfaces/IotaTransactionBlock.md
iota-docs:build: docs/generated-docs/ts-sdk/client/interfaces/TypeOrigin.md
iota-docs:build: docs/generated-docs/ts-sdk/client/interfaces/GetAllEpochAddressMetricsParams.md
iota-docs:build: docs/generated-docs/ts-sdk/client/interfaces/GetAllBalancesParams.md
iota-docs:build: docs/generated-docs/ts-sdk/client/interfaces/GetLatestCheckpointSequenceNumberParams.md
iota-docs:build: docs/generated-docs/ts-sdk/client/interfaces/TransactionBlockBytes.md
iota-docs:build: docs/generated-docs/ts-sdk/client/interfaces/CoinSupply.md
iota-docs:build: docs/generated-docs/ts-sdk/client/interfaces/EndOfEpochInfo.md
iota-docs:build: docs/generated-docs/ts-sdk/client/interfaces/QueryEventsParams.md
iota-docs:build: docs/generated-docs/ts-sdk/client/interfaces/MoveCallIotaTransaction.md
iota-docs:build: docs/generated-docs/ts-sdk/client/interfaces/IotaMoveNormalizedFunction.md
iota-docs:build: docs/generated-docs/ts-sdk/client/interfaces/GasCostSummary.md
iota-docs:build: docs/generated-docs/ts-sdk/client/interfaces/UnsafeTransferIotaParams.md
iota-docs:build: docs/generated-docs/ts-sdk/client/interfaces/GetValidatorsApyParams.md
iota-docs:build: docs/generated-docs/ts-sdk/client/interfaces/PaginatedCoins.md
iota-docs:build: docs/generated-docs/ts-sdk/client/interfaces/PaginatedObjectsResponse.md
iota-docs:build: docs/generated-docs/ts-sdk/client/interfaces/GetMoveCallMetricsParams.md
iota-docs:build: docs/generated-docs/ts-sdk/client/interfaces/UnsafeBatchTransactionParams.md
iota-docs:build: docs/generated-docs/ts-sdk/client/interfaces/GetCoinsParams.md
iota-docs:build: docs/generated-docs/ts-sdk/client/interfaces/IotaTransactionBlockResponse.md
iota-docs:build: docs/generated-docs/ts-sdk/client/interfaces/PaginatedEpochMetricss.md
iota-docs:build: docs/generated-docs/ts-sdk/client/interfaces/MultiGetObjectsParams.md
iota-docs:build: docs/generated-docs/ts-sdk/client/interfaces/CommitteeInfo.md
iota-docs:build: docs/generated-docs/ts-sdk/client/interfaces/DynamicFieldName.md
iota-docs:build: docs/generated-docs/ts-sdk/client/interfaces/GetCommitteeInfoParams.md
iota-docs:build: docs/generated-docs/ts-sdk/client/interfaces/MultiGetTransactionBlocksParams.md
iota-docs:build: docs/generated-docs/ts-sdk/client/interfaces/GetNormalizedMoveFunctionParams.md
iota-docs:build: docs/generated-docs/ts-sdk/client/interfaces/ProtocolConfig.md
iota-docs:build: docs/generated-docs/ts-sdk/client/interfaces/UnsafeTransferObjectParams.md
iota-docs:build: docs/generated-docs/ts-sdk/client/interfaces/MultiSig.md
iota-docs:build: docs/generated-docs/ts-sdk/client/interfaces/GetTransactionBlockParams.md
iota-docs:build: docs/generated-docs/ts-sdk/client/interfaces/PasskeyAuthenticator.md
iota-docs:build: docs/generated-docs/ts-sdk/client/interfaces/DevInspectResults.md
iota-docs:build: docs/generated-docs/ts-sdk/client/interfaces/UnsafeMoveCallParams.md
iota-docs:build: docs/generated-docs/ts-sdk/client/interfaces/GetDynamicFieldsParams.md
iota-docs:build: docs/generated-docs/ts-sdk/client/interfaces/GetChainIdentifierParams.md
iota-docs:build: docs/generated-docs/ts-sdk/client/interfaces/IotaHTTPTransportOptions.md
iota-docs:build: docs/generated-docs/ts-sdk/client/interfaces/GetLatestAddressMetricsParams.md
iota-docs:build: docs/generated-docs/ts-sdk/client/interfaces/GetNormalizedMoveStructParams.md
iota-docs:build: docs/generated-docs/ts-sdk/client/interfaces/DevInspectTransactionBlockParams.md
iota-docs:build: docs/generated-docs/ts-sdk/client/interfaces/ECMHLiveObjectSetDigest.md
iota-docs:build: docs/generated-docs/ts-sdk/client/interfaces/IotaMoveStructTypeParameter.md
iota-docs:build: docs/generated-docs/ts-sdk/client/interfaces/ZkLoginProof.md
iota-docs:build: docs/generated-docs/ts-sdk/client/interfaces/IotaTransportSubscribeOptions.md
iota-docs:build: docs/generated-docs/ts-sdk/client/interfaces/GetReferenceGasPriceParams.md
iota-docs:build: docs/generated-docs/ts-sdk/client/interfaces/DelegatedTimelockedStake.md
iota-docs:build: docs/generated-docs/ts-sdk/client/interfaces/IotaObjectData.md
iota-docs:build: docs/generated-docs/ts-sdk/client/interfaces/IotaObjectRef.md
iota-docs:build: docs/generated-docs/ts-sdk/client/interfaces/ExecuteTransactionBlockParams.md
iota-docs:build: docs/generated-docs/ts-sdk/client/interfaces/Claim.md
iota-docs:build: docs/generated-docs/ts-sdk/client/interfaces/GetBalanceParams.md
iota-docs:build: docs/generated-docs/ts-sdk/client/interfaces/UnsafeRequestWithdrawStakeParams.md
iota-docs:build: docs/generated-docs/ts-sdk/client/interfaces/ZkLoginAuthenticator.md
iota-docs:build: docs/generated-docs/ts-sdk/client/interfaces/KioskConfiguration.md
iota-docs:build: docs/generated-docs/ts-sdk/client/interfaces/MoveCallMetrics.md
iota-docs:build: docs/generated-docs/ts-sdk/client/interfaces/DryRunTransactionBlockResponse.md
iota-docs:build: docs/generated-docs/ts-sdk/client/interfaces/IotaSystemStateSummary.md
iota-docs:build: docs/generated-docs/ts-sdk/client/interfaces/GetEpochsParams.md
iota-docs:build: docs/generated-docs/ts-sdk/client/interfaces/AddressMetrics.md
iota-docs:build: docs/generated-docs/ts-sdk/client/interfaces/GetEpochMetricsParams.md
iota-docs:build: docs/generated-docs/ts-sdk/client/interfaces/GetTotalSupplyParams.md
iota-docs:build: docs/generated-docs/ts-sdk/client/interfaces/PaginationArguments.md
iota-docs:build: docs/generated-docs/ts-sdk/client/interfaces/EpochInfo.md
iota-docs:build: docs/generated-docs/ts-sdk/client/interfaces/IotaExecutionResult.md
iota-docs:build: docs/generated-docs/ts-sdk/client/interfaces/GetObjectParams.md
iota-docs:build: docs/generated-docs/ts-sdk/client/interfaces/IotaEvent.md
iota-docs:build: docs/generated-docs/ts-sdk/client/interfaces/GetLatestIotaSystemStateParams.md
iota-docs:build: docs/generated-docs/ts-sdk/client/interfaces/DisplayFieldsResponse.md
iota-docs:build: docs/generated-docs/ts-sdk/client/interfaces/IotaTransportRequestOptions.md
iota-docs:build: docs/generated-docs/ts-sdk/client/interfaces/IotaJwkId.md
iota-docs:build: docs/generated-docs/ts-sdk/client/interfaces/IotaTransactionBlockResponseOptions.md
iota-docs:build: docs/generated-docs/ts-sdk/client/interfaces/GetTotalTransactionBlocksParams.md
iota-docs:build: docs/generated-docs/ts-sdk/client/interfaces/UnsafePayAllIotaParams.md
iota-docs:build: docs/generated-docs/ts-sdk/client/interfaces/IotaValidatorSummary.md
iota-docs:build: docs/generated-docs/ts-sdk/client/interfaces/IotaTransactionBlockResponseQuery.md
iota-docs:build: docs/generated-docs/ts-sdk/client/interfaces/PaginatedEpochInfos.md
iota-docs:build: docs/generated-docs/ts-sdk/client/interfaces/NetworkConfiguration.md
iota-docs:build: docs/generated-docs/ts-sdk/client/interfaces/MoveVariant.md
iota-docs:build: docs/generated-docs/ts-sdk/client/interfaces/DryRunTransactionBlockParams.md
iota-docs:build: docs/generated-docs/ts-sdk/client/interfaces/UnsafePayParams.md
iota-docs:build: docs/generated-docs/ts-sdk/client/interfaces/EndOfEpochData.md
iota-docs:build: docs/generated-docs/ts-sdk/client/interfaces/TransactionBlockEffectsModifiedAtVersions.md
iota-docs:build: docs/generated-docs/ts-sdk/client/interfaces/BalanceChange.md
iota-docs:build: docs/generated-docs/ts-sdk/client/interfaces/GetDynamicFieldObjectParams.md
iota-docs:build: docs/generated-docs/ts-sdk/client/interfaces/NetworkMetrics.md
iota-docs:build: docs/generated-docs/ts-sdk/client/interfaces/OrderArguments.md
iota-docs:build: docs/generated-docs/ts-sdk/client/interfaces/IotaObjectDataOptions.md
iota-docs:build: docs/generated-docs/ts-sdk/client/interfaces/IotaTransport.md
iota-docs:build: docs/generated-docs/ts-sdk/client/interfaces/IotaObjectResponse.md
iota-docs:build: docs/generated-docs/ts-sdk/client/interfaces/GetStakesParams.md
iota-docs:build: docs/generated-docs/ts-sdk/client/interfaces/IotaMoveAbilitySet.md
iota-docs:build: docs/generated-docs/ts-sdk/client/interfaces/MoveFunctionName.md
iota-docs:build: docs/generated-docs/ts-sdk/client/interfaces/IotaGasData.md
iota-docs:build: docs/generated-docs/ts-sdk/client/interfaces/GetPastObjectRequest.md
iota-docs:build: docs/generated-docs/ts-sdk/client/interfaces/GetCheckpointAddressMetricsParams.md
iota-docs:build: docs/generated-docs/ts-sdk/client/interfaces/GetProtocolConfigParams.md
iota-docs:build: docs/generated-docs/ts-sdk/client/interfaces/UnsafeSplitCoinParams.md
iota-docs:build: docs/generated-docs/ts-sdk/client/interfaces/CoinStruct.md
iota-docs:build: docs/generated-docs/ts-sdk/client/interfaces/OwnedObjectRef.md
iota-docs:build: docs/generated-docs/ts-sdk/client/interfaces/GetEventsParams.md
iota-docs:build: docs/generated-docs/ts-sdk/client/interfaces/ZkLoginInputs.md
iota-docs:build: docs/generated-docs/ts-sdk/client/interfaces/GetStakesByIdsParams.md
iota-docs:build: docs/generated-docs/ts-sdk/client/interfaces/MultiSigPublicKey.md
iota-docs:build: docs/generated-docs/ts-sdk/client/interfaces/IotaChangeEpoch.md
iota-docs:build: docs/generated-docs/ts-sdk/client/interfaces/DelegatedStake.md
iota-docs:build: docs/generated-docs/ts-sdk/client/interfaces/GetCheckpointParams.md
iota-docs:build: docs/generated-docs/ts-sdk/client/interfaces/ValidatorsApy.md
iota-docs:build: docs/generated-docs/ts-sdk/client/interfaces/UnsafeRequestWithdrawTimelockedStakeParams.md
iota-docs:build: docs/generated-docs/ts-sdk/client/interfaces/GetCheckpointsParams.md
iota-docs:build: docs/generated-docs/ts-sdk/client/interfaces/GetNetworkMetricsParams.md
iota-docs:build: docs/generated-docs/ts-sdk/client/interfaces/TransferObjectParams.md
iota-docs:build: docs/generated-docs/ts-sdk/client/interfaces/UnsafeRequestAddTimelockedStakeParams.md
iota-docs:build: docs/generated-docs/ts-sdk/client/interfaces/UpgradeInfo.md
iota-docs:build: docs/generated-docs/ts-sdk/client/interfaces/Balance.md
iota-docs:build: docs/generated-docs/ts-sdk/client/interfaces/GetNormalizedMoveModuleParams.md
iota-docs:build: docs/generated-docs/ts-sdk/client/interfaces/GetTimelockedStakesByIdsParams.md
iota-docs:build: docs/generated-docs/ts-sdk/client/interfaces/UnsafeRequestAddStakeParams.md
iota-docs:build: docs/generated-docs/ts-sdk/client/interfaces/GetAllCoinsParams.md
iota-docs:build: docs/generated-docs/ts-sdk/client/interfaces/EpochMetrics.md
iota-docs:build: docs/generated-docs/ts-sdk/client/interfaces/GetNormalizedMoveModulesByPackageParams.md
iota-docs:build: docs/generated-docs/ts-sdk/client/interfaces/CoinMetadata.md
iota-docs:build: docs/generated-docs/ts-sdk/client/interfaces/EventId.md
iota-docs:build: docs/generated-docs/ts-sdk/client/interfaces/Checkpoint.md
iota-docs:build: docs/generated-docs/ts-sdk/client/interfaces/PaginatedEvents.md
iota-docs:build: docs/generated-docs/ts-sdk/client/interfaces/IotaMoveNormalizedField.md
iota-docs:build: docs/generated-docs/ts-sdk/client/interfaces/GetCurrentEpochParams.md
iota-docs:build: docs/generated-docs/ts-sdk/client/interfaces/UnsafeSplitCoinEqualParams.md
iota-docs:build: docs/generated-docs/ts-sdk/client/interfaces/IotaAuthenticatorStateExpire.md
iota-docs:build: docs/generated-docs/ts-sdk/client/interfaces/UnsafePayIotaParams.md
iota-docs:build: docs/generated-docs/ts-sdk/client/interfaces/TryGetPastObjectParams.md
iota-docs:build: docs/generated-docs/ts-sdk/client/interfaces/IotaMoveNormalizedStruct.md
iota-docs:build: docs/generated-docs/ts-sdk/client/interfaces/GetTotalTransactionsParams.md
iota-docs:build: docs/generated-docs/ts-sdk/client/interfaces/IotaMoveModuleId.md
iota-docs:build: docs/generated-docs/ts-sdk/client/index.md
iota-docs:build: docs/generated-docs/ts-sdk/keypairs/
iota-docs:build: docs/generated-docs/ts-sdk/keypairs/secp256r1/
iota-docs:build: docs/generated-docs/ts-sdk/keypairs/secp256r1/classes/
iota-docs:build: docs/generated-docs/ts-sdk/keypairs/secp256r1/classes/Secp256r1Keypair.md
iota-docs:build: docs/generated-docs/ts-sdk/keypairs/secp256r1/classes/Secp256r1PublicKey.md
iota-docs:build: docs/generated-docs/ts-sdk/keypairs/secp256r1/variables/
iota-docs:build: docs/generated-docs/ts-sdk/keypairs/secp256r1/variables/DEFAULT_SECP256R1_DERIVATION_PATH.md
iota-docs:build: docs/generated-docs/ts-sdk/keypairs/secp256r1/interfaces/
iota-docs:build: docs/generated-docs/ts-sdk/keypairs/secp256r1/interfaces/Secp256r1KeypairData.md
iota-docs:build: docs/generated-docs/ts-sdk/keypairs/secp256r1/index.md
iota-docs:build: docs/generated-docs/ts-sdk/keypairs/ed25519/
iota-docs:build: docs/generated-docs/ts-sdk/keypairs/ed25519/classes/
iota-docs:build: docs/generated-docs/ts-sdk/keypairs/ed25519/classes/Ed25519Keypair.md
iota-docs:build: docs/generated-docs/ts-sdk/keypairs/ed25519/classes/Ed25519PublicKey.md
iota-docs:build: docs/generated-docs/ts-sdk/keypairs/ed25519/variables/
iota-docs:build: docs/generated-docs/ts-sdk/keypairs/ed25519/variables/DEFAULT_ED25519_DERIVATION_PATH.md
iota-docs:build: docs/generated-docs/ts-sdk/keypairs/ed25519/interfaces/
iota-docs:build: docs/generated-docs/ts-sdk/keypairs/ed25519/interfaces/Ed25519KeypairData.md
iota-docs:build: docs/generated-docs/ts-sdk/keypairs/ed25519/index.md
iota-docs:build: docs/generated-docs/ts-sdk/keypairs/secp256k1/
iota-docs:build: docs/generated-docs/ts-sdk/keypairs/secp256k1/classes/
iota-docs:build: docs/generated-docs/ts-sdk/keypairs/secp256k1/classes/Secp256k1Keypair.md
iota-docs:build: docs/generated-docs/ts-sdk/keypairs/secp256k1/classes/Secp256k1PublicKey.md
iota-docs:build: docs/generated-docs/ts-sdk/keypairs/secp256k1/variables/
iota-docs:build: docs/generated-docs/ts-sdk/keypairs/secp256k1/variables/DEFAULT_SECP256K1_DERIVATION_PATH.md
iota-docs:build: docs/generated-docs/ts-sdk/keypairs/secp256k1/interfaces/
iota-docs:build: docs/generated-docs/ts-sdk/keypairs/secp256k1/interfaces/Secp256k1KeypairData.md
iota-docs:build: docs/generated-docs/ts-sdk/keypairs/secp256k1/index.md
iota-docs:build: docs/generated-docs/ts-sdk/index.md
iota-docs:build: docs/generated-docs/ts-sdk/utils/
iota-docs:build: docs/generated-docs/ts-sdk/utils/functions/
iota-docs:build: docs/generated-docs/ts-sdk/utils/functions/isValidIotaAddress.md
iota-docs:build: docs/generated-docs/ts-sdk/utils/functions/toB64.md
iota-docs:build: docs/generated-docs/ts-sdk/utils/functions/isValidIotaObjectId.md
iota-docs:build: docs/generated-docs/ts-sdk/utils/functions/fromB64.md
iota-docs:build: docs/generated-docs/ts-sdk/utils/functions/parseStructTag.md
iota-docs:build: docs/generated-docs/ts-sdk/utils/functions/formatType.md
iota-docs:build: docs/generated-docs/ts-sdk/utils/functions/normalizeIotaAddress.md
iota-docs:build: docs/generated-docs/ts-sdk/utils/functions/toHEX.md
iota-docs:build: docs/generated-docs/ts-sdk/utils/functions/normalizeIotaObjectId.md
iota-docs:build: docs/generated-docs/ts-sdk/utils/functions/isValidTransactionDigest.md
iota-docs:build: docs/generated-docs/ts-sdk/utils/functions/normalizeStructTag.md
iota-docs:build: docs/generated-docs/ts-sdk/utils/functions/formatAddress.md
iota-docs:build: docs/generated-docs/ts-sdk/utils/functions/formatDigest.md
iota-docs:build: docs/generated-docs/ts-sdk/utils/functions/fromHEX.md
iota-docs:build: docs/generated-docs/ts-sdk/utils/variables/
iota-docs:build: docs/generated-docs/ts-sdk/utils/variables/IOTA_TYPE_ARG.md
iota-docs:build: docs/generated-docs/ts-sdk/utils/variables/MOVE_STDLIB_ADDRESS.md
iota-docs:build: docs/generated-docs/ts-sdk/utils/variables/IOTA_DECIMALS.md
iota-docs:build: docs/generated-docs/ts-sdk/utils/variables/IOTA_FRAMEWORK_ADDRESS.md
iota-docs:build: docs/generated-docs/ts-sdk/utils/variables/NANOS_PER_IOTA.md
iota-docs:build: docs/generated-docs/ts-sdk/utils/variables/IOTA_ADDRESS_LENGTH.md
iota-docs:build: docs/generated-docs/ts-sdk/utils/variables/IOTA_SYSTEM_ADDRESS.md
iota-docs:build: docs/generated-docs/ts-sdk/utils/variables/IOTA_SYSTEM_MODULE_NAME.md
iota-docs:build: docs/generated-docs/ts-sdk/utils/variables/IOTA_CLOCK_OBJECT_ID.md
iota-docs:build: docs/generated-docs/ts-sdk/utils/variables/IOTA_SYSTEM_STATE_OBJECT_ID.md
iota-docs:build: docs/generated-docs/ts-sdk/utils/index.md
iota-docs:build: docs/generated-docs/ts-sdk/cryptography/
iota-docs:build: docs/generated-docs/ts-sdk/cryptography/functions/
iota-docs:build: docs/generated-docs/ts-sdk/cryptography/functions/mnemonicToSeedHex.md
iota-docs:build: docs/generated-docs/ts-sdk/cryptography/functions/mnemonicToSeed.md
iota-docs:build: docs/generated-docs/ts-sdk/cryptography/functions/isValidHardenedPath.md
iota-docs:build: docs/generated-docs/ts-sdk/cryptography/functions/isValidBIP32Path.md
iota-docs:build: docs/generated-docs/ts-sdk/cryptography/functions/messageWithIntent.md
iota-docs:build: docs/generated-docs/ts-sdk/cryptography/functions/toSerializedSignature.md
iota-docs:build: docs/generated-docs/ts-sdk/cryptography/functions/encodeIotaPrivateKey.md
iota-docs:build: docs/generated-docs/ts-sdk/cryptography/functions/decodeIotaPrivateKey.md
iota-docs:build: docs/generated-docs/ts-sdk/cryptography/functions/parseSerializedSignature.md
iota-docs:build: docs/generated-docs/ts-sdk/cryptography/classes/
iota-docs:build: docs/generated-docs/ts-sdk/cryptography/classes/Signer.md
iota-docs:build: docs/generated-docs/ts-sdk/cryptography/classes/Keypair.md
iota-docs:build: docs/generated-docs/ts-sdk/cryptography/classes/PublicKey.md
iota-docs:build: docs/generated-docs/ts-sdk/cryptography/variables/
iota-docs:build: docs/generated-docs/ts-sdk/cryptography/variables/SIGNATURE_SCHEME_TO_SIZE.md
iota-docs:build: docs/generated-docs/ts-sdk/cryptography/variables/LEGACY_PRIVATE_KEY_SIZE.md
iota-docs:build: docs/generated-docs/ts-sdk/cryptography/variables/SIGNATURE_FLAG_TO_SCHEME.md
iota-docs:build: docs/generated-docs/ts-sdk/cryptography/variables/PRIVATE_KEY_SIZE.md
iota-docs:build: docs/generated-docs/ts-sdk/cryptography/variables/SIGNATURE_SCHEME_TO_FLAG.md
iota-docs:build: docs/generated-docs/ts-sdk/cryptography/variables/IOTA_PRIVATE_KEY_PREFIX.md
iota-docs:build: docs/generated-docs/ts-sdk/cryptography/type-aliases/
iota-docs:build: docs/generated-docs/ts-sdk/cryptography/type-aliases/IntentScope.md
iota-docs:build: docs/generated-docs/ts-sdk/cryptography/type-aliases/SignatureScheme.md
iota-docs:build: docs/generated-docs/ts-sdk/cryptography/type-aliases/SerializeSignatureInput.md
iota-docs:build: docs/generated-docs/ts-sdk/cryptography/type-aliases/ParsedKeypair.md
iota-docs:build: docs/generated-docs/ts-sdk/cryptography/type-aliases/SignatureFlag.md
iota-docs:build: docs/generated-docs/ts-sdk/cryptography/interfaces/
iota-docs:build: docs/generated-docs/ts-sdk/cryptography/interfaces/SignatureWithBytes.md
iota-docs:build: docs/generated-docs/ts-sdk/cryptography/index.md
iota-docs:build: 'docs/generated-docs/framework/bridge' -> '../../content/references/framework/devnet/bridge'
iota-docs:build: 'docs/generated-docs/framework/bridge/_category_.json' -> '../../content/references/framework/devnet/bridge/_category_.json'
iota-docs:build: 'docs/generated-docs/framework/bridge/committee.mdx' -> '../../content/references/framework/devnet/bridge/committee.mdx'
iota-docs:build: 'docs/generated-docs/framework/bridge/chain_ids.mdx' -> '../../content/references/framework/devnet/bridge/chain_ids.mdx'
iota-docs:build: 'docs/generated-docs/framework/bridge/bridge.mdx' -> '../../content/references/framework/devnet/bridge/bridge.mdx'
iota-docs:build: 'docs/generated-docs/framework/bridge/crypto.mdx' -> '../../content/references/framework/devnet/bridge/crypto.mdx'
iota-docs:build: 'docs/generated-docs/framework/bridge/limiter.mdx' -> '../../content/references/framework/devnet/bridge/limiter.mdx'
iota-docs:build: 'docs/generated-docs/framework/bridge/treasury.mdx' -> '../../content/references/framework/devnet/bridge/treasury.mdx'
iota-docs:build: 'docs/generated-docs/framework/bridge/message.mdx' -> '../../content/references/framework/devnet/bridge/message.mdx'
iota-docs:build: 'docs/generated-docs/framework/bridge/message_types.mdx' -> '../../content/references/framework/devnet/bridge/message_types.mdx'
iota-docs:build: 'docs/generated-docs/framework/iota-framework' -> '../../content/references/framework/devnet/iota-framework'
iota-docs:build: 'docs/generated-docs/framework/iota-framework/bcs.mdx' -> '../../content/references/framework/devnet/iota-framework/bcs.mdx'
iota-docs:build: 'docs/generated-docs/framework/iota-framework/hash.mdx' -> '../../content/references/framework/devnet/iota-framework/hash.mdx'
iota-docs:build: 'docs/generated-docs/framework/iota-framework/bag.mdx' -> '../../content/references/framework/devnet/iota-framework/bag.mdx'
iota-docs:build: 'docs/generated-docs/framework/iota-framework/dynamic_object_field.mdx' -> '../../content/references/framework/devnet/iota-framework/dynamic_object_field.mdx'
iota-docs:build: 'docs/generated-docs/framework/iota-framework/group_ops.mdx' -> '../../content/references/framework/devnet/iota-framework/group_ops.mdx'
iota-docs:build: 'docs/generated-docs/framework/iota-framework/coin_manager.mdx' -> '../../content/references/framework/devnet/iota-framework/coin_manager.mdx'
iota-docs:build: 'docs/generated-docs/framework/iota-framework/timelock.mdx' -> '../../content/references/framework/devnet/iota-framework/timelock.mdx'
iota-docs:build: 'docs/generated-docs/framework/iota-framework/balance.mdx' -> '../../content/references/framework/devnet/iota-framework/balance.mdx'
iota-docs:build: 'docs/generated-docs/framework/iota-framework/ecvrf.mdx' -> '../../content/references/framework/devnet/iota-framework/ecvrf.mdx'
iota-docs:build: 'docs/generated-docs/framework/iota-framework/_category_.json' -> '../../content/references/framework/devnet/iota-framework/_category_.json'
iota-docs:build: 'docs/generated-docs/framework/iota-framework/vec_set.mdx' -> '../../content/references/framework/devnet/iota-framework/vec_set.mdx'
iota-docs:build: 'docs/generated-docs/framework/iota-framework/object_table.mdx' -> '../../content/references/framework/devnet/iota-framework/object_table.mdx'
iota-docs:build: 'docs/generated-docs/framework/iota-framework/types.mdx' -> '../../content/references/framework/devnet/iota-framework/types.mdx'
iota-docs:build: 'docs/generated-docs/framework/iota-framework/kiosk_extension.mdx' -> '../../content/references/framework/devnet/iota-framework/kiosk_extension.mdx'
iota-docs:build: 'docs/generated-docs/framework/iota-framework/random.mdx' -> '../../content/references/framework/devnet/iota-framework/random.mdx'
iota-docs:build: 'docs/generated-docs/framework/iota-framework/labeler.mdx' -> '../../content/references/framework/devnet/iota-framework/labeler.mdx'
iota-docs:build: 'docs/generated-docs/framework/iota-framework/linked_table.mdx' -> '../../content/references/framework/devnet/iota-framework/linked_table.mdx'
iota-docs:build: 'docs/generated-docs/framework/iota-framework/package.mdx' -> '../../content/references/framework/devnet/iota-framework/package.mdx'
iota-docs:build: 'docs/generated-docs/framework/iota-framework/kiosk.mdx' -> '../../content/references/framework/devnet/iota-framework/kiosk.mdx'
iota-docs:build: 'docs/generated-docs/framework/iota-framework/display.mdx' -> '../../content/references/framework/devnet/iota-framework/display.mdx'
iota-docs:build: 'docs/generated-docs/framework/iota-framework/vec_map.mdx' -> '../../content/references/framework/devnet/iota-framework/vec_map.mdx'
iota-docs:build: 'docs/generated-docs/framework/iota-framework/transfer_policy.mdx' -> '../../content/references/framework/devnet/iota-framework/transfer_policy.mdx'
iota-docs:build: 'docs/generated-docs/framework/iota-framework/zklogin_verified_id.mdx' -> '../../content/references/framework/devnet/iota-framework/zklogin_verified_id.mdx'
iota-docs:build: 'docs/generated-docs/framework/iota-framework/deny_list.mdx' -> '../../content/references/framework/devnet/iota-framework/deny_list.mdx'
iota-docs:build: 'docs/generated-docs/framework/iota-framework/tx_context.mdx' -> '../../content/references/framework/devnet/iota-framework/tx_context.mdx'
iota-docs:build: 'docs/generated-docs/framework/iota-framework/ed25519.mdx' -> '../../content/references/framework/devnet/iota-framework/ed25519.mdx'
iota-docs:build: 'docs/generated-docs/framework/iota-framework/ecdsa_r1.mdx' -> '../../content/references/framework/devnet/iota-framework/ecdsa_r1.mdx'
iota-docs:build: 'docs/generated-docs/framework/iota-framework/ecdsa_k1.mdx' -> '../../content/references/framework/devnet/iota-framework/ecdsa_k1.mdx'
iota-docs:build: 'docs/generated-docs/framework/iota-framework/hmac.mdx' -> '../../content/references/framework/devnet/iota-framework/hmac.mdx'
iota-docs:build: 'docs/generated-docs/framework/iota-framework/coin.mdx' -> '../../content/references/framework/devnet/iota-framework/coin.mdx'
iota-docs:build: 'docs/generated-docs/framework/iota-framework/vdf.mdx' -> '../../content/references/framework/devnet/iota-framework/vdf.mdx'
iota-docs:build: 'docs/generated-docs/framework/iota-framework/clock.mdx' -> '../../content/references/framework/devnet/iota-framework/clock.mdx'
iota-docs:build: 'docs/generated-docs/framework/iota-framework/system_admin_cap.mdx' -> '../../content/references/framework/devnet/iota-framework/system_admin_cap.mdx'
iota-docs:build: 'docs/generated-docs/framework/iota-framework/table.mdx' -> '../../content/references/framework/devnet/iota-framework/table.mdx'
iota-docs:build: 'docs/generated-docs/framework/iota-framework/table_vec.mdx' -> '../../content/references/framework/devnet/iota-framework/table_vec.mdx'
iota-docs:build: 'docs/generated-docs/framework/iota-framework/url.mdx' -> '../../content/references/framework/devnet/iota-framework/url.mdx'
iota-docs:build: 'docs/generated-docs/framework/iota-framework/dynamic_field.mdx' -> '../../content/references/framework/devnet/iota-framework/dynamic_field.mdx'
iota-docs:build: 'docs/generated-docs/framework/iota-framework/token.mdx' -> '../../content/references/framework/devnet/iota-framework/token.mdx'
iota-docs:build: 'docs/generated-docs/framework/iota-framework/hex.mdx' -> '../../content/references/framework/devnet/iota-framework/hex.mdx'
iota-docs:build: 'docs/generated-docs/framework/iota-framework/groth16.mdx' -> '../../content/references/framework/devnet/iota-framework/groth16.mdx'
iota-docs:build: 'docs/generated-docs/framework/iota-framework/address.mdx' -> '../../content/references/framework/devnet/iota-framework/address.mdx'
iota-docs:build: 'docs/generated-docs/framework/iota-framework/zklogin_verified_issuer.mdx' -> '../../content/references/framework/devnet/iota-framework/zklogin_verified_issuer.mdx'
iota-docs:build: 'docs/generated-docs/framework/iota-framework/event.mdx' -> '../../content/references/framework/devnet/iota-framework/event.mdx'
iota-docs:build: 'docs/generated-docs/framework/iota-framework/prover.mdx' -> '../../content/references/framework/devnet/iota-framework/prover.mdx'
iota-docs:build: 'docs/generated-docs/framework/iota-framework/poseidon.mdx' -> '../../content/references/framework/devnet/iota-framework/poseidon.mdx'
iota-docs:build: 'docs/generated-docs/framework/iota-framework/config.mdx' -> '../../content/references/framework/devnet/iota-framework/config.mdx'
iota-docs:build: 'docs/generated-docs/framework/iota-framework/authenticator_state.mdx' -> '../../content/references/framework/devnet/iota-framework/authenticator_state.mdx'
iota-docs:build: 'docs/generated-docs/framework/iota-framework/borrow.mdx' -> '../../content/references/framework/devnet/iota-framework/borrow.mdx'
iota-docs:build: 'docs/generated-docs/framework/iota-framework/bls12381.mdx' -> '../../content/references/framework/devnet/iota-framework/bls12381.mdx'
iota-docs:build: 'docs/generated-docs/framework/iota-framework/object_bag.mdx' -> '../../content/references/framework/devnet/iota-framework/object_bag.mdx'
iota-docs:build: 'docs/generated-docs/framework/iota-framework/transfer.mdx' -> '../../content/references/framework/devnet/iota-framework/transfer.mdx'
iota-docs:build: 'docs/generated-docs/framework/iota-framework/versioned.mdx' -> '../../content/references/framework/devnet/iota-framework/versioned.mdx'
iota-docs:build: 'docs/generated-docs/framework/iota-framework/object.mdx' -> '../../content/references/framework/devnet/iota-framework/object.mdx'
iota-docs:build: 'docs/generated-docs/framework/iota-framework/priority_queue.mdx' -> '../../content/references/framework/devnet/iota-framework/priority_queue.mdx'
iota-docs:build: 'docs/generated-docs/framework/iota-framework/iota.mdx' -> '../../content/references/framework/devnet/iota-framework/iota.mdx'
iota-docs:build: 'docs/generated-docs/framework/iota-framework/pay.mdx' -> '../../content/references/framework/devnet/iota-framework/pay.mdx'
iota-docs:build: 'docs/generated-docs/framework/iota-system' -> '../../content/references/framework/devnet/iota-system'
iota-docs:build: 'docs/generated-docs/framework/iota-system/validator_cap.mdx' -> '../../content/references/framework/devnet/iota-system/validator_cap.mdx'
iota-docs:build: 'docs/generated-docs/framework/iota-system/validator_wrapper.mdx' -> '../../content/references/framework/devnet/iota-system/validator_wrapper.mdx'
iota-docs:build: 'docs/generated-docs/framework/iota-system/_category_.json' -> '../../content/references/framework/devnet/iota-system/_category_.json'
iota-docs:build: 'docs/generated-docs/framework/iota-system/storage_fund.mdx' -> '../../content/references/framework/devnet/iota-system/storage_fund.mdx'
iota-docs:build: 'docs/generated-docs/framework/iota-system/genesis.mdx' -> '../../content/references/framework/devnet/iota-system/genesis.mdx'
iota-docs:build: 'docs/generated-docs/framework/iota-system/validator.mdx' -> '../../content/references/framework/devnet/iota-system/validator.mdx'
iota-docs:build: 'docs/generated-docs/framework/iota-system/timelocked_staking.mdx' -> '../../content/references/framework/devnet/iota-system/timelocked_staking.mdx'
iota-docs:build: 'docs/generated-docs/framework/iota-system/validator_set.mdx' -> '../../content/references/framework/devnet/iota-system/validator_set.mdx'
iota-docs:build: 'docs/generated-docs/framework/iota-system/voting_power.mdx' -> '../../content/references/framework/devnet/iota-system/voting_power.mdx'
iota-docs:build: 'docs/generated-docs/framework/iota-system/iota_system_state_inner.mdx' -> '../../content/references/framework/devnet/iota-system/iota_system_state_inner.mdx'
iota-docs:build: 'docs/generated-docs/framework/iota-system/staking_pool.mdx' -> '../../content/references/framework/devnet/iota-system/staking_pool.mdx'
iota-docs:build: 'docs/generated-docs/framework/iota-system/iota_system.mdx' -> '../../content/references/framework/devnet/iota-system/iota_system.mdx'
iota-docs:build: 'docs/generated-docs/framework/move-stdlib' -> '../../content/references/framework/devnet/move-stdlib'
iota-docs:build: 'docs/generated-docs/framework/move-stdlib/bcs.mdx' -> '../../content/references/framework/devnet/move-stdlib/bcs.mdx'
iota-docs:build: 'docs/generated-docs/framework/move-stdlib/hash.mdx' -> '../../content/references/framework/devnet/move-stdlib/hash.mdx'
iota-docs:build: 'docs/generated-docs/framework/move-stdlib/type_name.mdx' -> '../../content/references/framework/devnet/move-stdlib/type_name.mdx'
iota-docs:build: 'docs/generated-docs/framework/move-stdlib/fixed_point32.mdx' -> '../../content/references/framework/devnet/move-stdlib/fixed_point32.mdx'
iota-docs:build: 'docs/generated-docs/framework/move-stdlib/ascii.mdx' -> '../../content/references/framework/devnet/move-stdlib/ascii.mdx'
iota-docs:build: 'docs/generated-docs/framework/move-stdlib/_category_.json' -> '../../content/references/framework/devnet/move-stdlib/_category_.json'
iota-docs:build: 'docs/generated-docs/framework/move-stdlib/macros.mdx' -> '../../content/references/framework/devnet/move-stdlib/macros.mdx'
iota-docs:build: 'docs/generated-docs/framework/move-stdlib/u64.mdx' -> '../../content/references/framework/devnet/move-stdlib/u64.mdx'
iota-docs:build: 'docs/generated-docs/framework/move-stdlib/u16.mdx' -> '../../content/references/framework/devnet/move-stdlib/u16.mdx'
iota-docs:build: 'docs/generated-docs/framework/move-stdlib/u32.mdx' -> '../../content/references/framework/devnet/move-stdlib/u32.mdx'
iota-docs:build: 'docs/generated-docs/framework/move-stdlib/vector.mdx' -> '../../content/references/framework/devnet/move-stdlib/vector.mdx'
iota-docs:build: 'docs/generated-docs/framework/move-stdlib/u256.mdx' -> '../../content/references/framework/devnet/move-stdlib/u256.mdx'
iota-docs:build: 'docs/generated-docs/framework/move-stdlib/u8.mdx' -> '../../content/references/framework/devnet/move-stdlib/u8.mdx'
iota-docs:build: 'docs/generated-docs/framework/move-stdlib/u128.mdx' -> '../../content/references/framework/devnet/move-stdlib/u128.mdx'
iota-docs:build: 'docs/generated-docs/framework/move-stdlib/option.mdx' -> '../../content/references/framework/devnet/move-stdlib/option.mdx'
iota-docs:build: 'docs/generated-docs/framework/move-stdlib/bit_vector.mdx' -> '../../content/references/framework/devnet/move-stdlib/bit_vector.mdx'
iota-docs:build: 'docs/generated-docs/framework/move-stdlib/debug.mdx' -> '../../content/references/framework/devnet/move-stdlib/debug.mdx'
iota-docs:build: 'docs/generated-docs/framework/move-stdlib/string.mdx' -> '../../content/references/framework/devnet/move-stdlib/string.mdx'
iota-docs:build: 'docs/generated-docs/framework/move-stdlib/address.mdx' -> '../../content/references/framework/devnet/move-stdlib/address.mdx'
iota-docs:build: 'docs/generated-docs/framework/stardust' -> '../../content/references/framework/devnet/stardust'
iota-docs:build: 'docs/generated-docs/framework/stardust/expiration_unlock_condition.mdx' -> '../../content/references/framework/devnet/stardust/expiration_unlock_condition.mdx'
iota-docs:build: 'docs/generated-docs/framework/stardust/_category_.json' -> '../../content/references/framework/devnet/stardust/_category_.json'
iota-docs:build: 'docs/generated-docs/framework/stardust/nft_output.mdx' -> '../../content/references/framework/devnet/stardust/nft_output.mdx'
iota-docs:build: 'docs/generated-docs/framework/stardust/nft.mdx' -> '../../content/references/framework/devnet/stardust/nft.mdx'
iota-docs:build: 'docs/generated-docs/framework/stardust/utilities.mdx' -> '../../content/references/framework/devnet/stardust/utilities.mdx'
iota-docs:build: 'docs/generated-docs/framework/stardust/storage_deposit_return_unlock_condition.mdx' -> '../../content/references/framework/devnet/stardust/storage_deposit_return_unlock_condition.mdx'
iota-docs:build: 'docs/generated-docs/framework/stardust/alias.mdx' -> '../../content/references/framework/devnet/stardust/alias.mdx'
iota-docs:build: 'docs/generated-docs/framework/stardust/address_unlock_condition.mdx' -> '../../content/references/framework/devnet/stardust/address_unlock_condition.mdx'
iota-docs:build: 'docs/generated-docs/framework/stardust/timelock_unlock_condition.mdx' -> '../../content/references/framework/devnet/stardust/timelock_unlock_condition.mdx'
iota-docs:build: 'docs/generated-docs/framework/stardust/alias_output.mdx' -> '../../content/references/framework/devnet/stardust/alias_output.mdx'
iota-docs:build: 'docs/generated-docs/framework/stardust/stardust_upgrade_label.mdx' -> '../../content/references/framework/devnet/stardust/stardust_upgrade_label.mdx'
iota-docs:build: 'docs/generated-docs/framework/stardust/basic_output.mdx' -> '../../content/references/framework/devnet/stardust/basic_output.mdx'
iota-docs:build: 'docs/generated-docs/framework/stardust/irc27.mdx' -> '../../content/references/framework/devnet/stardust/irc27.mdx'
iota-docs:build: 'docs/generated-docs/ts-sdk/bcs/classes/BcsType.md' -> '../../content/ts-sdk/api/devnet/bcs/classes/BcsType.md'
iota-docs:build: 'docs/generated-docs/ts-sdk/bcs/classes/TypeTagSerializer.md' -> '../../content/ts-sdk/api/devnet/bcs/classes/TypeTagSerializer.md'
iota-docs:build: 'docs/generated-docs/ts-sdk/bcs/variables/bcs.md' -> '../../content/ts-sdk/api/devnet/bcs/variables/bcs.md'
iota-docs:build: 'docs/generated-docs/ts-sdk/bcs/type-aliases/TypeTag.md' -> '../../content/ts-sdk/api/devnet/bcs/type-aliases/TypeTag.md'
iota-docs:build: 'docs/generated-docs/ts-sdk/bcs/interfaces/BcsTypeOptions.md' -> '../../content/ts-sdk/api/devnet/bcs/interfaces/BcsTypeOptions.md'
iota-docs:build: 'docs/generated-docs/ts-sdk/bcs/index.md' -> '../../content/ts-sdk/api/devnet/bcs/index.md'
iota-docs:build: 'docs/generated-docs/ts-sdk/client/functions/isIotaClient.md' -> '../../content/ts-sdk/api/devnet/client/functions/isIotaClient.md'
iota-docs:build: 'docs/generated-docs/ts-sdk/client/functions/getFullnodeUrl.md' -> '../../content/ts-sdk/api/devnet/client/functions/getFullnodeUrl.md'
iota-docs:build: 'docs/generated-docs/ts-sdk/client/functions/getNetwork.md' -> '../../content/ts-sdk/api/devnet/client/functions/getNetwork.md'
iota-docs:build: 'docs/generated-docs/ts-sdk/client/functions/getAppsBackend.md' -> '../../content/ts-sdk/api/devnet/client/functions/getAppsBackend.md'
iota-docs:build: 'docs/generated-docs/ts-sdk/client/functions/getAllNetworks.md' -> '../../content/ts-sdk/api/devnet/client/functions/getAllNetworks.md'
iota-docs:build: 'docs/generated-docs/ts-sdk/client/functions/getDefaultNetwork.md' -> '../../content/ts-sdk/api/devnet/client/functions/getDefaultNetwork.md'
iota-docs:build: 'docs/generated-docs/ts-sdk/client/classes/IotaHTTPStatusError.md' -> '../../content/ts-sdk/api/devnet/client/classes/IotaHTTPStatusError.md'
iota-docs:build: 'docs/generated-docs/ts-sdk/client/classes/JsonRpcError.md' -> '../../content/ts-sdk/api/devnet/client/classes/JsonRpcError.md'
iota-docs:build: 'docs/generated-docs/ts-sdk/client/classes/IotaHTTPTransport.md' -> '../../content/ts-sdk/api/devnet/client/classes/IotaHTTPTransport.md'
iota-docs:build: 'docs/generated-docs/ts-sdk/client/classes/IotaHTTPTransportError.md' -> '../../content/ts-sdk/api/devnet/client/classes/IotaHTTPTransportError.md'
iota-docs:build: 'docs/generated-docs/ts-sdk/client/classes/IotaClient.md' -> '../../content/ts-sdk/api/devnet/client/classes/IotaClient.md'
iota-docs:build: 'docs/generated-docs/ts-sdk/client/enumerations/Network.md' -> '../../content/ts-sdk/api/devnet/client/enumerations/Network.md'
iota-docs:build: 'docs/generated-docs/ts-sdk/client/type-aliases/AllEpochsAddressMetrics.md' -> '../../content/ts-sdk/api/devnet/client/type-aliases/AllEpochsAddressMetrics.md'
iota-docs:build: 'docs/generated-docs/ts-sdk/client/type-aliases/TimelockedStake.md' -> '../../content/ts-sdk/api/devnet/client/type-aliases/TimelockedStake.md'
iota-docs:build: 'docs/generated-docs/ts-sdk/client/type-aliases/IotaEventFilter.md' -> '../../content/ts-sdk/api/devnet/client/type-aliases/IotaEventFilter.md'
iota-docs:build: 'docs/generated-docs/ts-sdk/client/type-aliases/IotaParsedData.md' -> '../../content/ts-sdk/api/devnet/client/type-aliases/IotaParsedData.md'
iota-docs:build: 'docs/generated-docs/ts-sdk/client/type-aliases/IotaTransactionBlockBuilderMode.md' -> '../../content/ts-sdk/api/devnet/client/type-aliases/IotaTransactionBlockBuilderMode.md'
iota-docs:build: 'docs/generated-docs/ts-sdk/client/type-aliases/CheckpointId.md' -> '../../content/ts-sdk/api/devnet/client/type-aliases/CheckpointId.md'
iota-docs:build: 'docs/generated-docs/ts-sdk/client/type-aliases/QueryTransactionBlocksParams.md' -> '../../content/ts-sdk/api/devnet/client/type-aliases/QueryTransactionBlocksParams.md'
iota-docs:build: 'docs/generated-docs/ts-sdk/client/type-aliases/EpochPage.md' -> '../../content/ts-sdk/api/devnet/client/type-aliases/EpochPage.md'
iota-docs:build: 'docs/generated-docs/ts-sdk/client/type-aliases/ObjectOwner.md' -> '../../content/ts-sdk/api/devnet/client/type-aliases/ObjectOwner.md'
iota-docs:build: 'docs/generated-docs/ts-sdk/client/type-aliases/RawData.md' -> '../../content/ts-sdk/api/devnet/client/type-aliases/RawData.md'
iota-docs:build: 'docs/generated-docs/ts-sdk/client/type-aliases/ProgrammableTransaction.md' -> '../../content/ts-sdk/api/devnet/client/type-aliases/ProgrammableTransaction.md'
iota-docs:build: 'docs/generated-docs/ts-sdk/client/type-aliases/DynamicFieldPage.md' -> '../../content/ts-sdk/api/devnet/client/type-aliases/DynamicFieldPage.md'
iota-docs:build: 'docs/generated-docs/ts-sdk/client/type-aliases/ObjectRead.md' -> '../../content/ts-sdk/api/devnet/client/type-aliases/ObjectRead.md'
iota-docs:build: 'docs/generated-docs/ts-sdk/client/type-aliases/IotaMoveVisibility.md' -> '../../content/ts-sdk/api/devnet/client/type-aliases/IotaMoveVisibility.md'
iota-docs:build: 'docs/generated-docs/ts-sdk/client/type-aliases/TransactionFilter.md' -> '../../content/ts-sdk/api/devnet/client/type-aliases/TransactionFilter.md'
iota-docs:build: 'docs/generated-docs/ts-sdk/client/type-aliases/MoveCallMetric.md' -> '../../content/ts-sdk/api/devnet/client/type-aliases/MoveCallMetric.md'
iota-docs:build: 'docs/generated-docs/ts-sdk/client/type-aliases/ChainType.md' -> '../../content/ts-sdk/api/devnet/client/type-aliases/ChainType.md'
iota-docs:build: 'docs/generated-docs/ts-sdk/client/type-aliases/ObjectResponseError.md' -> '../../content/ts-sdk/api/devnet/client/type-aliases/ObjectResponseError.md'
iota-docs:build: 'docs/generated-docs/ts-sdk/client/type-aliases/ConsensusDeterminedVersionAssignments.md' -> '../../content/ts-sdk/api/devnet/client/type-aliases/ConsensusDeterminedVersionAssignments.md'
iota-docs:build: 'docs/generated-docs/ts-sdk/client/type-aliases/InputObjectKind.md' -> '../../content/ts-sdk/api/devnet/client/type-aliases/InputObjectKind.md'
iota-docs:build: 'docs/generated-docs/ts-sdk/client/type-aliases/CoinBalance.md' -> '../../content/ts-sdk/api/devnet/client/type-aliases/CoinBalance.md'
iota-docs:build: 'docs/generated-docs/ts-sdk/client/type-aliases/Order.md' -> '../../content/ts-sdk/api/devnet/client/type-aliases/Order.md'
iota-docs:build: 'docs/generated-docs/ts-sdk/client/type-aliases/IotaTransaction.md' -> '../../content/ts-sdk/api/devnet/client/type-aliases/IotaTransaction.md'
iota-docs:build: 'docs/generated-docs/ts-sdk/client/type-aliases/EpochMetricsPage.md' -> '../../content/ts-sdk/api/devnet/client/type-aliases/EpochMetricsPage.md'
iota-docs:build: 'docs/generated-docs/ts-sdk/client/type-aliases/CompressedSignature.md' -> '../../content/ts-sdk/api/devnet/client/type-aliases/CompressedSignature.md'
iota-docs:build: 'docs/generated-docs/ts-sdk/client/type-aliases/ProtocolConfigValue.md' -> '../../content/ts-sdk/api/devnet/client/type-aliases/ProtocolConfigValue.md'
iota-docs:build: 'docs/generated-docs/ts-sdk/client/type-aliases/CheckpointPage.md' -> '../../content/ts-sdk/api/devnet/client/type-aliases/CheckpointPage.md'
iota-docs:build: 'docs/generated-docs/ts-sdk/client/type-aliases/MoveValue.md' -> '../../content/ts-sdk/api/devnet/client/type-aliases/MoveValue.md'
iota-docs:build: 'docs/generated-docs/ts-sdk/client/type-aliases/ExecuteTransactionRequestType.md' -> '../../content/ts-sdk/api/devnet/client/type-aliases/ExecuteTransactionRequestType.md'
iota-docs:build: 'docs/generated-docs/ts-sdk/client/type-aliases/IotaArgument.md' -> '../../content/ts-sdk/api/devnet/client/type-aliases/IotaArgument.md'
iota-docs:build: 'docs/generated-docs/ts-sdk/client/type-aliases/IotaObjectDataFilter.md' -> '../../content/ts-sdk/api/devnet/client/type-aliases/IotaObjectDataFilter.md'
iota-docs:build: 'docs/generated-docs/ts-sdk/client/type-aliases/IotaCallArg.md' -> '../../content/ts-sdk/api/devnet/client/type-aliases/IotaCallArg.md'
iota-docs:build: 'docs/generated-docs/ts-sdk/client/type-aliases/IotaMoveNormalizedType.md' -> '../../content/ts-sdk/api/devnet/client/type-aliases/IotaMoveNormalizedType.md'
iota-docs:build: 'docs/generated-docs/ts-sdk/client/type-aliases/DynamicFieldType.md' -> '../../content/ts-sdk/api/devnet/client/type-aliases/DynamicFieldType.md'
iota-docs:build: 'docs/generated-docs/ts-sdk/client/type-aliases/IotaObjectChange.md' -> '../../content/ts-sdk/api/devnet/client/type-aliases/IotaObjectChange.md'
iota-docs:build: 'docs/generated-docs/ts-sdk/client/type-aliases/ObjectValueKind.md' -> '../../content/ts-sdk/api/devnet/client/type-aliases/ObjectValueKind.md'
iota-docs:build: 'docs/generated-docs/ts-sdk/client/type-aliases/IotaMoveObject.md' -> '../../content/ts-sdk/api/devnet/client/type-aliases/IotaMoveObject.md'
iota-docs:build: 'docs/generated-docs/ts-sdk/client/type-aliases/IotaTransactionBlockKind.md' -> '../../content/ts-sdk/api/devnet/client/type-aliases/IotaTransactionBlockKind.md'
iota-docs:build: 'docs/generated-docs/ts-sdk/client/type-aliases/IotaMoveNormalizedModules.md' -> '../../content/ts-sdk/api/devnet/client/type-aliases/IotaMoveNormalizedModules.md'
iota-docs:build: 'docs/generated-docs/ts-sdk/client/type-aliases/IotaMovePackage.md' -> '../../content/ts-sdk/api/devnet/client/type-aliases/IotaMovePackage.md'
iota-docs:build: 'docs/generated-docs/ts-sdk/client/type-aliases/IotaObjectChangeMutated.md' -> '../../content/ts-sdk/api/devnet/client/type-aliases/IotaObjectChangeMutated.md'
iota-docs:build: 'docs/generated-docs/ts-sdk/client/type-aliases/IotaObjectChangeWrapped.md' -> '../../content/ts-sdk/api/devnet/client/type-aliases/IotaObjectChangeWrapped.md'
iota-docs:build: 'docs/generated-docs/ts-sdk/client/type-aliases/CheckpointCommitment.md' -> '../../content/ts-sdk/api/devnet/client/type-aliases/CheckpointCommitment.md'
iota-docs:build: 'docs/generated-docs/ts-sdk/client/type-aliases/IotaEndOfEpochTransactionKind.md' -> '../../content/ts-sdk/api/devnet/client/type-aliases/IotaEndOfEpochTransactionKind.md'
iota-docs:build: 'docs/generated-docs/ts-sdk/client/type-aliases/IotaObjectChangeDeleted.md' -> '../../content/ts-sdk/api/devnet/client/type-aliases/IotaObjectChangeDeleted.md'
iota-docs:build: 'docs/generated-docs/ts-sdk/client/type-aliases/GetOwnedObjectsParams.md' -> '../../content/ts-sdk/api/devnet/client/type-aliases/GetOwnedObjectsParams.md'
iota-docs:build: 'docs/generated-docs/ts-sdk/client/type-aliases/ExecutionStatus.md' -> '../../content/ts-sdk/api/devnet/client/type-aliases/ExecutionStatus.md'
iota-docs:build: 'docs/generated-docs/ts-sdk/client/type-aliases/IotaClientOptions.md' -> '../../content/ts-sdk/api/devnet/client/type-aliases/IotaClientOptions.md'
iota-docs:build: 'docs/generated-docs/ts-sdk/client/type-aliases/Signature.md' -> '../../content/ts-sdk/api/devnet/client/type-aliases/Signature.md'
iota-docs:build: 'docs/generated-docs/ts-sdk/client/type-aliases/Unsubscribe.md' -> '../../content/ts-sdk/api/devnet/client/type-aliases/Unsubscribe.md'
iota-docs:build: 'docs/generated-docs/ts-sdk/client/type-aliases/PublicKey.md' -> '../../content/ts-sdk/api/devnet/client/type-aliases/PublicKey.md'
iota-docs:build: 'docs/generated-docs/ts-sdk/client/type-aliases/RPCTransactionRequestParams.md' -> '../../content/ts-sdk/api/devnet/client/type-aliases/RPCTransactionRequestParams.md'
iota-docs:build: 'docs/generated-docs/ts-sdk/client/type-aliases/IotaObjectChangePublished.md' -> '../../content/ts-sdk/api/devnet/client/type-aliases/IotaObjectChangePublished.md'
iota-docs:build: 'docs/generated-docs/ts-sdk/client/type-aliases/IotaMoveAbility.md' -> '../../content/ts-sdk/api/devnet/client/type-aliases/IotaMoveAbility.md'
iota-docs:build: 'docs/generated-docs/ts-sdk/client/type-aliases/IotaMoveFunctionArgType.md' -> '../../content/ts-sdk/api/devnet/client/type-aliases/IotaMoveFunctionArgType.md'
iota-docs:build: 'docs/generated-docs/ts-sdk/client/type-aliases/MoveStruct.md' -> '../../content/ts-sdk/api/devnet/client/type-aliases/MoveStruct.md'
iota-docs:build: 'docs/generated-docs/ts-sdk/client/type-aliases/HttpHeaders.md' -> '../../content/ts-sdk/api/devnet/client/type-aliases/HttpHeaders.md'
iota-docs:build: 'docs/generated-docs/ts-sdk/client/type-aliases/TransactionEffects.md' -> '../../content/ts-sdk/api/devnet/client/type-aliases/TransactionEffects.md'
iota-docs:build: 'docs/generated-docs/ts-sdk/client/type-aliases/IotaObjectChangeCreated.md' -> '../../content/ts-sdk/api/devnet/client/type-aliases/IotaObjectChangeCreated.md'
iota-docs:build: 'docs/generated-docs/ts-sdk/client/type-aliases/TransactionBlockData.md' -> '../../content/ts-sdk/api/devnet/client/type-aliases/TransactionBlockData.md'
iota-docs:build: 'docs/generated-docs/ts-sdk/client/type-aliases/StakeObject.md' -> '../../content/ts-sdk/api/devnet/client/type-aliases/StakeObject.md'
iota-docs:build: 'docs/generated-docs/ts-sdk/client/type-aliases/NetworkId.md' -> '../../content/ts-sdk/api/devnet/client/type-aliases/NetworkId.md'
iota-docs:build: 'docs/generated-docs/ts-sdk/client/type-aliases/IotaObjectChangeTransferred.md' -> '../../content/ts-sdk/api/devnet/client/type-aliases/IotaObjectChangeTransferred.md'
iota-docs:build: 'docs/generated-docs/ts-sdk/client/interfaces/IotaMoveNormalizedModule.md' -> '../../content/ts-sdk/api/devnet/client/interfaces/IotaMoveNormalizedModule.md'
iota-docs:build: 'docs/generated-docs/ts-sdk/client/interfaces/TryMultiGetPastObjectsParams.md' -> '../../content/ts-sdk/api/devnet/client/interfaces/TryMultiGetPastObjectsParams.md'
iota-docs:build: 'docs/generated-docs/ts-sdk/client/interfaces/MoveCallParams.md' -> '../../content/ts-sdk/api/devnet/client/interfaces/MoveCallParams.md'
iota-docs:build: 'docs/generated-docs/ts-sdk/client/interfaces/SubscribeEventParams.md' -> '../../content/ts-sdk/api/devnet/client/interfaces/SubscribeEventParams.md'
iota-docs:build: 'docs/generated-docs/ts-sdk/client/interfaces/PaginatedTransactionResponse.md' -> '../../content/ts-sdk/api/devnet/client/interfaces/PaginatedTransactionResponse.md'
iota-docs:build: 'docs/generated-docs/ts-sdk/client/interfaces/SubscribeTransactionParams.md' -> '../../content/ts-sdk/api/devnet/client/interfaces/SubscribeTransactionParams.md'
iota-docs:build: 'docs/generated-docs/ts-sdk/client/interfaces/UnsafeMergeCoinsParams.md' -> '../../content/ts-sdk/api/devnet/client/interfaces/UnsafeMergeCoinsParams.md'
iota-docs:build: 'docs/generated-docs/ts-sdk/client/interfaces/GetCoinMetadataParams.md' -> '../../content/ts-sdk/api/devnet/client/interfaces/GetCoinMetadataParams.md'
iota-docs:build: 'docs/generated-docs/ts-sdk/client/interfaces/PaginatedDynamicFieldInfos.md' -> '../../content/ts-sdk/api/devnet/client/interfaces/PaginatedDynamicFieldInfos.md'
iota-docs:build: 'docs/generated-docs/ts-sdk/client/interfaces/DynamicFieldInfo.md' -> '../../content/ts-sdk/api/devnet/client/interfaces/DynamicFieldInfo.md'
iota-docs:build: 'docs/generated-docs/ts-sdk/client/interfaces/PaginatedCheckpoints.md' -> '../../content/ts-sdk/api/devnet/client/interfaces/PaginatedCheckpoints.md'
iota-docs:build: 'docs/generated-docs/ts-sdk/client/interfaces/UnsafePublishParams.md' -> '../../content/ts-sdk/api/devnet/client/interfaces/UnsafePublishParams.md'
iota-docs:build: 'docs/generated-docs/ts-sdk/client/interfaces/IotaObjectResponseQuery.md' -> '../../content/ts-sdk/api/devnet/client/interfaces/IotaObjectResponseQuery.md'
iota-docs:build: 'docs/generated-docs/ts-sdk/client/interfaces/GetMoveFunctionArgTypesParams.md' -> '../../content/ts-sdk/api/devnet/client/interfaces/GetMoveFunctionArgTypesParams.md'
iota-docs:build: 'docs/generated-docs/ts-sdk/client/interfaces/DevInspectArgs.md' -> '../../content/ts-sdk/api/devnet/client/interfaces/DevInspectArgs.md'
iota-docs:build: 'docs/generated-docs/ts-sdk/client/interfaces/IotaJWK.md' -> '../../content/ts-sdk/api/devnet/client/interfaces/IotaJWK.md'
iota-docs:build: 'docs/generated-docs/ts-sdk/client/interfaces/IotaActiveJwk.md' -> '../../content/ts-sdk/api/devnet/client/interfaces/IotaActiveJwk.md'
iota-docs:build: 'docs/generated-docs/ts-sdk/client/interfaces/ValidatorApy.md' -> '../../content/ts-sdk/api/devnet/client/interfaces/ValidatorApy.md'
iota-docs:build: 'docs/generated-docs/ts-sdk/client/interfaces/GetTimelockedStakesParams.md' -> '../../content/ts-sdk/api/devnet/client/interfaces/GetTimelockedStakesParams.md'
iota-docs:build: 'docs/generated-docs/ts-sdk/client/interfaces/IotaTransactionBlock.md' -> '../../content/ts-sdk/api/devnet/client/interfaces/IotaTransactionBlock.md'
iota-docs:build: 'docs/generated-docs/ts-sdk/client/interfaces/TypeOrigin.md' -> '../../content/ts-sdk/api/devnet/client/interfaces/TypeOrigin.md'
iota-docs:build: 'docs/generated-docs/ts-sdk/client/interfaces/GetAllEpochAddressMetricsParams.md' -> '../../content/ts-sdk/api/devnet/client/interfaces/GetAllEpochAddressMetricsParams.md'
iota-docs:build: 'docs/generated-docs/ts-sdk/client/interfaces/GetAllBalancesParams.md' -> '../../content/ts-sdk/api/devnet/client/interfaces/GetAllBalancesParams.md'
iota-docs:build: 'docs/generated-docs/ts-sdk/client/interfaces/GetLatestCheckpointSequenceNumberParams.md' -> '../../content/ts-sdk/api/devnet/client/interfaces/GetLatestCheckpointSequenceNumberParams.md'
iota-docs:build: 'docs/generated-docs/ts-sdk/client/interfaces/TransactionBlockBytes.md' -> '../../content/ts-sdk/api/devnet/client/interfaces/TransactionBlockBytes.md'
iota-docs:build: 'docs/generated-docs/ts-sdk/client/interfaces/CoinSupply.md' -> '../../content/ts-sdk/api/devnet/client/interfaces/CoinSupply.md'
iota-docs:build: 'docs/generated-docs/ts-sdk/client/interfaces/EndOfEpochInfo.md' -> '../../content/ts-sdk/api/devnet/client/interfaces/EndOfEpochInfo.md'
iota-docs:build: 'docs/generated-docs/ts-sdk/client/interfaces/QueryEventsParams.md' -> '../../content/ts-sdk/api/devnet/client/interfaces/QueryEventsParams.md'
iota-docs:build: 'docs/generated-docs/ts-sdk/client/interfaces/MoveCallIotaTransaction.md' -> '../../content/ts-sdk/api/devnet/client/interfaces/MoveCallIotaTransaction.md'
iota-docs:build: 'docs/generated-docs/ts-sdk/client/interfaces/IotaMoveNormalizedFunction.md' -> '../../content/ts-sdk/api/devnet/client/interfaces/IotaMoveNormalizedFunction.md'
iota-docs:build: 'docs/generated-docs/ts-sdk/client/interfaces/GasCostSummary.md' -> '../../content/ts-sdk/api/devnet/client/interfaces/GasCostSummary.md'
iota-docs:build: 'docs/generated-docs/ts-sdk/client/interfaces/UnsafeTransferIotaParams.md' -> '../../content/ts-sdk/api/devnet/client/interfaces/UnsafeTransferIotaParams.md'
iota-docs:build: 'docs/generated-docs/ts-sdk/client/interfaces/GetValidatorsApyParams.md' -> '../../content/ts-sdk/api/devnet/client/interfaces/GetValidatorsApyParams.md'
iota-docs:build: 'docs/generated-docs/ts-sdk/client/interfaces/PaginatedCoins.md' -> '../../content/ts-sdk/api/devnet/client/interfaces/PaginatedCoins.md'
iota-docs:build: 'docs/generated-docs/ts-sdk/client/interfaces/PaginatedObjectsResponse.md' -> '../../content/ts-sdk/api/devnet/client/interfaces/PaginatedObjectsResponse.md'
iota-docs:build: 'docs/generated-docs/ts-sdk/client/interfaces/GetMoveCallMetricsParams.md' -> '../../content/ts-sdk/api/devnet/client/interfaces/GetMoveCallMetricsParams.md'
iota-docs:build: 'docs/generated-docs/ts-sdk/client/interfaces/UnsafeBatchTransactionParams.md' -> '../../content/ts-sdk/api/devnet/client/interfaces/UnsafeBatchTransactionParams.md'
iota-docs:build: 'docs/generated-docs/ts-sdk/client/interfaces/GetCoinsParams.md' -> '../../content/ts-sdk/api/devnet/client/interfaces/GetCoinsParams.md'
iota-docs:build: 'docs/generated-docs/ts-sdk/client/interfaces/IotaTransactionBlockResponse.md' -> '../../content/ts-sdk/api/devnet/client/interfaces/IotaTransactionBlockResponse.md'
iota-docs:build: 'docs/generated-docs/ts-sdk/client/interfaces/PaginatedEpochMetricss.md' -> '../../content/ts-sdk/api/devnet/client/interfaces/PaginatedEpochMetricss.md'
iota-docs:build: 'docs/generated-docs/ts-sdk/client/interfaces/MultiGetObjectsParams.md' -> '../../content/ts-sdk/api/devnet/client/interfaces/MultiGetObjectsParams.md'
iota-docs:build: 'docs/generated-docs/ts-sdk/client/interfaces/CommitteeInfo.md' -> '../../content/ts-sdk/api/devnet/client/interfaces/CommitteeInfo.md'
iota-docs:build: 'docs/generated-docs/ts-sdk/client/interfaces/DynamicFieldName.md' -> '../../content/ts-sdk/api/devnet/client/interfaces/DynamicFieldName.md'
iota-docs:build: 'docs/generated-docs/ts-sdk/client/interfaces/GetCommitteeInfoParams.md' -> '../../content/ts-sdk/api/devnet/client/interfaces/GetCommitteeInfoParams.md'
iota-docs:build: 'docs/generated-docs/ts-sdk/client/interfaces/MultiGetTransactionBlocksParams.md' -> '../../content/ts-sdk/api/devnet/client/interfaces/MultiGetTransactionBlocksParams.md'
iota-docs:build: 'docs/generated-docs/ts-sdk/client/interfaces/GetNormalizedMoveFunctionParams.md' -> '../../content/ts-sdk/api/devnet/client/interfaces/GetNormalizedMoveFunctionParams.md'
iota-docs:build: 'docs/generated-docs/ts-sdk/client/interfaces/ProtocolConfig.md' -> '../../content/ts-sdk/api/devnet/client/interfaces/ProtocolConfig.md'
iota-docs:build: 'docs/generated-docs/ts-sdk/client/interfaces/UnsafeTransferObjectParams.md' -> '../../content/ts-sdk/api/devnet/client/interfaces/UnsafeTransferObjectParams.md'
iota-docs:build: 'docs/generated-docs/ts-sdk/client/interfaces/MultiSig.md' -> '../../content/ts-sdk/api/devnet/client/interfaces/MultiSig.md'
iota-docs:build: 'docs/generated-docs/ts-sdk/client/interfaces/GetTransactionBlockParams.md' -> '../../content/ts-sdk/api/devnet/client/interfaces/GetTransactionBlockParams.md'
iota-docs:build: 'docs/generated-docs/ts-sdk/client/interfaces/PasskeyAuthenticator.md' -> '../../content/ts-sdk/api/devnet/client/interfaces/PasskeyAuthenticator.md'
iota-docs:build: 'docs/generated-docs/ts-sdk/client/interfaces/DevInspectResults.md' -> '../../content/ts-sdk/api/devnet/client/interfaces/DevInspectResults.md'
iota-docs:build: 'docs/generated-docs/ts-sdk/client/interfaces/UnsafeMoveCallParams.md' -> '../../content/ts-sdk/api/devnet/client/interfaces/UnsafeMoveCallParams.md'
iota-docs:build: 'docs/generated-docs/ts-sdk/client/interfaces/GetDynamicFieldsParams.md' -> '../../content/ts-sdk/api/devnet/client/interfaces/GetDynamicFieldsParams.md'
iota-docs:build: 'docs/generated-docs/ts-sdk/client/interfaces/GetChainIdentifierParams.md' -> '../../content/ts-sdk/api/devnet/client/interfaces/GetChainIdentifierParams.md'
iota-docs:build: 'docs/generated-docs/ts-sdk/client/interfaces/IotaHTTPTransportOptions.md' -> '../../content/ts-sdk/api/devnet/client/interfaces/IotaHTTPTransportOptions.md'
iota-docs:build: 'docs/generated-docs/ts-sdk/client/interfaces/GetLatestAddressMetricsParams.md' -> '../../content/ts-sdk/api/devnet/client/interfaces/GetLatestAddressMetricsParams.md'
iota-docs:build: 'docs/generated-docs/ts-sdk/client/interfaces/GetNormalizedMoveStructParams.md' -> '../../content/ts-sdk/api/devnet/client/interfaces/GetNormalizedMoveStructParams.md'
iota-docs:build: 'docs/generated-docs/ts-sdk/client/interfaces/DevInspectTransactionBlockParams.md' -> '../../content/ts-sdk/api/devnet/client/interfaces/DevInspectTransactionBlockParams.md'
iota-docs:build: 'docs/generated-docs/ts-sdk/client/interfaces/ECMHLiveObjectSetDigest.md' -> '../../content/ts-sdk/api/devnet/client/interfaces/ECMHLiveObjectSetDigest.md'
iota-docs:build: 'docs/generated-docs/ts-sdk/client/interfaces/IotaMoveStructTypeParameter.md' -> '../../content/ts-sdk/api/devnet/client/interfaces/IotaMoveStructTypeParameter.md'
iota-docs:build: 'docs/generated-docs/ts-sdk/client/interfaces/ZkLoginProof.md' -> '../../content/ts-sdk/api/devnet/client/interfaces/ZkLoginProof.md'
iota-docs:build: 'docs/generated-docs/ts-sdk/client/interfaces/IotaTransportSubscribeOptions.md' -> '../../content/ts-sdk/api/devnet/client/interfaces/IotaTransportSubscribeOptions.md'
iota-docs:build: 'docs/generated-docs/ts-sdk/client/interfaces/GetReferenceGasPriceParams.md' -> '../../content/ts-sdk/api/devnet/client/interfaces/GetReferenceGasPriceParams.md'
iota-docs:build: 'docs/generated-docs/ts-sdk/client/interfaces/DelegatedTimelockedStake.md' -> '../../content/ts-sdk/api/devnet/client/interfaces/DelegatedTimelockedStake.md'
iota-docs:build: 'docs/generated-docs/ts-sdk/client/interfaces/IotaObjectData.md' -> '../../content/ts-sdk/api/devnet/client/interfaces/IotaObjectData.md'
iota-docs:build: 'docs/generated-docs/ts-sdk/client/interfaces/IotaObjectRef.md' -> '../../content/ts-sdk/api/devnet/client/interfaces/IotaObjectRef.md'
iota-docs:build: 'docs/generated-docs/ts-sdk/client/interfaces/ExecuteTransactionBlockParams.md' -> '../../content/ts-sdk/api/devnet/client/interfaces/ExecuteTransactionBlockParams.md'
iota-docs:build: 'docs/generated-docs/ts-sdk/client/interfaces/Claim.md' -> '../../content/ts-sdk/api/devnet/client/interfaces/Claim.md'
iota-docs:build: 'docs/generated-docs/ts-sdk/client/interfaces/GetBalanceParams.md' -> '../../content/ts-sdk/api/devnet/client/interfaces/GetBalanceParams.md'
iota-docs:build: 'docs/generated-docs/ts-sdk/client/interfaces/UnsafeRequestWithdrawStakeParams.md' -> '../../content/ts-sdk/api/devnet/client/interfaces/UnsafeRequestWithdrawStakeParams.md'
iota-docs:build: 'docs/generated-docs/ts-sdk/client/interfaces/ZkLoginAuthenticator.md' -> '../../content/ts-sdk/api/devnet/client/interfaces/ZkLoginAuthenticator.md'
iota-docs:build: 'docs/generated-docs/ts-sdk/client/interfaces/KioskConfiguration.md' -> '../../content/ts-sdk/api/devnet/client/interfaces/KioskConfiguration.md'
iota-docs:build: 'docs/generated-docs/ts-sdk/client/interfaces/MoveCallMetrics.md' -> '../../content/ts-sdk/api/devnet/client/interfaces/MoveCallMetrics.md'
iota-docs:build: 'docs/generated-docs/ts-sdk/client/interfaces/DryRunTransactionBlockResponse.md' -> '../../content/ts-sdk/api/devnet/client/interfaces/DryRunTransactionBlockResponse.md'
iota-docs:build: 'docs/generated-docs/ts-sdk/client/interfaces/IotaSystemStateSummary.md' -> '../../content/ts-sdk/api/devnet/client/interfaces/IotaSystemStateSummary.md'
iota-docs:build: 'docs/generated-docs/ts-sdk/client/interfaces/GetEpochsParams.md' -> '../../content/ts-sdk/api/devnet/client/interfaces/GetEpochsParams.md'
iota-docs:build: 'docs/generated-docs/ts-sdk/client/interfaces/AddressMetrics.md' -> '../../content/ts-sdk/api/devnet/client/interfaces/AddressMetrics.md'
iota-docs:build: 'docs/generated-docs/ts-sdk/client/interfaces/GetEpochMetricsParams.md' -> '../../content/ts-sdk/api/devnet/client/interfaces/GetEpochMetricsParams.md'
iota-docs:build: 'docs/generated-docs/ts-sdk/client/interfaces/GetTotalSupplyParams.md' -> '../../content/ts-sdk/api/devnet/client/interfaces/GetTotalSupplyParams.md'
iota-docs:build: 'docs/generated-docs/ts-sdk/client/interfaces/PaginationArguments.md' -> '../../content/ts-sdk/api/devnet/client/interfaces/PaginationArguments.md'
iota-docs:build: 'docs/generated-docs/ts-sdk/client/interfaces/EpochInfo.md' -> '../../content/ts-sdk/api/devnet/client/interfaces/EpochInfo.md'
iota-docs:build: 'docs/generated-docs/ts-sdk/client/interfaces/IotaExecutionResult.md' -> '../../content/ts-sdk/api/devnet/client/interfaces/IotaExecutionResult.md'
iota-docs:build: 'docs/generated-docs/ts-sdk/client/interfaces/GetObjectParams.md' -> '../../content/ts-sdk/api/devnet/client/interfaces/GetObjectParams.md'
iota-docs:build: 'docs/generated-docs/ts-sdk/client/interfaces/IotaEvent.md' -> '../../content/ts-sdk/api/devnet/client/interfaces/IotaEvent.md'
iota-docs:build: 'docs/generated-docs/ts-sdk/client/interfaces/GetLatestIotaSystemStateParams.md' -> '../../content/ts-sdk/api/devnet/client/interfaces/GetLatestIotaSystemStateParams.md'
iota-docs:build: 'docs/generated-docs/ts-sdk/client/interfaces/DisplayFieldsResponse.md' -> '../../content/ts-sdk/api/devnet/client/interfaces/DisplayFieldsResponse.md'
iota-docs:build: 'docs/generated-docs/ts-sdk/client/interfaces/IotaTransportRequestOptions.md' -> '../../content/ts-sdk/api/devnet/client/interfaces/IotaTransportRequestOptions.md'
iota-docs:build: 'docs/generated-docs/ts-sdk/client/interfaces/IotaJwkId.md' -> '../../content/ts-sdk/api/devnet/client/interfaces/IotaJwkId.md'
iota-docs:build: 'docs/generated-docs/ts-sdk/client/interfaces/IotaTransactionBlockResponseOptions.md' -> '../../content/ts-sdk/api/devnet/client/interfaces/IotaTransactionBlockResponseOptions.md'
iota-docs:build: 'docs/generated-docs/ts-sdk/client/interfaces/GetTotalTransactionBlocksParams.md' -> '../../content/ts-sdk/api/devnet/client/interfaces/GetTotalTransactionBlocksParams.md'
iota-docs:build: 'docs/generated-docs/ts-sdk/client/interfaces/UnsafePayAllIotaParams.md' -> '../../content/ts-sdk/api/devnet/client/interfaces/UnsafePayAllIotaParams.md'
iota-docs:build: 'docs/generated-docs/ts-sdk/client/interfaces/IotaValidatorSummary.md' -> '../../content/ts-sdk/api/devnet/client/interfaces/IotaValidatorSummary.md'
iota-docs:build: 'docs/generated-docs/ts-sdk/client/interfaces/IotaTransactionBlockResponseQuery.md' -> '../../content/ts-sdk/api/devnet/client/interfaces/IotaTransactionBlockResponseQuery.md'
iota-docs:build: 'docs/generated-docs/ts-sdk/client/interfaces/PaginatedEpochInfos.md' -> '../../content/ts-sdk/api/devnet/client/interfaces/PaginatedEpochInfos.md'
iota-docs:build: 'docs/generated-docs/ts-sdk/client/interfaces/NetworkConfiguration.md' -> '../../content/ts-sdk/api/devnet/client/interfaces/NetworkConfiguration.md'
iota-docs:build: 'docs/generated-docs/ts-sdk/client/interfaces/MoveVariant.md' -> '../../content/ts-sdk/api/devnet/client/interfaces/MoveVariant.md'
iota-docs:build: 'docs/generated-docs/ts-sdk/client/interfaces/DryRunTransactionBlockParams.md' -> '../../content/ts-sdk/api/devnet/client/interfaces/DryRunTransactionBlockParams.md'
iota-docs:build: 'docs/generated-docs/ts-sdk/client/interfaces/UnsafePayParams.md' -> '../../content/ts-sdk/api/devnet/client/interfaces/UnsafePayParams.md'
iota-docs:build: 'docs/generated-docs/ts-sdk/client/interfaces/EndOfEpochData.md' -> '../../content/ts-sdk/api/devnet/client/interfaces/EndOfEpochData.md'
iota-docs:build: 'docs/generated-docs/ts-sdk/client/interfaces/TransactionBlockEffectsModifiedAtVersions.md' -> '../../content/ts-sdk/api/devnet/client/interfaces/TransactionBlockEffectsModifiedAtVersions.md'
iota-docs:build: 'docs/generated-docs/ts-sdk/client/interfaces/BalanceChange.md' -> '../../content/ts-sdk/api/devnet/client/interfaces/BalanceChange.md'
iota-docs:build: 'docs/generated-docs/ts-sdk/client/interfaces/GetDynamicFieldObjectParams.md' -> '../../content/ts-sdk/api/devnet/client/interfaces/GetDynamicFieldObjectParams.md'
iota-docs:build: 'docs/generated-docs/ts-sdk/client/interfaces/NetworkMetrics.md' -> '../../content/ts-sdk/api/devnet/client/interfaces/NetworkMetrics.md'
iota-docs:build: 'docs/generated-docs/ts-sdk/client/interfaces/OrderArguments.md' -> '../../content/ts-sdk/api/devnet/client/interfaces/OrderArguments.md'
iota-docs:build: 'docs/generated-docs/ts-sdk/client/interfaces/IotaObjectDataOptions.md' -> '../../content/ts-sdk/api/devnet/client/interfaces/IotaObjectDataOptions.md'
iota-docs:build: 'docs/generated-docs/ts-sdk/client/interfaces/IotaTransport.md' -> '../../content/ts-sdk/api/devnet/client/interfaces/IotaTransport.md'
iota-docs:build: 'docs/generated-docs/ts-sdk/client/interfaces/IotaObjectResponse.md' -> '../../content/ts-sdk/api/devnet/client/interfaces/IotaObjectResponse.md'
iota-docs:build: 'docs/generated-docs/ts-sdk/client/interfaces/GetStakesParams.md' -> '../../content/ts-sdk/api/devnet/client/interfaces/GetStakesParams.md'
iota-docs:build: 'docs/generated-docs/ts-sdk/client/interfaces/IotaMoveAbilitySet.md' -> '../../content/ts-sdk/api/devnet/client/interfaces/IotaMoveAbilitySet.md'
iota-docs:build: 'docs/generated-docs/ts-sdk/client/interfaces/MoveFunctionName.md' -> '../../content/ts-sdk/api/devnet/client/interfaces/MoveFunctionName.md'
iota-docs:build: 'docs/generated-docs/ts-sdk/client/interfaces/IotaGasData.md' -> '../../content/ts-sdk/api/devnet/client/interfaces/IotaGasData.md'
iota-docs:build: 'docs/generated-docs/ts-sdk/client/interfaces/GetPastObjectRequest.md' -> '../../content/ts-sdk/api/devnet/client/interfaces/GetPastObjectRequest.md'
iota-docs:build: 'docs/generated-docs/ts-sdk/client/interfaces/GetCheckpointAddressMetricsParams.md' -> '../../content/ts-sdk/api/devnet/client/interfaces/GetCheckpointAddressMetricsParams.md'
iota-docs:build: 'docs/generated-docs/ts-sdk/client/interfaces/GetProtocolConfigParams.md' -> '../../content/ts-sdk/api/devnet/client/interfaces/GetProtocolConfigParams.md'
iota-docs:build: 'docs/generated-docs/ts-sdk/client/interfaces/UnsafeSplitCoinParams.md' -> '../../content/ts-sdk/api/devnet/client/interfaces/UnsafeSplitCoinParams.md'
iota-docs:build: 'docs/generated-docs/ts-sdk/client/interfaces/CoinStruct.md' -> '../../content/ts-sdk/api/devnet/client/interfaces/CoinStruct.md'
iota-docs:build: 'docs/generated-docs/ts-sdk/client/interfaces/OwnedObjectRef.md' -> '../../content/ts-sdk/api/devnet/client/interfaces/OwnedObjectRef.md'
iota-docs:build: 'docs/generated-docs/ts-sdk/client/interfaces/GetEventsParams.md' -> '../../content/ts-sdk/api/devnet/client/interfaces/GetEventsParams.md'
iota-docs:build: 'docs/generated-docs/ts-sdk/client/interfaces/ZkLoginInputs.md' -> '../../content/ts-sdk/api/devnet/client/interfaces/ZkLoginInputs.md'
iota-docs:build: 'docs/generated-docs/ts-sdk/client/interfaces/GetStakesByIdsParams.md' -> '../../content/ts-sdk/api/devnet/client/interfaces/GetStakesByIdsParams.md'
iota-docs:build: 'docs/generated-docs/ts-sdk/client/interfaces/MultiSigPublicKey.md' -> '../../content/ts-sdk/api/devnet/client/interfaces/MultiSigPublicKey.md'
iota-docs:build: 'docs/generated-docs/ts-sdk/client/interfaces/IotaChangeEpoch.md' -> '../../content/ts-sdk/api/devnet/client/interfaces/IotaChangeEpoch.md'
iota-docs:build: 'docs/generated-docs/ts-sdk/client/interfaces/DelegatedStake.md' -> '../../content/ts-sdk/api/devnet/client/interfaces/DelegatedStake.md'
iota-docs:build: 'docs/generated-docs/ts-sdk/client/interfaces/GetCheckpointParams.md' -> '../../content/ts-sdk/api/devnet/client/interfaces/GetCheckpointParams.md'
iota-docs:build: 'docs/generated-docs/ts-sdk/client/interfaces/ValidatorsApy.md' -> '../../content/ts-sdk/api/devnet/client/interfaces/ValidatorsApy.md'
iota-docs:build: 'docs/generated-docs/ts-sdk/client/interfaces/UnsafeRequestWithdrawTimelockedStakeParams.md' -> '../../content/ts-sdk/api/devnet/client/interfaces/UnsafeRequestWithdrawTimelockedStakeParams.md'
iota-docs:build: 'docs/generated-docs/ts-sdk/client/interfaces/GetCheckpointsParams.md' -> '../../content/ts-sdk/api/devnet/client/interfaces/GetCheckpointsParams.md'
iota-docs:build: 'docs/generated-docs/ts-sdk/client/interfaces/GetNetworkMetricsParams.md' -> '../../content/ts-sdk/api/devnet/client/interfaces/GetNetworkMetricsParams.md'
iota-docs:build: 'docs/generated-docs/ts-sdk/client/interfaces/TransferObjectParams.md' -> '../../content/ts-sdk/api/devnet/client/interfaces/TransferObjectParams.md'
iota-docs:build: 'docs/generated-docs/ts-sdk/client/interfaces/UnsafeRequestAddTimelockedStakeParams.md' -> '../../content/ts-sdk/api/devnet/client/interfaces/UnsafeRequestAddTimelockedStakeParams.md'
iota-docs:build: 'docs/generated-docs/ts-sdk/client/interfaces/UpgradeInfo.md' -> '../../content/ts-sdk/api/devnet/client/interfaces/UpgradeInfo.md'
iota-docs:build: 'docs/generated-docs/ts-sdk/client/interfaces/Balance.md' -> '../../content/ts-sdk/api/devnet/client/interfaces/Balance.md'
iota-docs:build: 'docs/generated-docs/ts-sdk/client/interfaces/GetNormalizedMoveModuleParams.md' -> '../../content/ts-sdk/api/devnet/client/interfaces/GetNormalizedMoveModuleParams.md'
iota-docs:build: 'docs/generated-docs/ts-sdk/client/interfaces/GetTimelockedStakesByIdsParams.md' -> '../../content/ts-sdk/api/devnet/client/interfaces/GetTimelockedStakesByIdsParams.md'
iota-docs:build: 'docs/generated-docs/ts-sdk/client/interfaces/UnsafeRequestAddStakeParams.md' -> '../../content/ts-sdk/api/devnet/client/interfaces/UnsafeRequestAddStakeParams.md'
iota-docs:build: 'docs/generated-docs/ts-sdk/client/interfaces/GetAllCoinsParams.md' -> '../../content/ts-sdk/api/devnet/client/interfaces/GetAllCoinsParams.md'
iota-docs:build: 'docs/generated-docs/ts-sdk/client/interfaces/EpochMetrics.md' -> '../../content/ts-sdk/api/devnet/client/interfaces/EpochMetrics.md'
iota-docs:build: 'docs/generated-docs/ts-sdk/client/interfaces/GetNormalizedMoveModulesByPackageParams.md' -> '../../content/ts-sdk/api/devnet/client/interfaces/GetNormalizedMoveModulesByPackageParams.md'
iota-docs:build: 'docs/generated-docs/ts-sdk/client/interfaces/CoinMetadata.md' -> '../../content/ts-sdk/api/devnet/client/interfaces/CoinMetadata.md'
iota-docs:build: 'docs/generated-docs/ts-sdk/client/interfaces/EventId.md' -> '../../content/ts-sdk/api/devnet/client/interfaces/EventId.md'
iota-docs:build: 'docs/generated-docs/ts-sdk/client/interfaces/Checkpoint.md' -> '../../content/ts-sdk/api/devnet/client/interfaces/Checkpoint.md'
iota-docs:build: 'docs/generated-docs/ts-sdk/client/interfaces/PaginatedEvents.md' -> '../../content/ts-sdk/api/devnet/client/interfaces/PaginatedEvents.md'
iota-docs:build: 'docs/generated-docs/ts-sdk/client/interfaces/IotaMoveNormalizedField.md' -> '../../content/ts-sdk/api/devnet/client/interfaces/IotaMoveNormalizedField.md'
iota-docs:build: 'docs/generated-docs/ts-sdk/client/interfaces/GetCurrentEpochParams.md' -> '../../content/ts-sdk/api/devnet/client/interfaces/GetCurrentEpochParams.md'
iota-docs:build: 'docs/generated-docs/ts-sdk/client/interfaces/UnsafeSplitCoinEqualParams.md' -> '../../content/ts-sdk/api/devnet/client/interfaces/UnsafeSplitCoinEqualParams.md'
iota-docs:build: 'docs/generated-docs/ts-sdk/client/interfaces/IotaAuthenticatorStateExpire.md' -> '../../content/ts-sdk/api/devnet/client/interfaces/IotaAuthenticatorStateExpire.md'
iota-docs:build: 'docs/generated-docs/ts-sdk/client/interfaces/UnsafePayIotaParams.md' -> '../../content/ts-sdk/api/devnet/client/interfaces/UnsafePayIotaParams.md'
iota-docs:build: 'docs/generated-docs/ts-sdk/client/interfaces/TryGetPastObjectParams.md' -> '../../content/ts-sdk/api/devnet/client/interfaces/TryGetPastObjectParams.md'
iota-docs:build: 'docs/generated-docs/ts-sdk/client/interfaces/IotaMoveNormalizedStruct.md' -> '../../content/ts-sdk/api/devnet/client/interfaces/IotaMoveNormalizedStruct.md'
iota-docs:build: 'docs/generated-docs/ts-sdk/client/interfaces/GetTotalTransactionsParams.md' -> '../../content/ts-sdk/api/devnet/client/interfaces/GetTotalTransactionsParams.md'
iota-docs:build: 'docs/generated-docs/ts-sdk/client/interfaces/IotaMoveModuleId.md' -> '../../content/ts-sdk/api/devnet/client/interfaces/IotaMoveModuleId.md'
iota-docs:build: 'docs/generated-docs/ts-sdk/client/index.md' -> '../../content/ts-sdk/api/devnet/client/index.md'
iota-docs:build: 'docs/generated-docs/ts-sdk/cryptography/functions/mnemonicToSeedHex.md' -> '../../content/ts-sdk/api/devnet/cryptography/functions/mnemonicToSeedHex.md'
iota-docs:build: 'docs/generated-docs/ts-sdk/cryptography/functions/mnemonicToSeed.md' -> '../../content/ts-sdk/api/devnet/cryptography/functions/mnemonicToSeed.md'
iota-docs:build: 'docs/generated-docs/ts-sdk/cryptography/functions/isValidHardenedPath.md' -> '../../content/ts-sdk/api/devnet/cryptography/functions/isValidHardenedPath.md'
iota-docs:build: 'docs/generated-docs/ts-sdk/cryptography/functions/isValidBIP32Path.md' -> '../../content/ts-sdk/api/devnet/cryptography/functions/isValidBIP32Path.md'
iota-docs:build: 'docs/generated-docs/ts-sdk/cryptography/functions/messageWithIntent.md' -> '../../content/ts-sdk/api/devnet/cryptography/functions/messageWithIntent.md'
iota-docs:build: 'docs/generated-docs/ts-sdk/cryptography/functions/toSerializedSignature.md' -> '../../content/ts-sdk/api/devnet/cryptography/functions/toSerializedSignature.md'
iota-docs:build: 'docs/generated-docs/ts-sdk/cryptography/functions/encodeIotaPrivateKey.md' -> '../../content/ts-sdk/api/devnet/cryptography/functions/encodeIotaPrivateKey.md'
iota-docs:build: 'docs/generated-docs/ts-sdk/cryptography/functions/decodeIotaPrivateKey.md' -> '../../content/ts-sdk/api/devnet/cryptography/functions/decodeIotaPrivateKey.md'
iota-docs:build: 'docs/generated-docs/ts-sdk/cryptography/functions/parseSerializedSignature.md' -> '../../content/ts-sdk/api/devnet/cryptography/functions/parseSerializedSignature.md'
iota-docs:build: 'docs/generated-docs/ts-sdk/cryptography/classes/Signer.md' -> '../../content/ts-sdk/api/devnet/cryptography/classes/Signer.md'
iota-docs:build: 'docs/generated-docs/ts-sdk/cryptography/classes/Keypair.md' -> '../../content/ts-sdk/api/devnet/cryptography/classes/Keypair.md'
iota-docs:build: 'docs/generated-docs/ts-sdk/cryptography/classes/PublicKey.md' -> '../../content/ts-sdk/api/devnet/cryptography/classes/PublicKey.md'
iota-docs:build: 'docs/generated-docs/ts-sdk/cryptography/variables/SIGNATURE_SCHEME_TO_SIZE.md' -> '../../content/ts-sdk/api/devnet/cryptography/variables/SIGNATURE_SCHEME_TO_SIZE.md'
iota-docs:build: 'docs/generated-docs/ts-sdk/cryptography/variables/LEGACY_PRIVATE_KEY_SIZE.md' -> '../../content/ts-sdk/api/devnet/cryptography/variables/LEGACY_PRIVATE_KEY_SIZE.md'
iota-docs:build: 'docs/generated-docs/ts-sdk/cryptography/variables/SIGNATURE_FLAG_TO_SCHEME.md' -> '../../content/ts-sdk/api/devnet/cryptography/variables/SIGNATURE_FLAG_TO_SCHEME.md'
iota-docs:build: 'docs/generated-docs/ts-sdk/cryptography/variables/PRIVATE_KEY_SIZE.md' -> '../../content/ts-sdk/api/devnet/cryptography/variables/PRIVATE_KEY_SIZE.md'
iota-docs:build: 'docs/generated-docs/ts-sdk/cryptography/variables/SIGNATURE_SCHEME_TO_FLAG.md' -> '../../content/ts-sdk/api/devnet/cryptography/variables/SIGNATURE_SCHEME_TO_FLAG.md'
iota-docs:build: 'docs/generated-docs/ts-sdk/cryptography/variables/IOTA_PRIVATE_KEY_PREFIX.md' -> '../../content/ts-sdk/api/devnet/cryptography/variables/IOTA_PRIVATE_KEY_PREFIX.md'
iota-docs:build: 'docs/generated-docs/ts-sdk/cryptography/type-aliases/IntentScope.md' -> '../../content/ts-sdk/api/devnet/cryptography/type-aliases/IntentScope.md'
iota-docs:build: 'docs/generated-docs/ts-sdk/cryptography/type-aliases/SignatureScheme.md' -> '../../content/ts-sdk/api/devnet/cryptography/type-aliases/SignatureScheme.md'
iota-docs:build: 'docs/generated-docs/ts-sdk/cryptography/type-aliases/SerializeSignatureInput.md' -> '../../content/ts-sdk/api/devnet/cryptography/type-aliases/SerializeSignatureInput.md'
iota-docs:build: 'docs/generated-docs/ts-sdk/cryptography/type-aliases/ParsedKeypair.md' -> '../../content/ts-sdk/api/devnet/cryptography/type-aliases/ParsedKeypair.md'
iota-docs:build: 'docs/generated-docs/ts-sdk/cryptography/type-aliases/SignatureFlag.md' -> '../../content/ts-sdk/api/devnet/cryptography/type-aliases/SignatureFlag.md'
iota-docs:build: 'docs/generated-docs/ts-sdk/cryptography/interfaces/SignatureWithBytes.md' -> '../../content/ts-sdk/api/devnet/cryptography/interfaces/SignatureWithBytes.md'
iota-docs:build: 'docs/generated-docs/ts-sdk/cryptography/index.md' -> '../../content/ts-sdk/api/devnet/cryptography/index.md'
iota-docs:build: 'docs/generated-docs/ts-sdk/faucet/functions/getFaucetRequestStatus.md' -> '../../content/ts-sdk/api/devnet/faucet/functions/getFaucetRequestStatus.md'
iota-docs:build: 'docs/generated-docs/ts-sdk/faucet/functions/requestIotaFromFaucetV1.md' -> '../../content/ts-sdk/api/devnet/faucet/functions/requestIotaFromFaucetV1.md'
iota-docs:build: 'docs/generated-docs/ts-sdk/faucet/functions/getFaucetHost.md' -> '../../content/ts-sdk/api/devnet/faucet/functions/getFaucetHost.md'
iota-docs:build: 'docs/generated-docs/ts-sdk/faucet/functions/requestIotaFromFaucetV0.md' -> '../../content/ts-sdk/api/devnet/faucet/functions/requestIotaFromFaucetV0.md'
iota-docs:build: 'docs/generated-docs/ts-sdk/faucet/classes/FaucetRateLimitError.md' -> '../../content/ts-sdk/api/devnet/faucet/classes/FaucetRateLimitError.md'
iota-docs:build: 'docs/generated-docs/ts-sdk/faucet/index.md' -> '../../content/ts-sdk/api/devnet/faucet/index.md'
iota-docs:build: 'docs/generated-docs/ts-sdk/graphql/classes/IotaGraphQLRequestError.md' -> '../../content/ts-sdk/api/devnet/graphql/classes/IotaGraphQLRequestError.md'
iota-docs:build: 'docs/generated-docs/ts-sdk/graphql/classes/IotaGraphQLClient.md' -> '../../content/ts-sdk/api/devnet/graphql/classes/IotaGraphQLClient.md'
iota-docs:build: 'docs/generated-docs/ts-sdk/graphql/type-aliases/GraphQLQueryOptions.md' -> '../../content/ts-sdk/api/devnet/graphql/type-aliases/GraphQLQueryOptions.md'
iota-docs:build: 'docs/generated-docs/ts-sdk/graphql/type-aliases/GraphQLResponseErrors.md' -> '../../content/ts-sdk/api/devnet/graphql/type-aliases/GraphQLResponseErrors.md'
iota-docs:build: 'docs/generated-docs/ts-sdk/graphql/type-aliases/GraphQLDocument.md' -> '../../content/ts-sdk/api/devnet/graphql/type-aliases/GraphQLDocument.md'
iota-docs:build: 'docs/generated-docs/ts-sdk/graphql/type-aliases/GraphQLQueryResult.md' -> '../../content/ts-sdk/api/devnet/graphql/type-aliases/GraphQLQueryResult.md'
iota-docs:build: 'docs/generated-docs/ts-sdk/graphql/interfaces/IotaGraphQLClientOptions.md' -> '../../content/ts-sdk/api/devnet/graphql/interfaces/IotaGraphQLClientOptions.md'
iota-docs:build: 'docs/generated-docs/ts-sdk/graphql/index.md' -> '../../content/ts-sdk/api/devnet/graphql/index.md'
iota-docs:build: 'docs/generated-docs/ts-sdk/index.md' -> '../../content/ts-sdk/api/devnet/index.md'
iota-docs:build: 'docs/generated-docs/ts-sdk/keypairs/secp256r1/classes/Secp256r1Keypair.md' -> '../../content/ts-sdk/api/devnet/keypairs/secp256r1/classes/Secp256r1Keypair.md'
iota-docs:build: 'docs/generated-docs/ts-sdk/keypairs/secp256r1/classes/Secp256r1PublicKey.md' -> '../../content/ts-sdk/api/devnet/keypairs/secp256r1/classes/Secp256r1PublicKey.md'
iota-docs:build: 'docs/generated-docs/ts-sdk/keypairs/secp256r1/variables/DEFAULT_SECP256R1_DERIVATION_PATH.md' -> '../../content/ts-sdk/api/devnet/keypairs/secp256r1/variables/DEFAULT_SECP256R1_DERIVATION_PATH.md'
iota-docs:build: 'docs/generated-docs/ts-sdk/keypairs/secp256r1/interfaces/Secp256r1KeypairData.md' -> '../../content/ts-sdk/api/devnet/keypairs/secp256r1/interfaces/Secp256r1KeypairData.md'
iota-docs:build: 'docs/generated-docs/ts-sdk/keypairs/secp256r1/index.md' -> '../../content/ts-sdk/api/devnet/keypairs/secp256r1/index.md'
iota-docs:build: 'docs/generated-docs/ts-sdk/keypairs/ed25519/classes/Ed25519Keypair.md' -> '../../content/ts-sdk/api/devnet/keypairs/ed25519/classes/Ed25519Keypair.md'
iota-docs:build: 'docs/generated-docs/ts-sdk/keypairs/ed25519/classes/Ed25519PublicKey.md' -> '../../content/ts-sdk/api/devnet/keypairs/ed25519/classes/Ed25519PublicKey.md'
iota-docs:build: 'docs/generated-docs/ts-sdk/keypairs/ed25519/variables/DEFAULT_ED25519_DERIVATION_PATH.md' -> '../../content/ts-sdk/api/devnet/keypairs/ed25519/variables/DEFAULT_ED25519_DERIVATION_PATH.md'
iota-docs:build: 'docs/generated-docs/ts-sdk/keypairs/ed25519/interfaces/Ed25519KeypairData.md' -> '../../content/ts-sdk/api/devnet/keypairs/ed25519/interfaces/Ed25519KeypairData.md'
iota-docs:build: 'docs/generated-docs/ts-sdk/keypairs/ed25519/index.md' -> '../../content/ts-sdk/api/devnet/keypairs/ed25519/index.md'
iota-docs:build: 'docs/generated-docs/ts-sdk/keypairs/secp256k1/classes/Secp256k1Keypair.md' -> '../../content/ts-sdk/api/devnet/keypairs/secp256k1/classes/Secp256k1Keypair.md'
iota-docs:build: 'docs/generated-docs/ts-sdk/keypairs/secp256k1/classes/Secp256k1PublicKey.md' -> '../../content/ts-sdk/api/devnet/keypairs/secp256k1/classes/Secp256k1PublicKey.md'
iota-docs:build: 'docs/generated-docs/ts-sdk/keypairs/secp256k1/variables/DEFAULT_SECP256K1_DERIVATION_PATH.md' -> '../../content/ts-sdk/api/devnet/keypairs/secp256k1/variables/DEFAULT_SECP256K1_DERIVATION_PATH.md'
iota-docs:build: 'docs/generated-docs/ts-sdk/keypairs/secp256k1/interfaces/Secp256k1KeypairData.md' -> '../../content/ts-sdk/api/devnet/keypairs/secp256k1/interfaces/Secp256k1KeypairData.md'
iota-docs:build: 'docs/generated-docs/ts-sdk/keypairs/secp256k1/index.md' -> '../../content/ts-sdk/api/devnet/keypairs/secp256k1/index.md'
iota-docs:build: 'docs/generated-docs/ts-sdk/multisig/functions/parsePartialSignatures.md' -> '../../content/ts-sdk/api/devnet/multisig/functions/parsePartialSignatures.md'
iota-docs:build: 'docs/generated-docs/ts-sdk/multisig/classes/MultiSigSigner.md' -> '../../content/ts-sdk/api/devnet/multisig/classes/MultiSigSigner.md'
iota-docs:build: 'docs/generated-docs/ts-sdk/multisig/classes/MultiSigPublicKey.md' -> '../../content/ts-sdk/api/devnet/multisig/classes/MultiSigPublicKey.md'
iota-docs:build: 'docs/generated-docs/ts-sdk/multisig/type-aliases/MultiSigStruct.md' -> '../../content/ts-sdk/api/devnet/multisig/type-aliases/MultiSigStruct.md'
iota-docs:build: 'docs/generated-docs/ts-sdk/multisig/index.md' -> '../../content/ts-sdk/api/devnet/multisig/index.md'
iota-docs:build: 'docs/generated-docs/ts-sdk/transactions/functions/isTransaction.md' -> '../../content/ts-sdk/api/devnet/transactions/functions/isTransaction.md'
iota-docs:build: 'docs/generated-docs/ts-sdk/transactions/functions/getPureBcsSchema.md' -> '../../content/ts-sdk/api/devnet/transactions/functions/getPureBcsSchema.md'
iota-docs:build: 'docs/generated-docs/ts-sdk/transactions/functions/normalizedTypeToMoveTypeSignature.md' -> '../../content/ts-sdk/api/devnet/transactions/functions/normalizedTypeToMoveTypeSignature.md'
iota-docs:build: 'docs/generated-docs/ts-sdk/transactions/functions/coinWithBalance.md' -> '../../content/ts-sdk/api/devnet/transactions/functions/coinWithBalance.md'
iota-docs:build: 'docs/generated-docs/ts-sdk/transactions/classes/SerialTransactionExecutor.md' -> '../../content/ts-sdk/api/devnet/transactions/classes/SerialTransactionExecutor.md'
iota-docs:build: 'docs/generated-docs/ts-sdk/transactions/classes/ParallelTransactionExecutor.md' -> '../../content/ts-sdk/api/devnet/transactions/classes/ParallelTransactionExecutor.md'
iota-docs:build: 'docs/generated-docs/ts-sdk/transactions/classes/ObjectCache.md' -> '../../content/ts-sdk/api/devnet/transactions/classes/ObjectCache.md'
iota-docs:build: 'docs/generated-docs/ts-sdk/transactions/classes/Transaction.md' -> '../../content/ts-sdk/api/devnet/transactions/classes/Transaction.md'
iota-docs:build: 'docs/generated-docs/ts-sdk/transactions/classes/AsyncCache.md' -> '../../content/ts-sdk/api/devnet/transactions/classes/AsyncCache.md'
iota-docs:build: 'docs/generated-docs/ts-sdk/transactions/classes/TransactionDataBuilder.md' -> '../../content/ts-sdk/api/devnet/transactions/classes/TransactionDataBuilder.md'
iota-docs:build: 'docs/generated-docs/ts-sdk/transactions/enumerations/UpgradePolicy.md' -> '../../content/ts-sdk/api/devnet/transactions/enumerations/UpgradePolicy.md'
iota-docs:build: 'docs/generated-docs/ts-sdk/transactions/variables/SerializedTransactionDataV2.md' -> '../../content/ts-sdk/api/devnet/transactions/variables/SerializedTransactionDataV2.md'
iota-docs:build: 'docs/generated-docs/ts-sdk/transactions/variables/SerializedTransactionDataV1.md' -> '../../content/ts-sdk/api/devnet/transactions/variables/SerializedTransactionDataV1.md'
iota-docs:build: 'docs/generated-docs/ts-sdk/transactions/variables/TransactionData.md' -> '../../content/ts-sdk/api/devnet/transactions/variables/TransactionData.md'
iota-docs:build: 'docs/generated-docs/ts-sdk/transactions/variables/OpenMoveTypeSignature.md' -> '../../content/ts-sdk/api/devnet/transactions/variables/OpenMoveTypeSignature.md'
iota-docs:build: 'docs/generated-docs/ts-sdk/transactions/variables/Arguments.md' -> '../../content/ts-sdk/api/devnet/transactions/variables/Arguments.md'
iota-docs:build: 'docs/generated-docs/ts-sdk/transactions/variables/ObjectRef.md' -> '../../content/ts-sdk/api/devnet/transactions/variables/ObjectRef.md'
iota-docs:build: 'docs/generated-docs/ts-sdk/transactions/variables/OpenMoveTypeSignatureBody.md' -> '../../content/ts-sdk/api/devnet/transactions/variables/OpenMoveTypeSignatureBody.md'
iota-docs:build: 'docs/generated-docs/ts-sdk/transactions/variables/Argument.md' -> '../../content/ts-sdk/api/devnet/transactions/variables/Argument.md'
iota-docs:build: 'docs/generated-docs/ts-sdk/transactions/variables/Command.md' -> '../../content/ts-sdk/api/devnet/transactions/variables/Command.md'
iota-docs:build: 'docs/generated-docs/ts-sdk/transactions/variables/Inputs.md' -> '../../content/ts-sdk/api/devnet/transactions/variables/Inputs.md'
iota-docs:build: 'docs/generated-docs/ts-sdk/transactions/variables/Commands.md' -> '../../content/ts-sdk/api/devnet/transactions/variables/Commands.md'
iota-docs:build: 'docs/generated-docs/ts-sdk/transactions/variables/GasData.md' -> '../../content/ts-sdk/api/devnet/transactions/variables/GasData.md'
iota-docs:build: 'docs/generated-docs/ts-sdk/transactions/type-aliases/SerializedTransactionDataV2.md' -> '../../content/ts-sdk/api/devnet/transactions/type-aliases/SerializedTransactionDataV2.md'
iota-docs:build: 'docs/generated-docs/ts-sdk/transactions/type-aliases/SerializedTransactionDataV1.md' -> '../../content/ts-sdk/api/devnet/transactions/type-aliases/SerializedTransactionDataV1.md'
iota-docs:build: 'docs/generated-docs/ts-sdk/transactions/type-aliases/TransactionData.md' -> '../../content/ts-sdk/api/devnet/transactions/type-aliases/TransactionData.md'
iota-docs:build: 'docs/generated-docs/ts-sdk/transactions/type-aliases/TransactionArgument.md' -> '../../content/ts-sdk/api/devnet/transactions/type-aliases/TransactionArgument.md'
iota-docs:build: 'docs/generated-docs/ts-sdk/transactions/type-aliases/OpenMoveTypeSignature.md' -> '../../content/ts-sdk/api/devnet/transactions/type-aliases/OpenMoveTypeSignature.md'
iota-docs:build: 'docs/generated-docs/ts-sdk/transactions/type-aliases/ObjectRef.md' -> '../../content/ts-sdk/api/devnet/transactions/type-aliases/ObjectRef.md'
iota-docs:build: 'docs/generated-docs/ts-sdk/transactions/type-aliases/TransactionResult.md' -> '../../content/ts-sdk/api/devnet/transactions/type-aliases/TransactionResult.md'
iota-docs:build: 'docs/generated-docs/ts-sdk/transactions/type-aliases/OpenMoveTypeSignatureBody.md' -> '../../content/ts-sdk/api/devnet/transactions/type-aliases/OpenMoveTypeSignatureBody.md'
iota-docs:build: 'docs/generated-docs/ts-sdk/transactions/type-aliases/TransactionObjectInput.md' -> '../../content/ts-sdk/api/devnet/transactions/type-aliases/TransactionObjectInput.md'
iota-docs:build: 'docs/generated-docs/ts-sdk/transactions/type-aliases/Argument.md' -> '../../content/ts-sdk/api/devnet/transactions/type-aliases/Argument.md'
iota-docs:build: 'docs/generated-docs/ts-sdk/transactions/type-aliases/Command.md' -> '../../content/ts-sdk/api/devnet/transactions/type-aliases/Command.md'
iota-docs:build: 'docs/generated-docs/ts-sdk/transactions/type-aliases/CallArg.md' -> '../../content/ts-sdk/api/devnet/transactions/type-aliases/CallArg.md'
iota-docs:build: 'docs/generated-docs/ts-sdk/transactions/type-aliases/TransactionPlugin.md' -> '../../content/ts-sdk/api/devnet/transactions/type-aliases/TransactionPlugin.md'
iota-docs:build: 'docs/generated-docs/ts-sdk/transactions/type-aliases/TransactionObjectArgument.md' -> '../../content/ts-sdk/api/devnet/transactions/type-aliases/TransactionObjectArgument.md'
iota-docs:build: 'docs/generated-docs/ts-sdk/transactions/type-aliases/GasData.md' -> '../../content/ts-sdk/api/devnet/transactions/type-aliases/GasData.md'
iota-docs:build: 'docs/generated-docs/ts-sdk/transactions/type-aliases/TransactionInput.md' -> '../../content/ts-sdk/api/devnet/transactions/type-aliases/TransactionInput.md'
iota-docs:build: 'docs/generated-docs/ts-sdk/transactions/interfaces/SerializeTransactionOptions.md' -> '../../content/ts-sdk/api/devnet/transactions/interfaces/SerializeTransactionOptions.md'
iota-docs:build: 'docs/generated-docs/ts-sdk/transactions/interfaces/ParallelTransactionExecutorOptions.md' -> '../../content/ts-sdk/api/devnet/transactions/interfaces/ParallelTransactionExecutorOptions.md'
iota-docs:build: 'docs/generated-docs/ts-sdk/transactions/interfaces/BuildTransactionOptions.md' -> '../../content/ts-sdk/api/devnet/transactions/interfaces/BuildTransactionOptions.md'
iota-docs:build: 'docs/generated-docs/ts-sdk/transactions/index.md' -> '../../content/ts-sdk/api/devnet/transactions/index.md'
iota-docs:build: 'docs/generated-docs/ts-sdk/typedoc-sidebar.cjs' -> '../../content/ts-sdk/api/devnet/typedoc-sidebar.cjs'
iota-docs:build: 'docs/generated-docs/ts-sdk/utils/functions/isValidIotaAddress.md' -> '../../content/ts-sdk/api/devnet/utils/functions/isValidIotaAddress.md'
iota-docs:build: 'docs/generated-docs/ts-sdk/utils/functions/toB64.md' -> '../../content/ts-sdk/api/devnet/utils/functions/toB64.md'
iota-docs:build: 'docs/generated-docs/ts-sdk/utils/functions/isValidIotaObjectId.md' -> '../../content/ts-sdk/api/devnet/utils/functions/isValidIotaObjectId.md'
iota-docs:build: 'docs/generated-docs/ts-sdk/utils/functions/fromB64.md' -> '../../content/ts-sdk/api/devnet/utils/functions/fromB64.md'
iota-docs:build: 'docs/generated-docs/ts-sdk/utils/functions/parseStructTag.md' -> '../../content/ts-sdk/api/devnet/utils/functions/parseStructTag.md'
iota-docs:build: 'docs/generated-docs/ts-sdk/utils/functions/formatType.md' -> '../../content/ts-sdk/api/devnet/utils/functions/formatType.md'
iota-docs:build: 'docs/generated-docs/ts-sdk/utils/functions/normalizeIotaAddress.md' -> '../../content/ts-sdk/api/devnet/utils/functions/normalizeIotaAddress.md'
iota-docs:build: 'docs/generated-docs/ts-sdk/utils/functions/toHEX.md' -> '../../content/ts-sdk/api/devnet/utils/functions/toHEX.md'
iota-docs:build: 'docs/generated-docs/ts-sdk/utils/functions/normalizeIotaObjectId.md' -> '../../content/ts-sdk/api/devnet/utils/functions/normalizeIotaObjectId.md'
iota-docs:build: 'docs/generated-docs/ts-sdk/utils/functions/isValidTransactionDigest.md' -> '../../content/ts-sdk/api/devnet/utils/functions/isValidTransactionDigest.md'
iota-docs:build: 'docs/generated-docs/ts-sdk/utils/functions/normalizeStructTag.md' -> '../../content/ts-sdk/api/devnet/utils/functions/normalizeStructTag.md'
iota-docs:build: 'docs/generated-docs/ts-sdk/utils/functions/formatAddress.md' -> '../../content/ts-sdk/api/devnet/utils/functions/formatAddress.md'
iota-docs:build: 'docs/generated-docs/ts-sdk/utils/functions/formatDigest.md' -> '../../content/ts-sdk/api/devnet/utils/functions/formatDigest.md'
iota-docs:build: 'docs/generated-docs/ts-sdk/utils/functions/fromHEX.md' -> '../../content/ts-sdk/api/devnet/utils/functions/fromHEX.md'
iota-docs:build: 'docs/generated-docs/ts-sdk/utils/variables/IOTA_TYPE_ARG.md' -> '../../content/ts-sdk/api/devnet/utils/variables/IOTA_TYPE_ARG.md'
iota-docs:build: 'docs/generated-docs/ts-sdk/utils/variables/MOVE_STDLIB_ADDRESS.md' -> '../../content/ts-sdk/api/devnet/utils/variables/MOVE_STDLIB_ADDRESS.md'
iota-docs:build: 'docs/generated-docs/ts-sdk/utils/variables/IOTA_DECIMALS.md' -> '../../content/ts-sdk/api/devnet/utils/variables/IOTA_DECIMALS.md'
iota-docs:build: 'docs/generated-docs/ts-sdk/utils/variables/IOTA_FRAMEWORK_ADDRESS.md' -> '../../content/ts-sdk/api/devnet/utils/variables/IOTA_FRAMEWORK_ADDRESS.md'
iota-docs:build: 'docs/generated-docs/ts-sdk/utils/variables/NANOS_PER_IOTA.md' -> '../../content/ts-sdk/api/devnet/utils/variables/NANOS_PER_IOTA.md'
iota-docs:build: 'docs/generated-docs/ts-sdk/utils/variables/IOTA_ADDRESS_LENGTH.md' -> '../../content/ts-sdk/api/devnet/utils/variables/IOTA_ADDRESS_LENGTH.md'
iota-docs:build: 'docs/generated-docs/ts-sdk/utils/variables/IOTA_SYSTEM_ADDRESS.md' -> '../../content/ts-sdk/api/devnet/utils/variables/IOTA_SYSTEM_ADDRESS.md'
iota-docs:build: 'docs/generated-docs/ts-sdk/utils/variables/IOTA_SYSTEM_MODULE_NAME.md' -> '../../content/ts-sdk/api/devnet/utils/variables/IOTA_SYSTEM_MODULE_NAME.md'
iota-docs:build: 'docs/generated-docs/ts-sdk/utils/variables/IOTA_CLOCK_OBJECT_ID.md' -> '../../content/ts-sdk/api/devnet/utils/variables/IOTA_CLOCK_OBJECT_ID.md'
iota-docs:build: 'docs/generated-docs/ts-sdk/utils/variables/IOTA_SYSTEM_STATE_OBJECT_ID.md' -> '../../content/ts-sdk/api/devnet/utils/variables/IOTA_SYSTEM_STATE_OBJECT_ID.md'
iota-docs:build: 'docs/generated-docs/ts-sdk/utils/index.md' -> '../../content/ts-sdk/api/devnet/utils/index.md'
iota-docs:build: 'docs/generated-docs/ts-sdk/verify/functions/publicKeyFromRawBytes.md' -> '../../content/ts-sdk/api/devnet/verify/functions/publicKeyFromRawBytes.md'
iota-docs:build: 'docs/generated-docs/ts-sdk/verify/functions/verifyPersonalMessageSignature.md' -> '../../content/ts-sdk/api/devnet/verify/functions/verifyPersonalMessageSignature.md'
iota-docs:build: 'docs/generated-docs/ts-sdk/verify/functions/verifyTransactionSignature.md' -> '../../content/ts-sdk/api/devnet/verify/functions/verifyTransactionSignature.md'
iota-docs:build: 'docs/generated-docs/ts-sdk/verify/functions/verifySignature.md' -> '../../content/ts-sdk/api/devnet/verify/functions/verifySignature.md'
iota-docs:build: 'docs/generated-docs/ts-sdk/verify/functions/publicKeyFromIotaBytes.md' -> '../../content/ts-sdk/api/devnet/verify/functions/publicKeyFromIotaBytes.md'
iota-docs:build: 'docs/generated-docs/ts-sdk/verify/index.md' -> '../../content/ts-sdk/api/devnet/verify/index.md'
iota-docs:build: /home/lucas/iota/iota/docs/site
iota-docs:build: 
iota-docs:build: > iota-docs@0.0.0 generate-graphql-docs /home/lucas/iota/iota/docs/site
iota-docs:build: > docusaurus graphql-to-doc:devnet; docusaurus graphql-to-doc:testnet;
iota-docs:build: 
iota-docs:build: 
iota-docs:build:  ------------------------------------------------------------------------------                                                                                                          Update available 3.5.2 → 3.7.0                                                                                                                 To upgrade Docusaurus packages with the latest version, run the                                       following command:                                                         `npm i @docusaurus/core@latest                                            @docusaurus/plugin-client-redirects@latest                                          @docusaurus/preset-classic@latest                                           @docusaurus/remark-plugin-npm2yarn@latest                        @docusaurus/theme-common@latest @docusaurus/theme-live-codeblock@latest         @docusaurus/theme-mermaid@latest @docusaurus/theme-search-algolia@latest           @docusaurus/module-type-aliases@latest @docusaurus/tsconfig@latest                                  @docusaurus/types@latest`                                                                                                             ------------------------------------------------------------------------------ 
iota-docs:build: 
iota-docs:build: [96m[info][0m Loaded plugin typedoc-plugin-markdown
iota-docs:build: [93m[warning][0m The signature client.IotaClient.call has an @param with name "args", which was not used
iota-docs:build: [93m[warning][0m The signature keypairs/ed25519.Ed25519Keypair.fromSecretKey has an @param with name "options:", which was not used
iota-docs:build: [93m[warning][0m The signature keypairs/secp256k1.Secp256k1Keypair.fromSecretKey has an @param with name "options:", which was not used
iota-docs:build: [93m[warning][0m The signature keypairs/secp256r1.Secp256r1Keypair.fromSecretKey has an @param with name "options:", which was not used
iota-docs:build: [96m[info][0m Documentation generated at /home/lucas/iota/iota/docs/generated-docs/ts-sdk
iota-docs:build: [SUCCESS] Documentation successfully generated in "../content/references/iota-api/iota-graphql/reference/Devnet/" with base URL "references/iota-api/iota-graphql/reference/Devnet/".
iota-docs:build: [INFO] 209 pages generated in 1.043s from schema "https://raw.githubusercontent.com/iotaledger/iota/refs/heads/devnet/crates/iota-graphql-rpc/schema.graphql".
iota-docs:build: 
iota-docs:build:  ------------------------------------------------------------------------------                                                                                                          Update available 3.5.2 → 3.7.0                                                                                                                 To upgrade Docusaurus packages with the latest version, run the                                       following command:                                                         `npm i @docusaurus/core@latest                                            @docusaurus/plugin-client-redirects@latest                                          @docusaurus/preset-classic@latest                                           @docusaurus/remark-plugin-npm2yarn@latest                        @docusaurus/theme-common@latest @docusaurus/theme-live-codeblock@latest         @docusaurus/theme-mermaid@latest @docusaurus/theme-search-algolia@latest           @docusaurus/module-type-aliases@latest @docusaurus/tsconfig@latest                                  @docusaurus/types@latest`                                                                                                             ------------------------------------------------------------------------------ 
iota-docs:build: 
iota-docs:build: [96m[info][0m Loaded plugin typedoc-plugin-markdown
iota-docs:build: [93m[warning][0m The signature client.IotaClient.call has an @param with name "args", which was not used
iota-docs:build: [93m[warning][0m The signature keypairs/ed25519.Ed25519Keypair.fromSecretKey has an @param with name "options:", which was not used
iota-docs:build: [93m[warning][0m The signature keypairs/secp256k1.Secp256k1Keypair.fromSecretKey has an @param with name "options:", which was not used
iota-docs:build: [93m[warning][0m The signature keypairs/secp256r1.Secp256r1Keypair.fromSecretKey has an @param with name "options:", which was not used
iota-docs:build: [96m[info][0m Documentation generated at /home/lucas/iota/iota/docs/generated-docs/ts-sdk
iota-docs:build: [SUCCESS] Documentation successfully generated in "../content/references/iota-api/iota-graphql/reference/" with base URL "references/iota-api/iota-graphql/reference/".
iota-docs:build: [INFO] 209 pages generated in 0.989s from schema "https://raw.githubusercontent.com/iotaledger/iota/refs/heads/testnet/crates/iota-graphql-rpc/schema.graphql".
iota-docs:build: 
iota-docs:build:  ------------------------------------------------------------------------------                                                                                                          Update available 3.5.2 → 3.7.0                                                                                                                 To upgrade Docusaurus packages with the latest version, run the                                       following command:                                                         `npm i @docusaurus/core@latest                                            @docusaurus/plugin-client-redirects@latest                                          @docusaurus/preset-classic@latest                                           @docusaurus/remark-plugin-npm2yarn@latest                        @docusaurus/theme-common@latest @docusaurus/theme-live-codeblock@latest         @docusaurus/theme-mermaid@latest @docusaurus/theme-search-algolia@latest           @docusaurus/module-type-aliases@latest @docusaurus/tsconfig@latest                                  @docusaurus/types@latest`                                                                                                             ------------------------------------------------------------------------------ 
iota-docs:build: 
iota-docs:build: [INFO] [en] Creating an optimized production build...
iota-docs:build: [96m[info][0m Loaded plugin typedoc-plugin-markdown
iota-docs:build: [93m[warning][0m The signature client.IotaClient.call has an @param with name "args", which was not used
iota-docs:build: [93m[warning][0m The signature keypairs/ed25519.Ed25519Keypair.fromSecretKey has an @param with name "options:", which was not used
iota-docs:build: [93m[warning][0m The signature keypairs/secp256k1.Secp256k1Keypair.fromSecretKey has an @param with name "options:", which was not used
iota-docs:build: [93m[warning][0m The signature keypairs/secp256r1.Secp256r1Keypair.fromSecretKey has an @param with name "options:", which was not used
iota-docs:build: [96m[info][0m Documentation generated at /home/lucas/iota/iota/docs/generated-docs/ts-sdk
iota-docs:build: ℹ Compiling Client
iota-docs:build: ℹ Compiling Server
iota-docs:build: [WARNING] The image at "/home/lucas/iota/iota/docs/site/static/img/concepts/execution-architecture/tx-exec-flow.svg" can't be read correctly. Please ensure it's a valid image.
iota-docs:build: unsupported file type: undefined (file: /home/lucas/iota/iota/docs/site/static/img/concepts/execution-architecture/tx-exec-flow.svg)
