checkpoint,digest,gasprice,feedback,sui,ogd,cleared
972,61UktYSmdFDudZ9QwRFJ8r4UhShFkzmHDjDqXtpw9koC,1052,1000,1000,1000,true
972,5e9RZ1iV8eG1ZyJ6XK75QrsGfT4rtvFtu6R8xpu7jHJG,1056,1000,1000,1000,true
972,6F2YCxyVR4vBMdLAgprDACmR7tawm5SkM43swQFTbGD8,1047,1000,1000,1000,true
972,E1HvVyHwsubjetzzggCKDVuHAquU5d1bDnn2FLV1aTbF,1082,1000,1000,1000,true
972,4RPWVMruf7WFYZVy6yR6GQCq5FqbWT4QmK5mQQbDVJcQ,1073,1000,1000,1000,true
972,4KGjJaMtyPu3LS8978kcF7an3vVe3iDiA4LpSNJnaBBB,1060,1000,1000,1000,true
972,31pegaJCmMuRU7JjCUS5YitfTvfoDL4JQNm9eXBekkVo,1013,1000,1000,1000,true
972,4PV3KkPtGys7Kh1yHSnMz2NxGP2nDmFEuu98wg7p441t,1034,1000,1000,1000,true
972,rFRWXk7DiAVbjjwzpMm8iKNohP31XHKBRe4997aKYNr,1050,1000,1000,1000,true
972,CcoazVtEEiuvxX8Kj67KLdbEUnWubCAbPetqHduhmnkN,1033,1000,1000,1000,true
972,8RZU5uJokdRUSk7L6woGaXMRcTtZxgrjeBojLfFocS4a,1026,1000,1000,1000,true
972,3snhGfpB8b3tCsnsnGPkPmCBQ5k1yvwUtPJsSqJ9SRr3,1030,1000,1000,1000,true
972,BJDyXEd779Yki1Num3pRe22v2VGWZWir7xgT2Pam6ByZ,1031,1000,1000,1000,true
972,J313qqPtab7jSoQxvwSYRZseBv4Z6SsShrRGmwf2YpNn,1040,1000,1000,1000,true
972,6brpFwT67L61fhwwmJtmpQZ8Dd5tCxWS2tNm5BWa1pXP,1074,1000,1000,1000,true
972,H9e6HfmmySMeoPthjAQrtEzLUXF6VLteydiNQBMn68ng,1064,1000,1000,1000,true
972,6RNZCbG4HL2gYheCgQWsFSyyux8HVFLEdnAbdHd3kprW,1061,1000,1000,1000,true
972,6zPT9Vs3EQkmavMbyGAc6mkLKfeGRuparwZWqaaBYwU5,1048,1000,1000,1000,true
972,6xmU86sg8ArsxxCuHQA8EHb3KgaSESHDHDuT2gpQGxfs,1035,1000,1000,1000,true
972,AK2aDt9ctAqtJNtnhmDA72n7zFvvNi3MHKEgYYWJBz1g,1044,1000,1000,1000,true
972,774uQcLo9BbjngEJo5eu4eQFWEbDaEHw9jZo63Jc2uiP,1046,1000,1000,1000,true
972,JV147cSrkcSjgTbmS1Vyoug3uqRd8R4iNTTiaYAaq3A,1027,1000,1000,1000,true
972,Bo9Gx7HPqQAErMeYnKtFpJv6TP8y8R5uiekWPsZZmkdd,1012,1000,1000,1000,true
972,Gis1BLrYfiDm5SNgAXe6G7jMkDkxXRNSJtdHzoYoMA9s,1054,1000,1000,1000,true
972,HiWQfhS1CrvYJgT2TqgCxt5bkqqMaRMQ3tGYyXmK8N98,1045,1000,1000,1000,true
972,HfrFNs26mjByrPakFMDvKAM4nHgGgS7SzL1X1c2cy3aD,1039,1000,1000,1000,true
972,4tDvAcfWrx86bAWS3g3XmWJy5aAe89xQJTqmVurKpaqJ,1043,1000,1000,1000,true
972,4qGg49i6dJxc7tqzRcC6UecDoLkHxD5jC1L6vb8fDVsE,1037,1000,1000,1000,true
972,FB7yTwY66HYZLG51cWqpGtEdEmFQVbXnEH97qcuY3TQJ,1025,1000,1000,1000,true
972,F1p32NBFn8HAEst2Dfenot6kJB3mhz1zbTd56CugdjVE,1024,1000,1000,1000,true
972,7EADHKxv5FJzL2UScWhbJC9DVVW6dyBbBUQT3QW2QEeV,1021,1000,1000,1000,true
972,DstF9UHRihevmPJNkpwUV5C63PWhtKSS8kzrusV1xdTJ,1023,1000,1000,1000,true
972,9CS3zVyc7ervTJzgYBFyKo8gyuEELj8AKF1dQ7rSxPbT,1020,1000,1000,1000,true
972,3vRvXd6BMvJyVUXAsjoPpHK2L1enuZbzmdkmhubxTLPV,1022,1000,1000,1000,true
972,2AJtfusF5rcU1Vgq3XvWpfvXZUuasapNcQn45PzMi2FR,1005,1000,1000,1000,true
972,2fvhKDA8PGggHVbspicxMWs9ZcovuRxGrK4fpk1u83kp,1042,1000,1000,1000,true
972,GZAcYUKo8y6hGZjbsxX4pCyBGLc7qktC3fDqciFc7qtj,1017,1000,1000,1000,true
972,DabBBVpptDrHtWM6iMWnFNGMebJsRZjXEehCEenw1vmN,1041,1000,1000,1000,true
972,GXJnY3wpx8Xffd8kyChfgrwyaXDVfQhiMkKRzXZDR3JU,1038,1000,1000,1000,true
972,GDXcVddfyfG2FihAtQa2TWUKd2XXKa1sS2eY21s2kmSi,1015,1000,1000,1000,true
972,3U6SQyvN1VPDpzqYEhJfJWnaAB4kcYvNREnmZQpcMLb9,1019,1000,1000,1000,true
972,7fD8sWhGiWMWM2b7VLvYEezmzHz7upXbuHsCSGx2Kedn,1018,1000,1000,1000,true
972,6FdZpcf4Ty58VcPVV4dHbHLg3iYe6XbV9mRc4soAV81t,1036,1000,1000,1000,true
972,EetAPaRfu4wBNGi4dxnD13y5TaSNLs9V6R9VhJpmKe5u,1007,1000,1000,1000,true
972,YpEreUKFUJvicTCeKeHwh8VdBQB2XUA3BsBfWtV4GpY,1032,1000,1000,1000,true
972,HC3aMkJfadrNVw3YvL58b6gY6uWEaiSrZujQ7LzRgdGz,1010,1000,1000,1000,true
972,DsXymArGUSStEihokmsFocj6VqhwCcKBEQoREEgUWF3k,1016,1000,1000,1000,true
972,2PkMzRN4PWNyh3pQDDF3PKFrN5obR5MZse8s878ZPH3W,1011,1000,1000,1000,true
972,2WT52SofJZcuPc3LW8FjNHHeo1eFNiHK44HMTDe5359d,1029,1000,1000,1000,true
972,DuFegBCDjGvhhpCDvPwZbDwgsjQThthJv6hNWb6U7HmK,1000,1000,1000,1000,true
972,A5wXBnZdFdL9VqgvykvwVxmXZpgpqSifEEkECKbLHshb,1014,1000,1000,1000,true
972,E224CKQHTzcDjxcRhh3MB9DAtRVbgspcHi7mmLJwM5oZ,1009,1000,1000,1000,true
972,ENsRLefoFU6e5a7X3pGzsRDRhCa15FE6J9BZYzQELa9s,1008,1000,1000,1000,true
972,7pWjMk6kY3p6kfkeZCuDG4UumRYgioQvbb284SvcQ71j,1004,1000,1000,1000,true
972,58huwrCCh2AYYVabvpwR4ToLLYwu6Cmtvqv4ywyHsmRo,1001,1000,1000,1000,true
972,BfzAJgEpbt2WHjnj6Wi5kWjB5RcnztSdYw3y6P6Rh8o5,1028,1000,1000,1000,true
976,EQUProugN56smqnMiLEpX651erSAwvog1yWzjfJzUFm8,1267,1000,1000,1000,true
976,CvbCokE8FEe4DxPSXz2xyPszybpUtVbefZfZksSzXiNB,1180,1000,1000,1000,true
976,4QGLncLU7E2X1RntD1UAUNvpvBhnYgpbmyzTS4Kd8Pdj,1298,1000,1000,1000,true
976,CmfKBRcBnn2Ch5vo8stj79jWjSMvrxuX2qmBLQpZBmRB,1297,1000,1000,1000,true
976,HyhzFRBeQFAivp1YPje9aiT18qRscP8pNL6Wzro4Z6Kt,1299,1000,1000,1000,true
976,Hu949GhLdVEHh94LNtgPiMiJ8kRp2mDv8ySQxriYrLAu,1278,1000,1000,1000,true
976,4iFkfHS9UWHvwJXk4jDhdsXtM2MkHt2jq8cERqwk7C1p,1296,1000,1000,1000,true
976,Cz44HJuZVmSUThFafkdkp5soHKr2zm8gPRrKjdJpU2ex,1294,1000,1000,1000,true
976,EgSj6ukKYkZo7snZAVuYmv2BE6T1SucJ6doZ84AgCQtm,1088,1000,1000,1000,true
976,4sr9JZGbjms8nAo2JSup2Sjr42DTQtLdMdCo4yjsJSrN,1295,1000,1000,1000,true
976,22rrBAtZdpT5MVgEBH2nR1VA9x4vYZzEJgJJaXtHJzUH,1290,1000,1000,1000,true
976,3JvDcBN8y5bfUVeYw1L9JY7gtLW7z63GKCehhY7sYibX,1286,1000,1000,1000,true
976,HED4rBDixj8JdhfPUckdPz4n8vTwfUWbeUNhNtQoBxdH,1275,1000,1000,1000,true
976,2nWHjyuPRYXQ4XELLZw2TzxqG17uV8ababmhzi6jRyTR,1284,1000,1000,1000,true
976,CAZ1bTHBuCfWskp75wfnsncMD2PGzgGCbcGgvmqrmWRQ,1292,1000,1000,1000,true
976,7USUAvcgEW5KXg8mKEjaFmjhtHbN9izy9Av8S1EraX37,1261,1000,1000,1000,true
976,9A92S4cvEpY3zoESjJn4FqT43ABoMzx791QNPTabR2Vd,1272,1000,1000,1000,true
976,GETm2PQMFr9pN3yVVuH3xB4TLQQnBb2eTUDSSJZMPQKn,1279,1000,1000,1000,true
976,7HedeUFmM3Lr7hRT7BuY1xhNi1Xnz9NwReMjziCZEpoM,1293,1000,1000,1000,true
976,4bykkouYsquPJhUQqD8cuLD5YJdoTb4XvEFjoVWY7dn8,1289,1000,1000,1000,true
976,GPFyDuidQRB4xiRiR4jF6k1j22aBHNnqBbbfxSr5ysj6,1270,1000,1000,1000,true
976,3SQcsM7MeNDWrc9GkLZX33rhfxMtMs1H54HC914PiFd3,1285,1000,1000,1000,true
976,6QnCUqwucBR3Jo8w6JpwEHYEqueWaQkRQJSABPdNo68,1288,1000,1000,1000,true
976,9DfKUrwasrBdRBFKbzovKdG8f7mLsedyC2j2cCenqKGZ,1243,1000,1000,1000,true
976,56fpaAELLS9RLmvjN1GYtDtsWuWLrCVczekJ3RY2hiWu,1274,1000,1000,1000,true
976,ATTn9uQXGQezLct2QNRZ81Eh5Ereq6u9n6SPZrHg1mvV,1291,1000,1000,1000,true
976,2gFt8FG324ouQb2P1uNEaauigaPxdCcaBLVGjz3UpjsF,1281,1000,1000,1000,true
976,Duuyge7cZY4oAWL7FcbNQHwY9gR4w3zUWR4KY5f8sMAe,1273,1000,1000,1000,true
976,4FgugSkJzic3Pj2To3ooVMRAvNGTyNonnZkQKEGdZZXk,1195,1000,1000,1000,true
976,4AiA2SAvpgT2A3AJZBAGN9dZ4Ek57Xe4Ln2NNmMT7NcC,1283,1000,1000,1000,true
976,2UeYgnHWbhMLvto62xZ1UHTFkGWMChm6ujq4KFv9NDcw,1207,1000,1000,1000,true
976,D5mma6qbQuxV5GLmop5ZsqnNtB6eUWirT6FYrqJUdjRK,1255,1000,1000,1000,true
976,AxHqqUvBm6gxifNjgZ32uEUW7acso6URkCxYXKpTPAH6,1249,1000,1000,1000,true
976,7A9qnnenoGSRPzqjuft6Ay22HY2RfgMV9HcwiPGF4rY5,1277,1000,1000,1000,true
976,6MBXTo6up2LiGf7onUUCXjLoCPMZko47UvaXExXK2g8x,1287,1000,1000,1000,true
976,2uqpgZQWTc6112tGXS1zaeqNWxeHwAxhrj7rBXDKKTEo,1252,1000,1000,1000,true
976,Gkzgtbw4Vy66WfBUjFeKfmx9Dx4QR8PKHe5qjHJJhXJK,1168,1000,1000,1000,true
976,EPswi9mApoc4nxJPMWDgPkyC9UJKXCiySWUnfJrVa9uM,1257,1000,1000,1000,true
976,Dqh64ULYob1jaTnsQkPBvqMXxZLykGqeWMBSmATqfN3g,1258,1000,1000,1000,true
976,AKovfzvnHqqMjphfgEGUpZViJdYqNKNmfxHKpsm8BVyg,1250,1000,1000,1000,true
976,EqkRW9f7QDVoXqeZV4t1c4r7mq1T5NQ155gkLpcLf6kc,1271,1000,1000,1000,true
976,5P8iy7LBybLEMRN6Qdt2m7cC8gRRjMBcfAEsVNnUAJTz,1282,1000,1000,1000,true
976,EHFKryYCgYdu8iXT4DcoeFsvQQPsWgWct7BsfGQvSTjp,1280,1000,1000,1000,true
976,4kg9FQmTDTGzbAtZ2ETXMM3m6avmyYW3VcSBvdToSfr4,1269,1000,1000,1000,true
976,6hAXZWN6P9BEhFE2diJeFpCBHnngyU7UxaHLrPdfSkhq,1253,1000,1000,1000,true
976,8QBw47UmUcBv59f8sDHAM9JSRhAeEfHx4oVMRogVTs6c,1276,1000,1000,1000,true
976,GRPdA5DRDNjFsUvj7WKd6Yek7iTcvGGJ94xNCJ9Zzn5s,1268,1000,1000,1000,true
976,9YZ2jP18pm6BDVtoxp5uGAQYrjNTvzi6jnAAD4WnJB6w,1254,1000,1000,1000,true
976,Fzmw4m8ErPVu9EiMkWTRM36Fr5SFtzA1donoEYMindQA,1215,1000,1000,1000,true
976,FQ93ECQxd9dcDDgQHnQe18uGTRJ6AXJdHsnXksUZVziA,1266,1000,1000,1000,true
976,9sJRG2Q5nghCiEXCvWAmhSryV5qMXwpTGHvy81VRRPsN,1265,1000,1000,1000,true
976,ELHN4HF5WNosiEDX1P47k1STqgPiF19S1HTm3sxjXKkE,1197,1000,1000,1000,true
976,EUa1HAQ9QXoM6K6sLjQVxmtHrD56k1p8KHeqZGgk1FAa,1225,1000,1000,1000,true
976,EVhQaAdzHrGGpko4ykcDrASM838dFiXwaBN8WZ3aG4H4,1192,1000,1000,1000,true
976,GmwM3n73w7JZQ5aHdzEhUEmQfK75Z2wPyZAXzuwPYZxz,1245,1000,1000,1000,true
976,Br1bTQHQobJyJztpJ3qN3jM45zka2tLf32iz1zYKH39j,1264,1000,1000,1000,true
976,6UGJKhQYjm9bqomZAvx6GBpKeEz8bpH7vh6Y4TFJZ16n,1259,1000,1000,1000,true
976,MubcACy1dL32UwCprc868LjRNo2DkPsMCc63jhDA6LP,1196,1000,1000,1000,true
976,21JBywpPDYt94b893XVeLLSM2WeauD52X3dbyQUHnvhp,1247,1000,1000,1000,true
976,GuPVRi9GvSNe3c4q3XvchkG4uCk37zgh5hEuDPji6g3x,1120,1000,1000,1000,true
976,92ZXK7oz7qbV4syyMA2ACfwQGh5QQHapSPA8cfz6C1in,1186,1000,1000,1000,true
976,9aMeZNYoz6Loe4NfMSrG2zb3jh23tC1gNwi8wGNZPSfD,1260,1000,1000,1000,true
976,6NWrK1KqxorspBA4F1HvMnbkBi9DL34b7xidZfhYAwnJ,1237,1000,1000,1000,true
976,6CoZaLHEGbv4nNmXxAfsdhitTAJsYgGiQ6H8gfwYEixE,1262,1000,1000,1000,true
976,4EDZTPS8g1Qdu2FWY7PUnewrpTCbPUqZE1MEpTYqNAQx,1263,1000,1000,1000,true
976,Eugeq5To4Phe4pEET8W9o6p7p7uyGgzaFPcRvy2kJuTt,1251,1000,1000,1000,true
976,6pByDKjYMe1y8GaGvLc9n4qdz3kKxhbNHiHfbDLt7wsD,1256,1000,1000,1000,true
976,24pKsW3jsZLMYth6hqTJagn2SMvJaWi5dKLekFYoSq5K,1233,1000,1000,1000,true
976,6mFZ4AyKnKDJo5bsdz4U93Zu1goVxZDzxr3gNdpNpaqL,1244,1000,1000,1000,true
976,CVN3TE5xphFjTFbXwoBfxV6ijUP91g5BiPaLr6YF88AT,1138,1000,1000,1000,true
976,6ByxEg94v9XzpDxgfb3fxV7fhektJ7k7efLEH4Vsixpz,1222,1000,1000,1000,true
976,9v9tstHuJr8DtYo1xyQGaay6WyhKhSv8KHMvYqBEkmpn,1218,1000,1000,1000,true
976,Akr8uCcqoUt7bhSzT4ypj6NYHgR8UQzj8hZJTYAScL1p,1248,1000,1000,1000,true
976,6C1d7VdvbupQaQp9WcUGqpNa5qwozr1m8YsquR9aCNFY,1246,1000,1000,1000,true
976,G7u9GqadsQvwWJqbQAhWNBk9K6cqv5KrUTNL76NDQhKV,1242,1000,1000,1000,true
976,Fy9htKNshcmDTHW12G1ky4CRdJxtTF8ZsUtjC3TwBaJ4,1232,1000,1000,1000,true
976,VichVZiAHRjudx44iXR8G31Ax8Af4M695UPPxePPC3Y,1098,1000,1000,1000,true
976,2caicBhjiPN2B2nkkFQLf1u64JD2skr2r3gnozheuP8M,1235,1000,1000,1000,true
976,FCgNNcRtmWDavynr7wGKHmSNqChxPHcCvxGeX2r2u3wp,1241,1000,1000,1000,true
976,Ado8g7fHpxBPj9FHB1ieCrhpkMTYi5VSSvXKNkwupX69,1155,1000,1000,1000,true
976,HjJWQ4YdjEn7Kvppc3jYNaLyA9Giez2FWH6KfpP4LxAX,1239,1000,1000,1000,true
976,2vbkjiF5G4W3SRpSCdBg3a7Hf2paVAXg5mYaQ5gPpd82,1204,1000,1000,1000,true
976,7CZttqUPTaiwTmvR2fGEVKaf8ZnUY5eQahzjmaHLWsv3,1226,1000,1000,1000,true
976,BLRpBfivRcoKLaSdvkEf6Pm6kRz1A6mQ4LEGowEyNmwo,1238,1000,1000,1000,true
976,8ubLSF3SNisjpaNF4NJEkXmT6dihQNHVZHZkVHGLqk6L,1198,1000,1000,1000,true
976,Emc2oPCj33iYU5iobLD1LqLvaoDzS3piGGnVtN223xtw,1231,1000,1000,1000,true
976,CZdXW3ySotsyJ7D1j1qzdMdxPv7KMbb3JEPo82vvWVVP,1221,1000,1000,1000,true
976,39Kmgjurrhq5GgB5mCDpiJCCcpkfnY21coCHwS1d1daG,1223,1000,1000,1000,true
976,9G4ERNMM3wgSdJgTj6ZzQZmmUaSiSfw7aMTC4ZZxpRkT,1219,1000,1000,1000,true
976,8ijNEn1hqE4FxkMbpTXLJ2JamJiVC6Sx6PrUSi1K4vEj,1179,1000,1000,1000,true
976,oz5iaiJP7XrouX3NMrSSbcZE7dDtpR86gbWq4ZvUwT3,1240,1000,1000,1000,true
976,GckRY1bwwRV9kKrdVeom7WuCZzzQqwNvW1uGJedSrqgE,1236,1000,1000,1000,true
976,6DJH45VzsZMqfhpa4qvdugxeCj3mQ2WaaRo9YBbcSGbe,1188,1000,1000,1000,true
976,DQUQVNNzzH6FNhML5JzQa9JtKKWkcVwASK54362rbWVF,1062,1000,1000,1000,true
976,4CVgGm3vwJN6tvpASuxw5W1yFcKzSWjQhS9i1rL28wui,1229,1000,1000,1000,true
976,ied99wLDFYNbBfZhimfEojPRA2742vq8RC5fPdEBDW8,1220,1000,1000,1000,true
976,M7kXndiPMT1ET4RmBH9oRjooQR4QhsWMTQMqsbEsHLi,1134,1000,1000,1000,true
976,6tghKYbEU1HgTvhSYVD9Y85zfhgPJrAN8T9dNZTA9CN8,1214,1000,1000,1000,true
976,3ndzDghNNajyg2K7wdoYcUXHSbYgVw4XoQf4EVR9srpV,1203,1000,1000,1000,true
976,ZXj9LZhGp41b1JRzPbvYVfvRkNhMVfv5ZRDqebweBsf,1199,1000,1000,1000,true
976,A2Q6kafWhu2od8YiYqiRKj554Fm59nMw6vsWUGHDq2tz,1174,1000,1000,1000,true
976,DDQ63dHSDAxWeBmkScm9oB5tBWzEopTbD9SDxXsNYW3M,1216,1000,1000,1000,true
976,5PJRHFfYqzWzSaApC1m758Mv5XAMAxQYQUkgoEc96aqs,1206,1000,1000,1000,true
976,EgxEi8e8KPnjhGBeSMa7DM7hUJ7t9itjveS8dWBzJS9y,1208,1000,1000,1000,true
976,HDLNS3YbyXeJ7L2DSGdC5WstNsJ8opynYUDZTTMaNhqF,1234,1000,1000,1000,true
976,6WwGqG3BAHw5yFYy7zzGYr5oGfuEA8g3ucZQVojKoBd4,1230,1000,1000,1000,true
976,HRuWA44K8EpRWyY1rjSQkWfLtGdPVdN1dSxSV59DQYER,1205,1000,1000,1000,true
976,8s2ZCaV7xB83GgmyZcCUdUsLfNe9UmWWmNN6FMWqms6c,1194,1000,1000,1000,true
976,AgaKz8kpLNViZgZEiNWQM3TgZ3ZhewK5qXyZyY7vfEyp,1193,1000,1000,1000,true
976,BeTvFFCqAgPFZrSZ79LUbYd4rf1wv8JLDGLCRDGB5NgD,1157,1000,1000,1000,true
976,HepVLMoN6aqE3v9qpE6D4RoKYWukFQnWT6BssugAcSHj,1189,1000,1000,1000,true
977,DJMnRd4QkDSwvUrx8o6cBoCpwPDRtjJkrraXUW3Syrag,1211,1000,1000,1000,true
977,eKqnk1ELbCtqDLTWqs1FSeMnAt8S18nowAGdvUTPg7R,1228,1000,1000,1000,true
977,B24BWa3hhJ3yxBJUqqHGDuCArzXeTC3JrrX8J9YafLUC,1224,1000,1000,1000,true
977,Ft8G9sRaYmCso3QNFRhC7FTfkHvBtnkP3dDpkrM3u8yt,1117,1000,1000,1000,true
977,BbJyhdeV8PgwojhpT5jkv13JmdhG5yAB2TqeBng4ZfzB,1191,1000,1000,1000,true
977,76p6aN2JhPvdrd3ty5Pki8ko8SbmgSDMsCPkVCVFzSdt,1165,1000,1000,1000,true
977,BEvtLhDfG3hxbcuZhZoRWa3XmVa3TX4NnCbCR9ucReGV,1185,1000,1000,1000,true
977,4ARxkQXcs6uGD9HwK5qrtrCJgH8TCrih9CmpH9tVtskD,1190,1000,1000,1000,true
977,Gb2mw9aW5mQp8VtnSKvaEyjz73KuUYk894n54Ba9NSVo,1184,1000,1000,1000,true
977,4q5BUhQLaWHvhL8UaZKEaJUnEAfhXPKD2Jo8pwJKJcmP,1081,1000,1000,1000,true
977,2ff1nmcY42F79qv9vA9LKxoA9uLaXNHopbePW5upj9y2,1187,1000,1000,1000,true
977,B1XviRXrxtuyPd1HzX8LPp9yzcjVjRV6FKJgK58ZXx9J,1145,1000,1000,1000,true
977,J2aWwBruRTSA6eiKtNgWCahEG8sp1weBHXPY9UcBV57s,1172,1000,1000,1000,true
977,3378JFuWYY5W7g3BfdjwgpubPxtfQsi5dCdNtqwB2Ljp,1227,1000,1000,1000,true
977,C9Y7fbSakpFYPVCb7zqBNbiZRfqcTtjf7vtfPwTxtts7,1217,1000,1000,1000,true
977,2GnDsVuNiZe2sqAiX8JwxGMmd2LAnFUMJ448UNoN7XWX,1177,1000,1000,1000,true
977,BByRxTARgBBBZ1ERXocRNst2v1f62XkedgToGYmHc8PZ,1213,1000,1000,1000,true
977,5zLK9oP7RxePAgaKJcJ6zHgwuxL8M4W15YgMh52ra5JK,1182,1000,1000,1000,true
977,14tmP29aZbsxcDFKNcqLuFJQNCJEjgqQ4wr5vdqsgUMk,1167,1000,1000,1000,true
977,8kby9ZYGbaDsDv46kkfxRCoM9R2qgiNxgy5A1HGUjDop,1111,1000,1000,1000,true
977,J5qe7YHg3yjwbgTyop6DvmNejesHFtLryN9qjQEyHEzm,1032,1000,1000,1000,true
977,FhDWPa9RbnMwHA6uPDHMJrM9dRktQXji3owuPF6MK8Lg,1183,1000,1000,1000,true
977,4eHiA1BoD2HZTw7jvJEVPj5gY4C6ufuCEK4PfMnZ46US,1004,1000,1000,1000,true
977,FEdCh6KVko9RpU6PPNNbHRizwaXwC3VUKKJ75YV8EsKs,1176,1000,1000,1000,true
977,6eUG53B5zwbmPDgyeRqAGeLb1eqdZXJLbd7M8SjesLUe,1175,1000,1000,1000,true
977,GsKL5SEzgwY9jYebMWtGxgwasnKvh1tZiTm2oMgFvp4a,1173,1000,1000,1000,true
977,DjKx4wNc4iRBY9Ro1d95f2fNYPv86PWmrVH576R7s6wa,1170,1000,1000,1000,true
977,GrPzxmHwX4LHx3DjFqiWC9M7MSeLYvdAsHtimKaXnKCt,1169,1000,1000,1000,true
977,H4c1cpBu2ekxNE9CDGxNCECtg1cBn2BrcMcKqTxWPjGz,1164,1000,1000,1000,true
977,6iskSPPeU7MCMKT32qGqvPeL3Q1WPiDxzbZXPmTZKxKT,1158,1000,1000,1000,true
977,H5SYZyGU5pPUzM4tCLDABAJhjneQ5uPXzvDCEQhvkV2h,1212,1000,1000,1000,true
977,3CZXk2obnzUNQdA84ur7b1r3TZBEQFmFVj3GBbiRNm9K,1210,1000,1000,1000,true
977,217Zqy8aT5xZYgUnc5Y6apo38i7BFbUcEN1Ud21KmpMS,1149,1000,1000,1000,true
977,6NnaowNw5eDpyscZcSm3JSqrLwuXpc8d6VZEzpD7FrVr,1129,1000,1000,1000,true
977,14cRQMBf9TtGRh3LK8QaY8HSANeLLU8q5wENb383Soma,1125,1000,1000,1000,true
977,AD3eJB9wL9dwX2ygvhMCL6krjDEP7Cmg2y3UreZUhqAH,1171,1000,1000,1000,true
977,8cUPp5oJbXqhLe6n9F5i5BRbd7wgHGLMCtA2JhABAYp5,1160,1000,1000,1000,true
977,D9Zsstwj7BedqoLhSmmBXZfQSQ4zkeGj549AKuaJ7aoh,1209,1000,1000,1000,true
977,5sjbh3QYHJrdnSZi7E5p5XUMSvPcmvyf4kgHSzC4aZHF,1079,1000,1000,1000,true
977,5uepyw3NVDLjhur5PdNfNgLKyqhzqoN8i3yX6oDUFKCG,1163,1000,1000,1000,true
977,9yVv59PhzaF6nmTV5N81oMC3bdc81PQv4sMuAnR1HG9X,1151,1000,1000,1000,true
977,J6E69GAyJbTBZ5b4XBWCf6e4jdYF5FFAzX5HZbttkMKY,1139,1000,1000,1000,true
977,4afa3eZAwdQjYFeLE87EgSL3RdrAwLWX3MoQaTYEWY22,1144,1000,1000,1000,true
977,styo8GV9Zqkc42s1DiTxYci3Qvtg6gWvSofDKq3jMq5,1121,1000,1000,1000,true
977,FYHd9Hsm51bzD5Wf8fA5JP8EChxucya3sVgiStoET7Sx,1202,1000,1000,1000,true
977,9ooxgvPSs21b6Myk3W5oHAAaKZj1tumFSrwrBAY5Lkbn,1201,1000,1000,1000,true
977,2c5UY65ZcJBd1VrCymu4Z7nmbch2HXgQV1Fm8r57epPi,1036,1000,1000,1000,true
977,7J39DhkGp9W7dLjYKjRZQJ17YFQBRnCqeAqpJNv471nm,1162,1000,1000,1000,true
977,4vaBDse5zVVbRzBeQQjT1g7X8QbYZBrDhL1j3NuU3ypn,1132,1000,1000,1000,true
977,3jJvWxotQbtYkE4nyA9nxFsDp64ocMctmtvHvr3SGGEH,1025,1000,1000,1000,true
977,D7pTDkvjQfmiGb2WmVkvuH1frLGm7n6rz594qgJMa58L,1153,1000,1000,1000,true
977,FTSMSETZzk7cVBGLem32K6mYwWQKHeMCXN4qewSJ9xZj,1150,1000,1000,1000,true
977,HKrB2GWwTXkXvhekTDTfaT7jbJJX6YTXVVfsroPSC685,1200,1000,1000,1000,true
977,9LQzGuL87FSyaFGL6hiJMiqCnYuHUP5q93L3P8ngmEo,1181,1000,1000,1000,true
977,HBDdiPSeeGvbffsEpYuCc1X7zy6kYznR2mp5D4EznrNM,1142,1000,1000,1000,true
977,AeKzPX5F9M6woioFjMpWu8g5XyFpmRdyiYXHc483wu2g,1152,1000,1000,1000,true
977,mNrMC1BZu1DdfVZdBwCDiTWTpMvUdyiS5Q1km9HhFFx,1119,1000,1000,1000,true
977,7brm9gcuGAQFrtdnTTctQhn4AnzonFFkhHruxUb5KPM5,1112,1000,1000,1000,true
977,EGzRSjxEorQpHYnT5m7UrwCPeFR4hFXyLnw55TDsepZM,1130,1000,1000,1000,true
977,3xzxprZoo2w2djopJVm4jNULh1Fob3nEkto1Vkc3fb8i,1156,1000,1000,1000,true
977,DboUCogGEnsXvqVHQU3qnssYSLp2YrZ1oyzVfsikRTYe,1159,1000,1000,1000,true
977,B3i5AF5LbrKCnQXeUPE1EBGAmR4UsA3Zhr5avT5tgtnP,1140,1000,1000,1000,true
977,7qBoArNU2qMtC7UPpekyj5JqJRQ2uT7SMg4o3czqAiSR,1178,1000,1000,1000,true
977,49EtqjwZ8M73Xin99XoeEJrPRvDZVyyy2MSJkn7JT9TS,1091,1000,1000,1000,true
977,71WdhReS9PyxvNc79Mt9bdK639YGuKuLSDPKQKCrjYS9,1166,1000,1000,1000,true
977,3m2LBMwr8xHsjyGUL8Ui5LjJdbXYKuYJgLn9vrTbnX7w,1143,1000,1000,1000,true
977,GtqTirWxJiA1GMdoHUBhByvTQai3beYKJbjnQV61ijkj,1137,1000,1000,1000,true
977,3cHPzX2eLYd2o6vtotJzMchrf4QjhVKdSF5kyAsX4PjJ,1135,1000,1000,1000,true
977,FZCcajBTsvdusRpFumC4jDSpg1XgDfq8ZTUSwrc2v4K4,1124,1000,1000,1000,true
977,7Nzk2VaBqKV9PeuLXghsneyQv3bN8y3u9nKuHFr99J1q,1161,1000,1000,1000,true
977,7SS2m6Te2EYSemmRzUquVQxVMpzaEArELP8GMFvZSqHd,1154,1000,1000,1000,true
977,2BGEhcc7URqmqvW21aV5Yxb3krkLPwgqsydbxPuH7GhX,1133,1000,1000,1000,true
977,Fhi1QoGh3oSKaxyJfGhDG8ZtCPEQb6EdtN9Pin3YaMWi,1148,1000,1000,1000,true
977,9eWHn6oCTaoVpaXrv4gUbpnoyVhKayTdsFFtnqoq7W41,1123,1000,1000,1000,true
977,Asbh5a7aq6DPZ4jFukrS822GAB3NzgzXd91qGkNngqnR,1116,1000,1000,1000,true
977,9Kvf49BycLyDxLmrqtEB51Uet1pK4YWAk1fe8FivbHkf,1110,1000,1000,1000,true
977,8NkCuL8HxV2RTcRPt4fTVhsa49cRNNzwRPE8YUmnpEn2,1127,1000,1000,1000,true
977,8nFrnAg3RkB4VtCwqvqpZZf7mtECZTxsqkUdcEApjMJL,1068,1000,1000,1000,true
977,4xCe9M8hpdat3Lsu7aogjFGyzzpGf5dRngRaRJuf3RCt,1023,1000,1000,1000,true
977,69axrbVwz9nEReaVv7xMzSaJgt8ptSmsBGVG6cA4R4W9,1093,1000,1000,1000,true
977,EEoL6c26DzyvJEsTYDrjCauLjqztkGRg2D7oejk2puU8,1079,1000,1000,1000,true
977,8umrLZcDoUE8WPpmH64yYu4R1f4w3jRwbu3RWgz21TVA,1131,1000,1000,1000,true
977,3qDXZJkm9AFieN3FCp8eRUSBoExP36b9mVZwTXcUBvdh,1108,1000,1000,1000,true
977,2juhrk24HUP96FaPzPRjNnVCLUUJSFZqbeNTkPH4aLMh,1147,1000,1000,1000,true
977,5qYtACdJAMGQND37ieh7GmSW6mCUxUG6abW3hjkYKsPy,1146,1000,1000,1000,true
977,2SHq324DFZmsM2N2dz6ffW8Xq73C1tGEgdpiVzEBuD5r,1141,1000,1000,1000,true
977,7d3EfXU3iNeJyoY48CVhZcKcueP8dtTuAu2MuKYZk84R,1122,1000,1000,1000,true
977,FUNHEdjhCYnvi3TwwkoexLjAqvv1znAvBEw1RJtEDtpb,1115,1000,1000,1000,true
977,9zD1hPkusN4ZrYJ2WP2AYbk6myVmATUvVrrj2CRuHSzW,1008,1000,1000,1000,true
977,2Uf1KALtFG85t48xARj7kVJxT8GYaxzaESNbSjSMC7yV,1114,1000,1000,1000,true
977,4omTta5h8TfLDoPQ6VQEvNzXHv5ZKDfTxryNHsqDp2MC,1118,1000,1000,1000,true
977,6pPJGPzVPv85j5KiwKqriD7QLZiCzJuUodnWiH5G7mEP,1099,1000,1000,1000,true
977,4dUNZnmdmkpThQBLABjccUccfkvMxakCMqxiXQPPCKYt,1109,1000,1000,1000,true
977,2d3JmuzHtYHkFaSpFdDg1DWsPiQmmDvSbqe7Tn4os9zV,1058,1000,1000,1000,true
977,2tSwYp5RN9rSeTvXgyu7UcB4VDBEEhukEFCEGKnoj34M,1110,1000,1000,1000,true
977,2x3HR5xkhBzDnjD4k7y814C9sc7izzX4kfW2KyZ6Sf9Y,1094,1000,1000,1000,true
977,EpY7kYTg6vK9TQaPDCYrV1WxtZgdBiE4N8imGLYdDBjw,1069,1000,1000,1000,true
977,8srQj1QXbGeS1E1beuHiKSrWbu4CjR2BjCeuc9MfbT69,1072,1000,1000,1000,true
977,A6HJ2s4uqLdKPry3BVaTVKTHn42T8FTNr5dctYHtv4m3,1107,1000,1000,1000,true
977,5GkEXHEpTaH1VoFThPD3zMWPPHr67fqS7n4T4wHhuXKS,1103,1000,1000,1000,true
977,7diWh13eKHARah1aWHGNUySPpvKWgVtKAsvrFxcPzbzt,1104,1000,1000,1000,true
977,B79fKXAggtyQNdd3gL4ZsCSjbMQhzG3mmgyWqJiXuz9z,1055,1000,1000,1000,true
977,7exaoVuQw73FFrB51nqJ8kQchbcjFiJtQN5V7Z4TJDQz,1089,1000,1000,1000,true
977,7xmhnsJWJ22kEQkHHN8H6UYCAjs9Tn3cCi3cxp8rQvMW,1136,1000,1000,1000,true
977,9UoGuMfxgVLDyMjUmFuXi2kDf7xQoYfMoTBRsYw7wgGh,1105,1000,1000,1000,true
977,DhEn62SBpZSYSLMW6Qj6hMBmPqLhXqUp7xYpcq1ghwwV,1128,1000,1000,1000,true
977,GxLHDFi6PMKYsd6Awse2RTTZBB1kc7co6WeRXgs4Bycd,1126,1000,1000,1000,true
977,8GMdxd3AvUVrztBx3Fi45eNAWvuJPV24Av4swbxxo6Wo,1040,1000,1000,1000,true
977,4AmYamgYGzK2tNvRGB2uRmGnxmiVTcV1Rd7PvrbhWVYt,1066,1000,1000,1000,true
977,5drCLV1NjLPxTifaoBCgoMJHWBAvPu7VUnzb95igD1QM,1095,1000,1000,1000,true
977,4qENKaWdGhfkeczAPD6ugoELni3zS5rshoUMz2WGRy8y,1097,1000,1000,1000,true
977,2b2ZbUFsu8XDpE4GwQYtvzJRMnPPRwjGv9CMgJuHPuJ7,1113,1000,1000,1000,true
977,3kdK5rfZraxU43ocNviwW7cTLZ5UKXK3XorC7jP7o3Je,1102,1000,1000,1000,true
977,3HuVs5ew7bmbqzWCwkpJboeSSnfe4bfy8gNUJNaYHi3Z,1092,1000,1000,1000,true
977,6TKsWfAPpLc7UMYy6JC5i1esteJDA1CULq4GmWUnakZi,1090,1000,1000,1000,true
977,CVA11smVaNccCBTd8Cdb58NfQoKdSMQs8RAj6RsGcFgC,1096,1000,1000,1000,true
977,HXfn1BH9Ryu7V5fSm4aL6U6cp84sZdBZPfBtZg8PS4UM,1101,1000,1000,1000,true
977,61oLRwvG2SsNfAPcubvQAhmJgHKkuLhtjpaydGE5hEAK,1101,1000,1000,1000,true
977,4vGFV9d1o9E4JgA8mwuNMc9zsnY6Zrd4QBBAYiD2PGWp,1106,1000,1000,1000,true
977,6WFVBLTrXhv5oFKsCHdP3xwqM8CBQHqSyjFVtrK9xYgM,1075,1000,1000,1000,true
977,BtKQpYVxaMiM7nAqyZTn7s2fL4LwPePYhAHaBocxqLSM,1075,1000,1000,1000,true
977,8pbKiqChvzAvcnRTJDkMwQQ7CDzDAFZJxMGFCnLMmTmd,1042,1000,1000,1000,true
977,273tpptuEbRhK9sFY7Vh9eEbqSGhaUQ6svmTuEVQ9gzs,1087,1000,1000,1000,true
977,4fC61cgUcy4YerhuccmxW1PvfoBum9TxkCCpW9R8e1rZ,1080,1000,1000,1000,true
977,8vkQkpRKbEHjNmyL347Km572aqdSr1hU95iEAFwbqSDW,1100,1000,1000,1000,true
977,6XYb5tvs3zr1A27fDG6qVA5YML8X8A6urpwANmspUy4s,1009,1000,1000,1000,true
977,6LSo5TkHaomNiudFttCA3buAWJ9eqjqgmPwFuV14S2Wt,1037,1000,1000,1000,true
977,cq61NhwpteZsS8WiQdfxn7BRVeZ29sEdvp54Tuof6fb,1086,1000,1000,1000,true
977,7AztUZSMzuqqFfQ1vVsxbrEjkvVgceMb1NVsEZoRVxEw,1001,1000,1000,1000,true
977,BAtwoPuUnfQiR8mhvGH8Dtpxqs3wzXAfaNZUNkRepnmA,1091,1000,1000,1000,true
977,Q45L8SDcdV1PktkH7auy9Qjpg83uMcxMR9aE81osQrC,1043,1000,1000,1000,true
977,FrVmn6DXwAmXsTnL3nGfNbdg6k22EBsdpVcBbENi2BXx,1077,1000,1000,1000,true
977,Cs5NSSNreGuY5nnfWuyHwfVJtXTSBmZCm11Y42Y79kwU,1084,1000,1000,1000,true
977,HtQroSFT42JPAqi9nvzac3cA62F5Eus5JZFWthiup4Ao,1096,1000,1000,1000,true
977,AdvQJTHqo2EX7XCPRqivwER8EArL6aEPQyX3W3jYcrJc,1076,1000,1000,1000,true
977,7mfZ8NwuDikVLVLo77FV6dDkdSzuU4k8Kc3uC68zmkWX,1085,1000,1000,1000,true
977,1LfbUGuLRCtkBE3d89vnWEk73G2Y1Vk71sCDhGhcrQF,1058,1000,1000,1000,true
977,3SMZwgti6kEG4kzYyTXuowx2iQZEzBXZrSXKXj35tVVF,1083,1000,1000,1000,true
977,57P9fbk61HzsabNuCFRg7HEnQfbNx7h1kdQXK5McG5pq,1051,1000,1000,1000,true
977,Dkg5vmMtabUeq4EpNvPyq2TmwMWo2uV9J3cnsTbDzc32,1083,1000,1000,1000,true
977,BCuK4KtBbFbdP8geZ5h1S7iQjd8fydsY8c5FX2RKqkpg,1067,1000,1000,1000,true
977,95v5QTwkeAJAHjGrJoZMdLd2EZLxyEomo8TR4HMXx6jk,1078,1000,1000,1000,true
977,Btty8z2q2bTKPVMCyDsLMwyCwR9id8zEqHiBwWELAHC6,1053,1000,1000,1000,true
977,5swJezmrY9wEwpoWEhMsD9yzPWPhGY6iDLjprXRtTJ3A,1076,1000,1000,1000,true
977,6aU6oe2LwwyE8RWzQbHF7pqSBtgBuGQJueVTYWP3SvoY,1071,1000,1000,1000,true
977,Dq5WgdXXH3fGsS558g7RK4Ddo7kTK4UTyuw1432Ssmdr,1051,1000,1000,1000,true
977,HKtmFDChztMnUnq6i749bXcsXjiUGEhdyJf2DdqzuRdW,1011,1000,1000,1000,true
977,BN9RTXyiBueVYGfpkD83r5Yf3zhkqZSfhZwUMYhecFDv,1055,1000,1000,1000,true
977,76MGfE5WQi1f3imtdDthYfSeyYSmPR1qDw2eqkc7Yu6R,1041,1000,1000,1000,true
977,8kG9o4X3syCZL1aGyoLvzJMTo8Fs4h8famFmJCSdsfdk,1000,1000,1000,1000,true
978,5cFXGJgkZ7SXwxcgs9DE444HTTvkhHxQLYUCZTk24oPb,1063,1000,1000,1000,true
978,3hsyuavwBBQnJVC6g3sTfwon4924VJ9DJZtkFb1rK4Fs,1070,1000,1000,1000,true
978,BCEXrBKJJEAorEU5zTKTD9Li3jkM4wukHH9L9J7dhDL7,1065,1000,1000,1000,true
978,7eVDwVWpvCZm1zyD9TLYuyHMQnzoxjn7RLz35Ucpum5b,1020,1000,1000,1000,true
978,6ZoH3twRa3nX5DM8nT4gAxuZPM1CFeZDi76SMQAMA7Fn,1007,1000,1000,1000,true
978,3P1ibzjsPSzhP1yBmFCgYiGoJ7Gx478w6y6mm51C7wD8,1035,1000,1000,1000,true
978,6SQHbxGzMJYPRy6gLwLr57BzZzQqc5gxhWpjsRtb9SGo,1028,1000,1000,1000,true
978,G9GevLNmQf35ojsWESufT2iKQ8paJc1z6fdYtuahH163,1052,1000,1000,1000,true
978,Co9rzzXLpXsG1Jis7Rr1ArQRLE4VZ3K3JC7uPiESxA1V,1059,1000,1000,1000,true
978,6oTYFKFBPf1EpNRGV3frNmwR52r9aV7YxMc6psMDxHGJ,1059,1000,1000,1000,true
978,BoMLosbZFStNNs5HbipXD4XuoF37nxNoU8epg9qUK8N,1057,1000,1000,1000,true
978,FE4ZapHjhiCnJQu342LnHzeBX5DBs39sTmVre8k6hneZ,1049,1000,1000,1000,true
978,BNzGDWPz9QD3xZ1FnP7SFsyy74NYGBPekYMZVQKhkEso,1003,1000,1000,1000,true
978,7FQ51N7o5jesX2TVzv5BAWawmZXPSwZQ3tQ4uxwqBKJ8,1003,1000,1000,1000,true
978,DYUBynr48Y82TG9b7z9i2EhNrHfmfzFGrpqHJDjhuFvT,1018,1000,1000,1000,true
978,HGFPcNLZRsgpnjrScjpsWC2vGanAtp5Ld65Ze1GpgU13,1045,1000,1000,1000,true
978,85L4VQjd65Dd7p6zU91wP4TaAUmTG5Kgh9upsYRP6guj,1026,1000,1000,1000,true
978,FP6EuZLFZaniRnVH33J9QiEN5ygZaE6humLfRDm1GWAv,1012,1000,1000,1000,true
978,CLuZrXTJSsUrsTgBiHJBSfJhXyTjWc7DzUjnxcrHaYJi,1019,1000,1000,1000,true
978,E5qd56wnLs9gKEjkWQfYGH7p2voLSdApQx8C3LNjyfAX,1002,1000,1000,1000,true
978,CPEXVXuHEv36Utp78ZAdxxjedXELzvRtNTEmYGMBBSgv,1017,1000,1000,1000,true
978,9qPHmRszFPpcebZLFLrF3Z3nUiiHVFZsV2fhVxfyJsWG,1016,1000,1000,1000,true
978,9dvUsWB92T7rGaKWWwZCAip4BZ6pZTe8R8UJKt6EPksX,1010,1000,1000,1000,true
978,BVx6WivpvBUeFMXnLG9mMMUBKu39Uy9PQFtJVAXKPU5,1013,1000,1000,1000,true
978,2yQiEKHpFdD8jhDqfkd7Y56G4jTZhRfVLC2ERct2xyw1,1002,1000,1000,1000,true
978,6U5F73tTYpbC9163biUPNcRp8r9nrAmDieCsxryvGyZW,1006,1000,1000,1000,true
978,75bTJXxjwDG8kK3yGx4Y7drrvKNPUHuHhnGCTtSFoiDu,1006,1000,1000,1000,true
979,C2q62vXNYjym8FLTiR4zH1m7whb9Jpw9UJwr1ncyqcKA,1047,1000,1000,1000,true
979,8HYwhfvVimA4ZGJ3fxUxKLTUMbAnGbRqireZTN78R95p,1057,1000,1000,1000,true
979,E6odNXQyK8gzCrgg3D4hQftmY4qePKdjcjqTaF5CSNDJ,1034,1000,1000,1000,true
979,FnNz2wLWEb24kQF1YMV28RpAdi8FqGTWnWbmFyBBcsnQ,1039,1000,1000,1000,true
979,DkXxV84iQZUUqzoEErYvSBTXhWjrCpfGSBMK4USwkFnm,1054,1000,1000,1000,true
979,72sd8NyRWLDtejV1RrwiZc5sHY4m99CwiwzfQChW5FDX,1021,1000,1000,1000,true
979,3kK4jTWekWhzrJbiEd4jMTbSK7HTh5cdwETiFhUakeUf,1050,1000,1000,1000,true
979,A3DD1mjkcBGukYugon5nS8DXEt2L497jXu3P7m4gSVi8,1024,1000,1000,1000,true
979,s4hivWVmkRuqtG4r5x3U7ufGx9myDAWZStRPeGDjSRd,1049,1000,1000,1000,true
979,3Hp6NzraEghZaSswNaWPcBE8CgWsKKAnLrG9jMeZZcny,1029,1000,1000,1000,true
979,DREu1XT53wP76HFHjYkUuiQbiTDkxNWra1d2vjdVUzGn,1033,1000,1000,1000,true
979,4Rnyu3bB4Q8sucgZWnLycW47icXVbDghzSoYEBPbm9iq,1031,1000,1000,1000,true
979,DTk8wbgXd9RkVpsxA3TJYyAaeMHGUUSQS7BSvRSHw2ad,1005,1000,1000,1000,true
979,5YQtpnMgXnzM7XQPNgJ5ZduFMJqkwSkRRYYT8585HuJD,1030,1000,1000,1000,true
979,9nnFeytcTPGjuAFoXBQYJSpZPWCrz9AKd6D7Y7qXv3rE,1056,1000,1000,1000,true
979,HNKhTYEc91MEnLqGFGBnHQ6b3Hr2Xauan4JQemCFkgtd,1048,1000,1000,1000,true
979,FnevE1BaRnqwR4PPzJ2tAe3cvpyMT4doHsXB8xqVQ6sv,1046,1000,1000,1000,true
979,6L3ATjvLixgf6uXtiXhkrw6PBoNUhDeynSQxdCuPTK8H,1053,1000,1000,1000,true
979,6DJzLuZ4kjqJHgLTh5wqNW4RetdHChnW375HTWDaQTDs,1027,1000,1000,1000,true
979,DMDVibuhUimiCDeLBNJYTdxjDzpNzgmxvvFudL1v7LLB,1022,1000,1000,1000,true
983,DMzUfQYnRvD9rqqYgys54osSu5ERfS4Tjfg35D8ofK2S,1151,1000,1000,1000,true
983,42q8VwTatvLPAxpQ1WzMnfBBkEHjTi4YkEJeX5ENk3tn,1166,1000,1000,1000,true
983,2Xw53hTfx2VAigYW66PqsYAK2rVqyHkLtr8BYbqLmEQK,1196,1000,1000,1000,true
983,DCsFP2ay5M7cJD6mk3GLzLXiJbuUT6PJkfkzXXVshZxQ,1149,1000,1000,1000,true
983,6ALyTdz7ysA7EQRVryZ26ig1nd85gvtXdLctprs637wP,1138,1000,1000,1000,true
983,C3tHBJ6he3A9UCpTfqRnyJQ7JxJyxgnTQqwCH4Hwweu1,1103,1000,1000,1000,true
983,4cRLui6Ak8EfcF4MNu4tbyZQ1rncvR3ZpZGGieSim7au,1150,1000,1000,1000,true
983,HhfTxqvvVUTCFfgPvsHmsVvTqYKtnm95NxrpjEzAcjXm,1142,1000,1000,1000,true
983,3BY4o8aNqr2yq38VUczwNsxeRAvvobh1eYrGg3FBaj1U,1100,1000,1000,1000,true
983,Ehfu3wn19s8ENM8Bujhm6D1Qv42tHomQBzZcWeWQ9PPu,1065,1000,1000,1000,true
983,CPop1hweHYG43AbpgBRnJeH5aqAbESftzUiSEvYpErSU,1165,1000,1000,1000,true
983,3eBsp4QqWPexYdBcJ2gEAy8YbNRaJuinJTAmSMNLZbPg,1132,1000,1000,1000,true
983,8YGpUPiCvmeHWdeWZBNsu2W2dmWKevdYHDaiS5rrkY71,1164,1000,1000,1000,true
983,CtPK469Gu6jJtnmrXRtoRCSPNEYP2JrSn1rXTXHLScuc,1144,1000,1000,1000,true
983,B3bTVp9mPA7tJHCbqExYU9jbgtJkQJpyAy4c8j4cXePg,1126,1000,1000,1000,true
983,38XVY5LSjcUW4LgWJsBkdEimMSDcRAD1niC2brB9D1uL,1112,1000,1000,1000,true
983,AtYadiYgzG8EJWwFywCMyyJZ9xEcRvTjGzZ5Vt2fVomC,1125,1000,1000,1000,true
983,AYfSKrEtQ53KAVEknKpVJUZ47XCNtpNomXskreuPNcow,1131,1000,1000,1000,true
983,7G7NpU5MKNVxSZmRe72sEuiKD9h3u5RTgonHxvNgQSBQ,1086,1000,1000,1000,true
983,8PkZQtTN1wTroWtB2ybweP9mGHodRBSqTqgXHEr8WKx9,1153,1000,1000,1000,true
983,3f4k3hmLE8nZsrLwJH8JQDGVNZJcLZGDcoAxZiVXHs4T,1140,1000,1000,1000,true
983,3F5BLiJfdBLUFdyfJTVJ3asL8UuDPPjRD1S5VU5K8KUq,1123,1000,1000,1000,true
983,2qXGhwh8aJAcDSPKyXRWYLPKdQm6qTFipWia4hgBrzRJ,1152,1000,1000,1000,true
983,DDw4AnMxqDJGHgyJK43fctbsXcVThTPHL1eSQwMndjPj,1147,1000,1000,1000,true
983,BEzCQsWbzMFxWdXXc4iyXCiWbKR4KVT3iR2JoFGpcUFa,1111,1000,1000,1000,true
983,5EgH2hPQzQn7L2rJ7MDFcPisSBKZThhdMe7ZxurDq5J2,1089,1000,1000,1000,true
983,XRtcza8DGgVkMFaGBLdWCvzj6Q9J7bjPrbYidN6ima9,1090,1000,1000,1000,true
983,8NaRPbXFMaWthmpQvfHzQWzxsxKY9HyY2ycn95kBR49o,1124,1000,1000,1000,true
983,FoYRwTenrAdGhJJ9hcWgkzSKRHh3d3L6oxpfb83KGSeR,1141,1000,1000,1000,true
983,FWD7coPa4N4zJVEAGzsrMq5cXqWZSkLaEAyGJpz36hVY,1109,1000,1000,1000,true
983,7UsFNpCpP9VMAWxk8Q1DdqRVMyNwdTD7uMPq5C1ufGjo,1081,1000,1000,1000,true
983,4XV9KNhoKe8NKbYC4EKtpxcy4ASM8Y7SFczdYtKZ7cxX,1137,1000,1000,1000,true
983,BgHNqWCsLcL1CJrCeCgrNtWwTfhHB7w3Lv4C3jq5hCP5,1107,1000,1000,1000,true
983,6LSAXV99Dt3TEENMSVvhb3vzsmnaddpQUDMgTx7Z4NDg,1064,1000,1000,1000,true
983,FnoBAxB9VDzHUw1GnVK2bdhJY7ggCaG83TsyKG7JpK9y,1128,1000,1000,1000,true
983,CN9gQk7tQorS9AuNNGFyDU9YK5eu8ve43xfPMnvRhJ2K,1129,1000,1000,1000,true
983,6vG5DJPuFJXeYLHDsstkdP9yu4dVF3eFVXsRbXvDvkZA,1104,1000,1000,1000,true
983,8QBJYaVack9WMRU49xqa1XatVTNaH2hmmEzNsfty9Zy3,1098,1000,1000,1000,true
983,Ssor1LcGTQtrEA7rSKoU8d84Td6WAaZuhYkjyWXSNcY,1102,1000,1000,1000,true
983,ATnkaJx5QH9UrGBDFN5z6iroSoadGXUvZVsDkVZ47qKg,1099,1000,1000,1000,true
983,Bkzdvg88cVL7YQbZWurfyrgaTELnJ9TZfT15UKfCbGhm,1130,1000,1000,1000,true
983,Cj3gaeaAecu4Y6E2KUqkwHAc5Z3vVrXDG79zBHQnPFgU,1127,1000,1000,1000,true
983,EuF5HEpDwJJXfkgVppuddQXJxRujxdQTcuHS7zaPjYgn,1108,1000,1000,1000,true
983,3JYzZ4ToUWktXqKMv6e3aqzknHSJThoWG6LRtyA1dp48,1106,1000,1000,1000,true
983,2QLDdNMNgBUt5PwnMxxCHTZf6BRwx8byc3fYf33dnDYx,1074,1000,1000,1000,true
983,7mvEE1LxiffYzLwPymKEo5L3NTqSrcU1WPQUVTHxYFzL,1071,1000,1000,1000,true
983,2sASoN54H2YpvaCJYooMyhBw8uEudJZTEm1n3MbfS1xV,1095,1000,1000,1000,true
983,ATAHy9krP4vWcrCVUii77MzaZWrPxH7vSWhhV9Hzh5mM,1094,1000,1000,1000,true
983,AY5q4ha5Ud6keGr2Bxo1KNB11C8HNV4UGe9KmgYQn6pe,1062,1000,1000,1000,true
983,CJGH7o9UedmxLFW294PPZoKipemceURxPGQnozgmNoRo,1092,1000,1000,1000,true
983,FRoGWTAGmC9HyY18eoLnzTsGYgxwAyaq9R4b9qtzapqs,1105,1000,1000,1000,true
983,6v7V7UN6ZZ7uy2SXXvzM6CSzhi2v7gY6K4uNCyLWbuz,1298,1000,1000,1000,true
983,HkFaCf3n4beSmwQpg4AjyYVVP3XvazMffGVqwvhJ1EgV,1267,1000,1000,1000,true
983,B5HFKbyxbokYHHL5ahM1W1taEN7WhV6KB96FU6YEzEtx,1278,1000,1000,1000,true
983,9w5Cf2NDC9qp3QvsnxMGW98AA6Dwi2xUutAJrckv9TN7,1299,1000,1000,1000,true
983,7Vb2ptjngbWdSdgbVXabMXr87EGwH43MB4YRhskBrAR,1296,1000,1000,1000,true
983,APf88BqgrnhUQeqj51PZJom6Q5zq9zcRsnZYWQxUB283,1295,1000,1000,1000,true
983,HANrNh5XDmnTWifLsvE9Dh2PvUCMumHdWXNi5Gcj36yy,1180,1000,1000,1000,true
983,AFtioEpTUkHXp3nsVJCQqGBouuR5abJhfUe52x1tTodN,1297,1000,1000,1000,true
983,jHpRBpZ3eJFiatZKYCXoq1Y8veaj8BYhzAkH25EecXF,1275,1000,1000,1000,true
983,GH3fF81DuhNpzcKfHCrKeDyj8qVmbuPwTeeQXTeBFutD,1284,1000,1000,1000,true
983,HGUahuM3Q9Anjpbzb8cg5AULZ2cZTDWAqqZorD82Ek9A,1290,1000,1000,1000,true
983,F7R5fyATs3cmcHqtQZPxsHLwyg9ETYHXTBu2JkxCzJjS,1088,1000,1000,1000,true
983,FSWMNVsWvMx9XQeYnG1e4wj78u6EdJVxJAV2xZD8pdwM,1286,1000,1000,1000,true
983,2HJavWa7rWLcAPnQpfgaYaivqZm1VCiB5px6kSm7TVUZ,1294,1000,1000,1000,true
983,B9JmhrMHz1R2aCb8f3gJEHNP9ihtuQ1J3JqVGHszrTpw,1292,1000,1000,1000,true
983,G5A2rLuGR5bnpvcPtEXGrp3LfNfE5bNw4CMyyGXdcFTe,1272,1000,1000,1000,true
983,9wtzsPzmzEppGikrTdRTCamV9juzNHL9o2XAx5CyQxmB,1279,1000,1000,1000,true
983,5AnRSTKkV5PB3GDYDBHUtVJD3kEtudVDW1n11a5A3Xpc,1270,1000,1000,1000,true
983,3Sj9HJahFfkcbHbWCzh8Dcx3VsepaJup9VxBjErVS5Dz,1261,1000,1000,1000,true
983,7RZZ99mcCikmByGL3SbFCnF8LzGX6ido7Ctn4rJjdzEG,1285,1000,1000,1000,true
983,4rzHRjuRMyxiMPX46fwFtk1vnGks1vkjDViwfVd9MKPj,1293,1000,1000,1000,true
983,HntQLg7zyPEEoi3cMbhgjD5sRR6Nkxh7LnyvfnSEVcmw,1243,1000,1000,1000,true
983,7sEhGkLbyNrwmj2NAE7Ei15AaYwGzLPunZpBRgCmLuhW,1291,1000,1000,1000,true
983,4mYXBqWEVwri2w334g1RZYJxpoPzLDnurqa3YwTaarjs,1195,1000,1000,1000,true
983,FtiqNoQmiHmNjoJaGFGG7oGU2NcEei3SRRtFVQbkV7cP,1283,1000,1000,1000,true
983,3iR7pMDLGL9JtTKQkFhLVNj3Ta9LG2H7VEEqt5QArBFR,1289,1000,1000,1000,true
983,AtTdUF69xxBmuA2s1pCbQAe2Fb5B95G6SrXW3w6AVYZG,1288,1000,1000,1000,true
983,C9hiEsuvkFbAyXx7MxChPQWRnBLcDCfa4sY5f5ZT2wfW,1249,1000,1000,1000,true
983,8Ff8gPfSt1KMfuAwacECJ3tEQPLiU9aeTHNviVpr7iGo,1281,1000,1000,1000,true
983,6j2vZUCZ1PNCaCf18HYtajUPNZ5YG67AGa9vmbPt7gtA,1277,1000,1000,1000,true
983,ghH3g49E5ZScTfaXHdqYSu4uzQjdYMHb8pjouVQP2SL,1287,1000,1000,1000,true
983,2wi1fnSX9N6ixZtpoVbVu2Ukc67gHEy5NRJg8csiDjJL,1168,1000,1000,1000,true
983,5Lo7mbm8mxUg7zoPWMNK9m46EaRWfMFVwWDiwKJZKeNT,1271,1000,1000,1000,true
983,Dd5TgBM3azypn2Bw32Csb98GFkKfibJzGagXgob9e2vV,1282,1000,1000,1000,true
983,FLLF7arvf4aGAQRVPEAVLoP8fozftfoR7YA3ZzWqCNmP,1274,1000,1000,1000,true
983,8PCLzqQgt8UYMACsvqWvryKhx9r4xHfmWzx4TVcoMomc,1255,1000,1000,1000,true
983,DzWqKSox6BBYYCSdQjEy4JNq1z316aYQR6714qnk87GB,1257,1000,1000,1000,true
983,HvCvm6y1PFqrFyc46Q42QqbY3By8Kfpf1qCriLWAikRm,1273,1000,1000,1000,true
983,DNK32rAe8MjjpPcPmtjh8EdRGjA7y8nFUGp4kzAy69XG,1258,1000,1000,1000,true
983,8dkvvPCbTEbRjpuQ5knd53iduUvXqphgHJmeVcAbzENW,1250,1000,1000,1000,true
983,5uHcsxEKkWU5xeyqUQfGvMJmAr48GZKqnhAVAQxBt3jX,1207,1000,1000,1000,true
983,5dDyPdQbjstUyXkqYAukFWtUWbkAAVMB2AVu8WVe4F6N,1215,1000,1000,1000,true
983,B3wexUFQEYHU4C4CuBQQkoYU8km46aprXaYoRSydGszK,1197,1000,1000,1000,true
983,Cq5fxHapcSYmK1f3pzpVbZXLNjjXYce9pEphWZtLC98E,1252,1000,1000,1000,true
983,8wrGRK2gYkgsHE94Q6ch6XiPXk8NfMoL721R6sibv1xh,1268,1000,1000,1000,true
983,8GpooNnaoZD2KB6scZbbzeRL4ZFwGHLHrgjGFodMGiBA,1254,1000,1000,1000,true
983,ygfgPGAvddbk39Ga7t6ibi35LeTuyKzG1txR3jMssa4,1192,1000,1000,1000,true
983,5oHZhgTCi8MW6mZhTTK1nd7dtUdoxw2YvoP3G16Giacg,1280,1000,1000,1000,true
983,6C5H1o5ycjHGKun9ikUVTLFobkx6GC1LWR6n1qXHtE3r,1269,1000,1000,1000,true
983,9fr2xGN2xAyxWsN46pu6vPLywqX9erLrMqfyybJGD72Q,1253,1000,1000,1000,true
983,6otj4GNs7kCZ56C5pU7nPhCExdA4tJ4cHk8qtd5fFpa2,1276,1000,1000,1000,true
983,6tv6HBzyt4kSnzUh6JsXCReAToNCRb8LcStdBcAWkpcM,1245,1000,1000,1000,true
983,ERcWJ7XvtdsnfrDv6tGrkhLjFS8oxoT9PruMmxucY2n7,1266,1000,1000,1000,true
983,AUWGa9jjMPrN7Fqp5CPyXU6xgaZo1nDoToMEJV99FZsJ,1225,1000,1000,1000,true
983,BCNRsJFhGRipSL56cVwjpWWqSWuqC9cKvaHhs2atBGkd,1265,1000,1000,1000,true
983,G2CoWbdxUBJN5QhgfNy1d4Lfie4MkhrkdfQ4yRWdK6NX,1259,1000,1000,1000,true
983,7GHq9gnUozJZuSzYMjd8De6SaPWq6fjxCGKLoRoKYRae,1262,1000,1000,1000,true
983,C4qnDUkr5TCLspfNPnCp5QF6vzfcaeuec1WAhue1EFMi,1256,1000,1000,1000,true
983,AerMWjMcKjdWGzmSjv4PVmeuvNzEWh7Un6tNPNh5aZDm,1237,1000,1000,1000,true
983,4P7tJ1jeRsLnELKhy6UKry5ZEBBdgYQ6h2oT3J2qLwGm,1233,1000,1000,1000,true
983,9Qkav9z9hWAqPMSsU1wgDpzqv9QyvTt9ohvERDSErY6B,1248,1000,1000,1000,true
983,2jGwQDeUkc3UF4DnX7sg9NkR46MFg6Y1K7VFMkmz4E25,1264,1000,1000,1000,true
983,AYysi6N64hnrupkfjEBd7k4eiAo4y5oEFRwsB2FCkszh,1247,1000,1000,1000,true
983,6zm2RnZWWA1yXdmqqMeJaMBek2fDSD6MdNCZeFordXAt,1244,1000,1000,1000,true
983,kRHshCWL1w7XJGa6We8Jnaf8f4vbVethFtx48TiJwSz,1263,1000,1000,1000,true
983,HVv3BwSjN3krH1N3gKKdruehkp2uD8EBoS2WyzvrJRzd,1246,1000,1000,1000,true
983,49q1CMN1cuiBgrncQwJbhzPiSt1s4DTXGRnoh4W93GtA,1186,1000,1000,1000,true
983,BTX6NM9jsJTBsRqt5ePXcEgfhDcNYgTiaY4FDJxWyST5,1260,1000,1000,1000,true
983,7D19wbZGCE4WmdjBRRbk2VQCgh7mGzxSt9ifciLzceCr,1093,1000,1000,1000,true
983,FWePhGC3VQJGJzPk9gihYighpgAPuEdDGxNzNR5DAijw,1251,1000,1000,1000,true
983,Ch9DRag76Pcg9iKFh2YUrnH7fqMPEcKHpdLw4qNxXo53,1222,1000,1000,1000,true
983,Eeg1tcgar5iFykADV9bC71DHWvYMF1CUR8qsEf4Ni3uT,1218,1000,1000,1000,true
983,4SHesDKJFGrg9ACxZV2jeteWkxP9ewhkZPtsyDcJj21i,1120,1000,1000,1000,true
983,HcJYrN7HN2NbMWSFbduVawG5ehyEX6fVJWPxZ9wc2Wju,1242,1000,1000,1000,true
983,5UnvK9iZuAZTjAeAbtg9xwHmsgHrNMb315XYkAVhBRH4,1232,1000,1000,1000,true
983,57o8rUKRSWAVpYfesvvq4UJHcck8routUU6kmTEvXS2x,1235,1000,1000,1000,true
983,C4gncZTdtL75UGiv7wUNnPbYTYQcrckQ5VC1eSuwZgZr,1241,1000,1000,1000,true
983,3TwRT3PXiFV2QksfFCTzC5jkaN4JnWHWgM4zrK5oU7Hm,1155,1000,1000,1000,true
983,GXmiyHtq1wsMmM6g8vZ2kAvsw9uhcFpVG7rJ53UJXSiq,1198,1000,1000,1000,true
983,FhKB9hNirA9aWN8nK61WD3kFe4DmNXCfRS2JTQE1meSr,1221,1000,1000,1000,true
983,7s8pWXm1G8V33Kqkqcm777rMfKB2oQTPewjnJjwLoNbf,1179,1000,1000,1000,true
983,5xkUMWB7di67kpFCyoQke8DzQ75UvuxEriRSvso6ZEt4,1239,1000,1000,1000,true
983,CxxJ4Hh6daaWKyXnSbuKWnJ2YycAyz7WhsQJBJyGPFqJ,1204,1000,1000,1000,true
983,2EcsHziZ1cFvodfxQeKpqBwyzYWUSJ5obNHMd7YKCXV1,1226,1000,1000,1000,true
983,hUBeeu9gS761HtXfAPqEtpbuYKermjEKAmuNgibnkeS,1240,1000,1000,1000,true
983,HYgGLj98c9yah26qu8gnigWyjjWVducUU2KCyWMtr3E5,1231,1000,1000,1000,true
983,FmqzV6FDAEXdgMMMPRRPd5zZhs2WycCjwAGyFhJnBdhM,1223,1000,1000,1000,true
983,4KR4Dhi5vJYQxVmTxR6xfLjeLeR8CEFtwURPTzmXKq7b,1219,1000,1000,1000,true
983,2DrJjBhdUuPD5RwFVAhJtfhuoJwpHYdzbrCuAh9iKJ4e,1188,1000,1000,1000,true
983,4vHgEf7CyBpd3THtB1Rznov3Ct7iiwpj4mXz7EEcjN9E,1238,1000,1000,1000,true
983,E47V5hhtaNCwfamJk7Y3T9nc1LCH3g4426WGsVc1nQJV,1236,1000,1000,1000,true
983,GizYimWGVC3ENeHVZYhaQRygc63KXGCMnsayM8SjZE9U,1229,1000,1000,1000,true
983,BfjM8GHtsvDPHsmmjLLjoV7kjPScoJBZusvTx6qkqELy,1220,1000,1000,1000,true
983,81vYu2devYydqKEGmptKhYpFe7JzpyssCF1rJdHnrfZC,1134,1000,1000,1000,true
983,9KhNUa5E2mQtCfiNp8hiTffjz8XwKNsQ88cM8svCK6BH,1214,1000,1000,1000,true
983,4wbygio3YcGtbkgn5dpRYYnk7c7BbhJLnF5qgqmB1VBn,1174,1000,1000,1000,true
983,4pxFVxCrLKCCwQJWp8YrYLXwkDBVmnmQVCxn5jwFrbKs,1216,1000,1000,1000,true
983,49u4VTwwoYRTUCkknnWMtQMJ4bFHArTxjDzy5qVFEZT6,1206,1000,1000,1000,true
983,GMenJExnNtEYG2ZmLV818LbMvu2Zi6Zcsd65XRBzdPMq,1208,1000,1000,1000,true
983,4dTzP9sTqQaRmgS4j8LpZT4hewQkUkQtJftniJvytPXr,1234,1000,1000,1000,true
983,FfNxbfhwwNmJUAFfR3FVweDLA7zY1K4C5VHpqj128ZSx,1203,1000,1000,1000,true
983,5ApwsEeFdKxTUCY4VmS4dyhZpyLmvD7Lsqs6d7ypaq9L,1199,1000,1000,1000,true
983,7Rqs223UjFdt1SBvPGHZpW39Bo1Lk1DT7z3f1jCxhu2o,1189,1000,1000,1000,true
983,7sqvNUYd7RiDU4DCGyk2oe8eMZJRiJsXrePAxHcZW8W3,1157,1000,1000,1000,true
983,9FAn1nhpQVaXKBrUpbuyd8Q4cSdjFhxjFLRJYqN9GRbF,1230,1000,1000,1000,true
983,F9MbpfD59n1wBbJBMwneKjxeQ7LmHm681q1Si8JgD4MM,1205,1000,1000,1000,true
983,9Ze8kobxpWVddxda4SZ29WHdTqzh1xJBcPQU8jKzNgqQ,1194,1000,1000,1000,true
983,FRZzLMKwUDaRkrf1Rhs9W1eBCZEdk4s5MERTRRdr1t18,1193,1000,1000,1000,true
983,xQV8sfr7wPCgSRQdBdJUn5EU3q3x2FbEuVe39GQq3vj,1190,1000,1000,1000,true
983,J7hNCbGy2CsivCK6wvqAbsB9wtnVFizGogjo4e88Utov,1184,1000,1000,1000,true
983,GWHf74F7ba2nSqb9vy527KDwjwGR3NwAr4v6KZspE3HD,1191,1000,1000,1000,true
983,54E1HZkvjsQ1TVoL8ytTadCpWCxsTW77nGtkZeQG8Qed,1211,1000,1000,1000,true
983,Go4WqJRKHf8XvvFEZ89ACEdQyXTD31Uk9vpfMZoZ6K51,1187,1000,1000,1000,true
983,HPi2jMfeHV7wrYk312skuH8Dyay7ptVtvhDU3BHo15op,1182,1000,1000,1000,true
983,7MJVxrWgiueNRBXmwqdE6t7F9NL5UPNkeSiHeLm1q42Q,1114,1000,1000,1000,true
983,EsoJcDLcoeqNz1LCPyEJiZE4uaaPG1xBg4eMfpEAxf2v,1228,1000,1000,1000,true
983,3WuxegEuwbXduKyyPE1Btn7oiqhP96thknKBnxemgsyT,1117,1000,1000,1000,true
983,21TBiztpyMAbRoVw1BWo5jeKQW8gJCuEpGzuVGXumC2y,1227,1000,1000,1000,true
983,2V91YrtfXiVtztfp3N8jJrdJ8NxQHweVo8yMMgU2sBp5,1217,1000,1000,1000,true
983,HriQaNiMzBrmpmMfwEECKxBS5KGw9kyAukzEG2Q4P8gA,1183,1000,1000,1000,true
983,J9SJjbL19sc1yERSouQUMofvtGvGL5uckG6hZ9eUsZyM,1145,1000,1000,1000,true
983,Ga1kWvyhiS9b5CTzidkXtBkpjYAPucLpev4PXRQYGPrm,1044,1000,1000,1000,true
983,HgDuY8Qb3hpQyEc1C6xmVG79spQ27YrG2gM5L8HbAsEP,1003,1000,1000,1000,true
983,H5bzQDZoBaHNedaCFVaTisLjkzapRuBEWyADzCAykz76,1224,1000,1000,1000,true
983,2Zq65AZ63kn7hcKM9Peacf6KeSK2jFnKwxVC3xdvbFPn,1185,1000,1000,1000,true
983,38gndQ9RyaCtDNqoxk7zt4uifXq9nwAggSMtjPTyQtCZ,1172,1000,1000,1000,true
983,9JFjwKKrAi7nrgBdZUW3uJU9MuGTtn3txoojjqNrM47m,1169,1000,1000,1000,true
983,F4qUAQeHhaEGz8sjji2GHr24Zwcp9CerQBNPxg5FCAq6,1162,1000,1000,1000,true
983,8XajDdPnp6jkttQa3vgGHxzSDmkEvrT63VmBsdSSzLQr,1177,1000,1000,1000,true
983,GnjoZshVdxFWHFWf6m8GNoqR2gokThDaeSs5CYTVkRMM,1167,1000,1000,1000,true
983,3mJAhPeP2i1YFpVQ6sNew18EGs9rixUNsB4MeXte45QZ,1213,1000,1000,1000,true
983,CNrspcQsLU3ns8TPCFg875mxiG8a6LBKRbK81GSWoJoc,1175,1000,1000,1000,true
983,86AxmLdZpAUvM8UQY68RBaZQuzZgvmdmrs2yixu6akDj,1004,1000,1000,1000,true
983,7zjhGxXPgc2hf1QLhs6zaFwTdcrxFmy2m7en9CM77AMS,1212,1000,1000,1000,true
983,BqinfDHdJfkjpZ9BdT7voCiZcT8rafj2RnAwzLeZJnod,1210,1000,1000,1000,true
983,HxMBWNAtEFWjZaZUQ8bNVjzAKAs89RXC22zUcc7SmmV7,1176,1000,1000,1000,true
983,3fjxUrVQJ7CLxmyujEHCYh9Lwfavo69snz3EX6hCy7Xg,1061,1000,1000,1000,true
983,BvfRVskvAaY5pimnxYZ5tjrrnRCxd84hu6XiLG8UkXCh,1073,1000,1000,1000,true
983,4cDPWs9XvJZaYRFkKc4HYMDNWEf7vfBEpEJ8HGrCQ8fx,1163,1000,1000,1000,true
983,9QSrczdVzoT7As1v9V2hpseaSkVmBmgnagyPrVmYCX5P,1209,1000,1000,1000,true
983,EGcuDmkvbRkLfnhtFbhJHz2HD9wbmtecpj1eLfSxQUV,1202,1000,1000,1000,true
983,G7cHK1MzyGHxWrKxQZU9UFiD516gg2L4QdGArUvhrah9,1173,1000,1000,1000,true
983,DvhzbrqAgS5hSeHhWGx2J3uE7mbyb3cdrCkkjFjjqxJS,1158,1000,1000,1000,true
983,4GiV2WtivsTrH9pHSg85WXEBGqTwDvZXk3W5Ce9BQEEr,1171,1000,1000,1000,true
983,EcAH6tQk9N9dRw8h9JcYbcRQ9Zepsb5jrhJdVoQUNEq9,1160,1000,1000,1000,true
983,28kqPffn6tMRugmHgBhgGUBZFofNVARqcEHYpqHNLGU7,1139,1000,1000,1000,true
983,FhKwtmNmFnpTbADUhtsfqxW3nAaFkMEGzevCDySUuSwm,1135,1000,1000,1000,true
983,8E1g989sAvd6P7wJ42ZqjP5KeLdxcTQLVtJbMUe7GGFE,1170,1000,1000,1000,true
983,8iSz4K9Rf5FChWYexu2XFk7aHmeyvtgNMaqiNz1JBTLk,1159,1000,1000,1000,true
983,61SC2R9Vb4oG8vha7TZu8CCnzBisDVR9HgwwivGgqgU3,1118,1000,1000,1000,true
983,24zeDdxYyPa9JgnxwLWguZMomVMC9xx8AYPFfPdudWxg,1077,1000,1000,1000,true
983,G8644HA1PPLkbGQQo4NW7Mvuusb8AJLpUR3kL9USs5yn,1201,1000,1000,1000,true
983,2nSJ8Zx6gvdS9MLapjboWSpFc8q2NfWBZCPfVDtHmGMe,1200,1000,1000,1000,true
983,4gHrJ7kowaWk5nVdCkDuLyo6cXev2bTUTX11DJaWx4FG,1148,1000,1000,1000,true
983,GLdcmVtVsXeS2VaXu4ywsm4wZM7S83HjmCjZzXan7WKk,1143,1000,1000,1000,true
983,4ji9KsVdVo5MaeyZpzEWqcNDf4PHLQLWUT6WDRwj5v7E,1113,1000,1000,1000,true
983,GaeR8LXuU5apgQJgGAWYvj53isfXJsXSPFx22fgkNoqh,1122,1000,1000,1000,true
984,EnvPbvu39JYqUqKPGGZxxRZYjWftQrbC8BEGALFXf6Lj,1097,1000,1000,1000,true
984,B7CairadsKvJWdRpQuvHzjzJjKd4JoWNGLDUKbZ1NgtM,1119,1000,1000,1000,true
984,27wA1T5Cur8XSKSHF4v2hzMApBuaRrKWj7nUjf1grEYr,1069,1000,1000,1000,true
984,HZywvoG9maXiFVqmLgJku8McFTPGPJuWqWNM6o9Zts6M,1116,1000,1000,1000,true
984,CR1zmvL3q2LQw5E1AYnMN95TfF3D1X2qAtLvkvBkcF7k,1181,1000,1000,1000,true
984,8YYv3EhMHHUCzNJb3rPojXYfUQzoFPsPA9FzzMoSVCg9,1178,1000,1000,1000,true
984,HomBzzM5KMaT18NxfwhhChE6db8ynnvhqLCmkfbFV46E,1161,1000,1000,1000,true
984,x4vt3qEdLmQRj6Qyx7LPGTegFe3Wy5CS1JEMZz5bUpX,1156,1000,1000,1000,true
984,51EfMbvA8oWfHcdy9mat73zZM4cMerR519CXqyf1WVpw,1133,1000,1000,1000,true
984,4YyVtswEZa4ZLuYRwhPGZ7jiAb7Abi8FmmFW32gs52Yv,1121,1000,1000,1000,true
984,5CStwYQVstBqTSHgXmA5kXDM7LdMaTSGCMtLfkCKGpEN,1082,1000,1000,1000,true
984,BjhbX618Y9xAAGdhWTVm5NySYALDoquuSoD8Jj4ybWf9,1154,1000,1000,1000,true
984,4WN2LHxoWxLy8RaYZo1eQqitKQVaqSLXQtCNkqR8zxGL,1068,1000,1000,1000,true
984,YJRFLv7BogX5wNQbav7bGwrTFtEYyXpHj8oaqXzaZ3S,1078,1000,1000,1000,true
984,8KvL8WsDuevTriEXU1UxFaB6duUE6fY2X6hQDDPRjGPh,1015,1000,1000,1000,true
984,9MB1Zuq7iC6pTENdTvnWLQYWu8Z9Kg99r92LTRXDtqfL,1115,1000,1000,1000,true
984,6Ti2z5vib1Zc9xXgDCbF23HZxkQSHdzXWQMn1Z6okvUM,1087,1000,1000,1000,true
984,6onxT5nB9qnqipr5Hrg1jy5kxsc7Rni3PxSFfXR5MxBh,1072,1000,1000,1000,true
984,B8bEMdMhxfaHmm28xva4S48h9PR2HP4isLmcExu6wwYt,1067,1000,1000,1000,true
984,QtpKTXxqGz2gFHnBwdVWi5ZciP6vPSit2TbqrV9da9Y,1084,1000,1000,1000,true
984,GPFyQHBNiweHc2RbXmyBsaabd7orBRWHpzCssVjvQYWZ,1060,1000,1000,1000,true
984,BsDrKQNt7Q4PsrwPigFaZUHBRGDXD4RVy4p73ohTPJ8Y,1018,1000,1000,1000,true
984,63SBCRNJzUyCRAWSaHPukkiGfD7fbe3jbCyhHTmnRU8o,1146,1000,1000,1000,true
984,8G5C3cYKyFVEtS9dShb6Cyknf3CQcWwXVY7ms44j3p7K,1136,1000,1000,1000,true
984,11D9XazjzagZrB1UnKZJzWYG2L92vzaEaryK6PQDhtT,1085,1000,1000,1000,true
984,8DwFcHTXcZ1vteSohCCYVriNzQKQJVyvPXy8tjNAcHZG,1063,1000,1000,1000,true
984,333r1C2vZDYD3DnezR4fGjKh5FYf8m3bCQHWeZXxZnpB,1012,1000,1000,1000,true
984,4R6awse8uNxDtdFEaCcXyKYHChqwjLBNuxQF2rA6hjg5,1080,1000,1000,1000,true
984,9i2xGA4MVhJo3SVjqQkC1RoqCAEMDqTgVDkK3XKBaFX8,1070,1000,1000,1000,true
984,C8ku82EJj3iDJ3X7AXVnGMMiM9vjg4ehvPDEekxqaNSa,1066,1000,1000,1000,true
984,9grDtGCJKoZheD1tBTD6o5v7JnTF65BREHaxuQZfjghi,1038,1000,1000,1000,true
984,4EFnn2oEcMCV1jS19wtgZBumWEHV2cpvkD4HdxkeLu81,1014,1000,1000,1000,true
984,4ksM426JitTf5L97QwZmqaCEFWeMRmSdB4GsRXi4XHXu,1005,1000,1000,1000,true
984,6JkRw62SVPfNR9rjE6jzcaeeaNw8nEAdbttjq3njimqf,1006,1000,1000,1000,true
986,gMa6CQXyTw8ewqicnRQJd8ZQZDTAeyfK7wyYQPTBwsX,1072,1000,1000,1000,true
986,AbjQBgFGxFznBvkUMRqmrFtrBzAnENBKNv4yXhXtLGx6,1017,1000,1000,1000,true
986,3GTDd2qkxTftTjmiNs4hcWqrBoqmJ6ga8kv6vteakZeH,1066,1000,1000,1000,true
986,B4uDtpGc91V5Jyszq3BKvxRG4qaZQ41ZQPGooRsKiNYx,1062,1000,1000,1000,true
986,GYUFZNg3dEa9BnXeoA31i6QTA4VfjiuPC49PzGEu5nmJ,1047,1000,1000,1000,true
986,Hk12YecT9LJ9R6PXVt1gzJTDs5KuQdaUvSkaDJ5xcXor,1040,1000,1000,1000,true
986,DqSCViVsdJyE8etH27da5UYBAjXcgXch3w872FZNZLhb,1016,1000,1000,1000,true
986,2VkvDnqSzuWqKVoeo8ZhPpCFSrKtCuZnBSp6UKGUjUgM,1020,1000,1000,1000,true
986,4JrvQJPSNA4UBnSeDtT4csUxqZpQgqkyVYXDD2QJ8xa1,1044,1000,1000,1000,true
986,DqXUnYomGq1bp3ntY7tKD3HumuYUUJVNPJfS26MTqywP,1043,1000,1000,1000,true
986,5EZ7jmCYwM7Pzw7EnQvdKBwcE5sMgjokhzu6J2frMYL3,1042,1000,1000,1000,true
986,A4fnkcaz83LWMokWujRVqKuQZQurm1KyvmX23xK6dHvX,1001,1000,1000,1000,true
986,GgVLTu5d1PGfGyoYr5H12FqgUYrLZYdoiT4cnuTZMcAa,1032,1000,1000,1000,true
986,GEcpy91L6bt9ZwXAZbztPppu6QAQnDJBudP3WERAe6Hp,1015,1000,1000,1000,true
986,BjkCN3NFtPFWSUyJenZFbPj7F4uiUsXpDtnU54oRJz9B,1008,1000,1000,1000,true
992,HciSTru51jYVKmjkzjZHDXtbKeisAKhWENY9MEShYsFj,1286,1000,1000,1000,true
992,CpnbXkAgHyh2WW9hWW5QbHJTspKC6aEuep3wSkqTHsmH,1244,1000,1000,1000,true
992,AKi93aNFWEnTHbHviWrTeCse6FNP8ZUyiCCpwwd7Zz67,1192,1000,1000,1000,true
992,3QDGbn97PzCn31fCRL437ZFKfZSSfnoCvDafoCsNDYdd,1249,1000,1000,1000,true
992,uefR26dMxGKSvu9fsRrrLqwhfiDxMdUZQ39pvtNLJQu,1175,1000,1000,1000,true
992,FyVLFiV4mCzu9JsXLLwyomM6Xconw4VStDhFcAKUnV6r,1119,1000,1000,1000,true
992,7Syxv8ceXt6PVn14rs5Qn9aX4LvqvNmcWa8qupoVenAC,1120,1000,1000,1000,true
992,GEUKhPRPDMthUqcMRyQUh8z4Rn9FzFgJsWs21UHrCy62,1099,1000,1000,1000,true
992,6zp2ErPxWAarfgkxtUE6zeL78wGNxEjbGbJouzLivyun,1197,1000,1000,1000,true
992,GF1QMvY5A6tneZd4PyNAdC7MS9PoQkd179x3X9fdQhTv,1164,1000,1000,1000,true
992,6sqUDuK2ZNc3d1FcvRQhQRzmX73HmXJs2UUzm1pm7kJf,1048,1000,1000,1000,true
992,3Zp5ZQGRDdVRqFfxncnWpsy3wZpPVZHnjTrodysbCqsA,1174,1000,1000,1000,true
992,2fLFLQWXeJrE4sNHrwqTfkzGS2jwRL1QPysdULPvEZRd,1157,1000,1000,1000,true
992,HjbscUTeva8kLSpq6hdNJyPtXPfiRNnc5A6LsQcfbCx4,1130,1000,1000,1000,true
987,6JuRXGfqCyLgc9mKakmkQSUzv6y4pVnE3yjGemQ9Kcb6,1071,1000,1000,1000,true
987,4AvciQaq3FFi4keKfgXEDfBFoP9xzP1xscnjkzp3BdPr,1064,1000,1000,1000,true
987,2YYjzndoBKdRuAGjhjBjM5coFSuuWbHtpEQahPvPfiwy,1073,1000,1000,1000,true
987,8LyEs3jT1RCuDZ9PZxbq8hHTkorVdoSdQDhc2Ga5Gv6o,1059,1000,1000,1000,true
987,5xaSPBQN4FKAEwsvctVF3agACcVTrNP6SozVA7Kcwd5o,1053,1000,1000,1000,true
987,AqzDpA5iJXSMwQ5C4rAVTcctEcb8y1vQMwsxtpEiRXFo,1056,1000,1000,1000,true
987,3iv9CyPrhNgSzEtfzDftcx8mMwL2ZypvDzsJEmm1Q1Lg,1068,1000,1000,1000,true
987,6vXJoVPUmjuKWiPaE2NDnwJ4bc1MF9nboHFya7soJ6NW,1024,1000,1000,1000,true
987,7NDMuHd8tXHkE8upLdMHagPFxF5nU5NyBfgGLPk5HY6k,1052,1000,1000,1000,true
987,Ckt9U3BsJ3Mxk7doLr4sQWL6PL5vwj4cjRNbtqjaTWgf,1029,1000,1000,1000,true
987,43vrXpJYy19zgKtDGG9JB4YgowhBeF7UGzKBGkZRtr3Z,1028,1000,1000,1000,true
987,14cXLX4dbE4QN72it7tBDhw7ZzLyKsH9HhwYpkSZcd9k,1055,1000,1000,1000,true
987,6w5yyyaTi1BT46HCWheQ7tN313yxTvtC5MowpNB6E19g,1070,1000,1000,1000,true
987,63oR42usj7HnrT3dwH7BjcAwTmit51eecZC8RvoYzZSS,1069,1000,1000,1000,true
987,5LwSzAHRw2xYKG1oc5NHRNhipuLsVHHN1i4xBcBR8koM,1065,1000,1000,1000,true
987,2M5P7VWPJNeuCfBYKLtwxjDJVbdc9ULhyHL8mRcoGPTR,1061,1000,1000,1000,true
987,FtqdyRo8ti4qpwvfPE1MJmY6wwfAFpgBY4Vnr1sN31uk,1046,1000,1000,1000,true
987,ndeAoBUk1Mducu6tuhGVy6HDpALaFhXvLXidRd1mhnr,1054,1000,1000,1000,true
987,FLyW9j3nffcmjXFZcsdHAtUFKstuiiRBd43Fd5i5TA3m,1007,1000,1000,1000,true
987,9gRhiVJNnKA3iRfBJHWa959wXMdsKS4Na9XSeKQkg7Lx,1045,1000,1000,1000,true
987,A1yEQFNEi6j8EEAKKHduxc6mB2mRpCdcbFxX6pCLA6rP,1014,1000,1000,1000,true
987,ZRMSgxL8Mm6LDh5whNhXXYKuBvSvFkLruDzCAnh6Wea,1009,1000,1000,1000,true
987,HB2oNoLpHyV11VedXHLoQtyGcfsENZ688uGDrHvVCYhV,1060,1000,1000,1000,true
987,GWZ46d5J2PmYECJHCrgqw3iM25YmAhyvTUYdn8MkEN8t,1051,1000,1000,1000,true
987,21s3WEwQMrBoiPSe1ES7b58ZXneJV4yBatqPis83E8js,1000,1000,1000,1000,true
987,CGFbe9niNFHJ7upaCJh3EsMkWKSgckBFodoHYsQrTDCY,1041,1000,1000,1000,true
987,AebCwSakPqaB3xttX6YPRYAMTJsvvAx9jUhRjzHJNRmQ,1025,1000,1000,1000,true
987,6t8AavLn9qHdsMkXuAS6A89SWvncwtrYduoQW7WAD5Va,1031,1000,1000,1000,true
987,8AMgmUsZWQtPamvmHZ29bW8DgUjaJUg4cgggs9kErFbf,1030,1000,1000,1000,true
987,9XywbKqvs3mt4JshKvhjdinFakcwC3SEkiAJ8H7h85F6,1011,1000,1000,1000,true
987,5zFfrQv2Fst65cDDLTfUpVrXk2bjSGy75tXDMNxXqPhR,1013,1000,1000,1000,true
987,4CA5AbvqEmfVKoXqHqcKkCr7nUAiuXebcH4od87hsYor,1010,1000,1000,1000,true
987,CXQtHpruXjjeU9L4qiVDeb1EAesF9SGtd5FLddTB7TA6,1027,1000,1000,1000,true
987,5H1qfNKeEKq56QNPw4xgbrkunwivzWPSdMuttCwGn7eU,1019,1000,1000,1000,true991,GQTKpqGwUVZTtVqTarBQ55hjYnSRsqaFGufNns2SyGDg,1296,1000,1000,1000,true

987,6aKo8VRrJ36BhVmytP2RmHH2dvX3zzuapoK9v58BbKnW,1002,1000,1000,1000,true
991,91SjAndxRWeeKaBPsaxK2JmKFjqJkftJ3eyPCyvsQD55,1284,1000,1000,1000,true
991,22uDu9homWUZzRtqfUH7Kr4bwu3nncysrmpepgJ1ehCv,1290,1000,1000,1000,true
991,9Tu4WafkiacfLuRP9JtxhP2QmNV342EoBxT4jRftbhXp,1285,1000,1000,1000,true
991,DZskMC37Pn8DvXb2sNaqEiZEPVks53xfNQp1RCFwwngW,1156,1000,1000,1000,true
991,9uUz26MfjrDPcwhnfDUWV1MbnLe8yKWiGagqN5aRnhYi,1274,1000,1000,1000,true
991,2UNySCQ73h9L5UYP9QoLrQnTehpoYuWnqZptCtVmKtDi,1196,1000,1000,1000,true
991,EpF5FCGYCaNBFbFPRPM8WKjngb37S6QqQJfxjqaNWyhT,1261,1000,1000,1000,true
991,HWpME9EkdCaZYMzMKqzZEmmkFeEStp98VynCEDZPV7VN,1256,1000,1000,1000,true
991,Ao3YBMan92j7VQBxDem9wEzmZtdxgDTFTSRvv6uDwUh,1273,1000,1000,1000,true
991,E9JfPvLm6Zmib6Dk2JL71JV6cXcB5BuaTD8FcCm46Qum,1207,1000,1000,1000,true
991,7qqv9fy4zBQFuLBM9MCzD6PuzXResn5Bhed1dPwWscpN,1293,1000,1000,1000,true
991,FoPioUae5opHAEUoNewyw8ZU5LiyUqywbojH2g6hEnwF,1277,1000,1000,1000,true
991,HVSzzKEVHYqLk89cr6Pjrof5dUNrFxKRwKervidLB4Rf,1291,1000,1000,1000,true
991,At7tmKb4ozYMD9NAuSyFsBSSawfzz9EYXM7DzuwiiXo5,1271,1000,1000,1000,true
991,2f1UDSSWtnzj9f77o4AFTR1kxGjwQjtHMrhZCmrFi3ns,1267,1000,1000,1000,true
991,6zaKnBnp5SsbabV87GXfSQ7SLquy6xUVTgRjfTNn222,1266,1000,1000,1000,true
991,Hwzu8ABqfQDf6kkxLNmGChv3f6bKb68RAGC4PDvSKjAx,1186,1000,1000,1000,true
991,CPDB3aLbYrQtbZVvZoRThQu3HyTU534QyBU2fJRc7Py6,1246,1000,1000,1000,true
991,2MZKR3ZqemwsQG1P6eiv5a82JmqFYmNzqihBBmUd8kR5,1251,1000,1000,1000,true
991,4Jtib8jdVEdaC9hiSpn1uceEQsj2kxeSnBZwunot49sY,1250,1000,1000,1000,true
991,GoeoX2iXCGawfc99yCs1q2MF1Gn5Zq1iEvLn9smbE5er,1260,1000,1000,1000,true
991,8wgbZdiuCxJ2q3ogbpywv83QQR6u57ABj1iF93nVsw7N,1245,1000,1000,1000,true
991,87GqiuokDKr7PKZKa9SzknvmhBXAJJMgS7KuWZhuDrxR,1247,1000,1000,1000,true
991,3N5yMmXdCW6bgmhWM6F4vYV2yuE4na5yxZ9azc3UGMEw,1243,1000,1000,1000,true
991,iAvvSVV9JjiJRcgna8YPQwxAe7wH5MEqm1X2g3c4X3t,1235,1000,1000,1000,true
991,34neL7nDKAbbeCAcg1Zd5qxrTNsqnkc5vAg6oDf9NtgM,1239,1000,1000,1000,true
991,DRbgpXYHpzRd7BBGttK5sZv4mmxvJQpaAQskHeYRvQKo,1232,1000,1000,1000,true
991,8d6J1oa6jG2Weot8xGKte7HEwyM1KLcm8CQKAFE9CQ1g,1205,1000,1000,1000,true
991,HPYXGiDo9Rdwsm3YmHR4CJ7TsVQLpsidBQqmLwQEgMnR,1242,1000,1000,1000,true
991,EhBjz9BFMxwJaXTg7ifE87aoEJvAAz542waAJ4gVGaHY,1259,1000,1000,1000,true
991,C75GtEYmyMbJTqWUwwWJLa5AqVSSmr7FCdzattjiUkMq,1236,1000,1000,1000,true
991,3zj4ZzbbyHkp3tXPKmi5GVSLwNnPcjcVnzJnaec7GVGW,1222,1000,1000,1000,true
991,8KfvRPaUq6BBVmsuNZCybtZp7Qn1Rwp8UKBaNzaeLSZC,1229,1000,1000,1000,true
991,6EvhjZgvc7TxpLFtJQt5iavKGQaxKU1X2F1qruYJY4sV,1209,1000,1000,1000,true
991,B3dgQybCrG9j7rxJaMUZL1RDvzpBeZkDnAsZoWumvpHo,1203,1000,1000,1000,true
991,Bah3gUtJcytPZ4dHbpMmrMi54qUHg3rLC42xf2Y5B5rB,1248,1000,1000,1000,true
991,GozFeqUk9oyGaQZzGzduWZWHCY7kqM58aNU7u8wBEH7W,1225,1000,1000,1000,true
991,GF6ESdKRsaUCAj3gq9ogbdo1FN1moqAx1Fj3i4tTd1Z4,1233,1000,1000,1000,true
991,DpsDjfhzisZFqjwTitRHJs73B5EncWyz2gFdUDpniYrf,1204,1000,1000,1000,true
991,B6EVy1LTkPWPyJHQ79CEkPFxxWVCi26HnwCGWE9dpT95,1223,1000,1000,1000,true
991,GrB9cLdgFSjUSw3z5tYEPaFAET6gtdUz84pVrjoQtEYW,1194,1000,1000,1000,true
991,AajxZzRmn9wN2GPXJRoMNpsdpkcQq2p185vGNrmqyPbA,1195,1000,1000,1000,true
991,8NAgpP5B1JdzJnmD7rvxGXPqKcii3ABnPhdKcsFk8Hqo,1220,1000,1000,1000,true
991,G1BJBQ8ZhziouWZy1r6aNmwzegyvEDsAiJvTJTArWAMP,1212,1000,1000,1000,true
991,4NRzdBuj3cjuv9EjFwcKDv3LKEHqCwxcViZTN4j9wiDP,1191,1000,1000,1000,true
991,4ftKtuP5GK6uZqWYvwQ3Uee4JUenWh29Tfaavtw8nD9L,1193,1000,1000,1000,true
991,DFhND78RPqePXnA9ZLMvy2VmfDURYnpj2ncurpJzcqJM,1183,1000,1000,1000,true
991,6hF9nxP9E57Vm3vXdemhyFuziLRt99LxLQCuAzeZ62we,1206,1000,1000,1000,true
991,DDYmgWSafDfGHPj3uKQp6usF3ELbto9pYqt8cgcCpXwQ,1177,1000,1000,1000,true
991,6H3yXis2V3o3b3Uzt1br7GMYwtAFcw2y96pBuY2ZTrnP,1176,1000,1000,1000,true
991,5W9Pakbs3M9NE9LufRT3soYyRvPP9jTELwBN1nZJPLJg,1139,1000,1000,1000,true
991,EUKBqG4RxnEFaWdaS9E811jPL7v3tkn5abgMdjfPuQsL,1202,1000,1000,1000,true
991,Baskr2u77CPkoqQaF51LcRJrrDNT1Lv2mwdwT3xQNzew,1178,1000,1000,1000,true
991,7oVZqch2HytG2mNBKxhxusv3zsXuy4zQ1Mvvx2mKA5tg,1182,1000,1000,1000,true
991,FBtTzA2K5gMCHREGb9ZEXwRsJuFyXKSiwqMkiSLt98bY,1181,1000,1000,1000,true
991,DSfcJw7XzpxCUVBL52AjS7Rn5hnTtchqf5t4bj5vSPz5,1189,1000,1000,1000,true
991,AKedkXqUPfgqJfMVo9ki4W1iiGV9pyruTYNo7tfzoMoU,1116,1000,1000,1000,true
991,6PD4wvyzv1Qrpb3SaBuhURBE78dKgyVn4nyJRxnVbsAk,1161,1000,1000,1000,true
991,9QgLFcEFEhukgH8mfofAXixZtAuFhvCbMoUtBhrjWhZa,1112,1000,1000,1000,true
991,JCDGWgttqa1xdiHM4YBo9LVonuFRuGQE22kRamDmwe5k,1180,1000,1000,1000,true
993,G8ihWBeYdScB9QHoQvmdHoCkDiftrA8gCpFZYZkJWzMo,1281,1000,1000,1000,true
993,EsCog1PD5nBCAG5WHyD7b1LHsKfgBnEXpvhqeY5SNLFc,1168,1000,1000,1000,true
993,FpdVdxa3iWYJMpRQ3GxWagQb9Tt3siat5in3jiffrVtK,1211,1000,1000,1000,true
993,FMKtEVxBuqmw4EZFX4XFsTNEXQw9uXRCEsV9VVnrUgy7,1237,1000,1000,1000,true
993,Bf1LzLpU4amuWM7N8ouXYBnZdrvzXiWwEhp6TdWAV8vo,1226,1000,1000,1000,true
993,CWWoBpqC5WftFjtoJCikrCDG9moFg54rmVAPxZDLgndd,1292,1000,1000,1000,true
993,5uS2jXvHF3vJbcunMY6BpwCN7cboghwfVmx3oSbu8E8E,1288,1000,1000,1000,true
993,GGKAFf4Ssk8V47vSQua6M9V345qZGhpJaQffofnxJDrt,1263,1000,1000,1000,true
993,FKTqut8iJwLBxMe8FNCxSLfV2s5hgprSYJiAcUXTyjNE,1275,1000,1000,1000,true
993,GAFo5gAYT8NAnKgnPHACxe1aWGppSD8ywVHeXADybj1B,1252,1000,1000,1000,true
993,7n2tiuSeXSLR5MGmi2WkTW56BGCUMzh5EmENrNwKK1Wd,1255,1000,1000,1000,true
993,FqN5KfpGy8igoWxXy6dDidDMf8ygopAGxN78KC5iPRj3,1231,1000,1000,1000,true
993,XAosW1wzzbC8MwkJcearD3mWnYW4XssdeFdiqN5e6aA,1279,1000,1000,1000,true
993,81o6BKxyZ98nccB1NsnoqV71xjf1shxT73TEVmXUAZsp,1287,1000,1000,1000,true
993,2jfRtqXrKyPRzKysvFB7s6onbLypBmKqgaAVCR5cuiVQ,1190,1000,1000,1000,true
993,7TQtubEsSduNaHiD7NczwaXHaMdysqZShMpQmUnbN3h5,1238,1000,1000,1000,true
993,7BcrfejB4yTAZNG8haQvvNv47d2bu6qxv4cbY6YosBkr,1221,1000,1000,1000,true
993,Y7NAjxeeefA5HXxF2sNvLR7vcykitBuQJkviSj9ZzZR,1253,1000,1000,1000,true
993,CwbGP54xEu9XS2oDbzYhqWr6Zpgy7z1CqtJtKuDW2EBu,1218,1000,1000,1000,true
993,DDjNHGGEiq6XHquYnWhg4qbqGfUMd16NDmCse2oECdQe,1257,1000,1000,1000,true
993,HtW4SDUbFkgCqmWVWqKTh1sCRryk12dK35hh1a6ZpSR3,1228,1000,1000,1000,true
993,4yyk86i1XpEXEvnHuwWqhKrNcp6eU76bZzX4xJkR4urr,1258,1000,1000,1000,true
993,7XDVg4LTDJyJwmYdvCM48gDW1gi4d2UxbEF4Aqkf3UjN,1199,1000,1000,1000,true
993,Ap6vDFmZWwuy7tPDsHafvrradUv9yTusYFKu2KsBprZb,1162,1000,1000,1000,true
993,FL7gMKu32RiQ9RT6GpkGk2qbDxuZUPzbEVofsSsnPAWX,1241,1000,1000,1000,true
993,B8UTtVbZd7KsVWo2ujbkfssxCLDxMYtVtFDHx8xx13ZV,1234,1000,1000,1000,true
993,GnskKrpCVkDRKmi5DNukSgqpxNAPqmxFzMjJjntbS8fs,1143,1000,1000,1000,true
993,9uorSaiHrUsvzJ9iWN5pDHtHmU3MLjhdYd2ZoK7yYaAR,1134,1000,1000,1000,true
993,9ZdeCCqJhUTrk1VWcUu1VDFZmJ8ssBLkHUQMwm34GcAM,1230,1000,1000,1000,true
993,98UGpVp2538MSdsn6B5FuydhrkMVNcuMJjLEETnqzkti,1187,1000,1000,1000,true
993,2i1DkR5SSvHiEsnfRdfH7X3cnvVBMsybS9vf91pd6zag,1167,1000,1000,1000,true
993,J53AwxpqYvdNn7EvHUfqUjTjLKV3Yo56ma4aKPgyohzi,1227,1000,1000,1000,true
993,H9Buq6Fsr5t8phctJ87qh1vLYaS78appjUtWVgmzWMCK,1155,1000,1000,1000,true
993,FGPXpXqZ31NhzdYX1G8VovzYYF5FYf1dpDX3r3E8Fhqe,1216,1000,1000,1000,true
993,4gLzav2VkbhUR9vhW1484UqWGJTFAXsCKV5ryGB6qcir,1214,1000,1000,1000,true
993,EBBxpdmfsHQ5ba1cjZuRdVxXKDh9qFPVsArYpi356ATh,1208,1000,1000,1000,true
993,7nVRsWmhqW6PSGGPu16KLpz995YPjtoLJ1hboBti9BB4,1137,1000,1000,1000,true
993,4WaGbmsEeqSwjx7qqxsBHb5stmpiYG3yLs895L8Z4Fka,1179,1000,1000,1000,true
993,ArfHPt3eWqZx5uXuibTkXpkPZbMQT97vSLEzaJ8P6Huw,1173,1000,1000,1000,true
993,8CpxQV5WgWqcCJV3NvtEDjzwgfjfmnRnkC8KxnUus1V,1213,1000,1000,1000,true
993,HQmmK4SroGZoRLxMHMoPaYyJCeHPY8X8P5Ux1aJgTkSC,1132,1000,1000,1000,true
993,28oMHnXhWmTkD7zeGTxk3yL7TnKZFtbbB78xbMeb5b9u,1188,1000,1000,1000,true
993,GvsrBksQPReZLmcjSFCh4yNsYbMWMVysks8DBh7QN9cr,1184,1000,1000,1000,true
993,3v3zmwprLRR7QxyvNwZSs8WZNNVuqB37Z1VNZTR6Hts7,1088,1000,1000,1000,true
993,Fcp7qjPTWyAs8dL3k7uhhJMDHzsTodaUjdNCrT3zBsyW,1172,1000,1000,1000,true
993,3Bz2Y7HZZwxRzyE5ziU38odBZNuHp3motQ664w8qJEze,1171,1000,1000,1000,true
993,8Bm7D8L3HoQAjUatQX4XrTZEraMywMkcGGAPucUK1xT5,1163,1000,1000,1000,true
993,EZZBEMLjaWayEg44cWjqtsjLcj4P8kGRXUsFZoWcboYd,1149,1000,1000,1000,true
993,ADSgBU1296UWduSvJ1LmRj3Qvyk7P2rJXtk5xoBjErfz,1151,1000,1000,1000,true
993,BghyJSRjFdnqXi4S6b2FY7QwT2MH2tM8vbCxycCLQ3fA,1026,1000,1000,1000,true
993,CHtoY8b5LgZC28FPaZASXXBbcqyc4NoTm6nMEAASEzfh,1201,1000,1000,1000,true
993,FowpVPZskHzZtyHoGKNKuDXXGRfg3EKrzUvu9z57Fiaj,1185,1000,1000,1000,true
993,BthuLXpTtKSvZpKWwwJQTJ3WBmf1eGdgFNTNYyNH3QwV,1154,1000,1000,1000,true
993,BHYcWU3zXjcmAJKHhnXuta9uRVgTn8VNDBu5oHSEDQHw,1160,1000,1000,1000,true
993,4NCuJ7w6TGAkt4Tha1aN52kixwrG2cdSMwph67ASy6c8,1129,1000,1000,1000,true
993,Gts9NJn6m3rKitDSkWe4wWQDoRxNm3vEruk99KBRphxo,1146,1000,1000,1000,true
993,8JyABye1EGWK7Fahs2a2xceX9cPB2JiUSnJDLfwyhWzr,1118,1000,1000,1000,true
993,Dt4nGPpgTwt5cxyHNnRT3ueXjRs5aXAgThyncqefN4SD,1158,1000,1000,1000,true
993,5Y12jeoQqPGtQazeT86ubpffieKydsfa3q8kGySMxEjy,1153,1000,1000,1000,true
993,54SzKv3nfFhpfTz9nqc9vKETWXLZXDPDRTSiXuGATBJq,1106,1000,1000,1000,true
993,4afjWYGVzvHUtMfDkzfAC8bafseKDXjYMxnpacYKZxuE,1150,1000,1000,1000,true
993,96BJGrKAb2GXbCoTBNtP3SkuHGvnbAAxnp2VC8pJQYRF,1147,1000,1000,1000,true
993,3wJnxzV9K7pDXKR188EBoszEdgibfaqY2Yxb6kvtK8vt,1140,1000,1000,1000,true
993,56XFzsCDHPbM33TXaj3uHqW77wQWUX5Dv5Lp191htdtj,1103,1000,1000,1000,true
993,861zZr7uyHnTBqixUEJ2jryBu312tpyfRqA6NxFJYwSx,1142,1000,1000,1000,true
993,hvxnTkBNyAeuHZgh2ruFVMWNYSmbxQq8MGaarsTk4xm,1145,1000,1000,1000,true
993,3vs34ny2cNQ8P9spVH3i4zfsZuzcHvqVPinxciZD1mum,1117,1000,1000,1000,true
993,7XNf8Re3N21NRk9a9t7jX6wvXYCYYegN7tPDy77hASSQ,1098,1000,1000,1000,true
993,EKGbw8xGeqTBcZC35zjQHakLsW3JZwQr3CbqBciRvHTC,1089,1000,1000,1000,true
993,C9NDaQVfxpZfUjAnapUHAZUbRHzXPyZDxi3vs8QfYcDk,1133,1000,1000,1000,true
993,GPWuehFtrxU2BpH9GPERRHN9AAjZW91GgPafM4c6c86k,1050,1000,1000,1000,true
993,5bgEAAwa4g99Q7qnmn8ZRi3sxicZRh2pZ9KjZiZpT4zK,1110,1000,1000,1000,true
993,9LJps6XNyXVfi67wmbCsyzcmAVgHos4MLizrhCuikaGM,1127,1000,1000,1000,true
993,EkqZrkqpTJvvWRVdCmWKPrisJP7HFj68YyCGNop1QRKk,1135,1000,1000,1000,true
993,CpSK9vRKy8qYTWWPrzHp3J2hhUv7EjvzdEodcdgMTraT,1082,1000,1000,1000,true
993,GaGbz14RiGjoSZdQUhjiF59zBGL8k4nEQVk3f5S7PVk1,1131,1000,1000,1000,true
993,EV5Rhj66ycPeTYjy5zkEGZmbEBg9q1XiK1KXSa77mTX2,1093,1000,1000,1000,true
993,7RQDAvffpd5NMcousVLC9vN1Ac3SSQDaxi4eXZKq9htc,1123,1000,1000,1000,true
993,BDaBTDiQRhtp261ubnM4cZYXk9pwAeZ8AsMNQiBkDYaf,1115,1000,1000,1000,true
993,5cUtQjgv3hqJcyBGd8KX16DjQiqnk8MbRBP3fFjorFH9,1122,1000,1000,1000,true
993,J47nANjcXuNmvdQgZM7zzziZjaL5CEfAYki5MPZQ5opt,1136,1000,1000,1000,true
993,9DNyPcP9z3n7Cy7GrWD8W9ddDbGvMbh2tFoygb3anVcG,1126,1000,1000,1000,true
993,Hvnn9BhRizYMzQTRK2cVHwf83mr7Psm2dG6pCGuwbDZ3,1076,1000,1000,1000,true
993,HQjJuiFpbiheK4BFwAPLUJoHrB6brGVo7prmvER1DnSg,1104,1000,1000,1000,true
993,Fj8HrxWkxBZRhpBGSfoYwQW4HVthouuMxkAvRKBWfdtM,1109,1000,1000,1000,true
993,9p7kifsyY2PQEm1zkoYUoBcu7ipfJeCNLCm3SmrxUe7S,1105,1000,1000,1000,true
993,6h9xivBSt4DATQJ7jyJF5hVDavVPHJ6xYQuoZxnb9bx3,1084,1000,1000,1000,true
993,GL9UKwo8MC6194Uy3oyGPvwXR5jvU124icHt8M7er3ro,1128,1000,1000,1000,true
993,7mr7F3M2QQzPDpuiGeC8Sg58AqJLEfcd15PeZX2GxeMz,1125,1000,1000,1000,true
993,AiTydfmWeNWbyVt6M9GHX24vd73EdRaBP7C7LiqCDRdu,1077,1000,1000,1000,true
993,BqgbJkxrtDG9eDHKUEcn6jg9o3Rc3jB8V4S7PNf2xCtq,1114,1000,1000,1000,true
993,EEgunHyUatpHPenw87AJyfXQ76ktrm2JkVGH3iqUs7TB,1113,1000,1000,1000,true
993,EqKTbjnxecfJr94BbYiDetE2A8Gv4798VL1fayW6oR5Z,1081,1000,1000,1000,true
993,FXznmVVpu9x4XXDQ4bmDrEUJKbuMq7aN5Fhoinoi9NGx,1095,1000,1000,1000,true
993,4VrWqYC5phxUtvMiT3667Ab4SqLExfUCM9uwwu7Khq6k,1087,1000,1000,1000,true
993,Bfy77ncAQJax4FTr2xCHQJyxVQ2xrgv17aGmYNScV2hU,1075,1000,1000,1000,true
993,6oxy2NY4pKYD8MF6uUfPRwR6GHsqbB4yGJY3LVrSBHhA,1100,1000,1000,1000,true
993,3e35of1zLxMNJqyhfmhtjSqEJ5oDtFaYk5ipqzQr9xzL,1038,1000,1000,1000,true
993,3dhkjVCrmGrH6bsfUvzhGPTkLkse1rC3Dtg7xu65XfZW,1074,1000,1000,1000,true
993,9qiNTC1aJovU5odjcN7oGgVv2oSxf5VkPxc1w2QfJEpd,1096,1000,1000,1000,true
993,A7xT8czNe1d6vkYxN9mASyJ9sAEy4dvaynZ7FDcDvTtU,1022,1000,1000,1000,true
993,AUHvXmfSwLetdV1SizWB3J7pu2R9udpjVMVKmqScjMbb,1083,1000,1000,1000,true
993,Ae5rdeggprDVbnobTtRexinhuRQREDV3V4isEipivAHF,1021,1000,1000,1000,true
994,i39bB22WX2fmY26xiKJeqzPqEB2r1KcZp27LPpRmKJ6,1148,1000,1000,1000,true
994,DU3JvkCdWzgUG1RLMK292ntT4z1hZof2qjD5Xt7n5RfS,1041,1000,1000,1000,true
994,29VMjj5NKvBxvedCDmBK9KNUcvpotjvVrgZktK2A23Kd,1254,1000,1000,1000,true
994,Hdhx1sq23VmwtQjdz7p5rfsTtsadnAp6hxYzK3SBVQtd,1138,1000,1000,1000,true
994,G3e1nhtAvdh9pANRZ6exifGg1TA3h3A94TL75tboyWtg,1005,1000,1000,1000,true
994,6wETfig7wDivPYsUwYERnm1TPt7C6MyH6NrUBGMrXCBH,1240,1000,1000,1000,true
994,5uWNCCFehvbTBrUdvCGLRMzEAN4FBXc6BFM3x4pVmA4c,1108,1000,1000,1000,true
994,6rLRrEFnVQrjPgDkqhxvmqXExdip14k9uqewiMW6TjZ1,1297,1000,1000,1000,true
994,51qZjhLEMh7q6zJCPozg7FoT7eqqYB7hncNwXs6t4hUb,1280,1000,1000,1000,true
994,3VNzUTH3w2rwgw6Lb7ARMUJBZ4JtEc3GXZKburAFwPV5,1224,1000,1000,1000,true
994,CTykR5GjG2WkEERY5iTVFGrFsScXX1ocvsrpZjecdp5p,1144,1000,1000,1000,true
994,HjR5k8ZoW9vAPDXUebVvwm9LFoCfLBActJeg1JP3AHdy,1219,1000,1000,1000,true
994,6XvstHMX7vkHi3EhkQCDjugfpXBMJhfu5X7rv2YKKyMb,1200,1000,1000,1000,true
994,8R86KtmxJhVybbJaEqf9ZUTaEDtMd24uvGszrG5vwPzp,1086,1000,1000,1000,true
994,5g46ctUtbdwwyUEY5W5PFbSC6HHtS8bxCPnJEvMoD7Xv,1198,1000,1000,1000,true
994,Bk8BiUJ8GX41PbhazwfGH7ju4MhbXxScedSzEiy8rgPH,1090,1000,1000,1000,true
994,GxJYM66ydN1dmS9omW4KsdzF7354CAsuaELctYg3KL3P,1170,1000,1000,1000,true
994,BHwKxfLriA4QYZgkrJprXXUCXqYkHbXDbSLDv37zkmar,1111,1000,1000,1000,true
994,Fi5YFeD3HJkSnVfuYDgVruXVxiDPrhJ6hX2xZbwWgt9t,1079,1000,1000,1000,true
994,4vrffR3EpimuFDMZuL367xkGownBW76E4ZFL3ur8hTFx,1097,1000,1000,1000,true
994,2QYbmoMAbHpm8aviWvUwu1MeCmXRgdqgJe7bByX4fnre,1080,1000,1000,1000,true
994,HKGVDxZ1HFboPwWT4MQzReZ6grJV8fxobtWuvfu3QjWa,1057,1000,1000,1000,true
994,2xgFvd4GtzHwai8eNGUWyoE8fJUtatokxcQRo1nL4VdC,1091,1000,1000,1000,true
994,26BmFTeUe8tp6EZRpKUK7QZGQVyjZQ9DJJuLijUaGG8v,1058,1000,1000,1000,true
994,2DfDgBz9ssQqWySgMm3q1NyhHTK6gyEtqnYsDMUafkV3,1015,1000,1000,1000,true
994,6rjufvMtyQwGvwVGd5yzDD4Xs4n4kvJKiQ7AUpbew1ww,1051,1000,1000,1000,true
994,EcUx796g8X39i8gCJok77NPTLB879WJ3TaVMgZHLRLfM,1039,1000,1000,1000,true
994,G6wUBSwwuALKLF6GJ7MKA6Bfx2zTYcZc8a5UtXCy6mnz,1034,1000,1000,1000,true
994,4NiVF7KNNt453UVY1Qz64pT18AEkzbHobYkFGdTEbNhQ,1278,1000,1000,1000,true
994,2F2AbPwmtcbKbUEMtLj1JkEJkHkKGzsgMQbvyrZuB18p,1295,1000,1000,1000,true
994,A9L1igtZBsqQrsdjgfbrmHQWoRBWJGWtyShSe1FZy3hw,1269,1000,1000,1000,true
994,C1mV2g9yedGByDPpHW9JuQ2QBic6rtmrbFNWD9HRQD1P,1298,1000,1000,1000,true
994,8k5xaXhUJ2HZy511Dh46j1NUNhGhG23GB7D2y2XX364R,1217,1000,1000,1000,true
994,2RgXmzrc5k8UbfeeukV4gHQv4FQvQCsE5KkYB4mpNZZY,1265,1000,1000,1000,true
994,2jtUeftk129pMP9MPPPgAZVtANo3mgFXPG4qFiXRdzRh,1215,1000,1000,1000,true
994,AwckS5NY3BBkkwyckG3gt1VvdAdtapGxuBSvg5WaDGrP,1112,1000,1000,1000,true
994,KfFLJ2BDJahXrfaRcbYwtPBQHmsR1EcGaN25yj1uqpH,1299,1000,1000,1000,true
994,GXqiZ9ekvBrFHoPxx9HG3yJB7jHpgEgrxitzUEqc8Xm6,1268,1000,1000,1000,true
994,5dY5jvNkJ4RgTA7sxtzHzxpbHALqpPvrWEXf2BuE4Vo4,1264,1000,1000,1000,true
994,TYBhva23Y5iTsHVeVmr3kgx4smQCzWwNBgRjG1aPBjh,1294,1000,1000,1000,true
994,5JrSwgska37QKzxmPi8hU7uhGv6zq5hzDw4DN4a84fJN,1289,1000,1000,1000,true
994,5uVFtNBokNH6SxVxCQZGkKSeXBowodUpPmRS6iAgeSkY,1272,1000,1000,1000,true
994,4iGBatx7wLtdQXA41aku7vuXA8cJnzqig3NDeEobNHmJ,1270,1000,1000,1000,true
994,EeL8QLPxsmae5x32EyB5qB2AWSKeR9uM9Y66TAEe8eiT,1282,1000,1000,1000,true
994,B36XxWaN3CFytddmDh5sefrktw1jNAviummhBjoain7k,1121,1000,1000,1000,true
994,4JdNW3yPWLGJF94CZbEkfMWgi7VSxkKE6vg1EqBgcTaT,1152,1000,1000,1000,true
994,5PH99Lvs3uJozQTJSedkJem4w8vU7b4hWonKK3RC547M,1276,1000,1000,1000,true
994,H2tAFDyk1fSEBKG6oSQKBr9BBzg1ePKPZJH5q1XKekW1,1081,1000,1000,1000,true
994,DcXn6u3es92oxNtmKZUBPurBKs5kJSmvp4VWm6L8hTFv,1124,1000,1000,1000,true
994,CexiMUxTsEjBgU2sJTzAghdqSA7uyBWduPZi7wxBUd4G,1008,1000,1000,1000,true
994,4rtEaKTCLPSRH2nainYyzbeg3WxNb5C27rDsUJZFU6Mq,1102,1000,1000,1000,true
994,C9fmMip4z7TFE2atfsFLCLhqffmL8QYJrn8jTtsAc2Ch,1169,1000,1000,1000,true
994,2wy4qzdK5qbJZsAC2y7DKDWJcovkVyT9qTnpaoCrC6Fb,1210,1000,1000,1000,true
994,8m9txVmunoEwvz5wfJQDK6DhndBAR2qRrEaX1vB91ChR,1088,1000,1000,1000,true
994,2vGWkB6jtGWgyRJww12HgcaPqXM7oMBobzpSwKRycAdJ,1110,1000,1000,1000,true
994,6Wk5nQajAt9EX11DtmGbtycYVpzbg55YASGRumowZg1D,1108,1000,1000,1000,true
994,ENexzHv9jy61NarXw8JyZqi8a3tunh2d5vNwBqMnqMHL,1090,1000,1000,1000,true
994,FEBicJJbNCB6RKDnBqj7fwvhGvDm4qusXremMQe9o5hi,1166,1000,1000,1000,true
994,CkxKJLS6cLJKxAGFQmojkx4dBBukjWceyaQ17cUbn2sU,1036,1000,1000,1000,true
994,XGgMfP1vcqpW8RCTBJEzotg827Dpe6dTif5Q3Fgqgx5,1098,1000,1000,1000,true
994,JQNz1ZyrBR8fdtRv1aYUiDbYZMDWBGuox72SLwE8HzE,1064,1000,1000,1000,true
994,H6qMifF4xhjGyoXZye3zXr6eLSUCVU3LpTgVvXBEZeU8,1103,1000,1000,1000,true
994,99DWhybjmLH6iUKbAxAEqMXJienwY6nbowSgNntdzCrx,1069,1000,1000,1000,true
994,8FSuUbfeQvZ6NGdswsQHi1fUBtJwU1crsRaa9KmXMYUq,1262,1000,1000,1000,true
994,7FeQn7CBiQkLiTXc7vrJLqCBor4JbvmYogvYs7djh4vA,1101,1000,1000,1000,true
994,AUu6LcHqjpvosxv2TBEv6ZvzZyjhKpYS17QF3hEeHDdN,1165,1000,1000,1000,true
994,3zMvJ6zZXjuRPd7ft82BzQhLxtMAUCDn16jPsN4QZmNL,1159,1000,1000,1000,true
994,YwjSFg1NYc19JbZEr2fdoX4hkoXrMC8b9Xu8J8qBfg9,1109,1000,1000,1000,true
994,ARcgSgCeviShPJ6yK4EyrZ9SYcDzvc5zcJgbJyVxZ7Wx,1107,1000,1000,1000,true
994,8X2mBe2z5f6HnE3Lb5LFc5s6Rn7JsNHX7x9zFYiwrtVR,1107,1000,1000,1000,true
994,AyEVoepeHbG5iSZdif2LFzrXuaD8jqzi14HpApJqio4T,1097,1000,1000,1000,true
994,J36cM3BNCqKreFujK2o6BDywPZN1JuDMrSvJddQqQKCV,1141,1000,1000,1000,true
994,83D1viNacKTR4C3bkY3D8xNWBJF5p19KUCYuMzc6A5kf,1083,1000,1000,1000,true
994,7mWrEfvA27t1DECREZapyzsPDnGW6AkGkx1dBmaHSdQ3,1087,1000,1000,1000,true
994,7qE4x7MZguJpcoaZykqVnmKVTpibo1diY1EXU9iq6kZy,1092,1000,1000,1000,true
994,BzZvgvQWSTTgkWZUPByvVw6L8QSNt6GaSx9EvswcuYK5,1102,1000,1000,1000,true
994,CQCwoYz4dgDFroScCkN3WhTmjgv9nWaGJngZRMLCZGxM,1094,1000,1000,1000,true
994,HLV3Z9ti3K9ACYrwchfDzHiw2EJwiyFC4mnfKn6b3pr7,1011,1000,1000,1000,true
994,HMzfaxR5iRnCH9EzTdarD1UWTvr2qavSnAtCZaxPqPqT,1055,1000,1000,1000,true
994,PdvLjoaX68vcqEdL4L4RyXau6BgUMoQa3wrbnHSk1dC,1078,1000,1000,1000,true
994,HmWZAjSs1jssZcKkEh78UfLLDQMehsgPD77aJnN3nVrp,1067,1000,1000,1000,true
994,Bk96eE393v8fre3GCpCuFfi7r7FFDMChmQGcFrEC7Xof,1074,1000,1000,1000,true
994,28D2db9AMcfRNCAXPGu7HBpDY4iXb1ebG4ZcBruCdL3H,1086,1000,1000,1000,true
994,GMuQmrXdbtPX8HaUQgqPsKAdA6vakoXN9hVUfqGzqB41,1077,1000,1000,1000,true
994,956Q7jh57w6rbTDEw5wYRJZsZcvmWwM4tj86YRpPHCpv,1078,1000,1000,1000,true
994,B314vevEd1WDzaXwGU1C6wY6K4KreaBSYPnG99X8GQ94,1072,1000,1000,1000,true
994,jdzn4NUjXhFzYcknjJtcBoLtnRRUsr9LjZRY9gmoJD3,1084,1000,1000,1000,true
994,BaEHMbnELk5xNZGay3kpJXgVN4vXTXz1CQ1CzfiPoHai,1063,1000,1000,1000,true
994,GvdRnLkB62MXoY9PJxvj8ZYrr6dP9bSad1A3uGmkDpcW,1018,1000,1000,1000,true
994,3B4BbPChmfRPV6Xaqv6bR1sUKSvhbEdJsfS2gtwKYDHa,1075,1000,1000,1000,true
994,CtxtYHr2K15frouFkEzkNhW5vrsFBsh98mXb6e8EuFze,1050,1000,1000,1000,true
994,9Ez8MTCWRrak7GetGtWeCb7aBqoyztchVz1snxcyXUcV,1085,1000,1000,1000,true
994,BfWExmBpVhgW5ZgVVSipxg2JYuCa273MMAtKmrrn5Ftu,1085,1000,1000,1000,true
994,3sGQTvurcQgPAnuXtZ6XrC64zgMYDPtYsLSrb2pX1wAa,1079,1000,1000,1000,true
994,25bqhhMN19ktQktPFt6T41kiVb68hHZkLAMLPHpLifxV,1067,1000,1000,1000,true
994,6QxBA4faPMsoyNux55xRtPMFmx4SDniVzmyS9JufAxa7,1066,1000,1000,1000,true
994,DcVue4LGkoxqpQvzsZGCBe5YTCCPQa8BssfYj3ZL7Phb,1042,1000,1000,1000,true
994,5RdF8jgubR2NAaofyJNbkjDEgkRWhBqpYpNhQsD7bUzT,1043,1000,1000,1000,true
994,FoBddsiCUmLA4zXBG9FHBMsKWKRqrvtXcPT5Z2kQ1VkC,1058,1000,1000,1000,true
994,AcYaPC6L8EtEQnsaycNrxPNLCS6UFPTkUU9h2PkJEo6f,1080,1000,1000,1000,true
994,GZYDmZ1xYgBTwCRmfxKCdunPVcYh758CRDqKsFKNd8k9,1065,1000,1000,1000,true
994,8TS5LDhUcmzMirAr6wQJK5xwa7mnfzcW3UNdmqsxDFAu,1063,1000,1000,1000,true
994,QLEMgggC97KYq1B2AQuYUPVXYBiSNzjBaTvNRQ73tmX,1037,1000,1000,1000,true
994,4b7BjrNuyFa2Cj4ZuXHpuTht8AjVPUhoE1o2sY55GVVY,1049,1000,1000,1000,true
994,E9oTp4QaYx8FCytohv8jp2Qgm6qFaLUd5J8vNK6yCNEU,1054,1000,1000,1000,true
994,suaiCCknYLmUeiNbWE2cBRNtNdz8L4XdgWzim6W8GEV,1039,1000,1000,1000,true
994,CXgBLby6tXx3eLn7qLK3z9eWHAJrKjbdHn5fhQ7cToPE,1035,1000,1000,1000,true
994,84XkPwrMokDcEJM9Lvd6GFVjtTtCpYj3eCauwMADMxkY,1059,1000,1000,1000,true
994,BDHvYiVaUEZr92ay8ZueQguvVotxDtsPDJECkWP9tvnZ,1057,1000,1000,1000,true
994,3WFjzPnYheWuVfa7qSuktXCfftmX5WpUHmr2tQ18Kjdr,1013,1000,1000,1000,true
994,Gx9HPqcweWSLd2tcBCqVWCuyJMFA7mLhpZiHCngsotZR,1031,1000,1000,1000,true
994,D5VN4iWYxvpJkE6mkNZmh4VEp4rMBUhi1MrPaVQF3N1y,1026,1000,1000,1000,true
994,3ubM2HPQQmh8ajxDugyfM462ZSW61ztdNb9u2L97bpga,1030,1000,1000,1000,true
994,5BR2rXQsPwdom1abzcLox1R3Xd5MRWK9zTXwxALfyYAN,1029,1000,1000,1000,true
994,8175PFozaFCKSy3cSf5KwVXZDuaoviWPAevL5g7LKdd2,1028,1000,1000,1000,true
994,HnMg9dDtE15R5i26SCYD3vCYU93vzP3jyyvHC6tcNKG3,1056,1000,1000,1000,true
994,EidHhGaD24tUY9ysYmfW8dFScQiBYYd7TESK2Ak5cbJh,1033,1000,1000,1000,true
994,8gauAECqdVqTB6dHVQVNAg3LRtM949KJPVxtWV3AfMPj,1001,1000,1000,1000,true
994,EGGD6YqRRkLZA8iR4xv55ECFY1YzfMoyHzktmwJKtqkP,1053,1000,1000,1000,true
994,8ARbnM6jubrjc1kBzG4FA9LvVc35KyJokxE1DuzxGTif,1035,1000,1000,1000,true
994,yQzdvmAdLcnZr3TvSYxdCchbWVrwfFdj48MhMgLYfKC,1023,1000,1000,1000,true
994,6qDGfw8gyhPMx3kxXKNC48fSR74nYTFsgyeNUYWsLLPm,1006,1000,1000,1000,true
996,FYPDPrAGumzAVnoCkaxeLtJAuVPuWdhpjNYem1mDpArj,1034,1000,1000,1000,true
996,5js19PsDcEYLwQVqp688tBvVtsAiYPjBvfhsvZ1T7ndn,1029,1000,1000,1000,true
996,B9qW29Yhn5pY2t5ZJ4ZciRfh5Xj2nihr7RLDQncBUP9H,1028,1000,1000,1000,true
996,4k3SHDTzYn7PPLWk5gwj9SA2qHffuxu4EC6FJsTiTMsG,1037,1000,1000,1000,true
996,9JVu3Z2NoGKNtUv224J3h6xveJhywsTs5GNFbs1w5gBB,1033,1000,1000,1000,true
996,EDJu6w8NRUuo3zWrfiYpXnSWt7uge3oFD5MQvQB5DPr4,1031,1000,1000,1000,true
996,GQMdoStqc2K4J5Wr8yL1dku7XdGKV5hwtASPFAepFxq,1023,1000,1000,1000,true
996,DqumdfeHwF5Fghsh82UuDVf4Duiaq3iGKbHPVzDfCQ6w,1014,1000,1000,1000,true
996,4XA7jgvP6foxCpqkNQXoA5dFQzN2p8zANTTSHcGarxHb,1027,1000,1000,1000,true
996,4wydVBDYA9ixg5GELC9Zdk2zb9yiZ63EJtV2nPd2xiA2,1017,1000,1000,1000,true
996,9SXDAaXpWHEgWqhiXZ49NMZUqp1wjLpPwmfUvNyFSBMf,1022,1000,1000,1000,true
996,AUTSmRPpcudtMDHYmiHEhmVqTddB3MXcgwArBCZPyz6z,1018,1000,1000,1000,true
996,9jpt2QH6GJ7mU1GZ74WZwjPGUbwHc2rALEK6aSbMncwJ,1003,1000,1000,1000,true
997,9PZxwzE7WTSTpAGcULTjPni4Yap9Sm61aiUffLFFTad6,1152,1000,1000,1000,true
997,Bb8E8LHgKYHwB6YrGHL51Az9C6Lw8Bks2Xezo6zPv9Ex,1156,1000,1000,1000,true
997,8FETVWPDZEw8BLZrYhvD3sKt68U5unDBrBene3f93krX,1128,1000,1000,1000,true
997,CVVEz4cT1svtqKt4rt2syPYYL9g2ZvumxRpbFmSE2iq8,1118,1000,1000,1000,true
997,77Er3hWEcc2uNq5zy1sZ8rgjonzPowJFgWF5f5GVajiy,1108,1000,1000,1000,true
997,46VpaP2mEdon7CPDEReT8L3AAUqCLcKWZ5Ejs3bMvztU,1081,1000,1000,1000,true
997,2uYXhfoJm2mCB3Di2dxwZMf3B5tAkpeoZ4tjd9f9KwGm,1119,1000,1000,1000,true
997,936FmK7jwLZEnDfBjRPmJDPynX4XHzYfTAnamFb4CWRC,1110,1000,1000,1000,true
997,GjsA9nVuf1jzbA1HwGf7DaawZV3MNZPSGAsbCMiaoxJq,1069,1000,1000,1000,true
997,Dqk2brRZbLnrcANV8XcK9Vq7Dp2hV8vWGwnZkqYLUQzb,1088,1000,1000,1000,true
997,2r8Agz7VDdMvaprFJtgG3Vtyif3MXFiaJGEMXi7rK3fg,1062,1000,1000,1000,true
997,GMGQoLEfT7TnZcLfrvJBdgQC4VDyciXYoYo61oMyg416,1096,1000,1000,1000,true
997,42MTko2iwDh2XAgm2XXeRSGNf3MM6ZdvxAsDW6Ng5p28,1090,1000,1000,1000,true
997,7jWfkQ3PDr4GPvmmUFdTpVea13vRhfpz7rxPZsnMc6t9,1116,1000,1000,1000,true
997,BtzepmVC3tttcuQLiiLYYozXe6EeZvqcCR7DiToiSVsq,1116,1000,1000,1000,true
997,9pqFhwEBWMzfzSSiim6m8kV3xBjPk6mHAEJntrFBnLWR,1154,1000,1000,1000,true
997,9iC86twTpJEZeCpkqtdhuhr5A9EgeRby5tyKixtAZqzj,1146,1000,1000,1000,true
997,EM3BegmtxKwXCuQnrne9mF7tf6KFXiJv5GD2AyhsRGE,1133,1000,1000,1000,true
997,DisecQpHXcTyACRko7AGb9T3B6GDvuendSyad2r46dz,1137,1000,1000,1000,true
997,C6DKN6LCvDrwL4pGzPm928eJqYX3zSVkekC7xv4v5W6,1117,1000,1000,1000,true
997,7Yfb6WXzddF23Z4v6FFWbz8JFuhqfpfSnKbkDEDRjvfZ,1098,1000,1000,1000,true
997,2Gh3J2QoAAgApUwWNGHikMTuUW4FpwCkuj9op9KE41zP,1115,1000,1000,1000,true
997,EMo91fJoJujRuWMJdRX8ERE6uCS8dcfqjW66MUwXfwKS,1089,1000,1000,1000,true
997,GkjbruJeJ9KPEZbEzmo6nuggLKbxaoUZHsaFdWVmPpQz,1115,1000,1000,1000,true
997,CTgbeMhbxp3ASTU2gwaNvWfhAxmwZEo7UTQsQMo92BDN,1103,1000,1000,1000,true
997,4Lfz6WbnzgZtZhJWgVcNjrmaT4k1MHCdN4oxxMHptgmi,1117,1000,1000,1000,true
997,EJFFvxTbpFeyvTUP82cnMuTjEX3XipnYZcnPvYXpUVPz,1109,1000,1000,1000,true
997,62tfhQinyH8TXGbPqg9j8tsy9ce6A653oKWF53WwB7wE,1106,1000,1000,1000,true
997,3iub4AjffXyWSD4eTMJwn8nARxfvrTQfASQJAt2mTiVA,1113,1000,1000,1000,true
997,EMJmSU2QpfVCXQJGzgrwKFApsUMQovP9wzHJCfv5Z5h8,1113,1000,1000,1000,true
997,5ZzbnKYbzVjPQe1yGdx9NpXTEqZjw3yXQkpX5bNsYLVK,1091,1000,1000,1000,true
997,9uc7adYGBDN4DRCvzKxH7Un5kbnosikRnyxUPSkaXLXD,1112,1000,1000,1000,true
997,6qLYh7oxNdPPL8ojZijPhzQVtEQJUXt4qukZJcpNBUH1,1111,1000,1000,1000,true
997,BLZhGXUc235jut8sHTWvSqTTN66Gq9XVH7FbsqhUSuXA,1111,1000,1000,1000,true
997,Bywxytx6BHhxDbEaRtLFpykimndtdNhVNurkTUuKw7Sm,1086,1000,1000,1000,true
997,9wMyi4dXUQG52CCaNVikxZpn3rz76GeYrSodmZUqXNV9,1106,1000,1000,1000,true
997,8qojjTq4GJi452Z7xotVBCqdQQ9As6aLWW4i3YTkLbTA,1072,1000,1000,1000,true
997,DBNX14SzUxMa5jZY4ubPB937yEvvuGL6wBawCKNZSw9k,1095,1000,1000,1000,true
997,3skfXVAUpo9X3zZ8bqHNYKhb1GMvfy6wR9VKgJ627u63,1056,1000,1000,1000,true
997,2m1TpecGkv6V6EZBtET72fLkvxePhuF2ekDKtBBAwtWw,1079,1000,1000,1000,true
997,44kqXdkSubt233cjTvacTM4Pccr96cNeLXfEmWaTVysq,1114,1000,1000,1000,true
997,J6scQtWiZAFmwyu6iNwj69ukW9vxMN9x83UuDSve2GJY,1114,1000,1000,1000,true
997,7G9fFa8gRBBT86DP5iq6yaP5D3wasQnvZimt8SaLup2C,1084,1000,1000,1000,true
997,57WrKSyGRL1LwJm1rV1V5oSfvo2pDQgGrpjU4X6xmZQz,1105,1000,1000,1000,true
997,5wdMeipBip54dygx8c2mvbBvMSDPndbMhtJWfh1nejZi,1105,1000,1000,1000,true
997,9VcWgb3gazmEqr5qQVKcHkhkM3skAKDa29QB55sca22E,1052,1000,1000,1000,true
997,6WEeVS2LnhjqVn8pCA1fjR3oL5csg9xzyam3Lc5kWV4p,1107,1000,1000,1000,true
997,6HTES5xi26MV6JyEXZ3mZd2fFAa5tgVyhdEa3EXfNqnf,1095,1000,1000,1000,true
997,J6resn24ZLuhjPYxrCf3UND99ZBQL4gBBb5o2sVUWz5K,1094,1000,1000,1000,true
997,6bpsQGhP93MXZNyCH9Dd22TyE5qxc76Gp6kVtardpxnS,1094,1000,1000,1000,true
997,9rJG16XukE9YPF5jzxrf9fpiERD3HxuuVNhVUyywf95F,1074,1000,1000,1000,true
997,Amrnf5psXmwH3LPQKExfNRRm89i5NrbXpsr8iLQk1uq5,1104,1000,1000,1000,true
997,CLnwyUkgfdNHtVc1prXLv6WwZ8sAzbtKDQvJ66ZmuY7P,1019,1000,1000,1000,true
997,5Kpc53XDhCMi9FsgjK9dQmcrMTVKg1LGWvd6DJD9u28w,1101,1000,1000,1000,true
997,G9aCXCtjp3wBkPpJfVApHJqPyEuLD7YPU3DKNDPLJ93j,1085,1000,1000,1000,true
997,CYCgfxiKe9CKYMuJuLRP19wnFn62S23JRzBW3WU4bMpt,1048,1000,1000,1000,true
997,qmEdNP4G1CcTrbx9iJQLjG6UBgGerQUtnwYkwyiqbv1,1091,1000,1000,1000,true
997,DX2UutYVEsCeRikHf6ZoMmkaz8d3e2NU5QFuWfMnEGBV,1087,1000,1000,1000,true
997,BxrChjDPLadP91iDCKaQEejieG9nvbCTzYyKjpWts6bx,1104,1000,1000,1000,true
997,G6YtjZs5bhHNeCayL2tAy8YDHWPFNLvtbHBWaPTJ2qdk,1080,1000,1000,1000,true
997,pv2i8rg59D3RdHC5auvehNJcgEgnBTf9N7t1jEx9fN7,1099,1000,1000,1000,true
997,9w8gZov8qSUpsQKkBchvksqHNWQimPBwdHmC21RuGSko,1099,1000,1000,1000,true
997,4d2UkGLvHTtj1PTx6jiFSCT6BuAT5cM4FjrBVaWG39RK,1102,1000,1000,1000,true
997,44FMG1KsgtrmhpmdTQ8trnVYxUXh8VWmvPnuDfT7GUQC,1089,1000,1000,1000,true
997,CZfWUkPzjfLqnU6dymaFx3gpqMexsNMAnNzpBcXBekqB,1075,1000,1000,1000,true
997,DFSt9A8Jr3xjwjnJRu6ASZWb8uvwUH1Nj4rc4VctVxHs,1015,1000,1000,1000,true
997,Fwdgacdne79ZiYL5RtQL746RMAdEX49GjESjvbr4nTgx,1092,1000,1000,1000,true
997,8N1xe7Njka2aZswhNTm7Xavtb5c3V2fyojyuu76VN8Fa,1076,1000,1000,1000,true
997,Drzoj5UQmDfwR95KrCnidTaRLtiEfLjMEa9Eb3CoXiwD,1045,1000,1000,1000,true
997,ELPJhzVvbAZkZMN8CWnYsSEnywWWqMXV5M5EteahTaye,1012,1000,1000,1000,true
997,GJfw9cAVk6NL19iwauR5FUwb8wH1isgCx8Ky3UznRZB5,1063,1000,1000,1000,true
997,7eJqFrQrBc6sRU6NVAFn6TVf4EiVb8r4Y9bT8kAAS26A,1101,1000,1000,1000,true
997,46SFTC6d4Po6E24qzKF8VbDmdj715LrZyAfbDN1qF1dM,1097,1000,1000,1000,true
997,F7JoGz4vfsU2rP8iizsMdGqW3gxdCxVvigqxPqLixGbb,1082,1000,1000,1000,true
997,HmfGJc6uehPkisL9LTL7jZEZXLTkYd3LprH5iZn8uxxA,1082,1000,1000,1000,true
997,4nRyhXWXyrJJNxZsREn6eVayH8ozdWpGS36wgMAeLgAc,1100,1000,1000,1000,true
997,CQXkUuExjJJQUSb7BuTmMHSiV1AWpL3qzijpxJGyWqaB,1100,1000,1000,1000,true
997,3K4XapVeKzKqLVyBQLsXUg5Y7PmeKvjdMKcZQyCMwdA2,1092,1000,1000,1000,true
997,46KtxRec2YGUsdM8kNTpsfLw4g5gyn8vcQtfuUkzozfe,1067,1000,1000,1000,true
997,DaTU2Ct4VCAnqwuJdhLuuNAWu69iS2w1ZD6tSYLUu8U2,1066,1000,1000,1000,true
997,FfHLJm3p3VWt52z8rPYV1AcdMLJW8Wtrkr6NXXmrGJQ5,1050,1000,1000,1000,true
997,CzyhDfHAURF2XSTqzgYpoQYwpfLTKeDBwz4RThM39RTS,1077,1000,1000,1000,true
997,4523GyQgw3X2FKXds9PGeLiv5QsB9ByVSvMP9guhcc26,1051,1000,1000,1000,true
997,HsMQ1BAPZt5PmfUmvsNQNUHvxsaNJ1PWBMFv1ecF3H9,1073,1000,1000,1000,true
997,B8y9GELJC7JYJWHRcCmVhBSHxb2zzYcMJnYDrAkCPRko,1073,1000,1000,1000,true
997,7piUsvSPjiRdtSBJAPErHX5aeGuzjCjtDUGFncAHZzvX,1044,1000,1000,1000,true
997,C3LpriZexVkHvSW384xV3mfH4ztw2wMWSdkVqD4iHMrn,1011,1000,1000,1000,true
997,9pNg2LoKmBjRyNXLHNWaFsQJRJcCdEjb5VbrKvRJLxU,1070,1000,1000,1000,true
997,Cx1Ksv7WXb4nDnEkkEvSvTg2yLm9cWHu4YUUrp6msHNf,1065,1000,1000,1000,true
997,13rTPPKTPdqpNXQcwZxtBH3rStstiAZUh1gzuoQauYqm,1061,1000,1000,1000,true
997,HXMP1UcTQUVLfEttqdQr5yHT3moKrvQ6J8Zs4oiyb8ZT,1093,1000,1000,1000,true
997,GuRjuEYjqhW5f8pFyGptyCWnaefBzPjQJGbPctuvY7r8,1093,1000,1000,1000,true
997,24tkNS9muaNhimRfi66X4QAuvVxsQpgWvNy5CkBXQTFS,1078,1000,1000,1000,true
997,4xmA9zHqd37UDcQcP2EyBx4Ld87jeX12sC6pewFiq87j,1068,1000,1000,1000,true
997,Gc9NSXdiwCCFegju61ptWiuRD57TcQPMEuxJkw1q5Jbb,1064,1000,1000,1000,true
997,64eAQS9RNDxUn13pbVxmNfAsmdXLi9fFGqPmuMPa5hn4,1058,1000,1000,1000,true
997,87gPr7HJe6KcCGDUhHcPp2hSzx55FVouMuBK86WxKe2Z,1071,1000,1000,1000,true
997,69ZffZD5FDJjWYXTjcpqvEE1A4MhqMmCdrSGM9a2odyL,1054,1000,1000,1000,true
997,82PbSDHGcYaMwyK7xaHFhCiEfCqStvJtfgQcQdaHdZ8g,1055,1000,1000,1000,true
997,EFyhHALWq8JFmmzXJpiy7gEy7ENbWXNK8reyHxhoZLPg,1060,1000,1000,1000,true
997,FVJH95NfS85pd1uzWMFoaDLju8jsNH94fKr9QaFLmjGB,1068,1000,1000,1000,true
997,GTfXp7jq3N3K5ZFKXzU4A6VT2mnbWFhW9kzAK6sJzmNQ,1002,1000,1000,1000,true
997,FY3cFp3rUYYEE2uU7sdnnBHUbC81b2JJd8obXsSK41ck,1043,1000,1000,1000,true
997,4CTSVMkd7h49UECM7m7DfqHftEtVFcyfDLRAfPHSNuGd,1021,1000,1000,1000,true
997,14Rb7n2DDBuQeotW5Ro9KmFJ3byTWPk3BVubhJfRPzX3,1024,1000,1000,1000,true
997,t8MQUvByPavjCHKveY8dxgUmfhjCvQnMANHfa2T3Vcg,1059,1000,1000,1000,true
997,2UCTUFNTB64uTzCPdmuWB8mYvBkJnRqviMPkLsMy1TDM,1047,1000,1000,1000,true
997,HTpSAMeHbd15x1bamK4gMrCzLEfXU5DvVtpEfPH8WDpR,1053,1000,1000,1000,true
997,GHJV17hj9rCBTUnCENWZFmFx714fuK6nt8Ea6oGvMKnx,1039,1000,1000,1000,true
997,GAeAbFbphGLf8878jMCHTsNnuy7HumrYbFypoKsndTM8,1057,1000,1000,1000,true
997,En5mSgZtrceGLD6vBxxJ8Rz1GPWexm5Tby6Rw9fcG34X,1007,1000,1000,1000,true
997,9ioNfU7NrhJinCbZ3Hwafr1bHZxF9hLvU1H9hZSciCpa,1046,1000,1000,1000,true
997,BWNbPdSdZXD9gWSs7BvKnwFGwv98g718PnFjAtscfegx,1040,1000,1000,1000,true
997,6RAkDQ5Cuim5KC52cHgzYLA2rkWERfqtLxdrJuTz7TUh,1049,1000,1000,1000,true
997,7HKKyPxwSeLJiYm5t5H81z8W2wqtLFmNPAyebGkwus32,1035,1000,1000,1000,true
997,J1xY3VHvmpLDsWvPnyCkSjkWJAs4nHMs4rBghTf67GC9,1042,1000,1000,1000,true
997,AQ3waKFn2cGxYe6UWYDEAcW4DicGZn1CHLSWXCVWkEyo,1001,1000,1000,1000,true
997,3Kgoc2sUNwY95YFr5cT5w1Tz3tbZx8AYrDd1yJdWW5qx,1041,1000,1000,1000,true
997,9J8GnR3iPenkNKTVPBD2nGWbE5vr6AKHXUCbkdRMubv4,1038,1000,1000,1000,true
997,EUYQ2TNDKLu9fL7yHzYQeQkQwim2ZWUDJWLbtJjaCSGV,1008,1000,1000,1000,true
997,8ujXtJXQE19ifwgLCitvQpFMZdzYeWy9BRW5vCoGtm2N,1009,1000,1000,1000,true
997,38RBrxmaabnNiDGaC6r8c4YXXD5zYeyc6jaiGYx5fxu7,1036,1000,1000,1000,true
997,6SshTzndFAjXsPg4iV66a4gFQJfaeAQ22QoRVvMkAypn,1026,1000,1000,1000,true
997,5ZYXozuhnpwuNL7SzaQDoNTFXcL3EKQxPuFais1SMUdS,1034,1000,1000,1000,true
997,GQ85coWimsp7PjXxbNmFAGJtFjrCW4Mh1iVgUgno9V3L,1030,1000,1000,1000,true
997,EuvkzvxBVZpPt3fCuP3s7YXh2ysddiQRp77RtbCKj6f2,1005,1000,1000,1000,true
997,3Ukx6hgmCJoHZTrfXSigeQqAZMbSPQGJ4nhXkLUBUZ5z,1000,1000,1000,1000,true
997,BkuQWfqqjQC24rBKzhhjntFmX8ANUKr72N7ekmRj44cS,1013,1000,1000,1000,true
997,CnAm7u3Jmb8q4K5Qb8kPkVRPCsVcofF17EqLFcUqvett,1020,1000,1000,1000,true
997,C7zbDxUBTkAqa4y76Y7Uh5Rze9mrYM37N5oe4eeCi8rr,1025,1000,1000,1000,true
997,3ZHKFaJ7VQzYT3EnbfPdbq78CpEB3Wa5Cqs83ZTx8tqK,1010,1000,1000,1000,true
997,E6TkrjZBhKxtHLK8GBxpY9rh6zr9mewWMAGewFw8SBkD,1006,1000,1000,1000,true
997,7kLRzPacSiEyVKpcPpdQW3fYq9MR9M2dMyhjTenQc9zc,1016,1000,1000,1000,true
997,69c642jSNUYp2CLqZjM9D5NyPtSG4zEFehU9gdfypURw,1004,1000,1000,1000,true
997,AmxZSf4pG3yLaCSNhfvA19ps4vhmwa8mLJdfjSBs1QrQ,1032,1000,1000,1000,true
1001,9CU9AQeE3JN92Mz4XVerqq4dzrNf1GTjWv2pVqnGeeep,1179,1000,1000,1000,true
1001,52TWVedGW5cyBYbDVw5gUoYD1GiwmGySgGXGVjZwebiU,1182,1000,1000,1000,true
1001,NZpvXbWk3JAX6BxLeBsRbwpaTEcrUcNv55RVTJunTGX,1138,1000,1000,1000,true
1001,CfVuHnfMGnxpWE4jpWZdzh87XF86G3cDFnd5NYNXsJuf,1158,1000,1000,1000,true
1001,CUEywRDa3p9RqkprwK1xGV6bySSMxwpX6xGXuWZV4yY1,1193,1000,1000,1000,true
1001,n5YuUupszc5urff2bVVchhoq4UWT2saWe3uwRcRyXWu,1174,1000,1000,1000,true
1001,EzDEkrnt8uu3R3osfN2zYED53A2x3pyGbbvZVVEA549S,1166,1000,1000,1000,true
1001,B4E7CvyY73eDmGKxBRvDqtAiQwEvVEDy8h8XQo9pCnhp,1173,1000,1000,1000,true
1001,2eBDBbWBwdBKLncTMaRQ3ApmqL2nd2nPeQ7cxE1fWXEL,1172,1000,1000,1000,true
1001,84F646tyn4eQiwfFDi5jhXZKEqeBsVtGxZQJJycHzVeU,1170,1000,1000,1000,true
1001,EgVRe27uD2qBdB5S8jX8JU3UpvDeHBD894n2tvzqDLFu,1180,1000,1000,1000,true
1001,9ydBQmQ5jfiuTjbfxzUvuZziZs8LAxGjhtBRFnWUjvr2,1163,1000,1000,1000,true
1001,6wXzgsRJ7YsvtvUbmxefve3EHgB6hgXJWQCJdKzLMtCu,1136,1000,1000,1000,true
1001,4uekEVcinCe9fbctLVWFv6znWj4f8mwYZEjz2KcTuHkW,1155,1000,1000,1000,true
1001,3N7cA3rDJ5wG4NBrb1fFGJN5uDVr3NGVLAfr74Fm2F2H,1149,1000,1000,1000,true
1001,29JkZZinSoZWgAkcj7pLfHfwHbDYypVe6gXxjGuFUDeW,1167,1000,1000,1000,true
1001,9DJSprCU7GsRTzM7KEqdKZ89pnZsoV8iKUHGLc8cfrDR,1164,1000,1000,1000,true
1001,GFdMzD4nefPDYUa8njKsotyjbTEn8oLGjMMTyKsMGszh,1153,1000,1000,1000,true
1001,9SqPVLDpjv6Pt8b81XxGxHVc881Y5xzbR2fPXqU2YJrx,1122,1000,1000,1000,true
1001,DNZRF661Mt3mAAhCJnjTKipQCsEYbGbd92Jtk9xPFDQ2,1134,1000,1000,1000,true
1001,Dfh4rJqUN9D7mwBFBhd9cKnPnyVCop5ac6UDAY2ceCr3,1123,1000,1000,1000,true
1001,6ibhc3hHGxJoZ3VsdidHBk29avTFg3oV9Togn5YaLcra,1148,1000,1000,1000,true
1001,F3Fjq3YDtbRXMTv3DwGrfDfz6LCZZA6Fvs6BnGQcfNAA,1141,1000,1000,1000,true
1001,5SJZkzdcTc6H4XYsAsyNznAnsV4d16hytWaxkB4ob6dW,1157,1000,1000,1000,true
1001,EkaSXLc5vs4M6BjWSmbHtA1uYsdpjznwBhQmPaQKx9JZ,1144,1000,1000,1000,true
1001,AGPrQznucSFSKq9JWFtM3AsV164bjT4io9js4nDJt6Yo,1140,1000,1000,1000,true
1001,GGcSRTcCwkDqufmzZKhaWtsGqqvw5dJ4YVSa3Pk9EKEd,1139,1000,1000,1000,true
1001,FcSR9zY671SKQ5XqpBB7L3DfvZ1RthDhfsrxAYn2vsfr,1145,1000,1000,1000,true
1001,Dfgath4AgxvAgGWSwD7qGFL4g5YYDWKtRoQHCWKbs89k,1142,1000,1000,1000,true
1001,DA3F5kFK2NrmT9inLB18wn8GWjS4rx6kh8HjUf6MVRoQ,1131,1000,1000,1000,true
1001,AEdhqwM8Z6c5cxsoWVBy6PdpBtq35AJvakay3xYgeUan,1135,1000,1000,1000,true
1001,2WbXusC9VTJP9KYky8snaXAh5aoPUBCKV8TF1Hzt3o5m,1124,1000,1000,1000,true
1001,66hkK1qsD3nvFPnVZhGCb1GVpis7uvm4EuaD3Ri9wq3g,1121,1000,1000,1000,true
1001,GH6qvKqxAS43iV1tAEqa5aoJvppdPmgD1PWtz41CXuyv,1143,1000,1000,1000,true
1001,992iJk7PnYT98u3XFZszezYyLiKweTFg9g1pr3MD3Fdi,1130,1000,1000,1000,true
1001,DK8GRhuCVK1jLUWCms3VZA7FCh1UrmWabbiAycQnSASE,1129,1000,1000,1000,true
1001,Dn7eWNE9HJocxXkhRRRXNb1D3fmYGsks4nkJPoJNEMVd,1120,1000,1000,1000,true
1001,8DRKFQEo35RGMBnvMr7nc2RqLFnXCneNLSabkSXjC6xC,1083,1000,1000,1000,true
1004,FRykmA6urwP7MEDC9uVEGAHi6jGCJTabYsA8M7UzEuCn,1248,1000,1000,1000,true
1004,EBUdp7g6nm11j1WMgDksqkjCUwE9yeGecMdudYNTHECy,1210,1000,1000,1000,true
1004,53DHAtw699BBsjoLoA14u1o6MMqaRjFemHtjPNznsyX9,1226,1000,1000,1000,true
1004,kwXrcWBD68V69Jm1zeUNDVBgAKFp4NB1gJ1pLkCCeoG,1178,1000,1000,1000,true
1004,ECVMu95m1nSDNdDxJWfEGfFAbavni3MGHGQ9uu1NuPkt,1219,1000,1000,1000,true
1004,3tgeK2Yo7NvovyhHZ2PqyLzJ9TxDjRGUudCiSWmbM8Fi,1207,1000,1000,1000,true
1004,Bji1KhWTzMW6rpT1Cyjy4wMQzF8vbmaAXzh5bn5cyN63,1218,1000,1000,1000,true
1004,CL2LEaQ1aLn1Zf9okY2YzKqvXgVJcF5ihDCpsQsLBvb8,1197,1000,1000,1000,true
1004,GRteXwMW1vzfntyRDMAUkNRaSfchyuXR5661psUJJZng,1181,1000,1000,1000,true
1004,EMCW1pzwo2uAiMuMvPAkuLXM4oK771pca9K5woW5K9zH,1211,1000,1000,1000,true
1004,6VoyNtU6hc8SZ6LHbkciEY9etjeHNdgUTrQ7kJuMMcJB,1209,1000,1000,1000,true
1004,931Ee1HyWoB1K2pnT6oY3hDiYbNjxH1ZUujGMBJCwQRE,1206,1000,1000,1000,true
1004,F4CubUiRqQZtALX8CPHz7zKqd4TMxVgPLUj5gvQuKRK9,1214,1000,1000,1000,true
1004,FnKXk4MEHJucDa8esr35Lbw7k2aMuvd6bQfyQXWQxLsU,1205,1000,1000,1000,true
1004,Cp9Sy2QzVZuu6bGKdnPf2LzB1Az5PPS5US8kbpETKYPd,1196,1000,1000,1000,true
1004,8gHVK91tWDEEeKkniPJ4LtU9yfiY3Z6qQDK1SXNoWSn,1125,1000,1000,1000,true
1004,BpwGvZ23pbWkn7imaV5vkAf1vFNQ65pQ8nWrjwVwoiqB,1283,1000,1000,1000,true
1004,8TathgkYQwuPmGtC4Su5idmcLSiohZRrwwgvL6iaqPBz,1221,1000,1000,1000,true
1004,7kQNmLSQJf7PRRiD69BkBuydFk78kcgwNSdChQyWJWzn,1189,1000,1000,1000,true
1004,A6x4MK7GsNRXXXQbqq5gamvD6j5LJXmFiGKxRL2167PS,1160,1000,1000,1000,true
1004,6y6N9R7roVnJLpciJyGknWiCi6GbjK4JyHqQgBVLAbBx,1231,1000,1000,1000,true
1004,49CeXYx8F7eVj5ZTmkRXciKabCvZnfjJ977GgcfWJREq,1271,1000,1000,1000,true
1004,GkHeysn1yuthaRbswqY7J6eMGhgUNfGZxoF8jgc6Fqo,1187,1000,1000,1000,true
1004,67vvK2C1cFDViRg68buEoegyn3j972BquKSuYNurQpxC,1217,1000,1000,1000,true
1004,A5d63Qbsb3DesusNa6TiZmPqGVT7JEsjVf8yQgWi4WRb,1201,1000,1000,1000,true
1004,3ncvKMeDeMmpQDUMdjZckNP8hYXvbNQdsR9m5gYttw77,1261,1000,1000,1000,true
1004,EuprsxCTQvNmMngAUm5nHjr9Ba7EBYsJUxNQPhtMf8Aw,1237,1000,1000,1000,true
1004,B1xiJ8BnQRpMvDZP9X8mPEkCvTaGf1KUvw5TYFy17HdP,1109,1000,1000,1000,true
1004,D13HBAorSrXUuM6JPVHZsuKPAR7kafcD9KZVraCVg8hC,1003,1000,1000,1000,true
1004,DVL2PehNyfYZgDpiU5HYKVJuTziWCXt5cSazPfLVRPu8,1191,1000,1000,1000,true
1004,Cumi5j4tXFnp2ViXFV6PckVWM35PMkCTpX2VG19q4p7q,1225,1000,1000,1000,true
1004,AZrTU84BjvxjbKZ91SG8rkxuDFCZ9nbzpQxpUxwFHFhR,1220,1000,1000,1000,true
1004,AiwGA6wtgLXVXaN9et6KPhGykwzUyQZgZVZJgEvTsm9B,1224,1000,1000,1000,true
1004,5waRdXPX9PenFAXgEqRvDUYhjMiBCGiVtaaZFvttY1X7,1202,1000,1000,1000,true
1004,9uQEnFpGBcgSonTJAtiZK7S8JEaRoHzt9eL19fi2Uffr,1213,1000,1000,1000,true
1004,7hBEHSUv59WYHDu5vP87kC3HJGXEsVVpoyT4hmddHdmE,1195,1000,1000,1000,true
1004,FcrFbXXh3fWrZTWGtYjP6gwgwoo6V7nJJ3W97dbjYR3x,1169,1000,1000,1000,true
1004,45Rcz9gevjNsyqGUGogRx8cuUJ4JtQpT8ycZacBRmsfH,1215,1000,1000,1000,true
1004,47nsgjHkEA8nZ41psFQEjXhSi3NsA96msmyz2uNqsY7j,1198,1000,1000,1000,true
1004,8ZG73jRcHxuMBeegWCmVLcU2TBimYdDU5DiJXPYFksdW,1203,1000,1000,1000,true
1004,7q6PE9NBZYu5spaL4uJdXNNwDhBeSqBTL3EXputKvY8V,1184,1000,1000,1000,true
1004,AWdBmq9tN41q1pCK6vGca4vBfXtVsYAC1FyPvCtGuGST,1192,1000,1000,1000,true
1004,7X7mEoW5EadX58AGoFRjnmrhWXK7feZhSzDorbZPVAnJ,1177,1000,1000,1000,true
1004,8PXqgTZ4n9KVtheHZmFamYAeZYrfVh6G5EVs1XGRdRbT,1099,1000,1000,1000,true
1004,6G8Fm7LveNccXzj23JxAv4ZEQPKRCq3xsWkpowhtv9wa,1055,1000,1000,1000,true
1004,2xShGnUJrNF2j3E5vZyvgj4iLEhYScCyndYTym218hzN,1204,1000,1000,1000,true
1004,YTRnvRTssjjppETPkHrpUKqfgTwwDPoSSyjgysdsKAz,1046,1000,1000,1000,true
1004,Ff1NyZPY7wU1Diuo9RdLXsVfk2u8VyLsNsAhmv6uKP79,1175,1000,1000,1000,true
1004,5YKmcrEqYyC1RtQcxExvS9u6CAhUWjGKJoDDN6MRgnV9,1216,1000,1000,1000,true
1004,8UanpXqpXXApQ2kuf2NEBRun9nJkdEoM4bNTFcpXSmja,1091,1000,1000,1000,true
1004,CEhX6PAYPBmGkctVFCaBkcVjvgh9LnLWrW4MEXNKRU9B,1200,1000,1000,1000,true
1004,66qpigvBRYQ6iKkJK53NbTVu7kTjGsvwogDRKBsMXWyk,1199,1000,1000,1000,true
1004,5AkxYjevvRQKgQ64FnbmkhpxQzRQYoT1iNE7QyaY6euX,1150,1000,1000,1000,true
1004,HZ5VF8LTrScd5VsyBKf1XCE8DxRUZnfi6gdEJyf53TWZ,1168,1000,1000,1000,true
1004,7UFKhjwyG6jPAGugc5qJerrSygTN1FEj5E94m6qYMmDa,1194,1000,1000,1000,true
1004,5Niwgt3fDNNMiY4qKsAZ9sAyC4dqs3kgWzaY98h2QHhc,1190,1000,1000,1000,true
1004,3MVXXLdCf8CRzN4DDN6BqPD2q6GdzQsNvBhvwzFB4TjK,1135,1000,1000,1000,true
1004,24CHdk7fL6PvKoqRtwvEkToFbGHToTWbQVtTbhXiPH4N,1131,1000,1000,1000,true
1004,DUuUro62RPDt6fLTKn8GofRKr9ewkojSfcHfeXkRHdj6,1212,1000,1000,1000,true
1004,2oLnhBCatJbt3RmV6dhSM6DZWPDQAqTUybLtRG8Wp8hv,1098,1000,1000,1000,true
1004,6xMAn2Dx5RynKqtpWkA9qfF8PF7koB6CcZQg2tF66HRC,1136,1000,1000,1000,true
1004,9MjjHx2HXAUFU1bgUoGdcbDwaN93S6otABmiimn3LSyP,1047,1000,1000,1000,true
1004,762qZFvrULHrCGL726TVjShsZYHHnuedTZejRU4fto3d,1002,1000,1000,1000,true
1004,7A7wbWSGb75eaC7E3KngRfuYPKvcr1zSqm1KiTnPHDok,1188,1000,1000,1000,true
1004,Czpoay29PeH8HKaQBraBRVjYC5uV9pr7UF8pr2V4sp6m,1161,1000,1000,1000,true
1004,AAC5veGNWWKD5mwoYCrVP53PEUqoXCSwVpYvGHcCJqTs,1185,1000,1000,1000,true
1004,7UsRQQAtdg1yCSeQUWcVhp2RJkhEeycDESGy8hKqhsXt,1186,1000,1000,1000,true
1004,9WgLxHdCvP2Wa1FxRYbTNoNDL3arKuTSCzjDYr3ro15D,1081,1000,1000,1000,true
1004,A7jjE4iUR6ci8x7riKxJLv6eJTmPDAu5pNsDMjFJPg1N,1165,1000,1000,1000,true
1004,CJ2avTsdHpxAmJ12ocfvAAew22VQyCgeG66mPe5sTbiY,1060,1000,1000,1000,true
1004,BinNbtpG2e9sEGftF6Gddjw1jFFnjQMzNPYMXb7hh3fJ,1073,1000,1000,1000,true
1004,4mH1mn5CywQxmzaRDmNLLnH3xY5ntPJTftZ5qqiwBH88,1118,1000,1000,1000,true
1004,FxgH7CcFcSqGwY1McVyPrJW142kWAaSSeHohC19FMUnX,1087,1000,1000,1000,true
1004,GAuKx4Z6sdVecduNNueDfdGJ8qz5PikCh9TnbWz9C4Wy,1183,1000,1000,1000,true
1004,FUQ19BGt9k5tnj49Qk5B5G4UKip5VnRnYiGbWGnWdbqi,1126,1000,1000,1000,true
1004,8qd6HLY9idiG2z2AJinQkKgMDhypfRKeS1rFKYks3bLC,1162,1000,1000,1000,true
1004,4AZamWmyHcYNd8Pfjvv3gxN98fLjH96HsFtdCSvSPmPs,1159,1000,1000,1000,true
1004,3VvCmf3oXwTpdfXu5ySBKkCR2qivW5nSHMJ2VvzpPJqD,1079,1000,1000,1000,true
1004,7k4JALNo3BCGDJnzYpXX49TWsFBNXX74j9wx6WYA14Jm,1062,1000,1000,1000,true
1004,DSAs2dxvhcHJvTqJcRLMefNyA3J3VKKZHSdFVRwTFYzr,1048,1000,1000,1000,true
1004,GzJzHMoN9QBsafthApgAehjjas6WUxqiLaeju7kzUdUq,1141,1000,1000,1000,true
1004,8JEekiwqjfTC47vHdAxBa9X1HoHo1BWYAsSVZh3zWiLC,1176,1000,1000,1000,true
1004,DBWBBAcjDAeAe3keaGiL6sDkbzfF7hAXFEtuDLJUjnRB,1090,1000,1000,1000,true
1004,EnZRhFK1akgwnQ5ov8xBFUZSGWEHG4WSkeyccFqCnDu9,1113,1000,1000,1000,true
1004,C5nQBiCLNDh8vd9WzowN6furQrgQGudqoN9qqh8YFgSS,1171,1000,1000,1000,true
1004,6d53HSmuzqDE3aSg6pj9XRQ1vai9bBaKTgrss9TRtnjk,1127,1000,1000,1000,true
1004,2WLLFbbyGXMBGBzzgcEaET2NW3sMGxNoWAG3h5NQ827V,1130,1000,1000,1000,true
1004,rddokxMnS4ek6gF6B9QPeZip4j4iXW8J5B7h2gCWchC,1123,1000,1000,1000,true
1004,33kmNfPeAXkYp7NGQSTBvn25EjGAU6kyGKNcezWb4yVp,1124,1000,1000,1000,true
1004,3F72hujzcGxAbDkMNi6pfyhWRGJgxWoJoxjqyiuwAQEs,1137,1000,1000,1000,true
1004,GNdvt7RobprzTYspwDgNRxBrFvWJGFiWAhTsE1SamdPP,1111,1000,1000,1000,true
1004,HBtPELKgKVD7kDy2p4Nns3Usnd2kkLTGqCnGjZ22ebDS,1037,1000,1000,1000,true
1004,47gcmevWkLzHTYNBdhHRhvsg2jK4kxdmByzMCHzSCpJv,1101,1000,1000,1000,true
1004,AVk26KiQPBaR6nyMrukizFgXQVdrzDTxf7MyHkzTrXXS,1112,1000,1000,1000,true
1004,95gvYBx7Ev6QEay5NuWWRFrj5yJAcxE8uuBuYGnSkP5n,1095,1000,1000,1000,true
1004,4Nw1vjbKeRxndhmWrn2JaDofVF5f4YMeQF6J7dSbdkgH,1072,1000,1000,1000,true
1004,FTzsgAWjykPKvTSbs6FBDcjekFFTBdov3u7LkczbBKLk,1064,1000,1000,1000,true
1004,8t2xJTP7k5Do1JGAVvLAJJMRQoTvbJ1uoEipEk5ZBiXw,1106,1000,1000,1000,true
1004,CEKeJY4Z6zUao6s31xRikLidDyVoJwxYQMiJgbNEmWWh,1052,1000,1000,1000,true
1004,D2xRANUwuyEcQwN8dJUwiG33uNAkt7PUxCHYc4mX5daH,1062,1000,1000,1000,true
1004,CbhNDe1LmqyKgWT7PS9PSEgC7SzhS6f1ZDXKeMGkcc4R,1110,1000,1000,1000,true
1004,71qjAq15jG1S9J6Cp3hjJszdrgnrd65BAySfxwiXNZyE,1105,1000,1000,1000,true
1004,9AXxjj8hQynDUdJioa4XKwoLXMPi6hW8LcDcKjTTokRE,1097,1000,1000,1000,true
1004,3HAXuWE6JqJq6SP7fsu32KESiGHhbrbHx3R9mkVQmQsm,1096,1000,1000,1000,true
1004,46vm5H9CuNtH54LYsG3F4ajF22FBtvJ1sttVKhtRdT1z,1103,1000,1000,1000,true
1004,8icQkD4Y5GumoeCDGCMtSBsTdb8PkdrXjSd6rXzidGYs,1104,1000,1000,1000,true
1004,5rRkB89yGq8cfk3HLa2qWQPqQfR7pv8SqP5eZvjASbfB,1076,1000,1000,1000,true
1004,EqofC9FLoJmN98Dh6dJHGM7Dq3AEvehA7kD8FM4knBbK,1092,1000,1000,1000,true
1004,4vbXYe8HVSafSNu6yZr4Xc4c7iq8hpG8mxty467ubBpW,1075,1000,1000,1000,true
1004,EesFjyzZMRU4zpTrHqUviM5AoTtMis8rvfXSLWNgxHjq,1048,1000,1000,1000,true
1004,AfFbvX6ExYxjAkhhMJTdjAkDVWhZqEEbXn2FhYUSMzUF,1094,1000,1000,1000,true
1004,4o5GzaZU3nnywgVKGrVkae3e7yEZxEGMb6ifgfjGLdSE,1089,1000,1000,1000,true
1004,4A57taEwUiZuFuzpWxKr4rCt2ShoCej5uAxj5H45zEZp,1050,1000,1000,1000,true
1004,AAZkgaxfTwC7keweNxRT8ic6Q2iDNmSi734E9c4k57an,1096,1000,1000,1000,true
1004,AnDsZEHnHnKrL1a7pZExe1v9kcSs2vY2QXYs8WvzsdZQ,1083,1000,1000,1000,true
1004,99xMfU9xKGMfGfBvNRiB31pQk8Ky2HzDZ82JXknSSmBm,1059,1000,1000,1000,true
1004,4rCipHDNCRZ4zvitinUrNsfqmaHACssV8cA8HrMvAwro,1084,1000,1000,1000,true
1004,FdBJmkE2zyezfPVz3d7U35vVVQUmdK3KbVUR1sAa6eNL,1074,1000,1000,1000,true
1004,74nfV7Sa6r5e9GH6WJivsUw33GaPw3SKQkW8TTgjhrHH,1018,1000,1000,1000,true
1004,62tiE3oj8KBamSkLyPPAce1fp6gWWrbi3faJkngFRetj,1061,1000,1000,1000,true
1004,9BV11AUekAh7ZMGC2aPAUL3hMbJh6rpcnS83yevQysLZ,1093,1000,1000,1000,true
1004,GY6a5eAgSDo3iDECbgUDQqgmXLjZyd7Fwmgc8Tar1Asd,1086,1000,1000,1000,true
1004,9sPa2bGHyn6QYmyong8MZv3tGWGiAbKxuPnocTW9Ssd5,1082,1000,1000,1000,true
1004,C1ppgu1F5bxYC7zej5N7vS6tAq4BgPgZNeuBRNtCKonW,1085,1000,1000,1000,true
1005,Fz6iR7dC2RtfPksN4We5yL6GVbdkT8vkGMP5Wvt6p5dS,1071,1000,1000,1000,true
1005,8UrbSuDvsXTj6H7AYHbVpLXg2VxnPkfjU3LmXwmi6Coc,1076,1000,1000,1000,true
1005,3hmkpX3xXD3CNTqF5GgQ3oUVD4S2KREwPjhftLkYBzoJ,1077,1000,1000,1000,true
1005,GwhL4QSGyP9AV78ZE5Juy7DYpUTM4KzGiyhptNs1cMia,1067,1000,1000,1000,true
1005,Erbv1KhtB2xHtmN4w63iGDVhXjF2gY8cqrrpXPTFXCwq,1024,1000,1000,1000,true
1005,AGAwddHmgSaVVDfCDWEQov8NU3wv8TLWXRLGCRMmJygM,1063,1000,1000,1000,true
1005,6Yc4v67fUE55Zvn9yFjTftDgWNo8oExAmrf7Q7Bks995,1088,1000,1000,1000,true
1005,77Rx4UQKHXckJyF2ek8zGdeRa327xTzizMEphW3swynV,1058,1000,1000,1000,true
1005,DAuyWksVgHdVgmSAxWUD3MoDnWfmcUWDJKB2ihqJh1He,1066,1000,1000,1000,true
1005,6sUkSBdfYxXPHsCAYQsCK1REAGC5Suyh6P2ccUYz8G3q,1080,1000,1000,1000,true
1005,EES78RbQMh9zQpn9LgfwrY7xsb63ezx4e2VcAUHAzJAS,1070,1000,1000,1000,true
1005,HRj5owhDtXg6kQXDosPLF9p55adCk7h4mDk8guF7tZ4d,1078,1000,1000,1000,true
1005,B4hrRq4R3EZG7eaiyXrYXzcNjcBdq16Eg96ay8k4YF4u,1047,1000,1000,1000,true
1005,8635yRxnp3kL3BpqvZ45DdqcdTtnVjMJTcmvHbMU335p,1031,1000,1000,1000,true
1005,62YKc8M6XiQNMHuu7va7ueSStnBXRFKv57weWRKQhh1Q,1065,1000,1000,1000,true
1005,6ntK6B6BHx1qFQ2GfKZMABSDCH9RhKYzTXpabUmPbpef,1060,1000,1000,1000,true
1005,2Ephq7e7MmN3chvThsGchzv7e3BMdGRFtsSLXKo7DTK7,1056,1000,1000,1000,true
1005,6fXxvpDv7r1bJ2C7y5z4eBt31iZH5Z57zfamS9XiH335,1027,1000,1000,1000,true
1005,9QQAaLrg7P6jhfGQneuU6vfb24DFDurithgefz34Ss5H,1033,1000,1000,1000,true
1005,BSDMBHih43rDRdtm1q6SkFb21vzfNGpm8qRYvavWFq7r,1033,1000,1000,1000,true
1005,3xvxVYQk863NQ4dFRCXdZ8hdfmWjL87op64ye9jHzNnJ,1043,1000,1000,1000,true
1005,C5ihjJc3BJ8pejcyi4PdsB76fM2E7gJQCwhe6ZiLYcEz,1042,1000,1000,1000,true
1005,6NqrVCWprLYxjecMA8etFV2yULMYRgr2ZKuhC8YKqp9m,1024,1000,1000,1000,true
1005,m7GiWJAFcNb1AoHGHPQSuN1eeGwDhCv9N6gvp9aGFbK,1012,1000,1000,1000,true
1005,BfsG93Su3EZe4Y3oLdnHs6jmhzXTfL2NsSyxoCtdE8XG,1012,1000,1000,1000,true
1005,9x6f6UL9Vw8DWQyU66js5Hof27hJNwQwr5iqGwyauvjN,1054,1000,1000,1000,true
1005,475hdfscSu4996RWJYYCpb75Eu6Jbb4DVr61Eo3ejgq8,1057,1000,1000,1000,true
1005,BDGx6wce7NkTppHJzvvRRDkxSYbF9rFuo4F2gP58Y2o5,1053,1000,1000,1000,true
1005,37UUtS8B2ZM6YJbPdUzw2DbDRymiCLU7pwjQaeQhwEPG,1061,1000,1000,1000,true
1005,GafbgF1AMQVvtPpF1M5Xo5HZbG7bQVVZZ9LzG25RLxyr,1044,1000,1000,1000,true
1005,C6y22A2WaN9zo4ZfzWNzwfPJBrmq8uYZXE7NYxuZzSnV,1007,1000,1000,1000,true
1005,HE179ygp2AV4QNrKWg5z6yVSqkSsASRYXhBevkPV2ccH,1046,1000,1000,1000,true
1005,81HrpBqseE3GDgCm1ZYiF1GEHswT2KgD5n11PgsetB5M,1029,1000,1000,1000,true
1005,Fjp6hvYPfkC2D65Db5LKo38xyfMmzky4dkfJR83fse5t,1052,1000,1000,1000,true
1005,7KDdmyjZhEM64k5MsE8J4zHpfMRo5oVAheo1Pq4YxPMK,1030,1000,1000,1000,true
1005,7DWyzeHBoG7d8tCxcEJkERt6Q12pupPcaMSQf78hPANv,1049,1000,1000,1000,true
1005,8UQsEWCdg5K3RJgweWQm8xn534gZmbrba8zmwSYpRj9L,1049,1000,1000,1000,true
1005,fTYs7GuLDqjvsF8R5MeWVCFHCNcWsc4Ky2vk65Nu2A8,1034,1000,1000,1000,true
1005,95wFF8qUAXCtX7cj1FPQzmDhVdwm76Hod19kPo72s6YE,1041,1000,1000,1000,true
1005,4XZBLZ7NpCBbS3dPFwmwTHni2s6TXgpnA91UAWW1Tyt4,1040,1000,1000,1000,true
1005,3rC4zURgQB6QNjjGEBUYNavgJeSiyH2TspupGUzVRS12,1040,1000,1000,1000,true
1005,FU7QSKj6VE85KyMxjYa73Jm522aap59jamRFuXJkTqrj,1036,1000,1000,1000,true
1005,FkqqtXnYS8v7DGU672AkYt5sbs7kbbhvk4Y76Ngmu6xS,1036,1000,1000,1000,true
1005,7Vk2hTgLpnDkmgKmX1YE4id84ciZ8SufrxpwfDTMU4ue,1038,1000,1000,1000,true
1005,D4BoBGu2ohzTiCVcpd9Jo9ZpPrFuJSsB4X1ewgvsWkeR,1026,1000,1000,1000,true
1005,A73fo6Fex7TcLc8AtbEaaABqasPgrfTNi69cqf6J5znp,1021,1000,1000,1000,true
1005,HM3cxZHQZ7WfUpvEpq1WZHaPboJUd67wdPWj6kuqMS5m,1045,1000,1000,1000,true
1005,P3Bpg2SvJLZgJzDLUvdaWC336vbzFurfQRBqbSj5rPm,1035,1000,1000,1000,true
1005,EKnm8FEqRLSLzJFzgMbqziu3g3XzVGsoo6LyK7bp8wPS,1021,1000,1000,1000,true
1005,9KVQF8NqS8WdsUu5VrFBXy3ZM3tGCxjhcy7gZYtphyQr,1005,1000,1000,1000,true
1005,52WnomeLKdbYfQWza15FTA9KN3owLSibBGMQYgfa6m8o,1023,1000,1000,1000,true
1005,bn4cQBhjWeJuSB18dg7v4cHNyB7LGJRSbDYb2yJbpVE,1011,1000,1000,1000,true
1005,2BzenzKSAUtv2aEx6QqEVxzorjz6qLDkuW3fg3vSQDhW,1020,1000,1000,1000,true
1005,HdvkXEvFq2B119gFt8BsT1vsy2QcmwwZu87LYLeUWJxJ,1013,1000,1000,1000,true
1005,ANxAWuQVDPACKfiy7s7tfTkci9xQiS4RMzP13Ffjqk13,1032,1000,1000,1000,true
1005,BK1e7ZFs8QCYCLSPb7BqSEcNsztbkem2nbzbxGuoYkBR,1032,1000,1000,1000,true
1005,BW3y7i7adDLmy1QhnjQMKyrEPiV7V7LwEpspaF4HJynJ,1017,1000,1000,1000,true
1005,2KxafMXYvdqjqikJosx23KLZU9JPtcgBLUyUyaKcQvxz,1008,1000,1000,1000,true
1005,23dvkj8eNDTBKKvd6bzXE36XDGTfcci8tEnX9cSGwahs,1009,1000,1000,1000,true
1005,98smvG45Gc4jU9LFiZ4B4LpbqnF6TXyCJnzjXguSELHb,1027,1000,1000,1000,true
1005,5C7fU5iKms7LAGNHJjTAhrKtcTvravMdDhDSqfaaexgP,1020,1000,1000,1000,true
1005,291TwawZ9diUrTUfDeSoJEFHNpWzR5AtDRTmvDeFg5hi,1019,1000,1000,1000,true
1005,JE1YonRT2YYjpXPwYZREuLYgQeWGRKMH7ktV7rCGmq5J,1007,1000,1000,1000,true
1005,7srePSY4dGDSJZNwxhwywWnbbEeaD5rTKsDz4GbxqqsE,1028,1000,1000,1000,true
1005,EyNM31ANmfdvuqQPBDjMJyZ4ZJkg9grwyBRfwsGmJVAa,1023,1000,1000,1000,true
1005,7fxu2SH2xzhnuBYW5mgta9fcJtQgmbTaNmAPGot2ZDuZ,1022,1000,1000,1000,true
1005,BK9ixkCxjZrhh3PznrKes2UtDCDiikYnpkY27sfNCCZd,1022,1000,1000,1000,true
1005,EYgJS3n9tdwGRJ8HwTRsHK76PBUNk6xtc9uQsBguEJUS,1022,1000,1000,1000,true
1005,HHyUDbbUsAvFSZqEQbeNCEpwH4jyqtg8nJTsazBVSDL2,1019,1000,1000,1000,true
1005,GdXnuz6WkGhQpocwimBCoNibosBVe5m5gSDjY6X2swRW,1017,1000,1000,1000,true
1005,6BWAMiGfc1Jx5c4j5yoGA7cYsH2V8sgs4ou964sfDsMk,1015,1000,1000,1000,true
1005,4AnSCXFGy95W7D7XbghzNW8Z1PCukuhtjPNe2cNyVtLf,1009,1000,1000,1000,true
1005,6mkrJn1K2Vk8GVGrtApZ7kAQFTMuGs1x6xxj5KDBYRnf,1025,1000,1000,1000,true
1005,56TAUFWEwjcrTYyGBSnxJ1WntJDphzW8e9dTsPo67Z77,1025,1000,1000,1000,true
1005,EP7ZdYKKQ8gUtpGW36zU7kxJUkmq2ZpdjAc5bn7YHSu2,1004,1000,1000,1000,true
1005,5ZxChCqE49ZgxnsbvQfWSbv1mWHV4pH3xdsaEfxb2taq,1004,1000,1000,1000,true
1005,CgsQ6Mg3D98coU7HeetgodjbW9xmYp7TfiBWzTnEoXv6,1016,1000,1000,1000,true
1005,AZTFqDzTJedqe4pe39mHxzFLDnKdnUU4wT4aoP27nvYP,1016,1000,1000,1000,true
1005,57MTMCJxmw2SKLJ1GirnzNocyrtwX6RywcZNgTkG3VjY,1014,1000,1000,1000,true
1005,FcZZPLs78N3hNKoop2FHGpDVyECi3UG7GJF6YDaeb8vy,1001,1000,1000,1000,true
1005,AzHT4RWU9RRi63zC2m99J46DLsBkwkm4DP6cSNCnY8Vo,1010,1000,1000,1000,true
1005,DLENTaRXbFtBm63WAT3agTzw93PNbqEZun4a7hy9Rc5Z,1010,1000,1000,1000,true
1005,7AgBfLnLQw2eCeYR73SpvXWYv6fZN9EzewHZwsJN326s,1004,1000,1000,1000,true
1005,EJn5oRUaXKiarXp66cCizuZxJbQLwEAckgGxxuTgFMoq,1005,1000,1000,1000,true
1005,CnuFqZqdsVt7xHa9c3YTBkENCfreYYiHafqL9H1RSWuj,1002,1000,1000,1000,true
1005,H3aW3eaUuoS57rHoMcszGvw7FiHH1ZzjUfefXbqrYBWC,1014,1000,1000,1000,true
1005,7Hv12EAa3SCkaLGr1J4tWzXx1s8iqtoqqwR9wnXb5xUr,1285,1000,1000,1000,true
1005,4X4XFzwX8wZD39qCKeQpvwopqikc5avMqNG2DYfUBw7r,1280,1000,1000,1000,true
1005,KjrheMgtLoT5CogCrWNwVJG6mRLH2z8GE56oqmAe6sx,1283,1000,1000,1000,true
1005,27ziAD6YxvxeRaFsXSLoiXdeGiAuP8B5xAjXS6aUiSkP,1281,1000,1000,1000,true
1005,224NHtkdGT3BKya6SPjNE78rNpfZBHYyjgkNWwoPP7MQ,1274,1000,1000,1000,true
1005,qaPxNv2e4S9nEXLb9x55Y2Myekp4PUVSUrYYxtN1ics,1278,1000,1000,1000,true
1005,4qqpn5AagRA191P6i9cZG1oP9B6vytpfEN1ZFwtRboMZ,1221,1000,1000,1000,true
1005,7Jawyc9TntsLg6QVGjB4wcG44Xi3uFChCviys2qDeK17,1232,1000,1000,1000,true
1005,AHDJu2X5puq9HaJ5aLAQZBey5zooPtEPZ9ZxcN8FLCwH,1018,1000,1000,1000,true
1005,4f2n1CPVJy9YHR74HNroxPqa3vJUGn2qus5GiPxF3HTf,1277,1000,1000,1000,true
1005,4x4PfmREkSEd3m9hPw2JmAX6ewoGU2KSjBcRDKQpZzfU,1279,1000,1000,1000,true
1005,7wABntTFfF5oy9LThTjn6m2pz6WRSveb2QdD2K7DausP,1268,1000,1000,1000,true
1005,AmuAho7KYHY8VfW8UPWMV1N882VAiSus3RvuGtDidWKM,1276,1000,1000,1000,true
1005,4V5KnrbnJiiPYRVNsW7tkkjzQAFY9eZuax69E88X4xDY,1272,1000,1000,1000,true
1005,5giRjk18L2iQCy9xFVaJz34fbbNmMNA3q9BQeHyWqSUj,1282,1000,1000,1000,true
1005,2dj3pKo8oiEnkhWP4x9y6AYcd8YiHvKZcAvU5Ra1Kuqt,1204,1000,1000,1000,true
1005,2Ufa5Jzro3qjRiZG2ojpH3rkDs6JDzmC4Y1KYfMX6bMf,1007,1000,1000,1000,true
1005,JCuqSYt3CZn4ohDZqUwYbuphpbezLVN63DtTPe42AMmC,1275,1000,1000,1000,true
1005,DBGTGpR1w7jmbxrhC14y6yi9smeXCFkYEEfJzc2CRjkE,1001,1000,1000,1000,true
1005,HmHNE9dcadZY9u2YESi3ATW29AT8rihk71DkFoLRd5XH,1003,1000,1000,1000,true
1005,7yP9tK9LrHR73PiXWFZpW6tj1PSFeRQUwtnhtA3Tckdj,1271,1000,1000,1000,true
1005,6YQD1vGNNEvRuKdhoQezdr71NyctUXJTd8Y6ZXxvmZR3,1270,1000,1000,1000,true
1005,3J9Q9rrDWSejQNx57SqCXVXZodhRPYA4kGQSrhXpUYQ4,1220,1000,1000,1000,true
1005,G3x3WhVf7GCQZ3uC48a74mHrASkNKs78KaCv6iUXMVYo,1000,1000,1000,1000,true
1005,HsiUmeHiUHeSqkhepdKzVe2pxrNiAFXRVcSwRfu3NRtY,1201,1000,1000,1000,true
1005,DPygTQ4rhDTbLXvutvTvT2KR753VTBMwW413JZTEtKGi,1017,1000,1000,1000,true
1005,HWjipaaS4TxkHvBi8dgesYAb9GWwKSALVgUxgDfkyBps,1014,1000,1000,1000,true
1005,EarXAwHaLeevb5cWQTBBaYTCQfb6jTYahLUuQJB7FRE6,1013,1000,1000,1000,true
1005,3gXx2iExQoE14ewbRnrf4PCnhkNREoG4qTtK2J19CwHD,1006,1000,1000,1000,true
1005,9GdCHYTe92Vkc7q2mo2GbgvCfWxrgYH6FfLxZgnFVDPF,1002,1000,1000,1000,true
1005,EjvALRsZs9WSzDhdVnFNwBTyBQ3pxQBrvPzqCfFd8Rvp,1000,1000,1000,1000,true
1005,Ersj86zobQDrxWMyP5nGDGc7B2feH1Fvfk1Zr46i4rwm,1000,1000,1000,1000,true
1005,GPTBQGhFTN5aR8RJUd2RHXYi5hBoNpVN1toVVSDmPGb4,1003,1000,1000,1000,true
1006,Fe4yFx5aDBPHtv4evXU3L3ZJ1hfRrkGYwZexbdF8JXsC,1028,1000,1000,1000,true
1006,BRE3PzqKjdxM2iMHprRriBTc5e8Nc7iqTCCKozU3cndZ,1252,1000,1000,1000,true
1006,H2jPE5MEcLdr2URhZScGCPr7LYkrX21nEUiiK3XvX8Z7,1210,1000,1000,1000,true
1006,5mEPcyKU3JBtW89x4gvDdMnfse8k1AGsDMyerLJBEPyb,1292,1000,1000,1000,true
1006,4VRoAdgc1S6kzWNbkGMnudTHQLpk2WNh6XQXnxJFoPvo,1265,1000,1000,1000,true
1006,7CW4vnBJnzpoA6VzJLNxGz6VH2PjS1yfAX6P4iHjBN59,1273,1000,1000,1000,true
1006,HHQeVfk92Wm3wna2cnqmcF2BTch8SyPSGEMPWmV4CLuw,1264,1000,1000,1000,true
1006,C9wqvnpp8CkeJU9mzfLcCZBvGUsjUetCu7fHkuMQeAFy,1296,1000,1000,1000,true
1006,4NkYBNNyVVurCvUq6faKV4vXChRqLwbb8aRJXnS5oiR6,1293,1000,1000,1000,true
1006,DeudAK43b9qUxHy8RA5khEfA9BY7EyyYLRM5wrskCNA1,1254,1000,1000,1000,true
1006,EQpZskSxi2GCpRLSMTL1PEU2rNXW5QbKJg58DFPLnZnZ,1196,1000,1000,1000,true
1006,C6GutUg9UYJhdk8pHNPMhZrzvrujsJtSPMfz4zFoRo9C,1288,1000,1000,1000,true
1006,4UaEEon5Ag6FqShpZC1xDn8J12FJn7GofmYWXmvpF4Qe,1286,1000,1000,1000,true
1006,EAf5W34Y8rf7vTRcF4tDzQ7Hr7ScxXWK7M1yZpAcbCSt,1090,1000,1000,1000,true
1006,86BW8Ahr5pwfrfWHzKhjQjtLHVpkk4rNyTFhU8D2kohC,1291,1000,1000,1000,true
1006,6UXEbHFXqYi7sYWYdaH91ARGyk18nGkisS1tScCWiaGp,1267,1000,1000,1000,true
1006,5VjXyisNAoLC6uoVZdCAq9Vq9X6bWf227YX2A87F4wW3,1106,1000,1000,1000,true
1006,4kZecdfoxUJP5JscJ4JVrQ2bzREU2FVJYa7xAHNY6SxZ,1266,1000,1000,1000,true
1006,CfXaFx62oJVh3JskUq2U1M1ohcPc3mC9nrfzoqDdtASv,1289,1000,1000,1000,true
1006,46rLyaGg5SabksCoRRCvB9RVKZwt16daMc48iBpdSe6b,1287,1000,1000,1000,true
1006,HVAuqDakGAreQ3FSYpt1fHwS8YKA1P9EyJ7HyNgiR6N3,1259,1000,1000,1000,true
1006,EKf7rpbHYQXhm3Q6WWhwD2GXsabhNTPAbR1atdsSa2n7,1269,1000,1000,1000,true
1006,C2ZLkYhpU2P582YFWLbDimowwSuBin29WC2RLMj2hkjn,1284,1000,1000,1000,true
1006,5ZQMiQyFvxCJtXfg7uYB5DaVfDr73e3g71kMUgRzMNvp,1061,1000,1000,1000,true
1006,FqTdMN7b1g8pKNqKWDkiCsfrFiohATBMBTPiWXQVBAHn,1069,1000,1000,1000,true
1006,9KrpKZYs2Ky9JEcnj4cVAum7wZmdqQJGpBKLMTAEaFgF,1096,1000,1000,1000,true
1006,6Bcg2JVoLQiLyJnPoo9YsKutHCTqwP1zfkTkre4ANk5X,1088,1000,1000,1000,true
1006,BBqNH8rQx7Et9H66XT6hruZSfLhUG5n3fbZNkf2oRerJ,1249,1000,1000,1000,true
1006,BfoJ48XamcEAx8h3GbrRnh86PDo9piuiEW6oAGL935WQ,1261,1000,1000,1000,true
1006,9oX9e814XEqJSp9HfuPccjyms7MFywwWyLtrdghMxi7s,1110,1000,1000,1000,true
1006,GCCjQ7XeWQsvVvKhPoqcWH39LwZWxuwkKWMQqyjCKXJB,1247,1000,1000,1000,true
1006,DnpisSCdvv9EdrTFPnNg3CWCE1QxiuF1Tr5DsgEFj6vd,1262,1000,1000,1000,true
1006,7x8wSgfNkfvcGawpz6uUbvFPamXw8SWxpWta8sD7bhbf,1246,1000,1000,1000,true
1006,2mtMcNZEYMc62FEp9Y3467Tz6ry42bcgiLfjQV945adK,1038,1000,1000,1000,true
1006,2htjtveLNqLBw6EpParmMdoW8wJjPL3ydjPJZfarvwvQ,1211,1000,1000,1000,true
1006,CJgnnctBMqXhNoqRvuV3fHhsaMKueELLm1Mr1HpYq8Ww,1234,1000,1000,1000,true
1006,Ak8LnriRTHFWHdFYBnwHtPYWZXDtU7Ei4cJN6rtZYh8D,1257,1000,1000,1000,true
1006,8FcjWhyTUYtPjjBm55FWURqnRUaexxEyhjBwitQYhjrU,1251,1000,1000,1000,true
1006,FkxEeVWSz7S5fueySDgDCCwLJkXnbANWTyxbRYj8xtsc,1146,1000,1000,1000,true
1006,DAnHDaHi4yWfJAv3o1iw7boz2vqJR7uWnZ4KVkwFcJ27,1048,1000,1000,1000,true
1006,5BTGQh2URWkfSdiJqLhPmpwWXY4DvgBfXRDT38JsdHuM,1115,1000,1000,1000,true
1006,XHyQsykKC2rRP22oo9tJQ6x9NYeQXG8b4goBQ1Qq4gj,1114,1000,1000,1000,true
1006,F4pT8YsrRXR3DLK6MD7P53QrSUndBV4fK4YWhx7cRj1k,1198,1000,1000,1000,true
1006,5GqZTiDF4F86en3BvshE4M4JYVhZd1HWvuB2MYGtkxVE,1117,1000,1000,1000,true
1006,4Ajc7QCQZgfFkahVULhau1Xy8trZq8Xej23CUm6pDNnn,1025,1000,1000,1000,true
1006,FnshHEuvhA4UKeqG2Mo5ar7yeFLHws6s9USWa7VZu6eU,1222,1000,1000,1000,true
1006,HeexjUWGUxWnFYRjE88j48Zb5nqZBNoK7PUmbHautxDG,1118,1000,1000,1000,true
1006,5QjvNjhFhEuscTCnrFfVjeGwNtugAbW4gZR6sr9FCDUd,1112,1000,1000,1000,true
1006,5HvsAxNB6CBZDgYSnpQ74htGR1BLosuQjChESPje7Lby,1074,1000,1000,1000,true
1006,A1XMEE6vbdPRV1x6PRrrbns6DGtKaDZ4tMZ4ngPRHKHG,1199,1000,1000,1000,true
1006,5PQnrCo3PsofRHs255Lmjd2TYw57DzZ6bkPZS7vux9CM,1194,1000,1000,1000,true
1006,FXBr3hVpwvWSZXvD5ZbhxkDYVqwhVVeEkQagyU9weaNh,1095,1000,1000,1000,true
1006,7Z2JgkRez9npFSKM4EtDv6L5k2uoNQVjGyXHP2eekhdL,1109,1000,1000,1000,true
1006,7UwFqAJL6DiQCPRRs5URPenjE94ZcdoBjVryUUv5f2Bi,1076,1000,1000,1000,true
1006,8hr4FSMtazAEp1JkGJLYXQ4mkycr7tpjkgEfmmfZL4bY,1105,1000,1000,1000,true
1006,CwwSzNrdUYgd3ubGbppSv5vdd9WbVsqG1QHWgFrvy8Fx,1173,1000,1000,1000,true
1006,EkP8iSqiHkZjacg2Dez3b6xwTWNHiKm2rV64sZJPhaTS,1062,1000,1000,1000,true
1006,Fy6vb5G1VPVLrCH8yH7fTF6DNfcwzc14ikCZryFk4wkW,1120,1000,1000,1000,true
1006,GZ8iwmGkFbtUQWGQ157ha8SBvJqyKHbHkTSmcAy9kJi5,1119,1000,1000,1000,true
1006,G7bTReQSB2ZBvLLV9WDrFihVN7rVvHrqEfkKpg6H61Jr,1097,1000,1000,1000,true
1006,7rBALXXfG2m6x7pQosFQevMJjoTgvSzHWrK8LGFsHCkm,1103,1000,1000,1000,true
1006,G4V49AvQ2uFvt7xGcabrupy2FCkktDL43UxTeKhmDxv,1116,1000,1000,1000,true
1006,pPqGzQnsBvV6qTdKhcmeCXtdxsaSYQBA3oMyHda7BfG,1104,1000,1000,1000,true
1006,2GPXCzuayVE2sFiqZThYmZcP74ixND7XcooT7Dd8Z3uW,1113,1000,1000,1000,true
1006,7yxZQXZcct2iqDHoJ4Hc6cDnnswdkqTX5iUmPKeRdd7c,1056,1000,1000,1000,true
1006,5gC2Fo9JmYEhjJwJgUKRiBjfnTZKt7349XDbM8wcM1EJ,1052,1000,1000,1000,true
1006,DAmEeVVcuktVDmfGFxrvEXk45fbf8QTQk68kVJ1doTpF,1086,1000,1000,1000,true
1006,AS8V2SpWURh73AXZ4WaJCpkBVGnwoycQZBE7DoBpHzbD,1111,1000,1000,1000,true
1006,7Yu6qBP1dkEmJ7c7KirnUMkBLj3uSEUHKE8PpJb8MZA5,1011,1000,1000,1000,true
1006,Fn6tuEMhvSpLtGEHrBsfUcCV88VEBzxrNoFBBhqSEoiW,1058,1000,1000,1000,true
1006,B9dx5Td45XXz8i7mzF6Jx6noY2AakZFWT7HzRN8bmMhL,1015,1000,1000,1000,true
1006,7WDV8YrmGqeLZf3vTMcy43T5G9xo9Pa6LpRAhaTFGJtX,1099,1000,1000,1000,true
1006,HabVUVJdCFftu85N6f2PDWcJPEWNidk6p5KnHJzHBEzs,1092,1000,1000,1000,true
1006,AF3YAcwTXjgd4c3HLegf4WJKnkqRytv5npLqKn6tTeX4,1072,1000,1000,1000,true
1006,5X96PnYJfAe4RLcuipfrWXXJqYJZ6GvbtevS97BtoBDj,1107,1000,1000,1000,true
1006,A7XJoSQpd6eKKyqqSMgKN5h9eX9Fr9We6gEkmv8JWevH,1083,1000,1000,1000,true
1006,7dTaQGo5U8b77vvxSfaKpGmsvQ56g7WSDi1zbvxoTPUN,1102,1000,1000,1000,true
1006,772bfkd8QBtgFz1Be5yLD7qBev8QhxWY5VdYTWnu1swK,1101,1000,1000,1000,true
1006,Gx6qK6X8mnsx8kTq7bFypPJN5x7eQRpMiD2Ma1Qb6bAg,1085,1000,1000,1000,true
1006,FZKCkcvmFwCYo9hjRCRpjBDLLsZh5aWsQRJMovQBKZC8,1075,1000,1000,1000,true
1006,6gdp4qkAMXU77jjeMpPNEri4P51NqsW81U6g6bsXP4up,1098,1000,1000,1000,true
1006,GMxc1NKVhp6Ffsis2ed2rNrTYMuQeBqo3Vn5qjrsgqmd,1001,1000,1000,1000,true
1006,FATaW6UraFPE8ts8AHjrN5UjZo9tgqZdPj8L5YgLk9m6,1050,1000,1000,1000,true
1006,FwGavWsXM8rQuLR2yigjum38rm7ZBh1UZXe1ytANboqK,1079,1000,1000,1000,true
1006,GdWV88u649M1znomoVtjw8NqmjYNNrjsxfRdCzFB3w2G,1100,1000,1000,1000,true
1006,5t1fJf7VM6dDrCLZKwNQvrn3Dkt6AHcQh28aG72wkenq,1067,1000,1000,1000,true
1006,C3AqnUyEETpnj5AsrH5LmMBRYTjQ2SQzBrNuSoJpK79E,1091,1000,1000,1000,true
1006,3HjuYBeus8n5fbwqfNhaSKkidNUMoJQH64LPQv8q3R7a,1087,1000,1000,1000,true
1006,GXH4qkPzpo2eViUWkyNCVrnsFzD68xmZ1aB9jDBMHMry,1066,1000,1000,1000,true
1006,5nkYpDtroDCaSKwi7CLkyY8RV1VaRLdqb8GP6p3HxFA4,1094,1000,1000,1000,true
1006,BydcAjm4svEBwvgBTr78CpQHSmr1SYf8jY3gKFxBQPj5,1089,1000,1000,1000,true
1006,2shVUa6pfTJLzEmcbwtbHyRRnBgLpuGgQhTmyTtRdxHY,1009,1000,1000,1000,true
1006,AgP4abNdgDKp3QdPyLP5DXWZZBGwvN3L1LzhWBRBgECt,1084,1000,1000,1000,true
1006,9x81stPp7hxv9R5gn8FS45gUJwoVkFTUZUzbc335hxKF,1080,1000,1000,1000,true
1006,41zCdNYzKem3Zp2VAsARXW8PeUa7tiB1T9te4Au4DdsQ,1073,1000,1000,1000,true
1006,BemnXJ9hfiGZDN9FPdyuFdekZSnf5JxA4wBkFQ9KpTqU,1068,1000,1000,1000,true
1006,FL3c3v2ZQy6yZcPRuRqGosSD6PPgVgp4LRBrMzcfvvbp,1078,1000,1000,1000,true
1006,DdGGet7zWxudQVG24BgxxidQCnjtdaXWdbc2xuUnN7Uk,1011,1000,1000,1000,true
1006,Ct7P9uBNmFErX471rEVVXgWQKSifJrT2tiNDELSyp5u2,1047,1000,1000,1000,true
1006,9i7AbJMmmezEppYGdih9gnxijnLjH6x56gPrxy4yZNMi,1053,1000,1000,1000,true
1006,5CFG6tdEp1BiGAcfvF7wMG9bMjPuyjQTRzL8wXF4eyG7,1034,1000,1000,1000,true
1006,GTy1w7LFxKakSHvhwg6aJQY7jKJs7QzHNdR8X4ygbH1x,1070,1000,1000,1000,true
1006,5hqANKK4mHPqPixP4SMmF6NRd9ZgNZ4dW5MKe3FUWYjJ,1077,1000,1000,1000,true
1006,ENEob86zTrDtBPD59gT6aQesKveAhoUELGmcuKyW3tDM,1063,1000,1000,1000,true
1006,5Msf9zLX7eDfYVrRcVbf1HEveDh3nAR3AKV3xzZZMuXs,1051,1000,1000,1000,true
1006,5nJY9VPzfddR8Rom8obkX93AHzE9Fn31XEo2S2bVohgJ,1065,1000,1000,1000,true
1006,ATWkpLyVaqmrF98XbbWD7VbdkESFK7B8SrqedHX8kexs,1064,1000,1000,1000,true
1006,8tjv4dtKBXWzLhZncpVjjGvbeCXh5YJEAS3kSNS9jBDz,1022,1000,1000,1000,true
1006,66SeAqZfofshbWK5KipEFW1u7yrKVnGfT5jzXUVnBzrP,1043,1000,1000,1000,true
1006,BbGCXwG4z7sA5uNfp3Agay8wNjsXkNwuFfm45kVX7Vdw,1059,1000,1000,1000,true
1006,HMnsqo1mypq6jFLmKGCVzmNNBeJG5LiRT8dgs3bnoVmS,1007,1000,1000,1000,true
1006,5iMTUbYuynvJHeABd1HgKGsHM9xQ4Zop5XZJncRNWDHF,1012,1000,1000,1000,true
1006,3xksrSZueE6fXM9JNw8cNmjgGbypydJuGtuC8SqdVCmE,1060,1000,1000,1000,true
1006,29Lh4kubbxLmNH2XLAh6JsCFQ6Rbg5hU3WgQnddeRaKC,1048,1000,1000,1000,true
1006,FTFdhqNw76CYWTUkpK4YRCUDcodX4ovQPh1YDXDdY2TK,1051,1000,1000,1000,true
1006,8vLSLY8LbCfZLBxGQx9RRb9uBzqKdMVWKZAMn3YA4Gty,1037,1000,1000,1000,true
1006,6Rn8TqujHAK2ETFPYg5BAHdXrrGtMFe9UpahcxZbWQQG,1054,1000,1000,1000,true
1006,2UXEtdBXsyKjGtTMuQvgKzwjDq9HD9zgssXgH6NeY4ew,1057,1000,1000,1000,true
1006,K82RNfiyzWotK8gfLaDbteiFTX2aXpvPTm9NVYm3EdH,1044,1000,1000,1000,true
1006,7twjfsdPwGnRwCDhyGHDMSxedGVmaimhaNcrQeVL8zTP,1055,1000,1000,1000,true
1006,GkH61Bg67KGqDfmG6vMBxpR6EVfq7TTogLpEt9oQtADU,1049,1000,1000,1000,true
1006,GSDpVQjt7BYUg2TN3WMrFhysdi3gBVXLaQCv7ssvfJiy,1049,1000,1000,1000,true
1006,FWYrMn2WzcS7CiUSCmTy7RXiCYRM93WwkEn66LqALz24,1045,1000,1000,1000,true
1006,BVLj4QYxJ9tDuYtpd49Dca5ESFG1bhs3bKa4dhpPfC3B,1039,1000,1000,1000,true
1006,5chx3Epj4cKdVgcNXj8S3LJX8cfMuV99Q8dzcn6Vvcwe,1039,1000,1000,1000,true
1006,4jeRGXXWCJf7DnXjZCXE3aoeWPTX9mQCSrzxpxargAKQ,1012,1000,1000,1000,true
1006,F8CLvE6tbkAd3zU9jmNaSGGNkQQMhq9rqjmVJJP8eM35,1046,1000,1000,1000,true
1006,3hGKrigeg74j57ipS3yYqvRhf5BueLnsuyBSiqaLpJ57,1046,1000,1000,1000,true
1006,Bpn6ErZuwpuoqTrBuamrguAkYcWr9bu7M9Vyp84C1EyE,1042,1000,1000,1000,true
1006,8Bn8X2TrXMWtdmwQFXw8iP3yF6E8DLS7aVbLaoxzZ8L4,1031,1000,1000,1000,true
1006,9hgVkNp97aQYpkYPab5JJy3DWi716kN85X3i6hwWnnqc,1033,1000,1000,1000,true
1006,EWF8Z6FotRBTfPpq583LjsuKTNofyn76UpcXdezd6LMN,1032,1000,1000,1000,true
1006,A8sDqD4iSBEybcEwbJGm7SjTTiuBTw1HmQPVbA3KaTbd,1040,1000,1000,1000,true
1006,4TswCPT6ZQBWmQLHhvBeudJTUNeEc98dPFrikKXF8KaX,1040,1000,1000,1000,true
1006,2o3YkXxp9mmy6SA3yNuBTaUKdsS7GXwUrF2PAGodhkXK,1041,1000,1000,1000,true
1006,8nVMB9ASBvAC24h7WuUU35UGBDESpLYTzsZgh5T2iYjq,1007,1000,1000,1000,true
1006,6GYLP1eH1MhFDKyCDffhdaB8rnKGCjWWfBjZHmi3HiYW,1035,1000,1000,1000,true
1006,9hBCFoW4ejLPA4fUBu39tfBuYeb4XhddvMqeHYjSPu45,1027,1000,1000,1000,true
1006,6ddtb6C9nHDLc8FYVHEHkMVZ3w3qAWDicAGQxQKJxHBD,1017,1000,1000,1000,true
1006,4xwKG7YT4t5v5Zo2zi8a4kRE9YzeJPNEc2Q9MLwV6CKr,1013,1000,1000,1000,true
1006,985DqxX6ssnDmr8dBEHoufSyDJT9bzXarmXi1xFcmoC5,1020,1000,1000,1000,true
1006,D8fKQsrkWpctUgZMsoXbKVVJ1jcEKKJxLBhcanwVDaGG,1036,1000,1000,1000,true
1006,6EGt7PfDqYg8jGmVqNqtDnR4PnEUUoUnTkVwtAYayAc6,1026,1000,1000,1000,true
1006,3o3wdqtZAqppfFUue1HKTzpHdqvMrd7TfzdzLrw5CFPr,1029,1000,1000,1000,true
1006,7155HfUKDN4rFnMN3WXdhuFoBQ2zzQ3ia8aobuAumDYp,1023,1000,1000,1000,true
1006,3CNwaNzjiniPpfTbxS8Uzc6tq66TSKipHpJEnyDN8Vqk,1018,1000,1000,1000,true
1006,HY1PtjEXYDjzC6bDN9Avfg7bhq78giK49V4suCxTnE7A,1030,1000,1000,1000,true
1006,8T1YfZgbFVfNbY1PHDqiaNFJ6dZFsHBaDMaA8QUa5U2M,1021,1000,1000,1000,true
1006,7f4pHQyKmUBwuv6QwEcca1mFerENRsBzuYaRAjRTU7ZE,1024,1000,1000,1000,true
1006,B5o9iATSTMobSDXjVesVcbMmdK6TutDrdtmoQ1f4VsZX,1024,1000,1000,1000,true
1006,ExwdVytnqz23r7fNZpa4s16pZDfkohuFSr3AG15YmRKA,1005,1000,1000,1000,true
1006,3LWC8cvnvRpPaRygSfXM2uDhP93WbD8nihGNZkcHSZ99,1005,1000,1000,1000,true
1006,6vJ8pWhMeADaqHdYF6aNM88cbkWuScPDJPB8hNX7w8KD,1006,1000,1000,1000,true
1006,9619yMyueNopAGsgpRjVQiT3oyDrXS7rGqoF3o9go68i,1019,1000,1000,1000,true
1006,CiBUB9nWcWf3bSHdDmLStD7m6uKZcHBCydKyBqgjCvez,1016,1000,1000,1000,true
1006,Ec3XDuaV4mnXf73NfTagLUb9BM5TFmJ2g7SWcNTYvib3,1008,1000,1000,1000,true
1006,md7f8BauCLfn99pfeodQG7Djo9aWaXnNroxL9EZmrP9,1010,1000,1000,1000,true
1006,3atMsxV1oJfzkSBz6x2rDc5xu5kT8zyAjGtqNFjejXff,1006,1000,1000,1000,true
1006,Ck7CHZV7PFDpAK5YURd74oDYW6HTwwsXKYAzzKtrhdZs,1003,1000,1000,1000,true
1006,BukUXBGzHQJUbrgFRhVEArPZnSkBvvdNRi3ahJtHr9dW,1006,1000,1000,1000,true
1006,6XCxSexAisxDMKSAtRFjFxLuXZ2Ykwcgvq6nUU4Q2kyf,1004,1000,1000,1000,true
1006,4HNzWhjht4gPAybSX3WKjNz2GySmGhiimC3S5WyFoXvA,1004,1000,1000,1000,true
1006,843aLDc5XjrtAc82KoSbJVpu6CRBJkZKRnTkLFs2C5rp,1002,1000,1000,1000,true
1006,9tF1FdUxx9mSKQR13HK6LjS8jBExuNLnNjXG5rTtjhYP,1002,1000,1000,1000,true
1006,BuDMKDPv4wYMV3GM4KQaVaWWzMH7FTU16qz7AspNuqzG,1000,1000,1000,1000,true
1006,ByjQS8dJgPGjFMu6i1ZzHwrPc7B2e9fMJF84PiP7dK7i,1000,1000,1000,1000,true
1006,675S4HoT2a4zwpcUxNXnW6r57ttVVmJ8zxPJshhj4uSA,1001,1000,1000,1000,true
1007,Dhifav3FzgSbrfBo3cY6npownyte3qeaqhHRytt5iqfi,1201,1000,1000,1000,true
1007,BbinQ2LS8YA3iepQsYpZE5bPp7VLPLy5xTypZYyj6f1U,1194,1000,1000,1000,true
1007,Fmz6HQTNaUeqMXz2KNNVjHF5YWQkdy5ZmdMgb3Yix7jM,1195,1000,1000,1000,true
1007,AMFdwuRxq2Xz5SvNyihrcoaLKstLpk1wxtP75tcLKAYz,1132,1000,1000,1000,true
1007,DkTLpKxwqcocJ7K7cy6RScaCNMeUdMVbkW2zdmDn2dom,1192,1000,1000,1000,true
1007,32S67QvmBQny4CDonPiK2fTC1ixiQdh3wGxkXaXoWZU6,1177,1000,1000,1000,true
1007,8Z5tmBtUfZV3Np9MuYSxy4aU5UKNkUaE3JwzNWJo5J2h,1193,1000,1000,1000,true
1007,3T7j2d6iKyLYKxj1qMpwnSuJWLAkihz839DnH1UarN6i,1190,1000,1000,1000,true
1007,Bg37U5qEvwAHqYUghXVdLAjhsoA7dzAg3eCysLPZ3fL9,1178,1000,1000,1000,true
1007,ExyYGR5nGQc9Hq65rLWHTryBM5iJHgiA9bwrB5ewVqKW,1189,1000,1000,1000,true
1007,5CGtfR8HbHQSEDLsDHkLNygAJRXt612nKeU3v6ZVUE8N,1156,1000,1000,1000,true
1007,2RHELxf7jAEreFHShDPpCE9pvVavn9qvrhQNUeLWLzzB,1188,1000,1000,1000,true
1007,xWr53bHJ8oh6P6rDkUg7fn6WadY6oeiRFuuwt4wca9o,1186,1000,1000,1000,true
1007,L1B7x29ddua1JR8Ujt2k5e7JszKVySEqhACoG7sZo4R,1184,1000,1000,1000,true
1007,6ZzwD6jAw56bsyC54Fpjvk7mw2MBbL6HF5KzWPxDpeVu,1155,1000,1000,1000,true
1007,8AMdEoJyfnVKV1zBbip1J2nHbKHCfcNVEKCcKBFT7kuc,1187,1000,1000,1000,true
1007,EoMommKUFgMHWLCraEk8g4ZBNi5DYEGo1gG5d7Wgdk4D,1191,1000,1000,1000,true
1007,5sQjmMHi1YQmthZzTkuk8pvoPS8aH1m94bBQYGkj778G,1180,1000,1000,1000,true
1007,7ukL7m9QYwJHJFTRkgvWqj4mxSJKyBcg1sEmWvLTQEPC,1149,1000,1000,1000,true
1007,736FGw5YmrVc74R3CH6UoGj3NvqxDKYd1J6fLWWr5CMs,1136,1000,1000,1000,true
1007,2ABrrR1YjUpYLgzhstP4jAf6nLYguRqBF61kUFaBwFGC,1143,1000,1000,1000,true
1007,6XSLKGUdgBeg3r8Uz1zFmYHGHbv5429CwUzBXJdVa5p9,1122,1000,1000,1000,true
1007,C7UnECnkdFjaHWPfSqDitefas133HUatU8cBxXNxx1Au,1160,1000,1000,1000,true
1007,E4P6BcKj2XFATT6aApft2PtgXCJdUQPK7m1vLCwtQmzf,1185,1000,1000,1000,true
1007,2PDhNGyVUkWcurZdP7n7y4UhNMYDCJPmpnj22jbcJ1Sv,1162,1000,1000,1000,true
1007,J67xyJTurj81wuniQySG37KHupJrMRKswTeFAHDcnckC,1183,1000,1000,1000,true
1007,DtwJVUgg6LLjgzGPDcfYr56Sj5VqqfcNUWbeX87V7XvN,1157,1000,1000,1000,true
1007,8bx3tTpLoxzqLup59pFDu4TVveCZrP4VRWLTig3VQt7w,1174,1000,1000,1000,true
1007,5QmJjTCfBRe9sn51xuJGSr2JyYFy4kiZrwq5NBubv69k,1121,1000,1000,1000,true
1007,H1VJa1pAMAqJbsRiVmZTjfWkgoSneRQ6YBbcW9oTkFia,1144,1000,1000,1000,true
1007,4E2LtEecDbMipD1JJQ8ATZ7yj2DhS1TfvwzRxMw7TYZV,1139,1000,1000,1000,true
1007,GLiyPy7iu8ta5DfbbQtMd9v1xcNWfT23CZ1W2doEQqYu,1158,1000,1000,1000,true
1007,GHomVDzgiLZajmmTqiJJNCakXNgkt8UMaoceYRSWnEmh,1181,1000,1000,1000,true
1007,8uXecefLynRQKbbGu3x2YX4pe7FygJ2hybQh1EApfnX7,1182,1000,1000,1000,true
1007,3yuGY24Y8APzNA2vwn9aoihtUVsX8BXywdrTFS6JA2kg,1153,1000,1000,1000,true
1007,CK3y3gwpwBoEurWCBMCYDegQB9tokyyY3QkAHK2PKcdz,1152,1000,1000,1000,true
1007,EszRsU2iFugWwJnxBZGx2ro5HBxMrVMhUDtWXHMPqHBZ,1161,1000,1000,1000,true
1007,4Xc8i2aLHdjcnp1tNR2UfE84Yw3q44NmHQpuvP5E3mY8,1151,1000,1000,1000,true
1007,2iLpXmPTekHoc1PKsi6EPPc52p5BwWuZrW6La7M3qZG3,1150,1000,1000,1000,true
1007,2Qv2geoUsUDQW4yv7bu8NVXb1ALyGcRJH2uPvAGqTPDw,1148,1000,1000,1000,true
1007,HN3ZiC96UFjuNLHuxLTfaLfhLStoXTgz5KqUsXDYxVPc,1159,1000,1000,1000,true
1007,82H8GNEM3H4ThRrht4Zh2boQtoGTRm5W4Q7bfCxzFEPk,1140,1000,1000,1000,true
1007,FomHCqycZb7b7vyV9bKtp2ytrHyT2DiWqm2jjdCHGsxo,1135,1000,1000,1000,true
1007,G23KiGoTXgAoGsJCnM2BozYa4sJMqipEsgRcvMiAHNyX,1082,1000,1000,1000,true
1007,HPbDSfSd5QaCQKjmCFiTSSDLpkPZF94YPhjfLnGaZahA,1134,1000,1000,1000,true
1007,GjWs68gEKb7xtu5wuKRVPQGSjKddNkYX35FhAMdZY5Ku,1147,1000,1000,1000,true
1007,4734eEDMekpu1x2TG2Qw11ZKqE3UY63k3rUbGmDMCvBx,1142,1000,1000,1000,true
1007,14RmbPYQqeWR3o4MN2BpYkvi77kfWegUyVqLWWcmA3Ba,1145,1000,1000,1000,true
1007,H9t2BwgxrZyYd5oXEU1chsJYVNaUVPRwkSuCm8rw4G8m,1138,1000,1000,1000,true
1007,7rEuVWjevmHfzZ5ZUKygqCyqeywmYDF8KdMvCPGpvsve,1141,1000,1000,1000,true
1007,iEnD531bxdNi3f1kxUkuD9XSLNpHYERvT8Q8KvGq4KK,1130,1000,1000,1000,true
1007,CREw864M5K3eN1teBJx4bhs6r7ta5M2PTG7h23Z7n9Di,1137,1000,1000,1000,true
1007,3wCPxdP7Gh9SQdKfNoBubiLbGa7gYiBzZefZTTK2XXfy,1129,1000,1000,1000,true
1007,HvzpzoFLBhEqVBuLNgsijo4cPgRCeXfRbuUQDhvodsNe,1126,1000,1000,1000,true
1007,E8fsjvTrXcfn2uhNWYnfHZccdM7ffaAeQaXpMBPe8C3R,1133,1000,1000,1000,true
1007,2hrnJy8yHLvDJKUc6aqxaJBKXhuizXaxDmCwZhZq8xzi,1131,1000,1000,1000,true
1007,GoqH3ndvTxDtNegiqaA6dyEdgJYSsWxpRmczUmB19mmY,1128,1000,1000,1000,true
1007,2NdmXv8JA4vadWgU28yd8tZ1tEvnrwMyDzWvx7ptxSnz,1125,1000,1000,1000,true
1007,GVpRfKPkHHZUbyN1Z2PzZT7h5dh3yTTLRfAZ1ytEGYig,1081,1000,1000,1000,true
1007,AKBLyTriLaYrfnnvjH2qHKr7Pc3DKzso2wACVyT9vcuZ,1123,1000,1000,1000,true
1007,4W2AYTWR8doAnKpV5UCZ8MUVGZGTbBBFiLuobwpjeR5c,1093,1000,1000,1000,true
1007,695jAqKZGspTnzZxR44us5XXVqsHGfRZ4e5h9xUpeygg,1124,1000,1000,1000,true
1007,6GGjwEkc3a19VLhaA9gfKK8UpVJwd5aNkrANQHkZxxTB,1071,1000,1000,1000,true
1007,BEVdzYBbD3vNk42ZKfQDXhfA6GVazcAqzR5cSoDEDtyE,1127,1000,1000,1000,true
1010,HhRMLDYskzvwNWfN7gTuFjPobPKQ9pvKcQVecM7Nvdo9,1163,1000,1000,1000,true
1010,tXfZY3mTukyNir8Y3VnTBAG8hRY2aomxAmDuYpqw98z,1196,1000,1000,1000,true
1010,EsNC5oNHHs5VMqX2MuUAGQCJrr8CcJyALWGqB4fxLjuq,1024,1000,1000,1000,true
1010,HR2EEcDH84rJBppZgrVTW5K6rhVVd5dHFWsy1PUW1M8o,1198,1000,1000,1000,true
1010,Cptok2FriCA4hH2v5SAJymEnzBpBSTrkWxuriaZ6Kk8o,1197,1000,1000,1000,true
1010,9yU9Xd7kBSA1paSaBfzsvf8fRtGLcXzsDSDwczm2dSZG,1032,1000,1000,1000,true
1010,5efejQ3aVLnZWJKwuE3mFEihnjwWBuyq4SWrLpVb8Ce2,1154,1000,1000,1000,true
1010,E3zmdzUBbmRfDfbgfFadw8mLbh2XMXzjSenuBXHAfZzf,1008,1000,1000,1000,true
1010,HYoXDu1UFqsXpBvQUj7ynzt53wMyBGhWTG9USbroMXje,1175,1000,1000,1000,true
1010,8XKqgAzpRDeM3sPbp742URRHHJRKAt2zUJsGi9U1qprp,1007,1000,1000,1000,true
1010,2xL1HbdxmUFZfUXvn8xojKEicnDVqXRdfp8nQmkoARhq,1179,1000,1000,1000,true
1010,9ciK9ZZs2neBn2nRZmLgUQPQ4HuP69EbSvyrCg6jioHo,1047,1000,1000,1000,true
1010,CgVdWfyfE2npaprkRQWiTBz7p5BjyecXT4x5Z9HJGHh2,1033,1000,1000,1000,true
1010,5oRCQJfKkzCAZLMQkQoiXhAso9KTmb8SxfdEV31tZXk8,1030,1000,1000,1000,true
1010,CTguTz2j595tBtX7yxYf9U3C7ks1MXacrhTrngDLEmjs,1176,1000,1000,1000,true
1010,6v8FRqf992Hb2Rc4ziXWN571Y77fcHXCwT5bNvhZU6e8,1035,1000,1000,1000,true
1010,2eYpa82mPyuTdAHRU4mgBiZv77qFNqU8w1r4GveCWeLw,1053,1000,1000,1000,true
1010,6JCfbH7LqiZNovi87ffdS1XrpBZq3UbL9CYR8koNGm53,1034,1000,1000,1000,true
1010,GcD4ir622iXfeRJkKBEU6MDnM73sN2HcjEAte8smkD78,1036,1000,1000,1000,true
1010,GGsiotCz7vPeN44ha6gF4eZ7BgS29mj4ZpoWcyuUwX1v,1026,1000,1000,1000,true
1010,5F8T6CYsi2LwvTs2qrKAkHQGZsWA9pfcfmJcqxCisECs,1023,1000,1000,1000,true
1010,Bz9tdbTXcZ6SkJnNCNeFxGMBP4bPDdJyV8Qz3526x1kS,1010,1000,1000,1000,true
1010,Xju9PnTCSvCBmJF5j9yDbLP3c5Zd2Khp5738GmYAEr1,1021,1000,1000,1000,true
1010,BQWonYr4qDVZHt5aJ39eNnYWwPS2oq9ZrzHYMcQEda4s,1031,1000,1000,1000,true
1010,9vg7AQMcwBtEjJYRaAMFPi25q5j1WXQwE2wmNY49UpSs,1005,1000,1000,1000,true
1010,8aq7c1tAqDMHTtnX7pbtNTVLqwhNb1jL6HRcExCFUfwx,1011,1000,1000,1000,true
1010,Dm7GP4ddLoaiFGKhQQwUmvXckAkNTNhq52cBMrQDLQS5,1001,1000,1000,1000,true
1010,EhGS4H4eUf79UcHbtxQCqcENyM8NDu9FCtCmAiZBL28r,1014,1000,1000,1000,true
1010,E9ny6G7UWKu7s3u9AJ4zmLyZZGZPNEYbpT2GCVcKeYSQ,1019,1000,1000,1000,true
1010,2WkiMryznXSGoWXcpQuKi6mAsZhsRUGqUp6Esonzj81h,1015,1000,1000,1000,true
1010,2H8LNZcbqni5Sc7N9fgMZHukMo8kNxAfkiQjXfwbe9cz,1012,1000,1000,1000,true
1010,F8abaPTEYwx7xq73nZ9tHt52uTDZ123cXZr2pgnrDqg,1003,1000,1000,1000,true
1010,8V86fC6YKEfwRBQhKt7T4p33jcvL7XAhJP43Db99wW1C,1022,1000,1000,1000,true
1010,Au9L6kLqRJSHiD9ofS5UFGJbpqPi9uXA93XJfo2ZprWM,1000,1000,1000,1000,true
1010,FAwGrSoAtABc6Pvgivo5J7gLzisVxae4gd8pj6DJRg7g,1027,1000,1000,1000,true
1010,D4SCagddLi5BwbwPRXSyqgJAS5MDmhd2QErzaWm2cUA9,1020,1000,1000,1000,true
1010,BqH4YAsG87is2jyhfnD1fHV9ZKVkzqNzJqYDzyUSLEAM,1006,1000,1000,1000,true
1010,BwseAQqReZV8XHyxuDioi2PaZfQwrS2oacoquqkDJjW6,1016,1000,1000,1000,true
1010,AyQorcw4nqGqkHEDZS6reTAWUsaBtovJvDhuuWXkrpbZ,1004,1000,1000,1000,true
1010,CA1PXNHU7Xf79NXKySNxJGoxYfWSJdPmgsQ2dgHnkXYB,1002,1000,1000,1000,true
1010,GpSrC7doDDPjC5UXGZSdxRMLyWjckXk9PsnPfXfgsKPs,1013,1000,1000,1000,true
1013,J2ZitfPJBEpSz1Y1fXFu2Q4KyL7jKFs1Gxd12n4zRxBw,1020,1000,1000,1000,true1012,FEiehF2RB7fNV1KFKqYsa8nhDpQEgBQuuz5cJFw2xmXs,1055,1000,1000,1000,true

1012,Egur1cHXS5zGoouYJYfqn4Uop243BtqhHMoBLeHSPMuj,1105,1000,1000,1000,true1013,E9n6eU4SSUmnTr8QW17BycLmS63docveptgpXDAYB7KL,1037,1000,1000,1000,true

1012,8mnPtGys3K94B3LfUMQY6iRCxjpiH5V2zA7NLYe83jQo,1085,1000,1000,1000,true
1013,7BaxCw1i1X9AF3nPCSrN5NJ73Gng8QgY2qDLUdxGBSzb,1042,1000,1000,1000,true
1012,GeDVUjdyD4w5MY4dQ1ndVUJMzEnhG4raFBfmHufH3XEe,1101,1000,1000,1000,true
1013,FMR2EES1j7Afgy5AGQJ7vB8Lnr31TmWkmhVecEa2xFgC,1041,1000,1000,1000,true
1013,56442gmirLSsp45eqDCC5TAjXiU25u13nUkiaibJfkRW,1006,1000,1000,1000,true
1012,3wW1kTuaSNvoDAYjjf9wAC49uqp57tGBiMjvi3w1KXs5,1015,1000,1000,1000,true
1013,6wnufS5giTq7MRgP9Zb1hR9B356u5JVweCY5YMf6hGvn,1038,1000,1000,1000,true
1012,ACiCnwd4eJD4aBWGe6jhAvYPnE4omFTvkYedzXBHuCys,1050,1000,1000,1000,true
1013,HWWGNxgv5zN1fp1ATm1qJTYj48HWRycq8Y7WDZy4DGm9,1024,1000,1000,1000,true
1012,FFfPsHRgRoGkTcn6fh9pSbtQ1qH2VuGb45bxVNzjv2DT,1098,1000,1000,1000,true
1013,9oHUTdYgZG1quD9A6YgyDFCxbiwJnHrVjBM83b2aFpXL,1022,1000,1000,1000,true
1013,44JRXx13B2QK1UpW5Q6Chx4M2i1jfEirAa5QqHCeFxJp,1020,1000,1000,1000,true
1012,2U9ULPgwsBxbubGHy7YrgZD22boVvqeYn5c4AJjFKtRF,1060,1000,1000,1000,true
1013,DHs8ZvfLi5i95564MgMrPeZqXDDz64e26sBDMXuxnrf4,1023,1000,1000,1000,true
1012,5t5rL89dVvDTMkzFT69vNqnTPC6Tc8tmk1wAyz9GXrsq,1033,1000,1000,1000,true
1013,5Jet93ndbnjwMbMV7mnGSS9J5kep2urown48iwL53mQC,1036,1000,1000,1000,true
1012,5ZXj8QhavWQsCpiScX1PCDBbP2DTDRuLjkbZmhmwbTDE,1056,1000,1000,1000,true
1013,9kczAtYzdSgn6GbkJkMi3xydU9rS2PRvmEHA7bQNAgcs,1018,1000,1000,1000,true
1012,kiG51Dn5yJhCrDuh3yqga3miuS4i5yNoKhLmoA4kHTX,1057,1000,1000,1000,true
1012,GYft34rmC771M89HA5JkejsAcNEs617xoP6UDVq7yTEG,1034,1000,1000,1000,true
1012,EcBhcYdJtnY7AvaoEbHB7Z64TSjFEhULh8A7dSk7iZGT,1062,1000,1000,1000,true1013,444CMYNZLaE4kiZvBaLHdT6qqHLoYx4rSkNDySzXX5LG,1018,1000,1000,1000,true

1012,BK26G31BKtwyaasr8Lc4zih2rfwS6gogUjP18N93yhLH,1052,1000,1000,1000,true1013,d3aihMBKhvCgMqDeUJT58PM1bP6FKu7532MvcckGAsz,1007,1000,1000,1000,true

1012,3ZiF4pHXTkYjH166DcQzpDd2ZE5UWj3sDkQkYVW3bCfM,1091,1000,1000,1000,true
1013,2AZzqZbxX6i2sfMucWtXd6tbcKYQmqvHEsGmqZczZkgH,1025,1000,1000,1000,true
1012,J95dKwXMYAeafpWUynnG2YXaypuE3AHcfJRjyASCmNe3,1043,1000,1000,1000,true
1013,BusFnVkYKchs8uY5kaSSsJ3iN5UjN9pxm7sqJkFWpSgu,1017,1000,1000,1000,true
1012,AmyM1qti1xwPaYrKLqJcZ2NvvM8sCEksV4HozXjAQNGz,1058,1000,1000,1000,true
1013,FXbhPM5JPP1NPhaJZDhyUQptg5i7G6k2xEC8tWGFgYmk,1017,1000,1000,1000,true
1012,L6M8DFmUt8ufjgsKpDoHQTijNWQbr4AtHkEAAQ1jDZF,1057,1000,1000,1000,true
1013,6HiD3aE7M4WuqWTQqLKHLmTQQtaQE2sJsVtFzeXzQE3L,1017,1000,1000,1000,true
1012,53CoHnULXtYTFyEfMumFWAo3iXsc3X9KZXGgAZtjkNfv,1041,1000,1000,1000,true
1013,7tvrsXdPkcPWmaCdStK6ztTZ1SmnrmarUUYQveZS1aLt,1032,1000,1000,1000,true
1012,xCDYBY9bNoL8XY6hMaW3KzLwzfW8XKYxn43WbuWwbRC,1054,1000,1000,1000,true1013,55hBNCVGvHa3vCnDZqatRTfGT2iDeydHroPgXNKVtXjv,1029,1000,1000,1000,true

1012,6EDVnjThU8HnvRbWx64QQJt3Ys5GRkXCaZDqXfwtD66J,1050,1000,1000,1000,true
1013,B1TcFdsqziUqFfdbSUtn8ZiJxqCMfYGxp6G7PaY2ULSq,1029,1000,1000,1000,true
1012,Bg9hEnyAGqKMtLPRpHerc1j854jefQ2atrUAnoB7PmSN,1035,1000,1000,1000,true
1013,Hee3h2ZJYtGkxa4UbvTrjeLEtFQKfzi1YY7natimaVfw,1028,1000,1000,1000,true
1012,G6DZ3FzL7GATJDuUK6NeJEfj8gAxQFXE7cyhVhpo4xMy,1043,1000,1000,1000,true
1013,Ddm49TGpRmWhCQwJ24aHTvxDhWKU8KF5mwqFetiUQvAm,1021,1000,1000,1000,true
1012,8gq2jPRM9hvgZoGyocMy3kimUgP8t7djALhqPKSXgaZh,1051,1000,1000,1000,true
1013,61uN248J6CbNMaqsmZfCQCcxzUZ11fZZVVKBvKPnF4fv,1005,1000,1000,1000,true
1012,AAUAVGWCMYXNpzwiAxEFywkG3xeEZdh1YfdY3kn1TGsQ,1051,1000,1000,1000,true
1013,JC3wYEz4jZ1yX1VHz7bHGFMB5K8G3MKds7Sa9QfSiUa9,1005,1000,1000,1000,true
1012,Hb6NNKXJCtA7SZ8aJs3vm5TrJ4r1fV1XhsZEEu7bFPbm,1012,1000,1000,1000,true
1013,7PrsEAMynab2kLYccvCeuKLpCgDMh9vzxwEXxBRaKXLf,1009,1000,1000,1000,true
1012,9uCvtVjPk7EXVEGd17XTC6dVx3vq8tQC9bgwrGe1X7dX,1031,1000,1000,1000,true
1013,BEKcY61ozzfV4VUoALbcoWUYthdhVFay5Nk7uqYQXVWm,1000,1000,1000,1000,true
1012,BjXZP99VDYLUJVWJsW6oxowz9ViuY99sbg91jvmPB9ru,1026,1000,1000,1000,true
1013,6Vkm21hM9iFNUuZf3d5kTPz3DVtHGpyrSN2YdqR7GgWD,1019,1000,1000,1000,true
1013,4kwTSLUU7FPDEDfxMkDxL9i3xc2Fo7tnECmUCpqN5QkX,1019,1000,1000,1000,true
1012,92bqja2fvRa4MDhA3gqY7M7Ead6XbgXcMqX6eWQcKRpi,1048,1000,1000,1000,true
1013,7d3ZL7aBhzkf4HCV1SJtpwwLFvTu8Un4ahEHvf6pzZ6f,1016,1000,1000,1000,true1012,C9RDzSokqPPRZoh7W5NvKZHcCKLdbgtexLgq7tQS8eEs,1052,1000,1000,1000,true

1013,3LyEX7VRmppmowRgHgqjju2wWXdqxMh8XtJq5i1xpVGx,1002,1000,1000,1000,true
1012,6gBZ6ynwVTRkmdb85Y1Tvwn9KEt189uJ4H3hnJDBgSn5,1034,1000,1000,1000,true
1013,716naxLhm94wLCAqHXeEo6Q2QA2xDv98oxthCgvP9RUW,1014,1000,1000,1000,true1012,7w8k2rR7EwY3Cchmv9Jq2AxMTfRSe6mNgX7Co5Dn8SpY,1030,1000,1000,1000,true

1012,2jmHrknsCzpk2jmWc9FSiSMWB4pfAyam6je6KGZhaxjE,1049,1000,1000,1000,true
1012,FsnimuVV219Tin8uBeKXFsabMb7irwo4yMxNNmwbroEw,1037,1000,1000,1000,true
1012,79v917JXHtTMCFyn9RgPQp5uDSdVScQVJMvoFijHT4q8,1053,1000,1000,1000,true
1012,6DdzMxxijzQ7mS7vnMKx76vVxPU2HNuJUoybBtLDXS4C,1044,1000,1000,1000,true
1013,8i2d2bA27C8UQojVEyypHdZBGwkt9Mw2RCmU2HdJ4Wmk,1014,1000,1000,1000,true1012,6hNmFgKZNwtQtfg9LbW7RLgT7163TaE4HQGQ3SUtq88A,1044,1000,1000,1000,true

1012,9eNLiog4KVzTwf2t8EpERSyVT2wefMXsNbzUE7S1eQxi,1039,1000,1000,1000,true
1012,AUG5ZyFH3JEF51xF31XZQLL1qSkev63Ui58f9jtEYEVx,1039,1000,1000,1000,true
1013,3rGkxJxJUrzkGs1caoYFPkwzxEM43mN5wWYtE8sw2XJ5,1013,1000,1000,1000,true
1013,4FVqNWENuJskvjWUj5zancMMAtCkaWGnu47ttzgj5yys,1003,1000,1000,1000,true1012,6khQCqhQ46rEajB6Nzi6u9VDVF4AXgDDK3fHbfTnsaD2,1025,1000,1000,1000,true

1012,9CuTTAUS7B9hee7XJyHUUjj4NRbZcVq6dGA561nzNerK,1046,1000,1000,1000,true
1013,DVpmfQFdoeo1izCFT69XmAnVd43GNkKkLxNJ4td2sw4p,1004,1000,1000,1000,true
1013,CYh4rb4jCEwaS3dLJ4UoVUS5DvycdnHgforW3jWstWxk,1004,1000,1000,1000,true
1012,CTSP69AXEAuRTSMFsMYTTSFvR3xEiu1UmLtiEXt4hAtb,1046,1000,1000,1000,true
1013,Cob1Wk9gAratWeZ5txak4H4uyvDPqzFy1vm7xray4LTh,1008,1000,1000,1000,true
1012,7oVFo7k9gtywqYg1QPm8nM4yDzUeH16rTfprNAWaGfLV,1042,1000,1000,1000,true
1013,FT6UiUiDasmnVtzMrs3QxfDauUZZKc8AjCsMrkafRtUL,1002,1000,1000,1000,true
1012,JCycaB8e1GFjC8E1iPNMH1nBHUXTwQEe5akKbJQCkzEu,1011,1000,1000,1000,true
1013,GtfntJxRNqQtB3igqnuUsEiU163EjHyWyA7SJcUGkw2U,1003,1000,1000,1000,true
1012,ED1MqCgXNzcSiHgE6Xd2LfjaYneSBn5H2n1XNVSf9j53,1045,1000,1000,1000,true1013,CDarLWRfu2zu9uDAEgsAR3rg2zEkqofbFHMXHFKiNshq,1001,1000,1000,1000,true

1013,6bWggxcD4WF2TxqijZL6ZgMtqXxCdG2GNffC68esiULk,1001,1000,1000,1000,true
1012,D7os6prRcBkb7jzQQP98Uca6rvdDdz9wr4DkV7dkJP45,1045,1000,1000,1000,true
1013,BwnrzNKya6Z3NJPsV46adG7LYSi4HeD6NhNp1n1Bx8JA,1007,1000,1000,1000,true
1013,DSsiYunTfzTrQxd1GptKGsHa7SqibNCNLKZYfYZXHCZR,1006,1000,1000,1000,true
1012,Fayx8WBP32KxFStbdEvBPCRWRiJesSxbpFMCBDmrj6aY,1027,1000,1000,1000,true
1013,J8DriYY4p8pqaGeiFrjGNMkL86nrNepMxQdbkgeRmZXX,1000,1000,1000,1000,true
1017,FPXum9pLz4t8EwEh4kSXJ2RRMosRZ43txR1ZtUv1ANhC,1111,1000,1000,1000,true
1017,CFijyGJSeAh4pAF585KjH6SN1ATzL3ppJVCAvNZS4HSW,1113,1000,1000,1000,true
1017,9PB3rbRJHPfomcf1nKhHrYk7F4X5HsMxJ5dm6h3B7KUT,1057,1000,1000,1000,true
1017,GMFRFNi8p5VgZykQ9nzeTkeWQ5jQjaQncBgVMtwUMoEY,1112,1000,1000,1000,true
1017,CaHAJPwUkuebPTRD8KEQ6McRzmcQEvaUquQrf1xhuGZ6,1102,1000,1000,1000,true
1017,HkgDZ2mHAmkSky853SNX6ZTbzvJw5iG7tACVKrfqY5jF,1077,1000,1000,1000,true
1017,75ZwVeDjevDmfjXoDBcWmSDuLSJHwMhn7ejoZQMZvYC3,1122,1000,1000,1000,true
1017,9uQNS4esAvRbAec8FAxc8ehZPdKfU1fvGwSduxV4QokF,1070,1000,1000,1000,true
1017,GDzrfbY6uxxiWNhg7xidhNLkbuP1SbvQKD3hybAhAPzQ,1062,1000,1000,1000,true
1017,4LL75XpaxKX44SK2aN1FV89R2L3HUaxU1NpcWhb8chsK,1015,1000,1000,1000,true
1017,3d1xyCEPk26j9nK3i3Npr1h3RupVZ19qSYvpKasdVZX5,1079,1000,1000,1000,true
1017,FaAx8vj8VzzBcq5QCyLMsVaL89hvTsUVBWnm9DimqRm1,1076,1000,1000,1000,true
1017,HSPFi5wqh9zWPydycbLubACtvN58sdLqfmQ7fRACvq1q,1058,1000,1000,1000,true
1017,9GW9Q3mdR9Rytxu5iNgYkgoWREQvG2ma6u4GCH1Xq4Cx,1101,1000,1000,1000,true
1017,HM6cPzyeMffa63BzvEGQXkvn1qbiUMCFqqcf5YxkkwJe,1071,1000,1000,1000,true
1017,FGYP31oj6wWShejnTEoKQ58p8Z3sKepCyW9cHVdzvrh6,1099,1000,1000,1000,true
1017,HYQe4X9DD52TpLWo4vxy7X7e8jXHwLsmDd88NrmqsiBY,1005,1000,1000,1000,true
1017,2gjNCmZizJqkQKMmqFYqwLJwXy6xEQdec7sneHxXoqFj,1061,1000,1000,1000,true
1017,E4u5FJBii75Lkp6apBRrDbfzPeAWyYnoRmJTiM2aBx6s,1100,1000,1000,1000,true
1017,5KRu5psGbCGNbwaeUnRuTWxystpjzTy6kZzsxB3h1gSt,1067,1000,1000,1000,true
1017,EV84MqNGNVbLx7b7j82dGQDTM6Dp1maiPxSb6Fz5srNb,1052,1000,1000,1000,true
1017,4iReShtPQkRXv3QFQhwBaoMir98EFYQfpWiR94iYgsLa,1078,1000,1000,1000,true
1017,C2TPBW1GWv19cZ6EBHiBtC28QPL2AVWCzqM6aMmQQX4H,1072,1000,1000,1000,true
1017,GPiExfMPoy7azoaEQzdEft7peiMHqiXyuiwnqh2am1RA,1060,1000,1000,1000,true
1017,4j5rW6zvXhSoJgMeH6gdmP4JpbaGrkgL3kUjrTVhDLKi,1065,1000,1000,1000,true
1017,4CYqtGfjhd3r86JzDafxGV89YdM8ZXHD37tPmirvGRRP,1048,1000,1000,1000,true
1017,AU5uhDq9Pzk5C8NJ8VMQyY7x3wLhhg2SquQEJ4oLjm42,1001,1000,1000,1000,true
1017,EAKuDeTbCgBuujEH1ATUAfvcBwSLSLJT88cp1QzsVpn4,1064,1000,1000,1000,true
1017,9kSGvvGEujwYjKgSsyuS4mofmkp336sF5LKYMsEY2bjL,1066,1000,1000,1000,true
1017,BusbBk1xxLqmhtaxCg3JUoTAuXKqMw9MnvugS48mWKuN,1056,1000,1000,1000,true
1017,H29WFzx5Puv4uu1U9pbu4JTZu9rYuvMdtFPuPx5QCVnC,1068,1000,1000,1000,true
1017,6Pj4AJDHnyaFHxQ3hruqwJFKhD3wtzytbhL6FKF28aAv,1049,1000,1000,1000,true
1017,2SeUUQr2yEuFeFAtGAPJG5WLPeCCXWtKeiCKbtEjDr9q,1069,1000,1000,1000,true
1017,4v7e9EkkM5tqZZR4tcn46kxPJgyePudaFkGpEMJ6rrSd,1034,1000,1000,1000,true
1017,3yTzAegsTN9x1PPuys98FofLbRDDaXkhimHtDqMPADn1,1021,1000,1000,1000,true
1017,7EqBGBnrdhCK94J2GHPudVQHwjeD7SP3oL5Uj4Y8PGeg,1031,1000,1000,1000,true
1017,SeyQMQsEmmuXuKjrVvKaHEH6jcxw4mf6p9ekCrjP4qq,1047,1000,1000,1000,true
1017,2kTsTLryi1t29r6AxbW71xQ4MieVisEfiZs8d7FvopbT,1000,1000,1000,1000,true
1017,6gi3orPpkPoQA9efFaxJnHgs7fzJ2Ze8Y5uYBRaqk8sq,1063,1000,1000,1000,true
1017,DB2f6KfWoo81NsqdwU9PJK41AGEF5wSZX64L9GNdCm7J,1050,1000,1000,1000,true
1017,BpwiYfXxNy3aGYa5Sw5Niay9jC2GaE8DjySAkt2JyUFc,1035,1000,1000,1000,true
1017,AaviaQ4ZvJnDZj7sWA456qGfWP6GyyCTRjqiR2iSEQPT,1059,1000,1000,1000,true
1017,6x7xJDyLLHCg9UeNHfjz77GZNherKJ3qVaUTEyn51nv1,1055,1000,1000,1000,true
1017,8K2kuydkU7bw2crARLZh5ogCR4CdtbXca2UHGGUbF253,1032,1000,1000,1000,true
1017,8oZZBspXrvn6NJ3RULvYPTfC1u1NBdqqQBhEiM35CpP8,1013,1000,1000,1000,true
1017,H5RKH35mJ19CyVy68M7eGXJ8evuST7XkgJmtaQvme6DY,1006,1000,1000,1000,true
1017,HGiEXjnyDU3tfFVFHM8k3tVzxsG3aqkyYVG6xg1Uo83g,1033,1000,1000,1000,true
1017,HZ6WtWavDUMCasobStWEiHpuUVHs18KBMTBq83rNsZQG,1036,1000,1000,1000,true
1017,8q1ejrkkwfC7WDTB48vfs9Bnniw21bjDeAXZ3QEZxKge,1046,1000,1000,1000,true
1017,6rdUBBcYm7izQL9VUfn5X29fU72X1JvZzpHMt7VzSt2C,1007,1000,1000,1000,true
1017,2TcAaTshtqbhtd8qQ5kDikjsiUFNwE7XE4wu7xQqSUbN,1020,1000,1000,1000,true
1017,7XWCxRucbxPU3GfiwYrXbwLeRau4GjyKgMR6jktSQbQM,1045,1000,1000,1000,true
1017,VsvMsFD7T9wDZFpj5MBtDZb5qwT2Wf8ZEphkai2E3rX,1017,1000,1000,1000,true
1017,EFdugssruwC7JYvBdLS7fpiMjo4UxjwGK4xyQbcbWNJx,1019,1000,1000,1000,true
1017,9YJJnDNiciybB6txizifj2gnfDTbppFvqhNXDo1TwgWa,1011,1000,1000,1000,true
1017,14sHvBREQkr3zcMrNDid8JGktZWAw5XvqfkimL1BccCW,1016,1000,1000,1000,true
1017,33Szo6pKdHnkkxqXcLzse8EWTGGkBt1ceSwohcdw1WR8,1018,1000,1000,1000,true
1017,GKEFvav6gdBtBNeXoP2mDcBrz1WzPrERS84aFyX37H4d,1010,1000,1000,1000,true
1017,8H6Qu93qMHrc4e2JcVbfcGfK6iySYWaUTDjiivtK9n4f,1004,1000,1000,1000,true
1017,8Mo6JTuWRXs8RCtmT7ERLJn7x9GbE5hrRcyX1nN41RWb,1008,1000,1000,1000,true
1017,APy4z2md9QU3kXhJiSHf1twoZtshCiMnsDqm99ukPzsG,1009,1000,1000,1000,true
1017,9mcFKaUpyczVMEECcRwErcsU9DKAkorLkbFJ9YUG6U2D,1002,1000,1000,1000,true
1017,9upmzzCAou9fhR5eqyd5GnNJ2BHRDaKhd2TvndoxJso4,1003,1000,1000,1000,true
1017,CUoBQ8ottBEEszLZ4s83bVWvnoJ6beyhQqHQ7DBRHFE1,1014,1000,1000,1000,true
1019,9cRAzM8qTn62S7vPbX7hG9gMHeWBstGc5NbwEzH4s88H,1164,1000,1000,1000,true
1019,6MMTdqRX4eRvLP3bQyKNwLM8vhNGg31Vh3N7aNmQSC1y,1203,1000,1000,1000,true
1019,6vbQ1pUypMh3sLgFAafG5nneR83VJhvKj89jAKDWwms,1023,1000,1000,1000,true
1019,EUcsFqKpQwswSbDhor6B3S8Q6e1mZzpU7qeNxKc8h2Lr,1204,1000,1000,1000,true
1019,61zNu6nfXGJVKrcZ5StzmNxDtnH4teymXeaPZLPJVRYt,1116,1000,1000,1000,true
1019,HP3SFh9xnErr8N6KL4BmdUm8YNcMFxWAy44tMsRP7Z8b,1114,1000,1000,1000,true
1019,AAJPDT9g7pZZmDvhNsonxqz9yu1SumVbsaMgiRku7nYw,1086,1000,1000,1000,true
1019,CcK5Gq6Hkz6UFED3s5yVkytk1BfR8KK1bQ2kUG7yDDji,1182,1000,1000,1000,true
1019,7rB44v39NRXQXFrMeuGAWbKRob821ZNJBPGDXedHSYPk,1025,1000,1000,1000,true
1019,DcJQRgoJ497fjpg75y8iLvQHgfHKinbVfZJVo1msgSnk,1180,1000,1000,1000,true
1019,7Gzz83UBtJRuYqgCVxDqEvJ8Xm3HBWxshGEcs8Uy63rx,1127,1000,1000,1000,true
1019,BtoBVHMkRxGYw2DHS7etdahcAi6dUbG85EAN3Wmr7ntn,1118,1000,1000,1000,true
1019,GzaUnLwWm1767Lbt2TekVt83r5o39ymx72MfEBzBw2cV,1200,1000,1000,1000,true
1019,7J31jtG2Hc1pEQndLQkBLREb17XtFajDQZZmZ3LnGshX,1199,1000,1000,1000,true
1019,Am2EMbc6GcdZZiDUyZeyFLim8YTsYZzZbpo4KDqAg2iZ,1121,1000,1000,1000,true
1019,JDAXioUWX2aQFJ9bJ6bTUG9DCVTB3ALUdcJyuiuNyvbx,1181,1000,1000,1000,true
1019,7ypc53YPqqTifm9Usd4pQCKZA31szV9cqpbtgJSRwk4F,1029,1000,1000,1000,true
1019,5bCPSvs4S7oiycViXw3kwpWLMCaeoYtzN9JPS1vvdDiG,1124,1000,1000,1000,true
1019,J529aPtx9UgQyAaFsaENfnw6iCYU9p11KG111t594Hyf,1082,1000,1000,1000,true
1019,6eYo78N1bRcLVLmEZLjMhdqjfC2rv8TjL3xBvUqtL8w8,1115,1000,1000,1000,true
1019,4CehiVYf7DhPapJdKaL3kCkR3qRAaknWNNvvSGzEwdJS,1189,1000,1000,1000,true
1019,3dpByttMUHmeue9F7kW3T6yRLN9VH6JnBMt1shqx4RjA,1190,1000,1000,1000,true
1019,5QC6tAs3VeyQUDgNh6rVe6DSMuTCUjtesEAosZaYczR8,1123,1000,1000,1000,true
1019,T5JHED6rRa9pthDuQUE4G2czHhKEyTBkpTKP9ivnDby,1103,1000,1000,1000,true
1019,ATTRqdb5gVZmRpkg7P1aiTVgifvGyzM9ntsaH5C36TQM,1188,1000,1000,1000,true
1019,BvRJLvUw8hHKy3kouJA68pPcnDDvUWqDy5JDpxUouKra,1167,1000,1000,1000,true
1019,7dMUwhwhztZ5LXkkAS3ACz23ASz3gyy3L7dwEAJ5oMh4,1126,1000,1000,1000,true
1019,7AzpCKdHa8k7PcEBYMoeGWjw1cHrvSLfxfxKeAFUekNa,1128,1000,1000,1000,true
1019,hA2PMiXkNoUeyXvvpiViCW7UjtY9jQbBECK5YNkQ6AY,1053,1000,1000,1000,true
1019,J7en4pgqxETDtpH6dSVtWL4zf9rZ5nbeX7nAX6oB4ffU,1081,1000,1000,1000,true
1019,GBAzDG3FjJoZ4cBDSpSgKwo3kBc8sPctqhDXj8c5xHrZ,1120,1000,1000,1000,true
1019,FoSY93Q9qTK68tDuEUc3Xoq7oNoqgtft21hk1uFrTLhG,1165,1000,1000,1000,true
1019,GGCpTT6HVRdxWG4Vd8WFEeNig8GLMFLuvP6Uz72WTc5C,1119,1000,1000,1000,true
1019,EwHkHV4VJyDzGeGCetwW1kiUsqdDSSaroerh86RWozMg,1107,1000,1000,1000,true
1019,Abr5cXUoLpjTxJYMx5uJ8JpHVeqG9wJXh4CWmhDyoneU,1028,1000,1000,1000,true
1019,54QypPsWwnSXRJgUuA7um86P5JieDDRgMkLK8HDUTHGV,1022,1000,1000,1000,true
1019,75hRMtFKMH9GbUmvUr1xsZNihkZnEJVWhjD8DESBvv4i,1084,1000,1000,1000,true
1019,F1mNBWthRMATC7ye9GtPTDtj6MYhnZmstCNVPPDgjjkv,1087,1000,1000,1000,true
1019,8Ntxk1DWhP3FvCj5Jc2eNsmemdY4kaH75ECGwKiSg1bQ,1075,1000,1000,1000,true
1019,Cr8kSwHRzrqHVtkdVwahLfUHs78EwLWjSZV7QRiigscz,1037,1000,1000,1000,true
1019,HgaJLgpsjqkC1S9D6EaHBwL8U2HtMwA3x7ZLVQkwjnGc,1106,1000,1000,1000,true
1019,E1xk7aCCsy7HuRiP6vwQpzB2mfTfrdfwNRM15sxKnsFp,1104,1000,1000,1000,true
1019,Gf3hx5kuHrBHdxR6JsBfGo9N7U3gAdKpsNbZoD8NtAnt,1083,1000,1000,1000,true
1019,HUZZwaYL2yMsdEx6RTDm4L8bTgSqcroogotZTccEy78w,1105,1000,1000,1000,true
1019,HrVAHxyDjy3X78wWQxpBieTpiafy7DdZXKvuDgomJCsJ,1027,1000,1000,1000,true
1019,Gab6oYEToJMhAaJapYKiezvVoRmLqdoWk7MQKHBjK6Mi,1080,1000,1000,1000,true
1019,5cXdVCV8KuAxg7gLqmuXTPkCkzGcG48xU22r3SgxXEtC,1074,1000,1000,1000,true
1019,7AFTskqZTVxVK6Ho1yUwENSP8bNjA92wvFaTzQPRkNCj,1030,1000,1000,1000,true
1019,82XJHKwaQhYMK3sa7Vfc8RFys53KnLmBKfa3bsu2LPZu,1054,1000,1000,1000,true
1019,DcmyJ3D7vgvEos4Whm8F9P6u1iEyTEbMmHZwvx4NYmNL,1026,1000,1000,1000,true
1019,CXBn5RH5fPk9tkKghVpb7EsLzHAii67yL3gLKSoKSrc9,1012,1000,1000,1000,true
1019,BUgPpjRXieTBSS8UNj75XZ8dx2eE3ovsiAQhJ2BqXnbs,1073,1000,1000,1000,true
1019,BD9vJuLY2ye6aC9r6hfxgRExBVDnzk5sKP9BKav7zMKM,1051,1000,1000,1000,true
1019,E4ffGBFGCavZZoWBT5ranfBBCKxBs8tFheypXa4dsJSD,1024,1000,1000,1000,true
1020,5edZmjbFt4cxkfxLqWqhVgY8Vr6nLmPed78Wifpvx4Zw,1058,1000,1000,1000,true
1020,5LVz5oNPx1vyRHueWRWH33DekZG7G2VkxWGyhx2G9kpg,1298,1000,1000,1000,true
1020,FF4wV8jmVD7iBfm5MJpyfRRzYtHhr6G6EakptaQErqAE,1257,1000,1000,1000,true
1020,CGEscM1yasaBZzz3nR1SDCgbRfxkNyLsp5CLQ7ysj3me,1294,1000,1000,1000,true
1020,EnSsnaGEquTjFiJd3p46zknc7GZXZPKAQZZMBb55qGGF,1187,1000,1000,1000,true
1020,6ZLS3SssWkkwCAhm1PyW3TawYxA1xr2PpcynYE9m6But,1244,1000,1000,1000,true
1020,B3ouZeoHCnJLAiEui9epVEwG5LiW5DkjkmkxH7wsgTLS,1205,1000,1000,1000,true
1020,CXHDvAFuSPBFpzq6rNT4QrHnobw8z65dxYKhN9zZdbKv,1293,1000,1000,1000,true
1020,AMq9V5QZLDhUYPmHggZBXTKixZMeWRKu9nA6yqAU8Q47,1275,1000,1000,1000,true
1020,2FGZ6v2XMJPgPtbYNkJ11qqB6JAu9KGYiJaV52nK9fsK,1226,1000,1000,1000,true
1020,B8r4LgbLMKbHxXbuiKRc58qoLQRs56i3JeQFCfXQDX7L,1211,1000,1000,1000,true
1020,F67wyELXuWCVSErsmJFK4hWLaAEhRXQNKHVyrsCjqz8w,1260,1000,1000,1000,true
1020,4gJx6TTWhJnmeAJZcwLY1dQyRdZZbbAjfdr6TFXZegwY,1080,1000,1000,1000,true
1020,4DyHXRYo4vUsDMeKYsuVf1q3Aoc9WR3GJBzL8nk8bZ6a,1191,1000,1000,1000,true
1020,7v36mBqMFxfbgKeWSS9QznuLr4GoZnitdjdFurCNoxMF,1024,1000,1000,1000,true
1020,CbGaRXdLjnpwsay5XCa7y3x1ysufWqChhtktKs3vRMoN,1198,1000,1000,1000,true
1020,EQFZjv8KRhSknU48MqjMZu1kV4uXwTsWeoMkvPXawz2E,1207,1000,1000,1000,true
1020,BBfTCfaDbsDZTxfrFatNnUH2mn7GWtY43oZaBY6bXDkX,1292,1000,1000,1000,true
1020,4yHejPLAhScMWhJ4MQHQREchqTF4Kdy4YtixVhDW3X6r,1233,1000,1000,1000,true
1020,85zghZQsA6xRxUbF1jbamhzLocnq9pDLxGd25UC2iQsL,1250,1000,1000,1000,true
1020,4VVYtqoZCbzFWP9SyXA78ryfX6KTX6jnnKUE92ewhhZ1,1025,1000,1000,1000,true
1020,4cBVziPiE4U4APyDDpe5UCvDyAqMC58YD9VL3SGknh5g,1206,1000,1000,1000,true
1020,AuHnLPT9kJW1SGfurC5FG57hqmuJuuytWGqF2Go7jGHx,1288,1000,1000,1000,true
1020,2un2hXqoTvuLgwTN4uAKpWfoibubWCMZaDMZfkFJVkYs,1256,1000,1000,1000,true
1020,GUnP5gspx3Q8YJoHHS2V5R9cf3iWhytjJTz7LQykZh8a,1177,1000,1000,1000,true
1020,AmRNuhkGs3fdCBoHCnBHXGqU5KFqjNbPbut3UsGuXmH5,1192,1000,1000,1000,true
1020,BxWr1uUYXUbmYSeC5kkiA8dFApTKvHrvv8qGdtNR6FLQ,1022,1000,1000,1000,true
1020,52BJXVaRS5LLuBWPTg2ADnqVSSL1ACAhP5YPKCXLpK4C,1056,1000,1000,1000,true
1020,D9Bu54eZ9WjV39cNiAwCoRSWLF91MHkz8GfgqdQ1XD1m,1178,1000,1000,1000,true
1020,CTCAqSDMyhDFFGT68fFMdnPjr4ZC1cchbfiPKQZR7qDN,1232,1000,1000,1000,true
1020,BTmbkjwjJYm2XtE4WWvkiJW1QsNYTb8PRNTupzr68Z8s,1223,1000,1000,1000,true
1020,HDeVXS7AhMJjDzXTu7NXEAcBiMwBDZQLggsXQSLywBQJ,1143,1000,1000,1000,true
1020,6EECyvoq6fEFwY7smFVEZX5a2n9WarP3HfQQojUXynb6,1168,1000,1000,1000,true
1020,1gUtdTJNFUpoudJ71aKrLN9VycD7N2zSzUhRxnhMqMG,1144,1000,1000,1000,true
1020,GxzYLCSDsiyXkwgBEQjQ89s4zC1LjSpaP34WMi1KDzvL,1208,1000,1000,1000,true
1020,6vHmbVwghnhP1x2KWncDeRQ1GpcFRuEHcXLZnJQ6NuWW,1138,1000,1000,1000,true
1020,6Xg6w3e1QX8GFXFk4JjVaq5gP6V1RKuHam4N9pyzi8TH,1183,1000,1000,1000,true
1020,3W2Ld1RMc6jDar4xu5TnAmDm5FjnogeUa25j2YfBWPtS,1111,1000,1000,1000,true
1020,5MGKMaca16DZfMPLXmLtr9CLfUNeGps9ACQ9MhZU13QT,1140,1000,1000,1000,true
1020,J9tfu3VnF3g7u1BbkhiVYGzm1JNJyxMkjamsEdYdkgtQ,1147,1000,1000,1000,true
1020,8SFQgTQSKqe23Bw7cLtAyPGcqBgawGv28k3gWJvBSksJ,1150,1000,1000,1000,true
1020,4A7mS5L4JTXpv5XLafFcLe96TZvrsYwWog5YNRB2UXGA,1148,1000,1000,1000,true
1020,RE34uRs6ZRJk6upyHX9YdTowL3sX943topRn9RZvk8T,1110,1000,1000,1000,true
1020,3GcbkdNwbspeo846YKbkQULcyDaoVv9jK8nLDkzxFScH,1077,1000,1000,1000,true
1020,8fwLMkrJNP8HASCWmT3SJrxtNPn7HSQMmEwZumdQ8M98,1166,1000,1000,1000,true
1020,HTBjioNk3Kk6vEawRA8M7gi2aebaMeTwAJUwCRGK9U5X,1139,1000,1000,1000,true
1020,8PgAdb4cKNV8W6ZCvcqzN5Lv379kAzGneGy5PTTf3w6D,1142,1000,1000,1000,true
1020,8YqwGYkne6VgDHYwLzSPUzM8jPRimvjRcGhTCpCgFXpW,1117,1000,1000,1000,true
1020,AFBzUmS4V47x4YzApYRCweeMYYvusPLQnnDGiYe42yxX,1146,1000,1000,1000,true
1020,BZWVrX6HA9Z2MrMY72y1ZM2DJsYqtjrZQ3Fu9J5eEweW,1098,1000,1000,1000,true
1020,DEfskqtvcHq3NaJr74v2y9uuJqnsvkFQnDkJiNtZUitC,1141,1000,1000,1000,true
1020,E3xH8dDurEQ5dFxWZ2ynH1hzLaFZ8yoYBB6EMZcyTyNt,1088,1000,1000,1000,true
1020,GtNcjq7VrENhaKnrbG6TBaJjyVZ71HyuERQkmtGsY2Vx,1137,1000,1000,1000,true
1020,CPgDv5oWW47ZEmt3dyzqBJhT2yLnEEo9h8fhg6CbAta,1125,1000,1000,1000,true
1020,32GY2en9Vy9caHUZV4KmXpjCtiRnPHj1BuvyfiTm5a48,1136,1000,1000,1000,true
1020,fSqQUiDxuk81X5wXaeCB6RMYdoW28mwnUBhrnkSbawL,1135,1000,1000,1000,true
1020,GFmvB8PjzLbdwxJFeg3Ns9AhzgEyCfZesqdErjJAR3x6,1095,1000,1000,1000,true
1020,6Gs7e6umCQs4qwYiUzrn9p6rsYMUhfKbx2DovkdvWbcY,1089,1000,1000,1000,true
1020,FC9ic7B81wpQw3w5fboaNzHEZ8xsY2jXAKEjL415P4dJ,1108,1000,1000,1000,true
1020,9HHC8asD4WsskJRvS2X643X1AcHiH9RUtx6hqvEWetVn,1081,1000,1000,1000,true
1020,5kDhFf4DUkYjJBfwESmMf2LHgsk2tKoyb8SKNzTzpeWd,1129,1000,1000,1000,true
1020,71Lf1Zakn7CgTc7TrinM6qAqQApp7iMqBh8vJPUX8fTi,1119,1000,1000,1000,true
1020,CsxTvVs7KdX7YvqUoH8i2wKR5L2NawjkX3B3E1bFksYe,1112,1000,1000,1000,true
1020,23Z6ytqVUXsu4gi6svxuymK6RBQHuSFdrRv9Wcho9eTM,1097,1000,1000,1000,true
1020,4yEv8jYPX8mFdWHW49i9A4GUQMwuAc2ThnhhbhQbYnKc,1107,1000,1000,1000,true
1020,9b4e1ZwS8qv6SwshFmgvCWPe4r2vX8jC6ScULF3TNbPL,1109,1000,1000,1000,true
1020,2Tk2dLcXMjzFwGty7JJEVp8CP7tNTN518Y3txDsjMRFJ,1041,1000,1000,1000,true
1020,5YCvSDdNiGgAqfUh8YEkmP2FwEG7etdvhnn2hYMK4cu1,1087,1000,1000,1000,true
1020,EApfsbnGTnfSidUPYD867rXctKzhvdvNjkr8mfM2qfdS,1104,1000,1000,1000,true
1020,8sbEEuwzU1Bsk4kzDKWQTs72MvrVJEQ6oGwUu3cVz9jg,1108,1000,1000,1000,true
1020,BD9b5wjDnyNygjDE71QtZxTzeAQZLeiaFJ2sBxy9V6C8,1069,1000,1000,1000,true
1020,5Fj2mktZgngomgyzpQtGRtwbh4q4yraax3qtsmcxawtK,1084,1000,1000,1000,true
1020,36AuMesPt4mxBar6nRiBtAZx6SXr41s1XTucmfne6Q6p,1090,1000,1000,1000,true
1020,Pf7QHAxBxaaf2h5tsNMLhk6PrEtqNhAzjqGkZ5KGhdT,1059,1000,1000,1000,true
1020,Ecf4nDdT6pTrtrsyaKDmNXfNRAd7Y7oWEuWWhMH1cNhr,1045,1000,1000,1000,true
1020,DRz4xAHaheMxrrRRiEXguKG6KEZS6ft5QbMRjJ41wayX,1078,1000,1000,1000,true
1020,AAp5A2u1Frs8sZ9dgG88epS4KwH6qE4YxFhztJiKRB3y,1008,1000,1000,1000,true
1020,6EUFMqAkYwJ4DqQrn3Z2Hcc48eLTEFfnUAAZNtV8DrYW,1094,1000,1000,1000,true
1020,9aH9sMqeAwuhf76BJEmG8s7xf8FrLATeMkMMWrQ92tnK,1086,1000,1000,1000,true
1020,3HSuFgDSPnqtf5vturiZYU1iGCKCaN9u62sWqo1uQerv,1096,1000,1000,1000,true
1020,7vpwNYSwo8FBUhrh82iwXUEz62s97G46c8Bnwa7VP75X,1085,1000,1000,1000,true
1020,EkNEmUzUNDd9BbD9jEnVMgKjfZ3uPds8sxFDLgN5tG4H,1085,1000,1000,1000,true
1020,BqarbYx54jo2BwZjst61BHjMHLn2dKptk3EQziMV9Uoc,1088,1000,1000,1000,true
1020,JBwKp2CEKHbq33Bhvqg54tD8Fq4RqrHXf4f9sVbd7PeW,1055,1000,1000,1000,true
1020,54UaSRSmfCD5LToCw1hmGvxkW7Xn5qSGU1fy3BcqCpYm,1042,1000,1000,1000,true
1020,3xK5KmxRiXWuDq7ByWahk72n51vs6jYLrD6d3efxHuwT,1061,1000,1000,1000,true
1020,Cvs1oPE1ZyvqmSFAaavg4KPKsWvBeykNnHPVHgkBqcYK,1046,1000,1000,1000,true
1020,7JRprre2JBtnWq9ru1siGWn8xExcgmusozBSnALpoS6X,1068,1000,1000,1000,true
1020,DZLR5VHtSZmvH4wrWG8LAivgi2ERY8dbg4TK9AKSnYQc,1034,1000,1000,1000,true
1020,6j2NjXqrXMVgE3pNgpPeTtroXHbB1tcGoexCv9gLRU61,1082,1000,1000,1000,true
1020,6UouVQ7qSqthjki9m6bugshsNQYisWRydGW8PWSdFRn1,1011,1000,1000,1000,true
1020,BcvG52894CLbK15bZ8EHHZZRPD4gDHeKLrVuodKEbwPB,1012,1000,1000,1000,true
1020,Hehrz69tjcFwsiaPVoQZAcZBqRfgmrtosu2x3xCfwzDA,1083,1000,1000,1000,true
1020,HEgBTggGBWxC3T6s7rE7CqPpcPYCctp9U7ZVEBjVCSJe,1043,1000,1000,1000,true
1020,7grtCgrTHwGdNrtYqoY8XpAVzUfT1HxMRanTuEdZH6SW,1047,1000,1000,1000,true
1020,Gx1mc2tikQXyaNtSsB1jU5c1Q1yNQokZEkDMRvyjv6HH,1079,1000,1000,1000,true
1020,D3GcBE44SVaonCVxeAkLoWipehmNvNnNx8pvzHCdTc6L,1060,1000,1000,1000,true
1020,CizM9vBtLxpaJJJgdTkemjpmVmxSeFx6mrhrkReCUMog,1033,1000,1000,1000,true
1020,S143dHCzM9qP624EQVYZi536H1gSsNWQiJxNXoxydJE,1076,1000,1000,1000,true
1020,6TgoCRLxsp7tx867vDKuw8PGcGDYjtDmoAEyxv2AjJXX,1051,1000,1000,1000,true
1020,7k16NbDaMcPPv91dm6bsgAutffzsuUfV2aK6NSqCa73Z,1040,1000,1000,1000,true
1020,AiDaZqcbV1BLZzLX6dw2b6iZeS7gSq31mUaTVE67CaZB,1039,1000,1000,1000,true
1020,DPsksnYYJAMAyyVKgJ1kLwvbRcGtEshqpuXTUApsmJDr,1031,1000,1000,1000,true
1020,GiNh9fmk32SS2rxH7oCHwkzievdvM1AqPxw2bk6vCkyR,1036,1000,1000,1000,true
1020,7CVdyvRr9FYJieoVhw2wTrbK7zPFMtrhuRNT9uz9eNbZ,1005,1000,1000,1000,true
1020,4tbzPWJFKpNWHkf3CiLwGaD9aSUSCj94TN3unboqzwCr,1057,1000,1000,1000,true
1020,AH1tY24JYyur5ShmyCXRpmyDy7Zzexa7vtuio9GRZYyF,1030,1000,1000,1000,true
1020,GNfENtFt5e7B4pjjUYLcYEqCt2TNN5UMBkhdAh8ypvtZ,1037,1000,1000,1000,true
1020,7rnRmbgb5WyHortnvpTG2hCTqDpo5T1VF4Buf2sxcKZ5,1044,1000,1000,1000,true
1020,8GnkbY3Rq88p7481k6RqctYtnE4xN1g6Ei6udoKtRXxr,1021,1000,1000,1000,true
1020,BruWi7UD3KhWfrZGHAwqn9dF5fkRfpNStB1vbP4kKp5t,1029,1000,1000,1000,true
1020,84uV36gQF3oto2VXL7sT7evMhtB4fAiEYuFozv2zz5DV,1020,1000,1000,1000,true
1020,CwqoSDbJxhhtk1Nnw858GGhtxVB3qxdLGUZU61126awn,1054,1000,1000,1000,true
1020,3iMF295WECit5gMyuxsJ3pzkVBwn78Qz6ZytupKJLsRe,1015,1000,1000,1000,true
1020,2DwS4oHJDaUhHh6qgYAdCgJRPzKRAEtFEQ9e6qvnG8b6,1023,1000,1000,1000,true
1020,74vXQqSJRkDSoPkmnTm5wYYyYERSvCobxJG8ig8z3T1x,1052,1000,1000,1000,true
1020,YkbaoevsMgn2cr7ixksMKwUdc1gdt5qj29DDRiph6yT,1026,1000,1000,1000,true
1020,67mesirL9CbwaYDCVHwekpW4EY78nDCrRSXkWpwFe3jz,1018,1000,1000,1000,true
1020,3xeSTuyUpmijxUWkKRM27rdXbyD7QL8RXaCC9uvFD9Lo,1053,1000,1000,1000,true
1020,4DvQcxyRLugVS6zK6CweZ6aN4dtuuMjXq7J9gtEo57rp,1010,1000,1000,1000,true
1020,hdMsDnXCqtowX8mp7tTnztGZS2XQnxg626tCLgQhfCq,1004,1000,1000,1000,true
1020,BzoRMZdbH6876unYaCZYTkqXZVChUY2p8vXSXjQUytg3,1032,1000,1000,1000,true
1020,FBMBApTQEGxcBCdGCvWAyAuEmL5cpzys1nesFXPzSziy,1017,1000,1000,1000,true
1020,Hf6DBWuYfHoBWmeFZJ3oxV9Y4mSipMrLe9VnWfcFoXLb,1038,1000,1000,1000,true
1020,ED2Ref9WApJkvQmQCjbeQPpdrDNsoXozgjkV4kNxD7vd,1035,1000,1000,1000,true
1020,2JT6DmGQnsQkCwn9ZdZ2H4txMMMm6Zg7Q1CA3GV4AbwU,1009,1000,1000,1000,true
1020,DxeUwYpGxnLRShjvmYM4YXe1TEAYVQ1Xdo4B6i34Hkpe,1019,1000,1000,1000,true
1020,4FanSjM71u7m7cVrPhHu6xkFxxkhDn7jbnNKUxV9Lfsi,1027,1000,1000,1000,true
1020,8q7d7pdkYXtmBLpNB5fHAEcTZS145HC7EigfMFAU5F5S,1013,1000,1000,1000,true
1020,4iVXw2bzNcFHGVifGE2JJC2ZuieTLjbGbqpP5UjqSiz2,1007,1000,1000,1000,true
1020,FFCeZZZXwrB2XuCN9yyNCe4hXhKN1nBoe1gbFrP7h6ae,1028,1000,1000,1000,true
1020,BC7bDFvMiRYMdEo2CefJh24WQK3KrZ7mQqauSg2h11Fw,1001,1000,1000,1000,true
1020,DjjmmbHxzkd8CNPXGSeaA8nSnPX3hoBwbQijQr73G2n2,1000,1000,1000,1000,true
1020,AVsyw5TLv3KT6ze8JvFzH4zmtoytD4jPVWBE9VA2Bd5N,1016,1000,1000,1000,true
1020,77RdgV8hgWStYTi8H5whaPVwVMQr72WPDt1KVQYzfTLR,1002,1000,1000,1000,true
1020,8eSZvJyD1wzRmtXejtTVGbSoQfqpdpeNTowh23tB1mkc,1003,1000,1000,1000,true
1020,B6m8bJFhpG14NtrJsNKk3xhDoTA4uM9FEtTUA3QrzYQa,1014,1000,1000,1000,true
1020,EgcmghpTHfVXRJdwipTzysfD1EzPDd6kSU7bMQ9EQWEE,1006,1000,1000,1000,true
1021,AegDhtK9YKkm4pXeVXP9cZYt1SLP7pBEnkGbGYsXgm52,1052,1000,1000,1000,true
1021,9RXVaUzjzfVW7vTdttyhX3vD36iRMpm9c5K4ToeXZeC4,1108,1000,1000,1000,true
1021,4jaQzvPaVzXcZBAnJmH1MgSVwVtm9bmmPBt74fdzmako,1102,1000,1000,1000,true
1021,HCWUpoRke1jJvqWugP7zZa56NE6K5KKD7BDoFDjjN66i,1046,1000,1000,1000,true
1021,Ar4UYEeEZNL5Y2nBFv8ELXmCcX3DyuQE86QPgNcFVNhw,1112,1000,1000,1000,true
1021,7Rd8sG2PJKseSLetkcCZzPYnvx2QUnDoFg6FncGpotpm,1089,1000,1000,1000,true
1021,6ddYbiVc44s7EtqN29VHq2DpA2HtM2zjZLJabwyMqhTx,1055,1000,1000,1000,true
1021,CpfTxx7nZf2y558N554334CXBjnX46a2f7Ytvf8ZS4Mq,1109,1000,1000,1000,true
1021,HZTuoYRWMmfyW3DGN4u3EYgmgN7KtCp79ioQtvgdviao,1109,1000,1000,1000,true
1021,HJkuhQAFz7bAV8JJmzbrjTk5XHDr1qZH6CiaCyJ7yKpc,1012,1000,1000,1000,true
1021,A6sgJUmRfhde652d83zfTFicDQhDpxWijpMSHT9tf4no,1107,1000,1000,1000,true
1021,5AiNmcyDzuCSrkFLJ31DazAWrcCfGpfEGAEvtSNzYuzQ,1103,1000,1000,1000,true
1021,7ti8cb5VeoRSS49AaS7jA4fvzEPA39XedauqjsGuzvi1,1105,1000,1000,1000,true
1021,3CuDsx7XDiBRtKUhbRuSZLyUxc7Pq2xPknLQQTT83q6g,1105,1000,1000,1000,true
1021,8JsJF4U8pwjSs4EUohadJp44uoNMGFe1kXqvdP47mVs,1099,1000,1000,1000,true
1021,FxhHUtXT6Mam2Fpyv7LWFxMVLtX5AaHGXJ47VfQGMmKR,1061,1000,1000,1000,true
1021,FkHnsPsaneKVpZai7Sjuh84AxBdGLGshd87VJXTyEP7z,1098,1000,1000,1000,true
1021,6zGRpFm9PEWTYqf2Ahy1Bk9zaMNBH2kEHXEADUa9tnvb,1081,1000,1000,1000,true
1021,WWtESJ6p14BsKuvsWy3e1mg1QybmQLLQ2ccJEEkXmhm,1048,1000,1000,1000,true
1021,8xP4qjRLYuNehU1ATBp8HNvREu4LSzfvwV4N5c6s2ED3,1040,1000,1000,1000,true
1021,6x1JC8FKdvYBeANW34qB8n15QgZLmXp6tj3gZnspLn2f,1085,1000,1000,1000,true
1021,7fsHDNx85YSyGfgMTbAKCFrcgREDDG5sgX9RDMrA5ezi,1101,1000,1000,1000,true
1021,AXMQ8Wn25SxA2dG646thPxHpKvmWngXDXnM7sW7RUgpc,1096,1000,1000,1000,true
1021,3E8hxxqcvAsrZGwUobdpTop3LxDSbe2QWUQHiDLbzKQG,1100,1000,1000,1000,true
1021,6E3Q2VVWbxTgmNPY8hQn79s58267qNsLG1LGBBvLvmxu,1088,1000,1000,1000,true
1021,2UuPVuMbTmEzAiQznsH3t1bMyqx7xBizWqBCgFKtYZN2,1091,1000,1000,1000,true
1021,58M5c4rC2aHuDLUCpjM9n6pZGqoQ4eW8Sue4RDfixaji,1091,1000,1000,1000,true
1021,Ehxajaa6BLEUCeLoNtf1ZXaEWiKBhoYichV5SbiVBNhU,1068,1000,1000,1000,true
1021,4C5AUuScY14uY6BXmr7mWBiE81zR7p75wcDn2dugWpbU,1086,1000,1000,1000,true
1021,HNcTiRuUxJvxmtpxBecoS1mhFGk6fVQwQEkjrGSrEvro,1076,1000,1000,1000,true
1021,3rr7mffgcZT9hRvxhcRGYWR8DXNk6MMVonzQtwo5MwYG,1019,1000,1000,1000,true
1021,2dcSpfDaAZhuUoQsUMjvhEYd9ENTX6FGDZzQnmL4WpsY,1078,1000,1000,1000,true
1021,HTrpTe3bbgqvaDTMBZz3mQyvgzrX7jf1wMdTsn7sQYdv,1047,1000,1000,1000,true
1021,8ih8jtCPMkdLZiEBbsSMXKJSuC5hUvkJ3v4D1UiqLPDd,1066,1000,1000,1000,true
1021,CQSTJiiR8dYeMrMTbehKKFoWoNPswdmMegFeKQdaFEF4,1099,1000,1000,1000,true
1021,3eiZaKWPgkSmmpASUzFn97YMdpMC1SVkg4R55sh26SXy,1097,1000,1000,1000,true
1021,AjohvhC373qqRRFXqBZpstFv4CYDnRHYRRNT6yE4w7JW,1092,1000,1000,1000,true
1021,Bf1f5NhbHmSCmRPeN2MSUqfgrCTPLprc4V5jqKetejCD,1090,1000,1000,1000,true
1021,5RLPPeBxSRj42zKUgYqJLQc8JXsokbfg3CsGunH25Aro,1075,1000,1000,1000,true
1021,CT3kLC37JUCUSsgBCL5UJx4QdgbuozsbV5FV1dkmVbmX,1070,1000,1000,1000,true
1021,3acAH95G5pAhEJB1QKxt7FdyXMYRfHsJDsJzgLjqKQ1W,1008,1000,1000,1000,true
1021,8k9bvzUMR6r6E8Vh8Etj1nFHmdqV7fP9UG5LptSfo9kQ,1069,1000,1000,1000,true
1021,2BPZAK2ikddC4LVu7aQSpGCaWB9ncE8uFQWSsAVPFF2i,1034,1000,1000,1000,true
1021,Edx1scVSKs3gbBYSLsm8kXekqLbTJRKH6ykhWGrD24aM,1067,1000,1000,1000,true
1021,HKyiQ8Xa2BstDRAWKheZpQUysr5hvQ1anK38av6Fu7KF,1087,1000,1000,1000,true
1021,FeRsmtWvmdYdX9b44pAxdzXxBf9oAxGaGbJ4nCpqP64i,1074,1000,1000,1000,true
1021,7wtkBpk1RDgExdmA84xbktoooYcX6CMjkPkw5qvuZD2C,1083,1000,1000,1000,true
1021,E8WPQDmQ3qxCQ5aMgjXQUZrXu1UrzZ7azYMA1kTbASF4,1082,1000,1000,1000,true
1021,3uAmyHsBe7P4um5Q15EDJykjxeLMiQufDBXxjrQ9Gh66,1071,1000,1000,1000,true
1021,5kPbHCp5uDXyd9r9V6T5Y1tGqPkEjKS7umnL9Xvc1aRx,1079,1000,1000,1000,true
1021,HpSiMWZamkTuuLaPSYkwouZeYpLg4gyv6CYrFReezBHe,1080,1000,1000,1000,true
1021,7zLajLDxGHX26Boio33qtsYs79UFiXfCMTiUT1CAE7j4,1073,1000,1000,1000,true
1021,8cvcGTXW1BZ7WJg4Aoq46nSfXe6ynePPDjddLYyRjdY5,1062,1000,1000,1000,true
1021,9DeMniZ4H15Dgr6HiMXDDeJsysBSo3dUJaWxZ9UBfZwj,1077,1000,1000,1000,true
1021,FHsUH3zrQvocPvTUSJLt1Ugxjnaks83eZeZSe71ZZint,1006,1000,1000,1000,true
1021,J2NV398UMDFz697nwVBEXaqiGLT2CqbnZrmu77s3EedN,1050,1000,1000,1000,true
1021,BADW1RPEFAAQU4caxbfwgJ43qtZBCEPv1L59oeHgzqJD,1058,1000,1000,1000,true
1021,HGMRJYtEgaKAm6B2PLMQmvUFYtY8btFFEtdp98bzeNxn,1053,1000,1000,1000,true
1021,BjVmHPkDdR91N9oNhfdd4T9d1G6BMM32psu5HidoD9Dq,1072,1000,1000,1000,true
1021,EsdVfuDT7StziidKVDQeokkrDfRLZG1RtYuMAByj4vje,1064,1000,1000,1000,true
1021,EGepB9CCmin64Pso3d6FY62z9DPycVe2P3jzknRgt6Lv,1062,1000,1000,1000,true
1021,Wv9oKmfaCXjFSkVHrtifrNNreTUmoCLdEyE589VUGNn,1015,1000,1000,1000,true
1021,AERnQzCyzVosYdLZ6w6KCqv4onHJ38M6wdi2R6hAwiSE,1025,1000,1000,1000,true
1021,CsH3FTnwrQKrXYzHz7YV8f5bSfwQx1YiaGAsPygw16A6,1070,1000,1000,1000,true
1021,8dh8dcbaEmCYy6oRMWGVriNtw3ZMT4zCy2NHiN2qMaNm,1065,1000,1000,1000,true
1021,k9PmhivRRyRF2u7ytTbYvqXLpmRidRvonmkmhuiDyeP,1057,1000,1000,1000,true
1021,Awr5wGHQRQeWpHAeLUigXhWvCTHvBxCiRSNmeMDJyUDD,1051,1000,1000,1000,true
1021,tkoJhox5k2JvVZ51Sk4ZoZXe1ZxkaphbUDxjYv1mxTn,1063,1000,1000,1000,true
1021,Hp6k69Ky9XjTmNnu8vGW59E8EVMj11pjoQzxg9CBdfQJ,1020,1000,1000,1000,true
1021,2ACizbKMKMNE3qCjR7zbBWVK6ukU8vPQSJ52QuBzTZmS,1060,1000,1000,1000,true
1021,u2ygWefEWiNzYJryDWzUSP4UB8XNq6SXhiu3ntuREZd,1031,1000,1000,1000,true
1021,9SiB45LY1d3QmrjeNUNDGyZf9VQD5fVUvKGhCboDcdxe,1043,1000,1000,1000,true
1021,GVaJVEnWzSE3s5o9z6H7QdQJRgZq7dcWrYsXeNPkx4mh,1024,1000,1000,1000,true
1021,De9aF1vMQJHyue5H7STkDJsHTCFDKJSfVVJS9xneULBB,1056,1000,1000,1000,true
1021,8yhA6rEVTTREitUhHgM8ZgErNL12JxcSf9eZNndMGfBv,1054,1000,1000,1000,true
1021,EAxp6M1h6X6SSDU5rFxE4SnVyUG6pNiPZgTRo73pcKDn,1045,1000,1000,1000,true
1021,9XSrgtUJX5zrzTFRQ2D8gVQ6xfgM4gbk2i8N4VpcFBAm,1059,1000,1000,1000,true
1021,J4AudTCwEAYxKH7JJxLGhZhDWQsupHXW8KUXaAPZgv8X,1049,1000,1000,1000,true
1021,9wSJvZSr1uUvVAdo9aZViAQHbxeDjKuM5bcYoeH9Jzd9,1044,1000,1000,1000,true
1021,HwfDiCbgBW9nb4bzaUpeLWBS1NLTytf5tNj9UXmZyTUb,1033,1000,1000,1000,true
1021,3FpVALibLVeNPHpJEWN9FHVmQK8cTDSo22ycvun33w3g,1042,1000,1000,1000,true
1021,EaRCnTUYdSGHNxeJprSwaPHXzPhNRjgiNGrgZNufE25k,1041,1000,1000,1000,true
1021,APSt7G58QwbqRzQe34odeDPTMUEoxtef8FauQ8DnGQXE,1037,1000,1000,1000,true
1021,HWhC8xLT78dTYaW4U3h8U5g78ndUyD7Ts1CBm5nUTUTs,1017,1000,1000,1000,true
1021,CjeqHikCqdmpqVyMCuDgwyqGiEQXWPAzuMBZWRpSDcs6,1030,1000,1000,1000,true
1021,GRfz1MZfJPKAFHqvf4VLYp1DmbVNf4FXM1CzAKFraMEj,1021,1000,1000,1000,true
1021,Dn7xrEhAckcpCKPDxNak56WTfLKBPDdsRXcD2cyFo3Gw,1035,1000,1000,1000,true
1021,4MC9rkrerMUDsmCKu5PdaJ8zyGUH1TDbdyqd6v7NzfEA,1039,1000,1000,1000,true
1021,76gGKxEidcXdVtuoe45vtpxe467LZnJH7JH1YRiGc2Xe,1038,1000,1000,1000,true
1021,BMNNLsrHNGcZ8fUmUZTn3mBXvZUBTPtsBhjHPrLtwfoi,1027,1000,1000,1000,true
1021,2U8uhyZ7gmaraxq2tp8J4p1h1HKgK3EuzrKvyM6GTC1n,1016,1000,1000,1000,true
1021,4rpjNX47FohwWe1U9hEpebswpsGa5NLBE2t82Zv6fmbP,1023,1000,1000,1000,true
1021,7A8H5m3cMsq8pMooqzgKCgGK7Xr4HHkaimPnAnRhn9rM,1036,1000,1000,1000,true
1021,49uzvZ1MVPfS3ZYcBocn6X7FTqffBEhqQTwJgHjrzLnB,1018,1000,1000,1000,true
1021,8BEDh4ASKVrpBSRvKckx1d8h9r83fNJ8uGAvchYVeECC,1022,1000,1000,1000,true
1021,5YofqmFu38gPJRBUYwRe7S48vRq9pqi9cdghD3GbBKoA,1005,1000,1000,1000,true
1021,6iMz24LvpSJQhDsLAW5cKkUe2Q222eFwHjWq8XiyV8ja,1032,1000,1000,1000,true
1021,PkXHcCWAXSpzThYPRkZ8FdKNd2HU4Zq4Frr5er8KWCC,1011,1000,1000,1000,true
1021,DvREVQNNLd9CGmLnY4bzEtJqVNjAgauxHM17JnaSiG4F,1000,1000,1000,1000,true
1021,7FkQeePmAQ9LicJxvbcRkJdw1CxJNsCBtCcXpFK58AEY,1013,1000,1000,1000,true
1021,HA21St9U5vLgBmdKeXniWdU8rKAfcLbvrm7shiYQHGFB,1007,1000,1000,1000,true
1021,85MtGYayT1gffzdPX4ErjCziSe3ecoHABRa5JSoQQSMV,1003,1000,1000,1000,true
1021,9H3Uc7iv2mCqT6xsvf1CfnQELVghCu1GsuGu85c5vY5b,1029,1000,1000,1000,true
1021,4rtkcdUhX5uh6y2PBvMdd59LKpZQ8ACQXx5DexxAQ1Bz,1028,1000,1000,1000,true
1021,4YCzoM83u5N6iEG2WM8kPhLcAs1Je1PcAqGN8LUg84ia,1010,1000,1000,1000,true
1021,7EZp6nqpZm3p45FVMvmLnCjcsnJEERYorKQ8P839nTqo,1004,1000,1000,1000,true
1021,2pPAbP65rMChJxsmM2kHLh7ccFQKgEXV85iwEDBQC23W,1001,1000,1000,1000,true
1021,EyJU5jS2AfW2M7k49RMEKHmfvwczevj5vRFxji32BpFM,1002,1000,1000,1000,true
1022,FQ4uem6Rb8Ckm6jTzp3qwcYSjjbuV38ijC8ixBXv8Zq1,1114,1000,1000,1000,true
1022,7BpDh9FWYmzYexsJsaE81erJMqtJvUetk45e2kK9xyMx,1117,1000,1000,1000,true
1022,3cucfveniuYcAr2AKV3BNxgmXAtJAi4pjp94QVog8ssA,1009,1000,1000,1000,true
1022,BuEaSJ4BtTiGYS4UrebWsUr7a63ZHV9GMAK1JwA7XH1W,1131,1000,1000,1000,true
1022,EqKHnCW97vpe9Ee4ApKeRLeexipjq7RxmDB6Y1q34N58,1122,1000,1000,1000,true
1022,3k5kCaTfhvVrXCCDJ8Rrrww7WHnMqmYkMCP7fEf5AmuA,1121,1000,1000,1000,true
1022,HnspU89k6NyqLQWSLtdDL1M3wc1dQU1GmvN7da2tbgQb,1128,1000,1000,1000,true
1022,63mdnQNEdR6JgrY2eg3781NNiiyp1pTHG66nb8CySmVG,1095,1000,1000,1000,true
1022,BDrLZQ7D1Yj9YH479xx6jbw6zMmH3371sJN4c3v2TGVq,1113,1000,1000,1000,true
1022,CjwBeFqBj6dFd73Z4wijWvhAoMnro5SMLMq3s5Y24TKH,1110,1000,1000,1000,true
1022,7a3FfVtS7YAZGAm6RmAcTiC99wF6pYh2SAFeLsjkDHEb,1106,1000,1000,1000,true
1022,DKzm1vXpeEDcMBk1vSq5MBcJr6Bip452BkwQD4hvucnq,1116,1000,1000,1000,true
1023,GDbdMqioEZ838kZxda2MpMSgpDgkQbTGTTZ9vKg9AusH,1094,1000,1000,1000,true
1023,J4542Fc4j1ZzfRYFh2EeVPsz9dnQqKYsrJFPaUritXYX,1129,1000,1000,1000,true
1023,7eosJBWBrS4eehp95Upg5aCyYxcp6AA46whJYhKwv8kW,1126,1000,1000,1000,true
1023,dZd7gasjauPkeqTmzEgK8WWei2atftWeBC3zSzJxxxs,1093,1000,1000,1000,true
1023,8LJi1Aw1E7u8Woh33b2N2wHgHF25UU9Urr3A8ZvbwxZd,1118,1000,1000,1000,true
1023,DfsfSFf4Ljm8tP7tE6vHDKWsdzUSPZpvjdsf5dMcdggL,1084,1000,1000,1000,true
1023,DrhCP6XPzmws7kbfhjH5BzpdtxKegsG4vEBkYQL4PMuF,1115,1000,1000,1000,true
1023,Dt2f4rTwHWCH7dzkJEv9VjJENu5ddKrB1W1BuBrgQ5ny,1111,1000,1000,1000,true
1024,3PfrUTJhVunVdjaTwvjMogknKrJyvwDnMmBNmrLKSG9c,1142,1000,1000,1000,true
1024,GoSXZ21sNrgSD2sGFQuXEKQiQQCbEhL7Pk8bCgZ7cqHa,1123,1000,1000,1000,true
1024,ELCiiS4kk7SRtoPyGtD2wUtywi1cUmZyYDupx8hiEDXz,1178,1000,1000,1000,true
1024,9aAD6dhKoStYjhYPoKDgoJiqft7ZnxAc7hq6mp4TpYeQ,1175,1000,1000,1000,true
1024,GnfgpPAtt3fwagd54zrotP9HZsJmWz7N1pyDYuEY5YVw,1166,1000,1000,1000,true
1024,EpEiSuLYcfgocM8R43FCzTaBfQK1Wr2qL3RVzq1XyyQz,1172,1000,1000,1000,true
1024,BhVbozrJLncGQ8CDriCDNk7cScetuaUiGZG1piDLxxji,1163,1000,1000,1000,true
1024,BeA6Yq1ChnFXaFMfYTn8CfreeBH8ytXRMKYg1teJ5eoH,1165,1000,1000,1000,true
1024,27kyFagLbAnhEW74KT4AqUzx1cNfXBuvrDrSHrCfRyf8,1157,1000,1000,1000,true
1024,FwnLLeMemaeJNV4GvMkVjwfjwbfkc56cJZ2ri1BL5Z9a,1031,1000,1000,1000,true
1024,pvRnNsLsj2zTQ9hxB85bw6ckDYfAqk5HxxYibjUQ8Cv,1136,1000,1000,1000,true
1024,ALUfnArK4J6t27nihkGFbDtZR5rS1aNnNVdNLUvYkCC9,1151,1000,1000,1000,true
1024,Ha2LGtZv7wBWCSDikZg5nMxXBPESpEhfY9cLCnrUU948,1125,1000,1000,1000,true
1024,9qSX11yBgebnB1ga45i472wzSdSiJhXDzywbU4HafYjP,1007,1000,1000,1000,true
1024,3eMeebLsEXFHUj5z4SXXPEt2r8Wj61UE1UCvyWagB233,1164,1000,1000,1000,true
1024,F9fpspyEnFAAMFeQQCtM8YRDZgMqeM7M8CAa9CH818nC,1162,1000,1000,1000,true
1024,BAejeP4VJETamCF6BqTXCdx2D7wS739Lzxqx5Y5MpZ1n,1156,1000,1000,1000,true
1024,DkDCb2YFD5JyqdLEoqGuR8vUbfUMxmxraqudkVmmqgN6,1000,1000,1000,1000,true
1024,3KYLfCvpDwkjjS23YDuZ5krfJ8qhGRks71bv1GLMukJQ,1160,1000,1000,1000,true
1024,2rwZe4kcxcTfZYFB8KYDeNrgn9YZghRjh1Vc3fyd1hEx,1158,1000,1000,1000,true
1024,8yoD7nLTvohar5bhJzEo7C1n4wXfEbJVy5Fg7dQwERcT,1148,1000,1000,1000,true
1024,2Eth4vUiXMmcp3SdrXxUkg2j8dTqnrq6ABZyQqwmhS6P,1130,1000,1000,1000,true
1024,6bPTPkrB2w9GdJoL5JRthPgPkrNpTcfDwesFKVozkCia,1016,1000,1000,1000,true
1024,BKRHvriB3Gt3MxRx8Fi8tvuXruBpEqBVZfWh74UWbscD,1154,1000,1000,1000,true
1024,76A8awYV5rSPdTMXRK2cwGuEo8h5GtBuBQtcJU21o1Eb,1004,1000,1000,1000,true
1024,Hbjt4vGTKXHQ7UAVC8xPxu99YjphGyzZFzDwuL7sVVAp,1137,1000,1000,1000,true
1024,DTVhj4AJ8Yi3HuqRiT638rYCWpprEpwrJ45NQiw91yfX,1002,1000,1000,1000,true
1024,FXKKCybUwJ3vC6oqKqMwbsEttUUhmCK9gEjhw7sabUSS,1119,1000,1000,1000,true
1024,5is98HbVAPNN4PnnPSpovtubT2UrWcAHWWjPL7cB8inW,1124,1000,1000,1000,true
1024,CKijv5Rgcja5YnYgKdSoboM6midhQV7fDUxExFFSj9BB,1133,1000,1000,1000,true
1024,EDoxC4sfhN29nH9SSWtdGPdnoDXXtDxYsPb8Z7SmcRpc,1120,1000,1000,1000,true
1024,8qQnWJRU3DkAjx2uuWUbhdVMf5fWByXsGx7hbpZZb3P2,1014,1000,1000,1000,true
1024,6pMEgT1fUmd3S2Zj6KqLHLiXa2awZEKipEDqGAPY5Ka1,1015,1000,1000,1000,true
1024,2YAJzTiNh3h8fw8BX8PuYK7VGTfHJ2DNedJWeF8dCXcp,1104,1000,1000,1000,true
1024,3QUQVwLWTLjHXfASNqt34vg5aMQB3y6KFzu5Az9VT97n,1127,1000,1000,1000,true
1024,5Qvt3xhctrYSbfioXTMDvxtRsCR2uLBvQCp5mqW59hzt,1013,1000,1000,1000,true
1025,DHQTnD44py6mJA7xcZ3hY7hkbTVVTC9vhN6m3W5f6rBX,1009,1000,1000,1000,true
1025,74NjVUQ7LcxieuyY6VUywN36LEn5GB7vGKppbKr42RCq,1001,1000,1000,1000,true
1025,LCrvMiR9m5gbgSPT39WyLpDvJVd9Yp2RuVqByV57i7v,1008,1000,1000,1000,true
1025,GG91nk7Wir9egjBAiTboLEUpnrH73MdUJQ84Ufmk4Usz,1012,1000,1000,1000,true
1025,2KiVReDfVrLYU9489zyzMDPEPVYyCAMzyYBJB8GpR68G,1003,1000,1000,1000,true
1025,GnDUQR4XEeDmMrMLAfVZTG6sxc18fLsVJqE2TDjLBB4S,1006,1000,1000,1000,true
1026,HLzZrCZamrYynqYk7zhXK2JewbaaQqSUGrTAa9A4CJrF,1075,1000,1000,1000,true
1026,Cdg8HiBGsAFm4CGcEEt6okw6SPPHVLhbrFp8KEvBEnBn,1066,1000,1000,1000,true
1026,Av284pkT7vprREBLNsWzd8qjZqmFUcUMoZXNe6NczJMw,1097,1000,1000,1000,true
1026,HdGq7qZvUJFXD24UVdry34cZm3XtaELoi5nNpnb2iQQC,1087,1000,1000,1000,true
1026,4A1uMLk443axJMRiGcNDiRGn2qqu25dnG71UEJ2xarcu,1088,1000,1000,1000,true
1026,FG1m38tHRWDZcJKBNSEUEFtFpEwvqAX3EN5kzs2vNJRn,1062,1000,1000,1000,true
1026,BNRP47CHSSFKpm2AkE57JquT5zynkm3BvMhCSTokEog,1081,1000,1000,1000,true
1026,64umHFDc9YU63vYxNHkELWdih252QNE2wUytX5rm3QWx,1102,1000,1000,1000,true
1026,Fk4xaUshgucnkrpp8y7Mh7MSoaUFuqKbvTeQwo9GVb2i,1055,1000,1000,1000,true
1026,EV73MMvSsDCdV8r8RPepiSbuNZRTC8Wtzn4hrZeDF1ED,1068,1000,1000,1000,true
1026,Ckf3Q1N1cbx7EMrNaGVVwHQhoTyfsvLt2Zdbqcfy4een,1092,1000,1000,1000,true
1026,7JBgcu8Bi7bZnvdSHfucFoDh3zVMaCqh13V7X2VLPnxC,1070,1000,1000,1000,true
1026,EVcHVq7fiKpk6qb78QPH1uqPTY8goxK3WH3G87qGnJeH,1084,1000,1000,1000,true
1026,EiCnjE16mijgGP4wQhLf6tMnP8rsP3Mn6G6BVdGjUVTg,1069,1000,1000,1000,true
1026,6SxVFKPwtgYoPqDo8Je8c9zj5XVAmrzXcXjfF7WJT8zY,1082,1000,1000,1000,true
1026,E76NkBizAYhqv1LcDBTAZc1PDfpCxdfdqT5scSkNf88y,1037,1000,1000,1000,true
1026,CUHvoJuAZ3TbCeZBRx2hEWfBsxaS4ra42poRFdKd4Q8n,1009,1000,1000,1000,true
1026,ERnRNXk6Zf472bEj8UzjYPKj4uxqtNCWc29pFtDdtCeo,1085,1000,1000,1000,true
1026,9vqMShw2r8jaeFzALrvxb1p51o1keYuAyaS1EqVReBHu,1072,1000,1000,1000,true
1026,7HB23hxNfwXPznYPPwcY1t7wpueYqFLXE3RPxVYTjh9m,1071,1000,1000,1000,true
1026,C19TefDRZadH29L42DyaUCpTUXawyjrhGzWpPf7v5EiH,1057,1000,1000,1000,true
1026,7E6S1Pt3RPbHPusEw2a9N7N36t5Ya4M7dr9qDmsdUkbL,1056,1000,1000,1000,true
1026,7WnXyL8h38Erq6VsnGd7C7LRmUf8MR8YBRrkAgQUyfFJ,1067,1000,1000,1000,true
1026,7CwTrNq3FCd6JMqGJYXS5ZDqpV3pqs5dmgSxc5MreT1T,1074,1000,1000,1000,true
1026,36JQ4KopgbxQ1RtqunDkoFBjJTfX6CvjNqju1oinvWZX,1073,1000,1000,1000,true
1026,7FC1jAAy1cCsonJTg9EN1LmTsib8yFCrWAy8ocg8DZhg,1061,1000,1000,1000,true
1026,o4bWxon6St2HtsGYzek4yZijLt5CK2wYEo6ZP3pR16u,1046,1000,1000,1000,true
1026,Bbsi5Nk8Ea1r1u5zbgLN7KUczzbFN7paqo4V23rsGCem,1054,1000,1000,1000,true
1026,HSLhaPXQKARbQDJ9y7NXnXNY1hFcX2QndJghWyL3pmFw,1031,1000,1000,1000,true
1026,8K8hU5BRD9GgMZLGt5yxaD9DVHB44PemaMWXu1SPMM4r,1030,1000,1000,1000,true
1026,4ft4RYiHytYf72Zrd3oSY3nqVatMyCWJcnUXtvHvZpep,1047,1000,1000,1000,true
1026,BZrqZoaBzoL2HbZTi6puNyZaNqLdhAMrp3DJddV48u3d,1026,1000,1000,1000,true
1026,FmE6hoDWUn7pejzXuHPCCkmEz6G6bXTJfX6y9Ufar1Jp,1029,1000,1000,1000,true
1026,FW9jhtgusJTZSZZkD4KHq3hf6oemLFJhMMNtjvfUMWWH,1024,1000,1000,1000,true
1026,5KwCXCzaDNwzdeTgXr4gsBRSEQ3zVjZRJmgwfTbGqj4H,1045,1000,1000,1000,true
1026,CrwMAX6ognntP7Q8x19G66ESdrWZj338rc67HXWLqZng,1034,1000,1000,1000,true
1026,vn5Crpg2emYndJMncuK3PeySavYTYvK6VaEcHNwCZiw,1015,1000,1000,1000,true
1026,rKL4h7j2SYCZ599mySHuQHGrWLa6nUvXGHVb2ihSSUi,1036,1000,1000,1000,true
1026,22PGmyJBvvBja6zndqYVatJ8ex4KEavGrrTaANfYRduR,1017,1000,1000,1000,true
1026,Dm91hSFW2vV2HzcguC5uKEAgURRc6Qwh2UUe9bTyzVAt,1027,1000,1000,1000,true
1026,C9szm4LQ293rJPqrggZq3BCW5jf4ewCccDU7FB3PKYZj,1020,1000,1000,1000,true
1026,BKV15RD7pb2a5CgJBoYF581juEM7hoFvkuJDFvfG6LZy,1021,1000,1000,1000,true
1026,6vjjC8QB1mtMoCCzy5jMUVCbs3S4HtQqeZUR1MfzsyWD,1012,1000,1000,1000,true
1026,3rK7rTVyk4byjg62ihxaj5E3A7DSNxizpZqBJmmotdZG,1019,1000,1000,1000,true
1026,DJFCGdgTkauNTmwpKoN5VRWgF8YvS4pV8uRpzFB4WfGM,1025,1000,1000,1000,true
1026,5r7qWjKYNjzhsFCmm39UGFC9VdXqSegZWo64itV1zH67,1028,1000,1000,1000,true
1026,9VQiwFH2D4Bd21V8ggxLxyZfhpgRSNVUgmrNVp2g4PrL,1035,1000,1000,1000,true
1026,Bp7FxA3aehzHmZDu5s2gDRVuxbGJjUp74bLHMwAW9CXq,1018,1000,1000,1000,true
1026,EurZTCxDYwnoWbd2WR339iN2K4nyLcDgSiNMUgGJyRd1,1008,1000,1000,1000,true
1026,HgX99ZcmCXARaUAhvCdpkU9FRcpymHeTNVWt3dromj9R,1005,1000,1000,1000,true
1026,3qQT1HSixxVELHrMBn1VEYJo9dRxbUW1mFv19BEwLPYG,1016,1000,1000,1000,true
1026,EtsKNrM26eEQom5CeC7Zt2ovTovLYJHtSbMRMYULb5oU,1023,1000,1000,1000,true
1026,5ToQzDbqkvBaB96L23CGgfSqZbUPnXMTVooqLF778dcX,1000,1000,1000,1000,true
1026,3uG9MjDECYmRWTowyCNvrNqwWo1tS9GJzpjfMNpngUHQ,1007,1000,1000,1000,true
1026,3iJLrCZgsmnemzwBx6xAmXnAvGKGsYVsEejMFSwHHSrR,1022,1000,1000,1000,true
1026,VLrNJdXKy2LwGMhpeHY7v4ZkXE7DrV6iGbnBdbSeWFm,1002,1000,1000,1000,true
1026,dzmfyFkwtLvtRxP5bWsCZszoGRdo6SKaZ4YYAtTky2E,1011,1000,1000,1000,true
1026,3YCEsKcHGer9TbVpNyQ2cnVFaTmF1i5rStUrxodaq7Aa,1014,1000,1000,1000,true
1026,BZLGmb6zcLffimZNLvGHzeyvhNTHWFqvRfoT2zMRY7Sf,1013,1000,1000,1000,true
1026,2ojPLgkS5YTXzhEW6Bk2c452GpRaTDD4ppYeh4uMHDkx,1004,1000,1000,1000,true
1026,29tTf6RnjscwxL1TDYP1eHvH3DjiCWZcdz1kygno1WJw,1006,1000,1000,1000,true
1026,Be4Ev4K2pFArTkcerCoovzYDqUPUBw5gXDWAYzFh6tJo,1010,1000,1000,1000,true
1026,BHuFUdL46h88FBeQMoWiizjzCRwCQZCagND7NE8aspFW,1003,1000,1000,1000,true
1026,36TzTsD3Dyj9tNmo3YS2gXRomn1ft9SGUKYkC7JKkgSW,1001,1000,1000,1000,true
1029,DKJymSAcNwgqpFqAoLtfHmnJYxKHdv8ZBhJya4ZVURmT,1193,1000,1000,1000,true
1029,7rwzy8aSp6jvvu6wj5ZXWLDvwYK9YWK1zExiSg4Hqdc2,1168,1000,1000,1000,true
1029,HhGqHbZ3JrHt6eTXe25C2PWCMNykPkqeojhegwDE7W8V,1177,1000,1000,1000,true
1029,5miWfDqYM5XNTuvomwtZHHgBD2KrxWPcRidxTfSjyzEU,1191,1000,1000,1000,true
1029,54vtdH6YTXQzx38L36Wx4Y1vboTskrs6A712fEiuTJmr,1188,1000,1000,1000,true
1029,FUubaEdKVkhfvJMtSjebN2nXcNSyy39C5mo9MDXwgv5w,1189,1000,1000,1000,true
1029,ECpPJZz6eE3SkLwnjUtJEqYRCMqYim7erp2UVmTBRJNG,1122,1000,1000,1000,true
1029,J67krzvvgSSJMKmBoVXoXQKNA6FMD3txjqNmZaf8569o,1190,1000,1000,1000,true
1029,F1j8SN2Dvo524CcjFNiCWaYj7KJQyNEW4Ak4CW61LNPp,1181,1000,1000,1000,true
1029,DUnL25pdVspzwPLxrEd1ng6Scj1h1XSHppJMHQF1gFKL,1155,1000,1000,1000,true
1029,DsjNQKefVsnMRFoB4jBk2JYe96LP7DjJk7DM64NH7BB8,1187,1000,1000,1000,true
1029,BYF3F9nBSBJDFYFMtQEh32aRizwoAMyTHfRcoyXfNzSh,1172,1000,1000,1000,true
1029,HKnWNYmxYVwJABkcg7ZfyN7Zk3uCEJQxD4eMcAg3wQ6c,1157,1000,1000,1000,true
1029,4dL42vaiKaqWNYpTRqYdQanshxAwgNtHJJjSyzVMu7cV,1098,1000,1000,1000,true
1029,3y8redgLeFeE2Jhuawp8g8S6fuJS6Z7AEqzgY2TaxnyT,1178,1000,1000,1000,true
1029,Xk9PLsw7AScgq4PwXDBF56zMriFoyt7uVBoFsdSJVwG,1144,1000,1000,1000,true
1029,bSjPtLXYKXAKAFYpQTz1RALUtoCBjYX35LtPwsVHyKy,1180,1000,1000,1000,true
1029,Enp3YAuV3AnTqEFGok3XgEvc8ApyEWiPw6zziDhxExsP,1166,1000,1000,1000,true
1029,2WfQKWjKhuFZbttN9Q9i8fK1eajzWJEGtUmCVrZb1Rmf,1186,1000,1000,1000,true
1029,7kcbv2zr1fE4GfwYjRsSeuTvRDkV8GUEeTvZsPmw7Bb4,1185,1000,1000,1000,true
1029,355GbsVZa9cef82yxYjXDWUmsW2y4XYyfdMcKK4X4pHT,1163,1000,1000,1000,true
1029,7oXiE8SEDhAvWM4hc2KJ1UwsNRbAciLZiDEKNbqQSYTA,1165,1000,1000,1000,true
1029,FST6QpaYb6Xzsvc76fqdTy28T78b3nnKRawovh115Zem,1136,1000,1000,1000,true
1029,DUpsZzRehcq5ejLU8ShHPtAC3Kob2AxfyRMZBBKYyxh2,1184,1000,1000,1000,true
1029,Ft9xawq4yZFpWNQD1ksZJtNVvh9hg6oaoxHUuYja5Drj,1183,1000,1000,1000,true
1029,CezJXJ1XFd44Vk2SseUUHVB1ZzQZPDpEPJqe5GFt9M6D,1089,1000,1000,1000,true
1029,9G9KSPooghbfCmRs1pm5JJPV6mjcJrmVZ9h5ATcXER46,1175,1000,1000,1000,true
1029,Eep33GbvvHMgnLAPEXnwFHtwC2Ygd6dttKazkUr9aFaN,1182,1000,1000,1000,true
1029,HM8q4kwL9Y9gQrj81Q8xecs9KSz4y93FzLvTsqYjFR4R,1158,1000,1000,1000,true
1029,9sEVrs4D6QCL9Xh9bX8LgFkMerbm78v7VCFtgBWsoMjo,1170,1000,1000,1000,true
1029,37Lc5uVaY5qcGLcGfBH77m2GUQ4TunapBBpYwryvD9Sd,1137,1000,1000,1000,true
1029,8JV4NFj19VcQ5MX8vHaBX6LoHVPM5FziWYwcL4F26uWk,1134,1000,1000,1000,true
1029,3wYNjBYrNaRcmaXgQ2e84famd23vyaXBB517hXcoF6Zr,1179,1000,1000,1000,true
1029,A9fz3VaGTP6Mt6McPXLEtsX9FzZcFVX8ygDBYwiqe3oh,1174,1000,1000,1000,true
1029,5QoUEAraWohrgcGMMSZsV3mN5mmC7inQujUYboXKasJG,1176,1000,1000,1000,true
1029,543WNn8vS542J62XsFx7QBYJNiL3KXgcsHHLEHUUqgsS,1149,1000,1000,1000,true
1029,4KWU5FQRMpHs2Apq7nk8GVLQaqLaQJZwBgsEGPVrZNAv,1167,1000,1000,1000,true
1029,FpfjW5KT6DqnbKB9Wk61L5Uz4cjswyZaat9hbDGp8P3a,1161,1000,1000,1000,true
1029,A4PuuThzuzaEksFLYGvdn9Pbg4tETSks2Kjdb1PP2hGE,1169,1000,1000,1000,true
1029,DigMtvskS7i8u5kCjBD1erPN4owiPakZK3uqU4PwAnb5,1064,1000,1000,1000,true
1029,25JEcZMa3dpuHntqUgTU24G5u2gLQHBKWiyrbsjQSBJP,1143,1000,1000,1000,true
1029,BipG3ViSTbePoxSnfEzydYbHJLKmkWzLXZVaToBnUWJ8,1142,1000,1000,1000,true
1029,3jvqaJrQDQBUDomjS3WgwRjcMqwp38yyvXYrMktrgVx6,1151,1000,1000,1000,true
1029,5q8CCfRv1RcD2WuAkubVkyW28NWk8ZxidnddUagZCHrq,1171,1000,1000,1000,true
1029,7JezaemoTS1DsekG3VQnW3Pbo5HePqtoRtEDu5W2aEzR,1139,1000,1000,1000,true
1029,CzUgkBwaUW4DyNd5L83NSkQuf73eAbzLhPRjryvW4faE,1162,1000,1000,1000,true
1029,H81ridSW8oFmFdxnHr5DX3m4QUxcZg9xH3Wo63GiCzfY,1164,1000,1000,1000,true
1029,84cuWJTrykPm8eFJKPwzGixmxNxePkYLMZisZV9Mn7UK,1128,1000,1000,1000,true
1029,ACqguAMm74vZFdLvk9fguDgBQoyyU4AT2pVae7xhhBTY,1159,1000,1000,1000,true
1029,A5xiBgMjq8qwYxeAZcFoo8bCGn3RWBUDFHEcXw2pMvGb,1138,1000,1000,1000,true
1029,BmX4ah2FRdmDm3yoDvL58YeW9FJhFCXVHRwWQVeDMaW2,1091,1000,1000,1000,true
1029,Eq9JKQ5sk9UvjPeR5SoGps252BoHWsSqR8EFuJSy1uJa,1043,1000,1000,1000,true
1029,HiYKsnTyb2yjhQRo8uyQPpur2VeKuJeTwkLBs4mtvu24,1156,1000,1000,1000,true
1029,HoacU8UaSgUNPEUnpFQ6L925h3ogRoT5Bue8DKF7vjnj,1160,1000,1000,1000,true
1029,HEYhN5Drm1gBwaGNoyVCCnBrUJytpU8KVEbNoGG2Z5pH,1042,1000,1000,1000,true
1029,FAp7SZG8U2dTnbqR5Tt19Jwh2hrpQcJ8vJcpmc86V4QL,1153,1000,1000,1000,true
1029,GcZjgdrJpiqjrEkY2yj9hWyosRK1tHw5d4CwsZWAanr4,1152,1000,1000,1000,true
1029,2zokux8NeWZbhTHy9KtDpLaVEMdxTTtJc2QDq7BjU6GV,1121,1000,1000,1000,true
1029,8cLbuc9h1cYPpsRNWaqbYf3r1iHjbPexsecGL6QtGKYc,1099,1000,1000,1000,true
1029,BExxhwDV9f7RrTFxVbkiufWrDQpzMvdYtpCrRyV857Mc,1154,1000,1000,1000,true
1029,5tLXfakxtVGnQRMfnud7f1wYJz1ymaZUQh5AVhqzNuTG,1133,1000,1000,1000,true
1029,QtGG75JhViMaHsj92T5coeVUWhPKRxUdcokH5SzMumk,1140,1000,1000,1000,true
1029,27dVWof1teumUqqe1ZCUswY6RG1VTErndjvtsF7kCgGc,1150,1000,1000,1000,true
1029,AYFfs9HyJ8ET4DoRbhqCZWNbX8JM59LPYFg6szx9ehBS,1145,1000,1000,1000,true
1029,Czpuhn9HAmJ9Xf2ND7aevgWUaNPpVNXTvcfNccyvmzyU,1148,1000,1000,1000,true
1029,iT7XuLRib2Uy3EwnuTPn2jVa3iov6DxoBtW3Ev7VAZB,1052,1000,1000,1000,true
1029,CKz5N3GZGDc8kXbAhCpikkw71xmp1gLq7MjUG5nYgRTv,1146,1000,1000,1000,true
1029,b8rR65eyCpmC4vLYUaZT31QihLdv9PkEENEUTDi1uSs,1147,1000,1000,1000,true
1029,GKmERaAZ92bycrX47UqPCNypowPEEpeNjtL9ASWFUQLB,1060,1000,1000,1000,true
1029,67LyCmzHQHbmeDVWpQZfTnGKXgA7ebEUfxXhwfHhyno6,1116,1000,1000,1000,true
1029,Cu7paz14XUbrzMY6rEi6rNLByymo5ePk4e5V2Q7qSY5j,1132,1000,1000,1000,true
1029,3hH7VgmW4tPfrjJALFv3yPKjuq99MXqRi2ypJy3mKRsN,1129,1000,1000,1000,true
1029,DVVT4o1RVTcuTAAD8xFU1FTP985wGa2MQTqjQ4dpkFqS,1123,1000,1000,1000,true
1029,HmBdyydVifxKsHDWFmuMP92e76Bpvkmtx41gLAeNXn11,1058,1000,1000,1000,true
1029,7mNDc3VMSgZNWL6LnfYpfz24w4thxCvX4dXyHEt8TH3w,1111,1000,1000,1000,true
1029,94dCGqmS1AxvTViVSnrbPHrHTd6iyvgScDX8jkTpQC4T,1117,1000,1000,1000,true
1029,5WU1xJbL31UZmnrv7Ns1PXboT5LQbg2F5LzRMpcvnDY8,1141,1000,1000,1000,true
1029,8cfMq1Wvcntv9qpXaC6ntqBHh1geTHakZyV82hAZwFeX,1130,1000,1000,1000,true
1029,319VtRCm46mCYQRyUhxpiX9FnAep7PhXiNWf4TWhwAHh,1135,1000,1000,1000,true
1029,5ZqsVkD9EiWKAP1pduMptmiPyvN8epHQPqTmWcikVLgo,1131,1000,1000,1000,true
1029,54bcJi2jERS7gL7Me6JhwbASRLFYNq11EDHUYzc1gkHY,1077,1000,1000,1000,true
1029,41zqdXDhFXWL5M5aRDMe8D4jCcowh8uc1uvRVKGZMeFC,1118,1000,1000,1000,true
1029,GZHmds4PJEHXfwiPWmTqfsoktxA1CWqHspvKHrz39FwE,1127,1000,1000,1000,true
1029,BVhE21gwPDbyoPFuj5KSsDZ9vgShojbNFuai9XxhU2HA,1124,1000,1000,1000,true
1029,2AKxmdNF9pdmPJza2e5FBCmmcmjqpYgGiECWbFLWN2Tq,1115,1000,1000,1000,true
1029,5ZLjZMpiGKWnnCpZts5bemCgiEV5VQU5Hdb6soSJd2he,1090,1000,1000,1000,true
1029,DABtbScF9MJ7AX2JqFbfWaFaoxPzVe7mXu1N4kzfj6py,1126,1000,1000,1000,true
1029,33UhKwZBCoPdnnucy3qW7vqTTPvJQpS9GwCt6maPQULJ,1125,1000,1000,1000,true
1029,DjzHK4NXJLsTRJirzvUEwustN4tTHey5RXxc4WDrnaeg,1112,1000,1000,1000,true
1029,AWKm3bzpLgRj514FaYV2gZG2tXe11g9u6QVvXMF9yJEp,1050,1000,1000,1000,true
1029,Fh33gxRhay2mBqQsdUsF7oWaSfVy9NTECQXzjpMTKjjP,1114,1000,1000,1000,true
1029,5W9D8fXVZF2xuxJ2rYm7AKgJqHgyeWcSJHGfjQFH1Raw,1120,1000,1000,1000,true
1029,G6LLau1p7njo6otPfUViVkgQ6w1aAKfrCbpU8SLaB4ZJ,1119,1000,1000,1000,true
1029,42udotVESXq157Azy7BgmWRDxtuWeLc6hHPWXMyW5r3Y,1106,1000,1000,1000,true
1029,ALEHUx3idyKaKg5CGo7NzE8rbACPCNZPzgc66u9BB3SQ,1113,1000,1000,1000,true
1029,5Rxv5Nn5XjLcqi6xL8ihAMAxiP8QQxACiCjnjSHh19ZT,1063,1000,1000,1000,true
1029,cVJvivz7RcG4YqLtHG1a6Jrs8oqJZ5F59QzNsfrJWp7,1105,1000,1000,1000,true
1029,2JHJHP1E1q7tJuuzA4ep6iEMq2KDs4k2HrAyBL64tkbc,1109,1000,1000,1000,true
1029,Da8Q6yoM62WzZDYABi3Fxfdn87vFkPGRwJ3FnqQUFMrd,1086,1000,1000,1000,true
1029,BUjMfSsF65Qbkw1Jk65i9MMmWK5KafiB31Na99eKQuUM,1103,1000,1000,1000,true
1029,2gjkUd6bzCeNGETEU51xWv33XspgMCJz1EM77XMx3y2g,1095,1000,1000,1000,true
1029,AhDorHS1Wo7mHuV13sqm2ygJ2w1PkpBQDXR2kC6Du7pE,1032,1000,1000,1000,true
1029,Dc2rpCku7gKAiiAPvLmVVLTLeJczTdFXvoLTNDbVaqkk,1104,1000,1000,1000,true
1029,F7MvNnPi5pQs5HfmezkhuVKZzpwRETXMPCnNDJbKZQU3,1048,1000,1000,1000,true
1029,GKswgENgrJEBAyqex9WbDnEeZSDJKnJZ3zJ3wfZdD425,1110,1000,1000,1000,true
1029,6i5vTqWy6HnCy6dUb3F5kZGH6u7eYPxL8kZEU3AeAEgB,1093,1000,1000,1000,true
1029,4Ty3pE7DLGT5hpZ1mTn6Lbk6Y6bn7jCeUSHXeLZW3Me9,1108,1000,1000,1000,true
1029,883qDNGAZfJF92V65B8d1NJmzFm2NSQfrxsGMvpGAPe,1094,1000,1000,1000,true
1029,23Ba5AnLzpiW1r7y9vFqUmWbuvgeMq1WBZqRE6d2umsy,1107,1000,1000,1000,true
1029,G5VGZEbzN7rnPMJXv8fz8cX9cjiASXWA5HciDpoj2Kb5,1051,1000,1000,1000,true
1029,5KkcDQV4SpmQ1bVLtVvdWQ15amRTdKtbiygdZNJmb2xG,1041,1000,1000,1000,true
1029,CGgCp8wLc3AkeBFBjD4bc5SYimavYba8vVqddRPsiVRk,1079,1000,1000,1000,true
1029,EcGUoMEkHRDwigmnKVQwsPJkyCjznJt4NDMgV7H8cT2K,1076,1000,1000,1000,true
1029,HNncqMzjwc1JpvdkMSAb6HDKE51YwoDeSzaVP9fD3t7P,1044,1000,1000,1000,true
1029,BVKy4QVANWaXdyo7SRFPkMzYutCLgzhvmsV6uieX7TiN,1101,1000,1000,1000,true
1029,9yZHEMF2gsNBJu2ULZBnyFczuTerUzRVMinTxRoTpH8f,1059,1000,1000,1000,true
1029,EukmdxAgF6TDaBqorJrEDV1RGg3ioKh8yBA5wXA9LUgP,1100,1000,1000,1000,true
1029,5ye4titRLiNqXjhiS2ThcoiAFpU2MeH5kVVXadrCHc66,1096,1000,1000,1000,true
1029,Akkc7zPUibQcT9WBj5Sh3Q5YviovkRJk9cERodizHUs6,1078,1000,1000,1000,true
1029,7dBK4p6EYPHGitojjCFrMwL7iws7nKDL3nN8X3wqtoq6,1039,1000,1000,1000,true
1029,GDL4nNNVh9HUQvjmF7nRDKacnJU77w7qmrxupRb9vty,1053,1000,1000,1000,true
1029,GLi6ngdB2XPUCouba3WedTu59efw147hNvRPAaoDeWz9,1083,1000,1000,1000,true
1029,45HWyUR6fy4DqNv8UzmJUndygEMG3LQucXwyRC32y9WP,1080,1000,1000,1000,true
1029,AnNagfxgak5BahhN3Y93jMgudhmk6M5mFwNfpyHfTzuB,1033,1000,1000,1000,true
1029,CKXGnUF3qA3WXtQD4fRdRH6ff5ayeM9Rh9bPaaG8FuLo,1065,1000,1000,1000,true
1029,4fBntAZZLCdcE2ieP4PmsYoqz18TUXgXbi8hstjejTVn,1049,1000,1000,1000,true
1029,E3uJQUujWhwKASGrZXQ1RVmwEuHjZtBNfNg3oWVtiXMs,1038,1000,1000,1000,true
1029,BWAmQypiRWtDpqQtAKpMWdyJS5pLSMZ1An673QFYZYUC,1040,1000,1000,1000,true
1033,B3Rki3iQZ3cKZs1KuL5Y61MS28qu9s4Cte59S6cog12s,1299,1000,1000,1000,true
1033,5QeuEcJDx4yh2LLnCN65rpww6TWUT2vrS7XRDyLPZR7Q,1081,1000,1000,1000,true
1033,CWnYqxqFuNEJwVfMcKUmGZSMi4rUKpABbkt4WxRNvzaN,1225,1000,1000,1000,true
1033,AGfNis4G56f1u2s9kFZs86vBCpGdvH9J8ya3GDqjCs2v,1215,1000,1000,1000,true
1033,GAnXCEucqxNqTuawLtVemiZ6ngSDqMwsUjKcZXqTM1ZX,1155,1000,1000,1000,true
1033,Hh35exLBiF7YZAKibKxznUvaSvAUPMFfkeREa2cSRC9Q,1245,1000,1000,1000,true
1033,HZAV6Zd9oxGW6esxcHptHTFzvfN4hfF73WhsH77URjTu,1224,1000,1000,1000,true
1033,CaBKjaKFyaD1Pqp8j74uYfw3bap2mq5QtqyknqYqKuWs,1235,1000,1000,1000,true
1033,6WTAqxAWCJsst148LMqBgtjrvWufAnu6oZbbTh3y1Znm,1236,1000,1000,1000,true
1033,CZ46xkbReyHgPbtiR6TnJPHyY4LNiaqw8P4q4GCWDcCv,1182,1000,1000,1000,true
1033,4Qidm1eKh8Zvm9MAa6x4KzTUFpRcyHb7Nf6ddzt3NoEf,1247,1000,1000,1000,true
1033,A5F4QHn4Syz2YKJEZVqFitHpmsFC7CRSCFUkyT22G7GQ,1244,1000,1000,1000,true
1033,87hSQTHkp8PWZiJDeNXb2AQEMFaGzHZUy5FKsKVn8Yya,1187,1000,1000,1000,true
1033,BcQXykodR6Tap8LzyVGvdgUkegAz5bgmzPzEekb6mQPD,1241,1000,1000,1000,true
1033,2e8mC2nze56Prpmpk2d1wj6Wtafj32PFm7KAZPfzSan2,1199,1000,1000,1000,true
1033,8gwPVesX2HxSBW3FmPDY7NGX4YtjE1UKAdhVcub3Q21z,1223,1000,1000,1000,true
1033,5H4aKinbzPSSieJqJsYnR3hGZuWJHJTVzC1DHNn5h7Bp,1221,1000,1000,1000,true
1033,HgHFH9c6T1mHYaaya88SFP3nNiTDwUnTZp9auPxa9kdq,1240,1000,1000,1000,true
1033,3pJSMvJEJGrrUDcJJmZJF66s9G4984FPev4dF4H3uSBB,1222,1000,1000,1000,true
1033,H6vgZx5r3jHYMsiKud3aPf77Ctt7VvEojbHTAHHLS6sn,1177,1000,1000,1000,true
1033,BySmQF4XdJniUFcikKdxmExY2Ap3mDum4zZTmzJCQqfm,1204,1000,1000,1000,true
1033,FXg5xSU1WqqaGv6gkc2PUzxt6SjooVk4MxZgqyHqt1ZA,1219,1000,1000,1000,true
1033,ESKyq7FzTP3cq4LmczeRvQTD1n28Fb5ERGi5r5nZY9W4,1186,1000,1000,1000,true
1033,sJCD9aV946tKA3fWigZ9M8nYswvkgCuMeiGyrP76ZyM,1188,1000,1000,1000,true
1033,E4aM4nzASZpFL3HYuJtgVRJHNq5CPVZe38BMtHKQwrJJ,1220,1000,1000,1000,true
1033,GSiKWkN1ErRSyranqUhvszupmhqV4xsXPaChZhPpQ19G,1119,1000,1000,1000,true
1033,6focW61iRDZwAX7r25AhNJeQdjY7hHjC6jqaa9s8cFrJ,1180,1000,1000,1000,true
1033,AkCQRJZhy5SddXEzvfsV6CUeD4dApoSUy3bUQfd7N9Zy,1218,1000,1000,1000,true
1033,6BRiJavs91yhXyywHuQSrjMf6c5SXaU727a6iBPY4HME,1214,1000,1000,1000,true
1033,sashjsmovNgc7yphjogMAD8Zpfg82Fo3vfqHksZXnJR,1189,1000,1000,1000,true
1033,H9DNVAdFqBCNUbyG8VAAoNTgtbaZX3hghu7ouWTnmV4V,1190,1000,1000,1000,true
1033,zcjJ5nk91Xm8ftie6GD1iKtYZ78zczmZQMZXjPUKiyv,1183,1000,1000,1000,true
1033,FsuzrRgVJ6chDjBwdU5FAeAasd5KkkPeV49nGm1jPeV5,1205,1000,1000,1000,true
1033,Hn6QaoUd7GuVxxFNec7mx9dkeWFhr8GX7LP1JK31G55T,1163,1000,1000,1000,true
1033,9Mi3kjrYy5cU8UhNM8wzXBRFoA99qi5h6PMCkw4nY8HZ,1088,1000,1000,1000,true
1033,3uXrMgNphk2rPudCYkuN7ugYPptSbn4acALtoNsN4QHa,1179,1000,1000,1000,true
1033,FNgVaZ2eGf5ryaGzLu2aejAAyzfcPzF92ajqxastKKJP,1196,1000,1000,1000,true
1033,EFvx2KVZ1g3csS5iqbPsrxxFnn6zWivGWb9wP1B4xgHa,1234,1000,1000,1000,true
1033,845YRLC2tS6f4dJ6UZtwC9TZQrpPD7MC5PiFPhpMmwTv,1193,1000,1000,1000,true
1033,8DyBFNPVDKcUgZhm186MGHiyyWaU5GDMzhDs1r4dZQXh,1174,1000,1000,1000,true
1033,27rgMYA6zpubHWmfLtuV8mbSV5R4K8aTbDaMp9bjGBTY,1191,1000,1000,1000,true
1033,2RuWPHjSqDz911wfZLtjWVkM6PQQjuCwQugaSAvoTnN1,1176,1000,1000,1000,true
1033,FsnVoKjsQmGnhrfGHBnhA6e7Re3qWGzCkjUU7wYWgkWr,1213,1000,1000,1000,true
1033,BbRVpYxA1ps4bfTXT6NALPyPvQrFkDWgUYTiZtUrYm9q,1091,1000,1000,1000,true
1033,CRqsrUZDHkoVh9iwuoeQPbWyYJeuWa4DspUSbRY4Dz2v,1201,1000,1000,1000,true
1033,ABYogzHvzujHJJ3v5VnLJiZDKjKPQncgn5LhPqrFNGHu,1200,1000,1000,1000,true
1033,5UawTCJggB2M83fdBqHCGgubeMtoE9eSDWyR1aMVK66C,1195,1000,1000,1000,true
1033,9y3r8dzf8JjLdcxxdz9HoRKNYLYtGMPswJ8oSnuFGR43,1060,1000,1000,1000,true
1033,5y4FFg2ADi5hSfgnbEtmjgWoRTUvcbsDM8eH3dWFZzD2,1149,1000,1000,1000,true
1033,5kfstF5LjUrdWQxYu23zCEQCdmwFErY3cZnTVwujdpFi,1143,1000,1000,1000,true
1033,E9HQ5mCPDxbEqcUTWaBjJ6Bj15UZFhnwjR1EzxBg9joB,1132,1000,1000,1000,true
1033,6yvpAJta4fBAXRGrYqxuTdvXEkAZKBxfV4zzfarcKvqk,1133,1000,1000,1000,true
1033,724bnSV8VN8zuTsToZiixdapqUnkqpbswj4YcKyf8CuS,1157,1000,1000,1000,true
1033,7uZJDXsQWLGYppnc5HQGTzm2oYTYarF5xvoeV9QVvJFH,1000,1000,1000,1000,true
1033,Ao3Zd6bKdQKBkD1iHUjyG8ifgYYmmd6gjMEDSaW8X6Sq,1175,1000,1000,1000,true
1033,8qFZJSee1Qj2grPa588vMmtYBd5V1nsZBQS3vK6sGuZR,1173,1000,1000,1000,true
1031,Fa3ZoMKVVvQtj396US3cjKJWkJhSXXkVzJFiufSBApaf,1267,1000,1000,1000,true
1031,2Qu7xMxkELji2oKFJeNrJBP5E89iB4JL4NgHo3Z62WeW,1281,1000,1000,1000,true
1031,3Koi4DzcJPdVoS7xbXpbJyA4abUXr8ngNskrZvXFSGD6,1273,1000,1000,1000,true
1031,HipUoHLdWhsYdJqugT1beoyTQ1XirVauumgEiKuCiMex,1215,1000,1000,1000,true
1031,Gr7snEgGj3vBekx4e9u2bSB1gVaiZY7XghzW81MCUViq,1299,1000,1000,1000,true
1031,A8zvTs6bBNTNXW4q5TomhABeT4ftzKy6AnqxEqhKDwyH,1056,1000,1000,1000,true
1031,78Uzbp9KJ2pRN3hCV8RiuAZFbxkmE9kr75xeVSjCE3E5,1280,1000,1000,1000,true
1031,Hm4sZu5hkFuRAS7VkaeVFnbYJ2rp1UtUGgKSmAuaagoS,1272,1000,1000,1000,true
1031,DyGJeTfqnaugkiULZYbyWUeYdN7171kazFq1YFFc15GM,1223,1000,1000,1000,true
1031,9a5CpKoQLpbueWKPJrQB1D5tpNiEJTHkNpumfsUVEt8Q,1037,1000,1000,1000,true
1031,DfY1ocFkrVdRGysyAmixD4sxn5SttqRX6s6dLC6FMkcL,1256,1000,1000,1000,true
1031,9AqdxtChFn1CY5AeNCbqQYPpREkcawKLidUbgq2cPcm2,1268,1000,1000,1000,true
1031,8VePJm2st2gqfTL4E664nFduuvwZZYsyVDPAi7iGD5pC,1264,1000,1000,1000,true
1031,97AUT8RnxoUCNQ6fzxxWj7Z92cXMNM8DDEazqVqtQbyF,1260,1000,1000,1000,true
1031,GH4x2f8JdqMRpTtLdQxjCVXcg4VxBf7V2XEfjvKzgUMH,1259,1000,1000,1000,true
1031,4H7n1gZkH3z2zMLP2mW2NwMNyZXwYipX2PjVde4es1cH,1217,1000,1000,1000,true
1031,GHvrqh2s65mRaWcXiGBzVMtMBzipTxDDcK7pB7BC7Lri,1222,1000,1000,1000,true
1031,7WCY2yPV4Ts9Ruxo7CHFZHGRZ6hBw9yCADtN6sZpsGwT,1263,1000,1000,1000,true
1031,5mw44J97z8WXD8hwKEFdHBfWEsdvDBq3WNraW2g1KUTV,1221,1000,1000,1000,true
1031,ArNMqEYHAUn3dZeh2CSp5PDLnNveoTg7BbMNSH9s1imh,1211,1000,1000,1000,true
1031,51vdGJeUj1v6nkiMCSU2eoFJE4YbRCUNgtMV8q3SRkzJ,1195,1000,1000,1000,true
1031,FKBYoAdFQJLhCMMSsLmvyfjdsG56fE1mGY6Q15QCgzmK,1210,1000,1000,1000,true
1031,5RMXZbDpnWJ7xj7m5PT6bKyqn8H3jXpYt7NDySer99cD,1257,1000,1000,1000,true
1031,Ed4HedfWCAu8ErqPHWHYhHZtcCS4dCjSrxeLNC1SE1Xm,1250,1000,1000,1000,true
1031,2L3pUMET6VCFi8rReMLCsm9U6mCaxEnDTuLYgeMMzMWR,1220,1000,1000,1000,true
1031,6iNWe34gCuiZAgW4TQQ6fS2CKQLWs29xH17sB5UT6TYM,1216,1000,1000,1000,true
1031,pCkxgEHVNYJURqsuFApSibs9sYEvXWnnK9z4WiKuRe2,1212,1000,1000,1000,true
1031,6mmhJKMoYHP8NnyfezYLrPX8mAWHVZv1BpviZmpMnWCG,1249,1000,1000,1000,true
1031,4FTWPHFFgSjGShhB2Xx9hhUYgTL4aKs6gT1UKXJpLKqF,1205,1000,1000,1000,true
1031,B8odin7FWSpUU1SXvRjuFMc22ySBgotx3y61iJ2Ju81G,1197,1000,1000,1000,true
1031,DqcfgvJJAaXc51idufU1bqaZ17sdkitcUV7xdipUwE9e,1219,1000,1000,1000,true
1031,8D29xTCZAPB5ReJjEtnnaJ2R9YSfF6KMrLeUAiovJAT1,1199,1000,1000,1000,true
1031,9KcvBFTPZNXKVTZWSwhYS16L5NByAND8ETXS7bDgLTkY,1224,1000,1000,1000,true
1031,68geiFD5XrGNsPtccyUUTMyAZWc7VC51wqcbch1tk9sN,1194,1000,1000,1000,true
1031,EJmTdG3yFLKvzhoL7EobtTcW9PuHmRndeXBtQcKDLGRe,1218,1000,1000,1000,true
1031,5LeC2XgiAxgFfhjW5Ex55XEYEuq3P8azPeYmQajwBSyR,1207,1000,1000,1000,true
1031,AMkDumwZ8m1xpdPNHePNduF1gBxuzUrveEiFiRDCwDaH,1204,1000,1000,1000,true
1031,EHD7tiNTm1xSa45wqGCFjB9QVzCVeRPDVyaP65krCFKs,1067,1000,1000,1000,true
1031,94AytccZhxUScbL7By6diLMYCsQt2gVYYkuLZpGEgiN5,1044,1000,1000,1000,true
1031,2RjHgbTdnekzS7i5AciQi4uUHs8nf4CuqZxm2QWcMMzF,1202,1000,1000,1000,true
1031,E34kBVoojVoxB75LZLgPary4v6uiy7dC7oFQXQ2gQvoi,1213,1000,1000,1000,true
1031,CPV1rBXeqfk8zs8bUn42gDrvr7S2BCJYW1KDLh6EMiWk,1034,1000,1000,1000,true
1031,7y7k3TC39AWQzGMPV3Sp4NNTjCret5ecrwTtw7cBbL4h,1203,1000,1000,1000,true
1031,3CkeQWJZE29PHKdBWiXBWJEZf8Tud5M4iVgoDYwcKFZ1,1198,1000,1000,1000,true
1031,2E9iFUJ8ciVPXVSZxiX3A2n2wPr2CQttVsf1ET7LbovE,1209,1000,1000,1000,true
1031,A4BaCr9NMiqFPkRDaLE7CH7g3YhPVxHxFxBt5cyVViat,1035,1000,1000,1000,true
1031,78xzFxzuk2jeXjcXgqk5kqESKzxMAetvAciMbtM8jeM2,1018,1000,1000,1000,true
1031,FNGibsybqNgiZCAtXUX2JeqQSdT8MTSEEJeQtwWFgdhT,1008,1000,1000,1000,true
1031,APJcYYDAZowt7fJTLCTkXpwK3KNrhDt4JsFbFg4U1aSy,1206,1000,1000,1000,true
1031,AQfhxuRaUr6jbTyEZPLCfcQ2pEv8J5RXbxNyDSaA3t7H,1192,1000,1000,1000,true
1031,ENDQXB6TLpxBRs6wJrxeQLC7bN2hXqtDPpMfosPrhad1,1214,1000,1000,1000,true
1031,GdUB2BTTngBKZYj7BXhqA8gUmdDk8NAieCrHdp4vMWs3,1208,1000,1000,1000,true
1031,Hxi8aMeRcmskfzD3uXSa845QRdFkivrrzkpn2T3sbdWV,1075,1000,1000,1000,true
1031,Go86xKk3LbTUQUGYPVM6xKPHeM2xPY7eGARwDmVr36VS,1196,1000,1000,1000,true
1031,CLNmWfsdC76vMeYVqNEv6jXKG7GMXyjFfGKvQjyyiqGW,1055,1000,1000,1000,true
1031,5JeF6ZiFtveeFwbtws6tqq7CVZySjK3Y3X8VKQaKzHgV,1032,1000,1000,1000,true
1031,DdDyHgtKGWnx17xapQ2rrox8f6xX1ZKfEbBDX2BuCqUq,1064,1000,1000,1000,true
1031,GNXr2PEfGYv5J163oEC4j7QqjT2c3grUAWksucjfL7Rb,1201,1000,1000,1000,true
1031,9WEu3DVrZELxsYYo6XacJwSTUv31CtUhU7htpa9iVE9n,1000,1000,1000,1000,true
1031,8TpSpYnp9WxB8VmBEk7KpWXoHkqVKf1tzZS3KeicrRVp,1043,1000,1000,1000,true
1031,CcQg8oq9ZjqKzF9XitngxYTP473PiFDmXf26PKTPtTvu,1031,1000,1000,1000,true
1031,HBcVFvAbixM7JswY5P1rrCcn8n1Z7jQnPvENftEwKFpF,1173,1000,1000,1000,true
1031,8eGGkvHM34fQHJEmSdiMKn1woKTj9XEsk9riLvruEVEw,1200,1000,1000,1000,true
1031,EEaTzLAMrWARbgxVhbdufZgBP4XvbTRqzWGuoszWmemP,1052,1000,1000,1000,true
1031,Xesvta4PJgtU9a6UBdowZWLmBJ6rbXRYzYp78fKEia8,1020,1000,1000,1000,true
1031,4Jk7fKVN9GszfVVrgP6RYAR1kPd7gVVJVVp3n3txNxA2,1013,1000,1000,1000,true
1031,9jbA2RJ2bpA2Sjx3EGKY2uRKVH5LofmzvExjbrM2t4ps,1063,1000,1000,1000,true
1031,9hGGpMRzzLWwNubuLgvTtGT79WS9TUf56EpWV9BGS2SV,1066,1000,1000,1000,true
1031,3BWTS7AStpVuksPs1hVumiJ76xSdHz6rAjJnE144MAjL,1058,1000,1000,1000,true
1031,4zN545ij9ZcFqph7QjvC5fy4psZNVTtL1FHibuxVLSVL,1053,1000,1000,1000,true
1031,HZV8NRRWSapmAHTzRCrk6X8giV8Ub89QKrpyGmC9quCW,1039,1000,1000,1000,true
1031,8PSaYNrd8WtTiyJ4mt6RJCBbHAFJV4k2VgznMp4QSa3C,1033,1000,1000,1000,true
1031,EJSfZSagWUSnu3nDuArhdF9iBhheAVcMTKUPfD2NXsKc,1047,1000,1000,1000,true
1031,65AZxSCVMZZRh1ezq3iU2TyNyccZkCNHdHZTnrsUXrLZ,1059,1000,1000,1000,true
1031,A9LH3Sjjz1yAJAQK9fDk9qQSKSdUnTN9mJPN1tRp9BYp,1046,1000,1000,1000,true
1031,6PGpnqFWuQABDS3Dcm6C8BTLDkGWMbY26n3t6xBSrwcT,1027,1000,1000,1000,true
1031,HyJMRn6F3VRLaV6rpCTGUVaS15TsjzkE13G5PqNCqGaf,1038,1000,1000,1000,true
1031,FsyXpd8K8HC4dVd6TipEJUbaa38EaioG2t8QFEEztxcV,1023,1000,1000,1000,true
1031,3EECvCkmuUz4Y3LRWqP2wQpFB4WWRBQGxcQYmGzodCeU,1049,1000,1000,1000,true
1031,zTBeb88B2b99RGyaiNXHN6cNmPfaBWFRrjWfra5Pm3A,1051,1000,1000,1000,true
1031,EkhhvDVdMgpChDMnbiawTWB4XdJXAi82cF6SXS1o8Qdv,1017,1000,1000,1000,true
1031,3GBiCkdTg6PzaSBD1BpYunRxLBgr35WfCQ4w1bqBaMUa,1015,1000,1000,1000,true
1031,Da8FnLv9HViMv2p3w8A9axbWSk6WvBWvf8fQQCiPEaKT,1036,1000,1000,1000,true
1031,Hw88Rqrq73THvLpyaQafiL5gQKiGAneGWFz8bfwmKRuS,1021,1000,1000,1000,true
1031,JB6HnDRqNBuvH2UNaSjLSyh7uisVM34G6pvjbreZPLhB,1030,1000,1000,1000,true
1031,Cfxnvenft1kYcawjYaDpMA2sP3yRCTc9nTqEownhkjau,1025,1000,1000,1000,true
1031,8HtKB9JWFojzNypJB2pyJpJ8YvNp32U33NiSzNzGTyCL,1007,1000,1000,1000,true
1031,V13wxh1s25CMmWGUEHrkG1YrPS7gEgybNasbXjWEQd9,1010,1000,1000,1000,true
1031,HvxCvShB8GKc6SYFJCaMg3nKqs2SwhvSvhHVAQXiohmV,1019,1000,1000,1000,true
1031,FDkadd4QvK914KRvjWWWKuuueQpcTkXQtgQfBgG5stZf,1026,1000,1000,1000,true
1031,2rsgfRoaE1jU4JkfqPwnLGk1ZkAmW6UjbKa9uho3MTPu,1016,1000,1000,1000,true
1031,DKRkC6cfxuUHePyKv4zJ1qeHRxN54oAuNBsLYi7pDckT,1005,1000,1000,1000,true
1031,6hkdDU6Ft3xKbNBYhqiU7SUC2JSwYHrrUNhA81Fqtjr6,1012,1000,1000,1000,true
1031,6qJnGKV93nT3fs9FkhVReXMrWcHnX6UgR2k1R6XQ8PH4,1011,1000,1000,1000,true
1031,CbUnn2Uvdn2a7fBxtcSyMHL81jp5ePtzPuCmSjdHfpbo,1009,1000,1000,1000,true
1031,H47mJoDVs79gKtmKahxV9mynnH5TEstuxrdbM5w8uhbt,1029,1000,1000,1000,true
1031,GB8W3w8SUtj2o8UU1fWU1ujHrkuvX9793yHhu5R1Gxpg,1028,1000,1000,1000,true
1031,HhgwgvbMzc8RJVjnfzXRQEEjr9TyyNi4oW4PeGG6rDFE,1014,1000,1000,1000,true
1031,7QeMtstP8pQzy6Ay2NT12DMrRjV2CJBG4kEAok1C97FU,1003,1000,1000,1000,true
1031,85EJVQphy4xohUtPCQnWBGa6bjm3rqPtVdEsZDUspou6,1002,1000,1000,1000,true
1031,DTALUBxuSv12cNFgrNVWkwWc4du1Mypkd4cUA9enobMp,1006,1000,1000,1000,true
1031,H9suLJhSpsatqRWfu3veaJQm1dPMAbYqDPzMvcvsPUE6,1004,1000,1000,1000,true
1031,CxKzQ3cjWd7xAcL3PZUaSF75TuGw9GsgfNt5FecZiCUe,1001,1000,1000,1000,true
1034,DtkzLUU8Lx5NT2otQvfVvEfv6kuAnXw7EZVz6ecY75N7,1168,1000,1000,1000,true
1034,CKptctt7Y5b2anRyLp6Sx9JhuEQoCYoXMoum23nhY5iy,1102,1000,1000,1000,true
1034,2xmKnXxPn7KknCEyQ8qeLTWMiHvRHezHHVbsGQpp77hg,1181,1000,1000,1000,true
1034,145WKqKfDX9iTQNyYcA58C9rN7XtwnekZ581Ss8vhWEN,1134,1000,1000,1000,true
1034,2Ebwo1tT3dRHUmpEtD9EbP8h8ULezspKr1T5ZuQ12CXN,1194,1000,1000,1000,true
1034,h5ajZPZunq2YhqYAmK7AiKk5Wd6Ce4J5nfe8e38dqoq,1002,1000,1000,1000,true
1034,CSV9jWqiosaf2hX5S9oTF7nSXjYcv7dzBQSobEsw48VD,1170,1000,1000,1000,true
1034,EWpbr97pDN3SiHpAMFmUTnppwU2mJfQx4tn7Jrp3s7C3,1185,1000,1000,1000,true
1034,9nmx3tjrz5hF2UPYhPsTJ4VMVq7t1YQjcTDnfMGejEpg,1171,1000,1000,1000,true
1034,AJba2gy728Updt9in7wkaVTamNNDiGzKgaahrJZqnTAf,1172,1000,1000,1000,true
1034,9jp3D4r3i99uPrzhSM1oGjBt3N7uAAm7cmgGrJtt8Kzp,1178,1000,1000,1000,true
1034,2g2cNC1mRvfUSeioAiTEaJvvemcBSBX2jmbjMjmibirh,1142,1000,1000,1000,true
1034,6HDLyXpux5UMTeykYGKFDnJSeHCBBKyzkZ4PM64F1CG5,1166,1000,1000,1000,true
1034,Hk3gvMdWeCZU6xYNJ88Jx6Xg5usd48MzDbA1B4RcXjAR,1137,1000,1000,1000,true
1034,8GJEtD7gt9JuwqM5vyFdfjuskV8vy6ThLEhjVDaTSfAY,1115,1000,1000,1000,true
1034,9iw8K96uhTk5LP4wRUuXUsJokrNca9nF8FUbYLeTN4dw,1169,1000,1000,1000,true
1034,CWKdRZjdZUqfceAHtrdExy42mSpQJEeU2Wo8qZ5orrYd,1165,1000,1000,1000,true
1034,6VfHprVGDERNwWTut5pPo2nfbd9TtubRz4qmeRrdTPc1,1144,1000,1000,1000,true
1034,GmGgnc4XkE2JhJxutmVNnXm2V1FVqZVw4SsgFNi87gqY,1167,1000,1000,1000,true
1034,6MiqKvgbRW1snuYbgpPAkjj1REkDrHZvcjgo37Xp5eNG,1151,1000,1000,1000,true
1034,C3EC3CJLYUjXwgTuz3tq2vvwVXo661E4avS2dYpRzJ6y,1120,1000,1000,1000,true
1034,9MjGp5Tgu7ZgJiqpxZ6sqggAruZY7FAAbgNRWk2bcydT,1138,1000,1000,1000,true
1034,C9g3z4bNxZQdPxDqFnQKTcpzmdFzqMKfupD6HZaTd5pb,1161,1000,1000,1000,true
1034,8bhSMYiTCoTMRMhu94MPzFZeZuCEdyvR9yL3qVK5m1uC,1095,1000,1000,1000,true
1034,4zAyn2btqF9XFNpyeCwcTajW7mso7g1mazrpfhCB5FHk,1164,1000,1000,1000,true
1034,GPxEfGCEZw8uVbxsMqBKeecfaEe1FTYqzxGFuGiokTBF,1042,1000,1000,1000,true
1034,DNYujMbvicbeoo9e77UtP1mYh1kqu6i4KeHzuUMeNZRV,1028,1000,1000,1000,true
1034,2txgRgL9AAw4cdgNN846deRWXu6LETVXdb5NarB9fkDC,1136,1000,1000,1000,true
1034,jZGBtsrhvhSYKgVF974u3oHU42LG7Zw4eL7DpaoXs26,1146,1000,1000,1000,true
1034,CNpKu49T7dLtjix1UATc833fX3B9dBBTqwDC79GUp5bq,1150,1000,1000,1000,true
1034,E7aasKMinpjz2dotoe6kUdidzVYZWq6jLXk6Rc4iEYVo,1110,1000,1000,1000,true
1034,5rUdByj4RN4JBqoa9rdqk1bqe5dEwmWF2KFTbfVqmAGQ,1156,1000,1000,1000,true
1034,q5VsGTyzvS6FnoEbpiEApDkhX42VdkbxNeAvwPiv2tP,1125,1000,1000,1000,true
1034,9G23SHucZkKV1x8NS1su6Ce2vcExyn7kVBaRmFzryoWG,1162,1000,1000,1000,true
1034,HtTdgyMANi73riNJS8cXs8zs2Xj7EmvkKvNQt5kC8R2q,1154,1000,1000,1000,true
1034,FZKKtBDgDAx2kJ9nmULaxYERgjMKp8yfvXV5MHeP6j3H,1139,1000,1000,1000,true
1034,8QMm8LrT5y83ucPPTVEW6oCfsemsR1PC9h5E3rcJ5KgK,1123,1000,1000,1000,true
1034,5PUwPUgmZSMwC3LP2GG6f9zNcho4NeHYQPhn5sjTYG9q,1129,1000,1000,1000,true
1034,G91rQrRJ3zFdsyoB5X7SRCu842iNuPYs3gEiuyzBh5uQ,1126,1000,1000,1000,true
1034,CDpEz3wW3vnYjuTpapYeKrioTowRCCpwcTdeznLxmPPu,1079,1000,1000,1000,true
1034,BMjVrAEkZUX6bifSTsNQetczDxL2EMd8F85ttZUhDyYE,1056,1000,1000,1000,true
1034,2E5Zg7JpAyXKDuSjLUUkGyabZTyZjRqtnoErHbwKQVQX,1014,1000,1000,1000,true
1034,AgNmyHSHzZesJosrQZK8AirEHBNMMWurhdT6PaJwjekK,1116,1000,1000,1000,true
1034,2Rxm57HQ27fP3w6NbgT3Gt5bauLRJh1cBAkbTKSa2Jsu,1112,1000,1000,1000,true
1034,AWpygxzzaNS9KYeg2gvKeHHjP34NKuj5ENVx88ZbNRJD,1121,1000,1000,1000,true
1034,8rhMBc3jTn2Ln7onxC3tYWpsasgZnnmzKcpGbE45Z3ec,1160,1000,1000,1000,true
1034,3w7NcoNL3kUozBRHzaQsZEZTeHHBM5uSsUQzAgRJw8Fm,1158,1000,1000,1000,true
1034,64GUPEMwFb5d37DZ42iG5KEurqfoPPqUWM33Fc9nxtEZ,1140,1000,1000,1000,true
1034,EQTagJiRUCCeaUAppTxap1B2RQETP4TZ6Hn5zvYboGXD,1135,1000,1000,1000,true
1034,6p1L3h3ts7kwVoj5dQ2NnK621nRPzG8qk7FfF3M5S1zW,1103,1000,1000,1000,true
1034,81vpUxwYWZSuBbwf1SLEWLEX9z2mg2Rrdr12zozN88KW,1153,1000,1000,1000,true
1034,9FbFNNy1ikAbxc5gLZHMVHmC2myr785EeoXqDk5JWUwR,1117,1000,1000,1000,true
1034,HGquP4juagtLHx17dwCj8jpNANZrdW5KttLc59FJP88C,1098,1000,1000,1000,true
1034,9ZsnBUadRRpHrEy2VcKwQS93WKv3gNunmpaVxgFWwyxp,1089,1000,1000,1000,true
1034,GsBXux3PEwdi34HpXX47qqAxWaUUEUgApZvZ1SLEsRuK,1145,1000,1000,1000,true
1034,AsKXWhpYNDNVsVwbbkigWZhmxQGhRmknJGoQmcEXAVKp,1131,1000,1000,1000,true
1034,4ris5hZwTGjbGRCr28kqKZrjNYfDfTTehzkwLGaVMYUT,1152,1000,1000,1000,true
1034,HixcE5PyirSVyVM2x1Xvazrebcb2rhm4BNjHUkt8Eyuc,1148,1000,1000,1000,true
1034,5rK6tr87d5Ds9sZ3N9fEHDjmoiuMFmddrwUsU8zduAe9,1111,1000,1000,1000,true
1034,HfaLyQsTNGn3shS9q1o4fCJpoaCv7BwF8nS7LtskD1W,1062,1000,1000,1000,true
1034,GSc1XJ9VGu9dXzwZJyhPvcrbLCQUWiM6jbCPsx1KGksT,1109,1000,1000,1000,true
1034,BQ655zqinJPjbAMVnukbePmvUQosZC5YzrrDD75cPoe7,1122,1000,1000,1000,true
1034,5jtuWanEu5GE4ueDej6FZoadZmhTj4RiN1LuBwyj5mVY,1090,1000,1000,1000,true
1034,2E23LSWSZASwLEU9zfoPwwRWzRFy2yDEZ59q8aTJLjoz,1124,1000,1000,1000,true
1034,6NLnjHcskGySwVuj7EMtJzmmtUTYx9RDDJGNNyDHUU5H,1108,1000,1000,1000,true
1034,1wQ14gZYocg2gcKKAgTANayhL7QtdwdgHurzkhQrPNa,1099,1000,1000,1000,true
1034,6iY4GmfVZ8qMk9XnUVNerwWxuLXM95oMuP5TgeFGpGQ7,1093,1000,1000,1000,true
1034,4rujhM5pjWwubmBnnMGba1FoENTjcYmHzbCiDtLYH4ui,1078,1000,1000,1000,true
1034,CS5d95aJgt9494H8RWWv4DsnMgtqGrcK2RKESiYkVAsz,1114,1000,1000,1000,true
1034,GyNYShAjXketXn4u3GEcQm15qYgTVun8jZhc12Zi4giN,1031,1000,1000,1000,true
1034,34JLNQmdvFS1suVXEWEA6mC9hngnKGmi4q4cMX4mg789,1077,1000,1000,1000,true
1034,ChkETyPpLeUvYJXfLuQi474NTupCGefh6VGadmK9UTQh,1104,1000,1000,1000,true
1034,3HRAPoTCQCWLyB3n4H3tmNtBhiUBWa2pBKLU9xMD7P6W,1147,1000,1000,1000,true
1034,HeVRcu77d8TTvyC4yRbQQ1pmsVnxjach2B5harGa8bAc,1141,1000,1000,1000,true
1034,GDkXgqU3tmEn1UW9mThoA4CuctsJhi9KwkZZovoNdX2e,1118,1000,1000,1000,true
1034,6EWJdt9uqhxButesM9r11zK8coWSyYdNqC4QKW4zQq8h,1128,1000,1000,1000,true
1034,DjBHL1PZRbureX961XaFc4cccWXQYQ9fh3ym9Y1JNAqj,1113,1000,1000,1000,true
1034,FR4HLM1Gp1bMxHkbbjVNREg9ADDyT2keyhSm7aCm1bmR,1106,1000,1000,1000,true
1034,HfmPRF1QNqweoFEqzx2QCEirjevyfMq9YDG8WqFVLhJK,1130,1000,1000,1000,true
1034,DdTC2NCC4FvZCeQKYhVYTQuGw1kKQEanfK2thULagWsj,1050,1000,1000,1000,true
1034,9hngfx9z4AkBXmjTpJtjK58b9ksqTVHfRpj3VKqqWijk,1092,1000,1000,1000,true
1034,X1a3L2Q9VGADrE6ULwPQ5sp632vL7rjwnqXXRerNFd3,1076,1000,1000,1000,true
1034,3rB4RPo1BS5fXMGaDEUqWvozi9S6DEaFKqWB2nLTfweo,1087,1000,1000,1000,true
1034,9XL4v5XHRQ9KpowRMznxMiwaDBBUJqichYLSdQQWt9su,1072,1000,1000,1000,true
1034,DQXiejqfcvWa5nu2uxWKTQ8NBeW5YXXpEScjaaYm8YxL,1048,1000,1000,1000,true
1034,9RiVcxssUwrFAfp9iEJrJMKvzMSwe4sMtAYB3qtVyNDh,1107,1000,1000,1000,true
1034,5STN1bkZAAneypRSXYqMESurDnmWUogQnJo1Z7hnXGCD,1127,1000,1000,1000,true
1034,4HKjJWBpVNFTNnC54RmPdmjaTVKKT44okeN7uBNcHTk5,1105,1000,1000,1000,true
1034,Ckgbw6qT2YDXqizEtrxkrAQwbdorGU3RHEz4ir1jqsHL,1101,1000,1000,1000,true
1034,HZDJDveoJPK1YxXwpYfJJWjg8oNu2mNtTwrsnR4eBd5P,1069,1000,1000,1000,true
1034,8xULsd9LDuDxWHeCGXsNzwpcXyXpa18S2tp2vdigktM4,1084,1000,1000,1000,true
1034,2hSCLBqFGJRjXbcKveJZXCdSAourqCsNT3PmAxUeVxR1,1026,1000,1000,1000,true
1034,4ZaR7CqjgXNcCAJG5eFs4YRKUvCUvEZe3ctG3jmmgXpU,1041,1000,1000,1000,true
1034,4bA4B5e8qztRupcggL1SDDRS1p6ev4cQKT4PuDshtKHQ,1094,1000,1000,1000,true
1034,FM6iw3PK8qJ9yUfTKC8XirLEg2NLa9ZqGvhpwDUi2VSH,1074,1000,1000,1000,true
1034,8ADsTMMLVxDgKCj9EGzFzru7GPYVKR3c5rAgSdQeLjra,1097,1000,1000,1000,true
1034,8kiPpPwdn1EjrDebtRNWmys8z47brYGBCpRV9yiDVmKY,1086,1000,1000,1000,true
1034,BhUGK1yX7dfdWkvLTvz7VfR2ioCTAzfuRAKcFuvgbJCy,1100,1000,1000,1000,true
1034,9bTuYqcbnmyDCbHiXLEKArg445CPAPG8Vgow9M5997KA,1038,1000,1000,1000,true
1034,BPnvpsiCcVfUtV36Vuaovbq9UK7gfFXKQEZY1XzZ5YLf,1034,1000,1000,1000,true
1034,GHBTUyNrNHMkRCCewvA78g3orch7m9WtJM3rLxmQ514g,1050,1000,1000,1000,true
1034,C2Lsgr5uyBe3ummXVXA1kVMdWAdEfjKZKW8Cp88xhGsE,1048,1000,1000,1000,true
1034,FG57Mwb8Vf1FkpP2yVgfkakPj4SYwEo9H56XnFGWkdkj,1096,1000,1000,1000,true
1034,HNZ6DU8V4s3wVQv7oViW2zSvxaSkcpyUy6gDAtUNwMJn,1083,1000,1000,1000,true
1034,FsCkp1JpWzNiQdmjXHWgLXGVmGasXEgkQJSv2ZDf3xD8,1110,1000,1000,1000,true
1034,7uPpTDJ55cUz74bvQg6TtcyNducJ9jWHvK5jesSgL6sb,1047,1000,1000,1000,true
1034,AReeppZqqcnTfNuDwbWsGxT116wg1HF78CnqzGEGiBzJ,1068,1000,1000,1000,true
1034,DDJf5Yo9ZhUqwGfBW5CDGzrxkWwRNw8CZYFPLo9N1n2x,1104,1000,1000,1000,true
1034,DBjRfkDa7QTduCx9xhKou1es6daxKsqykyJ4vQPAJv3j,1090,1000,1000,1000,true
1034,7YHgcM58DVXo811kwLiiPmhUDEAKWowsSUzgu6ncVQkr,1108,1000,1000,1000,true
1034,HHTUX9TPDkpuPoi9XRUzdy7ez4SjaNw36uaGhRLFG5BP,1087,1000,1000,1000,true
1034,2U9GqUpJR4GiEo31g8eeLnK1JWfTvMrkhLCyyXeHH9ne,1077,1000,1000,1000,true
1034,GZbq1gbfrqTvBdQyW8UjXDLcYbiipRbmREE4nT9FJH3W,1040,1000,1000,1000,true
1034,HhXMy38Y4JV62n5jUK5xQh1EGXf5vqHGWEbjJT3YgKdi,1107,1000,1000,1000,true
1034,9ouAJuSDUd4rtu2hwK6zbZbi2ojfPVwAYp9eHsMG5WVC,1069,1000,1000,1000,true
1034,8Y8jHyY1s8cK5Goc7tgwKkjVC2ap3Nm5XVp8pYBCjBk8,1062,1000,1000,1000,true
1034,EyBbsVWv8cTe6Dbd2dvDvbmebBRXCsLuNxuze2gvJ7qF,1101,1000,1000,1000,true
1034,DptkrYWGQWH68z713qovxNTT6Z76kWuTvqY2aR2xnqwj,1091,1000,1000,1000,true
1034,G8Na8aKM3gGvbXAhUghkkwfCFJC9SQAcL9H2AcC6sgu3,1068,1000,1000,1000,true
1034,8bv6RqPAoZ9rR8cTyn4WVTdVZDuUhrMr31NUCdqqh3s3,1099,1000,1000,1000,true
1034,3zyM7L9gBBcPEeYLPqFhzoEGqZCZ98PcYoo8Yg1smGCM,1097,1000,1000,1000,true
1034,8JtQqHgZ8pgYNN9nUeXRPjx2FenDvbex7eLreMDmEMJg,1081,1000,1000,1000,true
1034,3dQs7qXq7vsSdYqTYJrTZqhb1UDDGUjCoFQziG2DuviT,1088,1000,1000,1000,true
1034,G1NH28c7dxzT65Kde7PD8sQYXbo974gBFWg4fQvzPTGw,1096,1000,1000,1000,true
1034,9M1A224TVKukb1LjGLk5R8sfdMaqCy58cfAiRGXLkhvy,1075,1000,1000,1000,true
1034,4qeNd61fcQVRiLAZinWsZcjDiK8YmHDWCeSWcWbAt3VT,1086,1000,1000,1000,true
1034,EiSqXDqPBsKG8GrusrHgHi2Xsn4wfJ67X5hwWbZLPQn8,1076,1000,1000,1000,true
1034,7pq5X2oFvKSE7H6WWJbWRpNsB2L1wS2FgTzPBHjE4yQM,1056,1000,1000,1000,true
1034,H4PvgaK7r7eHTLNJFDTuAnDdm24WcNSFeQBo5giaKnfR,1011,1000,1000,1000,true
1034,GEdqMyn9oVJzZYaL2AAofhekZfYHMJKMFhgzidV6qAFa,1089,1000,1000,1000,true
1034,Ai4Gxfcf1mUoYNFNhfi6p2QXhjJZcEiV8og5aJQ8YMei,1083,1000,1000,1000,true
1034,7h14SFsVZomh9TYxREDUG5WV1jgDmqmWLJQkjfoSLXwC,1082,1000,1000,1000,true
1034,4MNjmC2koexJB5ZuHTWtEDeeqTt22Q9QbmeggA8r2mdV,1034,1000,1000,1000,true
1034,2zAEcgP9J6ho3aK2vKu66xqxuWwuj7oYWnqwyoo1Eefj,1073,1000,1000,1000,true
1034,2xdNnnUfJSaW5nqbJLqiw4bgtZLKpQRg2go8NC57NEwT,1060,1000,1000,1000,true
1034,6Db7n5xC3dsZSq2zHXXEQA7KBY62MoTBCfzbsrNK4p3s,1055,1000,1000,1000,true
1034,2cfBqAS8rHFdUicCdHoJHjxMttpFPwAQ2snQCxt4fxg1,1072,1000,1000,1000,true
1034,bS6y39h1EkFxiDgxigzs13gZvYifYCMgDjgL4EhgfY2,1074,1000,1000,1000,true
1034,6yi45XNfoybyUztqvAHMwy8rSdpkFot2JAEz4q8d72kq,1028,1000,1000,1000,true
1034,Dcog9xGipgH488W1pN2DCbisfEr6yFRXN9Cp36qbwb4n,1085,1000,1000,1000,true
1034,HLVaz5KGJ8ZcNYhz5ojz7hzYrZwKYvxxvzkW7iEhnuqg,1085,1000,1000,1000,true
1034,DSBja9QseBeaDd5XHZpVF4aSA4beuDfJyJH7CNrb5fEx,1015,1000,1000,1000,true
1034,8mXZjDkeaXaQK9B95igPcqhvgh4EbJTJyY4iTnoZxLP7,1050,1000,1000,1000,true
1034,3TV2XBWj6wvYT6Fa9tmaJGxfp31kGSdLp7b7eWLNUHAk,1018,1000,1000,1000,true
1034,3cQCxYyVrf9mPjv5vPPWAyzJfH8EuGvcYLRAN1FAnyaH,1079,1000,1000,1000,true
1034,WPwZwtX5kw83a7NSpRD1bFrbGuUv2eimdD9ZwFcvoAX,1058,1000,1000,1000,true
1034,EA4gygF1hv36RWTovAJzePWfYF6BQueHPNXC6wmE8Gvr,1071,1000,1000,1000,true
1034,2yMLWrVLF4Xj2gWkAmzLktr8ENMMxCKJv3ddMMRSj4yt,1033,1000,1000,1000,true
1034,ETNpyQGTbSYKuSrFkGybcpiPkZvrEKBtCtZpZHNMfqNn,1063,1000,1000,1000,true
1034,HaSSUt1H4QzLYvnHAkDEeYK6wgzhbJLnDbJGtTgyCMxr,1080,1000,1000,1000,true
1034,AxK7EiTFqck9scY44q4ae31V5XYqGd87BAbEoTVDi1Uh,1073,1000,1000,1000,true
1034,2Kt8N3QUKkzVM617WiWMxaUcK3UFrv3aVqwua1yZqXNF,1024,1000,1000,1000,true
1034,H3T4DCRujin3WS5WffJKjHpy4q9JqXEustjq9PKBNTWr,1052,1000,1000,1000,true
1034,3rFiYTPvYYZPzLQqdJaUn3RCHbHQLsyZJcMJqijBYQ9M,1070,1000,1000,1000,true
1034,6DNtGFEzVp95uX3C2UVLNgVVcpWczZfAwS2oL2sj6KGC,1067,1000,1000,1000,true
1034,9nebPiukcxwLerteiD3SwQNkpn6YDzf6akTyFDtXymav,1064,1000,1000,1000,true
1034,CVguviHzaG8JxizUah8Dsh9cfHUAwAueRConFqNpevy3,1025,1000,1000,1000,true
1034,CtVXsgbgxYyo4aaMPCe5zsPfBo1x6AyEryGw7irvDFDm,1066,1000,1000,1000,true
1034,GrPCfDngrmN6fxT59ZksAqjF2kdH68o6M6ZoWFrehu3b,1048,1000,1000,1000,true
1034,6XwVJNEXcTrBrvGcg1TaHiSt8TZAnbjDnqG4oCkEPpKF,1053,1000,1000,1000,true
1034,2n52ZhQXTAz1CaHRiHUyvrP9Cizq5m91u5b3AMMNEDh6,1043,1000,1000,1000,true
1034,GS4tMCB4yhoVeC1Kz3szRkqtkZEkXxLC4odzj6GiSoaq,1042,1000,1000,1000,true
1034,8SW7vr3RgPRe4FqGC6ATzCdCWV8LZvE3ZuFzUfSE2JPz,1033,1000,1000,1000,true
1034,3wXCGhYXLpMTTcEeon3GUJLgKEeVL1NFn9trVhcUAnEF,1059,1000,1000,1000,true
1034,4hiASN4bJUXhmeB9aXFhbhdFWE31EsQhiuPLaqjpxhXk,1027,1000,1000,1000,true
1034,Gh4sgW2XMyW4vowZTzL2hFzgq5JNvX8Leqc688F6t19Z,1041,1000,1000,1000,true
1034,JCREqx9EJ5RChL6WzrE7y79a5HyoMKqXidLFGnJPbsEH,1041,1000,1000,1000,true
1034,FFPVsvBHoMsi2zN1NFdBfe43uoH5PKYSyH1hYRS59CDu,1022,1000,1000,1000,true
1034,4DnagBndCFQrL2uRFCXade8eRqfh3MK8jygmrnBCqcZe,1070,1000,1000,1000,true
1034,DNsg5KzVyPfya6ALqDyewYx7wRfBdmdpq1aw33pkn1tf,1051,1000,1000,1000,true
1034,DMZCLyVSb7RqjqBrN6GUSPL6BHuyShg69mScvPuxvCG8,1024,1000,1000,1000,true
1034,Ffraa5nzQ5MZ2eDFHdSG5CoePMapJM9Wod4U6hfSCcZR,1031,1000,1000,1000,true
1034,2ynixbeaC2hoMvwLXJuCj7Pe8QRrf54hgNmgEfAPVSuC,1026,1000,1000,1000,true
1034,AdUd5LYiSKKAUZAEqN4PrQQk89uxCBFrnkj7BmozKk1W,1002,1000,1000,1000,true
1034,Gv6f85bCtC9JL2eUjMaAHwXQYRpEeZcVMJSMkkA5AkcH,1015,1000,1000,1000,true
1034,6bKW3gky9Utha7r2ei7PumL7zBZgnHx6wo8q9rnqd28U,1065,1000,1000,1000,true
1034,9xE2SmKi3f4rXtQ7jUwy2Vk8aiXc1rKHWhNR8cEDzxtp,1065,1000,1000,1000,true
1034,AWvjMXPGCmcZoNbvRW7CqTdHRdGC91GFRszFMKzzXebK,1061,1000,1000,1000,true
1034,8Jmd785CC6ZRrEzY7Cg1TwcmXKnhW1BoZgBEJD53NBjS,1061,1000,1000,1000,true
1034,HPNfhKKbdaRh6xt9oDWhx9vortLLNUGmAn8uBmbMnzaK,1046,1000,1000,1000,true
1034,BFyqTwgWBzynpC5GFSVsJNqVKrhrNXPK4BSX19bKawso,1037,1000,1000,1000,true
1034,48Z34otWrKV7mCiCEzJ3n3Ma7mng4AsmuW19CrXAubCq,1012,1000,1000,1000,true
1034,9TdXVer9z35kipLMRFUiapx3rY3537yv6ENuDicUeZn3,1003,1000,1000,1000,true
1034,Gm4WY7ptiu219RfsRvxnX76bkpgsNbCGgJXJMPkiXznc,1009,1000,1000,1000,true
1034,6uG5SNT9ytyDDd8gGoxDrmFANph1XoqF2XBQucbssjsL,1039,1000,1000,1000,true
1034,8yZWqCj1ktyid1GcMrU6zcCcBtQpsCF9FJLHXfqgYAUW,1057,1000,1000,1000,true
1034,4Bc32Vto5ATBfpJTgwEFbrkjTJx1TWKHzP6cTPMNvxkr,1057,1000,1000,1000,true
1034,4YyGWGUSwiunJae4CLxX8YkvhPpyWj2i1XrYDXa84pKr,1054,1000,1000,1000,true
1034,DnsmhLSmFv83peZg8KjUPtpvScBGFWb8MDdoXuuPf5Ad,1054,1000,1000,1000,true
1034,9rASN8tGC3JKKTWY8KVLLeePwYKgHogmCXweKnoK7zoH,1030,1000,1000,1000,true
1034,sHjWKgZxpJevSCnYVx1mx2Z8m6mMXx3PiE2KSQNXFxs,1004,1000,1000,1000,true
1034,cFVEFmi6tpLxov98qAdqBSfbQQZRmNHxSXtFXC9MCTK,1036,1000,1000,1000,true
1034,68gL7UzUTX1SUabuJCgQnTRTHNcwSVnQsSiiBdQ2hNJ4,1044,1000,1000,1000,true
1034,HeNTBnaAxq7CjJN5MKcw8hbZtoUGsQLbCG4HPTrNvAQ6,1025,1000,1000,1000,true
1034,7htMBHTp2zdNtcWvjsGNJpd17uC8EuaakzMGhMS2LHrL,1040,1000,1000,1000,true
1034,8b5XXT6haDgJHRtqLV4t63Rph9XPihzycsufb27Ddp8L,1040,1000,1000,1000,true
1034,hhru3raFyeDZ45mEaEMdPrx8y6MFpsbCy1G8FYGtNoA,1021,1000,1000,1000,true
1034,6UwKnNSa5wUyqZ23Ee1SsM37wDzsbpQm9bmbDdUtoUn3,1021,1000,1000,1000,true
1034,83rHHeVHPzLaAbShymNr6ewxa7zz9vJDDBraB6oWMznT,1049,1000,1000,1000,true
1034,FrqSMKmv8Cr1QrbJMhmtR7H6nBTuXVFjEbYMRWMVWZW3,1007,1000,1000,1000,true
1034,ApbtcLuFr9oHDpoR71o3ku1tBYwmj2szKcrCorjwdz1R,1038,1000,1000,1000,true
1034,ACZypnNRcqHaZ3eR89iwgHpd7jLgTnNK6nUhauVZYK5P,1027,1000,1000,1000,true
1034,EMFvgQAvi4vgNyZsXzpVmbq2k2UrjKDnFDkf6WcvoNGb,1045,1000,1000,1000,true
1034,EP2LsoqgCBrcbFxTSNTJ7JG4XaE62FFERmHwFSPueBEu,1032,1000,1000,1000,true
1034,GNC48BZN89a6efaM2oTeGAEsUFsCvKmivCJzS5UREoRW,1045,1000,1000,1000,true
1035,JCMsSnEtxbPqRKRoJZVKngdU3wPTjRQEN2EifEzpePkg,1032,1000,1000,1000,true
1035,Fac8QuSYUd6oySj3K6ek5DsxjfMC6AcuHNXH53amc5bS,1045,1000,1000,1000,true
1035,2bJb2kcL3sAeeYAVDkyg5y6SjREnNyZ5sshPxrG6gGkS,1036,1000,1000,1000,true
1035,5kWZAFZKqPbVf4sucy99n8y64RvDDy8JGjNhQy5Zueo,1008,1000,1000,1000,true
1035,8MuUfQqCJA6CwgZZLyfLdJS4rszBGHvKN8T3iwuErZ9r,1035,1000,1000,1000,true
1035,89cvEJr4dbR95Q4bZzcQqo2KYJu46jWShq5WKvihT1eL,1035,1000,1000,1000,true
1035,6eww3uWcJBeZBGaq5SHWCfY4fMwyhPhKnDTZj184o5Un,1011,1000,1000,1000,true
1035,H2qUu3wSb4dbaPM8BLKGGdFetx6juV999YazAKeYu6WA,1024,1000,1000,1000,true
1035,CjZaW7tM2vvH8pLvZ3C8k2DiPuRyMr2vxQ3h4CAzLexn,1020,1000,1000,1000,true
1035,BC37SA5RArPXGVtqBBMs5fCTVMLGhRZ3XS9x9CEX4eNK,1007,1000,1000,1000,true
1035,5JHz4tDTZFtnmzLx3PAD3oochAKui8LwRifYqWFxsMXq,1023,1000,1000,1000,true
1035,GsttFXXJiJQeZ3BdXXWzQzaDwYmCoRF5aa4ghzK3hYt,1022,1000,1000,1000,true
1035,BLbovMx9sZHsG5jFjNgjDZwjJ8ygcDwNQF9SuaSy87Qi,1019,1000,1000,1000,true
1035,7wqR2VX9TGBS9323Z7vC3QS2hnxExrVNYsQbCoZYEG6e,1019,1000,1000,1000,true
1035,4ujHoN8EuJqF6v5ZFgyMNEPPtysPtwfYTyxpAZJf6MqK,1016,1000,1000,1000,true
1035,ivFeHMCcPx9Wd1qihcLrqWNLwyMkZAngyNm8nkC7yzQ,1017,1000,1000,1000,true
1035,2cSK8GL8qpLwXRw77kD6UrD7vQnRBQ24aJWCDLSxLXrC,1017,1000,1000,1000,true
1035,8ZsgkGmsK1xTRN2Uomx53sniD3EgNVREAtWbEbnnnPEq,1022,1000,1000,1000,true
1035,7wunRyX2NC9JxYbHsZUwCHoqXooc2Y5a85T7bubKfD9h,1008,1000,1000,1000,true
1035,DvYTAcaiPermnmtMJbHhck1eoW38WKvYxJyb7cokHtGF,1009,1000,1000,1000,true
1035,EXpvQCS1chxo8RNfHxZW3xjAjL3tnU8j8Ua16ABqiRxF,1005,1000,1000,1000,true
1035,8m27bN5qyU5BYXyH9ys6fumDZ99bDV1xnheCCZiemMj6,1005,1000,1000,1000,true
1035,B6LoQAWcJQHxm66ddmtZ9f5zpBgtyzFKdqkmQLGqqnrf,1018,1000,1000,1000,true
1035,959cWwqnzKPu63B4mZ9Ftu6ozpqTNkivXrgmc5sPjTSs,1004,1000,1000,1000,true
1035,8QA4AgSmHsUg3nDeLqFAYgXNphuFigaZbkstUhbWefMz,1010,1000,1000,1000,true
1035,8TjHdB44cx2MLS7omn5VkGZCj8CJMgaW54NGJcTPo9Cu,1010,1000,1000,1000,true
1035,5rqBAg9gZNkkTnqzcubuWmWeUxeBfM42a4pUW1S6Da4J,1001,1000,1000,1000,true
1035,3prjw1qh9RkmSytuPBi4MN9qtfbtjmFxXbXiQu4RwNki,1003,1000,1000,1000,true
1035,9HaNgs8cyLrGLsH4qf9vdYhsKSoSVSRpv2tZiLK8Egwp,1016,1000,1000,1000,true
1035,BAZM6HDBWXY6vYZPTAXs8F33Va65RBoKukbh1YkFkpCq,1014,1000,1000,1000,true
1035,9bTznJArk3uksKCj5wbjHoMptjNVxhRXhYE5vPQVJdtB,1013,1000,1000,1000,true
1035,AEPtZcDrS6jWvYxkSHWZ5kXpCzonrYAAfKXAYFkuR1i4,1013,1000,1000,1000,true
1035,CuEoW7v8e8u7mVpN1k74WiE9C9XgS6zo9Dp9ms8v1c1t,1000,1000,1000,1000,true
1035,ChYXZjWMrfPK4o32Du7FBz3bDnwRPmrmbJYyutw7MhuG,1001,1000,1000,1000,true
1035,DtgcCVEXYPeAyQG6aGHpFUcpuRexCr75FQWv9RganM8S,1006,1000,1000,1000,true
1035,G6pEUGisodeV1onhqgTMnwEmQsrobcwWL52WuSgkTCo8,1006,1000,1000,1000,true
1039,DWXQgTKSeoywEPWVaDg9FSqNxsanL12hELChK5yvAx7x,1111,1000,1000,1000,true
1039,9zB2HpAf2p4kUfTPU8aEYckAxyevRqYr4z61RGGr45Ex,1158,1000,1000,1000,true
1039,G4beETa8UsH54DUypWoU4o7ShSYCuVPCJLV8C59Q3ws2,1151,1000,1000,1000,true
1039,FvPbvV1ELNMEYcXWyjfpo2cHgLYpc2VdHcLDu2rcZUjU,1014,1000,1000,1000,true
1039,3fcsbykCWmhr5e7oByvcSDxUWXUsZNaS8G6bVZw46LAR,1135,1000,1000,1000,true
1039,9wx7FTBrBGyATnnnTrWYGjmvMUmHEqD8keWAND29zsWL,1070,1000,1000,1000,true
1039,EDXw9nCC3SFEJoZdiJXxMwXT7UBtoLptzkBBpKCvMQUW,1128,1000,1000,1000,true
1039,AhP4VhPeKvbZ2uiNPwYihuSJfaop4uCqDPCx1nc9X5sJ,1025,1000,1000,1000,true
1039,8MP5sLJZhdHdsvz3geLrNrpYvG6Qu5eSh1F5oVR3WoXe,1032,1000,1000,1000,true
1039,2thA4pEEcPej2z25Ey15MjVmvF6SttyHW35LE5fk2d3b,1000,1000,1000,1000,true
1039,pkuQGC7VdNnYngGHK1vkxe5d2G6QEJoj6tGVBnqzz4Q,1110,1000,1000,1000,true
1039,AQbZXRbJX41k92TiXwbbyoP487CF8Us9EkxbFEB1T9ix,1152,1000,1000,1000,true
1039,D8wcrmHRSTrvWtaADXheUmeif3zTf4jfUcCcp2nWjXkk,1127,1000,1000,1000,true
1039,CBREsLSfhzALySX9YymJrtKaEvLgvQFpXf493J5dLvZu,1028,1000,1000,1000,true
1039,2V6rqbBD9GxAwKoxXZWFHJZ7c4UbKRxiTauv3HzfC5oc,1094,1000,1000,1000,true
1039,56Cka5a9TAYq19mANDYv84zm3KBumYUm74sAg4KHnKYQ,1069,1000,1000,1000,true
1039,2apn2edQ28ywFoRUGaWUkrgdYiccymaUzMu3pXQTVfQe,1027,1000,1000,1000,true
1039,21SPA8YwsqaAfVMv1KA2BikeHajxK3d2buuhVH4B6xDL,1031,1000,1000,1000,true
1039,APikA7JurJ7ad4vUGcPoMtm3rPxQNRhAPrc2bZtLKj4h,1017,1000,1000,1000,true
1039,2MdTHmn3qieWy9afTj98uFz9Kx5nDwRNFR5ypEaCauB6,1001,1000,1000,1000,true
1039,G7sv6jPvKyivVQ7Y6QBpbW3KS2E8eWq4aRWWtBPuu9ae,1005,1000,1000,1000,true
1039,DkyMcbbcYpdhTJzkYqFTSdjd5if4Aobqa7JzZ67XBQ66,1021,1000,1000,1000,true
1039,CKmUHcS9psKft42Vw6j8CucgmvwxRfqDvr3CMsN2VeyN,1006,1000,1000,1000,true
1039,ENMyrLN4vLBGowrfwB1DeNGsZLtcm9BphXaGykX1HACv,1067,1000,1000,1000,true
1039,6zsokrn9heU7MBmdB1MrkmYty2uMac926D3arMeMxCDJ,1055,1000,1000,1000,true
1039,3PpYDTzL5yaniszBvt3KQfPFKyNiDgnmfpMbD27UFHEA,1023,1000,1000,1000,true
1039,HV55iZmE7xTWHPxWZVgfXNwxN1YEavTMXTiR6HvGvUh9,1004,1000,1000,1000,true
1039,DnrDbQUnQxNwwfxYdvoSdRciRhvdvrkDAwunUQWXenzE,1042,1000,1000,1000,true
1039,7Q8M2LKDKSLNfGST9mUHuetTnGiyHE7RfEdMWFmLXJK1,1012,1000,1000,1000,true
1039,3NLe54KKzF3dZW59gPnNbo3gUsNtoc2nebK8FECu3pFj,1003,1000,1000,1000,true
1039,AHKLKt3RV3ALnsghACsomvv4BgSJCY6HRVGoehzTQs8J,1039,1000,1000,1000,true
1040,DP2yvUhqZPMz16RbCxVRhBcHbxp4szbXovqWy7FVRhLq,1103,1000,1000,1000,true
1040,CqmmmiG9o6Lw96ApeUV8BY3pyK7U9Wwria6JjcUoqHS8,1091,1000,1000,1000,true
1040,Gh7y7kFYf95SEYosEFrQ871mckQqymG6D3VdcWsACu9m,1052,1000,1000,1000,true
1040,4ZfWTUdMdkNP5WPDbQUfN3uQnciQSSsfGGxWbinj44cu,1102,1000,1000,1000,true
1040,H6jNEnitCQoteDkPkaCaQLguGA8eDYt57eb2bUEpagdD,1093,1000,1000,1000,true
1040,DioXSohJuzg79u678wBXNmZbvvuoqGuWiVhoSif7HZ8y,1093,1000,1000,1000,true
1040,A196LNMuSXDS4FoZRq4e1NtAMPe3vJyAF6LywWf89KQx,1078,1000,1000,1000,true
1040,Aci2PU6HMhATeNG2sG2o6QBUdUc1MqHDgStfmmQuGhkR,1079,1000,1000,1000,true
1040,GJndmp4oXhxiYPLuKa1vvE7Qo3qar1UxpSDcmvLqiBbx,1050,1000,1000,1000,true
1040,DYhi1hTRz3CR7wB9LhuXbdkXHAkLhJF8ANdb1jXpEBZY,1089,1000,1000,1000,true
1040,76jGdWzbpnia6NLVF2yo2YS7AGYtRp9uRAyBDfi6MhXH,1090,1000,1000,1000,true
1040,5oiqR8QGGimK3TRU2Qv1cQDWvruCWrZPnLWVf1tqKAeV,1145,1000,1000,1000,true
1040,2T273Mfd1ms8qSVYEn7UjGighbWoSmhJqeFLCTCRZJPi,1144,1000,1000,1000,true
1040,919ARRMZqRLTKQkU1DJsDaBUGQXWHASpFbAqVwMsHfrN,1084,1000,1000,1000,true
1040,5WLUwm3Pj4PAN3QZTRN7WceYjsMSVZaePR5v1pDHAEdf,1081,1000,1000,1000,true
1040,62Z8DQeTH8BPhwNFnKvv76Mu4d5N9kdArwVEjH5y2Vsh,1024,1000,1000,1000,true
1040,FwA4PrgXfGrCc1q3CSF7uWuhPizBVtzz6jcBAfcb13Wy,1068,1000,1000,1000,true
1040,Cun23aNH8FC6Pc7ZUHcgnCEHaEMC6HRhynnrukm9ZZef,1064,1000,1000,1000,true
1040,EzuMGKPLaaCGHN39zrhdaSV43n2SqHuHzcj8v48bG3ZN,1062,1000,1000,1000,true
1040,Bnp7DPjfXy1xt8uekpgq186W3SeBbJtKSTAaUnM6nQ4W,1055,1000,1000,1000,true
1040,4CocmDnHTeiBSwKWojm72eozH7c3s8V2zzk1jdrxbuHT,1060,1000,1000,1000,true
1040,EFBFgdinpRLL7aUkzFr4LuUMjsvyo8hA3wRgCvFS6jdc,1085,1000,1000,1000,true
1040,unNBYidTSa29GbKRAQnHbodeCeEw2yvgJzxR322Rn3G,1083,1000,1000,1000,true
1040,97htTv6aa9RpEuZLDbfbr6ziCsUuUaS4oLnsqVP9iaAj,1082,1000,1000,1000,true
1040,CQanNi2oFPotNUi4Dg3kxHbFoURGJE7j7cjfT18BLcsk,1043,1000,1000,1000,true
1040,Bpqzef5Ah2rUbBBJvEeQcqveSuE9ssxdutRDARbeuJ8y,1053,1000,1000,1000,true
1040,5U9cchL8tutTbqodLEfxMsXySjJQrvuTDSL96tL9tM5F,1080,1000,1000,1000,true
1040,FUEJZNGtouNqZGBkVmEoLNLrgXV7rE9dbPKcD4DBnHGd,1076,1000,1000,1000,true
1040,F5QPtu8KE5nXSvo7dGF3T4NXUd5GHJjJQpDzNZZfwe6P,1063,1000,1000,1000,true
1040,J23rhnsdWbk9nr8jPcYNZiA5HHhACWDtkAiZVQPdzm8p,1066,1000,1000,1000,true
1040,97aNnafUiWAZEwwhodLs2yhQ2HLjXb82E4NGVMkP38QM,1010,1000,1000,1000,true
1040,2UpJUfTkGgnPECm4ZRm9DFrqhELyrbKj5MrEoRekoeRM,1047,1000,1000,1000,true
1040,7zbwyrQz3n6bJhFZ8wCobnpPAVW7LUtqCkBxpprF8zhb,1058,1000,1000,1000,true
1040,2tiUgLvxmkLiEcJFKTHTjx7d7VCfahnhJokavxQj2AWN,1022,1000,1000,1000,true
1040,JBUkgxrLyu8hnYHwQTqdjZa6L6DEYaFbWeFyhqTMuww8,1029,1000,1000,1000,true
1040,Gokv5oKbn2gmaidGL4QNThhCKsnqzcMTW6FyP6XYXHP7,1059,1000,1000,1000,true
1040,8YVuC5ijN2LhHF1uwmkSBcB7RTAhnEJNrbqxoYf1AHgL,1061,1000,1000,1000,true
1040,3KwT2PAXbZVXGYnfj8Hso2tYFW9Fo9UktyHWJcY4WZn9,1065,1000,1000,1000,true
1040,FWC3JetezYw7kgfKE92Vme8bJyDjaei5zdUPa8TyZz8J,1057,1000,1000,1000,true
1040,qDgnjgy3BJAo5vNdNgLoZ6t4U6Fg6SLAwVHN7F1WDzx,1054,1000,1000,1000,true
1040,qU39PTwNPiHHEW32E8KRKa1yaCPapxezMcp8HKQt2FN,1051,1000,1000,1000,true
1040,C8CZKsizmh6KgqTEVwKkzYyaMJmHeAUpNvJUbNwNfABf,1061,1000,1000,1000,true
1040,2ynuv2ud4Z3jkDBGkvoooLiGzQ2QHoiWXwWeY6MXuKbf,1040,1000,1000,1000,true
1040,DygQKgWkVz64Tm4HMDZ2wWqS4GwjvLVXjW4nbG3BUaMz,1033,1000,1000,1000,true
1040,7TYhMgngFxiYYzDASyVv52uyk9wnJYpvgPBf9AhMofxd,1048,1000,1000,1000,true
1040,7CTqEQ6qtr14pUSMmm3MXhZ52ZJL92fYZDqbi9TJLATK,1015,1000,1000,1000,true
1040,7FiQftZvXDe4eZ1y143xJ5jZGF9BnZGkTdfxqXC8jz9L,1030,1000,1000,1000,true
1040,EZ9b3iD3MCknnLfTCB9mzj2YqN6Y35ZvFQ8StVpmAZoR,1056,1000,1000,1000,true
1040,EggxsTGUXNMa9HMhwbta48C3WRMPH3ppJERqSktQg9cN,1044,1000,1000,1000,true
1040,CZH67Px3CBpithdgSmWFXR4qLa35HAmdF4o3wmTpPm1G,1003,1000,1000,1000,true
1040,CKDFnUyG7akZkHZEgC5aiRsNGKqd32t8PgM3QLj4LqeM,1049,1000,1000,1000,true
1040,Ffm5uhbwqE28oATgN5GNmhejGrKXh6fw2GNkjyiJY34o,1045,1000,1000,1000,true
1040,5Dzr96WSpdBTCX78PqzAfh8Xw6X1bDAQ1PCRH2vCHPAU,1046,1000,1000,1000,true
1040,6KHPoZ326WNrFFQ2DPrGQncf7Ac7Y4sbNUG1apiLQZsK,1015,1000,1000,1000,true
1040,AGNgpoY6pPjtuTvidxSZvdJ3pcKaHbu8eHSXHucdNeHd,1009,1000,1000,1000,true
1040,9J9CmpqizHhkPU3XXQE3jeEcMwSG9tRUHzZPGK2pjGZs,1026,1000,1000,1000,true
1040,9HpXsyRXGJfTznaFcDsYLkvEMR7gF54J1XpFsv23FoQR,1021,1000,1000,1000,true
1040,2seeR8ATUmDtpSDZi9osz6TQUjbyBknnNJBbFysbREH2,1008,1000,1000,1000,true
1040,14gUaxEEZ6bAEcfu92Uhw33NPcKf3j9bhZ8ZanZUx32s,1000,1000,1000,1000,true
1040,2Bt3tWWC4JQKK4K7NaZB1Mbhic4o3SWE57dmNmBEWTX4,1027,1000,1000,1000,true
1040,7Jz6vWLngBZjRgZrsMwJbYVtTYKnMERbJBJWNSgyRCrg,1041,1000,1000,1000,true
1040,BapexscdHMqqzVBH756ZVjEvVSddERXrsJDx3r52fZW4,1041,1000,1000,1000,true
1040,2jLs52WtkXZ9dEKbqU3U2hYAfyESCVARdQeb4isY47TL,1011,1000,1000,1000,true
1040,7TQ9kUfHD7im7BPg9vUSQknmLUGooS1ZqV9B2FPnKZhe,1013,1000,1000,1000,true
1040,6dJdEGJ4aXj9rPq3vjw8S155qazqwdiFKjjgjw4SLqsx,1013,1000,1000,1000,true
1040,FGqqRxRQMnrExwPvGck7tCNfGaJVjwwJCukmLjcmCkoY,1020,1000,1000,1000,true
1040,GmL76hTYUjz55dc4gstWdgE5zESASFxKtaWajPYvFiSi,1020,1000,1000,1000,true
1040,AyggL6ZzWioGuz4w1CwS5xGucFP7S4Y2D3cpdJ3HeJ32,1001,1000,1000,1000,true
1040,4xkw1kWnoG4Gn7uLNZaEGTj932VZzY28QuNGQiDc5UkD,1018,1000,1000,1000,true
1040,9K2BjWG9DVbUW8rmMwMp5hdWxWFC4fmGdhjABQgGeSZQ,1019,1000,1000,1000,true
1040,FnPZtiULFX8WM5nWaBwWufBhoptLDQrbj88bVbhobV13,1016,1000,1000,1000,true
1040,Dt3QW6PJZYj31zTR5Ps3oM2uYp5ju1W4Pb5pVf5W7Att,1016,1000,1000,1000,true
1040,6MXK6zivfkABMzMN92uyCY6UkhJ6etxCWrj4yETLBaL1,1002,1000,1000,1000,true
1040,96yA5o1WMT1xgiapMS7eZNAAsrTfHCGBw5x7XayQLNDm,1018,1000,1000,1000,true
1040,Ds9DRiDyez1PazyUHM4TJ4SwRHiyP8PhoNJotZN4n6NP,1010,1000,1000,1000,true
1040,FoUyvkuyorySKsNNixDP1gwAs7198o2DW42mkywqRCQB,1007,1000,1000,1000,true
1040,DjZdikEPPxiPwYShZRBEGXdk33HpWZBemXTD8yqrVevT,1115,1000,1000,1000,true
1040,FTXB2exxvEp4LBrpTJSUMPmneybCi7of42KCqGjwX9Cd,1088,1000,1000,1000,true
1040,DVcysHt2Fee7xJ7pmxNK6cpJK6dwcaygqZapUGrqna8Q,1105,1000,1000,1000,true
1040,AwWivaSgQYmCp1LTGmCjkcmqSgZi7c4AvvUMw57yv7a9,1089,1000,1000,1000,true
1040,DtTrvdCXUhHqFwsLhbFWdkHELDLN47g8YPebZ2wZx3ko,1102,1000,1000,1000,true
1040,9TvjW5b1G6dgsKWSe2PR9CX93ywLKHHVRx2rVJxz2Que,1085,1000,1000,1000,true
1040,D5mXNAJFCVDd1MrrGZtjxwcYSrTJwR6T94Pc2n9Pyfx1,1097,1000,1000,1000,true
1040,gMbT1FTvrAGQBvYEWagT6Ji3xPC4ECC6sGxiZyvu2gq,1098,1000,1000,1000,true
1040,8TdqhQCMR4hQ5aoL2n568qC9qkdty7aXzeZFid2CKEJQ,1103,1000,1000,1000,true
1040,5PTxSJkqFZct9JTBuJgM2cnMtH3qYh1xAGLLuevJVZrm,1066,1000,1000,1000,true
1040,gwqmmgP7khnx4pEEj2EjPtQi2MyGHmQiGe8u1itNRjh,1083,1000,1000,1000,true
1040,EGdYXdKuRsmh5EJx1j5ZeS4KfaHAtBQeKnXkSrwEjMsU,1069,1000,1000,1000,true
1040,73Gpo1vVZ5njJyNZNqSiQVMU8kJ2pMZMT7eTWizv9XHv,1084,1000,1000,1000,true
1040,F79X7pxxQG7Xv9UwBJzPb1cKKBoZBMUiemqYx4tzxDJi,1086,1000,1000,1000,true
1040,EAy3VYCN4MM1vGzwA4G2Q3RVGQtmcT3mdK1nKxXBebK2,1087,1000,1000,1000,true
1040,89xbnMzAGToRjWsEMChYgLTzcawuXAAngo9xJsbDwpuw,1101,1000,1000,1000,true
1040,5ExAKq7LA1q9LMNRghZ3ATabGEa9aA8LdxN2dwoZ9Svx,1018,1000,1000,1000,true
1040,2DtqBVuGLhQoTZ9vvmK74Z4KrDmeikgKPyjZixptbjCk,1080,1000,1000,1000,true
1040,BYgMdCU8DL6WHH1H2764KQUtRJRG5DsfrhkEaMxgYTp8,1070,1000,1000,1000,true
1040,7TyXANwFoHwv1ujFV4W7zjpooJzWAgoipSG2QoFq7RUd,1050,1000,1000,1000,true
1040,J93y6zX1ts7zgq3YzmxLK2wqxnmMJ5bdsez1zNX1sQxP,1015,1000,1000,1000,true
1040,5eAef5SpdicUs7FDMm9g6EkEatz71Wk68dUX5mbAuTtU,1096,1000,1000,1000,true
1040,4fZzZuJ4VY5ha7G1m3Z4pJs8zgcgVPaqisRFw727rFTh,1067,1000,1000,1000,true
1040,BUGVZQKQimrrneVkMxXDMbxEyYin8vFpwBY3XGwZkakk,1009,1000,1000,1000,true
1040,66nTBfWy7JHepgMjU58RcPw4V2yLFbrSG9RML99qeCNh,1078,1000,1000,1000,true
1040,3wK42nHS2erXSmrZ3HLUe9MFRQPH84FvEknGD1DZgw7t,1063,1000,1000,1000,true
1040,AoUWLHUwk7prHj4RbMJjEhLzvxJ7TRN6cDSZnwCCQGHA,1072,1000,1000,1000,true
1040,CP3xSP1HqVdFEVL94gVQiDAmYeLiMhW64AD3xrjttYCG,1052,1000,1000,1000,true
1040,37EvPzFx2pEDAM2b2Uips7AWustSA9ud2FTHRN8MByGG,1058,1000,1000,1000,true
1040,BdsJs7tBMeLABYrHQ6LAajEq1MkeBLoG1GU9Sx4Nmm7u,1074,1000,1000,1000,true
1040,AFyTotyUzdG3khsG8Mh9naWhudvA6jWacgWsfXNGuA1M,1010,1000,1000,1000,true
1040,8Up62bCiojCzhj9LeWm7BuLaBBgvNNsN7Ag93C5UnaYV,1073,1000,1000,1000,true
1040,EB3kCX3H2EQ7ycgDoZCE4heLXwJqnsVGVSFAPzBMNpD7,1065,1000,1000,1000,true
1040,G3df3s6dAA8H2W7jBK4XRAg3tMMSyWeXw1avvhA19DJY,1071,1000,1000,1000,true
1040,4DB8JPBsQAg4QYztuBFPwbTm8w1x97ZySPvAAusTiVrj,1064,1000,1000,1000,true
1040,CSHy1MZH9zGZGvWdeMwU59s4roYHERPTga3r6hkf5D5S,1059,1000,1000,1000,true
1040,AshkVbamVgk6agTUmCP6CcrWLkU4QVZ6SJr1q2CLhmdc,1068,1000,1000,1000,true
1040,68tbNhhXdfxCVBFSg2cKzcrmcZ3deasyYFV1gfQp9XZD,1051,1000,1000,1000,true
1040,FXiioq6FyhN2jYCrLLfneuPSfSfm5F2ZHVViagUMTMrX,1060,1000,1000,1000,true
1040,ARQ2U84Dt748oNXyCdfR4s7aoPWAzcmVp5ihKtLXL7Q8,1017,1000,1000,1000,true
1040,2oUMsocvEwxeikZ5XgGHtUjAcKd8TsPUdaeLKEV9VJZ1,1007,1000,1000,1000,true
1040,8jZeV82WCpdxV5ewGyC9M9RRL45GjGAGQSNwc5wuYSAn,1056,1000,1000,1000,true
1040,vSBdmC3pjgRfKzZCjEcw2ymAa2sbd5mZbtCLBr7x5eX,1057,1000,1000,1000,true
1040,AQvV3yMGGcncgZKfDkEKCHn3R1TfDGV5SxzU8XXMksoN,1043,1000,1000,1000,true
1040,CpZtsWCQVhRvnDHvRaNZB6jTYa195C8ZufwWgQvRipf4,1005,1000,1000,1000,true
1040,46oj9iGRx19UxN69yk4eePWHCky922CUjsigRLNweT63,1021,1000,1000,1000,true
1040,9FNepD1zgKJa52zq4ur9nM7oNSyhcAUewXsh9bDymWxx,1020,1000,1000,1000,true
1040,C8JoNxngPYKWUkg5hY12xMZKHPjrCZffiswBj9ZM3ojT,1042,1000,1000,1000,true
1040,ETMVBJbRi1CzhVVMpE45Jkeqnw4CK6QDruCKqg8vEuGu,1000,1000,1000,1000,true
1041,5U5hBeynGdaBJejHKoQKXZGqCh24drQbwrhJb2Yc4EKF,1044,1000,1000,1000,true
1041,BZjATG7k242coQN4vX1Axj7tKNx3jkEkA9ktWPAWmg8Z,1008,1000,1000,1000,true
1041,H6DBsKJMy9hcFZ6akmAgM6krHdCNKCCHW6vLEsygZaLC,1049,1000,1000,1000,true
1041,6jTAUMntx3NbY7Av5wmov2vV43jnxHosr3MowPFkBx9Z,1004,1000,1000,1000,true
1041,HCMpRhHcH6KUNenqmYrYiStQrSRgj8cca7ZFaMqhBjn5,1045,1000,1000,1000,true
1041,5uJyFBCRUC9GzBxMPotCsT4og8MHXzzPRF4ALUG4FkYn,1012,1000,1000,1000,true
1041,5ZCNdPGPSPVK7FoGbC5LSYi2RnLmF25N2prLtR7VJysw,1011,1000,1000,1000,true
1041,3mQYHDQF4o8Dz4Wm6BSjp9UEB5NwE41moEF5TWHE9vxn,1019,1000,1000,1000,true
1041,4nwQeBEoM26LhcDYbV4TR8UmbLLFgz9dmNtUJLwJkwSz,1016,1000,1000,1000,true
1041,Ccn3XQJ1y7HUUrZhjZ93vqtXeGG8paxTWBq8KoFUz74K,1014,1000,1000,1000,true
1041,GCk2xKFGRqMqFNi6wpKZDzcQCWDAxq49Mu1NJLGA8LD,1013,1000,1000,1000,true
1041,CD5Z4BwwCv7V9359Qzz2VzxrzMAPC7LaRvogkX72XSZm,1003,1000,1000,1000,true
1041,2U2WxeaLWJMQmE9hYJtCnYNHPJCHyCt73ZQEs1sL2psP,1004,1000,1000,1000,true
1041,3PWPjQf1o6guM7a5KKHFgoFiuoyCrbcDvA1qYinpipD5,1001,1000,1000,1000,true
1041,BK86W1XaBvhDHaUPWmam4CccUoqAMcPtdpfMzYwZUPf2,1002,1000,1000,1000,true
1041,AQCQaAdbF94cnzwKxrJs1fL8p2rXkgrMxHKcoHsJXiQu,1002,1000,1000,1000,true
1041,EdrTzR61cNDHCWzMs9e6bfEF2XsPtDaxUiyz9tMedtjN,1006,1000,1000,1000,true
1045,EsJ2gLK4nNL7vuKdi3ravh3up65djhfbcnCTQtbn3hM,1167,1000,1000,1000,true
1045,BDTTnADxd4yN6Xm5EmjjGMfLBSTezWB62BsMZZ3k4KDa,1100,1000,1000,1000,true
1045,ihpmYNgPAua6nuQLsfvP8EcnnTEuEs3NHrSYpKzuZu3,1163,1000,1000,1000,true
1045,HbpJ6pHjQsLLy8edXhrrc6wy1yrnT7SgfK2HbjoMyYDt,1155,1000,1000,1000,true
1045,37SjsKSorCgPnUUSaaAmPRP1qPtE44gcYFv9BBy9cgMv,1158,1000,1000,1000,true
1045,54NUUwjXnvRG1Qfr36aG4MF4DbEnPGGWhR9TtNzCgdcB,1091,1000,1000,1000,true
1045,BpYxnNaML7AqcbmXhu3sxwrerLM24vdgGsV2VzuDCZbs,1121,1000,1000,1000,true
1045,CcAPK8owyRktQGzagoV61vihp1UXgALcL2LKJ7xMKuJi,1150,1000,1000,1000,true
1045,37bxLFKQNngs55PrKDeETeE1ie5Tpe9RELdwnvRtdBxv,1200,1000,1000,1000,true
1045,6WouvK5NgYc3CDJwaM9L8CcN5iDcrTFjLJtw4yasDAz1,1116,1000,1000,1000,true
1045,D9HeGcjP7Aw3HuP6zW7TADX1fh4UQdMVRx4KpEuuqSy1,1099,1000,1000,1000,true
1045,33ubXHqpPj8Y3jLdgBA9AW4NLUvCa7udHsaDAuzCFBVF,1062,1000,1000,1000,true
1045,HykHZhPCKbTT6dCpA11Szp1nxy9AYpHWNNS2qkk3XA9F,1041,1000,1000,1000,true
1045,Ax9KJdgzzVzYjPgPcfeW2goT5bxNB642G7f1Hpxu4oBf,1036,1000,1000,1000,true
1045,8qBvnQd37LczwyarUMLFxJu4VsJ6d9kRNDTALWWvyEme,1172,1000,1000,1000,true
1045,9FVFxoipnxKWJCdJEngHpbbtyGPGHd5c9dSvSvbjSPNa,1146,1000,1000,1000,true
1045,3exHWqXy9ECwX7EvLiFXzeaWaskCn9Kk7JWL35Mwjfd3,1145,1000,1000,1000,true
1045,226Eq5xxrcEdF8aTkQJfVaUMhuL7PdJVZxoZRKNZaqfR,1112,1000,1000,1000,true
1045,3ZjPC933qhnBGZoX3H6oyWCTXn134RoJbd9GFrqM4Xi9,1159,1000,1000,1000,true
1045,6mf66AcsTK8GhaHXKzFCro9UDWoDbQYxoExRiGnwN81N,1154,1000,1000,1000,true
1045,EAiA732Tg8WYvHWES8HZXT9vhmX7iiMQH12T8EiEDuMf,1137,1000,1000,1000,true
1045,A5BFD68fk1kxfEug1kMG8s2QGnHGH1gqznv8izsh7Zun,1120,1000,1000,1000,true
1045,8rZZoQvhP48N1qb1Qucd1CzkifFM4cBDViu79ejm9vNc,1081,1000,1000,1000,true
1045,ERvjg8ipFDEwA7bw8haV1bdfE4jYfuRnQ8HwkR7gBSei,1119,1000,1000,1000,true
1045,3idy8bDqb6Y3sVEvheJZiBvVc5jBhTfGRY8NGJ2VSz5s,1114,1000,1000,1000,true
1045,75Ggkhz2uYC9kgWAYvTDTrd3QZU8uUNw7hWCLDHPfk99,1138,1000,1000,1000,true
1045,BwCsprVkDYGgN3PiUNRZUvAcrGMwiRtTUeqnuxyVghKd,1117,1000,1000,1000,true
1045,7HjQ8Rm4BQtNznPABR8cAznefnnqPTPJvQm2ec7BLeyX,1118,1000,1000,1000,true
1045,GmxZH38pzgC8vcQx7P1vDtQdnAf5Ve9sGH5TWJsDJDDx,1111,1000,1000,1000,true
1045,444N7NjQXX2piHorSd1Rj1Gfq3bgyVV4iiuQd5fBvyYo,1106,1000,1000,1000,true
1045,CMa5MkUbe53brnKKJqXKmHaykfwugV5uqKJbKLEmAtiM,1029,1000,1000,1000,true
1045,87UtPcrjJaxKPDzoxWFFAEcJxZfjH3vUoUtjD1XCbuxF,1094,1000,1000,1000,true
1045,A4WjJVeSYnq2CpSkJwoNuPd6YSsHx9wWZUiDNZ9idWse,1113,1000,1000,1000,true
1045,GRAUw7SKPqJwtiGuYGryoXAsacUhJowuQoBAM7Cijd67,1093,1000,1000,1000,true
1045,JBhq9tkMto6Lwiu2rFUfQCUxRMameWiHbYZgNCSc8n8Y,1109,1000,1000,1000,true
1045,46tn4ptJn6ap4H77vn18oiH3e2VZfZKrBL9X4MRiH5A5,1024,1000,1000,1000,true
1045,BFqtfLdKEVqPEp5KU1UqPgX283s6v8NWRizcLGeaCU1V,1048,1000,1000,1000,true
1045,41EEuJxseoTuKbGYMhxCKWHDHwY4BAHPi2Lx8hjbfnga,1047,1000,1000,1000,true
1045,AovkEWskywporWwrFHip77FPbPqvUW51KcmxH4TRaCNn,1095,1000,1000,1000,true
1045,5LB2s6uoJ2XNFt51qbVTEwkBjXA2eToAT4hLxBcXknxQ,1090,1000,1000,1000,true
1045,AfgUameEef6tQcf4fq9gqf5WW7XK3do8kbUGPsFu4f4P,1038,1000,1000,1000,true
1045,6WV2oBpSxLkPtXsainJYiXJzRozcZzdPV22nsanh4EyL,1104,1000,1000,1000,true
1045,5eRAkKgCvhF8aJ7frwCHq5CuSJdcvc8nEDmwEsTvBScx,1077,1000,1000,1000,true
1045,9wxa16HcDKZTYZrXmURDVVeaxurioz4eaN4rjGvvLwmR,1110,1000,1000,1000,true
1045,CDURsPY1Pf4xntEAy9z5Mt14xkxe2RqdSQr6tvi67ahe,1108,1000,1000,1000,true
1045,GNKu6pHZqfBCGcaZMd1FbFFJxcL6uxgEQsVmYZYTkNR6,1107,1000,1000,1000,true
1045,FvWt9CF3aVLf6kmpiLVnnqVRBx5An8Y4Y6raZg7MGk7i,1075,1000,1000,1000,true
1045,D9xRSYEa9E8feUU7QQLRvMGng2H7ZGdTR87WENJhwrWy,1092,1000,1000,1000,true
1045,EqtEzK6HiRzVFpfTQh6aL2WA2JJ8YjdegBy4QrPy2H7,1079,1000,1000,1000,true
1045,FdYnNdfgwgHoDFWbi1iZENJ9hYzSurpApU8GZTM3uFtA,1034,1000,1000,1000,true
1045,57KkUgnSNNbKBKBddRFHCXBPW4iu1n2MsGXYLw6MkxoY,1054,1000,1000,1000,true
1045,3xRvjBFYoAjN295ev4HAfGNffPux9ba6EANYg4UJ9Sge,1076,1000,1000,1000,true
1045,3Ya54y89zAf5t6BmnFyTKB7UynapQwTVAh9RMJBzpQMz,1037,1000,1000,1000,true
1045,qS4wQg3ENdf4ncnnydnyaX3wMeN9oy3jUNjPvr968fj,1033,1000,1000,1000,true
1045,rp7q3xc7XFVjjKtVkxPhMtfqHSk9vvK4xYWh8QPRQMZ,1046,1000,1000,1000,true
1045,3ndusmEy1D22eC9fqEyzBgXjAwV5MvsN7bgyAh8qX6Nw,1055,1000,1000,1000,true
1045,6zLiwVmEo6jYN3bADPMwXKvbFhNdi5Tz4zn9ET2sbvBF,1039,1000,1000,1000,true
1045,5sLhv4tr1TFM1rZgSrdi1qpeXrJXUFuqsVid6gJC9WX1,1028,1000,1000,1000,true
1045,AnXU18mh7Eq6dh2ks6dUfTsNvbbE6KVX8WtLmtN76UJg,1061,1000,1000,1000,true
1045,6AUoX7Mt8uDW7iLrw6MoAjNa3k73Z5ZNYWtC9meu7STf,1040,1000,1000,1000,true
1045,6SQoGF8PGJ9ZKPdc13sEFxDAjuzLpz6sZ5GR6ZzyFz4U,1032,1000,1000,1000,true
1045,HoPTo15WXY554W33DseMSM2VvugnGBJPfF9WVgrMwycW,1053,1000,1000,1000,true
1045,GVdu9PsVLgTPTB9mExZWXmgKBLzK8fcPz7g3ojEkQZRZ,1035,1000,1000,1000,true
1045,7Ti6WECCa3z2hHkmWE87hxfy4CA8aKUnA31UWeVXuMwF,1023,1000,1000,1000,true
1047,ER4MXNR5poLrdHfNfnW6TFJyLZVTUUezorPjG2dkcxV9,1281,1000,1000,1000,true
1047,8bDihGxZqNswwFYmUrs1hvNPwwBiWYrEKnpcfMykxVPC,1295,1000,1000,1000,true
1047,2tFCPQqAowHVfXDWuZ6uMKCAfr11DyRdnEXfszZr23ud,1294,1000,1000,1000,true
1047,CiEEA41QqBuJPdRZqD9PstNiPF7nq3FZS3FxLU1R7Lx4,1291,1000,1000,1000,true
1047,4gcvacmGiBFUJag3zUney8sRELZgwnut3aN8qHPaGQ5n,1180,1000,1000,1000,true
1047,BAdvcsvEPGbx1BQiU9FhaiDCB7FGuEi8qxZNWRKUnqCc,1269,1000,1000,1000,true
1047,AJkpcVrEMHQsavaJoRCXRqJyo83b7NMWijSpY7ffVdqd,1299,1000,1000,1000,true
1047,AJaqqZPLe78h4o9AwH3dr2j9xU5PeNcfFGJGqsLunXdt,1228,1000,1000,1000,true
1047,D2z786FpZiDqS6ig9R23CEs84Liq7jiCtCxdhXFjRQ5q,1252,1000,1000,1000,true
1047,HGg4koPe2xMLY7iTT25dHS4oVnNCUSafoJ76DiZqddPV,1292,1000,1000,1000,true
1047,AWaJAfppNXHro81HJhnmC8nxmyaErCJoRYtDL7gHrABE,1293,1000,1000,1000,true
1047,9uhN3ZjQpVtY4XotibBx1Zvxb7VnKDK3HWfcbXGvmVTf,1217,1000,1000,1000,true
1047,8nysWh7pgAbZL2a8mVZAQM7gfWhPihZzXPq5dqU8nKh7,1031,1000,1000,1000,true
1047,8XoTFu3aKpq7hDTFFyxu4aRXrZMbfZS9PRR6PfitnbAZ,1192,1000,1000,1000,true
1047,4LV9SpiyHF4zuQWniwcZwaGFBiYefPdvsGvGFYjjHxua,1207,1000,1000,1000,true
1047,Dp3vtd964mJq54zTLbjgZewpKwYTG8DR5bf842pG8waC,1266,1000,1000,1000,true
1047,5dFB1gnYgfwX78bgAQWiUof5HcGn9xhK38kdxEwknFSQ,1236,1000,1000,1000,true
1047,J5ZVx4BrkB5QtPY8D1gFYShT7MTGEdEa6qyAVKyRpgbv,1230,1000,1000,1000,true
1047,HsSt92oAHtarC57qLgBpVWekCXCXNyiATy6PxzQyNXQD,1253,1000,1000,1000,true
1047,BwMyDgAECKYUrYc5by6cJkr9agnBUXYWVURTmkbqwyS2,1290,1000,1000,1000,true
1047,6Eh1R8XwGVFsBz8kwrijmq6LFA8QMRvVJW4RhhC5Ttsd,1264,1000,1000,1000,true
1047,HMqBFpjLHwXcUVFD8baFkoREc5dSaERRNnQ48CwqjieY,1233,1000,1000,1000,true
1047,DWtEZVB2ouZoW5fmicddVKdiNtgvbVr5PLWJ6WqKuQpb,1268,1000,1000,1000,true
1047,4VcXXKiPjMsNmyv1Q8qTq4Cjri87orKdyKDrU3KszXDB,1265,1000,1000,1000,true
1047,GSR4JtzH43K5bsrYWd67fZUTaYPD6zKVSWSsbHENz1ds,1260,1000,1000,1000,true
1047,9kX67WVrfGJfiJArhu9E4KQasknYRDkwDhrUt9YiMg8e,1219,1000,1000,1000,true
1047,55tBBV3JiodtPJpKmDNXMMweU5nd4DtpA91R2RhmhF6i,1254,1000,1000,1000,true
1047,EJvYRUD5ePP177mGv7NwDR9cjrK3aFRZtoM6tBMKy8eB,1259,1000,1000,1000,true
1047,HMeFkQ9hSnUXnG7AAMTBL1LR2DU12HTjygipRTdEc7jw,1232,1000,1000,1000,true
1047,67piDawSuoy9XkWFL1XoPG8hmsd8fXfKRYjGd4r8QYLR,1223,1000,1000,1000,true
1047,3cgcrPfJq99rKRFEkFAw6Gbj5Zw795b6MY3KAob6QUoR,1263,1000,1000,1000,true
1047,DXghCBWUYZD4wggsCJJn6KZZ7CWci6JcdSyqZEFfuLAq,1251,1000,1000,1000,true
1047,9N16NeZirYQ2ZKfxeo2hYD2FxjVAgAGFEsr8M2TSi1WC,1215,1000,1000,1000,true
1047,5nEnePXohyp9ePfk7GNxA7KznyFjQkgwo4jSqQJfDi2Y,1240,1000,1000,1000,true
1047,2qkPMfzJiDTd4mujJpFJiYBTfiGdBysQvEm43F4v9UzQ,1234,1000,1000,1000,true
1047,6QbjC4L4EPXYtYK4BnfM7Nj8t1snsJoW2YCceyLeUHTH,1242,1000,1000,1000,true
1047,25gNLz3GVVBCPZvXGrLwHuxW5GigEQAYbfdiXiPbq2s4,1241,1000,1000,1000,true
1047,9bM1EsFnJwyMcF186CMg5tWRptFkFHU3DCF8nr6pfwnr,1221,1000,1000,1000,true
1047,3dxzQC1WZX1tfPL4oxP52jEYniWobSwSAWgW4SvF5gGq,1156,1000,1000,1000,true
1047,D9faRTfqMZ7eiQY2Z3WvFW6gx7TqRY1bz57HVYGnt4TQ,1225,1000,1000,1000,true
1047,GYKTowJ3R3X28vd5KmvZ1gyibr18J69T3pxxmH5EnDPC,1179,1000,1000,1000,true
1047,5z137zSfrfp55SGjzC67k1A1yGupKp1kMiWTL6Pswvhx,1237,1000,1000,1000,true
1047,5tGWTQNerLaovDvevQ4j2osXdyzwouSSxULkkacv5nCV,1191,1000,1000,1000,true
1047,9unqimkMoRzJwatBkyAuhrhKa1TQabRikvootyNYorTz,1239,1000,1000,1000,true
1047,8DqchMFgvJhgjK2Y5aubtpHYsoF7N1XGNxTsPG6D4Cpj,1226,1000,1000,1000,true
1047,AKRtuVL135cj4ZpYX7KxemNRfHyXRnubimBpsxf1LfoD,1139,1000,1000,1000,true
1047,Hq78DbnWu1PFq6owfs5MwGbKi3xTmdqwRtvYY1SR9xqW,1231,1000,1000,1000,true
1047,BXywEYKwY1h72oiWYp81J3aeEcAqhxE5Jwu3YGiFezmu,1227,1000,1000,1000,true
1047,CN1AqqkXhT3xvYKSbjR1BVZXuG5C3ZtGYWyWFzJCd9Kq,1235,1000,1000,1000,true
1047,CynhXeviztYSqmn7SJqoUNomfunATi5VJviaoQQUZoZS,1171,1000,1000,1000,true
1047,FzHtV8ABUCdE4HwGNeEzqUHU338ja3g7ySBtP1uJegv9,1238,1000,1000,1000,true
1047,C99Z6ycfuwE1YodZSUcGjMkJFTQc24ecKjJFVHLJBPnp,1203,1000,1000,1000,true
1047,2wunPwjUo4oq7HTRLBQGB1KUVrGNepdKvnKieT6bD8y8,1222,1000,1000,1000,true
1047,GywSqxGWmq93FXhrLTE5xNgE8ANC7D1ACtaDSJogyfKt,1210,1000,1000,1000,true
1047,FjigQtpJT4oRucPRRW2HVJddYpAQ9v1chQLPQVNVL2Jt,1216,1000,1000,1000,true
1047,D57dMY4oX23F35ETD5Pi4rmPXvoZDVF6iz4NCddsyMCb,1229,1000,1000,1000,true
1047,8AhP1thtunyEyxgajcdemrhDf87nuPM3WJ1cH8C3e4m6,1220,1000,1000,1000,true
1047,CDwp7gxLBVmxCpHkhHA96sgFq7Jw4RDHP2iMrs7ygJzg,1212,1000,1000,1000,true
1047,BZP3hDAZ46isreMjndy3V7uWGqxVbopVeWXXpWQxKzuj,1025,1000,1000,1000,true
1047,2sf6xoXUjsM7z81VJmuRX5Uk9CM6TpHTG96Sc95ZVPya,1204,1000,1000,1000,true
1047,6GqxiiKMP6FxYhmS3SnCECSgfMLFVRHSpJ3H4r8xN1jC,1190,1000,1000,1000,true
1047,3ZQmXMFyAcESwLdbDTishgQwMUbU9vEs4g1Qu5ga7cpD,1224,1000,1000,1000,true
1047,8osXGcjME4WQMHVEV3RnneD7dDuPfsqdCShYuUdue7uS,1176,1000,1000,1000,true
1047,GNdbJgYzHTBmbNWFbf8FK5B5bhLQ4VoNpwCPZ1Aw4T48,1143,1000,1000,1000,true
1047,GuUdyxywse9koC9ugZq4sNU99XYGsGcWUKGrypTfHNJi,1160,1000,1000,1000,true
1047,AknCn4AAtfBohPMN4iHJpijqMittkPAxpjbX9ECwDhoR,1174,1000,1000,1000,true
1047,6QBez8xSibCNxHexuW76zbuGqUxiTcWGeHhsT9H1dnqQ,1218,1000,1000,1000,true
1047,EQgPnJCqnFxKenJGAxoxfyaHihnWLDoi6Ed5JhcWG68K,1214,1000,1000,1000,true
1047,4caQ4JrmGaU15BLKivr6MVKohvXAv9cNPF22mYPtHwU8,1213,1000,1000,1000,true
1047,eL8geg5KYnzc526EfKDzxp6R6fjPxn718Y7FULArnaA,1177,1000,1000,1000,true
1047,HNo8UqSYRSxjAjFhLBNfib5SrhBBJ9NMeAWinApNfAgS,1182,1000,1000,1000,true
1047,AbvorQUjmnYQHbjqud4En4xk9fKVhumpDsaHNkER3rmg,1211,1000,1000,1000,true
1047,6MJrUBwfqM4jhXR648mQq81ivjfyXwYVGppKdNt7c7Ya,1201,1000,1000,1000,true
1047,uZKquy5cT3TmTzKifM7LDCHcnF44xPRc6SBka8TKSqn,1209,1000,1000,1000,true
1047,HNLGuvsEkjBkm1g7hVS1Je1tnzi9u4fkg5Sf9JPFJ2tC,1165,1000,1000,1000,true
1047,AmYpzC4EdfaJipZVukR4hAmFVBVNgeo1y4oHqszV4sJT,1208,1000,1000,1000,true
1047,6fsQdCxr21e4V9aYHvAR9P8xgn7wrCwsByDENzVcyteB,1151,1000,1000,1000,true
1047,4Sifs1t4Dpuxon4NZhFp3Q92myWSP74iHj2JULVXzDpW,1140,1000,1000,1000,true
1047,FkAHYzeJBdZs2GBVGqhyfNAFg3ov5JVcs7GfhZAtPptb,1205,1000,1000,1000,true
1047,3YxfSb1VNjgRbcZjBUbCDKoWV4G3UfMEFSkDQveoktgk,1157,1000,1000,1000,true
1047,FAZB9Vd7PyQVDyPx33PUkBp8tSQZRtHJvLntciVRyE1e,1142,1000,1000,1000,true
1047,BsQ8ZJgNJNGV7LQuetLrs21gn1Rk7Hwx8RpTqsoUHiVL,1149,1000,1000,1000,true
1047,CcRWZ5JVknGah588ryhdKtqiFhhs94eRJNKf68oj8pxT,1206,1000,1000,1000,true
1047,55ZTQTFg7rC3nuZ9heqX3CLxtwiMXpWaH377xkaPZNN2,1202,1000,1000,1000,true
1047,8SpHmdxWhF3pXUDy3Y2pHWY1P4ogmXE7uQu6ZCw6bh9y,1181,1000,1000,1000,true
1047,8LFQx3UiPMBwWqGdFJdocDAbqp4J9yUA8ECm7KFkXwCc,1173,1000,1000,1000,true
1047,5YuSKVHxoexhrBb1WwQxdbacvhAxNYPKYQPBPPvksAB7,1170,1000,1000,1000,true
1047,26NUUYfLULaYb2nmDxARaF6iL2eBaCaqwVLa6dnDCmSZ,1178,1000,1000,1000,true
1047,6uMf5Z5haVMUGv34AA7Q7b1td4Dq6qej1esxoTKe3xvG,1168,1000,1000,1000,true
1047,FjPRVicNvLi4oFfqnHyFtNqPB6MPQz1zCFWqD6N1MEjK,1134,1000,1000,1000,true
1047,7x3BcgRonPFZgw4uYLozWxwBvLkzE4AqUM27PB6a584J,1169,1000,1000,1000,true
1047,6zMWPjSNXNoDqZ3R1u5ekNf9ftZkyZotesJLATa9PBvg,1164,1000,1000,1000,true
1047,55uyYgg3y3tcYwqKioUmcito4ans7LqpkfnpZD3tba6i,1153,1000,1000,1000,true
1047,6LjzzvxffktQbvMEBsKEpEiSf7B8cYvtSH8SGPJWBA7m,1175,1000,1000,1000,true
1047,AeSDUGC3vfrNVG1z2QfUgCdVVT8xpkPxUQ3V65kW7y6L,1123,1000,1000,1000,true
1048,HLrBJtdQnw4cieE4b9FVUQa49wpUHTzMfbVeUcanp1SE,1292,1000,1000,1000,true
1048,B2XGyeJKEAF4TBjhtTRCkbwNLgtNbeWFyi1e4fFdnchW,1271,1000,1000,1000,true
1048,FU5Y2Kk5a3NvxBA2spzcRSAaTgy5pxHrxj6xZu5ZVai5,1286,1000,1000,1000,true
1048,7XVRi1m6ZnmG4QbEJdMSjo2xyaBSy1RvQzvjrJm1Z3kX,1279,1000,1000,1000,true
1048,7F3tKHQmcp2zVEh3Tc5n1WxjqSpvM5yBEzeneYyWQZou,1287,1000,1000,1000,true
1048,6mRJF71NpkeCzs8VKsuMGhtHa85NGXzjfohTKEyD8u13,1296,1000,1000,1000,true
1048,6h9rtqjcmPWqwSTZh1L11dX12ai5TSDjsXVt11fikF2c,1267,1000,1000,1000,true
1048,HBqhe3fMqNhws7K6UG3awNdrpUnXYjTxWzCfVr1oRUeN,1149,1000,1000,1000,true
1048,6pccjsZ6A9r1J5Fibt3yiyRmzE76dAwGCdYbr7GFt6dU,1060,1000,1000,1000,true
1048,FUwsKVFS354ftVPw7QTCXXLtViEZeM37RT4FGabUarRk,1025,1000,1000,1000,true
1048,5Gxx7jJdGxJw4KxHTaRu6jyx4YZFU5U5ELdYKJ4DTyUz,1191,1000,1000,1000,true
1048,GEZmRKSACcQpsAMJSPgEgNK3CZgKaijJCQwHtc72iyRw,1160,1000,1000,1000,true
1048,E58V5G129cW2PBd9GeApbbXcxGzetHv8gtr8wpj4pFQL,1031,1000,1000,1000,true
1048,6UVEBAacRfMHkuM1kz5W6nYUsWVF68xYf2RTXwZA7kv7,1232,1000,1000,1000,true
1048,Hh8ifiowanWiRTVzYJJiCAtx2atACBgAxKKD4YLJPDc3,1180,1000,1000,1000,true
1048,GYmMHtWkKJB5KssXpAsbAgJqnsQfk9q4sdtemtPwABx5,1282,1000,1000,1000,true
1048,5otb4PbaqZu3xEWwkqW73JXCaDDLUMmU8Jy2ZEvW9RZh,1282,1000,1000,1000,true
1048,EdiCwwAZMomQtC5ZWrFWqyuCiGGLeenTveSTvQhvFUQi,1229,1000,1000,1000,true
1048,HDe5pU2wgCXfvqMJwhw5upED4FCENHLRpm4SNEzZF2i6,1272,1000,1000,1000,true
1048,9CQnGofwz6gTZaBb9ZGsCxkhBabuP4ktQSL4vtUP3VS8,1281,1000,1000,1000,true
1048,E9kPa2R4rJ3qynovqFRQLguX2KewQ29UMcL1jiLkMF7t,1277,1000,1000,1000,true
1048,2SgDvi6RTUVcUqndE8LiH36jKxrfK47TuLZX4Rsrn623,1177,1000,1000,1000,true
1048,CqVUmVywnAVcAmHC4AnLDkpsmWhrFmjcA6zoPN4eByrr,1222,1000,1000,1000,true
1048,3Cy1T7vo4A4LBjLeFsfCnW8h4t22Sd3jQgqd1N7TMZ45,1190,1000,1000,1000,true
1048,EkVex1o4jBV4RkVi94fsNrCt5RbsBYQ3hY5JS8HeD6KE,1129,1000,1000,1000,true
1048,HFWNMcSwot6UMHssJvsr54nnuH7VK7BQv22AZ8fLxhmW,1240,1000,1000,1000,true
1048,FewBxyP3k8bPgYK9uWFLRUrmAHpEJbm2QeKXgPByunJZ,1276,1000,1000,1000,true
1048,4qfPRLFjFszopGGRicjxmGFoSTU1Rdv4CHfZh99R1gAx,1264,1000,1000,1000,true
1048,B8DVvH6wqyeQf28piG3berLnY5v6Yh7dYQHANGUWaZjz,1197,1000,1000,1000,true
1048,5Ec5jbDRssarhZx9bGCpy5YutfjekPxM1qkuh1Wumryf,1278,1000,1000,1000,true
1048,5aBCkK1L14mGLgYUkvoYpDyEjSdjCSgQJnmQ2hz1zRDr,1254,1000,1000,1000,true
1048,H3AQtwvH7P7YjcVL7ytq8DdRgMhDqXdVwKR1pfjBN2kX,1207,1000,1000,1000,true
1048,HVT1JzHgzpYLsLRRByVP4ngRKfF3SQfafGcs6pgCZF2A,1001,1000,1000,1000,true
1048,4K8FUxa5hB6nQT2nMy1bceT3iMgzPVxH9qFe8hgA6FEr,1246,1000,1000,1000,true
1048,37J1B5YUwKAE7p77c4z8fScXcf3oJW2nS6MsGmRapgVn,1245,1000,1000,1000,true
1048,kiMFKsiMHQGWs3aqge4q4gDn3xC1uM3FTVe8v8UzhYS,1089,1000,1000,1000,true
1048,XdHeartwa7mwUvvBoS62wUSZp85ERnSCbWFoYC9QKHF,1242,1000,1000,1000,true
1048,2XbF4Jmz86N2mREScKdcNuW7phxa9CD6vR8yJKqkY6AN,1255,1000,1000,1000,true
1048,2P65fv4H9uAJ5JFgB1qMbLk4ZGYLZLqby5geUsHRLt5J,1253,1000,1000,1000,true
1048,3n7zeZT2fK6KVaWbDft4wCvoGaqjKdqZJEtgmB9BvSPM,1260,1000,1000,1000,true
1048,EXCwqg4fpGtaSsiWVFa73bybxoSpxvwYXX26zY4AukmP,1224,1000,1000,1000,true
1048,91UJb3THYtLQGXPPCDMxzFCTipNeGy4YUUff23n3m5M4,1184,1000,1000,1000,true
1048,BpBcPpVtgLtoC9c4Wed6biv26k98VrvB3PvQfb3X3zYG,1198,1000,1000,1000,true
1048,GcWEVzQGChARH6SXRfdnGr28xTD33FRBzJEAkqihdSVp,1203,1000,1000,1000,true
1048,5C4HAiSHq9RNFWTbVjpusJYpzq6fm6z1SnyRwh9Ry2Lo,1174,1000,1000,1000,true
1048,FdbbWycNN8DDwU4KL8AMvTGVoD9vmGL5mbZAa9Xf7Ds2,1174,1000,1000,1000,true
1048,8Mc9bpXvFPPvjSam5UhcxULg5b2jqJj5pBt6Y6TdmWF7,1231,1000,1000,1000,true
1048,3rJqJA2f2sseyJ9qLFqo7MjsurPZ4Y5QXZxWKLdMFML2,1187,1000,1000,1000,true
1048,CfQY7w49F2v3YQKkg1N1bXDCRmH6tH5hguLX8ePcz36s,1068,1000,1000,1000,true
1048,7HYUQvuyzvyvhMkqRx5jRantRJcSrEwjuhu4pPS8Y1Qf,1248,1000,1000,1000,true
1048,77s45ZsxSzjD7AQBa1p3ReydriTooEjD2QRfdUWGPWY6,1208,1000,1000,1000,true
1048,7t5CWF43mbNzGvraqR1AnWvNfKgMqiBSdFEHz1hKEY3m,1196,1000,1000,1000,true
1048,8VeWkpZVYcp8ZwPsmgM3MprqdLa7qYyGExqteVJQ2UAL,1168,1000,1000,1000,true
1048,Agy1bgAC55Qysx31o2GVdogr6REAZLkRfq7a2PQFdexj,1200,1000,1000,1000,true
1048,BAFmLXgntPHyhoFaMV2j7R2y83zuQmauniyC6qAfBc9X,1192,1000,1000,1000,true
1048,BhztMd2dXAE5TH9bxwKLo2ttWodJxVEYvkmwLQxG7Xyi,1204,1000,1000,1000,true
1048,EXt2B26LL6tfohUyG8SXkVvmSmjAr1rMxr2azVvEXZmJ,1136,1000,1000,1000,true
1048,FuBH4h2PYse881aXuuia5mtJqJz97jtfpgcegHLyCKmK,1293,1000,1000,1000,true
1048,EaY3ndBCLcZrGDwec73Fe46gcL2uvenYnGyeSbq5AQJi,1262,1000,1000,1000,true
1048,6LNbyDTKRPjrYuYLk14n8Tr26vLBC4y6BD99xCgudXdC,1186,1000,1000,1000,true
1048,H6nrk6Xq997uC7YiZdwhtkBBHNuaPfbc6SMsaVbjUNZr,1280,1000,1000,1000,true
1048,EUv9nkWNbYhKechsER5GDRK3g68NdxmgTBKGyqutuz8U,1299,1000,1000,1000,true
1048,BBN3zWzqhyuDi3Mqm1C8gskPNYxhjzdtpW3wZ5fCFuue,1143,1000,1000,1000,true
1048,2HkmcsGNRe1s2efV4SEgEC24TPS7G6dPF1S3tcQEhRCu,1255,1000,1000,1000,true
1048,Has68h3fSXgdrB4C2jMz9YMStKRNG5Q3zfC8wtrE9Dz3,1201,1000,1000,1000,true
1048,B3i4i7riHzUXu7p1hgENGXQvWJo7FPxgNwfgiPccWu6g,1263,1000,1000,1000,true
1048,nC2xqzDKJZd42NVhyfLLstpJ5zEW6tFiDrynXdCvLud,1125,1000,1000,1000,true
1048,3masqc6jCeVd76bgarr7ks7povAsFRRBi1ZpZEujmgWF,1159,1000,1000,1000,true
1048,GadyKwcVFP5RPkC98R9cehaPLHLYUwt2Hz8n8PmaqESZ,1169,1000,1000,1000,true
1048,9RTSRCovTP5phni4MeDio5enHH5iNPYZxMzxwWG9iCCW,1238,1000,1000,1000,true
1048,FccRnzZ92gu4EtnRsTD9ArvavVoQ9diHWHWxZLefE8gY,1043,1000,1000,1000,true
1048,9maYDtSuvtETLxNZB9B1drwmv5mdhnQjoHK2138St4J2,1195,1000,1000,1000,true
1048,8XSEWWosBzp6yuqW2gtX76NRYvkkgMQabSdTtLG5kD1g,1182,1000,1000,1000,true
1048,HrgswXZxBgexo7eRavQKmwz4pZSRzUF5bgRhSPsBDJVv,1034,1000,1000,1000,true
1048,9Csa1MR1fUj8GdvvUQ64GpATcJDHfLi2jmSEFzW1CWc6,1199,1000,1000,1000,true
1048,8ey8mrDVgoWF93jZCuGCauANSKJc8B9L7MvVgo7ETr8u,1125,1000,1000,1000,true
1048,23BWLcFeu3pkCgBfRK9jBZmoyeVYwoChDE8BSyqqPGmn,1026,1000,1000,1000,true
1048,HfkbFz3fnQ2yixsbWTVFoGXv7n4seT4KxwP5PuXZ3mx1,1181,1000,1000,1000,true
1048,J8TikQJTi14xwR2jMhKuVH4Rymzw1qJ8vWZL5xDGw82s,1243,1000,1000,1000,true
1048,8PmcfioFbmiyLxRT3UnYbdS26P3QTCH5ULJSAvzxbJQX,1193,1000,1000,1000,true
1048,FvQQUxUius6hGmdhgYAHBdU2VGjsJkdXhbRPdZTbnBHa,1118,1000,1000,1000,true
1048,F5DZjWhW2jUYP4x9t7X5tbzFuFhySiPutVVWqKUuBgNq,1028,1000,1000,1000,true
1048,9CPKddsyXcWY94ASgmSZH5pkXoAmjXrooDzyAmbTuWkK,1179,1000,1000,1000,true
1048,Gedm7GZ6LESt26P4JamrRu6B8mxswefWVHW3pGT72Esz,1144,1000,1000,1000,true
1048,Ev5yvBLuXW2pEcQ9jekpR6v71zdDKEatJgR1GotyqpXa,1194,1000,1000,1000,true
1048,3sb74vC1LDm1t1XZy8zxyGqvHS4vog1NFCdDLLvagdcF,1121,1000,1000,1000,true
1048,8dtp1mwD9Atvzk4YB6kt2TdmjLtG4TTTHFx6rpsFpZs4,1008,1000,1000,1000,true
1048,3Do5S8TkW2Lkvp5XzDXxHJgzedguqtEyh5CUh7Qe4HYW,1183,1000,1000,1000,true
1048,9KwFtyucaVX8B2oen4SMnwu4PbRTGJvMp8fadqc8oHMt,1176,1000,1000,1000,true
1048,HEFzto3QHgrZyLn9YdH42eYbMNWH1sMcaghjUYzZcrXT,1189,1000,1000,1000,true
1048,4ZV8t7rXQVeiD9TMUxrFGd8B7VZXCVgjCEhXQYPNfraJ,1189,1000,1000,1000,true
1048,CzWWVALqLVjY6NrBegqeBzpFBHTMAApM8GFqDYMQb8E5,1160,1000,1000,1000,true
1048,8L8Z552siEK7DWX3dqyxdwioU1BPyciTChZzLQNH3NCY,1178,1000,1000,1000,true
1048,8qvyg59fgd937nypY8axfmvdvuKQ12UEnk4UufAFScVE,1151,1000,1000,1000,true
1048,6ZX4SJkm7jecpGKsEKKyfKUjEFjEQNWEb6EPuN3VLoVe,1166,1000,1000,1000,true
1048,CbnuFar4C9gPi7GY2TEhwpJZ8eMxDoyCy2fYpWwc3HW,1142,1000,1000,1000,true
1048,8nAbBzaDf63zyEgNpfhbBFH3nKrRmE9Fj6PnL8pvueVZ,1164,1000,1000,1000,true
1048,7rrCgfPwZrRcaw6sATe5pph6HapmFGm5dgsVygjxgwwu,1188,1000,1000,1000,true
1048,2NADziKgvmGXtHJq7BsFhvSVpfihEzkceAgoG2s5aZnz,1188,1000,1000,1000,true
1048,224Dkbm7k5zfkYJk1WJxpjavjdQXgxsAKb713UEton41,1171,1000,1000,1000,true
1048,F147ZDkcVjEs9owRRWo5Sutsx5V5vZe7wG1D5ukdzzcm,1175,1000,1000,1000,true
1048,35Ns8VimAirkTEuS6c58Yo7L7iDgK2c3TmYt4qrq6gHT,1161,1000,1000,1000,true
1048,FcsveRiPq6kNse5ky92vcFHM5b8Gwq1RBbeDwgdUZJHe,1098,1000,1000,1000,true
1048,AzcjBUFtjpGu2tiNVvYVo391MU9LY4KqWwMTAA1gmh1n,1163,1000,1000,1000,true
1048,4To2rCgLnqRs3vUvWCvpJzk2BYGi2k7GFZFyLbhbLcZ2,1102,1000,1000,1000,true
1048,88QDS6bUMByWC5b2ZVdtunboJsi67MQHRrjBiPRJ2vcC,1185,1000,1000,1000,true
1048,J5oDuzLpsKj3Gnw4JEGxzW29MBguQow6AmdXrHqrQU6S,1185,1000,1000,1000,true
1048,5NJHs1UNjzirikYBhEnQM4t7FU9SxrgbAoMwZsJSdELE,1077,1000,1000,1000,true
1048,A4iiEwNdp9JvqGq8U9nFhKVaH3kzWcAuAmnahxvvNnnh,1149,1000,1000,1000,true
1048,BFEqzTXkhAYhXYUvQDQb1b71WyxYgv7ZkFLJ27DvpYHU,1157,1000,1000,1000,true
1048,CsCDYzJnmG6aQ986w92Rn3H6EuXdhpWuHA3NxaL4P9vW,1173,1000,1000,1000,true
1048,CwBHmPHQCpACT1zMStK14aBzFTvuSSGRxUAhHpQZYuwJ,1155,1000,1000,1000,true
1048,DA5jpMLRTQ6PQq1VCTn5JTT1HAdytmTpzWUteX2GKrPs,1119,1000,1000,1000,true
1048,E9oRt8psMaCjw1U7RjHt34QzHW5VbmNVVafWzr3ZZEnH,1173,1000,1000,1000,true
1048,EgK3uj7an6ZT1e8xvh7bsAJgeyu2H1h2ftpBsFqdghzr,1172,1000,1000,1000,true
1048,HTDqHypuedVqmFwexva18TP2oYdTZDFWhLZL6PVxKGr6,1161,1000,1000,1000,true
1048,3Wz6kDrLhwTqTPFyo8CUL36J2VuL3CcpCqE5FfwEfJEn,1167,1000,1000,1000,true
1048,3FHHjwhXWULvmdrqa8H9rs3qBYKd4f4boFLjW44DTuTb,1172,1000,1000,1000,true
1048,FSdLNYUturRT57NxLbP3enWbW8EMDw9bfpZGQEEJZjKd,1170,1000,1000,1000,true
1048,Hw5ZTF1KYuzL7KsEa3tLcPvrJzvZ5smCQVr3sJREXAob,1170,1000,1000,1000,true
1048,C5DDMQTRMxv7W2xYGJPd6HE7eBrQwZB2WpLSWXJw8vLK,1115,1000,1000,1000,true
1048,2inJBPgAc3igTK634os836YvYnu4857fKDE7Y5gzdwpJ,1138,1000,1000,1000,true
1048,9Yn5p4WobQmTNDiCfPPuWrJGBydriLedibCr1S1pndq2,1132,1000,1000,1000,true
1048,DuQg5Px8GDHt8pW9MgJp1TXjwLUpY9cMyAA7bQp55QSo,1166,1000,1000,1000,true
1048,5xJaa6NA4jDSdGoHcaHMJDL8v6nDLRLjo1nr9vY4T2Pw,1158,1000,1000,1000,true
1048,F6sy7W22FirhxrmWhbZzCjmAgEBzW8r6fDPywEfpeXyj,1091,1000,1000,1000,true
1048,DN4Q39iw7WNJQ6TZmdFbhHhhJBZbpp7adGH6wGQx3dCA,1079,1000,1000,1000,true
1048,5dUHKgxi13SjaDYiugxMqtisbYURMQQuYBYXwU3yZRR9,1146,1000,1000,1000,true
1048,GzixzWcnuGP2mrbSVDddoKLPh5cSdtsL6SxGpuCy3b3D,1049,1000,1000,1000,true
1048,8jVbX4KoCsXsTJgfyFJhb7SxguRxbKHsK7T48GmRPXJj,1124,1000,1000,1000,true
1048,Gbbk39kok4JcBPBr6g9EqdCUeZpmhW6Nkrdw22A4va69,1086,1000,1000,1000,true
1048,Ds23kvY81DL1puYgmUxBxqYaUWoCSbWphGiRxgyvuzpc,1153,1000,1000,1000,true
1048,6tCfxbY3TPRbL13Y5FysNYEUcpV5K5sk2i2Ve3TQBxaV,1165,1000,1000,1000,true
1048,FBZaEX4pnVpLwj6mLiaPZyyexkTxBA8TQHqNJWKfrSwQ,1162,1000,1000,1000,true
1048,3FFkYM8sqZiKMJgAbBrVeFh8JaQPyTRF3ExfNhXzmMYe,1167,1000,1000,1000,true
1048,7QGFjuv6cAkk3Vt1qsxRgK5uqVU1phchHo8KLSRLAULF,1136,1000,1000,1000,true
1048,Bjvv11twxNeCX71ij373EP2KV4H2m9xTyVAUEHjRRSRS,1139,1000,1000,1000,true
1048,HPeKnamBUkiqkTbGBCFLJA5gthDxq7GxNXx2H8vBcqv3,1142,1000,1000,1000,true
1048,3PPoMXNCZVt3DRkBsxDBJocfgsFgM998n3QYTN22GjnH,1135,1000,1000,1000,true
1048,4jSCakxDxewyohdcAPdhhxcfMqYT1WTHNYcSrEM6sAgh,1135,1000,1000,1000,true
1048,DDMzTRWGPkUtKz49bpsQsTXdzcy2KHRGtCs6CgvDAkmU,1153,1000,1000,1000,true
1048,2AUvdVpFCrdFLSEBavRFdYUcQUsUznKrW9EGXH6SVNN1,1123,1000,1000,1000,true
1048,A6dczcJKyxeNzkHaXdq5BZ8JAw5QSzDYVwNAT9F53nxt,1062,1000,1000,1000,true
1048,7iWcBaNeKsjRVfTnqcE3LChJBt6qpYir3dy2HSi5JE2K,1052,1000,1000,1000,true
1048,CVstXeyetQumRWiVZjA29n3WKJqtvYDShjJjEH1vZCZe,1132,1000,1000,1000,true
1048,6ZdiyYHBc3matwDGixFQYYiJBLvbGBDx82PhezD9kgRp,1150,1000,1000,1000,true
1048,6iGF2WzAsX9UQamTaU8nFxX5svJP4KAHUVTE6Vj8ZLd7,1058,1000,1000,1000,true
1048,33jQDWanS41aUQkWPPLCdBgTR6LbrEnkdw5Y74NoZ8pT,1036,1000,1000,1000,true
1048,HtaWnMEQEBSTbQdJ78nXbuKEDMFs4PukBatV9GteSAWx,1029,1000,1000,1000,true
1048,7ytRt6cptfid8Tg8Ghfe2aEFx4RfPiGMFTTwF9NcJcsg,1145,1000,1000,1000,true
1048,A7ASRCAaMPCgpW1wsNx8EaJ9GDGHcpg57Rw2KSqVmpdv,1145,1000,1000,1000,true
1048,9Afn9YXPx8YzJG19FKqxrNcoJ19w4cF4bJBrPipHAnve,1081,1000,1000,1000,true
1048,8JupkewqNzY5tTKnGY8tCyzUXQGo3G1ggyyGUFQcG3Z,1036,1000,1000,1000,true
1048,2cW4DXhMLghUABuZdGM6advDrg1T2QfupKCXmLDhDcP4,1156,1000,1000,1000,true
1048,GJpAzb4MVfqYfMf8ZueZkc2CTcSqQFKEjDFynzULRraJ,1154,1000,1000,1000,true
1048,GEKs1wd7cJFofV3XrXTVKeH8gajS63et2mC3W9RYU87S,1099,1000,1000,1000,true
1048,8Npq7MLmSVRKoe1BcUxRXf6v1vSJxCHrtaC9FfVeDpqn,1030,1000,1000,1000,true
1048,2geDX2KxXt79Y2kiEzbtkdTMHjnGogjAncJNsd2EQbjx,1057,1000,1000,1000,true
1048,Fjxp7tfMWbYGWgpzwEA9Rv1rkJtsBTomzwEjA9vWt1fm,1152,1000,1000,1000,true
1048,989mYSdRQkvHEcZibmnd1DLrmFgSnzdvRmpPADAKJfbH,1152,1000,1000,1000,true
1048,H6wfGHyhCDxrdycUV2NnpGZTP8VgAQdtQe97YQiMMZgQ,1152,1000,1000,1000,true
1048,Bzn7xNNZgxLw6vq2yGUJCBy8gxfAK6B9gn7p2CEDzEbN,1133,1000,1000,1000,true
1048,872iFT6BVepFyFa9RgfSZfw92ALHDwSfdpXMZ2T6v4GV,1133,1000,1000,1000,true
1048,4z3tRBUCvuNJ3aP1qTpAEcMDeQPsi1waDZTjNyWb43Dv,1075,1000,1000,1000,true
1048,3fmrUFtojzHXF8vmGDRzpo4zbW1FMTcb7QpeMavMzgbx,1140,1000,1000,1000,true
1048,FotJQxsWqUXh5ohDn1gPnUhfh3JfoDa8YxW7iSrvqVoR,1131,1000,1000,1000,true
1048,3zxQ6cYHEpsVF6yv2xR12iBz3JgUx39mzEBWqNd4p1ro,1131,1000,1000,1000,true
1048,8MxM6MxssasejfMDBxS3FG36PtKFrErqgfD5FW7QUfC3,1106,1000,1000,1000,true
1048,93Y8gjjwmSoRdY1S7hHBKZ9AM4pr9nHpBbxozWZjD9LQ,1148,1000,1000,1000,true
1048,BjLYsPPjUeqFY8Hvr5J2VH6Jr7iYKUcBLV1wCPM6cAtY,1064,1000,1000,1000,true
1048,EXFCCjM8qjtSCpzLS1LFNP1ncVKThFi19H9mdMhAVWuo,1134,1000,1000,1000,true
1050,FLeo1eR1Y61rchT7YZ9RfbUQucDiQugb3kKcK2LYjn6d,1006,1000,1000,1000,true
1050,GxhjjqYtcBa3yuQpgYhZDDCW9A79wefmRwEkpRjTR5cW,1004,1000,1000,1000,true
1050,AuWNGeEmdUXW2HAGCBA8FELHvDWrcbPcn1ah3Seykanw,1004,1000,1000,1000,true
1049,6ETmSFydpt3igyvpzEPi6ngenDVh3Ea2VDcvrCzCqeiY,1148,1000,1000,1000,true
1049,HvZR2ox2RuhimE6FfsZ4BBkcxV41VMG16MqwKiffJf7m,1148,1000,1000,1000,true
1049,Hv71K1xMXsRTRkkzFtjJbo555H6df4H8mBvEPSx46Bjs,1140,1000,1000,1000,true
1049,8BELjxdWXN445Df5npHrmkCnP1AYhHn3G3q3gfmApY14,1129,1000,1000,1000,true
1049,79fwbLoziUrnWb2FZbWoFrJjnL6DM3ESgkkt2tHnisE2,1069,1000,1000,1000,true
1049,GjBYrz6QWey3jiqjPEFZDUWHTM3GbtUd6p5J84mMasR3,1095,1000,1000,1000,true
1049,hxmSkLoY84oZLwMTrjrPHZBgSqjz2cSCm5LxB6hTkin,1137,1000,1000,1000,true
1049,57WNyobya4HFAb8MCfZVQKHhfoNhzrYFuuMwWN99MbML,1122,1000,1000,1000,true
1049,BnEGNJGjydydTrSD7Q362rhtPjvx94BCLbSheKZNw8tg,1122,1000,1000,1000,true
1049,42AC6ebqfS11gzvPy3ZAo6heEEgn87N1NubrvZ6tsNHk,1093,1000,1000,1000,true
1049,BaLXgzbGttBXqzBx9djW7awnf6S5FYyYdFuSJEFidN49,1042,1000,1000,1000,true
1049,2mpQY9CgptsBnETmtZBzYqkeFFFpcdafAXW8avwrRkNe,1124,1000,1000,1000,true
1049,DwLU6XpVuYN21gRFS4oi8s1cAr9GZQCsDp6pQkhCaY5b,1090,1000,1000,1000,true
1049,8pVyE7GVPvbVaWSNpaZLfxZR83y3BwpJjDcq3DRjQkNk,1120,1000,1000,1000,true
1049,37GdHetvAzrFbBwoyRtRTn8LP2o4soLYStXi7xWponCs,1133,1000,1000,1000,true
1049,6yprEqw1yWU4j2CNaW8WiMLnHX7FksMDDGCPN3uUEEUj,1117,1000,1000,1000,true
1049,J38Ersw5XF7HcibHSvSy7mfkjRpmsBYtYXDMKgKFuHQ6,1116,1000,1000,1000,true
1049,9Wq1NjruZM48k29jzfY6wdPNfBXaSbCUBSo4vcBavPFg,1108,1000,1000,1000,true
1049,ANr4fNnFHgyeRqyBzwg1rHnyoqFC8bMJUpfoc8hTceYG,1100,1000,1000,1000,true
1049,8YAri5d44XBFNkqLKBfKT42NeHkyBKM4B55YDm8GpyEn,1047,1000,1000,1000,true
1049,7sQzt96PW8sBrz21ou63LDjLZq5mGgEtBG5sEyyB6Wwz,1008,1000,1000,1000,true
1049,CNBdpiyfE1zDceunkX4Hm4oqHkWGLWJYeK1KdznnKkJS,1114,1000,1000,1000,true
1049,AZxBTk3iW7wqtjDhyAU2f1DQXfpFWzQ3tQ9iAfYbwSep,1111,1000,1000,1000,true
1049,HgYr6VKMVtTowpUo8zZdRcnLwEScb8FxQmgqboP2SMfE,1109,1000,1000,1000,true
1049,A1feg5jJMQk7MiwnELE5nZRA1FGWmiL6WqmJ7QqeoX8T,1147,1000,1000,1000,true
1049,6ZPT7fEs6PLNcAVCqKxP4cEWVGczrVMpV89UzWLKTAnL,1147,1000,1000,1000,true
1049,DMBtUpuqE2hqXzPXY2woQU1XX7bqipPdY6ZjYta6mHaN,1131,1000,1000,1000,true
1049,EwhiUhDN8GVEjdz1VMu199RSqi2KYdV46FZMfeQ26dgb,1094,1000,1000,1000,true
1049,3T87Xiht2Q1AdCQguNKh6osMN5RpbExtde48bDYzR2WA,1104,1000,1000,1000,true
1049,G7URTmiwk12tdKGbCgHapCsBNU73rf5dwcCJkNhQ52i,1050,1000,1000,1000,true
1049,2gGiVKxkXNiouxanApjJgUd48x2bQtzPz6GnTbht9VNs,1072,1000,1000,1000,true
1049,4Bh54iVYHJhKwkRqGfyyhU4yTodDJ8pTHwn4KHvkqHsi,1031,1000,1000,1000,true
1049,HqnUtmKU6GpY2b7Kb9B1LjUtB86TP6cLLUE5bSwZFPU6,1088,1000,1000,1000,true
1049,6or7n9f3DWEoDWRA1pEexjMELvGEm6aXhudcbrQamdpd,1112,1000,1000,1000,true
1049,Bv4F3zapThX6eynurUGEmcaPzFw4qLMKXqXVkGLVf7wp,1141,1000,1000,1000,true
1049,3nrFmHhjjLF7e1CtaK9zzs1ctuszaKdCgNJmwDr5MhhZ,1141,1000,1000,1000,true
1049,J6oEiusaeTxVa9f6W1qXrtLKrrtXqAcNVqiPML5xPR5R,1130,1000,1000,1000,true
1049,D24zDPM3PqGaVAV3GgLV3wi2eeiRwU8h5e147fCuyZPR,1130,1000,1000,1000,true
1049,CVS9AuNNTtizrybAEZ8f9jdB63W38WdyFDbr8m2LDagN,1092,1000,1000,1000,true
1049,GRNxfnb3YBQneRm4vEtby69tF5hTVCF6BQnCtwfG45ys,1128,1000,1000,1000,true
1049,BYDESymACFBCx6fDdiYywTB5woh7ccMv9XQVmrAwkvDv,1128,1000,1000,1000,true
1049,39316JbDxg6cQJSjyRDizkYKvZ3k7i8JmNmXxPdziBh1,1056,1000,1000,1000,true
1049,3tPDWqEvQYeJNqzzwDDTKTij3fRXvF9iRgbFZRUGeXmd,1110,1000,1000,1000,true
1049,F4Xjz2ivhvVKhm8ukmjuWBRitWmwidcmyXy75Yft6JVr,1087,1000,1000,1000,true
1049,HXH3m63uxFfxXNFH5NTBSEftoewjsBs1J5cnUTe5aytU,1061,1000,1000,1000,true
1049,5myWuDSWEEsuMvEXfjaYRrcqNZTqDzMfVx8NuHCgVvem,1050,1000,1000,1000,true
1049,5oGgRPyZYmmADmtrNn98V1JT7ntmuv7AHKxFDWS39qbH,1126,1000,1000,1000,true
1049,FCvGh8dkQ8AwWW6Y8ETPDmeT9p1uv8cdYj8Cezixnk7F,1082,1000,1000,1000,true
1049,Aimx55JaPAejVkr2Tt75bZgzi7CyMeabGqHnAajt1WQz,1127,1000,1000,1000,true
1049,Akiyrr3m37hopJV4XrzPNTkRJeRjvLX66Vg167VaxVNZ,1107,1000,1000,1000,true
1049,BraDoicZCFHwgKHw7NFTx3LN4NoB4AYcLVEdrtLdzty4,1126,1000,1000,1000,true
1049,JCyQT62y3M2JSYs1CsivCEL1NASqPp1LHG2L9WZtEcRD,1127,1000,1000,1000,true
1049,9auQLLC1UxdskfuSG9VCSowsqAixfxGTFshc2eqDncAe,1074,1000,1000,1000,true
1049,7LJ8W4pqTsHEnY2Q3gKXxrb5bNRAzU9Y2vQNyr9FJP3t,1103,1000,1000,1000,true
1049,BsAyHPDh1mPwRcN9BwbYegLe66VAV6UtZEFk7Buu7vNd,1082,1000,1000,1000,true
1049,9kNvS5d8Dk6dJEMw6YZjHZ72yMkaKTn4uCZknM3ypDgB,1048,1000,1000,1000,true
1049,rwiTh7hjCyTLKEa3eJ74VcFC8ppAW38M9EqmDYnFszu,1113,1000,1000,1000,true
1049,9673byJ5F5BtMGeBWewPDM1yvxoau45AHUgHAr8jEEi,1076,1000,1000,1000,true
1049,793TpK9Lg7umPcFoksedxAdy161robR39mjLb6CLiunF,1085,1000,1000,1000,true
1049,C4BAzi4U8EXWTpqFCda4WCqxhtbJDiP1v9YhieH6132G,1044,1000,1000,1000,true
1049,5pRQzVL871ztqHABRmp5odPhHBmU2YQHShL5CZnWTGdU,1083,1000,1000,1000,true
1049,CdmWhhuoS17LBBy3mgkx4cnBWcURZuCHGMf74GU9DKT,1015,1000,1000,1000,true
1049,5zRkVgnH9wqdmAbw7CiAVMi1t4FYnn3tffqEfb3muWL,1066,1000,1000,1000,true
1049,ExwUyaAJ2p5EtKTNZNzw8vVbZ45mboZMfDkBp31wGhLJ,1080,1000,1000,1000,true
1049,CwAbCm5UqhW4UB5yvNES5ARnzrmt2fnguY1bWUFVH9D8,1105,1000,1000,1000,true
1049,BoMjQMxDBwNUu2F4Ka75jBCyQ2aEdZXhHFV2dAWbBBYE,1084,1000,1000,1000,true
1049,DEdEdsq7evjY47XbmJxV4DbsQZEeNgdox8Mvt6VkGEct,1055,1000,1000,1000,true
1049,FpPxVRcBeEFtx5TaAs8DhSjxvW1UqKaRSGGPbatCZQrq,1002,1000,1000,1000,true
1049,5LwAatEtnDeECRAzaZHcEFBVf7Muibty9DeFCBVLdmF7,1101,1000,1000,1000,true
1049,4fmebscRbcVb7BA1Tt7AgaadsNqSzWU7myuL8QgRApuB,1041,1000,1000,1000,true
1049,7uZCLM3Csz9G7XJDeijV8dwD4vhvYnw1wK29VD5BbyGY,1097,1000,1000,1000,true
1049,EKAzmHKa6MTJith3aMbaZukvFZjnv65oMG1rufPSFr8,1073,1000,1000,1000,true
1049,UCshf5qhUGYuZxzz2yow3D8x7iueGtjFv5JdoV1pDjm,1038,1000,1000,1000,true
1049,w8RKfq9mxQkkkUAW26cyncVkXczaPACeA3dKVacP9ZH,1078,1000,1000,1000,true
1049,9kFee3Gy23TFLGaqWU8pW7CpcHZHtP9FNTjjr2bQRcie,1021,1000,1000,1000,true
1049,2zSkU5LLw8MBUuupATq7PH8rFJZQsSYJGDegYSNp5NE8,1096,1000,1000,1000,true
1049,28R4Q5JTP36bGss1yVjzJSXFWKzZ5Wy58443Q2e3dtNT,1071,1000,1000,1000,true
1049,G9L1kxWtZjAYQMR6YTPdeWZVgkCX38Dkzv5jTNrmFTFm,1033,1000,1000,1000,true
1049,AS2QwodVmS9YEUWgWgTyMSRQX2wRVJigw6Vav68KjraZ,1027,1000,1000,1000,true
1049,CLAX6FPYJuGQJFm9qGDG4dUTH3XNfgKh6Ew929PWDLad,1045,1000,1000,1000,true
1049,5626f9Td4ocWuhsg5hzDchhTWWNpyPharJnuKyGWP2M4,1037,1000,1000,1000,true
1049,FJpebLHVFogFdMTXcw4bEAgnqpVSN2iYrsKbyRL2FBHt,1067,1000,1000,1000,true
1049,FDXuRnT2NPHhmnCkhnosPy4cVwqHceJRG6bExexig7Cz,1070,1000,1000,1000,true
1049,FAZJRwZAmHE8izv7uFrxjiqfF6SjZt7YC6494wZp28uF,1065,1000,1000,1000,true
1049,EQVwMq7Wuh7SZGevCEANGAwPkbAprf99pwZpcZ1KcRg3,1054,1000,1000,1000,true
1049,D3jpCq6JmXQMZaZj5kY6uffmdvH7fH9vRZfXCEWFS92S,1046,1000,1000,1000,true
1049,AjS2YhaJLyYjpEfBgBBo79st2vjT71Lk5kXBe6VDPvX7,1024,1000,1000,1000,true
1049,4Hn3BdarsmQSc9KmShCwcX3yBVY5ST5EM2AhoySKMyQF,1051,1000,1000,1000,true
1049,8sXxdZe5MDgPvSq83Dggk1jDoFuh11X16C7esP9bnpfQ,1000,1000,1000,1000,true
1049,GQZYFLjEhaoR33oYCXtDXGgHex8r6w787R1NXdyWfBDS,1034,1000,1000,1000,true
1049,J3VCnGLpdpJXM2fJvoEtyLvY3xvu2e8b7zYmisnkhAT2,1004,1000,1000,1000,true
1049,CZhsqpT1wsRzvRsxiJyjYmYMsRDzFxrAsancBjNwdRZi,1063,1000,1000,1000,true
1049,4aSDewSnDqNzC8JRr5dumtSWtApHrH76CuSm3GJMqjqP,1033,1000,1000,1000,true
1049,3zAGTihCWnHjd7w8FmQNzNimb4w1PQqX8PpXwRNDCve1,1017,1000,1000,1000,true
1049,HiFexoSAbfJLNfiFBLfoybQJmtpyPpFqwopqByW653rP,1059,1000,1000,1000,true
1049,7EsX4FHNdV2zEH3pnqD6Ln33kmh9YcVfDmGv94L4zwfP,1023,1000,1000,1000,true
1049,4tGoZftvUPVoxnrnPXpWs3CBduiF1gB8x94rViVLYFgf,1040,1000,1000,1000,true
1049,91ALLeMu9J2mqLtKyN9VYfHJqZW1dsp69wgg146YKwNS,1053,1000,1000,1000,true
1049,DsVwzM1hosbJg1BAeGUQXKkbmicKf4wgbsQCTCv2s29R,1039,1000,1000,1000,true
1049,GDkUE4ojQeNMb5EF3upWCXByBfxgpzKY38eKLrLStGAL,1030,1000,1000,1000,true
1049,5Z9xeE7Sf27djBNsQ2UmTDkuBA3UCoDvuBwhkWFR2a8R,1026,1000,1000,1000,true
1049,GFhBxmzK6WbAoV6BHaLtcKFkQeK5f3aoUwFrBUjzSkip,1026,1000,1000,1000,true
1049,AHj5XJeWF61ELYc4wzZMv7BF3wQmQ2kfrs6M2zMCDivs,1020,1000,1000,1000,true
1049,56Sd1meG5dhTQKPMFEqZvT8V8KWqhxQENgSkK97B49dM,1013,1000,1000,1000,true
1049,9PsS6cmf3yjqKviJrFtnqPp2LePKAUi6eTAWHW7v7Jjy,1035,1000,1000,1000,true
1049,3CjyiaF9xWask1Hn1g53L9RjzHZgDdTLpFeggCiMo4Dn,1027,1000,1000,1000,true
1049,Fg4vmENbHLZ6ej61Cozotorkxf6fgcNW6bhxycwCdp1A,1019,1000,1000,1000,true
1049,pc2FatFiz1tBXT45wci2Y6YrMxnSCtdkf5ZCLKk2ZZH,1012,1000,1000,1000,true
1049,EA2aT8wqon5dDFWMKUSYAA1cJkVuQFJKCdhkrsyM9pzR,1032,1000,1000,1000,true
1049,6qzPGCmV2ctkfxcs5J64tp1zSgrGbzqyExjvetttJjur,1009,1000,1000,1000,true
1049,5pWmxR9EVadA8YKG2dB3JHEsTLkVGR8wWohQmoW4ckao,1022,1000,1000,1000,true
1049,8gdoeYVghA72PJPUAQaPnA787w9ftvWsTNaCRAJiJAV5,1022,1000,1000,1000,true
1049,AofK4mCNmLEkPJQVchKxHZxFU2wpvkL8XMdRMTye8W4C,1009,1000,1000,1000,true
1049,DryhWVmoLwGTkfG6uaKcqYuc9wa9sof2SA1RLpySBFFj,1016,1000,1000,1000,true
1049,4czTgt8uUe2h1n2MB2f8iKiJhMKCraw6EFsNc565usP2,1016,1000,1000,1000,true
1049,6ASf2wdEgKZLi56TbUUQ9t2EfMPcNwS3VBCnWMkD1ihU,1002,1000,1000,1000,true
1049,CCpDifkZxYQkaeZrLDebjPPSD5BzaYFZuxgQJkkkDAVe,1001,1000,1000,1000,true
1049,4YBorNdhiQURvJQoBVXGoz8L3vSF3RWUhLUDXBzDVPHF,1018,1000,1000,1000,true
1049,FPdigXTCLCWAYD7q8MivHXfse7YSjXmUTMgWpR4rwK6G,1010,1000,1000,1000,true
1049,6QFA2RYCnddxHKdngngCZvfoDMYGtxdVkmEis81MNjsW,1011,1000,1000,1000,true
1049,5KkXqNaPCFeqpbLiaPQHgq3ZPa975HyYJodXvXjyFPbN,1005,1000,1000,1000,true
1049,3JpYeAk8Zi89UWF7JNoSjiKSpEgtqGyBayAQ5dpvTHpJ,1002,1000,1000,1000,true
1049,4WNwQ5RWy2pPi1qpjqzfHCWmsuFnbXrWxJtimvAS7A8K,1010,1000,1000,1000,true
1049,Hx5fMqBjKj6K7QZ4ty4VQXUXrXPz5gNMsixrujk1Ly3j,1014,1000,1000,1000,true
1049,6D8sk8hiAPsN5pQJF8yhk5WZRtAe5QGYLE4He3ZiGSFC,1000,1000,1000,1000,true
1049,AaXLqqFS46iFnQ2uY2HdZqTBsDihQSGZahXijk9aFfpa,1003,1000,1000,1000,true
1049,84tawgKsXZfr2ULifC5C4YtqhH14XFgm7jhd6sKWZk3Q,1003,1000,1000,1000,true
1049,EAHSEPkowPMXAXVVtGkUDSAG1rMSQ3sXu6QL9A2K8Xky,1006,1000,1000,1000,true
1049,GNN586JzC2sxCVkaLjns5EYwB2T6HukdfFtVxPfby6Kz,1007,1000,1000,1000,true
1049,9HWpKBhQiaM1UYKE73QhnB9HbPbY7ec8ASzC7EL7ebEB,1007,1000,1000,1000,true
1049,AhEqbyyKwwAkpZDaQ6mrVb4kS7WwBC834uGK9rb1SHXW,1007,1000,1000,1000,true
1049,Ear8tEgEddHZJFXwfZ4B7sDQStWnndMRUYjCtYrsJufG,1000,1000,1000,1000,true
1053,HF3E8zpe9BieUPP1B5rfyT7AfUZez1J6ERo5veHwan5k,1144,1000,1000,1000,true
1053,GSSczF5yewN7ovKuyHYrqPgY7T3dUpqqP13tDUELDGyF,1165,1000,1000,1000,true
1053,73peuoZTdxk8MkwBwhrN96uX2pWf6ikDB2kXZycBQvqc,1049,1000,1000,1000,true
1053,q5CGToUR7JucYsp2AwQ9nfjbDjFSTAohtNkDBV9Hc3y,1143,1000,1000,1000,true
1053,8U4RmCB6dvuYKKxq5Mg8oM4FHyixM5oa9mrRP47N3fYx,1154,1000,1000,1000,true
1053,FSDxmjGEMsNvSLgACes9o51gnqJ3B6vpT88ebJ4jvfeP,1155,1000,1000,1000,true
1053,3UviHWfpGqNonQm6zUxio5FvGN2NoZqvgjNq2SfaPYEH,1043,1000,1000,1000,true
1053,38g8VUhKxRj8LVhHgps758cDWZSW1PejSAHsqA3wbZnJ,1069,1000,1000,1000,true
1053,9JoWUgnBkaWBFSaEE6ZWGVtUX7B9seYnbvajBydGqi5j,1008,1000,1000,1000,true
1053,Cq2fDP2kEZHVycya4Q8RMm8t2mbCBWoJCKiBvwWAKX2v,1175,1000,1000,1000,true
1053,8vY7qCKhse557pfZvHyFL41d2m5MRayK6fySRNBwbTxQ,1092,1000,1000,1000,true
1053,BMbDNsieLukki6wPKTZmGibmybHHhgjs4zDVM2uXeGzw,1015,1000,1000,1000,true
1053,7JKvNNp8pUG29Rxrt3UredG5GDh64djenhmQbA8XX32a,1164,1000,1000,1000,true
1053,9c8Ji6eaYZiZ21PSAzrGNkfnkRJTCEVUFJncDhFg9wre,1146,1000,1000,1000,true
1053,2JUKn3XYCpXrzifjrPYiznRRiLVCtX8eaP8gBmy9XU8A,1125,1000,1000,1000,true
1053,6AVFoNp7PPMTt2uBQSm4f9BSBkdAUr5MBPKjWsTiYGjB,1022,1000,1000,1000,true
1053,Ajor95CaWZqh4UGbji3FUsd2wCtcBNEr9RZxoSjDXrdd,1126,1000,1000,1000,true
1053,Ek3poyEzVYTdBxaxx91ZcVSiT4eAXTcrdeXwNf7dqQw1,1115,1000,1000,1000,true
1053,3ttH5Dnxu8rZDqXpTGMCkVyDhMHMPzrBg6e65N7iMGCU,1145,1000,1000,1000,true
1053,9uCPkoFFx7QpRnuqKUjmU5Dg53c2irEKVnRoyttbNqHt,1114,1000,1000,1000,true
1053,4cPGbLqgeq2f4rYUrFAHNLfLmTBXzEg7Cc4zNCfFNFWP,1127,1000,1000,1000,true
1053,GszR5ypq7ffUbYrbW5WwCSLzttMtXDohRR7E4khHsS3E,1091,1000,1000,1000,true
1053,AHzJZ7vaL5rx5UNZm43NhrCHVxKzndvKEprHzh7V9ozw,1060,1000,1000,1000,true
1053,8WGJaQiKqQuzVDkRYsGYFpeXzQoPJDkR2AhRRoGdNxpP,1112,1000,1000,1000,true
1053,EVdvnWgx33wCorAf6apzYgFr6E81Vopctp1qnpv6uD6y,1079,1000,1000,1000,true
1053,2qtFUMrZ2uwDYvkoASd9Lh6VXFmZQgpTsfF9MXEWfiJo,1124,1000,1000,1000,true
1053,CT2Jk7ymSYtcAWGFsx8YYBeFpN4ewVZaCu7HzFQxySCt,1113,1000,1000,1000,true
1053,CExVttz9kqb5wFGoTmW1kixrERmEtKBRPEFLnZiTtmVA,1012,1000,1000,1000,true
1053,7EuKmw9K1z8tBdXMXSq9M5z8RhDQqwWuBWA91x79Lb5y,1086,1000,1000,1000,true
1053,28LJbB29x7TwW3Qts3fxxCQjt7JYpFkTzezFtRKEc3DC,1094,1000,1000,1000,true
1053,ARQ1gdwxzRfdizffcW5cbpMcFXN6wzYsP7uGjUELz8kp,1087,1000,1000,1000,true
1053,BwQWrhCwjDCQHKh9dEtwbfZTUA7DFSFn6xi81FjqHDkK,1055,1000,1000,1000,true
1053,424nXPSsN8F8gXQs5WcpNjP4xBJ3uUHRtRHEcGCU1iCV,1062,1000,1000,1000,true
1053,2PLtab1LxumdGBTRNp72opvUJk9unSoxpTHQ5KziK9C3,1081,1000,1000,1000,true
1053,HHspbaHCA3i6xTMLthktSihS3zwnuwEjf7qxx3VcLonf,1101,1000,1000,1000,true
1053,F5ArdBoFsxmftXDcTszhRZ4oiZTJQPJjCFsFMjLGEEEV,1016,1000,1000,1000,true
1053,56rF1BUL6ZNzXoydTimJaqpvNmQAwX9iVp6x5k8AC9nv,1066,1000,1000,1000,true
1053,CVsr6XSCtmMWL2T5enhnFqJ4ZtNtxGu1hpeBg7Ak8Zj3,1067,1000,1000,1000,true
1053,HAjNZT1jbMLuyGrsM1EygfsS95FLbvLcA6KSUafVgKA4,1050,1000,1000,1000,true
1053,GairLguoECh1P5ZozrTcj4AoUvpGqfZzLFEtgUE2yVe9,1082,1000,1000,1000,true
1053,6mLDrihZwP4RRBS8NffRPZfx1tQWXWrDEJtnFdPnNmcN,1011,1000,1000,1000,true
1053,C7agT7wxvVFP4vj3DtPnQnLQLtZafagYEJC5cYPUoetF,1058,1000,1000,1000,true
1053,BpohzdNyAaJr2apsH73qagwJ3Ro883f1fYv1xSa9ZeYD,1093,1000,1000,1000,true
1053,4rRXmJv8hDi3y5EytkYNsPXsvRM26pDLuEM9y21Q5nqL,1042,1000,1000,1000,true
1053,86R1ZXZfqQjGGjJeqG927jT8haX3b6qDU1eRUSGWFEXY,1080,1000,1000,1000,true
1053,9CBw7jTFuvzGLzmqv3mfpbicyZvevHr4dTGQwZ8Hi5LE,1070,1000,1000,1000,true
1053,4zHuoryaEdfrXyTdEEjsdRssSpBC18QWWpf1rUES1sHY,1065,1000,1000,1000,true
1053,HTW9pVm587E213CZ4YtHESMysQsR5rFykqLN5RjJ3bpK,1068,1000,1000,1000,true
1053,AxCZ4xgRPAQKidJEhyhQ69tGdqNgxZdfPvoQFa53GdBR,1051,1000,1000,1000,true
1053,HdeaPgXJ769EENfZpfca6RDSDKEQweeBrndxvn1cXwUM,1059,1000,1000,1000,true
1053,HL9smtXaqxwmfDgUS2Gi4Gmoo7qJyMr4kRZ3oFk4ACgf,1056,1000,1000,1000,true
1053,Em1vq8uqSf4hFpSq7uLnNny5fGM6yJ2kwgi3WLPAXQrc,1039,1000,1000,1000,true
1053,8YTUcbZ4t5BQw8MVayiiridjrXSWoS1GgJmH78aUZfSa,1057,1000,1000,1000,true
1053,FwLD972GNMCMAJNJ4cFQunzMQNnQGUR5TaT1ZWeQhNqi,1054,1000,1000,1000,true
1053,5kN5YSnjSb6Ta4CYPXJ285XAbXLGGaeNkTFfYCJXZeMa,1047,1000,1000,1000,true
1053,6jurJKZTKykFRMDMXpkf6JMj7Am4dZsApMcJnfn3GqdP,1034,1000,1000,1000,true
1053,GLDUGceArLGoyvWA7uPiBqsEMGo3NfAsb1B5vo2toJgx,1053,1000,1000,1000,true
1053,waLACqyrVyjHVQxH4WxZewV87GXFbVbZrTvs9WJ1MkC,1021,1000,1000,1000,true
1053,5hoVeZ4vey7frXuFTPx3TRR5s5UDGvcSzoLh23bLbhZw,1033,1000,1000,1000,true
1053,7oKK9WWLJdYGMFpusc184j2YtsvcdhkaysEYxUwVBiCL,1061,1000,1000,1000,true
1053,HnELZyEUWNDRastfw8wg6suUtWKEPh38kguCuywZzrVK,1048,1000,1000,1000,true
1053,Bp16g4f5obqoeaeeGpjfSRcoa4SVfhJmxhymxfpvSn6k,1040,1000,1000,1000,true
1053,4c2HZuwB8nZ3LpwJW1f6xqMFb3jCDWSxnHgYsw7B6k8y,1024,1000,1000,1000,true
1053,8yiQKZuUDoksMJnYmuH82wTStQVhcnJVcoUPPSJdyoxn,1044,1000,1000,1000,true
1053,FBXZFRNMNmc4cVunbCGeBS3EftwSZo2x8wUfgsygy5St,1041,1000,1000,1000,true
1053,6p58PucKVdUcMscqauxHLobAr53nuamwVUDaQ5qQNjzS,1026,1000,1000,1000,true
1053,8dWQXVwYddooAivUH59VKtoA8GWUnUeod92JL1WqpFDs,1052,1000,1000,1000,true
1053,6Hqcqxj3xGJfAYH51gWaRXHuwZjLtrFZUgbtFfW7DZoq,1046,1000,1000,1000,true
1053,2tCgoaNAyijZrQnA9FxgqRvZgiaXHrf6MCNh2ANwhBJL,1032,1000,1000,1000,true
1053,6Qv8ZdFRcZePGFe9pgoBhA9fF5hAgDoB9rMmuacLRP5,1038,1000,1000,1000,true
1053,6JA5ufppNKeYyEdD6kpLsPWNumSuuijTZGJiFYw7uoUH,1045,1000,1000,1000,true
1053,Cm7piVbb2VhSs5zSgmry4SFVF7dqbKpryPCVDN9ydUw3,1037,1000,1000,1000,true
1053,7fybCztX8n1hFs6uXwbMVYtqd3WzreaLXQbVwvfeSYmk,1013,1000,1000,1000,true
1053,HLH9Lqo2N3r4JcdDJSwrXb4hSBN7LzDAR5nN9Czf8zyb,1017,1000,1000,1000,true
1053,F2QeLUKXDo8TVDDGomjyooiAEFQfKz1RZjp29JtkLQSc,1030,1000,1000,1000,true
1053,HC1hDNFNCVEiWenbfwGzr78RAH5bdXRPxuzGbvF8V87x,1005,1000,1000,1000,true
1053,CkbHEq7srhofVffd4SKFhsYnzdk5cYUX9abfu2fW2Wsq,1035,1000,1000,1000,true
1053,CBiVhGr2ZYZSzU6cJxg5Rvm1PTXHnqbxzcfj8VRTYnCz,1036,1000,1000,1000,true
1053,XUM4agzWFQXNHa9e8JCEyND7sp34qn1T5Rze5XFr3bi,1009,1000,1000,1000,true
1053,GB3hDsRDmtsQVCxjzEZ51PNmpZZv8WQag8bLMeYeS8yJ,1031,1000,1000,1000,true
1053,iY6DqH3ak6rCgW8onH1dJZQKDiBFCH1tfR5N6Emhzs4,1020,1000,1000,1000,true
1053,r8VQFwAF3nHhWRmz2Su3VnAWwxY9BBDTcs3FPHwiwDj,1025,1000,1000,1000,true
1053,32REr5aZv2k6BTkA6aWXmtdWi2EXTdzA92k4bPuEUiA9,1027,1000,1000,1000,true
1053,BbNrcdTMBobba1ndweBhNvPBYbAyh7YtditPyhxJHo65,1019,1000,1000,1000,true
1053,CRGioHKwbyXUeRWp91RLcb9C7pdwum1haarcxit19ssV,1001,1000,1000,1000,true
1053,5gtXuJehGNKHYsLkpCDKxJfDgGV8afpgucEbjtmJGpAc,1028,1000,1000,1000,true
1053,B92U1RxjCbVCpXTrQxHtQbNFeXShdN9rAWQbDaWruiSv,1023,1000,1000,1000,true
1053,5d38UtdCmPNVCYXrkGQAwRnJT8VBurGjbApntEXiftr6,1000,1000,1000,1000,true
1053,3s8uY6xBxf5WQtf8fcU2gHw8RpuNDBFTQ26u8nnxKy7h,1002,1000,1000,1000,true
1053,9Dqhk2GLn2CDinExEKQUh3J2AwSPYcJdnWEmMLCESPNx,1007,1000,1000,1000,true
1053,96wj3jSvFH2hqMLnzGfUjSZUcoE9MACwDHL9rJpApkQk,1018,1000,1000,1000,true
1053,4SHAX5pszkfc5jXspE4KYtoDSHfhdtGYg9TLaq1cbfeD,1010,1000,1000,1000,true
1053,BLeKqaUQi8VYhJhJWwq8gmu4y8yeRi19KeBb7C98nCRh,1014,1000,1000,1000,true
1053,8XB4Cz9DKXf45XDL19vNUDdxgbE2kpxnj4ZsbPqWeT2v,1006,1000,1000,1000,true
1054,HdM1sGnewChkqQqD3gtammwucm7zpJQA3nhGLeLAeSqv,1166,1000,1000,1000,true
1054,CXJsGcVK8s1JEfxSx5TcypM51wVRAhyGKhAsyB36KwXq,1150,1000,1000,1000,true
1054,AoiDbDf3jWpj64yZgmD4gKp72uja8RahyckGU9RoXZtL,1147,1000,1000,1000,true
1054,91e9qmfU38i1ozVdUcJ6x3uw8qtMhB6KCjLCrqtV3TnV,1156,1000,1000,1000,true
1054,5yShd3HVZ938sHFET8MpesWMjck9HWcixTEvRQHFoN84,1004,1000,1000,1000,true
1054,4vUaFRHa3LHs96KiQWcGgL4Jud3jJpf3ijxyqZ6AVjqq,1003,1000,1000,1000,true
1054,8LczRnywR9ypKKvxek35dYqnSMbdMcaNEtvFEqU3C5QP,1128,1000,1000,1000,true
1054,ATKJhWs8dZLxamHRS6WvqWWwroXHaCw9DFYm2Ti8dL2w,1116,1000,1000,1000,true
1058,GCNL8iCCJhuSVzVV2BiT9gPSvbCseMdffwhUYVmQU2BR,1114,1000,1000,1000,true
1058,D2Fjr4qUd5yxoBEWiHVsBera83o74nzGNtuSFSaGgntd,1157,1000,1000,1000,true
1058,6Q7pgz5wz9mZJikmfdyHxo7M4ycRnaNCESzuqiZLMa3Z,1098,1000,1000,1000,true
1058,GTn25PcD4JSjyrgbK89HWPskWLgXXTgnSyYvmSuJxVRV,1047,1000,1000,1000,true
1058,FmwgsKDjZ8Pn8ZmvLjouE6FB1XMEpgb2RDyDb4ydEJdC,1074,1000,1000,1000,true
1058,FpwjYP4c2tdLpRWXz7N3USsrSbNmgcDaMAcKqeJVDk6q,1218,1000,1000,1000,true
1058,CG5weehc9ieuvP2SvVdgQj1TFKANMyazru2TraTSrAc4,1164,1000,1000,1000,true
1058,CpskmUi8rYU6FyWzPJFYMp68KhCoQLCtF5NLGMEZ8fvG,1064,1000,1000,1000,true
1058,8nDDzSqr3Cwu5Am5nxhYNXThvEhNN5ECvA1CwmmdwdnN,1200,1000,1000,1000,true
1058,8pSm6ycM9BMqiHh3CSBsfpRmkkpWbogtfLsNc68aXwAN,1199,1000,1000,1000,true
1058,cWkGtR9HpBkRYSZc4PXW5o8n5EXJcyYAYaW25BMHtyR,1166,1000,1000,1000,true
1058,6tuu6NMHdRQ2sY3wwLwmYTFR9j1QWQ5rJMwqyL7FjmgN,1168,1000,1000,1000,true
1058,6S7C6E8ctGPY6WKv5Cp7RugaZniUou8StniBQL3D8153,1155,1000,1000,1000,true
1058,DtdAQVjLRtZSsfLygKjSkf8wpgbP49sALRLQT8Dk2PPS,1091,1000,1000,1000,true
1058,Y6tKjdSuj9sJbsN5Y7TPdzctqbay5uGj7ReexVGnAAZ,1167,1000,1000,1000,true
1058,JAsrPfkiKRdqD3Lokmi9Q4yAzkCQacsrDqCd1c5EgaRU,1167,1000,1000,1000,true
1058,9qDUJea8WhFQhSSDsEniqXT7Zp9ncWKiRow6Q7T4bGtJ,1120,1000,1000,1000,true
1058,3m7itVE3PF1qUpK8L2YMnYV5RtZ9gyj41Ju7zXHHgSzf,1184,1000,1000,1000,true
1058,937WKim5ep71Q5KGYiEjKrHESQkYye7TZrQg7eSoY8F1,1151,1000,1000,1000,true
1058,EzSvQ63G3UjdhNSFod5qCjopnuEfpyqUVE85U2eMsihW,1118,1000,1000,1000,true
1058,DqVQ2rst3HdNcmHKR6YU65vWpkwpkyAKZySH5tEQyo74,1144,1000,1000,1000,true
1058,8VAPuPVmMNNiqEX2FdSvTjCgHJry4m88SzyQcohXtK7L,1165,1000,1000,1000,true
1058,3JihxMkzjM1hMurHGWaRTJZDU2KZtxdbUr3GJDHhucqJ,1162,1000,1000,1000,true
1058,EhLQ6fvwg9qg2cVodg521BpJTBb3LTBpeFZSrBuP8CCv,1160,1000,1000,1000,true
1058,BkyrBS9NZLCdVNYcBZw2Dwsj9Fg88WEBGcQY955hu32c,1158,1000,1000,1000,true
1058,9JCrqf1af2HtKuYGYksaojrVPLkXZaL47PvUAXU6YuDS,1183,1000,1000,1000,true
1058,GwaTjPJUTUBtG88dbBqv6QAxZ1GKMP3g34XbZw5Bu618,1163,1000,1000,1000,true
1058,6GpuC2FHtV1WeaeSZdpDUZxoS5WSgSc1p7jAhCpArbYv,1161,1000,1000,1000,true
1058,5tHsLMDhJHCHT6FaR5qfRz2MRsRWZ86ut7KZXp6dYegH,1057,1000,1000,1000,true
1058,YLDtWvaCcDBNQLFu4dnwywjiTsBTrqKuhiAkKA2REe2,1108,1000,1000,1000,true
1058,CQiKykQ6Y592iaJ5B1ddWG5KSi32PpmZCo92MuwGaAD3,1145,1000,1000,1000,true
1058,H1kqCbVqr8SoSyLSgnVWBYvbMbXkqSUcwiHA34917kNe,1139,1000,1000,1000,true
1058,BrRqjDHuTSf3tepUWHGfGGXxoahPwKPihDpYUsUg1Gsq,1139,1000,1000,1000,true
1058,4abeJLcQ1Ay8aS6uYg1wq6N4uPxcsiGMNez2GZfMavxj,1143,1000,1000,1000,true
1058,68Ykn73KW6CXo15ojgECL2czkxRP5V2rsiqZbsqst4ds,1036,1000,1000,1000,true
1058,5RWwxc4vpbw4tqpf7xd884tikziCxpGXbgPjZqsiXmyf,1099,1000,1000,1000,true
1058,MS4e4Eeyp7XJ3WAXUCsXhyKEv3NhWcnQSamiudkUG3q,1112,1000,1000,1000,true
1058,Amso8LALtpXoae5iz9fdDdxF8ANGXrT95KyUH7kgscsz,1159,1000,1000,1000,true
1058,HKWukE5NQTajrTQifgyw2i18q1vALbN6RbyRRjjDHQuA,1154,1000,1000,1000,true
1058,EwJyCGCbJq8D3RKzeNkdPx1FtjC9BLew5doJtQZQcXmC,1156,1000,1000,1000,true
1058,A8Ang2Z44pKq1UR1deFt4bRScHw9UmFQ2UNCZsKAZi4m,1156,1000,1000,1000,true
1058,2qBZpgiVPEFSLTNQ7LhPAvQpRL47jt9jSgVHktFLTDkq,1082,1000,1000,1000,true
1058,FS73R8gom4XctBXwZWdy8VpQbECWRoZxUs8mnzQqKRFc,1142,1000,1000,1000,true
1058,7HCPnQwNAg7EQUqzpgWBpoW8aHzv5pX1Yqed721aXZBf,1132,1000,1000,1000,true
1058,EWowZBas2tKVHSMY8ny4kPWJFV4ULwmguHbSn5GKyDvF,1138,1000,1000,1000,true
1058,6GpAQFgVEkDrEqn2WtA6JenoftWchqBFVbpmUtBn9jNq,1153,1000,1000,1000,true
1058,HfgJq8MqXyNf3xM4HfBpiQbNjBAebmgqWPiemwpboWag,1132,1000,1000,1000,true
1058,GS5E899DuZMhRna4Nvac4Etw39PoxqmAKNiZkHLwKD5w,1079,1000,1000,1000,true
1058,3wNZbq4npuApRCj5Us1B9VLSbVHNKPFzvFRHgP6ZHUP5,1090,1000,1000,1000,true
1058,DZZBxMJgeuvcfR8ULnmhZ1EbLZ9sTgYhvPFp49dNRMYg,1152,1000,1000,1000,true
1058,3gzcerDm4cdeZSudEGQWP6T5UTSpGLcjd2tzcbahs2Ro,1146,1000,1000,1000,true
1058,3dH7MCGXcvkhnRaTJJBuUi3xHgUGCuobeeD97sFJNtLj,1135,1000,1000,1000,true
1058,3n4ov2rdYA6Kmrr6p1JhckzR1Wh2VypopSQFKrntGCwH,1148,1000,1000,1000,true
1058,9D98oCEK2CZYxDmp7t8SBo7MN1HjhjHbBWoMuDSSc7nP,1062,1000,1000,1000,true
1058,8vrtdqEcJD6JVVjhGYBVs6gyKhaLjioq234jTqELAeuZ,1081,1000,1000,1000,true
1058,CfB52TXG5Qaa9Usdu4caHNeuLJfr4HxD1SyfDWmcxv4h,1140,1000,1000,1000,true
1058,9dosmxxJWp1rEX1R1inAuR2mPDk2QtQYGu4yksqG2kJH,1140,1000,1000,1000,true
1058,BiJLXU89X8eJLX3oLHTvUvj7Z1XR6bMk9qT9qFeJBa88,1147,1000,1000,1000,true
1058,CDVXefwVvtrcCecDVeZokEi2H7PVSWiVW1SCYQ9UCewc,1134,1000,1000,1000,true
1058,GsDuAj6pa7S7HTkzNd5aSkduDmcrcjgauT8AuF1Berd9,1029,1000,1000,1000,true
1058,7Ss9yyYZPBKSGWa4RnF7yTj91qG99zCXcaCWYWKMXk21,1147,1000,1000,1000,true
1058,DLcm2cv3ubjcKZbudU5mW6NV5bHrpUGWSpufucNJi126,1130,1000,1000,1000,true
1058,HJcZsjHahj6qBsvcFyPMiReXpCUFEwTmHtwmvi34qphY,1133,1000,1000,1000,true
1058,GQkMU4Ecvu3T5rqu6xnQ1fRL4bY66UVL68ygsirE7Shx,1058,1000,1000,1000,true
1058,BRjQb14haBfGXe1HTwRR52EhHinTiAnKddcFSTYabhtf,1111,1000,1000,1000,true
1058,HgHNdGgAQ8ZwYJVxeb7W8QdFkh1s9phdtsgWQhPBmxB7,1122,1000,1000,1000,true
1058,3kwcsGtMPJNRhbmrq5H8VfaKw6WLAEwMh1YgMy1ECVAs,1129,1000,1000,1000,true
1058,8VAFtmXd7pVb1w5536guumkAXxMUUKBPrt6SrieeFzdM,1125,1000,1000,1000,true
1058,5irhvHvHvZpzqRX2LTcodfqUxXVmASfXPqE3ANwEWjC,1117,1000,1000,1000,true
1058,Dpm1jpRSWALcTWKygT4Vw7NNZoj2XMvjA3miSjfTtXM7,1146,1000,1000,1000,true
1058,9EeY8bSFE7Xcicgvpxfhm1M93UnWMCWfjTJYdHMmwaxN,1141,1000,1000,1000,true
1058,29FH5vQvg4pFB5qPNcsUQUSCr6a1PG3P37KS1mvFRhwv,1141,1000,1000,1000,true
1058,7Q7onuBEaYgdBUmXmCDEBXdPrDzjbeU6qBCNeyfVkK1E,1008,1000,1000,1000,true
1058,J4m3bdaoqKQv7sqFJ4gDMFEjsHFSMYE3hB5xNjuyn8mm,1043,1000,1000,1000,true
1058,Afz7ERmGikmFWFGjQYWooMFqEdrDeABSVzXmZZaBRDJw,1115,1000,1000,1000,true
1058,HCgpBF1WkgzRAujf39t8JWCMkyMuztPrzw8ea3YAKZ6W,1102,1000,1000,1000,true
1058,4hNRTWyeVfca5aFX69fBNEDoMb6aZsTs9AgAjXgkbE4u,1131,1000,1000,1000,true
1058,GfG3kcotRLGyM9z1gMUByDr66xPQCLDRrCnkqKMBT8aH,1113,1000,1000,1000,true
1058,8KhE3Xns6v9C5cV2c1pPksdnaPRmpy38ZXyQAHWhCTEq,1121,1000,1000,1000,true
1058,BKarGPePazTL1b61QYGzAEFr79zQj5VGu3gzdFd4i3sb,1110,1000,1000,1000,true
1058,3CuZZBWJbtxxt7owmMe2X8w1h1h8S6BLS5hknAC8yZnZ,1123,1000,1000,1000,true
1058,8QCAfcqkuYuDvuczfTQqYQAfpNits7PNsSgZY3NWsV2s,1048,1000,1000,1000,true
1058,EyDSwtsu74ms3aNMovQXCUf5uQXShM7SvyqTzhCZdoht,1048,1000,1000,1000,true
1058,AopCrebeErxbVBGpUgFTMAXbumXufs4DLUTbizvULMr2,1117,1000,1000,1000,true
1058,2PJEqjoM7HyqzsyhjZguBnPk2AzStpzqpdesfzDiz3cf,1077,1000,1000,1000,true
1058,2N7N4VzSP7vdzkSko9DPYFNjJJdbnPN545WizGXyhLBr,1127,1000,1000,1000,true
1058,FpaHni7AS6P2nRqW4f3XDA9eMLgAfYAKZchEz88k8Vtj,1109,1000,1000,1000,true
1058,9kGuTuhaaAcdtxycfBVV9nuqYowiyYrti9cPGMqmzmsM,1036,1000,1000,1000,true
1058,F89waFfrR87insXTRAPFmetUW6F6yx7bbdHqBJEvB3Gy,1072,1000,1000,1000,true
1058,BrsWUJ1Zq2YppUjr7eWZxK83NXo2sMNHBEBnVhHN4mge,1055,1000,1000,1000,true
1058,2qNZPN17EgWQBtKtkC7Uo4Ds5cXDt1cGXDmdW2F8j5LM,1136,1000,1000,1000,true
1058,AX7XWkAnd65nzBC5WpkfvQ37ghRzfL21t3gizsAPr66G,1136,1000,1000,1000,true
1058,4wnrG1g9XTr6jecV3Hk24odQY3P7JRHnqUY8rEY9hTK9,1107,1000,1000,1000,true
1058,7jnuSxupQRhAZeuADXnhdZsAV86PaiokUEVFnn2n8ZE7,1119,1000,1000,1000,true
1058,2CLFur53MufghhiELwdRDpHrH9v2iH7bx4DPjigyFUSK,1043,1000,1000,1000,true
1058,CFivk29EoiwKHeqCC2y67gPWgA7jv6zQKZevx5Bc7smM,1124,1000,1000,1000,true
1058,GTdS85whd1erqvfekGoqDZcc95KLLke1qng4Y8QBwhwX,1094,1000,1000,1000,true
1058,Fy3TjETofu2HDkCQqPRVXNMUmUmsnrrkkfhGn1hR3cnQ,1103,1000,1000,1000,true
1058,HSkURkXukDyD7TVjW3FbBpGMjuE2q3ZX1rz6ggYP7iG4,1116,1000,1000,1000,true
1058,EeqS12wAFQPWXAPTGxa25o7P2BSj26vXjdNGUiAJnjwU,1011,1000,1000,1000,true
1058,5etQs3FPtTLiTohmFA6rvjrUttkFBTFqYNryDBLCxX9f,1104,1000,1000,1000,true
1058,ErZ5bEaXfH1uhzFHmqLHnYQyj5BZikSxFrBAwZxkscE4,1104,1000,1000,1000,true
1058,7zH9eaLV8m3SJJhkFGk4KvTdG1QcGP7MK1vu7pRqvK4j,1089,1000,1000,1000,true
1058,3YS5B1FQwHSRqFroZmcEe5N2Ba7KRKGScveQ242Bnvjq,1075,1000,1000,1000,true
1058,9RNGr73Zk2SfNvaq9NQRtBF2cPXfrVhYnnpdYY8REVHg,1128,1000,1000,1000,true
1058,4urfLhMzpZ9geLR1Mqx5rGFDuNhoUnbZtpN6dmx9nLS3,1071,1000,1000,1000,true
1058,GmrezQ1v4us6R9JnMPXB5GWXSxGqbwG4sC2yu9behZNP,1126,1000,1000,1000,true
1058,HxapAPXXHjaheSkN6riKJfaktwJoKPtTr9UpadjzmADo,1106,1000,1000,1000,true
1058,4wcWmzT5U7p7dw4kno4F5NScFQXgFt7zSfb2Mya3z28u,1088,1000,1000,1000,true
1058,BDJSmgmWDuuTATpTnu368NogwEcLCbzGgGFkmdVTpnew,1032,1000,1000,1000,true
1058,CLecyyJo6RpgShZQbP8SMyBUpMDfzUxvATtue8wCEQKr,1105,1000,1000,1000,true
1058,Chan2WQFcyitWYa1rMBGc3cGd3QPKTcshykJTgtMhinW,1105,1000,1000,1000,true
1058,EZ1VyCss1DtW1oRMEgQwAoQARSAptGHXk6xhco7sWXcd,1053,1000,1000,1000,true
1058,H7cW6nYLQ9Rd7MgFqn1hDtRzSqRQjzTqjsHTGQmbJYfg,1095,1000,1000,1000,true
1058,SDAsC48FuLHmbY5Tp8XRomLvELeFhYcTsQrnNMiEk8t,1095,1000,1000,1000,true
1058,65MZj4avwMJ2zRTQVRJbcMcs7k2sCEaeNGZuzPY8ps4x,1069,1000,1000,1000,true
1058,3gx8o9MjgZyVyQUeTtwTtCHuGMPuQoUd2VMCLGQs6kZ4,1024,1000,1000,1000,true
1058,6nHjbJK9VuztMFpj1sqGBGkm26vBC4kq3YoHD7KCYm8e,1051,1000,1000,1000,true
1058,5k647c4n1wAkmDCeBChr8vjZzBWp4cALv1CjxK8WLsei,1092,1000,1000,1000,true
1058,4VnAo6EijWRH45RG8hmiYQHSe6SN5vio9RsQKEooSJrv,1101,1000,1000,1000,true
1058,4NuFgNEpoP2ucMGwQfyUjzXEiDjJe3zQvDzgySzy5wY3,1097,1000,1000,1000,true
1058,33qUiE85ur95kqfecGbP8AKWEvXhBaHfBJvhvmBWrvPk,1086,1000,1000,1000,true
1058,71cfZgjyWCPD6LgjRUE8voPpoQ61LX6u9YJkLrvxaKx8,1060,1000,1000,1000,true
1058,9zuJTq42cnuvhXFk3pKaQLomdhB6FedwpMBkgZbwc7qQ,1100,1000,1000,1000,true
1058,2Nqw8rJYdbVA6yeLHETUnfWDvXNvFnLiiAxgqSiFAQno,1050,1000,1000,1000,true
1058,G3NXHjNpqhj2esLgnJZ6GfeApJLoWe1XitMkKeKf74cF,1046,1000,1000,1000,true
1058,7UzdFcj1duck55VhgsF4DLY76Wcp8TDq5tHC7abuT1zk,1087,1000,1000,1000,true
1058,6zrdETDfdHkhciZRMq76KSaxiT9jgAtu2amRSpLoCeTM,1061,1000,1000,1000,true
1058,Eu5qSAuK4CsnRFqZLQjuL7x8QjguSbqwyHPMkwdhdX8L,1076,1000,1000,1000,true
1058,B1i8PoQnvLwfiQQetPuRtS2bFHLkLGzemuLBdRkf6MnS,1096,1000,1000,1000,true
1058,4Khv687TEvKKTJsZrEnh2UxEga4C6FjNgergcGRy3jhb,1085,1000,1000,1000,true
1058,HVxAibwNc1WvnE8ZoBzCjxz1HmiDUB5XUWSWVtm1NEC3,1044,1000,1000,1000,true
1058,J7yMJNpRAAc84vN5gC9rLhNogCoHcrRPmxsGtKEC42ur,1041,1000,1000,1000,true
1058,2x6AYcajTTmPe6neujWCQ5ArxS2Tjiu5m4tJvxTgeowE,1084,1000,1000,1000,true
1058,E9gFbjJddfD271xojqTQX8McfR5Zv1wE3eDnfmyunMGz,1016,1000,1000,1000,true
1058,HGty4LuDviy4MBw6FSnPJSpRUhWLa28se3eBxRfu54V1,1093,1000,1000,1000,true
1058,6vGAkhi8iWkTRuePeWogo7L3xB1uYuRav1vjNJdWtuzD,1068,1000,1000,1000,true
1058,27exYisMsgBChpVWqKgTpRNMX9P7j4pKExpXG8fd5kSG,1051,1000,1000,1000,true
1058,28c1EAP225X7exetEjNoLjkCUj1KtJ2sXzHxLcxqJwE5,1025,1000,1000,1000,true
1058,CtwL8d5cHvQ6D2jpR5VjwAUnDKB1w2WBYk3dmK67Tg8F,1088,1000,1000,1000,true
1058,75nWUPj5G5dNUSfFhNp7io5gWKLWLcgQTWSGq3Bdz5Cj,1071,1000,1000,1000,true
1058,H2enmnDYrJNhLZRbx85sSADTNJF1ubxztvscdTb6ejvs,1078,1000,1000,1000,true
1058,8dFSC91EfHrd1fc6SUm718EJJQYRtJCbLVv2digvFLps,1047,1000,1000,1000,true
1058,HKMLuVhcVnBK6JXWSTVeM9gPGvps7JiRw5jwFnoynGss,1031,1000,1000,1000,true
1058,Dgu2XzZ5HDCTNrBWfMLHGNL9tbTZZf5LQW9wvpZCMFhA,1031,1000,1000,1000,true
1058,7b4PSydB5PDsifxmSDcKqKrhksnSaLbxTiwUAC7tufkv,1050,1000,1000,1000,true
1058,HNqFyJpq9B5pJEkveqXJ3H7ibQ9F1YScwXZcd3EJRkSr,1042,1000,1000,1000,true
1058,CY2UJwnUUzimqtz7MUkXspMwUGUbwSqwsJVx3yqmn99U,1042,1000,1000,1000,true
1058,9azBLKSmDrjPV48o1bZqwrD5NrADFKEfHs4pmarWTfGv,1067,1000,1000,1000,true
1058,BntWmLX1Y7KJcH863fxQ1DFQ94SSi3ZBfxNdXTgtwpHp,1044,1000,1000,1000,true
1058,DDkEsrJyWSzH28QHHTUNUS7oStKmVH8PgFukYFg94Td1,1083,1000,1000,1000,true
1058,6PZubHgtgWtBCEznggYJPefSY4oyivpXToq9eUNpztsr,1083,1000,1000,1000,true
1058,2oiJUt3ie3HmTS9h7MKe9egjdtLT5piZgDomA6Y41ybd,1080,1000,1000,1000,true
1058,AThkX7vSwFLS4nmdjRcKjda9KcMnqBWQa1hFf2br3E4e,1054,1000,1000,1000,true
1058,2LbwLSZVK4FmS8MCeHaGERzaVAP5fqBRkNAjR5Q4pwwS,1022,1000,1000,1000,true
1058,7m9d3htShnNtqgtDLWKwUTC4hP6wJx8mdXVACR3Fzur2,1025,1000,1000,1000,true
1058,5kqDcJBwZfyRH8ytN72uE5cVkPQTfAz612PAq82gkKkt,1066,1000,1000,1000,true
1058,GsuB4xk7kLnpasvbjDRB1x9SEXehwVC4uFw45VhvUAco,1063,1000,1000,1000,true
1058,2vsCxiGwyoMKZQn6HrxRT13wJn8SffSxWLkYg67kaCsg,1063,1000,1000,1000,true
1058,5766FA82F4Yu9w4oHrjcH3CqTstFRx6SSRzg6SJDZU2b,1041,1000,1000,1000,true
1058,AnR4QRft4vDVPDKzdDRN2yLpgZzFeLtvNrXMbra8j6MV,1073,1000,1000,1000,true
1058,6ow2mYEHsoLBySLnDALEn8tFfcr2rBc4nxfBuJjKEnmf,1070,1000,1000,1000,true
1058,735ChgHGm6L2AagAbGnAhmXdMdcnK8zZxJuzCUAhajPf,1015,1000,1000,1000,true
1058,8sfomDcFF35n8TnN555rNKCRLrpZGbG81vzg9qeTTjb2,1034,1000,1000,1000,true
1058,Dkq4fPh2YbZm2jH4kNAak1iAmmB7N9tYNMQE76LWcqF,1024,1000,1000,1000,true
1058,7wMvsTCKkttzSAbFTTnTRZcpgjNgvApjajLoPMt2tZM3,1065,1000,1000,1000,true
1058,4ixEUkAYsQmMuqcVKiGfzrCxN9Ma9D1uS3B1KfsdpMfj,1015,1000,1000,1000,true
1058,ATUg12W3DuxC69EjauW5nhAnS3zDn7WWAWfGkTrnfCZp,1052,1000,1000,1000,true
1058,8PWoxsb4CVgn4vmSFRyj1xfPoEG5cQ6bKEcFGj1WPXkv,1039,1000,1000,1000,true
1058,91DN7kGNzpEnT9rWUYTAcF1gh5avn2yAgLZXMFs1i1N3,1039,1000,1000,1000,true
1058,QFRHrph1sjuKvHugpiBZUfYoXs5SK1edp6h6B2uC7f5,1029,1000,1000,1000,true
1058,DaJ7o6fsUMzkRoSczpXyMirisvqENguBr3tS2W6Ut7fk,1029,1000,1000,1000,true
1058,GsLsjDQa8REXzJmu1mPvjmxXbeKUD5vapGcHYfPq5U9n,1004,1000,1000,1000,true
1058,8ruoeKFBvHrxv9RAEiczuyiFThJsQd3ggYM8p9Jb1yyV,1059,1000,1000,1000,true
1058,hP1cqzh1LUjekPE7YPaSYCNCbwJNW47Wp9Q6TWzsV8g,1034,1000,1000,1000,true
1058,9d5UZ5gH1xBRdEpBEqVnaorg7PKijR4GtuuGq3Zw1pMP,1007,1000,1000,1000,true
1058,6uAif5cxQYgvDnQ62wP9obAtzyDKuL73zW1qKhMBUWfn,1040,1000,1000,1000,true
1058,FXtMocnNdtHMMz4MKVTzASaFo7qaVUdYnUdZgDCmziyV,1012,1000,1000,1000,true
1058,5rdGwNZXyyGJWxLEbYjYSmCUjUKYnrt5aiDirFdh5XKT,1046,1000,1000,1000,true
1058,5E5CA4CWrdEU3VZk1JUhigUxSBgvtW82ndP5DcpHL2zu,1040,1000,1000,1000,true
1058,CVDLjEpG9W8puRQ3yJ7cpyqQS1ST5rf1rESKZtYGApqc,1038,1000,1000,1000,true
1058,FnrFSZmiPAg8TFRGHUB5tmCKABpzFa7NRwZPjXKn58BP,1038,1000,1000,1000,true
1058,FLUUo589RJU2ckc3pGyPhwwEvftxbkYnJRjmWJV372WG,1037,1000,1000,1000,true
1058,4c59xjZu2K25awHDSnD9SvQZMhT1NjUdJMTVfBSZsPD6,1037,1000,1000,1000,true
1058,B38aYnxmnmvVuKM7nf9meTQ1StEf7FZJyFrXAa86VvyP,1033,1000,1000,1000,true
1058,EdkB3CzCJYrEQSfZiqh6BUAJCegPniivnW8Zg9bRXETp,1033,1000,1000,1000,true
1058,NSrZZtoavK8rxfTH1vuYk8SMZGqzjthzgGcnrx4JX65,1020,1000,1000,1000,true
1058,G9RYU1deYwQKSds3B4wkXMWh1Fyjy6BwXcxPcS7Y2tvt,1049,1000,1000,1000,true
1058,AgQpTZcW7HFLiVsBwVLfW4dqBLUzQBMrVXapEVFF2D8g,1049,1000,1000,1000,true
1058,GLENKs1HgxqhoJ8FC6qk77Svve3psBStWdMU9rC27peB,1030,1000,1000,1000,true
1058,HY5dKMvJUY9TiDNDo9EhRX76VZ9CzDNUmaidX8D6YCmK,1030,1000,1000,1000,true
1058,AgHydWMWDSAMvKp7s1HeYCPS8vGEs4b74z7UBENaYHjT,1026,1000,1000,1000,true
1058,Ejz4u2jbLUtcP3mvEoH1v8dSqzSmnDxkJwoYVmHfHUod,1008,1000,1000,1000,true
1058,5s5HAxjdboEgN1K8R3bpgnHQwB3cBA3JZXh8pDBynaTy,1045,1000,1000,1000,true
1058,6ygLNRyMUQCtT1yZqkcGYz4xeiKMUEv94w15QrjR19Eg,1045,1000,1000,1000,true
1058,fZZtUeJXxnDh5b9vwXuRieCExZCsa8cmDk9bsYx8NbE,1001,1000,1000,1000,true
1058,BNcBjexGenarMouusJWAdYNmQxX21QvSP5YKvPdFo35D,1021,1000,1000,1000,true
1058,SqN55vvYj9oDSiTzdiTG1UDLpyZCzSkEsZ2yv9LbcWH,1021,1000,1000,1000,true
1058,5ac2bRrTcdQ2DKUStuGWHUSuRY5N7kCXvsKsm5gKqaVt,1032,1000,1000,1000,true
1058,46GFQx24S4QFZc7VgdiEd6MwVWowH3o7wBR4rzgHHuZU,1017,1000,1000,1000,true
1058,5bLr6F5JefWkUW1aBx9D6B5cN3WnRJprvVk7E4qGZ1qF,1017,1000,1000,1000,true
1058,4HwxzrrcmPAJ1w6JB7DQaVvmgADUFNmSue3YjLXRXpfJ,1020,1000,1000,1000,true
1058,p7w6acSBtoidatXvaqrVXH82h1D3xLKkQiyQzyszLzB,1013,1000,1000,1000,true
1058,7ZvAeUCCNJaS4YKmDaJLX9T2qdQCRkR7UB8DgGAbDAN8,1028,1000,1000,1000,true
1058,GiafgPvhkFTYxxEM1SGbZhGJF5iaHDxGkVtP2Ubz794b,1028,1000,1000,1000,true
1058,6DZZAbQtK4CAjduaLqMLcodrFZKFiFMeZJEX335miK8G,1026,1000,1000,1000,true
1058,AzGS6cCxpBKirkBKdrZg17tvkExnyhh5LGW4YxgC2i6b,1035,1000,1000,1000,true
1058,DBZGTaPW7GUghpBvRrnqcGtwqX3BEPR93P2Br7MZz8PK,1001,1000,1000,1000,true
1058,EyH5idhZ4xjP3uKkzdMgquDuT8hAqUCHvrfYypeXvnkq,1035,1000,1000,1000,true
1058,FagnSPTbDf5LEDTZN2g96TctFDmNhvL4bEJauR5hANs9,1027,1000,1000,1000,true
1058,GAk7cBMdaB8AfWjhHQtWoxVob1aCgpmJVLjH241DKTgc,1027,1000,1000,1000,true
1058,HKLUxnBXWSz5KtKsy3v6VMpMqHQnNDfoa1GivK4MNWQw,1009,1000,1000,1000,true
1059,6dMYGfzGg8SvEcZ4AL1JvLPj1eyk792RwUZ82zKcnQ89,1023,1000,1000,1000,true
1059,FoqiwZRPiC34hDF2xAU4GG9uMJSXxzT8WY581GR57Hb,1023,1000,1000,1000,true
1059,BiothaWWahNkeURAQdwDs231DpVaxe9VwVpCMT8sMaBA,1009,1000,1000,1000,true
1059,J44Wt6JkU16rbzgLPRVeT8LgzXPTDtmtTwer3pdTMHG6,1005,1000,1000,1000,true
1059,GEXD92qVp7Q8nqKkKtUB3iBZyMqm5bkQ8hLUWmk1dGUM,1019,1000,1000,1000,true
1059,29FpJsLejoWwwcu8bnoYjWfzqrN97YbadinYppw7zL6s,1019,1000,1000,1000,true
1059,rbwS9RMTQJJXmNo1T8xASpwdKPCGTVMozsRjZATwESu,1012,1000,1000,1000,true
1059,B77uHqhUqVC4cd2fsQoPLUmVmEeSbE2MByaygQF42B1z,1007,1000,1000,1000,true
1059,DYNu4WQoUUGwzEb3yCxvutMwp2q51a6nyFgjHrpmSDiM,1022,1000,1000,1000,true
1059,45FJ5BGyTCxTRSaGRMiPUMFWP6LNPxqC3UKjaUGk83pY,1016,1000,1000,1000,true
1059,AY3DHvNPATaKeERFVTc6zxRNXzqqEJBiV3erRUycgEDh,1014,1000,1000,1000,true
1059,4NECU6KxD2Rzp61PXMTtRnV8itVcZZaBAxgPHpSbWGf3,1014,1000,1000,1000,true
1059,BUzGpy5kvbxxxzAdErdY3ynoQHHRHSKMBb7tq1FEisyx,1013,1000,1000,1000,true
1059,AmmDjPiMWbohW2sJjqUNQk6s2dDvyXnhN2JuGGn6kpF6,1005,1000,1000,1000,true
1059,C7fbjuRrYtthFkmT5hMgTKjmpcS5kQAc1M8USCJw8joB,1018,1000,1000,1000,true
1059,5DabLwvsXn4gzgoGz8Py9rQAJgCbowEGcuRVa7fTJVka,1018,1000,1000,1000,true
1059,DXQQDbeiRe5be5TofApnnodTLuCcrDoXcz1FMmGUJnrp,1011,1000,1000,1000,true
1059,AwXsERwVLtsk1PjXRgmizgC686tdDT44T66rzyZY7wCK,1004,1000,1000,1000,true
1059,uYtr5j1m8b3TuESE1cRdnQtStAZEkydD2f5SShWaBD2,1010,1000,1000,1000,true
1059,HGCYr5R5u8r46uBY6qGRY6unKGPaxP7bkcZCcP6wxnBL,1006,1000,1000,1000,true
1059,3eFhPrxeFsWK3ZdWZNgWdxHGysfYox2q9pERWHM7N4g1,1006,1000,1000,1000,true
1059,8EZZt8UnVLV7FbiR7XnQZJms5wirkJezAWsubrMT93Tv,1010,1000,1000,1000,true
1059,53E3giNKioHg3tTkx1nXb1XHssGek6Pc4xYdsJFArRTV,1003,1000,1000,1000,true
1059,9CR2dpQtEhKcmMafwzx1cny7HfK3NeCD98xrRW3T4q3G,1003,1000,1000,1000,true
1059,Bgy8AF8fJk1vrBhJ6QHT4bPyCYRDpozgU9wRBa3dHYhx,1002,1000,1000,1000,true
1059,JCM421RRFWcALzoxFL1GH8DUhC41wBYK38gxp64ZWaGW,1002,1000,1000,1000,true
1059,GB3H57s6mmp2DVRF3o9pT6G5AMdTuUJUNQ2mMuh4xtue,1000,1000,1000,1000,true
1059,DaHfZr6tH4pNA9tcwsJwDG7FcCciMbRY7C6UmZtQNchf,1000,1000,1000,1000,true
1059,vugj1B1m8fadpeRe1bNSfLqZKyMTYK29DhpQY3RZNJM,1151,1000,1000,1000,true
1059,GzvbzRYpRDdughFCGd3QLbGHdBYMZ1S2Lffc47cLHwbo,1144,1000,1000,1000,true
1059,E42TyTr9S4uxrDVjRfsJZHQ5pLFsRZj6JSRF89KNbxhU,1152,1000,1000,1000,true
1059,9KtjejVsia3bHH71PpbqgpDcYQg55s6U5ViXbdnqQj9A,1143,1000,1000,1000,true
1059,6Xd8fAjyhkQfjDVuCABVg5NRGxSiUKLgTdKTFTfZmpXy,1150,1000,1000,1000,true
1059,EtGWZ8RMp27LtjnyRQQYqyvmkLzmLFiQu1rgxtfHHqo9,1134,1000,1000,1000,true
1059,78mvKsn2gi41SdeGH3QgkAUgfduNjpaXBxLyaJ4tiURt,1154,1000,1000,1000,true
1059,9Kvq1zFfrLqvy7VmFXL5xAwF5wdW5kRjeyY9HCi8Ze11,1111,1000,1000,1000,true
1059,2WYJsQ7LNEKrsvTkwBgw1U9mEAPzz9mB1PMXocUzPRGV,1118,1000,1000,1000,true
1059,AWaTHBpesKYhGDQVVCZYwBbKRXeWmQuDt2bTc1opd8bv,1135,1000,1000,1000,true
1059,6faRWLMwrPaB437kY94Q6bbZpPnXmZvVmBN9Xn3RNpHG,1116,1000,1000,1000,true
1059,4EQVjDVN3FC2nzUAuwjko6LMcdKty5xE8NA5E4cjUoQ7,1115,1000,1000,1000,true
1059,GuNdQh8ssmvW4RAmjBpiibD2f3JMDa2fiMLzadwd8ABz,1052,1000,1000,1000,true
1059,5pizHF99zjnB4tF8Sa6spXbb6KuTLiwRHD8CjkX2NhJw,1126,1000,1000,1000,true
1059,CGQcNNRTTa4c24Ki4D2rr1J1y7Sb7VjwxH4DtWSWQrXd,1120,1000,1000,1000,true
1059,E1VxZbFbr3ppR3o5A7SnoY7pDPgasdS6T5VwMYWCgEJx,1108,1000,1000,1000,true
1059,FowWZS8xLbRywNpGBZip7kfcnKSiuMRyxYh1dQ9WgCV9,1119,1000,1000,1000,true
1059,GWv2ErC1KJTfcgvvVmdop31eRuznqSpZNTrH1DoPoKaV,1053,1000,1000,1000,true
1060,BCaK6mRRx3c84UUnZHefttxwRaGR9UhkUBp4jFLHDdi4,1158,1000,1000,1000,true
1060,A3s2xm2yVKNEYRWFP8n74Kuzrw2VvaeVhFfcsgPtoCPh,1128,1000,1000,1000,true
1060,EjGfngqS8Q23s5xuGkwfVaK72oPShCB5LwqFZW3Q3Gda,1148,1000,1000,1000,true
1060,AYZnxkQ2arVu2WN4V7hn26cjMqBAaDWh3dmtL24A3Z2d,1124,1000,1000,1000,true
1060,5reJCuEbw3CmT9doejN32Y4pKRvBVpVprZGpHQc7AHZW,1155,1000,1000,1000,true
1060,CXe1Fja5FtPximqvSJXjFoshUSrZVyEqL649FtPmKsve,1138,1000,1000,1000,true
1060,Zo99HxYWYY7dYai1VsGKrtVYVoQNuSnseETLRggGpgv,1130,1000,1000,1000,true
1060,FcmTjSWycjcpaQJ8SP6mjvVGgcHW4UZZCwYk6Cr9Ut12,1109,1000,1000,1000,true
1060,5MYeHeKFqUAAA1JJxGdj2nsQAKhYPMhpToPeGbeL4SH2,1149,1000,1000,1000,true
1060,FPsi17EwNDbB96Z8fZsPf5u3sayLx2aN5azMdx6ipDhR,1062,1000,1000,1000,true
1060,9FgaZ9ykDNUfpkcitt5pKDfGAETWWV86f7eeBkDNTq91,1137,1000,1000,1000,true
1060,6CsdfjB2859Z8Fdt4wmx3cHcvpQcGJGSxHnw3VJ81XSh,1121,1000,1000,1000,true
1060,HYxZV8xNBxXdKu6PaaNuAzxZsLFrsTZBZ8YU7aMwHXhQ,1106,1000,1000,1000,true
1060,2GKiKxwssC7agbsjCsT5JY35wXcxNgVQvcAoPfLfXxvW,1145,1000,1000,1000,true
1060,7YTwjtsXABhdw27eti9DUC1ZTRV4moNbUJB8LyU2sQCs,1125,1000,1000,1000,true
1060,2Fj9fQNu97UQuEGSHHTtKARccuHWnP1ZMBkCMayU2FgQ,1100,1000,1000,1000,true
1060,8hpyap5pBhJGRZ9sYJ3AGfWTQ3yu2HgS4wFMtupMkguA,1113,1000,1000,1000,true
1060,G3qeQy4cKgman5xZ7UDcVa1v5Ts7KowKLn11kfCw4ZkY,1127,1000,1000,1000,true
1060,2XzFKia5gRjbbL8WwtZnxF6BDKuMxJ5z18uUNZw2r9fN,1123,1000,1000,1000,true
1060,4SsNXsp1C9dEsPR4QJqMtyrGb9pmCGADMtEi5fCATC2Z,1122,1000,1000,1000,true
1060,2ooCSsimzgkteENhxUTgeHBush8pnnoQM8h3vV9Cm3mu,1114,1000,1000,1000,true
1060,2DZ5q7EQMZFXuZCjhdGcszHCNxGt9e2XydkxSP3YwbUE,1070,1000,1000,1000,true
1060,DtJbBbEBjJt9U8XCZarRpYhTcws1nQzhzf5DGdzZ1L6V,1080,1000,1000,1000,true
1060,9MBEdrGZwYhWC3fnA3ZQegxjaXrMnhtKr3fATDh24Yh4,1117,1000,1000,1000,true
1060,66LDqdJ6z8yhzYmf2msWNBqZEEQE8vFhaiq8E9GBf1ut,1112,1000,1000,1000,true
1060,CBKSu2AV1miJN9FaPSHtKwrS99up7FHv9yJchVFeWdmm,1110,1000,1000,1000,true
1060,6cwzuNMepnNhXXDX1fCgJ1oUygvcXLwJYeFEjWf8bSQ3,1056,1000,1000,1000,true
1060,BPvVHtBeeaM51kLu4fPHLGLxu6KKjupuNezKgzepn8Zs,1072,1000,1000,1000,true
1060,21zKFWUpSBsQeQfZXvvGZpSYovN2CW6QZUrq3LKJWrY8,1107,1000,1000,1000,true
1060,CeFBqbBjbqSPGTeHFkyFXB4h9wo8aXEZkPAh94atxefd,1093,1000,1000,1000,true
1060,6XqzgUHiw1UgaLGWW3JoC6VLmF3fa68vmT1RoNLGvJRR,1055,1000,1000,1000,true
1060,C6fCTJVem9LZECTArck2bchpcYYWhiY8xVMWqJyh5EMP,1071,1000,1000,1000,true
1060,8ye4VkgRNJpQheV9Hd27etfDQRM6qCDAxXrquYVxTMLr,1054,1000,1000,1000,true
1060,nD166TgrxJrXhUdfo7mGW3aEABe6jdBRp3QEwDBrfAf,1159,1000,1000,1000,true
1060,FtUZsb97DAMKqaEyZKXNJmDJtBuGJkSJAn32NHjhKs6P,1103,1000,1000,1000,true
1060,HdGBP2wi5GY1A8yESXgeMyZNw9KCSTSzfMGpzG3zcWmj,1081,1000,1000,1000,true
1060,9PJcoFzuzhb5P3k6dD1oa6qub5kSq2gFLG7tvRWs63L7,1157,1000,1000,1000,true
1060,DAEKJvughoyXTmXmsYASeUF7uGomaA148JB3XZoLhhWJ,1088,1000,1000,1000,true
1060,2mAZPEVQyeKcSKC632LfEQXzW5aCx3hJNkBBhCZLCtFg,1083,1000,1000,1000,true
1060,9pUvqP7QgQ7dScMeBzaQkWKptQZPtCWE1Azj2J1vbQsa,1133,1000,1000,1000,true
1060,4N95vuKw3CR9W3JRATwn3qMiJwFtSirCXqfQB13SFudf,1102,1000,1000,1000,true
1060,9m9Ju3BcDZ1H6T1QMtFLdHAyVV9gQLTFStEpEmZ1svAP,1092,1000,1000,1000,true
1060,C7Z1bSmeb3XEpVKapkBE7mfXLrhxbNobE2zMFSNtkWSn,1067,1000,1000,1000,true
1060,9u13pymfrB9Tzb23zCnV2KsHdvaSMejzCyRyFYnBmiVq,1076,1000,1000,1000,true
1060,DQqiFqk21Fa8eFzE9qyFmNLXwN4PhwfbYQU8x4oXgvXb,1063,1000,1000,1000,true
1060,J4uCUss4Vieg5h8furDmvD9kzYc4pZGExKFKUfDwDqb1,1299,1000,1000,1000,true
1060,HgLzTZEixxJoYna4gsit6N8ataAA2mNuSvpTm6fQx2bd,1216,1000,1000,1000,true
1060,A3rXfPSs1yr8vvKonbEfNzyEpaKQnNZrkWU747nWooWE,1163,1000,1000,1000,true
1060,EPtghDi1qoHVDRn1TK1o8gKmnaQeNGEVobuB8hKWdQX9,1213,1000,1000,1000,true
1060,8HpqJwBMzfySg3rbBq8zQGJNBY1kzRQ89P9jJKmr1YgS,1215,1000,1000,1000,true
1060,3kM3iJo1xUAd75upa1NiS7XbtUNrBgcTMQjEeAqqjfQ8,1175,1000,1000,1000,true
1060,2BP8MkoHUhmoHj5Gpwy7oXGqTnfDHTLhqU52bvngsLtt,1060,1000,1000,1000,true
1060,H4kNPuRnc53dzcB8dTCLujmdqQ287d3mEMdzjZSuY9PW,1090,1000,1000,1000,true
1060,EF8SHPuWjMVcSrPVd1UaY8JktfBLKPtTdhagyMCEo761,1094,1000,1000,1000,true
1060,318Yy5zy3L5KqwU5kibquGNn5UnGN1dtNTaCyJ5mSXRy,1173,1000,1000,1000,true
1060,B7ct5bDAu5BgWsWNGhtpsoJNvxYQTaqD1tCiUqPiHMz3,1185,1000,1000,1000,true
1060,5DCuZ23zYWHDDXd3B9sskeKW52cH2D3KtKwAvRYh3wUE,1203,1000,1000,1000,true
1060,2rxyZBKrcZhp9jD8UexSF1JSstUUMeFoDyn5pTL75BhC,1214,1000,1000,1000,true
1060,7yFigVLrwFxESPQyTwtbWfQrB7srxqD1kCGKjX7CUwFb,1177,1000,1000,1000,true
1060,8u7Lj3YTgSmymd9Exu6q6fyFPtVCmpaZhPpLtNwASzMC,1176,1000,1000,1000,true
1060,ETTrBsCJospyVcK67JwpkaZ6XucnLgvwNAruJtGMr8uf,1174,1000,1000,1000,true
1060,8D77aiNPzeBEG8TASfpSfg21td8nqcbWLLkYT6ERVjVS,1089,1000,1000,1000,true
1060,538MgS1r8aubaGKzyq7WBcJbo6kqWvPMwBGbynn3TcRX,1169,1000,1000,1000,true
1060,8Gyu4Wh3rbTRegjMEStfjRZTpfLNKg2hq3yvg243jqjA,1172,1000,1000,1000,true
1060,CPcoa1KZMzBQYzAh99RR78BAHGoWfgScVvKuCThkRzQn,1171,1000,1000,1000,true
1060,ARJppKxkHJ11S4mtgWBhF4prU2TihNdLjJ6qA5UGVo1R,1212,1000,1000,1000,true
1060,9mMkq2MJXFUoN5U1yDWwvxEiYohXQJ7Zf56BogHx99Z3,1129,1000,1000,1000,true
1060,Cz9JVSvgcN4pWzU75kAciX6P1GZMQwHaRT4asCbcHZLy,1101,1000,1000,1000,true
1060,HJdQaXcNmVfshM4wH1Q3VrNBCCg3Wa4CpXrq5aLfB6CV,1079,1000,1000,1000,true
1060,81yKdjQ7QuhXUnFt85mNv5yG2JWxknAfwSHSFgn2677m,1098,1000,1000,1000,true
1060,6E1xjDz3KZMZ2gRyHDG2VWpCuc5xt2eBPU34Tquh9EFd,1170,1000,1000,1000,true
1060,8ZwXHgDk8JvaS3xt6TK8xLk832ejAqfT9uCHi2vpNndL,1165,1000,1000,1000,true
1060,8HLhRdBLY3h3E717juwCAvMRGPT9nmmTgFo9sBp7sXmE,1166,1000,1000,1000,true
1060,DMHoA5BTYB9fCYdVhcPjgiHMwqk572k1fiXeW9yBkFMg,1168,1000,1000,1000,true
1060,7Kk2zMuhm6iC1so7FM2oBVPgZEYahPPdBuNFty8VynTm,1161,1000,1000,1000,true
1060,4aTCDFJb2NzA1TSBSfP8vAKU46tWRAoeuNxWgCmaoBc6,1095,1000,1000,1000,true
1060,sR8Zwnhm3xxKJvscsTi3nmZ1pGWFYquPNMRK9orDMqD,1164,1000,1000,1000,true
1060,6EtEJ8px6bWkY6FgtsEfadTgW3e99UDyasPoLDRpDzbd,1069,1000,1000,1000,true
1060,2HH97DZzZ79TzrfWBRs9DqUd81fxYxzBcf5piNnzgbQk,1078,1000,1000,1000,true
1060,EfyfGGdy66HAQgjxM6K8pSbezxi7p7CRzhJwzkcqAQrd,1167,1000,1000,1000,true
1060,H28vap9C8HLZBHuwMz1VYEVsAqgjncuXximiW7FjFGu2,1074,1000,1000,1000,true
1060,Ce5iYG4Nx8a9MfDuffxk4X4qXSkfUJq7hC1e5afougTc,1091,1000,1000,1000,true
1060,FRFR9Cw691A6dWe9JX4KwqQ2xgJ35GGJbb89nMqr8ok4,1131,1000,1000,1000,true
1060,6bC6zAFv5rVVtLCwTnx3HA2fBvtXdAZV2mzwYhMLXszJ,1086,1000,1000,1000,true
1060,5YS9nJhYkXhPSUGFLheSTKg3qh5WHsK9N8whUyCTnVoM,1162,1000,1000,1000,true
1060,6gnDkvJD9gjBdpAgf1F5mnWbVwWRXogYfm4kebdGg9p9,1099,1000,1000,1000,true
1060,4Qb6p8EDvVnPJzfLpYJDAmVusGwLMJWTotn4mecpENyJ,1057,1000,1000,1000,true
1060,2Wb5wZeYRZetGeGeP4QGS6HGNFeB6vb5aWMxg3LGMh3s,1066,1000,1000,1000,true
1060,7qPcKJq51GNtoYHve1JGiHCXj9NvovtXeJsjAsz7u3ZC,1064,1000,1000,1000,true
1060,62haEv6Xd2NKDZ8B23TtuxJXDixjVciPHp7RZzyHzVpg,1097,1000,1000,1000,true
1060,HvthN5rJHC2rdrq9nSmCaAfmE4LbmZKCAx6bFxAEb7mc,1075,1000,1000,1000,true
1060,8y9pS7V8v8tqPspo7khuTERQJNDyPJo88XyEezGuUBgW,1160,1000,1000,1000,true
1061,GjV1qJYmR78iBcrVzU7J9sz4bWoMtbxXQXJ9sVDdDMCU,1096,1000,1000,1000,true
1061,BAzhh275SWoXCK9ziDfXWJ5HEV2v16KJBtD2ka1tZtGd,1065,1000,1000,1000,true
1061,2sRxb36tgEjxHdGq13iFMxnNdzXjhd2EaexskRGsJqGh,1085,1000,1000,1000,true
1061,A2j7Wbibzhe5AkYe2bhf4HASyJ4dWdLsHiGdTvCmu19h,1087,1000,1000,1000,true
1061,5uFPg9fB3gDSVvv9gPCENAHgyPkYwUr47cbwokc41Pgx,1082,1000,1000,1000,true
1061,9cZnZb9yjJxt7zjdmNToa2Wiatxoiqs8HBeSkvrioWLb,1077,1000,1000,1000,true
1061,5wy7eDPZY8u9URUQeK8nXhnsQjGj6hz7RA27YWLV19ch,1058,1000,1000,1000,true
1061,6T8kqBjwxQSJ1Xyhhkje6sYLtRMK8BQJ4GUVoCrJxYMo,1084,1000,1000,1000,true
1061,FH7SJJgss4zxHi4hD6Q6AxDzar3DEY9f5BgXYxmAksnT,1068,1000,1000,1000,true
1061,FV3gjeV7W4H95Mpu6ksLYLUGE5hhDZ7yLb97wxkr5Nbr,1061,1000,1000,1000,true
1061,JAiSTbUDTFZHetRo8atwyP18kfRGqcoBym22D3H3H7Pm,1073,1000,1000,1000,true
1061,FcSxAwCB9FAHYU2pyReQTQkHW6Aw4itERUBbZhdFN6Y7,1059,1000,1000,1000,true
1064,DFhVCf2W8eM9SvtxzCfHdagjY843Avhm8Rqzu1bMdPJB,1104,1000,1000,1000,true
1064,CJnh4FwaUYnVAEjaJowrPhmHrQC82vVaQheUcUTRJnK6,1110,1000,1000,1000,true
1064,46TUyzQenEWssY9idkhrawh5F9aRaCfsiAU9dhfowwri,1038,1000,1000,1000,true
1064,5UbJDNG4cxsxBxaw7kfuXx4vDePhBGb83d2zXfp5d5zn,1108,1000,1000,1000,true
1064,DvCrnjrTZu7ysmr41GTUR1srKQSX46RCXRb31Vvhg4v7,1081,1000,1000,1000,true
1064,3vU1qhpWGVWduHGrMfko8kqNuABJ1A22NvuurLnUnoAM,1103,1000,1000,1000,true
1064,5DzqJSQEu5JnyL8DRmMYu8165CrkMt1M1nwgL6RLYb72,1107,1000,1000,1000,true
1064,CFpspGAgeiLRNWJiaT7RrfgBvThm3LF5aFiNqfu1m6D7,1083,1000,1000,1000,true
1064,2RPCFbfhvUxVLrskfNyGxDy1RmyQeBs2SXokXZEudEDP,1077,1000,1000,1000,true
1064,Bxq5x5e76WwMTjXqB1ok6ih9hiyBR7SrZ7d5WQuVJy6S,1044,1000,1000,1000,true
1064,GWHcjHxfxrzm9kRsHD6xKked7YmNeknjVceZ3XFrTdii,1080,1000,1000,1000,true
1064,GP6Ga84jAXPAEjBZPXN7ubWzkSRujMSEUNXw6Q7rdZFf,1078,1000,1000,1000,true
1064,GSGUTUN3ADYNxQS8F98soG1Sq7CmeQ6uvU8jPq8fsbzJ,1011,1000,1000,1000,true
1064,8Pq1BxgVsTSCMSnyFyc3TYrDBntfn1MkHiusXNYoAMcz,1069,1000,1000,1000,true
1064,4EmDM7cNFaog3nvWQh28YzTUfnqsP2MKACH3gxDuYSai,1097,1000,1000,1000,true
1064,34zkrtHruZp6k1WLhpNpL2X8WwoyxXg8dELX6Wx6XkNE,1034,1000,1000,1000,true
1064,AgtryrXrcwgiERZDFikNkZAQktSqrgGjH287tbBcsBRp,1073,1000,1000,1000,true
1064,7nSaB1HpkKADRi8cht5rppMJweyk6JcncFUmiQXnptLP,1003,1000,1000,1000,true
1064,CCngPmoBxxk1HJg35UVAdrVLtUSK99gNwYk4eEdYQBPD,1002,1000,1000,1000,true
1064,4XspYP5EkuLvjQhu2vH3y1vDj7puZkSMEtSKf9r5GJLn,1050,1000,1000,1000,true
1064,HfqM677uuAVgpGHFgYgx1BTbrxueUw9GGSKSG5xuVviH,1048,1000,1000,1000,true
1064,GgFUCX9dZLwQtx2iTitwAmtYR2j2gu7FtS22GAfNB5np,1082,1000,1000,1000,true
1064,DaVPBJd6tdfcZ2hUygef2MJU9jysSbcoFwy8AT8buovt,1043,1000,1000,1000,true
1064,8tEe53Q2EH7xZSujqZ87SrAvWinYEdkHb4ReD9QWF6nc,1076,1000,1000,1000,true
1064,AsQsmqptkgBrMGAuVC5YBHsuYbS95nQ7f3rZdy5thTsd,1049,1000,1000,1000,true
1064,HRS9uiP5C5bDtg5Hja4mWhyux9VpjackB3xeNo84GBXG,1045,1000,1000,1000,true
1064,J1Twm8pWCem3BxV2eT9xynoAmMV9zvZ8uQTkuSazTRw1,1096,1000,1000,1000,true
1064,GhnY5fEQfP6XcCbqrz7mhjNZ3dg4JZR7qovtZaqztg4X,1072,1000,1000,1000,true
1064,DxvWxFkoHMhgZZd7BMzRVsHj6mkZt93TWJ6ehXxz2mLn,1067,1000,1000,1000,true
1064,9kj5ipWwBx1spBrp3YbigJNbYRXmMnLK7uYDZA3AGD2T,1066,1000,1000,1000,true
1064,CWccC8fmxfHAC8g4AHJRR2gPFDjRDP5wiH3z11Svgfiy,1021,1000,1000,1000,true
1064,7FDgwrgf4WmN9gX8QLsanW6iUJ5TnYKLCEBG83rLr8pE,1040,1000,1000,1000,true
1064,6k6gy4jt2ZYmKWdpt5YhFjnFfP18QTYdpn4Qs9Nv9Vq,1035,1000,1000,1000,true
1064,CKvChgRLELGXB6ZD8mymPuH6KurujAeFFzwkPFgxXksN,1025,1000,1000,1000,true
1064,3LbsDjoaZqrqguGvGfsXiV8MLGViicm7cw2qAiFjJYnW,1031,1000,1000,1000,true
1064,HRW3MPtniUtivPfLvmnnmXKbd5Tw3SQu3fyqvD4aCcrF,1030,1000,1000,1000,true
1064,2refFMr6LRhfTrXVE2veocwRuMiamxgzYMdK4EHsd52Q,1026,1000,1000,1000,true
1064,76RNTHtT1ab9dRoLNxtM4zDZNDAwPnfR6pFboCPf2GLC,1042,1000,1000,1000,true
1064,H1tctfyDVWfwzbZrqudMtSUKvKTWG9CVAyQoYtb5ugEy,1041,1000,1000,1000,true
1064,5xxuqnYg2HAE6UgoLzmBLCejVBxs2MpXAne1QXEnznbo,1033,1000,1000,1000,true
1064,FRQEDZSd7kXtryfGohhDPTSMN2K7xWUFzrEddCo1i7Wx,1037,1000,1000,1000,true
1064,ASQ2DBsedfPdypkjRdbKEsGem2a4za4423z1nyLNZ9Bt,1013,1000,1000,1000,true
1064,6haQyQDkoY6dCs2h1v7hY4tQgST1RSKz2uSiRBXurQGP,1039,1000,1000,1000,true
1064,3YscBS2jY1C6Ac6DJzJczVN4xBgkhRYMffYVS7z6aaWc,1036,1000,1000,1000,true
1064,DQobrR5qUZbtaKU8Ap2jBktdSnBY9rVpC5ZLVRNbqUbj,1027,1000,1000,1000,true
1064,45Q59KoztPAThmzN9f3oRt8YpLcGyNpbebdFoGGcxgj5,1019,1000,1000,1000,true
1064,GBvdADy8BnHy2XD9jNjqtBZREZnG7L91yQeWqtFLrMja,1024,1000,1000,1000,true
1064,Hd18i3dz7oUyBpbfZUdYPsf5ZtHFqD7vnagtPeSb2Tni,1022,1000,1000,1000,true
1064,EHd8iEuqgczEuGCo31hnB3CfUD1Q7waLYbhgW68b5cQN,1020,1000,1000,1000,true
1064,4S6UZYoHFJzzWkbtiQK886XYBtDzWe78po48E8sLoAuT,1023,1000,1000,1000,true
1064,HqDzU4gMCyxpP6Hwsnp7N4qL2WgyeJ9NK24Np3754kSp,1010,1000,1000,1000,true
1064,HSncPaCr7r2Dnz3ZCr6LNNH5T1dHd53Fp4xGmpVUnPUj,1006,1000,1000,1000,true
1064,CEzaRT7puEyqZGNfy5yujDfNJEF4ih41UyuhKpcvKCta,1032,1000,1000,1000,true
1064,2ziwstuQjtahdjAyxLwUbRqjF5dD4vN61bYn4jJF2cW6,1017,1000,1000,1000,true
1064,2Q8a9y6eQw4fvhDPWjFobbqHBwiiYKuBKGXTm7qcASPQ,1001,1000,1000,1000,true
1064,DoP7CR6kmqyYWUxSXhP6LfXb6oDkd13XU5gz8bh79agi,1016,1000,1000,1000,true
1064,C8qtmPHrT9n9hH63KJTBqb7obbiZscx3T3F16MGVsQpk,1007,1000,1000,1000,true
1064,2ZqWuMy1QYgjPuYAGgk5DvTf2dPWQH7WsnVLHrXvPKXs,1004,1000,1000,1000,true
1064,BG3wm2oXxdQCeUhfo8k9RMhHADxSoP17vfoVV2j5KqbF,1029,1000,1000,1000,true
1064,BQKNf7uF8FbU28izCC5LD7WNExAA5VDqSM5ppudL2GAQ,1028,1000,1000,1000,true
1064,HgGZPeunGXtcM2TKLKSKa2YQvvGQZLyKJ5Q6MxYsoJJA,1005,1000,1000,1000,true
1064,GA4UZNNkf3gjadF2ZsidCYXVqo9tMvwEErFheoLqP1Li,1009,1000,1000,1000,true
1064,HXWGt9ryda91FbxryQZCyFw6MSGgiGyrHerK8gvMD89X,1008,1000,1000,1000,true
1064,FGgzff6PyacvPiQKGbaDqx516R8XfUz9fckYp527nCYL,1000,1000,1000,1000,true
1068,PCjuPNMSKAnajaumpBjkyAyswQL6kbNp9XDo6VDskmX,1299,1000,1000,1000,true
1068,GpyKJmFRUVxP7Z7dpVwgzfor4uVTujtW7jqSYgJLtHWA,1299,1000,1000,1000,true
1068,CJikxTqD7WErRo8nbYfJ7nNA2MZkuNR54JjNcSMpmDHt,1265,1000,1000,1000,true
1068,7en4X66YxaHtFW5YsmdphhEa351CouG7qRENDnF8W5ES,1298,1000,1000,1000,true
1068,3163Z2yMvkESiAsVH9pQ9c3kvdnCQaxngAmFcmSyarGf,1123,1000,1000,1000,true
1068,EXWBbQwPvmaUqdz1UZjPMFinUDTCeuULK65z8hgA9TvB,1293,1000,1000,1000,true
1068,5UjNgVYKDV5g6t2NhmoJpYoLXShBhic9xngiHwiqbpVk,1245,1000,1000,1000,true
1068,6TJCYkRM6gfMX7UTXjhhGNXGkN7B3pHHFEHUv52vf5YC,1223,1000,1000,1000,true
1068,DvzSsCvMrxrZntehE2cAC5U6FYuTXugm7JDcqgtjnt5g,1120,1000,1000,1000,true
1068,78qrM5pi7yDu45mVcPt26mrVyu7QBDr6VKQbF26mQpYx,1276,1000,1000,1000,true
1068,DeskyUeqSq5xubTNLjSZmpuRhBK6HXNHSXfF7GQEREqv,1253,1000,1000,1000,true
1068,FFAShQAAfLZ3caqKf5YKg5F6AzZEdeegM63iGC8HJP9s,1296,1000,1000,1000,true
1068,BR1Q1YRzSpZEC4531bFKF2DweQXANCA3QNyLxnt1byhU,1225,1000,1000,1000,true
1068,DtVH1w9KV9X76vQ6AJ16MhbWvFsiQAWAo7enZeDWPA9G,1144,1000,1000,1000,true
1068,2AUYUVz2aZA4ZCuReZyQmuSyCyML259uEF4r4GmPs39Y,1295,1000,1000,1000,true
1068,Gy61B8ciqdS4vMyHpyDnkPcNQUAkRQ6qe4GRwQXQqzfh,1161,1000,1000,1000,true
1068,FqejcjqPktkkpRcGZwuXiAgqqiJWdNtfFm85ZhMA5hjy,1271,1000,1000,1000,true
1068,GY2Cb129j1Fo5KpkhCRGGWZCSxggnat62X5SJQAYRJgS,1270,1000,1000,1000,true
1068,3gd4EcSLdLhmoBwoiuoNhVdzzuf3PDHSyQGeLdpf3D9a,1134,1000,1000,1000,true
1068,DXWSJGZbmKRJ2E3Bxgogt2ULCsyejpMjnJbp39pQeqB8,1182,1000,1000,1000,true
1068,G2bFUCGU4CqHHYsWRXdcBxxxs2PAHDkNHYDTgMTvYZdg,1112,1000,1000,1000,true
1068,G7itve5QFjDvAjezhwbpMb5YNzTvubS1BFEDaQqLwGHB,1136,1000,1000,1000,true
1068,24JNJqbKss4Mr1ELUXhfCBAEGpUiuPRiFgz3vWhqdzRa,1252,1000,1000,1000,true
1068,E8ba7ofHTRM5CuheyKongZUSi7vPEV2bZs4bxZ1ELUah,1247,1000,1000,1000,true
1068,EJYM1JkEML1sR1kVsfQpJFykmPTTS9AjeKqmdPjqtV5Z,1269,1000,1000,1000,true
1068,G7xfvunpYfFBH9QPfaZ6sZAKHBcWzeeFyTMybczK7gnC,1235,1000,1000,1000,true
1068,APjLVF5uFSiPhjaJzuJ6BnTtZ4LVfEZ9LM44ENtMTkGi,1230,1000,1000,1000,true
1068,EVoCrTM2UzTNFeZHvRJei659EagweUUUFp1xnA6onSJP,1035,1000,1000,1000,true
1068,AL479eD3eFGRSzZ474amk62A7VGZswEUYBYMw67z4qKw,1125,1000,1000,1000,true
1068,EacfFkVwBnRYUarsADSPiShnc7LwBD5Nq8YasxBsLKPL,1132,1000,1000,1000,true
1068,HJ2NAutQ4GARoRhZEQMjSJCKcFH3oyAWCTmStNimfidZ,1220,1000,1000,1000,true
1068,9tp2eHCCsGxGH7pe4zNefaCZGbzryYQYZKcZt8m3GdQk,1229,1000,1000,1000,true
1068,GTQZfzWnuqR1t6gbX7s84xRPKj7Arv8VY8ZFcUJjegsa,1163,1000,1000,1000,true
1068,FfLm2jo5kYhh2s5sFXXdy5Csn8GzmtpwJsiXtqQAHjJK,1219,1000,1000,1000,true
1068,GzfDPRf8bW5xbpMHEaMP1tnxv6ZS3wZrqhD8Z5FTRXyi,1025,1000,1000,1000,true
1068,9KT36KRCN8uUQhNYBhCJcYuohsnodgdaGvzS31vPNPuw,1190,1000,1000,1000,true
1068,6iEjAzwR1TGC6GrGx7qfgC5vsLNNwiuEj21nLr2XcPbb,1204,1000,1000,1000,true
1068,B5a63khVxf4BRgn37P8KCZqv79zKjAhBj2BrvVvidB4J,1159,1000,1000,1000,true
1068,85hvwNgJKsPUMgi2488h7xiUvEuggXkKqjZF3Cj8BSwA,1117,1000,1000,1000,true
1068,8TWgcYwD9Vu9zi4u8Kqjc3L7TrW57AxfEGU6T2sjdhZF,1244,1000,1000,1000,true
1068,6E16w7eFNoPzzqhjZEcNxYEfPe9YKi3NPoGJi5KGGShy,1221,1000,1000,1000,true
1068,stD9dijREVAZXREwfArGp9dWTXkJfp6uxB4M1VYu6Pj,1133,1000,1000,1000,true
1068,7mPfzSYzR1z94DXj5UpjZnLXoUit484b31r6wPCcPkQP,1122,1000,1000,1000,true
1068,5em4MZPxn1LsvSsuy2nhfzLWHGWV5myQQLsnYRg4Gupv,1139,1000,1000,1000,true
1068,EPwC6LKCwCKnyBmArNxTV8LG397qKkaqR2DhRgtdZFc4,1217,1000,1000,1000,true
1068,BQRsicsUxreN8fzCEzU7SFyhuZHWMy8xZGTyENddje7V,1216,1000,1000,1000,true
1068,DYFQaWzp5v4sUtmp1VTogMfEFEx1SitFa7X2GQdV6WPX,1149,1000,1000,1000,true
1068,6mtNgXJL41b4EmwaToWaPqEzYvY9ifHWwHn5EjZuLzxp,1138,1000,1000,1000,true
1068,3HbNRPGcTiFFQUvwGe7NCYxQLsPQ1jUmdUpgDvC336m2,1079,1000,1000,1000,true
1068,3Uy68rWsAYMkNSmk2LQcHmedLZBtXVQkAFU6PudEhLKL,1160,1000,1000,1000,true
1068,A2xYSsdGHNGbbRMeKZbiADDQhucSCJy27pAvKreCGxUF,1226,1000,1000,1000,true
1068,5BdD6bYYbLoYcyUa3Rda2EzogMQvMJCiABAFSdJA8p8A,1224,1000,1000,1000,true
1068,7iy6h34EVZUbwcVfHVz7YN4xKsFfkmFA1yR8CkRm47ke,1170,1000,1000,1000,true
1068,8UL39VoVZLh56rnvHXr7LFw8Bqzrd6tFteyD4mD3Z7ks,1218,1000,1000,1000,true
1068,8cDd8PVQDHQqyoWMTvrVw3QfToCfxS5AR98ecqQCMK6Q,1136,1000,1000,1000,true
1068,EtMyZjFBUPahVmTKsHcjrVZkiTRufG3L8zLJhYCFamrj,1146,1000,1000,1000,true
1068,G2rukbeuYAebAvyz9gSRGq7jNriyB72Jo9QoarvTso1Y,1142,1000,1000,1000,true
1070,AMvsaGwr7o5L81EkBDb6Xkg2eX3vja4Jd1vvDHh4Wn3R,1016,1000,1000,1000,true
1070,7xYQVABVGWmL8HQWSeSTpyfTDiznbE8nxQYUiFCdfhTH,1014,1000,1000,1000,true
1070,D3FJzVTj9ZzMorYQer1oAVdWeKpPoXyVsjAGCxYVGTTe,1014,1000,1000,1000,true
1070,5oQmv1vgPSitwFVw7wY3Z2S6BRgs8A7pGvSyYJuGsR3j,1003,1000,1000,1000,true
1070,AJVWo9tKRQbnkVZurhPU8wkXHrxhvfMxbv5bNuYuG6vk,1004,1000,1000,1000,true
1070,9LyNvWZdGhA3Kz3hihZvvpVbvA3sGXqGxvzaWLriLYjb,1004,1000,1000,1000,true
1070,13B7AWA8SdDWwqxJrmBRzPXR3CTWDkkgrG1L775FwMGZ,1006,1000,1000,1000,true
1070,4FyVsMZK5eD69LSjiobQnR7SZtu2tv37nD2QAq5wUdfP,1002,1000,1000,1000,true
1070,8XDqgjwfPoizvNgHZ6rEEvKBtxWdd1Diw5uuWu2DKC5o,1006,1000,1000,1000,true
1070,AkSop41yLP4q7fG66FUQAkPArdPfbSoZt18uVeASjjBU,1002,1000,1000,1000,true
1070,AthFfCpqx2dUfi3L1fFArDajKPLG1GpJz7K2TMdk1Gxs,1001,1000,1000,1000,true
1069,FhtbpjzGqauw2fKXmWHX5qLdftjSTk4WXK6cgD7MnKve,1150,1000,1000,1000,true
1069,FVEpRbDrUS3UUb1nyruMWkYpujKpnVs1QCzXCkAoi7kQ,1129,1000,1000,1000,true
1069,3aFZu9hiuv1GtEqp28CFjoZqm6gdTdam7CRwPKKztTkc,1195,1000,1000,1000,true
1069,BS8YhsrZeoYiumFVXxfgYKLNBqHNwmXj8inRRJM6Pr9e,1166,1000,1000,1000,true
1069,AnE8z7u3frNNtQLVNPZY2PmaGHr4wBfs7aK7jawPEh1e,1140,1000,1000,1000,true
1069,3oj8t4LukF2r2vtJAkrB38ywNLaW8P8CeXBEYfUQbPq5,1135,1000,1000,1000,true
1069,4EcVgEyYhE3xDxyMdjeo7BjRaH8re62snTeNxjF1YmPn,1099,1000,1000,1000,true
1069,15KeeEdowpjadULvHP85kiZ4skmo4J2Mi78K2aNWSvW,1057,1000,1000,1000,true
1069,GT8hgxZxGyzMsp56EvXYJzg1exrBvzDaWhmDC3JEJzgi,1185,1000,1000,1000,true
1069,7Kf5Rv9TQXRzZVfaS8RdoDfxgbmSJwQHSZufXe5LLFWH,1145,1000,1000,1000,true
1069,7UWR636hTEh46NL8quf2gYzv637vAwt2KGGE8hYFTo4s,1148,1000,1000,1000,true
1069,8yALgWHv9fcm2exMNhDCCob3jf4ATstBdYLYCeUk4hcm,1141,1000,1000,1000,true
1069,GtBSgAk9WgLbkqaBb7e8bF6fLDn8rc1UzitSsKPotAwT,1137,1000,1000,1000,true
1069,46X91fYfLLD1yhuCNuZPXNFdLRpiwUHxE3EfWTMLQhmR,1137,1000,1000,1000,true
1069,AZsUvvKW84yWjaUgKn1cpn5npq2xXhitjuD25A65vXiD,1134,1000,1000,1000,true
1069,6jYgZevgExmF9u8KvH9PePRsYCLrUbdE5NDchtV5wNJt,1132,1000,1000,1000,true
1069,5ax1CinPfSjqrBZyA6oSdMrvtmS3Sw8inoF3sdEkoSfN,1135,1000,1000,1000,true
1069,BZJLPbWheMztcptxrrci2oe25caGYyyLh1nsb9rNF87m,1046,1000,1000,1000,true
1069,2t4VCeVPvitc9wbewuyav5ae9D75j5msDfnJPhXFtYch,1110,1000,1000,1000,true
1069,4T3jDdGvA4WWnsRZjX5cXHq8MXCqM6XRssyDLCofQ3LJ,1106,1000,1000,1000,true
1069,pWfbXYzTACXETrTgrBFcgurnkWNwmrN56odTs7XtNnt,1022,1000,1000,1000,true
1069,jpwzf9qF3uMpFY2LSUGVkwA6ZBd3hu73Tvv17RmyA9z,1131,1000,1000,1000,true
1069,FjytsBL2smxGtgZ6jG9dPkSrfdVzpABgF2H7rcDkrUyd,1098,1000,1000,1000,true
1069,AXdPTC4qkiwWRBVrGR3N7qJTmjN48HLbe5e3o3joUWRd,1098,1000,1000,1000,true
1069,5p1kz4Za3noWWswdXvpgLK2XUV2G4Hi5q3gjq7Y9H63m,1133,1000,1000,1000,true
1069,4fLEnqR57rxK1DuhRkdCrhM7m67UtwJMjMJLDhBLVyfw,1111,1000,1000,1000,true
1069,CFaZLMABVzexPjnDqavGNRspfUHKpyT6Ggtn1UBUohdt,1116,1000,1000,1000,true
1069,2apFRGamtaCThZCz8yredUW35M3GteeXU5zRfqUqEWsE,1130,1000,1000,1000,true
1069,2p9pTY1vMDcDnCnFGicawrj4gTzzp9GrroJw9y26JwVQ,1130,1000,1000,1000,true
1069,HA9zt6urpwqeWeERdSBhpZDPLWs3WcRrWs4y8u329gR9,1127,1000,1000,1000,true
1069,8n5hKtmmhzCicbHtA2RD3aYT7Te7yQZWoEquaYzZKj52,1131,1000,1000,1000,true
1069,C79ZJC4qUdQhoaHuPJKuZVmQEz9uTvKymX9yiLibDE8N,1086,1000,1000,1000,true
1069,F6oZgoVZ3trQbxSWTq5Q1DXL1sn9iyw8wfNYUCquz1rA,1081,1000,1000,1000,true
1069,9VnWTWYbwWSpNg2zXy5jgAusQ7tYvfrUF99Yrmnudczw,1129,1000,1000,1000,true
1069,v7ASVQB4eEK3WHPZjv1gPqxT5AwZFwQEUGSSUVV7X8E,1008,1000,1000,1000,true
1069,E4RoinXqn6zRNrPFo1qmWh7f1DB6HVYY5m5edMH4CS4d,1091,1000,1000,1000,true
1069,D1Hz5BhH4cuKtsyKpW9D9Hpu5g6459FUacVF4zH2JbSw,1115,1000,1000,1000,true
1069,5gsmCLj66Bx4U6E1wvrJGSL7z8nMz3T6YjhziUnXHNGJ,1115,1000,1000,1000,true
1069,514peKtg3o9YcFwsx4xyagCbR6UMw2TzfW7ZEu9uD4Kz,1126,1000,1000,1000,true
1069,CEZbrDxdE2nXttqw6JWG5pHFUtEpkugBBMj8FCYnabDk,1128,1000,1000,1000,true
1069,u4co81f4gQ8rpHZrxHeSAtwaVgKjPxzSH8Xs6AcVET1,1118,1000,1000,1000,true
1069,2jiWQcCQdKKJA6fahds9JZdoxHT4KJn8xbkg8fDQH5u7,1119,1000,1000,1000,true
1069,2SjwwaZRzyTmD1jNYUAGztPybazACK6mHVDch4J5m44h,1024,1000,1000,1000,true
1069,B3VkSxzrXUHkxmaRimS7mcToCh3Dgoo92vC1VWjaLXZ1,1092,1000,1000,1000,true
1069,6Ht5gnEgoiAu5aX75Gz44tzMzEcp9cS6SEnSdgCcHBLi,1124,1000,1000,1000,true
1069,5VNd3u3YvDjBaGLEPXyrQwQvoR7CoQphE5C6boDCi9Pu,1124,1000,1000,1000,true
1069,3q4qrXaFdpoPxyKWYrh6LPLSKupYju8GQE8Ksk6oWc4R,1090,1000,1000,1000,true
1069,6W9uE29Ys9Xhh5NxtW5gncXaf3WbfG3xh4NP7iDNjn3c,1126,1000,1000,1000,true
1069,5fACJAWTAho8z7LSW9EfAzzcgpUZDgDYP57nmmg4CaUj,1114,1000,1000,1000,true
1069,FpViBtopCQ2CUnwivaPT9MfBYJsW6nXssC1uS4PvvH5d,1109,1000,1000,1000,true
1069,AwrPjsian99PYGdbGzgWr41vKicqx1m5gm1YgyeYqWdE,1109,1000,1000,1000,true
1069,Bgb8hZNpJrbPuoJGtxZf3YMv4yRDU7G2rstjNu7tHWqS,1011,1000,1000,1000,true
1069,CT3SsPCavxnP5UVWY2GKzRxfYwT9gsBumMMZ44N8Z211,1094,1000,1000,1000,true
1069,F7zQ3yRCUeucwxRQ98Kvn8DsmMBiwxUS5KeGQKzgTsRL,1125,1000,1000,1000,true
1069,HnhjPH9JwZdNTSxLAo6eNHKAMoR9HAxsLNk4jbyBnuBi,1111,1000,1000,1000,true
1069,J5iZ4e4W3jgYd1nkkNhn27BehJ2S6pgJKVvKgbgoZEo7,1113,1000,1000,1000,true
1069,48S8qrL9kNRRqgMRqcWmHHGuW2qRVoQj2rw9TV7KaQ8o,1062,1000,1000,1000,true
1069,Df28SZFhPD6XyPa75asGJdXULKkRfBeX6fjcfnPDGG2e,1088,1000,1000,1000,true
1069,D9vE69AccWGyycQmyg8qkZogpKEK4TSfGex1DYbmjEK7,1095,1000,1000,1000,true
1069,AJ9aTkcuJRizuforNZhZxhDoJ7TdpWt6DRHsL1fbtL7t,1089,1000,1000,1000,true
1069,6XVNSKDapWL1SY3pbzo9CRZ1rLxzVw8hZYUtdCX3jHta,1084,1000,1000,1000,true
1069,6BeYMVYWTM3Lu6mTKPRfp5Kp7DhKjXdEVGARV1hktA7x,1075,1000,1000,1000,true
1069,B2uZVweK9uWG5GJMNx13iw8ZoYWZC8wvggjfN5svn45n,1070,1000,1000,1000,true
1069,ER4XuEtJ3c43DbZXJk2zAnSFyN9R3xLvRuUX9y6f9HH8,1112,1000,1000,1000,true
1069,8zHYKuGKWoxwAWEcf5oKR4yHzG1YYqL7ienzRGYRBd1S,1107,1000,1000,1000,true
1069,Ah4Tucs5XNn8rg5ZNsZp2bh5SoP5edxLajcS8VVqp44G,1085,1000,1000,1000,true
1069,6iQaqjTHm1AM9tJ4mPLoP3H61J4o2TwEhCie8ahESbjA,1102,1000,1000,1000,true
1069,3WrPXTqLbEocKQ5pJyH88bnkZRHCgiNj31pe4LUsB6z5,1064,1000,1000,1000,true
1069,7kH4ZdXQeLiLbF2SK2cEkFDEqcaQAgsJbWSEmPByCzbk,1023,1000,1000,1000,true
1069,Fc7tYiUrrWH248TvvHeiJ7u9ETRwcLUpMvoc8msjqww6,1105,1000,1000,1000,true
1069,6WGjokUMumeMtTZEvD7uZwfK7WvNL2B8Yavu3NeYfMJi,1102,1000,1000,1000,true
1069,4MNbBRuimUcnnr7kE3rDeVZJbPYP68KTKuD6vz8bNyYj,1101,1000,1000,1000,true
1069,Hs2MHrKX3ATNFHPVTK6kxVzRst25TP4T5wRixQ7znKJ3,1101,1000,1000,1000,true
1069,G3s4rcabQ7HRQySNuR6znaLBaTwniUfAVJn9YQWvZuPE,1060,1000,1000,1000,true
1069,Ao7L9easJpdMuHjj9EkfUN8zU5pPiD2GFP78vabtHZQi,1087,1000,1000,1000,true
1069,CDVvmf8fJZVWsH8xiVya1GvQWvzrAmj6busGvrV5yKnZ,1095,1000,1000,1000,true
1069,BNyEZ6YapyLkhHKWo9fVn1uAeBCymdDPrH38XgMuccS7,1090,1000,1000,1000,true
1069,J3aRW6NP3huqY3KfXnZGWVhubLmqnSpVsmB3mddb517H,1015,1000,1000,1000,true
1069,J41VrFBE8kMJV3DaGey6cDhzRZN8kr7sfwt9dX8xv4LQ,1050,1000,1000,1000,true
1069,DB9zZp1VPf4jAwpG8DNVcqjaWTPoVWMvWgVJTuE3zMe9,1009,1000,1000,1000,true
1069,FVTAQsCXCe7NTeKBH1ySuKLRZiCjFx5SpDfb3zbP2vU2,1009,1000,1000,1000,true
1069,FLaoRum2aVJJBHHp9k1TFDM2GMzj92iCGAifUt2bX1p2,1074,1000,1000,1000,true
1069,2EBRLBfgjsj24ZQSDV9WdfHyiwLH8BoXCtYk6tfTken4,1061,1000,1000,1000,true
1069,DUViKrdgDRyRM7h8ZbhqTEs98JkYJ6RXtQa4KDi1W4M,1100,1000,1000,1000,true
1069,2VWwvSMMffuS7HoaP8i2nEuM4JbfgzgK1bEXBuYC7Z4Z,1063,1000,1000,1000,true
1069,2LNZgCzsYUtNLr3cXDQmjxaW67TNXxNMXXwnRDnWbQkK,1071,1000,1000,1000,true
1069,CTcWLZ3sK71qGgvc2Dq5CdWWGCcMSimEfRhZdGwzG8CM,1051,1000,1000,1000,true
1069,BkC5vysSzYY7VVyfy5FjqGhERi3G1r4uhTBah9oYm3R5,1051,1000,1000,1000,true
1069,6oStHnZBWXLTR123WSRLLfpF1nHYMXY6t5UVECPLK9zH,1032,1000,1000,1000,true
1069,GwJV3UfivUK1STLngwfnUaCBDqcMT1PZoWMMPL9anYRB,1045,1000,1000,1000,true
1069,58ANyt85z57wyKa4AzEXRybAyXeL7BfHwHnTVeYWmTA1,1052,1000,1000,1000,true
1069,9eXpc1E5tU5fyXxNWaEkuLgMixT3dZKzTiAq9xSWLori,1008,1000,1000,1000,true
1069,3VAn7gqQ8X9D85ujTZHAfSjuuz1oc7BSvYfjvwfFemSH,1093,1000,1000,1000,true
1069,2ixkKLzGzWeAjgV34FShtZAH7z8oaxgHEEQcEqrSSnmo,1068,1000,1000,1000,true
1069,5Tte5EhRxh6AnaEtxEAcRQDbdfHeN62ppa175G8znPpG,1021,1000,1000,1000,true
1069,AyhLpc6VunS9nchpcQqiqUQymFdQfjc9Qu48wv2t2Yud,1058,1000,1000,1000,true
1069,FtqPy2VwQegY6GYJmzDw9N2ZFPKguebgETy4Ms66TaDu,1064,1000,1000,1000,true
1069,EVXdnRrS3aQXfs8LZBMaUAJDk9pgPr4XsoK85Ab1Y8tD,1049,1000,1000,1000,true
1069,GesC8Zofiuxicdo52ujDgZxtz8jhKtzJ82ZoDCi1pW79,1054,1000,1000,1000,true
1069,6rQnNYrgxXa4LdmbLjDFFNNT7Yp9yebvkHRG3CK9rjnM,1048,1000,1000,1000,true
1069,5rTRcvg7ZA8rmUoKwoNkEsVt8BUS3e8KMsSBgzcYthZJ,1052,1000,1000,1000,true
1069,7gKGug7jKDRq5J3k2qm1dZmgwRsDCvsr5i7fCmsGNBcv,1059,1000,1000,1000,true
1069,9PQ7FrbcQNUgckWdZok5rhgRrHp7pQDLcyAVF9tdj8hY,1056,1000,1000,1000,true
1069,HTEzSnhXiR6NZZBwu2RRCUy59wzRH9gyXAJuDVMMEMpX,1039,1000,1000,1000,true
1069,HkE7ZuvwDQUn4eLBfkv5KSn3fGW8FhgCLHjEzYdFYLwY,1034,1000,1000,1000,true
1069,8WbpGKSJ55u6ctgqAzNo73eSX5YuCHUb73Nn8No7NErB,1056,1000,1000,1000,true
1069,7eSRj8tAP1K7QdURVqUXQzjq7F7xgEZCZcrPeiN9S4e3,1033,1000,1000,1000,true
1069,GVc7sBnu2LmU4wVRzZXnn2rcU6VtCMCE1a2R8RZ6wVrd,1037,1000,1000,1000,true
1069,DUcWicrWqtxNTeYKnJTj8gzbam9A67HMqX2xfXfjxCED,1055,1000,1000,1000,true
1069,Fs7Ns6B7zNaCLkpBU9pCj3wUHx7EV1ZEYXmqEEHdPmJf,1047,1000,1000,1000,true
1069,5RVfFyFYd1qHvUMWMfv5QVko72RygYxZMraa83uSkdgj,1042,1000,1000,1000,true
1069,7W3UoVt5fQBFUbALkZWxpGh7RKWU4fu4eePZEmhssWVH,1046,1000,1000,1000,true
1069,CUrbCXaUAbyJaoGDCAvDtsy5AYvW3VrYrsmMhQ9PvsEX,1036,1000,1000,1000,true
1069,EW1muSM4KaZkuBa2Hn3QRAamvQ6NRVQUVzmvmAWYSqbP,1053,1000,1000,1000,true
1069,JC1YJtw7SUxqzbV25DhN5WKsde17JkhbDWJxJQHEYP48,1053,1000,1000,1000,true
1069,8STen6yksSj8bLx1m7ePCDu2bAAeuEx27VLYuZ72XP3P,1017,1000,1000,1000,true
1069,63QnaN2LCAtizP2NVdRWfzRrPUz7KYDHgb6tW3Sh9yEL,1044,1000,1000,1000,true
1069,HztpDvffqFfHZFQrAjS3j7YYCJK6Qav9qzs7fkWLZpbz,1030,1000,1000,1000,true
1069,6SmuctMH2b511H1ZC3ZnoUjfUu3v6Z831SuJkSPUpR1x,1030,1000,1000,1000,true
1069,35veA4U4jivpztx3jEnvtZBbpL4pqU2atRuMX4axwE1P,1005,1000,1000,1000,true
1069,QZ2poYD1mp4SQEkZgryL41KwKfDir3yn5zh1vV6A22g,1040,1000,1000,1000,true
1069,Q2qobpt8wjTkGu8Vxr81G5y6DpJ2a9LHnjbE7uuXWQq,1038,1000,1000,1000,true
1069,APjBzts43RiaFmvp5c6Gm5vZqqqRRy1gRQkFQq1q9T4o,1013,1000,1000,1000,true
1069,HdKj3ZiMtmcfqDRVvJZDLaD6cxtdxzxppzFcFT1icsUs,1013,1000,1000,1000,true
1069,6dfnb8odMAVzTZK8fzxp6VZfoEUcLcG8xyKV2KdVeU5h,1000,1000,1000,1000,true
1069,DiJbfrcTtGAPkyZj1Xd8huZ1tGJPkLxuENEpvmUDQv9s,1000,1000,1000,1000,true
1069,CicBufjY6nZsY6JcDoNhQcWbYeh5ht9TtnGihA7yJY19,1031,1000,1000,1000,true
1069,DQscuDwX2qDr2biw7UNW7iKmiLqTk4EZv6RQ1A6CpJKy,1018,1000,1000,1000,true
1069,9SJjARGThVxLHHC5T9VoTcNugjT47GWdHkkqC7PYvi54,1027,1000,1000,1000,true
1069,GkSQgdYiGmVgoQkVhYFjo8dg1CWsrNeehxQrF34JJuoD,1014,1000,1000,1000,true
1069,BMj1gWh1edX6CiQD63smjaQ7ZCNGHTkDLGCpnboAjAtB,1026,1000,1000,1000,true
1069,AoAA9Gi53EcTmTPoKcN3HxndDAVmzc3oxDryi6WgCkPD,1012,1000,1000,1000,true
1069,FotqEFcfmLtF1PebyrJPpSJTUfPJAEQ1a4rwcMXc7MRn,1012,1000,1000,1000,true
1069,E5DtzoHumevkZdMtcdd4Lg5ALQ4fMGHwGse8eeTdjmtU,1010,1000,1000,1000,true
1069,6s3AFt6YC5hZ2tSTNP71bzWxRzh5JVGVU51rBbqUC2Qf,1020,1000,1000,1000,true
1069,3rxqPezNHKBEZdsFkCc5F5XDQeBD5bzrrfuTfcwhn8RN,1019,1000,1000,1000,true
1069,fntbGCS8Rv46U1jUVyLP3ZW4rxcJaU6wN5P99bi3sLo,1019,1000,1000,1000,true
1069,ERGbfxpoirDzY8u82wBjjAQ7iMz5N12Qz7KyJSBAYZiW,1001,1000,1000,1000,true
1069,3UPQTmipEn79129LzCXoVeLJTJaz2SfF4pCdkn3kBGCt,1011,1000,1000,1000,true
1069,EEBujv8rGofdS4xtj9H5RRWMRtmDgQrhais4hxZkdLsH,1029,1000,1000,1000,true
1069,4nVypmrBEoudxhK1gppDPkukHEkhykote6HVRazESGqX,1028,1000,1000,1000,true
1069,GNvQoYuRzbZp5tFymrcqQmFWL44JbHEioQiWYkfm6Y4u,1005,1000,1000,1000,true
1069,BSiz81NEomiP6iVm7uXmBzp2PBhYMN6xWycWQ634DBTm,1007,1000,1000,1000,true
1069,Fx5dvrwZKbZuRQ74UzUjCRP8ZzbkNSxy7ctDugWmTPkS,1010,1000,1000,1000,true
1069,6T2D5idfW4JKUSTG8gNn3isBgx7egEy8PS3LuNZ1Cjkx,1003,1000,1000,1000,true
1069,8yBMZETREFhMKpcrvzt1H4L2tUK2kjUcXUWfpbAr2GVM,1007,1000,1000,1000,true
1069,JARiRhmXbq6JbJzFN9hPSV4T8jbn3KHJz8iqoDgzHc5d,1016,1000,1000,1000,true
1080,J993V946UMdxxYAfj3uGdMkjSdpPSSQ4hFbxs73dScnK,1118,1000,1000,1000,true
1080,EKTgPP8juCECspTepd4jVuByZfBVjtiHi2KjGE7xFyfE,1106,1000,1000,1000,true
1080,7bhzgJihPV1f6o3ym6pvVYy8jzfqeukJ6HZzPE6tn3vs,1140,1000,1000,1000,true
1080,8yfskPwDZHf74iTGT4bThnS72P9pwXWd6KQdbdfjpQKS,1032,1000,1000,1000,true
1080,AJbLJvkVYwNWCRE3h88YfP364mouRLHH4i3ZQocBf4RY,1142,1000,1000,1000,true
1080,5m24VWYH69GoJHkGLKbZripZVk92qWJevMG1WSooNBVt,1107,1000,1000,1000,true
1080,HG79RX5LqPG7R3yaUwXf7uXxSQh1H7H3mdrAxVooHQL7,1153,1000,1000,1000,true
1080,3Xf5VHFvbym7ay2cEBtApEqPTC1DT6V6xZjVNazbzJ5b,1143,1000,1000,1000,true
1080,MVbWCaLcuCDTTKFhwkaxUBRZNsMHcHP3rPqdB8WMzd9,1137,1000,1000,1000,true
1080,8nGFnfZ9Q3R5MCt12s2GF7neU77AbiECFjBKyNR8wxdy,1120,1000,1000,1000,true
1080,6psMWSd5bqSiCnK6hKYeSpSLLKctVtDikEBmoB8bpXbP,1139,1000,1000,1000,true
1080,GDspFN6ZrUE67B19fYYp2QryWBpYAYyERc7k3uiMrDoh,1008,1000,1000,1000,true
1080,Cd31PqYXxPMZX8vybzLt218mKYEmaT3s2wd4wcQtuQjb,1115,1000,1000,1000,true
1080,5ciYfj73U4hqr3JVwd3wa1NFEEkjaeRmZ6QqanH7hAbP,1081,1000,1000,1000,true
1080,Hbcvb7pRcG7NWQMsTzQXvscBLpCZdL6H6YqN4RuV5SXv,1112,1000,1000,1000,true
1080,Fi322L9FBMggZkdCSkSPEG4ae8qLicbXMKVB37FM4Q42,1141,1000,1000,1000,true
1080,4uXru536wYboKnLtfH1G3TvnsDVpdPcZLq5ruc2BJQGC,1138,1000,1000,1000,true
1080,5TpU5t2F3UmZMcwaJwDmthXD9VMwAH3JwrDDrukrbkUT,1038,1000,1000,1000,true
1080,28Rf2scmua4ZiTq8Dzw7jcypYuBXhX6R2xyz2Kwf5BxM,1070,1000,1000,1000,true
1080,5QN2yYHu7PnJ2sDV898H3i3d1C2j2BGUoGYe97t1rXJ3,1104,1000,1000,1000,true
1080,EAK7qJJRHVzmSg1vwr85GtS9J1Q1Pn3twciv7HnCkohc,1046,1000,1000,1000,true
1080,BcYhU8hQrEAntLfRFEtGzRA7hqdyLSNYCDYMmMbU6aCY,1136,1000,1000,1000,true
1080,5ECfSSH1ufBGPD7uwfrjxBt18R5WDMK5CUvBGQUpQGCf,1121,1000,1000,1000,true
1080,DPM7PvAn7W4H53H19pXx4sFTnB8bof1oDzVmVfUS5Nqu,1119,1000,1000,1000,true
1080,2P6TpXQWbWdVmqzQxwvQMXkccuDgTLsLovr5ugKCo1gD,1096,1000,1000,1000,true
1080,9JTujHb9Rq2j6tXeuc2uZgmn26NDNmNr96cqNMuACjFQ,1085,1000,1000,1000,true
1080,HJNLRsyd4dwif2va1xoKMtez7EDiYw4UEFr5vBHUgn2c,1113,1000,1000,1000,true
1080,AeiJ5vqopjRWh44NXvoKFP8ZCPtfbuPNXesfVb8sUSCS,1098,1000,1000,1000,true
1080,5obSJKmtchMbnGrDm8pfybHYZELQKrfXJUhCjRKfzVSG,1117,1000,1000,1000,true
1080,D4MogiRxxkQaekvEpYdJkUgJhMKeBewYNcC4tS8g66kd,1111,1000,1000,1000,true
1080,JE4CB773uAqr7BYnxPKUd6HKutmNx2kZSgpFJv31soSy,1110,1000,1000,1000,true
1080,GA44EsMZMEChLRQQYYY6MbKdhztEBLpUJd1uCP9Q4tre,1103,1000,1000,1000,true
1080,D8TfEWqpj468eeRRzFt6yRwzTBpfV92SmhY4r3b4jjXR,1021,1000,1000,1000,true
1080,7Ac2T3xfMKQFFGYoPmnvRMs44exWgmp7rLTKiXcDJ4sc,1062,1000,1000,1000,true
1080,9ENpb7hiWyMHrJuiqHe4CsNdxXTHd9VzM1wGTfzzUfdS,1109,1000,1000,1000,true
1080,CoNoqjA9H46qeNzZW8E6cMweag997nxtJe1EdXTi9g3u,1095,1000,1000,1000,true
1080,4CFmnw6GDNEMGgaXmBU4Q1EwjQUsj9zJmCb9XVwQ4b2Q,1116,1000,1000,1000,true
1080,93iHuejs8RUDWF2J1AJnpTB4YD6N47Fn8kVt5YrCYMvd,1090,1000,1000,1000,true
1080,UcqzV7ZAD6VXujndaRKDdwGhV53ockVmrSqaWxdhULN,1067,1000,1000,1000,true
1080,6HHxwpysErPPFn6cisM2wXv8WZgg2yRji19WJ7RzLs8o,1094,1000,1000,1000,true
1080,7UpLkhTSf3aygVpVKiupAdq8t76ADHbmiRKiMXk4feAJ,1108,1000,1000,1000,true
1080,J6S6dM6XXnbmEmS1hGkdMHXPbewqexBnvzQWUHPvReED,1076,1000,1000,1000,true
1080,9J9eLx4KFXzKfDxQmS2j8mSDQasiiqUNsdQTugr8EhNR,1114,1000,1000,1000,true
1080,CqYfY25QDQpw5Cs5pz6sQs9XFN4b6RVF2GtwB2TYLHsi,1001,1000,1000,1000,true
1080,FEeR4XHTCWnwdd5iWyR1A9ffUUmAPEGcXmANGcajDSii,1088,1000,1000,1000,true
1080,DbYHfArUDpYYtPtaCQU13XACvprgrE8euKi29aMWcK42,1091,1000,1000,1000,true
1080,5uQBssKU5ecVotXsjLRTeymLybY7H96CJun12pcksgZu,1087,1000,1000,1000,true
1080,2xQmoT1EKAP97gKVRM2X2WbX17TWb5XT8mVQVaxufyS2,1080,1000,1000,1000,true
1080,F6tn9ZQLmTXxcJjJvxebyrKDDfA6jdmt4FMrr4253RAP,1105,1000,1000,1000,true
1080,6Q6hD49vMamfG3ThRDuWBPbyxTPHsYogaToysjAAaBKu,1069,1000,1000,1000,true
1080,GG5cFe393bBBTE5bAdUXQBX73kRdE2JZrpidbUPjihPD,1099,1000,1000,1000,true
1080,7ApREXu2b76dUQmVDw2B3CeB49LT4JARFAMHh9yM3vEF,1102,1000,1000,1000,true
1080,5En3FSZm2fYW3SBNigX2FoLAKhePHWovns1on8TTgrXv,1089,1000,1000,1000,true
1080,A635ZE75Yq2h45M2pBQstBLsLF22iKLPFaMkudu3ztQS,1101,1000,1000,1000,true
1080,Hfj2P94c3RaCdAoaPxcbFW1SbNL7YAQD2gbn7mYeNQXU,1012,1000,1000,1000,true
1080,HsMYaeWRWFo722CGt2ixGspr3GEohgHKmbo3JSPb98sJ,1092,1000,1000,1000,true
1080,FHsveqdo4bCDXGMysw8fYbAgtVNv3yUs3AFKKJHuZSEu,1207,1000,1000,1000,true
1080,BQNbrxrVjUF5gSaHFz8rXgBQgCp2dPfACw5msKnNqacD,1187,1000,1000,1000,true
1080,9758cLBz7qoPVAkjaNSCQgAEz7kQUfcDjn7fg8PtD4gm,1210,1000,1000,1000,true
1080,JQoz69gJKZSF1iXmRZFecBBjdQmhnVjU9tWXgrKY3Y8,1209,1000,1000,1000,true
1080,D1pejGFvx7ZPKcwcmZ5vzszraZvsctHRZMUsYNyjoo98,1208,1000,1000,1000,true
1080,5Nrp7nsZUvSwDwwWw9uQ1PxFfch15aFyRXPYFLbx6iVc,1199,1000,1000,1000,true
1080,Hdx8rg4RTX6uDEQej92r23ETZMfiZ2VHRs4DKTuMVxgk,1186,1000,1000,1000,true
1080,F7pGdB4jbxfmVzV38CGb49MrPbtTzwWEpbw64Yf9Yqw5,1206,1000,1000,1000,true
1080,6sSZTipqud1ZeDzLpftEz4kUaoK8RFcKVTpgUFh8KGno,1202,1000,1000,1000,true
1080,HhbGLaXRVAFPstfRiShBQstV3WxJXFFEvLzfoW68EAi3,1204,1000,1000,1000,true
1080,6fkAKSorHot7kDnUSHAgVEkCCpbTzeoFTGwWb2do7X5f,1190,1000,1000,1000,true
1080,Faby86UFi7TrtWYWSuVE1SFMBb1NP8WqtPrbhn8fBPBV,1201,1000,1000,1000,true
1080,6Y4GcetPzjM8ob61YLY6mh57BmfTwB3R2ChQ5Eskirgd,1018,1000,1000,1000,true
1080,8GS8gdNDBKL8CBwBKM3Y7xKCSttCPDLii6BwDENcFpns,1189,1000,1000,1000,true
1080,4NDN1zj93afyrkRmc7W6PSVteC8tXuPAbEnGUxS3q3qZ,1203,1000,1000,1000,true
1080,HPtwQ7CGMNnjhXBAcnvVD1DNki9zF1WEMofyaS2irK22,1177,1000,1000,1000,true
1080,eumVzntUGrp4gxuqosZsXzMV3aMfd3MkZbd5jC7KxUj,1034,1000,1000,1000,true
1080,DqMsxjDUTF7EHnaFoTYruZhJiVsxV75Wgbdqytc5wDJU,1200,1000,1000,1000,true
1080,A3KnvVuPfCkcvrWVRKYJSWHJiGJKTLQVgjj4FkrX5KU7,1205,1000,1000,1000,true
1080,76iqPtJP7H7cZWM27GyC8DHyL7hzwVj1XxU3gjwBVoQk,1029,1000,1000,1000,true
1080,5CQt1DidoAFnG9ErVNFBHWVB21LgTevgMqLpnYqdPGtx,1132,1000,1000,1000,true
1080,2vZG7D5dVeGSc6UTXDZAFz3JVFmQi8NFP5s1Eqxjkcxg,1197,1000,1000,1000,true
1080,F8ZP5DddREqFDRnaubAJmcH3uobxt5QsXDsGwCZ2DGie,1192,1000,1000,1000,true
1080,BCLQKUeSKNEgbgarhHyxsyGqdbzLVGGm7GqKP5mZ9iz3,1196,1000,1000,1000,true
1080,415GY477nkaB7tceqecoAh65oNFFRTr2PBFN8osRKZmc,1180,1000,1000,1000,true
1080,5qgYtDgLEaLC2eiDtLELMW9GjwPPhEpg8JVjsTRjrkiA,1174,1000,1000,1000,true
1080,mV5ndkAFkr3VM4cJs9P3sasixPnBmM56MsWjYNkFowN,1097,1000,1000,1000,true
1080,9ShxjbQuCJfSSLUsytvLngkaULUwqjueEqCpLn1aVFcs,1077,1000,1000,1000,true
1080,JAcsHJinSuP4STwEuq7ED1K6N8Zkmko4WUzi2zaSu1bY,1183,1000,1000,1000,true
1080,FtPQQD4kMVqFWABLaXvdxhjagYwgHg3hHpqf2ohuxTBA,1172,1000,1000,1000,true
1080,7QcL5pv6vE9xySke2V4h5hJAQwnHnLSxZV8iHyJ1MHye,1168,1000,1000,1000,true
1080,ERhvj7TGTJjwgu5nayqFitpe1oEZ1WhQEVqFhFA3EPZA,1122,1000,1000,1000,true
1080,EtA9FrGSF8PGgfr4EArtkbgSDp2W68LjSuoA4Hgd3jYB,1158,1000,1000,1000,true
1080,3ea4AKKeRTLhy8WyUPc2QAX8dT5SCa2miMyVjv4gHVmu,1178,1000,1000,1000,true
1080,ECPJfZStfLE2LNfKW7tWFSKT1p1WCuXdw3WtFDJUyc9H,1167,1000,1000,1000,true
1080,BnsXW3c1Pb8p4qjtg6ajHnykpLPYdgY5s3J3NFT4XEyW,1173,1000,1000,1000,true
1080,5zsPzMFJncxMvzgVT1ceGd2RYN25JKSRQkbPNWMLrvHq,1157,1000,1000,1000,true
1080,3yqeAncMTiRraad3XezekwoyeMCEsj3SQ4qP63y4npQ6,1052,1000,1000,1000,true
1080,Ffo7NZzkrVCTjVr5qHw3FjnSfKCSjXuBH7tmdWC9fues,1166,1000,1000,1000,true
1080,2pYThfbdWxmyc7Xp3Gco2YwkQuerJ39wZbu2678LuEvJ,1188,1000,1000,1000,true
1080,AK5Gx4LxXe9Nqe3omC7wBKgRLu57poqRfMaSseeGbsqq,1165,1000,1000,1000,true
1080,5JG4RDBBNW5dsqFigwBKEwbHBhARHfTx2f1wsQZxwKRb,1182,1000,1000,1000,true
1080,ByQkGW9WoQDMjVchVHNQwRsjQCJucQjfUREcgjp3x4uE,1169,1000,1000,1000,true
1080,Z1RsdXSog8bSeM5CvUZCvBdFxMGCfu6CGADX3ZA8aUo,1154,1000,1000,1000,true
1080,DTVX6qwQWMNPJyX7QMPtB6Qr6aqfdaVpbPvyMBXhEaUS,1144,1000,1000,1000,true
1080,5dGAoP8zGMhUiVHx9g9LMUJ39rZ72DADgXkaApLDDp2q,1031,1000,1000,1000,true
1080,9uKRTPc8RRTJAGPqcF64t2ThAe4VesLz2mWMHMCpLcs8,1074,1000,1000,1000,true
1080,F19SpUb2NUYpS7K3uHQGvtLQACBg4deZ2e4SRCepcxxG,1171,1000,1000,1000,true
1080,B7uJPNn4yjitNUQBin7SrSyEG6MiBUMjkUxpyYokbqto,1039,1000,1000,1000,true
1080,GSohWimxivavZmiwCXVvsXZXi9a7KYEpKeCbjGvdCp2h,1079,1000,1000,1000,true
1080,ENUaPQ7T9mmB6U2VRo8mjFFst9yrtg5csk8v5dbQWTNG,1134,1000,1000,1000,true
1080,H3XoUbKyXZQhiXV9dYTd7UrwfP9JJuMV85AAwQ4cty2N,1164,1000,1000,1000,true
1080,JB619wQ96aq88YccLvXxFw46X6E1PWUiUArCYRLudP1L,1149,1000,1000,1000,true
1081,Bws8XSBU9wyEDrCcXp9VpBkxtwg2oGn9rToxEsnexdHx,1295,1000,1000,1000,true
1081,9REfzJcx9c9gTfvbBJNpK3y7bmunkyuFQ9hKBAi7AFCd,1278,1000,1000,1000,true
1081,7E8DsZNKWpsq8xjNzhuzSu6hfRTBY7L7eLG7hfMRg2rs,1267,1000,1000,1000,true
1081,NZ7dM9eYvgpsiAR2sEYTGmuUQCEEZQet9UursTF9y7G,1291,1000,1000,1000,true
1081,3XQMhSZNLKgrHXLdrkUrfG3HtARJqJAbw9BkaH1hHYvu,1298,1000,1000,1000,true
1081,Aa3GuPvWGdUK1VsCzd72RWkJS4xtWv18EMrnpKEYVsNS,1297,1000,1000,1000,true
1081,9sbjdHtdFyUKVKLKTF7Pj2K9H8cq3StiQyLqto9sjEro,1275,1000,1000,1000,true
1081,GMa6PxWLM9vA7LCx4Rm7GHX9ysuWD8vYi76MfJmajJ2c,1284,1000,1000,1000,true
1081,Bppdiqui4C4L8Dc1C1mKyR823XVjcHd7oeHHonN2Pd6b,1060,1000,1000,1000,true
1081,Garjp6jwaEXYXpucoeRGHmuzNrHprSevcER4kRSH6f8R,1299,1000,1000,1000,true
1081,56dUpDRiAHefzwgCQkfe3uqH9UphDiM4G3bCFZypb7z8,1299,1000,1000,1000,true
1081,BZ7cDKviC8joSwfMNNeU5v9u691HwcfbFmsPqE7EBkdt,1299,1000,1000,1000,true
1081,EheGYYuvFeS32ytJLiUkqQic6E2aBVGCjY1KMuHrZUYq,1221,1000,1000,1000,true
1081,CJd5p3kJRsUK3yh6qUuNDxZMnrgFvzNVAbsRk1QWPKCV,1277,1000,1000,1000,true
1081,GAX8gkY4zNf3ArHxLLtPUsEv9mxexw2azqC7XVzPKxoN,1294,1000,1000,1000,true
1081,33hMVCNwiqJxDcxgpKLK2ZPtCEdREQ8G3TR8XrEojkoG,1296,1000,1000,1000,true
1081,QfCnDffSHfFu9ypvj6Cq6bMeh7yzQwwZU9CydqvXcFa,1261,1000,1000,1000,true
1081,J8T4t5sqkA2TLoWXMbdt47QMMnkcJ8TseFMUjnRm9TsX,1290,1000,1000,1000,true
1081,CvbNA4F6GLDec4Btyvp5ULgzQt4g1c57chhx41iwgBQj,1279,1000,1000,1000,true
1081,CQV8xzavz8Y6VSgqFnU75a8XZ52Cactzwukxce6GJK95,1286,1000,1000,1000,true
1081,8C2U4myAciFNb5CxhNATDMyankewVNMKid5YRvSvZ7rf,1265,1000,1000,1000,true
1081,DLESeJcRbBDVepAp5Z2ALj7MmFv8AR6FUCjLDm8dxS36,1281,1000,1000,1000,true
1081,GykeLzBUyUdY7mJqNYxdcjXyCaVaEtDweKGd7FrVEiVx,1280,1000,1000,1000,true
1081,6zDrioP2QZLsUfCq9uVNFGNuUXZTGc7xwgLvPVWf2iU5,1231,1000,1000,1000,true
1081,AbSkrRJE4Gxmb5XNxwKHQBjK2pa7CWuBmB85DZ6J5yLc,1271,1000,1000,1000,true
1081,TW6ZSSG8hMvBhsVPrLU7xrXMJYBr9brw9dhwgzfCLrN,1292,1000,1000,1000,true
1081,AKEAQk91QnEEwtA6erZsTBKp8yon6ZvhGraz4Wgqh7VV,1292,1000,1000,1000,true
1081,FdEg6nznAMuUTqcmbn2tqozYDjQr7gHYMHwEU5g1Lk8u,1286,1000,1000,1000,true
1081,CpsXDXmVpPW1arUFw4v7HkqvkMJysF8LCxhXaL6vcVSM,1272,1000,1000,1000,true
1081,C1tVG24dEjiPZPqiCepvMdMdr9t5QBGnDUsFHHYhZxvB,1252,1000,1000,1000,true
1081,58hqEfweWdXQDe5peUK8Pp4Jz8qJneaNsk7S1J1hjZHz,1275,1000,1000,1000,true
1081,4Zm9wL4NeYHVSV6Ukfsykk6GeQTRstUGV6x1w7SfikRY,1274,1000,1000,1000,true
1081,3rB6bEeG6xDLrtcCbKWcpWgJhaHpcMgREJGGSSNH1JBa,1293,1000,1000,1000,true
1081,452E4XHqvDtGJtf1PbPvBJcncAcdoyvWWSvo442ganGP,1289,1000,1000,1000,true
1081,2LmHEQMqNifNuLrPF5Pg2mFPXDwMoEAMjJDpuNi1Yrg1,1288,1000,1000,1000,true
1081,FkuGAkASaLMRqCDA2V98bm5YDQJkwkKYennjNP53X5RB,1257,1000,1000,1000,true
1081,SNswKoPuf4d33QGLjwvqSSAM8V2aq6HqgxMKnumc5jT,1257,1000,1000,1000,true
1081,Hi3nq66QjNLf8L4U72N2rMSRET3P4uRGaSWfUf7e1UNq,1283,1000,1000,1000,true
1081,FrafaXrwsDHwVnNxFHyXNA4TaJEWAqLVLDEgH1yDQBFf,1283,1000,1000,1000,true
1081,CCQvZAhdfWY95mbsJ4LsCMwN5ZxGzV1B2y9AKU5WKnCU,1258,1000,1000,1000,true
1081,52guP49cnHBwgQGqHTYNPqeQwjfcz9KarLNCwCDx87fZ,1285,1000,1000,1000,true
1081,419UeR1dakUU8CX27UoYFfQ43gVpAZCvjvpDaUjjnedq,1285,1000,1000,1000,true
1081,5D2tnU4dq7PFAxats8rMtipnfvecjNVJM3HHnEL8ayaF,1269,1000,1000,1000,true
1081,6T6yzMvcBVntQEyijse4WTcwNFrNweAejJPwvS1oXfcU,1249,1000,1000,1000,true
1081,FuszaicLMZaHd1G76crhz4LR1AbwQHgsmKBSAi24P2Bp,1269,1000,1000,1000,true
1081,Haws5hCsoWwk9uPwEa9ozocoYG2h7RDshXB6MBX1ojtP,1244,1000,1000,1000,true
1081,7KqUnGhD7ewhHLZYsfJ3FHLjCF4XVrtxajMHCfL5DQVr,1249,1000,1000,1000,true
1081,9jBvMYhs9exdHmUwbepb61xwB4HzrNUrNWfDa6ERiP64,1193,1000,1000,1000,true
1081,AjGM2DfuyNRcae4aN9pyq3A1kXwRcPzaooaAL8gEeqSB,1193,1000,1000,1000,true
1081,6WUGvVEV9p9ynfkPm27rykUN9F6bJnuouhQ8fjtwt9Nt,1145,1000,1000,1000,true
1081,HE5NXzdTWBg2K8hFuhNeSssDb8THnSaBjwaLwjmBP9ho,1287,1000,1000,1000,true
1081,BNgHVtzeFDbJkSLn98LxAjouMCvEdcnMRFPthX8M3u2k,1287,1000,1000,1000,true
1081,7f3rDjh4ULm2T3i29dyS5ep6F7L1AKiGNaqg5h17AYXN,1254,1000,1000,1000,true
1081,88Ry6uZo19FS3KUPfSh2GhJooynUiuNY1unEx4gx8r8g,1266,1000,1000,1000,true
1081,C8caRTpdK1opz4Aghh3B1a6ey5WFbYpQVEiHzsVHXhMa,1270,1000,1000,1000,true
1081,EAhmHF2ssdqUqotbyeufATgho3oCku5XFe8fHHJpY9Es,1284,1000,1000,1000,true
1081,FasgS44kCXCocDWrpnUiumGGCYxf4tJ3yRVUZVtUbXHc,1276,1000,1000,1000,true
1081,TCfwcFSLnGeCTXuQL2Cw1yuuYuy6kxTJjX8TqRxsBbN,1083,1000,1000,1000,true
1081,FpkCMDj7MuxiVV4fzh74FUN8fcCvYxyfozFVU3TXVvh4,1273,1000,1000,1000,true
1081,4x9wzajapa2JpcRRCmL9BESdqpiPdjYuV3eobY7o2AMp,1255,1000,1000,1000,true
1081,4qBgfsWQirbXmBu2TwRbvgHVoAJG1zUP6QPHEzw5dydC,1250,1000,1000,1000,true
1081,4SjQgARTG8fmJKqfVCTTL1s8x3k4EmEPLPD9GnGpY55X,1239,1000,1000,1000,true
1081,57zW7kBM6Joc6BrC1Bznxh43yd1KXzhPrneviWdmk8k5,1268,1000,1000,1000,true
1081,4Hz5b5dAH7NpGygFUtXfzAb9pfzSLyM5fV3xgiBAPhPW,1268,1000,1000,1000,true
1081,DcSxtZoK2K4N3ZkEtkZawXaVJqHTzuhTB3jCbqsy9jCX,1265,1000,1000,1000,true
1081,HLjDUR3PTD9BSjgdyRGmd3e1tv1cczcQ5i3MFQXKRPib,1243,1000,1000,1000,true
1081,FYdhcTXDL34RYiN3So19o99e1nTpJ7DwFaFSR64wDzJk,1217,1000,1000,1000,true
1081,6aBTkqpktMq7FmCfuFQVpztwUQbRXck1CpdDmMrrbQQF,1198,1000,1000,1000,true
1081,AmWm4W7KiLbp991oR3HA4UvMfa46sCMdmvE6XV3Mf8Y6,1259,1000,1000,1000,true
1081,7Z8TWDuyQX6yef5LtZ9P9bBUNbwc3KZneHDNptqFmhtw,1282,1000,1000,1000,true
1081,8LGTmichGC6BWuHkjB6rdTqa8NphcSczjk5cFcQXUvgj,1282,1000,1000,1000,true
1081,GW45htR36Hmp5bm5jNoBbtAh5AB9X3Q3wbEcbYfb673U,1280,1000,1000,1000,true
1081,EZjDUYiKefspDJwLuX6bWvmY1DPBKXxgZSax8MpCeC2x,1263,1000,1000,1000,true
1081,9g2iZjxb43s1x62N6TnyL5nKyYPFAhA4L9SDU6nWqc7q,1196,1000,1000,1000,true
1081,7muh3GmwFzRFMyE3o3Fr4k4fhEjd7Sa1vpGsDDRhLWR8,1253,1000,1000,1000,true
1081,83QCxDQKsNAtbyXvfGTDYJhH1cKQeR9J5bih2X14vnTt,1264,1000,1000,1000,true
1081,7pVyhZrhv2fNvxg2CnJB4FtMuyqUmEFQsYLSKyxKx9W7,1269,1000,1000,1000,true
1081,H1Bhw1imC3DbJ3tYzMhu26RUPCE18GCxCn7T2QaNN2Mr,1260,1000,1000,1000,true
1081,4xF7cGegp32VQUpnpM27Hk2aVE7Jzn93Q77GN8KYpk67,1215,1000,1000,1000,true
1081,4C9T2TrogPFkW4X11eLcHAbFptRJ6oaHxgmQXeJKucr8,1215,1000,1000,1000,true
1081,EM3DC55cVB4LBrcF5XzcqStGPnRw9FSz8NcS3TPt4T44,1141,1000,1000,1000,true
1081,3gb8fuxrVVGv1RPKCFYocWRpDiDAB8Lou4r4UVRUEkL1,1090,1000,1000,1000,true
1081,99if34vWNx7PQ1BfmFFrgAHRszmYpG2ykboePzsvarHY,1192,1000,1000,1000,true
1081,CyaqAmGpj48TJxysMCEVmSe7XhLLMQRUT2UJfTBwiBd4,1248,1000,1000,1000,true
1081,2JVu2W91s6WQwsjdccPAN7mPaANFBDnesdah4F8FAh5D,1237,1000,1000,1000,true
1081,2aeMi66HjAWWRRNAAdD9Xkg2UafiNPpXpk4NpGjynkh3,1225,1000,1000,1000,true
1081,FPduDQBWNG6Vbn2G7xciGvs7bzU6bQm6c47bsVVfixRq,1029,1000,1000,1000,true
1081,5vuzep9wWoy8GJ99b4UnPoFodBmrVdQx2eX2FJcVWFE8,1247,1000,1000,1000,true
1081,8mr92qrip2figuFjKUZsXChUHQ58FtbJ6cf7jpyoBZ9r,1221,1000,1000,1000,true
1081,659qcJrHPtRYz1JuAdaw6VkN2UgeyuZrruAKeMneFsmT,1262,1000,1000,1000,true
1081,HSPEz5En8geSaEJyUhf4Br68XrgBE2yyBVFwwENHcRTS,1256,1000,1000,1000,true
1081,G3govpfANYpVEgxNTp2aBHLTuTETqjtd1Nur7qCGFPWQ,1238,1000,1000,1000,true
1081,63WNRcjbXR2XQ4pWZiGq6wTJnQGHLDmLS3YyqKSEKini,1241,1000,1000,1000,true
1081,FMe47q3123WDpH7y6SaF85mZYhS2XqF8wsKK7Lz8AvDv,1089,1000,1000,1000,true
1081,A5afw4PjTPqipSLS8Fc29ppqLEYyfKiuvahhwyHmXeWW,1251,1000,1000,1000,true
1081,Foa3T49wc413ArxWox3VYY7Dzw4ocf71B3nWCPKunRVb,1251,1000,1000,1000,true
1081,9t9duABdpJKqZjCeP9GyEtMrXxH4fWAejpppLwdvp4gk,1222,1000,1000,1000,true
1081,2q7Nfh8bnr6uyAxVxrn1DKyF3D4E2RK7X2RfnGTLdPjN,1253,1000,1000,1000,true
1081,9Lzh5YYBdsVQ4DsHYB5fm8ceDpdp65s6fHrJcdoZR98s,1218,1000,1000,1000,true
1081,GtQNBysvBNBex42DAubjNnAswjJ9oVUojHktHtKEtbEM,1233,1000,1000,1000,true
1081,2t6BoM8ko8qp5XVMntL359jQm5U3WyNGqcRJU2NzGmoo,1239,1000,1000,1000,true
1081,8617KmtTw9JZnnaBZ91taCY8gV29fyE4RrSebS3UTnHc,1238,1000,1000,1000,true
1081,7Vop3zpp5joviC7x6kammfV9dWizhngugdcsKivmJcDT,1179,1000,1000,1000,true
1081,77kgekpkxKj7xgjZrcf2xmVZyzTzj8Z6yFRVKZwpMNTQ,1237,1000,1000,1000,true
1081,7ogjeJZB3AaVhkuRwooEKYhweG9eU3MXHGyJi1Etxo31,1225,1000,1000,1000,true
1081,2AnG6QfKnFgv93SiLJZDhL7nnnR5c9JWLFkHUWtdLR72,1149,1000,1000,1000,true
1081,3PgexUr8txUzYk53TksNywM4txFy2YKA7CKSFQYQYzeP,1246,1000,1000,1000,true
1081,69oJXKEqrhoKNiCz8gNfsN5CpSpv9LouMovE4fZnXCt2,1245,1000,1000,1000,true
1081,3AUdZpxYoim9dPGFcxHsSUVATcZp2heFmhqYpY5bWaiM,1245,1000,1000,1000,true
1081,5M78po1JKJZ3tNqa932aWRo4x6rciunwsF5kEnY7pyRd,1211,1000,1000,1000,true
1081,8Vcyfbu1TfCqQymgAGNpjeqMxsQGDhiT7bk7skdqCmkM,1214,1000,1000,1000,true
1081,7kFGaEqJzqD1aHzQW1b6nZG5gZxXZzE1yyGs6XtTo4Nf,1218,1000,1000,1000,true
1081,HrF5BVjzDyGjJgH59dfjUqEMZH1N2i7KffyRx6DbvTbu,1138,1000,1000,1000,true
1081,7qw8TS4CKUv9Zir4NspA1TvaxzSQM3uUB6ePXvqWTYvM,1159,1000,1000,1000,true
1081,FnF6goSeFk2KGgmnQFYYFdQHDF9EArjJLA8jFK3RUU7D,1226,1000,1000,1000,true
1081,9JV9NjykvmXvX6B2Aqbty4nyRU3LAJWhtbwZNetgNVbs,1215,1000,1000,1000,true
1081,8seYJzgMNEBcgbqvVPPa1NStG7gbEFZ5nBXbAphW39gC,1242,1000,1000,1000,true
1081,6dboWWSpffnLBYK3aQ1bPvrSeAYyy62izE51WaWwhkUH,1160,1000,1000,1000,true
1081,4oadBbg3bhniERY81u9zUcemGk2U4bYgcSCKKnnJwAuQ,1194,1000,1000,1000,true
1081,AKUfDCopPrF38JEVfHszD9xeyRq1TFKBNT6M6Ta2hhUi,1194,1000,1000,1000,true
1081,CLiDRHs6SDPRg7Lheu6meZL9KTzejwTPoGkmeysiDjjg,1224,1000,1000,1000,true
1081,6HUcWnHJXgqsWUXTUoZj1CkhFgZpauoJ4668T8VpurBd,1175,1000,1000,1000,true
1081,5QUnczbJrjFwy2VQAqHxfGoaaSJUTP5f4A9iGUXAyNcU,1237,1000,1000,1000,true
1081,HRTTZwSSgMYKEPbeCqeFLtjd3TrX7NU1EbyEXwSAdacv,1197,1000,1000,1000,true
1081,DvFv9LL6oXPBVzMr896e5DFCpUPk92Lcykpms5ivcywD,1240,1000,1000,1000,true
1081,iB9rkmqpLECRXweB4y39tPS2ieyYCN2g5wEhZR5MrbT,1225,1000,1000,1000,true
1081,BQBGiUf9zQEkc1GzGmmFoyATST2VBi8tyDc3SLBkPzk3,1190,1000,1000,1000,true
1081,Aj72E1JT6RmnnEYhxMgBATK6wWRzDBWJ1zaoBRQxpT4z,1219,1000,1000,1000,true
1081,Ey9Qm2eUKvjpkF6w7xoafN2KnHZ3rrnmCDwrpK3kBTt1,1219,1000,1000,1000,true
1081,Fo8iw8z7eU8KP9G5sTscRLaXRYoVkRCRZgrWCDwMFXLT,1159,1000,1000,1000,true
1081,4V87nif2T9Yw1ZZWGnkyBTjVCvU5NSGahJpwNzNBFtDT,1135,1000,1000,1000,true
1081,71uoC414ACeRNFLMjnBUFWKgPvpKqXxf4w9Ajp6TmYsR,1157,1000,1000,1000,true
1081,AGFb5CZQY3qmMyY25Xbmbr33BR9fUGTNeb4x75QtHuXm,1235,1000,1000,1000,true
1081,H8chcgE9uDpRjVbwfNsSgqYsLt2Wo8fdquEuBv7uThMV,1235,1000,1000,1000,true
1081,2yGD3A2cBb3STxLHaiiPf8DJg6SnyVjcZp5YXGq9FDVz,1235,1000,1000,1000,true
1081,D9biFfi1zzme5khMipKDgu6YdHLb6FnapqoBJYF5KMzC,1232,1000,1000,1000,true
1081,CK5u12XvSDVjQCRS2dX5qSK1AuSENqGgkJ82GFfxER8B,1232,1000,1000,1000,true
1081,BsCi6xmQxys89e5nvKRLk4sSLb9L8xn1ZGNv1cvomfGv,1169,1000,1000,1000,true
1081,5gowgBUGUNSyJD83kWcsj79PdZuq4gcsx6NWWDAgprxZ,1214,1000,1000,1000,true
1081,2NBr2Cq1PcDq3XXWYVaYB5WyS9h6UHtDTQDfoRoSuwda,1188,1000,1000,1000,true
1081,5MgtPRSom5JXFmF6B2gtoLd2rgZCfb227dsdLCJX4V67,1133,1000,1000,1000,true
1081,92wUWUmpag5Gj6A4Jg3riYcP7Webkq7PTbHKBrSp8TrY,1162,1000,1000,1000,true
1081,CG3QFezwEjwwKUPj8BCECW1mBbNMcujxCBufoZc2udPq,1223,1000,1000,1000,true
1081,HiFC7QB1xfsn55eWJEkbRQznRfogwHpFn9W9f5xx9Et,1223,1000,1000,1000,true
1081,SBGYrhjvUuLTVpVTAkWLXNiiMWm9yPVXuTS8Dt75uau,1226,1000,1000,1000,true
1081,CPr3UMtxohnDiLNFg1XQa5d8XjYYvCHkix7yZLQbZbR5,1149,1000,1000,1000,true
1081,konAxx2RY5UCaSxii5DgQUkKtfMVurgv75h3gvU9xhV,1055,1000,1000,1000,true
1081,Syqcw4oGc7npuTAV3VY34UxuJzbS3kZhK6xpJv8a89T,1164,1000,1000,1000,true
1081,DFTh1z6BUZ2cMbU2ZZkmdMjGKwafaMdai4aWpMkvYHau,1236,1000,1000,1000,true
1081,GF4aNtP7dFetFJBNR3EBD4NCpeMNAjvH6LpYsXuSSW4C,1236,1000,1000,1000,true
1081,4kt3krqs6bRwCf8n6eJn3BC75Gki2kCUuZE8RTiM25Ez,1236,1000,1000,1000,true
1081,E9gQp1ShfUxbwTFCnMWnrpcpqwBzfznz7Lwn1xa1Msip,1234,1000,1000,1000,true
1081,2txFcpMaZSWK13XQGL7fhvsuSby1ETqPBZvG9E5e6iLW,1234,1000,1000,1000,true
1081,BNddAbQUvevP8KzfRw2eBp9CGpxg5xZHEsSweTbocu39,1177,1000,1000,1000,true
1081,3eNrwEMqcsiNerf5CA5HdzSXZUi6cDnq2QgKqafZRd7i,1176,1000,1000,1000,true
1081,5rzKGVBJFSKAhdryX1EfeYTP1eWnipxZ1WWAuB79M9EQ,1216,1000,1000,1000,true
1081,3w5wr54SAR3XVv52CNBLfmsHwn8XdeaUhfduAQE62DQW,1216,1000,1000,1000,true
1081,Bp9ivNbQm6hX8CZeToAfYy18KbtiriyPR5veW5QsnrYn,1108,1000,1000,1000,true
1081,HQ12axQXAmmJjNGQNW2Rkgkk6K14yM1otZ6YksTT2boN,1216,1000,1000,1000,true
1081,B8sVbRQeynyo21UmcJzFeahEsHLfxaCvLRd6zmYAHHTp,1072,1000,1000,1000,true
1081,9MyJ4p2zvJP1RkkFkz1qGgjcqo4DTMGtGkpkKPemZHc9,1139,1000,1000,1000,true
1081,7JhLrGmDUxi8GaP7ELLe4FFQ2NRE7FqmukQrVzvPBpXe,1168,1000,1000,1000,true
1081,52WY9pExpXPeL4PxC4iQWzAHZngyeFME5xSKDUaGdqKy,1073,1000,1000,1000,true
1081,6Z44FL8U4vnmqUMfg98hWx4LaEHFNc1Fyi5DMN3hCA9V,1223,1000,1000,1000,true
1081,CBbtttPuHyQ4PBtJBt629XePBPPzrXXCLfFd5zpAPHLi,1234,1000,1000,1000,true
1081,77iJdRfSfUcjTG9nKUxaFTjwSzWqJsF92HPC8yLxETsg,1190,1000,1000,1000,true
1081,EiTzFe5bnMob1cBSxJiifWqthnVj4cvBvh2xd62JHwhR,1132,1000,1000,1000,true
1081,7WTtuhdWccNfU9g9567ybREzVo3w6w7iAcnKhb2M8md1,1155,1000,1000,1000,true
1081,CfHLjN3mxAYthXgpoBc1zPjMSFxkf9GpxNFC1TVbCxka,1230,1000,1000,1000,true
1081,7dAk6VDh2NyLVzbF1j5tnGT7rnLcEjP9L6MqdKXsKU43,1184,1000,1000,1000,true
1081,BWijvoF1tEbucxABKYVBPctBMf4K6Nog3nydFMTjAixk,1228,1000,1000,1000,true
1081,FEjvRfU12T8AhGtFrSmmpnQQwkHf78HqTS16xawQ1G84,1162,1000,1000,1000,true
1081,GjmLATcFWvp4NPdngb3zn286SRtgXu6ntBvgF85aLbbK,1229,1000,1000,1000,true
1081,6iAvGAQBc9fhVpd2wtV5Gr93YyZYfxRe7wKPE1R6kSSg,1171,1000,1000,1000,true
1081,6B5JrGZtL2LbtQgZ2TEX8wuX75MdKpaY9QDH9RHJ1Kpj,1175,1000,1000,1000,true
1081,J7A99dCoSPaEpXv9DqUUsM4s8aaV8bbW1mTNpRk6tCSx,1173,1000,1000,1000,true
1081,EFPDuzbeRyKCnd8URwCZNxRG12n8E9KeZbLjS6pLLnMN,1229,1000,1000,1000,true
1081,5EQPMdkr1kQJDcTHvPUvxxHxakAFZ175P61xSbTFyXXu,1024,1000,1000,1000,true
1081,EogQvyLECdKbrBsSUfuQ7PRCau6w8XqdKxKG1iNwwaGW,1191,1000,1000,1000,true
1081,3PSnQ4U4rVPgYsq9b8T89hBi8Pf2ZvQiMtmuNPushJ7J,1117,1000,1000,1000,true
1081,DkVDHryL3QP47EFHpZwqMpHh14Wu2bBbFbFCszboASBN,1155,1000,1000,1000,true
1081,EQGPjY82dXxa7RvovjoqyywiTzNHrHCoeL4UpYKkHCqg,1171,1000,1000,1000,true
1081,HhZti76RRZvzBF97T8N5s11vJjtWAoN1W7KkkZBaWNLi,1211,1000,1000,1000,true
1081,FGbQ2AeT8T736sHK9qw7TcHdSUiCGPa9ZFjv59CNrmCu,1228,1000,1000,1000,true
1081,BvsvkzLMYedjCcfv3rpEJ7FENTK3Z1yCiEPuVUP4n2rM,1228,1000,1000,1000,true
1081,AosX2NqsU19g1DTxsyXXDVSUWkktGR8gvkE7ibJVAYEj,1224,1000,1000,1000,true
1081,HrkXGz9L48Ksxy4PzcVrmH7a5K3hxoZuGXoGBZ9Vrw8k,1103,1000,1000,1000,true
1081,3gePAArhpmY5oas81FwqSQvMCDm8fxVT9eYf9GCZbxze,1151,1000,1000,1000,true
1081,8kTJAHXyHbRcgiJUVCejM9nYBEW2zpHRxWigJFXfCJNQ,1151,1000,1000,1000,true
1081,KNYpGtVHDdWjPKRDi7Aw4srGZMyg1zsycdJTRq7Rb3d,1121,1000,1000,1000,true
1081,FBiZciMeSCXCAoGFvB44VN7SACpfcYvyH5XY5xNU2kJn,1092,1000,1000,1000,true
1081,CXEbti89zcg8ESsg9a1QynehUeFvHaZFbTB5ax93A12W,1185,1000,1000,1000,true
1081,DccGi2FTNvNSZCDZ3uDqFo66J914FFbveJ7atKxALn2y,1170,1000,1000,1000,true
1081,B1Eob7ZummXYsAjfzjCQRttiKVBXqCV62sZAvTsxYkTt,1155,1000,1000,1000,true
1081,7esXLpZQq8WfKs8UYnCX5V3bG3fVJCLuekwnPYoB7jJw,1227,1000,1000,1000,true
1081,37R3symbDzxbRXsg6hoTzRMDmyF8Nrb3cm8RrDFuEnPF,1227,1000,1000,1000,true
1081,5TENJZxGKUqfcGuvtnPhYf5oBjxjV6mR4iWwQxvfoHyN,1025,1000,1000,1000,true
1081,9HPnhra7cNzmcwcQxFvRdSswCdTGvY7wVmMZ9AAwRVSj,1220,1000,1000,1000,true
1081,6TLbVjctH54NCKVwhiwpK5racXyMVi3GcVsqDZEkmv8u,1220,1000,1000,1000,true
1081,2tmacvPG9rTF4iqpHc21esV6GJQSdMCU9rd616o9AzFo,1220,1000,1000,1000,true
1081,Nv5ZUvxr8N17c5LqVY7xmG6Q7CyzcYsYrFzzaBNCMpw,1133,1000,1000,1000,true
1081,3m7og2UbQgwgHaV73xHaaiH5V5P4RFyiL8LeSu5PU4fm,1160,1000,1000,1000,true
1081,jDNQTE4a7MtYzkSzugkymhWeujZ5TrejvpCr9uAJ4Ge,1191,1000,1000,1000,true
1081,HfYpBF1Su3YanCVohrEAJkNbrZGZo1A1Sj3MCPoke175,1217,1000,1000,1000,true
1081,3eCRqmnGy5N4LrQN4RU7k63WyQMyZJzjnhEhgDodjmn4,1213,1000,1000,1000,true
1081,Hv9vozvfP5KQpGaJYCS1UC2Ky5DyVUuqHBjzSAGsgqsH,1213,1000,1000,1000,true
1081,5X4W312VPMhDiUVX7Lu857gDseSUkvAWJLJcAy9xJsaM,1142,1000,1000,1000,true
1081,ER7MxFa8UchqqZJ1uHMoTFai1girGhYUjPshYJTk9cxv,1189,1000,1000,1000,true
1081,AwLEpRn6H8GE5y52AF44QzavLdeqHYUe7yQcgCLEYfUk,1167,1000,1000,1000,true
1081,Bt7yLwMSW47xfcL5Eej7BdNyLRBCqT5tqpgerEBHP9ZJ,1170,1000,1000,1000,true
1081,F9UWNBRjrwTcacQLx9qgQbMLeWU3LA4UinFWBpriXTZk,1130,1000,1000,1000,true
1081,9nPDYnvqvvWQG3UDLdC2bQnvYuVAmzoeF62xUWuajFgk,1132,1000,1000,1000,true
1081,B1wEsYeqk9bfohFEdzgy5iA2VSqFCx2wLf5hSkzDKMNg,1025,1000,1000,1000,true
1081,v5y1WNxdYorhYzBnFHAAQ4AC3pNitjo9jc6yYqoHPGX,1112,1000,1000,1000,true
1081,42ZSoHK1CWkoU1DXt44KBx2LBck4McRtvDSmFG9uFUGh,1144,1000,1000,1000,true
1081,HdcDnaLQYPkRB7ciDaSC7ENZpRv9FrNV1T3E1o1Cb7Tp,1135,1000,1000,1000,true
1081,2z8hcqVJfv9EbHoza6fk7zquBPHzWsLimKiu27sEFdZJ,1124,1000,1000,1000,true
1081,ECCoT3DBdzrh8wurWQmVmhFQAj3JoubDfxvVUgV9HGP7,1158,1000,1000,1000,true
1081,8CwdTq4P5B5ArXdNfc6mCpamJqZSPMiwYGLnDj2tSWTw,1158,1000,1000,1000,true
1081,3gSeAn6wuUfcVZxGSSxgc2Bputs5c6s54QBHA7giQ4XQ,1131,1000,1000,1000,true
1081,Fy51UDo8ta2tcv3Tx2uCx78VtYxvLP1k4Hh8roxPR9q7,1212,1000,1000,1000,true
1081,4NFM5tFZZG9U1ZxzteARDUAS1yFwWqjj9vYmzhcUrTFm,1212,1000,1000,1000,true
1081,AJCegWu1C3bgNHDqAbgYmFZptERfu5Vc8k5tMuK7MmuT,1062,1000,1000,1000,true
1081,DKoeBjLXTVqwxJ2CqDCMvDPz46eK9FBRPDcRGQETDcFm,1195,1000,1000,1000,true
1081,FmFXuvWPcpJBH6bGbwrjDmNtdAh6xWneF3bYs2SJM99M,1140,1000,1000,1000,true
1081,F1KEt7PXqucTeWSYuB3umrehLaQPujuZa5Kt8hHLMhZK,1189,1000,1000,1000,true
1081,GDLzCxgABskAT1oGGzBQ4HftSz1rHaEDGnbn3NFDReMU,1099,1000,1000,1000,true
1082,FUojQ6F39XTT79LrfrzH6LBRKbcDFv4d4Q1sLHRfs8SK,1156,1000,1000,1000,true
1082,D3GgnULiCVX3Sjdu279dgFqRyfV7pTfzPxuL44enwwS9,1088,1000,1000,1000,true
1082,2CxLTPCENcftcCChmHXCMg9NNa5ftY6nTSxK5sAGgVra,1195,1000,1000,1000,true
1082,GsHUTJ4MkQKH5RfCW7ZYHn9hopbbNp5vH6SEGoabdGBk,1098,1000,1000,1000,true
1082,C2nXPPzN6dhaUGQXuS5YvjLtWn58NZgGkSDZNF2Pg22V,1069,1000,1000,1000,true
1082,3eFMrEPnEruRcqGEuHbMKsmbP5SXrefik3vaD78VhEBs,1163,1000,1000,1000,true
1082,C6aqTKj98LoKTPmL998nGPDrq2grY1j4Hw6iN4J27vZb,1046,1000,1000,1000,true
1082,EPHZNKDCEXmUTZxSAnhfVfqj2gxMdZmjyEBTFS2f35Jd,1150,1000,1000,1000,true
1082,976xzUxvoJ227gWNqoLpKtbdtMA8AcNVAcugwndtQM3v,1151,1000,1000,1000,true
1082,6geHSqnwdMjwHuPFhUYkCFpHMnKJG3vdxBNwAcizwhs4,1165,1000,1000,1000,true
1082,H9R6ihppWZHiMxjSUK4YRuxXWNQCPLRhckoek1T7tLQL,1163,1000,1000,1000,true
1082,487WJAyz2SCCyG77HoK2i9D1s8Rh2nuDNveF4Gmkywwh,1103,1000,1000,1000,true
1082,4g5RHskSr5yz7jrozypNCWBHvTtYQQNzrK4uxvYWot3q,1156,1000,1000,1000,true
1082,Cp7oCYRuSxLDUGfhAzMV7pi6J5YeWtB8dg56KErXj66D,1120,1000,1000,1000,true
1082,HG174PaZr37yrxSc5zjYKHhckfRmEhR764YRsyirc7pi,1098,1000,1000,1000,true
1082,A31JMw6LaZ9BpYnYmACkBBhvir7Ywigo5gaWSrkBB47A,1069,1000,1000,1000,true
1082,DLtZAxXP8CN5vZu5XgQ4MqyvtPQrSkUWdivWjCJs937i,1181,1000,1000,1000,true
1082,5Zd1QzBmY9MUqUuKd3nuQkscvh3QKNRt5ACXVgGhaQqp,1181,1000,1000,1000,true
1082,BtHz2mwNQfTPEQnpuh4xVjVy6e1iYGsRngT3mQDSgSNH,1166,1000,1000,1000,true
1082,AwhQJMcyMy7115y8QuruG7LgKQekANA2LRQfwyQE2VSX,1121,1000,1000,1000,true
1082,7UapVZbW6ALTeRnbUTaDE9FNrkVYSUwUcj7fm1ErevEw,1117,1000,1000,1000,true
1082,6UdnNgzsNQ6T7wQBvMfNXgAiJEqnHnf7PTc7J52KaSmT,1015,1000,1000,1000,true
1082,jvVQSeXj3tqrsy8W6Xayfxv7rHCc25G8GDiqJKWuzKy,1111,1000,1000,1000,true
1082,3U8xQJh4PzDgEcupsYHQdCoXGw1Tv82VVeM1i51diCSX,1148,1000,1000,1000,true
1082,CeXZKA9jXhdEBqY1uqmhAtMRMimefpjtgE21LpwdkBh1,1153,1000,1000,1000,true
1082,AufRKEG7iN7mqJH95GDCkTkJsPHcseZHV35nnvvRBwwa,1153,1000,1000,1000,true
1082,CXTTHh6BwnKXdF4sSKRgmmWyork92B8TRKzHm6LbpqQU,1152,1000,1000,1000,true
1082,GMamRa5h3QBHpYxw1KETLB2se6pYGzWhFSQ3v8UK4Txt,1152,1000,1000,1000,true
1082,Ag5m5dtjxqBayLuJfmyk9pt82FWd6LLZpNrZU1stwvvp,1152,1000,1000,1000,true
1082,5ZWnuLfbuaZM71t1Ky246WBNYU39niXXBLBikGERnJ33,1150,1000,1000,1000,true
1082,9oJ1FHG9wr68cYYb8WGKPdjHzseVVL79pCskscDAC63q,1161,1000,1000,1000,true
1082,8BY1bfQrMa2h6FhC5NTirT1eweaTCxPAa6EobMcywV9U,1161,1000,1000,1000,true
1082,9f2mJhvq6TgsREJFJH4tWMihkG3B7zztKVi4i4gp4c4H,1099,1000,1000,1000,true
1082,AFhW57yk9SLQZwj5bbKQoJs7HsChogb6g9BLnHUAq8qB,1099,1000,1000,1000,true
1082,2PSTzH19Y1LN57c1Km1juAgiGF2a4u7eH33JQxEFSzKx,1145,1000,1000,1000,true
1082,57Co5KyqDCUw7ftCcvJJSAAZdm6tPKsgbL1ojiQ4G4ry,1131,1000,1000,1000,true
1082,2r1Hyga1CiFNPzCZFpQ5tCYQhazX4rEBvuufJDan88cD,1008,1000,1000,1000,true
1082,HvhTPXJEA7qXpHZyPKxeEH3QU4m7MycH6qWJg3HwVi34,1091,1000,1000,1000,true
1082,67jvDsRVd2Ce6NHrmP6pL3tG1dph3tcXZuQwgC7EgBUY,1115,1000,1000,1000,true
1082,9Amkhca8sN1ErxTPCmL7JVUcnRnnu21fuu3pS9FyqVQZ,1088,1000,1000,1000,true
1082,8XWf7kBm14ik6MboLAmoiJwaELtqz4n9UKESNrgg6WLq,1150,1000,1000,1000,true
1082,3PGTDuZ44sJqWbb3Xojh23Ldgcrkm7j5KteB8bRz2uFa,1131,1000,1000,1000,true
1082,J54d5mP9R2tSQbWzAPUNv8H4u9NPT4dyR5Gf3PxEvp6V,1103,1000,1000,1000,true
1082,FyEwuSigtw8ytdaLdsCN5WLgzJUNxDpR8H88gfVxsvJT,1029,1000,1000,1000,true
1082,48zTZb4kP5GMXbiCTCuAdnvrsphu1Fmaoke1bMqi9AbY,1115,1000,1000,1000,true
1082,9VHk5FS9oTndTNw3WdJumiXGt1w4BEPaBpQENvQVZZb5,1062,1000,1000,1000,true
1082,25z4scyo6poaqJYou7p7PirSzYn9kYRCQppgwLm1pEhW,1069,1000,1000,1000,true
1082,4PrzXPTfNUi51txEnMAwt4GjQ48K6nAmQcnFK4NvD5kK,1154,1000,1000,1000,true
1082,38xU7hY74zMSopda2qvMoESvezbrBTFJ5cUFBhsYgeEw,1154,1000,1000,1000,true
1082,2uxLpdY6QZFgnEfkEHGqdfGhoVVuPxQpiqXvzkGhjPEz,1111,1000,1000,1000,true
1082,5J6kYFJEodo1KdW26AJCx6XEhnM6TP4jYLXCKtpopoDX,1148,1000,1000,1000,true
1082,EHSN4UTGcJV5r6B7n6Zhvw8y1wqxU7s38ErZCjoRS5GK,1146,1000,1000,1000,true
1082,5Y9BzzT9YG25VdBxtcpbsECD4toQXqvxgRMrt9k6iG4P,1146,1000,1000,1000,true
1082,6vEeK5tbEFKuqjEe4ftMSopGfFu24qX1sJRNFmkdHheY,1111,1000,1000,1000,true
1082,Dzg6ZxdCqJ1aaQCjyWL9emvZ15BGwR4yvYnAqQW8sW6T,1090,1000,1000,1000,true
1082,EW7MYg4nYo6itcGfZZzFTq1ye37SQjWocuR7Wc9bievw,1090,1000,1000,1000,true
1082,J4Vd2XbkGWqPXGeyLvoSpzSEE7yMpuBhSbQWiCacVQ5v,1148,1000,1000,1000,true
1082,JD7dZFSycDsxsdiADbJ9zA8App2vjjSSc8NjGx7eZfQv,1091,1000,1000,1000,true
1082,CZGKvianbQdGg1GSAStX1Dzhzc4rHqhxLywZhhEp2GUC,1055,1000,1000,1000,true
1082,6W7yjeBBDVZ1R2GRbq72EZhhmUgbGBv3fpGKaeMbbBE1,1143,1000,1000,1000,true
1082,Hj2zmezgoLszwtuTGfXH1QEMijVGyPFjTU3W2YTmprA4,1064,1000,1000,1000,true
1082,FMStsujAQWvLa8d3n35HBK4kXFyNeXnLhM2Mzf7ihoe8,1099,1000,1000,1000,true
1082,vrq1CLcR9ts4YWxAfxSjzBaWeki2Vu98kGuzrDF6raC,1147,1000,1000,1000,true
1082,BMYsPUvTQ4CCBoFYmyJ1KDDCAnxPMAv8qhpM5j3tMsz,1147,1000,1000,1000,true
1082,5je8vSSZv5a81BhXCWw8tPn1NSPZ7xEGHbcRa1iuPWQ,1127,1000,1000,1000,true
1082,FzhMbQ9itPwa2DZ2CPmvQoXuJGAZvhDbZWCEvndWafn8,1124,1000,1000,1000,true
1082,7AD3BGERqAyuL2H8GVzgxgdMM63HJdd2aChFbjVC3LDE,1124,1000,1000,1000,true
1082,DBMJ1RVTXx3qXpRsA3AwBVHUomzVqksCeFRhXsuKwhMo,1056,1000,1000,1000,true
1082,6Z88pvhbEUkmhtSDKBfZHNg1fBMLo9pMoKnh18MnFmx8,1137,1000,1000,1000,true
1082,F3tgaZEv8r6s5dcM6ZZg7qw4ioxqc9PGtpVqnunNV3Ew,1109,1000,1000,1000,true
1082,Bj8WccxTWhmZX1QP5ZxswGPNxaxtdB3akMtJ9iwABbZZ,1120,1000,1000,1000,true
1082,4drnjZcQyoVrMQn3866NTkjaZVTpJvQE27dshU2ywkRj,1089,1000,1000,1000,true
1082,G8SCm9XHaWgDG49zGwUtc2VoDhysVHAMw5WV2k68EqjR,1098,1000,1000,1000,true
1082,AoCv5WzmtgNp3c14mScQnNgAUcTdBheobhtFiRjSTwJt,1136,1000,1000,1000,true
1082,4ZKDN2qd9Ucv2B3ViFeHus59xjAvdMeVu2WFokGMFmhM,1123,1000,1000,1000,true
1082,2wD8m61isPWYzwfsHuM2CeEsiMFhmje2rSM6YdbdsL8b,1123,1000,1000,1000,true
1082,3dJ6Rqva3KfG7CAipVpstA2N67jjjtUPgPCMq9RwPCJt,1123,1000,1000,1000,true
1082,H2UGJ21cyEHCbE6XqkCeJokq3bZGL1AT9uaSTz8D9r66,1130,1000,1000,1000,true
1082,Af728GVsQjpVUcdmhyLJTZNtSaPQYLXaPcB519LCfzQi,1130,1000,1000,1000,true
1082,9LhXEZLjqCDZeVi7dUnF9Vj8wqq6qVf3S85LsrfP1ZhJ,1125,1000,1000,1000,true
1082,HDh8vDR7MwG9LFjvox9dY2dB5wCVGoCbBekAUMUsobDy,1134,1000,1000,1000,true
1082,6ReL4AZK9CFJTSRpTcuw3mgFkGEjAJoqGize96gV6AV5,1061,1000,1000,1000,true
1082,9mQtD5ruF3m3LM92xZXLETAvrJuMhf7cVooBykvnpTDg,1122,1000,1000,1000,true
1082,4YoPgzSvHqHK1XRkLBk9qPSqXp2xsaSdxyC6f9t84q45,1127,1000,1000,1000,true
1082,HuBMUGFP8i81Q94eKHgXysCiCdqdfCG5bQ9nmcEi2pWf,1127,1000,1000,1000,true
1082,9iei39uJXVC5cinVW6Es7GHonjFuQjGMF53s1mo6rLs9,1116,1000,1000,1000,true
1082,9AA3pfuMVGG4KiSgdqqouaBVfdtWTrzdh8BjUDMa6fFq,1116,1000,1000,1000,true
1082,2Eo5zqBiTQBVYy4XyQJC13zbXEuic83HKKTUg5qTWJzj,1108,1000,1000,1000,true
1082,Ej52vgihwcKTXgPJ1GzXagXzgLrZRBbyVFczcy89iQMQ,1079,1000,1000,1000,true
1082,4MFWmqeWpr6hgSZUu8bThyLXwmKuZeuERW64m6u4kcRK,1128,1000,1000,1000,true
1082,FZarQ7UWTdQcYSzDV8Mbosx8PBrJ3hkFmki1potqxDHk,1128,1000,1000,1000,true
1082,4gC123DLv2FtaPb4z1GbqYR2BgrXNDTEjm2NTzoX8WCQ,1128,1000,1000,1000,true
1082,5PGFUsh6hTLsyqa8M7vejb4jL3W1et8eJVWyjMzr4wPt,1110,1000,1000,1000,true
1082,GCNFtusWyL6obrzDwwpC5gwXKudYMjGKLSvqHUvZgUT7,1112,1000,1000,1000,true
1082,7hqs3ozrsoSKdcfSnZ3QyZPX8suPxi4pc6dLj6GafpTw,1095,1000,1000,1000,true
1082,3osKFKdczHug4Y6eWdT9bmKiKRztk4H6XU6n3dmfNDVc,1122,1000,1000,1000,true
1082,A1eeZwwR5AkfagYdbQ5BQK11cQcdEtcTCNgJAfxVk58Q,1116,1000,1000,1000,true
1082,4H9vjXKe4nB2etrzywA5u2F4ydKfbs6smB62YwDVdSqt,1129,1000,1000,1000,true
1082,5Prv53HNxabs6qerP8jJcC3sgKuXEa4NXet9qNNGkdiR,1129,1000,1000,1000,true
1082,DoXvhdqqG7rgyihxbVXPPt5UTqt1SAjTxScrTaLp38vt,1129,1000,1000,1000,true
1082,6Fvf5ttwK6Eb2X8q9FhMUXpkqSjCSyXpTzRVWJogGrGr,1104,1000,1000,1000,true
1082,HPydtKSHwP51jceBJsGokZMWSpezfAbfrDXbDWYbt9My,1104,1000,1000,1000,true
1082,2vzyeiS2XznK1o22e3vSobd9r8f1RzdxEJVAv8WnE2Zq,1104,1000,1000,1000,true
1082,4NoQcXi3kDLFWoMyN1bLWE55CfPzbVB3tqAoxie7wzku,1046,1000,1000,1000,true
1082,QhaWZo4yiyvoD64JfSaSMkPYZ47BMLZqh6xWyjSyETW,1094,1000,1000,1000,true
1082,Hpb6qrMn3Gn3JdBrX8RHEG5PBEQxZHh7he25fttxV2VD,1126,1000,1000,1000,true
1082,J55eqSEZPhqP5UzEnQ74KraRsqiYpMfqrDNYDpPQN4xi,1126,1000,1000,1000,true
1082,2VkNzxHseBDPmhtWbuvHjcJGpG7ANEauPTMcVQZeKAde,1126,1000,1000,1000,true
1082,Dff4zJw8t7z2uJoNZWcUGf5wwSeRFaVuCDxbE3bn5x3b,1118,1000,1000,1000,true
1082,5cF6bveqcoJRbHamjAbkA6zQPifTwsL2SneqvQKbpQuK,1118,1000,1000,1000,true
1082,AduSx6GLPdYqyedypYsp1SUDVFnB9BuQ9dKSiHvXzBky,1079,1000,1000,1000,true
1082,AX5fGvbTYwrxCzMDUAhJy7kPFbRL3WXaNXTDA1RwVe9R,1024,1000,1000,1000,true
1082,EFpdYFkgqyXpkQvx7vk9WpbwF9aomcfYdGUTP92ewXAG,1109,1000,1000,1000,true
1082,DdsVMAT1SoiyybKsvCs5MZyFDNjtkBHLSSUudyCqT3fS,1109,1000,1000,1000,true
1082,FBN1n8ibvWYexQCQStXUy3kiUAxUBBdVVMB992GY9sr,1119,1000,1000,1000,true
1082,5QnoPvQp6VFxM5gU6txukH738nyhhKsNrtV2AsBzHbm,1114,1000,1000,1000,true
1082,FEBvc3wFGyAEoRQhoYZnudND5btn8gcQJFzE3qwunT2u,1011,1000,1000,1000,true
1082,HSxJgXGGmfRRkCLWEj7CH2sHRU1MUkPH2e5M7Av983iA,1011,1000,1000,1000,true
1082,HpbMnGzyepzjzoJQZCpkwLtYZLTWQjwvkPfdHjTvH1k3,1092,1000,1000,1000,true
1082,7HfBKgmqjwormuTkC9C8qcmbBAWLi1eLU2PX2M1G3rpi,1092,1000,1000,1000,true
1082,F8N6aziDe4rS8pv8cVZwC24BHbGs8Li3zKoTjd4w7kub,1077,1000,1000,1000,true
1082,4Kve2C3uQb4WxzHCvRN9WV89fck3wzD9GXY1z8YWtgEE,1089,1000,1000,1000,true
1082,987ZQU73CENQRoyiBeFeVVJ4YNs48Gu1tzZaxGhrMxRG,1037,1000,1000,1000,true
1082,FyRLifDiRgZqdqmrRMXPXgkPewbAUQrbn7vGfU5Xyc1Y,1114,1000,1000,1000,true
1082,J6zhUo5Znu7sZdBR2mq2uBoxDJn8ztN6XTAjXFrTgZx5,1125,1000,1000,1000,true
1082,5K4NLTwFzpnbEC461oCsVmUjXz7ngsjBKu8ju9A5rdDc,1125,1000,1000,1000,true
1082,FKkpV2Q6mHBnrfRwsSPM53EJaZ1Ckg5mcJDxExivZbmM,1112,1000,1000,1000,true
1082,2UKvTDrXpWr1o3bc1BKZh2hBCPq1m8YrBb8YyGSxCm8K,1106,1000,1000,1000,true
1082,GBLC7ajiA9AMtMb5GxAbHkB8nLLDZpPqwkAxcRRLejGC,1106,1000,1000,1000,true
1082,4bBxWsD2YHnGPTyjC5a8tbn2U4QpaTbLQDiQXq1Jvapz,1106,1000,1000,1000,true
1082,B6bfRd6p2Shz1bFBQbgbrV1iv7auzWKfQL6Zn3T6uMWx,1113,1000,1000,1000,true
1082,4SDtDVRbWZd7DhVT9ndRqgEoQbJ11PheWHuX9dC1wYTF,1113,1000,1000,1000,true
1082,HZBvxrm2QxfVYpj3WBYgrGS7uQu1XfCveuUPnqrUnvN1,1104,1000,1000,1000,true
1082,F6QjHfbRs8zLbpmj9fWBe8FWtUX4TqKsxjVCftxyz4Di,1072,1000,1000,1000,true
1082,9YSi8yGdZ2rJcvtaseqTsrPsd3Aww1BKEpfonioMsC4T,1095,1000,1000,1000,true
1082,31MUrpF8mAgLJ8VujDaFWuKBuYL7A6GnuNXBrxHD4AB2,1095,1000,1000,1000,true
1082,DfRbxATn318MSJoHZ36yiZcXB2RjrkqX1dR8STQiogSk,1019,1000,1000,1000,true
1082,6Ba9Nkk4FURgFkrMycrp1Myr4GXvnuAsC7iAWgKda39t,1094,1000,1000,1000,true
1082,AeG9nSCqGCFqMdguEtY326NP9wnALTe8VcAZwbn43BX,1094,1000,1000,1000,true
1082,LUhdRckf5jQ9ue1Z46LnK6ZwmNq5hANKeFQKHJbRr9M,1081,1000,1000,1000,true
1082,D1yMqTjAN8anBn4LFhfysQG9GEuKGDGfSSV1q9HQTvvX,1076,1000,1000,1000,true
1082,7xPK2t617vDSrrwwqWJz8C7XeBx8imGQy8ZFqyqVs7gD,1076,1000,1000,1000,true
1082,2vFMDpZDxrMd5cean9y4ikvxfdjeRnRegm434E5DM5k4,1086,1000,1000,1000,true
1082,EFfPN5rcEmnaQEfU3mHub6TUzfWcxceDrEE5RoGsbEpq,1084,1000,1000,1000,true
1082,DGLAEDQL2RvSckUN7ucHab71gAx8em4FyQRRpgavK6qh,1084,1000,1000,1000,true
1082,BdzhW6N5T3y8Ln8ou2nRoDtTkyGn6W8WhY2GuduJXCJt,1043,1000,1000,1000,true
1082,9dFvJdfiyYg4CDpQi8Uj5VbUFNwjDLB366vptG5RFhat,1043,1000,1000,1000,true
1082,93R2TaVsqTXckYRLcwC5hvknYvenSxVJVzdphwoHYqpQ,1110,1000,1000,1000,true
1082,8thdjKeEUwtbtoTvXLdXoD1cmspyhHb8sCXWyhLuwQjR,1110,1000,1000,1000,true
1082,5dUHxBzVU3xxyeD45eoYQ21zFTU2hduLmqkagHkMvwRu,1081,1000,1000,1000,true
1082,HVttWxrc83BRsRHMmvTSsnxicKdWHVLP3ANZt3yJRukB,1087,1000,1000,1000,true
1082,3hGtdk4BfQnaFJuQ4peAFepuCyX5dkfYPsQRVfArg6G8,1087,1000,1000,1000,true
1082,8pe6EEBxfhZn6GSAuG57dFSJWLe3Td2D294FvFfCSmTB,1107,1000,1000,1000,true
1082,Axth2PttxQSPvJ82bqaH5q7LdJcsZrny5uAvCJrKf7MA,1107,1000,1000,1000,true
1082,4LxdfAfJzQZncTctZQ9rrcZwDSY3h3QKNwcsheDuRsGX,1062,1000,1000,1000,true
1082,5HEVXzujGkJLyD8V8rJsF79rkQ3ehp4r1zmBEu85m52j,1050,1000,1000,1000,true
1082,2zcVo1gZ5crzqyEpLRef6AGGNng1eSzRRGJXvGc1bReu,1075,1000,1000,1000,true
1082,49u616PDwzSj2TXRoesi5LyemvMSXZobMGjKsfqW1KA6,1083,1000,1000,1000,true
1082,JDKNQQXqUQSTtZ47EPi6iNDuNiff5pTK3RnkmrkoUaki,1105,1000,1000,1000,true
1082,FdkSQABiQV2NTw2XC2qcpjp4XdNuXS3nbjMZs2AM8Pfq,1105,1000,1000,1000,true
1082,Hd9JAfjCxh1kyCXwGEcVA9RSwiBHEznzu9MY69pXADEY,1105,1000,1000,1000,true
1082,595tvupkTYFgSQMmB6v8SmjT3szDaQnuBfsfykU454jm,1105,1000,1000,1000,true
1082,5ce1Fjn3ZhMTmon1qCEoohYmRKDVXchoQ81HgCcYkjR6,1015,1000,1000,1000,true
1082,AxsHsy4fNsfTJH1M16448EUWQuKgjffxobD7qkYsRkRM,1064,1000,1000,1000,true
1082,7GoaRg3NaSP6qYKPAY7VRUwxV8C923YT7QG7gsga9ZYX,1064,1000,1000,1000,true
1082,BGM87ooob1vgApJaMwae3d95QpDAbV2uq4QF7fahY14R,1102,1000,1000,1000,true
1082,EjMFWvt8f2ATUGKxcx1u2R1Hv33T3eGaq2sNZB4ANbos,1097,1000,1000,1000,true
1084,2Dw3kU6gDQ993z81NfyUz76i5dMWrojKTKXJ9Dkh1KHi,1036,1000,1000,1000,true
1084,CKuMhu34vxoRwdNn6CEAm7PnSVGkiwmQQiVweJ9W46S5,1023,1000,1000,1000,true
1084,7QK8385g5Wcj3XgebtjwHUqGnaK6x6J7GRmUVs6xKVKM,1013,1000,1000,1000,true
1084,BphvhCjyBSfWPGKCgzRbA2pFHCfKhjSx2LULkXZYegF,1027,1000,1000,1000,true
1084,AHjfUPhN3SeWbcCq53z9aDWrYJojs6Q4FDV8mwqig2Gx,1007,1000,1000,1000,true
1084,5tUUDZQbcTYKi12jjevtDZTKgdMXn8WvzFYrLh8s31A,1018,1000,1000,1000,true
1084,2C2DYXyLDSxptxzYTu9KFMcRFhuk2EnYhej72riWqnnk,1032,1000,1000,1000,true
1084,GphEXFmsTs17dbYUebndCnPMXYfU7TxCXLtkHXr2Qptv,1021,1000,1000,1000,true
1084,6Y7Au9sNseVk5C2CdPRk3R9kyaFBbopxTHvJ32XrwxwV,1005,1000,1000,1000,true
1084,GtX9qfoYPW2EbH5Kkk6D3ya8uGCm876Gstmf73ADT3Ud,1009,1000,1000,1000,true
1084,6yWP9Df5ef9DnVzUDCf9WaLs5t8rkLwAZkdxE4ydaAbM,1003,1000,1000,1000,true
1084,D4aDDQuTQKZoB3ptCTrFR5VxJcxFysTjjA85sU3kfffQ,1019,1000,1000,1000,true
1084,CqW7ywBka5waSEbgAYifuMxwrjeKkce9nXLbRzSfFqrf,1016,1000,1000,1000,true
1084,7Ud5LmJEsYmcoMU8GTc9t1AuXLJ6srjVyJ4Akg68fT4V,1006,1000,1000,1000,true
1084,CKCqMjznzVWKjxMHRoYvnt657SVt9esHidVfVr28hTay,1029,1000,1000,1000,true
1083,KjGpdfQWwnwfi1Unoep1fBnFhEkUnGuDn1n86jM2idN,1005,1051,1000,1000,false
1083,hk62KZS6VjPfQxdFFbhwRd5ZK8vxFDYS2PvvNfWZC9U,1059,1072,1000,1000,false
1083,2SQxiTEVJdxLxQeAzZjkF6otaut28Jc9dEuNvSd34swa,1040,1069,1000,1000,false
1083,447bYuj1Kiis84xbBCBFAzDYEDvoFz2TgN76E1a35Ryj,1045,1059,1000,1000,false
1083,4x4sNgRhsW4wxMEcPCj1t8XcNX3a1zFGDxTTZuY2V3E3,1007,1072,1000,1000,false
1083,58BaxvpyCrUmZgMTQiTwwd3x39gRhRkifRgQBb8EMVku,1016,1061,1000,1000,false
1083,5CbkrK6t7r9fVqzAyj76VDG5C8C6tgg5CiZjigqcNjbo,1002,1056,1000,1000,false
1083,5nzPwHhkq4J9PhHKbdN3TdMRvHrhFUVPHtarmsLrCJQj,1026,1070,1000,1000,false
1083,6HMDvjYv9YnrjNq2UbYriGL8iWLWWgYr2ySHYXeoR1Vg,1048,1059,1000,1000,false
1083,8PF5eGbCRfD7hRQGh5guYZdGGXgVg8FZ2W9mk4KrPHuk,1027,1069,1000,1000,false
1083,8qSHj9oABJfguJrYPvwQJZ7LBhLmf9KAd7KvKMnDtHcF,1020,1072,1000,1000,false
1083,9msQnQgb4w75DHtVq5SPK8wNjEXhtLs4tprp9ta8hmAW,1049,1061,1000,1000,false
1083,BrpsgtKYajTe7fiDNMXP4arweH8Pet52esy8MrJQSqa8,1023,1059,1000,1000,false
1083,Bt8pDgU1G8rTFb4NCxYWCHUUtV9adRWLX9YLCzPJStpp,1009,1051,1000,1000,false
1083,CWEZjx6j2a8vVGsddABiWNJ6j2d1BeBF1PCWYJNUHH9z,1042,1072,1000,1000,false
1083,CXWYK2Wyy1tdTNRhF8Qi3Mf6e5cMvXteNy7DRNd7Cro6,1013,1072,1000,1000,false
1083,CovWCWXFMfkDuytYFXAMjk2ap2DbAnuq1LFpYuW2ZCwi,1028,1040,1000,1000,false
1083,DdTVtDHJXiCSG6w8q5ecWrnQHRgkuYAiwEnUUHUZCeTf,1044,1061,1000,1000,false
1083,EWuVD11SwZb94Q97RNNTeAm2q26Nf9zJ78BE3dPWQxzD,1054,1072,1000,1000,false
1083,FyveSARGqEvZaC4QE2oR4SZLeCnNNuswVk8EnuVJw1JC,1010,1072,1000,1000,false
1083,G63hNLnJ7nvUmpJo4MKHVFMt86rksQugJSLCfvQqm6xw,1035,1059,1000,1000,false
1083,GK1jALUYq3HVZuuUS9vcMRfuq9k5f8JExxjDsi2hYPqm,1004,1069,1000,1000,false
1083,GKmTVca9R5GzkAPhKb1RyxbL74tGKi2EwqaRT8S4G9N6,1033,1069,1000,1000,false
1083,GWHre5cMfgG3ZzEsQYrLNrLcBAwt29mhqrz8C1rvDUnv,1006,1061,1000,1000,false
1083,GhtEmWHN8G8qKpndXcrtQBVjXQRpE3b6FBcSRn9zNzCJ,1053,1072,1000,1000,false
1083,GiCzq1YKQu22p6nWYNgQtDeFCbPcze5NkjQCijUnREMT,1022,1072,1000,1000,false
1083,GvmZdQBaYYSAhsQQtcrZSfEtdTFCUAtEgWYxJNXEnX46,1000,1025,1000,1000,false
1083,HJzZPKB46zmGsHQsdxGXX54ex4dAU1oKRSJGoHazT7QV,1047,1069,1000,1000,false
1083,HQfCT2vaKYsHiS4k9obhL23N3EioiocigmsmtVDt3Yyu,1014,1059,1000,1000,false
1083,HYnnUVtx7UsZ3HNnV7mfuua6KMMmVwWzaQS8xZum7qiF,1036,1059,1000,1000,false
1083,HkA7oFfsj3sAaHTSoF8yY17KXMcKsk87vzpxbGWBBzyq,1041,1059,1000,1000,false
1083,TBrnYzjNq2ScY4XaGy36DY95CKYSfzawX12FkjYKuBQ,1009,1037,1000,1000,false
1083,VQYkv45QBWw1ezfnGSUmyfy7dTh5DpKZ3ebwvSZ1FE5,1028,1037,1000,1000,false
1083,ppgyGC6eFwdaG9SC9BVVFazMECvaJadfbbYrXGLcmfw,1027,1036,1000,1000,false
1083,qsvbJmY6Q1ssP7uNtU7xZxrSyM6kxK4ij1HwwRVZpuH,1001,1037,1000,1000,false
1083,2RUCUPXMZGjTtqMaNap49y3bXKcN6EErh8Hffiujhwin,1007,1036,1000,1000,false
1083,2nDzkswtBXui4PaeM4j5jTtLanvRJf3nQjvvbPZbMGHr,1020,1021,1000,1000,false
1083,4EUVVU45N2woswyVZgENaHUPcqZdyAG2B58pkPP7XrMa,1020,1021,1000,1000,false
1083,4LhWj1KzarVMU1DBCGzXRwk6knF4DEVjuTSYFHRJC42V,1016,1021,1000,1000,false
1083,4Miv5AqAunwhTj1Zyu7uLwBaTYiy6SQRDPUfdV2ytyUn,1028,1037,1000,1000,false
1083,4ZG7F5aiGieutU7o1a4b4V2tAse87tV2NZg9bwbTyz1j,1018,1037,1000,1000,false
1083,4gEU7d8oDY7bn1PyWwphJfVCNtq6RGPRMbQc2wirw7vP,1019,1021,1000,1000,false
1083,4jZVKAqdUUgJbK2qAgCjEy9wMTLcnzte8DxJ4yhdMZZL,1025,1026,1000,1000,false
1083,5PawkuYYsJJ3BHg7R9tXiUcNs7MCNuv1ZZE9bEqR9H8x,1013,1021,1000,1000,false
1083,5TS6wVhRmRF9eC23bSknwG1bLekhTzhuaf1ng78HZbEs,1023,1037,1000,1000,false
1083,69V1b8xpaAR8QWuatM5tR7K8dM1LdinfKcWfhcWqmMvJ,1022,1036,1000,1000,false
1083,6gK99ZXidXN6aWEMpyZA4jfLZfhb8EDecPL3GWXnXSsk,1028,1037,1000,1000,false
1083,6uFEX2JhMUAUanYvVDnjcsg5VPoe1THLwVqeUbCmaU9V,1001,1037,1000,1000,false
1083,7rGJCMZQhvjaNTmniurPzZ2g7veeJfT1D1DC994nrxoL,1003,1016,1000,1000,false
1083,82ykmfKsWVKVmJ7rr22tieRYYZYVNe1sPS7x1wGs8wfC,1010,1037,1000,1000,false
1083,8LVu7AnDYeHTYFiN8sce98fGxA7FkDvDt1gqbs9sKGAi,1004,1037,1000,1000,false
1083,8qnj5qbHcfajDmS5Ht9Fh19btzPPE2Z2qnxtYNkNTvUN,1022,1036,1000,1000,false
1083,9UwPcj1gZYm1qKu5Hvu7rR2nEUcy6s3WZq6kKcp9u7uD,1014,1037,1000,1000,false
1083,ANqFFdvcDBhnJAZhT3o8EuXQCdtH37qLry9B1uUvwyB3,1014,1037,1000,1000,false
1083,AXXFjADPsA34MFQqRw81yyXFzAPPfAdjwoEbbfixxkjh,1021,1025,1000,1000,false
1083,BAZwYnZrAPpYoqcDw1ArbqncbdMXkyuhZp7Gbc5472m7,1014,1037,1000,1000,false
1083,BGzwcaULytYX7w7DjCyy6obwkhyeYBVA4CCYYboawYKz,1019,1021,1000,1000,false
1083,Babkii9faJSJ3v1Mnpio7YXa8iqL8yWKyRouAdRUZkAG,1001,1037,1000,1000,false
1083,BsUdn92pxXXTFRUAvZoAp1DLt5vA6TycZGMW7uUN82tU,1004,1037,1000,1000,false
1083,CExbiK8MSwxpixuAXXF3HxaUujErpY9Dqsv8qE3EcvvT,1000,1025,1000,1000,false
1083,CoRuZCduis4XBzqEonk3D54y1nFhtCpqPXqGUjdPYUXd,1013,1021,1000,1000,false
1083,DVK3jr3Hsx3mz3doCG3tT2o68w6HrgfzwX2FqXcRRpRj,1018,1037,1000,1000,false
1083,DcpRcx6miNxY6qPmne2BipKsXdUmqpcmyzWK58rqiNxP,1036,1037,1000,1000,false
1083,DizZKiHv7dFwcfQHf9qFSEWB1CAkQ6sDKJLM81p32xHk,1016,1021,1000,1000,false
1083,Dv8LaysDaR5CPW3Y82rNsDPxaCfxwnm636SjnVmybRGK,1004,1037,1000,1000,false
1083,E5YMJzK9mdUbyq1UgopyywP2BaCUkszEY4C5oV1CgQ7q,1022,1036,1000,1000,false
1083,EHX7h7MmhnPRiJfVPDXa9RHtH7rPqM6DrHhEymr9SnzC,1009,1037,1000,1000,false
1083,EMPwuLnFhudLsfAE9pGp17y8t4iuYvLF5GtcNpcMF3es,1032,1037,1000,1000,false
1083,EQ1HcuhRdUNNYHRuF3MYVWfJPxSSopMb4zRvjY8snyx6,1007,1036,1000,1000,false
1083,ERqvx9udygbiytXJBVHdBVLmmK1Aw8V79CVcBvZQfbZQ,1002,1036,1000,1000,false
1083,EWuT3EPLZdMtQ64BzwrPY8VjbSRRg4xP4j9tDxDJLz4y,1006,1036,1000,1000,false
1083,Ekgqn9iwoct8knRSur2r5iu4SmNPE58NyMNNoEevL7LU,1000,1025,1000,1000,false
1083,FAGkn8Mi5ZgNrgQJDoBZyALHhu4qRtHhkBW8DSS5drF9,1027,1036,1000,1000,false
1083,FNmHKmxnfgZU8JhJRS28B6yihn5n4YwQ65R18ZyJh9uc,1003,1016,1000,1000,false
1083,Fepa3V1PPNxGnYv5voKaGXipnG4MXKV3S5XtuhWXSKiG,1010,1037,1000,1000,false
1083,Fje1oTBgenJSKHKMuSBbw7TifdyUp3UF2zYd8VsN1W5B,1005,1025,1000,1000,false
1083,FkMt2xeAugggPv8U1jFo9kqTVw5UhuUKt4tgYeP6TMXB,1018,1037,1000,1000,false
1083,FoWDMtB5yFTGdErdic5h3XRdBejPTfwUNVn2gMymf7wE,1006,1036,1000,1000,false
1083,GBcd93z3CemUVh5wyxHfLBvtbNtuiRJvJ3kSjwqH6NEc,1005,1025,1000,1000,false
1083,GYtV3Rv3KyVUqDnrfaCV7ncP8rM6AYhsLVA123Acyrmk,1007,1036,1000,1000,false
1083,GZ5M9Ge71yNkXw322fDgu1GMjarkjpyw5Z9bHMRyMb31,1021,1025,1000,1000,false
1083,Gaq39XzGAuY24Dpfo1CJh25cFDtYbkuVD7tQityYjTJM,1032,1037,1000,1000,false
1083,GdDNftTDLVZVrUGw7XKE4HLi7PD84rXzy2s1imQXrEQm,1002,1036,1000,1000,false
1083,Goad7gEUuTs5MJKW7g6nv94f1d5VTzXjfXnBrT2srg7u,1000,1025,1000,1000,false
1083,J1iN1hQRAyJiWHhni6kJwWEK7mYg9hyjPKoN3ZCy4w8W,1010,1037,1000,1000,false
1083,JACWngNwdsUk4XzjKRuJ6uUrSq3Au83L94AbXcRxGFjB,1002,1036,1000,1000,false
1083,C7rTHc9q8LhJPtMLc5EwmULd8AdQbkLKJiVKMSGEUjhE,1015,1012,1000,1000,true
1083,CLDauiWjyC6sqcSBCFmVedAjeLTNDEPRoGr2VVPi464L,1083,1023,1000,1000,true
1083,5S6T5eAp3Xd4sm1Qok1kKbYfY1qtBrHznBQ2YgeagQVB,1075,1022,1000,1000,true
1083,FHZPG3wA7QcwT7bAJSzePnLTdJHSXXHLhf2FZ6pxM6W5,1080,1023,1000,1000,true
1083,6pyEER3twnMytm2x1RKzbTjG4JdHzSnWNCdmtdvahfik,1080,1023,1000,1000,true
1083,PXJzTVJQTHhEcEfE1NYuPAgpT86eomz3oLafuwCP3Q6,1061,1023,1000,1000,true
1083,DFzA3g4J6XrmZ4fmb4u6EAPdPTZQqkv2Q7FiFRu946kJ,1097,1036,1000,1000,true
1083,2rS2ruMG7ya142EoAUFuvqExbvYykoHUYeUUzuiTwWZ4,1097,1036,1000,1000,true
1083,DCtc3JvzDgzUSVFDpw4nyx9jQN163hbcdUpek35EGs9J,1097,1036,1000,1000,true
1083,HSXdTpQspP3aVyXcV7rJFRapmwNAUz4MmUWz1PKUnDsb,1102,1020,1000,1000,true
1083,AGMaQgg1Cn9GEbwySxZ9ewQ8XKegtFgL1MSw92jcq7PX,1102,1020,1000,1000,true
1083,7R5nvmKc1FkTh82HigTu6M6TSxiaUjHzSBcUkzStJydp,1102,1020,1000,1000,true
1083,5snMf5otampRCH22Fn15MEvQnJonEqWwRdAfwToebPqN,1101,1022,1000,1000,true
1083,EmP1VuYHrc4rGAs43uMRBjuUHjrdvzDoWyBuhqPhxo2x,1101,1022,1000,1000,true
1083,8ggdd42dFjtTMvfWG72nLHHyJsxV6JQKBHUhKySh622q,1061,1023,1000,1000,true
1083,Hp6xV1E1LRVHqjAv4VkBWvGJTDrJTBGQnpuZPoftXoNy,1100,1023,1000,1000,true
1083,VSyDFfe6GNz4FGkqJn1VMf4VC9CpMs4CVGF7hSiAJ1E,1100,1023,1000,1000,true
1083,CE23j3T1y42SuceiuTP3U2KZbXqehh3GWyj21NRiy1m2,1066,1035,1000,1000,true
1083,2YEaU4GeJN4rBPgdN6yXqabMDZiy8MsmsFv6yN151wSi,1066,1035,1000,1000,true
1083,DKPnwjTaooRsD18Y8Eed2dyGCMEMrDyoCke485WWKsNT,1086,1035,1000,1000,true
1083,7Jai8yGafd88Y5SA1LPf3gBUCuqF2BVx6EihkJqEitM4,1086,1035,1000,1000,true
1083,2XMb7k3uKFT7hMBmx3JvBMHuen82t2JpqiwiA1H5tifj,1086,1035,1000,1000,true
1083,Ht4yWUqc3rUvkmRMY3YPN6USVbDLcEuRfMCnALBHN1LT,1011,1011,1000,1000,true
1083,G1TJJPaeqrZUGcWqpuZ1NrfVFyaSDemonjRK8ZHn6dPF,1011,1011,1000,1000,true
1083,Efdcatpngpg6umYtJKpkai4XA8VY2uobNkcjtGnmBAes,1084,1025,1000,1000,true
1083,8UZTBXTGLxBaGYLAWFW4dtnWgkZd5iS19kG21i5mqodh,1084,1025,1000,1000,true
1083,3iumLi9do2ohBKqQqgA6JVJcrQcJB1Ge7aA5rK3nwLBX,1096,1022,1000,1000,true
1083,2w9Z18hgRDEQUUhZZYeMmme8qx3G6mXgEtX8aSafPkg3,1096,1022,1000,1000,true
1083,5iFNFV4KdJQsjNVY5qNvZGAfjHpWMrQhSBukwKCPYJ8L,1050,1022,1000,1000,true
1083,DaV7d2hCnX3WKvmAsWkSLUnU2yB5po25VB6znrzp65zF,1076,1035,1000,1000,true
1083,3vjQLy5YPX7doDbTLJtMemdhquNK3Pth9mcwFsNNkdeB,1076,1035,1000,1000,true
1083,B5UUWVfGA4NUZxfpSAT4hJSW57JtXPhMhJVSv2Fq5qJc,1091,1036,1000,1000,true
1083,B4c6tCcmqMJdWzL6xe5EgW6MzcSe6tQCqh3Nums7GfEk,1091,1036,1000,1000,true
1083,7GJtxANKXNE8JrFm3sPG3tjXxudXJUZmXiqsRCew9MCu,1087,1036,1000,1000,true
1083,5BQmUvdCBjnihPRZFyGRDR8NcA7jjTQ3KoN56haSk3s7,1075,1022,1000,1000,true
1083,A1nBVeKwpRGMvk7tzaUVZsuyfnGvocetph2BkFtgqFoj,1075,1022,1000,1000,true
1083,6a2qDKiFEhKmGk3PmoaMa3GgLEDfSCoV9NkZTFJLvbbG,1075,1022,1000,1000,true
1083,GWCCBH6F273nowVfCEu88boWNF6Kk28iwuKDGWSy6512,1057,1035,1000,1000,true
1083,HvbcRJJamCP8D67B2wzwHrgQMjZN82BGG7oQqxE2vGdv,1100,1023,1000,1000,true
1083,F7XXqMixmCc2TJtxRzkDoXHdULj3MCbh7En3pavex5Fv,1046,1023,1000,1000,true
1083,745XPbCW9AKoAnTkd9qZzpYsxmkbFnJisR8dFG6M8hEt,1073,1025,1000,1000,true
1083,7pLvxiTC1npyfr4TodM4yu8roymgBMptuShMkaZpoMPC,1082,1036,1000,1000,true
1083,BeS2cu8i5xvuWUKiLLKvn4HFsGfeFdFLbevmHcqVHpaY,1082,1036,1000,1000,true
1083,CVhnSkkVxDoF1EV8nSVY89UnGZF7qhXPxZxM3si47AmQ,1082,1036,1000,1000,true
1083,7xuuNBvwu3dDoLLi8DMRABxfnBUYYpWYJLuqRQ8CSvLJ,1077,1036,1000,1000,true
1083,HqGTs4KehA9663rDKGXX4fesubJ1zUTeZeEu7J3B3KwV,1096,1022,1000,1000,true
1083,H3jCmXCSUR4cx36NEbgTpEGWmo5N1DFsZzRgw4NdTgB8,1096,1022,1000,1000,true
1083,8VajJjdMzYt7sJZze5e4Ec7ZK5J31G8a6S4G7vrjeSSD,1093,1022,1000,1000,true
1083,EdCoRZ5Z9LkL3y5DbNF5n3gF4Sp6Wc6upGfWGmcBKjoY,1050,1022,1000,1000,true
1083,FrmuoXSGnNMeLYutkh3e7HHoDbARxt2DfsEczucWeYtB,1085,1035,1000,1000,true
1083,HMME4z5bZpwGKUjfAgeQU3W4TTtmCtFsscvYZZE4qv89,1077,1036,1000,1000,true
1083,Cqf3NQ6cdnYi1TNkwUrJL42D4oKvvyZhHjwqwhJQe2bP,1030,1025,1000,1000,true
1083,Bn1GVrUR1oJiFuq1HSqJvSutFhUArsQGJPWACgENhTuE,1003,1003,1000,1000,true
1083,DidqqV7CYEFiqns9cH8aa5aKdW6smtDHyU1nzYrPu1Kz,1063,1012,1000,1000,true
1083,7UBV9iz4roL7DBpxSVrtSGnFvYJd8iDSPZ1MzPpBTL4E,1063,1012,1000,1000,true
1083,H5cwJ9oPYb6oxTdt1NPRA5x5i4iuXeXG4n7YCw3fWvLw,1063,1012,1000,1000,true
1083,2kP9uLx7ajG4GULtNSJXQdqYQ6nhP4FZ5w9CCXLDmdtm,1085,1035,1000,1000,true
1083,HwSFYHybBX2wYVjLyD27e5agT8j2va1EHCxDXFZjPkBh,1085,1035,1000,1000,true
1083,hrCMosVLBUWwPn8athzmicioTnE3uMCT579Z5btQvNk,1061,1023,1000,1000,true
1083,8xJTSnzhyxh4hzPDMS3M3c6NNwRzH4hmCPfZ7uC52jiR,1070,1023,1000,1000,true
1083,DuzL7vs63pwke7r935LCqAcT4jwCQcLDppvg9obJmMRH,1070,1023,1000,1000,true
1083,BVFCtZNysStqNYchxpqXGGDzuUrwSepqmtzPKvDjkDZU,1074,1036,1000,1000,true
1083,81j7mitrAXsnDTRRt5MPmXKCz235MFZD4YhoXdajkddc,1074,1036,1000,1000,true
1083,6EEGXLtV8pTzJbcoK2n8SnH8zirCsrMTveJTD5HV8Jbj,1074,1036,1000,1000,true
1083,5PkyC5UWfivXvJt5eKSvjPY6zgs9mXu7RqZopdBXY6vv,1051,1017,1000,1000,true
1083,BCRgwJuzP5VbWXKGrt5CWgzRg3Ri5ijzKP77Zb6a1PBv,1051,1017,1000,1000,true
1083,Ywf3tQvarnxyjJfySBmKSPe2xWQoxFeEnSd1YX8zCWb,1051,1017,1000,1000,true
1083,Ar265vcFWAg3YEwV3fexRvjeffG3m7HW8W8EGLjbZCaB,1093,1022,1000,1000,true
1083,Hq3ui61CRSWhagtGAjoJFUx5noLTW3wGwd6JoMgmjCYz,1093,1022,1000,1000,true
1083,9k6yFT9fF4KPuNJXpJRw1Ew2Pc7Kr1EU1pCkYNvp4KTZ,1093,1022,1000,1000,true
1083,A4gXDDKVWbb8kZRKxB4h1kkLUnarhGuDydSsoHL4umaT,1078,1022,1000,1000,true
1083,FCZHDoAtS2SoYwkCPSSXZ6Ksbo8ivokwQDZs7VgzuHT9,1078,1022,1000,1000,true
1083,Ar5jRs1KdLjqMukCzEwsDdMvhhrQXQuyF7ZjAK5oqQif,1078,1022,1000,1000,true
1083,3F3P38m2jAFdKw37P2Cd669ZrAvtqa72KwHnKuoN9VUZ,1078,1022,1000,1000,true
1083,EFp8sdLZ3tVJQyPNnMNdNgAnR7YE22eoguSnqW6j4for,1068,1020,1000,1000,true
1083,353qS4widLT87ihDYUf3f2tHex3ALYPBLyGFNPBLt3Fn,1068,1020,1000,1000,true
1083,Csz9F8XhYjgfjc1k5WUKdfPnt7NB81MpeBqGypyddjt3,1058,1036,1000,1000,true
1083,CVR3qmSDS5RgMcATG3zKc3H7HCVDNWjX4kx7HnYDiTcS,1058,1036,1000,1000,true
1083,7EZekFgShRKMcECNVdN2z28DX9746TY5mrBDvvzepEmn,1050,1022,1000,1000,true
1083,EsFwUgcRz1NbD5V37qiQ6ZyteoAfBwKnrCyE7DxyzcEr,1067,1020,1000,1000,true
1083,JBNDiPoVbB3cErbsVciKKGyCFTFJXyVuikzmjp6d9mSY,1067,1020,1000,1000,true
1083,7Lr7wQZEVHSqqtKpB4aoEnhdvf8NFoZ3kL7GJmYWqp5L,1067,1020,1000,1000,true
1083,3NgTTs9UoeLkYvf11QSVYFK2EzTeMrndkEJFAt9s11XD,1067,1020,1000,1000,true
1083,3Dc3WLUMbtgADDsbcqHVQTPeNhYRnqFDc7n5okp7ddXe,1064,1036,1000,1000,true
1083,HwVD2wpjF2HogRHEbyELksGq1brD5CKGbgwng2Yg7K6R,1066,1035,1000,1000,true
1083,3jziboetebp1LBeZc4s7TBecbZgSCy9bbRimQPYPTSuZ,1072,1022,1000,1000,true
1083,52zP8Jq8fu4bgiG51nmjX7dRJWqAu5ST2hHnQyRgruzT,1058,1036,1000,1000,true
1083,4TaViUW953kECHFZRUx7ndyyHxwLnQ3g5xwccMiYNBss,1058,1036,1000,1000,true
1083,6ZZBJRqVNVtRULgNwtyubCbmtf6BeWQU7Ut7QJEiNe9Q,1015,1012,1000,1000,true
1083,8vLTzhUupYcVHHRXonxJdfQRTkMkG7TKfC3yA43YBaxX,1071,1020,1000,1000,true
1083,4bXhzRu77Kt1eJ9GsHzcxQqSnHV19Yv6fiwKYtu2hn7C,1071,1020,1000,1000,true
1083,8PvheMdCfxZ7ySkpwppj1KvsCXajYUFbCQ21MUx9EqRV,1065,1023,1000,1000,true
1083,7rhaTxbAGhV8MiNERXcNKqL42yamxU9n3YPGVYrn3tGS,1065,1023,1000,1000,true
1083,9r4GpEGe43u7fqhYwVTx6SxRF8qNEHE3TjcmQK77NsrJ,1065,1023,1000,1000,true
1083,Fbh3Doei2mX6aYmPsYBJ7CnNjrDHPh4Y3LU2pmLgM6ja,1065,1023,1000,1000,true
1083,6Frkn5kH9xM81PUfP3bknwqN2P8835HR4GdkfToyRG2i,1060,1025,1000,1000,true
1083,5VWrcEkNJuuX2iQ28cQwpYVcueh9Fw2BukuESihzer6r,1060,1025,1000,1000,true
1083,GZTGSwhNP6AmtaHKqPmk2ngXjQuUPHJtzRne2NfUUCRP,1055,1022,1000,1000,true
1083,6qTkqveZwqxmzfSuRbaJsxrPykvjnoHVbCucd6Hc7HTX,1055,1022,1000,1000,true
1083,Cd2YNuEPYENn8oct2i3SrSLchZ9ZGYsdEMyRs9pkYnUR,1017,1017,1000,1000,true
1083,76KNveWVWFrcZVwDY28e4qfo6xD23VBPhfzG4bPEarM3,1017,1017,1000,1000,true
1083,7iZuRggY9SuRPBBmWuQ8hx8pfiHtkzir5wpdCvv93Xk8,1058,1036,1000,1000,true
1083,EpoQp1NxN6kfrEsJaxABf9VSXLSCcAcUT6kbP9KQ7zho,1068,1020,1000,1000,true
1083,GdKV3svexpsrySGL387NPP9pBWMaWBU9NuHDwcc6N4m8,1068,1020,1000,1000,true
1083,BiHDX2v1oH9ydrvxALbNzFLAk9JiCJwzBEm8eMvMGkAU,1052,1022,1000,1000,true
1083,BbhbChLfKUBZBp3GdFHaYcUTXkTiozrYS2YehjC4sR7S,1071,1020,1000,1000,true
1083,4KV33Rv2bbA631LEhaaCZiRaPUyLVQ5wAxTAr6Fgr7Xk,1054,1036,1000,1000,true
1083,JB7e2NKgeMRZPJzW7ZA73f149EtY8qJHV6r8sNm7XhEi,1043,1036,1000,1000,true
1083,EGdpYoqzC2d3S5u1amqY4EARGT5KFeSYBUNtvh5sGE6K,1060,1025,1000,1000,true
1083,2tdfTWSzwwuDMBuPn763FCo3m47JzpMFm3Xe3X72DZEk,1060,1025,1000,1000,true
1083,A5xpBcAEBvfdYSS73RyoNbyAZTPguzMaFjgcUXawvytM,1056,1035,1000,1000,true
1083,c9hoiGsPD54bffCYTQjeFb1NgTDM5ksvqeEpoXbDzaB,1066,1035,1000,1000,true
1083,Cn4uzBx3hf9c54VhYhNn5GMyiauctncTCqvpUBdgYuTX,1057,1035,1000,1000,true
1083,6SFRkC9Rf8Xggc68sbn5ZUefLZHCVkeNQ65xgBhM8t8s,1054,1036,1000,1000,true
1083,DYg2eZGbdU9PdqKeBLfaWv3Vzw4vf2EcZmygBhFfGGKo,1054,1036,1000,1000,true
1083,4441dNuJWRMrs1baf648H6HH4gQz7i8giJA8yBi7Grur,1048,1017,1000,1000,true
1083,HzXunTkp1KJdZn2aDKySvemQv6Q475DBSZyRYV2GUNL6,1048,1017,1000,1000,true
1083,76FtVwsq364wtnSVUFo1wo3ax31RdEe1a99fe9bELMb8,1040,1023,1000,1000,true
1083,7rtF2rBnWjDNR2jXqdgYBpZgeAQan5AFZTk2bVD1mBEd,1063,1012,1000,1000,true
1083,7m4m3NvjefBF6pUDZWudbAWcFPCoM8DfZzxrbS9MhVgq,1008,1008,1000,1000,true
1083,E5EGnWHhzDzEATozAANrmevr7BKyRXjWeHcjnGpp8adt,1031,1022,1000,1000,true
1083,2vbWJbqneoyPGEKjDH5iNxJXaRXXEpY4T1UMUMXFarYR,1047,1022,1000,1000,true
1083,LTGAqeN4yDBwZH91ShNTZDitGpwNJ7vqzkB7txxxu4a,1051,1017,1000,1000,true
1083,9JGuRwxSoiuf6z1D6trok5TD5mp4YCgEwY2cPakgv1Jo,1048,1017,1000,1000,true
1083,BAMxZHZboa39zeNW1hyp5Uy4tiDKuSQzyU1rzeyVKyKx,1052,1022,1000,1000,true
1083,CWtZSaE811p7EaCKekQE9UvFxTJARVgwyG6GkUn5HB9v,1052,1022,1000,1000,true
1083,7WbW8ZuoX9SFiH18QeFRisQqxt3DyzqhV48bVZAXBpK5,1035,1035,1000,1000,true
1083,8zCyjHdzGNmsf5VAQdPZDWU76cQAeaoMhMAUV56kpZHb,1035,1035,1000,1000,true
1083,BFCVbJYYwpTnFQijzunZahQ3e3a1ehdciF5ZJzbQaeij,1043,1036,1000,1000,true
1083,FcECsafQtv3nzgsdWvR2QRtkG7domsY6Hgn1tf3WRwuA,1053,1035,1000,1000,true
1083,586cry6xWJmGMeJYPrzdAqkeFyYcEqRHqnv4jxASa7r7,1053,1035,1000,1000,true
1083,7nMHN8fXMsPMPJRLgZo3rF21q1zoewirrkWcSbg9vo8G,1042,1036,1000,1000,true
1083,Cu1c2yyBAmAcmsVQ4cmFs5skVch8395LJWQcAusvgG2b,1042,1036,1000,1000,true
1083,9M8yepDm4ZdMMAwLsDABdtxkDiZXogjqBUHhWrEcKv1r,1059,1025,1000,1000,true
1083,zkRLRJ9yDrXiXPBGTj9oBsnWwHifYRA2X4AQAumFt8N,1059,1025,1000,1000,true
1083,EiYBD89XRugWgi2CCr8ZifqfXvveZF9ZFWg73gbSMhBh,1059,1025,1000,1000,true
1083,BdfCypn3H2QvWBJ8KPuXR4bhBCidmyaeyFJcPwW849KH,1059,1025,1000,1000,true
1083,4WxVTAQGC1Ju3zvAq6X8FzVD2z1YXRSyLyURwsx8iZgm,1057,1035,1000,1000,true
1083,3t6bdND9oT3KP2jLBtk2GCRdwsdemMPSL4s29m9LiVTD,1057,1035,1000,1000,true
1083,CpwdizrSqU8seUnaTezbDFwGEu5M6DN8oozFByeiNKC1,1033,1020,1000,1000,true
1083,7CNHvpCGMsD1CYJQZBW9cpdvNyqBzESkJTLriwsRQYZP,1037,1008,1000,1000,true
1083,DQhGJDC3JD2JB8g995EPafYU6ognNjF62BsEssGXkAfD,1037,1008,1000,1000,true
1083,DyGa2gsUEMeVPxNN44RhmgcEXqrX5YtXqknjTdkn6gP9,1047,1022,1000,1000,true
1083,yTwJ2QzEyFEj78GoVSD9tPTsck6aPQh8RRbebGrVLgH,1047,1022,1000,1000,true
1083,85QCNf9TM9peh17P9wT1FFoPoeknLMXXUWkPp1n32Nw,1034,1025,1000,1000,true
1083,Eb3kJCNbvp73ZQxZpFVvpMoa2jC2Ew61CchAXMD7oJk,1052,1022,1000,1000,true
1083,9at1YMexXoboGDPwPF3fwH8cVQ8wLrUygeHDqjoaXvTw,1024,1022,1000,1000,true
1083,A8XW3ShC3zsBeQCAybrPDSQevparPkqjX2rZjDruPF5x,1040,1023,1000,1000,true
1083,7hgYkGAArKgPsuFFDbPftm2XMTBHsdwXW1qN8UuoDPoq,1040,1023,1000,1000,true
1083,3qzk5Tdcwb8Z117Fm7ssFFZd3zTSKzvBPJBm2JzVf1jj,1056,1035,1000,1000,true
1083,E7SyCph8qeMvRHCXDvN7WuDuEpVxxo1DPkd48r2zuz3a,1039,1036,1000,1000,true
1083,FGYYjS1eKALkqxgUs2vr8nQUMiGxyApoaiGqs3FAqW2S,1024,1022,1000,1000,true
1083,GhwWfjbKrGXzsHWG2iAHuqJbVAdjSfAN3KzLck2gRuZu,1056,1035,1000,1000,true
1083,D1N44RaaRLKYWvHxBp346TnVVK1Z3eoSTXZykSpj5XQ6,1042,1036,1000,1000,true
1083,sEAdaWWCCGz6rHpnMuMMYipJPQ4324TNjo2PszdxKGo,1041,1036,1000,1000,true
1083,FsoPkf5yYBSqkaZd5HqzbMqvdrZTYzfqF39xWxntzN5n,1041,1036,1000,1000,true
1083,BJ3ny2rNLFrsUvaBMfMK1U7Ru1igL39NPLxoAHkUy3U5,1041,1036,1000,1000,true
1083,FYyjzw41YeBf7bsy9rguJdayg8ym64VjBn8Diyi69m4j,1049,1025,1000,1000,true
1083,umyGTicAQJypEJ7QaeAvWJr3KJsrtwg6TZpkaFCAKar,1049,1025,1000,1000,true
1083,ECoS8eL3HvKugoeCiGLt9ywqhRq6JPL8noNbzpaE8WnL,1049,1025,1000,1000,true
1083,5K5ME6gfa1Ae3GMcDiao7YjMm2VJFG3xkf9ZLZS4LRbg,1049,1025,1000,1000,true
1083,ie1rwDocC3X1XD55GeLH5swnAJFzys7Zj8fVyVXXNU1,1045,1022,1000,1000,true
1083,HKuzk9fhY1cFr2gSy6AzWt1SwtWCsA9JJHpNzNQHENC4,1045,1022,1000,1000,true
1083,FPL7Kqxf6Fhc3fzSQKiYEdpVU5MLnXo8qgAmh5y7Gzen,1045,1022,1000,1000,true
1083,8D3o1cBNgT7iNFuJUzZfBEGxRmye58HL1Wk4kHxRJwbi,1026,1022,1000,1000,true
1083,AZmepgb8w2XfqzzLxKvHEtkJShdtWRc8TeXZZWvCBTbi,1026,1022,1000,1000,true
1083,A3w7MizGJuSuTN47Tkt939vjY4HwrsC2ZDPFum42HL7o,1033,1020,1000,1000,true
1083,2W5hnKb8BYdtuRYPJLsHcr512EAzA9rRAR1ti1rtM5ZH,1033,1020,1000,1000,true
1083,GJspKkmQ1FQ1BaHvDBBQoDYCj3PVC3FpSxG7eHY67AVv,1031,1022,1000,1000,true
1083,F52BUTkXWSdf1bdiapwVY3rEwtsfJ3x4mwsFWfW5DoXv,1031,1022,1000,1000,true
1083,8hjg2Ssi7DaxbF73YgkjmrRj6GW3JEiCXVjNLx2SReP6,1053,1035,1000,1000,true
1083,EYa9YNqnvWTQMnS7Y8XpHBkyPRSMymrZPiWALdf65Qvo,1012,1012,1000,1000,true
1083,3ekfkacTLSSWcS4fXeuMq3U4rBwF6Tbb6VKpDRpAmnpn,1012,1012,1000,1000,true
1083,6o2ovv7bxNLrQUTprBhZt8d8fJaTWXTXQAvF6sscdELS,1026,1022,1000,1000,true
1083,G8CMwt3RBKyKzAqsQW7Gnz9wVUsh4P4oaGANH9HJU3iE,1039,1036,1000,1000,true
1083,5NbKJswwQTDKMBq3tjN8eP97aqYbAFnJ2qbM2Pk8eZB8,1039,1036,1000,1000,true
1083,ZFh112cRd1iM3TPafa3teAvnf5UgSfDraczvw6DzMCp,1022,1022,1000,1000,true
1083,DoX3iBEVnYRszPJUTGPCAqGaYtm42tYuhyBtSCF2jm6r,1044,1035,1000,1000,true
1083,5e1Xxp6ci7i8vUK6h582VR2reAoWM96V1uuM7Ji9HHsK,1044,1035,1000,1000,true
1083,G7zmvsHspx6dy18fasCyqE4gpaPEF5ZFx61kYURjNuby,1021,1011,1000,1000,true
1083,D4GG3ZX34Sr14WBPNGCCcUnZQgppVChwttxEhqcVPmsL,1008,1008,1000,1000,true
1083,7j9fQdpYvV3mowGacj5aTJyRQKpMuciPDyNwyTeuuPR2,1037,1008,1000,1000,true
1083,4E84RFvgewfRcoPsszoQqoeCVxqycjzMVgHgvdVHwgqy,1023,1023,1000,1000,true
1083,4PRZFPMcQciUhhut1S2Y1Bw4XNuE3zcp2gGtYhXiTBV1,1034,1025,1000,1000,true
1083,Hx7kByGEL9Yz9w5eQcrnLYuhaiNmhVcdA3ckg4nVT7eS,1008,1008,1000,1000,true
1083,H12Y83Wnzff7kTDEYLHGMu8YEipMVweqCsPz9EtB2fg4,1034,1025,1000,1000,true
1083,BT6jceef7krCbu1MJKpXANPqbzzrrym3rvFYwqwo5RGH,1030,1025,1000,1000,true
1083,8ng6zAhkXh2XH6ek4dMkK62kLKLXhcWQbGaExQDyhs7T,1030,1025,1000,1000,true
1083,EV3p2HbyWDxATmy3xWt2Svif3c4QsYS5aY2hod64gpAk,1030,1025,1000,1000,true
1083,6cDY1HRfSbGobYUScpnhQw4wDG7HxTkmCrzNH3xXTJb2,1025,1025,1000,1000,true
1083,CLeoKQ9pdtwKYmwwQf9tKVeRP2zMHnLqHXkS7oGaeXu7,1038,1036,1000,1000,true
1083,83e6VdJJFK57KEWtnkenAYimjWBYa4R8mHVFNGF85Dyr,1038,1036,1000,1000,true
1083,9dXUyQYvThEkvfZu97xwEcKcKXtk17Ggy99RiPhWEcPU,1017,1017,1000,1000,true
1083,9BRLyPhDCfSmgnKAygyFcG9qERh8uC8WHr9gZrkRie5y,1017,1017,1000,1000,true
1083,DEGWEHS5fM1wNKqTmbi67EdUX2A1foVgbJz4Kp9BvJTx,1012,1012,1000,1000,true
1083,DKmPYusvGXJYzoumfCG4ybHX3rzEr3ZwcruDSNhuVRrM,1038,1036,1000,1000,true
1083,DLR1JkYozTWJ1tvNYyKNiZkCcHXtyCpCYCAWtZD1UcJ4,1035,1035,1000,1000,true
1083,H6snn7H4FTwYNQaVHRmchmLxK4r1GPySXjEmnauvQ7YQ,1020,1020,1000,1000,true
1083,Hm8bexg8yN8Gd5YjT1spPJcZhKA8t7JRFRg1WD8KVsmC,1036,1036,1000,1000,true
1108,RLTX9PKnsCQkkbfETShEkAPEYRwYonWMLSiUpfyeimS,1177,1000,1000,1000,true
1108,Gbtk5DEE6kuoTkMmwvwqxzawhajvVEdA4mYLh1gb1szU,1126,1000,1000,1000,true
1108,9s7xXXY8wd9c91Z2dRvxyJfeJQuZxZcNtEgE73qPeuUJ,1194,1000,1000,1000,true
1108,By2nXZG5Aks2hAx587ZyeCzEnt3EXUPJGRZcWXvDh6JB,1049,1000,1000,1000,true
1108,2kjhT8c9ECBjZjdES73QTLZABEob1RJWG2oNFsQPfdQW,1046,1000,1000,1000,true
1108,3U7RYWpB9rKuX6ivZr6sM7kUc5dVxEowLRatdkhHKMb5,1183,1000,1000,1000,true
1108,HA7yXqSrS45eFTFQXn98URtkwXawMkM3smjznszofvUj,1176,1000,1000,1000,true
1108,3F8VKVtcQY5EnSqUnRddq2sMrvBNBpy9Luf9C2k6bSZD,1175,1000,1000,1000,true
1108,91DHVHnUZAKLNCFB8T6dWz2rWJ1cWkgs5EnLFpY2YGnp,1007,1000,1000,1000,true
1108,7wFZH8DZTzdAmzBsb5BjSY7z6gNUnfVGTasVJnVXmSgt,1166,1000,1000,1000,true
1108,VWuRuXYCyjS4UUhcLdywxcNgbtoxCurSsx3W8aKunrJ,1173,1000,1000,1000,true
1108,CrFK75HnqD3nhevVHUwootKNmQK7ferqYUJiXKzEgnHP,1037,1000,1000,1000,true
1108,87vtWF7nFxznpXakimpsyzpibpDwYiirqwYpJ6FqKY6D,1088,1000,1000,1000,true
1108,95JZojbkKPGqtbxFB37wSu32pU8beyk6GDNnarko3nxM,1185,1000,1000,1000,true
1108,7C4jVBmwzEnTPayCmvoLQMUbvLp4k5tDyVP5j4V2qF8J,1043,1000,1000,1000,true
1108,212YMi3Fdab6gqSw5DahnGTPSxLL7RkyFBzRRe7PJJtB,1164,1000,1000,1000,true
1108,Cu8uQinApm86KREfPs39W3js4n4gRngUciqtrHGWCZE8,1002,1000,1000,1000,true
1108,C7BWB2arjs7EUgaYCix3RMYK2nCKG6a5UgiLdToTk9EK,1092,1000,1000,1000,true
1108,H4oqprzbqr2p3nRKLW2SD93PHEaqEpCN1aGU25KVAd5y,1001,1000,1000,1000,true
1108,4Dktqgf1p72W3RZ1VUui7zMvFE8jGHMzPZTgpGam69f3,1036,1000,1000,1000,true
1108,CtkrwEkHVrnKHYgc9fUJ1vWie1q4H8TSUP7NhkoyuqdS,1050,1000,1000,1000,true
1108,57XH8P9xnNPmxUsXcjKsK3rkgjhmL7spWi2Cq6hGRKFh,1080,1000,1000,1000,true
1108,4yqwPLgLJgVTgRyhYHUQCikDvodbd3bHMbpeybW9J5WY,1070,1000,1000,1000,true
1108,qaZqnvS8XoejnnXCj1bbUJdgBgpc8TeTiBMtZPjgQtM,1069,1000,1000,1000,true
1108,EVQEHRXEMTUpWXFZZgydj5FCCAobK9hWJN19qZExyetC,1091,1000,1000,1000,true
1108,7WBWgn2YmuRosa9XLG8aHB1NHDnXd9CRP4LGFtmX52oP,1090,1000,1000,1000,true
1108,C6EG7hzMcQhdoUQ6G9F4GeiQEZTrfmmoyDNqrYHgkDai,1040,1000,1000,1000,true
1108,9ei2HMw4F6gtTSyGLn8fExKfvDy8hmq4TRvWNm3aY3Fe,1085,1000,1000,1000,true
1108,G7YFzBEDMAp6ny4rVgpVYBWfy9pRDRs2mE6PUjomCN2L,1083,1000,1000,1000,true
1108,AvPdK2YC7oVCSMjP1DuNmkDoUMU7wpEnW631mzvxQh2p,1053,1000,1000,1000,true
1108,CCFkiidPR3BkJaNzJKa2HRUvFx8dyqBK1cxoPfXjCt8a,1035,1000,1000,1000,true
1108,8Tbcg18N4hHTgad9cYeQA1Ua3S5vCyVp4guhYRtM5Tyt,1028,1000,1000,1000,true
1108,9TYwubV4kUknwJ8a65gW6f3u4m3diKYsWkgf7asKB6SC,1030,1000,1000,1000,true
1108,4AkhWMLYDqDqwhcwkLS9pLBg2jW5NcpnxWZLhNauu6zA,1003,1000,1000,1000,true
1108,2VpdBnDM3zCrQYNKuEfiAhBfobBQ3DgkQHUJ4XLzTLd1,1005,1000,1000,1000,true
1108,AYJDRMCjromiaN6VKDaCq859zJ57SaWXcpPxXcCNBeLX,1008,1000,1000,1000,true
1108,FccAS2DDxRrZxorciEruVSMFhVpA4s4u1WobJX5Y8vsR,1015,1000,1000,1000,true
1108,FvWuhGoexJJ7f2fUkTdDruRKDPCjTSnoBjaFGSkpbttY,1000,1000,1000,1000,true
1108,EwPWwKyqFGY9G325AVNgx6YJKfsNXUshU3dE3w6GHpyk,1187,1000,1000,1000,true
1108,9H1p4AgzQdqk3FgixDU6AfSGGZyvKXTqqzGN9ea2srAC,1165,1000,1000,1000,true
1108,74Ahvs5KE5hVLiqK2ELgS5e9j3fHKRqBXS6cbo7nzAzh,1086,1000,1000,1000,true
1108,2pYRxvii2DEGFduXc1WkVAzCNHM5uzHZqEz6pARTv1cm,1033,1000,1000,1000,true
1108,4u8anJzti5mVB3wv5yR47VTpRwBcFovv9jArXwj8315S,1190,1000,1000,1000,true
1108,2TN2noDHNWj1SnJBfeN6PXTbHBw2o9s4mbizxXRHXCt5,1178,1000,1000,1000,true
1108,HN3ENHpC2vQthg1c6462t8A8Q6BQ1GDQHt5oEXqd4jdx,1146,1000,1000,1000,true
1108,H9WvD8QX366SoV6EEW7At177YRMwdxLCqt9wKbB1uizv,1029,1000,1000,1000,true
1108,9dPemdL8BreJba4LnhSKwhR8t9dmfpEXVzn5kzVT7BJU,1155,1000,1000,1000,true
1108,AwFkF4seT8eaf8oUdTxSezB2FW4mz1AZcGhR5uihoh1a,1055,1000,1000,1000,true
1108,3aVaikKhtdnJto7DEx779CRhSoywi9MoZvNEf6fhzT5v,1168,1000,1000,1000,true
1108,8FVEkWrJxTW7YqGfW3Y2g6eVxREihXgfKQrqz6dumnR1,1081,1000,1000,1000,true
1108,CBrhfXqsQyXfP7C47vb81vtHSJ4z114jQoykYrMdxhMw,1052,1000,1000,1000,true
1108,8MMoV1RTkrUJcg4dwaPHDxXt3JKDJ3XPRCbRiou51ANA,1186,1000,1000,1000,true
1108,2WZ74XY7Ty67RcVaYdMM2qYHsRYGczL6Sx2LVafAPZUo,1184,1000,1000,1000,true
1108,DkfHnjiRttGJwpsdp5kvjDwT5kzhY7K6R9QT78yJ66pZ,1014,1000,1000,1000,true
1108,FzYpW36kAmRJLVZgWnETGpkSuP54NbLpvePJaVZBMm65,1084,1000,1000,1000,true
1108,JBa8D4DS3boY3QbX65e9fbHSbJNFpZq9uoVYijHpNHhT,1127,1000,1000,1000,true
1108,H8drq76CNg3e3mYB7yCapH691S2hr2dzyUQnVrvoHCLt,1087,1000,1000,1000,true
1108,GDsRwrcNkyV1u7PCVmge5Ac2rm7Xcr9jDLdHMbQ3boYY,1025,1000,1000,1000,true
1108,EqZNq5wUcRdzzYcRHBJ2PMr6MwuYr4ZKtzoyhvJQg8fs,1167,1000,1000,1000,true
1108,9JGxhyVbLQ6YmLrXviAz3KoiiwY7KAzkVj5uuHeQp9nt,1179,1000,1000,1000,true
1108,BaQLMrEzj75ACsq6f9bex9QBCFPy8bkN1kjPHagNeaJP,1174,1000,1000,1000,true
1108,FgwqJtA6guLdVAF4ZQb6mphkvn77zZaEFp4j167ubP5r,1128,1000,1000,1000,true
1108,BeGoqkYESGJw6S8d9zPZFukbchamgGVfxvHpdWFWfBTA,1030,1000,1000,1000,true
1108,8hesvrrpiuoNEUGSBGZxkytQQMk3osbz14kSJ9MYcEKh,1089,1000,1000,1000,true
1108,2bPe3xdCExCiQFEFXRHwDVbTVEkLY2w4n6LHTAhsiE5M,1068,1000,1000,1000,true
1108,6RDxAjUQ8ZCk2uhUi2CuMtdRV5dt1zZMgKsPgbdFQp3X,1003,1000,1000,1000,true
1108,9KBxw5iR5Fes2UG1CUznSUHT2fPkqMSzKioQv6zDZGLt,1079,1000,1000,1000,true
1108,D6M39tB12FWEWgHs1pBCtiqYedsi7B9UvKgzKPNGSKnT,1010,1000,1000,1000,true
1108,5WDDzYJ8c1bN1LTcYC58oa7va8CaaqobcM9iSyP5RogT,1093,1000,1000,1000,true
1108,C4tg3VjoUJ5jCr6Uwm1nmkUHSVWssfnZk2aXxhQtkVdP,1094,1000,1000,1000,true
1108,4BvTq9nr2w4pRVSwBiAMNPW4G6CwrudqrGgzpcPc58fc,1032,1000,1000,1000,true
1108,3gk8nYMMuz1pqf6kQ8ReZNSdoGsUqvKWSAiTL2twLZpG,1082,1000,1000,1000,true
1108,UUPNwQ17HGZQCPS3qASbTV4VoUjE7gKqafKNjT5yRGX,1078,1000,1000,1000,true
1108,E3ig4DGK4nX2gX2b1jhTjjKfjVM7eeBNf2LSdew7WFMX,1071,1000,1000,1000,true
1108,7S9M313UpY4BGzuaFFJPKgrJZfa2bduTshg79dx8dpRy,1051,1000,1000,1000,true
1108,B3TqNeVQBW2QY8TRse3RM32TNctsLPQbx6aQBKwQnqJJ,1040,1000,1000,1000,true
1108,Fyf7eHfwYZk5Uy8Qo9H9HkyRmpvimGTs9DrzLHxVwiDT,1075,1000,1000,1000,true
1108,bJ62YdRS71vcYNPAeSi1kT2AMFe4fs9sGBRP5mNpnqN,1035,1000,1000,1000,true
1108,1DrkDqq2VFSszabxkaMGjQcTpTeaDJ9j3B67eUe8oWZ,1005,1000,1000,1000,true
1108,HRp2CatJ5ELdZoPqZ46MJZCEQe5Riz6Wyouc6kXYy2AB,1077,1000,1000,1000,true
1108,5AhyRhEBEPAu7pK1SwmwJKoVXWoPdckidC4i91VpmaUM,1054,1000,1000,1000,true
1108,DeDYmYZRUPctXUKq7uEfLfkKvVbyJw7XfePqawtutXjb,1031,1000,1000,1000,true
1108,C74oJ8w68bSNnZv5XAbtQ7njbCjoeS8GMk85sk9SUHnc,1048,1000,1000,1000,true
1108,5hwpBHngJ8Qoo81iaaVHLLo71QLVG4UdxQDNjUyHCnFP,1047,1000,1000,1000,true
1108,HwaYAuhTFcXFsqmcXc6kHFnmHjyLX52vSoApeR2AjYfr,1015,1000,1000,1000,true
1108,EjFUKE8LuXZrHtMhwqq8kdW9C7jTDB85eHuBSCPxt1GQ,1044,1000,1000,1000,true
1108,7pjpsuJbAZYpzHvRg91RuRJavDQz8z4Zk9TXwmpZ61mK,1033,1000,1000,1000,true
1108,ALJiBqP9UQyQ6ZHo7xoRV1M1a56syCmyRCf7dpo7f6dA,1042,1000,1000,1000,true
1108,CTxhcU7ra6cU8ufMUFSgBov4pbb4HZGs2X2n8975pDm8,1045,1000,1000,1000,true
1108,GmfsrxjZrjFTrHYHVRK6AKx4jCp1rorWh6NUoZogu28G,1026,1000,1000,1000,true
1108,Hz6hCDAVZp82rScqXrCsNPPHV4R2JCEHMzMH97iZgxBz,1037,1000,1000,1000,true
1108,CmXahCpAwaXj65erRXWP8AWkyyN5FsDjsRJELrJwZcT4,1024,1000,1000,1000,true
1108,B6pz6fPwK77APg2BwEatBppJXLPrsGRqKuSMZyFv7Vf,1017,1000,1000,1000,true
1108,AZjyh3fKSgfMP12qdAipnXrYqZxr9ZeswLCQm78wnHwg,1031,1000,1000,1000,true
1108,Ae6qBu3mZa3imDqLthRFiVHt857sU8imAasDyGoLnKTp,1006,1000,1000,1000,true
1108,9ECzhHXDsbopNHtdnm8DgyuUNnKRjZauKEu1YZfJcPqm,1042,1000,1000,1000,true
1108,FZVtw5YqGF7uLom6KeAdMFTMTgiAAZHaJYBMGxkDhcuj,1041,1000,1000,1000,true
1108,8PtGeig9rnx74kQ283qYyThvSwknE1PRa7MZA8cq66Ga,1041,1000,1000,1000,true
1108,8kjTEZRSQu14R5YNZWe1zVZwMadBJpzqC8nAP2pTVfRA,1034,1000,1000,1000,true
1108,4dsuVFwK627xXNqMZ9PrPEgFhdxMkv8qx6abExU7yeJe,1034,1000,1000,1000,true
1108,ByGUpARA8s3byQ6JjAKdrTbFrQcxrJXXHkJXtuK1gYU3,1027,1000,1000,1000,true
1108,GQBxuRpL5H1pkL9KqgyVkub4FCudrB1hswoB2RrCVbph,1027,1000,1000,1000,true
1108,DFVufaVhwF135hB4uP9QHgrB53MkLe37n5zCoFUeykDF,1022,1000,1000,1000,true
1108,CK6PRmtzL5KNgezK6ZvMiHJivt1adH2QvhXCyjUsJmaD,1023,1000,1000,1000,true
1108,AQ2Ex6hPtwqpqjyZ26CbzFti3wgMNuezmwBhe3pZxmbv,1012,1000,1000,1000,true
1108,6VKm6FEv64Eqf3rFtsbasz78zsotyhxjiS68Jwm4DNz8,1011,1000,1000,1000,true
1108,J7Yu65DwJG9jB315MsY4EVzzWHUeqE9TNfmYR1CXR2tw,1018,1000,1000,1000,true
1108,3B4g3CKGa48nFWwMmNvaUxuTHvn8F74GbuWnVJfvhDXA,1011,1000,1000,1000,true
1108,5u1XXVd8BUDsK6zTyR6zWH9qDAZrFAbo481aBRNEqguy,1008,1000,1000,1000,true
1108,4BDfsa9u6gQfDNs1d2qhytT4jvZVLSxv8Ex3f6xR6T4y,1009,1000,1000,1000,true
1108,3F7cRkrvGSHJF8XoG6NLfXz5wm6kuWnxhSbHbmBWRbkM,1009,1000,1000,1000,true
1108,EViWXN2zvUuYr6vzKZgBP2tKRVa2BnctLqTt8F6fpmHW,1039,1000,1000,1000,true
1108,5QGVm5jxjTqQeUTyEvjuhBbrPjnHSJCYjX88axXcYFE8,1039,1000,1000,1000,true
1108,DaDvc3J7FgTpR5bHzbkQ1x9ndE75RbTGGiTdfASDieLj,1038,1000,1000,1000,true
1108,42xSy6XtiadBNk9EcWWKfD538bVrqPwmtY83iwmfWHUo,1038,1000,1000,1000,true
1108,8Dq5vCqoaXpoLmnvxhGCo7mWSgNYbUwoRR6agaLS2fPx,1006,1000,1000,1000,true
1108,A7TeCTv3bbM6stSg464MJgc8a3mBpnsw6bVf5XfUcDcm,1036,1000,1000,1000,true
1108,8i4aT9FUBJsBS9VXDFEG7vKchQuTnrAeBAPuickBxt8y,1001,1000,1000,1000,true
1108,HK1rePumBZAxDZi6mDTz239Y8PYUHyad85Br4DyovwcC,1020,1000,1000,1000,true
1108,9fdLN8o6AoXDmKPZVNEV5QdhG77QYhfLYzADzoXMzSjb,1007,1000,1000,1000,true
1108,BZsC1yWeaeWrt4Y2XfVuk4SMeDsubP82YnrDyDqAWKW9,1032,1000,1000,1000,true
1108,C9UdGb3H92SG55BSf175vUwCRjMERy2huBo2mMNKQmhY,1019,1000,1000,1000,true
1108,DxFdHe19BoRjnDQFj3XuocmdP259vh35PwvA6u1RXGi2,1029,1000,1000,1000,true
1108,FWchxpbYTzGKM9bXKbre4RCa8fE9s46LyPRRAUhJp8SW,1016,1000,1000,1000,true
1108,4yEVzKQAmX4MZ6keTyJeyaHtdpyE5Cp6E1kMCNmgpbKX,1004,1000,1000,1000,true
1108,QN7fP1Qyjp9R3jGvGzUUWpTipzQhgdfUumZGvS8mXFu,1004,1000,1000,1000,true
1108,EHDETeFkoaGu1mPEd187xXo4bc3M6HnSfNYrPfKFJQEv,1028,1000,1000,1000,true
1108,9PnDfG4mrRvtsLuAQE1797PegpECWW6p8xDEVLnf8xPe,1002,1000,1000,1000,true
1114,DtCmo9EGAioRSNDtBXKVNn9gkdETKTTEjqmETdqsyazz,1254,1000,1000,1000,true
1114,8SMqto7skgdAk2Focsrmx4LVQPsT2q66m5oC2BkecmCP,1118,1000,1000,1000,true
1114,5NitUe26iSxF4mXgTS1NCWGmAVwYpMuFYvxGY2az5psY,1001,1000,1000,1000,true
1114,GrAVM72KYjmX914eDP8TxqKfcz8rFbymEWiXCinFSG57,1151,1000,1000,1000,true
1114,HxWX9vMdyrJmWA7cJNqUrtBzWpc4QGY7QPptoKx2QhUT,1150,1000,1000,1000,true
1114,DYgBwGhFapevLGnrJPva1WqqMXffQWrPy4V3dYMx7nwm,1299,1000,1000,1000,true
1114,DK8XtdqUzcAnsfwLeEoMrubGSTqtVS1ZRanViZ3oKHnj,1277,1000,1000,1000,true
1114,AN6AY9UJAVjLShoX7otXDL8zThNna2YwcZcoBQAKEQSV,1249,1000,1000,1000,true
1114,7efLs6xCfN3r2Cehdp516kRkkGyYGA6ZZe5xQXgRuW47,1029,1000,1000,1000,true
1114,DtNBP3nEMRTikA8BcwGjHDEXiCNQMfDFhB2RLiEvZxwv,1208,1000,1000,1000,true
1114,HmRTn9x1hmbPXM8A5J7FHEkthyVQbRyxKzaxALUmu3Pp,1289,1000,1000,1000,true
1114,GSzkGZDzmPpU1zuJbTUBXtGKDR9JvKLTP3rUsCdZT1qY,1228,1000,1000,1000,true
1114,4rTv8DsvcdTQfFqhBHCG29tirq9P3nfUBrxWmEzmLY7m,1157,1000,1000,1000,true
1114,4SFYWd5NjjvDiHn9CL1vohhSZ56Php3bkcFXAfuhnCUh,1288,1000,1000,1000,true
1114,4dsdiJGUb4WKPRnDSYfveEuq5a7iiRNXyjXc91J2mBVE,1164,1000,1000,1000,true
1114,Bt6i6KKXNBusbHDzBxJe8mpDySABB6qdp6qJeQfv1KJB,1160,1000,1000,1000,true
1114,2qMgMziZvwr6HL4z7cV1zizXydZoKjJRd9Jq2ZU3WY5J,1287,1000,1000,1000,true
1114,CFELDPnFiL4h2WoAFpPTMWHb5dkpuY3fjTgmngHKFXsz,1203,1000,1000,1000,true
1114,658fJMhxygk4gnYyrrnMKndqv3gzV8b8c5YiL6f9gdyj,1091,1000,1000,1000,true
1114,4tURQM3yuAYXNGbuEdJKE1TvWd4wNnT6sPkCEkLqVoiq,1132,1000,1000,1000,true
1114,BusKKe1ECTPysrSoQ727NRmdEkdGEQRcmRskFgEBv3jv,1053,1000,1000,1000,true
1114,fvuLiWpuTHHpZpMTYgmNddVymPYLDrTanuRtGsYJoVf,1103,1000,1000,1000,true
1114,CbtxHJpesFtMFWTtRxX4BfC539J1BQa4EJB8FoadikNo,1135,1000,1000,1000,true
1114,3SqL2a7QL51cPjaYxtQyDpEiQeKrF4BACNxZeiqhHyGb,1143,1000,1000,1000,true
1114,7LcTkdtk4E1FyhqXd7DRQuSd5mhHS2Garv1hm4MtT4GE,1248,1000,1000,1000,true
1114,Hay5myGP4vjCQfQGzXqT3Fcde3iHYxnpS3QEBLU25Pe7,1204,1000,1000,1000,true
1114,Cm8bxgQM152auEdriN1oqntNyzdXVGuj51aqrhFd3n4i,1098,1000,1000,1000,true
1114,2C7paPPKKmpiQNRNnX9Z3dEsqysRj7VEA9ekf86HUgNJ,1149,1000,1000,1000,true
1114,6dAApzJbHF8UzV5kPcsEryxbg3DJ7svUN4dCKdJfu1Ag,1144,1000,1000,1000,true
1114,Ff2QqMMWUDxtVBj5j69kDsWxejVRiGS275jjn3VvmFuq,1125,1000,1000,1000,true
1114,BVdFUa1Lht6riCoRxzijznU71zP4e7KgJb1BVgrmCWZW,1074,1000,1000,1000,true
1114,6e1XYGkHL11zjgM7VKzh6AsFXgVjhkP2JZxXu8UrnnqU,1136,1000,1000,1000,true
1114,8zUVZRdxHhvkfeWut2v8mmbQU8M1d3WfEz6r2isdCWkK,1165,1000,1000,1000,true
1114,DU2QQYKBSGbZL9StGUcQatmVumXYV8q1a3WgPY6Djmug,1158,1000,1000,1000,true
1114,39f16prgQ39Uh6mFS3bR7xWHiGogZic6WCy6emvzrtSv,1142,1000,1000,1000,true
1114,3rNbnHwiLotwsHWPjeghkt3wE47rKkgJ5ageBqKDeXDT,1057,1000,1000,1000,true
1114,BXVe8USUZsBEGQQtsQmxLKX33tcv3Jjcc3mbVgoYVQVZ,1086,1000,1000,1000,true
1114,2JCrspbDvGiWf8mBjNNh7DoQpQ3kfanZj6m4p2VacE8w,1159,1000,1000,1000,true
1114,GYESnoiDFH7J6admiVy4Yn1ZuKA954rtz1esWLGKFDz9,1062,1000,1000,1000,true
1114,GMp7WuTdujrmDdWQ3NgVUqVCUawj1qbcmHpWm74YNT9t,1034,1000,1000,1000,true
1114,9QkZJRMF7A78ydGuJGBnPU4xKmcDYKCy37D7P43NsVEv,1128,1000,1000,1000,true
1114,2HMjEudeVP4ddFnUh7kdHoCfWxzAdna2ku3CnikqnfHT,1153,1000,1000,1000,true
1114,BNxXRJJwNficu6ZZoTfXGFfmWQBKDbH5LsBtk7ZjKPAg,1152,1000,1000,1000,true
1114,1RNLnDUwUT4NNy1GDjttmRh53qsqcFAS7hBapa8QNaU,1129,1000,1000,1000,true
1114,7uR5LU2XDzKLreg9NhMepZAPhBJm9sGgCyFW2XsUei3D,1156,1000,1000,1000,true
1114,4wJENzqruvCDKpMQp3GKMAbzP333LhAMVbLXejCXNHc9,1133,1000,1000,1000,true
1114,FqbdJQsa12b9UbV23oi6atL4QfNbxWm6ENGUv6i5Qb4U,1043,1000,1000,1000,true
1114,CDtuUDZPceEn6qAYtZmHUWytnicNnonGiiR4ZFpRUDFR,1112,1000,1000,1000,true
1114,7EJgsn4TFRYHP4L9pyNhYSQxyRBCbmvy1FpMjCunfbWr,1087,1000,1000,1000,true
1114,7GbfzBUjgENrgfgYKPUqDfbg48rtjbPuk23NRfh7xWtx,1035,1000,1000,1000,true
1114,96Ki3RPkrCZdsAQmse4Nq4itZd3Ek8mWyuxZktcf6ZVR,1110,1000,1000,1000,true
1114,9QUnkFA1CpG41GEAysHB1h6yfUKzk1frKPQ9Ess73HGa,1148,1000,1000,1000,true
1114,GeK5SFPDx7r6BhKQ8aD3rm6xGA2ntUBoSpvtfBawNGJb,1070,1000,1000,1000,true
1114,EQ8Gfc7RHP3fvcQJKfR3KxnkpxyueN1AnmRKUVtScr37,1049,1000,1000,1000,true
1114,Ekmo5KwLbnK5tLRBQq3d85YS8JR2si5XNUvzxhhus6cS,1124,1000,1000,1000,true
1114,GhZm4oGuGUUH67wPQFd3BUFQTegxXR5y7oNEAXeJZTHw,1109,1000,1000,1000,true
1115,5PPwtivWnrg8b86RVQZitFYgb28YAGUB1EuxNXYUadv7,1096,1000,1000,1000,true
1115,sN2Mdwc2oNVx2PpLqoBZa2y8oFmf5Wc9589dtFVS32e,1245,1000,1000,1000,true
1115,essoqiARfkrSHHPLSzKCfWsibDAkDZE6FSqaMU9Y1ui,1244,1000,1000,1000,true
1115,k3VeZSkUJpHQqvdzMxYz6SWKZfmWj7acvpMTgTFsEeb,1104,1000,1000,1000,true
1115,CEe29oLa7VvLjuyjaibvGZma8WjL1gwetvRAtorUBZUx,1285,1000,1000,1000,true
1115,7vfZnDcLr1U7aG7JmqxnuuerKimovNvNbnD8bf4dzRFy,1291,1000,1000,1000,true
1115,9pd9ok8UUuyMBt9nu29eKTvs7o2ZRjvnL2MxcgCzgsjQ,1032,1000,1000,1000,true
1115,8k9fNcSG4MtkKvvnx8cBiQH2uc7831krYTprgccnqrjx,1123,1000,1000,1000,true
1115,6ZDAaoQZnZmeZWNGHumtJsWA2f45t7EbNd2SJ15k7DXd,1251,1000,1000,1000,true
1115,DcharLtX7AjMVNgbyuubmcL6KT7J1PcdVzKAEmeTtGpX,1199,1000,1000,1000,true
1115,AUj7dv5ndeyJxM8tALadwhgKWT5VJR49CjfDyqLeDSTR,1008,1000,1000,1000,true
1115,4v2qgwCmXGv9XjjaoBTD2UgumNpt2tAU8taD4dmt4Kcs,1023,1000,1000,1000,true
1115,35N2DKRRXeUZLBf92tuR6eKPwDVRYZKgoiKtukwYk8Vr,1259,1000,1000,1000,true
1115,8Ujp34ArQBpS72fbpY6tHuEpLXtJHaEsHQyjmfF9Y2YT,1131,1000,1000,1000,true
1115,DjrHs4tuWeUEwPKv9M4C653MokZQi8wcsYa8QZv8xyYS,1190,1000,1000,1000,true
1115,Hft9oezHvdMg6KY9v4dCMr7cF9iPTT75ErYZWu53F4AU,1105,1000,1000,1000,true
1115,EPozZGX6XxhvzHsFf2r6RVzStEUCUPmomyYnsVWxtceN,1064,1000,1000,1000,true
1115,CwYoUtQmY3AAvS3sZbtCkTsF6N2Y2re972MFm3TcxUaa,1241,1000,1000,1000,true
1115,CDLLPXki5hAZdx9FCg2oAUbUbJ5zCaUvFrYeHPAsUY8q,1212,1000,1000,1000,true
1115,9XhA21MWBm5YA51Kc2Cnaktjki4PWtK4QKhGhfUc9j1Q,1117,1000,1000,1000,true
1115,DgdEkSeNn3qqWTTMETvhe78L3pcdSmvGHgw5nMsYjiGu,1200,1000,1000,1000,true
1115,8AAmLAZJC9ZdTqJkAERaPUmSdDP6JX9JmygyZCQX2EmH,1113,1000,1000,1000,true
1115,BtpWJBkWrr1eUif5zFkZh8yNXiU6hxunGvuE5hwfH7j6,1044,1000,1000,1000,true
1115,73Wc1ycZvuf9uLczTsaZ49zL1atCbHRFwSYV1ToZbSUm,1205,1000,1000,1000,true
1115,AKz8wVS77HTjFxt726yij7wpAZhov1fiPiUVrkRhN4Hj,1115,1000,1000,1000,true
1115,6Q7MNL4L9SjhDnfJ6tvR6xzx21ad7E4HZbBtRdb3RA9Z,1072,1000,1000,1000,true
1115,25XjeR5m1FZAs6ExqfZtKEBb783qwnDdjNfSKt3LAYhT,1071,1000,1000,1000,true
1115,FfEQGp8kFzkFBrRjjXNsJj5jcwKLM893rnwx8cAFkFa3,1114,1000,1000,1000,true
1115,63uTSdF41MMfCd3BMNFhwztASBhJc5JBsGymLfhYNYAB,1127,1000,1000,1000,true
1115,3BmTuQm7croMC5x7xBwsQsep1Hgkm1edsdgLj4LNgewW,1089,1000,1000,1000,true
1115,ECdSQ7BAZSpMbjEcp1erjWNxtF6ZjMnGQtaopt58FSE7,1042,1000,1000,1000,true
1115,6CUYeXnjquB5BU9wN7tsCgzYhejqJNNeydSuNwJZej6V,1161,1000,1000,1000,true
1115,8VYbfGzZ82uonerKPRAHLgXpusXvPWrHCx9Re3xJmMKZ,1146,1000,1000,1000,true
1115,2r69MVQ8REypraCSedMuKZwHGuKLoyo69Z1wuQKCCiL1,1011,1000,1000,1000,true
1115,EQY8RzLDUXWpqjpYUWYjRDsnJu2K2tkqmwWwbyHdR2bb,1099,1000,1000,1000,true
1115,4Y92wRUq4Bo4b8kAAjXZV4R7QeUeMubsSq8dcjU1gDpv,1075,1000,1000,1000,true
1115,2BY5k9EwScKWRi2Aq9VF5RtZMwAt9mLVRHEsSQFjDw2d,1061,1000,1000,1000,true
1115,8rb2bDJKfbvMzUKY9bUqxKVdNSCwdwbyeCusvpJKF1Py,1101,1000,1000,1000,true
1115,BCAVhxf5SNctpzR5E3redSR9EP3pDm8o7KUXJm4135K5,1097,1000,1000,1000,true
1115,4UrMkAXfqp6SmszgnA9g3LGrgw1RV8nMe2yecCyer5tW,1056,1000,1000,1000,true
1115,3fduXz9eFRrRQ8qaNckjgmjY5JKLMuzbCCdr5BhQRH5V,1141,1000,1000,1000,true
1115,8nZzQDBKbMmmSSQxvMnHmi7aPTtW7vwXFRfxCSQBhHEE,1126,1000,1000,1000,true
1115,2PqCBpboRBCHUmpz6xyFqi4GN6D4nw75Q5xiC6bm8AkP,1054,1000,1000,1000,true
1115,49rwR1YnrmpgQZobUN7FeVKhrG3e29Swn1uHjA95ziDc,1100,1000,1000,1000,true
1115,4RF7Qwumn1sjPFDmzeGhc9jTT7XAfLQqUsQ1JaL3FzQX,1092,1000,1000,1000,true
1115,CpweLBN6Ry3vZqrWTiHAYvv62ud2ishfviCyF9BaQu4Z,1063,1000,1000,1000,true
1115,BBNSaor6g3gsMHmWnQERHkfwUCiS4uo5ciax35b9rNLR,1026,1000,1000,1000,true
1115,GftmrnbdWjPapH4zCSkBdPXMwYZMZwNTjx9kzMyTb6q7,1048,1000,1000,1000,true
1115,HphKbvxo766DPjedjBopWK8Crac8KHDS7X2JfLjT1194,1298,1000,1000,1000,true
1115,GzRtccW9TNB2pEtgcCgCcCgMWLAW9Tmt6x2tahD2ED1F,1295,1000,1000,1000,true
1115,2NquQCTkLab3wJFC3mALpbKiFj1fPZ8cGCyKtx7jDPvU,1296,1000,1000,1000,true
1115,7kU9wZ3n2KDnJkvB86x9c6MVi5Ry9ttC7gdaY7kKxtZ,1029,1000,1000,1000,true
1115,CmFEYuqK5fkReZ337i97mXVnKsUFTGqr8p96QXeQmM6R,1191,1000,1000,1000,true
1115,8it2fgEWz5ZXv31jxfngSwgy8WngMHkGkUjMy6TT5jE6,1045,1000,1000,1000,true
1115,CKceTrSv9re3rjhT4ajuMiprHrZxD7WNgYBBSBesk1WZ,1252,1000,1000,1000,true
1115,4Sgt1AZqYnELE5kBHD8bJZrvwJsTrzdya676mu3MWjMQ,1290,1000,1000,1000,true
1115,G8XsAdpHmmWV9WENQDBHfidQ21F1FZLKKDJeAaPx7uQp,1279,1000,1000,1000,true
1115,Fs7caR4HApEcG22kUSh13Bt6qb8eY6DhYBtXBXiE7LFB,1275,1000,1000,1000,true
1115,GkFoU9t1ZD89Kghxxw4RcBDhZGi7NH9fBsUfoWCrRsaD,1278,1000,1000,1000,true
1115,ALmqPjVagyLur9HzqHemve68kyMfVSAPKqctZBdC5EJZ,1243,1000,1000,1000,true
1115,8hJnBkyhfShqA4ZU7aT1XuEBbpaiCm1RyrKqXmVpAQYg,1240,1000,1000,1000,true
1115,EJ6qY1vdJRso1asjC4QhiMHKMeo5E9vXbpuc5w6MQDsK,1297,1000,1000,1000,true
1115,6tdvsoztxUZ6qLFcmXcycZFMt1QqtoMrp9px37fhzNCL,1267,1000,1000,1000,true
1115,2UXjKgcfjLp73oKPtKqKjqnTnQe4WQLrbnESoCCzwazT,1284,1000,1000,1000,true
1115,5YskuwjKhdVsaoJaeQnD6YmY9hs2jTZcgTikPzFWopBG,1286,1000,1000,1000,true
1115,ni814jbYQ4BMR4SkwXMW4GoHxa6piu5hqu2S8MP4jCb,1231,1000,1000,1000,true
1115,A3rCfsjrrAqRMwWwGxF3EpU25ojDYrzVipZt6bByrgL,1100,1000,1000,1000,true
1115,B98VF4nBBFggTG33SjY6fzoqgrghFE7eXMo23ojpeY1R,1294,1000,1000,1000,true
1115,4XR5dJ2irXy8GQumzzkvcPSMCJNhxdVGHy6xVo9cTAAc,1021,1000,1000,1000,true
1115,tdntRS7fPdnDrs5Y1dJzijiJQj34eXALG4LY7VMdsUv,1082,1000,1000,1000,true
1115,BXBoponpfH9Q5RRktPTpyTYotbxrwcBCB2Fa1smQNuvD,1236,1000,1000,1000,true
1115,4dAMZpUaZZVanEdrPFzG3rwiSdTZC7BJ8azek6LYX2uq,1281,1000,1000,1000,true
1115,417hd8RB6XLjTY2bsp4uDFUVN4GAHe61a2vrTwUip4UT,1292,1000,1000,1000,true
1115,9SRD7ixSiECMuWXLcLWD2tvjEM96MyCEovkSAXoVnVU4,1258,1000,1000,1000,true
1115,2zAt2Dg5XVX8KgGbzDWerp5hkwDDPhTLGUC51VGvaTRw,1293,1000,1000,1000,true
1115,7ZaeMcoZDR31cJzh9EANCYMFNxojyNtTqG6jB1LejJTW,1276,1000,1000,1000,true
1115,txNSgjmfnjJMGqdPsj6hk9eVz2exp9rHTN8nUze7Z3u,1233,1000,1000,1000,true
1115,AznqUSZoaiHYnpbY9VfFzkXmdSrwzWj6qV8BMURZvHtC,1250,1000,1000,1000,true
1115,4CtEM3sWLWzJA2UueGWhTJW5LhAiZKwyKdQncmwJr5kb,1283,1000,1000,1000,true
1115,9FWTH8Av7fDPnLZxJCj5A8TuaJzomtgcRsWRHN6zniTD,1282,1000,1000,1000,true
1115,WRaqjXXrEeqSwyV9cXpA9BAh1SFEpMAX2razbB2iiHR,1280,1000,1000,1000,true
1115,8raiPqP3uQWmwAcj11L425c59ojdqK763XCWmNhZRV1J,1268,1000,1000,1000,true
1115,4FZ3VdFvSSKVcCoVp6v4e2zQDajpfcisTRdf9ofd69uq,1131,1000,1000,1000,true
1115,DbYJWmWTxpezMHYTHCqYpCxkGfKA5xdeLanHJHV3wrCb,1207,1000,1000,1000,true
1115,9QV5gH2KJHCJQyChUqGe6tjDCvoWrpFLjK1XuqJFcVTb,1255,1000,1000,1000,true
1115,4GKbD5FXucs3v3WfZJrpkf3J8oPotRDfSrRXTaqasZvp,1192,1000,1000,1000,true
1115,wQmFwgDnhHotpfXvz4juUU1ri1dBcZSHc4tJEJDL3s5,1081,1000,1000,1000,true
1115,HU9UvRj1JjFyzLKZzqQtMunFKVfgudgmWbpWqkPo71BQ,1150,1000,1000,1000,true
1115,Akrqfyh6j9FC56DRphgoBw6pFwptKuQ4aPWBBPno7z3z,1253,1000,1000,1000,true
1115,67378m8Mz3QagyQxd1bko4RHrt4iff3xGtbGzdm2uJLL,1163,1000,1000,1000,true
1115,HVhM3F7DKixAofFSgHR2gk28XfnLLQ2nr5isAZPtqu47,1232,1000,1000,1000,true
1115,F2m2aRpv8m16sq1dHgY9tA2NQRCnDukVSKinhEYLHhH2,1196,1000,1000,1000,true
1115,7oCC95rn395Fm5uRXQu1Coq1BusbvWtdg3aiGY18e6gG,1260,1000,1000,1000,true
1115,HNqa1Hcpd6e8EZw5Knah77n8Vciz3t2LwvUH2U7gEvJY,1257,1000,1000,1000,true
1115,Htr1GtZfLGByizzqUju9QymA37yZx2fan5Zfx7puVeK5,1155,1000,1000,1000,true
1115,6Zhu4UZhFt4pcKQYJyBfAioryn23mZowSrBtYQQbQ3w7,1256,1000,1000,1000,true
1115,H4aEye4YSXsDizdKUtBNNbzPQzHYGzLVkJbQZZd4Vxok,1193,1000,1000,1000,true
1115,tE78oF4ggxWNQKrEBzMDsafmK1QG6EFFLyu7ysSN2qF,1239,1000,1000,1000,true
1115,2JSJuNxg6Z6kerKLrEzK7Ss2sdM5udHLr3AyWrCxxBJL,1143,1000,1000,1000,true
1115,J7KzZXRXs9MFVLL6NETsVShxn8W2cRUWzpp7gqP1MWMT,1211,1000,1000,1000,true
1115,DWJ6i5yzcFG3iTz4ZFzANYfefE8nFnd55F6VDVfQBKJp,1194,1000,1000,1000,true
1115,B8v5bmq22RQspxrXRJQoVwzZov4AcqG31jzSAhBoD2gW,1246,1000,1000,1000,true
1115,AeFbTZJM26TcPrjba8kNJhFYX3CFdFG7U4TRbbMZfxTj,1242,1000,1000,1000,true
1115,CfqmoAsCMQgyyQuk1pJ1LLH2cenq1B4b5RG377pKwuhP,1061,1000,1000,1000,true
1115,DD3iBg9RTtiWHRFQDpvk7N4M6KtRjq2iW1JRBn8J6pjZ,1185,1000,1000,1000,true
1115,GWn6iPNXDEypkAb2Cfq3enujacpQ9g5topJxWumLCnkr,1206,1000,1000,1000,true
1115,CrWGz78zaaxdXkpBsLwdmWvo1DdzjWGx3sze2jAwXX7E,1062,1000,1000,1000,true
1115,BcsfxQJ9jTmNhGUtm69rqUcWbc3nbZHd4rssSDikmARy,1025,1000,1000,1000,true
1115,KQVM8cYQvB33XZBcJuzKBuUexz7BfoSmyr64NPcqcSV,1008,1000,1000,1000,true
1115,HvikaouXzvdtBVZD7iShoaTPZWMksVeLT5CxjdxwJjVX,1137,1000,1000,1000,true
1115,5ZsVHL2WtnU8u8VXVAQyRfBweq6iM2FhrwhSpFQ8WWBx,1214,1000,1000,1000,true
1115,LVod9CLa45LtcxEc6T5WxrBH6rmEspZwtjTFkjbmGVJ,1168,1000,1000,1000,true
1115,H1aysgNJHBVCKZBndkCGYZ9iosHmnEGWfcza7t3oE1BC,1187,1000,1000,1000,true
1115,GPKVLJNbyQXzVpjDjmhzXp6QhftR2BEy14uFx58bGKB6,1230,1000,1000,1000,true
1115,7Ln9tJZrePJikVXaCrumeB5goYKH85dLjD8HzhNteEx3,1229,1000,1000,1000,true
1115,485eqCyGzmqYLuT3iYu7bUSrovQF5hWPisFT9aQES9z8,1210,1000,1000,1000,true
1115,HGBbYcRPGSYQMz4g2DD1Ed3faED8DDC4vnthtJ19mx8p,1213,1000,1000,1000,true
1115,Gj4Ju5nWnoYPkE1Y13i3LPVmS9DnohiszpPAs4u8Df18,1172,1000,1000,1000,true
1115,FAiXhziiMvMpq6Dozu7ioxd1ZVFapqnhU9hy1nGSe4Zk,1188,1000,1000,1000,true
1115,4YkJThouSQHvXUAzeSLeSv4DBmwNdiVf3ohu5GNSiTTt,1093,1000,1000,1000,true
1115,CSzkUhMg6CUx8Nj7UubANJTfXhPBmVrYivzFvnYQqVoa,1186,1000,1000,1000,true
1115,C9vhW6AAmhxhZooMV4fiybh1E2TREonLjg3VjzzP8xJe,1169,1000,1000,1000,true
1115,6gvmnciJBomxQW3dwxZJXeDcafMQaUZoBW4TcBomvfMe,1162,1000,1000,1000,true
1115,9pBtuQjSSGNSmJZHWvY8zyKwtNMuCYvjNT4DadgWbhFc,1167,1000,1000,1000,true
1115,2Hp9RB3WRJWf2C8yWP5Vb6Mz65TcLBdsKk3iiX8N59rq,1209,1000,1000,1000,true
1115,FXwGZmQQQ1o6ynC74q6KFPcyAxk5zeaZUQYnp2N5ufx4,1202,1000,1000,1000,true
1115,AZU37hnssHj3TMMVHZ8Y5uTiYnFfU9y9uaoNor2VJoRY,1145,1000,1000,1000,true
1115,ExE8ofx8kwDjvDGys4NjW6L46bF5CF2CWNqZiJCuaSWa,1145,1000,1000,1000,true
1115,4cxRXqSEhYws9KLCpPTFYraSLfhNKUCPAaVSx3wjUyJS,1170,1000,1000,1000,true
1115,CHKAjfrWhkrgx2bneRffXJjxGYk3cRvXoPHBmNyYhqgn,1133,1000,1000,1000,true
1115,H3msKHye2Qxj8p2kpDTX2XsGP3iZ4Dg6Hh2R6pNZBttP,1171,1000,1000,1000,true
1115,Eg7nTB1dSi5n84wyhZzEVcwGNcUWfBA5uEmCZhnu6WSN,1149,1000,1000,1000,true
1115,2FnPe5akmaGpb8KijF4ff15Tz8qndiLWqxaDv7fu9ALK,1129,1000,1000,1000,true
1115,6gQzFSdzdeJ3PgCoR7QAKUNTgJmWaXqD6C6EhFmecbMt,1062,1000,1000,1000,true
1115,BHC5FnSkemtucdCMfkFVhSiXwtSsJJ442rpLRCuavD7b,1121,1000,1000,1000,true
1115,68yEQVRAkSceHrU5iFJccTMFGsziY9rzbkERkUt8Nheh,1122,1000,1000,1000,true
1115,2SCj2dcR4PYdvRK7vv87DdoQYm4ieztV3ptpYBV7Hn7j,1144,1000,1000,1000,true
1115,EvBE7pAQQW5BULZLnDf4k57Ui6moAapmzsdcFqnEyMgS,1135,1000,1000,1000,true
1115,EdTHQaWmiuiYHTNw41QFNEeNSeZzv3QMuSw8XYukV1qu,1037,1000,1000,1000,true
1115,72BC86Er5dyUM6d4XxdisirAvYmbZhU7hZxqM874SsAv,1152,1000,1000,1000,true
1115,i7dt3gcXCHde65Rk6FECtV8CpvSje2fkW6ftDQMfXZ2,1119,1000,1000,1000,true
1115,Vj3dyiMEiUrt3aoGBDk996JxCN4p19AWQgjwZg4feiH,1102,1000,1000,1000,true
1115,BnqAmkHhbDik1SEwZQ2LgSvLrtymfEeXdjceJcMsiozZ,1201,1000,1000,1000,true
1115,2ritCwHZtH6gdAJteKPqngNgk1a8nEQ9mDcQvTw5nzLr,1112,1000,1000,1000,true
1115,VwSsNBKyS9m73yMmzdxm87UpQi5yGspERAd15ynUtGb,1184,1000,1000,1000,true
1115,6uSqpcFDrFHYJcX1gkMb7fv1vQr2CvaL9Qavk9cHYmZk,1195,1000,1000,1000,true
1115,CUfHetTn5CrMgin84GMXQn4pEQBPgxDe2hX1qZsta5yW,1166,1000,1000,1000,true
1115,sguE73QraxxabTGnrBFa9SY94LLdATFpH33GZP71qrY,1134,1000,1000,1000,true
1115,JB9cTsKNDdMrNa6zY95DqpWjuy7wNutJ8tZo4r9qrXje,1140,1000,1000,1000,true
1115,2kFP7F8Afq5J6fMTWsf8ts98nEmrUCB2kBK3udopAupe,1148,1000,1000,1000,true
1115,953AjxcuorfQq6PFLQNbUoBbFzxXNzGfVd4NxAFD954w,1110,1000,1000,1000,true
1115,4sS98p2dWFyM5SuVARWvDGTjJVRP3RjcX5PUUNmfHDob,1154,1000,1000,1000,true
1115,vEQvu3AagBvgMCdyvLLBidnjDBLqshuBp4QXfgHZ1G8,1147,1000,1000,1000,true
1115,46tfcgpWyXCGQpSm1AQKuQ2pExyR7xJyLpYdDDa1kvXq,1134,1000,1000,1000,true
1115,8vfGDbtCUJb8PQDyPjrsf8691B8B7ft1FCvXPZRmYJZg,1088,1000,1000,1000,true
1115,CaoHnYRGZDLT9c3hSN7ieg1qhFHdnKYrfqgzhoicRWFA,1088,1000,1000,1000,true
1115,4m8yMRQcqMBcXNxAq3PtAbnZuAuC8SJPMMfqM1MGP3E4,1088,1000,1000,1000,true
1115,AbUZhMvWHmZZLYyCe7EbqEJNwwpxhmzTVHrBWfbYfLtN,1139,1000,1000,1000,true
1115,AmQWsmq52ZNdxRu7GmHqs2rNcU2ayKiFDRkzGSdjSi9u,1140,1000,1000,1000,true
1115,DqVUYiDPtBjncnm4WsNtboQt9N74zqpYGd2nXuape3me,1077,1000,1000,1000,true
1116,Fcj9QYU35KnoKGURbQ9aBFbZaDRLWjBrj6LDvRhKrY9e,1139,1000,1000,1000,true
1116,7fL7DUjd2sR314JYWAmVmCUFH5ibcEa9BFYbiABjpAhR,1120,1000,1000,1000,true
1116,2CENToFa4ExdCcJA4J7jtkwNRkY5jZpGNnD3HGgoj2tL,1092,1000,1000,1000,true
1116,CFjebY1YfUxzwVyLBBUBznTwFvXHq3SFGsMnmtDpChA9,1050,1000,1000,1000,true
1116,DjneZTKV2iCkbt4xLTud3WCmyZtcBqdaQpDXMv2y6NGF,1147,1000,1000,1000,true
1116,2eoBB1joPScf5VY3z2rfvrFDXjZk8hDWZuCVzcD8X1mS,1091,1000,1000,1000,true
1116,AW3dLtuFB2LgHZZsmXYmhDLqheEz43bs3iFj7KFiEGiy,1127,1000,1000,1000,true
1116,G2iUB6mDMHQVVmW11g45PvSt4qw7gcFtGR54Bqiihj2Q,1111,1000,1000,1000,true
1116,Gdq7NrpKpBY4JxKzmYLueY1NfWCsZSkAwswir37ic71S,1111,1000,1000,1000,true
1116,FX6c6ByV7xUwwY6LUYTP1mnchvh7w7HkFS369fUJVB2V,1107,1000,1000,1000,true
1116,DGsmXJmhgDMixvPHrE258ApyYrMaDBHBq5NKUXJfuUop,1025,1000,1000,1000,true
1116,TYyVXXFcNs14HojwG8yGPXXqzjBGHyWHqSHm5NBMCSF,1091,1000,1000,1000,true
1116,C5AgeupEr4kkVyGuuUkx1QzX4a88CxXTZ6pu6W4ubYDR,1047,1000,1000,1000,true
1116,3WYPAcaTxSX4TXkt9iVVKhwgdtF8R7x1Ub9zEwa1kCpw,1138,1000,1000,1000,true
1116,24gbAVcsEr7KPmLBgbjkdBcJgMmDiHegy33wNrAPEyBP,1116,1000,1000,1000,true
1116,AsTN71x4rQtcnKbbwSV8SRqRSCYYzzYbDQgjStuFATTy,1146,1000,1000,1000,true
1116,DsiNGAq53KQ4TFngrYqa2cV3UpdwgZvRZ8pxmuSCVaXn,1046,1000,1000,1000,true
1116,B3BgdJgnNBEjWT13qjSnNf2T3z7xWXvA4bsEuWr3u7QQ,1141,1000,1000,1000,true
1116,EyYUbGn1z24s1ZwKerPP3AF5EhHaR6q7PDXiGv7yNUEA,1108,1000,1000,1000,true
1116,2CTsFZztkahrNGuJGbWXXWnJC4gqLSNxu3JY4cgWpNWC,1108,1000,1000,1000,true
1116,5cmc4PBcLsnLMUq7F3zjs6UXwGVBQDmB9n3WGMG75LWp,1101,1000,1000,1000,true
1116,GVo63dPU6twvuSY7cLeRqdnu7qXWcANhitWLcswaNA18,1031,1000,1000,1000,true
1116,DTaKqq6MuXJ6azgb7uZNLHfdBf51HZHNsEZGzZFY26zU,1128,1000,1000,1000,true
1116,GBJ3DXhVwQ1eoDLQhKUW3ZzRMF1mWGyUjcokSRxeyr6b,1126,1000,1000,1000,true
1116,GUYUqgxsR7pJuMzhJmuTB47yKNDSbJ85jH3brkzpX2c4,1095,1000,1000,1000,true
1116,Do3SwVJYSue7YUtiCbe998G57S5Uou3B4m2j6EWCqBFn,1081,1000,1000,1000,true
1116,6H6LaEAMTn6mRBTKMmmhKw2v5hfLGMPyAX6c67NYAqBb,1109,1000,1000,1000,true
1116,DjYn5ZMXortPR97Vri3MxeHcVCs5V2WGwtrqq9TXgpWv,1081,1000,1000,1000,true
1116,Ehj17u85s96YfZxfreQzKDyj76Nnazo15p8wAk5nG93v,1130,1000,1000,1000,true
1116,BCohKbN8KkJ2z2KCh4iHpksLwmh2ZYZdBeg2sHtVCvg8,1130,1000,1000,1000,true
1116,7KrcryLJcaFiUCYRJryHFqHGQo57NCp3mWAPGM9QiJb9,1097,1000,1000,1000,true
1116,2wDpAB5WpmJNXKC8YSYhMqzJhH1j4yb51RYeZqYc8vvY,1087,1000,1000,1000,true
1116,DsJYRyBbWbREbjP7E7XwuAFNAPoWLWMuaWtRaRfcKKm6,1056,1000,1000,1000,true
1116,56MdDphmesFk127ZRTdnU9KzCW7YrAPp3tXbupx3hz3R,1106,1000,1000,1000,true
1116,3ETGvfycmaaTgTThA9dSRd4aDTKvGeNNc9knQzUJkr7W,1095,1000,1000,1000,true
1116,91BgqNMGdEWynSM8YMACyM8hSzC1YJD85P8Pd4q1nYSM,1093,1000,1000,1000,true
1116,5tZZeGZWJ9321gZcfA12cQSah8KqP8bYttqYUNaPDtGf,1021,1000,1000,1000,true
1116,BrnopudLtpYxuuDRkHtiR4H2siu6BM43PTbiqmYQH6Pp,1096,1000,1000,1000,true
1116,5LqEPJ9Cjct5u8hC9LC3bQrH5Mmh6Hj3jDj1oL5i4mA9,1033,1000,1000,1000,true
1116,AhvxCWHA1tcoXuwZ83LEZE7ahjPyuSsXcZkYC1cD49Np,1068,1000,1000,1000,true
1116,DeUucogYW9jMaLrVVdZUJVrCB1UEqmLJNKXvTqyPvJCS,1068,1000,1000,1000,true
1116,HVdJ7W9KtV6DdBRHZoxWPTGe2qtjZpxw6vDubK35s9Lb,1099,1000,1000,1000,true
1116,5Yb4hurzmJb6G2dCvCRf8zU6MjK41BcZH4G3JEqkP3nv,1079,1000,1000,1000,true
1116,7iqbubouLgAUVzRh3onjquhPKpQ9aG68dV5KTS8A5i7Y,1055,1000,1000,1000,true
1116,CLvakTE83FU7CZkQDNXp4dLN6mfPLNanZmy6WUizdzXm,1094,1000,1000,1000,true
1116,6xkHfNwKJDFGvZvxyTxu1rmDcH1MYhmLtSLxho1LTBbP,1094,1000,1000,1000,true
1116,46NBJenc6qSwEPctHRFxjpN4YVpTyJdMRR7skmW8sW1f,1078,1000,1000,1000,true
1116,Bru7y2DSD3Bse6KEaw8vjH9YrtWmegF3rS2scKXm9obt,1097,1000,1000,1000,true
1116,G1v8GXV9KdNwnpT9YdGdNWaMdwJ4VMHdcyrP7hNEn4Dw,1087,1000,1000,1000,true
1116,7TvsqRqRtgRcsykUoizpSuj3NnYoLgpHip9A6cL7J5ZN,1083,1000,1000,1000,true
1116,AydTh6yWWdAu7cnQac4caebm9tV6Y5TU2YhaTyAbjnoM,1051,1000,1000,1000,true
1116,CPmDcxtQDdyB8QFPdsoM5Vnzb6eDNsfhtJ5E9vXAgr2B,1092,1000,1000,1000,true
1116,GznAfErKAVmZMutTJRPFL8eGVBpvAfi1aeaXEBCByUUW,1089,1000,1000,1000,true
1116,J7fgcGz9237jkvzhuP59r3DLkBBxXSkKd7wkz2ev7VcW,1090,1000,1000,1000,true
1116,BA8eLK5b4gsRbCsEfgBdTxCP7fi43kXM7KQRUoxsUfwP,1078,1000,1000,1000,true
1116,1fghh1Cqrze6aQBv1pYVNhgug9VzWTzpbeAnwwxvaoM,1078,1000,1000,1000,true
1116,A6Hjtc7S2XKj6rNmHhD1PEFWjn32Hkqag7AdfALLwvhx,1089,1000,1000,1000,true
1116,A1pyMRQoGF1xYu4tcdsWrVwWjFKrRLdCrP1ND5d56v9M,1039,1000,1000,1000,true
1116,GAHWfiqL3B55cttmhMzbEBhbeRR7CkZw1m3L49a4M6Z2,1051,1000,1000,1000,true
1116,8q1gQDE36q66poxKprNpFYJPjKfxzcKiK1QY3F5CvV4z,1075,1000,1000,1000,true
1116,GRnyWNE1wBb9e4GAGdxowaY65BL43EeGPzTRromqjb4p,1074,1000,1000,1000,true
1116,HskWggCJmxxgcF3krQuDV6vaTeRQcC6wdwZwX1LpBPGj,1074,1000,1000,1000,true
1116,C6E7EKfbi1NU5BfbLRrodNBtkgVjEQXyJFRRkC1whhiz,1037,1000,1000,1000,true
1116,7nKGEVrV9YKEZEFCGzT7Dccgrp8xTfYj1uMr1RVSPiqb,1083,1000,1000,1000,true
1116,34G87qvhZYhBv3pg9nt4cNJw62ievnUGWSGVEMjWybsR,1083,1000,1000,1000,true
1116,Wp33QEXGkxkwNgGuQbYFPZmenHFEmhBjAaJEzcHBiCr,1018,1000,1000,1000,true
1116,B2Jag9enEjtBuyEzdJMobxg4G3JM82G1nJXMbLLvBraq,1018,1000,1000,1000,true
1116,mnpDTkdVSW8akZfWbKAT2cWADcGdPwtbejc9KTepMdQ,1050,1000,1000,1000,true
1116,9f5BFjyxz6D93i6gB6cD6myCiJbS2kh1Zp2duecHUwFj,1050,1000,1000,1000,true
1116,9caYB5bDZZp8GDLUu3YCLP3zjNXY8KhDo9bWTSFupxUn,1061,1000,1000,1000,true
1116,2sMNDpZmWPHV7twhrLXJ3GXv9pqbVihdnfa7kHk8rpLw,1090,1000,1000,1000,true
1116,AsDCGdUUj1DSaktZgBeAXaH4iXponSnxWH6k6BoGFZL7,1090,1000,1000,1000,true
1116,9AhTs2enXrCKJ95N5QenshBj7MhbRrj6CwPvW3BeoKb4,1072,1000,1000,1000,true
1116,CS7zX7A5mQzACZjj1r3BfhBJJAJ4vSR3QGArtSVMZ1Ng,1072,1000,1000,1000,true
1116,4ERWniNoG75EUXEL1yYhok2SwFGFDRbtKwbbLgtb7MHY,1055,1000,1000,1000,true
1116,6zieL7DWBh2TYxamZK4YhdRXaXTwq1KGZdJvScHzZ8E,1046,1000,1000,1000,true
1116,CaadAtNbSoEzLXSr8muS9LkNEaHkMMvky1Nih1Sr7tfL,1084,1000,1000,1000,true
1116,9EniCJFL8n5A4Q5baYGCZYbbefpZcuvSf7XfYb5amG4h,1084,1000,1000,1000,true
1116,GUC5iVgbREsh45HAavtCxq2sY4fSA3FUGT62MbUqdEsh,1084,1000,1000,1000,true
1116,CUqi71AyLBAbHWYBgKjaLRPiXryRP2uqJSJpbFbMzNyS,1075,1000,1000,1000,true
1116,FwCFKqpg43CzVe3GLzRutgypgoRy8PpkgL1Zg5tzgpKW,1073,1000,1000,1000,true
1116,CVDcs7ZFUHKW5Y6JD27mxWKwbvhS5tfE4pAZMarovn7H,1086,1000,1000,1000,true
1116,AWTZ1vQXAGFJqvaZ3qgT1t8rovyTSo3e4qZaww7JezyX,1086,1000,1000,1000,true
1116,7pEEMWDz56Ze1XtbSJXAyN7Eobk9Wzh5KJnifTTL9DNW,1085,1000,1000,1000,true
1116,DY96MCA5JT4yAwRdnArZuJvYeCuWHJd6fUgVEPN5wZNB,1085,1000,1000,1000,true
1116,AsffHfxk7KBguSv6pkgawXptoPFGTcCxm9s1QbwWKf14,1085,1000,1000,1000,true
1116,3F9fcZkQV9gPGjpJoksoSXH2j9qWv6WHkTJ1AtaUo3cc,1080,1000,1000,1000,true
1116,CvxysRsxGSdDseS4GTSfjumFz1BT3ztNksoYG1vATTz,1080,1000,1000,1000,true
1116,5EjNNrHtUpfpcJH6xmR3XMj9TqWnabz7xogu3SE3bstc,1069,1000,1000,1000,true
1116,Hc6DEqodW8DrgKK8DzbrqajWCWGAq1cBPhK7jg5uNdJv,1082,1000,1000,1000,true
1116,5M3XzfZrgjqB7r9aeMy93PpxMtrHBG5rjhBW4vetaiTW,1082,1000,1000,1000,true
1116,433MVyeHVJdzT3TE3UZrgpVnX9ffpeJ3suQe4szrwNyQ,1005,1000,1000,1000,true
1116,FxmCKY6jwYhK1G5VkNPbN4tF5yp2n8ttegXavx8R2gWi,1071,1000,1000,1000,true
1116,D8XL5sE1WuD9KPoVfmbX9W3Qk7Gv4mntrsyLPz2odssA,1077,1000,1000,1000,true
1116,5LeFEi8MWJkAkMGDGE3p4LjBzhVmX9q7KSHLiG6N72rU,1032,1000,1000,1000,true
1116,4ky1jLXMP8SYEteQA87ZLZR3QVkznK8KwZNXFJ2Y9dua,1067,1000,1000,1000,true
1116,7jd3XU1EWGHWtV6WRbVZD3bRRn9iYAqJNV9HHphP9a2e,1047,1000,1000,1000,true
1116,EvQyCTJpVzhzdDF67WtWedVFdLog7s9AkoZMMkjnjZsm,1047,1000,1000,1000,true
1116,CCHhNkSBjMk488DZ8KP4ZsmL1Yb4ajTy5P8HWy9p53NH,1079,1000,1000,1000,true
1116,4dDxFndcttxWnLg4s2mzAaVTxutRoyGMVYdvgwmvE4tY,1079,1000,1000,1000,true
1116,2H1Giec29U4evwCFQ1HjtrFhmaXnUL4FNrPdtzxMazVT,1076,1000,1000,1000,true
1116,3wK9GBXTzfGpGy8mX4NFcAxsjmBJPoAXw5A3fSQZHJwz,1060,1000,1000,1000,true
1116,5GwB6T5sNjgatA2xmGDvLoKK1C2Bn3yGHbofWNWKZMrS,1063,1000,1000,1000,true
1116,6a57p5LsY9dd83McdLhAvmkZZDv7apA4kSMr69tk9uag,1029,1000,1000,1000,true
1116,7h47u4r9bVRA25hdbRgNp2de1i5zDrsygxZhS1y8GmN3,1073,1000,1000,1000,true
1116,844vHpdhe691p92D21VoC9wmKZ62KTQ4gP8DHuyVmSXN,1069,1000,1000,1000,true
1116,C2zJASx8WN1ZLCmgCcnhwP1jyX2uFrR2wuWeHeR8e76L,1022,1000,1000,1000,true
1116,DZXFeVPFrfAGwT3rK7U3Kgt2uCSAWiv1fJ4fB1UUAxHY,1064,1000,1000,1000,true
1116,GSaSND8i6tcdJPZgvw8fpZvujcVtTo8zTns3JYW194qY,1069,1000,1000,1000,true
1116,GcpGfUsMKWQZyzXqjjKvrmHekVwTXv7mWHY3UXJzpcQZ,1063,1000,1000,1000,true
1116,Cz5xifz9rMZcgHgpyxsW4Ue2BmyDTfx4ZKTkaJtra8JG,1012,1000,1000,1000,true
1116,6yLfMqW5JEykX2wtDtCG9czm8NhS9BabEfppuGWq5xcW,1064,1000,1000,1000,true
1116,2P121VV4NyCWr3Kki2HctbWTgCDpK7Q56xBS4pVQ5Av7,1076,1000,1000,1000,true
1116,CPbbWYKVeAj5RvYFT9w1vUZSPQi4dmvVaHUS3x4uo1jv,1058,1000,1000,1000,true
1116,Bj4V3dZrpWyLM8sLtirwBhgRWRGQbGZhNW2EeAN3Ny6E,1067,1000,1000,1000,true
1116,4ZqFrpdgHxMKPfTaV2LcG2pZ8g5SjctgVU1fX3htTQCa,1066,1000,1000,1000,true
1116,Goof12nQZfUbZt2U235RdsU7ZLWhSZPjVvL6CdBfmrJE,1066,1000,1000,1000,true
1116,CNyNzJw13UzcpZfNgAfBKPkyYEf3dtkLjFg2umB7evcZ,1008,1000,1000,1000,true
1116,644BYV9AVBcBnb2jLf8vTacbxKqNZkhcS1SArPsTyLWG,1031,1000,1000,1000,true
1116,FfWd93PqeyFAGpdCpjFy9Umc7wnUeWsZ7NXTYDBJnTXZ,1052,1000,1000,1000,true
1116,7HoWnDXD9efKxJjc7KsUHxQ3xhQGcWBWbqcs3LHNWP5V,1055,1000,1000,1000,true
1116,G1jLqDudeAChCDm7qyJXDTP67ojBR9KASB5PcakhrLBc,1055,1000,1000,1000,true
1116,7Hp9tVZrgntmTUgnpQZbfaumRxjFfaQwHVk9bAKdakBd,1073,1000,1000,1000,true
1116,GSDJsXDNMdg821zUQVPoAEo5ULh7ZpNmcT7UrzmaSeUN,1073,1000,1000,1000,true
1116,3YHv4RqrWYDU6PqiwKsWdhZtWXqPQRXR4rubmByqkv1v,1034,1000,1000,1000,true
1116,AHhtnsDizHb5FMMmquVcwwuaU9wrRMVfbtwfiPDzVkHj,1034,1000,1000,1000,true
1116,4sSACnrChGLjEgwCRSB76Z6bMAsBuDJy4bt1mkejUopp,1059,1000,1000,1000,true
1116,Eh83GJkDtVmGh5gUNe66Y9TJYh6B1QXLa48eg7ETyA5J,1059,1000,1000,1000,true
1116,AzESQVhJKHoT8XJFfiKBzMYiRad7cQ1ens75oi5AmZD1,1059,1000,1000,1000,true
1116,HHAWCtZckk2rZRoSa8GELi4YVJfyJpLLpeoWXUxTJvTY,1039,1000,1000,1000,true
1116,DtQCVpNL3pUfYBNBi5QNQzYnLQWApy5MZR6ytFEx4e1L,1039,1000,1000,1000,true
1116,ChPRARRv8CaQVQkAKzPGdEjKTMkjchU1T6Z9wLsm1ALB,1048,1000,1000,1000,true
1116,7sEFGJvXPUP2U7fr5HzbdCUiCxt5wq6sSRBCedoF7RKS,1048,1000,1000,1000,true
1116,GqZNYTTKHKRh4TpLD3TB16BffBHLrrAHVVCAAhD28mNg,1058,1000,1000,1000,true
1116,GQAZYPKfhpBG1SqF6XADzb4SLXX4bv1DAWXZZs2oh4o8,1058,1000,1000,1000,true
1116,HQC7Xqo7T7uDzPUEvowupFnUzNWtGNay93htrF2k4N5N,1050,1000,1000,1000,true
1116,948TV5URiauBjnNrYyDBBKqYaqFXPEGt93RsabCWwn1c,1022,1000,1000,1000,true
1116,51EcutgDsm9JAdZJ1ExJEY6kTsYKb55odzyj6MraBrzY,1015,1000,1000,1000,true
1116,AizoefrZcvntBYop2LFHvWNkmVy6QrxBW82DHG4g6rQq,1053,1000,1000,1000,true
1116,9Ntqsfhdh9VGGmrEeJ7R5vHJSwfbwujUewkbVFQD7voP,1021,1000,1000,1000,true
1116,55EC4FhvfvxT2vqdWe3jKHpr7wtH48w8ucFdTRmDv4YX,1070,1000,1000,1000,true
1116,6bAdr8RaDQ53ALt4hwAtwUsVVgKcWVPyikQsHxYtSos4,1070,1000,1000,1000,true
1116,6jFBgcMAe8z4YrYabrHv2vpj4E9AnscAAvZT8qPA1VbZ,1051,1000,1000,1000,true
1116,Dqy9X7DYfwEocamSYDXEaAieEH4jFkpHEzHZURMMqZx4,1051,1000,1000,1000,true
1116,3LrekVGbv28hxciBf5tMJNQNqvGJ6sVHCQaDAS6hhoXn,1048,1000,1000,1000,true
1116,4uu6BHXwmvWfBQaUSycNUtsfNHSVxTy8WVk6J5V9mC9,1056,1000,1000,1000,true
1116,exUQueaTjQrFBy2zdABDHzCii6ycQ2yVH5EPB1Dh5r6,1056,1000,1000,1000,true
1116,2fXHjt6PJU8Fpt2yu8z1cDnXqvk9gjgcUzRKYqfw7F5T,1031,1000,1000,1000,true
1116,8qF23wt7D3MshX9aCmAUAq7CUec9QLeGCG6Tm1NKWfGf,1065,1000,1000,1000,true
1116,3QBxJtXE2w9GeJUSLUP3s3WvDx4ys8yDxxiec58LRQV8,1065,1000,1000,1000,true
1116,3WKM9GWkKpLHjnynkVsUv5juEYMknVQAmq9XoAbj3tJW,1047,1000,1000,1000,true
1116,6yGGUdMPgsKNgaPRtQnsmnj9zTAcGWjbK7DpxFWYH7X1,1015,1000,1000,1000,true
1116,FVEaEbVtGuermKaZxFcBynQy4JzyB9VyaqEdCxaYDjtD,1015,1000,1000,1000,true
1116,AZEXPYZVQWG6dzmHyptU5GFP9ibDZrqc3Ln12jnMiVmJ,1065,1000,1000,1000,true
1116,3vRsAtYP941KoB126mwDnpi9om53EgQb8aYirnCrcUtv,1046,1000,1000,1000,true
1116,BptsXiQYLUUSsc9Urr2qXh3Pv8afWy1wnZM2ktGfX5UH,1043,1000,1000,1000,true
1116,9owc2w78ZEjVSeA4UQ4xtREdSpcpoC9KGXZytMcMjx2w,1054,1000,1000,1000,true
1116,Hqamg1pTMyJX8HT7EQhBevipH1BaNvLv9WsKwEoGKL4E,1054,1000,1000,1000,true
1116,BbXpUvp2gtTDddfaqYEdz8NqFDFSDYezsdvngg33jmwa,1060,1000,1000,1000,true
1116,EHPL1ufUW5r9zMjfByEYYJP3s827AyLQfNYRtchgnfKK,1060,1000,1000,1000,true
1116,4gTbBdc8fnDyXsXW8iM6rMp62bb4CuBdcNBcZVNkyRov,1057,1000,1000,1000,true
1116,5tzmJFq2mJCQiRPJdPXPAoh69gRQ8XZee84Jjry17VgR,1024,1000,1000,1000,true
1116,Dg4Pb4GGYLEWsP3NmSvNr7ATUWcEp7yYUJYpaMsvk9XG,1024,1000,1000,1000,true
1116,5B1UDVsaCS7EruXnUSYzpLVPZQLSGFFNzdRrJ8f6jTyd,1043,1000,1000,1000,true
1116,9JXtfsGC8fGpWzWcRXT8vd3LQ1ebVrtGCYB9LUD5TfL4,1012,1000,1000,1000,true
1116,3XN7jmgEBPkwd5i8ffsSBS12TBi69t52XDTu2wt2RGWX,1046,1000,1000,1000,true
1116,DzjpCeoRTPsLortuQ4XShP5izWFDQMFpZqhqnLKAZ3K8,1042,1000,1000,1000,true
1116,uqkcKe6JMD8vj9Ftqb79dCQmAYgMhryRxDHvu1SRgrh,1037,1000,1000,1000,true
1116,BacZaWGRYhGxVddUhKZSRQGWpiVNuTbeixuUs1U5oc92,1033,1000,1000,1000,true
1116,iNpdER8kCarkYYM5UJipSxJANU6zFvNqB1FTGHLSqed,1024,1000,1000,1000,true
1116,CZfksr34QFz1V5CdVN69Hmjpp8VnvnWSvTHeJY78b8XK,1009,1000,1000,1000,true
1116,FLuMWtE8xDJk6b1VR9gu3cgmpJNawoH1h1QzHPeMXAEx,1057,1000,1000,1000,true
1116,BGSJNxkyXa8KT2s3AKopZHxbuAWPNgw1KYjtDpp6s1e2,1057,1000,1000,1000,true
1116,ArqhMZ35akeydzhmwjtZvZ2p7yhqiThjP6etSvn5L7QB,1054,1000,1000,1000,true
1116,zwPMS9jmUg5KXLdfbAbxCzr5ehQi4E4bo1X4psgY3k4,1026,1000,1000,1000,true
1116,AmdFmNhVHCaiuSELzS11qaDjmybjwFGmBPSXw8mEwwsP,1026,1000,1000,1000,true
1116,KPVUMaN5vwbpoJpXSRiVeEMdkoJba8epBNqBGon8sxv,1052,1000,1000,1000,true
1116,GknjyNA3GqbCo5GaPfTro5Akcs9QsFrBYYzt3ddxuP4w,1030,1000,1000,1000,true
1116,Lqv5pw83nJM6ny8KJJcS9tXNcYYKsUWoDw9MEnnMgCb,1030,1000,1000,1000,true
1116,2rjATKpG5nqCCR3hTPGQ85ptTteCpPmssDaD7vpvUA3F,1044,1000,1000,1000,true
1116,3bEGaH94rg8yqc9WBYhL6PRU9rKLnvoZ4tmjfswRCLUZ,1033,1000,1000,1000,true
1116,8Eso8j5TN12eb7sgqyE3MayJZTMTcbTSZ6YNwmM14KUQ,1040,1000,1000,1000,true
1116,4NdCC6MVUfToBtQa3yvGXqWojKozs8LBJqSNQjNc6L8m,1040,1000,1000,1000,true
1116,66RRtouy6ixNXwgGz3q7WSVzsJYJPTPvWK6ztgjGokcB,1053,1000,1000,1000,true
1116,EMqALjPHRsqyUqecPdp2AdkkF9xeRNmgYBhcFNTtPTY9,1053,1000,1000,1000,true
1116,9FeAkS97jEXHxo2bhSN1xLfoWQ4YAGRXmct5G4j9mXUk,1030,1000,1000,1000,true
1116,6VHVXpXeVkRsUEZtRBqYNhXtKpRd9xdGQuSHMqKuDi5D,1012,1000,1000,1000,true
1116,EAkMrKYVkDhe4htQ9FMhvwWBfr3TE6nB52KFEmLLT7HF,1041,1000,1000,1000,true
1116,B3K9vuLKiKs19wFdz3vRb8J6hHgcRZ5G2PkKGMY4z1W9,1041,1000,1000,1000,true
1116,4k89VRczsRnju189qHmqwKbZiSk691mQKRmEUyyBQt6P,1041,1000,1000,1000,true
1116,4QNcDYcLHrcUiLSH9DaKjAywnzJ8Rf1ZT4woZhSHMZgx,1040,1000,1000,1000,true
1116,DY5GXM68bCpmMJKbzUSsV9NwCJ78qQ27z1JtrrBoZiC3,1044,1000,1000,1000,true
1116,4i1h5ztKcrugiwbMPG4XtisV6N8ZaymjPAs7GwUHFegU,1044,1000,1000,1000,true
1116,8vWJ4sAj295jmiuz8xNw5nU9oWWBEam6jPvvxHkRet3J,1052,1000,1000,1000,true
1116,5UF1avrAGagHMiJGHb4z6VrmsyyUWELf75yauNyBubXr,1052,1000,1000,1000,true
1116,C7PQZYov2AEQuoYMBWAGAgEfcxwCx9ma4y1rtBHPDFaU,1049,1000,1000,1000,true
1116,BPXnJ5VgjHF3DdcPkremez1MrS6gbfZSu1cYgBqaiBnS,1049,1000,1000,1000,true
1116,5hPQoEFsevP1Bxxr8WM7EFmBepkLy1TyQz3vdJgTJ7hv,1049,1000,1000,1000,true
1116,5xY29BWxQwQ68u7CPDPNXWESGEUzWRgpoas6CqYbCkWQ,1042,1000,1000,1000,true
1116,5jU8rv17YEuPEpKPzGfbVze4rSBo94HjZbaRCtuPfrn1,1038,1000,1000,1000,true
1116,CSKRwnZFcdqUEwrU3nyfpxZYMan1BEBmKKT47Nibcgjq,1004,1000,1000,1000,true
1116,JCzKTwYA4FH6ZeHYQh8uKbmpqT5d7s8zhhVJJiS6i8mB,1023,1000,1000,1000,true
1116,8YHRP8mZMGZ1earw8eaFg8F6Paom5mnkijFV59ZTo4gD,1023,1000,1000,1000,true
1116,7GyBrZi14fQKKC3J8uikbheNdM8oFsdbZDrK6okNLaTU,1045,1000,1000,1000,true
1116,7WeV9ZcEXa5C44ifCrQAtvoXCWSVpZ9gDMnc3vcKnd52,1038,1000,1000,1000,true
1116,9GyKA7SXzpLqHL9uU38MFpgasdkcJyicL5oJK7vu1qpr,1038,1000,1000,1000,true
1116,H1DcgzMrQbHp98yz5GkghvrDoujNR9nuLGp6gpmEYSk8,1025,1000,1000,1000,true
1117,FMAQZYSefWRt33G2kc7BNsFALGZYCfuA4ybNF8nFQKJ9,1032,1000,1000,1000,true
1117,6aBeLqchrYwXwBnxXkJwPhXW2bSrq92SjmaYJUpNDqDd,1045,1000,1000,1000,true
1117,6y3Xm1U2FD9KfH1ApprwBwEfJoVv1ukv61sBVzHpwKE1,1045,1000,1000,1000,true
1117,DkKGQHGnvEQYCmUMSLLQ3eaaEqgTheNJM99q2MNPgecE,1017,1000,1000,1000,true
1117,5yBMa9FdyoZnaZDunjh6Y67P9GYLYPoNoJq17cRBKwfn,1017,1000,1000,1000,true
1117,8rM79zw8hF3bshkuUwWysG7N9ZLfgQ3WFjHwCBat1LAU,1017,1000,1000,1000,true
1117,7yyiR6egkBjH3UziJqo6u6HkXZnYvymW6xZBN9ijdZMQ,1027,1000,1000,1000,true
1117,492NtGrwYiSE98FNkApr9r6Ucc2EaoorngPiyRWFmWSz,1027,1000,1000,1000,true
1117,5CJTzk5mxwqmbd6BEN4JD9Svia8nr4RER6m5KFrU8xDm,1020,1000,1000,1000,true
1117,FHstFk1QkS4o3NuixLYLedB5XMar5ukmLYi1ftVcySHH,1020,1000,1000,1000,true
1117,BBJAocZQQqt8X5m558o8jcffKoGjSQwUH3tMHHwhAzbF,1028,1000,1000,1000,true
1117,8ye6jkknFBULAFRupGwy418HJq47ijJZDrkyw68zfWEH,1035,1000,1000,1000,true
1117,2KxaTaUEipqCDuDNidHT8oAdKWt4JFQqAnoH4iCFQtvM,1035,1000,1000,1000,true
1117,CcSxk8ZiUENyoA2seTab5MyMQDDH59XLmxG7292bW6co,1022,1000,1000,1000,true
1117,8suHB6GmspvEtfRH86B1qUGdb3b9zqs6d6UQz1JEedkZ,1036,1000,1000,1000,true
1117,GLV5RyPUFQ2yxYKicxSBWPt9qZgUr1pq39C6dTNzPWAi,1036,1000,1000,1000,true
1117,4A6wPuthSUFXXXVvjC8ok4mvs1nmXU1NnnLQwnwAtv7u,1036,1000,1000,1000,true
1117,9m7jfCQTxw3SefBPNYc22pv3NKNMhUXMqKHiNtwDg8qB,1009,1000,1000,1000,true
1117,3dBJREBLRGR4YjZgZdtghRca1gYQeNDsLWm2DExUSbhL,1009,1000,1000,1000,true
1117,EgJ4coVnJ4FLQJopK59ngFu3odtMzDFkZptX9Ziq8tTw,1000,1000,1000,1000,true
1117,FFMGqDp5YNCm8EnKSWL8Qc929RtrRkkeYHfFr86rKnbL,1027,1000,1000,1000,true
1117,7naDswCXcgisuyDHJTAbDPgQivVbxjxLxs4YaMTPcw2n,1018,1000,1000,1000,true
1117,8TL6oRgLBfg4CdSyzL7uh9phyzMWTFTo61HVybRr22t5,1011,1000,1000,1000,true
1117,BeKDknTq1FT23qnybLSeLrXdrKVM8yM4LUMoifCqnxjM,1011,1000,1000,1000,true
1117,7dD4aURpetgUqaaPe1d1nbzWSeVsQe9rtfi1u3dJ3y3W,1005,1000,1000,1000,true
1117,LK64LxG68ZsFwyd7ngdWPxCZfCA3f4WM8AT9agUibtL,1005,1000,1000,1000,true
1117,FLHUmgih8FH5nUTWrgEQd5WzrmF7nuFqPEzrv1vkEgYo,1019,1000,1000,1000,true
1117,6nioadNHPjS7XLaS14gFXCb4iRBWjCjuZSQ4qTz6RwDT,1019,1000,1000,1000,true
1117,AcZKUJf64emeP124unjpafjDZsA4D9qB9pfgT326XJ1b,1019,1000,1000,1000,true
1117,yqPvq3BuyG7d8MviPBZLi8CXsg5sED7gQErxJJSc4kH,1016,1000,1000,1000,true
1117,26uTUCeoNk41VHWkZHtMt8Md5Wqwfw2ZhJEbUJ1xiVSF,1007,1000,1000,1000,true
1117,5oSEL4YrSZukuXuDFP8xh9XpSXQBkMVTMoTzJzMhka7h,1016,1000,1000,1000,true
1117,FqWUBcGm2uJhMsYMWpU7CoHCuoLpPGzvU6gvF3KrYKQP,1028,1000,1000,1000,true
1117,DsVxGFDaGNvpwJ6yoGABPQ4LdAVJ1mgptvX7ticZekyX,1007,1000,1000,1000,true
1117,HjF5K84hxVMzcEzhgvz3yk2UuTeZJKPqVcgDsjkagtYP,1010,1000,1000,1000,true
1117,7QEe6S6xQFRgeYDGzeBwyCJk1efw2p4GNzj8JMV6XDy2,1010,1000,1000,1000,true
1117,BdzaFnfhcPvtv5Qg4P9TKRMFWds7LHtgKHY261GUdMUz,1016,1000,1000,1000,true
1117,3jfUKyChf7izTbYuCncssmFFSUQuJUzcnnWoGXwqHGyw,1010,1000,1000,1000,true
1117,ExUw2HkdMWrJUd7xLtzNc1SCTzPYw4YBH3An7MLyw2b,1004,1000,1000,1000,true
1117,BS9QDyzM2dkVyYm8U8KtBc4gwgx6J6UadyvEJzSmRozH,1000,1000,1000,1000,true
1117,2LBTWKs9WWAfqKS2DZLZpgsZKYxXqryqFQYJp2bRBS8m,1014,1000,1000,1000,true
1117,3kS7CbyPvQCXszHrkgbTUDMFAqPVo4WQ1NFJ7r3LAWzD,1014,1000,1000,1000,true
1117,CRc6ZsMXoAsAwhjaF4JuJVoC4TkgJjURLYoZoHKKi739,1014,1000,1000,1000,true
1117,DDyN8XydUufLeiM9weAFxvoXBbDFmMHQg4fC8BmEYHUG,1013,1000,1000,1000,true
1117,9VaZuG6xZgPdEqxuKDyx4fNyjhN9WfZPhNcv9WkVhQcV,1004,1000,1000,1000,true
1117,23QumXc1bRf1EL7ndS8fDsCieSmTzkZbC9912FJsWBUy,1007,1000,1000,1000,true
1117,EEZLNjrCgiQZFBCCTYmCKYuHeqjPtxsQTqwSQYzicVdT,1003,1000,1000,1000,true
1117,CXzupLBTo2SKnsDiTjN2kwq1xEPAZt7mr3YgsJ71M6AD,1003,1000,1000,1000,true
1117,4K4f5VbhofoNXsEJU3SFEEtUM1ZJFXNhiYYPsFRWH5K4,1003,1000,1000,1000,true
1117,5mjhbdafbfEgm3wfNNENYumqoAdGNaLckEft14DbBjkL,1006,1000,1000,1000,true
1117,FCBFtWNzwZmR96RBg8CJqYQMwLszPttwv7MSsdqmYJq1,1006,1000,1000,1000,true
1117,6CFh275gWTT7UEHxJAzMLsuNFBfk1GdvWs9j6rFM9sHC,1006,1000,1000,1000,true
1117,6nWNBU4aHU3Bda85eSyZwwpBgu2sAx8EL8Sq6Ds5NorJ,1002,1000,1000,1000,true
1117,B2zEiZEt94tKaWo5AJ59FWkrJWgBZf2zvk7vLky38PHj,1002,1000,1000,1000,true
1117,D3T8H31yb1rfPJDHP5FFHkLqi6pFZfUcpQiUNZzh7ER1,1002,1000,1000,1000,true
1117,G7N5pxeaYZmPCezP5AtJSn3UA3EXPP4Mxs4Jar6mSYtJ,1000,1000,1000,1000,true
1117,6sBqi6wduugzMYP4oB5dJYqtvAFb6QB4CTxH9p1wGo36,1001,1000,1000,1000,true
1117,HeNcqYqB9eq8MthaEt82BSsmqkHg36p4RTB6rt7BpBog,1001,1000,1000,1000,true
1125,6wZv6B9N66YhTzWUzQ8fSsUwHBxVdrTtycQ3Wdw93eu2,1134,1000,1000,1000,true
1125,2VYekPZtjaHXRG6Ks2Nz7SoXFxFEaSR4CgBDygGYErJf,1167,1000,1000,1000,true
1125,GzUWUj8JPdxR1L6xRqG5Zu82EmnWXEKDcjPwEpiBurYD,1118,1000,1000,1000,true
1125,2TAZXTjUAtnpsNqrRogriJg2Mvz8qq7m8ERrJj2dcfkA,1197,1000,1000,1000,true
1125,2CRPaoxskLTiKGLH6Fpmwjb81ysjqwZ4zbT51KGN6X83,1154,1000,1000,1000,true
1125,58S6CVVD6fqSB1rcwSMoU9mEFDSdTPHD9WY98J6Mj1nQ,1159,1000,1000,1000,true
1125,3dCv9jK2xptyRNf53Tq8fBSWZQRaEe85YRwiTdVCAeXy,1143,1000,1000,1000,true
1125,H5k318JAyTSsJsqtCYeeeCBYhK2ZyYT4J3DKRPC9BJy,1098,1000,1000,1000,true
1125,AM3dtU6aqQXUHka3bW8zPGHbm5xdqDSUFSG15qMg9Acu,1110,1000,1000,1000,true
1125,E7trKjU7YQrhbweLazDP6hqYExVwfV4jkGaNR12nu16z,1089,1000,1000,1000,true
1125,DAyBpC8DTXayKHqKughMJY4by2ERMeV9jnjxc4zYY3sR,1160,1000,1000,1000,true
1125,DwUeKrAFyLfbrFEh34HSRemG4HT3K6oA6oSFBXPfD1ZW,1164,1000,1000,1000,true
1125,4qaEt6GGGgchJ6uSqQARW9sxZoBHGo6cJ4qRbiS8Yxfj,1142,1000,1000,1000,true
1125,Askowcfq9E3t33yRtMbewoe8X47hJ9y6MAxeEXByd3zc,1158,1000,1000,1000,true
1125,7M1oVrPkRoBBhQWPSBRNJd5rztvmrnVtYMrVWthEfWrH,1135,1000,1000,1000,true
1125,6BonMx9p9yU6Fkwb5XpeLpmbMg7VvLaa62ndLfhyiwHu,1136,1000,1000,1000,true
1125,Ak4kABG9v7KHbhTT6YAxrFzqhGLRJp6SAHLLXyFTSGvP,1153,1000,1000,1000,true
1125,H7JT5KqBx4TfbeXNPFGuTkDJhw9KyEw66kjEKSNDznVo,1138,1000,1000,1000,true
1125,ARa6YLA1TPf7uqpbq9AK9o7pW5dcsahzystUKo3Vyvxu,1117,1000,1000,1000,true
1125,7mafDsxVDmXYEuA4dkjxHq1DQeh7ANMyyquytkQQCPNh,1133,1000,1000,1000,true
1125,CqCzkWoZhVJNotr75Ui9oWW9r4DhEy5EWrgt7aoedfWx,1131,1000,1000,1000,true
1125,2798MjsekpNSxrWZYsHQtUM3UhaZvJxbefipF2vX3ZQD,1108,1000,1000,1000,true
1125,ZPGxmF5PZMaucpwnotuTzXG8et4yLUSxMeJs8Ai2zFr,1124,1000,1000,1000,true
1125,2pWLr3kUZLs2hMXX6UG7ALPhZZgCrsgN8eSFm4NoZW3p,1099,1000,1000,1000,true
1125,8zmEbL1TvjgYacQZqDmbgXtVVpjVeEJab2e6mCiGpMky,1123,1000,1000,1000,true
1125,F5qMETpbfymuoJngvAZztUvrDYjPxXdegE5bepk4LCb1,1152,1000,1000,1000,true
1125,AQeKkTaDDDaEUeFnrDGEymydBni4GfusdVC76gqMu1rh,1081,1000,1000,1000,true
1125,AuJvSmPwPFyxrC55pbTzrMpQDC8emwDwz1peUVeRb4aD,1042,1000,1000,1000,true
1125,5b5Ams2ZkPqqG7J49UpLpSPU2hnStMTkyRqQVjQ8k7sy,1125,1000,1000,1000,true
1125,8FgfTL349W6oAwLaYXFqLtHEpv2F8jw4WSVmrj9xCa9E,1137,1000,1000,1000,true
1125,7fkeYdsdsc3ms1sFkkPDHDZLbXtEosNyLtDWtTFzn8y7,1132,1000,1000,1000,true
1125,BzUHPc3Jk3ka4jiH5Lpyy1pnmHVY99dssbWkcXKCd1vS,1129,1000,1000,1000,true
1125,CFRM5UcfqdtoA97dPRQ9dtcrHB4hMgtnC11iT5AQR7wx,1148,1000,1000,1000,true
1125,94Ek3KyBqYsy7H1jyputoJ9zDnvAxkensjN63E8izfvC,1147,1000,1000,1000,true
1125,5DwYTRxhcQRx56ty76Q1tbF3jEbjDva84W7mAjRY8deF,1120,1000,1000,1000,true
1125,Cf6fjnWELKdiavT5AfnQZcmAnNjtavGJhpJZ46hNnsks,1113,1000,1000,1000,true
1125,3QAKmSJfQcroFqgZegsn2RVa4sqvFkAX65oFwkLkV6hA,1092,1000,1000,1000,true
1125,BJZ3MyZgwE1xHTPP8NWFp9eX23q3TSBbTJxCXPuPKPvh,1141,1000,1000,1000,true
1125,7YztT4R94qxYPgW4s9TYNVBoxxRgn9YgCa43jTEfGC36,1041,1000,1000,1000,true
1125,BH9S9Ap24T6KDYTxEQjwUMh7ZorSp6LxGfNricRq1B2v,1077,1000,1000,1000,true
1125,DJJj6dkYAtQTUY7Tc2Ey7kEatVyAw4bcHTz88o6az6NK,1128,1000,1000,1000,true
1125,FQfmYKgSToEB5TXzoTrHc4rC5Kjh3VDZu3TMQy6dximK,1062,1000,1000,1000,true
1125,HZ6zriiC7mZNkLwQDSJgBa38QmtfYS9bj3jzMTXujoQY,1122,1000,1000,1000,true
1125,9vZUWneTMLyYaTasioLMVMmT8ka9wGGoD8ZUSjbsTJas,1121,1000,1000,1000,true
1125,DJ7DGxR86evxvP8JjdfgN16SddvSUKetD3kiKeJVbUU3,1109,1000,1000,1000,true
1125,6cc5LmwT1c4J48BaQATngLN3ymCm6GvUxsSuqE2xeAEk,1116,1000,1000,1000,true
1125,6ohFom9dDHSC6utTbGQZLHjwV3Y7Lr7RyRe6Vq344hMh,1119,1000,1000,1000,true
1125,3N2mQjCtrooHNesN1vvUP862F4pRwdniJBsayWkTgSjG,1115,1000,1000,1000,true
1125,4UoRaiTnFss4V26PEvFYFxFn4gX9zpUKqzHoqdsdb4rH,1126,1000,1000,1000,true
1125,EHjTBhMSnuMdBzMZCmiRjPpit8SjApdJ3jt9XjMQ18yi,1091,1000,1000,1000,true
1125,62M5HSwD2H8m8Fbty1kW25azZSjKCxb4WiP6Z9DxtYKF,1130,1000,1000,1000,true
1125,54ug1wEZvCFC3MyHwKeWX6htBHKMJDCwtYNxRdQymGn4,1127,1000,1000,1000,true
1125,DpV2u6AAQW6AB9YT856cNJq54Y14EJ5dNahy1M8YPHzV,1071,1000,1000,1000,true
1125,E2qpHAftYLbd2roxUaFvh3YHGSJGpWSS881EFDc9gUb4,1104,1000,1000,1000,true
1125,66uyyH8R7PEh1jD1nW92pfHeFNPPXGrut22iV1oKYwBX,1299,1000,1000,1000,true
1125,4nzUC4RieBwGLMuB8r9ZNEVC7fVKtkj8zc7YgeaVapeo,1298,1000,1000,1000,true
1125,3yWHbLHxJSDaQwgLx4mWrPYFx84jGH1tTDUzvM3fVTCL,1278,1000,1000,1000,true
1125,8YSL6iqS2J6CzKZfFgkzVC8tutYySiNQQzJtAASbpCQm,1088,1000,1000,1000,true
1125,EJpW1iDoGCQh1YyFkSBchDiSeJS9PWQKJLU9rsBQB86Y,1180,1000,1000,1000,true
1125,5d8mh7p9W5i5Y3iQMziug9MX6iBMPJ6hN5LTo3K4EJq3,1295,1000,1000,1000,true
1125,8XsNRPRU9i3GNZm1rfd8rD8FjfnzrLJrL3SV1e4Y9Pe5,1290,1000,1000,1000,true
1125,EpNqmcTBiMUGNqTBaCiBsMPxxyi2hwXHhHodNSAJqhRB,1286,1000,1000,1000,true
1125,BRJvL7Fb9DRo5t3rwERYV7TzMuwdPENw94ZufQ2Rnmva,1267,1000,1000,1000,true
1125,FtdUAAKWQyTJsUKxi5KjWmVhoEDEJw3UApAMEwr1xuPj,1296,1000,1000,1000,true
1125,EEDybVCFSk9uJksb97rdFH1cKxS9WHz7cELCUcigfMnA,1275,1000,1000,1000,true
1125,8hZwn4dedHycnrxi4d1dG8FG6mqi4941W4ZBH8JjkZzD,1243,1000,1000,1000,true
1125,6PFj8pPDKqbbULtP7qRCDPaGHpCNDeE4qK4DQDovZna6,1297,1000,1000,1000,true
1125,5itgiResjRGptdvGHWGvur9ZYQ9QmFGABVuk8Z4x2K7A,1294,1000,1000,1000,true
1125,QpVq93UQqiU8UNvBQKUrAnTsb7DYgxLZYmaWn8FdUKf,1284,1000,1000,1000,true
1125,86vXr1DcUo7bF3JxHQoqBjCXG12bQ9fvSMUakdjxzuPZ,1291,1000,1000,1000,true
1125,CWckC2qocaTWn8otnhSsQeTtnLJSULpSxEnC6JXMA1gy,1272,1000,1000,1000,true
1125,4yjV74QvcYMYYf96XAF3r71G5SVntqLXE4TpKSNQgpuT,1279,1000,1000,1000,true
1125,BZj2Ex9TnWxHXyA3tg5mm4UGZWB5bfHfvcfvyT8Q6W9g,1281,1000,1000,1000,true
1125,6aAaEvKkDWD8rBvUh84VGAJuCgxzEu9xnuQo42pAm8op,1021,1000,1000,1000,true
1125,BB23rTySqjjFH2fXehwL8BK6MWDtr3CcTyHW5yN6k9bG,1261,1000,1000,1000,true
1125,Ax7yGuj8i8FyF7E6bbpusVnicdNkTkPwh5U3Jq4DhKWi,1292,1000,1000,1000,true
1125,8aZfo2CCBHugKKv2k15z1SC9A4WfXYFaeSVH3VeU2rt1,1285,1000,1000,1000,true
1125,H1tZ8brwbmnUuC9Rmiz9oTbTVfcBm8ooUsuZ9ErA5Em,1258,1000,1000,1000,true
1125,2FcivSc3GPZ3K1ZtdkT2xExbMJgrfRs1QdvpPYsMvH4S,1293,1000,1000,1000,true
1125,B7VTzTU2r8S6hhVLJebWZ87fBe6cBcm175FGLzN45SAk,1289,1000,1000,1000,true
1125,7nVCToNeALRJbXygP5mMG6DHqec2Le5r4N86iEAhV7su,1272,1000,1000,1000,true
1125,8hm7kFWpJjZ2ZNEiF7HpTPwfiD6WWRH2ShshDh6AqoHs,1195,1000,1000,1000,true
1125,8ezeBgN5zyFQosamh1UXmzLWGLR5bXVXipyw73bcYtr2,1249,1000,1000,1000,true
1125,8ZnnsTYop89d1JSpqT1P4KmPtj9NPBhCnp7FSLKKpNVR,1277,1000,1000,1000,true
1125,EaqeXRz2F6JcJJNXFTF5BoJ9TnfLkFw8whzDjN8DPGiV,1250,1000,1000,1000,true
1125,AiHg9Hy1kcM3HAFNtmJksrqnjpBpbeZLaRsgpSzY3K24,1288,1000,1000,1000,true
1125,81MUQAAiSTAqhNuP4VfLZXzB9WfiZ9cRFWKquyYMFM6R,1283,1000,1000,1000,true
1125,476JaPb6oyvBBtPe6QCZ8jKdBJDPPCD8Mm2eLipwfrnZ,1271,1000,1000,1000,true
1125,EvEsf1vtMRwMLDgggFEk4Uz1P4jLDLtEijvkwxbUPhDW,1168,1000,1000,1000,true
1125,FKnZaEnLyfQthbnFSTpdkuW1uzt8xUCfPXDPW9XxuAAD,1287,1000,1000,1000,true
1125,EqTxzUW1EmpZMVNhsouvptx4LGSnh6a7eJCmZbuWS5wN,1261,1000,1000,1000,true
1125,9PVwwq9QR8Sx2HwS8wCaECyF91ga1uNPD6Fz9s1zP9SV,1268,1000,1000,1000,true
1125,BiCmzpVYL13hZjaQj15nuNdz9JsHvEZzu6iHsivckD4A,1114,1000,1000,1000,true
1125,DJbWC5D76NLHzHA19iLzfgp2sgA64yhfGVZcxnySQ3xB,1282,1000,1000,1000,true
1125,6QWvSun5u5fQSsutxP6pqAwL5Vgg7hxuE9CTFFWgCbFr,1274,1000,1000,1000,true
1125,GkxKPqA5saXXmvzTD44CeWMxNUwgbTkfc6fzNRB6ckzG,1274,1000,1000,1000,true
1125,CVEVkREKAySNd4ivwcmH1ZXyuMJJP9rbDQgyXy2MLzzV,1255,1000,1000,1000,true
1125,7WXRRYjyeZRPZtyQpbn7EHvf2ygUQ1qpKYN4Ln7YaU9H,1252,1000,1000,1000,true
1125,7JFxNXV1CqhmEpXoHZxkkNR7L4fpaJPEgRcx6nijBAXL,1280,1000,1000,1000,true
1125,8bnAnMJshYdcKmW2ud3H6utAPLpfGczyjgunVgEAU7sT,1273,1000,1000,1000,true
1125,Fga4uWL1BdnkTbL4zsEagDTdL2W84dTFPeKxgZbGXMHm,1273,1000,1000,1000,true
1125,3XpyFz4bcGw8nkP5Sf8LnquDZXqinBpct5hv1KCivaRQ,1254,1000,1000,1000,true
1125,2chDrK2KgVrv6J2QQsCD62jFuuukSYNz1sRC2z9NPwt2,1245,1000,1000,1000,true
1125,FXJMyysFziK1QKF2D7hP3dELy9Ks6hkPy74WGiTsjhCS,1088,1000,1000,1000,true
1125,BctzSDr9B4PJqYWBvGtWDpcfffMauC9DriH3wA1HmUhk,1215,1000,1000,1000,true
1125,AxDKH8bZhCzW2UEZbbLvonFJfCSyLkmkeYAjqGcSwXaY,1266,1000,1000,1000,true
1125,3ux4k8fbk9fPpsj9T7CVXw1dnBxcEcAihBtCAS1NJzA9,1233,1000,1000,1000,true
1125,7WCKMt9KZovFjk1GPR8XKedf4wqpipfRV14Pe6dbz44W,1192,1000,1000,1000,true
1125,7bquE5a9586yGHBzLFzzRMViV3xdZVV8rmPiwWfbNgf6,1253,1000,1000,1000,true
1125,9Vft7P5w7dtnKJQ8qzVP7c7E6zKFsu1G6KTAahqEdrhn,1276,1000,1000,1000,true
1125,HtU84kiHgt48iZ23Fc2NearT6C6XBa1jB7Hh5RTtNgYC,1271,1000,1000,1000,true
1125,GS86Ck3MjX5wWUg9AePKAkABaKxSCDqSXTmXK5fq6VNz,1247,1000,1000,1000,true
1125,6tkwqhVgGhnVaEWs7Z83bAuGQovfUxbHZos4sYgvJJRA,1269,1000,1000,1000,true
1125,56Vg3SgKaPZiBkyz7BUSWHcrUFGXdWSPtDDJRiUVmcqK,1269,1000,1000,1000,true
1125,FPbwNvgEHbGEy1fSUBiGDQHfAgUQLX7GkcmDLGDweXyJ,1034,1000,1000,1000,true
1125,9zUh7qq1YReDqPYo7foRuxm8fV9ysFWKYRy8wyFjwqyM,1239,1000,1000,1000,true
1125,6eEUjPizTGTEGmiR79zHzzmRpaJq5ZcRsRr3m8yxXywT,1266,1000,1000,1000,true
1125,4Cs71RQufxrdctPVcu9EPdokpf3MNzUxmiMwu8dynkAk,1257,1000,1000,1000,true
1125,EG27cQ7dD9Lfjkg3x5Wi9apjWr9CcGWDpbL1tapGCkjz,1196,1000,1000,1000,true
1125,2ZoLYjVHfsyLKXYEumHK92iU8DE4X6rQ8Z1LBmkTX1gj,1265,1000,1000,1000,true
1125,Gr6zGNDSQNq8iKD1qDBYM6YLNxHSYXEdGhTaxKyQrgFg,1265,1000,1000,1000,true
1125,3emKBja9KjWm1UwbKMmVWgCBd8UVE4DDgHSr9wxyBmpc,1270,1000,1000,1000,true
1125,DeKDQVfpG5Yu8snsuYuUU6Vabx1BSNLXj57Cz4Hun8jx,1270,1000,1000,1000,true
1125,6PUKg4M37CYwsQSneoPG68DbVbNeo6djAHkTBXurjjxQ,1198,1000,1000,1000,true
1125,CFaCakF3hSErHGf1Nz2CMgdmmFKYYbxBLWxkuvPX6tXV,1259,1000,1000,1000,true
1125,8jGALFEHMBMgL3yiFbnC64UaYjAM13SNL4VVfrTMgKSm,1264,1000,1000,1000,true
1125,89TqiCfMX5MAE8aceBsCvBtk9oUqVbpk5vLu3MbJmjh1,1264,1000,1000,1000,true
1125,BBYJSk9KFB4fwCzLndtxAYqe3TxRokeeGUB16L9NS5Q8,1247,1000,1000,1000,true
1125,DATyzxTfV6qvzQ6KKxW1WhNwV5wF7Mf1JfHSV18CALao,1188,1000,1000,1000,true
1125,7DcjXMdxbyAhftafe2zfjpdmx9v9uZtacmnXY6wGZuhw,1058,1000,1000,1000,true
1125,4wPWf9cB1MtBvwcQ4r3p7EUrAhPpMabQSZdBrxJYLfWT,1260,1000,1000,1000,true
1125,5ZZm9Z1Q4H3qauUNz4L6MgJQqX98RcRNrEyAU3H9sePc,1224,1000,1000,1000,true
1125,5QcUuxnsxX26Ha3EzwwukzYYGMUnq7GLbYbQRHoGChNT,1262,1000,1000,1000,true
1125,2vX2H8hPQNFSpgicUHiRBDfBDqPvj21t9wS31tcDJEnM,1262,1000,1000,1000,true
1125,J9STGDpokWFL45RLC5vzdWZ1CEqbCwJt9M16Bx6eUYwB,1256,1000,1000,1000,true
1125,5zihHsnLfRn2uscwB93eH5WhqTK3NwVT7UjYAKbPn7te,1237,1000,1000,1000,true
1125,4u7hfA8qFxCnCdqLVexZDTS4GcPkpUjokVceGojE3dGa,1237,1000,1000,1000,true
1125,3nv2Thsw8n2BFmCpZZ2gnULVPEoTyRFuCuBGjEh4LG3E,1215,1000,1000,1000,true
1125,8BjBSmtDUHmMygAD6CziK1j5ESz7NhHJN3ybhYyZ8PrW,1190,1000,1000,1000,true
1125,3EsjraJsZxeWrKKZch9jvLNZpprMH5uq8fqzPYbamTKL,1244,1000,1000,1000,true
1125,FWGZGZuSTaVja63zhU2hLzPALQwCFNAYuwvNA9LnEuMd,1238,1000,1000,1000,true
1125,ArxBQsoQquCqF6k2NRozkTzfEE3HGw14SrVzRJHADszv,1263,1000,1000,1000,true
1125,BFvjzQdgQK3d3Urz8deEa3SP3DGJaf9zgw1Upmyoh9vu,1263,1000,1000,1000,true
1125,761WkqFo4BjyAPgo65xv67Yf2cT97W6qe79pq54nz5gd,1047,1000,1000,1000,true
1125,5H4L945L1BghUZx8RuosG1jHwMK1jYQvnvYZ25qM6pQQ,1248,1000,1000,1000,true
1125,anQw1H21bqMCnM1tm15DxpNP6fdEnd7YUUYQrtJLc7a,1246,1000,1000,1000,true
1125,3pYKowHi18SzDXHnDVihE1sosydizxbEbj8HdskAU1k9,1232,1000,1000,1000,true
1125,TjKMgFoJsW5Hawn6N7tKqcPfKa6PdAe6uUUJazpeYK1,1251,1000,1000,1000,true
1125,RNxkXmETcuyx24AzSDMH6BDbEzYJHKStbCnxe7sVGuB,1242,1000,1000,1000,true
1125,CkxwcAaJog7mzZ8HEmCvrxEs3AwjLKekXdNFR5tEhv6d,1198,1000,1000,1000,true
1125,BWVu4stHAGwfnZKEZzdmCHaYgT9epH5diFbQC1K55G6t,1222,1000,1000,1000,true
1125,EVzKy1eTpix8hqDB88iCsqcTtfgp18BWdYGGhzhPJuJh,1026,1000,1000,1000,true
1125,F1ESgVJ6VeNUmEZwG6wGPDcafXbTDfHYw4cdf7brFQUY,1225,1000,1000,1000,true
1125,CKsmLpJgkwVbN2FBTSxvJVb7MhKiwtpoNNPT4w3f89qQ,1225,1000,1000,1000,true
1125,5eYirwTE48g7WKqiJtYH5ts1nZUxQw6JyLHomD2oSfaw,1221,1000,1000,1000,true
1125,BKZdLdZwNqxdbTvxbLp268nqeywXd8JQjMP7MvRQPib6,1221,1000,1000,1000,true
1125,BqN139MGj2M74fgiFfEwEVb7Tm8EKrfBmL1To7utzWSN,1179,1000,1000,1000,true
1125,2V6mZWcngbzpVkbWtoYaFPuTM7sXcS3Bkvnv6HMmDd9K,1011,1000,1000,1000,true
1125,6EmU56bkHShniqSPrBcV483vW3Q4HKkxBuVdCL6AL6y6,1235,1000,1000,1000,true
1125,6bodFuubPAFroBcNDqLArv8z6zMMH9Vkh1x53Z42FsTL,1226,1000,1000,1000,true
1125,Akt8nNYWzrUqBQJkYDfdE4QNJP7vbxDS68R2xA5WXFkZ,1223,1000,1000,1000,true
1125,Dy6fQZ9QA5baoxHBKe3NVnR4aLCx5rjB7GtZctnNcqvm,1231,1000,1000,1000,true
1125,BgyBHjeVA5VxxtgyVY5w6dz7wqNA2rPxMtRVYxgqRdYW,1197,1000,1000,1000,true
1125,D9k4wK4dM98siF7vDJ2dZ1RgNrEQBKv17mmnmYJPnKzZ,1241,1000,1000,1000,true
1125,BiohsRuvwMrWMr2CY7R5VJh1RZg96gXCr4MEE3CRETkc,1238,1000,1000,1000,true
1125,Ecap4wrLWMm7hh2bwzAGWFnedjLrsKRhXh5562wwXdB1,1240,1000,1000,1000,true
1125,EgQ9EpXJdHStDznoTSaf1nSyQpHSBZEtLuMxXshG3yFS,1235,1000,1000,1000,true
1125,HRaZyHZX3Uy1VnN76eaZQrY833XAzFnRwstQzpRCSgWd,1219,1000,1000,1000,true
1125,6XxxxJ232schDVJ1hNp9dq7aX7MN9Zg6Y8USoxNB1vUm,1229,1000,1000,1000,true
1125,69RNUcG7GgHBuzgxpWstVXHKGt2qntqbjEyyNAnDv8rJ,1203,1000,1000,1000,true
1125,6TVFZzNSWUGr9vG68VrzZxHk8VGLA8L2BXTK3B2wisEs,1205,1000,1000,1000,true
1125,CAtiZoZbuuwgRRmAh49mThSNHScPkhi17aEnw3tfe7C7,1216,1000,1000,1000,true
1125,45fxc4NDLD9txEoLdoWxQu82adA5vWxoLkmB6QCPVagz,1216,1000,1000,1000,true
1125,CMPHkF8M5Y9S9kFhEzMc1E2TP843xkF1mkKRTHDhP2W2,1094,1000,1000,1000,true
1125,BS1AbxjpPihiJoiMfzUKuQ91VLSzh3Ab43hTR2u5WJUW,1204,1000,1000,1000,true
1125,2YhQG6fwnGh1TFgtUsKaqnTQn2DLKZdKycJ9wgskLxde,1223,1000,1000,1000,true
1125,FPLxVFcePgsg2s1kwQTsuQyQ1fQP1j2m74DgXBwDfaeY,1220,1000,1000,1000,true
1125,DhudA4ysrG13iMn16K5aBk1N3VPEZiNDEeM8V6gbop3H,1220,1000,1000,1000,true
1125,u1LBCm5UMHuRpwyFchjodLoHizfPMBAFBmpSUSTA35U,1157,1000,1000,1000,true
1125,AGx8GaJAsDnBUGBxTJP9MgFp8sv2EiUshUkrPLbtX2Hy,1214,1000,1000,1000,true
1125,HJ1Lba3cpeLsr1MfP7nGqLPzXDqhYdF3BPz7Z72Fd3z2,1236,1000,1000,1000,true
1125,3n6UAqN2N59L6noTcje49KNu33MuhBX9Lu86riCVWFmT,1219,1000,1000,1000,true
1125,59uu3EGA8rrUdtvXFjquGwPWQEL64tMQhDVwWdJ8jQSj,1222,1000,1000,1000,true
1125,2CBJSAhqR9UjehZx1NtwtPMUnrBAbhvaowJfZyHRAHHo,1171,1000,1000,1000,true
1125,7R6ZBfu5eVQQZFp7gQtanYCgdNKpek5Cm8y4pZ17zrf7,1199,1000,1000,1000,true
1125,6NowGmurQNhjknCg3SmFtxTwGrpWUGtrpQ6HwTRy6pj9,1234,1000,1000,1000,true
1125,E3L57pJs14o6tMHKfLVra3EbaRa62bvWNFRb4i9zwkCf,1234,1000,1000,1000,true
1125,3TY5gT6GsnoysPxvPCokDvzuZexZvvGLn3xaCZC56xHX,1230,1000,1000,1000,true
1125,FTHFVzebMdG8CcjRFCUt1TwCRYVCznpHVSERq7DTv1Nv,1228,1000,1000,1000,true
1125,EJAuwxCe9zSwYXsKYDgPWomBvhxWQhRmbnfgvq2asqYd,1061,1000,1000,1000,true
1125,84vaTmyLZbJYD7asV8FfzFXJ4uv2TvnMm9WGJU6agNvy,1035,1000,1000,1000,true
1125,6Na5kkLMytZzvSMLnoj6ezP5ANAYwW91A7t1VQFYQFEd,1063,1000,1000,1000,true
1125,4wAmqF4xTzuma3FdTJoDPsHG7T6HCvvF8rXNt5vWEKVD,1218,1000,1000,1000,true
1125,HXgnf2zLXcAHA4sArnPZaCF9LFEv2tH4j4719NkMHMg2,1056,1000,1000,1000,true
1125,2VnRCVzwYFCsFhkEdXGBgtdx65FeREb6ZmoE2aawGsY6,1207,1000,1000,1000,true
1125,3hm29hRnekurxHmxg1S3LXs2M1HFFG9p3KWQr2oBn62f,1226,1000,1000,1000,true
1125,EJzUMSUeLBreW1MfGZX6hm2AT75ME6HK7B6hMMt9LXyE,1224,1000,1000,1000,true
1125,3hEyrLxvkpNxcygaN8x93x1Vazjngdmodi8PA3Y4jZAr,1194,1000,1000,1000,true
1125,Ajfpy89qYdLZfCVwTLbn5PAMcFVABAewbfX9emTHpZU2,1218,1000,1000,1000,true
1125,8uZQzu4MZdXGsbv4UhDJPDNDDGh5kyMXtpsTKUZwCT13,1227,1000,1000,1000,true
1125,8sWwALZDiQM5QswijNHXqLjGxn9bxyUcApArkWfo6QxA,1227,1000,1000,1000,true
1125,CBdb9YNrAoDFiDiX1mpgBJZAhns9VjUTkFsF4ZG3rgyU,1155,1000,1000,1000,true
1125,CvrpCWkAjGnzACT51oGMDPHGMPFUGNtZ2T5QBTKhKvp4,1189,1000,1000,1000,true
1125,AL8spqxPwFuMsWDRHkFdsd6JrNpvdJ5M3MLDUNVqpUKR,1189,1000,1000,1000,true
1125,HbkGWHVoaiS7t8qCNtSjj5M6rCQYAkfPUbV5zP6wiUS,1031,1000,1000,1000,true
1125,HDof92fhuegizCwyzDePt75qss47EKEhLF5q8hBjnYN,1177,1000,1000,1000,true
1125,73q5cotYtTsSM5pAB6F77NJyEHmaq9d42FKCzQHWne5G,1174,1000,1000,1000,true
1125,5L1degFbWTu5CCqd3zfNq9Uszss36Nnj2uUFvMVnU2df,1149,1000,1000,1000,true
1125,ELMhvVrATJvmRPhck2Zb9GTQqAKfXCBQ8YEuwV73pinW,1151,1000,1000,1000,true
1125,6TwUZDSwuGjiJbVPyawk6EovhDh6svyjXfo4sp62BuaR,1186,1000,1000,1000,true
1125,Bio2dVyGyLNyu1ZDXA4aHuUQCJdYQZzhuKqRXmPzySj2,1211,1000,1000,1000,true
1125,6WtR1hCqNZZZQmGtH2bkSwaCDkbfya3byEyi6PozrH3m,1191,1000,1000,1000,true
1125,zUTN8AN5HyAquWwsMKnJhSfCAnhD2dZFbnU8a1AvwbH,1187,1000,1000,1000,true
1125,22LP35KJkb8KDMv1H7dRTUcfF1AzMHs3rXWmKrtK3zyT,1047,1000,1000,1000,true
1125,2XNfuesrxcbCKoTVQdaZ1YgErmjg4tvwA3MzCP4vAV9L,1185,1000,1000,1000,true
1125,64qQX4mzNbGFHVVgcjof9PFsHBJTMKgiUNirw5KYimbS,1150,1000,1000,1000,true
1125,6TzowMaLTuF5aY11wqYBwWVrzpa4fgFFb4CxyZR9Jk4i,1182,1000,1000,1000,true
1125,7c2X5ojMvmCDtWpMB1eUfaqwuBzGxf7xcA4RVAhiuQPw,1217,1000,1000,1000,true
1125,Fs3H6qhv5RdAxbv6cK8hBbQk717BkpGJQwvSkcJCbuxs,1217,1000,1000,1000,true
1125,FY7oKQhPvPK7eeyAsqHDZxvXGjDS8ZcSiLb8ddoCgDsR,1193,1000,1000,1000,true
1125,GJyRCfP4Rr5JVG8TL6zntVXQGsE5z7JFZMDGo7QE7iYm,1206,1000,1000,1000,true
1125,FnuyNU33vAftErtLFoU9hS1LycfFk9CbWm14RWwnWogf,1213,1000,1000,1000,true
1125,GLZjdem8ooqwvVxBsAFtar9UTNcmkj2MdJh5PQcHQBuu,1179,1000,1000,1000,true
1125,Gom1a8j4Jfh46TXV41QWQJWF2RBFezsway2zXKsQf79S,1165,1000,1000,1000,true
1127,5hgjMLhUikv6ucrxp58yPKMjuy5npYeq2WVXJHWyBLmi,1052,1000,1000,1000,true
1127,DWtiugJDmWkjn1t26rrTUnzz6r543XcCKhnVzdD7Wcx2,1052,1000,1000,1000,true
1127,FjPupbECzAHbhEVRNAP8Thibzp293sPg8FCHthYwhuBb,1007,1000,1000,1000,true
1127,BDCbyuLPLv7QD9prCB36bSGir7ziANE5RUifWUhsCC2i,1025,1000,1000,1000,true
1127,39UHT4Upf2KwG56kUS4Ri7ni9PmR6bSJA1qw3zxzpGir,1010,1000,1000,1000,true
1127,27XJS6orz1zUE2RcmD9dLJXQAxPUCiw6jdrX7S7FeJzU,1023,1000,1000,1000,true
1127,99UC8ZvKXAq5TVFPEoxoEgDuEU7wiLUS8x63YHiQPMsA,1012,1000,1000,1000,true
1127,2qxJGNPwJeGpGtK1M7P2ErkKUWiL3Zzo6Vhc2ystT242,1005,1000,1000,1000,true
1127,ApqbFyK7Yp4tXjjPPEaMBK8i1To46dquZZG8XBZVwwrW,1049,1000,1000,1000,true
1127,FBusqcCUvHv6sUfMo4PJugT4Z7WLbTfvHQg4HejCyUtf,1049,1000,1000,1000,true
1127,6ZYhg6ULCMFPqbTfGVSxW774NAFNHesHZWCXcXXZs5RS,1003,1000,1000,1000,true
1127,7R921aeiDnUNrskKMTDggndLKcS1hNZZHWXQi8CEdusm,1045,1000,1000,1000,true
1127,CpSfpMsLvCgRASKdsc7sponx3tFJWNAYz18LC2vBcNbu,1045,1000,1000,1000,true
1127,En3J32F5eLq3pehsVykhtToSEKZew2onm8Kk4vZ6Lnk9,1005,1000,1000,1000,true
1127,8ocpcgKfjLiqZUXjAi2BNyLfcmxJ8zdF5QNdd2VkZiae,1019,1000,1000,1000,true
1127,72Ua5xtHTtEVazaaVf93av2poYLQ2sSQkQJGdzvjMH18,1019,1000,1000,1000,true
1127,652oXktZ8gtCVJjXBQFhPFJdDcJGkxqoqgnMZeGRjtLG,1028,1000,1000,1000,true
1127,5C2sTzRuweq9Eip6PcfGP9dSyj2RPhCfGqwqUceYZ7BZ,1002,1000,1000,1000,true
1127,91Vs3bN9ywVgEnBVH4dWrNDnSAPbVxhmUGFsE6PmD92h,1007,1000,1000,1000,true
1127,BwnZRqxbNxbZytQ3RJTEoi5au5qwXnMgAWzbzKMAz84j,1010,1000,1000,1000,true
1127,FnLuZ8crErU8DW51nAkn6NbA9ko5EyJ5Sj96KcZaHvSH,1001,1000,1000,1000,true
1127,GuEidfx1BxA6sowkuBscuyzNi7fTHda14iFiZ3dkU6Yf,1017,1000,1000,1000,true
1127,BsQvpMT3MC6ryvy6KUZsjTR6mZX7HQujcvMDitorsGzE,1017,1000,1000,1000,true
1127,EgBpc1WxMKayMqXHNrThfh9Far7B11x3jHDMJBG5wrZ7,1016,1000,1000,1000,true
1127,Syuj37a2hQZzFJSA64UBGbkG6KpdWgMT7NULv5cthnX,1016,1000,1000,1000,true
1127,A9AS2UxT8G3W7WYcreQg2CX7tHka6Z6urp1BcF6gSpYe,1001,1000,1000,1000,true
1127,HnCXwVTTFZkq9XLz7Kk34sHvgtxFMBMFd8LyLeueqyeL,1000,1000,1000,1000,true
1127,7NvXKEycogQcFLFxXbsvRTjqcmdeiarBHkifoG1i1iut,1014,1000,1000,1000,true
1127,FvF4yuLKco8yVWSSUQjeoXneSToFqUMBe82L4eE8Suyh,1014,1000,1000,1000,true
1127,ELikk7Sw2q65wrtd3z3nZusa5ZTjmvjs14kdcgSBL1or,1013,1000,1000,1000,true
1127,2DF6ASdhu6wzhRp9E4VYLEGQxJobFNVcP11pUbdDknib,1013,1000,1000,1000,true
1127,5qCuhkBER2ugGjsApSBYazjU4YhUuE1SPUH1jiFwYbuo,1000,1000,1000,1000,true
1127,DUVEnSCC7z7hqeEtYnoWSz9y5xFyoTytNCyq2gaDFieZ,1006,1000,1000,1000,true
1127,A6CkJriNK9idSmKKoVbxqp5z4gmk5YXJM2eQUeM3YXzs,1006,1000,1000,1000,true
1126,ChN6xnDeouNYSF8qi7x8Y9UAYPpLHnrgYeeqzN3LLb86,1208,1000,1000,1000,true
1126,41Rg9mjFKemnboi18UuWqo7YhwUbtKrYWvH25tppidtz,1177,1000,1000,1000,true
1126,CEmyZYoigQk9tKXtkxTzDxLMHpP9jZRade6Vh862Apps,1084,1000,1000,1000,true
1126,AHFN8DFrsR6hUBrv9NLqoKn7bzC5ArJogRNCp8pGrkJt,1184,1000,1000,1000,true
1126,9yFS8MxqVsMNZunzqNVdhYG6rkRz2pgWVm3o58i9PmqK,1174,1000,1000,1000,true
1126,DZYZGuafiaA1NptZwN6WYgawJ56kPk6VtUnvxBzwLzvi,1172,1000,1000,1000,true
1126,BBtBAScNkSHwuDqvNrBX7DciBkxunk5DXSr3nmKJcuC2,1212,1000,1000,1000,true
1126,EAve6t1ze1PBxsNSrkfy97Ts4nvZyoJTwvG5f4hJHnVi,1055,1000,1000,1000,true
1126,4ACFTjgUgiRjkMbd1fGiTgRgMY8R72xo67N29T2DeSc1,1183,1000,1000,1000,true
1126,4p42LH1K3upcKr7VWW1iDeveKh4fENCZEWY6XccwJQXk,1139,1000,1000,1000,true
1126,8GqcoMfRWTAQy8yV8rjsfw6rjCe6U8xmokAcDig3w2P3,1144,1000,1000,1000,true
1126,H9QjkxqmZ4BMwL8Ua8Gv8VKH4qRxSg6vkgHChzN6Sf6m,1091,1000,1000,1000,true
1126,6fGLUexPh1ThkJG7AtZuUVttmgu2SWwpkJoxqcjE14S3,1074,1000,1000,1000,true
1126,4XtsJ9E2PLzdaT6vDngTBBSrYyRYH1x7PY5448WJPYqZ,1210,1000,1000,1000,true
1126,HCacwxvvAzwYKLUEMLYKJVukmEyyL4WEpyTQihNJUtn8,1175,1000,1000,1000,true
1126,6BmNWDhSxTk8g4Za2kghZCHrtCXYwrgC5iKzC9D36AqL,1170,1000,1000,1000,true
1126,9BeSYH96es2vXT4aLAekcyDJaPtT3ufYSMTpZqKWAnwG,1145,1000,1000,1000,true
1126,9ArVyrrbD9nuz8g1KzaDbUzGsZDKvF5L8TZCS3S6bmWe,1209,1000,1000,1000,true
1126,99REpQewLWd9fkH7Pme1XhceXUxjAFmnoFk2UuVx7Sk9,1183,1000,1000,1000,true
1126,CqpvX8D5SCBwzKEggKo8oUfbXDGL1Xjxfu4CANXkjrBR,1180,1000,1000,1000,true
1126,7BFgMn7X2hyRPbyAHKkQFYposgKsQAHmm7X69T87Q8xd,1105,1000,1000,1000,true
1126,722C6M1fwJoSHhedVBzTvGxqpijHRyfhHLGLt9K8DLHs,1176,1000,1000,1000,true
1126,5eADVfWthSbY6n8NAkTS7jYJXVntadwnnik5fUUDdgBJ,1111,1000,1000,1000,true
1126,CeG4yEDvDLdChbicFjbJkyPd3SYrsF98AVJvUzr7xGH8,1112,1000,1000,1000,true
1126,x5kF8MNJdHkBtUnf7wNmYnNGqPAVfE26d3szzHQQSEy,1202,1000,1000,1000,true
1126,B3jgeX2sAcfdh8efymr4N2JMt1kSWmm2TYnrPmK96sqf,1201,1000,1000,1000,true
1126,Wp7bFgXo6tt95z3moz1T92oQKtd1s49nAHc5mDRgKjG,1062,1000,1000,1000,true
1126,4P4Cd8PSyWRaGQxvMfpAZXLQpGfWR37ARRo18qio6mZE,1036,1000,1000,1000,true
1126,9omKbjLPkMvfx9A96fquQ32CxEMUTJ6Lzb65jindYbo,1036,1000,1000,1000,true
1126,2RNUWaSX5bK7drzEmQuYPbQBXSCRuyJtRQPHDnurhMQr,1200,1000,1000,1000,true
1126,9npCPNn67S1hTDrbsdc9vcBnFPBtmU9eY41i9SngdW8j,1176,1000,1000,1000,true
1126,3waLy73BKchdwbnXYBPLsyUXtKf6iH9qx7rXs25dTr7L,1107,1000,1000,1000,true
1126,6a5PDow1SPPdiq6Ub8nBwqkPhi5j4ipNByznKF6pDdoj,1169,1000,1000,1000,true
1126,F6GYGxVyACSWdqg4QPPW4EgDeyhrApFmNEAjMjXwTuU4,1068,1000,1000,1000,true
1126,3hog6srCSZ5S2GMoL3Vu1nih1b2CDNMB79vomPR42MNV,1182,1000,1000,1000,true
1126,2FQ4AFvtTh8yDwfBZarPQVrCGJqJgdFvUNXFxhkmZPed,1163,1000,1000,1000,true
1126,pUFm6qJyFGJw8ieNjPYfLEMEqYWWXfDSB5mug2ioNv3,1075,1000,1000,1000,true
1126,3GpvQVtwrvJvLHxNumFuhDaMAPEsAExADxZz4DaMLJsK,1075,1000,1000,1000,true
1126,ECmssBdYen3mQUvWZZAc5Kc8J3RD9Gbxr6dqj19KRxbi,1173,1000,1000,1000,true
1126,DAkSqVHTqaJG1dQZ2XPhDxfTEd4XK96owfnJs3w29ZD5,1181,1000,1000,1000,true
1126,6FxtbSjHfymfETf7nAWGEzVRPFcAwWv4NZD7fyRHW4QL,1181,1000,1000,1000,true
1126,6gF15UX7JieMdguNczj9GvhAuyFzmgM6if6NrJRZmLyW,1178,1000,1000,1000,true
1126,4Gzr4DM2h8JC4z2YTH8ct84esE1fxMy9WcJgdZuZTRsm,1178,1000,1000,1000,true
1126,CLkBRyC4cbR35Dy71eb43B3aACVbYNg6wA13ZZNMkbST,1162,1000,1000,1000,true
1126,6PZH48wLL2tXG1f65e4AVd7hYXkWN2B7HqWqCjRA9zqH,1102,1000,1000,1000,true
1126,4XcaVnuUvWtPvTi9zy47NxrPekMVD9wLx47KzecVhKd5,1100,1000,1000,1000,true
1126,4k8zs9QjxsZB7jvsbzXUxbFhxzrKpMrVDueXfPnebfaW,1090,1000,1000,1000,true
1126,Hy48vC6LNvK4ttJ3GRDZ94PyYe5vgjWfY5NPRaDJRV8C,1029,1000,1000,1000,true
1126,HU3StPewwp9Dfdqz3i3EYdgAQvk8brEFYCeiaFGBW3tv,1156,1000,1000,1000,true
1126,9GaZqRejubm82HJCeQKdtaLg3mC9YzqDo1VFQwbFAoW8,1008,1000,1000,1000,true
1126,CtYrgaptfw5FP3Qj9FpiqpUjWJhfaL5W5Qy5oC8KV6iv,1140,1000,1000,1000,true
1126,Eg5JWshSeGUHs4xDjbw3S3DGUw487TRW38YHYmRPLctX,1087,1000,1000,1000,true
1126,F746Qgip1grUfVAMEiejUJjiFDEJMrortLgM9aoetEZk,1031,1000,1000,1000,true
1126,ESgWGD97jQMQi6aiv1hGB5RasmhwgWdyaSsKVwzoqLGv,1064,1000,1000,1000,true
1126,LTyCgpQCGnyMW2NyfSE1D4zzPM2iL5tXWfrfAVJ1wcX,1064,1000,1000,1000,true
1126,AJaAS3fL4baJ6myQCVpgKGPHEgpgqjpkjLvZXbizp4q9,1069,1000,1000,1000,true
1126,6b7geTLwu81jrxhCJkiMTtYL3meSMKwW7rjYR3kV8CXb,1175,1000,1000,1000,true
1126,DctTQBU4oFRo7LHbAmVjCXweFZ2Qc39dGLEv8ztQqzqw,1173,1000,1000,1000,true
1126,DqGcGrkHfZ1WXJjazfZZvu2NvyTKxszdEp8aVvaM3V6h,1146,1000,1000,1000,true
1126,2zNn6Yob4r3GABo2BaDQKrBma8sidAZPh6JwygJLXjcr,1024,1000,1000,1000,true
1126,7eoa3PfKzRVUnZMRBVUtqDPWPiH8qeJgjtEGifTVuXjq,1061,1000,1000,1000,true
1126,7jD5PkqLfjmhVR8Gabhn5ceApas4RMTK5Tm6qpqz8Ca6,1025,1000,1000,1000,true
1126,3J629nfBZKLMMRhQvSweHVjJRHaDeTf4qVgp6XDK2Kan,1161,1000,1000,1000,true
1126,CPJM68KiTWf7HcUW45JhYyVmXkEN7URiTAS6MRqcE4St,1166,1000,1000,1000,true
1126,58NKhZC4usayQdU7urcXYnX9KAUSXYCF4aUyKKE7h4Nj,1073,1000,1000,1000,true
1126,2MVZwG69Hzv5sxE76a7jZ9qnWt6ZQgPt4VzdesLt9YGU,1033,1000,1000,1000,true
1126,2yqGQUsdYD6eQvqaF6RhadTvaV7pqPemxE5zuPN58uac,1032,1000,1000,1000,true
1126,Cj91SiMDj3AEnXkgHQKxFHhFY6pSGHHTxc52mR4cdbwn,1106,1000,1000,1000,true
1126,Fv6ffpY4teRZ79JpmpAgJVg2SPnh23UMSCnzndUvguA7,1079,1000,1000,1000,true
1126,3nVENwKwtbYpS3Kb1YxPa4w1uWfAGEJuNiGBZEyu7AcE,1050,1000,1000,1000,true
1126,CC8Jqa7grhbbHmLLEfNZMxCJDKdb6SBB5t7s5yiLMagr,1050,1000,1000,1000,true
1126,Gv5WWZxh2zYEkMFWvBMLUBfNDKMaK5ddTpDg796z9jTh,1101,1000,1000,1000,true
1126,3QjnHQAEW3wk7Gf8B4BGW7kKsdt2vYf7VaVMEnGGD5UR,1097,1000,1000,1000,true
1126,DrvXdKzUBFeyQCMnmFnjCDcDXnELu2xsv8vdByqEKX8C,1043,1000,1000,1000,true
1126,Du2XkcKFa3sEofEpbFJof1zoPwTt3Y9c89pjPPWLJpDe,1021,1000,1000,1000,true
1126,A4YwCt42M9LvhnGh1bNsLAxx1Dwi7fR81G6UKCnXkBaj,1096,1000,1000,1000,true
1126,FUQVZL3E1uxgQwCMzBguoq93cabmP22VYhfFdJynaiLk,1103,1000,1000,1000,true
1126,Awuxf4AiL8KQRPmf4hReqk7Us9eD8nYheQC4NjnSsq5y,1056,1000,1000,1000,true
1126,9VSQfaULdu9RK7AoZ9JwAPTZW9XwSQZDynERErB37yur,1095,1000,1000,1000,true
1126,D4crCvwnSaxQc3BwfDzRCUzkQxXATUodx9Lvyeqv5m2f,1067,1000,1000,1000,true
1126,fei6vbzefnUJJMzrLXYxH962SQdJGtth9igwPozBc1A,1039,1000,1000,1000,true
1126,3BYBu3e6k5QWwMPbLwoNTrcLMTLH7mPgfS2GQsixdFCF,1018,1000,1000,1000,true
1126,4Vk52RkVpCD3L6FuTS4FVPaiC2AnTZcoaj5BbEQXvR7x,1093,1000,1000,1000,true
1126,2S16Fy5KUyMjngqCZKvCXN1AYdecYPJMxqJ593C5roPp,1078,1000,1000,1000,true
1126,BfSLmxf18hQ3cSbi8sWnvsvKBaKJNpbLEdGewnXk3tFC,1009,1000,1000,1000,true
1126,56ndJ1Njf9WxbXhiW1tiXSXhoiFReEuVJGVX9LThv5my,1060,1000,1000,1000,true
1126,5JczAzZi7MyUZ7McTWLaaCsUBq5frxCXHZbEU5FBts8t,1086,1000,1000,1000,true
1126,9CF2h94fDS42oVkRZumdE7qb6jstecs3iyv1qVybiBUo,1086,1000,1000,1000,true
1126,5bHmCLTWbxrDBfqqP8rcq6q9NGZXkiaCwoAiXu4KfjPU,1059,1000,1000,1000,true
1126,7QeMGCwz6G9ghvXWckUmjSw4wSnNLqij2HPALyDGBCg4,1082,1000,1000,1000,true
1126,2pTRws4VkvdhAcDg2HRXeM8BnEqdRbaNUqeJGx49wfLS,1032,1000,1000,1000,true
1126,8xY8wX8otbBuGyL1q3pr94KWekX7LX3BPCfDjPAER7qE,1051,1000,1000,1000,true
1126,4TpYNHnfqKfAQnVxGP3kHcKesniKPXbHWzHaR9U5M2wM,1051,1000,1000,1000,true
1126,G1RNeqpxXeKf31739gyy8MKaG5o3dpxia1ssaxdPSFYC,1034,1000,1000,1000,true
1126,9VNQx8reVe3xtBtnk8hNZmWypuPqdnP9LHrvpHkpXVk5,1085,1000,1000,1000,true
1126,74iNDwfsnmDbMeh9J4f5W7b9QvJBXxzV8m7zX77KffVG,1053,1000,1000,1000,true
1126,5sdUQPL6PQQ5Unm2fiQNEq44tBeef9tHqA25yeJBuArt,1053,1000,1000,1000,true
1126,EywVm7BARJZi9qPKqeLJ6yTC3ipG2ATjkChBRqip6EL3,1083,1000,1000,1000,true
1126,D2mmWJEgVgRUqKPd5AVgvLsQaHEzqQvp6uWQRqcYeJ65,1048,1000,1000,1000,true
1126,8Wgzjd8N5GCzaM78ahBCd7NjCQ6k58YRV4QshZNyrK7V,1048,1000,1000,1000,true
1126,7RVy1cW9R6sT2wuwwmaEr9ktQQdAaFrQcveEyMa7KsNw,1080,1000,1000,1000,true
1126,917Nv2kZNMgpM3i43zUWTFveCdS2XX5YGnzLLLjT9Zmf,1060,1000,1000,1000,true
1126,H5TDvkJ6X53UVgSVKfrWyDXzrJB2zaawatGkSRSM7mWD,1055,1000,1000,1000,true
1126,DjchDm4QgePr6XVH4AEJkHsNhHKTKVb6TQgGhXkk67pz,1002,1000,1000,1000,true
1126,DD1J6CPcQHwpcUmdeib5YNGZEaofXKY9nWySdb4h26SF,1072,1000,1000,1000,true
1126,EHGcJye2xBMhGMFMFG7CShvkv2SL3etJLoio3UtEb63C,1037,1000,1000,1000,true
1126,9wowLQ5R6nMzuBKSJmLZnkW6g1ujxsp6pREjwAtA9b5Z,1071,1000,1000,1000,true
1126,6EzEK5pcYHurVAsaTBTiVviLqCe8CWLFC721E3yDrS8m,1038,1000,1000,1000,true
1126,HcLCYNv2J4dJn8Gri66ujj1q95NBjmzZx64ZhECtxjW9,1039,1000,1000,1000,true
1126,FgFmfC4Rv16dX6ZNH3uKABfg8NDFKZpBfBNwnApjGACY,1029,1000,1000,1000,true
1126,BCG4Hus5LFoti7PamsnsDhxhK6oiejuXSjVDM4225i7e,1011,1000,1000,1000,true
1126,B2Hvc45B7BebGQo6YEg9GAnhteXWawLhb6dtyFQGnqUa,1033,1000,1000,1000,true
1126,CGxDqKyNSF9aj5mtgU2BgsdpvMSNiZKoMM913KnsuXJE,1063,1000,1000,1000,true
1126,8uQNUuRztvMKpWcjiB9YXX6RBDRx4bzLuBjBTvQP3dhb,1080,1000,1000,1000,true
1126,5efyg37JTm7j1NTgDyqLJWNW6zBJBzqJKz2e1m8qcddQ,1046,1000,1000,1000,true
1126,Do1untXUPJekdZ2T8pN6ygYrqpp2SbwoqFPQC3RKjrGB,1008,1000,1000,1000,true
1126,C3uZgNWYphVkTTPr6MRWsxLQaE5SyZkFMAmVwfJQGbXg,1076,1000,1000,1000,true
1126,4jXUuJxLwpML3zXzCgUrP9LaBeXNskruzVQw6LDA6h6z,1004,1000,1000,1000,true
1126,5JNaLgr6QUmgNyn7BzAAgByc9MbbYdoMpSfPY7TdJWfd,1070,1000,1000,1000,true
1126,24yVDHGq7rakPiHzbouDQUmtUnPX5Jzo2ANcJY952XRU,1070,1000,1000,1000,true
1126,2zrrE6Cw26osfdoXFs6fEZAaBv4t4Tjs58m3UV1cnFdV,1065,1000,1000,1000,true
1126,XAdfAUNeYokC1st8cBostCkNum7XBhGJKb1eRvno5Ln,1065,1000,1000,1000,true
1126,BPtcwSm7i3jtAWga6oaWnZZwTdvthZDp9aE9Q1S1mpQ5,1024,1000,1000,1000,true
1126,EQ5x2rdbifSqR1P9HBRD6xZuo3X1fDvvVip4PS2qeQtn,1028,1000,1000,1000,true
1126,9PQEuEs9qgLwC2GmYnHRkdbE3BgX59t1jLFevXKxiLcq,1066,1000,1000,1000,true
1126,BA43LjvmNZ7itSyKRuLsE366q3oF7igkJKH2YCWkoqWz,1066,1000,1000,1000,true
1126,BYEqXqLxRi7v9UNTVsybgYYdXN4p3ycxWkVtj8hxQ1NP,1030,1000,1000,1000,true
1126,7VvSTLNSey4MgkCjZSJEprtmuEZQLmGLwNF1FYMChAEY,1030,1000,1000,1000,true
1126,BxsHeDFoereyY46JnE7pdp5q8jgfgr3FspWXUc4uVPya,1020,1000,1000,1000,true
1126,GBdvhvgMbQubsBbE1tzJLGXa4s3vxn6fvVnUnGV7LLYX,1020,1000,1000,1000,true
1126,7xAdigj9WqaRrtrZnee4CfuGZH4yN1w2LC4pvzkk4rwu,1027,1000,1000,1000,true
1126,4QVCa2tNSLAePr8t783eNsoBJoxNCduFVaXfZuHTySDE,1027,1000,1000,1000,true
1126,7BgvtQ3cvmrixVdAgihBbsYCTm2F3srvmvbzrAuhXUXP,1057,1000,1000,1000,true
1126,5Z2PdgT3JA5tAe9X9TPm1TrdXUaZthNvCgiguLJdUN23,1057,1000,1000,1000,true
1126,FUppQJQykX7kvpQNrc7c1FQTg8REeB6XAGp6Q7uxaWcu,1044,1000,1000,1000,true
1126,3aKuQPij1it8wp7YoHnMaeFUAJnmsm5ByZpxmA5PXNJL,1044,1000,1000,1000,true
1126,5tiG9wp1bW2fysSCFu4WNSamEyShWTt6fAMrmyEXBSCa,1022,1000,1000,1000,true
1126,CYkuWLuetN9LJKbK1V5uSRK1hMUny3DfTBPJsdiDdnvy,1022,1000,1000,1000,true
1126,FhqdyarQH1HybcFmupVrQWvK8pLfHP7JC7HXeLRECRnk,1026,1000,1000,1000,true
1126,8QtksfdjKcLa62DHqep3ajuF5jZ4ws7c5omciRGtyqQC,1015,1000,1000,1000,true
1126,Crx8L6xGCcdX2Z8GPqNiDq5khiqkq7xmiSfSS4Ny9Fue,1015,1000,1000,1000,true
1126,7d2mZXBg6aUVYnBVzCnf5F9JazRkiGGAL9CMHmDKAiMr,1003,1000,1000,1000,true
1126,4WwqNNLtmDKkMnmyTN9Y3x6PzTZWtXrBpTE4yi93FkGH,1004,1000,1000,1000,true
1126,GN7wL5X2GY1U4ZK9XtVVB73uR37Y6222sDRsP9YMXthm,1046,1000,1000,1000,true
1126,GfkC64S3M49LjNRWyQ3s3FDWTNQM5zKDwfH68HFeaS9i,1040,1000,1000,1000,true
1126,Fa8sWiMtrc4QDsKZ9pyMaEWL2UAcKcS8zujoqVve7nTf,1040,1000,1000,1000,true
1126,5f4r2foKuYmz3bEP8msHPotQeEQ7Fcn3EJT9JpoLWuhs,1023,1000,1000,1000,true
1126,BFMrXQAK6HGwK3NdSdrHxk6uTEaupYNg93usY92yFqk7,1054,1000,1000,1000,true
1126,Baq5ZZ5QPLBJ3LvA4cvq65mqvUByQeYvDfD6nML9AUYU,1054,1000,1000,1000,true
1126,D6izh5mXdFajMePwSizEhgoiim5Jh8kiXfrSAJ7TjGcG,1012,1000,1000,1000,true
1126,EmyyXA18EhngB3Cqf5EDjvxAme2x7ZHyGLiPWgR6T1GW,1009,1000,1000,1000,true
2881,4sNunRtFsQ1RyGfrXQrEHSHohCdia5dHm5FthZb13yok,1083,1000,1000,1000,true
2881,8TXEqsXtfzBSYx5qW9NmeuvnHE3Lf6h5JhBrS1T136ur,1072,1000,1000,1000,true
2881,BnMRoVhAN7eNbQbuQowuLeCQNuXvwpKZPHiaH56CKadB,1056,1000,1000,1000,true
2881,25xV9wCcvEVTLjwoNdApjLGbCFjSE6vaYJKKa1qQhhgZ,1029,1000,1000,1000,true
2881,B1xQvzGm76C2fLPhrgsSfEjmEwCx5aNB7F7LZWdNhQou,1014,1000,1000,1000,true
2881,74i4bvRGj9VjnmM5QfCnFsvP9pfcgJsNNejahfDEMYrA,1006,1000,1000,1000,true
2881,8v3hzEY18PSL5RWXr6cxzpmauDuExjQFGvAPPnTiFQBQ,1002,1000,1000,1000,true
2884,76Zc887r3D5ANjnanonEt5R4k4tpni3ouwVZFes87iJe,1299,1000,1000,1000,true
2884,2MTSr4MMWBp2RjT67LqeHXyLF1BhrzN9UHhLzmCq38ny,1220,1000,1000,1000,true
2884,49ezUt5viCM6w8Enh4rYNkVWoTQ93DhVpNSuH88N8smF,1169,1000,1000,1000,true
2884,2SMVbf4LWHv5e3Ryruti9cfyqb7MTMGnahr7LubULy9C,1082,1000,1000,1000,true
2884,7sRvQvMjxB73SB8EDfidzmYfbScGNLYmsxNvhhGjcEsA,1081,1000,1000,1000,true
2884,8J7UuaJ87yhHSmN3aTKKkjThEa4A7QL37WdM8keWE5Rc,1076,1000,1000,1000,true
2884,HLBuFjG5MUnFpDRgkiJGJj6WA4nXi2c7AuGVSJRRW4PU,1071,1000,1000,1000,true
2884,4UdE8tEevc7TLw2LoCukQqCEHawfVAbFmjykti2Sc2iJ,1067,1000,1000,1000,true
2884,HQTvvv9kx7Ry1qtFa3riP8UXqPehfaYssjnbxkTdTVVe,1062,1000,1000,1000,true
2884,8a9jcQncGueTc55aGFagwHCH5xZK9nRwVAmVLCVUnvU3,1058,1000,1000,1000,true
2884,AW1KeW1dYbZPByieiBA1zvtY1U4j48nVVex4Xy4wJmmf,1280,1000,1000,1000,true
2884,F9WKvmwKKf4qwXDpHaAb6LhKzQhMuzpyTzA48zUsysdy,1262,1000,1000,1000,true
2884,6MqfmFFpxGuBpkYbf57ZN77Vdis9L2P7MvK3aVEUakDq,1233,1000,1000,1000,true
2884,B1hfsA1wghMYRWAAixSu54doK7tKQKHedVVHXHanZEP2,1192,1000,1000,1000,true
2884,5FA4Aq7w5ChYPuZLvH13FAY6GuVuWZRAGr6d1ujVfnew,1179,1000,1000,1000,true
2884,B4VfvsEGq2cfBQsNgcyJFt6V5xstDUzbjEwdqTmnE3Gi,1174,1000,1000,1000,true
2884,9DkWPq78Sg5iKgLrPUx71xNcY5fCSAhypEeLWsArbWtV,1080,1000,1000,1000,true
2884,BDjXuCmCWj7uK6G17H6rsdAq2vtsNkFY1F1fHP2uAJoP,1079,1000,1000,1000,true
2884,3MGkAxoEX88yuWhiRYKdvGjh1riwApYvLpFvE7UgZXNj,1078,1000,1000,1000,true
2884,AhkjhAT4nuxsKLL4drZsJUy1tRWNZo17PTSkkEaejhta,1075,1000,1000,1000,true
2885,GQUSK77w9YnDPWdwrZzfqZsXoX8ZX2Dw8Scd42nv6ag9,1298,1000,1000,1000,true
2885,BNaXdKPQBkZv3dc2ZQ5F7Qat62Y8zHi9PQB9XPwX8NSn,1297,1000,1000,1000,true
2885,36i9qfxC39Mgkbyt65BBs1sgdhnuDpmPEYtg3hyDcYvs,1296,1000,1000,1000,true
2885,Gt1eA5F33BnjGEE6Fenh7GdssDtDFcmnDepfoYgYfG4d,1295,1000,1000,1000,true
2885,2pqYwsGG1pFES6BihQ7Pu5PPMLeHjp9h7koYwFYavjW2,1294,1000,1000,1000,true
2885,6ZjWA4QMdoLKy8p6rpL1ipqxvWDSLgQiQ9pKKxz53MFJ,1293,1000,1000,1000,true
2885,EW2xwx8QCEDqKPd9oaH5pgjazYGrGUvcAD8xhcKbZiUF,1292,1000,1000,1000,true
2885,D1qgmwAxs9uxqVEpU6EuJjPcrRCixCSioX99H8TS4scx,1291,1000,1000,1000,true
2885,7Eb7wxEAB1g8BV9KCD7D97UYZCmJSBCxLHAbH4r41mGi,1290,1000,1000,1000,true
2885,JDAjbanzG9kEKfp5hnsfmmKpY1w466CBmaMmZqeJT9dy,1289,1000,1000,1000,true
2885,AnNqr4e6YkTP4m5eSpQ9Uzsi2BJT6fK2Vt8jSp62cMQ4,1288,1000,1000,1000,true
2885,Gpf1DbtFL7m77Mb7ieHHUMmg18LhyJaNpfgWniMm8NSJ,1287,1000,1000,1000,true
2885,6C5xT6wgy5yZQTcEVkwuxQev8PdEreNuioeWoQxo5BZG,1286,1000,1000,1000,true
2885,FCVnth9SSiuDwYqeuC9mh6jVeunh8vwJf1VozRWvNToL,1285,1000,1000,1000,true
2885,A2g4zbzAWvQENKB3466pYDigLNsLmDUphVQGvg3zWAEM,1284,1000,1000,1000,true
2885,5wPe2ak7xHEAnmCQ9pRoaJPRe9nYdx8yeaftBp2SpFLH,1283,1000,1000,1000,true
2885,gDyU2gMxrZnzRXfwi8JMU7ze6rbXG9BSk4udSmmo7Rn,1282,1000,1000,1000,true
2885,BoXkNhHxVTg9ocDDi3CgSN1fmowZnCSCcjrk5MWVpVD5,1281,1000,1000,1000,true
2885,93cjDzHQJunBTeJgeodC3YmwkhWxCVKTkbD2E8PK2pkR,1279,1000,1000,1000,true
2885,co5b27TV83ybWvsBRc63gFLHpXvuiRrwYx9dVrXD2XZ,1278,1000,1000,1000,true
2885,9ncuJ16iFwd7Z48PMddjpN6zxdTwDnWJsjLV5dn6QSLZ,1277,1000,1000,1000,true
2885,FE6HBmR46x399V1Yk13HFZaCmRcQDcSDpH4CQGpFu8MA,1276,1000,1000,1000,true
2885,5WLSyfGg9URdyBW9SLJjWFzcXC3dpYAZx6rwPS2a4xam,1275,1000,1000,1000,true
2885,A1TmKFt46J7B4n6oazjnKtFEM8NiXBEetiaz4yyGxXCt,1274,1000,1000,1000,true
2885,6Snt3AF4oper9SgCeWgqqDoeRf2VjQZxAox3agbjwVx9,1273,1000,1000,1000,true
2885,ARC9oUYVRdQwHMRHYNu2fqwgACUBTjTtzfnbxg88Db3Z,1272,1000,1000,1000,true
2885,J6DEohoc2qUyPu9UKyD88LbahgVekiKmm3a9voV9qfPR,1271,1000,1000,1000,true
2885,4U5HidB85eYPRZW4DxSYBHHU4kVCUjQq4vbtxEAg2RVn,1270,1000,1000,1000,true
2885,tHgYG2yC8CqGrQvuKunBStcKNLSyfiwa2BnFU3qPiW9,1269,1000,1000,1000,true
2885,FjqB4g3RK1PzReroiAKhnocHKJecqQFVTndPQu4GxJrX,1268,1000,1000,1000,true
2885,4swSTTi7AkeM8fbqHmtUcnuQEnDY54phZHkrZfVgYa5n,1267,1000,1000,1000,true
2885,6i9EVp8Pd4zgdSUPDPCr6aBQ9ppQY74KYs2SDBhDdQAq,1266,1000,1000,1000,true
2885,BGjf8zjmfMHPz2fDxJiJZAwibA5eL5s4UPXHJjbebM4T,1265,1000,1000,1000,true
2885,mLAtq6Yh8JSDLMGMtguaaJ5RfZKhR5Z7g9Tg62J6ke4,1264,1000,1000,1000,true
2885,6ZwEYWSuWVJ1deAYpNz9eytWuAP15dX9qyQ3TKPiBUvz,1263,1000,1000,1000,true
2885,5qbityrtotbo56yZE6NssShxV4yAP8Td8seN8g83cbWA,1261,1000,1000,1000,true
2885,3VQj5yrRELPGVKTZqwyUhS7o7PUvfG7ET7sxL8KWKaio,1260,1000,1000,1000,true
2885,2TQPF9qDShyPkQZz3LyVkScWKH8x9Gb7szKM1BpcCnEG,1259,1000,1000,1000,true
2885,CnGENkgzvrL2WixXyL9R4hQ3RCVjBgxVhMGS5FXyvAww,1258,1000,1000,1000,true
2885,3yoRRAkf7aBufcjhy9ZaL9XMgANN9tnm5z4efuYbp2Gb,1257,1000,1000,1000,true
2886,3haKeeX9EKuywdTq2CzfTZ14qcDTGyPPJaunqBJYScKF,1256,1000,1000,1000,true
2886,8birLabTbhtWJeVwnVh8ngaQYCVxhj6uqnkoAtKL22Lo,1255,1000,1000,1000,true
2886,AjAgbNCkzwgJ29KHU8ezUSusYGgBDy2UrkpwjXVTny9B,1254,1000,1000,1000,true
2886,BJovVjn2DzGBTuJc45Bbe7DfmgYbU1kFotNwbAXswSoo,1253,1000,1000,1000,true
2886,BgJiuTzEqJknGAGYHYaZMbdVkUtMimFY4JmKGch3Gv7T,1252,1000,1000,1000,true
2886,7jvvGyVzdPjAxnxeRgwYrB8CGgEbuDy6ZvLFdK3FPyp5,1251,1000,1000,1000,true
2886,6GxqKsDXin4Eo5jHj3t9QdjMLxq76ujSsrEP8afPMh54,1250,1000,1000,1000,true
2886,Bhmk7B5JryfRhYtT3g4oSihUsu6ZeUH6SQ9VMCb7rnU3,1249,1000,1000,1000,true
2886,F5jNXMNsxsRoL6kWmqjWuKxhYJ2bxb8DNUgNRXUEpji7,1248,1000,1000,1000,true
2886,ATLRXa92yJ1ER4r3cVx1tr34MLgAbh2UEuHVaeSBdznV,1247,1000,1000,1000,true
2886,ikbHoc9ypPPCe9CxZMEDwgTDGEuXZ9KqXtUzwe74nuK,1246,1000,1000,1000,true
2886,C5TBUVnnhb3iwYynkwbkg1gsgmxKoG35hHW287SbhhhU,1245,1000,1000,1000,true
2886,E3WWV8bgkApNYR9G5FkCFedv9RV6ApdUVxRC5Q7YTrzF,1244,1000,1000,1000,true
2886,ETfBT2Z6n8EuWvsGW7roRhGDVvwVAFLT2bZiip2GTPnA,1243,1000,1000,1000,true
2886,6TQvra5QzpAB4XVPrgCivDVVUJMVoPyFBoo5x3hjFptV,1242,1000,1000,1000,true
2886,3612RS1mEcruZUaW6GsSBrDZ3wuBtC3GwdDCoJM3dQSz,1241,1000,1000,1000,true
2886,5ws1MNBowDtf7PaCRcjLDqcxU17jKhCbkuy7yPoGqEap,1240,1000,1000,1000,true
2886,4ChxCHjgCu41SecGSnGgjQEfpEs2iEg27nTW5cyt8DRx,1239,1000,1000,1000,true
2886,34o8pYayBLUR5ZcHkJizxz3aEegecXDdCFUnZshhXQdq,1238,1000,1000,1000,true
2886,ASNvUZxCJ1hq22pEbhzrin825vMMUk4cn6hqpru5UAvm,1237,1000,1000,1000,true
2886,EbH5JPJMjQLG5gypVGu6ocNxxFU9wbPWXzaCqttKcHan,1236,1000,1000,1000,true
2886,7Ya9G2V739DnXKZxzo5NmVEzWm16VfA1A6v7LUQSmfMD,1235,1000,1000,1000,true
2886,3EywHfdRAVJL6Cj7FBGg2H1uJtv2RgvvFgVKSU4ymSTp,1234,1000,1000,1000,true
2886,DG5BhsGmM3Qb3Tbdg9b7HV5C31HkdQFEMqsJhJcWqnVx,1232,1000,1000,1000,true
2886,4pbK9LwKw8AtkJTJPYTotg7wgvTrKm4u2Z2thkUJXgXF,1231,1000,1000,1000,true
2886,FNnaPCynGkAWNMH8W5aqmBEE28qVvztP924RQVjqpNms,1230,1000,1000,1000,true
2886,CwGHabJvehWfK3eSkj96G32epsFFyAZb9xJngPjkZ7Dp,1229,1000,1000,1000,true
2886,GM5eaRAdfS78YyvWCbGB1ntNuTFqmMrWFrDVNknGNm6v,1228,1000,1000,1000,true
2886,4n9wHW7yezc6WwjttFMfM4HkPRrE7nvzmyZLbfn35Yut,1227,1000,1000,1000,true
2886,CYEoTtM8QDWHbHjhU6Pw9v8FYxW6sJL3Pt8tqrpYEreH,1226,1000,1000,1000,true
2886,RiD6AmbWeSHBKDBogJReQniM1GduTcnfLE5bmhTstPu,1241,1000,1000,1000,true
2886,EnGHZJXnC7z9TVyrQP7zJsaejrAGAsGAL2E6ngk6wtcb,1225,1000,1000,1000,true
2886,HyLx2uqMJGHgWHLaYWKpfXMsGzEMF8rSHtof3NhCsTqL,1224,1000,1000,1000,true
2886,72DpYhs3aGtprrnS2zPhRLjpeM56LJ6BeQMJ31Z85ux9,1223,1000,1000,1000,true
2886,2JzN9wikbja4LrnUW9P2nY7yL4ampSaqzyjsYmqUkeBv,1222,1000,1000,1000,true
2886,EBmKB5R1Q55q1ba5AWZkxiwtCyAyoNjcNeMzRBPkbmfD,1221,1000,1000,1000,true
2886,3xFmfxaZsqbBUx5bMWQCCg4Cd9pfw2CGQxJLTXtxbzuZ,1219,1000,1000,1000,true
2886,8wemsYwXyPL8xUMRCfaARf8kExQnTx3kMBduPBijdPrB,1218,1000,1000,1000,true
2886,DQEtRjKA4BHvv2Fif7DCTURESi7aDRsukYcSrmYZgScF,1217,1000,1000,1000,true
2886,6KwPMbr3AHVZh3GVtjy6qfY16VsyYLUK6DYMcLmvRXDS,1216,1000,1000,1000,true
2887,2nxt7BSEesJ4WAmeFMXoBMLgdEzruDVd4BEi54nkX31e,1042,1059,1000,1000,false
2887,3CuxMQo3dC3nHqmpyN577Ke7J64X4jr8UeQfs4BcFJKk,1000,1059,1000,1000,false
2887,3QPp61GGBeDM5yohoDvYxTPVe9rAULLqZU9Mn9dFGaSf,1013,1059,1000,1000,false
2887,3capZ2Vmc5qo5Bc4Uup8kRahXvzQ6oQQNP9y7uoQyRPt,1024,1059,1000,1000,false
2887,3crxVZziAgSzatY4Kw2jTnWcKmAsggNo6Ja2bX4Cjrz5,1033,1059,1000,1000,false
2887,7ncxTfmhHc1NwGBxQyKN1ZZ589fk3FUTR567ssKPqQPi,1025,1059,1000,1000,false
2887,8oCkqmmW1Vosq52u85MY9jtXxmiTEHJDNu6QZ1kfCWb1,1020,1059,1000,1000,false
2887,A4HkjFg3XeEWffp9F2L1RHBCaotqjb3jjY54JU5YLc7D,1040,1059,1000,1000,false
2887,A4WgKdQibshW6m6SsRgwfDahX2HWuz6HGsTBZj2TFRag,1010,1059,1000,1000,false
2887,BmjWppmjhpyZJa7VYhDkrmttKUu6T6E6FCLBc6qK4cC2,1045,1059,1000,1000,false
2887,Bpbmt6d37bz41eaWP6s13nZq312ZCYJeuZ8NsJAhPDYC,1030,1059,1000,1000,false
2887,BrbLc4iLLGW8F9dKiLz3gWdwkSjw4rpgwEoePEQ89ZbK,1043,1059,1000,1000,false
2887,C7EdHx9SriBRW44WZgsLFHyoSv5hJvfztRGKqsrtT1dc,1047,1059,1000,1000,false
2887,CDruacFSvsLWTBCqseJgtQ4c7VbPUqNpEe3rrGiWY7YL,1036,1059,1000,1000,false
2887,D3c2iQnui783SDSFW4Tu7fpaMVKbf1yYw75WQCetogpn,1015,1059,1000,1000,false
2887,D9vpJ3GTBkZoKqcGZ1gLrmL9vEQXmKE5789jszXHDJyh,1044,1059,1000,1000,false
2887,Df4zdvNc1d6kdP3PHwvDByNWPd2HhLKgGukPZhY53Z6m,1035,1059,1000,1000,false
2887,EJBE69zn9xkct3wx3Zz6dFXTQ51bRckzAYYZsPvNAtb2,1039,1059,1000,1000,false
2887,GWBMpy6FmwBjGANPgqrdh8y2enjrscEXaz7ihrsRBHQX,1009,1059,1000,1000,false
2887,GvyCNqq1kj1s8VdmJ4HPKd6y2Mehf3kXKchqTdyFJ3Mu,1046,1059,1000,1000,false
2887,HgGQ2EebrMCQABnUjjAXahuDSCoHZSjejPxhpHjeRqCo,1019,1059,1000,1000,false
2887,J1rvHKUvfvS5zYa2uck8TkrRcCTkdDYdoq2YVhi2rWmB,1004,1059,1000,1000,false
2887,2E33NKfrE9wpeJ6ifDmtZGcyELyc1RuaBxZcy3J4o5e8,1059,1076,1000,1000,false
2887,3NTQ5KDmUVsxPZiZo2QeddT5KfwEtxE9hMARAPX4x2Hp,1065,1076,1000,1000,false
2887,44AHGomyxwRjkxhdzan7GicG5QKdrckPzJDrKv5zgVhz,1073,1076,1000,1000,false
2887,46zC982MCvbLfwy1QWcA1Lk9mxkKMT4wR8QSPEdtjB9N,1011,1076,1000,1000,false
2887,4KxCJHdfe94fGk7P8RLxirdeFxseHeV1eobpej9zgk6h,1074,1076,1000,1000,false
2887,4Mo41MutSDrGULqfdEk4wecJQeWYFDv2UqmjyLsLNseh,1018,1076,1000,1000,false
2887,4vWSw4bZyz5TJHHTDqJ5V8AQAokDbnP5vevAwV1AehCS,1001,1076,1000,1000,false
2887,5VCFdfgHo72rEXnaihCFsjKz4bJnVmMrKenN1oiWUThv,1005,1076,1000,1000,false
2887,6wS17hWqnS2iDT9nUKebVsGhtqm4U4bJE9BUZ1gbupN2,1021,1076,1000,1000,false
2887,7kxiceY9Nf7YBnQFF7RxyYysF1GCdMspmNWrp6FAfADP,1031,1076,1000,1000,false
2887,7qQqsviwi7UndZGDCNPcCUhautrGu7PoZTfRzBNFHD6y,1034,1076,1000,1000,false
2887,8sa8v4zUyfhjj7QdZiVqQ94t3iqAzyXLqVLwvs2rdqHU,1068,1076,1000,1000,false
2887,94XceRJNVCf4sayDGwfU61B55cFdZAoMdbjDJ1uwi2eW,1023,1076,1000,1000,false
2887,9UZPDLsfskaQyJ7sozYcPnsgGbdMFyuKGjjGy2xWSDEj,1069,1076,1000,1000,false
2887,AZQkdien3nheo6EA53mVF9KBq2YqWVTKtbzcgZaU8e5K,1060,1076,1000,1000,false
2887,Bmk5pJTreEZybxuxRotGqxVYG8hAmhGWwairCj56v1DZ,1007,1076,1000,1000,false
2887,EN5VYMYf6QN32sKZgUwbDijuqExyN99ao8QdPQsQAJds,1070,1076,1000,1000,false
2887,EXnTZ5YFQu42aiKj7StdLj6ne2xkMFsNSZ2GeKRLJG7K,1057,1076,1000,1000,false
2887,FLRbBGA44j1HyxGyVK1HmTB98gor6pDSeNofQUmE9DrN,1017,1076,1000,1000,false
2887,GxpXymid5p4hqvJj9THM8uDqK2y8A5MY9cb5DGMk5sbf,1064,1076,1000,1000,false
2887,J3CMcudgKazp7TedK8sPnHC59PURxPqxzMbgPt9KLNFR,1063,1076,1000,1000,false
2887,145FiQKWVqYkpuKbPhCfAg65r5fbPpaZz7i3awQ791jR,1091,1187,1000,1000,false
2887,Dnt4umLGWdpLE78WDmueyUXwDoNkfLAQ9pVHq6M4Bkg,1115,1187,1000,1000,false
2887,E7dHbLwiSF68Gaknw9U7kmJN3zmyCjCdeFFjogGWMjM,1161,1187,1000,1000,false
2887,EvBUCsLFnmuMWf2z48mGzeMj43ejbpsu34PsZGfmanz,1131,1187,1000,1000,false
2887,LsYFwGJ25FRbHRcqQ5UsnagrTcxVJdkLPbgYBpHSwEh,1098,1187,1000,1000,false
2887,XUBZNnVUJCMpbo5ffjAk42aN3SLXWZMAy9tfujp4NPs,1177,1187,1000,1000,false
2887,zFc5CRHnmKt2tPmeR5BwmZnHpeVvsETDHeuCLutk2Vj,1163,1187,1000,1000,false
2887,25GE2zWZS5ZmBWmfyx2mLKjLqNivfEBDv7oD3qVFfWCM,1117,1187,1000,1000,false
2887,27ALZHXwKK3xfAJx9vhLVoshK2tfr9S1F6gTawA2sAaZ,1151,1187,1000,1000,false
2887,28uvFGjwnhQpTiQdUHfNyXkVExMCzvMb1raJBT2qEo8B,1182,1187,1000,1000,false
2887,2HtTLuZVrtCr7XExgcB3BwGwr9oGfbxYZudw5WN9eee9,1123,1187,1000,1000,false
2887,2QWnPmdnCXr7VbBCFQCwQVgD8M6c83645NGymY6bmtyF,1048,1187,1000,1000,false
2887,2YusU8cBQZtMNK4Grwo6GJ3jTQq8o4goqYeLF9YgmtRW,1137,1187,1000,1000,false
2887,2pu9Roinrs6NHqYsjW8cfQFCQb8KW4DhcNni9gPWHyon,1175,1187,1000,1000,false
2887,2rqdnoXFkUdXkF6tnDZZe1yKCsPzyiizLW7PrKTC3mXp,1121,1187,1000,1000,false
2887,33DucAxCqJhQsQcAsZwwGZ9ZWyFTgw6WCyh5m3swuwgr,1050,1187,1000,1000,false
2887,35uziNcX3Ygpkre1WNVPyaw96ncyJ1fgFF2Tac5JhjTJ,1133,1187,1000,1000,false
2887,3Dpm2kNomvgpaczojiDj1QgoC5N3ppX2e5VHzzTeGF58,1178,1187,1000,1000,false
2887,3cduFxCS7yNPgRBPYHF2MbPMQhWKhBpYELERv67QVi5E,1142,1187,1000,1000,false
2887,3cnLqTx5MM1dPmGmRY7S3mddnvAxkF8dXYJVtEWUsgxJ,1144,1187,1000,1000,false
2887,3hAh92H2CV6J9ysHncESnTsfj1EEPhPZwxSaeoiUMXGi,1102,1187,1000,1000,false
2887,42J3ZA7VFGX8BZ3zAqnNrkfrFK4H2a1QRURtG6iAD3sJ,1097,1187,1000,1000,false
2887,43nMn4Ju3YxFGB2exPZtawZGGxS6rGb3MMqKA2k9cmbs,1147,1187,1000,1000,false
2887,49eryxgpD51q9sDYHCURmYVGYFjjw7gaEui1RNokXXka,1119,1187,1000,1000,false
2887,4o3iWpcaun6fDNZKNFGRg6mNriQfiXEw7ysUmF2xuE93,1134,1187,1000,1000,false
2887,4oHa9ExFT8APMJjj3RVonoY4uVcHzaciC3fU3QQsUELL,1148,1187,1000,1000,false
2887,4vBHN5LfDwH7p1YDuJimuuxch6Yq5uD6wkHPi1Fmpzog,1085,1187,1000,1000,false
2887,4ybFUyDJEcA2oQPNwrQtpkW564qMzzbHuQbMJ1uVSxBh,1016,1187,1000,1000,false
2887,5JsXmwh6r4CLssMkoFiFV6LQXvWqAidvajMtbmq98N3V,1106,1187,1000,1000,false
2887,5JzFzR9THeoRibrsT5PCR3LVU4KXoBKjfwXkgt7xyQYR,1012,1187,1000,1000,false
2887,5cskXR3vbotCDpcur8udK1dGbMseEHVERvozcSujs2bN,1125,1187,1000,1000,false
2887,5faQdJ2TGw4U3hW2TwHxjeTc8om5tdkCeaVm37rWgD5A,1185,1187,1000,1000,false
2887,5nVWozf7zE4oRFkpXmnaLdbQVgVDesRTHJ2BKGoqUjCQ,1128,1187,1000,1000,false
2887,631LmB8hTmV5PwK2njR3NvENKpKHZeSN8EV3s9yb3YZo,1124,1187,1000,1000,false
2887,6AQYQYr3Zq4HyLUZ6WkmKPDMnJbg8XwkgiBMjBqePzJw,1181,1187,1000,1000,false
2887,6eUevKsCpL6ijm2XwaAJZoekAozs2CsQXmYYLZhwTSFb,1168,1187,1000,1000,false
2887,6ep9Tx2RwKkvYLcKWYUxWZ4mNguqpMBk6meA9EbZ79Su,1118,1187,1000,1000,false
2887,6isHumcb8932tRNyNTdKfTGcYpv33wJFZYK63sSHzaYC,1160,1187,1000,1000,false
2887,6jSLT7FHbGyDCcaiiodEEbpVM9X1oionpC4QiQmQ3rwb,1145,1187,1000,1000,false
2887,6oc34ydWR6iAwJvgnZxsMQqAqYrsdP5aEhZYd8X1AFFM,1156,1187,1000,1000,false
2887,6prRa8G8g43sgfq8Xa48Nu3JbzW2s4NmnB3z9EYA5ZX2,1037,1187,1000,1000,false
2887,6y3gmcC9pFCZU2kXT2Z86VuKQ2oxXbyquDWo79WmLFyw,1008,1187,1000,1000,false
2887,71eCrodboKjwbze1hZrGfkGN5V7FS993WFWKtvcZaAKX,1077,1187,1000,1000,false
2887,7E2vcwucoScs6Uimx1jkLGyUA3tdKsMPoH98MRD56cmc,1111,1187,1000,1000,false
2887,7VGsirmQnbo8F4RsSKZ9iyTtAT5sBb3zAxVCXXjjmtvs,1051,1187,1000,1000,false
2887,7fiDPtgt9zsAM1mNsKmGjqPx4oUoqVUXwLK7gY4ppbik,1090,1187,1000,1000,false
2887,7fiiwy74N4zGNeoWTY4EtMiQ3MFb1nVX3tSssTPTv9tv,1136,1187,1000,1000,false
2887,7gLStAcA76Fz76vQtbUNBNbdx6qr2qR9XTUGRFwsPC99,1086,1187,1000,1000,false
2887,7gbSn21B8JZkchF3Z6SpBzu1qSW1XAj5omFQHautxTCk,1027,1187,1000,1000,false
2887,7v6nLkyHWEzwwq2Y1eRvRBEKDb489LhVjEFjng1kVQKH,1157,1187,1000,1000,false
2887,811tMP7k5xksTb6MshjA1AW92AWV6eyUzHHxmQ464M4D,1032,1187,1000,1000,false
2887,88S43MDqZycis68MP1FXYt6aTDzyVWM3SDyAw3vRUjok,1122,1187,1000,1000,false
2887,88kGJfx2ULTXRkJ2y1WJfJZQHzb4k2YbRnbB1r9ZTc21,1167,1187,1000,1000,false
2887,8EkcBesvXGw9tE8GNpmnsRYeVED6iKNvTKGzcPgCRzry,1054,1187,1000,1000,false
2887,8TBziByEBin2etY7gy9yNAS1Uv1Eph44x4US5KbAm7TW,1165,1187,1000,1000,false
2887,8WWunFqD3JASPk6wtWEUwacWvNAshUEnqZqf8tKojybc,1126,1187,1000,1000,false
2887,8fK9LzoC6mmEY5a3TckiGoR1NwhhQ7wSYycdzxyehvCn,1132,1187,1000,1000,false
2887,8fT42UTF5rgou8eFGPMnSUz9owFL7NTSg8TV2iVVY2QQ,1049,1187,1000,1000,false
2887,8hNB4SFcsvEnBGzAyHNZ5J3KsBHb54hJDMXDY1oJEgRW,1162,1187,1000,1000,false
2887,8z7ZTEVdSENfKAk8rVzd2RwX6h3nnMg3DPHVbfEAm41e,1099,1187,1000,1000,false
2887,93atCvTmXJoqapei32azZvbS4mjLX7jpzeLyseVxnKqG,1061,1187,1000,1000,false
2887,9BSZQYTKHa4e9r52yxSsj2fHH11zf5nfR81VrTfXRQRE,1055,1187,1000,1000,false
2887,9Kbt5N1DG98QnskQUzrG1WYjm22r3dPNJwqarycMQBcV,1172,1187,1000,1000,false
2887,9KoyodAbHpwy33WLXcdKjRuj1v51WZYsq2psXzvdfKas,1149,1187,1000,1000,false
2887,9UwsGTQpbUQUvg29naULx1GyAFifs1Bbsy2NZuZgygzv,1129,1187,1000,1000,false
2887,9bTsNfsX7cZnDC9xXcgBsGMYonwXFmJDgJWnHkeiD5wp,1146,1187,1000,1000,false
2887,9ciM6NLC7mLfy2XfXQUJcmXuV4w1vwpWuXkHBNiXFCWP,1092,1187,1000,1000,false
2887,9erDveuK94KQ3oEhdq9h5TGqLjA9a9WQqaBhaWuRtN97,1183,1187,1000,1000,false
2887,9i1f7XLMs3bPYfLxAAhTNP41tsNhCuQgqjaKtxQQqPAv,1026,1187,1000,1000,false
2887,9n7qdPL7G36zXRNgUqYkzhsX9BS72rg1tm4S5B5Z4dhb,1066,1187,1000,1000,false
2887,A7Jf7DLZdFXZwG2q7MbxQ697HLNauEteAy5ZxEtBptvD,1135,1187,1000,1000,false
2887,AC3dDpiKZHPK8kCwpbQLLBv1XhYdgWYw4nNouCDbV2vs,1116,1187,1000,1000,false
2887,ACAJyvX6teAV1J4ZZvcMk3s24c99mpUvsVyq9CmSPWZ5,1095,1187,1000,1000,false
2887,ALAV1LJXYM8weQCbtRMLWg7x2ckKtrx9oqgEHrx82rdD,1127,1187,1000,1000,false
2887,B1uNtiVrwW8Mqe6NEwqTpqvdEBc9xsDCRRDnZRTbc8Ux,1088,1187,1000,1000,false
2887,BLQL2GKdxv4AEgjAtLoU9wQTnXWdPHYJynFxsrJtw9sf,1164,1187,1000,1000,false
2887,BSEUTpXXKtKWXgZ8wB8GCevVSUQV6xmud2T4FAj4ixXT,1041,1187,1000,1000,false
2887,Bd98iH2PA9NPxvtGRK653X2yZHXSFhHYCbDrqAe5ihCd,1138,1187,1000,1000,false
2887,Bje2FPuU1guLgiQkvXqzHSMFhkhBLWPvECbZs9ycu6Vs,1140,1187,1000,1000,false
2887,CGn3XAEDihSqTEK1EhcicAWJQNMLMAsCsiwsGGEH8PVk,1093,1187,1000,1000,false
2887,CJprHQc69kRwmNDcsEM6szX6HLE4C1uXQ7qffDY6W1uu,1158,1187,1000,1000,false
2887,CLQYcCRpY6acADVFEQbhnTD7xanxynP1wfzfrVjoDSqe,1171,1187,1000,1000,false
2887,CV3bkZTzdsJ8WtWxJ8S4gYp4djLVkioLYRB12agjZ3rK,1153,1187,1000,1000,false
2887,CoeqWXpwAdB7hZQ9eRzSihHPHyaUxMX3YqFqd6rvFwQ4,1109,1187,1000,1000,false
2887,CvtfHfaNM8YcVKnadjEAjDswoyz4UjPW4roqnbojFuar,1141,1187,1000,1000,false
2887,CxpGpwMgXUb4ZBKUd62p3qd2kG3aN2Cnwmb2oJmVbxzQ,1003,1187,1000,1000,false
2887,DMgCnNdMxcst3M8yM4tosDhLt3aVcyXX1phMV1udM4vv,1184,1187,1000,1000,false
2887,DcWHE1Y2QuA4N8UQWzzmL3hhBHGy12UyTZP7TRYNiFiD,1028,1187,1000,1000,false
2887,DftuaXQxBbGRucEUZYiAW2xmHwwuVFW17A2mNnqRrs8Y,1084,1187,1000,1000,false
2887,Dm1UCE5Mis3ak2e6157VSuyYuHKioM4UF3vewdTPbpY2,1120,1187,1000,1000,false
2887,Dv3pcqcsbfkLo1xRb4pgsjHv8jtV6zToo5mXBSJsQAks,1159,1187,1000,1000,false
2887,DxFKcMX16SDpKoyGTVMDZJLd2hXXozJPhbFFz4AtmSnq,1052,1187,1000,1000,false
2887,E3gDi2yJZ1gwUTj8UdbftfEAGR3Msz4NKC66NzcDspse,1166,1187,1000,1000,false
2887,EU53h5vd9AK5MxhhqfoozEYCAAG6HUdgVopJYksZR8t4,1155,1187,1000,1000,false
2887,EUDDPLCtVzQVLev2fxEKRxc1uLo88QqkPrSHQM89AHbs,1038,1187,1000,1000,false
2887,EhyY2MjyiRXJ9K4fUFhcSbLSV6ACemHEanrP4u6LJdKJ,1154,1187,1000,1000,false
2887,EofpS9gWdciH1creWnhjcAk3xA2V5JrxMsUkBQk2F6Cg,1180,1187,1000,1000,false
2887,EpyEqMEnE8Wm72Wet8C7KdCoK85R799M36PUbyPcsGnE,1104,1187,1000,1000,false
2887,ExcQQ9xCsxCnxRkJToCJupr7L7SFUoHNdoYLNSPpJnW1,1101,1187,1000,1000,false
2887,F1TigGZyFQD61ZGgS5jCSHs5VJF6GSFz2S1MUFuaB4hr,1096,1187,1000,1000,false
2887,F4L5NemuB8n46ax26cGt2c2ucCDSTrHuaEoNYGAKZXxk,1105,1187,1000,1000,false
2887,FCcNxTtWStH1nX6jXyBpyC57rjfKcanE7Xdiu64eVNdh,1173,1187,1000,1000,false
2887,FQ84VsgJg149f68Z76e6tsQtRLn99iFCoyWSfN4yTMu1,1108,1187,1000,1000,false
2887,FUwkhcaoqxxhXK8eaoAjk6XESqMdKnGdZuLCFqLgntAx,1114,1187,1000,1000,false
2887,FWTNRSfpy7ZzZayuQU2ZwiAVi1N1e7YzcKWnBd4j4dJc,1139,1187,1000,1000,false
2887,Fg4khoeLA7qSCHEc5qkzqfSRUj6yHybaYPxznemyj8ih,1170,1187,1000,1000,false
2887,FgN5pEmtNcGqyuXYnVG9X1zSBt91Sjk91NZGEkVeqtLf,1150,1187,1000,1000,false
2887,FiY1aSFb1QmNQ1yvqb4nuMvY7SihB7ETzvnLNGm4D4Rb,1130,1187,1000,1000,false
2887,FwSpc1m2Cb2ijTWtztY3iQNeKp3EdLrzW4uojNsbBx3y,1053,1187,1000,1000,false
2887,G1fyci2aTem4CSxUSASHEqBN3mhy5K7wPRduAtNrH79f,1103,1187,1000,1000,false
2887,GAjyTZaiSSm7Soa8b3mhsb139rTyH5wZG3RE1T2FMuS8,1110,1187,1000,1000,false
2887,GCF5MCL6fPZpvYmzAYy6HP7a5PLVWXVoK2jF46w5FDMV,1107,1187,1000,1000,false
2887,GFANDnYhNXa4QNbW1XHAyQjJW23AsD1SdSGVRmxjN5jC,1087,1187,1000,1000,false
2887,GaippDoMZ2XWXAdcefKz5aKWF5n4vTnPcFwy6LvUaUSc,1112,1187,1000,1000,false
2887,GcadaFp92R6rYzZs76kjHmYQbAU99C2AF32RC4JU14nc,1113,1187,1000,1000,false
2887,GrGE7N5LxYuBPetvTxHGMPqM3phWkeNb2GSRfabzDYFf,1143,1187,1000,1000,false
2887,HfrV1dRZZ6pNWZWh9tcYhJeE9c1FWdEy7RMLzegLGhDs,1089,1187,1000,1000,false
2887,Hnbaoz6MsXtE7htEEpy8VGsN7g9XX2RhVQTW9pWnoCKH,1094,1187,1000,1000,false
2887,HotgJBs9R5CFnvcWYJ8ZWu6qjndJiR3QdRXXj83zRWu8,1176,1187,1000,1000,false
2887,HxXY42UbEfYC733c6winSh7VT66RrCv4Pfjgn8b8WZcK,1022,1187,1000,1000,false
2887,J6TXQhGRn6bmezUYvUXYMYBC4fZ3eSwazchBkrXAU6Yd,1100,1187,1000,1000,false
2887,JCXVrtYDKSB2NYDCENUPu2MmVt3QsTZhrZrkWZSFdSHv,1152,1187,1000,1000,false
2887,46Qkd8TortfMqtxLXr81y1W2c12ZVpXbeHRM78NYik4Q,1215,1151,1000,1000,true
2887,2rni82hQcfp9D6uVrdBxofRLWqSWM6n357bWRawAEuoj,1214,1151,1000,1000,true
2887,6MELqX37cFGHwCj5TvWJqkFscq9Q2nSPAdZKHESb9wvy,1213,1151,1000,1000,true
2887,EYxErXc6zM1y9pnjht4hVnvGm2HoNLhJfKmnXbqUWp5g,1212,1151,1000,1000,true
2887,CztRZoBFJZYutKyCj8KBGLCmNH4wNH9LeRZ5GzAL5Jfa,1211,1151,1000,1000,true
2887,3UxYyqjVw7L2UTS4FDRY1orZfzEYcJ53sMCEq3okRY8a,1210,1151,1000,1000,true
2887,5tAjvoQyB1Wbpu5PuAVEev5PQr4EpCSBYaxcBzAcn7So,1209,1151,1000,1000,true
2887,6KWj2TJq4ndVWoKoNDecxpRs1oL3c3ZMHnCEKg2jfuE8,1208,1151,1000,1000,true
2887,EfaxMLogtdeN5vbrvXQbZb3h21FzJ73QJTD4s91EUDkC,1208,1151,1000,1000,true
2887,2qpfNfS1cNxZQ1pL1Wa1MKMus58qP6qAmpsVm4i7DdXn,1207,1151,1000,1000,true
2887,2RtxvEZ24XiDr5heU9SLyQkBrpy9gvkYRED2XT3sV5Gn,1206,1151,1000,1000,true
2887,KneZy7zjhY683bkJULU9Gq9ohEBYuemuVirqFDz5WML,1205,1151,1000,1000,true
2887,8M2UM1Wcm9QwqePQoCBkNp4JaRDUABeg7ZQbo7rrChNs,1204,1151,1000,1000,true
2887,6KyyQuL89Sme7JC6G4uukhtmWpKiHKC1HqiXYYFpNAcy,1203,1151,1000,1000,true
2887,AJXuQzoPi5pTEo6YLbdXDE99WwCtNu7dr91vpP4vHjm,1202,1151,1000,1000,true
2887,2QkDoQrjcQZevpphP3UHm5guTVMXAMQvdiQwqdDZqHty,1201,1151,1000,1000,true
2887,BMqzUP4nGztfHvQd5LDxJ7PaZsjQ5MtEVVT7syLmj6qf,1200,1151,1000,1000,true
2887,H3ie8UnVz6njkGu5YSqXGnsstckEnRnhmfAzv3UM2t4Z,1199,1151,1000,1000,true
2887,GoLRkGJciaxDL4J5ReoPzBVRvRXLiZmQUS9JFfLWMGEA,1198,1151,1000,1000,true
2887,BjQk4ba1wLw7ETddWcjTu4wVPaMHKhSNfrjYcgZFGxAg,1197,1151,1000,1000,true
2887,7NRFnZiHr2kH5G3a5DFiRoH6N5DwnJvfJXer6nk4Tsei,1196,1151,1000,1000,true
2887,EUixQSt9TaZf59PFZPWjoDHurMLp6R9tZP3mWdnbztMf,1195,1151,1000,1000,true
2887,DJazUEFWo6FUofBU2uzeugCu4U3kuQbDjhJ5rxwViMzL,1194,1151,1000,1000,true
2887,3oJU38C4Ag4eQFKQaarRiMDUtPDVjvpYgCTQstGSGXA8,1193,1151,1000,1000,true
2887,8s9gwErjAT626qzPviy9CMKmh3N1x3u8WmNBev6pKPHq,1191,1151,1000,1000,true
2887,GBzrKNcFvQLMCR4K4TidL4VE5Qsb4NjntGVe2tJbjLdE,1190,1151,1000,1000,true
2887,BfZDDPBYtvsHYyyjKdWNmcNfzCGMtcY7SL9mi1mukhpg,1189,1151,1000,1000,true
2887,6QN54LSQJj8YuxmCaeZRhJiEC5BjdM3MfaVqcMTByx2a,1188,1151,1000,1000,true
2887,6kZLyFigoyufJXWiUpAn9ACf9DyArdYzcbDYGrHm2vBr,1187,1151,1000,1000,true
2887,FA63NryambfDvAaBvkWfz8EjFmtkvXuDjfyitRvBoN7r,1186,1151,1000,1000,true
2887,8vjWkV7fqe5oWECrnSL4W53bU5uj4T4qb7uFWNreERxH,1160,1151,1000,1000,true
2887,2x115pZ9pE4SPwSsVT8Quaej354Ww1VxRQ7mkj8mprtW,1159,1151,1000,1000,true
2887,D7n2w45Y6PNXjbGuyLZSN49Py6jCF2LQUpqtXucww7Jw,1158,1151,1000,1000,true
2887,5tbh8BMezpweuHiaicgBQX7gsWZrZDTQ2siGawYJMiya,1157,1151,1000,1000,true
2887,Avtb9aqrGnGoh2ZikN3Tjqm3GkhUXZJ2PmeNMCkf74fp,1156,1151,1000,1000,true
2887,GYrmhc4Mpwkd6BVDkwdjomvZFUN5N3fLSCAu49Guw5GB,1155,1151,1000,1000,true
2887,6uaBVmxMPL62jcJBAnUfjXgZ686bY1Dy2JXoTU87Dbiy,1154,1151,1000,1000,true
2887,CRNY2LRM17vTctLoTQMFGJcpmA1sYGsJex6QgTky4r7,1153,1151,1000,1000,true
2887,2JbfBjkBXP4Y9wGrgnkK4CBHaaxyZDg6LAkiaqMcjc7Y,1152,1151,1000,1000,true
2887,H8t83H5fFEksGBuy49J7UC29q3Bu9uEdnMHvZCUwgWCD,1151,1151,1000,1000,true
2888,6757D8EZtLDJDBRbxU1umz9sMV1Qo5ciCZsLNHE7QPrB,1150,1000,1151,1194,true
2888,A1VTTh4umFXDHjBFLB7CXsDGDqRXAxn5HRdwkapkpC2k,1149,1000,1151,1194,true
2888,5giU5454uNyhWYCKGtmh9FaVCLTZLzbRrxKogRrHpHMj,1148,1000,1151,1194,true
2888,2LHGMRJ5ewcVa5P3RYpWJk7bSSp3afxYvnDw218Q7uJQ,1147,1000,1151,1194,true
2888,7a1RerACYLGYwTSy4SKjNmKh1LxiediUA2gUzcV7UkWt,1146,1000,1151,1194,true
2888,ECRjD6R6K4DgQ7rp8BD39tEzceHiQd5GMHve27wx8yeo,1145,1000,1151,1194,true
2888,92jsTKx1nTtDo5iHXS1dtLwkRNAL32eo4B53pHQNaeat,1144,1000,1151,1194,true
2888,6QnYCfaEDUuYrqxLfNtmUVAMJcGJqoQamN9drGT7viA1,1143,1000,1151,1194,true
2888,AcMNNi7QUR12SLwM38RDuyPtyNDPz91kL78kQBWMZ6th,1119,1000,1151,1194,true
2888,CrvkM1SEUfsHW8pMYHnkG2FRRPaonB2xAw4HGEAsupcZ,1118,1000,1151,1194,true
2888,826uvHj1o3jPH8i7W5FB57GHHACpnByZKhqGXmgPLJrX,1117,1000,1151,1194,true
2888,2f4NsZWsPpuDK1rG3KsdzaeDnQLaBmySZ2DP6TMroYux,1116,1000,1151,1194,true
2888,7G1N5necrp1A2UbzdCasDdfNFDVJdNMJV9At61FuApZD,1115,1000,1151,1194,true
2888,4smkvfC3zaRsJgEj4Pty5fxewW6PRAbavsFHaQhH6TzR,1114,1000,1151,1194,true
2888,5QZMV3fsevCZTkAo4W2b1cPXXAYPmZAsTgXHMwVZUfZH,1113,1000,1151,1194,true
2888,Ds15xiAJnDa9nnHQKqF8TxLpxBB5syuFJyZ7xsFNBKZs,1112,1000,1151,1194,true
2888,HrxWaXee5TLGTH1Tjr9Kn4czawrvUj8NqGSusuykyJSv,1111,1000,1151,1194,true
2888,BWbRxqXvgxADnYwXTH7JM1nMUCf6xL9L336doGNTSn8H,1110,1000,1151,1194,true
2888,Cftd7hw55VspFmA8cTwWhAJS7JEbUNv5sAwmH8yQujJZ,1109,1000,1151,1194,true
2888,5v1cmPZ9EUGY7be7PUGPvW2xMdnBLHQrrq7yChm7jEjE,1108,1000,1151,1194,true
2888,4R9AwEQopTXj8JyAtPxHvF4QXgmGPgbP2YDDTBUws5v3,1107,1000,1151,1194,true
2888,6sCi9a8pkCQM3JLFCyTeGGsNfD6goQcWdbHopigvN5th,1106,1000,1151,1194,true
2888,68mg9J8NLko4Tc82wBXp98rB789c1uVMPN52parX9noh,1105,1000,1151,1194,true
2888,8LKu6zWKkvUnttLc97X7pXK3w8qyzEq6xEQr3EZ7p3gs,1104,1000,1151,1194,true
2888,DRNvuHw7XnkJ4BGFZFZdLLoqcZU3UARMyVbRbcaErQkr,1103,1000,1151,1194,true
2888,FCWENNSLMApkuvGEwQts8xdaHPAUumthbDqSXxkVJ7jj,1102,1000,1151,1194,true
2888,6CTG2mCicyZGP6CfDiT5Q74vAbcgyJEHoeKVG5QmPpwq,1099,1000,1151,1194,true
2888,3dBX7eKuuYWbxQ3HK3fKnwrJj8wZFFpSHEctkJXCE1aX,1098,1000,1151,1194,true
2888,WUYQhP4cMaZrdacS7haBgRfEBiYjJGDDvbcbkt1DwPw,1097,1000,1151,1194,true
2888,5VbVjt8Tt9qp67XM7vrhcAfgAkKoioKgzgVASh6CrdJ6,1096,1000,1151,1194,true
2889,J8iMFeMSBJT2P5fAZrmcD5jHBEx6DgCD5K7EskxyVRG,1010,1066,1000,1194,false
2889,kYBrgjURNnow44RNVCcjsJBwgfSWYTfx6mm8vn9BgSG,1019,1066,1000,1194,false
2889,ncaskmZygm8kmXyMd6ZnSJk6B8aH7EXyiitnDymPsWZ,1022,1066,1000,1194,false
2889,2jK6Z3T398cqsY4em3qADDvBkW1W8MTicSpndgHijDwo,1063,1066,1000,1194,false
2889,2pT3KPhiD5KeJbPafZbUnXfq5SZLG5v98DqAwuQNGAAV,1045,1066,1000,1194,false
2889,37ZKNvt1qk1FcBxeHW7pyw7UrPuUMDZKmUdo4Wdr5xnY,1048,1066,1000,1194,false
2889,3JrQfURzJyzHojQ1m9WkySZbdmYzUPpLsq9KAmobpMrG,1028,1066,1000,1194,false
2889,3ywajMc2Emt6cwAu3LFkejwf9EEeP3rcS1gibj8tihBV,1044,1066,1000,1194,false
2889,43ZHnB57M5w8mfXLfxhKYN3Eu9szjNqx4gMoVCGHsKsA,1029,1066,1000,1194,false
2889,4JzonJvyBNeanp3pH7yrwPXvRD3RGg9DtdrwLGaakDQX,1006,1066,1000,1194,false
2889,4QuGXucNXv1V2Fr1P4hrvW2MUc4X3ikrQ3WttdybHnye,1046,1066,1000,1194,false
2889,54pXj2DjshGsPue798FjDf2bi9sctkrgY5ej7LCHdr9U,1005,1066,1000,1194,false
2889,5PSWzzsUz6kxyPM8koTfNoazsWEDUrPSXaAe84M242eV,1052,1066,1000,1194,false
2889,6LtH3MddcCJHE4ueNQJN6Zv8bhjTLVJF3iaG1LKEYNHa,1043,1066,1000,1194,false
2889,6bgF267cRGMMWhCkegMXJNXuKUNnY2GAUCbY1WBbbvJ8,1037,1066,1000,1194,false
2889,6p9ZAuhe1qfMZgjRvqWxy3Rg5DwezwjFKwxHmDcfwYSA,1039,1066,1000,1194,false
2889,6sN6i6dEy2v5EbFfx984P9y5goxH8GVibejsCep4re6H,1016,1066,1000,1194,false
2889,71XBD1ieQtGpxawBhYH4RBtsxzFYqaJDmjHns4YjBk2A,1027,1066,1000,1194,false
2889,7Gv5s9r5Sku3Wf2ZxuTWxzEsdk5aoaUCjHxN3uG7fyj1,1014,1066,1000,1194,false
2889,7QqNGAgjtsgwkfXLN6RQVRrV3jqS5pFsD6aq6zy2H8GV,1035,1066,1000,1194,false
2889,7iyTY7Rgi4WGFPcTLr5RBHSjQZgSWTBQN5auQXznxr4m,1013,1066,1000,1194,false
2889,83ZMRBHCqg4qopoVXag9BEaXn5LUCGWT4KA76f57Uy6C,1030,1066,1000,1194,false
2889,8TCXRHqxFhU4P6v1bWDuYWpcNtQcDTgQ6X6GS2erWHzc,1058,1066,1000,1194,false
2889,8UmVhetwnFpmWwfDXHHifD3TSrdDAkiFTackeQ4niP9B,1007,1066,1000,1194,false
2889,8VaxNLc2ZBavY4XN1zyZoEtEfn1RfSFRs9LizM83H7yG,1041,1066,1000,1194,false
2889,8aK2cHyqMDhrzWQbYeWDjdW73Qx9NPbVKA3jwgWLjDgT,1001,1066,1000,1194,false
2889,8v4bqMdNfWA2Ts6dCiohHdNZ7tEESFrrDSbGdGxGhUh4,1008,1066,1000,1194,false
2889,9NbwBuufn6jgXcj1NURJC2VSyBzkamKvK6uo5BY4uKst,1031,1066,1000,1194,false
2889,9SN9gXAdwzMqodDfNZjrPeLcLhb38jomN9VwFVw9Ezww,1002,1066,1000,1194,false
2889,9ayJQArpMNVviduhNg1SMT5AuWZWu2KmWmEdHEM6Uidr,1053,1066,1000,1194,false
2889,AHC2de5oxip7NamqV8PX5EWi9L48hZ8eiUsoNELpYkYs,1034,1066,1000,1194,false
2889,ASM8ZNb4wp8ABbRNafr5ZHqYdQFhtXBT1DSKStH4vn5e,1017,1066,1000,1194,false
2889,AVXA7iF6zFwqcq5yFV8wm5G1pmMYU3UdKKPhdFAkBtNp,1023,1066,1000,1194,false
2889,AeGGUjNG788e3GFcyinNsFBUfkgC76d2sq9Qrp4nYBAp,1055,1066,1000,1194,false
2889,Apd1V96toWJHMWkRw5NWFRKWVQeS1q9yu3AsahtmzsWe,1056,1066,1000,1194,false
2889,Axnw89zveUPYVhvenb1pWtzuE8sc433H2UArKNwFVq1x,1011,1066,1000,1194,false
2889,B2KwzxZ9z9vKU8fKeHL7Ke247xffuDe8q7HMEcASNpGz,1062,1066,1000,1194,false
2889,BqzbP4NPRgmwpLmvpY3XkndtSCFkjskNJCQP3WQGiSiW,1003,1066,1000,1194,false
2889,CYF2rSzDMwq4X41iWJTBCZzxsyksHfyTJb33cfSt2ARd,1064,1066,1000,1194,false
2889,CpYPLEc3GAFqsANm4cKPxG8rpRQEmc8VNQZXuUeSTAZV,1009,1066,1000,1194,false
2889,CxR2oVVXskaJdtMzrxYibmtB5GDk2epXjcKMJyncrDbJ,1033,1066,1000,1194,false
2889,DH5JrMLuXm29p7Z9MJsfMrasavfADkeXjnivfiNwymp2,1057,1066,1000,1194,false
2889,DgqS9exAcSSa3iZnRzitiWdtHFmNnuWNzyaKCBsMzhh5,1050,1066,1000,1194,false
2889,DzJKFpkgzfVG3WfbQ99YzPeXi5hfchF83WzpzbDRNaJH,1049,1066,1000,1194,false
2889,E3bkhwY7PVPmPnCQDzBmKSMQxpvTH2BVEzqy9kuUhXeN,1038,1066,1000,1194,false
2889,EaH8rtriJ9y51gwBsLvDgtDm19VYXS1Hqzc8JYF7PncR,1026,1066,1000,1194,false
2889,EeeqaW3JHsQ4A1o3kYyami7dgaB5nofhLbryAyR8RTLE,1040,1066,1000,1194,false
2889,EnuYTc4seCx1sShUkhmHu6NQFZgu9nMLF2JrvHpb7u26,1020,1066,1000,1194,false
2889,FEkZqMNqMb39nWFzRVdDheQchB1NgPxR48Y9Miaf7zh3,1051,1066,1000,1194,false
2889,FPYomoxwEi4p5VBtiEeYnfnyzyVcA1DrVwaYpWeHgEu3,1004,1066,1000,1194,false
2889,FdhboEwF8ZYFjo7NKdYF4pWsnVBnhd7pEtwCZx1ui7LC,1054,1066,1000,1194,false
2889,FkoZcFCzzyUnVepXXxjUQdQmGEUuEMUgQ2wzzffD1JNr,1032,1066,1000,1194,false
2889,FwRzzdMWAgn618kohXweJvRsdHk2WNT9VPMkZSp4WYGF,1024,1066,1000,1194,false
2889,FziMatbGCmMSUpDHcet1KF2jc59yKhGu9ULrjVTUZhyW,1000,1066,1000,1194,false
2889,GBp2wzSyaW8VMTZUB8aTraF1JjkQUUMUJdzo9TNTPa2M,1036,1066,1000,1194,false
2889,GP6Y57UVc4NTrJ3HydjpfXZJzE1PLCKxaAFxm8b7v1SL,1015,1066,1000,1194,false
2889,GWSBKsVg8GptEXnqwYSmmznokPBpG65WfTWxXKnp6zB7,1059,1066,1000,1194,false
2889,GnSzMkph11mdg6aLg9L6QhUdxyU4B3A7QK7TiuRz2Xa8,1012,1066,1000,1194,false
2889,GsRpGuQvL6NtVLUBro6D6GjuLjkS2DPDmShjAPt7i67D,1060,1066,1000,1194,false
2889,H3bGcLja4KJWBnGkp6a9mb6eTtTzCtE8ec35bjU6dRAK,1061,1066,1000,1194,false
2889,H7VjRVKvAGvPeoCUkkgcJoanJ2JikuXYH74J5kwhCiAz,1025,1066,1000,1194,false
2889,HL5FGqB4WAVYBpZHbUhAJe7xDxy8NhCK1H3NAkMV8RxL,1047,1066,1000,1194,false
2889,HM6MgsL9MhBNMUGUfZNBvtuobhbs2VAjQGSLzwd3S9La,1021,1066,1000,1194,false
2889,HuttVj56Y4hPsUvFtvfXwiu4NdjEErwnMboudUP5Crdk,1042,1066,1000,1194,false
2889,J8XKes7HLd2DcFpcs8Zc8yREouWC6da48q1gLDgTNqgT,1018,1066,1000,1194,false
2889,6t824oicoxyqdNMXhBwsXNq4v2fXfVf6hucyvi72n8be,1095,1065,1000,1194,true
2889,VTHG49pD2Wy2jfcS8yNQaaBjKSNgzejnnBUH7T3Mnky,1094,1065,1000,1194,true
2889,DEVxmFWG7MpDyEKR4KdJ2V68ZnctcwtPRQs47DVz6Jir,1093,1065,1000,1194,true
2889,5Sh27pENBGRQRYWn8gQK8AZH4Fa2M4bGJyRxQHkXPL1V,1092,1065,1000,1194,true
2889,9mJknXqxPTJvZBFkzGak6P6TZVwkw3nniTwcHnW7HVFa,1091,1065,1000,1194,true
2889,EFX9vvcXXbynPBNFsWzwPDVkTrgUQDNhrrHe69nJGi1p,1090,1065,1000,1194,true
2889,FQNdhTL7Kb2LHA8gRM9LHCck7qRB1AfyLumoZQBLebn6,1089,1065,1000,1194,true
2889,7xJtDzAL8iNDfvNofRFVdskuk4EDqe9eUoGd1npynpsg,1088,1065,1000,1194,true
2889,2MdK5MDzEqt28MhBfDsDghxeJbc38hQewP1G7AQRoWt5,1087,1065,1000,1194,true
2889,CFPjikKerxnS16VvEoD35PWnB6XZiLGEiXy82wbrHHWd,1086,1065,1000,1194,true
2889,CZwS58n3t7ve3f9oPLky3dLSQvy8Q5JTr9w4nhiGdM26,1085,1065,1000,1194,true
2889,DnqrUPb1DodQMwtCiunTz152352yXau2wmUoDp25bQKg,1084,1065,1000,1194,true
2889,7H5QF1vh5iL4cZPtrJHXUgdDNxw1XveUvsmnqX2YEidg,1083,1065,1000,1194,true
2889,7EKZMUwg7MuchUBZDcKRSVaiYEXaCTJc8x7ojX4v3rAG,1082,1065,1000,1194,true
2889,788ALjG6nGZW7CVD3Sfc9U6NyK8GS5bRimNXUzoTCEaF,1080,1065,1000,1194,true
2889,2YvykPbHobq4beEgaLGsy5qmhNGLQBkp7wCtV8Ns9Wfs,1079,1065,1000,1194,true
2889,F2kTXNxf6rqLn3QKcPt4CQVBBGJGcTCdGKGKwSkJvnuj,1078,1065,1000,1194,true
2889,YWhU1ionJVFTvTBUctfVYkayCf3R7fom3GSpcr5uaFR,1077,1065,1000,1194,true
2889,7hP2NH47Qi3nxnQzXGjCZPALSMGMym3wY84RwWtPmvPQ,1076,1065,1000,1194,true
2889,E8TVkJUKnmdm7ap29ZrxDBMi88Ft7yPV6PoHBCAcMimt,1075,1065,1000,1194,true
2889,EzgDSRzatNattHdijUmrphvAZPc37DNs3Kk2y9GgaK8C,1074,1065,1000,1194,true
2889,Da8f98c6AoExwH648idigATLhoT5iWom7Ri6xiiycqvQ,1073,1065,1000,1194,true
2889,7vpGtntAtN2E7KeoKMX62tZYKoHoX98mhSdbL11ARJr5,1072,1065,1000,1194,true
2889,39jCFjcD6ycHyeAR4XDehn45FSAEK4Jw4qnQzmeZ5Fzw,1071,1065,1000,1194,true
2889,3NdtAD4AQApqA3aUJiSRScz6yUmsuJoT66N8gahGiV33,1070,1065,1000,1194,true
2889,EWyUupxeSomj77HPoq5fpbo4sb43ejB8kmGTrx7wpbdh,1069,1065,1000,1194,true
2889,2QQvEPWaGmGRr6fmZs5Rbk4223d9iRqCaAnmvNq7cCpp,1068,1065,1000,1194,true
2889,x7p62TDPyFq85K7M5J2RRtdn3QN24ATVWT6YdbBQc6t,1067,1065,1000,1194,true
2889,FUehBGMGVXqetcKP7UxVRyUtYEArDd3cx9p98L8MCCjU,1066,1065,1000,1194,true
2889,k2uBEyemQemPxpekAnh258iX7zwt9jEj5fTzuEQxGq1,1065,1065,1000,1194,true
2889,pjz5fGHCV4DHAnHh4CrLJPYfG1GdXA6Bq4gZBoeNcWH,1296,1065,1000,1194,true
2889,DwPaY33bdiC4L3d1LXS24kShtnzxBvVaCCuPyFs5he6a,1290,1065,1000,1194,true
2889,4E9FDzrXXfK5zbYjwm6EUugrnE3wMMjLLGAo9gu3ZEDF,1289,1065,1000,1194,true
2889,FjCMW4UBrMGJq8qbPsYA5UsYiFZ687geFcZdQXeRpTmE,1288,1065,1000,1194,true
2889,Dk1fyMycq1tgKmbUEJPhtavUCKY2sqkp4trTpK4ph8bu,1287,1065,1000,1194,true
2889,Hjrm9eesqb3cbQgZfMa88ac5XcPtg5BKpjvapG9TFSQ9,1286,1065,1000,1194,true
2889,F18rBX97nfyadwtTmzHhZxt8JQdcsqKSm52i2J9PmPXP,1285,1065,1000,1194,true
2889,MF1ZWbiCHNPBwhHxjqRpcQzQBoBnboZ17RFh3HXnoVP,1283,1065,1000,1194,true
2889,7RD3xKV2VSngy2rPNLSy4CrA4EMN7gSRmjfXS36VUSzp,1269,1065,1000,1194,true
2889,6kgMNgw3iSVjenRRLH8t1VfGrKPxM3QApRqiBQHxAeD1,1263,1065,1000,1194,true
2890,GDspG1jHRAPo5X7dqf9xzjw5jpnj2zHeVNg2SE5MWCYi,1299,1000,1065,1097,true
2890,DCZQSAZDKJZd4K2fbcp7xpgcMS9XRpskyKt8CbCWWc7q,1291,1000,1065,1097,true
2890,4xxb2AAfUGkC8tFmYeod3TeFq9VmH64kKfzQjmYYAaok,1284,1000,1065,1097,true
2890,96NdwjLm3VuRQcvY7S1fMYkYLT1VJHjFzgutTu5KnAkY,1282,1000,1065,1097,true
2890,HaJcpa1k11y5Yjyu8cvAFmn7NH7LqAsic3MGoaRjXNDH,1281,1000,1065,1097,true
2890,CAfnETKwKqB9NTt2rmr6f2XwqS9UPw15BCkUfmKxM48P,1280,1000,1065,1097,true
2890,J1s2oXj4ebMD7iwbCQWcjLSQxuyTtiNtF3c2HUPrVy8s,1279,1000,1065,1097,true
2890,ELWUJvfHcuVmnCxndf7XV6FaVUhJnbz6pvkNWkFaXNav,1278,1000,1065,1097,true
2890,2YiVk53oRTcjcTNtxYex1e6P6cAhHRYfG2yDNhGHshu2,1277,1000,1065,1097,true
2890,8iwXECUzeGtzhsGaqNScXsMRw5rUuBSXkX5WgS3yGpvC,1276,1000,1065,1097,true
2890,HrjpCJe49Cjxdi3eQFprpQU3FkaZBmANUGsSkgwi8C6W,1275,1000,1065,1097,true
2890,Hc9mEW2ZxpavEa6a999CJYMaxHaMC3f9V3qHWiQfGrJx,1274,1000,1065,1097,true
2890,6Zs4o1PWZJtU8gd9yr7fFmDUoBb1UVHxj5K8UyaVceau,1273,1000,1065,1097,true
2890,8ZF4pPgpi5QtM9YGNPB4UudtBoZN44f1LrRELxeqEqUi,1272,1000,1065,1097,true
2890,Gd9cLXQdWmsLoai7TuqMAw7ZtQeBUQDEz5sgVd2qYRk4,1271,1000,1065,1097,true
2890,HbiHFTs6qSFasSw5cDCgx4XiKheXFbrMnAAkRq3dgdXW,1268,1000,1065,1097,true
2890,Hh8LHVpBZoX7kMBA5TWRBdcXHf432cQjWxapNpvqtReN,1267,1000,1065,1097,true
2890,4qC3uN68fEk9xy1iCFFPMosQCKrV6mbjVM2sC94YhFas,1264,1000,1065,1097,true
2890,3BvAgBwxh57w1yRUn1sJvW2sQzKS3wAFf1v1xgJd24wQ,1261,1000,1065,1097,true
2890,5BmfQ1sQmTPzWDTBsy9dBrWNEUDS277AG1wfxvhhymtm,1260,1000,1065,1097,true
2890,9Y5qT3Vzs5JhGMiKqRxj5CZUk6KiqNdY1RwsSKbQnyAs,1259,1000,1065,1097,true
2890,4eYZgC7uhtysbQFy58U2ZXyCY19kbLXicdciC1PqsSAH,1258,1000,1065,1097,true
2890,5hib9ngyJVKSZDgDJwNgHWZBYAYHNSFq3AMcnguQGd1F,1257,1000,1065,1097,true
2890,AXJWLhwoY7z8h6PbG6zD9c74ADKopJNh2J6E2ohHTz9T,1255,1000,1065,1097,true
2890,5sNbMMXdJx9ctf6tzZFpFMCyDVaJymzM5QeepyPCx3Qy,1254,1000,1065,1097,true
2890,2pBPnYx9PFdwyLf2kJ18CLabh16Dh7i3986xuytAcUKB,1253,1000,1065,1097,true
2890,GKqaNq3wpMYBDFvzxYzuHZFih8MwWfZ9S9iL2FbT3UvH,1252,1000,1065,1097,true
2890,8bEjX8WJ6Bjncyo93wTMa5nDhxdJi87FFidYDT8cA7R5,1249,1000,1065,1097,true
2890,DihPYEreHF9csXBTxqhWt1JmSteLcRzqouuUNerLjnZV,1248,1000,1065,1097,true
2890,EtGmhko9YjaR5WKs6k7Cso2tDfpoESuFQirfiNStWYVt,1246,1000,1065,1097,true
2891,9kyP7dAd64gJvbgYZK92fyAHThrAg5pgDnyj6RECaGPJ,1245,1000,1000,1097,true
2891,8Vt3vt8CTs1Fc6mwszPJhMfYuB6B8TWxsznToYrKN1Eb,1244,1000,1000,1097,true
2891,BCZUjWprnRysBvws72yKRzTbHgetrdkdqhnamDqnB88S,1237,1000,1000,1097,true
2891,FcPZo3RacQQnFDYRxpJdmyGfPGE4jNhRtRpLh6sdwGYW,1236,1000,1000,1097,true
2891,CbQ5u5UrWPCcwk38oVnvK5n9ShyZDu1JMyiw1EXkpziV,1235,1000,1000,1097,true
2891,4FREiF7TQHXe9CBy5PUdjZR56fvcayWsnruMn9iwGKr1,1233,1000,1000,1097,true
2891,FqjQrnhhKertvfLV8x1cXBZpqUjVkDLpCB5bqp9s6FMA,1232,1000,1000,1097,true
2891,APtzyJYC9nLbJDCfygbBzeJacLGhsNYZZrbxPUTUxW7P,1231,1000,1000,1097,true
2891,7jznUmGVb1oQZJUDkYDS6Mazj1oDtPQ6H51L24x6HA3W,1230,1000,1000,1097,true
2891,EtQpJjuFQPDtJSb51ZPMSGk82akbRqQv2iXYmXmPkWeq,1229,1000,1000,1097,true
2891,a2Mq4zLxUdyCb5BALgWrVE3oZSqQAJcqyMN95pkFhTz,1228,1000,1000,1097,true
2891,BSre1AFhrq67Dw3U91AowE8bJZVGK4MHSi2PFeK1TqGj,1227,1000,1000,1097,true
2891,G7TVq7ndWLRPHfeY8E2HJ4xKXHTkHVPmaZxzDjgJuaMz,1221,1000,1000,1097,true
2891,2jsGAJ2eVT7cTsWZbMuu5sAQKepvfkVPC6JtehWTQxhJ,1219,1000,1000,1097,true
2891,5Jc5jjzR13VWFT3fGcz6B7ZckWPgmUWF4sVoxwnfBBL5,1210,1000,1000,1097,true
2891,6rbbvhVNaNpKqV9JyUTbpNktnnQWX83retHKNKuL7JwX,1205,1000,1000,1097,true
2891,E2A7JVju3zHed6PNAwnjJfRbkWMv9Am9VF4hmqXXP1vj,1196,1000,1000,1097,true
2891,8P8zvW74bw22frgcaSWXXUuZ9XK2R6yh7cbussBEBnD6,1195,1000,1000,1097,true
2891,2qSW2CXY4Pj13wPKHidfdVdxi496uU4nxhGrgugpH1QU,1194,1000,1000,1097,true
2891,Euo295SrJ5uxrChMeXfxQhADTL8gKgHThi66iGcE5X5o,1193,1000,1000,1097,true
2891,7G5hUcQBrrqtcztJvVRRt4gP3uhmPcgvjrrCy55EySBr,1192,1000,1000,1097,true
2891,AaKKcBYWBo7tWTE4xKw9UNdWGHdqE5pWpaNu2urHsrKF,1191,1000,1000,1097,true
2891,9oLfRkNevvYkFnjPqJsjJojRfuWLw7ziFNa2z1cZjnXo,1190,1000,1000,1097,true
2891,65o96FFJAD1orZPrtcxaPerQjNnTKWArUs36dwwbf1kA,1189,1000,1000,1097,true
2891,8Jaau8ZHHsaSdBo3AncSw8qKY6qig3T4LPo8wyhfdZ7P,1188,1000,1000,1097,true
2891,9duhz1nHwbMtkS6HRTzrcGhZJB9U8TXMWGGjn2jSxwgf,1187,1000,1000,1097,true
2891,D1ZkUuA4K1C1UnRPFTrstGgLvkZHHdQQzzdmPgTTsULr,1186,1000,1000,1097,true
2891,AJkenqHeCMJru3892Fcgt4YV6wKJ1of2JXqnhT9GSiJU,1185,1000,1000,1097,true
2891,C4qssV3Qihjm2c78VBmkwkQg9pvz5uNPKxNeJLbWv8F4,1179,1000,1000,1097,true
2891,4K3zKhuhnSTKZ1bbM3VFhzp6Ae9BvKtyBiJGB8gT2VGP,1178,1000,1000,1097,true
2891,NTfidp8Z7t1KZBBdfturBSBRmLgWNPjB9ycxrQtiWJD,1176,1000,1000,1097,true
2891,2V1b9X2kwx3ksxNBnwRzxiqniKm6LYyVZPtBkyTPzmdm,1175,1000,1000,1097,true
2891,96LAfr4xsDVaZMsjoxfDmaV5hY9WTooLPreGLtVAW7kK,1174,1000,1000,1097,true
2891,95ZAT9gorSdH1doCrs3Ubk45ghDaEqBT132kVDX79mke,1173,1000,1000,1097,true
2891,DtgHmaqQeeYARzCWcafxUTLqab9M8LqUWJkDSp9af2pn,1172,1000,1000,1097,true
2891,EQg1tJBL9v8HkC2Ady6t6VbkVkzQRiXBmC9sPTUaCUNt,1171,1000,1000,1097,true
2891,3kboYzyFRqnQbLzDQ9pbq4ucBmCQF5W2cidusEHwcRN8,1169,1000,1000,1097,true
2891,7YPZs1yrLFtTVQJYZM5deWRmHETv5BERsXZwn7P3u1jY,1167,1000,1000,1097,true
2891,8Rkrb1dGkabpAH3eARQqQQ6o317sSRpYaE6dwunCexRG,1166,1000,1000,1097,true
2891,CucCiTg5mG2V9B2xkbapQ7JrauYdMuVHU52XNVU6ikM6,1165,1000,1000,1097,true
2892,2DUHxH4bZ5jzQL5ZEcrdoMfgjFS25gjisqRereY1KLTy,1164,1000,1000,1097,true
2892,BJ4L5yEvFdtdyNoJLFzaeW4fTnFSrYzWn8qH4jBxj8Yi,1163,1000,1000,1097,true
2892,A4SKrakWAnWYC7SjaPiwBhQXnsEAP1yRtRKesiJKmcCg,1162,1000,1000,1097,true
2892,ACRUZFphHTnEmzWmPmpmmNBuj2LZkLsXeLgsi9cLjqMh,1161,1000,1000,1097,true
2892,2Jaxs6LLws3bEyRYm9TUjCeqVBvMunyojRJ97Z7ewcxN,1142,1000,1000,1097,true
2892,A7aFgsxcWiQ3ug6cE7kdr8iFxfSbLp21FtQvYgUUBmtv,1130,1000,1000,1097,true
2892,J3UuRG8snKLosyDuS8B4q27g2u1Wava3wadaNG2kAPMa,1128,1000,1000,1097,true
2892,DXdZ9S6PiDn5MmnpEkvGHnqpxRtY2NPRL36U45bJc87F,1127,1000,1000,1097,true
2892,FPWnubWGMmPc6SxQ2fmKwNNj8NA4Tvuvuns2Y8RHo1oY,1126,1000,1000,1097,true
2892,6tidETDyKWHonPZGN8vA8TPEaUcdEwn9g8bS1NExPw9M,1120,1000,1000,1097,true
2892,BzYyPHugm3yFjMo91Mz7DVQvyitQr1n4kYxd2wfa9Max,1100,1000,1000,1097,true
2892,AXhXS4CiUAFWrvMGacTungB5Dvz35h4o9hCKmgAVhGWD,1081,1000,1000,1097,true
2893,33272bAenktgoA1Zi2ViCc4mtNpuvHZ5rYWks9JApTCp,1298,1000,1000,1097,true
2893,9fF3ZEc7mU2GwFBhDucPCQMu1aNgTrg3Q7oHc6WWdzSk,1295,1000,1000,1097,true
2893,HH4z9DFF2bot73gmR8Gg1LQgFgCQ28U5Ah9M7HaPmhR5,1270,1000,1000,1097,true
2893,BFb6jiCiBQf8E57nb731EYucgtACxAgKtsKDNBLuTwkf,1266,1000,1000,1097,true
2893,7zQJ7EvB5Gt5tLmumrxceVuGfhXB9enoX8jErG8ESKX4,1265,1000,1000,1097,true
2893,EgMP9Bm4xMZjEFkVnSnwD4vKL7MKL6KVHF4ydE9VDVU,1256,1000,1000,1097,true
2893,B3jPcA831VwQUmL1HjFZWDMm7YcxVLWek4MsTC8TAgDp,1251,1000,1000,1097,true
2893,GSck24iiMyFK2tH2mqv7YD6gSXyCMDoQE6rxRjqohKhG,1250,1000,1000,1097,true
2893,EkVYJnjQ3HK9kWugGkq5jqyMPQze5Tufk6duM7i5RVoV,1247,1000,1000,1097,true
2893,5L5c23NhakkSbSLMD1KJXH4pR9w6SM1ZGZo3gPKS75xz,1243,1000,1000,1097,true
2893,CQXdJSRapQdGjQ9fgDcgKLi8kAcvkYZSieEXtKp22kFQ,1242,1000,1000,1097,true
2893,4QmLfkKSDvMDmcAGRpij1ZWaE3osWaPwqfb8FkRstqqF,1226,1000,1000,1097,true
2893,4D5XPEkxEwFt4HSwnjpCt6CmqbjmG1SdiwMyWXcoy3HM,1224,1000,1000,1097,true
2893,CPENXSi3zSxSsd8yX52YAmsgXvZQ4pwF83LgpV29F72R,1223,1000,1000,1097,true
2893,2k3qM6aG7wyZKoaRoFFSGQa8HA1qpQWX2LdHGQcC8F25,1209,1000,1000,1097,true
2893,D2kadA4VqJ9KnRCmoQdhSDFFBbZVVb9H2Md4TUgRvdQH,1207,1000,1000,1097,true
2893,HrdksUqUAC1rrzhYnS7Q7hD5FrtaLviYHxSVTV2SAqBn,1206,1000,1000,1097,true
2893,ALHLLU9LqRujcUknQC3H23mUM16vgLmeZQPTWzCQtgc,1204,1000,1000,1097,true
2893,A9yD35yiGe2Ed6qBNmQahKTYyeBbFA9oZMMcT33kWGz9,1177,1000,1000,1097,true
2893,12g34NM1p9MdKMXXJZwq8DjsT4Wp473wASkyYw3JZ1TJ,1141,1000,1000,1097,true
2893,BujxwvZNPTGrsNRoALZtG7uAst4XCF1bcsYaPaPxjXPE,1140,1000,1000,1097,true
2893,GjgcWcAdQfi95oNLhhfrDnbDsmy2Z55i3B7zki75np2g,1139,1000,1000,1097,true
2893,GZ1PWb2FDy4BP1oCsh8ocrUn5NCASspZaniE4j3BkTFo,1138,1000,1000,1097,true
2893,DeY2yqozadnV6zneR53j52NVqhmtm3ZmBeF3EHuLCb9b,1137,1000,1000,1097,true
2893,7CHTtuWexU1GiiXqsRCH8PTtsLKdCXEjEW5FGshmrsQ2,1136,1000,1000,1097,true
2893,B28LAQk6XJRaZ9dnQcYRCAiX2ZSY7ev2ei9P2ygJqWF5,1135,1000,1000,1097,true
2893,3oe7y2ZWNNPu9vnzvn4rouH8rNUyDvrzWBz8xSKWwKA1,1134,1000,1000,1097,true
2893,f1uQHHLThhecxp16xAs2Dbav49oZSTyKduUmkUDGVEV,1133,1000,1000,1097,true
2893,3oJ3q9mFCgvfTSLcvFsmsChYBF9wfukTTNQZSoggn4T9,1132,1000,1000,1097,true
2893,EWczRmnDCuEbtPyrSb5Pqy56YBd2Y114UwAsSVw7pDV6,1131,1000,1000,1097,true
2893,7UJef1naYfVF33PqEMULBhiKiau533UGYDoWKjmjfMvB,1129,1000,1000,1097,true
2893,mhdm8vnBVofZv6D81eGp7dxdudAv6QYJrbnoAvqHLdq,1125,1000,1000,1097,true
2893,FiGuY4ysSD5Q7T3UtUtn1nvQPpb1fuYHTKy4z5BbNfig,1124,1000,1000,1097,true
2893,EjmpMBJ1pHbjaS28FzFxnV9bdy1XFdR7W2xHb8ThTYLS,1123,1000,1000,1097,true
2893,BzRf284y8TapkBn6hGwDknWLJ23KWDxU6RCfYjn33cKN,1122,1000,1000,1097,true
2893,D8ohctQid7xqt8tcgSEFUeQycXqDpTW5aPsor96TvvRi,1121,1000,1000,1097,true
2893,8i49AYNWRwAc3131VvbbYcVv4iQ83pg4rkQxDMndBnMF,1101,1000,1000,1097,true
2893,8cdCcAuegd7AKEzJHcGtadfFrMzFqvMqYck7BXDBV1Jp,1072,1000,1000,1097,true
2893,8miimrq7wiLQRzpYb28NWQdovVhRaXmWRb2rTNsUHoGr,1070,1000,1000,1097,true
2893,GVVu2YFpMg7NGQYq82FtiZb8CkYzkENUwzPLpLLSW7tc,1069,1000,1000,1097,true
2894,CwXxDpJE79kdqR2AiyFgdXtYbPL1RAzgDMTtHyMXbims,1068,1000,1000,1097,true
2894,G2a9x6wE3UEuwysUcSQTMbkD2pfMt1ZCX3uYZPim3ZTA,1065,1000,1000,1097,true
2894,DBMXA7CHattS6F7FyzsMwzJAPLybb8w8pMLZvkTgMUJP,1064,1000,1000,1097,true
2894,FZavnYNLd6qGehEqJuMwRPQiGvb2gAqiadKQcxx95NW8,1063,1000,1000,1097,true
2894,8Zy75DTNvXq6JC9PzZTUnvc4BdiANbhywHtRMfTV6i24,1062,1000,1000,1097,true
2894,fwsQQKH5XokX8ke5wxnQPPY9dj5dasdzvQBkq1DYVdu,1061,1000,1000,1097,true
2894,8RMNH24jk4uzvkRvwkozj5gVcu6F5vpfBXbTbGW3Lyi6,1060,1000,1000,1097,true
2894,F3rtT97cK98p4ZEZujkA6BdRp4YuxjQTZvPC6LnH6LYj,1059,1000,1000,1097,true
2894,CFLC5jXkSq34AKSqWkyk5BNtETAH6WfL37enDCQRn4K9,1058,1000,1000,1097,true
2894,29oH7MJU5byPamVRPr8JVLiMijCiLqWp9UEegnHWAe3A,1056,1000,1000,1097,true
2894,BF8kFZc8tyTiSeyf4bpnLbFY3Mx982jATyCzuAfBxW64,1055,1000,1000,1097,true
2894,FxYHqofhVeFdKaibgP35nPv5fTicrBK8dkhAV4GBdk8S,1054,1000,1000,1097,true
2894,Dxn2BZi1JTiTfjKUWRdeJHdZQAxZmhTPCEcrrF2fsv2A,1039,1000,1000,1097,true
2894,BiCrEp7eJHXktGfTJ9LJv3jMiodEgFGVj2CmQAkEaEVo,1038,1000,1000,1097,true
2894,F3DQtRshvx53BU2EPFR7DvFounEwrJoHz8wC4RhMszSo,1037,1000,1000,1097,true
2894,J7p7byocQuT4pHyARsv5CRAReBCMky3CfZmPBBdLTEUB,1036,1000,1000,1097,true
2894,GpBwXhAtJU2rNM6ahtiDv95N64iAuH4a9ynZtXHqsfmq,1035,1000,1000,1097,true
2894,J13cNpeGmKBZv8AZdWBTE3nbE5imyeoHwXYq35xodoGD,1034,1000,1000,1097,true
2894,CvFRSLpsPFuDztWqWZ9r1HEKpuVrRSw6RBV94R9Bnhdt,1033,1000,1000,1097,true
2894,35UX2X9CKBY9xEg2vRrnYC5dGjhRf6T222dZW8cDqFWc,1032,1000,1000,1097,true
2894,Arhw6a3BhtR2WnRhq9dNR4ZwcbmeTMiDgG9nAAM9JVLw,1031,1000,1000,1097,true
2894,6GLQMd1iFDoqn3ZXq4eCcQvZtxMCr9gDgXgBWRiaQc5S,1030,1000,1000,1097,true
2894,DWDGuHt3nkJRNnH8cpigyE78wFobHP8HFWgFmEaesXZy,1029,1000,1000,1097,true
2894,JAgdtn2MJj7o4sZg7jU3yt27yS5teL1xg54JHwqfjgNA,1028,1000,1000,1097,true
2894,APDJwdFesLNopKxmab6x6HAyovkswm5S9X7u69GRjqpv,1022,1000,1000,1097,true
2894,HeUEUp21b4XBNLsjCgmGCWVWKVCcaviNC2KgTtppG5tD,1021,1000,1000,1097,true
2894,8HKXWSs3P2gFBXsyR4Fmw8rHGwRZqyNJc3NwgZuS8Y81,1020,1000,1000,1097,true
2894,3hTVQMiw73aLXnyxh9SBKj92SDAkesqTBtTWUiD3osBC,1019,1000,1000,1097,true
2894,E79Xk7bXQ4yC1nzNZQZ9qorvirUc3FNKumR6ir4KpL1w,1018,1000,1000,1097,true
2894,52hVMwbqwLGvA8ds5KnuXgfYkmT3aKE87w7SwkXQ4VR9,1017,1000,1000,1097,true
2894,5iYNXXkbvkcNP48SD2r36UALnTyJcwRjtvndcSMiBr4t,1016,1000,1000,1097,true
2894,C1mof2N7ymAKnzYn6E2ZD7AYGCxGtrjDMpn5FKvUhqVk,1014,1000,1000,1097,true
2894,UmLZN24qzpc2yX1DSuH5KAUJBUzXqtoHp4AfSzuJrZ8,1013,1000,1000,1097,true
2894,6fMf4yEwSmQXbPBhkvBfFKgDCtxcWnxLqL4Dr2bjUyX7,1012,1000,1000,1097,true
2894,588H1wcLrJ8rN2cWXbg8cafg1XAVY5aA7dGRCsJ14t8m,1010,1000,1000,1097,true
2894,9TyUiSVzXWVQmTskAgeL79vNaLFhVMu24tcBmjEKkVEt,1009,1000,1000,1097,true
2894,D1LfJfBbQqQYbtqZZDMy7wXfkvckJoWAHRZwSXqJxdTt,1008,1000,1000,1097,true
2894,BMVTLS4vb8xipDtT8jSSykn6dDn998zPFtDHX5G4QqQW,1007,1000,1000,1097,true
2894,FvfwQQHbniB5MNEuJZeSGe4Au8ce8mHiyrNYxkAZ56k2,1003,1000,1000,1097,true
2894,7e1WmJ2FVvF9KH7avNjb58Gx3v1vRyPKjem64oiFqpjg,1002,1000,1000,1097,true
2895,91TUi84ohCQjwsMszJMQj5qPQT7wn8E5qNiAMH4rvAXj,1299,1000,1000,1097,true
2895,2RUkyEidwKRTN4mi8QnZtJ6BvxhoCqw6ZHF2F5a8DTPu,1297,1000,1000,1097,true
2895,GeLatEmDr8JJuPG5XdDvDxeNSwqyVFyn18Pta52XxKx7,1294,1000,1000,1097,true
2895,FrRxnircaHSLEaAfNSzptgkotD2zWr6h2QSekXGMGEwV,1293,1000,1000,1097,true
2895,AnRZeJDXptFxn3caYdtQ2HCuCyS1gyNBuPsFMJR8HGHL,1292,1000,1000,1097,true
2895,Bu3oYTmi6GTScvjFrcKjLm4LACo8VXxsaZ82gEb7BLL9,1262,1000,1000,1097,true
2895,64qnc2hhEEjaw1dHPzFruM1Wb2YcZ8fGRmujKz7vfshC,1240,1000,1000,1097,true
2895,8SeK74dUmm1CsNaBvG1L4bYgLzi9Ne95VgGXNK6o3wca,1239,1000,1000,1097,true
2895,446Ub8Y7gKajzUF2JC4u2NyPCvaknqefntHmGPN7QbEH,1239,1000,1000,1097,true
2895,6tvxgu6qJQ7C5nEWs7VeA87p3ZuTTpEGn8ZGHmBo2hF9,1238,1000,1000,1097,true
2895,9rc2rDAbHCHx4AfWoMVHCmKeosDS1q1ZA4pNAkvgHi9Y,1234,1000,1000,1097,true
2895,84cWBHCcbyjctknX2WQ1HXcnDneD2SqA3N9Q6MjZ78Nd,1225,1000,1000,1097,true
2895,CTWGc4b2jnzEKUBy6C4vA5E9fh6bL1gkT2ZeFukCT8Zf,1222,1000,1000,1097,true
2895,5ysZjs9MHgN4KsFTQ15waFPcyGy5Pk5AFWBmuRm2qvXw,1220,1000,1000,1097,true
2895,CsYeJDpxotE7rNDf2sGHH7Uo7YUysC1TZpSbpbexaQaH,1218,1000,1000,1097,true
2895,6SGStK5dgcTbPFRSkxCr9FC4SawVfgHEBa8fAiEUvr2G,1217,1000,1000,1097,true
2895,6QitG4nDXwj6SbgV6NGc6hPGr1k9eMMZQY8PWfohoW1Y,1216,1000,1000,1097,true
2895,9hcAhn2VsxRZUoqRK89LW45Sj6hzSF9n5mrwT6RTh9wJ,1215,1000,1000,1097,true
2895,GrQvyazKAfvBcA8aH2aEk5EonEXjqNKc2Ece6QuU3L4R,1214,1000,1000,1097,true
2895,CxvpmLzjWtbJzJ5e6oj43MLMYnKKYNxtDFGoysRbhhgS,1213,1000,1000,1097,true
2895,4TsqUz7fEm3V7GxMDU6JPyKWa1nXhjFvdLfFNLhTGvqu,1212,1000,1000,1097,true
2895,Fjz5NiCy18qbHgSPnrR8SSeoNy5gCfW2Axk5yUjxDFMW,1211,1000,1000,1097,true
2895,BKdqd4HV3qYTj4Z1Rhjrxb5aqATpq96yXUwx89xs751Z,1209,1000,1000,1097,true
2895,CZAL51wrnjNPmHbierQMfpt2a6gGH6BQ5ZcXtrm3fzrc,1203,1000,1000,1097,true
2895,DCRZXmRYzSGaHTaVrqP7hcwUUKufiaJ8eCuzjgcA9aN3,1202,1000,1000,1097,true
2895,94CtnnSsdu8NrD95aiR52rU4cCTRX5J63cdV9F5M5MRJ,1201,1000,1000,1097,true
2895,5XfigK4CU4VygSZA4kJz1LDp7DWS4svCibT44wB5RHev,1200,1000,1000,1097,true
2895,CKrUJcVBaabVdKr837AUqN3zFBrB4Yu5AijmsFJNoSSW,1199,1000,1000,1097,true
2895,BT6JQns49mg4aV1DYL2JzPPBzyPiRc2HpbzUUzjZNdHK,1198,1000,1000,1097,true
2895,4tEz28iEGyo3tsdkU5Le1fgzmeyPEddxhkX7xs4KkVF3,1197,1000,1000,1097,true
2895,8P9iGeVovHxJhj3RSfZsUnvKjKp2GDuyJmEh8rxLtGTk,1184,1000,1000,1097,true
2895,CgUXVYLjm9E3EBDvf5LYBVQPLqdWjkw5urV98bX2LSgq,1183,1000,1000,1097,true
2895,2wTP5hDeWdNEa7mv82Gqu4MGpfB1i8W5HamTPM62YsJH,1182,1000,1000,1097,true
2895,HrGneumDBkzu39ovSvZ8eft1VGgU6Yux8jCT7aqjxtqi,1181,1000,1000,1097,true
2895,84dd7wkQ4oWPvziUr5BvgbHPBs6gixaoyEV61Z3ovZNT,1180,1000,1000,1097,true
2895,BQ9Gwj9iW1NQt1ao2qzE9JDiRJH6HyNUZ11ddoMPGdUr,1180,1000,1000,1097,true
2895,BYp3VUGTx7bpJwj5VvpEyuhrQ5JsJhfH6j66aGa2BP8A,1179,1000,1000,1097,true
2895,2Vd3KG9U6VLnizw44FRJGjNZKHayYYdcYmgGoDnEacMs,1178,1000,1000,1097,true
2895,B6PAB5g6TDcUbTGrFpujSJReWhsRNv53HYyQ9cLHVeHj,1174,1000,1000,1097,true
2895,2ZxJpqmACDZhqJUE1HduPYrDNoQf8d4pJ7zjN8LNhwQh,1173,1000,1000,1097,true
2896,H34UVdhbp4SDEJjJpXPcn3iYnYS1gxyPJJYxS5pJhFXN,1171,1000,1000,1097,true
2896,BbzogJnMdBw11xHHRaUJKcJtmSkntjC3fEsM5FKRUZWh,1170,1000,1000,1097,true
2896,eeFAp4QMVAHLVdzAA7krYvpaEpU7nRCFSdyxUPWJkLZ,1170,1000,1000,1097,true
2896,8GKJrKWTQA1iZeds8FaESyeZtus3r9AN4J9ZJ4fHXTRD,1168,1000,1000,1048,true
2896,F86VeVpty6eqpJN8SmnHgPyeBsxLLKmxJ8vdywpAfLvc,1168,1000,1000,1048,true
2896,BKico1jioACBDVEUt3YxKU1khvpPsADrH6DPg91itgZD,1167,1000,1000,1048,true
2896,7EunGLq1TAGhsz8md3vJuCWgqjeu4FM1DHubc2BCtjaC,1166,1000,1000,1048,true
2896,CrqSnxUdnJ2zahTihfffvtSx6bdP1a2NcWsYy8VnWiTn,1160,1000,1000,1048,true
2896,3b7yPAcSdfBSizX2LmTDQ6N9NcB92XBrHgmyoerS4Tr9,1159,1000,1000,1048,true
2896,Ze3sNgzo4xmvtgzMgCkeH8nnDPkCKDvgyAspc1bJg9b,1156,1000,1000,1048,true
2896,8RVxhnKH6EFoAbweKzxkixLx73tn7UmNwsiqNijoHX9h,1153,1000,1000,1048,true
2896,4NBx6qVDnGsBVxYh1YNMyxTMjRc88F6zCapn2o54fJ5W,1152,1000,1000,1048,true
2896,6TxUneBYtWMKjcup1n879UjW1mSHJbL5ddYvgn32tCy4,1151,1000,1000,1048,true
2896,8aUDLHGsfxUv9mbRXtWv3zTeGCc7Q7LYp5uQuFLrXLqN,1138,1000,1000,1048,true
2896,3BHtdyWQzyVn8DiREVbvReG5f2ie5xKrkuFvnZ8bzig5,1137,1000,1000,1048,true
2896,7PANpp6o8UgTyxVWZVFCBtubzizX6jwKbiAhG5Ja5Fic,1136,1000,1000,1048,true
2896,9gibwYsQHe7sPck5B2wQWXahJuTBVVUETGEqFd4Rm4ZP,1124,1000,1000,1048,true
2896,AckekqwhWcG98xfHRkyNK9uinfRM7NcP1nE4cEMbwyxu,1123,1000,1000,1048,true
2896,3Qqc1LoF9U3o5GrTK2zebpf6wqABQqgPMqw7C3qnGpjr,1122,1000,1000,1048,true
2896,55284aKrhXxmrdLjSjXhE3kcfNKT7jJJB1f1mBJTBSnA,1121,1000,1000,1048,true
2896,BH9U9vxfkgrn9Mx6NtqdmjbJJvFkRZh3vC4ASVb1NebZ,1210,1000,1000,1048,true
2896,6c5TSM3Cf2pfr7Mzdzx4jkTPK7DMvFJEM6JYgqfjeWJz,1181,1000,1000,1048,true
2896,GyCMfiZp9vhtMAw1QRjmwgSALzbAcjcbbHg1oHreWVzp,1175,1000,1000,1048,true
2896,FLZcoB9eX9q21ZEwWRW9cswUChMcodgsjgV1h7BxwKnM,1172,1000,1000,1048,true
2896,EnyNe3BhJsu3Jg4Y1Ms8MgwMgzbwTDueXtACWspGyKpC,1169,1000,1000,1048,true
2896,FmUnuyhPz34QzFXMq3J7d1yabNmnPsPP5fw5kVjvAQJ2,1161,1000,1000,1048,true
2896,2kMybc626nJuLSeBhDMBjboBpgmCs8aWXAutAoLrA1uX,1157,1000,1000,1048,true
2896,1eLv6GDFDr13peQH8NB3kRW8tGVVKSALHG27AfTNgkb,1154,1000,1000,1048,true
2896,8W4qmKpku6LdkS7n6WNpvakhAgWqgiUgWHPjJT1M71zy,1120,1000,1000,1048,true
2896,8iEqrhavMYATs1Q3SQX5PBSAqu5EPwSLmLihL4RwJUps,1119,1000,1000,1048,true
2896,3b9VrYhagwiX4WzGmCy2AJ5V7EKSydYTUX1Hh87FQdH2,1118,1000,1000,1048,true
2896,Ds1Dmph4cRGoaXGZBw29AZBgRPDsKf95LB2yFUamLmdH,1117,1000,1000,1048,true
2896,2XYwCXCP6w9WqUgH76YW8MSLr1Jwk8qdAyJ1tQ73qRhS,1116,1000,1000,1048,true
2896,FYwLJfMczZRhqeK7W1D4c3JyMfxaoqBR9WfZRuu8TKiy,1115,1000,1000,1048,true
2896,Hse81eMyH7NsdVqXcun1UvHrhaPBKNmhPADUt2DAPv6j,1114,1000,1000,1048,true
2896,H7dELi8PYsUB5czCxMKjQeUbJqmCoy7mW2tACZQkxsYf,1113,1000,1000,1048,true
2896,4ntdJDiLrRGWSPxiD8Ci7ipyPf6jbsvPdqik2kVkgfxu,1112,1000,1000,1048,true
2896,AiQM7cVn14S9t6T2f8LxdMYkCtF7xGph2siTpcMutyyE,1111,1000,1000,1048,true
2896,c8UjjR9DrtsLCQ3nUWdfKqXauip7N9SNCpijhUjEyLS,1110,1000,1000,1048,true
2896,9VSddYbR7K9wDazaKLTU4EEqWp5BR6e9cCxwvnPy7h21,1109,1000,1000,1048,true
2897,PJ9U1wtrNHNsda5xP9s3nvmKatFbyeanb4FFMEwfYsf,1027,1058,1000,1024,false
2897,2jRbe4mYudzJppqavGHozT7oQYmzhqzobUfeTVhCPv9b,1040,1058,1000,1024,false
2897,3d4nwfgzntz1AwGomVpBVyn979o6cwDP8fXNA1nuiMMp,1015,1058,1000,1024,false
2897,5yspykRkxL7HTtoHFMpRUv7CfFZLXfd1J8tvvxGKXCBT,1024,1058,1000,1024,false
2897,6hZU8GqoDiCB9EdKCiaQw6bwpWMnVbMo3KZDuEA9UvFc,1042,1058,1000,1024,false
2897,8jpvbT2twoZxpAkg57jPnbBHnPCgrVb3dR5p8hBBwsyV,1026,1058,1000,1024,false
2897,A2bgjn5nC4zggWRacveHSD6wBcr7GrxymkknRocPKWC2,1011,1058,1000,1024,false
2897,AL6rhCLhLbwwaBrJSUow9nT4c5QP49Euv9QZNf8fex3w,1005,1058,1000,1024,false
2897,ALLsJQWc7px2suc4uQ684f4Xrn9o9MKo9WXYsCNbMv1n,1006,1058,1000,1024,false
2897,B9ZzU9WBnk8bxrqW5s6a2NRFYaAkUfFZjGJKakKYJXYz,1018,1058,1000,1024,false
2897,CDYzwJv2WxJyXAXpGAE4xa4Am189vqYnmZkNZC8zxLCT,1025,1058,1000,1024,false
2897,D8jzY2XfuTnjqfKGSjC1kuQyxjTzJmy7QAa4i8FiQ8UC,1046,1058,1000,1024,false
2897,DJAUWqeLFNbHQthjrDmszbNnnq2FNh3V6hcPGD8N5gp9,1044,1058,1000,1024,false
2897,DsAg2aJF199dqNGtqgDbNNzdcFNYhoCnYufUNEDm4y9D,1045,1058,1000,1024,false
2897,EBF5FuNgCnQWLy2pEWnWzJpi92Y7cCWz2hyByrXe6jAg,1043,1058,1000,1024,false
2897,EhTXfhYyfs5Pjho7xcLk5BvszREeKeDePLsjC6pcZj7R,1000,1058,1000,1024,false
2897,Fj1ircF6gVHkzzkCQriYiP2MukX7kmgv9Ge8mDcjqHLY,1001,1058,1000,1024,false
2897,G38rF7ChmB9tZGjgb8eXSud6q37sFuJuVaBwTdwiE81Y,1041,1058,1000,1024,false
2897,GmXaGkxoMJirACocKqm4M9JmvdZs9vtSURAYdW15RNKY,1004,1058,1000,1024,false
2897,J2oTSCK1r9Ps11UoxLoEecMVRpDMfDjWwREGFke6Gqia,1023,1058,1000,1024,false
2897,4im2puz6sLsArLCwfPXYKT98bhpzg3tCMZWckzqbP8Zj,1108,1057,1000,1024,true
2897,4WYKXEBbhZHEUD5jrkT6gM4mrtcX6MpSxYUQ2wgrSXTB,1107,1057,1000,1024,true
2897,FPPVFNjf6ZgXo1eZFmYEwwcPH9uALg89GNKu1etijjyb,1106,1057,1000,1024,true
2897,9CQBw21X9eaQMNaoxEc9Wak1DHwdjvri2o8k2yLfq1eA,1105,1057,1000,1024,true
2897,7ZYypNnimYgtHTH3ueocZtifMWYeydpPQuj172T4rokx,1104,1057,1000,1024,true
2897,C7DFUXFjvjRXXJGgFtkce2RNzAKpGPnQg2TpfxcrKmXB,1103,1057,1000,1024,true
2897,C2d3Je2Nv16K2rSYQ85mQDbwcFsPn79KV5cj1dHMGmek,1102,1057,1000,1024,true
2897,7nfCVnjf49g6WdFK4eV3BULk3wxYiwXRPTqAAaXZJRyA,1101,1057,1000,1024,true
2897,5YFbJFSxUvLkU8JSwZk6oFVjAGmMgwFqZtfMcGnULfP3,1100,1057,1000,1024,true
2897,HEt8Tcr1xrJ7fF6pdFqv7iHmcCPRWVbTXpCJqDQZ4Dj8,1099,1057,1000,1024,true
2897,DE4JVtRvGpDGg8K5yfL7djVcSxwE9q4ucTL42j7vkeri,1098,1057,1000,1024,true
2897,6rsEPGQ8HxZhQcgjb1i2TYkVwoDz8hPSR4T5dtvtW3j3,1097,1057,1000,1024,true
2897,Eu7pJoqCpjnnAJsgeFWYKePZFfsqu9hrPGwdZ8NydZnJ,1094,1057,1000,1024,true
2897,EU74LwrL2xjoHn5gZBeyrG93JgWJG66PZnVA5YjVteM3,1091,1057,1000,1024,true
2897,4LbhNX3Tmt2PqbsoY5wv7NYjSNykXcdKrSpGrCzifaVs,1090,1057,1000,1024,true
2897,3XVXtL54bGBwXEsz6tpoYocqCZTYXDTZEWUJb1hL2WwG,1089,1057,1000,1024,true
2897,H6pMAYRHS2HaVhE1oY11BV2Xm9SLFVQ8FcbLWmPAn4oj,1088,1057,1000,1024,true
2897,BY7sMnhxu4SLhSc6nEUzquwsJSHPEiyjAh4D7eCdVY8b,1087,1057,1000,1024,true
2897,HKGq5WUqv8LLBU8ecmgjbcJ2PYA1Zw4g6A2XpKnUu3ZK,1086,1057,1000,1024,true
2897,2PrtnDi4oh2sY6wLnm7FHH1B9UcaSb4X38rcjYxSZgc8,1085,1057,1000,1024,true
2897,7Y4HJWWzNyN2J8pNWdfdHf61f68MfSmPi2GcZr5t1qM5,1295,1057,1000,1024,true
2897,4qF62NfnrFFszJrihcdgZH2X8vMGtSUXVzW7JHv4b4wS,1294,1057,1000,1024,true
2897,DsvwyfPaxRmYWGc16rRzCTQukhVYGv1h2XjkpGi1RdS4,1293,1057,1000,1024,true
2897,JCvqEQbMxTyhPA7Z7oKxuodqr4gxEYfFcZcAEzfk4jX8,1203,1057,1000,1024,true
2897,Dxr63gnQSkJaWzN77cBjSswdfq29LLYmHRHymCMs3Ufx,1074,1057,1000,1024,true
2897,2KrZ62eQoJQAzyPtAzUXuhJCmfkwQoSdMJANt6J1ifbd,1073,1057,1000,1024,true
2897,71UkVQKetpEp2wEmgbaQvbHMSseMmt2gpsdyuRnP6v6k,1071,1057,1000,1024,true
2897,8YhWpNLV45U6sJSu1MxHZrWLLz63Bs23tHntbc1kcYqQ,1067,1057,1000,1024,true
2897,6q2erVze7ov4Hntu9PCw6MtFAuYfRF2HJyWPNTCWpchv,1066,1057,1000,1024,true
2897,GU674n84JAB7rawyFdxUKXN89Xt1EHkUXuAxt1K1vXzN,1057,1057,1000,1024,true
2897,FnhY8LgWTneLVLZHJF8y5Tn91jj4k3Qxd6dFhTrsonkB,1296,1057,1000,1024,true
2897,Bs7FTiT4tvuh7EEzb2shhwvqRCcMdgHWoWh4MVLY3jhe,1290,1057,1000,1024,true
2897,GgEtxqZUFJ3mqA5ptmUkPUi44AfFkjN9dzhZGG17d3HD,1289,1057,1000,1024,true
2897,ESDHAdohop9asmwgXAkkfU6tfod5fPghtmUBbyKVDZti,1287,1057,1000,1024,true
2897,Cgx8YccEBqY4pWH4XU9iyxYPE7tP4oXAwsSVkftqghgm,1286,1057,1000,1024,true
2897,1SodCMZ3LFxKnydikdneMTEBvtrBP15XVvKyTnA1jvf,1285,1057,1000,1024,true
2897,G3zYKeWLc1b8M4w8uBau9zMiqxrQ7GML7Es2KQc5N6mi,1283,1057,1000,1024,true
2897,HyR6XkXodbAMtYDFExVZ2Fns51Py1JxVq2nCsfLCUPdj,1282,1057,1000,1024,true
2897,BUwa7JFNfUh3TakwspGZVjTbQBKCeGSuaQjy6hvy8JsH,1269,1057,1000,1024,true
2897,Fv8oGok8VEmW8zpDRvvguGh3A9XeeQ5rQeh34WeW2Qva,1268,1057,1000,1024,true
2898,H9qdJeBMLCj56eKyWBgs9F4d13KJf8LozYtskktSyRaV,1267,1000,1057,1066,true
2898,BubV1cL2Je3ZZuuv7auCCEpNXNYp614y2EMSUTNdsgTD,1264,1000,1057,1066,true
2898,6aQhyeNEcPqSz8qjPm7uPNoiLoiBojj1QWGSthp9TSgN,1263,1000,1057,1066,true
2898,Cqvx69mYTM94BpbNwjeXBL8pfhMS9dPe8AmLu6kjL9Wj,1259,1000,1057,1066,true
2898,6iz6GCRfRZyirkieLd4EU4GJ8YK56U6YVaX9oZihEjEo,1258,1000,1057,1066,true
2898,5rweXm78FvjRFEFQ67tRBb6Ad8ZfVxvxSKMaxwSJ6LmF,1257,1000,1057,1066,true
2898,EUsJeFDWLsPtgA3CbFbt3zH4XcxXjtBg57xajahqvKR9,1256,1000,1057,1066,true
2898,J6ffgE2kuuXnvfzX6NBuxxJvUv6mHwHh3NhMLa5sbGsH,1255,1000,1057,1066,true
2898,3RDdLnLSeGsCNZerzhiDGN2K4j9YmTtGN4BYuMMo88SX,1254,1000,1057,1066,true
2898,H9vGUD4T6mxhhzoBJ2AWordupBXUFtoYRzH6yhQE2bcG,1253,1000,1057,1066,true
2898,BrTxTaNUhzbR5MQDQs2RRy3gqeJj2ri7H6bs5yYJxGjM,1252,1000,1057,1066,true
2898,J1mWzedcB7794qdHMxq7vrFo5Ew7rAsFZNc7nNHjaKmE,1251,1000,1057,1066,true
2898,ECosi5XdewUtBdMHSi5mLQeDdKCyrAwT8fg2SmK8Wam7,1250,1000,1057,1066,true
2898,GmY35DjXzDEEB1j4GuBD8QhSrzFxqMBqk5BCqi2D4JLw,1249,1000,1057,1066,true
2898,CZgm3Bm71DuDoTeHSdj3e6JmcivjeVr94RNn6sEopf7P,1248,1000,1057,1066,true
2898,9DQvSWvpmP5vGUr6iB26hi4YczrDk2vuLydgCSLAf6iN,1247,1000,1057,1066,true
2898,662ntreqfbhsDHqCrBd6ty2vGz89Em7hWo4MeTMtciSa,1246,1000,1057,1066,true
2898,GyM4MwXNFeHEPSFm5enFot99Gt2jqVX2yjA4STvmSq86,1244,1000,1057,1066,true
2898,EyHzxGsRysDbJMB2PZ9Ee4coWS7HWKzQmYB2V7prHAVA,1243,1000,1057,1066,true
2898,BXpoBWr2gJDeLdQC6fXg8NYe9u7CwFdUZYLExUg2bxNs,1242,1000,1057,1066,true
2898,5umZ5jYG3NZ5E9AxsakaaBcdv2jRL5HVDsVudgk5AkVA,1241,1000,1057,1066,true
2898,GTWv9qKaCABxVM14Q6EvDXJgNtnKdq3XT3Gh3QeJ2qkn,1237,1000,1057,1066,true
2898,HbjwozKp3XpYHPcMtjnDNVJf4ptVct8Zb6x6eB5VkGUK,1236,1000,1057,1066,true
2898,8WwMvgSZARD1tcs4e6voQWvuXDiBw2YxesgZpvp9hu59,1234,1000,1057,1066,true
2898,4fnTSxNhwLCeYi1ue2CtUheUzvgim4xfKAdjQQ4B9WeA,1233,1000,1057,1066,true
2898,mcwVkHcGb7JCpsUm8F7GApcpHDKdWqDepApoU4KEzML,1232,1000,1057,1066,true
2898,D6q2jEpyzrTJmrLUva9sUZxQ7JCEPM8RquDgY69XeWZC,1231,1000,1057,1066,true
2898,A1dJBB3NjciwyYmmCKKwnJkpka4xnWthpXcJKiDGf1cT,1230,1000,1057,1066,true
2898,Dn1CTYa8YrjViw8tRCWLUxhpu44zTErnVFK9t5H98Guy,1229,1000,1057,1066,true
2898,H9M15RyLUJ8PM2ZhzYWCWo34iUSTbeHhrdMvxHvqbooj,1226,1000,1057,1066,true
2899,G8FiCMdnbruW5zBQThKFpWFXYuYbrvMRb13GqiQCHoDx,1225,1000,1000,1033,true
2899,6tPbjt91ypkMmTkZ6rEcvKFAKQD87ppLonVEdBnJCtwH,1221,1000,1000,1033,true
2899,2opyCrUJgBf22kWn3DYYd4oubp1YGe76QXDQBdDzBY79,1219,1000,1000,1033,true
2899,9ZWdozUCeTCaxq3kkYMSpqE6LHsoycqCkUQZ5EVRVB4C,1216,1000,1000,1033,true
2899,C8UFFVm9QJbrXtKojnAg2B4Aq1VZ4KUNbdH6W7z6U7Y6,1215,1000,1000,1033,true
2899,6kgB2suwvP2grjFqtCYpRcn59Xqh5zPNRbWY7jFvpY7T,1212,1000,1000,1033,true
2899,FHcLqVbEAV27ZWYvdqQxwfJeudyUygcu1Hpj6rVMJsMq,1211,1000,1000,1033,true
2899,9UYsHJBVyt7QhL5Ms3dBfG9vsu7rH1jd39Js8YMgZvwL,1209,1000,1000,1033,true
2899,6EhSv5iXfmdWQyVjZDwydFEmVWakkFrZnp8t94S7avsJ,1208,1000,1000,1033,true
2899,5fC3dpzAgZwM8Ts8jJrhA5Sm66R7S5pD3hhL1n3iJgZw,1202,1000,1000,1033,true
2899,GpVHU62SyrfwWZf25RpB46MiponXTDhZyBpXXz6WhTvY,1201,1000,1000,1033,true
2899,4xnrh7udCXFJo2YdLz76VVqiY3QdZxEaJkAfz9RyBSGG,1200,1000,1000,1033,true
2899,6sdNeUto6f6MpeS55SzEsNiLKw81VYW5KwBzCRFf6G4Q,1199,1000,1000,1033,true
2899,B2QX7g12L5qgC8DAcgpMuUZPxRFFjCk5RRkVFtwHjXb9,1198,1000,1000,1033,true
2899,HUwtKVFRHfp9dF3rNFi2oDURqG7657H3ABJounYJWqA8,1192,1000,1000,1033,true
2899,FPNJjCr4gn7s7cBgkTDAk188myVTSjF7t2fTqe3HW6TY,1191,1000,1000,1033,true
2899,AkBLbAgjo3U3rHDh84CDAvQtNWPx2EiM1s95Tbzs4Rvn,1189,1000,1000,1033,true
2899,GiBJuqQWDpULPuqrjVMmqzAb91Um3HtSrUqzbG6NDnsp,1188,1000,1000,1033,true
2899,5Rx7TCDhq71Gn4d6VaN2yYqCotHhLJjRYEKoVvKzMVX8,1187,1000,1000,1033,true
2899,FxFm8aN7erYFaBrvCNwPwsPV8QAAGsidyKwqAXcY1dos,1186,1000,1000,1033,true
2899,GzmgdCXzN5uzseZZ4htgPGc7S2FE6rLJGBDwjmbJCUiJ,1185,1000,1000,1033,true
2899,7FnXS1k8u5bj6LVLRED6TQWkR7hwC8xi7RwJ1LyYvAyN,1184,1000,1000,1033,true
2899,59uY4oGQ9E9gwZTospE3QGqHDivmfrCHX7Q2DGH5jK2v,1182,1000,1000,1033,true
2899,G4PGXFtDQRVbTXHw7k52jkLJos9C4hQB2k2ihhAt7oe9,1173,1000,1000,1033,true
2899,8R5DtFgPP41iZsr3RBEHZYCPS5ngaogYsFewX22Z7nTM,1164,1000,1000,1033,true
2899,A9K8dRAAB2uLC79Ej97DK5KFUEj28iwGErmva6aNtBsS,1159,1000,1000,1033,true
2899,5fJcRGddYzC9ZryV7gBQ8RGP7kPaZ4YVLcn6Y8HFi2Wb,1150,1000,1000,1033,true
2899,GC9Dw9YZyyHJvXwcs5s8TzQdrfsNmgDxrRoXLG8Wm9Kh,1149,1000,1000,1033,true
2899,FgaysPEtcGAHehqFkGj4dUEACTEiwqQw1rDQNtXHjapr,1146,1000,1000,1033,true
2899,BFWhmMxfwYoXibXmRcsc2EXtvNCUVd9gp8r6SGAiiUGh,1146,1000,1000,1033,true
2899,9tTU5brHZ6giYhyM8FjbwPcJvd1q8XdhxLRRst5JJG4W,1143,1000,1000,1033,true
2899,8eWjufsjdD4k5vo9C83qaQCRz9ism2krjmC3PAvnMCsi,1141,1000,1000,1033,true
2899,LZGxzTXv9T63xzH1LekVNRahNfYZdSzsaHDR9v1H3HY,1140,1000,1000,1033,true
2899,G4aVDbJM1Rod5eZBKAAdw8wYhN5aUauAz88wwgw6fjWL,1139,1000,1000,1033,true
2899,HnV5hWwW1zcWJy79MZ7YvMUaZymJubiaU41MmzvTfM3P,1137,1000,1000,1033,true
2899,Hn9c76SEjhSsVa7cMUESz6aTGzJNMGLpTtXZakBqTkGP,1134,1000,1000,1033,true
2899,GDLtjuSA2k4suAfWwfsa73NLRk5Q9XWBMvTEKPmtBWiD,1133,1000,1000,1033,true
2899,A4onKYzZMVv2NvLFsttV7zGWFA3RaAnkeahDyAvc7Gzz,1131,1000,1000,1033,true
2899,DWRsLusNCDTEG5u2Xzd15ermxcvZfDLhV8h4PXPWjTCf,1130,1000,1000,1033,true
2899,9dx2sqk42SMfJkoiZeeAqXKjtC76GfeKVTjmYaiHxQBQ,1129,1000,1000,1033,true
2900,8s7ow1AA28hghA4eYnaLpHHdTiyL8s7mFpBUu7ECPjS2,1052,1058,1000,1033,false
2900,13GD5hNZEeX5LB88eMcq3eGEghKpNm5juVCAaTta2cbZ,1093,1103,1000,1033,false
2900,BkJUCPMr4END8yLBNfVSZSQEA3SDtDz7oxoiKzG9d3x,1044,1103,1000,1033,false
2900,DQMZrXC3PjcGEe18CM5UpJ8nYAXD3te2TGMT7b1Pew1,1083,1103,1000,1033,false
2900,Meag49hN9zhzEQ6DS8JkeFsmgtbv6rH7xspU8KwnxcT,1065,1103,1000,1033,false
2900,rmW3fR2caJxGDGtLNses4UKDPeJazi6vsAUg8T8V29C,1027,1103,1000,1033,false
2900,wCV7vKPVZsQkb2UPVoSS22Pq5jDqQvZwS92uAy2k1MC,1021,1103,1000,1033,false
2900,wuLGaxZVDgVwHyqKxL4iaJGgkhfSFgJeBEkbNrYNfkV,1037,1103,1000,1033,false
2900,2FfYtHvsjiJEncDdXZ4yxL4NvS444yMYurhXe4NDj2bo,1096,1103,1000,1033,false
2900,2gLc1wAAidp2G2yxMCoYhFsA9E46MieikRZhkbiUTadu,1088,1103,1000,1033,false
2900,3iaDgyfzqsCXXSvNSUuQo9ZUyafBr9MgfPwtZLd6rzNu,1004,1103,1000,1033,false
2900,3jX9pu8YEvBTeutM9TQQf11xwekSAcEoRXcBehK8a5zm,1043,1103,1000,1033,false
2900,4A6AXLnijab1xJchg1TiKWcbeUf8GS8DGZf6e2ZbqYhS,1036,1103,1000,1033,false
2900,543UUeaRC8RmvQd5J9X4Q6p3yrfBskBmsoWfxXv3Bmoz,1046,1103,1000,1033,false
2900,5DdGWmT9PoCHg5LfxiaUcoooSKhyxg3exMrsbFzX3XWc,1079,1103,1000,1033,false
2900,6PZDix56FdydohNKGAYfD6szBREycp5EtSaAFyyBrfBL,1002,1103,1000,1033,false
2900,6gKny7eDobvowHn29Sn4J2JVSDzBrVkLgvVSsuqJtxE4,1079,1103,1000,1033,false
2900,6o4GN8UvgWu7nqhet7BUAGXv6KmYh4Vf7XdNuqcTLvj7,1047,1103,1000,1033,false
2900,6qTXRTMi37QgfHqxv8VmtsEUmosgwzuGhKyNP1KpKjpo,1087,1103,1000,1033,false
2900,7vQZX2Fbj9FFmMUewXCbtnoxBCYmT6T35YyR3orVs8Co,1006,1103,1000,1033,false
2900,89ooC1btvirpux8UcmJVQvRed4XESBn6CtGysVrRaywm,1064,1103,1000,1033,false
2900,8PjwJUM77pgercJ561yhTGezK3UURKzqEQ3YsfPZ147E,1025,1103,1000,1033,false
2900,8SNqGL24iWaXcvqw5fZ72rX2duSc7ktNokvThjL2Mswp,1049,1103,1000,1033,false
2900,8aLycKDiQYx8fy471KK93XDX6jp6MbSwRAfZ4FDMK5M2,1095,1103,1000,1033,false
2900,9Y82jLv2CZczoPttFmbxygyUaG31gTP64C61nBfkpgLq,1018,1103,1000,1033,false
2900,9y9pACMcQ5sqe5fUJcbS6Xr8yXfToadUzbh62oV8AuPy,1045,1103,1000,1033,false
2900,A4niUXePwaZ1TRZPhKJPRgJGDZGhcsbzxSigMmsHLNaQ,1015,1103,1000,1033,false
2900,AMum4jNGAzB9PvZUAAvvWxsQxhddcZ3VFfs9Ytnr64pK,1056,1103,1000,1033,false
2900,AvuWF3y8LmRAMXhXu66cUYGqC1tkD2AoET6eiWeAT4dP,1080,1103,1000,1033,false
2900,BKGnTurQvthWjTMtZkQtavN5KcVvCauBJ9ieVPZvZTzF,1076,1103,1000,1033,false
2900,BQmtxQV66g43ro7P5epFDg9VNw2HYmSeH9hgnv8WyWgC,1096,1103,1000,1033,false
2900,Bb3Q8tC5KCJX3AKnsMPFa3RzNrYtr8hJSqsAVcTz43kG,1082,1103,1000,1033,false
2900,BqunWjjvJYkvUR9vf6xUixEYx3sTKuWTJBUfw4PcAy1t,1093,1103,1000,1033,false
2900,CBHJRVYeac1cxqWiJ1jzmY5ZVNnpnovMEL77VD1UzsWx,1051,1103,1000,1033,false
2900,CgLs2zrJ4dqeGDsykGxx51oQqsJK6DsngQzYRH4iiG2p,1071,1103,1000,1033,false
2900,DBa75NDdiooUAL8M8u5t4aDNesiPyTDUmxPnNz5x6e96,1078,1103,1000,1033,false
2900,DeCKXH37mZR9XuD9ZHMJxZo7iKYyKeBJRh2u8GBdGRym,1073,1103,1000,1033,false
2900,Dgupc2d93ri26xSp2k147j9zY7YX93hFtFb323fLM84i,1094,1103,1000,1033,false
2900,EBupnG35Qjg8wSe4fMD8dizMaNJAJ8JmwskxDwEr2849,1067,1103,1000,1033,false
2900,EHE75aNUcj1ieHwyUT9HEDeorHbQjckWTfoCtpi55jD6,1092,1103,1000,1033,false
2900,EJbUJvW5KMfXic4RaLVDhnzPsQZHRvSCwZgtvY5kMkEP,1053,1103,1000,1033,false
2900,EzU5xkJHbwgRpv5WoZ7esQgUhx1Be2uvksmqkgorAg1f,1050,1103,1000,1033,false
2900,FwLojhSivkBdn2yyik4YnkULfXXmofi9dhxDWmwXUy8Y,1057,1103,1000,1033,false
2900,GNdznhHzh2UBc2ePuHtdJ1h4fob8JazTMwVMAzcUX2Fm,1050,1103,1000,1033,false
2900,GdBR2USA9BfWB4Q6fJWNw9FLUQo3CWDGYPEb59KgbQtN,1066,1103,1000,1033,false
2900,H7x5hCubPKGXRYtHKkG57R7u2KXnMJZVaBhnMTY7XESu,1033,1103,1000,1033,false
2900,HUbuhWfAfvnAqbqUpVSN7B2EHPKW22sTktLKktxmdTfJ,1049,1103,1000,1033,false
2900,Hn6K8MPussRmS5sxvtLbu6hUjh5NKyuuFERz5i5rkTvb,1011,1103,1000,1033,false
2900,J3AesKSqZ3PEopdtV6pDrEtNqZA7pH93HefrzJ2iZsiV,1052,1103,1000,1033,false
2900,J7oyZxKNpTFLihBFvNGMe1CHxZTsxo45vNL1iRdvgrXt,1048,1103,1000,1033,false
2900,5qyfjsmKUkwtUbnQuiYrTKvbcbHQuSAFUrotfiMejg3W,1128,1096,1000,1033,true
2900,4neYcVqqfhYoQMnT4qHevwiCQzf1gLFbW6ddCQHoEMpU,1127,1096,1000,1033,true
2900,ACezratG6hFH2TeY51NVeFqAAmuumQDsQteNCsXo7viD,1126,1096,1000,1033,true
2900,GCQnWUTNt7rnKpgMBwzAfbihEQrLip2ExvovHAADZj8t,1123,1096,1000,1033,true
2900,31QfoY77wwk4oiSwVoji4f8JPJropcXP9daiitQcKA4K,1120,1096,1000,1033,true
2900,G3kkJwwrHd4XsSaHxraQdabiAUeSQ62PaTAi8Lpa3q8U,1119,1096,1000,1033,true
2900,6X1ARJ5zCrQd1REvFGFswbzDnGYmqZrV9N3yFkB4K68K,1112,1096,1000,1033,true
2900,6MdKcbMxtvPH4TS2jXvTTQG9e2foNP3JhyZQHa5nsB5J,1111,1096,1000,1033,true
2900,CGZtGHewjhz2Zwdo7X73zQg35oQtfRdCyJszws8YEiXw,1111,1096,1000,1033,true
2900,6ZpuwiVVm8NoGXDihVGtBdadKQDhQvg9JSfwrWKBFEz6,1109,1096,1000,1033,true
2900,2puyTmJsqomndHz4kxNZdWXRYDu7KvsFXspu22WYio5r,1109,1096,1000,1033,true
2900,2oQXextFiZd9VuKuRRkfpz79SumvctveYV9UXkBfSPN2,1108,1096,1000,1033,true
2900,BjcYVPj8DsZqJuaS3EJc79XGygAjzS6q5sBTo1F7ak9f,1108,1096,1000,1033,true
2900,4fMNTZNwYemzV4zuHextDht12pdnLdSq2yEjoY2V8prE,1107,1096,1000,1033,true
2900,DKzPBz3B4nYSUTwJ7Ca3WGiZEJA2DkDzTfD1QDdnkMme,1107,1096,1000,1033,true
2900,7Shc2LVuJ7m3M4gjNxsPVKPLHAu2cJEHfb1HsbTdkn6c,1106,1096,1000,1033,true
2900,88mgjicNDVYHUKagyaWHEBpibyA5t2B17ozKn1vxaLwX,1106,1096,1000,1033,true
2900,DFaz93AMfuxYfaVWUS77L7EbYZy5waNxrAdvDhqek6Aq,1105,1096,1000,1033,true
2900,Em5SGH7k1rWWiouEcQJCt7MzxAPuirmxG4i616BGdYqX,1104,1096,1000,1033,true
2900,9RW1paeY5X7PeHLX6kssdsw4b3b3dg7kEbWD46w1QfYU,1103,1096,1000,1033,true
2900,44GxsbtnceAbHb9j4uahVQ3qbcxRGEFmEoFKTpukSuW7,1276,1096,1000,1033,true
2900,Ddinjxt52nAVq7roGmoAvHGBRyishVbF4DaBNG35ZY9w,1235,1096,1000,1033,true
2900,GWBXq1SJpnghLYR3w7ybSmv1oHt7S29EmA7z9WW4RMTi,1217,1096,1000,1033,true
2900,DzWrbUHZQ3pVuvyZkZGseZnp3mhRUNyB58j8QRgcZY4f,1129,1096,1000,1033,true
2900,4L1w71NstKZKiBSJ89DTmuFof47Z5fG7dD9jFXdz67Cc,1110,1096,1000,1033,true
2900,Bbsui3ifqY2tzAvXEYHuEby3ZcCjLUixvaToxP78sYtT,1105,1096,1000,1033,true
2900,EVoXfLaFVxZ7x9qwXQMmeGGXmmzB9LF7NmtDYqX8WG98,1104,1096,1000,1033,true
2900,A58yFJt6brpydZzjBDccd1FgmVKCiF5S4QDQwwURGEYT,1103,1096,1000,1033,true
2900,B4youzRiJcXQXgWy6N5SuEbETyYUCBHGtRAnEyGw96R7,1102,1096,1000,1033,true
2900,B1XYtY2FRx25Tft8zQcNtPZ46Epa4RsoJ5yEDiKKA8XD,1102,1096,1000,1033,true
2900,9SGiY9MX7gmrbVsUGZeFaSVgZpNfGLXGug9zCWKJd1HG,1101,1096,1000,1033,true
2900,8JUUE8p77remWc3RuYuibAZNmHsjeWgCf5L2tyyCdjBN,1101,1096,1000,1033,true
2900,BaWNE8ZvEuVueuBchvtNwzy3Shmn4qZVwaNX6yMmpsow,1100,1096,1000,1033,true
2900,D8WA3oDpGxGYTnVYrEN9Grn8erraJctCUsp7tXUXLzBD,1100,1096,1000,1033,true
2900,7xBxtKstTEa2dL7i4wsYtbmp5e3ux5u6crkqVafCgWH2,1099,1096,1000,1033,true
2900,7Ec4bpGWezmqJSAhzvXsDozGmESB1GdW4VrAjGmRBbje,1098,1096,1000,1033,true
2900,4X3e9UU99rvkah2J19xZ7DQa5TE3bmL1xjuQ2iWn2TKt,1098,1096,1000,1033,true
2900,5sK55ZXryKGtBsL1x81YrUjAUkWAi3DEmLgMUdAcxQiS,1097,1096,1000,1033,true
2900,9P6C4WvM8uDyhEsvfS1NkoygwnCFdENvg1cPXtmCV3HS,1097,1096,1000,1033,true
2900,DpZMCgHVDfi5ZUAFC8LEiWTSxAnKocAgEuhggXPXc1dp,1096,1096,1000,1033,true
2901,4BbvVA6Hv2uniUV5kCifNMKNAtmAKFRfSYyFEgssm1Du,1068,1083,1096,1119,false
2901,91HUHsXVC3f7b4NXNGiHbG5ZYRuGQBtZeq5DaJZgDcz1,1072,1083,1096,1119,false
2901,GMisLpab2kJcUUqyKKJDz3z6wiG8qBiP4A7JnTiD14GF,1038,1083,1096,1119,false
2901,2HJXi9WMsnMUanKnyisGKSZLMW8SSpHd2VhBp6zuapZd,1039,1071,1096,1119,false
2901,3EQ94rgKjJP77TpxxxhSAZ2ehBN6nyyVBDfad9WLpbUg,1014,1071,1096,1119,false
2901,3HZybWMLZ6h95L5N8jceuneed46Vv7a8rrqScCV8jP8b,1062,1071,1096,1119,false
2901,3LJYPKmU7mh3BHSgnp2d8ZbQwAjUixGmTCeVeK5u5KCF,1069,1071,1096,1119,false
2901,3maJvDa7ReJT3UiXbhyXbYZSJkNLdqMdPasUfkXpCNzP,1030,1071,1096,1119,false
2901,4TC1ErEdakYYKGMr9ekJXQuSMdHdirUZe16Z4Tuoqmao,1046,1071,1096,1119,false
2901,6GQmtgPr9cxvVLLs2vV3Uu69zAYVzGVixi7QiWSDpxHX,1042,1071,1096,1119,false
2901,6K4fZsQEe4B48j1saNxfe7quXxqXBj3GauVRZjTqqzBD,1038,1071,1096,1119,false
2901,7as8Nf8WvLEKK8B2u8NMdFwitX4rdD37QcipcS3DJ4xd,1009,1071,1096,1119,false
2901,7cb6fNBq5Grzz45s7PsZRJD5FHLr4hy5jHSmidCvgF4S,1052,1071,1096,1119,false
2901,8HphVjh4o8LHsRWLXWFwnEcXhXHZ3vjhV7FGdo4JtZa2,1054,1071,1096,1119,false
2901,8w9uQ4p1i72RaJ1tLSB3vpRFkrCozG5bJNguPF5gDU8s,1039,1071,1096,1119,false
2901,9YaL73siCQSqZvkrQKgkgEzN9yMFMQoPCbkq6TB9yEV6,1006,1071,1096,1119,false
2901,Aq7Y5QBKpkrxfBHSHF7Rc7ocRMUUrN8eVCqk4gCnN417,1007,1071,1096,1119,false
2901,AxrHhtbu1BFojGqe9RCz237SJLfpZSmVTpprKNdQRnXL,1047,1071,1096,1119,false
2901,BFyhx7KfXXXEdG9QxDGBiQ3pWU2DRMpTt4Eb8DCQK9rt,1040,1071,1096,1119,false
2901,CtGUhjbhpUzjidde7LQQoSvGLk32y3Ji25UXEJiRqiHc,1041,1071,1096,1119,false
2901,E8wkBNJq6TAc13UUPu1ogWQ9VLfnwL7TgjoiTEm1JkMY,1031,1071,1096,1119,false
2901,EdySmePm5GYy5QvK2p85WWnWWtfQzF25pZAD9GQN3Yge,1055,1071,1096,1119,false
2901,EtaMrTxvoStzhd3fcgMhFz2MgTF3c7Y7gswrkcDdNCAi,1029,1071,1096,1119,false
2901,FiWKzHQTU52PKUmGKiHmy88bqtLpRhcKL3tsZKUYtg8G,1033,1071,1096,1119,false
2901,GNQYBMrRi25Go9SgGXRZXGdAj4Vx4kRP4QFDvS4ibHXP,1035,1071,1096,1119,false
2901,GbsCruM8hMUw6oSFRT6xiBNfhuenr8Ln5ip3Z5rMxvUt,1051,1071,1096,1119,false
2901,HSWqTQfieBd1SZxHAgE1kLdYGsjN66Hxgtg9fJhdy4Y4,1044,1071,1096,1119,false
2901,HSdeHFYNZ9JbQn7EGdxrH4aNSCVVGfGoZsD1Rdn6sCdw,1053,1071,1096,1119,false
2901,8MN3kMvbKThpkQxxq2hyWD2X8RNMBSX9GsNcrY8YkMRc,1095,1032,1096,1119,true
2901,CYa11iZ2XtfRxti78ePDBzY52EHAypnH1fNsPTkYjZcd,1095,1032,1096,1119,true
2901,DVdafoy9eNo7Y9dQxaNgrY1XKchnHuWbivHtwDcawX4G,1094,1032,1096,1119,true
2901,5vbMggFaAnHAoNiwKNAzWaqwJThGwaCWNKZ2cZ5ibR34,1093,1032,1096,1119,true
2901,2BWiFUU9TA1hNpP9Tq6wvewJDTdfSUoAbuEUM2e93cVr,1092,1032,1096,1119,true
2901,CSAfzM2dWLKuESEDr1CY95NpvZwNreFK64jPxbZK8qcK,1090,1032,1096,1119,true
2901,DUDQFubTQV459py1RDBDsdLZNNkYTuV8xihpEN6LtuGM,1090,1032,1096,1119,true
2901,Essa4MxYuETeN1N1ewr644QrnSbmfiHNSwU6CgRPaqyD,1089,1032,1096,1119,true
2901,CA2gMc6wEVFupTPaa2wMmZ5BbZdVazYpBgEowchLaVZ4,1089,1032,1096,1119,true
2901,HWPxEfr2KD1YnRPRt45gHXEFxA8DVBcCKfC651z4TgsJ,1088,1032,1096,1119,true
2901,9nNNa2Rw5ty2yrrBBtbBwnsLgbHdZLw3guj1HbNuahfC,1087,1032,1096,1119,true
2901,HvF4cj4pk6FgvkMjV8SnvEaDkKWZKECi5fg2h6surNCt,1086,1032,1096,1119,true
2901,4eHhfZEnkixtTdkHp7HWVCYrWGJeiAFDtq3tGWyAWb83,1085,1032,1096,1119,true
2901,BiHwsMVdH7PaQ6VtusKV8Zy5hsXBXrybyRWrutTjGiYs,1085,1032,1096,1119,true
2901,ELHgpfbBpd8PVXHrbKo31vYsgNyEdRsAjjg4MWbtjpyr,1084,1032,1096,1119,true
2901,7JUuRVnTWFWm9N5HS3PMEQxP9xNnLK3JQJyu9pZPgqq9,1084,1032,1096,1119,true
2901,DDYCUJyQ5SHf9utsYAe65KdkhUSjTokhhMUiFYwCfiPY,1083,1032,1096,1119,true
2901,67KioUdDvjt29bJKiMnxdhV4EVF5xVpxFu3EncrJE1Ao,1083,1032,1096,1119,true
2901,2HGtipcvX3NR1rppsrpqAXxwDeVRCqzozueCAJRqE9c9,1082,1032,1096,1119,true
2901,7znsSGoNsHiiMDfKUgmQLyknpBVzwUPVCUHbJrRk6ija,1082,1032,1096,1119,true
2901,4zViCFzBXTJZbckdkEJPLJot1fpBMjZwz3j4vitHJaRN,1081,1032,1096,1119,true
2901,BS18D4c5CCNi6YorW4ho6yMCk2iy5ii1Xa29cBBdfrBR,1080,1032,1096,1119,true
2901,Diiy4JGJn4cZkzXUdfebTsfSxo27gpzhgA8H9b4QS6iC,1079,1032,1096,1119,true
2901,CZkh3MEa3YagzMT9uyXvAbfqminkHV9vavNkh6jVi1dW,1078,1032,1096,1119,true
2901,97CejP5P1unY7h56JEn7kr1AGUPpJSUvtRCn8mrNNEAB,1077,1032,1096,1119,true
2901,9fABnoXHYaZ6CR6QtyG4yyToJjPVEEJzm7z2RC38EXiy,1076,1032,1096,1119,true
2901,8Wmm1bSsfuMZduiD7YpPjQJ7eFfAjZRnwvHD2rihTDSs,1074,1032,1096,1119,true
2901,FftMugs7w63RZNCJgKm5XeHfPz4K7TfxzPasYKr4nLvF,1073,1032,1096,1119,true
2901,D6AXUR1HXw9UW68xVJRfp3sbp8AvfdpeeFAN9DDtQigF,1071,1032,1096,1119,true
2901,GpHTB2BysMEDe6FC6CMuHNhfpmPQj1x6zU6T3ULfHZPm,1070,1032,1096,1119,true
2901,9tUFUFFNHc51U9dP2egckBGMVdX1mBdFsb5FCJGAFH1X,1060,1032,1096,1119,true
2901,DqGjE8kYfpjg6eqk1NiFsKfjnVFedix2PTr5zJEsNwNc,1051,1032,1096,1119,true
2901,2RtnwFUGEmWbf7nMdpN5YZAvD9EapN7nNvtibJWCxU7N,1050,1032,1096,1119,true
2901,GbSHCuEGPqFNjHk1SRDBMjEC9vEmZcBaiVRn8UuWBo3a,1049,1032,1096,1119,true
2901,4puvjYBiBbCDV9q8KoDk2MkXKQyb9WUWYJz3TiyVRoeL,1048,1032,1096,1119,true
2901,HEqo9hDYjEter97SwsV1dwenVVoDAvPx6k2nW7QtWSmk,1040,1032,1096,1119,true
2901,CdFfgD6hPnE12mhLaxJLp78DSLY2ykJKV1KAWxwr8fXC,1037,1032,1096,1119,true
2901,2rmM4m9FobcTJk8vbyvwssegzAW4EaMq2dCRgKwaaSvJ,1034,1032,1096,1119,true
2901,AMnS3UuCSWmMHPcHQv7BcMwCZ1W6LXcVy1aPAxBb12qt,1032,1032,1096,1119,true
2901,hzqjerm2MU7MmYBREBue6DnCRiNmTks2EksRoKunf23,1032,1032,1096,1119,true
2902,6386U9sH34VWzrMswF38sx1vCW2vEjmvqiGraWPdg3De,1292,1000,1032,1060,true
2902,VP9HRtdiPgVXXFx12axBxzy6kHonfkL4smkLYoKkXEi,1291,1000,1032,1060,true
2902,ANpJiWAMPdUdSRZqAqGNydSqbPu4a4nUyAKzgVakyuCP,1284,1000,1032,1060,true
2902,GaZCjLhKTHiXrWqqKfzQH17cU1RoKtYou6HLPDwFqwCv,1281,1000,1032,1060,true
2902,EdTWECkwyhpravcktyZAcLQ1k1cYSWG4JE93bbNfWU2z,1280,1000,1032,1060,true
2902,AiJ2qzkQ1qp5SLviHKhqRHS22QSRx3FVK9Jv95Zqd3Zx,1279,1000,1032,1060,true
2902,F9uC9fpRuUxmkZgWaPb2STaRxkW6CsF7thdH6CcU62K6,1278,1000,1032,1060,true
2902,bzJvz2XcEvN4FNaVryUvT21qAFay1pkGSYRWSKejc2q,1277,1000,1032,1060,true
2902,GJT4ViDDnURuSgaXnWRTYEB4CDE5ZnwH41J151WnPztZ,1275,1000,1032,1060,true
2902,FpssKMPjnpSJnXY1YDfNaZ3cw3uUsgWwtvtgabsx6GEG,1274,1000,1032,1060,true
2902,3Usdzoptdpkg9dfW4ArocEDMVAko5VxC4DkAPdNcQL4W,1273,1000,1032,1060,true
2902,2nAzrUye3Pn4bEo4yhzZQZP8xVZYz2BKMdvpjd7Lwqod,1272,1000,1032,1060,true
2902,2sTHUXQs6jsiBys3wFGUqi51aNrQnFfno5H8PK5GdXbr,1271,1000,1032,1060,true
2902,d4gFpV3aCusdM81yaXYZKJyMEcxAmmSVzpH9pYLGepD,1262,1000,1032,1060,true
2902,EVFSzQzZpHs4UK2ceWtpJSSjNZWDzEvF58YrYpYR4GdE,1261,1000,1032,1060,true
2902,HePe92mHmu5sMdLAXYeQPMnLR6aEuj3iNiDFuHw2vA8J,1223,1000,1032,1060,true
2902,AxEVoF75pvJM1fGXmN1HkxNCv3MHhuoJMD6iJmEgxJjz,1222,1000,1032,1060,true
2902,Fueq9bjJ6KpDovWUTwwwQvD5bbi3iyaQgg1TEZaiGFcG,1214,1000,1032,1060,true
2902,6WqMdZ55Mjien1GwK7G2JHxBVHTuDSgmGoeXSTkVqFk9,1207,1000,1032,1060,true
2902,AiePV5CW6TDvZt2DGURpP7QTZas5cdXGo16ME2JyWEQk,1206,1000,1032,1060,true
2902,3we4RGZaVQaQc3TsXUd6cNtDbxibHdKMXZipsY748Pmm,1194,1000,1032,1060,true
2902,EHoUpaedZ84gBtPXbipJpogCnbiKNb1ttNhYP3yCvUrw,1187,1000,1032,1060,true
2902,8EbyGYeeLS1MS1uVZWobt7o6EwHEJs4adNxiffBmRF6M,1183,1000,1032,1060,true
2902,4YyCajunbWePEwQmChNffwu2GHNYhDXzN99p6vBF2rtK,1177,1000,1032,1060,true
2902,6dMito1jk39CeKppAGedG6cSM6eGwj1S8enE7nwRdoKk,1176,1000,1032,1060,true
2902,8WN7u9nSFu5bJerqEU2MDabmDq3w6PPdkbQUFCJvrkQM,1155,1000,1032,1060,true
2902,7gPEs9H94ttuxSoQqKbX3H69V3yFcLhDsDgT44VNAzBs,1148,1000,1032,1060,true
2902,GWtYFfSWhdmDXQXp1kwZxPNDWs63SADchu9uRrwfD56y,1147,1000,1032,1060,true
2902,HxzWLaNiyQCAjAbRFzURSQDbwitGfbYKFw8BKqBkZYqn,1144,1000,1032,1060,true
2902,Lena896LwpsCfzK1MeF46rABscFi1TF8wscRceFZ7Tk,1142,1000,1032,1060,true
2902,6f1GCFEtEthQqMaeiuofhS1evtB93gK7jC5m87b37duW,1135,1000,1032,1060,true
2902,CfkPYUjRDHeMEZ3GxrLR1t2nDFXPUmtxzEVKHuwTAzzd,1132,1000,1032,1060,true
2902,EUPUWJs9EqvUKYQp1zqYsjp9Uo2NV6RgUQeXfPS7vCMb,1131,1000,1032,1060,true
2902,AkoBsYLKCi3jjZ1UFNsRt4ceWGX4iMxRgvbbbZfb7Evi,1125,1000,1032,1060,true
2902,E2QLrjbbRUTnQMmeRq8Bqw1ejAjccpqahLhzxJ9muGKu,1110,1000,1032,1060,true
2902,EooskSBXKHRUsVwkPs7L47MteCaeehjetnmGS5g83fw4,1091,1000,1032,1060,true
2902,9kTpki74UrDF8iBUS1ACBiZ6wcvYi6fHXxpmieKB1vNt,1087,1000,1032,1060,true
2902,6gYNZH9ahGZnUrpm2NLSTqRhFMdwJmpuEHt2vTkzmaQC,1084,1000,1032,1060,true
2902,7LSSV1a54yVnLDNRbm7s8AeHpyc34NZk8vc67xdpWFeF,1080,1000,1032,1060,true
2902,71Gz2bVwJFz9WxkxjLRhCmRi6ZgieDuTgvky1heygxFx,1077,1000,1032,1060,true
2903,8yidWM47TkimsaNe38dvVSHnDVdeK5F2fRRFSLWB6jQ,1017,1033,1000,1060,false
2903,HP3ckemJs1B4Zbw49CL2tL7GkpcQ24RmP5BNq8Kqjn6,1020,1033,1000,1060,false
2903,gqN6GogKUN2oFtocWJidU7hzrogtuqXFYu1jkMjofoc,1024,1033,1000,1060,false
2903,26vjF7sFh9U44pSWgetWLQVVU4mW9bZ1sZ8EB7ajcqmv,1022,1033,1000,1060,false
2903,3mTcRFQ2uX26QZqmvnJkcuqphvg316ZCWh6aGG6244ZF,1005,1033,1000,1060,false
2903,4ceUBwtKWw2CsGLhL86PGyZLT1sCEJttV63EBHv1jV35,1000,1033,1000,1060,false
2903,4jvT7AtwQ9sNctq2ud8sudDqLSRE2jXRHw53xdG8yk5o,1014,1033,1000,1060,false
2903,5pUDECwm6BgiF869gmvHFoaA2ah9Pb3dZp7nzehckEPa,1015,1033,1000,1060,false
2903,6E98uAodzPcb7cztc4FrwLkHjKNjK53FdFLGxZDjp3dH,1010,1033,1000,1060,false
2903,6HKyUMXnNCP4VYZ69Vc2cWE7BbDzGK31c8Tqmt1w5w47,1026,1033,1000,1060,false
2903,6b4yJi2komnnvVxrZEDyiG7vdJHDWV3m5TzqDa9G362C,1016,1033,1000,1060,false
2903,6dbD9giz5cjK7a2Nsoh1qSz9nHb7dGo2ACi2RuoPKRg3,1011,1033,1000,1060,false
2903,7djVir3Moqg8wU47rpHEBedj43UnSujcFMdmBs3aQJjC,1027,1033,1000,1060,false
2903,8HBq4K7HJn9jVTqCLNCGb1eq1Lh7xZLZeYmzTBj3Y9Zo,1003,1033,1000,1060,false
2903,8odjAxjSugRH7mCwxgAbRzdnmbdTckq5Vpa2ce8VmH3N,1028,1033,1000,1060,false
2903,8tkQ5bm1FE7UDst4LRzTbrrGaAApJzHJKe41ZeHNXNgV,1004,1033,1000,1060,false
2903,98PkkdSeuE2a8GSDN3mWUTYJ48tircrWGKqP6rgb5CEx,1008,1033,1000,1060,false
2903,9rBdBpt4r9QsYoEko42JJo6o7mHv86zjVnYYwxV5LFJF,1025,1033,1000,1060,false
2903,9wG6MJTTSCrZMJyyB6Sz1aHDbYKTo3LbA2b6kjBcfFk8,1018,1033,1000,1060,false
2903,Ay8DnZJ6KBSqn86bbWoj36y9gNDGwyqZSaSorftQ21DD,1001,1033,1000,1060,false
2903,BNe9rgA5tFVRLkuNJxVmpcsp5Q5xHxfpUv427Fjci9kA,1009,1033,1000,1060,false
2903,Chu7EXBKFnu1Cj9DhE5nKuEBkbvSumWPiVXUvFJtvxTW,1019,1033,1000,1060,false
2903,Dnw3bmBjg6QGfmrQQeR8Ras9zbhpgvXbGQ5nGz48Guaz,1013,1033,1000,1060,false
2903,E1Rqxp9ud68FbpHsSjSVxdkAhYJoGNXWm2PVDH8Ac5Jz,1012,1033,1000,1060,false
2903,EBjLB78simuqKEjQWXDinsvZh6R448MZ7yeTUoAP95Vm,1023,1033,1000,1060,false
2903,EcuuPML5eJA464JNV95pKu8a8JpzTG8z3SWSxZTvgr6P,1021,1033,1000,1060,false
2903,FSsyu4ZjQHmBUBriSpaSy1VeVvBboVjbEua8Z5yk45Kx,1002,1033,1000,1060,false
2903,BdWJ3s98xKUFZ35DCDLVYQ5Wie7ehdPhXaArwcSYqNY,1077,1020,1000,1060,true
2903,FmTt3sQxjJLTQUq5Sji1wMTTyxRc4QpS8U7Zt6pwWyJ7,1076,1020,1000,1060,true
2903,CNtTNTFgwq6ZNt2jZmkQ9MDTz2Jx6dQ3g8eNo9kmCzoe,1075,1020,1000,1060,true
2903,G4gKnDJMKCsxHHMiVJDdSJ4MF2q4bDeMJG9Vwskf2GmA,1075,1020,1000,1060,true
2903,6RPEqM3CXgHJhRua57tbwbZSHhNEFfDqPHFsEj3vCSB2,1072,1020,1000,1060,true
2903,B7G1scKyjYnrQwHpTiRMJJrWRwarLb4oY4H8eqcY2vbN,1071,1020,1000,1060,true
2903,BwU1MJnRG9uDTujoFFyG4u88fKETRiz5iKTGn2cq6cvL,1070,1020,1000,1060,true
2903,FyFZyn1rVtav1dB1GsHapLyDsSLeGi672VYGxk5Sn3mo,1062,1020,1000,1060,true
2903,BRdbrFRfA5gzvz7qmrcUJvim8vZwhyJGvSRXio969DS4,1062,1020,1000,1060,true
2903,H2eZL563uYZzeptjKeFAX9gSkUZvrqJCZdFLDgEebrBW,1058,1020,1000,1060,true
2903,BRjnUjH7wYMA38wBZEDCZZ5kLKX8X5QmWD2Jg2gKQ7vi,1058,1020,1000,1060,true
2903,6iUTS5ZN3XJecnDdR1pkki7rD2sYJZZMgFTwdp4ozNqG,1055,1020,1000,1060,true
2903,6LSEEbt98SiMXFQsoeV4Z1drRqpDP7CqFqrkjZz6Uezg,1055,1020,1000,1060,true
2903,AEFokyvMHu64CDVHHDDMWXr2xnBuRMHZJGJNFRVr4mGK,1054,1020,1000,1060,true
2903,G6SzuBaz5rYgU7g2si5qxCS3yppsQFmVKsZCgS8jnGyv,1048,1020,1000,1060,true
2903,7TzhLwKxmDmK5rL9p6WQyP2SpSo4sYx3L3TtFsvHgCEg,1047,1020,1000,1060,true
2903,ARoCABgcCqLPE8pDGHvjjnqcQmqJmE451jsqxT1kXW74,1042,1020,1000,1060,true
2903,55NW5P4e93k3KwJsPwfhUg87PBeY2vMQvoArqc1e6bqx,1038,1020,1000,1060,true
2903,HQ3xMFsN3nd3zSUjX8FK773egKRm4V3suMTZzP1fJZNm,1037,1020,1000,1060,true
2903,FeBViVXyBVrv3grK36w2KKLN9AfXSAsEvuyGczYFNFz5,1036,1020,1000,1060,true
2903,DTQaM9rwjM2K9CxVb3CSHnZzC3owUyQWKpBTT9P2d1Wf,1035,1020,1000,1060,true
2903,2ZdNGif4dqH8MVTHZRRFxLpGigAU5bKwA21KDEfDmMQg,1034,1020,1000,1060,true
2903,743keCjHdBx97uJ5LcAfM8Lzh2eCPJk6jAX6N1BNB6WH,1034,1020,1000,1060,true
2903,A8fY1fwf94AWdDq7pUHwafMVGrCnNzNfX61Eh9FSmQV8,1032,1020,1000,1060,true
2903,HDiQeMy6FX6hKif7Xyb6APZCrJxKMqSXetipeeHTFviv,1031,1020,1000,1060,true
2903,726HZKTDtRsKDhDn94YstEZ72PZT31u9usQMq4b7ZKcd,1031,1020,1000,1060,true
2903,2vYZnZaaqXFCMtmYfGnKubJ2eP7MkgQLWZneVmGnJZmi,1030,1020,1000,1060,true
2903,8BFVmS8uXHVmr8b1hQTKENgEdy9D3Woiwm4dWy7cf9VM,1030,1020,1000,1060,true
2903,EkGK1PuGf9s1RMAkjQkP8vYMRzbxRsChJA3rKhxg4HNa,1029,1020,1000,1060,true
2903,7LRQbzBYN4qELt5MvvSJijyaR8gHmg1gjR8XEqXbAkZA,1029,1020,1000,1060,true
2903,FXyu3wrjJZiXevaSw3LscsP8aJSme2MzChV9zEwJhK3E,1028,1020,1000,1060,true
2903,3YGYA7DfpBowSbAhiZW8DUyPzjidaPPtyTDUqGh48sSq,1027,1020,1000,1060,true
2903,BS7XJbMGUztb2NJCWVborXNV8dQrQhg3RXg4yJGefgtB,1026,1020,1000,1060,true
2903,G4GUmvd1vPf6QR94QFHmXK9yYRfhyZpLDYFUfLSdaHvq,1025,1020,1000,1060,true
2903,65EJo4DFnnGRECA6mF3WBjziCnV13HSSyUt3LiBsr2Qd,1024,1020,1000,1060,true
2903,4VxYDFqPbMB3toaRF7DsFgPwc4qWfSqxmVPkiwWx6ozc,1023,1020,1000,1060,true
2903,7yvocNHugP8MoT7GVLpLyXC9a4kQie6xzruqNfaeALxv,1022,1020,1000,1060,true
2903,FxekNvJ1jELka7e4w4e75DP1CMnw758LxFERHm4a8YMn,1022,1020,1000,1060,true
2903,FkrnQR8uJorgo2qxjRHoefEQNv6wRUZbrddMzGSKPQ8j,1021,1020,1000,1060,true
2903,Fk96pE3rtnXToSWWsM2Vc5uizV4NaFoRSscyoX9ssnQE,1020,1020,1000,1060,true
2904,9buBKvj2qGzMPwjUKvsRmabL1rHn9BU7awZsNkExrv24,1020,1000,1020,1030,true
2904,BKxfLMrWtuEf4m9VuumHDt7WrjbZJFSMou8CQryb9V9w,1019,1000,1020,1030,true
2904,HhgkmNVaqygQPGMj8b8dmFDtbm8JgeH7DfTk8KQQYju,1019,1000,1020,1030,true
2904,6sKg1x8kKQHhDyCfC2fFcL3eXrt4Y8mLs2jwXsqnpN75,1018,1000,1020,1030,true
2904,DMjV9u627PnD3wfFV43w4h3JoirM16SwR9dP7kRnGwzJ,1017,1000,1020,1030,true
2904,FnmmaDo61MYBrTVHhLRTh9CCZZGVdLotePmcGbV1qXdS,1017,1000,1020,1030,true
2904,9gXHpYBgBM2SqV1bnw4LEf4WFqkXjCEwEspDNTDitXCB,1016,1000,1020,1030,true
2904,Ayh6K9s37nxXmCuibhYvRWPo94EPzXASu674D7PNViDT,1016,1000,1020,1030,true
2904,4XM3uez6VPEcHcznzy5dpAJ1s1gx8h4K2CBbyXvx2bpg,1015,1000,1020,1030,true
2904,EE1mT6jD5dsjFKYmzoy6knzTKhoo5GTDapPtWCVi2wn1,1014,1000,1020,1030,true
2904,6TRzimYS4GkTSrnffJFiq1p8vBYp741dYYX4yU9fJeza,1013,1000,1020,1030,true
2904,9xNLaxAuH3B3yh8hBsUsEShik66X3BzWxHLu3RYid6nz,1012,1000,1020,1030,true
2904,Bs3m4u33RvtdURgU5BMmwYWpqrnBbzTLJdMsEZH6bEmP,1011,1000,1020,1030,true
2904,2sSChuYRwKndPwpiT36YVGU72BN3v1Dw1GwSmSrbRgqd,1010,1000,1020,1030,true
2904,GZ9SE16PXBnScYh8Cbbzcw6ctXcNJgyhovq1WYoqnLAn,1010,1000,1020,1030,true
2904,8pwXcXzsraXomayLb8dQva9MRSiFVbkWzPUd7VFxA9za,1009,1000,1020,1030,true
2904,F3VosqhYmG7E9PuWnBH56zWZndDFYceaGnscHh3dEoek,1008,1000,1020,1030,true
2904,69KAJ7XxxksswLgKZwSMNEEiy9ToKZHjy3rH4RkEYZAx,1008,1000,1020,1030,true
2904,5uoXgRdV88U7FHwmkLmZzebLTXZerm1XHVePPWg5CaCt,1005,1000,1020,1030,true
2904,Afq4ziVgP574kpWnvgfZTi5trD3oPn4vyzDB8Nba33SV,1005,1000,1020,1030,true
2904,4LA2eun3dbdfV4Uvbczs3qB6DqwWiF6fig5x7Gd5AEX5,1004,1000,1020,1030,true
2904,FKyN6GDAcLSVz8pnFowizfgfBUbzvbgvbXqdQXna3z98,1003,1000,1020,1030,true
2904,F8TEsM9Wco3Jar3ahc12pixAcS8WGsnZLo8FwQmoUDtf,1003,1000,1020,1030,true
2904,7zvR8NLtLTaCwTekJodLTFc9ffYeEstuyGE9AXbZu2D,1002,1000,1020,1030,true
2904,GLk8afCTPcMApMEvRYEEyrrqckJFTX2evyqCWJP2iVBk,1001,1000,1020,1030,true
2904,LZTZVyLzNBs9mnRTNcaqGy21CUJ4jC5WBc113pexWG9,1001,1000,1020,1030,true
2904,4P9kqi37VupBrpuVkMCvq2KFj9NXmZ5o7U8jBEycj3w5,1000,1000,1020,1030,true
2904,AoBQreN9vnLRo2iZ2YSct5TDUE3BwnzFnZyk9M7VL1L5,1000,1000,1020,1030,true
2904,G7n1D7jQ8RLoTDdL7vvc7YgjSGMqS9hAtbgq4wur7gL7,1288,1000,1020,1030,true
2904,7MECXsrkRfA1qmyVXi5f7PPPjcraaSzoYkZ5iGZ1dhCw,1265,1000,1020,1030,true
2904,2RtPEjMYHLdxKmnhFXz5RqZAAQy7U53dBoaSN1iGYYWz,1260,1000,1020,1030,true
2904,BQr8nd1o1M8hGedj1pjehbTqcd6tXwJL2XjPAnLGhXZc,1205,1000,1020,1030,true
2904,A5m3bFJdUC63zMw5XGgrDUoNaWKPd5h1cyk51LrVYwFY,1162,1000,1020,1030,true
2904,4s54jUAzqobD51q3NQVDS3TEPqhX1s93AHaQiMpRg3xW,1128,1000,1020,1030,true
2905,57cHG4XE17JBuJwGr1X6iRWQ17oKCBWZTmQmrrDgEzdo,1297,1000,1000,1030,true
2905,Gte5keFf5xR1LhSE4mZdSbvt4edAfEyQfmi8y7MeEwzp,1227,1000,1000,1030,true
2905,9FEUTWMLzQUZESjPNcY9L9uSonQ9tJTivsP6qvDN67Jv,1224,1000,1000,1030,true
2905,7sFwWL9FZ2kqpZcQbaP9bcgnqQ7Dt2Gm1TDyamqagsRh,1220,1000,1000,1030,true
2905,GxPf8YLbDGu8qMZ2xkrTauZ3ry2LsKUzVnLnV1mG82ms,1213,1000,1000,1030,true
2905,BhU29NpjWM7UGFUyGttLLwFJic81AorJEZiTUEse66QC,1204,1000,1000,1030,true
2905,Gxvne2QWgKZEKUo1fpV87FeMknLNLyxpxbxHsaNXbDBf,1197,1000,1000,1030,true
2905,DoGK7GnkbcJztFBGbzyzgAHkcq2uKhKVma9Es3ema5ct,1195,1000,1000,1030,true
2905,2xsNeNjCDPhgNFG49jRtNM57g8SvE4rHjoTmV9U2U9B3,1193,1000,1000,1030,true
2905,H1S9LmTATpLFWkhLGZjHdF5RFHTL55Cse7JbADU8FJ2D,1190,1000,1000,1030,true
2905,2McKjsHKsAc2QDT4ekYKMGYDAbbcCcmFH7gCoUSDxFVy,1299,1000,1000,1030,true
2905,477x6MtkNtFMXLx6FDeNixdUB2RBpXHkfXw8LPYqQMWF,1298,1000,1000,1030,true
2905,EWTQQt8vaRQLpW6kyep17sqjYiSmtYNUqEqXguDjUb9Z,1270,1000,1000,1030,true
2905,GPHRWNQ4mHvHTfMe88WmF1ZghNZzExNvsxBAwReEzMde,1266,1000,1000,1030,true
2905,414DyDD2746uAJStXxgWLHCM9Y7Mc3XKp8CMsB7tkmLG,1245,1000,1000,1030,true
2905,9c4hELhzjtGgJTMWo4VPpLugcyjnqcoydu9Rn6MtTSJ5,1240,1000,1000,1030,true
2905,FiDdyECivZWZXdgecjxgxoB1FMZ8D9AXyHp1NxV5drNL,1238,1000,1000,1030,true
2905,AHmcw2RyWw5Hd1G8FmMpPbaegwx6buBijEtXPQ3XWnvH,1228,1000,1000,1030,true
2905,67NUX9sQ7VRHEyBr1WSHMBV2x4t4mQEiJgboixBgvQHJ,1218,1000,1000,1030,true
2905,4KxuY74MNZnLy5P7yoXTdSLnPYGdChng93iDi6QZ7fYt,1196,1000,1000,1030,true
2905,FnUxaspnSVTLJkReihiQFhh6yJx2jaz8riFLMDLCNN1K,1178,1000,1000,1030,true
2905,Df6t5wRXJ6CV4YCYBZpx43HXYHVkSZ231exUutgcmSNt,1165,1000,1000,1030,true
2905,77JSXUErACPm51zELUQWTjxypXAQDnUsGBMRFK4znBRs,1163,1000,1000,1030,true
2905,5Pvc1h1BmQfw6Nr55cHgJwQqwbraEABpX7qK1AFGQJBF,1158,1000,1000,1030,true
2905,5ALNZCBNXet2emfGraU7UKw64pzkLZoRXCtyPNcjmj5k,1148,1000,1000,1030,true
2905,2aNJSnRkorMHQa4xDGoQRQa72kXv76gaCT4Z15QZERQS,1145,1000,1000,1030,true
2905,3tqG6sdBFKCHSxDpLNmqN5rPVx22PGjoicft27nd5f3H,1134,1000,1000,1030,true
2905,6bDn56J9DnF9m4uxTYHFtcWGtDe2ptboobvGKDZg14yG,1133,1000,1000,1030,true
2905,ZeevPqSZttXZGTNZHF7nzKuczsGjt2ryjayzz6Q7aSc,1121,1000,1000,1030,true
2905,J4frsMLcBAqgpvnFXhJK17SbodmKm985791j3kggTebv,1119,1000,1000,1030,true
2906,9yRRwuDRUpamz85atacdEmhd3NF8dNXY1XJUjrXcV24M,1118,1000,1000,1015,true
2906,7pW2pApHZcQ1rdMTRJd9SUkYj26WJJBncnQ5qm484SH1,1118,1000,1000,1015,true
2906,3TfMRENWzW3J81iyJgcmRoir5QCrShjmCkehdVEFVMq3,1116,1000,1000,1015,true
2906,3RLco7Q6JFidtAf4K3x4yg32LYTe8bDmspyK6s66Bweo,1115,1000,1000,1015,true
2906,71zoVagtdAsGWCWkhJd9F4mRUiF1yS9pk5HRvByBbdyL,1113,1000,1000,1015,true
2906,BnRRnWG97Zj9ZmbqMECWydknzXSLdGNXAUMGifZgpiS2,1109,1000,1000,1015,true
2906,HjqbnLS6TdsB3RZxd5J7EJwuK9e71ktA6trLUpdBngXJ,1099,1000,1000,1015,true
2906,CXTTLrerrx6SNWR4iWqfUkZxYMHthT2ceQ1SYaaYwHWG,1093,1000,1000,1015,true
2906,7hY2N541TThMfe9acjspMzuUZEHRa2ewdT5DEELz1FLP,1092,1000,1000,1015,true
2906,7rdtsQRXjUzz76VxedHfzNr96nd58bhM8kfEzQvvsWbx,1088,1000,1000,1015,true
2906,CRJmsv42Gm74uHggcfuZQrcDp6ywxzcsvk8cf6qRbuJi,1087,1000,1000,1015,true
2906,53Sz4frxTnviV9crq3QQX1HxyAFVPqnZnEJvh3pH4hsg,1081,1000,1000,1015,true
2906,6fFvBRcaaEA5sdGTif2HzUA4uWi8xZ3oRWx4nnpeW6pv,1081,1000,1000,1015,true
2906,5QXoMtBLBpF1PnANJSXdeCcbeYH3GxctfCq7AFP2pubG,1078,1000,1000,1015,true
2906,B1TAeZhVciaUhrhGGcxhT6FzdQXPUqU4KizXqdG3LAvu,1076,1000,1000,1015,true
2906,357Txw2vGSKeDv2bNXSNRp9CSnz4KtNqPQDMt5keDtZm,1074,1000,1000,1015,true
2906,5U4dBkxb7qMk9MDGTcXMV6Ww9j5vzmXD25vuNhjfRCch,1074,1000,1000,1015,true
2906,FpAHNT4yYByHcvc9mq2RyiHES2Du9aue64jSKbmjN7fi,1073,1000,1000,1015,true
2906,DfBG7dCKggErWECVBMpUoBs3z1U3rt6RCD2cT5o9sF34,1072,1000,1000,1015,true
2906,12mx7VjDceTb8oPriYP5ejYRYA1wk1656mE3qEU7ENBn,1060,1000,1000,1015,true
2906,5SG9MxJsRtiLuR2ijjZ7TigLSuYc7fgqNqUPta7VtbE5,1058,1000,1000,1015,true
2906,nBgjHDeoBMz233dwBAjeBeKSSwKRWAXBiPPDLfjutbu,1057,1000,1000,1015,true
2906,BHj35KnAfRL72uutAYB8zMvc4933vMjo3cAkdpaajyzE,1056,1000,1000,1015,true
2906,AdS7c6Uo78KTx7vFwMGqEc3u2jvV28TmLHE8SSkvcfQx,1055,1000,1000,1015,true
2906,4zS7HwuYorc29Hyf7TSzr4RxnTshTyTr1CRQok3YVgs7,1055,1000,1000,1015,true
2906,4ffMhtizSYfZoqeNHGVHQtu2gGJmQGnau1rsfF2XAAvq,1054,1000,1000,1015,true
2906,GdsBSQm3KB6z4dB2qukcK2jgN3pSat7Zn9SkWZKZht2o,1054,1000,1000,1015,true
2906,Agy2xpV3XWmjrcwgNhb7UhM1iDXUkZACy2YPmdQkwsSF,1053,1000,1000,1015,true
2906,5tWKV9RpZQPRU8CCnRo5kJi8XMoeaDvCE4VYmXRkjvhN,1053,1000,1000,1015,true
2906,4VdSAB8DAoG96fwzQpstwWh7H6qUaV1bYJNjPQm5BF5P,1053,1000,1000,1015,true
2906,8V6oxNbhoTmtcbr613sTo8S392H8whKZqWEjUuSs36tB,1052,1000,1000,1015,true
2906,AZPnX3CD7eSVaia5FPnvw3zyEd76hR1z71E5wtZQ9qVa,1051,1000,1000,1015,true
2906,9qj5Yd5jg46MSmwtuJcFWhGQsEbmbuiQ2tDwvmai9T3,1050,1000,1000,1015,true
2906,FqEYFDtFF2fjcxttruDbSUy9soqDjco8i7gynh6YUDbi,1049,1000,1000,1015,true
2906,CevYEDaJ1s32biomBikkTBuipFPnwQ741eiYBQ5Vhb7U,1047,1000,1000,1015,true
2906,55a2uECFbUDjFxNn7naMp7nUgN8hcaQdkVUHd5D7Daky,1046,1000,1000,1015,true
2906,Cnm9f6TqABP4qdpACcvE11S91xeazTmBPjS3Yu7L3Kzu,1046,1000,1000,1015,true
2906,G6XJHuw4UtLUctLt8aNSuJmfGcQWTx8eTrNFne9foG9E,1045,1000,1000,1015,true
2906,AK1JaBcVdcBXighh4BgseTaZjaBiLN2ZJTRhKnhB22na,1044,1000,1000,1015,true
2906,3ngx2ScZpmhBhaVuwqQqqhqUpHfHPRfFKqDxQe5pH7WJ,1043,1000,1000,1015,true
2907,2R9p4SPzp1awW9Rkx7R3zBeKYrzYWx81N49Gm25Vzeey,1042,1000,1000,1003,true
2907,9aYMDHKAqvyF67UGhR26iajAqWgJYKr4BEsRA6ivkDm9,1041,1000,1000,1003,true
2907,788ujDbdsXkD5hyVpNiu6pGKN8dJVDRGAbWKY6AY7EXC,1041,1000,1000,1003,true
2907,BB9qHY8fMhKycmKZzvsruxWK6rm4wLiZow433p4fJQZG,1040,1000,1000,1003,true
2907,96hYhXR66N6d346ZAUDLnNBL3TSLqe451qvUDzu21tPQ,1039,1000,1000,1003,true
2907,5GbKZDNSd35ScDncj2L1QRiQvhgZiRYUfxBA8TPWA36T,1038,1000,1000,1003,true
2907,5vp3oSKPgESBY8jEWtHnFdAkjGBjwrMnFG77zVf8okTj,1038,1000,1000,1003,true
2907,B1VgshpMQVUHdouBY6wxtLFFixh9SdkHQiJzNMzmnJtc,1037,1000,1000,1003,true
2907,DNtsEfjuiknRSP1QrvQMXS5nW8rw2ktTa23hUAbGFn8v,1036,1000,1000,1003,true
2907,9NvLNfXMQySHUWevE7VL4HBCinu32CWPqdq62piGnMJg,1035,1000,1000,1003,true
2907,DXTUV8jQNeDfDtDPYuKhqbYwNngACrPARwpCV9EvePbM,1035,1000,1000,1003,true
2907,3Rg7fUMjTfiLMfqGwqPeXggrpBKR5sFu57bHLLPFUBmt,1034,1000,1000,1003,true
2907,Equgt3FZkV2bHZ3TTa9Q25NombMjBpW2xibWtrgvB94S,1033,1000,1000,1003,true
2907,Gm28cUXh67H6d9EA29DD1Qd88t4nsXrywJ4ak62o8qDz,1032,1000,1000,1003,true
2907,78PzWVZVLEcNy5GQK9fTtrfJcnATePN71Pdf4FcrxnR8,1031,1000,1000,1003,true
2907,523ftgZmNz7UFJiNGSnDaAdWhJAPTcip1aZvoN9KNeo2,1030,1000,1000,1003,true
2907,Af7Yq4UFt58LYLep18bovm56eCP2MndWxP4Lym61ShVy,1029,1000,1000,1003,true
2907,DnD12kEtCQc4R92qu6Fek46ZXa4AqL6BECCRbHC4TWeU,1028,1000,1000,1003,true
2907,GEKD64UhcL294g5ejWadxqpRW4QS3AjF27n2w8cgSwSp,1028,1000,1000,1003,true
2907,3sKHjMzPxFfrzk8gek8ZzvVQA6uc5YmVU9C1PWwGRPNr,1027,1000,1000,1003,true
2907,F7uJmMbiooCSP2Ua2eP2xuwxUPS5r9EDrfnEjjK9jCct,1026,1000,1000,1003,true
2907,83h8kwSsFxryFwRqjbgzNDJzgJtuGUp64KEH9PfXDuHa,1026,1000,1000,1003,true
2907,8SR62ubEnsBagX1EUD15PXxAEAaW1McCoCoxVs61Zqi,1025,1000,1000,1003,true
2907,g64w7sLVV13v921J24zUSonm4dqthyPrmPZENaZmgzi,1025,1000,1000,1003,true
2907,AibftWxrm9cCpoxB8hspP1SopafstHG8wGskQJWvuh5K,1024,1000,1000,1003,true
2907,AP2CCe3dJskcMtjPshEBu3Mv33eKxCuS1D73E1pc6cMs,1023,1000,1000,1003,true
2907,7ghkvJAhxariq85Z7XuXEcT6T9VeTtDHwZG5RanopcK,1022,1000,1000,1003,true
2907,5X5LAJsLsrSnXPygsMWQHZsNWcLak9FQMr9TLspsTuXh,1021,1000,1000,1003,true
2907,3vxFoLFTax9TswYm7sv3ioPfXsAuqAqT8HyzNnvjwhXT,1020,1000,1000,1003,true
2907,C2toB4SAjpaT1J5EN7kmDERNLLkWmFqrxD8GoT6ZqNyb,1019,1000,1000,1003,true
2908,Afp6dRVQgtCgesrBdRe5415wgC2J39jfTTGmgL2kDUne,1007,1013,1000,1003,false
2908,33DkMtpp7svanzwkotTZEzAiG6KDhfSxw8hKU9hdhCs4,1009,1013,1000,1003,false
2908,388izUtVa5JV4YVBnKXbhx4n5B1twNqs2vzKSxrwUt9a,1005,1013,1000,1003,false
2908,6a9qn7DdSwDQuT6agUWY3DhPn1Vijiv85d2uBhV78zU6,1007,1013,1000,1003,false
2908,7MgKMLquZSuqcJ9XsiAuKTsvDVFPdKtyt8h8DCBDN8i4,1004,1013,1000,1003,false
2908,8qNHweVDdBJat7aMGdAexhfcCQ6AQdCk8q8GgEKgHUr1,1010,1013,1000,1003,false
2908,9QG64LjMQyoC79ByPNY3RHf12LMtoTJfNKqXGq6fPJyX,1008,1013,1000,1003,false
2908,9WrRSXiGHioEsunsDQCtAC92Pz5FH4qEu9ZUJN6DftVF,1006,1013,1000,1003,false
2908,AApJ8DevWT9MGxiLcNhzibXkgA3R8LfpohCwXEUyFcU5,1003,1013,1000,1003,false
2908,B7AgZAKH112mPCMAVNuuwEcF1yx49nVu2vseqfiMX4EV,1001,1013,1000,1003,false
2908,CSp7yBEonC8K5b41kZZUp8sYXxo1km4A2pQapPtLGpz7,1011,1013,1000,1003,false
2908,EGjsZwpKjUHJQefK3j19kvwyU6QRBDetT5KiEzUE5M4d,1000,1013,1000,1003,false
2908,HsuC5CKQZqKck3QUN1Z9UwE96KDHcRqKwWfCQdguhfo1,1002,1013,1000,1003,false
2908,f8zUsDcsVPbVK8NCTjUXHNt8wYjurfX8hrGbbsABZ1Q,1130,1012,1000,1003,true
2908,772RRhYx3rkusyHywNYFcPDEDjYJwb1mspZGAyA8uNFe,1018,1012,1000,1003,true
2908,61DxaQP4ByEjyhRZwemrMsKALxdsrBts1GSSuVy3nE2K,1017,1012,1000,1003,true
2908,DTYJdDL9gryCLNVn4ubwd1HF7odC1QerzurRnuGqZABg,1016,1012,1000,1003,true
2908,AtQVqm4WcPgWahT5DzUociHKEBGEfjnTfqXswYLwf3RW,1015,1012,1000,1003,true
2908,H1v2gZ5GtDs2qQCM2y5KcZUGHYt5mW99dCjeKJq73NY7,1014,1012,1000,1003,true
2908,BYaEPHV2MB6CtmVitiHap9rqK58B1UeAsKSes1FWQASY,1013,1012,1000,1003,true
2908,EL2dJwesLoCaAMGrhGQTS1Xi9F3z2Y3VYvs7ufetiZU1,1013,1012,1000,1003,true
2908,kF1HkrJjUpR442C23WPgUYKzrgQHcekkMX4CFosxTws,1012,1012,1000,1003,true
2908,44EdbCVNTvKqeoeotTnmdFHZmFHJ5CQiWmb4JL1zFv4f,1012,1012,1000,1003,true
2908,Hxa4cfhEV8ygqqrv9zomtxoaSC5Mu21rYJT1Dwgei42Y,1280,1012,1000,1003,true
2908,HFuTYRmCjtYekducZtwwuRQRVukU2bk8kM8N6bJ5EuRv,1279,1012,1000,1003,true
2908,9pVyT5ZP2XkSX85E9As4G6dRgLCp7pNkv5wvqKAJXHFM,1278,1012,1000,1003,true
2908,87b959saP8LKhBcxd8vQhekVjuKUDEb7uMrN58RtkMaR,1277,1012,1000,1003,true
2908,9VaWVHyYE78rZKAz9f53SX2Q7dUitsV52JucZbjNows2,1276,1012,1000,1003,true
2908,93SWbJFtejW6oSpvQvqv57WELcpLSdxCnNPJCVL6u4hi,1275,1012,1000,1003,true
2908,GUzba34APEzXLoaXeKYVwiHuH6bENiYJ6mwJau1czZSd,1274,1012,1000,1003,true
2908,6J8Rq6QUC6Jgza6hqAzeq4NqxRZgdw9ezPdj9oyFqbFd,1273,1012,1000,1003,true
2908,EdpCt1jCRtHKGNcWVNNrMQPxURPJ6ids2affTKEcMw7u,1272,1012,1000,1003,true
2908,CXX3B31X6uixiQ7StAGmMGHQ6CP8CRpXkvveUkRSSmKS,1271,1012,1000,1003,true
2908,5Ywb4Q9Fnr8TqsMhMCm2fikvm1ziS8TeKDnsymhZha79,1270,1012,1000,1003,true
2908,AXUfpXrvq4NEEQv6Ucd8n2c2YY67x7rDKghf8xzLD9hZ,1269,1012,1000,1003,true
2908,GrgFj7WqxTqdWdJ6jBtDdczVeMF5EYZcT1wASnqrNvnX,1268,1012,1000,1003,true
2908,GhA2HZqEaQ11LFYHibmGnksmsAwfbYaUjUFeSMz85F52,1249,1012,1000,1003,true
2908,82VsreDM5mQBctBDGKdYvmhN5oMngfg7CcsQuh2nuF6E,1248,1012,1000,1003,true
2908,6DUHyQ6TYLG2tPzLyeqTZYNPoHHYKrsJSDMq2v94cNeF,1247,1012,1000,1003,true
2908,3EfWo1zeNxm7JJc38vyX72pFMQtD7vv4MTi6AAh1EcS9,1246,1012,1000,1003,true
2908,Ev17BhXTUx9tqwkrY7PWqKWNUuXbZVtJHeonRzraFdbt,1245,1012,1000,1003,true
2908,RxqpurCma7HefRuYFm9Hx7jewA5KLR3wtknSfPpVBM7,1244,1012,1000,1003,true
2908,CkjL7rYVniZhGWuitfZg4CfkSc8B51ZU7fVhPeeLRHDJ,1243,1012,1000,1003,true
2908,HkHs3GrDBe6PTg2Aiga7nixRbS2AHrYG142YBUuMXVrV,1242,1012,1000,1003,true
2908,HTDjbfp3hYmiiktJJkq5kDGFXXm1JobbgjohD9f3kHck,1241,1012,1000,1003,true
2908,22FhZEhBUunegWEzckSDeR1WFKe4FNBcdx525MtfG2jU,1240,1012,1000,1003,true
2908,4n8LpvxyCTcByCgGhC7M21wNk9tHiPBDJY6XwaJPgBVN,1239,1012,1000,1003,true
2908,67TF963BdZcLkM8rkDNn2JrLQse5BmNiLg9KCPFTLkKw,1238,1012,1000,1003,true
2908,E193Wy8VBebZtEfrDgYK9bmcHLQQo89WbcRHATFvjHCC,1189,1012,1000,1003,true
2908,8RnF7CnxV1X1c9goduWCgsBQwYzFFFuDBbnZfDh53tkN,1188,1012,1000,1003,true
2908,FYbLdYFAd29qnC1ZFGZw3wgTB59SpfsfjscJYhn5vM1A,1187,1012,1000,1003,true
2908,9eAvX9wE5hj2xSkkwY6oKD3JAoQWhtN7AmErj4EEN4Ma,1186,1012,1000,1003,true
2908,LRpjRmGycTcQpLDqnAWwKhbCcvebjJwmLWxbWHx4EYn,1185,1012,1000,1003,true
2909,4vdcZoph7n43giiTLgHsUj7s2ZRQNxM6gZ1NdZ8w3cwH,1184,1000,1012,1003,true
2909,C3GFTJXmvorQSdDw5yiPFgFsCWq4Q164zg31voZLaMfS,1183,1000,1012,1003,true
2909,GrqY6xr7JfQXL3NS4GhDMvCDmfHaioNnTwYxrSYaVY5k,1182,1000,1012,1003,true
2909,3BYgLnmUPGmaiz75V2vNt8fry7UCAQvkNSwzPmATv8we,1181,1000,1012,1003,true
2909,J9Nw7fCDwHBb3A3qhopmGj1jMn7EroH4wn7x6kJtpLLG,1180,1000,1012,1003,true
2909,AF8fNTc6K8CoFf2psHpGhFaNpcuk5Ka2z6Zm3qF6DYcF,1179,1000,1012,1003,true
2909,GcLCFhEutVaeVeEuZpCdB3UJEJJkJM2oKucmMrrfogTU,1171,1000,1012,1003,true
2909,7s52GgBFG8pR6LJD25YWTPh1QEnuNFQTQ7x4e3HCfJ9u,1170,1000,1012,1003,true
2909,3yFeQ8PY5EUf5u9uxkBjfLd9kkcCGvKuLKzwke2QekL4,1169,1000,1012,1003,true
2909,8QZ7A8UQFCSXnN5vmFqPapQwAZ8RiaV8hZH7C8hLhDRj,1168,1000,1012,1003,true
2909,FPmU9kRgkT8tX7qFhjQducyitDHpDK2cGb152VEzuohk,1167,1000,1012,1003,true
2909,735QDcNFTRzTEukx8LoNC3raa1eppHTAfTKNr1in1pPc,1166,1000,1012,1003,true
2909,K1JYYsiMHsT4cXq8Zowy6vT8fwErTYa3ZqjuULexAYG,1165,1000,1012,1003,true
2909,DZZTHJSZeSEMv9wptBQYhf4FLC8G6YbmbHbyKyvJZGYa,1164,1000,1012,1003,true
2909,8GwKreckF6DirzfHtkY9oRTf6ZbBAb9fS9VDUrSozCcP,1163,1000,1012,1003,true
2909,3bvky3MwMhe2tNgWdTKwudbnHYyi1Fgmgt9ERYVeKn39,1160,1000,1012,1003,true
2909,3bV7bBFLZ4QM4FUuCJS1RzKfKmHZ53vm5u358oRhioEm,1159,1000,1012,1003,true
2909,Hw8q1KLRe7Wzgqrm2n6hMNphbXGa8tvpu6tmQE1EEjwz,1158,1000,1012,1003,true
2909,AdrADi5pQAFyEnFj97GaE8AFNFKjBuah4GKDkiL1Vb4T,1157,1000,1012,1003,true
2909,77bwUii19UdgEnAQCUhRNaQCee4fVzPQATMjyAXdHhED,1156,1000,1012,1003,true
2909,9q6AqyiDJew1NugBuzNoBRadmEvk3o3N3s51299HCqDB,1155,1000,1012,1003,true
2909,A3PYNCD2UF9aZ7q5CqXPe39z5sunP52e36QNfR84iURz,1154,1000,1012,1003,true
2909,HPgDjZSxGSFSBjUfSAG9cpQ9mn7ihdfEdSTHiUJpy4MD,1153,1000,1012,1003,true
2909,BB72nHZ8jovTByVrop3Nt4qkH97p8TUP9eWnpUSzYp6D,1152,1000,1012,1003,true
2909,CQ2uqB1EGND3m1TV1EQvTLmYHU6bEEVNat1V3o9ZgrS9,1151,1000,1012,1003,true
2909,D7nY9UtMb7tQBwccMauPaGp7YDfYArAAnWvR3nKUsXgM,1150,1000,1012,1003,true
2909,65kAfgQSfDaYR1xPnPJMHCPiLq37zCaHbjwVYzTxtWtt,1149,1000,1012,1003,true
2909,2mTuqfXGAX3RWraQHtHKpEgQVHrWkaQNGLpV8LgXvAMA,1134,1000,1012,1003,true
2909,CBarabdiZbAAfLp8CzCjwogCuKAajyEvwdZ9NRB3XC53,1133,1000,1012,1003,true
2909,3i4JFYdiRYaGDktvwS8EMfyBNFUfGgJMGR2HUk2fHc3C,1132,1000,1012,1003,true
2909,26y3rcFcpmMsHDhr3ZmMot2nCK6YUTZEadox1UQEAEFo,1131,1000,1012,1003,true
2909,CvuP77QWWG5rYVGM26hL8Mm2uUnJDfU1odrkM4W24Q6,1129,1000,1012,1003,true
2909,EvaLxvtT2oyvwkVuTTWhUusv6MR187PFsQaGFrTTq4sj,1128,1000,1012,1003,true
2909,7hdYhBPnyp5owbn1hYfMwAS2KoTxNxWKnP5xSJCkqjkg,1127,1000,1012,1003,true
2909,D2YYzq9NUUB3xMRfVLqEGiWmbgMVpyMQRyy4UKjnBqGm,1126,1000,1012,1003,true
2909,4tVwhZrhL3BRtZ3CeniJUf4Erf95QyKa5pioUEEJw8Zb,1125,1000,1012,1003,true
2909,58Q9cqDFgeRate2DcZBiqbyKADZoMW6Zkog4Qwdag5TQ,1124,1000,1012,1003,true
2909,GTEmadZw3CtDbH8xkK8HDrMMBvZELEMzE3uPJSsBuFPy,1123,1000,1012,1003,true
2909,5R55S5HvfjruzYU2D9Psg26VxF4bj3ArGfH9SVFPxj1k,1122,1000,1012,1003,true
2909,FBkeeD77mjfYDRa8FhKAgmdzVYxjzcoLEwCMCLffjhi3,1121,1000,1012,1003,true
2910,GJgXi8d4qMoWYhmj5KMu3vZyvAQV5Mos8LS7FzcZZ1Y,1005,1122,1000,1003,false
2910,JqKP5ZdTiEc5A33YXNV6ysV24MteEpbUhyDhicfTDNw,1077,1122,1000,1003,false
2910,KJJPbQFLqyDn9Szuf3LwykS7LBfv4CJ37CWutUNZ9TK,1002,1122,1000,1003,false
2910,2TgRmV7S8fHDDL1n88sVxWfQYgZPFzhui8ZV6bhfeWWj,1059,1122,1000,1003,false
2910,3NYFA4Huif3GgVM7AjYrXQZpqsen5jnT73bnMFvFmJ2Q,1026,1122,1000,1003,false
2910,3SZyVXeSQsh89dUdCdaf1wMWn6LRceBkbyVwgNvLQw5L,1059,1122,1000,1003,false
2910,4Bzu4g75PWF5fHuLXVgcGwopxFVKod7GVbHLjQBv946n,1060,1122,1000,1003,false
2910,4xk9x7SyGk83LtSVKKnqGskMmyVN4oxsykrRayFzwxat,1088,1122,1000,1003,false
2910,55VkRtrgarYWrqBQCu118rX8fhkE1bXHpFUYwNUA9u9q,1096,1122,1000,1003,false
2910,56S1z7VBf7tR2fxhqkGGYqW3aM5PpVZgUJicL41d8spK,1090,1122,1000,1003,false
2910,5BoMbrDfum69Znn55L6ekHBYgLjprYFMWCJjMyk411xp,1001,1122,1000,1003,false
2910,5SBiaVPSayJ2WGqasmUossPCDqF3DnrASNTcY9VdegdW,1065,1122,1000,1003,false
2910,65KD9M2FX6XTQsi1T37wqm9muJNkVxG9Ske7LhUDyvRy,1062,1122,1000,1003,false
2910,67QW968jens8fJi9MQjpSTRLfcJBq55pQuRZ4URm52Th,1030,1122,1000,1003,false
2910,6QRQz2H2cx4i6GJWdJdSTvAuLo5cARzmsTEMJkuFGN3e,1003,1122,1000,1003,false
2910,6dYy5QKjtk6wDcVnKD877jqsELNwvnX6csjQ3C2rWi2v,1058,1122,1000,1003,false
2910,6xSsgCZM45uSjNirqiWPUpxFfGSa7LjrZ9hVRRJsjbEC,1024,1122,1000,1003,false
2910,7X4RZxkEHQzkL51QNRiJV68RziT4gPiDCCA3ev9St3q7,1035,1122,1000,1003,false
2910,7abGghYMxpemZDemMpWYGNDuprWjD7A6hVTKYBkVXMwK,1063,1122,1000,1003,false
2910,7tPs5JVfuiiHrjw1v57NqCmq6aQ4xGqqgNFPRvKNz8PF,1056,1122,1000,1003,false
2910,7yVkTvA8CvWnBvDNDcZc26w9e2wJj7KG99jbuZoKQTgG,1099,1122,1000,1003,false
2910,84B92CmZEwE64KA2FPZjEu5b2YibvxA3PMWVA11RfFSG,1089,1122,1000,1003,false
2910,8pUVi2PjaeeUMaHDhsL7YbdG8VLC1s5WZB38hMHr9mv7,1000,1122,1000,1003,false
2910,9RhYY3mKFTes6LAHMYCfTBcbdjLmkLaooGep69Kh7KQS,1076,1122,1000,1003,false
2910,9ZpD5rHYg4nMvv9F5YqsJjoywZDzcdWYAYbz9SZSnG8y,1097,1122,1000,1003,false
2910,9fYDfT4BJVCXtSD9Z9cdharws9TnSQ9wX6MzmKQ6wTSk,1004,1122,1000,1003,false
2910,9w2RGNtZDum9LZvT9gUgkXAEfnvd7mgJTUZkLayvWFS1,1053,1122,1000,1003,false
2910,AEtx189uXjz5FweE5mAp8kb3YwddtYT9EsrzLeETxz5h,1051,1122,1000,1003,false
2910,AZLLnT48yat3g5GPf48TvvpfTb9cvHAHA2E7z41Vvveg,1095,1122,1000,1003,false
2910,B9G8nrAM1ramBkKfBZBpFHjQN2jfFGbvQtAVF72EpV3q,1061,1122,1000,1003,false
2910,BAVDt5aREfJiMbCLTTsThkgQTAhbALJYZCQPUcv72SZy,1055,1122,1000,1003,false
2910,BFRxoMkmHh6s4tQc7FKXAWEv3c9tJgBEyHW2k9KELf1w,1032,1122,1000,1003,false
2910,BgpRc5dXRFK1efnirBK8K2LFDwWYSmVqstq4T3Ux6v2z,1036,1122,1000,1003,false
2910,BjMXKN3TknMaRaenECM6UW4g9gN7x4fyoWb5bYB7fB1U,1006,1122,1000,1003,false
2910,C5p7FHG6muu11h6517AkoF21svrC4JTGXHRpwFWEVdWM,1034,1122,1000,1003,false
2910,CF9YXCaYErmxJtt76aCqbQySyYkkcg3A8q1nN45N7Hy5,1031,1122,1000,1003,false
2910,CY1bDKQ26YVpJRxW2fqSyFCGsE5n7BQPCKMa2oL2f46n,1043,1122,1000,1003,false
2910,CuVZcqcz67JX1xcgkSWSeAiZuKeyeWugr7GWgBLcuehc,1066,1122,1000,1003,false
2910,DGoYUbs73DsGeX2Wf8Afi3HG26z4xDLWZ8o5cDVjGaUk,1101,1122,1000,1003,false
2910,DNZGUzXjC1LMepGWGDGncQHifNc3mAKpBTXVqnNFb38c,1094,1122,1000,1003,false
2910,DRNB2kLgJjxZRoHdtea81RnCX3mZdHEM8fwJfqb63DPH,1078,1122,1000,1003,false
2910,DrS93iSoNV2NGgfDC2EY59BZ2yPgQ5W8G3ZmboAPnwt7,1120,1122,1000,1003,false
2910,Dwox7nxfHRZfHg7hDvFyFQh1KTZXHf6maN6FWKkRN1rg,1066,1122,1000,1003,false
2910,EGYguazmWZB6uV5kuHHUD8BLbe53y87BxNmbQQ14AeuR,1033,1122,1000,1003,false
2910,EHBkzUuaRbU748cSALqyjEUEi1LzguAL1gJFodRznavG,1100,1122,1000,1003,false
2910,EfMB5Rhm51cmRFtH2TpkXVC5s65mBeScr18n2eAaPgeT,1064,1122,1000,1003,false
2910,F4eT53By8G3vAAUEiD55AtdvKbC4y6EqnqP2VmXx8x7i,1060,1122,1000,1003,false
2910,FGGepMSKSzkpvWrkwgeuQb564g96pHzEfgBxwNHS7u7g,1091,1122,1000,1003,false
2910,FHPu8kFvzXzY5E9cy2KRYVJvBz1aijBPVNiHhesoe7T7,1093,1122,1000,1003,false
2910,FVhmcmrQ8d9uVy72S6jdrmqqahTtbUg74DCpzxN3urcf,1057,1122,1000,1003,false
2910,Fb7FuH1D5bd2x8ePv5NgrM6yHRpKbvWDtfep4K42Q3Gc,1025,1122,1000,1003,false
2910,FmE9zNhNdLAzHf1wKkG2mh7fsnoxj9tepUhxBTcEReag,1048,1122,1000,1003,false
2910,G7gdJAywKJCgi4G35WzadJ4j7tdsHjkXsfHDGPBPDFzB,1061,1122,1000,1003,false
2910,GzwoHVksvzcS5oSCA6SJ1hDJKx5Pg6n6hZgEE27kA1sL,1092,1122,1000,1003,false
2910,HPm9zx3gP7cvPHKg1AG4t92RE6RcKsH2nne4EEwuURX3,1119,1122,1000,1003,false
2910,HShkRcFBmM6A9prB46E9mFQE2wgnLzDLK2JgQ5Sa26XX,1007,1122,1000,1003,false
2910,Hp3AZGbcCFRW1ZK8erYLtD6cXrRocEMKETqb8oe2VgNr,1098,1122,1000,1003,false
2910,5jKZBLkBD65FmNdybhZDcDjW2QpxVssJ87TYHByhAALd,1202,1121,1000,1003,true
2910,5neNrRKDD5sttza5qL1jokGQcF8GyraJU1nrDPTg24xW,1197,1121,1000,1003,true
2910,EUDJA6bA5Wsbhg4f51YEM8k9qoXy8b3TrazAfH7H6Dkv,1192,1121,1000,1003,true
2910,D8daGJoD8ztoa73hHX2dySTBWwAdiM9toAgkAPwiC5Wb,1173,1121,1000,1003,true
2910,A9kESFu1TH9wkhrvNRDJzrgAPhHyMFnJuqStETLwQ3rR,1172,1121,1000,1003,true
2910,F9ACB26gPHsgKssgjQjVW4sCDQSx8ahy3Sd5FpLRP3sB,1169,1121,1000,1003,true
2910,3AocTeVECXEVmRWfXsJ1Wtu7jQjzyCZsfaVC3CLoCPUD,1167,1121,1000,1003,true
2910,4Z6iWKWQQY6GKHLJqdpt6YiVRrCp5ZTde7jb4bkwjsAZ,1166,1121,1000,1003,true
2910,CFqYHGAK7mUztCUnpyNMfju7BPD2o2yp2qfofvWF4Ekc,1161,1121,1000,1003,true
2910,75AtQnduzVgVmfkxJJAXqjpJqUsUGkoiaQwuAkfU6soK,1160,1121,1000,1003,true
2910,7WMw2PSvdjJDHGFv8xEDToLxXw3b9UA95tCJ2V4wnmQS,1154,1121,1000,1003,true
2910,14gyz5muT9VWSMe1wGGTagC8qJAWMUvH2vLFEgJLMB8c,1149,1121,1000,1003,true
2910,7LrWsxFYj67xAiBxtyaCTvCfKyKDxFKyigpwBEisQZFF,1148,1121,1000,1003,true
2910,6cEXVgWCczRCwsAZXXPsQUfZ5T1gHq4yWdAuS1YfvQAC,1147,1121,1000,1003,true
2910,CW9Y2FvfzywgwgNU1T4MobN36f2UEXwznmKuNkKxXFhN,1146,1121,1000,1003,true
2910,6BjEAGLBFBNLGdm5QqGSpqqhZTfTenxE6j2TdQpo4qGN,1145,1121,1000,1003,true
2910,FbyceZExChr7obzPf5pacNymFRhEGmQcvTGNqb3BLtPB,1144,1121,1000,1003,true
2910,C3orGWJj1a9H9SpwZSELT1k9kQrF3xFeZeqz8rAph8SA,1143,1121,1000,1003,true
2910,5htdo48eFHosQL8F3DaTPUyNR2XJbZSATEhzvRRnayqX,1142,1121,1000,1003,true
2910,CqRfRdv6R8EdzghxYnuZfG6ba8SFBfMBV9kjizRxHhN5,1141,1121,1000,1003,true
2910,8Ju6kSdjK5mqusGpa92dmnA8KZoEz4zCnVJZyk953eDi,1140,1121,1000,1003,true
2910,4nFJ39MqkKPp4EcwRi9tDF9xhspVSsHS9aCQN2yN8fsR,1139,1121,1000,1003,true
2910,EdFumM7YRBPizsfYGPGgRvtmhRHsiPrfwyxAqUP7wj7K,1138,1121,1000,1003,true
2910,GLWhFVWSA4ypHzKHa42CbL5QnnBo7TMHcimHDgk1S1HX,1137,1121,1000,1003,true
2910,2aErFdBSmKjLoHdJBC6hQovHQcF8Z48qpqieuT1jEVzL,1136,1121,1000,1003,true
2910,6AdcZ5VYJhct15ay57Cwh2HBmECo38HWNrNLhamqjTGN,1135,1121,1000,1003,true
2910,3cgvXAVbiQ4NK4CMcDs2if7AKqaEVw5TBBLeavztMVWu,1134,1121,1000,1003,true
2910,CCeqfLxpBfLXuqgoYTc84puZWKkfswzkr1L2kvGcnzhQ,1133,1121,1000,1003,true
2910,Fh7WY15nqKh6bwB8GKJV2aMjd2TBYqegL2hmgVMFWtJp,1132,1121,1000,1003,true
2910,9vHrCefiCZ1N6fQVdPP3pBoGvdQZFQ8DCCWXpJVGc4iD,1131,1121,1000,1003,true
2910,BmnPyyQCV49ocgna5aG6Zx1K1M3BMT6c27gRvzUgzKXE,1130,1121,1000,1003,true
2910,DybNJFZqFUGqm7NqWAqNXtcQ7SQA2dAH7ese1AdTmcJW,1129,1121,1000,1003,true
2910,3hLuRDnF8enRvvvYn1jsh4FwSH8jKXxhJL3ERipUqTsd,1128,1121,1000,1003,true
2910,F28iXJx8p5DzjGU1wkK3HGdXEhu42UPwKzj3XboyXFiB,1127,1121,1000,1003,true
2910,AKJhdAyY8W7t9QnPYT1DtqAMhNhPewATXW99RKoDtKeC,1126,1121,1000,1003,true
2910,GFXHPenMt416qjtZpkVt5LgTGQ1m9jenkVNFm1BsAyZT,1125,1121,1000,1003,true
2910,79NFRWVDHcoN5fKNqNfvpvETNWTzD7dtRLmp1dVeokmN,1124,1121,1000,1003,true
2910,EEUrbMEacpJWy1RaxrBqc3vNU32vsGKiYYK3Qd4Jx86L,1123,1121,1000,1003,true
2910,7GZavQgXaBwPrDo7bsAfD4DcihLfXZYKugwRvaPf8GyB,1122,1121,1000,1003,true
2910,9foSzVJH2h62GnCe4zCtG5YFDcwq5CQwAh5Y169byxKZ,1121,1121,1000,1003,true
2911,6d9ZkmYsqHaq77ZG8TNeyhGRK9d243tZXgoNXGSKRMa,1120,1000,1121,1075,true
2911,62vz6y5qjreYG26ysjtVcwbB9eStzMMZVtQSBzoSbEyg,1119,1000,1121,1075,true
2911,6Mgvr68UNBkeVebmH5pyMzW4j7n8XLtwsT71KnoNbem7,1118,1000,1121,1075,true
2911,ExjgnCATpu2S1Pcgfv4FyME7ZKwxZogPmYtgNx9hk7L3,1117,1000,1121,1075,true
2911,6wb6QhLz7AxLoe2wZYxWGxkZvkS9qYHXLAKLE58S5mGs,1116,1000,1121,1075,true
2911,HEgMrWvLMgrYd4JnQFSb9DpPUqiyxcD3y1hsbjkjpGw8,1115,1000,1121,1075,true
2911,7H3ieGVV1v5W5Dr6vNwYm7fCy9hsPQu6gcgxYNpHNHPk,1114,1000,1121,1075,true
2911,BZtPpZWeUPnxKuLgQQnUqHsGUrd4E48tr2JuLqMjsUZc,1113,1000,1121,1075,true
2911,AopZtmU14F1qSeGpEhJu4UwpPzP9SLmUg7mSskJ4rugr,1112,1000,1121,1075,true
2911,HKbbfqzEp4YVDBhgQm1oA4anUGHwj4e5JBWnpfXK4DLX,1111,1000,1121,1075,true
2911,6sKpUhyq7HVGNwjHxmnwFeKLcSLCfwyvXJXnncP7LePH,1110,1000,1121,1075,true
2911,4vWFZjjteYBbEBLvANHRJrdhxq3k6DUparR8isR5owpY,1109,1000,1121,1075,true
2911,D2LAb1A6MwryadEpp6gGNSUhotUcvxvbnPRKSHRpdfAf,1108,1000,1121,1075,true
2911,4SDimUHnKNtKm9SjZ7rTkXdp1aT9BXjhT2uWCNtS28Bh,1107,1000,1121,1075,true
2911,GgcwtyCzEDL1M5rW1MeVgWY1EPXhSTqv7moyb9HSoMyZ,1106,1000,1121,1075,true
2911,GT7KeEFoxq3Fq5bZa4ooHHSQEheoE9GkFJqU5DNgRhh3,1103,1000,1121,1075,true
2911,GzXQwzEy434YnAwouHdBYWVWM2HnGVwauK612eBZftbj,1102,1000,1121,1075,true
2911,5MiE3FGrEGrvRGDtZBximyeymvxxqPhJgB5ks5FJt9Sn,1098,1000,1121,1075,true
2911,AChX8V27hT72nG2GPpnnsRHufEajLJg2kuEQmfahR28Q,1097,1000,1121,1075,true
2911,z3Qi1eZoweQvjQyHiZFVHXzmzxxLHv98hUh3r4gWEdD,1096,1000,1121,1075,true
2911,DY65DiVrRxLwajtWdkRm3cHLbbdiWYBZyWJqH62AW81H,1095,1000,1121,1075,true
2911,9DVS41r8kdzQcfi32PwFUp4PCDoyvA3W63zuc5GiigqR,1094,1000,1121,1075,true
2911,VnuxUU9AgRcnAVtmQ6eX7nWG4SrSfYfuasbY7Y8sg9h,1093,1000,1121,1075,true
2911,DLkavneGxofFc2nfL75MbYWuSrauChiEqbfiAibzbsy9,1092,1000,1121,1075,true
2911,Hw1hQbQntHgzga45fHMxyUsqbRk8QaLvSjC6mRp2VaDG,1091,1000,1121,1075,true
2911,7N4KTpMCfwePJP1We4BBdKLcj6uT9zcZoetoAD12nXV2,1084,1000,1121,1075,true
2911,7VoQKvjeabW8NFTL91uZtZfWWF8vHuu4CF1dZw7GF2Lx,1083,1000,1121,1075,true
2911,6s3r4QtuCbHL2ztzXVHyeFBSeuypaHkh6myVbDiUaWTB,1082,1000,1121,1075,true
2911,96EFZMc23WDsA2mqkSWvA5gJQzHnFLpUpsw9qbPPPCVM,1081,1000,1121,1075,true
2911,3h2NyCxt2zNhGh3GhvmoiB6mjkMMiYMpbHRYeYVQMQfX,1080,1000,1121,1075,true
2911,FV1ayjbzWyLiWexpiWp5FEPGKb7PtuWy3aJd4U1GHfs2,1150,1000,1121,1075,true
2911,jQWZ6h4zKKrTEsdhovLfaeFtWu2uCR9wgshviQaAfgy,1079,1000,1121,1075,true
2911,B132qrL6XdxkRUapMZGuc7pc7VJD3jSzXMd7mWEUSoP8,1078,1000,1121,1075,true
2911,EEPjSr3BwWJp82ECXFtAYqdnkGhkHCNotj7sLTAC2TQ3,1076,1000,1121,1075,true
2911,GxC3ZSSVkS3jHrGnvWkMzV6moFJMzy3UHruaRm5mD97d,1075,1000,1121,1075,true
2911,3MccTSZRTbapqvGS5UR5pbY5bmgur2TN4wXjGLCLehJS,1074,1000,1121,1075,true
2911,BmaN1tZyfKTdDgcRBAMSAwsuobptsQMV9n4brxgRBjeo,1073,1000,1121,1075,true
2911,Dj5Pbj7noVx838YGSn596tjahcn1o7FxAKBY7jRApK3h,1072,1000,1121,1075,true
2911,9asTERxmN49iKQHMWvEJ3p8CDBEHKuqxgiRTVrAS4S2t,1071,1000,1121,1075,true
2911,2FZkZ9Tz44NTjy6yZWS9gwDS1hB2yx4LgSMXj48twq22,1070,1000,1121,1075,true
2912,9Sh2KgH9QGauJvfr3pZgKAdgD44vbDtoeQHap8S49vF,1050,1071,1000,1075,false
2912,BWgU5JACix9wh4JXG5xCwSnknZWbHoVjcmRg8hDDvv6,1044,1071,1000,1075,false
2912,2ZopfCtr5qFwKzD3htyPc3Unm61UYCSpJQBmCYWqfYzq,1010,1071,1000,1075,false
2912,2q3rAKWMNwtU9ED4mW6LyThUww4vr9bRYvqrwCKfWAWi,1016,1071,1000,1075,false
2912,2sgBUkJcjA92CbYziaj8vxbH3sGFmrXbVexPXu37fPDA,1040,1071,1000,1075,false
2912,37mFPT67HNzPfk23KcxC8HjwGFX83UTZuymxwFdpnXYa,1047,1071,1000,1075,false
2912,38C48jCYLL9sYahMsKPiHNRf27ZxhFqhDHDoGVozUgxB,1048,1071,1000,1075,false
2912,3x7kE3BQUJ9748ksoHs24e88i9gWsRgNVt3b6jtdKaka,1011,1071,1000,1075,false
2912,4AngZEr6s65K4Qdo3AkzY7NbwHGBa5KeEtGsSN52L65c,1013,1071,1000,1075,false
2912,4LZVinKEcGJr4fYo8X2JC44ELmWvDPBkPNuMTGjN4Rmq,1020,1071,1000,1075,false
2912,4fcY8PdyhxagpCZnU5pYkB4SspEi1mkbuRZDASkwUi4K,1062,1071,1000,1075,false
2912,5fZyjs6VcRsqN3BndKUFnojZSDUKoyYoKikDuWfCupkU,1039,1071,1000,1075,false
2912,5yCSsT7T81Zuj4qsCFd8Bf1csA4brdDyEL6iDNTdo5pt,1022,1071,1000,1075,false
2912,6prtvpRBtkR6PS8i9Yr8NgZkLxzeUFA3RUbKqifp1pm7,1015,1071,1000,1075,false
2912,6teUi6wxMCUEf5WUUBXZDzC9h6wJ6bziTzwezXPPbhY3,1063,1071,1000,1075,false
2912,7CG5mvLupWjoC8xAaLPczDyccsS4npriL1rqkfEmRnB7,1069,1071,1000,1075,false
2912,7RpwokxJAcyoYEWe5drk8jQkF3pfW2dqzuJEB8BpYPCo,1014,1071,1000,1075,false
2912,7krSMGFs5RXn8M2onjnayQhq6XwknbRHp4uH1nHpge4L,1017,1071,1000,1075,false
2912,7vXyj8a7u7ENEFieD4A2AtKukg9on11YHBDkbSV1iENp,1012,1071,1000,1075,false
2912,8qVaARKtH6ZPS5pBpS7WXfm5iZZpMVd5FsJ8SQoA1mGN,1064,1071,1000,1075,false
2912,92318TQNd8FYBLQseYXV2NPXQG3VGyx5bJFto2MMV1d3,1049,1071,1000,1075,false
2912,A3kSKRk2EpEtkykgeRzc8gViWN3JGSaDCMiL6MWcrKuT,1045,1071,1000,1075,false
2912,AUaxQTXt5tFRmnyAFRGP1RgkFjGmscCq976tRmj43yuj,1008,1071,1000,1075,false
2912,AtH9GMBDEBPpPJd83c5LKKGeacTww2sMoS9NKDxnSQ79,1021,1071,1000,1075,false
2912,BDBUFoFZJ3GyrePQoSWPUPXJ19usQyVZZpaYoXCJykKD,1067,1071,1000,1075,false
2912,BKgKXvCZZvB6HWJBXxspKo34o9X1rA7dnPbE6n7NG6fs,1065,1071,1000,1075,false
2912,BYzTVB5FhMZVJZuxLNFN3EhSGaFmVGg8XAKZWFN5N9fd,1023,1071,1000,1075,false
2912,CFTP2yqeU2DMwcgA9wBoPBNYXmBSSgdA1xywAQrnmxtT,1009,1071,1000,1075,false
2912,CKt9scMsWRSiFDrmfG8Rtja1T9vw3j9NNKVkAf4Cp87E,1027,1071,1000,1075,false
2912,DVHbfWd6am2945gbsmHbk7C7GHnDQMJ8cv5vf873AkPR,1018,1071,1000,1075,false
2912,E7jaTHgJzWhQ64h4otJY1h97ZZWCVCVznkLni6NHXtER,1046,1071,1000,1075,false
2912,FWSbgBj15uHEGWvDLh7UXJtGYMGJoLrxqzhGkQTokrDQ,1038,1071,1000,1075,false
2912,FsCqH99HgoLdGVCLv2XVe4YtMWH3wBEhitWnS4QtFZFR,1037,1071,1000,1075,false
2912,GHEiysUkqtAZmrQjQe26bijA6ArP1bGACFWnJPw4mvor,1028,1071,1000,1075,false
2912,GSNXGTkZSvTbeA4gUdMzfCsxBGipVq2A2rfiBUNBbRqj,1041,1071,1000,1075,false
2912,GTQdGjbAqQAVEdWpvB9b5AbrpLKX2brdXZwVeetqZCBD,1054,1071,1000,1075,false
2912,GbsdXM9nXZ51Y5Vt1u97c6uubSZKbp5P6TyRskbmBcK3,1052,1071,1000,1075,false
2912,HNRwfcc8epTNmsUEa7DdYxBoyjzFMS9U9WcPUFCbcJTj,1068,1071,1000,1075,false
2912,HkFjZj9sA2WTKwM85PPKvWHDNM9dKxcjbGLUjvh1SENu,1042,1071,1000,1075,false
2912,HvRsrKaeMbxE7HmJxz6F83YcJ28K3gdLRii8oh8ifsTj,1029,1071,1000,1075,false
2912,J91w8AASRYEgNuGR7T2gGBahpnDHgHBsEYwpkkQzWSax,1019,1071,1000,1075,false
2912,5EoVtGV7wWTxTzsduUBua2oW6oRG4L3ULkdHJwZm81DN,1204,1099,1000,1075,true
2912,2JMckGWFhp5gvQP3FPoqGvyo8xy76WSYwPA6yHDw7iaH,1200,1099,1000,1075,true
2912,23XYQ75vhbdkmE1afZU6MUMfzCQzDxBkiwqd7PFT7sBG,1199,1099,1000,1075,true
2912,76cHo47BYxzRSY8jNZtV8AJtrxVD6rG9W7a9MyphPWsD,1195,1099,1000,1075,true
2912,4pqaXjnoMWQK5QMQjz6VnyqAyrbbRbHJFmwt5L8FJLei,1174,1099,1000,1075,true
2912,2ie7eeZc6gPNRGt4uPYHrsA9nUUK7yKeLQDnPq64kEfw,1171,1099,1000,1075,true
2912,d9S67CEZbceo2ciq6VhWZcGZcWvjXGEHyGNHsoE9Z9B,1168,1099,1000,1075,true
2912,5Lr3u4nkVGUwrozuA5Zm87TBZ8hKBRVPqLG3TVPJFdmN,1162,1099,1000,1075,true
2912,rBnu1GM2uDCw4MjMFzruLo7faE9ZbhCyd1FhYXv4nEZ,1158,1099,1000,1075,true
2912,BgEqXrDaGy3PfKx65mWfzRTuk2xWWhnd9JhXCXuGZCZP,1099,1099,1000,1075,true
2912,5DbSAyE1HsRJjKyDZrRRUL4eUVhEnss2YUF76uJMsbDJ,1299,1099,1000,1075,true
2912,CaLUzTmYpa9EGQ3cKZw2G3RGCSARtZvbrGCPFJj3uvfs,1299,1099,1000,1075,true
2912,AetAiqBVVXo3nBPqzMTGWGJwNcVCHx263yyEw38xaF6s,1257,1099,1000,1075,true
2912,PNJx33Bs8PspEDNFj2vhnRz3iHEbyoJvqt4r2Q71ufQ,1236,1099,1000,1075,true
2912,ESQCFCFbFQSdvES69EXVLZAprtWvnupYQ9ajrukrfaV5,1215,1099,1000,1075,true
2912,A5A4YEeNM7m4ewfsYgtowC43t4yqttQjaJXL7eMJEqJ4,1214,1099,1000,1075,true
2912,77JNSPYapn816kuDpJWvME6Ga2sGH9YwKM94eAX7kvj9,1213,1099,1000,1075,true
2912,NgNyAdjKonCSVhb5j8KdX7rGVmdCYDHbDtvMj9gDjmP,1205,1099,1000,1075,true
2912,CmLHWtnrwuV2SMpZmck6sTHpbp7ogqvBKyfCLPPbGu9a,1203,1099,1000,1075,true
2912,4wQSUMpMinjjvdbbap9VfvxAq7Ekuuk27TFs7mvsLHVK,1201,1099,1000,1075,true
2912,4sweB3eJx8qLCfVF9H57GRHTcfpv7natrS75bNFjTZyC,1196,1099,1000,1075,true
2912,4q5BLXHJKce7Wbzx5MB1t7BTyT11LbFQkWBHP8i6F34n,1194,1099,1000,1075,true
2912,rUGSYabSL7DUHaunYVaAG1pHSZ3f8Vw7CAmrvnk6SX6,1193,1099,1000,1075,true
2912,5G2QeMHQFBa9RGGSoP6SvhWtpqwVfNjJsXbVUSo2dnTF,1185,1099,1000,1075,true
2912,9i5U9Kn3utt15XXer1nTryyfVdUdfjJ5zMx3HULF6Gn8,1184,1099,1000,1075,true
2912,BtNvhmqUdLVnSKCy2DXXULqwJqbfqyShV4yus4VgWSeS,1183,1099,1000,1075,true
2912,DkJvuy2SDif1gLN2U5mcGwbxWwPnW3cu7f5Npvfs1XbR,1177,1099,1000,1075,true
2912,9GbZbeYTEVRrXNoGe4op5YAvhh37yY2gNhdPmvBzaF2j,1176,1099,1000,1075,true
2912,BWqJDhKQCs6DfjFJUt4W8JgfRVAhV5YARfUTDupdTaUT,1175,1099,1000,1075,true
2912,7c757qpE6R3Py53DBBKR4dSg2e4vxThu7D96NFc1tHWe,1170,1099,1000,1075,true
2913,6S7M5azfhx5hYQwUFyw7DUjFT2PvipnQjtXMPFDyXuVT,1165,1000,1099,1069,true
2913,GwxYRu1s4AA5prF3KeCh363ibhnLGsRpscACA3Gp3qY8,1164,1000,1099,1069,true
2913,FDqSNAvwRGdxxy1deKaDYaxXfWu72ndfT5ErWVD1bVLU,1163,1000,1099,1069,true
2913,9sYxBqw4FmAEGazBLzmia5LgUty7WM9E1Y7V3SPXdbwL,1157,1000,1099,1069,true
2913,GUAewpsAnRZUwaPY7nidHgj1o9Yv9gPwmanoNWzDdwVF,1156,1000,1099,1069,true
2913,4676CB7uDhoXweSfftsQ22Do2i6iNaEMFWjRYQSPmQFe,1155,1000,1099,1069,true
2913,8MLi3faWqqyuw8GbtnPzWPWQBTdvRWAc99WEoCaXR7V4,1152,1000,1099,1069,true
2913,73wfz7y17AZp7TgBqMNSQfRbGXbuxGhHNpZPFK8keybc,1151,1000,1099,1069,true
2913,8Cji26k2fdyXAWGbcyGkcoBQof3jvQqVBUXydqBZhWPS,1105,1000,1099,1069,true
2913,3qUMGrPwNwrVDD4u6zTLY5QwQ9uZjGeRneCtmvnu6f9F,1101,1000,1099,1069,true
2913,3Pc245Zc5uzo1qHx4GLBEuvgBw6trGoYkCJ4KtoWBMto,1100,1000,1099,1069,true
2913,BuwxTgramMGQ2uTbCqqGxDu285EuHkUsrpz8TfSeMNSA,1089,1000,1099,1069,true
2913,5aZvch28KyvmykdGa4vSD58ocLincSmRXtXsY3rsXt2t,1088,1000,1099,1069,true
2913,3CssqNH75Enx3ZVnf6MU9N5V5pYZKTQhphxzHWdDRc5S,1087,1000,1099,1069,true
2913,G9LvV2VVR7VKtEQDH3Epy3hU52mLMTq4PEb9N6RKe4tu,1086,1000,1099,1069,true
2913,8danYoKeonjuQMixZMrvpWViAp5uQTLWDohwEo39Je2Z,1085,1000,1099,1069,true
2913,BpihJg6cVXzhoqvgoqba2xqtacB4dSA5EQzzjkXeMvVn,1077,1000,1099,1069,true
2913,5auFS1Hg7PQkUrmFpG5uBJNHFTuKiv3U6qwnoQ3mAxwz,1072,1000,1099,1069,true
2913,2C58s1ijAuk47tafHqNHfyG4m9d6RamuvA9DsSGotsYE,1065,1000,1099,1069,true
2913,BHpGBLYbGNvpAQj9fhcXDeYBgSS6dKWCNwmxdaLn2pFU,1064,1000,1099,1069,true
2913,DBmMJhjCBzg6dUwEQFKUi9piuWiEu4zTo5e5BST1QeZX,1096,1000,1099,1069,true
2913,7HhivdNaez2y36KdGj2524mwVL6t3FMFzgp8YSQPmL5V,1092,1000,1099,1069,true
2913,2hKxKUSKfTexXXvoioc2rdzP2v6zAfSigLLUASMxe4mp,1088,1000,1099,1069,true
2913,HV9fzqxRhMpicrJbArEJvEZXz8iwM5CD6WAhNgY8LnV6,1080,1000,1099,1069,true
2913,95HchswnafeWb8Ww1FywmQtBnhUtSW2nTXwB49Hod9Ep,1079,1000,1099,1069,true
2913,2m1kogekHHKtdxkzBabeFsLzUph2A19X2tvnTyFr1qwY,1070,1000,1099,1069,true
2913,7vATnFwZ9LMxhRtWLUUfMUeRh3xzcaxgsrTQFTHRj8YH,1069,1000,1099,1069,true
2913,81i25L28B6aGJAVsVjuPN9RJ13VaaAK2LWhCbB5dHSrL,1065,1000,1099,1069,true
2913,Nqasq5cZBUsrekL2ccKQDiN89VkgSviHDz4GQ83P3cN,1063,1000,1099,1069,true
2913,3RWvtigXn2zsizm1h7ecDWZojEDFdFggnbVAK2teGgod,1060,1000,1099,1069,true
2913,7RfbJnNG4UGpffSJrHmtaaMPWMHU1pNb9eyg9yTZiBQh,1059,1000,1099,1069,true
2913,quk6JuWWhALJ2sKwDAJn4QQoKq3YcXC6qabgXWrFGqz,1058,1000,1099,1069,true
2913,ASi1Soxph7dkWf6x1qKRxzNCxTtkCF1PGGwcEMc2Rz4X,1057,1000,1099,1069,true
2913,2oRs3gmk4WpsMmEi6sH9QYQrPGN673ZwoP9CbQeTWbb3,1055,1000,1099,1069,true
2913,DfghwuDihhUZeoTFhhjkE2Zy9fmgez2hc8KLaDzrf3s7,1054,1000,1099,1069,true
2913,2NEUFA3haVjio2UTEqKmWM5y142ADQXwRGKo4EMxjhjY,1053,1000,1099,1069,true
2913,5ak42TwnnbdT5fhEAycyyrU2brBuRKTMFdevKNjXLYdj,1052,1000,1099,1069,true
2913,HqMMNb9UTYMNW6Fi2wsHuJ1KmehNovsCQhxysgDN2t8Y,1050,1000,1099,1069,true
2913,7awR6FXv1npGXp8j9fMPMk61jSCR3QRGSvDLuyoLgDKa,1050,1000,1099,1069,true
2913,FYSmdHEsTkDNFsdSgCoxV7bsAmwGzmFJK8e3sn8LezV8,1049,1000,1099,1069,true
2914,C4w8ZDrRHK7k29U7rv1i336TBnYZg9cxkhJmLKJsQH8Q,1049,1000,1000,1069,true
2914,FjiY8D8HU5TZNL5oTieLCCk8u2FTmFrJGvBWkdcknQsx,1048,1000,1000,1069,true
2914,799DgeH9GcGu6wGV3erAsueDCLTSQ6kfei9QiZtGkHRh,1048,1000,1000,1069,true
2914,H22uUopwcBUCQf32XcBzXTV4qk3C44z2hpfVTCLu97u1,1047,1000,1000,1069,true
2914,75VEi9PM4yRh57F8wtTsHWBFRviQvXQubLs2wJndK5ow,1046,1000,1000,1069,true
2914,4zdFLBDgGp85n9DZTau3NDNkWbEGT9EvmGU4kW2SCw8v,1045,1000,1000,1069,true
2914,CCsChCH6m88TahhBEdo1S4n2JgZZMBDfX6NygTZe6Q7p,1044,1000,1000,1069,true
2914,68BqAoPfaeezQcEUe3hYECHaeCLuZ6HLwDH8EGHkazEc,1042,1000,1000,1069,true
2914,DLKbMRRf8RagEK3Xb6i8zQPxshMNYf8aaUerKbRMQs8X,1041,1000,1000,1069,true
2914,Hjo78u2LB2cSxDHkrvBgpNs9bibS7hZKd2XXbMAm4yk7,1040,1000,1000,1069,true
2914,2CwCA2bGkpnEEsrM9jGnr4aY5wGtaLw8JhMArLxRJo59,1039,1000,1000,1069,true
2914,7GFRbD9mnshoeaAbqGrrEe4X1uuc5d8ktzNWWY4Qj9Nj,1038,1000,1000,1069,true
2914,8zVRgvXjh33AhAEFs9PUZattBymTVQrrEc57KuNJ8ira,1038,1000,1000,1069,true
2914,CAyHzX2NPENc2ouKoWmU4xKePD3UAeTwsWHs31y6UAH7,1037,1000,1000,1069,true
2914,ENF26f4FwzPFnixGMLW7Rs3FWQkArm6aEtXu57NmUWZm,1036,1000,1000,1069,true
2914,FMeFa5p9E4HjTFyRbEkXZJNk4aU83E8dcX54Y5tdj2HJ,1036,1000,1000,1069,true
2914,3zKzE2hU5WbXZsPKmVFWwQYHM2qDVNSPYWg6TRGcb9JX,1035,1000,1000,1069,true
2914,EY7KNwAm9k1y8522iwzvLV7zfAipgPA2JBTAUm8m2cPN,1034,1000,1000,1069,true
2914,9gaPw6voDdrS81GF2wWvrPvnEpxFSK9sEcp1cdqBNNDX,1034,1000,1000,1069,true
2914,Dx7d6SvjY6YVqszzfCoA28VrBGoRPTwyasanKWvVmXTj,1033,1000,1000,1069,true
2914,HqgseSHSp6qBzrewzLGnkyJUw1JpTsVGiSg5t2A8MYQD,1033,1000,1000,1069,true
2914,RkHLn4a5YNLjj6QwUjpCp9fNXkyvV2VA2H74JawpX5s,1032,1000,1000,1069,true
2914,aWFd5ak2kRHVmoWfvHZF2rJGkEpwGmZ1mFZ6bpj2jXs,1032,1000,1000,1069,true
2914,3VzyEDfhNSMy11qF6qzpyozLTLCnXWJYo78JuGLbguhG,1031,1000,1000,1069,true
2914,7QUBxb8sjWUyiirtxDzXA7GGfc38Z2NhcmD5Ch4qYCnv,1031,1000,1000,1069,true
2914,BNjMBg8DsxVXiG3T5DyKPDC5bNHxRoMwMTsqB8cQjuc9,1030,1000,1000,1069,true
2914,C53J6fiwk6i788fSmMBfhFCBpynzzNPpQ56nXS2YeCQ3,1030,1000,1000,1069,true
2914,DFFdzLTMQndc4w7SRxGn8eF8TVpbdiYchzWDniadoKrj,1029,1000,1000,1069,true
2914,5rmZPZje5nnZq1UzSj8mndK8VKHaFDGMAWc7HizaWS2T,1029,1000,1000,1069,true
2914,39AoqGBYyfoxouCRGYxFCHbvRyRdDHwmj2NEgTnDbahv,1028,1000,1000,1069,true
2915,2am4N3kQPU3TS2PTL1xbbmdGkDCRS8RpN1dJVVsQxEsu,1000,1024,1000,1034,false
2915,3FKkw6MfacYsVrcBupbTpDCRqE3PFvYEnJ7vFCZCvXLu,1009,1024,1000,1034,false
2915,4oZp5o1okpxs72VN97B2rpa9t5CS2z64qZAUYPRQJtQz,1011,1024,1000,1034,false
2915,6FxJA81BVs2CkG25ERzRwox46QQhwqZVBYqM1YcMYjbe,1014,1024,1000,1034,false
2915,9MwLbSMxnVwrEYtS1bEqfXCtdV4h2d5kTbjWfbmKcmsY,1007,1024,1000,1034,false
2915,Ef8VcjKVjuySC1g4Rk4DskzYVnPb7HNDMFG8G2Skpfd5,1010,1024,1000,1034,false
2915,FE8VUPGiCFCq52qD2NukmgYV46FTrb26YMpdWFHEKxA4,1001,1024,1000,1034,false
2915,rS1RatZG3Y8B4sg6FvfXDfN19syPLtd7qBas9VaNu1D,1004,1019,1000,1034,false
2915,2SrzNu8B64W9478kRFESj77UfsdfL9kVnDgMvdCSaGaF,1006,1019,1000,1034,false
2915,2Z4YMRXnXRqLvJcnKhFKAi9vseJdiT8xQE1WCDDj3z9m,1002,1019,1000,1034,false
2915,41Qqtsp8VqRiskWvuAhQzZeXzNdTavCx8szzwfyFKbRw,1008,1019,1000,1034,false
2915,4UogE29nHrRJk3ciuzRxU1UxrsMqpxToEnF71GNfwt7B,1012,1019,1000,1034,false
2915,5G1cRBaxb7CRA1yyMir2W5Bqqn8iFnH7LS1LXQ7h6Zor,1017,1019,1000,1034,false
2915,5PSZ5S1HJ2gkPYpjWE51KdDzdegZajTAw4wMCmxbEgYM,1016,1019,1000,1034,false
2915,62oG6ZUTNcLmqhvXxWQHnGba8kGyHBovMMsnTAUpj3FA,1003,1019,1000,1034,false
2915,6XW31rtrHMmq39iz6z88PT5CDuPMkEFovcMfofMemnJ6,1008,1019,1000,1034,false
2915,6gjEb5QP4cFEZvJzS2Byk8XSn3uVPvWciZLJ7KrvKTyy,1006,1019,1000,1034,false
2915,6i6S1FnYUPs52LLbT9Y61wuiot9yCpu9g7Lz8rePd2fb,1005,1019,1000,1034,false
2915,82wSpSppGF1MAZHCeWFEioy3oDiEGKi4duZoN8JEZ31a,1011,1019,1000,1034,false
2915,94AN2X4iQcx78EZHocB22xjVXpa9WrVsLYQ7AANv5tRJ,1015,1019,1000,1034,false
2915,A2ufkC4STC4cmQtvao68vuCqMEWgVAiS71HJh6knGq76,1007,1019,1000,1034,false
2915,AJpDbPv3gCv5KqCq1GyXxtovawnenssGVZgkf6gJJV7N,1013,1019,1000,1034,false
2915,AMgo66vcG6k2rCkjS1G1vDR6rePppgDSUE1XdwPkkFCd,1014,1019,1000,1034,false
2915,AmMAjnAqWbCPgL6sYFYavVy2P6uvRpWQTf3XKxYmGxHc,1013,1019,1000,1034,false
2915,AvXhPvAeydjo46tkWsWUnckumus2RTs5rF739dxeFfYc,1015,1019,1000,1034,false
2915,B1bhW2D1gS7yHDqyDaEZ39DPCbwjYZq9KUSxcqEnvtWT,1012,1019,1000,1034,false
2915,BxaHdszqGYyoWkhaztyb2r8vQs9YWeYcWVgrJoMupgYt,1010,1019,1000,1034,false
2915,DD6zbxqSMbMfb6V5VnMbo2Fce2fTrmgMrFi3PEumSWTz,1002,1019,1000,1034,false
2915,Dnnq6NUDb1fFcK3MNMgCiGosGxCCY9XV9bSXqb2Shk64,1017,1019,1000,1034,false
2915,EDCqrPYejZVuzTrW9L8sjWuPvDMRExyYebcWwSuTEmWZ,1000,1019,1000,1034,false
2915,EFrMn9K7W986eUQD7PND8B4cLFwiJyGwoNVHxs9Z2uia,1009,1019,1000,1034,false
2915,EZLvPb4RBp6wfnXAQhci6wahXA1duGZqp3uJ9YQsH4WZ,1016,1019,1000,1034,false
2915,FpDbiNZvp6CD525qPDBoRFyeY51fgTQSSF41medr4R43,1003,1019,1000,1034,false
2915,GDWcdsT429FVgzRXnsEi3YoBebrCdPEbb65S2QPyhnQ5,1001,1019,1000,1034,false
2915,8VXVtQzJv6yG1SA5NbC7U2ThmBGGVjEoQK2wo6HSQPiE,1027,1000,1000,1034,true
2915,8XSyBDW75f1nJK9YDkzFxmmjq5x49YPurdKhxo66GC84,1027,1000,1000,1034,true
2915,HCLVWA3DTz86BWSefs3b9fYj1n1DwTG4hE8S2nMujpgZ,1026,1000,1000,1034,true
2915,52eFkHnewdGRjMD3bdKxrmn1RxPtBYS7fMxgZL2vvdXG,1026,1000,1000,1034,true
2915,Hx69PEisrCj3crtr5xtRY7GfVsve6X5HyfjWih1oPrd3,1025,1000,1000,1034,true
2915,BZ2caQjJB2ooMyiEwxySj9hCkzEKm34Hsd2JfCPb7Rjd,1025,1000,1000,1034,true
2915,EpyxzSa11txESirvfsyBLoyvr9kBrd3w5ivUjjuYWEFL,1024,1000,1000,1034,true
2915,Av5tjXRhXxes3PBGLp1pqcuwGBf7mbNd4w5nMAoRRCwA,1024,1000,1000,1034,true
2915,9TAAvj9nCgEGLJibGHCdG477vRu3pgsKDjHxojXTDqx1,1023,1000,1000,1034,true
2915,86597tukJWtK4QxqyMLoL97hToonYAChRwgeTbcJtMot,1023,1000,1000,1034,true
2915,BCfJt3CZek6R7rYT8miNHxhRzSqaXbdT9GziDTTxMN2D,1022,1000,1000,1034,true
2915,9MRS7LBxQ7RMfNXVeJE8E8V8hgSEmsDiBevhFAtGj2zN,1022,1000,1000,1034,true
2915,3ssWENoBXzjxwRQBwPaJdhQzRPktNnmSaFyk6TLKL8Z1,1021,1000,1000,1034,true
2915,CGQHwyFzjoDZHutjCUEWvuDLm9S9RWdpsayWF3iH4EKp,1021,1000,1000,1034,true
2915,3tH2imDpdmqhQ8SuFQAWWCxDmDHrFC26Mq95Bi5BmJzq,1020,1000,1000,1034,true
2915,EGxBnVkBCEewUks4v3husLFoHWMmqteYh13ebhSARD9i,1020,1000,1000,1034,true
2915,8Z1Sn4eEv1z48pW2km2WLBde8wfET9wmvuBqk9meZaZf,1020,1000,1000,1034,true
2915,23k9jASHPyytQ3H5M4EMboUmewNTk6GN3DGrkotGWNM7,1019,1000,1000,1034,true
2915,5UnCPwtAbEabpLSC7j4GjeKkz2gf4PUt8qREUduap6qi,1019,1000,1000,1034,true
2915,HVou8JNXhbhtntxwuBDn8PRRjh1uoQL9mTJmVj19dxb8,1018,1000,1000,1034,true
2915,A1V5Q8QZmDZHVKsmmHgM3WAncs9ViN1LedZN7uBm1jeF,1018,1000,1000,1034,true
2915,DsncqEwb6pXcEfZ4A8uwvGpCZUwLgLDmhETmFDZKiUXF,1017,1000,1000,1034,true
2915,5hieQh5GUEyo5aXAaQNnuUJkY89QxUj1xEsD5DXt38pN,1016,1000,1000,1034,true
2915,FHbiLHM2YRFTVNbQem9phoZhVZa5Te9berJ2qRZEupKv,1015,1000,1000,1034,true
2915,HjhmwzWpdEaDPSznMLV7zvAn4Zrz7Twb2Gf8SewW2nVb,1014,1000,1000,1034,true
2915,GLXWtYDeLBcQ1m5T2M1yUKR4hj4THuRhXGAe2tEuor6q,1013,1000,1000,1034,true
2915,8bNmTSd6Wf7rSrfSGFqRCYWgexHn6asfQWM9drk5RfL8,1011,1000,1000,1034,true
2915,D6z4q9GHFdZqLiYLbxrWMmjUKpSUyzvS2svSqHjtSHWo,1010,1000,1000,1034,true
2915,HgmK9yWDH2jnpHNp3gKh6R5xedGxdNhUnvadhBeCweyv,1009,1000,1000,1034,true
2915,BWsuqc1fvR5cWT3zEUtAEanwEiH8KyKA44AMXFWxWk3M,1008,1000,1000,1034,true
2915,4aRmRf5kFBG6r9SXaMCuvYXd7ewJcEy1XxnBE3P8JURS,1007,1000,1000,1034,true
2915,GjjuAJvh3Grz1L1UBvxdCDMnBrvAyprA9LYhzmYjeSA5,1006,1000,1000,1034,true
2915,7iC5Gv1HRGSoQPVsb4X9rK2rgaP9LFfUMbCkFUaY2hG,1005,1000,1000,1034,true
2915,8rzVEaTckDdmiXJX3q5677qW8bczcSXUGGHvLLkrdMAz,1004,1000,1000,1034,true
2915,3tAtvLVqognzsaii13tAHiKksmC2oqzE7yst7R2J3Eqk,1003,1000,1000,1034,true
2915,EFBXFWGPaCk4TZjHwY6aUT4tzUjdDxBoPYCYVBtmKwzC,1002,1000,1000,1034,true
2915,92RpRjM54zHxcadGqUVmjnevtQqypjsYpS33LWad4VFK,1001,1000,1000,1034,true
2915,3zV8G6MB2Bkvio7uQD5Hq7wsFpRf7Vu31fm685Mkst2R,1000,1000,1000,1034,true
2920,4drtqmkjn46zxAJRmumhbQD2CKXbfKcnZwHHktV1rZds,1076,1000,1000,1017,true
2920,CYQtfSJS2kKf36yPQFUQoqdm9u2nX4YhD8D5XJfreFdb,1073,1000,1000,1017,true
2920,H4LGLuWT2tuNp67QzccbxaPUHPHPdqGxHU3AXpRY98d7,1072,1000,1000,1017,true
2920,5TRPzE4pEN1hK8x9RarT59qSbXY6FQfyZcAxnLbD2KF,1071,1000,1000,1017,true
2920,EDZ66uwDjQnZ7piRRZoLzaGbbtHWN26Xxyt22nPkGD6C,1068,1000,1000,1017,true
2920,6PMn78iSvWwGk39HqBVqz9R6EHKQA8Gg3EHqXu1Fcfim,1067,1000,1000,1017,true
2920,3sj9Mqga4CLrgrJThT5RCB9kgWA3R6X2DhNmKEyzqLXZ,1066,1000,1000,1017,true
2920,FwKyRXg79MmrgrVL9RMMoQ6QRAU93JszQnoRnbkoMpEN,1064,1000,1000,1017,true
2920,CDoAbD93zZEP79E9dVWaLnroP811kSp8np4CfRnyTirc,1063,1000,1000,1017,true
2920,3bdiWMLLoKHDg1mz3CFsoBzJAdPULtVdrEwHyAdpYecd,1062,1000,1000,1017,true
2919,rEP7SZtvgCUiKirvR3v92wz723c5eEQ1TLyrv5PrWq8,1158,1000,1000,1017,true
2920,GMVx7Ey99E7Y5jjsEEHzv2qWQb7n718pDPkbrYs2j2Em,1061,1000,1000,1017,true
2919,GUXzGXh5x7BDqkzm1kZkX98D7HxdDFBphmbRfLAt2Ajp,1156,1000,1000,1017,true2920,8gaZysBSqWn6ip8eJa6DM5dbgXJNJbp5DFF2DGyTyTP8,1056,1000,1000,1017,true

2919,8Z1eRddTHRndEwUbVUorf1upF4QwE8u5WhawZGqvBA3h,1155,1000,1000,1017,true2920,8B1qzMAS9yXoJcj2HkkAXUYAykf4ihvAUEAj4GAfH2Jz,1051,1000,1000,1017,true

2919,6RjhYJrSRcEowQ385L8TVwvTVmKxNTnUu2tkAkH154BE,1153,1000,1000,1017,true2920,432nsHF6DMmcMbakskTvsyvGxVSMBFv7KffrGTd2FoUm,1049,1000,1000,1017,true

2919,6ov5UtQQAAMAaNHu8Mxzt5YJWKg9nQLSi9RBuVeA3b3p,1151,1000,1000,1017,true
2920,8HQXBpBFb1AEr8UujS1b8yNCWGLiL24TgbKMjvo61N87,1028,1000,1000,1017,true
2919,4TUaNCjkAdSws1RebWzpRe42vVpvTNrd28qMtfutBSpH,1148,1000,1000,1017,true
2920,987Gocd6LYBNuSx3iYynhhCqsR2BU5hxpUM8RuwcghRb,1012,1000,1000,1017,true
2919,BrbZkH96xBNAb77yfMAHUmntXJsmrx7hqTj9zfwAXmqc,1147,1000,1000,1017,true
2920,GEhLvCHsxRZBNP8dhn8dX8xp4RXYC24w9N3xddDMgWnH,1157,1000,1000,1017,true
2919,6SkhgnNogpJAqWmYqQYpxkEh2TA5aBKqJBHyJ4ZZhx9z,1146,1000,1000,1017,true
2920,JARww7aGMPbUgHVR47mSbQYM5vzX9k8Fep6aUx8bm2Js,1154,1000,1000,1017,true
2919,32nRq4en4oogxnT7pta6iPdBriGLPUoc8tDKbN1PPmfq,1140,1000,1000,1017,true
2920,Ga7nPmPKw7XwcnChvmrTRAB5sBMRUdJooj2LiEQHiJKo,1152,1000,1000,1017,true2919,ATNMMSHEGkSL6uRQaiDz3DUMjY2oPTm1qmXBNBAraoY5,1139,1000,1000,1017,true

2919,EwFywGBT6brQrQAdUfzGRkkkYy8wt4CyWhY2iRdXL3Xu,1138,1000,1000,1017,true
2919,F74tnECoN6kLCNSwvPx3hsxcbSYE268jzi8e23dPu37n,1137,1000,1000,1017,true2920,4hf816U3o7WxzpeH4oiqALMM1xD5VWW7vX7LzJt8Ni5o,1141,1000,1000,1017,true

2919,CD6xryFYgGH6rGMRhK6KgFAns9MqiyHw9gMrPBvSNnck,1136,1000,1000,1017,true
2920,8C8SaMGRBWKhbcpbnN87aXyU514zSWRVb1sGMoKk5aHz,1133,1000,1000,1017,true2919,Bp5hVkWgU1G3VYDp9DYk94fgemun2tsNrEx1SGZYC7z,1135,1000,1000,1017,true

2919,Hqr3u15qhzJNBVJdmRQUuenNe13PkJS8DgHnk32vV1yu,1134,1000,1000,1017,true
2920,7RkPcYge89Hz1Ng47f8M6BCEWzwxNHtWLgiNkrXVY93p,1127,1000,1000,1017,true2919,H58qqPYfoWoXZoo87VMbrSbymhMttDjaBDEWWQ7h9uQm,1132,1000,1000,1017,true

2919,RDg5PpZNdzJZLuWNxU8TM3pUESKk567cxorwZzca7iT,1131,1000,1000,1017,true
2920,6kiWwki8dgKvyX6EirBZRYaouPzLEqtBXq3JZPyFNLDH,1113,1000,1000,1017,true2919,GvWxygMuVimJ6sBfESjTtJ7PuDvZQbCK5X95RGvtvq2a,1130,1000,1000,1017,true

2919,C4YcmUn8B7PE3ftBP5Ub8vfF9YCMDomPrbBbXwACi15U,1126,1000,1000,1017,true
2920,GZqaTWUmMyES3h1mSeQPRQPt6urvzM1N3zdTMry5Swqs,1112,1000,1000,1017,true2919,2WygGTQKpsZqb8YwyCUfECX22XU1CQncjMKbTPoDkbur,1125,1000,1000,1017,true

2919,FEt38kRmXJ7XgeZixzpxxjpcwZTLkJXSEVcMxybL33o1,1124,1000,1000,1017,true
2920,2J3gbtGLfrF2ggAhX1DhGeJKk7dADSEe8988X6XgPZ5j,1098,1000,1000,1017,true2919,4nHp8JD8gymVQxieaQUJJ8JtS6aV3TgrnWNYdXTX4TVT,1123,1000,1000,1017,true

2919,B7RhwJZEUcYpP4zghpozEEDQEi8YEHdHRCkmNUn3kvLQ,1111,1000,1000,1017,true
2919,9w5p8eD8fMZgi3n1MAP39BQv7w4dhhAUpuuVG28Y9qW1,1110,1000,1000,1017,true2920,7b9bSouszWfwfnHvTtXwwzkCUchm1KQkKS5jMvzY4G8,1098,1000,1000,1017,true

2919,9EtmRgyEtDsNKLHaawB34RnZXgPaALZ8m5UDc38nA1KW,1109,1000,1000,1017,true
2919,2kdqHHrSvuP8iyDDE7DSZ6Y1zKorFaEmuY9NLZGwaFx1,1103,1000,1000,1017,true
2919,3u6Q65DdMaK2gcUwdUYY5rnRebhBnH3ui1TNgQBVKdZd,1097,1000,1000,1017,true
2919,C7X727tEkh2erxuZ9fAPreDSCmFeRdjSDvnPaRunWo52,1095,1000,1000,1017,true
2919,42KGwwaoJ8LyBVSR17YhRqJaTxdwSJZagjAPBn7YhSyy,1094,1000,1000,1017,true
2919,FFo5vKbcQR86ZFuKr2jJw56aqzNmY2oYhVTA5M7iG3Hv,1093,1000,1000,1017,true
2919,4HXLxJAYhd5uT44NYNYgeTCRt3rnchHXVDaygiHSG6VK,1090,1000,1000,1017,true
2919,FBXm5xJGfLXLCyv1jrUYt4UxvbTxEyKzLBdYLS9GxyFG,1089,1000,1000,1017,true
2919,9o7of5dKdE3HQxogj1ytmwepLx76juBemUepCgScp2MN,1087,1000,1000,1017,true
2919,5BTr7QKbcSg17Eoc9NcZCKX57hzALzvdFjZfrJFRxgyK,1086,1000,1000,1017,true
2919,8o4iqieh6FLmcvHYH9U6HG3oXSuFHjKpkNWKQRBTTJPY,1085,1000,1000,1017,true
2919,X54z2N5UhM6vTfnoEkVvdcqtf7NaNgzpQ2PVYWGXwpc,1084,1000,1000,1017,true
2919,6KKVnesDw1CtxpRcT1MVZsrg7A4nUTe1KxWJF5ebPVtT,1083,1000,1000,1017,true
2919,DQyLPnpxVrY8cUkGatAupApbUVbwSb2yuWMjBQxDs78j,1082,1000,1000,1017,true
2919,4FxgH14VoQzG9aZUcbXS7bvkLnvxL23iJVZSGGFeJina,1081,1000,1000,1017,true
2919,FYUxDbrhH2sAKE76ubFQyLkJAPgSAaSP7Wxg3mhZBEuS,1077,1000,1000,1017,true
2921,DQrnuGA4DHtAMdpdC1x5YcN1zxveMqHa6bC1KyUB5BTM,1106,1000,1000,1002,true
2921,AEFxfhx31mQB4mjUfBf3P5XMYpE3pXSDTmQkfywm7zbb,1092,1000,1000,1002,true
2921,BoYZXZSverzsj7nAPtZEXW55mjzzfLzQDyEPBJ1dMdrC,1091,1000,1000,1002,true
2921,31fKeJfDfCCSEPfbuzSTEeSiVgbm1kAz8ShVKMJxSTqh,1085,1000,1000,1002,true
2921,2YYbadyPXg1yyY6RdyFJzMPeN32aZvL2frbUyceiKcXW,1084,1000,1000,1001,true
2921,39p5DxJaBXKzxjMCJmM4zuux7gmrqkHzi8am726CCp7o,1083,1000,1000,1001,true
2921,5AgJmrbuenjxEr6oyk68H4o15rdHkKa1xXc3v5PZ2Rgg,1082,1000,1000,1001,true
2921,a7XRoWBbaggW3owYHFMs8v4yDSqQvGtbkzut7oBe3pu,1081,1000,1000,1001,true
2921,FrVFL1H1p5s63vAPLguY1v9H6R4WhpPKnV7g7bTM75zH,1080,1000,1000,1001,true
2921,6MvFzUCS2aCZhJdtHn59RToihcBYBY16B85nPCkhxn4m,1079,1000,1000,1001,true
2921,DY8bRM9M65CwecyRWVVpBtwDpDLZko9g9gjSnEmDJ8DS,1126,1000,1000,1001,true
2921,CDJ7zvsnpM6iTy3BzEC34Q3YTWewPM7MUxdnCvg7ELYF,1122,1000,1000,1001,true
2921,HY4aQ9YW7jLZ2y3ba4LR8YwoqvLwun8dhYyEeDqNGcof,1115,1000,1000,1001,true
2921,8Zx8ML763v7a7M6fT3bhydJytntMfWFBVv5FiyVXieir,1099,1000,1000,1001,true
2921,51HjEEHDKoxc1sGhTsHjQuiLFDxjvayPoYnGYQLwEWLb,1078,1000,1000,1001,true
2921,A8FGS5Qi9ReBRg2ZgXbJw2gVaxE37s31eCNFd8P5zna4,1078,1000,1000,1001,true
2921,GzByCzGKBDhunp25792sqPdVDpaVkRKYexwS1N1g5jc7,1077,1000,1000,1001,true
2921,8JSLGjD18RcNozzfYCuM3izWmSCgsXuYGqa2aGKCAAEx,1076,1000,1000,1001,true
2921,HzncK7JvaLwNyGMu6jxvRqaZffy8RAhoAg9FSfBnN5AG,1075,1000,1000,1001,true
2921,AceaajnG8SDgVjsLERDSfdWFSUA2PNCKTB5KQuuvtaSz,1074,1000,1000,1001,true
2921,HDJ8hQvJrLymDA6FiJsB8CLsZoFsBAUhB299NXUM9wrq,1073,1000,1000,1001,true
2921,8RjdhBB99wtiyq5PZeyBoML6kd8uHVxHRaQzE6zdAksA,1072,1000,1000,1001,true
2921,E2TxBYcrJRfrPY7m99aSnMxbHNbxJdqTGX13gN9fTYTL,1071,1000,1000,1001,true
2921,FRCPx1duC7msYdXgQNgh53Hhna6nAU8bG8qBL7yetCPT,1070,1000,1000,1001,true
2921,fvMFMtwxF42AYJvrbN3ESM3FYzCAtLhTnc4csFrCDmG,1069,1000,1000,1001,true
2921,9ecr159KDQ6X1dRyZMVTNywSz2xkvNtungDgpmByuUE6,1068,1000,1000,1001,true
2921,zZMp16B9dVCMcdta48ofRNrs3ggHaj3uaqqAtqv9zuX,1067,1000,1000,1001,true
2921,GA5PA1pYVvLEjReeXM87YuJcoFzsL5mGAmPAcbvc6gEJ,1067,1000,1000,1001,true
2921,GBNm64N1fDtGLQwJiu8fQhDmsY2wLf1i2wUmzcoQcWwH,1066,1000,1000,1001,true
2921,3bELJhft3vjTwa3dh2wow4ec6xbfbqFGHxtuFWQ5Tiy5,1066,1000,1000,1001,true
2922,BBjvALrTtqzj6brNkpXbiKPH46ea7UV49GczhVPSJmw5,1277,1000,1000,1000,true
2922,2ACJ86D5nCgMx3T1vYg6TDboYbjW3Qa8a3ULeJL3WdDS,1065,1000,1000,1000,true
2922,8vB6naL6KQJhtZne4yWinwBn2wBQ9a4Zv3B6sNNDST6m,1064,1000,1000,1000,true
2922,3aJXDooPtTtRSRziwXDct9ZQNmX1xeoWGtZseNUXhsGG,1063,1000,1000,1000,true
2922,FznpEzmxR98Le2UYr4bdEqRVQ9fkFS7FoozrNUSz7aai,1062,1000,1000,1000,true
2922,9wppMiynck9NU7jRmr2357KDTwhE68KzWVSCVvVDVGiX,1061,1000,1000,1000,true
2922,5wLrpK6mXFWCGatnTif3EcU2jyttbUygQLqGYTXNPmxf,1060,1000,1000,1000,true
2922,E1mxT9ci81DDaGTosHckvphyVjmcSLzpQQk1gLcQcpXM,1058,1000,1000,1000,true
2922,Frm8H8W4W5fu7at7UvxC8JoXwrtQdw5jHCJyLqbsC4sY,1057,1000,1000,1000,true
2922,DWh4ppkztzfFffuwLxQpRMVdmF9Hswy3CVa7g2r66hy9,1056,1000,1000,1000,true
2922,8SgieQgd7VuJxfRTbPCQEadtsUSbY3zLTZ3acgBrMCh2,1299,1000,1000,1000,true
2922,CdJY2mtdtALafkbun6YPr5FFnSyRimdxtRCQYhGQtxt1,1278,1000,1000,1000,true
2922,DcoWZsRUw1ZwRN6dz4v6922T1BqEanRxkzWoA138qYTZ,1255,1000,1000,1000,true
2922,6whWXFaMZ1MsS2Rq1KgD4Bro43zziQmRGNwV68dGi5Hu,1234,1000,1000,1000,true
2922,BQnhyptnFvvnywFQniy54nAsdygeqwBP5b6qsqVcvyDx,1233,1000,1000,1000,true
2922,Djv3g8ZkKFXNfYivZ17GZDHDy87qhYa41QyfcEygjEwq,1212,1000,1000,1000,true
2922,EXFVpLwFdwS69eVqZ7712HdhJpsnQg1FMXiq85x2ksTG,1170,1000,1000,1000,true
2922,EE49HSTDsCFo1QY4o9yWJyW8nfg5k8S2Nf78JVXeaY9e,1169,1000,1000,1000,true
2922,53QBGr2tqDyJLscsAeCjAA4wGZHNqSRE1iAoVxaxzh9h,1125,1000,1000,1000,true
2922,DPj5vabdaDyXr6GcWug4dNu4gzP2vViTk6RUuF126zSc,1124,1000,1000,1000,true
2922,B4r2UoagEop2Xyvb2A3VjRMw921dKtB3FxwSgPKXiCMM,1123,1000,1000,1000,true
2922,DJJ9WiWE2m95USJ7GPz4JpLNnVZUtBXotBdCC4zT1H5t,1117,1000,1000,1000,true
2922,BLdXjgucpVExfeiHPmkkSWo7r3i3RGpCdob69Q1FPjAV,1116,1000,1000,1000,true
2922,2R6E26DzwS48WxR1bDNuobD1gJiY7j8JauBmmjECK1Cq,1109,1000,1000,1000,true
2922,5kewaqPLTtEBsimc4viH5c55ssAzzHXQQkHCdEYzZgsg,1108,1000,1000,1000,true
2922,G9vCanZKpqcxbEZEjtrharDUYLcxH2vMzk9YWRUu5NRu,1107,1000,1000,1000,true
2922,HMX9E6oiy3y66gSb9ScGVZ6ZnEJyqFPA9AXDFHMJiAcp,1104,1000,1000,1000,true
2922,EvqbBeRgNg9pyHhBbVRTDwVNTfK74mpSjMwEGm3bQivx,1103,1000,1000,1000,true
2922,HWuRffEYaijrzxDiy52ySBcAex8tRduBtiCRPFY4tqrf,1102,1000,1000,1000,true
2922,AFGetXGD6aEnV7acD8WXHu1xrDDF2S4NgMpXhBSu2DVm,1101,1000,1000,1000,true
2923,4z6AesRRwFhWUyx4KXkqBzqkPNrPkGyhrFaybLy3Mnvw,1287,1000,1000,1000,true
2923,8Y8UmAfUeXNV8ShG2TV5pC8HGEZPwJN863ZVMLyF9UHN,1286,1000,1000,1000,true
2923,3SPLcotXc9GfpvhEFXyYN3pmRVDhtc4JXMTb3TenwXxU,1285,1000,1000,1000,true
2923,XGX7bfYrhwsxX4LHk3LhiD324zxgZFeETpVAvbanyrv,1284,1000,1000,1000,true
2923,3aFvkCdZUboeapt6ksaAmi6w4BgYgHt4RhJEFFHEE32s,1283,1000,1000,1000,true
2923,UFDPxvkohPfEArDvBiLJrDV39LytL4iGK6UcT6ywXAJ,1282,1000,1000,1000,true
2923,Dg2i3sPzLBVjaoEqh2PTr1gMiT61w9BjPVYp12vxXNz8,1281,1000,1000,1000,true
2923,7xSidsDrvpSULK2u8UkQZRhYjA3sCybotN56C6S2sUQT,1280,1000,1000,1000,true
2923,5UQWVFEbqo2LG7QLqNwUTbgGSVyJj1V5sZwhQBsui8jy,1279,1000,1000,1000,true
2923,62JBJvkPduw7ouyLSgmWTKmsD1a3zPjJhnh2GBAnN88d,1259,1000,1000,1000,true
2923,9SG1oDt8outa1xhWJCE1kFiWy24UXBq1bt9rEJNv2Ket,1258,1000,1000,1000,true
2923,2vo2PSL6kPsiW6cfjfi63jqbSjtUmsmUnvsanhBh7yWd,1257,1000,1000,1000,true
2923,8MtSgvesDAWT1w9UYQPJHco4vg11wAMEYqLzLXHv9JAA,1256,1000,1000,1000,true
2923,DdCrP8Cs5L9QXr4KbumzfHqDcPeidm2ZrqEU9BSJsAe3,1250,1000,1000,1000,true
2923,CHWcpWR8YneFbijqGE9LkNZ6PstTdhdiDKoDSeJUcvdy,1249,1000,1000,1000,true
2923,3f5gHJXfgBW687KCyLbrVtea9fqZW42Mr1G8Gg2HuHSD,1248,1000,1000,1000,true
2923,Fif734Bz1a5Cc8jwXcbF5hHUPKCu66Tq9QaHzGMmVWmP,1247,1000,1000,1000,true
2923,5TEZoam1VkmC5bpu6owpYKYxPyW81T5aitJrVDJPDCz3,1246,1000,1000,1000,true
2923,9oDi3DMPCaGahuAKBhUz626zSegVQXWYKqEmfTiKw7T,1245,1000,1000,1000,true
2923,4wPxiNgq78ja9myguH3o2MF1ZnPrncVsvmknirby1ba7,1244,1000,1000,1000,true
2923,7k82UbFUdFArMQBAwkKbp99Kimcoo1LXCjwMmrhDubX3,1242,1000,1000,1000,true
2923,EV8p5u5Ur3U3R4BWDq6KHPS535Uv3FCN9Awr7gaqEvVL,1241,1000,1000,1000,true
2923,J15aRqUqRU1BCju2h23j7ew16ajGY5sRZKfJtE9z2YH5,1240,1000,1000,1000,true
2923,7WPKxZXzrd8K79tF6aGS3hpzVVfEXZsECu9C3L2DFTjQ,1239,1000,1000,1000,true
2923,G8W639xJrUJqKHFcxrKDgxjnqQ7Nh4KLFqn3XKf5wcpb,1237,1000,1000,1000,true
2923,5eXcyjV7CDGrYQVRPWX39jFAdNH8eWH9FZEmnJbiYnx8,1236,1000,1000,1000,true
2923,4SmgyCeS4Swgptq4v117hE6DKyXfX9nTJ8sHEXtNJuvG,1235,1000,1000,1000,true
2923,8w7exPyF8P6JyHjzWF7BivncVCF5jhLh2LEJDRdemSnk,1215,1000,1000,1000,true
2923,tNj7UkTefP12MoYZTdutGY6fH8p2sn7BNwdUM4GPCti,1214,1000,1000,1000,true
2923,Bkb13MJuR6ZGRZ4Qqr3reS9Fyb4v7fhnHNznH7gGEgYG,1213,1000,1000,1000,true
2924,9QM6FJpfB7KcdxDPeJVSUvrJPHupXeZvCiNS2SmqYKH,1036,1057,1000,1000,false
2924,EkR1QazCW26i3XCamhBGiWLXNiRqTPh6iy9CREwwkT2,1051,1057,1000,1000,false
2924,JaJ1LB7UE4M4ZBXoYzsZUkRwZVcd72Zwhm6NQQwC1vD,1011,1057,1000,1000,false
2924,RXQbb9RtveU285EPHkqo54Tr3P69cDGFzwBd3BbiRjM,1035,1057,1000,1000,false
2924,zErbDYn37qkBe6HpDPq5Ng42UFR8nbEPEsVGGRK7Xm5,1017,1057,1000,1000,false
2924,2Jvfe36KBMB4aLiHVmSN6GZXszzUhxTA7fS8L94bS2Fo,1003,1057,1000,1000,false
2924,2hyZAUtrh9mRREYzLf1H577RERQcBeF2cMetpVV8JLtw,1013,1057,1000,1000,false
2924,35YM7QkHzMTbKu8rXmHJys9vnGxvCs3kjQC2KcCnU9Jc,1027,1057,1000,1000,false
2924,36pxrntHqhodBntxcjHS3pbJyFg9k4FkLEZbirDgMmY2,1045,1057,1000,1000,false
2924,3YjXseN5X6W3Vv7DHCgJuYmZnHdXmo9PcSKfFShHa2Gy,1032,1057,1000,1000,false
2924,4oXxTvMzQxRKAa7NyxcVMZeAxbQmeEWnfbs7UkdfyTQ7,1031,1057,1000,1000,false
2924,4wwZZD5e1opjSXBYYRg8fHsci6dRV8TCAXoefZB9e5cR,1002,1057,1000,1000,false
2924,56PJCDUie1TfjJLWkk1yztmjQmjwdtd1UjSgEZ4uJwg4,1034,1057,1000,1000,false
2924,57pXNi4SzkLqkkgWMAgBWpBCdYCUYnAXw3mWaJpa3Mz4,1024,1057,1000,1000,false
2924,5Ze32VcD2RnXVWzxJsN63bNdHbx84dBE886ePo6ECspb,1015,1057,1000,1000,false
2924,6CiVGjNGwC7MEKpnNCfG6G6ANSCc1bR5RTAYQBiyN8SV,1008,1057,1000,1000,false
2924,6JKdV3rorVXnWX3fgW6nwtq8cN64zwj1iBtcZXK1eU3C,1050,1057,1000,1000,false
2924,6t7vTCuRrQDqSF58sd5PWqASF9C1jWyAZ1dH8dV7Po2o,1020,1057,1000,1000,false
2924,7yoAHnSLCNyiHeDo1EjuYpH19QYvP4QUAeqEdR167tKJ,1046,1057,1000,1000,false
2924,85i4CUnQeSN2h4eJ7Kaq4dPSyJ2GTLMQVvxAkh656aNt,1016,1057,1000,1000,false
2924,86b7AmyVDTa2YQxcApKhK7uBVAFbWYEF5MAERFYrmuiK,1053,1057,1000,1000,false
2924,89QbgQzgUWJzih7f1tGAtuL6a6HsA7dWCz9uv8ack4wF,1025,1057,1000,1000,false
2924,8TFicCeF8vuPz2RFmbfYhbrzwEkjhzkxRzoUfRC5DX5x,1026,1057,1000,1000,false
2924,8WSU3AHtc5Kc91hQYRbsYFUUFVMSFA7Ktd2VGjdEEZMP,1030,1057,1000,1000,false
2924,8aaKFUriKFMaXTSfchAizwUozMFiib7wroBGiyaRbvTP,1000,1057,1000,1000,false
2924,9HHZPG75vJVZyp93GYNwxEQuEW6QhuPipKskJCWJHdTk,1019,1057,1000,1000,false
2924,9g9X2G7q1LXDAUXqBQtDHDxLh8BjqDuoKaSb6QMczeFf,1014,1057,1000,1000,false
2924,9ok5eDYAWEdU17BGDzc6sKToUdqhLSR4mhwNqfFQe73e,1047,1057,1000,1000,false
2924,AsgxGkgCph2Dth3QbH4CLh6UQVxFUM9U55YG3v7c9ht5,1029,1057,1000,1000,false
2924,Azzh3kTpeddziVVaeNV3xE1Hm9RGuf8T6bfrhvwcCGeq,1012,1057,1000,1000,false
2924,BTv8ocTbUSUGnLznfgq7bdW6jP8BEcxMJqDKLPbfTprD,1022,1057,1000,1000,false
2924,C4yvfG9j8AcG5c2s8XRi7TteCdzbk7HsDzM4dULJTzbh,1009,1057,1000,1000,false
2924,Cd8nSwSCL4MzkyddLFSy9WKzwFu1Wzg2Y5ZFxrWGm9zB,1033,1057,1000,1000,false
2924,CqcuNuoB4TFKNzvMZo2b3x4K2eKRPyyBWZjkucWt16pM,1010,1057,1000,1000,false
2924,DCYKLt9wGZ97yEDUmhx9dcdJ1YgnmNZimC9W8zBzCjnE,1037,1057,1000,1000,false
2924,DDsbYbqyfF27j2XUfk3nmu81VMGKobB4vsHNd6VUK4KG,1043,1057,1000,1000,false
2924,DNRyCKVieTDfy6aXAFCHkQoU2y9E4tTVerLtq35oAYzw,1004,1057,1000,1000,false
2924,DWkwNuLBeWSQgcnPATyUWfkKFHtwJeJ7JmdE4bx2kuHD,1018,1057,1000,1000,false
2924,DsKZtbg9XaDTE2hg4eMedGM4YawButXCo5fGHc7b9qbk,1028,1057,1000,1000,false
2924,EWQgtYKH1E6jx7TF7vkA8EXCqs7L4DbHfTMLhunyXu4X,1054,1057,1000,1000,false
2924,F3ibM67nws21nV7EtkA6FcHmLeaojN9Va65N4LyxN85x,1007,1057,1000,1000,false
2924,FAMFWBeorHMKrSf1M1fJJ4omJ9NV2541EtqqdCqzPjBV,1023,1057,1000,1000,false
2924,FJB3tT6HxTHXYDQ6kjo4rySMNMAcBVYyxw2NX6ZVHQa4,1006,1057,1000,1000,false
2924,Fkry7fjdueuVcyNtYQHPomRfHLtnXAq9Ya73x9X8sywj,1044,1057,1000,1000,false
2924,GaTFrzHpEfsJZST4WxUYRDu9BQazyQ11EbRSqmPWGGzf,1017,1057,1000,1000,false
2924,GtTb34BwZfL4BUmkc9KP2GzoEyssYmRvBqfoGYZ7zjPT,1048,1057,1000,1000,false
2924,HV1i93L7KXSfrqH9pxKyJcFyjucL8i2jhT7SaiCjqqfU,1001,1057,1000,1000,false
2924,HXVhbiFUHYzhVoZWphCKEfUCNp9TR7u8xpRG9k7cncUW,1052,1057,1000,1000,false
2924,He3WqK3eXognaudTGxPL87EYLRXMJmhBhcvzVcirVcYW,1042,1057,1000,1000,false
2924,J1ZUYYV1FyMz51KMeNe2TjKM6C6YqMF6RuCoBgXHEpKQ,1021,1057,1000,1000,false
2924,24phYV7jzDters6jzzGwVWao5R56W3UHxHdf7JQrUxik,1004,1057,1000,1000,false
2924,2hBCmBHnrRWswX2oEQkquCKcuJmMAVosrGwDsNPzS1vg,1018,1057,1000,1000,false
2924,7VwisEr73Jaty33cvX6kvBhhVuGroRbn6Yw42hANCSeT,1019,1057,1000,1000,false
2924,7dkyjK5kbREvxcjcLDf4Yc1A2FCbpyFpbqrhp8brBJQE,1028,1057,1000,1000,false
2924,7jNK2jYCFxxrVu3jSuhX997Fd4CCkT549r7jAJNrEJWz,1048,1057,1000,1000,false
2924,8q8icGqbUm5T1bGTwcfQzpxz22iCxAUi81iHMoWxm598,1023,1057,1000,1000,false
2924,AzgmMcepr2TnL7hWPLzBv9EPsZFqM1wpQGtRBPAuNrzv,1025,1057,1000,1000,false
2924,EXxU8z37n7JDfqurKT3Ca5yJgP1scpjwhnbvPgXh7H3X,1026,1057,1000,1000,false
2924,EjteQdfBBfj1nx65PnCbrjoY1mdJQnnsxv2YtfGddizb,1027,1057,1000,1000,false
2924,Fv4N26vNrfskDwyHRwuGydoAJk7gYhQF4ypPYXwhVJXx,1047,1057,1000,1000,false
2924,J5AkuMpnrAuk1wxXba9Y666KNy6kqw2PmJ3bdGUffQVg,1024,1057,1000,1000,false
2924,Sq3GXdZgBTpTmKtdTYs6vodcA5cWBVhBSGiFSmdGWZm,1020,1057,1000,1000,false
2924,4xxUrM2Z5aa95uTmdiz7kWhxFCQQskbtDgvNe2yneFky,1016,1057,1000,1000,false
2924,8ALJSH5jwokvSFUukSwMqJC9vjR4wSznH7xT4hQzpy5w,1001,1057,1000,1000,false
2924,9SghppMAdn5uPNELamnnv4vuur1ouRPFuPTUZ8YSt841,1005,1057,1000,1000,false
2924,BNa7VtReM2kcuKseuHeE1VCHoKUV3w3Bu1gqRvomRcsX,1002,1057,1000,1000,false
2924,DYMigKQYSJ8Jx9KfxxjzGieDB5c78FA5b46xB1zRAtJi,1022,1057,1000,1000,false
2924,DbFbXiVCXR3tB77eWbNAfx3LxHBp22ugWy6MhYPXRJ5X,1021,1057,1000,1000,false
2924,DqFvKZ4PX2YqmwgcZCg38PnqGKdGmHMKjGrg71HDT67d,1003,1057,1000,1000,false
2924,EXq1s61D8BLEmdiK4YLUASNo37C4bbbZs2zXeUUgPcpk,1000,1057,1000,1000,false
2924,FNkKoufGAHGQRuCjL7Jgxt6PPvh6LhfztxCieSq1kkCK,1029,1057,1000,1000,false
2924,KJPzUnwGgimK6mked1UDAVFeW1ZGT1mstKY4Z2rUgjR,1298,1253,1000,1000,true
2924,AuE45z6JtmQtTvqwi58fqpEg8qBGyrdhK6FoufVWq3Nn,1295,1253,1000,1000,true
2924,CKpj4MayeQXNEoZvifqzoU5wdnC7oXRVHvbyYtUGjzB5,1294,1253,1000,1000,true
2924,7Z3t8C9NmdtK2X5ZxETeVAB6BrcL1RdP2M4YUD93PyN6,1291,1253,1000,1000,true
2924,8FfuvkhknapVcDv1fd3bnGcq3Rfe7uKNETMTDzrmRtB8,1290,1253,1000,1000,true
2924,7rmXgNB4SMH66F4pKyHqLrWr13RGacDwSdLv9YCHpSiv,1289,1253,1000,1000,true
2924,CQjTWGMHbpEsqTpbvH4zhVCcDtWYCVPtaP5JXPApV9hs,1288,1253,1000,1000,true
2924,DLoVKnULFv31PrrJ3jVeXqfUDfWkWnWqwAU3MkcdaHwd,1272,1253,1000,1000,true
2924,8k1GkSmAEf8vCtUCHipzZohFpKLr6ewNP7rowbcG1ws7,1271,1253,1000,1000,true
2924,9DjhjqoTxS58Y9WDD8SYfk94tKGExd8jzzci1BL6ZqMo,1270,1253,1000,1000,true
2924,5F2iuCt64azWJBrGJzjreRAHLSwhpJk1sMickxhMUmac,1297,1253,1000,1000,true
2924,2QrA3n8cLSXNMycwRqAtGzViNVu8tJsFuGCHaccX4ojk,1296,1253,1000,1000,true
2924,3xuyN7nzAaueNjanRWuEQt6WwLH8k3WHzEkDktboTcMA,1293,1253,1000,1000,true
2924,GicnCUYXW52GiXJ5FuRWN51cpQnyWHiiY4CHtLdWXCWh,1292,1253,1000,1000,true
2924,EDdFkE4u64Zj85ZqSjq1kiTKh8SM7H6duGsa4Dfk54oK,1276,1253,1000,1000,true
2924,Cbd7gX8p4WDUCKCHxiNRpb7qtNS9yZxX67kd8M4HTvAc,1275,1253,1000,1000,true
2924,k73KRvcKtt26Re4bs6eCZEcbC6p4YUK8DzUyH3LhAYd,1274,1253,1000,1000,true
2924,8DH39xDMyqMRxkc8jz4BDE2vyGtJKZVGjmw9z6d2z4t9,1273,1253,1000,1000,true
2924,9gm8xZ5WYZk1wwQSU6AZdn2LNFDqBmcBjLgMfrw4bYsX,1269,1253,1000,1000,true
2924,DRK4AZYzVHLefZ5WJtss1sHGpfUTo1L4VuTkxMMkkz8U,1268,1253,1000,1000,true
2924,3fCTHAkZNJP8Xs1rbtnNtGVkNhhJS3emgE3oLYsugmMV,1267,1253,1000,1000,true
2924,5F3sLR9z3jgoDbzsXh2GXdw2zcwTQSqw8SfTAxiJg4gT,1266,1253,1000,1000,true
2924,EfJ2WHpq2BGoufGsDAwTS8RZpSVf1PCse4qGxSvQgJEU,1265,1253,1000,1000,true
2924,6va8yNrzmZsTQR3o72X1n69ZK5d3KZZNJTxHspHj46Nn,1264,1253,1000,1000,true
2924,13b1e6v8pwrAJ3oBMcqo5NiKBSHidF6RXe9YMfw79P4T,1263,1253,1000,1000,true
2924,BA9FzkXM4n18LM6peSRfz8zRqYeZ8snbvhRanLbMdceP,1262,1253,1000,1000,true
2924,FKbhbNCbSqyC9dZALqBcAwp7UUnGS4APPT4LJXWhbN93,1261,1253,1000,1000,true
2924,uxu7Xb9RshU5g5zkBQjWaPbcFBtz1uSnYmvHegFfWcG,1260,1253,1000,1000,true
2924,HhN5zrwahvV5A4QjLa1v1fMSqnGg9uUkw3HR4j9JR7j2,1254,1253,1000,1000,true
2924,3nRoGbQMCVcphQjPPGqwRtxT3Yeg2XjvoCesVQW1JPEX,1253,1253,1000,1000,true
2925,DcXHtEh9ftQYw7BGLFf9GsEwu87R53xZ4jatLWCpTn4,1090,1102,1253,1017,false
2925,rDCjGzHjwXL72rZRbswFgZtc4Vv3oGXXZkyobFGBAry,1081,1102,1253,1017,false
2925,2YasN82Peoxh16wD2YGkczGURwD9EHLHkWKqJddwe2wK,1045,1102,1253,1017,false
2925,2b78mBLANGS7R1yN5VNUV9xQkPrw9uCSfaPknXzwmc7F,1003,1102,1253,1017,false
2925,2tNnit8yLsqk4VJcgg97D4swU4BNA2tqiXt4L8bJi2z9,1070,1102,1253,1017,false
2925,3NAVsnfqdTnQWfikHP991SVUib6CNooXdoepyZBhEtih,1083,1102,1253,1017,false
2925,3iRDsv6j1NZ2von5KyPjakyJjyGs1qRWEu9ZnGcvAnv6,1035,1102,1253,1017,false
2925,3qA77tiZyKVew1gmgnuyJFUZjcY25ZaxYr8UHSt1gGKU,1079,1102,1253,1017,false
2925,4NE9aeZFi6kdkRJii5iuLBzWM6LMTAPD7XDcWwtFfDWz,1033,1102,1253,1017,false
2925,4zHpaqxsadFPAhKAd3oDSWhXKUM4px2rjMvpwSCFeL84,1068,1102,1253,1017,false
2925,5NE9CMU1RgnaYZRE6gxKfA3KVGC3haNeee2uu6ZB62Yx,1016,1102,1253,1017,false
2925,5oZKE7bEmbHxGSykLi2tejM3WNZ9M1thjHDtg5NAcxzV,1009,1102,1253,1017,false
2925,5qAiAecujmwysQZWA5jyJjzpENB6JcFfTufT8LXKzffr,1004,1102,1253,1017,false
2925,5u9Yv5D2fet9VsWSkD8sm3BV6yM3bU43GZvah3QtCRLn,1006,1102,1253,1017,false
2925,673C1ASvEKPhynB8qj7eArtF9bxEF5FjiuKrohyYjX3H,1032,1102,1253,1017,false
2925,6eUuBvfzggNPFGgVeHsgkytejZu2viuXc997YV2VeShh,1005,1102,1253,1017,false
2925,6fB1u4NbSPH2M4KT77KXDpmrnTiUba68taVsDQgvM76i,1010,1102,1253,1017,false
2925,6qja96gps9A6VMoQ3H2jayPonfeRwTFEHjfhAwYmDYHV,1089,1102,1253,1017,false
2925,7iQZbA8XyW9VFVT35VctnKh46yBGM35Ncwy2hhn1wAy5,1006,1102,1253,1017,false
2925,82drQeXqyvyD4KA99CPZLKPVwB4XJKbMU34aAbRz4iQw,1093,1102,1253,1017,false
2925,8EmhFm5zX5MZEDikTiFj18oEKnxzR38Da2peS2m8cs95,1030,1102,1253,1017,false
2925,8YVn6FTt4K4JxvwxioR56G4bX9MVBzYbd6he9iJH3GZE,1051,1102,1253,1017,false
2925,9GsxnHrMinhpX7FJxQKXBTCUCDjqN14CWDVSoKXVwYKh,1084,1102,1253,1017,false
2925,9PnN2b4UvbPmjcTyyopjs3MbRink2YL4uwuhhhjqaNmS,1001,1102,1253,1017,false
2925,9ve2LBLGrPjDorDMb122N2HArypcEGJ1mX7f9282eHKA,1100,1102,1253,1017,false
2925,A2Rup4pLHQKnXVKBckEwZRjUQ2ZGB1qchM63yQTMs4zo,1031,1102,1253,1017,false
2925,Aq2StgSCvdYATX5Fhn61xLao8ZgQ2ij6P3r5jRovD4NS,1018,1102,1253,1017,false
2925,AsqU4rDrMpjCZRCgoVNUYxuYKyxsJHrDY42agZE5ngEC,1049,1102,1253,1017,false
2925,BLfwvwC3rb1H7tQUq24Ct5cn1owVhv7zBQnVeGLa9BNM,1052,1102,1253,1017,false
2925,BuFWYXpqk25h8W3sd8MXdBjKDLi3MjVKQKtoSBzv5L4G,1080,1102,1253,1017,false
2925,CmkMNTVgAZn6m2sfqjJUtPiJfiRK9B9sdPTEmEHU34h2,1008,1102,1253,1017,false
2925,CntijxqDkenqkfCFZvNFp4xGQRYFv62TMXS1tTeoFHWU,1078,1102,1253,1017,false
2925,CppNqU9UATt1KXowcGpVAgygwoAWfWc4D6VN4bV24Btg,1094,1102,1253,1017,false
2925,DAma1R6dXHpZPFgEhyEvmLerfddiCJXB1GgoA3Sej5kk,1012,1102,1253,1017,false
2925,DDv9D4PVmCSD3nn43DubiQQkMXF7EUSBUEaUKmHwceP6,1038,1102,1253,1017,false
2925,ECjRDmbSjBZmvLob9HqxFQ98iRtx1R3UEJjCiby6hian,1036,1102,1253,1017,false
2925,Eo1mwyN4vdT47JC9kmQCd75rXAouPmbwUS3Sj1PdAUiV,1050,1102,1253,1017,false
2925,ExRMpqqZjmGvAuKBWacZf3ScW2wT2DXka7EFkfEYDi2J,1077,1102,1253,1017,false
2925,Feg6AbfozAKAtqVAqXVoGLFtFA28pH8dZWrfwy7JzUgg,1007,1102,1253,1017,false
2925,GiJoWptDAephmfZqB7AYaQSfQkahkBcc5rdgcX1kExHk,1069,1102,1253,1017,false
2925,HBS6FrJDsxXj7vcaNvtz9nsC4gTY5X5rLTVAUbnVTaiE,1002,1102,1253,1017,false
2925,BD656U7UW9x8pjunMgGYduUXqz5C4pvvGAJcQ6uuQ8Ws,1252,1150,1253,1017,true
2925,5Xf8X8VWuMu1py2Vg8pALSSMdPytVorfkjqSWb1Nss5R,1251,1150,1253,1017,true
2925,2pjKTFEyHjta45rKNXrenq6uqztrTR8XDkTNVXxKMiNF,1238,1150,1253,1017,true
2925,HtPvbW3DvaeCHMJivnEtVexnveMhjz2Y8xhM5Gt2XfQY,1223,1150,1253,1017,true
2925,ANnfws1tPCxAgyRczoyBz4PF24gHwXnKe1nVNcGJKMhD,1222,1150,1253,1017,true
2925,DK4WP85KEfS6rsoLVXNNncAZUfo36VySHJ5iUBAzqztB,1221,1150,1253,1017,true
2925,2Z7EYSYozQAKYPsWL5k8BN47onbzxTvpdVaiTSLJVDgY,1220,1150,1253,1017,true
2925,AgiNn2YuDLzLtowYsZQ4JPTgxwiUjbJ8mWXNkohDo1XQ,1219,1150,1253,1017,true
2925,CMWTSjFwk8daQk5jW5jV7BkoUWzsPUpydRgC4Vfwyi56,1218,1150,1253,1017,true
2925,BQbJ8UYGMqqeTKQ5a16hoy4WLoeBWQXTzd8z6BuDn7jd,1217,1150,1253,1017,true
2925,B6qXWU1t2P1DHFMHDyWrEQZwP5UycqX8ES1vP27DuUHG,1216,1150,1253,1017,true
2925,8xojGfZ97wHyAg9fxDWfvwca9hHqcaXHj5KKUsGyWNXp,1197,1150,1253,1017,true
2925,8v5sWLSf7SERUkcLwWZMhEKSNrSezWbxs8pmZ46Fdupd,1196,1150,1253,1017,true
2925,8452J9xmoFSCHAWFxfiennhwzTquPiySVvePGQA1rZsx,1192,1150,1253,1017,true
2925,8TsKmnMKCXLRke9ZyJyN9Vrh3ubCnwzx2hP5ebpWMrn,1188,1150,1253,1017,true
2925,5tH9HPnMsvswG1ipwuGRTvgZjh1a3W2efYYGXzUUk2hb,1184,1150,1253,1017,true
2925,5hj7ChswDeiM2U5SRgxVyuth4Bj5dnKwcqsKtaT4XukD,1180,1150,1253,1017,true
2925,22VkUiocLYgZ1iMZVSXeMsmrU9bVoyVfsqVkUpPaq7Bd,1179,1150,1253,1017,true
2925,7wuZTJF5ztk6cTJMSpAuar2MpK7Hsf9qqgSyY29jXqYz,1178,1150,1253,1017,true
2925,E8CwBNJgsossnDtKWqMeBvN1yTwLrTt7Yx3V6Fvrgbv7,1177,1150,1253,1017,true
2925,8RbSC8SP6iDMJcz2ZU1gqifYMZVHHmLqKaJyZfWmQCEP,1176,1150,1253,1017,true
2925,5U9WrNwhmdyZcYtvfvyMu9vVAqMBAF6eNmydVmSNNX1w,1175,1150,1253,1017,true
2925,Gkwng3WfEn2tPWFh3PAq1k4pfPKmjT7qP9RvDmqpkcd4,1174,1150,1253,1017,true
2925,ECjL9Cznxh1M3bp7SV7d6WuLHqTnPqwroSrxisJN55a6,1173,1150,1253,1017,true
2925,5HLNspcAJVttjMccDGZxTyBC6iHmDjyYJFDExXWcgvzP,1172,1150,1253,1017,true
2925,GfHdrGeJBnB2afym2mhb9Eos1jUtAVoTnNWGcCC2eN9T,1171,1150,1253,1017,true
2925,5AsiRk7yePtXeNdAaa3DYWEVb1daVSTaU6ApT6xgABqV,1170,1150,1253,1017,true
2925,FKvN7d9wS6Uw52i3Cgt4m4f3QYT9rnzuqVS3XrUSi1Mc,1152,1150,1253,1017,true
2925,Ahi2V7eeaTawQGi7gW8aCkAGvYBw4hetsnezJsUuhB9h,1151,1150,1253,1017,true
2925,5nASyrNfdGnsGN9Cxw7Vytbe5qd9YkAwJ1NJTVcAkQPe,1150,1150,1253,1017,true
2926,bCYhEtaBWRDF9TojEWriydTukVPU8nd3acz1C1qDcWK,1049,1102,1150,1123,false
2926,DLgZrK8XphcVt2Mgc4oDRnctHWvZ3cxSDw8euZ42QWgD,1020,1102,1150,1123,false
2926,M2hrpPJZndBeriLNBthkqPaVn5oFRQEv64ihA1dUPys,1093,1130,1150,1123,false
2926,tZdMEXi8fDjo9hEgncT6i2jPKG5Vnen9GGdChvB6Re2,1025,1130,1150,1123,false
2926,wcizyefkEo7SXxY2A8bVeXfvCbFVF8V39quayEotwbU,1102,1130,1150,1123,false
2926,zTYZBZQaaXujaCWjchxyYvu2VqtxANQSsAG8GKnowpq,1092,1130,1150,1123,false
2926,2Cga9HMwqhNcDJVB43qNL8NmyLJ4ehBcDc3dqzt9LNyt,1007,1130,1150,1123,false
2926,2RVNHANrrAyETDuPfYfE19P9VqsPXGtwwFsdvC4mWcbi,1014,1130,1150,1123,false
2926,3Leu1xRYkN9uCmG4WSsP1ojNQB2nERCiKyQEroc1WhBL,1061,1130,1150,1123,false
2926,3RAERYZFaDBfpMtsbAnCSwqrbnwDVsUZhPhqVKfGpEUL,1087,1130,1150,1123,false
2926,3dRE1ePaan3hegUkMJfrBBANFsUmgWZoJJM62fj5H9L3,1101,1130,1150,1123,false
2926,58Hm71NTq3HbLADVkSii3ShXR2evzpu5jangRDpm5VkQ,1126,1130,1150,1123,false
2926,58U5Ade3QKckggixMVb4jkEDkPUGP837zUTtfJMA8Yrg,1074,1130,1150,1123,false
2926,5cz3Y3mVY45RzyS6CG4gp4gSbHMgdWCZwUbXp2UsjZCZ,1021,1130,1150,1123,false
2926,5edw4qxVv9Qhwn63U3e4xCLy9r6iRuWuvdjMzqHqjDG8,1013,1130,1150,1123,false
2926,68HPVo6NTHMCw3otxzjZdzuChgeyiD5dErZG5H1k1t5d,1098,1130,1150,1123,false
2926,6EPHBqJcMRX2DYcDHJeDxa9U7BFByRP2fVGpWYx7hzN4,1075,1130,1150,1123,false
2926,7PDFbqygkVC7zo9fC4tqeCpnLVG4BQsZnaEgCSGsuAbr,1046,1130,1150,1123,false
2926,7TfTXmxcfDtQuHcmMfHTmC11cXu7JdGtddg7Rfp4quyZ,1017,1130,1150,1123,false
2926,7skZD1oqeZm3i9RLpKu6JRaWj6HSQoAQXoH3dvyiS2F1,1047,1130,1150,1123,false
2926,7tZSwFDiHsNNvgT2e7fuCYQ8BiG8wZH8KtB9X8BtyAM4,1085,1130,1150,1123,false
2926,84HPnAzH9MVj8hYs7wv1Q85dz916uVXHa9a2nbr1ZBXU,1094,1130,1150,1123,false
2926,8hfuMibQYJspP6Wt21LS7shK6k1HVoUNJP2EFcuR75cu,1107,1130,1150,1123,false
2926,92spWi6rpqr613Mt29AN3qAhDCsYxFdFBxiVXiL9p8iJ,1044,1130,1150,1123,false
2926,9KdU9GfYJuvEP5sqUh83RnxD1My1tUjxVSX31sZAz5ij,1043,1130,1150,1123,false
2926,9V6mpWg8rAeFX3FMQc2m4dehEYbafs6EqkTYLfh9VBNB,1110,1130,1150,1123,false
2926,9ake5TdyaTmUt3Rkda2GaLcKs7QjDZE9R1v9EJqiZYou,1039,1130,1150,1123,false
2926,9biJ4eAS7z8zdQMakKgQLKEuvAuxYbJYYFvWWm6Lq15h,1008,1130,1150,1123,false
2926,9pchq2NgDMknztYKZHefbTrtjKwfBz6rvSojNbzBUutD,1000,1130,1150,1123,false
2926,ANVa1Vdhp3gHUg1CN3ihcXPzFQoK3VCBEszD7mXdcNXq,1033,1130,1150,1123,false
2926,ATD3feVo2vMshfqLojXkEKXHxdzk81sFySWFt9pijdjJ,1091,1130,1150,1123,false
2926,BL2JijgNNGPU8J6YAD3w7svv3q5uuVGEydTjGhgBT21B,1019,1130,1150,1123,false
2926,CoN7F1LeoyZAWqRqu6ztpr7tvW94x7YVPNiiyVrKMdSB,1041,1130,1150,1123,false
2926,CtK3DKKUhF9VTzV3gaiMjL9mPzGh8ntkPYbhgi8SZMfn,1127,1130,1150,1123,false
2926,D3K4aie9kop9qLw7oNZgb65U7x5wXBsGsVTuvMDvWw5Y,1032,1130,1150,1123,false
2926,D7quohSbNynJ1LePB2gHtD8AJdn6KUTjBCveaPDJA74Q,1011,1130,1150,1123,false
2926,DWKidkoD9wvnTXspTcoPH2aW3obviBDNAHCa4DUqjKCY,1105,1130,1150,1123,false
2926,DnKyBDi8ZVHWpAfQXdyFigwHXG6XgL6YX1yFnkxMN3Y1,1128,1130,1150,1123,false
2926,DpMLe5Ru38hnHdKFfywuQnAD4rfncQSbvtDZqsp5h8YQ,1082,1130,1150,1123,false
2926,EUkoCMFRSPJ8tGrokRK4EHemct5D9V3enYaaufT2Vqub,1034,1130,1150,1123,false
2926,EghnwZPortni3r4mbNCP1GMihAqLM5Qspusw7zBfoB5S,1106,1130,1150,1123,false
2926,EkMSxb1XMEAoN3CjorTJ7bTSkZ34H42zof5BmDgwN7xd,1040,1130,1150,1123,false
2926,EnVeTjHDvZ8gXSEc9u9ZNSw499jfXn35o83x1nKSFdDv,1086,1130,1150,1123,false
2926,EqGELiurd4mDXszojHZVkNUtsTHzLbKN73WpQiwvv7Eo,1042,1130,1150,1123,false
2926,F6n6yjXcWusZEEY7UKgHAprPLBL1zkPAzq5KWGrbiqEe,1076,1130,1150,1123,false
2926,FCVvvz9LJtCMryRKgdhiP9mNcRRRyX6Tf2pEhCUZCNSv,1015,1130,1150,1123,false
2926,FeLCixWpULkW7AHbmVkWKnQf4yD6wpXqnVoUY9FjYDJb,1108,1130,1150,1123,false
2926,FiHSKp3NwBTmr9yJ6exLoh7FPHig1b6tQ33zoASotfSR,1100,1130,1150,1123,false
2926,GP35d8z4NUrucE9pmmPf67uZeNC6B69wNAwZZBBxRoB2,1028,1130,1150,1123,false
2926,Gbdu852HytyjPffqij51CehexqnedSMomDT8L7ERKVmP,1109,1130,1150,1123,false
2926,HEigy52dcapHfDeygzRi3DQG6hDFTFKFjZJhzW7stEKp,1099,1130,1150,1123,false
2926,HYSRPi5mchSorAD8tEVjtYcm4Bss7j3myVCzy8uADhaY,1037,1130,1150,1123,false
2926,HxrHgKZ9B3CdxNPdoixGvXogPVCKPfFb15f7MWLVRAj8,1088,1130,1150,1123,false
2926,GftJMZxZrfnAAMWbbWUpC4b9pHa54xZSYh7tcdvWypAR,1224,1095,1150,1123,true
2926,9ovKYXv2NXwfBEwxKLMtzfnWn2GKLCwVQVcu4e5AWErJ,1193,1095,1150,1123,true
2926,5f9UxsHdsMGW8CYpZwNEfcn1uSCEEYPnbnZQBgAKmYRM,1187,1095,1150,1123,true
2926,CYEUB8idaSHzpgTs9cPCBSVZVZgyxU3kw6F5QSW58hic,1186,1095,1150,1123,true
2926,q57VTqPxHsQzAYGZucEBMxqUGYcXcoB9Gq3dt2eSYys,1185,1095,1150,1123,true
2926,GpktMQfGoESyV5gVrxH53hKpZHEvmzbNo7zHUzM16J3o,1146,1095,1150,1123,true
2926,G3J2ynK3fwdyAzE3hiqb7VTi7eFdRGWStePj1Yi2Pz5f,1142,1095,1150,1123,true
2926,5zThcYt5e8VXwtSmxrGwpCz89pPz6r7NJzr68UaMwNrT,1141,1095,1150,1123,true
2926,8mQZprtfr5eh229tSttdPNGgifyeTkmDNBKRcg1HRVWt,1140,1095,1150,1123,true
2926,6frtaa9rG6pfEVEn7aphAiYCL2KuKVT8AnPfYRtni81e,1139,1095,1150,1123,true
2926,E2CukSBxyCYGkZRHME9DZKot61a3Fd7a4zaCMdiR6AoT,1138,1095,1150,1123,true
2926,GCKVRsmcvJnQcNmQCq4R2ANDTp2RvhukNSgijgveK471,1137,1095,1150,1123,true
2926,2Sq5rqNcZcbYwUg1zxzrtV3Yye1btuxDjJgkdcjmHheb,1136,1095,1150,1123,true
2926,5Fzm24oxD1g3aVFh93yezt4vvVQJNoqBvThhmpoy3EkM,1135,1095,1150,1123,true
2926,5xXuGWKbf2mMcSFmBBpSDeNuNSEgvuvsX5vAMk6MSQ44,1134,1095,1150,1123,true
2926,HPMYAjf8btk6tFGTyJWuRH1sX5oym2NauVUvzFdo9hXU,1133,1095,1150,1123,true
2926,Dj3xUeoyBkDYdZcsG7ntqYT8VVQ8KTK6bByis8Dj5rAU,1132,1095,1150,1123,true
2926,37uqHe73bKzX9VSvSyUfFuwK49r69jc3qEphpd381idx,1131,1095,1150,1123,true
2926,3YvKvfC5Jcs4ZFPzQvRkWjrJ7B3zHPNv37qRLruBPgi9,1130,1095,1150,1123,true
2926,F6uLS4FpZQFZVuhywWXPTyYW5atgePNqPdgNmkSjN8Jn,1129,1095,1150,1123,true
2926,98H8tm6ToGo6Dwyb3ufkvtmuk2tW4TndZfzJx21sdtnH,1189,1095,1150,1123,true
2926,66Xyms8LmJQ2KQZBSmANM1h4WG3eix672rtXQ4huabpi,1183,1095,1150,1123,true
2926,GWvXM2SQq2UZEy7PdELT35PnbtRwfxKm78nP6TZ2xu1V,1177,1095,1150,1123,true
2926,DErsunKTgsmMXzFkSRWW6sbRU6yR8pCz2jYxQG82SYBG,1174,1095,1150,1123,true
2926,GAfLQeeKfuvKnPJid2PSMN9YNxzFrVJvY7jMtwvLbZcN,1171,1095,1150,1123,true
2926,3auj7hyTiSp1cZrYbRrE5y8bZLmyx1RqAxA8fRRm3Dqp,1166,1095,1150,1123,true
2926,DmkgyXUuPMjipaGii9ry4DnPiFkZ2QmCj2pDzgWmXszz,1144,1095,1150,1123,true
2926,BnPVPB63FoibS3azvf9q84hZQJgzuLQrioCmWQxB9jBB,1143,1095,1150,1123,true
2926,2sUMaAdBSqSKVkGaWT1R8R8WXyUnf7Uak5Uh3KEvtqtL,1117,1095,1150,1123,true
2926,3GobxuDQLRdgTKfxgva2QnBWbhuzAZcoePBgctRodDqv,1116,1095,1150,1123,true
2926,CBeTa52C162xoKcqftigxX9VxdgH3SEWApndVKdZFHJo,1115,1095,1150,1123,true
2926,Fqi5T6HFPiodfVu8iig95kDRnjdMthzUPxLADvTwrV9b,1114,1095,1150,1123,true
2926,3Vvo64Q1m6jtM5MywLqVD6Xv38QZ2ZmMeactu2eGp3GB,1113,1095,1150,1123,true
2926,EiftouEZX8XcqNPC3HJDrpYb2xVrHhtgPtsFdiLocgbC,1112,1095,1150,1123,true
2926,BVS8E1ajo4BkDFj62y1nH3koxzXDzvgvTGPPHferWRDq,1111,1095,1150,1123,true
2926,AmexMt1hmMcJfpeFPkBJvSvNUbKcN6NRXZCDYRo2dJt,1108,1095,1150,1123,true
2926,HukTxPc3KdhtPme4LF7jTNiAsehSfpy7S4Tbrxz9mvkr,1098,1095,1150,1123,true
2926,8TiTSmbQAucxDHdpx4JjAoTRNg12YLWkgtY6G1UjJ1yC,1097,1095,1150,1123,true
2926,DjsraAgzCuusTazuFrKV9cEoRdR8XN7Fi1DZyacYv9As,1096,1095,1150,1123,true
2926,J82pSjZT1bjVnzx6FaN6cKFYRGppH862Qd95HcFdE4HP,1095,1095,1150,1123,true
2927,MrYop9zjrCAvn5N3R12BTofTU7mLNZVsAS1PR8LzEA1,1029,1083,1095,1065,false
2927,3Bkrk6Tk1WR4RuHDyypt4MJAkJjgq6i17soDdUFHQnnw,1022,1083,1095,1065,false
2927,3JCnxpJuYEHwMjQujrt1Vbv4ntTBNxKjZUoMSHyGsBiA,1056,1083,1095,1065,false
2927,3ZVYsn4Ut2EZfjEgRkAQqzh1ZjEEyP3gS8MCU4p6Szaf,1030,1083,1095,1065,false
2927,4hUQ597YrsscvYo3Zzg8DSbutPVZvg4YwKVzUMX7ZKNZ,1062,1083,1095,1065,false
2927,6XAfzAWny1tKUvhLapm8PrSW978CCGkgzc4hABRtTfYM,1052,1083,1095,1065,false
2927,6ZPcrhzHt7tR7K1h9TE27VxZVRArPTFKzKLJYLyLqzif,1069,1083,1095,1065,false
2927,8EKuJ8D9B6kM5quzqfXGSi4pK7aqNQnp63DfwufhAGZC,1031,1083,1095,1065,false
2927,9D4ckK6HAD85qSZDuAaQEemoUgJrAsW7DhmjgqguQG3v,1070,1083,1095,1065,false
2927,9tLXQKSsgfLumzDQxTnXmiHzN5AmdxLeUFhECndGaGSA,1051,1083,1095,1065,false
2927,B9kwdTUT1ZdsdCmrDe8wwDsGz6GdCewKThv48EXemXjw,1026,1083,1095,1065,false
2927,BdJ7VwjfPi3RnEtyuAW2RqC4sZ4GW4JM9nBZq53mGEF7,1027,1083,1095,1065,false
2927,BfqBmCNLLBp9EXy1tzPvFYkw7fg6PTYiUN37mBy9mS1o,1057,1083,1095,1065,false
2927,CTzBDwksBZM6hF8faAmxfDkco2kQrwkNYpaFQ9iV7hKU,1024,1083,1095,1065,false
2927,Dg859e37xELKsuxZzp8aJ3hZ4rUYoja6C1wti7GstvvD,1055,1083,1095,1065,false
2927,FCEhnwxR8DuGGpboW6ntCJ3pyX3gniM3i97SzWrKik95,1023,1083,1095,1065,false
2927,FGPs2uipWRnsHBHrvxWVRoUYZDqPmpvTyjbAcSWPrsgL,1072,1083,1095,1065,false
2927,GjoDDZLuZjQcVoZXGnm5ggNmyRTUjkYwAW9j41y3tfW4,1063,1083,1095,1065,false
2927,GtTsgbjaifbCmqcmCbaCXiuU3U1GbXXBdpNQAJxrDb2V,1068,1083,1095,1065,false
2927,HLcNRKhBqAH8uc1d3T6Qp4mmHfsR2LNhRSzcP3p9yg6q,1067,1083,1095,1065,false
2927,JAZoJNUYruAkMuN9Tb1CcymM9rVQm4LiqtyiEnhjXBCB,1058,1083,1095,1065,false
2927,35pxuxSr1NFHhmYHE1C9ziDH2AUUJNSoEsCoJcByUscs,1048,1071,1095,1065,false
2927,4vgSB8poJU4LP2ab5DXewduF1NVZBkfKFRuMtqkrExd5,1054,1071,1095,1065,false
2927,ABTQ5w1Q3DGYEGVFuf2svVxMouT9fKa757MXGjBnJ1cS,1066,1071,1095,1065,false
2927,DvW3vyC8KUnba7J1Ho2qwRYt1qAz8qsU27Ng2jS5WFUj,1053,1071,1095,1065,false
2927,FCJwoePsdd28EmbTkZbU9VpEeFrnMatU4Yyio6stwakv,1064,1071,1095,1065,false
2927,H74HJLuRY24TcrwAFtEgC3qD55mKSbVhJT56oNT5Th7q,1065,1071,1095,1065,false
2927,DViSMmUEcnfziBbZWZ4v5t4HCV8bS7c34P9RdxNYf9y7,1095,1051,1095,1065,true
2927,6YBNUqPGtY4ujdhjpW8vaMdWRr34hdSAPGj3XLr3CyVw,1094,1051,1095,1065,true
2927,HQmZKZ2g6qM45RuhsQMiSmYYC3fMizSFGj8x5ujrkcZ5,1093,1051,1095,1065,true
2927,AkcQ1rbGEun9Ujmido5BVAtTniPbazpc48UdDiA6YJUs,1090,1051,1095,1065,true
2927,DXeRnuCiFvwhckKu94YAEJxiirDRejZb7s7axcrWWBNV,1089,1051,1095,1065,true
2927,BF4cwoypohKkYXfLBTursw9YCqwNcam9mi6tAi7ViceX,1088,1051,1095,1065,true
2927,58YzFkPRJXMNk7AggjbDnfJ5GevPoGzdLzeiUSpbEEHk,1085,1051,1095,1065,true
2927,7QuSUBV3NwpaDLL58zZUqXDHyEbxHM6DAFkd6dvuqKHo,1084,1051,1095,1065,true
2927,9RWjojiv8YavSU62Hp1xJDLA7P2YJojvuqWc8T5ZQGAs,1083,1051,1095,1065,true
2927,4hpAno3RJpdEF7xEckgApPebaFT6U964VeGqbi1vXmQV,1082,1051,1095,1065,true
2927,HSMrXb2My9i4eZTAybE3SYfBzFAF2VkWPAYAqBz9wRiu,1081,1051,1095,1065,true
2927,Cfe2NkErz4JwBFtRNtYuZgfe8z1wMZZYssV6e18Tvp6J,1080,1051,1095,1065,true
2927,EDALePejmeujnT2iDAKeELuHttts4rStcCPg7NrXTaKP,1075,1051,1095,1065,true
2927,8GXAd92jJ1NYENSqSH3M2Nsjvc2kZ23yyiKyKLkFAEgj,1074,1051,1095,1065,true
2927,8CBEZinbrXgorCTYKj6bMQZkjRw86XeyiKfyXYkqJqYS,1073,1051,1095,1065,true
2927,2JMpeEZAirsjBfovuzr48Y3LJQLLVgLFkJRWTN6dt6eU,1073,1051,1095,1065,true
2927,H4QFv2NBjmrQQKyYrTpTn4Dpy3T4GKWEEJvvhLtqDyYg,1072,1051,1095,1065,true
2927,B76in98FwRXnKQff2XwFXHcT7wjtDgjfwwro9yFp9nPv,1071,1051,1095,1065,true
2927,5hpRbu9Dzs78TusQLH7Ae8WfX9a6FutiMHzRQCRh6XtD,1071,1051,1095,1065,true
2927,Bfe5ukYb89SHCMT1hfAPJcfgYLX7xHBrT8QKpEy77TUK,1070,1051,1095,1065,true
2927,7Sjk4VkDKohHttte4odK5Wk94BC2joB2tmzeEx3iq2KK,1069,1051,1095,1065,true
2927,BVJkRbodtnDp7DxCSKY9qimXBF6w47feqdXUPnyqFDRc,1068,1051,1095,1065,true
2927,3jYwP7Qsas8PRyZSQ4smwjPuQmpmA3JTpRDxaiHgru1R,1067,1051,1095,1065,true
2927,Gcw7GaCKRRDoLjEk4m2jCsYmznH3NmUczoHwsnXYqeou,1066,1051,1095,1065,true
2927,GSggx3xQeUNzGnjdAvGJhtCRsk4MXP57ieBXsceyF6A4,1065,1051,1095,1065,true
2927,37tEZJSJSi9T4qBsxPTsmorukmN1YjdBErbHDwha3eyi,1063,1051,1095,1065,true
2927,CJ4zwwvc9FhZHB4n6AZnuANeeNhjmTKY3XYzitgzWxDZ,1062,1051,1095,1065,true
2927,CRxaTxKCkMhTWHkoN8i5fwcyGavnjNs9FLE7z1CpCP2m,1061,1051,1095,1065,true
2927,6kLm3E4VNfjikeQu4SVoC3gSgUKYUhDg2ZNABZGFi1UG,1060,1051,1095,1065,true
2927,FidbPhnAKULjoU754RjkXgPs74BSAGGYrtfNru4FGEzK,1059,1051,1095,1065,true
2927,BF1EjqhmeCSf8sp197goT6gp4X4Z3dbF2RC72JBfFftt,1058,1051,1095,1065,true
2927,Fzx6KZXR47m9Ud6N1LkCPQVufYWtoTEXVasH2Ezhb5GK,1057,1051,1095,1065,true
2927,ACc1jDhS7CYhC8Xize8UHFEM18R38mavyVAygzQDWH1p,1056,1051,1095,1065,true
2927,EkUDBmgG4enHQstNdP9TAzxtyzwVvvdZBWbV2yethKgk,1055,1051,1095,1065,true
2927,6KoWFvZnq3V1Zt4nmRbxko3FF566Nvwg1wcgMPLnMQ4b,1054,1051,1095,1065,true
2927,55EK3kJ9hKq7tNAJhoGv9qjThUVEEu9wrQq36pvwMrfs,1053,1051,1095,1065,true
2927,ALGGyQhjhvwnaEmzCMzALSEhBngNPYf3ig2XiNDubw3S,1053,1051,1095,1065,true
2927,PJ5KkP4qmYHfUXzJ3Yu1fhGZ14KBKiCgRbBYEKMXEen,1052,1051,1095,1065,true
2927,EqcyQjB6wwDnJSMRQmBpepdAKTan7gswLqM12iU4vZiN,1052,1051,1095,1065,true
2927,55rs9bDwHX2Vg7f8Pj3sRygv14UF5eg6WUuDM6JRGBeT,1051,1051,1095,1065,true
2928,CaVCeGhYPHLFXEoez123K9o4UKe3aRJMVtFaefCPonL,1015,1039,1051,1084,false
2928,FW9vq1xQJBtaBqUiBSG5DwApqSXxThcz8XSkWJAs1pc,1012,1039,1051,1084,false
2928,Nuq98Rb2DMJY9S614wzWY64ZasPG5HCSJ1v5kqGR3oC,1026,1039,1051,1084,false
2928,2AyBRkxUeGxMpXrLwKJtzJYEJfNaVJ4M5EQFhT6Z8BVg,1035,1039,1051,1084,false
2928,2XssdAk5p5Rxc4bCRxzqXAdp2TgsjgkJd46dvSuU8ZA4,1028,1039,1051,1084,false
2928,2nB8BHfed5Wq6zhicGbk2H6Gs7ZZ9Gj2b9J55eR9b3E1,1030,1039,1051,1084,false
2928,2vsAnK6jjai2oix2aucWGeRHw4jU5yYjCvJpddH7X4sx,1003,1039,1051,1084,false
2928,3NTWHpqdkxTZnqx9qidcMY1sTK27tCHGyDpo1CoVcyJu,1001,1039,1051,1084,false
2928,3TyVQJiFRo9dJiW9ARWCTTF4yarhhf8FhFk9URKccKTe,1017,1039,1051,1084,false
2928,4MwKaPc5UXiRvQEToyirpiSpSwCzyQV4uJwf38AsqSWa,1032,1039,1051,1084,false
2928,4xBXsXfmk3TiVhdrd4JkCFHXmrMbJY29XW1AJTzGfQF7,1016,1039,1051,1084,false
2928,5y5riNmW88P166urXZo9SALyBZ7heo9vgy1ELZ1PWEHN,1033,1039,1051,1084,false
2928,78r7e2yJZHq7TMbfTGVWDFRxzTiH2ZF7VZYQAKWhc1JN,1023,1039,1051,1084,false
2928,7DGTRzKBCdbP94HQxXE5nn9ez6cJ6u8sWn7rjBKa2Gd9,1034,1039,1051,1084,false
2928,7PJ2Ni2rBff6EJsCMfnwvYwSk2WxPKtxsR9QP9Vbf6YA,1004,1039,1051,1084,false
2928,7WnVFC5bWDA4RRvGPSAG5u7BXmnmab2eZC3rZPAsL9eo,1027,1039,1051,1084,false
2928,7oHQCf4uGKUqduuwUmQc8NLycdBtAJGVqv8p1gh2mjHM,1024,1039,1051,1084,false
2928,84Qkf7SiMBmLFQbVec6fprDXJRvUhCHBsQ3b6MMcPW41,1005,1039,1051,1084,false
2928,8Pj6NXtTDdjwdcKwkSVKhsdwzQTe9CAB1rJhYHwYkXUm,1020,1039,1051,1084,false
2928,8QrrT2LUPKaAzMG2wsBs1dMTzmhhiUNjaRxUdxEAqRd1,1000,1039,1051,1084,false
2928,8VBZdbYV1xi9Q1Akw8Yk5yfS3gWRGwMNNeacTZqsEArE,1002,1039,1051,1084,false
2928,8hicR8TLsX93t2Ubj24nHfdT3KjUdv1szgNJZ2kfFGiS,1036,1039,1051,1084,false
2928,8jNLdAQHFjJPBucmPRdGDwxpEWJMzZKDx9Uce1dWKMpk,1037,1039,1051,1084,false
2928,9334zMsQ4Ag9QeBncW6R8zvhszxaYPaCDxUQThGoPTrW,1029,1039,1051,1084,false
2928,Bcwizzo23wt7VH8eHhiYNmnaAUX7516XKHtoVbhyLWP1,1021,1039,1051,1084,false
2928,DUWzigranLyQorhyAHrLWFpL8csBEZVzv64wJTQafwy7,1009,1039,1051,1084,false
2928,DtK6WgroZ7JvAYbyg13JQu8AAYvkUj1hHa1TZjB94Kxz,1007,1039,1051,1084,false
2928,E2R4bfTmDBTn3jksMU8DyzG6EPQnRe8Noio2NUXjoAQM,1014,1039,1051,1084,false
2928,EWfHHtHmA4cozPzkz7dR146ZMgeKJppudVPdPaH9Lct8,1013,1039,1051,1084,false
2928,ErDkdfX5253MLZ7rwFRTk9y6exuocLdKFTUANrZDxUHu,1022,1039,1051,1084,false
2928,EvfFUkKFDuLSg3s1vRAoyoAPiG331yFTor4fN51yLQVj,1011,1039,1051,1084,false
2928,FHN7wjwnnMNgBPZPku5nC5fmTboc6aHnjRHhFNmtai9c,1003,1039,1051,1084,false
2928,FQkBkUz62QqdbErbAgwSzWHzH9cHTnuJhNJzdbgPkEQ1,1025,1039,1051,1084,false
2928,FSvcbDwKNzrTBkMfGdxTwh6Qcz6VS8HNeDLmSfCrZ3ru,1006,1039,1051,1084,false
2928,FXxwu6nuAWPhgSb2TxTdnS9Kfe7yrVak6QPk91hxb53V,1019,1039,1051,1084,false
2928,GuZsVWRPrMCGWa1hv6Kb2vtF8jw9oYwu5b8f5FPAVfjV,1031,1039,1051,1084,false
2928,HwDj2JrexDgyWFvgFteFTKTgN72SirVfsafWzL2pKgF4,1018,1039,1051,1084,false
2928,J2TVeQcBXyEGh4FbqfYTLYfo4uYdxbxFwnARh5tnvQDD,1008,1039,1051,1084,false
2928,E13FKtAgfj1qhZ7nkkSjFddafEqSHpkiXGw8swoLAG9T,1051,1038,1051,1084,true
2928,FcBSHdpk6Stt9qW8FcFo2ju7ncNCEtRKqNGH22AeE9Dg,1050,1038,1051,1084,true
2928,D9qojSciNSXtZ9oWp7B7oKpnP1RHbbSUuYc1aNiW7EHH,1050,1038,1051,1084,true
2928,8H4sPmt7LS5ATozMqtSYJckNxvpMeTRhgqrxe6h3DDZi,1049,1038,1051,1084,true
2928,H4PGi6tr19tiCh2tsck6rcZQJmUR3kWixXP1f1j79xt2,1048,1038,1051,1084,true
2928,HYfVHd2b3VPkFZntgyP1Ynt4gvngqHwfneqMua7EZSnr,1048,1038,1051,1084,true
2928,H6rpqSEzdMxBjN87htuKxJbk8cKoqNzFnkos76MumwAS,1047,1038,1051,1084,true
2928,DiJd693C57CSDAQrv5BE4NGTgoN2aFH4KUpvdpYYNnXk,1047,1038,1051,1084,true
2928,41TkKNiKC7VSfgTE6qbRUEkb5Jm7rLRtivfo6obKNaaK,1046,1038,1051,1084,true
2928,3NX6oUACY4BPTJLsoJvfgKno7BPnwyyu1XRYYNqA4Ptj,1046,1038,1051,1084,true
2928,J81wTDS98yUwBHaWcEX4JNhMp489MjjeAfqHakWnW2gt,1045,1038,1051,1084,true
2928,88zsHpr2Bz9Mu39hjQZ4gnvsfev48FxPGp7xEbeuBr4b,1045,1038,1051,1084,true
2928,72aJVBfdWnXcP5d7NbJgJ3R22hTKqVM5h6thMfKszG1Z,1044,1038,1051,1084,true
2928,BGLDJfT8Qrza6bBRHTScbtJ1wntQ52M5GRwSB2knQKVW,1044,1038,1051,1084,true
2928,GcdEh4nTm137kWGx4NfubjY5Af6m7z146NsbUeGFAtxw,1043,1038,1051,1084,true
2928,BhTW1scP4Y2yJYFPkErxDK6Cbp8osGMaE6V1D8pSoB57,1043,1038,1051,1084,true
2928,9Ty8AKfMvmLkhGZoSEfSW6HQBkP8rEEMMPndcxxu15kK,1042,1038,1051,1084,true
2928,2ryyrwnNvbXA5TcAEmrwA5vJS2uX3FdGEcbQ2doAhnxm,1042,1038,1051,1084,true
2928,C4kuSkLR16BBsNQrj3airfGRbzt9GJGJYZ7XPR3L7K3b,1041,1038,1051,1084,true
2928,6zBZyAkZAWX5hPMPuqs4vmVkN21AUp1eVxCX2so2HsuD,1041,1038,1051,1084,true
2928,kV21vFLVMypBbJCzFUEpakWSGBnNvb1utxGGL3r9TS9,1181,1038,1051,1084,true
2928,5NsUVWgtgxD3YbvER1LaBoSrPuivZeE5wvccuo4DTEUx,1158,1038,1051,1084,true
2928,ErKryDnDsauu37WUg4HQXY7y2woiL7MtqcEw7oVy82E6,1154,1038,1051,1084,true
2928,DcYhPqeungYipWRHwXkooEjrMBVuJYHkBjZmpR9QKN6f,1123,1038,1051,1084,true
2928,DKkRbGkqXuHF12QZxzFyeJCDgYtKh7otKU4Ye96pvRWD,1102,1038,1051,1084,true
2928,QcKMevmkkmiGqUj7tJhz8H9y6LzKdKE5YedicnCodvS,1040,1038,1051,1084,true
2928,2bTHDQ4JvmgWZx39zCkYw2icEqEkPw71wBsUS4p8xF5x,1040,1038,1051,1084,true
2928,ANwEhJomJTxni6owFL9bY3XsSxFSe5cW9r7vgb3XTgY7,1039,1038,1051,1084,true
2928,CxQMKzocD8JxRS1vL4Dc47U4iEY2Nrdi78DQpznRhzHv,1039,1038,1051,1084,true
2928,FbMTUABxJRA1Y3UN6x8JM7zbWbiND2RFcmH5uKi7VpbP,1038,1038,1051,1084,true
2928,G4hzUm2LComH49jZy9i461fFSJgjqgKqexjt3iHpq5gY,1299,1038,1051,1084,true
2928,2TRnNVX4yEmNAwrptp1v8WWtHR8i9ewa8oifE6hnZUa6,1299,1038,1051,1084,true
2928,E7BZmnyPpRdsRWZD7g8D4gYpZdXdqPqeDHMiCFERQHsE,1274,1038,1051,1084,true
2928,5PhBKetAGzDKsKecjMn12FBreTJtWMeoNtuouADXnsHQ,1273,1038,1051,1084,true
2928,GCY4bvgmMTVic2HqZy21SXP6jv34BH4KamBtzvKUzBMJ,1247,1038,1051,1084,true
2928,AeF3Lgf3xherdPnieWEj8oHKuyc2QCBvShJtSNViAYxd,1196,1038,1051,1084,true
2928,8rWe2aFCM1MczwGDf3M1q6AYqfXwmPN4iEJLnm1CbLyp,1190,1038,1051,1084,true
2928,7nMnPo4J33q7WXommWivG7hutru6i52ANwfdcG4zKdk4,1188,1038,1051,1084,true
2928,DDvxfL5jQxwh1ZvVMmL65DFV5X791debPSvpits78o8T,1187,1038,1051,1084,true
2928,3CQzv3oDLaawEco9dmDyCMLAtsgvBjFXiQTjFAcsqobs,1186,1038,1051,1084,true
2929,gwpSCqUJtGUu5k6Z724HmsgiJM8VLnG8YQNdti84bov,1031,1039,1038,1042,false
2929,2CfXyrHAAEWSfgTBdNprxAFcahHnfvkJnpCZiLF8zs6f,1011,1039,1038,1042,false
2929,2aAadN5XhEKLHnugfLmm81RPMmJrvFYf8CotUbaym9Yo,1022,1039,1038,1042,false
2929,2kXDknzM9mmUKtB28nC2qs1opbDWf91BcbJ8XU9ZHwnr,1036,1039,1038,1042,false
2929,4Mcb6bG1JhURoytRCphwRAJX95mhWhHYqfXst72BSXD2,1012,1039,1038,1042,false
2929,4jcnfBuYvYwWCySA4mUbEARpq2XH8QcsQ7CYRWQiMuPu,1006,1039,1038,1042,false
2929,5RtdyVTibeqE99xMx8gsRR83DCwTUsLQvFjuwckRNGWN,1025,1039,1038,1042,false
2929,5dRdr3jS695SGUuMqeG9Yd7ERxvCQihvK2v9RUxJqo4q,1019,1039,1038,1042,false
2929,65wtwB1upRuzWKHcuPAJBCkD4T42zFLna6X14rqPh2cy,1002,1039,1038,1042,false
2929,6EJ47Bfjdq2suvnwuV1LmhdVgTu31H25m2ThQKoCupBm,1004,1039,1038,1042,false
2929,86U3F3wqwzqmNppmqotcyzhtKTyuFeMK9d7suxe2LsGf,1029,1039,1038,1042,false
2929,8FeTB7gNQDC1N836kd6DfgMvArb1EaQSAemC3pZsRYjJ,1009,1039,1038,1042,false
2929,8T3pmHFX97rmoXumCXS3bhD8WWcP14xkTrPNxjEch1v8,1018,1039,1038,1042,false
2929,8VyTyMiPuXCP5Yy5nRjqeCGLvoyEa8inzWThuakHfNt4,1035,1039,1038,1042,false
2929,8fmVwnTBALQZkCSydVxXQc5mPPC3p2H4xLHStbRo5Swf,1003,1039,1038,1042,false
2929,8oo9pfX5ijbmfJjeZyWdG7hknyYqeAg4A9zSPPRvEy5Q,1000,1039,1038,1042,false
2929,94K18VTXQSvdoL64GAkLosWDvXZLi3KvGuoc9PFAqncw,1015,1039,1038,1042,false
2929,96buFn7EgbxAsL6M4PrhQs2PEWroBQYrNpZ5X2H2pNZa,1028,1039,1038,1042,false
2929,9AaDerusp1qKEim3zzC9HFeSXcFjsTgEQKNQsSVnceE6,1001,1039,1038,1042,false
2929,9HrhjWrWJ9HxEHjEjKF7MGCVPuXjZHqEr8XhSXkfs2Lg,1005,1039,1038,1042,false
2929,9XSVQViYKubudXsAWrhnaYBNNXaBWoWwt77GdJvaEaxL,1014,1039,1038,1042,false
2929,9jFSvVtWKA1kFEYQoe7tisU44oB41MhRMzbZ6NVtBdQx,1017,1039,1038,1042,false
2929,ATGxSv2ptFJ2P3kC66co9vumjn8XDqikhxXdNsvqnush,1030,1039,1038,1042,false
2929,C2gpJzJMXo5ScPGmxm3oismM5sU6yQKZuZJFEjzn2Qn7,1021,1039,1038,1042,false
2929,ESUAHHVsHUsZTy6xmgRdoV7yB9YGQrstqN3w6ni4yhPX,1027,1039,1038,1042,false
2929,EfuVnyULUuRuZtDamLghmqJSGqrPFSn5ad6Ux1kxM4sp,1010,1039,1038,1042,false
2929,EhPMpwoxb2RK3isWCdGCqTGBZRLmAwgpBPCDCZV8vEh6,1034,1039,1038,1042,false
2929,EyaobRRqNxRzqeVDVkvQcQgTmttdUmRuTxnShd2FdwBc,1016,1039,1038,1042,false
2929,G9SKi7xN4M6MSqCs52ytwW8fiwLPUF6i7bgQPB1jh1hN,1037,1039,1038,1042,false
2929,GDiqV66kEdbq9Xetre6w3xDw32hgdWZ62JKBvWJha1iF,1007,1039,1038,1042,false
2929,GS9oQi45XUWMWLH1iwHMbuKPNNh9itE2rK59dp6UhDaL,1032,1039,1038,1042,false
2929,GraUL23gER66atGjYpMD7BZrqZgQTkQCc2WGvZTrgDjy,1024,1039,1038,1042,false
2929,GzoNHjJtakUyNgyjZudtMs1Qt9XbTKnFUYcCZfPDcKGA,1023,1039,1038,1042,false
2929,HLdeayzXdGAj6kCnSpwbMzc2hS9VntZcoYHzBMSz4HgK,1020,1039,1038,1042,false
2929,HXqHXXATtfJu2cKJ5mZ1UiX48wVgmtuK8L9gNJynj4ZK,1026,1039,1038,1042,false
2929,HmjHUfa84uWL3fucWANpiTTfg8PoWcXaTbEWyQxmLEYu,1033,1039,1038,1042,false
2929,HsyAbyAqB7G1mMVmBPtusf3CR1SAk5JPZ1nzmXwxYZBP,1008,1039,1038,1042,false
2929,45k4N4b7cLCzni8DFi18RATKcucK3rtj11WjQhsVzBjS,1185,1089,1038,1042,true
2929,ApyWkihnoDDiABNQmMP2hnfspAmoLwGa3v4NPf4Z16Q2,1184,1089,1038,1042,true
2929,2NfUCp9Hc5JmkdQWkEwSFJkZUv2PqEqYgS7cDdEN5V7U,1180,1089,1038,1042,true
2929,7PrhwHx11u1y1CM4km2vPt1S7nD7Mn9gxNqPwgJL5gmu,1179,1089,1038,1042,true
2929,5jeBRJMofy59r5wgeBfRY13hvRKQronMDNaPoi27SNQX,1178,1089,1038,1042,true
2929,HuYNmfvdGb7Mhb5f7MKpEdu4iKAsRwWRh33RWFQz4gH1,1176,1089,1038,1042,true
2929,F8aikfojr38XWsBjp5KmS2fv6JhWC42j3nUsq2SGDh21,1175,1089,1038,1042,true
2929,8Bpng43zdKNMYWUvnoPG9H9ZnfzuzMVxV6N6C5bXEmME,1173,1089,1038,1042,true
2929,CHo15gKpH8qey1UHYi4wKjqJpN82yBNZGxHceojUfqW8,1172,1089,1038,1042,true
2929,Ew1k8xZJibUg239eCaHWtbHN4Gtp514t6NzMREeTUYH4,1170,1089,1038,1042,true
2929,EqbYiVcATLoMJVwNJHUPE1usNRYwWerW5EtigfT6zpTB,1169,1089,1038,1042,true
2929,GiLhHT4LKsdz5zhzkBE2JRtvoAx2M89hcm6SdCfed3J7,1168,1089,1038,1042,true
2929,E34fnQYyzWkpjgt4Q1W4Bz9oqM9pro7sS9pDqCpiXyAo,1167,1089,1038,1042,true
2929,2fxD3BSNL648h3y2brQTykFwdK9mhRe1CvE5xzSsKPCL,1157,1089,1038,1042,true
2929,GV24t5zHQXUCZzuoUG6eE789L6mw2oYiWDmdwz1m4F9R,1156,1089,1038,1042,true
2929,625MR24z9C6JzcUMKx7c85cjVTmPRxTke6mS6KNSj2NV,1153,1089,1038,1042,true
2929,9AdomV1y6JWpHFEb9jiyUJGjtgEaUGiEW3TR33q1PBj3,1152,1089,1038,1042,true
2929,Hd1BEZd7s6gmW2avdvSKKALtKYkc7ChcbXqKRXEpp2Nn,1151,1089,1038,1042,true
2929,2qFeu31NqGMaGvWQASGtnYxp29jnX4qPHqPRbtuk8pkN,1147,1089,1038,1042,true
2929,BJ2fMZAd2EBsRKYTw5FmahrnszKejh6j39MZmbSLR8YA,1146,1089,1038,1042,true
2929,8RQx95T7kBbhvUmNSG1n6wWgrAZpHGCRME4pcWGWPJCX,1145,1089,1038,1042,true
2929,5G5jRmEgsBB6uYzuGtKQLuZW4QRwLSRsWdeQSmiHuF5u,1136,1089,1038,1042,true
2929,3sT5bj1UGvSjsKLErnwYHzPvP99bq4c7tX3cHnsmcgcZ,1135,1089,1038,1042,true
2929,7vqFWEN6m1hJEg56ANsVtzJbTp5S6z5CoHNNVxPXyzGu,1134,1089,1038,1042,true
2929,EfVJxvpw5ihaRQVTxRiNbGSJkQkCuw5P1uXhGgoDbi88,1133,1089,1038,1042,true
2929,9axmBwZdFxemkUxu6wAtJDTZ5Dpeeq3E1Q1Rv7BbqeiT,1132,1089,1038,1042,true
2929,ERbKiXcuhEBVR8eRGZUe4BZ9RUS8Qj4a8QQushbR1cEf,1131,1089,1038,1042,true
2929,CDuPWmtmC48YVQJfZS6vDSNpxAMM9aBMvH3gmxGGJH3h,1122,1089,1038,1042,true
2929,DUoVaSDvW44a4bZQqxj5KDW82wDdsp4JzG8kvjNWoyxs,1101,1089,1038,1042,true
2929,AXHuesBwh5P4C9d98CjAXEsgNz2w3mrvV74E6bw2DXX5,1100,1089,1038,1042,true
2929,7hY7PhbUYZPpneBhDK8xxvtD6qrbt33a9qAeFvtq4Jf6,1098,1089,1038,1042,true
2929,ZJKU6TF2wpwDA72P1Axtq9ZPopaz5pGYLQWn8mz6ZBf,1097,1089,1038,1042,true
2929,2KyHjiNuczAeUc9gX4A69b7mHfAi4CMuR5RAqJE8CcFL,1096,1089,1038,1042,true
2929,6UPZAowh5nie4r7g9c94SobaZAha67ZiZGKu22ioBwY4,1095,1089,1038,1042,true
2929,Y3YXPXqFFQBki2tRbvcFR524a3zzw3FUHCSSf7yiaLz,1094,1089,1038,1042,true
2929,85KC8QQ6bCSAGDtSr7DUhLDe4wFh926jeaWXmPhJ7i8x,1093,1089,1038,1042,true
2929,3imMdXV5V32bkxzn9TAN9yfeGTJUPGGWRArnyAoQqfDA,1092,1089,1038,1042,true
2929,HPPZL67BAtp3E6KedyysT5UQSAZniGhEfdzXRjPfDikp,1091,1089,1038,1042,true
2929,B82dL5wcASwgqUWn6zYhhKCvnJAZLEnNp8XwKXWcydnA,1090,1089,1038,1042,true
2929,9uPkS64n7VU3L5e7Hc3swr7gqTTdLUrosQAmYdkQBjvg,1089,1089,1038,1042,true
2930,hQJDD3wHMP8bYoW2AXC9bvz1ceAq7DHB8gr6XXFyfkW,1088,1000,1089,1038,true
2930,7RZEHJFT5FJ2rtgfNSs8RqYzyFS8gsNiKixqJbG7BMuk,1087,1000,1089,1038,true
2930,9Yyae5Q2n4YRoKLhx4y7M9BZbcdZm7oQXnFbB7bzryjX,1086,1000,1089,1038,true
2930,DFKtKq2s2PqBAKk7aUChDy2oZu2K3Nwd9gQFkuyh184t,1085,1000,1089,1038,true
2930,2RrYdR5gQ7jSQ7dJ7jNLpbwZ6MrjdKtvEPmxzBf4wiLT,1084,1000,1089,1038,true
2930,MAArqrrnab6ELp9Cv3Zsb9q1Ag31G7GctTGta4epLUY,1083,1000,1089,1038,true
2930,42upL7SEnWDT6HqgpwSophAEYJB9afMSLbDZ62ZoTe5n,1082,1000,1089,1038,true
2930,J6jmpXaZWCGKovbrJ8HtqMt6c9ac4z2GpdBwxfgCwzrd,1081,1000,1089,1038,true
2930,2S6vstrqqEHaeZZpThmHn7FCLQraeQzFCnoyPpcdUgAu,1080,1000,1089,1038,true
2930,5QqN8LsAHwcnvP5PCxUnGHZZgeHayXPiC8nJf4VoqgvX,1079,1000,1089,1038,true
2930,5P6AsLxi7tFFk5d1k762qJfchgLJkjhpUDCFHjQB5GzB,1079,1000,1089,1038,true
2930,jmPoSB3Kv1opKixY11X2Guhzp2bds4VSMFAp21Emj13,1079,1000,1089,1038,true
2930,6McgjZPwiw4jaYB1aCSEsVh88ovstiZfgSToFdyarkiN,1078,1000,1089,1038,true
2930,5RK9VdBM6qPmz8QaoQsqeFGKPH5fyKjYEUEKrikebnW4,1077,1000,1089,1038,true
2930,H5J2FZScdj435J3ESf5NpBDhTyY4FM1PjNrFdbmYJ8uT,1076,1000,1089,1038,true
2930,8WcbsLeoN89RdFhiZgu1genSfGpZEAw8Eum1xULegHGW,1075,1000,1089,1038,true
2930,6KmzmfjfSU8D1mEVLE3gsLvdEdkws4hA7BXZCq1brwbz,1075,1000,1089,1038,true
2930,4mgLpVpozmZV68uKgzJsjah2Z1iwuFtdTBoRLDiRfp4y,1074,1000,1089,1038,true
2930,5Tj7gd7HvPiWi8mtYbsWkctayYi8NFDidyzo7CGHhzWW,1073,1000,1089,1038,true
2930,A3Fia36px9sM9hgZDyqYcjrooDTyaepuK6WjzNYNjfX2,1072,1000,1089,1038,true
2930,FdsNEHAoeNYHgQzuhbSBjooLSph2pbMZUWZ9mrTmWQeA,1218,1000,1089,1038,true
2930,148WRigm9xzB7ftX2TwAFWeae33s6L69YHRMJJE1JoBQ,1212,1000,1089,1038,true
2930,Dttmv1j9zXksT1Ky6DceDMMVvuyDDny1uUzWEekH3Gtu,1207,1000,1089,1038,true
2930,BSJrhkMiZrfqfEjZZ9h3gkp6nixXv9NnyqeX5eQZYUzC,1071,1000,1089,1038,true
2930,6m8Z8fBn2sfWvhStsRLkzMFC1CdC34ZoXyJJzMNqXU3p,1071,1000,1089,1038,true
2930,9mkmKJTnwaZtMSrWksrRTJYriaJeQ6qyEqnRjAXJi1YN,1070,1000,1089,1038,true
2930,CEBQppf4b7E86C7i7xrZmTv3aDh3PqeeDsgshuUSqrG,1069,1000,1089,1038,true
2930,8MMEyWAfutFSyaHi51e6asEt6hzDwXUSH8CsDkjQQwHM,1068,1000,1089,1038,true
2930,51gSxJa4ASBG9qiyiiGzp6fTfU9JMp5WsZx9R83UjGCg,1067,1000,1089,1038,true
2930,BmM7cKQkzpKaib1QAGdvFmMtL2X87V1YZ84eRKu75j2w,1066,1000,1089,1038,true
2930,8xPw1kjGVQZGs5YFgVw47s82Frs51gXts1FmZaS3ZBYH,1299,1000,1089,1038,true
2930,FphZYy9GZyKjtewp2RN3idSLF7E1i1pQfohfUaEazaEE,1294,1000,1089,1038,true
2930,Bg5n6L7fz6PYPhukEH1JqvKiqWVm7e29A9UKjx8X2wMY,1291,1000,1089,1038,true
2930,EGktK8EkLLxaYsie5Z8JvW4j8tHe7fCntZgLrwctFBHY,1287,1000,1089,1038,true
2930,8Ucw8idpRgkfhxsmLShUGnzGUp8Azbi6pdWg46a8sGYf,1281,1000,1089,1038,true
2930,2FKEdeHUQ3ydWpMLF2RyFdXB9dFARrSccoJJfz7H8Yyx,1280,1000,1089,1038,true
2930,EdbkHVF99yfGPPcPBX4zyY2aRPq9FT9zpukSfpfkKzwM,1276,1000,1089,1038,true
2930,G5Y6X4GEuyy9gPNd5vsS2hZhMpSz6rhW3eope8NmXdtF,1267,1000,1089,1038,true
2930,6bGdzQcWaaXws8Nx5Y7rFiFQfZYbyYSkGxyoQbTeBPVY,1266,1000,1089,1038,true
2930,AUv8VZYJAr9iNHzonfsrMCJch1JkNJ6Ub84HCicfwWMw,1258,1000,1089,1038,true
2931,kB38wyuKVBi8WxxeozSL26kCfFGLfUkYLvx5ZjL6D98,1047,1064,1000,1038,false
2931,zedJGv7w7PoMe1igkyNhKTAhsiZsqNQzz9yKTJy9h1v,1057,1064,1000,1038,false
2931,2HNjqaTiYP8oqc5QRkDQrXeib4FVrmC6haBzBaRZckaA,1060,1064,1000,1038,false
2931,2LH95QPrQSSWUq27gtRwMfsA6hjjG8qE3Wigb3H3R5AV,1045,1064,1000,1038,false
2931,2LqkhhuAR3GRrDKLuvPf2rWHQedRKhbvi2VH1286TrJJ,1038,1064,1000,1038,false
2931,2i5s2urRuCXon4zf3tr9qHty5MWSo55fWP9Bv5vKfBHf,1040,1064,1000,1038,false
2931,2qAbyJ3j9jyEE1nZUuHLRsavzf5poBgVAdgqYdj5Snmv,1062,1064,1000,1038,false
2931,37ACRgU6bJi8xsUUo115EYdzDW9wKDMknqRcoSXwQ41g,1038,1064,1000,1038,false
2931,3MzidCMy6Kef8kcgFtrxd1GqJppb4tLWKVw5LsuE4sov,1031,1064,1000,1038,false
2931,4HzgVZ5wcjsTWVWe3EUyAWJNH7biQm3pAPqthSmBJVPZ,1049,1064,1000,1038,false
2931,4oeou9Fz6vfWm7NrH1FAGfjdCd7BTthCKL5gqWZM3Jvs,1049,1064,1000,1038,false
2931,5WWgQm7ToA93FSngHZJXxZPkHUzuS6kdJPBXAUXDUVee,1059,1064,1000,1038,false
2931,5ZgUZkocMmcV6qnFieMJraV15bkLJynC6mCmJYV3UHDh,1019,1064,1000,1038,false
2931,5bDaxDsYSoYhhc8CLfuyczfFVhJn3N4Lk9QBQgZvZ3oQ,1039,1064,1000,1038,false
2931,5pBL1hbm8LBSAoye1sw2eVECVPYfjXVoy8HkCD3esQtT,1058,1064,1000,1038,false
2931,6B12ieYQoEuhSuoLwtwCkTAjm7H78BHibZssaumma23i,1002,1064,1000,1038,false
2931,6HVYvbfWaghaaFtSaZLT2d4vVyFLHyyUzJBVumaVhKsr,1014,1064,1000,1038,false
2931,6PDYX1J7Ng8tKPmp4Lt6F6Rp1KzukLW8cidKiZPB9uZF,1030,1064,1000,1038,false
2931,6QnP6iJfZkNtQLXH5rVYdkyrHS9WqPB4Vbnfj4qCGVzT,1029,1064,1000,1038,false
2931,6SEA1MbGn5Lm2jvWae9Mq3BSgCuqmrQfmKCpXoB2akdZ,1044,1064,1000,1038,false
2931,6bfJnJftt7L6DpA4yA25MtbFbH1iL9Jqo1QG9LZnLV39,1006,1064,1000,1038,false
2931,6iFE1edVN5oMWrv53W9QoEjTN3rrgCkTq6uaSVZiBMYd,1038,1064,1000,1038,false
2931,6itqpysMfw9M8bSLw8QMYXxECDAKVnYiVSb7upP6yL9v,1043,1064,1000,1038,false
2931,6vHq6i1GnbhG2XVisPSWZygRqZrBovCrVJuYDD9j2NKt,1026,1064,1000,1038,false
2931,7HRgPySK9iKdmfM7d59GxBV2GfJi24E3dALbX2fCqL7b,1010,1064,1000,1038,false
2931,7KRguG5cqF4PXpXao2XH6Dp1mxEyNZ8eWpzdEo3B7hu7,1051,1064,1000,1038,false
2931,7cTuEHtvNDAbCFpDVadkeXbKnxwPKtKPt36shctZdsNr,1027,1064,1000,1038,false
2931,7qaT3A36A7ta7BWgmopYBXQaawrrsnirSgtkZWRAN6SU,1061,1064,1000,1038,false
2931,7qr3H8b7bfvo5EgCzsQdTpCL8VmKCCMMraXi9d8yFjNH,1001,1064,1000,1038,false
2931,7rqi9R9eeuThcKRCYnsViH3nzXfx7miexWPy1i7Tkxza,1004,1064,1000,1038,false
2931,7uABWP6kdrMiW45v8kV59yLjvhPPu5vxsnCKp9u6tUKL,1000,1064,1000,1038,false
2931,7zVLGP4WzzjNikLW8jRmommZvmXJHm5w3vB6MWhtTqXK,1004,1064,1000,1038,false
2931,815Y3tmjTrTjrEwVGPitqqqxz7Vzb4Tict2vEx8KH78o,1002,1064,1000,1038,false
2931,8348aJigjPt2hAPvT7kfjPTD8qJ1BQsvVCQwsQp1FGUg,1024,1064,1000,1038,false
2931,84GxaS8tJvNXSzjG9Xob7ovWueAR6AATV13JQunGP6b6,1034,1064,1000,1038,false
2931,87gnkkDeE22w9p2Gs2KS3xcSFa7HAc7ErspYfuRjRBDJ,1017,1064,1000,1038,false
2931,8upyNUWSRG48xSoTV6Jez3gyBMs7itbAccJZDqmjCxTn,1029,1064,1000,1038,false
2931,8y7qRuGhuVd41s63j4vEVob3ezMMpqY8MJfpZAbNtCYf,1007,1064,1000,1038,false
2931,9FPeGV3sAPpWkJ4k6YgRnYRukRdYBwBurLEAoJW3fXg8,1036,1064,1000,1038,false
2931,9GjZm5W5M3FbeptcaFLgrBDdU9Cnxt2gzuDEBd8ESPeW,1000,1064,1000,1038,false
2931,9d6sUVfQWYJU4iLob8HTTuZtNdu4S6BSVUVXYTtx4bnk,1041,1064,1000,1038,false
2931,9wJP8Hwjy23JYg7wRznjsdHoByaKVzWcGus8X7ispydj,1035,1064,1000,1038,false
2931,A5EfXwnWzmY6sme3gGc9rt5oatf1zanVwvnUorES2rBS,1009,1064,1000,1038,false
2931,AChVLKZmjm7sC7Ku1sxrt4QBWGb45mD3asJtnkjMbaNK,1028,1064,1000,1038,false
2931,ADriBJWGQapBpbPUR5RTQQFcpCgbLGVch3hkXZ76QX1p,1021,1064,1000,1038,false
2931,AJ6BdG6yokxtSu5RDhnDnfGVDNujUsbmDMyCaZnASdoh,1010,1064,1000,1038,false
2931,AVsdqBKrk8jyqznwzKeWvEC7ts6CZG2rLBk8LCdqyYVv,1039,1064,1000,1038,false
2931,AYsugS2ocQoXqAfgAxjDs1npezkZfT67ynvxeFGADbCV,1013,1064,1000,1038,false
2931,Af1TzmjHUR9xgBkzrkHbTuJSQh2pvhQ79UWvCzbVgPUK,1008,1064,1000,1038,false
2931,Aqw7XUReTjPxsr8zhL2jJ438Dge6fFqjtLcyhUqRdrno,1027,1064,1000,1038,false
2931,BL9KLy8dbk2R53UwbCb7QBs1NYF3FE5NDGFUnAdmzHLs,1001,1064,1000,1038,false
2931,CcBTf7RSUdynYs9piH244KGGe7wJhyj5tDywQixVSUZ3,1003,1064,1000,1038,false
2931,CdmJM7k7wjGKdNNwon9b6EpqsXK9c8A55tXmkj64jkdA,1008,1064,1000,1038,false
2931,CfnHE4Fcx3mTqY2Z9D42Ts7Jyf2bvY2jSL53gijxaVTz,1025,1064,1000,1038,false
2931,D9sWMtvnJEBdLAWRxdrV4WyDyZh4oEHcV5pvtFefda2p,1033,1064,1000,1038,false
2931,DKS7oTU4sL1mpdgTA6qKDoN8xDYzCqn61Dx7gdXZNALi,1019,1064,1000,1038,false
2931,Djmmr6cu96aGE5stjDXjvnbmTzfajzzCA2MaLajxoG3m,1011,1064,1000,1038,false
2931,DvK9zK4qeBRzW7i86qbDmTjA44Vbjso7PnhuLQEw568d,1003,1064,1000,1038,false
2931,ECgefKVxbeHTSsYwvvNxvhFCP5yoJLtrYZGNMqCn1wHm,1005,1064,1000,1038,false
2931,ERfw5izrwakGHyuhe4pRk6wac3rav92TYUgQjyBqsPZb,1048,1064,1000,1038,false
2931,EiNMVYWDBbaMUEjkePHPVY2KPonYK2fcwTswWs4ccPHg,1041,1064,1000,1038,false
2931,F5rQPd52cuUumfKozjK5okUFweMszrGVPQSoHHqK9J8C,1020,1064,1000,1038,false
2931,FC73ndzcoNyoVCzLrHRwG6d3DjW5gu67sPXnmb1Fmeow,1016,1064,1000,1038,false
2931,FQhzWe7HkGYKbb3sZ7xFJZhyLPmFTWRe6imP2D2Eh7jY,1028,1064,1000,1038,false
2931,FoXU26FwhimPEgYNN9wpbKSBLYSayzRiNwszGk48AfnK,1043,1064,1000,1038,false
2931,FtaSZMRNJux566NsKttqGJgKcUnYG7tMMzEPRGTgxMAH,1023,1064,1000,1038,false
2931,G7LyX9CcJH9hBnziC1darkFBuqCJwv7CkjDiKsFPEM1K,1042,1064,1000,1038,false
2931,G7s8VMWxYMfqpAyEmpf4YBQz1AB7EJwyGkRz1R27FieH,1022,1064,1000,1038,false
2931,G9P1SgKRVQRKgVuxydp9U8cTpzufhAUXtLYuvgTRjwjR,1009,1064,1000,1038,false
2931,GKEjFoeLuS8TM1EK3svfLYSH6eb4wFvo3rLdPqNFGEyQ,1018,1064,1000,1038,false
2931,GXq5kW6jY7nGJMHJTVV2dNZjaVMYgX5FzLnZvS5eJiPu,1050,1064,1000,1038,false
2931,GjBGN6eT4dCYjLcvyx7VMTaKNzeJVjgnoCofi9uekA1k,1032,1064,1000,1038,false
2931,H5ZSC4wa5fcx72VrCpHPiuyHYi7uRiuDXTS4FfaBgRK2,1007,1064,1000,1038,false
2931,HK8NwKCxyvKwJtJcjCdJ8pfkMHJ1bz3wYiBLeFJPXjrt,1040,1064,1000,1038,false
2931,HPCBujwv4gzuR7sSgUixcU59VKZyAwhWZU7C4yXgS6Xc,1015,1064,1000,1038,false
2931,HiegZJc8DFs7cgMDiEqofLZYuSrFTX21yyqDvWLZkP9W,1020,1064,1000,1038,false
2931,HjUtmrDtNcxA3xqAVAut6gr62VTM4iCXUebLZpoM8cBb,1005,1064,1000,1038,false
2931,HyF7mn5zPjZZW5tA67AGaKoZnAPWzk41MkXTygbvxBsD,1037,1064,1000,1038,false
2931,J5aB5Ze3rdv63ZmmK8zKiqJt4gxK9hwCZVycpYBZHHGw,1031,1064,1000,1038,false
2931,J5rhfG7CbvRY3aVzbNz5DdHc9pur7JMsNxEteMy2tFPP,1006,1064,1000,1038,false
2931,JDy7fPfsfGdwsaD3d5ewQeR94PCJEZm8HHRGyNGH9jpt,1030,1064,1000,1038,false
2931,AMcGqBRK3XVuSYAuash3SWu9N6ZR8dJhRfn9grSwBbGQ,1256,1026,1000,1038,true
2931,6Y7KAJ9JMSQ2FdzSFoPfUSWzMwoHrqQoHTQaQfp9P3PG,1255,1026,1000,1038,true
2931,14bEbNFbYTfcvGFThquCVeoH5LhGpGnSjF4mprphkaPx,1251,1026,1000,1038,true
2931,Fkdv4zMuSw95Srp1DKtsv37fkYUwBMuGyD5E39DiBrjy,1244,1026,1000,1038,true
2931,794Kg4XkAkZeFSaDuKQ3Ggr1UhxdWQZZdfu8Km3Fr9da,1240,1026,1000,1038,true
2931,DmWj8LA1N5GG2C6beiPoB22J2e6rxeM1EFuEZZScXnYC,1236,1026,1000,1038,true
2931,4YJrtjyeNjfEcEwHKsAoEzSPhhMZXF5AD4r6DxRn8T8A,1232,1026,1000,1038,true
2931,6g2C2QJYegsWsbHHAPHNCaMzteJPpvtPGcKv2ud8oDCm,1228,1026,1000,1038,true
2931,BVvjUQ86VLTVBJkkHNMLdMYo8A29ZHMPetArqyCS2jjB,1209,1026,1000,1038,true
2931,CMw1XfUp6BYHDuojMwWKHppZE8fRRt2aSomZjGjBaaD,1203,1026,1000,1038,true
2931,F7ydu9LYrirEjzv3Q3p4E8YZWayRHd6XS7nDC3DnqMDi,1197,1026,1000,1038,true
2931,6Vqv2jb8z2RF8h3uZEnKTxepbURvqqXsbigATh4JxNkn,1196,1026,1000,1038,true
2931,ADLLKV84JdfczrNH1XAFGDQojgfGJCQ1H4QRw6NsxWw9,1190,1026,1000,1038,true
2931,CT6JHJri4ydYUArhnc5WXb4hWuRZ3V33x1J8pTQU9Ame,1188,1026,1000,1038,true
2931,B2nKf322kyDyTsghqMhQTFku9asXZp3bqqyY7Vt8qCg9,1186,1026,1000,1038,true
2931,2GQqBqLeSEsuoqxSRFUGMLK5tsDciqbV1WcMTVyN3Nsd,1176,1026,1000,1038,true
2931,GFTvaDwYspQaz8j9bKhDwWRyL869rya3pTMDL7TKMxwd,1172,1026,1000,1038,true
2931,3jzd4TsE2yU7DZDxpXPpa1icX8aZDUQKcebvg9xDBvnd,1128,1026,1000,1038,true
2931,77nY6SruimZKkJGvSiubWMenMWgtYrcpQ3VRi9S9Eofe,1063,1026,1000,1038,true
2931,GnY4f9bZNY48fpPE8dMHZy9fRfFHWPStZG4g42HC7qgi,1063,1026,1000,1038,true
2931,HffugDZqW9V6dN3obJjkYhP8TjtuCYkMMKGUasdykKEw,1048,1026,1000,1038,true
2931,3CKJGUMuoJS76ow4VfRCifPAyHGQoVzF7PKMDRTd32Vp,1047,1026,1000,1038,true
2931,7w89TbjS82GXM5VuKxjug9CeX21UbzaC9mBRKBs4o7WZ,1046,1026,1000,1038,true
2931,68w11U9qQXrMGr37ZNNAgxbtAbFEcpMKwFiGfXmqZPo9,1045,1026,1000,1038,true
2931,4xooNotGThHEPcAqRof81sNA1tR1ihKzfhvCbDpue7WB,1044,1026,1000,1038,true
2931,8hmnbGjHHbHWkioo9JTDsZ3oKPFpek8SFvMisShJ5tSm,1043,1026,1000,1038,true
2931,EkZ6HdTsHbHgmk96QprFLtKHcWTn8bs6PDknt4toaJTj,1040,1026,1000,1038,true
2931,BBZJ86PU9SELRF4Zx1r6j4rtMdfspJwGa7t3mGJCqrrk,1039,1026,1000,1038,true
2931,F1nSx4Rnz4eZfZaqgTgoUdJqgTxsX3xK9UNgJHany7nD,1038,1026,1000,1038,true
2931,8ChsYV81brn6vxkqTUpWeibGsEkB7GfK5zdUNfsYj8ZX,1036,1026,1000,1038,true
2931,2eNBwYVAVr4is5pKjWag9ophky2yScCK2wkhZ6SGmbrf,1035,1026,1000,1038,true
2931,5zg1UqErUXRti5NJ2sD39zRufbeXT9ftSRmUYmXTw1wL,1034,1026,1000,1038,true
2931,DMrotezjka7HTSds4XKAk8YyYBsb7efaQ2xXVMMBsBgk,1033,1026,1000,1038,true
2931,3Mz1QZkwy4FJQUsMmtpbCmH6VeXF1A1S4kdffK9E6kAD,1032,1026,1000,1038,true
2931,EM61DqNBv4g6Mg58F9eKVD6MmqpcNEEvsF1mLnkbGNpC,1031,1026,1000,1038,true
2931,7BAshxzBFPq3F37AMUYKqwnydtC6655ohzPPqU2oQ8Ye,1030,1026,1000,1038,true
2931,7oHF2P9M5pbtVCrWAsLU8HXPkbiNHEQtWcmzYhmpmaey,1029,1026,1000,1038,true
2931,2ULnqUxqjU5BSxSXqru7V5KRynf64J9WfvqVt7HrCoMG,1028,1026,1000,1038,true
2931,ATZC8oziPzQGW3i8ThqACsUPtc75dEAZYiaVVBzx6757,1027,1026,1000,1038,true
2931,HREax4dH5jZGys9EjNaz9oyndVvjzR1kjjA2pXzYZ1eB,1026,1026,1000,1038,true
2932,9qzD4ZjRgEX3o1DsAjKYAJCfoKJ8KSYKHVFqAV4xnaRJ,1024,1000,1026,1070,true
2932,926ko4Fn7VXNHAqJVS1Y9pJHaojMGTEEUDtFb97gay94,1023,1000,1026,1070,true
2932,2MfkQ256FfEM3Dt2cAqamPfCkBDHUmBV6vZVx9d2ZNss,1021,1000,1026,1070,true
2932,2rwnRmKFuhwe6SfXApKLXEXE42sh9Z35sdpBRBmb5xN8,1020,1000,1026,1070,true
2932,3eYnfrYUQnpnaGECDyGGMG2jdkgFavoyXoPJEuPq46GB,1019,1000,1026,1070,true
2932,HmZDzVpeZg7LouiQS9yxxhaAkUKADx24fXwKrNd3aH5o,1018,1000,1026,1070,true
2932,7Q64SecsHQPCsvZv6MJoP9fJYcEt8x2C3WmYc3rpCYHq,1017,1000,1026,1070,true
2932,9mhkQXquoywVbbCBZa59oXy9m5FhPgXumzhNBmpqwFtV,1015,1000,1026,1070,true
2932,EKrDMoQWiGHDcuUVjWmYi12oyHiWQHjnCtXCSTWNyNdr,1014,1000,1026,1070,true
2932,9dKqF33ZBxM63J5LbxwRwYY7tL28Bx2mg74xrTfwb3ch,1013,1000,1026,1070,true
2932,Cgwy6JwqvBF6gBQBVfusAWqEDM1kTdAL7hqMsDx8Qvbb,1012,1000,1026,1070,true
2932,AQk43NYspkJXZr6gJf8sYvjY69EuAFYvu5ZMvNpxMcFg,1011,1000,1026,1070,true
2932,DN2QuX5XbKHrrKyXuLTPoaRBMfACUjEp6LSXo7aG2BBR,1009,1000,1026,1070,true
2932,DcjxC9FaFukwQY8oNKxMYMhSwKbg86a7UiPq2gTsQwPM,1008,1000,1026,1070,true
2932,EbzepyirNuZ2PdTTzLKPKK55zGANLd13nqffU6esJXQm,1007,1000,1026,1070,true
2932,6Sx3FpxDHJBN1zWhE6UT8SzFeAJ8UxyEaVsudPKCg9B4,1005,1000,1026,1070,true
2932,gG8njCEXn1vZdV8pfQN5UzqSQaGPv2Q1jBHvetbbTkB,1004,1000,1026,1070,true
2932,94arjqWhFcwffky7Hfb3VeQ1r6f6CUcUrtrjHnco3qkd,1003,1000,1026,1070,true
2932,6zzcP4NCKM688PC4WrcpXBU1ruA2Y4KsdEc2BUanGvyc,1001,1000,1026,1070,true
2932,685zgqB26NqEomfrTjN3gWFwag4SdzkZWeswZdi1m3ap,1000,1000,1026,1070,true
2933,ExTdcWDfjvsCsQ84mKyi3hZ8JQU6hAkmtES1GSMeZKku,1105,1000,1000,1070,true
2933,8QV4awDGvZx8L8nL1BnboY9pbH7kcwiYjKX8AYJWChzT,1100,1000,1000,1070,true
2933,8qKochL9KmYqFU8UsYm9XYdcbPBmKh3makasU4CzrW3B,1099,1000,1000,1070,true
2933,4Ccrfh42dppZ4aZyfGjqQradLt9q8P7A8SFwaxZT5s4R,1098,1000,1000,1070,true
2933,EQUF1Py5Lm9oHR7EG7syMz5aEE4XHQGoV9822TTNJRRV,1088,1000,1000,1070,true
2933,CEmu8HZStXMiE19d7yfvXZJFT7edMj8FrZ4LRLHYRvK3,1087,1000,1000,1070,true
2933,ApnFnrru3e6s2uYZHDSqV1QGzXNuU7xga8LMbDgVTkG3,1086,1000,1000,1070,true
2933,4RZTyCdWr3yQfzbwABwETzVmjnphZdbtjfcfFXhkwVTK,1085,1000,1000,1070,true
2933,E2Pf9RcTWxUVXiy5Tdy6P8YVNkZMqkKhCW29kC9pAeUt,1081,1000,1000,1070,true
2933,2y4LJmtq4meFERnKhGYV3wynmKZXDZGtFmHEhmvF35yL,1080,1000,1000,1070,true
2933,3Db6aVjsmZPU2zxy4TJzBAhNFzk7tV8jLN8F9e3QGDLJ,1079,1000,1000,1070,true
2933,EYbgjrft87J9uWgHPynFWZze3XoQXN7sXKDZpdQsSkmD,1078,1000,1000,1070,true
2933,B4Vyut648CVt5mXkXjftHqk6cTm5t8kwBgzidTpP2NGS,1077,1000,1000,1070,true
2933,8nYN5AFQ5YCydQCAMyKQfhjNKytaWH3JK7uQJ6fp4Zt,1076,1000,1000,1070,true
2933,ATqRxWsadwKwPuvhw8xQ1EQ4WYeSPB1e5DdiU81CwMyM,1075,1000,1000,1070,true
2933,3RkQdbnaNihdsFyFC5sXXnmwBT89o14Q159TM7wo9dp1,1074,1000,1000,1070,true
2933,G411xdxxVwWcUgF1FeB5PqRa4NHFiZnWXLbyiJUkuQnM,1072,1000,1000,1070,true
2933,8CqeatLioQ6kxxSKLRmpWsXCNrvz6Tfnnu49Q7jaYuEi,1071,1000,1000,1070,true
2933,FCFBRPqRJD7ruWp3mfN6Zg23WrBsFJHQPu4774dgsA95,1070,1000,1000,1070,true
2933,E4oxctWfuKmMHEUnpWFrmWBVp8bYwEbdaoNY7xnCKpk8,1069,1000,1000,1070,true
2933,CAAt4V6WgpwNxgFKHKQ7dN38duTQazKZkFMcdQ9j4y6s,1068,1000,1000,1070,true
2933,Aa3ev6jWEL6WbxHoYjcpShYdzLmFnpxfMfDs3JjCDTAL,1067,1000,1000,1070,true
2933,6jJXhxFc1e3PTqXZgwH8Fwj3GiMTS5uTUuHuhh2jrVuQ,1066,1000,1000,1070,true
2933,Dujowc7N2AFMXtB19RomvCzYVBPFadujgD931fn6G8mh,1065,1000,1000,1070,true
2933,G62iAnuEecTYsfWVF1zJ5wS5gu5SBWBC2syBUMNgXH4d,1064,1000,1000,1070,true
2933,D7fgruoKq4nD7X9m1oeKXY8QqM8NitWNHMji2EKBBwLR,1063,1000,1000,1070,true
2933,HmWwc2tXdE6WxNh3i5yWr9at3SVm6QTn4wK5sXpxSg82,1059,1000,1000,1070,true
2933,7zRdWXr54R1k6ygfE2o4ZZHQHdphyiEtjFA3ZvSrFKXC,1058,1000,1000,1070,true
2933,ToKv8gLkfXjRE1CgdWZrgHoLAMtQNM3R2gLwvya8jvB,1057,1000,1000,1070,true
2933,4XCweRtkoYsbVm523hFPm676rJ4JJmhmi8fs7jSa7SSa,1056,1000,1000,1070,true
2933,6mqBeYMHsANFZo2hSR9KdDeErmjcjrJo7YLNWvJDjCx2,1055,1000,1000,1070,true
2933,38DWW7Zgia1ghKwBEf514n82NbzcWmCwxouFZhFfWxd4,1054,1000,1000,1070,true
2933,wMYNvx9AWULkhWuq1V1iUw94X9ZmbjZwTW9PXPN1UNE,1053,1000,1000,1070,true
2933,FE7cvM25Zay5GLVD81Ywj8H4uYpRBnVZtxSAzpM262du,1052,1000,1000,1070,true
2933,HAmNgAvgxqewgLdEAoCpYf7s3YKgwtAYNeR4tnxqWw6F,1051,1000,1000,1070,true
2933,CGHknZzYH541Ec3JfT6Yui347MyEepafEQbsYhDBRDU5,1050,1000,1000,1070,true
2933,9zJMJnpqkQ9nisxy845T51Ckm44GQBKMwJ6pAZ4C4uBb,1049,1000,1000,1070,true
2933,3D4RjEwH52eR3jhRYyUnQJKJMjythBEKAYjdr1gWxNXK,1048,1000,1000,1070,true
2933,LVK6HcQjBT7puU5np4miqrdetknAef4Fj67uo9gmV1T,1045,1000,1000,1070,true
2933,6LD1Mo15D9xQP4rBR3yEYgRiaAvE7uJ7J6AFo2vo9G1b,1044,1000,1000,1070,true
2934,9gsZkoZBNodKVnNZxR9bXDZM6EXi2yHvWeDgNkBWYWMP,1043,1000,1000,1070,true
2934,2TwnK6qvwT2ALQM9e1cq4PhEczxMwQzzHNQntWkUnDwu,1042,1000,1000,1070,true
2934,8HeQAjULPxYrdW6oAphXhCPjf2uioT8W9vQ5n1v1Kg8F,1041,1000,1000,1070,true
2934,7JxWbbxyYxXBmQaow9nZdAyEpZbveXwkefSBE34H9fQF,1040,1000,1000,1070,true
2934,2scxMiaqSWEx1DvwyvY6ByvKFhpigKLBXon4TTWXJ7bR,1038,1000,1000,1070,true
2934,3v15cZL5vu8WwLMc1vpSNzfUxi85zYBWakq8ZkSg8ejy,1037,1000,1000,1070,true
2934,3AyBGfjeXPUJFsjGjG94EMbzzgW2ttPfukwYJLBLqy7F,1036,1000,1000,1070,true
2934,Dmqm7zGyBYQaYWiZiJyGvzPsb4mp3iof4xfmhbgQCa3x,1035,1000,1000,1070,true
2934,6XY5o9mFT43RURwTiPqope653NaEaksQUyxU9ikjf2F9,1034,1000,1000,1070,true
2934,AUiQGTMviYhcTgC4YQbc9yP28k84L9Pu6q8bW3Sz4hCu,1033,1000,1000,1070,true
2934,9nAdF9P2kGsoKMZZXasPjuCLBitNjFQRPbUQWEDQJLD7,1024,1000,1000,1070,true
2934,DSqDp5LNGZDmAsXvpxasE6p7gMSpP1wBy1KshAA7Baon,1021,1000,1000,1070,true
2934,Df4PipxpN1kGtbYtHQ7AjeJeHmygM253Vj1e9j63xzAf,1017,1000,1000,1070,true
2934,5npmpvYpeCUWEfjcN57zrezfG4B3czTLDVgEBbXzjzQ5,1011,1000,1000,1070,true
2934,FHSkXnDSevMpEXsQLkhj5McUTbQhwThRTRt6iw2HZj3B,1010,1000,1000,1070,true
2934,FUktaAuNjapxHqXLWiYZpoSeSvrKQgHDv4P1LEeqPHNz,1009,1000,1000,1070,true
2934,CPMXj2jgAMUtzBYj2rP5uBumiajMP4LrL3VLKUNjhmWz,1008,1000,1000,1070,true
2934,7i8eufSnug5nrP9tCxQbPWkHsi7Y8wGbobF6LxgJfeSi,1007,1000,1000,1070,true
2934,GBCmP3hV1CRqGtTTSzre4QD565CrF99HqwDXmu61frPK,1006,1000,1000,1070,true
2934,3c2DAgeLVmyoGmELWXRboGgLW1T7fMG9sz1SQv6S2ak9,1005,1000,1000,1070,true
2934,BcM2zCzdamYDmHtGTC3fxoSgUPEhqr1J6zd5jeCeDyJH,1004,1000,1000,1070,true
2934,EB2zTh1z1F3WC7bNo2qDCdGYVwkoVCL2kKSXfPwht8vS,1002,1000,1000,1070,true
2934,3UAFi6jGG5KATPNWevKc7Dop51SMUFGMm3mkSKV6BHGF,1001,1000,1000,1070,true
2934,9a4DJ4fjaNyHSezM2W99ZZ2UiHE69y75FAactSFhZCa8,1000,1000,1000,1070,true
2938,6turWAUJFSTKbwnoLHRQdut8dsombfTLcVokBNyG78ET,1082,1000,1000,1070,true
2938,CE3pv3UV8FEy8h1g1iZPiFfzm99XuFGAMwFKNjmRE8pP,1101,1000,1000,1070,true
2938,Dsi7wG4KYg8Ugd4qsxsTGZEXgtt6BF14NcvR4K7cfUmU,1096,1000,1000,1070,true
2938,6Cs3V3qPMQdEqn68eV2GwF5FeFq5JYRFLosuzVjw2nTR,1094,1000,1000,1070,true
2938,Ay3vdibERFb5rfaJ2CgjRFByN5BC1Qm5vRpJbAagzA7o,1090,1000,1000,1070,true
2938,CYcXbNWvBPcwiwFFo67W5ft8vp4MVnMAR3TvHTCGwNh,1073,1000,1000,1070,true
2938,6jSZQRLqiUJKm2bbUXoeqmZ1AJwN67XNeW4j7fa4RfRY,1060,1000,1000,1070,true
2938,HT9Givf4b1RpR4VXkWQWoFTxNvdtGmVeLBBdd1pvtLkg,1046,1000,1000,1070,true
2938,EAvo8PGz6B1EgaDDEKiaqf6b6TQbhWmtmQKRqWHEADHU,1039,1000,1000,1070,true
2939,9oiXGv1cyvmgUhNy76A39W7b7An8dmnVgsG8Na1FEXd6,1299,1000,1000,1070,true
2939,CJ8Qpt9gnzAM2koBVZ1VTeZrCEMok1GjU2EHBzkV5CkA,1299,1000,1000,1070,true
2939,782ztbnHFoTx2XDHnMQTV82ruZBmdWTPMgVVAt2GPqrE,1276,1000,1000,1070,true
2939,3hasYzWBMVGgYQ31g2smgsc3GHFtzva4jk4hMvb4FFyr,1275,1000,1000,1070,true
2939,8P8M6a8Rh7wrmkaSqNRGUAiDWUYFH63f1tUmiL6mvwrn,1274,1000,1000,1070,true
2939,BXu4ai51T4hLPyTkHLyLxdTgBse8Mf4YQupzWvHvsgSe,1272,1000,1000,1070,true
2939,5UCE1MnXzEWPcQKdnubQf5JrkVdcgSENuqGRxNJAvXQT,1271,1000,1000,1070,true
2939,4pKJRvx2SfYCMGQRyYFWa8LLtsJux6nwYrv7HvSVpr6n,1270,1000,1000,1070,true
2939,B8HJCCvkKSoMDKpQE9UarjbRGZT1SnL8rTTZiRBtKBtX,1269,1000,1000,1070,true
2939,Awj5aoXVbUHZVSGGsU5GQPZEqHrTiJ7bWct1DQsmjd7Y,1268,1000,1000,1070,true
2940,BAKAR8HuLee8k49C1GBtbUBLCiyMyH7PGbvggaFfkNef,1265,1000,1000,1070,true
2940,3oP9W3NFWAhLYh7uqDinHNtcL8LFWDx7U3McfXTBX6YW,1264,1000,1000,1070,true
2940,CrVVAqx4eDGcHWmtZtjSWmnve7pRZksWQg3MF7tbEyvo,1263,1000,1000,1070,true
2940,HxAvu3EHF6Yqz8Bp2j9mRoymZuh95VX256XnihrtdMPq,1262,1000,1000,1070,true
2940,9SmpqgQLk4ugyo96ACLxccDsGcvAu9iNAiKdXfpRFf2U,1251,1000,1000,1070,true
2940,4tHHeTW5NuJShLiuCuriD5k2Rc7tZLa6gqgTQoLdwcQv,1250,1000,1000,1070,true
2940,4DFkMjNrZBzGzPytECPP56VyjHxiTRstQh1q3SALXp8p,1249,1000,1000,1070,true
2940,AYUybdcB2ExeoJkHZr71NZuH4cFSsjPKMc6AynTsdMeP,1245,1000,1000,1070,true
2940,3zRKDtXm1UPiMjqrZsXiDv812hrhf1CS1YRh3mQdmv2f,1244,1000,1000,1070,true
2940,FTGDZ6FMUKU2gU5eU7uayQmVg7qC31PTgyGTH74XMpAQ,1240,1000,1000,1070,true
2940,2kxMoErK5RUcYzJRzjCTx37Be9YR9eKBMbPxinV9BTfa,1239,1000,1000,1070,true
2940,3rJ4YHUs1Hn53iV9XEHDZVbCch3B98sRG6HmVP9KkBJ7,1238,1000,1000,1070,true
2940,CXAFJFY4AahqW42TYFeftkgQYyL5HFD28b9HsbqNLjTL,1238,1000,1000,1070,true
2940,EbUVknoMTVVoLArKF2bSUJuAkunAqGdMbxGB5RHbWBYS,1237,1000,1000,1070,true
2940,73X9vxsV3yZF42LG5uVZ9skhBAd8BBhV6ybrRYEpH7S3,1236,1000,1000,1070,true
2940,J7YyKacY3kBtMdvw151C6aA8AwLmpF2WQhupr12qXL7v,1235,1000,1000,1070,true
2940,BUcHt3x4y3h6PtoGPopY13phBzUNwtN5dxQ7p2VznNLd,1234,1000,1000,1070,true
2940,8a2Bn36JC6kRMBvTGm1ZZG6QnqzLo64XtRhCcGGnZ4S3,1233,1000,1000,1070,true
2940,Ffp4qeihQsPFDnnZ2daFf1sqnVMNq414QH9B5hiLnw9H,1232,1000,1000,1070,true
2940,4psFDPrYzH8hSsLPqoBwwg2TsdHrAB4Tgot1K7KmqtiV,1231,1000,1000,1070,true
2940,CkPVFBjkW97hiFTVZKT566zzhhfXaMD2o4ftXc7uJr7p,1230,1000,1000,1070,true
2940,49tmPmyCiz9fANNh1z4AWvPsy2g3KJs2TxNbgsHV4noQ,1229,1000,1000,1070,true
2940,8F9Lm2sgQN4eSEVj431rpTb5XfKreN3rrjgQrCUNGgGc,1227,1000,1000,1070,true
2940,hctjEYT5VyZPdNgR4wyBKtGqFDJe8r2z1EocEfZ5J2i,1226,1000,1000,1070,true
2940,2HbFEjLSJEeDPobthAocinLMGBn1qozF2wYrWksGVGKw,1225,1000,1000,1070,true
2940,CBnwnGSfET2vXTeHZMvQjWZt8MXTv3wJ6kHr9i1PJ72k,1224,1000,1000,1070,true
2940,7WnsvHdaNCDhQLMrNL9tRn1U7FfNJPam8evTvmkPAZpt,1223,1000,1000,1070,true
2940,2PGraZ5NBVhP5bQjJMXguo6My9XYKm1rkKSCS7YGqiyf,1222,1000,1000,1070,true
2940,9Jc3Zpnm2HNDP4NRUqFr652By3yY39XvrLNVEdtjYTSq,1221,1000,1000,1070,true
2940,8E21Ab6Sja1XmqWXfRzgtXkj8tPzVm8rSavfcRquSkuF,1220,1000,1000,1070,true
2941,F5cDSMcwmn6bF73UYq8M7NL1jJddrGsGG7keLR1HHcbq,1219,1000,1000,1070,true
2941,J9JzmAyFfpwGJ9F4eYhCHUrhRG3ak4TzQTeBWQR1QakZ,1209,1000,1000,1070,true
2941,F86UQVm9bMU5fskQVZo33jnEg3B1gdBY6n6hsnJ5N687,1208,1000,1000,1070,true
2941,2eTC3prPauBTvpfG5o1bLsumLR7qM3PPh1zBjV68qSGE,1207,1000,1000,1070,true
2941,GeAThXJvfU6SDsjTk5HyxsBT9wNWeFCRqXVmcsjyBVej,1206,1000,1000,1070,true
2941,3342QrM3MgtXW68saT2p7GJ4FS2WeydxzeKVzghQuxHc,1205,1000,1000,1070,true
2941,8vBTcrJSpEHW3j1gZu5GvBEyDkaiowFXace9enJcRpYm,1204,1000,1000,1070,true
2941,A57uZ1waYe46pkXfpdGamtfoqLaD6nfMxvRmJnAAZjjB,1203,1000,1000,1070,true
2941,3JeaEApubJeGwy16m8GaZM1sAsKEp4287fk8913Newso,1202,1000,1000,1070,true
2941,7zWpwuFSRsZvJURnhF8Ubg6yTAmR9tfVvHdH3hVEzcNW,1201,1000,1000,1070,true
2941,EFAzkvLaWwcgSPzB3mj61TqTvBVhaxVu3qsna7uAsYFo,1200,1000,1000,1070,true
2941,EejC766dob1DUkBhVJcKmQasbYz8ZEQy8LgvWt9VtoUw,1199,1000,1000,1070,true
2941,2qznFhWYWRTpHoqTs5hYgkqRuAwXKbkqn1NhWtz5pgtS,1198,1000,1000,1070,true
2941,2ts3qMU83wnphdNnJnn2va9fURvQPzMX1vuSVLzVGy6M,1197,1000,1000,1070,true
2941,2gjvkY7FEErJSAHkWV9rL88rB27FthSNvZEaVYfK6gLw,1196,1000,1000,1070,true
2941,4ZhPhswCSzwC2auTLP3FsD9jsSH44Q2aX2QUXM2EYfdw,1195,1000,1000,1070,true
2941,DHNKkoSD5TLhdrwmR978JMuQcj4A3L3kTCv9R8ppAb6T,1194,1000,1000,1070,true
2941,EBA4nXUwJVuBFmQyx3AGbuJfYP4bqZWX9ifpWNa9ZJ6X,1193,1000,1000,1070,true
2941,8LDQtK5dtXHn4ExfEJ5t5ywMNqqt9REogn3hbzy8jNAm,1192,1000,1000,1070,true
2941,7JorgGBFb6Puo8yM4zwUFCyGHwxzUeuoeL1raV1DvSjy,1191,1000,1000,1070,true
2941,CiDkLkREyiYVBfmrVggwymNegRH765UhMWtzcy22PgN9,1190,1000,1000,1070,true
2941,BYgdZMNyouY7f7pq2zxDcXHdbBxsQJaBpyMDsEk6W5Qa,1189,1000,1000,1070,true
2941,4sxhhagTpmLaRcNiFe4cYikskWoaLwPsj85GGq9x1jfd,1188,1000,1000,1070,true
2941,2pXYg7MzBzMPNrFrsBH5vByVCcT4th5gRVazh3oxbwBa,1187,1000,1000,1070,true
2941,2rAUyaAvV11kJ9uEKzNS1iZaUJrgPgUgWqL4jugEYNfj,1186,1000,1000,1070,true
2941,FaUpxffrtDmQmkiT42Fe4K3k4KYGbWkYvTpVcDADz7Ne,1185,1000,1000,1070,true
2941,7MG6jTQNnKEjm2H1txtmCfp82aZboyUEhrYPChsrfk7Y,1184,1000,1000,1070,true
2941,ELanTjA8jhDyBUeUSowyiAijtuY3ESwmohWfkSipphVU,1183,1000,1000,1070,true
2941,CK2FRnttHaA3P5VJNqXNEz2zE3T3UEPCcsqxAgF2QFFy,1182,1000,1000,1070,true
2941,3ekGjaP7vjA4rZgzvg8wyym9VAP6Su8rkQKJcMqtKDkb,1181,1000,1000,1070,true
2941,5GFfEC26CZXXLnW1s8HmGjkLphb1wcFHUNx9LR2hZPF9,1180,1000,1000,1070,true
2941,BdpkhzjspbSrfAebt59zZ8TkZM2byekhD5ZKZ6cBs45P,1179,1000,1000,1070,true
2941,CgS8Eu1cFEpBCJNyJPKZfmKvMr59NyyvB6T1YM5BqBLh,1178,1000,1000,1070,true
2941,CixfoD1DnJZ51oM5jB1PKVQAmrrdfHoRmvvpUc1oQgmu,1177,1000,1000,1070,true
2941,CVSDgAVn4nqTWLoepvGQotdUFENv5YuLydBHVoiG3D9g,1176,1000,1000,1070,true
2941,Gq3j2DxRS7mz6Ukr6wdTGJfAgsAe37iWsjhbzF9rnq4e,1175,1000,1000,1070,true
2941,HsugR57eSYZ5J4bNb4hZAPxFTort1cYjVhmLgzQNdJJ7,1174,1000,1000,1070,true
2941,8L177bWvZPAM1BZPn6U6adfWWiv3NtNp8cvtBCLxbAz7,1173,1000,1000,1070,true
2941,BisSAcp6wrwnqExpJiLg6aZEGA36Ccr2vzkCjSHvGnAa,1172,1000,1000,1070,true
2941,4UFkaCuWPViF6BXqghYvHEmrMQypPtREUgeYNwNq58Bf,1171,1000,1000,1070,true
2943,R2qhKDeug1RwA6zUxzEPnTTNk5x5CLd3B31uTjNwiS6,1017,1076,1000,1070,false
2943,2MvdWeb8rYovzEoWZFABnt4g2pEmAuWQvz2Jk6L6WoYr,1008,1076,1000,1070,false
2943,2Nfv2wvwSXHfDocGBx1t3n4VUQygLpzhowitNcDnxFkn,1040,1076,1000,1070,false
2943,2izjeoFHnvuSqHLqNrThxbKY6Mmncj1dz2FdGbNFmwY2,1042,1076,1000,1070,false
2943,3ntAPEfStJenGk5Jx8SGGq417rdHHXReabC6JV9J3wob,1022,1076,1000,1070,false
2943,4TssWioqnbAZ8kH53jFUqqTfRSj4pRyz81xHxvH39zpW,1024,1076,1000,1070,false
2943,4bbNEBM2Dercamymgj2G1nMR6X1YBg61DuURciRtp1s1,1000,1076,1000,1070,false
2943,4wh1wxwuJbrMvbUGSHnMw8c7Z3ojMDh4P9u1WBN22KHP,1016,1076,1000,1070,false
2943,5JTGj3Fw7qSyGuBZu17KWCaJJrxKFfD3Pd1Me7K22fHd,1003,1076,1000,1070,false
2943,5aSggMenxUjtJuakdtckZue1bM2Vbs7sqVH2jrZEFqGZ,1062,1076,1000,1070,false
2943,5eWEoz6kH5v4SJjdnx9qK8jBrNnwGAidcGcqthGjAKMP,1028,1076,1000,1070,false
2943,6DXxJK7f38RS5W86rtDyistg6yy4RgjPSAm6z6whTcnu,1015,1076,1000,1070,false
2943,6JqsTzuumqwD5hzvVzWJf6uziC67jtMnjPx7nbwf7cVV,1037,1076,1000,1070,false
2943,6vB3ChGR9kXn26gvRv93mS8Chm5C5LDkwu5q3DNSUQ3N,1044,1076,1000,1070,false
2943,7mAyoeuV8XC2uxJSdgwHn3fgKEuMjL2Y5JxiPSJi6E1h,1035,1076,1000,1070,false
2943,8UzrgSRweeGWkStZ3wx75DvCwFtfANkSfej6MZaXzRkb,1054,1076,1000,1070,false
2943,8vBj6EwgysGd8uDaL3P52ShtjqDT3jaagWZbkonzKrBe,1021,1076,1000,1070,false
2943,9egmfBUSifqtDSY6mrj32Ze5x2N6GXJXV9hkwbNPtEHe,1036,1076,1000,1070,false
2943,A5xJjGqetkP9z91TPJzYUzkoNTpj8YqMnHp1k15EKRgV,1050,1076,1000,1070,false
2943,AT9Hsrhh9ZAX9nVnsjiFattXRp4k3JF5VcVRPmfrSFAc,1055,1076,1000,1070,false
2943,AuT7TTpNnUwAGwkguoLH14Yc8ZZDTFSwaJ7mkygniHSi,1001,1076,1000,1070,false
2943,C2MchARknN1d29GCqhreJ2QFbCyGdQgYF9LiUZ21ywiH,1033,1076,1000,1070,false
2943,C3HyTwuLJ2KKn2ZqW9JSQxQFGsY7Nbr7FULLfo1MjZqJ,1046,1076,1000,1070,false
2943,CJNVVXeP2vJHNFapQg7UuGhgRhideMcSijQvSTf4cK2R,1019,1076,1000,1070,false
2943,CpVKTuYRPJQNDDjZhvRQXpgo1MnT9YDMgGuYxtX8U3Kn,1018,1076,1000,1070,false
2943,DGKm1RG1dc5kSZgR6vxxbseRTjNnXtrvnn8SWBSYu6oo,1013,1076,1000,1070,false
2943,DLYmgn4FGbkChndVwtviF2st5wFukpmP2bVWnm7rEozJ,1025,1076,1000,1070,false
2943,E6v1XMqiN9Z7rH9P6H5x8yAPeZQdUH1Law9ZoqwEsT15,1053,1076,1000,1070,false
2943,ErEm3YSXZNJzYPkTyWECgfJThMB6JuyRqQ2CbgFuakXi,1045,1076,1000,1070,false
2943,EzFZBtS5u3kbKcDURumdJQ7Nn2jaiGTP6iL2twQCE3ia,1049,1076,1000,1070,false
2943,F3tikaoeAKkWycYEZUfXPTDnHv4N1qrdMGUUzpKdY9Pf,1043,1076,1000,1070,false
2943,FJcGmecPtTqcWeGvQR5skgHPnHvDbRnW2fmUBEhrKEmD,1030,1076,1000,1070,false
2943,GphtJn15UcyX3x9a2Bv1jg2tqxuQrmbFKoDrWNdTSYdC,1027,1076,1000,1070,false
2943,H1J1xmsnE7XzuWsLzykh92fkiDP6uUFMBejVQkrjjm85,1020,1076,1000,1070,false
2943,HYUuv9C2r584WNV8NQeqSHxaf2LfPmYiSikpaBrYApWi,1031,1076,1000,1070,false
2943,Hmv6fNrZ16jMZdw8Am2peC3UAvhFP71qeYhBZYw3VofU,1047,1076,1000,1070,false
2943,Hu1tFEXcBjjUjRwsPdbf1TPTThMvGZ5H5k2HejJYG6tD,1032,1076,1000,1070,false
2943,6mpt8R6LccJnfnkAWj8Jona5XRsCFFn49kYgwhAXwSqu,1125,1075,1000,1070,true
2943,CHoVP6j8vmHTSSRdtQkg74VrbEqEvX52PKbH6qy5hJxY,1120,1075,1000,1070,true
2943,EiFaPDseujwR8KKofpE91KvdjAXczuSfdzqw8NzMtULX,1112,1075,1000,1070,true
2943,mYf6vtiHA4jqrdm9iWHBH6CvNXMJARpSk81W1MytVzi,1105,1075,1000,1070,true
2943,8ZRZm6824pn1d9xkonxAPWHhsqdBpNfQeCNSNS2hfvXq,1103,1075,1000,1070,true
2943,7ri52ZMxJbi69ugiSPZePZMkZWpCSwyi6bZgzEsDXmji,1100,1075,1000,1070,true
2943,GF6r8YnF8rhcz8a5aqB2NrRkXwdJf7UjaBNMDw2XkJ46,1099,1075,1000,1070,true
2943,A67EGrFKidHfRD6gqSjxZ338c3XyNsEcRJFeerUU88Tn,1095,1075,1000,1070,true
2943,12oVT8wsheczo6HJtuDpg4HA9isnPaJLp3MwpZVCc5tn,1079,1075,1000,1070,true
2943,EZq6Z9cCLuQzofr3iNGULtL21RzBFPwqbuLFrJsyGgPC,1075,1075,1000,1070,true
2942,13WD2e9jK45xB3jkM9Bh5ZyQroDFCK7A7GKsnEjUhteE,1084,1139,1000,1070,false
2942,8vW4t76GRGMP3u5bqsBqwyuNR47mR7r4MWYhFsnAet8,1066,1139,1000,1070,false
2942,EcbnsPTGXLSYGcut7SX18KsvdQQHpYDkZNKb1KDnjzE,1053,1139,1000,1070,false
2942,KthGqZ3QeFCAJpz7Xtarh96VhpXXZU6NxJgvFF8vmbA,1130,1139,1000,1070,false
2942,L7B1TiCJSdgSiRA7LvEJPjZuKBdY37SKKHTYwfr5H5o,1113,1139,1000,1070,false
2942,MFT56qytYTCr6tZAvEcM5qr4NxczL7iiGBqC7QDnnu1,1034,1139,1000,1070,false
2942,NwQtDt92sh7vZCLisybUsFp4dgAYx1HKbxmdxHibgk1,1043,1139,1000,1070,false
2942,Q1gp83WDA2qeXH1Qw9yQ1uCm1FQ3jVuquZPNQmiwrpw,1064,1139,1000,1070,false
2942,T56sLoAJiiAr7ohT9vJypv5FEtAnXnHYx4HSjPGraia,1028,1139,1000,1070,false
2942,b72a1r95TbBsxznypfU7ZNY2Y6xCRqSJHZbazNnoBrh,1025,1139,1000,1070,false
2942,kPTQegVLYfBUffEZJG4f6pUnvSzpgYcNF1AK83ZsTg8,1028,1139,1000,1070,false
2942,mM8fnNYfSg2Zh8DCTrCdqRYs9CqEK3eBg6JNWSCkh1z,1001,1139,1000,1070,false
2942,n5CqySUQhudBqzt1wXT4eXBwRR9HzGcegw8Xw3dsPDM,1005,1139,1000,1070,false
2942,xeYZrXgDQxBrCWZ338mToTNwm9jeQ4vf8svJEP3vJYg,1018,1139,1000,1070,false
2942,2DQhLUVN3RMf1hthDCUr4NMFpfehUWaXcQuLzdsqH5t3,1003,1139,1000,1070,false
2942,2Ft63tC6szewQE7WJHyiniisZzXWBicHru7hi9yUDZnG,1013,1139,1000,1070,false
2942,2LgyqMRvfT7KL8pudRXfbyP2PNiJ3QfnWhsXV9g2Wzi1,1014,1139,1000,1070,false
2942,2Q5vHoWTPfrkTKipj1t3DvfM4FnREXyfBdXx6vA49SfG,1007,1139,1000,1070,false
2942,2Ri6SiTW1QE7a5i84XXFsk8sGQ1PrVdbD5N8NLRnwDMM,1134,1139,1000,1070,false
2942,2Tuu4nkPoD3CVgh3rZ4cSg1UNXxbU58eGpmDB1tSBuqx,1109,1139,1000,1070,false
2942,2ZS8PpGMDvWitWqrS8PBZpZUBBgM23yDWVseyLaBX1cf,1054,1139,1000,1070,false
2942,2auabRcvuH152FkTkri7Ui2pCC73nuBCYbEYiJc1KJSD,1021,1139,1000,1070,false
2942,2bNG1Gzbsz6Zj9m5GZhbgd61s5GNcNnuizWtcn6mJVsD,1038,1139,1000,1070,false
2942,2epNnSc99dpDmPuNvxVJuiZkcFXMMC47cpREsPNjPNWS,1062,1139,1000,1070,false
2942,2fBmaRGikYhtuNBGBvdnhTfFmje3zBMmcRdLAZdua7Sn,1002,1139,1000,1070,false
2942,2m5P3KxvAAwuXxdAf9FFzDbnPxiCyhomUKqMpFy5WSf4,1028,1139,1000,1070,false
2942,2mHWigFmeS8kmhbtWoSf7pL5B5aVJ1x7i3TVysPXtPm7,1096,1139,1000,1070,false
2942,2oySLWi3FAhtpfXrBpMfFMsWFvbLBiu1gd5ugUTMSsZW,1059,1139,1000,1070,false
2942,2qxq1aKX7QrtxFpHN8dPtVAE7LnKPvAYdAjXToQZBmru,1073,1139,1000,1070,false
2942,2uL18vF4ZR2MSZQgA7LmS2s9CqquRqQ2Yj3zu6btb5ZW,1036,1139,1000,1070,false
2942,2xg8uFB315JYWkiZ1okjriy6xhFfNwanqsuhRcjtbDwJ,1013,1139,1000,1070,false
2942,34DPDeA7hZhgWaS1q8bFb7sdzkzTK6siBRLdnnHcbFsf,1034,1139,1000,1070,false
2942,35aj7sk6pW3qRLffg1Uke5zQMfUEzinGTkQccW2XZ6L7,1001,1139,1000,1070,false
2942,37WY3jGSs4sYMNzcRixQJF1CxacX95SKaVnsYbw4PFk8,1121,1139,1000,1070,false
2942,38QuK93WYfGhSEA8dfibdUndQrQPGBRnSzrZizPggWWu,1040,1139,1000,1070,false
2942,3B3CBs666wLfoYy6GCyZYwhEDqMszkRoVbYihMrCLsDX,1005,1139,1000,1070,false
2942,3B5zfpUQo5mHg3jfrrrkT4ZDyzYrEVpQFuvrqc7xgPB9,1094,1139,1075,1077,false
2942,3FhLCnpKB4HB77bLsx3FnNLVgotmb7XLqaKCujVBhx1i,1012,1139,1075,1077,false
2942,3J1SPEsAMouszYQFJx4ysyRbsMmhXNEpC8iqvePGnFkf,1008,1139,1075,1077,false
2942,3MnLoLH69wEsfAdZAjfN1W24ceeppcTjhP6mUHiWJwKx,1106,1139,1075,1077,false
2942,3V9unZpAVsSf4GTHtTSLzGYn1WFULSiyWpDXktZMjfHS,1083,1139,1075,1077,false
2942,3o57FZLqTKRnEoUQKqq8hU9bTXRWC3JTAXVqPM5wWi6n,1003,1139,1075,1077,false
2942,3oznYaSoV836xii9QzWmAhtmKFR6M1eZdAaoFo2i5tzM,1127,1139,1075,1077,false
2942,3ozvo3BxBhvXfwcdGU7uXC3jxN6LMUWkCF5JHy7u1iZp,1020,1139,1075,1077,false
2942,3weQYpHJzAWGuC6ULtXUdb9cKAxgQFNp2g1gQph9V5A1,1119,1139,1075,1077,false
2942,42PyWieLuYYmk9h6WPD18GPB9dKRKRT9bNKxLEs3FNin,1015,1139,1075,1077,false
2942,451GMVpWgcVXEnPJzQsumffH8G3URwKvHkQs16SRUs7Y,1031,1139,1075,1077,false
2942,45xRwZtQKUKZqtqPcHx4FBKFCMAsuTn9RXa1xPuYefMr,1017,1139,1075,1077,false
2942,4B6p1Dc7QxedD3saeVRCMhoQr2j7DY1XLNY3GZFWmRGC,1074,1139,1075,1077,false
2942,4CMYzf33thgPXJMWSSky1G7i15qbNXVHFZshUSgQ8XyT,1039,1139,1075,1077,false
2942,4JTCzZ51FGvi68vFuh7xEFc2tudbsw5knJUA7E1Ek7MC,1027,1139,1075,1077,false
2942,4LZSj3ZvjdtChuPaBmYCmSYkZwq3Nh2nBeULjvYBwSQK,1044,1139,1075,1077,false
2942,4VtzadoJannBFXacHueC2D5hW9pFdvGsZQuuMk5bf68r,1067,1139,1075,1077,false
2942,4WkmLi29ktoWnKEh897oPHJC1wL1NjDjmCZ3Xmzv8rKb,1061,1139,1075,1077,false
2942,4akTfJkyBU4E3k4QnKywBkWWgWvg93BzGCv2p4KXfTjd,1061,1139,1075,1077,false
2942,4dcWfsicYm1Nxa7iU3gjcUT78HY4J6Kx88mErTia5Hb6,1001,1139,1075,1077,false
2942,4efwsQAe4VA3TieJ5KaDa1wdLtwfwfPDJxbqjiDFr954,1039,1139,1075,1077,false
2942,4p5PwUGGCQyQMEkdjQPS4W9pUtUw4t9Wht3brt77bqgV,1085,1139,1075,1077,false
2942,4qP997Cyd2XHf2cR1EMqbVqKfzceDZrdRssjgf8iQWPn,1016,1139,1075,1077,false
2942,4zrjDKTA5NkjNQBtLjztcJKuLKQU7s9vd8yx22nGZKea,1072,1139,1075,1077,false
2942,54F1QdKZU36YyLYMbayVQMCvpNyovGhKjAHQ5FyxsbmB,1005,1139,1075,1077,false
2942,56byLB3ZfNw9sLWoerd2g6mASTbYRoapjL6jTAej1xBf,1093,1139,1075,1077,false
2942,59qnKqYj6KrSxKszCNqVNZwvovUCb2NyFT3BaekxoC3J,1000,1139,1075,1077,false
2942,5A7NCHpWi5jcgvVKoMaAE6GrkLNKvpWDpfsFk2C8B2ws,1045,1139,1075,1077,false
2942,5AYuXoGULLnLqZnLS4cAmg8JqCqiKtQvnbrw2oHSS7d7,1035,1139,1075,1077,false
2942,5DUpqyfdZsBmWbmFur3XtkkQ9HvmFw1WyE8fsiDCvxma,1002,1139,1075,1077,false
2942,5ERRfCqbWjYt2C3WiP8NQWCQq2zyM5RStuMBXoaLQ4K8,1115,1139,1075,1077,false
2942,5Jy6S3Xq42JkhDQh7eUUb1zF76kLNQ6QGhg1CXphG6Hi,1102,1139,1075,1077,false
2942,5LTCv6Kkfw4B12ZY9vBNppUZk2aeNmeuSrusf7nJmivP,1012,1139,1075,1077,false
2942,5MNqEvzDwcaL3B2xJqxxhsPuwuwAtd9tq5sXNaWaq6kZ,1132,1139,1075,1077,false
2942,5TZj43h4NvicLCUD4XtkHAG2nr8QYinfpRD5Ap8AhkFu,1083,1139,1075,1077,false
2942,5XwcXzohc8J4eXjvmc9NJe8M2zK3i3EGrbURqRbWeCsU,1033,1139,1075,1077,false
2942,5cd8QggiNsUNLCwYDpWvauzMfu5yQTuvPkmcQ7GZok9T,1031,1139,1075,1077,false
2942,5eFjhTCipcjctthrbyfuqjvRC71onZ3NjcwNoRi8tuHp,1061,1139,1075,1077,false
2942,5hCL8FJCxthEquSpi9XzpMu8QpputKuyANbGSZZcih2o,1084,1139,1075,1077,false
2942,5hotRnFL6qW6Mrhv8YRhViqX5zHZraudmzK3xJXdpz28,1000,1139,1075,1077,false
2942,5j8z233jDvZjK4WNES454vhF8YQvkKaDQRa3HMJWwt7x,1040,1139,1075,1077,false
2942,5kSXc7kvqgvmRd32Z52EwLYrAN4KDeDtCpxcL7ZRGkNb,1029,1139,1075,1077,false
2942,5nooHYusGoAd7b5wD7kQ79Zv7NzoqTHWfJWV6fdNR66b,1032,1139,1075,1077,false
2942,62aa7owH4UU95b5zvtr2kyDgeC2avR5LcReLLPJgrM64,1082,1139,1075,1077,false
2942,62bkje5sD9LsgyjE6bFG59YzpdWCTMcaXCzx3N1UVi9n,1006,1139,1075,1077,false
2942,66aTyK8cvPB9mfxfESVLfnvCBbiUvbzFUfzomyV6jU9Z,1016,1139,1075,1077,false
2942,6KLwCjiGAy2TcPFVhungewoEA4x5Amhq6da6inca3cep,1068,1139,1075,1077,false
2942,6McVJ1e34ESgpLzbNw7ccTM17esco7e8Fd72jEpUF6yX,1136,1139,1075,1077,false
2942,6SmJma93QuQ81fZKowrvktNNf2dNuZztakzziZYjoBWw,1002,1139,1075,1077,false
2942,6SueckKuGhBSQjBiKkaUvkYSUpTYWgcVZxXbv72XavAG,1035,1139,1075,1077,false
2942,6Vyuc8N1fBACtaGsz6Bk1Qxqk41fhFLZgBMYpkuGCeMX,1038,1139,1075,1077,false
2942,6WJiPFsdXxWe7zZVRL7szX3die2U5rTPcNPoi2tciE69,1057,1139,1075,1077,false
2942,6aNWrzG7SqMnbF8AuHVpsTGiNU2w6UyuXwVZMToCeyVC,1107,1139,1075,1077,false
2942,6c9bwmYoif3nLQw5LhGmB1esCE222V2bbaExNMjK1LQm,1008,1139,1075,1077,false
2942,6gQrBq9FxXCXxk5TUqvpK4jo4iiQy1EkH3AyuT1A79M9,1014,1139,1075,1077,false
2942,6jTHm6rRkJ6ULwDDcfV4rcvx3Gt5YVAydBBQs5jUJgUd,1004,1139,1075,1077,false
2942,6o4xpWvUUnnXrppsYccpDqLZWrHV18UJhtMuuSKSLkyY,1014,1139,1075,1077,false
2942,6pdcPuHs2WzaoFUa1WNbrRvEMRAQtfubzfUesQ6SrgDN,1063,1139,1075,1077,false
2942,6rzD2LhFUfxjT7CUPbsvTY2qvD5QwZRoTvDUzJ82MzoE,1009,1139,1075,1077,false
2942,6twsfpKDVVkhHi9tqV6dy8jyGC9TNY3wfvf6jokXhJu5,1032,1139,1075,1077,false
2942,6yFRH1uZ67HtgLhrRw3serqzPdFUXbHuHuDJXqrrDRhp,1070,1139,1075,1077,false
2942,71c5AKCXd1bXo5CjC18Ahy6kVkdvUTtob2Q3d5wkKoeo,1044,1139,1075,1077,false
2942,78Nj8XtLgnoR633TVR5G6VR8LzPjW2iTQmdcKiX159P3,1052,1139,1075,1077,false
2942,7DTh3LPP4e3TVrYdqh7k8S5NZoXGWv18b5iEEWA2dVYn,1007,1139,1075,1077,false
2942,7KQYYiA9qnooSp9PkHsVmuxfSJfiEDBUuVTt49bNop83,1055,1139,1075,1077,false
2942,7SJqTvowkSsysCGEuHKWo5bKwTbazbL8XP7AsGTxMnke,1019,1139,1075,1077,false
2942,7Tcgb6anfSo93EoYWi4AQJxKdgzNhBwLjhm8hB9j62At,1091,1139,1075,1077,false
2942,7UaTSZ7mvnPAB5t3z9RZgrhbPMowPDTrpDb6JY9TS2CN,1047,1139,1075,1077,false
2942,7Uub2paXwkTMpAsmcMCGtspYtDUUVWU2ufdf33M2a3tt,1003,1139,1075,1077,false
2942,7VRUusBvexMhg1mMHxJMfJVx7x6GzqPDRr1jsBabzTKt,1097,1139,1075,1077,false
2942,7YMTh7RBVufZvA5dd29tUGfTDNdJ4GcUmmhwThGWzT9j,1080,1139,1075,1077,false
2942,7ehZpbyquTmpXze223UCRmor94okqu8nFgJ9fGSYLhd7,1055,1139,1075,1077,false
2942,7hrjAhKsM6WVCkxzyDdvnKuUAHvnZ9EkgE3r4dv8kd5J,1110,1139,1075,1077,false
2942,7vk87KWVX73DHVkg8s9znGHiqVxxkAmjXaD5Qoi7hb1N,1062,1139,1075,1077,false
2942,7x1S7hZRbbWHkQfzpBvy4KcJXHzuiKUvLpYSvqt72CDe,1111,1139,1075,1077,false
2942,84a7kSNkzoYKiipwvyVkJoXqkw5M27CrBDyw5Usd5T8a,1011,1139,1075,1077,false
2942,8534oGLntJMxfijGZ9s1RGLK1VqNp5UNtGPb6qDQiYDD,1010,1139,1075,1077,false
2942,85Fy7pSWDTYSvoWjdiE2ABuHv1k32J8typN7w7vrEE7M,1017,1139,1075,1077,false
2942,8A7BtFoY1JVsSjZvkffvKbiTa4gSqRyjKRFtpTGmbSGU,1128,1139,1075,1077,false
2942,8FFk8YL5c3a1bVSywMfbFoVw14u7DZC94zxEj4jMdsxT,1123,1139,1075,1077,false
2942,8FPvZ9q8mjiHhAjGXQGBBaUBKxANMYzR2L8nJSR5aTf7,1102,1139,1075,1077,false
2942,8GLN9tRYrgR6ujZq76eukzjjQuC1bLiumG34xEfVtAzZ,1019,1139,1075,1077,false
2942,8TUqTx9GzhJRy1sF7at14BNuvVL5v9FF6bRcHYhx1HUR,1093,1139,1075,1077,false
2942,8axsXQZNx5zdAeJkz2m7t4QtNcbknjMSDbGqq2MkRNFb,1080,1139,1075,1077,false
2942,8cr7aqcLiRSEVT672t673gXEmxeu4dUavzqErPkzTiWt,1004,1139,1075,1077,false
2942,8dH6zjbT2yVWtxvd6VXxZsn9x5HKBhzPMHRCRQRk84mm,1047,1139,1075,1077,false
2942,8e9k9VDqrju1q39yQWeXqi2QjkHxAABbrKcURXpLd4Ak,1084,1139,1075,1077,false
2942,8eawu7oJpxJcPvs6KiBshEC4bUYRfRMWiXJDq7EaWyx7,1104,1139,1075,1077,false
2942,8oYmitu6xYkqdhtHcykZ39TniprkfXoZcZC8h8bjSJkE,1118,1139,1075,1077,false
2942,8pVimCmWHWTPRVmxy8P9mTeJ9qiMd3JDyWAunq2FRBxT,1025,1139,1075,1077,false
2942,8tDGAXfbooKJupM351KoeHKf7vvQL6msnXb1DUVJa9pT,1069,1139,1075,1077,false
2942,94sMdi3bdghdBz18KuQ4sSGPC9NKzA2NYBabdtzPz1Bd,1026,1139,1075,1077,false
2942,97t3FhGXEmsbFWnoUwiTY1GgU7EJcZ8RUU3Ckb9BXJCu,1110,1139,1075,1077,false
2942,99QtLp2QHD7TBZQb8gqiUas68WbMy1XH48RHwg5DQbwm,1125,1139,1075,1077,false
2942,99mQTWT4tDw1SND582RcXvoJjvGro1BMDihD6Akb4nHh,1011,1139,1075,1077,false
2942,9GxAdfArRdGvfTNTm5h5RMMHYDcb1PcgP54spjYEWxJg,1056,1139,1075,1077,false
2942,9JYFrqk5B6KGGexbRCSXdRi9mFR65mUPgnGwsH2wH2LQ,1114,1139,1075,1077,false
2942,9Q5J4D7tst1qWvw5WA1wPSVfc1grtuvWKLm2B5Un6MhJ,1043,1139,1075,1077,false
2942,9QQsaScLB1Wrvk9UvRZHEavbnZKf4182V5TELZAyuAwQ,1005,1139,1075,1077,false
2942,9W5AFFhu4P5wiuYM3YegNs2NHXeb8Lk3e3hG2YXu4REx,1029,1139,1075,1077,false
2942,9Xr4m2KGeT21xsLoxjxFkHGaMJjTCbiXGhbZ9qCKxMXo,1030,1139,1075,1077,false
2942,9ZmjkySLSH8JGVQZkfy647aGeCzgiGqfGMYpTKmnPrCK,1104,1139,1075,1077,false
2942,9d3xdCex8iADZXpWgFoG5TfhhZwHA2Rkj1KLL7UjGfKU,1031,1139,1075,1077,false
2942,9ia9FSNzGuetCBwPYGykh8EcKei5X3We4ovdBhqe2ceA,1081,1139,1075,1077,false
2942,9r16XZWGFsU1AHQFWQ382Riz276SyYHSeXSDmdHv5pEY,1037,1139,1075,1077,false
2942,9ueuXguwPh1pAM9HaPrVFr4mCvFqZwHU6h32L72xbAcj,1086,1139,1075,1077,false
2942,A2MQb4vHHmQX5zEwfB3vkMzNC7aHyhUW1hM4nnPpvUKC,1102,1139,1075,1077,false
2942,A8WL3Z4cgvQCRAKxEbkfyJKyLcWVFuspCsm1iz614h4N,1026,1139,1075,1077,false
2942,AHGYqgZeNxV68jfEPwtGFvTqfAv4L4PjtKqjfegcRgER,1020,1139,1075,1077,false
2942,AK5SAFv3kZJLvNTGrHQoq428n7aVXbCZvaWDKnAVaErc,1041,1139,1075,1077,false
2942,ALwXjH1YVf7T58xeALriUUju5qzus39RZyvyZGxrUfWq,1002,1139,1075,1077,false
2942,ANdUCTVHavPXcbAnYRze7cWPBYtEADeaWmygiENKxuJp,1058,1139,1075,1077,false
2942,AjS7kLutUVYvAxMgAMq8Eew2YMtGr45kAZSL1AjixmbD,1019,1139,1075,1077,false
2942,ApBN3JqAkSQ19mAz8LSMJ2wJaVbFi7Vrm6yPLU9XchS7,1131,1139,1075,1077,false
2942,Arxr8QuzynS9vZh3MLvTwskHHUjRxoYtUHAoTQPHnUCB,1006,1139,1075,1077,false
2942,At98yK7Eig7x2ZgvnNiKqRRBFa8JR62uewFevoZoizFE,1010,1139,1075,1077,false
2942,AvXJkXXFmXK32Q7X3hUZ5xKQhMDpRujTWFsL3ViTZnv5,1038,1139,1075,1077,false
2942,AzVtHGjWqXQEkCsLVNTeyxSJWV1kaQ6i7wXtsGXip4tD,1040,1139,1075,1077,false
2942,AzXU6a5aWmd1VH2VgvUR8dzHw8CMYU3VK8WdhpgkUHVo,1007,1139,1075,1077,false
2942,B3v21iuskSAWPQP3T2CvVVhTokkEv1TMFQt32u61NoYu,1018,1139,1075,1077,false
2942,B6PDy2ihmYWRAPspSBkEJx6hcyomietkPUc1uE3R9MKF,1066,1139,1075,1077,false
2942,B9FC5fJL2KdGMrgNEdaMZ8mZPpB9xmapi1rhZCPa3cYF,1124,1139,1075,1077,false
2942,BDCgBT9XBLqXPFP6Lsj3Gv5WKUdd2yVYp9FCQsZPfKYD,1111,1139,1075,1077,false
2942,BGTXrwztQKhYn38JbhEeqALneU3PYpfKDThRfhUxsJf2,1051,1139,1075,1077,false
2942,BJJp7gjeBpcdH8QFpdMFfrLWBojiCWqKc1rJTc288MQa,1018,1139,1075,1077,false
2942,BK52qgpsynhRquZ54WzCQMu3NJ4JzV8pAM8wkGqVKvVd,1001,1139,1075,1077,false
2942,BMD5jvignA69Bvs2LGNJLep1TJT6muLCMzqgdwgd5mcx,1083,1139,1075,1077,false
2942,BY3c66pNSKa8CbGPEUDZPqNhr61gJHNz6RZtZfrsjFn6,1015,1139,1075,1077,false
2942,BgPLV3JQr9aPceYLgmNqth1KiizMEY7JYknDvrEtbgfE,1108,1139,1075,1077,false
2942,BitbH7Mk1m4wh1jShGt9LbjQLz7NS9K3fiDe48TfoTiT,1025,1139,1075,1077,false
2942,Bpb5VTFB1qWf5PJCyjEekrBoPPwi2ha8jjg2qi4wVEPZ,1077,1139,1075,1077,false
2942,BritCGh2L7jrvYNCoUMuLv6EBj8ZUcYpsGwJ4TD2jAnr,1034,1139,1075,1077,false
2942,BtiicxqtoPvG4ZKdthMNxzQ6SxWrA4awf14RZjm4S4k9,1065,1139,1075,1077,false
2942,BtwV9p2erp4GCbW5Vy6jbvHdmHQb7yH5DYJJr4YvfSUF,1027,1139,1075,1077,false
2942,C2T9ikWZtngLSXPmh6GsRhmD94TpJkiCUi3orUU5mLtV,1027,1139,1075,1077,false
2942,CBbvkTKjAqVUZWSmy3C8nEHUg3zS8FgraGVEwQGibYwt,1023,1139,1075,1077,false
2942,CJ8uApuicf2MH19ZpJyT3xV6k22bUwMGg6hekh5SUvWP,1048,1139,1075,1077,false
2942,CNCdRwtWvyZSW7EBJAdGwyTq3kob7rcxMgBYPhxifCMk,1021,1139,1075,1077,false
2942,CSHPSp26oLio3w4hCQZiFmiJBVZNsZNtjGrzpU1B1S7h,1082,1139,1075,1077,false
2942,CWXF4wyhjykGVoCqofQMPHGmt3ud1TghoqNBoBmP9yp1,1042,1139,1075,1077,false
2942,CbzPDoNmnibHQpj6P4JTYS9a2WTmPYgWAmxkSYezKY9Q,1119,1139,1075,1077,false
2942,CigsA4TtECmYdGhafXb18CCRyeuNwoYKHgspHNBvN9t4,1009,1139,1075,1077,false
2942,CiqxBgtVawpCVLXazVWtgpqUADsxtH9NuBA3Exs6nud7,1091,1139,1075,1077,false
2942,CkhRSuYo88kqswXH95Un9zos627DZmsA6pvayDCwKerA,1010,1139,1075,1077,false
2942,CoiEYRo9hdVgPuM3px2W7yH6bqzCxNmuFZps43huLQM2,1030,1139,1075,1077,false
2942,CpFcv5fkcid12r4FXmHtS3KZ52SjT6V5jTXrzP4RpPXL,1109,1139,1075,1077,false
2942,CpzJ8xXvzkwKyh423jG96EaRhBU9eJBZXdvMYSKuYrXZ,1129,1139,1075,1077,false
2942,CqMeaMas4WkYJ7fUfdJVDcK3wriSkhqYFk1xb4Fn3yzX,1048,1139,1075,1077,false
2942,D3iCgKGfYCNP1zMz5VHvjJE8RYGaqdJKd5EmCxfaYipc,1069,1139,1075,1077,false
2942,D5vtCQd4ssHcW3Suz9JoY1qDZo9SBbAEEKWHpEfwqkJi,1038,1139,1075,1077,false
2942,D93C7XWWQrdHX1VCxQZRUA7rxz1TJiwpv6gEfnm3jPgr,1023,1139,1075,1077,false
2942,DCaMRx8Dbpgf5wd6oG2SELAn6ceQEG94AeigB8hPNh1R,1060,1139,1075,1077,false
2942,DDD8SspEmnh3a3snGkZ9LTST6HfaHqbnMNQtjVHoZkfS,1029,1139,1075,1077,false
2942,DP3KhR7R6PUC7UhS6jVN6LiVcmvgxBpguuYvxadafSpA,1018,1139,1075,1077,false
2942,DWc8qZVNgmH4hGpEiX1oN8sVvrGRX7ky15J1yRBcf8C4,1137,1139,1075,1077,false
2942,DZUcd5JrEYRDaPFfv19J7rUgjPMgiDNoaiPTNyXiXHtG,1029,1139,1075,1077,false
2942,DczLAxrBdMUeH4YN5C9XVnYoc3zN96ykKBgdDF6h5H7Z,1015,1139,1075,1077,false
2942,DepndXHbWs37Bt4nkEEzNaMjswW7JLBN1w3XsNpGMXPG,1120,1139,1075,1077,false
2942,Dh7apBwjpvY7A2wrSvBsNKRpxREmHMz5XWqD1yj1M99P,1067,1139,1075,1077,false
2942,DhAndmQdPrzHz3LXYujjGKUuhxFRpNEfKZVN7mx7iCpV,1023,1139,1075,1077,false
2942,DpRCdQY4wud8FgBmomRPGZQkxsz9vGeDCxJoAAGMbKuX,1037,1139,1075,1077,false
2942,Dq2pD9hoHcBMVityvxw3cjHyAVTF19m31uhL65pkr5UD,1066,1139,1075,1077,false
2942,DqcmJxRANY6eD6c1yfbgGbfD1etU166ZEArA8qkD3yno,1113,1139,1075,1077,false
2942,Du9gFwbgH16hHeS1N3jmcut9oqtUXWWh2y3YmeHPRneX,1101,1139,1075,1077,false
2942,DuKdX1gX63wcRGYAM3eS8KxUSw6TiVAzZ96VaeAZ1wcb,1115,1139,1075,1077,false
2942,Dw3QGN53JbLYaCKZTu7wvBCLpiQNq34My7ATzj6zDK9h,1116,1139,1075,1077,false
2942,E8mfEHJjQ3wQdqDPZrLqUVBdoNuCwMGq8fXFmYvzwDBL,1006,1139,1075,1077,false
2942,EEQFdLbvmorGfVsPUzZ17eyG6kYsK82mJj5AXySFtuQg,1130,1139,1075,1077,false
2942,EHi7DERC3Py1uy6s9EesYFNEneg2Qf2QLPU49GEGszJw,1095,1139,1075,1077,false
2942,EL4n8mCydqDbqnARyrmtBY3KkpdfZ8txZGihvsK5dcZa,1006,1139,1075,1077,false
2942,ERFPHSMgTW5nnZH2FGa5dBi6aBf9kFfT99TR5AMeBBqn,1052,1139,1075,1077,false
2942,ESDTa1jQrTRzPMopEJnKTQvvS2jDa9n97jmXCq5aPwGv,1106,1139,1075,1077,false
2942,ESQmPEMi8fEVRCH3jbFz5kdoNQx6ss1qHGvouPnr1tLA,1011,1139,1075,1077,false
2942,EXm2TPx5bEdux5TJ5mhZAucr7wc16t2yyJ3gnvtUcqXf,1034,1139,1075,1077,false
2942,EXtS2DpW7mu7HraUBkUAy5z3Fygqz4gE7ek1hDX2q6Cr,1092,1139,1075,1077,false
2942,EXyzjAJxAPhf8okgaLbMGdMP6Xtaey9A7Ly8jGRekKUA,1114,1139,1075,1077,false
2942,EYUgHpyW1eMdqLJbSo21if7bQ2HL1DVw61LbwXGxp6e4,1112,1139,1075,1077,false
2942,EgZaCVDKSpMcikBpnUkaApCsWNWaYjMDuMyHq4zSH3DG,1131,1139,1075,1077,false
2942,Ei4qs1Ls4QHvQwwxxxYNRyXFvn9peou5gARzbzAMQp52,1089,1139,1075,1077,false
2942,EmCpBPW1CHEm46xpDpsr9Cx6Qp6vLPaamiG4dn23yjkL,1024,1139,1075,1077,false
2942,Enp83n2KWsWaQXskgKi5hxX4yVkadAkrpFAowTDqvZWJ,1005,1139,1075,1077,false
2942,F6TQBqg2zES8DJbLMQ7E4aESHyFkjc9KwKHMtQcgC5eF,1020,1139,1075,1077,false
2942,FB7U6XnoXpqGY3k3ohZJw1BgCsPb4kptTLp1xUwVSaA3,1118,1139,1075,1077,false
2942,FEpUHUPfVGECRpdFSaCtmy6AZSkKyiSz8pRBPJYBKELV,1090,1139,1075,1077,false
2942,FGfWGD9oiWw7FLQ2DcKEtewGFsBfcmtVzaCPcVWYfEUf,1030,1139,1075,1077,false
2942,FKa4qgz1yU5BKTifKTrhr4GxfE8fvcPphsAJ14vocM97,1004,1139,1075,1077,false
2942,FSpiv6BB46aGXaBRtvR3CvZJf4oRRA26jxwK4PwCuWYN,1122,1139,1075,1077,false
2942,FTG8KEjWF5P5CsgTkCNFJpwZFX6M43iQkw4jjqGhzqcN,1017,1139,1075,1077,false
2942,FViVNofgJC9TZ8jXVP6zBKUKMNcNMWLyraZoBvZnD58G,1022,1139,1075,1077,false
2942,FY2FumpECYY5aJwhATVGeb6uHg3vkeYJjvtq1q51VZPM,1000,1139,1075,1077,false
2942,FcPejMzFAk2tsAEVB28K1UGh4SvXrCR57dVfZK54DB7i,1089,1139,1075,1077,false
2942,Fcd8a7fbEaNwNWLeLNcHUqr19DZQFGoccfTYc6kCFNrw,1088,1139,1075,1077,false
2942,FckCuUjNKxZEEm9x1VPF4piyT58xc5ifRQ7uTo81Z4DA,1133,1139,1075,1077,false
2942,FvXBV583qKZH4yB44ZoQZyahr9h593BTKJYW84fNvWCt,1081,1139,1075,1077,false
2942,FzGRWHgrkfa5R9MoxHkM8EeuLHDUpyR4G2csybuksKSn,1108,1139,1075,1077,false
2942,G3xqpuBU94ceuRktkUnhgNr7MWN2cj49EGLJxvAXeTm7,1079,1139,1075,1077,false
2942,GLtnKoS6wPnf1DA1rxH3rAYYrBzJXgw7PHnPsGEPPHa2,1037,1139,1075,1077,false
2942,GPFxXC4oucKXU5KSVyxBnucXJUCA5TWm9rSiz9iKqXyN,1085,1139,1075,1077,false
2942,GQPA97Stgp3T55Darm1JY7USE7sWs31sZu4RmNSvE1wW,1087,1139,1075,1077,false
2942,GTBqtYnAVnkwoKTVdiFHk9T5Ki9T1DB3Lh8ozgzmEyTR,1068,1139,1075,1077,false
2942,GWP3LZgXegy5TBygBA7MJg4EPZj8FGmEYnWgLo8xEL94,1036,1139,1075,1077,false
2942,GXxv1NKyPCzCvwEC6ejYAfSwyPqBdkM8s589tqnvzJbo,1009,1139,1075,1077,false
2942,GfJ78in9SNgfDc637ParR7VKD1VQu6sPyVEa1P4onZ5u,1004,1139,1075,1077,false
2942,Ggc3rmzdkNBs8TEJ4Zzv7ENCEs3PV76sQuPZqBVjuNxn,1098,1139,1075,1077,false
2942,GkWkwfQgbrUWAeJnAZBe2Y9ZrQNttngLJkQLYGy2tJks,1022,1139,1075,1077,false
2942,Gnp93GZUhKR81XhmwBKf7eqYyc8zrpkWcwXjZfWRjtvy,1126,1139,1075,1077,false
2942,GoCrQ9WnpMd5xBG4fb1qqaAXEnWmwQp6p8em5gToDU8i,1033,1139,1075,1077,false
2942,GtMts3GuetPThH6goCEH6vuwC3cd5XZ7ZtVHxdjTtyUC,1076,1139,1075,1077,false
2942,Gv5JMGSJ6c7p9dP6ukj3VzbamLZXsT9sJdJeY182bpZr,1117,1139,1075,1077,false
2942,GwwKnKsVrYfpyJZTtpQJ4NQSqLuUKeA2Xx5SFmgicLFQ,1009,1139,1075,1077,false
2942,GxFZ4Z9op7Wiu8SWUJJFW5TKEa95dsU567idgYHEJFzE,1121,1139,1075,1077,false
2942,GxuuCVVWuxk34SBXJDrGKBrLe69u98ML1ak5XdoQsTB1,1135,1139,1075,1077,false
2942,GzUX1hDVMfx3tFcTuVA1kPt9ULCsfBPcWpjQ7X5VGLjd,1092,1139,1075,1077,false
2942,H1eigGEqxsDypWRqFmmrQKn4TQmY2V4BJ79rowaavhti,1029,1139,1075,1077,false
2942,H1nEu8WxKmb1TtTB8EhZAB2BSBpvEcvUnJAeb64FJPJk,1059,1139,1075,1077,false
2942,H1yXCNyhxatcVd1kHwhnqbXcqn7G3SUWssiNjYXGsTzs,1097,1139,1075,1077,false
2942,H5H2Sc46hDWWQ4tvrnTtiEnCsctWr2LKnmxhBtzCyQS8,1068,1139,1075,1077,false
2942,H5UxqoJhhNhopNicZpyKfQHVDuwYDpgyxXDQNTna2xrj,1078,1139,1075,1077,false
2942,HA99ZagsRD1WsTuvpQWjBaJpzSnK8hXjwEqn8a8KvQS6,1060,1139,1075,1077,false
2942,HHmmW6zGhMwhw8z8DgpR2fyLPDuLHgpNP4wkZppCSaT2,1041,1139,1075,1077,false
2942,HKS747fZXQidykbEcDnfToP6dzjRaBFH1kA4wQ9NQsun,1002,1139,1075,1077,false
2942,HZFEXBy9yX9CpY4Hk2EBMXSpn4LxEzcJQfRWzNP39NZz,1024,1139,1075,1077,false
2942,HaUBYJx3eyvoZhtEZRQdocG2AZLg3Bpg7oSHMcdq3vaL,1103,1139,1075,1077,false
2942,HeBQYfvGYUDzDv2HXF2bSibJykTHoiTY27m4YbuS954V,1007,1139,1075,1077,false
2942,HqBgcpqugb55eHWzHd9UeewTsQ2wiDeZWJ61AFX3niXF,1051,1139,1075,1077,false
2942,Huoqj3rXovSTU3hJ1TSvVXJPtSb4TDJdTehbCAXPXKRf,1000,1139,1075,1077,false
2942,Hv1warSPDFJrKDJzSSJGHE5MXF7Q2wnh5xECp28G3YGo,1065,1139,1075,1077,false
2942,HwXhkzwRakX1wqpuw1uTcFPJSs4ofSvPPgKNHE2PKn6T,1107,1139,1075,1077,false
2942,Hx8AUUaohfsTYTaUhNQuwPDAXcQZzQ5pmzaRVJTr98r2,1003,1139,1075,1077,false
2942,HxJqzEeRsjJMuj5aGEkFK96XHaxEHAXJEcDtCoF9ggr4,1058,1139,1075,1077,false
2942,J1SWvx6kfcgGn1NxnrFVCD7t9kZ6GAyDTcn97oPamxSA,1042,1139,1075,1077,false
2942,J9WsYbLGiSm1kU6nRhz2q6jBf2r74rrUPLp589rgDb9E,1071,1139,1075,1077,false
2942,5ugN1aee8UeJYXnR9WqHUSw8Xh5adregKTdqoBASyG8u,1170,1075,1000,1070,true
2942,6SmJB1U4H779E4UVL7prjJDabR3wtbkfDS1jAucqKTHM,1167,1075,1000,1070,true
2942,GD18MDPczb4qRLHJtzZTFgLL3kj6wiSG8te8hxXx1nED,1166,1075,1000,1070,true
2942,8Jytxr2L6ArEiuyn5YtWmVUYmNkk8p3iqpH97q6KZTwK,1165,1075,1000,1070,true
2942,4ZFsj1Vx7VJN82J6beAbn1BhXHq9awLZ1T8xynKd4cFM,1164,1075,1000,1070,true
2942,HMd5E1DiMEd5Twky7iUdov2NPMChVJnT5UamBgTgwcLr,1163,1075,1000,1070,true
2942,BwNiQfWgwPJAspXLvQuo1Cq4cNEj3RRqs7U1jp2X4HtR,1159,1075,1000,1070,true
2942,9ozxWETiPrgoCCQGe9MH3RfxxDbZZdZ9SJKgm66WyJMV,1154,1075,1000,1070,true
2942,593jMEE7ybnx6QTLmg6TXrSQUgfC8xMBHi84oa7tv8FU,1154,1075,1000,1070,true
2942,7YcEhBnXdPYatWvULPXYmxr8q71m3QMLv5h5aQefZfDv,1153,1075,1000,1070,true
2942,BM9njfix5qvkXGsAcfYPPbMLPf7tNrq64vMyFv5bkp4u,1152,1075,1000,1070,true
2942,3ydwp3nNXpsbRARvNhnSXguojmH7Fp91qQF9718HPjex,1151,1075,1000,1070,true
2942,DSdiwfWQnFcAFkiDKpqM2FskR1gVrLZvwnji78uPExMe,1150,1075,1000,1070,true
2942,Dikezno9ctAY63A755r653igoTcGix9KAwsag2eYacZA,1150,1075,1000,1070,true
2942,97HLopWpKvpMot9UmZwRUu6KPiNoz77NvUwN6hPLi7NC,1149,1075,1000,1070,true
2942,3mq95ZSwcAXiDHU5j7uikx8tRKCDBsXFXgWKgtrttpNb,1148,1075,1000,1070,true
2942,Fw2RDPwmZFKLhjpqLtXRw9psGUFJR2C6Sx22bUvhsJ6m,1147,1075,1000,1070,true
2942,3DLiZmJWm9WHnqSGswAfZQYsACPhXoPbdetfA3prfbWL,1146,1075,1000,1070,true
2942,AiX3pif7wW9HRTN1m8JmBD5T8vc6zutcadRGeT5wccj9,1145,1075,1000,1070,true
2942,59kWBcwwAkXYbPiUerFfrynaev8Q6nuFgjVaXXzDqohY,1145,1075,1000,1070,true
2942,79CbM2F1rCLQqEMJeVL9s57Uga3W7AM1cc4Hw5TcKgkU,1144,1075,1000,1070,true
2942,AV1RJiW7RywyGBxE2aoyyyWbVUocCPDK3zbmX43LSvcv,1143,1075,1000,1070,true
2942,Ax8mAEbEVWosNsPzGyZrMC4GAr7HN2aNJLQx3sPVAoPw,1142,1075,1000,1070,true
2942,5Bs22TxcGE11pz3vtrBs54qpiWHPRsL8aHwdFrSVXgV1,1141,1075,1000,1070,true
2942,39anUGB92BQtcWR55nHz7fAEcWSv7DU7ps1QoTvV2GYA,1141,1075,1000,1070,true
2942,25AfnHL8GJq33AtC5hGHqpNAz1QakK63Ay88xgdk3jjf,1140,1075,1000,1070,true
2942,ABLosvrAnfwEpYJth8adGUTbabdMTPq6WMK8oWVyVihE,1140,1075,1075,1077,true
2942,5VqNdUCoFCF3V53svPXJGxhw46hFKJ2ohVY2J8Rkdbcb,1139,1075,1075,1077,true
2942,DsoYuTdSKwf5H54EmLnY9jxjQEFQPvjgAvZAESXAGmf3,1139,1075,1075,1077,true
2942,HmZrE6wsW9JzUrjr6TCTJGmofGnMDka3gSkm5PcfwURR,1138,1075,1075,1077,true
2950,EcEKnxsmPQscPhao1Xtb7wst2Y4LXvLy1iJbDscrnzuR,1299,1000,1075,1154,true
2950,2q28GKUt5RgRhKiG9ANxzUqdrLPqkxQFFJsU7PA7FDfY,1299,1000,1075,1154,true
2950,CyWuXUrq7rty1TNCjBbZEhYhCir4aNzE6RqRLtzjnXTt,1293,1000,1075,1154,true
2950,GEQXqRNwV3xwdXqvWDAmrAUuKfhGHbuQnJtdse4rf2jG,1292,1000,1075,1154,true
2950,43GPduhyBoaDKWAvCi9jGqV2TrvW4aRftWAWdtmUg64h,1289,1000,1075,1154,true
2950,4rNpKMTf7GVViYZVGhrBsJ7BCrd7zrLhQHwthqVFsQog,1288,1000,1075,1154,true
2950,BH8oAQiBqrfe73YV5PvN8AVC4frLzqs8Ei5p2SErGsnu,1286,1000,1075,1154,true
2950,68gUzMKu9xtArvLHWLnGoyx7vkZBvod5GbiWweLnoDem,1285,1000,1075,1154,true
2950,CgqiMP9YrM61x4Sp2WVtf5ev3JAkB55oLhYPCgVSY9Mn,1284,1000,1075,1154,true
2950,3GcU8kKehuDaa11N6tAFySV8153VfP2uYrNGrWFayGuM,1282,1000,1075,1154,true
2950,Hsz2ewgBjqk6FVCmveRhCqBCjy2pVKTseskqu2kmQHxi,1299,1000,1075,1154,true
2950,ECCx4AFxtCEuLMV6hjoDiShJLCxuzmdEx8d49MfyEV9a,1299,1000,1075,1154,true
2950,4BEZfXRMsqzkukRsc1uEdJkXBMwr1oaaooZiU6f55DGm,1287,1000,1075,1154,true
2950,2kaMTnRJmLzCMPFpYBwyXtGWLjduE95TQHyKLJBbfMVV,1279,1000,1075,1154,true
2950,tqEdpAU9SRixLJcY2XYmkdzLdwLyFybZFG3SPHEsTTe,1278,1000,1075,1154,true
2950,seEVojGmHxTbTbNwBnwTNF2ws7cAVqudB5WaGdW1bB5,1277,1000,1075,1154,true
2950,G43CKU597oLZw7o51aQAFt7L3X57xxPf4VUPuTMebANW,1276,1000,1075,1154,true
2950,DTzgS3ZCxc4frg9oTKR3fA9FbmC1CmuME9w8RB73mFeV,1275,1000,1075,1154,true
2950,Cb6uKmEHv1npRXcvst1MYTWSaQSVyqZJdwQrNQKupMhH,1274,1000,1075,1154,true
2950,BQVKKtYGg4cwzf4UkMp6YZuL4Wz3wvHin85aHCnXSvzx,1271,1000,1075,1154,true
2950,A2s2CUBHcza4RrtEgbHWUm9m47pHgA2siSjQT16gVvNW,1270,1000,1075,1154,true
2950,GiV11vpqYtoUcNPvGJMJBanyqgoBryuJwSh39qwtrD9a,1269,1000,1075,1154,true
2950,7r4nbvzi1k6mMf2XgXtyFrPXqBw38hK7HaTqpqW2eYNh,1268,1000,1075,1154,true
2950,Gu9FjnXbvMaaESsWs7ouPkoYYKb1EL6fqSGcLvBFgmyR,1267,1000,1075,1154,true
2950,6qDxdxdg374i8wkUw9VeSLnBvE26L2M42BU6F1hQ8Kd6,1266,1000,1075,1154,true
2950,Y2BxpPv5ufuX9sYC2D5zWZCfoNgegPm7XyKCKYkrqmT,1265,1000,1075,1154,true
2950,9BMcsAdND24tFK6bPmuRYwtWKuqukgB1Q2fqJSQkmnFY,1264,1000,1075,1154,true
2950,BQHr24p8vN37NK2adfC7ztN4dEbU5vurKgdP9vSPhutG,1263,1000,1075,1154,true
2950,9U6Z79RgrAUQevZVHNw2KyBMDJrUq2aGD99mLLK6wYeZ,1262,1000,1075,1154,true
2950,J79b7Vrp3bRNr5UrZRC6CWvZD7PUyih5zmpNkSE8HBkk,1261,1000,1075,1154,true
2950,82F6froyaNzv8rU4pNvynRqW7Aw2mVsiKrNkpanxznhF,1260,1000,1075,1154,true
2950,8B7jmQ4fDToyWVDq2ghviq4CR41yvLdJAnp26iQ6jLxU,1259,1000,1075,1154,true
2950,8qNL6qiRDJfWTZP3MY776JJw5svkPSNsetQdyFjvtpMm,1258,1000,1075,1154,true
2950,6DqumiowDWV1CbQVt7ijWQYG3jMZhbzQtXqXM8iRq54p,1257,1000,1075,1154,true
2950,EVNbB48w4X2WrFZgTUxGdqtc4Yh4xXzDtcr87sdSgj3r,1256,1000,1075,1154,true
2950,8L2ZkP4NBsEphiDfWxN2hReYz94YH71QLTJFhCBCvXkz,1256,1000,1075,1154,true
2950,7EZ4H8bZ3j5KrnfyQSudjho63ZFvLpyrzQsXapCKrTv2,1255,1000,1075,1154,true
2950,HHpEETFjQbNfWWNPW5yC4wdnVjJ7pJnrNM79K4fztEt9,1255,1000,1075,1154,true
2950,9G7ed5NMWx9NrqTP6rxdK1cj2G2XdxmPWeJcfaNbysPQ,1254,1000,1075,1154,true
2950,DKe6TbgSUK2W7QWYM4585dewf3qpy1Qvx65FZHYX7Czf,1254,1000,1075,1154,true
2951,Bwgjb9kdWd9CYCWCSVcb84XtMapQvBZVxgrZnEHVDaNX,1253,1000,1000,1154,true
2951,3FYx8ZDDQMcSsPqjQ84aBSUA6pcdGbbAFUz5cVUvxJ4N,1253,1000,1000,1154,true
2951,2ey4xQ72zPbK92qyRWmikmHFuSD83Mt772cH6scmmtvY,1252,1000,1000,1154,true
2951,8qj635mkT1trcoF6j3sUFWhYGruhQ4fcE2NDrnijUVW5,1252,1000,1000,1154,true
2951,4h87pQ4rA6GDmDxfuHreBFhmqWEhk4sE8gWSeGpnwyqC,1251,1000,1000,1154,true
2951,8eDkBcohdppJ7SMt9yCpzhqcSAapQBLoQoyLog2betxJ,1250,1000,1000,1154,true
2951,CuxbqWgTFoK2f2wvLzwUiA3Wig9W3oQqmjSnxknExFQj,1250,1000,1000,1154,true
2951,A6UTvR9pi5sEAWZu8CrWbCJ54JAT1PghgYY7buGzTNxN,1249,1000,1000,1154,true
2951,5x5P981tdXXLsT7ZuNrApvQShNbArYHQWLiwVCYp7njh,1249,1000,1000,1154,true
2951,37x4JpEKwHNfQfAgHr5eX8FyXWU4a7n5KfCU3mEJgcDQ,1248,1000,1000,1154,true
2951,2tmmZcjJGP7QCvfPS1vu1cGL9L9ueq4HhmXGrKKP6eBq,1248,1000,1000,1154,true
2951,KRhq7cQ3ZiDpKHcrzou6pioyWEVXCLnVFtyXkGJpWtm,1247,1000,1000,1154,true
2951,8jjeisY3vvycWpjMvCX88qUvcXyQmgUfUAy9cv37yHet,1247,1000,1000,1154,true
2951,8PKhU8viQc4FhEX4e38wV5VvjMfzDjJwo7snM8Yik69h,1246,1000,1000,1154,true
2951,AzD26dxcJCAUovHZDNGegB4THRHDuSTuezADjG4h7xip,1246,1000,1000,1154,true
2951,3Esd6qQcqRLxQcG1T9XsSKnhxr5m5cShm64B7soVzKNN,1245,1000,1000,1154,true
2951,3knYmyQbGfMb7jhn69K3tfCDiZN3Jew2PWLe595Cufv6,1245,1000,1000,1154,true
2951,3j44pFp1qvt7zfJ5cpp9GKBmDLjnV4fHYxaLjGMvo3yG,1244,1000,1000,1154,true
2951,4eQUYb1juPmLjF67NmU9QD8dyLfKDPRFR8no3CGpfnta,1244,1000,1000,1154,true
2951,8h1HVLbz3ifbBc2a6NBjXEjBwXrp6XCkNEHUqC6AwCqn,1243,1000,1000,1154,true
2951,ESYsUx4Zn78x9vFaFFB9MXJ8i7HmhaJyrEzhhPbM3x6y,1243,1000,1000,1154,true
2951,GLhbAPbVu3ZyK1GNfM3KfLTz2SU6iFy5B3yKb9HB96TC,1242,1000,1000,1154,true
2951,HX4f4fjvQr9d8cRFm1NNhLSpVbwtFJTtBfJAKRFaAi9s,1242,1000,1000,1154,true
2951,13F6uGzEdWXVu9NVpdRH8jMRTRgRGq6qjpicJoiDJBvr,1241,1000,1000,1154,true
2951,DypZKZU3ysWiqPKuwxmA1N5hY4Cb2yGVRnCDsGK4NZrU,1241,1000,1000,1154,true
2951,HdaWA6PbcYVqjQFFgsBKPyauBLiqtimiyu9mTCJcniaH,1240,1000,1000,1154,true
2951,ANQkYXsSGqKG4LtUcuy2RprwiouZaXQUPHjsa78JZ7ER,1240,1000,1000,1154,true
2951,8kKoUbKus63ENiRFVQcfcnfQfcSHBcSc3W7ZMThHVUzB,1239,1000,1000,1154,true
2951,8hc21RqS79JfCLSqKRfDw9FcoXytLqXxXg1ywUZDb11,1239,1000,1000,1154,true
2951,BwSnVp7U9Cu4Fx8eqDuBWRwN5hBNwviPyi1jERh9L5Fs,1238,1000,1000,1154,true
2951,D9T3RJthVKvrXoAXJPhn6u3tdFxQeeytC9KY3WYtACDZ,1238,1000,1000,1154,true
2951,9dquujLa5awKkWwWutuAr4xcfGhRxWoeUwp5PX33qEuR,1237,1000,1000,1154,true
2951,81Y4RopsRfkxojgUALq3ZkMF2aMwycB4f6xhTozmejbU,1237,1000,1000,1154,true
2951,DHAPeqLkV3BFqygwWpgXMDrjWRKeHBxSmwafQZJSAJC3,1236,1000,1000,1154,true
2951,6hHjygG6uwiw8mm1FLEyxHGRzsi32CLiAE69eV5w22ue,1236,1000,1000,1154,true
2951,FuyMStXbKWvQeD5CcE7T2pWz47rrqaEiEirMgfkJcpMb,1235,1000,1000,1154,true
2951,FdfumBREiKEZb78VpY49WQvPifVeF7Fc2M2eWDwdYBZh,1235,1000,1000,1154,true
2951,HdXLZdWuJ7t9K8Kr1vRw2cqVXZL9hdV8gkUsKFaExECU,1234,1000,1000,1154,true
2951,2oatvYv47hFV6rK76UU57Rqo9BtXhCHLBsyrBpDwHpMT,1234,1000,1000,1154,true
2951,6TDvTzh2q5WompoD3t7akhGPeNrDatqWYNp5DksNyaRX,1234,1000,1000,1154,true
2967,HnF2h2foCwd8bzJqhkxcNmXugLNqLe61XT2qpiARxMqw,1264,1000,1000,1154,true2953,D36jLgn2RbvHP68MNXXJfrJQ1WTdeRUuVty2k5GG6VSd,1060,1000,1000,1154,true

2967,8oZ9yXqv3AVWntSHWNHBUrVyAZPR6fNWXpVdAGFKGYUW,1263,1000,1000,1154,true2953,F4s95e6Y2sDFy7RGaFWKt68u1uKy6kX9cQQf7qcrfW8v,1038,1000,1000,1154,true

2953,Cdq6Th35Hvj8GoaZ4fMB4acdji6yize63HAfnuPLVaR3,1032,1000,1000,1154,true2967,FbH5XsVjPzeAbRhv8F3FSFu9cG4DQWiucWUs1gV3JUv5,1262,1000,1000,1154,true

2953,5ksv2phfL8mNxSawRhMsMzgY3bisZUbvgsCDoYkwyd1M,1027,1000,1000,1154,true
2967,6bVDjv6VigmcD6UEnSQNyweyJUTY4QkTBEop6SnJg1Zi,1225,1000,1000,1154,true
2953,5BR7hGhbVa22PNDPnxCkwMsZruLrzfkDRywJ7vcy85NT,1022,1000,1000,1154,true
2967,HwnFFKKJT5LUPyVDMN55JnAuNDVLqKJgvJs6D3JWigxA,1224,1000,1000,1154,true
2953,3ryDvmiPW1ZMomaHYSkz1xE9g7RoxkNih1DRTGv9eg9Z,1017,1000,1000,1154,true
2967,82oM4em7ryUfmaGWie3W1TjQuiCKEumavFvpaXMoXPMr,1223,1000,1000,1154,true
2953,E1QQHS7hsjRvVffsSDRUxW9VuD8sa5YmtjbqNNP2ZUG,1015,1000,1000,1154,true
2967,46e1Z7V4P8ZvjD5CRSZPrhsErR3szRvWbm6utQpk2iQS,1222,1000,1000,1154,true2953,3procTepXkvZW1nCSvsCXS5SZj1rrEwETubpzRAhSWBf,1014,1000,1000,1154,true

2953,HctQmwDg2pqHiok9wPXXWdNgbPuLJJHh79Y4edSmqbFD,1013,1000,1000,1154,true2967,ESAqwg12y9ZwhPzRUgeCnp37DiTM2GdEsb8nSmXzn2B5,1221,1000,1000,1154,true

2967,FRXQLudoj2S2QXPmeVVkMj3T1DU6VwBXqyqJxd9rfCdq,1218,1000,1000,1154,true
2953,4MCfUeBPN2HKSPaAo5aoGkthNNDR8qtkQJd1E1UjFWGz,1010,1000,1000,1154,true
2967,5CPusEEzosjnq3Cf74j9gq2jZN3XuqGWsM8DgjqHMGrA,1217,1000,1000,1154,true
2953,J9a6JrUUeSNL2WYEZURYDfpmjovdLvtMa3Vtjn7BwtSk,1009,1000,1000,1154,true
2967,8p97LHJgAnueFRVX4RryJodM8EapSmyRu8Dq8cV6yEy8,1216,1000,1000,1154,true
2953,C16rwRWxUjghDdCUGaJg9KVAQiRcxkCciyzr2yv6krkv,1008,1000,1000,1154,true
2967,DPNWNnUkx7ULunisCB8sjQDHxC1K48z9qFKj5ndRcELR,1215,1000,1000,1154,true2953,HLW1ik619KSS24EMd6vr8dZackY3ktyfbT5Rb2rGDgNK,1007,1000,1000,1154,true

2967,2FrHQDZ3ZKGEPKDLZEFCpy5PnL8yTZ1tR34FH3qUqfSF,1213,1000,1000,1154,true2953,5pMiEejLDfnY8xv8tuaiyVTRmQeZJAECQEKTh6WbJNjP,1006,1000,1000,1154,true

2953,SsZZpXycJvUmDk9su4pQNBSc6VzrZvKyxJcpjAQvsZg,1005,1000,1000,1154,true
2967,9R3JqsEduZq6xu7aoTi8w4hxpBL5XTDU6DpmC5vQZD3o,1212,1000,1000,1154,true
2953,WV2dKsC7hprefxZKUkcmtHMmg8nWGmpX34HAAUKEAYF,1004,1000,1000,1154,true
2967,CBDmzhQJ3FL8yCg6NDKpV2YhtNUw7ukV1sv7WENr1rex,1211,1000,1000,1154,true
2953,8u4Q5B3wM6q3HBNmdGddeT9L9GXspJzaiVpVkxtUDbTV,1003,1000,1000,1154,true
2967,ACXg7NWdo1U7trkH7U48ZyuLvAbWrs6cq9WeGn57emMx,1210,1000,1000,1154,true
2953,8UT81c9SWu2rxHKCWonwSiy7zXw8i8LwuctKEwUoS1ok,1002,1000,1000,1154,true2967,933eefJpt1hT4qaCbYCmuLLvLEqgdxGDZ2GqxtQKYAPx,1208,1000,1000,1154,true

2953,2seDcU6fpJfZosGGDQ8kRtxd96z5txEagWc9cwsJsbxz,1001,1000,1000,1154,true2967,ByRfQnfEyNPFFGcF2HRC4KpdFQWK31E2Ye66SNYfRMmB,1207,1000,1000,1154,true

2953,69XcfsPUosVg3HxoRoYskN7omqemEje2i7iGHp38vEyn,1000,1000,1000,1154,true2967,F7mRcS2emyPvjKnCEThcyxFDmerz1oPHdjLiB2co8nwX,1206,1000,1000,1154,true

2967,ijz5Y6NrMPdCEXxzNbw2PcCHLQm2pffnaUd9v9aSVfn,1205,1000,1000,1154,true
2965,8husWQPJhdEshMrzNiDJWMnsxLP3x6Yx2DB67vfvex89,1299,1000,1000,1154,true
2966,Gv6KVfDgfn2rkuwQkztYWoPCf2nyX34Ay9wHZNtrm2H8,1050,1000,1000,1154,true
2965,HzCQtHmXQZjSTYN77TSFF67mWtH6bdkdFfaRN7GD2pNP,1220,1000,1000,1154,true
2966,AMMFdEc4VRABec3rHjZMvaPRwRF5nxDbkRSLKk2DDDhV,1046,1000,1000,1154,true
2965,AGQDdyhb8mmysiNX92yCdPoAPnyQ9BAVDvFMvEEBSVvt,1219,1000,1000,1154,true
2966,G8hYuqzbxLiJg7ofa3rheYJgqjCnK719Lw56ijcKr8sT,1045,1000,1000,1154,true
2965,H5UrDbgkZMG1UrJJ5DTS4JN8hdYnYKyqecNkJHKL1UB1,1214,1000,1000,1154,true
2966,2YuMRD84ECkxvuTxkGcEe1bYswhiykWepbfTEAvXgnVe,1044,1000,1000,1154,true
2965,71cwFK8gcfF6kbhoK2fPB9FXjv691D1gGfsWVTFRoKE8,1209,1000,1000,1154,true
2966,DVSXKPn3ATRxiC1ewJAetfigJpPfgry6zhVCYzKezaFb,1040,1000,1000,1154,true
2965,F7CRyRHfWM2qLLYXkg3xHWitJKrQ33sGPkauVGGCWQgU,1202,1000,1000,1154,true
2966,AKKYcSLMGfAjEjfgGs192S6jCrYgvwryaewgbqqtq8vj,1039,1000,1000,1154,true
2965,6Erut7FBFt6waTw8bViNhJ4nTHetxKMwjaW9zgcU4sFZ,1201,1000,1000,1154,true
2966,3SghzYV8PD2YDVzhEBY2QYZrPC4gSdgpHoCqk8iQJpMJ,1038,1000,1000,1154,true
2965,8KydWRgamz7bb8oGHRnv2kx2W9y9SkwrcLS6aDRodMzA,1200,1000,1000,1154,true
2966,ABvu7NJWcphYpxV5KBPkp6VqZpTuuWLUJ6j7PtQJQzob,1037,1000,1000,1154,true
2965,BBzExF5YWtsTNJVK6Ej54E2h9Weev7iKXTZwdsoGq8yA,1199,1000,1000,1154,true
2966,HjiZs9K46pVU9skTeN1tdXcSiRwgHDzmmCbor6KV6RcW,1025,1000,1000,1154,true
2965,5oHc4K3e9jAxpGZQTvu3eoRwLCDXSwUyh7HP6mPkna8D,1183,1000,1000,1154,true
2966,8y4nTMWTB6oWwT3JUMdxkLGKBX5PL9EVeUT5CHjJNvJU,1024,1000,1000,1154,true
2965,H7UgLb5bgWKE4RzVNeY62XgEhzna7Lx8fn1VSg2rccG4,1182,1000,1000,1154,true
2966,48xctVUjTxfTeiWeWMyucT6JykdEad8cMrARQZjX4Qi8,1023,1000,1000,1154,true
2965,7hneakdh6FRayYiLcQzqoWBznw8qDQv4BfgdmWNMJV3o,1168,1000,1000,1154,true
2966,FW9e1cJbFPepecuzUH6nmjF8bEBB3sQ9nSMukgL9itKj,1022,1000,1000,1154,true
2965,2FQCu6ZnV4c2sptq5KMZa524ZabwKTtQehcrfPBq2vci,1167,1000,1000,1154,true
2966,93XfXDzvPVNvowvZaiC2Z6T5VX618ZYYJ3Yp5PZeWhQT,1021,1000,1000,1154,true
2965,DrERZPjwAcfWtGHodnmxrkDc7k2dLx7y78K2YS8b8Emm,1166,1000,1000,1154,true
2966,9L4oYTaq71TW8hbNkzYBYzsqwHNTu494ZGtqSPuddKrX,1020,1000,1000,1154,true2965,H5sDrZEbYkBX7eYErJppw7MN3bgH1z8qTeSGA58UQvfr,1108,1000,1000,1154,true

2966,HgJUEvhJsvrgLZaixcDvowxKkUzfGuVvHMv9v45SiXRz,1019,1000,1000,1154,true2965,DdLnnAxmCgCxpBcAjauXHo8bCNnj3rqXiwH2xXcEP9ja,1107,1000,1000,1154,true

2966,8FsuWGEStaLi7jcXkXbRGEzbWQHzJQeBcJejrTogfgfH,1018,1000,1000,1154,true2965,AXNemsK555jTGsv7f6kQsFaEXrg2sP645fNZWcpecwap,1106,1000,1000,1154,true

2966,FeequfVhmP2RpvkdwVuXhyd3FGuM2HhFiRBEiWZxDExH,1017,1000,1000,1154,true2965,HKLJPZFxQf3ynbzpZZeRp9vM4ov8A9KHAxRhnW5x66UA,1090,1000,1000,1154,true

2965,6fmJuZyxLrH3JXFuuRZYeQr6sTP7Ah8ZZhqUhM1Ld2uq,1089,1000,1000,1154,true2966,5QqsVKNxfYiV96Wf6zZkS7zzD8yFMCPxd59iix4hwzKc,1016,1000,1000,1154,true

2965,FANM6u9uziRNFZK66AQj41BRexj5pPTeqgWWsZ4Ro4FZ,1088,1000,1000,1154,true2966,Bv6T4naBpzk7D5pNhFeX7qVFoVDupx2tCzbPihCUB9NS,1015,1000,1000,1154,true

2965,B3CUCPPY4hRB4FCs11pknVyCgqD74zzMprTAVUp8We6c,1087,1000,1000,1154,true2966,CVsTvdHuEMsWwSs3L67bvo8tdmadVVjd14QyLjFGSJm6,1014,1000,1000,1154,true

2965,BFM1EEtNMtVZPfhTJucZ8o5G55irospL8kgucKvyskV2,1086,1000,1000,1154,true2966,81L73M4nGd5mhAs3tcs9P4qj3qEeSTSN2GApizRa9wDJ,1013,1000,1000,1154,true

2965,8SaxaZtNUC88nDYWU1Hm9oSzkYpofV9e4G34i883RRwv,1085,1000,1000,1154,true2966,yEBNUosFMykKmxHRYFe6dm7XApocNr89ighLdLY7qTr,1012,1000,1000,1154,true

2965,66SnQu3HnCQCdsk4bD2A7f36qtbGkuantqYQMUYkziGp,1057,1000,1000,1154,true2966,6mKNSz8ta9qsyomSXrEKeq624fVsrUV99SDUL6ELCCqq,1011,1000,1000,1154,true

2968,Brq7xmpMHMYxziEUjjEJjuh3EYHdKwxCv8WzqKuTQuA2,1204,1000,1000,1154,true2965,4Pry1Zx29ga9cUNB67VTvGxhMc9fL448r5weFUHcsZv6,1056,1000,1000,1154,true
2966,6u9q6gvNNQA8QCpEJqQ3v1eBn4iASsf1Fs6FfCWsW2km,1010,1000,1000,1154,true

2968,Ekr1b3PKsNrT6A5g56LzEz7dBZGd8p3xFU7WApNwAXWk,1203,1000,1000,1154,true2965,Ccyfyvgh26PYXiqR2bHSn44Me6swauwisJkMPApsuGvt,1055,1000,1000,1154,true2966,GY2xjP9a6PtvbPeajML9n1R1u1fRtEHzhU68VkvEoECz,1009,1000,1000,1154,true


2968,HeWnAb6jfLGhthqjEDZX4mvS28qxkMrMqLSpTNHK4thg,1197,1000,1000,1154,true
2965,CcXWFK4LBQ9u41WAH5bQtZ6gQXUrnBCriooKwqbNGcFj,1054,1000,1000,1154,true2966,6W41rdJZ6ScZQigkAwnMq5ULXnHVqTca3VCC4ugUhZH4,1008,1000,1000,1154,true
2968,7MEbFURhhrSX2WMcAMsnyCKrDEXpx63bFqQCNFZ1V3vK,1196,1000,1000,1154,true

2968,Eme6QbxH5v2ATqintwqGjMBfWVKp9UnUbgruof3YHUZy,1194,1000,1000,1154,true
2965,6muuiHYGaCyzcR1j3hqPqFxbDcxBB2ykAmtzFfbzcGjS,1053,1000,1000,1154,true2966,9WfXYAsDvvKVoBaoc9QBHXr5rvjDbxtdUhYnJWWJnUdj,1007,1000,1000,1154,true

2968,PovvnSz6epLhFJ7gDs7LVKLSj5tbvBc3FpSPnZuNpym,1193,1000,1000,1154,true
2965,F9r4jHtbW4DoPJW1NqNbQfnp3ceVyFW6vzY67mvjYT2y,1052,1000,1000,1154,true2968,4xLCrsDyH6ncmR1bAngEy7Jcr3hWGsET923FRkkBu7VN,1189,1000,1000,1154,true2966,Ds3ZaUgNvV5b8KhEotaD6rxDUytjMoJBNdfbhTmWby63,1006,1000,1000,1154,true


2968,CFfPEksM29yBDKxkLamhzmU9k84MAeoP9mZMimS9bxHs,1188,1000,1000,1154,true
2965,Fv4UTshFP9jZym4zohsNLAX3PGq7UrHeNcL45MFyYVrL,1051,1000,1000,1154,true2966,5kC8gKyMb6mkUtAJgmCMTb4fcpgv9F7moqZeeUEEGRKq,1005,1000,1000,1154,true

2968,FFciznC5bZZP2Ku15g8h3Tc94CBDczy88kHNazUAevHD,1187,1000,1000,1154,true
2968,H7fsNn9x3rwtFsoMJSWYQ59ECaxeSXGYZ1Xem7hGjKnd,1186,1000,1000,1154,true
2966,D5pA5f6H1ki7G1ZfU7jcL15eCDDXcLPZQN6B2hn4yfeZ,1004,1000,1000,1154,true
2966,ED95Y1D2YEtkmEjLFuW1aVsPhTakSAeoukpJomozNKf7,1003,1000,1000,1154,true2968,G4hB3CPkVZfbPQSqq8PscLs8mquEg3xor61cCK4jiWHy,1287,1000,1000,1154,true

2966,JE85sYMiHmdYb5QTUQ8ynpLvrr1m468ksEoUUNu1ZVSz,1002,1000,1000,1154,true2968,2LahvY9mCxvhqjcTFiGnSYJH9hCiLUBjPo4fnzjrZiFo,1286,1000,1000,1154,true

2966,H6wZHAPwbQNtiUmXjzCm2pwMzWch4GKLqn2k2FVcGSWq,1001,1000,1000,1154,true
2968,4Eiby7yFv6oNjmtMRPeDwnw2vRs9vAQyx1b87FrxVQrn,1285,1000,1000,1154,true
2968,7dpT1pTLtkfxQarNfGztX5NDQFyrYDtGrh36sC8z3yEW,1284,1000,1000,1154,true2966,42ebq6SfhddNeD9QKwkjQKBksiuoyVxKhPR2pRp3yhmR,1000,1000,1000,1154,true

2968,7Atj5YigYjcmLGNRFLwYy4Ro8F8ub1ALcbqizEaTjuCS,1283,1000,1000,1154,true
2968,Hg64syiUnjfCX2QAcPU4A3xdHRPsjt2cj5wW9KMXa4tz,1282,1000,1000,1154,true
2968,7HebXK71MUUd3Zw3jk4B8eqZ3WvQfemHvcjJ45JRBDsX,1281,1000,1000,1154,true
2968,7doYgpoPBC8rpnQNmA2DppdK4pRuetB3t7rgy9W1Wh1v,1280,1000,1000,1154,true
2968,Ekb9ACzpGwq4nHVx9PTbebpRTt8ukmveM3mauVRRN4ZY,1279,1000,1000,1154,true
2968,9AYUTDmgfFEbJNY8NZhHvhSL5bT58cLh7mfXkE1cTU9r,1278,1000,1000,1154,true
2968,F7kAgVjVq7Bb4JKGYYjnJyvHp7aeXPHKwyi9ZYMwpR4K,1277,1000,1000,1154,true
2968,4wMW34sgWUUB4F9zzLVvy3q5D4k32JYCx66pWxJQqfAU,1276,1000,1000,1154,true
2968,FD6wGv7RJ3LXhnrumf7R73cHhZqtmCNakHHkW95Q8rSr,1275,1000,1000,1154,true
2968,GAmEHDUcMGT9faaw3LUPV3JGucs2mT1R3Pvxi2Pah47e,1274,1000,1000,1154,true
2968,CTSdi2rzx9ELZerMQAZopWzjBeU2BqbXXswkD3ttmzeR,1273,1000,1000,1154,true
2968,9q77fWsgwXr8RQ8VZfqsBoTjgr7QTLVKnugogVveVr7F,1271,1000,1000,1154,true
2968,7Y128gfH5G7sPJ1ZwuX8rVt3ZHNRndbSKrmGdwTw6oKE,1270,1000,1000,1154,true
2968,4qJ3XpizbWV6WKeCM7bb9wHLaSD3em2j8Sgng8bMmPEf,1268,1000,1000,1154,true
2968,A2326UXcoxTV8GequAX1N5qKFosVYRrWkzzWGDgnivvL,1267,1000,1000,1154,true
2968,G7hkPrwwbjZnZgPMgmQnqFxVg3GLeeZLPpZx9GgKR5mv,1266,1000,1000,1154,true
2968,ByWbgg6PfwXrkWy3HKU588hHF3pHGxo3BnuDMHGRp7a5,1298,1000,1000,1154,true
2968,FALkrx4vmhpMocG5pEPTddTQvoWu7LT3nyQqcVazX5Ae,1297,1000,1000,1154,true
2968,GpXJt3u9G4VAMzamKKeJZL2rsWQLya5DD7UuP2Amf8ei,1296,1000,1000,1154,true
2968,9RuiXz93iEgmRbe67GtnHkECeeuUVkDnazC3WTW36Zwg,1295,1000,1000,1154,true
2968,E3BaJGx1ZKninRaLeVxztJdt9zkuTvCeB8S1ih5Zsdna,1294,1000,1000,1154,true
2968,BAAyPZfXzv1gnZ5SUxwwqZSqadNvxrQaQHipTsWDeYFQ,1293,1000,1000,1154,true
2968,83UkVZJ284KiEif4WkZ4ia9sRgqPPD5uZRBppMefJayv,1292,1000,1000,1154,true
2968,5mEHCJLZYo4UFfkTQM9oHmxFD9szRzAg3wMBvxi7rhqN,1291,1000,1000,1154,true
2968,JA6WBX5Sam8P2Z2YzBxmUBENR34FS5uXmgg6KDvLVUbB,1290,1000,1000,1154,true
2968,H1zqtzKQByZJYzrRNRg8khZAM8HPqNfC2Ys7JLhGEYeD,1289,1000,1000,1154,true
2952,1eFuHPgyVpLnRUmeb4JktzZK2xSDDyKrkMCVBy6kkCY,1118,1217,1000,1154,false
2952,12BgP1PmS4QZPTciR7QvLnntJr2aA9jGQaEGmnx83pZz,1085,1217,1000,1154,false
2952,5yreVYy6fTgyLSXC2fUQyUWoZS6oN6MB1j4B2NKuJRf,1071,1217,1000,1154,false
2952,8XtB4mfAM8CNqEfTo3pQSpQgifzgMCb4P52F69L7xfy,1102,1217,1000,1154,false
2952,APYgBHjGSYzUWxUj2yMEo3A4B88k4mNfg8HdG25e6V6,1155,1217,1000,1154,false
2952,BAm4fFKnp4KDogbCVN8T3WbAxfAEf5LUxeM5GEuXyuM,1136,1217,1000,1154,false
2952,EATeesedFtMD8u7G2Tx98qCQDPSPThr4y4i95viamVK,1003,1217,1000,1154,false
2952,EvCKrPDJ17JqymVb7omEYcwataYEF58oaVBgfMp55Fi,1189,1217,1000,1154,false
2952,FKLFwQY2zGUUM3QvCFmW5bJfZAH7JU6EUmW6paGcCiX,1064,1217,1000,1154,false
2952,LvLgLJMU1zgLQ1R6joxwzwq7o7w2hjWacRwcZbJ1obP,1062,1217,1000,1154,false
2952,N9MwLmrsH4tFzhoysxGBcXMkyDGNpdBCL4jz5ZVjH23,1126,1217,1000,1154,false
2952,UDKemYhvJ3eL2MqQ4nuXV3TznYBybT959oF1oNv5ncs,1010,1217,1000,1154,false
2952,dj3oQBirsjjZUJzwuwj3noc5DFTCLDZMiPDUQPzkZ3G,1057,1217,1000,1154,false
2952,frRgTqQZmdZnq2bMTEQGfQPx11vrn55vaQC2Lv7nSDt,1117,1217,1000,1154,false
2952,gd5SRKsNPRpmDMt99Q7mCqKjZkDJD4E7xHcq8nTzyYv,1173,1217,1000,1154,false
2952,hNbYYFibCuc14JcJpSrQ9EZjQjcGMJizaiZZNQ9uUwM,1156,1217,1000,1154,false
2952,hnGWUmgctJP7eqGEa56Z1s2Ydz1mwL2jME94LctqGYQ,1066,1217,1000,1154,false
2952,m9Fis6cGLf39GoFgqVpACsvegKQkLqedW61EDPE3Q8i,1183,1217,1000,1154,false
2952,w8BuNJNbe2URvhBZXbkAj22AzYCW4JufsMByenFG8pX,1026,1217,1000,1154,false
2952,wi4gu5YQX82o1xUHp5LnDW4b1voVaD7EyrjYJ8Ku8cR,1013,1217,1000,1154,false
2952,wzwjdk6NXKMJSqMopfh3PCjgXcQv4BBsGswmzomnRfe,1061,1217,1000,1154,false
2952,23siAUcHV3JhXynGAUV8JgTn1Z55SsT46GHNoMyKUzuq,1030,1217,1000,1154,false
2952,26zky8HtohpQN7b3coJuZ6KwhPxDKyYxbundnH2DrsJu,1156,1217,1000,1154,false
2952,2AGpwSsG2pXBoj8L7QyMV4srSb3UEK4r6FmUWq2E4pxa,1001,1217,1000,1154,false
2952,2BfQoVShyE2SfVSWYVXki9mg1ZbCfjeyK8HafiNpMRgP,1060,1217,1000,1154,false
2952,2BsAU8AETXR3bwBjchEsLkdj4Xx8JWtRAECZRW3jVgY2,1040,1217,1000,1154,false
2952,2EFHAtybZF8AD3kuhTg6bRVvjWwkMxx6TbmRLv5dkd4H,1073,1217,1000,1154,false
2952,2Fc3sqx9Qu7J5bFHHFkCtvrA3QUXCMSspFk41JjhrhKb,1150,1217,1000,1154,false
2952,2H8BopL2Y69zgindz5kfMjepeZu877XLnVbpDoihDC6q,1205,1217,1000,1154,false
2952,2HRYxhogyc8inpoEL9ZfistamwmpMTtkDTrNzCQVj4HV,1107,1217,1000,1154,false
2952,2KZvU7WuRzuhu2LXReovX29oDWLc2ekGmAAJGr3dbfDt,1092,1217,1000,1154,false
2952,2MxKrk6hSYnVNXfTt3L4RniJ56GkA8NEYYER4dpmLS3F,1100,1217,1000,1154,false
2952,2PJwAj22si4K8augDkoZTSvjc3UArvmbvqncWafLgM3c,1097,1217,1000,1154,false
2952,2QfPgduo4mJAnRARufmzLnQfhvKgMXoJTLTfgQ2MLDiy,1127,1217,1000,1154,false
2952,2Rxtjn2cnJxKR2jMPvhMZC5dngijeVJ7JpixsU3ZFXji,1013,1217,1000,1154,false
2952,2UfD2dzvkDpmHREVDADjQyDz5GcixWDon2XKGzXXMyaD,1145,1217,1000,1154,false
2952,2XL6C6CEBTfwGLMkQLRhmwXYFT6hXa7JQDjcmujM2Kei,1005,1217,1000,1154,false
2952,2XrpWEAAbSJfQ5wsBmgRLoeh2EyNUoiFrEGYyN9sswRq,1123,1217,1000,1154,false
2952,2fSnp7YPcxvzvSnz4YJ9sdcpHqjvC61YMPfFXRKz9qak,1158,1217,1000,1154,false
2952,2jXQZWmMKs2gGuChEbyJ3mXeUXAcaFeEzBCh1GGCmTNu,1027,1217,1000,1154,false
2952,2jpEKSbsfUKqrT1FkdLNhFit23deGKrP4ghZBdacWKmT,1072,1217,1000,1154,false
2952,2nmqT9F79d7dhsx9mRoZAKFPqgrGz4zEW7nCdxLnRG5S,1124,1217,1000,1154,false
2952,2w7AWuDVvbXq5fHostPTWSmxZLyxrBaffZRfdqbdx8f3,1119,1217,1000,1154,false
2952,2xHpUe4J1SRjS154WEnmD8Fd9nh5MKqcC4sPmjrSWfHj,1019,1217,1000,1154,false
2952,32yuxZPpXoBjeUEjyqn6FUX1eSnJPpxNcaRRYj3ZU86d,1042,1217,1000,1154,false
2952,38uTifV1MtVsJvDRsgu7D449FUmyHHjPuvDPe4FG6Pgz,1140,1217,1000,1154,false
2952,3ESHS5pLXUkmvu6h4fuPcrUKtB1cExMfAA66xtPMSA6a,1069,1217,1000,1154,false
2952,3FYo5jZzjW3GBMDP6iSvZwBTe1epKCwSRxn5am1MCDLx,1012,1217,1000,1154,false
2952,3FxKHYW8huHj2HLq9kfQkpHXMkjtAydxXocpFgyJQy95,1182,1217,1000,1154,false
2952,3J6jUR9kSvSQxL5dBty7UpUquih1M67BSme4okwjwcTD,1081,1217,1000,1154,false
2952,3KB6EPbtF2kg1XZJJWthzonx2SoJ5efYWMAPwV2EQSiD,1052,1217,1000,1154,false
2952,3LJk2KF4CKQY8jx41xj8YF4HWmHWRDy3ychqiafZYi5G,1171,1217,1000,1154,false
2952,3LnE5UCQWWpkv1LZE8H8aG5XZNVrep5Vf7XaHpyLSBbq,1054,1217,1000,1154,false
2952,3M6JLgTukyU3wJg8roxY8M73Ac6rwtq75BWw74V1Vtp4,1101,1217,1000,1154,false
2952,3M9BMndg6pkrsWjRTK45Qz4YFGmorzxvZ19A8SUYLte4,1034,1217,1000,1154,false
2952,3MSN43yCkhwA6C6X3mudPQjLJD42uayy81mipXZfBM87,1174,1217,1000,1154,false
2952,3TEPYtxhnDtLR5o5BwakFE66nq7EeYPore8UrRYuPUsa,1183,1217,1000,1154,false
2952,3WMPxAmU8VrcMinSr7SPcRs4n8jeCTfsipR6phaUeiGv,1088,1217,1000,1154,false
2952,3XGFdbjPhoZ4rgkqxv318xaciP6kEmmvCzgqntV13yM9,1076,1217,1000,1154,false
2952,3ZT48vgvejPYYdsCS9eZBe4rBu6jQHus2QgV6evq2t7k,1208,1217,1000,1154,false
2952,3bfBgj7ErAEwpQWBwyEYKDEPXRAaSkRnz4SNuzk8WA76,1015,1217,1000,1154,false
2952,3cXFM1YtjeCSaTZdASsrHQ5DjtXxJ3cKVraCp1WGZnqn,1112,1217,1000,1154,false
2952,3iJugrGwLuhFXeNjCJFW5XWRikZsiXvAmQBBN1GCQdVu,1002,1217,1000,1154,false
2952,3kxaRwL2YbuWuH3P96ha6TdEnsyasQuFi7JUP3HL8gRS,1210,1217,1000,1154,false
2952,3kyfWQh85Za2X3LJ7HEyFzKqnPHjQRvbnZUCcrshbECR,1169,1217,1000,1154,false
2952,3rHGK9vAoKCgNtpybnoeCGqxgimj85xxuKM1vScDSgXs,1057,1217,1000,1154,false
2952,3xb84czx1DTY2prx78bEgABBBaQGkXR2QRGHBVWVUxzc,1053,1217,1000,1154,false
2952,3yepVSnXo5dfxqFNykwPQbPGzGzn9ahptrs7nRetTCCP,1007,1217,1000,1154,false
2952,424Fa5mKHVQWmWTkjT1x9fD9KN9aR75xmVBfFNFEaReH,1075,1217,1000,1154,false
2952,43G3LzzWSPjK5K4ja8wtBgxYfuTPxHMgFFJSkkLN6MtK,1027,1217,1000,1154,false
2952,4DTDzcvD9w1dygS4kL8LWg695JNbiaSCPoV1xiAjhWPL,1038,1217,1000,1154,false
2952,4GSUkdGk2RAXLMtde2X2hXx7B8HBes8a1bwDuPBMwJHx,1035,1217,1000,1154,false
2952,4H1YLUNLD8pqFDs8Cbdm6QwA3jSGNdmwVVvwKyTo7dv3,1129,1217,1000,1154,false
2952,4JU4UetkjANSdoPtP4aNWSuYivqFWiYbPgpPPnrwvutz,1033,1217,1000,1154,false
2952,4M96Y2yD43UchUJBXUixNgpt4nUBiPns5VUJHwpWdn4m,1058,1217,1000,1154,false
2952,4RcyEJemm4nkZ9AEM8FrYTW72MXGjgn7zvrmi2TntP5w,1077,1217,1000,1154,false
2952,4ZM3qcJmH35fw7XendpcH7YgqPnjvgC3cfWQBC5Ehh9B,1070,1217,1000,1154,false
2952,4evzoTeS7VqompxusnBR6UgMrzB4TCMJhMmXw6aagiVa,1028,1217,1000,1154,false
2952,4jwhVVdRCmJNoZnHP84pbaX4f17TFNbgt9p45E9AsDLy,1160,1217,1000,1154,false
2952,4kGj4nPDEcv7wmuHsSSoJsj7LhXGxMDiLcKTqv2a3DW9,1002,1217,1000,1154,false
2952,4kpju3vu12jXHihCaak5QGtA26Wi7c2Te8KGmJSugPfy,1046,1217,1000,1154,false
2952,4mBty2ZP2J8aj4oVxd1LgvHPCr4ybtcQNqff9EYBffir,1062,1217,1000,1154,false
2952,4pH84Btmnfwz322H9Aiz2seXSBZNHriYtuP1GqaKPkbR,1027,1217,1000,1154,false
2952,4q6wrLNVuykPk64fgnGELkVLfL6xpzCmVgefNiHSb9DJ,1146,1217,1000,1154,false
2952,4tbq1zEoTWcmFov66rx1izsz9LTRpSkHpqqNgNLXYXes,1099,1217,1000,1154,false
2952,4u59fvGQ9y5zHdgjawH8pRVkaT3hLuHaEfQ9Jwh8Grks,1036,1217,1000,1154,false
2952,4uTqQwGwEXoaVaPLwZpAjjh4BRQrsCkJFwKUMv66rEmP,1152,1217,1000,1154,false
2952,4vdCmAM77sGsiFhZFNyK7Mq7xqSym26TwBUPEW6cx3sb,1143,1217,1000,1154,false
2952,4wPPRHmh8ycF5rjnCgSVBu37B3Uicz7ffwQK13k4FRtQ,1206,1217,1000,1154,false
2952,4z4Lesw31i5zB26tT8rqbHkfv8Ak99zPPWc46dX6tUF2,1212,1217,1000,1154,false
2952,4z8AzB8BcohhnvnCFbLNP62Kyw8MBkBEbjSvUdEJPLEk,1125,1217,1000,1154,false
2952,53B25Mzb495tjdNeNSKzxaBATvGMLM4KdPJHaFG8DCPK,1017,1217,1000,1154,false
2952,575Haz1N9mng4sigzqGjxBnhtqMQ2uvGJCDH7df8CKKJ,1083,1217,1000,1154,false
2952,57qJpHEBYxigxUGVsFdoyRGcoAchqTn8ryewaugvBSiQ,1006,1217,1000,1154,false
2952,5Bhu2AkHWuqKYct4VkT1GYNbpHhy8SzM9vgsRiYnWG9x,1014,1217,1000,1154,false
2952,5DvJ7DEX3Lj9oQkZuaaJuvxwzwq9PJnE4tDyPBzNCQTD,1144,1217,1000,1154,false
2952,5EqZ6YYcZJVXaC1JmkwSrFJWRiRNFTCnpqz1syb6u2TQ,1165,1217,1000,1154,false
2952,5FyFX7ZfHr5zaTyz9bbkKytk38vW6NHQy9E2EfN3wPVo,1184,1217,1000,1154,false
2952,5Mr3HcJ99HMTMwjBs8WVCcupeUpS5Kgzmu5w4NkoYZjk,1030,1217,1000,1154,false
2952,5PQzm63juyyEYs5vdYStK74T1dMEKzfwpptgfY6mmHMN,1160,1217,1000,1154,false
2952,5PaLSK2Q6W4G5VsjVa6x4UqSntsar4dvYKMDL3KS6Qk2,1004,1217,1000,1154,false
2952,5SfqZq9HRgo7ueJPU8q3Qdq1ZgoX2gWNEfJCsBch8RzZ,1131,1217,1000,1154,false
2952,5SmnUL7D9EUMMccUZLYZrbqij8orhK32d1MEHM81vKGG,1006,1217,1000,1154,false
2952,5UYZyrtATFmw2zjCoiAiovAP1xc5JFfHTRLXNqvajBNv,1045,1217,1000,1154,false
2952,5UxpT8CJ4gBXmx9RxuqtnZErkmnrE1iVzuAjCD8RueeP,1008,1217,1000,1154,false
2952,5bPhAkVpML5xdKm8QSGvw7THnQzyaDhrTFhHXe5uZo4H,1011,1217,1000,1154,false
2952,5f1e4ojhFKdwnYjBMbfJVv15pVihZ3hXHsChr4XGU6b1,1010,1217,1000,1154,false
2952,5fKJoEp814AjX1K4FkbfiFZaW4JRFWA9J8UvGRBPpjcF,1131,1217,1000,1154,false
2952,5gDHVEMBcqtcXoqQWj57p9UNjVbTuKhsfE9AttzK1XS9,1025,1217,1000,1154,false
2952,5hoX987QNX3CTGCPh1hvxeP1N7gCXnLq9fVYBLAELSwY,1137,1217,1000,1154,false
2952,5k41dNAGXcam8K5dswnAeP24u4dXuPKq2wtyCw3mkGKC,1152,1217,1000,1154,false
2952,5oVZTH5s9ARUJLp2HwY6229yR8mR8RmKj4M5Qa2Dxf2b,1065,1217,1000,1154,false
2952,5omyWvSZpdvkp9zXqTw3A53WRHowf7ngCZHowgrpauZ7,1022,1217,1000,1154,false
2952,5qjqQhRqHxvrKvmBbp8U6oJoLmrabZMQNCCdB5kzmEgP,1157,1217,1000,1154,false
2952,5sx1jKNLYt6jLdvCUdiF598SuR2ZHJCWqGm7bFhyFkjM,1014,1217,1000,1154,false
2952,5tWxTFgeLQBvbmTSuwdG8NHw7Ks7nVMyqJLMJ1LzLvgq,1161,1217,1000,1154,false
2952,5trnndbLXzc79qNLHZjpTkFpcCvQd9GHtfkHHPUgGQxU,1013,1217,1000,1154,false
2952,5v2QvhhUbxx7Y6ed9jJYfT9mudMfQNXscryXVaLrEP1T,1087,1217,1000,1154,false
2952,617kcq6aTPz3DfTp8aPxjcFZ72KzKeEJ4z1x5PGr9MrP,1147,1217,1000,1154,false
2952,61QquZ5L6jhuKmeDAfCcGpqCzh4i62FwrTjQ6ddAFSYg,1113,1217,1000,1154,false
2952,62yfNpy9smtxq4Z2V9qomZp5YDKRbkbx7GuEzxcdLV4o,1001,1217,1000,1154,false
2952,652tiq5ybJuA6UwYwd1qZmw6q3TMcKzkk4GNBWTehDUr,1084,1217,1000,1154,false
2952,66orX6T62u1KW48K6v7Mn59CwfzTSDByNjqEfjUctoPd,1056,1217,1000,1154,false
2952,69xBwwpE8z4BJfwQQJYEWQ77nW8kMvKoUpi9Fo9FzTJz,1170,1217,1000,1154,false
2952,6LUDfyc5gLonc8JL4FdLRiRJqPWPnj3cYQ4FvgLfmDYn,1166,1217,1000,1154,false
2952,6MwK3j1hEbHrgTdwGVUMW5PCHJ7CxHhGcnhRy7gPTrRf,1139,1217,1000,1154,false
2952,6T8HgDuB2ncG2mjY9DQAiYvhHv5sK1dBJeZCoSdEGDai,1039,1217,1000,1154,false
2952,6WXYg9ghG3wH8HgiPHFy7AQt4Hr5YGfgqZvU58pyhPEt,1021,1217,1000,1154,false
2952,6YaCzgk9qsTbiaZKyawe4J7i9od2hunub8fobhgLEwXt,1044,1217,1000,1154,false
2952,6YqbYf5JmzWn77Bt2S1DgJAZTBZZmeKikwi8of1HDG17,1031,1217,1000,1154,false
2952,6ZeJM9qqnBct34Hh4oh1g34HdLipCEDhDCD24xiuWTWY,1032,1217,1000,1154,false
2952,6c4N2wiBQG1eoSspEmGxaZUA1SnxuuTHjqCiXFrQX8MK,1066,1217,1000,1154,false
2952,6d9eE2SPF7nnj7YBub2cyh6HSG8SnUFdfWkfbPaaapR7,1001,1217,1000,1154,false
2952,6gvhjeEaM2DMe9P1oFdKaPybn8AuBEViTAxerQG8Dwqu,1068,1217,1000,1154,false
2952,6mACVnY9M3Yuf4wBiQ4LsEwrs7akuHf8jwnmtcz3jt9y,1172,1217,1000,1154,false
2952,6pPhsxZGzxAbxa8zTpCne44H253KEiQpZ17CwJ1UkKcL,1203,1217,1000,1154,false
2952,6pTLwLHNBregZ2qisuUFpYUvNSK82vzt14sqEnbdB1hJ,1067,1217,1000,1154,false
2952,6s4UzLhz7W2BWxDYYCv1vygPVFJKP6v5213JRjkiBJN3,1134,1217,1000,1154,false
2952,6uuMvuTXUT9tYipDCksdF8wteFDw32sKG1tYZVN25jps,1038,1217,1000,1154,false
2952,71QwewpuTad6tfBKNjatjAqGQc6kNHbJsHebsu8WJjVs,1072,1217,1000,1154,false
2952,79DGwt88ozCE4rYVZG45MJLktT6qkQ9fL4rfW9ZfgTte,1119,1217,1000,1154,false
2952,7EGUYYp9BRmggwYqTRpRLZmxV7RgZkTz3f64TzLCqF2i,1120,1217,1000,1154,false
2952,7Gyv4uvFWbtm9Yd84nqu2JNiSg6NqSNiuo6jZw3sDpaa,1050,1217,1000,1154,false
2952,7Mmmobw6UDqHd8KUSKbkDDqf8eAdLYZnhBxK9ymeDd7u,1086,1217,1000,1154,false
2952,7NVZaaqxuUfqE3bEJ53sa3x6BEEjo3n5921JFmsV6C9L,1089,1217,1000,1154,false
2952,7NapXD5HGy9KnzSy3tcsaYdC3U4coWRejSbC6BqmAWtx,1079,1217,1000,1154,false
2952,7QNcC9g2wbqrpmi3RQ47wrt78QYWzCeph4DVYvMSAaC8,1020,1217,1000,1154,false
2952,7Qo7qFrwxFqrKSEfBcjfSmwrBF2MumKQuRC1JnJyY2X3,1007,1217,1000,1154,false
2952,7RFY91YZ9zcrVSQuPFaeML5hapHAxt922WrnRqzqWdis,1030,1217,1000,1154,false
2952,7SKyFgG1AwF8PdJ97kDuoBDQcYm7Qcmmztax51t26Z6U,1094,1217,1000,1154,false
2952,7U2keKpq4yXNuQtAV4nan2HGpEQkQEkJWqNx5VVW6L8c,1200,1217,1000,1154,false
2952,7WkWEznYxANjJyZHGPm1cPbRjPdeUQ8NBMspDKJ282gs,1008,1217,1000,1154,false
2952,7WrScKoxLes2jFSv6UphFDGYrd9tfPmXrYypfJFUrvSp,1167,1217,1000,1154,false
2952,7XS7K9MNgF7NNv4Z3dmD9L9f71H3sAqR6MMmYhSwk6RS,1075,1217,1000,1154,false
2952,7YkEax1zNnGj6skt51BmVfxgXJypTJjtuof7qzG3NVnU,1108,1217,1000,1154,false
2952,7ZxXWuiymtijvc79LJQnaQQognxpvd2WY2jHzi7Jc4E2,1105,1217,1000,1154,false
2952,7avBNKN9qsjpizo3dWmsywSnGqGETYj93oNzKY8uu3NY,1037,1217,1000,1154,false
2952,7iFrwdZ8HXkSsdbfCYUkPBXAQcTZNzCuPzP7YmDgC7CM,1060,1217,1000,1154,false
2952,7j8A7zgaveurDNdoxzHfBjX3HnPuKVwVK3zctEb9xxmU,1101,1217,1000,1154,false
2952,7nkVJeU8VYU93tK9sMfwigL1jryEbg8QYfVYqD3FgY7M,1133,1217,1000,1154,false
2952,7qztgL3WaJDuiRXB1fqyuk43ccKnE1g4M6WBCfL2aHq1,1111,1217,1000,1154,false
2952,7sHL8pYcseQRctZwmxyGHKhFsnBteFmnfiKhB3LuxB1F,1097,1217,1000,1154,false
2952,7tewq4iZepzUKVAxiMRP3dduCf68it4NJopLSUneMv87,1131,1217,1000,1154,false
2952,7w1F3m5XAknJywBpspMWDpN1fxBUvpZ7xsZ7qDXyyDgg,1135,1217,1000,1154,false
2952,7wj22U5n4o81Wn3UURFuQVytPnxnmGuhZRTCJ1HJbFcQ,1116,1217,1000,1154,false
2952,812LbrtjmDeD4bTSvgiCKLEyEmWeLDc5BTB4PMLheE9d,1026,1217,1000,1154,false
2952,81z1G1JFg1KGLyuQkZLKDWa9BauDWdqHoYDASDLsqakg,1162,1217,1000,1154,false
2952,83Mzx8NHqASNJoJMkv42UhzF6LiSsjBf4UVGKn2SmVAT,1213,1217,1000,1154,false
2952,8A1z47jazJcdAf236AXBXPNhhRxS4cKRg2imRzDy98kA,1189,1217,1000,1154,false
2952,8FppZ1NcCsbLcDk5GCn5RhNjYWjz6r6JSoUz4piGth6y,1055,1217,1000,1154,false
2952,8JrrEsvp4fMZoq6eCj66yJuE5Ca6wEahAC9KDokyLSYi,1050,1217,1000,1154,false
2952,8SAdZ26xigg5D7a4q9QUHdX4JcLofpizZJXSR5S14rDN,1153,1217,1000,1154,false
2952,8TpQvo9D1BbBDcgJ6r9iowkux4hJQiRDyoPj9Tewiwp2,1201,1217,1000,1154,false
2952,8WSCp8dNqcfJ4GLqmmvemJpZ7r1oqbAYPvtmf4GaXaZ2,1169,1217,1000,1154,false
2952,8akkMxLWdZDEVjuzggt6RxnGmoN4MyPaxC4G8of12gJN,1010,1217,1000,1154,false
2952,8ezJs7dgLwkxYGCfnYceq2ySdH3fqAoSyZHkTycAmmuB,1037,1217,1000,1154,false
2952,8gngNqg4oJvS7Z13Nyx3tjTiH8469jFQU3osREdvT2Fa,1034,1217,1000,1154,false
2952,8iuWyu9CGbS4pXh6FRRx7Wt6n7Vw5qJv3mhogvjo8sPb,1035,1217,1000,1154,false
2952,8jMJrosFFT4NVtRVF3H47umgMzHPdFwp8K7LZZxMAmfK,1058,1217,1000,1154,false
2952,8jMapxkdiTPKRncgRZrxCnUdoGFWZ4WkdeBtj879FwUk,1124,1217,1000,1154,false
2952,8jjek81kpvyovzL5wf8C8k3ziYLeekg17RiMTgpzE5t5,1035,1217,1000,1154,false
2952,8jrPDpZdNqzFedByGuoXRna4DTCnPTwG4rqcobRGrzmQ,1129,1217,1000,1154,false
2952,8mMg3h6G6ibMGGzuur1joEwB2Q7f6AdEw772vhwjJ1sN,1128,1217,1000,1154,false
2952,8n61JNaD9soWogKfCxHhahk95x8uFSL549jE3AGik2Gz,1117,1217,1000,1154,false
2952,8nBsb6kfmVaaeiTXz6CaByowBydnAYJJd5HSNeoTYW4e,1091,1217,1000,1154,false
2952,8nzixd85H1Sk71HqXfT9Q6kvBtUABYM3DKrDDqFnFiDB,1110,1217,1000,1154,false
2952,8q4pS9ontuS4mvi9i9E8aj6jxwBuCVxU1aBaNU4tdnM1,1176,1217,1000,1154,false
2952,8qrvQUk8awCfW83prWfzBrGjL55MJdiytrQ3yRa8BS99,1003,1217,1000,1154,false
2952,8s55Zv9wCDNSfBSTpFcHRuUt7d2EpE5mDbBxHaMJ6R28,1169,1217,1000,1154,false
2952,8ttXbgkMLJFtWHVp3bKo64u9p9vbAXtbWF8GE9U3nt8W,1094,1217,1000,1154,false
2952,8vPAmgqYEhS8dNPqkktA13HvSnW9bZULgbm3SErDNuSQ,1029,1217,1000,1154,false
2952,8vQDbvWMCjv61R4JbFS1dkejFkyi32aH15HHNWeU5HRa,1162,1217,1000,1154,false
2952,8yUrJD6FvEktHM8NnUNCHN3pmihZjsqnaDajX8ybqWUo,1077,1217,1000,1154,false
2952,9657AjkKGXvzyzSWWYy6kUzjYpBg77PEYseMMNBMaxJm,1190,1217,1000,1154,false
2952,98Pbyo82bspCsnRzjiDyAjcbMEqM8a43tt4GXNFGrF9U,1074,1217,1000,1154,false
2952,9A6BeAU8PZYUfuX6cGLTfUKdpDUpfkAXs1mZho6rWob6,1059,1217,1000,1154,false
2952,9ApcvRrD9Px4sJm983BWzjaGbC14Q63Nb4c5QqQtKaQZ,1033,1217,1000,1154,false
2952,9BwLxc3PMtnLhXDNU6rezVHutEpfHT3K2mftRTPksUvV,1130,1217,1000,1154,false
2952,9Fio2uyvdyhSHXsg2bQG8NghcAgc5Jku4ku7Gu85HbhG,1018,1217,1000,1154,false
2952,9HhDW1GjJsnXrF3xCzzhYDU4kRPN7gTzN7RntX9aF4Dm,1059,1217,1000,1154,false
2952,9HxM6mT2L5RkSGvd6x4yqJt8VbKWicjkiJt3gfP4cEV1,1078,1217,1000,1154,false
2952,9JpXFXG3mNG6iyR8WD5VAgxtLXaagd99FwypmCeHKrZy,1175,1217,1000,1154,false
2952,9KQtirNaov63q3V6aUCiM8BWSZuFEr4E5Ap8KAhfoVdc,1000,1217,1000,1154,false
2952,9L9PiNJLbnJhe3t7fm5KWeuvHdDf3ijknny4n3R8g1J6,1180,1217,1000,1154,false
2952,9MH3mGAz5J8zKnZxAAUfNSBGXkiPAs5pp29mHfHVLbDL,1062,1217,1000,1154,false
2952,9MecLuqQFZzFgvACgStGhbVEtgxtCDFVecZRexB4FQHK,1178,1217,1000,1154,false
2952,9NhQnZPJto56y9XjMyJMZtFfoKt2kqvG2vJjdjCeA5PL,1037,1217,1000,1154,false
2952,9Pay6tdquvbeVrqgkoaQGNdZE5Y2NoxkWnX4Re6VkQ3H,1048,1217,1000,1154,false
2952,9PhoJG4tYdWtVjAvct19L91NmQNwU3KfesS3QB9aU63N,1079,1217,1000,1154,false
2952,9QMHqhsVv1gfkBbiQsnLFZU3YUyCUYgXsBkb3HgLed5t,1070,1217,1000,1154,false
2952,9SJK8HLsrVPe7c68vPsvZcyd1kP9XDV5yei2e4TSJSrJ,1052,1217,1000,1154,false
2952,9T1zAgKanCXmkNzBxaL2oKZc1AfHbgZRxcD4QicUuU1j,1093,1217,1000,1154,false
2952,9UpieBKY1ae9KsKaQCgA4848sdjrQSX2JNYvjtNHPpjx,1089,1217,1000,1154,false
2952,9WG7rG54ZKjwszDEGum3YiCP2vtFnQ3JBokJT7eoWfF9,1039,1217,1000,1154,false
2952,9YYETBWXPV9WEp5uLXCvizYPMLc2fGLeKGmYAwWa2hKv,1177,1217,1000,1154,false
2952,9asUqdHeGdaFFCh4NmYdTHM2mJG7QPCTQ4aAYMWXkFS5,1009,1217,1000,1154,false
2952,9bWAApFsBGJikiDnQcorqcaQRVzDJR4XAgwWBCSd8dwp,1195,1217,1000,1154,false
2952,9co5apQQXWbkt1tzrzLDVh112gcpaAWrTwp4m37ytEgJ,1022,1217,1000,1154,false
2952,9cwQXRzpYQ1atcqbafv7srFTDGDtXEfP37oTBEjmPWHA,1198,1217,1000,1154,false
2952,9e1feMoUax9j4Pfi6chDstMzGpdZNQD8BqdXZVAaoN9w,1005,1217,1000,1154,false
2952,9fQQfVxVLpUzxWfdCEQnjfphff9Cr499fMtdzX9ohS6T,1041,1217,1000,1154,false
2952,9fgpcZTHtKVsDP3bwcyStdPHr25LBztAEMhCGaRYwgXu,1090,1217,1000,1154,false
2952,9h24deaeBbFmtmX42pq2s4JbwtP6ww3zC5gYLVUkSE69,1076,1217,1000,1154,false
2952,9io82QihmU2qDrKoe6D14g8ij2jKa52CZSPe287BVeJc,1067,1217,1000,1154,false
2952,9kBrKJse9Us7wEFzX1Gxaw2HaZxXwkuoM2aTNknCkyXv,1214,1217,1000,1154,false
2952,9mLsodQeVvu883ooAGjicnHLa19TuFdvHgy32oB83wgs,1004,1217,1000,1154,false
2952,9mwb4TzrxgNfmttUT2w2jA9aEmbHoSfz1E22i4Qbsj9i,1130,1217,1000,1154,false
2952,9oYWxFR1LXnMneRz83HhWxVytDQcGfzrnuW5mrVGD5TS,1018,1217,1000,1154,false
2952,9oqmM9YmnaCTw7ufQXavD6K5KAtsetMHfj1FcBXT1btg,1060,1217,1000,1154,false
2952,9p24SoHx8Cj4Z51PqPVioXSWdVA8vBA6cu1wjmB5NvSg,1133,1217,1000,1154,false
2952,9pscArHvwqAUfhSnL9qvNYp8b1FAcHWotbXn2wLzzrvs,1082,1217,1000,1154,false
2952,9qwrC7G1ZvkaxUh9bdYDxh8w9NWZaSDXMgBdeh8Fbp7n,1136,1217,1000,1154,false
2952,9rMmApcLQsDoB85CWdapbak4f32tDNKWBeNpMjAFgXZQ,1000,1217,1000,1154,false
2952,9wb3QFvzZgp8dzeok7zSrKSwN8CHuFCoqxPbzDxMugNq,1080,1217,1000,1154,false
2952,9zf46GNrGkZdb6YzgmggTvddnR962xmHMuwYQ5JU9L5w,1166,1217,1000,1154,false
2952,9zp7iEUq3ZWoajonfwGGqixqwhesWnXcfopXPo4c1H4o,1100,1217,1000,1154,false
2952,A1USrL2g8mrcAvucx1YBENADBN8oGPsEQq3aGf4Gj3jx,1032,1217,1000,1154,false
2952,A1xHKsfDM1NshdBCpxH9VcY8RVAPEhKSW63KNnnaJhZS,1051,1217,1000,1154,false
2952,A3x3KiTnU94KVL5YY6WmPcnTw5Z5EpaHBL3HLaL6EGCS,1186,1217,1000,1154,false
2952,A4wcR4X1FXTLjYtnVGvpYb9FLDrs8GYQdHqqi58MrtsZ,1163,1217,1000,1154,false
2952,AAgauk24odZD3HG5bDf5Ejq1kk2xEBRyFZapjd11DZ4c,1081,1217,1000,1154,false
2952,AHdGFXtLRLp7VyTfspQqYE91h3b3nkcbafhiRBgsVpdn,1063,1217,1000,1154,false
2952,AKSyTVc3btRk7RN3mk87VDsuGmSmF9zbqZhrrXW9zr1C,1123,1217,1000,1154,false
2952,APtcK4ZNnuA5Uiaoa6Jyi2g18vMbJwN5GVces9oLbveB,1049,1217,1000,1154,false
2952,ARhcgsvbNtmKU8fxTayz61RFWQhLmeoxw1CWKT2cM5Pt,1021,1217,1000,1154,false
2952,AUqSiXoEghq6wW7tjte3xcCr6jvxKXriUZceS5qX5X5J,1117,1217,1000,1154,false
2952,AV7qYxYntgZdJ5B4eSMoRRMBxFqAhhKVshk83MmusDaz,1149,1217,1000,1154,false
2952,AXmeAMCDu3onie2KdmG9a3CmJv3DcyQ7t6XAeTcpvTSB,1080,1217,1000,1154,false
2952,AeQjErpToo49QK61462fzBBrdhBfepQUHgSR4DjdFHq9,1122,1217,1000,1154,false
2952,AgcguvqVh1KgVEic1KRMjSBtgJRN3HMCDvrE8SrPWYN5,1043,1217,1000,1154,false
2952,AgfRaUEKmUpYLvTPfHK2Mr2iGeiQCCembTR947y1ujFt,1142,1217,1000,1154,false
2952,Ai96WTNKGzbFv4ZXSoeMNoB5f6Z4xaGM6gAUEz64H5CD,1116,1217,1000,1154,false
2952,AjmLtLone2rxgKPVbfcbXaUz68iTY4SV4oAJL9c8zqnN,1174,1217,1000,1154,false
2952,AnvoYFwDPeTHUUfg1G2Dyi8Ez7ZTSb93AQYcjxriNS1A,1056,1217,1000,1154,false
2952,AorygMR7wKKBQmunxoetG5xEBkhvBq77ACGm8qreCW3r,1132,1217,1000,1154,false
2952,Ax9hhdFYxCLiifJg5YEeRerntKCrWG8mmQpU1TgEj64g,1042,1217,1000,1154,false
2952,B1294jX1sFnTxm22MKnWmsdfWAWr77VwbLwh3vJove1K,1196,1217,1000,1154,false
2952,B2qzEk3zMDGbgk8TMMT9RcWpYkmG5GNPUaM7fmLmsV1f,1188,1217,1000,1154,false
2952,B5mw5i8vdTj1qCh78tiqaN5pwxiC7ju985pHDv4PLiqd,1109,1217,1000,1154,false
2952,B5td1JcUBDuz9oPQkbu7LHdkeDZ2Qe4GbXFxHxADPihw,1176,1217,1000,1154,false
2952,B6k4VZ8UnADJsfSm82n8T6pKrvph6XscsZ5K92pfcF4e,1025,1217,1000,1154,false
2952,B71MqaxTwDiHbvstpHwrZRu79q25HDWdWUeBXF8jbnud,1047,1217,1000,1154,false
2952,B8cnr83Aj8z34pmANbahrwg7DnRfSuTaGX7eJ4bJs1Nh,1073,1217,1000,1154,false
2952,BBsJVfUqWqcKTPccUk9VZCVsHWiNsDyBcQ93KcrjCyZE,1047,1217,1000,1154,false
2952,BBt9c27kSKwH6DKwN2EKyjKkBcqPsjn8Hr3zZJDQCCdE,1023,1217,1000,1154,false
2952,BCNBhobZuC1cbw4383fyuaeg16u19oA9QrwagS4U6Mxp,1000,1217,1000,1154,false
2952,BDHoaniGNmmNdZAsF7B3FMs1jhioRQkA2sGWYCvMoE4m,1045,1217,1000,1154,false
2952,BJjDFfeMDHUG3pTUE7KvyGcTSy9SeCkMKJFDQFwmxAFQ,1008,1217,1000,1154,false
2952,BKCz8FDqU4K1vkCKubUuyv3EdSokMEMkY8yTkk3fr4TA,1028,1217,1000,1154,false
2952,BMebpQVzqWZaAmk2po3jmmVsTcoapfpTK1cRmZL7Y5dR,1019,1217,1000,1154,false
2952,BRW1Khd2WJBRU3mur9MdeHanBHwZZuZhg6ZGCNbvNwcH,1044,1217,1000,1154,false
2952,BSHJe7so44rj5WAWtrhxBCptE2xbMSTvQG3njg7xFSSr,1164,1217,1000,1154,false
2952,BUjgDwAqReDtaW2Zuzme35SN6WMG8nhf95aJ4c2eHMJ7,1191,1217,1000,1154,false
2952,BVcvfQAfpmacvR8rvxUKQyCxtdo9nVHngKNEHRx5Zdbt,1016,1217,1000,1154,false
2952,BYePYWPuSGj9hHSxTSvGJwj6XBmnzER5iRdazYyvPHTy,1157,1217,1000,1154,false
2952,BZtyqd5pMYQ46Pda7xgcisPRuhkujqCiTHipbvXueTuC,1146,1217,1000,1154,false
2952,BfRjxoK1zPfN8XXFA9hKBgTNLJt7rW4Gine7Crmjj2hY,1066,1217,1000,1154,false
2952,BjJQhEV1wZwn9tn491SJHFVDqMNwyPp1XW7dE9ZcAeLu,1090,1217,1000,1154,false
2952,BogaUMa5X53LomGx9bn2S3WjQeEJhVMwZ14W6bVUgVTP,1167,1217,1000,1154,false
2952,Br5RStfopPHNpYFNqbkZvMHjmWoQz1ocKqBd337Fqa2K,1181,1217,1000,1154,false
2952,BwQ1jYnzN3JRNP2oGkJVut2UHcHgeVRsHJsppTopNQae,1074,1217,1000,1154,false
2952,C2xituhFWfJzgjLu2ejDFCJMvuEN5LtJi74i7uACeR69,1098,1217,1000,1154,false
2952,C4sZ5QD4Zv778PtvaPziw5aweSXMwX7koQvzZWn2nLeQ,1081,1217,1000,1154,false
2952,C5KWiKHPGG7umG7GqpvTM7vX4yF2KtDB9xqBr5DoKG5R,1022,1217,1000,1154,false
2952,C6BKpU9nAcD1UzfEN7o6xZw3VwT7eA2jD7ESoN7b9KG4,1041,1217,1000,1154,false
2952,C9PbuD2sZarUSSzbJU8Rwi5oJSsyeHAY4BhArQuUGznj,1188,1217,1000,1154,false
2952,CAeZdLm4RHrW9AXY1QrPA7nzFqBKNm29MEGtEz53A2on,1134,1217,1000,1154,false
2952,CCydTHgQhFHqPo192u1C1iEXHPqXzFCXsZefqCjUtgna,1096,1217,1000,1154,false
2952,CFSzGS4kwawmgSBnSMBMf8xdLroNV43SgBoKEeuxdNdg,1032,1217,1000,1154,false
2952,CMnbzLZLFv8XsNivkvvSsYFVjXNa5NTwhqQjreHXPJtd,1168,1217,1000,1154,false
2952,CUiaoC21KvExssQQsufrE2FgR5jvHccj6qUeJ1S62gio,1103,1217,1000,1154,false
2952,CeycfeyoEwsMb1GmSMV5D4Tq6vjKTWAAThoK4QDnARTB,1132,1217,1000,1154,false
2952,CjMbbX4ENGVL6ubhKmESTtfj5zgtCn2a2e4Q51VXKn9e,1017,1217,1000,1154,false
2952,CjSKLFDWDwpArJBcgxU9smRaTNqZ76yxMNz8HbxHPSBY,1048,1217,1000,1154,false
2952,CmyArtPiLMe6x4YZjz8xmttFRySacK5wUU8THvDyTgtc,1002,1217,1000,1154,false
2952,CpbKs8CbdwVtpUhY4vuTxbRoV7r7cxV9F7DfJFhgp6gf,1054,1217,1000,1154,false
2952,CuW13XFzKc176fy5ytxprnBd54TAfmLqLJTEE3HaFXpE,1211,1217,1000,1154,false
2952,CvvjdHYwmsyW1j1Aj4K9NnNF1goHyHgnBZGvHwcu8LxQ,1095,1217,1000,1154,false
2952,D1PXNZUJmi7Lk7sinYAbUmcNkKPUdapHhTZxsRnFpEX2,1143,1217,1000,1154,false
2952,D1tQfJ5PsALftahdkdqQet6ChnvjcqPpYJg5p7ep4uun,1065,1217,1000,1154,false
2952,D27YYocu63iUocoX5nq7jviufyGxcxULQRP36RWnbFWo,1177,1217,1000,1154,false
2952,D2k9tddxXiahSSbAedddCW1khftA5TZjRvHMoVz7D5vf,1084,1217,1000,1154,false
2952,D39Yd8TqPcgDqbGTBJa1ASxyHLi1z8ZuT8SpSa87F3QD,1204,1217,1000,1154,false
2952,D4JsChwJFRWAxHLfGAJeeo9xMH1VLnhNynxKyfJ3sZcb,1086,1217,1000,1154,false
2952,D4z1xbdWwuorvHE7hYeUpZNQd1kvBasEEYDQ7ZoH5TYz,1116,1217,1000,1154,false
2952,D9Uy4b5iu7jEeYcbxRP8RMjHE4KJs9ELSnAtHUT3dz24,1064,1217,1000,1154,false
2952,D9bs3e6z8Rs75gTxRbCeMwRkxJFLqQZYVLdQbv6C5M1z,1161,1217,1000,1154,false
2952,DEoZkHUBn313GoqmGXyVyJcwwVKjfUMc1rDomNnS1ABQ,1151,1217,1000,1154,false
2952,DGxzyHRQYWEmwAnTeSTB4wXhMBLVKa5Qiq8xnaofPJm9,1016,1217,1000,1154,false
2952,DMDb4Rq3iuQK3pQgziKAp1NSDVZRH4dXouMQn7EGxZGC,1007,1217,1000,1154,false
2952,DUidViewn8FWVrJ7thUxN5TQ6fnaz8mUae6bDiG1Ttuo,1063,1217,1000,1154,false
2952,DX61cNDDw98AqSwM3t36Tahi3Vm68rrTmdxE7W8T57wN,1068,1217,1000,1154,false
2952,DXN8CCNELjb92d8dqed7Utri2QZJVKZWe4H2MKYHKVA7,1079,1217,1000,1154,false
2952,DbAQpqDww9D4x5oCdf8zHNDSUYnFoXjAcAynbMYrmTdP,1054,1217,1000,1154,false
2952,DbWJChNLqReFq4m9LrQoLx9ksjnzZyA9aCqm6h3p58ao,1209,1217,1000,1154,false
2952,Dn8avoHEkiAsQkY31QTyUtCvFTECiBtciKJaJMEem9EC,1051,1217,1000,1154,false
2952,DneThtWMUrxngTme8x7tJLgzfHuZ4X5tZSUKcskPCyeZ,1171,1217,1000,1154,false
2952,DoZL9gTErQq7RhqEYz1XkfzNUpHebyxVBKMRHbN2zghF,1004,1217,1000,1154,false
2952,Drp1C4hYQnH6o3Df25mXa9nnWBnPqTU9p1nnr6X9W8oQ,1024,1217,1000,1154,false
2952,DtEF55rszSivag7G6DtKLf6Vk1gAMJTohgV2pXjcBsN2,1003,1217,1000,1154,false
2952,DzcNT8T9UBUSpopYmKbyHqfQqyT8Dshex6YAkokrQMgs,1124,1217,1000,1154,false
2952,E1sc6keyX3gXJcMcGLmaycaSZdGviLfg9tRyvLSEDPmu,1082,1217,1000,1154,false
2952,E3U7zxTxQFytadaB1n8jrRtz9UWt9WrWHX339Y8Bea2C,1138,1217,1000,1154,false
2952,E4v9BqrLRsf6jcgW2ESK69NmKqk7umb48P7eyAPUaHq3,1135,1217,1000,1154,false
2952,E6phvPkAc5EZNoTj29mAoGtyi1DmjKuL3nj4vvKBo1TB,1134,1217,1000,1154,false
2952,E7Ac3BRkDLdBdXRVDqwpvQtykYCVPHLMXokVunZGJEi2,1158,1217,1000,1154,false
2952,E8KbmnLUpNCfbTRJ7DtALZaaHjbrdthcJbdYkMC7N2KM,1026,1217,1000,1154,false
2952,EBHCYEtyMBDuvPrBa51rybd1NtdMa8xraJUTx85YfEPk,1012,1217,1000,1154,false
2952,ED3ULZrJ33Cbb7HP1SC7GyvaPdSBcj7jELuK5ik1gYo6,1058,1217,1000,1154,false
2952,EGk2LwZGPsdv66A7UxdNPTfcT1MwzJpkfqCrAVov1LPP,1141,1217,1000,1154,false
2952,EHHLWGiK5FnJcxcPmUuAHxYjaEWF1k3npymrS1VLbJKU,1121,1217,1000,1154,false
2952,EPZFgV5mvNu4udYrRuRYbvJubrMGg6ghysNYEFomahtW,1097,1217,1000,1154,false
2952,EQxRScKU3HWT9272XAVVK1o6WBsT17BLM1vMtbfvpWUx,1135,1217,1000,1154,false
2952,ETL9M4V1MaZza7wf51QemDAU9gdvwv8ca2HpgpPrjw3W,1029,1217,1000,1154,false
2952,ETMAdDfXyjhpwfnWogAVeHaJjr8nuCME5QNxhCZ2R5VF,1078,1217,1000,1154,false
2952,ETsTgZLKmBrAcHbNEt5mdTtCdnSYnNqMijJTxtTYgaqg,1006,1217,1000,1154,false
2952,Ec5ggas7SFcHziSDdTjoe8qhGGAHyq11vUdQx1Jt9y8t,1170,1217,1000,1154,false
2952,EcfQZEbq1iRMKV1QRDYH7U5BqoA9zYQPUqJ7KrTZMkrm,1046,1217,1000,1154,false
2952,EdiVt9Xi7sDfzfXvxpqRzCLe45fVgaEqK9fy5BVM2Lw4,1092,1217,1000,1154,false
2952,EeH3GfSZieee69xeHUrr12vdgNCxtYZQH1x6M5TBmTH6,1036,1217,1000,1154,false
2952,EgopvC8PX5NxHvgc58UE685Lv4nobANDJg1XWAsKLjDm,1137,1217,1000,1154,false
2952,EhTtvUaGvfsVCLcGQgYBNTfZ48qoMLhVWVnLppNrynzy,1106,1217,1000,1154,false
2952,EhvTzUQXHZ5R3nWa76JZfKZ7MQR75KfPn3Rfpt7JSi9q,1053,1217,1000,1154,false
2952,EkK4C6uF1cP5zRC6qeFnf3g5gnNfiJzEPBK3Yf2TNsg9,1098,1217,1000,1154,false
2952,EnMmCwCmU9MFZz2hAdCWYpEojv5YijknqCHnvbDP12dB,1009,1217,1000,1154,false
2952,EstJn2rhABcLAHjppxCXWuK54W3JEgeS8FDD8ALciv59,1123,1217,1000,1154,false
2952,Ettfbfj72kcSyh486dCk2uRJviyPeKMSs5Lw9bHk4uR3,1040,1217,1000,1154,false
2952,Ex1gg1P2hSUzP1vbeSo1UvZVT5e5PNGv773sjugQt9NC,1044,1217,1000,1154,false
2952,EzeRjbCwtLDGRFeKJv4bQkGSTHxxhM1SUoUpLQjBRNvs,1034,1217,1000,1154,false
2952,F1Ua31WsxJvJtHWDRiBXpcnQfaWkFAkcbXrwfsQ5BC9J,1040,1217,1000,1154,false
2952,F4tSgLJnHmYHS9BYegmvMoQJfXBFRQdef9v2SphVJNNf,1122,1217,1000,1154,false
2952,FEvNkbpYfryVcNS9wsSPEaxRbfghpzPBXEVXBRgbAV8a,1096,1217,1000,1154,false
2952,FFLKp8oVxYt5AQVz3eyrrtgMUmyE8FKm4BLJPk6ypz3W,1005,1217,1000,1154,false
2952,FLrNZJHRZU4QT6FxhppS5EmJCzxiBPVgS37MUMxQeyWa,1031,1217,1000,1154,false
2952,FMi6oA7CkwSYS2zhCSFxpfqsWWo4jbVeAsmpe8KbE7YG,1207,1217,1000,1154,false
2952,FNLMuL7unF5R8oqmu2ywrpiwyUoSHwgxigeiV9gYg6iX,1042,1217,1000,1154,false
2952,FSoWhmhcmV96hair91Cfcp4bkdbPdX4LsKAALhfC3SL2,1029,1217,1000,1154,false
2952,FSvHYMYWVoMM2vZeTZu7ZeyaCzrzngiQNoF8gmnqRiVD,1071,1217,1000,1154,false
2952,FW1vGaBtSEVHi1R49FBPfy5an4W1ZdGUyAzrg3f13kRw,1164,1217,1000,1154,false
2952,FYMR8zJZBH4bi8YpU7LB6sNb5g7Qv7ovu5etLx3hi5T5,1061,1217,1000,1154,false
2952,FYg4wdyjfMgAkrYwYegs7nwcGCaWoye6Vsh7njRAJPoM,1064,1217,1000,1154,false
2952,FYjVFtAwoxA3qZov3TAmwd67YwF6zzFu6dzXweVyrobJ,1128,1217,1000,1154,false
2952,FZDoYEWZcL5gSVcJbvsdtjkERhYcvGgL6Jo6z3bYcm27,1009,1217,1000,1154,false
2952,FZWqQfKkWDyrWrPKMiuPW1TKKRmx5RxWi9UEGxQqjaYc,1083,1217,1000,1154,false
2952,FaTB73fjQ7yjQF2R6LGVVT8XgwKTTF331DMNThqaKauL,1016,1217,1000,1154,false
2952,FcTooy8VXYFyEHRVmFEGZYr8UYoa5gSHtRsuksZJodhH,1053,1217,1000,1154,false
2952,FcYALbiUuLpNH7VRK4rUFFTB3ZKdSDq8Xw74fZm2CoDj,1199,1217,1000,1154,false
2952,Fh9DuhjXSYT1pCtzihqjPauVaoyQC8JYUE7tFzZPwVaz,1063,1217,1000,1154,false
2952,FmVexw83RDNLLVPtDwLrTcYpRXC2htJ8wHhbSyvXnMxQ,1159,1217,1000,1154,false
2952,FmYBFi69fbWwNgLK5UvnBLwguavyyiYzHW8Hg79hkNcg,1078,1217,1000,1154,false
2952,Fn3iB8LE5vjfeLj6Kev1GAXZv5eYmi35hMKzwqPTdpPU,1088,1217,1000,1154,false
2952,Fp2mbiLrSu8JDr8rWBN9MwRqr2RxKq4kvmosJnDYYwd7,1163,1217,1000,1154,false
2952,FwwcAUo1sfBmGEwrqxtU3Mq4xqqVCk8ZgurX8fJVfXh1,1168,1217,1000,1154,false
2952,FzksDRGcB5U9dF9fkJNLxo2jgXtsjUXj4qzvwj5TCdH2,1133,1217,1000,1154,false
2952,G57QZtQ4VqkzCp1xjDWtphDh815XPXHAW9cAtF9XLCwP,1076,1217,1000,1154,false
2952,G5CNFWjX1PawoVyW9TQ7sgpCQEbpA6AsC7d4W1QVV9Cw,1018,1217,1000,1154,false
2952,G5vbuQVbymXELmRvx7ySj8259TTG4W7WYFCVMg792Ma2,1061,1217,1000,1154,false
2952,G611SkuvMnnVmsAysvoB2V5aYMGvqzHPYg81wXzG2xMh,1057,1217,1000,1154,false
2952,GFmKxRD7EMuv5mMyj7wnG66J7K2rgZxziJnY5Z5g9BYq,1015,1217,1000,1154,false
2952,GHjb67SkGsYheWozzfPX5GqniD2wAiJXn2Qjk5kv9Mua,1194,1217,1000,1154,false
2952,GHupB4MaXXYv8ykBACTqhSiNMHnvQRmUfYDDePA2acaA,1155,1217,1000,1154,false
2952,GNjBoZvk6QfVoT6Kkb5ibtLLKEbkca7TKWHATP9CcTBC,1173,1217,1000,1154,false
2952,GQ9Bd24zzD2vTvtrzCGWeS63usHa25H29Wtw2bsUPXrF,1126,1217,1000,1154,false
2952,GRZQzwWMpjT3iqjs43FxjBrsiaWMGV4eKcyec2VLBqgW,1142,1217,1000,1154,false
2952,GVybK3dHGSnUS3hjCn3fEkQiyKKVfRcmpMooPMq8MarT,1039,1217,1000,1154,false
2952,GYMgq8z2sJSofgTvkAxuGc2yWUR3Hr4R3o6Dgv9A7NTx,1043,1217,1000,1154,false
2952,GYQKdjcvNPGVicqTM3ji92XKw2voLFQuYXUa77Bs4Ar6,1020,1217,1000,1154,false
2952,GZRe5YhQrEAXd8Ngqhmq2fHSyaBhK96EYDaVmvjgcYRE,1091,1217,1000,1154,false
2952,GeTQ7FUcy5mR96u9UU6FpncqWB7THM7Dxwoe3zFp7LUw,1014,1217,1000,1154,false
2952,Gew7sZxUrivedVNpfZcE8WQacXSm7oKPkURwg18oMDBy,1036,1217,1000,1154,false
2952,GhDy9PMVgQQP7SFqUebST7GoVwsREopgsZWrczAtDqpB,1146,1217,1000,1154,false
2952,GiK1gQuLZSurPFoHzc1usM2HqUzPSYitPmXxLfMBffWr,1025,1217,1000,1154,false
2952,GkNKnoYMSK5N6UR33cqLH29K1pWZvdUJQotYfnGqT5q2,1115,1217,1000,1154,false
2952,GoUoyTLRVWdyi8CicJVJjWWVJuaRo69H5sgdvpCKMigh,1138,1217,1000,1154,false
2952,GqmNLCqZsquYRb256iBPPdYJv5Bn3XF3GBeH9foqKqiN,1099,1217,1000,1154,false
2952,GryWz56Ds7YyuvnnnMZs8civBEv96aCCr1UF9X1K83Bh,1134,1217,1000,1154,false
2952,Gtsu4tU8dTgYUgnAiZscCu2rKKhbxFFHSQCieTQLTU6v,1090,1217,1000,1154,false
2952,Gukdj1qRu1BiyCzERrd6uFC7tUKf6qu4SpF6pJomSaD7,1186,1217,1000,1154,false
2952,GvFAxrnmypSuq76hmFKi779Rrxokv2x5Wq58YgXYXr9b,1077,1217,1000,1154,false
2952,Gw5C2Up8zBrTcjC2QBaCFzKPuzZpMsMbmka8TAW7Fqns,1178,1217,1000,1154,false
2952,GxNdA1b6MJVikfpdWbWpho9JGWKJRsrkLx9tX3sFiLQg,1055,1217,1000,1154,false
2952,HCb1EpgiTiwUS8UDdgTsyfeMDsnx3Sgz5KcGLR1pHgDD,1015,1217,1000,1154,false
2952,HEBjK1QYteyenscXwH4uy55ogPGg1KCiLXVnLDBrqBUE,1023,1217,1000,1154,false
2952,HGbYdwt2dmJL7tnZuhV6b4stPpo8EygsMXGAtm3Qcgy5,1024,1217,1000,1154,false
2952,HMWPqs4HGTXtUEcvzMx63DeAGQz9LMZUk7c5ve6mTDkX,1202,1217,1000,1154,false
2952,HRrfnEd4dJS4sooWKVWM9YVUAkYakaN5j7izYhfCC3oj,1118,1217,1000,1154,false
2952,HSKr2RUDsYsTWi6CbyYVV82T2wokWKeqknQzVBnTcPqD,1052,1217,1000,1154,false
2952,HSqHD7zcYv5q5UebuTGSmHbumBoxubKwVngRzjp6EeCA,1197,1217,1000,1154,false
2952,HWNZFsV3SG4HaHHdkdhtW3AfHmnEaztSwAbtgTKQJqGr,1080,1217,1000,1154,false
2952,HXHpHKchPkx1G8auLZhxKk8Qry1ZQ9rThgtJ9av6Lk8n,1170,1217,1000,1154,false
2952,HXgMjsGDavoYf5b3UGmyuJDzj2wrn1zkdxr1TgxNw5aw,1168,1217,1000,1154,false
2952,HYD6ejDf4jVo6LtfDe95tCx1NpiF4QHCErRtjezWikQR,1012,1217,1000,1154,false
2952,HYTJm5AW6cnMBTj8vCteC2Fj4DZGkHkeCqa5CPzAtxL7,1065,1217,1000,1154,false
2952,HaXb1EfBB36M9Su7dhYCPTpv73fTXVdZXtKbAZtoq2PW,1108,1217,1000,1154,false
2952,HctVWpVFfhcxU5xfgmYRBfFbnJooHhSFEqdCdqibuWGY,1059,1217,1000,1154,false
2952,HhPMLcVcW7Yyxx4qENc9v39LP4NTvWPd1V2hbsC8zzKs,1100,1217,1000,1154,false
2952,Hin1Sc3LGpPWRY2WNrmKmZ1PHYTArtxJ2LnSsxanEypK,1192,1217,1000,1154,false
2952,HnSWPpp2eHCR49obxht9Ci4tsXdArXUEqWBjFrTdfpbU,1185,1217,1000,1154,false
2952,Hp4VQPT6LyuVhRQL4tmi9nCnoSENSynFyE8KKN9rVSqs,1179,1217,1000,1154,false
2952,HpHSzJsWFMA9YuLYZAUcRnjJ5n6JxtCC5hQ76T8x3Mx4,1085,1217,1000,1154,false
2952,HquPxShSDFzEcmYbHkVmyzUWNHmGsJHERQGyax9o7bbB,1020,1217,1000,1154,false
2952,HrE5Jf5MULhT4qaMkbpE87513hTyFKqWPibj6FhfeuVp,1177,1217,1000,1154,false
2952,HsdnKAU9jS7FEFwrEdPsfLwux6S51QVt41RnVVTL7pdp,1028,1217,1000,1154,false
2952,HsfEBidc9Eu7ruRgsf1XZ1W9zDTvqMPfJiwBgnAMvKyK,1083,1217,1000,1154,false
2952,HuacWPdBgo584bRNfxy3APW7Hd86D8za9RSaFpBTHuer,1033,1217,1000,1154,false
2952,Hx3JCjZiKSUFP8N7bbYwSk1Q6xw2tQGTWL4eJDFYRo2e,1082,1217,1000,1154,false
2952,HxcUuLNLRepmTiHAtaQp2enjFTQBuY57d9TpwvpNqhRG,1127,1217,1000,1154,false
2952,HyR7WrposbmDJpiupaKiq3HqCJMusiGJAHQHGjov2KYM,1019,1217,1000,1154,false
2952,HyzYrdXSks1RVhqUfFxte9povsHvBN8h1Ny3p5gUYobu,1148,1217,1000,1154,false
2952,HzghC7XibL7hJ438JNjGGvmzPnoFiZFnt8EpFfFu9BxD,1069,1217,1000,1154,false
2952,J116YgsQPdFFpmik2u2DDEwt1V8S9FkSoRaZBP6FUoZ5,1114,1217,1000,1154,false
2952,J1G6WqfiLdgTtjLg2hm6tyDkGi21hsFk3sF9x3R5g8X4,1101,1217,1000,1154,false
2952,J4d6upn7PjFM7JtxAGTKLk7Pf3GmmkXB7Wzy1b8z1gRG,1215,1217,1000,1154,false
2952,J58rW36Q7eL3QHVxrDyngFR9yrXBnE691cuFPzh8NpJb,1104,1217,1000,1154,false
2952,J7iaS7hSEaJ2eZ8r4fQvR9W8Hp7TJw4o4eAXsbhwkWja,1093,1217,1000,1154,false
2952,J7qC62GctGuBWwzRKeGAMtr8RQeXF6vTSFpoco8DF3pn,1184,1217,1000,1154,false
2952,JBEs4twZjVvfPn4AMvDxVaMpCjQLeVtCbZdaZ4eV6c8z,1187,1217,1000,1154,false
2952,JEDjcsgjhYbcBE7CNorLG9vVoyDRktuKsd9sZK74UMVB,1132,1217,1000,1154,false
2952,KQfEUmFr8kYvvGyuWF5paaf33BiwtWYNc5ZXFpBD8au,1193,1203,1000,1154,false
2952,mA7H8QYUt3D3jeqHEWN4gvk7wK3C4PjAo1c9LV4bTB6,1196,1203,1000,1154,false
2952,2ND2VHscbtNbHNCJyuxqa8k1ETcgf58XSGt6GSgY98GK,1181,1203,1000,1154,false
2952,378kCkdsxhznhMXH2hSz5a3NcCS1CkcVUAD9GcCMRYyb,1182,1203,1000,1154,false
2952,4Ea9QPJcqJETHwnPAAmMD3sz2cYq3yMr13PKH7Y6eMgy,1154,1203,1000,1154,false
2952,4X8HgTpEPGbVtfb4pZfnJBFtQTQ4tP2yRomdXgP3PtJa,1148,1203,1000,1154,false
2952,7x7qTYtYbQ19Pn5ZZzuKiRQ6yo7bGJhPn2sfKCM9UC2Y,1149,1203,1000,1154,false
2952,9CJyCgh9L1sNnvZ77SyobXke3gKcL2UJQcAbpUV7Qx83,1195,1203,1000,1154,false
2952,AMoRo2G1GaNr8Jej3uYnuoeQnyDi5bvDavUrsZ6C2m7h,1048,1203,1000,1154,false
2952,AggUYQ53S1vANKdFWcDQc864P7xjurcSb6vaBRg9AVQa,1151,1203,1000,1154,false
2952,BUq5S1phGM32YJAh21DBU88XMhtQ5SHuokzSzpqAUspU,1180,1203,1000,1154,false
2952,CnZdeJ8GJqKpg4qMDRqAY4GRZcUktrZPHgiakAvSfFpV,1201,1203,1000,1154,false
2952,CzwABu16CgmTJzzsjKJ2dL6hHh3qX4Dd2CiQSoofBGBt,1199,1203,1000,1154,false
2952,DYj9PE6fJMDmHGJTDqhsF25f9KZ7n6kiEtmRp3qb2tSR,1194,1203,1000,1154,false
2952,DavqAXTocHLk1CQ2n9JiDKPSUVdeZCCV9C31aWPWU7ju,1198,1203,1000,1154,false
2952,Dh6MRFWFEBq8QmK5H9Yhh3gVW5EdxzT76aKZRfKjaz8V,1049,1203,1000,1154,false
2952,E38nxDC2heuMnWc2TeDmH7xEjUx4A7smEW3oEsQNFvAa,1165,1203,1000,1154,false
2952,EfFopVFnpYB3FEBYzrxgxqctaHcUkCgF3ENap44pJ334,1011,1203,1000,1154,false
2952,EjWDS3QdYvoaiGmZUPWoHhWqCYmwA1shZBE9sX8YwaJT,1191,1203,1000,1154,false
2952,FMEVw1UWYzjq3rPr6F2eKTxUnfSXnbEtRNA9MwTFeuW1,1144,1203,1000,1154,false
2952,Ff143ZHFyrVJBQvxrL863LAy47GfPWdNYFmCFqK3r6R5,1179,1203,1000,1154,false
2952,FoigbzN5izjeJ6uDjjv4eqMTDNb1YVKmLLwM36yArnKM,1185,1203,1000,1154,false
2952,FyetSLFAHkidPFgbcBSSGVcTLt6cnUMr5apZEvm4CNp5,1190,1203,1000,1154,false
2952,GDSuybqa6iWciatFc5T8jS8k41YYGh68fFefGfyzw1sj,1200,1203,1000,1154,false
2952,GL7QiMQdY2Bes7Y4oTqXd63eEB4ufWP9TBWPMk44EySH,1087,1203,1000,1154,false
2952,HCRKecQXT8vR3TtYKDAvMCR9oz4wLpzMckLS4cULeQsQ,1153,1203,1000,1154,false
2952,HQugkrqKBXvRNihe7A1kkr9YympwSZnT6a4hJL2Xz6wP,1147,1203,1000,1154,false
2952,4mFJvKb6mojMu4JBbRQQgxDvrpFZzsj9HsxPmMCLUwfv,1233,1000,1000,1154,true
2952,7FKvPjYrxtnRmwapW6qfWEpZqpoHUC8JMj639rcrd2UK,1233,1000,1000,1154,true
2952,D2HEHkzHXRcnE4AkR9c5PPrE54cVmofaqtyZ6Ct48AaV,1232,1000,1000,1154,true
2952,H7vdpS4v37bXaTyCmNuUj1TBsnEtQqyGYjHiqo7LMadM,1231,1000,1000,1154,true
2952,5BxrNqmbrBfu8SukGFiq85ceE41CuDe3GA4R6qhptKrd,1231,1000,1000,1154,true
2952,3oi4h8RcaQ1rjGtBiqGMWFtFwS8Mn2n5PGgpMeQRY1xm,1230,1000,1000,1154,true
2952,6eK9y71uyHSXp2x7F1uAaT8KRp1L7bTxpNDf1PukwC7j,1230,1000,1000,1154,true
2952,2UMixwJNo4XTukdabnCq3EAzEFpAHkEGb53FRkit4bCF,1229,1000,1000,1154,true
2952,Vst1jDHExsCRrCJDns4UFp4P35o45FQwX9TDQ2vZvAF,1229,1000,1000,1154,true
2952,3h5wYdXE33xxq8c3gE7SocVC4KGQg5ggQHuYefRQ3aZP,1228,1000,1000,1154,true
2952,7U3fNL3gzweHANYyhsEi7vxqSAVoJqhqWyd14Yz4sK3r,1228,1000,1000,1154,true
2952,J1Y5SrRZK7UqXyKrEA536o59FUrbdofbfmFz6BtwsRtE,1227,1000,1000,1154,true
2952,6m14CkHeH6Wo6hS356wTmRTJXztvXT816wkZcrbauykK,1227,1000,1000,1154,true
2952,9GPj9nGTUq8TJC6PhE6BvuHCCr8JuBWwTgT7RpJzRnnJ,1226,1000,1000,1154,true
2952,EJjrL6D3338QEEF3eSDKzC76ctXewhqfGrrPTRAkBNN3,1226,1000,1000,1154,true
2952,3VXqMDEuy59wrmxHqthowNcZJ8e12Uh3NiAV2D29dgyV,1225,1000,1000,1154,true
2952,Gi71H9D5VZ11CC7uzkhftq4ZAPiSbQcWGRvFWhJWp2ig,1225,1000,1000,1154,true
2952,EV85oRZHoCkhHByphvk7VCCESifLkk85pSCyKnsfRRBM,1224,1000,1000,1154,true
2952,EnxMV9dXexASZFNMjoMEo61grTxL33VJcPcLnNS5Xyx6,1224,1000,1000,1154,true
2952,47bakq881ZM34c7t8yLh7hMpEY2af5CcL6VYhAhzqqDH,1223,1000,1000,1154,true
2952,GLxcskeyFQFC26DDNFkxWU9N9GKkuiL6CugJt5yji1uw,1223,1000,1000,1154,true
2952,EzaEogeYvCtQvYXJtuGoaVypHQGHrcUL6V62bKXwwcWT,1222,1000,1000,1154,true
2952,HBa96hxP9qW8ZG4ASvFHVPxtGEseC44WGjVcFRdvnWG7,1221,1000,1000,1154,true
2952,JDheKxsf5uXFtHtgbv6E29m1tRmtZTEshDoSkwJ4339g,1221,1000,1000,1154,true
2952,A5VYJmsbjP1C5LEebuNfLTWKyQgJDBEoXZrQ3ZaLwce2,1220,1000,1000,1154,true
2952,7weB2YmYeVH9uAR6jr6VhM8Tfaufz7BpAL75sQYX3jqL,1219,1000,1000,1154,true
2952,BzWp19vswjnQDgjCe9XjiKpReLTtTUZhiAc25Y7GoGg5,1218,1000,1000,1154,true
2952,9L66ZUccd2fTmkpYRZ7qNhDYxFGJxhiTCjdM2Tgoh348,1217,1000,1000,1154,true
2952,HZ3knFwBufZENYnJuhZYqSJGFD7UkZsaj7F9ShkG7Umx,1217,1000,1000,1154,true
2952,F4MMWmPo9FGnL2aQhkQj9SfP7vzFZEtHsDwzpQ3CGdjk,1216,1000,1000,1154,true
2952,AHoUJ5YMjxzksuSJJDKozhPGLeddcY8FWcrGeQKT3LCu,1216,1000,1000,1154,true
2952,HsoMWG4poth3bFNk48MpzQUWWoQoyaUSDZEwxusGR7JK,1215,1000,1000,1154,true
2952,4wQfxxfKzFeR5WAJsdaABKAnPctnJRPd2JZ4RBV1Mvdh,1209,1000,1000,1154,true
2952,7wkNvoHmv4TDBQTJTNkbpCYsAeL7LPBMzcXSBca1z9Eq,1208,1000,1000,1154,true
2952,7cV7wSRB2b2d2RAdyEwqwrpjNho2bGFUNjnRmxh9xrRV,1207,1000,1000,1154,true
2952,59cf2m7XJF8ranGpFJTKj7AVNXkeWUGw5Y9b1Vztk1cq,1206,1000,1000,1154,true
2952,9UzDfa1PAvXtXW62e3pzXFZkH1Ws5VeDyo3r2amTCTsQ,1205,1000,1000,1154,true
2952,HPfEsHicFCpbZ7GCXmjNpriDLSLRSBLA36V7u9gZ6iax,1204,1000,1000,1154,true
2952,Ha5fLDhf8NJTyFLHXAJw1kW9e2k3eH8XGV5A4ddS5bi,1203,1000,1000,1154,true
2952,5aW1vYgUSgagUYtNuPZ1sh3Cv3UBR3XsB4i5ZLxieeTL,1202,1000,1000,1154,true
2969,GDbmFq6313ZpiLvD4hbuY6SQyEbZMVQYEmc12rpj4c1E,1288,1000,1000,1231,true
2969,FkzKpzhXd1BvKQifAAoqjjRueEoR1WYFbnMcZmK4nkaw,1272,1000,1000,1231,true
2969,3PHsYD9UaAXFeFsKbSJzNpEy8MzkQULWRaAEY3zFLRXR,1269,1000,1000,1231,true
2969,7w7GYrppCxDGFHSPc8SAgoRiU4nogWdiiBaURpMF6nc8,1265,1000,1000,1231,true
2969,5DNcCTbKcq8jQRAHiEDX4FQCQyJW1RgJVtq8n9EwkPsy,1261,1000,1000,1231,true
2969,4ibuYQxqDUQqxiv9ssGkir28Ns1FRFZG18bfUUkuoaAk,1260,1000,1000,1231,true
2969,7EFYhUHLHegVCzdV1u8hbj5KivuhMpjRqps5tfRcjxLp,1259,1000,1000,1231,true
2969,FjzBBX9ZgsRt8tGwPeDV4zN4cs1Xw9AcSi1hzDPximZd,1258,1000,1000,1231,true
2969,Hstpdfs3LjRtrzCFkJzbyXhTcz43L6AbtE4sN9sZ3wAk,1257,1000,1000,1231,true
2969,3sEdkvykmQWKEHCBCBTWJeUgrfwJ9goBVyUscqiJ3B3E,1256,1000,1000,1231,true
2969,EATvuKAb8BrU1cze8k9MB88skJiFAWTfftySZ8TakK85,1255,1000,1000,1115,true
2969,3eBCqtR6EHDzfi2wcpyADYg456PLPt5HdyBK13Dr1gan,1254,1000,1000,1057,true
2969,6LnrV3fBNHSKBX7F1B61r27MZGH3btEpvutpReA1JEgv,1253,1000,1000,1028,true
2969,bbYiCXvdKReKr2Rb2xYtM3wSwTpbhRVPqTaEEvcqZjw,1252,1000,1000,1028,true
2969,Gr9uh1jccoXdeTRkeY6xVtcKXB669fjD95eT35cRu2zX,1251,1000,1000,1028,true
2969,5kVP55vMpYv5C5YQF2G4j8VbcNtCMeiz17qJu1tdnTsu,1250,1000,1000,1028,true
2969,1bzjsbFQud6TR8ryc6zYGHzG13XbmkFWFYC5JtjD11v,1249,1000,1000,1028,true
2969,25LaNFZBz9b95dvJKJy1scUiH4NYnuXYxR5qmHq2KrN1,1248,1000,1000,1028,true
2969,HX1PxkMexQ15hnmVobMSyHzw2S3ZjU1XVU7Y66bMWCjF,1247,1000,1000,1028,true
2971,2HZ41bwYGp52XCm22rYC446TCn5BwuQtaBD6MCVui6vJ,1076,1080,1000,1028,false2969,GAih3zkNfr5yFdWy42zw8DfBX3a34V3o9U3wAAzoZcPv,1246,1000,1000,1028,true

2969,AzBcRfw83dqkJBj1wPRdrztCbWSoo9ruf4LVUA5bLkVa,1245,1000,1000,1028,true
2969,BuBhDVShR3eCQ5LUsuMmiH4nzivsL9x5xe8xQT85BBcG,1244,1000,1000,1028,true2971,3mNfcfebtHcFJTV3MeczW5h8Nawjzud4T9LUDv98aXyw,1075,1080,1000,1028,false

2969,Dzt1UknZsJ697mFe7G7SEiT3ctDw24ZkxEzWMXQcV7dZ,1243,1000,1000,1028,true
2969,AnLNYtN7uGBBYwDgCku9Q473SkUqbmnm9dDttRS6mLt2,1242,1000,1000,1028,true2971,44P9dh6RkLu981w3iHNtryYzSk8mJpg5NmHW2zuF84cv,1073,1080,1000,1028,false

2969,EfedsrwV6osz2izgxRp1tJDy3k7iTxNY52Y7QDaL4fhu,1241,1000,1000,1028,true
2969,7BHBSyEZxR2UnvuX37A5U2EbYGods6km5eUJSozEK7tB,1240,1000,1000,1028,true2971,8WC1jv5vTjURajQbJVBsmYBYyR3kPvtjAhvSi1XmQRPc,1072,1080,1000,1028,false

2969,74eanNhYD2rdjaeBXMLM91EKoXD4Z1Yk6SHC2dQbHCtD,1239,1000,1000,1028,true
2969,DutaKppCkfDaUSA1ZTWAfbUHtn4VXhjTRG7HKtpp1JJP,1238,1000,1000,1028,true2971,9rJZxGbGgD7fZ9U1wNS7aHLjnAbGVMMXPFo8DoZZxnqV,1074,1080,1000,1028,false

2969,2ZU4BqWp2kqyG9FsXRAi6ksdJmi6koh3ui4oEhwzHVQL,1237,1000,1000,1028,true
2969,HNZwp7LZXevsNKSvpdArEFAZp9G6RkfCEJtdZZbJvBrH,1236,1000,1000,1028,true2971,A7Ai5qwxmtsVFZAQeF6pWaXULQLjQ4t5emqUJzoZBcrN,1078,1080,1000,1028,false

2969,EPVZBiWgZGzUewQzExVJV7vCSvAScY46FV4kt6q6dPhM,1235,1000,1000,1028,true
2976,FGkyhxD79LPL4pPAtCnx732heVe6o2zUMoZDM5xdv2Ks,1120,1000,1000,1028,true2969,4m7dJh5xW7RJoYitDYRymANBgpdy2r73zB6QJ1etnX4D,1234,1000,1000,1028,true2971,CAC5An7K9UrPE98yWPysjne2Rhg9xFtyGkWZt3tkkRn3,1071,1080,1000,1028,false


2969,CLhwy1wbdHCUHyHCYCaBuvJFSvQRxydGLuehxaX2uA87,1233,1000,1000,1028,true
2969,9pw9usZE8siW2JbenhHmFWXCGorPXr2HHfVyfpB1vr7i,1232,1000,1000,1028,true2971,Hmd4JvU7hg3pMYg7DKdDCH1ex3edja9vGxq3LZSjPD8A,1077,1080,1000,1028,false

2976,AWDjef86WxFLxhVTLaohLB9jngJSXG2SC7B74N4J8jJg,1119,1000,1000,1028,true
2969,AhZdkyNW11fcEqvodK2PzCAj8t4pmMa1UhWQExBUSgyJ,1231,1000,1000,1028,true
2969,9jCFdz9poa8HRDt8fiofXe8LayxP5YQrKdCTuNe5xn79,1230,1000,1000,1028,true
2971,3KjAcubwFJ2b3jpbqjLg9QGt2CQYAe1sYJNQMfqEGK2w,1120,1079,1000,1115,true
2976,GxTnY2eQWhfTaU1Xt7PyPS9vZkQYfg9mjxEtG27cAMN2,1118,1000,1000,1028,true2969,7R7A9EzU1J6ZY8KA43yFRqCZj7CPNdPeK4kUEaqcJoqp,1229,1000,1000,1028,true

2969,BVkoyGQogNWw8sj3jagzMcX3B3UCn4vd6Z9TsJvXgtar,1228,1000,1000,1028,true
2971,3afXYi76sNnCpBWuYqgcibLHTNmywKxy27ikj7JDxREW,1119,1079,1000,1115,true
2969,3ejHcDGcRpLwQQhnmwKtaT7Zk94khFXMCFjzLGjvR9kD,1227,1000,1000,1028,true2976,eRxr5r9eM8fDE49NE1KxorbxYF2DfTAcxyj26pX9iDE,1117,1000,1000,1028,true

2969,9v1tjGkS5r5CeaFXWcxARAJQGhkNyAX5HKd56yie6ocH,1226,1000,1000,1028,true
2971,zSNyYTAnmZFzy7HZRqdQ82Eoj9UizYDSsn1nkguBH5p,1118,1079,1000,1057,true
2976,CXgw9ziQyHpjEQWgegAW4MM32AHsugYvmKLqaWHNgQPc,1113,1000,1000,1028,true
2971,7j5S7krHhDSntpbg7he1om1uvuXb6UEm3nBLG2jygmZf,1117,1079,1000,1028,true
2976,4pG8UHebh8q1ZfHJ6cfFVDjZBL3Sepfc5ENshFULu9S2,1112,1000,1000,1028,true
2971,5yCxRqaQfBga9MxsZY1oyXy3DhgUkGHvX56GfBYprMNW,1116,1079,1000,1028,true
2975,A9GuU31HA3FgaCTiBNone8iQCEMnZ67nnE6qXruVa94A,1220,1000,1000,1028,true
2971,7Lnzd3Xxu7mfWzdkcHEVW72abgAxZu6Dru1dTadqUnYF,1115,1079,1000,1028,true
2975,G5b5VyS7bKhPAu5krPSmfCTVXwrdjNP2TTSj42ZoHKUW,1215,1000,1000,1028,true
2975,5b1YYCLihnKAi28wz3GeZXpgZPx6tTsByStDbs6LQXS7,1214,1000,1000,1028,true2971,HaP6wLmk2G6KQ2PbhQMa5N7pdwRyhBc4ysdmkC8PAYyv,1114,1000,1000,1028,true

2975,9DsaZWZTXMRi9oYoK8A8FVwFwPgLMpisDrojp7dT23a7,1213,1000,1000,1028,true
2971,22NEU9mZ7VW9uiWLJFvq3ZVvAPgiFqMCJV4Umssj2v2w,1113,1000,1000,1028,true
2975,Gn8DsfAufvdj54LfTVmkASR99hz69wx6gLiXukoCnwsm,1211,1000,1000,1028,true
2971,3Sktky8Fu7Zs9sYP4uxNq3ygK6dz73TndVJkcGhofbuH,1112,1000,1000,1028,true
2975,22mMQc6n7P4dKdZAz1YAyeyhNccJ9MPRKYqSXfsWgzH8,1196,1000,1000,1028,true
2971,3JcuyybMhHE8hX4DBWWe81ekZzrwpxv7eVWYCiUihJAz,1105,1000,1000,1028,true2975,5C7f9pFgLHEUgbVnQEkTEyrCgBoZeMxf2mMFHGGjobwL,1195,1000,1000,1028,true

2975,5QaVWo5jGDM4roryjiu7fEiM2MjtStAuFpraMUVh3h9i,1193,1000,1000,1028,true
2971,5tWFdH5eytTy14nHErfpvVZcvEYFhcRJ8xqn3zrB2VwH,1104,1000,1000,1028,true
2975,CUnUhYQBFQmnMEhTVdCGYdMhbmbBYYHPB82BpsQ1XFce,1192,1000,1000,1028,true
2971,BEJpRSBrQeEEnQZ9KFmwkNoycjVeKmSEwpRj9SrHtaVg,1103,1000,1000,1028,true
2975,2ncbYM2ikua5J1BmvXj7QTZasv98U7gqzeuFNmXRMhEb,1181,1000,1000,1028,true
2971,AyEYgESfdNxk9gSpByHc9X3WCpZn5TKFrhedcvi6SXNf,1102,1000,1000,1028,true2975,FyeWwLtT7TNVoXU9nw8TCCy8tEpnAuKt4bbr7tccrZed,1235,1000,1000,1028,true

2975,BSZjiBQSqqmNcTT1fq9Cwaz6dQC6B4GKD16YXXocc4fj,1182,1000,1000,1028,true
2971,BWfESUV1UbQ85MSKCS3SPYFdnWc2Rav4Bc8KXERyopgq,1101,1000,1000,1028,true
2975,9DwDf2crq9yzKsKeXThAhhmh4zKCyzwqkx4AuEoXQvDf,1176,1000,1000,1028,true
2971,CbYrGg566DRcRUDkD7hXeCwLE8TwnrH2Fce6swFNSgKq,1084,1000,1000,1028,true
2975,HMePSeY8FEXmNaBMD7xQpewHtB2KjuyYsCQVBKYfWEsn,1175,1000,1000,1028,true
2971,HeBFJZNsZEJfjXRrWG1Bmm2dhv3dfvwr4MRcnGq4mwX9,1083,1000,1000,1028,true
2975,Rr41Mn3NkymLLDnBynzEZbkGmY65L1Fh894EW1iBadx,1174,1000,1000,1028,true
2975,4amdpF4PjNVkMJcprBMZ1kegtAAx2dvnuuab59fQTDUU,1173,1000,1000,1028,true2971,EQ2mJsRNvdiGcinhta6CgXj35yTpM9V4TERgWrGZo4G3,1082,1000,1000,1028,true

2975,8o9qAtJ1nQoz3x8B9zgUMohkUwj8HY52SvHEa4SJJyeL,1172,1000,1000,1028,true
2971,GnhQ9NSYqjNwX4cWzp9XnDquZnJaXwmrS9TC4P6Tumhj,1081,1000,1000,1028,true
2975,EaK5qGUzvpmiLwcF6kKdsL3ZNULQ6KE5Nrya8eKoXXkZ,1167,1000,1000,1028,true
2971,B1Y1VnYT4uwzZ4kERBF4G7YGWaz71DkCDKfQ8gQxrseK,1080,1000,1000,1028,true
2975,DJMQqbSgcf6HhLaJCrhvPQ5cj5rD58Ma9UqefLqjQEnY,1164,1000,1000,1028,true
2971,d57QhDTwn8fcDyra4BsJEA2Fmwf9AmUvBziyV3rv2Vc,1079,1000,1000,1028,true
2975,7iTKeZ6zZwNzxQBvLMddeVCw7rNKEg5pv1c371F4v3tC,1162,1000,1000,1028,true
2975,BdR5xYZn5QzFyQb3fu8ois5fCEA1MZMN2cVm2kLiYX7Y,1154,1000,1000,1028,true
2975,EKTRmmNd6ucXA5roB1KWLqGCiB9RZjtpqU2shsAkjZdi,1153,1000,1000,1028,true
2975,9Z9FXhg4qvahsRNfi4rkVEBuMQLdr5cuXXgTGK1zjBnr,1152,1000,1000,1028,true
2975,6vhTyxVocB2XkhdFvyKQ7TppL7eBjSX5kEiFDCbse1Jw,1151,1000,1000,1028,true
2975,2PUuyeevEiqiWBigWPTrXVkCYzXH5xrou2dVFRg8vvcc,1151,1000,1000,1028,true
2975,GenUHjaM8nFBiXbnfp8nfknxN5hvVunkuZFCvb8KUbH7,1150,1000,1000,1028,true
2975,5FdRysrwGWyAihn9pSc4sw4axGs8Bsw9dvy7MM39bX4V,1145,1000,1000,1028,true
2975,9Z6mFzAJfEqCkoZK6p7wUWZyXEEybiM2xArp5JVQhqGb,1140,1000,1000,1028,true
2975,J2GKTu3XHL7xbNuPGvi7KQm7aTnsCvpyLdhR7p82zACh,1134,1000,1000,1028,true
2975,5UwFzFGY8UuhvDKviXLZ6K99TBQ5fbpRaF8WK423K6oL,1133,1000,1000,1028,true
2975,DYENN75RroD92wTmSYJZQcr6vhx3GhKPd58oovTGzRbd,1132,1000,1079,1092,true
2975,6YTZ7N8uboCfiyKBqRtqaGxd4sFPbRTRiQmtGpyeh6LN,1130,1000,1079,1092,true
2975,32ezb98FYy3Urntxo5PGeijvDg37DpY8cy6Yj4QAGgqC,1129,1000,1000,1092,true
2975,Hnpj8BhMTmfW2KZmUr2SbV99LmeaG4Gr1wSoniPbfQd2,1129,1000,1000,1092,true
2975,BrwSwRAJvVZcPCf55xXCXgMCgsWyyGmYkZJcukZTcfsF,1128,1000,1000,1092,true
2975,4UhgBHruj92xTXpDjZoBfjpRwN3iHuTK8ut3o4wnAe6K,1127,1000,1000,1092,true
2975,E96wvuR8Hg1JgGhro9qceVS7qUsnTbzZcinip8pui8AM,1125,1000,1000,1092,true
2975,H8aGpEahvVu6PbqqA1xA6gjpHcQ9CWXTzC89koTdFAGn,1124,1000,1000,1092,true
2975,Fege7bWeX4MN1DqT55r3gXNcGjL4AMR6kpaDZrAzEBmA,1122,1000,1000,1092,true
2975,8VvkuKRVYg3VBRVBZB1bSybC9pyefo9fhF6jZVBNtMwA,1121,1000,1000,1092,true
2972,BzMGjMurvpus8g6cxWRoY7mdfDs6A7xXDWrddsPvqmtj,1107,1000,1000,1092,true
2972,BiW7TUu1WH9yddqkRSo1G1SmuJqDA9wM5G5MtXiwUyWe,1089,1000,1000,1092,true
2972,gZC93ZbuQGcSjrZSVgutFK5W6cLLHSgQnEka4Ksbev1,1088,1000,1000,1092,true
2972,4eZRkE9bFJ8vdbZdEUJuWqH5dgQAXAsX8JZNWdxGJN4U,1087,1000,1000,1092,true
2972,3TyeDHxYFkC9DCnUsFkanBXPTwYTKujFR8bspcEHZWxF,1078,1000,1000,1092,true
2976,7VpdLXTsCoTVX77jUz5L4Jfj3mktRoaoMWkbeU5ZCLPA,1111,1000,1000,1028,true
2972,4BUgi2EGQFfEoYybz6PhfrGKsfgP1iyKYAJnTLrufyYD,1077,1000,1000,1092,true
2972,718AbYRXSxpa4FBSbFiJ94iSqd1sR3DvDotkUsz5rKqU,1068,1000,1000,1092,true
2976,B9xKQKm4fHNKyDdNba2398sXCysGY62AAGg9J3nARiwQ,1110,1000,1000,1028,true
2972,Cxt5BP9Xgd31tVQpZP4oFB6tB3qUieVac6p4N95xu1tM,1067,1000,1000,1092,true
2976,2iAc8ZrWzjQiFBBVnU3BPdqFoieZmV6cPvpzaVQGahxR,1109,1000,1000,1028,true
2972,CPWFXxunpCRiA8QC6Zws6gz3AdwhUYKYJuku3mnibiqo,1063,1000,1000,1092,true
2976,4e7HMDDWLViCWJccAhdr8GSXYJ8CPAQszdcVyJHcDr8s,1108,1000,1000,1028,true
2972,HdJ9myqRMv1tusH7KNib1Le5bjMqzKMVuokV1HDrNtAx,1062,1000,1000,1092,true
2976,2mBxNmST45yMSujWqPHbKdV7ZokDbBfK23qkKnU94s8X,1166,1000,1000,1028,true
2972,49p495fJnGaXvW7gWZ841BDNEUmhMwAHqMSrFt3w9379,1058,1000,1000,1092,true
2976,EaJemiHNzAAEPffhDDHe9krh7hsMMZm6tvZ3MsuG9UAr,1165,1000,1000,1028,true
2972,BPHWwiNLumnUMMSfB7ddYDKAF4wYDActtWo7aLD9v2dm,1057,1000,1000,1092,true
2976,2HGVEyAGNjPJFoDRX2xgrTZ84C2WMGUFeCsoXiyX7hgN,1163,1000,1000,1028,true
2972,4C7N2xC6RXpuaH3yi7uPFuVvpBqVKf1bGPqKPEraHXWG,1056,1000,1000,1092,true
2976,9814knbMdCom4tZ2MwUPebZs1PBryHnkMWrgQHy4Xgwk,1158,1000,1000,1028,true
2972,ddC8aegpoPiPELAcWvCXH3E5jT4MeY23MByDft74jvv,1055,1000,1000,1092,true
2976,Afn4FKC3oX3PYtS9rQMnVFPguMAhtzyvbsBUizfj6RLQ,1157,1000,1000,1028,true
2972,831dwBbPfvMgqPsWLhTWMJLrvCpuhsVx9fuMmsKwMZg2,1047,1000,1000,1092,true
2976,D1tP6EUnAdfWQ28ZJygJNWcj1qM3mzzpBxw6SyjfbPur,1156,1000,1000,1028,true
2972,Bd8E6put54umHr37V4q3dBxZmmkQD3wSFLwmGMeR2wXX,1046,1000,1000,1092,true
2976,nDp3ivRSbtGqLTwSVSRZ8YR3scbYdzCYSC3XRkXhGVA,1155,1000,1000,1028,true
2972,9RuynDh7eQTsmzv6319Ci7izqydrVqvpo7XX8fHZs8wx,1045,1000,1000,1092,true
2976,2dfytGcEfsUaxT8xrohBZRpwavYpK6XHFZN3t1ntxQEm,1154,1000,1000,1028,true
2972,FWCiCxh7wW9yuU3BAMdgTKacScMTJjHnoa158dVPZr3G,1038,1000,1000,1092,true
2976,7Dfr7o9CxT7FfvPi4pVU4PxcARxp9L3xrx2vJesom8NT,1153,1000,1000,1028,true
2972,9timffR68Mf7gg7bkZi1Jum9rrsL2quHU3wEbnBf6Jbf,1036,1000,1000,1092,true
2976,DqSwbYDmMKHeuzxrrKTNfk4kL7skTByrWnJBgSYCtxVb,1152,1000,1000,1028,true
2972,AtMWCDEeL97gXYAgxqXVwuGhWcpX5R64uEqkwzUqdx96,1035,1000,1000,1092,true2976,2usXsUuLbofMXBhDBR2EBp6MTcxLm2wUcMUkUJEY3fgB,1149,1000,1000,1028,true

2976,GPdozm3WZ1jhYd5RvVAa81hc8WwLfUQyvhcwBSDf3V5i,1148,1000,1000,1028,true
2976,Gip6YUi4z5GoG7Dhwhyopmp4HADz5W7yfCjhrKm98bpF,1147,1000,1000,1028,true
2976,J4tqsm47s8ytpSyZMBSKNCZKweGw7XtWKYacq9kj2sxc,1146,1000,1000,1028,true
2976,E6d2hjz54Fy4dus6qNa8fvC2ARCdp56qXV9JXV9djSKV,1144,1000,1000,1028,true
2976,FazrG6w4zC3kDpAHCb3HfFpBfqLuJW5D6Ga5vLWLF3aP,1143,1000,1000,1028,true
2976,8mdixDMWi1Mhv6VKHrxKNzhz72DsG1Qx9HqG4iHNEszc,1142,1000,1000,1028,true
2976,DknbWfTMJTP4hmvJzoCgphC97uGyfwp5gQ12wE2qMzsX,1141,1000,1000,1092,true
2976,8piXZgdcQ5bekjMKvdv32SjSgkC1aAY5ieGgfSHiCTuY,1133,1000,1079,1092,true
2976,DM2JxkjEcP3bgiDZnXSJNmvJJgQ7Ju7tR7TvqSBVqAJe,1132,1000,1079,1092,true
2977,YuUTzpVQVCyLEyjzwE1YhjzCZ85ykLRFLFYwd7SQeNk,1052,1099,1000,1028,false
2977,2VFskHRfyocy84EfCTYhNniK2CsfRCKVhokdXdAtYjZg,1039,1099,1000,1028,false
2977,3cERBoEwCbeBxKjEQ72iSAZwBs3zbQhaP5bzyeS5tuM4,1080,1099,1000,1028,false
2977,3gbEx4xQ51h1bgT6UXPPL1myEyqTXMqP2BWCz39CDs1J,1091,1099,1000,1028,false
2977,3zBT5XWwxkpEaU6EnovUfbyqq8UMjvggBXph351pWaEh,1093,1099,1000,1028,false
2977,4ZsWvjfMV9oKxx9UbdeXjjQFZ7yHjxLTCwuqhGaCxujL,1085,1099,1000,1028,false
2977,4bWakDsNF6Eq5es1owZCWwmsbmwLktMSjCvCBEZP4jwo,1030,1099,1000,1028,false
2977,4fVWxFsXmmMXEdcns3EzjxAXWHmJjVYP5fYwJcLYkGUM,1086,1099,1000,1028,false
2977,4pBmxYoixQRWcid3e7QgLDhfewjvk6EB12KnN1oV2W2Z,1074,1099,1000,1028,false
2977,4qqriJywqibQHrwqyg56n7mXTnJ585hpiEJ8ztapQhWB,1053,1099,1000,1028,false
2977,4t2Z9w4hWeomssNh87JAdS4DJaZKraysDgWd7J7qQAfN,1032,1099,1000,1028,false
2977,571bnGCM1m5bF5zg9jGzwzD7xiHc5bRkAGx8mXgtaRgM,1070,1099,1000,1028,false
2977,5cJay9BZkPF1FqD7AGNwABZzA93tGMwJpTPCGgTKDovt,1071,1099,1000,1028,false
2977,7BfzRzKMPQPivzZgsBh7ptFkfAKGhrqmuYN7R8gHFcBC,1049,1099,1000,1028,false
2977,7khbDJWjtmhKUEDZMptapJRNoA9fU2ELwuosj9Ah8MRi,1082,1099,1000,1028,false
2977,848WfouH7QVJ4UikrNZZxWb4B6RziWE7Nbc7CRWqBR4z,1094,1099,1000,1028,false
2977,87pNn9AY7MRGxiKbueHm5wP34v8KX3YXgGBEHy2bLQDF,1076,1099,1000,1028,false
2977,8ZFw8E7L2tYDZZzJZJxDnesEGsvy6mmtnePhQTdWivCb,1073,1099,1000,1028,false
2977,8qztpSHbve5iBm5UsYuSc3ret3Bx2iSwZeqL3TCATY5u,1048,1099,1079,1092,false
2977,8tKgYGmDhzh6X7z297ei5GFxYPGYZqtQJzjFFrZJ5aE4,1075,1099,1079,1092,false
2977,A6fqz3fN1joWNKa8AmN4zj75TuXvvE15SgchX5JW9Vp8,1069,1099,1079,1092,false
2977,A7LccB9qMxTsqHV8PMQpUn1QkJWSt1dvJLu13NGtL1xR,1061,1099,1000,1092,false
2977,ACds6v43EvP8UEcJ43RxqqdZPojdn7CpBeoXELuT12Mm,1051,1099,1000,1092,false
2970,5y6nvcKWemtF7zY4DfBdZJaxqmBUj1Sb5EKukb8MoD6,1169,1180,1000,1231,false
2977,ATmcGgptcm922meV4hXG4GryqNs2Mn3XK9HeX9epxbX9,1064,1099,1000,1092,false
2977,AWdSGACVy6PE7yDDoLi2RHnB1HRcWCvEVocjP15VjjX1,1083,1099,1000,1092,false
2970,kkBqd4Vva79DDNFS99PKnpstkiKJGA8LybAikk5bqyh,1094,1180,1000,1115,false
2977,AZYT1tAawjDUyLisao4NfafvVkbduyn8qDfRgwbdFbRB,1092,1099,1000,1092,false
2970,2aGJZM5N7mRxZ2MD1U78kvQE2sv3BxKVsiUAeSE1TSd9,1064,1180,1000,1028,false2977,BX4kGhtUtx1sjHx8A49BmrofP9ombVw9Xv2hPG713rgy,1054,1099,1000,1092,false

2977,CA9oNGdUE4sPe1oYg7zwie6AJizyyRhCpgX3QqcM2iLm,1029,1099,1000,1092,false
2970,37fuNp7PFXbk68HDuJBZ2WHxD4FJE1fPdZV1pxuKfTcT,1170,1180,1000,1028,false
2977,CXQxHusx9ULHkzrfAL3FT9Bvoux4H2tZugyAqKxEuLgB,1079,1099,1000,1092,false
2970,3MhmFEubTnLJQfagGu9HPu1yJ89LU1b8usqdA7cm7W87,1061,1180,1000,1028,false
2977,Cf2NkCLRxpqAgK7w6eeeLrxmy2gw6Ud1XivdAb4pmYgL,1066,1099,1000,1092,false
2970,3Wza11PhmGPh2Bx2wCeAZ6pXdrwJ7juw6y7BjmWXKqJi,1171,1180,1000,1028,false
2977,Ctcr35yR6F7ZAZwMEXTYmZ7BGd7b1TaLLQ3NHUBiRxAs,1037,1099,1000,1092,false
2970,3j6zoRyZibub6rjuVKLKTVuoxEi1SVNQJ3D2uMYPf1wo,1058,1180,1000,1028,false
2977,DkLe9r8BaNh6yBGEFGbVzmhb2KAt1cTvGm2ig9bKFh2U,1060,1099,1000,1092,false
2970,3xP5uK52U6MF3boo3Kbropr5dsXmCztNWVYx3i1FANSd,1093,1180,1000,1028,false2977,EMUpZGfHWzDqz9AyP7hBnTby5oGRqGLNBbMamxqd63mC,1042,1099,1000,1092,false

2977,F6p7rkG1iqAtDe5Cmp2X6f2dhiofPKU32DxvaLkJaEZa,1081,1099,1000,1092,false
2970,4FMEY3KQpHBbdShae2EtJp1wrRp7W1JAXqmctyb6XA9p,1042,1180,1000,1028,false
2977,FMpo3Bcx3mChf8ZLDdqQUgH2tqHryukXFLcbvr4M522M,1031,1099,1000,1092,false2970,5TAv4KX5qvpgLjBPFnNJF1phYtj2CRoTUqMk6G7iBy76,1047,1180,1000,1028,false

2977,FQcVJdFcgR2LhnYgtjnTCkKYFeziLWzkfHuEAXT2ZrN7,1072,1099,1000,1092,false
2970,5obzVZdK29s1NKwnttVsqXTTcogseEeXZtpjKBWjGdRk,1062,1180,1000,1028,false
2977,FgSsXvY2auNxZXNqCEzBNAkWx7rKCms9XWZbYxYLMvar,1050,1099,1000,1092,false
2970,5shrQzoJbnVkUjp6U3sU6KZP6dt8U559sDVhNNGMcoNy,1109,1180,1000,1028,false
2977,GF8EdKnPiedMKNFpFv48KRakxep5iu3LLms2dgfHUQW3,1040,1099,1000,1092,false
2970,74MUdvi58DHTDaF6pW46VGnQcnc5aBGp64DLkH5HYqPD,1095,1180,1000,1028,false
2977,GtcNu3ByhrdQtG2AgXmHg3hNVAKW3oVHKjrKuUXv3nBT,1059,1099,1000,1092,false
2977,H3Wbh7q2faQXRbrm3qzBmUgHMbKD78wqXaoRPwoqRwzP,1084,1099,1000,1092,false2970,8GvFn8tvLpEDbv7tyzLsUaPzfotdyeqRnwYPA4cGVRiL,1048,1180,1000,1028,false

2977,HX7CgBiqgGfDDpKWh6gyE5gJhKVt8ttepLganBgBmEkA,1090,1099,1000,1092,false
2970,8eVSMxHnRAyr3rTQJhFpN1DsqZnG8DK9FD5QVCJmedTV,1029,1180,1000,1028,false
2977,HhoGR23qYP3KHUvrUk58vHgFqenwLB6pYc44mVURvvLm,1065,1099,1000,1092,false
2970,8n2DZ2AH55sPz5oG6GdMvPEiyy7bDYaBoBhUb7Rw525V,1027,1180,1000,1028,false
2977,EaZwa98pP78hisTcoXrx98Q9k4xR81Q9GCZK11vX35mo,1043,1087,1000,1092,false
2970,9U447frdQePZbHpXqeaLnrX46vPcGLcAWzvmUB5MfKpR,1049,1180,1000,1028,false
2977,CnstTjxdpXitqzitZfMT4VuijfroqxqdSfj576tKwSLK,1131,1077,1000,1028,true
2970,9cg6PasoGvQ3ug9sEysUcvgiwyz7UUWQ7HPcNr1esNSw,1063,1180,1000,1028,false2977,DGJxdkUBi9oNLgQ1hEMCAYaKrChS847hAvNW3N4rARks,1106,1077,1000,1028,true

2977,GBSq73AG94DinLHLncydmYPpxANqLWip7FgtkJgQKX1d,1105,1077,1000,1028,true
2970,AfN2fRhmoAYFjTQdQrZusQ57rTEBmcx5m76d3BvGuiRE,1091,1180,1000,1028,false
2977,3e3GLqkCcj21GkX14GVHcv2AaHmutz6hNmyXFf6oMzGQ,1104,1077,1000,1028,true
2970,BJVaMNWN5CQs74Wvq6ZEaxEvHo6sbF9bDJ5kd5FHpgzg,1043,1180,1000,1028,false
2977,BGftyyLg32seQ3S5WMRxWKUNGHW12Mb2yKsVT9D7N3vH,1103,1077,1000,1028,true
2970,BmmtaBVkr4Kf1YjkWXica6F9FjhNJo9YXB92hMLbJ4d3,1028,1180,1000,1028,false
2977,9RE9hxHArHQip71nG2VrFhRTh4erEtpknS24gnHjr74X,1102,1077,1000,1028,true
2970,Ccr9LnyuPokG99cYXeLK7A8dH3TEaRXh426UFJH238Jx,1092,1180,1000,1028,false
2977,DZLkgt9bdczwkrzMduWTGMzsiUd7RWaXtxKjgX2vM7b2,1101,1077,1000,1028,true
2970,Cg2BVLsz2TrUQZYfKE1nDqw4MDiQDqKrNWHrM4frCGNJ,1174,1180,1000,1028,false
2977,FDrgami75UyPQb6RzEHfykDHEwV6acprZStdnPeX1Tyi,1100,1077,1000,1028,true
2977,DVH3Pm69pSN7LHHNCozuU9JLXomUdiAoNgPHvEniQFpG,1099,1077,1000,1028,true2970,DbSdMtmxfbCs5sJx4wqFQQHqhx6GydoUVHH1Zx1vC12E,1026,1180,1000,1028,false

2977,2FRAS8h2muHTLgxMtzR7VNqYKdMxrqZrai2toXnzj3ck,1098,1077,1000,1028,true
2970,DdRyHfBHH49ZupjCTXK1A84d7CHrxE4V7MQT6qeyoCcW,1060,1180,1000,1028,false
2977,J8yyrYkdAyMPcZTTEbtsa6gCjHGZoDwBHTf9ixQqLswz,1097,1077,1000,1092,true
2970,DpLtoT9SZRXBUTiy1yiZPbHXm5sRWkfU5bua216eLJDV,1110,1180,1000,1028,false
2977,pmuEryVSx48GhrMe6ZsjMmEUDXBS5NyWeHe8iYcVix1,1096,1077,1000,1092,true
2970,DqJ1SskXyDkjJKjTWPpd2D6fT6XjPFcXMjJuVq9dsE5x,1041,1180,1000,1028,false
2977,6W6yitvQ5ENTNfbCCnSgM8BbuJts9uW8EqiNb9W1KEN8,1095,1077,1000,1092,true
2977,ARo5vi91d3ryvmcZKjnFPNoSBb9aB9uF93oiEi3mVxg7,1091,1077,1000,1092,true2970,DwhVCJE2eav5mbb6srwXMnTS4RcW2e1DwnEW4jPULFK4,1059,1180,1000,1028,false

2977,6iUg66mbCHCLxGiatQdMHNHiNkzpTnwWVVPS9pJoRNpD,1090,1077,1000,1092,true
2970,GBr4L9V6zWSjw6Nwj9qWcjaHZQPU8RJjBkcaUEgTBEgZ,1096,1180,1000,1028,false
2977,Cpgx3Xe9cqP1MiVWssMRMEbgYhSUDRoWwxQ9xePqzJQj,1089,1077,1000,1092,true
2970,HiVTzbCWDiFbnGDXSu4Zmxv2njCk94hWnibbj1xaYAby,1030,1180,1079,1092,false
2977,ExDorgYMsu31XGkm2NFxGJBKPJ7HB7X4TMNneuFSbcJm,1088,1077,1000,1092,true
2970,HjPEGnQuzJNi6QZQSMdRErsX3fTjWdEmgTojbTTeSRqc,1172,1180,1079,1092,false
2977,59uTWKn8RAZfW2uBLs9TBwffqeiDVqy2yqLxsDxNgnsB,1088,1077,1000,1092,true
2970,JCxz1SpCwQQebJtZJp3ewEP5cp3dTQZrRraWqVfxyhcE,1173,1180,1079,1092,false
2977,Bpp2UghTYakSTroBjfqXzwXHQtfUsmMTCwhsjbg1xRLV,1087,1077,1000,1092,true
2977,2XycyjLLvQQ11cm2wFnKghmzT2yBCr4LPT1JhR8dtTw4,1086,1077,1000,1092,true2970,qZmX79ia9e46anGkkrzcEzoSg7PNdy2RnZFNad9GtvA,1097,1123,1000,1092,false

2977,9NLm1snpMzwEJRoBcjr3KjxW8ZsN4hEejBFAiqmZsMNm,1085,1077,1000,1092,true
2970,2FAaVXuySeN7feH7qKvE8byt4eUaVPbs5BgtJFuvFyRt,1111,1123,1000,1092,false
2977,9R1KVKyt68RpQumz5TS9snFP3izCwSQHcVz57DBXpQri,1085,1077,1000,1092,true
2970,2PZwoJZuiSddmdzpgVhpNnkNTpXjKZDAzf4fd3oWw1Va,1034,1123,1000,1092,false
2977,4ijhVPJi3q4szzWuNyPK7SZDJ3zLmKMhbWMgu4qd2PLe,1084,1077,1000,1092,true
2970,2QXwCHfwuivaJgKki2zp723SQBda3hnJ827GBhxdhZaY,1036,1123,1000,1092,false
2977,93fwjZqj98NkSomKKsGrA5PsFMNQWBr1hG6ezujvsmSw,1083,1077,1000,1092,true
2970,2goJ7XM57erZjmqMFEQtxPXQSrBN7gVYYpEEEh18QjoM,1068,1123,1000,1092,false
2977,Hd4u3onqSeqZAqhqqhvaJeHuu8DxQUANsiCj1Dp6QE7U,1082,1077,1000,1092,true
2970,2oT5r1JPVsJZc94rmZMwgvZ4TL8qmTpzWkiZb2DQJCLR,1070,1123,1000,1092,false
2977,GEYEeVm8az4dUUrinWZDKRvLsYvUtf7Ne9ZZHTmBT28Q,1081,1077,1000,1092,true
2970,5R5hcgtTUavhGtH6oSLQnvXkqsdyyWzMq1usSv1bQU9o,1031,1123,1000,1092,false2977,8dJd6TbeAHDJwQBY1pYa1htmPWNN9UBMwp8F2brbaFbL,1080,1077,1000,1092,true

2977,GJgKDqeF9yapg683M8phApHWEeFLQMumBmZyXNty9tph,1078,1077,1000,1092,true
2970,7vYT5G3FGvsvdwvXfGP9Cqnj3Zqb9ofutrd19P9Vj7ms,1065,1123,1000,1092,false
2977,AHQjzRV5H3A5XN2dmqRe3EbnDr3jEhsUSx42Ycf3modT,1078,1077,1000,1092,true
2970,8UY99w5T5qChBpSjdEmhHofyoUWQiy1QMgYe8UyzBuWg,1032,1123,1000,1092,false
2977,6CN8UUPqowrtQp3v1xGXoo4DQ39xcPUv1uaTDndHbbeK,1077,1077,1000,1092,true
2970,AYtLk77LFxF3FpHAeUscTPohAX37Rsq1LDM1BMBHPqdN,1100,1123,1000,1092,false
2970,BAE8SqzdVsgrpRafEyN3Bj3u4dKRCveYo6vVeM7dKfft,1066,1123,1000,1092,false
2970,BP4Nd1UEq6FtL1yuwnMWQzTaURSZTigXREwmeFe622SR,1099,1123,1000,1092,false
2970,BQhwn39AXdaFxrCMdf5kHzcmGqvbLPm6fw2TMc9SNB6Y,1067,1123,1000,1092,false
2970,DJHF3Zw783eXre2KtGKe6BypnFvnyg7vTGCmjysoCxcF,1069,1123,1000,1092,false
2970,Ds8cMZXwRC9rNWUzznTUWnmMkeCHXveLvqG2qtT91ryc,1035,1123,1000,1092,false
2970,Ee3DFN4P87d91fbUsY9EECVRm3CHSnLZNgJCQqDrX6t8,1098,1123,1000,1092,false
2970,HPmzVa2259s4pYDeyPJfuPjbH5yfxnjBhBW6rCo4Ynrd,1033,1123,1000,1092,false
2970,Baw6zUK92vfpGTyRxzxNhDJucdA51WCfYu5HDHuaMFqK,1198,1077,1000,1115,true
2970,Gb6VSXFUQJzTZtipptF332gwoPQ4CfzG7r3hMpUgBPd1,1195,1077,1000,1057,true
2970,7rKvXDmEEDU8p7DKjA5MkYiTADHgvE7dHauGhrFB54KU,1192,1077,1000,1028,true
2970,5iQ11AvgYBp3PkQdQuPE9tHnFUsaWQnjtwsn5x5AW5br,1191,1077,1000,1028,true
2970,8fzctw3WqK67pa7zrXCBtVftTZnARyaSbrEcd7kFZC4Q,1190,1077,1000,1028,true
2970,2ZoXTLsdKnuVCuATVXKno9jwESmGQ9GqyGKQsLq9qktG,1185,1077,1000,1028,true
2970,7vSLhnwv1ugX9stsmGtVXTJcNmPSmEH1ZSftyHijoR15,1184,1077,1000,1028,true
2970,6vERukbCGD2WkdW9H62grRK5SQCiYHkdcMXys9zaYBxW,1181,1077,1000,1028,true
2970,26uuewZDPzU6CCJXV6LjspAJw6sM9Wjzeihv9Z3reGZh,1180,1077,1000,1028,true
2970,GJtEguJyUfQePQ6VHdByZFdErPDwMyLAcRCYdXDZC1HP,1179,1077,1000,1028,true
2970,3a1gi9Ay2xgMxv1VUcicaWfBeCWXkPiPwWDaYViXT4jA,1178,1077,1000,1092,true
2970,2mZfyCZMoWZX9e5n5bEURavkhpQWwjNanTybEStLXzta,1177,1077,1000,1092,true
2970,BYd878NnTdK6jKhAFS7euzDx5EGGKotVVCrLG4HGTrrH,1176,1077,1000,1092,true
2970,6u2PeLtEYTYLMdeGLNN7iYDg5ENABtb4AgoAthAqAcjz,1175,1077,1000,1092,true
2970,BEAAMe2QtXSj3yYPpXznjFXYwrGu4LsQz9zn69LHnpQ3,1155,1077,1000,1092,true
2970,6ZC4sKYMAGgCrseTFs2QsY4Aoh2zWmm7WJaMLetGX52u,1149,1077,1000,1092,true
2970,32pwfgsretdV63xGo8JhZtx2QpzJiqqy7yvdjKdZwCCL,1146,1077,1000,1092,true
2970,8LhKVPGoK3ju6wKN3JmH5UwJCXbKe1NHhGGvJk9j7eiR,1144,1077,1000,1092,true
2970,6rwiBKQyZeJnTYMvkChujXRWvGL8bcRtqJSa6uc4TBcQ,1143,1077,1000,1092,true
2970,5QkgYce46NgNNbVcVB2HDRSFWLTvTH4RuQjftjT4WNaX,1142,1077,1000,1092,true
2970,2qH6dnMVwZSnXtJ9bYMzxoJmaQnHbERgsmGTJWtdP7eF,1141,1077,1000,1092,true
2970,JDtvR5De13SfxAkEtQ41vGTS3StbZWPSWM8cyKnn9uJT,1140,1077,1000,1092,true
2970,FCi5QaaefookYhtdzg43fJHZDimgZNEYnW59RXKUAAfq,1139,1077,1000,1092,true
2970,4gaz74Crwp18fFzBSCLY4xjSmjXXAVpdPmy6co8GLv9N,1138,1077,1000,1092,true
2970,BKmuAWGQcf3hGioXVWhisbtoinZDs1P92v6HC8bxcRpN,1137,1077,1000,1092,true
2970,FCSYDNK7fzzqscC3GBaAMHgPna9fEeK649kuPy6Ve2nD,1136,1077,1000,1092,true
2970,Cw1Exk7WzqrAyQAMMpLFV7MsP6hSpNMkpzytXSzZcJjY,1135,1077,1000,1092,true
2970,8WyqxikSikZC8TEC5BQHEG3YphqK25bR8hzdjiyGPjR9,1134,1077,1000,1092,true
2970,Fo6bPgYeLeMunaDWFypg62aaujk5aSaz2E2EhA8QXqod,1133,1077,1000,1092,true
2970,BUYGjJ9rfyV3yiZVPFn9YuU8dc4Yug7tovScX1A1NcpP,1132,1077,1000,1092,true
2970,CWXLPR1DhvBLV8gGnzpeSbDBwd5Rf22hVZm74aUQoBbk,1131,1077,1000,1092,true
2970,48a6vxpRbRgSSnKTeaComYfwR8DUwBHvrMBmwqrxv6SF,1130,1077,1000,1092,true
2970,DFgXSUj3x8Psf4vJdX3jf41Vyo7qwX7zm7vVNxt7QQTJ,1129,1077,1000,1092,true
2970,Ca6UrLPFzcRaMSdq6LQ3tCnLSwc1g2FrWKuXugBuhstd,1128,1077,1000,1092,true
2970,2oww9835HWwtMMro4BX5TR537KcxJ396eZtBrmiicwDE,1127,1077,1000,1092,true
2970,BWZhUinvGbmKwJGx26BE8HTvhCEfw6q73iFQNzAjyAwb,1126,1077,1000,1092,true
2970,DtkhkuG2yivdq9fbUFJguBcSercor5HzEPzbdj9Y1CqB,1125,1077,1000,1092,true
2970,2D6fCgN25YnmdATdqWE8oGp9QcF9CzYcY55Z1jdLz7ZG,1124,1077,1000,1092,true
2970,5Zj6DUWQsidsNjvSgBv4qJ4yjbQyBo2wswhwvYV5PECR,1123,1077,1000,1092,true
2970,7GRnWMMu8axXXBViJyd1M9CiyiVAMcCa4G2GYPMeNHxj,1122,1077,1000,1092,true
2974,FY8FXgXm6PviTfpoUMBJ27TuYhuH4kQ64wojpoYAdNmK,1299,1077,1077,1182,true
2974,141dAm33fTXYTHDsMeEDf7ogMyJJJDVWQsy6pewTjJhV,1230,1077,1077,1182,true
2974,8xWvkbFJtXEAvVhV7eqEKnm4FbCXcmugsR6eZ9HCLiWK,1219,1077,1077,1182,true
2974,8d5dggbFNCtMgu5MB4Daa51MWwiee1H4xQsyuXQYdGPm,1210,1077,1077,1182,true
2974,9qb2fpi3HETLqVZtrDpMTGt9RxMuwdHi1tGt3VdkWCa5,1209,1077,1077,1182,true
2974,341njGnWYR232U3D6RavH3PcnyF7AC5Jd9GEcAD8zDuq,1191,1077,1077,1182,true
2974,5xkC9qZeVPeZmXxLB49yHXWASuFkhntrqafUHpgqktZ,1190,1077,1077,1182,true
2974,32eFcQHHGCveAKHfFPy6pBa16Y4CcPwf2TvrNKFa39S6,1189,1077,1077,1182,true
2974,BLT9ffKAAA1B4ExyDhEd9m5ticHHgNbxFSEik6kpHCi3,1171,1077,1077,1182,true
2974,2UNKL9SsvBVpUFStqB8P1SPVwdmBrMwH99Qi3FnefSDr,1170,1077,1077,1182,true
2974,59foSdJoZeCYGz9zVFat6tsA7trg9kjcvdVqiHwFjrWP,1232,1077,1077,1182,true
2974,C1dKsGedMJJ8MR7LXTttiN7kLspnDvQ6qB2GHFnz1CtF,1231,1077,1077,1182,true
2974,7bVaf1cemfMn829yWKvVjbqVghN2VoRnoYnk5ggKHdsD,1225,1077,1077,1182,true
2974,ETRpKrx4eAfkxYwm6pBaT2VGsZJKQzAHp4hVaNgc6qht,1212,1077,1077,1182,true
2974,5tJGnWPGEsepnRY6MWi2QBAsHtDCpgug5X6Wsasa4Bhs,1194,1077,1077,1182,true
2974,5LGpj4NPsEK4E9wTJe1xnGKgeB6EAhuNaHp5XxsX1Hs1,1169,1077,1077,1182,true
2974,CHNwTM39tPUaqtZERbDzZY7t2hgBPff2yXgS7MEWKJnw,1149,1077,1077,1182,true
2974,28S8wqUfn7yAZHbpBKo3vg4CgsAeVMbA4JQgE5idMckE,1148,1077,1077,1182,true
2974,CrsQSnqUnohbinbQXS2wJ1hibQ9mH33ihvrYVHr7ZeN5,1131,1077,1077,1182,true
2974,5a64a1rwwLeRRWruaQ2vD9VTieGwwQm3KtZSypNbKUNJ,1130,1077,1077,1182,true
2974,DRV4RwoeTHPok3cvQS1P9y2VNT3ZmA6WTiEgepmD5Mq8,1267,1077,1077,1182,true
2974,HA6UDqxcdAJL9Q7ScX4MEq8HsVm5BZf9rWAbemmuAjse,1266,1077,1077,1182,true
2974,B3wWzBfYtLa1RMrpyJxJTnskokYHsRZR8DcTk7x4QxWz,1234,1077,1077,1182,true
2974,GkyL1DyxpSFovmnr2CGcVubhGsnNmWR26Z1Rkk6TefTy,1233,1077,1077,1182,true
2974,GKfBHQDTSZh4rdj5Wu9FVJsqNtrkyJxNmekA9b1tJTdg,1227,1077,1077,1182,true
2974,8zB5wBRzyAdKMKRAnzn4SSCBXn6N2PpMpLFk4ii6qrX4,1226,1077,1077,1182,true
2974,2aPN8aZJs1Nj9AKrQ5CDwAUuU5HgJqxwSCGpHaXfozxH,1224,1077,1077,1182,true
2974,Ad46NMSbkaZ7XVJ9ve7SPTQcSP8oyMYdMEQeZVcodhYu,1223,1077,1077,1182,true
2974,CLZ5VHr3gMfb2UnHnYpjanHR86Efz8ZW25Q8H7r5tzUC,1222,1077,1077,1182,true
2973,Ehc6Zxf4JyAF7dT1u9i3jhzWspD51ZsaHSiCAipArjdk,1034,1077,1077,1182,true2974,87GUi6XWbi5uXmgE59afyxpvTFyXAEwwp1pXnEhsyCAY,1221,1077,1077,1182,true

2973,8o6HBacHvKLgrdBApYg5QkdQounQPnVnkPqm7MjqNL3P,1033,1077,1077,1182,true
2973,5Fz6fWjb9gCHBokjTbwrgpRDiRRhj6ynk8pyaaLDvGwz,1028,1077,1077,1182,true
2973,4p7peRWg3VBfQ6yGoBpxAJfDME6WLLbzkXtBbULSC4EB,1027,1077,1077,1182,true
2973,5oVZZRUvJXUeXW9U1WJzQcudzFn4tvzgDoNWvu9tyZca,1026,1077,1077,1182,true
2973,Auhch8df5bLhPxnJ4P7vvsjMn34NkVevHjGatohs6Bqe,1025,1077,1077,1182,true
2973,9FvJMfjf8QwHJqkcwiGyRyAZWGUwFsENeUp8pLBefpn6,1024,1077,1077,1182,true
2973,86uw9ThPnZMDRc55YnwcFTeeZEKAwMHm3MYPkhaDAnZe,1023,1077,1077,1182,true
2973,7JGxaYho5qU96F7FE7pBmwRokCSqyik9Q5bJWZH39nza,1022,1077,1077,1182,true
2973,5wXzCr5M8snDrAjmhfovXfsKRHsSdHRhaEmfaiZwe1m5,1021,1077,1077,1182,true
2973,5QspJrSj5JXNyaqtjiR2wogYEX9uWCM23XoTE2xAnMvE,1020,1077,1077,1182,true
2973,GXF4NJDhrW3C4eHbyze5zxTsCi2pK8E79xpHCn61y1NH,1019,1077,1077,1182,true
2973,2wsdgATUiJibCg7RRFzAgoh2ZrruubN9xEnGbswDyDkq,1018,1077,1077,1182,true
2973,9mWk7LhvH4PnVcZzMZvwZZzuq1ui3fcFK1b4TBJK18vC,1017,1077,1077,1182,true
2973,7k4L4HESzz5iswhyq7NPeeVPmP7NX5Q7R7v66dhm7ZwL,1016,1077,1077,1182,true
2973,D99VULwoE2okt6KHYUoy4DhQZ77QjwE8nXPpqCS3vPFb,1015,1077,1077,1182,true
2973,jBD8TpHrSGNKAsAUPixbJxurq8QcFt9BkYpCFNF3yvR,1014,1077,1077,1182,true
2973,A5rb4Htn5LKYT8AosopUJTUqbnfjdPb24K8mr94BtFH,1013,1077,1077,1182,true
2973,6yWi6aeVuTDn2NgPXETm9eXxwjfnaH7rCRgS7jjPcDFN,1012,1077,1077,1182,true
2973,5yy3gJuw4E1DgGU5xUpcW8suW6cgLU7ytx81MkkYFE5D,1011,1077,1077,1182,true
2973,5DArPFsaiuQW8EnJZbY9NQDWDkGEX5LyqZ8Hhho93Mp8,1010,1077,1077,1182,true
2973,Aqd8qoXo237PWKUN5VLnAfUrvf1sJfvcYG5rSYAQVfvL,1009,1077,1077,1182,true
2973,E4jJkbtNdvNY2uEcb36L2V8DyiH7A9CKrwVaWVSG7eum,1008,1077,1077,1182,true
2973,GbiLQw6mwopPf7Zf87weiPzP919NF5q3tf1DyMtLnh5u,1007,1077,1077,1182,true
2973,CFMRjY4vpAT5os4MYbk4vpnw2w44VKcEcWxKskZP2iTD,1006,1077,1077,1182,true
2973,G4K8WmCAN4A9cVfNc6zBUh4qWjAMhsqpefqrYnV4v2aM,1005,1077,1077,1182,true
2973,4LZvZxAkKYokgLu5UT7PzyvznBnze2piCZJi8SaBdGPi,1004,1077,1077,1182,true
2973,FzaBri5HaAdjB2zNLtErWWxE16Kp36VgGgpbFugYFaxi,1003,1077,1077,1182,true
2973,9AyM4GTqp5nDEKbT6sGAucWsrBGjMUG2KYQLfT2Ef3Fk,1002,1077,1077,1182,true
2973,HYhLgMTdLRaCqEoQPNriMtGfkSBkctE3aLMJPLAP7dek,1001,1077,1077,1182,true
2973,CrxN3GyBrhAcjoJajwwT5b2bY4YQFBeFTX7bRJHHx1Wo,1000,1077,1077,1182,true
2978,13YbCyxUTaBJZLm5dXzBHspxysWF1nUnxP5P8NMRG4nW,1007,1068,1077,1182,false
2978,WmMiQ5xPRsBa7SDZ7RYiQGNWnXehNfdm7nF4qqEosfA,1031,1068,1077,1182,false
2978,n74Qi8mdYPDdpRFwPkqkLv625TRjd2iV43PftkrLoxt,1005,1068,1077,1182,false
2978,21xnfCZta3z4gVUQdU7uazVvy6QYDVCUxQvEmrdA7gsj,1017,1068,1077,1182,false
2978,2HcsBgiF3U8PZSYBgCdcRhpqcv6VkAERMNQ26jtBGo1Q,1010,1068,1077,1182,false
2978,2VMYHkqYdXJH49LwSvswZCptSB3a4cNqAeuGQj6AxttG,1025,1068,1077,1182,false
2978,2o7bWauprpu93khbrBRbHiqxbCt5JX1EdBD16RKLSSxz,1006,1068,1077,1182,false
2978,3E4s5s42h5xE7CTzfdD6jD1HZcARyK8F4EaLfTif4Vzu,1043,1068,1077,1182,false
2978,3afHjH1VPPWzF11n9B6fwhqVkLkvR9Ffw4DMRgTd9R19,1020,1068,1077,1182,false
2978,42Au9m71ZATxESRYQmY2XRBNvb1ttJR7knntgx7yYaTC,1030,1068,1077,1182,false
2978,4Kiz8PaWjkydXpywv7hDMTWDeCCTLwAdb6VtKx7d9PBu,1041,1068,1077,1182,false
2978,4NbNfLTAwB7kzq6BBsNKJJrVsnpnCZpd1L3srxgYUepr,1042,1068,1077,1182,false
2978,4QJH2EHgfJY6qVAqJgXksdMxt8F8ZtgdDEDu1QXz9ZVj,1002,1068,1077,1182,false
2978,4YmSUnU2dzfaptVDenn4cMTxKxyMZX4ooJEf1oGDvzoA,1034,1068,1077,1182,false
2978,4rezSvjH2kWe7WVmY7YMgJE5ZU8Xj2Y24qcv7MSBp3aL,1003,1068,1077,1182,false
2978,4uCWdK8EQJ6KcVENXNTB6aqfcvGZDrhPxDRY9e8NtJUD,1038,1068,1077,1182,false
2978,55PdiYsYfWPMfmTZS7fWVnnNgHm1a6Mp6mvx9CKvRZdb,1013,1068,1077,1182,false
2978,57b6zEMyH8vctqSoPfiL4w65tvVSqBbVn9B7qRcWMiJX,1032,1068,1077,1182,false
2978,5cZiWq5xXcsGfLpeeB9jKxTmV8U2iYyJvEyDvxPnh7oJ,1004,1068,1077,1182,false
2978,63oLemcM2RDGuTeP7Y3mMhA4necGHKBpDvwEgr4ixwKR,1037,1068,1077,1182,false
2978,6CSbw63nF9T1XqtFdMzs9ih5vXbdpnpXLMYTeZct6cBs,1047,1068,1077,1182,false
2978,6ngB4kY2ZcyPFnGKFpgg9gB1nrRn9Djq1WMZRmEzDQy6,1008,1068,1077,1182,false
2978,6sLHNfy11Cj5bPDxj3SrPZebMTvJNZJGTXYwECWQDRr3,1009,1068,1077,1182,false
2978,7AKQmfqxSVn97jtTjDxT7HBTLy1ZRwdZKjFWSzUnxyv5,1023,1068,1077,1182,false
2978,7QZrWYQ3cEer6LniYRqpjPbGQWByWEk7xCPUNL6Q16wQ,1024,1068,1077,1182,false
2978,7etnFJf6b2qhnVbZvLU5ZcJ2nvvaqB7SsaTgRBENDvSv,1033,1068,1077,1182,false
2978,824vFvrScYgHTbCvKKtG8QXBfdtXxpy3KgKBj6BppLDS,1066,1068,1077,1182,false
2978,8MJvgdPyCFYjiQHWAszEhQATsUamEWwJC2v6txiuEo8k,1001,1068,1077,1182,false
2978,8YPHjg1TmCijwoNWCHTC437jJE1XMGC7ma2MbPax7cq8,1000,1068,1077,1182,false
2978,8ci9zP9oSbWJgZe25Sb7GrPktYtXBiY5ZK8a3d97woXC,1014,1068,1077,1182,false
2978,8wLSPcTCkZqxaUrCUvjfgYb5MpX9mDKkTtcb8qMbnSb9,1036,1068,1077,1182,false
2978,93Qrk4FQj2Lhkwdec2z7pyF4tK9ePSso7ovSLpW3Tp8Q,1004,1068,1077,1182,false
2978,9ZieS42RSoFi7VNveycjjBZkmy3cqLbsUa7dXUnvh73d,1021,1068,1077,1182,false
2978,9drPZsNcfcQzvRGvCTgm8nCdtyyTUvXeSEiNgLWVtc4J,1026,1068,1077,1182,false
2978,A83WtGZZxhpbPZuF2Z954KpipLCCmYUXDbjDMwrbCEEL,1035,1068,1077,1182,false
2978,AJBMvSH2vyqgkqdtvxGoKrtw5iQoFWjpceCf2hBiTErF,1008,1068,1077,1182,false
2978,AWcrbFPy9WUMpWDnW3Xqip8Zaiq3DfYukv4ZbcQnUXVb,1022,1068,1077,1182,false
2978,Bc4fH5PqcxAvzSg2zekHnXLL4rwu8n4qNAudsJYDz2nK,1029,1068,1077,1182,false
2978,BtJtAtVm77q3bQoYgpruVMfEYcWv4G1Qajkayd9oPKLg,1027,1068,1077,1182,false
2978,CCkN7cEaMeyJnBp48HBWnSywkUXCJfGKZqTbS9Xrio8c,1044,1068,1077,1182,false
2978,E2K1ZdMGRLsmYZSuqn5FYgFbfhhYG7zgmRJDGb8T4cFo,1046,1068,1077,1182,false
2978,E7EcAttqMMoMsrYsQ9rF3DnyTDJ7HkN3brV9kqkf4Kci,1044,1068,1077,1182,false
2978,EgFEc82g3HM4BGeBQ37MDp9D4vHc9goSBkCsX86dsYcV,1045,1068,1077,1182,false
2978,FCYMv98AeCapFEiiav1k29MEsWoPxW3AVAxaavjr8Syq,1028,1068,1077,1182,false
2978,FS94PsTVb9oyDH68LqzuyPPzi7FSzzJxYhpVPKSKaG2x,1012,1068,1077,1182,false
2978,FUgMn4ng4n9P1Lo6Hi27SqYHPNky34B5Z4TREBb7U8Fn,1039,1068,1077,1182,false
2978,Fs4h3fkgk2ABipCDobwmb2F3VUdjoSW7EgySJYk32go2,1015,1068,1077,1182,false
2978,G7dcp3qR1gYvwqbBsDy5DzxWnNYwB3J9KB4EPTFxsy6f,1065,1068,1077,1182,false
2978,GYBgP1vVXQmQRcE81EyZhD9FrgAFCstpBFKJVkJUa8aq,1018,1068,1077,1182,false
2978,Ghyyd1RobtpPVzE1ebKaXyesQuy8eisejuMwDm3SsTFC,1001,1068,1077,1182,false
2978,H6EwBhso9K61gMZpD5PThTu2zSkRc7grxXjadLw4bTpe,1040,1068,1077,1182,false
2978,HSPQZoTP5izJDqkUy24qvx3iAKZ2Dk2j7VvK5xaEieDB,1019,1068,1077,1182,false
2978,Hfm2DMF1iEsi4TqK6GZ9ihENuTmsp6GpLABYArHbcdJh,1016,1068,1077,1182,false
2978,HpXtToFUg4VFBkAmuQZhQeRiT1dZUoFoXu7yqXmpFqJJ,1000,1068,1077,1182,false
2978,2UUXiBPEBLKE3nFmvbLuwKPqYx7WAcxnrfADcfB87EXo,1076,1067,1077,1182,true
2978,DqfMaC5S7cZyTwJwzwk4dKuzuhDPDRCb3edh1znK7XYU,1075,1067,1077,1182,true
2978,5EhmXX1KkysRzbNFE6rNwXHVMKRXSF8Sy8fSnDNVkbPZ,1074,1067,1077,1182,true
2978,CYaF3UXUXTfDuvSgkYoeKaPvX1LdkSn3LigDUdX8pDk5,1073,1067,1077,1182,true
2978,Kttxahb7BqQFd3b6R48L1DcfDtKhw39Vh7VFQPpnEMR,1072,1067,1077,1182,true
2978,GKG5ydHEg8ZhxTdRmJVpjU4WFQt4rBgwSequR6uLoq4y,1071,1067,1077,1182,true
2978,6fUyy1qG2M6pj76yPwFLXAsXzX7XyRaDDumGqQXaSH6f,1070,1067,1077,1182,true
2978,CduTpWmd5fRPAMjgkRxJzf3uZmUyHKga2oCwEh5fNuqE,1069,1067,1077,1182,true
2978,RFoQfQko2efMkWcVGdkwKVyGzVi8fiHneAmUpppTQ5P,1068,1067,1077,1182,true
2978,9zQkYP2hP19s81KzVTz9KYsnmFZ6UeE4jPGkp7CsaKrZ,1067,1067,1077,1182,true
2978,4KKTnnZj3mEsM1rGAWtCZh3hKLoJUVdmp1Q8BeNvsXe5,1299,1067,1077,1182,true
2978,EoptT9QZ1JdTR3rE7G9Ejhf8oRgTVvaSk2jdqmV14kCT,1279,1067,1077,1182,true
2978,9HjF5nQrbqhMKQ2GgWitSHGLh1vZAdaUW1ZB9i7tcWYa,1260,1067,1077,1182,true
2978,FyUCA3qMmqq8BsX8UniYLvT8hA7SiuHDGoc6WShe88qX,1259,1067,1077,1182,true
2978,2ZdicLdN8YNBSf2YxihpbrWMjinjQmr6j4BefLhZx5cQ,1258,1067,1077,1182,true
2978,GGi1T9q6JpaJLdL7uefZuVYeYKbF7DCS6pFKWuotMowC,1257,1067,1077,1182,true
2978,FGXZ1s4jJJrkeJFLH7PBywk55v3pu8uyEdDjfFYhDaPH,1238,1067,1077,1182,true
2978,FdPg8THvzy7Ncqa3kMTWhBW6W9SQWhXSLfiuZ2QSyKej,1237,1067,1077,1182,true
2978,G82BaKTUCCkHAJPQHdu66Bcaed4Bewm9XXiP9RNQpRWk,1219,1067,1077,1182,true
2978,7Y59ZZzQRRhKxZbQu2cRWiNFy5uc8SbHfnwHsGvXK8FM,1218,1067,1077,1182,true
2978,BQMgksA5nE6AgzokrddEcHnM7XeLNVNRLK9Jtw8fUJ9J,1217,1067,1077,1182,true
2978,7wF2oVdWMisfnRrLv3qCWxXHoM5MhVv9bVSjSJA1A2nk,1216,1067,1077,1182,true
2978,8bDStaDzm9hrJuY5YU8wJXQd9x2nTZeY36LHjsWJV8mH,1215,1067,1077,1182,true
2978,EsMUSMKz1y5SquFCTocVeb9noU2mVtqUK32ihtpGYqYH,1214,1067,1077,1182,true
2978,7RHiPTwYdf5ZQ285tha3wKYnTiyDJxPjqLnSeQZELu5q,1213,1067,1077,1182,true
2978,489pfyS48EtNpxQSNijK1AsVfr8ihgDYXsBzZ8jum3zc,1212,1067,1077,1182,true
2978,5zwiw3QLF7Qrx3uUpZaThVgS4jBAhmUETZmKpN5z2VgC,1211,1067,1077,1182,true
2978,89cRXtZV21hjBuobppGG56d8WyazzZTQbpRcZWdFjSTi,1210,1067,1077,1182,true
2978,ChJxeppMdmANFqgDCgKhJTE1FFQvC3KpqRbUjg8fMCkR,1209,1067,1077,1182,true
2978,AASzY2Erm8eU7RWBCrNa15zpHJKdHRY2krFpzr8z48fK,1208,1067,1077,1182,true
2978,B6Sg4vVfqYhwPw7gDh3WjfJLBVyWHid7QzWBHwuWS6P9,1207,1067,1077,1182,true
2978,C6zxkT7T28uvrjT3g9Rfcr2z6545PGGxgJZD2473T9oK,1206,1067,1077,1182,true
2978,2N5GQHNpCbnmSkdVCr1ooLyt9dTw4Duyk4NUCk6LPxfv,1205,1067,1077,1182,true
2978,DJX7iKKQhENucSEFj64gF3hrDU5GWyEAPZEsTCrdGik,1204,1067,1077,1182,true
2978,EzCVj4y2PrhT3CnpQ4TbBo3tDebGKKHr6Y132MgzUUHw,1203,1067,1077,1182,true
2978,DwLb4ESrZ8xp9eL2S5KcLWiRJb85mjKFLmZkTqKzrZ6n,1202,1067,1077,1182,true
2978,HTjx9DFRDknd4XeMAscfiSXbBvr3P9DPn1wstH8Ufb7G,1201,1067,1077,1182,true
2978,Gbzkfp34ARBQWqXeRJLxKrYkxrBKQn8YfYdbe42U72bg,1200,1067,1077,1182,true
2978,6crE52vHBwsEdhNE1H7zvJmjCD6Q2fe7RGkbygu4tkga,1199,1067,1077,1182,true
2978,JQEM9Yjb9SQ9RwXREUeMgFSNXW89aGHSSuUXv14PxAh,1198,1067,1077,1182,true
2980,FRt3WmATSYtS9bYoHjLwb13ykx2vi1ZyWtrgKyE6qLw4,1298,1000,1067,1045,true
2980,BZVMi876854J7EmzH6m3cDSati4dJYj8hGbwrCPNy6qD,1297,1000,1067,1022,true
2980,FPe8j4CQEHEMMkPRKMArvrfYTN8tzMfEpyx5hNb56wTB,1296,1000,1067,1022,true
2980,3fYKKk1cuu9QLk43tDQngB6hLNP1dr71E8c3p9ND88Ay,1295,1000,1067,1022,true
2980,AJL16QhSqgwTWwM1iT5gDieHahk2LdUc5DdTDsLzWdUg,1294,1000,1067,1022,true
2980,GJj13msGeWnEf32jsFEAvaJzPd8h76vKEqAH4jpC2FVz,1293,1000,1067,1022,true
2980,5j9nD2DnncXwjHgKSU7AKju19CpEzYrxiMU7iuxPcQou,1292,1000,1067,1022,true
2980,CxZXRJNaTfP1WNGQvFiP6AYDw3WuTXA5QMQvnHuxrwwE,1291,1000,1067,1022,true
2980,HbZ3trLQLCQvSXLXZf6E3dLgRqRZYgEz5J3XJJ8r6iLT,1290,1000,1067,1022,true
2980,ALMbYUooKF1niJGMMCrf4gb1QdV7PhTFrwd8Vtts3N3g,1289,1000,1067,1022,true
2980,3NADXTxtWi6wCUYBRddEyQsvPXVGid9JXzr1Cvq6DwUL,1288,1000,1067,1022,true
2980,DE5ZPaRBGyo27uVsig6fLUsvtrGdAPneh39ig3hiHbYD,1287,1000,1067,1022,true
2980,3FvY6kMeU7N1FYqV3gEDu9BP8o1erohAjQBTbpU5F63B,1286,1000,1067,1022,true
2980,dMDoQqEMyn6ZXLFfWdCBXBz1hFoZ29giUExAdHepAW3,1285,1000,1067,1022,true
2980,5nESHF8KriNKkBxLo2uc2AdcRyscUx4GDqHEmD65HTEu,1284,1000,1067,1022,true
2980,BRaub5hdxrVG1d12zPAgmcrYgMDpHwkZVMNSHmWpDKN5,1283,1000,1067,1022,true
2980,2EhkMUoK66tPxiPgWC5a8zJYjd1se7oh42S6kwTFsXpQ,1282,1000,1067,1022,true
2980,6JTaaYEYKy8te15uULooKjQszFPTKySDYidAecLQqQBU,1281,1000,1067,1022,true
2980,HHFLk5aNxuHbKLBUbBtKEgss66D95LsFYALg7q6YZeL5,1280,1000,1067,1022,true
2980,CYc5UZRveJ95QrVff4tXGf21ViH6nQMikaPWyr5zkgYJ,1276,1000,1067,1022,true
2980,E1rNGdVG92BgV3Xhwr8HABTe4tkcHbtcEFnewUZ41dwq,1273,1000,1067,1022,true
2980,3WTH6N7qY18R3JYbeSA9an3KbofnSeTyWrq1QszcqNEy,1272,1000,1067,1022,true
2980,EHdNK7iiftGzFY8UQyvqiM3mFsYXmZAYbqdEgCk1vLrZ,1271,1000,1067,1022,true
2980,9aWoWFqGdzAi56m76Qb8BfLpnvFdn5v1pBmwfJVE3K9B,1270,1000,1067,1022,true
2980,HgnFaexujwxA2K12DMbTrrdioLQkTofCLzBZ2AThTP3g,1268,1000,1067,1022,true
2980,BdUo9Lev3sMkfRqQJ2niRLPv6a9y4cNrrzhAq5VRbsHz,1266,1000,1067,1022,true
2980,GC1QAhAuwoXzAbXyrgVs1powEUTHU2MyB5RnHxzvynYM,1265,1000,1067,1022,true
2980,7ZUe7hb2re9vvbTQxNiPwFj5uof1nfWC7WuGweyPSZ2E,1264,1000,1067,1022,true
2980,fK2qxBHMMCFoTLZZkjqrW58wY1xUDYKS4dL2A8j9pw9,1263,1000,1067,1022,true
2980,FKozmjbRLNALgXp5UQ6qinK25d6WxfEMhpjt8hpuHxgk,1262,1000,1067,1022,true
2979,CotGQHoxNxBhJ2L6jZEj76XMfMfKYBkAYEdz5RPFfmk,1006,1068,1067,1022,false
2979,uARtA5E8ayZvvrZZmEhSzLJh5366woYBH9y3KvpXdnn,1026,1068,1067,1022,false
2979,2f1rVNdRwJvHRtsXy4WEDGdng2cYcKPBjXZS4MeB1AfF,1003,1068,1067,1022,false
2979,2frhyRhC53WkTU9E61o9AWuBqTXRmZbqCVap2F6hcvLd,1012,1068,1067,1022,false
2979,3AzzoqUBxsqSVuweqLJcyvikPVuqiGBHEbzXxL6b53KQ,1000,1068,1067,1022,false
2979,56Phk24Y8cZrJqwdyXAMPnTP1C6zuNiAWbVjY5WKcP5E,1001,1068,1067,1022,false
2979,5UEEwCzC7nsLRUhRT4Uh2qn1J4ZmsXvkcwzmnkrLrkhd,1061,1068,1067,1022,false
2979,6qoNrwVP7mBVXc1KmB6dm765e9e7W2vmHTJKpZUqvkUk,1002,1068,1067,1022,false
2979,6vQsGtVvH6QG2SEcdHy1rbw8Uou1HNSa5rc88k32tFU2,1010,1068,1067,1022,false
2979,78FpcFtVVdERAv2Yy7iWukVm6HxRaSoJ1gRUgGGRGPXQ,1048,1068,1067,1022,false
2979,7Q1ndkEgSoWASJqpF7vVER9bAZqsKaGC4ux9L9puMyVS,1049,1068,1067,1022,false
2979,8bPpHEkQfwvfeqp8E2Xi5UncRRKoPs5fvoPDBVvoSon6,1005,1068,1067,1022,false
2979,9Ff3jxqWUenSSCjxXGGKdrNnRX1WWpV35RiaUrver8xr,1058,1068,1067,1022,false
2979,9Tf3H2MmbCNADva8EcfYN6bmh6Zs7kDjFku7VS8oC73a,1009,1068,1067,1022,false
2979,ACAFQTKJ41rexTRW2ySDGHgW6Co4WH7qAmyz5J5xBaag,1018,1068,1067,1022,false
2979,ALe9RihACe5XwjMTjkcDkvtUHBjdABD23JFtyg4HHPpv,1020,1068,1067,1022,false
2979,APdqncX9ekKiMDXhQCdergLeVGDWC2kGEYgpyhL7ipp7,1014,1068,1067,1022,false
2979,AgXy8a7dbMnaE772qxinRAnMFKyDgJw4fccodikKSWjr,1007,1068,1067,1022,false
2979,BG5KGsDxcHqsmng112bLdhMiHbX8UC5DW3T4tBiFmRrr,1011,1068,1067,1022,false
2979,BRTNWjwZFZdM29Pjmbvj36x1tFubspaBf5J2TAWMXyd2,1013,1068,1067,1022,false
2979,Bb59FHiSK8bHZr6yjtoxA9xpsoTUxFCPqKAecuTSFvCm,1004,1068,1000,1022,false
2979,CsZmT2mjrqQ7E9Y4mTjFadcheioEyvntpYB2CKbZbuK7,1023,1068,1000,1022,false
2979,CyC97KXvL7tvTHMxicwdeyGnzc5J6yjPQ38n8cSMUVPP,1024,1068,1000,1022,false
2979,DVaJXNUQXwMLnxzxDqU9a1fPUDPSJcCvPUp4qWzzpVUx,1021,1068,1000,1022,false
2979,EB3zrTGdX5rqnCGAEvieAPFZ2RRJcKJDY1XYUXMonvft,1027,1068,1000,1022,false
2979,ECaMh2LYXg11119PojAWzyBNWS89ZksmmMCNcXTJovsK,1022,1068,1000,1022,false
2979,EdNVD3XKwcvLTtbnGgodDHoVEYvL9w7eNa2mLHPRpS79,1057,1068,1000,1022,false
2979,EtHKGjFUiNVAcQCv6pDvX4866cusjQk359448sBB38Rf,1016,1068,1000,1022,false
2979,F2JWvhCo1ykzUrL63s5poC9DSvzgxabc86xRFwN4gBQ9,1019,1068,1000,1022,false
2979,F3z2Bf3rXtWgQcVqG4XH5spfPkC26sA1EnqZ77YHqkh8,1050,1068,1000,1022,false
2979,FRxW31mBfgiot9LTn38FJHEV3WqkFaThvdfzCqpAFdzy,1025,1068,1000,1022,false
2979,GEfeNfh9ohptGVM6BLsBDXhCFsXyAVehUXJJM4HvGbme,1008,1068,1000,1022,false
2979,5QyswGcj5DvuC6Byh4Q7SmRmxHwR7Ss5NjDkcnVWhvme,1197,1000,1067,1091,true
2979,9aByFsPUFnXm5CCeeSBhMwi7vvhJA9qBPLEkmWfGsdHY,1196,1000,1067,1045,true
2979,38kwB9UaUgoW5bThXCXZW8NrWMHtJPERk5oxS2Uyr1nA,1195,1000,1067,1045,true
2979,Axhc7osJx88QuP5WUHEhNR87VzEsyS8rhjuYNekK9Ncv,1194,1000,1067,1045,true
2979,ABnk6yvP47eywkPfakxdkTrAEcuLUbeEB4hE2x39Xoi9,1188,1000,1067,1045,true
2979,hEmMSC6hoWdpyzjKbNs5iXEBX3VjE17B7E6X6tYVxnH,1187,1000,1067,1045,true
2979,4cr5ra2jPdZ4mmsmPZSKdgrTSjdzy7Q2214kDEcWwzyy,1186,1000,1067,1022,true
2979,4JXKTyvc62x8NbbQqm25QkkSgcxjAU4P5SyKvPfuSXbf,1185,1000,1067,1022,true
2979,2T2Stpgk4Ln6xkU2mV4qniRSuw1E6Yqf3qgQ1ZsjWHvq,1184,1000,1067,1022,true
2979,2SLZWDKGLdWUJP1LKCZ3mZU8NEpjdct4Zj3E15T3HXUL,1183,1000,1067,1022,true
2979,6aJSRKWhSkmmMYgwft8VJyat7BxqzQTu7ehTmzP7RR25,1180,1000,1067,1022,true
2979,642c4LcpcYgrjJyDsdP1VhhyvvjvoksjQNi63P9RwjTB,1179,1000,1067,1022,true
2979,57ZBacdzQurxKafRAXfmnSbTU7vmksQCFdpSZuH9QF6W,1176,1000,1067,1022,true
2979,72ByuYLtPKxbvcjE9yCcuuK5VPmuuWQmhLirpXgLbFu4,1175,1000,1067,1022,true
2979,BuG7tsPgMAQXm8X9tpyL39c4cACiNfZaoeqYmWmCeXXX,1174,1000,1067,1022,true
2979,CFdxWCDoR5S4Teg2BniLjN91NgHLcU6BBPzyQ5R2QwTp,1173,1000,1067,1022,true
2979,hDc4EfXZHoLZYKfV9xx5wcwR75MymTRQ9PTdeDmHX96,1172,1000,1067,1022,true
2979,CEHt1jeeYz572VEbuGQ1ZsNyWabMudLSVntcdusZf9s9,1135,1000,1067,1022,true
2979,8KgvyXxquLdq1DXPsUL4rxFwPhrfDA5t5oyATHPF9poQ,1134,1000,1067,1022,true
2979,8nKGMapc9nzSmEYQoBkBXy7r6hZpnLvx3L9Dxf5WqVfB,1133,1000,1067,1022,true
2981,7E2hXqnrbSni7JEYj6G9ScZtC85AbktSu3qBSnWbmEkv,1058,1068,1067,1022,false
2981,FDoc9empCaKSR2Sn8YqqGQQLtsZJ2RkfopFsnfAucSoc,1067,1068,1067,1022,false
2981,GtCE2HpSG8yHBeNKm8Y7y7w2pTGwhavcueNTZjxeHxy,1034,1134,1067,1022,false
2981,Yx6sT2VCV3bjpQPTfaEv6raV4qkcvq9Vdhy2M3Hq9KT,1053,1134,1067,1022,false
2981,guyFszHWH5u4RyVZh6JDkBvQg1oPEUAHrxKqkF3SVGk,1077,1134,1067,1022,false
2981,vtVZHmR4iib4F52eKAJEkRQjuvN8mzKJdkHytztuV99,1037,1134,1067,1022,false
2981,wGxFXRvLb7KwrZbgByiSeFEmjNGBGmVNtSiBT9v5LeP,1036,1134,1067,1022,false
2981,2487jvPKB71gngJMfudHmguND4cfrpcUVJp8cMqrifrR,1045,1134,1067,1022,false
2981,2AXE1H9E1qgNmiGGvLE3gw6Hekc3CWpZVR7XywotfwDB,1127,1134,1000,1022,false
2981,2HBSE6dWDGWVb8GG94SCaRk99wAD5rjGmwf5dC7YaXnJ,1124,1134,1000,1022,false
2981,2NcdWKQ5u1oRiYaeCXHJw7ZQR9x9CeoSj7RKGoVTDNW5,1104,1134,1000,1022,false
2981,2PDB9Duges9LxxYrE6rzbw7gf1x1wLsaVCDTiJQFUQwa,1110,1134,1000,1022,false
2981,2S7J4HcdRtYPc4JcsXrDmdHQbgQ5bJvDxjs8zSMtr4E7,1132,1134,1000,1022,false
2981,2UeVgFP8o1RVQFQrjEn7uBwCqqHYK7gHTsmGumZF1ece,1042,1134,1000,1022,false
2981,2fgcbe5NQVnrFM8qAXLbRgvraD6APovVkY737HpQ7UVh,1109,1134,1000,1022,false
2981,2rAB96JkVvy9Mb93cYnTHwLvKRAA9LAwQEMivMfK55W4,1068,1134,1000,1022,false
2981,342xPt5kfZfADMzdQFzVtE9fWkS8vhFkZbUhbUSvFqDM,1040,1134,1000,1022,false
2981,45EogQmEo6fVRk6WeutcuruysYyvpjNQQLnoRuNF6tx4,1031,1134,1000,1022,false
2981,4y6UPpxD7H6sHAQmApsXeMtyTVj5B7repB1cPMeZ9SGk,1062,1134,1000,1022,false
2981,51uQ3FFfNd19FMhdNLvLLvdQs9o1ULYnan1CfMsFpNCL,1100,1134,1000,1022,false
2981,58dQebxeCBHpzNmibp6sxookNT6UJaEwx192otVqTXTG,1084,1134,1000,1022,false
2981,5Aw6tSM6fazmtYDFWFhFrGck5v9ZoQo2UY1B5VqxKZWj,1029,1134,1000,1022,false
2981,5NP9pYYCB5ntD6UoqdvzJZ5nfZa79uT6sQySp6NtaqFD,1044,1134,1000,1022,false
2981,5U7oVFLWMZsgeptvTtuDtVzKyBt76FruZub12cyvbmUW,1079,1134,1000,1022,false
2981,5eDQrUxyr6yjg3JCYnCAiX76RoStWKAP7FwWzTVeQCTH,1049,1134,1000,1022,false
2981,5gyAGVhyguZy68CZS13imbkRY3eLu1SC2J8HZnU5Vmpk,1055,1134,1000,1022,false
2981,66An7QQx7pX7hEVgLu4P9BtQDBu32gzpr3K8H2XPPH7i,1011,1134,1000,1022,false
2981,6JaNJyF9Lon4krQJbiCgQBo7xJ9vBkbtKGkbSgpNmPre,1056,1134,1000,1022,false
2981,6bqxwa1smyVpCmGs4h4xobPj4nexaWum43yX7wcF8PFF,1071,1134,1000,1022,false
2981,6tFhS8FYhLKZepB52vzXXgqThDNz6KvTmdNf8dNNTn7u,1074,1134,1000,1022,false
2981,76qyNXxLUQQ8atBxXuPRpT6PrBhcdLNTSDBDvFcqLdaP,1105,1134,1000,1022,false
2981,7CSypdpDBEXuk8ytPrBu4ErhaMpS8MB7Fjt4V5BrsJMd,1120,1134,1000,1022,false
2981,7ddd9M6JfYbA7zGXiKYVnF4pSvkZh8WZMAKx5rLRHhTE,1057,1134,1000,1022,false
2981,7y9kEG6V31HHRRX2D7WPN8oMV3vY6cPi3kyYtMxL5uj1,1069,1134,1000,1022,false
2981,8D52EZwrBWr3E6bC6orUjZmh9gWwUGLnZ9o6X772YBCN,1121,1134,1000,1022,false
2981,8WfdRaGidMWL9AJaRyVBpvUGYtXLhwHhWHhtrDLcong4,1091,1134,1000,1022,false
2981,8eZWgu8smvQGF3TwAqQas6GfugCS5S1PoaK6CnGnim7q,1122,1134,1000,1079,false
2981,9HYnmJcoezPMmMa5jdNGHXQq4yP2hPtJ2DFYmnKe6uuw,1052,1134,1000,1079,false
2981,9R5tfdxLpKEbuTLTmsGZiCwVf7y5RGB1kGddgbSduYN7,1073,1134,1000,1079,false
2981,9Y5eDMvKSf6pwxv9dBmzmNoPunR5UsnMDfq8H2wYJhJE,1106,1134,1000,1079,false
2981,9hbJysqGNJNuxQ5EsKjGPKzzs8omdiFTj8B8ML8zYXzC,1131,1134,1000,1079,false
2981,9yAXHSnNybqCynoJCf91fJXgWxRQWbapzy5ibaAVh1mU,1128,1134,1000,1079,false
2981,A4dYL6ucih4g6k2xZwi9k3GTa8bXKSBVdtGc9SAKXiQz,1066,1134,1000,1079,false
2981,ABkZwpKaE732XBU6VaKtRvLw6Z6gSfgKE68aEYSDi2wi,1035,1134,1000,1079,false
2981,AZZz56QLtFvPkxXCBFiVTbfPC1NZHKt18CikVTmpwnwA,1033,1134,1000,1079,false
2981,Ah54s1Z7JeCw7ux4VFjrrpr15AAczahbeQReyqwuC8yP,1015,1134,1000,1079,false
2981,B1997rrd2zwZqFgfD3wQupioDnzNuPNC5eVDX9uNwuew,1130,1134,1000,1079,false
2981,B8jzpMyYix9kWnu6ZYgUcKZgFkB8wC6EZ7Aa2MaUSJPt,1043,1134,1000,1079,false
2981,BKd8Untp2reWBs5iEf9Tk2TQRKYWDjURdUCgHoE2L9Sk,1038,1134,1000,1079,false
2981,BgivP46XMLp5zEmqPpqFC6KUqyJqvgjQ5DaVioaXUVwE,1028,1134,1000,1079,false
2981,Bv3tgq8Es4L3yW8vmxcnYj9oybQEyri4KV3qp9zdrz3W,1082,1134,1000,1079,false
2981,C9ic57S8t6SSZWn41BohSSod4F5NSm5NiNXf4eRLKuWP,1050,1134,1000,1079,false
2981,CLmu1Dq55JmAjJDScNyHjPpcbqvummoLxVMWypN6zjj6,1041,1134,1000,1079,false
2981,CWdtafNtoVHrsbBk4RMcY9ey7dQH8oRjLwczmKigZ862,1063,1134,1000,1079,false
2981,CYGCFhaUoyfnZ6Jbb9kv1zahCi5dLPxkpTRnbV9hEgFe,1123,1134,1000,1079,false
2981,Cbz153nBr2Mk7acYVFEJLeHeLQzCqwCqAaRcousmLmFM,1064,1134,1000,1079,false
2981,CeqqZdCZnaGZMcX7CRHCDxPRwMJfER9pBkxYDsRchiaM,1075,1134,1000,1079,false
2981,Ct4sYTfpJP6KmPgTPLunpxxEpRkD9gD423mbKJ563sgf,1080,1134,1000,1079,false
2981,CyVoW29Y7Pin99LBsAuJHwmPLc8VAXeEJM1JkJkN411D,1090,1134,1000,1079,false
2981,DVpTcQC4tpTTYPWuQTQxXg7R21fwQb6ycZakyk6G6tmt,1060,1134,1000,1079,false
2981,DnHtB5TWrhFi6DwKpbbRZHjox65vfok97Yahcckfhz6D,1047,1134,1000,1079,false
2981,DpzesmJkyxhXarrzcKTvTwzmN8Fs5LwCUa7pG4M9q5Nk,1083,1134,1000,1079,false
2981,E4ewnEAVLS4VhUdbXLo8oBkQM6aP6v6VhWfxfDRoegME,1076,1134,1000,1079,false
2981,EKsZh8mXLWwobWhiPqyfdVW6hAzc7YSELCWqBXn28atC,1017,1134,1000,1079,false
2981,EY5S43HgRvsGaj35hETWKTEiebGxaEwqinv9T81PjqYa,1081,1134,1000,1079,false
2981,EYAEJrGWYYzuSLzLXJTYMxicdUeSZ6C78nEGVptTqMKY,1089,1134,1000,1079,false
2981,FRDeymC1C15cQnkVdTVr9x9Y8mC6HeMEryyYd6P52uUe,1032,1134,1000,1079,false
2981,FisditkkYDf8uKGKdxDv3UgadXx5H32JovqCq9vcdw8M,1046,1134,1000,1079,false
2981,GAjD4SE8L68ZqcWsdCxTWUGVVJ4qS4QXqzBxxwvM2Fm7,1086,1134,1000,1079,false
2981,GUGfRCZDR2BggvVpzVaYSGco8iSTaxrXdv5jHB5QGkWJ,1030,1134,1000,1079,false
2981,GWRQppnnMBhhDyj621n1tGqiLMFfkYqYdX7K8173tZb3,1051,1134,1000,1079,false
2981,Giyyk2LY91xNnYdzDjWbYovpGoXKqMcgkacCYT9fh9sf,1092,1134,1000,1079,false
2981,H6ahe1xsM5qCGwWm5oZ1389wYmead6HnXX3CaMd7MWqp,1059,1134,1000,1079,false
2981,HQjBx7y5TbeWNYF1G8Qz2QnzWcJPSXRfZP9xTZr67eVa,1054,1134,1000,1079,false
2981,HSA1Q1Ca7HMcb1qj7Ej6j3Q3ZgLyo8DWfsTphCC3F9ks,1065,1134,1000,1079,false
2981,HTNYk67wDHdzgJ91ZKNQtbSRvxVcr2RHxct76UBeQRQT,1087,1134,1000,1079,false
2981,HiwUrZczi1YcTcizNi7Y6JTJyYqqCPciUrLjSBsczd2N,1072,1134,1000,1079,false
2981,Hon7CRAzn8WfKR2rh17G3D9AEyaVHDBrRgkB1gCqBzc7,1039,1134,1000,1079,false
2981,2aD9zRgvUFS9qvd2WuxHbRFopMxjHpyDk65iA9oZWQUm,1261,1189,1067,1022,true
2981,R14kixQfFMUWUd3V6h2fHUEgkFvNe6YuWNdPspU2k1T,1245,1189,1067,1022,true
2981,2SgfzRd3xmcvzs171cvnihqq7SjtiKQ1eEJN8wf4GuHH,1244,1189,1067,1022,true
2981,Fs1hqki3JzFZ8uaoZZdzVLhJrMdt9MZsQZyXdEqnxUYh,1243,1189,1067,1022,true
2981,72o7tfK8FK3CHSqCAJ9TVXyJ857LZTqub3wnYoin723u,1242,1189,1067,1022,true
2981,FumrjfnCR6Mhej9YZyAt7MX1FK1gnRosLLoaJDjYyQZf,1241,1189,1067,1022,true
2981,3d6o8PtGwb13c5MJB7AkwWtxn6unbkvFHii6Nhsp1WUh,1240,1189,1067,1022,true
2981,BXLd2ndhpK5zrYZgac9hesW28Mw346D7cuLg9HAJtH6U,1239,1189,1067,1022,true
2981,6GmRKgYRCDuvXdGuS2ZKm81J4phbkh9j4YBhnXX2v2o,1236,1189,1067,1022,true
2981,CfgKQ52HVAkfZkhK6ZHzrsEmqcHUgV28qzisdLQQGEzM,1235,1189,1067,1022,true
2981,EEuSghMDeBMrrgu3uuRaXmzXGBjn9zMSvp3k7CRLre6B,1234,1189,1067,1022,true
2981,GXKuGw6M4e6pXC5KE1TQ1v1RDdN1uPSfzWinUmTUCvPA,1233,1189,1067,1022,true
2981,FSokphqiRUxsuz6NAHFumW5zhbvJK4wZAWSRZmqW4Q9p,1232,1189,1067,1022,true
2981,6yHcdx3ta43ySd2SAvewCUpRwAJCFTbGfWLxHNSqm8Zy,1231,1189,1067,1022,true
2981,FH4st84h16f8qLn9VsGBErXbjtdApL79sdXfDARqMmyd,1230,1189,1067,1022,true
2981,F8jYR3wLBpesVWq4gaWPz3eV4qp6rVjv4UNTwVRnKkU6,1229,1189,1067,1022,true
2981,CUaYkjhbsffWwipGN2rastfRnf4Sv65R1mT513kmb8pc,1228,1189,1067,1022,true
2981,88oZ7fkUABFv6JXjvGiPX3peDp8QfwifZseWas4zEWwG,1227,1189,1067,1022,true
2981,5CnmyJEw31xe4mAWWPJKp9p3ocQSPyzCokHrasNupsNh,1226,1189,1067,1022,true
2981,BotEFaaqszeF6y7Euh5yizmqibqY2jj8Cfu3xW4zTipU,1225,1189,1067,1022,true
2981,4X8kxwLBTnvyGLGZ3H2EBPbC3862p8M7y88crfCmPRxE,1224,1189,1067,1022,true
2981,8SHE7uxHfxXHxkySwoQMjP5ts1SqzJDkgqQWz4oo9zpu,1223,1189,1067,1022,true
2981,9xRxYBpCEQScJrXzgWm2fUidifx83TNEr1c3bjg2ngcu,1222,1189,1067,1022,true
2981,8D5FLCLAe6hGMvYAp4s311BT8ToDQ9B1LUvXaG9R92Aq,1221,1189,1000,1022,true
2981,BniCEDL123SWKWpQh3qtKRYuN5GhbNfXrDsKGg6qGCNZ,1220,1189,1000,1022,true
2981,3PrJKukduxXzvfWVmZ3f335PeGMUeN4XHz4byazDVwoz,1193,1189,1000,1022,true
2981,Hrogduf2wL7ZwCe63UUHfBXtTnPoQeECcg6hHUhGqGBG,1192,1189,1000,1022,true
2981,DX5THMHSgtre9N47gMy2oLhMtwTFff7NuBHHewAg2vkx,1191,1189,1000,1022,true
2981,24eVtm7J11C2RZVnCizAmuKaep37inyb1x4giabtH2oT,1190,1189,1000,1022,true
2981,3DxiSBHDfXEPbAsdcbK4PtC4u7z9sCehpsnCVmcZL4VM,1189,1189,1000,1022,true
2982,FENUp9QADyTwnZ6yjZT4JbpJtQ7NGVGgZY6B3KrPTDfX,1278,1000,1189,1145,true
2982,GFSswNwqZnHwnytuhyiGQABJ8DsxSwMjY2ziBJYoTA5M,1275,1000,1189,1145,true
2982,HfBQeYxf5oMtqQ66fqTV4rFU4ZaB5PST2mM3Ds62GLnv,1252,1000,1189,1145,true
2982,GN6KHFt6c2VArVdr8KyKpRJ4iBUN2uj6r2gdgxpUhdz,1182,1000,1189,1145,true
2982,7FfNSTouyp1bHqLyP3kzwHgGFhBVaocx2Vpssi6nmc8L,1181,1000,1189,1145,true
2982,FWEdEieeCr84ZeoTiFzH1QjwQqXYKwAJ5LQbZA5x7ZhJ,1178,1000,1189,1145,true
2982,7MRMnT9LP7e1qXq5ByX371ZtWiYB2mN9jp76rfUsLVRZ,1177,1000,1189,1145,true
2982,5nYNJTXn54KMVoSip4qwpkhnC9Lw565jrbu9daZFLQcM,1169,1000,1189,1145,true
2982,DDfFWzrhGay1URmVVDFq3GQ9MBSv7NcGbYy8TQNp5PEC,1168,1000,1189,1145,true
2982,7RavGL4wVNznncxMUGgNJHdm3VHqomGo7Fhzyy4BhVyo,1166,1000,1189,1145,true
2982,BCp6edhaAoJYhAwKMquZAuEc6q2skBk54MTaSx5UPeNA,1277,1000,1189,1145,true
2982,AH9PBMDyiDyeopnwDCTUFnEupuC2HtGky2i5FVkqkPaM,1274,1000,1189,1145,true
2982,2cu7Yfsi6DB7Xh8BBsFCg28jVDdu3bpK6Y1iUrGexsNB,1269,1000,1189,1145,true
2982,8Lk5CoDuXBjJK5VB5w1Q3nPSfxA7UANUVkuT5CgUvnLw,1267,1000,1189,1145,true
2982,3FoSn3pGuiVe2t6R8XZ68HrGVjwT6pSubWBBPACJtpCZ,1256,1000,1189,1145,true
2982,HJd3s72wKWzVhevYgNyiD11vU3rYfHhnCWnFdCJopkiC,1255,1000,1189,1145,true
2982,7n7Y9yXqa6RuUNEXsYGbLF2QLms3iMW1wH75D19wXgoL,1254,1000,1189,1145,true
2982,6ANPpfifivLhM9NtiViXS7sJ1g7Tq3VhihoAcnk7YAaB,1253,1000,1189,1145,true
2982,Bb8jwMAyruAXaqBeUfHoJvd9ru6DVxUDjGFpbJsk7iax,1251,1000,1189,1145,true
2982,HT15hgpz4engSeNRG5aLnLTzZqAxLXYtnkvvXVL7ELT1,1250,1000,1189,1145,true
2982,CTEc2ibSzowy4PCnPjEcM3xbMemC6uuNND9bVBMva84R,1249,1000,1189,1145,true
2982,E5QKvgXezPHGFaC4Xq8kihahSeM3SRsyAjbBn43JCqgs,1248,1000,1189,1145,true
2982,2VPUNX5DwBcipeHDiu1qUFeph58XEhPGBr9WXhSJ3Wts,1247,1000,1189,1145,true
2982,65kMSzXqG9Xy2gn7e5GTRf8PLMBPZPAc8UpVRW88YBZW,1246,1000,1189,1145,true
2982,GU7wYM58dD5xotqPUfXBVLsMkoLFm6KyQVZubeLQhd4B,1171,1000,1189,1145,true
2982,4vnRLwAR1GP1yYfWeMuEkXHUtZC37a6qxcWhMx6TQL54,1170,1000,1189,1145,true
2982,BEcrs1C5y7d2BwR3CHPVvrXpFoZfLGt3PBcnHSs6AKPH,1167,1000,1189,1145,true
2982,A5DobDU3GonrhiLEDwo1tZgybhNzBVer48ZipTtSbHD1,1165,1000,1189,1145,true
2982,6dpnW8dkXpqPHE5WYyG4DpTArAkoCDibSczbUEmsrdUc,1164,1000,1189,1145,true
2982,7U8Xd8QnNnyotJqxrSQaXvcyKNsUZGeu1wQQYwFWYdgu,1163,1000,1189,1145,true
2982,GJkfSqarKqWXZBGePgARkCZ4pSFNfBfMNpmjoU7BNKKm,1162,1000,1189,1145,true
2982,2ehZPvn3a2bzD8R1k83uJnDkbVZbEWk2gqLqQptMY8K8,1161,1000,1189,1145,true
2982,PEaL7F27pucxAHkq8kdeGdqAPv4GfQawccvu72pwido,1160,1000,1189,1145,true
2982,FKhNvbUs6gdtFHhLp39ABqm7Q9GcphwMRjkTAo5fJ85x,1159,1000,1189,1145,true
2982,FZ6o2CixcdMpiBCSanZhWpSau5xebCdJUjFCVfeEcaKw,1158,1000,1189,1145,true
2982,6uEUhvUQg6U3HqAYEadTw1vwh6A2FhmGFEF2i6S3PUMv,1157,1000,1189,1145,true
2982,5EMdKUZUQ5THYVkVVMfNgTeBJp6njt3FKcSLB81CccWc,1156,1000,1189,1145,true
2982,HjKgLPAKQPVXW2bT6yrzhEKV9GcxF8M7L9xAYy45WqcF,1155,1000,1189,1145,true
2982,DqHRoKBDvtNGLAC7ze77WDTWYQgJPPkdRmhEeRYNy2wu,1154,1000,1189,1145,true
2982,AaizKdWxZZpZi5p2Mbzi2TPMCJTg9dfX8EWmeP6kt2sB,1153,1000,1189,1145,true
2983,BiKXg2Du1oZbrCL8Ersd6u6Q6vwfjAisc7Eg4eqxXPx,1116,1144,1000,1145,false
2983,DMokrWtfusdx9JMhosxCA1Pc3UnovJThxBs4XbxGJT3,1136,1144,1000,1145,false
2983,ZJ6DmzyvB7ZGbLAHrKwT2mUR1G68VU4mposnL3szQHS,1138,1144,1000,1145,false
2983,cDp6uV2nxTGPdf5WDuJg5hQjqFJfszZG9vRczT4EFa3,1142,1144,1000,1145,false
2983,2AWu3CbniLXrc4ytXUdtrgFMh854CvYXcWEBFJSDMUGW,1098,1144,1000,1145,false
2983,2cUV3e5vi8AjWJLtKTTADHDrJUmxoEuVnAjfeQxhDgbu,1119,1144,1000,1145,false
2983,3AsxUTuHpmexycsLK3LUjHY7GXqwRCs7wpQPojFg8695,1140,1144,1000,1145,false
2983,48cn8CFNxYVkm2B3qCRGuwY67V9jNsxqw4TCq1dLQc8N,1114,1144,1000,1145,false
2983,4K82XfCucPJUCTtEA8fmFxG4rexjquSmwtachuF5Ty3W,1115,1144,1000,1145,false
2983,4veDPYfv9JMLMnV6cgPGv2U5g4abC4tdfCYVzHhnyxz4,1101,1144,1000,1145,false
2983,5AKHMCS63J3RPEjj6ds4xhKtfzfsV3fUSDzTEn2AwmVT,1125,1144,1000,1145,false
2983,5nbaoGmTxpYVNnJXCKncBwmcTaBzYWhwVkSjNePPqnLL,1095,1144,1000,1145,false
2983,6X5iRCzNsGb5ZZoJsuNgnLTWjjhYswiDgyAfVixZ9Nqg,1113,1144,1000,1145,false
2983,7jGTgTPprMvvonKpvkxPZiAt3prMpdPGtDwZtjJeHM6m,1103,1144,1000,1145,false
2983,99QDxdX1hB9eLhPCyfqLZbXuSWpPA78cpaJNckXWY44b,1117,1144,1000,1145,false
2983,9oPWboyvLAXtPq5RBykGVXuWdNxnmUtSpEFgCEXTXSAH,1107,1144,1000,1145,false
2983,ARiCNfdZWT5MdyJvpR2R5uY8HRGSHNT2Tq5UxJrGBArA,1139,1144,1000,1145,false
2983,AWBQ6yEMMCW7ti1dgLruWU5b8jRcW76X4HstXS3RzkGL,1126,1144,1000,1145,false
2983,B5qHNLvhef7jLHvjLGrRs62siEa6jiM3X5EbswgfFZUy,1099,1144,1000,1145,false
2983,D4XESXZzx3xz6Waq6i9ZXLBpKa4ZSTjZBtJGA6TZJpac,1141,1144,1000,1145,false
2983,EMVRFChzwpNc1DveuAhi1CAK9mjQXSbNRvRhoQUg9RYr,1112,1144,1000,1145,false
2983,EkLZhi5ZxiCw5oW5GyGJYbSfXEM5UArD28ufSYvWN8CQ,1094,1144,1000,1145,false
2983,Et49fG4Lw6jEkP7HJYWcyy71MEkQ5XQvzcyhhCL3NBFE,1137,1144,1000,1145,false
2983,FGkXaqbYXN5L1H1FYDc425vNPtysgeGuwy2UzYkXqmAe,1108,1144,1000,1145,false
2983,FLKqtmj2RF5JYkxsMG59tJmYZBxBFrKS5A2YTEX9NhcH,1093,1144,1000,1145,false
2983,FW5mJ7Qw8usUac9pPDPFE4Yzt3JWcBLxyJefLEGgpdnD,1097,1144,1000,1145,false
2983,FekNTSsZVd3DsvAGHTrYr9BTR1LhMbDMkg8GNmbMzeco,1129,1144,1000,1145,false
2983,GBTUzEVTBKnFNMkhDgjzcefwMtKKYux7J6ZZTAonHxHx,1102,1144,1000,1145,false
2983,He8a5Fo1QUgzBWmXuESuE3tv7DNCdqwx5SHaspFpSV54,1096,1144,1000,1145,false
2983,Hjws33TA1KJYMTeJKbvRCpNydsY9VQE2MG3yRx4T6NqB,1118,1144,1000,1145,false
2983,FApfCEiTdY44yAR4GHDAMfUVfTyvzJqJ3q8L9WXbVfbn,1152,1055,1000,1145,true
2983,B8hi1H4hmMTxYjWE8UuZ2C2egkmhn3wa7xZSfMzKFqaQ,1151,1055,1000,1145,true
2983,EDHf7XiSKX72Xnq1Lvu5HT6Pbmbs7RVWZJxRJLxU5cEj,1150,1055,1000,1145,true
2983,9bRXJ8twcVN5aUKBGSpU8r67pQN1iQuqRtzoaHrTcFum,1149,1055,1000,1145,true
2983,2Zmh1dazYrSs5BB7QurdvR44TV45uxugqUx8XMZoo3h2,1148,1055,1000,1145,true
2983,2t4pi6XToNBqRsyLbUq6fEqhRBpf3ojiYugte5Sm7qsf,1147,1055,1000,1145,true
2983,GWTrL5EbZx2TDeU7koqRJNMPbTTStLMPk17EJ4DBSXY4,1146,1055,1000,1145,true
2983,Hu8kDL2ahckDcp5LgNDFZu4xpH5u9tUjv4mowVqAzNyw,1145,1055,1000,1145,true
2983,2hJD3HfjZB8HheDTSFrwydhhinu9BygcDeC4Vb6rhQjS,1144,1055,1000,1145,true
2983,EazHWquvmAPJjerchVHpo3baYVUbjr6WTNJddxTmPhvq,1143,1055,1000,1145,true
2983,GAnQRDLQihSsp36GxHePBgJN3upXg8PNzc57mkx49esE,1142,1055,1000,1145,true
2983,4UxAip9R1j95P2VV5CxgjxUSGxKEDS4sutbo7CUsNvY2,1124,1055,1000,1145,true
2983,BD33UQDCwG1uT3nuLTL6szjPdjx8D8hgRwrgEsN9rYav,1123,1055,1000,1145,true
2983,J3Z1dVRKh8ziWGSgjBAXhBkMMPqjSaGPZNqg9d6W6ZTa,1119,1055,1000,1145,true
2983,6asLfsWd24hJ4X3qadZEuvJgKMAo6DZArJV4qm9GFTLZ,1114,1055,1000,1145,true
2983,69NtLscFBwe995acRvA11QUYUC5XyaoTrC3VLiShf8qd,1111,1055,1000,1145,true
2983,7faAFBcE3UoFjdH8Qiy5vVUYeDdU8AJfbxczk6GNxop3,1105,1055,1000,1145,true
2983,E9iM5oVAomd65mL4dgdyZPrYv9Ft1bhUPReDxoEthBpx,1096,1055,1000,1145,true
2983,EgU3nEHVj4gTpG83kr18koo5QdWeyoaLPmvzf7ubhjHE,1095,1055,1000,1145,true
2983,ZcPSzZDEYiE5Z7UWNqiEcYnV9i7V2p8YNHTUZH6vzmq,1092,1055,1000,1145,true
2983,5Q8Ckse6duYjv3ivDtS1HWCwJV83kAtSgRvAQkC1uMfV,1091,1055,1000,1145,true
2983,FHJjatQByfXDL69aMguhULLGbJK38cqrstHf94464U3f,1090,1055,1000,1145,true
2983,5GQ8TPTgt4n38DwSt5f4eYsxXQDC9vHrdJFJRw3S9pF6,1086,1055,1000,1145,true
2983,6qCbdRfazsJK5ChtfocRREH2SCRPpaXBky2JdfCKKgbb,1077,1055,1000,1145,true
2983,DKEGZLTwFvM8QL4YCkuAPVUcWkVteZ7MCWtcoZKLpmDi,1070,1055,1000,1145,true
2983,3JwxDQ6t1hGNs1csXYjTFaLNT4ypnsaxeTSySqmeN7Ui,1069,1055,1000,1145,true
2983,2rNtR3YEPM1vgACP9YcDf76JVDgEcocipWZxah9CAzy1,1068,1055,1000,1145,true
2983,9hPPZ7UgMbxwBk5aTPedtSzRu5guD4WRRKSmisLieEHP,1067,1055,1000,1145,true
2983,Bsd7QmsuK9tsgs5ZsFBdqEuKcJrJ8twGyQT5pkMCdN7H,1066,1055,1000,1145,true
2983,AUdF4qkD2K4f3QXmPWuJBEEsiHZMU4Qv5hn1ZrzoL5Ak,1065,1055,1000,1145,true
2983,4pLnPgrqxpzg8DdZYyyRpaRnZG817TKyjEEynZeDQKbX,1064,1055,1000,1145,true
2983,3PzPYSH92dzW355MvBGQ9cb38iEY1xmi6By55ukFe1aL,1063,1055,1000,1145,true
2983,8ww2VqzfVMvGNk2GzLztdVxsfq4NzScieJTc8YSEeawm,1062,1055,1000,1145,true
2983,84Aq8xAPSYo9JqY4hiA5JuEn7uP4yxfHTRVdC2vBhqEJ,1061,1055,1000,1145,true
2983,BWj86YvD5jKAAQvB8KFTc5okNJSJxCa9gChKDuv1L684,1060,1055,1000,1145,true
2983,CLjeMzqL88MPLSCbhK6PrJGHdGvfrqDkQS2zRUaYWgSZ,1059,1055,1000,1145,true
2983,Cq3wFkLD4dCwH18iAYC4ksK4mffU8UhaJJF3nRYRMjow,1058,1055,1000,1145,true
2983,ETV8uoy1AEhLM8KHix7GJxjTrUBAo56rxFa57cqwZEia,1057,1055,1000,1145,true
2983,Hs4orv7LGKnygyExr8KeieD7kgEU2HrdBgnZAixuNpET,1056,1055,1000,1145,true
2983,3MjHZtqPRpjG73Bu4Nx7tGN4wAzo2G16Xc16dGg88str,1055,1055,1000,1145,true
2984,bd1xvNWVrrCAigvYsxYH2Dt199hhL49WeDKPhdrpc2q,1048,1056,1055,1143,false
2984,27AUvhTxFn5WvKFaSyQ5cKn5WSjEAMsbaRrkfCYeLSeZ,1019,1056,1055,1143,false
2984,2FSuYhvND7V4ntqoqwWoCqn9JYf6xP3CNoqZZ7LJUqoy,1012,1056,1055,1143,false
2984,2KzrssAz9LZVD2XJ1hot8wTFvwBCzQwATFxGFSJcJEu3,1011,1056,1055,1143,false
2984,2mbADLjvt6tfgnDdeSqsL4vNEQMV9G8fhJYeewyKB6uX,1007,1056,1055,1143,false
2984,2poTB1NnEkUSMzzXeJVvU97QgvZotFKGbgvuGz9L39WF,1039,1056,1055,1143,false
2984,2rkjimDnQKRWnUPiy7a6Eu5tAnHbKBGBgKQfudrPrs2n,1054,1056,1055,1143,false
2984,2tbo4Wm1P653ZoNdVRdfN1BS4vg9R5GGjWUfMyvyZHD2,1050,1056,1055,1143,false
2984,2x7r4i3V4VFVDtCZAvXaFd9jgTX8VNSRaMAJUbKEkDaw,1026,1056,1055,1143,false
2984,38iuQq8UCf6WHAsW5szSEkamZkym5qWAa9eobb3svRe2,1002,1056,1055,1143,false
2984,3MHnw6U7fQaST2EKpbVMfhtsNHU2mqstU2LyvU93r3dC,1053,1056,1055,1143,false
2984,549SM7UXh8PqdAD3ZKZDaNGsyJgWwwAk7RvFt8pkPwu1,1041,1056,1055,1143,false
2984,56Mcv8cyPhUh5LEtbz98TKjuswguLKifdYHFRGGJipBQ,1023,1056,1055,1143,false
2984,5Z2JW9JNXVXHwjQgNZCfEe6KsN1SWtokBpod6CS79hUb,1027,1056,1055,1143,false
2984,62eTt3PRxU5sJfFTC5Pjg2shTen151uZcEVyueTuBBku,1029,1056,1055,1143,false
2984,6W6ThqeynU6FspVyLWsu63jBJoTs5U71XGFqPMPxpTLV,1009,1056,1055,1143,false
2984,6cJ9kaTG3MUbrXThEEk7DG8GZAA4N7uNotCv1X2vEkvv,1047,1056,1055,1143,false
2984,7Hw9Af3w6SHYkLzLR1yneJrpQZij2DzER7vWNZVLwTgB,1004,1056,1055,1143,false
2984,7pDFtYscb35tvqgGYUAQ7uZYvGpbo5uAG3BdyYCb6F2a,1046,1056,1055,1143,false
2984,8C749JA8uP33JEvtGevfRbZk9qVLD7t1BfVtSvSuhCvy,1028,1056,1055,1143,false
2984,8D61b6MEydTvAWPNxEZEqXe33TSLBzc1QHXyBXNEeNvg,1017,1056,1055,1143,false
2984,8H1VauxuNS7bdtGitWcoSi3TfuY5U2fYEfo4A2Ba7xwP,1018,1056,1055,1143,false
2984,9sJLRqo8f3LszX6hze2VihBfyTnTBM7upMXVmWnqioqL,1016,1056,1055,1143,false
2984,A7RTXe8dquxmDA37Pn7YcDNbiwnnMvb6gLruR7rrHPTr,1020,1056,1055,1143,false
2984,B2A4GaML6fnkoEAqYQFKEAh69djeTGrak1QvvZPCBvcQ,1013,1056,1055,1143,false
2984,BCM1wutuFyddaEzzzK52AexDA54NwExAuqCNuPFwZczZ,1025,1056,1055,1143,false
2984,BHNmvTqEarqZFW1c7GNgHqbFnrMP85f8ZKcWe4mw4mbj,1040,1056,1055,1143,false
2984,BPHfr1y6TugN9ArgaZYRx7c4yc8jxBasTLXM6du7Pwm2,1038,1056,1055,1143,false
2984,BvsdFEbUjud43ZRmNhwG6vYiG51AX8ikUtaVAozGSZYf,1010,1056,1055,1143,false
2984,CEVcnj5FNmHv5H9PD5J8YJx94EXHJu2ZaznwYbHf7gQX,1037,1056,1055,1143,false
2984,CH7aesAyfMg6XVN9CHmMTfhGcLb5A63qXXP5jPVqT8ys,1030,1056,1055,1143,false
2984,CVZ8yzqsQozuJSaSnmmNPpTEiyQpNDC5cZmEBCjEiVBd,1045,1056,1055,1143,false
2984,CWmdhMpEzE3hemaNj8RgYFdJVumDjwAJW12Sdp9GEvyF,1008,1056,1055,1143,false
2984,Czdi2PVsvDCFzFha9gvnHtBi3aRk8YsTA6k8NivRhTMR,1005,1056,1055,1143,false
2984,D3AtoWM4WiEHSp2s7t7p5rD8GwgAQLzqymNob3MN5hvo,1006,1056,1055,1143,false
2984,DAgZtNvzkAUK9gWXRrDW8NhP8jDmX372kE3ExR1j6DdT,1052,1056,1055,1143,false
2984,DCSK8bpQZjZAwWQuJs7MTnfZHG7JRBuDLveUXeyyfwFT,1000,1056,1055,1143,false
2984,DJhMwSEot1buAv697NnpBsG26RjvDWUNjV8ZbjAp7qXY,1044,1056,1055,1143,false
2984,DgJ8VNoARHAVZGh6nxoEEDk2HNyJSikZUHvmLTcw9LPz,1015,1056,1055,1143,false
2984,Dpviq8QAX9nUNtGzrAshjV6rmJXWhvkBXoLhRbFhCfVX,1049,1056,1055,1143,false
2984,E6iifXSgKusuNjgWDGdxfWcGsiUGT4X9qJMATDFaCV2Y,1001,1056,1055,1143,false
2984,EfSa2vLBR1rg7f7XucUttPqDoJ3KfTLhiLMVBjmGgHf6,1043,1056,1055,1143,false
2984,EqG4GkshfYfivVSVeZ3YssZtADqDeyTLxTbzp3iMXgHE,1051,1056,1055,1143,false
2984,F531V3jFzi8Fsd76vSqdekbvHcaLxyHGzycRro34D2gc,1021,1056,1055,1143,false
2984,FSpniMADmXDAkMQM9yy1hZ1hsT2e5JY7ZQ4PVUeyCfGi,1048,1056,1055,1143,false
2984,Fh9zQonA1z5Bd4N8KnQ9J2vqm24qa7opuuwwuH1fFi9k,1003,1056,1055,1143,false
2984,Fuz8fzM1Gg97Y6VMKSs3bmpdTYtzCX18Mdvc8wKdjups,1024,1056,1055,1143,false
2984,FyPjTLDwHDZtpPMT2Swvfr2CPR32taWVNyR7igtbiUob,1022,1056,1055,1143,false
2984,HBe1FLpFSNjzyt6PwNbgWq3Lv4L3J4hfgxzhavuMMri8,1014,1056,1055,1143,false
2984,Hr2JRS97TUM8zpig6hMMMykbk47Ps9LRN4hmzAXtokNu,1042,1056,1055,1143,false
2984,2CwPHcuRxtgUrcvbtkibnT4Fo6DjLvtWwheUKoB7E11r,1299,1083,1055,1143,true
2984,2csHbtx21GX5NrpJmj9Rm3D5rgi3WAC6N2RgTmbk6wNn,1126,1083,1055,1143,true
2984,3RqTu4bUQxAvr731nYfJV3evaq3VF3wVayLfGgaEoX1t,1125,1083,1055,1143,true
2984,4r5P9WUnQdh3bJrEyLneijuJTpt7spQwfhmtw8AiX6ay,1121,1083,1055,1143,true
2984,4BByXzP3DJ9K8LYFgPGFabd8Tpqb93n7MhYiSz6KVcRU,1120,1083,1055,1143,true
2984,EK5t3AePERkoNwSYqa9tqRFtG2YuukrQGTCdNqywwFNo,1110,1083,1055,1143,true
2984,8uY34mt9QSDFYE9hbae1anvjK5HC6HAppHxAEoVXX3fg,1107,1083,1055,1143,true
2984,jxL27bcz54fEBHx6fHcQgBNS71H7J7jd39AagrU2Li3,1106,1083,1055,1143,true
2984,EXkc73D6iVGLate8K85hW4GLfi4vxHxe4y9gTmKzcoRz,1103,1083,1055,1143,true
2984,B3eFUaAsLH3oGZBQETn8XjvA1vzrsRHAVCQvXQ73cQFH,1102,1083,1055,1143,true
2984,rnaxmpY3mn6EbWK7vJqScQKQ8f8wJQhJHnyaFW1dZcQ,1221,1083,1055,1143,true
2984,t2k6wpZFyYLVFXnpYvsKCkcBCWQKLkohoW2qWPgoQjE,1220,1083,1055,1143,true
2984,5CkbE6Nqk4WxAj3aBKdfZcu5JdLvVLewmL6dsmKqV8Bw,1127,1083,1055,1143,true
2984,9TFjxY1BBGgCQCDRv4vvjzJmJ7zSwuq4qLnygoK4FivK,1122,1083,1055,1143,true
2984,5QHj2kCXApiKnxXBZB7zKVGWXxR6KmCFJ5vpgNHVobuJ,1117,1083,1055,1143,true
2984,8oW5yfMjXQC6BV7bDqbTjQPTs39SAjHmAfRVsaPrpqDm,1115,1083,1055,1143,true
2984,9ekiUzTWBJvkZ51qo53Fd5nMrjw151b6ASQCbCJZjDoN,1111,1083,1055,1143,true
2984,2M4V64BMWrArEoEaXvubkrvtw1z8paMtxMT4b1dpzG3M,1108,1083,1055,1143,true
2984,7NqVVDfmiAxANvfbxV4u3P1BaD7d7mM5K8pG6Z68DLjb,1104,1083,1055,1143,true
2984,HH6i9YqFWVSNTvbT92uVJXb3V5Chxxrytutp7vXJdfat,1101,1083,1055,1143,true
2984,BjNgasqQWfSPwgFd5svi4GuKNRRuH5zBo1B3Y12oyfL2,1100,1083,1055,1143,true
2984,CoCmj4Whbdove4Ve55J8AorgcvayD1q6zYgpLdcpnzaJ,1099,1083,1055,1143,true
2984,AYNhEnfhwqTtb8wi6hxyviCa7K8FFXHaKU1LEemPDs3G,1098,1083,1055,1143,true
2984,5Goo9Ys2mwGziGCYk2cz6ALAD1sS6fbNQxvKjo8YSEuD,1097,1083,1055,1143,true
2984,9zdWmcdudGjFEf8L6Ru6G6uou6GSwdswoQfwY6fUr2dW,1094,1083,1055,1143,true
2984,A2gYV4hpnuu8A4Vu4nc36qm896obiVMcBfGo24LEqrYi,1093,1083,1055,1143,true
2984,49hc8GhnLtRW59Js3Tkbo1HLD32FuS7xLEpwSXANaKGG,1090,1083,1055,1143,true
2984,EV7icro8bWR3NdYHYi1n3ugZ2FLKYecvLCSiNsmNhLKt,1089,1083,1055,1143,true
2984,FnSYctJd2fWHe57y3hX6efQpj3zL6XJzfePtyTy5nGDH,1089,1083,1055,1143,true
2984,HSvrxmH8FyeUW93MewbRShdyttc3YBMpAF8oQ1J1gP2M,1088,1083,1055,1143,true
2984,8wyanw9NNoaFRXVozL1tJHHRLWJPGF5E8fMED79sWeuC,1088,1083,1055,1143,true
2984,3iaMEnPp7RRmno1CMRkvCCVisWvNsMnkp8Wi3rqRM5ty,1087,1083,1055,1143,true
2984,EYzhm4Z8SNBBC8fyJYqk24m6vWvxg2gDDFHD9MazpQ52,1087,1083,1055,1143,true
2984,8SqsWva8DAE3C5DZ8RSGGWe45VJe5X9vCp5NiMJWcRzq,1086,1083,1055,1143,true
2984,CzLpV6F8DAYRfGUHHNUa7WomobJmMP7P3bs6UArvyvCi,1085,1083,1055,1143,true
2984,8rqLQQHk365nwu1CvhnHj4N7PrgVE9TZFbwpXyDU2S6e,1085,1083,1055,1143,true
2984,GuivvESHa6H5QziRcu9PoWcb4jHMBciGs5wHACyWPWK1,1084,1083,1055,1143,true
2984,CARNJCKfbLvQ72ce2bChomwEK5No438UZ36dbjFyLoTR,1084,1083,1055,1143,true
2984,BVcbGEuP8Yt6Xrrjpnn2eDyuRLrEAi96VTS8peA7fiMH,1083,1083,1055,1143,true
2984,2WmrXdcyfnnDFSsgNkWQ9mRkKy7xp3C3ahuTvJHxZXBB,1083,1083,1055,1143,true
2985,CB267Tz2E1oXiP7Tw7AVcgULcmZCQn6NEfAaKTcCkUeL,1082,1000,1083,1071,true
2985,3f1rX9qBK7ogVw7vLL2LRKPvyvCKrviHYCSkBqg1CELM,1082,1000,1083,1071,true
2985,FUVmYVaWMDMNu6xZY2CGbtfkZNmjzSm4WZzY213VtGEr,1081,1000,1083,1071,true
2985,4tjryuWqvmpCjhvsJcL7ZJZWePBeFAdCWYdLbokRHzuC,1080,1000,1083,1071,true
2985,DHRDs3A8vssZgirX1548VkjrBP4p4L6ZEARbe6r1fRav,1080,1000,1083,1071,true
2985,FSmEMSKo4kh1RvPbTFoPoybEVFsdb7ZYf6ptgWhayX1H,1079,1000,1083,1071,true
2985,Ea1AjtMmZLpVgcbGmsqjMBA7b5mcZyRq4tLXtVYUQD3d,1079,1000,1083,1071,true
2985,FZyaVsSjE3RD2FQeEx3C6BbLScspdSKRjyBdyFx4Deqv,1078,1000,1083,1071,true
2985,6rKtiEZzi7zxNpP26Z9A5hemPmTuY8Nzmte8AgntHK1s,1078,1000,1083,1071,true
2985,Fv8vfC6h63FrLRHfMQiUMzjMKEL7Q8Lrrhegm6nY7har,1077,1000,1083,1071,true
2985,FGZF866hFxTcKDkNkjieoJUbPpwcgTqe9hCtPnEhvyXw,1074,1000,1083,1071,true
2985,HKbLyCgoZ16e3svQMWxaazquvo2ke3hrFNBnn1mYH2fc,1073,1000,1083,1071,true
2985,DNBKo5io1kudtpWLnwwWjKs6yEGuRMvJSeR2UqmUQyv5,1072,1000,1083,1071,true
2985,3sBZBF9Z2ijF395C4aJins6GDd3a523N2VsvRUA3isPY,1071,1000,1083,1071,true
2985,G3Pwqyna4V5PXnNQCEPAFe2RRyA8cTZzhQEs23ewBbyb,1070,1000,1083,1071,true
2985,3rShhENvFpqrweJJKTmLEaGJpBufE1GCwcDWYHhjoKyH,1068,1000,1083,1071,true
2985,68MZpBAeWUuoJozbuGJ23Zh4kkqU5t4GxQ7r2RTC3gAB,1064,1000,1083,1071,true
2985,3E89mTZBQWc8cG1zKMSEQusFSadgQ4Pmw7cuMXVDHphZ,1061,1000,1083,1071,true
2985,GUniVj3ZhutH73LkhynxKCK44xbJELaansnPJK63q2X7,1059,1000,1083,1071,true
2985,E2NjqqJYqqhxa1PkCUGubY8DfJjxN8wB3wYtcMx8YRBt,1058,1000,1083,1071,true
2985,DsikqviX9Yt6BahacLBWTy3cCsgEvcmAZJY5EXCvCTHL,1057,1000,1083,1071,true
2985,59w3BDoUizqvEVawjA1GQEBbCPwPNujUBYfhpkYeuMB3,1056,1000,1083,1071,true
2985,688BzpgzjnF8XSpi124Wt1A835CwAozffLY2pE8vJPr1,1055,1000,1083,1071,true
2985,6R42CU5hsr7TwJAcwzFMMosQMbV3CMjVLiWG2rms6agH,1054,1000,1083,1071,true
2985,5vZ71q8rPMCXsi51MsUS1zbNDrj8DXm62cKF4niJtZaH,1053,1000,1083,1071,true
2985,FtLfUyHXjZyGbxrxJySBVk6aYMmWRv2iQF1fsLvyV1yc,1051,1000,1083,1071,true
2985,APtA2GezRxD8PBH7EpYMZM5UPkb1vqvBjDCHRGi22uUe,1050,1000,1083,1071,true
2985,DRoBMwSMdnNfCH4ezB1bUXYWUiQEaLA5uV8TxY9ejLTE,1047,1000,1083,1071,true
2985,AN5n8DzEgPZgYeeVCm1ynJmLNzHo3EoGXgX1ddQDx3F6,1046,1000,1083,1071,true
2985,EaTyzbC1u9VwFnazfX17rM5V8d4BRjtAjrBc7ptqJRP2,1045,1000,1083,1071,true
2985,3UgtGnXfrrNAEkL5W4rxLBLX5i6vxP9ZYwLAdtu1uEwA,1044,1000,1083,1071,true
2985,4XxWUDuK2buLGWPUEPtm1kYEer1o71DEKHzPFT7GW8tb,1043,1000,1083,1071,true
2985,DJ3veyQ6z2Q7E86oXWiHK2FCMibgr21mAauqsKpe2mdm,1042,1000,1083,1071,true
2985,74DRJbKWkrEReqcmt7rvPWCCmZzxyfcfsjGHoaLrM9XV,1041,1000,1083,1071,true
2985,26ya15sbxK6kYuTSxeyP4Mkdy71pmNF6BY63jN2CtbQD,1040,1000,1083,1071,true
2985,GwuQ5M9qmMPaCG5wQG1Bv8Ph5GMQHwv6ZxVwHax2uqBe,1039,1000,1083,1071,true
2985,74fnKx3MNwfY4tc7tab2ihotEBJue55tm3y63hoyUS24,1037,1000,1083,1071,true
2985,GQ47gc7p3yU27hCCEdrggrDtE9aSQEDkM1dZ9Qb1XZqW,1036,1000,1083,1071,true
2985,2pL9wXU9AWSKipKMDSFg6dS5eEtksknHN67V8SB2L3uc,1035,1000,1083,1071,true
2985,4RHv1WUsf9DRgvWcV2egp8m9ULY3uyQUoWe6ja4NU1fF,1034,1000,1083,1071,true
2986,2nPRY579W9gxvUgY5LG7iCmWdrP2c2VQMDiHVLgBdz5b,1033,1035,1000,1071,false
2986,7JUtiqewhzFqzy458NaguKPNBoUBmPReUUxdCg8S91Lw,1032,1035,1000,1071,false
2986,CxZkjtzrFmvmphFWn1y3oH74jJEpS34i5n1Kp4hZeTLi,1031,1035,1000,1071,false
2986,WmsZbnhW7ygqNX1JsuhNjcipfKs6Ui21Pn97BR5PBFe,1013,1031,1000,1071,false
2986,29ijegwtjwtceGDUXDkrmvFNgLy3GfRRfAKojf34XfZE,1015,1031,1000,1071,false
2986,2VijYgXeRo1ihmap99RwknRTabdUnieNkuJpEYDNaeck,1019,1031,1000,1071,false
2986,2f9MvwjVcBWMuQDrJ96DYGJTAwN15k9xfTaZzeyD1pLG,1003,1031,1000,1071,false
2986,2jmRLV35yDMnKUZd3u39qAWJtsAinG2MCrLu4DPzLUJ5,1016,1031,1000,1071,false
2986,4AAt7fynJJts4BVoruAZCdPpSk9wyGD5TWb1GohDthRp,1011,1031,1000,1071,false
2986,4LuxuTgohPjXnkzgHDi8JTm2oXxjYBj8QKY89MpNJnVb,1024,1031,1000,1071,false
2986,4w59azLGWwQpg25kcb6h7gybE66EdYEEAD9qcP3p4EM1,1001,1031,1000,1071,false
2986,4yJ18BAJe4mSU1J6ciJTSQWxektszGfHyGR1X5QJrc7E,1004,1031,1000,1071,false
2986,5M4YQqxnF9WyuTqxhgthpHR2x5RyTQyzmFMT78E7ckMr,1026,1031,1000,1071,false
2986,5W5wKb5mrDc2nRT7hUrUM23qi3ipy1wJBLP91x6xxajg,1011,1031,1000,1071,false
2986,5bYcGpSxD8Xe3MfU4Wj3AkRj33P4on1XMQtZ9zxyprwo,1005,1031,1000,1071,false
2986,5ra44bsgm47MXKiG5rRnem6naEj2U6mCZqYYfJu3v7Qj,1020,1031,1000,1071,false
2986,69SXVYrUGaQz2osiqaKbQEzFpfhjR6YDcZW3cAQFoG6c,1012,1031,1000,1071,false
2986,6yoH1izD8cP2zkrhKdXdr4QojyWzGSLUp14Ash6zbNkh,1007,1031,1000,1071,false
2986,7Rk6btJt1i2TpDcBxPY5sMivBB3uWv9yXMnhSKnTNpqP,1006,1031,1000,1071,false
2986,7zR1tM3pS6v49Qj3TfhHfE8ZX5WRT9XE2U5goBVSRAGV,1000,1031,1000,1071,false
2986,8dpuie7ZKaWVEabT62ZEt6Yf67xbXbEE6hRJNRMV7u2L,1018,1031,1000,1071,false
2986,96G8yxc5MmHyWhBZNSgKBUioso6W1eNNefeYrFR8BXuD,1023,1031,1000,1071,false
2986,99w7JBeQyNRvr4ccS6vNk3RL4JEdj2j19pkbHcnj1kRK,1027,1031,1000,1071,false
2986,9rQf9V4Cw3iEeAtKfEYChrxSeYo9EYKVknhF4eL3BPJZ,1022,1031,1000,1071,false
2986,ALzkXA1zmaEtLzDxd631c6XgTBxKdL2AAkTofQDFmixZ,1001,1031,1000,1071,false
2986,AbAi9sdX47dLRArCauBMrPqb7HFsL4pPkbYsKcQQ31Y2,1028,1031,1000,1071,false
2986,B6YmXoAbGXoJdUrAqFvyikSjbw86Th1nnQ2NJUH2Vqc8,1014,1031,1000,1071,false
2986,Bgms47i3A8jc6NC6vTPUnDQLmFCR5SQKkkVLgG7eH15v,1015,1031,1000,1071,false
2986,BpyqkpBioQH8RRv1dkFmqnvZX8pSb3tioSMpRmAhhVrv,1025,1031,1000,1071,false
2986,BqKybBh5zGeWwDMJbwmJoy44py73Bwg7Lmjp2nnMmbs8,1010,1031,1000,1071,false
2986,BqW8Cy5qmKoicZ9sajjtHgzwQrC7dnqDgqWozeCCTeXV,1008,1031,1000,1071,false
2986,CbXQ8g98zy6NX673XKzcjw9tftvac8nrErGLxS7wHAxh,1009,1031,1000,1071,false
2986,EsnT8u54ruvtnuV6DnsMfHsM9vFEdGt5GGd161jMWWzi,1017,1031,1000,1071,false
2986,F1dz7SCoPjXwnAuoCX6ARMTj6K4GC9yVsruXfSoSPDbD,1002,1031,1000,1071,false
2986,GfzCJTP99oKvdLYbDPBA5z6y8gX5BY6mD6KZoBWkqT98,1021,1031,1000,1071,false
2986,GxYqek8HMUUHGkB9b1iNPwr3u5QRzuV1ri4Q8y2bZFaF,1000,1031,1000,1071,false
2986,HsBkCh225rV5pKqPxG9j3WSaF3f574crzUVuCQc3f4LD,1029,1031,1000,1071,false
2986,J6htyM74d8sGzc3iYyvWP3jS3WhwXMa3qiVnjGm48wxr,1008,1031,1000,1071,false
2986,94EQvKwYpqeRnrwcUYckW2zFc2CHX4J3M1hx2xPZYkZd,1299,1030,1000,1071,true
2986,2LC8HodWp8DRdTg1pChA9Bh7pNPvehfqSXiDM3asAXZ6,1098,1030,1000,1071,true
2986,4fesmuYantTmcj26wTGNKjb12tdGn3ESkF9ectUczE9W,1095,1030,1000,1071,true
2986,FXVhtNtjtBc8yFQp3c6WboR6b4G9fzPnhFhdnkR26vmZ,1094,1030,1000,1071,true
2986,EQpTDRTU75WewCsa5HepiUjkcU1MSJjrrA6LprE7hHnZ,1091,1030,1000,1071,true
2986,AS8BX8SA64eymRiVBHhPRqJEKfcGtCz4HQkh2yg9u762,1090,1030,1000,1071,true
2986,J3dAexzGq7qxd7Jn5qoySALDeYVN8XJxAAxERHJ2JLe6,1089,1030,1000,1071,true
2986,EjrxrhVSFoBFvy3usTnNejRNxZit5CP3kiW9R7AbsEyV,1082,1030,1000,1071,true
2986,21QXX2RZGpLiMTmsY48TWy4ibjfx64sy4Gc1o487d2Qx,1081,1030,1000,1071,true
2986,HjcjFL82LdEwvbGC4YzLsrK4CUdrq91igRYUekzu95qw,1074,1030,1000,1071,true
2986,GQH1r3QkqZDVkHGdRA25Ypqz13wHiydYYbZwyvsUyuDL,1073,1030,1000,1071,true
2986,BVYB6kzPtk5irBmSEaXSeziPrypJS7dytQQY8QaUy9Lc,1072,1030,1000,1071,true
2986,4areg6kpREqrMt6N1pu7KcxeteZSidkKxpnZd8CVCqKs,1071,1030,1000,1071,true
2986,9hDqkQVBxGCpyQydzkX4Ch8sDbR4Z1arToJezgb61YTH,1067,1030,1000,1071,true
2986,JBrY1AfkCiS7wr5auFGCLFfRjkVS9WY8gQgY9bmKWZun,1066,1030,1000,1071,true
2986,BH9FKyuyCj883x4y9YF6LDMY5VkQqmEhqSe62NGrCdzW,1065,1030,1000,1071,true
2986,BVRuLxwTNrDJM8GSxLwrx84e4Khr3WuuL41CegMNor1y,1064,1030,1000,1071,true
2986,6nNyFp4x5Msh7SUCeDtZXe6Um3RYCE3XeNSti7yDyHwF,1063,1030,1000,1071,true
2986,9g2DNimSmHK7M8m7Z566GscXUFgYambMthVcp5n8Ks3,1059,1030,1000,1071,true
2986,6JjKvAZKQVts7d1rGr3Xe66yVUGACp1MNkwEa9LCYrS1,1058,1030,1000,1071,true
2986,EveUZB5FfRf6CW2ALWf2RQtmNL7DcH8jJhUxMLrF3aV6,1057,1030,1000,1071,true
2986,9PwVosZdPrrBq3zXr676aRPzus4Yu3SvbNF6pCJX2p2d,1056,1030,1000,1071,true
2986,DWHiidMiVHyZ27oipJXcoB2ckGPJTZwhsdCqtcJ6tHFQ,1045,1030,1000,1071,true
2986,Eu1ha5pdxFHCxhJBBwpRAANcx2uhjw6hnB4mxN3zgwnM,1044,1030,1000,1071,true
2986,CUNPaAsfBxVEWWDqWGJ2qcaGLkuTzBvAd9ktfjgGGyDa,1043,1030,1000,1071,true
2986,jdqx5RVECofKquzkBxasDSbhLGmZomp4jMXUr3HVBZh,1042,1030,1000,1071,true
2986,B9viyzD6yZ2TAahARt2gYXGi3WkXug9z4f3G5R4yhTpB,1041,1030,1000,1071,true
2986,VVBaJBYLb39gPz8UdkaxBRv8ZDmPPDhhPFaHi1twpxv,1040,1030,1000,1071,true
2986,CVRhAKwL1omMhMHqV7TcdVi6d88BzWvtp3PHCBuveUHi,1039,1030,1000,1071,true
2986,41HiozSUC6dejAkiFEb1aC1Zj95sXMvhRn3yHwGXL8f5,1038,1030,1000,1071,true
2986,EoEtvjxj1PrhSNG9MUmHeucKoryYLhTQs9DZrkZ15xxx,1037,1030,1000,1071,true
2986,AA6rNMjZdBvxxNtzLybNhmAoAbCx1R169zTPHTShsBzj,1036,1030,1000,1071,true
2986,AZjSyojsojKoxbkRV7VrEixWeFk9bwiXkTf1qA7J4Dxn,1035,1030,1000,1071,true
2986,EaoENVTCMknzmymwRrEZWkbTYcthUdrfi3nYx4AmBhsa,1034,1030,1000,1071,true
2986,HCaXHFyogdYxit7buqkZ8GMJ8b39Zz4LieLUZzT2ypXx,1033,1030,1000,1071,true
2986,DEU3CGzPFDb38rcC3XptjuuXtP2yq8M1daRjs2JVdo3w,1032,1030,1000,1071,true
2986,5iWkMvFQd2NR4r7xHu5sQ83rQrmmErUJM1oRWxpcYAGb,1032,1030,1000,1071,true
2986,6naYSZyZCwm3s4zziDR4dz5H2C6sftxVFYxDoLGg1tRa,1031,1030,1000,1071,true
2986,5YE5GYcw4JcrpiWz9pFEsm6xYC43iyApx7Jfzx49zUYD,1031,1030,1000,1071,true
2986,94Pa9938Vk12MufqGipj8c3CVaqkTQ3C5H3RYCzXzC7F,1030,1030,1000,1071,true
2991,9HdwALxqsqQePDfnM2fefvtc4KLfQwstC9ACiXERSjW3,1203,1000,1030,1035,true
2991,uszHHDrcNC2hyhTUWhn1Unr3bFW6U1x2QvnNZbGr525,1254,1000,1030,1035,true
2991,GhiRDY82gfbfTazem8NRbJBq2grgtCP5iCFybMb7zw8Q,1252,1000,1030,1035,true
2991,HCSrmADAEBDLTNjpCAAGjLZKVPqzobSr9dD9UUbv7GMR,1251,1000,1030,1035,true
2991,8EoFGj82jvzJw7r5JCxK7GSVyVBKzm8V2Fz9U9PME7yV,1230,1000,1030,1035,true
2991,F89WJunbgYQerVinDLfTnwQ17bimFJ8HWhWUjLto8enm,1217,1000,1030,1035,true
2991,4EyxTmAUkmWBbkXoKenXVXXXFSmYPM6mRMMCvv8iVJzY,1211,1000,1030,1035,true
2991,AQXtYNTbjtPQZSCGihNsXcEYk9kGHHQZ8D4Z5X1bBqCr,1205,1000,1030,1035,true
2991,FenEytWRv6hZqCYS9Vvxu8KZFXCYGrYRTHGYczRgKecF,1204,1000,1030,1035,true
2991,8ym4wC67p7y23hFXzRni4WTDDSaUNzwuEi3Wp5439yKB,1180,1000,1030,1035,true
2991,2NkqzyVCHpM5LSE4PiRiRrsfqQW4zT9ZY4656CzxGU7n,1179,1000,1030,1035,true
2987,AArVF57fJPcCWShMfGeyLxzT9SKaLBZbrL4nYP1o3coQ,1030,1000,1030,1035,true
2987,96CzHtfhWJhTTBtcQBRj42Mgt8HATe3VrybeMNNwon9X,1029,1000,1030,1035,true
2987,6ozxp8kzvdh3AeVobE5yL2PYa3zfpnTJWefcjsXAYDkX,1028,1000,1030,1035,true
2987,CHGDhp4fLjBFGSBGXhVKRMn5EPkJXTbycu67kQ9CQzcA,1027,1000,1030,1035,true
2987,F8XHKHmdsjdnt57qs6t7fziBwvM33GWnTDYXaqxrsmt8,1026,1000,1030,1035,true
2987,E2cCuRDVfXi7rJino6CHZNW7dUVnopi8DKL28jC2CjcT,1025,1000,1030,1035,true
2987,D47fLYe3adKQG3YezJ66AaVRPp34UHracRa9RS4Kpa1n,1024,1000,1030,1035,true
2987,5ifoxVNUnCcXmx6xiXJ9om3yHeZroyhxw36kU7wgBc6p,1023,1000,1030,1035,true
2987,7LbzwwEiAUtNxaQAsNo7379uP3k9g69e9BPisedvzWzr,1022,1000,1030,1035,true
2987,84pwy4eiNaMWRc7UN8YGgQReP887pU1Dbq41EEKpSZDn,1021,1000,1030,1035,true
2987,9tthS7sxLANhqE8HmcyPzBWQYShipBjCcSMLo4WKyv4c,1020,1000,1030,1035,true
2987,5kuXEmZJunVqghFAnJmMvWKJf9BTgR1PuE6rtcTtmD9n,1017,1000,1030,1035,true
2987,6kMKq1ibNcECmo1hyUwH8rHzBT2QybfTE3hg1Pq822Ba,1016,1000,1000,1035,true
2987,2Xx4LtJtbb18CV5ZNQZdDXZPibqAzbSKaXR8VLmbm2iU,1015,1000,1000,1035,true
2987,FkiFKurQoQmBnRPzGpcCxFLLehVkyq8ve7pecL9LkhSZ,1014,1000,1000,1035,true
2987,An2sLkpf7rSUhAscQJPPxLxYwadjRDN6CTxHCcndyEnr,1013,1000,1000,1035,true
2987,DEHgXhyKiRjxstREKGn5D5NzLWjkVdyRLH114po2j7BY,1012,1000,1000,1035,true
2987,HRzpxPgVDVwPr5Sy8ARHWrxbHvdrkkBsnAkLPnSw9Y2D,1011,1000,1000,1035,true
2987,HrBC7NQYv1B15kkTx6JN1xVBRDLMNsdY8nSBc4n1a2jE,1010,1000,1000,1035,true
2987,EtmtzxCYYWgPzkYdNwNX41eqZDMdWuETsiZtLW5yVr1d,1009,1000,1000,1035,true
2987,c232WvEPrsABZHftb1Vt4vTsAXcotKcY9FeAcE2kcBr,1008,1000,1000,1035,true
2987,Hepph8xCCLXKuf5ePqx6Lv1r1oYn7EWYJNS9eGHumdFD,1007,1000,1000,1035,true
2987,AbunurZFUGANfc2F8GvNjqmDYDFkvpSUVpXPaDWcnn63,1006,1000,1000,1035,true
2987,Ay6Q1B83udHtte2zQRQPY2rCcXxVVegksySCY44JbPX3,1005,1000,1000,1035,true
2987,BMHcgr8gXg65tBVsVtpzdG9YMY47NEAhQ3pkMtQaE1Ce,1004,1000,1000,1035,true
2987,A2EN35GL4ip1Q1Rk4F65DqZPFG8CrmC65pddZPS5p9Mx,1003,1000,1000,1035,true
2987,HS8B1kSvNkviVEf7ZzbdKtwnpVfYVkDAJd8XcusqmSzt,1002,1000,1000,1035,true
2987,2sQ1kNyqC54bMUcSwdAhkdvqnGr5Bm9Yjf11bqrjYEws,1001,1000,1000,1035,true
2987,9Aj1shw9LxT2JB34NfUHss3wy9LuoTG1e7AKXpAkQ1K,1000,1000,1000,1035,true
2992,CFmr5SeQExr35yMqdDnGLXRDM2Wiy8AG8H8VGTQyZ37e,1299,1000,1000,1035,true
2992,6ho4rfFezydQm6YWGAopAuCgLpXj2hWmz2yDc7yzRPZp,1299,1000,1000,1035,true
2992,A7bZJyYQEck5kxzVjQJdM48XEMKJhqtyc6qe7Ksq2SU5,1261,1000,1000,1035,true
2992,Aqzc1jusPPYvghhaPTLqjArz9NjinEeG22Np3ccBnQzZ,1260,1000,1000,1035,true
2992,GXoAepw65t3LJCLrH5BvAFR94AL7xsFCVaypddTtJ25m,1259,1000,1000,1035,true
2992,GL58fv445xA85sSgcsbMxo1UzQFMqMDXMYEvnbBb4KPz,1258,1000,1000,1035,true
2992,75tYnhxRtiVSP798Uer9npTfi2AGAuWzuN56yzv8CSTB,1257,1000,1000,1035,true
2992,caNXRWKRMhEGuHK4UCZA1cTBsRvHik9Xp9sHtoAqVq2,1256,1000,1000,1035,true
2992,E2CucNmtieiFGmWY6MHjzRY82yAq2UkEiBFaBck1J5wY,1255,1000,1000,1035,true
2992,DRW5A8fR71q8eeRLvFvH3scn6G7moFGG8g66vpZk3A6n,1253,1000,1000,1035,true
2992,7163H4n2yr1LKMEG33hk8e4Kpn8HJmBt6hYD6gfPdEdT,1237,1000,1000,1035,true
2992,GdwosbkkVoUrcBUmVbUmnYMEqWQkUSxicRqVfZ9ENV6L,1236,1000,1000,1035,true
2992,7BB8MXNxHo5DK2N3v2JNFcgMPFoJioMitKXpXm54jErL,1235,1000,1000,1035,true
2992,AXiFiy1rq754YgMkZiEsaALQ8ZJ2rjqm3co2bL9AnYuD,1234,1000,1000,1035,true
2992,BKvrmXDvQmJpKDajZXUDAmbmRCDQUR5wRBZiHkYfxBBA,1233,1000,1000,1035,true
2992,62f51Pbg1bxpK6QNJa8BU3TnewjqKnrLtuDqFZ9BrJGK,1232,1000,1000,1035,true
2992,6BqJjhh3dUSUrXEQn1W1i5L77YsfX9MqePaC5pthautS,1231,1000,1000,1035,true
2992,36wgSYysGyfPjAdSHBU2TFNDr3C4XyWthwzUtk9WBFuE,1229,1000,1000,1035,true
2992,D5TAQHqrDq2t4Vb7NyRDRtw7ZQXaQ8ZCZ2h7KXAqQZJe,1228,1000,1000,1035,true
2992,GSMA7h4aARo2Xh3ECcxQUSz3pzG89tsxDDxEhu1tgiTY,1225,1000,1000,1035,true
2992,DFHEGPeaZ5i3mBZHqPN4NQrtyj98veNFZwk6rp8hSZHk,1223,1000,1000,1035,true
2992,EZzgtXfDMvkrHygsgQEnxEfX1R1TWYQ1jTnb4S1X4fk1,1222,1000,1000,1035,true
2992,FD8YmFHGv8xZTQ4gzZbMWHNRKsYtSui9aMvFNNJd88Ug,1221,1000,1000,1035,true
2992,AEQuFpQuxapABbHgXHLJFm9Us63HSvyhDfP7Ab5RztAk,1220,1000,1000,1035,true
2992,Agi3vSSB7AXR3BzH77uVUHRdN8Z8ik2oAeuqTFbHUonC,1219,1000,1000,1035,true
2992,ALZ8tXgAe2hDRT9aeCW9s5K1SSh7KTNMrUwFpXvPf6qK,1218,1000,1000,1035,true
2992,GgRUo8HNzwDPvg2puT8TwoeC5kohabzU9AJ5DBRm54MN,1216,1000,1000,1035,true
2992,FsmNtD2fYahkUG2vx8GQ1p3Fj4Hwq5zT2X7WZdNVJGFF,1215,1000,1000,1035,true
2992,9YmYXrTNw9iKrqntw2TeAz2dZg6ZNKn2qqhDZ4vgtjBA,1214,1000,1000,1035,true
2992,GXw5on8zSE53HLnAR52Q3ce3BaF3CdnXMqFn8U6NweWf,1213,1000,1000,1035,true
2993,54gTYkfj9yyyHKCjVenQyXkfNPeoqcBnoCYGjdGdbBXF,1212,1000,1000,1035,true
2993,6bhGrZE54qL62YfCydbkCS5yNeBBKKg9iyebtuAk1qVZ,1210,1000,1000,1035,true
2993,2LJcV6VjS5g4YCp7x5et8NRr9ksUaxhhtifyKdAF7GVD,1209,1000,1000,1035,true
2993,AN4Z8sJYg4gAaXpoxM6WszXrhDDN7JRrLWVBxsydcB33,1208,1000,1000,1035,true
2993,EZnrU8dDr9UfF3jZgaMyB5cPqTbjTRaiDqUk3bAXXFqb,1207,1000,1000,1035,true
2993,6H4y9uogEdWDR9CnZhsgp1iM6VDESNqgot8C3mEJ55Dn,1206,1000,1000,1035,true
2993,3ZZ8HWGS4mjxagphbaK4mDec8LhC1cE7BHQf6V1ejB5H,1199,1000,1000,1035,true
2993,J9X7T6oCXi7cXPjTDRqMA9uWEkXC7T9QYuC8QsMWUF99,1198,1000,1000,1035,true
2993,6awqL2AhSTZRhH9hVBD55qfV7PPgi8FAsMjYPmm8VCep,1197,1000,1000,1035,true
2993,53P9DT6vKhfji24u1aVXZmLK5NBmwyxL6EjAg5yLwyJy,1196,1000,1000,1035,true
2993,ERvGsjYngfQA7xVH9DhftgGZYLogkumxQh1epsU3N4cZ,1195,1000,1000,1035,true
2993,3EqeJKTJnLHTipxzfkjAAU38SU2zVARFxkUpg4w8DdEf,1194,1000,1000,1035,true
2993,DnGyHedRm6AvCbnzD54vtE1bLypd5ETpfb3eqSm9BPX5,1193,1000,1000,1035,true
2993,D8UKe75aG9qFQGN1dp554K3CCyeKbJnDZQao3rD65dxs,1192,1000,1000,1035,true
2993,GfnjckvyXmopCjU4C8GTWQhCD61h4aLkEj9E7pDqTjm8,1191,1000,1000,1035,true
2993,8tG3SywpE2MQc4zoMkveK8yUmSWVxR4QsSNcy1ycaJvq,1190,1000,1000,1035,true
2993,HwNeDhjwNw46NqgZHZdBMg9MKy61t2t1HgDpXUHV8ert,1189,1000,1000,1035,true
2993,Ge6CTGvrevAkqqb9y43NtBNEXQUXDWKfqunV8pvwtYRK,1187,1000,1000,1035,true
2993,2aDi2E6tKtoKqMdTtdgWc5yxA64MdmcyYy1m7Lgf3uFy,1185,1000,1000,1035,true
2993,3mTvCfd4TTNZ172TsZdVDHMYCdhgpj12PSrKea4QFfGS,1184,1000,1000,1035,true
2993,4TS61T4NxACrZjzaWkJHbMzecRupU4oGm5ZL9Wizb5VH,1183,1000,1000,1035,true
2993,FoFYS9P9nJvBi16EvyPGRYGTiWV3afvnYbu8EqDocEYt,1182,1000,1000,1035,true
2993,cUtWocwzAoC6dyYjj8eZhte4uUth85SLmyqgGMeGKJJ,1181,1000,1000,1035,true
2993,4of3NkRUPQADq8BL43MPaeD8yPLYTJTA7FtANioMgYdy,1163,1000,1000,1035,true
2993,DqvekCa2MvSQT5mJGZFnvpMqLjxNKa2pf57jF5hwkkeq,1162,1000,1000,1035,true
2993,GHvqtnJ1VFYBhjJJHRZ3RKnykp79CdjQ3oLYSb2ZftbZ,1161,1000,1000,1035,true
2993,AY3PrWRsxwJHBovXh9aoZHFeaKEHVNdLiLLpb45CcQmS,1160,1000,1000,1035,true
2993,DiEBsshQ2ZWvWaRJwotfoteYGkWxpCNWSNbB6quBBHti,1159,1000,1000,1035,true
2993,CUg91tDUTK5k1bspFwbUKBTfZFZahuVK9TvQ4R64yDzn,1159,1000,1000,1035,true
2993,A3J5MP3gsCWS27ar7MYiJfSoVBhoptuLySJwiJAc28JV,1158,1000,1000,1035,true
2993,9FJxmAkzR29MkXLu6JQwcMx6UyQNdEtpgT4CeHnaC8qv,1157,1000,1000,1035,true
2993,J4bSr1zgHSNobh5DxMGjC9vZZbu1wgn8gqTkgRTS6p51,1156,1000,1000,1035,true
2993,2E1G5zXBrjkdcVRKdNj2taxmU3ozXG8PMDbCn8at56Dk,1155,1000,1000,1035,true
2993,A5rP2ApPRAEqq3kdNCgFM3nMWBU2Xcuw3xHX6v4urAJB,1143,1000,1000,1035,true
2993,DRzvB891KxhCERiYZUgbpHzQkJf8C2fWLGynRL3fWC3q,1139,1000,1000,1035,true
2993,2q3ZgP3t8fsM1Tz2tzx17GxhRdVRLXgXFmYfaUpqU2s6,1138,1000,1000,1035,true
2993,DTq8AYjQ8YpwgHgpCXXZBxeFnmiSMx8uVRHnVTZj6Sej,1137,1000,1000,1035,true
2993,F7cpZSTUct7SvdJn4XMcLE7Y81WnxoQPKQ3DNuHp4FpH,1136,1000,1000,1035,true
2993,8WGiTBfUdoASh2oiDf2P6aVWBiPAdsvWKqHpmmZ8vaDx,1135,1000,1000,1035,true
2993,HnnxkAK7HdaLhxbnuqy8PeaiRGmbBDQCxyjwQF8mAF2t,1134,1000,1000,1035,true
2994,5Ft1KapBbauGfb9NgJ8y5GmdRTPEHW7LYDdcABZ8h4aq,1080,1097,1000,1035,false
2994,5JEAdqU5bpEwHr88WWRZ6fYbHDRJRMon4LiceoWE8iWE,1054,1097,1000,1035,false
2994,5fEQZ3qEUTpRU4mhxNDabi8zFHcvD1e3PQwSeNm6JNKN,1075,1097,1000,1035,false
2994,9bZCkeGNiwN1CfBoYWUkAUeFZw3weFoRUST2ymVc4Ypb,1086,1097,1000,1035,false
2994,Ak7uxuoe5DpLeGZjDGArryWxKm6BhMk6bBE6dpWiKFu4,1046,1097,1000,1035,false
2994,CpTvos2ot55uP3G8LSmrK17ftvyvC7Sbu4RS4HdiNaTH,1048,1097,1000,1035,false
2994,EChQogXaZHUA4Lp4NjcSep5hLzh2e6qoHt5oQhBzL8fX,1084,1097,1000,1035,false
2994,FFwQA7m1TxjQKh3MBxJjMwCTvT1dT2nPf41zTq6k19Am,1092,1097,1000,1035,false
2994,GRFu46agXHejqkuRKGzXjZQYhaBkkFaDCTwNKUSq9MPF,1061,1097,1000,1035,false
2994,HCUWgakrEQvT5opRCFScS1RjcLQf9LeoFJcAqmY3jZC8,1053,1097,1000,1035,false
2994,HPnjztLiugNzFe1PrMCYZ9pgsahn5SXSGZkXgvNb7Etw,1079,1097,1000,1035,false
2994,14rp6nF7R4SU18XiwmAHWDELeNeatsbU9P6m2nqf2Mbb,1026,1080,1000,1035,false
2994,9ni7c3NReubEwmTv3HiHjHwgYXMUShHvzd9uNi4EGzW,1076,1080,1000,1035,false
2994,BySvhUAvEaD5z3E3EPCCe3P3a4r9xsz4MPd2Dd5eeWm,1054,1080,1000,1035,false
2994,E2kprbzjj4Wj4LcYrZZmXxucSniBFGu9Fyhi3To2LhL,1036,1080,1000,1035,false
2994,GZ5RQvJiKM6TtR86y3LuVkEvKujZaCeaLUyHgUU8UtS,1048,1080,1000,1035,false
2994,GvxnRGZyBUMN4evHz1pAPZhMsUbMyVxGoindmxY2HVr,1068,1080,1000,1035,false
2994,QwiEfbkKxcWh74NDsFgXkMvj9qHfrzAAcKVUhQBH9q3,1022,1080,1000,1035,false
2994,gMcYM7TGvT7yY8VB1J5FpcRr1toXqGHLCJ8WM8HNk36,1004,1080,1000,1035,false
2994,n75DqxnkbCXGKZRczEn8pZn2dih9ubmxpjcyvndz9jX,1001,1080,1000,1035,false
2994,n8Qsdh7Ua56DoaqxUSWjjcmG5YWVNR6nu9SDG8euhRY,1077,1080,1000,1035,false
2994,pyWrRMmgBygGHwToCngnRPwpNeQDVTLoQGJ2Rn5cUwN,1032,1080,1000,1035,false
2994,x9MHRQfLQfwfaYwhFMyj8JZ8jx8jPX4Egj5pTfmY9At,1000,1080,1000,1035,false
2994,zJ9WynL3jX7hJ9jUymXDYFkAYE7Hy1J4bv13KJetQpN,1024,1080,1000,1035,false
2994,21fBcy7xcbqhZsJac1VoWfyDNt3am9xRe6zjLkrDcME4,1078,1080,1000,1035,false
2994,2AZdYQgThN4GFTqQEfgoAGm7XSKqi9m6twPPKscyk8ph,1001,1080,1000,1035,false
2994,2JkPtWRYcwY2MvmVWpPtfGc7J3sjDevanS45mRJPH365,1003,1080,1000,1035,false
2994,2S31zxDnPwB4WGxyDqijJpxKt7wNd2bmD5AnCiJ4RaH5,1014,1080,1000,1035,false
2994,2YB16SLCDGiLMDiTuH8SxvdM8VfGegbuJLKZQLCnGNuU,1063,1080,1000,1035,false
2994,2YeL6sTtrJwb2nRwX7jZEvxJCDXEuvkxnpQeGkfQH3di,1043,1080,1000,1035,false
2994,2iV5biJLwEuj4zwrXzmTs4ssSGoCxVRmCEPaDRagmVTt,1068,1080,1000,1035,false
2994,2mRu7kdbYmDyNUDM1xA2QaUK76QChoSkPUV3dpRc5Gsn,1055,1080,1000,1035,false
2994,2xQQ5oVESJA31fyiV8sDrdsxW7zjsans3BGK9yJV5fZA,1058,1080,1000,1035,false
2994,47x8mseaAbzUZHyQU3tqdUjQ5RgUJaNyKiSbh6JS2Hjg,1052,1080,1000,1035,false
2994,4BtYU68aou5AYJHafP2Lr6jmPw8mPGD6C7skUpKiGghF,1068,1080,1000,1035,false
2994,4GMerjjStQMvuKKmkrwYYim4Tu8BN5Pm1oEaJFktyWBk,1025,1080,1000,1035,false
2994,4T9ozLzygQdmdRZW13KFPo1SQc3qa9V6MmwfLUuj6BiY,1033,1080,1000,1035,false
2994,4TUS97wiMG9GndNBCsqAmQL6NFDoYvXjH6iuE5Xd1syW,1069,1080,1000,1035,false
2994,4YQsHY7S5HiZnUcRdSdbVka7zoUSc2DjTLTeRUGBempJ,1070,1080,1000,1035,false
2994,4mpwg3ewBcTtR1SDXUN2dpFGUybVtgJj5ZStp5eVo1oP,1034,1080,1000,1035,false
2994,4pEiCLzevU1BebBWGy5FKtKzP5TogK8VzYZhoqrtLM9Z,1023,1080,1000,1035,false
2994,55R7DKPaEF5mECbtdG6adb4msHLy3NZKjQbwMVab1cfn,1049,1080,1000,1035,false
2994,57eShdBDFUwENp5Vsu4DHBp1zKnYThmnvmz6peUgw5z3,1008,1080,1000,1035,false
2994,58PoteCTVxxuRjr7suH7JKnyd8TS7kLcNRnYVtC6EQwr,1047,1080,1000,1035,false
2994,5AGtEpWNfpueMqKn4vG2K2LuPnHJ4CZXzsq6s25nCpaj,1030,1080,1000,1035,false
2994,67W8fvDH3gEx3BHqKpE4Zco6PkTkJu5HPYzq77TmKUHJ,1049,1080,1000,1035,false
2994,6DunEUCmn41unp6GYDZNopaNvEos63j9UgJbGrs5zxG2,1045,1080,1000,1035,false
2994,6QRfTVex1q5AaRbAhhwYx6BBJGRX1cFjGA4kuNFUATok,1009,1080,1000,1035,false
2994,6REX7EzzTNbrFULn6v4oxtFqb5TyBQt38h39FNgrUPgA,1002,1080,1000,1035,false
2994,6W6okerqet4vGBhsZuArWDP6VyVytfCmNHfUYdMvbdSM,1043,1080,1000,1035,false
2994,6eRRp8Bxu33HQ5CxQtL2si6yZ1TWsgdJZwCYdQPAqaaB,1038,1080,1000,1035,false
2994,6o3X3odWmawzdELpSw7evYV2StBf8u3gqZh63RW4ksBv,1035,1080,1000,1035,false
2994,6s75fqsVqMW2jCbfmxZ5i84BerG7bZqwUUWFXzbHYGrj,1044,1080,1000,1035,false
2994,7CM7Z2n7d6BtcJHMxAGiH4qNaspJcBt65SDNYrssvq8e,1006,1080,1000,1035,false
2994,7HJkiz5Cjw5QZv4MiK16rMpgiQxFfQqbn3jynG9v4yyG,1018,1080,1000,1035,false
2994,7XtEVDyt1WLSavHn7QdGQkeYoYRQRymCE8K76gAy64XQ,1076,1080,1000,1035,false
2994,82cKRhswpKHRDBAFupYwA7VRbMyWu4bsWpLNg4X2HnXw,1066,1080,1000,1035,false
2994,8ACMrjFtsMMJ7CZrf92SdE8uCFDErbUVVkaVp787V4Kf,1010,1080,1000,1035,false
2994,8DqyRf1jv8a8HxvCV8ZPtu19iiQuytgy3GGZLgNrTsD8,1060,1080,1000,1035,false
2994,8KaR3j6yn8YGKXab7AhHkdYY8JY2WAEcxHK6q4bjHtb2,1057,1080,1000,1035,false
2994,8NePfKZYkJUTQpYJe2XvjATc1ZxuwLi8RBAUuFv8WZ2f,1067,1080,1000,1035,false
2994,8WYYg9AAwW4fewpQRpHc3NXmCoNDbRLHxdXeLLKA6ve3,1036,1080,1000,1035,false
2994,8eH6tX5bkqp4o1yxnbCESnk79c3m6AN5pPZxYWE1RAwW,1046,1080,1000,1035,false
2994,8ng5xbYHtZa7uH77d51Kwh2gP27jZ4BnxbxRkV74XheC,1035,1080,1000,1035,false
2994,99gCXGG8m3poVbxKjTqVjDgbj55iVPdpQPBawr7oGaMF,1025,1080,1000,1035,false
2994,9EwBrXWYtxpqmhm35VrqjjBn8Y5G6ns74vSk3ybDrU6a,1045,1080,1000,1035,false
2994,9NShktGtVAfyyEEGkjujUyjZjrLAk5fMBJYowFtt3GKw,1062,1080,1000,1035,false
2994,9d8sN3VBitjf9RzMME8jz4SmaV3EEV6D83YWkNHp9euc,1054,1080,1000,1035,false
2994,9pZ5JeNF61nufNrDdd3F2iAqm8pSDYAwAayTLbZyCGPk,1073,1080,1000,1035,false
2994,A1K4VgWTsx5g5jvtJm27WLPSSn393Dk9Qxi3oS7rVxK6,1031,1080,1000,1035,false
2994,A9eQq95mh5hgqctZ2PfzVH4RyAi7S6HAXZgMxXwbEtHt,1037,1080,1000,1035,false
2994,ASFBAjcCkBe7Y5mDTNSTexKXa6Dg2mLLvwTmbGkJK3ZB,1003,1080,1000,1035,false
2994,AdCnjviUhNdqkC2LrchwDYvBzWG7pe3ReZoad1HU1MDF,1038,1080,1000,1035,false
2994,AkxBQp6rhrZUaPTQ5vzAePGm6WkoPjChoUiTe8LKxfZW,1004,1080,1000,1035,false
2994,ArfVnFbkayXJTy9ExaFRGesR7bDgNodfd6x1hDqbYAdk,1023,1080,1000,1035,false
2994,AtJ92hZHaPLzoXxBLPby77BLQWxCG77wEwDgZHafQEn5,1016,1080,1000,1035,false
2994,AvsQsRhSEzg8Cmfup13vSYLc3DWCfnxVgFA8GZ2K9QYk,1005,1080,1000,1035,false
2994,Az5zAA89GR1NYZKJ744yUE8R9rYYjcYzU6hCLkRKNYho,1062,1080,1000,1035,false
2994,B48UsCDQSJDCfutD379v3nGJn5j2VandWgJ5fxbam5DR,1051,1080,1000,1035,false
2994,B8zhUgHdhGEjkB1fG7HgcxafAcUASnFwuvtAd6T1Y55B,1024,1080,1000,1035,false
2994,BCk1bPWY3wCycMHsNe7VdyR2GbCdv29Zx9skieD2TNiv,1012,1080,1000,1035,false
2994,BKHLfnJu4ggfAsgrAnfvY6uDvqvSUT6fepFQYQm3828u,1039,1080,1000,1035,false
2994,BPgLZjjEHrgN4uE9TNZms5593QdNRyqk4Zomb8GAVQBB,1037,1080,1000,1035,false
2994,BVmo5c6QkrEdLJ5CGmwJCC2bLTzU4vbQaFfenRWu7dRn,1005,1080,1000,1035,false
2994,BYTjQ28nypyt2QUEojqLvbQ4k9FUdsh4QzxmzfAyrW23,1078,1080,1000,1035,false
2994,BcJTqxCXPm6wT58fGs3gwdu9uqyjHLQb1Rrm84VP6LHZ,1013,1080,1000,1035,false
2994,BpiBs3YY8zCRLmH9Kg3mQtYpr5sCDw5c4GazKVzNuyRx,1032,1080,1000,1035,false
2994,BvavVUVp3eSs81tFLhsut2TYiumUGfh5twvQ2j4o1qB3,1049,1080,1000,1035,false
2994,C6Vxtg8oC8aBnWt6gRKRTDRd4ca1Ewu5WfzzpH6GftZF,1004,1080,1000,1035,false
2994,CLYtbNgeXsFGFqZ7mpDH71Ht9kPd8TpF8QPHee2fFNpR,1042,1080,1000,1035,false
2994,CWiSSPxkfrkbxhr3WVqBzkCyNWTVjJkL1kKcjAvfN1iR,1049,1080,1000,1035,false
2994,CbvwczYb5JByLHTN3n4suzyNPJyLvDG5N9nRaFHVCmJT,1047,1080,1000,1035,false
2994,Cmo2hNwpfrwKLUUuov7wBqWPps4WjUWjxYPfMxuWCfTc,1051,1080,1000,1035,false
2994,CwLpbxUcxUg468FQWVU1FR9oiqPe23UxHZRCygwWBJNo,1015,1080,1000,1035,false
2994,D3rZhdd3kbnRUwFejLjrvPxDWivXUCMRi7jQCNThoiFH,1018,1080,1000,1035,false
2994,D6cFsVK84aGLpxJRZjEay8G8iH5GG4n6jJ1sb8JbGCPr,1040,1080,1000,1035,false
2994,D7XMAmPBRZdVDk1dGUL19LpfW7Y4DJekJ4aNnGu91FHw,1047,1080,1000,1035,false
2994,DHTPvGmi8vjUFiYhrfjHkY7thDgbtnw8Ny7xxpryJ5r8,1019,1080,1000,1035,false
2994,DP3nNfKaLxayXRGgGoDMn1hH2afnG3YAE8wysp8LFFvR,1028,1080,1000,1035,false
2994,DUycQc8UXVo8NKgiUdpjiZCGvXcVaTJJhhubLN4rtNwq,1074,1080,1000,1035,false
2994,DWxUQQGozhtPNsvjGbaggrnXcEBqaEwxZrpb6BKFhhKr,1002,1080,1000,1035,false
2994,DcCvUiBStP5B32FzJcDqs6Fc4UxLeLiuFsVKu4HNRkjr,1032,1080,1000,1035,false
2994,DgVDwfAWCTc6PvqQCKWiMF2caWgKQjbdGvmK6gCB9uL9,1034,1080,1000,1035,false
2994,DwPUFCMjaVTV3KZc7PYsFaLaDmocBwBznFZPra2HcQAT,1002,1080,1000,1035,false
2994,DxJSviNpumMEtEgRd4YPBJvChFRoEuXFMZAEwU8j5j5L,1069,1080,1000,1035,false
2994,EQKvXNxmAVCj4yZoDBUPMaEvnAzzyWXxVr4k26p2fu95,1071,1080,1000,1035,false
2994,EQyYonahU8qXpuAbdWdktZxfFwRGrYHyJNDBrqfWgBjx,1033,1080,1000,1035,false
2994,EYWRmV9WTpTPgvDDsyTuWUBT1n7MALyzTXp8aUhjuqZP,1027,1080,1000,1035,false
2994,EbhFAq54VXXPfT3r5VwuLvtUJctqBbxCww6KPDp6xWSp,1027,1080,1000,1035,false
2994,EjjvdHedVJMHkd1ZXKqx9KmKJrLcQvStS9K9GMFx5Lgw,1053,1080,1000,1035,false
2994,Eq48BPpj7cr2qQEqKMufvJRYpBK1QdnhcRDU9iHrqkm1,1064,1080,1000,1035,false
2994,EzrAJ759DR9ntpvXyRqMENUvC8WoUChDGgneMiGMrQuP,1069,1080,1000,1035,false
2994,F7Vj7837yTkHC3kSLqtKMmhTcxukMSrHRdCi2jo9gvGA,1041,1080,1000,1035,false
2994,FAsbBv2uqc3QuR49AH5TFo9f3hgYG6Eb1NQWQPGFxKTa,1003,1080,1000,1035,false
2994,FFQoArbn53mJjkUBAQNVtrEinM86uzX3AmZbFNLyTv7q,1005,1080,1000,1035,false
2994,FGND4v6912cGp4vRCbeoou49idsVnx3exBYiTDNJBLdi,1050,1080,1000,1035,false
2994,FQpTVb2swXKFyfB1fNEjhj1uEZpRy2vo3maHcgQiMZkC,1077,1080,1000,1035,false
2994,FXshRRfiJJjdop9PKGxTP6cfZ31QgiMZedSBq41FJhCY,1042,1080,1000,1035,false
2994,Fp8RCepFkRLaCtVqPZumMa14SG9eqtL8WCGrmd7iJJiZ,1026,1080,1000,1035,false
2994,Fzr2DZRyXNFVBg3FS37HvDKsNQmieJMnKyBPw27eJWrD,1007,1080,1000,1035,false
2994,G199ndrrPtrBxBEtCV7tioD3XcsiEdqmhbzzMRfARD1g,1020,1080,1000,1035,false
2994,G2LUDELMu6YnYFcNeN8FUYsQuZA2iv2eciAwEsoJzQuu,1067,1080,1000,1035,false
2994,G2SAMuuNDPrPHJigLhDBnTJMaDT57jS3awsNu8iiEMeD,1050,1080,1000,1035,false
2994,GCgRf2iHMrcdQJ9H1621sUs7krhLdgpyixs38v73DEyr,1019,1080,1000,1035,false
2994,GJDjRkVeiVmz5qFusTfvfTiARtVQwso9nYWtTzKxyJDo,1041,1080,1000,1035,false
2994,GVdziKzpoc4rLmCtU8xiLTCtLwunwkTmMaCCgygcZTTG,1029,1080,1000,1035,false
2994,GgSzPNcMrksPYnB2K5fbe3byVXrXp6VGQkxUebuFunLR,1055,1080,1000,1035,false
2994,GhtWMkzUh8GbwbwEAAzcEYb1X3uUwcXubLEN2s1EUAz1,1029,1080,1000,1035,false
2994,Gw5eAvNodWtXafsANFi81PHKkpSKzVqM2mGcchuT6qfp,1039,1080,1000,1035,false
2994,GxJjmhJsr4dqFSfCzNAqMXxH164EiyCJok3cPZhzxHAD,1006,1080,1000,1035,false
2994,GyLQ1Gg5bgHqC9xn1tCGJeuoSaqBrdDt2pzvXkYe6hCc,1001,1080,1000,1035,false
2994,HDBFv2KamR5PBhSWmTTdozrg4wEpjyBZmhSNhHFDCTKT,1048,1080,1000,1035,false
2994,HPMjS33CBPiNwXQQvakrqS6yE3FmPoC66qVGbzWv5Qxa,1042,1080,1000,1035,false
2994,HXHDwNB3G2rMA5h4aEF5fkyLG7zLje2p5327bThbApLg,1000,1080,1000,1035,false
2994,HbC4YfMEV6tvtQU8vUYhGnz6K4ykUU4VwogP6dDd2jLM,1060,1080,1000,1035,false
2994,HbPxYyWsSHMzLJdLE6KUJGxybSK4H7mBJgLTLyVAuic9,1028,1080,1000,1035,false
2994,HdSKmK7gjVubDMHnLSAumX6XdLECqbqdShQ87hUwFCRa,1011,1080,1000,1035,false
2994,Hg9pjkyFZGS9yv6hwrvLAWDtVBmmyix7aVXogtTd641i,1075,1080,1000,1035,false
2994,HyQc9tWJcHQzDjmrN93V1A2trVK9XT6Ktj2ar9ohJhBz,1044,1080,1000,1035,false
2994,CvxGcLw9UNjgkqTC8LjbSmvzNV8itkAxuaZWqet28N8k,1133,1079,1000,1035,true
2994,11WydSJqRiZYTA7p74Z9G6u8rDrczx72fsdFXfefWbK,1132,1079,1000,1035,true
2994,6QuiEe7EvMnFaiMWBGP7txeUdmn8GnihiSxZtwQTuoeM,1131,1079,1000,1035,true
2994,DfAmR92dfad9PC2A1NhgnS6Dy2eGPvHdoxNcHArKNjJD,1130,1079,1000,1035,true
2994,Hje77iXs62HRxXkbYS7XqJFPshqZfh2i6jWnTYVB6MxF,1126,1079,1000,1035,true
2994,8VosmMwSmG12bqW6sgAD1j64WKzRaAm2Pqr4iqzZV6h1,1125,1079,1000,1035,true
2994,BTNRkLBavqjSrNGrSpKVy5r11Rzbg9ApLMFBZ9jFdU91,1124,1079,1000,1035,true
2994,HPBaCmfYoKZmFjgqpFbcfJ2MvNSfSMBd7GUhnSuX8iZa,1123,1079,1000,1035,true
2994,DSGCXvmPn9YmqdJo1xhE4B8g11MsSEnhCEcLaHe4v3Nf,1122,1079,1000,1035,true
2994,9E1C1ELo4A2goh5veds5b2WHASZNVH64kpDK4FBdkxfe,1121,1079,1000,1035,true
2994,8NLjFfknk6SuEQARbKQRgCmuLyaVjxdTDse2k2nDPfHy,1120,1079,1000,1035,true
2994,9waVJZYhgr2yHk5XCZSGTqV8WRDjo22WUaKz2nVmVdL9,1114,1079,1000,1035,true
2994,HcxXf19FMdL3T8gX3A4Zog9nj581P46LtijokARUcT22,1113,1079,1000,1035,true
2994,9p8b7j7CY19FGr3Xva42qhdYpLj6AeyMvBkVmcBD4cfK,1112,1079,1000,1035,true
2994,C74UK8YiULT94pBiNnA3cEv8Sq9UHo94xKokEhzTF5aN,1111,1079,1000,1035,true
2994,G8KXCm92sfwgEiCWN8asuzjziLP1HcgyzAMFiT8sE5zU,1111,1079,1000,1035,true
2994,Ekusrg3unnVJqY5DW1BJsNPfjuY5sXZ1hXmVFvRNSBgc,1110,1079,1000,1035,true
2994,DexQapHp4tmESjeaRgs4scHdxCfdiPfzjMdMvPkrni2a,1109,1079,1000,1035,true
2994,Fq8D7fT1wFA5PUe4WdBeeMCp3MznvNfpy7jGJJhk9Q3c,1108,1079,1000,1035,true
2994,Hv7g3m2EAFSkKfkJDc6jkbSfCyTzYUawb7QRBGxAAaBK,1106,1079,1000,1035,true
2994,8pe3Ku4FLprepMkk3rN6FgZXmX4sTuCchQKEqdsJBhe7,1105,1079,1000,1035,true
2994,6BS6V9XjLp1xi9tNi5jtqt8EP3w6bFWsM8xFWMtpL4Rm,1104,1079,1000,1035,true
2994,CaweQBC27hFzSiQvGNiETFf3zVT9bQH4cGV8pSDu5w4z,1103,1079,1000,1035,true
2994,G8JerT8cL82srMVmyupgHY3i32UpGPDgmLLmkaHtDBfA,1102,1079,1000,1035,true
2994,E1mMjp657J19CR5SUiSmEWeQqb3dRwJFwTkiJPraKELa,1101,1079,1000,1035,true
2994,8zfoNmTEYaJX2QoQ8H1LxMoEEEAAWjrVdkP3YsrwoY5v,1100,1079,1000,1035,true
2994,9J6gdkYBE5UAoqotm94bB56jX5gaPrRaowx2AkWnrGMa,1099,1079,1000,1035,true
2994,G1ifbroNyvko7Ec8J3ar1s3iGdnpcZbLkYYVQUqJ3ZFi,1099,1079,1000,1035,true
2994,3GS1N2ugJXYsg6pe35pmuepkMcrnggdCbbX8NQHEkY36,1097,1079,1000,1035,true
2994,264oMvUt7qakXxkXTD9bGCrXQugr7Y1ysykhoSrDMcAA,1096,1079,1000,1035,true
2994,JAGCWtGBm84ZmY8Y5C3mUpaGAPoFvsA719AMpbErbD9o,1096,1079,1000,1035,true
2994,FRbC1zFzuMnywVndNrNp6zaZa76Li9niTwj8nyEfs1E9,1093,1079,1000,1035,true
2994,ApijZvf73YDJV5uZy4BunXWcfPsJNk1zoxCn9joBFQm,1089,1079,1000,1035,true
2994,HBWFMn2AKdyDHgtzPWRJBAoZmKdtjhntoGJZedb9RQVX,1088,1079,1000,1035,true
2994,AAG2NhtWA57A8EMxbhwwiwaoK1bvZjqrRVvJRG988up7,1088,1079,1000,1035,true
2994,Sy6PcjTFQQQk2zHqNtSSQZjgmYZfSpekdNtHAkKbxRJ,1087,1079,1000,1035,true
2994,CB7FYSzvDp23CeBWYDrvmBqWK9E8RSN7kLYfPztZ4zgP,1084,1079,1000,1035,true
2994,4r9UYU19nWEK7F2HAhrw29zWTKDQocA9quYJeVYE5SeL,1083,1079,1000,1035,true
2994,Eeg7kSYQ6EJUStRAnAdTt7rqao9QjyanRUfc3jR3KgJB,1079,1079,1000,1035,true
2994,Cixa4QDvGfs1jLX2x9UEzEb3XaJZheWkkFHP7Fx5PDHB,1079,1079,1000,1035,true
3012,8nRx8WQZy2d5FMLZqaCHCS4FFN34TFLADFHqYZN1jMiT,1133,1000,1000,1000,true
3012,4jwLtKQH4jtxNtvdRiFEPcTdhEHicVVAv3TeRC7b5jtu,1115,1000,1000,1000,true
3012,EDnXUQae5uNEUKAHcDHHH9oNxpbcr8YDX6nZ3XfBJGYz,1110,1000,1000,1000,true
3012,Hiht1WmXqis4fH5a1a69mjDV2UUXj4xvvdL35iDjbhrJ,1105,1000,1000,1000,true
3012,8X7oQmmUdJtRTmLa6ykUe9SovSVyxDYMgKakqXduTDJf,1104,1000,1000,1000,true
3012,AByod5FBvwSREmkUJorto21wRE3xJjMkko4NLznPWwb2,1103,1000,1000,1000,true
3012,8SgbtimP6hKRUVfTbqQccBzG4RNo2jnSA7ZwXix4u5Kd,1102,1000,1000,1000,true
3012,DhM4oFNUMKgFxQ1w7Aw19tNekHJVDzQYfsL5ZKAKRAvE,1101,1000,1000,1000,true
3012,F6fvLbmiXPxUyxPrDuvGMvqNgpdfUxps83i88S6GTBRE,1100,1000,1000,1000,true
3012,H1rRiYKDHLAyLDfYe3ABy9GjoZbdMfkVBuLFCoYcPt3R,1099,1000,1000,1000,true
3012,6ULzj3MhpmXSRhmpxextnqQ228urnoADzMU8HFv4Kjbj,1098,1000,1000,1000,true
3012,LptCxL5ghrsy8bsJvB9tdmpUUKkySuAdGxcm7SShUbD,1096,1000,1000,1000,true
3012,DHkP5FeVQWRYbKhp9mHbEfercXtGEL5YrqAbzYyHFABq,1095,1000,1000,1000,true
3012,TRZsBoW1LvqoPEt7vfJm6SqBtTw2NdPz6tnms5awYzD,1094,1000,1000,1000,true
3012,5dn8KN4d8btdYb8ty7Fsm3RhCu8Am8nmXH1gp8hZ6Yk5,1093,1000,1000,1000,true
3012,8tBtXiVXBC1YeiRkA1Aue46rkikDzvNmC5EFtresnsCZ,1092,1000,1000,1000,true
3012,GFDttgZwDx72BigLQM1EqQh5ojhU3oZxpK1uSpiDzCRs,1091,1000,1000,1000,true
3012,Fxxxqy8MMS5Ps7eNH2qx14vATVK4PvDArkdBqrV6UWuD,1090,1000,1000,1000,true
3012,CBspcPeV8o9A8T2sQLcFcf1Wx4MwBDyXAQfJpQGygAeF,1088,1000,1000,1000,true
3012,Bnf61z4ZHQnzimQeUKoZUqpbFNqrWbbQcLRQwkmWQtsx,1087,1000,1000,1000,true
3012,7ZAsvm2Q7ntBhAVJgbMsBjmBecofGn5uVauWRfWTpLpf,1286,1000,1000,1000,true
3012,BTA5pkENv5vtVimRkPxyRL3drB6Yg4FkG4KS9aFGfg54,1271,1000,1000,1000,true
3012,5qJxTR5p2zsEkAv3GcuDVfAGHVdAWvqmSNiiL5KBDjbq,1204,1000,1000,1000,true
3012,3BehGkJFZh3DA7KwxL81vEnBWHhUoxb5JWnupnSZFSbz,1196,1000,1000,1000,true
3012,6Ew8FTwSsGpidVywhUhgM6h2se6v725ffMyjD54vPrqV,1195,1000,1000,1000,true
3012,FtsCZkF5TZfkRprozvbbCaJcCLkyfkhQZNmuWraSnmxn,1188,1000,1000,1000,true
3012,FpMJ4DKv4u5pMbk7AzVX9SdWvZP4QkH9McH8PkMeSFCc,1171,1000,1000,1000,true
3012,B89d4ncMmwwJEgMRZZVXsbFAFTPf8m7oWYHH1achzkAQ,1169,1000,1000,1000,true
3012,Hp7kFjeu3Hw8yMvt43uwrMkaf3EjZ1pZb4Zwx52PpuHe,1167,1000,1000,1000,true
3012,Hu2YHCbCJfG7e9WGoxAvnugs6AnhsLwGVcJLHNFnpVis,1167,1000,1000,1000,true
3013,AgGYRnrgjbzJFwEMBqfwkELqTLvjSHjFQhKjVEzGVzWV,1299,1000,1000,1000,true
3013,A6wzLTjTxzo6ujtDkLugKwMVkaad7gmfGV2HkEQKLQ3W,1299,1000,1000,1000,true
3013,Adv3je5EWYov6ShCvJjpsQqTB7c1WvSWG5pwD3Pmv9Z7,1287,1000,1000,1000,true
3013,AFYiNRqBAMXsg2szvBRpkHcKMHHE9H4n6EnBCbgkc1qm,1285,1000,1000,1000,true
3013,49xvM7RdVmF9UbQXPPfBg4MoKwsKbRRtfvxJrYWnGDpT,1284,1000,1000,1000,true
3013,8sjMP3yYk5yyrFoNVLLJapCBATMQ2rwXbEkkcibxM8ej,1280,1000,1000,1000,true
3013,81xaUeM4YqSrZ98KCZU5JRn6vnkxFZeWN8nLAk5LqPhD,1277,1000,1000,1000,true
3013,25uB6DgNaWoqNS57vRa6FaMUEFHUmafGnE3b6GfaTj81,1272,1000,1000,1000,true
3013,BpsRfGWnSp1aNqdpSBFhxBNYTApv8eRRVYWkrc8DyqAs,1271,1000,1000,1000,true
3013,FpQe8ph6sbHBxYUmip4q2p5xucypFNz7hYHbzA9iah2k,1270,1000,1000,1000,true
3013,2n37w2z112TPXap6SodxS4cJN6Ko9JZbc4FxpbRjo1sB,1269,1000,1000,1000,true
3013,41Zb4B7pYJ7YByuAS3ne2fuga3HKzPbHV87F7vPjUn5D,1268,1000,1000,1000,true
3013,7yh5eheVkdQ7nQounXGcLTmM42E4KhMVXFEhQEPTLFuT,1267,1000,1000,1000,true
3013,9MWVadxbe78nuuqUFQ2ZqT94NKQ8ASpkaLsWHDEyKSss,1266,1000,1000,1000,true
3013,3qUXv4C6E3eDJgJp6pw59CY7XPLF2q5yMFLNgoTZUeUH,1265,1000,1000,1000,true
3013,7ktdSaFXh5WNDXnqK1FtraXtjQ6Uhe7KVFpziQnopfdx,1264,1000,1000,1000,true
3013,58D5SNkdTzvTFL2dhhaWM2zQYBp1GJreiLZ5AbSZSntv,1263,1000,1000,1000,true
3013,6qZyLhrNmCfWQAK8NVTAHB53QmEuS5WVSdMK681dHuwT,1262,1000,1000,1000,true
3013,8ZZCDyk2EPWUYwddJLZxC6uHGv9ZdZhGrwQ1FpFYaGw8,1262,1000,1000,1000,true
3013,HC4izRajM5a3URTFtWeHDjGVWRGgFqyukzng9xH3PoLT,1261,1000,1000,1000,true
3013,6RT4NQT9q956HNbioPK391QQ7MohDJzEK2Edgo92hsoz,1260,1000,1000,1000,true
3013,Egf6ZucvQBwT3jbR2nJigjfFPsj2WshnSPidHFwQgr13,1258,1000,1000,1000,true
3013,DBYcnasctdRysEbHLSkpNYzh2HfExEQVjdTjCgAQuwb7,1258,1000,1000,1000,true
3013,kttX99rESp2vHjFxuscqDwTteZt4zQqnZzzD5uTJLXU,1257,1000,1000,1000,true
3013,65dX3JUP98XEaGjCTVxRf6ox8di3vR4kTCBye6BzBg1K,1256,1000,1000,1000,true
3013,6gjpFGkohqQASThUJD1CRgn5sy3RGQvazuAdSchpa2bY,1255,1000,1000,1000,true
3013,CawjDJT2E37hPG3i4UMsubPEGdXwnCPEYGr4wsv6taZn,1254,1000,1000,1000,true
3013,4C1qXusACDMM8t7EXVpEotgmLEo3LxVSTZQTuJFiAJsC,1253,1000,1000,1000,true
3013,FTvJ4BDyxJpmB9DdRbbMXo5MXX5migSGU34e8yTeVX8P,1252,1000,1000,1000,true
3013,EdcVwiTjDqWsKT1TxJf5M1tF7wzWXUEtx5H3hKmCc1sZ,1251,1000,1000,1000,true
3014,Ccza4kCs49TJ59n86ewXTE3aQrEppP5Y4faqDpz7tG69,1251,1000,1000,1000,true
3014,B4B4HbxqyBw7y5TH8s8y5nGFwS3Z4ex77BaiLGH3Vg8o,1250,1000,1000,1000,true
3014,GDwn64NY4wM5CjVykh3ygSZY3Ekxoo2Diah8qhY2ABMT,1250,1000,1000,1000,true
3014,9PkDe6oh3VJmTjyGncQM8tfdnMBAdxiKhBiWTTeURaXu,1249,1000,1000,1000,true
3014,31peCQsrJMjbZAUhTrLsM7yGu5javdNAMejcDi5XPsq7,1247,1000,1000,1000,true
3014,FGXBwyoAXrjpgjTwjrD6HH9CHS1hnjZUCHhPg7WLkPr1,1246,1000,1000,1000,true
3014,FUpxpJYqXbwadKNDa2iPQWSQJYE3r8CUmnT6m5A1q3id,1244,1000,1000,1000,true
3014,C6NmiHdLHX4BGATe6ALYcLSfXa2QYcZf89CSuP4BWxfg,1243,1000,1000,1000,true
3014,EEK6bDZ4w5Fs5fAcaVC15JxT1SuVzaVNLCzAJecvegVV,1242,1000,1000,1000,true
3014,75azJAsRQAso1kW1ePTZJEmzKKYrEgdVjMUXQZBa4Drp,1241,1000,1000,1000,true
3014,2XucxxYSVrxaJQaLsoVJKRALVaMgoWzBXpu18ExjKDWH,1241,1000,1000,1000,true
3014,9szApPsuKcRkHR4xj3PJZgSrU5nFRv5F5xes8bz39EH3,1240,1000,1000,1000,true
3014,5bYaod4WyLLGZDnJa9UEEko1m86C5Z3B8rMy23C93uK1,1239,1000,1000,1000,true
3014,G9hkbdWHWfnq5daBbTacXKkrhTGfpHvMhy7iPHsZs6s6,1238,1000,1000,1000,true
3014,DJg3i5jb61tpQ4cxNqiqwBfdW9T5Y1KbokbrPxryQFtx,1237,1000,1000,1000,true
3014,6bHW65PPM36XnrbwCYPpKe4rH4iTL5V9yEVREZgBc8ew,1233,1000,1000,1000,true
3014,EsghMgzZ82f6hpMShMttVcb5kq5KiGQ2qMfNKcs36J1Y,1233,1000,1000,1000,true
3014,9yQWusBnxNBNzMp3pG4YHUkJr5mhr2UXFS6qrWyDBhR4,1232,1000,1000,1000,true
3014,CXs4UN8w4seq3AyVbLxBvpKi9yTAAnjKHf3ufB2hqPT2,1232,1000,1000,1000,true
3014,AXy4qipnS6XDxxvH4fX2rczcCnzpqDMcVgUMBGNx8k5y,1231,1000,1000,1000,true
3014,5F9ogs81Yp44hSyE9fKLSUXdLj1TvCLkw1hqWdRNvm2g,1230,1000,1000,1000,true
3014,FgYkd5NWsE3X8TTmZsvY5oko2pyn9pDiqz5T5gs5vBAZ,1229,1000,1000,1000,true
3014,6uQi3aBpWuZ6NH889Pdyf9qb5T7MXY6iPQVTyjKCV3W2,1228,1000,1000,1000,true
3014,Dhtxom12Eyy36aCzXiE4EMbcCVVwtvKEWWKVWVZXjBF6,1227,1000,1000,1000,true
3014,Bcc2BwFaKwzUgTNaSoSibjU5vSJX4M4G2XmyYdD9AJKv,1226,1000,1000,1000,true
3014,4QrgGCWotHSH9b1RgCLLLyxYFgDTyd9psirgtcp3619M,1225,1000,1000,1000,true
3014,F2xQZ6NoDC5uUvLHghS7JdtgWBcVSYw8dbtBnZ5poQU9,1224,1000,1000,1000,true
3014,2eEchva79TDjGdF2p3enyKXzvF3UiJcn3wBxH66hS4zB,1223,1000,1000,1000,true
3014,6oA4Uug9D2DmZ7Wuy3DnY1J6mVcHeqNqkBCrAgkGFpbN,1222,1000,1000,1000,true
3014,2yD3pPHzfV7A8J3weVedafgVppmCCJvkh3c7oVeqoohh,1221,1000,1000,1000,true
3014,BXr1aLcMioLDTME8BpVTsFiU54uZSB5TiE8Fd47d8bmV,1220,1000,1000,1000,true
3014,GHW2XnLEdqyeDomdmDtei6VYtHo8MetNC9SbMPDxugJ4,1219,1000,1000,1000,true
3014,9dqR59xkSDT9yJbfRkZWHh59hw2VutaHRW4USrS96Fi7,1218,1000,1000,1000,true
3014,JUcvQBf6YTm67s2QXXoYn1NHa615ejsBPxrNwjuzzRQ,1217,1000,1000,1000,true
3014,EMTBhVcnMvwSVnDeHiQkBWzikM9E2v27TrdarjNg34hu,1216,1000,1000,1000,true
3014,HuV6fVi5PjBLSccGg5iFc7qQxPTuuRQ5HedRs9SHNkmw,1216,1000,1000,1000,true
3014,BVwhSZWvDbQuHMyDsUUKZkmfTDswo32TwPMzYkw5Wdde,1216,1000,1000,1000,true
3014,99mNJqkquHUMwUWg2SBQMAVk3noCtNGgPABSJ6Z5KC8W,1215,1000,1000,1000,true
3014,Ac7myCiZhvuLA2iVWY8mxgnDMqDLDgftQKYpfCyq1bjT,1214,1000,1000,1000,true
3014,3vJVf3v5dtEnrravDEENbUwHJ6SXjX7yjxx7LLJm3Nk5,1213,1000,1000,1000,true
3015,B7LEDP32FbyoAdwCzwvhDKPnkU1QGevnLm76Zx1yXgp,1074,1088,1000,1000,false
3015,LRLxnR2zRY3iX1pP51ue4WUJ65VsLELeAxsXEUxcxsR,1075,1088,1000,1000,false
3015,SoVLWabE1FGdqx1L5x5vgKPXtupD72b6edfQxZB1T3a,1008,1088,1000,1000,false
3015,ZKqWedUNLiM16Cuj6qJEm79ddudDgeLnA3HeSNsjCNx,1035,1088,1000,1000,false
3015,bHDPJPZGJVzDAR8AWEG1KJygJgMZdvreLJjuDzTvVvc,1052,1088,1000,1000,false
3015,enAr16dj27kxoubwrqqDCGV533wJjSBgMdFXczeDypM,1037,1088,1000,1000,false
3015,wD1SY34eXQ2XwaqkbvmFgiEtbScr9ssC59FT7E7D2Fs,1031,1088,1000,1000,false
3015,24szAKL6TEGBmizHx3iUZZu9YGr2NmJxCQMvXTPULycN,1063,1088,1000,1000,false
3015,2AFwaCyB6xdDUcJLtFvZsbHEmzo7m6Jm3unSXzwRpZXZ,1058,1088,1000,1000,false
3015,2NKZrAHUewSdcucWqNQjc9P8SmceEJSpeXUfUQrZj5d7,1045,1088,1000,1000,false
3015,2QMn75KPih8fPoEZeYw81LtxmjQ4iSNjZT2inpGkWGND,1048,1088,1000,1000,false
3015,2ZB1amqbaZJw9Jw98TB6GqbKwtbXJ9bnkL3yRE1VfnD9,1034,1088,1000,1000,false
3015,2pY3AiYm5ymmeSd4z986YK6fEPo2Vi25D66qKspT3Zgq,1059,1088,1000,1000,false
3015,2qTGbEeizaVmNYq4FUJzzLcahoRJsxPrJJCZjJ65WjES,1017,1088,1000,1000,false
3015,33X41dNMrjFde6tKxhjHRW18yqLWtVMDJyVQSXaj47RL,1082,1088,1000,1000,false
3015,365DhLuNkVsDvaj2VL4dYYXuY3Xio4JTGuUiFgMgAN6L,1051,1088,1000,1000,false
3015,366DHkci44SGS96ZYTtr1MsewSjfi4QzK2KmnYLTZZMc,1013,1088,1000,1000,false
3015,3TCschhLS6Ub2ARQg3pj4k1xee6BTBB2NtSwj2PUCDY9,1018,1088,1000,1000,false
3015,3a82NssVDG5sbTedZmrvZ1NzKponwmwWk423CC8jpQos,1020,1088,1000,1000,false
3015,3fnNseGtHeEMFgjyDpfhEpVhtsYmoD9SnS6AtEAZqKzy,1047,1088,1000,1000,false
3015,3wj3HKfEj68E1PeUNP6dEEmKAiyZ6zxPwLKpYE9XWjH9,1050,1088,1000,1000,false
3015,41wgLDHopaUQC8sikrJYycPNBtL5JFN8ePKKacBdEGfD,1043,1088,1000,1000,false
3015,479jUA3efX9ToZqA2PhB6CxVrgmmXeRgCRE37s3oRWq1,1000,1088,1000,1000,false
3015,4Bk3LCGxMZX1NRTFTEULBAXou6mnpKooCt4Q9WYnhUce,1070,1088,1000,1000,false
3015,4UhWrxxSjN16tmVEtJghNDnavtrQZJunk5nHs8KgmTZW,1047,1088,1000,1000,false
3015,4myPtnFtxfLRop8imusY8rCSJm6EURMTBdqMgUR4NXr3,1003,1088,1000,1000,false
3015,4nqP22TTmV9Nvq7pDSi2xPTFpnABMnqhoGwT78nksM4U,1056,1088,1000,1000,false
3015,51CUpCdo7H6mESU7LB16QaXjNcZVhMdmWqpfmfremWKJ,1016,1088,1000,1000,false
3015,57KGPmbgHUoXkw9xbVY7fcYBHc1ABFtDhkezuGiFSrdx,1080,1088,1000,1000,false
3015,5EYmGJLiw39oCFMYAo41RjQUUhurBpp1htqFNZxjnfa7,1076,1088,1000,1000,false
3015,5HRWPwV64m3XnVZUPYtp35ZtP5xyd1hybAiHE25cYkc5,1049,1088,1000,1000,false
3015,5RQdxKGYCUwg4tUoWQ9uvJx8CmsVj1d194V2rpe5B7yx,1012,1088,1000,1000,false
3015,5TEGx2heYQ3uT3kkbUmBJFkFjJ3D8YYE3ggdJ7hk9MVN,1061,1088,1000,1000,false
3015,5hUFJgxhagch7BUnYAVgRozMQjLkdhnaGqxV5apeAaKu,1054,1088,1000,1000,false
3015,61q5cYVq2PooaX5rRSJ4EgH9FDYcxH5bdtkmBBhy4aJ8,1005,1088,1000,1000,false
3015,6213UPXaEWLqazzHZ8E9QeSjeNKK8MdD5aY9rZ86G9QU,1048,1088,1000,1000,false
3015,6PcfSQK868t5fy3QsGwt21ydmaUr97gCeDUBhdf3kua5,1022,1088,1000,1000,false
3015,6RCMVZHj9ynGhf22Jfjh3aNxAmVgiaceMz1KfLXNehcQ,1055,1088,1000,1000,false
3015,6YBNNftnwQ8ND2RGhiakEqQEmKac5xmMV7an5uuBRLxZ,1010,1088,1000,1000,false
3015,6j12woTzJhCpcaV6rRp8993iLzuAfdGhKAbjaaFUnRMt,1060,1088,1000,1000,false
3015,6kAzHSMsjRiadJot55hSZdoerFu4gxGQteWR8hcdRDxq,1001,1088,1000,1000,false
3015,6tx1xfqZ7a3MamxTKfdFus554JjLfxyP8KEay4XmYP7x,1024,1088,1000,1000,false
3015,6xz6wA1dVPNtQBA2tWrRfG4KWAkSyJYdLod5fZSSDMKs,1006,1088,1000,1000,false
3015,6y5yC296WMmp87UAeJkp5bPisPNUCatSxTxEF5G2ufBU,1040,1088,1000,1000,false
3015,7bNRyXX8sLDax3qSuqgRic7xpaJtGGYuUtVfsACeHWgL,1038,1088,1000,1000,false
3015,82aZtV7d5EK47yogVfr3xDRT4tFvtwYaUHLti45HNjrk,1041,1088,1000,1000,false
3015,83tipdFRmESPUro4VVoJee2HfpYpR2zn69rBTSpnZwjj,1086,1088,1000,1000,false
3015,84ACUD1YZkKP5i77irqc3CkGHTfpiE9tZAjzhk9xr4ge,1062,1088,1000,1000,false
3015,87i9mq2xsMhAbhdrFLuqwq77y6QF83EwhFFd2FkJD4Co,1028,1088,1000,1000,false
3015,8JJVT8SNqjbUfoA1EzZ1Eqjq1aM2AYcCb3E3nuRP5imj,1050,1088,1000,1000,false
3015,8nhNPUzW5g5xgyyG7EY1VMbRU5wChSR7tiyGdX6GxiNJ,1039,1088,1000,1000,false
3015,94GcuHPoNjHGuTEBNFPNMXJfrwYLPUeLKHQ7Ae35nbnY,1014,1088,1000,1000,false
3015,9QSvFQp7NxH9q8ytUVGkpMzQLGiYA3rcSe9xZ7NM7jgi,1032,1088,1000,1000,false
3015,9st1f1gV6bwhmjdPszyY927TDtM1hwMKsam1SVVNoyg2,1030,1088,1000,1000,false
3015,A3MdtneAKYTNL7KpLC76X2h1vYU848H4HHCnwxdGoYgu,1037,1088,1000,1000,false
3015,A4iBnyzCeAvbnsC2pgmFVGFS3FViU6PLR21RcxR11dmz,1007,1088,1000,1000,false
3015,ABxdg9tGfNZ1imkA94eQDZSTkH5mXcgcmUvBYJctA7j1,1015,1088,1000,1000,false
3015,AQ4WxLaE2S85HHZ6Asd1qA1rCcKztPMe57a1TSCeyYHQ,1027,1088,1000,1000,false
3015,AUn29cNQ6mYsgycSvQYfJZF1r22PgPXGBRWKW7FhdtDc,1034,1088,1000,1000,false
3015,AYXbJTmAMLKuHqcG9hFP7KY41sscq3bkMU76zkTL5HJV,1021,1088,1000,1000,false
3015,AaqDECNVZzd1oUUVkPZmWLEVkZLTYdgYd8QUxTsyCRfc,1039,1088,1000,1000,false
3015,B1USwrBbdc4ULt6mGjbFJ9abWiJFzSXpN1RR4cybAFA6,1035,1088,1000,1000,false
3015,BJVq2RyNFAo1hDhCqMhW5Vx8GMtm4kEuTyU6zfuhEows,1029,1088,1000,1000,false
3015,BNYR1SLpUBh9LtwALQK27ewNDvf5WwZSmgiV5PJyWzrZ,1011,1088,1000,1000,false
3015,BVWZGAsLQyoUJkQq5nbEqYXGUdbRibPFNsp56g1jpDfP,1036,1088,1000,1000,false
3015,BaNrRHT1qHH6UdAXoFU71sCfwi95PXhPCz48dtn1EV8v,1042,1088,1000,1000,false
3015,Bd8CiqNGFfVJ5TuCZ4cHTo9LTCN2LMQasco7a75ey4cE,1082,1088,1000,1000,false
3015,BoZsR2afJ6A9iapBaahAtWPHz1U1ozjLuH6Yf9mLeRfj,1023,1088,1000,1000,false
3015,CZrhzcAQRcFWV3cCziETLpYL9cSaszUbzKikySzEMKiW,1004,1088,1000,1000,false
3015,CtWRtx7yrMu2BJiADsMBHtsXE9EpG82GFT23i3Ka1bFg,1025,1088,1000,1000,false
3015,CxPxf5cmLYBR911oStXDGqifFWVswZ4fzdKNaiHyu6rd,1002,1088,1000,1000,false
3015,D8jnKLaQXWEa8YGC9Cve6L3dpW2sEG77nq5uitEvXnns,1057,1088,1000,1000,false
3015,DNN9mqKBrHRe23teP1mQY7u9HU1pjMaCgZhyw6tPpEfg,1009,1088,1000,1000,false
3015,DX3Yw8oe9j8A1sZZK1dVwM1Ey6vLNGrtJmDWK7Xg29yM,1026,1088,1000,1000,false
3015,FbE2G6xEzfeRvXDoMATLrkKLWeroV4HjHzxi1JV6WJLR,1036,1088,1000,1000,false
3015,Fz9oHxQvbHTYLLTieRCfoCo7eW22uyLHKPvDPqx2augq,1033,1088,1000,1000,false
3015,GPgBZLBi85W1TRJrHjJB2UCp4rePgBPXyucdoHHpvoy9,1053,1088,1000,1000,false
3015,GTvTHRtpy9TrxCpPW8P2GQY5WMGbt7TQb4hTks4CUro3,1031,1088,1000,1000,false
3015,GWRsZTsHK7ZERr5sJu7ke1FRDytL1x52mnRmc5LkjXz9,1042,1088,1000,1000,false
3015,GWieWWCw7ZcJwnvRqZV7ycxJsM94e3DExXSfwo2B4UKQ,1081,1088,1000,1000,false
3015,Gad3L9Nn2BpoWTkrdGAbMJceWXQfGdjTNw4bxReLZNmQ,1038,1088,1000,1000,false
3015,HuhKSdkvBusU3uJNJT5jfdCWsQ4sez8kaXFpudpzkkGp,1064,1088,1000,1000,false
3015,HwDnLJdcVgEF8jCNrgTystbPaQR8kPLb7C8i9u5kAzsT,1046,1088,1000,1000,false
3015,Hxyx8jEu5sm9w6ZNf88MAzbsyNSERviGjTPHER6vcrJC,1040,1088,1000,1000,false
3015,r9sBkfABCNNZenRxv8h1zYPkM4Y53WSf4eP2kQKKSqB,1032,1088,1000,1000,false
3015,4C4y9bFm6TB6BjUN9wkzNawdB51Nbzmtk3wrcxYwMZjG,1021,1088,1000,1000,false
3015,4DDZUXkCMx6tHj3hTwTPHGhtFtHpD9i67Nazs6goJXo4,1020,1088,1000,1000,false
3015,5zEvrmuEyPubCs6w1bnenJDjNvNhJ1VbfKiPmf4bYKTc,1051,1088,1000,1000,false
3015,6Qp69Fb6HEsgaWyptxHDGKH7sUJx93HzJoEUExF622Cp,1049,1088,1000,1000,false
3015,8EeJex6B7nGURRYbFbMQFqkiJa7hxVnU47Jx2aXGpdjt,1044,1088,1000,1000,false
3015,APhgnx4LEZhVV44iFZFN3CGpc9oqnpoEL3roX2mjqNXH,1083,1088,1000,1000,false
3015,BrvgWTe2heLGKvNiTaBjRSvK7wAjNhjwV4vLtAz7m1GF,1041,1088,1000,1000,false
3015,CR4QMhp2T7C4s7dmjbgW8i5GKpAjVs8m9VetGpGyfpjh,1043,1088,1000,1000,false
3015,HqZxpi4G3JF4EKJg6uqPmePYuBpbCUHbQfQKhfmLijx6,1061,1088,1000,1000,false
3015,jKVi758phpwWtVUF3DfRdNi4jgAkdb7yoiGG96GbuYP,1110,1168,1000,1000,false
3015,r6FdLGHFKFx5uZ8h3TccV5caxD6oj3Fwx8zNRDvnzmS,1022,1168,1000,1000,false
3015,2GKFwbgCxeNzLLVSM6urriH1zAJ3HRYzEcY6eMtKo3GU,1125,1168,1000,1000,false
3015,2NHDWY3NtAco9kvJPdEgvHTYZfHh81M4CnjGi8T1y9a8,1165,1168,1000,1000,false
3015,2PDsm7fzhkSxyUg3abqs9FbfjbG4VAXkC1ZDRaj9zacs,1127,1168,1000,1000,false
3015,2VsLDGxDGEgekmFJ4bWSymeMDCoujHLwbHXsktALRR74,1055,1168,1000,1000,false
3015,2imALAJBJ2skMEiDk7mK988jZxGXtvfDExPodFsodRTL,1119,1168,1000,1000,false
3015,2ugEzaz5uhSio4TFfdU58ogp96nUUAeLPXnKrqv4wiqM,1088,1168,1000,1000,false
3015,2uotSDhocdQnVXDkz37nMrgyFodfN3zNsnvv34SxrGcw,1046,1168,1000,1000,false
3015,39G5TNKfurWQvhS2tPQvb3TzCmGug7q2VYp3NXejJE4s,1090,1168,1000,1000,false
3015,3znRuEvULPmboJgqoouVeC4tEbpsfVBywu6xgZiCzCgX,1054,1168,1000,1000,false
3015,4Tf6nogsRezRXng2ipo7wwTFYNP3KZER3LFnDg56Qn9Y,1053,1168,1000,1000,false
3015,4ajNmM9v7C6qM35FK34p29rYbvjpcnNmqhbYt1bajRoH,1147,1168,1000,1000,false
3015,58EnTLJ3YVBBoMwTkWU81kA4sWjrtNu3CLgWFBWVSm3t,1063,1168,1000,1000,false
3015,5BS61fXFqSTG5cJkTVm7Khh43WAaSW2NbbD1fifgowKt,1140,1168,1000,1000,false
3015,5J8kLa337875UvWRYdaqqy5Kzxz72WHuytqF5VnvJ5Z2,1086,1168,1000,1000,false
3015,5NopXnGFDTMTcozPXck3wgAox8xHdUiwrokWRyotjVbH,1157,1168,1000,1000,false
3015,5WgnQ9KcguJy1sfZkhc4eRWFEp2gK6W5P5kZ3k7auAby,1154,1168,1000,1000,false
3015,5eKbgEjCiijrw9D76XcggTqK13qrfxx25NeWA88q5HRC,1104,1168,1000,1000,false
3015,5v3xb8yUzFyfxXq5JYTNYmck3HmUSyPKjbUqaB8psqAk,1166,1168,1000,1000,false
3015,67Qputkg3ofgD5WvoZYtZnUT4xCi4SpEM6s5V6kTiE1f,1141,1168,1000,1000,false
3015,7L1H5TobeZJyi1dQL8zxoAwLbPSmFRGVdYBjTPE86eRQ,1118,1168,1000,1000,false
3015,7msuAfPYcFR2Y3fftxMpt8z7WGwcEsX9iZx2P1LpsZWx,1149,1168,1000,1000,false
3015,8DydmmdpyMhqSTCNZ2RrT6J5S25pCMemVtDvRRYzHDqd,1158,1168,1000,1000,false
3015,8Nn4ACJsPpvF2abQYbyZtLntii7vwcP2TJyeipyHc2Dp,1161,1168,1000,1000,false
3015,8m3U7GT2oTQZeCFYR7NSaNkxx59sh4jeXP81PfH1DsZx,1087,1168,1000,1000,false
3015,9Eh8VkWQ7w4mVaHQPuW9A7eEj4TuYix5MaXK2jpAnhss,1163,1168,1000,1000,false
3015,9QR1xtEA7HEcgoVAewKEskXZ3bDDSJWqkE2A5f8Y3yBy,1116,1168,1000,1000,false
3015,9u5LGwee4JgeLH5YXSnEhkBtrUsweo5h6BzPt8UQSUn6,1085,1168,1000,1000,false
3015,ASjRZofTkhFDp7Jwjuu5KTi2WT23TbjeJevu9MEB4yU3,1126,1168,1000,1000,false
3015,AYCQxpD4w3uHUYEFEZn4FSLfqrbir1Ay93cQzZDrTSaw,1134,1168,1000,1000,false
3015,At6CvDptqNt6NJeyQsfwfLuD5Jaq2nu7kQeaNKNKH69A,1133,1168,1000,1000,false
3015,BneTcUTXSx8TfGN5xm7S15cjv2EqQy8KSKyNLK3E17bq,1128,1168,1000,1000,false
3015,D5qUsCfv8uecLvGTdjntoTfdWQxVHLqx6UdSEZRj9w5i,1044,1168,1000,1000,false
3015,DPUzaEYs5tYA566vRdBuahymwhaezKUoZV7YaK5qakyd,1148,1168,1000,1000,false
3015,DtHzCaAY6cfhrfjoPqYBRZJnQfPLYTxX8koPcBJA9hLg,1127,1168,1000,1000,false
3015,DtymGD6mUPydyTYcsczgdXE2DtEH1oGF6VZo5wtbyM1x,1120,1168,1000,1000,false
3015,EAdAnwP8H6LP619kNQh2aZL5t4GeuBy4FW84E37Jp255,1159,1168,1000,1000,false
3015,ESiopv9fzFVyhGxdHqTAw4ADfRG3VSQdQvHeyk94P3fB,1150,1168,1000,1000,false
3015,EsEgwViBkaaAnPXEePfCKe8esT3b7wVjKborDm2EZkjn,1153,1168,1000,1000,false
3015,FmL4acBM7QZpPtJuT1fHk7HDe1J7dQ9qFDG8uFPkAnpY,1129,1168,1000,1000,false
3015,FqmTHsz3SgWhHhoJW3QrAyMHFjmyThWYEWtLENsYGvpW,1141,1168,1000,1000,false
3015,GibuBUJodiqz9WfuKAWgGXVb5wwpYsXeKvjuabkfmw9b,1135,1168,1000,1000,false
3015,H3Gu2Fey1GAHjWw1CSUDHbxMDjvG7qU5H4BSCnLYWraY,1131,1168,1000,1000,false
3015,3gAyNmjZedgavwz57hc14xk8THpuZjjUyrBZ5UV9dFp1,1211,1186,1000,1000,true
3015,6Yd3uxtkuKwzwD3iqq1W3QMkzyjpXv9X7vCxvfVKg8Nx,1210,1186,1000,1000,true
3015,6dhGsPmwUbwK8TKTeJr5ApQFmttRxj24remGSVcxawzv,1210,1186,1000,1000,true
3015,H5NZx5TQ3JBWRZVyfQmeYXz1BoayDypqB7VoZC9GRLj5,1209,1186,1000,1000,true
3015,8ucZ6P6SRBJrh14QwxCg6Lf2bjc7BMu3Te4RX1vZPaP1,1208,1186,1000,1000,true
3015,AbGdsV68zsJV3Yi1CFTqXYN5JzvxbcoJ7qa3tmnvU5Vz,1207,1186,1000,1000,true
3015,FfWJ5txye8EUStsLFXKd1roMSyQnMWty8xE6wsDmhYFG,1206,1186,1000,1000,true
3015,BwHu9G9ysxrDiKM1YVz6tVxGaUvdviW9PE527ZEoaxiD,1205,1186,1000,1000,true
3015,793P7jVRcSAaaBWppwGgXs8a8WmZwCMEukk8WCX8jhvg,1204,1186,1000,1000,true
3015,9YhsH3mv93csHGnAcvPHnrdicwAPEuP8iRTpkykjDhdH,1203,1186,1000,1000,true
3015,EnBGKUiHAvWzoJJSWCKFn8iiY5EmHFZE3KzPFp3mvzy9,1203,1186,1000,1000,true
3015,BpWdT6mBDpFkbA35Eg49ityy12UAa7oE6u3NToqudgx3,1202,1186,1000,1000,true
3015,6YcDTfbp87fMwJFZF6fJS4J4wKMr1MpKw5Q6u9C14nQk,1202,1186,1000,1000,true
3015,Bzn5NM3r861iMdKkhcY91Etw24HVuJsuUfsyZQbwozew,1201,1186,1000,1000,true
3015,Ad3AQAfAZzSPv4LG7LnGRNcTm9yhMdzb2neacq89wp5g,1200,1186,1000,1000,true
3015,GFnzBfT5Auy8CnGZErEc4gLbH9M4AJQNahQteM71XCXN,1199,1186,1000,1000,true
3015,zp5ov5J923ucTgs2Avqs84tYUPpUFaBfiNHS4m3oXdz,1198,1186,1000,1000,true
3015,HPyZKV45yM2AeHUM3ByhcyVS8hTyUHPjbFenYdJ7GfaJ,1197,1186,1000,1000,true
3015,GdPKKAAiM7YPtcSGGPSn7RkAZe2pC9YfTMTfNsD7BM5H,1196,1186,1000,1000,true
3015,2KURqvhir8FMjhe8PRaYGt4BTYGvGwa44vF6sb3zZmMu,1195,1186,1000,1000,true
3015,CYXQaFBz6K1uUABDyFJtsPRYTsqNJhD13WbCkcFuKf5U,1194,1186,1000,1000,true
3015,GpqyUAtkQNKnwAZcu95nLXQu5QKjh6Xnit3ZgJDVDTso,1193,1186,1000,1000,true
3015,4woGSycC59xjB7zuGAtLGqtFo5f7EWo8kk23ZrULJvWm,1192,1186,1000,1000,true
3015,HoCrKUFgUNhwA3uSmhaxNHLBPWumV4oBAXcehM96HvZA,1191,1186,1000,1000,true
3015,FTbWZaYtQZ84jwAbARRBZH76dnbceqK5XsTrPegHQyjq,1190,1186,1000,1000,true
3015,Cx2ZzodcabyU2rdYPPnQZh2Sc9GZk4uaa7Py6iSfUu1F,1189,1186,1000,1000,true
3015,7Z6ikowN18qWkPeGYgSkh19BxTSRQjw3oUYD4W5bGhwj,1189,1186,1000,1000,true
3015,AcZBMiKQdA7vZgsgozXZrC3tEXQ8HDXR81XtPa462faa,1188,1186,1000,1000,true
3015,7pRXwrx9fS5X13eyKL6ktzMKhGJXok5ZdmK41DvyLAwC,1187,1186,1000,1000,true
3015,FJJcgn8o8ZFYQyBimArMqrwws5sRVtrQwamPVXVpftDy,1186,1186,1000,1000,true
3016,1mTHGVZtuMeTLbPKb2s5E28i5geoRkBPBQ1heo8eiZX,1136,1177,1000,1000,false
3016,ChcwFBtTrDAiaRp3PWEgrRA7dSGrN4PUby3i5Ss537S,1089,1177,1000,1000,false
3016,F8cp34eg2DUtH7CuABU5Ty2GNKgjSzLU6moFTA9eLju,1093,1177,1000,1000,false
3016,Hx4YwhYfgHCN3PGh4oSUAEkNXxFQE3WYL1CQjjkz2un,1107,1177,1000,1000,false
3016,LE3RhpbUPtMeqF1pQaR1khQSyq7KwDgqckbMGYHntLp,1038,1177,1000,1000,false
3016,RySjvSw8bjgcFhBybqy4LJqXg84kpvn7s1fMUev3gLr,1144,1177,1000,1000,false
3016,X9SKxYEurrTFKpog8Bf8spTRDFaz9sbxToxZFDLHm3i,1130,1177,1000,1000,false
3016,XddhXbgCJoGfsigEMobCFC8yon1SQwydTtNmqoewu7x,1088,1177,1000,1000,false
3016,mobmq76yHPCQs84pwbj2JU4YGPdgqZXZg6G2g3sVpLZ,1077,1177,1000,1000,false
3016,nNxPYm54nqNp7nxJa2JpAJfDya9TGMdMfb5mXsY2St9,1142,1177,1000,1000,false
3016,o4Wuh6dMRNJrqaap9dvfrLtat5YRiPDjsN1XbqeWKSx,1152,1177,1000,1000,false
3016,vGSeVXTWdunY3826ZKs56Fqm2ppB7vFLFp8hWZS7Fuv,1133,1177,1000,1000,false
3016,yG4g8oRh2UwqYLv1RcZc7mWFyz2PpEF4mHi8D6mLiX8,1102,1177,1000,1000,false
3016,21K7nS48AxwY5LXzdRWA8sUeDDiUWL1zgBur1TjgYSKe,1117,1177,1000,1000,false
3016,28nYt5tWqfaFcV7629hj585TgKK6L5MTCMjPAyWnFpyf,1161,1177,1000,1000,false
3016,28nuFNVbmiKGt1brwG5pVn4BpW8PyBFiUHJrtAQLJ1Yi,1150,1177,1000,1000,false
3016,2D4zkaAtLP8nkEqoQQ8B7gaiAoNTMZLi8WYJyWiYDXZ8,1019,1177,1000,1000,false
3016,2NvQqdgPTWnRRCN4cjUj4ZcEvFHhRov3pUoJN7CVMU1q,1070,1177,1000,1000,false
3016,2PRkKX2j2HinuC8CspWWgJwyKFKJf5sqz4uHqkCh6LpZ,1132,1177,1000,1000,false
3016,2Tgk5HAKnYAfmxRSCYfj33BiBe2rw1C132Hy9d3Vo7HU,1075,1177,1000,1000,false
3016,2YhU1XvHgx3pum77kXryWnqLKJNbdvjDsoMg2ZAiRQRk,1095,1177,1000,1000,false
3016,2YmqAXFHfX7fkbEUn5SVRAVhReq62dzX9m1jQGgUDQKY,1028,1177,1000,1000,false
3016,2ZnRGDP7sgzbjvq8WdDwZmYAhGzP3Z3Sip11pQpGtq32,1029,1177,1000,1000,false
3016,2b78c3WuAZzVLsJTaTDGNJZv3hzPw3burbyZ5BwW9DWm,1095,1177,1000,1000,false
3016,2cauJJRvxN5qWnyBAncyp3om64XBEvrwdELgWWXQ6AX3,1019,1177,1000,1000,false
3016,2cvQV5VsZWCTyWFwBPs9NkmeoQ3eAkfrHKuuxxEPCdpD,1067,1177,1000,1000,false
3016,2gzhfVFjK86W99qFThmcfSgFaKf6a2cVBjMtxZNMy6ZZ,1072,1177,1000,1000,false
3016,2htnnJfDUSVAcradmKi7iwczTWUmRwzwiGQeLCKKn9a6,1024,1177,1000,1000,false
3016,2iCwXnkbZRYfDHrGFfc1Tb563RZPZsV8BKHYGMXGEZQc,1153,1177,1000,1000,false
3016,2oqFEZXW5pErdM3RyRyEr2i4xgk8nVGFxyDbcZFyejdo,1017,1177,1000,1000,false
3016,2s5z4xN4B6dd7zsHimBMPhnaQxvrCUNkZXHC6kKiZmyk,1160,1177,1000,1000,false
3016,2tXhdKerj9BK5JKgC3NE7hcfcyW6rBBV8hBKmdDj1gWR,1094,1177,1000,1000,false
3016,2tkeWiTGc16doALUddrvVfHMjHJFSC7CZ8pgE9GDUbW9,1168,1177,1000,1000,false
3016,2uD8RiYMdkHcfFLXddfr7ZFYoqKBxLUC2DKwcY6SYaZt,1129,1177,1186,1141,false
3016,2vGm53wS13nAScZx78wJu2rkhkoVLeYbHfxnD1Bdkd3X,1102,1177,1186,1141,false
3016,2xwxL2zyKdiNeNFSxLQNUXmmxwwfFhdqc4wi9uK1EJ8R,1134,1177,1186,1141,false
3016,2zVQg6j9795x9AUWRCMcdkvrgx8Pb4LxSwAZUn1NayTU,1014,1177,1186,1141,false
3016,36B39Zo4kx1KnAAXNBJ7EXnhJyudxV7gQVU2VwsV32av,1036,1177,1186,1141,false
3016,3BAa19rQ8aTUXpykdNA2ou6mUEikVrBHveCtSmeZ1Zpi,1084,1177,1186,1141,false
3016,3EL37jtQo7DVn1UbwzPzLA9itsCYaHV6oZqx1NqM6fdE,1068,1177,1186,1141,false
3016,3FL9n9rHNCvAuWigMH3YuemPv2hDWXJMPsmrVKVYPmN3,1149,1177,1186,1141,false
3016,3HFBYeDA6szDVjyCbtxgRMxSvdBY1TeG9mn4c64XpZu7,1005,1177,1186,1141,false
3016,3TYDoLFHYVrgu18ZWZggcuSmBh8M9G6qE1xuS4CuTw53,1118,1177,1186,1141,false
3016,3V8x5PDM4WT8AM5ghyq3ubtd2PMqAq8jVeCr8LJkn1of,1165,1177,1186,1141,false
3016,3YnzvY6BLBmoZnLsoqsxFogaB5jRu2Q2Qu6HXTdksoJS,1002,1177,1186,1141,false
3016,3Z9MpnZQeBsk4tnJdx1UkCqxeGLNVwrtC9dSGs7CTaBx,1009,1177,1186,1141,false
3016,3Zzy9rJAQEptrJjtHNvUzHjZqQR4r7ByRT1KkisL6nht,1146,1177,1186,1141,false
3016,3ftLWMHEmEWhkXqjsxou3ss73hdgmfMY8d3YTTvbgq6a,1096,1177,1186,1141,false
3016,3kmUugFYHyA2oEVRvUzFTk9GV7W7MiWw3owZqQUAQvBo,1154,1177,1186,1141,false
3016,3mnYVZ3beYCbMypBaBydiRkR9PYJaHUE6cVH1xp345Rr,1138,1177,1186,1141,false
3016,3oiqbcRyxy2nd1eSC1mXTs3HC1m2VENtzaNA9W5MPeDP,1086,1177,1186,1141,false
3016,3onYFFaNkfosEg8qeLNU51ZWyuFZEBS9dDDCLDFcdWrN,1003,1177,1186,1141,false
3016,3uESPi4BvjhPS112SX2yHTrvkTnebfWyBb9qPJwjFZ9S,1127,1177,1186,1141,false
3016,3vocKnFvpvRTbacegEZVt3GdQnNAhsTJ8x2SGoNMdrRa,1081,1177,1186,1141,false
3016,458MrwL4katDNrBX7G825dtxvK1dG2prdotqXLRXZ1gf,1070,1177,1186,1141,false
3016,4ABBqNash1ma99RaoEPoKaRoGMP2BRnfkCZwvLVQZUh2,1146,1177,1186,1141,false
3016,4J3DwxG4UYfEBXy4yi6BGmZj396PFHaUKWKeDfCCtgLr,1163,1177,1186,1141,false
3016,4QeoLRffkGXwTy1NtT2Hk7PwyPQC1gps62EPwX5o6xnh,1101,1177,1186,1141,false
3016,4Ru2vrYkV8YXjnBBT61UJqbRn6LYjpLEnpopMet5TAG8,1147,1177,1186,1141,false
3016,4Syd5niQx9eAD9rPbWeX9bcnAqStpcsUhAzovJ5bGVhw,1147,1177,1186,1141,false
3016,4Twd1efcEnnvYj8m2rx47mh6v2kQDQxwxagyurBmBUWo,1007,1177,1186,1141,false
3016,4UN1HaKoF9yQ8ehtzL7atE65JetNxxgN8oaARBoT8DWb,1159,1177,1186,1141,false
3016,4cAMXDPYwEVYTMtSLpLopd7EaMwKzoe4CsQRmXXqkiHH,1079,1177,1186,1141,false
3016,4h5mAvFt4T4da2UzC4MSDwKDQ1sZxUsBXaZ2JSCrZeXq,1004,1177,1186,1141,false
3016,4pPvdh4HvDWiCNhywWWAXy1ZVoaurEKh2v4M4uqF2gkz,1086,1177,1186,1141,false
3016,4rnLNvB45g39V4MbCDPBs9QSRiSs4WkXx9SKxuTLJHM3,1104,1177,1186,1141,false
3016,525UQ57vqyfs97trwFLLNFvjNeStPUeLF1raN57rbz7Z,1121,1177,1186,1141,false
3016,52UG75jS8j92gXDroibqSvYphqq5qPeLrA9PbefqBFZ9,1140,1177,1186,1141,false
3016,53nK1jFSvfBenqYEqrPjFH1QuG9n8wq4LzW9ASo2hzNq,1163,1177,1186,1141,false
3016,54VgXCaJW5EJLujB1z6JPkH2XFogbfnSU2LAq3JBL1Qr,1139,1177,1186,1141,false
3016,5EwEzo8JdYPbg1sJcB3o7hkwacP5SSogENu93dSKbwCX,1056,1177,1186,1141,false
3016,5KXCzQighm6WcbrvfkWLvVzJAPamH9zujGfEXTv5EhxX,1039,1177,1186,1141,false
3016,5M72Uxe2hgJjxE8kwbnnRUU8fqXCHu8vaoJL9y2tvhy5,1026,1177,1186,1141,false
3016,5MkDDjRMrrcrWxm65HWCaHZZJ6BndpJDu4pJhhzzm3Vj,1151,1177,1186,1141,false
3016,5S67x1VGMK1aYBV4jeCkeYsQDmwJuw5fWjqFPkjXHabR,1033,1177,1186,1141,false
3016,5WA3eYBEjkGj1kWgzdDkGmeqX67bHN7BE3ZfHjmQDMEz,1084,1177,1186,1141,false
3016,5a94N5xYLgowmCfcQojx3rYm9LEsxCQ15cyiPPbDykQj,1101,1177,1186,1141,false
3016,5eHzaWATcu8Nn3ky9KZsdE1zoUB3fyhG3AwWhJf9aTWa,1034,1177,1186,1141,false
3016,5h8FcraM72BMR9BSP2FcwP9A4ZUXQufXrbKnvQVKC98q,1164,1177,1186,1141,false
3016,5hEDyHq3LaTPXpKqWwLvpyuTWkKK779YuaNUUZWGKCAF,1137,1177,1186,1141,false
3016,5pFfg6GbcqsY427SXD2bvipRLomeRcJhwehkp1uWW5Ev,1156,1177,1186,1141,false
3016,5pcrsw95Sjjnhg2HsDotAZhxrpBUoCyXuSUaqPfWwECg,1174,1177,1186,1141,false
3016,5u7YmDJGt3C5TftJWLwaQy3ZfR4Hvcns9Nmh1hMHQAZC,1018,1177,1186,1141,false
3016,5vGtJtEAQHhUQXSuE6pnhJuAJHy2MHau1Y58DPC8RHhK,1013,1177,1186,1141,false
3016,5yKbkDi3uD1CpYUdYMdgxmQEX7X9C5Mt49y3xW5Pgfb6,1086,1177,1186,1141,false
3016,63H8PM4feks6wbrur9hNttroTuxhhndxKdRRbFdGQbAw,1012,1177,1186,1141,false
3016,66DHAwaxhq2g18ixV5JeHkE5a5re3zTB2D7RybLmgxy1,1093,1177,1186,1141,false
3016,68RZHr7aueaeL6eWhV4pBLkSZjrmHSbKnFTFTwFbLBJM,1082,1177,1186,1141,false
3016,693tRCnWayUa97B4N3Jnee4jhnJ4LEY6dLZ1ad2zkf24,1155,1177,1186,1141,false
3016,6DPXuXD72HrnkYFh8hu2CRZ24G1k4zjSff6ppF8RfgYx,1004,1177,1186,1141,false
3016,6DxiYxQLWPXcwxx8FMrPSY1Jvm7F6QQrrigDFp4v1KWz,1072,1177,1186,1141,false
3016,6G2nkMUs6FsGepV5Pqb9veYUhtHvrp9EfQFn3pzwdcvR,1000,1177,1186,1141,false
3016,6L5oEYAppn84LSp76N3CAZTVEPd7kH89MnT3x43zDiBm,1128,1177,1186,1141,false
3016,6QcUDNf7sjUoP39AjEBHyd1dn37ZbNZefMbtMbUqqv9R,1046,1177,1186,1141,false
3016,6XPFG4M9NpGv8XeMzLVafYVNnNjXN4ZDTUKz7GVYwiaN,1107,1177,1186,1141,false
3016,6gmMswss8NbAEgxYfSxYMDZN6AgWiXsY38XyRh2u7Kb1,1017,1177,1186,1141,false
3016,6m8YVm5NYYszS4vjo42ZsnkmfwzHP2iDU3nm1LvkYBM3,1122,1177,1186,1141,false
3016,6stH69ssN5BGGkynmpyRUEGKUoDJKwEKCC7yTpX9ytXZ,1118,1177,1186,1141,false
3016,6vRQKbndDjxHLURutEAZDPNs7njEJA7D8exyP94SjkEv,1066,1177,1186,1141,false
3016,6zYu3ByHbEdkow6hMf6edo2PK1Xm4P5B2V4L3Po2Skui,1158,1177,1186,1141,false
3016,71bCXkht2BSgZkDDfKXcRZ73R4APpVDzfRyR1MHWqQPG,1151,1177,1186,1141,false
3016,732beHRRSVoR8NRqynkGVDF3VVgVo1AzPHze3TyZeJ7y,1091,1177,1186,1141,false
3016,74bMnD7XkHEKL58hM1BMfGpmedXCCCCTVtydmG49YcMr,1150,1177,1186,1141,false
3016,767Ar3CcnrZgzac6HcedTvs5j3JMeWUdWGfwUrRYNxdu,1095,1177,1186,1141,false
3016,76afuZTWsGJxjy2nDmvcsdbpizgQLpQNwnGZusDoAJCV,1031,1177,1186,1141,false
3016,79LsDdHefKnLkeWuM5GrKZZ1jfgaeXkLSm3wBJ4HPyQ6,1162,1177,1186,1141,false
3016,7HGu5voXz5t4De3wzJP9yUb1r4UwvyBbxKcd7w3aoqdn,1126,1177,1186,1141,false
3016,7J2CGEbtHawmJ4MmoJhUMtGxv1sKwxe71YWZRozzMtoo,1083,1177,1186,1141,false
3016,7PD6ukP3MBZk2jqAdymgi8CLDY76MtAxm4aek4rtpPeK,1078,1177,1186,1141,false
3016,7PkB4xAeeDTZ7bwNujGZCdEEjSgoFQYDF3oJYFipvV1z,1020,1177,1186,1141,false
3016,7W6zmZSyh3hGR9Ew8wtY3fHC2fR3NsyxKkM2wbg3xrFj,1103,1177,1186,1141,false
3016,7XJ2KHEDaPTpcbUEZTDAWAejPYQapUpCDi3yhYXJvL5v,1135,1177,1186,1141,false
3016,7Ywzki2FKa77iW5T2xw7316tkf5eh3THMPpfMjVmB3JY,1114,1177,1186,1141,false
3016,7efPsNbdrhzyxesLQ5LmcHN2fkCXvTu2T1nZXujgakVw,1016,1177,1186,1141,false
3016,7gkhMAca8uhCMDzXbZ3VucCUqe7jb1nYGj6FUdjBnEGu,1040,1177,1186,1141,false
3016,7mGkwMtxmR6AnfNeoN8nwhoCuZ94Kf3MFGpejFtnyr59,1085,1177,1186,1141,false
3016,7p7ogcveFmRHYG9KXRADJyNKUFQcp2DDJg3v5HRmGPji,1090,1177,1186,1141,false
3016,7vepkn7mp6MUznXWNHbwcjWUGirK8RMtJX6ZqeTsDcMo,1043,1177,1186,1141,false
3016,7xUHZZrdGe43DGCVYNjyfRNq591Y5Ar5fSiFf5KtQDt8,1052,1177,1186,1141,false
3016,7xgKLaWp3nfFc9CTacLZgwQ8PyEXS59yWdfDYC7teqp6,1044,1177,1186,1141,false
3016,7ywM7HoKe3EiTeaXK4mZcLQGTeQBDCHqDfLsMAKaUtGh,1032,1177,1186,1141,false
3019,9PMPLts5tjDVewm7hfRyDQ8aHXjXzSQVGUQMerPyzXkB,1225,1000,1176,1185,true
3016,7zEyTjKwJE87aQjPrUhPb5frFjz1aE3rSxfDUTfExcUz,1105,1177,1186,1141,false
3016,84uJWZe68zycfWGczrg9BYnir3iSvNt9NvbAspovP5qs,1110,1177,1186,1141,false3019,6EfPqcdgJo1q8Nb57dCXmrAFuGvyHyPEwkErEc4XxvKf,1298,1000,1176,1185,true

3016,87TRsWQzU3rARTS1kN3XkL9dKV7Pydvw2az5ZUz3kL3t,1109,1177,1186,1141,false
3019,2fpLwWV12cCViwDoPo4LAAzLbCnFEWnPU8rHiR3vxB7z,1297,1000,1176,1185,true
3016,89xCkqv8SM1sBDrHsqApeEcyayGi38qKxYTcHUF8AzE2,1148,1177,1186,1141,false
3019,uLx3frLEEhpCpKpTCgkqdgwYyNzSxiQsyWKMy2Zb2ug,1296,1000,1176,1185,true
3016,8ArbZkGukz12arLKFQWiJC1Y7vhvU1Eknwocg56f65XB,1138,1177,1186,1141,false
3016,8GuT2hC5tHexpSmpoc8NbFcbu7iitd6QYyzE1xihSN3r,1136,1177,1186,1141,false
3019,3e2KAQ6Xcrv3GFxFWoj1HW4K6Rf98cxxHmjTeiL44SoN,1295,1000,1176,1185,true
3016,8HXsD8XwNE7k6LQNMRxLFf1HUrveKtpv17ke3PD1w3Ws,1143,1177,1186,1141,false
3019,A5fT54RTL8GPAEV7PdjWkPUVgh9vamBD2Lpw9JSPR2Xo,1294,1000,1176,1185,true
3016,8KgJw9NbHuQ2Tp4L6sEL2WfrqbggzehKT7cGeA4V3DP6,1116,1177,1186,1141,false
3019,9DhTm1wszLcbdvPiz9oYUdtYCPc41KJ6VeU9Fq3WQ6Gs,1293,1000,1176,1185,true
3016,8Ku5ATETYbpVtsaTcLfD2cpxVoS1pq1ig6dPtMrkbXTX,1006,1177,1186,1141,false3019,8xNgqKK82Wh9wmVo2fKoiZtu1FSqPeWen1UU8Eiv4tsi,1292,1000,1176,1185,true

3016,8NLe3g4eNQ3Dt1nhCyUZ4ahFz62wftU1snFviREpcdGn,1100,1177,1186,1141,false
3019,Dgpe6i7TTCFGKztpGtvwbQSYxPnhiqthh41TszjYYUSn,1290,1000,1176,1185,true
3016,8QwTkCKPLE3wv7xRYdRyf457vHymq5N9aoj6rxbm5vrY,1125,1177,1186,1141,false3019,13dHqkoREssRTP859sAcTBcx16RdLQgfcDEPYjRdCDBK,1289,1000,1176,1185,true

3016,8SF26c7GqGkdbjL6qqs2sftHMkGkcqau92EAupYV3eim,1142,1177,1186,1141,false3019,pxiRgeREwEHKwukN5Rs1KiUGQA7faFfmHdy1KoeDuBm,1288,1000,1176,1185,true

3016,8TYbVNqPCt1pknkm6SX5CqH6nuFriWX1VD3QpuCUkGg1,1105,1177,1186,1141,false
3019,EAF24ZxYC1Rq1tiRUaao4cu8WXzfBmgN4n9imbFCpgvn,1287,1000,1176,1185,true
3016,8a5gGYyQdTSwJZR4Vpwp9SSocX7ozB8PYeezUkAqooLe,1148,1177,1186,1141,false
3019,9JZ9pQ9XcH94cpidQAYheC673Tqe2pKNg2w5xukDPaJq,1286,1000,1176,1185,true
3019,G9jFsnJMFqkPkKrAPc3vGHkrQq9hebydqsFjxcKYojsP,1285,1000,1176,1185,true
3019,8vQo9UBZpTUX59tZWw5Q9qUvUqxJZTDY28hEACjvmPMZ,1282,1000,1176,1185,true
3019,7tQMQ93gTcFQzJtBnkYnWV96tEgN52cHisK1p2tnTjHP,1281,1000,1176,1185,true
3016,8d7BPzk9FVjm7Y73aPc4rRgc5d2iGykBRXAQTYBVgiQy,1006,1177,1186,1141,false
3019,DvUWXGGT2okdtVboxwLiLXivPo23qJjUaFYm998QJUTK,1280,1000,1176,1185,true
3016,8fZCp8g56sNi2vpeq6UsebmVKjGb1yK5yYEX9ETeonwC,1051,1177,1186,1141,false3019,GK4beqMAVhoucXmpoPoHAFeDhHrkWuRekohRWF8bnDJx,1279,1000,1176,1185,true

3019,BT6ZR1nM7VQs6ArJ7zcoeZn6a8UWQbMNgNG5SaX5thKe,1278,1000,1176,1185,true
3019,AFq6keXZD2iWnh46xfEKKhZQMyDZjdU2gSuH6XwyrpMe,1277,1000,1176,1185,true
3016,8ndSmc6tMksriNpX99QiMXwNqwAKJf8LLWXuNKLrFcST,1015,1177,1186,1141,false
3016,8q1NypeysJJv47irGuFwtQ1jPXTjYSQtrG23pB9gkVax,1089,1177,1186,1141,false3019,CRfus8S4asYeuGEJFNWkmhBhpLbXChd1UMgWp3AiiPKR,1276,1000,1176,1185,true

3016,8tpbNRSdfhU3KqmSjcqVRA3npwCaVvREVsQ54Mz2rNJb,1087,1177,1186,1141,false
3019,6ESdkynuHB9kBFdw1PG2J5rej5U4nmPXhPvnx1jgCeMj,1275,1000,1176,1185,true
3016,8uRGvp5epdmLj5DECXheFgnPJWFRwfUFXJE53R98RyC5,1117,1177,1186,1141,false
3019,9fto1w8wJUR8uwzFUUEcD72vHYAvPsC8kUXqxGVCXP24,1274,1000,1176,1185,true
3016,8vg7EwCSD63uVaxEUG9mfT32Fv14mPZXn8TAPkNCRc5t,1049,1177,1186,1141,false
3019,DRCjqpYFfa4pg8mckMh57TrZiMfWZgEh3zVfReKGHeF6,1273,1000,1176,1185,true
3019,BCqeRysCdLDoUVHT49oR8aJ5ocFzbjdd1z5VWMD9c8b9,1272,1000,1176,1185,true
3016,8ybcRhe7bo2r7rS8NFyv2yLAQnvfgw5LDVDAFAudpuMt,1099,1177,1186,1141,false
3019,GhnzmTD37sh8qgDVaytZ8EcgDhkyqR5sTuDFN6FW181n,1271,1000,1176,1185,true
3016,91dfLCTx4BgzWySCD73g4TyQEjR5kSqWeGhvCDusVZK3,1037,1177,1186,1141,false
3019,8MuwBgsaA1Vrm2T8uZjfexWox2EiS7GEDcgqiubCiyfr,1270,1000,1176,1185,true
3016,93Z3tjfK6ReLP5A9YoeMkeXKKihPka7wxKChaSL5ACin,1130,1177,1186,1141,false
3019,5CAk6uSEQMuSp8gmJCffLiwEnDG33q1zYrybx8p3SCMN,1269,1000,1176,1185,true
3016,9JjF769ciMJKJabuPvgD4bvXFEr5sh7zs2LU5kVdexP8,1018,1177,1186,1141,false
3019,Gw7EA2XJyrvqCSRPBWyhF2VLqcrbR48EnwqgqQuRe3x2,1268,1000,1176,1185,true3016,9KPG2HpjEmStjvChNtmmMhFxErPvSgUvke9rwb8c3KDy,1159,1177,1186,1141,false

3016,9M4XCHEwBfLukAPtkLXGRois642xM59QVo6WmLQ6EJyY,1109,1177,1186,1141,false
3019,EpiUuMDuBPeT9NSzor9jnkTrGmkPCWydJesNzEqhUCMD,1266,1000,1176,1185,true
3016,9RAVjvPbh1725U1vgqc74az23LkMhMVjkBqQYaaR9KU6,1168,1177,1186,1141,false
3019,7Uv168hSPJvCM3dJfbSrF4rYp7BCQAJmeGcXC8BJ6L4p,1265,1000,1176,1185,true
3016,9TSG7TXihg9k6Y8XvvoBrUMZTrzoUutW2SyiVbzvfCyZ,1141,1177,1186,1141,false
3016,9Z4MYqEyioZhh7Nkb4eWV8RPWcEUWmp3rbifxxGBdX3p,1062,1177,1186,1141,false
3016,9aaFMTD2iNcFfCTunjCGYvUHyV98mDUANmwZvewQ2Vg5,1047,1177,1186,1141,false
3016,9b4DoqxmUcpY9kSKk2FCWCLjgydyFuRZKB5CE4CWtZVh,1137,1177,1186,1141,false
3016,9dCunEF7qSj39WpJuXfTHNEUJVMpXak5iXMPEbkSSHCb,1144,1177,1186,1141,false
3016,9fmbD4X2DKb4YHaVzWhgop2uLCoJaVeo3uFbjtb8gG81,1114,1177,1186,1141,false
3016,9jfScEcjE2nUBbiVsxxof9NaLjLUajzpGFYiMVJWZB2R,1092,1177,1186,1141,false
3016,9nh2KSKwLVBGT9Qa7pgCVaFXWTsyyGZQa2EanHMhHvZy,1113,1177,1186,1141,false
3016,9r8YWqGhXtQkzcmydzGXLKABdgEzBeS52ar7taGy9BiB,1092,1177,1186,1141,false
3016,9rQyLNqA4LrnFN2P6hrVx9zrMDLe9AGMqhBZVteky3n8,1093,1177,1186,1141,false
3016,9t6ufFLXAPxhThhPS48XNVypYpJp4wHqhA8CQoe1QotL,1166,1177,1186,1141,false
3016,9t9owFDEo2bWrLJai2JK9GNxNHLPmYbnervx1VMNYVfc,1042,1177,1186,1141,false
3016,9uHGxTBDd9CnfjXh9ckhCJUAqYy9MpEdXCBkuUE9aVxR,1112,1177,1186,1141,false
3016,9wR5jh8kDMsgevQbUQfpuTmdmdrjrYSGAywz3qLsx9bi,1040,1177,1186,1141,false
3016,9x2VBmnG8hRHdRaYNhxJ4QaZfmmVpWT2cBrqfzZXJj7D,1121,1177,1186,1141,false
3016,A1MMNafHfH4wUBiAHAFT2Mzo3zNeBUdNuust51DHiTCZ,1087,1177,1186,1141,false
3016,A26thM3neya1yCZxb9KK1ytjUoW25bTdhEvjbctAvEgk,1115,1177,1186,1141,false
3016,A56sd6jmSAFEJfadRJgDGfwExHLvv3CQdScVUnGkKxKf,1057,1177,1186,1141,false
3016,A7uME5iYL25rafct6CtWMXZFB9cZHzndmDwtgF516wKP,1066,1177,1186,1141,false
3016,AJEnaDNJH3rD4xJqYC1Mdqu8zVDcedvN3KFXLt72juiC,1100,1177,1186,1141,false
3016,AKeZRDfRwkvyXHLuij3pUTA3U8JWWg3WjZb6zkwDUqER,1008,1177,1186,1141,false
3016,AMQenga2MPnpmXDKKF83nLwqvBJn9VcuybzfFVcd6Arf,1053,1177,1186,1141,false
3016,ANo4zbdoXHWNUZkTvM1LBBA6q5A5KgrUJMr2EKwWddyK,1175,1177,1186,1141,false
3016,ASLB6XziK7hvmKSZC5xjgxJCib33fhj6xPA6im3wkCMd,1002,1177,1186,1141,false
3016,AWD7EX9PGF5XbotHZonG6WZAokhqiEfbzDQu4sfJBQ3E,1072,1177,1186,1141,false
3016,AYkvRcdQ7BpQuTiKVz2rTAq8ZPWt4UwYcbjfFBEnUXeF,1157,1177,1186,1141,false
3016,Aa4D8gp6yep32jiBWgzkGGpEqg5a5eG5MU5pXCv5H4aw,1140,1177,1186,1141,false
3016,AaNCAFWJK3mdAYjQpMD86LJ3As6djgD3SWXLfHG1DpY1,1025,1177,1186,1141,false
3016,AbCc5UZeF5MJoQudcKEC9CMD6PnngMHfxqdneG6cUPxX,1121,1177,1186,1141,false
3016,AcKXFRsh17Z9NbRtc8cFTfhj76RATBo3TLVUcTCjgXxc,1069,1177,1186,1141,false
3016,AcetHThnNhsgfJm6B3Zd1qR7uo7wkptHH7Ra9JSYvuhx,1106,1177,1186,1141,false
3016,AcvEK8D2eo96FurjP6mpCauvgrZcyDNdcE2L8CMS3JvV,1146,1177,1186,1141,false
3016,AnCm3pxwezZpvEHF9BWXMdMm9foUe8gWE8rcVxpKBJx1,1011,1177,1186,1141,false
3016,Ap4JSH8QW2k3Bhs9tg2qyhR8QYwPXbjFJQPqDKBKKA8S,1085,1177,1186,1141,false
3016,ApB7hyqYhAiWhcM1hZhc2jKSxBvLVK43GJNwFqwbYA8f,1174,1177,1186,1141,false
3016,AsyTzGR35fBv21btm3jB1eUCdUwArmPxEPh3y2W5TVwU,1103,1177,1186,1141,false
3016,AuZLM1CTtUb6JL4yKc9yF2qyCUD8Bx4mcnNu7htoXLcA,1089,1177,1186,1141,false
3016,AwiVgt64mb87uWgNvJ5RyebGxreby9qDD2kmBEFGkdtk,1080,1177,1186,1141,false
3016,Az7e5xytQ1RPYG76T9b17H22df45mD8GywhPCRJ5Cm6V,1007,1177,1186,1141,false
3016,B1MpULoTGBJ3xdm87PasKenDsW5v6CE25jvjbXFTzAfn,1030,1177,1186,1141,false
3016,B89W1oSdhFAqjfWddvVRAqsStGA2iqu9mJVSqwaR3PZ7,1160,1177,1186,1141,false
3016,BCGSZJcJb1MYAuPHkED4Vui4RVVgUwnpwi4SDxHReyDt,1097,1177,1186,1141,false
3016,BDawuVsexKWMKggRWUxeDNHtAbD3bHcDG8MGv1L2uuS6,1164,1177,1186,1141,false
3016,BQdcgNPgQonvVo7bPNthSrhkdCfiV1nGMVkiqPBHzyzc,1001,1177,1186,1141,false
3016,BXWADYSNHPjCqzRzQYefdAEDXyvoLX4HnLnC41GbNH98,1096,1177,1186,1141,false
3016,BaZzQ681MtwLftJ5EngodbyKYJVVw2ocbnWrZAxNoNrq,1124,1177,1186,1141,false
3016,Ben9WrBXwCR6NBT6NBZGQpFbFZDUNRZDmLM3BERGT6je,1173,1177,1186,1141,false
3016,BiodJcwF9uqtaqRFMThaBsKq7bBfWTMbuQiRxEathRXh,1155,1177,1186,1141,false
3016,Bk9dwcv7ZPaaLJUsCvKwdUk8BK1a68RP9wMoH7beM2BC,1083,1177,1186,1141,false
3016,BmAXNH9QFd61hCyrYg5RGgVB6Pozv3qVfbdDMw14XyHb,1136,1177,1186,1141,false
3016,BmQDbD4Zh78i5b4LNXo1Gvncm4q6FvjoUimHcQDxsTuZ,1054,1177,1186,1141,false
3016,BmrgrCsxP6F7NL4SG3rUnGT47dxrAkuY1rZ1X19TviRD,1135,1177,1186,1141,false
3016,BqC8i4PrMAYht3HoJfwjYBgck23X6Wojg2TgXQscguF5,1013,1177,1186,1141,false
3016,BsJyisp4SAzK5u7PhhDACpEoUdt3ww1NuqxoZ6H6DSv4,1026,1177,1186,1141,false
3016,BycSETUKArfExuZ39tMx1gDTczEGUzeFfx3URZju9jZn,1021,1177,1186,1141,false
3016,Bz7eA6FGLmay5Dr44zV9uCirHKdJFFosqxLrfjASgWwA,1079,1177,1186,1141,false
3016,BzxRRQLfFHH3x1PyUX42t9TnZJyJcHwD2fsU2qBvw2RH,1073,1177,1186,1141,false
3016,C2BfrQQ4mrkT1DgS1onr2hBCrW79gPXnQsA77ZxN9JPS,1003,1177,1186,1141,false
3016,C5ho7Yhf7uPAVVTEZT3yNCBy2JXKFeqSMG2KEH4owPWi,1087,1177,1186,1141,false
3016,C8xQ9zXHc8X41o4HK6RRrzgQJ1xB5mBdq5oeBdbxvHcm,1122,1177,1186,1141,false
3016,CBJZyutwJgWbw9knhe9xkKnUURywsDWgS3LSU4D8XyaF,1022,1177,1186,1141,false
3016,CC9d7i3KT19Ap6vzeBZxYe5FmKWnKK1wVwwAMBjRxb15,1120,1177,1186,1141,false
3016,CNFJgrVab9rR7dg1WZQ5QosUhFMz4jfQAmffabPzcUfN,1052,1177,1186,1141,false
3016,CRJqxQsGbgXvzifdn25PCjTbNWog3Ube2VxNuVz1Wt2k,1071,1177,1186,1141,false
3016,CT12HdaX6GKcJtWZBVh7WABddtw8FF2dSgGW3Rg93Ejc,1089,1177,1186,1141,false
3016,CUDuuLKHn9RBunjAF3rgFJA4TjPZEBvxv9gFg5nTeTWh,1088,1177,1186,1141,false
3016,CUYfEi7XxB1zL7wTKqgzQEhq7tRSsYNg9JiZKW4sin6h,1012,1177,1186,1141,false
3016,CYp7fJfR13qXhL3R8NzHwG8efWesbvL7H1Xniadg2f9A,1116,1177,1186,1141,false
3016,CsizbjrBPfAKxut59XD4sBy4QfS6zhxiTvaS6a9J4Csr,1110,1177,1186,1141,false
3016,Cv1ZSjUWKKUpiUE3PL4F8WeSBLSwTGtb7StkieHGfBX1,1102,1177,1186,1141,false
3016,D9TW1yk438mqmqThdXxm4ts2QZxY8W4Xssoty22eWhms,1052,1177,1186,1141,false
3016,DAWtpuZe9uG8on1yetN6SVVZgaE5Ga6hSgWjct7P5id6,1076,1177,1186,1141,false
3016,DCD9UN8MKr6agHg38AqEzwmhKwEXzs43sWMM5C7nu1ZL,1126,1177,1186,1141,false
3016,DU1Y8Temae2vr1yCBeAoFoFB8pCfWLMhzmasveGttoxM,1157,1177,1186,1141,false
3016,DXMLoC2RmfPMn3P9m3uaaW7SNXuP6DJvVpKUFAywCFuP,1010,1177,1186,1141,false
3016,DeQjEjko2XKv3hGm4dYCk7re6XBv2aQsFcw4g6KLU35U,1098,1177,1186,1141,false
3016,DevqxR2J8de3r5qt7uK16LPhYbtfsejssiznH8x9DYTP,1010,1177,1186,1141,false
3016,Dfa7QahEUi7aQVFgR897StA5XufnXnwCjxvEWyLLNZ3e,1111,1177,1186,1141,false
3016,Dggx12XYZ7dRACXXhec74QKRg2FtDVa8RLD137RksVic,1118,1177,1186,1141,false
3016,DkVH79aqJmdZY3fNgtHFrzoWywDkYqDHFSATMEzPPqyb,1124,1177,1186,1141,false
3016,DnvWME9eyAP7SD2vq9oLxyNVmwPvduyAYwoKRafYDWLf,1158,1177,1186,1141,false
3016,DpJJ615yx7grFQjoZvPjagF5E6LVvr1aoCyoevK9oVPr,1131,1177,1186,1141,false
3016,Dw67wxkdkTJxQu1V9osdR9Vye5p9AptdFLfKvJaxat3E,1059,1177,1186,1141,false
3016,DxotRyVWESsmksFnFee8g7qB6QqZBAyoqcjJ7d9sqYXg,1035,1177,1186,1141,false
3016,DzEcmArJut9Lo1FXctgV8Ts9oxzcuQVRYGe8DWdmgjrP,1162,1177,1186,1141,false
3016,DzgkmFGjdFjRwgkP9hw3pkRHSC6NnRwkSZwF7hT4ABvf,1077,1177,1186,1141,false
3016,E2myANvPBnczmJT4iWKHwvYzAqR6at2rTGb3YrJP8nyD,1061,1177,1186,1141,false
3016,E37YQcHCucNXKD6EjsoZAh8xFcUxYKNydk6dqs5KMX6t,1082,1177,1186,1141,false
3016,E37zULzFS8N9mgNbGriybacTeozcSuqYNBP2gb3tZoLm,1161,1177,1186,1141,false
3016,E4XXrut64J2y6X3QxvCBCYB322v8jr2urLqFe49qeN9G,1085,1177,1186,1141,false
3016,E6SErXgeDx12PR6FghdTZPgNFbK6zHmd1CivhdMMovwh,1014,1177,1186,1141,false
3016,E6kL44L9QaNRJt8gJm9SLYYTvhYTSwrPrTcGsh5LqTiA,1125,1177,1186,1141,false
3016,E7AcWeqpcwJ6y9ZRHCQen7ecMh7rUkuFcVEVcxyZBZpz,1092,1177,1186,1141,false
3016,ECUC1xjmhAivtMnTkJzb5szrcD9shaojrXycA5VXVZw5,1048,1177,1186,1141,false
3016,EDPRk8aTLwdsy2KSDgdK7EaPUgMKL5KwzsXSho7QWQPa,1134,1177,1186,1141,false
3016,EF3oTyA1ZLA1q6FK3DowwWBCZPLr3cZxMfBJGUoLYasg,1013,1177,1186,1141,false
3016,EF7BPi4pshVQ5qs4aHC1e3rtDRjdWtKAbL5PpUkzQLJt,1117,1177,1186,1141,false
3016,EHLFH4R6dqrt1F4ULw1NoYZJubsVxafGQvP2qp3c4pRf,1000,1177,1186,1141,false
3016,EJQPKUqueYsRCfVQM1vTeMhgjZeuBhBjH9C6MRiGcTKw,1156,1177,1186,1141,false
3016,ELUXML5VPsnvLTHjo9L91Nq1k5q2WdsaLswgPB1bBohh,1020,1177,1186,1141,false
3016,ELh1iPPXyBs9EGq54K8DxLhaaswXHXUAU8wFcMPLiBPe,1050,1177,1186,1141,false
3016,EPA6upywnfzsA2PsTNbtj1vEBhwFPnnCjRjWQrhvHu7G,1080,1177,1186,1141,false
3016,ESTW3SFQjMFKrAF92uUPJQTu3ky3YuaEtyPkgdFwdiAy,1149,1177,1186,1141,false
3016,EU9R3Lnt3dugjw8CWG4UjGNDiX6ASAwiigtnbcD4VQfF,1145,1177,1186,1141,false
3016,EXanP89qKR61rvXi9GohoLjjAjtYATfFhDW1RpdsSe3g,1129,1177,1186,1141,false
3016,EdUey9HLp81t3AwC8ivdRhaDLf61as9c4TBALyPe3A9s,1106,1177,1186,1141,false
3016,EdpbLb6ZJAAQBj996yx65LzB5hMsFJhZZmJBGF2fC6w1,1171,1177,1186,1141,false
3016,Ef6prFuunAifJeN7VdyoxfBB4biSYMy9y8TQHtqsgqyp,1016,1177,1186,1141,false
3016,Er1BWhVjwFqndgTHeaHYPLYQj1kGq5PtQrWAn5ZGcP3f,1015,1177,1186,1141,false
3016,Es6RR4FNS7pP93MtLKiGYfG5fSNua1rcNAYQimT89Jca,1145,1177,1186,1141,false
3016,Ev95HpDxWkxyQwxzxoP6no2P9gJd2Rud1usR6vx3UKNs,1011,1177,1186,1141,false
3016,F4QSUHNjxeH77MjnEN865nwUDJKnAq658SE8xYtTcCVX,1103,1177,1186,1141,false
3016,F5sqLc5DYuhPeejqvPvUdvoQKzXfvqbHsRY6ceZxyLdm,1172,1177,1186,1141,false
3016,F7vGn7cguUsVMB8ZNdGddQpCf5RPvLUEzEJNA1262meK,1074,1177,1186,1141,false
3016,FCENKNf5xLGiZ5n3WE5ypY3WvE1L6KvFkqkbAw9UBsMZ,1116,1177,1186,1141,false
3016,FFCYAaTaWouFWrMb1obo9Aw9v8dg5jvgnUM4tC1C1GpW,1088,1177,1186,1141,false
3016,FJF3f8nSRezrD1FdFqazcy3KneHcrkTpLbVQiTJpxKJM,1045,1177,1186,1141,false
3016,FRvq9ueNMKaSNoFmP3Jrwi524unFFnjQeGMcFuEUtff5,1152,1177,1186,1141,false
3016,FTcKoik756QVYLkU13syPKQZhuDG7hgaYH2na9TB3SAz,1004,1177,1186,1141,false
3016,FXEoFHQHdRj9bcF1n2PTsgMjue8zZtt5qPFnntML4QcX,1115,1177,1186,1141,false
3016,FXw2SkdxgoR69gRhje1nKUVTkL3KhnxjW6MynyXyv5MM,1160,1177,1186,1141,false
3016,FYaNaPg57YHx48tS6H3qj3gSEAnZHBqjbUnZFG61jNF5,1102,1177,1186,1141,false
3016,FczBNwwkF8em1Bqmd782cKNd9HTrJ3J32WC2Q1vEVftN,1119,1177,1186,1141,false
3016,Fh2WSPNorMpRH6hjXMT36hKgRUyBaHAePCX3TES6NdCZ,1059,1177,1186,1141,false
3016,FiU3d9hZfmnss78dQeivm6mkseY9wEGA8sipAmRaRWwb,1094,1177,1186,1141,false
3016,FjrNwpHUSSPzSXwBVqUWsTQHfLpHCwK6nt1TkBDS33cf,1132,1177,1186,1141,false
3016,FkJvbJHTF5JnrHaXe9P3JavnPC1MKzMnfNPpDdWevHPX,1098,1177,1186,1141,false
3016,FqSt6jEeBNXEMGsHC9CxuxRThEzAZtnMXxQr4xce1pT5,1099,1177,1186,1141,false
3016,FqoZAFspao9hi8WS1W8dK1d4GymVqZ4HmVzvAYbQLvjZ,1138,1177,1186,1141,false
3016,FqvQLJy2DsEFtspMiZQ1Syvmm3XKpQg7ncFavVfMXaia,1143,1177,1186,1141,false
3016,FskTYCJjbN4a1sJqfVjwJZoShbML4NNKNQ2NPBVYZk8G,1091,1177,1186,1141,false
3016,FtCQaa4muXZ4hsQ9o3juP2QMBkbdDuFtVKwt987KtNZH,1123,1177,1186,1141,false
3016,Fu5qYJ2ZepbTaWPpg8FrHMCBmRwC9nyz51EJbZ3Aq2hB,1111,1177,1186,1141,false
3016,FvD1ubcQ3VAn7NmCGnefnYVSgwtEApQGUzvMZdonxRbD,1078,1177,1186,1141,false
3016,FwtLb68mE3BEQVvUEVqraoA9M4eVdVBPNmnWw6mnM6gR,1034,1177,1186,1141,false
3016,Fz2FebtwdUwSURxYuaGt36JNDURz7TmKfbpT4UCM8WPU,1145,1177,1186,1141,false
3016,G3ZqRDkH3BeogDhvZGDpCLrUUsKzEm6hTWfnNjqdR3ZF,1128,1177,1186,1141,false
3016,G9PATXvutC8ZwHA8d1RSwKHuAvTksBtSHmFmHwTUQ1Fo,1029,1177,1186,1141,false
3016,G9wF9ENuDMNr2bnsRsKNpCMPuT9zARK3otstaQdNwtkk,1017,1177,1186,1141,false
3016,GFnXh4YvgUVTGeoamkTfzPH3BV5nnBjR2U9neZqDxR43,1112,1177,1186,1141,false
3016,GKzSxYBeY2yQ4Mv4KacWrbG2G21bgbt2GpWXJCmxDLRU,1008,1177,1186,1141,false
3016,GLiw885peUN4jzGPzAPBKCPCdp7XP2xVcHn61CQcc3ZR,1164,1177,1186,1141,false
3016,GN3YspU4gpj44v7hop7g6W1FGsQvexApuRUyDWXgMv2V,1094,1177,1186,1141,false
3016,GQVcuDoJhaWv5wEw9Y6rfg3BngBiPv21Ut2QkpzJbHSb,1062,1177,1186,1141,false
3016,GSAgircmyqyjcF8EZo5RVD9bY9qRoRojpjmvgHsEwQmY,1119,1177,1186,1141,false
3016,GSQQNCTNxZLCPXmvaZKLHEt2zRw6kdmHeJwqoZFZNfTQ,1053,1177,1186,1141,false
3016,Ga5dnP6fwozQJnJgRxQjAh3XefkAtjEpF4TWUsacMTmu,1081,1177,1186,1141,false
3016,GafGytidGK4Dp2aLsH4R3rYiB3n19vkELiwqPPfwqXJe,1067,1177,1186,1141,false
3016,GeJAzCB5fKGRdi8GLXpxFqgRb1FBx1iPBpS5fusF749R,1021,1177,1186,1141,false
3016,Gnv7tLE8t3jzcVxMkCJd7oV7zvC2cF8Jcz94oRvdkP6u,1162,1177,1186,1141,false
3016,GpkBVDdCMyMw2VaGK1f455MRLjPWyHYAUsNmQtJTsqEm,1061,1177,1186,1141,false
3016,GyoMJ2ekV7cXMRseVSNWc2nBFjNcE47BUzEL9ehZXidJ,1139,1177,1186,1141,false
3016,H2BgwHc5jkBqYxRwkDHZ7EZ6y93PY21j9e4NaTGoLWCC,1034,1177,1186,1141,false
3016,H6fgdGZriSenSr7nty5sV5nMi3rAT9dHNgnVcTnCwNor,1097,1177,1186,1141,false
3016,H8kBiztYhQNeD8TKmzhnE1AGwnK6axB2GScaCh1oVZgN,1041,1177,1186,1141,false
3016,H99hLHVp7gVrJELayDGLygBaetdMTAU4C8fWBpxKnvfh,1010,1177,1186,1141,false
3016,HCFnwzxtjUVGQxk9UrU2KomJwdpAoFPU66V2w3MBfLkE,1113,1177,1186,1141,false
3016,HQUPfT89V6dvZW9q6DQDpCe27GCPajGqgusMSqriAkzd,1009,1177,1186,1141,false
3016,HU2mjWqNuzEbVA8jXtLN9sLLsL3gxxFDfeMCZeui71da,1005,1177,1186,1141,false
3016,HY7n25X9swNCfin7ANfdvzsh4vAEkMnurFq8r8RyQ9ZQ,1170,1177,1186,1141,false
3016,HZsB2eKroQQiq6LpFCiLXRGwxTqLD8oP3SYVe8equJSg,1108,1177,1186,1141,false
3016,HeD3VsmjPADvuWN4mDXTZQABM7F92Gigqf7S5UaMSQot,1131,1177,1186,1141,false
3016,HfYHJTarHTogHieih6KKK3wr4u6AdP6u92W3PTK5nEvM,1176,1177,1186,1141,false
3016,HjHxrGxMgDKtiLs7uw621aeMBCjXvbbdS4TSHcw5KyBT,1065,1177,1186,1141,false
3016,HjuEzT3rVhCAeh533ZEtWKBPsZQYd3enQUQJrkQwUzsU,1090,1177,1186,1141,false
3016,Hk8iaGkuzCuTR2o5jauacB1dKLAzCVXQDFAVk5DYfAiw,1060,1177,1186,1141,false
3016,HmfMEbdMjz5wuCwRxZRrScQ5gapB3p8X5uAHVvzUmTVH,1001,1177,1186,1141,false
3016,HuFc8yHMuEbMHouZnP9F7pnNMnneCQqsZaAZZLcufmYo,1027,1177,1186,1141,false
3016,HvMsMGcRhXuvRVXNSshfTjxExLCuo9sGM7QdeLBy4PGb,1046,1177,1186,1141,false
3016,Hzngidyp6foytQUy797a2xaH42HDTjeHyEEFG95eaJ44,1080,1177,1186,1141,false
3016,J2LvDrxYqqdEHXo1DdYQJ2NttKYLPCNvred14P8RQRHU,1108,1177,1186,1141,false
3016,JBnrbC53gDHid8fVGiyUkBU2TU64hewCkfCPzYHA9cpT,1023,1177,1186,1141,false
3016,Aan9UwWakZMLGGFCtkn8rey5Zbw1hvydY3D25KV5eDHo,1185,1176,1000,1000,true
3016,59qaZsYzx5SvdarAySLABcvwfHsBq4if8pKMBpNnQuXu,1184,1176,1000,1000,true
3016,6yAfmYAJaSD22wf43KiRXmKKkNgKgti6BnQTPwErkegu,1183,1176,1000,1000,true
3016,2Xv1Qf114Ke3xtBQKrEQnRrFvcYquW4V9o9ihVqCq85A,1182,1176,1000,1000,true
3016,4r1Y712XSPaaKiJJbpzyyWmuxYE9rbLJvzh2mx5S3a4j,1181,1176,1186,1141,true
3016,DSxLheVZvGtUDX4tdJHPTXkiD3kDZpjqatKKWXrFtME3,1180,1176,1186,1141,true
3016,3EnFAqorkJiWZEEKfpUiLucsFd7WAnmyjsvqYqu1TUPG,1179,1176,1186,1141,true
3016,8StiJefsd1kDfwPoTJCpeW5Yrx47S7UVApEMVba9wCuv,1178,1176,1186,1141,true
3016,6dMJi85wX5RjeGW3QKCP6Xod2WwHZKmhtH1m9D5nySsj,1177,1176,1186,1141,true
3016,6m8tGLvSR1hZ21kCuUAqwFpLUbPen9Cr1uwKRS2Aw796,1176,1176,1186,1141,true
3020,AYzRLv8eLz6QKt382PrMdw23nwdkvoyk179p2fnUcsbm,1264,1000,1000,1185,true
3020,HH8ZmfaKNVoJA38hrR6hJoaJBLQJjmuFYNap74sbjnrx,1263,1000,1000,1185,true
3020,CWPx5oF5MtheWe8qMujMcGwK8vNYCD3Jv2yeFjUiiPrF,1262,1000,1000,1185,true
3020,4oiwcatmm5VEmGQqKsv2VQtzyhmsnd9UzjB8T3rNmusF,1261,1000,1000,1185,true
3020,AN3mL8NeX16pe3v8aCWPsnpdqsLK1Ru4y53TfhD8hhvv,1260,1000,1000,1185,true
3020,2coKPAwCW6p4m1oBUxBN57zTzyzGQ2717paNNcvtfXWp,1259,1000,1000,1185,true
3020,CKDYfa9L5z2WHcZ9oEmfqCzon6dTadequrpkqUgVfBB4,1258,1000,1000,1185,true
3020,7dAYAiMVpStM9NqKqDZfBJLqZoneAx6vXc6UFxzDXpSp,1257,1000,1000,1185,true
3020,9tD4nbYaXKa9Vo6bpyaMbj1cWkHpp5c7qoDcYivPTeng,1256,1000,1000,1185,true
3020,weLFXDLpCBSTEn9xuXYgKoKe9mJ1KApdNJqWCsX9EFg,1255,1000,1000,1185,true
3020,864kSRYDDB1FTUtS5YsaSS2avkPp1DhXNneggRCZVF18,1254,1000,1000,1185,true
3020,DVWyMPc21dhzhzaU4BdXpQyW1y87mkD3YdBFMmBnYNMa,1253,1000,1000,1185,true
3020,HphBh6Xcganj65rxLzbpr56SHaubWRG1zr2AtTtFBqxz,1252,1000,1000,1185,true
3020,HbnMNJV75APoBdbgd1g7FjbZWSCU6UmV9UvY9g4hQh7y,1251,1000,1000,1185,true
3020,DYMhfNznXtnaYiwqe2dQU7nMEicVrM9QV6oxSUVj6jSE,1250,1000,1000,1185,true
3020,EngYp1hYHdUvkdpC2WhcFoGBFpd9VNUtjPziiPzv5ZsB,1249,1000,1000,1185,true
3020,HnBYUrQEw628ktZCUkeG1gQtc7mG43MgHt1EhAaQkVnw,1248,1000,1000,1185,true
3020,BFUfPh78nng2DfrmNVA1knmMiJroyrwXPESjyrthAbdY,1247,1000,1000,1185,true
3020,T5ZhsmUZQsP7V3y9BRFNVRttSXEMdwqabJ5ZCSroowb,1246,1000,1000,1185,true
3020,4NQ8vn8sSChLw4PDfMVKgrJQzifzFWiLAEm1E1r54QmB,1245,1000,1000,1185,true
3020,4gFzGqJvwUJGAwVem84jBfwV8Ko2T6c6HCt4upa8SMGT,1244,1000,1000,1185,true
3020,9QwGkrozT1x8qGDYVKVMFrgeS9cJMZUQ1nr445JgrumQ,1243,1000,1000,1185,true
3020,EqJq1brEWBZmQP4xjGidMxk37GusWVVgPs85KjZWRsWk,1242,1000,1000,1185,true
3020,2YbDkb3f7yTg8XBA8Aps4ejYfgBMpoLBtkMpqdf2uNQ2,1241,1000,1000,1185,true
3020,GLWhyX8m2Lx48p6A8Hz2Pj2CJS3PJbErYfSpwvqL4VcD,1236,1000,1000,1185,true
3020,12KRGKy5UXCjWL2jVVBLt26hHi2mhQZBhwBj92VugaE,1233,1000,1000,1185,true
3020,F4Ad5boQL5Yrt5Xp9Kzd755ATzMvw57uNRiByWtnmHJt,1232,1000,1000,1185,true
3020,EGTLEihc6edWrNPy4ssfLuW9iWRxPDHsANPmCD7KGNZx,1231,1000,1000,1185,true
3020,DUnPwhDtvYkDybuEVSkCDyut5AnQmX81crh4p2AEZtxJ,1230,1000,1000,1185,true
3020,FhQxtjPsXwnats1Jw3vAQ34wpCedAxnhsenYtMP1Lr3A,1229,1000,1000,1185,true
3021,6brZbJw39gV9VK1Pk7qQBPkMFwNPQnAuehx7aCcRnr5D,1227,1000,1000,1185,true
3021,HhKju6VyvCzGiw9QuuENm28GdRxDMo9PzKhzZmm1KTo2,1226,1000,1000,1185,true
3021,4rW7MtFR7WoSZfPztRpHP5ziyCJoSLuJAKnQxL4RysG8,1224,1000,1000,1185,true
3021,HHNLAghqNrHjFVzjmsW3Fo5UQiqovfrBsepMcjqRqYex,1222,1000,1000,1185,true
3021,6BcTwh2DMV5G2Ecj2GgxgXNsM2LZaYfbK4uioRtBkzUy,1221,1000,1000,1185,true
3021,Dv7vzUYGUbBQ1bfNkq8iUUHXiL7kfLmfdUiU86EB9yVp,1218,1000,1000,1185,true
3021,if3r6gcFzmbAdhFwVDm9fb4RoscDgSacP8bcv47zhqB,1203,1000,1000,1185,true
3021,EgQPmFcpEdUBwamhvYkkBDccMQwyYA7wskTqJybb2dpw,1202,1000,1000,1185,true
3021,4dccW32bMDv4EpWFZunfJazqGDH4DzQebCWvCzFDKURz,1198,1000,1000,1185,true
3021,714cq5EhWcC95vJwDWgDyfwAkTUHiZLH5DCuSket2sbN,1197,1000,1000,1185,true
3021,AT9Mw6M1vmEgXSNxsUYdkdkrGQotJ9HT6YF3uCnvbM8C,1196,1000,1000,1185,true
3021,CEhA74vvDPtXeDxSJrSnSAQXyMpZcCjpaoRKMhwU345M,1195,1000,1000,1185,true
3021,A19tzFfnpFfmx58MKG73mF5ZLWJAwGhA1tNQDK2qAfHe,1182,1000,1000,1185,true
3021,AKMmRz5beiSZMXBehW4KrQGpKaigaXCknHqNr7defAdd,1175,1000,1000,1185,true
3021,8Kei5Uocs6khK5VxMM4eNK9aWvd84nfDNhFSJq9ksu7Z,1148,1000,1000,1185,true
3021,5WCTfGnT5GJuVijqasKy9Eu1XetuVd6i6RWGtwh2jvza,1145,1000,1000,1185,true
3021,3eESP5tKv2efJShgdMX16Apq4fvXrZvrGeKTF76ccX3V,1144,1000,1000,1185,true
3021,3CW83g9F9rLkXS6QVfEZ7svEn27uZC8CWM95ejkturav,1140,1000,1000,1185,true
3021,GbAGtncC6jTcGwcFzyNVbYvok8suXcXQAAPBVx9Re96z,1139,1000,1000,1185,true
3021,HdXFixgZb5MTboPLPvGTuPKXearjJ9A5D3yJZkfUEgfy,1137,1000,1000,1185,true
3021,GJNYDvEAFd6LwdZJE6a1cmmiZTgMwyz9iCJiHr84U7G8,1136,1000,1000,1185,true
3021,B9vG7zx59sTkmfGPTninhh2MPiJGMzY17skmmsYLwmvr,1135,1000,1000,1185,true
3021,9fiCNU3rWdBQWKofrPmxVSHLgn648NiCP44NbSdM4nXQ,1134,1000,1000,1185,true
3021,3nEkmNz6LszeX7aTfpSYq7ygCYtxpzC91548fWEpGUU3,1131,1000,1000,1185,true
3021,AxfwrsJC2TAx2qCEzanCevVsqy7JrkUJGVf4BuwFEWMB,1130,1000,1000,1185,true
3021,BZ9VXSszkVk1KMxHHqDbohnqRc9inusS4MRChemvxdKe,1129,1000,1000,1185,true
3021,Ht7zKSfUeTELJLtyZDU5oTXhQ4ffFipr1Q6hP27iKZ4Y,1123,1000,1000,1185,true
3021,6V3zKxtq6yXgAoaDYRfNgc3D8nxPup3gC4ZQGppDUvU8,1099,1000,1000,1185,true
3021,6UPAgdLTigR6mzBWPPY3o3zSRGaGgsPckfAbxEH5Gxiy,1098,1000,1000,1185,true
3021,9Rc8yBzR4gcTRVnz2QUvu64FqCudnou7AiGWTe8qTGap,1097,1000,1000,1185,true
3021,5VqJgf4Q3DLATYqXSY63gYxkMTFXkeEaDmmg4VAUmr1s,1096,1000,1000,1185,true
3021,9sRdR48rSMAGZu1VTg3w75CmojPV2vnisU5hyE54kiKc,1095,1000,1000,1185,true
3021,BbKn5fAJanFa89tjSmjCe7nNZY9Fp1KHY1niXXHtZ6aG,1092,1000,1000,1185,true
3021,CMHtt44fk7Czdn1bLxsKkCMrxkHhJxhK92h2RDRYrZ3V,1092,1000,1000,1185,true
3021,2W6c86NXmjSzeV512Ws4uUstixHyrX6C7j9oU4AMjDmc,1091,1000,1000,1185,true
3021,FQ3Mj7zw1w8TTfn7DtomKEanM3bDZg2qKZexidVinTxy,1091,1000,1000,1185,true
3021,X9gVYNKNUkzCfzWRFGFAvgVtrsMdtpMWH9L4dv6jHj7,1088,1000,1000,1185,true
3021,Hvb3M8tdicGFRDbsEGimT2Jt52NFxppe1eU6sVejvHo7,1087,1000,1000,1185,true
3021,3uvy9Lmru1eKWF4SjZccMXeChG6WmBvpRuvUyDXLnMLj,1086,1000,1000,1185,true
3021,D2PKskW36ikFpXXcU3yX7wbb8Rywn1Db15rb79wFmxZT,1085,1000,1000,1185,true
3022,BaD2jSQDr3VNeWQQWtPFz9vjpgTQGhbLufsMWkr242y,1062,1072,1000,1185,false
3022,RB3pshvmPP8EXqqD5ctRxojZusGMVDi762tRxQZrXUw,1001,1072,1000,1185,false
3022,uFWyqL8TaXimx8uh7CDhRXVHLPyU6nvHBZWoqPUJT1P,1017,1072,1000,1185,false
3022,vUv8t4imJ42uHH25teHy55fMYFwoVztd7Z8T9dERnrW,1008,1072,1000,1185,false
3022,2q8VNg7P4hgMT96QoYLikMxm6Br4mEzLbosxtvSUy9o2,1039,1072,1000,1185,false
3022,31FKWFSUTugFm1X88hx9WT5baadC7uFtPnuUpPqF4xVJ,1019,1072,1000,1185,false
3022,33Z1sDuMxzBUj9nA1PL9RLGiMbmf4nxxxKbR5AAWHHYh,1012,1072,1000,1185,false
3022,3Cek5bAzG8NWPf4LHoLAWL58sN62hU1K73FMfGXyYDyT,1032,1072,1000,1185,false
3022,3Hqs62bkvpFEd95RaU5QLP61736NaYhodJg2gnSgg2xR,1040,1072,1000,1185,false
3022,3ZDpDchNNmRY8F1yH69gz9FXUYGkLk99F9ux8RAXaAzp,1050,1072,1000,1185,false
3022,3wrX6Yk49UpGnq95itwHhiC8jwXVAjW6djHKw7ysLSYQ,1004,1072,1000,1185,false
3022,3xoJmLdwoehn2ND38D6F8ic2JnM1mQKfbe4oNGxVWTSE,1051,1072,1000,1185,false
3022,4PHFzfRjwJMZpGttaVEwSay1jEW92vjVLc8BGnBsxXJu,1049,1072,1000,1185,false
3022,4rJzW8SXreRAMnBjcbUxTWsr8mUkz2LgNFaEA9moFa8o,1000,1072,1000,1185,false
3022,51o6gR1NKAuJv56iBDYkfuoTDh8YHbeWw5dAYe7D9c3Y,1064,1072,1000,1185,false
3022,5KdpVjGCgMaqXPFCyBQHZpBN6s7CXoNPD9FxqpgCcn6A,1002,1072,1000,1185,false
3022,5tNgLHQeh4n79jv5NpDP8GWBkRAv7NhC8aNciMKaXj7i,1045,1072,1000,1185,false
3022,5th2uE6NNQcTufUrov4vUadrsPTtqeMyNwpMjpBh5csT,1033,1072,1000,1185,false
3022,64CZnwNK1c1EGj5ZENDC4BmZ9yxpUNxSJmQ4jdosRKHH,1059,1072,1000,1185,false
3022,6NLJoHCkWYpjUdEWv9GoQV6L52HkWFgUiMPh1sN87eLj,1009,1072,1000,1185,false
3022,6YfR5GhxqqZPipJvKPcjMaEB7YuHXTaVrDAGYgFgtqga,1069,1072,1000,1185,false
3022,8NKfPmhXtBDJNpuuMrGaZXvyaWqbcPMECvFXwTkPyRkA,1010,1072,1000,1185,false
3022,8XEP92fiC98MTMPpnCPkiQ8qa2UH1QY4Gc4y22y1yft1,1015,1072,1000,1185,false
3022,98rEctfpKSDxVrhX4CKkuX7st5CCjrpFHyLtUBPXERnn,1057,1072,1000,1185,false
3022,9FBx1MWdH3mAf4EiFpqi1gnbgjdS8Rb7UT1mzGnaSyRQ,1041,1072,1000,1185,false
3022,9FnLUa3fHuEZcaGkbDHhtGirxQjG73BekxNEiuKzQAb2,1056,1072,1000,1185,false
3022,A52B1XzsCeFxY299BchMZn6VDMRF8CXxQXPxXhvHzwos,1046,1072,1000,1185,false
3022,A8fjBSK3LajxjqyXEwGEJZnXkyK6XL7NDqh26rAPiWyB,1060,1072,1000,1185,false
3022,ALPU2t4mkANQf6D3SeLwsPy8kCh5VzH3aZjSpAw9LuV9,1048,1072,1000,1185,false
3022,AWmJXS9QTyxhwRtVodKdxeC1maeNMq6QkSVXMaztipcJ,1031,1072,1000,1185,false
3022,B3cUKWkLJD7UH7mpD9UHMBjQrt2wb5kTAiWeTXBBLQLH,1058,1072,1000,1185,false
3022,BhLUUYEaJr3B4ayu6dQeS24PhGuyeJbDmPfrhw6JhP3R,1065,1072,1000,1185,false
3022,CZ4LAGLuX9wzYrJMdg1HXbKd8ic23Sf6pqcxv9g9JZp2,1011,1072,1000,1185,false
3022,Ce1uG2GGakDWkTRdeCXzyJLADcZYeDcWVik6ov4tqUmT,1035,1072,1000,1185,false
3022,D69G7wKPaJBsiBWbXYqmskc1atjLUBCe8YQg8Gt7eQFU,1020,1072,1000,1185,false
3022,Dpmpq3gjPRuRTmdA7mbkZYqQ6iy15mkzUFmHH1hC7BFe,1006,1072,1000,1185,false
3022,DvmwckbFfsDmU9xHYjZGrwCcqF755zXXfDX7BVQBw6Jo,1067,1072,1000,1185,false
3022,EBFRjbPRfcStUyTwqhgf2Yc4DDerrk8V8baUMH9iAzCM,1030,1072,1000,1185,false
3022,EZqh6zyyE1VqCERfnyvmaKxAxPdhCkU9fTMcBgZdVDtq,1021,1072,1000,1185,false
3022,EvsNWEsPcZX69AGSYLHpbsvw3ohXjYbdWA246fR2HpPG,1014,1072,1000,1185,false
3022,FQmovk1xmxR6WRQEJMYpZfwYYciLJ9UiaqntVJ25ANsT,1052,1072,1000,1185,false
3022,FWtwnoHhriM75SWdaQEhg2PmVwnHaMSFKBVCMmuWZW4L,1007,1072,1000,1185,false
3022,GKc7bWGQCSZn1TpFANwcwPRsQEcBeMCbDhhovbsFsYyZ,1061,1072,1000,1185,false
3022,GmzikRGv1i7gjUBkUX9e8ZFvkGDkWnAdgCWEzH4973dT,1005,1072,1000,1185,false
3022,H1mGTMs2mjDshGAYcNsCe5TDEwSYeot47z73YHC1iFgR,1053,1072,1000,1185,false
3022,HH1Ph6THVBhxsWooAX8j2WPGARrJWHvwdNgyQ5HNfZ9k,1018,1072,1000,1185,false
3022,Hth334uuMqnA2q8zKBdQf7Ebc5wn1yNoZ1X1VzUBJEsK,1034,1072,1000,1185,false
3022,HwZntmaQwzr2e8HpRSnF48h3Mig4wH5rNdd8HTP2c2pV,1042,1072,1000,1185,false
3022,iJj3S6koegCQ7ejMbqzEG1Gq6BvMJDQrYLAdX95bBwp,1000,1055,1000,1185,false
3022,26g7cfBxfLAgH3sWRRRxWRmNZAE9GgTFFXQFrDWwwc9o,1001,1055,1000,1185,false
3022,2GRJQpBFzszzS34y1DmKZLXLUr3Y5BA2NxYnjBeKsc22,1026,1055,1000,1185,false
3022,2Jhq69tYuFAypv3D8H5tJmYGXMKoAUt7FtcADm8KfpqL,1004,1055,1000,1185,false
3022,2KZ5NTynSGFuZuKEpJ2uEWSysmY8PZw2dAXK9r8oRM3d,1043,1055,1000,1185,false
3022,2RATxoCgqsAf9FF2tyXxt4FqYLnQPF1uAK9kwT25MeAH,1035,1055,1000,1185,false
3022,2YH5urBGPe4JkPRYYSg8g84ob4JwAQHRAmYR9QE1V6bi,1030,1055,1000,1185,false
3022,35HKptd6QwWBPLe7D8LGsL3aapHzHvD25kqFbcLpYSjR,1034,1055,1000,1185,false
3022,4PHVJdJyYva8y9EdN1tCQyVP9MyJ3ffs8Yd3ueCJGz3a,1015,1055,1000,1185,false
3022,4gco3MgkMgug8vuPuMHoMUZnARYSJoCS56TDFRczAh6G,1038,1055,1000,1185,false
3022,4zq9wbrBYysKXWzTg25FuLZotCfQqhqAQRMMVRCNxLrJ,1020,1055,1000,1185,false
3022,52vDJkPHGWab48NugCyjdEPkE5U7b5zZPxj5tQ2zhnEn,1039,1055,1000,1185,false
3022,5CNLSFndYj7wfcoHc2vjaTHbtCD2MgF2vRScQe8H5exC,1013,1055,1000,1185,false
3022,5L6TR2sgUqevXKwb6NbuXonxo2MtBLX5JmN9WGhZxyLi,1016,1055,1000,1185,false
3022,5UcEw24kw9jvgiWrN5KJuzSuneKJ4Gsvh1QgN5E2zPEw,1014,1055,1000,1185,false
3022,5zXAe9nkCcDBhTt2taTXqG1sHQNHWzKJRCxPDuVvcXe8,1023,1055,1000,1185,false
3022,6L6R3oMNFjtk26jNtSPGRvQKT3YT5SfJTcusxMy766Ef,1021,1055,1000,1185,false
3022,6QARdvmCfFrWy3ZkpXMZ7JbbZsYxqrPprnzwGmwWnWYK,1027,1055,1000,1185,false
3022,6bJZQAAgEGkkCFyndjz7U5rUZaNwMu5e9sASGcnKGg5r,1022,1055,1000,1185,false
3022,6cK5s2kkqpEzKrJASzpA5LX8gKVQX73ycCENYTehAsVx,1022,1055,1000,1185,false
3022,6hiQtXL6CKbsaYhsqNwtqbVKmbDCYYmZfuLmAHcrAd5V,1018,1055,1000,1185,false
3022,7UvYwMdYXEfF9rHotuEu21EjJWn1sMuFAj61XTarXbVc,1008,1055,1000,1185,false
3022,7qtnx43shpz98tNvjRkgivnY2Lhk3PbeXYPr5jJ3GXCn,1012,1055,1000,1185,false
3022,7vmcc6rjgLxXZScPQUUZgbBZVCzWTxwb6ZKBsfSigECq,1003,1055,1000,1185,false
3022,8KUbvrq9uLB444ZWQt2YXufYobGHyWNwWnGDTnb2cgJw,1017,1055,1000,1185,false
3022,98HEvxwup1Qn3wYk9sryogEUCy9mWE5ux4xx6dYvjYPU,1032,1055,1000,1185,false
3022,9MwF1ThApu6MWNGNPemxSgY1RdeF1D86C2ZjC1u6iCwM,1007,1055,1000,1185,false
3022,9kp4HCDrcfJkhsKiuwLj1ERSYYgDbCQXai2m12MoPbLh,1029,1055,1000,1185,false
3022,9nf3C4JNpc8XRjJXEUgQVP1EzRFKViCUGtAj4d4aca1a,1031,1055,1000,1185,false
3022,B8WSDfUtW9CdeCJz9uUzDh2yAnfvDuy3dpJMtJ8MhKY8,1036,1055,1000,1185,false
3022,BF1z6FDi3W7UpbTVQQpN1P48v7uR5g6inCCqYSUhg3ZH,1033,1055,1000,1185,false
3022,CNKVXP9vs6Vu7Epwer2zoSQNEJXFqtde7Z67589M2U9k,1017,1055,1000,1185,false
3022,CPGVjQ3eecmsmP36iUACozyqC54S6EPJD1CJzNbTYTKm,1006,1055,1000,1185,false
3022,CaaBGgAcqtP5WmZwrCsNs46rU4yALT5gSUha6hpcHt52,1038,1055,1000,1185,false
3022,CpSscp9FHoci1M2CtsWP5duvxDd4ajvm4vKXZz3vcxWp,1019,1055,1000,1185,false
3022,CpWoAFUjHhUDSnB9piHtZtxovvPMkCKMLJdNMdwh3DXe,1041,1055,1000,1185,false
3022,CvoQE379191SK8Q5j9EVgfCnRJMQtxzxaM4XaESQ7FHX,1009,1055,1000,1185,false
3022,D2XgrxaeF5cjXndfET7sGAjbQEiJzmAbNewrYG6Sm7c2,1013,1055,1000,1185,false
3022,D479HEujisAHEtF4V83tfAUiGUa5x8dzBqe5Vh58WLtR,1033,1055,1000,1185,false
3022,DN3WDfzQAkABczaAFEwXgvCVPgYv2QnXU35L1U9B1ed4,1029,1055,1000,1185,false
3022,DwPAjFVtbQkCKEH8VqVeCYckgUnmMz5pJxTu7g31nQzL,1036,1055,1000,1185,false
3022,ECtgXcZNffWQLYSPkzCybVh3k7C1UkN7Q7yBLsXQDGNM,1026,1055,1000,1185,false
3022,EWabtFQkHXJS4zKJ1xs6xmkpxAtikUjEnvmQ7gqYPeUF,1028,1055,1000,1185,false
3022,EcqrCNjTFYoiMqSpS21pMvtWMHGK6EyVkMPEshiTup9w,1025,1055,1000,1185,false
3022,EpBdPVPbLrmkoTMasUoxNRHH5G5npVrxUiUD48MeT1JE,1010,1055,1000,1185,false
3022,ErcNARvent83miX3Pjj1QV2zA2eRoFA4ip9WQjhoZg3M,1047,1055,1000,1185,false
3022,FVjhkc98cTe16vyf252K1h54iEJVfzPbtMz3BCrabBLX,1044,1055,1000,1185,false
3022,FYfkq2dU3MfF6KTaL9NS3JHB1AZYRAaVoQFkCFFtVsdM,1011,1055,1000,1185,false
3022,FfMZGp3jxA9tWL6KRMtZ57JuwkTNRjfzUN52WCoE3pHX,1024,1055,1000,1185,false
3022,G79d84cbCqWBHwzx2Z5VEwjnmLVjpqHP8AUAV7z1bxPf,1005,1055,1000,1185,false
3022,GGqVQQnQoqmHWjNmzCJkzLnwboeznWoBkWWPphgQuEB5,1037,1055,1000,1185,false
3022,GdGyBoBhQorFPmkGbqAyqLJ4VpWM7EhfsdzdQkMRvyqr,1037,1055,1000,1185,false
3022,GnyGQCGTxhM9XaXQri1UZKnPncrnMmZqYsJ7qKB4rcUB,1002,1055,1000,1185,false
3022,GvynTXXBgFgQGPJL6Nqb16cDvfpSk3LU8oNhxfds2PZn,1003,1055,1000,1185,false
3022,H6nfETXy46ANSURMG8bxmWhWeB6FZNAcbRHkjp7dWtYa,1018,1055,1000,1185,false
3022,HFmCu7e783Kq2RkZSt1QwmtsUwacfoj9z4M2EaqNtbxK,1016,1055,1000,1185,false
3022,HYTprFHGEf9TiazW71ZuaLFX9P5M4jgowsyCdw9d5A4E,1027,1055,1000,1185,false
3022,HztMkVMDcEftBVUNantXDXEgGmNGptJu8DkGsckTNDwF,1027,1055,1000,1185,false
3022,J5wRZALs5JncdoJGTJjwfYRguw9NgU4Qrirfye1fK8cp,1023,1055,1000,1185,false
3022,93ogeuYydkMhfe7AEDdQVu574jtQqMDyfcukoUQC3HDK,1084,1054,1000,1185,true
3022,DG3zGqHi3FzB3Lyhs4uYsKALwnseEDFX4TdJu8XW3s4,1082,1054,1000,1185,true
3022,FxPTtQpgE9Ggs3jHm1AP9up5ApAju9ZQZ3h85yEC5xtR,1081,1054,1000,1185,true
3022,2R7QhS8EZSyahKws7cCuVaYKdaziX3uwVvSzUhrEdfea,1080,1054,1000,1185,true
3022,5zScCDtjwTEondh3ZVxZ13KkuLHdjYR4QKWx8Rcagj5S,1079,1054,1000,1185,true
3022,EBNp6kuYQFusYF67bJFTEPaAfZX2dvLwhxaKffo1sJ7Z,1078,1054,1000,1185,true
3022,FKbmfj83HT9zAFCS323zNb5GmwcGwCeGfwm7iVa9LfPi,1077,1054,1000,1185,true
3022,8jtYQzESZQKdn9L8WrUG819eFFEj6kUusUD9TTTN3dU,1076,1054,1000,1185,true
3022,DTarahvPr2xZ82QkoTsXQRc8JPUwUuoSM8R9bgkgFgRj,1075,1054,1000,1185,true
3022,AQSqNe1fhi6bGH8NXKYeMAhAahzL3kSwUHicKR39wqMp,1071,1054,1000,1185,true
3022,3tZifiDvo1K5C5fPDNhoDYSg2S8XeQcE5Yo959unLJ31,1070,1054,1000,1185,true
3022,8XamD4HWtv9Z3E71LGtoveK99MQcp8Lr76CEmNUWh7nh,1069,1054,1000,1185,true
3022,4DFzZciA9BkUqZ7wk731eAwBsFUe9sKYqEN7vzksGiLH,1068,1054,1000,1185,true
3022,GB2orUZ13igAN6BMaZfpq3vjKZQxtCtPPFbPmMYfKzms,1068,1054,1000,1185,true
3022,DTrwx5rrzjMWYuy1UEEfM4FAY2Fhhojenn3ZkpjrkrmC,1066,1054,1000,1185,true
3022,2NdnSvYptzh4UMVXbDhuqsSrnnXtqmKVihW97YNNjQkL,1064,1054,1000,1185,true
3022,3VWConQ9KjYFjEqRB5hB8cNx4iEQ8cgPBs9n8xbLXRGt,1063,1054,1000,1185,true
3022,FrcD8eHw7xRBHxZD74VSDgm9Eu6swz386uB6vAePzjQi,1062,1054,1000,1185,true
3022,H5qx1CK1zCReHjvZaCrsKSvbYDbgBDq8nz3f93mSfW8N,1056,1054,1000,1185,true
3022,HYPvojRwqrEqN6P1ULqUyCDr1nMg7KsfjggicG9S96sj,1054,1054,1000,1185,true
3023,Fiak1s4ZiRfc3ocvwKksvCQGRmcjYCLRWF4BwauEHeW9,1299,1000,1054,1092,true
3023,A9vVuqPCKEGrXAB1fPnQTLt3KsnGUhMGNvvHeBhqXXJq,1291,1000,1054,1092,true
3023,BbDmwxciemVLVrfr9rYwcDh8MJxUTPphFAsuLwTkaxRt,1284,1000,1054,1092,true
3023,DPa6U6EFJMwvR2bwHfF1X7JhZxUuVYxnjs5JrdtQ9a73,1283,1000,1054,1092,true
3023,FefsAxvtZJYyszaSeA5KPtZFApQ1PWswnf56pcs69QLX,1267,1000,1054,1092,true
3023,BXDeTiiPEjenE5RrkrcaVPCY66RF8PCnxiADdjcRipyV,1240,1000,1054,1092,true
3023,3m77Vnh4KU6ik6oWZazKVa8mzEs8eNcDxVeRpML8EPto,1239,1000,1054,1092,true
3023,Gq4S1FyLdcxqMdhcktyBp13PGZudse2CFBPWPEwBgo1A,1238,1000,1054,1092,true
3023,8xzCYtb4pnqLasmppfZEiT49z2ZsfTZeNbiwSQKabXuQ,1237,1000,1054,1092,true
3023,HXq2ByNQFCV8ShsakB3Zo6Q74qvZVQPSkPbNMFY1pQ36,1235,1000,1054,1092,true
3023,EvsHqFEHGgXrv2YgVi4N6deYKvG5bh7r8zpMydH2ZUGW,1234,1000,1054,1092,true
3023,38WWv9PqHjd1QCf9Y59wMM8hmV7VkotMjTmZiFUkPJVf,1228,1000,1054,1092,true
3023,9wpCoBLgV1SCrjRVUa8nWKJiyowrNB1nnbDaTnWEFggK,1223,1000,1054,1092,true
3023,8FZcxBQXM8aPKQ12CrpQq4L5AEssFwZa3UthX1JzuWSQ,1220,1000,1054,1092,true
3023,ANzH3TLMinGMkjktqHRmsC9KvdH13VytyDa7fDVSN6AJ,1219,1000,1054,1092,true
3023,E3EbhADo5WuD5k2ZLwPQ36qdCMhzx9hiz2LR3Lxvm6mN,1217,1000,1054,1092,true
3023,AjX6SrRXc6iLuHcMEQPAxEQAvNYkweQrMcRwrEuByCtX,1216,1000,1054,1092,true
3023,3qrhtDsRfXqGohnBpAU5MU5otorNq1YWNbm2m3wjfiSE,1215,1000,1054,1092,true
3023,7B1Atipcgz4x3EJKztSwCYNenfGEHmSG3NFN9hRreJvv,1214,1000,1054,1092,true
3023,DNxQYxiiziNhWrX7qZm69HVY22SyuFzvAKC9f2bcEGzc,1213,1000,1054,1092,true
3024,7LgLJZwDMRa9psdYmiAoHMdGXnnepGGHedSiTjg4C6Ny,1212,1000,1000,1092,true
3024,H4iKksLSFTejLz4YYCBQA8cR6y4mbGn4yfcuXi74wC8a,1211,1000,1000,1092,true
3024,7CttMizxn8gNqaLpQSACCRBXfdCf23sJ6s2ziMfyjQ1C,1210,1000,1000,1092,true
3024,2sMQardtMTvR6Y4R2PUEX9V5utqqkEukZPt2UtALA29D,1209,1000,1000,1092,true
3024,EjkAFdmewseUWwgzZS8FY7azoP5Stu7nEVVb5ywHYeTf,1208,1000,1000,1092,true
3024,HfPKdgNW7pLNaWjfu5ps6ewU3M1TF7GY3PedQmgHN97T,1207,1000,1000,1092,true
3024,6FdcncyMi1WFJBqTofz5yP9XhTrxcZZvtGq3jFc9aiuA,1206,1000,1000,1092,true
3024,FR2k3bUJmjoPriSDyJ94vwnFNaAgyW9oCfExEBmUCz5j,1205,1000,1000,1092,true
3024,2uZiVAKHTcdjb1MzziRNDe55raFEqAMHftSfgLLqE4FH,1204,1000,1000,1092,true
3024,Dnr33B3qfPcimETRqM6gsHocRzc5fQf5qsyCGuHysjqU,1201,1000,1000,1092,true
3024,9d2qyoVy7Pc9jfe7RccemW1DCDNiAnFjTXgkYhBGWdhd,1200,1000,1000,1092,true
3024,JbtjJNp1fHSYqcbm16e2zPimMBEyQRvoUyP4dPJDWbk,1199,1000,1000,1092,true
3024,GxLzxiPYptcuFRASqxWjcp5NYuYZ7WAp4kUrYD42v8gL,1194,1000,1000,1092,true
3024,J4UX2S4qD4W96SWB24dsB9zp9qsYfXBXQP4nxqA9AajM,1193,1000,1000,1092,true
3024,3ppk75n9XNGA88bvDt87uRzxvE8U9Y45Bz3K2xCiEvpu,1192,1000,1000,1092,true
3024,5mmprP416B26FvGH5j9RmK7GiXQB2x1vZppWJsE76FqD,1191,1000,1000,1092,true
3024,HFACnVdwRLP8j5XQdE2sXxRbfMHw95HPNt4scSC6jdzQ,1190,1000,1000,1092,true
3024,GCHXLEWF88MBPY2LrdGnGzCMgFpywtgqkj9H5Qto773w,1189,1000,1000,1092,true
3024,EndAKo4CxvPQBM8TbJtC55AbbDzmdrtGks4A7sx5fKr9,1188,1000,1000,1092,true
3024,4NiXyi2papwqhg6MWaeCtqfE3SVTmngowhWd1Mm7pWbS,1187,1000,1000,1092,true
3024,3d1WLC9pbems5Hq9q7hvwy79Gq13V65LwDg8XVFpyXzu,1186,1000,1000,1092,true
3024,5khoUDwfx7jwpH5DqjCtMcFVri2gi7WRjaL5fkyDygga,1185,1000,1000,1092,true
3024,BR52C4XkwUK3FfAj9zbKn8mT5hNm8V31tqMboo211zQL,1184,1000,1000,1092,true
3024,ApTr2sWJVNw464BoPqmCAn7ndPunxVr1LAWCHZsCAJMW,1183,1000,1000,1092,true
3024,okwowUXxhhtFCYzNrJTd6ttMUdoVRnjxGPuyCM78aMY,1181,1000,1000,1092,true
3024,3pyP7xnEZn8bLtNGRwGvAoouwWXxf1E8B3VMPRvLNvAj,1180,1000,1000,1092,true
3024,EUYVBvjKJvhJysAoyUKo4ANXXKPMCCkndtkLRdLdU3BY,1179,1000,1000,1092,true
3024,8vUmKnng7tCXgHh8aQ3pphSJDoqQaKe48c1ZhrgqBmvv,1178,1000,1000,1092,true
3024,BaRbs3rYG9WJetvaPZe4Eaag7LKqxjojyuAY45wRWbdz,1177,1000,1000,1092,true
3024,HR43n6vcrvpdoTE2TGQXtPeDBvpEEmV3QufQhGoiWxex,1176,1000,1000,1092,true
3024,C1KkxeHQDgbPSFBQyEynaNKqJke9cQEh9FcdA8hoAAD1,1174,1000,1000,1092,true
3024,EwexmyoGTqrduXkMBCA7jhzR8oEGMM7zJviqbzcmWtAC,1173,1000,1000,1092,true
3024,AisTFGtu2zo35zsnbouDbTGERgPppxjNL5fEQEkQY5R4,1172,1000,1000,1092,true
3024,9NJ1hjffMojfZQ2v3LiHo5VmjuyBUecCCupTSMQwqVDv,1171,1000,1000,1092,true
3024,DeoYZZKxYxE2EQZcdE8w2qnkMEpF3PGmXSMHceaU1wBJ,1170,1000,1000,1092,true
3024,7yu4C3RPKRf4gQLNQc7PLyWc1NhHh1WjJUUwV691dY8Z,1169,1000,1000,1092,true
3024,GAWQQXSGMMShSpMMV8VbvmEmQSFiao211tAX8LrGJ5Gz,1168,1000,1000,1092,true
3024,9hjQP25nLS6mST6qip7gkwz4u6t38sjhL2RoNm5WgNbs,1167,1000,1000,1092,true
3024,3wsPbyHMUJxQv798ywNqGjgVsd4c8thBFe7MiLU5sEG9,1166,1000,1000,1092,true
3024,8VRp8cMt7KaN49RtiRqXwMquiY8YoSZqevfrxfPt3Rhq,1165,1000,1000,1092,true
3025,J91EN9UgXYTmWdRhAmmDntJk28j2hSQzMziyDHsgF1K,1164,1000,1000,1046,true
3025,8WQ8mWnYf8oULy4AJr59r4zoScPqCdRBaFKUjYeGobuD,1163,1000,1000,1046,true
3025,GA2sR5uhY2YXDgdYTrbiqMP1KE4yjFvipNDiniHLgZdW,1162,1000,1000,1046,true
3025,84NBcAAtdzCyNaBW1VprHFMTpkAcKnJ46Qjopkp3qRug,1161,1000,1000,1046,true
3025,H43oi3yo84Ui6gzkwHPJ23Z3yKNWK5i4eZa9bZeFLJ8P,1160,1000,1000,1046,true
3025,fAcKvrjuKDFxJ8t1WcqFnAubjNRPgemBb9hNe8FXRqt,1159,1000,1000,1046,true
3025,HBsbf5Prz2B38e6cK9uoFAqTWjzuK3QNMT8HVEp3vbJh,1158,1000,1000,1046,true
3025,C9GZ67FdPAKum9GYY68JtLonyKAmdeZ5Qohoe3J7AvZ7,1157,1000,1000,1046,true
3025,53JzVkwUYS5HEFLzZZjUh9t4cNnxT79BkrQzsRwtLgfq,1156,1000,1000,1046,true
3025,CvmpX6yWHFfSawesjbg9AteKrd9wyaJ1qP1u9pCh4ooW,1155,1000,1000,1046,true
3025,D3Wip2Nt16fnB3KDjjV3cRVEMAKSNAd47u94CwQZUoi8,1154,1000,1000,1046,true
3025,6RG9YSc81eDo9tX81CM1ZuvC7AexS2wBY2kJin3H5YDV,1153,1000,1000,1046,true
3025,5wSymgj8ZBG4HQnGRszty75pumXazz7LdGjgaW4fe4GD,1152,1000,1000,1046,true
3025,GoQBRCfsN8Ky3rD4SJ54J93LQdvtzpNy4GZJBZ7AHixX,1151,1000,1000,1046,true
3025,2ootCexUK9uXWBiZBpo2eNvu8heVhuZtSazuK1xh95XF,1150,1000,1000,1046,true
3025,2h751yxGzxNY6ByXnDM2TLCRaH1rEGj4nmzfB6GfDqfy,1149,1000,1000,1046,true
3025,598FGnqQK9kg1Xpu47tu3a6kzrcFqWoHkBHbw53EEvsZ,1148,1000,1000,1046,true
3025,4fJtJJt5BeVzHjajUvgvzzfAn8achX4RHgqFy4Qwosot,1147,1000,1000,1046,true
3025,BUBHyL3RbeVdk8ntctf3Ym4GanBFZGqo72YdQhUaJFC5,1146,1000,1000,1046,true
3025,zKz8W3XPr8KPycL1Sz2yWQRNdnKAdh2UB6sfeSWN8Vs,1145,1000,1000,1046,true
3025,EQjh5MzKXDFQSfp8aEJpY6p9QjhmvJbCiXkmLLXdFhZe,1144,1000,1000,1046,true
3025,CbiY3cAeYLJ9L6W2zGSEDr2nTMnC1iVphxUgTxeh2knL,1143,1000,1000,1046,true
3025,5A19FK2ShL7Jr5Atib8vuFqmGcwJyZp9udfMDcMwVxLN,1142,1000,1000,1046,true
3025,7DtAy7k2fK3KSTab2LoiFuQt8W3b9R22xYrWxha9TVBL,1141,1000,1000,1046,true
3025,HhtBwrjXNBpoxKKnZUwqRwUqbmrLzickF4u5VQ4kZAvA,1140,1000,1000,1046,true
3025,BvmpPUYRn23qkxcgjdAyEowaYZQ1UrMqNsVXYmwpiAoU,1139,1000,1000,1046,true
3025,8rZcHT7GZLSqrrwA9daB3byxKok9qt6ZRNyMsUTr5wf8,1138,1000,1000,1046,true
3025,EbTJN6Q5WCR2x2pvSmHU3ZLyWodg3U4EdCUwduR858hc,1137,1000,1000,1046,true
3025,6hNuqLevhJSf3EhnuHV28nc7n99zBXeHZujqr5TWWeox,1136,1000,1000,1046,true
3025,H8mLefVwndbdh4q5mm1gxEhuuwTvDSGqEbA7JNzEdMax,1135,1000,1000,1046,true
3025,7Fw9QLPAuC2hgp2MhjPcY2U7etL9b3MiF6r9QzxRmydM,1134,1000,1000,1046,true
3025,GGv5KotmnMAmdiZdNFQpf58ix8bKap93uBgNMLVKJWxR,1133,1000,1000,1046,true
3025,BnRUGMtMxdfLM6o4VnmXg7u88XhcXmcCGVGgm7WxVyeY,1132,1000,1000,1046,true
3025,EtHPcYbxfmFaGgSZpBQyr9xUUwVKe2m9zKgPMAbeY38f,1131,1000,1000,1046,true
3025,52aTmwWPnuPv1ZGYbrJYScvCyJuTm8jth3patKVWU3VE,1130,1000,1000,1046,true
3025,8QaS7kxejujq9xkbZELWaByNTaN7fgXRSycEYSq2z8pb,1129,1000,1000,1046,true
3025,4q2KLnNxQQYdpmrSpLfoJ3bk8nPBk6aV4YDrNGd2XLUC,1128,1000,1000,1046,true
3025,2A4u3zbGHurZMhrP14Fc34xjmn2oMUNxjw2XZqXLp7RT,1127,1000,1000,1046,true
3025,9iX5Bp5Qo11aH2tPzKrAbojj7qa8ayjqzoPjtyMpbGJk,1126,1000,1000,1046,true
3025,HqQmHQppb78VR5StXDZqAApAQHeMNGHYL22iHCMkqQDj,1125,1000,1000,1046,true
3026,D3g4XKocybiNeyFJKUNLsDJnXBfjXYZMD7k2fUYyvcF,1026,1115,1000,1046,false
3026,JokCpjhrpGuSAKZiMBGgoGHzF5a4GWDGkKz1sFzJdzU,1098,1115,1000,1046,false
3026,LRDVi2DT1TXPmiXcjHyunsaW4JCJRYmPHkeFpvKV9d3,1024,1115,1000,1046,false
3026,Nn4xF1ieEkRahWYenUedTauu5s3qX7ZcJ3oV7HU1rVW,1104,1115,1000,1046,false
3026,TV4iEMXeRs29gm5Q3PBWjg2zdfNjYyvpwajtqjiEsG8,1048,1115,1000,1046,false
3026,XyqDQwHvbVRs7JKoEnxuDCCHxRfa2jTxCp8pJhdkpLp,1028,1115,1000,1046,false
3026,cZESWvYA1EwDCXu4qhHD94uWX1gFd9eM7RUViLn7fsR,1058,1115,1000,1046,false
3026,sY9bHYsdCjNx4iUdrkYi5LFacwhKh1upQdCRPp2i81j,1089,1115,1000,1046,false
3026,w5mfbenzgvVFLkDhEytUrZpumZsMbYWkXgShHx8zFje,1100,1115,1000,1046,false
3026,26ojDJUsC36jBNeotzG89Gr6cp5QMdoochBDsJTGgVFc,1033,1115,1000,1046,false
3026,2hnasJn4bRw58FkjwPYtCy2X38nETWnoW8CHo3dFKFpC,1046,1115,1000,1046,false
3026,2x672EGKi42Xceoy94CMU6A4QQbnPcr2pN9wmE6gSFC7,1021,1115,1000,1046,false
3026,38Sy71Xug8AhWefX8neroYbmhvZo5d9qxDkjnnaEo22C,1097,1115,1000,1046,false
3026,3M6MUvuVpSXvh3ad5Pqig8iAbyVQGHtiREarexXZS7Wk,1047,1115,1000,1046,false
3026,3Mv2BagEkqpTh4vymfSk3kxfD1J1JGKps9itVYBzRy2M,1002,1115,1000,1046,false
3026,3VPS9y7Py31x6dkvBETsL1kEpPBEYXQEQnN9evcajb62,1064,1115,1000,1046,false
3026,3cWPacL8otCXPNAHV1Y1NTqti5NNBCz8ddbnpv6XENmw,1072,1115,1000,1046,false
3026,4DmQvgyp2qgRwfiwxZxTcWdpiSBLe1QSoVZGy8RbVnDC,1055,1115,1000,1046,false
3026,4oLuLP45Gv4sUu7LkUBGfRm9LdARUJaHh3zmGjUYpL4w,1030,1115,1000,1046,false
3026,4sUh5ovcdzhLi1j1y4eef6pNNWzp4SxX8QWQ9sBoSENr,1043,1115,1000,1046,false
3026,57i7GpnCSbvwwmQX2oN9jt6mdo1C9HwwdG6Eijy9NyNG,1067,1115,1000,1046,false
3026,6YFVYF1EebGTxRA3jHFJF8fiZdGUfNbCfdeUSiRrj7xH,1029,1115,1000,1046,false
3026,6xTxpizkXSQPQMAkHypfRrA7P5uNzDeJxU9wg2B3xN7y,1012,1115,1000,1046,false
3026,7AeYLT9AVA2Wm1RqHu6Pm2qUdVVccq1T2dkkPi4ByNDN,1030,1115,1000,1046,false
3026,7VdH2Qb6yd8LauUgZDXMRPUzHDDsMwn3UxPfeCUb831C,1010,1115,1000,1046,false
3026,7WGBdJaeG53cdjyJMLtJLubfmKVog3GZmPaczMJhwc9Y,1022,1115,1000,1046,false
3026,7WPoJf7z2tV12rYN1MGZXFQDc7EUMqCYV5S4tEza7gbs,1004,1115,1000,1046,false
3026,7miXxKpUeQuVfNPsnrCqXfXkiyyMhVXpCroiecGfZU49,1103,1115,1000,1046,false
3026,8159UyCsMGyXWK6gMzNfMa1FCHi6vqn4JqK66Ubqu9TX,1027,1115,1000,1046,false
3026,8TKMS5HzqYWKs2DnWJHn9vxAZzJqycW5pZ6F8KRyCsrK,1042,1115,1000,1046,false
3026,8Uv8p4vU3rwPqAH2ULaQWe6c7GLg5HEMzmF1xhm6c8JK,1019,1115,1000,1046,false
3026,8eQHPqmL4iBcKQWMYjuZuL7E57ao2q1REjJchj8kWdej,1007,1115,1000,1046,false
3026,8gswuz4tnWo3VH7XmSxqZEyQk1Q9dCPeyxHHXBy24D9F,1108,1115,1000,1046,false
3026,94FJ872etywEMs8EdbYjetDDMQv1KBLWFmqkBDDkwpSK,1101,1115,1000,1046,false
3026,99a6wr2jKnM5Fvv2oh7a8MMXrPWoeb5pZmUrGomCv3of,1016,1115,1000,1046,false
3026,9KQkb6vBncPBaogvmLeX9s6fcvU9rLn5CWcpBi95s3Wd,1113,1115,1000,1046,false
3026,9MhBK4TCPnsfkMaxG6RnnEY29qmHCyKHF3gbmLYjs1Q2,1039,1115,1000,1046,false
3026,9Qqu9RMGcMyGk8668D6ejtpSNiVahDR1H5HFbWtYjnqF,1036,1115,1000,1046,false
3026,9VHJNSCfgUww1FJKmmCKkweJKEqqx9jPVkp76yYMgE49,1065,1115,1000,1046,false
3026,9faz57Px9atNVJmsJydtuFFFDRn2MhpHig8ABKTeEDSk,1011,1115,1000,1046,false
3026,9qxy96u8QV6Rjnkc24vYMG4mmyUey2Pmkmepd6tKN53o,1003,1115,1000,1046,false
3026,9xw4amSRuDfZFJN7MamFMr4fNsjN3fWP38TrWnzfKKPE,1096,1115,1000,1046,false
3026,ACsCyz67XLYeJvoZo3uor1a5a7EutQXFfKeBiM8XeajN,1015,1115,1000,1046,false
3026,ADqJq7SrWm3mrY43K1vxBYL3CtJXvkbK4oh5mFezKyyB,1038,1115,1000,1046,false
3026,AHziZjGGh1cXGpcqzjUqN94gvdAEgZ9pGF1SkpGJQAVy,1025,1115,1000,1046,false
3026,AMRQSMFRFJFRRidZMqkrJFaEeLZ3V6HWhLgvapyJ88U9,1088,1115,1000,1046,false
3026,APTQBhL7FGb7VoNaas9ujYUQnoNaxC2twUb7byZbNnYK,1008,1115,1000,1046,false
3026,AU5EJ9owg2CWaRDRq4nf7h2JVPrBBK2SEnSFgbS4H6Zd,1105,1115,1000,1046,false
3026,AetpwWGAeX8MhhygyuYQTP448ndgZvVqW2UTX1kzGRv8,1112,1115,1000,1046,false
3026,AfH1wRe1KXhMHx9PuHqMvniQH3PL32J4bNcTiwJ7QnCZ,1041,1115,1000,1046,false
3026,BBTqghAyv6Suu2RkFPVM34kvrvwBBiMyjs8FJ4gfUGti,1023,1115,1000,1046,false
3026,BR2BhxjHi4tb3N9zhyY2rmHGxeNgoaDdfQmz4D5DnPgh,1065,1115,1000,1046,false
3026,BmNvkZKchqY7xdzc4bDyh8924sFqqhcRWwYzWRqmm2at,1063,1115,1000,1046,false
3026,C7sUMWxfU6B1dhk7ScKA53De1HhM4rU4t1HzgrsgroTn,1024,1115,1000,1046,false
3026,CPxUBkz6UFex1NGU18b5CPumrhxxUvJ7S4UZa9m8aT1q,1009,1115,1000,1046,false
3026,ChqyTYuwDjUm35NGmG5U8qvxbCcTBMPFWjR7sRqWs9T2,1000,1115,1000,1046,false
3026,Cn7nNYKAknDwQv5XtYT2wibPN59ptt9CEFjhkEQXBXH1,1044,1115,1000,1046,false
3026,CxGdULdqHnM5eRVV3emRY9NTGG5KFMevA2pN42BgxBi2,1026,1115,1000,1046,false
3026,D3Dw8jwW1qCs2Y29agYm19Nt3Z5jGF7JY2VnKR8PFkqk,1111,1115,1000,1046,false
3026,D6MY1JRR29LYjiCKGzNg1Vcj2FgF4Jasz1YreiJayy9k,1099,1115,1000,1046,false
3026,DQLKGvkNGaHdCx2QWAMCoar446cW4rarBeQ9B2WAPUJq,1001,1115,1000,1046,false
3026,DSfi1sFJkSN6g2PXkgu561jvg6HGs8FSdsPo1odWc68U,1106,1115,1000,1046,false
3026,DTDvAg2eqH5DYqbj7z5jiXczwThCHGY6qH5Y5GeKnNHc,1005,1115,1000,1046,false
3026,DsWLXMreegLMNjiRwb7JWWrgj2GUAiH7y9EXhBd4DGiC,1023,1115,1000,1046,false
3026,EKtcDDRPB2KsSTokrhwnB5y4u5MmQZBczCZNY7EyvyzG,1109,1115,1000,1046,false
3026,Ebiw5RdKWWVQ796madjZ2mVyAVaMgeULVXN7q8RZM27n,1056,1115,1000,1046,false
3026,EpTj8L56CFYYwizXq4tJ6GeqnrotobbH9Av17F8npkZo,1006,1115,1000,1046,false
3026,F44BxXegKCHSprUyD7v5KCffGvudH1FbkiU7zNSGHQvW,1040,1115,1000,1046,false
3026,FNdTdeoTUjkH7NW8njsZF7moV9EK9bsV1a2sdra2tmcu,1045,1115,1000,1046,false
3026,FbkZgvZ8pX1bncz1MELD6wgWYzJYTqmoEuuJ9n2NNAGA,1037,1115,1000,1046,false
3026,Fmr3T9p4GVs3PaTKw7SmGKDMVsQvVsL5B2ZZgVQRxfi2,1079,1115,1000,1046,false
3026,FrxCL68Quzfm1YDaVC1eTFGypC8VL8jcrzNKXfcNqyMZ,1107,1115,1000,1046,false
3026,FvkopppWCpgoiQscG2GR7DZ1vZLYBdwmnmZiXkfPsVWG,1035,1115,1000,1046,false
3026,FyvDL8xy9CeBXJr57DeFqAEzfioWLquAYgVyQwUKhGsc,1057,1115,1000,1046,false
3026,GqaU18p6eXG8wAY7TFvDsLmZp9X5xxNSkWK7jK52a8dn,1031,1115,1000,1046,false
3026,HCiTPZLpu7xemn3zaiheb5W79RjVqLv4Z77prafxShvY,1032,1115,1000,1046,false
3026,HDi6s76u7GECLXSfoyix8htNmMq6jperAnvmkAoCP7V5,1025,1115,1000,1046,false
3026,HLQi4dTLywVjWvVtgvrhz5fH3f5qV3gN6SPxzhTSxge1,1014,1115,1000,1046,false
3026,Hq2upWm7rSv35hSB63zAv8kypdVR1jyxVcAaGNpw63oB,1057,1115,1000,1046,false
3026,J1UZQnKbWsVTJGSsc853kbLrZRsgLf3zVry57Vr6ctdD,1028,1115,1000,1046,false
3026,JD6zsYy5YHhzmA7bK1mQuxVErPCACZvd2Nb4NGeriaWu,1078,1115,1000,1046,false
3026,cowAXyDo4ph8mxmKPFNaBDcbw8a5J5QF2az7nuECUqR,1124,1114,1000,1046,true
3026,2AExBVYg6KjMHTKbPHYptNy9kTTtH6nTNtWnwexnVCgh,1122,1114,1000,1046,true
3026,GJjfTDk4GxfFH6b6dZ8rn9cncfGokrtVhPWLm2MhFDdR,1121,1114,1000,1046,true
3026,BTdR1PPXU8DeXMUvuyY3k2BVLWvpNxyp7yV8W9cHTpAL,1120,1114,1000,1046,true
3026,BTgMjNVcJvPzpm47RRxbhEyvGJCtgggBzCV9VRMZtVsu,1119,1114,1000,1046,true
3026,3k6eBtd6Bv2Pp9MZed5ENiDqVZfzsEfR8CPuDEpSMSZQ,1118,1114,1000,1046,true
3026,CMeaubPGVzeQb8N7dft7V9165qYR7FqQZHviRppneqM8,1117,1114,1000,1046,true
3026,B6rdRVWT7ZPFTWKgef6pQLNzNXoUnmoCuHBRCafvBAmE,1116,1114,1000,1046,true
3026,6cDn86ait83Seuyz5UWrcLbYSMvryV1qFhkoyKa1Rgow,1115,1114,1000,1046,true
3026,5gUjnNpivTvfUafN6BFKGNWLqFP7Wma3cemnhfZPbvXf,1114,1114,1000,1046,true
