warning: unused variable: `other`
   --> external-crates/move/crates/move-regex-borrow-graph/src/collections.rs:503:37
    |
503 |     fn check_join_invariants(&self, other: &Self) {
    |                                     ^^^^^ help: if this is intentional, prefix it with an underscore: `_other`
    |
    = note: `#[warn(unused_variables)]` (part of `#[warn(unused)]`) on by default

warning: unused variable: `r`
   --> external-crates/move/crates/move-regex-borrow-graph/src/collections.rs:558:44
    |
558 |     fn check_self_epsilon_invariant(&self, r: Ref) {
    |                                            ^ help: if this is intentional, prefix it with an underscore: `_r`

warning: method `check_invariants` is never used
   --> external-crates/move/crates/move-regex-borrow-graph/src/references.rs:188:19
    |
187 | impl<Loc, Lbl: Ord> Edge<Loc, Lbl> {
    | ---------------------------------- method in this implementation
188 |     pub(crate) fn check_invariants(&self) {
    |                   ^^^^^^^^^^^^^^^^
    |
    = note: `#[warn(dead_code)]` (part of `#[warn(unused)]`) on by default

warning: `move-regex-borrow-graph` (lib) generated 3 warnings (run `cargo fix --lib -p move-regex-borrow-graph` to apply 2 suggestions)
    Finished `release` profile [optimized + debuginfo] target(s) in 0.71s
warning: the following packages contain code that will be rejected by a future version of Rust: num-bigint-dig v0.8.4
note: to see what the problems were, use the option `--future-incompat-report`, or run `cargo report future-incompatibilities --id 1`
     Running `target/release/stress --local false --fullnode-rpc-addresses 'http://127.0.0.1:9000' --use-fullnode-for-execution true --use-fullnode-for-reconfig true --genesis-blob-path /Users/andrewcullen/Documents/GitHub/iota/dev-tools/iota-private-network/configs/genesis/genesis.blob --keystore-path /Users/andrewcullen/Documents/GitHub/iota/dev-tools/iota-private-network/configs/genesis/benchmark.keystore --primary-gas-owner-id 0xf479d29837d22943aba6afc401f518a36521b990874eca784886185bd26bf681 --num-client-threads 4 --num-transfer-accounts 2 --run-duration 120s bench --target-qps 2000 --num-workers 12 --in-flight-ratio 5 --transfer-object 100 --shared-counter 0`
Found new state (reference gas price and/or protocol config) from system state object = 1000
2026-05-20T12:39:11.105936Z ERROR iota_benchmark: Transaction failed with err: Rpc(Call(ErrorObject { code: ServerError(-32050), message: "Transaction timed out before reaching finality", data: None })) tx_digest=Digest("5gfUVNQZ7f8eoLAYVYacaqDX2nZeJ6JK3PduLRav6tLD") retry_cnt=0
2026-05-20T12:39:11.180842Z ERROR iota_benchmark: Transaction failed with err: Rpc(Call(ErrorObject { code: ServerError(-32050), message: "Transaction timed out before reaching finality", data: None })) tx_digest=Digest("5uCC3NBmjWQqoKMCwpfEcgZ6Ex6AKxCjR3v1uGvLr1cs") retry_cnt=0
2026-05-20T12:39:11.195124Z ERROR iota_benchmark: Transaction failed with err: Rpc(Call(ErrorObject { code: ServerError(-32050), message: "Transaction timed out before reaching finality", data: None })) tx_digest=Digest("Hy9EPTP7iuUih8TbvMdvop8rrEiQNVe6hn6ARVpix4y5") retry_cnt=0
2026-05-20T12:39:11.231500Z ERROR iota_benchmark: Transaction failed with err: Rpc(Call(ErrorObject { code: ServerError(-32050), message: "Transaction timed out before reaching finality", data: None })) tx_digest=Digest("6tx6r7iuBqYwwYoAZKH8pcbpojhh5uKcerjrQYUTu1k6") retry_cnt=0
2026-05-20T12:39:11.391986Z ERROR iota_benchmark: Transaction failed with err: Rpc(Call(ErrorObject { code: ServerError(-32050), message: "Transaction timed out before reaching finality", data: None })) tx_digest=Digest("HG3tTchBgeVJAFCCP9KVWwr8WEvTPJ66EGSDZen5a1ny") retry_cnt=0
2026-05-20T12:39:11.465905Z ERROR iota_benchmark: Transaction failed with err: Rpc(Call(ErrorObject { code: ServerError(-32050), message: "Transaction timed out before reaching finality", data: None })) tx_digest=Digest("8KQpSofJmQifgeGrMCGTLSQPas4QJKNWPhTALNzXyJ6B") retry_cnt=0
2026-05-20T12:39:11.485109Z ERROR iota_benchmark: Transaction failed with err: Rpc(Call(ErrorObject { code: ServerError(-32050), message: "Transaction timed out before reaching finality", data: None })) tx_digest=Digest("6vUYUyo32vqmnmi2dxBwkGavu8w8hLoaVJpz8dvYsLaQ") retry_cnt=0
2026-05-20T12:39:11.487303Z ERROR iota_benchmark: Transaction failed with err: Rpc(Call(ErrorObject { code: ServerError(-32050), message: "Transaction timed out before reaching finality", data: None })) tx_digest=Digest("4wkX24Aci2211Tu2GCZoQo4WQWfKJgc6FS159BARRoko") retry_cnt=0
2026-05-20T12:39:11.488042Z ERROR iota_benchmark: Transaction failed with err: Rpc(Call(ErrorObject { code: ServerError(-32050), message: "Transaction timed out before reaching finality", data: None })) tx_digest=Digest("FMX3vkchhLNyW129hunqB9PxqCbStPCxBbe2qryczwvK") retry_cnt=0
2026-05-20T12:39:11.488288Z ERROR iota_benchmark: Transaction failed with err: Rpc(Call(ErrorObject { code: ServerError(-32050), message: "Transaction timed out before reaching finality", data: None })) tx_digest=Digest("2mG5ADu1yyGABFZc4Pfz4taE6LDPqw8vYLi2hNSvAcfQ") retry_cnt=0
2026-05-20T12:39:11.495753Z ERROR iota_benchmark: Transaction failed with err: Rpc(Call(ErrorObject { code: ServerError(-32050), message: "Transaction timed out before reaching finality", data: None })) tx_digest=Digest("5QaFS75bLBX6RY6fJzG1NpmG9oMZmYzfqoJGRfM6MtyX") retry_cnt=0
2026-05-20T12:39:11.503770Z ERROR iota_benchmark: Transaction failed with err: Rpc(Call(ErrorObject { code: ServerError(-32050), message: "Transaction timed out before reaching finality", data: None })) tx_digest=Digest("HL7GGnS9wLdMSwbQo6f1uzzDzpccGaqwun4AiuSnFCpy") retry_cnt=0
2026-05-20T12:39:11.533280Z ERROR iota_benchmark: Transaction failed with err: Rpc(Call(ErrorObject { code: ServerError(-32050), message: "Transaction timed out before reaching finality", data: None })) tx_digest=Digest("Hw3n6ZmYAeEDT1btAxPEaaqWHcBMDjNkzQ5BmD1aaGwp") retry_cnt=0
2026-05-20T12:39:11.544207Z ERROR iota_benchmark: Transaction failed with err: Rpc(Call(ErrorObject { code: ServerError(-32050), message: "Transaction timed out before reaching finality", data: None })) tx_digest=Digest("morgbSPSGWjTe5Dz1etcdL6c7teaN85HahtYpyjzZCr") retry_cnt=0
2026-05-20T12:39:11.553960Z ERROR iota_benchmark: Transaction failed with err: Rpc(Call(ErrorObject { code: ServerError(-32050), message: "Transaction timed out before reaching finality", data: None })) tx_digest=Digest("BxXiDgsKZ2ZYmDhg2sHVMioYLBkZ6RVqeB1Vood5Pfhz") retry_cnt=0
2026-05-20T12:39:11.560919Z ERROR iota_benchmark: Transaction failed with err: Rpc(Call(ErrorObject { code: ServerError(-32050), message: "Transaction timed out before reaching finality", data: None })) tx_digest=Digest("Aw9Yh8dpRCN327EvpxUJHo2ZRq2pMUzhJuvs39YkjonQ") retry_cnt=0
2026-05-20T12:39:11.561005Z ERROR iota_benchmark: Transaction failed with err: Rpc(Call(ErrorObject { code: ServerError(-32050), message: "Transaction timed out before reaching finality", data: None })) tx_digest=Digest("3iscGZn1x3aALnEAZ5i3p9BbYwgN85io9vRGNyLVYWZe") retry_cnt=0
2026-05-20T12:39:11.563518Z ERROR iota_benchmark: Transaction failed with err: Rpc(Call(ErrorObject { code: ServerError(-32050), message: "Transaction timed out before reaching finality", data: None })) tx_digest=Digest("2n8W9VJEcMtPcTbwrNLzqVfPDVJdBmFwK1G1ecAzEyka") retry_cnt=0
2026-05-20T12:39:11.586941Z ERROR iota_benchmark: Transaction failed with err: Rpc(Call(ErrorObject { code: ServerError(-32050), message: "Transaction timed out before reaching finality", data: None })) tx_digest=Digest("CzxgpcY6PZYsXmUpJNtwox4rqfFB8p2zMEo4MG22F6NH") retry_cnt=0
2026-05-20T12:39:11.593934Z ERROR iota_benchmark: Transaction failed with err: Rpc(Call(ErrorObject { code: ServerError(-32050), message: "Transaction timed out before reaching finality", data: None })) tx_digest=Digest("47hgkNRGJbv2w4bGVLdfUfdd8YKgCjz2k6XEoVnaMvay") retry_cnt=0
2026-05-20T12:39:11.633794Z ERROR iota_benchmark: Transaction failed with err: Rpc(Call(ErrorObject { code: ServerError(-32050), message: "Transaction timed out before reaching finality", data: None })) tx_digest=Digest("FBCt9UdJunJqwu5PSm8nRUq4Kp7y5d6yGPc2YfimGKEu") retry_cnt=0
2026-05-20T12:39:11.643127Z ERROR iota_benchmark: Transaction failed with err: Rpc(Call(ErrorObject { code: ServerError(-32050), message: "Transaction timed out before reaching finality", data: None })) tx_digest=Digest("GsADCELbCcHWfP3RhanaVXNVqpt5o2PJbHg2NuhSJP1s") retry_cnt=0
2026-05-20T12:39:11.657814Z ERROR iota_benchmark: Transaction failed with err: Rpc(Call(ErrorObject { code: ServerError(-32050), message: "Transaction timed out before reaching finality", data: None })) tx_digest=Digest("EBA2JyuPnqjXWkDLi69mdy8fcSnUhBmsK2MdjnABDujU") retry_cnt=0
2026-05-20T12:39:11.661120Z ERROR iota_benchmark: Transaction failed with err: Rpc(Call(ErrorObject { code: ServerError(-32050), message: "Transaction timed out before reaching finality", data: None })) tx_digest=Digest("56HCi5b6Aze4UQoHmwEM7zkVkuQobXBuSmJ49msUTgJt") retry_cnt=0
2026-05-20T12:39:11.695060Z ERROR iota_benchmark: Transaction failed with err: Rpc(Call(ErrorObject { code: ServerError(-32050), message: "Transaction timed out before reaching finality", data: None })) tx_digest=Digest("E5seDNHxkihMQrPuHYbs9Z4mANRckeprUeQ6X8cLwUyz") retry_cnt=0
2026-05-20T12:39:11.696160Z ERROR iota_benchmark: Transaction failed with err: Rpc(Call(ErrorObject { code: ServerError(-32050), message: "Transaction timed out before reaching finality", data: None })) tx_digest=Digest("GABYAHQrorRHGciRCVhBPNWK7fY2eNNCRbj3dWPkAA9") retry_cnt=0
2026-05-20T12:39:11.736715Z ERROR iota_benchmark: Transaction failed with err: Rpc(Call(ErrorObject { code: ServerError(-32050), message: "Transaction timed out before reaching finality", data: None })) tx_digest=Digest("A4sYnJNU8PYEux3pjAKdUi9YiCmbe9PrWZnyDVTdYyAw") retry_cnt=0
2026-05-20T12:39:11.754636Z ERROR iota_benchmark: Transaction failed with err: Rpc(Call(ErrorObject { code: ServerError(-32050), message: "Transaction timed out before reaching finality", data: None })) tx_digest=Digest("7rPQd16izXfxiCuvSTyfFgVk7T7Yvy5SnE3ZKupVKVGs") retry_cnt=0
2026-05-20T12:39:11.768799Z ERROR iota_benchmark: Transaction failed with err: Rpc(Call(ErrorObject { code: ServerError(-32050), message: "Transaction timed out before reaching finality", data: None })) tx_digest=Digest("8ERyTXcUeDt8V6tXzkRdr8KETcbf9gtjYpH7ojPNvKAA") retry_cnt=0
2026-05-20T12:39:11.779411Z ERROR iota_benchmark: Transaction failed with err: Rpc(Call(ErrorObject { code: ServerError(-32050), message: "Transaction timed out before reaching finality", data: None })) tx_digest=Digest("GCm1fsZiEySYZDRV2oeE2GJNaJyzZ9Ak4N1WieZir6za") retry_cnt=0
2026-05-20T12:39:11.828823Z ERROR iota_benchmark: Transaction failed with err: Rpc(Call(ErrorObject { code: ServerError(-32050), message: "Transaction timed out before reaching finality", data: None })) tx_digest=Digest("DceJCRj5q82372XjcgUiLbo5AD1YDm3TYk9yRa2VXMX6") retry_cnt=0
2026-05-20T12:39:11.838797Z ERROR iota_benchmark: Transaction failed with err: Rpc(Call(ErrorObject { code: ServerError(-32050), message: "Transaction timed out before reaching finality", data: None })) tx_digest=Digest("DkaT3CTSNJowJvVdj2pdWcAH2WaZ9TtxQuBgqkmLEnYL") retry_cnt=0
2026-05-20T12:39:11.872444Z ERROR iota_benchmark: Transaction failed with err: Rpc(Call(ErrorObject { code: ServerError(-32050), message: "Transaction timed out before reaching finality", data: None })) tx_digest=Digest("Az9iAH4PEvD8boLnFUm4qB37FrhVNca67cDhFnw8BD1E") retry_cnt=0
2026-05-20T12:39:11.872566Z ERROR iota_benchmark: Transaction failed with err: Rpc(Call(ErrorObject { code: ServerError(-32050), message: "Transaction timed out before reaching finality", data: None })) tx_digest=Digest("FF87ojbDcSt9GrT7Z21fjXGhPQLi3KMqiqTH4zseeHdt") retry_cnt=0
2026-05-20T12:39:11.884532Z ERROR iota_benchmark: Transaction failed with err: Rpc(Call(ErrorObject { code: ServerError(-32050), message: "Transaction timed out before reaching finality", data: None })) tx_digest=Digest("ERhhAdMxCxMT4XLrVVZzHXHwjb4UoUrDTwBZywMmWYt7") retry_cnt=0
2026-05-20T12:39:11.892962Z ERROR iota_benchmark: Transaction failed with err: Rpc(Call(ErrorObject { code: ServerError(-32050), message: "Transaction timed out before reaching finality", data: None })) tx_digest=Digest("DVReFXSy4JE6HLbF9KBMXu8qBaTt9xMkdGfYwJwVGQp6") retry_cnt=0
2026-05-20T12:39:11.904035Z ERROR iota_benchmark: Transaction failed with err: Rpc(Call(ErrorObject { code: ServerError(-32050), message: "Transaction timed out before reaching finality", data: None })) tx_digest=Digest("8dfhmNsppXKbU9Y5QVpkpsUAEGDA2ChR6FpM2aeFkYeR") retry_cnt=0
2026-05-20T12:39:11.907781Z ERROR iota_benchmark: Transaction failed with err: Rpc(Call(ErrorObject { code: ServerError(-32050), message: "Transaction timed out before reaching finality", data: None })) tx_digest=Digest("Ao22TaxBHSfHJg1j6uGKx58Bm1mNXHyQrSW9BezBwdBu") retry_cnt=0
2026-05-20T12:39:11.908146Z ERROR iota_benchmark: Transaction failed with err: Rpc(Call(ErrorObject { code: ServerError(-32050), message: "Transaction timed out before reaching finality", data: None })) tx_digest=Digest("CaAn9KRqFXSNZCeUp64p7sZXdNVmSU23tbJ8NHSeCRY7") retry_cnt=0
2026-05-20T12:39:11.909713Z ERROR iota_benchmark: Transaction failed with err: Rpc(Call(ErrorObject { code: ServerError(-32050), message: "Transaction timed out before reaching finality", data: None })) tx_digest=Digest("Gc4s7Pz1PpgGzqKLqJKnppLg2SAxPPZqN9KCZRE6NE24") retry_cnt=0
2026-05-20T12:39:11.910038Z ERROR iota_benchmark: Transaction failed with err: Rpc(Call(ErrorObject { code: ServerError(-32050), message: "Transaction timed out before reaching finality", data: None })) tx_digest=Digest("Gyco4DydNw8KVDyDsr2fdtc4vwdZH11q14MwCLKmCmKK") retry_cnt=0
2026-05-20T12:39:11.910395Z ERROR iota_benchmark: Transaction failed with err: Rpc(Call(ErrorObject { code: ServerError(-32050), message: "Transaction timed out before reaching finality", data: None })) tx_digest=Digest("GJUv3bUkeTtHBjinyVNLkKatfDBh2u1Fp273nNKefnwM") retry_cnt=0
2026-05-20T12:39:11.910607Z ERROR iota_benchmark: Transaction failed with err: Rpc(Call(ErrorObject { code: ServerError(-32050), message: "Transaction timed out before reaching finality", data: None })) tx_digest=Digest("88WNJT8dV3Ue69WZeRxNTSHGKwM8cLjhTy6oNfHai8im") retry_cnt=0
2026-05-20T12:39:11.927979Z ERROR iota_benchmark: Transaction failed with err: Rpc(Call(ErrorObject { code: ServerError(-32050), message: "Transaction timed out before reaching finality", data: None })) tx_digest=Digest("BeNxBrkFL2MQFoHa5qgyHbJ4tj1eG45GSPqxQMSLmAdv") retry_cnt=0
2026-05-20T12:39:11.938764Z ERROR iota_benchmark: Transaction failed with err: Rpc(Call(ErrorObject { code: ServerError(-32050), message: "Transaction timed out before reaching finality", data: None })) tx_digest=Digest("EahNgq3ojQiPqCdJPzNpRWRDWhqWkNm46A7kvkhKvYsm") retry_cnt=0
2026-05-20T12:39:11.945217Z ERROR iota_benchmark: Transaction failed with err: Rpc(Call(ErrorObject { code: ServerError(-32050), message: "Transaction timed out before reaching finality", data: None })) tx_digest=Digest("f1RTFK6pPQDcYyyxoKcbe78gshY4x7q8eMYLtTPmUXq") retry_cnt=0
2026-05-20T12:39:11.945743Z ERROR iota_benchmark: Transaction failed with err: Rpc(Call(ErrorObject { code: ServerError(-32050), message: "Transaction timed out before reaching finality", data: None })) tx_digest=Digest("CnRf1DdwhHGxrbupxVJe33u4qMzXZQzgfJ1MfHLGXhiE") retry_cnt=0
2026-05-20T12:39:11.957360Z ERROR iota_benchmark: Transaction failed with err: Rpc(Call(ErrorObject { code: ServerError(-32050), message: "Transaction timed out before reaching finality", data: None })) tx_digest=Digest("D1L91gcEiiF24gC6kJcPwTL8xUfMMHdownJCkqhZkQwm") retry_cnt=0
2026-05-20T12:39:11.957365Z ERROR iota_benchmark: Transaction failed with err: Rpc(Call(ErrorObject { code: ServerError(-32050), message: "Transaction timed out before reaching finality", data: None })) tx_digest=Digest("6oaNgDRLwtr8bfRjuQhRiNDAfQyivBJpUee5tv5X6HnL") retry_cnt=0
2026-05-20T12:39:11.972257Z ERROR iota_benchmark: Transaction failed with err: Rpc(Call(ErrorObject { code: ServerError(-32050), message: "Transaction timed out before reaching finality", data: None })) tx_digest=Digest("DxQSfQNYHnJTCZSigm5gv1Q55K6veagPdXSCzcyL2h4N") retry_cnt=0
2026-05-20T12:39:11.983426Z ERROR iota_benchmark: Transaction failed with err: Rpc(Call(ErrorObject { code: ServerError(-32050), message: "Transaction timed out before reaching finality", data: None })) tx_digest=Digest("27HzzV4PYCnCXhmo376QUPpgB1RyLMxpJ1UUwXTio1t1") retry_cnt=0
2026-05-20T12:39:11.986600Z ERROR iota_benchmark: Transaction failed with err: Rpc(Call(ErrorObject { code: ServerError(-32050), message: "Transaction timed out before reaching finality", data: None })) tx_digest=Digest("542aRvRNyEKAmKpy5g3GbAhTz7eSz7eMTNxGkseW5Tmt") retry_cnt=0
2026-05-20T12:39:11.986733Z ERROR iota_benchmark: Transaction failed with err: Rpc(Call(ErrorObject { code: ServerError(-32050), message: "Transaction timed out before reaching finality", data: None })) tx_digest=Digest("HUqprRn83jVdw6T37g4USn6KAPtXAZauVRMChVjM7C42") retry_cnt=0
2026-05-20T12:39:11.990520Z ERROR iota_benchmark: Transaction failed with err: Rpc(Call(ErrorObject { code: ServerError(-32050), message: "Transaction timed out before reaching finality", data: None })) tx_digest=Digest("3JFe5tm65x9jSPPB66VK9iXtwa97QH2TFL4Lz9rvdZrf") retry_cnt=0
2026-05-20T12:39:11.990792Z ERROR iota_benchmark: Transaction failed with err: Rpc(Call(ErrorObject { code: ServerError(-32050), message: "Transaction timed out before reaching finality", data: None })) tx_digest=Digest("xpsuMBubMPHeyzgRrUguGJg57JgYttfrYzBQNK8nM49") retry_cnt=0
2026-05-20T12:39:11.999342Z ERROR iota_benchmark: Transaction failed with err: Rpc(Call(ErrorObject { code: ServerError(-32050), message: "Transaction timed out before reaching finality", data: None })) tx_digest=Digest("4SCHKXc2tSwEjEXFxPigYrMtfYgLYYRFPyufUkqo8xKw") retry_cnt=0
2026-05-20T12:39:12.007935Z ERROR iota_benchmark: Transaction failed with err: Rpc(Call(ErrorObject { code: ServerError(-32050), message: "Transaction timed out before reaching finality", data: None })) tx_digest=Digest("D8pH9cengJmqn7Ef9juFXtqm2CutqjseAQzw8ZVVhott") retry_cnt=0
2026-05-20T12:39:12.016904Z ERROR iota_benchmark: Transaction failed with err: Rpc(Call(ErrorObject { code: ServerError(-32050), message: "Transaction timed out before reaching finality", data: None })) tx_digest=Digest("2VUyiQT862Hxv95KvW6y5eJuVEr5t3Bv63oPjXPu5J7z") retry_cnt=0
2026-05-20T12:39:12.022850Z ERROR iota_benchmark: Transaction failed with err: Rpc(Call(ErrorObject { code: ServerError(-32050), message: "Transaction timed out before reaching finality", data: None })) tx_digest=Digest("CKkD14Ebi4fZeuiirW7iNxoVzqM9YkyL9Z7BMoiKyZ7n") retry_cnt=0
2026-05-20T12:39:12.022925Z ERROR iota_benchmark: Transaction failed with err: Rpc(Call(ErrorObject { code: ServerError(-32050), message: "Transaction timed out before reaching finality", data: None })) tx_digest=Digest("Fw2BTbqmpdMxEEctVsnQ7uo6Jexn1E4S1x3owJUAYkQ6") retry_cnt=0
2026-05-20T12:39:12.077185Z ERROR iota_benchmark: Transaction failed with err: Rpc(Call(ErrorObject { code: ServerError(-32050), message: "Transaction timed out before reaching finality", data: None })) tx_digest=Digest("FNQdfShmBeQd6wcZ5Nt5SV3WzuAVTtgbzPL4WstbzYmy") retry_cnt=0
2026-05-20T12:39:12.081632Z ERROR iota_benchmark: Transaction failed with err: Rpc(Call(ErrorObject { code: ServerError(-32050), message: "Transaction timed out before reaching finality", data: None })) tx_digest=Digest("27zmhM6mgQgTSEWXJD35GSyAVsVfcT81X5cqqMgHK7mF") retry_cnt=0
2026-05-20T12:39:12.091305Z ERROR iota_benchmark: Transaction failed with err: Rpc(Call(ErrorObject { code: ServerError(-32050), message: "Transaction timed out before reaching finality", data: None })) tx_digest=Digest("Ao7RTNbDARp6oKZw6o51iATnoL6g2aSiGb3GpTATZmB1") retry_cnt=0
2026-05-20T12:39:12.091490Z ERROR iota_benchmark: Transaction failed with err: Rpc(Call(ErrorObject { code: ServerError(-32050), message: "Transaction timed out before reaching finality", data: None })) tx_digest=Digest("3qADAePuWxJT8cXhqZwm2jmX23kuUbKY76yuGpoNHF5m") retry_cnt=0
2026-05-20T12:39:12.101712Z ERROR iota_benchmark: Transaction failed with err: Rpc(Call(ErrorObject { code: ServerError(-32050), message: "Transaction timed out before reaching finality", data: None })) tx_digest=Digest("G1CKxrfbKiSyREnsLTK1cL5WeZr8f5yFBX1Y8ctsHPc1") retry_cnt=0
2026-05-20T12:39:12.108556Z ERROR iota_benchmark: Transaction failed with err: Rpc(Call(ErrorObject { code: ServerError(-32050), message: "Transaction timed out before reaching finality", data: None })) tx_digest=Digest("99eezdN9Vs141Sc2hYD3rRJDHQsmD3bF8NN7Kf14QQaT") retry_cnt=0
2026-05-20T12:39:12.113973Z ERROR iota_benchmark: Transaction failed with err: Rpc(Call(ErrorObject { code: ServerError(-32050), message: "Transaction timed out before reaching finality", data: None })) tx_digest=Digest("8LGTGPGW8oYUT1AGMbsWobTHH78T7r66ZQn23g6SJtYg") retry_cnt=0
2026-05-20T12:39:12.138617Z ERROR iota_benchmark: Transaction failed with err: Rpc(Call(ErrorObject { code: ServerError(-32050), message: "Transaction timed out before reaching finality", data: None })) tx_digest=Digest("DLfFKK7Dbpv5NwfMytYqoC7GQeHY1AofY2iW3X7A8qmS") retry_cnt=0
2026-05-20T12:39:12.142585Z ERROR iota_benchmark: Transaction failed with err: Rpc(Call(ErrorObject { code: ServerError(-32050), message: "Transaction timed out before reaching finality", data: None })) tx_digest=Digest("3Grw5m5pejEXvTvM2R6xDTVjiqGhvD7hbDSox87R2naU") retry_cnt=0
2026-05-20T12:39:12.151523Z ERROR iota_benchmark: Transaction failed with err: Rpc(Call(ErrorObject { code: ServerError(-32050), message: "Transaction timed out before reaching finality", data: None })) tx_digest=Digest("3zYNGbiumvNwv64VSyeQtbUGFFRfpcEjsPxxyTimRuvT") retry_cnt=0
2026-05-20T12:39:12.165181Z ERROR iota_benchmark: Transaction failed with err: Rpc(Call(ErrorObject { code: ServerError(-32050), message: "Transaction timed out before reaching finality", data: None })) tx_digest=Digest("DpeBMTXDQTvcYDnFUUfNr5AqmpnBZYGT9qAjLa1jA4fG") retry_cnt=0
2026-05-20T12:39:12.170613Z ERROR iota_benchmark: Transaction failed with err: Rpc(Call(ErrorObject { code: ServerError(-32050), message: "Transaction timed out before reaching finality", data: None })) tx_digest=Digest("HJU9shyHwuCLFcrDFVN8pC1UuGNp4r4jjHvHFLbvuME1") retry_cnt=0
2026-05-20T12:39:12.188698Z ERROR iota_benchmark: Transaction failed with err: Rpc(Call(ErrorObject { code: ServerError(-32050), message: "Transaction timed out before reaching finality", data: None })) tx_digest=Digest("4q5VjRktDnJvRLEQHFuxxxU752JGEh97xckpLmN97i9R") retry_cnt=0
2026-05-20T12:39:12.199880Z ERROR iota_benchmark: Transaction failed with err: Rpc(Call(ErrorObject { code: ServerError(-32050), message: "Transaction timed out before reaching finality", data: None })) tx_digest=Digest("9yRkuNA4m8P2QMGVPQFmw23Tp4Bac5JT3VN6AnJriHA1") retry_cnt=0
2026-05-20T12:39:12.207652Z ERROR iota_benchmark: Transaction failed with err: Rpc(Call(ErrorObject { code: ServerError(-32050), message: "Transaction timed out before reaching finality", data: None })) tx_digest=Digest("BGXQ9mBrPyfXuoH8d1SbLkKqBZBnRcpCZkmZNKb1XWPL") retry_cnt=0
2026-05-20T12:39:12.208633Z ERROR iota_benchmark: Transaction failed with err: Rpc(Call(ErrorObject { code: ServerError(-32050), message: "Transaction timed out before reaching finality", data: None })) tx_digest=Digest("GxSkCxH4Fm66pUEv6FhoNvmpCtEfdvyT5X4b46gKLQAr") retry_cnt=0
2026-05-20T12:39:12.218975Z ERROR iota_benchmark: Transaction failed with err: Rpc(Call(ErrorObject { code: ServerError(-32050), message: "Transaction timed out before reaching finality", data: None })) tx_digest=Digest("AujMjiMdzftUZsMi5crKHBLazEstXnCzn8ucrPsiZtGW") retry_cnt=0
2026-05-20T12:39:12.220155Z ERROR iota_benchmark: Transaction failed with err: Rpc(Call(ErrorObject { code: ServerError(-32050), message: "Transaction timed out before reaching finality", data: None })) tx_digest=Digest("3HFPqTV5NfgP2HDqvbFfA3fFZwNyfqJNCS89AS8R6tEA") retry_cnt=0
2026-05-20T12:39:12.242174Z ERROR iota_benchmark: Transaction failed with err: Rpc(Call(ErrorObject { code: ServerError(-32050), message: "Transaction timed out before reaching finality", data: None })) tx_digest=Digest("6XvU4ye7fd7PqJPcFy8eSApE76fpGY1KEQ5Ynu7awkP4") retry_cnt=0
2026-05-20T12:39:12.262066Z ERROR iota_benchmark: Transaction failed with err: Rpc(Call(ErrorObject { code: ServerError(-32050), message: "Transaction timed out before reaching finality", data: None })) tx_digest=Digest("GvMHjaCv1axeRAGFjqwvhWW8EdMz32pwcwQTBUenoRYf") retry_cnt=0
2026-05-20T12:39:12.262470Z ERROR iota_benchmark: Transaction failed with err: Rpc(Call(ErrorObject { code: ServerError(-32050), message: "Transaction timed out before reaching finality", data: None })) tx_digest=Digest("4UnsFSiD2xiqb5nKHKGoqyMgsufxAeCKH4Ji7XnwVaZS") retry_cnt=0
2026-05-20T12:39:12.265300Z ERROR iota_benchmark: Transaction failed with err: Rpc(Call(ErrorObject { code: ServerError(-32050), message: "Transaction timed out before reaching finality", data: None })) tx_digest=Digest("AHtZULNrB5LjtvpKuKQjFLkiuWEAY3VSrzVLZZ5GVDSb") retry_cnt=0
2026-05-20T12:39:12.281708Z ERROR iota_benchmark: Transaction failed with err: Rpc(Call(ErrorObject { code: ServerError(-32050), message: "Transaction timed out before reaching finality", data: None })) tx_digest=Digest("DtRAEq4nctvkN631GRBNJBGMf97NZkuTT9dvMbyKcCFa") retry_cnt=0
2026-05-20T12:39:12.294011Z ERROR iota_benchmark: Transaction failed with err: Rpc(Call(ErrorObject { code: ServerError(-32050), message: "Transaction timed out before reaching finality", data: None })) tx_digest=Digest("8YztcM6efNgNTMDvnyUNaY21J9eb8JQjaeXSavFYHQsK") retry_cnt=0
2026-05-20T12:39:12.294152Z ERROR iota_benchmark: Transaction failed with err: Rpc(Call(ErrorObject { code: ServerError(-32050), message: "Transaction timed out before reaching finality", data: None })) tx_digest=Digest("5y6Tsqif3irJ5QEvg1hvzUEnE2iBmrTijHthZ5EUy4Gc") retry_cnt=0
2026-05-20T12:39:12.312356Z ERROR iota_benchmark: Transaction failed with err: Rpc(Call(ErrorObject { code: ServerError(-32050), message: "Transaction timed out before reaching finality", data: None })) tx_digest=Digest("HKeqHrFG5Qdt1rv8yQwuiDqJYxYh9JUmTLdWfzYo72rj") retry_cnt=0
2026-05-20T12:39:12.333389Z ERROR iota_benchmark: Transaction failed with err: Rpc(Call(ErrorObject { code: ServerError(-32050), message: "Transaction timed out before reaching finality", data: None })) tx_digest=Digest("Dvxgtcooy1nLFjAkJya3nRJMAWYGgwXjbXfrNHcdiP4j") retry_cnt=0
2026-05-20T12:39:12.333607Z ERROR iota_benchmark: Transaction failed with err: Rpc(Call(ErrorObject { code: ServerError(-32050), message: "Transaction timed out before reaching finality", data: None })) tx_digest=Digest("63dhUHqNXPdQ7FMVhmMDJWcfARM6WJSaeqb5fN7dKmYR") retry_cnt=0
2026-05-20T12:39:12.337764Z ERROR iota_benchmark: Transaction failed with err: Rpc(Call(ErrorObject { code: ServerError(-32050), message: "Transaction timed out before reaching finality", data: None })) tx_digest=Digest("2bcvUGTtkvAqMxyy5YdEeytJPM7vBMxFmTCvU6wQ9bjk") retry_cnt=0
2026-05-20T12:39:12.337987Z ERROR iota_benchmark: Transaction failed with err: Rpc(Call(ErrorObject { code: ServerError(-32050), message: "Transaction timed out before reaching finality", data: None })) tx_digest=Digest("2BjZ61XPuut6XWJwgK4STDcyywo3rQFwLEjuMUVLZRZS") retry_cnt=0
2026-05-20T12:39:12.354519Z ERROR iota_benchmark: Transaction failed with err: Rpc(Call(ErrorObject { code: ServerError(-32050), message: "Transaction timed out before reaching finality", data: None })) tx_digest=Digest("BBUL2AQ1YUMhPPJMPp4exMJ6eKzhtSBqyD4fBBSVwvb2") retry_cnt=0
2026-05-20T12:39:12.361963Z ERROR iota_benchmark: Transaction failed with err: Rpc(Call(ErrorObject { code: ServerError(-32050), message: "Transaction timed out before reaching finality", data: None })) tx_digest=Digest("EZycV1eiFhkz9NKmVK58uUjDinKzBR12zEG7MqMC1c89") retry_cnt=0
2026-05-20T12:39:12.362024Z ERROR iota_benchmark: Transaction failed with err: Rpc(Call(ErrorObject { code: ServerError(-32050), message: "Transaction timed out before reaching finality", data: None })) tx_digest=Digest("9eWSbGykUhVuAsiKttoQ2qMcAUMVKDkDG3wHknWqbxgH") retry_cnt=0
2026-05-20T12:39:12.377014Z ERROR iota_benchmark: Transaction failed with err: Rpc(Call(ErrorObject { code: ServerError(-32050), message: "Transaction timed out before reaching finality", data: None })) tx_digest=Digest("3HrNq6Jre6p8UtniWap1wZZ81vK9id86sUNYJVR4wpjQ") retry_cnt=0
2026-05-20T12:39:12.389475Z ERROR iota_benchmark: Transaction failed with err: Rpc(Call(ErrorObject { code: ServerError(-32050), message: "Transaction timed out before reaching finality", data: None })) tx_digest=Digest("3SqanxcqM13uNp13PwsZt5grAKpRdXG7iPurQnyZTKdN") retry_cnt=0
2026-05-20T12:39:12.396723Z ERROR iota_benchmark: Transaction failed with err: Rpc(Call(ErrorObject { code: ServerError(-32050), message: "Transaction timed out before reaching finality", data: None })) tx_digest=Digest("5iyKUtwe7rNqpKUsu6ERVjdzgnALXVTGorVASoxD3UYh") retry_cnt=0
2026-05-20T12:39:12.399190Z ERROR iota_benchmark: Transaction failed with err: Rpc(Call(ErrorObject { code: ServerError(-32050), message: "Transaction timed out before reaching finality", data: None })) tx_digest=Digest("7Rj1vY1JDkoeD2DtwRqi2Kh5SBqYzTsnKtH5WdXQ26eT") retry_cnt=0
2026-05-20T12:39:12.405716Z ERROR iota_benchmark: Transaction failed with err: Rpc(Call(ErrorObject { code: ServerError(-32050), message: "Transaction timed out before reaching finality", data: None })) tx_digest=Digest("AW1neb16cN4jiMXb7P6xDB3fxK4ML2vpH9MhtnAQyR48") retry_cnt=0
2026-05-20T12:39:12.423434Z ERROR iota_benchmark: Transaction failed with err: Rpc(Call(ErrorObject { code: ServerError(-32050), message: "Transaction timed out before reaching finality", data: None })) tx_digest=Digest("9b7amfX4QA15soKdq7SnwwguswLCAxuW7kYQR2Y8AL1n") retry_cnt=0
2026-05-20T12:39:12.434710Z ERROR iota_benchmark: Transaction failed with err: Rpc(Call(ErrorObject { code: ServerError(-32050), message: "Transaction timed out before reaching finality", data: None })) tx_digest=Digest("Gqj1EfeAviLST54iGFej3krht7dbBmLMpAfxefw8RBdL") retry_cnt=0
2026-05-20T12:39:12.442193Z ERROR iota_benchmark: Transaction failed with err: Rpc(Call(ErrorObject { code: ServerError(-32050), message: "Transaction timed out before reaching finality", data: None })) tx_digest=Digest("AxJr3HXorKfF4LGEdGw3ioYbp6Q6DPsYgxeBua7wV9vk") retry_cnt=0
2026-05-20T12:39:12.524369Z ERROR iota_benchmark: Transaction failed with err: Rpc(Call(ErrorObject { code: ServerError(-32050), message: "Transaction timed out before reaching finality", data: None })) tx_digest=Digest("6ZMptAgQ4STUFsGSFBVkHfrK88Nwv8mCVZBUL2jQDemz") retry_cnt=0
2026-05-20T12:39:12.534756Z ERROR iota_benchmark: Transaction failed with err: Rpc(Call(ErrorObject { code: ServerError(-32050), message: "Transaction timed out before reaching finality", data: None })) tx_digest=Digest("FSMvP5odioDY5idiD5RvciHvYBgUoWKpoemYa4Ty5tWP") retry_cnt=0
2026-05-20T12:39:12.571800Z ERROR iota_benchmark: Transaction failed with err: Rpc(Call(ErrorObject { code: ServerError(-32050), message: "Transaction timed out before reaching finality", data: None })) tx_digest=Digest("DTEMEC9Rvbpnhe7QTvZBPPtdn2wPkssvvhE7FCjNLRCY") retry_cnt=0
2026-05-20T12:39:12.573253Z ERROR iota_benchmark: Transaction failed with err: Rpc(Call(ErrorObject { code: ServerError(-32050), message: "Transaction timed out before reaching finality", data: None })) tx_digest=Digest("Co9tTVirr36xTvKVMBwu5ivP32KBHVhU7bgyfV7Wnnn3") retry_cnt=0
2026-05-20T12:39:12.575026Z ERROR iota_benchmark: Transaction failed with err: Rpc(Call(ErrorObject { code: ServerError(-32050), message: "Transaction timed out before reaching finality", data: None })) tx_digest=Digest("B88vERffsCuUc3zn6TZJ3zy4frTGYxsX3HZAEGWydwXS") retry_cnt=0
2026-05-20T12:39:12.575256Z ERROR iota_benchmark: Transaction failed with err: Rpc(Call(ErrorObject { code: ServerError(-32050), message: "Transaction timed out before reaching finality", data: None })) tx_digest=Digest("6ZjCBW1QEkiFtVAdiBvg8fKcQ1qDqdnvUEez9zWAWBAf") retry_cnt=0
2026-05-20T12:39:12.592073Z ERROR iota_benchmark: Transaction failed with err: Rpc(Call(ErrorObject { code: ServerError(-32050), message: "Transaction timed out before reaching finality", data: None })) tx_digest=Digest("8WsUvxCSnggh9dcazesoKNSa7Ht6XNkGKjKSuUuZKFgX") retry_cnt=0
2026-05-20T12:39:12.607830Z ERROR iota_benchmark: Transaction failed with err: Rpc(Call(ErrorObject { code: ServerError(-32050), message: "Transaction timed out before reaching finality", data: None })) tx_digest=Digest("3W85RR87b73irCPGtThG2qGeN97gBqEXnj6aKNz4v4w6") retry_cnt=0
2026-05-20T12:39:12.611280Z ERROR iota_benchmark: Transaction failed with err: Rpc(Call(ErrorObject { code: ServerError(-32050), message: "Transaction timed out before reaching finality", data: None })) tx_digest=Digest("AEUWHKYPqxFPUpCQn1bPUJV2HXBbtTRxT9mDELkj3WKQ") retry_cnt=0
2026-05-20T12:39:12.611519Z ERROR iota_benchmark: Transaction failed with err: Rpc(Call(ErrorObject { code: ServerError(-32050), message: "Transaction timed out before reaching finality", data: None })) tx_digest=Digest("2MBGGidDGAc8jLHVK4axRA4oz91w5t4oitTZwQi8Frh3") retry_cnt=0
2026-05-20T12:39:12.623891Z ERROR iota_benchmark: Transaction failed with err: Rpc(Call(ErrorObject { code: ServerError(-32050), message: "Transaction timed out before reaching finality", data: None })) tx_digest=Digest("84ozo7MGo6HKaLc55VQfnT4zqg7xgmu8wJwXfjykBu5V") retry_cnt=0
2026-05-20T12:39:12.661003Z ERROR iota_benchmark: Transaction failed with err: Rpc(Call(ErrorObject { code: ServerError(-32050), message: "Transaction timed out before reaching finality", data: None })) tx_digest=Digest("EeFuriAxmSMbAuWE22bzrGL6DUSspQurE9g5TzyTAFQA") retry_cnt=0
2026-05-20T12:39:12.696100Z ERROR iota_benchmark: Transaction failed with err: Rpc(Call(ErrorObject { code: ServerError(-32050), message: "Transaction timed out before reaching finality", data: None })) tx_digest=Digest("679dh2noy7MkvVFbWmAsvDRB4AsGavAokRJU3Dh5odev") retry_cnt=0
2026-05-20T12:39:12.712614Z ERROR iota_benchmark: Transaction failed with err: Rpc(Call(ErrorObject { code: ServerError(-32050), message: "Transaction timed out before reaching finality", data: None })) tx_digest=Digest("4umHZPdQCbVGsFJNghc6iyhK26EooywTTmEXkDn5txyT") retry_cnt=0
2026-05-20T12:39:12.713610Z ERROR iota_benchmark: Transaction failed with err: Rpc(Call(ErrorObject { code: ServerError(-32050), message: "Transaction timed out before reaching finality", data: None })) tx_digest=Digest("9kcwrXcDrdwRx1w6Rnv7RqtoZR16MXNw2FXwRz5wNYtX") retry_cnt=0
2026-05-20T12:39:12.723029Z ERROR iota_benchmark: Transaction failed with err: Rpc(Call(ErrorObject { code: ServerError(-32050), message: "Transaction timed out before reaching finality", data: None })) tx_digest=Digest("4QJH3XhRvP8qWYXmtU8VMt9jx9nFfgtc9ex8UytNTpy2") retry_cnt=0
2026-05-20T12:39:12.724154Z ERROR iota_benchmark: Transaction failed with err: Rpc(Call(ErrorObject { code: ServerError(-32050), message: "Transaction timed out before reaching finality", data: None })) tx_digest=Digest("DtmYv9kAHavu6grwoRCkjD38y7gHCwVi8EoSBmYSztaT") retry_cnt=0
2026-05-20T12:39:12.753238Z ERROR iota_benchmark: Transaction failed with err: Rpc(Call(ErrorObject { code: ServerError(-32050), message: "Transaction timed out before reaching finality", data: None })) tx_digest=Digest("DnsaVKKkM9mSeUEpVbS8YkpXH6bKZZTem4yDrhMas99F") retry_cnt=0
2026-05-20T12:39:12.753238Z ERROR iota_benchmark: Transaction failed with err: Rpc(Call(ErrorObject { code: ServerError(-32050), message: "Transaction timed out before reaching finality", data: None })) tx_digest=Digest("6ZJvS5dKknuXpNNYfAQ9ad5xRDZoEtUe9DE6JQgCnre9") retry_cnt=0
2026-05-20T12:39:12.767182Z ERROR iota_benchmark: Transaction failed with err: Rpc(Call(ErrorObject { code: ServerError(-32050), message: "Transaction timed out before reaching finality", data: None })) tx_digest=Digest("7KwEx1qvnNrE42mJAQgtuKCNkx7fTbmcJcZGFYaops8y") retry_cnt=0
2026-05-20T12:39:12.767547Z ERROR iota_benchmark: Transaction failed with err: Rpc(Call(ErrorObject { code: ServerError(-32050), message: "Transaction timed out before reaching finality", data: None })) tx_digest=Digest("DeNpbX3o7wCYzgEKdomjWM978Lc4nQCcKo7drbZ3XHD8") retry_cnt=0
2026-05-20T12:39:12.768375Z ERROR iota_benchmark: Transaction failed with err: Rpc(Call(ErrorObject { code: ServerError(-32050), message: "Transaction timed out before reaching finality", data: None })) tx_digest=Digest("oFVX8NWTHq3CxLgwrwLE94iNu32xtsXC7PPR5fKQT75") retry_cnt=0
2026-05-20T12:39:12.769026Z ERROR iota_benchmark: Transaction failed with err: Rpc(Call(ErrorObject { code: ServerError(-32050), message: "Transaction timed out before reaching finality", data: None })) tx_digest=Digest("ABCjGsr2MsC6RgcSPgVzaCLsu1csvEGrwrPwaAwbhwzg") retry_cnt=0
2026-05-20T12:39:12.776490Z ERROR iota_benchmark: Transaction failed with err: Rpc(Call(ErrorObject { code: ServerError(-32050), message: "Transaction timed out before reaching finality", data: None })) tx_digest=Digest("BJSZM58iQzdn7wD8mx4nvHzJFoYFivC7JKMcv3wLfuoM") retry_cnt=0
2026-05-20T12:39:12.797765Z ERROR iota_benchmark: Transaction failed with err: Rpc(Call(ErrorObject { code: ServerError(-32050), message: "Transaction timed out before reaching finality", data: None })) tx_digest=Digest("ANg5oaG5b3c9jC2saSjXwrmSCx7erFKHZBJDhzyJuGCc") retry_cnt=0
2026-05-20T12:39:12.797764Z ERROR iota_benchmark: Transaction failed with err: Rpc(Call(ErrorObject { code: ServerError(-32050), message: "Transaction timed out before reaching finality", data: None })) tx_digest=Digest("FwUnpP37UdrLCrZd2ALzfXZVsyBQWQHZRU8MXYEUEopf") retry_cnt=0
2026-05-20T12:39:12.803330Z ERROR iota_benchmark: Transaction failed with err: Rpc(Call(ErrorObject { code: ServerError(-32050), message: "Transaction timed out before reaching finality", data: None })) tx_digest=Digest("CwW7BiDU4aQpK4yH5VokfVNrw1XK1MsC97j7zQ1KAx57") retry_cnt=0
2026-05-20T12:39:12.803500Z ERROR iota_benchmark: Transaction failed with err: Rpc(Call(ErrorObject { code: ServerError(-32050), message: "Transaction timed out before reaching finality", data: None })) tx_digest=Digest("yp4zLUrh8sX4XbDqdaCLm6xhwE1L2v9ULbmsHf3TUwK") retry_cnt=0
2026-05-20T12:39:12.831669Z ERROR iota_benchmark: Transaction failed with err: Rpc(Call(ErrorObject { code: ServerError(-32050), message: "Transaction timed out before reaching finality", data: None })) tx_digest=Digest("GLPF8QtpNjxZ23AHCfSMnckq8WUW493FCPFw48PAdukF") retry_cnt=0
2026-05-20T12:39:12.916013Z ERROR iota_benchmark: Transaction failed with err: Rpc(Call(ErrorObject { code: ServerError(-32050), message: "Transaction timed out before reaching finality", data: None })) tx_digest=Digest("7BEky78Nq7LACozbpUQeZTeF26gYshWvtFSiPWiCpSi4") retry_cnt=0
2026-05-20T12:39:12.920599Z ERROR iota_benchmark: Transaction failed with err: Rpc(Call(ErrorObject { code: ServerError(-32050), message: "Transaction timed out before reaching finality", data: None })) tx_digest=Digest("Hu2GbfsGxgapCik8X2EKe5Uo73vWTWGmGLt1nFM6T8Cz") retry_cnt=0
2026-05-20T12:39:12.922293Z ERROR iota_benchmark: Transaction failed with err: Rpc(Call(ErrorObject { code: ServerError(-32050), message: "Transaction timed out before reaching finality", data: None })) tx_digest=Digest("DfLW3Y1HhrVRJkPZt8F4oXzFUd9etU6Tg8Wir2UZeqMw") retry_cnt=0
2026-05-20T12:39:12.925136Z ERROR iota_benchmark: Transaction failed with err: Rpc(Call(ErrorObject { code: ServerError(-32050), message: "Transaction timed out before reaching finality", data: None })) tx_digest=Digest("E7AqA4EyE5J97yCcKSmSh8Pr1mGtChMuujizSBm8wrpZ") retry_cnt=0
2026-05-20T12:39:12.925238Z ERROR iota_benchmark: Transaction failed with err: Rpc(Call(ErrorObject { code: ServerError(-32050), message: "Transaction timed out before reaching finality", data: None })) tx_digest=Digest("HPfxn1Ac3TygmayRgUc9xi3cFHGch1VTKfuX3ToWkW6X") retry_cnt=0
2026-05-20T12:39:12.992391Z ERROR iota_benchmark: Transaction failed with err: Rpc(Call(ErrorObject { code: ServerError(-32050), message: "Transaction timed out before reaching finality", data: None })) tx_digest=Digest("5BHqBijHXvkMEV2TUvdEtcVQNJB5pRt92jrtCaJuB2dg") retry_cnt=0
2026-05-20T12:39:12.992574Z ERROR iota_benchmark: Transaction failed with err: Rpc(Call(ErrorObject { code: ServerError(-32050), message: "Transaction timed out before reaching finality", data: None })) tx_digest=Digest("C3aHVqsHZ9fKA7NxqcceidmpcUzw28rQEPbCQAAhoCuy") retry_cnt=0
2026-05-20T12:39:13.000594Z ERROR iota_benchmark: Transaction failed with err: Rpc(Call(ErrorObject { code: ServerError(-32050), message: "Transaction timed out before reaching finality", data: None })) tx_digest=Digest("DmkHNKXfmf7wdAMhnWAvTN8V98Rx4y45VyuSZCBnMQjz") retry_cnt=0
2026-05-20T12:39:13.031982Z ERROR iota_benchmark: Transaction failed with err: Rpc(Call(ErrorObject { code: ServerError(-32050), message: "Transaction timed out before reaching finality", data: None })) tx_digest=Digest("2eBHL23XHLLoHXxsv2DcRZrM5qXVjp2GBPEKKVxNw23F") retry_cnt=0
2026-05-20T12:39:13.036657Z ERROR iota_benchmark: Transaction failed with err: Rpc(Call(ErrorObject { code: ServerError(-32050), message: "Transaction timed out before reaching finality", data: None })) tx_digest=Digest("9aUBDRWfTqKBhCjA9hULYWYRPz9a1o83iGxtPjxVGd6C") retry_cnt=0
2026-05-20T12:39:13.072828Z ERROR iota_benchmark: Transaction failed with err: Rpc(Call(ErrorObject { code: ServerError(-32050), message: "Transaction timed out before reaching finality", data: None })) tx_digest=Digest("4uZWrcpKYDU959oX4wVJibJBTeTHo2y7tPDhmzysuGaL") retry_cnt=0
2026-05-20T12:39:13.078801Z ERROR iota_benchmark: Transaction failed with err: Rpc(Call(ErrorObject { code: ServerError(-32050), message: "Transaction timed out before reaching finality", data: None })) tx_digest=Digest("C7CFRGxeGMrLw2whTe6z2XJ6nDx7g5ob5qVe2xjghekR") retry_cnt=0
2026-05-20T12:39:13.085866Z ERROR iota_benchmark: Transaction failed with err: Rpc(Call(ErrorObject { code: ServerError(-32050), message: "Transaction timed out before reaching finality", data: None })) tx_digest=Digest("DQpq74n9qePaBu1kn1dziLdF7Vb7KfUMnXXJ3Sxx2e1z") retry_cnt=0
2026-05-20T12:39:13.087776Z ERROR iota_benchmark: Transaction failed with err: Rpc(Call(ErrorObject { code: ServerError(-32050), message: "Transaction timed out before reaching finality", data: None })) tx_digest=Digest("5R5VmegSefYe7ZcYfdyep3hfk8WerfW6sMMZRgfU7Q3c") retry_cnt=0
2026-05-20T12:39:13.089133Z ERROR iota_benchmark: Transaction failed with err: Rpc(Call(ErrorObject { code: ServerError(-32050), message: "Transaction timed out before reaching finality", data: None })) tx_digest=Digest("B3z9dS4TAqzjEaYXFqo7eRKEx13Eo5ooWDEAdshhf1QB") retry_cnt=0
2026-05-20T12:39:13.089168Z ERROR iota_benchmark: Transaction failed with err: Rpc(Call(ErrorObject { code: ServerError(-32050), message: "Transaction timed out before reaching finality", data: None })) tx_digest=Digest("GfhAgCPaRKzKDVKH6XDfCFFwhid6mfuxMSDQnE8eVhnn") retry_cnt=0
2026-05-20T12:39:13.102261Z ERROR iota_benchmark: Transaction failed with err: Rpc(Call(ErrorObject { code: ServerError(-32050), message: "Transaction timed out before reaching finality", data: None })) tx_digest=Digest("8jPpDRqdQDp3vLBQX4mMk4hYTirD5vZUHjperkTBc6zQ") retry_cnt=0
2026-05-20T12:39:13.142740Z ERROR iota_benchmark: Transaction failed with err: Rpc(Call(ErrorObject { code: ServerError(-32050), message: "Transaction timed out before reaching finality", data: None })) tx_digest=Digest("HKoQJFL74xQujuvez4AmYoDcmcqqPCeumYTPWM1iioEr") retry_cnt=0
2026-05-20T12:39:13.146907Z ERROR iota_benchmark: Transaction failed with err: Rpc(Call(ErrorObject { code: ServerError(-32050), message: "Transaction timed out before reaching finality", data: None })) tx_digest=Digest("B9tZMGUfdoB4Uqz1pk2nTvDzKcf4c4RRot7NdQtTXmKf") retry_cnt=0
2026-05-20T12:39:13.147117Z ERROR iota_benchmark: Transaction failed with err: Rpc(Call(ErrorObject { code: ServerError(-32050), message: "Transaction timed out before reaching finality", data: None })) tx_digest=Digest("GSY94MUgotkB5LU5kF9vBHqRovabmphpziwqv7eyBzSB") retry_cnt=0
2026-05-20T12:39:13.147413Z ERROR iota_benchmark: Transaction failed with err: Rpc(Call(ErrorObject { code: ServerError(-32050), message: "Transaction timed out before reaching finality", data: None })) tx_digest=Digest("Bd4izNxQxrCsTvMep3CnpNcZwr63oMvxyXG3GcBQU5iR") retry_cnt=0
2026-05-20T12:39:13.151655Z ERROR iota_benchmark: Transaction failed with err: Rpc(Call(ErrorObject { code: ServerError(-32050), message: "Transaction timed out before reaching finality", data: None })) tx_digest=Digest("6YSJJ9AqHZEjxbAV3PKC4kQGJsHpfLC3tMaL8WSLYoKB") retry_cnt=0
2026-05-20T12:39:13.153204Z ERROR iota_benchmark: Transaction failed with err: Rpc(Call(ErrorObject { code: ServerError(-32050), message: "Transaction timed out before reaching finality", data: None })) tx_digest=Digest("AmKTS4hPtdsY5N6575PAKVHCtX2DA2yYQTrpZKZwuNZS") retry_cnt=0
2026-05-20T12:39:13.176748Z ERROR iota_benchmark: Transaction failed with err: Rpc(Call(ErrorObject { code: ServerError(-32050), message: "Transaction timed out before reaching finality", data: None })) tx_digest=Digest("BSujsyD25nEFvSMPfBZ8fm5i6ix6nv8gnuFemErra8q1") retry_cnt=0
2026-05-20T12:39:13.188268Z ERROR iota_benchmark: Transaction failed with err: Rpc(Call(ErrorObject { code: ServerError(-32050), message: "Transaction timed out before reaching finality", data: None })) tx_digest=Digest("ByddCn8zF65B5k5Eztj3LVhm4kyhAGXKsQ5v8nx93HpH") retry_cnt=0
2026-05-20T12:39:13.206491Z ERROR iota_benchmark: Transaction failed with err: Rpc(Call(ErrorObject { code: ServerError(-32050), message: "Transaction timed out before reaching finality", data: None })) tx_digest=Digest("Ed1JHm5KSe3oUTtaKPQfnhp7aEhAufb6DdpRNaQ6QCYV") retry_cnt=0
2026-05-20T12:39:13.237847Z ERROR iota_benchmark: Transaction failed with err: Rpc(Call(ErrorObject { code: ServerError(-32050), message: "Transaction timed out before reaching finality", data: None })) tx_digest=Digest("8dUz7eDma6UJcAeG1qNxihynEJG8qJqpqvdiYsrsdYdG") retry_cnt=0
2026-05-20T12:39:13.247949Z ERROR iota_benchmark: Transaction failed with err: Rpc(Call(ErrorObject { code: ServerError(-32050), message: "Transaction timed out before reaching finality", data: None })) tx_digest=Digest("HQhbkDQEDhuiGRm3NPMd5zw37grXoGYP5m5Djhjp8Rkv") retry_cnt=0
2026-05-20T12:39:13.253770Z ERROR iota_benchmark: Transaction failed with err: Rpc(Call(ErrorObject { code: ServerError(-32050), message: "Transaction timed out before reaching finality", data: None })) tx_digest=Digest("7QeJxTAj5r4z7q4KxCCEm4e63F6nHhpLwbP7WiSR5tFa") retry_cnt=0
2026-05-20T12:39:13.254293Z ERROR iota_benchmark: Transaction failed with err: Rpc(Call(ErrorObject { code: ServerError(-32050), message: "Transaction timed out before reaching finality", data: None })) tx_digest=Digest("fKeaBDioQJUxbmRCAnm4doXz91toNsocu3TENwsLQHe") retry_cnt=0
2026-05-20T12:39:13.269429Z ERROR iota_benchmark: Transaction failed with err: Rpc(Call(ErrorObject { code: ServerError(-32050), message: "Transaction timed out before reaching finality", data: None })) tx_digest=Digest("2WXQH1t7yFzLutyu5zxz1wFw3pPJEgFYq12dyHK5Pk1m") retry_cnt=0
2026-05-20T12:39:13.272638Z ERROR iota_benchmark: Transaction failed with err: Rpc(Call(ErrorObject { code: ServerError(-32050), message: "Transaction timed out before reaching finality", data: None })) tx_digest=Digest("FwUTXxjAp9f4jJ2qVJaryR58yqfpQqqnLP9khPo8KfBF") retry_cnt=0
2026-05-20T12:39:13.284106Z ERROR iota_benchmark: Transaction failed with err: Rpc(Call(ErrorObject { code: ServerError(-32050), message: "Transaction timed out before reaching finality", data: None })) tx_digest=Digest("6nsPrFnD65sKU5Qg7UMfixWyohEywtAm5DQnoALo1ahB") retry_cnt=0
2026-05-20T12:39:13.284616Z ERROR iota_benchmark: Transaction failed with err: Rpc(Call(ErrorObject { code: ServerError(-32050), message: "Transaction timed out before reaching finality", data: None })) tx_digest=Digest("6Mhzv1N2oDuVh1DAzXv48SqEAVJk4B5qjUnyVLyT2igh") retry_cnt=0
2026-05-20T12:39:13.284732Z ERROR iota_benchmark: Transaction failed with err: Rpc(Call(ErrorObject { code: ServerError(-32050), message: "Transaction timed out before reaching finality", data: None })) tx_digest=Digest("4gRNS8eKanRn3DDxGxVxp1ryANe8EzSRm2w5EGQrYSWo") retry_cnt=0
2026-05-20T12:39:13.285319Z ERROR iota_benchmark: Transaction failed with err: Rpc(Call(ErrorObject { code: ServerError(-32050), message: "Transaction timed out before reaching finality", data: None })) tx_digest=Digest("4FmNTq6MUuVmvGgbSP4HzRad2d3WRQBLBuMVRZc5vVgp") retry_cnt=0
2026-05-20T12:39:13.289168Z ERROR iota_benchmark: Transaction failed with err: Rpc(Call(ErrorObject { code: ServerError(-32050), message: "Transaction timed out before reaching finality", data: None })) tx_digest=Digest("EwVUTdV1HR1CkgNrYT2yhGV6QpWSvzFjBzBzPsxYcVg4") retry_cnt=0
2026-05-20T12:39:13.290950Z ERROR iota_benchmark: Transaction failed with err: Rpc(Call(ErrorObject { code: ServerError(-32050), message: "Transaction timed out before reaching finality", data: None })) tx_digest=Digest("GwnY5M7VYCSu9EYVDymxH9f1eVAeLtJWSTFcPTMjcm33") retry_cnt=0
2026-05-20T12:39:13.307960Z ERROR iota_benchmark: Transaction failed with err: Rpc(Call(ErrorObject { code: ServerError(-32050), message: "Transaction timed out before reaching finality", data: None })) tx_digest=Digest("DC1zCDHQUBgXp5EphwzywDbiD1DMP6Lef5tci1hxtCET") retry_cnt=0
2026-05-20T12:39:13.330030Z ERROR iota_benchmark: Transaction failed with err: Rpc(Call(ErrorObject { code: ServerError(-32050), message: "Transaction timed out before reaching finality", data: None })) tx_digest=Digest("37jv3W1zFxApPp5Ns8PYsyyTpxT8tyy6a5MzEvQaP64G") retry_cnt=0
2026-05-20T12:39:13.354152Z ERROR iota_benchmark: Transaction failed with err: Rpc(Call(ErrorObject { code: ServerError(-32050), message: "Transaction timed out before reaching finality", data: None })) tx_digest=Digest("Ho26JQTXVjYgkfo6gjpCCHm9kM7wLndposkRrsaxYrmM") retry_cnt=0
2026-05-20T12:39:13.354237Z ERROR iota_benchmark: Transaction failed with err: Rpc(Call(ErrorObject { code: ServerError(-32050), message: "Transaction timed out before reaching finality", data: None })) tx_digest=Digest("9nigHCh9Z5gpnDrCRE95FTUZyhzSRmWexU8WFwToUqMi") retry_cnt=0
2026-05-20T12:39:13.372285Z ERROR iota_benchmark: Transaction failed with err: Rpc(Call(ErrorObject { code: ServerError(-32050), message: "Transaction timed out before reaching finality", data: None })) tx_digest=Digest("H2iu6RANr6e867UVfofHGJV5odgkuvYj92g4JKJ4Jcmk") retry_cnt=0
2026-05-20T12:39:13.388439Z ERROR iota_benchmark: Transaction failed with err: Rpc(Call(ErrorObject { code: ServerError(-32050), message: "Transaction timed out before reaching finality", data: None })) tx_digest=Digest("7cSuvF3CKfopxCQVYMi2qzf6WW2DMEj7JU2DZDRDtBwB") retry_cnt=0
2026-05-20T12:39:13.390836Z ERROR iota_benchmark: Transaction failed with err: Rpc(Call(ErrorObject { code: ServerError(-32050), message: "Transaction timed out before reaching finality", data: None })) tx_digest=Digest("6YLM9hpEN3Nnn1DpoiSp68Aqypg4od4X3Q9vo2eubBVL") retry_cnt=0
2026-05-20T12:39:13.401216Z ERROR iota_benchmark: Transaction failed with err: Rpc(Call(ErrorObject { code: ServerError(-32050), message: "Transaction timed out before reaching finality", data: None })) tx_digest=Digest("Fr9Wt6mfU3FRBECuvkeuhfv1UPiQiqnNWRVGKPLY2zmY") retry_cnt=0
2026-05-20T12:39:13.423889Z ERROR iota_benchmark: Transaction failed with err: Rpc(Call(ErrorObject { code: ServerError(-32050), message: "Transaction timed out before reaching finality", data: None })) tx_digest=Digest("J1mgB3KJXV5YGm1m7mcF8m5h4PTaUF9rkeA16sPyYynM") retry_cnt=0
2026-05-20T12:39:13.445221Z ERROR iota_benchmark: Transaction failed with err: Rpc(Call(ErrorObject { code: ServerError(-32050), message: "Transaction timed out before reaching finality", data: None })) tx_digest=Digest("8TAYfuNTH7iXFN4A95btUENZPCQrFd3aKUygp3o7Fhb") retry_cnt=0
2026-05-20T12:39:13.445282Z ERROR iota_benchmark: Transaction failed with err: Rpc(Call(ErrorObject { code: ServerError(-32050), message: "Transaction timed out before reaching finality", data: None })) tx_digest=Digest("EoM19dnKoWGyqsgJpFSCFda1vVn2DbDxKwUpgTmqhDpA") retry_cnt=0
2026-05-20T12:39:13.446647Z ERROR iota_benchmark: Transaction failed with err: Rpc(Call(ErrorObject { code: ServerError(-32050), message: "Transaction timed out before reaching finality", data: None })) tx_digest=Digest("ALX5sbVRd53UH8P5hXeDxnR9dCtbWoNe4dNfRAfLL5t4") retry_cnt=0
2026-05-20T12:39:13.463268Z ERROR iota_benchmark: Transaction failed with err: Rpc(Call(ErrorObject { code: ServerError(-32050), message: "Transaction timed out before reaching finality", data: None })) tx_digest=Digest("DjKrr9eAq2WCjZwPAqwwYyDub6baGH68P5ZydQyeao48") retry_cnt=0
2026-05-20T12:39:13.468836Z ERROR iota_benchmark: Transaction failed with err: Rpc(Call(ErrorObject { code: ServerError(-32050), message: "Transaction timed out before reaching finality", data: None })) tx_digest=Digest("8BEmLJyDbXN2LmpFtvSLkqjVSTwHiM3d5xniiJUHN4XE") retry_cnt=0
2026-05-20T12:39:13.477767Z ERROR iota_benchmark: Transaction failed with err: Rpc(Call(ErrorObject { code: ServerError(-32050), message: "Transaction timed out before reaching finality", data: None })) tx_digest=Digest("7m7fn8HyNJKqcTWochNHqx2DYBSfYnEgnX8eGZo5Nz6F") retry_cnt=0
2026-05-20T12:39:13.485564Z ERROR iota_benchmark: Transaction failed with err: Rpc(Call(ErrorObject { code: ServerError(-32050), message: "Transaction timed out before reaching finality", data: None })) tx_digest=Digest("GQoxRvFeftKQTLbj3d37VzkSMJwVnHyymBtePR7mL2aa") retry_cnt=0
2026-05-20T12:39:13.505156Z ERROR iota_benchmark: Transaction failed with err: Rpc(Call(ErrorObject { code: ServerError(-32050), message: "Transaction timed out before reaching finality", data: None })) tx_digest=Digest("9q5aCBZWxRirrT1myMN2GLJeA1RTemdoMY4Xk2jm5vvy") retry_cnt=0
2026-05-20T12:39:13.514922Z ERROR iota_benchmark: Transaction failed with err: Rpc(Call(ErrorObject { code: ServerError(-32050), message: "Transaction timed out before reaching finality", data: None })) tx_digest=Digest("5vN5zK8X1MNMcymvxcSQr8ZSjC3on19um6hUGSHFxS7K") retry_cnt=0
2026-05-20T12:39:13.545391Z ERROR iota_benchmark: Transaction failed with err: Rpc(Call(ErrorObject { code: ServerError(-32050), message: "Transaction timed out before reaching finality", data: None })) tx_digest=Digest("9JE1kxLmMjsa72rSp6DUxWiHpbPYwwrSAnBDp1s3L67p") retry_cnt=0
2026-05-20T12:39:13.571025Z ERROR iota_benchmark: Transaction failed with err: Rpc(Call(ErrorObject { code: ServerError(-32050), message: "Transaction timed out before reaching finality", data: None })) tx_digest=Digest("GCEvzp3rSos4QBekf2S5hznLAhhsV8rR5kAQvqrnKixR") retry_cnt=0
2026-05-20T12:39:13.571412Z ERROR iota_benchmark: Transaction failed with err: Rpc(Call(ErrorObject { code: ServerError(-32050), message: "Transaction timed out before reaching finality", data: None })) tx_digest=Digest("HgDbxSMxjwKT2jFMDmYazWADnRTqJzMe9CSqiZNuLcZx") retry_cnt=0
2026-05-20T12:39:13.571773Z ERROR iota_benchmark: Transaction failed with err: Rpc(Call(ErrorObject { code: ServerError(-32050), message: "Transaction timed out before reaching finality", data: None })) tx_digest=Digest("AGsV5sat4ytnpVdrRPmaSikAZz4UJ9vMdH8b625FQwWX") retry_cnt=0
2026-05-20T12:39:13.581783Z ERROR iota_benchmark: Transaction failed with err: Rpc(Call(ErrorObject { code: ServerError(-32050), message: "Transaction timed out before reaching finality", data: None })) tx_digest=Digest("5NwKXXPhJEQdMtjvxLoxo474C4tAu3s3HHyiKKBprFji") retry_cnt=0
2026-05-20T12:39:13.581950Z ERROR iota_benchmark: Transaction failed with err: Rpc(Call(ErrorObject { code: ServerError(-32050), message: "Transaction timed out before reaching finality", data: None })) tx_digest=Digest("Dq1gjfwtx6V8oKhEd1TwXnX1t6sEtg2imkc2w871grau") retry_cnt=0
2026-05-20T12:39:13.582200Z ERROR iota_benchmark: Transaction failed with err: Rpc(Call(ErrorObject { code: ServerError(-32050), message: "Transaction timed out before reaching finality", data: None })) tx_digest=Digest("D2ztAQgFGePuRdZBoMAKKBdKS1RzXNnJPfBJdnDvXiZ3") retry_cnt=0
2026-05-20T12:39:13.632656Z ERROR iota_benchmark: Transaction failed with err: Rpc(Call(ErrorObject { code: ServerError(-32050), message: "Transaction timed out before reaching finality", data: None })) tx_digest=Digest("9paAXYvGxWdbyzwJwh2Jk1zQHeiBF36pBQQ96SgamFAJ") retry_cnt=0
2026-05-20T12:39:13.632831Z ERROR iota_benchmark: Transaction failed with err: Rpc(Call(ErrorObject { code: ServerError(-32050), message: "Transaction timed out before reaching finality", data: None })) tx_digest=Digest("9UZDt5cz2EBWfUSJgiPxJTVybyp5KNLiDn96kokTkST3") retry_cnt=0
2026-05-20T12:39:13.649485Z ERROR iota_benchmark: Transaction failed with err: Rpc(Call(ErrorObject { code: ServerError(-32050), message: "Transaction timed out before reaching finality", data: None })) tx_digest=Digest("HDdExQz4FsdMVhpn7oVGi9nanYgGpi7Euo9Pf9UYCqjW") retry_cnt=0
2026-05-20T12:39:13.663246Z ERROR iota_benchmark: Transaction failed with err: Rpc(Call(ErrorObject { code: ServerError(-32050), message: "Transaction timed out before reaching finality", data: None })) tx_digest=Digest("AqNbjNX6z8sTURFEhdptngjwczK4xnWULA4JmARYrADc") retry_cnt=0
2026-05-20T12:39:13.672321Z ERROR iota_benchmark: Transaction failed with err: Rpc(Call(ErrorObject { code: ServerError(-32050), message: "Transaction timed out before reaching finality", data: None })) tx_digest=Digest("36J332vpxpNH8kHsBuS49E3XtvzoY65aR4fhiVYSZHbA") retry_cnt=0
2026-05-20T12:39:13.700764Z ERROR iota_benchmark: Transaction failed with err: Rpc(Call(ErrorObject { code: ServerError(-32050), message: "Transaction timed out before reaching finality", data: None })) tx_digest=Digest("3LYfhqrNsQMp8wtNJkrpQh2ggHjMuQnEubriSi9DE6K7") retry_cnt=0
2026-05-20T12:39:13.701789Z ERROR iota_benchmark: Transaction failed with err: Rpc(Call(ErrorObject { code: ServerError(-32050), message: "Transaction timed out before reaching finality", data: None })) tx_digest=Digest("HymohQavpqjsKJej6vkL3kxKJ4VL9WaSuxSqJDT55hWE") retry_cnt=0
2026-05-20T12:39:13.729981Z ERROR iota_benchmark: Transaction failed with err: Rpc(Call(ErrorObject { code: ServerError(-32050), message: "Transaction timed out before reaching finality", data: None })) tx_digest=Digest("XGPGNE9G1ghW4X8PEsDfx8Ky4bMaUutzXTRGwes1vjc") retry_cnt=0
2026-05-20T12:39:13.765985Z ERROR iota_benchmark: Transaction failed with err: Rpc(Call(ErrorObject { code: ServerError(-32050), message: "Transaction timed out before reaching finality", data: None })) tx_digest=Digest("HKM13tYAe8C3MqjUbSc8J1m6qVuwM3yTHbJHBtHwS3Dk") retry_cnt=0
2026-05-20T12:39:13.772770Z ERROR iota_benchmark: Transaction failed with err: Rpc(Call(ErrorObject { code: ServerError(-32050), message: "Transaction timed out before reaching finality", data: None })) tx_digest=Digest("BJkAqqQqyMQG6nSJ7D9jeoFToRMsw68DMtJDEV7RUU7C") retry_cnt=0
2026-05-20T12:39:13.801471Z ERROR iota_benchmark: Transaction failed with err: Rpc(Call(ErrorObject { code: ServerError(-32050), message: "Transaction timed out before reaching finality", data: None })) tx_digest=Digest("HEBoVMXAsTq5P8uLXFaCBJrNHy2uQqgfnScpX271xrFY") retry_cnt=0
2026-05-20T12:39:13.820480Z ERROR iota_benchmark: Transaction failed with err: Rpc(Call(ErrorObject { code: ServerError(-32050), message: "Transaction timed out before reaching finality", data: None })) tx_digest=Digest("6ARbroqD5cUYn8RKpSY8JYrN4Up3XjFPhVsxvFq8S8Mv") retry_cnt=0
2026-05-20T12:39:13.836374Z ERROR iota_benchmark: Transaction failed with err: Rpc(Call(ErrorObject { code: ServerError(-32050), message: "Transaction timed out before reaching finality", data: None })) tx_digest=Digest("57uwc4cxCqijWmYZfrXPLYWohnA5DUq3VNET2WpGm6vN") retry_cnt=0
2026-05-20T12:39:13.914206Z ERROR iota_benchmark: Transaction failed with err: Rpc(Call(ErrorObject { code: ServerError(-32050), message: "Transaction timed out before reaching finality", data: None })) tx_digest=Digest("C51wSrq6PA8Z8Cux8tSBsc4maFAGo9mnY3UNdSf6z3PY") retry_cnt=0
2026-05-20T12:39:13.932490Z ERROR iota_benchmark: Transaction failed with err: Rpc(Call(ErrorObject { code: ServerError(-32050), message: "Transaction timed out before reaching finality", data: None })) tx_digest=Digest("G1n6MsFP8w3JVuDebQtCVMMc8zA92g9eAfUVEMCFeNWj") retry_cnt=0
2026-05-20T12:39:13.956956Z ERROR iota_benchmark: Transaction failed with err: Rpc(Call(ErrorObject { code: ServerError(-32050), message: "Transaction timed out before reaching finality", data: None })) tx_digest=Digest("EqyCcyfHGeFSrCE2omxBtMVDSZrCw7DUyEJd7vowaQFB") retry_cnt=0
2026-05-20T12:39:13.956969Z ERROR iota_benchmark: Transaction failed with err: Rpc(Call(ErrorObject { code: ServerError(-32050), message: "Transaction timed out before reaching finality", data: None })) tx_digest=Digest("A6UABSq42nLKqiku9gbxAcvteGfMgU7wBjTS8HJwVWME") retry_cnt=0
2026-05-20T12:39:14.019698Z ERROR iota_benchmark: Transaction failed with err: Rpc(Call(ErrorObject { code: ServerError(-32050), message: "Transaction timed out before reaching finality", data: None })) tx_digest=Digest("7iwhaVLeW57NC3Qk6pNdSV4YnmtntAZfRJmyQKjmu9V9") retry_cnt=0
2026-05-20T12:39:14.050123Z ERROR iota_benchmark: Transaction failed with err: Rpc(Call(ErrorObject { code: ServerError(-32050), message: "Transaction timed out before reaching finality", data: None })) tx_digest=Digest("EbuGzKR6v6GXcNzUjv7QwnQw1WZJQhk53cGEeu7pBDWG") retry_cnt=0
2026-05-20T12:39:14.051952Z ERROR iota_benchmark: Transaction failed with err: Rpc(Call(ErrorObject { code: ServerError(-32050), message: "Transaction timed out before reaching finality", data: None })) tx_digest=Digest("HgxXB7x67Mb3XDDiJdQmKFJLS6JcrDa5sKBhgy3J1XBW") retry_cnt=0
2026-05-20T12:39:14.079962Z ERROR iota_benchmark: Transaction failed with err: Rpc(Call(ErrorObject { code: ServerError(-32050), message: "Transaction timed out before reaching finality", data: None })) tx_digest=Digest("2fgA3KfCufWHCWkxabVmdvVN9CMaK9Q4s33YhQ2i9RcP") retry_cnt=0
2026-05-20T12:39:14.086430Z ERROR iota_benchmark: Transaction failed with err: Rpc(Call(ErrorObject { code: ServerError(-32050), message: "Transaction timed out before reaching finality", data: None })) tx_digest=Digest("EtiSPowWWJpSFXNpEeBCPMiukqHbwBMYvt9jvhGhguRr") retry_cnt=0
2026-05-20T12:39:14.131235Z ERROR iota_benchmark: Transaction failed with err: Rpc(Call(ErrorObject { code: ServerError(-32050), message: "Transaction timed out before reaching finality", data: None })) tx_digest=Digest("FfTB3EhaYfPeTmncKK24XASm7yUreqgQVd1ysP8Xk5pb") retry_cnt=0
2026-05-20T12:39:14.140934Z ERROR iota_benchmark: Transaction failed with err: Rpc(Call(ErrorObject { code: ServerError(-32050), message: "Transaction timed out before reaching finality", data: None })) tx_digest=Digest("83G29KhGv2uh1V4dQxafdBuCRiaW7pbkzqf5A4Wfxqrk") retry_cnt=0
2026-05-20T12:39:14.140938Z ERROR iota_benchmark: Transaction failed with err: Rpc(Call(ErrorObject { code: ServerError(-32050), message: "Transaction timed out before reaching finality", data: None })) tx_digest=Digest("D6kH9fNaYT6zPN7YpXaCWY5v7yUN8CY7qPNLphYJEpbr") retry_cnt=0
2026-05-20T12:39:14.252996Z ERROR iota_benchmark: Transaction failed with err: Rpc(Call(ErrorObject { code: ServerError(-32050), message: "Transaction timed out before reaching finality", data: None })) tx_digest=Digest("4YeDygo6VoiXULX12ZKhWp3jyUSTBfDm7xxCvrPJ4eRZ") retry_cnt=0
2026-05-20T12:39:14.257237Z ERROR iota_benchmark: Transaction failed with err: Rpc(Call(ErrorObject { code: ServerError(-32050), message: "Transaction timed out before reaching finality", data: None })) tx_digest=Digest("Hi9gyWHKac2PLcwYzjCpFbyfzT6nwF6QKPdx2JPaQiWx") retry_cnt=0
2026-05-20T12:39:14.500769Z ERROR iota_benchmark: Transaction failed with err: Rpc(Call(ErrorObject { code: ServerError(-32050), message: "Transaction timed out before reaching finality", data: None })) tx_digest=Digest("GqPdsoPXMo5PhYx34FFY2gFiBbaU2tpDzjwM98eDopQt") retry_cnt=0
2026-05-20T12:39:14.516438Z ERROR iota_benchmark: Transaction failed with err: Rpc(Call(ErrorObject { code: ServerError(-32050), message: "Transaction timed out before reaching finality", data: None })) tx_digest=Digest("Dm6SVW4fEusrUzGV77f9fD5WKcKAqHqaTTRE7Bujus4k") retry_cnt=0
2026-05-20T12:39:14.523325Z ERROR iota_benchmark: Transaction failed with err: Rpc(Call(ErrorObject { code: ServerError(-32050), message: "Transaction timed out before reaching finality", data: None })) tx_digest=Digest("61QVc9DGh5hpi7pvZBauTh7wMGaGgSqRqTmHakZE5JTN") retry_cnt=0
2026-05-20T12:39:14.539375Z ERROR iota_benchmark: Transaction failed with err: Rpc(Call(ErrorObject { code: ServerError(-32050), message: "Transaction timed out before reaching finality", data: None })) tx_digest=Digest("8oPPeyWsPAJLbxE2kDnL2FiSe3N46mN4SK1oUpvmTuHq") retry_cnt=0
2026-05-20T12:39:14.539486Z ERROR iota_benchmark: Transaction failed with err: Rpc(Call(ErrorObject { code: ServerError(-32050), message: "Transaction timed out before reaching finality", data: None })) tx_digest=Digest("Avqk1kK88fJrjQX7PKZ9TuF89u2Ez5L5mrqgoqe94pD5") retry_cnt=0
2026-05-20T12:39:14.559041Z ERROR iota_benchmark: Transaction failed with err: Rpc(Call(ErrorObject { code: ServerError(-32050), message: "Transaction timed out before reaching finality", data: None })) tx_digest=Digest("B8oM6oSdLC9zLPejauJmLQDsicfECFcDAfv8xsYFRCTL") retry_cnt=0
2026-05-20T12:39:14.574226Z ERROR iota_benchmark: Transaction failed with err: Rpc(Call(ErrorObject { code: ServerError(-32050), message: "Transaction timed out before reaching finality", data: None })) tx_digest=Digest("7sDvVhqfa5aRzrzoYcxNYXHQq8Dy4ZjM9ZkGgJx4bvG7") retry_cnt=0
2026-05-20T12:39:14.677287Z ERROR iota_benchmark: Transaction failed with err: Rpc(Call(ErrorObject { code: ServerError(-32050), message: "Transaction timed out before reaching finality", data: None })) tx_digest=Digest("6k3FHhUpesoeYtHCgrGgDTLoQEHeHbGgdPXAdifTSA4X") retry_cnt=0
2026-05-20T12:39:14.688837Z ERROR iota_benchmark: Transaction failed with err: Rpc(Call(ErrorObject { code: ServerError(-32050), message: "Transaction timed out before reaching finality", data: None })) tx_digest=Digest("GrJtnN8rmFsCW4zqLVRAsZFJVHx4ShFqhTKdWwPGiEb9") retry_cnt=0
2026-05-20T12:39:14.689470Z ERROR iota_benchmark: Transaction failed with err: Rpc(Call(ErrorObject { code: ServerError(-32050), message: "Transaction timed out before reaching finality", data: None })) tx_digest=Digest("ATq6f5WXY1zUerSzRVQndaHqjRr9WSfQCX1BMUuL6dC9") retry_cnt=0
2026-05-20T12:39:14.689486Z ERROR iota_benchmark: Transaction failed with err: Rpc(Call(ErrorObject { code: ServerError(-32050), message: "Transaction timed out before reaching finality", data: None })) tx_digest=Digest("7Uyc1NszrgrfR6nzGNXeMaE8CHxtZy2QdGTtrvMDgs3W") retry_cnt=0
2026-05-20T12:39:14.826546Z ERROR iota_benchmark: Transaction failed with err: Rpc(Call(ErrorObject { code: ServerError(-32050), message: "Transaction timed out before reaching finality", data: None })) tx_digest=Digest("5EpGCNiDX2zrtfT78D994R3yw9wxbMZawSWZX5trHUmq") retry_cnt=0
2026-05-20T12:39:14.850585Z ERROR iota_benchmark: Transaction failed with err: Rpc(Call(ErrorObject { code: ServerError(-32050), message: "Transaction timed out before reaching finality", data: None })) tx_digest=Digest("29K9yN8u4kzGwCFvzaLQJ29ggj9bnKUptvNPc4F3yifU") retry_cnt=0
2026-05-20T12:39:14.851601Z ERROR iota_benchmark: Transaction failed with err: Rpc(Call(ErrorObject { code: ServerError(-32050), message: "Transaction timed out before reaching finality", data: None })) tx_digest=Digest("7fEoM1xZt6XSUpbS4GZGjJqeshcp9uff1YB9Y94Ea941") retry_cnt=0
2026-05-20T12:39:14.941352Z ERROR iota_benchmark: Transaction failed with err: Rpc(Call(ErrorObject { code: ServerError(-32050), message: "Transaction timed out before reaching finality", data: None })) tx_digest=Digest("HqJNFvzCXvogigCYYoe7U3re2ZVXkempAQjM2nW3Xwhf") retry_cnt=0
2026-05-20T12:39:14.967342Z ERROR iota_benchmark: Transaction failed with err: Rpc(Call(ErrorObject { code: ServerError(-32050), message: "Transaction timed out before reaching finality", data: None })) tx_digest=Digest("CzLyMmBayw6PNe9ukLmq1ZCUh1wNkRfXQu6mSBPcVQDB") retry_cnt=0
2026-05-20T12:39:14.985690Z ERROR iota_benchmark: Transaction failed with err: Rpc(Call(ErrorObject { code: ServerError(-32050), message: "Transaction timed out before reaching finality", data: None })) tx_digest=Digest("Gi7TFhfYnu95bJed8qikzFgoBPDZURpMNK5hCpk2B2te") retry_cnt=0
2026-05-20T12:39:15.024272Z ERROR iota_benchmark: Transaction failed with err: Rpc(Call(ErrorObject { code: ServerError(-32050), message: "Transaction timed out before reaching finality", data: None })) tx_digest=Digest("4khrQGgatHdEdUhENNmmtkU5WUbF6fNcsmFhABdDJZq8") retry_cnt=0
2026-05-20T12:39:15.033701Z ERROR iota_benchmark: Transaction failed with err: Rpc(Call(ErrorObject { code: ServerError(-32050), message: "Transaction timed out before reaching finality", data: None })) tx_digest=Digest("9VtCWLVK1aYasRmhGepecJwC83hSRAJFmGwe2g7Yyxsz") retry_cnt=0
2026-05-20T12:39:15.056706Z ERROR iota_benchmark: Transaction failed with err: Rpc(Call(ErrorObject { code: ServerError(-32050), message: "Transaction timed out before reaching finality", data: None })) tx_digest=Digest("7akyvDiemJ2NexvwWa7BbswR8J7fuGjhkWFu13EcUke8") retry_cnt=0
2026-05-20T12:39:15.065511Z ERROR iota_benchmark: Transaction failed with err: Rpc(Call(ErrorObject { code: ServerError(-32050), message: "Transaction timed out before reaching finality", data: None })) tx_digest=Digest("F8h4WAeLWpxbFNBujJ5SNYcspPSGjvaa3wuMQ2mqFsy5") retry_cnt=0
2026-05-20T12:39:15.068941Z ERROR iota_benchmark: Transaction failed with err: Rpc(Call(ErrorObject { code: ServerError(-32050), message: "Transaction timed out before reaching finality", data: None })) tx_digest=Digest("6bQqF6UsmyrANrsEBpZ19CjW6kAMzEKRLaFoyYu3wgdt") retry_cnt=0
2026-05-20T12:39:15.091223Z ERROR iota_benchmark: Transaction failed with err: Rpc(Call(ErrorObject { code: ServerError(-32050), message: "Transaction timed out before reaching finality", data: None })) tx_digest=Digest("EpazsutKb6vQD62ymvdpgZpuy8dnNtRUPj4Gwr2pXhfs") retry_cnt=0
2026-05-20T12:39:15.091345Z ERROR iota_benchmark: Transaction failed with err: Rpc(Call(ErrorObject { code: ServerError(-32050), message: "Transaction timed out before reaching finality", data: None })) tx_digest=Digest("5TELiDsM5i9PU6j8aokBMVMDzV7BHMzyowY6P8Tspnmr") retry_cnt=0
2026-05-20T12:39:15.138257Z ERROR iota_benchmark: Transaction failed with err: Rpc(Call(ErrorObject { code: ServerError(-32050), message: "Transaction timed out before reaching finality", data: None })) tx_digest=Digest("F7HYGaZgdm54C6Trk1DCt3nMhJhAFJgNvGeHd4wMAeoJ") retry_cnt=0
2026-05-20T12:39:15.184857Z ERROR iota_benchmark: Transaction failed with err: Rpc(Call(ErrorObject { code: ServerError(-32050), message: "Transaction timed out before reaching finality", data: None })) tx_digest=Digest("7eTvDWAUp9JY7LMs8PubW3Y16kSrhdmrFBLPqaVDnRXP") retry_cnt=0
2026-05-20T12:39:15.230590Z ERROR iota_benchmark: Transaction failed with err: Rpc(Call(ErrorObject { code: ServerError(-32050), message: "Transaction timed out before reaching finality", data: None })) tx_digest=Digest("A2ZVMjWpKVi2ndX3zT3NEiwpWzNvNoEtzk1XjGHpwMTf") retry_cnt=0
2026-05-20T12:39:15.252400Z ERROR iota_benchmark: Transaction failed with err: Rpc(Call(ErrorObject { code: ServerError(-32050), message: "Transaction timed out before reaching finality", data: None })) tx_digest=Digest("GJmdFou8isbAw4wLKcARsyqwtW9V2vBcnMRn6yBSanXS") retry_cnt=0
2026-05-20T12:39:15.267210Z ERROR iota_benchmark: Transaction failed with err: Rpc(Call(ErrorObject { code: ServerError(-32050), message: "Transaction timed out before reaching finality", data: None })) tx_digest=Digest("4prnorv9WpWuLD34fikbtGbVrGFEfywyFUMnRnEjF1Ev") retry_cnt=0
2026-05-20T12:39:15.272388Z ERROR iota_benchmark: Transaction failed with err: Rpc(Call(ErrorObject { code: ServerError(-32050), message: "Transaction timed out before reaching finality", data: None })) tx_digest=Digest("3rJqtChv727YemATUVjU7KqG7n4UELyA2Nhj6H6PVxgc") retry_cnt=0
2026-05-20T12:39:15.276363Z ERROR iota_benchmark: Transaction failed with err: Rpc(Call(ErrorObject { code: ServerError(-32050), message: "Transaction timed out before reaching finality", data: None })) tx_digest=Digest("774M4bqq1J3FrSfUASD9idYyCDrhZTLcGkmtFBmn7xgV") retry_cnt=0
2026-05-20T12:39:15.279717Z ERROR iota_benchmark: Transaction failed with err: Rpc(Call(ErrorObject { code: ServerError(-32050), message: "Transaction timed out before reaching finality", data: None })) tx_digest=Digest("3DvcXMBwWjuz6XdfbgZDiFGKUHTAM2rNbhnPD1EZpzWJ") retry_cnt=0
2026-05-20T12:39:15.279727Z ERROR iota_benchmark: Transaction failed with err: Rpc(Call(ErrorObject { code: ServerError(-32050), message: "Transaction timed out before reaching finality", data: None })) tx_digest=Digest("GVdvDiKo1Ae24rdPBtZmAHgNPxXsTzst8BQWvF7RsHir") retry_cnt=0
2026-05-20T12:39:15.279872Z ERROR iota_benchmark: Transaction failed with err: Rpc(Call(ErrorObject { code: ServerError(-32050), message: "Transaction timed out before reaching finality", data: None })) tx_digest=Digest("7knu8vjpHzW8xCcaCeCxwqbtkVj93fav5oNVXkNSAWSj") retry_cnt=0
2026-05-20T12:39:15.279986Z ERROR iota_benchmark: Transaction failed with err: Rpc(Call(ErrorObject { code: ServerError(-32050), message: "Transaction timed out before reaching finality", data: None })) tx_digest=Digest("B7KUf2YDdGGXe8NF4xXBrau2ptTbfEeCFQDuHCZP9jY4") retry_cnt=0
2026-05-20T12:39:15.296448Z ERROR iota_benchmark: Transaction failed with err: Rpc(Call(ErrorObject { code: ServerError(-32050), message: "Transaction timed out before reaching finality", data: None })) tx_digest=Digest("eW2YvZvM455V7kkHDhiFcBVtN3TBHE3S3ih6GNj9LA2") retry_cnt=0
2026-05-20T12:39:15.320566Z ERROR iota_benchmark: Transaction failed with err: Rpc(Call(ErrorObject { code: ServerError(-32050), message: "Transaction timed out before reaching finality", data: None })) tx_digest=Digest("9cNv6Jun6zKZNXC6L3Dg55NzSWsa9BCQhMjzU3jH6qio") retry_cnt=0
2026-05-20T12:39:15.328006Z ERROR iota_benchmark: Transaction failed with err: Rpc(Call(ErrorObject { code: ServerError(-32050), message: "Transaction timed out before reaching finality", data: None })) tx_digest=Digest("9r6WeDg4Ld8cRnksVY4zQuyJP6JaevpbTDqmnzkMbFg5") retry_cnt=0
2026-05-20T12:39:15.328316Z ERROR iota_benchmark: Transaction failed with err: Rpc(Call(ErrorObject { code: ServerError(-32050), message: "Transaction timed out before reaching finality", data: None })) tx_digest=Digest("BQwL4fzq5Bqt8RrDZWFWdbrpuy2DUiByEL8DofAMY9ma") retry_cnt=0
2026-05-20T12:39:15.497892Z ERROR iota_benchmark: Transaction failed with err: Rpc(Call(ErrorObject { code: ServerError(-32050), message: "Transaction timed out before reaching finality", data: None })) tx_digest=Digest("9MidcYtybnNmDNPNDc1LcizURn5reyxjiJ5opuJseYBT") retry_cnt=0
2026-05-20T12:39:15.502178Z ERROR iota_benchmark: Transaction failed with err: Rpc(Call(ErrorObject { code: ServerError(-32050), message: "Transaction timed out before reaching finality", data: None })) tx_digest=Digest("4v84h5bGscbxWFXJxX37i63Ne1ygKLcTEPSjkRvvpjUR") retry_cnt=0
2026-05-20T12:39:15.504338Z ERROR iota_benchmark: Transaction failed with err: Rpc(Call(ErrorObject { code: ServerError(-32050), message: "Transaction timed out before reaching finality", data: None })) tx_digest=Digest("63LwvC55XKLtsizfruxKY6g84Tkkf5u4Hs1rToogxfFP") retry_cnt=0
2026-05-20T12:39:15.512634Z ERROR iota_benchmark: Transaction failed with err: Rpc(Call(ErrorObject { code: ServerError(-32050), message: "Transaction timed out before reaching finality", data: None })) tx_digest=Digest("GKJfBzsHXJGyKpkwoFca1p8KRRq8gie5GHFsNbQzWzkJ") retry_cnt=0
2026-05-20T12:39:15.568532Z ERROR iota_benchmark: Transaction failed with err: Rpc(Call(ErrorObject { code: ServerError(-32050), message: "Transaction timed out before reaching finality", data: None })) tx_digest=Digest("9jQFRCVi9j222VfZGeJwXWgES4NzayTLkfHUAtPoKqwD") retry_cnt=0
2026-05-20T12:39:15.577869Z ERROR iota_benchmark: Transaction failed with err: Rpc(Call(ErrorObject { code: ServerError(-32050), message: "Transaction timed out before reaching finality", data: None })) tx_digest=Digest("9g37Lsk1pMe6MSmkZXXvGscNwJbGgb5WAaYCSoWPC4bX") retry_cnt=0
2026-05-20T12:39:15.583950Z ERROR iota_benchmark: Transaction failed with err: Rpc(Call(ErrorObject { code: ServerError(-32050), message: "Transaction timed out before reaching finality", data: None })) tx_digest=Digest("B9CGisx4wNViGKxKBW1ExB1acjdN3dKa2zHXvoEBNC4x") retry_cnt=0
2026-05-20T12:39:15.590334Z ERROR iota_benchmark: Transaction failed with err: Rpc(Call(ErrorObject { code: ServerError(-32050), message: "Transaction timed out before reaching finality", data: None })) tx_digest=Digest("VCYbauoRgMhdEEx2yA6C9RL8Xvr3xcWRfVCwUBt6YqC") retry_cnt=0
2026-05-20T12:39:15.602388Z ERROR iota_benchmark: Transaction failed with err: Rpc(Call(ErrorObject { code: ServerError(-32050), message: "Transaction timed out before reaching finality", data: None })) tx_digest=Digest("5fYTKVNEZePXjiDS5ap95znMTJfbarpkCxg5eJXoM9Mp") retry_cnt=0
2026-05-20T12:39:15.618698Z ERROR iota_benchmark: Transaction failed with err: Rpc(Call(ErrorObject { code: ServerError(-32050), message: "Transaction timed out before reaching finality", data: None })) tx_digest=Digest("FcSZecVFDAKw9rokBNWXsebfrUwmDPKHgfBxGeTGMae8") retry_cnt=0
2026-05-20T12:39:15.661717Z ERROR iota_benchmark: Transaction failed with err: Rpc(Call(ErrorObject { code: ServerError(-32050), message: "Transaction timed out before reaching finality", data: None })) tx_digest=Digest("5cxJQQJqo4J4yM6G8fvTNTogwJJQdYNmrJhfEk5DtjqQ") retry_cnt=0
2026-05-20T12:39:15.662091Z ERROR iota_benchmark: Transaction failed with err: Rpc(Call(ErrorObject { code: ServerError(-32050), message: "Transaction timed out before reaching finality", data: None })) tx_digest=Digest("59ES6dTxRBeRkbfZRbCEcxietFkPNm7TphJpsFiruqe6") retry_cnt=0
2026-05-20T12:39:15.672403Z ERROR iota_benchmark: Transaction failed with err: Rpc(Call(ErrorObject { code: ServerError(-32050), message: "Transaction timed out before reaching finality", data: None })) tx_digest=Digest("Eh4KDTb6jrKwrvF8J66LZUR5PWMhUDUmwohKnXtoyg68") retry_cnt=0
2026-05-20T12:39:15.683228Z ERROR iota_benchmark: Transaction failed with err: Rpc(Call(ErrorObject { code: ServerError(-32050), message: "Transaction timed out before reaching finality", data: None })) tx_digest=Digest("ugQ9QoQTTkGgTCG5Sqtdi2LD2S8Vosfk8zCWhcgKMvW") retry_cnt=0
2026-05-20T12:39:15.695518Z ERROR iota_benchmark: Transaction failed with err: Rpc(Call(ErrorObject { code: ServerError(-32050), message: "Transaction timed out before reaching finality", data: None })) tx_digest=Digest("41ZmxKosYkywg6j3etaLaPmD1BthtdwDn6z2D5K61trY") retry_cnt=0
2026-05-20T12:39:15.700967Z ERROR iota_benchmark: Transaction failed with err: Rpc(Call(ErrorObject { code: ServerError(-32050), message: "Transaction timed out before reaching finality", data: None })) tx_digest=Digest("D5QymdxBanccNPCKrmzc6eeRaNgSUKoTkN7Gehzbjh5e") retry_cnt=0
2026-05-20T12:39:15.725753Z ERROR iota_benchmark: Transaction failed with err: Rpc(Call(ErrorObject { code: ServerError(-32050), message: "Transaction timed out before reaching finality", data: None })) tx_digest=Digest("2rNXdy8phKuaRvhDkBWDbMqYf5JXs8hrdQuDMowkwJCo") retry_cnt=0
2026-05-20T12:39:15.782406Z ERROR iota_benchmark: Transaction failed with err: Rpc(Call(ErrorObject { code: ServerError(-32050), message: "Transaction timed out before reaching finality", data: None })) tx_digest=Digest("EbMbfSsKfdKdw6xWUaV6R5m1vRNcB93TPpN5skKP7sfs") retry_cnt=0
2026-05-20T12:39:15.798206Z ERROR iota_benchmark: Transaction failed with err: Rpc(Call(ErrorObject { code: ServerError(-32050), message: "Transaction timed out before reaching finality", data: None })) tx_digest=Digest("hDCyHG7jSPcAxSkVtrAAhU7hSq7psYvaLhjv4XPRQFU") retry_cnt=0
2026-05-20T12:39:15.827733Z ERROR iota_benchmark: Transaction failed with err: Rpc(Call(ErrorObject { code: ServerError(-32050), message: "Transaction timed out before reaching finality", data: None })) tx_digest=Digest("CBFqYFPs1mnQrpbrsLygi8WZjy7AY6u8MDmpa8jDxGyy") retry_cnt=0
2026-05-20T12:39:15.831465Z ERROR iota_benchmark: Transaction failed with err: Rpc(Call(ErrorObject { code: ServerError(-32050), message: "Transaction timed out before reaching finality", data: None })) tx_digest=Digest("89PU8BB8uyPNXPw7QjGWjGTkVtVxGAupctwETkXpzuYY") retry_cnt=0
2026-05-20T12:39:15.853682Z ERROR iota_benchmark: Transaction failed with err: Rpc(Call(ErrorObject { code: ServerError(-32050), message: "Transaction timed out before reaching finality", data: None })) tx_digest=Digest("5AD75BuCrrKLESB2xX5ccW1833pRCt4eBArDjS6FVx99") retry_cnt=0
2026-05-20T12:39:15.854860Z ERROR iota_benchmark: Transaction failed with err: Rpc(Call(ErrorObject { code: ServerError(-32050), message: "Transaction timed out before reaching finality", data: None })) tx_digest=Digest("5ZTZrVZXnB9ReHrURZPFpRYT3UHFJTeyBzcWsW8GfUKw") retry_cnt=0
2026-05-20T12:39:15.863373Z ERROR iota_benchmark: Transaction failed with err: Rpc(Call(ErrorObject { code: ServerError(-32050), message: "Transaction timed out before reaching finality", data: None })) tx_digest=Digest("DZ9hsneU9rKpeJcDokvhnBCieBvPHYp3PBXSxhiGWW2P") retry_cnt=0
2026-05-20T12:39:15.881442Z ERROR iota_benchmark: Transaction failed with err: Rpc(Call(ErrorObject { code: ServerError(-32050), message: "Transaction timed out before reaching finality", data: None })) tx_digest=Digest("62wX4mnjhn98mu8HCRxGK3HYEW98z7aCXBQLUWwo11SN") retry_cnt=0
2026-05-20T12:39:15.882308Z ERROR iota_benchmark: Transaction failed with err: Rpc(Call(ErrorObject { code: ServerError(-32050), message: "Transaction timed out before reaching finality", data: None })) tx_digest=Digest("5ArRHsxK8dVv4fRDyiuV4Eai61GRHsFycwuTop35e1qe") retry_cnt=0
2026-05-20T12:39:15.906548Z ERROR iota_benchmark: Transaction failed with err: Rpc(Call(ErrorObject { code: ServerError(-32050), message: "Transaction timed out before reaching finality", data: None })) tx_digest=Digest("6ZvjmwZbaX3EcL6bvkTmTcLXbMVqbvb8DBJhxn8KRhUZ") retry_cnt=0
2026-05-20T12:39:15.913352Z ERROR iota_benchmark: Transaction failed with err: Rpc(Call(ErrorObject { code: ServerError(-32050), message: "Transaction timed out before reaching finality", data: None })) tx_digest=Digest("7jhX4ADY4jcsGBWeichFEb48tRz9WQQA3xQxX77Xu7GF") retry_cnt=0
2026-05-20T12:39:15.913655Z ERROR iota_benchmark: Transaction failed with err: Rpc(Call(ErrorObject { code: ServerError(-32050), message: "Transaction timed out before reaching finality", data: None })) tx_digest=Digest("C1EXjRDpAMXnzyQnyVktXFqB9Qd5NmsqRBBUuBdrizUy") retry_cnt=0
2026-05-20T12:39:15.914060Z ERROR iota_benchmark: Transaction failed with err: Rpc(Call(ErrorObject { code: ServerError(-32050), message: "Transaction timed out before reaching finality", data: None })) tx_digest=Digest("FbLmymxVwMdXS4kSLZZq124zq6SsikyCCaBng6KHdTZ6") retry_cnt=0
2026-05-20T12:39:15.916609Z ERROR iota_benchmark: Transaction failed with err: Rpc(Call(ErrorObject { code: ServerError(-32050), message: "Transaction timed out before reaching finality", data: None })) tx_digest=Digest("BBhQYTgJHSW8tKqu73qvrU5uauWF5tXyJqjdQFx4WU5W") retry_cnt=0
2026-05-20T12:39:15.922053Z ERROR iota_benchmark: Transaction failed with err: Rpc(Call(ErrorObject { code: ServerError(-32050), message: "Transaction timed out before reaching finality", data: None })) tx_digest=Digest("8hf6J9z4t6sfmLKN2yPriWc6GqBcg1EFrTG91GHJJRb7") retry_cnt=0
2026-05-20T12:39:15.936861Z ERROR iota_benchmark: Transaction failed with err: Rpc(Call(ErrorObject { code: ServerError(-32050), message: "Transaction timed out before reaching finality", data: None })) tx_digest=Digest("3xim21Vh77m9VSRKViXKbXX4GwzRq84cxZcSkuCBNXcU") retry_cnt=0
2026-05-20T12:39:15.951512Z ERROR iota_benchmark: Transaction failed with err: Rpc(Call(ErrorObject { code: ServerError(-32050), message: "Transaction timed out before reaching finality", data: None })) tx_digest=Digest("CFMNX4o6obp7g8mPci4tupjkT3HmLSJ32PvcEXJtskX1") retry_cnt=0
2026-05-20T12:39:15.952945Z ERROR iota_benchmark: Transaction failed with err: Rpc(Call(ErrorObject { code: ServerError(-32050), message: "Transaction timed out before reaching finality", data: None })) tx_digest=Digest("HJkYc8BFz5rwUc1cZdLxvKT8FEtLfgWsUx5KQqCLMzZU") retry_cnt=0
2026-05-20T12:39:15.994445Z ERROR iota_benchmark: Transaction failed with err: Rpc(Call(ErrorObject { code: ServerError(-32050), message: "Transaction timed out before reaching finality", data: None })) tx_digest=Digest("595YKkRpzCD5QkDYwr791xd9QEPGMjD4DPgqoXnZGxbb") retry_cnt=0
2026-05-20T12:39:16.019270Z ERROR iota_benchmark: Transaction failed with err: Rpc(Call(ErrorObject { code: ServerError(-32050), message: "Transaction timed out before reaching finality", data: None })) tx_digest=Digest("B93uTYwvLMetTjaK4Jti8hcfXdr6hfrFRYx9QioTg1zL") retry_cnt=0
2026-05-20T12:39:16.027481Z ERROR iota_benchmark: Transaction failed with err: Rpc(Call(ErrorObject { code: ServerError(-32050), message: "Transaction timed out before reaching finality", data: None })) tx_digest=Digest("uJqijXTZxPzD8s2mxfKtdMptTBu3545LQuYosCjZUWu") retry_cnt=0
2026-05-20T12:39:16.031128Z ERROR iota_benchmark: Transaction failed with err: Rpc(Call(ErrorObject { code: ServerError(-32050), message: "Transaction timed out before reaching finality", data: None })) tx_digest=Digest("14WmSVQPSy4BEkkfm2yjP2xtQB8RWLTttttLBGB62YQC") retry_cnt=0
2026-05-20T12:39:16.047981Z ERROR iota_benchmark: Transaction failed with err: Rpc(Call(ErrorObject { code: ServerError(-32050), message: "Transaction timed out before reaching finality", data: None })) tx_digest=Digest("8TvHs43AqP4D1LBL74FBCjTWPdqni73dghzwAfNPdxPN") retry_cnt=0
2026-05-20T12:39:16.048230Z ERROR iota_benchmark: Transaction failed with err: Rpc(Call(ErrorObject { code: ServerError(-32050), message: "Transaction timed out before reaching finality", data: None })) tx_digest=Digest("p2JhTQUezXUDYXS1orm4Nm4t62XDNB5jkSM5xuqphkT") retry_cnt=0
2026-05-20T12:39:16.048422Z ERROR iota_benchmark: Transaction failed with err: Rpc(Call(ErrorObject { code: ServerError(-32050), message: "Transaction timed out before reaching finality", data: None })) tx_digest=Digest("CSggzVJ2acZYjnof6rAi71mExiVqyn1qNFj4SwhqY4rh") retry_cnt=0
2026-05-20T12:39:16.057001Z ERROR iota_benchmark: Transaction failed with err: Rpc(Call(ErrorObject { code: ServerError(-32050), message: "Transaction timed out before reaching finality", data: None })) tx_digest=Digest("CZDnbdv19M2EhZCwTGFLFhdGJ5M55A7coRHBkTqqkHaP") retry_cnt=0
2026-05-20T12:39:16.061903Z ERROR iota_benchmark: Transaction failed with err: Rpc(Call(ErrorObject { code: ServerError(-32050), message: "Transaction timed out before reaching finality", data: None })) tx_digest=Digest("De1wSNxhyNUQpaApdfgCM8VjbyTQ22Ep4p6pBwKVqEKu") retry_cnt=0
2026-05-20T12:39:16.062120Z ERROR iota_benchmark: Transaction failed with err: Rpc(Call(ErrorObject { code: ServerError(-32050), message: "Transaction timed out before reaching finality", data: None })) tx_digest=Digest("B3KmN6LUaukNe3H3RgqPxiHeeYDpZRGtYGvws4AFdX57") retry_cnt=0
2026-05-20T12:39:16.070351Z ERROR iota_benchmark: Transaction failed with err: Rpc(Call(ErrorObject { code: ServerError(-32050), message: "Transaction timed out before reaching finality", data: None })) tx_digest=Digest("6kfsuTG3KUjyQFNkVb4TuZYAhKHJMnexDC953rhHbP1t") retry_cnt=0
2026-05-20T12:39:16.070922Z ERROR iota_benchmark: Transaction failed with err: Rpc(Call(ErrorObject { code: ServerError(-32050), message: "Transaction timed out before reaching finality", data: None })) tx_digest=Digest("79nvEFuhGDYenUxuroAvDn7dxamfgtqFtmnJm1beXJjS") retry_cnt=0
2026-05-20T12:39:16.074689Z ERROR iota_benchmark: Transaction failed with err: Rpc(Call(ErrorObject { code: ServerError(-32050), message: "Transaction timed out before reaching finality", data: None })) tx_digest=Digest("79MjpZV2Eg9TXRTGeq3wFvjE1zduMXuCmNWAhrugsGoY") retry_cnt=0
2026-05-20T12:39:16.076597Z ERROR iota_benchmark: Transaction failed with err: Rpc(Call(ErrorObject { code: ServerError(-32050), message: "Transaction timed out before reaching finality", data: None })) tx_digest=Digest("5zVi7gnW6UHiyQx4cZ4gAvJLTowbQU1FC3Yd1GaUFkJs") retry_cnt=0
2026-05-20T12:39:16.097415Z ERROR iota_benchmark: Transaction failed with err: Rpc(Call(ErrorObject { code: ServerError(-32050), message: "Transaction timed out before reaching finality", data: None })) tx_digest=Digest("Gnge4y1bsb5Xux9jqfBmw8pNHosdr87a6fMLMZrwUXCz") retry_cnt=0
2026-05-20T12:39:16.109352Z ERROR iota_benchmark: Transaction failed with err: Rpc(Call(ErrorObject { code: ServerError(-32050), message: "Transaction timed out before reaching finality", data: None })) tx_digest=Digest("CEz3NhLAM8pMQqk55HMMJX8syRZn8MjbdJ1qQqWavUrm") retry_cnt=0
2026-05-20T12:39:16.110307Z ERROR iota_benchmark: Transaction failed with err: Rpc(Call(ErrorObject { code: ServerError(-32050), message: "Transaction timed out before reaching finality", data: None })) tx_digest=Digest("3zEBpvq7iLARZmXNRGFGtCAhgriBDr4QBn3B4vMM66yR") retry_cnt=0
2026-05-20T12:39:16.124626Z ERROR iota_benchmark: Transaction failed with err: Rpc(Call(ErrorObject { code: ServerError(-32050), message: "Transaction timed out before reaching finality", data: None })) tx_digest=Digest("DzpDmuedLeoPXRT34T7F6wLBeHqeywFdL5Aru9acvHL3") retry_cnt=0
2026-05-20T12:39:16.133178Z ERROR iota_benchmark: Transaction failed with err: Rpc(Call(ErrorObject { code: ServerError(-32050), message: "Transaction timed out before reaching finality", data: None })) tx_digest=Digest("DTJNcrBxVxWE8YR2WycTtkCR5XFDs2cpySijKUnv39nM") retry_cnt=0
2026-05-20T12:39:16.136260Z ERROR iota_benchmark: Transaction failed with err: Rpc(Call(ErrorObject { code: ServerError(-32050), message: "Transaction timed out before reaching finality", data: None })) tx_digest=Digest("8YyXYvTpFd4DWziZoqwDwoiVbeaMTv5LyqzRHTFeyKDZ") retry_cnt=0
2026-05-20T12:39:16.143886Z ERROR iota_benchmark: Transaction failed with err: Rpc(Call(ErrorObject { code: ServerError(-32050), message: "Transaction timed out before reaching finality", data: None })) tx_digest=Digest("DA3Bf3xMs5finKrSkoQn4TyyTSqw8dTYmT61WbkGdumu") retry_cnt=0
2026-05-20T12:39:16.143934Z ERROR iota_benchmark: Transaction failed with err: Rpc(Call(ErrorObject { code: ServerError(-32050), message: "Transaction timed out before reaching finality", data: None })) tx_digest=Digest("5qH6iJGXdDyrBY5anLXxQmDkPDhvYFFMSznGMzxBD3mR") retry_cnt=0
2026-05-20T12:39:16.161457Z ERROR iota_benchmark: Transaction failed with err: Rpc(Call(ErrorObject { code: ServerError(-32050), message: "Transaction timed out before reaching finality", data: None })) tx_digest=Digest("HXLHTgdE59QsvcXDfDa2fcRJdkKSFvYSW3yZ3u3fFoG4") retry_cnt=0
2026-05-20T12:39:16.162099Z ERROR iota_benchmark: Transaction failed with err: Rpc(Call(ErrorObject { code: ServerError(-32050), message: "Transaction timed out before reaching finality", data: None })) tx_digest=Digest("8dcAAEBV7XyBRocpZ78516v29b3dmzGTYqkmC12WZzQa") retry_cnt=0
2026-05-20T12:39:16.169379Z ERROR iota_benchmark: Transaction failed with err: Rpc(Call(ErrorObject { code: ServerError(-32050), message: "Transaction timed out before reaching finality", data: None })) tx_digest=Digest("GzAnkyFcarQbmEf5J4AintLgVkyQsRKgGoqFWcXf7pCs") retry_cnt=0
2026-05-20T12:39:16.180639Z ERROR iota_benchmark: Transaction failed with err: Rpc(Call(ErrorObject { code: ServerError(-32050), message: "Transaction timed out before reaching finality", data: None })) tx_digest=Digest("9D4r7B4fjLk41g9x8cE59bs4Gpf2kZSSZt26qH1au2q4") retry_cnt=0
2026-05-20T12:39:16.186245Z ERROR iota_benchmark: Transaction failed with err: Rpc(Call(ErrorObject { code: ServerError(-32050), message: "Transaction timed out before reaching finality", data: None })) tx_digest=Digest("7r7wYs1aHTKhRicEhPmJi97k4ipPDwFexvhZUm89RsxL") retry_cnt=0
2026-05-20T12:39:16.224729Z ERROR iota_benchmark: Transaction failed with err: Rpc(Call(ErrorObject { code: ServerError(-32050), message: "Transaction timed out before reaching finality", data: None })) tx_digest=Digest("7f3LEp4iMrTFvxKScScHzchwLhdZC4QZfqFNnRa1hNvB") retry_cnt=0
2026-05-20T12:39:16.239596Z ERROR iota_benchmark: Transaction failed with err: Rpc(Call(ErrorObject { code: ServerError(-32050), message: "Transaction timed out before reaching finality", data: None })) tx_digest=Digest("FucYbLy2D26Cmh6DYkfAXHZC4Wmpr784P8dY8PG4NWU7") retry_cnt=0
2026-05-20T12:39:16.269484Z ERROR iota_benchmark: Transaction failed with err: Rpc(Call(ErrorObject { code: ServerError(-32050), message: "Transaction timed out before reaching finality", data: None })) tx_digest=Digest("2RWNZgxwHiiSw6DGySbypTae1FrghvktfBptaKmkMuPa") retry_cnt=0
2026-05-20T12:39:16.269612Z ERROR iota_benchmark: Transaction failed with err: Rpc(Call(ErrorObject { code: ServerError(-32050), message: "Transaction timed out before reaching finality", data: None })) tx_digest=Digest("9KwxW891aZmBfZS9qsAYxhAt7xvpntSwh3dyCXkU9KLP") retry_cnt=0
2026-05-20T12:39:16.276449Z ERROR iota_benchmark: Transaction failed with err: Rpc(Call(ErrorObject { code: ServerError(-32050), message: "Transaction timed out before reaching finality", data: None })) tx_digest=Digest("7vdUq53eFs9k9VyKo8vNnDGUy4UvDRQ3FiL6KicwEcqb") retry_cnt=0
2026-05-20T12:39:16.304295Z ERROR iota_benchmark: Transaction failed with err: Rpc(Call(ErrorObject { code: ServerError(-32050), message: "Transaction timed out before reaching finality", data: None })) tx_digest=Digest("Dtbei51AWmni9LgiKMHKSj6i57Gz7u9bhUAtzPJGta6a") retry_cnt=0
2026-05-20T12:39:16.304384Z ERROR iota_benchmark: Transaction failed with err: Rpc(Call(ErrorObject { code: ServerError(-32050), message: "Transaction timed out before reaching finality", data: None })) tx_digest=Digest("AnQQtKiKnSjsvrniBoHxdEUciawwwaay5Ead7JHbr1v2") retry_cnt=0
2026-05-20T12:39:16.306480Z ERROR iota_benchmark: Transaction failed with err: Rpc(Call(ErrorObject { code: ServerError(-32050), message: "Transaction timed out before reaching finality", data: None })) tx_digest=Digest("3jFSSqQPHHmNjWHksMsEMEqVcHgyhHz6TkJSyrErjvfg") retry_cnt=0
2026-05-20T12:39:16.320597Z ERROR iota_benchmark: Transaction failed with err: Rpc(Call(ErrorObject { code: ServerError(-32050), message: "Transaction timed out before reaching finality", data: None })) tx_digest=Digest("AF5NLX4fwgWuzLazAcucWp4aU3CUMz9w3nREGch8yiQC") retry_cnt=0
2026-05-20T12:39:16.347974Z ERROR iota_benchmark: Transaction failed with err: Rpc(Call(ErrorObject { code: ServerError(-32050), message: "Transaction timed out before reaching finality", data: None })) tx_digest=Digest("BL6BdRkcGnnREZ49LbSDc3aNzbMJLKwJMkFGWdfpdpZA") retry_cnt=0
2026-05-20T12:39:16.373891Z ERROR iota_benchmark: Transaction failed with err: Rpc(Call(ErrorObject { code: ServerError(-32050), message: "Transaction timed out before reaching finality", data: None })) tx_digest=Digest("FnWdq18wW1B1QC9FETTQofEmB268ViXf3FAtumhCKsBd") retry_cnt=0
2026-05-20T12:39:16.391873Z ERROR iota_benchmark: Transaction failed with err: Rpc(Call(ErrorObject { code: ServerError(-32050), message: "Transaction timed out before reaching finality", data: None })) tx_digest=Digest("5VEkCmJf8MqMCSUrys7pANPk8hHpR4SejQfgw8Vdimz2") retry_cnt=0
2026-05-20T12:39:16.417843Z ERROR iota_benchmark: Transaction failed with err: Rpc(Call(ErrorObject { code: ServerError(-32050), message: "Transaction timed out before reaching finality", data: None })) tx_digest=Digest("J2qE3Rzaqf5DNLjeEcMuN3A2ZPjGngWJBQCuqK7X9c3q") retry_cnt=0
2026-05-20T12:39:16.426128Z ERROR iota_benchmark: Transaction failed with err: Rpc(Call(ErrorObject { code: ServerError(-32050), message: "Transaction timed out before reaching finality", data: None })) tx_digest=Digest("49Hc5d5qjxvjVTFV324LHaRHF5RaP91aBfFjrN3hEBbK") retry_cnt=0
2026-05-20T12:39:16.514881Z ERROR iota_benchmark: Transaction failed with err: Rpc(Call(ErrorObject { code: ServerError(-32050), message: "Transaction timed out before reaching finality", data: None })) tx_digest=Digest("7iVL4bYcWcEDyops9xXXwFoo5na6ZDNrALacGsy8vnw3") retry_cnt=0
2026-05-20T12:39:16.632142Z ERROR iota_benchmark: Transaction failed with err: Rpc(Call(ErrorObject { code: ServerError(-32050), message: "Transaction timed out before reaching finality", data: None })) tx_digest=Digest("AB2pA8vHNjdjiZvpXrR9gXjiu8DnuaYw84LaPUN1R7DR") retry_cnt=0
2026-05-20T12:39:16.652456Z ERROR iota_benchmark: Transaction failed with err: Rpc(Call(ErrorObject { code: ServerError(-32050), message: "Transaction timed out before reaching finality", data: None })) tx_digest=Digest("78TKgrNJwC1VfbBrvWeB4tQQJ3gvzN2e6p5zZx9wchZT") retry_cnt=0
2026-05-20T12:39:16.701913Z ERROR iota_benchmark: Transaction failed with err: Rpc(Call(ErrorObject { code: ServerError(-32050), message: "Transaction timed out before reaching finality", data: None })) tx_digest=Digest("B1GRicdYmCC7MJgGfHjqrvudt2g87uSQRnnfm8Q2273r") retry_cnt=0
2026-05-20T12:39:16.731757Z ERROR iota_benchmark: Transaction failed with err: Rpc(Call(ErrorObject { code: ServerError(-32050), message: "Transaction timed out before reaching finality", data: None })) tx_digest=Digest("CMAVENiS1kboFeHoQxmTMq6WpepnjxY9UKsxbdtVFHzr") retry_cnt=0
2026-05-20T12:39:16.732154Z ERROR iota_benchmark: Transaction failed with err: Rpc(Call(ErrorObject { code: ServerError(-32050), message: "Transaction timed out before reaching finality", data: None })) tx_digest=Digest("D26Bv6ftSptix8sYgdDri1wgksZMjx186YsFrv8si3m6") retry_cnt=0
2026-05-20T12:39:16.736418Z ERROR iota_benchmark: Transaction failed with err: Rpc(Call(ErrorObject { code: ServerError(-32050), message: "Transaction timed out before reaching finality", data: None })) tx_digest=Digest("CU31wdBooas1XiYGHKCSMp258oYGZJYCeAMmWcwkGafE") retry_cnt=0
2026-05-20T12:39:16.750921Z ERROR iota_benchmark: Transaction failed with err: Rpc(Call(ErrorObject { code: ServerError(-32050), message: "Transaction timed out before reaching finality", data: None })) tx_digest=Digest("DMXdJGK6qQ9LTrejHs3vREnCN6BSQex9LGEtjwGawyv4") retry_cnt=0
2026-05-20T12:39:16.752989Z ERROR iota_benchmark: Transaction failed with err: Rpc(Call(ErrorObject { code: ServerError(-32050), message: "Transaction timed out before reaching finality", data: None })) tx_digest=Digest("7BscWszqzMNJk4HXpEJTDwd1LC7wjKuAPReCXStuBgX3") retry_cnt=0
2026-05-20T12:39:16.755664Z ERROR iota_benchmark: Transaction failed with err: Rpc(Call(ErrorObject { code: ServerError(-32050), message: "Transaction timed out before reaching finality", data: None })) tx_digest=Digest("7hJSbEytC1mbRcofkwShUydNVAJjPgkoVXKcKsA5rMhG") retry_cnt=0
2026-05-20T12:39:16.764383Z ERROR iota_benchmark: Transaction failed with err: Rpc(Call(ErrorObject { code: ServerError(-32050), message: "Transaction timed out before reaching finality", data: None })) tx_digest=Digest("9TKYQMhC2RJEqc9oQVzjFxGruihsmDEcNu41naNFUgd2") retry_cnt=0
2026-05-20T12:39:16.764514Z ERROR iota_benchmark: Transaction failed with err: Rpc(Call(ErrorObject { code: ServerError(-32050), message: "Transaction timed out before reaching finality", data: None })) tx_digest=Digest("9mps9ZrsArBrusemoYFAmfxU9CsCMyRLfHvM1fnasq7j") retry_cnt=0
2026-05-20T12:39:16.768229Z ERROR iota_benchmark: Transaction failed with err: Rpc(Call(ErrorObject { code: ServerError(-32050), message: "Transaction timed out before reaching finality", data: None })) tx_digest=Digest("Hg9tJmr2K3qxSs9hnwyFVgFKmS5i5d6pAqNtzDiQi5E1") retry_cnt=0
2026-05-20T12:39:16.786217Z ERROR iota_benchmark: Transaction failed with err: Rpc(Call(ErrorObject { code: ServerError(-32050), message: "Transaction timed out before reaching finality", data: None })) tx_digest=Digest("5gKrj6GmPPrMUcqFTEnzfec7SqPteyyrWpT1bUkYeEo") retry_cnt=0
2026-05-20T12:39:16.827295Z ERROR iota_benchmark: Transaction failed with err: Rpc(Call(ErrorObject { code: ServerError(-32050), message: "Transaction timed out before reaching finality", data: None })) tx_digest=Digest("2NWmztGpJ152SAQfkXDzgrsZDUjZZ1VJz13BtZNr6Mpk") retry_cnt=0
2026-05-20T12:39:16.829124Z ERROR iota_benchmark: Transaction failed with err: Rpc(Call(ErrorObject { code: ServerError(-32050), message: "Transaction timed out before reaching finality", data: None })) tx_digest=Digest("CG4Y1ikNSnhfRLJFPC9y7jMmJtkm6bmL1gp7WLF42hVT") retry_cnt=0
2026-05-20T12:39:16.893449Z ERROR iota_benchmark: Transaction failed with err: Rpc(Call(ErrorObject { code: ServerError(-32050), message: "Transaction timed out before reaching finality", data: None })) tx_digest=Digest("AErLosQWHTL3NCHqqEX924ZMNnwif14gjXQ2daZXNyvQ") retry_cnt=0
2026-05-20T12:39:16.897447Z ERROR iota_benchmark: Transaction failed with err: Rpc(Call(ErrorObject { code: ServerError(-32050), message: "Transaction timed out before reaching finality", data: None })) tx_digest=Digest("2JpPuvGSnrffgnMuAmepazSpY83CLaaeg7wBjkf7NBS6") retry_cnt=0
2026-05-20T12:39:16.898795Z ERROR iota_benchmark: Transaction failed with err: Rpc(Call(ErrorObject { code: ServerError(-32050), message: "Transaction timed out before reaching finality", data: None })) tx_digest=Digest("58JrbR48tqq6WTpDit3R2TLRUhXgja7vnEbuNz3Feq6E") retry_cnt=0
2026-05-20T12:39:16.902958Z ERROR iota_benchmark: Transaction failed with err: Rpc(Call(ErrorObject { code: ServerError(-32050), message: "Transaction timed out before reaching finality", data: None })) tx_digest=Digest("48Lr8UwJTBF29GP57LSF6B5ef74h66rsok1zG79MfP3R") retry_cnt=0
2026-05-20T12:39:16.915940Z ERROR iota_benchmark: Transaction failed with err: Rpc(Call(ErrorObject { code: ServerError(-32050), message: "Transaction timed out before reaching finality", data: None })) tx_digest=Digest("BVt5R4awq8tk5VF6RGS7MVyNoeTpR9oG5Lo8Yy3q84oz") retry_cnt=0
2026-05-20T12:39:16.958330Z ERROR iota_benchmark: Transaction failed with err: Rpc(Call(ErrorObject { code: ServerError(-32050), message: "Transaction timed out before reaching finality", data: None })) tx_digest=Digest("9cpfgq2UEbfSky5hCvM6UE8M1y8qSZCTn9dyftL7PuG8") retry_cnt=0
2026-05-20T12:39:16.972542Z ERROR iota_benchmark: Transaction failed with err: Rpc(Call(ErrorObject { code: ServerError(-32050), message: "Transaction timed out before reaching finality", data: None })) tx_digest=Digest("CTK6XNhKQA7np5Av6XPUGNF1J1fGsVUvq8K4b3PKgwR4") retry_cnt=0
2026-05-20T12:39:16.973170Z ERROR iota_benchmark: Transaction failed with err: Rpc(Call(ErrorObject { code: ServerError(-32050), message: "Transaction timed out before reaching finality", data: None })) tx_digest=Digest("AxKRUh19UDchZwzdZZpRt9reTzRknAy2XZA1LUadot5b") retry_cnt=0
2026-05-20T12:39:16.988473Z ERROR iota_benchmark: Transaction failed with err: Rpc(Call(ErrorObject { code: ServerError(-32050), message: "Transaction timed out before reaching finality", data: None })) tx_digest=Digest("H87i93267Dv7wERLK7MJ7wA2oFmCtdK3DSQE8fF7MbYx") retry_cnt=0
2026-05-20T12:39:17.018660Z ERROR iota_benchmark: Transaction failed with err: Rpc(Call(ErrorObject { code: ServerError(-32050), message: "Transaction timed out before reaching finality", data: None })) tx_digest=Digest("EanShayNM84dFu7gPWNHD8oeP8PEZ1TktYLTV2ekmJPg") retry_cnt=0
2026-05-20T12:39:17.033552Z ERROR iota_benchmark: Transaction failed with err: Rpc(Call(ErrorObject { code: ServerError(-32050), message: "Transaction timed out before reaching finality", data: None })) tx_digest=Digest("4tNTAgePSJFxRE1ZmA6Axsh5mJuprpXmsaeCFZC136Wt") retry_cnt=0
2026-05-20T12:39:17.051865Z ERROR iota_benchmark: Transaction failed with err: Rpc(Call(ErrorObject { code: ServerError(-32050), message: "Transaction timed out before reaching finality", data: None })) tx_digest=Digest("9tM9tWjpgCMPrDrUFLZPfjVxRUrUn8J96irSatz5yAxH") retry_cnt=0
2026-05-20T12:39:17.055338Z ERROR iota_benchmark: Transaction failed with err: Rpc(Call(ErrorObject { code: ServerError(-32050), message: "Transaction timed out before reaching finality", data: None })) tx_digest=Digest("2yUzqo5MSG4Tm19BJXs9KBMZjrupjgLzm9GXk9GgMLdj") retry_cnt=0
2026-05-20T12:39:17.142488Z ERROR iota_benchmark: Transaction failed with err: Rpc(Call(ErrorObject { code: ServerError(-32050), message: "Transaction timed out before reaching finality", data: None })) tx_digest=Digest("AdnsussQUdCi54tuiCnEzzZcQjTjb6qHoxrwvB4Ccuot") retry_cnt=0
2026-05-20T12:39:17.154864Z ERROR iota_benchmark: Transaction failed with err: Rpc(Call(ErrorObject { code: ServerError(-32050), message: "Transaction timed out before reaching finality", data: None })) tx_digest=Digest("GaJw6dtD4MpRrxJCW3EAdZstbytfcCC4rx75VHp5wRs7") retry_cnt=0
2026-05-20T12:39:17.154912Z ERROR iota_benchmark: Transaction failed with err: Rpc(Call(ErrorObject { code: ServerError(-32050), message: "Transaction timed out before reaching finality", data: None })) tx_digest=Digest("4xE67HwxHbGTWBTit3n22EQ3hjxdeJQrZDWGDABW6w6Z") retry_cnt=0
2026-05-20T12:39:17.162083Z ERROR iota_benchmark: Transaction failed with err: Rpc(Call(ErrorObject { code: ServerError(-32050), message: "Transaction timed out before reaching finality", data: None })) tx_digest=Digest("2B3eopGJBSiNNbYrzhWpqGQRhCCGBQJ4AeQnCttW32aT") retry_cnt=0
2026-05-20T12:39:17.192930Z ERROR iota_benchmark: Transaction failed with err: Rpc(Call(ErrorObject { code: ServerError(-32050), message: "Transaction timed out before reaching finality", data: None })) tx_digest=Digest("9MdfFFSiXUUoJM1HzBuPK1ywuzzmeCpUCeszspC1KKXY") retry_cnt=0
2026-05-20T12:39:17.230089Z ERROR iota_benchmark: Transaction failed with err: Rpc(Call(ErrorObject { code: ServerError(-32050), message: "Transaction timed out before reaching finality", data: None })) tx_digest=Digest("3kLt7cgfjo8vQPCU1X9fKiewdoMSLfoToxDJJeL6w5mx") retry_cnt=0
2026-05-20T12:39:17.260462Z ERROR iota_benchmark: Transaction failed with err: Rpc(Call(ErrorObject { code: ServerError(-32050), message: "Transaction timed out before reaching finality", data: None })) tx_digest=Digest("3UVPY51sYQDN6QbASiH4XQYJ5hZJex5XGoXBesw3wvga") retry_cnt=0
2026-05-20T12:39:17.320725Z ERROR iota_benchmark: Transaction failed with err: Rpc(Call(ErrorObject { code: ServerError(-32050), message: "Transaction timed out before reaching finality", data: None })) tx_digest=Digest("GxKuKxo7NFXbaKdpavDHqPJHBXHbj5aNLD8ghVn2HPcm") retry_cnt=0
2026-05-20T12:39:17.395999Z ERROR iota_benchmark: Transaction failed with err: Rpc(Call(ErrorObject { code: ServerError(-32050), message: "Transaction timed out before reaching finality", data: None })) tx_digest=Digest("BHP4cDEYrgSDpddUArNJcn3eQBbVcLojCzLLYUpuP6yR") retry_cnt=0
2026-05-20T12:39:17.400330Z ERROR iota_benchmark: Transaction failed with err: Rpc(Call(ErrorObject { code: ServerError(-32050), message: "Transaction timed out before reaching finality", data: None })) tx_digest=Digest("TRiijFMhKEsgBFP2j2pRkF9ssH51LHnDX2Vn9DVA5Xu") retry_cnt=0
2026-05-20T12:39:17.409291Z ERROR iota_benchmark: Transaction failed with err: Rpc(Call(ErrorObject { code: ServerError(-32050), message: "Transaction timed out before reaching finality", data: None })) tx_digest=Digest("7cpBQyqALWjLY3W68VdGEgMMtrh2vvTHYEJQnYkeLA56") retry_cnt=0
2026-05-20T12:39:17.440113Z ERROR iota_benchmark: Transaction failed with err: Rpc(Call(ErrorObject { code: ServerError(-32050), message: "Transaction timed out before reaching finality", data: None })) tx_digest=Digest("ED1Uz1a8sJ2cBtfTvY5C7EoLeuYNrK687tC96wQ7ZQ8D") retry_cnt=0
2026-05-20T12:39:17.472193Z ERROR iota_benchmark: Transaction failed with err: Rpc(Call(ErrorObject { code: ServerError(-32050), message: "Transaction timed out before reaching finality", data: None })) tx_digest=Digest("9LcRA1QRMcmKn6MfjB2XC7XvHu2cnmypkC55qQVL7DRE") retry_cnt=0
2026-05-20T12:39:17.481838Z ERROR iota_benchmark: Transaction failed with err: Rpc(Call(ErrorObject { code: ServerError(-32050), message: "Transaction timed out before reaching finality", data: None })) tx_digest=Digest("7WvwYuDoWTiJpoqwgrVmmwQuiM7uNvuVMZ1X5eBTU8rN") retry_cnt=0
2026-05-20T12:39:17.511821Z ERROR iota_benchmark: Transaction failed with err: Rpc(Call(ErrorObject { code: ServerError(-32050), message: "Transaction timed out before reaching finality", data: None })) tx_digest=Digest("mUo9Y9kgFgd69TBQGURRvEAMvBRS8aJ34yoaEcfPQCE") retry_cnt=0
2026-05-20T12:39:17.548366Z ERROR iota_benchmark: Transaction failed with err: Rpc(Call(ErrorObject { code: ServerError(-32050), message: "Transaction timed out before reaching finality", data: None })) tx_digest=Digest("AttyzMQKUF4ztd7zqXWkouGbjs4JXZk3p63NNncdrxMN") retry_cnt=0
2026-05-20T12:39:17.574694Z ERROR iota_benchmark: Transaction failed with err: Rpc(Call(ErrorObject { code: ServerError(-32050), message: "Transaction timed out before reaching finality", data: None })) tx_digest=Digest("5EwviAG2D1EsTsn4WUKeDNXN1bqSwxotFotYbAr39AG8") retry_cnt=0
2026-05-20T12:39:17.642722Z ERROR iota_benchmark: Transaction failed with err: Rpc(Call(ErrorObject { code: ServerError(-32050), message: "Transaction timed out before reaching finality", data: None })) tx_digest=Digest("69WM4RrYishFtgm8f2XBRCq7rFrMAw12jnDPY6eEpMQz") retry_cnt=0
2026-05-20T12:39:17.675972Z ERROR iota_benchmark: Transaction failed with err: Rpc(Call(ErrorObject { code: ServerError(-32050), message: "Transaction timed out before reaching finality", data: None })) tx_digest=Digest("3eNbvfShzJg26AH7PL7A1s17UJyADbCramcJgDmTtE3k") retry_cnt=0
2026-05-20T12:39:17.757754Z ERROR iota_benchmark: Transaction failed with err: Rpc(Call(ErrorObject { code: ServerError(-32050), message: "Transaction timed out before reaching finality", data: None })) tx_digest=Digest("FR3pDKTCFdpAXstmZcEGjZ8PGJmd2P3JHrGYu9KRCeyL") retry_cnt=0
2026-05-20T12:39:17.804988Z ERROR iota_benchmark: Transaction failed with err: Rpc(Call(ErrorObject { code: ServerError(-32050), message: "Transaction timed out before reaching finality", data: None })) tx_digest=Digest("GDhoAAfHuHZwJCKEXDat5AH2LApewwB1Jxqtj7tAgHAU") retry_cnt=0
2026-05-20T12:39:17.889743Z ERROR iota_benchmark: Transaction failed with err: Rpc(Call(ErrorObject { code: ServerError(-32050), message: "Transaction timed out before reaching finality", data: None })) tx_digest=Digest("BWb97dhMzFDsSLbwpPSw2pmLGFcKw689VhEXePsBfmAA") retry_cnt=0
2026-05-20T12:39:17.909620Z ERROR iota_benchmark: Transaction failed with err: Rpc(Call(ErrorObject { code: ServerError(-32050), message: "Transaction timed out before reaching finality", data: None })) tx_digest=Digest("nEpdwkXxWxLBRdnCDM5qnZWmoxe8GWXFCqRmkYSTYMd") retry_cnt=0
2026-05-20T12:39:17.920904Z ERROR iota_benchmark: Transaction failed with err: Rpc(Call(ErrorObject { code: ServerError(-32050), message: "Transaction timed out before reaching finality", data: None })) tx_digest=Digest("2iPdTQzwwQDuiYAz49Df37ykgQT1EfvpUnAGvrYiGPth") retry_cnt=0
2026-05-20T12:39:17.947960Z ERROR iota_benchmark: Transaction failed with err: Rpc(Call(ErrorObject { code: ServerError(-32050), message: "Transaction timed out before reaching finality", data: None })) tx_digest=Digest("Au15AcQYsxidYGLDr6TSE6GFFsnLnBEdxd7PQS5acXSG") retry_cnt=0
2026-05-20T12:39:17.953552Z ERROR iota_benchmark: Transaction failed with err: Rpc(Call(ErrorObject { code: ServerError(-32050), message: "Transaction timed out before reaching finality", data: None })) tx_digest=Digest("EjQDpi9Q4pLH2gJaNnXgmV8dC263RHiR6Nw8EFT7Eibk") retry_cnt=0
2026-05-20T12:39:17.983302Z ERROR iota_benchmark: Transaction failed with err: Rpc(Call(ErrorObject { code: ServerError(-32050), message: "Transaction timed out before reaching finality", data: None })) tx_digest=Digest("4X3b63F6jX4QZZLzw3tojiCXS1tm9sMosGJEALCbhB6K") retry_cnt=0
2026-05-20T12:39:17.997387Z ERROR iota_benchmark: Transaction failed with err: Rpc(Call(ErrorObject { code: ServerError(-32050), message: "Transaction timed out before reaching finality", data: None })) tx_digest=Digest("EWtZuJDWQXid7mansNquKamwiwkPgdxP9Q8fVrtydpVR") retry_cnt=0
2026-05-20T12:39:18.001901Z ERROR iota_benchmark: Transaction failed with err: Rpc(Call(ErrorObject { code: ServerError(-32050), message: "Transaction timed out before reaching finality", data: None })) tx_digest=Digest("8PKDVQn8ARg1uqH4Z63QtxeMiryG3a8D2bwZvmEozbvw") retry_cnt=0
2026-05-20T12:39:18.037755Z ERROR iota_benchmark: Transaction failed with err: Rpc(Call(ErrorObject { code: ServerError(-32050), message: "Transaction timed out before reaching finality", data: None })) tx_digest=Digest("JACThYahmmXV9v4aZpFdGBGZ1HBZBPmAxmN8k8QpWADA") retry_cnt=0
2026-05-20T12:39:18.079466Z ERROR iota_benchmark: Transaction failed with err: Rpc(Call(ErrorObject { code: ServerError(-32050), message: "Transaction timed out before reaching finality", data: None })) tx_digest=Digest("kYPTmzZdFK5e1RjjEMHhEeTNHyzyo7HcVRJWqtCh1x9") retry_cnt=0
2026-05-20T12:39:18.087119Z ERROR iota_benchmark: Transaction failed with err: Rpc(Call(ErrorObject { code: ServerError(-32050), message: "Transaction timed out before reaching finality", data: None })) tx_digest=Digest("2iSSmdnigqcV2hRTCVyBiZKvcwysFcDjgn6HC46rVUuM") retry_cnt=0
2026-05-20T12:39:18.092693Z ERROR iota_benchmark: Transaction failed with err: Rpc(Call(ErrorObject { code: ServerError(-32050), message: "Transaction timed out before reaching finality", data: None })) tx_digest=Digest("CQJYwaFYD8dwMwTa4opCHP4E6B88NtYzAMDoArENt5Kj") retry_cnt=0
2026-05-20T12:39:18.176178Z ERROR iota_benchmark: Transaction failed with err: Rpc(Call(ErrorObject { code: ServerError(-32050), message: "Transaction timed out before reaching finality", data: None })) tx_digest=Digest("4Gu5LqF8SvUPaNbG111MuVCeCGwgSGvFwC2VrQyfoe5k") retry_cnt=0
2026-05-20T12:39:18.176218Z ERROR iota_benchmark: Transaction failed with err: Rpc(Call(ErrorObject { code: ServerError(-32050), message: "Transaction timed out before reaching finality", data: None })) tx_digest=Digest("F5rfqyqNJp2cC128RNLftZ3Gxu3xvtmcYZsm6GPjf2MR") retry_cnt=0
2026-05-20T12:39:18.194620Z ERROR iota_benchmark: Transaction failed with err: Rpc(Call(ErrorObject { code: ServerError(-32050), message: "Transaction timed out before reaching finality", data: None })) tx_digest=Digest("9ACghWCbnzTv9HFFRJ9mtMATWaTSYL6DDuuCpdiGa75y") retry_cnt=0
2026-05-20T12:39:18.199263Z ERROR iota_benchmark: Transaction failed with err: Rpc(Call(ErrorObject { code: ServerError(-32050), message: "Transaction timed out before reaching finality", data: None })) tx_digest=Digest("BXuvropQVozgZudd51b3gZvNMm3bon411xsTiLgGehVW") retry_cnt=0
2026-05-20T12:39:18.201372Z ERROR iota_benchmark: Transaction failed with err: Rpc(Call(ErrorObject { code: ServerError(-32050), message: "Transaction timed out before reaching finality", data: None })) tx_digest=Digest("4YSfNneVjyUAYC9SqN2piBqTSPTvKmajKyMdFMZcPjTW") retry_cnt=0
2026-05-20T12:39:18.221977Z ERROR iota_benchmark: Transaction failed with err: Rpc(Call(ErrorObject { code: ServerError(-32050), message: "Transaction timed out before reaching finality", data: None })) tx_digest=Digest("6KLQd6YCrCZ8C7LQkLamkj3SggtSuSr1de2QgbJinscg") retry_cnt=0
2026-05-20T12:39:18.249012Z ERROR iota_benchmark: Transaction failed with err: Rpc(Call(ErrorObject { code: ServerError(-32050), message: "Transaction timed out before reaching finality", data: None })) tx_digest=Digest("9d1sPkBH52NFdoaCVt7Z88CARYTXJG174PqDE76r8LTT") retry_cnt=0
2026-05-20T12:39:18.249828Z ERROR iota_benchmark: Transaction failed with err: Rpc(Call(ErrorObject { code: ServerError(-32050), message: "Transaction timed out before reaching finality", data: None })) tx_digest=Digest("Br9ZB2BAGooiE7BG8cNWf2xmbyYprkavdVWrpXVqG5vy") retry_cnt=0
2026-05-20T12:39:18.299963Z ERROR iota_benchmark: Transaction failed with err: Rpc(Call(ErrorObject { code: ServerError(-32050), message: "Transaction timed out before reaching finality", data: None })) tx_digest=Digest("6X3u63c3GaJGRe8MBYYYXu4SEUkqvnPuLXaEgF323asX") retry_cnt=0
2026-05-20T12:39:18.303285Z ERROR iota_benchmark: Transaction failed with err: Rpc(Call(ErrorObject { code: ServerError(-32050), message: "Transaction timed out before reaching finality", data: None })) tx_digest=Digest("Fhmd3SkFqLgA8n9UnnSegnAtSxGZX41e9MJVTX8vV4Nk") retry_cnt=0
2026-05-20T12:39:18.344870Z ERROR iota_benchmark: Transaction failed with err: Rpc(Call(ErrorObject { code: ServerError(-32050), message: "Transaction timed out before reaching finality", data: None })) tx_digest=Digest("vhASVwLyHNwoMce16hWtPq7pj7i7w8cKArA2x3RMgqz") retry_cnt=0
2026-05-20T12:39:18.364154Z ERROR iota_benchmark: Transaction failed with err: Rpc(Call(ErrorObject { code: ServerError(-32050), message: "Transaction timed out before reaching finality", data: None })) tx_digest=Digest("FaEvaHRh3Q9oa7i2EaZYvSNdMz1R2yoNr3t8TxcahuhC") retry_cnt=0
2026-05-20T12:39:18.390493Z ERROR iota_benchmark: Transaction failed with err: Rpc(Call(ErrorObject { code: ServerError(-32050), message: "Transaction timed out before reaching finality", data: None })) tx_digest=Digest("78bVNbn9Sy99PL1zWHqw3i2Ngwi9FzvhQT8eASFsxgi8") retry_cnt=0
2026-05-20T12:39:18.396333Z ERROR iota_benchmark: Transaction failed with err: Rpc(Call(ErrorObject { code: ServerError(-32050), message: "Transaction timed out before reaching finality", data: None })) tx_digest=Digest("FpbtQRo9oPnEjiWC5dQ5CQw6Y2A1hbqRGRARmPi3GpXd") retry_cnt=0
2026-05-20T12:39:18.406720Z ERROR iota_benchmark: Transaction failed with err: Rpc(Call(ErrorObject { code: ServerError(-32050), message: "Transaction timed out before reaching finality", data: None })) tx_digest=Digest("DgyaA3YwghAgNyQhGEfbyFAjDjwXW7wZKBhcDiVWREuv") retry_cnt=0
2026-05-20T12:39:18.513521Z ERROR iota_benchmark: Transaction failed with err: Rpc(Call(ErrorObject { code: ServerError(-32050), message: "Transaction timed out before reaching finality", data: None })) tx_digest=Digest("J7K4McMPuCqGF8H2KZhqjh8D4fUk8VnY7uywhWLnYo6f") retry_cnt=0
2026-05-20T12:39:18.621528Z ERROR iota_benchmark: Transaction failed with err: Rpc(Call(ErrorObject { code: ServerError(-32050), message: "Transaction timed out before reaching finality", data: None })) tx_digest=Digest("GBSkvTSBP1ay5bY2ro4Cb9xTtqoK514WsTWTwpJ9MoCh") retry_cnt=0
2026-05-20T12:39:18.650881Z ERROR iota_benchmark: Transaction failed with err: Rpc(Call(ErrorObject { code: ServerError(-32050), message: "Transaction timed out before reaching finality", data: None })) tx_digest=Digest("VmWCho1TtWWeWLNPqugC5fz1STBRxCDnFFLBhecRLpc") retry_cnt=0
2026-05-20T12:39:18.658105Z ERROR iota_benchmark: Transaction failed with err: Rpc(Call(ErrorObject { code: ServerError(-32050), message: "Transaction timed out before reaching finality", data: None })) tx_digest=Digest("61CeDzQGLh5Ba7mDSoRG3ZX3wnyCjGARLf1WQGyYgenV") retry_cnt=0
2026-05-20T12:39:18.666617Z ERROR iota_benchmark: Transaction failed with err: Rpc(Call(ErrorObject { code: ServerError(-32050), message: "Transaction timed out before reaching finality", data: None })) tx_digest=Digest("DJBdzjq4icUkodxaWBaLkt1oiWRVB1bQN12Gf6GJJdGs") retry_cnt=0
2026-05-20T12:39:18.689763Z ERROR iota_benchmark: Transaction failed with err: Rpc(Call(ErrorObject { code: ServerError(-32050), message: "Transaction timed out before reaching finality", data: None })) tx_digest=Digest("Bk2r27ADwX6goAP22wdhTRUE4thMQPBQJ2a9dVk1x6Uq") retry_cnt=0
2026-05-20T12:39:18.737114Z ERROR iota_benchmark: Transaction failed with err: Rpc(Call(ErrorObject { code: ServerError(-32050), message: "Transaction timed out before reaching finality", data: None })) tx_digest=Digest("DmNmpPKk3kQ2piVcNprA83HmRXF3TVZYvTnR4R9tRvy9") retry_cnt=0
2026-05-20T12:39:18.763946Z ERROR iota_benchmark: Transaction failed with err: Rpc(Call(ErrorObject { code: ServerError(-32050), message: "Transaction timed out before reaching finality", data: None })) tx_digest=Digest("7ocZKDbRWnpYjZF7sXVJwVybuBJEFtexSsXGzEaUEQbC") retry_cnt=0
2026-05-20T12:39:18.767200Z ERROR iota_benchmark: Transaction failed with err: Rpc(Call(ErrorObject { code: ServerError(-32050), message: "Transaction timed out before reaching finality", data: None })) tx_digest=Digest("97voyeWvuKJmE8HMEgo2fjZRuaLXLgeXRGvRfK3T7keD") retry_cnt=0
2026-05-20T12:39:18.777809Z ERROR iota_benchmark: Transaction failed with err: Rpc(Call(ErrorObject { code: ServerError(-32050), message: "Transaction timed out before reaching finality", data: None })) tx_digest=Digest("5289uQRBmJbiEDu2vNPJ4VPpowhScTDeLqHEzT4J13gA") retry_cnt=0
2026-05-20T12:39:18.813451Z ERROR iota_benchmark: Transaction failed with err: Rpc(Call(ErrorObject { code: ServerError(-32050), message: "Transaction timed out before reaching finality", data: None })) tx_digest=Digest("DjuNj1pZbS4rHPqbxHy4zwj5Lxee9NdKW7DVtfpuukQp") retry_cnt=0
2026-05-20T12:39:18.832449Z ERROR iota_benchmark: Transaction failed with err: Rpc(Call(ErrorObject { code: ServerError(-32050), message: "Transaction timed out before reaching finality", data: None })) tx_digest=Digest("BWKJUa4KejFhsgXE5q4ZUQ54wNPA456SvkdHdGaLWGyw") retry_cnt=0
2026-05-20T12:39:18.843212Z ERROR iota_benchmark: Transaction failed with err: Rpc(Call(ErrorObject { code: ServerError(-32050), message: "Transaction timed out before reaching finality", data: None })) tx_digest=Digest("DN8s4TwAzjeB8YnNyMk3MbgAe8nacjiqtniLi3kgfY9j") retry_cnt=0
2026-05-20T12:39:18.865893Z ERROR iota_benchmark: Transaction failed with err: Rpc(Call(ErrorObject { code: ServerError(-32050), message: "Transaction timed out before reaching finality", data: None })) tx_digest=Digest("EVNEmNc3TXfrGwTDwLBnwrXtiDwTudo5DgQD9gj2ufHk") retry_cnt=0
2026-05-20T12:39:18.933774Z ERROR iota_benchmark: Transaction failed with err: Rpc(Call(ErrorObject { code: ServerError(-32050), message: "Transaction timed out before reaching finality", data: None })) tx_digest=Digest("8vJgZCWWhoYUcyYNLgGvxeeRxXeBNLuMGdWXXhWkV5gz") retry_cnt=0
2026-05-20T12:39:18.944235Z ERROR iota_benchmark: Transaction failed with err: Rpc(Call(ErrorObject { code: ServerError(-32050), message: "Transaction timed out before reaching finality", data: None })) tx_digest=Digest("2Q1oRdmAas247iW7SLZEh12PNL3tvZ4MQLTvoKSBg8ku") retry_cnt=0
2026-05-20T12:39:18.946250Z ERROR iota_benchmark: Transaction failed with err: Rpc(Call(ErrorObject { code: ServerError(-32050), message: "Transaction timed out before reaching finality", data: None })) tx_digest=Digest("FoG9Pu6aP3L4SeSnAFDTiC4QeS2jLNjecHxGohELjLFN") retry_cnt=0
2026-05-20T12:39:19.078039Z ERROR iota_benchmark: Transaction failed with err: Rpc(Call(ErrorObject { code: ServerError(-32050), message: "Transaction timed out before reaching finality", data: None })) tx_digest=Digest("3fHHuX4xXBbSX6iF49hPZcweTSLokaWp5VdYzH621fob") retry_cnt=0
2026-05-20T12:39:19.103315Z ERROR iota_benchmark: Transaction failed with err: Rpc(Call(ErrorObject { code: ServerError(-32050), message: "Transaction timed out before reaching finality", data: None })) tx_digest=Digest("An4H3cyBqeMYXE2Q8vDpHE8eHz7DSQxC624LdWFKFXtH") retry_cnt=0
2026-05-20T12:39:19.119003Z ERROR iota_benchmark: Transaction failed with err: Rpc(Call(ErrorObject { code: ServerError(-32050), message: "Transaction timed out before reaching finality", data: None })) tx_digest=Digest("4k3ZDTbFJx7GEzhBeyD5ZtYzjS6DXtZY6VnimpuoVBz7") retry_cnt=0
2026-05-20T12:39:19.127659Z ERROR iota_benchmark: Transaction failed with err: Rpc(Call(ErrorObject { code: ServerError(-32050), message: "Transaction timed out before reaching finality", data: None })) tx_digest=Digest("EaaDK2csNBSTNrzj1LBiZZb1zpnmUQkxnACF4qdLxQFC") retry_cnt=0
2026-05-20T12:39:19.135635Z ERROR iota_benchmark: Transaction failed with err: Rpc(Call(ErrorObject { code: ServerError(-32050), message: "Transaction timed out before reaching finality", data: None })) tx_digest=Digest("9PZHcCgrFoBTuwD7CMbN2Z5wa53iqNKUSsqyQoZhw35v") retry_cnt=0
2026-05-20T12:39:19.135679Z ERROR iota_benchmark: Transaction failed with err: Rpc(Call(ErrorObject { code: ServerError(-32050), message: "Transaction timed out before reaching finality", data: None })) tx_digest=Digest("2twdF6ttyCvLbchEgxRdD7n42yKLov8E7H7VPEg2wz11") retry_cnt=0
2026-05-20T12:39:19.137736Z ERROR iota_benchmark: Transaction failed with err: Rpc(Call(ErrorObject { code: ServerError(-32050), message: "Transaction timed out before reaching finality", data: None })) tx_digest=Digest("8Hb6HQVNeeQgfPLyZJvcVsgiRnmXesQ6ZGGAzi8tFuAk") retry_cnt=0
2026-05-20T12:39:19.146799Z ERROR iota_benchmark: Transaction failed with err: Rpc(Call(ErrorObject { code: ServerError(-32050), message: "Transaction timed out before reaching finality", data: None })) tx_digest=Digest("5d5kGhXAwtJF7v74NmfcTpiFqondapswJfSHfShpMzH6") retry_cnt=0
2026-05-20T12:39:19.148161Z ERROR iota_benchmark: Transaction failed with err: Rpc(Call(ErrorObject { code: ServerError(-32050), message: "Transaction timed out before reaching finality", data: None })) tx_digest=Digest("4tXPRKqpEGpWZbhtWnf6rCcWjub3c8Gj4xnu9bjsnCiC") retry_cnt=0
2026-05-20T12:39:19.149955Z ERROR iota_benchmark: Transaction failed with err: Rpc(Call(ErrorObject { code: ServerError(-32050), message: "Transaction timed out before reaching finality", data: None })) tx_digest=Digest("3PVXnBR3YyYeSJQyhFYsMF1Rd4VwLVLPJxQ6GNk16MXA") retry_cnt=0
2026-05-20T12:39:19.160750Z ERROR iota_benchmark: Transaction failed with err: Rpc(Call(ErrorObject { code: ServerError(-32050), message: "Transaction timed out before reaching finality", data: None })) tx_digest=Digest("99ZrDAyQuMvc7SwDkzuT9ZsgKqHt4JfKLHEtfpSmx7VZ") retry_cnt=0
2026-05-20T12:39:19.162189Z ERROR iota_benchmark: Transaction failed with err: Rpc(Call(ErrorObject { code: ServerError(-32050), message: "Transaction timed out before reaching finality", data: None })) tx_digest=Digest("HuLDAfyQ8YpJqpjjeYxn2S8iShrhTbZGCqQS4FrCA2Sn") retry_cnt=0
2026-05-20T12:39:19.222078Z ERROR iota_benchmark: Transaction failed with err: Rpc(Call(ErrorObject { code: ServerError(-32050), message: "Transaction timed out before reaching finality", data: None })) tx_digest=Digest("5HbRjdXucpX8KVAu8G7b4jBKKYgnEWrKjZ82GfquW5JK") retry_cnt=0
2026-05-20T12:39:19.235601Z ERROR iota_benchmark: Transaction failed with err: Rpc(Call(ErrorObject { code: ServerError(-32050), message: "Transaction timed out before reaching finality", data: None })) tx_digest=Digest("AhLjf7KRVhc8n7H7e6cos1dD7CQQFfTq36jkxZrFz3gE") retry_cnt=0
2026-05-20T12:39:19.262660Z ERROR iota_benchmark: Transaction failed with err: Rpc(Call(ErrorObject { code: ServerError(-32050), message: "Transaction timed out before reaching finality", data: None })) tx_digest=Digest("DEDGzXYFWYjghqfBANav5Db5V4mdBjoGWRhEqH7RYvDr") retry_cnt=0
2026-05-20T12:39:19.275304Z ERROR iota_benchmark: Transaction failed with err: Rpc(Call(ErrorObject { code: ServerError(-32050), message: "Transaction timed out before reaching finality", data: None })) tx_digest=Digest("2BzdbaBBgwAEG5NfdUh3qdfy4MvNv1ACLsGvwF6W33zL") retry_cnt=0
2026-05-20T12:39:19.287821Z ERROR iota_benchmark: Transaction failed with err: Rpc(Call(ErrorObject { code: ServerError(-32050), message: "Transaction timed out before reaching finality", data: None })) tx_digest=Digest("DSwMUEB7NjiGXhHA39SSKm1L8ZkGLz8tnEsqyGwRTsyB") retry_cnt=0
2026-05-20T12:39:41.316725Z ERROR iota_benchmark: Transaction failed with err: Rpc(Call(ErrorObject { code: ServerError(-32050), message: "Transaction timed out before reaching finality", data: None })) tx_digest=Digest("6tx6r7iuBqYwwYoAZKH8pcbpojhh5uKcerjrQYUTu1k6") retry_cnt=1
2026-05-20T12:39:41.317416Z ERROR iota_benchmark: Transaction failed with err: Rpc(Call(ErrorObject { code: ServerError(-32050), message: "Transaction timed out before reaching finality", data: None })) tx_digest=Digest("5uCC3NBmjWQqoKMCwpfEcgZ6Ex6AKxCjR3v1uGvLr1cs") retry_cnt=1
2026-05-20T12:39:41.318696Z ERROR iota_benchmark: Transaction failed with err: Rpc(Call(ErrorObject { code: ServerError(-32050), message: "Transaction timed out before reaching finality", data: None })) tx_digest=Digest("5gfUVNQZ7f8eoLAYVYacaqDX2nZeJ6JK3PduLRav6tLD") retry_cnt=1
2026-05-20T12:39:41.331187Z ERROR iota_benchmark: Transaction failed with err: Rpc(Call(ErrorObject { code: ServerError(-32050), message: "Transaction timed out before reaching finality", data: None })) tx_digest=Digest("Hy9EPTP7iuUih8TbvMdvop8rrEiQNVe6hn6ARVpix4y5") retry_cnt=1
2026-05-20T12:39:41.492912Z ERROR iota_benchmark: Transaction failed with err: Rpc(Call(ErrorObject { code: ServerError(-32050), message: "Transaction timed out before reaching finality", data: None })) tx_digest=Digest("8KQpSofJmQifgeGrMCGTLSQPas4QJKNWPhTALNzXyJ6B") retry_cnt=1
2026-05-20T12:39:41.513598Z ERROR iota_benchmark: Transaction failed with err: Rpc(Call(ErrorObject { code: ServerError(-32050), message: "Transaction timed out before reaching finality", data: None })) tx_digest=Digest("HG3tTchBgeVJAFCCP9KVWwr8WEvTPJ66EGSDZen5a1ny") retry_cnt=1
2026-05-20T12:39:41.581610Z ERROR iota_benchmark: Transaction failed with err: Rpc(Call(ErrorObject { code: ServerError(-32050), message: "Transaction timed out before reaching finality", data: None })) tx_digest=Digest("6vUYUyo32vqmnmi2dxBwkGavu8w8hLoaVJpz8dvYsLaQ") retry_cnt=1
2026-05-20T12:39:41.582270Z ERROR iota_benchmark: Transaction failed with err: Rpc(Call(ErrorObject { code: ServerError(-32050), message: "Transaction timed out before reaching finality", data: None })) tx_digest=Digest("2mG5ADu1yyGABFZc4Pfz4taE6LDPqw8vYLi2hNSvAcfQ") retry_cnt=1
2026-05-20T12:39:41.598310Z ERROR iota_benchmark: Transaction failed with err: Rpc(Call(ErrorObject { code: ServerError(-32050), message: "Transaction timed out before reaching finality", data: None })) tx_digest=Digest("HL7GGnS9wLdMSwbQo6f1uzzDzpccGaqwun4AiuSnFCpy") retry_cnt=1
2026-05-20T12:39:41.601547Z ERROR iota_benchmark: Transaction failed with err: Rpc(Call(ErrorObject { code: ServerError(-32050), message: "Transaction timed out before reaching finality", data: None })) tx_digest=Digest("3iscGZn1x3aALnEAZ5i3p9BbYwgN85io9vRGNyLVYWZe") retry_cnt=1
2026-05-20T12:39:41.643168Z ERROR iota_benchmark: Transaction failed with err: Rpc(Call(ErrorObject { code: ServerError(-32050), message: "Transaction timed out before reaching finality", data: None })) tx_digest=Digest("CzxgpcY6PZYsXmUpJNtwox4rqfFB8p2zMEo4MG22F6NH") retry_cnt=1
2026-05-20T12:39:41.643252Z ERROR iota_benchmark: Transaction failed with err: Rpc(Call(ErrorObject { code: ServerError(-32050), message: "Transaction timed out before reaching finality", data: None })) tx_digest=Digest("2n8W9VJEcMtPcTbwrNLzqVfPDVJdBmFwK1G1ecAzEyka") retry_cnt=1
2026-05-20T12:39:41.660129Z ERROR iota_benchmark: Transaction failed with err: Rpc(Call(ErrorObject { code: ServerError(-32050), message: "Transaction timed out before reaching finality", data: None })) tx_digest=Digest("4wkX24Aci2211Tu2GCZoQo4WQWfKJgc6FS159BARRoko") retry_cnt=1
2026-05-20T12:39:41.660428Z ERROR iota_benchmark: Transaction failed with err: Rpc(Call(ErrorObject { code: ServerError(-32050), message: "Transaction timed out before reaching finality", data: None })) tx_digest=Digest("FMX3vkchhLNyW129hunqB9PxqCbStPCxBbe2qryczwvK") retry_cnt=1
2026-05-20T12:39:41.665852Z ERROR iota_benchmark: Transaction failed with err: Rpc(Call(ErrorObject { code: ServerError(-32050), message: "Transaction timed out before reaching finality", data: None })) tx_digest=Digest("47hgkNRGJbv2w4bGVLdfUfdd8YKgCjz2k6XEoVnaMvay") retry_cnt=1
2026-05-20T12:39:41.666050Z ERROR iota_benchmark: Transaction failed with err: Rpc(Call(ErrorObject { code: ServerError(-32050), message: "Transaction timed out before reaching finality", data: None })) tx_digest=Digest("Hw3n6ZmYAeEDT1btAxPEaaqWHcBMDjNkzQ5BmD1aaGwp") retry_cnt=1
2026-05-20T12:39:41.683775Z ERROR iota_benchmark: Transaction failed with err: Rpc(Call(ErrorObject { code: ServerError(-32050), message: "Transaction timed out before reaching finality", data: None })) tx_digest=Digest("5QaFS75bLBX6RY6fJzG1NpmG9oMZmYzfqoJGRfM6MtyX") retry_cnt=1
2026-05-20T12:39:41.692889Z ERROR iota_benchmark: Transaction failed with err: Rpc(Call(ErrorObject { code: ServerError(-32050), message: "Transaction timed out before reaching finality", data: None })) tx_digest=Digest("FBCt9UdJunJqwu5PSm8nRUq4Kp7y5d6yGPc2YfimGKEu") retry_cnt=1
2026-05-20T12:39:41.709019Z ERROR iota_benchmark: Transaction failed with err: Rpc(Call(ErrorObject { code: ServerError(-32050), message: "Transaction timed out before reaching finality", data: None })) tx_digest=Digest("morgbSPSGWjTe5Dz1etcdL6c7teaN85HahtYpyjzZCr") retry_cnt=1
2026-05-20T12:39:41.738401Z ERROR iota_benchmark: Transaction failed with err: Rpc(Call(ErrorObject { code: ServerError(-32050), message: "Transaction timed out before reaching finality", data: None })) tx_digest=Digest("BxXiDgsKZ2ZYmDhg2sHVMioYLBkZ6RVqeB1Vood5Pfhz") retry_cnt=1
2026-05-20T12:39:41.748897Z ERROR iota_benchmark: Transaction failed with err: Rpc(Call(ErrorObject { code: ServerError(-32050), message: "Transaction timed out before reaching finality", data: None })) tx_digest=Digest("GsADCELbCcHWfP3RhanaVXNVqpt5o2PJbHg2NuhSJP1s") retry_cnt=1
2026-05-20T12:39:41.755352Z ERROR iota_benchmark: Transaction failed with err: Rpc(Call(ErrorObject { code: ServerError(-32050), message: "Transaction timed out before reaching finality", data: None })) tx_digest=Digest("Aw9Yh8dpRCN327EvpxUJHo2ZRq2pMUzhJuvs39YkjonQ") retry_cnt=1
2026-05-20T12:39:41.765557Z ERROR iota_benchmark: Transaction failed with err: Rpc(Call(ErrorObject { code: ServerError(-32050), message: "Transaction timed out before reaching finality", data: None })) tx_digest=Digest("GABYAHQrorRHGciRCVhBPNWK7fY2eNNCRbj3dWPkAA9") retry_cnt=1
2026-05-20T12:39:41.793831Z ERROR iota_benchmark: Transaction failed with err: Rpc(Call(ErrorObject { code: ServerError(-32050), message: "Transaction timed out before reaching finality", data: None })) tx_digest=Digest("E5seDNHxkihMQrPuHYbs9Z4mANRckeprUeQ6X8cLwUyz") retry_cnt=1
2026-05-20T12:39:41.807232Z ERROR iota_benchmark: Transaction failed with err: Rpc(Call(ErrorObject { code: ServerError(-32050), message: "Transaction timed out before reaching finality", data: None })) tx_digest=Digest("56HCi5b6Aze4UQoHmwEM7zkVkuQobXBuSmJ49msUTgJt") retry_cnt=1
2026-05-20T12:39:41.810990Z ERROR iota_benchmark: Transaction failed with err: Rpc(Call(ErrorObject { code: ServerError(-32050), message: "Transaction timed out before reaching finality", data: None })) tx_digest=Digest("A4sYnJNU8PYEux3pjAKdUi9YiCmbe9PrWZnyDVTdYyAw") retry_cnt=1
2026-05-20T12:39:41.814829Z ERROR iota_benchmark: Transaction failed with err: Rpc(Call(ErrorObject { code: ServerError(-32050), message: "Transaction timed out before reaching finality", data: None })) tx_digest=Digest("8ERyTXcUeDt8V6tXzkRdr8KETcbf9gtjYpH7ojPNvKAA") retry_cnt=1
2026-05-20T12:39:41.843657Z ERROR iota_benchmark: Transaction failed with err: Rpc(Call(ErrorObject { code: ServerError(-32050), message: "Transaction timed out before reaching finality", data: None })) tx_digest=Digest("EBA2JyuPnqjXWkDLi69mdy8fcSnUhBmsK2MdjnABDujU") retry_cnt=1
2026-05-20T12:39:41.938554Z ERROR iota_benchmark: Transaction failed with err: Rpc(Call(ErrorObject { code: ServerError(-32050), message: "Transaction timed out before reaching finality", data: None })) tx_digest=Digest("GJUv3bUkeTtHBjinyVNLkKatfDBh2u1Fp273nNKefnwM") retry_cnt=1
2026-05-20T12:39:41.938946Z ERROR iota_benchmark: Transaction failed with err: Rpc(Call(ErrorObject { code: ServerError(-32050), message: "Transaction timed out before reaching finality", data: None })) tx_digest=Digest("Gyco4DydNw8KVDyDsr2fdtc4vwdZH11q14MwCLKmCmKK") retry_cnt=1
2026-05-20T12:39:41.939095Z ERROR iota_benchmark: Transaction failed with err: Rpc(Call(ErrorObject { code: ServerError(-32050), message: "Transaction timed out before reaching finality", data: None })) tx_digest=Digest("DceJCRj5q82372XjcgUiLbo5AD1YDm3TYk9yRa2VXMX6") retry_cnt=1
2026-05-20T12:39:41.947088Z ERROR iota_benchmark: Transaction failed with err: Rpc(Call(ErrorObject { code: ServerError(-32050), message: "Transaction timed out before reaching finality", data: None })) tx_digest=Digest("DkaT3CTSNJowJvVdj2pdWcAH2WaZ9TtxQuBgqkmLEnYL") retry_cnt=1
2026-05-20T12:39:41.949765Z ERROR iota_benchmark: Transaction failed with err: Rpc(Call(ErrorObject { code: ServerError(-32050), message: "Transaction timed out before reaching finality", data: None })) tx_digest=Digest("GCm1fsZiEySYZDRV2oeE2GJNaJyzZ9Ak4N1WieZir6za") retry_cnt=1
2026-05-20T12:39:41.958401Z ERROR iota_benchmark: Transaction failed with err: Rpc(Call(ErrorObject { code: ServerError(-32050), message: "Transaction timed out before reaching finality", data: None })) tx_digest=Digest("EahNgq3ojQiPqCdJPzNpRWRDWhqWkNm46A7kvkhKvYsm") retry_cnt=1
2026-05-20T12:39:41.967221Z ERROR iota_benchmark: Transaction failed with err: Rpc(Call(ErrorObject { code: ServerError(-32050), message: "Transaction timed out before reaching finality", data: None })) tx_digest=Digest("ERhhAdMxCxMT4XLrVVZzHXHwjb4UoUrDTwBZywMmWYt7") retry_cnt=1
2026-05-20T12:39:41.973795Z ERROR iota_benchmark: Transaction failed with err: Rpc(Call(ErrorObject { code: ServerError(-32050), message: "Transaction timed out before reaching finality", data: None })) tx_digest=Digest("7rPQd16izXfxiCuvSTyfFgVk7T7Yvy5SnE3ZKupVKVGs") retry_cnt=1
2026-05-20T12:39:41.982027Z ERROR iota_benchmark: Transaction failed with err: Rpc(Call(ErrorObject { code: ServerError(-32050), message: "Transaction timed out before reaching finality", data: None })) tx_digest=Digest("BeNxBrkFL2MQFoHa5qgyHbJ4tj1eG45GSPqxQMSLmAdv") retry_cnt=1
2026-05-20T12:39:41.989266Z ERROR iota_benchmark: Transaction failed with err: Rpc(Call(ErrorObject { code: ServerError(-32050), message: "Transaction timed out before reaching finality", data: None })) tx_digest=Digest("DVReFXSy4JE6HLbF9KBMXu8qBaTt9xMkdGfYwJwVGQp6") retry_cnt=1
2026-05-20T12:39:42.008250Z ERROR iota_benchmark: Transaction failed with err: Rpc(Call(ErrorObject { code: ServerError(-32050), message: "Transaction timed out before reaching finality", data: None })) tx_digest=Digest("6oaNgDRLwtr8bfRjuQhRiNDAfQyivBJpUee5tv5X6HnL") retry_cnt=1
2026-05-20T12:39:42.008742Z ERROR iota_benchmark: Transaction failed with err: Rpc(Call(ErrorObject { code: ServerError(-32050), message: "Transaction timed out before reaching finality", data: None })) tx_digest=Digest("88WNJT8dV3Ue69WZeRxNTSHGKwM8cLjhTy6oNfHai8im") retry_cnt=1
2026-05-20T12:39:42.010481Z ERROR iota_benchmark: Transaction failed with err: Rpc(Call(ErrorObject { code: ServerError(-32050), message: "Transaction timed out before reaching finality", data: None })) tx_digest=Digest("Gc4s7Pz1PpgGzqKLqJKnppLg2SAxPPZqN9KCZRE6NE24") retry_cnt=1
2026-05-20T12:39:42.018743Z ERROR iota_benchmark: Transaction failed with err: Rpc(Call(ErrorObject { code: ServerError(-32050), message: "Transaction timed out before reaching finality", data: None })) tx_digest=Digest("542aRvRNyEKAmKpy5g3GbAhTz7eSz7eMTNxGkseW5Tmt") retry_cnt=1
2026-05-20T12:39:42.018908Z ERROR iota_benchmark: Transaction failed with err: Rpc(Call(ErrorObject { code: ServerError(-32050), message: "Transaction timed out before reaching finality", data: None })) tx_digest=Digest("DxQSfQNYHnJTCZSigm5gv1Q55K6veagPdXSCzcyL2h4N") retry_cnt=1
2026-05-20T12:39:42.020738Z ERROR iota_benchmark: Transaction failed with err: Rpc(Call(ErrorObject { code: ServerError(-32050), message: "Transaction timed out before reaching finality", data: None })) tx_digest=Digest("CaAn9KRqFXSNZCeUp64p7sZXdNVmSU23tbJ8NHSeCRY7") retry_cnt=1
2026-05-20T12:39:42.024498Z ERROR iota_benchmark: Transaction failed with err: Rpc(Call(ErrorObject { code: ServerError(-32050), message: "Transaction timed out before reaching finality", data: None })) tx_digest=Digest("CnRf1DdwhHGxrbupxVJe33u4qMzXZQzgfJ1MfHLGXhiE") retry_cnt=1
2026-05-20T12:39:42.052844Z ERROR iota_benchmark: Transaction failed with err: Rpc(Call(ErrorObject { code: ServerError(-32050), message: "Transaction timed out before reaching finality", data: None })) tx_digest=Digest("Ao22TaxBHSfHJg1j6uGKx58Bm1mNXHyQrSW9BezBwdBu") retry_cnt=1
2026-05-20T12:39:42.056203Z ERROR iota_benchmark: Transaction failed with err: Rpc(Call(ErrorObject { code: ServerError(-32050), message: "Transaction timed out before reaching finality", data: None })) tx_digest=Digest("3JFe5tm65x9jSPPB66VK9iXtwa97QH2TFL4Lz9rvdZrf") retry_cnt=1
2026-05-20T12:39:42.056339Z ERROR iota_benchmark: Transaction failed with err: Rpc(Call(ErrorObject { code: ServerError(-32050), message: "Transaction timed out before reaching finality", data: None })) tx_digest=Digest("FF87ojbDcSt9GrT7Z21fjXGhPQLi3KMqiqTH4zseeHdt") retry_cnt=1
2026-05-20T12:39:42.057777Z ERROR iota_benchmark: Transaction failed with err: Rpc(Call(ErrorObject { code: ServerError(-32050), message: "Transaction timed out before reaching finality", data: None })) tx_digest=Digest("Az9iAH4PEvD8boLnFUm4qB37FrhVNca67cDhFnw8BD1E") retry_cnt=1
2026-05-20T12:39:42.082011Z ERROR iota_benchmark: Transaction failed with err: Rpc(Call(ErrorObject { code: ServerError(-32050), message: "Transaction timed out before reaching finality", data: None })) tx_digest=Digest("8dfhmNsppXKbU9Y5QVpkpsUAEGDA2ChR6FpM2aeFkYeR") retry_cnt=1
2026-05-20T12:39:42.086236Z ERROR iota_benchmark: Transaction failed with err: Rpc(Call(ErrorObject { code: ServerError(-32050), message: "Transaction timed out before reaching finality", data: None })) tx_digest=Digest("CKkD14Ebi4fZeuiirW7iNxoVzqM9YkyL9Z7BMoiKyZ7n") retry_cnt=1
2026-05-20T12:39:42.086239Z ERROR iota_benchmark: Transaction failed with err: Rpc(Call(ErrorObject { code: ServerError(-32050), message: "Transaction timed out before reaching finality", data: None })) tx_digest=Digest("27HzzV4PYCnCXhmo376QUPpgB1RyLMxpJ1UUwXTio1t1") retry_cnt=1
2026-05-20T12:39:42.086321Z ERROR iota_benchmark: Transaction failed with err: Rpc(Call(ErrorObject { code: ServerError(-32050), message: "Transaction timed out before reaching finality", data: None })) tx_digest=Digest("D1L91gcEiiF24gC6kJcPwTL8xUfMMHdownJCkqhZkQwm") retry_cnt=1
2026-05-20T12:39:42.086881Z ERROR iota_benchmark: Transaction failed with err: Rpc(Call(ErrorObject { code: ServerError(-32050), message: "Transaction timed out before reaching finality", data: None })) tx_digest=Digest("HUqprRn83jVdw6T37g4USn6KAPtXAZauVRMChVjM7C42") retry_cnt=1
2026-05-20T12:39:42.087071Z ERROR iota_benchmark: Transaction failed with err: Rpc(Call(ErrorObject { code: ServerError(-32050), message: "Transaction timed out before reaching finality", data: None })) tx_digest=Digest("4SCHKXc2tSwEjEXFxPigYrMtfYgLYYRFPyufUkqo8xKw") retry_cnt=1
2026-05-20T12:39:42.099117Z ERROR iota_benchmark: Transaction failed with err: Rpc(Call(ErrorObject { code: ServerError(-32050), message: "Transaction timed out before reaching finality", data: None })) tx_digest=Digest("xpsuMBubMPHeyzgRrUguGJg57JgYttfrYzBQNK8nM49") retry_cnt=1
2026-05-20T12:39:42.101955Z ERROR iota_benchmark: Transaction failed with err: Rpc(Call(ErrorObject { code: ServerError(-32050), message: "Transaction timed out before reaching finality", data: None })) tx_digest=Digest("Fw2BTbqmpdMxEEctVsnQ7uo6Jexn1E4S1x3owJUAYkQ6") retry_cnt=1
2026-05-20T12:39:42.102021Z ERROR iota_benchmark: Transaction failed with err: Rpc(Call(ErrorObject { code: ServerError(-32050), message: "Transaction timed out before reaching finality", data: None })) tx_digest=Digest("f1RTFK6pPQDcYyyxoKcbe78gshY4x7q8eMYLtTPmUXq") retry_cnt=1
2026-05-20T12:39:42.114485Z ERROR iota_benchmark: Transaction failed with err: Rpc(Call(ErrorObject { code: ServerError(-32050), message: "Transaction timed out before reaching finality", data: None })) tx_digest=Digest("2VUyiQT862Hxv95KvW6y5eJuVEr5t3Bv63oPjXPu5J7z") retry_cnt=1
2026-05-20T12:39:42.116217Z ERROR iota_benchmark: Transaction failed with err: Rpc(Call(ErrorObject { code: ServerError(-32050), message: "Transaction timed out before reaching finality", data: None })) tx_digest=Digest("D8pH9cengJmqn7Ef9juFXtqm2CutqjseAQzw8ZVVhott") retry_cnt=1
2026-05-20T12:39:42.124449Z ERROR iota_benchmark: Transaction failed with err: Rpc(Call(ErrorObject { code: ServerError(-32050), message: "Transaction timed out before reaching finality", data: None })) tx_digest=Digest("99eezdN9Vs141Sc2hYD3rRJDHQsmD3bF8NN7Kf14QQaT") retry_cnt=1
2026-05-20T12:39:42.166597Z ERROR iota_benchmark: Transaction failed with err: Rpc(Call(ErrorObject { code: ServerError(-32050), message: "Transaction timed out before reaching finality", data: None })) tx_digest=Digest("G1CKxrfbKiSyREnsLTK1cL5WeZr8f5yFBX1Y8ctsHPc1") retry_cnt=1
2026-05-20T12:39:42.183302Z ERROR iota_benchmark: Transaction failed with err: Rpc(Call(ErrorObject { code: ServerError(-32050), message: "Transaction timed out before reaching finality", data: None })) tx_digest=Digest("DpeBMTXDQTvcYDnFUUfNr5AqmpnBZYGT9qAjLa1jA4fG") retry_cnt=1
2026-05-20T12:39:42.190606Z ERROR iota_benchmark: Transaction failed with err: Rpc(Call(ErrorObject { code: ServerError(-32050), message: "Transaction timed out before reaching finality", data: None })) tx_digest=Digest("27zmhM6mgQgTSEWXJD35GSyAVsVfcT81X5cqqMgHK7mF") retry_cnt=1
2026-05-20T12:39:42.191310Z ERROR iota_benchmark: Transaction failed with err: Rpc(Call(ErrorObject { code: ServerError(-32050), message: "Transaction timed out before reaching finality", data: None })) tx_digest=Digest("3qADAePuWxJT8cXhqZwm2jmX23kuUbKY76yuGpoNHF5m") retry_cnt=1
2026-05-20T12:39:42.203875Z ERROR iota_benchmark: Transaction failed with err: Rpc(Call(ErrorObject { code: ServerError(-32050), message: "Transaction timed out before reaching finality", data: None })) tx_digest=Digest("FNQdfShmBeQd6wcZ5Nt5SV3WzuAVTtgbzPL4WstbzYmy") retry_cnt=1
2026-05-20T12:39:42.204090Z ERROR iota_benchmark: Transaction failed with err: Rpc(Call(ErrorObject { code: ServerError(-32050), message: "Transaction timed out before reaching finality", data: None })) tx_digest=Digest("Ao7RTNbDARp6oKZw6o51iATnoL6g2aSiGb3GpTATZmB1") retry_cnt=1
2026-05-20T12:39:42.228823Z ERROR iota_benchmark: Transaction failed with err: Rpc(Call(ErrorObject { code: ServerError(-32050), message: "Transaction timed out before reaching finality", data: None })) tx_digest=Digest("4q5VjRktDnJvRLEQHFuxxxU752JGEh97xckpLmN97i9R") retry_cnt=1
2026-05-20T12:39:42.240392Z ERROR iota_benchmark: Transaction failed with err: Rpc(Call(ErrorObject { code: ServerError(-32050), message: "Transaction timed out before reaching finality", data: None })) tx_digest=Digest("3zYNGbiumvNwv64VSyeQtbUGFFRfpcEjsPxxyTimRuvT") retry_cnt=1
2026-05-20T12:39:42.245040Z ERROR iota_benchmark: Transaction failed with err: Rpc(Call(ErrorObject { code: ServerError(-32050), message: "Transaction timed out before reaching finality", data: None })) tx_digest=Digest("AujMjiMdzftUZsMi5crKHBLazEstXnCzn8ucrPsiZtGW") retry_cnt=1
2026-05-20T12:39:42.255754Z ERROR iota_benchmark: Transaction failed with err: Rpc(Call(ErrorObject { code: ServerError(-32050), message: "Transaction timed out before reaching finality", data: None })) tx_digest=Digest("DLfFKK7Dbpv5NwfMytYqoC7GQeHY1AofY2iW3X7A8qmS") retry_cnt=1
2026-05-20T12:39:42.276300Z ERROR iota_benchmark: Transaction failed with err: Rpc(Call(ErrorObject { code: ServerError(-32050), message: "Transaction timed out before reaching finality", data: None })) tx_digest=Digest("GxSkCxH4Fm66pUEv6FhoNvmpCtEfdvyT5X4b46gKLQAr") retry_cnt=1
2026-05-20T12:39:42.284881Z ERROR iota_benchmark: Transaction failed with err: Rpc(Call(ErrorObject { code: ServerError(-32050), message: "Transaction timed out before reaching finality", data: None })) tx_digest=Digest("8LGTGPGW8oYUT1AGMbsWobTHH78T7r66ZQn23g6SJtYg") retry_cnt=1
2026-05-20T12:39:42.301480Z ERROR iota_benchmark: Transaction failed with err: Rpc(Call(ErrorObject { code: ServerError(-32050), message: "Transaction timed out before reaching finality", data: None })) tx_digest=Digest("3HFPqTV5NfgP2HDqvbFfA3fFZwNyfqJNCS89AS8R6tEA") retry_cnt=1
2026-05-20T12:39:42.301896Z ERROR iota_benchmark: Transaction failed with err: Rpc(Call(ErrorObject { code: ServerError(-32050), message: "Transaction timed out before reaching finality", data: None })) tx_digest=Digest("GvMHjaCv1axeRAGFjqwvhWW8EdMz32pwcwQTBUenoRYf") retry_cnt=1
2026-05-20T12:39:42.302623Z ERROR iota_benchmark: Transaction failed with err: Rpc(Call(ErrorObject { code: ServerError(-32050), message: "Transaction timed out before reaching finality", data: None })) tx_digest=Digest("3Grw5m5pejEXvTvM2R6xDTVjiqGhvD7hbDSox87R2naU") retry_cnt=1
2026-05-20T12:39:42.322281Z ERROR iota_benchmark: Transaction failed with err: Rpc(Call(ErrorObject { code: ServerError(-32050), message: "Transaction timed out before reaching finality", data: None })) tx_digest=Digest("4UnsFSiD2xiqb5nKHKGoqyMgsufxAeCKH4Ji7XnwVaZS") retry_cnt=1
2026-05-20T12:39:42.336024Z ERROR iota_benchmark: Transaction failed with err: Rpc(Call(ErrorObject { code: ServerError(-32050), message: "Transaction timed out before reaching finality", data: None })) tx_digest=Digest("HJU9shyHwuCLFcrDFVN8pC1UuGNp4r4jjHvHFLbvuME1") retry_cnt=1
2026-05-20T12:39:42.338426Z ERROR iota_benchmark: Transaction failed with err: Rpc(Call(ErrorObject { code: ServerError(-32050), message: "Transaction timed out before reaching finality", data: None })) tx_digest=Digest("9yRkuNA4m8P2QMGVPQFmw23Tp4Bac5JT3VN6AnJriHA1") retry_cnt=1
2026-05-20T12:39:42.339862Z ERROR iota_benchmark: Transaction failed with err: Rpc(Call(ErrorObject { code: ServerError(-32050), message: "Transaction timed out before reaching finality", data: None })) tx_digest=Digest("BGXQ9mBrPyfXuoH8d1SbLkKqBZBnRcpCZkmZNKb1XWPL") retry_cnt=1
2026-05-20T12:39:42.354162Z ERROR iota_benchmark: Transaction failed with err: Rpc(Call(ErrorObject { code: ServerError(-32050), message: "Transaction timed out before reaching finality", data: None })) tx_digest=Digest("AHtZULNrB5LjtvpKuKQjFLkiuWEAY3VSrzVLZZ5GVDSb") retry_cnt=1
2026-05-20T12:39:42.357275Z ERROR iota_benchmark: Transaction failed with err: Rpc(Call(ErrorObject { code: ServerError(-32050), message: "Transaction timed out before reaching finality", data: None })) tx_digest=Digest("2bcvUGTtkvAqMxyy5YdEeytJPM7vBMxFmTCvU6wQ9bjk") retry_cnt=1
2026-05-20T12:39:42.357723Z ERROR iota_benchmark: Transaction failed with err: Rpc(Call(ErrorObject { code: ServerError(-32050), message: "Transaction timed out before reaching finality", data: None })) tx_digest=Digest("2BjZ61XPuut6XWJwgK4STDcyywo3rQFwLEjuMUVLZRZS") retry_cnt=1
2026-05-20T12:39:42.363134Z ERROR iota_benchmark: Transaction failed with err: Rpc(Call(ErrorObject { code: ServerError(-32050), message: "Transaction timed out before reaching finality", data: None })) tx_digest=Digest("5y6Tsqif3irJ5QEvg1hvzUEnE2iBmrTijHthZ5EUy4Gc") retry_cnt=1
2026-05-20T12:39:42.373227Z ERROR iota_benchmark: Transaction failed with err: Rpc(Call(ErrorObject { code: ServerError(-32050), message: "Transaction timed out before reaching finality", data: None })) tx_digest=Digest("6XvU4ye7fd7PqJPcFy8eSApE76fpGY1KEQ5Ynu7awkP4") retry_cnt=1
2026-05-20T12:39:42.373417Z ERROR iota_benchmark: Transaction failed with err: Rpc(Call(ErrorObject { code: ServerError(-32050), message: "Transaction timed out before reaching finality", data: None })) tx_digest=Digest("DtRAEq4nctvkN631GRBNJBGMf97NZkuTT9dvMbyKcCFa") retry_cnt=1
2026-05-20T12:39:42.426275Z ERROR iota_benchmark: Transaction failed with err: Rpc(Call(ErrorObject { code: ServerError(-32050), message: "Transaction timed out before reaching finality", data: None })) tx_digest=Digest("8YztcM6efNgNTMDvnyUNaY21J9eb8JQjaeXSavFYHQsK") retry_cnt=1
2026-05-20T12:39:42.437033Z ERROR iota_benchmark: Transaction failed with err: Rpc(Call(ErrorObject { code: ServerError(-32050), message: "Transaction timed out before reaching finality", data: None })) tx_digest=Digest("3HrNq6Jre6p8UtniWap1wZZ81vK9id86sUNYJVR4wpjQ") retry_cnt=1
2026-05-20T12:39:42.445351Z ERROR iota_benchmark: Transaction failed with err: Rpc(Call(ErrorObject { code: ServerError(-32050), message: "Transaction timed out before reaching finality", data: None })) tx_digest=Digest("Dvxgtcooy1nLFjAkJya3nRJMAWYGgwXjbXfrNHcdiP4j") retry_cnt=1
2026-05-20T12:39:42.447190Z ERROR iota_benchmark: Transaction failed with err: Rpc(Call(ErrorObject { code: ServerError(-32050), message: "Transaction timed out before reaching finality", data: None })) tx_digest=Digest("63dhUHqNXPdQ7FMVhmMDJWcfARM6WJSaeqb5fN7dKmYR") retry_cnt=1
2026-05-20T12:39:42.448879Z ERROR iota_benchmark: Transaction failed with err: Rpc(Call(ErrorObject { code: ServerError(-32050), message: "Transaction timed out before reaching finality", data: None })) tx_digest=Digest("HKeqHrFG5Qdt1rv8yQwuiDqJYxYh9JUmTLdWfzYo72rj") retry_cnt=1
2026-05-20T12:39:42.449247Z ERROR iota_benchmark: Transaction failed with err: Rpc(Call(ErrorObject { code: ServerError(-32050), message: "Transaction timed out before reaching finality", data: None })) tx_digest=Digest("AW1neb16cN4jiMXb7P6xDB3fxK4ML2vpH9MhtnAQyR48") retry_cnt=1
2026-05-20T12:39:42.450248Z ERROR iota_benchmark: Transaction failed with err: Rpc(Call(ErrorObject { code: ServerError(-32050), message: "Transaction timed out before reaching finality", data: None })) tx_digest=Digest("EZycV1eiFhkz9NKmVK58uUjDinKzBR12zEG7MqMC1c89") retry_cnt=1
2026-05-20T12:39:42.450246Z ERROR iota_benchmark: Transaction failed with err: Rpc(Call(ErrorObject { code: ServerError(-32050), message: "Transaction timed out before reaching finality", data: None })) tx_digest=Digest("9eWSbGykUhVuAsiKttoQ2qMcAUMVKDkDG3wHknWqbxgH") retry_cnt=1
2026-05-20T12:39:42.453069Z ERROR iota_benchmark: Transaction failed with err: Rpc(Call(ErrorObject { code: ServerError(-32050), message: "Transaction timed out before reaching finality", data: None })) tx_digest=Digest("BBUL2AQ1YUMhPPJMPp4exMJ6eKzhtSBqyD4fBBSVwvb2") retry_cnt=1
2026-05-20T12:39:42.484412Z ERROR iota_benchmark: Transaction failed with err: Rpc(Call(ErrorObject { code: ServerError(-32050), message: "Transaction timed out before reaching finality", data: None })) tx_digest=Digest("9b7amfX4QA15soKdq7SnwwguswLCAxuW7kYQR2Y8AL1n") retry_cnt=1
2026-05-20T12:39:42.496851Z ERROR iota_benchmark: Transaction failed with err: Rpc(Call(ErrorObject { code: ServerError(-32050), message: "Transaction timed out before reaching finality", data: None })) tx_digest=Digest("Gqj1EfeAviLST54iGFej3krht7dbBmLMpAfxefw8RBdL") retry_cnt=1
2026-05-20T12:39:42.533041Z ERROR iota_benchmark: Transaction failed with err: Rpc(Call(ErrorObject { code: ServerError(-32050), message: "Transaction timed out before reaching finality", data: None })) tx_digest=Digest("3SqanxcqM13uNp13PwsZt5grAKpRdXG7iPurQnyZTKdN") retry_cnt=1
2026-05-20T12:39:42.542646Z ERROR iota_benchmark: Transaction failed with err: Rpc(Call(ErrorObject { code: ServerError(-32050), message: "Transaction timed out before reaching finality", data: None })) tx_digest=Digest("AxJr3HXorKfF4LGEdGw3ioYbp6Q6DPsYgxeBua7wV9vk") retry_cnt=1
2026-05-20T12:39:42.544859Z ERROR iota_benchmark: Transaction failed with err: Rpc(Call(ErrorObject { code: ServerError(-32050), message: "Transaction timed out before reaching finality", data: None })) tx_digest=Digest("5iyKUtwe7rNqpKUsu6ERVjdzgnALXVTGorVASoxD3UYh") retry_cnt=1
2026-05-20T12:39:42.548547Z ERROR iota_benchmark: Transaction failed with err: Rpc(Call(ErrorObject { code: ServerError(-32050), message: "Transaction timed out before reaching finality", data: None })) tx_digest=Digest("7Rj1vY1JDkoeD2DtwRqi2Kh5SBqYzTsnKtH5WdXQ26eT") retry_cnt=1
2026-05-20T12:39:42.579709Z ERROR iota_benchmark: Transaction failed with err: Rpc(Call(ErrorObject { code: ServerError(-32050), message: "Transaction timed out before reaching finality", data: None })) tx_digest=Digest("FSMvP5odioDY5idiD5RvciHvYBgUoWKpoemYa4Ty5tWP") retry_cnt=1
2026-05-20T12:39:42.600900Z ERROR iota_benchmark: Transaction failed with err: Rpc(Call(ErrorObject { code: ServerError(-32050), message: "Transaction timed out before reaching finality", data: None })) tx_digest=Digest("Co9tTVirr36xTvKVMBwu5ivP32KBHVhU7bgyfV7Wnnn3") retry_cnt=1
2026-05-20T12:39:42.629980Z ERROR iota_benchmark: Transaction failed with err: Rpc(Call(ErrorObject { code: ServerError(-32050), message: "Transaction timed out before reaching finality", data: None })) tx_digest=Digest("AEUWHKYPqxFPUpCQn1bPUJV2HXBbtTRxT9mDELkj3WKQ") retry_cnt=1
2026-05-20T12:39:42.642367Z ERROR iota_benchmark: Transaction failed with err: Rpc(Call(ErrorObject { code: ServerError(-32050), message: "Transaction timed out before reaching finality", data: None })) tx_digest=Digest("3W85RR87b73irCPGtThG2qGeN97gBqEXnj6aKNz4v4w6") retry_cnt=1
2026-05-20T12:39:42.649877Z ERROR iota_benchmark: Transaction failed with err: Rpc(Call(ErrorObject { code: ServerError(-32050), message: "Transaction timed out before reaching finality", data: None })) tx_digest=Digest("8WsUvxCSnggh9dcazesoKNSa7Ht6XNkGKjKSuUuZKFgX") retry_cnt=1
2026-05-20T12:39:42.659621Z ERROR iota_benchmark: Transaction failed with err: Rpc(Call(ErrorObject { code: ServerError(-32050), message: "Transaction timed out before reaching finality", data: None })) tx_digest=Digest("2MBGGidDGAc8jLHVK4axRA4oz91w5t4oitTZwQi8Frh3") retry_cnt=1
2026-05-20T12:39:42.696891Z ERROR iota_benchmark: Transaction failed with err: Rpc(Call(ErrorObject { code: ServerError(-32050), message: "Transaction timed out before reaching finality", data: None })) tx_digest=Digest("84ozo7MGo6HKaLc55VQfnT4zqg7xgmu8wJwXfjykBu5V") retry_cnt=1
2026-05-20T12:39:42.707702Z ERROR iota_benchmark: Transaction failed with err: Rpc(Call(ErrorObject { code: ServerError(-32050), message: "Transaction timed out before reaching finality", data: None })) tx_digest=Digest("6ZjCBW1QEkiFtVAdiBvg8fKcQ1qDqdnvUEez9zWAWBAf") retry_cnt=1
2026-05-20T12:39:42.707698Z ERROR iota_benchmark: Transaction failed with err: Rpc(Call(ErrorObject { code: ServerError(-32050), message: "Transaction timed out before reaching finality", data: None })) tx_digest=Digest("B88vERffsCuUc3zn6TZJ3zy4frTGYxsX3HZAEGWydwXS") retry_cnt=1
2026-05-20T12:39:42.736098Z ERROR iota_benchmark: Transaction failed with err: Rpc(Call(ErrorObject { code: ServerError(-32050), message: "Transaction timed out before reaching finality", data: None })) tx_digest=Digest("6ZMptAgQ4STUFsGSFBVkHfrK88Nwv8mCVZBUL2jQDemz") retry_cnt=1
2026-05-20T12:39:42.738298Z ERROR iota_benchmark: Transaction failed with err: Rpc(Call(ErrorObject { code: ServerError(-32050), message: "Transaction timed out before reaching finality", data: None })) tx_digest=Digest("DTEMEC9Rvbpnhe7QTvZBPPtdn2wPkssvvhE7FCjNLRCY") retry_cnt=1
2026-05-20T12:39:42.742151Z ERROR iota_benchmark: Transaction failed with err: Rpc(Call(ErrorObject { code: ServerError(-32050), message: "Transaction timed out before reaching finality", data: None })) tx_digest=Digest("EeFuriAxmSMbAuWE22bzrGL6DUSspQurE9g5TzyTAFQA") retry_cnt=1
2026-05-20T12:39:42.753218Z ERROR iota_benchmark: Transaction failed with err: Rpc(Call(ErrorObject { code: ServerError(-32050), message: "Transaction timed out before reaching finality", data: None })) tx_digest=Digest("9kcwrXcDrdwRx1w6Rnv7RqtoZR16MXNw2FXwRz5wNYtX") retry_cnt=1
2026-05-20T12:39:42.765843Z ERROR iota_benchmark: Transaction failed with err: Rpc(Call(ErrorObject { code: ServerError(-32050), message: "Transaction timed out before reaching finality", data: None })) tx_digest=Digest("DnsaVKKkM9mSeUEpVbS8YkpXH6bKZZTem4yDrhMas99F") retry_cnt=1
2026-05-20T12:39:42.785552Z ERROR iota_benchmark: Transaction failed with err: Rpc(Call(ErrorObject { code: ServerError(-32050), message: "Transaction timed out before reaching finality", data: None })) tx_digest=Digest("679dh2noy7MkvVFbWmAsvDRB4AsGavAokRJU3Dh5odev") retry_cnt=1
2026-05-20T12:39:42.798631Z ERROR iota_benchmark: Transaction failed with err: Rpc(Call(ErrorObject { code: ServerError(-32050), message: "Transaction timed out before reaching finality", data: None })) tx_digest=Digest("4umHZPdQCbVGsFJNghc6iyhK26EooywTTmEXkDn5txyT") retry_cnt=1
2026-05-20T12:39:42.810455Z ERROR iota_benchmark: Transaction failed with err: Rpc(Call(ErrorObject { code: ServerError(-32050), message: "Transaction timed out before reaching finality", data: None })) tx_digest=Digest("6ZJvS5dKknuXpNNYfAQ9ad5xRDZoEtUe9DE6JQgCnre9") retry_cnt=1
2026-05-20T12:39:42.816834Z ERROR iota_benchmark: Transaction failed with err: Rpc(Call(ErrorObject { code: ServerError(-32050), message: "Transaction timed out before reaching finality", data: None })) tx_digest=Digest("FwUnpP37UdrLCrZd2ALzfXZVsyBQWQHZRU8MXYEUEopf") retry_cnt=1
2026-05-20T12:39:42.833809Z ERROR iota_benchmark: Transaction failed with err: Rpc(Call(ErrorObject { code: ServerError(-32050), message: "Transaction timed out before reaching finality", data: None })) tx_digest=Digest("4QJH3XhRvP8qWYXmtU8VMt9jx9nFfgtc9ex8UytNTpy2") retry_cnt=1
2026-05-20T12:39:42.833896Z ERROR iota_benchmark: Transaction failed with err: Rpc(Call(ErrorObject { code: ServerError(-32050), message: "Transaction timed out before reaching finality", data: None })) tx_digest=Digest("DtmYv9kAHavu6grwoRCkjD38y7gHCwVi8EoSBmYSztaT") retry_cnt=1
2026-05-20T12:39:42.845785Z ERROR iota_benchmark: Transaction failed with err: Rpc(Call(ErrorObject { code: ServerError(-32050), message: "Transaction timed out before reaching finality", data: None })) tx_digest=Digest("ANg5oaG5b3c9jC2saSjXwrmSCx7erFKHZBJDhzyJuGCc") retry_cnt=1
2026-05-20T12:39:42.855392Z ERROR iota_benchmark: Transaction failed with err: Rpc(Call(ErrorObject { code: ServerError(-32050), message: "Transaction timed out before reaching finality", data: None })) tx_digest=Digest("7KwEx1qvnNrE42mJAQgtuKCNkx7fTbmcJcZGFYaops8y") retry_cnt=1
2026-05-20T12:39:42.860653Z ERROR iota_benchmark: Transaction failed with err: Rpc(Call(ErrorObject { code: ServerError(-32050), message: "Transaction timed out before reaching finality", data: None })) tx_digest=Digest("yp4zLUrh8sX4XbDqdaCLm6xhwE1L2v9ULbmsHf3TUwK") retry_cnt=1
2026-05-20T12:39:42.867514Z ERROR iota_benchmark: Transaction failed with err: Rpc(Call(ErrorObject { code: ServerError(-32050), message: "Transaction timed out before reaching finality", data: None })) tx_digest=Digest("GLPF8QtpNjxZ23AHCfSMnckq8WUW493FCPFw48PAdukF") retry_cnt=1
2026-05-20T12:39:42.888017Z ERROR iota_benchmark: Transaction failed with err: Rpc(Call(ErrorObject { code: ServerError(-32050), message: "Transaction timed out before reaching finality", data: None })) tx_digest=Digest("DeNpbX3o7wCYzgEKdomjWM978Lc4nQCcKo7drbZ3XHD8") retry_cnt=1
2026-05-20T12:39:42.889696Z ERROR iota_benchmark: Transaction failed with err: Rpc(Call(ErrorObject { code: ServerError(-32050), message: "Transaction timed out before reaching finality", data: None })) tx_digest=Digest("oFVX8NWTHq3CxLgwrwLE94iNu32xtsXC7PPR5fKQT75") retry_cnt=1
2026-05-20T12:39:42.890057Z ERROR iota_benchmark: Transaction failed with err: Rpc(Call(ErrorObject { code: ServerError(-32050), message: "Transaction timed out before reaching finality", data: None })) tx_digest=Digest("ABCjGsr2MsC6RgcSPgVzaCLsu1csvEGrwrPwaAwbhwzg") retry_cnt=1
2026-05-20T12:39:42.911878Z ERROR iota_benchmark: Transaction failed with err: Rpc(Call(ErrorObject { code: ServerError(-32050), message: "Transaction timed out before reaching finality", data: None })) tx_digest=Digest("BJSZM58iQzdn7wD8mx4nvHzJFoYFivC7JKMcv3wLfuoM") retry_cnt=1
2026-05-20T12:39:42.932817Z ERROR iota_benchmark: Transaction failed with err: Rpc(Call(ErrorObject { code: ServerError(-32050), message: "Transaction timed out before reaching finality", data: None })) tx_digest=Digest("CwW7BiDU4aQpK4yH5VokfVNrw1XK1MsC97j7zQ1KAx57") retry_cnt=1
2026-05-20T12:39:42.950026Z ERROR iota_benchmark: Transaction failed with err: Rpc(Call(ErrorObject { code: ServerError(-32050), message: "Transaction timed out before reaching finality", data: None })) tx_digest=Digest("Hu2GbfsGxgapCik8X2EKe5Uo73vWTWGmGLt1nFM6T8Cz") retry_cnt=1
2026-05-20T12:39:42.956305Z ERROR iota_benchmark: Transaction failed with err: Rpc(Call(ErrorObject { code: ServerError(-32050), message: "Transaction timed out before reaching finality", data: None })) tx_digest=Digest("HPfxn1Ac3TygmayRgUc9xi3cFHGch1VTKfuX3ToWkW6X") retry_cnt=1
2026-05-20T12:39:42.960879Z ERROR iota_benchmark: Transaction failed with err: Rpc(Call(ErrorObject { code: ServerError(-32050), message: "Transaction timed out before reaching finality", data: None })) tx_digest=Digest("DfLW3Y1HhrVRJkPZt8F4oXzFUd9etU6Tg8Wir2UZeqMw") retry_cnt=1
2026-05-20T12:39:42.973355Z ERROR iota_benchmark: Transaction failed with err: Rpc(Call(ErrorObject { code: ServerError(-32050), message: "Transaction timed out before reaching finality", data: None })) tx_digest=Digest("7BEky78Nq7LACozbpUQeZTeF26gYshWvtFSiPWiCpSi4") retry_cnt=1
2026-05-20T12:39:43.022262Z ERROR iota_benchmark: Transaction failed with err: Rpc(Call(ErrorObject { code: ServerError(-32050), message: "Transaction timed out before reaching finality", data: None })) tx_digest=Digest("E7AqA4EyE5J97yCcKSmSh8Pr1mGtChMuujizSBm8wrpZ") retry_cnt=1
2026-05-20T12:39:43.026565Z ERROR iota_benchmark: Transaction failed with err: Rpc(Call(ErrorObject { code: ServerError(-32050), message: "Transaction timed out before reaching finality", data: None })) tx_digest=Digest("C3aHVqsHZ9fKA7NxqcceidmpcUzw28rQEPbCQAAhoCuy") retry_cnt=1
2026-05-20T12:39:43.050415Z ERROR iota_benchmark: Transaction failed with err: Rpc(Call(ErrorObject { code: ServerError(-32050), message: "Transaction timed out before reaching finality", data: None })) tx_digest=Digest("5BHqBijHXvkMEV2TUvdEtcVQNJB5pRt92jrtCaJuB2dg") retry_cnt=1
2026-05-20T12:39:43.084711Z ERROR iota_benchmark: Transaction failed with err: Rpc(Call(ErrorObject { code: ServerError(-32050), message: "Transaction timed out before reaching finality", data: None })) tx_digest=Digest("DmkHNKXfmf7wdAMhnWAvTN8V98Rx4y45VyuSZCBnMQjz") retry_cnt=1
2026-05-20T12:39:43.085610Z ERROR iota_benchmark: Transaction failed with err: Rpc(Call(ErrorObject { code: ServerError(-32050), message: "Transaction timed out before reaching finality", data: None })) tx_digest=Digest("2eBHL23XHLLoHXxsv2DcRZrM5qXVjp2GBPEKKVxNw23F") retry_cnt=1
2026-05-20T12:39:43.090203Z ERROR iota_benchmark: Transaction failed with err: Rpc(Call(ErrorObject { code: ServerError(-32050), message: "Transaction timed out before reaching finality", data: None })) tx_digest=Digest("C7CFRGxeGMrLw2whTe6z2XJ6nDx7g5ob5qVe2xjghekR") retry_cnt=1
2026-05-20T12:39:43.107910Z ERROR iota_benchmark: Transaction failed with err: Rpc(Call(ErrorObject { code: ServerError(-32050), message: "Transaction timed out before reaching finality", data: None })) tx_digest=Digest("5R5VmegSefYe7ZcYfdyep3hfk8WerfW6sMMZRgfU7Q3c") retry_cnt=1
2026-05-20T12:39:43.116021Z ERROR iota_benchmark: Transaction failed with err: Rpc(Call(ErrorObject { code: ServerError(-32050), message: "Transaction timed out before reaching finality", data: None })) tx_digest=Digest("DQpq74n9qePaBu1kn1dziLdF7Vb7KfUMnXXJ3Sxx2e1z") retry_cnt=1
2026-05-20T12:39:43.137827Z ERROR iota_benchmark: Transaction failed with err: Rpc(Call(ErrorObject { code: ServerError(-32050), message: "Transaction timed out before reaching finality", data: None })) tx_digest=Digest("9aUBDRWfTqKBhCjA9hULYWYRPz9a1o83iGxtPjxVGd6C") retry_cnt=1
2026-05-20T12:39:43.142485Z ERROR iota_benchmark: Transaction failed with err: Rpc(Call(ErrorObject { code: ServerError(-32050), message: "Transaction timed out before reaching finality", data: None })) tx_digest=Digest("4uZWrcpKYDU959oX4wVJibJBTeTHo2y7tPDhmzysuGaL") retry_cnt=1
2026-05-20T12:39:43.148718Z ERROR iota_benchmark: Transaction failed with err: Rpc(Call(ErrorObject { code: ServerError(-32050), message: "Transaction timed out before reaching finality", data: None })) tx_digest=Digest("GfhAgCPaRKzKDVKH6XDfCFFwhid6mfuxMSDQnE8eVhnn") retry_cnt=1
2026-05-20T12:39:43.151173Z ERROR iota_benchmark: Transaction failed with err: Rpc(Call(ErrorObject { code: ServerError(-32050), message: "Transaction timed out before reaching finality", data: None })) tx_digest=Digest("B3z9dS4TAqzjEaYXFqo7eRKEx13Eo5ooWDEAdshhf1QB") retry_cnt=1
2026-05-20T12:39:43.169821Z ERROR iota_benchmark: Transaction failed with err: Rpc(Call(ErrorObject { code: ServerError(-32050), message: "Transaction timed out before reaching finality", data: None })) tx_digest=Digest("Bd4izNxQxrCsTvMep3CnpNcZwr63oMvxyXG3GcBQU5iR") retry_cnt=1
2026-05-20T12:39:43.188046Z ERROR iota_benchmark: Transaction failed with err: Rpc(Call(ErrorObject { code: ServerError(-32050), message: "Transaction timed out before reaching finality", data: None })) tx_digest=Digest("GSY94MUgotkB5LU5kF9vBHqRovabmphpziwqv7eyBzSB") retry_cnt=1
2026-05-20T12:39:43.190454Z ERROR iota_benchmark: Transaction failed with err: Rpc(Call(ErrorObject { code: ServerError(-32050), message: "Transaction timed out before reaching finality", data: None })) tx_digest=Digest("B9tZMGUfdoB4Uqz1pk2nTvDzKcf4c4RRot7NdQtTXmKf") retry_cnt=1
2026-05-20T12:39:43.191210Z ERROR iota_benchmark: Transaction failed with err: Rpc(Call(ErrorObject { code: ServerError(-32050), message: "Transaction timed out before reaching finality", data: None })) tx_digest=Digest("AmKTS4hPtdsY5N6575PAKVHCtX2DA2yYQTrpZKZwuNZS") retry_cnt=1
2026-05-20T12:39:43.197801Z ERROR iota_benchmark: Transaction failed with err: Rpc(Call(ErrorObject { code: ServerError(-32050), message: "Transaction timed out before reaching finality", data: None })) tx_digest=Digest("6YSJJ9AqHZEjxbAV3PKC4kQGJsHpfLC3tMaL8WSLYoKB") retry_cnt=1
2026-05-20T12:39:43.207238Z ERROR iota_benchmark: Transaction failed with err: Rpc(Call(ErrorObject { code: ServerError(-32050), message: "Transaction timed out before reaching finality", data: None })) tx_digest=Digest("HKoQJFL74xQujuvez4AmYoDcmcqqPCeumYTPWM1iioEr") retry_cnt=1
2026-05-20T12:39:43.222352Z ERROR iota_benchmark: Transaction failed with err: Rpc(Call(ErrorObject { code: ServerError(-32050), message: "Transaction timed out before reaching finality", data: None })) tx_digest=Digest("8jPpDRqdQDp3vLBQX4mMk4hYTirD5vZUHjperkTBc6zQ") retry_cnt=1
2026-05-20T12:39:43.225022Z ERROR iota_benchmark: Transaction failed with err: Rpc(Call(ErrorObject { code: ServerError(-32050), message: "Transaction timed out before reaching finality", data: None })) tx_digest=Digest("BSujsyD25nEFvSMPfBZ8fm5i6ix6nv8gnuFemErra8q1") retry_cnt=1
2026-05-20T12:39:43.226151Z ERROR iota_benchmark: Transaction failed with err: Rpc(Call(ErrorObject { code: ServerError(-32050), message: "Transaction timed out before reaching finality", data: None })) tx_digest=Digest("ByddCn8zF65B5k5Eztj3LVhm4kyhAGXKsQ5v8nx93HpH") retry_cnt=1
2026-05-20T12:39:43.249160Z ERROR iota_benchmark: Transaction failed with err: Rpc(Call(ErrorObject { code: ServerError(-32050), message: "Transaction timed out before reaching finality", data: None })) tx_digest=Digest("Ed1JHm5KSe3oUTtaKPQfnhp7aEhAufb6DdpRNaQ6QCYV") retry_cnt=1
2026-05-20T12:39:43.251892Z ERROR iota_benchmark: Transaction failed with err: Rpc(Call(ErrorObject { code: ServerError(-32050), message: "Transaction timed out before reaching finality", data: None })) tx_digest=Digest("8dUz7eDma6UJcAeG1qNxihynEJG8qJqpqvdiYsrsdYdG") retry_cnt=1
2026-05-20T12:39:43.269471Z ERROR iota_benchmark: Transaction failed with err: Rpc(Call(ErrorObject { code: ServerError(-32050), message: "Transaction timed out before reaching finality", data: None })) tx_digest=Digest("fKeaBDioQJUxbmRCAnm4doXz91toNsocu3TENwsLQHe") retry_cnt=1
2026-05-20T12:39:43.280115Z ERROR iota_benchmark: Transaction failed with err: Rpc(Call(ErrorObject { code: ServerError(-32050), message: "Transaction timed out before reaching finality", data: None })) tx_digest=Digest("HQhbkDQEDhuiGRm3NPMd5zw37grXoGYP5m5Djhjp8Rkv") retry_cnt=1
2026-05-20T12:39:43.294798Z ERROR iota_benchmark: Transaction failed with err: Rpc(Call(ErrorObject { code: ServerError(-32050), message: "Transaction timed out before reaching finality", data: None })) tx_digest=Digest("FwUTXxjAp9f4jJ2qVJaryR58yqfpQqqnLP9khPo8KfBF") retry_cnt=1
2026-05-20T12:39:43.298466Z ERROR iota_benchmark: Transaction failed with err: Rpc(Call(ErrorObject { code: ServerError(-32050), message: "Transaction timed out before reaching finality", data: None })) tx_digest=Digest("4gRNS8eKanRn3DDxGxVxp1ryANe8EzSRm2w5EGQrYSWo") retry_cnt=1
2026-05-20T12:39:43.298466Z ERROR iota_benchmark: Transaction failed with err: Rpc(Call(ErrorObject { code: ServerError(-32050), message: "Transaction timed out before reaching finality", data: None })) tx_digest=Digest("6Mhzv1N2oDuVh1DAzXv48SqEAVJk4B5qjUnyVLyT2igh") retry_cnt=1
2026-05-20T12:39:43.299587Z ERROR iota_benchmark: Transaction failed with err: Rpc(Call(ErrorObject { code: ServerError(-32050), message: "Transaction timed out before reaching finality", data: None })) tx_digest=Digest("GwnY5M7VYCSu9EYVDymxH9f1eVAeLtJWSTFcPTMjcm33") retry_cnt=1
2026-05-20T12:39:43.304151Z ERROR iota_benchmark: Transaction failed with err: Rpc(Call(ErrorObject { code: ServerError(-32050), message: "Transaction timed out before reaching finality", data: None })) tx_digest=Digest("6nsPrFnD65sKU5Qg7UMfixWyohEywtAm5DQnoALo1ahB") retry_cnt=1
2026-05-20T12:39:43.307364Z ERROR iota_benchmark: Transaction failed with err: Rpc(Call(ErrorObject { code: ServerError(-32050), message: "Transaction timed out before reaching finality", data: None })) tx_digest=Digest("4FmNTq6MUuVmvGgbSP4HzRad2d3WRQBLBuMVRZc5vVgp") retry_cnt=1
2026-05-20T12:39:43.308442Z ERROR iota_benchmark: Transaction failed with err: Rpc(Call(ErrorObject { code: ServerError(-32050), message: "Transaction timed out before reaching finality", data: None })) tx_digest=Digest("2WXQH1t7yFzLutyu5zxz1wFw3pPJEgFYq12dyHK5Pk1m") retry_cnt=1
2026-05-20T12:39:43.315185Z ERROR iota_benchmark: Transaction failed with err: Rpc(Call(ErrorObject { code: ServerError(-32050), message: "Transaction timed out before reaching finality", data: None })) tx_digest=Digest("EwVUTdV1HR1CkgNrYT2yhGV6QpWSvzFjBzBzPsxYcVg4") retry_cnt=1
2026-05-20T12:39:43.324031Z ERROR iota_benchmark: Transaction failed with err: Rpc(Call(ErrorObject { code: ServerError(-32050), message: "Transaction timed out before reaching finality", data: None })) tx_digest=Digest("DC1zCDHQUBgXp5EphwzywDbiD1DMP6Lef5tci1hxtCET") retry_cnt=1
2026-05-20T12:39:43.324612Z ERROR iota_benchmark: Transaction failed with err: Rpc(Call(ErrorObject { code: ServerError(-32050), message: "Transaction timed out before reaching finality", data: None })) tx_digest=Digest("7QeJxTAj5r4z7q4KxCCEm4e63F6nHhpLwbP7WiSR5tFa") retry_cnt=1
2026-05-20T12:39:43.358357Z ERROR iota_benchmark: Transaction failed with err: Rpc(Call(ErrorObject { code: ServerError(-32050), message: "Transaction timed out before reaching finality", data: None })) tx_digest=Digest("37jv3W1zFxApPp5Ns8PYsyyTpxT8tyy6a5MzEvQaP64G") retry_cnt=1
2026-05-20T12:39:43.368458Z ERROR iota_benchmark: Transaction failed with err: Rpc(Call(ErrorObject { code: ServerError(-32050), message: "Transaction timed out before reaching finality", data: None })) tx_digest=Digest("9nigHCh9Z5gpnDrCRE95FTUZyhzSRmWexU8WFwToUqMi") retry_cnt=1
2026-05-20T12:39:43.384040Z ERROR iota_benchmark: Transaction failed with err: Rpc(Call(ErrorObject { code: ServerError(-32050), message: "Transaction timed out before reaching finality", data: None })) tx_digest=Digest("Ho26JQTXVjYgkfo6gjpCCHm9kM7wLndposkRrsaxYrmM") retry_cnt=1
2026-05-20T12:39:43.396347Z ERROR iota_benchmark: Transaction failed with err: Rpc(Call(ErrorObject { code: ServerError(-32050), message: "Transaction timed out before reaching finality", data: None })) tx_digest=Digest("H2iu6RANr6e867UVfofHGJV5odgkuvYj92g4JKJ4Jcmk") retry_cnt=1
2026-05-20T12:39:43.410327Z ERROR iota_benchmark: Transaction failed with err: Rpc(Call(ErrorObject { code: ServerError(-32050), message: "Transaction timed out before reaching finality", data: None })) tx_digest=Digest("7cSuvF3CKfopxCQVYMi2qzf6WW2DMEj7JU2DZDRDtBwB") retry_cnt=1
2026-05-20T12:39:43.413151Z ERROR iota_benchmark: Transaction failed with err: Rpc(Call(ErrorObject { code: ServerError(-32050), message: "Transaction timed out before reaching finality", data: None })) tx_digest=Digest("6YLM9hpEN3Nnn1DpoiSp68Aqypg4od4X3Q9vo2eubBVL") retry_cnt=1
2026-05-20T12:39:43.426849Z ERROR iota_benchmark: Transaction failed with err: Rpc(Call(ErrorObject { code: ServerError(-32050), message: "Transaction timed out before reaching finality", data: None })) tx_digest=Digest("Fr9Wt6mfU3FRBECuvkeuhfv1UPiQiqnNWRVGKPLY2zmY") retry_cnt=1
2026-05-20T12:39:43.434993Z ERROR iota_benchmark: Transaction failed with err: Rpc(Call(ErrorObject { code: ServerError(-32050), message: "Transaction timed out before reaching finality", data: None })) tx_digest=Digest("J1mgB3KJXV5YGm1m7mcF8m5h4PTaUF9rkeA16sPyYynM") retry_cnt=1
2026-05-20T12:39:43.474221Z ERROR iota_benchmark: Transaction failed with err: Rpc(Call(ErrorObject { code: ServerError(-32050), message: "Transaction timed out before reaching finality", data: None })) tx_digest=Digest("ALX5sbVRd53UH8P5hXeDxnR9dCtbWoNe4dNfRAfLL5t4") retry_cnt=1
2026-05-20T12:39:43.492404Z ERROR iota_benchmark: Transaction failed with err: Rpc(Call(ErrorObject { code: ServerError(-32050), message: "Transaction timed out before reaching finality", data: None })) tx_digest=Digest("8TAYfuNTH7iXFN4A95btUENZPCQrFd3aKUygp3o7Fhb") retry_cnt=1
2026-05-20T12:39:43.492627Z ERROR iota_benchmark: Transaction failed with err: Rpc(Call(ErrorObject { code: ServerError(-32050), message: "Transaction timed out before reaching finality", data: None })) tx_digest=Digest("EoM19dnKoWGyqsgJpFSCFda1vVn2DbDxKwUpgTmqhDpA") retry_cnt=1
2026-05-20T12:39:43.492725Z ERROR iota_benchmark: Transaction failed with err: Rpc(Call(ErrorObject { code: ServerError(-32050), message: "Transaction timed out before reaching finality", data: None })) tx_digest=Digest("7m7fn8HyNJKqcTWochNHqx2DYBSfYnEgnX8eGZo5Nz6F") retry_cnt=1
2026-05-20T12:39:43.500166Z ERROR iota_benchmark: Transaction failed with err: Rpc(Call(ErrorObject { code: ServerError(-32050), message: "Transaction timed out before reaching finality", data: None })) tx_digest=Digest("8BEmLJyDbXN2LmpFtvSLkqjVSTwHiM3d5xniiJUHN4XE") retry_cnt=1
2026-05-20T12:39:43.507175Z ERROR iota_benchmark: Transaction failed with err: Rpc(Call(ErrorObject { code: ServerError(-32050), message: "Transaction timed out before reaching finality", data: None })) tx_digest=Digest("DjKrr9eAq2WCjZwPAqwwYyDub6baGH68P5ZydQyeao48") retry_cnt=1
2026-05-20T12:39:43.547816Z ERROR iota_benchmark: Transaction failed with err: Rpc(Call(ErrorObject { code: ServerError(-32050), message: "Transaction timed out before reaching finality", data: None })) tx_digest=Digest("5vN5zK8X1MNMcymvxcSQr8ZSjC3on19um6hUGSHFxS7K") retry_cnt=1
2026-05-20T12:39:43.560464Z ERROR iota_benchmark: Transaction failed with err: Rpc(Call(ErrorObject { code: ServerError(-32050), message: "Transaction timed out before reaching finality", data: None })) tx_digest=Digest("9JE1kxLmMjsa72rSp6DUxWiHpbPYwwrSAnBDp1s3L67p") retry_cnt=1
2026-05-20T12:39:43.577483Z ERROR iota_benchmark: Transaction failed with err: Rpc(Call(ErrorObject { code: ServerError(-32050), message: "Transaction timed out before reaching finality", data: None })) tx_digest=Digest("GQoxRvFeftKQTLbj3d37VzkSMJwVnHyymBtePR7mL2aa") retry_cnt=1
2026-05-20T12:39:43.580497Z ERROR iota_benchmark: Transaction failed with err: Rpc(Call(ErrorObject { code: ServerError(-32050), message: "Transaction timed out before reaching finality", data: None })) tx_digest=Digest("9q5aCBZWxRirrT1myMN2GLJeA1RTemdoMY4Xk2jm5vvy") retry_cnt=1
2026-05-20T12:39:43.673410Z ERROR iota_benchmark: Transaction failed with err: Rpc(Call(ErrorObject { code: ServerError(-32050), message: "Transaction timed out before reaching finality", data: None })) tx_digest=Digest("AGsV5sat4ytnpVdrRPmaSikAZz4UJ9vMdH8b625FQwWX") retry_cnt=1
2026-05-20T12:39:43.674755Z ERROR iota_benchmark: Transaction failed with err: Rpc(Call(ErrorObject { code: ServerError(-32050), message: "Transaction timed out before reaching finality", data: None })) tx_digest=Digest("GCEvzp3rSos4QBekf2S5hznLAhhsV8rR5kAQvqrnKixR") retry_cnt=1
2026-05-20T12:39:43.677313Z ERROR iota_benchmark: Transaction failed with err: Rpc(Call(ErrorObject { code: ServerError(-32050), message: "Transaction timed out before reaching finality", data: None })) tx_digest=Digest("HgDbxSMxjwKT2jFMDmYazWADnRTqJzMe9CSqiZNuLcZx") retry_cnt=1
2026-05-20T12:39:43.689717Z ERROR iota_benchmark: Transaction failed with err: Rpc(Call(ErrorObject { code: ServerError(-32050), message: "Transaction timed out before reaching finality", data: None })) tx_digest=Digest("9paAXYvGxWdbyzwJwh2Jk1zQHeiBF36pBQQ96SgamFAJ") retry_cnt=1
2026-05-20T12:39:43.774891Z ERROR iota_benchmark: Transaction failed with err: Rpc(Call(ErrorObject { code: ServerError(-32050), message: "Transaction timed out before reaching finality", data: None })) tx_digest=Digest("5NwKXXPhJEQdMtjvxLoxo474C4tAu3s3HHyiKKBprFji") retry_cnt=1
2026-05-20T12:39:43.774983Z ERROR iota_benchmark: Transaction failed with err: Rpc(Call(ErrorObject { code: ServerError(-32050), message: "Transaction timed out before reaching finality", data: None })) tx_digest=Digest("D2ztAQgFGePuRdZBoMAKKBdKS1RzXNnJPfBJdnDvXiZ3") retry_cnt=1
2026-05-20T12:39:43.775583Z ERROR iota_benchmark: Transaction failed with err: Rpc(Call(ErrorObject { code: ServerError(-32050), message: "Transaction timed out before reaching finality", data: None })) tx_digest=Digest("Dq1gjfwtx6V8oKhEd1TwXnX1t6sEtg2imkc2w871grau") retry_cnt=1
2026-05-20T12:39:43.812784Z ERROR iota_benchmark: Transaction failed with err: Rpc(Call(ErrorObject { code: ServerError(-32050), message: "Transaction timed out before reaching finality", data: None })) tx_digest=Digest("BJkAqqQqyMQG6nSJ7D9jeoFToRMsw68DMtJDEV7RUU7C") retry_cnt=1
2026-05-20T12:39:43.817042Z ERROR iota_benchmark: Transaction failed with err: Rpc(Call(ErrorObject { code: ServerError(-32050), message: "Transaction timed out before reaching finality", data: None })) tx_digest=Digest("36J332vpxpNH8kHsBuS49E3XtvzoY65aR4fhiVYSZHbA") retry_cnt=1
2026-05-20T12:39:43.844494Z ERROR iota_benchmark: Transaction failed with err: Rpc(Call(ErrorObject { code: ServerError(-32050), message: "Transaction timed out before reaching finality", data: None })) tx_digest=Digest("57uwc4cxCqijWmYZfrXPLYWohnA5DUq3VNET2WpGm6vN") retry_cnt=1
2026-05-20T12:39:43.844493Z ERROR iota_benchmark: Transaction failed with err: Rpc(Call(ErrorObject { code: ServerError(-32050), message: "Transaction timed out before reaching finality", data: None })) tx_digest=Digest("HDdExQz4FsdMVhpn7oVGi9nanYgGpi7Euo9Pf9UYCqjW") retry_cnt=1
2026-05-20T12:39:43.849255Z ERROR iota_benchmark: Transaction failed with err: Rpc(Call(ErrorObject { code: ServerError(-32050), message: "Transaction timed out before reaching finality", data: None })) tx_digest=Digest("HEBoVMXAsTq5P8uLXFaCBJrNHy2uQqgfnScpX271xrFY") retry_cnt=1
2026-05-20T12:39:43.865059Z ERROR iota_benchmark: Transaction failed with err: Rpc(Call(ErrorObject { code: ServerError(-32050), message: "Transaction timed out before reaching finality", data: None })) tx_digest=Digest("HKM13tYAe8C3MqjUbSc8J1m6qVuwM3yTHbJHBtHwS3Dk") retry_cnt=1
2026-05-20T12:39:43.865514Z ERROR iota_benchmark: Transaction failed with err: Rpc(Call(ErrorObject { code: ServerError(-32050), message: "Transaction timed out before reaching finality", data: None })) tx_digest=Digest("3LYfhqrNsQMp8wtNJkrpQh2ggHjMuQnEubriSi9DE6K7") retry_cnt=1
2026-05-20T12:39:43.878190Z ERROR iota_benchmark: Transaction failed with err: Rpc(Call(ErrorObject { code: ServerError(-32050), message: "Transaction timed out before reaching finality", data: None })) tx_digest=Digest("AqNbjNX6z8sTURFEhdptngjwczK4xnWULA4JmARYrADc") retry_cnt=1
2026-05-20T12:39:43.882738Z ERROR iota_benchmark: Transaction failed with err: Rpc(Call(ErrorObject { code: ServerError(-32050), message: "Transaction timed out before reaching finality", data: None })) tx_digest=Digest("XGPGNE9G1ghW4X8PEsDfx8Ky4bMaUutzXTRGwes1vjc") retry_cnt=1
2026-05-20T12:39:43.893335Z ERROR iota_benchmark: Transaction failed with err: Rpc(Call(ErrorObject { code: ServerError(-32050), message: "Transaction timed out before reaching finality", data: None })) tx_digest=Digest("HymohQavpqjsKJej6vkL3kxKJ4VL9WaSuxSqJDT55hWE") retry_cnt=1
2026-05-20T12:39:43.925281Z ERROR iota_benchmark: Transaction failed with err: Rpc(Call(ErrorObject { code: ServerError(-32050), message: "Transaction timed out before reaching finality", data: None })) tx_digest=Digest("6ARbroqD5cUYn8RKpSY8JYrN4Up3XjFPhVsxvFq8S8Mv") retry_cnt=1
2026-05-20T12:39:43.943308Z ERROR iota_benchmark: Transaction failed with err: Rpc(Call(ErrorObject { code: ServerError(-32050), message: "Transaction timed out before reaching finality", data: None })) tx_digest=Digest("G1n6MsFP8w3JVuDebQtCVMMc8zA92g9eAfUVEMCFeNWj") retry_cnt=1
2026-05-20T12:39:43.959101Z ERROR iota_benchmark: Transaction failed with err: Rpc(Call(ErrorObject { code: ServerError(-32050), message: "Transaction timed out before reaching finality", data: None })) tx_digest=Digest("9UZDt5cz2EBWfUSJgiPxJTVybyp5KNLiDn96kokTkST3") retry_cnt=1
2026-05-20T12:39:44.028705Z ERROR iota_benchmark: Transaction failed with err: Rpc(Call(ErrorObject { code: ServerError(-32050), message: "Transaction timed out before reaching finality", data: None })) tx_digest=Digest("7iwhaVLeW57NC3Qk6pNdSV4YnmtntAZfRJmyQKjmu9V9") retry_cnt=1
2026-05-20T12:39:44.030263Z ERROR iota_benchmark: Transaction failed with err: Rpc(Call(ErrorObject { code: ServerError(-32050), message: "Transaction timed out before reaching finality", data: None })) tx_digest=Digest("EqyCcyfHGeFSrCE2omxBtMVDSZrCw7DUyEJd7vowaQFB") retry_cnt=1
2026-05-20T12:39:44.032790Z ERROR iota_benchmark: Transaction failed with err: Rpc(Call(ErrorObject { code: ServerError(-32050), message: "Transaction timed out before reaching finality", data: None })) tx_digest=Digest("A6UABSq42nLKqiku9gbxAcvteGfMgU7wBjTS8HJwVWME") retry_cnt=1
2026-05-20T12:39:44.044841Z ERROR iota_benchmark: Transaction failed with err: Rpc(Call(ErrorObject { code: ServerError(-32050), message: "Transaction timed out before reaching finality", data: None })) tx_digest=Digest("C51wSrq6PA8Z8Cux8tSBsc4maFAGo9mnY3UNdSf6z3PY") retry_cnt=1
2026-05-20T12:39:44.103116Z ERROR iota_benchmark: Transaction failed with err: Rpc(Call(ErrorObject { code: ServerError(-32050), message: "Transaction timed out before reaching finality", data: None })) tx_digest=Digest("EtiSPowWWJpSFXNpEeBCPMiukqHbwBMYvt9jvhGhguRr") retry_cnt=1
2026-05-20T12:39:44.123682Z ERROR iota_benchmark: Transaction failed with err: Rpc(Call(ErrorObject { code: ServerError(-32050), message: "Transaction timed out before reaching finality", data: None })) tx_digest=Digest("HgxXB7x67Mb3XDDiJdQmKFJLS6JcrDa5sKBhgy3J1XBW") retry_cnt=1
2026-05-20T12:39:44.138708Z ERROR iota_benchmark: Transaction failed with err: Rpc(Call(ErrorObject { code: ServerError(-32050), message: "Transaction timed out before reaching finality", data: None })) tx_digest=Digest("FfTB3EhaYfPeTmncKK24XASm7yUreqgQVd1ysP8Xk5pb") retry_cnt=1
2026-05-20T12:39:44.201093Z ERROR iota_benchmark: Transaction failed with err: Rpc(Call(ErrorObject { code: ServerError(-32050), message: "Transaction timed out before reaching finality", data: None })) tx_digest=Digest("83G29KhGv2uh1V4dQxafdBuCRiaW7pbkzqf5A4Wfxqrk") retry_cnt=1
2026-05-20T12:39:44.206719Z ERROR iota_benchmark: Transaction failed with err: Rpc(Call(ErrorObject { code: ServerError(-32050), message: "Transaction timed out before reaching finality", data: None })) tx_digest=Digest("2fgA3KfCufWHCWkxabVmdvVN9CMaK9Q4s33YhQ2i9RcP") retry_cnt=1
2026-05-20T12:39:44.206866Z ERROR iota_benchmark: Transaction failed with err: Rpc(Call(ErrorObject { code: ServerError(-32050), message: "Transaction timed out before reaching finality", data: None })) tx_digest=Digest("EbuGzKR6v6GXcNzUjv7QwnQw1WZJQhk53cGEeu7pBDWG") retry_cnt=1
2026-05-20T12:39:44.216489Z ERROR iota_benchmark: Transaction failed with err: Rpc(Call(ErrorObject { code: ServerError(-32050), message: "Transaction timed out before reaching finality", data: None })) tx_digest=Digest("D6kH9fNaYT6zPN7YpXaCWY5v7yUN8CY7qPNLphYJEpbr") retry_cnt=1
2026-05-20T12:39:44.313736Z ERROR iota_benchmark: Transaction failed with err: Rpc(Call(ErrorObject { code: ServerError(-32050), message: "Transaction timed out before reaching finality", data: None })) tx_digest=Digest("Hi9gyWHKac2PLcwYzjCpFbyfzT6nwF6QKPdx2JPaQiWx") retry_cnt=1
2026-05-20T12:39:44.325864Z ERROR iota_benchmark: Transaction failed with err: Rpc(Call(ErrorObject { code: ServerError(-32050), message: "Transaction timed out before reaching finality", data: None })) tx_digest=Digest("4YeDygo6VoiXULX12ZKhWp3jyUSTBfDm7xxCvrPJ4eRZ") retry_cnt=1
2026-05-20T12:39:44.524146Z ERROR iota_benchmark: Transaction failed with err: Rpc(Call(ErrorObject { code: ServerError(-32050), message: "Transaction timed out before reaching finality", data: None })) tx_digest=Digest("GqPdsoPXMo5PhYx34FFY2gFiBbaU2tpDzjwM98eDopQt") retry_cnt=1
2026-05-20T12:39:44.556826Z ERROR iota_benchmark: Transaction failed with err: Rpc(Call(ErrorObject { code: ServerError(-32050), message: "Transaction timed out before reaching finality", data: None })) tx_digest=Digest("Avqk1kK88fJrjQX7PKZ9TuF89u2Ez5L5mrqgoqe94pD5") retry_cnt=1
2026-05-20T12:39:44.570196Z ERROR iota_benchmark: Transaction failed with err: Rpc(Call(ErrorObject { code: ServerError(-32050), message: "Transaction timed out before reaching finality", data: None })) tx_digest=Digest("8oPPeyWsPAJLbxE2kDnL2FiSe3N46mN4SK1oUpvmTuHq") retry_cnt=1
2026-05-20T12:39:44.585819Z ERROR iota_benchmark: Transaction failed with err: Rpc(Call(ErrorObject { code: ServerError(-32050), message: "Transaction timed out before reaching finality", data: None })) tx_digest=Digest("61QVc9DGh5hpi7pvZBauTh7wMGaGgSqRqTmHakZE5JTN") retry_cnt=1
2026-05-20T12:39:44.588075Z ERROR iota_benchmark: Transaction failed with err: Rpc(Call(ErrorObject { code: ServerError(-32050), message: "Transaction timed out before reaching finality", data: None })) tx_digest=Digest("Dm6SVW4fEusrUzGV77f9fD5WKcKAqHqaTTRE7Bujus4k") retry_cnt=1
2026-05-20T12:39:44.599009Z ERROR iota_benchmark: Transaction failed with err: Rpc(Call(ErrorObject { code: ServerError(-32050), message: "Transaction timed out before reaching finality", data: None })) tx_digest=Digest("7sDvVhqfa5aRzrzoYcxNYXHQq8Dy4ZjM9ZkGgJx4bvG7") retry_cnt=1
2026-05-20T12:39:44.611088Z ERROR iota_benchmark: Transaction failed with err: Rpc(Call(ErrorObject { code: ServerError(-32050), message: "Transaction timed out before reaching finality", data: None })) tx_digest=Digest("B8oM6oSdLC9zLPejauJmLQDsicfECFcDAfv8xsYFRCTL") retry_cnt=1
2026-05-20T12:39:44.714831Z ERROR iota_benchmark: Transaction failed with err: Rpc(Call(ErrorObject { code: ServerError(-32050), message: "Transaction timed out before reaching finality", data: None })) tx_digest=Digest("6k3FHhUpesoeYtHCgrGgDTLoQEHeHbGgdPXAdifTSA4X") retry_cnt=1
2026-05-20T12:39:44.753683Z ERROR iota_benchmark: Transaction failed with err: Rpc(Call(ErrorObject { code: ServerError(-32050), message: "Transaction timed out before reaching finality", data: None })) tx_digest=Digest("GrJtnN8rmFsCW4zqLVRAsZFJVHx4ShFqhTKdWwPGiEb9") retry_cnt=1
2026-05-20T12:39:44.754811Z ERROR iota_benchmark: Transaction failed with err: Rpc(Call(ErrorObject { code: ServerError(-32050), message: "Transaction timed out before reaching finality", data: None })) tx_digest=Digest("ATq6f5WXY1zUerSzRVQndaHqjRr9WSfQCX1BMUuL6dC9") retry_cnt=1
2026-05-20T12:39:44.755874Z ERROR iota_benchmark: Transaction failed with err: Rpc(Call(ErrorObject { code: ServerError(-32050), message: "Transaction timed out before reaching finality", data: None })) tx_digest=Digest("7Uyc1NszrgrfR6nzGNXeMaE8CHxtZy2QdGTtrvMDgs3W") retry_cnt=1
2026-05-20T12:39:44.890610Z ERROR iota_benchmark: Transaction failed with err: Rpc(Call(ErrorObject { code: ServerError(-32050), message: "Transaction timed out before reaching finality", data: None })) tx_digest=Digest("5EpGCNiDX2zrtfT78D994R3yw9wxbMZawSWZX5trHUmq") retry_cnt=1
2026-05-20T12:39:44.890997Z ERROR iota_benchmark: Transaction failed with err: Rpc(Call(ErrorObject { code: ServerError(-32050), message: "Transaction timed out before reaching finality", data: None })) tx_digest=Digest("7fEoM1xZt6XSUpbS4GZGjJqeshcp9uff1YB9Y94Ea941") retry_cnt=1
2026-05-20T12:39:44.944902Z ERROR iota_benchmark: Transaction failed with err: Rpc(Call(ErrorObject { code: ServerError(-32050), message: "Transaction timed out before reaching finality", data: None })) tx_digest=Digest("29K9yN8u4kzGwCFvzaLQJ29ggj9bnKUptvNPc4F3yifU") retry_cnt=1
2026-05-20T12:39:44.988390Z ERROR iota_benchmark: Transaction failed with err: Rpc(Call(ErrorObject { code: ServerError(-32050), message: "Transaction timed out before reaching finality", data: None })) tx_digest=Digest("HqJNFvzCXvogigCYYoe7U3re2ZVXkempAQjM2nW3Xwhf") retry_cnt=1
2026-05-20T12:39:45.015794Z ERROR iota_benchmark: Transaction failed with err: Rpc(Call(ErrorObject { code: ServerError(-32050), message: "Transaction timed out before reaching finality", data: None })) tx_digest=Digest("Gi7TFhfYnu95bJed8qikzFgoBPDZURpMNK5hCpk2B2te") retry_cnt=1
2026-05-20T12:39:45.018888Z ERROR iota_benchmark: Transaction failed with err: Rpc(Call(ErrorObject { code: ServerError(-32050), message: "Transaction timed out before reaching finality", data: None })) tx_digest=Digest("CzLyMmBayw6PNe9ukLmq1ZCUh1wNkRfXQu6mSBPcVQDB") retry_cnt=1
2026-05-20T12:39:45.067331Z ERROR iota_benchmark: Transaction failed with err: Rpc(Call(ErrorObject { code: ServerError(-32050), message: "Transaction timed out before reaching finality", data: None })) tx_digest=Digest("7akyvDiemJ2NexvwWa7BbswR8J7fuGjhkWFu13EcUke8") retry_cnt=1
2026-05-20T12:39:45.076298Z ERROR iota_benchmark: Transaction failed with err: Rpc(Call(ErrorObject { code: ServerError(-32050), message: "Transaction timed out before reaching finality", data: None })) tx_digest=Digest("4khrQGgatHdEdUhENNmmtkU5WUbF6fNcsmFhABdDJZq8") retry_cnt=1
2026-05-20T12:39:45.085279Z ERROR iota_benchmark: Transaction failed with err: Rpc(Call(ErrorObject { code: ServerError(-32050), message: "Transaction timed out before reaching finality", data: None })) tx_digest=Digest("F8h4WAeLWpxbFNBujJ5SNYcspPSGjvaa3wuMQ2mqFsy5") retry_cnt=1
2026-05-20T12:39:45.093326Z ERROR iota_benchmark: Transaction failed with err: Rpc(Call(ErrorObject { code: ServerError(-32050), message: "Transaction timed out before reaching finality", data: None })) tx_digest=Digest("6bQqF6UsmyrANrsEBpZ19CjW6kAMzEKRLaFoyYu3wgdt") retry_cnt=1
2026-05-20T12:39:45.134708Z ERROR iota_benchmark: Transaction failed with err: Rpc(Call(ErrorObject { code: ServerError(-32050), message: "Transaction timed out before reaching finality", data: None })) tx_digest=Digest("EpazsutKb6vQD62ymvdpgZpuy8dnNtRUPj4Gwr2pXhfs") retry_cnt=1
2026-05-20T12:39:45.135066Z ERROR iota_benchmark: Transaction failed with err: Rpc(Call(ErrorObject { code: ServerError(-32050), message: "Transaction timed out before reaching finality", data: None })) tx_digest=Digest("5TELiDsM5i9PU6j8aokBMVMDzV7BHMzyowY6P8Tspnmr") retry_cnt=1
2026-05-20T12:39:45.162958Z ERROR iota_benchmark: Transaction failed with err: Rpc(Call(ErrorObject { code: ServerError(-32050), message: "Transaction timed out before reaching finality", data: None })) tx_digest=Digest("9VtCWLVK1aYasRmhGepecJwC83hSRAJFmGwe2g7Yyxsz") retry_cnt=1
2026-05-20T12:39:45.201425Z ERROR iota_benchmark: Transaction failed with err: Rpc(Call(ErrorObject { code: ServerError(-32050), message: "Transaction timed out before reaching finality", data: None })) tx_digest=Digest("F7HYGaZgdm54C6Trk1DCt3nMhJhAFJgNvGeHd4wMAeoJ") retry_cnt=1
2026-05-20T12:39:45.250052Z ERROR iota_benchmark: Transaction failed with err: Rpc(Call(ErrorObject { code: ServerError(-32050), message: "Transaction timed out before reaching finality", data: None })) tx_digest=Digest("7eTvDWAUp9JY7LMs8PubW3Y16kSrhdmrFBLPqaVDnRXP") retry_cnt=1
2026-05-20T12:39:45.278226Z ERROR iota_benchmark: Transaction failed with err: Rpc(Call(ErrorObject { code: ServerError(-32050), message: "Transaction timed out before reaching finality", data: None })) tx_digest=Digest("A2ZVMjWpKVi2ndX3zT3NEiwpWzNvNoEtzk1XjGHpwMTf") retry_cnt=1
2026-05-20T12:39:45.296251Z ERROR iota_benchmark: Transaction failed with err: Rpc(Call(ErrorObject { code: ServerError(-32050), message: "Transaction timed out before reaching finality", data: None })) tx_digest=Digest("GJmdFou8isbAw4wLKcARsyqwtW9V2vBcnMRn6yBSanXS") retry_cnt=1
2026-05-20T12:39:45.299157Z ERROR iota_benchmark: Transaction failed with err: Rpc(Call(ErrorObject { code: ServerError(-32050), message: "Transaction timed out before reaching finality", data: None })) tx_digest=Digest("GVdvDiKo1Ae24rdPBtZmAHgNPxXsTzst8BQWvF7RsHir") retry_cnt=1
2026-05-20T12:39:45.304161Z ERROR iota_benchmark: Transaction failed with err: Rpc(Call(ErrorObject { code: ServerError(-32050), message: "Transaction timed out before reaching finality", data: None })) tx_digest=Digest("7knu8vjpHzW8xCcaCeCxwqbtkVj93fav5oNVXkNSAWSj") retry_cnt=1
2026-05-20T12:39:45.305951Z ERROR iota_benchmark: Transaction failed with err: Rpc(Call(ErrorObject { code: ServerError(-32050), message: "Transaction timed out before reaching finality", data: None })) tx_digest=Digest("B7KUf2YDdGGXe8NF4xXBrau2ptTbfEeCFQDuHCZP9jY4") retry_cnt=1
2026-05-20T12:39:45.306042Z ERROR iota_benchmark: Transaction failed with err: Rpc(Call(ErrorObject { code: ServerError(-32050), message: "Transaction timed out before reaching finality", data: None })) tx_digest=Digest("3DvcXMBwWjuz6XdfbgZDiFGKUHTAM2rNbhnPD1EZpzWJ") retry_cnt=1
2026-05-20T12:39:45.309248Z ERROR iota_benchmark: Transaction failed with err: Rpc(Call(ErrorObject { code: ServerError(-32050), message: "Transaction timed out before reaching finality", data: None })) tx_digest=Digest("eW2YvZvM455V7kkHDhiFcBVtN3TBHE3S3ih6GNj9LA2") retry_cnt=1
2026-05-20T12:39:45.310313Z ERROR iota_benchmark: Transaction failed with err: Rpc(Call(ErrorObject { code: ServerError(-32050), message: "Transaction timed out before reaching finality", data: None })) tx_digest=Digest("3rJqtChv727YemATUVjU7KqG7n4UELyA2Nhj6H6PVxgc") retry_cnt=1
2026-05-20T12:39:45.319706Z ERROR iota_benchmark: Transaction failed with err: Rpc(Call(ErrorObject { code: ServerError(-32050), message: "Transaction timed out before reaching finality", data: None })) tx_digest=Digest("774M4bqq1J3FrSfUASD9idYyCDrhZTLcGkmtFBmn7xgV") retry_cnt=1
2026-05-20T12:39:45.321708Z ERROR iota_benchmark: Transaction failed with err: Rpc(Call(ErrorObject { code: ServerError(-32050), message: "Transaction timed out before reaching finality", data: None })) tx_digest=Digest("4prnorv9WpWuLD34fikbtGbVrGFEfywyFUMnRnEjF1Ev") retry_cnt=1
2026-05-20T12:39:45.327897Z ERROR iota_benchmark: Transaction failed with err: Rpc(Call(ErrorObject { code: ServerError(-32050), message: "Transaction timed out before reaching finality", data: None })) tx_digest=Digest("9cNv6Jun6zKZNXC6L3Dg55NzSWsa9BCQhMjzU3jH6qio") retry_cnt=1
2026-05-20T12:39:45.340626Z ERROR iota_benchmark: Transaction failed with err: Rpc(Call(ErrorObject { code: ServerError(-32050), message: "Transaction timed out before reaching finality", data: None })) tx_digest=Digest("BQwL4fzq5Bqt8RrDZWFWdbrpuy2DUiByEL8DofAMY9ma") retry_cnt=1
2026-05-20T12:39:45.363113Z ERROR iota_benchmark: Transaction failed with err: Rpc(Call(ErrorObject { code: ServerError(-32050), message: "Transaction timed out before reaching finality", data: None })) tx_digest=Digest("9r6WeDg4Ld8cRnksVY4zQuyJP6JaevpbTDqmnzkMbFg5") retry_cnt=1
2026-05-20T12:39:45.511046Z ERROR iota_benchmark: Transaction failed with err: Rpc(Call(ErrorObject { code: ServerError(-32050), message: "Transaction timed out before reaching finality", data: None })) tx_digest=Digest("9MidcYtybnNmDNPNDc1LcizURn5reyxjiJ5opuJseYBT") retry_cnt=1
2026-05-20T12:39:45.521992Z ERROR iota_benchmark: Transaction failed with err: Rpc(Call(ErrorObject { code: ServerError(-32050), message: "Transaction timed out before reaching finality", data: None })) tx_digest=Digest("4v84h5bGscbxWFXJxX37i63Ne1ygKLcTEPSjkRvvpjUR") retry_cnt=1
2026-05-20T12:39:45.522093Z ERROR iota_benchmark: Transaction failed with err: Rpc(Call(ErrorObject { code: ServerError(-32050), message: "Transaction timed out before reaching finality", data: None })) tx_digest=Digest("63LwvC55XKLtsizfruxKY6g84Tkkf5u4Hs1rToogxfFP") retry_cnt=1
2026-05-20T12:39:45.530349Z ERROR iota_benchmark: Transaction failed with err: Rpc(Call(ErrorObject { code: ServerError(-32050), message: "Transaction timed out before reaching finality", data: None })) tx_digest=Digest("GKJfBzsHXJGyKpkwoFca1p8KRRq8gie5GHFsNbQzWzkJ") retry_cnt=1
2026-05-20T12:39:45.590033Z ERROR iota_benchmark: Transaction failed with err: Rpc(Call(ErrorObject { code: ServerError(-32050), message: "Transaction timed out before reaching finality", data: None })) tx_digest=Digest("9jQFRCVi9j222VfZGeJwXWgES4NzayTLkfHUAtPoKqwD") retry_cnt=1
2026-05-20T12:39:45.602477Z ERROR iota_benchmark: Transaction failed with err: Rpc(Call(ErrorObject { code: ServerError(-32050), message: "Transaction timed out before reaching finality", data: None })) tx_digest=Digest("9g37Lsk1pMe6MSmkZXXvGscNwJbGgb5WAaYCSoWPC4bX") retry_cnt=1
2026-05-20T12:39:45.610195Z ERROR iota_benchmark: Transaction failed with err: Rpc(Call(ErrorObject { code: ServerError(-32050), message: "Transaction timed out before reaching finality", data: None })) tx_digest=Digest("VCYbauoRgMhdEEx2yA6C9RL8Xvr3xcWRfVCwUBt6YqC") retry_cnt=1
2026-05-20T12:39:45.621727Z ERROR iota_benchmark: Transaction failed with err: Rpc(Call(ErrorObject { code: ServerError(-32050), message: "Transaction timed out before reaching finality", data: None })) tx_digest=Digest("B9CGisx4wNViGKxKBW1ExB1acjdN3dKa2zHXvoEBNC4x") retry_cnt=1
2026-05-20T12:39:45.632043Z ERROR iota_benchmark: Transaction failed with err: Rpc(Call(ErrorObject { code: ServerError(-32050), message: "Transaction timed out before reaching finality", data: None })) tx_digest=Digest("5fYTKVNEZePXjiDS5ap95znMTJfbarpkCxg5eJXoM9Mp") retry_cnt=1
2026-05-20T12:39:45.632910Z ERROR iota_benchmark: Transaction failed with err: Rpc(Call(ErrorObject { code: ServerError(-32050), message: "Transaction timed out before reaching finality", data: None })) tx_digest=Digest("FcSZecVFDAKw9rokBNWXsebfrUwmDPKHgfBxGeTGMae8") retry_cnt=1
2026-05-20T12:39:45.668712Z ERROR iota_benchmark: Transaction failed with err: Rpc(Call(ErrorObject { code: ServerError(-32050), message: "Transaction timed out before reaching finality", data: None })) tx_digest=Digest("5cxJQQJqo4J4yM6G8fvTNTogwJJQdYNmrJhfEk5DtjqQ") retry_cnt=1
2026-05-20T12:39:45.669253Z ERROR iota_benchmark: Transaction failed with err: Rpc(Call(ErrorObject { code: ServerError(-32050), message: "Transaction timed out before reaching finality", data: None })) tx_digest=Digest("59ES6dTxRBeRkbfZRbCEcxietFkPNm7TphJpsFiruqe6") retry_cnt=1
2026-05-20T12:39:45.687780Z ERROR iota_benchmark: Transaction failed with err: Rpc(Call(ErrorObject { code: ServerError(-32050), message: "Transaction timed out before reaching finality", data: None })) tx_digest=Digest("Eh4KDTb6jrKwrvF8J66LZUR5PWMhUDUmwohKnXtoyg68") retry_cnt=1
2026-05-20T12:39:45.695894Z ERROR iota_benchmark: Transaction failed with err: Rpc(Call(ErrorObject { code: ServerError(-32050), message: "Transaction timed out before reaching finality", data: None })) tx_digest=Digest("ugQ9QoQTTkGgTCG5Sqtdi2LD2S8Vosfk8zCWhcgKMvW") retry_cnt=1
2026-05-20T12:39:45.766911Z ERROR iota_benchmark: Transaction failed with err: Rpc(Call(ErrorObject { code: ServerError(-32050), message: "Transaction timed out before reaching finality", data: None })) tx_digest=Digest("D5QymdxBanccNPCKrmzc6eeRaNgSUKoTkN7Gehzbjh5e") retry_cnt=1
2026-05-20T12:39:45.771474Z ERROR iota_benchmark: Transaction failed with err: Rpc(Call(ErrorObject { code: ServerError(-32050), message: "Transaction timed out before reaching finality", data: None })) tx_digest=Digest("2rNXdy8phKuaRvhDkBWDbMqYf5JXs8hrdQuDMowkwJCo") retry_cnt=1
2026-05-20T12:39:45.798853Z ERROR iota_benchmark: Transaction failed with err: Rpc(Call(ErrorObject { code: ServerError(-32050), message: "Transaction timed out before reaching finality", data: None })) tx_digest=Digest("41ZmxKosYkywg6j3etaLaPmD1BthtdwDn6z2D5K61trY") retry_cnt=1
2026-05-20T12:39:45.819791Z ERROR iota_benchmark: Transaction failed with err: Rpc(Call(ErrorObject { code: ServerError(-32050), message: "Transaction timed out before reaching finality", data: None })) tx_digest=Digest("EbMbfSsKfdKdw6xWUaV6R5m1vRNcB93TPpN5skKP7sfs") retry_cnt=1
2026-05-20T12:39:45.853759Z ERROR iota_benchmark: Transaction failed with err: Rpc(Call(ErrorObject { code: ServerError(-32050), message: "Transaction timed out before reaching finality", data: None })) tx_digest=Digest("hDCyHG7jSPcAxSkVtrAAhU7hSq7psYvaLhjv4XPRQFU") retry_cnt=1
2026-05-20T12:39:45.860790Z ERROR iota_benchmark: Transaction failed with err: Rpc(Call(ErrorObject { code: ServerError(-32050), message: "Transaction timed out before reaching finality", data: None })) tx_digest=Digest("89PU8BB8uyPNXPw7QjGWjGTkVtVxGAupctwETkXpzuYY") retry_cnt=1
2026-05-20T12:39:45.884166Z ERROR iota_benchmark: Transaction failed with err: Rpc(Call(ErrorObject { code: ServerError(-32050), message: "Transaction timed out before reaching finality", data: None })) tx_digest=Digest("5AD75BuCrrKLESB2xX5ccW1833pRCt4eBArDjS6FVx99") retry_cnt=1
2026-05-20T12:39:45.886409Z ERROR iota_benchmark: Transaction failed with err: Rpc(Call(ErrorObject { code: ServerError(-32050), message: "Transaction timed out before reaching finality", data: None })) tx_digest=Digest("5ZTZrVZXnB9ReHrURZPFpRYT3UHFJTeyBzcWsW8GfUKw") retry_cnt=1
2026-05-20T12:39:45.892135Z ERROR iota_benchmark: Transaction failed with err: Rpc(Call(ErrorObject { code: ServerError(-32050), message: "Transaction timed out before reaching finality", data: None })) tx_digest=Digest("DZ9hsneU9rKpeJcDokvhnBCieBvPHYp3PBXSxhiGWW2P") retry_cnt=1
2026-05-20T12:39:45.929893Z ERROR iota_benchmark: Transaction failed with err: Rpc(Call(ErrorObject { code: ServerError(-32050), message: "Transaction timed out before reaching finality", data: None })) tx_digest=Digest("CBFqYFPs1mnQrpbrsLygi8WZjy7AY6u8MDmpa8jDxGyy") retry_cnt=1
2026-05-20T12:39:45.937341Z ERROR iota_benchmark: Transaction failed with err: Rpc(Call(ErrorObject { code: ServerError(-32050), message: "Transaction timed out before reaching finality", data: None })) tx_digest=Digest("5ArRHsxK8dVv4fRDyiuV4Eai61GRHsFycwuTop35e1qe") retry_cnt=1
2026-05-20T12:39:45.937428Z ERROR iota_benchmark: Transaction failed with err: Rpc(Call(ErrorObject { code: ServerError(-32050), message: "Transaction timed out before reaching finality", data: None })) tx_digest=Digest("C1EXjRDpAMXnzyQnyVktXFqB9Qd5NmsqRBBUuBdrizUy") retry_cnt=1
2026-05-20T12:39:45.937807Z ERROR iota_benchmark: Transaction failed with err: Rpc(Call(ErrorObject { code: ServerError(-32050), message: "Transaction timed out before reaching finality", data: None })) tx_digest=Digest("7jhX4ADY4jcsGBWeichFEb48tRz9WQQA3xQxX77Xu7GF") retry_cnt=1
2026-05-20T12:39:45.945243Z ERROR iota_benchmark: Transaction failed with err: Rpc(Call(ErrorObject { code: ServerError(-32050), message: "Transaction timed out before reaching finality", data: None })) tx_digest=Digest("BBhQYTgJHSW8tKqu73qvrU5uauWF5tXyJqjdQFx4WU5W") retry_cnt=1
2026-05-20T12:39:45.948160Z ERROR iota_benchmark: Transaction failed with err: Rpc(Call(ErrorObject { code: ServerError(-32050), message: "Transaction timed out before reaching finality", data: None })) tx_digest=Digest("6ZvjmwZbaX3EcL6bvkTmTcLXbMVqbvb8DBJhxn8KRhUZ") retry_cnt=1
2026-05-20T12:39:45.960124Z ERROR iota_benchmark: Transaction failed with err: Rpc(Call(ErrorObject { code: ServerError(-32050), message: "Transaction timed out before reaching finality", data: None })) tx_digest=Digest("62wX4mnjhn98mu8HCRxGK3HYEW98z7aCXBQLUWwo11SN") retry_cnt=1
2026-05-20T12:39:45.976625Z ERROR iota_benchmark: Transaction failed with err: Rpc(Call(ErrorObject { code: ServerError(-32050), message: "Transaction timed out before reaching finality", data: None })) tx_digest=Digest("8hf6J9z4t6sfmLKN2yPriWc6GqBcg1EFrTG91GHJJRb7") retry_cnt=1
2026-05-20T12:39:45.984791Z ERROR iota_benchmark: Transaction failed with err: Rpc(Call(ErrorObject { code: ServerError(-32050), message: "Transaction timed out before reaching finality", data: None })) tx_digest=Digest("FbLmymxVwMdXS4kSLZZq124zq6SsikyCCaBng6KHdTZ6") retry_cnt=1
2026-05-20T12:39:46.036413Z ERROR iota_benchmark: Transaction failed with err: Rpc(Call(ErrorObject { code: ServerError(-32050), message: "Transaction timed out before reaching finality", data: None })) tx_digest=Digest("HJkYc8BFz5rwUc1cZdLxvKT8FEtLfgWsUx5KQqCLMzZU") retry_cnt=1
2026-05-20T12:39:46.036741Z ERROR iota_benchmark: Transaction failed with err: Rpc(Call(ErrorObject { code: ServerError(-32050), message: "Transaction timed out before reaching finality", data: None })) tx_digest=Digest("3xim21Vh77m9VSRKViXKbXX4GwzRq84cxZcSkuCBNXcU") retry_cnt=1
2026-05-20T12:39:46.053900Z ERROR iota_benchmark: Transaction failed with err: Rpc(Call(ErrorObject { code: ServerError(-32050), message: "Transaction timed out before reaching finality", data: None })) tx_digest=Digest("14WmSVQPSy4BEkkfm2yjP2xtQB8RWLTttttLBGB62YQC") retry_cnt=1
2026-05-20T12:39:46.073799Z ERROR iota_benchmark: Transaction failed with err: Rpc(Call(ErrorObject { code: ServerError(-32050), message: "Transaction timed out before reaching finality", data: None })) tx_digest=Digest("595YKkRpzCD5QkDYwr791xd9QEPGMjD4DPgqoXnZGxbb") retry_cnt=1
2026-05-20T12:39:46.078791Z ERROR iota_benchmark: Transaction failed with err: Rpc(Call(ErrorObject { code: ServerError(-32050), message: "Transaction timed out before reaching finality", data: None })) tx_digest=Digest("CFMNX4o6obp7g8mPci4tupjkT3HmLSJ32PvcEXJtskX1") retry_cnt=1
2026-05-20T12:39:46.099647Z ERROR iota_benchmark: Transaction failed with err: Rpc(Call(ErrorObject { code: ServerError(-32050), message: "Transaction timed out before reaching finality", data: None })) tx_digest=Digest("B93uTYwvLMetTjaK4Jti8hcfXdr6hfrFRYx9QioTg1zL") retry_cnt=1
2026-05-20T12:39:46.111876Z ERROR iota_benchmark: Transaction failed with err: Rpc(Call(ErrorObject { code: ServerError(-32050), message: "Transaction timed out before reaching finality", data: None })) tx_digest=Digest("uJqijXTZxPzD8s2mxfKtdMptTBu3545LQuYosCjZUWu") retry_cnt=1
2026-05-20T12:39:46.117565Z ERROR iota_benchmark: Transaction failed with err: Rpc(Call(ErrorObject { code: ServerError(-32050), message: "Transaction timed out before reaching finality", data: None })) tx_digest=Digest("79MjpZV2Eg9TXRTGeq3wFvjE1zduMXuCmNWAhrugsGoY") retry_cnt=1
2026-05-20T12:39:46.118895Z ERROR iota_benchmark: Transaction failed with err: Rpc(Call(ErrorObject { code: ServerError(-32050), message: "Transaction timed out before reaching finality", data: None })) tx_digest=Digest("CZDnbdv19M2EhZCwTGFLFhdGJ5M55A7coRHBkTqqkHaP") retry_cnt=1
2026-05-20T12:39:46.123226Z ERROR iota_benchmark: Transaction failed with err: Rpc(Call(ErrorObject { code: ServerError(-32050), message: "Transaction timed out before reaching finality", data: None })) tx_digest=Digest("CSggzVJ2acZYjnof6rAi71mExiVqyn1qNFj4SwhqY4rh") retry_cnt=1
2026-05-20T12:39:46.124028Z ERROR iota_benchmark: Transaction failed with err: Rpc(Call(ErrorObject { code: ServerError(-32050), message: "Transaction timed out before reaching finality", data: None })) tx_digest=Digest("8TvHs43AqP4D1LBL74FBCjTWPdqni73dghzwAfNPdxPN") retry_cnt=1
2026-05-20T12:39:46.124488Z ERROR iota_benchmark: Transaction failed with err: Rpc(Call(ErrorObject { code: ServerError(-32050), message: "Transaction timed out before reaching finality", data: None })) tx_digest=Digest("p2JhTQUezXUDYXS1orm4Nm4t62XDNB5jkSM5xuqphkT") retry_cnt=1
2026-05-20T12:39:46.144778Z ERROR iota_benchmark: Transaction failed with err: Rpc(Call(ErrorObject { code: ServerError(-32050), message: "Transaction timed out before reaching finality", data: None })) tx_digest=Digest("5zVi7gnW6UHiyQx4cZ4gAvJLTowbQU1FC3Yd1GaUFkJs") retry_cnt=1
2026-05-20T12:39:46.145598Z ERROR iota_benchmark: Transaction failed with err: Rpc(Call(ErrorObject { code: ServerError(-32050), message: "Transaction timed out before reaching finality", data: None })) tx_digest=Digest("De1wSNxhyNUQpaApdfgCM8VjbyTQ22Ep4p6pBwKVqEKu") retry_cnt=1
2026-05-20T12:39:46.145641Z ERROR iota_benchmark: Transaction failed with err: Rpc(Call(ErrorObject { code: ServerError(-32050), message: "Transaction timed out before reaching finality", data: None })) tx_digest=Digest("B3KmN6LUaukNe3H3RgqPxiHeeYDpZRGtYGvws4AFdX57") retry_cnt=1
2026-05-20T12:39:46.175602Z ERROR iota_benchmark: Transaction failed with err: Rpc(Call(ErrorObject { code: ServerError(-32050), message: "Transaction timed out before reaching finality", data: None })) tx_digest=Digest("5qH6iJGXdDyrBY5anLXxQmDkPDhvYFFMSznGMzxBD3mR") retry_cnt=1
2026-05-20T12:39:46.175661Z ERROR iota_benchmark: Transaction failed with err: Rpc(Call(ErrorObject { code: ServerError(-32050), message: "Transaction timed out before reaching finality", data: None })) tx_digest=Digest("DA3Bf3xMs5finKrSkoQn4TyyTSqw8dTYmT61WbkGdumu") retry_cnt=1
2026-05-20T12:39:46.247886Z ERROR iota_benchmark: Transaction failed with err: Rpc(Call(ErrorObject { code: ServerError(-32050), message: "Transaction timed out before reaching finality", data: None })) tx_digest=Digest("6kfsuTG3KUjyQFNkVb4TuZYAhKHJMnexDC953rhHbP1t") retry_cnt=1
2026-05-20T12:39:46.250653Z ERROR iota_benchmark: Transaction failed with err: Rpc(Call(ErrorObject { code: ServerError(-32050), message: "Transaction timed out before reaching finality", data: None })) tx_digest=Digest("79nvEFuhGDYenUxuroAvDn7dxamfgtqFtmnJm1beXJjS") retry_cnt=1
2026-05-20T12:39:46.251031Z ERROR iota_benchmark: Transaction failed with err: Rpc(Call(ErrorObject { code: ServerError(-32050), message: "Transaction timed out before reaching finality", data: None })) tx_digest=Digest("3zEBpvq7iLARZmXNRGFGtCAhgriBDr4QBn3B4vMM66yR") retry_cnt=1
2026-05-20T12:39:46.251048Z ERROR iota_benchmark: Transaction failed with err: Rpc(Call(ErrorObject { code: ServerError(-32050), message: "Transaction timed out before reaching finality", data: None })) tx_digest=Digest("DzpDmuedLeoPXRT34T7F6wLBeHqeywFdL5Aru9acvHL3") retry_cnt=1
2026-05-20T12:39:46.251388Z ERROR iota_benchmark: Transaction failed with err: Rpc(Call(ErrorObject { code: ServerError(-32050), message: "Transaction timed out before reaching finality", data: None })) tx_digest=Digest("Gnge4y1bsb5Xux9jqfBmw8pNHosdr87a6fMLMZrwUXCz") retry_cnt=1
2026-05-20T12:39:46.258897Z ERROR iota_benchmark: Transaction failed with err: Rpc(Call(ErrorObject { code: ServerError(-32050), message: "Transaction timed out before reaching finality", data: None })) tx_digest=Digest("CEz3NhLAM8pMQqk55HMMJX8syRZn8MjbdJ1qQqWavUrm") retry_cnt=1
2026-05-20T12:39:46.259386Z ERROR iota_benchmark: Transaction failed with err: Rpc(Call(ErrorObject { code: ServerError(-32050), message: "Transaction timed out before reaching finality", data: None })) tx_digest=Digest("HXLHTgdE59QsvcXDfDa2fcRJdkKSFvYSW3yZ3u3fFoG4") retry_cnt=1
2026-05-20T12:39:46.260391Z ERROR iota_benchmark: Transaction failed with err: Rpc(Call(ErrorObject { code: ServerError(-32050), message: "Transaction timed out before reaching finality", data: None })) tx_digest=Digest("7f3LEp4iMrTFvxKScScHzchwLhdZC4QZfqFNnRa1hNvB") retry_cnt=1
2026-05-20T12:39:46.261161Z ERROR iota_benchmark: Transaction failed with err: Rpc(Call(ErrorObject { code: ServerError(-32050), message: "Transaction timed out before reaching finality", data: None })) tx_digest=Digest("DTJNcrBxVxWE8YR2WycTtkCR5XFDs2cpySijKUnv39nM") retry_cnt=1
2026-05-20T12:39:46.262096Z ERROR iota_benchmark: Transaction failed with err: Rpc(Call(ErrorObject { code: ServerError(-32050), message: "Transaction timed out before reaching finality", data: None })) tx_digest=Digest("8dcAAEBV7XyBRocpZ78516v29b3dmzGTYqkmC12WZzQa") retry_cnt=1
2026-05-20T12:39:46.267186Z ERROR iota_benchmark: Transaction failed with err: Rpc(Call(ErrorObject { code: ServerError(-32050), message: "Transaction timed out before reaching finality", data: None })) tx_digest=Digest("9D4r7B4fjLk41g9x8cE59bs4Gpf2kZSSZt26qH1au2q4") retry_cnt=1
2026-05-20T12:39:46.316361Z ERROR iota_benchmark: Transaction failed with err: Rpc(Call(ErrorObject { code: ServerError(-32050), message: "Transaction timed out before reaching finality", data: None })) tx_digest=Digest("GzAnkyFcarQbmEf5J4AintLgVkyQsRKgGoqFWcXf7pCs") retry_cnt=1
2026-05-20T12:39:46.317674Z ERROR iota_benchmark: Transaction failed with err: Rpc(Call(ErrorObject { code: ServerError(-32050), message: "Transaction timed out before reaching finality", data: None })) tx_digest=Digest("8YyXYvTpFd4DWziZoqwDwoiVbeaMTv5LyqzRHTFeyKDZ") retry_cnt=1
2026-05-20T12:39:46.318466Z ERROR iota_benchmark: Transaction failed with err: Rpc(Call(ErrorObject { code: ServerError(-32050), message: "Transaction timed out before reaching finality", data: None })) tx_digest=Digest("7r7wYs1aHTKhRicEhPmJi97k4ipPDwFexvhZUm89RsxL") retry_cnt=1
2026-05-20T12:39:46.328210Z ERROR iota_benchmark: Transaction failed with err: Rpc(Call(ErrorObject { code: ServerError(-32050), message: "Transaction timed out before reaching finality", data: None })) tx_digest=Digest("AnQQtKiKnSjsvrniBoHxdEUciawwwaay5Ead7JHbr1v2") retry_cnt=1
2026-05-20T12:39:46.364750Z ERROR iota_benchmark: Transaction failed with err: Rpc(Call(ErrorObject { code: ServerError(-32050), message: "Transaction timed out before reaching finality", data: None })) tx_digest=Digest("BL6BdRkcGnnREZ49LbSDc3aNzbMJLKwJMkFGWdfpdpZA") retry_cnt=1
2026-05-20T12:39:46.380964Z ERROR iota_benchmark: Transaction failed with err: Rpc(Call(ErrorObject { code: ServerError(-32050), message: "Transaction timed out before reaching finality", data: None })) tx_digest=Digest("3jFSSqQPHHmNjWHksMsEMEqVcHgyhHz6TkJSyrErjvfg") retry_cnt=1
2026-05-20T12:39:46.389167Z ERROR iota_benchmark: Transaction failed with err: Rpc(Call(ErrorObject { code: ServerError(-32050), message: "Transaction timed out before reaching finality", data: None })) tx_digest=Digest("FucYbLy2D26Cmh6DYkfAXHZC4Wmpr784P8dY8PG4NWU7") retry_cnt=1
2026-05-20T12:39:46.401001Z ERROR iota_benchmark: Transaction failed with err: Rpc(Call(ErrorObject { code: ServerError(-32050), message: "Transaction timed out before reaching finality", data: None })) tx_digest=Digest("2RWNZgxwHiiSw6DGySbypTae1FrghvktfBptaKmkMuPa") retry_cnt=1
2026-05-20T12:39:46.401020Z ERROR iota_benchmark: Transaction failed with err: Rpc(Call(ErrorObject { code: ServerError(-32050), message: "Transaction timed out before reaching finality", data: None })) tx_digest=Digest("Dtbei51AWmni9LgiKMHKSj6i57Gz7u9bhUAtzPJGta6a") retry_cnt=1
2026-05-20T12:39:46.401275Z ERROR iota_benchmark: Transaction failed with err: Rpc(Call(ErrorObject { code: ServerError(-32050), message: "Transaction timed out before reaching finality", data: None })) tx_digest=Digest("7vdUq53eFs9k9VyKo8vNnDGUy4UvDRQ3FiL6KicwEcqb") retry_cnt=1
2026-05-20T12:39:46.402858Z ERROR iota_benchmark: Transaction failed with err: Rpc(Call(ErrorObject { code: ServerError(-32050), message: "Transaction timed out before reaching finality", data: None })) tx_digest=Digest("9KwxW891aZmBfZS9qsAYxhAt7xvpntSwh3dyCXkU9KLP") retry_cnt=1
2026-05-20T12:39:46.410899Z ERROR iota_benchmark: Transaction failed with err: Rpc(Call(ErrorObject { code: ServerError(-32050), message: "Transaction timed out before reaching finality", data: None })) tx_digest=Digest("FnWdq18wW1B1QC9FETTQofEmB268ViXf3FAtumhCKsBd") retry_cnt=1
2026-05-20T12:39:46.462801Z ERROR iota_benchmark: Transaction failed with err: Rpc(Call(ErrorObject { code: ServerError(-32050), message: "Transaction timed out before reaching finality", data: None })) tx_digest=Digest("49Hc5d5qjxvjVTFV324LHaRHF5RaP91aBfFjrN3hEBbK") retry_cnt=1
2026-05-20T12:39:46.466487Z ERROR iota_benchmark: Transaction failed with err: Rpc(Call(ErrorObject { code: ServerError(-32050), message: "Transaction timed out before reaching finality", data: None })) tx_digest=Digest("AF5NLX4fwgWuzLazAcucWp4aU3CUMz9w3nREGch8yiQC") retry_cnt=1
2026-05-20T12:39:46.472743Z ERROR iota_benchmark: Transaction failed with err: Rpc(Call(ErrorObject { code: ServerError(-32050), message: "Transaction timed out before reaching finality", data: None })) tx_digest=Digest("5VEkCmJf8MqMCSUrys7pANPk8hHpR4SejQfgw8Vdimz2") retry_cnt=1
2026-05-20T12:39:46.487851Z ERROR iota_benchmark: Transaction failed with err: Rpc(Call(ErrorObject { code: ServerError(-32050), message: "Transaction timed out before reaching finality", data: None })) tx_digest=Digest("J2qE3Rzaqf5DNLjeEcMuN3A2ZPjGngWJBQCuqK7X9c3q") retry_cnt=1
2026-05-20T12:39:46.604443Z ERROR iota_benchmark: Transaction failed with err: Rpc(Call(ErrorObject { code: ServerError(-32050), message: "Transaction timed out before reaching finality", data: None })) tx_digest=Digest("7iVL4bYcWcEDyops9xXXwFoo5na6ZDNrALacGsy8vnw3") retry_cnt=1
2026-05-20T12:39:46.719203Z ERROR iota_benchmark: Transaction failed with err: Rpc(Call(ErrorObject { code: ServerError(-32050), message: "Transaction timed out before reaching finality", data: None })) tx_digest=Digest("AB2pA8vHNjdjiZvpXrR9gXjiu8DnuaYw84LaPUN1R7DR") retry_cnt=1
2026-05-20T12:39:46.740581Z ERROR iota_benchmark: Transaction failed with err: Rpc(Call(ErrorObject { code: ServerError(-32050), message: "Transaction timed out before reaching finality", data: None })) tx_digest=Digest("D26Bv6ftSptix8sYgdDri1wgksZMjx186YsFrv8si3m6") retry_cnt=1
2026-05-20T12:39:46.743666Z ERROR iota_benchmark: Transaction failed with err: Rpc(Call(ErrorObject { code: ServerError(-32050), message: "Transaction timed out before reaching finality", data: None })) tx_digest=Digest("B1GRicdYmCC7MJgGfHjqrvudt2g87uSQRnnfm8Q2273r") retry_cnt=1
2026-05-20T12:39:46.764442Z ERROR iota_benchmark: Transaction failed with err: Rpc(Call(ErrorObject { code: ServerError(-32050), message: "Transaction timed out before reaching finality", data: None })) tx_digest=Digest("78TKgrNJwC1VfbBrvWeB4tQQJ3gvzN2e6p5zZx9wchZT") retry_cnt=1
2026-05-20T12:39:46.767588Z ERROR iota_benchmark: Transaction failed with err: Rpc(Call(ErrorObject { code: ServerError(-32050), message: "Transaction timed out before reaching finality", data: None })) tx_digest=Digest("7BscWszqzMNJk4HXpEJTDwd1LC7wjKuAPReCXStuBgX3") retry_cnt=1
2026-05-20T12:39:46.775688Z ERROR iota_benchmark: Transaction failed with err: Rpc(Call(ErrorObject { code: ServerError(-32050), message: "Transaction timed out before reaching finality", data: None })) tx_digest=Digest("CMAVENiS1kboFeHoQxmTMq6WpepnjxY9UKsxbdtVFHzr") retry_cnt=1
2026-05-20T12:39:46.831053Z ERROR iota_benchmark: Transaction failed with err: Rpc(Call(ErrorObject { code: ServerError(-32050), message: "Transaction timed out before reaching finality", data: None })) tx_digest=Digest("5gKrj6GmPPrMUcqFTEnzfec7SqPteyyrWpT1bUkYeEo") retry_cnt=1
2026-05-20T12:39:46.836074Z ERROR iota_benchmark: Transaction failed with err: Rpc(Call(ErrorObject { code: ServerError(-32050), message: "Transaction timed out before reaching finality", data: None })) tx_digest=Digest("7hJSbEytC1mbRcofkwShUydNVAJjPgkoVXKcKsA5rMhG") retry_cnt=1
2026-05-20T12:39:46.836131Z ERROR iota_benchmark: Transaction failed with err: Rpc(Call(ErrorObject { code: ServerError(-32050), message: "Transaction timed out before reaching finality", data: None })) tx_digest=Digest("CU31wdBooas1XiYGHKCSMp258oYGZJYCeAMmWcwkGafE") retry_cnt=1
2026-05-20T12:39:46.837410Z ERROR iota_benchmark: Transaction failed with err: Rpc(Call(ErrorObject { code: ServerError(-32050), message: "Transaction timed out before reaching finality", data: None })) tx_digest=Digest("2NWmztGpJ152SAQfkXDzgrsZDUjZZ1VJz13BtZNr6Mpk") retry_cnt=1
2026-05-20T12:39:46.841078Z ERROR iota_benchmark: Transaction failed with err: Rpc(Call(ErrorObject { code: ServerError(-32050), message: "Transaction timed out before reaching finality", data: None })) tx_digest=Digest("DMXdJGK6qQ9LTrejHs3vREnCN6BSQex9LGEtjwGawyv4") retry_cnt=1
2026-05-20T12:39:46.884832Z ERROR iota_benchmark: Transaction failed with err: Rpc(Call(ErrorObject { code: ServerError(-32050), message: "Transaction timed out before reaching finality", data: None })) tx_digest=Digest("9TKYQMhC2RJEqc9oQVzjFxGruihsmDEcNu41naNFUgd2") retry_cnt=1
2026-05-20T12:39:46.885119Z ERROR iota_benchmark: Transaction failed with err: Rpc(Call(ErrorObject { code: ServerError(-32050), message: "Transaction timed out before reaching finality", data: None })) tx_digest=Digest("9mps9ZrsArBrusemoYFAmfxU9CsCMyRLfHvM1fnasq7j") retry_cnt=1
2026-05-20T12:39:46.892827Z ERROR iota_benchmark: Transaction failed with err: Rpc(Call(ErrorObject { code: ServerError(-32050), message: "Transaction timed out before reaching finality", data: None })) tx_digest=Digest("Hg9tJmr2K3qxSs9hnwyFVgFKmS5i5d6pAqNtzDiQi5E1") retry_cnt=1
2026-05-20T12:39:46.894385Z ERROR iota_benchmark: Transaction failed with err: Rpc(Call(ErrorObject { code: ServerError(-32050), message: "Transaction timed out before reaching finality", data: None })) tx_digest=Digest("CG4Y1ikNSnhfRLJFPC9y7jMmJtkm6bmL1gp7WLF42hVT") retry_cnt=1
2026-05-20T12:39:46.933495Z ERROR iota_benchmark: Transaction failed with err: Rpc(Call(ErrorObject { code: ServerError(-32050), message: "Transaction timed out before reaching finality", data: None })) tx_digest=Digest("48Lr8UwJTBF29GP57LSF6B5ef74h66rsok1zG79MfP3R") retry_cnt=1
2026-05-20T12:39:46.952182Z ERROR iota_benchmark: Transaction failed with err: Rpc(Call(ErrorObject { code: ServerError(-32050), message: "Transaction timed out before reaching finality", data: None })) tx_digest=Digest("AErLosQWHTL3NCHqqEX924ZMNnwif14gjXQ2daZXNyvQ") retry_cnt=1
2026-05-20T12:39:46.960051Z ERROR iota_benchmark: Transaction failed with err: Rpc(Call(ErrorObject { code: ServerError(-32050), message: "Transaction timed out before reaching finality", data: None })) tx_digest=Digest("58JrbR48tqq6WTpDit3R2TLRUhXgja7vnEbuNz3Feq6E") retry_cnt=1
2026-05-20T12:39:46.983672Z ERROR iota_benchmark: Transaction failed with err: Rpc(Call(ErrorObject { code: ServerError(-32050), message: "Transaction timed out before reaching finality", data: None })) tx_digest=Digest("2JpPuvGSnrffgnMuAmepazSpY83CLaaeg7wBjkf7NBS6") retry_cnt=1
2026-05-20T12:39:47.004998Z ERROR iota_benchmark: Transaction failed with err: Rpc(Call(ErrorObject { code: ServerError(-32050), message: "Transaction timed out before reaching finality", data: None })) tx_digest=Digest("H87i93267Dv7wERLK7MJ7wA2oFmCtdK3DSQE8fF7MbYx") retry_cnt=1
2026-05-20T12:39:47.006306Z ERROR iota_benchmark: Transaction failed with err: Rpc(Call(ErrorObject { code: ServerError(-32050), message: "Transaction timed out before reaching finality", data: None })) tx_digest=Digest("9cpfgq2UEbfSky5hCvM6UE8M1y8qSZCTn9dyftL7PuG8") retry_cnt=1
2026-05-20T12:39:47.009728Z ERROR iota_benchmark: Transaction failed with err: Rpc(Call(ErrorObject { code: ServerError(-32050), message: "Transaction timed out before reaching finality", data: None })) tx_digest=Digest("BVt5R4awq8tk5VF6RGS7MVyNoeTpR9oG5Lo8Yy3q84oz") retry_cnt=1
2026-05-20T12:39:47.050268Z ERROR iota_benchmark: Transaction failed with err: Rpc(Call(ErrorObject { code: ServerError(-32050), message: "Transaction timed out before reaching finality", data: None })) tx_digest=Digest("CTK6XNhKQA7np5Av6XPUGNF1J1fGsVUvq8K4b3PKgwR4") retry_cnt=1
2026-05-20T12:39:47.050341Z ERROR iota_benchmark: Transaction failed with err: Rpc(Call(ErrorObject { code: ServerError(-32050), message: "Transaction timed out before reaching finality", data: None })) tx_digest=Digest("AxKRUh19UDchZwzdZZpRt9reTzRknAy2XZA1LUadot5b") retry_cnt=1
2026-05-20T12:39:47.091840Z ERROR iota_benchmark: Transaction failed with err: Rpc(Call(ErrorObject { code: ServerError(-32050), message: "Transaction timed out before reaching finality", data: None })) tx_digest=Digest("2yUzqo5MSG4Tm19BJXs9KBMZjrupjgLzm9GXk9GgMLdj") retry_cnt=1
2026-05-20T12:39:47.138175Z ERROR iota_benchmark: Transaction failed with err: Rpc(Call(ErrorObject { code: ServerError(-32050), message: "Transaction timed out before reaching finality", data: None })) tx_digest=Digest("4tNTAgePSJFxRE1ZmA6Axsh5mJuprpXmsaeCFZC136Wt") retry_cnt=1
2026-05-20T12:39:47.143688Z ERROR iota_benchmark: Transaction failed with err: Rpc(Call(ErrorObject { code: ServerError(-32050), message: "Transaction timed out before reaching finality", data: None })) tx_digest=Digest("EanShayNM84dFu7gPWNHD8oeP8PEZ1TktYLTV2ekmJPg") retry_cnt=1
2026-05-20T12:39:47.145333Z ERROR iota_benchmark: Transaction failed with err: Rpc(Call(ErrorObject { code: ServerError(-32050), message: "Transaction timed out before reaching finality", data: None })) tx_digest=Digest("9tM9tWjpgCMPrDrUFLZPfjVxRUrUn8J96irSatz5yAxH") retry_cnt=1
2026-05-20T12:39:47.186029Z ERROR iota_benchmark: Transaction failed with err: Rpc(Call(ErrorObject { code: ServerError(-32050), message: "Transaction timed out before reaching finality", data: None })) tx_digest=Digest("AdnsussQUdCi54tuiCnEzzZcQjTjb6qHoxrwvB4Ccuot") retry_cnt=1
2026-05-20T12:39:47.209633Z ERROR iota_benchmark: Transaction failed with err: Rpc(Call(ErrorObject { code: ServerError(-32050), message: "Transaction timed out before reaching finality", data: None })) tx_digest=Digest("9MdfFFSiXUUoJM1HzBuPK1ywuzzmeCpUCeszspC1KKXY") retry_cnt=1
2026-05-20T12:39:47.225166Z ERROR iota_benchmark: Transaction failed with err: Rpc(Call(ErrorObject { code: ServerError(-32050), message: "Transaction timed out before reaching finality", data: None })) tx_digest=Digest("GaJw6dtD4MpRrxJCW3EAdZstbytfcCC4rx75VHp5wRs7") retry_cnt=1
2026-05-20T12:39:47.226737Z ERROR iota_benchmark: Transaction failed with err: Rpc(Call(ErrorObject { code: ServerError(-32050), message: "Transaction timed out before reaching finality", data: None })) tx_digest=Digest("2B3eopGJBSiNNbYrzhWpqGQRhCCGBQJ4AeQnCttW32aT") retry_cnt=1
2026-05-20T12:39:47.231043Z ERROR iota_benchmark: Transaction failed with err: Rpc(Call(ErrorObject { code: ServerError(-32050), message: "Transaction timed out before reaching finality", data: None })) tx_digest=Digest("4xE67HwxHbGTWBTit3n22EQ3hjxdeJQrZDWGDABW6w6Z") retry_cnt=1
2026-05-20T12:39:47.278019Z ERROR iota_benchmark: Transaction failed with err: Rpc(Call(ErrorObject { code: ServerError(-32050), message: "Transaction timed out before reaching finality", data: None })) tx_digest=Digest("3UVPY51sYQDN6QbASiH4XQYJ5hZJex5XGoXBesw3wvga") retry_cnt=1
2026-05-20T12:39:47.290351Z ERROR iota_benchmark: Transaction failed with err: Rpc(Call(ErrorObject { code: ServerError(-32050), message: "Transaction timed out before reaching finality", data: None })) tx_digest=Digest("3kLt7cgfjo8vQPCU1X9fKiewdoMSLfoToxDJJeL6w5mx") retry_cnt=1
2026-05-20T12:39:47.408280Z ERROR iota_benchmark: Transaction failed with err: Rpc(Call(ErrorObject { code: ServerError(-32050), message: "Transaction timed out before reaching finality", data: None })) tx_digest=Digest("GxKuKxo7NFXbaKdpavDHqPJHBXHbj5aNLD8ghVn2HPcm") retry_cnt=1
2026-05-20T12:39:47.464619Z ERROR iota_benchmark: Transaction failed with err: Rpc(Call(ErrorObject { code: ServerError(-32050), message: "Transaction timed out before reaching finality", data: None })) tx_digest=Digest("BHP4cDEYrgSDpddUArNJcn3eQBbVcLojCzLLYUpuP6yR") retry_cnt=1
2026-05-20T12:39:47.470735Z ERROR iota_benchmark: Transaction failed with err: Rpc(Call(ErrorObject { code: ServerError(-32050), message: "Transaction timed out before reaching finality", data: None })) tx_digest=Digest("7cpBQyqALWjLY3W68VdGEgMMtrh2vvTHYEJQnYkeLA56") retry_cnt=1
2026-05-20T12:39:47.478217Z ERROR iota_benchmark: Transaction failed with err: Rpc(Call(ErrorObject { code: ServerError(-32050), message: "Transaction timed out before reaching finality", data: None })) tx_digest=Digest("TRiijFMhKEsgBFP2j2pRkF9ssH51LHnDX2Vn9DVA5Xu") retry_cnt=1
2026-05-20T12:39:47.509022Z ERROR iota_benchmark: Transaction failed with err: Rpc(Call(ErrorObject { code: ServerError(-32050), message: "Transaction timed out before reaching finality", data: None })) tx_digest=Digest("ED1Uz1a8sJ2cBtfTvY5C7EoLeuYNrK687tC96wQ7ZQ8D") retry_cnt=1
2026-05-20T12:39:47.560338Z ERROR iota_benchmark: Transaction failed with err: Rpc(Call(ErrorObject { code: ServerError(-32050), message: "Transaction timed out before reaching finality", data: None })) tx_digest=Digest("AttyzMQKUF4ztd7zqXWkouGbjs4JXZk3p63NNncdrxMN") retry_cnt=1
2026-05-20T12:39:47.560989Z ERROR iota_benchmark: Transaction failed with err: Rpc(Call(ErrorObject { code: ServerError(-32050), message: "Transaction timed out before reaching finality", data: None })) tx_digest=Digest("9LcRA1QRMcmKn6MfjB2XC7XvHu2cnmypkC55qQVL7DRE") retry_cnt=1
2026-05-20T12:39:47.561077Z ERROR iota_benchmark: Transaction failed with err: Rpc(Call(ErrorObject { code: ServerError(-32050), message: "Transaction timed out before reaching finality", data: None })) tx_digest=Digest("mUo9Y9kgFgd69TBQGURRvEAMvBRS8aJ34yoaEcfPQCE") retry_cnt=1
2026-05-20T12:39:47.594887Z ERROR iota_benchmark: Transaction failed with err: Rpc(Call(ErrorObject { code: ServerError(-32050), message: "Transaction timed out before reaching finality", data: None })) tx_digest=Digest("7WvwYuDoWTiJpoqwgrVmmwQuiM7uNvuVMZ1X5eBTU8rN") retry_cnt=1
2026-05-20T12:39:47.610817Z ERROR iota_benchmark: Transaction failed with err: Rpc(Call(ErrorObject { code: ServerError(-32050), message: "Transaction timed out before reaching finality", data: None })) tx_digest=Digest("5EwviAG2D1EsTsn4WUKeDNXN1bqSwxotFotYbAr39AG8") retry_cnt=1
2026-05-20T12:39:47.648874Z ERROR iota_benchmark: Transaction failed with err: Rpc(Call(ErrorObject { code: ServerError(-32050), message: "Transaction timed out before reaching finality", data: None })) tx_digest=Digest("69WM4RrYishFtgm8f2XBRCq7rFrMAw12jnDPY6eEpMQz") retry_cnt=1
2026-05-20T12:39:47.712571Z ERROR iota_benchmark: Transaction failed with err: Rpc(Call(ErrorObject { code: ServerError(-32050), message: "Transaction timed out before reaching finality", data: None })) tx_digest=Digest("3eNbvfShzJg26AH7PL7A1s17UJyADbCramcJgDmTtE3k") retry_cnt=1
2026-05-20T12:39:47.766880Z ERROR iota_benchmark: Transaction failed with err: Rpc(Call(ErrorObject { code: ServerError(-32050), message: "Transaction timed out before reaching finality", data: None })) tx_digest=Digest("FR3pDKTCFdpAXstmZcEGjZ8PGJmd2P3JHrGYu9KRCeyL") retry_cnt=1
2026-05-20T12:39:47.877684Z ERROR iota_benchmark: Transaction failed with err: Rpc(Call(ErrorObject { code: ServerError(-32050), message: "Transaction timed out before reaching finality", data: None })) tx_digest=Digest("GDhoAAfHuHZwJCKEXDat5AH2LApewwB1Jxqtj7tAgHAU") retry_cnt=1
2026-05-20T12:39:47.924322Z ERROR iota_benchmark: Transaction failed with err: Rpc(Call(ErrorObject { code: ServerError(-32050), message: "Transaction timed out before reaching finality", data: None })) tx_digest=Digest("BWb97dhMzFDsSLbwpPSw2pmLGFcKw689VhEXePsBfmAA") retry_cnt=1
2026-05-20T12:39:47.955527Z ERROR iota_benchmark: Transaction failed with err: Rpc(Call(ErrorObject { code: ServerError(-32050), message: "Transaction timed out before reaching finality", data: None })) tx_digest=Digest("2iPdTQzwwQDuiYAz49Df37ykgQT1EfvpUnAGvrYiGPth") retry_cnt=1
2026-05-20T12:39:47.964394Z ERROR iota_benchmark: Transaction failed with err: Rpc(Call(ErrorObject { code: ServerError(-32050), message: "Transaction timed out before reaching finality", data: None })) tx_digest=Digest("EjQDpi9Q4pLH2gJaNnXgmV8dC263RHiR6Nw8EFT7Eibk") retry_cnt=1
2026-05-20T12:39:47.985595Z ERROR iota_benchmark: Transaction failed with err: Rpc(Call(ErrorObject { code: ServerError(-32050), message: "Transaction timed out before reaching finality", data: None })) tx_digest=Digest("nEpdwkXxWxLBRdnCDM5qnZWmoxe8GWXFCqRmkYSTYMd") retry_cnt=1
2026-05-20T12:39:47.993443Z ERROR iota_benchmark: Transaction failed with err: Rpc(Call(ErrorObject { code: ServerError(-32050), message: "Transaction timed out before reaching finality", data: None })) tx_digest=Digest("4X3b63F6jX4QZZLzw3tojiCXS1tm9sMosGJEALCbhB6K") retry_cnt=1
2026-05-20T12:39:48.008555Z ERROR iota_benchmark: Transaction failed with err: Rpc(Call(ErrorObject { code: ServerError(-32050), message: "Transaction timed out before reaching finality", data: None })) tx_digest=Digest("8PKDVQn8ARg1uqH4Z63QtxeMiryG3a8D2bwZvmEozbvw") retry_cnt=1
2026-05-20T12:39:48.009734Z ERROR iota_benchmark: Transaction failed with err: Rpc(Call(ErrorObject { code: ServerError(-32050), message: "Transaction timed out before reaching finality", data: None })) tx_digest=Digest("Au15AcQYsxidYGLDr6TSE6GFFsnLnBEdxd7PQS5acXSG") retry_cnt=1
2026-05-20T12:39:48.036033Z ERROR iota_benchmark: Transaction failed with err: Rpc(Call(ErrorObject { code: ServerError(-32050), message: "Transaction timed out before reaching finality", data: None })) tx_digest=Digest("EWtZuJDWQXid7mansNquKamwiwkPgdxP9Q8fVrtydpVR") retry_cnt=1
2026-05-20T12:39:48.048989Z ERROR iota_benchmark: Transaction failed with err: Rpc(Call(ErrorObject { code: ServerError(-32050), message: "Transaction timed out before reaching finality", data: None })) tx_digest=Digest("JACThYahmmXV9v4aZpFdGBGZ1HBZBPmAxmN8k8QpWADA") retry_cnt=1
2026-05-20T12:39:48.089900Z ERROR iota_benchmark: Transaction failed with err: Rpc(Call(ErrorObject { code: ServerError(-32050), message: "Transaction timed out before reaching finality", data: None })) tx_digest=Digest("kYPTmzZdFK5e1RjjEMHhEeTNHyzyo7HcVRJWqtCh1x9") retry_cnt=1
2026-05-20T12:39:48.090690Z ERROR iota_benchmark: Transaction failed with err: Rpc(Call(ErrorObject { code: ServerError(-32050), message: "Transaction timed out before reaching finality", data: None })) tx_digest=Digest("2iSSmdnigqcV2hRTCVyBiZKvcwysFcDjgn6HC46rVUuM") retry_cnt=1
2026-05-20T12:39:48.137013Z ERROR iota_benchmark: Transaction failed with err: Rpc(Call(ErrorObject { code: ServerError(-32050), message: "Transaction timed out before reaching finality", data: None })) tx_digest=Digest("CQJYwaFYD8dwMwTa4opCHP4E6B88NtYzAMDoArENt5Kj") retry_cnt=1
2026-05-20T12:39:48.197234Z ERROR iota_benchmark: Transaction failed with err: Rpc(Call(ErrorObject { code: ServerError(-32050), message: "Transaction timed out before reaching finality", data: None })) tx_digest=Digest("F5rfqyqNJp2cC128RNLftZ3Gxu3xvtmcYZsm6GPjf2MR") retry_cnt=1
2026-05-20T12:39:48.210443Z ERROR iota_benchmark: Transaction failed with err: Rpc(Call(ErrorObject { code: ServerError(-32050), message: "Transaction timed out before reaching finality", data: None })) tx_digest=Digest("9ACghWCbnzTv9HFFRJ9mtMATWaTSYL6DDuuCpdiGa75y") retry_cnt=1
2026-05-20T12:39:48.228789Z ERROR iota_benchmark: Transaction failed with err: Rpc(Call(ErrorObject { code: ServerError(-32050), message: "Transaction timed out before reaching finality", data: None })) tx_digest=Digest("4Gu5LqF8SvUPaNbG111MuVCeCGwgSGvFwC2VrQyfoe5k") retry_cnt=1
2026-05-20T12:39:48.228813Z ERROR iota_benchmark: Transaction failed with err: Rpc(Call(ErrorObject { code: ServerError(-32050), message: "Transaction timed out before reaching finality", data: None })) tx_digest=Digest("4YSfNneVjyUAYC9SqN2piBqTSPTvKmajKyMdFMZcPjTW") retry_cnt=1
2026-05-20T12:39:48.250104Z ERROR iota_benchmark: Transaction failed with err: Rpc(Call(ErrorObject { code: ServerError(-32050), message: "Transaction timed out before reaching finality", data: None })) tx_digest=Digest("BXuvropQVozgZudd51b3gZvNMm3bon411xsTiLgGehVW") retry_cnt=1
2026-05-20T12:39:48.266983Z ERROR iota_benchmark: Transaction failed with err: Rpc(Call(ErrorObject { code: ServerError(-32050), message: "Transaction timed out before reaching finality", data: None })) tx_digest=Digest("6KLQd6YCrCZ8C7LQkLamkj3SggtSuSr1de2QgbJinscg") retry_cnt=1
2026-05-20T12:39:48.288138Z ERROR iota_benchmark: Transaction failed with err: Rpc(Call(ErrorObject { code: ServerError(-32050), message: "Transaction timed out before reaching finality", data: None })) tx_digest=Digest("Br9ZB2BAGooiE7BG8cNWf2xmbyYprkavdVWrpXVqG5vy") retry_cnt=1
2026-05-20T12:39:48.288260Z ERROR iota_benchmark: Transaction failed with err: Rpc(Call(ErrorObject { code: ServerError(-32050), message: "Transaction timed out before reaching finality", data: None })) tx_digest=Digest("9d1sPkBH52NFdoaCVt7Z88CARYTXJG174PqDE76r8LTT") retry_cnt=1
2026-05-20T12:39:48.337131Z ERROR iota_benchmark: Transaction failed with err: Rpc(Call(ErrorObject { code: ServerError(-32050), message: "Transaction timed out before reaching finality", data: None })) tx_digest=Digest("Fhmd3SkFqLgA8n9UnnSegnAtSxGZX41e9MJVTX8vV4Nk") retry_cnt=1
2026-05-20T12:39:48.338428Z ERROR iota_benchmark: Transaction failed with err: Rpc(Call(ErrorObject { code: ServerError(-32050), message: "Transaction timed out before reaching finality", data: None })) tx_digest=Digest("6X3u63c3GaJGRe8MBYYYXu4SEUkqvnPuLXaEgF323asX") retry_cnt=1
2026-05-20T12:39:48.387071Z ERROR iota_benchmark: Transaction failed with err: Rpc(Call(ErrorObject { code: ServerError(-32050), message: "Transaction timed out before reaching finality", data: None })) tx_digest=Digest("vhASVwLyHNwoMce16hWtPq7pj7i7w8cKArA2x3RMgqz") retry_cnt=1
2026-05-20T12:39:48.402995Z ERROR iota_benchmark: Transaction failed with err: Rpc(Call(ErrorObject { code: ServerError(-32050), message: "Transaction timed out before reaching finality", data: None })) tx_digest=Digest("78bVNbn9Sy99PL1zWHqw3i2Ngwi9FzvhQT8eASFsxgi8") retry_cnt=1
2026-05-20T12:39:48.404592Z ERROR iota_benchmark: Transaction failed with err: Rpc(Call(ErrorObject { code: ServerError(-32050), message: "Transaction timed out before reaching finality", data: None })) tx_digest=Digest("FaEvaHRh3Q9oa7i2EaZYvSNdMz1R2yoNr3t8TxcahuhC") retry_cnt=1
2026-05-20T12:39:48.420055Z ERROR iota_benchmark: Transaction failed with err: Rpc(Call(ErrorObject { code: ServerError(-32050), message: "Transaction timed out before reaching finality", data: None })) tx_digest=Digest("FpbtQRo9oPnEjiWC5dQ5CQw6Y2A1hbqRGRARmPi3GpXd") retry_cnt=1
2026-05-20T12:39:48.452755Z ERROR iota_benchmark: Transaction failed with err: Rpc(Call(ErrorObject { code: ServerError(-32050), message: "Transaction timed out before reaching finality", data: None })) tx_digest=Digest("DgyaA3YwghAgNyQhGEfbyFAjDjwXW7wZKBhcDiVWREuv") retry_cnt=1
2026-05-20T12:39:48.524602Z ERROR iota_benchmark: Transaction failed with err: Rpc(Call(ErrorObject { code: ServerError(-32050), message: "Transaction timed out before reaching finality", data: None })) tx_digest=Digest("J7K4McMPuCqGF8H2KZhqjh8D4fUk8VnY7uywhWLnYo6f") retry_cnt=1
2026-05-20T12:39:48.631452Z ERROR iota_benchmark: Transaction failed with err: Rpc(Call(ErrorObject { code: ServerError(-32050), message: "Transaction timed out before reaching finality", data: None })) tx_digest=Digest("GBSkvTSBP1ay5bY2ro4Cb9xTtqoK514WsTWTwpJ9MoCh") retry_cnt=1
2026-05-20T12:39:48.674617Z ERROR iota_benchmark: Transaction failed with err: Rpc(Call(ErrorObject { code: ServerError(-32050), message: "Transaction timed out before reaching finality", data: None })) tx_digest=Digest("VmWCho1TtWWeWLNPqugC5fz1STBRxCDnFFLBhecRLpc") retry_cnt=1
2026-05-20T12:39:48.691499Z ERROR iota_benchmark: Transaction failed with err: Rpc(Call(ErrorObject { code: ServerError(-32050), message: "Transaction timed out before reaching finality", data: None })) tx_digest=Digest("61CeDzQGLh5Ba7mDSoRG3ZX3wnyCjGARLf1WQGyYgenV") retry_cnt=1
2026-05-20T12:39:48.710326Z ERROR iota_benchmark: Transaction failed with err: Rpc(Call(ErrorObject { code: ServerError(-32050), message: "Transaction timed out before reaching finality", data: None })) tx_digest=Digest("DJBdzjq4icUkodxaWBaLkt1oiWRVB1bQN12Gf6GJJdGs") retry_cnt=1
2026-05-20T12:39:48.764623Z ERROR iota_benchmark: Transaction failed with err: Rpc(Call(ErrorObject { code: ServerError(-32050), message: "Transaction timed out before reaching finality", data: None })) tx_digest=Digest("DmNmpPKk3kQ2piVcNprA83HmRXF3TVZYvTnR4R9tRvy9") retry_cnt=1
2026-05-20T12:39:48.782094Z ERROR iota_benchmark: Transaction failed with err: Rpc(Call(ErrorObject { code: ServerError(-32050), message: "Transaction timed out before reaching finality", data: None })) tx_digest=Digest("7ocZKDbRWnpYjZF7sXVJwVybuBJEFtexSsXGzEaUEQbC") retry_cnt=1
2026-05-20T12:39:48.786012Z ERROR iota_benchmark: Transaction failed with err: Rpc(Call(ErrorObject { code: ServerError(-32050), message: "Transaction timed out before reaching finality", data: None })) tx_digest=Digest("Bk2r27ADwX6goAP22wdhTRUE4thMQPBQJ2a9dVk1x6Uq") retry_cnt=1
2026-05-20T12:39:48.786854Z ERROR iota_benchmark: Transaction failed with err: Rpc(Call(ErrorObject { code: ServerError(-32050), message: "Transaction timed out before reaching finality", data: None })) tx_digest=Digest("97voyeWvuKJmE8HMEgo2fjZRuaLXLgeXRGvRfK3T7keD") retry_cnt=1
2026-05-20T12:39:48.803002Z ERROR iota_benchmark: Transaction failed with err: Rpc(Call(ErrorObject { code: ServerError(-32050), message: "Transaction timed out before reaching finality", data: None })) tx_digest=Digest("5289uQRBmJbiEDu2vNPJ4VPpowhScTDeLqHEzT4J13gA") retry_cnt=1
2026-05-20T12:39:48.820633Z ERROR iota_benchmark: Transaction failed with err: Rpc(Call(ErrorObject { code: ServerError(-32050), message: "Transaction timed out before reaching finality", data: None })) tx_digest=Digest("DjuNj1pZbS4rHPqbxHy4zwj5Lxee9NdKW7DVtfpuukQp") retry_cnt=1
2026-05-20T12:39:48.879573Z ERROR iota_benchmark: Transaction failed with err: Rpc(Call(ErrorObject { code: ServerError(-32050), message: "Transaction timed out before reaching finality", data: None })) tx_digest=Digest("BWKJUa4KejFhsgXE5q4ZUQ54wNPA456SvkdHdGaLWGyw") retry_cnt=1
2026-05-20T12:39:48.889094Z ERROR iota_benchmark: Transaction failed with err: Rpc(Call(ErrorObject { code: ServerError(-32050), message: "Transaction timed out before reaching finality", data: None })) tx_digest=Digest("DN8s4TwAzjeB8YnNyMk3MbgAe8nacjiqtniLi3kgfY9j") retry_cnt=1
2026-05-20T12:39:48.950692Z ERROR iota_benchmark: Transaction failed with err: Rpc(Call(ErrorObject { code: ServerError(-32050), message: "Transaction timed out before reaching finality", data: None })) tx_digest=Digest("EVNEmNc3TXfrGwTDwLBnwrXtiDwTudo5DgQD9gj2ufHk") retry_cnt=1
2026-05-20T12:39:48.988199Z ERROR iota_benchmark: Transaction failed with err: Rpc(Call(ErrorObject { code: ServerError(-32050), message: "Transaction timed out before reaching finality", data: None })) tx_digest=Digest("8vJgZCWWhoYUcyYNLgGvxeeRxXeBNLuMGdWXXhWkV5gz") retry_cnt=1
2026-05-20T12:39:49.005278Z ERROR iota_benchmark: Transaction failed with err: Rpc(Call(ErrorObject { code: ServerError(-32050), message: "Transaction timed out before reaching finality", data: None })) tx_digest=Digest("FoG9Pu6aP3L4SeSnAFDTiC4QeS2jLNjecHxGohELjLFN") retry_cnt=1
2026-05-20T12:39:49.015682Z ERROR iota_benchmark: Transaction failed with err: Rpc(Call(ErrorObject { code: ServerError(-32050), message: "Transaction timed out before reaching finality", data: None })) tx_digest=Digest("2Q1oRdmAas247iW7SLZEh12PNL3tvZ4MQLTvoKSBg8ku") retry_cnt=1
2026-05-20T12:39:49.113936Z ERROR iota_benchmark: Transaction failed with err: Rpc(Call(ErrorObject { code: ServerError(-32050), message: "Transaction timed out before reaching finality", data: None })) tx_digest=Digest("3fHHuX4xXBbSX6iF49hPZcweTSLokaWp5VdYzH621fob") retry_cnt=1
2026-05-20T12:39:49.140173Z ERROR iota_benchmark: Transaction failed with err: Rpc(Call(ErrorObject { code: ServerError(-32050), message: "Transaction timed out before reaching finality", data: None })) tx_digest=Digest("EaaDK2csNBSTNrzj1LBiZZb1zpnmUQkxnACF4qdLxQFC") retry_cnt=1
2026-05-20T12:39:49.140290Z ERROR iota_benchmark: Transaction failed with err: Rpc(Call(ErrorObject { code: ServerError(-32050), message: "Transaction timed out before reaching finality", data: None })) tx_digest=Digest("4k3ZDTbFJx7GEzhBeyD5ZtYzjS6DXtZY6VnimpuoVBz7") retry_cnt=1
2026-05-20T12:39:49.141440Z ERROR iota_benchmark: Transaction failed with err: Rpc(Call(ErrorObject { code: ServerError(-32050), message: "Transaction timed out before reaching finality", data: None })) tx_digest=Digest("An4H3cyBqeMYXE2Q8vDpHE8eHz7DSQxC624LdWFKFXtH") retry_cnt=1
2026-05-20T12:39:49.151234Z ERROR iota_benchmark: Transaction failed with err: Rpc(Call(ErrorObject { code: ServerError(-32050), message: "Transaction timed out before reaching finality", data: None })) tx_digest=Digest("3PVXnBR3YyYeSJQyhFYsMF1Rd4VwLVLPJxQ6GNk16MXA") retry_cnt=1
2026-05-20T12:39:49.175510Z ERROR iota_benchmark: Transaction failed with err: Rpc(Call(ErrorObject { code: ServerError(-32050), message: "Transaction timed out before reaching finality", data: None })) tx_digest=Digest("5d5kGhXAwtJF7v74NmfcTpiFqondapswJfSHfShpMzH6") retry_cnt=1
2026-05-20T12:39:49.176509Z ERROR iota_benchmark: Transaction failed with err: Rpc(Call(ErrorObject { code: ServerError(-32050), message: "Transaction timed out before reaching finality", data: None })) tx_digest=Digest("4tXPRKqpEGpWZbhtWnf6rCcWjub3c8Gj4xnu9bjsnCiC") retry_cnt=1
2026-05-20T12:39:49.177107Z ERROR iota_benchmark: Transaction failed with err: Rpc(Call(ErrorObject { code: ServerError(-32050), message: "Transaction timed out before reaching finality", data: None })) tx_digest=Digest("99ZrDAyQuMvc7SwDkzuT9ZsgKqHt4JfKLHEtfpSmx7VZ") retry_cnt=1
2026-05-20T12:39:49.187454Z ERROR iota_benchmark: Transaction failed with err: Rpc(Call(ErrorObject { code: ServerError(-32050), message: "Transaction timed out before reaching finality", data: None })) tx_digest=Digest("HuLDAfyQ8YpJqpjjeYxn2S8iShrhTbZGCqQS4FrCA2Sn") retry_cnt=1
2026-05-20T12:39:49.199031Z ERROR iota_benchmark: Transaction failed with err: Rpc(Call(ErrorObject { code: ServerError(-32050), message: "Transaction timed out before reaching finality", data: None })) tx_digest=Digest("2twdF6ttyCvLbchEgxRdD7n42yKLov8E7H7VPEg2wz11") retry_cnt=1
2026-05-20T12:39:49.202207Z ERROR iota_benchmark: Transaction failed with err: Rpc(Call(ErrorObject { code: ServerError(-32050), message: "Transaction timed out before reaching finality", data: None })) tx_digest=Digest("8Hb6HQVNeeQgfPLyZJvcVsgiRnmXesQ6ZGGAzi8tFuAk") retry_cnt=1
2026-05-20T12:39:49.202262Z ERROR iota_benchmark: Transaction failed with err: Rpc(Call(ErrorObject { code: ServerError(-32050), message: "Transaction timed out before reaching finality", data: None })) tx_digest=Digest("9PZHcCgrFoBTuwD7CMbN2Z5wa53iqNKUSsqyQoZhw35v") retry_cnt=1
2026-05-20T12:39:49.257171Z ERROR iota_benchmark: Transaction failed with err: Rpc(Call(ErrorObject { code: ServerError(-32050), message: "Transaction timed out before reaching finality", data: None })) tx_digest=Digest("AhLjf7KRVhc8n7H7e6cos1dD7CQQFfTq36jkxZrFz3gE") retry_cnt=1
2026-05-20T12:39:49.257285Z ERROR iota_benchmark: Transaction failed with err: Rpc(Call(ErrorObject { code: ServerError(-32050), message: "Transaction timed out before reaching finality", data: None })) tx_digest=Digest("5HbRjdXucpX8KVAu8G7b4jBKKYgnEWrKjZ82GfquW5JK") retry_cnt=1
2026-05-20T12:39:49.315775Z ERROR iota_benchmark: Transaction failed with err: Rpc(Call(ErrorObject { code: ServerError(-32050), message: "Transaction timed out before reaching finality", data: None })) tx_digest=Digest("DEDGzXYFWYjghqfBANav5Db5V4mdBjoGWRhEqH7RYvDr") retry_cnt=1
2026-05-20T12:39:49.360983Z ERROR iota_benchmark: Transaction failed with err: Rpc(Call(ErrorObject { code: ServerError(-32050), message: "Transaction timed out before reaching finality", data: None })) tx_digest=Digest("2BzdbaBBgwAEG5NfdUh3qdfy4MvNv1ACLsGvwF6W33zL") retry_cnt=1
2026-05-20T12:39:49.374705Z ERROR iota_benchmark: Transaction failed with err: Rpc(Call(ErrorObject { code: ServerError(-32050), message: "Transaction timed out before reaching finality", data: None })) tx_digest=Digest("DSwMUEB7NjiGXhHA39SSKm1L8ZkGLz8tnEsqyGwRTsyB") retry_cnt=1
2026-05-20T12:40:13.864762Z ERROR iota_benchmark: Transaction failed with err: Rpc(Call(ErrorObject { code: ServerError(-32050), message: "Transaction timed out before reaching finality", data: None })) tx_digest=Digest("Fw2BTbqmpdMxEEctVsnQ7uo6Jexn1E4S1x3owJUAYkQ6") retry_cnt=2
2026-05-20T12:40:14.532268Z ERROR iota_benchmark: Transaction failed with err: Rpc(Call(ErrorObject { code: ServerError(-32050), message: "Transaction timed out before reaching finality", data: None })) tx_digest=Digest("3zYNGbiumvNwv64VSyeQtbUGFFRfpcEjsPxxyTimRuvT") retry_cnt=2
2026-05-20T12:40:14.673374Z ERROR iota_benchmark: Transaction failed with err: Rpc(Call(ErrorObject { code: ServerError(-32050), message: "Transaction timed out before reaching finality", data: None })) tx_digest=Digest("G1CKxrfbKiSyREnsLTK1cL5WeZr8f5yFBX1Y8ctsHPc1") retry_cnt=2
2026-05-20T12:40:14.718694Z ERROR iota_benchmark: Transaction failed with err: Rpc(Call(ErrorObject { code: ServerError(-32050), message: "Transaction timed out before reaching finality", data: None })) tx_digest=Digest("27zmhM6mgQgTSEWXJD35GSyAVsVfcT81X5cqqMgHK7mF") retry_cnt=2
2026-05-20T12:40:15.803002Z ERROR iota_benchmark: Transaction failed with err: Rpc(Call(ErrorObject { code: ServerError(-32050), message: "Transaction timed out before reaching finality", data: None })) tx_digest=Digest("8KQpSofJmQifgeGrMCGTLSQPas4QJKNWPhTALNzXyJ6B") retry_cnt=2
2026-05-20T12:40:16.240721Z ERROR iota_benchmark: Transaction failed with err: Rpc(Call(ErrorObject { code: ServerError(-32050), message: "Transaction timed out before reaching finality", data: None })) tx_digest=Digest("7KwEx1qvnNrE42mJAQgtuKCNkx7fTbmcJcZGFYaops8y") retry_cnt=2
2026-05-20T12:40:17.250972Z ERROR iota_benchmark: Transaction failed with err: Rpc(Call(ErrorObject { code: ServerError(-32050), message: "Transaction timed out before reaching finality", data: None })) tx_digest=Digest("B88vERffsCuUc3zn6TZJ3zy4frTGYxsX3HZAEGWydwXS") retry_cnt=2
2026-05-20T12:40:17.519852Z ERROR iota_benchmark: Transaction failed with err: Rpc(Call(ErrorObject { code: ServerError(-32050), message: "Transaction timed out before reaching finality", data: None })) tx_digest=Digest("AHtZULNrB5LjtvpKuKQjFLkiuWEAY3VSrzVLZZ5GVDSb") retry_cnt=2
2026-05-20T12:40:17.523277Z ERROR iota_benchmark: Transaction failed with err: Rpc(Call(ErrorObject { code: ServerError(-32050), message: "Transaction timed out before reaching finality", data: None })) tx_digest=Digest("GCm1fsZiEySYZDRV2oeE2GJNaJyzZ9Ak4N1WieZir6za") retry_cnt=2
2026-05-20T12:40:17.525422Z ERROR iota_benchmark: Transaction failed with err: Rpc(Call(ErrorObject { code: ServerError(-32050), message: "Transaction timed out before reaching finality", data: None })) tx_digest=Digest("99eezdN9Vs141Sc2hYD3rRJDHQsmD3bF8NN7Kf14QQaT") retry_cnt=2
2026-05-20T12:40:17.867060Z ERROR iota_benchmark: Transaction failed with err: Rpc(Call(ErrorObject { code: ServerError(-32050), message: "Transaction timed out before reaching finality", data: None })) tx_digest=Digest("CnRf1DdwhHGxrbupxVJe33u4qMzXZQzgfJ1MfHLGXhiE") retry_cnt=2
2026-05-20T12:40:18.362763Z ERROR iota_benchmark: Transaction failed with err: Rpc(Call(ErrorObject { code: ServerError(-32050), message: "Transaction timed out before reaching finality", data: None })) tx_digest=Digest("56HCi5b6Aze4UQoHmwEM7zkVkuQobXBuSmJ49msUTgJt") retry_cnt=2
2026-05-20T12:40:18.553376Z ERROR iota_benchmark: Transaction failed with err: Rpc(Call(ErrorObject { code: ServerError(-32050), message: "Transaction timed out before reaching finality", data: None })) tx_digest=Digest("GrJtnN8rmFsCW4zqLVRAsZFJVHx4ShFqhTKdWwPGiEb9") retry_cnt=2
2026-05-20T12:40:18.771850Z ERROR iota_benchmark: Transaction failed with err: Rpc(Call(ErrorObject { code: ServerError(-32050), message: "Transaction timed out before reaching finality", data: None })) tx_digest=Digest("Aw9Yh8dpRCN327EvpxUJHo2ZRq2pMUzhJuvs39YkjonQ") retry_cnt=2
2026-05-20T12:40:18.798265Z ERROR iota_benchmark: Transaction failed with err: Rpc(Call(ErrorObject { code: ServerError(-32050), message: "Transaction timed out before reaching finality", data: None })) tx_digest=Digest("Avqk1kK88fJrjQX7PKZ9TuF89u2Ez5L5mrqgoqe94pD5") retry_cnt=2
2026-05-20T12:40:19.145382Z ERROR iota_benchmark: Transaction failed with err: Rpc(Call(ErrorObject { code: ServerError(-32050), message: "Transaction timed out before reaching finality", data: None })) tx_digest=Digest("BJSZM58iQzdn7wD8mx4nvHzJFoYFivC7JKMcv3wLfuoM") retry_cnt=2
2026-05-20T12:40:19.815072Z ERROR iota_benchmark: Transaction failed with err: Rpc(Call(ErrorObject { code: ServerError(-32050), message: "Transaction timed out before reaching finality", data: None })) tx_digest=Digest("2bcvUGTtkvAqMxyy5YdEeytJPM7vBMxFmTCvU6wQ9bjk") retry_cnt=2
2026-05-20T12:40:19.816667Z ERROR iota_benchmark: Transaction failed with err: Rpc(Call(ErrorObject { code: ServerError(-32050), message: "Transaction timed out before reaching finality", data: None })) tx_digest=Digest("2yUzqo5MSG4Tm19BJXs9KBMZjrupjgLzm9GXk9GgMLdj") retry_cnt=2
2026-05-20T12:40:19.975996Z ERROR iota_benchmark: Transaction failed with err: Rpc(Call(ErrorObject { code: ServerError(-32050), message: "Transaction timed out before reaching finality", data: None })) tx_digest=Digest("DtmYv9kAHavu6grwoRCkjD38y7gHCwVi8EoSBmYSztaT") retry_cnt=2
2026-05-20T12:40:20.123793Z ERROR iota_benchmark: Transaction failed with err: Rpc(Call(ErrorObject { code: ServerError(-32050), message: "Transaction timed out before reaching finality", data: None })) tx_digest=Digest("49Hc5d5qjxvjVTFV324LHaRHF5RaP91aBfFjrN3hEBbK") retry_cnt=2
2026-05-20T12:40:20.283626Z ERROR iota_benchmark: Transaction failed with err: Rpc(Call(ErrorObject { code: ServerError(-32050), message: "Transaction timed out before reaching finality", data: None })) tx_digest=Digest("HJkYc8BFz5rwUc1cZdLxvKT8FEtLfgWsUx5KQqCLMzZU") retry_cnt=2
2026-05-20T12:40:20.376924Z ERROR iota_benchmark: Transaction failed with err: Rpc(Call(ErrorObject { code: ServerError(-32050), message: "Transaction timed out before reaching finality", data: None })) tx_digest=Digest("6vUYUyo32vqmnmi2dxBwkGavu8w8hLoaVJpz8dvYsLaQ") retry_cnt=2
2026-05-20T12:40:20.376924Z ERROR iota_benchmark: Transaction failed with err: Rpc(Call(ErrorObject { code: ServerError(-32050), message: "Transaction timed out before reaching finality", data: None })) tx_digest=Digest("FwUnpP37UdrLCrZd2ALzfXZVsyBQWQHZRU8MXYEUEopf") retry_cnt=2
2026-05-20T12:40:20.782987Z ERROR iota_benchmark: Transaction failed with err: Rpc(Call(ErrorObject { code: ServerError(-32050), message: "Transaction timed out before reaching finality", data: None })) tx_digest=Digest("7vdUq53eFs9k9VyKo8vNnDGUy4UvDRQ3FiL6KicwEcqb") retry_cnt=2
2026-05-20T12:40:20.828464Z ERROR iota_benchmark: Transaction failed with err: Rpc(Call(ErrorObject { code: ServerError(-32050), message: "Transaction timed out before reaching finality", data: None })) tx_digest=Digest("4wkX24Aci2211Tu2GCZoQo4WQWfKJgc6FS159BARRoko") retry_cnt=2
2026-05-20T12:40:20.828502Z ERROR iota_benchmark: Transaction failed with err: Rpc(Call(ErrorObject { code: ServerError(-32050), message: "Transaction timed out before reaching finality", data: None })) tx_digest=Digest("DjuNj1pZbS4rHPqbxHy4zwj5Lxee9NdKW7DVtfpuukQp") retry_cnt=2
2026-05-20T12:40:20.862349Z ERROR iota_benchmark: Transaction failed with err: Rpc(Call(ErrorObject { code: ServerError(-32050), message: "Transaction timed out before reaching finality", data: None })) tx_digest=Digest("9KwxW891aZmBfZS9qsAYxhAt7xvpntSwh3dyCXkU9KLP") retry_cnt=2
2026-05-20T12:40:20.873920Z ERROR iota_benchmark: Transaction failed with err: Rpc(Call(ErrorObject { code: ServerError(-32050), message: "Transaction timed out before reaching finality", data: None })) tx_digest=Digest("DTJNcrBxVxWE8YR2WycTtkCR5XFDs2cpySijKUnv39nM") retry_cnt=2
2026-05-20T12:40:21.044485Z ERROR iota_benchmark: Transaction failed with err: Rpc(Call(ErrorObject { code: ServerError(-32050), message: "Transaction timed out before reaching finality", data: None })) tx_digest=Digest("BWb97dhMzFDsSLbwpPSw2pmLGFcKw689VhEXePsBfmAA") retry_cnt=2
2026-05-20T12:40:21.075583Z ERROR iota_benchmark: Transaction failed with err: Rpc(Call(ErrorObject { code: ServerError(-32050), message: "Transaction timed out before reaching finality", data: None })) tx_digest=Digest("7WvwYuDoWTiJpoqwgrVmmwQuiM7uNvuVMZ1X5eBTU8rN") retry_cnt=2
2026-05-20T12:40:21.138036Z ERROR iota_benchmark: Transaction failed with err: Rpc(Call(ErrorObject { code: ServerError(-32050), message: "Transaction timed out before reaching finality", data: None })) tx_digest=Digest("2twdF6ttyCvLbchEgxRdD7n42yKLov8E7H7VPEg2wz11") retry_cnt=2
2026-05-20T12:40:21.161752Z ERROR iota_benchmark: Transaction failed with err: Rpc(Call(ErrorObject { code: ServerError(-32050), message: "Transaction timed out before reaching finality", data: None })) tx_digest=Digest("89PU8BB8uyPNXPw7QjGWjGTkVtVxGAupctwETkXpzuYY") retry_cnt=2
2026-05-20T12:40:21.161752Z ERROR iota_benchmark: Transaction failed with err: Rpc(Call(ErrorObject { code: ServerError(-32050), message: "Transaction timed out before reaching finality", data: None })) tx_digest=Digest("2iPdTQzwwQDuiYAz49Df37ykgQT1EfvpUnAGvrYiGPth") retry_cnt=2
2026-05-20T12:40:21.269544Z ERROR iota_benchmark: Transaction failed with err: Rpc(Call(ErrorObject { code: ServerError(-32050), message: "Transaction timed out before reaching finality", data: None })) tx_digest=Digest("yp4zLUrh8sX4XbDqdaCLm6xhwE1L2v9ULbmsHf3TUwK") retry_cnt=2
2026-05-20T12:40:21.848263Z ERROR iota_benchmark: Transaction failed with err: Rpc(Call(ErrorObject { code: ServerError(-32050), message: "Transaction timed out before reaching finality", data: None })) tx_digest=Digest("5zVi7gnW6UHiyQx4cZ4gAvJLTowbQU1FC3Yd1GaUFkJs") retry_cnt=2
2026-05-20T12:40:21.848335Z ERROR iota_benchmark: Transaction failed with err: Rpc(Call(ErrorObject { code: ServerError(-32050), message: "Transaction timed out before reaching finality", data: None })) tx_digest=Digest("58JrbR48tqq6WTpDit3R2TLRUhXgja7vnEbuNz3Feq6E") retry_cnt=2
2026-05-20T12:40:21.848350Z ERROR iota_benchmark: Transaction failed with err: Rpc(Call(ErrorObject { code: ServerError(-32050), message: "Transaction timed out before reaching finality", data: None })) tx_digest=Digest("2iSSmdnigqcV2hRTCVyBiZKvcwysFcDjgn6HC46rVUuM") retry_cnt=2
2026-05-20T12:40:21.848388Z ERROR iota_benchmark: Transaction failed with err: Rpc(Call(ErrorObject { code: ServerError(-32050), message: "Transaction timed out before reaching finality", data: None })) tx_digest=Digest("9MidcYtybnNmDNPNDc1LcizURn5reyxjiJ5opuJseYBT") retry_cnt=2
2026-05-20T12:40:21.893286Z ERROR iota_benchmark: Transaction failed with err: Rpc(Call(ErrorObject { code: ServerError(-32050), message: "Transaction timed out before reaching finality", data: None })) tx_digest=Digest("DoGRJpfWw8Z8nnv8pn64wMa6VTi2vRwG7GcQbbkzq5Jh") retry_cnt=0
2026-05-20T12:40:21.893412Z ERROR iota_benchmark: Transaction failed with err: Rpc(Call(ErrorObject { code: ServerError(-32050), message: "Transaction timed out before reaching finality", data: None })) tx_digest=Digest("2tCkB6UruRcSwzktb2F1UamEmgKN3tQxKWbLCFojpfLd") retry_cnt=0
2026-05-20T12:40:21.930626Z ERROR iota_benchmark: Transaction failed with err: Rpc(Call(ErrorObject { code: ServerError(-32050), message: "Transaction timed out before reaching finality", data: None })) tx_digest=Digest("GxKuKxo7NFXbaKdpavDHqPJHBXHbj5aNLD8ghVn2HPcm") retry_cnt=2
2026-05-20T12:40:21.930670Z ERROR iota_benchmark: Transaction failed with err: Rpc(Call(ErrorObject { code: ServerError(-32050), message: "Transaction timed out before reaching finality", data: None })) tx_digest=Digest("AGE2sMxRvzQU9ycb2nMEpusBUPDmyRELKzqk1JbCjZTE") retry_cnt=0
2026-05-20T12:40:22.004818Z ERROR iota_benchmark: Transaction failed with err: Rpc(Call(ErrorObject { code: ServerError(-32050), message: "Transaction timed out before reaching finality", data: None })) tx_digest=Digest("4R6rcZn2rXKBo5CFaFzQz9yw8oZz5X3FZyCh9vPhEFP1") retry_cnt=0
2026-05-20T12:40:22.013090Z ERROR iota_benchmark: Transaction failed with err: Rpc(Call(ErrorObject { code: ServerError(-32050), message: "Transaction timed out before reaching finality", data: None })) tx_digest=Digest("5xuPY5SsPfqzXM3DuyyZwSy71GSTkERSDCcZGpD1zDuH") retry_cnt=0
2026-05-20T12:40:22.102654Z ERROR iota_benchmark: Transaction failed with err: Rpc(Call(ErrorObject { code: ServerError(-32050), message: "Transaction timed out before reaching finality", data: None })) tx_digest=Digest("8YyXYvTpFd4DWziZoqwDwoiVbeaMTv5LyqzRHTFeyKDZ") retry_cnt=2
2026-05-20T12:40:22.127407Z ERROR iota_benchmark: Transaction failed with err: Rpc(Call(ErrorObject { code: ServerError(-32050), message: "Transaction timed out before reaching finality", data: None })) tx_digest=Digest("BYYPunx8CBcHYdU8EREaYms5Z5n3CpRh5yHA3MYFHEGx") retry_cnt=0
2026-05-20T12:40:22.184543Z ERROR iota_benchmark: Transaction failed with err: Rpc(Call(ErrorObject { code: ServerError(-32050), message: "Transaction timed out before reaching finality", data: None })) tx_digest=Digest("H9vvSUu9BrSJEiY3LKDMfNSeDHWtZmE6oGeTeejnzUbc") retry_cnt=0
2026-05-20T12:40:22.214663Z ERROR iota_benchmark: Transaction failed with err: Rpc(Call(ErrorObject { code: ServerError(-32050), message: "Transaction timed out before reaching finality", data: None })) tx_digest=Digest("BnMb53RGLMrcWC3FKZZtWmzG4dtzU6CQcnjhhLhhUkBy") retry_cnt=0
2026-05-20T12:40:22.325733Z ERROR iota_benchmark: Transaction failed with err: Rpc(Call(ErrorObject { code: ServerError(-32050), message: "Transaction timed out before reaching finality", data: None })) tx_digest=Digest("8pcvY4qP13kZ6pDHJhwykY6oKfE5yA6UCGekc6eB9uxE") retry_cnt=0
2026-05-20T12:40:22.370098Z ERROR iota_benchmark: Transaction failed with err: Rpc(Call(ErrorObject { code: ServerError(-32050), message: "Transaction timed out before reaching finality", data: None })) tx_digest=Digest("AKJ8ygaxcydQqhDe7LzZAivoiQU9bfFHWoDsTNn7CaSk") retry_cnt=0
2026-05-20T12:40:22.423354Z ERROR iota_benchmark: Transaction failed with err: Rpc(Call(ErrorObject { code: ServerError(-32050), message: "Transaction timed out before reaching finality", data: None })) tx_digest=Digest("7RXS2piTyC6ayfSCK5gmY7HAooJJ6bpb4VyFAFTYtKMW") retry_cnt=0
2026-05-20T12:40:22.506467Z ERROR iota_benchmark: Transaction failed with err: Rpc(Call(ErrorObject { code: ServerError(-32050), message: "Transaction timed out before reaching finality", data: None })) tx_digest=Digest("7knu8vjpHzW8xCcaCeCxwqbtkVj93fav5oNVXkNSAWSj") retry_cnt=2
2026-05-20T12:40:22.506510Z ERROR iota_benchmark: Transaction failed with err: Rpc(Call(ErrorObject { code: ServerError(-32050), message: "Transaction timed out before reaching finality", data: None })) tx_digest=Digest("EVNEmNc3TXfrGwTDwLBnwrXtiDwTudo5DgQD9gj2ufHk") retry_cnt=2
2026-05-20T12:40:22.506532Z ERROR iota_benchmark: Transaction failed with err: Rpc(Call(ErrorObject { code: ServerError(-32050), message: "Transaction timed out before reaching finality", data: None })) tx_digest=Digest("4xE67HwxHbGTWBTit3n22EQ3hjxdeJQrZDWGDABW6w6Z") retry_cnt=2
2026-05-20T12:40:22.597588Z ERROR iota_benchmark: Transaction failed with err: Rpc(Call(ErrorObject { code: ServerError(-32050), message: "Transaction timed out before reaching finality", data: None })) tx_digest=Digest("2JpPuvGSnrffgnMuAmepazSpY83CLaaeg7wBjkf7NBS6") retry_cnt=2
2026-05-20T12:40:22.619837Z ERROR iota_benchmark: Transaction failed with err: Rpc(Call(ErrorObject { code: ServerError(-32050), message: "Transaction timed out before reaching finality", data: None })) tx_digest=Digest("8Hb6HQVNeeQgfPLyZJvcVsgiRnmXesQ6ZGGAzi8tFuAk") retry_cnt=2
2026-05-20T12:40:22.678532Z ERROR iota_benchmark: Transaction failed with err: Rpc(Call(ErrorObject { code: ServerError(-32050), message: "Transaction timed out before reaching finality", data: None })) tx_digest=Digest("WAXNNPTvjYTPSVFfp2q2v2GEeEK9e16nonfU4y7zrum") retry_cnt=0
2026-05-20T12:40:22.678655Z ERROR iota_benchmark: Transaction failed with err: Rpc(Call(ErrorObject { code: ServerError(-32050), message: "Transaction timed out before reaching finality", data: None })) tx_digest=Digest("9jQFRCVi9j222VfZGeJwXWgES4NzayTLkfHUAtPoKqwD") retry_cnt=2
2026-05-20T12:40:22.678698Z ERROR iota_benchmark: Transaction failed with err: Rpc(Call(ErrorObject { code: ServerError(-32050), message: "Transaction timed out before reaching finality", data: None })) tx_digest=Digest("38P9GvBpoo9MP4xbu1N36BNt9hfptrmSpfgYjDVasNHE") retry_cnt=0
2026-05-20T12:40:22.678706Z ERROR iota_benchmark: Transaction failed with err: Rpc(Call(ErrorObject { code: ServerError(-32050), message: "Transaction timed out before reaching finality", data: None })) tx_digest=Digest("3jFSSqQPHHmNjWHksMsEMEqVcHgyhHz6TkJSyrErjvfg") retry_cnt=2
2026-05-20T12:40:22.678838Z ERROR iota_benchmark: Transaction failed with err: Rpc(Call(ErrorObject { code: ServerError(-32050), message: "Transaction timed out before reaching finality", data: None })) tx_digest=Digest("5uCC3NBmjWQqoKMCwpfEcgZ6Ex6AKxCjR3v1uGvLr1cs") retry_cnt=2
2026-05-20T12:40:22.678841Z ERROR iota_benchmark: Transaction failed with err: Rpc(Call(ErrorObject { code: ServerError(-32050), message: "Transaction timed out before reaching finality", data: None })) tx_digest=Digest("9PZHcCgrFoBTuwD7CMbN2Z5wa53iqNKUSsqyQoZhw35v") retry_cnt=2
2026-05-20T12:40:22.678864Z ERROR iota_benchmark: Transaction failed with err: Rpc(Call(ErrorObject { code: ServerError(-32050), message: "Transaction timed out before reaching finality", data: None })) tx_digest=Digest("4QJH3XhRvP8qWYXmtU8VMt9jx9nFfgtc9ex8UytNTpy2") retry_cnt=2
2026-05-20T12:40:22.743994Z ERROR iota_benchmark: Transaction failed with err: Rpc(Call(ErrorObject { code: ServerError(-32050), message: "Transaction timed out before reaching finality", data: None })) tx_digest=Digest("GLPF8QtpNjxZ23AHCfSMnckq8WUW493FCPFw48PAdukF") retry_cnt=2
2026-05-20T12:40:22.744007Z ERROR iota_benchmark: Transaction failed with err: Rpc(Call(ErrorObject { code: ServerError(-32050), message: "Transaction timed out before reaching finality", data: None })) tx_digest=Digest("FnWdq18wW1B1QC9FETTQofEmB268ViXf3FAtumhCKsBd") retry_cnt=2
2026-05-20T12:40:22.744024Z ERROR iota_benchmark: Transaction failed with err: Rpc(Call(ErrorObject { code: ServerError(-32050), message: "Transaction timed out before reaching finality", data: None })) tx_digest=Digest("ABCjGsr2MsC6RgcSPgVzaCLsu1csvEGrwrPwaAwbhwzg") retry_cnt=2
2026-05-20T12:40:22.744036Z ERROR iota_benchmark: Transaction failed with err: Rpc(Call(ErrorObject { code: ServerError(-32050), message: "Transaction timed out before reaching finality", data: None })) tx_digest=Digest("kYPTmzZdFK5e1RjjEMHhEeTNHyzyo7HcVRJWqtCh1x9") retry_cnt=2
2026-05-20T12:40:22.774111Z ERROR iota_benchmark: Transaction failed with err: Rpc(Call(ErrorObject { code: ServerError(-32050), message: "Transaction timed out before reaching finality", data: None })) tx_digest=Digest("9MdfFFSiXUUoJM1HzBuPK1ywuzzmeCpUCeszspC1KKXY") retry_cnt=2
2026-05-20T12:40:22.774111Z ERROR iota_benchmark: Transaction failed with err: Rpc(Call(ErrorObject { code: ServerError(-32050), message: "Transaction timed out before reaching finality", data: None })) tx_digest=Digest("7TKkdFfiPLVgmFr2ewEJKgr9m5TNG6dbGm8KxckGZpiU") retry_cnt=0
2026-05-20T12:40:22.774179Z ERROR iota_benchmark: Transaction failed with err: Rpc(Call(ErrorObject { code: ServerError(-32050), message: "Transaction timed out before reaching finality", data: None })) tx_digest=Digest("3zEBpvq7iLARZmXNRGFGtCAhgriBDr4QBn3B4vMM66yR") retry_cnt=2
2026-05-20T12:40:22.810314Z ERROR iota_benchmark: Transaction failed with err: Rpc(Call(ErrorObject { code: ServerError(-32050), message: "Transaction timed out before reaching finality", data: None })) tx_digest=Digest("4bRU45gJYF74beiNFwsnbWbG5DpQVHPvXEhfCUFs9WJc") retry_cnt=0
2026-05-20T12:40:22.866272Z ERROR iota_benchmark: Transaction failed with err: Rpc(Call(ErrorObject { code: ServerError(-32050), message: "Transaction timed out before reaching finality", data: None })) tx_digest=Digest("5Z4YhL4wSRjfekTtt1XXMrXJyH5GnDjMiafCxcW2JSwa") retry_cnt=0
2026-05-20T12:40:22.866272Z ERROR iota_benchmark: Transaction failed with err: Rpc(Call(ErrorObject { code: ServerError(-32050), message: "Transaction timed out before reaching finality", data: None })) tx_digest=Digest("3MdkwcJcrQMdq4HJ3VSnm26Sy39Z6MqF13t6s46ko3AM") retry_cnt=0
2026-05-20T12:40:22.885509Z ERROR iota_benchmark: Transaction failed with err: Rpc(Call(ErrorObject { code: ServerError(-32050), message: "Transaction timed out before reaching finality", data: None })) tx_digest=Digest("EECGfDH1Zoj6MHrk5cfK4sEaetQYGVQZAXsKApe2zuct") retry_cnt=0
2026-05-20T12:40:22.952053Z ERROR iota_benchmark: Transaction failed with err: Rpc(Call(ErrorObject { code: ServerError(-32050), message: "Transaction timed out before reaching finality", data: None })) tx_digest=Digest("B7KUf2YDdGGXe8NF4xXBrau2ptTbfEeCFQDuHCZP9jY4") retry_cnt=2
2026-05-20T12:40:23.028973Z ERROR iota_benchmark: Transaction failed with err: Rpc(Call(ErrorObject { code: ServerError(-32050), message: "Transaction timed out before reaching finality", data: None })) tx_digest=Digest("AW1neb16cN4jiMXb7P6xDB3fxK4ML2vpH9MhtnAQyR48") retry_cnt=2
2026-05-20T12:40:23.105018Z ERROR iota_benchmark: Transaction failed with err: Rpc(Call(ErrorObject { code: ServerError(-32050), message: "Transaction timed out before reaching finality", data: None })) tx_digest=Digest("ArCcSszKDpouoSrmTgQzTDWEt1bTbv2dgV2rQnCbehdd") retry_cnt=0
2026-05-20T12:40:23.105818Z ERROR iota_benchmark: Transaction failed with err: Rpc(Call(ErrorObject { code: ServerError(-32050), message: "Transaction timed out before reaching finality", data: None })) tx_digest=Digest("9eWSbGykUhVuAsiKttoQ2qMcAUMVKDkDG3wHknWqbxgH") retry_cnt=2
2026-05-20T12:40:23.170716Z ERROR iota_benchmark: Transaction failed with err: Rpc(Call(ErrorObject { code: ServerError(-32050), message: "Transaction timed out before reaching finality", data: None })) tx_digest=Digest("3DvcXMBwWjuz6XdfbgZDiFGKUHTAM2rNbhnPD1EZpzWJ") retry_cnt=2
2026-05-20T12:40:23.171759Z ERROR iota_benchmark: Transaction failed with err: Rpc(Call(ErrorObject { code: ServerError(-32050), message: "Transaction timed out before reaching finality", data: None })) tx_digest=Digest("9ACghWCbnzTv9HFFRJ9mtMATWaTSYL6DDuuCpdiGa75y") retry_cnt=2
2026-05-20T12:40:23.171777Z ERROR iota_benchmark: Transaction failed with err: Rpc(Call(ErrorObject { code: ServerError(-32050), message: "Transaction timed out before reaching finality", data: None })) tx_digest=Digest("8phBwhLY1tJ2sge8mNiepkg7T9voiQDHESxvs6EaTRUn") retry_cnt=0
2026-05-20T12:40:23.247693Z ERROR iota_benchmark: Transaction failed with err: Rpc(Call(ErrorObject { code: ServerError(-32050), message: "Transaction timed out before reaching finality", data: None })) tx_digest=Digest("8afu8zjUKb1tnMzgNprLQkmvFZvLHDjYjPt2LGrVcp8y") retry_cnt=0
2026-05-20T12:40:23.247693Z ERROR iota_benchmark: Transaction failed with err: Rpc(Call(ErrorObject { code: ServerError(-32050), message: "Transaction timed out before reaching finality", data: None })) tx_digest=Digest("JCFmci1j9ydyNon4uen4o4BCv8Ckekf9VZquRTA2FMQ3") retry_cnt=0
2026-05-20T12:40:23.248062Z ERROR iota_benchmark: Transaction failed with err: Rpc(Call(ErrorObject { code: ServerError(-32050), message: "Transaction timed out before reaching finality", data: None })) tx_digest=Digest("DSwMUEB7NjiGXhHA39SSKm1L8ZkGLz8tnEsqyGwRTsyB") retry_cnt=2
2026-05-20T12:40:23.289385Z ERROR iota_benchmark: Transaction failed with err: Rpc(Call(ErrorObject { code: ServerError(-32050), message: "Transaction timed out before reaching finality", data: None })) tx_digest=Digest("BiN2y58EeBYAH4QtnNEs8WfwWvZqjHQiR9vypabEamHo") retry_cnt=0
2026-05-20T12:40:23.289503Z ERROR iota_benchmark: Transaction failed with err: Rpc(Call(ErrorObject { code: ServerError(-32050), message: "Transaction timed out before reaching finality", data: None })) tx_digest=Digest("BRw2dPEa2akcCTuAeuLG61aZvrKMVK6b259z373KX5T6") retry_cnt=0
2026-05-20T12:40:23.289506Z ERROR iota_benchmark: Transaction failed with err: Rpc(Call(ErrorObject { code: ServerError(-32050), message: "Transaction timed out before reaching finality", data: None })) tx_digest=Digest("6iTXRkUCQcVasJB12r44rS4UJckx7X1GPKH2U1RVSUsX") retry_cnt=0
2026-05-20T12:40:23.289617Z ERROR iota_benchmark: Transaction failed with err: Rpc(Call(ErrorObject { code: ServerError(-32050), message: "Transaction timed out before reaching finality", data: None })) tx_digest=Digest("FucYbLy2D26Cmh6DYkfAXHZC4Wmpr784P8dY8PG4NWU7") retry_cnt=2
2026-05-20T12:40:23.289655Z ERROR iota_benchmark: Transaction failed with err: Rpc(Call(ErrorObject { code: ServerError(-32050), message: "Transaction timed out before reaching finality", data: None })) tx_digest=Digest("EXoDCUSPLZzKsn9nQu9GaL6vQUWa4VxdqnpUAVSPSSrA") retry_cnt=0
2026-05-20T12:40:23.305539Z ERROR iota_benchmark: Transaction failed with err: Rpc(Call(ErrorObject { code: ServerError(-32050), message: "Transaction timed out before reaching finality", data: None })) tx_digest=Digest("2dCrnVpfAWdMrswEJJzobePs2fCn6KQkHkmdG8w7AjQu") retry_cnt=0
2026-05-20T12:40:23.305539Z ERROR iota_benchmark: Transaction failed with err: Rpc(Call(ErrorObject { code: ServerError(-32050), message: "Transaction timed out before reaching finality", data: None })) tx_digest=Digest("3SqanxcqM13uNp13PwsZt5grAKpRdXG7iPurQnyZTKdN") retry_cnt=2
2026-05-20T12:40:23.312399Z ERROR iota_benchmark: Transaction failed with err: Rpc(Call(ErrorObject { code: ServerError(-32050), message: "Transaction timed out before reaching finality", data: None })) tx_digest=Digest("AEUWHKYPqxFPUpCQn1bPUJV2HXBbtTRxT9mDELkj3WKQ") retry_cnt=2
2026-05-20T12:40:23.313449Z ERROR iota_benchmark: Transaction failed with err: Rpc(Call(ErrorObject { code: ServerError(-32050), message: "Transaction timed out before reaching finality", data: None })) tx_digest=Digest("GS8PYmx7bNgS6WEfmdggmZT3xUh7ULrZ3ByFGGtufZuU") retry_cnt=0
2026-05-20T12:40:23.313562Z ERROR iota_benchmark: Transaction failed with err: Rpc(Call(ErrorObject { code: ServerError(-32050), message: "Transaction timed out before reaching finality", data: None })) tx_digest=Digest("GkD5csZSAyrnSQcfkGx3VTKExGuVCK7cdLzPUtRuCCwP") retry_cnt=0
2026-05-20T12:40:23.313625Z ERROR iota_benchmark: Transaction failed with err: Rpc(Call(ErrorObject { code: ServerError(-32050), message: "Transaction timed out before reaching finality", data: None })) tx_digest=Digest("8WsUvxCSnggh9dcazesoKNSa7Ht6XNkGKjKSuUuZKFgX") retry_cnt=2
2026-05-20T12:40:23.313654Z ERROR iota_benchmark: Transaction failed with err: Rpc(Call(ErrorObject { code: ServerError(-32050), message: "Transaction timed out before reaching finality", data: None })) tx_digest=Digest("FezbMgwVYpVEsP32mAwjUaPXVQE4k4eZJUeDWR9sXiNm") retry_cnt=0
2026-05-20T12:40:23.316890Z ERROR iota_benchmark: Transaction failed with err: Rpc(Call(ErrorObject { code: ServerError(-32050), message: "Transaction timed out before reaching finality", data: None })) tx_digest=Digest("2MBGGidDGAc8jLHVK4axRA4oz91w5t4oitTZwQi8Frh3") retry_cnt=2
2026-05-20T12:40:23.316897Z ERROR iota_benchmark: Transaction failed with err: Rpc(Call(ErrorObject { code: ServerError(-32050), message: "Transaction timed out before reaching finality", data: None })) tx_digest=Digest("Ccq2g6wfFJvXsK3t9uwar7uk27S9HfxDMG342xppfjze") retry_cnt=0
2026-05-20T12:40:23.316957Z ERROR iota_benchmark: Transaction failed with err: Rpc(Call(ErrorObject { code: ServerError(-32050), message: "Transaction timed out before reaching finality", data: None })) tx_digest=Digest("2JWkiFmPD3Z2d4HC3pf6knAjBvPdeCD5Dm732QWCmQFY") retry_cnt=0
2026-05-20T12:40:23.316971Z ERROR iota_benchmark: Transaction failed with err: Rpc(Call(ErrorObject { code: ServerError(-32050), message: "Transaction timed out before reaching finality", data: None })) tx_digest=Digest("6ZjCBW1QEkiFtVAdiBvg8fKcQ1qDqdnvUEez9zWAWBAf") retry_cnt=2
2026-05-20T12:40:23.316984Z ERROR iota_benchmark: Transaction failed with err: Rpc(Call(ErrorObject { code: ServerError(-32050), message: "Transaction timed out before reaching finality", data: None })) tx_digest=Digest("8bRL7iL192dWofEpobjnYu7uTwzHgGgrBAPeJBLLXVww") retry_cnt=0
2026-05-20T12:40:23.317165Z ERROR iota_benchmark: Transaction failed with err: Rpc(Call(ErrorObject { code: ServerError(-32050), message: "Transaction timed out before reaching finality", data: None })) tx_digest=Digest("5ycx3MGCF8NiJ5DrxmoBoXFXnHLm7K487P11QetCnvxv") retry_cnt=0
2026-05-20T12:40:23.317190Z ERROR iota_benchmark: Transaction failed with err: Rpc(Call(ErrorObject { code: ServerError(-32050), message: "Transaction timed out before reaching finality", data: None })) tx_digest=Digest("J7D4rUznSaVJoXrsZTJmmhJwDQ9E2q7MoK837xzXUpaz") retry_cnt=0
2026-05-20T12:40:23.317204Z ERROR iota_benchmark: Transaction failed with err: Rpc(Call(ErrorObject { code: ServerError(-32050), message: "Transaction timed out before reaching finality", data: None })) tx_digest=Digest("76CKsW6izFtqcScKdvq6ceqtZMywJQxPvR2bHdDdF5Cm") retry_cnt=0
2026-05-20T12:40:23.317991Z ERROR iota_benchmark: Transaction failed with err: Rpc(Call(ErrorObject { code: ServerError(-32050), message: "Transaction timed out before reaching finality", data: None })) tx_digest=Digest("Fhmd3SkFqLgA8n9UnnSegnAtSxGZX41e9MJVTX8vV4Nk") retry_cnt=2
2026-05-20T12:40:23.318440Z ERROR iota_benchmark: Transaction failed with err: Rpc(Call(ErrorObject { code: ServerError(-32050), message: "Transaction timed out before reaching finality", data: None })) tx_digest=Digest("7aKVpGZMhRpEwfoJ2x1unV9xPnFUH6Q4YU5WfbjMsZYi") retry_cnt=0
2026-05-20T12:40:23.318571Z ERROR iota_benchmark: Transaction failed with err: Rpc(Call(ErrorObject { code: ServerError(-32050), message: "Transaction timed out before reaching finality", data: None })) tx_digest=Digest("5BHqBijHXvkMEV2TUvdEtcVQNJB5pRt92jrtCaJuB2dg") retry_cnt=2
2026-05-20T12:40:23.319597Z ERROR iota_benchmark: Transaction failed with err: Rpc(Call(ErrorObject { code: ServerError(-32050), message: "Transaction timed out before reaching finality", data: None })) tx_digest=Digest("C7CFRGxeGMrLw2whTe6z2XJ6nDx7g5ob5qVe2xjghekR") retry_cnt=2
2026-05-20T12:40:23.320240Z ERROR iota_benchmark: Transaction failed with err: Rpc(Call(ErrorObject { code: ServerError(-32050), message: "Transaction timed out before reaching finality", data: None })) tx_digest=Digest("5R5VmegSefYe7ZcYfdyep3hfk8WerfW6sMMZRgfU7Q3c") retry_cnt=2
2026-05-20T12:40:23.321359Z ERROR iota_benchmark: Transaction failed with err: Rpc(Call(ErrorObject { code: ServerError(-32050), message: "Transaction timed out before reaching finality", data: None })) tx_digest=Digest("GfhAgCPaRKzKDVKH6XDfCFFwhid6mfuxMSDQnE8eVhnn") retry_cnt=2
2026-05-20T12:40:23.322238Z ERROR iota_benchmark: Transaction failed with err: Rpc(Call(ErrorObject { code: ServerError(-32050), message: "Transaction timed out before reaching finality", data: None })) tx_digest=Digest("BSujsyD25nEFvSMPfBZ8fm5i6ix6nv8gnuFemErra8q1") retry_cnt=2
2026-05-20T12:40:23.322364Z ERROR iota_benchmark: Transaction failed with err: Rpc(Call(ErrorObject { code: ServerError(-32050), message: "Transaction timed out before reaching finality", data: None })) tx_digest=Digest("5ccmmsuNcr3D7wtWhm3dc64uNwYCs6Tntoc53sYuLCvU") retry_cnt=0
2026-05-20T12:40:23.322517Z ERROR iota_benchmark: Transaction failed with err: Rpc(Call(ErrorObject { code: ServerError(-32050), message: "Transaction timed out before reaching finality", data: None })) tx_digest=Digest("8jPpDRqdQDp3vLBQX4mMk4hYTirD5vZUHjperkTBc6zQ") retry_cnt=2
2026-05-20T12:40:23.323229Z ERROR iota_benchmark: Transaction failed with err: Rpc(Call(ErrorObject { code: ServerError(-32050), message: "Transaction timed out before reaching finality", data: None })) tx_digest=Digest("DLchebx8ysNCrHP46E6s6oW5kJwSgjUYppDKWQDNFkVL") retry_cnt=0
2026-05-20T12:40:23.323829Z ERROR iota_benchmark: Transaction failed with err: Rpc(Call(ErrorObject { code: ServerError(-32050), message: "Transaction timed out before reaching finality", data: None })) tx_digest=Digest("6Mhzv1N2oDuVh1DAzXv48SqEAVJk4B5qjUnyVLyT2igh") retry_cnt=2
2026-05-20T12:40:23.323899Z ERROR iota_benchmark: Transaction failed with err: Rpc(Call(ErrorObject { code: ServerError(-32050), message: "Transaction timed out before reaching finality", data: None })) tx_digest=Digest("EwVUTdV1HR1CkgNrYT2yhGV6QpWSvzFjBzBzPsxYcVg4") retry_cnt=2
2026-05-20T12:40:23.324020Z ERROR iota_benchmark: Transaction failed with err: Rpc(Call(ErrorObject { code: ServerError(-32050), message: "Transaction timed out before reaching finality", data: None })) tx_digest=Digest("fKeaBDioQJUxbmRCAnm4doXz91toNsocu3TENwsLQHe") retry_cnt=2
2026-05-20T12:40:23.327349Z ERROR iota_benchmark: Transaction failed with err: Rpc(Call(ErrorObject { code: ServerError(-32050), message: "Transaction timed out before reaching finality", data: None })) tx_digest=Digest("B93uTYwvLMetTjaK4Jti8hcfXdr6hfrFRYx9QioTg1zL") retry_cnt=2
2026-05-20T12:40:23.332853Z ERROR iota_benchmark: Transaction failed with err: Rpc(Call(ErrorObject { code: ServerError(-32050), message: "Transaction timed out before reaching finality", data: None })) tx_digest=Digest("GsY1RBCtTBYa9mYbyX3wdieQ5Aev2xSoY7wk3teU5sMk") retry_cnt=0
2026-05-20T12:40:23.333921Z ERROR iota_benchmark: Transaction failed with err: Rpc(Call(ErrorObject { code: ServerError(-32050), message: "Transaction timed out before reaching finality", data: None })) tx_digest=Digest("Dvxgtcooy1nLFjAkJya3nRJMAWYGgwXjbXfrNHcdiP4j") retry_cnt=2
2026-05-20T12:40:23.334245Z ERROR iota_benchmark: Transaction failed with err: Rpc(Call(ErrorObject { code: ServerError(-32050), message: "Transaction timed out before reaching finality", data: None })) tx_digest=Digest("6nsPrFnD65sKU5Qg7UMfixWyohEywtAm5DQnoALo1ahB") retry_cnt=2
2026-05-20T12:40:23.334422Z ERROR iota_benchmark: Transaction failed with err: Rpc(Call(ErrorObject { code: ServerError(-32050), message: "Transaction timed out before reaching finality", data: None })) tx_digest=Digest("2WXQH1t7yFzLutyu5zxz1wFw3pPJEgFYq12dyHK5Pk1m") retry_cnt=2
2026-05-20T12:40:23.336469Z ERROR iota_benchmark: Transaction failed with err: Rpc(Call(ErrorObject { code: ServerError(-32050), message: "Transaction timed out before reaching finality", data: None })) tx_digest=Digest("EqvGYapwxwiYMAbGt7Sdx6VJKBH2e4eMubFBTKrMDxQC") retry_cnt=0
2026-05-20T12:40:23.336620Z ERROR iota_benchmark: Transaction failed with err: Rpc(Call(ErrorObject { code: ServerError(-32050), message: "Transaction timed out before reaching finality", data: None })) tx_digest=Digest("5gfUVNQZ7f8eoLAYVYacaqDX2nZeJ6JK3PduLRav6tLD") retry_cnt=2
2026-05-20T12:40:23.337319Z ERROR iota_benchmark: Transaction failed with err: Rpc(Call(ErrorObject { code: ServerError(-32050), message: "Transaction timed out before reaching finality", data: None })) tx_digest=Digest("3JpB5vVkAeV9GrkZbHLACe33EjwQ5kWxoBzh8VYuFBNU") retry_cnt=0
2026-05-20T12:40:23.337378Z ERROR iota_benchmark: Transaction failed with err: Rpc(Call(ErrorObject { code: ServerError(-32050), message: "Transaction timed out before reaching finality", data: None })) tx_digest=Digest("4FmNTq6MUuVmvGgbSP4HzRad2d3WRQBLBuMVRZc5vVgp") retry_cnt=2
2026-05-20T12:40:23.337387Z ERROR iota_benchmark: Transaction failed with err: Rpc(Call(ErrorObject { code: ServerError(-32050), message: "Transaction timed out before reaching finality", data: None })) tx_digest=Digest("GzFzHN2PvCKeT7JQbJtPq3UK61jbPyKgfZqasdsPc2GJ") retry_cnt=0
2026-05-20T12:40:23.339673Z ERROR iota_benchmark: Transaction failed with err: Rpc(Call(ErrorObject { code: ServerError(-32050), message: "Transaction timed out before reaching finality", data: None })) tx_digest=Digest("6GDBUKsRZG4gs3R7GUfS1M25cQYvuB2gtmpZUn4bL6Ze") retry_cnt=0
2026-05-20T12:40:23.339902Z ERROR iota_benchmark: Transaction failed with err: Rpc(Call(ErrorObject { code: ServerError(-32050), message: "Transaction timed out before reaching finality", data: None })) tx_digest=Digest("AoqEPbsw7ZnDYNqV9UE5UMGptXsqGrJGUqeU3ne7C8Xo") retry_cnt=0
2026-05-20T12:40:23.339915Z ERROR iota_benchmark: Transaction failed with err: Rpc(Call(ErrorObject { code: ServerError(-32050), message: "Transaction timed out before reaching finality", data: None })) tx_digest=Digest("BiYHPRWvdGQFFmNoJrca95m6KLM35QjumyhwsKdgmNfG") retry_cnt=0
2026-05-20T12:40:23.339946Z ERROR iota_benchmark: Transaction failed with err: Rpc(Call(ErrorObject { code: ServerError(-32050), message: "Transaction timed out before reaching finality", data: None })) tx_digest=Digest("HiPrDPQsvNmCyV9v1vrP7vdyYcdZSiAcm4HqSYNvawKq") retry_cnt=0
2026-05-20T12:40:23.340104Z ERROR iota_benchmark: Transaction failed with err: Rpc(Call(ErrorObject { code: ServerError(-32050), message: "Transaction timed out before reaching finality", data: None })) tx_digest=Digest("6E6ZTyikZ4ZLFWCNDyUpYgtTJJ1d8fM7iDMbb59TJMa7") retry_cnt=0
2026-05-20T12:40:23.342052Z ERROR iota_benchmark: Transaction failed with err: Rpc(Call(ErrorObject { code: ServerError(-32050), message: "Transaction timed out before reaching finality", data: None })) tx_digest=Digest("GAPcrKzSAyGxoowFANAPPDgFTybsi42XB9KLCKPwDDnq") retry_cnt=0
2026-05-20T12:40:23.342365Z ERROR iota_benchmark: Transaction failed with err: Rpc(Call(ErrorObject { code: ServerError(-32050), message: "Transaction timed out before reaching finality", data: None })) tx_digest=Digest("7QeJxTAj5r4z7q4KxCCEm4e63F6nHhpLwbP7WiSR5tFa") retry_cnt=2
2026-05-20T12:40:23.343247Z ERROR iota_benchmark: Transaction failed with err: Rpc(Call(ErrorObject { code: ServerError(-32050), message: "Transaction timed out before reaching finality", data: None })) tx_digest=Digest("HuzUhvpB4Ros4oUvccX22wiZyLgT21UvWgTvHt6akZwX") retry_cnt=0
2026-05-20T12:40:23.344325Z ERROR iota_benchmark: Transaction failed with err: Rpc(Call(ErrorObject { code: ServerError(-32050), message: "Transaction timed out before reaching finality", data: None })) tx_digest=Digest("4WzpbTTfh1joKUgeWH3FjqzxNBF72GRLfM8gD8vAQaSe") retry_cnt=0
2026-05-20T12:40:23.345519Z ERROR iota_benchmark: Transaction failed with err: Rpc(Call(ErrorObject { code: ServerError(-32050), message: "Transaction timed out before reaching finality", data: None })) tx_digest=Digest("D41gruXQbdMbT6qgTFhFbUQZjzjxLbb8Td368gdrXA2b") retry_cnt=0
2026-05-20T12:40:23.346304Z ERROR iota_benchmark: Transaction failed with err: Rpc(Call(ErrorObject { code: ServerError(-32050), message: "Transaction timed out before reaching finality", data: None })) tx_digest=Digest("F5rfqyqNJp2cC128RNLftZ3Gxu3xvtmcYZsm6GPjf2MR") retry_cnt=2
2026-05-20T12:40:23.346992Z ERROR iota_benchmark: Transaction failed with err: Rpc(Call(ErrorObject { code: ServerError(-32050), message: "Transaction timed out before reaching finality", data: None })) tx_digest=Digest("H2iu6RANr6e867UVfofHGJV5odgkuvYj92g4JKJ4Jcmk") retry_cnt=2
2026-05-20T12:40:23.347071Z ERROR iota_benchmark: Transaction failed with err: Rpc(Call(ErrorObject { code: ServerError(-32050), message: "Transaction timed out before reaching finality", data: None })) tx_digest=Digest("8PxUBs6roXVdeuhMR4bXmAJ7wZugfNTRRcxdsQN5WxzY") retry_cnt=0
2026-05-20T12:40:23.347177Z ERROR iota_benchmark: Transaction failed with err: Rpc(Call(ErrorObject { code: ServerError(-32050), message: "Transaction timed out before reaching finality", data: None })) tx_digest=Digest("3rGuFNvVu9E8zXK3UHzk1gSLrVSjHqk5Q5WjTWhrbEWj") retry_cnt=0
2026-05-20T12:40:23.347890Z ERROR iota_benchmark: Transaction failed with err: Rpc(Call(ErrorObject { code: ServerError(-32050), message: "Transaction timed out before reaching finality", data: None })) tx_digest=Digest("6DuZwCcqZcfGVwcJQDtgsV7MDi4Xe9LN14SF6k79UZAq") retry_cnt=0
2026-05-20T12:40:23.348362Z ERROR iota_benchmark: Transaction failed with err: Rpc(Call(ErrorObject { code: ServerError(-32050), message: "Transaction timed out before reaching finality", data: None })) tx_digest=Digest("C2q8GxBGXGVuVWYvvHvmbV5xSantCXNier2zXUVxpZCY") retry_cnt=0
2026-05-20T12:40:23.348628Z ERROR iota_benchmark: Transaction failed with err: Rpc(Call(ErrorObject { code: ServerError(-32050), message: "Transaction timed out before reaching finality", data: None })) tx_digest=Digest("FE5Jmoh6QbvCNzhVikqftD8ztz7725oxYR5H9WRsshsS") retry_cnt=0
2026-05-20T12:40:23.349110Z ERROR iota_benchmark: Transaction failed with err: Rpc(Call(ErrorObject { code: ServerError(-32050), message: "Transaction timed out before reaching finality", data: None })) tx_digest=Digest("9AtAzp4EE3Xg96RWDu5xopgDFofURfCXGkxT57EaCMas") retry_cnt=0
2026-05-20T12:40:23.349288Z ERROR iota_benchmark: Transaction failed with err: Rpc(Call(ErrorObject { code: ServerError(-32050), message: "Transaction timed out before reaching finality", data: None })) tx_digest=Digest("5f6HsSLTTi4Rh2CiVxVjvTABotYv2ZcEqyZ6rQYGQrtc") retry_cnt=0
2026-05-20T12:40:23.349712Z ERROR iota_benchmark: Transaction failed with err: Rpc(Call(ErrorObject { code: ServerError(-32050), message: "Transaction timed out before reaching finality", data: None })) tx_digest=Digest("6YLM9hpEN3Nnn1DpoiSp68Aqypg4od4X3Q9vo2eubBVL") retry_cnt=2
2026-05-20T12:40:23.349855Z ERROR iota_benchmark: Transaction failed with err: Rpc(Call(ErrorObject { code: ServerError(-32050), message: "Transaction timed out before reaching finality", data: None })) tx_digest=Digest("mTGyaRsjGQxHr58z1ykJZNpo4tA8TztA1a2nLC7gCVX") retry_cnt=0
2026-05-20T12:40:23.350152Z ERROR iota_benchmark: Transaction failed with err: Rpc(Call(ErrorObject { code: ServerError(-32050), message: "Transaction timed out before reaching finality", data: None })) tx_digest=Digest("628KPExLqaFU8PjrKeHXcK6FJ9VgweBsp2oyvbHF9qJG") retry_cnt=0
2026-05-20T12:40:23.350229Z ERROR iota_benchmark: Transaction failed with err: Rpc(Call(ErrorObject { code: ServerError(-32050), message: "Transaction timed out before reaching finality", data: None })) tx_digest=Digest("BaQv16eLmC8kRNPDZ1tdp4APFbZE5jXfVWo1em17rqmd") retry_cnt=0
2026-05-20T12:40:23.351229Z ERROR iota_benchmark: Transaction failed with err: Rpc(Call(ErrorObject { code: ServerError(-32050), message: "Transaction timed out before reaching finality", data: None })) tx_digest=Digest("GJmdFou8isbAw4wLKcARsyqwtW9V2vBcnMRn6yBSanXS") retry_cnt=2
2026-05-20T12:40:23.351251Z ERROR iota_benchmark: Transaction failed with err: Rpc(Call(ErrorObject { code: ServerError(-32050), message: "Transaction timed out before reaching finality", data: None })) tx_digest=Digest("AMELuzSgcNDRC2MyvauGNFLLGYLWKBziNnbHQkHNmvmU") retry_cnt=0
2026-05-20T12:40:23.351443Z ERROR iota_benchmark: Transaction failed with err: Rpc(Call(ErrorObject { code: ServerError(-32050), message: "Transaction timed out before reaching finality", data: None })) tx_digest=Digest("9x9pcvjAKwVJ43q9R6g8HTLbxbtgAwqnDFn9r6cYUAow") retry_cnt=0
2026-05-20T12:40:23.351497Z ERROR iota_benchmark: Transaction failed with err: Rpc(Call(ErrorObject { code: ServerError(-32050), message: "Transaction timed out before reaching finality", data: None })) tx_digest=Digest("9D4r7B4fjLk41g9x8cE59bs4Gpf2kZSSZt26qH1au2q4") retry_cnt=2
2026-05-20T12:40:23.351706Z ERROR iota_benchmark: Transaction failed with err: Rpc(Call(ErrorObject { code: ServerError(-32050), message: "Transaction timed out before reaching finality", data: None })) tx_digest=Digest("Bk2r27ADwX6goAP22wdhTRUE4thMQPBQJ2a9dVk1x6Uq") retry_cnt=2
2026-05-20T12:40:23.351823Z ERROR iota_benchmark: Transaction failed with err: Rpc(Call(ErrorObject { code: ServerError(-32050), message: "Transaction timed out before reaching finality", data: None })) tx_digest=Digest("8u39WfZ68WBBya1u7DbNA7YHEf9AunobtpT6UTZHnCQZ") retry_cnt=0
2026-05-20T12:40:23.352621Z ERROR iota_benchmark: Transaction failed with err: Rpc(Call(ErrorObject { code: ServerError(-32050), message: "Transaction timed out before reaching finality", data: None })) tx_digest=Digest("Boj5GGgRRyH5zQujdqYonCbsmPo5izcAohuuyTWq6v3W") retry_cnt=0
2026-05-20T12:40:23.352855Z ERROR iota_benchmark: Transaction failed with err: Rpc(Call(ErrorObject { code: ServerError(-32050), message: "Transaction timed out before reaching finality", data: None })) tx_digest=Digest("95MENHYFTcE7VBY8w1YoS3xTXUKEunMd9oKpnYgfgsfR") retry_cnt=0
2026-05-20T12:40:23.353544Z ERROR iota_benchmark: Transaction failed with err: Rpc(Call(ErrorObject { code: ServerError(-32050), message: "Transaction timed out before reaching finality", data: None })) tx_digest=Digest("22KuudbEvbFurxSyBdZ1w8Cb37fycG4BwkNi9iVn1tsf") retry_cnt=0
2026-05-20T12:40:23.354907Z ERROR iota_benchmark: Transaction failed with err: Rpc(Call(ErrorObject { code: ServerError(-32050), message: "Transaction timed out before reaching finality", data: None })) tx_digest=Digest("Dcmt1ijtvLA4Xn8cyT4JynsExeyiqZY3LfGcMxr3cqsp") retry_cnt=0
2026-05-20T12:40:23.355983Z ERROR iota_benchmark: Transaction failed with err: Rpc(Call(ErrorObject { code: ServerError(-32050), message: "Transaction timed out before reaching finality", data: None })) tx_digest=Digest("Hup7NGoWUEWZHb7RRfSGKdiquxZGFBJsffuRQxkAoXec") retry_cnt=0
2026-05-20T12:40:23.357714Z ERROR iota_benchmark: Transaction failed with err: Rpc(Call(ErrorObject { code: ServerError(-32050), message: "Transaction timed out before reaching finality", data: None })) tx_digest=Digest("CEbCcetj4sUwip3K8UngqJXLd43GSrzuJvERc3jrseKN") retry_cnt=0
2026-05-20T12:40:23.357834Z ERROR iota_benchmark: Transaction failed with err: Rpc(Call(ErrorObject { code: ServerError(-32050), message: "Transaction timed out before reaching finality", data: None })) tx_digest=Digest("79NkEDh8FsDRnGDtUQ6Zd4zzdYwahzgyUGw3tS5WzfAf") retry_cnt=0
2026-05-20T12:40:23.362362Z ERROR iota_benchmark: Transaction failed with err: Rpc(Call(ErrorObject { code: ServerError(-32050), message: "Transaction timed out before reaching finality", data: None })) tx_digest=Digest("Ho26JQTXVjYgkfo6gjpCCHm9kM7wLndposkRrsaxYrmM") retry_cnt=2
2026-05-20T12:40:23.362572Z ERROR iota_benchmark: Transaction failed with err: Rpc(Call(ErrorObject { code: ServerError(-32050), message: "Transaction timed out before reaching finality", data: None })) tx_digest=Digest("2VxQRSyoCWaUPJ7PVrYAp8C6uMMTvYS4aR1M9Zc7H426") retry_cnt=0
2026-05-20T12:40:23.362695Z ERROR iota_benchmark: Transaction failed with err: Rpc(Call(ErrorObject { code: ServerError(-32050), message: "Transaction timed out before reaching finality", data: None })) tx_digest=Digest("5hsNNnEqn5VpFU8MXXpSFBhtHAeiHaWxpPycC5z5eydV") retry_cnt=0
2026-05-20T12:40:23.363173Z ERROR iota_benchmark: Transaction failed with err: Rpc(Call(ErrorObject { code: ServerError(-32050), message: "Transaction timed out before reaching finality", data: None })) tx_digest=Digest("9s5VNfVgfofq3uE5yiGPMexykCBnUYMsABWqNH6Jz34t") retry_cnt=0
2026-05-20T12:40:23.365899Z ERROR iota_benchmark: Transaction failed with err: Rpc(Call(ErrorObject { code: ServerError(-32050), message: "Transaction timed out before reaching finality", data: None })) tx_digest=Digest("3opQNnqffXDSSmW1RcLhYUFC6UMGZCvXTEkKAS9M6oqg") retry_cnt=0
2026-05-20T12:40:23.366199Z ERROR iota_benchmark: Transaction failed with err: Rpc(Call(ErrorObject { code: ServerError(-32050), message: "Transaction timed out before reaching finality", data: None })) tx_digest=Digest("388jwJnnRkBgdLJzZbmZxguKPJYQFDFnsEKkRERyGWun") retry_cnt=0
2026-05-20T12:40:23.366825Z ERROR iota_benchmark: Transaction failed with err: Rpc(Call(ErrorObject { code: ServerError(-32050), message: "Transaction timed out before reaching finality", data: None })) tx_digest=Digest("hvwh1RXHBjshku53HU1mPtYTXhRck8pjCkf12HwF4hP") retry_cnt=0
2026-05-20T12:40:23.367192Z ERROR iota_benchmark: Transaction failed with err: Rpc(Call(ErrorObject { code: ServerError(-32050), message: "Transaction timed out before reaching finality", data: None })) tx_digest=Digest("C9RQ1YC1A3YWM4UVvAM2vkg1LocLbuxda6mqEkaKAGLy") retry_cnt=0
2026-05-20T12:40:23.368184Z ERROR iota_benchmark: Transaction failed with err: Rpc(Call(ErrorObject { code: ServerError(-32050), message: "Transaction timed out before reaching finality", data: None })) tx_digest=Digest("FvWQupwL3YFKgTkJpLE5qaxbhR9HucbkoGVmS3PeRprL") retry_cnt=0
2026-05-20T12:40:23.369882Z ERROR iota_benchmark: Transaction failed with err: Rpc(Call(ErrorObject { code: ServerError(-32050), message: "Transaction timed out before reaching finality", data: None })) tx_digest=Digest("6A4CicoihU4Yq8T89Q24Bf49u7FvG5sL4gB8qHPZRzDP") retry_cnt=0
2026-05-20T12:40:23.371429Z ERROR iota_benchmark: Transaction failed with err: Rpc(Call(ErrorObject { code: ServerError(-32050), message: "Transaction timed out before reaching finality", data: None })) tx_digest=Digest("4Xx22MNkKqmCpNKou5MuJpeL6QrfmHYC1mA6j7NKnpGa") retry_cnt=0
2026-05-20T12:40:23.372021Z ERROR iota_benchmark: Transaction failed with err: Rpc(Call(ErrorObject { code: ServerError(-32050), message: "Transaction timed out before reaching finality", data: None })) tx_digest=Digest("EoVXz8H5us4JidY4BHYr3eeDnPDkPN3LH555P4qzZkgf") retry_cnt=0
2026-05-20T12:40:23.373316Z ERROR iota_benchmark: Transaction failed with err: Rpc(Call(ErrorObject { code: ServerError(-32050), message: "Transaction timed out before reaching finality", data: None })) tx_digest=Digest("5vN5zK8X1MNMcymvxcSQr8ZSjC3on19um6hUGSHFxS7K") retry_cnt=2
2026-05-20T12:40:23.376165Z ERROR iota_benchmark: Transaction failed with err: Rpc(Call(ErrorObject { code: ServerError(-32050), message: "Transaction timed out before reaching finality", data: None })) tx_digest=Digest("4q5VjRktDnJvRLEQHFuxxxU752JGEh97xckpLmN97i9R") retry_cnt=2
2026-05-20T12:40:23.377803Z ERROR iota_benchmark: Transaction failed with err: Rpc(Call(ErrorObject { code: ServerError(-32050), message: "Transaction timed out before reaching finality", data: None })) tx_digest=Digest("EoM19dnKoWGyqsgJpFSCFda1vVn2DbDxKwUpgTmqhDpA") retry_cnt=2
2026-05-20T12:40:23.377873Z ERROR iota_benchmark: Transaction failed with err: Rpc(Call(ErrorObject { code: ServerError(-32050), message: "Transaction timed out before reaching finality", data: None })) tx_digest=Digest("GgsJdebhkVCYH77AHGNcXLSrJEMickaqXGpRF6RVxWxQ") retry_cnt=0
2026-05-20T12:40:23.380810Z ERROR iota_benchmark: Transaction failed with err: Rpc(Call(ErrorObject { code: ServerError(-32050), message: "Transaction timed out before reaching finality", data: None })) tx_digest=Digest("DqTyD2KVbLwJ2eZYhFtgqrZDBPguDvSDVhDUViRC5ybu") retry_cnt=0
2026-05-20T12:40:23.382924Z ERROR iota_benchmark: Transaction failed with err: Rpc(Call(ErrorObject { code: ServerError(-32050), message: "Transaction timed out before reaching finality", data: None })) tx_digest=Digest("9JE1kxLmMjsa72rSp6DUxWiHpbPYwwrSAnBDp1s3L67p") retry_cnt=2
2026-05-20T12:40:23.383316Z ERROR iota_benchmark: Transaction failed with err: Rpc(Call(ErrorObject { code: ServerError(-32050), message: "Transaction timed out before reaching finality", data: None })) tx_digest=Digest("HuAbv61Zn5AnMeAKVQzFHP1eHe52p3hVxu3ZdnZwSap7") retry_cnt=0
2026-05-20T12:40:23.388325Z ERROR iota_benchmark: Transaction failed with err: Rpc(Call(ErrorObject { code: ServerError(-32050), message: "Transaction timed out before reaching finality", data: None })) tx_digest=Digest("DpWespdadR8H3F1gc4fhgj5L5PgZVwmcBUHVPg8LYLWW") retry_cnt=0
2026-05-20T12:40:23.389247Z ERROR iota_benchmark: Transaction failed with err: Rpc(Call(ErrorObject { code: ServerError(-32050), message: "Transaction timed out before reaching finality", data: None })) tx_digest=Digest("8fdEMLkbYs6dgdxfnkSRQ4kwwoCh3qkC6pwsTLYDgczo") retry_cnt=0
2026-05-20T12:40:23.390543Z ERROR iota_benchmark: Transaction failed with err: Rpc(Call(ErrorObject { code: ServerError(-32050), message: "Transaction timed out before reaching finality", data: None })) tx_digest=Digest("FoG9Pu6aP3L4SeSnAFDTiC4QeS2jLNjecHxGohELjLFN") retry_cnt=2
2026-05-20T12:40:23.392573Z ERROR iota_benchmark: Transaction failed with err: Rpc(Call(ErrorObject { code: ServerError(-32050), message: "Transaction timed out before reaching finality", data: None })) tx_digest=Digest("HL7GGnS9wLdMSwbQo6f1uzzDzpccGaqwun4AiuSnFCpy") retry_cnt=2
2026-05-20T12:40:23.393152Z ERROR iota_benchmark: Transaction failed with err: Rpc(Call(ErrorObject { code: ServerError(-32050), message: "Transaction timed out before reaching finality", data: None })) tx_digest=Digest("84C519xzLSK8fBgdyM2zjbZdginYhhbUCTeE2rXaHjrf") retry_cnt=0
2026-05-20T12:40:23.394424Z ERROR iota_benchmark: Transaction failed with err: Rpc(Call(ErrorObject { code: ServerError(-32050), message: "Transaction timed out before reaching finality", data: None })) tx_digest=Digest("GQoxRvFeftKQTLbj3d37VzkSMJwVnHyymBtePR7mL2aa") retry_cnt=2
2026-05-20T12:40:23.396277Z ERROR iota_benchmark: Transaction failed with err: Rpc(Call(ErrorObject { code: ServerError(-32050), message: "Transaction timed out before reaching finality", data: None })) tx_digest=Digest("3LYfhqrNsQMp8wtNJkrpQh2ggHjMuQnEubriSi9DE6K7") retry_cnt=2
2026-05-20T12:40:23.397774Z ERROR iota_benchmark: Transaction failed with err: Rpc(Call(ErrorObject { code: ServerError(-32050), message: "Transaction timed out before reaching finality", data: None })) tx_digest=Digest("HymohQavpqjsKJej6vkL3kxKJ4VL9WaSuxSqJDT55hWE") retry_cnt=2
2026-05-20T12:40:23.398803Z ERROR iota_benchmark: Transaction failed with err: Rpc(Call(ErrorObject { code: ServerError(-32050), message: "Transaction timed out before reaching finality", data: None })) tx_digest=Digest("3iscGZn1x3aALnEAZ5i3p9BbYwgN85io9vRGNyLVYWZe") retry_cnt=2
2026-05-20T12:40:23.400604Z ERROR iota_benchmark: Transaction failed with err: Rpc(Call(ErrorObject { code: ServerError(-32050), message: "Transaction timed out before reaching finality", data: None })) tx_digest=Digest("BJkAqqQqyMQG6nSJ7D9jeoFToRMsw68DMtJDEV7RUU7C") retry_cnt=2
2026-05-20T12:40:23.403621Z ERROR iota_benchmark: Transaction failed with err: Rpc(Call(ErrorObject { code: ServerError(-32050), message: "Transaction timed out before reaching finality", data: None })) tx_digest=Digest("HsqC3cteZYg9rpDQGe85vBvrqSYunhVqqPHz4uCQPci1") retry_cnt=0
2026-05-20T12:40:23.407174Z ERROR iota_benchmark: Transaction failed with err: Rpc(Call(ErrorObject { code: ServerError(-32050), message: "Transaction timed out before reaching finality", data: None })) tx_digest=Digest("9N6nCupdmdiKw2zXB6afro5LPXVhebSw4Gzyh1Yxykoe") retry_cnt=0
2026-05-20T12:40:23.408986Z ERROR iota_benchmark: Transaction failed with err: Rpc(Call(ErrorObject { code: ServerError(-32050), message: "Transaction timed out before reaching finality", data: None })) tx_digest=Digest("GSjrgHkU5TLnUenbq7myVBtrWKWez6x1HHVbnGB7QXTh") retry_cnt=0
2026-05-20T12:40:23.411541Z ERROR iota_benchmark: Transaction failed with err: Rpc(Call(ErrorObject { code: ServerError(-32050), message: "Transaction timed out before reaching finality", data: None })) tx_digest=Digest("9LqW3bLu5PPq4kXHrQ7EiXqLvKGo5N3MEPRPmtxnmrwx") retry_cnt=0
2026-05-20T12:40:23.414988Z ERROR iota_benchmark: Transaction failed with err: Rpc(Call(ErrorObject { code: ServerError(-32050), message: "Transaction timed out before reaching finality", data: None })) tx_digest=Digest("C51wSrq6PA8Z8Cux8tSBsc4maFAGo9mnY3UNdSf6z3PY") retry_cnt=2
2026-05-20T12:40:23.416467Z ERROR iota_benchmark: Transaction failed with err: Rpc(Call(ErrorObject { code: ServerError(-32050), message: "Transaction timed out before reaching finality", data: None })) tx_digest=Digest("EcXbe7p9HZhbBHUm2d4sxcToFdq8C11xcTycrAkVq2Xa") retry_cnt=0
2026-05-20T12:40:23.437415Z ERROR iota_benchmark: Transaction failed with err: Rpc(Call(ErrorObject { code: ServerError(-32050), message: "Transaction timed out before reaching finality", data: None })) tx_digest=Digest("EbuGzKR6v6GXcNzUjv7QwnQw1WZJQhk53cGEeu7pBDWG") retry_cnt=2
2026-05-20T12:40:23.497499Z ERROR iota_benchmark: Transaction failed with err: Rpc(Call(ErrorObject { code: ServerError(-32050), message: "Transaction timed out before reaching finality", data: None })) tx_digest=Digest("EefviBQ11CwpccHNsHnjPPDAEW6G5eV7Q3j2bK3vQU6e") retry_cnt=0
2026-05-20T12:40:23.497664Z ERROR iota_benchmark: Transaction failed with err: Rpc(Call(ErrorObject { code: ServerError(-32050), message: "Transaction timed out before reaching finality", data: None })) tx_digest=Digest("3iTV6SMoVENAi4JU5XtmeFjfZivX4N7QpM7UzqmwqBf3") retry_cnt=0
2026-05-20T12:40:23.497683Z ERROR iota_benchmark: Transaction failed with err: Rpc(Call(ErrorObject { code: ServerError(-32050), message: "Transaction timed out before reaching finality", data: None })) tx_digest=Digest("2m123tVsL7QGTZrgMTnghVhyqeJyBCQqMNcHR7tXW9xq") retry_cnt=0
2026-05-20T12:40:23.497699Z ERROR iota_benchmark: Transaction failed with err: Rpc(Call(ErrorObject { code: ServerError(-32050), message: "Transaction timed out before reaching finality", data: None })) tx_digest=Digest("4siXdCTKBemtYw4xNHn4JE4Q1Jp5ENPMLd96YywsWTpT") retry_cnt=0
2026-05-20T12:40:23.497718Z ERROR iota_benchmark: Transaction failed with err: Rpc(Call(ErrorObject { code: ServerError(-32050), message: "Transaction timed out before reaching finality", data: None })) tx_digest=Digest("DyN1KeVh5kNdQvk98h6ikzkHo2exX3K3ZiWw1dJkxyNi") retry_cnt=0
2026-05-20T12:40:23.531890Z ERROR iota_benchmark: Transaction failed with err: Rpc(Call(ErrorObject { code: ServerError(-32050), message: "Transaction timed out before reaching finality", data: None })) tx_digest=Digest("7jWSKvMAobT8a3RQSkyAFzP8Pj1EwY8UvforRDm5W9dv") retry_cnt=0
2026-05-20T12:40:23.532024Z ERROR iota_benchmark: Transaction failed with err: Rpc(Call(ErrorObject { code: ServerError(-32050), message: "Transaction timed out before reaching finality", data: None })) tx_digest=Digest("HbZeXdYwZUSpiBSZtoYChQobH1nBFZr4iczLh2HC8Zv") retry_cnt=0
2026-05-20T12:40:23.533656Z ERROR iota_benchmark: Transaction failed with err: Rpc(Call(ErrorObject { code: ServerError(-32050), message: "Transaction timed out before reaching finality", data: None })) tx_digest=Digest("62E2ZYGcZ2XTXXz5HCW8Lw1qiK6KyKUMtFeUbXcirrMd") retry_cnt=0
2026-05-20T12:40:23.534769Z ERROR iota_benchmark: Transaction failed with err: Rpc(Call(ErrorObject { code: ServerError(-32050), message: "Transaction timed out before reaching finality", data: None })) tx_digest=Digest("HEBoVMXAsTq5P8uLXFaCBJrNHy2uQqgfnScpX271xrFY") retry_cnt=2
2026-05-20T12:40:23.545085Z ERROR iota_benchmark: Transaction failed with err: Rpc(Call(ErrorObject { code: ServerError(-32050), message: "Transaction timed out before reaching finality", data: None })) tx_digest=Digest("9qzEKn4n4X768JCAoitDe8j9VMupgtMuwExENJsTpuZc") retry_cnt=0
2026-05-20T12:40:23.545085Z ERROR iota_benchmark: Transaction failed with err: Rpc(Call(ErrorObject { code: ServerError(-32050), message: "Transaction timed out before reaching finality", data: None })) tx_digest=Digest("AD8Yk6rGrMoGQN8SyzTv4LneuPTKgb6tcqQeRji6HmZz") retry_cnt=0
2026-05-20T12:40:23.545197Z ERROR iota_benchmark: Transaction failed with err: Rpc(Call(ErrorObject { code: ServerError(-32050), message: "Transaction timed out before reaching finality", data: None })) tx_digest=Digest("C28NBgEgnLED6cn3saRKxaXiA5xHzHjeaY7EcL8HxVa6") retry_cnt=0
2026-05-20T12:40:23.584900Z ERROR iota_benchmark: Transaction failed with err: Rpc(Call(ErrorObject { code: ServerError(-32050), message: "Transaction timed out before reaching finality", data: None })) tx_digest=Digest("6CE1UV5eTEzTQWstvAzPHmfdg9Sm1KTipLmCaLn5X7iR") retry_cnt=0
2026-05-20T12:40:23.584900Z ERROR iota_benchmark: Transaction failed with err: Rpc(Call(ErrorObject { code: ServerError(-32050), message: "Transaction timed out before reaching finality", data: None })) tx_digest=Digest("GyAs6sJeh2SprFpfTYkLgxZUaQgrqH2jQJvWLYZU4Tii") retry_cnt=0
2026-05-20T12:40:23.584919Z ERROR iota_benchmark: Transaction failed with err: Rpc(Call(ErrorObject { code: ServerError(-32050), message: "Transaction timed out before reaching finality", data: None })) tx_digest=Digest("5Rzk3PAVJT7Qev3zCojzCueBVXzEwU5PruQ7ydM2nRUw") retry_cnt=0
2026-05-20T12:40:23.584946Z ERROR iota_benchmark: Transaction failed with err: Rpc(Call(ErrorObject { code: ServerError(-32050), message: "Transaction timed out before reaching finality", data: None })) tx_digest=Digest("Hb1e2moe2zyJmzoJFy8thWMbRBoqsWPHeD8VsiCL71BV") retry_cnt=0
2026-05-20T12:40:23.584962Z ERROR iota_benchmark: Transaction failed with err: Rpc(Call(ErrorObject { code: ServerError(-32050), message: "Transaction timed out before reaching finality", data: None })) tx_digest=Digest("3vp37EXYPjkgm7R1qkoWeUMt9r6M2VQSoivxMuSMXLCD") retry_cnt=0
2026-05-20T12:40:23.584988Z ERROR iota_benchmark: Transaction failed with err: Rpc(Call(ErrorObject { code: ServerError(-32050), message: "Transaction timed out before reaching finality", data: None })) tx_digest=Digest("BWKJUa4KejFhsgXE5q4ZUQ54wNPA456SvkdHdGaLWGyw") retry_cnt=2
2026-05-20T12:40:23.585009Z ERROR iota_benchmark: Transaction failed with err: Rpc(Call(ErrorObject { code: ServerError(-32050), message: "Transaction timed out before reaching finality", data: None })) tx_digest=Digest("9jxG8uZHr3p9CAaC3b2gDnSCKSP1194y6s4g5vwTUNij") retry_cnt=0
2026-05-20T12:40:23.585018Z ERROR iota_benchmark: Transaction failed with err: Rpc(Call(ErrorObject { code: ServerError(-32050), message: "Transaction timed out before reaching finality", data: None })) tx_digest=Digest("E5seDNHxkihMQrPuHYbs9Z4mANRckeprUeQ6X8cLwUyz") retry_cnt=2
2026-05-20T12:40:23.635878Z ERROR iota_benchmark: Transaction failed with err: Rpc(Call(ErrorObject { code: ServerError(-32050), message: "Transaction timed out before reaching finality", data: None })) tx_digest=Digest("FeMyKYbEygvdQ3V7p8GK3S4AuZkUSzaVoRW23G4i2sKL") retry_cnt=0
2026-05-20T12:40:23.635889Z ERROR iota_benchmark: Transaction failed with err: Rpc(Call(ErrorObject { code: ServerError(-32050), message: "Transaction timed out before reaching finality", data: None })) tx_digest=Digest("BbyCHA8zohZ2Q1zX1X2bD3m6md7W93rGtQDF6veNuSLN") retry_cnt=0
2026-05-20T12:40:23.635894Z ERROR iota_benchmark: Transaction failed with err: Rpc(Call(ErrorObject { code: ServerError(-32050), message: "Transaction timed out before reaching finality", data: None })) tx_digest=Digest("85n72RihpGDxhCGiGA2LjgvgVfJ375gXgZtucnP6Z5Vu") retry_cnt=0
2026-05-20T12:40:23.635908Z ERROR iota_benchmark: Transaction failed with err: Rpc(Call(ErrorObject { code: ServerError(-32050), message: "Transaction timed out before reaching finality", data: None })) tx_digest=Digest("4WTRThAffuhxdA8Z3A84Ttxf5mjuu113qUdq5KWnebkC") retry_cnt=0
2026-05-20T12:40:23.635946Z ERROR iota_benchmark: Transaction failed with err: Rpc(Call(ErrorObject { code: ServerError(-32050), message: "Transaction timed out before reaching finality", data: None })) tx_digest=Digest("8oPPeyWsPAJLbxE2kDnL2FiSe3N46mN4SK1oUpvmTuHq") retry_cnt=2
2026-05-20T12:40:23.635956Z ERROR iota_benchmark: Transaction failed with err: Rpc(Call(ErrorObject { code: ServerError(-32050), message: "Transaction timed out before reaching finality", data: None })) tx_digest=Digest("84F9buquXkMY6VhkPkAeTZG6MUgGb1RvGeNJ9eyrQggt") retry_cnt=0
2026-05-20T12:40:23.635995Z ERROR iota_benchmark: Transaction failed with err: Rpc(Call(ErrorObject { code: ServerError(-32050), message: "Transaction timed out before reaching finality", data: None })) tx_digest=Digest("9wKwkcAyi2hbCrM2MqgsgRc5w2hpL4FzBzj2Vsf7T9t3") retry_cnt=0
2026-05-20T12:40:23.685762Z ERROR iota_benchmark: Transaction failed with err: Rpc(Call(ErrorObject { code: ServerError(-32050), message: "Transaction timed out before reaching finality", data: None })) tx_digest=Digest("EZbLVQ8W9LnHjLuLAoxhkGffzCqgD4jjmFdpuhy8YMaB") retry_cnt=0
2026-05-20T12:40:23.685770Z ERROR iota_benchmark: Transaction failed with err: Rpc(Call(ErrorObject { code: ServerError(-32050), message: "Transaction timed out before reaching finality", data: None })) tx_digest=Digest("61QVc9DGh5hpi7pvZBauTh7wMGaGgSqRqTmHakZE5JTN") retry_cnt=2
2026-05-20T12:40:23.685775Z ERROR iota_benchmark: Transaction failed with err: Rpc(Call(ErrorObject { code: ServerError(-32050), message: "Transaction timed out before reaching finality", data: None })) tx_digest=Digest("FHjy16WSwwF4oR2kuF44pWbna9YJhXkcDnx6LpoTCtxA") retry_cnt=0
2026-05-20T12:40:23.686131Z ERROR iota_benchmark: Transaction failed with err: Rpc(Call(ErrorObject { code: ServerError(-32050), message: "Transaction timed out before reaching finality", data: None })) tx_digest=Digest("A4sYnJNU8PYEux3pjAKdUi9YiCmbe9PrWZnyDVTdYyAw") retry_cnt=2
2026-05-20T12:40:23.746582Z ERROR iota_benchmark: Transaction failed with err: Rpc(Call(ErrorObject { code: ServerError(-32050), message: "Transaction timed out before reaching finality", data: None })) tx_digest=Digest("4uKKHSfmbAfPfRuDzeU5ZLTzG1qJtTN3pfD3oQYAhmEF") retry_cnt=0
2026-05-20T12:40:23.746689Z ERROR iota_benchmark: Transaction failed with err: Rpc(Call(ErrorObject { code: ServerError(-32050), message: "Transaction timed out before reaching finality", data: None })) tx_digest=Digest("CVurBqDV4T6teHZS5XHgxN4GUA7fBu4MEAcdQQh7V11Y") retry_cnt=0
2026-05-20T12:40:23.751444Z ERROR iota_benchmark: Transaction failed with err: Rpc(Call(ErrorObject { code: ServerError(-32050), message: "Transaction timed out before reaching finality", data: None })) tx_digest=Digest("Gi6GnLqKtGCMt8oAjzuGmuotxykpXFcCFumUVdjX4ito") retry_cnt=0
2026-05-20T12:40:23.751593Z ERROR iota_benchmark: Transaction failed with err: Rpc(Call(ErrorObject { code: ServerError(-32050), message: "Transaction timed out before reaching finality", data: None })) tx_digest=Digest("HDdExQz4FsdMVhpn7oVGi9nanYgGpi7Euo9Pf9UYCqjW") retry_cnt=2
2026-05-20T12:40:23.752649Z ERROR iota_benchmark: Transaction failed with err: Rpc(Call(ErrorObject { code: ServerError(-32050), message: "Transaction timed out before reaching finality", data: None })) tx_digest=Digest("CKFD7X5gQW9Z7ipC9RFSpxp9kmhjLaqBwEFnWrTLYthP") retry_cnt=0
2026-05-20T12:40:23.807987Z ERROR iota_benchmark: Transaction failed with err: Rpc(Call(ErrorObject { code: ServerError(-32050), message: "Transaction timed out before reaching finality", data: None })) tx_digest=Digest("Bg1ZLBGbsac7KkaR7GYXB82rQLBV8iDRn9ULUQoCf18o") retry_cnt=0
2026-05-20T12:40:23.807987Z ERROR iota_benchmark: Transaction failed with err: Rpc(Call(ErrorObject { code: ServerError(-32050), message: "Transaction timed out before reaching finality", data: None })) tx_digest=Digest("2d2J67MJnuFdadkggdeb6RvgdNsjMpBoid6yK8iGfuGG") retry_cnt=0
2026-05-20T12:40:23.807999Z ERROR iota_benchmark: Transaction failed with err: Rpc(Call(ErrorObject { code: ServerError(-32050), message: "Transaction timed out before reaching finality", data: None })) tx_digest=Digest("6rinx9D52GUivE3cHGyQCdQntX5bNYGXPsstThNoE1Kh") retry_cnt=0
2026-05-20T12:40:23.808047Z ERROR iota_benchmark: Transaction failed with err: Rpc(Call(ErrorObject { code: ServerError(-32050), message: "Transaction timed out before reaching finality", data: None })) tx_digest=Digest("3rvoK2pLE82AZmJCh6n1HrUuP7zXu8SZH5sNrBnQJbJt") retry_cnt=0
2026-05-20T12:40:23.858590Z ERROR iota_benchmark: Transaction failed with err: Rpc(Call(ErrorObject { code: ServerError(-32050), message: "Transaction timed out before reaching finality", data: None })) tx_digest=Digest("7Uyc1NszrgrfR6nzGNXeMaE8CHxtZy2QdGTtrvMDgs3W") retry_cnt=2
2026-05-20T12:40:23.858715Z ERROR iota_benchmark: Transaction failed with err: Rpc(Call(ErrorObject { code: ServerError(-32050), message: "Transaction timed out before reaching finality", data: None })) tx_digest=Digest("HG9EJsYPgXBZH5kywofcHLKAoTEjRibeVi2C1wgDR5CY") retry_cnt=0
2026-05-20T12:40:23.858812Z ERROR iota_benchmark: Transaction failed with err: Rpc(Call(ErrorObject { code: ServerError(-32050), message: "Transaction timed out before reaching finality", data: None })) tx_digest=Digest("HPfxn1Ac3TygmayRgUc9xi3cFHGch1VTKfuX3ToWkW6X") retry_cnt=2
2026-05-20T12:40:23.858850Z ERROR iota_benchmark: Transaction failed with err: Rpc(Call(ErrorObject { code: ServerError(-32050), message: "Transaction timed out before reaching finality", data: None })) tx_digest=Digest("6ARbroqD5cUYn8RKpSY8JYrN4Up3XjFPhVsxvFq8S8Mv") retry_cnt=2
2026-05-20T12:40:23.905423Z ERROR iota_benchmark: Transaction failed with err: Rpc(Call(ErrorObject { code: ServerError(-32050), message: "Transaction timed out before reaching finality", data: None })) tx_digest=Digest("F546FXVQCASDW6deqdQuP2mJeX5uxfoEAEGEjZCptW2B") retry_cnt=0
2026-05-20T12:40:23.905546Z ERROR iota_benchmark: Transaction failed with err: Rpc(Call(ErrorObject { code: ServerError(-32050), message: "Transaction timed out before reaching finality", data: None })) tx_digest=Digest("CVHRoh1xX7qbK21sSnJwU874jRNaH19r3G9RfvUmPeGe") retry_cnt=0
2026-05-20T12:40:23.906329Z ERROR iota_benchmark: Transaction failed with err: Rpc(Call(ErrorObject { code: ServerError(-32050), message: "Transaction timed out before reaching finality", data: None })) tx_digest=Digest("8vJgZCWWhoYUcyYNLgGvxeeRxXeBNLuMGdWXXhWkV5gz") retry_cnt=2
2026-05-20T12:40:23.906328Z ERROR iota_benchmark: Transaction failed with err: Rpc(Call(ErrorObject { code: ServerError(-32050), message: "Transaction timed out before reaching finality", data: None })) tx_digest=Digest("7yXgTDPPSSzerrkAFPzr26aKirur4dDW3mihc1FxCkkT") retry_cnt=0
2026-05-20T12:40:23.906372Z ERROR iota_benchmark: Transaction failed with err: Rpc(Call(ErrorObject { code: ServerError(-32050), message: "Transaction timed out before reaching finality", data: None })) tx_digest=Digest("7qCANUeWEMQNyc7NrJysts74HPC4ECPcDaXZS8K43KRB") retry_cnt=0
2026-05-20T12:40:23.906662Z ERROR iota_benchmark: Transaction failed with err: Rpc(Call(ErrorObject { code: ServerError(-32050), message: "Transaction timed out before reaching finality", data: None })) tx_digest=Digest("41cH4RdNnFGQ8aLUSttcNgdQCfnbFLVkzWocSBFTXSXg") retry_cnt=0
2026-05-20T12:40:24.053473Z ERROR iota_benchmark: Transaction failed with err: Rpc(Call(ErrorObject { code: ServerError(-32050), message: "Transaction timed out before reaching finality", data: None })) tx_digest=Digest("8gtpeMUvQLXLBUbhJpXDSduUXBUnTCZo3jPBx1yFz6A1") retry_cnt=0
2026-05-20T12:40:24.072992Z ERROR iota_benchmark: Transaction failed with err: Rpc(Call(ErrorObject { code: ServerError(-32050), message: "Transaction timed out before reaching finality", data: None })) tx_digest=Digest("2img9fVLDBMTpMDsk8Zk1kn9dYD4tZxMHEXLnQthbH1M") retry_cnt=0
2026-05-20T12:40:24.164913Z ERROR iota_benchmark: Transaction failed with err: Rpc(Call(ErrorObject { code: ServerError(-32050), message: "Transaction timed out before reaching finality", data: None })) tx_digest=Digest("542aRvRNyEKAmKpy5g3GbAhTz7eSz7eMTNxGkseW5Tmt") retry_cnt=2
2026-05-20T12:40:24.165542Z ERROR iota_benchmark: Transaction failed with err: Rpc(Call(ErrorObject { code: ServerError(-32050), message: "Transaction timed out before reaching finality", data: None })) tx_digest=Digest("CjzBJ7hZpo9uDSxKm41vwyPMJs9EZpBCrGqLaiYPATXN") retry_cnt=0
2026-05-20T12:40:24.243393Z ERROR iota_benchmark: Transaction failed with err: Rpc(Call(ErrorObject { code: ServerError(-32050), message: "Transaction timed out before reaching finality", data: None })) tx_digest=Digest("57uwc4cxCqijWmYZfrXPLYWohnA5DUq3VNET2WpGm6vN") retry_cnt=2
2026-05-20T12:40:24.292768Z ERROR iota_benchmark: Transaction failed with err: Rpc(Call(ErrorObject { code: ServerError(-32050), message: "Transaction timed out before reaching finality", data: None })) tx_digest=Digest("FPRyM3Nb5uS6oNUSwJ6FE4QaJdvkoUfQniVqagz3Qtzf") retry_cnt=0
2026-05-20T12:40:24.315389Z ERROR iota_benchmark: Transaction failed with err: Rpc(Call(ErrorObject { code: ServerError(-32050), message: "Transaction timed out before reaching finality", data: None })) tx_digest=Digest("HE5G1s4AVdxXzP9Jd2WJbgUf1LGEpLD9uMLeXi3Ak5F7") retry_cnt=0
2026-05-20T12:40:24.373232Z ERROR iota_benchmark: Transaction failed with err: Rpc(Call(ErrorObject { code: ServerError(-32050), message: "Transaction timed out before reaching finality", data: None })) tx_digest=Digest("Gyco4DydNw8KVDyDsr2fdtc4vwdZH11q14MwCLKmCmKK") retry_cnt=2
2026-05-20T12:40:24.399161Z ERROR iota_benchmark: Transaction failed with err: Rpc(Call(ErrorObject { code: ServerError(-32050), message: "Transaction timed out before reaching finality", data: None })) tx_digest=Digest("Cxs1prWroP7978WtP5LNyp5tCssfizXdPSEys5yqryxs") retry_cnt=0
2026-05-20T12:40:24.450996Z ERROR iota_benchmark: Transaction failed with err: Rpc(Call(ErrorObject { code: ServerError(-32050), message: "Transaction timed out before reaching finality", data: None })) tx_digest=Digest("J7drDvVm7wAnQfXARpMuWEzJsHeoAhATH7YnPCJSEJe1") retry_cnt=0
2026-05-20T12:40:24.570258Z ERROR iota_benchmark: Transaction failed with err: Rpc(Call(ErrorObject { code: ServerError(-32050), message: "Transaction timed out before reaching finality", data: None })) tx_digest=Digest("GRqpiNrb8inHMCgk9R2szTr7J1fysL5TqMPztw4XCpzr") retry_cnt=0
2026-05-20T12:40:24.570252Z ERROR iota_benchmark: Transaction failed with err: Rpc(Call(ErrorObject { code: ServerError(-32050), message: "Transaction timed out before reaching finality", data: None })) tx_digest=Digest("By41DDBZcGJ2Fmwbct32bh77ipLKB2BxcAaX2dT4zZXj") retry_cnt=0
2026-05-20T12:40:24.570302Z ERROR iota_benchmark: Transaction failed with err: Rpc(Call(ErrorObject { code: ServerError(-32050), message: "Transaction timed out before reaching finality", data: None })) tx_digest=Digest("XGPGNE9G1ghW4X8PEsDfx8Ky4bMaUutzXTRGwes1vjc") retry_cnt=2
2026-05-20T12:40:24.604153Z ERROR iota_benchmark: Transaction failed with err: Rpc(Call(ErrorObject { code: ServerError(-32050), message: "Transaction timed out before reaching finality", data: None })) tx_digest=Digest("3YL7wfFECj3s6gN9Uq4HboFUNCkYg7xYGRn8AyxoGtye") retry_cnt=0
2026-05-20T12:40:24.604237Z ERROR iota_benchmark: Transaction failed with err: Rpc(Call(ErrorObject { code: ServerError(-32050), message: "Transaction timed out before reaching finality", data: None })) tx_digest=Digest("GEESRtBAA41mjxzaHW2NKHVdwUDEcnc4wzmZY7FsEhjJ") retry_cnt=0
2026-05-20T12:40:24.604243Z ERROR iota_benchmark: Transaction failed with err: Rpc(Call(ErrorObject { code: ServerError(-32050), message: "Transaction timed out before reaching finality", data: None })) tx_digest=Digest("F3N4hjsFSErWCLJqG8zk1xY1eGmWx15Ku36SF7fT3QTu") retry_cnt=0
2026-05-20T12:40:24.604437Z ERROR iota_benchmark: Transaction failed with err: Rpc(Call(ErrorObject { code: ServerError(-32050), message: "Transaction timed out before reaching finality", data: None })) tx_digest=Digest("YTxGwN9j5xfLG1K3XNkN1t3398suLdr5uPsasnkVgVK") retry_cnt=0
2026-05-20T12:40:24.652810Z ERROR iota_benchmark: Transaction failed with err: Rpc(Call(ErrorObject { code: ServerError(-32050), message: "Transaction timed out before reaching finality", data: None })) tx_digest=Digest("E7sjSUza7STamWWBnfx6YheZnDhhQmHARytwJ89JD4eL") retry_cnt=0
2026-05-20T12:40:24.652822Z ERROR iota_benchmark: Transaction failed with err: Rpc(Call(ErrorObject { code: ServerError(-32050), message: "Transaction timed out before reaching finality", data: None })) tx_digest=Digest("DxQSfQNYHnJTCZSigm5gv1Q55K6veagPdXSCzcyL2h4N") retry_cnt=2
2026-05-20T12:40:24.658876Z ERROR iota_benchmark: Transaction failed with err: Rpc(Call(ErrorObject { code: ServerError(-32050), message: "Transaction timed out before reaching finality", data: None })) tx_digest=Digest("3kbZBkRAvtuLskMcfaUkgC4dF1oXBS5rAmoqrKtzz2sM") retry_cnt=0
2026-05-20T12:40:24.703224Z ERROR iota_benchmark: Transaction failed with err: Rpc(Call(ErrorObject { code: ServerError(-32050), message: "Transaction timed out before reaching finality", data: None })) tx_digest=Digest("HTTRBcPr8VhKUWKeMPBwythd1Hg1tazSmgBwtxAnSkEC") retry_cnt=0
2026-05-20T12:40:24.764912Z ERROR iota_benchmark: Transaction failed with err: Rpc(Call(ErrorObject { code: ServerError(-32050), message: "Transaction timed out before reaching finality", data: None })) tx_digest=Digest("DceJCRj5q82372XjcgUiLbo5AD1YDm3TYk9yRa2VXMX6") retry_cnt=2
2026-05-20T12:40:24.764985Z ERROR iota_benchmark: Transaction failed with err: Rpc(Call(ErrorObject { code: ServerError(-32050), message: "Transaction timed out before reaching finality", data: None })) tx_digest=Digest("BYLjYbtRVL5BRimQ2duxGLxb5WB6HP5wa9zVK1aUTFz3") retry_cnt=0
2026-05-20T12:40:24.819094Z ERROR iota_benchmark: Transaction failed with err: Rpc(Call(ErrorObject { code: ServerError(-32050), message: "Transaction timed out before reaching finality", data: None })) tx_digest=Digest("3qxcCFSUV5EiGate6xqMDMV1TZFD8z7QgQqeCZw2ghQ4") retry_cnt=0
2026-05-20T12:40:24.857500Z ERROR iota_benchmark: Transaction failed with err: Rpc(Call(ErrorObject { code: ServerError(-32050), message: "Transaction timed out before reaching finality", data: None })) tx_digest=Digest("8EKtmbvJBR3MvU2mGCGCf1Vmu7RJWhPiATECvkG2WCjZ") retry_cnt=0
2026-05-20T12:40:24.860735Z ERROR iota_benchmark: Transaction failed with err: Rpc(Call(ErrorObject { code: ServerError(-32050), message: "Transaction timed out before reaching finality", data: None })) tx_digest=Digest("DkaT3CTSNJowJvVdj2pdWcAH2WaZ9TtxQuBgqkmLEnYL") retry_cnt=2
2026-05-20T12:40:24.890907Z ERROR iota_benchmark: Transaction failed with err: Rpc(Call(ErrorObject { code: ServerError(-32050), message: "Transaction timed out before reaching finality", data: None })) tx_digest=Digest("3GSC22Gb1WrcrFKUcENEKLd4X67typ7tMjBCs9A5G3U9") retry_cnt=0
2026-05-20T12:40:24.891039Z ERROR iota_benchmark: Transaction failed with err: Rpc(Call(ErrorObject { code: ServerError(-32050), message: "Transaction timed out before reaching finality", data: None })) tx_digest=Digest("EPheGyVmzV8zdLTwW7SyFQoAx1jV3zz77dGxssfjKyjd") retry_cnt=0
2026-05-20T12:40:24.930633Z ERROR iota_benchmark: Transaction failed with err: Rpc(Call(ErrorObject { code: ServerError(-32050), message: "Transaction timed out before reaching finality", data: None })) tx_digest=Digest("ERhhAdMxCxMT4XLrVVZzHXHwjb4UoUrDTwBZywMmWYt7") retry_cnt=2
2026-05-20T12:40:25.002724Z ERROR iota_benchmark: Transaction failed with err: Rpc(Call(ErrorObject { code: ServerError(-32050), message: "Transaction timed out before reaching finality", data: None })) tx_digest=Digest("21U8xjyzgCW2dWeo1Sa7Npif248nd72zArEQ813iHeRz") retry_cnt=0
2026-05-20T12:40:25.076786Z ERROR iota_benchmark: Transaction failed with err: Rpc(Call(ErrorObject { code: ServerError(-32050), message: "Transaction timed out before reaching finality", data: None })) tx_digest=Digest("AkpjPTFBvjGx7K53Nw69xCUjsuVAfGhNqR6SmfQDWQBM") retry_cnt=0
2026-05-20T12:40:25.076920Z ERROR iota_benchmark: Transaction failed with err: Rpc(Call(ErrorObject { code: ServerError(-32050), message: "Transaction timed out before reaching finality", data: None })) tx_digest=Digest("ByddCn8zF65B5k5Eztj3LVhm4kyhAGXKsQ5v8nx93HpH") retry_cnt=2
2026-05-20T12:40:25.076998Z ERROR iota_benchmark: Transaction failed with err: Rpc(Call(ErrorObject { code: ServerError(-32050), message: "Transaction timed out before reaching finality", data: None })) tx_digest=Digest("7tH5zTXfYoPBiA1rdp9qthceoXSFLDTucfLLvr1o12jH") retry_cnt=0
2026-05-20T12:40:25.077176Z ERROR iota_benchmark: Transaction failed with err: Rpc(Call(ErrorObject { code: ServerError(-32050), message: "Transaction timed out before reaching finality", data: None })) tx_digest=Digest("DhjtXmKrup4KTCUMDxiYPtgz9hYMnuyDit6f6cj3iuJF") retry_cnt=0
2026-05-20T12:40:25.077250Z ERROR iota_benchmark: Transaction failed with err: Rpc(Call(ErrorObject { code: ServerError(-32050), message: "Transaction timed out before reaching finality", data: None })) tx_digest=Digest("7mgjND9xrSGLjXnCY94M3mWTrdLjfZ54nyX4xFzv55Ya") retry_cnt=0
2026-05-20T12:40:25.077401Z ERROR iota_benchmark: Transaction failed with err: Rpc(Call(ErrorObject { code: ServerError(-32050), message: "Transaction timed out before reaching finality", data: None })) tx_digest=Digest("4pjAnnYm7QeSVXeNPrSgTG24UUD1zC13uiDdJdkCYCdN") retry_cnt=0
2026-05-20T12:40:25.129767Z ERROR iota_benchmark: Transaction failed with err: Rpc(Call(ErrorObject { code: ServerError(-32050), message: "Transaction timed out before reaching finality", data: None })) tx_digest=Digest("2n8W9VJEcMtPcTbwrNLzqVfPDVJdBmFwK1G1ecAzEyka") retry_cnt=2
2026-05-20T12:40:25.129767Z ERROR iota_benchmark: Transaction failed with err: Rpc(Call(ErrorObject { code: ServerError(-32050), message: "Transaction timed out before reaching finality", data: None })) tx_digest=Digest("VmWCho1TtWWeWLNPqugC5fz1STBRxCDnFFLBhecRLpc") retry_cnt=2
2026-05-20T12:40:25.129839Z ERROR iota_benchmark: Transaction failed with err: Rpc(Call(ErrorObject { code: ServerError(-32050), message: "Transaction timed out before reaching finality", data: None })) tx_digest=Digest("7U6qfBc12beEJZir7yqyRu2MbTejcUAgY3VxXr9PKMTf") retry_cnt=0
2026-05-20T12:40:25.130073Z ERROR iota_benchmark: Transaction failed with err: Rpc(Call(ErrorObject { code: ServerError(-32050), message: "Transaction timed out before reaching finality", data: None })) tx_digest=Digest("4ds7W6xAnfKmbHFnNg4rcWMFAj6CgPHZXVdAJ9Lrkr1B") retry_cnt=0
2026-05-20T12:40:25.158774Z ERROR iota_benchmark: Transaction failed with err: Rpc(Call(ErrorObject { code: ServerError(-32050), message: "Transaction timed out before reaching finality", data: None })) tx_digest=Digest("6oaNgDRLwtr8bfRjuQhRiNDAfQyivBJpUee5tv5X6HnL") retry_cnt=2
2026-05-20T12:40:25.158791Z ERROR iota_benchmark: Transaction failed with err: Rpc(Call(ErrorObject { code: ServerError(-32050), message: "Transaction timed out before reaching finality", data: None })) tx_digest=Digest("DYB3TxtYXuoSTNLXi4RhNn1L7Nf3QDgvyRUpNYpfcsc9") retry_cnt=0
2026-05-20T12:40:25.158802Z ERROR iota_benchmark: Transaction failed with err: Rpc(Call(ErrorObject { code: ServerError(-32050), message: "Transaction timed out before reaching finality", data: None })) tx_digest=Digest("CZDnbdv19M2EhZCwTGFLFhdGJ5M55A7coRHBkTqqkHaP") retry_cnt=2
2026-05-20T12:40:25.158813Z ERROR iota_benchmark: Transaction failed with err: Rpc(Call(ErrorObject { code: ServerError(-32050), message: "Transaction timed out before reaching finality", data: None })) tx_digest=Digest("87HUb6YJeQ5tQqPPEsNbwZ297c2DGwwxx2XhgmzK79W8") retry_cnt=0
2026-05-20T12:40:25.159171Z ERROR iota_benchmark: Transaction failed with err: Rpc(Call(ErrorObject { code: ServerError(-32050), message: "Transaction timed out before reaching finality", data: None })) tx_digest=Digest("HXLHTgdE59QsvcXDfDa2fcRJdkKSFvYSW3yZ3u3fFoG4") retry_cnt=2
2026-05-20T12:40:25.160110Z ERROR iota_benchmark: Transaction failed with err: Rpc(Call(ErrorObject { code: ServerError(-32050), message: "Transaction timed out before reaching finality", data: None })) tx_digest=Digest("88WNJT8dV3Ue69WZeRxNTSHGKwM8cLjhTy6oNfHai8im") retry_cnt=2
2026-05-20T12:40:25.161812Z ERROR iota_benchmark: Transaction failed with err: Rpc(Call(ErrorObject { code: ServerError(-32050), message: "Transaction timed out before reaching finality", data: None })) tx_digest=Digest("CVMTbKGrtyhve46P9FJ61T4PDVfMQrTRfv5E3AoM7JR4") retry_cnt=0
2026-05-20T12:40:25.163681Z ERROR iota_benchmark: Transaction failed with err: Rpc(Call(ErrorObject { code: ServerError(-32050), message: "Transaction timed out before reaching finality", data: None })) tx_digest=Digest("H1iMRJy8rBaYkr4LmwxtB8ChtyfUBB4FzjVVRFo2TnE1") retry_cnt=0
2026-05-20T12:40:25.166053Z ERROR iota_benchmark: Transaction failed with err: Rpc(Call(ErrorObject { code: ServerError(-32050), message: "Transaction timed out before reaching finality", data: None })) tx_digest=Digest("HMEUtpcCFrC8JrfYwFzic3Lp1zGbd7Bjk5D4ffNWUEDp") retry_cnt=0
2026-05-20T12:40:25.167449Z ERROR iota_benchmark: Transaction failed with err: Rpc(Call(ErrorObject { code: ServerError(-32050), message: "Transaction timed out before reaching finality", data: None })) tx_digest=Digest("Az9iAH4PEvD8boLnFUm4qB37FrhVNca67cDhFnw8BD1E") retry_cnt=2
2026-05-20T12:40:25.168031Z ERROR iota_benchmark: Transaction failed with err: Rpc(Call(ErrorObject { code: ServerError(-32050), message: "Transaction timed out before reaching finality", data: None })) tx_digest=Digest("4v84h5bGscbxWFXJxX37i63Ne1ygKLcTEPSjkRvvpjUR") retry_cnt=2
2026-05-20T12:40:25.168303Z ERROR iota_benchmark: Transaction failed with err: Rpc(Call(ErrorObject { code: ServerError(-32050), message: "Transaction timed out before reaching finality", data: None })) tx_digest=Digest("5cxJQQJqo4J4yM6G8fvTNTogwJJQdYNmrJhfEk5DtjqQ") retry_cnt=2
2026-05-20T12:40:25.168918Z ERROR iota_benchmark: Transaction failed with err: Rpc(Call(ErrorObject { code: ServerError(-32050), message: "Transaction timed out before reaching finality", data: None })) tx_digest=Digest("eKYQ43HQnzFHr3hyHhan2hij16651XD3i8R98Nd9BEa") retry_cnt=0
2026-05-20T12:40:25.169572Z ERROR iota_benchmark: Transaction failed with err: Rpc(Call(ErrorObject { code: ServerError(-32050), message: "Transaction timed out before reaching finality", data: None })) tx_digest=Digest("3JFe5tm65x9jSPPB66VK9iXtwa97QH2TFL4Lz9rvdZrf") retry_cnt=2
2026-05-20T12:40:25.169838Z ERROR iota_benchmark: Transaction failed with err: Rpc(Call(ErrorObject { code: ServerError(-32050), message: "Transaction timed out before reaching finality", data: None })) tx_digest=Digest("41ZmxKosYkywg6j3etaLaPmD1BthtdwDn6z2D5K61trY") retry_cnt=2
2026-05-20T12:40:25.172942Z ERROR iota_benchmark: Transaction failed with err: Rpc(Call(ErrorObject { code: ServerError(-32050), message: "Transaction timed out before reaching finality", data: None })) tx_digest=Digest("2yf9TCYW3EheRDweMWAF7h8GoazxTo2AgAyAuca4EfC2") retry_cnt=0
2026-05-20T12:40:25.173289Z ERROR iota_benchmark: Transaction failed with err: Rpc(Call(ErrorObject { code: ServerError(-32050), message: "Transaction timed out before reaching finality", data: None })) tx_digest=Digest("FF87ojbDcSt9GrT7Z21fjXGhPQLi3KMqiqTH4zseeHdt") retry_cnt=2
2026-05-20T12:40:25.174415Z ERROR iota_benchmark: Transaction failed with err: Rpc(Call(ErrorObject { code: ServerError(-32050), message: "Transaction timed out before reaching finality", data: None })) tx_digest=Digest("FKv61AUFRrhio3jasPhSTWTLqj65Xgi3vrTuVme9p8jg") retry_cnt=0
2026-05-20T12:40:25.176601Z ERROR iota_benchmark: Transaction failed with err: Rpc(Call(ErrorObject { code: ServerError(-32050), message: "Transaction timed out before reaching finality", data: None })) tx_digest=Digest("Gc4s7Pz1PpgGzqKLqJKnppLg2SAxPPZqN9KCZRE6NE24") retry_cnt=2
2026-05-20T12:40:25.176951Z ERROR iota_benchmark: Transaction failed with err: Rpc(Call(ErrorObject { code: ServerError(-32050), message: "Transaction timed out before reaching finality", data: None })) tx_digest=Digest("xpsuMBubMPHeyzgRrUguGJg57JgYttfrYzBQNK8nM49") retry_cnt=2
2026-05-20T12:40:25.178250Z ERROR iota_benchmark: Transaction failed with err: Rpc(Call(ErrorObject { code: ServerError(-32050), message: "Transaction timed out before reaching finality", data: None })) tx_digest=Digest("hDCyHG7jSPcAxSkVtrAAhU7hSq7psYvaLhjv4XPRQFU") retry_cnt=2
2026-05-20T12:40:25.178939Z ERROR iota_benchmark: Transaction failed with err: Rpc(Call(ErrorObject { code: ServerError(-32050), message: "Transaction timed out before reaching finality", data: None })) tx_digest=Digest("5AD75BuCrrKLESB2xX5ccW1833pRCt4eBArDjS6FVx99") retry_cnt=2
2026-05-20T12:40:25.179640Z ERROR iota_benchmark: Transaction failed with err: Rpc(Call(ErrorObject { code: ServerError(-32050), message: "Transaction timed out before reaching finality", data: None })) tx_digest=Digest("D1L91gcEiiF24gC6kJcPwTL8xUfMMHdownJCkqhZkQwm") retry_cnt=2
2026-05-20T12:40:25.180099Z ERROR iota_benchmark: Transaction failed with err: Rpc(Call(ErrorObject { code: ServerError(-32050), message: "Transaction timed out before reaching finality", data: None })) tx_digest=Digest("3reNFbn9nAmZkpaiLcqtf488sNg5RXUjExmcQyTnUzHD") retry_cnt=0
2026-05-20T12:40:25.180168Z ERROR iota_benchmark: Transaction failed with err: Rpc(Call(ErrorObject { code: ServerError(-32050), message: "Transaction timed out before reaching finality", data: None })) tx_digest=Digest("9Xk84eaJhtvgEsF7oFHM6TzT2nF9gAAE5qMVoJ4smt7p") retry_cnt=0
2026-05-20T12:40:25.182508Z ERROR iota_benchmark: Transaction failed with err: Rpc(Call(ErrorObject { code: ServerError(-32050), message: "Transaction timed out before reaching finality", data: None })) tx_digest=Digest("5wujEGdTDxZuoHSc9taiPwccxAyWYvsmrtPi4zCzhGSu") retry_cnt=0
2026-05-20T12:40:25.182698Z ERROR iota_benchmark: Transaction failed with err: Rpc(Call(ErrorObject { code: ServerError(-32050), message: "Transaction timed out before reaching finality", data: None })) tx_digest=Digest("AB2pA8vHNjdjiZvpXrR9gXjiu8DnuaYw84LaPUN1R7DR") retry_cnt=2
2026-05-20T12:40:25.182884Z ERROR iota_benchmark: Transaction failed with err: Rpc(Call(ErrorObject { code: ServerError(-32050), message: "Transaction timed out before reaching finality", data: None })) tx_digest=Digest("BvpnXDCrFnHhoS1HxU3ZXVDjUfZh5T3grzNrUdFqLR7f") retry_cnt=0
2026-05-20T12:40:25.182999Z ERROR iota_benchmark: Transaction failed with err: Rpc(Call(ErrorObject { code: ServerError(-32050), message: "Transaction timed out before reaching finality", data: None })) tx_digest=Digest("7BscWszqzMNJk4HXpEJTDwd1LC7wjKuAPReCXStuBgX3") retry_cnt=2
2026-05-20T12:40:25.183837Z ERROR iota_benchmark: Transaction failed with err: Rpc(Call(ErrorObject { code: ServerError(-32050), message: "Transaction timed out before reaching finality", data: None })) tx_digest=Digest("CMAVENiS1kboFeHoQxmTMq6WpepnjxY9UKsxbdtVFHzr") retry_cnt=2
2026-05-20T12:40:25.183840Z ERROR iota_benchmark: Transaction failed with err: Rpc(Call(ErrorObject { code: ServerError(-32050), message: "Transaction timed out before reaching finality", data: None })) tx_digest=Digest("6ZvjmwZbaX3EcL6bvkTmTcLXbMVqbvb8DBJhxn8KRhUZ") retry_cnt=2
2026-05-20T12:40:25.184535Z ERROR iota_benchmark: Transaction failed with err: Rpc(Call(ErrorObject { code: ServerError(-32050), message: "Transaction timed out before reaching finality", data: None })) tx_digest=Digest("78TKgrNJwC1VfbBrvWeB4tQQJ3gvzN2e6p5zZx9wchZT") retry_cnt=2
2026-05-20T12:40:25.184660Z ERROR iota_benchmark: Transaction failed with err: Rpc(Call(ErrorObject { code: ServerError(-32050), message: "Transaction timed out before reaching finality", data: None })) tx_digest=Digest("6u8w8s6VZUFyj1kyo9a4Qthig83ycNun4KFXCbvWrXpq") retry_cnt=0
2026-05-20T12:40:25.184941Z ERROR iota_benchmark: Transaction failed with err: Rpc(Call(ErrorObject { code: ServerError(-32050), message: "Transaction timed out before reaching finality", data: None })) tx_digest=Digest("9zWUYyVTywuAxAhJz7md9pP1FsBYnKwBMBFEvqdrQqm9") retry_cnt=0
2026-05-20T12:40:25.185010Z ERROR iota_benchmark: Transaction failed with err: Rpc(Call(ErrorObject { code: ServerError(-32050), message: "Transaction timed out before reaching finality", data: None })) tx_digest=Digest("5gKrj6GmPPrMUcqFTEnzfec7SqPteyyrWpT1bUkYeEo") retry_cnt=2
2026-05-20T12:40:25.185093Z ERROR iota_benchmark: Transaction failed with err: Rpc(Call(ErrorObject { code: ServerError(-32050), message: "Transaction timed out before reaching finality", data: None })) tx_digest=Digest("2VUyiQT862Hxv95KvW6y5eJuVEr5t3Bv63oPjXPu5J7z") retry_cnt=2
2026-05-20T12:40:25.185231Z ERROR iota_benchmark: Transaction failed with err: Rpc(Call(ErrorObject { code: ServerError(-32050), message: "Transaction timed out before reaching finality", data: None })) tx_digest=Digest("7hJSbEytC1mbRcofkwShUydNVAJjPgkoVXKcKsA5rMhG") retry_cnt=2
2026-05-20T12:40:25.185371Z ERROR iota_benchmark: Transaction failed with err: Rpc(Call(ErrorObject { code: ServerError(-32050), message: "Transaction timed out before reaching finality", data: None })) tx_digest=Digest("J2TVwWLJh7fjtm58oiYSBC4PhE8qRdFhMk8yVN1MPksa") retry_cnt=0
2026-05-20T12:40:25.185562Z ERROR iota_benchmark: Transaction failed with err: Rpc(Call(ErrorObject { code: ServerError(-32050), message: "Transaction timed out before reaching finality", data: None })) tx_digest=Digest("9cpfgq2UEbfSky5hCvM6UE8M1y8qSZCTn9dyftL7PuG8") retry_cnt=2
2026-05-20T12:40:25.187202Z ERROR iota_benchmark: Transaction failed with err: Rpc(Call(ErrorObject { code: ServerError(-32050), message: "Transaction timed out before reaching finality", data: None })) tx_digest=Digest("62wX4mnjhn98mu8HCRxGK3HYEW98z7aCXBQLUWwo11SN") retry_cnt=2
2026-05-20T12:40:25.189870Z ERROR iota_benchmark: Transaction failed with err: Rpc(Call(ErrorObject { code: ServerError(-32050), message: "Transaction timed out before reaching finality", data: None })) tx_digest=Digest("BeP2wnTgV2LT3hv2qeym3sQhQycfRj8tiPwAut3kAENk") retry_cnt=0
2026-05-20T12:40:25.191581Z ERROR iota_benchmark: Transaction failed with err: Rpc(Call(ErrorObject { code: ServerError(-32050), message: "Transaction timed out before reaching finality", data: None })) tx_digest=Digest("AdnsussQUdCi54tuiCnEzzZcQjTjb6qHoxrwvB4Ccuot") retry_cnt=2
2026-05-20T12:40:25.191743Z ERROR iota_benchmark: Transaction failed with err: Rpc(Call(ErrorObject { code: ServerError(-32050), message: "Transaction timed out before reaching finality", data: None })) tx_digest=Digest("3kLt7cgfjo8vQPCU1X9fKiewdoMSLfoToxDJJeL6w5mx") retry_cnt=2
2026-05-20T12:40:25.192432Z ERROR iota_benchmark: Transaction failed with err: Rpc(Call(ErrorObject { code: ServerError(-32050), message: "Transaction timed out before reaching finality", data: None })) tx_digest=Digest("DnAgPEUPDXMNmgi44yuyvR12BxbEsEbGJzTNcN5VY9iv") retry_cnt=0
2026-05-20T12:40:25.192761Z ERROR iota_benchmark: Transaction failed with err: Rpc(Call(ErrorObject { code: ServerError(-32050), message: "Transaction timed out before reaching finality", data: None })) tx_digest=Digest("VrX4qRq6njUiaSMCNG9QxLqW4bQUPftPZRe6i1pz4ai") retry_cnt=0
2026-05-20T12:40:25.193838Z ERROR iota_benchmark: Transaction failed with err: Rpc(Call(ErrorObject { code: ServerError(-32050), message: "Transaction timed out before reaching finality", data: None })) tx_digest=Digest("8Lq2dAB8fRAZcRKXDgC2qhEq7T2hkf8oNJg63whX9hVL") retry_cnt=0
2026-05-20T12:40:25.194559Z ERROR iota_benchmark: Transaction failed with err: Rpc(Call(ErrorObject { code: ServerError(-32050), message: "Transaction timed out before reaching finality", data: None })) tx_digest=Digest("fuwwYPeLF3j5JghZt4voBy1pMosT9zYi1inrRDEks9f") retry_cnt=0
2026-05-20T12:40:25.194576Z ERROR iota_benchmark: Transaction failed with err: Rpc(Call(ErrorObject { code: ServerError(-32050), message: "Transaction timed out before reaching finality", data: None })) tx_digest=Digest("9nsjZaqsy6XuhUqzDQzF1vrrGrFp3kkh3HH1WPKysYn") retry_cnt=0
2026-05-20T12:40:25.194835Z ERROR iota_benchmark: Transaction failed with err: Rpc(Call(ErrorObject { code: ServerError(-32050), message: "Transaction timed out before reaching finality", data: None })) tx_digest=Digest("DmNmpPKk3kQ2piVcNprA83HmRXF3TVZYvTnR4R9tRvy9") retry_cnt=2
2026-05-20T12:40:25.196252Z ERROR iota_benchmark: Transaction failed with err: Rpc(Call(ErrorObject { code: ServerError(-32050), message: "Transaction timed out before reaching finality", data: None })) tx_digest=Digest("3xim21Vh77m9VSRKViXKbXX4GwzRq84cxZcSkuCBNXcU") retry_cnt=2
2026-05-20T12:40:25.196847Z ERROR iota_benchmark: Transaction failed with err: Rpc(Call(ErrorObject { code: ServerError(-32050), message: "Transaction timed out before reaching finality", data: None })) tx_digest=Digest("FV5r4RGDPugzFQMFLBEqnhM7TSm8rjAFR6SSawB8mq3W") retry_cnt=0
2026-05-20T12:40:25.197689Z ERROR iota_benchmark: Transaction failed with err: Rpc(Call(ErrorObject { code: ServerError(-32050), message: "Transaction timed out before reaching finality", data: None })) tx_digest=Digest("DUhAagPA62o1SoWUEMcc6Gnpe5YnEMhDLQbu9aFpBNno") retry_cnt=0
2026-05-20T12:40:25.198438Z ERROR iota_benchmark: Transaction failed with err: Rpc(Call(ErrorObject { code: ServerError(-32050), message: "Transaction timed out before reaching finality", data: None })) tx_digest=Digest("595YKkRpzCD5QkDYwr791xd9QEPGMjD4DPgqoXnZGxbb") retry_cnt=2
2026-05-20T12:40:25.199039Z ERROR iota_benchmark: Transaction failed with err: Rpc(Call(ErrorObject { code: ServerError(-32050), message: "Transaction timed out before reaching finality", data: None })) tx_digest=Digest("BuE7XGr6XWDq8QtUqTrAMLVqVYdB6BsspDjD5PofKyNF") retry_cnt=0
2026-05-20T12:40:25.200196Z ERROR iota_benchmark: Transaction failed with err: Rpc(Call(ErrorObject { code: ServerError(-32050), message: "Transaction timed out before reaching finality", data: None })) tx_digest=Digest("8TvHs43AqP4D1LBL74FBCjTWPdqni73dghzwAfNPdxPN") retry_cnt=2
2026-05-20T12:40:25.201318Z ERROR iota_benchmark: Transaction failed with err: Rpc(Call(ErrorObject { code: ServerError(-32050), message: "Transaction timed out before reaching finality", data: None })) tx_digest=Digest("3Grw5m5pejEXvTvM2R6xDTVjiqGhvD7hbDSox87R2naU") retry_cnt=2
2026-05-20T12:40:25.202193Z ERROR iota_benchmark: Transaction failed with err: Rpc(Call(ErrorObject { code: ServerError(-32050), message: "Transaction timed out before reaching finality", data: None })) tx_digest=Digest("3LFMbpMz6tX1geY59HqDTmLMwKnEGJMioTCQDWvxsojr") retry_cnt=0
2026-05-20T12:40:25.204315Z ERROR iota_benchmark: Transaction failed with err: Rpc(Call(ErrorObject { code: ServerError(-32050), message: "Transaction timed out before reaching finality", data: None })) tx_digest=Digest("9htB5FTwo4o1k2QBPZ7BKK7uJvRF7LRYysmP3TndUzqK") retry_cnt=0
2026-05-20T12:40:25.204901Z ERROR iota_benchmark: Transaction failed with err: Rpc(Call(ErrorObject { code: ServerError(-32050), message: "Transaction timed out before reaching finality", data: None })) tx_digest=Digest("DXeegAoiqYaLAUDVdPveiQaYPom4SVFhRYv4eZwsPVCZ") retry_cnt=0
2026-05-20T12:40:25.205032Z ERROR iota_benchmark: Transaction failed with err: Rpc(Call(ErrorObject { code: ServerError(-32050), message: "Transaction timed out before reaching finality", data: None })) tx_digest=Digest("6ZuJrjy5hG4XBtfHQut9SkdznV3pP3a1vx9ebzJo1HuC") retry_cnt=0
2026-05-20T12:40:25.205321Z ERROR iota_benchmark: Transaction failed with err: Rpc(Call(ErrorObject { code: ServerError(-32050), message: "Transaction timed out before reaching finality", data: None })) tx_digest=Digest("3qADAePuWxJT8cXhqZwm2jmX23kuUbKY76yuGpoNHF5m") retry_cnt=2
2026-05-20T12:40:25.206602Z ERROR iota_benchmark: Transaction failed with err: Rpc(Call(ErrorObject { code: ServerError(-32050), message: "Transaction timed out before reaching finality", data: None })) tx_digest=Digest("H87i93267Dv7wERLK7MJ7wA2oFmCtdK3DSQE8fF7MbYx") retry_cnt=2
2026-05-20T12:40:25.206691Z ERROR iota_benchmark: Transaction failed with err: Rpc(Call(ErrorObject { code: ServerError(-32050), message: "Transaction timed out before reaching finality", data: None })) tx_digest=Digest("GcFA5gMN2oTWf2KxrQN8Xks8MhRBp45WLB96wyt2g9d7") retry_cnt=0
2026-05-20T12:40:25.208146Z ERROR iota_benchmark: Transaction failed with err: Rpc(Call(ErrorObject { code: ServerError(-32050), message: "Transaction timed out before reaching finality", data: None })) tx_digest=Digest("Gnge4y1bsb5Xux9jqfBmw8pNHosdr87a6fMLMZrwUXCz") retry_cnt=2
2026-05-20T12:40:25.211702Z ERROR iota_benchmark: Transaction failed with err: Rpc(Call(ErrorObject { code: ServerError(-32050), message: "Transaction timed out before reaching finality", data: None })) tx_digest=Digest("E6TtALRNUVcwkGWm9Vi8tmD8EW4bCGDrtSg3uEHiMpE2") retry_cnt=0
2026-05-20T12:40:25.212222Z ERROR iota_benchmark: Transaction failed with err: Rpc(Call(ErrorObject { code: ServerError(-32050), message: "Transaction timed out before reaching finality", data: None })) tx_digest=Digest("14WmSVQPSy4BEkkfm2yjP2xtQB8RWLTttttLBGB62YQC") retry_cnt=2
2026-05-20T12:40:25.213071Z ERROR iota_benchmark: Transaction failed with err: Rpc(Call(ErrorObject { code: ServerError(-32050), message: "Transaction timed out before reaching finality", data: None })) tx_digest=Digest("FtPg8VRXYkpLTftnz7tHVYvVE3pZ65QGKDbZn3b6dRgs") retry_cnt=0
2026-05-20T12:40:25.213125Z ERROR iota_benchmark: Transaction failed with err: Rpc(Call(ErrorObject { code: ServerError(-32050), message: "Transaction timed out before reaching finality", data: None })) tx_digest=Digest("9EhYHDQ3gnZaLFiPoH2sRtnMTqhuq9c888XxvAmUZ2Bm") retry_cnt=0
2026-05-20T12:40:25.218779Z ERROR iota_benchmark: Transaction failed with err: Rpc(Call(ErrorObject { code: ServerError(-32050), message: "Transaction timed out before reaching finality", data: None })) tx_digest=Digest("2RU2DD6jTUgq9SHNFmJ1rBtWNJdz3cwwpgmXQhmpcrwe") retry_cnt=0
2026-05-20T12:40:25.218721Z ERROR iota_benchmark: Transaction failed with err: Rpc(Call(ErrorObject { code: ServerError(-32050), message: "Transaction timed out before reaching finality", data: None })) tx_digest=Digest("GLUY1NMciEfj2gmPRLxuEued48iB6vzEZGBnvi4cvyWh") retry_cnt=0
2026-05-20T12:40:25.218795Z ERROR iota_benchmark: Transaction failed with err: Rpc(Call(ErrorObject { code: ServerError(-32050), message: "Transaction timed out before reaching finality", data: None })) tx_digest=Digest("ACCZKVPrNiLiJv6AsUBu9cDqydFiswPq5mDat8Gf4Vb4") retry_cnt=0
2026-05-20T12:40:25.218841Z ERROR iota_benchmark: Transaction failed with err: Rpc(Call(ErrorObject { code: ServerError(-32050), message: "Transaction timed out before reaching finality", data: None })) tx_digest=Digest("6LvARBL7dPjLgkzN3XkfyHomtYkn9QBZwt4niwvVde8j") retry_cnt=0
2026-05-20T12:40:25.218897Z ERROR iota_benchmark: Transaction failed with err: Rpc(Call(ErrorObject { code: ServerError(-32050), message: "Transaction timed out before reaching finality", data: None })) tx_digest=Digest("2uVPdxCsj4tuR7PjwBRJthBaqWiiucTJjYwSevmsuh87") retry_cnt=0
2026-05-20T12:40:25.218937Z ERROR iota_benchmark: Transaction failed with err: Rpc(Call(ErrorObject { code: ServerError(-32050), message: "Transaction timed out before reaching finality", data: None })) tx_digest=Digest("AsGu6NFfQjUmhH29kkzGKTSSNCU1tXPVQaLYn9wGwppu") retry_cnt=0
2026-05-20T12:40:25.219005Z ERROR iota_benchmark: Transaction failed with err: Rpc(Call(ErrorObject { code: ServerError(-32050), message: "Transaction timed out before reaching finality", data: None })) tx_digest=Digest("4FTEvxLFG956o7Y7phNf2VEQpu9p7Kvm4ctpQvA74N2S") retry_cnt=0
2026-05-20T12:40:25.220086Z ERROR iota_benchmark: Transaction failed with err: Rpc(Call(ErrorObject { code: ServerError(-32050), message: "Transaction timed out before reaching finality", data: None })) tx_digest=Digest("4maf646c1u6VGt28VUNqmhTTJznMe57pbtJRqcmUHGzf") retry_cnt=0
2026-05-20T12:40:25.220091Z ERROR iota_benchmark: Transaction failed with err: Rpc(Call(ErrorObject { code: ServerError(-32050), message: "Transaction timed out before reaching finality", data: None })) tx_digest=Digest("CZUgWuR457LHsqXsYoxozDxqaoV5i3pVRQxGkQ6SP5pn") retry_cnt=0
2026-05-20T12:40:25.220150Z ERROR iota_benchmark: Transaction failed with err: Rpc(Call(ErrorObject { code: ServerError(-32050), message: "Transaction timed out before reaching finality", data: None })) tx_digest=Digest("HzE1Xkq8V4Jp3HwDcSKENqfJKytALJakuo8kuybi6pd5") retry_cnt=0
2026-05-20T12:40:25.220331Z ERROR iota_benchmark: Transaction failed with err: Rpc(Call(ErrorObject { code: ServerError(-32050), message: "Transaction timed out before reaching finality", data: None })) tx_digest=Digest("4NkJeV74uhuW8wZ95WVWPjQkANtWQMkzUxizrevCa6Jc") retry_cnt=0
2026-05-20T12:40:25.220548Z ERROR iota_benchmark: Transaction failed with err: Rpc(Call(ErrorObject { code: ServerError(-32050), message: "Transaction timed out before reaching finality", data: None })) tx_digest=Digest("4d8p7xvWmR9zR5gHKBx83fyuQyDniYsc36xovkqvbz7Y") retry_cnt=0
2026-05-20T12:40:25.224905Z ERROR iota_benchmark: Transaction failed with err: Rpc(Call(ErrorObject { code: ServerError(-32050), message: "Transaction timed out before reaching finality", data: None })) tx_digest=Digest("EaQuwoGdmSpy7i4E4BHH1mbxj4vyA1wxZjed4MX9XBsW") retry_cnt=0
2026-05-20T12:40:25.225133Z ERROR iota_benchmark: Transaction failed with err: Rpc(Call(ErrorObject { code: ServerError(-32050), message: "Transaction timed out before reaching finality", data: None })) tx_digest=Digest("7NvDw7Zx4JZJsLqM9fSb5dG4PNvSzyasiQ3KZfuqurSf") retry_cnt=0
2026-05-20T12:40:25.228372Z ERROR iota_benchmark: Transaction failed with err: Rpc(Call(ErrorObject { code: ServerError(-32050), message: "Transaction timed out before reaching finality", data: None })) tx_digest=Digest("FhTQPcs8aPz1o9v2sXFWef8ZkfUYhWWFLwqhyNP9fN8G") retry_cnt=0
2026-05-20T12:40:25.229388Z ERROR iota_benchmark: Transaction failed with err: Rpc(Call(ErrorObject { code: ServerError(-32050), message: "Transaction timed out before reaching finality", data: None })) tx_digest=Digest("CSiEzRbewASmvUwQDD13CscXhKKehR6AmdYFcEbuuDBK") retry_cnt=0
2026-05-20T12:40:25.230394Z ERROR iota_benchmark: Transaction failed with err: Rpc(Call(ErrorObject { code: ServerError(-32050), message: "Transaction timed out before reaching finality", data: None })) tx_digest=Digest("FaodmY2UuGHhgkCCoycXqiQBaRfXmoySA32wTGxBTwfC") retry_cnt=0
2026-05-20T12:40:25.231270Z ERROR iota_benchmark: Transaction failed with err: Rpc(Call(ErrorObject { code: ServerError(-32050), message: "Transaction timed out before reaching finality", data: None })) tx_digest=Digest("542RcKYZA6DZMkpF9nDPhxxbvnDggR12A5k4Pjr51K9x") retry_cnt=0
2026-05-20T12:40:25.231308Z ERROR iota_benchmark: Transaction failed with err: Rpc(Call(ErrorObject { code: ServerError(-32050), message: "Transaction timed out before reaching finality", data: None })) tx_digest=Digest("GansHsWFUguxdxtpSe1ByXFkbqRVBNtQfwQfpjxoUT8j") retry_cnt=0
2026-05-20T12:40:25.232907Z ERROR iota_benchmark: Transaction failed with err: Rpc(Call(ErrorObject { code: ServerError(-32050), message: "Transaction timed out before reaching finality", data: None })) tx_digest=Digest("D1oL9pYugP3ugGSsipdbZWoPB9FZrHk8cvuFnvJSSFrL") retry_cnt=0
2026-05-20T12:40:25.232925Z ERROR iota_benchmark: Transaction failed with err: Rpc(Call(ErrorObject { code: ServerError(-32050), message: "Transaction timed out before reaching finality", data: None })) tx_digest=Digest("BLgJTj3LKF91GeUm8zTsiiCEqNfR2RFk67XpLW2GWB4Y") retry_cnt=0
2026-05-20T12:40:25.233517Z ERROR iota_benchmark: Transaction failed with err: Rpc(Call(ErrorObject { code: ServerError(-32050), message: "Transaction timed out before reaching finality", data: None })) tx_digest=Digest("Bpc8EwsWax4Yr7t8NNSBsxr64PGjvyh6jfDkQoiDP6Bd") retry_cnt=0
2026-05-20T12:40:25.233822Z ERROR iota_benchmark: Transaction failed with err: Rpc(Call(ErrorObject { code: ServerError(-32050), message: "Transaction timed out before reaching finality", data: None })) tx_digest=Digest("GujEJ16Dco5wunmS3N9a3SGKQV2gu1SKEeQBREu8syLf") retry_cnt=0
2026-05-20T12:40:25.234297Z ERROR iota_benchmark: Transaction failed with err: Rpc(Call(ErrorObject { code: ServerError(-32050), message: "Transaction timed out before reaching finality", data: None })) tx_digest=Digest("ARNbB1qxpdRRTNxMoDg6kFPziSE1NnAZffdugbCktpUq") retry_cnt=0
2026-05-20T12:40:25.234977Z ERROR iota_benchmark: Transaction failed with err: Rpc(Call(ErrorObject { code: ServerError(-32050), message: "Transaction timed out before reaching finality", data: None })) tx_digest=Digest("7TnTjaHWhMaUNh696rEEiW9CC1WkojXytyrsaahmQieV") retry_cnt=0
2026-05-20T12:40:25.236724Z ERROR iota_benchmark: Transaction failed with err: Rpc(Call(ErrorObject { code: ServerError(-32050), message: "Transaction timed out before reaching finality", data: None })) tx_digest=Digest("3BV2S36mz3JKsdwceXANDNqA6qXmpzsjM5gQH93n4Pxe") retry_cnt=0
2026-05-20T12:40:25.236801Z ERROR iota_benchmark: Transaction failed with err: Rpc(Call(ErrorObject { code: ServerError(-32050), message: "Transaction timed out before reaching finality", data: None })) tx_digest=Digest("ETk5XLnqme387d8zHRRTapTw9opGJEKVYqo8XDYJvjcM") retry_cnt=0
2026-05-20T12:40:25.236862Z ERROR iota_benchmark: Transaction failed with err: Rpc(Call(ErrorObject { code: ServerError(-32050), message: "Transaction timed out before reaching finality", data: None })) tx_digest=Digest("CF5tFj6S7Nw3Pq4YViTk2gnxaBENWwK8kFTb92L7eYUc") retry_cnt=0
2026-05-20T12:40:25.236868Z ERROR iota_benchmark: Transaction failed with err: Rpc(Call(ErrorObject { code: ServerError(-32050), message: "Transaction timed out before reaching finality", data: None })) tx_digest=Digest("c9mQE9J4zTwCNqNG7szsQg7yJuBnaUMTB1YGb16iFc6") retry_cnt=0
2026-05-20T12:40:25.236898Z ERROR iota_benchmark: Transaction failed with err: Rpc(Call(ErrorObject { code: ServerError(-32050), message: "Transaction timed out before reaching finality", data: None })) tx_digest=Digest("BYFk27XmmqmFiW3Ni4cVg5HTsRVXF4pRKX2S5AuAp5FX") retry_cnt=0
2026-05-20T12:40:25.240447Z ERROR iota_benchmark: Transaction failed with err: Rpc(Call(ErrorObject { code: ServerError(-32050), message: "Transaction timed out before reaching finality", data: None })) tx_digest=Digest("FwniPnroErbMv6XeyD5f1MqTGbyyuQTpbL7xu9dScz7a") retry_cnt=0
2026-05-20T12:40:25.242459Z ERROR iota_benchmark: Transaction failed with err: Rpc(Call(ErrorObject { code: ServerError(-32050), message: "Transaction timed out before reaching finality", data: None })) tx_digest=Digest("BNJXAFyr6KrE7vqjhFNCn3dhEz9kYyHHStP6PSpFaSYL") retry_cnt=0
2026-05-20T12:40:25.246071Z ERROR iota_benchmark: Transaction failed with err: Rpc(Call(ErrorObject { code: ServerError(-32050), message: "Transaction timed out before reaching finality", data: None })) tx_digest=Digest("DtzqJXZu3QznYjgpNSU7JQsWy4SHMe7T3MsgxokGF8i3") retry_cnt=0
2026-05-20T12:40:25.246540Z ERROR iota_benchmark: Transaction failed with err: Rpc(Call(ErrorObject { code: ServerError(-32050), message: "Transaction timed out before reaching finality", data: None })) tx_digest=Digest("DiiQiaG6NHDso3Sb5LdQ57wtUd5Rftm2BQwLZ45KfJ82") retry_cnt=0
2026-05-20T12:40:25.247430Z ERROR iota_benchmark: Transaction failed with err: Rpc(Call(ErrorObject { code: ServerError(-32050), message: "Transaction timed out before reaching finality", data: None })) tx_digest=Digest("Bw9XSfvHF4ex3hfpySN83kKbAuyqFZoetFtkWLCGi8ku") retry_cnt=0
2026-05-20T12:40:25.250545Z ERROR iota_benchmark: Transaction failed with err: Rpc(Call(ErrorObject { code: ServerError(-32050), message: "Transaction timed out before reaching finality", data: None })) tx_digest=Digest("4imdbqbPYZxkgzDbddX2Q83YANas1TBkXo9siLa31xdu") retry_cnt=0
2026-05-20T12:40:25.250577Z ERROR iota_benchmark: Transaction failed with err: Rpc(Call(ErrorObject { code: ServerError(-32050), message: "Transaction timed out before reaching finality", data: None })) tx_digest=Digest("6mZJyDJspJXBwokcoGxT7pSpsqpMCnq11PVYeLTsLvr7") retry_cnt=0
2026-05-20T12:40:25.250627Z ERROR iota_benchmark: Transaction failed with err: Rpc(Call(ErrorObject { code: ServerError(-32050), message: "Transaction timed out before reaching finality", data: None })) tx_digest=Digest("GwqEtnuf8Rij9owRL2ZUVhVQp178k59PNCpnff4L2XxQ") retry_cnt=0
2026-05-20T12:40:25.250632Z ERROR iota_benchmark: Transaction failed with err: Rpc(Call(ErrorObject { code: ServerError(-32050), message: "Transaction timed out before reaching finality", data: None })) tx_digest=Digest("ExpVVtd5Etgn6A5xRiKtpe7ocGatSgf1E8c5hytPHHsV") retry_cnt=0
2026-05-20T12:40:25.252738Z ERROR iota_benchmark: Transaction failed with err: Rpc(Call(ErrorObject { code: ServerError(-32050), message: "Transaction timed out before reaching finality", data: None })) tx_digest=Digest("4Q3aCLo1YxTo7QZkfZKKUiXU38YkhApEAdvoUjL1qyGy") retry_cnt=0
2026-05-20T12:40:25.253243Z ERROR iota_benchmark: Transaction failed with err: Rpc(Call(ErrorObject { code: ServerError(-32050), message: "Transaction timed out before reaching finality", data: None })) tx_digest=Digest("59JfdqKH2ovwihhe4L2Z7wmo9LvjhZ2Mx6zNAZRZpg8K") retry_cnt=0
2026-05-20T12:40:25.253293Z ERROR iota_benchmark: Transaction failed with err: Rpc(Call(ErrorObject { code: ServerError(-32050), message: "Transaction timed out before reaching finality", data: None })) tx_digest=Digest("4yWWdbRraK11XbnTkKR1uWv6SgCV6yWSnFFfxXxVjc6k") retry_cnt=0
2026-05-20T12:40:25.255186Z ERROR iota_benchmark: Transaction failed with err: Rpc(Call(ErrorObject { code: ServerError(-32050), message: "Transaction timed out before reaching finality", data: None })) tx_digest=Digest("7ByLb4CZUw9wAcZrbT91ZnetZ4ELvPb3Y9AxifUTDkn7") retry_cnt=0
2026-05-20T12:40:25.256893Z ERROR iota_benchmark: Transaction failed with err: Rpc(Call(ErrorObject { code: ServerError(-32050), message: "Transaction timed out before reaching finality", data: None })) tx_digest=Digest("5LZnXaah6k4VbyDtE5PfsoDWyQAiK8CaTewd31ewNwCb") retry_cnt=0
2026-05-20T12:40:25.257700Z ERROR iota_benchmark: Transaction failed with err: Rpc(Call(ErrorObject { code: ServerError(-32050), message: "Transaction timed out before reaching finality", data: None })) tx_digest=Digest("CmHkJ3Eg8vwxFmc3kZEP2oZgvMwq4pTszgtYLfwd95fx") retry_cnt=0
2026-05-20T12:40:25.261161Z ERROR iota_benchmark: Transaction failed with err: Rpc(Call(ErrorObject { code: ServerError(-32050), message: "Transaction timed out before reaching finality", data: None })) tx_digest=Digest("EW7Aan1Z9Z6dtRhPABe8Tf7vDyX7jwmr59c1drMbiXdV") retry_cnt=0
2026-05-20T12:40:25.263425Z ERROR iota_benchmark: Transaction failed with err: Rpc(Call(ErrorObject { code: ServerError(-32050), message: "Transaction timed out before reaching finality", data: None })) tx_digest=Digest("DYqd8jCtFewHyk1hzRH2iPEuHYPhN2tFVpH5FpWKz9Za") retry_cnt=0
2026-05-20T12:40:25.266079Z ERROR iota_benchmark: Transaction failed with err: Rpc(Call(ErrorObject { code: ServerError(-32050), message: "Transaction timed out before reaching finality", data: None })) tx_digest=Digest("B2bbEPACYPwNnxbNDB7VSLYrs385rafiAdZRGkAxKVje") retry_cnt=0
2026-05-20T12:40:25.274031Z ERROR iota_benchmark: Transaction failed with err: Rpc(Call(ErrorObject { code: ServerError(-32050), message: "Transaction timed out before reaching finality", data: None })) tx_digest=Digest("HSVEbxeQ5Hm4ef5hkbRa6BnoMPDLysfZuCtdjaCecUXc") retry_cnt=0
2026-05-20T12:40:25.293731Z ERROR iota_benchmark: Transaction failed with err: Rpc(Call(ErrorObject { code: ServerError(-32050), message: "Transaction timed out before reaching finality", data: None })) tx_digest=Digest("Dec2KXPL7L1TWtKXgdAUsetEZ1TJDst5DeRZ4f58SjzV") retry_cnt=0
2026-05-20T12:40:25.340115Z ERROR iota_benchmark: Transaction failed with err: Rpc(Call(ErrorObject { code: ServerError(-32050), message: "Transaction timed out before reaching finality", data: None })) tx_digest=Digest("5BNbBZnz63soFQ33KXSJkudoPxnSBD2BX61pVNELNSF4") retry_cnt=0
2026-05-20T12:40:25.340115Z ERROR iota_benchmark: Transaction failed with err: Rpc(Call(ErrorObject { code: ServerError(-32050), message: "Transaction timed out before reaching finality", data: None })) tx_digest=Digest("6kDAkwSgdr8YefAGYtdyi3E3NMkSR5GnZE9gezVDq2wU") retry_cnt=0
2026-05-20T12:40:25.340119Z ERROR iota_benchmark: Transaction failed with err: Rpc(Call(ErrorObject { code: ServerError(-32050), message: "Transaction timed out before reaching finality", data: None })) tx_digest=Digest("2VTwe3sACJWxEAF5MZMivuDxj71o4R11m2RR8sMiyNAx") retry_cnt=0
2026-05-20T12:40:25.340200Z ERROR iota_benchmark: Transaction failed with err: Rpc(Call(ErrorObject { code: ServerError(-32050), message: "Transaction timed out before reaching finality", data: None })) tx_digest=Digest("7BwB8y3icq2S5XN2X7y86AFyS4378AwbumTteoRmA4BX") retry_cnt=0
2026-05-20T12:40:25.340377Z ERROR iota_benchmark: Transaction failed with err: Rpc(Call(ErrorObject { code: ServerError(-32050), message: "Transaction timed out before reaching finality", data: None })) tx_digest=Digest("F2rn6CVDUhrHsvkYatuDVi68CnzHXX1hDWQkV9XDt4YS") retry_cnt=0
2026-05-20T12:40:25.341192Z ERROR iota_benchmark: Transaction failed with err: Rpc(Call(ErrorObject { code: ServerError(-32050), message: "Transaction timed out before reaching finality", data: None })) tx_digest=Digest("AcvBqL2JPWetFPaYXX1K4PaeCURExfPHERZ5iZYWPmux") retry_cnt=0
2026-05-20T12:40:25.341206Z ERROR iota_benchmark: Transaction failed with err: Rpc(Call(ErrorObject { code: ServerError(-32050), message: "Transaction timed out before reaching finality", data: None })) tx_digest=Digest("HcPBS2bNAVKwoXENc92YBecELoCdrUEKkGhqMw5EKPNr") retry_cnt=0
2026-05-20T12:40:25.428346Z ERROR iota_benchmark: Transaction failed with err: Rpc(Call(ErrorObject { code: ServerError(-32050), message: "Transaction timed out before reaching finality", data: None })) tx_digest=Digest("H4su9naNsmY43WRAhSnF7ieF9ujspTSUfvjrAGWk452") retry_cnt=0
2026-05-20T12:40:25.429766Z ERROR iota_benchmark: Transaction failed with err: Rpc(Call(ErrorObject { code: ServerError(-32050), message: "Transaction timed out before reaching finality", data: None })) tx_digest=Digest("6d37ypnYEMD5Gx9GvwkCYHUp4ziX1RGWJMzsyZ3U92T") retry_cnt=0
2026-05-20T12:40:25.430987Z ERROR iota_benchmark: Transaction failed with err: Rpc(Call(ErrorObject { code: ServerError(-32050), message: "Transaction timed out before reaching finality", data: None })) tx_digest=Digest("8VvYpPJ5sZ3y7seU8sbZKTkKAEMmAfaSj3y1JeUiR829") retry_cnt=0
2026-05-20T12:40:25.509072Z ERROR iota_benchmark: Transaction failed with err: Rpc(Call(ErrorObject { code: ServerError(-32050), message: "Transaction timed out before reaching finality", data: None })) tx_digest=Digest("rRJzPcPEVQaeVhdGEtRqxHgvGQzVyi2TdkuEKPFA8Rv") retry_cnt=0
2026-05-20T12:40:25.515208Z ERROR iota_benchmark: Transaction failed with err: Rpc(Call(ErrorObject { code: ServerError(-32050), message: "Transaction timed out before reaching finality", data: None })) tx_digest=Digest("9UuV6H2qEStzKABA1kKbnH8dfPY1yZ7EbtyQe9rRpFu1") retry_cnt=0
2026-05-20T12:40:25.518922Z ERROR iota_benchmark: Transaction failed with err: Rpc(Call(ErrorObject { code: ServerError(-32050), message: "Transaction timed out before reaching finality", data: None })) tx_digest=Digest("C3VVmroXA6i3TMj1nzRNKLepNAZU6d5qSceAdYnKPove") retry_cnt=0
2026-05-20T12:40:25.518997Z ERROR iota_benchmark: Transaction failed with err: Rpc(Call(ErrorObject { code: ServerError(-32050), message: "Transaction timed out before reaching finality", data: None })) tx_digest=Digest("6oMzEjBbdDmCzj89igUFncQrK63StsqDZUHFe6YDi4jH") retry_cnt=0
2026-05-20T12:40:25.521512Z ERROR iota_benchmark: Transaction failed with err: Rpc(Call(ErrorObject { code: ServerError(-32050), message: "Transaction timed out before reaching finality", data: None })) tx_digest=Digest("5ydpHvoz1rccmz9vMa9EBq8A5RPxjAqentQ347LbBpsQ") retry_cnt=0
2026-05-20T12:40:25.564029Z ERROR iota_benchmark: Transaction failed with err: Rpc(Call(ErrorObject { code: ServerError(-32050), message: "Transaction timed out before reaching finality", data: None })) tx_digest=Digest("AmBpuA7S7D1ZTVAsuLihCBXqCD7wmv6HcMibSUunknbW") retry_cnt=0
2026-05-20T12:40:25.565041Z ERROR iota_benchmark: Transaction failed with err: Rpc(Call(ErrorObject { code: ServerError(-32050), message: "Transaction timed out before reaching finality", data: None })) tx_digest=Digest("Fsiz8RSWwgw9fjqfKmyBozozgAgCZdgYuj6DTpp5GxuW") retry_cnt=0
2026-05-20T12:40:25.565117Z ERROR iota_benchmark: Transaction failed with err: Rpc(Call(ErrorObject { code: ServerError(-32050), message: "Transaction timed out before reaching finality", data: None })) tx_digest=Digest("EfdpCJkHiA4caCbMac5mq2UYzzVWwZju847zUnVQfUY8") retry_cnt=0
2026-05-20T12:40:25.565176Z ERROR iota_benchmark: Transaction failed with err: Rpc(Call(ErrorObject { code: ServerError(-32050), message: "Transaction timed out before reaching finality", data: None })) tx_digest=Digest("DjhsmzfsK1jXn5nSrpuPUX5SRBgbtzFTLMUS461gPh7c") retry_cnt=0
2026-05-20T12:40:25.565316Z ERROR iota_benchmark: Transaction failed with err: Rpc(Call(ErrorObject { code: ServerError(-32050), message: "Transaction timed out before reaching finality", data: None })) tx_digest=Digest("9WT35GFkPYNUstpEwJgc9KHkHwAWn35LN4x7APny7gZh") retry_cnt=0
2026-05-20T12:40:25.565485Z ERROR iota_benchmark: Transaction failed with err: Rpc(Call(ErrorObject { code: ServerError(-32050), message: "Transaction timed out before reaching finality", data: None })) tx_digest=Digest("5QLMbY2iVADS4MepykFJraRtQDPSriBsMehwACxXbXeY") retry_cnt=0
2026-05-20T12:40:25.566742Z ERROR iota_benchmark: Transaction failed with err: Rpc(Call(ErrorObject { code: ServerError(-32050), message: "Transaction timed out before reaching finality", data: None })) tx_digest=Digest("CEz3NhLAM8pMQqk55HMMJX8syRZn8MjbdJ1qQqWavUrm") retry_cnt=2
2026-05-20T12:40:25.566906Z ERROR iota_benchmark: Transaction failed with err: Rpc(Call(ErrorObject { code: ServerError(-32050), message: "Transaction timed out before reaching finality", data: None })) tx_digest=Digest("BCvpBbbKQxxjfdjbN9v5fnHqwRUFT5UyV7q6oc74ekVd") retry_cnt=0
2026-05-20T12:40:25.567473Z ERROR iota_benchmark: Transaction failed with err: Rpc(Call(ErrorObject { code: ServerError(-32050), message: "Transaction timed out before reaching finality", data: None })) tx_digest=Digest("47rapKb1yrcDHKs1SreYR6VhGMRGfGj93uVfWqWuZGP9") retry_cnt=0
2026-05-20T12:40:25.567884Z ERROR iota_benchmark: Transaction failed with err: Rpc(Call(ErrorObject { code: ServerError(-32050), message: "Transaction timed out before reaching finality", data: None })) tx_digest=Digest("28ywUAAkAmtZXYUZrFhQmr4eqANVRqfYi95GJ9Bd9bSm") retry_cnt=0
2026-05-20T12:40:25.568467Z ERROR iota_benchmark: Transaction failed with err: Rpc(Call(ErrorObject { code: ServerError(-32050), message: "Transaction timed out before reaching finality", data: None })) tx_digest=Digest("2DFYu4ZjMUE6Po6bwGP8sqfvLRZbGStNeeGTyna7fu5W") retry_cnt=0
2026-05-20T12:40:25.569490Z ERROR iota_benchmark: Transaction failed with err: Rpc(Call(ErrorObject { code: ServerError(-32050), message: "Transaction timed out before reaching finality", data: None })) tx_digest=Digest("3zpKmTr27TbtYimsbWpauesgr9tCPYuikJbJsnKnRL2G") retry_cnt=0
2026-05-20T12:40:25.614006Z ERROR iota_benchmark: Transaction failed with err: Rpc(Call(ErrorObject { code: ServerError(-32050), message: "Transaction timed out before reaching finality", data: None })) tx_digest=Digest("GSv1jv64qS4G1wx7JXg97X1um28HMpJLTpsgUdTwi8Gg") retry_cnt=0
2026-05-20T12:40:25.614006Z ERROR iota_benchmark: Transaction failed with err: Rpc(Call(ErrorObject { code: ServerError(-32050), message: "Transaction timed out before reaching finality", data: None })) tx_digest=Digest("CioFJphvhrSurL6VNbcq8sLGYzKnS4XG2chsYJRVgZUi") retry_cnt=0
2026-05-20T12:40:25.614083Z ERROR iota_benchmark: Transaction failed with err: Rpc(Call(ErrorObject { code: ServerError(-32050), message: "Transaction timed out before reaching finality", data: None })) tx_digest=Digest("3PM8iBaAGoe2WPunw7aqAokyaXBnbxqwPWyywvnhTGXP") retry_cnt=0
2026-05-20T12:40:25.614101Z ERROR iota_benchmark: Transaction failed with err: Rpc(Call(ErrorObject { code: ServerError(-32050), message: "Transaction timed out before reaching finality", data: None })) tx_digest=Digest("9pY32y9LobFsXhsWVaFjZMwn1JmN7xQxeoMdN53prepP") retry_cnt=0
2026-05-20T12:40:25.614118Z ERROR iota_benchmark: Transaction failed with err: Rpc(Call(ErrorObject { code: ServerError(-32050), message: "Transaction timed out before reaching finality", data: None })) tx_digest=Digest("4tH52MQeZExbmPmgfCEEggzBFGRVLb11BaW4n32or51m") retry_cnt=0
2026-05-20T12:40:25.631828Z ERROR iota_benchmark: Transaction failed with err: Rpc(Call(ErrorObject { code: ServerError(-32050), message: "Transaction timed out before reaching finality", data: None })) tx_digest=Digest("EneNECFkjE6EwCDVMfKBAwWNTcT88oYbDf8dQpVkv4tC") retry_cnt=0
2026-05-20T12:40:25.643089Z ERROR iota_benchmark: Transaction failed with err: Rpc(Call(ErrorObject { code: ServerError(-32050), message: "Transaction timed out before reaching finality", data: None })) tx_digest=Digest("6txzUFjsUQYUArbzdKEPG9V4X4mYfrBk7cMbBkYek2ny") retry_cnt=0
2026-05-20T12:40:25.643133Z ERROR iota_benchmark: Transaction failed with err: Rpc(Call(ErrorObject { code: ServerError(-32050), message: "Transaction timed out before reaching finality", data: None })) tx_digest=Digest("9d1sPkBH52NFdoaCVt7Z88CARYTXJG174PqDE76r8LTT") retry_cnt=2
2026-05-20T12:40:25.643139Z ERROR iota_benchmark: Transaction failed with err: Rpc(Call(ErrorObject { code: ServerError(-32050), message: "Transaction timed out before reaching finality", data: None })) tx_digest=Digest("EBA2JyuPnqjXWkDLi69mdy8fcSnUhBmsK2MdjnABDujU") retry_cnt=2
2026-05-20T12:40:25.643155Z ERROR iota_benchmark: Transaction failed with err: Rpc(Call(ErrorObject { code: ServerError(-32050), message: "Transaction timed out before reaching finality", data: None })) tx_digest=Digest("87jWUVcKVFYJt67baSwdXq6mHzX3niE6taYvFcu6f4Ao") retry_cnt=0
2026-05-20T12:40:25.643251Z ERROR iota_benchmark: Transaction failed with err: Rpc(Call(ErrorObject { code: ServerError(-32050), message: "Transaction timed out before reaching finality", data: None })) tx_digest=Digest("54ZWyQAB4g6X7jJTGSWbxLqPqkx464dkji6swQZoLmyG") retry_cnt=0
2026-05-20T12:40:25.643328Z ERROR iota_benchmark: Transaction failed with err: Rpc(Call(ErrorObject { code: ServerError(-32050), message: "Transaction timed out before reaching finality", data: None })) tx_digest=Digest("GsADCELbCcHWfP3RhanaVXNVqpt5o2PJbHg2NuhSJP1s") retry_cnt=2
2026-05-20T12:40:25.643943Z ERROR iota_benchmark: Transaction failed with err: Rpc(Call(ErrorObject { code: ServerError(-32050), message: "Transaction timed out before reaching finality", data: None })) tx_digest=Digest("7gBwavFr34pJ4T6gVh7Y31v7NVMX1Ajuwwo2rt8hHztE") retry_cnt=0
2026-05-20T12:40:25.663217Z ERROR iota_benchmark: Transaction failed with err: Rpc(Call(ErrorObject { code: ServerError(-32050), message: "Transaction timed out before reaching finality", data: None })) tx_digest=Digest("CLyvsvK2b8qDGeQxkZy117rnsKKwM1QuCqvdm3Scd4J9") retry_cnt=0
2026-05-20T12:40:25.663328Z ERROR iota_benchmark: Transaction failed with err: Rpc(Call(ErrorObject { code: ServerError(-32050), message: "Transaction timed out before reaching finality", data: None })) tx_digest=Digest("6KLQd6YCrCZ8C7LQkLamkj3SggtSuSr1de2QgbJinscg") retry_cnt=2
2026-05-20T12:40:25.664275Z ERROR iota_benchmark: Transaction failed with err: Rpc(Call(ErrorObject { code: ServerError(-32050), message: "Transaction timed out before reaching finality", data: None })) tx_digest=Digest("ewegA3jD1BuL3zWdqHs7ZLJzzPihshtVo87baLYYZvv") retry_cnt=0
2026-05-20T12:40:25.666906Z ERROR iota_benchmark: Transaction failed with err: Rpc(Call(ErrorObject { code: ServerError(-32050), message: "Transaction timed out before reaching finality", data: None })) tx_digest=Digest("BbU1i8EDP3VqxvD2DPg5rbC3y7ukGaUGEA3VhhsMMENu") retry_cnt=0
2026-05-20T12:40:25.667248Z ERROR iota_benchmark: Transaction failed with err: Rpc(Call(ErrorObject { code: ServerError(-32050), message: "Transaction timed out before reaching finality", data: None })) tx_digest=Digest("FQuzYPLP9g7VKhstBxLcJp8SJivvABwzWPr3WSGuc7BR") retry_cnt=0
2026-05-20T12:40:25.668985Z ERROR iota_benchmark: Transaction failed with err: Rpc(Call(ErrorObject { code: ServerError(-32050), message: "Transaction timed out before reaching finality", data: None })) tx_digest=Digest("FARJQBe5BUgwq5gk5CxGTtLSJ2KvAyCuMVhdJuinCd8h") retry_cnt=0
2026-05-20T12:40:25.669376Z ERROR iota_benchmark: Transaction failed with err: Rpc(Call(ErrorObject { code: ServerError(-32050), message: "Transaction timed out before reaching finality", data: None })) tx_digest=Digest("E3Sys5KKFxCg7eKdPHaLpBQdwUL4Lsd3bW8bcRhatjEV") retry_cnt=0
2026-05-20T12:40:25.670762Z ERROR iota_benchmark: Transaction failed with err: Rpc(Call(ErrorObject { code: ServerError(-32050), message: "Transaction timed out before reaching finality", data: None })) tx_digest=Digest("34wxjFsrt39jJxU3Z5BpLkbCojUy1462o2bB6mpBj6j6") retry_cnt=0
2026-05-20T12:40:25.670938Z ERROR iota_benchmark: Transaction failed with err: Rpc(Call(ErrorObject { code: ServerError(-32050), message: "Transaction timed out before reaching finality", data: None })) tx_digest=Digest("86yfeQtscn3vXjWhnJgoJFudt63h28c8xTPrCF7SB6w1") retry_cnt=0
2026-05-20T12:40:25.673699Z ERROR iota_benchmark: Transaction failed with err: Rpc(Call(ErrorObject { code: ServerError(-32050), message: "Transaction timed out before reaching finality", data: None })) tx_digest=Digest("6nsf5GUpRzxHpq3K325o5HxUwKYz4oNH66mqn8A95J6J") retry_cnt=0
2026-05-20T12:40:25.673862Z ERROR iota_benchmark: Transaction failed with err: Rpc(Call(ErrorObject { code: ServerError(-32050), message: "Transaction timed out before reaching finality", data: None })) tx_digest=Digest("9EbyYd9CGqSSeZ8ppj4f6bRAv2a2vsf7okaUUQGq4UFk") retry_cnt=0
2026-05-20T12:40:25.674643Z ERROR iota_benchmark: Transaction failed with err: Rpc(Call(ErrorObject { code: ServerError(-32050), message: "Transaction timed out before reaching finality", data: None })) tx_digest=Digest("7EcFMaYQHmwrCtWwfnoTtohQBeFJeLrtCTyFA8WAzuBd") retry_cnt=0
2026-05-20T12:40:25.675824Z ERROR iota_benchmark: Transaction failed with err: Rpc(Call(ErrorObject { code: ServerError(-32050), message: "Transaction timed out before reaching finality", data: None })) tx_digest=Digest("GKoDJjDhQ3ER4Zsi6KXvNHS8ArNPW3LaB3EGtSAJUMv6") retry_cnt=0
2026-05-20T12:40:25.677691Z ERROR iota_benchmark: Transaction failed with err: Rpc(Call(ErrorObject { code: ServerError(-32050), message: "Transaction timed out before reaching finality", data: None })) tx_digest=Digest("B89y8vX9mdUiL86cGyzLxxadJBvSmdaxCMV4csHKwpYK") retry_cnt=0
2026-05-20T12:40:25.679324Z ERROR iota_benchmark: Transaction failed with err: Rpc(Call(ErrorObject { code: ServerError(-32050), message: "Transaction timed out before reaching finality", data: None })) tx_digest=Digest("GQmBYvZDHqEebuqvCAoW5ZAExc5bHhzrS2DfJZYmfiwK") retry_cnt=0
2026-05-20T12:40:25.679564Z ERROR iota_benchmark: Transaction failed with err: Rpc(Call(ErrorObject { code: ServerError(-32050), message: "Transaction timed out before reaching finality", data: None })) tx_digest=Digest("GzpaQDP5sy9kgLuAbdpVVjQx5Dvuv9j2C3yP5ZmwSM5t") retry_cnt=0
2026-05-20T12:40:25.688149Z ERROR iota_benchmark: Transaction failed with err: Rpc(Call(ErrorObject { code: ServerError(-32050), message: "Transaction timed out before reaching finality", data: None })) tx_digest=Digest("7jLTAFynbQPwCyfGret4uvM39r1H4k218VYHX2taMNER") retry_cnt=0
2026-05-20T12:40:25.693051Z ERROR iota_benchmark: Transaction failed with err: Rpc(Call(ErrorObject { code: ServerError(-32050), message: "Transaction timed out before reaching finality", data: None })) tx_digest=Digest("hWeJTnWtPqDFNqtqvTDGGVDJjUBzF4Z19T63W67b4gV") retry_cnt=0
2026-05-20T12:40:25.698742Z ERROR iota_benchmark: Transaction failed with err: Rpc(Call(ErrorObject { code: ServerError(-32050), message: "Transaction timed out before reaching finality", data: None })) tx_digest=Digest("9iYf7XEZrh22Lrra12QgCdyUinHxBPKVnRcBk1FDByKh") retry_cnt=0
2026-05-20T12:40:25.701944Z ERROR iota_benchmark: Transaction failed with err: Rpc(Call(ErrorObject { code: ServerError(-32050), message: "Transaction timed out before reaching finality", data: None })) tx_digest=Digest("26YTCQH4YH8W6Ma4zzJ3XTwD3pvCoHtDxf8gBT67349P") retry_cnt=0
2026-05-20T12:40:25.703020Z ERROR iota_benchmark: Transaction failed with err: Rpc(Call(ErrorObject { code: ServerError(-32050), message: "Transaction timed out before reaching finality", data: None })) tx_digest=Digest("DKtx9Ppd5ERmZniWCeWT9LSUZnukTqaAHhjotdpgB3vK") retry_cnt=0
2026-05-20T12:40:25.703359Z ERROR iota_benchmark: Transaction failed with err: Rpc(Call(ErrorObject { code: ServerError(-32050), message: "Transaction timed out before reaching finality", data: None })) tx_digest=Digest("BYBTo1TgRDfu9dqpGMPqkRRyQo45VfdVWG8okkyq8Mwa") retry_cnt=0
2026-05-20T12:40:25.707821Z ERROR iota_benchmark: Transaction failed with err: Rpc(Call(ErrorObject { code: ServerError(-32050), message: "Transaction timed out before reaching finality", data: None })) tx_digest=Digest("AUZpkXcBPXEfP5QytD67vBPxXEbBbP3MabhJyBruXqyV") retry_cnt=0
2026-05-20T12:40:25.710027Z ERROR iota_benchmark: Transaction failed with err: Rpc(Call(ErrorObject { code: ServerError(-32050), message: "Transaction timed out before reaching finality", data: None })) tx_digest=Digest("BFPFHSxpyZTHF64rRN9pbTvKYRBiKM9GuSYzSZEz5XdU") retry_cnt=0
2026-05-20T12:40:25.713897Z ERROR iota_benchmark: Transaction failed with err: Rpc(Call(ErrorObject { code: ServerError(-32050), message: "Transaction timed out before reaching finality", data: None })) tx_digest=Digest("2EXxbW1G7a6r9HabdKq7NPzr5oYCB9PosamknQwZU9AH") retry_cnt=0
2026-05-20T12:40:25.715318Z ERROR iota_benchmark: Transaction failed with err: Rpc(Call(ErrorObject { code: ServerError(-32050), message: "Transaction timed out before reaching finality", data: None })) tx_digest=Digest("DA3Bf3xMs5finKrSkoQn4TyyTSqw8dTYmT61WbkGdumu") retry_cnt=2
2026-05-20T12:40:25.715514Z ERROR iota_benchmark: Transaction failed with err: Rpc(Call(ErrorObject { code: ServerError(-32050), message: "Transaction timed out before reaching finality", data: None })) tx_digest=Digest("AErLosQWHTL3NCHqqEX924ZMNnwif14gjXQ2daZXNyvQ") retry_cnt=2
2026-05-20T12:40:25.715657Z ERROR iota_benchmark: Transaction failed with err: Rpc(Call(ErrorObject { code: ServerError(-32050), message: "Transaction timed out before reaching finality", data: None })) tx_digest=Digest("5qH6iJGXdDyrBY5anLXxQmDkPDhvYFFMSznGMzxBD3mR") retry_cnt=2
2026-05-20T12:40:25.716015Z ERROR iota_benchmark: Transaction failed with err: Rpc(Call(ErrorObject { code: ServerError(-32050), message: "Transaction timed out before reaching finality", data: None })) tx_digest=Digest("EgHxd3yUkT4qiSTNzME8xbYqSywMFBUPTwYwYXvSQ8qs") retry_cnt=0
2026-05-20T12:40:25.716697Z ERROR iota_benchmark: Transaction failed with err: Rpc(Call(ErrorObject { code: ServerError(-32050), message: "Transaction timed out before reaching finality", data: None })) tx_digest=Digest("3KPqg5nxyzKZPN1wCzxJdtqtXH137MjATG36d4Pva7tW") retry_cnt=0
2026-05-20T12:40:25.716782Z ERROR iota_benchmark: Transaction failed with err: Rpc(Call(ErrorObject { code: ServerError(-32050), message: "Transaction timed out before reaching finality", data: None })) tx_digest=Digest("6X1aEyarPqRfKCxpVFcwyrq5QwCgted1bZ2nuejkK5r") retry_cnt=0
2026-05-20T12:40:25.716975Z ERROR iota_benchmark: Transaction failed with err: Rpc(Call(ErrorObject { code: ServerError(-32050), message: "Transaction timed out before reaching finality", data: None })) tx_digest=Digest("G9r4aPyBP7wzSGCtWBFnkMp7X5fKrbMVq6xmZtTpdeGH") retry_cnt=0
2026-05-20T12:40:25.717464Z ERROR iota_benchmark: Transaction failed with err: Rpc(Call(ErrorObject { code: ServerError(-32050), message: "Transaction timed out before reaching finality", data: None })) tx_digest=Digest("EKvGknQKPwaqEJ5AdPvJYGsWNVCPuo7tGtX2K8CN6SMs") retry_cnt=0
2026-05-20T12:40:25.717570Z ERROR iota_benchmark: Transaction failed with err: Rpc(Call(ErrorObject { code: ServerError(-32050), message: "Transaction timed out before reaching finality", data: None })) tx_digest=Digest("BNgJEUDLjip2KRBWsrYFeDjzf5tWyaQXpL6CXeb1ybUa") retry_cnt=0
2026-05-20T12:40:25.717845Z ERROR iota_benchmark: Transaction failed with err: Rpc(Call(ErrorObject { code: ServerError(-32050), message: "Transaction timed out before reaching finality", data: None })) tx_digest=Digest("Hic9MPBtXC26QkpkQXEwXEsuaQiv9zCA7Bzh6gt3kvsm") retry_cnt=0
2026-05-20T12:40:25.719739Z ERROR iota_benchmark: Transaction failed with err: Rpc(Call(ErrorObject { code: ServerError(-32050), message: "Transaction timed out before reaching finality", data: None })) tx_digest=Digest("DzpDmuedLeoPXRT34T7F6wLBeHqeywFdL5Aru9acvHL3") retry_cnt=2
2026-05-20T12:40:25.719940Z ERROR iota_benchmark: Transaction failed with err: Rpc(Call(ErrorObject { code: ServerError(-32050), message: "Transaction timed out before reaching finality", data: None })) tx_digest=Digest("3Mv7Dyf25xj9QjPKb3bVADrFnJsnDLoVbQgJwtueeX9T") retry_cnt=0
2026-05-20T12:40:25.720229Z ERROR iota_benchmark: Transaction failed with err: Rpc(Call(ErrorObject { code: ServerError(-32050), message: "Transaction timed out before reaching finality", data: None })) tx_digest=Digest("AygW556wUq9gGTMrXoFazwhEgispTL89h6hPHZAAHhig") retry_cnt=0
2026-05-20T12:40:25.720573Z ERROR iota_benchmark: Transaction failed with err: Rpc(Call(ErrorObject { code: ServerError(-32050), message: "Transaction timed out before reaching finality", data: None })) tx_digest=Digest("GRpQj9YXRPdonZw8etQPW2SZvyJ6BV6BxAgwnsRM8TLV") retry_cnt=0
2026-05-20T12:40:25.720713Z ERROR iota_benchmark: Transaction failed with err: Rpc(Call(ErrorObject { code: ServerError(-32050), message: "Transaction timed out before reaching finality", data: None })) tx_digest=Digest("uJqijXTZxPzD8s2mxfKtdMptTBu3545LQuYosCjZUWu") retry_cnt=2
2026-05-20T12:40:25.721524Z ERROR iota_benchmark: Transaction failed with err: Rpc(Call(ErrorObject { code: ServerError(-32050), message: "Transaction timed out before reaching finality", data: None })) tx_digest=Digest("8dcAAEBV7XyBRocpZ78516v29b3dmzGTYqkmC12WZzQa") retry_cnt=2
2026-05-20T12:40:25.721537Z ERROR iota_benchmark: Transaction failed with err: Rpc(Call(ErrorObject { code: ServerError(-32050), message: "Transaction timed out before reaching finality", data: None })) tx_digest=Digest("3tVAqM1w3pKvBvC9QFpY9NH8bxZb6xu3ePoswnpXQZSe") retry_cnt=0
2026-05-20T12:40:25.724775Z ERROR iota_benchmark: Transaction failed with err: Rpc(Call(ErrorObject { code: ServerError(-32050), message: "Transaction timed out before reaching finality", data: None })) tx_digest=Digest("7At95TtQ4aXXLW1CmHBWMsVTNd5pcjHMPC64Aw5kMXUc") retry_cnt=0
2026-05-20T12:40:25.724890Z ERROR iota_benchmark: Transaction failed with err: Rpc(Call(ErrorObject { code: ServerError(-32050), message: "Transaction timed out before reaching finality", data: None })) tx_digest=Digest("8oksu9ZvjSSVeZFBbndNiEo7MvxqKkKS4y8LM2g1dohD") retry_cnt=0
2026-05-20T12:40:25.726270Z ERROR iota_benchmark: Transaction failed with err: Rpc(Call(ErrorObject { code: ServerError(-32050), message: "Transaction timed out before reaching finality", data: None })) tx_digest=Digest("3fHHuX4xXBbSX6iF49hPZcweTSLokaWp5VdYzH621fob") retry_cnt=2
2026-05-20T12:40:25.726452Z ERROR iota_benchmark: Transaction failed with err: Rpc(Call(ErrorObject { code: ServerError(-32050), message: "Transaction timed out before reaching finality", data: None })) tx_digest=Digest("5NfZcToLdtFR123PEwwtBntjhZ1V9Q3jFiBoJVKndw6g") retry_cnt=0
2026-05-20T12:40:25.731788Z ERROR iota_benchmark: Transaction failed with err: Rpc(Call(ErrorObject { code: ServerError(-32050), message: "Transaction timed out before reaching finality", data: None })) tx_digest=Digest("8hf6J9z4t6sfmLKN2yPriWc6GqBcg1EFrTG91GHJJRb7") retry_cnt=2
2026-05-20T12:40:25.731805Z ERROR iota_benchmark: Transaction failed with err: Rpc(Call(ErrorObject { code: ServerError(-32050), message: "Transaction timed out before reaching finality", data: None })) tx_digest=Digest("J2qE3Rzaqf5DNLjeEcMuN3A2ZPjGngWJBQCuqK7X9c3q") retry_cnt=2
2026-05-20T12:40:25.731866Z ERROR iota_benchmark: Transaction failed with err: Rpc(Call(ErrorObject { code: ServerError(-32050), message: "Transaction timed out before reaching finality", data: None })) tx_digest=Digest("5VEkCmJf8MqMCSUrys7pANPk8hHpR4SejQfgw8Vdimz2") retry_cnt=2
2026-05-20T12:40:25.731974Z ERROR iota_benchmark: Transaction failed with err: Rpc(Call(ErrorObject { code: ServerError(-32050), message: "Transaction timed out before reaching finality", data: None })) tx_digest=Digest("23xWnFKbJfW971arT217MaT398EUS2RrhEBbJ7rbbcF9") retry_cnt=0
2026-05-20T12:40:25.731992Z ERROR iota_benchmark: Transaction failed with err: Rpc(Call(ErrorObject { code: ServerError(-32050), message: "Transaction timed out before reaching finality", data: None })) tx_digest=Digest("BiRcx6EUavzcUTuwzpjVUvH5dEN2GGUTjNFpdhN4oRYv") retry_cnt=0
2026-05-20T12:40:25.735456Z ERROR iota_benchmark: Transaction failed with err: Rpc(Call(ErrorObject { code: ServerError(-32050), message: "Transaction timed out before reaching finality", data: None })) tx_digest=Digest("61JmCpuFRzEHJy1Cak3Bat8TehUzswkkPAbkr9SEaSGy") retry_cnt=0
2026-05-20T12:40:25.735448Z ERROR iota_benchmark: Transaction failed with err: Rpc(Call(ErrorObject { code: ServerError(-32050), message: "Transaction timed out before reaching finality", data: None })) tx_digest=Digest("42PyHQqZvdDhFTtA5eMWkE3VRNbbBFq9jEgVhnngUfZe") retry_cnt=0
2026-05-20T12:40:25.735518Z ERROR iota_benchmark: Transaction failed with err: Rpc(Call(ErrorObject { code: ServerError(-32050), message: "Transaction timed out before reaching finality", data: None })) tx_digest=Digest("EeeacFpbfyGtAnLGzaXXRRYJrwrSv39aHeV7MbvaWaps") retry_cnt=0
2026-05-20T12:40:25.735987Z ERROR iota_benchmark: Transaction failed with err: Rpc(Call(ErrorObject { code: ServerError(-32050), message: "Transaction timed out before reaching finality", data: None })) tx_digest=Digest("EibusdarRjKVuWDZRTaNVHP12kPLrMDhKdYi7DsuMebV") retry_cnt=0
2026-05-20T12:40:25.738971Z ERROR iota_benchmark: Transaction failed with err: Rpc(Call(ErrorObject { code: ServerError(-32050), message: "Transaction timed out before reaching finality", data: None })) tx_digest=Digest("8HNgY2BBK5iuqDb14onmTRNYTaDFLosafCGdDRTzYanq") retry_cnt=0
2026-05-20T12:40:25.739064Z ERROR iota_benchmark: Transaction failed with err: Rpc(Call(ErrorObject { code: ServerError(-32050), message: "Transaction timed out before reaching finality", data: None })) tx_digest=Digest("66HuGwFfVVadiTPshy72itWj2wpfBxA9QttNeFgx8gMB") retry_cnt=0
2026-05-20T12:40:25.739105Z ERROR iota_benchmark: Transaction failed with err: Rpc(Call(ErrorObject { code: ServerError(-32050), message: "Transaction timed out before reaching finality", data: None })) tx_digest=Digest("An4H3cyBqeMYXE2Q8vDpHE8eHz7DSQxC624LdWFKFXtH") retry_cnt=2
2026-05-20T12:40:25.740370Z ERROR iota_benchmark: Transaction failed with err: Rpc(Call(ErrorObject { code: ServerError(-32050), message: "Transaction timed out before reaching finality", data: None })) tx_digest=Digest("4UhkghdP3WS1QmkASV2wQyeTKXzf7yvp9zBk1keviXj1") retry_cnt=0
2026-05-20T12:40:25.749344Z ERROR iota_benchmark: Transaction failed with err: Rpc(Call(ErrorObject { code: ServerError(-32050), message: "Transaction timed out before reaching finality", data: None })) tx_digest=Digest("HfezFBCf2s5YdG22f7pTVhJbcBpT4aPJ932NcNMVCDLR") retry_cnt=0
2026-05-20T12:40:25.757069Z ERROR iota_benchmark: Transaction failed with err: Rpc(Call(ErrorObject { code: ServerError(-32050), message: "Transaction timed out before reaching finality", data: None })) tx_digest=Digest("DLuHxJFMRuaLgxE4wHQf7hFxp1vqtyg74GGQsUYw6zZz") retry_cnt=0
2026-05-20T12:40:25.760922Z ERROR iota_benchmark: Transaction failed with err: Rpc(Call(ErrorObject { code: ServerError(-32050), message: "Transaction timed out before reaching finality", data: None })) tx_digest=Digest("VsWbQdohcJmvbuRRBq6Lt9AqiGcT3hiDiRemLr5P8UQ") retry_cnt=0
2026-05-20T12:40:25.777241Z ERROR iota_benchmark: Transaction failed with err: Rpc(Call(ErrorObject { code: ServerError(-32050), message: "Transaction timed out before reaching finality", data: None })) tx_digest=Digest("2Ggpd1BwanrKMRdRjeud1VKLdGoZHdCHEmv4vzDkKS42") retry_cnt=0
2026-05-20T12:40:25.782580Z ERROR iota_benchmark: Transaction failed with err: Rpc(Call(ErrorObject { code: ServerError(-32050), message: "Transaction timed out before reaching finality", data: None })) tx_digest=Digest("AhLjf7KRVhc8n7H7e6cos1dD7CQQFfTq36jkxZrFz3gE") retry_cnt=2
2026-05-20T12:40:25.783898Z ERROR iota_benchmark: Transaction failed with err: Rpc(Call(ErrorObject { code: ServerError(-32050), message: "Transaction timed out before reaching finality", data: None })) tx_digest=Digest("Gg6AWVG1d7S7qxN7WoopX8zbxVk3KkovVu6XMiJYha4D") retry_cnt=0
2026-05-20T12:40:25.787304Z ERROR iota_benchmark: Transaction failed with err: Rpc(Call(ErrorObject { code: ServerError(-32050), message: "Transaction timed out before reaching finality", data: None })) tx_digest=Digest("6gigsj32F7dwxMHyMKiLyPXHeVwbJd1Wuqo4hxuKoRXx") retry_cnt=0
2026-05-20T12:40:25.788140Z ERROR iota_benchmark: Transaction failed with err: Rpc(Call(ErrorObject { code: ServerError(-32050), message: "Transaction timed out before reaching finality", data: None })) tx_digest=Digest("7SvzyAuJh2AMtPRQPxzVDc3xFgijap1aympVEpkf6tHE") retry_cnt=0
2026-05-20T12:40:25.790664Z ERROR iota_benchmark: Transaction failed with err: Rpc(Call(ErrorObject { code: ServerError(-32050), message: "Transaction timed out before reaching finality", data: None })) tx_digest=Digest("9KpjWBf5GwMSX2zSqEXBLWEbkh3mdB8Sz1YAwCuvobdx") retry_cnt=0
2026-05-20T12:40:25.790747Z ERROR iota_benchmark: Transaction failed with err: Rpc(Call(ErrorObject { code: ServerError(-32050), message: "Transaction timed out before reaching finality", data: None })) tx_digest=Digest("AtppeyQfHvqzS6pD3385n3nQYr5Rjp9ZPU29pFboRiqE") retry_cnt=0
2026-05-20T12:40:25.790762Z ERROR iota_benchmark: Transaction failed with err: Rpc(Call(ErrorObject { code: ServerError(-32050), message: "Transaction timed out before reaching finality", data: None })) tx_digest=Digest("CvCe1EamVhCnd226M4aHXpLmYPq8kRW7zo8D38VBNp5Q") retry_cnt=0
2026-05-20T12:40:25.791548Z ERROR iota_benchmark: Transaction failed with err: Rpc(Call(ErrorObject { code: ServerError(-32050), message: "Transaction timed out before reaching finality", data: None })) tx_digest=Digest("2mZ3pLoY1L2Uw9pQQJHMe95Yz8wvbzPUyisRo3N16Yk4") retry_cnt=0
2026-05-20T12:40:25.795788Z ERROR iota_benchmark: Transaction failed with err: Rpc(Call(ErrorObject { code: ServerError(-32050), message: "Transaction timed out before reaching finality", data: None })) tx_digest=Digest("8RufsZfGd3vhkYjakzhDgA4vQR8CDKRM6LVWMnyjZxDb") retry_cnt=0
2026-05-20T12:40:25.796911Z ERROR iota_benchmark: Transaction failed with err: Rpc(Call(ErrorObject { code: ServerError(-32050), message: "Transaction timed out before reaching finality", data: None })) tx_digest=Digest("6ZJvS5dKknuXpNNYfAQ9ad5xRDZoEtUe9DE6JQgCnre9") retry_cnt=2
2026-05-20T12:40:25.797064Z ERROR iota_benchmark: Transaction failed with err: Rpc(Call(ErrorObject { code: ServerError(-32050), message: "Transaction timed out before reaching finality", data: None })) tx_digest=Digest("4E9zkyum7uT9YCsrdwdCWWUJK7GFXs1e4EMDDQnUJBC8") retry_cnt=0
2026-05-20T12:40:25.800225Z ERROR iota_benchmark: Transaction failed with err: Rpc(Call(ErrorObject { code: ServerError(-32050), message: "Transaction timed out before reaching finality", data: None })) tx_digest=Digest("3yhmHunGhhuZX9DvY3ZyZZJ1GygpEEa2iUNVTyUCNrZV") retry_cnt=0
2026-05-20T12:40:25.800277Z ERROR iota_benchmark: Transaction failed with err: Rpc(Call(ErrorObject { code: ServerError(-32050), message: "Transaction timed out before reaching finality", data: None })) tx_digest=Digest("BCAjpwHuKvt6fC8NSMz55SfevG2t1M64vCnJQCQU58xB") retry_cnt=0
2026-05-20T12:40:25.803636Z ERROR iota_benchmark: Transaction failed with err: Rpc(Call(ErrorObject { code: ServerError(-32050), message: "Transaction timed out before reaching finality", data: None })) tx_digest=Digest("fjicNGFbExQ1grERJ6t4xSztyxnvhdEnPewvXqG4KE9") retry_cnt=0
2026-05-20T12:40:25.803774Z ERROR iota_benchmark: Transaction failed with err: Rpc(Call(ErrorObject { code: ServerError(-32050), message: "Transaction timed out before reaching finality", data: None })) tx_digest=Digest("BgDphKxhR9sCjR5GneTMBgd41aJmTuYmB7tDb9XHxhFj") retry_cnt=0
2026-05-20T12:40:25.803872Z ERROR iota_benchmark: Transaction failed with err: Rpc(Call(ErrorObject { code: ServerError(-32050), message: "Transaction timed out before reaching finality", data: None })) tx_digest=Digest("EjBaSWHFnboVjM1xEsHy4GweShbb5pCJiRWh7Nmw35VZ") retry_cnt=0
2026-05-20T12:40:25.803929Z ERROR iota_benchmark: Transaction failed with err: Rpc(Call(ErrorObject { code: ServerError(-32050), message: "Transaction timed out before reaching finality", data: None })) tx_digest=Digest("75rxBi2KxbaEVSAE7pnx1TtcdazxcheTkX4AYo9uCH1d") retry_cnt=0
2026-05-20T12:40:25.803980Z ERROR iota_benchmark: Transaction failed with err: Rpc(Call(ErrorObject { code: ServerError(-32050), message: "Transaction timed out before reaching finality", data: None })) tx_digest=Digest("6RMpq1uQDfjzUnCp5SvgmqbBzM76XBZZqNYRjNSZKp1m") retry_cnt=0
2026-05-20T12:40:25.806690Z ERROR iota_benchmark: Transaction failed with err: Rpc(Call(ErrorObject { code: ServerError(-32050), message: "Transaction timed out before reaching finality", data: None })) tx_digest=Digest("DxRNCEqSiciz1Mxq9G962djwRe7dqUham2VdX5RD8YbN") retry_cnt=0
2026-05-20T12:40:25.808591Z ERROR iota_benchmark: Transaction failed with err: Rpc(Call(ErrorObject { code: ServerError(-32050), message: "Transaction timed out before reaching finality", data: None })) tx_digest=Digest("6YsEmzbnvUgEZiQQLpCS84AbVSRKRGM1hwe8tCha1QH9") retry_cnt=0
2026-05-20T12:40:25.811848Z ERROR iota_benchmark: Transaction failed with err: Rpc(Call(ErrorObject { code: ServerError(-32050), message: "Transaction timed out before reaching finality", data: None })) tx_digest=Digest("63LwvC55XKLtsizfruxKY6g84Tkkf5u4Hs1rToogxfFP") retry_cnt=2
2026-05-20T12:40:25.811941Z ERROR iota_benchmark: Transaction failed with err: Rpc(Call(ErrorObject { code: ServerError(-32050), message: "Transaction timed out before reaching finality", data: None })) tx_digest=Digest("rqhZUkM7L2MbC9BWL3MB8pxNkJDH2PhhkQJGJi8GdjN") retry_cnt=0
2026-05-20T12:40:25.812006Z ERROR iota_benchmark: Transaction failed with err: Rpc(Call(ErrorObject { code: ServerError(-32050), message: "Transaction timed out before reaching finality", data: None })) tx_digest=Digest("ED1Uz1a8sJ2cBtfTvY5C7EoLeuYNrK687tC96wQ7ZQ8D") retry_cnt=2
2026-05-20T12:40:25.812505Z ERROR iota_benchmark: Transaction failed with err: Rpc(Call(ErrorObject { code: ServerError(-32050), message: "Transaction timed out before reaching finality", data: None })) tx_digest=Digest("FuBvrUEpo9JEm1eq8bgKrRb1DGQG5Rxn1VGHsLQEucsc") retry_cnt=0
2026-05-20T12:40:25.812881Z ERROR iota_benchmark: Transaction failed with err: Rpc(Call(ErrorObject { code: ServerError(-32050), message: "Transaction timed out before reaching finality", data: None })) tx_digest=Digest("HyPjpeqwaGComaJhnyAkms7fZVsBtuBqWG3RE5f98FRW") retry_cnt=0
2026-05-20T12:40:25.814588Z ERROR iota_benchmark: Transaction failed with err: Rpc(Call(ErrorObject { code: ServerError(-32050), message: "Transaction timed out before reaching finality", data: None })) tx_digest=Digest("3vhw1DauLkAH4Kp4oxg4AxBjfkoDEMrR8U3BCavjWpPS") retry_cnt=0
2026-05-20T12:40:25.814595Z ERROR iota_benchmark: Transaction failed with err: Rpc(Call(ErrorObject { code: ServerError(-32050), message: "Transaction timed out before reaching finality", data: None })) tx_digest=Digest("2B3eopGJBSiNNbYrzhWpqGQRhCCGBQJ4AeQnCttW32aT") retry_cnt=2
2026-05-20T12:40:25.814610Z ERROR iota_benchmark: Transaction failed with err: Rpc(Call(ErrorObject { code: ServerError(-32050), message: "Transaction timed out before reaching finality", data: None })) tx_digest=Digest("ARpvqiedG9c3ZrAk1Cr4dhRmuiiRjRQ3jBFUvsfAJnDJ") retry_cnt=0
2026-05-20T12:40:25.814629Z ERROR iota_benchmark: Transaction failed with err: Rpc(Call(ErrorObject { code: ServerError(-32050), message: "Transaction timed out before reaching finality", data: None })) tx_digest=Digest("A97Z4RWVms2eDZds5tVSetosNYjHBpypMnrubtkKJiF1") retry_cnt=0
2026-05-20T12:40:25.814659Z ERROR iota_benchmark: Transaction failed with err: Rpc(Call(ErrorObject { code: ServerError(-32050), message: "Transaction timed out before reaching finality", data: None })) tx_digest=Digest("BxXiDgsKZ2ZYmDhg2sHVMioYLBkZ6RVqeB1Vood5Pfhz") retry_cnt=2
2026-05-20T12:40:25.814665Z ERROR iota_benchmark: Transaction failed with err: Rpc(Call(ErrorObject { code: ServerError(-32050), message: "Transaction timed out before reaching finality", data: None })) tx_digest=Digest("47hgkNRGJbv2w4bGVLdfUfdd8YKgCjz2k6XEoVnaMvay") retry_cnt=2
2026-05-20T12:40:25.814668Z ERROR iota_benchmark: Transaction failed with err: Rpc(Call(ErrorObject { code: ServerError(-32050), message: "Transaction timed out before reaching finality", data: None })) tx_digest=Digest("Cx3RukG6xFE3TdbPb63q4voz4T9cjmTqM1G4TztpURCh") retry_cnt=0
2026-05-20T12:40:25.814688Z ERROR iota_benchmark: Transaction failed with err: Rpc(Call(ErrorObject { code: ServerError(-32050), message: "Transaction timed out before reaching finality", data: None })) tx_digest=Digest("ELipyvhrq1mD2xJdWQondMZpx2KnvA5Tvx3h9ENsFdrc") retry_cnt=0
2026-05-20T12:40:25.814693Z ERROR iota_benchmark: Transaction failed with err: Rpc(Call(ErrorObject { code: ServerError(-32050), message: "Transaction timed out before reaching finality", data: None })) tx_digest=Digest("EwHnhorZ17y59DpYAKa1eoSD9pSwoVh8JQqCXrNnLCSS") retry_cnt=0
2026-05-20T12:40:25.815479Z ERROR iota_benchmark: Transaction failed with err: Rpc(Call(ErrorObject { code: ServerError(-32050), message: "Transaction timed out before reaching finality", data: None })) tx_digest=Digest("4iBXxS52dmKAwcQZQVYAJedapVzxhgauS9eJMK2WLrfd") retry_cnt=0
2026-05-20T12:40:25.818985Z ERROR iota_benchmark: Transaction failed with err: Rpc(Call(ErrorObject { code: ServerError(-32050), message: "Transaction timed out before reaching finality", data: None })) tx_digest=Digest("AYGvkza32yYKhsV9cNpNvRNB7JtUa6Azh7Sjj47c2Txu") retry_cnt=0
2026-05-20T12:40:25.819149Z ERROR iota_benchmark: Transaction failed with err: Rpc(Call(ErrorObject { code: ServerError(-32050), message: "Transaction timed out before reaching finality", data: None })) tx_digest=Digest("H4bnJQvTZeVDuxPH1BtZsRBC4x7qTqh4kh6Wv3TQfWmv") retry_cnt=0
2026-05-20T12:40:25.819185Z ERROR iota_benchmark: Transaction failed with err: Rpc(Call(ErrorObject { code: ServerError(-32050), message: "Transaction timed out before reaching finality", data: None })) tx_digest=Digest("6puFTFB5MEUvzUnH5W9yL6jzwrNLmnshJDdF5ARHwSf2") retry_cnt=0
2026-05-20T12:40:25.819325Z ERROR iota_benchmark: Transaction failed with err: Rpc(Call(ErrorObject { code: ServerError(-32050), message: "Transaction timed out before reaching finality", data: None })) tx_digest=Digest("CerHcCz6nmMfGSE9hZxoDXRP66hUsjibQ7LZNP68zYYw") retry_cnt=0
2026-05-20T12:40:25.820622Z ERROR iota_benchmark: Transaction failed with err: Rpc(Call(ErrorObject { code: ServerError(-32050), message: "Transaction timed out before reaching finality", data: None })) tx_digest=Digest("FcSZecVFDAKw9rokBNWXsebfrUwmDPKHgfBxGeTGMae8") retry_cnt=2
2026-05-20T12:40:25.820659Z ERROR iota_benchmark: Transaction failed with err: Rpc(Call(ErrorObject { code: ServerError(-32050), message: "Transaction timed out before reaching finality", data: None })) tx_digest=Digest("9aUBDRWfTqKBhCjA9hULYWYRPz9a1o83iGxtPjxVGd6C") retry_cnt=2
2026-05-20T12:40:25.827059Z ERROR iota_benchmark: Transaction failed with err: Rpc(Call(ErrorObject { code: ServerError(-32050), message: "Transaction timed out before reaching finality", data: None })) tx_digest=Digest("CwW7BiDU4aQpK4yH5VokfVNrw1XK1MsC97j7zQ1KAx57") retry_cnt=2
2026-05-20T12:40:25.827378Z ERROR iota_benchmark: Transaction failed with err: Rpc(Call(ErrorObject { code: ServerError(-32050), message: "Transaction timed out before reaching finality", data: None })) tx_digest=Digest("5XK3Rg3HDqQVQMHBEW3Y6KSeDtT7ZaN2sLJ41oJEn3SJ") retry_cnt=0
2026-05-20T12:40:25.827763Z ERROR iota_benchmark: Transaction failed with err: Rpc(Call(ErrorObject { code: ServerError(-32050), message: "Transaction timed out before reaching finality", data: None })) tx_digest=Digest("5FxgaPRGfkFJZT3y8TfTd1V2cJuwzgXX89DWZFjXU36K") retry_cnt=0
2026-05-20T12:40:25.833756Z ERROR iota_benchmark: Transaction failed with err: Rpc(Call(ErrorObject { code: ServerError(-32050), message: "Transaction timed out before reaching finality", data: None })) tx_digest=Digest("DXLqvn8yhJQxFhn1QUkxDC55vdVt7Fy4VF7NrvFmmzKJ") retry_cnt=0
2026-05-20T12:40:25.885417Z ERROR iota_benchmark: Transaction failed with err: Rpc(Call(ErrorObject { code: ServerError(-32050), message: "Transaction timed out before reaching finality", data: None })) tx_digest=Digest("6PEx6yDEcdwyEmwiYW3mWaDMpr5cqrGkRbx9EWDT93oi") retry_cnt=0
2026-05-20T12:40:25.885619Z ERROR iota_benchmark: Transaction failed with err: Rpc(Call(ErrorObject { code: ServerError(-32050), message: "Transaction timed out before reaching finality", data: None })) tx_digest=Digest("9cDz3sw2DaksHudD4hnsFqVguRzZUBUikmjBHzTZkvzr") retry_cnt=0
2026-05-20T12:40:25.888426Z ERROR iota_benchmark: Transaction failed with err: Rpc(Call(ErrorObject { code: ServerError(-32050), message: "Transaction timed out before reaching finality", data: None })) tx_digest=Digest("4NpsfoGp9a8TWyHNuyP3Ay72jsW3DGEwFK4jbxPACnah") retry_cnt=0
2026-05-20T12:40:25.890664Z ERROR iota_benchmark: Transaction failed with err: Rpc(Call(ErrorObject { code: ServerError(-32050), message: "Transaction timed out before reaching finality", data: None })) tx_digest=Digest("FMLUXNqRmRn88WNGuVx5nVxmwoZdAtH6uyB5gfjff2Ki") retry_cnt=0
2026-05-20T12:40:25.890721Z ERROR iota_benchmark: Transaction failed with err: Rpc(Call(ErrorObject { code: ServerError(-32050), message: "Transaction timed out before reaching finality", data: None })) tx_digest=Digest("4JQG7SWuW4Yp9vxB2dP6g9kaBEoXKuYuPxe75RHVHA7z") retry_cnt=0
2026-05-20T12:40:25.891185Z ERROR iota_benchmark: Transaction failed with err: Rpc(Call(ErrorObject { code: ServerError(-32050), message: "Transaction timed out before reaching finality", data: None })) tx_digest=Digest("4iLdxsoKrNR81vgeRU9AGyPqbrR3MLxtWAuQtos1sDxA") retry_cnt=0
2026-05-20T12:40:25.893762Z ERROR iota_benchmark: Transaction failed with err: Rpc(Call(ErrorObject { code: ServerError(-32050), message: "Transaction timed out before reaching finality", data: None })) tx_digest=Digest("77gsQf9kscj3yi1Z1zs5U2UHsNK3mZvmKLLMZdfuyrL9") retry_cnt=0
2026-05-20T12:40:25.894444Z ERROR iota_benchmark: Transaction failed with err: Rpc(Call(ErrorObject { code: ServerError(-32050), message: "Transaction timed out before reaching finality", data: None })) tx_digest=Digest("Gx2ctj5qDMRUzDLLAstZuF2EDuoYmx7YciyZ4KscEDcU") retry_cnt=0
2026-05-20T12:40:25.895329Z ERROR iota_benchmark: Transaction failed with err: Rpc(Call(ErrorObject { code: ServerError(-32050), message: "Transaction timed out before reaching finality", data: None })) tx_digest=Digest("Cb8n5vhcpqN4BREuRNRvLKx1TmgHqfiGrTXfeWbDYWY8") retry_cnt=0
2026-05-20T12:40:25.895617Z ERROR iota_benchmark: Transaction failed with err: Rpc(Call(ErrorObject { code: ServerError(-32050), message: "Transaction timed out before reaching finality", data: None })) tx_digest=Digest("8mfpNEWwPgTA6VidR13V41RJbVKbyKGwdH3bXq1wWgyD") retry_cnt=0
2026-05-20T12:40:25.897231Z ERROR iota_benchmark: Transaction failed with err: Rpc(Call(ErrorObject { code: ServerError(-32050), message: "Transaction timed out before reaching finality", data: None })) tx_digest=Digest("AtgQYavwd7SXEF6HRcgsnusKWQdJuv48giEPf2CVQ4tZ") retry_cnt=0
2026-05-20T12:40:25.897316Z ERROR iota_benchmark: Transaction failed with err: Rpc(Call(ErrorObject { code: ServerError(-32050), message: "Transaction timed out before reaching finality", data: None })) tx_digest=Digest("DwEZzbQpzhWQJNEx5iYSW372eBX6rG6NoyCYjjQiHzb7") retry_cnt=0
2026-05-20T12:40:25.897321Z ERROR iota_benchmark: Transaction failed with err: Rpc(Call(ErrorObject { code: ServerError(-32050), message: "Transaction timed out before reaching finality", data: None })) tx_digest=Digest("6RSaHuwoTCn8anQy86mfcz5Vrozae5NvYAZnCQdwi7G7") retry_cnt=0
2026-05-20T12:40:25.897354Z ERROR iota_benchmark: Transaction failed with err: Rpc(Call(ErrorObject { code: ServerError(-32050), message: "Transaction timed out before reaching finality", data: None })) tx_digest=Digest("HBNZn7N27Xf5Q8HThQwbZF89faTXmQD847rpe3TP3Mhm") retry_cnt=0
2026-05-20T12:40:25.897369Z ERROR iota_benchmark: Transaction failed with err: Rpc(Call(ErrorObject { code: ServerError(-32050), message: "Transaction timed out before reaching finality", data: None })) tx_digest=Digest("FrKkAYim5SVPRbzA2oa3wsYaTmAnuf1Bg1xdGaf5pnif") retry_cnt=0
2026-05-20T12:40:25.897390Z ERROR iota_benchmark: Transaction failed with err: Rpc(Call(ErrorObject { code: ServerError(-32050), message: "Transaction timed out before reaching finality", data: None })) tx_digest=Digest("2taTBGocdMoQaPojDw4G5BiYeic6vamhJRgjHkxUa8nn") retry_cnt=0
2026-05-20T12:40:25.897436Z ERROR iota_benchmark: Transaction failed with err: Rpc(Call(ErrorObject { code: ServerError(-32050), message: "Transaction timed out before reaching finality", data: None })) tx_digest=Digest("Hwzkip2mzqmejvRqf18Li9uvy4ehRzs6hNgJ63zHai1d") retry_cnt=0
2026-05-20T12:40:25.897490Z ERROR iota_benchmark: Transaction failed with err: Rpc(Call(ErrorObject { code: ServerError(-32050), message: "Transaction timed out before reaching finality", data: None })) tx_digest=Digest("GYf5UzbnzSniTyY2PitCDwwdejWZrukaYHSifzp36sda") retry_cnt=0
2026-05-20T12:40:25.897674Z ERROR iota_benchmark: Transaction failed with err: Rpc(Call(ErrorObject { code: ServerError(-32050), message: "Transaction timed out before reaching finality", data: None })) tx_digest=Digest("kXfzd9AhqAHEiyif7p59Zauz3S28AXy2Hjnzoc4itp3") retry_cnt=0
2026-05-20T12:40:25.897754Z ERROR iota_benchmark: Transaction failed with err: Rpc(Call(ErrorObject { code: ServerError(-32050), message: "Transaction timed out before reaching finality", data: None })) tx_digest=Digest("EV7rwZ5d7CRL1DABEbw6Nc17tPovHsQ4WcLimrAcS1zV") retry_cnt=0
2026-05-20T12:40:25.897763Z ERROR iota_benchmark: Transaction failed with err: Rpc(Call(ErrorObject { code: ServerError(-32050), message: "Transaction timed out before reaching finality", data: None })) tx_digest=Digest("DCBsn6PvNHwuQA4yrbb2eLfhhcWFAz9BUFMUfw6hvysW") retry_cnt=0
2026-05-20T12:40:25.897807Z ERROR iota_benchmark: Transaction failed with err: Rpc(Call(ErrorObject { code: ServerError(-32050), message: "Transaction timed out before reaching finality", data: None })) tx_digest=Digest("9f6FkwjS5hvpc9iuTwMtYk66c8c2DVFf5KRERnqpcaTU") retry_cnt=0
2026-05-20T12:40:25.897976Z ERROR iota_benchmark: Transaction failed with err: Rpc(Call(ErrorObject { code: ServerError(-32050), message: "Transaction timed out before reaching finality", data: None })) tx_digest=Digest("8AcoMQz1xnVD1yUT1LtHWW8LsWFfY9xFn2Bg8pWGS7VB") retry_cnt=0
2026-05-20T12:40:25.898183Z ERROR iota_benchmark: Transaction failed with err: Rpc(Call(ErrorObject { code: ServerError(-32050), message: "Transaction timed out before reaching finality", data: None })) tx_digest=Digest("G6PQqJiTLEtExbBGn6hv3TP5xMt8AYW159NH6o7eKo9t") retry_cnt=0
2026-05-20T12:40:25.898610Z ERROR iota_benchmark: Transaction failed with err: Rpc(Call(ErrorObject { code: ServerError(-32050), message: "Transaction timed out before reaching finality", data: None })) tx_digest=Digest("HErJm2GMzkVLiiP37AgLyEkKfdrwGSVx11c9PSCnYRk8") retry_cnt=0
2026-05-20T12:40:25.899039Z ERROR iota_benchmark: Transaction failed with err: Rpc(Call(ErrorObject { code: ServerError(-32050), message: "Transaction timed out before reaching finality", data: None })) tx_digest=Digest("5UyRSvnAK9YNnLmUjx7E7fWH62NrkuapCZFdmehSbn8m") retry_cnt=0
2026-05-20T12:40:25.903926Z ERROR iota_benchmark: Transaction failed with err: Rpc(Call(ErrorObject { code: ServerError(-32050), message: "Transaction timed out before reaching finality", data: None })) tx_digest=Digest("9HRgjVMN9afLYvwPmhUDmiYAuHz9p75x7h7vdM5EvnJS") retry_cnt=0
2026-05-20T12:40:25.904037Z ERROR iota_benchmark: Transaction failed with err: Rpc(Call(ErrorObject { code: ServerError(-32050), message: "Transaction timed out before reaching finality", data: None })) tx_digest=Digest("Gs3aZG3agxVKQv8ZXHLbe2rbC1KPUQ7frnVZBtS8FcG2") retry_cnt=0
2026-05-20T12:40:25.904041Z ERROR iota_benchmark: Transaction failed with err: Rpc(Call(ErrorObject { code: ServerError(-32050), message: "Transaction timed out before reaching finality", data: None })) tx_digest=Digest("37SvjcHpDw8Apdwj5RmJqzCgejZ1w8DAZVH8uGaMvESe") retry_cnt=0
2026-05-20T12:40:25.904044Z ERROR iota_benchmark: Transaction failed with err: Rpc(Call(ErrorObject { code: ServerError(-32050), message: "Transaction timed out before reaching finality", data: None })) tx_digest=Digest("XQfqwrrkabceJoRATzVde16ESzN5j7euZko1StQc8Gr") retry_cnt=0
2026-05-20T12:40:25.904081Z ERROR iota_benchmark: Transaction failed with err: Rpc(Call(ErrorObject { code: ServerError(-32050), message: "Transaction timed out before reaching finality", data: None })) tx_digest=Digest("DdD5WD7Mm4Yqcm9xUSgtp1t5mQ4aY4m8CF624FCLhvUd") retry_cnt=0
2026-05-20T12:40:25.904111Z ERROR iota_benchmark: Transaction failed with err: Rpc(Call(ErrorObject { code: ServerError(-32050), message: "Transaction timed out before reaching finality", data: None })) tx_digest=Digest("HHgjn8iVxMVGjfTaezEEme4z2ss9nxzaHFhQvWSqgLYV") retry_cnt=0
2026-05-20T12:40:25.904161Z ERROR iota_benchmark: Transaction failed with err: Rpc(Call(ErrorObject { code: ServerError(-32050), message: "Transaction timed out before reaching finality", data: None })) tx_digest=Digest("F7PANbYfRPjHQuZjzimfkxquv1MLQE4LXR62ZvuKSDVW") retry_cnt=0
2026-05-20T12:40:25.904277Z ERROR iota_benchmark: Transaction failed with err: Rpc(Call(ErrorObject { code: ServerError(-32050), message: "Transaction timed out before reaching finality", data: None })) tx_digest=Digest("ADrbHucVUDerzWvuMTD1uGqqrGZFLtpqVTaBbE9s7mJK") retry_cnt=0
2026-05-20T12:40:25.904312Z ERROR iota_benchmark: Transaction failed with err: Rpc(Call(ErrorObject { code: ServerError(-32050), message: "Transaction timed out before reaching finality", data: None })) tx_digest=Digest("8jdy1nmxCwbWNYp2J5mv3fuwALiywWbNcdNEXzphjTsx") retry_cnt=0
2026-05-20T12:40:25.904324Z ERROR iota_benchmark: Transaction failed with err: Rpc(Call(ErrorObject { code: ServerError(-32050), message: "Transaction timed out before reaching finality", data: None })) tx_digest=Digest("DLr1hpRFJ2UMCmD7NhmARVWn5yTS4mHXYDkSS7E98zDF") retry_cnt=0
2026-05-20T12:40:25.904357Z ERROR iota_benchmark: Transaction failed with err: Rpc(Call(ErrorObject { code: ServerError(-32050), message: "Transaction timed out before reaching finality", data: None })) tx_digest=Digest("FeU8jTKD3TfQGCdtVDY1GkFjsQF9skfjW2AUvFzUgLb3") retry_cnt=0
2026-05-20T12:40:25.904439Z ERROR iota_benchmark: Transaction failed with err: Rpc(Call(ErrorObject { code: ServerError(-32050), message: "Transaction timed out before reaching finality", data: None })) tx_digest=Digest("4KKbZiB13TBo2MfxmfASdcP9yszquTfED5XbHpGtzmPS") retry_cnt=0
2026-05-20T12:40:25.904473Z ERROR iota_benchmark: Transaction failed with err: Rpc(Call(ErrorObject { code: ServerError(-32050), message: "Transaction timed out before reaching finality", data: None })) tx_digest=Digest("7knQ6gkaQaWXiEp5RNJQqLLJcuwS7TWYhb4Ab8XSpy4G") retry_cnt=0
2026-05-20T12:40:25.904601Z ERROR iota_benchmark: Transaction failed with err: Rpc(Call(ErrorObject { code: ServerError(-32050), message: "Transaction timed out before reaching finality", data: None })) tx_digest=Digest("BwQfnnuQYfPq5ik3tky5Kj1Mb9NDYuGuEZdAcypnoP4Q") retry_cnt=0
2026-05-20T12:40:25.904795Z ERROR iota_benchmark: Transaction failed with err: Rpc(Call(ErrorObject { code: ServerError(-32050), message: "Transaction timed out before reaching finality", data: None })) tx_digest=Digest("FX8UjgQ1bDLweJ2xgEUmmdN5ffxvy5cfzj9xzvyojaoz") retry_cnt=0
2026-05-20T12:40:25.907261Z ERROR iota_benchmark: Transaction failed with err: Rpc(Call(ErrorObject { code: ServerError(-32050), message: "Transaction timed out before reaching finality", data: None })) tx_digest=Digest("Cw4mcdyx4WYEjRquL4itzcM67Ud2EgNM6UroXGKmjLCw") retry_cnt=0
2026-05-20T12:40:25.907270Z ERROR iota_benchmark: Transaction failed with err: Rpc(Call(ErrorObject { code: ServerError(-32050), message: "Transaction timed out before reaching finality", data: None })) tx_digest=Digest("BZo5ykZK7DHhRzycnmr2rhjBqHC9TPKKoe9GKNu7PkYD") retry_cnt=0
2026-05-20T12:40:25.907302Z ERROR iota_benchmark: Transaction failed with err: Rpc(Call(ErrorObject { code: ServerError(-32050), message: "Transaction timed out before reaching finality", data: None })) tx_digest=Digest("GobGjqXub9Hp1TKZHdZQA7LwKyHhhjenoppp1Z3iActw") retry_cnt=0
2026-05-20T12:40:25.907317Z ERROR iota_benchmark: Transaction failed with err: Rpc(Call(ErrorObject { code: ServerError(-32050), message: "Transaction timed out before reaching finality", data: None })) tx_digest=Digest("4E81YgPcqJfgDa6L6i19YHGEP8TvACsEDVwkzkeWD7Gt") retry_cnt=0
2026-05-20T12:40:25.907370Z ERROR iota_benchmark: Transaction failed with err: Rpc(Call(ErrorObject { code: ServerError(-32050), message: "Transaction timed out before reaching finality", data: None })) tx_digest=Digest("33EbkudiRqGhjryxKD9fABu9y1JR44vypSUM9DwiEZvQ") retry_cnt=0
2026-05-20T12:40:25.907414Z ERROR iota_benchmark: Transaction failed with err: Rpc(Call(ErrorObject { code: ServerError(-32050), message: "Transaction timed out before reaching finality", data: None })) tx_digest=Digest("8NxZZVh7G4hT2UzepnA8wWxfsSdyzEVgjXFjY5j5VgC7") retry_cnt=0
2026-05-20T12:40:25.907447Z ERROR iota_benchmark: Transaction failed with err: Rpc(Call(ErrorObject { code: ServerError(-32050), message: "Transaction timed out before reaching finality", data: None })) tx_digest=Digest("CJ4gcaQSfW3dkTQWYUPUJLnkZEqTYxSLisfLnr3fcuYG") retry_cnt=0
2026-05-20T12:40:25.907448Z ERROR iota_benchmark: Transaction failed with err: Rpc(Call(ErrorObject { code: ServerError(-32050), message: "Transaction timed out before reaching finality", data: None })) tx_digest=Digest("4qo8YS9CiJPaohx7QrTRfRXMgaQU8ATW5HD9zTjViuRd") retry_cnt=0
2026-05-20T12:40:25.907481Z ERROR iota_benchmark: Transaction failed with err: Rpc(Call(ErrorObject { code: ServerError(-32050), message: "Transaction timed out before reaching finality", data: None })) tx_digest=Digest("EzeVLRwHHHjRiPrWGJLcjoNaMiypXajqVeaE4Znj2Fps") retry_cnt=0
2026-05-20T12:40:25.907492Z ERROR iota_benchmark: Transaction failed with err: Rpc(Call(ErrorObject { code: ServerError(-32050), message: "Transaction timed out before reaching finality", data: None })) tx_digest=Digest("3Mrgefj51wYhpX5U4izXtChbCHwSRidTktBJm33mHh9G") retry_cnt=0
2026-05-20T12:40:25.907503Z ERROR iota_benchmark: Transaction failed with err: Rpc(Call(ErrorObject { code: ServerError(-32050), message: "Transaction timed out before reaching finality", data: None })) tx_digest=Digest("32ucWkcT7cN3MZxHtXegUbUpKY4D9qKaN4FhW1XJe6WU") retry_cnt=0
2026-05-20T12:40:25.907553Z ERROR iota_benchmark: Transaction failed with err: Rpc(Call(ErrorObject { code: ServerError(-32050), message: "Transaction timed out before reaching finality", data: None })) tx_digest=Digest("2C8EWASAVGudZywFpztm7Q9UhNSabiJM5bogt2QZjw3D") retry_cnt=0
2026-05-20T12:40:25.907639Z ERROR iota_benchmark: Transaction failed with err: Rpc(Call(ErrorObject { code: ServerError(-32050), message: "Transaction timed out before reaching finality", data: None })) tx_digest=Digest("GACwjhDUtceVYPN6UVPVt52hw5k3uyJ7WcUk8eUfVYCg") retry_cnt=0
2026-05-20T12:40:25.908038Z ERROR iota_benchmark: Transaction failed with err: Rpc(Call(ErrorObject { code: ServerError(-32050), message: "Transaction timed out before reaching finality", data: None })) tx_digest=Digest("CXiN6MvJyn9JTPCija6P2AF1JgcbSyRsppvB8Bh83JU8") retry_cnt=0
2026-05-20T12:40:25.908203Z ERROR iota_benchmark: Transaction failed with err: Rpc(Call(ErrorObject { code: ServerError(-32050), message: "Transaction timed out before reaching finality", data: None })) tx_digest=Digest("DELwuzgXm7rgoxEHLtXK3wHJJsSJmMBM7e7Lp6y7Test") retry_cnt=0
2026-05-20T12:40:25.908221Z ERROR iota_benchmark: Transaction failed with err: Rpc(Call(ErrorObject { code: ServerError(-32050), message: "Transaction timed out before reaching finality", data: None })) tx_digest=Digest("sQ3KECebpaHUZtXKMFsZ8bf44Wc6MkgdDXKEF4GBSoc") retry_cnt=0
2026-05-20T12:40:25.910528Z ERROR iota_benchmark: Transaction failed with err: Rpc(Call(ErrorObject { code: ServerError(-32050), message: "Transaction timed out before reaching finality", data: None })) tx_digest=Digest("3gHMsRY4usZ822zYdfAmraZ4CR1QwjvixVC3yfMX9ZUi") retry_cnt=0
2026-05-20T12:40:25.910605Z ERROR iota_benchmark: Transaction failed with err: Rpc(Call(ErrorObject { code: ServerError(-32050), message: "Transaction timed out before reaching finality", data: None })) tx_digest=Digest("6qttGS3uZaMpoZ3UfR77TvpPq1hu6YRQcL2sdKubqzu4") retry_cnt=0
2026-05-20T12:40:25.910624Z ERROR iota_benchmark: Transaction failed with err: Rpc(Call(ErrorObject { code: ServerError(-32050), message: "Transaction timed out before reaching finality", data: None })) tx_digest=Digest("DeCnBfNdfzAbAsVrhegu7DCxUUE7pmNaU2W3BHvozU2Y") retry_cnt=0
2026-05-20T12:40:25.910682Z ERROR iota_benchmark: Transaction failed with err: Rpc(Call(ErrorObject { code: ServerError(-32050), message: "Transaction timed out before reaching finality", data: None })) tx_digest=Digest("4obzs6UyyzA2c1hbHke969fcLrV6nWNBVMq7cciZTi2Y") retry_cnt=0
2026-05-20T12:40:25.910694Z ERROR iota_benchmark: Transaction failed with err: Rpc(Call(ErrorObject { code: ServerError(-32050), message: "Transaction timed out before reaching finality", data: None })) tx_digest=Digest("3KPhDTzmsFNt9rohDZNfjZN2vBguGhGzk1drjZRUhkXi") retry_cnt=0
2026-05-20T12:40:25.910702Z ERROR iota_benchmark: Transaction failed with err: Rpc(Call(ErrorObject { code: ServerError(-32050), message: "Transaction timed out before reaching finality", data: None })) tx_digest=Digest("3WsHWviyQCEqY2QnY3pLrRaqxiGkXfsgye7naaxR5dRq") retry_cnt=0
2026-05-20T12:40:25.910716Z ERROR iota_benchmark: Transaction failed with err: Rpc(Call(ErrorObject { code: ServerError(-32050), message: "Transaction timed out before reaching finality", data: None })) tx_digest=Digest("5TLDzeWmMPegUAyYP8ttD1rjzRvXwGqZhYRjRsY168Wu") retry_cnt=0
2026-05-20T12:40:25.910777Z ERROR iota_benchmark: Transaction failed with err: Rpc(Call(ErrorObject { code: ServerError(-32050), message: "Transaction timed out before reaching finality", data: None })) tx_digest=Digest("5a8NVTTS7bJsXJpRM1uY34PR6Qt57ZQfrYurXMCTaHuT") retry_cnt=0
2026-05-20T12:40:25.910781Z ERROR iota_benchmark: Transaction failed with err: Rpc(Call(ErrorObject { code: ServerError(-32050), message: "Transaction timed out before reaching finality", data: None })) tx_digest=Digest("EjraZa9Si4TmnHRCbdz2nKLAFFv232UZx1Acpr1h9t3F") retry_cnt=0
2026-05-20T12:40:25.910790Z ERROR iota_benchmark: Transaction failed with err: Rpc(Call(ErrorObject { code: ServerError(-32050), message: "Transaction timed out before reaching finality", data: None })) tx_digest=Digest("BbpqL2DgcMuiDQjbe2bdtCJWwtACrjL47P8auQa1NpFv") retry_cnt=0
2026-05-20T12:40:25.910833Z ERROR iota_benchmark: Transaction failed with err: Rpc(Call(ErrorObject { code: ServerError(-32050), message: "Transaction timed out before reaching finality", data: None })) tx_digest=Digest("6VgUKXPQ2yzXMP1JnBoL6pzZB84YpamKJfmmru3CDjuz") retry_cnt=0
2026-05-20T12:40:25.910839Z ERROR iota_benchmark: Transaction failed with err: Rpc(Call(ErrorObject { code: ServerError(-32050), message: "Transaction timed out before reaching finality", data: None })) tx_digest=Digest("HCTX2nvRSNhf32cyzfGs4JRKQDHf2eQhKfC3MuBZi6tm") retry_cnt=0
2026-05-20T12:40:25.910921Z ERROR iota_benchmark: Transaction failed with err: Rpc(Call(ErrorObject { code: ServerError(-32050), message: "Transaction timed out before reaching finality", data: None })) tx_digest=Digest("9oiy5Ac8ohaUUCrLqLzctCRhCDMbpsGNMgimf9RVBSWA") retry_cnt=0
2026-05-20T12:40:25.911445Z ERROR iota_benchmark: Transaction failed with err: Rpc(Call(ErrorObject { code: ServerError(-32050), message: "Transaction timed out before reaching finality", data: None })) tx_digest=Digest("21C2AdNpAboiDJcVoHAaVH1dhHC7zPvUhRGCtG2jduEL") retry_cnt=0
2026-05-20T12:40:25.911449Z ERROR iota_benchmark: Transaction failed with err: Rpc(Call(ErrorObject { code: ServerError(-32050), message: "Transaction timed out before reaching finality", data: None })) tx_digest=Digest("77qHiKz2RzBTvtLXiWjcNCR9YDSD5k8c94kWnZ9dmwdv") retry_cnt=0
2026-05-20T12:40:25.911454Z ERROR iota_benchmark: Transaction failed with err: Rpc(Call(ErrorObject { code: ServerError(-32050), message: "Transaction timed out before reaching finality", data: None })) tx_digest=Digest("9juRgK9QWVgfnyBVZJm2BhcsVu3P8WNNuyocs4MhjQMJ") retry_cnt=0
2026-05-20T12:40:25.911777Z ERROR iota_benchmark: Transaction failed with err: Rpc(Call(ErrorObject { code: ServerError(-32050), message: "Transaction timed out before reaching finality", data: None })) tx_digest=Digest("3rW9LXShFhYtgvp5tEx6RSJH793ffUfnCVkMJbjPpAJC") retry_cnt=0
2026-05-20T12:40:25.911801Z ERROR iota_benchmark: Transaction failed with err: Rpc(Call(ErrorObject { code: ServerError(-32050), message: "Transaction timed out before reaching finality", data: None })) tx_digest=Digest("3n4Jij9TyVFGfYJRhEC8Spwkw9APPxRXbxaS37gt7Apd") retry_cnt=0
2026-05-20T12:40:25.911906Z ERROR iota_benchmark: Transaction failed with err: Rpc(Call(ErrorObject { code: ServerError(-32050), message: "Transaction timed out before reaching finality", data: None })) tx_digest=Digest("7eVV7hGYz2TzZc3RukbFkKyCyqf5Mf1gvstQUgzo9yB3") retry_cnt=0
2026-05-20T12:40:25.911941Z ERROR iota_benchmark: Transaction failed with err: Rpc(Call(ErrorObject { code: ServerError(-32050), message: "Transaction timed out before reaching finality", data: None })) tx_digest=Digest("GqRSRxfiHLfaxyxWxG1effoTDXJumEKX9BoLU6cTpopQ") retry_cnt=0
2026-05-20T12:40:25.915350Z ERROR iota_benchmark: Transaction failed with err: Rpc(Call(ErrorObject { code: ServerError(-32050), message: "Transaction timed out before reaching finality", data: None })) tx_digest=Digest("Hky272bVdbZxwHhuQtvGgvpw61UeoG5uMAV9S34mJCKo") retry_cnt=0
2026-05-20T12:40:25.915364Z ERROR iota_benchmark: Transaction failed with err: Rpc(Call(ErrorObject { code: ServerError(-32050), message: "Transaction timed out before reaching finality", data: None })) tx_digest=Digest("CoV739JMs7m2L43dK4gcyBKjtHs6mUvVWPQ618xC5c2F") retry_cnt=0
2026-05-20T12:40:25.915402Z ERROR iota_benchmark: Transaction failed with err: Rpc(Call(ErrorObject { code: ServerError(-32050), message: "Transaction timed out before reaching finality", data: None })) tx_digest=Digest("75bbHEoTwwNj4diLG11PpDKQo1aXKhHnR2yN8nvpgXSH") retry_cnt=0
2026-05-20T12:40:25.915425Z ERROR iota_benchmark: Transaction failed with err: Rpc(Call(ErrorObject { code: ServerError(-32050), message: "Transaction timed out before reaching finality", data: None })) tx_digest=Digest("9nnd97UsbuPTB9mWe6tKLSvixCFA9cemMW73mWYUTjqS") retry_cnt=0
2026-05-20T12:40:25.915459Z ERROR iota_benchmark: Transaction failed with err: Rpc(Call(ErrorObject { code: ServerError(-32050), message: "Transaction timed out before reaching finality", data: None })) tx_digest=Digest("GjPssmRco3JKD9dsB9safzGxcfsVSx1b11YyA96pi98q") retry_cnt=0
2026-05-20T12:40:25.915491Z ERROR iota_benchmark: Transaction failed with err: Rpc(Call(ErrorObject { code: ServerError(-32050), message: "Transaction timed out before reaching finality", data: None })) tx_digest=Digest("FMX3vkchhLNyW129hunqB9PxqCbStPCxBbe2qryczwvK") retry_cnt=2
2026-05-20T12:40:25.915492Z ERROR iota_benchmark: Transaction failed with err: Rpc(Call(ErrorObject { code: ServerError(-32050), message: "Transaction timed out before reaching finality", data: None })) tx_digest=Digest("CRjYRidxd6iyWybfghHzJUniWSjPGXfovBPXLHMDNC8V") retry_cnt=0
2026-05-20T12:40:25.915521Z ERROR iota_benchmark: Transaction failed with err: Rpc(Call(ErrorObject { code: ServerError(-32050), message: "Transaction timed out before reaching finality", data: None })) tx_digest=Digest("BLhVGRVvb29jMMa2WjhPiXUm3Pq1JmEFou4AtjSd2yj8") retry_cnt=0
2026-05-20T12:40:25.915565Z ERROR iota_benchmark: Transaction failed with err: Rpc(Call(ErrorObject { code: ServerError(-32050), message: "Transaction timed out before reaching finality", data: None })) tx_digest=Digest("87g6wLK1Xa75pAqcqiwYBuLiPp2BBr89gouj9rcouRFg") retry_cnt=0
2026-05-20T12:40:25.915612Z ERROR iota_benchmark: Transaction failed with err: Rpc(Call(ErrorObject { code: ServerError(-32050), message: "Transaction timed out before reaching finality", data: None })) tx_digest=Digest("4KSGaqARzWuaUTe84BWj7SBK6BEoZfqKGV6UUVNYvMws") retry_cnt=0
2026-05-20T12:40:25.916245Z ERROR iota_benchmark: Transaction failed with err: Rpc(Call(ErrorObject { code: ServerError(-32050), message: "Transaction timed out before reaching finality", data: None })) tx_digest=Digest("AccZfY7cBYRVTaeGCR9XzFkF2iWSrSXyxitEfH6SXuxt") retry_cnt=0
2026-05-20T12:40:25.916616Z ERROR iota_benchmark: Transaction failed with err: Rpc(Call(ErrorObject { code: ServerError(-32050), message: "Transaction timed out before reaching finality", data: None })) tx_digest=Digest("CBo7NddTUb7BtdKsuDeqecEuGMu96e3KB59V2NDDF2Zc") retry_cnt=0
2026-05-20T12:40:25.917059Z ERROR iota_benchmark: Transaction failed with err: Rpc(Call(ErrorObject { code: ServerError(-32050), message: "Transaction timed out before reaching finality", data: None })) tx_digest=Digest("9kGu8oojJjzmcpL2QaCsum1tpwouf1496WLjYfHyy6SD") retry_cnt=0
2026-05-20T12:40:25.920115Z ERROR iota_benchmark: Transaction failed with err: Rpc(Call(ErrorObject { code: ServerError(-32050), message: "Transaction timed out before reaching finality", data: None })) tx_digest=Digest("2sQkNLppakU3sKxUsWg7Rss8sSj2t6WAyKsMZuvLyTeK") retry_cnt=0
2026-05-20T12:40:25.920115Z ERROR iota_benchmark: Transaction failed with err: Rpc(Call(ErrorObject { code: ServerError(-32050), message: "Transaction timed out before reaching finality", data: None })) tx_digest=Digest("2tf9TrYFGdxHpQ5NKiV21GvgggJgfn1g2nFNNrRSUAyE") retry_cnt=0
2026-05-20T12:40:25.920166Z ERROR iota_benchmark: Transaction failed with err: Rpc(Call(ErrorObject { code: ServerError(-32050), message: "Transaction timed out before reaching finality", data: None })) tx_digest=Digest("DJEAJQw3a5GVgxwexG4dJDf3WSqmDium4RLghiMbgtzS") retry_cnt=0
2026-05-20T12:40:25.920176Z ERROR iota_benchmark: Transaction failed with err: Rpc(Call(ErrorObject { code: ServerError(-32050), message: "Transaction timed out before reaching finality", data: None })) tx_digest=Digest("DiMkeESthSCC6zZxzDZGpqcvUuBjgcbPjAYygkuLeMQx") retry_cnt=0
2026-05-20T12:40:25.920210Z ERROR iota_benchmark: Transaction failed with err: Rpc(Call(ErrorObject { code: ServerError(-32050), message: "Transaction timed out before reaching finality", data: None })) tx_digest=Digest("5pBFmBptshkWV7J1rT8z5CfTcGaiMpyPYi4UhsY1kCU") retry_cnt=0
2026-05-20T12:40:25.920218Z ERROR iota_benchmark: Transaction failed with err: Rpc(Call(ErrorObject { code: ServerError(-32050), message: "Transaction timed out before reaching finality", data: None })) tx_digest=Digest("BqwT9kro48vUDH7UrsQdX6iWS5T2yyHAKbtcrHaHeWnD") retry_cnt=0
2026-05-20T12:40:25.920266Z ERROR iota_benchmark: Transaction failed with err: Rpc(Call(ErrorObject { code: ServerError(-32050), message: "Transaction timed out before reaching finality", data: None })) tx_digest=Digest("6EKXK1gWXKFcdWzq1GUZgydUe4nqLKNuEqVtajZxSrqf") retry_cnt=0
2026-05-20T12:40:25.920320Z ERROR iota_benchmark: Transaction failed with err: Rpc(Call(ErrorObject { code: ServerError(-32050), message: "Transaction timed out before reaching finality", data: None })) tx_digest=Digest("3N2SumbVqP8a71yfhZSFZCWBMZ4CLsPMMz4vDht9X843") retry_cnt=0
2026-05-20T12:40:25.920338Z ERROR iota_benchmark: Transaction failed with err: Rpc(Call(ErrorObject { code: ServerError(-32050), message: "Transaction timed out before reaching finality", data: None })) tx_digest=Digest("2dxqHEE1u3MCUSSTrrLCG51tNpMjQ4gKoyx8hWSP35qa") retry_cnt=0
2026-05-20T12:40:25.920358Z ERROR iota_benchmark: Transaction failed with err: Rpc(Call(ErrorObject { code: ServerError(-32050), message: "Transaction timed out before reaching finality", data: None })) tx_digest=Digest("3atyiEfvR7imUNpBUQLAuBrTnQSewRrpnVSRvHqxgGxf") retry_cnt=0
2026-05-20T12:40:25.926291Z ERROR iota_benchmark: Transaction failed with err: Rpc(Call(ErrorObject { code: ServerError(-32050), message: "Transaction timed out before reaching finality", data: None })) tx_digest=Digest("DX38RhHVMUMQsAks8ug1ssKprwbFsVnfzzy6wTXyBrEB") retry_cnt=0
2026-05-20T12:40:25.927591Z ERROR iota_benchmark: Transaction failed with err: Rpc(Call(ErrorObject { code: ServerError(-32050), message: "Transaction timed out before reaching finality", data: None })) tx_digest=Digest("3UZbmErSMLPbcpkybMgHBERcAoXYe7jmpvPk2RCEqbtX") retry_cnt=0
2026-05-20T12:40:25.934814Z ERROR iota_benchmark: Transaction failed with err: Rpc(Call(ErrorObject { code: ServerError(-32050), message: "Transaction timed out before reaching finality", data: None })) tx_digest=Digest("4zxyFDs4FzwZ5V64brVr7Td3fsPFpRb8bs78jDjWVWPb") retry_cnt=0
2026-05-20T12:40:25.934980Z ERROR iota_benchmark: Transaction failed with err: Rpc(Call(ErrorObject { code: ServerError(-32050), message: "Transaction timed out before reaching finality", data: None })) tx_digest=Digest("C6u5BWeLTjiAUq8eHpffnDJm6dDkcfS4LRvX3KXSDPck") retry_cnt=0
2026-05-20T12:40:25.935229Z ERROR iota_benchmark: Transaction failed with err: Rpc(Call(ErrorObject { code: ServerError(-32050), message: "Transaction timed out before reaching finality", data: None })) tx_digest=Digest("AtGu3CR5x3rtqcqQ2Sa3ufZjjESjDEpNyxkx3mKftfph") retry_cnt=0
2026-05-20T12:40:25.938378Z ERROR iota_benchmark: Transaction failed with err: Rpc(Call(ErrorObject { code: ServerError(-32050), message: "Transaction timed out before reaching finality", data: None })) tx_digest=Digest("4j2QwmCJbsT7FxSkCr2RRfGEd5F71peSjGQof4ebv6PH") retry_cnt=0
2026-05-20T12:40:25.938446Z ERROR iota_benchmark: Transaction failed with err: Rpc(Call(ErrorObject { code: ServerError(-32050), message: "Transaction timed out before reaching finality", data: None })) tx_digest=Digest("EHpZ3HarEj2sRifgpK19Nhf69b2i186rvsWxh5WWeCZ9") retry_cnt=0
2026-05-20T12:40:25.938623Z ERROR iota_benchmark: Transaction failed with err: Rpc(Call(ErrorObject { code: ServerError(-32050), message: "Transaction timed out before reaching finality", data: None })) tx_digest=Digest("Bpg8KSB8d5y1f5tZX8Qss1haCoCB6Aih4X2HZLitv8vf") retry_cnt=0
2026-05-20T12:40:25.938649Z ERROR iota_benchmark: Transaction failed with err: Rpc(Call(ErrorObject { code: ServerError(-32050), message: "Transaction timed out before reaching finality", data: None })) tx_digest=Digest("EqAwtjPgTxvcFKz55UM1u7NnEEd6LBEPdd9gaKL47gp7") retry_cnt=0
2026-05-20T12:40:25.938710Z ERROR iota_benchmark: Transaction failed with err: Rpc(Call(ErrorObject { code: ServerError(-32050), message: "Transaction timed out before reaching finality", data: None })) tx_digest=Digest("3bkHKFNbmPGQs8B5PQwafGYziNXG4HEwW4BDEepb1Lxz") retry_cnt=0
2026-05-20T12:40:25.938744Z ERROR iota_benchmark: Transaction failed with err: Rpc(Call(ErrorObject { code: ServerError(-32050), message: "Transaction timed out before reaching finality", data: None })) tx_digest=Digest("ExBVhw8hihrgtQJeQUwQVayXjNqi7s1uVQNg1pB55PTh") retry_cnt=0
2026-05-20T12:40:25.938808Z ERROR iota_benchmark: Transaction failed with err: Rpc(Call(ErrorObject { code: ServerError(-32050), message: "Transaction timed out before reaching finality", data: None })) tx_digest=Digest("8RQKdiscbiHpJQhsPwLBqDCM88QnbNwb54BMKBe33dsZ") retry_cnt=0
2026-05-20T12:40:25.938812Z ERROR iota_benchmark: Transaction failed with err: Rpc(Call(ErrorObject { code: ServerError(-32050), message: "Transaction timed out before reaching finality", data: None })) tx_digest=Digest("4ar72q7TVVjW7H6Pjy2J1r9PHpWM4qThKN5pQijLZq92") retry_cnt=0
2026-05-20T12:40:25.938851Z ERROR iota_benchmark: Transaction failed with err: Rpc(Call(ErrorObject { code: ServerError(-32050), message: "Transaction timed out before reaching finality", data: None })) tx_digest=Digest("877xvJU9kGRki9cSyGeBXgEaPAfZSm1Ut8vMwfvMkEPD") retry_cnt=0
2026-05-20T12:40:25.938883Z ERROR iota_benchmark: Transaction failed with err: Rpc(Call(ErrorObject { code: ServerError(-32050), message: "Transaction timed out before reaching finality", data: None })) tx_digest=Digest("AWsuQwoq48SgQ7yX5JPpnjhthi4XBZaus3n8q2tQ2LAa") retry_cnt=0
2026-05-20T12:40:25.938897Z ERROR iota_benchmark: Transaction failed with err: Rpc(Call(ErrorObject { code: ServerError(-32050), message: "Transaction timed out before reaching finality", data: None })) tx_digest=Digest("AmewE7B6DFCE31PTsqTFdXqGLQxUS1Zq2D9RW4cvvh51") retry_cnt=0
2026-05-20T12:40:25.938931Z ERROR iota_benchmark: Transaction failed with err: Rpc(Call(ErrorObject { code: ServerError(-32050), message: "Transaction timed out before reaching finality", data: None })) tx_digest=Digest("Fnbst9zKf7kYgZGNdCQzLm84DFfE7Twfad38wiTc9zSg") retry_cnt=0
2026-05-20T12:40:25.941122Z ERROR iota_benchmark: Transaction failed with err: Rpc(Call(ErrorObject { code: ServerError(-32050), message: "Transaction timed out before reaching finality", data: None })) tx_digest=Digest("HpD8i3iH8wfq5FWhJUJWREucyqig9CJwvDQeJtPmgWjd") retry_cnt=0
2026-05-20T12:40:25.941630Z ERROR iota_benchmark: Transaction failed with err: Rpc(Call(ErrorObject { code: ServerError(-32050), message: "Transaction timed out before reaching finality", data: None })) tx_digest=Digest("78U6jeCfk3XoeoGpvVUJjZZpwVHphRNe4sSid5Wc54GG") retry_cnt=0
2026-05-20T12:40:25.944803Z ERROR iota_benchmark: Transaction failed with err: Rpc(Call(ErrorObject { code: ServerError(-32050), message: "Transaction timed out before reaching finality", data: None })) tx_digest=Digest("6N9efhdZnCRiUdhKcSpB2FuojaiYK1sW8drJXJv5vsUc") retry_cnt=0
2026-05-20T12:40:25.945949Z ERROR iota_benchmark: Transaction failed with err: Rpc(Call(ErrorObject { code: ServerError(-32050), message: "Transaction timed out before reaching finality", data: None })) tx_digest=Digest("5Mn8umwQvNgEcKw1cqVRLBAr9516Hf3irXiSkL2nyLrj") retry_cnt=0
2026-05-20T12:40:25.947664Z ERROR iota_benchmark: Transaction failed with err: Rpc(Call(ErrorObject { code: ServerError(-32050), message: "Transaction timed out before reaching finality", data: None })) tx_digest=Digest("C3aHVqsHZ9fKA7NxqcceidmpcUzw28rQEPbCQAAhoCuy") retry_cnt=2
2026-05-20T12:40:25.947791Z ERROR iota_benchmark: Transaction failed with err: Rpc(Call(ErrorObject { code: ServerError(-32050), message: "Transaction timed out before reaching finality", data: None })) tx_digest=Digest("DmkHNKXfmf7wdAMhnWAvTN8V98Rx4y45VyuSZCBnMQjz") retry_cnt=2
2026-05-20T12:40:25.948262Z ERROR iota_benchmark: Transaction failed with err: Rpc(Call(ErrorObject { code: ServerError(-32050), message: "Transaction timed out before reaching finality", data: None })) tx_digest=Digest("6wk3f8VrZ6ojUweb9nf2TuSfswTwT9fczxWvDnBeQYM") retry_cnt=0
2026-05-20T12:40:25.949373Z ERROR iota_benchmark: Transaction failed with err: Rpc(Call(ErrorObject { code: ServerError(-32050), message: "Transaction timed out before reaching finality", data: None })) tx_digest=Digest("9y66ghh69DSRP2C6nXAq8nuZ8dSjjrXoAMnao9y1VRM8") retry_cnt=0
2026-05-20T12:40:25.951061Z ERROR iota_benchmark: Transaction failed with err: Rpc(Call(ErrorObject { code: ServerError(-32050), message: "Transaction timed out before reaching finality", data: None })) tx_digest=Digest("DVyATgEW9gYih2CQKPC172P3zYccgbmTqEL2nyorurXT") retry_cnt=0
2026-05-20T12:40:25.951095Z ERROR iota_benchmark: Transaction failed with err: Rpc(Call(ErrorObject { code: ServerError(-32050), message: "Transaction timed out before reaching finality", data: None })) tx_digest=Digest("CzyUddVV3GxrUXpDvTUPdR2H3jfLrnMg4KY6Uv7SSRM1") retry_cnt=0
2026-05-20T12:40:25.951152Z ERROR iota_benchmark: Transaction failed with err: Rpc(Call(ErrorObject { code: ServerError(-32050), message: "Transaction timed out before reaching finality", data: None })) tx_digest=Digest("9ss3HhwHn1qEsZrXizAWVSAiW9ENjKwg3NuTmQMUgQse") retry_cnt=0
2026-05-20T12:40:25.954066Z ERROR iota_benchmark: Transaction failed with err: Rpc(Call(ErrorObject { code: ServerError(-32050), message: "Transaction timed out before reaching finality", data: None })) tx_digest=Digest("4BNW3w4nuoTdh3WQysEKe16aFsHSApgBw2c2NxdKVWN4") retry_cnt=0
2026-05-20T12:40:25.954064Z ERROR iota_benchmark: Transaction failed with err: Rpc(Call(ErrorObject { code: ServerError(-32050), message: "Transaction timed out before reaching finality", data: None })) tx_digest=Digest("Fr9Wt6mfU3FRBECuvkeuhfv1UPiQiqnNWRVGKPLY2zmY") retry_cnt=2
2026-05-20T12:40:25.954199Z ERROR iota_benchmark: Transaction failed with err: Rpc(Call(ErrorObject { code: ServerError(-32050), message: "Transaction timed out before reaching finality", data: None })) tx_digest=Digest("PLDjLbccL3HTdMWUkEyezfhYSuBFCo5pUY1EXirD39w") retry_cnt=0
2026-05-20T12:40:25.956196Z ERROR iota_benchmark: Transaction failed with err: Rpc(Call(ErrorObject { code: ServerError(-32050), message: "Transaction timed out before reaching finality", data: None })) tx_digest=Digest("J1mgB3KJXV5YGm1m7mcF8m5h4PTaUF9rkeA16sPyYynM") retry_cnt=2
2026-05-20T12:40:25.958992Z ERROR iota_benchmark: Transaction failed with err: Rpc(Call(ErrorObject { code: ServerError(-32050), message: "Transaction timed out before reaching finality", data: None })) tx_digest=Digest("91DkuDgnyGH3csHq9ci436phQRokEdDXxvrN78ziw3Vm") retry_cnt=0
2026-05-20T12:40:25.965675Z ERROR iota_benchmark: Transaction failed with err: Rpc(Call(ErrorObject { code: ServerError(-32050), message: "Transaction timed out before reaching finality", data: None })) tx_digest=Digest("8PKKou3CG6useoRTXqbJizNgQZeMDzPCuwKWS7woHUZd") retry_cnt=0
2026-05-20T12:40:25.971260Z ERROR iota_benchmark: Transaction failed with err: Rpc(Call(ErrorObject { code: ServerError(-32050), message: "Transaction timed out before reaching finality", data: None })) tx_digest=Digest("CX36Jh9P2yhh1ttYXhyBuHnTzPadvfYQKb8BDTBtv4fp") retry_cnt=0
2026-05-20T12:40:25.973969Z ERROR iota_benchmark: Transaction failed with err: Rpc(Call(ErrorObject { code: ServerError(-32050), message: "Transaction timed out before reaching finality", data: None })) tx_digest=Digest("BpY4yrNLoNA5nNDkCEwmf8yvH93ZEPEoCVXh1JMr6ijG") retry_cnt=0
2026-05-20T12:40:25.974018Z ERROR iota_benchmark: Transaction failed with err: Rpc(Call(ErrorObject { code: ServerError(-32050), message: "Transaction timed out before reaching finality", data: None })) tx_digest=Digest("CBb2yqtBHjxWwx7T562cspvjRKzR9qjpQZJAavtDeFb7") retry_cnt=0
2026-05-20T12:40:25.974046Z ERROR iota_benchmark: Transaction failed with err: Rpc(Call(ErrorObject { code: ServerError(-32050), message: "Transaction timed out before reaching finality", data: None })) tx_digest=Digest("7DGGKveYSmwiCyoUb1UyNqwqJsh7SQU2vq1vEKDyjjAh") retry_cnt=0
2026-05-20T12:40:25.974933Z ERROR iota_benchmark: Transaction failed with err: Rpc(Call(ErrorObject { code: ServerError(-32050), message: "Transaction timed out before reaching finality", data: None })) tx_digest=Digest("34eMcuz6xXnVdTbDSApYmN2ZDPZkZS2DT4Z1ibSL9kzV") retry_cnt=0
2026-05-20T12:40:25.979485Z ERROR iota_benchmark: Transaction failed with err: Rpc(Call(ErrorObject { code: ServerError(-32050), message: "Transaction timed out before reaching finality", data: None })) tx_digest=Digest("hvhtg2CwbFBDqhQPxDdyBpZDC5YScacRRQe37t4rgRR") retry_cnt=0
2026-05-20T12:40:25.982255Z ERROR iota_benchmark: Transaction failed with err: Rpc(Call(ErrorObject { code: ServerError(-32050), message: "Transaction timed out before reaching finality", data: None })) tx_digest=Digest("2PgWHHh9px4KPDfZND1ma8xDVRT5Hf6mXgnmoR2Vh2n7") retry_cnt=0
2026-05-20T12:40:25.982305Z ERROR iota_benchmark: Transaction failed with err: Rpc(Call(ErrorObject { code: ServerError(-32050), message: "Transaction timed out before reaching finality", data: None })) tx_digest=Digest("DqQwSjfNyGL2rxHMT5XwDTFjR73aeVFTuUm7wLTgCjBa") retry_cnt=0
2026-05-20T12:40:25.982314Z ERROR iota_benchmark: Transaction failed with err: Rpc(Call(ErrorObject { code: ServerError(-32050), message: "Transaction timed out before reaching finality", data: None })) tx_digest=Digest("EJRq7r4zWGzee5ZNg1y4MpJae2MZohLhXTEXXyi3Xdv7") retry_cnt=0
2026-05-20T12:40:25.982386Z ERROR iota_benchmark: Transaction failed with err: Rpc(Call(ErrorObject { code: ServerError(-32050), message: "Transaction timed out before reaching finality", data: None })) tx_digest=Digest("Fk2kanH74va7HcVzmwCypadcHs6dBMyoLdrFgvdqBVig") retry_cnt=0
2026-05-20T12:40:25.982832Z ERROR iota_benchmark: Transaction failed with err: Rpc(Call(ErrorObject { code: ServerError(-32050), message: "Transaction timed out before reaching finality", data: None })) tx_digest=Digest("D9eK2DLpNv6HJvuia7mzMWEe12pxaoB1oXkUW5sDbroa") retry_cnt=0
2026-05-20T12:40:25.982861Z ERROR iota_benchmark: Transaction failed with err: Rpc(Call(ErrorObject { code: ServerError(-32050), message: "Transaction timed out before reaching finality", data: None })) tx_digest=Digest("GUFt9R5o99DfTbHFaFxefEFgc8aGAWyv9dVeJ28DWMhf") retry_cnt=0
2026-05-20T12:40:25.988678Z ERROR iota_benchmark: Transaction failed with err: Rpc(Call(ErrorObject { code: ServerError(-32050), message: "Transaction timed out before reaching finality", data: None })) tx_digest=Digest("Cs3U1zaRybKaf4cCeowSZTn7FoW15grLzFZSdSc9o8qM") retry_cnt=0
2026-05-20T12:40:25.988674Z ERROR iota_benchmark: Transaction failed with err: Rpc(Call(ErrorObject { code: ServerError(-32050), message: "Transaction timed out before reaching finality", data: None })) tx_digest=Digest("8u3Nwy26m6ve8djoR65VKS3qqrVhbSPNuF2XaKe4QpDb") retry_cnt=0
2026-05-20T12:40:25.988725Z ERROR iota_benchmark: Transaction failed with err: Rpc(Call(ErrorObject { code: ServerError(-32050), message: "Transaction timed out before reaching finality", data: None })) tx_digest=Digest("FsEgZAA1SKaecgD47SfsqbyczuMkr2e7wtWgh6Vr4yci") retry_cnt=0
2026-05-20T12:40:25.988756Z ERROR iota_benchmark: Transaction failed with err: Rpc(Call(ErrorObject { code: ServerError(-32050), message: "Transaction timed out before reaching finality", data: None })) tx_digest=Digest("8ZKUUdARSJfgQL1Xa3c38euhuxeP2SoxsvJBB8NuS2o8") retry_cnt=0
2026-05-20T12:40:25.988846Z ERROR iota_benchmark: Transaction failed with err: Rpc(Call(ErrorObject { code: ServerError(-32050), message: "Transaction timed out before reaching finality", data: None })) tx_digest=Digest("GvFcBXVGqadJVV17LnJC74dHAnKRK3kY1EhuknEDT7mm") retry_cnt=0
2026-05-20T12:40:25.988947Z ERROR iota_benchmark: Transaction failed with err: Rpc(Call(ErrorObject { code: ServerError(-32050), message: "Transaction timed out before reaching finality", data: None })) tx_digest=Digest("GKoD8qxh2C9M9y8R4wRfZAUPYaouAHtRtzveYKkAHG4y") retry_cnt=0
2026-05-20T12:40:25.989282Z ERROR iota_benchmark: Transaction failed with err: Rpc(Call(ErrorObject { code: ServerError(-32050), message: "Transaction timed out before reaching finality", data: None })) tx_digest=Digest("HjMin2L9vGUP9mvfMU1LLoxhGcEYgzwY4DbTBqmfU5M8") retry_cnt=0
2026-05-20T12:40:25.989467Z ERROR iota_benchmark: Transaction failed with err: Rpc(Call(ErrorObject { code: ServerError(-32050), message: "Transaction timed out before reaching finality", data: None })) tx_digest=Digest("Af7FAEXRRmSbSBimZ43FX317sujEw57rSL5Dfo5qE9qH") retry_cnt=0
2026-05-20T12:40:25.989749Z ERROR iota_benchmark: Transaction failed with err: Rpc(Call(ErrorObject { code: ServerError(-32050), message: "Transaction timed out before reaching finality", data: None })) tx_digest=Digest("HedpxhqkWo1frDZh6BCiJTUwytVwr6pxDuJycCiWbF36") retry_cnt=0
2026-05-20T12:40:25.989909Z ERROR iota_benchmark: Transaction failed with err: Rpc(Call(ErrorObject { code: ServerError(-32050), message: "Transaction timed out before reaching finality", data: None })) tx_digest=Digest("6duRA8ZveWtDu9VfaHCRr719Fb68yxpgbgeE6aWyPsR7") retry_cnt=0
2026-05-20T12:40:25.990669Z ERROR iota_benchmark: Transaction failed with err: Rpc(Call(ErrorObject { code: ServerError(-32050), message: "Transaction timed out before reaching finality", data: None })) tx_digest=Digest("9JnSMSaPD3vQv6iN48RuJ5jP8gx2yNgzyGYPebuP32Px") retry_cnt=0
2026-05-20T12:40:25.992699Z ERROR iota_benchmark: Transaction failed with err: Rpc(Call(ErrorObject { code: ServerError(-32050), message: "Transaction timed out before reaching finality", data: None })) tx_digest=Digest("DGe3jfWqe3B9iSJAbnuPJtj7HC8uzm91V83eHrk6viom") retry_cnt=0
2026-05-20T12:40:25.992740Z ERROR iota_benchmark: Transaction failed with err: Rpc(Call(ErrorObject { code: ServerError(-32050), message: "Transaction timed out before reaching finality", data: None })) tx_digest=Digest("3dVjBq61NB9athSexiUWvyamCMhyaUV9yEZEd92jCk4i") retry_cnt=0
2026-05-20T12:40:25.992756Z ERROR iota_benchmark: Transaction failed with err: Rpc(Call(ErrorObject { code: ServerError(-32050), message: "Transaction timed out before reaching finality", data: None })) tx_digest=Digest("9d7PvBdFc24RXkkyMxygurzbggtRdoDv9LMUdwnRCKKp") retry_cnt=0
2026-05-20T12:40:25.992773Z ERROR iota_benchmark: Transaction failed with err: Rpc(Call(ErrorObject { code: ServerError(-32050), message: "Transaction timed out before reaching finality", data: None })) tx_digest=Digest("68twqed2DBqxhREE14NJazgjxPaUbTE1enichB5BbyVu") retry_cnt=0
2026-05-20T12:40:25.992793Z ERROR iota_benchmark: Transaction failed with err: Rpc(Call(ErrorObject { code: ServerError(-32050), message: "Transaction timed out before reaching finality", data: None })) tx_digest=Digest("FZUDK8UvfZ3xFoN1di31cMw7ZZgzp7oGD2UDLqvToK5U") retry_cnt=0
2026-05-20T12:40:25.992833Z ERROR iota_benchmark: Transaction failed with err: Rpc(Call(ErrorObject { code: ServerError(-32050), message: "Transaction timed out before reaching finality", data: None })) tx_digest=Digest("VCYbauoRgMhdEEx2yA6C9RL8Xvr3xcWRfVCwUBt6YqC") retry_cnt=2
2026-05-20T12:40:25.992863Z ERROR iota_benchmark: Transaction failed with err: Rpc(Call(ErrorObject { code: ServerError(-32050), message: "Transaction timed out before reaching finality", data: None })) tx_digest=Digest("FWxgGhM29TAkwqLPN3WbpSc6zeiB6hwQtsfZJ2khLcPi") retry_cnt=0
2026-05-20T12:40:25.992937Z ERROR iota_benchmark: Transaction failed with err: Rpc(Call(ErrorObject { code: ServerError(-32050), message: "Transaction timed out before reaching finality", data: None })) tx_digest=Digest("D98KmBEjD951upV4tfhZEYGREY84RfXkBYXJDYM98ARN") retry_cnt=0
2026-05-20T12:40:25.992959Z ERROR iota_benchmark: Transaction failed with err: Rpc(Call(ErrorObject { code: ServerError(-32050), message: "Transaction timed out before reaching finality", data: None })) tx_digest=Digest("FpbtQRo9oPnEjiWC5dQ5CQw6Y2A1hbqRGRARmPi3GpXd") retry_cnt=2
2026-05-20T12:40:25.992986Z ERROR iota_benchmark: Transaction failed with err: Rpc(Call(ErrorObject { code: ServerError(-32050), message: "Transaction timed out before reaching finality", data: None })) tx_digest=Digest("GDhoAAfHuHZwJCKEXDat5AH2LApewwB1Jxqtj7tAgHAU") retry_cnt=2
2026-05-20T12:40:25.993004Z ERROR iota_benchmark: Transaction failed with err: Rpc(Call(ErrorObject { code: ServerError(-32050), message: "Transaction timed out before reaching finality", data: None })) tx_digest=Digest("DavsHEp2S65qewqpNSRCBKxzoLKSqMNfwKD8Sryyw42q") retry_cnt=0
2026-05-20T12:40:25.993013Z ERROR iota_benchmark: Transaction failed with err: Rpc(Call(ErrorObject { code: ServerError(-32050), message: "Transaction timed out before reaching finality", data: None })) tx_digest=Digest("3QxpHjYDve6ZibfztfanuysKGhnTkqc97meLtGe6Jt9R") retry_cnt=0
2026-05-20T12:40:25.996764Z ERROR iota_benchmark: Transaction failed with err: Rpc(Call(ErrorObject { code: ServerError(-32050), message: "Transaction timed out before reaching finality", data: None })) tx_digest=Digest("yLvHWdoY55VDdCfUF3z5XWc9dijsfFG68CDW9yiF6up") retry_cnt=0
2026-05-20T12:40:25.996770Z ERROR iota_benchmark: Transaction failed with err: Rpc(Call(ErrorObject { code: ServerError(-32050), message: "Transaction timed out before reaching finality", data: None })) tx_digest=Digest("7Lqk7czwXSuw7VWSq5oaETrjR8iwcSpRMDHKuS4kgAD4") retry_cnt=0
2026-05-20T12:40:25.996924Z ERROR iota_benchmark: Transaction failed with err: Rpc(Call(ErrorObject { code: ServerError(-32050), message: "Transaction timed out before reaching finality", data: None })) tx_digest=Digest("Dng66pdNgWs85ZPxxCSjkEKwPBedyii7Ja9USe16xT1Z") retry_cnt=0
2026-05-20T12:40:25.997036Z ERROR iota_benchmark: Transaction failed with err: Rpc(Call(ErrorObject { code: ServerError(-32050), message: "Transaction timed out before reaching finality", data: None })) tx_digest=Digest("A6aG2V34pJXBdLNMSbeYyKG8LgXNoPP3sci129KhH7bk") retry_cnt=0
2026-05-20T12:40:26.000586Z ERROR iota_benchmark: Transaction failed with err: Rpc(Call(ErrorObject { code: ServerError(-32050), message: "Transaction timed out before reaching finality", data: None })) tx_digest=Digest("EHhkZXNjgajCi2AxnBg7rBgZKfbAhtRFnGQtWafu4caP") retry_cnt=0
2026-05-20T12:40:26.000603Z ERROR iota_benchmark: Transaction failed with err: Rpc(Call(ErrorObject { code: ServerError(-32050), message: "Transaction timed out before reaching finality", data: None })) tx_digest=Digest("qd6iBpSvU7sFN1zfi1qrHR1iFiyxdjBoPNYQCsB3yez") retry_cnt=0
2026-05-20T12:40:26.000624Z ERROR iota_benchmark: Transaction failed with err: Rpc(Call(ErrorObject { code: ServerError(-32050), message: "Transaction timed out before reaching finality", data: None })) tx_digest=Digest("JAn1CQu6FtKfQ9QyRNddTTV1gTZVHreq4qRsnFgPXNvb") retry_cnt=0
2026-05-20T12:40:26.000654Z ERROR iota_benchmark: Transaction failed with err: Rpc(Call(ErrorObject { code: ServerError(-32050), message: "Transaction timed out before reaching finality", data: None })) tx_digest=Digest("2hTPEoyuGXoYX46CyuESXJ1v3E2WBSteYcCAG4nZU6rx") retry_cnt=0
2026-05-20T12:40:26.000764Z ERROR iota_benchmark: Transaction failed with err: Rpc(Call(ErrorObject { code: ServerError(-32050), message: "Transaction timed out before reaching finality", data: None })) tx_digest=Digest("5EoqpfGR7qCv7upUVpgjD6dei1cXHm6shvNSnmXYGVHF") retry_cnt=0
2026-05-20T12:40:26.000765Z ERROR iota_benchmark: Transaction failed with err: Rpc(Call(ErrorObject { code: ServerError(-32050), message: "Transaction timed out before reaching finality", data: None })) tx_digest=Digest("Hteeqqjou7UW9JQQesEfSB2meQx9ny4gS2tyHZ99P5XK") retry_cnt=0
2026-05-20T12:40:26.000868Z ERROR iota_benchmark: Transaction failed with err: Rpc(Call(ErrorObject { code: ServerError(-32050), message: "Transaction timed out before reaching finality", data: None })) tx_digest=Digest("4uZWrcpKYDU959oX4wVJibJBTeTHo2y7tPDhmzysuGaL") retry_cnt=2
2026-05-20T12:40:26.001281Z ERROR iota_benchmark: Transaction failed with err: Rpc(Call(ErrorObject { code: ServerError(-32050), message: "Transaction timed out before reaching finality", data: None })) tx_digest=Digest("7EsoGyeyA1LgqGZA9RCBLUH6TdXjNzqpuiZxU44XLH98") retry_cnt=0
2026-05-20T12:40:26.001323Z ERROR iota_benchmark: Transaction failed with err: Rpc(Call(ErrorObject { code: ServerError(-32050), message: "Transaction timed out before reaching finality", data: None })) tx_digest=Digest("43Bcyd3WYQZecPZ94pdPk3jhCtysvKD624FJ5opT2Pe6") retry_cnt=0
2026-05-20T12:40:26.001328Z ERROR iota_benchmark: Transaction failed with err: Rpc(Call(ErrorObject { code: ServerError(-32050), message: "Transaction timed out before reaching finality", data: None })) tx_digest=Digest("Cf35FSupZUBWiSNHUtuSaUJ3n81kRWcR49J8XLe1fqs6") retry_cnt=0
2026-05-20T12:40:26.002686Z ERROR iota_benchmark: Transaction failed with err: Rpc(Call(ErrorObject { code: ServerError(-32050), message: "Transaction timed out before reaching finality", data: None })) tx_digest=Digest("AuDktKb2ENg2bGPCWai9JfZfXKfQAim7wF7wJCTZrWT6") retry_cnt=0
2026-05-20T12:40:26.010215Z ERROR iota_benchmark: Transaction failed with err: Rpc(Call(ErrorObject { code: ServerError(-32050), message: "Transaction timed out before reaching finality", data: None })) tx_digest=Digest("AZh91CGZkxuYeVcRFfC4uBCdpHGPeM3VXRZ3sDkR4ct9") retry_cnt=0
2026-05-20T12:40:26.010250Z ERROR iota_benchmark: Transaction failed with err: Rpc(Call(ErrorObject { code: ServerError(-32050), message: "Transaction timed out before reaching finality", data: None })) tx_digest=Digest("HSAjP27oKPSATHx1GXYur8jj5WzBcVNnFZ5ydU2DcHYN") retry_cnt=0
2026-05-20T12:40:26.010524Z ERROR iota_benchmark: Transaction failed with err: Rpc(Call(ErrorObject { code: ServerError(-32050), message: "Transaction timed out before reaching finality", data: None })) tx_digest=Digest("BEnRJDyWdcebXugm6vSuBhm8ojvcukvLAjthozkgtsNE") retry_cnt=0
2026-05-20T12:40:26.010536Z ERROR iota_benchmark: Transaction failed with err: Rpc(Call(ErrorObject { code: ServerError(-32050), message: "Transaction timed out before reaching finality", data: None })) tx_digest=Digest("HKeqHrFG5Qdt1rv8yQwuiDqJYxYh9JUmTLdWfzYo72rj") retry_cnt=2
2026-05-20T12:40:26.010800Z ERROR iota_benchmark: Transaction failed with err: Rpc(Call(ErrorObject { code: ServerError(-32050), message: "Transaction timed out before reaching finality", data: None })) tx_digest=Digest("BcCgLkUNtKV3W78ACAwSayWBgEFQm36HCTQ4UnfrWW1f") retry_cnt=0
2026-05-20T12:40:26.035328Z ERROR iota_benchmark: Transaction failed with err: Rpc(Call(ErrorObject { code: ServerError(-32050), message: "Transaction timed out before reaching finality", data: None })) tx_digest=Digest("nSk32fJ6JRKzo8PPjGX421eVb9z2H1XoS841ae7RDgA") retry_cnt=0
2026-05-20T12:40:26.035593Z ERROR iota_benchmark: Transaction failed with err: Rpc(Call(ErrorObject { code: ServerError(-32050), message: "Transaction timed out before reaching finality", data: None })) tx_digest=Digest("J1HsJ2cWxFavNzRhZoXnRcjht43TSWez8MFspxBrs6hu") retry_cnt=0
2026-05-20T12:40:26.035618Z ERROR iota_benchmark: Transaction failed with err: Rpc(Call(ErrorObject { code: ServerError(-32050), message: "Transaction timed out before reaching finality", data: None })) tx_digest=Digest("7rPQd16izXfxiCuvSTyfFgVk7T7Yvy5SnE3ZKupVKVGs") retry_cnt=2
2026-05-20T12:40:26.035620Z ERROR iota_benchmark: Transaction failed with err: Rpc(Call(ErrorObject { code: ServerError(-32050), message: "Transaction timed out before reaching finality", data: None })) tx_digest=Digest("J7uGL1RX7u8VQ7zgZQwr3GcZGJPTgvqM5Dcwgk3qZYYz") retry_cnt=0
2026-05-20T12:40:26.035654Z ERROR iota_benchmark: Transaction failed with err: Rpc(Call(ErrorObject { code: ServerError(-32050), message: "Transaction timed out before reaching finality", data: None })) tx_digest=Digest("5JseyxrwW3QLFx6QWYjg1if7KGBJaJodxyC15ZoScK3m") retry_cnt=0
2026-05-20T12:40:26.035905Z ERROR iota_benchmark: Transaction failed with err: Rpc(Call(ErrorObject { code: ServerError(-32050), message: "Transaction timed out before reaching finality", data: None })) tx_digest=Digest("7tunQ79yqkcDYtgqKoNLAzT1ZgTEitUSqBgTdRZ88RvG") retry_cnt=0
2026-05-20T12:40:26.036196Z ERROR iota_benchmark: Transaction failed with err: Rpc(Call(ErrorObject { code: ServerError(-32050), message: "Transaction timed out before reaching finality", data: None })) tx_digest=Digest("DbKY7mQYgQX4ESRnbGKqbX7sYf3Fb6iUusHwRuo4Z8bD") retry_cnt=0
2026-05-20T12:40:26.036323Z ERROR iota_benchmark: Transaction failed with err: Rpc(Call(ErrorObject { code: ServerError(-32050), message: "Transaction timed out before reaching finality", data: None })) tx_digest=Digest("5NG33MpLxsv2sbjrqyspeD6UG9bud3bSCbua2zEZZ9Fi") retry_cnt=0
2026-05-20T12:40:26.036403Z ERROR iota_benchmark: Transaction failed with err: Rpc(Call(ErrorObject { code: ServerError(-32050), message: "Transaction timed out before reaching finality", data: None })) tx_digest=Digest("GEMC4DYM4bbnXLpxQA2rydUZistYYCHUciEDXj4P2zT2") retry_cnt=0
2026-05-20T12:40:26.036472Z ERROR iota_benchmark: Transaction failed with err: Rpc(Call(ErrorObject { code: ServerError(-32050), message: "Transaction timed out before reaching finality", data: None })) tx_digest=Digest("CaAn9KRqFXSNZCeUp64p7sZXdNVmSU23tbJ8NHSeCRY7") retry_cnt=2
2026-05-20T12:40:26.036684Z ERROR iota_benchmark: Transaction failed with err: Rpc(Call(ErrorObject { code: ServerError(-32050), message: "Transaction timed out before reaching finality", data: None })) tx_digest=Digest("Ao22TaxBHSfHJg1j6uGKx58Bm1mNXHyQrSW9BezBwdBu") retry_cnt=2
2026-05-20T12:40:26.036842Z ERROR iota_benchmark: Transaction failed with err: Rpc(Call(ErrorObject { code: ServerError(-32050), message: "Transaction timed out before reaching finality", data: None })) tx_digest=Digest("HUqprRn83jVdw6T37g4USn6KAPtXAZauVRMChVjM7C42") retry_cnt=2
2026-05-20T12:40:26.036858Z ERROR iota_benchmark: Transaction failed with err: Rpc(Call(ErrorObject { code: ServerError(-32050), message: "Transaction timed out before reaching finality", data: None })) tx_digest=Digest("4EUZRBg3ZjU1RsxCvJ9Gjmeic8iLbgqddkEkAXNi5MTD") retry_cnt=0
2026-05-20T12:40:26.037107Z ERROR iota_benchmark: Transaction failed with err: Rpc(Call(ErrorObject { code: ServerError(-32050), message: "Transaction timed out before reaching finality", data: None })) tx_digest=Digest("3G4h3xYAkptoWwaLW85M2kbtocGh9qagsky3xx3wttPT") retry_cnt=0
2026-05-20T12:40:26.037502Z ERROR iota_benchmark: Transaction failed with err: Rpc(Call(ErrorObject { code: ServerError(-32050), message: "Transaction timed out before reaching finality", data: None })) tx_digest=Digest("EahNgq3ojQiPqCdJPzNpRWRDWhqWkNm46A7kvkhKvYsm") retry_cnt=2
2026-05-20T12:40:26.037885Z ERROR iota_benchmark: Transaction failed with err: Rpc(Call(ErrorObject { code: ServerError(-32050), message: "Transaction timed out before reaching finality", data: None })) tx_digest=Digest("AujMjiMdzftUZsMi5crKHBLazEstXnCzn8ucrPsiZtGW") retry_cnt=2
2026-05-20T12:40:26.038152Z ERROR iota_benchmark: Transaction failed with err: Rpc(Call(ErrorObject { code: ServerError(-32050), message: "Transaction timed out before reaching finality", data: None })) tx_digest=Digest("A8itXq1AcuDPvXrXFUv8Vik3CVCB9Ysy4wVbRuC7t2eh") retry_cnt=0
2026-05-20T12:40:26.038691Z ERROR iota_benchmark: Transaction failed with err: Rpc(Call(ErrorObject { code: ServerError(-32050), message: "Transaction timed out before reaching finality", data: None })) tx_digest=Digest("8dfhmNsppXKbU9Y5QVpkpsUAEGDA2ChR6FpM2aeFkYeR") retry_cnt=2
2026-05-20T12:40:26.039112Z ERROR iota_benchmark: Transaction failed with err: Rpc(Call(ErrorObject { code: ServerError(-32050), message: "Transaction timed out before reaching finality", data: None })) tx_digest=Digest("7ZnvY6USyxnaim14dc4Nd2fcqUctUE3mvs8Gu7PjtPpx") retry_cnt=0
2026-05-20T12:40:26.039372Z ERROR iota_benchmark: Transaction failed with err: Rpc(Call(ErrorObject { code: ServerError(-32050), message: "Transaction timed out before reaching finality", data: None })) tx_digest=Digest("2gJY9QkmpQijUghTKaCzcLXHZswgRcKYvfPaNT2ojFs9") retry_cnt=0
2026-05-20T12:40:26.039595Z ERROR iota_benchmark: Transaction failed with err: Rpc(Call(ErrorObject { code: ServerError(-32050), message: "Transaction timed out before reaching finality", data: None })) tx_digest=Digest("4gcrJxXoRvw6KzjBSGuENa4jUgxtaPF6pRFXvMthZyJG") retry_cnt=0
2026-05-20T12:40:26.040392Z ERROR iota_benchmark: Transaction failed with err: Rpc(Call(ErrorObject { code: ServerError(-32050), message: "Transaction timed out before reaching finality", data: None })) tx_digest=Digest("5ceP9bjuZG5mz94c5KF8GEcsM3a2zmTgz6fVtyzvCwQc") retry_cnt=0
2026-05-20T12:40:26.040556Z ERROR iota_benchmark: Transaction failed with err: Rpc(Call(ErrorObject { code: ServerError(-32050), message: "Transaction timed out before reaching finality", data: None })) tx_digest=Digest("HLX7MA7Po6F1oEy79hzVjsoBPS6JAiqg8E9VcVa89m4m") retry_cnt=0
2026-05-20T12:40:26.040857Z ERROR iota_benchmark: Transaction failed with err: Rpc(Call(ErrorObject { code: ServerError(-32050), message: "Transaction timed out before reaching finality", data: None })) tx_digest=Digest("3VnYZsztpUP1sCn956LonE3q6xXiLKkJLhHCdGc8Dn6A") retry_cnt=0
2026-05-20T12:40:26.040868Z ERROR iota_benchmark: Transaction failed with err: Rpc(Call(ErrorObject { code: ServerError(-32050), message: "Transaction timed out before reaching finality", data: None })) tx_digest=Digest("DXaPCB8QSMmBgun4kCVJykc9tSPUYvWXwGTXi3LZ5oXw") retry_cnt=0
2026-05-20T12:40:26.040879Z ERROR iota_benchmark: Transaction failed with err: Rpc(Call(ErrorObject { code: ServerError(-32050), message: "Transaction timed out before reaching finality", data: None })) tx_digest=Digest("6GKMDhiXARTpJqP1s2AVfANTyH3itdu5nbaScasjoWFE") retry_cnt=0
2026-05-20T12:40:26.041843Z ERROR iota_benchmark: Transaction failed with err: Rpc(Call(ErrorObject { code: ServerError(-32050), message: "Transaction timed out before reaching finality", data: None })) tx_digest=Digest("2TERQwz6hfu3wuwdX2eCdAkfj6eKZEmzZGZzWcyzqpZu") retry_cnt=0
2026-05-20T12:40:26.042313Z ERROR iota_benchmark: Transaction failed with err: Rpc(Call(ErrorObject { code: ServerError(-32050), message: "Transaction timed out before reaching finality", data: None })) tx_digest=Digest("9tM9tWjpgCMPrDrUFLZPfjVxRUrUn8J96irSatz5yAxH") retry_cnt=2
2026-05-20T12:40:26.042379Z ERROR iota_benchmark: Transaction failed with err: Rpc(Call(ErrorObject { code: ServerError(-32050), message: "Transaction timed out before reaching finality", data: None })) tx_digest=Digest("7S2MaR8ovFk9DJD62irVad8cfdmUgK7yJNEutqBBX2DQ") retry_cnt=0
2026-05-20T12:40:26.042425Z ERROR iota_benchmark: Transaction failed with err: Rpc(Call(ErrorObject { code: ServerError(-32050), message: "Transaction timed out before reaching finality", data: None })) tx_digest=Digest("AmKTS4hPtdsY5N6575PAKVHCtX2DA2yYQTrpZKZwuNZS") retry_cnt=2
2026-05-20T12:40:26.042647Z ERROR iota_benchmark: Transaction failed with err: Rpc(Call(ErrorObject { code: ServerError(-32050), message: "Transaction timed out before reaching finality", data: None })) tx_digest=Digest("7P2y3VfZ2zzBD358eyQxdD5nkSNsprhiZSToA6WS1yyw") retry_cnt=0
2026-05-20T12:40:26.042742Z ERROR iota_benchmark: Transaction failed with err: Rpc(Call(ErrorObject { code: ServerError(-32050), message: "Transaction timed out before reaching finality", data: None })) tx_digest=Digest("BQwL4fzq5Bqt8RrDZWFWdbrpuy2DUiByEL8DofAMY9ma") retry_cnt=2
2026-05-20T12:40:26.042982Z ERROR iota_benchmark: Transaction failed with err: Rpc(Call(ErrorObject { code: ServerError(-32050), message: "Transaction timed out before reaching finality", data: None })) tx_digest=Digest("9cNv6Jun6zKZNXC6L3Dg55NzSWsa9BCQhMjzU3jH6qio") retry_cnt=2
2026-05-20T12:40:26.043488Z ERROR iota_benchmark: Transaction failed with err: Rpc(Call(ErrorObject { code: ServerError(-32050), message: "Transaction timed out before reaching finality", data: None })) tx_digest=Digest("DnD3Srug5Sia1YCm7QAJvjTRLSz8dy9qpJQ2KCysF74z") retry_cnt=0
2026-05-20T12:40:26.043503Z ERROR iota_benchmark: Transaction failed with err: Rpc(Call(ErrorObject { code: ServerError(-32050), message: "Transaction timed out before reaching finality", data: None })) tx_digest=Digest("5s39TSVLK28zKtXN7Nii18sxs4Ck2iuyog9sX8P1frtT") retry_cnt=0
2026-05-20T12:40:26.043635Z ERROR iota_benchmark: Transaction failed with err: Rpc(Call(ErrorObject { code: ServerError(-32050), message: "Transaction timed out before reaching finality", data: None })) tx_digest=Digest("GwR6GDjSBj3a39q39x3HdCS4MbLf4wHHwFit3Es23jE1") retry_cnt=0
2026-05-20T12:40:26.054721Z ERROR iota_benchmark: Transaction failed with err: Rpc(Call(ErrorObject { code: ServerError(-32050), message: "Transaction timed out before reaching finality", data: None })) tx_digest=Digest("3dk3Zy9BNwPuXR5uBW5UuZt85io8zgCC1DDkdm8kHNCm") retry_cnt=0
2026-05-20T12:40:26.056540Z ERROR iota_benchmark: Transaction failed with err: Rpc(Call(ErrorObject { code: ServerError(-32050), message: "Transaction timed out before reaching finality", data: None })) tx_digest=Digest("HJD76uScLiExMMj3o3oVjH2gfy8R2VEEL3ZxYXLW1KoP") retry_cnt=0
2026-05-20T12:40:26.061287Z ERROR iota_benchmark: Transaction failed with err: Rpc(Call(ErrorObject { code: ServerError(-32050), message: "Transaction timed out before reaching finality", data: None })) tx_digest=Digest("DCmX2dqB1TrL4pdJfbYMnRxALdeE1M1ZNQk7MkPs2WoF") retry_cnt=0
2026-05-20T12:40:26.061287Z ERROR iota_benchmark: Transaction failed with err: Rpc(Call(ErrorObject { code: ServerError(-32050), message: "Transaction timed out before reaching finality", data: None })) tx_digest=Digest("4KcpaxBqdSLM4T1KzLRP8mqDVUcb6MBez8owP8q5Wjjy") retry_cnt=0
2026-05-20T12:40:26.061701Z ERROR iota_benchmark: Transaction failed with err: Rpc(Call(ErrorObject { code: ServerError(-32050), message: "Transaction timed out before reaching finality", data: None })) tx_digest=Digest("35PWSqrWbiWxemGeye7RGTRg2CfHWt1mZRjeEUzB4ri8") retry_cnt=0
2026-05-20T12:40:26.062126Z ERROR iota_benchmark: Transaction failed with err: Rpc(Call(ErrorObject { code: ServerError(-32050), message: "Transaction timed out before reaching finality", data: None })) tx_digest=Digest("6bxewUx1r1NZNaMbZg1kzdBtUACuAudqPnfXJrNW935d") retry_cnt=0
2026-05-20T12:40:26.062967Z ERROR iota_benchmark: Transaction failed with err: Rpc(Call(ErrorObject { code: ServerError(-32050), message: "Transaction timed out before reaching finality", data: None })) tx_digest=Digest("8G6D7RjhEGY1mJAPNNF234CpritF9u1W5d6aCVH7wyqZ") retry_cnt=0
2026-05-20T12:40:26.063039Z ERROR iota_benchmark: Transaction failed with err: Rpc(Call(ErrorObject { code: ServerError(-32050), message: "Transaction timed out before reaching finality", data: None })) tx_digest=Digest("ECp2972vBQqqY4TKcRuWJNU3FSh6RXp2G2gEzXw7mSRU") retry_cnt=0
2026-05-20T12:40:26.063634Z ERROR iota_benchmark: Transaction failed with err: Rpc(Call(ErrorObject { code: ServerError(-32050), message: "Transaction timed out before reaching finality", data: None })) tx_digest=Digest("BejEbfV4Ao51fYSgN4D4MUppmLz3rSC9AYxqaMwTzxwt") retry_cnt=0
2026-05-20T12:40:26.066577Z ERROR iota_benchmark: Transaction failed with err: Rpc(Call(ErrorObject { code: ServerError(-32050), message: "Transaction timed out before reaching finality", data: None })) tx_digest=Digest("GXkkUteRVBwzXxJuQAUZTrnGqu4pfF2C1RVpfHnPgxpp") retry_cnt=0
2026-05-20T12:40:26.066631Z ERROR iota_benchmark: Transaction failed with err: Rpc(Call(ErrorObject { code: ServerError(-32050), message: "Transaction timed out before reaching finality", data: None })) tx_digest=Digest("GXLHYMeFRRiCB8onAwSz8ChA5EJpRm59iKXHtp2S5zpD") retry_cnt=0
2026-05-20T12:40:26.066671Z ERROR iota_benchmark: Transaction failed with err: Rpc(Call(ErrorObject { code: ServerError(-32050), message: "Transaction timed out before reaching finality", data: None })) tx_digest=Digest("4DYn1M8xZH3a3rLEEMy9PNcvsjWSrbbAPMEbdMZZ1tcA") retry_cnt=0
2026-05-20T12:40:26.066686Z ERROR iota_benchmark: Transaction failed with err: Rpc(Call(ErrorObject { code: ServerError(-32050), message: "Transaction timed out before reaching finality", data: None })) tx_digest=Digest("2qm4a2Gh56vMjckgGqWgApHoswUEdWcMUQtVf7RmF2qm") retry_cnt=0
2026-05-20T12:40:26.066766Z ERROR iota_benchmark: Transaction failed with err: Rpc(Call(ErrorObject { code: ServerError(-32050), message: "Transaction timed out before reaching finality", data: None })) tx_digest=Digest("2gbAY7ZtVVXeVaxfGo8BEM3EskaRBmeoFhZs92BjWLY2") retry_cnt=0
2026-05-20T12:40:26.066779Z ERROR iota_benchmark: Transaction failed with err: Rpc(Call(ErrorObject { code: ServerError(-32050), message: "Transaction timed out before reaching finality", data: None })) tx_digest=Digest("16ZXVLjCrdGgJBwDypuJdYG6MrCtqZb9iLVm1JA1yEe") retry_cnt=0
2026-05-20T12:40:26.066842Z ERROR iota_benchmark: Transaction failed with err: Rpc(Call(ErrorObject { code: ServerError(-32050), message: "Transaction timed out before reaching finality", data: None })) tx_digest=Digest("5y6Tsqif3irJ5QEvg1hvzUEnE2iBmrTijHthZ5EUy4Gc") retry_cnt=2
2026-05-20T12:40:26.066918Z ERROR iota_benchmark: Transaction failed with err: Rpc(Call(ErrorObject { code: ServerError(-32050), message: "Transaction timed out before reaching finality", data: None })) tx_digest=Digest("GcQEwue35jZuN8cn5rtyktgU49CYzdEqyXSPTf1kUhcN") retry_cnt=0
2026-05-20T12:40:26.066969Z ERROR iota_benchmark: Transaction failed with err: Rpc(Call(ErrorObject { code: ServerError(-32050), message: "Transaction timed out before reaching finality", data: None })) tx_digest=Digest("8yuQRWSU1wGE1F29xzCiKATGnGRg5Tzv8pq6aZnLdrkR") retry_cnt=0
2026-05-20T12:40:26.066986Z ERROR iota_benchmark: Transaction failed with err: Rpc(Call(ErrorObject { code: ServerError(-32050), message: "Transaction timed out before reaching finality", data: None })) tx_digest=Digest("uwwSNcTTjBmJBoSxPxU26LngZfavomvbDPP5PCj4PYi") retry_cnt=0
2026-05-20T12:40:26.067036Z ERROR iota_benchmark: Transaction failed with err: Rpc(Call(ErrorObject { code: ServerError(-32050), message: "Transaction timed out before reaching finality", data: None })) tx_digest=Digest("Ao7RTNbDARp6oKZw6o51iATnoL6g2aSiGb3GpTATZmB1") retry_cnt=2
2026-05-20T12:40:26.067076Z ERROR iota_benchmark: Transaction failed with err: Rpc(Call(ErrorObject { code: ServerError(-32050), message: "Transaction timed out before reaching finality", data: None })) tx_digest=Digest("Co9tTVirr36xTvKVMBwu5ivP32KBHVhU7bgyfV7Wnnn3") retry_cnt=2
2026-05-20T12:40:26.067086Z ERROR iota_benchmark: Transaction failed with err: Rpc(Call(ErrorObject { code: ServerError(-32050), message: "Transaction timed out before reaching finality", data: None })) tx_digest=Digest("HJU9shyHwuCLFcrDFVN8pC1UuGNp4r4jjHvHFLbvuME1") retry_cnt=2
2026-05-20T12:40:26.067120Z ERROR iota_benchmark: Transaction failed with err: Rpc(Call(ErrorObject { code: ServerError(-32050), message: "Transaction timed out before reaching finality", data: None })) tx_digest=Digest("2XboogGpdTAm8p9kz62fPPKTesA1afkgjjsGt59wa8LB") retry_cnt=0
2026-05-20T12:40:26.067274Z ERROR iota_benchmark: Transaction failed with err: Rpc(Call(ErrorObject { code: ServerError(-32050), message: "Transaction timed out before reaching finality", data: None })) tx_digest=Digest("7WxuzFTebywMQsrbkhCDKGg38dT4U6VsuPk7yR6pjXwh") retry_cnt=0
2026-05-20T12:40:26.067804Z ERROR iota_benchmark: Transaction failed with err: Rpc(Call(ErrorObject { code: ServerError(-32050), message: "Transaction timed out before reaching finality", data: None })) tx_digest=Digest("CvMrL5Xqu6sNz9oBNygiSRdZXb95wLyNvKo399XauCo1") retry_cnt=0
2026-05-20T12:40:26.067863Z ERROR iota_benchmark: Transaction failed with err: Rpc(Call(ErrorObject { code: ServerError(-32050), message: "Transaction timed out before reaching finality", data: None })) tx_digest=Digest("GKRMurowSB55zDD9sTxjc8HEtWFtfxpqfdp9ppYNA92r") retry_cnt=0
2026-05-20T12:40:26.067942Z ERROR iota_benchmark: Transaction failed with err: Rpc(Call(ErrorObject { code: ServerError(-32050), message: "Transaction timed out before reaching finality", data: None })) tx_digest=Digest("HdqCAtWTLN1h151EiZ1e2WizF4EKeqYBhJe9vbB2DcKq") retry_cnt=0
2026-05-20T12:40:26.068108Z ERROR iota_benchmark: Transaction failed with err: Rpc(Call(ErrorObject { code: ServerError(-32050), message: "Transaction timed out before reaching finality", data: None })) tx_digest=Digest("9DHJgfuDDnSfCE1VRCP6sksVJRH4TBJ5E4zYpnZ12E5Q") retry_cnt=0
2026-05-20T12:40:26.068562Z ERROR iota_benchmark: Transaction failed with err: Rpc(Call(ErrorObject { code: ServerError(-32050), message: "Transaction timed out before reaching finality", data: None })) tx_digest=Digest("5FWgmyUvcXTorR8GB6b7PXL13Lr7HCEomaBAeawfcmCQ") retry_cnt=0
2026-05-20T12:40:26.068748Z ERROR iota_benchmark: Transaction failed with err: Rpc(Call(ErrorObject { code: ServerError(-32050), message: "Transaction timed out before reaching finality", data: None })) tx_digest=Digest("Gi9G4TRM7WEsMGhKunbfA9SofpsjjxwCeKyAZ5SWERjb") retry_cnt=0
2026-05-20T12:40:26.070986Z ERROR iota_benchmark: Transaction failed with err: Rpc(Call(ErrorObject { code: ServerError(-32050), message: "Transaction timed out before reaching finality", data: None })) tx_digest=Digest("6qw8SVG9bTw4NaXpd1ZgFUbaHRATzZPgHCDYGyu94eHN") retry_cnt=0
2026-05-20T12:40:26.071021Z ERROR iota_benchmark: Transaction failed with err: Rpc(Call(ErrorObject { code: ServerError(-32050), message: "Transaction timed out before reaching finality", data: None })) tx_digest=Digest("AHw9ECx5piXRgZHDKWKzLWyUkYiiViC9PJkctMwj4BAB") retry_cnt=0
2026-05-20T12:40:26.071049Z ERROR iota_benchmark: Transaction failed with err: Rpc(Call(ErrorObject { code: ServerError(-32050), message: "Transaction timed out before reaching finality", data: None })) tx_digest=Digest("He7CkmQKreMxgyozkMfMis7XpmK1EasHuHPXSP8c4rL4") retry_cnt=0
2026-05-20T12:40:26.071053Z ERROR iota_benchmark: Transaction failed with err: Rpc(Call(ErrorObject { code: ServerError(-32050), message: "Transaction timed out before reaching finality", data: None })) tx_digest=Digest("3CPmiFrowdoUMTPqhA2UHRgzLvxAb9sstRPT7fsEJRVy") retry_cnt=0
2026-05-20T12:40:26.071085Z ERROR iota_benchmark: Transaction failed with err: Rpc(Call(ErrorObject { code: ServerError(-32050), message: "Transaction timed out before reaching finality", data: None })) tx_digest=Digest("BrvgzPEBHpwZBcL8LDc7jS8MsbWkJtSavrCbDH6ZzCJ8") retry_cnt=0
2026-05-20T12:40:26.071109Z ERROR iota_benchmark: Transaction failed with err: Rpc(Call(ErrorObject { code: ServerError(-32050), message: "Transaction timed out before reaching finality", data: None })) tx_digest=Digest("4CuMQdoV5FkVwyS2kutvoBqpfifTybRFvEPwH8gTnUv6") retry_cnt=0
2026-05-20T12:40:26.071123Z ERROR iota_benchmark: Transaction failed with err: Rpc(Call(ErrorObject { code: ServerError(-32050), message: "Transaction timed out before reaching finality", data: None })) tx_digest=Digest("GF4NkUHGUDYEni3D9gRzVhGABMc9EYs5zUX1Mhoye1es") retry_cnt=0
2026-05-20T12:40:26.071154Z ERROR iota_benchmark: Transaction failed with err: Rpc(Call(ErrorObject { code: ServerError(-32050), message: "Transaction timed out before reaching finality", data: None })) tx_digest=Digest("8db2fuSN4kefeJMbk14BFsGDFqaTbmsi6XjWoXqUGZrC") retry_cnt=0
2026-05-20T12:40:26.071162Z ERROR iota_benchmark: Transaction failed with err: Rpc(Call(ErrorObject { code: ServerError(-32050), message: "Transaction timed out before reaching finality", data: None })) tx_digest=Digest("4VMa9qzkzKF2pcKXgZ1y7ufMFLSaSYSj1rPzQBETUty2") retry_cnt=0
2026-05-20T12:40:26.073275Z ERROR iota_benchmark: Transaction failed with err: Rpc(Call(ErrorObject { code: ServerError(-32050), message: "Transaction timed out before reaching finality", data: None })) tx_digest=Digest("27HzzV4PYCnCXhmo376QUPpgB1RyLMxpJ1UUwXTio1t1") retry_cnt=2
2026-05-20T12:40:26.073292Z ERROR iota_benchmark: Transaction failed with err: Rpc(Call(ErrorObject { code: ServerError(-32050), message: "Transaction timed out before reaching finality", data: None })) tx_digest=Digest("CKkD14Ebi4fZeuiirW7iNxoVzqM9YkyL9Z7BMoiKyZ7n") retry_cnt=2
2026-05-20T12:40:26.073300Z ERROR iota_benchmark: Transaction failed with err: Rpc(Call(ErrorObject { code: ServerError(-32050), message: "Transaction timed out before reaching finality", data: None })) tx_digest=Digest("541o3p2x7R5RmvYdRucAaQuQ9T8Q3vgAx9q9UJVavZd5") retry_cnt=0
2026-05-20T12:40:26.073335Z ERROR iota_benchmark: Transaction failed with err: Rpc(Call(ErrorObject { code: ServerError(-32050), message: "Transaction timed out before reaching finality", data: None })) tx_digest=Digest("vB99Wz2jcmuWbSKETGiTsvuXjsm4svTyN8YfWvdBdih") retry_cnt=0
2026-05-20T12:40:26.073345Z ERROR iota_benchmark: Transaction failed with err: Rpc(Call(ErrorObject { code: ServerError(-32050), message: "Transaction timed out before reaching finality", data: None })) tx_digest=Digest("2ZwXVqF8ooXdCEJwgtXdVtvoLrUyUV5uteBEfJEqS77f") retry_cnt=0
2026-05-20T12:40:26.073370Z ERROR iota_benchmark: Transaction failed with err: Rpc(Call(ErrorObject { code: ServerError(-32050), message: "Transaction timed out before reaching finality", data: None })) tx_digest=Digest("BeNxBrkFL2MQFoHa5qgyHbJ4tj1eG45GSPqxQMSLmAdv") retry_cnt=2
2026-05-20T12:40:26.073406Z ERROR iota_benchmark: Transaction failed with err: Rpc(Call(ErrorObject { code: ServerError(-32050), message: "Transaction timed out before reaching finality", data: None })) tx_digest=Digest("4UnsFSiD2xiqb5nKHKGoqyMgsufxAeCKH4Ji7XnwVaZS") retry_cnt=2
2026-05-20T12:40:26.073407Z ERROR iota_benchmark: Transaction failed with err: Rpc(Call(ErrorObject { code: ServerError(-32050), message: "Transaction timed out before reaching finality", data: None })) tx_digest=Digest("DVReFXSy4JE6HLbF9KBMXu8qBaTt9xMkdGfYwJwVGQp6") retry_cnt=2
2026-05-20T12:40:26.073591Z ERROR iota_benchmark: Transaction failed with err: Rpc(Call(ErrorObject { code: ServerError(-32050), message: "Transaction timed out before reaching finality", data: None })) tx_digest=Digest("4SCHKXc2tSwEjEXFxPigYrMtfYgLYYRFPyufUkqo8xKw") retry_cnt=2
2026-05-20T12:40:26.073945Z ERROR iota_benchmark: Transaction failed with err: Rpc(Call(ErrorObject { code: ServerError(-32050), message: "Transaction timed out before reaching finality", data: None })) tx_digest=Digest("8yfxQfaCQ914J16MYoheWUQtme4YGNj4ubq8FJdcuaw9") retry_cnt=0
2026-05-20T12:40:26.075643Z ERROR iota_benchmark: Transaction failed with err: Rpc(Call(ErrorObject { code: ServerError(-32050), message: "Transaction timed out before reaching finality", data: None })) tx_digest=Digest("DLfFKK7Dbpv5NwfMytYqoC7GQeHY1AofY2iW3X7A8qmS") retry_cnt=2
2026-05-20T12:40:26.075682Z ERROR iota_benchmark: Transaction failed with err: Rpc(Call(ErrorObject { code: ServerError(-32050), message: "Transaction timed out before reaching finality", data: None })) tx_digest=Digest("3RRnsUnkKnkvuj7gVLT3JpVmBFc8sjNwb9k1ecQ8ZxRg") retry_cnt=0
2026-05-20T12:40:26.075688Z ERROR iota_benchmark: Transaction failed with err: Rpc(Call(ErrorObject { code: ServerError(-32050), message: "Transaction timed out before reaching finality", data: None })) tx_digest=Digest("7TSMhYEs8upn7PjdhQ4QVkXjbSFtirKJS6q6ExQBLFig") retry_cnt=0
2026-05-20T12:40:26.075706Z ERROR iota_benchmark: Transaction failed with err: Rpc(Call(ErrorObject { code: ServerError(-32050), message: "Transaction timed out before reaching finality", data: None })) tx_digest=Digest("4KCCU18h1teyusLXkh81DTSyqVpygUtYUSZCsPc2jDUi") retry_cnt=0
2026-05-20T12:40:26.075719Z ERROR iota_benchmark: Transaction failed with err: Rpc(Call(ErrorObject { code: ServerError(-32050), message: "Transaction timed out before reaching finality", data: None })) tx_digest=Digest("9L5XQuZrYNRzd2HyCJdSLRsFC8Pzn9Re33D8zcboeeMt") retry_cnt=0
2026-05-20T12:40:26.075735Z ERROR iota_benchmark: Transaction failed with err: Rpc(Call(ErrorObject { code: ServerError(-32050), message: "Transaction timed out before reaching finality", data: None })) tx_digest=Digest("36zKFaPApdp5dMBY56xV4Cy92ziSBvFTs8shCTea2hxH") retry_cnt=0
2026-05-20T12:40:26.075769Z ERROR iota_benchmark: Transaction failed with err: Rpc(Call(ErrorObject { code: ServerError(-32050), message: "Transaction timed out before reaching finality", data: None })) tx_digest=Digest("GyyeRtsBpabcLcYBseXVSZfLGtj9gUTVjiib2YTT1QLT") retry_cnt=0
2026-05-20T12:40:26.076657Z ERROR iota_benchmark: Transaction failed with err: Rpc(Call(ErrorObject { code: ServerError(-32050), message: "Transaction timed out before reaching finality", data: None })) tx_digest=Digest("4QdTzcZdM8UcZwJSKR9KhGFen47bEaCj7nSR12UTK2KR") retry_cnt=0
2026-05-20T12:40:26.076667Z ERROR iota_benchmark: Transaction failed with err: Rpc(Call(ErrorObject { code: ServerError(-32050), message: "Transaction timed out before reaching finality", data: None })) tx_digest=Digest("YTw1cqsDQm3buYDN18R2NWiSofyF72uhMidsESy48dm") retry_cnt=0
2026-05-20T12:40:26.077971Z ERROR iota_benchmark: Transaction failed with err: Rpc(Call(ErrorObject { code: ServerError(-32050), message: "Transaction timed out before reaching finality", data: None })) tx_digest=Digest("3HrNq6Jre6p8UtniWap1wZZ81vK9id86sUNYJVR4wpjQ") retry_cnt=2
2026-05-20T12:40:26.078013Z ERROR iota_benchmark: Transaction failed with err: Rpc(Call(ErrorObject { code: ServerError(-32050), message: "Transaction timed out before reaching finality", data: None })) tx_digest=Digest("HwJE4aZskP8nzGgYSBfkAz1qy25MuqBQyKPQrsvf57np") retry_cnt=0
2026-05-20T12:40:26.078029Z ERROR iota_benchmark: Transaction failed with err: Rpc(Call(ErrorObject { code: ServerError(-32050), message: "Transaction timed out before reaching finality", data: None })) tx_digest=Digest("84PccK9P8aekvFLbhtWPqCoRYTGcEb3oMrmMzj7TJHYY") retry_cnt=0
2026-05-20T12:40:26.078534Z ERROR iota_benchmark: Transaction failed with err: Rpc(Call(ErrorObject { code: ServerError(-32050), message: "Transaction timed out before reaching finality", data: None })) tx_digest=Digest("22xTPvQV99jPGM8Dpo3uwbbZCoGe8aDjxs7SADXmUXcz") retry_cnt=0
2026-05-20T12:40:26.080461Z ERROR iota_benchmark: Transaction failed with err: Rpc(Call(ErrorObject { code: ServerError(-32050), message: "Transaction timed out before reaching finality", data: None })) tx_digest=Digest("9FsUW8dUtnx3a67zbXme46PSCwoUUsafTeZQFMGvk2TP") retry_cnt=0
2026-05-20T12:40:26.080462Z ERROR iota_benchmark: Transaction failed with err: Rpc(Call(ErrorObject { code: ServerError(-32050), message: "Transaction timed out before reaching finality", data: None })) tx_digest=Digest("5CTnX86JZ6diRBRmRK26qT8HHLezAzGCPnnqY4ZFPVk5") retry_cnt=0
2026-05-20T12:40:26.080459Z ERROR iota_benchmark: Transaction failed with err: Rpc(Call(ErrorObject { code: ServerError(-32050), message: "Transaction timed out before reaching finality", data: None })) tx_digest=Digest("AcjUu7ZKVffJKbftm14ALVXazHR8rbcjMC7soSa8NKa7") retry_cnt=0
2026-05-20T12:40:26.080520Z ERROR iota_benchmark: Transaction failed with err: Rpc(Call(ErrorObject { code: ServerError(-32050), message: "Transaction timed out before reaching finality", data: None })) tx_digest=Digest("7tQDAmPJugCh5sWcxFRCZ5rRiyzEAaD8TeXg42f2rDHG") retry_cnt=0
2026-05-20T12:40:26.080525Z ERROR iota_benchmark: Transaction failed with err: Rpc(Call(ErrorObject { code: ServerError(-32050), message: "Transaction timed out before reaching finality", data: None })) tx_digest=Digest("3W85RR87b73irCPGtThG2qGeN97gBqEXnj6aKNz4v4w6") retry_cnt=2
2026-05-20T12:40:26.080599Z ERROR iota_benchmark: Transaction failed with err: Rpc(Call(ErrorObject { code: ServerError(-32050), message: "Transaction timed out before reaching finality", data: None })) tx_digest=Digest("23FH6iNU6bX2FkhREBSPA7Dq126NLDdfP61oHMGhAq5Y") retry_cnt=0
2026-05-20T12:40:26.080921Z ERROR iota_benchmark: Transaction failed with err: Rpc(Call(ErrorObject { code: ServerError(-32050), message: "Transaction timed out before reaching finality", data: None })) tx_digest=Digest("AtebjRuEsf4GX3B1bdULRqokeksMoR8TU2YaZauPXJmH") retry_cnt=0
2026-05-20T12:40:26.081075Z ERROR iota_benchmark: Transaction failed with err: Rpc(Call(ErrorObject { code: ServerError(-32050), message: "Transaction timed out before reaching finality", data: None })) tx_digest=Digest("2KkXmS7MQvuXzcKKE7CspLKcnXCoAXoKQSwqKbenrxBH") retry_cnt=0
2026-05-20T12:40:26.081259Z ERROR iota_benchmark: Transaction failed with err: Rpc(Call(ErrorObject { code: ServerError(-32050), message: "Transaction timed out before reaching finality", data: None })) tx_digest=Digest("6g3ZXAqqD6v9w99t1F5jdyGKvMWcQTnMLhk9fwa1YfPo") retry_cnt=0
2026-05-20T12:40:26.081667Z ERROR iota_benchmark: Transaction failed with err: Rpc(Call(ErrorObject { code: ServerError(-32050), message: "Transaction timed out before reaching finality", data: None })) tx_digest=Digest("rLQdFcovB8Z6y8M2XG4PFL2MtTG5KqXdCpfLYhQiEAd") retry_cnt=0
2026-05-20T12:40:26.082030Z ERROR iota_benchmark: Transaction failed with err: Rpc(Call(ErrorObject { code: ServerError(-32050), message: "Transaction timed out before reaching finality", data: None })) tx_digest=Digest("9Qv6iuJiFQMUkXvzeH3fUfHW8KJhrkcCF86pSWtPVJBU") retry_cnt=0
2026-05-20T12:40:26.082106Z ERROR iota_benchmark: Transaction failed with err: Rpc(Call(ErrorObject { code: ServerError(-32050), message: "Transaction timed out before reaching finality", data: None })) tx_digest=Digest("GuwMTDKHPckCxhFfJjAvxwDaiA4VaWTkSkMhTvRtEdYz") retry_cnt=0
2026-05-20T12:40:26.084255Z ERROR iota_benchmark: Transaction failed with err: Rpc(Call(ErrorObject { code: ServerError(-32050), message: "Transaction timed out before reaching finality", data: None })) tx_digest=Digest("63dhUHqNXPdQ7FMVhmMDJWcfARM6WJSaeqb5fN7dKmYR") retry_cnt=2
2026-05-20T12:40:26.084277Z ERROR iota_benchmark: Transaction failed with err: Rpc(Call(ErrorObject { code: ServerError(-32050), message: "Transaction timed out before reaching finality", data: None })) tx_digest=Digest("4whza696HXKVScDuM5dAVQo885KoFew2p8Tb9xapGwfi") retry_cnt=0
2026-05-20T12:40:26.084316Z ERROR iota_benchmark: Transaction failed with err: Rpc(Call(ErrorObject { code: ServerError(-32050), message: "Transaction timed out before reaching finality", data: None })) tx_digest=Digest("8YztcM6efNgNTMDvnyUNaY21J9eb8JQjaeXSavFYHQsK") retry_cnt=2
2026-05-20T12:40:26.084316Z ERROR iota_benchmark: Transaction failed with err: Rpc(Call(ErrorObject { code: ServerError(-32050), message: "Transaction timed out before reaching finality", data: None })) tx_digest=Digest("AxJr3HXorKfF4LGEdGw3ioYbp6Q6DPsYgxeBua7wV9vk") retry_cnt=2
2026-05-20T12:40:26.084323Z ERROR iota_benchmark: Transaction failed with err: Rpc(Call(ErrorObject { code: ServerError(-32050), message: "Transaction timed out before reaching finality", data: None })) tx_digest=Digest("9b7amfX4QA15soKdq7SnwwguswLCAxuW7kYQR2Y8AL1n") retry_cnt=2
2026-05-20T12:40:26.084350Z ERROR iota_benchmark: Transaction failed with err: Rpc(Call(ErrorObject { code: ServerError(-32050), message: "Transaction timed out before reaching finality", data: None })) tx_digest=Digest("6ZMptAgQ4STUFsGSFBVkHfrK88Nwv8mCVZBUL2jQDemz") retry_cnt=2
2026-05-20T12:40:26.084404Z ERROR iota_benchmark: Transaction failed with err: Rpc(Call(ErrorObject { code: ServerError(-32050), message: "Transaction timed out before reaching finality", data: None })) tx_digest=Digest("FSMvP5odioDY5idiD5RvciHvYBgUoWKpoemYa4Ty5tWP") retry_cnt=2
2026-05-20T12:40:26.084428Z ERROR iota_benchmark: Transaction failed with err: Rpc(Call(ErrorObject { code: ServerError(-32050), message: "Transaction timed out before reaching finality", data: None })) tx_digest=Digest("6zwBfa4CTty67NhMj9BqfNJ5xTbu7cPVx4nPvw4kgQng") retry_cnt=0
2026-05-20T12:40:26.084440Z ERROR iota_benchmark: Transaction failed with err: Rpc(Call(ErrorObject { code: ServerError(-32050), message: "Transaction timed out before reaching finality", data: None })) tx_digest=Digest("3HFPqTV5NfgP2HDqvbFfA3fFZwNyfqJNCS89AS8R6tEA") retry_cnt=2
2026-05-20T12:40:26.084465Z ERROR iota_benchmark: Transaction failed with err: Rpc(Call(ErrorObject { code: ServerError(-32050), message: "Transaction timed out before reaching finality", data: None })) tx_digest=Digest("ABmFwo5YQZcgdj3mUM34d3p5WRpJ1gQMjeJwBRjhdawm") retry_cnt=0
2026-05-20T12:40:26.084672Z ERROR iota_benchmark: Transaction failed with err: Rpc(Call(ErrorObject { code: ServerError(-32050), message: "Transaction timed out before reaching finality", data: None })) tx_digest=Digest("EaycKfHJdFL2eciJGU1CsjnZEr9Fhs4Zk65opEZS35YT") retry_cnt=0
2026-05-20T12:40:26.084819Z ERROR iota_benchmark: Transaction failed with err: Rpc(Call(ErrorObject { code: ServerError(-32050), message: "Transaction timed out before reaching finality", data: None })) tx_digest=Digest("5iyKUtwe7rNqpKUsu6ERVjdzgnALXVTGorVASoxD3UYh") retry_cnt=2
2026-05-20T12:40:26.086797Z ERROR iota_benchmark: Transaction failed with err: Rpc(Call(ErrorObject { code: ServerError(-32050), message: "Transaction timed out before reaching finality", data: None })) tx_digest=Digest("9yRkuNA4m8P2QMGVPQFmw23Tp4Bac5JT3VN6AnJriHA1") retry_cnt=2
2026-05-20T12:40:26.086905Z ERROR iota_benchmark: Transaction failed with err: Rpc(Call(ErrorObject { code: ServerError(-32050), message: "Transaction timed out before reaching finality", data: None })) tx_digest=Digest("84ozo7MGo6HKaLc55VQfnT4zqg7xgmu8wJwXfjykBu5V") retry_cnt=2
2026-05-20T12:40:26.086937Z ERROR iota_benchmark: Transaction failed with err: Rpc(Call(ErrorObject { code: ServerError(-32050), message: "Transaction timed out before reaching finality", data: None })) tx_digest=Digest("Bj2o5u5PWFr5kgTc54s4rJorjicTRa4gy73yiJDtBYjT") retry_cnt=0
2026-05-20T12:40:26.086957Z ERROR iota_benchmark: Transaction failed with err: Rpc(Call(ErrorObject { code: ServerError(-32050), message: "Transaction timed out before reaching finality", data: None })) tx_digest=Digest("GxSkCxH4Fm66pUEv6FhoNvmpCtEfdvyT5X4b46gKLQAr") retry_cnt=2
2026-05-20T12:40:26.087077Z ERROR iota_benchmark: Transaction failed with err: Rpc(Call(ErrorObject { code: ServerError(-32050), message: "Transaction timed out before reaching finality", data: None })) tx_digest=Digest("DE3TGViZ67Ffgs6gEHgnBNUHtW4zpQgG4nxRU2QCKs1J") retry_cnt=0
2026-05-20T12:40:26.089409Z ERROR iota_benchmark: Transaction failed with err: Rpc(Call(ErrorObject { code: ServerError(-32050), message: "Transaction timed out before reaching finality", data: None })) tx_digest=Digest("9UEF6M43R694qxT9faQBAUChydpeN5UbWGpiHL3oxeY8") retry_cnt=0
2026-05-20T12:40:26.089426Z ERROR iota_benchmark: Transaction failed with err: Rpc(Call(ErrorObject { code: ServerError(-32050), message: "Transaction timed out before reaching finality", data: None })) tx_digest=Digest("6gKUVekKgtMQVLTMMss1kJF3x8N9CJ9uSKLp6qyifR6W") retry_cnt=0
2026-05-20T12:40:26.089436Z ERROR iota_benchmark: Transaction failed with err: Rpc(Call(ErrorObject { code: ServerError(-32050), message: "Transaction timed out before reaching finality", data: None })) tx_digest=Digest("CZNvYQcsdGBToaJR1ASJcyCjBQZP4LbHgsXkm7xHDX9m") retry_cnt=0
2026-05-20T12:40:26.089759Z ERROR iota_benchmark: Transaction failed with err: Rpc(Call(ErrorObject { code: ServerError(-32050), message: "Transaction timed out before reaching finality", data: None })) tx_digest=Digest("6q4gb6X5MPMj6N8Yy7DJ4A2jeganC5w1p2Wu9kcZCinj") retry_cnt=0
2026-05-20T12:40:26.089771Z ERROR iota_benchmark: Transaction failed with err: Rpc(Call(ErrorObject { code: ServerError(-32050), message: "Transaction timed out before reaching finality", data: None })) tx_digest=Digest("5csrfoVMe8bYZ4biQ1uKYnLSFnUyMTQXrKDjKvhjv9cX") retry_cnt=0
2026-05-20T12:40:26.089794Z ERROR iota_benchmark: Transaction failed with err: Rpc(Call(ErrorObject { code: ServerError(-32050), message: "Transaction timed out before reaching finality", data: None })) tx_digest=Digest("2QPZhQ3sA47pk9RHxjF6U6xrcsxxEExxe6CCFuVYvBPq") retry_cnt=0
2026-05-20T12:40:26.089812Z ERROR iota_benchmark: Transaction failed with err: Rpc(Call(ErrorObject { code: ServerError(-32050), message: "Transaction timed out before reaching finality", data: None })) tx_digest=Digest("2ukLa4vVMk7fwErv8MB8kWZjqeJSJ53hzovn2nEvjEK2") retry_cnt=0
2026-05-20T12:40:26.089826Z ERROR iota_benchmark: Transaction failed with err: Rpc(Call(ErrorObject { code: ServerError(-32050), message: "Transaction timed out before reaching finality", data: None })) tx_digest=Digest("3csLBULwn2Ck1VjrDexed2h5Z92aQ3Zxte1uEmXdZ2Z6") retry_cnt=0
2026-05-20T12:40:26.089870Z ERROR iota_benchmark: Transaction failed with err: Rpc(Call(ErrorObject { code: ServerError(-32050), message: "Transaction timed out before reaching finality", data: None })) tx_digest=Digest("EL9dDMYqxiLquiu7eVWNbDdMXHAAPTVdtTjrwVLQ47aS") retry_cnt=0
2026-05-20T12:40:26.089893Z ERROR iota_benchmark: Transaction failed with err: Rpc(Call(ErrorObject { code: ServerError(-32050), message: "Transaction timed out before reaching finality", data: None })) tx_digest=Digest("4aRJ5s2gGeuEEkYZkGLNmGLfALM4NxBfTNyWAQsDXD3q") retry_cnt=0
2026-05-20T12:40:26.089920Z ERROR iota_benchmark: Transaction failed with err: Rpc(Call(ErrorObject { code: ServerError(-32050), message: "Transaction timed out before reaching finality", data: None })) tx_digest=Digest("4RRL4UgJYHzQTyAXnoM2meUUnmhqTfu25NbTqYUMbdba") retry_cnt=0
2026-05-20T12:40:26.089923Z ERROR iota_benchmark: Transaction failed with err: Rpc(Call(ErrorObject { code: ServerError(-32050), message: "Transaction timed out before reaching finality", data: None })) tx_digest=Digest("6scqLvSwBYwRrzAnZT914vNyuRfv6Nhvi4DbvDdofyLs") retry_cnt=0
2026-05-20T12:40:26.089927Z ERROR iota_benchmark: Transaction failed with err: Rpc(Call(ErrorObject { code: ServerError(-32050), message: "Transaction timed out before reaching finality", data: None })) tx_digest=Digest("CHP45siVdtsYuz36uqDm4LaTLJjeXH297EsuiNLcifeW") retry_cnt=0
2026-05-20T12:40:26.089954Z ERROR iota_benchmark: Transaction failed with err: Rpc(Call(ErrorObject { code: ServerError(-32050), message: "Transaction timed out before reaching finality", data: None })) tx_digest=Digest("5TGAaNE6hs68qsLG1P5qxdTzuECbW3wTCbuVfHhiqmbv") retry_cnt=0
2026-05-20T12:40:26.089959Z ERROR iota_benchmark: Transaction failed with err: Rpc(Call(ErrorObject { code: ServerError(-32050), message: "Transaction timed out before reaching finality", data: None })) tx_digest=Digest("7eN1T6zPpGquA48iKJABMqFphnWco1fKU4bnxYCeCyoK") retry_cnt=0
2026-05-20T12:40:26.089999Z ERROR iota_benchmark: Transaction failed with err: Rpc(Call(ErrorObject { code: ServerError(-32050), message: "Transaction timed out before reaching finality", data: None })) tx_digest=Digest("9ZESrKPjoEeHt1V5ZXwTztGSZLqfivu2EwGNaBLhG92R") retry_cnt=0
2026-05-20T12:40:26.090011Z ERROR iota_benchmark: Transaction failed with err: Rpc(Call(ErrorObject { code: ServerError(-32050), message: "Transaction timed out before reaching finality", data: None })) tx_digest=Digest("3iXF7mcYnUaeEeuHxzKShBpuu23c7dKGq9aSKh5KRKxz") retry_cnt=0
2026-05-20T12:40:26.090014Z ERROR iota_benchmark: Transaction failed with err: Rpc(Call(ErrorObject { code: ServerError(-32050), message: "Transaction timed out before reaching finality", data: None })) tx_digest=Digest("7KddMFytp3XQV1fYZihviV2iwTWWQKTbdsTarXfDUUXk") retry_cnt=0
2026-05-20T12:40:26.090054Z ERROR iota_benchmark: Transaction failed with err: Rpc(Call(ErrorObject { code: ServerError(-32050), message: "Transaction timed out before reaching finality", data: None })) tx_digest=Digest("ReuqcmVCfWPoH4RJJMHDRUD3nfxSVHZjQidrFBXLAHu") retry_cnt=0
2026-05-20T12:40:26.092125Z ERROR iota_benchmark: Transaction failed with err: Rpc(Call(ErrorObject { code: ServerError(-32050), message: "Transaction timed out before reaching finality", data: None })) tx_digest=Digest("EXj5Kk8PEp8rJxqUQQ8j2nQFvvYbkJcMw48zLSCKScmc") retry_cnt=0
2026-05-20T12:40:26.092164Z ERROR iota_benchmark: Transaction failed with err: Rpc(Call(ErrorObject { code: ServerError(-32050), message: "Transaction timed out before reaching finality", data: None })) tx_digest=Digest("4MosHmoPmPcxABBLUqUV1enkvK7wdZW1Wx1ahassmnRc") retry_cnt=0
2026-05-20T12:40:26.092208Z ERROR iota_benchmark: Transaction failed with err: Rpc(Call(ErrorObject { code: ServerError(-32050), message: "Transaction timed out before reaching finality", data: None })) tx_digest=Digest("A3Npowt3m3SPN9h6AQnvUKyy3oVhEPJ1NcvxSCq7rDDe") retry_cnt=0
2026-05-20T12:40:26.092217Z ERROR iota_benchmark: Transaction failed with err: Rpc(Call(ErrorObject { code: ServerError(-32050), message: "Transaction timed out before reaching finality", data: None })) tx_digest=Digest("7fMJ9x1WHB3AH5xVJuaEi6ScDPrSodyKdJauR6gv2Xga") retry_cnt=0
2026-05-20T12:40:26.092244Z ERROR iota_benchmark: Transaction failed with err: Rpc(Call(ErrorObject { code: ServerError(-32050), message: "Transaction timed out before reaching finality", data: None })) tx_digest=Digest("1tWNz4Z4zhhxawnmVVh8UFTBTgBueaD3Qu5aNdyWR9q") retry_cnt=0
2026-05-20T12:40:26.092261Z ERROR iota_benchmark: Transaction failed with err: Rpc(Call(ErrorObject { code: ServerError(-32050), message: "Transaction timed out before reaching finality", data: None })) tx_digest=Digest("HWy7zXJyybDFCmcRe7T5UFJe3GT5jRGRH6cF2MMXEmBR") retry_cnt=0
2026-05-20T12:40:26.092306Z ERROR iota_benchmark: Transaction failed with err: Rpc(Call(ErrorObject { code: ServerError(-32050), message: "Transaction timed out before reaching finality", data: None })) tx_digest=Digest("3hT39Hucq5mRkpb9pRSikKqmCE2ag5dnjHiusYkUr1zQ") retry_cnt=0
2026-05-20T12:40:26.092308Z ERROR iota_benchmark: Transaction failed with err: Rpc(Call(ErrorObject { code: ServerError(-32050), message: "Transaction timed out before reaching finality", data: None })) tx_digest=Digest("2BjZ61XPuut6XWJwgK4STDcyywo3rQFwLEjuMUVLZRZS") retry_cnt=2
2026-05-20T12:40:26.092326Z ERROR iota_benchmark: Transaction failed with err: Rpc(Call(ErrorObject { code: ServerError(-32050), message: "Transaction timed out before reaching finality", data: None })) tx_digest=Digest("5uuw7o9pSRTD9p41GnXAPjM1jyuWTyt9CMDhr5WC7h2T") retry_cnt=0
2026-05-20T12:40:26.092357Z ERROR iota_benchmark: Transaction failed with err: Rpc(Call(ErrorObject { code: ServerError(-32050), message: "Transaction timed out before reaching finality", data: None })) tx_digest=Digest("6LoPNzfKMArmFhc2GSe7eQXaU3QXH838Za5hCQJdp2sj") retry_cnt=0
2026-05-20T12:40:26.092365Z ERROR iota_benchmark: Transaction failed with err: Rpc(Call(ErrorObject { code: ServerError(-32050), message: "Transaction timed out before reaching finality", data: None })) tx_digest=Digest("CpVDbFUPD1MSBtXKWFLGL59Xv8YEc3jj8nuDGT911Bm5") retry_cnt=0
2026-05-20T12:40:26.092399Z ERROR iota_benchmark: Transaction failed with err: Rpc(Call(ErrorObject { code: ServerError(-32050), message: "Transaction timed out before reaching finality", data: None })) tx_digest=Digest("EC5pYqjKewww5ZCf8FDdP6Ho1AsqcSF8KGwMUUArseyV") retry_cnt=0
2026-05-20T12:40:26.092413Z ERROR iota_benchmark: Transaction failed with err: Rpc(Call(ErrorObject { code: ServerError(-32050), message: "Transaction timed out before reaching finality", data: None })) tx_digest=Digest("7fTV9z9s76GrueSxtCpJRH9Ky65BD9Mt5MBj3eSPsz2s") retry_cnt=0
2026-05-20T12:40:26.092431Z ERROR iota_benchmark: Transaction failed with err: Rpc(Call(ErrorObject { code: ServerError(-32050), message: "Transaction timed out before reaching finality", data: None })) tx_digest=Digest("Csno5r25hjWaLwtTE1cSvdWvEsTFs34iU8rETpF1581m") retry_cnt=0
2026-05-20T12:40:26.092459Z ERROR iota_benchmark: Transaction failed with err: Rpc(Call(ErrorObject { code: ServerError(-32050), message: "Transaction timed out before reaching finality", data: None })) tx_digest=Digest("H5uTkjx7XcDcriwLsYCFbo3sFHgAz8m6WyEmDXtRxLyP") retry_cnt=0
2026-05-20T12:40:26.092493Z ERROR iota_benchmark: Transaction failed with err: Rpc(Call(ErrorObject { code: ServerError(-32050), message: "Transaction timed out before reaching finality", data: None })) tx_digest=Digest("3nNod2WZNPPkQaa4HtUjLvv3qyWWGTMAmQRL9duWLH3o") retry_cnt=0
2026-05-20T12:40:26.092681Z ERROR iota_benchmark: Transaction failed with err: Rpc(Call(ErrorObject { code: ServerError(-32050), message: "Transaction timed out before reaching finality", data: None })) tx_digest=Digest("1heQ4YjetucV65v6G9GZf1S6QJcpmGePowFb5UMQH8H") retry_cnt=0
2026-05-20T12:40:26.094811Z ERROR iota_benchmark: Transaction failed with err: Rpc(Call(ErrorObject { code: ServerError(-32050), message: "Transaction timed out before reaching finality", data: None })) tx_digest=Digest("EPQMkCLWREFZkDSmUbrkWGJgxAGq6isDvSrRWTQjmH2Z") retry_cnt=0
2026-05-20T12:40:26.094925Z ERROR iota_benchmark: Transaction failed with err: Rpc(Call(ErrorObject { code: ServerError(-32050), message: "Transaction timed out before reaching finality", data: None })) tx_digest=Digest("3cHWFDSDPYUnF2JTMtMfR4hexFPxXwPRtgPBu5oHVUc8") retry_cnt=0
2026-05-20T12:40:26.095627Z ERROR iota_benchmark: Transaction failed with err: Rpc(Call(ErrorObject { code: ServerError(-32050), message: "Transaction timed out before reaching finality", data: None })) tx_digest=Digest("9ZiuhEGzNsid3RdyoaV6XY9q8kqEEEq7NacmVanu5WS9") retry_cnt=0
2026-05-20T12:40:26.096946Z ERROR iota_benchmark: Transaction failed with err: Rpc(Call(ErrorObject { code: ServerError(-32050), message: "Transaction timed out before reaching finality", data: None })) tx_digest=Digest("2BzdbaBBgwAEG5NfdUh3qdfy4MvNv1ACLsGvwF6W33zL") retry_cnt=2
2026-05-20T12:40:26.101667Z ERROR iota_benchmark: Transaction failed with err: Rpc(Call(ErrorObject { code: ServerError(-32050), message: "Transaction timed out before reaching finality", data: None })) tx_digest=Digest("7xkyy2U2oCMbBRtpxcxppqcJpnSVaYKVvmeszUadtWWe") retry_cnt=0
2026-05-20T12:40:26.102267Z ERROR iota_benchmark: Transaction failed with err: Rpc(Call(ErrorObject { code: ServerError(-32050), message: "Transaction timed out before reaching finality", data: None })) tx_digest=Digest("DfLW3Y1HhrVRJkPZt8F4oXzFUd9etU6Tg8Wir2UZeqMw") retry_cnt=2
2026-05-20T12:40:26.102482Z ERROR iota_benchmark: Transaction failed with err: Rpc(Call(ErrorObject { code: ServerError(-32050), message: "Transaction timed out before reaching finality", data: None })) tx_digest=Digest("2eBHL23XHLLoHXxsv2DcRZrM5qXVjp2GBPEKKVxNw23F") retry_cnt=2
2026-05-20T12:40:26.103029Z ERROR iota_benchmark: Transaction failed with err: Rpc(Call(ErrorObject { code: ServerError(-32050), message: "Transaction timed out before reaching finality", data: None })) tx_digest=Digest("Hu2GbfsGxgapCik8X2EKe5Uo73vWTWGmGLt1nFM6T8Cz") retry_cnt=2
2026-05-20T12:40:26.104471Z ERROR iota_benchmark: Transaction failed with err: Rpc(Call(ErrorObject { code: ServerError(-32050), message: "Transaction timed out before reaching finality", data: None })) tx_digest=Digest("9NbCMsXVNDwE284LveXTLf8tRSfbXt5veYUgtQHnmGMU") retry_cnt=0
2026-05-20T12:40:26.107591Z ERROR iota_benchmark: Transaction failed with err: Rpc(Call(ErrorObject { code: ServerError(-32050), message: "Transaction timed out before reaching finality", data: None })) tx_digest=Digest("4P1bgLZFUkC3eKGVBkFBTHKJmMtis1qacAJKjFCfgoTP") retry_cnt=0
2026-05-20T12:40:26.107941Z ERROR iota_benchmark: Transaction failed with err: Rpc(Call(ErrorObject { code: ServerError(-32050), message: "Transaction timed out before reaching finality", data: None })) tx_digest=Digest("pu8nt6PNDsbZ4pwxmS6w6QTDBrpt72R6PGtBohH6iHv") retry_cnt=0
2026-05-20T12:40:26.110872Z ERROR iota_benchmark: Transaction failed with err: Rpc(Call(ErrorObject { code: ServerError(-32050), message: "Transaction timed out before reaching finality", data: None })) tx_digest=Digest("7WLT7FPRqnVuVoNUL2tVwaUBSgASFnSrgLRThE4d2JY4") retry_cnt=0
2026-05-20T12:40:26.112674Z ERROR iota_benchmark: Transaction failed with err: Rpc(Call(ErrorObject { code: ServerError(-32050), message: "Transaction timed out before reaching finality", data: None })) tx_digest=Digest("7cpBQyqALWjLY3W68VdGEgMMtrh2vvTHYEJQnYkeLA56") retry_cnt=2
2026-05-20T12:40:26.112880Z ERROR iota_benchmark: Transaction failed with err: Rpc(Call(ErrorObject { code: ServerError(-32050), message: "Transaction timed out before reaching finality", data: None })) tx_digest=Digest("HRhf1XU49qQDf2hPUWy1HiJsDeoRqVukvrN3fdKnQ3M5") retry_cnt=0
2026-05-20T12:40:26.113188Z ERROR iota_benchmark: Transaction failed with err: Rpc(Call(ErrorObject { code: ServerError(-32050), message: "Transaction timed out before reaching finality", data: None })) tx_digest=Digest("9FQ1cudRe5XXmuo67smyY9B6TySrKepeA8BbpV2ieQot") retry_cnt=0
2026-05-20T12:40:26.113684Z ERROR iota_benchmark: Transaction failed with err: Rpc(Call(ErrorObject { code: ServerError(-32050), message: "Transaction timed out before reaching finality", data: None })) tx_digest=Digest("En2NkW1hShK9uAAe4kHfPDT23JxfAorqtGAuYmTpqPYH") retry_cnt=0
2026-05-20T12:40:26.115107Z ERROR iota_benchmark: Transaction failed with err: Rpc(Call(ErrorObject { code: ServerError(-32050), message: "Transaction timed out before reaching finality", data: None })) tx_digest=Digest("Dj7sgANqRAFHFr8JB3xBN2x3MHQsgFe1puS8PeymYGfP") retry_cnt=0
2026-05-20T12:40:26.115137Z ERROR iota_benchmark: Transaction failed with err: Rpc(Call(ErrorObject { code: ServerError(-32050), message: "Transaction timed out before reaching finality", data: None })) tx_digest=Digest("F5WFzttmMtVEua2qdrBsmquL5z2wyAmQoL9dDWej3sN2") retry_cnt=0
2026-05-20T12:40:26.115165Z ERROR iota_benchmark: Transaction failed with err: Rpc(Call(ErrorObject { code: ServerError(-32050), message: "Transaction timed out before reaching finality", data: None })) tx_digest=Digest("6ZibY1oJFvKxQkYtfcyzj6bPiGxKVVho3Et1hM4zFcAk") retry_cnt=0
2026-05-20T12:40:26.115188Z ERROR iota_benchmark: Transaction failed with err: Rpc(Call(ErrorObject { code: ServerError(-32050), message: "Transaction timed out before reaching finality", data: None })) tx_digest=Digest("GajAJFdLCKUG4aHSnrjbnpKT1imWKVdbQE5DFscCddQn") retry_cnt=0
2026-05-20T12:40:26.115872Z ERROR iota_benchmark: Transaction failed with err: Rpc(Call(ErrorObject { code: ServerError(-32050), message: "Transaction timed out before reaching finality", data: None })) tx_digest=Digest("4erRGaTMnTvjppToRQT1Hx486CNC8kouruxEpqXoRf5r") retry_cnt=0
2026-05-20T12:40:26.118951Z ERROR iota_benchmark: Transaction failed with err: Rpc(Call(ErrorObject { code: ServerError(-32050), message: "Transaction timed out before reaching finality", data: None })) tx_digest=Digest("GpXLN6Gy7DLrm3YyVQAouvxzGQnD8G3gE9vuPBk4w8vD") retry_cnt=0
2026-05-20T12:40:26.120685Z ERROR iota_benchmark: Transaction failed with err: Rpc(Call(ErrorObject { code: ServerError(-32050), message: "Transaction timed out before reaching finality", data: None })) tx_digest=Digest("4JVAVYp26J8o8asRSHQYusggK1fMNAN7BbRwqGr13qPc") retry_cnt=0
2026-05-20T12:40:26.130478Z ERROR iota_benchmark: Transaction failed with err: Rpc(Call(ErrorObject { code: ServerError(-32050), message: "Transaction timed out before reaching finality", data: None })) tx_digest=Digest("2rNXdy8phKuaRvhDkBWDbMqYf5JXs8hrdQuDMowkwJCo") retry_cnt=2
2026-05-20T12:40:26.130539Z ERROR iota_benchmark: Transaction failed with err: Rpc(Call(ErrorObject { code: ServerError(-32050), message: "Transaction timed out before reaching finality", data: None })) tx_digest=Digest("69WM4RrYishFtgm8f2XBRCq7rFrMAw12jnDPY6eEpMQz") retry_cnt=2
2026-05-20T12:40:26.130614Z ERROR iota_benchmark: Transaction failed with err: Rpc(Call(ErrorObject { code: ServerError(-32050), message: "Transaction timed out before reaching finality", data: None })) tx_digest=Digest("CQJYwaFYD8dwMwTa4opCHP4E6B88NtYzAMDoArENt5Kj") retry_cnt=2
2026-05-20T12:40:26.130861Z ERROR iota_benchmark: Transaction failed with err: Rpc(Call(ErrorObject { code: ServerError(-32050), message: "Transaction timed out before reaching finality", data: None })) tx_digest=Digest("6X3u63c3GaJGRe8MBYYYXu4SEUkqvnPuLXaEgF323asX") retry_cnt=2
2026-05-20T12:40:26.130865Z ERROR iota_benchmark: Transaction failed with err: Rpc(Call(ErrorObject { code: ServerError(-32050), message: "Transaction timed out before reaching finality", data: None })) tx_digest=Digest("9g37Lsk1pMe6MSmkZXXvGscNwJbGgb5WAaYCSoWPC4bX") retry_cnt=2
2026-05-20T12:40:26.131686Z ERROR iota_benchmark: Transaction failed with err: Rpc(Call(ErrorObject { code: ServerError(-32050), message: "Transaction timed out before reaching finality", data: None })) tx_digest=Digest("D5QymdxBanccNPCKrmzc6eeRaNgSUKoTkN7Gehzbjh5e") retry_cnt=2
2026-05-20T12:40:26.133690Z ERROR iota_benchmark: Transaction failed with err: Rpc(Call(ErrorObject { code: ServerError(-32050), message: "Transaction timed out before reaching finality", data: None })) tx_digest=Digest("BVt5R4awq8tk5VF6RGS7MVyNoeTpR9oG5Lo8Yy3q84oz") retry_cnt=2
2026-05-20T12:40:26.134568Z ERROR iota_benchmark: Transaction failed with err: Rpc(Call(ErrorObject { code: ServerError(-32050), message: "Transaction timed out before reaching finality", data: None })) tx_digest=Digest("5fYTKVNEZePXjiDS5ap95znMTJfbarpkCxg5eJXoM9Mp") retry_cnt=2
2026-05-20T12:40:26.135321Z ERROR iota_benchmark: Transaction failed with err: Rpc(Call(ErrorObject { code: ServerError(-32050), message: "Transaction timed out before reaching finality", data: None })) tx_digest=Digest("AB5nzbuNhFzEV865etZ9tpgHBrXhLWssH1TSDKsL2urj") retry_cnt=0
2026-05-20T12:40:26.135435Z ERROR iota_benchmark: Transaction failed with err: Rpc(Call(ErrorObject { code: ServerError(-32050), message: "Transaction timed out before reaching finality", data: None })) tx_digest=Digest("8rsYvuLReGyxzc2nVMvjrU81YECyaJ3FimULVYnwu1oH") retry_cnt=0
2026-05-20T12:40:26.136722Z ERROR iota_benchmark: Transaction failed with err: Rpc(Call(ErrorObject { code: ServerError(-32050), message: "Transaction timed out before reaching finality", data: None })) tx_digest=Digest("Br9ZB2BAGooiE7BG8cNWf2xmbyYprkavdVWrpXVqG5vy") retry_cnt=2
2026-05-20T12:40:26.136807Z ERROR iota_benchmark: Transaction failed with err: Rpc(Call(ErrorObject { code: ServerError(-32050), message: "Transaction timed out before reaching finality", data: None })) tx_digest=Digest("BqWPtmvcYt7PrQkAnSkEcHZqQuUYUf5pewGQYRktTL2m") retry_cnt=0
2026-05-20T12:40:26.145135Z ERROR iota_benchmark: Transaction failed with err: Rpc(Call(ErrorObject { code: ServerError(-32050), message: "Transaction timed out before reaching finality", data: None })) tx_digest=Digest("9ecorSWrRKK9tmCwTGrrzqVcv5QpFBq5Kh3DJRdMTS6u") retry_cnt=0
2026-05-20T12:40:26.145134Z ERROR iota_benchmark: Transaction failed with err: Rpc(Call(ErrorObject { code: ServerError(-32050), message: "Transaction timed out before reaching finality", data: None })) tx_digest=Digest("4aRNJ3RJ1YYhYfyBR3pVs7uvDzonyFVD4UYB9dAXHHet") retry_cnt=0
2026-05-20T12:40:26.145220Z ERROR iota_benchmark: Transaction failed with err: Rpc(Call(ErrorObject { code: ServerError(-32050), message: "Transaction timed out before reaching finality", data: None })) tx_digest=Digest("C68fNq8XWvEBMMRohNcVoNz22Vg1iWYndLFoiMZDVxb5") retry_cnt=0
2026-05-20T12:40:26.145229Z ERROR iota_benchmark: Transaction failed with err: Rpc(Call(ErrorObject { code: ServerError(-32050), message: "Transaction timed out before reaching finality", data: None })) tx_digest=Digest("7fURauJq5ncqN71aCqgg43JXZv7NQoFr5rKKsxREracw") retry_cnt=0
2026-05-20T12:40:26.147624Z ERROR iota_benchmark: Transaction failed with err: Rpc(Call(ErrorObject { code: ServerError(-32050), message: "Transaction timed out before reaching finality", data: None })) tx_digest=Digest("DWsRVfCW7P5z6YyjG2TGVKGcTWNPfdPLCRrPNzYPTD6P") retry_cnt=0
2026-05-20T12:40:26.147668Z ERROR iota_benchmark: Transaction failed with err: Rpc(Call(ErrorObject { code: ServerError(-32050), message: "Transaction timed out before reaching finality", data: None })) tx_digest=Digest("6eFUJZPWHcirpJhd4dijG8pCTtuGUEKpW4EbbGKHCKwi") retry_cnt=0
2026-05-20T12:40:26.147730Z ERROR iota_benchmark: Transaction failed with err: Rpc(Call(ErrorObject { code: ServerError(-32050), message: "Transaction timed out before reaching finality", data: None })) tx_digest=Digest("7oxC2ogJHTaa2spXV2zhLGTChUvFeSMYhuKAKqq6hVcS") retry_cnt=0
2026-05-20T12:40:26.147763Z ERROR iota_benchmark: Transaction failed with err: Rpc(Call(ErrorObject { code: ServerError(-32050), message: "Transaction timed out before reaching finality", data: None })) tx_digest=Digest("HG3tTchBgeVJAFCCP9KVWwr8WEvTPJ66EGSDZen5a1ny") retry_cnt=2
2026-05-20T12:40:26.150868Z ERROR iota_benchmark: Transaction failed with err: Rpc(Call(ErrorObject { code: ServerError(-32050), message: "Transaction timed out before reaching finality", data: None })) tx_digest=Digest("9MvrDJDLUP48Hy7qnMPHwSChsoTFJthEAwCExBhtohpN") retry_cnt=0
2026-05-20T12:40:26.153147Z ERROR iota_benchmark: Transaction failed with err: Rpc(Call(ErrorObject { code: ServerError(-32050), message: "Transaction timed out before reaching finality", data: None })) tx_digest=Digest("5U3QYkWmn522VMsTB5ZFsXa3DewCM2HjUHATAVWirWTz") retry_cnt=0
2026-05-20T12:40:26.156679Z ERROR iota_benchmark: Transaction failed with err: Rpc(Call(ErrorObject { code: ServerError(-32050), message: "Transaction timed out before reaching finality", data: None })) tx_digest=Digest("5E93yrn5auzCXyMrqDf6zdvZ162oYv9KP2NcveS1PbgP") retry_cnt=0
2026-05-20T12:40:26.156702Z ERROR iota_benchmark: Transaction failed with err: Rpc(Call(ErrorObject { code: ServerError(-32050), message: "Transaction timed out before reaching finality", data: None })) tx_digest=Digest("4DPWGbBgzP9eZW8vAbVU91RUuXFUFCVRw3do23dccs3o") retry_cnt=0
2026-05-20T12:40:26.160841Z ERROR iota_benchmark: Transaction failed with err: Rpc(Call(ErrorObject { code: ServerError(-32050), message: "Transaction timed out before reaching finality", data: None })) tx_digest=Digest("EkjFpkp97SSkQA95G9cbLTDWM4CfmqujAi3Bw8XBYxe8") retry_cnt=0
2026-05-20T12:40:26.160919Z ERROR iota_benchmark: Transaction failed with err: Rpc(Call(ErrorObject { code: ServerError(-32050), message: "Transaction timed out before reaching finality", data: None })) tx_digest=Digest("8nChyrPfAPx2C6ppWLfdpSNH6cdxSTR9SpLAtPRdfDt8") retry_cnt=0
2026-05-20T12:40:26.160953Z ERROR iota_benchmark: Transaction failed with err: Rpc(Call(ErrorObject { code: ServerError(-32050), message: "Transaction timed out before reaching finality", data: None })) tx_digest=Digest("72rL6KRVM6zgoQRVjxGZ2cdoDQcB3iapEG5GzWnAdSXM") retry_cnt=0
2026-05-20T12:40:26.160955Z ERROR iota_benchmark: Transaction failed with err: Rpc(Call(ErrorObject { code: ServerError(-32050), message: "Transaction timed out before reaching finality", data: None })) tx_digest=Digest("5XD9DKkYJEiPpS9gKLMmDN8R1ifBuBGvjHjxsSpZ2Fp8") retry_cnt=0
2026-05-20T12:40:26.162491Z ERROR iota_benchmark: Transaction failed with err: Rpc(Call(ErrorObject { code: ServerError(-32050), message: "Transaction timed out before reaching finality", data: None })) tx_digest=Digest("6X6WoPHU7MwQxGqLJSdfoW8CgiZeDaaGLMjyQxt5StBG") retry_cnt=0
2026-05-20T12:40:26.167562Z ERROR iota_benchmark: Transaction failed with err: Rpc(Call(ErrorObject { code: ServerError(-32050), message: "Transaction timed out before reaching finality", data: None })) tx_digest=Digest("5aVnY6zyQWVbw77meJZuq6NH8pK4PEmLLbjCbmcK5f3X") retry_cnt=0
2026-05-20T12:40:26.171085Z ERROR iota_benchmark: Transaction failed with err: Rpc(Call(ErrorObject { code: ServerError(-32050), message: "Transaction timed out before reaching finality", data: None })) tx_digest=Digest("6kfsuTG3KUjyQFNkVb4TuZYAhKHJMnexDC953rhHbP1t") retry_cnt=2
2026-05-20T12:40:26.171206Z ERROR iota_benchmark: Transaction failed with err: Rpc(Call(ErrorObject { code: ServerError(-32050), message: "Transaction timed out before reaching finality", data: None })) tx_digest=Digest("Achkzwxn5Wo5WHUqroDknaQMLGvqbitdZCBgoSyuUJYz") retry_cnt=0
2026-05-20T12:40:26.171249Z ERROR iota_benchmark: Transaction failed with err: Rpc(Call(ErrorObject { code: ServerError(-32050), message: "Transaction timed out before reaching finality", data: None })) tx_digest=Digest("2dPhdfkvgtv4H3pGccMNLrEHsGB6Z6P5ZaeRVQ4BFedE") retry_cnt=0
2026-05-20T12:40:26.171277Z ERROR iota_benchmark: Transaction failed with err: Rpc(Call(ErrorObject { code: ServerError(-32050), message: "Transaction timed out before reaching finality", data: None })) tx_digest=Digest("5FaMhEfHrX8hbLPCBUSQ4fwBp2yUqj2ukiCaFrhmUgsW") retry_cnt=0
2026-05-20T12:40:26.171398Z ERROR iota_benchmark: Transaction failed with err: Rpc(Call(ErrorObject { code: ServerError(-32050), message: "Transaction timed out before reaching finality", data: None })) tx_digest=Digest("4YSfNneVjyUAYC9SqN2piBqTSPTvKmajKyMdFMZcPjTW") retry_cnt=2
2026-05-20T12:40:26.171671Z ERROR iota_benchmark: Transaction failed with err: Rpc(Call(ErrorObject { code: ServerError(-32050), message: "Transaction timed out before reaching finality", data: None })) tx_digest=Digest("DqBfFnjuheJUWP9ZN6oVHeHNh1fSy2bHQaSX8aRv7NuF") retry_cnt=0
2026-05-20T12:40:26.173517Z ERROR iota_benchmark: Transaction failed with err: Rpc(Call(ErrorObject { code: ServerError(-32050), message: "Transaction timed out before reaching finality", data: None })) tx_digest=Digest("6AaVLHutXDYtyHYMJEC47B4RJcEZHPnhbvevmpw44SNE") retry_cnt=0
2026-05-20T12:40:26.174634Z ERROR iota_benchmark: Transaction failed with err: Rpc(Call(ErrorObject { code: ServerError(-32050), message: "Transaction timed out before reaching finality", data: None })) tx_digest=Digest("vhASVwLyHNwoMce16hWtPq7pj7i7w8cKArA2x3RMgqz") retry_cnt=2
2026-05-20T12:40:26.175367Z ERROR iota_benchmark: Transaction failed with err: Rpc(Call(ErrorObject { code: ServerError(-32050), message: "Transaction timed out before reaching finality", data: None })) tx_digest=Digest("8ZBRVbpxte6jWcKwhVFHRdVxpiV9YKf8atUtLC5vy45q") retry_cnt=0
2026-05-20T12:40:26.175531Z ERROR iota_benchmark: Transaction failed with err: Rpc(Call(ErrorObject { code: ServerError(-32050), message: "Transaction timed out before reaching finality", data: None })) tx_digest=Digest("BYfR6v3nhDazPNdMycoRp4eQ8Lb14iWa7yeZtabZ7Q8H") retry_cnt=0
2026-05-20T12:40:26.177367Z ERROR iota_benchmark: Transaction failed with err: Rpc(Call(ErrorObject { code: ServerError(-32050), message: "Transaction timed out before reaching finality", data: None })) tx_digest=Digest("E7AqA4EyE5J97yCcKSmSh8Pr1mGtChMuujizSBm8wrpZ") retry_cnt=2
2026-05-20T12:40:26.177469Z ERROR iota_benchmark: Transaction failed with err: Rpc(Call(ErrorObject { code: ServerError(-32050), message: "Transaction timed out before reaching finality", data: None })) tx_digest=Digest("73kSVN3KtWFa2pSRcDatnFVy3MVMSgMfTGNWFRqqNTxV") retry_cnt=0
2026-05-20T12:40:26.177576Z ERROR iota_benchmark: Transaction failed with err: Rpc(Call(ErrorObject { code: ServerError(-32050), message: "Transaction timed out before reaching finality", data: None })) tx_digest=Digest("RKqjvD9QNMm52HDUZEXvJPE2cEsZexhCWQmWLSXBnp9") retry_cnt=0
2026-05-20T12:40:26.179657Z ERROR iota_benchmark: Transaction failed with err: Rpc(Call(ErrorObject { code: ServerError(-32050), message: "Transaction timed out before reaching finality", data: None })) tx_digest=Digest("3jNXLHUCFxtzGMiami2BWMpU7wRhLNdHRhg8TGNW2oPP") retry_cnt=0
2026-05-20T12:40:26.180609Z ERROR iota_benchmark: Transaction failed with err: Rpc(Call(ErrorObject { code: ServerError(-32050), message: "Transaction timed out before reaching finality", data: None })) tx_digest=Digest("Hw3n6ZmYAeEDT1btAxPEaaqWHcBMDjNkzQ5BmD1aaGwp") retry_cnt=2
2026-05-20T12:40:26.182661Z ERROR iota_benchmark: Transaction failed with err: Rpc(Call(ErrorObject { code: ServerError(-32050), message: "Transaction timed out before reaching finality", data: None })) tx_digest=Digest("HE3KRtwsLPaRLJMJRqkmHkubzhhx4j4S6qmtR7Vuwroq") retry_cnt=0
2026-05-20T12:40:26.184519Z ERROR iota_benchmark: Transaction failed with err: Rpc(Call(ErrorObject { code: ServerError(-32050), message: "Transaction timed out before reaching finality", data: None })) tx_digest=Digest("8aMddPyT8NveW9Uf8G1Gz2i8VLT25hzwTAbsDnEbTAdL") retry_cnt=0
2026-05-20T12:40:26.184552Z ERROR iota_benchmark: Transaction failed with err: Rpc(Call(ErrorObject { code: ServerError(-32050), message: "Transaction timed out before reaching finality", data: None })) tx_digest=Digest("5uDg9EZ4Qt2PthjXusjiv1qZZ8T8MQU79y2e5DytqTwY") retry_cnt=0
2026-05-20T12:40:26.184569Z ERROR iota_benchmark: Transaction failed with err: Rpc(Call(ErrorObject { code: ServerError(-32050), message: "Transaction timed out before reaching finality", data: None })) tx_digest=Digest("BSYaDVj8jLWDihf3W6og2wnPnXnp6Ad8apdouSRZpKW7") retry_cnt=0
2026-05-20T12:40:26.184633Z ERROR iota_benchmark: Transaction failed with err: Rpc(Call(ErrorObject { code: ServerError(-32050), message: "Transaction timed out before reaching finality", data: None })) tx_digest=Digest("EWtZuJDWQXid7mansNquKamwiwkPgdxP9Q8fVrtydpVR") retry_cnt=2
2026-05-20T12:40:26.185162Z ERROR iota_benchmark: Transaction failed with err: Rpc(Call(ErrorObject { code: ServerError(-32050), message: "Transaction timed out before reaching finality", data: None })) tx_digest=Digest("9nigHCh9Z5gpnDrCRE95FTUZyhzSRmWexU8WFwToUqMi") retry_cnt=2
2026-05-20T12:40:26.187912Z ERROR iota_benchmark: Transaction failed with err: Rpc(Call(ErrorObject { code: ServerError(-32050), message: "Transaction timed out before reaching finality", data: None })) tx_digest=Digest("BmtezeU65rbmKQtv5ZppJD6cz7xxCb2711Vf23k7V9np") retry_cnt=0
2026-05-20T12:40:26.187915Z ERROR iota_benchmark: Transaction failed with err: Rpc(Call(ErrorObject { code: ServerError(-32050), message: "Transaction timed out before reaching finality", data: None })) tx_digest=Digest("3skAfBuzc9f9fX8SFtzM2jv1tunLTDycd4Pezpxmartb") retry_cnt=0
2026-05-20T12:40:26.187928Z ERROR iota_benchmark: Transaction failed with err: Rpc(Call(ErrorObject { code: ServerError(-32050), message: "Transaction timed out before reaching finality", data: None })) tx_digest=Digest("De1wSNxhyNUQpaApdfgCM8VjbyTQ22Ep4p6pBwKVqEKu") retry_cnt=2
2026-05-20T12:40:26.187966Z ERROR iota_benchmark: Transaction failed with err: Rpc(Call(ErrorObject { code: ServerError(-32050), message: "Transaction timed out before reaching finality", data: None })) tx_digest=Digest("92cqkxLucMbiY5pKSRZKifRmZXfduJSfbMkw361nNkhU") retry_cnt=0
2026-05-20T12:40:26.188274Z ERROR iota_benchmark: Transaction failed with err: Rpc(Call(ErrorObject { code: ServerError(-32050), message: "Transaction timed out before reaching finality", data: None })) tx_digest=Digest("9TKYQMhC2RJEqc9oQVzjFxGruihsmDEcNu41naNFUgd2") retry_cnt=2
2026-05-20T12:40:26.190122Z ERROR iota_benchmark: Transaction failed with err: Rpc(Call(ErrorObject { code: ServerError(-32050), message: "Transaction timed out before reaching finality", data: None })) tx_digest=Digest("CU31wdBooas1XiYGHKCSMp258oYGZJYCeAMmWcwkGafE") retry_cnt=2
2026-05-20T12:40:26.190178Z ERROR iota_benchmark: Transaction failed with err: Rpc(Call(ErrorObject { code: ServerError(-32050), message: "Transaction timed out before reaching finality", data: None })) tx_digest=Digest("Bd4izNxQxrCsTvMep3CnpNcZwr63oMvxyXG3GcBQU5iR") retry_cnt=2
2026-05-20T12:40:26.190269Z ERROR iota_benchmark: Transaction failed with err: Rpc(Call(ErrorObject { code: ServerError(-32050), message: "Transaction timed out before reaching finality", data: None })) tx_digest=Digest("3PVyVTHVDmevJMpb6EndCY6J1qqzFkETvEz3pq45gN5i") retry_cnt=0
2026-05-20T12:40:26.192390Z ERROR iota_benchmark: Transaction failed with err: Rpc(Call(ErrorObject { code: ServerError(-32050), message: "Transaction timed out before reaching finality", data: None })) tx_digest=Digest("6YSJJ9AqHZEjxbAV3PKC4kQGJsHpfLC3tMaL8WSLYoKB") retry_cnt=2
2026-05-20T12:40:26.192420Z ERROR iota_benchmark: Transaction failed with err: Rpc(Call(ErrorObject { code: ServerError(-32050), message: "Transaction timed out before reaching finality", data: None })) tx_digest=Digest("GSY94MUgotkB5LU5kF9vBHqRovabmphpziwqv7eyBzSB") retry_cnt=2
2026-05-20T12:40:26.192878Z ERROR iota_benchmark: Transaction failed with err: Rpc(Call(ErrorObject { code: ServerError(-32050), message: "Transaction timed out before reaching finality", data: None })) tx_digest=Digest("B9tZMGUfdoB4Uqz1pk2nTvDzKcf4c4RRot7NdQtTXmKf") retry_cnt=2
2026-05-20T12:40:26.193096Z ERROR iota_benchmark: Transaction failed with err: Rpc(Call(ErrorObject { code: ServerError(-32050), message: "Transaction timed out before reaching finality", data: None })) tx_digest=Digest("J7G4rNaa7no1Ym4nbWf3wnVejxWEycCj1HXY4LjNVMHZ") retry_cnt=0
2026-05-20T12:40:26.194607Z ERROR iota_benchmark: Transaction failed with err: Rpc(Call(ErrorObject { code: ServerError(-32050), message: "Transaction timed out before reaching finality", data: None })) tx_digest=Digest("ugQ9QoQTTkGgTCG5Sqtdi2LD2S8Vosfk8zCWhcgKMvW") retry_cnt=2
2026-05-20T12:40:26.194690Z ERROR iota_benchmark: Transaction failed with err: Rpc(Call(ErrorObject { code: ServerError(-32050), message: "Transaction timed out before reaching finality", data: None })) tx_digest=Digest("ABkettTcg9sW9md7bEm6nFHVdp5nGhBRaU9TCoyrYX8W") retry_cnt=0
2026-05-20T12:40:26.194697Z ERROR iota_benchmark: Transaction failed with err: Rpc(Call(ErrorObject { code: ServerError(-32050), message: "Transaction timed out before reaching finality", data: None })) tx_digest=Digest("HMdMXstL6QzSdSWnBKCihEhVH94QhChXGCfy24xxpyZu") retry_cnt=0
2026-05-20T12:40:26.195408Z ERROR iota_benchmark: Transaction failed with err: Rpc(Call(ErrorObject { code: ServerError(-32050), message: "Transaction timed out before reaching finality", data: None })) tx_digest=Digest("GFULUL8KUaE7ZsJufeRBppo3ep2s5S2obYu71ZVgQiEJ") retry_cnt=0
2026-05-20T12:40:26.195737Z ERROR iota_benchmark: Transaction failed with err: Rpc(Call(ErrorObject { code: ServerError(-32050), message: "Transaction timed out before reaching finality", data: None })) tx_digest=Digest("EBWDKFjxDHbtZc1M2oTaf1pnZNnreU3DdiFEaTBTcbzi") retry_cnt=0
2026-05-20T12:40:26.196507Z ERROR iota_benchmark: Transaction failed with err: Rpc(Call(ErrorObject { code: ServerError(-32050), message: "Transaction timed out before reaching finality", data: None })) tx_digest=Digest("6dh1uSjVze7T8UD8KJqQqBfEeNd8BVLgYXEVmjWaixX2") retry_cnt=0
2026-05-20T12:40:26.196808Z ERROR iota_benchmark: Transaction failed with err: Rpc(Call(ErrorObject { code: ServerError(-32050), message: "Transaction timed out before reaching finality", data: None })) tx_digest=Digest("FyLAo36bFmCojJYDWosXxfkS85SimYUSjyNk8osS4aYX") retry_cnt=0
2026-05-20T12:40:26.197865Z ERROR iota_benchmark: Transaction failed with err: Rpc(Call(ErrorObject { code: ServerError(-32050), message: "Transaction timed out before reaching finality", data: None })) tx_digest=Digest("5je6VzAULfppkzn9MzDNXT1LxzN42KTqGdQ7aTRjcgXs") retry_cnt=0
2026-05-20T12:40:26.198325Z ERROR iota_benchmark: Transaction failed with err: Rpc(Call(ErrorObject { code: ServerError(-32050), message: "Transaction timed out before reaching finality", data: None })) tx_digest=Digest("BB1ZnbyLbDUwBDBye4icivkRohk8GyNWjgJebvF5o5iW") retry_cnt=0
2026-05-20T12:40:26.198547Z ERROR iota_benchmark: Transaction failed with err: Rpc(Call(ErrorObject { code: ServerError(-32050), message: "Transaction timed out before reaching finality", data: None })) tx_digest=Digest("9EpJ7qmLacYVih2eK4Rf4iKMHnr2uJVNT2KhGMnSwQVN") retry_cnt=0
2026-05-20T12:40:26.205151Z ERROR iota_benchmark: Transaction failed with err: Rpc(Call(ErrorObject { code: ServerError(-32050), message: "Transaction timed out before reaching finality", data: None })) tx_digest=Digest("ER1Zkgv5Xs81qnV6hoD2hFrqc9dQQagFxuhGL2VwQhPE") retry_cnt=0
2026-05-20T12:40:26.205161Z ERROR iota_benchmark: Transaction failed with err: Rpc(Call(ErrorObject { code: ServerError(-32050), message: "Transaction timed out before reaching finality", data: None })) tx_digest=Digest("6Jk6NNAuhNdXf5WRLENr3SSiaXhdVuz7duGb25zqY2Tx") retry_cnt=0
2026-05-20T12:40:26.205253Z ERROR iota_benchmark: Transaction failed with err: Rpc(Call(ErrorObject { code: ServerError(-32050), message: "Transaction timed out before reaching finality", data: None })) tx_digest=Digest("6ZwwKnwV2MD89YkFyvcfLXqP3FAcGcm1r5KJwCBWNpHE") retry_cnt=0
2026-05-20T12:40:26.205253Z ERROR iota_benchmark: Transaction failed with err: Rpc(Call(ErrorObject { code: ServerError(-32050), message: "Transaction timed out before reaching finality", data: None })) tx_digest=Digest("Cd4oNpx838oNZmkY7PrsuAWf7cWUW7YXfGk7voW6Pa6") retry_cnt=0
2026-05-20T12:40:26.205300Z ERROR iota_benchmark: Transaction failed with err: Rpc(Call(ErrorObject { code: ServerError(-32050), message: "Transaction timed out before reaching finality", data: None })) tx_digest=Digest("BL6BdRkcGnnREZ49LbSDc3aNzbMJLKwJMkFGWdfpdpZA") retry_cnt=2
2026-05-20T12:40:26.205325Z ERROR iota_benchmark: Transaction failed with err: Rpc(Call(ErrorObject { code: ServerError(-32050), message: "Transaction timed out before reaching finality", data: None })) tx_digest=Digest("HArWvBzhAw2BpJ9GboRJu5b9433XUqu8gNX44TXvraKW") retry_cnt=0
2026-05-20T12:40:26.205371Z ERROR iota_benchmark: Transaction failed with err: Rpc(Call(ErrorObject { code: ServerError(-32050), message: "Transaction timed out before reaching finality", data: None })) tx_digest=Digest("B2Seku9GnwRQC2BYYttm2A2mhWvFSZjnHF8GzjArtMKp") retry_cnt=0
2026-05-20T12:40:26.205453Z ERROR iota_benchmark: Transaction failed with err: Rpc(Call(ErrorObject { code: ServerError(-32050), message: "Transaction timed out before reaching finality", data: None })) tx_digest=Digest("EvbDRQVvDxDi5eoB1QEgdJWwSkCui6T5Mq8qM4jeowLz") retry_cnt=0
2026-05-20T12:40:26.205502Z ERROR iota_benchmark: Transaction failed with err: Rpc(Call(ErrorObject { code: ServerError(-32050), message: "Transaction timed out before reaching finality", data: None })) tx_digest=Digest("8gtdtdyJB9tmLyk6oSvrMYR4CoJXLNuV4pZSpdDysaod") retry_cnt=0
2026-05-20T12:40:26.205609Z ERROR iota_benchmark: Transaction failed with err: Rpc(Call(ErrorObject { code: ServerError(-32050), message: "Transaction timed out before reaching finality", data: None })) tx_digest=Digest("Fm6PCSpPc4XvyZUYTnbMV2TNaTNcXndWPZFSckdTERGi") retry_cnt=0
2026-05-20T12:40:26.208759Z ERROR iota_benchmark: Transaction failed with err: Rpc(Call(ErrorObject { code: ServerError(-32050), message: "Transaction timed out before reaching finality", data: None })) tx_digest=Digest("DSvnY3xGy3CmVTeqQVj6iVCJLxvY1nHmH6kt318GMEMU") retry_cnt=0
2026-05-20T12:40:26.208806Z ERROR iota_benchmark: Transaction failed with err: Rpc(Call(ErrorObject { code: ServerError(-32050), message: "Transaction timed out before reaching finality", data: None })) tx_digest=Digest("5ERVneSVwnfm6Va8iVmBJBfS98fU94kgiFWN1rGUDxCB") retry_cnt=0
2026-05-20T12:40:26.208821Z ERROR iota_benchmark: Transaction failed with err: Rpc(Call(ErrorObject { code: ServerError(-32050), message: "Transaction timed out before reaching finality", data: None })) tx_digest=Digest("GVdYVtQcvVpavmYEJ4hKLBVhkT8t4gcee6c6n2LxFQvq") retry_cnt=0
2026-05-20T12:40:26.208812Z ERROR iota_benchmark: Transaction failed with err: Rpc(Call(ErrorObject { code: ServerError(-32050), message: "Transaction timed out before reaching finality", data: None })) tx_digest=Digest("5mSQ4mPVgrpU6MVt9aNMdkFDKXDG84Dq9p2ChDpqs9Yf") retry_cnt=0
2026-05-20T12:40:26.208939Z ERROR iota_benchmark: Transaction failed with err: Rpc(Call(ErrorObject { code: ServerError(-32050), message: "Transaction timed out before reaching finality", data: None })) tx_digest=Digest("APmtYw5WLY3Ja5pgSx8JvH6PfcdKub2RvKRXZdb7Usoq") retry_cnt=0
2026-05-20T12:40:26.209316Z ERROR iota_benchmark: Transaction failed with err: Rpc(Call(ErrorObject { code: ServerError(-32050), message: "Transaction timed out before reaching finality", data: None })) tx_digest=Digest("HdUU9JaRs5zQNmZC34a58MqqeCaE78Uw7byheMJubhJU") retry_cnt=0
2026-05-20T12:40:26.209872Z ERROR iota_benchmark: Transaction failed with err: Rpc(Call(ErrorObject { code: ServerError(-32050), message: "Transaction timed out before reaching finality", data: None })) tx_digest=Digest("6wjMZo71QRWTx6wFtjdXkGuzcsUpTm15joinYLB51SjZ") retry_cnt=0
2026-05-20T12:40:26.210105Z ERROR iota_benchmark: Transaction failed with err: Rpc(Call(ErrorObject { code: ServerError(-32050), message: "Transaction timed out before reaching finality", data: None })) tx_digest=Digest("4UZ6gbc3Kv3gQGTxcJuTyUPUbfic82TE7VATr7RouCK7") retry_cnt=0
2026-05-20T12:40:26.210163Z ERROR iota_benchmark: Transaction failed with err: Rpc(Call(ErrorObject { code: ServerError(-32050), message: "Transaction timed out before reaching finality", data: None })) tx_digest=Digest("9GXjGgbPWqtYV2P6u1HY47BZUH6Y6GzcGn722zgnLZMX") retry_cnt=0
2026-05-20T12:40:26.210256Z ERROR iota_benchmark: Transaction failed with err: Rpc(Call(ErrorObject { code: ServerError(-32050), message: "Transaction timed out before reaching finality", data: None })) tx_digest=Digest("9gTfwCadNe2hGfnbkjEigmp8KorK2u7Spym52LRqyYyE") retry_cnt=0
2026-05-20T12:40:26.210377Z ERROR iota_benchmark: Transaction failed with err: Rpc(Call(ErrorObject { code: ServerError(-32050), message: "Transaction timed out before reaching finality", data: None })) tx_digest=Digest("69WacUTCoKbrH4QEvJBvR8qNfhwMJ9HGGtDmb9XeThaq") retry_cnt=0
2026-05-20T12:40:26.211426Z ERROR iota_benchmark: Transaction failed with err: Rpc(Call(ErrorObject { code: ServerError(-32050), message: "Transaction timed out before reaching finality", data: None })) tx_digest=Digest("8usQ8g8jHVghaspSy7PpVDpMiSDaNYEoBq3infLb9k8p") retry_cnt=0
2026-05-20T12:40:26.211505Z ERROR iota_benchmark: Transaction failed with err: Rpc(Call(ErrorObject { code: ServerError(-32050), message: "Transaction timed out before reaching finality", data: None })) tx_digest=Digest("3BcGhpomkcL86eCnsS2LU11DX9sFhrUhpPN6NVLs115q") retry_cnt=0
2026-05-20T12:40:26.211705Z ERROR iota_benchmark: Transaction failed with err: Rpc(Call(ErrorObject { code: ServerError(-32050), message: "Transaction timed out before reaching finality", data: None })) tx_digest=Digest("3Q4r1EwgW1LytyDxZxqpp71BRvUsZpdGkDVJ6QRBkvG7") retry_cnt=0
2026-05-20T12:40:26.211882Z ERROR iota_benchmark: Transaction failed with err: Rpc(Call(ErrorObject { code: ServerError(-32050), message: "Transaction timed out before reaching finality", data: None })) tx_digest=Digest("9qr8v82DR9vPw21kE3EkaNKpDAyLSN3YYsd8m74UxQQy") retry_cnt=0
2026-05-20T12:40:26.211940Z ERROR iota_benchmark: Transaction failed with err: Rpc(Call(ErrorObject { code: ServerError(-32050), message: "Transaction timed out before reaching finality", data: None })) tx_digest=Digest("JBVUtiDMYedvff8KEqYciyzf6usahPeKBTnYyriqJipn") retry_cnt=0
2026-05-20T12:40:26.212163Z ERROR iota_benchmark: Transaction failed with err: Rpc(Call(ErrorObject { code: ServerError(-32050), message: "Transaction timed out before reaching finality", data: None })) tx_digest=Digest("Eh4KDTb6jrKwrvF8J66LZUR5PWMhUDUmwohKnXtoyg68") retry_cnt=2
2026-05-20T12:40:26.212185Z ERROR iota_benchmark: Transaction failed with err: Rpc(Call(ErrorObject { code: ServerError(-32050), message: "Transaction timed out before reaching finality", data: None })) tx_digest=Digest("HuLDAfyQ8YpJqpjjeYxn2S8iShrhTbZGCqQS4FrCA2Sn") retry_cnt=2
2026-05-20T12:40:26.212470Z ERROR iota_benchmark: Transaction failed with err: Rpc(Call(ErrorObject { code: ServerError(-32050), message: "Transaction timed out before reaching finality", data: None })) tx_digest=Digest("HACJ5m6xVsghwcpt3BWQEKKVnGuL6xWSrsJswyCNgYRz") retry_cnt=0
2026-05-20T12:40:26.212589Z ERROR iota_benchmark: Transaction failed with err: Rpc(Call(ErrorObject { code: ServerError(-32050), message: "Transaction timed out before reaching finality", data: None })) tx_digest=Digest("CdUS2huyQGLfThanPiEGUdGyiHkb3pm1fQH8V4xPQ526") retry_cnt=0
2026-05-20T12:40:26.212643Z ERROR iota_benchmark: Transaction failed with err: Rpc(Call(ErrorObject { code: ServerError(-32050), message: "Transaction timed out before reaching finality", data: None })) tx_digest=Digest("4EAsHdywrnTvAFADJcYDSw4qTbszDccBz6Eev3cobG34") retry_cnt=0
2026-05-20T12:40:26.212768Z ERROR iota_benchmark: Transaction failed with err: Rpc(Call(ErrorObject { code: ServerError(-32050), message: "Transaction timed out before reaching finality", data: None })) tx_digest=Digest("FHPvQxYwd7k6RVcvQAacBtu9HpFzXXDenJ6BgBCdyxBU") retry_cnt=0
2026-05-20T12:40:26.212835Z ERROR iota_benchmark: Transaction failed with err: Rpc(Call(ErrorObject { code: ServerError(-32050), message: "Transaction timed out before reaching finality", data: None })) tx_digest=Digest("679dh2noy7MkvVFbWmAsvDRB4AsGavAokRJU3Dh5odev") retry_cnt=2
2026-05-20T12:40:26.212927Z ERROR iota_benchmark: Transaction failed with err: Rpc(Call(ErrorObject { code: ServerError(-32050), message: "Transaction timed out before reaching finality", data: None })) tx_digest=Digest("3PVXnBR3YyYeSJQyhFYsMF1Rd4VwLVLPJxQ6GNk16MXA") retry_cnt=2
2026-05-20T12:40:26.213007Z ERROR iota_benchmark: Transaction failed with err: Rpc(Call(ErrorObject { code: ServerError(-32050), message: "Transaction timed out before reaching finality", data: None })) tx_digest=Digest("FsoYoozBU4EHjXRSSkKhN6DMWGEuHABCpSXqyMcdCVqt") retry_cnt=0
2026-05-20T12:40:26.213060Z ERROR iota_benchmark: Transaction failed with err: Rpc(Call(ErrorObject { code: ServerError(-32050), message: "Transaction timed out before reaching finality", data: None })) tx_digest=Digest("DGjtjU8DYxH3t1DYvqesqMCE93VvKuSGC4inqbGJjKRV") retry_cnt=0
2026-05-20T12:40:26.213318Z ERROR iota_benchmark: Transaction failed with err: Rpc(Call(ErrorObject { code: ServerError(-32050), message: "Transaction timed out before reaching finality", data: None })) tx_digest=Digest("Htp9hrMMCLftyU6QDF2yws87ShVAs1BKjLJ9ESpVkKdB") retry_cnt=0
2026-05-20T12:40:26.213333Z ERROR iota_benchmark: Transaction failed with err: Rpc(Call(ErrorObject { code: ServerError(-32050), message: "Transaction timed out before reaching finality", data: None })) tx_digest=Digest("Ehi5CRd9zWMpWVCZvKk6WxCEbcJ62AMiaTxmVFb1g7vh") retry_cnt=0
2026-05-20T12:40:26.213496Z ERROR iota_benchmark: Transaction failed with err: Rpc(Call(ErrorObject { code: ServerError(-32050), message: "Transaction timed out before reaching finality", data: None })) tx_digest=Digest("47nLpx8t5CBHAUxNorLHihEDJduLEmpbcr5YFchokShZ") retry_cnt=0
2026-05-20T12:40:26.216368Z ERROR iota_benchmark: Transaction failed with err: Rpc(Call(ErrorObject { code: ServerError(-32050), message: "Transaction timed out before reaching finality", data: None })) tx_digest=Digest("DqForRcePM5hkY3TnxePiVtwfFAPg9MDXBUq8EaMYBsZ") retry_cnt=0
2026-05-20T12:40:26.216391Z ERROR iota_benchmark: Transaction failed with err: Rpc(Call(ErrorObject { code: ServerError(-32050), message: "Transaction timed out before reaching finality", data: None })) tx_digest=Digest("AF5NLX4fwgWuzLazAcucWp4aU3CUMz9w3nREGch8yiQC") retry_cnt=2
2026-05-20T12:40:26.216395Z ERROR iota_benchmark: Transaction failed with err: Rpc(Call(ErrorObject { code: ServerError(-32050), message: "Transaction timed out before reaching finality", data: None })) tx_digest=Digest("2NWmztGpJ152SAQfkXDzgrsZDUjZZ1VJz13BtZNr6Mpk") retry_cnt=2
2026-05-20T12:40:26.216443Z ERROR iota_benchmark: Transaction failed with err: Rpc(Call(ErrorObject { code: ServerError(-32050), message: "Transaction timed out before reaching finality", data: None })) tx_digest=Digest("DgyaA3YwghAgNyQhGEfbyFAjDjwXW7wZKBhcDiVWREuv") retry_cnt=2
2026-05-20T12:40:26.216450Z ERROR iota_benchmark: Transaction failed with err: Rpc(Call(ErrorObject { code: ServerError(-32050), message: "Transaction timed out before reaching finality", data: None })) tx_digest=Digest("7m7fn8HyNJKqcTWochNHqx2DYBSfYnEgnX8eGZo5Nz6F") retry_cnt=2
2026-05-20T12:40:26.216454Z ERROR iota_benchmark: Transaction failed with err: Rpc(Call(ErrorObject { code: ServerError(-32050), message: "Transaction timed out before reaching finality", data: None })) tx_digest=Digest("HqmQNFPSV65U8RLVne797s9cdQDLPy3odqkmqxMyB5W3") retry_cnt=0
2026-05-20T12:40:26.216474Z ERROR iota_benchmark: Transaction failed with err: Rpc(Call(ErrorObject { code: ServerError(-32050), message: "Transaction timed out before reaching finality", data: None })) tx_digest=Digest("AuokreWnxEjdDRx3SqdBLTDW7LE1Xdn25j1UfERw2HwR") retry_cnt=0
2026-05-20T12:40:26.216532Z ERROR iota_benchmark: Transaction failed with err: Rpc(Call(ErrorObject { code: ServerError(-32050), message: "Transaction timed out before reaching finality", data: None })) tx_digest=Digest("74zKWdLkMqCWu1xWi46YyNGwu8k416SYBttiMicPzwxY") retry_cnt=0
2026-05-20T12:40:26.216567Z ERROR iota_benchmark: Transaction failed with err: Rpc(Call(ErrorObject { code: ServerError(-32050), message: "Transaction timed out before reaching finality", data: None })) tx_digest=Digest("99ZrDAyQuMvc7SwDkzuT9ZsgKqHt4JfKLHEtfpSmx7VZ") retry_cnt=2
2026-05-20T12:40:26.216639Z ERROR iota_benchmark: Transaction failed with err: Rpc(Call(ErrorObject { code: ServerError(-32050), message: "Transaction timed out before reaching finality", data: None })) tx_digest=Digest("5NwKXXPhJEQdMtjvxLoxo474C4tAu3s3HHyiKKBprFji") retry_cnt=2
2026-05-20T12:40:26.216963Z ERROR iota_benchmark: Transaction failed with err: Rpc(Call(ErrorObject { code: ServerError(-32050), message: "Transaction timed out before reaching finality", data: None })) tx_digest=Digest("Dq1gjfwtx6V8oKhEd1TwXnX1t6sEtg2imkc2w871grau") retry_cnt=2
2026-05-20T12:40:26.219468Z ERROR iota_benchmark: Transaction failed with err: Rpc(Call(ErrorObject { code: ServerError(-32050), message: "Transaction timed out before reaching finality", data: None })) tx_digest=Digest("6ETSaZvYyo2dDVPpbC5HKT5gQuNKqyv4PqKqJU5CFCMY") retry_cnt=0
2026-05-20T12:40:26.219569Z ERROR iota_benchmark: Transaction failed with err: Rpc(Call(ErrorObject { code: ServerError(-32050), message: "Transaction timed out before reaching finality", data: None })) tx_digest=Digest("9q5aCBZWxRirrT1myMN2GLJeA1RTemdoMY4Xk2jm5vvy") retry_cnt=2
2026-05-20T12:40:26.219607Z ERROR iota_benchmark: Transaction failed with err: Rpc(Call(ErrorObject { code: ServerError(-32050), message: "Transaction timed out before reaching finality", data: None })) tx_digest=Digest("9paAXYvGxWdbyzwJwh2Jk1zQHeiBF36pBQQ96SgamFAJ") retry_cnt=2
2026-05-20T12:40:26.219671Z ERROR iota_benchmark: Transaction failed with err: Rpc(Call(ErrorObject { code: ServerError(-32050), message: "Transaction timed out before reaching finality", data: None })) tx_digest=Digest("AGsV5sat4ytnpVdrRPmaSikAZz4UJ9vMdH8b625FQwWX") retry_cnt=2
2026-05-20T12:40:26.219686Z ERROR iota_benchmark: Transaction failed with err: Rpc(Call(ErrorObject { code: ServerError(-32050), message: "Transaction timed out before reaching finality", data: None })) tx_digest=Digest("D2ztAQgFGePuRdZBoMAKKBdKS1RzXNnJPfBJdnDvXiZ3") retry_cnt=2
2026-05-20T12:40:26.219690Z ERROR iota_benchmark: Transaction failed with err: Rpc(Call(ErrorObject { code: ServerError(-32050), message: "Transaction timed out before reaching finality", data: None })) tx_digest=Digest("4tXPRKqpEGpWZbhtWnf6rCcWjub3c8Gj4xnu9bjsnCiC") retry_cnt=2
2026-05-20T12:40:26.219733Z ERROR iota_benchmark: Transaction failed with err: Rpc(Call(ErrorObject { code: ServerError(-32050), message: "Transaction timed out before reaching finality", data: None })) tx_digest=Digest("8TAYfuNTH7iXFN4A95btUENZPCQrFd3aKUygp3o7Fhb") retry_cnt=2
2026-05-20T12:40:26.219706Z ERROR iota_benchmark: Transaction failed with err: Rpc(Call(ErrorObject { code: ServerError(-32050), message: "Transaction timed out before reaching finality", data: None })) tx_digest=Digest("DTEMEC9Rvbpnhe7QTvZBPPtdn2wPkssvvhE7FCjNLRCY") retry_cnt=2
2026-05-20T12:40:26.219741Z ERROR iota_benchmark: Transaction failed with err: Rpc(Call(ErrorObject { code: ServerError(-32050), message: "Transaction timed out before reaching finality", data: None })) tx_digest=Digest("FQTEhgRFPPKEy5azzvXZq8A7yKZB2ggHVGLxKJRsvydJ") retry_cnt=0
2026-05-20T12:40:26.220590Z ERROR iota_benchmark: Transaction failed with err: Rpc(Call(ErrorObject { code: ServerError(-32050), message: "Transaction timed out before reaching finality", data: None })) tx_digest=Digest("95vjkBuyN428bVR5U2jbkQJWNGiknd7sB4VVAcPaqqoG") retry_cnt=0
2026-05-20T12:40:26.220994Z ERROR iota_benchmark: Transaction failed with err: Rpc(Call(ErrorObject { code: ServerError(-32050), message: "Transaction timed out before reaching finality", data: None })) tx_digest=Digest("6h2gKKNYXjNauqjB58A1p49mLDFhMCa4VYuz5vDKseVb") retry_cnt=0
2026-05-20T12:40:26.221023Z ERROR iota_benchmark: Transaction failed with err: Rpc(Call(ErrorObject { code: ServerError(-32050), message: "Transaction timed out before reaching finality", data: None })) tx_digest=Digest("HKoQJFL74xQujuvez4AmYoDcmcqqPCeumYTPWM1iioEr") retry_cnt=2
2026-05-20T12:40:26.223517Z ERROR iota_benchmark: Transaction failed with err: Rpc(Call(ErrorObject { code: ServerError(-32050), message: "Transaction timed out before reaching finality", data: None })) tx_digest=Digest("Hj9ZGBMvxqu893S4RuXQP9pAGyDHEkv1dJX1Dg3CaZAd") retry_cnt=0
2026-05-20T12:40:26.223556Z ERROR iota_benchmark: Transaction failed with err: Rpc(Call(ErrorObject { code: ServerError(-32050), message: "Transaction timed out before reaching finality", data: None })) tx_digest=Digest("4upvjMwDszdsEFzMN1HRvKgnT3mAVKAm8A9keuCnysHp") retry_cnt=0
2026-05-20T12:40:26.224058Z ERROR iota_benchmark: Transaction failed with err: Rpc(Call(ErrorObject { code: ServerError(-32050), message: "Transaction timed out before reaching finality", data: None })) tx_digest=Digest("XjLeLJA952Dwmd9CoL7FR4x1HFPCVypeE1o63d6m8km") retry_cnt=0
2026-05-20T12:40:26.229568Z ERROR iota_benchmark: Transaction failed with err: Rpc(Call(ErrorObject { code: ServerError(-32050), message: "Transaction timed out before reaching finality", data: None })) tx_digest=Digest("FH5TBGTvRfhjK7MhhwiYrxazM5d7ejivitPCvtrriCYc") retry_cnt=0
2026-05-20T12:40:26.234281Z ERROR iota_benchmark: Transaction failed with err: Rpc(Call(ErrorObject { code: ServerError(-32050), message: "Transaction timed out before reaching finality", data: None })) tx_digest=Digest("A9rZoJXKpuCpaqaMyBiCuyYXYrWbAA3bAFgFevNdnzEC") retry_cnt=0
2026-05-20T12:40:26.236925Z ERROR iota_benchmark: Transaction failed with err: Rpc(Call(ErrorObject { code: ServerError(-32050), message: "Transaction timed out before reaching finality", data: None })) tx_digest=Digest("DnsaVKKkM9mSeUEpVbS8YkpXH6bKZZTem4yDrhMas99F") retry_cnt=2
2026-05-20T12:40:26.237164Z ERROR iota_benchmark: Transaction failed with err: Rpc(Call(ErrorObject { code: ServerError(-32050), message: "Transaction timed out before reaching finality", data: None })) tx_digest=Digest("4prnorv9WpWuLD34fikbtGbVrGFEfywyFUMnRnEjF1Ev") retry_cnt=2
2026-05-20T12:40:26.237591Z ERROR iota_benchmark: Transaction failed with err: Rpc(Call(ErrorObject { code: ServerError(-32050), message: "Transaction timed out before reaching finality", data: None })) tx_digest=Digest("FaEvaHRh3Q9oa7i2EaZYvSNdMz1R2yoNr3t8TxcahuhC") retry_cnt=2
2026-05-20T12:40:26.238209Z ERROR iota_benchmark: Transaction failed with err: Rpc(Call(ErrorObject { code: ServerError(-32050), message: "Transaction timed out before reaching finality", data: None })) tx_digest=Digest("2SZfRPid5wa3unnx2k24maAhVQ8CRz81ZRwJyZETAsGT") retry_cnt=0
2026-05-20T12:40:26.238954Z ERROR iota_benchmark: Transaction failed with err: Rpc(Call(ErrorObject { code: ServerError(-32050), message: "Transaction timed out before reaching finality", data: None })) tx_digest=Digest("EeFuriAxmSMbAuWE22bzrGL6DUSspQurE9g5TzyTAFQA") retry_cnt=2
2026-05-20T12:40:26.239009Z ERROR iota_benchmark: Transaction failed with err: Rpc(Call(ErrorObject { code: ServerError(-32050), message: "Transaction timed out before reaching finality", data: None })) tx_digest=Digest("DQpq74n9qePaBu1kn1dziLdF7Vb7KfUMnXXJ3Sxx2e1z") retry_cnt=2
2026-05-20T12:40:26.240171Z ERROR iota_benchmark: Transaction failed with err: Rpc(Call(ErrorObject { code: ServerError(-32050), message: "Transaction timed out before reaching finality", data: None })) tx_digest=Digest("CKj1Bxk7wsm7iA4FoAAgPB2CFEc9nrCMAaCzNXa2BDhj") retry_cnt=0
2026-05-20T12:40:26.240224Z ERROR iota_benchmark: Transaction failed with err: Rpc(Call(ErrorObject { code: ServerError(-32050), message: "Transaction timed out before reaching finality", data: None })) tx_digest=Digest("FdfmA8hpebgN9VZUbooR4DtaMJpDqHL2VEzzUmgKw5p2") retry_cnt=0
2026-05-20T12:40:26.240859Z ERROR iota_benchmark: Transaction failed with err: Rpc(Call(ErrorObject { code: ServerError(-32050), message: "Transaction timed out before reaching finality", data: None })) tx_digest=Digest("7bsqhLj3KiE8UPVkiHqznxPAPncRY6gpSZovgYSQBbB6") retry_cnt=0
2026-05-20T12:40:26.241639Z ERROR iota_benchmark: Transaction failed with err: Rpc(Call(ErrorObject { code: ServerError(-32050), message: "Transaction timed out before reaching finality", data: None })) tx_digest=Digest("EH8KSioxCCznSo1hAXujnQTDNjyXELGj1KtugfjNP1LG") retry_cnt=0
2026-05-20T12:40:26.244502Z ERROR iota_benchmark: Transaction failed with err: Rpc(Call(ErrorObject { code: ServerError(-32050), message: "Transaction timed out before reaching finality", data: None })) tx_digest=Digest("3U6MSfTzfPiJSuTs1j2NSfhiaPX2x7Yd9LXrcE2RjbjK") retry_cnt=0
2026-05-20T12:40:26.244583Z ERROR iota_benchmark: Transaction failed with err: Rpc(Call(ErrorObject { code: ServerError(-32050), message: "Transaction timed out before reaching finality", data: None })) tx_digest=Digest("Gh3WyCZNoJSzVbsuiN5uAjNdatT9m73wiZuzMq7C9Uqv") retry_cnt=0
2026-05-20T12:40:26.245754Z ERROR iota_benchmark: Transaction failed with err: Rpc(Call(ErrorObject { code: ServerError(-32050), message: "Transaction timed out before reaching finality", data: None })) tx_digest=Digest("8LGTGPGW8oYUT1AGMbsWobTHH78T7r66ZQn23g6SJtYg") retry_cnt=2
2026-05-20T12:40:26.248282Z ERROR iota_benchmark: Transaction failed with err: Rpc(Call(ErrorObject { code: ServerError(-32050), message: "Transaction timed out before reaching finality", data: None })) tx_digest=Digest("4mRxfvqXfj7HSPBL8mRNfNxqU8SSHi1ZQayKUQQ3q4gh") retry_cnt=0
2026-05-20T12:40:26.248649Z ERROR iota_benchmark: Transaction failed with err: Rpc(Call(ErrorObject { code: ServerError(-32050), message: "Transaction timed out before reaching finality", data: None })) tx_digest=Digest("fQ1Zb56JKACJ1K3e9kyJmipb4B1JovVz8864gG3EaDH") retry_cnt=0
2026-05-20T12:40:26.250161Z ERROR iota_benchmark: Transaction failed with err: Rpc(Call(ErrorObject { code: ServerError(-32050), message: "Transaction timed out before reaching finality", data: None })) tx_digest=Digest("7DcUCYTjjyXR6Uv6FL4iyi7SECxin8eyAgAUiFFf92hZ") retry_cnt=0
2026-05-20T12:40:26.252417Z ERROR iota_benchmark: Transaction failed with err: Rpc(Call(ErrorObject { code: ServerError(-32050), message: "Transaction timed out before reaching finality", data: None })) tx_digest=Digest("BtNPoWHcy77wC6wsDxFQSQU3xKgtnUhkY9mmKosQMmQN") retry_cnt=0
2026-05-20T12:40:26.252654Z ERROR iota_benchmark: Transaction failed with err: Rpc(Call(ErrorObject { code: ServerError(-32050), message: "Transaction timed out before reaching finality", data: None })) tx_digest=Digest("6tpYpgimRwm9A6d7X68dxUJpfn1KrANLXWA9NLKs4z6P") retry_cnt=0
2026-05-20T12:40:26.254320Z ERROR iota_benchmark: Transaction failed with err: Rpc(Call(ErrorObject { code: ServerError(-32050), message: "Transaction timed out before reaching finality", data: None })) tx_digest=Digest("6wHMxt8qb1CGV6JveZeG9A9tcdpAhLshrR5roUg137dv") retry_cnt=0
2026-05-20T12:40:26.254885Z ERROR iota_benchmark: Transaction failed with err: Rpc(Call(ErrorObject { code: ServerError(-32050), message: "Transaction timed out before reaching finality", data: None })) tx_digest=Digest("9dF63bGDxfkSyEYunmFqPpyWowo3HCPD6VWiWemhXstL") retry_cnt=0
2026-05-20T12:40:26.255501Z ERROR iota_benchmark: Transaction failed with err: Rpc(Call(ErrorObject { code: ServerError(-32050), message: "Transaction timed out before reaching finality", data: None })) tx_digest=Digest("F42jmbTGP11kAmjz39CCKp3HhgqkUfz716HNfchsRnG") retry_cnt=0
2026-05-20T12:40:26.255534Z ERROR iota_benchmark: Transaction failed with err: Rpc(Call(ErrorObject { code: ServerError(-32050), message: "Transaction timed out before reaching finality", data: None })) tx_digest=Digest("8vq32mCh2XYNUaj8SaorHqZ3d5hpxLo71BZkXciLsLMP") retry_cnt=0
2026-05-20T12:40:26.255538Z ERROR iota_benchmark: Transaction failed with err: Rpc(Call(ErrorObject { code: ServerError(-32050), message: "Transaction timed out before reaching finality", data: None })) tx_digest=Digest("CaKkZUsRrJRHM3UUTuj6oNGpVoB2pjzdNGuUKW79N4a") retry_cnt=0
2026-05-20T12:40:26.255543Z ERROR iota_benchmark: Transaction failed with err: Rpc(Call(ErrorObject { code: ServerError(-32050), message: "Transaction timed out before reaching finality", data: None })) tx_digest=Digest("5pH8dne8njzKZu1JsfEj33RFgzR19PiSDHVFvA81qFNZ") retry_cnt=0
2026-05-20T12:40:26.255825Z ERROR iota_benchmark: Transaction failed with err: Rpc(Call(ErrorObject { code: ServerError(-32050), message: "Transaction timed out before reaching finality", data: None })) tx_digest=Digest("67C9iffiYMRZi7FhzumL7maKtTnCN4xtrKCFF5bnriSd") retry_cnt=0
2026-05-20T12:40:26.256008Z ERROR iota_benchmark: Transaction failed with err: Rpc(Call(ErrorObject { code: ServerError(-32050), message: "Transaction timed out before reaching finality", data: None })) tx_digest=Digest("DKAKnQ3fsxVrmk3VHfw9QhXRXJCRriyFZTZ4rjGrTueZ") retry_cnt=0
2026-05-20T12:40:26.256225Z ERROR iota_benchmark: Transaction failed with err: Rpc(Call(ErrorObject { code: ServerError(-32050), message: "Transaction timed out before reaching finality", data: None })) tx_digest=Digest("BsTT2w1vWLj16UNRTHNzSQA7hZzACuGhY9ZikJtKChMe") retry_cnt=0
2026-05-20T12:40:26.256391Z ERROR iota_benchmark: Transaction failed with err: Rpc(Call(ErrorObject { code: ServerError(-32050), message: "Transaction timed out before reaching finality", data: None })) tx_digest=Digest("9jVSSS1zSP6AK6euTVCVdxd3MP45fWg9W99jVzQSgoq6") retry_cnt=0
2026-05-20T12:40:26.257330Z ERROR iota_benchmark: Transaction failed with err: Rpc(Call(ErrorObject { code: ServerError(-32050), message: "Transaction timed out before reaching finality", data: None })) tx_digest=Digest("7pW38RCLEw8bL7ufqHnt8gByTosdrAffMrCxHe7LvT4W") retry_cnt=0
2026-05-20T12:40:26.257362Z ERROR iota_benchmark: Transaction failed with err: Rpc(Call(ErrorObject { code: ServerError(-32050), message: "Transaction timed out before reaching finality", data: None })) tx_digest=Digest("EfpRgtQ5UWs9VHvcbstz3tQxBsusq1AVnGPcNN56eV9B") retry_cnt=0
2026-05-20T12:40:26.257904Z ERROR iota_benchmark: Transaction failed with err: Rpc(Call(ErrorObject { code: ServerError(-32050), message: "Transaction timed out before reaching finality", data: None })) tx_digest=Digest("CMwr57eBCyT43CEKF1vj1NaM3DPj2xvZqkWart9sSiaL") retry_cnt=0
2026-05-20T12:40:26.259160Z ERROR iota_benchmark: Transaction failed with err: Rpc(Call(ErrorObject { code: ServerError(-32050), message: "Transaction timed out before reaching finality", data: None })) tx_digest=Digest("24LG9Uksf7mZgSk3Nm9kgD8hGpHfhCUnZNwbUpt5KGsA") retry_cnt=0
2026-05-20T12:40:26.259858Z ERROR iota_benchmark: Transaction failed with err: Rpc(Call(ErrorObject { code: ServerError(-32050), message: "Transaction timed out before reaching finality", data: None })) tx_digest=Digest("Gjhh1xdGtc2HwU3pUmbkEZ4qerKCTjGiGzhgaeQgERGV") retry_cnt=0
2026-05-20T12:40:26.260319Z ERROR iota_benchmark: Transaction failed with err: Rpc(Call(ErrorObject { code: ServerError(-32050), message: "Transaction timed out before reaching finality", data: None })) tx_digest=Digest("69m2anNqTtQ6UYuGvv3Yy9bqBiCwW9Eo4RBy1NdyvfTz") retry_cnt=0
2026-05-20T12:40:26.262262Z ERROR iota_benchmark: Transaction failed with err: Rpc(Call(ErrorObject { code: ServerError(-32050), message: "Transaction timed out before reaching finality", data: None })) tx_digest=Digest("7uFroPDWkAedpfGe2SX39XxC2xdhn6vywChKvJaWKNNB") retry_cnt=0
2026-05-20T12:40:26.262592Z ERROR iota_benchmark: Transaction failed with err: Rpc(Call(ErrorObject { code: ServerError(-32050), message: "Transaction timed out before reaching finality", data: None })) tx_digest=Digest("7ERQhxwBQSX9h4YjyKjoZrCbkuZREepAbRc2xYdt1ouX") retry_cnt=0
2026-05-20T12:40:26.262911Z ERROR iota_benchmark: Transaction failed with err: Rpc(Call(ErrorObject { code: ServerError(-32050), message: "Transaction timed out before reaching finality", data: None })) tx_digest=Digest("AkCYox8Tj3W33NexZp38zqfhiFPQMdeVdzGvtT9NJxgk") retry_cnt=0
2026-05-20T12:40:26.263189Z ERROR iota_benchmark: Transaction failed with err: Rpc(Call(ErrorObject { code: ServerError(-32050), message: "Transaction timed out before reaching finality", data: None })) tx_digest=Digest("BLCK32tnFnPJYAtLoiqfXbEE8co7TcGamFGbKpwQ7Hq4") retry_cnt=0
2026-05-20T12:40:26.265098Z ERROR iota_benchmark: Transaction failed with err: Rpc(Call(ErrorObject { code: ServerError(-32050), message: "Transaction timed out before reaching finality", data: None })) tx_digest=Digest("GwnY5M7VYCSu9EYVDymxH9f1eVAeLtJWSTFcPTMjcm33") retry_cnt=2
2026-05-20T12:40:26.266100Z ERROR iota_benchmark: Transaction failed with err: Rpc(Call(ErrorObject { code: ServerError(-32050), message: "Transaction timed out before reaching finality", data: None })) tx_digest=Digest("5wXcUQkS2fQxUSSGYZDjMGZVzJgfF48FtUBuxLz7DE5s") retry_cnt=0
2026-05-20T12:40:26.266174Z ERROR iota_benchmark: Transaction failed with err: Rpc(Call(ErrorObject { code: ServerError(-32050), message: "Transaction timed out before reaching finality", data: None })) tx_digest=Digest("3w6TPnDcmJKVuH3CuxCQGrSBdzEJTYp5oZYi3nZ2U2CY") retry_cnt=0
2026-05-20T12:40:26.469631Z ERROR iota_benchmark: Transaction failed with err: Rpc(Call(ErrorObject { code: ServerError(-32050), message: "Transaction timed out before reaching finality", data: None })) tx_digest=Digest("4pWrS4kDAJYusEzhU33bcVDhMeGd1sSFnQeXbztt6cGT") retry_cnt=0
2026-05-20T12:40:26.469668Z ERROR iota_benchmark: Transaction failed with err: Rpc(Call(ErrorObject { code: ServerError(-32050), message: "Transaction timed out before reaching finality", data: None })) tx_digest=Digest("EqyCcyfHGeFSrCE2omxBtMVDSZrCw7DUyEJd7vowaQFB") retry_cnt=2
2026-05-20T12:40:26.484498Z ERROR iota_benchmark: Transaction failed with err: Rpc(Call(ErrorObject { code: ServerError(-32050), message: "Transaction timed out before reaching finality", data: None })) tx_digest=Digest("DZ9hsneU9rKpeJcDokvhnBCieBvPHYp3PBXSxhiGWW2P") retry_cnt=2
2026-05-20T12:40:26.484498Z ERROR iota_benchmark: Transaction failed with err: Rpc(Call(ErrorObject { code: ServerError(-32050), message: "Transaction timed out before reaching finality", data: None })) tx_digest=Digest("Xbv1S1uFwRG4oHeWjFzPFj9eWX5MhedkT8sS72NsRDC") retry_cnt=0
2026-05-20T12:40:26.490270Z ERROR iota_benchmark: Transaction failed with err: Rpc(Call(ErrorObject { code: ServerError(-32050), message: "Transaction timed out before reaching finality", data: None })) tx_digest=Digest("6eoouD3r7dvsvRan2aTRQ9NDZZxP5KNLYXEgBRLBfrLn") retry_cnt=0
2026-05-20T12:40:26.490672Z ERROR iota_benchmark: Transaction failed with err: Rpc(Call(ErrorObject { code: ServerError(-32050), message: "Transaction timed out before reaching finality", data: None })) tx_digest=Digest("G6Rtk7imAhXc4dbh5LYRxfLMfgvNsJ5kqSVoHiFdWJMZ") retry_cnt=0
2026-05-20T12:40:26.495828Z ERROR iota_benchmark: Transaction failed with err: Rpc(Call(ErrorObject { code: ServerError(-32050), message: "Transaction timed out before reaching finality", data: None })) tx_digest=Digest("E746AGeKQozLSQFRv8AhUB5ZXQdFdYH3kKHcyN8yvwvx") retry_cnt=0
2026-05-20T12:40:26.495984Z ERROR iota_benchmark: Transaction failed with err: Rpc(Call(ErrorObject { code: ServerError(-32050), message: "Transaction timed out before reaching finality", data: None })) tx_digest=Digest("29NSwn3t1P39VcAn3rGjcX3K8FY8qFvcf7Fx1vAHjoYH") retry_cnt=0
2026-05-20T12:40:26.496221Z ERROR iota_benchmark: Transaction failed with err: Rpc(Call(ErrorObject { code: ServerError(-32050), message: "Transaction timed out before reaching finality", data: None })) tx_digest=Digest("7WvDznRkncqKQajiXQsZRNoZBNsJK6PWkT9xgrXSRR42") retry_cnt=0
2026-05-20T12:40:26.498739Z ERROR iota_benchmark: Transaction failed with err: Rpc(Call(ErrorObject { code: ServerError(-32050), message: "Transaction timed out before reaching finality", data: None })) tx_digest=Digest("CBFqYFPs1mnQrpbrsLygi8WZjy7AY6u8MDmpa8jDxGyy") retry_cnt=2
2026-05-20T12:40:26.499425Z ERROR iota_benchmark: Transaction failed with err: Rpc(Call(ErrorObject { code: ServerError(-32050), message: "Transaction timed out before reaching finality", data: None })) tx_digest=Digest("7akdMAGXriQWtEzTJC4ZfmTmR9CCyk3LCZBggxJ7Hy3H") retry_cnt=0
2026-05-20T12:40:26.499527Z ERROR iota_benchmark: Transaction failed with err: Rpc(Call(ErrorObject { code: ServerError(-32050), message: "Transaction timed out before reaching finality", data: None })) tx_digest=Digest("BZxCyBtFzoc38fouqz4L1o6DJgMwnxeBHWEzvsL6kfr9") retry_cnt=0
2026-05-20T12:40:26.499605Z ERROR iota_benchmark: Transaction failed with err: Rpc(Call(ErrorObject { code: ServerError(-32050), message: "Transaction timed out before reaching finality", data: None })) tx_digest=Digest("3UVPY51sYQDN6QbASiH4XQYJ5hZJex5XGoXBesw3wvga") retry_cnt=2
2026-05-20T12:40:26.511090Z ERROR iota_benchmark: Transaction failed with err: Rpc(Call(ErrorObject { code: ServerError(-32050), message: "Transaction timed out before reaching finality", data: None })) tx_digest=Digest("61t6hsTem8bWkFZtbxhkypQPBfbwzcPnZsG1MZjvYdbD") retry_cnt=0
2026-05-20T12:40:26.511189Z ERROR iota_benchmark: Transaction failed with err: Rpc(Call(ErrorObject { code: ServerError(-32050), message: "Transaction timed out before reaching finality", data: None })) tx_digest=Digest("7f5UPZ9AcT4id6V1mLy4sHvdrrbGEveZKfs6Aj9VCNXV") retry_cnt=0
2026-05-20T12:40:26.511244Z ERROR iota_benchmark: Transaction failed with err: Rpc(Call(ErrorObject { code: ServerError(-32050), message: "Transaction timed out before reaching finality", data: None })) tx_digest=Digest("CTQ3eCXzbjBgVKpFjvFMXQLSevtHJANfphTMXwUxui9M") retry_cnt=0
2026-05-20T12:40:26.511570Z ERROR iota_benchmark: Transaction failed with err: Rpc(Call(ErrorObject { code: ServerError(-32050), message: "Transaction timed out before reaching finality", data: None })) tx_digest=Digest("BCXDNWybPm2NJeh69H2qTrCYaFL8PqSUmBrvfk9hHQfd") retry_cnt=0
2026-05-20T12:40:26.513431Z ERROR iota_benchmark: Transaction failed with err: Rpc(Call(ErrorObject { code: ServerError(-32050), message: "Transaction timed out before reaching finality", data: None })) tx_digest=Digest("D98kLVptceEo7ewmSq7qTP1jEkNqZKPXXhEqRwgjUT4T") retry_cnt=0
2026-05-20T12:40:26.513678Z ERROR iota_benchmark: Transaction failed with err: Rpc(Call(ErrorObject { code: ServerError(-32050), message: "Transaction timed out before reaching finality", data: None })) tx_digest=Digest("3wBbVpd2kJcmWVcT6B49woqQv58r8FL2Hav19KSToFpv") retry_cnt=0
2026-05-20T12:40:26.521799Z ERROR iota_benchmark: Transaction failed with err: Rpc(Call(ErrorObject { code: ServerError(-32050), message: "Transaction timed out before reaching finality", data: None })) tx_digest=Digest("HcdGwuVYVJU8rfEFJGLzPe9GrnjHJWEoJfH8wnYSFe7w") retry_cnt=0
2026-05-20T12:40:26.522973Z ERROR iota_benchmark: Transaction failed with err: Rpc(Call(ErrorObject { code: ServerError(-32050), message: "Transaction timed out before reaching finality", data: None })) tx_digest=Digest("HWN8D32Sf3D6PpsF6myLBVX4Dw5qagvJ9NQxFUncg9YP") retry_cnt=0
2026-05-20T12:40:26.523191Z ERROR iota_benchmark: Transaction failed with err: Rpc(Call(ErrorObject { code: ServerError(-32050), message: "Transaction timed out before reaching finality", data: None })) tx_digest=Digest("3GSQ1dWbFDjiyRRPehFmTPeGhSNg2TLdrPR8Bk22WRyF") retry_cnt=0
2026-05-20T12:40:26.523555Z ERROR iota_benchmark: Transaction failed with err: Rpc(Call(ErrorObject { code: ServerError(-32050), message: "Transaction timed out before reaching finality", data: None })) tx_digest=Digest("DjtzxXKFqBebnkHHEe4zhnoQ5GEbVVQk7Jp8jZuSuFYR") retry_cnt=0
2026-05-20T12:40:26.523903Z ERROR iota_benchmark: Transaction failed with err: Rpc(Call(ErrorObject { code: ServerError(-32050), message: "Transaction timed out before reaching finality", data: None })) tx_digest=Digest("ENAGBsfgGFoRv4opHapvq9xyrqXcfB9tWjX77ctp1KFo") retry_cnt=0
2026-05-20T12:40:26.524092Z ERROR iota_benchmark: Transaction failed with err: Rpc(Call(ErrorObject { code: ServerError(-32050), message: "Transaction timed out before reaching finality", data: None })) tx_digest=Digest("5xA2sDTTJKGndhZdA3689Ft2pCL13eFx5CYjKDoBtvmP") retry_cnt=0
2026-05-20T12:40:26.524522Z ERROR iota_benchmark: Transaction failed with err: Rpc(Call(ErrorObject { code: ServerError(-32050), message: "Transaction timed out before reaching finality", data: None })) tx_digest=Digest("HG3BU3B64eSk8iUtUpjJ7NoRNwbGeLk9sy6KVAmMtmMQ") retry_cnt=0
2026-05-20T12:40:26.526392Z ERROR iota_benchmark: Transaction failed with err: Rpc(Call(ErrorObject { code: ServerError(-32050), message: "Transaction timed out before reaching finality", data: None })) tx_digest=Digest("4RNKE5G8zKBUJHozbXt3RdNcViJwAULzuh3dY2BrNHsd") retry_cnt=0
2026-05-20T12:40:26.532072Z ERROR iota_benchmark: Transaction failed with err: Rpc(Call(ErrorObject { code: ServerError(-32050), message: "Transaction timed out before reaching finality", data: None })) tx_digest=Digest("FAH3CmRPDfDDUJf2zEAeppk3zVYYb1xAzW1r1rDjikE6") retry_cnt=0
2026-05-20T12:40:26.533587Z ERROR iota_benchmark: Transaction failed with err: Rpc(Call(ErrorObject { code: ServerError(-32050), message: "Transaction timed out before reaching finality", data: None })) tx_digest=Digest("GVdvDiKo1Ae24rdPBtZmAHgNPxXsTzst8BQWvF7RsHir") retry_cnt=2
2026-05-20T12:40:26.533852Z ERROR iota_benchmark: Transaction failed with err: Rpc(Call(ErrorObject { code: ServerError(-32050), message: "Transaction timed out before reaching finality", data: None })) tx_digest=Digest("9kcwrXcDrdwRx1w6Rnv7RqtoZR16MXNw2FXwRz5wNYtX") retry_cnt=2
2026-05-20T12:40:26.534010Z ERROR iota_benchmark: Transaction failed with err: Rpc(Call(ErrorObject { code: ServerError(-32050), message: "Transaction timed out before reaching finality", data: None })) tx_digest=Digest("J7K4McMPuCqGF8H2KZhqjh8D4fUk8VnY7uywhWLnYo6f") retry_cnt=2
2026-05-20T12:40:26.534063Z ERROR iota_benchmark: Transaction failed with err: Rpc(Call(ErrorObject { code: ServerError(-32050), message: "Transaction timed out before reaching finality", data: None })) tx_digest=Digest("48Lr8UwJTBF29GP57LSF6B5ef74h66rsok1zG79MfP3R") retry_cnt=2
2026-05-20T12:40:26.534545Z ERROR iota_benchmark: Transaction failed with err: Rpc(Call(ErrorObject { code: ServerError(-32050), message: "Transaction timed out before reaching finality", data: None })) tx_digest=Digest("C1EXjRDpAMXnzyQnyVktXFqB9Qd5NmsqRBBUuBdrizUy") retry_cnt=2
2026-05-20T12:40:26.535038Z ERROR iota_benchmark: Transaction failed with err: Rpc(Call(ErrorObject { code: ServerError(-32050), message: "Transaction timed out before reaching finality", data: None })) tx_digest=Digest("79MjpZV2Eg9TXRTGeq3wFvjE1zduMXuCmNWAhrugsGoY") retry_cnt=2
2026-05-20T12:40:26.535932Z ERROR iota_benchmark: Transaction failed with err: Rpc(Call(ErrorObject { code: ServerError(-32050), message: "Transaction timed out before reaching finality", data: None })) tx_digest=Digest("7fEoM1xZt6XSUpbS4GZGjJqeshcp9uff1YB9Y94Ea941") retry_cnt=2
2026-05-20T12:40:26.536067Z ERROR iota_benchmark: Transaction failed with err: Rpc(Call(ErrorObject { code: ServerError(-32050), message: "Transaction timed out before reaching finality", data: None })) tx_digest=Digest("9LcRA1QRMcmKn6MfjB2XC7XvHu2cnmypkC55qQVL7DRE") retry_cnt=2
2026-05-20T12:40:26.536104Z ERROR iota_benchmark: Transaction failed with err: Rpc(Call(ErrorObject { code: ServerError(-32050), message: "Transaction timed out before reaching finality", data: None })) tx_digest=Digest("GKJfBzsHXJGyKpkwoFca1p8KRRq8gie5GHFsNbQzWzkJ") retry_cnt=2
2026-05-20T12:40:26.536288Z ERROR iota_benchmark: Transaction failed with err: Rpc(Call(ErrorObject { code: ServerError(-32050), message: "Transaction timed out before reaching finality", data: None })) tx_digest=Digest("4umHZPdQCbVGsFJNghc6iyhK26EooywTTmEXkDn5txyT") retry_cnt=2
2026-05-20T12:40:26.536291Z ERROR iota_benchmark: Transaction failed with err: Rpc(Call(ErrorObject { code: ServerError(-32050), message: "Transaction timed out before reaching finality", data: None })) tx_digest=Digest("CFMNX4o6obp7g8mPci4tupjkT3HmLSJ32PvcEXJtskX1") retry_cnt=2
2026-05-20T12:40:26.536904Z ERROR iota_benchmark: Transaction failed with err: Rpc(Call(ErrorObject { code: ServerError(-32050), message: "Transaction timed out before reaching finality", data: None })) tx_digest=Digest("5EpGCNiDX2zrtfT78D994R3yw9wxbMZawSWZX5trHUmq") retry_cnt=2
2026-05-20T12:40:26.536977Z ERROR iota_benchmark: Transaction failed with err: Rpc(Call(ErrorObject { code: ServerError(-32050), message: "Transaction timed out before reaching finality", data: None })) tx_digest=Digest("HqJNFvzCXvogigCYYoe7U3re2ZVXkempAQjM2nW3Xwhf") retry_cnt=2
2026-05-20T12:40:26.538967Z ERROR iota_benchmark: Transaction failed with err: Rpc(Call(ErrorObject { code: ServerError(-32050), message: "Transaction timed out before reaching finality", data: None })) tx_digest=Digest("6bQqF6UsmyrANrsEBpZ19CjW6kAMzEKRLaFoyYu3wgdt") retry_cnt=2
2026-05-20T12:40:26.538971Z ERROR iota_benchmark: Transaction failed with err: Rpc(Call(ErrorObject { code: ServerError(-32050), message: "Transaction timed out before reaching finality", data: None })) tx_digest=Digest("F8h4WAeLWpxbFNBujJ5SNYcspPSGjvaa3wuMQ2mqFsy5") retry_cnt=2
2026-05-20T12:40:26.539062Z ERROR iota_benchmark: Transaction failed with err: Rpc(Call(ErrorObject { code: ServerError(-32050), message: "Transaction timed out before reaching finality", data: None })) tx_digest=Digest("Gi7TFhfYnu95bJed8qikzFgoBPDZURpMNK5hCpk2B2te") retry_cnt=2
2026-05-20T12:40:26.540136Z ERROR iota_benchmark: Transaction failed with err: Rpc(Call(ErrorObject { code: ServerError(-32050), message: "Transaction timed out before reaching finality", data: None })) tx_digest=Digest("DMXdJGK6qQ9LTrejHs3vREnCN6BSQex9LGEtjwGawyv4") retry_cnt=2
2026-05-20T12:40:26.540199Z ERROR iota_benchmark: Transaction failed with err: Rpc(Call(ErrorObject { code: ServerError(-32050), message: "Transaction timed out before reaching finality", data: None })) tx_digest=Digest("5TELiDsM5i9PU6j8aokBMVMDzV7BHMzyowY6P8Tspnmr") retry_cnt=2
2026-05-20T12:40:26.540216Z ERROR iota_benchmark: Transaction failed with err: Rpc(Call(ErrorObject { code: ServerError(-32050), message: "Transaction timed out before reaching finality", data: None })) tx_digest=Digest("7eTvDWAUp9JY7LMs8PubW3Y16kSrhdmrFBLPqaVDnRXP") retry_cnt=2
2026-05-20T12:40:26.540216Z ERROR iota_benchmark: Transaction failed with err: Rpc(Call(ErrorObject { code: ServerError(-32050), message: "Transaction timed out before reaching finality", data: None })) tx_digest=Digest("4khrQGgatHdEdUhENNmmtkU5WUbF6fNcsmFhABdDJZq8") retry_cnt=2
2026-05-20T12:40:26.540245Z ERROR iota_benchmark: Transaction failed with err: Rpc(Call(ErrorObject { code: ServerError(-32050), message: "Transaction timed out before reaching finality", data: None })) tx_digest=Digest("F7HYGaZgdm54C6Trk1DCt3nMhJhAFJgNvGeHd4wMAeoJ") retry_cnt=2
2026-05-20T12:40:26.540273Z ERROR iota_benchmark: Transaction failed with err: Rpc(Call(ErrorObject { code: ServerError(-32050), message: "Transaction timed out before reaching finality", data: None })) tx_digest=Digest("9VtCWLVK1aYasRmhGepecJwC83hSRAJFmGwe2g7Yyxsz") retry_cnt=2
2026-05-20T12:40:26.540280Z ERROR iota_benchmark: Transaction failed with err: Rpc(Call(ErrorObject { code: ServerError(-32050), message: "Transaction timed out before reaching finality", data: None })) tx_digest=Digest("CSggzVJ2acZYjnof6rAi71mExiVqyn1qNFj4SwhqY4rh") retry_cnt=2
2026-05-20T12:40:26.540290Z ERROR iota_benchmark: Transaction failed with err: Rpc(Call(ErrorObject { code: ServerError(-32050), message: "Transaction timed out before reaching finality", data: None })) tx_digest=Digest("774M4bqq1J3FrSfUASD9idYyCDrhZTLcGkmtFBmn7xgV") retry_cnt=2
2026-05-20T12:40:26.540317Z ERROR iota_benchmark: Transaction failed with err: Rpc(Call(ErrorObject { code: ServerError(-32050), message: "Transaction timed out before reaching finality", data: None })) tx_digest=Digest("7akyvDiemJ2NexvwWa7BbswR8J7fuGjhkWFu13EcUke8") retry_cnt=2
2026-05-20T12:40:26.540324Z ERROR iota_benchmark: Transaction failed with err: Rpc(Call(ErrorObject { code: ServerError(-32050), message: "Transaction timed out before reaching finality", data: None })) tx_digest=Digest("29K9yN8u4kzGwCFvzaLQJ29ggj9bnKUptvNPc4F3yifU") retry_cnt=2
2026-05-20T12:40:26.540357Z ERROR iota_benchmark: Transaction failed with err: Rpc(Call(ErrorObject { code: ServerError(-32050), message: "Transaction timed out before reaching finality", data: None })) tx_digest=Digest("CzLyMmBayw6PNe9ukLmq1ZCUh1wNkRfXQu6mSBPcVQDB") retry_cnt=2
2026-05-20T12:40:26.542226Z ERROR iota_benchmark: Transaction failed with err: Rpc(Call(ErrorObject { code: ServerError(-32050), message: "Transaction timed out before reaching finality", data: None })) tx_digest=Digest("h8zCpXEhjyfwruPgboMUTtCjUe7XwEiYxDWTLwiocHE") retry_cnt=0
2026-05-20T12:40:26.544837Z ERROR iota_benchmark: Transaction failed with err: Rpc(Call(ErrorObject { code: ServerError(-32050), message: "Transaction timed out before reaching finality", data: None })) tx_digest=Digest("EpazsutKb6vQD62ymvdpgZpuy8dnNtRUPj4Gwr2pXhfs") retry_cnt=2
2026-05-20T12:40:26.603130Z ERROR iota_benchmark: Transaction failed with err: Rpc(Call(ErrorObject { code: ServerError(-32050), message: "Transaction timed out before reaching finality", data: None })) tx_digest=Digest("6LyzWofWGiD29Gj1eUUAZehdsGttuzi5RAygGvDkGF9d") retry_cnt=0
2026-05-20T12:40:26.645733Z ERROR iota_benchmark: Transaction failed with err: Rpc(Call(ErrorObject { code: ServerError(-32050), message: "Transaction timed out before reaching finality", data: None })) tx_digest=Digest("4tNTAgePSJFxRE1ZmA6Axsh5mJuprpXmsaeCFZC136Wt") retry_cnt=2
2026-05-20T12:40:26.647747Z ERROR iota_benchmark: Transaction failed with err: Rpc(Call(ErrorObject { code: ServerError(-32050), message: "Transaction timed out before reaching finality", data: None })) tx_digest=Digest("2SedU8p3f12LKX99iLFNjDCEz3QPFLa1XhUtbCpoGPX2") retry_cnt=0
2026-05-20T12:40:26.647774Z ERROR iota_benchmark: Transaction failed with err: Rpc(Call(ErrorObject { code: ServerError(-32050), message: "Transaction timed out before reaching finality", data: None })) tx_digest=Digest("5at1JUqJLx2hqa8hKh15Tw5hVf2L8bLqU9gTqeFQwTEZ") retry_cnt=0
2026-05-20T12:40:26.662381Z ERROR iota_benchmark: Transaction failed with err: Rpc(Call(ErrorObject { code: ServerError(-32050), message: "Transaction timed out before reaching finality", data: None })) tx_digest=Digest("8dUz7eDma6UJcAeG1qNxihynEJG8qJqpqvdiYsrsdYdG") retry_cnt=2
2026-05-20T12:40:26.662402Z ERROR iota_benchmark: Transaction failed with err: Rpc(Call(ErrorObject { code: ServerError(-32050), message: "Transaction timed out before reaching finality", data: None })) tx_digest=Digest("9q8Vkw8r6Jm8qCV74CSi94LpYkYisafJNCJ6ZwXBsUQK") retry_cnt=0
2026-05-20T12:40:26.671770Z ERROR iota_benchmark: Transaction failed with err: Rpc(Call(ErrorObject { code: ServerError(-32050), message: "Transaction timed out before reaching finality", data: None })) tx_digest=Digest("8BEmLJyDbXN2LmpFtvSLkqjVSTwHiM3d5xniiJUHN4XE") retry_cnt=2
2026-05-20T12:40:26.672089Z ERROR iota_benchmark: Transaction failed with err: Rpc(Call(ErrorObject { code: ServerError(-32050), message: "Transaction timed out before reaching finality", data: None })) tx_digest=Digest("GCEvzp3rSos4QBekf2S5hznLAhhsV8rR5kAQvqrnKixR") retry_cnt=2
2026-05-20T12:40:26.672168Z ERROR iota_benchmark: Transaction failed with err: Rpc(Call(ErrorObject { code: ServerError(-32050), message: "Transaction timed out before reaching finality", data: None })) tx_digest=Digest("Ed1JHm5KSe3oUTtaKPQfnhp7aEhAufb6DdpRNaQ6QCYV") retry_cnt=2
2026-05-20T12:40:26.672762Z ERROR iota_benchmark: Transaction failed with err: Rpc(Call(ErrorObject { code: ServerError(-32050), message: "Transaction timed out before reaching finality", data: None })) tx_digest=Digest("4gRNS8eKanRn3DDxGxVxp1ryANe8EzSRm2w5EGQrYSWo") retry_cnt=2
2026-05-20T12:40:26.673435Z ERROR iota_benchmark: Transaction failed with err: Rpc(Call(ErrorObject { code: ServerError(-32050), message: "Transaction timed out before reaching finality", data: None })) tx_digest=Digest("HQhbkDQEDhuiGRm3NPMd5zw37grXoGYP5m5Djhjp8Rkv") retry_cnt=2
2026-05-20T12:40:26.680050Z ERROR iota_benchmark: Transaction failed with err: Rpc(Call(ErrorObject { code: ServerError(-32050), message: "Transaction timed out before reaching finality", data: None })) tx_digest=Digest("8ca12QCAyDkjmJvQ7PaCmwRjLQ81uFgMPnoDew6cw9bf") retry_cnt=0
2026-05-20T12:40:26.682327Z ERROR iota_benchmark: Transaction failed with err: Rpc(Call(ErrorObject { code: ServerError(-32050), message: "Transaction timed out before reaching finality", data: None })) tx_digest=Digest("6tx6r7iuBqYwwYoAZKH8pcbpojhh5uKcerjrQYUTu1k6") retry_cnt=2
2026-05-20T12:40:26.682415Z ERROR iota_benchmark: Transaction failed with err: Rpc(Call(ErrorObject { code: ServerError(-32050), message: "Transaction timed out before reaching finality", data: None })) tx_digest=Digest("7bXgyGnxvsnYgRYFGogwHQ1QHMcf2D7eZPGCFKQ7vXyU") retry_cnt=0
2026-05-20T12:40:26.686052Z ERROR iota_benchmark: Transaction failed with err: Rpc(Call(ErrorObject { code: ServerError(-32050), message: "Transaction timed out before reaching finality", data: None })) tx_digest=Digest("CtsUtRfB9FoXvbXA5U2LZEbRQBQdRToo5GXF5Wz2Ec9r") retry_cnt=0
2026-05-20T12:40:26.687208Z ERROR iota_benchmark: Transaction failed with err: Rpc(Call(ErrorObject { code: ServerError(-32050), message: "Transaction timed out before reaching finality", data: None })) tx_digest=Digest("Gjd5hbLyuSobY8688FyzaCzFfdkKWj4YNcogUrjHcpct") retry_cnt=0
2026-05-20T12:40:26.687392Z ERROR iota_benchmark: Transaction failed with err: Rpc(Call(ErrorObject { code: ServerError(-32050), message: "Transaction timed out before reaching finality", data: None })) tx_digest=Digest("2HnMTeqsuYfQ7mqFqc6JWx5WRgCtN4WSPwFXoHxhFzbS") retry_cnt=0
2026-05-20T12:40:26.688343Z ERROR iota_benchmark: Transaction failed with err: Rpc(Call(ErrorObject { code: ServerError(-32050), message: "Transaction timed out before reaching finality", data: None })) tx_digest=Digest("EvzQmWjdT5V6cewC6i2M1THq65KRKcFtAnAyHBNB3EaK") retry_cnt=0
2026-05-20T12:40:26.690125Z ERROR iota_benchmark: Transaction failed with err: Rpc(Call(ErrorObject { code: ServerError(-32050), message: "Transaction timed out before reaching finality", data: None })) tx_digest=Digest("5JdcW5ktme3hHZcTGLJoDQvHvZxyxeN8ecefvTJUBNby") retry_cnt=0
2026-05-20T12:40:26.695198Z ERROR iota_benchmark: Transaction failed with err: Rpc(Call(ErrorObject { code: ServerError(-32050), message: "Transaction timed out before reaching finality", data: None })) tx_digest=Digest("CdyavbxuD76baJTm9Nqs7FVfwx3baEcdcPEdQvUbJqBW") retry_cnt=0
2026-05-20T12:40:26.697180Z ERROR iota_benchmark: Transaction failed with err: Rpc(Call(ErrorObject { code: ServerError(-32050), message: "Transaction timed out before reaching finality", data: None })) tx_digest=Digest("DmbJ2gTQWnSCmQAdhbt4EKV1K77zrbNR5iH5JCYcDsVt") retry_cnt=0
2026-05-20T12:40:26.702868Z ERROR iota_benchmark: Transaction failed with err: Rpc(Call(ErrorObject { code: ServerError(-32050), message: "Transaction timed out before reaching finality", data: None })) tx_digest=Digest("71jZtB8tLzLLjhfmGUZdnbR5aQhAaSWMmJYUHwRSDKPB") retry_cnt=0
2026-05-20T12:40:26.704013Z ERROR iota_benchmark: Transaction failed with err: Rpc(Call(ErrorObject { code: ServerError(-32050), message: "Transaction timed out before reaching finality", data: None })) tx_digest=Digest("5eV6BybLHHMAhoAT51kRxC9AakHPtphmsgqXYRxAuy4R") retry_cnt=0
2026-05-20T12:40:26.807926Z ERROR iota_benchmark: Transaction failed with err: Rpc(Call(ErrorObject { code: ServerError(-32050), message: "Transaction timed out before reaching finality", data: None })) tx_digest=Digest("9raFK6CVCEqgmk9evCc8JetGR7NGzkv1mRkgrC2ufARi") retry_cnt=0
2026-05-20T12:40:26.807919Z ERROR iota_benchmark: Transaction failed with err: Rpc(Call(ErrorObject { code: ServerError(-32050), message: "Transaction timed out before reaching finality", data: None })) tx_digest=Digest("Dm6SVW4fEusrUzGV77f9fD5WKcKAqHqaTTRE7Bujus4k") retry_cnt=2
2026-05-20T12:40:26.807919Z ERROR iota_benchmark: Transaction failed with err: Rpc(Call(ErrorObject { code: ServerError(-32050), message: "Transaction timed out before reaching finality", data: None })) tx_digest=Digest("HJNbbWSYJF8umZra78XzrEg4TtoQLaHxiR2CHuE2fVff") retry_cnt=0
2026-05-20T12:40:26.807930Z ERROR iota_benchmark: Transaction failed with err: Rpc(Call(ErrorObject { code: ServerError(-32050), message: "Transaction timed out before reaching finality", data: None })) tx_digest=Digest("4YeDygo6VoiXULX12ZKhWp3jyUSTBfDm7xxCvrPJ4eRZ") retry_cnt=2
2026-05-20T12:40:26.807989Z ERROR iota_benchmark: Transaction failed with err: Rpc(Call(ErrorObject { code: ServerError(-32050), message: "Transaction timed out before reaching finality", data: None })) tx_digest=Digest("GqPdsoPXMo5PhYx34FFY2gFiBbaU2tpDzjwM98eDopQt") retry_cnt=2
2026-05-20T12:40:26.808011Z ERROR iota_benchmark: Transaction failed with err: Rpc(Call(ErrorObject { code: ServerError(-32050), message: "Transaction timed out before reaching finality", data: None })) tx_digest=Digest("6wYTfX7iN6TMwjmACJJ6McttXV61o3dpoKAyyJQHAaLn") retry_cnt=0
2026-05-20T12:40:26.808028Z ERROR iota_benchmark: Transaction failed with err: Rpc(Call(ErrorObject { code: ServerError(-32050), message: "Transaction timed out before reaching finality", data: None })) tx_digest=Digest("BPgXMxGzPSNtFA3hDC6iJyitShcey6C7CmcxqDogZpRm") retry_cnt=0
2026-05-20T12:40:26.840013Z ERROR iota_benchmark: Transaction failed with err: Rpc(Call(ErrorObject { code: ServerError(-32050), message: "Transaction timed out before reaching finality", data: None })) tx_digest=Digest("36LSxqNZcbiQzqnakvCw9bFVoy9bdiqgUcu4VgQ6qVRk") retry_cnt=0
2026-05-20T12:40:26.840006Z ERROR iota_benchmark: Transaction failed with err: Rpc(Call(ErrorObject { code: ServerError(-32050), message: "Transaction timed out before reaching finality", data: None })) tx_digest=Digest("5F1wSDLpZ2DdiFvJ64mdAgbtcBVpj4DQfsLcFPB4yLMm") retry_cnt=0
2026-05-20T12:40:26.840006Z ERROR iota_benchmark: Transaction failed with err: Rpc(Call(ErrorObject { code: ServerError(-32050), message: "Transaction timed out before reaching finality", data: None })) tx_digest=Digest("7Qq3ND1GKULsJdfbH8JPmXkCTNBHTDwWLVmxM3huJmcs") retry_cnt=0
2026-05-20T12:40:26.897604Z ERROR iota_benchmark: Transaction failed with err: Rpc(Call(ErrorObject { code: ServerError(-32050), message: "Transaction timed out before reaching finality", data: None })) tx_digest=Digest("3Qf6jgM19sngTEwb6WPuxjdnbWum5E3tG1T4ByP5p2xm") retry_cnt=0
2026-05-20T12:40:26.922465Z ERROR iota_benchmark: Transaction failed with err: Rpc(Call(ErrorObject { code: ServerError(-32050), message: "Transaction timed out before reaching finality", data: None })) tx_digest=Digest("A3nm12f5TFwgEEakRaSobB1eoHaxJNPwjCMa4MWyKhRi") retry_cnt=0
2026-05-20T12:40:27.234726Z ERROR iota_benchmark: Transaction failed with err: Rpc(Call(ErrorObject { code: ServerError(-32050), message: "Transaction timed out before reaching finality", data: None })) tx_digest=Digest("GEMkJwUvsgpZ15dYqtW79T29V7ZHHe9mwEpFE4zjXzuy") retry_cnt=0
2026-05-20T12:40:27.279436Z ERROR iota_benchmark: Transaction failed with err: Rpc(Call(ErrorObject { code: ServerError(-32050), message: "Transaction timed out before reaching finality", data: None })) tx_digest=Digest("CxMsqKjaqDWygdhb3LJ1VqzheULgzrS8RxfWbXBKbyvf") retry_cnt=0
2026-05-20T12:40:27.279460Z ERROR iota_benchmark: Transaction failed with err: Rpc(Call(ErrorObject { code: ServerError(-32050), message: "Transaction timed out before reaching finality", data: None })) tx_digest=Digest("DSBi4ZxMBQK78ZG3ffQW9yxkXB35PstRD7APQa1B8EPA") retry_cnt=0
2026-05-20T12:40:27.279492Z ERROR iota_benchmark: Transaction failed with err: Rpc(Call(ErrorObject { code: ServerError(-32050), message: "Transaction timed out before reaching finality", data: None })) tx_digest=Digest("6LFpCxrie5BPJxvv5GspAvcrJCy29Fa8ZkZuKrrnvj2f") retry_cnt=0
2026-05-20T12:40:27.281266Z ERROR iota_benchmark: Transaction failed with err: Rpc(Call(ErrorObject { code: ServerError(-32050), message: "Transaction timed out before reaching finality", data: None })) tx_digest=Digest("9q4qGHWz5yHKub1HTaRqLNkwdEVYYN7J5hLZtKwB1RBU") retry_cnt=0
2026-05-20T12:40:27.471459Z ERROR iota_benchmark: Transaction failed with err: Rpc(Call(ErrorObject { code: ServerError(-32050), message: "Transaction timed out before reaching finality", data: None })) tx_digest=Digest("morgbSPSGWjTe5Dz1etcdL6c7teaN85HahtYpyjzZCr") retry_cnt=2
2026-05-20T12:40:27.578048Z ERROR iota_benchmark: Transaction failed with err: Rpc(Call(ErrorObject { code: ServerError(-32050), message: "Transaction timed out before reaching finality", data: None })) tx_digest=Digest("EZycV1eiFhkz9NKmVK58uUjDinKzBR12zEG7MqMC1c89") retry_cnt=2
2026-05-20T12:40:27.578048Z ERROR iota_benchmark: Transaction failed with err: Rpc(Call(ErrorObject { code: ServerError(-32050), message: "Transaction timed out before reaching finality", data: None })) tx_digest=Digest("8FSxvgF3YFYYqD7mCU8XeG89j1oBcHykcCwHvdhsu4ok") retry_cnt=0
2026-05-20T12:40:27.671240Z ERROR iota_benchmark: Transaction failed with err: Rpc(Call(ErrorObject { code: ServerError(-32050), message: "Transaction timed out before reaching finality", data: None })) tx_digest=Digest("5ZTZrVZXnB9ReHrURZPFpRYT3UHFJTeyBzcWsW8GfUKw") retry_cnt=2
2026-05-20T12:40:27.689370Z ERROR iota_benchmark: Transaction failed with err: Rpc(Call(ErrorObject { code: ServerError(-32050), message: "Transaction timed out before reaching finality", data: None })) tx_digest=Digest("5QaFS75bLBX6RY6fJzG1NpmG9oMZmYzfqoJGRfM6MtyX") retry_cnt=2
2026-05-20T12:40:27.732443Z ERROR iota_benchmark: Transaction failed with err: Rpc(Call(ErrorObject { code: ServerError(-32050), message: "Transaction timed out before reaching finality", data: None })) tx_digest=Digest("2BCARyh1tP1JihyvihmfGTqvT8p6vZR7vUKKVuevArns") retry_cnt=0
2026-05-20T12:40:27.745553Z ERROR iota_benchmark: Transaction failed with err: Rpc(Call(ErrorObject { code: ServerError(-32050), message: "Transaction timed out before reaching finality", data: None })) tx_digest=Digest("3EvoKyD2zksH3UuCK22iR4Rpqv9aRbrdAqfXiWduE47q") retry_cnt=0
2026-05-20T12:40:27.745672Z ERROR iota_benchmark: Transaction failed with err: Rpc(Call(ErrorObject { code: ServerError(-32050), message: "Transaction timed out before reaching finality", data: None })) tx_digest=Digest("Eaknx8a9WhFxNeiviobJvh4XLW2fqA9p8uR2wf2V9BEg") retry_cnt=0
2026-05-20T12:40:27.766900Z ERROR iota_benchmark: Transaction failed with err: Rpc(Call(ErrorObject { code: ServerError(-32050), message: "Transaction timed out before reaching finality", data: None })) tx_digest=Digest("716yMAKXnD7Md4XuKybukWnrZfVorhxSKgVu4RaoyT4U") retry_cnt=0
2026-05-20T12:40:27.824559Z ERROR iota_benchmark: Transaction failed with err: Rpc(Call(ErrorObject { code: ServerError(-32050), message: "Transaction timed out before reaching finality", data: None })) tx_digest=Digest("4K86uDLtQ1d1XrKKcALwJQLpYRinixkKzLbCKz3nYn8X") retry_cnt=0
2026-05-20T12:40:27.891413Z ERROR iota_benchmark: Transaction failed with err: Rpc(Call(ErrorObject { code: ServerError(-32050), message: "Transaction timed out before reaching finality", data: None })) tx_digest=Digest("ATq6f5WXY1zUerSzRVQndaHqjRr9WSfQCX1BMUuL6dC9") retry_cnt=2
2026-05-20T12:40:27.891429Z ERROR iota_benchmark: Transaction failed with err: Rpc(Call(ErrorObject { code: ServerError(-32050), message: "Transaction timed out before reaching finality", data: None })) tx_digest=Digest("8AVh2f4YGbjBrvHJ2GAXqBA98REMmEUub9ZbBHm8fwzZ") retry_cnt=0
2026-05-20T12:40:27.891432Z ERROR iota_benchmark: Transaction failed with err: Rpc(Call(ErrorObject { code: ServerError(-32050), message: "Transaction timed out before reaching finality", data: None })) tx_digest=Digest("6k3FHhUpesoeYtHCgrGgDTLoQEHeHbGgdPXAdifTSA4X") retry_cnt=2
2026-05-20T12:40:27.923096Z ERROR iota_benchmark: Transaction failed with err: Rpc(Call(ErrorObject { code: ServerError(-32050), message: "Transaction timed out before reaching finality", data: None })) tx_digest=Digest("B1BEDgU5CtfTJyXKgVDtcYkf7caCwbrtzVojW4zGqgG3") retry_cnt=0
2026-05-20T12:40:27.951113Z ERROR iota_benchmark: Transaction failed with err: Rpc(Call(ErrorObject { code: ServerError(-32050), message: "Transaction timed out before reaching finality", data: None })) tx_digest=Digest("DfSxhqf1RDPvJugJ5WmPKf2gsqez75mKw9Y3M2Ek3FjY") retry_cnt=0
2026-05-20T12:40:27.951113Z ERROR iota_benchmark: Transaction failed with err: Rpc(Call(ErrorObject { code: ServerError(-32050), message: "Transaction timed out before reaching finality", data: None })) tx_digest=Digest("B9DydvxrnRLNstRHQsDX1LUGYSQGXfA7eV6dqtGbCReT") retry_cnt=0
2026-05-20T12:40:28.013974Z ERROR iota_benchmark: Transaction failed with err: Rpc(Call(ErrorObject { code: ServerError(-32050), message: "Transaction timed out before reaching finality", data: None })) tx_digest=Digest("2YacQ7tJJnV4R2T3bg3H5n2VbXeYHR3iBEPJQ1YXbfY1") retry_cnt=0
2026-05-20T12:40:28.028257Z ERROR iota_benchmark: Transaction failed with err: Rpc(Call(ErrorObject { code: ServerError(-32050), message: "Transaction timed out before reaching finality", data: None })) tx_digest=Digest("5MRTqGgiqKvECDMDQK8m2uYJN2wuyUo8kTNEXEkrVJaz") retry_cnt=0
2026-05-20T12:40:28.074183Z ERROR iota_benchmark: Transaction failed with err: Rpc(Call(ErrorObject { code: ServerError(-32050), message: "Transaction timed out before reaching finality", data: None })) tx_digest=Digest("7RN1obPbr83UsWCe2E5ANEejdFFhXabYewfwvMN3koHw") retry_cnt=0
2026-05-20T12:40:28.074183Z ERROR iota_benchmark: Transaction failed with err: Rpc(Call(ErrorObject { code: ServerError(-32050), message: "Transaction timed out before reaching finality", data: None })) tx_digest=Digest("DSia9Er4qnopmEvFrMG4JKD9HNkyhyfrr5bBULacP4Gx") retry_cnt=0
2026-05-20T12:40:28.074195Z ERROR iota_benchmark: Transaction failed with err: Rpc(Call(ErrorObject { code: ServerError(-32050), message: "Transaction timed out before reaching finality", data: None })) tx_digest=Digest("7Rj1vY1JDkoeD2DtwRqi2Kh5SBqYzTsnKtH5WdXQ26eT") retry_cnt=2
2026-05-20T12:40:28.074294Z ERROR iota_benchmark: Transaction failed with err: Rpc(Call(ErrorObject { code: ServerError(-32050), message: "Transaction timed out before reaching finality", data: None })) tx_digest=Digest("7BEky78Nq7LACozbpUQeZTeF26gYshWvtFSiPWiCpSi4") retry_cnt=2
2026-05-20T12:40:28.165465Z ERROR iota_benchmark: Transaction failed with err: Rpc(Call(ErrorObject { code: ServerError(-32050), message: "Transaction timed out before reaching finality", data: None })) tx_digest=Digest("B9CGisx4wNViGKxKBW1ExB1acjdN3dKa2zHXvoEBNC4x") retry_cnt=2
2026-05-20T12:40:28.165633Z ERROR iota_benchmark: Transaction failed with err: Rpc(Call(ErrorObject { code: ServerError(-32050), message: "Transaction timed out before reaching finality", data: None })) tx_digest=Digest("GaJw6dtD4MpRrxJCW3EAdZstbytfcCC4rx75VHp5wRs7") retry_cnt=2
2026-05-20T12:40:28.165742Z ERROR iota_benchmark: Transaction failed with err: Rpc(Call(ErrorObject { code: ServerError(-32050), message: "Transaction timed out before reaching finality", data: None })) tx_digest=Digest("4k3ZDTbFJx7GEzhBeyD5ZtYzjS6DXtZY6VnimpuoVBz7") retry_cnt=2
2026-05-20T12:40:28.165870Z ERROR iota_benchmark: Transaction failed with err: Rpc(Call(ErrorObject { code: ServerError(-32050), message: "Transaction timed out before reaching finality", data: None })) tx_digest=Digest("CG4Y1ikNSnhfRLJFPC9y7jMmJtkm6bmL1gp7WLF42hVT") retry_cnt=2
2026-05-20T12:40:28.165915Z ERROR iota_benchmark: Transaction failed with err: Rpc(Call(ErrorObject { code: ServerError(-32050), message: "Transaction timed out before reaching finality", data: None })) tx_digest=Digest("B1GRicdYmCC7MJgGfHjqrvudt2g87uSQRnnfm8Q2273r") retry_cnt=2
2026-05-20T12:40:28.218106Z ERROR iota_benchmark: Transaction failed with err: Rpc(Call(ErrorObject { code: ServerError(-32050), message: "Transaction timed out before reaching finality", data: None })) tx_digest=Digest("EaaDK2csNBSTNrzj1LBiZZb1zpnmUQkxnACF4qdLxQFC") retry_cnt=2
2026-05-20T12:40:28.272511Z ERROR iota_benchmark: Transaction failed with err: Rpc(Call(ErrorObject { code: ServerError(-32050), message: "Transaction timed out before reaching finality", data: None })) tx_digest=Digest("7DQGLyZqpcD35yKSU6Wp7PyAVYUwSDpXLLo4piBbrLWL") retry_cnt=0
2026-05-20T12:40:28.272547Z ERROR iota_benchmark: Transaction failed with err: Rpc(Call(ErrorObject { code: ServerError(-32050), message: "Transaction timed out before reaching finality", data: None })) tx_digest=Digest("A6UABSq42nLKqiku9gbxAcvteGfMgU7wBjTS8HJwVWME") retry_cnt=2
2026-05-20T12:40:28.272593Z ERROR iota_benchmark: Transaction failed with err: Rpc(Call(ErrorObject { code: ServerError(-32050), message: "Transaction timed out before reaching finality", data: None })) tx_digest=Digest("BGXQ9mBrPyfXuoH8d1SbLkKqBZBnRcpCZkmZNKb1XWPL") retry_cnt=2
2026-05-20T12:40:28.272942Z ERROR iota_benchmark: Transaction failed with err: Rpc(Call(ErrorObject { code: ServerError(-32050), message: "Transaction timed out before reaching finality", data: None })) tx_digest=Digest("83G29KhGv2uh1V4dQxafdBuCRiaW7pbkzqf5A4Wfxqrk") retry_cnt=2
2026-05-20T12:40:28.343287Z ERROR iota_benchmark: Transaction failed with err: Rpc(Call(ErrorObject { code: ServerError(-32050), message: "Transaction timed out before reaching finality", data: None })) tx_digest=Digest("Dtbei51AWmni9LgiKMHKSj6i57Gz7u9bhUAtzPJGta6a") retry_cnt=2
2026-05-20T12:40:28.343409Z ERROR iota_benchmark: Transaction failed with err: Rpc(Call(ErrorObject { code: ServerError(-32050), message: "Transaction timed out before reaching finality", data: None })) tx_digest=Digest("7iwhaVLeW57NC3Qk6pNdSV4YnmtntAZfRJmyQKjmu9V9") retry_cnt=2
2026-05-20T12:40:28.343497Z ERROR iota_benchmark: Transaction failed with err: Rpc(Call(ErrorObject { code: ServerError(-32050), message: "Transaction timed out before reaching finality", data: None })) tx_digest=Digest("FfTB3EhaYfPeTmncKK24XASm7yUreqgQVd1ysP8Xk5pb") retry_cnt=2
2026-05-20T12:40:28.343534Z ERROR iota_benchmark: Transaction failed with err: Rpc(Call(ErrorObject { code: ServerError(-32050), message: "Transaction timed out before reaching finality", data: None })) tx_digest=Digest("EbMbfSsKfdKdw6xWUaV6R5m1vRNcB93TPpN5skKP7sfs") retry_cnt=2
2026-05-20T12:40:28.343547Z ERROR iota_benchmark: Transaction failed with err: Rpc(Call(ErrorObject { code: ServerError(-32050), message: "Transaction timed out before reaching finality", data: None })) tx_digest=Digest("E64472D7QYCAdouneWc1pgmz4SjXiPwYsXr3gNH4b83") retry_cnt=0
2026-05-20T12:40:28.343600Z ERROR iota_benchmark: Transaction failed with err: Rpc(Call(ErrorObject { code: ServerError(-32050), message: "Transaction timed out before reaching finality", data: None })) tx_digest=Digest("6egNdHgcPqSGZZqtSkz3kDYnJruWYTiuiFrLdGgUXZ8G") retry_cnt=0
2026-05-20T12:40:28.343604Z ERROR iota_benchmark: Transaction failed with err: Rpc(Call(ErrorObject { code: ServerError(-32050), message: "Transaction timed out before reaching finality", data: None })) tx_digest=Digest("EtiSPowWWJpSFXNpEeBCPMiukqHbwBMYvt9jvhGhguRr") retry_cnt=2
2026-05-20T12:40:28.390144Z ERROR iota_benchmark: Transaction failed with err: Rpc(Call(ErrorObject { code: ServerError(-32050), message: "Transaction timed out before reaching finality", data: None })) tx_digest=Digest("97voyeWvuKJmE8HMEgo2fjZRuaLXLgeXRGvRfK3T7keD") retry_cnt=2
2026-05-20T12:40:28.390145Z ERROR iota_benchmark: Transaction failed with err: Rpc(Call(ErrorObject { code: ServerError(-32050), message: "Transaction timed out before reaching finality", data: None })) tx_digest=Digest("2RWNZgxwHiiSw6DGySbypTae1FrghvktfBptaKmkMuPa") retry_cnt=2
2026-05-20T12:40:28.390147Z ERROR iota_benchmark: Transaction failed with err: Rpc(Call(ErrorObject { code: ServerError(-32050), message: "Transaction timed out before reaching finality", data: None })) tx_digest=Digest("HgDbxSMxjwKT2jFMDmYazWADnRTqJzMe9CSqiZNuLcZx") retry_cnt=2
2026-05-20T12:40:28.390179Z ERROR iota_benchmark: Transaction failed with err: Rpc(Call(ErrorObject { code: ServerError(-32050), message: "Transaction timed out before reaching finality", data: None })) tx_digest=Digest("34iHgDXreNGvz3Qtvk983pzu8yMimoh8q43ZSSgcLX8d") retry_cnt=0
2026-05-20T12:40:28.390232Z ERROR iota_benchmark: Transaction failed with err: Rpc(Call(ErrorObject { code: ServerError(-32050), message: "Transaction timed out before reaching finality", data: None })) tx_digest=Digest("AqNbjNX6z8sTURFEhdptngjwczK4xnWULA4JmARYrADc") retry_cnt=2
2026-05-20T12:40:28.448237Z ERROR iota_benchmark: Transaction failed with err: Rpc(Call(ErrorObject { code: ServerError(-32050), message: "Transaction timed out before reaching finality", data: None })) tx_digest=Digest("D8pH9cengJmqn7Ef9juFXtqm2CutqjseAQzw8ZVVhott") retry_cnt=2
2026-05-20T12:40:28.448423Z ERROR iota_benchmark: Transaction failed with err: Rpc(Call(ErrorObject { code: ServerError(-32050), message: "Transaction timed out before reaching finality", data: None })) tx_digest=Digest("4L4A8VHHf7tddK4D4PaKnpFp8GN2zJCvSGsLx82iZCcP") retry_cnt=0
2026-05-20T12:40:28.448528Z ERROR iota_benchmark: Transaction failed with err: Rpc(Call(ErrorObject { code: ServerError(-32050), message: "Transaction timed out before reaching finality", data: None })) tx_digest=Digest("GWZDg3mjXwsRzSauCNNkwufP3T4Rp69brTQxy6Xqgmje") retry_cnt=0
2026-05-20T12:40:28.449517Z ERROR iota_benchmark: Transaction failed with err: Rpc(Call(ErrorObject { code: ServerError(-32050), message: "Transaction timed out before reaching finality", data: None })) tx_digest=Digest("BJNEtBhrBvRGR89yLfL6JbEBVDYtSPyvY1HYbp5XqcZw") retry_cnt=0
2026-05-20T12:40:28.451068Z ERROR iota_benchmark: Transaction failed with err: Rpc(Call(ErrorObject { code: ServerError(-32050), message: "Transaction timed out before reaching finality", data: None })) tx_digest=Digest("5Evmo9bQ38VBbvSycvsL3F8jFBhbmsxjNSnYDisgUgPH") retry_cnt=0
2026-05-20T12:40:28.483330Z ERROR iota_benchmark: Transaction failed with err: Rpc(Call(ErrorObject { code: ServerError(-32050), message: "Transaction timed out before reaching finality", data: None })) tx_digest=Digest("5289uQRBmJbiEDu2vNPJ4VPpowhScTDeLqHEzT4J13gA") retry_cnt=2
2026-05-20T12:40:28.483466Z ERROR iota_benchmark: Transaction failed with err: Rpc(Call(ErrorObject { code: ServerError(-32050), message: "Transaction timed out before reaching finality", data: None })) tx_digest=Digest("AtHhpcQEYf5TwzAgUhT6F5djQjJ7fNFyZAmMUWL84SJM") retry_cnt=0
2026-05-20T12:40:28.483496Z ERROR iota_benchmark: Transaction failed with err: Rpc(Call(ErrorObject { code: ServerError(-32050), message: "Transaction timed out before reaching finality", data: None })) tx_digest=Digest("BAkATFrQhCVSf4iEKNNAmjFLzT8o5yJEiDZxD7fEMguq") retry_cnt=0
2026-05-20T12:40:28.483952Z ERROR iota_benchmark: Transaction failed with err: Rpc(Call(ErrorObject { code: ServerError(-32050), message: "Transaction timed out before reaching finality", data: None })) tx_digest=Digest("EpR1fY9ZrCukJaQpLP4awnX91VTHM9LkrTVkrP56pQ13") retry_cnt=0
2026-05-20T12:40:28.484637Z ERROR iota_benchmark: Transaction failed with err: Rpc(Call(ErrorObject { code: ServerError(-32050), message: "Transaction timed out before reaching finality", data: None })) tx_digest=Digest("ALFDrUVeZZjSS27SpYmK2Wcj2gwxiEYS5KYpsbBkGkAe") retry_cnt=0
2026-05-20T12:40:28.487208Z ERROR iota_benchmark: Transaction failed with err: Rpc(Call(ErrorObject { code: ServerError(-32050), message: "Transaction timed out before reaching finality", data: None })) tx_digest=Digest("8qHW7X7FcL8mAkR34QiUJ77ghmbfnFbZCEcYcUUP9YU1") retry_cnt=0
2026-05-20T12:40:28.488014Z ERROR iota_benchmark: Transaction failed with err: Rpc(Call(ErrorObject { code: ServerError(-32050), message: "Transaction timed out before reaching finality", data: None })) tx_digest=Digest("HpRXCvtfefwyFdtLgfEsBw62eG8GBQcjX9WSG5haeM3g") retry_cnt=0
2026-05-20T12:40:28.489344Z ERROR iota_benchmark: Transaction failed with err: Rpc(Call(ErrorObject { code: ServerError(-32050), message: "Transaction timed out before reaching finality", data: None })) tx_digest=Digest("2KD7JYmKy7HGDRex2XJ5D13zBe7uXxXC8tApyiVpLbMm") retry_cnt=0
2026-05-20T12:40:28.490139Z ERROR iota_benchmark: Transaction failed with err: Rpc(Call(ErrorObject { code: ServerError(-32050), message: "Transaction timed out before reaching finality", data: None })) tx_digest=Digest("2Za5sJDcuiBEwnQWYpXtBiZdLxUDAFrK7KQPuP4yzTkD") retry_cnt=0
2026-05-20T12:40:28.490597Z ERROR iota_benchmark: Transaction failed with err: Rpc(Call(ErrorObject { code: ServerError(-32050), message: "Transaction timed out before reaching finality", data: None })) tx_digest=Digest("FfB3dcnwMJ78ws3UkxPZXEBPTKCeq5gdDSPcjHYRtnjY") retry_cnt=0
2026-05-20T12:40:28.490968Z ERROR iota_benchmark: Transaction failed with err: Rpc(Call(ErrorObject { code: ServerError(-32050), message: "Transaction timed out before reaching finality", data: None })) tx_digest=Digest("7PSjMNBJPYoyuwS56ZVzHnvRTmHx18xJTVDAyXbcEjbF") retry_cnt=0
2026-05-20T12:40:28.491503Z ERROR iota_benchmark: Transaction failed with err: Rpc(Call(ErrorObject { code: ServerError(-32050), message: "Transaction timed out before reaching finality", data: None })) tx_digest=Digest("7i1JtsXEqj1aY3c8En1TyV4gAWAcJLZjJCaru3i5wLU1") retry_cnt=0
2026-05-20T12:40:28.491594Z ERROR iota_benchmark: Transaction failed with err: Rpc(Call(ErrorObject { code: ServerError(-32050), message: "Transaction timed out before reaching finality", data: None })) tx_digest=Digest("kmnZtBMgDAmuZuDxkkzUy181S2s8qZXqgq4Dr8xDmWc") retry_cnt=0
2026-05-20T12:40:28.493132Z ERROR iota_benchmark: Transaction failed with err: Rpc(Call(ErrorObject { code: ServerError(-32050), message: "Transaction timed out before reaching finality", data: None })) tx_digest=Digest("FwUTXxjAp9f4jJ2qVJaryR58yqfpQqqnLP9khPo8KfBF") retry_cnt=2
2026-05-20T12:40:28.494518Z ERROR iota_benchmark: Transaction failed with err: Rpc(Call(ErrorObject { code: ServerError(-32050), message: "Transaction timed out before reaching finality", data: None })) tx_digest=Digest("4yKFNXHKCeSw9dz91H7uoFCeqCjUq1aB4urwVHJJAJRp") retry_cnt=0
2026-05-20T12:40:28.494579Z ERROR iota_benchmark: Transaction failed with err: Rpc(Call(ErrorObject { code: ServerError(-32050), message: "Transaction timed out before reaching finality", data: None })) tx_digest=Digest("GF8ndrFhQKivAgyuNGZR6icaA21PSqR4U2U2np8ARHF") retry_cnt=0
2026-05-20T12:40:28.498614Z ERROR iota_benchmark: Transaction failed with err: Rpc(Call(ErrorObject { code: ServerError(-32050), message: "Transaction timed out before reaching finality", data: None })) tx_digest=Digest("B3z9dS4TAqzjEaYXFqo7eRKEx13Eo5ooWDEAdshhf1QB") retry_cnt=2
2026-05-20T12:40:28.498632Z ERROR iota_benchmark: Transaction failed with err: Rpc(Call(ErrorObject { code: ServerError(-32050), message: "Transaction timed out before reaching finality", data: None })) tx_digest=Digest("CrKZ5Po5DAHpaPMWhufGmwZv8qXex4eYkpGvA1oaPQTx") retry_cnt=0
2026-05-20T12:40:28.506455Z ERROR iota_benchmark: Transaction failed with err: Rpc(Call(ErrorObject { code: ServerError(-32050), message: "Transaction timed out before reaching finality", data: None })) tx_digest=Digest("9mps9ZrsArBrusemoYFAmfxU9CsCMyRLfHvM1fnasq7j") retry_cnt=2
2026-05-20T12:40:28.506737Z ERROR iota_benchmark: Transaction failed with err: Rpc(Call(ErrorObject { code: ServerError(-32050), message: "Transaction timed out before reaching finality", data: None })) tx_digest=Digest("B8oM6oSdLC9zLPejauJmLQDsicfECFcDAfv8xsYFRCTL") retry_cnt=2
2026-05-20T12:40:28.506939Z ERROR iota_benchmark: Transaction failed with err: Rpc(Call(ErrorObject { code: ServerError(-32050), message: "Transaction timed out before reaching finality", data: None })) tx_digest=Digest("Au15AcQYsxidYGLDr6TSE6GFFsnLnBEdxd7PQS5acXSG") retry_cnt=2
2026-05-20T12:40:28.507329Z ERROR iota_benchmark: Transaction failed with err: Rpc(Call(ErrorObject { code: ServerError(-32050), message: "Transaction timed out before reaching finality", data: None })) tx_digest=Digest("DXY1JogYpxNRJUSJrKGuXidRRKpbdaTpeCKp58bvFaAB") retry_cnt=0
2026-05-20T12:40:28.507830Z ERROR iota_benchmark: Transaction failed with err: Rpc(Call(ErrorObject { code: ServerError(-32050), message: "Transaction timed out before reaching finality", data: None })) tx_digest=Digest("7sDvVhqfa5aRzrzoYcxNYXHQq8Dy4ZjM9ZkGgJx4bvG7") retry_cnt=2
2026-05-20T12:40:28.507927Z ERROR iota_benchmark: Transaction failed with err: Rpc(Call(ErrorObject { code: ServerError(-32050), message: "Transaction timed out before reaching finality", data: None })) tx_digest=Digest("C4DeR7iEHDn5mEbDRLuG7dps5KV3uTnLS8bkhjs7wPBs") retry_cnt=0
2026-05-20T12:40:28.507932Z ERROR iota_benchmark: Transaction failed with err: Rpc(Call(ErrorObject { code: ServerError(-32050), message: "Transaction timed out before reaching finality", data: None })) tx_digest=Digest("ArVAgfzgKLQCiGRjGQrq8UZeqQtNnrmecZfQPW22VkRW") retry_cnt=0
2026-05-20T12:40:28.508066Z ERROR iota_benchmark: Transaction failed with err: Rpc(Call(ErrorObject { code: ServerError(-32050), message: "Transaction timed out before reaching finality", data: None })) tx_digest=Digest("8PKDVQn8ARg1uqH4Z63QtxeMiryG3a8D2bwZvmEozbvw") retry_cnt=2
2026-05-20T12:40:28.508827Z ERROR iota_benchmark: Transaction failed with err: Rpc(Call(ErrorObject { code: ServerError(-32050), message: "Transaction timed out before reaching finality", data: None })) tx_digest=Digest("HsqzQmdqkDA4VCCA59G7yK915nAjm5hrNGUwjFUENL3Q") retry_cnt=0
2026-05-20T12:40:28.512449Z ERROR iota_benchmark: Transaction failed with err: Rpc(Call(ErrorObject { code: ServerError(-32050), message: "Transaction timed out before reaching finality", data: None })) tx_digest=Digest("AyQ9kHixrDLqu5eKyuRFHubpysR7ABCq72HDfPcjg4w6") retry_cnt=0
2026-05-20T12:40:28.513382Z ERROR iota_benchmark: Transaction failed with err: Rpc(Call(ErrorObject { code: ServerError(-32050), message: "Transaction timed out before reaching finality", data: None })) tx_digest=Digest("23iu3TtqFUto6Z8zr3EUQAmVQHDvdgZgSR2qaCzLcMUJ") retry_cnt=0
2026-05-20T12:40:28.514131Z ERROR iota_benchmark: Transaction failed with err: Rpc(Call(ErrorObject { code: ServerError(-32050), message: "Transaction timed out before reaching finality", data: None })) tx_digest=Digest("BPFUqvzYGUcrDsE2xWGHwCHyHuqsuqUMgMeworPm38h1") retry_cnt=0
2026-05-20T12:40:28.514936Z ERROR iota_benchmark: Transaction failed with err: Rpc(Call(ErrorObject { code: ServerError(-32050), message: "Transaction timed out before reaching finality", data: None })) tx_digest=Digest("HbyNKQuPMDs5owq3dSVRKvd29QeHM1Gfn2wmBrAjjtcr") retry_cnt=0
2026-05-20T12:40:28.515466Z ERROR iota_benchmark: Transaction failed with err: Rpc(Call(ErrorObject { code: ServerError(-32050), message: "Transaction timed out before reaching finality", data: None })) tx_digest=Digest("93LNksuFRnrA16NrFT67PkE1JiHmr6KDx5aDbkvsVdpo") retry_cnt=0
2026-05-20T12:40:28.516028Z ERROR iota_benchmark: Transaction failed with err: Rpc(Call(ErrorObject { code: ServerError(-32050), message: "Transaction timed out before reaching finality", data: None })) tx_digest=Digest("2WHn737NsKQ481mtvWP3N7QbKbszn3tqq2mbBnjgJejk") retry_cnt=0
2026-05-20T12:40:28.516934Z ERROR iota_benchmark: Transaction failed with err: Rpc(Call(ErrorObject { code: ServerError(-32050), message: "Transaction timed out before reaching finality", data: None })) tx_digest=Digest("EBBp7UBUSAuQ7kt3qATX29LftuBT677Lk1NNDYvc3iBi") retry_cnt=0
2026-05-20T12:40:28.518933Z ERROR iota_benchmark: Transaction failed with err: Rpc(Call(ErrorObject { code: ServerError(-32050), message: "Transaction timed out before reaching finality", data: None })) tx_digest=Digest("7RZsgkKAXcYcxRmxwhN7h76SYcb2ThY9sCfU2itYAnLB") retry_cnt=0
2026-05-20T12:40:28.520628Z ERROR iota_benchmark: Transaction failed with err: Rpc(Call(ErrorObject { code: ServerError(-32050), message: "Transaction timed out before reaching finality", data: None })) tx_digest=Digest("EanShayNM84dFu7gPWNHD8oeP8PEZ1TktYLTV2ekmJPg") retry_cnt=2
2026-05-20T12:40:28.520852Z ERROR iota_benchmark: Transaction failed with err: Rpc(Call(ErrorObject { code: ServerError(-32050), message: "Transaction timed out before reaching finality", data: None })) tx_digest=Digest("EsHD8CAuN6QHRactJG1ZwgRJWkTb5e1VAcBWq5nEAEWx") retry_cnt=0
2026-05-20T12:40:28.521838Z ERROR iota_benchmark: Transaction failed with err: Rpc(Call(ErrorObject { code: ServerError(-32050), message: "Transaction timed out before reaching finality", data: None })) tx_digest=Digest("B32CFvx1SQPCedJpAvsqBVLcWKKFCG8N9dqMjAx2DgXc") retry_cnt=0
2026-05-20T12:40:28.521974Z ERROR iota_benchmark: Transaction failed with err: Rpc(Call(ErrorObject { code: ServerError(-32050), message: "Transaction timed out before reaching finality", data: None })) tx_digest=Digest("5o62WDR1UELX3tpHFkvxFESg9eXefX1Zi4x8tmJE3PE6") retry_cnt=0
2026-05-20T12:40:28.522148Z ERROR iota_benchmark: Transaction failed with err: Rpc(Call(ErrorObject { code: ServerError(-32050), message: "Transaction timed out before reaching finality", data: None })) tx_digest=Digest("5R28EabkwmUuHzwV4kjxqGAjQCD7B3St1bx3MRWv3CbE") retry_cnt=0
2026-05-20T12:40:28.522574Z ERROR iota_benchmark: Transaction failed with err: Rpc(Call(ErrorObject { code: ServerError(-32050), message: "Transaction timed out before reaching finality", data: None })) tx_digest=Digest("GyDLhhmk8cTsyGcGayP4zUYguS9sLY8DXqUJNAmLnZuj") retry_cnt=0
2026-05-20T12:40:28.524328Z ERROR iota_benchmark: Transaction failed with err: Rpc(Call(ErrorObject { code: ServerError(-32050), message: "Transaction timed out before reaching finality", data: None })) tx_digest=Digest("9EKaErGHfw2vg3KWuevvGEA9qP7DEERDaKwGViXHs93d") retry_cnt=0
2026-05-20T12:40:28.525730Z ERROR iota_benchmark: Transaction failed with err: Rpc(Call(ErrorObject { code: ServerError(-32050), message: "Transaction timed out before reaching finality", data: None })) tx_digest=Digest("9UZDt5cz2EBWfUSJgiPxJTVybyp5KNLiDn96kokTkST3") retry_cnt=2
2026-05-20T12:40:28.530083Z ERROR iota_benchmark: Transaction failed with err: Rpc(Call(ErrorObject { code: ServerError(-32050), message: "Transaction timed out before reaching finality", data: None })) tx_digest=Digest("2fgA3KfCufWHCWkxabVmdvVN9CMaK9Q4s33YhQ2i9RcP") retry_cnt=2
2026-05-20T12:40:28.530101Z ERROR iota_benchmark: Transaction failed with err: Rpc(Call(ErrorObject { code: ServerError(-32050), message: "Transaction timed out before reaching finality", data: None })) tx_digest=Digest("7YgcAtJ3FVAZfY1FL7ZZhDGv2x38qms4Xhtthjm2ALGS") retry_cnt=0
2026-05-20T12:40:28.530106Z ERROR iota_benchmark: Transaction failed with err: Rpc(Call(ErrorObject { code: ServerError(-32050), message: "Transaction timed out before reaching finality", data: None })) tx_digest=Digest("ErmoEDgdn1DByQrfH2Jx3Mi4Ezx875wJqSFHdhhD5b1G") retry_cnt=0
2026-05-20T12:40:28.530128Z ERROR iota_benchmark: Transaction failed with err: Rpc(Call(ErrorObject { code: ServerError(-32050), message: "Transaction timed out before reaching finality", data: None })) tx_digest=Digest("AjEKiZXSbQSWUTxAFQePbW7dw9i1HSsvF2E23Gj5nHVY") retry_cnt=0
2026-05-20T12:40:28.548884Z ERROR iota_benchmark: Transaction failed with err: Rpc(Call(ErrorObject { code: ServerError(-32050), message: "Transaction timed out before reaching finality", data: None })) tx_digest=Digest("FNQdfShmBeQd6wcZ5Nt5SV3WzuAVTtgbzPL4WstbzYmy") retry_cnt=2
2026-05-20T12:40:28.548988Z ERROR iota_benchmark: Transaction failed with err: Rpc(Call(ErrorObject { code: ServerError(-32050), message: "Transaction timed out before reaching finality", data: None })) tx_digest=Digest("9dEedpawfBPBnvtgX1QqXUcXTs1e5R5N9DsCUZcuGXsb") retry_cnt=0
2026-05-20T12:40:28.567310Z ERROR iota_benchmark: Transaction failed with err: Rpc(Call(ErrorObject { code: ServerError(-32050), message: "Transaction timed out before reaching finality", data: None })) tx_digest=Digest("x8VQFcYHefaCNZ4xKZcN1KBxfnQHj584cBKQdkFPEWS") retry_cnt=0
2026-05-20T12:40:28.567529Z ERROR iota_benchmark: Transaction failed with err: Rpc(Call(ErrorObject { code: ServerError(-32050), message: "Transaction timed out before reaching finality", data: None })) tx_digest=Digest("FCHLhnjUtnV8KFkQxrqqPsTw5Fu7HX1g2EWuYLvAXYgY") retry_cnt=0
2026-05-20T12:40:28.595063Z ERROR iota_benchmark: Transaction failed with err: Rpc(Call(ErrorObject { code: ServerError(-32050), message: "Transaction timed out before reaching finality", data: None })) tx_digest=Digest("ED2vNs4chBQC9CBkZAgEWtKDzM4ehqRvehKKtTQpFjhx") retry_cnt=0
2026-05-20T12:40:28.646684Z ERROR iota_benchmark: Transaction failed with err: Rpc(Call(ErrorObject { code: ServerError(-32050), message: "Transaction timed out before reaching finality", data: None })) tx_digest=Digest("5d5kGhXAwtJF7v74NmfcTpiFqondapswJfSHfShpMzH6") retry_cnt=2
2026-05-20T12:40:28.646696Z ERROR iota_benchmark: Transaction failed with err: Rpc(Call(ErrorObject { code: ServerError(-32050), message: "Transaction timed out before reaching finality", data: None })) tx_digest=Digest("HCwnZ8NEEDrNtcaaMqFKcVCoAm4se7VDmJGJFswBCKT6") retry_cnt=0
2026-05-20T12:40:28.646758Z ERROR iota_benchmark: Transaction failed with err: Rpc(Call(ErrorObject { code: ServerError(-32050), message: "Transaction timed out before reaching finality", data: None })) tx_digest=Digest("BBUL2AQ1YUMhPPJMPp4exMJ6eKzhtSBqyD4fBBSVwvb2") retry_cnt=2
2026-05-20T12:40:28.646954Z ERROR iota_benchmark: Transaction failed with err: Rpc(Call(ErrorObject { code: ServerError(-32050), message: "Transaction timed out before reaching finality", data: None })) tx_digest=Digest("A799ghgTBYs6uLSPFEr3CaSppqcLfBxANhkd6RczHv8d") retry_cnt=0
2026-05-20T12:40:28.647027Z ERROR iota_benchmark: Transaction failed with err: Rpc(Call(ErrorObject { code: ServerError(-32050), message: "Transaction timed out before reaching finality", data: None })) tx_digest=Digest("6a4wdv47nGeNHEcXrZEEzyYwXavCu6SoErda5rWNGk62") retry_cnt=0
2026-05-20T12:40:28.672050Z ERROR iota_benchmark: Transaction failed with err: Rpc(Call(ErrorObject { code: ServerError(-32050), message: "Transaction timed out before reaching finality", data: None })) tx_digest=Digest("GvMHjaCv1axeRAGFjqwvhWW8EdMz32pwcwQTBUenoRYf") retry_cnt=2
2026-05-20T12:40:28.672190Z ERROR iota_benchmark: Transaction failed with err: Rpc(Call(ErrorObject { code: ServerError(-32050), message: "Transaction timed out before reaching finality", data: None })) tx_digest=Digest("DpeBMTXDQTvcYDnFUUfNr5AqmpnBZYGT9qAjLa1jA4fG") retry_cnt=2
2026-05-20T12:40:28.772454Z ERROR iota_benchmark: Transaction failed with err: Rpc(Call(ErrorObject { code: ServerError(-32050), message: "Transaction timed out before reaching finality", data: None })) tx_digest=Digest("YqVdB1JkJtLXRYjA3zW7bTvXZJDtcTBMvDvHtKMKg1A") retry_cnt=0
2026-05-20T12:40:28.772573Z ERROR iota_benchmark: Transaction failed with err: Rpc(Call(ErrorObject { code: ServerError(-32050), message: "Transaction timed out before reaching finality", data: None })) tx_digest=Digest("614vGD1meDBHafeXA1Zh5uwJZPbLfSnD79oXqrKRNP5c") retry_cnt=0
2026-05-20T12:40:28.773473Z ERROR iota_benchmark: Transaction failed with err: Rpc(Call(ErrorObject { code: ServerError(-32050), message: "Transaction timed out before reaching finality", data: None })) tx_digest=Digest("Cg3FnvG1fTVsvipqmkbZwZ87LR4XQgnjtETKsQMWAft9") retry_cnt=0
2026-05-20T12:40:28.773643Z ERROR iota_benchmark: Transaction failed with err: Rpc(Call(ErrorObject { code: ServerError(-32050), message: "Transaction timed out before reaching finality", data: None })) tx_digest=Digest("HV7zx2ybHJqqqzJQ6RSBJxZcUYbp1AJRaXmht6qgai3j") retry_cnt=0
2026-05-20T12:40:28.773756Z ERROR iota_benchmark: Transaction failed with err: Rpc(Call(ErrorObject { code: ServerError(-32050), message: "Transaction timed out before reaching finality", data: None })) tx_digest=Digest("BiAGsSp3pQNDEimgDyZvq63WBrEFE2KukhTzkXwXRdS7") retry_cnt=0
2026-05-20T12:40:28.792590Z ERROR iota_benchmark: Transaction failed with err: Rpc(Call(ErrorObject { code: ServerError(-32050), message: "Transaction timed out before reaching finality", data: None })) tx_digest=Digest("5prodC4bDqDBwcEEkZXAApGADaFXWGAAmGswFt5QVTFm") retry_cnt=0
2026-05-20T12:40:28.792711Z ERROR iota_benchmark: Transaction failed with err: Rpc(Call(ErrorObject { code: ServerError(-32050), message: "Transaction timed out before reaching finality", data: None })) tx_digest=Digest("BjGHM1E2LTBYAhZU8qY4aQJ7zyATkfT2Gs5K3A5WjyJs") retry_cnt=0
2026-05-20T12:40:28.792917Z ERROR iota_benchmark: Transaction failed with err: Rpc(Call(ErrorObject { code: ServerError(-32050), message: "Transaction timed out before reaching finality", data: None })) tx_digest=Digest("5EwviAG2D1EsTsn4WUKeDNXN1bqSwxotFotYbAr39AG8") retry_cnt=2
2026-05-20T12:40:28.792981Z ERROR iota_benchmark: Transaction failed with err: Rpc(Call(ErrorObject { code: ServerError(-32050), message: "Transaction timed out before reaching finality", data: None })) tx_digest=Digest("4E9w9ZUddxdSLLPv5maYenAK5o8MR4nGaS7EfPcVivmS") retry_cnt=0
2026-05-20T12:40:28.794081Z ERROR iota_benchmark: Transaction failed with err: Rpc(Call(ErrorObject { code: ServerError(-32050), message: "Transaction timed out before reaching finality", data: None })) tx_digest=Digest("5Q744cND9FwAzY96aaEVnhhreJqNsufVVNS1gr4oNnEc") retry_cnt=0
2026-05-20T12:40:28.794298Z ERROR iota_benchmark: Transaction failed with err: Rpc(Call(ErrorObject { code: ServerError(-32050), message: "Transaction timed out before reaching finality", data: None })) tx_digest=Digest("8t9YSJKgRwkjUaMn8sKWixvRcUsACDrufeCJpnueC1jT") retry_cnt=0
2026-05-20T12:40:28.795797Z ERROR iota_benchmark: Transaction failed with err: Rpc(Call(ErrorObject { code: ServerError(-32050), message: "Transaction timed out before reaching finality", data: None })) tx_digest=Digest("91iDow2NXcwkF42BosNatWaxy44B5Uc4TyEDXd5S5fBz") retry_cnt=0
2026-05-20T12:40:28.797686Z ERROR iota_benchmark: Transaction failed with err: Rpc(Call(ErrorObject { code: ServerError(-32050), message: "Transaction timed out before reaching finality", data: None })) tx_digest=Digest("HV4uVDTSfNRbYEuuoWSKpMw2kwdjPbikfTpKVoEH27op") retry_cnt=0
2026-05-20T12:40:28.797776Z ERROR iota_benchmark: Transaction failed with err: Rpc(Call(ErrorObject { code: ServerError(-32050), message: "Transaction timed out before reaching finality", data: None })) tx_digest=Digest("A8LjT7uH4UyjaSf4uNM1Zqrc8FckqLTT5b1r3KZx6xok") retry_cnt=0
2026-05-20T12:40:28.798786Z ERROR iota_benchmark: Transaction failed with err: Rpc(Call(ErrorObject { code: ServerError(-32050), message: "Transaction timed out before reaching finality", data: None })) tx_digest=Digest("FJ3WUhZoLuKKK1K7pzJy4EAnP6WdvhXSiASHqMGgZ9ZM") retry_cnt=0
2026-05-20T12:40:28.798928Z ERROR iota_benchmark: Transaction failed with err: Rpc(Call(ErrorObject { code: ServerError(-32050), message: "Transaction timed out before reaching finality", data: None })) tx_digest=Digest("7xx1nJb89VhVbczNvgwSowcLUQfvfKo7Mgitzd8wnVzX") retry_cnt=0
2026-05-20T12:40:28.800693Z ERROR iota_benchmark: Transaction failed with err: Rpc(Call(ErrorObject { code: ServerError(-32050), message: "Transaction timed out before reaching finality", data: None })) tx_digest=Digest("DS8qutpqT79cgdv5GUCUzBqQMCE3VvFdAGXk5Us1aoQj") retry_cnt=0
2026-05-20T12:40:28.800755Z ERROR iota_benchmark: Transaction failed with err: Rpc(Call(ErrorObject { code: ServerError(-32050), message: "Transaction timed out before reaching finality", data: None })) tx_digest=Digest("HRMP6GAy3dqsNSgyoM1dGeSTu1VT9P9ZM5gShV7Ru3mM") retry_cnt=0
2026-05-20T12:40:28.806510Z ERROR iota_benchmark: Transaction failed with err: Rpc(Call(ErrorObject { code: ServerError(-32050), message: "Transaction timed out before reaching finality", data: None })) tx_digest=Digest("7f3LEp4iMrTFvxKScScHzchwLhdZC4QZfqFNnRa1hNvB") retry_cnt=2
2026-05-20T12:40:28.813172Z ERROR iota_benchmark: Transaction failed with err: Rpc(Call(ErrorObject { code: ServerError(-32050), message: "Transaction timed out before reaching finality", data: None })) tx_digest=Digest("5JjSwuGyWsnL4q21S9U93GyXaBM9s5BCDgkesZ6JkySt") retry_cnt=0
2026-05-20T12:40:28.813251Z ERROR iota_benchmark: Transaction failed with err: Rpc(Call(ErrorObject { code: ServerError(-32050), message: "Transaction timed out before reaching finality", data: None })) tx_digest=Digest("87iiL6ndxHgKhmxwhgnpyNSDcHrksj72Dcx59eLCRv2B") retry_cnt=0
2026-05-20T12:40:28.814485Z ERROR iota_benchmark: Transaction failed with err: Rpc(Call(ErrorObject { code: ServerError(-32050), message: "Transaction timed out before reaching finality", data: None })) tx_digest=Digest("AgVCNuKD1swbZcE5nRoou9Fate6Eva2yjoyRMRqDp2nQ") retry_cnt=0
2026-05-20T12:40:28.815562Z ERROR iota_benchmark: Transaction failed with err: Rpc(Call(ErrorObject { code: ServerError(-32050), message: "Transaction timed out before reaching finality", data: None })) tx_digest=Digest("6LWdso5BVrxRdo9b1hrJ3wkymTMCnzHeWyzLCrewEEoF") retry_cnt=0
2026-05-20T12:40:28.815615Z ERROR iota_benchmark: Transaction failed with err: Rpc(Call(ErrorObject { code: ServerError(-32050), message: "Transaction timed out before reaching finality", data: None })) tx_digest=Digest("EkB2f1zZEhwbP9Shm8JejxHMayNhzpxuuh5d4sH4Xmsz") retry_cnt=0
2026-05-20T12:40:28.815645Z ERROR iota_benchmark: Transaction failed with err: Rpc(Call(ErrorObject { code: ServerError(-32050), message: "Transaction timed out before reaching finality", data: None })) tx_digest=Digest("95QRfDwFX9LMaRkoSraGj2S7MFSzx18BQ96kBSA9jabV") retry_cnt=0
2026-05-20T12:40:28.816494Z ERROR iota_benchmark: Transaction failed with err: Rpc(Call(ErrorObject { code: ServerError(-32050), message: "Transaction timed out before reaching finality", data: None })) tx_digest=Digest("4K6x8xBi2x1c2b8Zk7uQfMmtkAidwZYCH7HYLfJxqcD3") retry_cnt=0
2026-05-20T12:40:28.816516Z ERROR iota_benchmark: Transaction failed with err: Rpc(Call(ErrorObject { code: ServerError(-32050), message: "Transaction timed out before reaching finality", data: None })) tx_digest=Digest("2Bfkx2T4fZNzGcWqQmHnAWQGpwhtcw5FTL28wM1XFtFb") retry_cnt=0
2026-05-20T12:40:28.816559Z ERROR iota_benchmark: Transaction failed with err: Rpc(Call(ErrorObject { code: ServerError(-32050), message: "Transaction timed out before reaching finality", data: None })) tx_digest=Digest("CqngG5pNd6pqgyzU3SD5MMi8r46Ei1CknK1emmehKRxw") retry_cnt=0
2026-05-20T12:40:28.816559Z ERROR iota_benchmark: Transaction failed with err: Rpc(Call(ErrorObject { code: ServerError(-32050), message: "Transaction timed out before reaching finality", data: None })) tx_digest=Digest("BBLLFFxqBywixDF8k9xEAqBiC8KWaEgp4MzdAGGPsAAN") retry_cnt=0
2026-05-20T12:40:28.816719Z ERROR iota_benchmark: Transaction failed with err: Rpc(Call(ErrorObject { code: ServerError(-32050), message: "Transaction timed out before reaching finality", data: None })) tx_digest=Digest("Aw4BVmFaVvmNPXzuXYgpNUCyXdV1snV47gb7goJBNwbT") retry_cnt=0
2026-05-20T12:40:28.816832Z ERROR iota_benchmark: Transaction failed with err: Rpc(Call(ErrorObject { code: ServerError(-32050), message: "Transaction timed out before reaching finality", data: None })) tx_digest=Digest("BeKAXf6CvZsVrq8kZnTVnaD2PbNycLZFqo6zHibnHs3S") retry_cnt=0
2026-05-20T12:40:28.817341Z ERROR iota_benchmark: Transaction failed with err: Rpc(Call(ErrorObject { code: ServerError(-32050), message: "Transaction timed out before reaching finality", data: None })) tx_digest=Digest("6bsXES7dJErFRA6CRESnTb5E4QCu3c6hgvDeNxg6XG1x") retry_cnt=0
2026-05-20T12:40:28.817421Z ERROR iota_benchmark: Transaction failed with err: Rpc(Call(ErrorObject { code: ServerError(-32050), message: "Transaction timed out before reaching finality", data: None })) tx_digest=Digest("8wCaxeZ1NhBuv4Kb8inVL33HL53zeGZ9BJMg25GgV8ac") retry_cnt=0
2026-05-20T12:40:28.817426Z ERROR iota_benchmark: Transaction failed with err: Rpc(Call(ErrorObject { code: ServerError(-32050), message: "Transaction timed out before reaching finality", data: None })) tx_digest=Digest("6p2q7hD2FQQ5ycydAJWB7eDVwhMJxPCL3deyRzrtSbiv") retry_cnt=0
2026-05-20T12:40:28.817434Z ERROR iota_benchmark: Transaction failed with err: Rpc(Call(ErrorObject { code: ServerError(-32050), message: "Transaction timed out before reaching finality", data: None })) tx_digest=Digest("6iQg1Ykt5jP94YqjWRgtbrUfo57jyjsNfSTXqcmx68dD") retry_cnt=0
2026-05-20T12:40:28.817860Z ERROR iota_benchmark: Transaction failed with err: Rpc(Call(ErrorObject { code: ServerError(-32050), message: "Transaction timed out before reaching finality", data: None })) tx_digest=Digest("7FS69hepLR5aDv23WnQfUBmemm9hKPnAvnaKzKuLZwbZ") retry_cnt=0
2026-05-20T12:40:28.818658Z ERROR iota_benchmark: Transaction failed with err: Rpc(Call(ErrorObject { code: ServerError(-32050), message: "Transaction timed out before reaching finality", data: None })) tx_digest=Digest("BDDYC7W2Yj26fnu6bVTx3zrMpG8X7TZHcoiQ4K7xqbvB") retry_cnt=0
2026-05-20T12:40:28.819134Z ERROR iota_benchmark: Transaction failed with err: Rpc(Call(ErrorObject { code: ServerError(-32050), message: "Transaction timed out before reaching finality", data: None })) tx_digest=Digest("F9inv48LsP86eppxKt1kWrtC2jZct8sYFfCEaSs86Mzz") retry_cnt=0
2026-05-20T12:40:28.819204Z ERROR iota_benchmark: Transaction failed with err: Rpc(Call(ErrorObject { code: ServerError(-32050), message: "Transaction timed out before reaching finality", data: None })) tx_digest=Digest("E4hgG3VE5GjaNW9RH5VMFSEhron21PHfx5JvfgzZK1Sb") retry_cnt=0
2026-05-20T12:40:28.819358Z ERROR iota_benchmark: Transaction failed with err: Rpc(Call(ErrorObject { code: ServerError(-32050), message: "Transaction timed out before reaching finality", data: None })) tx_digest=Digest("4hMDgkyvn4zeBTfG7NA1p58f2T5zfrho73NTS6xCm26N") retry_cnt=0
2026-05-20T12:40:28.819576Z ERROR iota_benchmark: Transaction failed with err: Rpc(Call(ErrorObject { code: ServerError(-32050), message: "Transaction timed out before reaching finality", data: None })) tx_digest=Digest("9C7NYGXKjXrMoQDj6RXaPswYKRvCEJnGGK3bT67GM5Xn") retry_cnt=0
2026-05-20T12:40:28.819580Z ERROR iota_benchmark: Transaction failed with err: Rpc(Call(ErrorObject { code: ServerError(-32050), message: "Transaction timed out before reaching finality", data: None })) tx_digest=Digest("JBmupiajzrAM34gsC6uogjkZnAWuQqWn9MdZyrDiAxpF") retry_cnt=0
2026-05-20T12:40:28.820038Z ERROR iota_benchmark: Transaction failed with err: Rpc(Call(ErrorObject { code: ServerError(-32050), message: "Transaction timed out before reaching finality", data: None })) tx_digest=Digest("Cq21XRrFkX4VVWtgUQw8xPedXKpQcW75h1EHqPzyD1QE") retry_cnt=0
2026-05-20T12:40:28.820660Z ERROR iota_benchmark: Transaction failed with err: Rpc(Call(ErrorObject { code: ServerError(-32050), message: "Transaction timed out before reaching finality", data: None })) tx_digest=Digest("6ykorSoiTcQcnTWDUHTVKftnAuc5WxupAi514VES53Uc") retry_cnt=0
2026-05-20T12:40:28.820813Z ERROR iota_benchmark: Transaction failed with err: Rpc(Call(ErrorObject { code: ServerError(-32050), message: "Transaction timed out before reaching finality", data: None })) tx_digest=Digest("9sKASYDdJrkY13zqQRGxy28gtWdUWAXUcWdzRabL2CTt") retry_cnt=0
2026-05-20T12:40:28.821226Z ERROR iota_benchmark: Transaction failed with err: Rpc(Call(ErrorObject { code: ServerError(-32050), message: "Transaction timed out before reaching finality", data: None })) tx_digest=Digest("HiL3USr8eEc6dAY2iTqhC7Dhjas4Uoq8wjSK6sSucU5D") retry_cnt=0
2026-05-20T12:40:28.821431Z ERROR iota_benchmark: Transaction failed with err: Rpc(Call(ErrorObject { code: ServerError(-32050), message: "Transaction timed out before reaching finality", data: None })) tx_digest=Digest("9iRcQrjEyWycGALUfHmS5hwKzPNghUYSmmBK4G31xoi4") retry_cnt=0
2026-05-20T12:40:28.821914Z ERROR iota_benchmark: Transaction failed with err: Rpc(Call(ErrorObject { code: ServerError(-32050), message: "Transaction timed out before reaching finality", data: None })) tx_digest=Digest("4f3kcNfiThVTEdaU5AiVKdNgJbEgBe7JgFAsGLDmQ4D3") retry_cnt=0
2026-05-20T12:40:28.822155Z ERROR iota_benchmark: Transaction failed with err: Rpc(Call(ErrorObject { code: ServerError(-32050), message: "Transaction timed out before reaching finality", data: None })) tx_digest=Digest("DHxJMUuxs76vp1FPdW7nvNCQQMviidMpw45HYgNifDr4") retry_cnt=0
2026-05-20T12:40:28.822617Z ERROR iota_benchmark: Transaction failed with err: Rpc(Call(ErrorObject { code: ServerError(-32050), message: "Transaction timed out before reaching finality", data: None })) tx_digest=Digest("fXQnCNagtrWXjK8WhhQnu42z3tGMv2zTnejX91zDsVi") retry_cnt=0
2026-05-20T12:40:28.825715Z ERROR iota_benchmark: Transaction failed with err: Rpc(Call(ErrorObject { code: ServerError(-32050), message: "Transaction timed out before reaching finality", data: None })) tx_digest=Digest("5HbRjdXucpX8KVAu8G7b4jBKKYgnEWrKjZ82GfquW5JK") retry_cnt=2
2026-05-20T12:40:28.903155Z ERROR iota_benchmark: Transaction failed with err: Rpc(Call(ErrorObject { code: ServerError(-32050), message: "Transaction timed out before reaching finality", data: None })) tx_digest=Digest("DqXhhmuhXBKFmHSdUkFrA89E8LmCsgrr5iUgyjwK6NJE") retry_cnt=0
2026-05-20T12:40:28.913720Z ERROR iota_benchmark: Transaction failed with err: Rpc(Call(ErrorObject { code: ServerError(-32050), message: "Transaction timed out before reaching finality", data: None })) tx_digest=Digest("E92LkFri2J5GK9xkyFiRKQyyqXCzLXUqpDwwrtXN4s8Y") retry_cnt=0
2026-05-20T12:40:28.913952Z ERROR iota_benchmark: Transaction failed with err: Rpc(Call(ErrorObject { code: ServerError(-32050), message: "Transaction timed out before reaching finality", data: None })) tx_digest=Digest("D8XgCjp7Ar28n12r2NDxmqDJ9xQD8ppMGrTnPScYKnvN") retry_cnt=0
2026-05-20T12:40:28.914159Z ERROR iota_benchmark: Transaction failed with err: Rpc(Call(ErrorObject { code: ServerError(-32050), message: "Transaction timed out before reaching finality", data: None })) tx_digest=Digest("D6kH9fNaYT6zPN7YpXaCWY5v7yUN8CY7qPNLphYJEpbr") retry_cnt=2
2026-05-20T12:40:28.914979Z ERROR iota_benchmark: Transaction failed with err: Rpc(Call(ErrorObject { code: ServerError(-32050), message: "Transaction timed out before reaching finality", data: None })) tx_digest=Digest("36J332vpxpNH8kHsBuS49E3XtvzoY65aR4fhiVYSZHbA") retry_cnt=2
2026-05-20T12:40:28.915382Z ERROR iota_benchmark: Transaction failed with err: Rpc(Call(ErrorObject { code: ServerError(-32050), message: "Transaction timed out before reaching finality", data: None })) tx_digest=Digest("GVWaMSUNoxPA2YtztcAJKHfV2dy5DA5hLBzPmarGEXYf") retry_cnt=0
2026-05-20T12:40:28.915567Z ERROR iota_benchmark: Transaction failed with err: Rpc(Call(ErrorObject { code: ServerError(-32050), message: "Transaction timed out before reaching finality", data: None })) tx_digest=Digest("EK5fr1YHYtzmPG3DZJS3TVsjqvjYa2woiKCGo1W9MRj9") retry_cnt=0
2026-05-20T12:40:28.915791Z ERROR iota_benchmark: Transaction failed with err: Rpc(Call(ErrorObject { code: ServerError(-32050), message: "Transaction timed out before reaching finality", data: None })) tx_digest=Digest("DtRAEq4nctvkN631GRBNJBGMf97NZkuTT9dvMbyKcCFa") retry_cnt=2
2026-05-20T12:40:28.917769Z ERROR iota_benchmark: Transaction failed with err: Rpc(Call(ErrorObject { code: ServerError(-32050), message: "Transaction timed out before reaching finality", data: None })) tx_digest=Digest("wXVwUwTrjEn9Nn4z6JTj5FJ6kGvFiRyFpaKq4NKkBcS") retry_cnt=0
2026-05-20T12:40:28.919097Z ERROR iota_benchmark: Transaction failed with err: Rpc(Call(ErrorObject { code: ServerError(-32050), message: "Transaction timed out before reaching finality", data: None })) tx_digest=Digest("Cx3o52NiVAuBu8vA2A3zTpnsh9Wgnkeisb3wZvGvvw8q") retry_cnt=0
2026-05-20T12:40:28.921950Z ERROR iota_benchmark: Transaction failed with err: Rpc(Call(ErrorObject { code: ServerError(-32050), message: "Transaction timed out before reaching finality", data: None })) tx_digest=Digest("37jv3W1zFxApPp5Ns8PYsyyTpxT8tyy6a5MzEvQaP64G") retry_cnt=2
2026-05-20T12:40:28.922141Z ERROR iota_benchmark: Transaction failed with err: Rpc(Call(ErrorObject { code: ServerError(-32050), message: "Transaction timed out before reaching finality", data: None })) tx_digest=Digest("9Ana2eEP5iCFLJpUEgw8CTDPhDXNq27Ethw3hu5m9bzQ") retry_cnt=0
2026-05-20T12:40:28.922199Z ERROR iota_benchmark: Transaction failed with err: Rpc(Call(ErrorObject { code: ServerError(-32050), message: "Transaction timed out before reaching finality", data: None })) tx_digest=Digest("GEv7uW7C3k6rw18FtRhXEwhyzLtkH5FSawKdM9GUwtez") retry_cnt=0
2026-05-20T12:40:28.923158Z ERROR iota_benchmark: Transaction failed with err: Rpc(Call(ErrorObject { code: ServerError(-32050), message: "Transaction timed out before reaching finality", data: None })) tx_digest=Digest("ALX5sbVRd53UH8P5hXeDxnR9dCtbWoNe4dNfRAfLL5t4") retry_cnt=2
2026-05-20T12:40:28.923939Z ERROR iota_benchmark: Transaction failed with err: Rpc(Call(ErrorObject { code: ServerError(-32050), message: "Transaction timed out before reaching finality", data: None })) tx_digest=Digest("3dKYGNLzqFFN7L982mqiDzEepwN64pY4ajT3a5xwFsoV") retry_cnt=0
2026-05-20T12:40:28.924586Z ERROR iota_benchmark: Transaction failed with err: Rpc(Call(ErrorObject { code: ServerError(-32050), message: "Transaction timed out before reaching finality", data: None })) tx_digest=Digest("HfBV6WVa5veYXx34ENfEMYa5X29KfED2t1prgSDfMAbR") retry_cnt=0
2026-05-20T12:40:28.924748Z ERROR iota_benchmark: Transaction failed with err: Rpc(Call(ErrorObject { code: ServerError(-32050), message: "Transaction timed out before reaching finality", data: None })) tx_digest=Digest("mUo9Y9kgFgd69TBQGURRvEAMvBRS8aJ34yoaEcfPQCE") retry_cnt=2
2026-05-20T12:40:28.924927Z ERROR iota_benchmark: Transaction failed with err: Rpc(Call(ErrorObject { code: ServerError(-32050), message: "Transaction timed out before reaching finality", data: None })) tx_digest=Digest("DjKrr9eAq2WCjZwPAqwwYyDub6baGH68P5ZydQyeao48") retry_cnt=2
2026-05-20T12:40:28.925491Z ERROR iota_benchmark: Transaction failed with err: Rpc(Call(ErrorObject { code: ServerError(-32050), message: "Transaction timed out before reaching finality", data: None })) tx_digest=Digest("Gg2YpztrvmDb1CikUeyTHf5XXBY4oy1oVm2spTnymm7L") retry_cnt=0
2026-05-20T12:40:28.925875Z ERROR iota_benchmark: Transaction failed with err: Rpc(Call(ErrorObject { code: ServerError(-32050), message: "Transaction timed out before reaching finality", data: None })) tx_digest=Digest("7cSuvF3CKfopxCQVYMi2qzf6WW2DMEj7JU2DZDRDtBwB") retry_cnt=2
2026-05-20T12:40:28.925946Z ERROR iota_benchmark: Transaction failed with err: Rpc(Call(ErrorObject { code: ServerError(-32050), message: "Transaction timed out before reaching finality", data: None })) tx_digest=Digest("91YxgU1FYNMHkRpZqcqYsPicX51wRJ4QwZisEQu1ckoC") retry_cnt=0
2026-05-20T12:40:28.926150Z ERROR iota_benchmark: Transaction failed with err: Rpc(Call(ErrorObject { code: ServerError(-32050), message: "Transaction timed out before reaching finality", data: None })) tx_digest=Digest("5AGXDUqZCpQwWHiQZPe4ZZPWJPpYtAexP7XSV3JULmZd") retry_cnt=0
2026-05-20T12:40:28.926243Z ERROR iota_benchmark: Transaction failed with err: Rpc(Call(ErrorObject { code: ServerError(-32050), message: "Transaction timed out before reaching finality", data: None })) tx_digest=Digest("5C1GdEwLDUU3iboEQjUmQvZ3aGoUY7qYrBzRQVUzK3gv") retry_cnt=0
2026-05-20T12:40:28.926540Z ERROR iota_benchmark: Transaction failed with err: Rpc(Call(ErrorObject { code: ServerError(-32050), message: "Transaction timed out before reaching finality", data: None })) tx_digest=Digest("9qVUmGWBVYri5yJQqqzDubMKggegUZ5e7XXFsATaUiAU") retry_cnt=0
2026-05-20T12:40:28.926594Z ERROR iota_benchmark: Transaction failed with err: Rpc(Call(ErrorObject { code: ServerError(-32050), message: "Transaction timed out before reaching finality", data: None })) tx_digest=Digest("B2av5K91CQ4Tcho2gQcFPjpNWmHbLVJBhuaCy3zsN5th") retry_cnt=0
2026-05-20T12:40:28.926811Z ERROR iota_benchmark: Transaction failed with err: Rpc(Call(ErrorObject { code: ServerError(-32050), message: "Transaction timed out before reaching finality", data: None })) tx_digest=Digest("5z8L5mFP2JY8HxnHmK1PdiQKpviumUw9L3ZrnuF7bP3w") retry_cnt=0
2026-05-20T12:40:28.927006Z ERROR iota_benchmark: Transaction failed with err: Rpc(Call(ErrorObject { code: ServerError(-32050), message: "Transaction timed out before reaching finality", data: None })) tx_digest=Digest("GWJbTaRmyR61H6E9nZTcruAgJioJxkM8hycevMpCLnwm") retry_cnt=0
2026-05-20T12:40:28.927582Z ERROR iota_benchmark: Transaction failed with err: Rpc(Call(ErrorObject { code: ServerError(-32050), message: "Transaction timed out before reaching finality", data: None })) tx_digest=Digest("Ap459xwkuLGPaRx9zq9XEdPJwWcyFEu9oTZwczqzTTM6") retry_cnt=0
2026-05-20T12:40:28.927868Z ERROR iota_benchmark: Transaction failed with err: Rpc(Call(ErrorObject { code: ServerError(-32050), message: "Transaction timed out before reaching finality", data: None })) tx_digest=Digest("9KyoiAfJpKzRKAAW37XX3eLHCtZtd8ThFvbo9VrxZxAV") retry_cnt=0
2026-05-20T12:40:28.928036Z ERROR iota_benchmark: Transaction failed with err: Rpc(Call(ErrorObject { code: ServerError(-32050), message: "Transaction timed out before reaching finality", data: None })) tx_digest=Digest("BBe6so1TWRhKFtuP52jiieyeLp6dtaTsUhy7P1F24B2E") retry_cnt=0
2026-05-20T12:40:28.928799Z ERROR iota_benchmark: Transaction failed with err: Rpc(Call(ErrorObject { code: ServerError(-32050), message: "Transaction timed out before reaching finality", data: None })) tx_digest=Digest("HH5GgK1GTqVYd3iW36MmrKp9xJPSchhJFqruhazg1NbF") retry_cnt=0
2026-05-20T12:40:28.929298Z ERROR iota_benchmark: Transaction failed with err: Rpc(Call(ErrorObject { code: ServerError(-32050), message: "Transaction timed out before reaching finality", data: None })) tx_digest=Digest("GMiEbTWAn7JN83WX6wDsc91ubVBDFoEjPib9dATmEJEZ") retry_cnt=0
2026-05-20T12:40:28.929572Z ERROR iota_benchmark: Transaction failed with err: Rpc(Call(ErrorObject { code: ServerError(-32050), message: "Transaction timed out before reaching finality", data: None })) tx_digest=Digest("A8AZEiqMTU7ccoTXJbE3f1xvT687zmmVF5EvJFzQB4a6") retry_cnt=0
2026-05-20T12:40:28.930001Z ERROR iota_benchmark: Transaction failed with err: Rpc(Call(ErrorObject { code: ServerError(-32050), message: "Transaction timed out before reaching finality", data: None })) tx_digest=Digest("CzxgpcY6PZYsXmUpJNtwox4rqfFB8p2zMEo4MG22F6NH") retry_cnt=2
2026-05-20T12:40:28.930284Z ERROR iota_benchmark: Transaction failed with err: Rpc(Call(ErrorObject { code: ServerError(-32050), message: "Transaction timed out before reaching finality", data: None })) tx_digest=Digest("HAp64ywvBnjig6STvtJcaZ8ye3JuBn2Ty6eKpFDMzDDQ") retry_cnt=0
2026-05-20T12:40:28.930467Z ERROR iota_benchmark: Transaction failed with err: Rpc(Call(ErrorObject { code: ServerError(-32050), message: "Transaction timed out before reaching finality", data: None })) tx_digest=Digest("3zVpUpFYV6njKTX2FABtrXTe88PLasBD1zLpu6WrseA7") retry_cnt=0
2026-05-20T12:40:28.931001Z ERROR iota_benchmark: Transaction failed with err: Rpc(Call(ErrorObject { code: ServerError(-32050), message: "Transaction timed out before reaching finality", data: None })) tx_digest=Digest("BWBdCq6jPKoHsJ76mb5q9JcWbv58epaBeCZVY4hnGWLi") retry_cnt=0
2026-05-20T12:40:28.934158Z ERROR iota_benchmark: Transaction failed with err: Rpc(Call(ErrorObject { code: ServerError(-32050), message: "Transaction timed out before reaching finality", data: None })) tx_digest=Digest("DJBdzjq4icUkodxaWBaLkt1oiWRVB1bQN12Gf6GJJdGs") retry_cnt=2
2026-05-20T12:40:28.934308Z ERROR iota_benchmark: Transaction failed with err: Rpc(Call(ErrorObject { code: ServerError(-32050), message: "Transaction timed out before reaching finality", data: None })) tx_digest=Digest("A2ZVMjWpKVi2ndX3zT3NEiwpWzNvNoEtzk1XjGHpwMTf") retry_cnt=2
2026-05-20T12:40:28.934353Z ERROR iota_benchmark: Transaction failed with err: Rpc(Call(ErrorObject { code: ServerError(-32050), message: "Transaction timed out before reaching finality", data: None })) tx_digest=Digest("7hgJCpimTBpxJZHSNBHtbG2hSCdSvTtw5pUnkxqD4Ju4") retry_cnt=0
2026-05-20T12:40:28.934359Z ERROR iota_benchmark: Transaction failed with err: Rpc(Call(ErrorObject { code: ServerError(-32050), message: "Transaction timed out before reaching finality", data: None })) tx_digest=Digest("AttyzMQKUF4ztd7zqXWkouGbjs4JXZk3p63NNncdrxMN") retry_cnt=2
2026-05-20T12:40:28.934365Z ERROR iota_benchmark: Transaction failed with err: Rpc(Call(ErrorObject { code: ServerError(-32050), message: "Transaction timed out before reaching finality", data: None })) tx_digest=Digest("ExAqkP5rRMEsB2MrwqhEih3HFXWsgB8dGzMVybtLooUq") retry_cnt=0
2026-05-20T12:40:28.935922Z ERROR iota_benchmark: Transaction failed with err: Rpc(Call(ErrorObject { code: ServerError(-32050), message: "Transaction timed out before reaching finality", data: None })) tx_digest=Digest("3zZ6GP4DtHvyay76yhGPJZG4d7bKxZwXTbFoNLCJpbPZ") retry_cnt=0
2026-05-20T12:40:28.935985Z ERROR iota_benchmark: Transaction failed with err: Rpc(Call(ErrorObject { code: ServerError(-32050), message: "Transaction timed out before reaching finality", data: None })) tx_digest=Digest("9w42puL8sEGXFtWP2WuSRS2xyHuAm1g8h84F9pJF9GQU") retry_cnt=0
2026-05-20T12:40:28.936155Z ERROR iota_benchmark: Transaction failed with err: Rpc(Call(ErrorObject { code: ServerError(-32050), message: "Transaction timed out before reaching finality", data: None })) tx_digest=Digest("3utFjQ9pQr68S5k8WCw3AuDPUq5nReK8aZSvbJfFUHhi") retry_cnt=0
2026-05-20T12:40:28.936590Z ERROR iota_benchmark: Transaction failed with err: Rpc(Call(ErrorObject { code: ServerError(-32050), message: "Transaction timed out before reaching finality", data: None })) tx_digest=Digest("CXdszX8NnVwB49Z87fCpLXWa55cdss12ayrnpRh6fK3x") retry_cnt=0
2026-05-20T12:40:28.936840Z ERROR iota_benchmark: Transaction failed with err: Rpc(Call(ErrorObject { code: ServerError(-32050), message: "Transaction timed out before reaching finality", data: None })) tx_digest=Digest("DUFUNywnwTbMUiwhTKHc2m7Z3ESZiFdvxmPEJ82hbkUw") retry_cnt=0
2026-05-20T12:40:28.936990Z ERROR iota_benchmark: Transaction failed with err: Rpc(Call(ErrorObject { code: ServerError(-32050), message: "Transaction timed out before reaching finality", data: None })) tx_digest=Digest("FEpRHpB6d8vdvHY2CbwkhAnVpxKgqyyhQjCDzK6DZjHi") retry_cnt=0
2026-05-20T12:40:28.937285Z ERROR iota_benchmark: Transaction failed with err: Rpc(Call(ErrorObject { code: ServerError(-32050), message: "Transaction timed out before reaching finality", data: None })) tx_digest=Digest("EgA5PPPF84kqDevc66QgoHA6sFR6ic82oWQ7f4E4EoPY") retry_cnt=0
2026-05-20T12:40:28.937581Z ERROR iota_benchmark: Transaction failed with err: Rpc(Call(ErrorObject { code: ServerError(-32050), message: "Transaction timed out before reaching finality", data: None })) tx_digest=Digest("8BJRs3wvmupQ1yJg9Vefui5VimFBcgPK5RZ2bgdybR22") retry_cnt=0
2026-05-20T12:40:28.937705Z ERROR iota_benchmark: Transaction failed with err: Rpc(Call(ErrorObject { code: ServerError(-32050), message: "Transaction timed out before reaching finality", data: None })) tx_digest=Digest("Hi9gyWHKac2PLcwYzjCpFbyfzT6nwF6QKPdx2JPaQiWx") retry_cnt=2
2026-05-20T12:40:28.937873Z ERROR iota_benchmark: Transaction failed with err: Rpc(Call(ErrorObject { code: ServerError(-32050), message: "Transaction timed out before reaching finality", data: None })) tx_digest=Digest("FhhLX3Go3Tj4V7QqKfA1iaGHDR95hV5JaaJ4uLjCBfMi") retry_cnt=0
2026-05-20T12:40:28.938187Z ERROR iota_benchmark: Transaction failed with err: Rpc(Call(ErrorObject { code: ServerError(-32050), message: "Transaction timed out before reaching finality", data: None })) tx_digest=Digest("AYhuqcp5APDMyFZ39wZWA7BKBJQwcHk6d223B5bXYWP7") retry_cnt=0
2026-05-20T12:40:28.938978Z ERROR iota_benchmark: Transaction failed with err: Rpc(Call(ErrorObject { code: ServerError(-32050), message: "Transaction timed out before reaching finality", data: None })) tx_digest=Digest("6gs8Y4o71GaJaxesgNjPkRFoxBwNRvHt11q3JTv7jCNa") retry_cnt=0
2026-05-20T12:40:28.939987Z ERROR iota_benchmark: Transaction failed with err: Rpc(Call(ErrorObject { code: ServerError(-32050), message: "Transaction timed out before reaching finality", data: None })) tx_digest=Digest("EvjdrCf287HdWH8pjbxLkLJ9ae7xUrNvbrz5QGr6w17z") retry_cnt=0
2026-05-20T12:40:28.940466Z ERROR iota_benchmark: Transaction failed with err: Rpc(Call(ErrorObject { code: ServerError(-32050), message: "Transaction timed out before reaching finality", data: None })) tx_digest=Digest("7LD6Dbn5dBix2uoXekiR6cBqPdCgTbrGkoFVBkwqGWva") retry_cnt=0
2026-05-20T12:40:28.943254Z ERROR iota_benchmark: Transaction failed with err: Rpc(Call(ErrorObject { code: ServerError(-32050), message: "Transaction timed out before reaching finality", data: None })) tx_digest=Digest("Htd2xRcqYgUNF8es532Y8N1cQiHvfKk9Q2K9kdDLH6eN") retry_cnt=0
2026-05-20T12:40:28.943322Z ERROR iota_benchmark: Transaction failed with err: Rpc(Call(ErrorObject { code: ServerError(-32050), message: "Transaction timed out before reaching finality", data: None })) tx_digest=Digest("HgxXB7x67Mb3XDDiJdQmKFJLS6JcrDa5sKBhgy3J1XBW") retry_cnt=2
2026-05-20T12:40:28.943335Z ERROR iota_benchmark: Transaction failed with err: Rpc(Call(ErrorObject { code: ServerError(-32050), message: "Transaction timed out before reaching finality", data: None })) tx_digest=Digest("HZoc6gi5D8H8UGEaNPyJL8YHoMx6QZrULg4Qntq1V9d2") retry_cnt=0
2026-05-20T12:40:28.943282Z ERROR iota_benchmark: Transaction failed with err: Rpc(Call(ErrorObject { code: ServerError(-32050), message: "Transaction timed out before reaching finality", data: None })) tx_digest=Digest("4X3b63F6jX4QZZLzw3tojiCXS1tm9sMosGJEALCbhB6K") retry_cnt=2
2026-05-20T12:40:28.943405Z ERROR iota_benchmark: Transaction failed with err: Rpc(Call(ErrorObject { code: ServerError(-32050), message: "Transaction timed out before reaching finality", data: None })) tx_digest=Digest("ChJAg1oCQMououTF8Wq41AtWKue2fzafvejwsmD3ySiN") retry_cnt=0
2026-05-20T12:40:28.943592Z ERROR iota_benchmark: Transaction failed with err: Rpc(Call(ErrorObject { code: ServerError(-32050), message: "Transaction timed out before reaching finality", data: None })) tx_digest=Digest("5WTJKMrss6iEw5DXz1R8CeZ7H7TL3xy8CX4jEZodD8TJ") retry_cnt=0
2026-05-20T12:40:28.943636Z ERROR iota_benchmark: Transaction failed with err: Rpc(Call(ErrorObject { code: ServerError(-32050), message: "Transaction timed out before reaching finality", data: None })) tx_digest=Digest("CU3LGFbiHUEg5DGpWo8kXkZ8rRXJmd6kUuyvRSmFDTtX") retry_cnt=0
2026-05-20T12:40:28.944294Z ERROR iota_benchmark: Transaction failed with err: Rpc(Call(ErrorObject { code: ServerError(-32050), message: "Transaction timed out before reaching finality", data: None })) tx_digest=Digest("Gqj1EfeAviLST54iGFej3krht7dbBmLMpAfxefw8RBdL") retry_cnt=2
2026-05-20T12:40:28.944578Z ERROR iota_benchmark: Transaction failed with err: Rpc(Call(ErrorObject { code: ServerError(-32050), message: "Transaction timed out before reaching finality", data: None })) tx_digest=Digest("HLWJgqCJFDao4fpH4gVERBpjvA3VuEFuXtyivUEBxgjU") retry_cnt=0
2026-05-20T12:40:28.944642Z ERROR iota_benchmark: Transaction failed with err: Rpc(Call(ErrorObject { code: ServerError(-32050), message: "Transaction timed out before reaching finality", data: None })) tx_digest=Digest("AnQQtKiKnSjsvrniBoHxdEUciawwwaay5Ead7JHbr1v2") retry_cnt=2
2026-05-20T12:40:28.944807Z ERROR iota_benchmark: Transaction failed with err: Rpc(Call(ErrorObject { code: ServerError(-32050), message: "Transaction timed out before reaching finality", data: None })) tx_digest=Digest("DsyUeL7r2tM7kqUss7Qhen6BN2anND8AJLwg7x8r1ttG") retry_cnt=0
2026-05-20T12:40:28.945481Z ERROR iota_benchmark: Transaction failed with err: Rpc(Call(ErrorObject { code: ServerError(-32050), message: "Transaction timed out before reaching finality", data: None })) tx_digest=Digest("6dgGsYDRJuZwzzCxpCc1tCpnKRWdXMwradjDKXVuZp7r") retry_cnt=0
2026-05-20T12:40:28.945757Z ERROR iota_benchmark: Transaction failed with err: Rpc(Call(ErrorObject { code: ServerError(-32050), message: "Transaction timed out before reaching finality", data: None })) tx_digest=Digest("86MeXbqyrrSNLG53N6XfCgfCoZzvZi1ESFS7nJrQA2PS") retry_cnt=0
2026-05-20T12:40:28.945959Z ERROR iota_benchmark: Transaction failed with err: Rpc(Call(ErrorObject { code: ServerError(-32050), message: "Transaction timed out before reaching finality", data: None })) tx_digest=Digest("3jVAEFADsPwkM4zZxWC2SrZxZcdthpf6nBGvct2cPF99") retry_cnt=0
2026-05-20T12:40:28.946050Z ERROR iota_benchmark: Transaction failed with err: Rpc(Call(ErrorObject { code: ServerError(-32050), message: "Transaction timed out before reaching finality", data: None })) tx_digest=Digest("2Q1oRdmAas247iW7SLZEh12PNL3tvZ4MQLTvoKSBg8ku") retry_cnt=2
2026-05-20T12:40:28.947090Z ERROR iota_benchmark: Transaction failed with err: Rpc(Call(ErrorObject { code: ServerError(-32050), message: "Transaction timed out before reaching finality", data: None })) tx_digest=Digest("ANg5oaG5b3c9jC2saSjXwrmSCx7erFKHZBJDhzyJuGCc") retry_cnt=2
2026-05-20T12:40:28.947154Z ERROR iota_benchmark: Transaction failed with err: Rpc(Call(ErrorObject { code: ServerError(-32050), message: "Transaction timed out before reaching finality", data: None })) tx_digest=Digest("5vUeRW66kJat7saKGLpBFdj1WwcBAe5oaiXcgczDqK8B") retry_cnt=0
2026-05-20T12:40:28.947738Z ERROR iota_benchmark: Transaction failed with err: Rpc(Call(ErrorObject { code: ServerError(-32050), message: "Transaction timed out before reaching finality", data: None })) tx_digest=Digest("61CeDzQGLh5Ba7mDSoRG3ZX3wnyCjGARLf1WQGyYgenV") retry_cnt=2
2026-05-20T12:40:28.947744Z ERROR iota_benchmark: Transaction failed with err: Rpc(Call(ErrorObject { code: ServerError(-32050), message: "Transaction timed out before reaching finality", data: None })) tx_digest=Digest("giuQ6mjJ6rjrHSoQKyPcot6ehtHtkqaJsGMy5Gpycnf") retry_cnt=0
2026-05-20T12:40:28.947986Z ERROR iota_benchmark: Transaction failed with err: Rpc(Call(ErrorObject { code: ServerError(-32050), message: "Transaction timed out before reaching finality", data: None })) tx_digest=Digest("DeNpbX3o7wCYzgEKdomjWM978Lc4nQCcKo7drbZ3XHD8") retry_cnt=2
2026-05-20T12:40:28.948123Z ERROR iota_benchmark: Transaction failed with err: Rpc(Call(ErrorObject { code: ServerError(-32050), message: "Transaction timed out before reaching finality", data: None })) tx_digest=Digest("8Bsj62FDa3dKeSUSUimx3rt3pNG64u6QwHmub5ga8zbw") retry_cnt=0
2026-05-20T12:40:28.948643Z ERROR iota_benchmark: Transaction failed with err: Rpc(Call(ErrorObject { code: ServerError(-32050), message: "Transaction timed out before reaching finality", data: None })) tx_digest=Digest("D26Bv6ftSptix8sYgdDri1wgksZMjx186YsFrv8si3m6") retry_cnt=2
2026-05-20T12:40:28.950394Z ERROR iota_benchmark: Transaction failed with err: Rpc(Call(ErrorObject { code: ServerError(-32050), message: "Transaction timed out before reaching finality", data: None })) tx_digest=Digest("GsMpo6VPzkTbMrEAPMFZNi46s7G9xBZGVNYYwGthE5xk") retry_cnt=0
2026-05-20T12:40:28.951093Z ERROR iota_benchmark: Transaction failed with err: Rpc(Call(ErrorObject { code: ServerError(-32050), message: "Transaction timed out before reaching finality", data: None })) tx_digest=Digest("FuXLmQv9g62zvnn49YRgLkcACXx3B7wxF7MafEKduJXG") retry_cnt=0
2026-05-20T12:40:28.951415Z ERROR iota_benchmark: Transaction failed with err: Rpc(Call(ErrorObject { code: ServerError(-32050), message: "Transaction timed out before reaching finality", data: None })) tx_digest=Digest("6xoWc3nJJZ7p14eNGQ6BHzivqBZcbtbCbZw2xAhSHXmj") retry_cnt=0
2026-05-20T12:40:28.951797Z ERROR iota_benchmark: Transaction failed with err: Rpc(Call(ErrorObject { code: ServerError(-32050), message: "Transaction timed out before reaching finality", data: None })) tx_digest=Digest("4Gu5LqF8SvUPaNbG111MuVCeCGwgSGvFwC2VrQyfoe5k") retry_cnt=2
2026-05-20T12:40:28.952013Z ERROR iota_benchmark: Transaction failed with err: Rpc(Call(ErrorObject { code: ServerError(-32050), message: "Transaction timed out before reaching finality", data: None })) tx_digest=Digest("129xetaYmU3SCvWDPKp7g3zNa6AJGXMX7DCJxa4k6gyn") retry_cnt=0
2026-05-20T12:40:28.952942Z ERROR iota_benchmark: Transaction failed with err: Rpc(Call(ErrorObject { code: ServerError(-32050), message: "Transaction timed out before reaching finality", data: None })) tx_digest=Digest("59ES6dTxRBeRkbfZRbCEcxietFkPNm7TphJpsFiruqe6") retry_cnt=2
2026-05-20T12:40:28.953308Z ERROR iota_benchmark: Transaction failed with err: Rpc(Call(ErrorObject { code: ServerError(-32050), message: "Transaction timed out before reaching finality", data: None })) tx_digest=Digest("GABYAHQrorRHGciRCVhBPNWK7fY2eNNCRbj3dWPkAA9") retry_cnt=2
2026-05-20T12:40:28.953615Z ERROR iota_benchmark: Transaction failed with err: Rpc(Call(ErrorObject { code: ServerError(-32050), message: "Transaction timed out before reaching finality", data: None })) tx_digest=Digest("p2JhTQUezXUDYXS1orm4Nm4t62XDNB5jkSM5xuqphkT") retry_cnt=2
2026-05-20T12:40:28.956505Z ERROR iota_benchmark: Transaction failed with err: Rpc(Call(ErrorObject { code: ServerError(-32050), message: "Transaction timed out before reaching finality", data: None })) tx_digest=Digest("8isRfCGsabUMneXGod8F2682Z4CVv2QVwt6wHpaoH332") retry_cnt=0
2026-05-20T12:40:28.960260Z ERROR iota_benchmark: Transaction failed with err: Rpc(Call(ErrorObject { code: ServerError(-32050), message: "Transaction timed out before reaching finality", data: None })) tx_digest=Digest("8vAsu6VW3cWsMFmkCdJwf1rhDm2vv3xvz2HbrJooH4MK") retry_cnt=0
2026-05-20T12:40:28.960279Z ERROR iota_benchmark: Transaction failed with err: Rpc(Call(ErrorObject { code: ServerError(-32050), message: "Transaction timed out before reaching finality", data: None })) tx_digest=Digest("BTVjGSFzoFAz6FVL6ULVGdEkxer2Fpj7aLXgPsjbYJvh") retry_cnt=0
2026-05-20T12:40:28.960979Z ERROR iota_benchmark: Transaction failed with err: Rpc(Call(ErrorObject { code: ServerError(-32050), message: "Transaction timed out before reaching finality", data: None })) tx_digest=Digest("79nvEFuhGDYenUxuroAvDn7dxamfgtqFtmnJm1beXJjS") retry_cnt=2
2026-05-20T12:40:28.963054Z ERROR iota_benchmark: Transaction failed with err: Rpc(Call(ErrorObject { code: ServerError(-32050), message: "Transaction timed out before reaching finality", data: None })) tx_digest=Digest("BZt7VSeJkNZHCuTQ9qV9XxGQW86AS9hMEL3avn7AndCA") retry_cnt=0
2026-05-20T12:40:28.963489Z ERROR iota_benchmark: Transaction failed with err: Rpc(Call(ErrorObject { code: ServerError(-32050), message: "Transaction timed out before reaching finality", data: None })) tx_digest=Digest("2KJJhwSVkpAtiyKPsod4JhdALSnFFQtq1Pg4KwhdcWZP") retry_cnt=0
2026-05-20T12:40:28.963724Z ERROR iota_benchmark: Transaction failed with err: Rpc(Call(ErrorObject { code: ServerError(-32050), message: "Transaction timed out before reaching finality", data: None })) tx_digest=Digest("BPoER2FqNHm4ZNijfHBTJV6SdA5FnE9Yn2hcrAqH9Z3S") retry_cnt=0
2026-05-20T12:40:28.963731Z ERROR iota_benchmark: Transaction failed with err: Rpc(Call(ErrorObject { code: ServerError(-32050), message: "Transaction timed out before reaching finality", data: None })) tx_digest=Digest("DEDGzXYFWYjghqfBANav5Db5V4mdBjoGWRhEqH7RYvDr") retry_cnt=2
2026-05-20T12:40:28.963925Z ERROR iota_benchmark: Transaction failed with err: Rpc(Call(ErrorObject { code: ServerError(-32050), message: "Transaction timed out before reaching finality", data: None })) tx_digest=Digest("JACThYahmmXV9v4aZpFdGBGZ1HBZBPmAxmN8k8QpWADA") retry_cnt=2
2026-05-20T12:40:28.964232Z ERROR iota_benchmark: Transaction failed with err: Rpc(Call(ErrorObject { code: ServerError(-32050), message: "Transaction timed out before reaching finality", data: None })) tx_digest=Digest("6WiZ8HNcG69uGnE79s7eriRAZESaqLpuBPVMfqu8Au1F") retry_cnt=0
2026-05-20T12:40:28.964404Z ERROR iota_benchmark: Transaction failed with err: Rpc(Call(ErrorObject { code: ServerError(-32050), message: "Transaction timed out before reaching finality", data: None })) tx_digest=Digest("832bcq745258C2bA8auD8BpF19pGr6HBsKDKjE717gtg") retry_cnt=0
2026-05-20T12:40:28.964459Z ERROR iota_benchmark: Transaction failed with err: Rpc(Call(ErrorObject { code: ServerError(-32050), message: "Transaction timed out before reaching finality", data: None })) tx_digest=Digest("CDvLgJpyo9zAQUe5wzndquHkW6g8kFFgwmHMxTXheF3s") retry_cnt=0
2026-05-20T12:40:28.966112Z ERROR iota_benchmark: Transaction failed with err: Rpc(Call(ErrorObject { code: ServerError(-32050), message: "Transaction timed out before reaching finality", data: None })) tx_digest=Digest("JEGXSurzUQXkQu1Wmfev94ySiWLot4SDyWtQwxBw6zHY") retry_cnt=0
2026-05-20T12:40:28.966165Z ERROR iota_benchmark: Transaction failed with err: Rpc(Call(ErrorObject { code: ServerError(-32050), message: "Transaction timed out before reaching finality", data: None })) tx_digest=Digest("Bbdb4aUycNrArvFsuf5jSth1H9RH8hzBHCdSdw43EH44") retry_cnt=0
2026-05-20T12:40:28.967065Z ERROR iota_benchmark: Transaction failed with err: Rpc(Call(ErrorObject { code: ServerError(-32050), message: "Transaction timed out before reaching finality", data: None })) tx_digest=Digest("9svhCgPyUtFwQiXL7yv2hYw9Z3ozHbY8AHLmCKTqQeyT") retry_cnt=0
2026-05-20T12:40:28.968766Z ERROR iota_benchmark: Transaction failed with err: Rpc(Call(ErrorObject { code: ServerError(-32050), message: "Transaction timed out before reaching finality", data: None })) tx_digest=Digest("2MYxDropLf7wdVJRrVk5Cji8L7qbUmgAJi6cFnFdXKnF") retry_cnt=0
2026-05-20T12:40:28.969591Z ERROR iota_benchmark: Transaction failed with err: Rpc(Call(ErrorObject { code: ServerError(-32050), message: "Transaction timed out before reaching finality", data: None })) tx_digest=Digest("7NuCP56WZyrs3iEg5MzzKZeF9c1SZSQuZjbsKqkZKryp") retry_cnt=0
2026-05-20T12:40:28.969764Z ERROR iota_benchmark: Transaction failed with err: Rpc(Call(ErrorObject { code: ServerError(-32050), message: "Transaction timed out before reaching finality", data: None })) tx_digest=Digest("7jhX4ADY4jcsGBWeichFEb48tRz9WQQA3xQxX77Xu7GF") retry_cnt=2
2026-05-20T12:40:28.971720Z ERROR iota_benchmark: Transaction failed with err: Rpc(Call(ErrorObject { code: ServerError(-32050), message: "Transaction timed out before reaching finality", data: None })) tx_digest=Digest("z7iiEE5FJCAVXrBrMYpTgSwev19jQHYaWPCnwG4BhTw") retry_cnt=0
2026-05-20T12:40:28.972561Z ERROR iota_benchmark: Transaction failed with err: Rpc(Call(ErrorObject { code: ServerError(-32050), message: "Transaction timed out before reaching finality", data: None })) tx_digest=Digest("3J76nmvQrpsdrrgKu2mKpjoVmwPFeektw7S4VJHAcugh") retry_cnt=0
2026-05-20T12:40:28.972708Z ERROR iota_benchmark: Transaction failed with err: Rpc(Call(ErrorObject { code: ServerError(-32050), message: "Transaction timed out before reaching finality", data: None })) tx_digest=Digest("eW2YvZvM455V7kkHDhiFcBVtN3TBHE3S3ih6GNj9LA2") retry_cnt=2
2026-05-20T12:40:28.973081Z ERROR iota_benchmark: Transaction failed with err: Rpc(Call(ErrorObject { code: ServerError(-32050), message: "Transaction timed out before reaching finality", data: None })) tx_digest=Digest("71XBdpb5ce4EeqBevSChLafRHptrrmAjGVCA9EPpex1q") retry_cnt=0
2026-05-20T12:40:28.975161Z ERROR iota_benchmark: Transaction failed with err: Rpc(Call(ErrorObject { code: ServerError(-32050), message: "Transaction timed out before reaching finality", data: None })) tx_digest=Digest("3eNbvfShzJg26AH7PL7A1s17UJyADbCramcJgDmTtE3k") retry_cnt=2
2026-05-20T12:40:28.975298Z ERROR iota_benchmark: Transaction failed with err: Rpc(Call(ErrorObject { code: ServerError(-32050), message: "Transaction timed out before reaching finality", data: None })) tx_digest=Digest("7iVL4bYcWcEDyops9xXXwFoo5na6ZDNrALacGsy8vnw3") retry_cnt=2
2026-05-20T12:40:28.976013Z ERROR iota_benchmark: Transaction failed with err: Rpc(Call(ErrorObject { code: ServerError(-32050), message: "Transaction timed out before reaching finality", data: None })) tx_digest=Digest("FySFkB1dkFFhFihgSSwNos6Q5H5EuxrbRHCX5SXi8uaP") retry_cnt=0
2026-05-20T12:40:28.976618Z ERROR iota_benchmark: Transaction failed with err: Rpc(Call(ErrorObject { code: ServerError(-32050), message: "Transaction timed out before reaching finality", data: None })) tx_digest=Digest("5ogVb5xgKBXG9h3BSaUW1CZmr4Z3HcBa89wcE5saLBDh") retry_cnt=0
2026-05-20T12:40:28.976642Z ERROR iota_benchmark: Transaction failed with err: Rpc(Call(ErrorObject { code: ServerError(-32050), message: "Transaction timed out before reaching finality", data: None })) tx_digest=Digest("3ZdScCHj98ezXqMvvVmxWwBUXQoaejEdxzKmYnit8ZqQ") retry_cnt=0
2026-05-20T12:40:28.976655Z ERROR iota_benchmark: Transaction failed with err: Rpc(Call(ErrorObject { code: ServerError(-32050), message: "Transaction timed out before reaching finality", data: None })) tx_digest=Digest("9oXzVDWDY162Psi6sAJ44Arfd3sNXs1YArWeW1wwQVcZ") retry_cnt=0
2026-05-20T12:40:28.977192Z ERROR iota_benchmark: Transaction failed with err: Rpc(Call(ErrorObject { code: ServerError(-32050), message: "Transaction timed out before reaching finality", data: None })) tx_digest=Digest("BR9gENVK8T4FbbBFjL9AH7d4tSxGip2kU3goB2TMntY9") retry_cnt=0
2026-05-20T12:40:28.977402Z ERROR iota_benchmark: Transaction failed with err: Rpc(Call(ErrorObject { code: ServerError(-32050), message: "Transaction timed out before reaching finality", data: None })) tx_digest=Digest("8WFeHzx6oZwWFXXQp2A6EsF9uZjPUAFWmeQLvX56Jxyw") retry_cnt=0
2026-05-20T12:40:28.977710Z ERROR iota_benchmark: Transaction failed with err: Rpc(Call(ErrorObject { code: ServerError(-32050), message: "Transaction timed out before reaching finality", data: None })) tx_digest=Digest("6gnAJdDvXgKKnRbYQDEiQQNDHWBCKjvQVzhd5phz3fxS") retry_cnt=0
2026-05-20T12:40:28.978223Z ERROR iota_benchmark: Transaction failed with err: Rpc(Call(ErrorObject { code: ServerError(-32050), message: "Transaction timed out before reaching finality", data: None })) tx_digest=Digest("CybED8J4pemDnJYwsZ17v3FvRxDerpEnf2ddnV2zosA5") retry_cnt=0
2026-05-20T12:40:28.978251Z ERROR iota_benchmark: Transaction failed with err: Rpc(Call(ErrorObject { code: ServerError(-32050), message: "Transaction timed out before reaching finality", data: None })) tx_digest=Digest("HfJnWvXopociFxitLqQBZCUycBwBMvWbrAfWtzhfJ72o") retry_cnt=0
2026-05-20T12:40:28.980127Z ERROR iota_benchmark: Transaction failed with err: Rpc(Call(ErrorObject { code: ServerError(-32050), message: "Transaction timed out before reaching finality", data: None })) tx_digest=Digest("AhJy22oNUymvjdM97sp9J5dzismUXhibmQM7qFqF7fMC") retry_cnt=0
2026-05-20T12:40:28.980160Z ERROR iota_benchmark: Transaction failed with err: Rpc(Call(ErrorObject { code: ServerError(-32050), message: "Transaction timed out before reaching finality", data: None })) tx_digest=Digest("3Y4ewaueNbeFtHrxAGJDkMVPUmEB6YEfat19G2Ey4jWf") retry_cnt=0
2026-05-20T12:40:28.981577Z ERROR iota_benchmark: Transaction failed with err: Rpc(Call(ErrorObject { code: ServerError(-32050), message: "Transaction timed out before reaching finality", data: None })) tx_digest=Digest("29BX5sEnEMKLTeNR1Lg8kMPU9tzg94dyEDkxPobT26mz") retry_cnt=0
2026-05-20T12:40:28.982284Z ERROR iota_benchmark: Transaction failed with err: Rpc(Call(ErrorObject { code: ServerError(-32050), message: "Transaction timed out before reaching finality", data: None })) tx_digest=Digest("FHHxKh9GtNtD75UFgbPjSVdFoFU53W6U2VraKgKYAawb") retry_cnt=0
2026-05-20T12:40:28.984214Z ERROR iota_benchmark: Transaction failed with err: Rpc(Call(ErrorObject { code: ServerError(-32050), message: "Transaction timed out before reaching finality", data: None })) tx_digest=Digest("EpaJC8acbVgvAiNEfuWCekWHjtn7CqXj2dL6HMZqgCm2") retry_cnt=0
2026-05-20T12:40:28.987783Z ERROR iota_benchmark: Transaction failed with err: Rpc(Call(ErrorObject { code: ServerError(-32050), message: "Transaction timed out before reaching finality", data: None })) tx_digest=Digest("82c4CRrDUcjnmewevzqrPahUCYjB9oM1s9h2ae1DdxLi") retry_cnt=0
2026-05-20T12:40:28.988596Z ERROR iota_benchmark: Transaction failed with err: Rpc(Call(ErrorObject { code: ServerError(-32050), message: "Transaction timed out before reaching finality", data: None })) tx_digest=Digest("B1LoUCyd5h9u3SPJB1eZfcVnfE8kjcmaSf4yP48mXZjh") retry_cnt=0
2026-05-20T12:40:28.988679Z ERROR iota_benchmark: Transaction failed with err: Rpc(Call(ErrorObject { code: ServerError(-32050), message: "Transaction timed out before reaching finality", data: None })) tx_digest=Digest("EQ6Zo8AWinFGbG6gPbywJpcNhTjCTe46Y1uTdFwJrFSc") retry_cnt=0
2026-05-20T12:40:28.988693Z ERROR iota_benchmark: Transaction failed with err: Rpc(Call(ErrorObject { code: ServerError(-32050), message: "Transaction timed out before reaching finality", data: None })) tx_digest=Digest("F6b3vk8wU19fxDWu81pvg2qRUfjsn5cyybRcC8C4HS1W") retry_cnt=0
2026-05-20T12:40:28.988707Z ERROR iota_benchmark: Transaction failed with err: Rpc(Call(ErrorObject { code: ServerError(-32050), message: "Transaction timed out before reaching finality", data: None })) tx_digest=Digest("9wSGfs8rmG145stwJtgXE4667eM6NdT68VsnPbTXUwNp") retry_cnt=0
2026-05-20T12:40:28.988767Z ERROR iota_benchmark: Transaction failed with err: Rpc(Call(ErrorObject { code: ServerError(-32050), message: "Transaction timed out before reaching finality", data: None })) tx_digest=Digest("62An8z4siAGWjTuDUmFANWmoXFFmVoQCr7Nj6mBSK3pP") retry_cnt=0
2026-05-20T12:40:28.988798Z ERROR iota_benchmark: Transaction failed with err: Rpc(Call(ErrorObject { code: ServerError(-32050), message: "Transaction timed out before reaching finality", data: None })) tx_digest=Digest("CovYKYHMw3hBcco9cHJGen5qfP65LqZRJv6se4Hj7qpp") retry_cnt=0
2026-05-20T12:40:28.988942Z ERROR iota_benchmark: Transaction failed with err: Rpc(Call(ErrorObject { code: ServerError(-32050), message: "Transaction timed out before reaching finality", data: None })) tx_digest=Digest("wbyFPNoNAyZX3ki29NDmT2fSBqW8M3F1rsaTWgRZTx1") retry_cnt=0
2026-05-20T12:40:28.989005Z ERROR iota_benchmark: Transaction failed with err: Rpc(Call(ErrorObject { code: ServerError(-32050), message: "Transaction timed out before reaching finality", data: None })) tx_digest=Digest("Cjz7b9phR575VGd98JVVcWEn7uX13S4SX9pPLbcAuYYC") retry_cnt=0
2026-05-20T12:40:28.989010Z ERROR iota_benchmark: Transaction failed with err: Rpc(Call(ErrorObject { code: ServerError(-32050), message: "Transaction timed out before reaching finality", data: None })) tx_digest=Digest("CNTEsGhA6Qi1MvgtkBKMcsPbdRnu8GzDo5sNGSTDjsoU") retry_cnt=0
2026-05-20T12:40:28.989041Z ERROR iota_benchmark: Transaction failed with err: Rpc(Call(ErrorObject { code: ServerError(-32050), message: "Transaction timed out before reaching finality", data: None })) tx_digest=Digest("Gb8UTe56G24QsaEnxLP4GxxKcpqu7R51DsmvGVZPfT6s") retry_cnt=0
2026-05-20T12:40:28.989076Z ERROR iota_benchmark: Transaction failed with err: Rpc(Call(ErrorObject { code: ServerError(-32050), message: "Transaction timed out before reaching finality", data: None })) tx_digest=Digest("3xfF3D3T4xxTXhWWouaSuzxY9yFWLBZQYGjixdsXibSU") retry_cnt=0
2026-05-20T12:40:28.989088Z ERROR iota_benchmark: Transaction failed with err: Rpc(Call(ErrorObject { code: ServerError(-32050), message: "Transaction timed out before reaching finality", data: None })) tx_digest=Digest("3iXSAH6pkRGLKBqDe7WmhdmatNaiML3QtDfLHEGYNux3") retry_cnt=0
2026-05-20T12:40:28.989108Z ERROR iota_benchmark: Transaction failed with err: Rpc(Call(ErrorObject { code: ServerError(-32050), message: "Transaction timed out before reaching finality", data: None })) tx_digest=Digest("6dxNGYkdCUYcLrWZcRfr67SVyWzUkSqPXtdabVmjrGug") retry_cnt=0
2026-05-20T12:40:28.989128Z ERROR iota_benchmark: Transaction failed with err: Rpc(Call(ErrorObject { code: ServerError(-32050), message: "Transaction timed out before reaching finality", data: None })) tx_digest=Digest("2aJtZEw8o3UZmEPk6cPSRurzf65VLFwTAEyRrz34Q1Hy") retry_cnt=0
2026-05-20T12:40:28.989321Z ERROR iota_benchmark: Transaction failed with err: Rpc(Call(ErrorObject { code: ServerError(-32050), message: "Transaction timed out before reaching finality", data: None })) tx_digest=Digest("96HQZnujJ4SBx9RD54PU7FWT9cDJShtZbb9HMS7TDHXZ") retry_cnt=0
2026-05-20T12:40:28.990522Z ERROR iota_benchmark: Transaction failed with err: Rpc(Call(ErrorObject { code: ServerError(-32050), message: "Transaction timed out before reaching finality", data: None })) tx_digest=Digest("J385TNLWiCZFTQ3yqyHNjrqbKMrAGh55nfbHcwRawF3X") retry_cnt=0
2026-05-20T12:40:28.990831Z ERROR iota_benchmark: Transaction failed with err: Rpc(Call(ErrorObject { code: ServerError(-32050), message: "Transaction timed out before reaching finality", data: None })) tx_digest=Digest("nGtJPB2T9BozwKh2eyHzTUs2FMcQY6Wnd89NN76oKqi") retry_cnt=0
2026-05-20T12:40:28.990931Z ERROR iota_benchmark: Transaction failed with err: Rpc(Call(ErrorObject { code: ServerError(-32050), message: "Transaction timed out before reaching finality", data: None })) tx_digest=Digest("FqFx1W2BjWSaNBfm9YHUp8qSm5N1h97EtgJM9CPQuqXd") retry_cnt=0
2026-05-20T12:40:28.991053Z ERROR iota_benchmark: Transaction failed with err: Rpc(Call(ErrorObject { code: ServerError(-32050), message: "Transaction timed out before reaching finality", data: None })) tx_digest=Digest("866vQWPsdCd33LBHyq6h39KyADYHb7BT6v7NcFZCNMP9") retry_cnt=0
2026-05-20T12:40:28.991105Z ERROR iota_benchmark: Transaction failed with err: Rpc(Call(ErrorObject { code: ServerError(-32050), message: "Transaction timed out before reaching finality", data: None })) tx_digest=Digest("EpWnZXQVbEM3bZiM9n76RDVjiQzeY1wyRqkK8zDLYaTC") retry_cnt=0
2026-05-20T12:40:28.991359Z ERROR iota_benchmark: Transaction failed with err: Rpc(Call(ErrorObject { code: ServerError(-32050), message: "Transaction timed out before reaching finality", data: None })) tx_digest=Digest("5EWDhvmD1ifuTbf5yo6MtFx7GF37tDyaojjDQuoTR9ex") retry_cnt=0
2026-05-20T12:40:28.992133Z ERROR iota_benchmark: Transaction failed with err: Rpc(Call(ErrorObject { code: ServerError(-32050), message: "Transaction timed out before reaching finality", data: None })) tx_digest=Digest("DSwUCK2jbvXwnSJ62rztES1mQELbNdJMRM2LyBFnmGT4") retry_cnt=0
2026-05-20T12:40:28.992182Z ERROR iota_benchmark: Transaction failed with err: Rpc(Call(ErrorObject { code: ServerError(-32050), message: "Transaction timed out before reaching finality", data: None })) tx_digest=Digest("rYM2hVPanJSsbYc5VC5KubDRs9H55GDo1yF6JJ6z3pe") retry_cnt=0
2026-05-20T12:40:28.992583Z ERROR iota_benchmark: Transaction failed with err: Rpc(Call(ErrorObject { code: ServerError(-32050), message: "Transaction timed out before reaching finality", data: None })) tx_digest=Digest("6sjDtD6t3QPcDwb5dKYaGouAAsSZpSAPrzErQSdrzZf2") retry_cnt=0
2026-05-20T12:40:28.992637Z ERROR iota_benchmark: Transaction failed with err: Rpc(Call(ErrorObject { code: ServerError(-32050), message: "Transaction timed out before reaching finality", data: None })) tx_digest=Digest("HkDbF7c2m1N1PtXgckkWmRz5v83cfd9NmZhxir8xHhPU") retry_cnt=0
2026-05-20T12:40:28.993339Z ERROR iota_benchmark: Transaction failed with err: Rpc(Call(ErrorObject { code: ServerError(-32050), message: "Transaction timed out before reaching finality", data: None })) tx_digest=Digest("3mkw6zBuk6KrecjR7jWy3jRFGQrbrbh84SgNSweJmCWb") retry_cnt=0
2026-05-20T12:40:28.994054Z ERROR iota_benchmark: Transaction failed with err: Rpc(Call(ErrorObject { code: ServerError(-32050), message: "Transaction timed out before reaching finality", data: None })) tx_digest=Digest("5UfzAVgLq8jcmPA2LSLi6a4kVz8KBqtXCiw5iXLpvsnS") retry_cnt=0
2026-05-20T12:40:28.994254Z ERROR iota_benchmark: Transaction failed with err: Rpc(Call(ErrorObject { code: ServerError(-32050), message: "Transaction timed out before reaching finality", data: None })) tx_digest=Digest("6g1TPUfG3tna9BK6LbdZbm2pSZYr8sYyByo8G7keQmPU") retry_cnt=0
2026-05-20T12:40:28.994640Z ERROR iota_benchmark: Transaction failed with err: Rpc(Call(ErrorObject { code: ServerError(-32050), message: "Transaction timed out before reaching finality", data: None })) tx_digest=Digest("4UKQTwmBB2vFudSrBB9HNYCh2KHDtJrQJKBc7okVqzD1") retry_cnt=0
2026-05-20T12:40:28.994795Z ERROR iota_benchmark: Transaction failed with err: Rpc(Call(ErrorObject { code: ServerError(-32050), message: "Transaction timed out before reaching finality", data: None })) tx_digest=Digest("954Y4VqCGDsmZKDUzJR4LKpJkKniz4opJ1i3KghU8iCs") retry_cnt=0
2026-05-20T12:40:28.994942Z ERROR iota_benchmark: Transaction failed with err: Rpc(Call(ErrorObject { code: ServerError(-32050), message: "Transaction timed out before reaching finality", data: None })) tx_digest=Digest("C7qjzGEPKaRH7efxJsgxafZPkTDAEYhDmj34cVU2qBE7") retry_cnt=0
2026-05-20T12:40:28.994959Z ERROR iota_benchmark: Transaction failed with err: Rpc(Call(ErrorObject { code: ServerError(-32050), message: "Transaction timed out before reaching finality", data: None })) tx_digest=Digest("DyWE65LegmMCRGy8uc4x4TF868N8g5myVsAm9VBRkDjV") retry_cnt=0
2026-05-20T12:40:28.995416Z ERROR iota_benchmark: Transaction failed with err: Rpc(Call(ErrorObject { code: ServerError(-32050), message: "Transaction timed out before reaching finality", data: None })) tx_digest=Digest("D31J9hHkHLqDAXH4csRy4Y78qZ3xXGH5RsR7MeuBGuEH") retry_cnt=0
2026-05-20T12:40:28.995533Z ERROR iota_benchmark: Transaction failed with err: Rpc(Call(ErrorObject { code: ServerError(-32050), message: "Transaction timed out before reaching finality", data: None })) tx_digest=Digest("GzrHZ1dsxn2s1cKeqgAaYAFYEn6PatBnX6y9zYxDHJjK") retry_cnt=0
2026-05-20T12:40:28.996242Z ERROR iota_benchmark: Transaction failed with err: Rpc(Call(ErrorObject { code: ServerError(-32050), message: "Transaction timed out before reaching finality", data: None })) tx_digest=Digest("7vzCbZYkM2AiPwi6kJDdtxK2Q8s3dpUbBRKiLCBpLkAU") retry_cnt=0
2026-05-20T12:40:28.996494Z ERROR iota_benchmark: Transaction failed with err: Rpc(Call(ErrorObject { code: ServerError(-32050), message: "Transaction timed out before reaching finality", data: None })) tx_digest=Digest("CaozfrmF7PewgecgnUvyr9JmGXjomctsez6JUefdZxTc") retry_cnt=0
2026-05-20T12:40:28.996605Z ERROR iota_benchmark: Transaction failed with err: Rpc(Call(ErrorObject { code: ServerError(-32050), message: "Transaction timed out before reaching finality", data: None })) tx_digest=Digest("2HvbaM2Y1EFuEPC7a6Tx31u4xAVDTi4QwhXYaAjYs1CJ") retry_cnt=0
2026-05-20T12:40:28.996699Z ERROR iota_benchmark: Transaction failed with err: Rpc(Call(ErrorObject { code: ServerError(-32050), message: "Transaction timed out before reaching finality", data: None })) tx_digest=Digest("CXhDG4Bd44TfmnpXWeMUpF1kPHKea4T2eD1U1xG9zZMr") retry_cnt=0
2026-05-20T12:40:28.997165Z ERROR iota_benchmark: Transaction failed with err: Rpc(Call(ErrorObject { code: ServerError(-32050), message: "Transaction timed out before reaching finality", data: None })) tx_digest=Digest("EZb6bUtUXKyYj9wVkhoBcW2LQBJwQBaWbxwfpQyScNmg") retry_cnt=0
2026-05-20T12:40:28.997832Z ERROR iota_benchmark: Transaction failed with err: Rpc(Call(ErrorObject { code: ServerError(-32050), message: "Transaction timed out before reaching finality", data: None })) tx_digest=Digest("8v8ps2vXrhmoFmcvn2dVpxGsEZtSK3k7DVyo6LtzfABx") retry_cnt=0
2026-05-20T12:40:28.997834Z ERROR iota_benchmark: Transaction failed with err: Rpc(Call(ErrorObject { code: ServerError(-32050), message: "Transaction timed out before reaching finality", data: None })) tx_digest=Digest("AthisFNLpqDEDGXskB95PkqvHbc2SXcm1Da6uYuwfyhv") retry_cnt=0
2026-05-20T12:40:28.998111Z ERROR iota_benchmark: Transaction failed with err: Rpc(Call(ErrorObject { code: ServerError(-32050), message: "Transaction timed out before reaching finality", data: None })) tx_digest=Digest("GBSkvTSBP1ay5bY2ro4Cb9xTtqoK514WsTWTwpJ9MoCh") retry_cnt=2
2026-05-20T12:40:28.998281Z ERROR iota_benchmark: Transaction failed with err: Rpc(Call(ErrorObject { code: ServerError(-32050), message: "Transaction timed out before reaching finality", data: None })) tx_digest=Digest("CaUbjmEMow3Zz9GxvyJv1GdyeFoTBC4P1UPMUUjhQuzF") retry_cnt=0
2026-05-20T12:40:28.998545Z ERROR iota_benchmark: Transaction failed with err: Rpc(Call(ErrorObject { code: ServerError(-32050), message: "Transaction timed out before reaching finality", data: None })) tx_digest=Digest("5mu9VwhBCWZ2PZPciLNErR8SR8qjJKcyFEhAgX364P76") retry_cnt=0
2026-05-20T12:40:28.999648Z ERROR iota_benchmark: Transaction failed with err: Rpc(Call(ErrorObject { code: ServerError(-32050), message: "Transaction timed out before reaching finality", data: None })) tx_digest=Digest("DfXjiimW37uJyvdWJm3LqYXWUpoBxHknWdaWeWM4yWeu") retry_cnt=0
2026-05-20T12:40:28.999861Z ERROR iota_benchmark: Transaction failed with err: Rpc(Call(ErrorObject { code: ServerError(-32050), message: "Transaction timed out before reaching finality", data: None })) tx_digest=Digest("87H144WVmaAk8XRHqeFHaLjrFyG47K9NH4wkojZJrkta") retry_cnt=0
2026-05-20T12:40:28.999978Z ERROR iota_benchmark: Transaction failed with err: Rpc(Call(ErrorObject { code: ServerError(-32050), message: "Transaction timed out before reaching finality", data: None })) tx_digest=Digest("373A8VHzgv6CCtgen8TYfYLdwfgY2e6y3xSRqVsovWQA") retry_cnt=0
2026-05-20T12:40:29.000752Z ERROR iota_benchmark: Transaction failed with err: Rpc(Call(ErrorObject { code: ServerError(-32050), message: "Transaction timed out before reaching finality", data: None })) tx_digest=Digest("6i1FuKREBNrftdh72wihwPQq2XiH7L9X7ejeRCwXgobF") retry_cnt=0
2026-05-20T12:40:29.001503Z ERROR iota_benchmark: Transaction failed with err: Rpc(Call(ErrorObject { code: ServerError(-32050), message: "Transaction timed out before reaching finality", data: None })) tx_digest=Digest("EBQbV5izFuqv6nWQ8kA6QHTaUoXcyBxXSgbcLREPP1No") retry_cnt=0
2026-05-20T12:40:29.001581Z ERROR iota_benchmark: Transaction failed with err: Rpc(Call(ErrorObject { code: ServerError(-32050), message: "Transaction timed out before reaching finality", data: None })) tx_digest=Digest("CxMeigwqnPL9XgTtwURsHCAgS4UNo3Vi1ijAqc1Cr7MS") retry_cnt=0
2026-05-20T12:40:29.002785Z ERROR iota_benchmark: Transaction failed with err: Rpc(Call(ErrorObject { code: ServerError(-32050), message: "Transaction timed out before reaching finality", data: None })) tx_digest=Digest("6obK1nFefCTtNCXErJ9K6mADCc2PAdESFPi4xEa6yAfn") retry_cnt=0
2026-05-20T12:40:29.002827Z ERROR iota_benchmark: Transaction failed with err: Rpc(Call(ErrorObject { code: ServerError(-32050), message: "Transaction timed out before reaching finality", data: None })) tx_digest=Digest("EirLPXcULWPcDNk87JVMkhVrNQjby9MXQYjK7n7H6w7C") retry_cnt=0
2026-05-20T12:40:29.003818Z ERROR iota_benchmark: Transaction failed with err: Rpc(Call(ErrorObject { code: ServerError(-32050), message: "Transaction timed out before reaching finality", data: None })) tx_digest=Digest("AEj6RMfr1SGjBSrhHyKb9RWwXWD5XT2SwWxvSzSTURfq") retry_cnt=0
2026-05-20T12:40:29.005534Z ERROR iota_benchmark: Transaction failed with err: Rpc(Call(ErrorObject { code: ServerError(-32050), message: "Transaction timed out before reaching finality", data: None })) tx_digest=Digest("EZCknH6yn6e2nXMBhFNy47s1z5x3nFqPsizgdsf9GtoX") retry_cnt=0
2026-05-20T12:40:29.005778Z ERROR iota_benchmark: Transaction failed with err: Rpc(Call(ErrorObject { code: ServerError(-32050), message: "Transaction timed out before reaching finality", data: None })) tx_digest=Digest("FUhwxpvxJ1ejsckXQ4F8PxD79PmTBvbxXy2ZNnzWxttm") retry_cnt=0
2026-05-20T12:40:29.005914Z ERROR iota_benchmark: Transaction failed with err: Rpc(Call(ErrorObject { code: ServerError(-32050), message: "Transaction timed out before reaching finality", data: None })) tx_digest=Digest("BHFiHkobWaXpSQyd5r5wBTa6tgzAERbFtHCLrdUMZAAo") retry_cnt=0
2026-05-20T12:40:29.006097Z ERROR iota_benchmark: Transaction failed with err: Rpc(Call(ErrorObject { code: ServerError(-32050), message: "Transaction timed out before reaching finality", data: None })) tx_digest=Digest("HeyVu68YwYC8QHm7uVkiauUNBC7r2tBCnrXUAvgL9p6M") retry_cnt=0
2026-05-20T12:40:29.006181Z ERROR iota_benchmark: Transaction failed with err: Rpc(Call(ErrorObject { code: ServerError(-32050), message: "Transaction timed out before reaching finality", data: None })) tx_digest=Digest("DaBHr2qEyTXgZDrpfHpTMkb7eyCELbJw7HwQCriPJ8SN") retry_cnt=0
2026-05-20T12:40:29.006241Z ERROR iota_benchmark: Transaction failed with err: Rpc(Call(ErrorObject { code: ServerError(-32050), message: "Transaction timed out before reaching finality", data: None })) tx_digest=Digest("3VxUjFVuafhRjDWdYTAmYsXSUeeTxmkMK3Hy5zqm8TQk") retry_cnt=0
2026-05-20T12:40:29.006750Z ERROR iota_benchmark: Transaction failed with err: Rpc(Call(ErrorObject { code: ServerError(-32050), message: "Transaction timed out before reaching finality", data: None })) tx_digest=Digest("5PAuibj4mA6M3SNP3m1Mvi6dymjrQGxGTCnAUDbWLVZ1") retry_cnt=0
2026-05-20T12:40:29.007460Z ERROR iota_benchmark: Transaction failed with err: Rpc(Call(ErrorObject { code: ServerError(-32050), message: "Transaction timed out before reaching finality", data: None })) tx_digest=Digest("HwriHpE83nju64o1DjkYX9Uk9bW3ewmzMWSnh2SAg4xb") retry_cnt=0
2026-05-20T12:40:29.008121Z ERROR iota_benchmark: Transaction failed with err: Rpc(Call(ErrorObject { code: ServerError(-32050), message: "Transaction timed out before reaching finality", data: None })) tx_digest=Digest("BNwbKdbrHkm2vinwnHedW4FMd7qSECLDXUJkmuNPWjua") retry_cnt=0
2026-05-20T12:40:29.008225Z ERROR iota_benchmark: Transaction failed with err: Rpc(Call(ErrorObject { code: ServerError(-32050), message: "Transaction timed out before reaching finality", data: None })) tx_digest=Digest("FUYJL3RpZiwMHmC5JF6LzRkAcHFTKunxcNQKq1PfuwJr") retry_cnt=0
2026-05-20T12:40:29.009568Z ERROR iota_benchmark: Transaction failed with err: Rpc(Call(ErrorObject { code: ServerError(-32050), message: "Transaction timed out before reaching finality", data: None })) tx_digest=Digest("27wrEVXde6wnHibdGSYy8GV4w3RsPvo2FQrCEk2Zdgox") retry_cnt=0
2026-05-20T12:40:29.009584Z ERROR iota_benchmark: Transaction failed with err: Rpc(Call(ErrorObject { code: ServerError(-32050), message: "Transaction timed out before reaching finality", data: None })) tx_digest=Digest("BDLnxTPkxWnmefXiJCKGpoVda4k36uPBNtLwEQA8Qu5W") retry_cnt=0
2026-05-20T12:40:29.009576Z ERROR iota_benchmark: Transaction failed with err: Rpc(Call(ErrorObject { code: ServerError(-32050), message: "Transaction timed out before reaching finality", data: None })) tx_digest=Digest("2wKDqEUSPKnL6KZzaYSaLXpus6T3hA5fyF8Cq89dpNNV") retry_cnt=0
2026-05-20T12:40:29.011648Z ERROR iota_benchmark: Transaction failed with err: Rpc(Call(ErrorObject { code: ServerError(-32050), message: "Transaction timed out before reaching finality", data: None })) tx_digest=Digest("Ff4WT3Ern4G2bLuWXSshzesYoK5ZCKQG1AEvAofEkyeB") retry_cnt=0
2026-05-20T12:40:29.013800Z ERROR iota_benchmark: Transaction failed with err: Rpc(Call(ErrorObject { code: ServerError(-32050), message: "Transaction timed out before reaching finality", data: None })) tx_digest=Digest("4U5ZDVk5t3dJ3aCH63acCe3uTEAs8mwL5FAj5XHg9Sx6") retry_cnt=0
2026-05-20T12:40:29.017592Z ERROR iota_benchmark: Transaction failed with err: Rpc(Call(ErrorObject { code: ServerError(-32050), message: "Transaction timed out before reaching finality", data: None })) tx_digest=Digest("3foyb6gM5rhznZ3cwWLf3BFybd3628fupyEEwysYsC3A") retry_cnt=0
2026-05-20T12:40:29.017682Z ERROR iota_benchmark: Transaction failed with err: Rpc(Call(ErrorObject { code: ServerError(-32050), message: "Transaction timed out before reaching finality", data: None })) tx_digest=Digest("2Po5vPBqLTuPC7ag8rZPEVnhR6h3DP3vUJ9NtDgsFF3V") retry_cnt=0
2026-05-20T12:40:29.017723Z ERROR iota_benchmark: Transaction failed with err: Rpc(Call(ErrorObject { code: ServerError(-32050), message: "Transaction timed out before reaching finality", data: None })) tx_digest=Digest("9KpJVzKtEwAGsDqBqjwGA9kXDBBL5ePnq1Gkio9uVnL1") retry_cnt=0
2026-05-20T12:40:29.018526Z ERROR iota_benchmark: Transaction failed with err: Rpc(Call(ErrorObject { code: ServerError(-32050), message: "Transaction timed out before reaching finality", data: None })) tx_digest=Digest("62tQSAxqbYyRqzbmVaiwnrRL4PvCeezC7E43k7t2brdd") retry_cnt=0
2026-05-20T12:40:29.018582Z ERROR iota_benchmark: Transaction failed with err: Rpc(Call(ErrorObject { code: ServerError(-32050), message: "Transaction timed out before reaching finality", data: None })) tx_digest=Digest("C2tRFyqRRcSAnobH1BMRKiLyKVprPyPxrKJbhAqZzyiH") retry_cnt=0
2026-05-20T12:40:29.020673Z ERROR iota_benchmark: Transaction failed with err: Rpc(Call(ErrorObject { code: ServerError(-32050), message: "Transaction timed out before reaching finality", data: None })) tx_digest=Digest("EbL5rTQxPJ5mbRnWQ9rLFrXpicRU6U827Th2QSjCU6Bg") retry_cnt=0
2026-05-20T12:40:29.022091Z ERROR iota_benchmark: Transaction failed with err: Rpc(Call(ErrorObject { code: ServerError(-32050), message: "Transaction timed out before reaching finality", data: None })) tx_digest=Digest("DoGVfC46EFxeinMR4TqUfLgib2hkebGocUUoxdBz1z7h") retry_cnt=0
2026-05-20T12:40:29.023122Z ERROR iota_benchmark: Transaction failed with err: Rpc(Call(ErrorObject { code: ServerError(-32050), message: "Transaction timed out before reaching finality", data: None })) tx_digest=Digest("BmrG1VdtP6m4k1Yg3FcLHJUeopTGpgKGBkPzfza2KcHs") retry_cnt=0
2026-05-20T12:40:29.023414Z ERROR iota_benchmark: Transaction failed with err: Rpc(Call(ErrorObject { code: ServerError(-32050), message: "Transaction timed out before reaching finality", data: None })) tx_digest=Digest("3K2p1Kmdd386yqEFLGfY9ZjwNj4VbNd2HymjTNFyRGzv") retry_cnt=0
2026-05-20T12:40:29.027544Z ERROR iota_benchmark: Transaction failed with err: Rpc(Call(ErrorObject { code: ServerError(-32050), message: "Transaction timed out before reaching finality", data: None })) tx_digest=Digest("3VjTbRXF6F94NURbchQM8jchCcW8wpUsQ9tm9kvAPcSY") retry_cnt=0
2026-05-20T12:40:29.027560Z ERROR iota_benchmark: Transaction failed with err: Rpc(Call(ErrorObject { code: ServerError(-32050), message: "Transaction timed out before reaching finality", data: None })) tx_digest=Digest("2NKwpNhKVZUVwhXVvKdzs13VQdRz7j8MUQUNXEQS7gEN") retry_cnt=0
2026-05-20T12:40:29.028132Z ERROR iota_benchmark: Transaction failed with err: Rpc(Call(ErrorObject { code: ServerError(-32050), message: "Transaction timed out before reaching finality", data: None })) tx_digest=Digest("G7o2yfMbd2gPdRy7hxnXxSM5D9Z47fv89Wjb38kskGs1") retry_cnt=0
2026-05-20T12:40:29.045736Z ERROR iota_benchmark: Transaction failed with err: Rpc(Call(ErrorObject { code: ServerError(-32050), message: "Transaction timed out before reaching finality", data: None })) tx_digest=Digest("A5T9MyHuiMpaPmQta3JhEpkKd8UNGEGoPHTgWe8M3rTC") retry_cnt=0
2026-05-20T12:40:29.045828Z ERROR iota_benchmark: Transaction failed with err: Rpc(Call(ErrorObject { code: ServerError(-32050), message: "Transaction timed out before reaching finality", data: None })) tx_digest=Digest("efEVFn8baBxaUnvJFVLkTpV4f8c1TRaUo9UmmbgCVC8") retry_cnt=0
2026-05-20T12:40:29.045838Z ERROR iota_benchmark: Transaction failed with err: Rpc(Call(ErrorObject { code: ServerError(-32050), message: "Transaction timed out before reaching finality", data: None })) tx_digest=Digest("F7f1EdZxfds4AeExARxqeVioGpzikGpaSWWXi4yT2xVD") retry_cnt=0
2026-05-20T12:40:29.045891Z ERROR iota_benchmark: Transaction failed with err: Rpc(Call(ErrorObject { code: ServerError(-32050), message: "Transaction timed out before reaching finality", data: None })) tx_digest=Digest("FyQtYFqB4hQE937LhXDesV82yi4eQvjCDZxuZPwcAvii") retry_cnt=0
2026-05-20T12:40:29.045916Z ERROR iota_benchmark: Transaction failed with err: Rpc(Call(ErrorObject { code: ServerError(-32050), message: "Transaction timed out before reaching finality", data: None })) tx_digest=Digest("6xGLWENv1Bk2eBLysEgnFXB3XatVJmF1NG58AEB3S4EZ") retry_cnt=0
2026-05-20T12:40:29.045974Z ERROR iota_benchmark: Transaction failed with err: Rpc(Call(ErrorObject { code: ServerError(-32050), message: "Transaction timed out before reaching finality", data: None })) tx_digest=Digest("J89KVq6yRGbJjp5ZhaZ9S5vkHMciSvHJA8yJUfV1Qt4L") retry_cnt=0
2026-05-20T12:40:29.045978Z ERROR iota_benchmark: Transaction failed with err: Rpc(Call(ErrorObject { code: ServerError(-32050), message: "Transaction timed out before reaching finality", data: None })) tx_digest=Digest("CxRokRjqkPRuAgRmNpUZR9z8C3AEpq6W7oXFa16X7uib") retry_cnt=0
2026-05-20T12:40:29.045992Z ERROR iota_benchmark: Transaction failed with err: Rpc(Call(ErrorObject { code: ServerError(-32050), message: "Transaction timed out before reaching finality", data: None })) tx_digest=Digest("5Kr2gYYgjtjdMDurQhmu1XM6Whtxysa9Fws1NpE7SMMf") retry_cnt=0
2026-05-20T12:40:29.046008Z ERROR iota_benchmark: Transaction failed with err: Rpc(Call(ErrorObject { code: ServerError(-32050), message: "Transaction timed out before reaching finality", data: None })) tx_digest=Digest("8UWAvk7B7HVTUv8BhEy4jWMMtxBsDz4AVqHBPkcXCdwr") retry_cnt=0
2026-05-20T12:40:29.046028Z ERROR iota_benchmark: Transaction failed with err: Rpc(Call(ErrorObject { code: ServerError(-32050), message: "Transaction timed out before reaching finality", data: None })) tx_digest=Digest("2uBw3vzC8xYH3ifsVmqTbKT4buMJ24Ats91UtBsxiPbS") retry_cnt=0
2026-05-20T12:40:29.046950Z ERROR iota_benchmark: Transaction failed with err: Rpc(Call(ErrorObject { code: ServerError(-32050), message: "Transaction timed out before reaching finality", data: None })) tx_digest=Digest("942wc9f4t83DLUkh5zEAnmkHhLzV6J7WoXHie6WGHnrp") retry_cnt=0
2026-05-20T12:40:29.047842Z ERROR iota_benchmark: Transaction failed with err: Rpc(Call(ErrorObject { code: ServerError(-32050), message: "Transaction timed out before reaching finality", data: None })) tx_digest=Digest("Gvw4E8thM78FUyA9Naw4sW2KtV9MMnrqQW9MjFm8ckxf") retry_cnt=0
2026-05-20T12:40:29.048416Z ERROR iota_benchmark: Transaction failed with err: Rpc(Call(ErrorObject { code: ServerError(-32050), message: "Transaction timed out before reaching finality", data: None })) tx_digest=Digest("GVrkvbyPtHk3VcDS78dEFDngWAuWqdUEjZXgs3Lb73kw") retry_cnt=0
2026-05-20T12:40:29.048715Z ERROR iota_benchmark: Transaction failed with err: Rpc(Call(ErrorObject { code: ServerError(-32050), message: "Transaction timed out before reaching finality", data: None })) tx_digest=Digest("CMAEM1rG1QMz4LNoN4jVpuYD23DcNNa47prRBKC85fzR") retry_cnt=0
2026-05-20T12:40:29.049597Z ERROR iota_benchmark: Transaction failed with err: Rpc(Call(ErrorObject { code: ServerError(-32050), message: "Transaction timed out before reaching finality", data: None })) tx_digest=Digest("4CDAwTXb3eUymR44sW9FosPcU7GxGbN9D9jMuHW4HfiU") retry_cnt=0
2026-05-20T12:40:29.049938Z ERROR iota_benchmark: Transaction failed with err: Rpc(Call(ErrorObject { code: ServerError(-32050), message: "Transaction timed out before reaching finality", data: None })) tx_digest=Digest("8rjvwsJnRBno1jMPT9ZuQbe9122KqmVSamXXJKALVxU8") retry_cnt=0
2026-05-20T12:40:29.050769Z ERROR iota_benchmark: Transaction failed with err: Rpc(Call(ErrorObject { code: ServerError(-32050), message: "Transaction timed out before reaching finality", data: None })) tx_digest=Digest("FymyZhT86tETgSAN9vg4pUiyeKE8nngXHKFaBtEEJ9eK") retry_cnt=0
2026-05-20T12:40:29.051347Z ERROR iota_benchmark: Transaction failed with err: Rpc(Call(ErrorObject { code: ServerError(-32050), message: "Transaction timed out before reaching finality", data: None })) tx_digest=Digest("qgx1ZrK1ayTFHvppfm8Cfj4GppuCj1kUb3KvoXGaDKe") retry_cnt=0
2026-05-20T12:40:29.052357Z ERROR iota_benchmark: Transaction failed with err: Rpc(Call(ErrorObject { code: ServerError(-32050), message: "Transaction timed out before reaching finality", data: None })) tx_digest=Digest("3ThFQ6woEHNiET6M5DMwiEN6DnUfPKtYQC2oyG3ogvci") retry_cnt=0
2026-05-20T12:40:29.052987Z ERROR iota_benchmark: Transaction failed with err: Rpc(Call(ErrorObject { code: ServerError(-32050), message: "Transaction timed out before reaching finality", data: None })) tx_digest=Digest("CA9VMrHq2UHds3y7pvnr8p46hAJyx9kG9gywgfpezzST") retry_cnt=0
2026-05-20T12:40:29.054153Z ERROR iota_benchmark: Transaction failed with err: Rpc(Call(ErrorObject { code: ServerError(-32050), message: "Transaction timed out before reaching finality", data: None })) tx_digest=Digest("CWuDeZTCinevjM4BUxHgQcS4WxDUsW77dpkiHopWBYBR") retry_cnt=0
2026-05-20T12:40:29.054209Z ERROR iota_benchmark: Transaction failed with err: Rpc(Call(ErrorObject { code: ServerError(-32050), message: "Transaction timed out before reaching finality", data: None })) tx_digest=Digest("3pNuoLEzesrfNKQz9NH8YLCyAeW2c8DCU4MgqJ9a1CsE") retry_cnt=0
2026-05-20T12:40:29.054686Z ERROR iota_benchmark: Transaction failed with err: Rpc(Call(ErrorObject { code: ServerError(-32050), message: "Transaction timed out before reaching finality", data: None })) tx_digest=Digest("EkohJ7rv2dUmshvgggCzzDUb68UqS48b4Ar3x4NHPAqJ") retry_cnt=0
2026-05-20T12:40:29.055304Z ERROR iota_benchmark: Transaction failed with err: Rpc(Call(ErrorObject { code: ServerError(-32050), message: "Transaction timed out before reaching finality", data: None })) tx_digest=Digest("PrQqXy5FR7dj9nVXepuXagtEVgi2fWZmEhQkDAZ7Txs") retry_cnt=0
2026-05-20T12:40:29.056179Z ERROR iota_benchmark: Transaction failed with err: Rpc(Call(ErrorObject { code: ServerError(-32050), message: "Transaction timed out before reaching finality", data: None })) tx_digest=Digest("ErxRjKvYeGUeXzkQ5pgDxHV1WANz65EncEeBYjZjFyNi") retry_cnt=0
2026-05-20T12:40:29.056251Z ERROR iota_benchmark: Transaction failed with err: Rpc(Call(ErrorObject { code: ServerError(-32050), message: "Transaction timed out before reaching finality", data: None })) tx_digest=Digest("EQBGAbWYWafenLcyhJTtQvrMrUjqSeMa1VLYGwYGuFoa") retry_cnt=0
2026-05-20T12:40:29.056531Z ERROR iota_benchmark: Transaction failed with err: Rpc(Call(ErrorObject { code: ServerError(-32050), message: "Transaction timed out before reaching finality", data: None })) tx_digest=Digest("9rFbFWC1imMbSDvRDVJzidpZmDVfsaD5twtESq1g2F1t") retry_cnt=0
2026-05-20T12:40:29.056572Z ERROR iota_benchmark: Transaction failed with err: Rpc(Call(ErrorObject { code: ServerError(-32050), message: "Transaction timed out before reaching finality", data: None })) tx_digest=Digest("A44T2fkb3xzLAGLjUXBX3kL8WFqgfU9UmyoJTEosXCMV") retry_cnt=0
2026-05-20T12:40:29.056782Z ERROR iota_benchmark: Transaction failed with err: Rpc(Call(ErrorObject { code: ServerError(-32050), message: "Transaction timed out before reaching finality", data: None })) tx_digest=Digest("DQQDaEy7a4BSrpSmVyamLP6FkYQrNVeVDQbjQ7ebb3uE") retry_cnt=0
2026-05-20T12:40:29.056938Z ERROR iota_benchmark: Transaction failed with err: Rpc(Call(ErrorObject { code: ServerError(-32050), message: "Transaction timed out before reaching finality", data: None })) tx_digest=Digest("D1njQoWkLL57eZPhf1tMNn1B3rSLvkjio7MZ6bECGPXL") retry_cnt=0
2026-05-20T12:40:29.057556Z ERROR iota_benchmark: Transaction failed with err: Rpc(Call(ErrorObject { code: ServerError(-32050), message: "Transaction timed out before reaching finality", data: None })) tx_digest=Digest("BWh3tgcubt7cv1BAwYKGmNVxZY1YHD3eyBUcK4GoSgTB") retry_cnt=0
2026-05-20T12:40:29.058047Z ERROR iota_benchmark: Transaction failed with err: Rpc(Call(ErrorObject { code: ServerError(-32050), message: "Transaction timed out before reaching finality", data: None })) tx_digest=Digest("F67V4rc5oHeXp2KuBUZohYBnuxtCFSUfaaD4tBHvJDYF") retry_cnt=0
2026-05-20T12:40:29.058811Z ERROR iota_benchmark: Transaction failed with err: Rpc(Call(ErrorObject { code: ServerError(-32050), message: "Transaction timed out before reaching finality", data: None })) tx_digest=Digest("4VoAMnLmJhAaPYh3Vg8EEuf3s4AVWMDv29dKXqMgdBcn") retry_cnt=0
2026-05-20T12:40:29.058816Z ERROR iota_benchmark: Transaction failed with err: Rpc(Call(ErrorObject { code: ServerError(-32050), message: "Transaction timed out before reaching finality", data: None })) tx_digest=Digest("Hv4CAuGx5uGH33znDxhKxi1cDMAMJFMSSLuEDW55XXav") retry_cnt=0
2026-05-20T12:40:29.058835Z ERROR iota_benchmark: Transaction failed with err: Rpc(Call(ErrorObject { code: ServerError(-32050), message: "Transaction timed out before reaching finality", data: None })) tx_digest=Digest("24cWwskpgqKNrHysZg96gweoyzqxKMVko4o2X4NCdvbd") retry_cnt=0
2026-05-20T12:40:29.058877Z ERROR iota_benchmark: Transaction failed with err: Rpc(Call(ErrorObject { code: ServerError(-32050), message: "Transaction timed out before reaching finality", data: None })) tx_digest=Digest("AoWGqwSwsLqu27t27EqBu4XKZkvn3SHe7vGjyzKBJURb") retry_cnt=0
2026-05-20T12:40:29.059135Z ERROR iota_benchmark: Transaction failed with err: Rpc(Call(ErrorObject { code: ServerError(-32050), message: "Transaction timed out before reaching finality", data: None })) tx_digest=Digest("TAucsk8hNYEqL3FgU3NbX9UKLeVQZRvxomak5yjFmzs") retry_cnt=0
2026-05-20T12:40:29.059141Z ERROR iota_benchmark: Transaction failed with err: Rpc(Call(ErrorObject { code: ServerError(-32050), message: "Transaction timed out before reaching finality", data: None })) tx_digest=Digest("4U9zZ6W4ucqmYJTo2bdsasrnmuMwE6VTx55qsnMpJgGK") retry_cnt=0
2026-05-20T12:40:29.059558Z ERROR iota_benchmark: Transaction failed with err: Rpc(Call(ErrorObject { code: ServerError(-32050), message: "Transaction timed out before reaching finality", data: None })) tx_digest=Digest("HMwbxfnVzegtb7rFrntaSVidcU5LKZtzpfZkidGX719G") retry_cnt=0
2026-05-20T12:40:29.059651Z ERROR iota_benchmark: Transaction failed with err: Rpc(Call(ErrorObject { code: ServerError(-32050), message: "Transaction timed out before reaching finality", data: None })) tx_digest=Digest("3B5HxtpW6je9tsfM1dGy45jbHhYaXmhbP8vjrJBdnGXL") retry_cnt=0
2026-05-20T12:40:29.060500Z ERROR iota_benchmark: Transaction failed with err: Rpc(Call(ErrorObject { code: ServerError(-32050), message: "Transaction timed out before reaching finality", data: None })) tx_digest=Digest("A6VhmBagYdihpHgo1iRdm9A8XPVBzTDWV29hp9SiMggm") retry_cnt=0
2026-05-20T12:40:29.060521Z ERROR iota_benchmark: Transaction failed with err: Rpc(Call(ErrorObject { code: ServerError(-32050), message: "Transaction timed out before reaching finality", data: None })) tx_digest=Digest("2akiGyGqtxFDBttLtm5Q5V3xjyouFhLb2xTLFfypk7eu") retry_cnt=0
2026-05-20T12:40:29.060538Z ERROR iota_benchmark: Transaction failed with err: Rpc(Call(ErrorObject { code: ServerError(-32050), message: "Transaction timed out before reaching finality", data: None })) tx_digest=Digest("AnGQFef5os2UpoQ1zhsVTPSHuZZhdCYbLwSxRF2MxrAn") retry_cnt=0
2026-05-20T12:40:29.063124Z ERROR iota_benchmark: Transaction failed with err: Rpc(Call(ErrorObject { code: ServerError(-32050), message: "Transaction timed out before reaching finality", data: None })) tx_digest=Digest("CNt5CLvSmRPSqzzJrc6zkyU6dCeTSTJwxnm1PbgVoLkR") retry_cnt=0
2026-05-20T12:40:29.064179Z ERROR iota_benchmark: Transaction failed with err: Rpc(Call(ErrorObject { code: ServerError(-32050), message: "Transaction timed out before reaching finality", data: None })) tx_digest=Digest("Fb65swtEqpCCcLBNVBGyhcqPFys492cKU6B3Xdufos2M") retry_cnt=0
2026-05-20T12:40:29.064228Z ERROR iota_benchmark: Transaction failed with err: Rpc(Call(ErrorObject { code: ServerError(-32050), message: "Transaction timed out before reaching finality", data: None })) tx_digest=Digest("9tt8DQQGB3fHbSsnuwNevuU7FEbr1fCM6545MvbNZrVk") retry_cnt=0
2026-05-20T12:40:29.064605Z ERROR iota_benchmark: Transaction failed with err: Rpc(Call(ErrorObject { code: ServerError(-32050), message: "Transaction timed out before reaching finality", data: None })) tx_digest=Digest("3ijVwXhCXGZWHA2qnQWk4JfbGKsvErbrq1U7vcoM2Tc5") retry_cnt=0
2026-05-20T12:40:29.065269Z ERROR iota_benchmark: Transaction failed with err: Rpc(Call(ErrorObject { code: ServerError(-32050), message: "Transaction timed out before reaching finality", data: None })) tx_digest=Digest("D2mDwfF9SAaDwueSiaAT5GwSkFuqsEiteLCeG9BDQjyh") retry_cnt=0
2026-05-20T12:40:29.065335Z ERROR iota_benchmark: Transaction failed with err: Rpc(Call(ErrorObject { code: ServerError(-32050), message: "Transaction timed out before reaching finality", data: None })) tx_digest=Digest("3mHhVdJuWVcAScKRAB6zVxGi4BekgB9YvV4UxJXMVf8N") retry_cnt=0
2026-05-20T12:40:29.066108Z ERROR iota_benchmark: Transaction failed with err: Rpc(Call(ErrorObject { code: ServerError(-32050), message: "Transaction timed out before reaching finality", data: None })) tx_digest=Digest("FuoHy8eaeqXN45jX6pVg2RxEpDrwMLBoJi4dRZszxsY7") retry_cnt=0
2026-05-20T12:40:29.066421Z ERROR iota_benchmark: Transaction failed with err: Rpc(Call(ErrorObject { code: ServerError(-32050), message: "Transaction timed out before reaching finality", data: None })) tx_digest=Digest("Hqrq1kiE7udLV7mgN3VxckFBd6nNJzuSdrD7ko1WHBze") retry_cnt=0
2026-05-20T12:40:29.066691Z ERROR iota_benchmark: Transaction failed with err: Rpc(Call(ErrorObject { code: ServerError(-32050), message: "Transaction timed out before reaching finality", data: None })) tx_digest=Digest("FuTLg98ASZh6HuqW66Q32DDgxfKZV1U2NaB7u3VUFzpj") retry_cnt=0
2026-05-20T12:40:29.066862Z ERROR iota_benchmark: Transaction failed with err: Rpc(Call(ErrorObject { code: ServerError(-32050), message: "Transaction timed out before reaching finality", data: None })) tx_digest=Digest("3ZM4yVAeW6UcPYovef8daoCdhfarHDCQvB4mfF4H4VTd") retry_cnt=0
2026-05-20T12:40:29.067076Z ERROR iota_benchmark: Transaction failed with err: Rpc(Call(ErrorObject { code: ServerError(-32050), message: "Transaction timed out before reaching finality", data: None })) tx_digest=Digest("6iQGqfxf2FSCGBCQUFFzUKjDDZdmAqcS7Rf63vAPQs99") retry_cnt=0
2026-05-20T12:40:29.067117Z ERROR iota_benchmark: Transaction failed with err: Rpc(Call(ErrorObject { code: ServerError(-32050), message: "Transaction timed out before reaching finality", data: None })) tx_digest=Digest("33y4Yp9FXHV4HsxkBd7DNwcKC8hEA7Whf1k2qDXxXof3") retry_cnt=0
2026-05-20T12:40:29.067180Z ERROR iota_benchmark: Transaction failed with err: Rpc(Call(ErrorObject { code: ServerError(-32050), message: "Transaction timed out before reaching finality", data: None })) tx_digest=Digest("D8p4Q9ybhzi1xfe7m6jcAkDiWY4qHfEjJRHd3MWzct5H") retry_cnt=0
2026-05-20T12:40:29.067543Z ERROR iota_benchmark: Transaction failed with err: Rpc(Call(ErrorObject { code: ServerError(-32050), message: "Transaction timed out before reaching finality", data: None })) tx_digest=Digest("HZKK9rHFPyiJ58LTfPq7y6LUwQAmBymqJeEZ8Z7Kr3gR") retry_cnt=0
2026-05-20T12:40:29.068706Z ERROR iota_benchmark: Transaction failed with err: Rpc(Call(ErrorObject { code: ServerError(-32050), message: "Transaction timed out before reaching finality", data: None })) tx_digest=Digest("HFHCAyQaxG2j55c8Au8Dd7LUzZ6X85jZLMSFwLHuaPJQ") retry_cnt=0
2026-05-20T12:40:29.068884Z ERROR iota_benchmark: Transaction failed with err: Rpc(Call(ErrorObject { code: ServerError(-32050), message: "Transaction timed out before reaching finality", data: None })) tx_digest=Digest("GwiB5siq4Tc5UeapJKKNwKQ1Y4Ed6FZDVu9etCfW9yCB") retry_cnt=0
2026-05-20T12:40:29.068892Z ERROR iota_benchmark: Transaction failed with err: Rpc(Call(ErrorObject { code: ServerError(-32050), message: "Transaction timed out before reaching finality", data: None })) tx_digest=Digest("9thv1vG1Z5ALG8786TwfBvn7CX57yErWHmigfUE46LDJ") retry_cnt=0
2026-05-20T12:40:29.068920Z ERROR iota_benchmark: Transaction failed with err: Rpc(Call(ErrorObject { code: ServerError(-32050), message: "Transaction timed out before reaching finality", data: None })) tx_digest=Digest("4bnx8vX1Qbb52dsp91grc9zr9jSweNXnfx8jjySeQDBx") retry_cnt=0
2026-05-20T12:40:29.069117Z ERROR iota_benchmark: Transaction failed with err: Rpc(Call(ErrorObject { code: ServerError(-32050), message: "Transaction timed out before reaching finality", data: None })) tx_digest=Digest("4MtF3w8mmR1C6ZCxKXwXNzNPyd2MHTFQrnYpKNg7HP3h") retry_cnt=0
2026-05-20T12:40:29.069287Z ERROR iota_benchmark: Transaction failed with err: Rpc(Call(ErrorObject { code: ServerError(-32050), message: "Transaction timed out before reaching finality", data: None })) tx_digest=Digest("HcfxGUdjB45H79FeRajycTUTv5jPHhbYt6qPHTfSTNKD") retry_cnt=0
2026-05-20T12:40:29.069335Z ERROR iota_benchmark: Transaction failed with err: Rpc(Call(ErrorObject { code: ServerError(-32050), message: "Transaction timed out before reaching finality", data: None })) tx_digest=Digest("6YRn5qcimSUp7knJ6U7KgLoE9ixyR4Dp2i3Gm8ChZJkP") retry_cnt=0
2026-05-20T12:40:29.069396Z ERROR iota_benchmark: Transaction failed with err: Rpc(Call(ErrorObject { code: ServerError(-32050), message: "Transaction timed out before reaching finality", data: None })) tx_digest=Digest("GFBrPxMNtbFRrnn4P57jyLFHteoxdD1qcLz7oZMqvyAE") retry_cnt=0
2026-05-20T12:40:29.069480Z ERROR iota_benchmark: Transaction failed with err: Rpc(Call(ErrorObject { code: ServerError(-32050), message: "Transaction timed out before reaching finality", data: None })) tx_digest=Digest("8SbPHQvrN6JnbWBtvoZBWpUxkG6KR3aRF3FL5gQwdYqF") retry_cnt=0
2026-05-20T12:40:29.069587Z ERROR iota_benchmark: Transaction failed with err: Rpc(Call(ErrorObject { code: ServerError(-32050), message: "Transaction timed out before reaching finality", data: None })) tx_digest=Digest("F6xKoLzBwnswV3VDS8iwe4oShkQKSKHC8w9g6zQWdJDL") retry_cnt=0
2026-05-20T12:40:29.069931Z ERROR iota_benchmark: Transaction failed with err: Rpc(Call(ErrorObject { code: ServerError(-32050), message: "Transaction timed out before reaching finality", data: None })) tx_digest=Digest("Gz9rmyaq9Q1SiuQQqtbE4Stb2VhAPQkTYR9qm9tDTX7E") retry_cnt=0
2026-05-20T12:40:29.070134Z ERROR iota_benchmark: Transaction failed with err: Rpc(Call(ErrorObject { code: ServerError(-32050), message: "Transaction timed out before reaching finality", data: None })) tx_digest=Digest("MqPrS3eT8mPQm7q1UM4fszqetJNmJG6XHngKv3SrQ2A") retry_cnt=0
2026-05-20T12:40:29.070179Z ERROR iota_benchmark: Transaction failed with err: Rpc(Call(ErrorObject { code: ServerError(-32050), message: "Transaction timed out before reaching finality", data: None })) tx_digest=Digest("94YcAXARX38Ro9xsvaRpkJgEL78XETwpS8v5CbLAbfYf") retry_cnt=0
2026-05-20T12:40:29.070408Z ERROR iota_benchmark: Transaction failed with err: Rpc(Call(ErrorObject { code: ServerError(-32050), message: "Transaction timed out before reaching finality", data: None })) tx_digest=Digest("2rvYCLPXXvwXiirT5H7sxBxsarPm9EnzGBHVWKZJcVnH") retry_cnt=0
2026-05-20T12:40:29.070425Z ERROR iota_benchmark: Transaction failed with err: Rpc(Call(ErrorObject { code: ServerError(-32050), message: "Transaction timed out before reaching finality", data: None })) tx_digest=Digest("78ZE6RBR6dsizxSWE9T7krLrm6YK4JpmLS9ny4v54L73") retry_cnt=0
2026-05-20T12:40:29.070437Z ERROR iota_benchmark: Transaction failed with err: Rpc(Call(ErrorObject { code: ServerError(-32050), message: "Transaction timed out before reaching finality", data: None })) tx_digest=Digest("3PbV9W1WENnUZ8F13qxZzmRhgndU4KFtYmrWWVSCpEGj") retry_cnt=0
2026-05-20T12:40:29.071228Z ERROR iota_benchmark: Transaction failed with err: Rpc(Call(ErrorObject { code: ServerError(-32050), message: "Transaction timed out before reaching finality", data: None })) tx_digest=Digest("54FbCXUC2jyeCsCnV8bM27cRpNNiME9GaJN33fDoP9DF") retry_cnt=0
2026-05-20T12:40:29.071507Z ERROR iota_benchmark: Transaction failed with err: Rpc(Call(ErrorObject { code: ServerError(-32050), message: "Transaction timed out before reaching finality", data: None })) tx_digest=Digest("8RnS3rvYcVuUYJZZifF3NRF4L11J96a7wX2A16Sejk9K") retry_cnt=0
2026-05-20T12:40:29.072369Z ERROR iota_benchmark: Transaction failed with err: Rpc(Call(ErrorObject { code: ServerError(-32050), message: "Transaction timed out before reaching finality", data: None })) tx_digest=Digest("CcpnQ3amy6JtRuPeiokmFjvCZJJKkGQtT9NPabSaq2LJ") retry_cnt=0
2026-05-20T12:40:29.072458Z ERROR iota_benchmark: Transaction failed with err: Rpc(Call(ErrorObject { code: ServerError(-32050), message: "Transaction timed out before reaching finality", data: None })) tx_digest=Digest("3MAvWRWkpULF1Mvw32CBiXFwmqVL4WZNSKYU94rBcYFG") retry_cnt=0
2026-05-20T12:40:29.072954Z ERROR iota_benchmark: Transaction failed with err: Rpc(Call(ErrorObject { code: ServerError(-32050), message: "Transaction timed out before reaching finality", data: None })) tx_digest=Digest("4J9zs4GiP3hw3MQaz5BXMtaASF8oLXpKta4E3bJ76Qby") retry_cnt=0
2026-05-20T12:40:29.072974Z ERROR iota_benchmark: Transaction failed with err: Rpc(Call(ErrorObject { code: ServerError(-32050), message: "Transaction timed out before reaching finality", data: None })) tx_digest=Digest("HKwhNgzEq1cbC3eHr7TYih4q7etmLCJKudnx5VfhHhZt") retry_cnt=0
2026-05-20T12:40:29.074189Z ERROR iota_benchmark: Transaction failed with err: Rpc(Call(ErrorObject { code: ServerError(-32050), message: "Transaction timed out before reaching finality", data: None })) tx_digest=Digest("5DnE8h5A7eKGTMCM5SDxEauUw9Qfm4jppNLKHidKEtYa") retry_cnt=0
2026-05-20T12:40:29.075088Z ERROR iota_benchmark: Transaction failed with err: Rpc(Call(ErrorObject { code: ServerError(-32050), message: "Transaction timed out before reaching finality", data: None })) tx_digest=Digest("6zFjT75nUT29QpGmWxwUm9n65C44PBXoxuEGWJKzHxDB") retry_cnt=0
2026-05-20T12:40:29.075097Z ERROR iota_benchmark: Transaction failed with err: Rpc(Call(ErrorObject { code: ServerError(-32050), message: "Transaction timed out before reaching finality", data: None })) tx_digest=Digest("4fznTLAtZwwRH2EFKXgYNezXwFUY8NRJoQeAaL5asYr7") retry_cnt=0
2026-05-20T12:40:29.075822Z ERROR iota_benchmark: Transaction failed with err: Rpc(Call(ErrorObject { code: ServerError(-32050), message: "Transaction timed out before reaching finality", data: None })) tx_digest=Digest("FaPfvrveS556aeHVRF1RX8bnEATKoVU34cS6zVQjfE7S") retry_cnt=0
2026-05-20T12:40:29.077898Z ERROR iota_benchmark: Transaction failed with err: Rpc(Call(ErrorObject { code: ServerError(-32050), message: "Transaction timed out before reaching finality", data: None })) tx_digest=Digest("BQB7eKCwCZYhpaWBQ99yJMonr9bFe7EPjWdnmNDuT2Hx") retry_cnt=0
2026-05-20T12:40:29.078270Z ERROR iota_benchmark: Transaction failed with err: Rpc(Call(ErrorObject { code: ServerError(-32050), message: "Transaction timed out before reaching finality", data: None })) tx_digest=Digest("AtFfMxbEt31BP9dNYGbRmbrUc9oUm8sKJ3o7Zn1DD6oL") retry_cnt=0
2026-05-20T12:40:29.078702Z ERROR iota_benchmark: Transaction failed with err: Rpc(Call(ErrorObject { code: ServerError(-32050), message: "Transaction timed out before reaching finality", data: None })) tx_digest=Digest("7BCdZoKEYqVT469R9gstcttwSXmhTZdAGq5d21GaZPmB") retry_cnt=0
2026-05-20T12:40:29.078862Z ERROR iota_benchmark: Transaction failed with err: Rpc(Call(ErrorObject { code: ServerError(-32050), message: "Transaction timed out before reaching finality", data: None })) tx_digest=Digest("D6tj9Egph9gfD4bw6UUPxmhmQEHL8agaL3gHFReuNo32") retry_cnt=0
2026-05-20T12:40:29.079000Z ERROR iota_benchmark: Transaction failed with err: Rpc(Call(ErrorObject { code: ServerError(-32050), message: "Transaction timed out before reaching finality", data: None })) tx_digest=Digest("84RK2jHELDXS5AE4wnS3gWon828bd5XUMk9Zv5gp5tM5") retry_cnt=0
2026-05-20T12:40:29.080736Z ERROR iota_benchmark: Transaction failed with err: Rpc(Call(ErrorObject { code: ServerError(-32050), message: "Transaction timed out before reaching finality", data: None })) tx_digest=Digest("4XB8DzZi85LPQoGss4A6iaQpfhUEpmQd9b95vMXZ46Qx") retry_cnt=0
2026-05-20T12:40:29.082074Z ERROR iota_benchmark: Transaction failed with err: Rpc(Call(ErrorObject { code: ServerError(-32050), message: "Transaction timed out before reaching finality", data: None })) tx_digest=Digest("GGELsNoG5ZgQgEaQBfBiAYf35ra92u9JS2M5vyx4sZ35") retry_cnt=0
2026-05-20T12:40:29.082786Z ERROR iota_benchmark: Transaction failed with err: Rpc(Call(ErrorObject { code: ServerError(-32050), message: "Transaction timed out before reaching finality", data: None })) tx_digest=Digest("DvWALnFeenBcSoMHQAQVuPuLrGmqByqnwaxBcFKtaVfi") retry_cnt=0
2026-05-20T12:40:29.082835Z ERROR iota_benchmark: Transaction failed with err: Rpc(Call(ErrorObject { code: ServerError(-32050), message: "Transaction timed out before reaching finality", data: None })) tx_digest=Digest("5efMVW4XmGKxEerWgqRuaj3hMKkacHF5WxnPFGWHKEeD") retry_cnt=0
2026-05-20T12:40:29.083023Z ERROR iota_benchmark: Transaction failed with err: Rpc(Call(ErrorObject { code: ServerError(-32050), message: "Transaction timed out before reaching finality", data: None })) tx_digest=Digest("8Fbc2BbJHr2Um8njXevPRRVUgzrtfHzjGkKjovmN6cFd") retry_cnt=0
2026-05-20T12:40:29.084948Z ERROR iota_benchmark: Transaction failed with err: Rpc(Call(ErrorObject { code: ServerError(-32050), message: "Transaction timed out before reaching finality", data: None })) tx_digest=Digest("A3WzKjvTG37N9RxekKpkYwxYbM9VfgpB99XgwEDL6Smz") retry_cnt=0
2026-05-20T12:40:29.085137Z ERROR iota_benchmark: Transaction failed with err: Rpc(Call(ErrorObject { code: ServerError(-32050), message: "Transaction timed out before reaching finality", data: None })) tx_digest=Digest("DRt71LxHDizVMRMo4h34WsPN9A2xjuYPVPwx3p81PBaC") retry_cnt=0
2026-05-20T12:40:29.085417Z ERROR iota_benchmark: Transaction failed with err: Rpc(Call(ErrorObject { code: ServerError(-32050), message: "Transaction timed out before reaching finality", data: None })) tx_digest=Digest("6XvU4ye7fd7PqJPcFy8eSApE76fpGY1KEQ5Ynu7awkP4") retry_cnt=2
2026-05-20T12:40:29.086459Z ERROR iota_benchmark: Transaction failed with err: Rpc(Call(ErrorObject { code: ServerError(-32050), message: "Transaction timed out before reaching finality", data: None })) tx_digest=Digest("24HA2SSwhzUxUH5BxVBR3Uw6Jq7BLMHWZ7ZFK5EWuB4V") retry_cnt=0
2026-05-20T12:40:29.086470Z ERROR iota_benchmark: Transaction failed with err: Rpc(Call(ErrorObject { code: ServerError(-32050), message: "Transaction timed out before reaching finality", data: None })) tx_digest=Digest("FnDUWaqWZ2SfQkvU1TKXChBY5Am9MKLfvn5CCj9gmp41") retry_cnt=0
2026-05-20T12:40:29.086542Z ERROR iota_benchmark: Transaction failed with err: Rpc(Call(ErrorObject { code: ServerError(-32050), message: "Transaction timed out before reaching finality", data: None })) tx_digest=Digest("71i7tANes4sPpafv2m1MrVRmPM36WwVvzLeCvfvcAm5N") retry_cnt=0
2026-05-20T12:40:29.086738Z ERROR iota_benchmark: Transaction failed with err: Rpc(Call(ErrorObject { code: ServerError(-32050), message: "Transaction timed out before reaching finality", data: None })) tx_digest=Digest("FBCt9UdJunJqwu5PSm8nRUq4Kp7y5d6yGPc2YfimGKEu") retry_cnt=2
2026-05-20T12:40:29.087317Z ERROR iota_benchmark: Transaction failed with err: Rpc(Call(ErrorObject { code: ServerError(-32050), message: "Transaction timed out before reaching finality", data: None })) tx_digest=Digest("8VerKcHpGnq8bsT2SqdoHBrkqs597f2Atp8zLg2ZhR5L") retry_cnt=0
2026-05-20T12:40:29.087321Z ERROR iota_benchmark: Transaction failed with err: Rpc(Call(ErrorObject { code: ServerError(-32050), message: "Transaction timed out before reaching finality", data: None })) tx_digest=Digest("3uo6YtYoSA8g2PRSM8S1UdQZR5yKCcUSWiSsrxwMpeD5") retry_cnt=0
2026-05-20T12:40:29.088511Z ERROR iota_benchmark: Transaction failed with err: Rpc(Call(ErrorObject { code: ServerError(-32050), message: "Transaction timed out before reaching finality", data: None })) tx_digest=Digest("75bAuy5oK3TfLnj2Rk89oWYPbPev5KZYUV3SiA3S2RV5") retry_cnt=0
2026-05-20T12:40:29.089061Z ERROR iota_benchmark: Transaction failed with err: Rpc(Call(ErrorObject { code: ServerError(-32050), message: "Transaction timed out before reaching finality", data: None })) tx_digest=Digest("GJUv3bUkeTtHBjinyVNLkKatfDBh2u1Fp273nNKefnwM") retry_cnt=2
2026-05-20T12:40:29.089434Z ERROR iota_benchmark: Transaction failed with err: Rpc(Call(ErrorObject { code: ServerError(-32050), message: "Transaction timed out before reaching finality", data: None })) tx_digest=Digest("8wf7yNELdFCbZn8D5KPqC1BDm4nEdbh2yg8yujimMNgF") retry_cnt=0
2026-05-20T12:40:29.089447Z ERROR iota_benchmark: Transaction failed with err: Rpc(Call(ErrorObject { code: ServerError(-32050), message: "Transaction timed out before reaching finality", data: None })) tx_digest=Digest("EYnz5nyhE11AfR3V9vxLWzPp6ij93womDM37bxuM7xc9") retry_cnt=0
2026-05-20T12:40:29.089488Z ERROR iota_benchmark: Transaction failed with err: Rpc(Call(ErrorObject { code: ServerError(-32050), message: "Transaction timed out before reaching finality", data: None })) tx_digest=Digest("6KaT6M3gQsLEAGAaCXPJ9RnDARPFrg75TiMd3R63NBUe") retry_cnt=0
2026-05-20T12:40:29.090076Z ERROR iota_benchmark: Transaction failed with err: Rpc(Call(ErrorObject { code: ServerError(-32050), message: "Transaction timed out before reaching finality", data: None })) tx_digest=Digest("7SSjCRJcGb3W1w5gLqfR3q5bm6doJYsDXyvNphZEqrNE") retry_cnt=0
2026-05-20T12:40:29.090100Z ERROR iota_benchmark: Transaction failed with err: Rpc(Call(ErrorObject { code: ServerError(-32050), message: "Transaction timed out before reaching finality", data: None })) tx_digest=Digest("2uJrZcvzqTdFmzixga3G46abi8ZunQQjDsDQqJ3sMum9") retry_cnt=0
2026-05-20T12:40:29.090484Z ERROR iota_benchmark: Transaction failed with err: Rpc(Call(ErrorObject { code: ServerError(-32050), message: "Transaction timed out before reaching finality", data: None })) tx_digest=Digest("6DTQQvQjn7fnoBxevuv2b4H15SpQopRCFBrQfv3Mn1nK") retry_cnt=0
2026-05-20T12:40:29.090536Z ERROR iota_benchmark: Transaction failed with err: Rpc(Call(ErrorObject { code: ServerError(-32050), message: "Transaction timed out before reaching finality", data: None })) tx_digest=Digest("2Czi5BpTuvuSexoLwZCaQxEMHWSBrLF1mZAZL66eGwCy") retry_cnt=0
2026-05-20T12:40:29.090557Z ERROR iota_benchmark: Transaction failed with err: Rpc(Call(ErrorObject { code: ServerError(-32050), message: "Transaction timed out before reaching finality", data: None })) tx_digest=Digest("f1RTFK6pPQDcYyyxoKcbe78gshY4x7q8eMYLtTPmUXq") retry_cnt=2
2026-05-20T12:40:29.090836Z ERROR iota_benchmark: Transaction failed with err: Rpc(Call(ErrorObject { code: ServerError(-32050), message: "Transaction timed out before reaching finality", data: None })) tx_digest=Digest("DgbSQqcXEXtPEhtoyjh8uuVa5SNBmxRivkBqTmbh3M2y") retry_cnt=0
2026-05-20T12:40:29.090846Z ERROR iota_benchmark: Transaction failed with err: Rpc(Call(ErrorObject { code: ServerError(-32050), message: "Transaction timed out before reaching finality", data: None })) tx_digest=Digest("2oppdKGzzSBBrR1x2nwxkzAoLGFKZLQxnf4f5xmxJt4h") retry_cnt=0
2026-05-20T12:40:29.091398Z ERROR iota_benchmark: Transaction failed with err: Rpc(Call(ErrorObject { code: ServerError(-32050), message: "Transaction timed out before reaching finality", data: None })) tx_digest=Digest("8ERyTXcUeDt8V6tXzkRdr8KETcbf9gtjYpH7ojPNvKAA") retry_cnt=2
2026-05-20T12:40:29.091404Z ERROR iota_benchmark: Transaction failed with err: Rpc(Call(ErrorObject { code: ServerError(-32050), message: "Transaction timed out before reaching finality", data: None })) tx_digest=Digest("Bjvg1KXFD4hz8aLdynAvGL15uoZEmY3jchgK3D1oCQoz") retry_cnt=0
2026-05-20T12:40:29.091586Z ERROR iota_benchmark: Transaction failed with err: Rpc(Call(ErrorObject { code: ServerError(-32050), message: "Transaction timed out before reaching finality", data: None })) tx_digest=Digest("CkQBNBKAAKLccF3iEcKkZifVK6Unrpqr6k17fvr19uhc") retry_cnt=0
2026-05-20T12:40:29.092384Z ERROR iota_benchmark: Transaction failed with err: Rpc(Call(ErrorObject { code: ServerError(-32050), message: "Transaction timed out before reaching finality", data: None })) tx_digest=Digest("F6uXgeia2DwkE53zoJ41M6BnjEx8dKKLYCd7ws2At44d") retry_cnt=0
2026-05-20T12:40:29.093004Z ERROR iota_benchmark: Transaction failed with err: Rpc(Call(ErrorObject { code: ServerError(-32050), message: "Transaction timed out before reaching finality", data: None })) tx_digest=Digest("22aCfbQfo6f1VmacAN1XVPDgz422EqZvtdXFkxAmEsLT") retry_cnt=0
2026-05-20T12:40:29.093488Z ERROR iota_benchmark: Transaction failed with err: Rpc(Call(ErrorObject { code: ServerError(-32050), message: "Transaction timed out before reaching finality", data: None })) tx_digest=Digest("7MutifGAkd1xAP1C6dJYuSjVzUQHxj7JguBxd2nmq3j3") retry_cnt=0
2026-05-20T12:40:29.093738Z ERROR iota_benchmark: Transaction failed with err: Rpc(Call(ErrorObject { code: ServerError(-32050), message: "Transaction timed out before reaching finality", data: None })) tx_digest=Digest("Hy9EPTP7iuUih8TbvMdvop8rrEiQNVe6hn6ARVpix4y5") retry_cnt=2
2026-05-20T12:40:29.151340Z ERROR iota_benchmark: Transaction failed with err: Rpc(Call(ErrorObject { code: ServerError(-32050), message: "Transaction timed out before reaching finality", data: None })) tx_digest=Digest("ETEHYMDmnF7YFZmKrYeVMAuRwTgu3yzS8xsm8aLHkVDQ") retry_cnt=0
2026-05-20T12:40:29.151360Z ERROR iota_benchmark: Transaction failed with err: Rpc(Call(ErrorObject { code: ServerError(-32050), message: "Transaction timed out before reaching finality", data: None })) tx_digest=Digest("CiQ15g63ApBxdXaV4FEXu2EMjYnq3eKikraeWNopUSrP") retry_cnt=0
2026-05-20T12:40:29.151375Z ERROR iota_benchmark: Transaction failed with err: Rpc(Call(ErrorObject { code: ServerError(-32050), message: "Transaction timed out before reaching finality", data: None })) tx_digest=Digest("CMNwBoFdvm85Qef2DgTLLwynTCfeTUj9dXaqcmoWtdKW") retry_cnt=0
2026-05-20T12:40:29.151417Z ERROR iota_benchmark: Transaction failed with err: Rpc(Call(ErrorObject { code: ServerError(-32050), message: "Transaction timed out before reaching finality", data: None })) tx_digest=Digest("8BBrn3adt2d7WtGVRejeU3Wng2YygStPkdHweTovX5Fh") retry_cnt=0
2026-05-20T12:40:29.156537Z ERROR iota_benchmark: Transaction failed with err: Rpc(Call(ErrorObject { code: ServerError(-32050), message: "Transaction timed out before reaching finality", data: None })) tx_digest=Digest("H95DhdPD1cmvRWHSpqH8AfXAa1LPUsyxfrJV8iBUKLu2") retry_cnt=0
2026-05-20T12:40:29.156713Z ERROR iota_benchmark: Transaction failed with err: Rpc(Call(ErrorObject { code: ServerError(-32050), message: "Transaction timed out before reaching finality", data: None })) tx_digest=Digest("G2cu2Gjz7jJVun7xwtwWBV9DQ2FS2EeC2AmZz4pWDp4U") retry_cnt=0
2026-05-20T12:40:29.156851Z ERROR iota_benchmark: Transaction failed with err: Rpc(Call(ErrorObject { code: ServerError(-32050), message: "Transaction timed out before reaching finality", data: None })) tx_digest=Digest("68zcGJxujzs494ecjz6UTCjBYmQ17LqwR5iFUQ9FF8H4") retry_cnt=0
2026-05-20T12:40:29.159201Z ERROR iota_benchmark: Transaction failed with err: Rpc(Call(ErrorObject { code: ServerError(-32050), message: "Transaction timed out before reaching finality", data: None })) tx_digest=Digest("oFVX8NWTHq3CxLgwrwLE94iNu32xtsXC7PPR5fKQT75") retry_cnt=2
2026-05-20T12:40:29.160027Z ERROR iota_benchmark: Transaction failed with err: Rpc(Call(ErrorObject { code: ServerError(-32050), message: "Transaction timed out before reaching finality", data: None })) tx_digest=Digest("TRiijFMhKEsgBFP2j2pRkF9ssH51LHnDX2Vn9DVA5Xu") retry_cnt=2
2026-05-20T12:40:29.162174Z ERROR iota_benchmark: Transaction failed with err: Rpc(Call(ErrorObject { code: ServerError(-32050), message: "Transaction timed out before reaching finality", data: None })) tx_digest=Digest("DHZYLuyozQfTu4T66AvpiWbTzhEjHKQKar22JpdFSSZ6") retry_cnt=0
2026-05-20T12:40:29.162231Z ERROR iota_benchmark: Transaction failed with err: Rpc(Call(ErrorObject { code: ServerError(-32050), message: "Transaction timed out before reaching finality", data: None })) tx_digest=Digest("7WAzVNjQrAA7Ntnf7uao7F4Dhx6jgi1YWs1QzCL5oouJ") retry_cnt=0
2026-05-20T12:40:29.162612Z ERROR iota_benchmark: Transaction failed with err: Rpc(Call(ErrorObject { code: ServerError(-32050), message: "Transaction timed out before reaching finality", data: None })) tx_digest=Digest("GzAnkyFcarQbmEf5J4AintLgVkyQsRKgGoqFWcXf7pCs") retry_cnt=2
2026-05-20T12:40:29.163893Z ERROR iota_benchmark: Transaction failed with err: Rpc(Call(ErrorObject { code: ServerError(-32050), message: "Transaction timed out before reaching finality", data: None })) tx_digest=Digest("5tmmQuqa31zzG8wdgJ4UtaHLKBvjw7bjt51pz6zb4Xxj") retry_cnt=0
2026-05-20T12:40:29.163943Z ERROR iota_benchmark: Transaction failed with err: Rpc(Call(ErrorObject { code: ServerError(-32050), message: "Transaction timed out before reaching finality", data: None })) tx_digest=Digest("SAyg2cmrwV3ZXdsmQUB74bwt3rAUqa3v1johs6RQAv2") retry_cnt=0
2026-05-20T12:40:29.165275Z ERROR iota_benchmark: Transaction failed with err: Rpc(Call(ErrorObject { code: ServerError(-32050), message: "Transaction timed out before reaching finality", data: None })) tx_digest=Digest("2xA6G2GTHGqPx6zTL8KffestCfqKAbgeKMaw26cKRFDz") retry_cnt=0
2026-05-20T12:40:29.166404Z ERROR iota_benchmark: Transaction failed with err: Rpc(Call(ErrorObject { code: ServerError(-32050), message: "Transaction timed out before reaching finality", data: None })) tx_digest=Digest("7Xayy2uKmJBx1iBvi9LGuAWCW8Qj8NrjhPyry5DRmN68") retry_cnt=0
2026-05-20T12:40:29.166474Z ERROR iota_benchmark: Transaction failed with err: Rpc(Call(ErrorObject { code: ServerError(-32050), message: "Transaction timed out before reaching finality", data: None })) tx_digest=Digest("GgT4rZ4dFQ9hVHQcBmg7cAc6XdGT5i4fonukpRG6TDW1") retry_cnt=0
2026-05-20T12:40:29.166572Z ERROR iota_benchmark: Transaction failed with err: Rpc(Call(ErrorObject { code: ServerError(-32050), message: "Transaction timed out before reaching finality", data: None })) tx_digest=Digest("AC5Mx4WCXoEfTMovkW5Nm2ktRrC9om6bHyPWYs8JEoez") retry_cnt=0
2026-05-20T12:40:29.166885Z ERROR iota_benchmark: Transaction failed with err: Rpc(Call(ErrorObject { code: ServerError(-32050), message: "Transaction timed out before reaching finality", data: None })) tx_digest=Digest("A3N1PtSB3eZF7rN8j2Pv7pefQWDXdCRgKsTHzWWNrU38") retry_cnt=0
2026-05-20T12:40:29.167262Z ERROR iota_benchmark: Transaction failed with err: Rpc(Call(ErrorObject { code: ServerError(-32050), message: "Transaction timed out before reaching finality", data: None })) tx_digest=Digest("62hmkKn5aJYZLrecQemxKBqqoQHKaFe9t3gu7FPCbGHb") retry_cnt=0
2026-05-20T12:40:29.167867Z ERROR iota_benchmark: Transaction failed with err: Rpc(Call(ErrorObject { code: ServerError(-32050), message: "Transaction timed out before reaching finality", data: None })) tx_digest=Digest("Bv79Kyme4L1Er8xfK1Yv3E1PTJ1Vyoc42cSku29AAuep") retry_cnt=0
2026-05-20T12:40:29.168126Z ERROR iota_benchmark: Transaction failed with err: Rpc(Call(ErrorObject { code: ServerError(-32050), message: "Transaction timed out before reaching finality", data: None })) tx_digest=Digest("8mHkMyuMQyP69CVoiSF4Cu4Dc5LnaHNnvV86Hn8FuxtC") retry_cnt=0
2026-05-20T12:40:29.169500Z ERROR iota_benchmark: Transaction failed with err: Rpc(Call(ErrorObject { code: ServerError(-32050), message: "Transaction timed out before reaching finality", data: None })) tx_digest=Digest("DC1zCDHQUBgXp5EphwzywDbiD1DMP6Lef5tci1hxtCET") retry_cnt=2
2026-05-20T12:40:29.171162Z ERROR iota_benchmark: Transaction failed with err: Rpc(Call(ErrorObject { code: ServerError(-32050), message: "Transaction timed out before reaching finality", data: None })) tx_digest=Digest("7f1BLF52YLWTmNc55fsvqgGoE6iW5JhYYXmi2vDZkGNr") retry_cnt=0
2026-05-20T12:40:29.171166Z ERROR iota_benchmark: Transaction failed with err: Rpc(Call(ErrorObject { code: ServerError(-32050), message: "Transaction timed out before reaching finality", data: None })) tx_digest=Digest("HKM13tYAe8C3MqjUbSc8J1m6qVuwM3yTHbJHBtHwS3Dk") retry_cnt=2
2026-05-20T12:40:29.171661Z ERROR iota_benchmark: Transaction failed with err: Rpc(Call(ErrorObject { code: ServerError(-32050), message: "Transaction timed out before reaching finality", data: None })) tx_digest=Digest("5Jju8qPQVhaDrmtsgH1Qb64mPutzZ5YbQgH4bMG7uqy9") retry_cnt=0
2026-05-20T12:40:29.171719Z ERROR iota_benchmark: Transaction failed with err: Rpc(Call(ErrorObject { code: ServerError(-32050), message: "Transaction timed out before reaching finality", data: None })) tx_digest=Digest("7bEz5YshTCFLFL4yf5s8cwNff6dDQp3bUu86dokTjjcQ") retry_cnt=0
2026-05-20T12:40:29.172086Z ERROR iota_benchmark: Transaction failed with err: Rpc(Call(ErrorObject { code: ServerError(-32050), message: "Transaction timed out before reaching finality", data: None })) tx_digest=Digest("G1n6MsFP8w3JVuDebQtCVMMc8zA92g9eAfUVEMCFeNWj") retry_cnt=2
2026-05-20T12:40:29.172317Z ERROR iota_benchmark: Transaction failed with err: Rpc(Call(ErrorObject { code: ServerError(-32050), message: "Transaction timed out before reaching finality", data: None })) tx_digest=Digest("FbLmymxVwMdXS4kSLZZq124zq6SsikyCCaBng6KHdTZ6") retry_cnt=2
2026-05-20T12:40:29.173969Z ERROR iota_benchmark: Transaction failed with err: Rpc(Call(ErrorObject { code: ServerError(-32050), message: "Transaction timed out before reaching finality", data: None })) tx_digest=Digest("HJ1prSVq2skbmB4GDA8jMJfULDxDiYUEhfsvGssmZHm6") retry_cnt=0
2026-05-20T12:40:29.173983Z ERROR iota_benchmark: Transaction failed with err: Rpc(Call(ErrorObject { code: ServerError(-32050), message: "Transaction timed out before reaching finality", data: None })) tx_digest=Digest("3xzhRSCW1DCNPv8WkSzFTBLyYbhRD5d8c5FNU9dcbjP6") retry_cnt=0
2026-05-20T12:40:29.179845Z ERROR iota_benchmark: Transaction failed with err: Rpc(Call(ErrorObject { code: ServerError(-32050), message: "Transaction timed out before reaching finality", data: None })) tx_digest=Digest("Ary5ubkuFbqeLHn9tyMXEfavvA5Dvhd35MPvSxZ3ifpS") retry_cnt=0
2026-05-20T12:40:29.180052Z ERROR iota_benchmark: Transaction failed with err: Rpc(Call(ErrorObject { code: ServerError(-32050), message: "Transaction timed out before reaching finality", data: None })) tx_digest=Digest("AP4ir5dc5m1nup2vYKuSdt3dHht1EvGEhqh8vaQ6mpXS") retry_cnt=0
2026-05-20T12:40:29.180147Z ERROR iota_benchmark: Transaction failed with err: Rpc(Call(ErrorObject { code: ServerError(-32050), message: "Transaction timed out before reaching finality", data: None })) tx_digest=Digest("7KLvJnrZAsVEnNzqm6aqQpytKA12u91HXDCzF2i5MhXn") retry_cnt=0
2026-05-20T12:40:29.180436Z ERROR iota_benchmark: Transaction failed with err: Rpc(Call(ErrorObject { code: ServerError(-32050), message: "Transaction timed out before reaching finality", data: None })) tx_digest=Digest("7iDokZs7yr931Mr6HGU2bCQbN1QvB2kqmM83DrLCqKiQ") retry_cnt=0
2026-05-20T12:40:29.180603Z ERROR iota_benchmark: Transaction failed with err: Rpc(Call(ErrorObject { code: ServerError(-32050), message: "Transaction timed out before reaching finality", data: None })) tx_digest=Digest("2QryNbLT4EQaF8DymjGufegd7W3aHXQDCCZy8ZJMFtZY") retry_cnt=0
2026-05-20T12:40:29.181013Z ERROR iota_benchmark: Transaction failed with err: Rpc(Call(ErrorObject { code: ServerError(-32050), message: "Transaction timed out before reaching finality", data: None })) tx_digest=Digest("DfG181BAegmvKF41L3d7uDi3DGnuRYciRG4DbWiV4dmK") retry_cnt=0
2026-05-20T12:40:29.181064Z ERROR iota_benchmark: Transaction failed with err: Rpc(Call(ErrorObject { code: ServerError(-32050), message: "Transaction timed out before reaching finality", data: None })) tx_digest=Digest("Bg3ww2bGqkazeqvwHx3Wu6ZRXXJ7nNm9wdRmf5G6dEjL") retry_cnt=0
2026-05-20T12:40:29.181478Z ERROR iota_benchmark: Transaction failed with err: Rpc(Call(ErrorObject { code: ServerError(-32050), message: "Transaction timed out before reaching finality", data: None })) tx_digest=Digest("3sytTnjwtibxGFegtrQ67eQ3Crfij12UY7nyrgFejUBB") retry_cnt=0
2026-05-20T12:40:29.181612Z ERROR iota_benchmark: Transaction failed with err: Rpc(Call(ErrorObject { code: ServerError(-32050), message: "Transaction timed out before reaching finality", data: None })) tx_digest=Digest("DUTFUqmxA3fy4hA3Xtz2CdTqQTUTFxESUiz5ExXGPS7x") retry_cnt=0
2026-05-20T12:40:29.181743Z ERROR iota_benchmark: Transaction failed with err: Rpc(Call(ErrorObject { code: ServerError(-32050), message: "Transaction timed out before reaching finality", data: None })) tx_digest=Digest("Ajm4mPxV5uop2eMcoqCPDcRVJ3UpZz4sdhiewEg1gPnA") retry_cnt=0
2026-05-20T12:40:29.182593Z ERROR iota_benchmark: Transaction failed with err: Rpc(Call(ErrorObject { code: ServerError(-32050), message: "Transaction timed out before reaching finality", data: None })) tx_digest=Digest("9dVHSKrxwHx7PYqeVUKgDPeWf96Jdbkj3hmY6Gr8Vo4q") retry_cnt=0
2026-05-20T12:40:29.182634Z ERROR iota_benchmark: Transaction failed with err: Rpc(Call(ErrorObject { code: ServerError(-32050), message: "Transaction timed out before reaching finality", data: None })) tx_digest=Digest("Gt3uPBn4881PuPRgMofAx6fFyhmMGhD8qFZNk3qumQEW") retry_cnt=0
2026-05-20T12:40:29.182686Z ERROR iota_benchmark: Transaction failed with err: Rpc(Call(ErrorObject { code: ServerError(-32050), message: "Transaction timed out before reaching finality", data: None })) tx_digest=Digest("HQkHxXebAYqHeHfVeiFY1Pw3HeSELfB9ht2cBkQFunqB") retry_cnt=0
2026-05-20T12:40:29.183233Z ERROR iota_benchmark: Transaction failed with err: Rpc(Call(ErrorObject { code: ServerError(-32050), message: "Transaction timed out before reaching finality", data: None })) tx_digest=Digest("779L7NVf5NJfR8UtaGTMsFFymRbhHCqvqcXNxgZ5ZwUK") retry_cnt=0
2026-05-20T12:40:29.183258Z ERROR iota_benchmark: Transaction failed with err: Rpc(Call(ErrorObject { code: ServerError(-32050), message: "Transaction timed out before reaching finality", data: None })) tx_digest=Digest("FakrNE1woUAqWGYgLuX4kkhrbgvtswKE5ih5yrnrUDNy") retry_cnt=0
2026-05-20T12:40:29.184559Z ERROR iota_benchmark: Transaction failed with err: Rpc(Call(ErrorObject { code: ServerError(-32050), message: "Transaction timed out before reaching finality", data: None })) tx_digest=Digest("E3CoFgk8oFveogM4mchxA9xY93N1QDJidNYXk89xqueo") retry_cnt=0
2026-05-20T12:40:29.184568Z ERROR iota_benchmark: Transaction failed with err: Rpc(Call(ErrorObject { code: ServerError(-32050), message: "Transaction timed out before reaching finality", data: None })) tx_digest=Digest("UvBwiMFZHYe2ZKfymAUaxvAE6XUdXu8jc5C56nKs48K") retry_cnt=0
2026-05-20T12:40:29.184611Z ERROR iota_benchmark: Transaction failed with err: Rpc(Call(ErrorObject { code: ServerError(-32050), message: "Transaction timed out before reaching finality", data: None })) tx_digest=Digest("9yUX8wT3QmfBZLxx9BaVHYt4q7Z7cqbhHJHJNn9habZq") retry_cnt=0
2026-05-20T12:40:29.184620Z ERROR iota_benchmark: Transaction failed with err: Rpc(Call(ErrorObject { code: ServerError(-32050), message: "Transaction timed out before reaching finality", data: None })) tx_digest=Digest("8o11SGzfj7ELmY6MF7MTycszuNweWt8txHz1sENU4nJi") retry_cnt=0
2026-05-20T12:40:29.184655Z ERROR iota_benchmark: Transaction failed with err: Rpc(Call(ErrorObject { code: ServerError(-32050), message: "Transaction timed out before reaching finality", data: None })) tx_digest=Digest("2vKo3mS2P2ht7wgeTZpQpjLyf2UwjEUWXzQZ4gU4i8un") retry_cnt=0
2026-05-20T12:40:29.184685Z ERROR iota_benchmark: Transaction failed with err: Rpc(Call(ErrorObject { code: ServerError(-32050), message: "Transaction timed out before reaching finality", data: None })) tx_digest=Digest("CEAeAUwX4kwFDM1AY4QvxB2PiGY3cLMEY38i2Aos5Emw") retry_cnt=0
2026-05-20T12:40:29.185757Z ERROR iota_benchmark: Transaction failed with err: Rpc(Call(ErrorObject { code: ServerError(-32050), message: "Transaction timed out before reaching finality", data: None })) tx_digest=Digest("AxKRUh19UDchZwzdZZpRt9reTzRknAy2XZA1LUadot5b") retry_cnt=2
2026-05-20T12:40:29.186101Z ERROR iota_benchmark: Transaction failed with err: Rpc(Call(ErrorObject { code: ServerError(-32050), message: "Transaction timed out before reaching finality", data: None })) tx_digest=Digest("7ocZKDbRWnpYjZF7sXVJwVybuBJEFtexSsXGzEaUEQbC") retry_cnt=2
2026-05-20T12:40:29.186727Z ERROR iota_benchmark: Transaction failed with err: Rpc(Call(ErrorObject { code: ServerError(-32050), message: "Transaction timed out before reaching finality", data: None })) tx_digest=Digest("4gKneGEMw9GNnjjKM3GwgaP9YLmJvxezT9nKZ5WjUDgJ") retry_cnt=0
2026-05-20T12:40:29.187295Z ERROR iota_benchmark: Transaction failed with err: Rpc(Call(ErrorObject { code: ServerError(-32050), message: "Transaction timed out before reaching finality", data: None })) tx_digest=Digest("Hx94m6KZuWbYm5vsaZBQdRJ6bhfhN13urfKDW6zi67wU") retry_cnt=0
2026-05-20T12:40:29.188938Z ERROR iota_benchmark: Transaction failed with err: Rpc(Call(ErrorObject { code: ServerError(-32050), message: "Transaction timed out before reaching finality", data: None })) tx_digest=Digest("Bn9K1RojVhSC9FQuPvK3BYLdax52su5QYHuMudscZNEB") retry_cnt=0
2026-05-20T12:40:29.188993Z ERROR iota_benchmark: Transaction failed with err: Rpc(Call(ErrorObject { code: ServerError(-32050), message: "Transaction timed out before reaching finality", data: None })) tx_digest=Digest("8SyHyFpKvetmWwyEPeUQWBrsqL8upj5Wtz857v8dc4p4") retry_cnt=0
2026-05-20T12:40:29.189070Z ERROR iota_benchmark: Transaction failed with err: Rpc(Call(ErrorObject { code: ServerError(-32050), message: "Transaction timed out before reaching finality", data: None })) tx_digest=Digest("HVakV9N3SutuJPvFaCX5EiBmMuV38qspitwbpeY5q9mk") retry_cnt=0
2026-05-20T12:40:29.190087Z ERROR iota_benchmark: Transaction failed with err: Rpc(Call(ErrorObject { code: ServerError(-32050), message: "Transaction timed out before reaching finality", data: None })) tx_digest=Digest("A3rCGcEGrbLTNRcAbJsA1L7Z6oaHM13dKd5UAVagGwS") retry_cnt=0
2026-05-20T12:40:29.192077Z ERROR iota_benchmark: Transaction failed with err: Rpc(Call(ErrorObject { code: ServerError(-32050), message: "Transaction timed out before reaching finality", data: None })) tx_digest=Digest("mT7BP548kWwGK3vtBC51cZ27DjDAJK5ykG7AQPSdmNy") retry_cnt=0
2026-05-20T12:40:29.192844Z ERROR iota_benchmark: Transaction failed with err: Rpc(Call(ErrorObject { code: ServerError(-32050), message: "Transaction timed out before reaching finality", data: None })) tx_digest=Digest("CtHrPKT9HRhwKEXNLa5wRkMSeZv46JAEWkgJ3Jbg5TYq") retry_cnt=0
2026-05-20T12:40:29.193036Z ERROR iota_benchmark: Transaction failed with err: Rpc(Call(ErrorObject { code: ServerError(-32050), message: "Transaction timed out before reaching finality", data: None })) tx_digest=Digest("BSZQJKoRaha7UQSzF2jiFXyczMdU8bUip4yETVmwbrjY") retry_cnt=0
2026-05-20T12:40:29.193260Z ERROR iota_benchmark: Transaction failed with err: Rpc(Call(ErrorObject { code: ServerError(-32050), message: "Transaction timed out before reaching finality", data: None })) tx_digest=Digest("2d9MFWgKfdarUyY874sCvMec8UH5ecQFtmWqh28jPiQV") retry_cnt=0
2026-05-20T12:40:29.194547Z ERROR iota_benchmark: Transaction failed with err: Rpc(Call(ErrorObject { code: ServerError(-32050), message: "Transaction timed out before reaching finality", data: None })) tx_digest=Digest("GcGiCzPX2vEfxKthNBpMwbyRDze8ukaZ2QKbgGqxfczN") retry_cnt=0
2026-05-20T12:40:29.194587Z ERROR iota_benchmark: Transaction failed with err: Rpc(Call(ErrorObject { code: ServerError(-32050), message: "Transaction timed out before reaching finality", data: None })) tx_digest=Digest("5ArRHsxK8dVv4fRDyiuV4Eai61GRHsFycwuTop35e1qe") retry_cnt=2
2026-05-20T12:40:29.200432Z ERROR iota_benchmark: Transaction failed with err: Rpc(Call(ErrorObject { code: ServerError(-32050), message: "Transaction timed out before reaching finality", data: None })) tx_digest=Digest("4n8iEWuNbfpeKKB3dvmUCqgakLFFaPBFRECrH9PXEZ7g") retry_cnt=0
2026-05-20T12:40:29.208890Z ERROR iota_benchmark: Transaction failed with err: Rpc(Call(ErrorObject { code: ServerError(-32050), message: "Transaction timed out before reaching finality", data: None })) tx_digest=Digest("FmEfZ2ZRYWeZFQAutJ7T5QwVyKUezDqRtmPySNVHZham") retry_cnt=0
2026-05-20T12:40:29.211738Z ERROR iota_benchmark: Transaction failed with err: Rpc(Call(ErrorObject { code: ServerError(-32050), message: "Transaction timed out before reaching finality", data: None })) tx_digest=Digest("8Mw4bzcwLfPb5LUmPafALN2jxycw6PeNvqyWdoP5nnad") retry_cnt=0
2026-05-20T12:40:29.213527Z ERROR iota_benchmark: Transaction failed with err: Rpc(Call(ErrorObject { code: ServerError(-32050), message: "Transaction timed out before reaching finality", data: None })) tx_digest=Digest("8Purzp8B4ABMrSv9RFaYW6JrtkdNAbxj1ijNae5AJHqU") retry_cnt=0
2026-05-20T12:40:29.216927Z ERROR iota_benchmark: Transaction failed with err: Rpc(Call(ErrorObject { code: ServerError(-32050), message: "Transaction timed out before reaching finality", data: None })) tx_digest=Digest("EjQDpi9Q4pLH2gJaNnXgmV8dC263RHiR6Nw8EFT7Eibk") retry_cnt=2
2026-05-20T12:40:29.219645Z ERROR iota_benchmark: Transaction failed with err: Rpc(Call(ErrorObject { code: ServerError(-32050), message: "Transaction timed out before reaching finality", data: None })) tx_digest=Digest("2q7gPAbzKhKBPbVVeVnFqDEobPEbrNTeWychPwLvRKud") retry_cnt=0
2026-05-20T12:40:29.220303Z ERROR iota_benchmark: Transaction failed with err: Rpc(Call(ErrorObject { code: ServerError(-32050), message: "Transaction timed out before reaching finality", data: None })) tx_digest=Digest("nEpdwkXxWxLBRdnCDM5qnZWmoxe8GWXFCqRmkYSTYMd") retry_cnt=2
2026-05-20T12:40:29.220722Z ERROR iota_benchmark: Transaction failed with err: Rpc(Call(ErrorObject { code: ServerError(-32050), message: "Transaction timed out before reaching finality", data: None })) tx_digest=Digest("Ez7tXbn7pmvqZjRxYec8cvit451UVBgMA8gf1MD8cWM7") retry_cnt=0
2026-05-20T12:40:29.220826Z ERROR iota_benchmark: Transaction failed with err: Rpc(Call(ErrorObject { code: ServerError(-32050), message: "Transaction timed out before reaching finality", data: None })) tx_digest=Digest("BXuvropQVozgZudd51b3gZvNMm3bon411xsTiLgGehVW") retry_cnt=2
2026-05-20T12:40:29.221545Z ERROR iota_benchmark: Transaction failed with err: Rpc(Call(ErrorObject { code: ServerError(-32050), message: "Transaction timed out before reaching finality", data: None })) tx_digest=Digest("ExRd8m6oVm2SbavPaoDQMphFbrTDsGVekBdtETqeR6PX") retry_cnt=0
2026-05-20T12:40:29.225024Z ERROR iota_benchmark: Transaction failed with err: Rpc(Call(ErrorObject { code: ServerError(-32050), message: "Transaction timed out before reaching finality", data: None })) tx_digest=Digest("TPd2kukDir48Zy9RGD5zSfBgiy3ZHXozEdU1d1U3UYX") retry_cnt=0
2026-05-20T12:40:29.225094Z ERROR iota_benchmark: Transaction failed with err: Rpc(Call(ErrorObject { code: ServerError(-32050), message: "Transaction timed out before reaching finality", data: None })) tx_digest=Digest("78bVNbn9Sy99PL1zWHqw3i2Ngwi9FzvhQT8eASFsxgi8") retry_cnt=2
2026-05-20T12:40:29.226358Z ERROR iota_benchmark: Transaction failed with err: Rpc(Call(ErrorObject { code: ServerError(-32050), message: "Transaction timed out before reaching finality", data: None })) tx_digest=Digest("4pL3HBaS4QsoV6URHCYt9tmqf3tVVpnr1GuVo7yNZPsm") retry_cnt=0
2026-05-20T12:40:29.227137Z ERROR iota_benchmark: Transaction failed with err: Rpc(Call(ErrorObject { code: ServerError(-32050), message: "Transaction timed out before reaching finality", data: None })) tx_digest=Digest("3S83TmnJgokn27SYUbisL51SmUQAAy2n9XYwxwtH8wvZ") retry_cnt=0
2026-05-20T12:40:29.227268Z ERROR iota_benchmark: Transaction failed with err: Rpc(Call(ErrorObject { code: ServerError(-32050), message: "Transaction timed out before reaching finality", data: None })) tx_digest=Digest("3GnR2eidsaszBMKowNCgSmkSUVDeRzeCedPYK7nDf2r8") retry_cnt=0
2026-05-20T12:40:29.227613Z ERROR iota_benchmark: Transaction failed with err: Rpc(Call(ErrorObject { code: ServerError(-32050), message: "Transaction timed out before reaching finality", data: None })) tx_digest=Digest("B9fMEouuJizSw1Cbb7bqLwycShRnkN7EHUXFMgEZSJtq") retry_cnt=0
2026-05-20T12:40:29.227764Z ERROR iota_benchmark: Transaction failed with err: Rpc(Call(ErrorObject { code: ServerError(-32050), message: "Transaction timed out before reaching finality", data: None })) tx_digest=Digest("42xBaWhQr9Pu9qJSGJheU3Hz6aGfNqmatbUffLJto8aG") retry_cnt=0
2026-05-20T12:40:29.228108Z ERROR iota_benchmark: Transaction failed with err: Rpc(Call(ErrorObject { code: ServerError(-32050), message: "Transaction timed out before reaching finality", data: None })) tx_digest=Digest("6pQCEZkw2rMhtbCxtZ8cM4bKQgRy8NdbwEZTtfZ1azHm") retry_cnt=0
2026-05-20T12:40:29.229777Z ERROR iota_benchmark: Transaction failed with err: Rpc(Call(ErrorObject { code: ServerError(-32050), message: "Transaction timed out before reaching finality", data: None })) tx_digest=Digest("CjdGL84edBwstkWPq8S1aHMa577Ai69rNoCA1vgFHBur") retry_cnt=0
2026-05-20T12:40:29.232132Z ERROR iota_benchmark: Transaction failed with err: Rpc(Call(ErrorObject { code: ServerError(-32050), message: "Transaction timed out before reaching finality", data: None })) tx_digest=Digest("CeJdgDC1jrR4xSvXvVrLDKjNvgdYMt4oYUVQsqu5bt43") retry_cnt=0
2026-05-20T12:40:29.232891Z ERROR iota_benchmark: Transaction failed with err: Rpc(Call(ErrorObject { code: ServerError(-32050), message: "Transaction timed out before reaching finality", data: None })) tx_digest=Digest("6M62wFDar68dWdv9fZSYdDcGBG27p6mdmUrEPkcRGmM") retry_cnt=0
2026-05-20T12:40:29.233439Z ERROR iota_benchmark: Transaction failed with err: Rpc(Call(ErrorObject { code: ServerError(-32050), message: "Transaction timed out before reaching finality", data: None })) tx_digest=Digest("EzhiWW5NQapJmjKx2K8Rr68hWWkG1BkgHazN1HKpBPET") retry_cnt=0
2026-05-20T12:40:29.234265Z ERROR iota_benchmark: Transaction failed with err: Rpc(Call(ErrorObject { code: ServerError(-32050), message: "Transaction timed out before reaching finality", data: None })) tx_digest=Digest("CCAPKjKBzFPqsDUGXpJDscqy96Ds3yGDrNuAkE1CRn4y") retry_cnt=0
2026-05-20T12:40:29.234489Z ERROR iota_benchmark: Transaction failed with err: Rpc(Call(ErrorObject { code: ServerError(-32050), message: "Transaction timed out before reaching finality", data: None })) tx_digest=Digest("CTK6XNhKQA7np5Av6XPUGNF1J1fGsVUvq8K4b3PKgwR4") retry_cnt=2
2026-05-20T12:40:29.239697Z ERROR iota_benchmark: Transaction failed with err: Rpc(Call(ErrorObject { code: ServerError(-32050), message: "Transaction timed out before reaching finality", data: None })) tx_digest=Digest("F8tXSB8u89e2ed5FrkbaFzB3iNDjGMQz9NSog4u1g3Dt") retry_cnt=0
2026-05-20T12:40:29.239731Z ERROR iota_benchmark: Transaction failed with err: Rpc(Call(ErrorObject { code: ServerError(-32050), message: "Transaction timed out before reaching finality", data: None })) tx_digest=Digest("8eKtHJkMNwPP3x1o937AwhsgEJNDEwMKLEA8ggmQwJbF") retry_cnt=0
2026-05-20T12:40:29.239865Z ERROR iota_benchmark: Transaction failed with err: Rpc(Call(ErrorObject { code: ServerError(-32050), message: "Transaction timed out before reaching finality", data: None })) tx_digest=Digest("E35grXkLWFi7AwLMkyGxpLvRiR4pf9jigC1ssiE3WsKf") retry_cnt=0
2026-05-20T12:40:29.240172Z ERROR iota_benchmark: Transaction failed with err: Rpc(Call(ErrorObject { code: ServerError(-32050), message: "Transaction timed out before reaching finality", data: None })) tx_digest=Digest("pi7KiLhN7hQPtfuycDCnRtwsRoAaArkW4XzFcaT9Vap") retry_cnt=0
2026-05-20T12:40:29.240611Z ERROR iota_benchmark: Transaction failed with err: Rpc(Call(ErrorObject { code: ServerError(-32050), message: "Transaction timed out before reaching finality", data: None })) tx_digest=Digest("A2A1ycdapxYXHwoemDsucox3CBK6GJvGkFPVr3yWRQg7") retry_cnt=0
2026-05-20T12:40:29.246819Z ERROR iota_benchmark: Transaction failed with err: Rpc(Call(ErrorObject { code: ServerError(-32050), message: "Transaction timed out before reaching finality", data: None })) tx_digest=Digest("3rJqtChv727YemATUVjU7KqG7n4UELyA2Nhj6H6PVxgc") retry_cnt=2
2026-05-20T12:40:29.250236Z ERROR iota_benchmark: Transaction failed with err: Rpc(Call(ErrorObject { code: ServerError(-32050), message: "Transaction timed out before reaching finality", data: None })) tx_digest=Digest("AYYvfXkhK2pJ6mjHWqhbt5inXgWByCwR1CtPoWeNHEsS") retry_cnt=0
2026-05-20T12:40:29.250245Z ERROR iota_benchmark: Transaction failed with err: Rpc(Call(ErrorObject { code: ServerError(-32050), message: "Transaction timed out before reaching finality", data: None })) tx_digest=Digest("HHmokmCwDtMdnNF4UPRL2YZd6FMMVZYFSn3id53BwAMV") retry_cnt=0
2026-05-20T12:40:29.250293Z ERROR iota_benchmark: Transaction failed with err: Rpc(Call(ErrorObject { code: ServerError(-32050), message: "Transaction timed out before reaching finality", data: None })) tx_digest=Digest("BxykK8CRdTzmWNtuBQWumbme438ebPre8LoYx8gsvkiB") retry_cnt=0
2026-05-20T12:40:29.250329Z ERROR iota_benchmark: Transaction failed with err: Rpc(Call(ErrorObject { code: ServerError(-32050), message: "Transaction timed out before reaching finality", data: None })) tx_digest=Digest("9r6WeDg4Ld8cRnksVY4zQuyJP6JaevpbTDqmnzkMbFg5") retry_cnt=2
2026-05-20T12:40:29.250335Z ERROR iota_benchmark: Transaction failed with err: Rpc(Call(ErrorObject { code: ServerError(-32050), message: "Transaction timed out before reaching finality", data: None })) tx_digest=Digest("FTYKxcJGnwBqCCiLS7A54xdpWmuw11eBmeKnR1ehBXhU") retry_cnt=0
2026-05-20T12:40:29.250349Z ERROR iota_benchmark: Transaction failed with err: Rpc(Call(ErrorObject { code: ServerError(-32050), message: "Transaction timed out before reaching finality", data: None })) tx_digest=Digest("D9VTpLTowx5eFSx9m1Q51QGmEKEt8cSRDJ8x1DF72xZY") retry_cnt=0
2026-05-20T12:40:29.250364Z ERROR iota_benchmark: Transaction failed with err: Rpc(Call(ErrorObject { code: ServerError(-32050), message: "Transaction timed out before reaching finality", data: None })) tx_digest=Digest("J66BXLpTWDHT4k3jBE8cDVECgkAB8XxAvSrQbkyzHpbc") retry_cnt=0
2026-05-20T12:40:29.250373Z ERROR iota_benchmark: Transaction failed with err: Rpc(Call(ErrorObject { code: ServerError(-32050), message: "Transaction timed out before reaching finality", data: None })) tx_digest=Digest("Cm4AYim9Rz9izUsCaV3SP5ZYv3mRUFEehAna1NxhKqNN") retry_cnt=0
2026-05-20T12:40:29.250414Z ERROR iota_benchmark: Transaction failed with err: Rpc(Call(ErrorObject { code: ServerError(-32050), message: "Transaction timed out before reaching finality", data: None })) tx_digest=Digest("5si3rwbEQBNQ57Ne8ANVZJVsk9savCSJyn5RVoKSTHbD") retry_cnt=0
2026-05-20T12:40:29.250423Z ERROR iota_benchmark: Transaction failed with err: Rpc(Call(ErrorObject { code: ServerError(-32050), message: "Transaction timed out before reaching finality", data: None })) tx_digest=Digest("SGLNiwTuyczZpJj8y3HSF2eMTy61yXV5PynV1M8uquo") retry_cnt=0
2026-05-20T12:40:29.250446Z ERROR iota_benchmark: Transaction failed with err: Rpc(Call(ErrorObject { code: ServerError(-32050), message: "Transaction timed out before reaching finality", data: None })) tx_digest=Digest("2vTCUvayZA96kKKTJbiBKeKgGervSVeL84vdRrhGSzf5") retry_cnt=0
2026-05-20T12:40:29.250503Z ERROR iota_benchmark: Transaction failed with err: Rpc(Call(ErrorObject { code: ServerError(-32050), message: "Transaction timed out before reaching finality", data: None })) tx_digest=Digest("E1TQfvtN6CAn3jr3rXAwWbg57FeEJtXLgBSJEdAFH9p3") retry_cnt=0
2026-05-20T12:40:29.250505Z ERROR iota_benchmark: Transaction failed with err: Rpc(Call(ErrorObject { code: ServerError(-32050), message: "Transaction timed out before reaching finality", data: None })) tx_digest=Digest("BedFWqmcmaZvsrnuRwkEqWi6pi5rTrATGbytxAfKhkb4") retry_cnt=0
2026-05-20T12:40:29.250695Z ERROR iota_benchmark: Transaction failed with err: Rpc(Call(ErrorObject { code: ServerError(-32050), message: "Transaction timed out before reaching finality", data: None })) tx_digest=Digest("4fE6npixPnXdEbj6mQEAzXBxJuTEoygAHfRFEnRLWJbu") retry_cnt=0
2026-05-20T12:40:29.250907Z ERROR iota_benchmark: Transaction failed with err: Rpc(Call(ErrorObject { code: ServerError(-32050), message: "Transaction timed out before reaching finality", data: None })) tx_digest=Digest("CPuFBHtHKQsX7f81sgpsA47YncnqTHQqu4nhTLxJjDcs") retry_cnt=0
2026-05-20T12:40:29.250985Z ERROR iota_benchmark: Transaction failed with err: Rpc(Call(ErrorObject { code: ServerError(-32050), message: "Transaction timed out before reaching finality", data: None })) tx_digest=Digest("gFfBDGzW5UVhY6ENdZgnwFfWTzo6Bz1NtREjMYJMiJD") retry_cnt=0
2026-05-20T12:40:29.251749Z ERROR iota_benchmark: Transaction failed with err: Rpc(Call(ErrorObject { code: ServerError(-32050), message: "Transaction timed out before reaching finality", data: None })) tx_digest=Digest("w42tzeHAzuHzSeTdQ5H5FXtwDre42ehjXrw1vU9RKwu") retry_cnt=0
2026-05-20T12:40:29.251786Z ERROR iota_benchmark: Transaction failed with err: Rpc(Call(ErrorObject { code: ServerError(-32050), message: "Transaction timed out before reaching finality", data: None })) tx_digest=Digest("C6zHhgjhf4DnLeVqxbVtwJ7HgQhF9vgAtx64iqF1gUh6") retry_cnt=0
2026-05-20T12:40:29.252020Z ERROR iota_benchmark: Transaction failed with err: Rpc(Call(ErrorObject { code: ServerError(-32050), message: "Transaction timed out before reaching finality", data: None })) tx_digest=Digest("8qwFoiE9ibkDJcNtyv1DzRXqaRdW5Jq9ZudycWoYvxgM") retry_cnt=0
2026-05-20T12:40:29.252003Z ERROR iota_benchmark: Transaction failed with err: Rpc(Call(ErrorObject { code: ServerError(-32050), message: "Transaction timed out before reaching finality", data: None })) tx_digest=Digest("zwhkiht16VXoCCzK9Z5sCfssWm5MfZhyoA16sadKSQH") retry_cnt=0
2026-05-20T12:40:29.252218Z ERROR iota_benchmark: Transaction failed with err: Rpc(Call(ErrorObject { code: ServerError(-32050), message: "Transaction timed out before reaching finality", data: None })) tx_digest=Digest("DN8s4TwAzjeB8YnNyMk3MbgAe8nacjiqtniLi3kgfY9j") retry_cnt=2
2026-05-20T12:40:29.252302Z ERROR iota_benchmark: Transaction failed with err: Rpc(Call(ErrorObject { code: ServerError(-32050), message: "Transaction timed out before reaching finality", data: None })) tx_digest=Digest("7k2Bv9ASUt85rMJ8n74CWVjrjqucMWwT6G85WQPTPRmd") retry_cnt=0
2026-05-20T12:40:29.252750Z ERROR iota_benchmark: Transaction failed with err: Rpc(Call(ErrorObject { code: ServerError(-32050), message: "Transaction timed out before reaching finality", data: None })) tx_digest=Digest("2mG5ADu1yyGABFZc4Pfz4taE6LDPqw8vYLi2hNSvAcfQ") retry_cnt=2
2026-05-20T12:40:29.252777Z ERROR iota_benchmark: Transaction failed with err: Rpc(Call(ErrorObject { code: ServerError(-32050), message: "Transaction timed out before reaching finality", data: None })) tx_digest=Digest("H7tfFX26Cpdz5sTQb36NHTPAUHtpBbj6Roy9qVZ18Dhs") retry_cnt=0
2026-05-20T12:40:29.253146Z ERROR iota_benchmark: Transaction failed with err: Rpc(Call(ErrorObject { code: ServerError(-32050), message: "Transaction timed out before reaching finality", data: None })) tx_digest=Digest("CFqrAbyfXUhvAjPcFwSa76BmgjmJGoAj4sPfDzC3YkCZ") retry_cnt=0
2026-05-20T12:40:29.253224Z ERROR iota_benchmark: Transaction failed with err: Rpc(Call(ErrorObject { code: ServerError(-32050), message: "Transaction timed out before reaching finality", data: None })) tx_digest=Digest("7r7wYs1aHTKhRicEhPmJi97k4ipPDwFexvhZUm89RsxL") retry_cnt=2
2026-05-20T12:40:29.253672Z ERROR iota_benchmark: Transaction failed with err: Rpc(Call(ErrorObject { code: ServerError(-32050), message: "Transaction timed out before reaching finality", data: None })) tx_digest=Digest("FhHs5Z7q9M293bqnGuCQuiRUbVvhbRyPmTVKZCH761fH") retry_cnt=0
2026-05-20T12:40:29.253781Z ERROR iota_benchmark: Transaction failed with err: Rpc(Call(ErrorObject { code: ServerError(-32050), message: "Transaction timed out before reaching finality", data: None })) tx_digest=Digest("Hg9tJmr2K3qxSs9hnwyFVgFKmS5i5d6pAqNtzDiQi5E1") retry_cnt=2
2026-05-20T12:40:29.254953Z ERROR iota_benchmark: Transaction failed with err: Rpc(Call(ErrorObject { code: ServerError(-32050), message: "Transaction timed out before reaching finality", data: None })) tx_digest=Digest("B3KmN6LUaukNe3H3RgqPxiHeeYDpZRGtYGvws4AFdX57") retry_cnt=2
2026-05-20T12:40:29.254956Z ERROR iota_benchmark: Transaction failed with err: Rpc(Call(ErrorObject { code: ServerError(-32050), message: "Transaction timed out before reaching finality", data: None })) tx_digest=Digest("F4cPCwjsV6nkRRnC5LoaftYLcEwNpV6x9aLnRQXVxiLw") retry_cnt=0
2026-05-20T12:40:29.255144Z ERROR iota_benchmark: Transaction failed with err: Rpc(Call(ErrorObject { code: ServerError(-32050), message: "Transaction timed out before reaching finality", data: None })) tx_digest=Digest("9HkWr2F7GPsofCkqob5YuQLqdpPAfsia5RdFaMEsmVPv") retry_cnt=0
2026-05-20T12:40:29.255289Z ERROR iota_benchmark: Transaction failed with err: Rpc(Call(ErrorObject { code: ServerError(-32050), message: "Transaction timed out before reaching finality", data: None })) tx_digest=Digest("DWTNDzU6rtpx6b8a8NRiR4H64t924XzSgsAd7V19Zdqv") retry_cnt=0
2026-05-20T12:40:29.255566Z ERROR iota_benchmark: Transaction failed with err: Rpc(Call(ErrorObject { code: ServerError(-32050), message: "Transaction timed out before reaching finality", data: None })) tx_digest=Digest("D9z7DrGU8TkaXvj7MAybTZMR36rrJNdbz174yg8MVJ7s") retry_cnt=0
2026-05-20T12:40:29.255628Z ERROR iota_benchmark: Transaction failed with err: Rpc(Call(ErrorObject { code: ServerError(-32050), message: "Transaction timed out before reaching finality", data: None })) tx_digest=Digest("C5kpyw9CvWeALbVPHTyPf95hZ5xy7sWXMPAZdtL2hSsR") retry_cnt=0
2026-05-20T12:40:29.255713Z ERROR iota_benchmark: Transaction failed with err: Rpc(Call(ErrorObject { code: ServerError(-32050), message: "Transaction timed out before reaching finality", data: None })) tx_digest=Digest("4z7zuaMDdfZ8kiVGth65JcxT1MneoXDhQP5eGWiuBimW") retry_cnt=0
2026-05-20T12:40:29.259591Z ERROR iota_benchmark: Transaction failed with err: Rpc(Call(ErrorObject { code: ServerError(-32050), message: "Transaction timed out before reaching finality", data: None })) tx_digest=Digest("8fq3JZW3JFdUXu1AE2zcXUBFfKSS3B5w6LsjP3FnaRoS") retry_cnt=0
2026-05-20T12:40:29.259709Z ERROR iota_benchmark: Transaction failed with err: Rpc(Call(ErrorObject { code: ServerError(-32050), message: "Transaction timed out before reaching finality", data: None })) tx_digest=Digest("AJUPTwgPQUtoivB6i3MqwLVhkvRBHRrTCoYArM8mwGGY") retry_cnt=0
2026-05-20T12:40:29.259738Z ERROR iota_benchmark: Transaction failed with err: Rpc(Call(ErrorObject { code: ServerError(-32050), message: "Transaction timed out before reaching finality", data: None })) tx_digest=Digest("34mDNeZK1tztJUDuEH18UdBvc7vktFehSiD8YBykXgnG") retry_cnt=0
2026-05-20T12:40:29.259725Z ERROR iota_benchmark: Transaction failed with err: Rpc(Call(ErrorObject { code: ServerError(-32050), message: "Transaction timed out before reaching finality", data: None })) tx_digest=Digest("6JC9MmDn1RAg7f9nLDGyNrJJnYejtE4A8Y6qTeCbKhna") retry_cnt=0
2026-05-20T12:40:29.259764Z ERROR iota_benchmark: Transaction failed with err: Rpc(Call(ErrorObject { code: ServerError(-32050), message: "Transaction timed out before reaching finality", data: None })) tx_digest=Digest("BBhQYTgJHSW8tKqu73qvrU5uauWF5tXyJqjdQFx4WU5W") retry_cnt=2
2026-05-20T12:40:29.259786Z ERROR iota_benchmark: Transaction failed with err: Rpc(Call(ErrorObject { code: ServerError(-32050), message: "Transaction timed out before reaching finality", data: None })) tx_digest=Digest("Cdm3xhF9DGxoUF8L581gqgqziWerYpCSsiHrYsW9jnWc") retry_cnt=0
2026-05-20T12:40:29.259861Z ERROR iota_benchmark: Transaction failed with err: Rpc(Call(ErrorObject { code: ServerError(-32050), message: "Transaction timed out before reaching finality", data: None })) tx_digest=Digest("78UyHriarXEiRty2XEDAdYqyRGbDoZ92yAwSCsYaPE8v") retry_cnt=0
2026-05-20T12:40:29.259889Z ERROR iota_benchmark: Transaction failed with err: Rpc(Call(ErrorObject { code: ServerError(-32050), message: "Transaction timed out before reaching finality", data: None })) tx_digest=Digest("BvTFek8BXPzqawegeiYAJUH2BZqyVVz3DcJusYs1XMzr") retry_cnt=0
2026-05-20T12:40:29.259906Z ERROR iota_benchmark: Transaction failed with err: Rpc(Call(ErrorObject { code: ServerError(-32050), message: "Transaction timed out before reaching finality", data: None })) tx_digest=Digest("8zaac7idmPUfRictLXg1Cf2cWP1fpgtm3w8LJDTN6vL") retry_cnt=0
2026-05-20T12:40:29.261180Z ERROR iota_benchmark: Transaction failed with err: Rpc(Call(ErrorObject { code: ServerError(-32050), message: "Transaction timed out before reaching finality", data: None })) tx_digest=Digest("8qSENqnJWc8BsQ83xGGvKTCQhS57BMWoCtnCC3ma9pD6") retry_cnt=0
2026-05-20T12:40:29.261203Z ERROR iota_benchmark: Transaction failed with err: Rpc(Call(ErrorObject { code: ServerError(-32050), message: "Transaction timed out before reaching finality", data: None })) tx_digest=Digest("DcZMTCt18jvE2bWMoUHuapXDDsx8vK7Xup64sKvLNpFd") retry_cnt=0
2026-05-20T12:40:29.261524Z ERROR iota_benchmark: Transaction failed with err: Rpc(Call(ErrorObject { code: ServerError(-32050), message: "Transaction timed out before reaching finality", data: None })) tx_digest=Digest("3b3rzTM6wE5TN3YDCEQc3FbmmEtD6CwvA51wEH2FqDh6") retry_cnt=0
2026-05-20T12:40:29.261559Z ERROR iota_benchmark: Transaction failed with err: Rpc(Call(ErrorObject { code: ServerError(-32050), message: "Transaction timed out before reaching finality", data: None })) tx_digest=Digest("7HXwcod42VivtVQxfaaQ3mVbnPQusToegjB1Zsn8sA7L") retry_cnt=0
2026-05-20T12:40:29.261815Z ERROR iota_benchmark: Transaction failed with err: Rpc(Call(ErrorObject { code: ServerError(-32050), message: "Transaction timed out before reaching finality", data: None })) tx_digest=Digest("FajY24qU6z1Bki3mVdARFAX5MornQpMF6Rafda5LuQZD") retry_cnt=0
2026-05-20T12:40:29.261908Z ERROR iota_benchmark: Transaction failed with err: Rpc(Call(ErrorObject { code: ServerError(-32050), message: "Transaction timed out before reaching finality", data: None })) tx_digest=Digest("CGdE5hgxyE34BSEfYn29N1h3y1a7iyhg52Yjbo21U3o4") retry_cnt=0
2026-05-20T12:40:29.263203Z ERROR iota_benchmark: Transaction failed with err: Rpc(Call(ErrorObject { code: ServerError(-32050), message: "Transaction timed out before reaching finality", data: None })) tx_digest=Digest("Gt4UQMduJxmccmjCDeeL74SGVqwLe693ZnSbNvHdwG4Y") retry_cnt=0
2026-05-20T12:40:29.263588Z ERROR iota_benchmark: Transaction failed with err: Rpc(Call(ErrorObject { code: ServerError(-32050), message: "Transaction timed out before reaching finality", data: None })) tx_digest=Digest("BfohgF19FyoUXLRnroe81JBGQxrYu73NHapGtLNJS4Mr") retry_cnt=0
2026-05-20T12:40:29.263698Z ERROR iota_benchmark: Transaction failed with err: Rpc(Call(ErrorObject { code: ServerError(-32050), message: "Transaction timed out before reaching finality", data: None })) tx_digest=Digest("A9CJqHvNrkYp42X1DjCyQ4mwe59WoMnAgmDS2G5hnWt8") retry_cnt=0
2026-05-20T12:40:29.265095Z ERROR iota_benchmark: Transaction failed with err: Rpc(Call(ErrorObject { code: ServerError(-32050), message: "Transaction timed out before reaching finality", data: None })) tx_digest=Digest("6s7Riy628D83bD19ksmCVFogr96cComYv3LXNM3iDah1") retry_cnt=0
2026-05-20T12:40:29.265171Z ERROR iota_benchmark: Transaction failed with err: Rpc(Call(ErrorObject { code: ServerError(-32050), message: "Transaction timed out before reaching finality", data: None })) tx_digest=Digest("F3pb8Li1AzuhcdouEpbbm8dDexoLZnT8a1H535LFBawP") retry_cnt=0
2026-05-20T12:40:29.265229Z ERROR iota_benchmark: Transaction failed with err: Rpc(Call(ErrorObject { code: ServerError(-32050), message: "Transaction timed out before reaching finality", data: None })) tx_digest=Digest("89ZZfCzobS5LAsKVuDQ6rkFoZ5557EpDQW8bL5ny3mSS") retry_cnt=0
2026-05-20T12:40:29.265262Z ERROR iota_benchmark: Transaction failed with err: Rpc(Call(ErrorObject { code: ServerError(-32050), message: "Transaction timed out before reaching finality", data: None })) tx_digest=Digest("7f75x4n7XxetukP27i587miPV6w1xm5BnzEmAkKcTYAp") retry_cnt=0
2026-05-20T12:40:29.265263Z ERROR iota_benchmark: Transaction failed with err: Rpc(Call(ErrorObject { code: ServerError(-32050), message: "Transaction timed out before reaching finality", data: None })) tx_digest=Digest("DVZazYjGXeYZKwLwXownB62AXCh6vc1WwioHZ5JkEjKv") retry_cnt=0
2026-05-20T12:40:29.265302Z ERROR iota_benchmark: Transaction failed with err: Rpc(Call(ErrorObject { code: ServerError(-32050), message: "Transaction timed out before reaching finality", data: None })) tx_digest=Digest("E2z5xxeKTu6PGSjFknzf8zYSHLkdX1VQDMMVqBqqyXo") retry_cnt=0
2026-05-20T12:40:29.265316Z ERROR iota_benchmark: Transaction failed with err: Rpc(Call(ErrorObject { code: ServerError(-32050), message: "Transaction timed out before reaching finality", data: None })) tx_digest=Digest("BpWdrTYus77UVpb7Ck8wfaERAAppRyZK5t2CAEkJVMro") retry_cnt=0
2026-05-20T12:40:29.265369Z ERROR iota_benchmark: Transaction failed with err: Rpc(Call(ErrorObject { code: ServerError(-32050), message: "Transaction timed out before reaching finality", data: None })) tx_digest=Digest("6nVYJRroRjFUnHLirZW2FDneufSXGRTzvQeFjNpKi6MY") retry_cnt=0
2026-05-20T12:40:29.265374Z ERROR iota_benchmark: Transaction failed with err: Rpc(Call(ErrorObject { code: ServerError(-32050), message: "Transaction timed out before reaching finality", data: None })) tx_digest=Digest("DkhSTTt99Ks9PsegpmfSobDUv86Ni1McTu8GDsbsddpj") retry_cnt=0
2026-05-20T12:40:29.265784Z ERROR iota_benchmark: Transaction failed with err: Rpc(Call(ErrorObject { code: ServerError(-32050), message: "Transaction timed out before reaching finality", data: None })) tx_digest=Digest("9QMva4JLCB4EDuxffsCXpn2Du53QXXnXFcPKgbzBpFTk") retry_cnt=0
2026-05-20T12:40:29.265791Z ERROR iota_benchmark: Transaction failed with err: Rpc(Call(ErrorObject { code: ServerError(-32050), message: "Transaction timed out before reaching finality", data: None })) tx_digest=Digest("3uwZLwj2CLVkF7UuFmMgGvHYWNWdw1iQdbP5m28cMtVT") retry_cnt=0
2026-05-20T12:40:29.265852Z ERROR iota_benchmark: Transaction failed with err: Rpc(Call(ErrorObject { code: ServerError(-32050), message: "Transaction timed out before reaching finality", data: None })) tx_digest=Digest("3dfhDYh693q5YFLsDXtBJ4d4hWZRvjZsvTy3Zu5AdL4k") retry_cnt=0
2026-05-20T12:40:29.266026Z ERROR iota_benchmark: Transaction failed with err: Rpc(Call(ErrorObject { code: ServerError(-32050), message: "Transaction timed out before reaching finality", data: None })) tx_digest=Digest("2YWjcHusfNM9W7eKoCPhGmb7RR69EvarGS3HTrQWzMmY") retry_cnt=0
2026-05-20T12:40:29.266389Z ERROR iota_benchmark: Transaction failed with err: Rpc(Call(ErrorObject { code: ServerError(-32050), message: "Transaction timed out before reaching finality", data: None })) tx_digest=Digest("8gKAdKi8xRMA4HHELJRSzTu2uLHgTL4GD2SwYKiimrcB") retry_cnt=0
2026-05-20T12:40:29.266777Z ERROR iota_benchmark: Transaction failed with err: Rpc(Call(ErrorObject { code: ServerError(-32050), message: "Transaction timed out before reaching finality", data: None })) tx_digest=Digest("2BXSb1itQTbn32Y6pVQUk5KwB66SdUr3d7fq7B2qpFpo") retry_cnt=0
2026-05-20T12:40:29.266989Z ERROR iota_benchmark: Transaction failed with err: Rpc(Call(ErrorObject { code: ServerError(-32050), message: "Transaction timed out before reaching finality", data: None })) tx_digest=Digest("6oEgpT8zaQJHDGwCBT6Sj9E3hXP3YKSbWYBZkJV2axH5") retry_cnt=0
2026-05-20T12:40:29.267044Z ERROR iota_benchmark: Transaction failed with err: Rpc(Call(ErrorObject { code: ServerError(-32050), message: "Transaction timed out before reaching finality", data: None })) tx_digest=Digest("ALrJ3HsfmYRWjh1vn4iJVXV27qxo7Cd64jKJnk8n5YyG") retry_cnt=0
2026-05-20T12:40:29.267226Z ERROR iota_benchmark: Transaction failed with err: Rpc(Call(ErrorObject { code: ServerError(-32050), message: "Transaction timed out before reaching finality", data: None })) tx_digest=Digest("5X9bBu1omSgKW4DS2oYxDxzSpkGQAvcj6ESqqpEjPmc5") retry_cnt=0
2026-05-20T12:40:29.267516Z ERROR iota_benchmark: Transaction failed with err: Rpc(Call(ErrorObject { code: ServerError(-32050), message: "Transaction timed out before reaching finality", data: None })) tx_digest=Digest("8TiPdGhr8M5zYFAdbRJBpUoLD95baRSCtmxPNvQkcc2Z") retry_cnt=0
2026-05-20T12:40:29.268173Z ERROR iota_benchmark: Transaction failed with err: Rpc(Call(ErrorObject { code: ServerError(-32050), message: "Transaction timed out before reaching finality", data: None })) tx_digest=Digest("Dqx9mSkQf9pihMNtzAesKGu69Ecn9kUpi4BWF26NXzBf") retry_cnt=0
2026-05-20T12:40:29.270875Z ERROR iota_benchmark: Transaction failed with err: Rpc(Call(ErrorObject { code: ServerError(-32050), message: "Transaction timed out before reaching finality", data: None })) tx_digest=Digest("H1xJjHRVdjXLaZs4raS3HbwkdQP1ja5zuAFx5TvSY87g") retry_cnt=0
2026-05-20T12:40:29.271196Z ERROR iota_benchmark: Transaction failed with err: Rpc(Call(ErrorObject { code: ServerError(-32050), message: "Transaction timed out before reaching finality", data: None })) tx_digest=Digest("3QG1WLYNTtavxg7TSaPQKVk1SwczqJN7qJ36WjcnXsQJ") retry_cnt=0
2026-05-20T12:40:29.272955Z ERROR iota_benchmark: Transaction failed with err: Rpc(Call(ErrorObject { code: ServerError(-32050), message: "Transaction timed out before reaching finality", data: None })) tx_digest=Digest("8MSQb7btk51DorGPM1AuRRdSMysGvmPJgBsZTeMNBUqK") retry_cnt=0
2026-05-20T12:40:29.276436Z ERROR iota_benchmark: Transaction failed with err: Rpc(Call(ErrorObject { code: ServerError(-32050), message: "Transaction timed out before reaching finality", data: None })) tx_digest=Digest("5xvJHKxyv6znvNihjKUM2w47fCbFLPhiSjxuqiWSjYo3") retry_cnt=0
2026-05-20T12:40:29.280349Z ERROR iota_benchmark: Transaction failed with err: Rpc(Call(ErrorObject { code: ServerError(-32050), message: "Transaction timed out before reaching finality", data: None })) tx_digest=Digest("Ao1JHgzX6NyZHLeB8NWubyrd12JEoYbSGisFn3nHJEKN") retry_cnt=0
2026-05-20T12:40:29.280358Z ERROR iota_benchmark: Transaction failed with err: Rpc(Call(ErrorObject { code: ServerError(-32050), message: "Transaction timed out before reaching finality", data: None })) tx_digest=Digest("9o9kmHpsgfFQY6N5znikXZjSsUDHy5RNAmPRYcqXcwch") retry_cnt=0
2026-05-20T12:40:29.282642Z ERROR iota_benchmark: Transaction failed with err: Rpc(Call(ErrorObject { code: ServerError(-32050), message: "Transaction timed out before reaching finality", data: None })) tx_digest=Digest("Ffu3TH6v5MFasroAzG2vwjmK5Y2U7kZSH8efgcSXPDT2") retry_cnt=0
2026-05-20T12:40:29.294697Z ERROR iota_benchmark: Transaction failed with err: Rpc(Call(ErrorObject { code: ServerError(-32050), message: "Transaction timed out before reaching finality", data: None })) tx_digest=Digest("87NNycJAh5vHDhMcgboKCx5jUrQNxjho6Noymvgnz3FJ") retry_cnt=0
2026-05-20T12:40:29.295227Z ERROR iota_benchmark: Transaction failed with err: Rpc(Call(ErrorObject { code: ServerError(-32050), message: "Transaction timed out before reaching finality", data: None })) tx_digest=Digest("4Gc1No7RekVizq2t9Bh8XcbqAQDCQ5ryNcaYrYWBn3AD") retry_cnt=0
2026-05-20T12:40:29.295350Z ERROR iota_benchmark: Transaction failed with err: Rpc(Call(ErrorObject { code: ServerError(-32050), message: "Transaction timed out before reaching finality", data: None })) tx_digest=Digest("EUkEUTUBbJtcxgFjTXenW8C6nGaDAU2hCv4dBmvgWDxX") retry_cnt=0
2026-05-20T12:40:29.295404Z ERROR iota_benchmark: Transaction failed with err: Rpc(Call(ErrorObject { code: ServerError(-32050), message: "Transaction timed out before reaching finality", data: None })) tx_digest=Digest("FMGhRBuHXpt9Npwbe7G7ZaBQ7wB5d4EfZS3pHwhA8Xsz") retry_cnt=0
2026-05-20T12:40:29.295954Z ERROR iota_benchmark: Transaction failed with err: Rpc(Call(ErrorObject { code: ServerError(-32050), message: "Transaction timed out before reaching finality", data: None })) tx_digest=Digest("DoXW1TnDXELKk5xRgLfVFDsqZKcpwErHjXfMMf5XKshi") retry_cnt=0
2026-05-20T12:40:29.296938Z ERROR iota_benchmark: Transaction failed with err: Rpc(Call(ErrorObject { code: ServerError(-32050), message: "Transaction timed out before reaching finality", data: None })) tx_digest=Digest("6FRPdWjwVawq16KfUStGJKxFS2nGDMqvb3gujjf56AqR") retry_cnt=0
2026-05-20T12:40:29.296947Z ERROR iota_benchmark: Transaction failed with err: Rpc(Call(ErrorObject { code: ServerError(-32050), message: "Transaction timed out before reaching finality", data: None })) tx_digest=Digest("Hqa59XWdKqpZoXvHJ7eH4n8daiAppNipivMz8r2vkibC") retry_cnt=0
2026-05-20T12:40:29.297274Z ERROR iota_benchmark: Transaction failed with err: Rpc(Call(ErrorObject { code: ServerError(-32050), message: "Transaction timed out before reaching finality", data: None })) tx_digest=Digest("AmFZjxe27jopnyqgtGMmPwc9CUVEdhkvtYmuDKto2cvm") retry_cnt=0
2026-05-20T12:40:29.297491Z ERROR iota_benchmark: Transaction failed with err: Rpc(Call(ErrorObject { code: ServerError(-32050), message: "Transaction timed out before reaching finality", data: None })) tx_digest=Digest("F2WDXT7CF2aSZ1xSFcRnt44sUjGZRe3gepKu723MMKXR") retry_cnt=0
2026-05-20T12:40:29.298024Z ERROR iota_benchmark: Transaction failed with err: Rpc(Call(ErrorObject { code: ServerError(-32050), message: "Transaction timed out before reaching finality", data: None })) tx_digest=Digest("GVsNQyh3bkbw39aRfHPx1GKR852DkAs6hJVj4EgU61tL") retry_cnt=0
2026-05-20T12:40:29.299031Z ERROR iota_benchmark: Transaction failed with err: Rpc(Call(ErrorObject { code: ServerError(-32050), message: "Transaction timed out before reaching finality", data: None })) tx_digest=Digest("58RZ7mekbkfaiS2nzHbQ5PAqASN3WR8LxkBCLDxq19H8") retry_cnt=0
2026-05-20T12:40:29.299593Z ERROR iota_benchmark: Transaction failed with err: Rpc(Call(ErrorObject { code: ServerError(-32050), message: "Transaction timed out before reaching finality", data: None })) tx_digest=Digest("7b4QktH4uQuedsRaeUM4uTwZx1jRHhLwwQ9jZipwEQXx") retry_cnt=0
2026-05-20T12:40:29.304444Z ERROR iota_benchmark: Transaction failed with err: Rpc(Call(ErrorObject { code: ServerError(-32050), message: "Transaction timed out before reaching finality", data: None })) tx_digest=Digest("EFQt2p6B7pGegApUu2mCNTsZK5C9wEN1TaJmXfSuaFsT") retry_cnt=0
2026-05-20T12:40:29.306077Z ERROR iota_benchmark: Transaction failed with err: Rpc(Call(ErrorObject { code: ServerError(-32050), message: "Transaction timed out before reaching finality", data: None })) tx_digest=Digest("5WzAwGvNERAcGXsiW5tc3WQJY55iBg6cV17ekbMc4tnT") retry_cnt=0
2026-05-20T12:40:29.306319Z ERROR iota_benchmark: Transaction failed with err: Rpc(Call(ErrorObject { code: ServerError(-32050), message: "Transaction timed out before reaching finality", data: None })) tx_digest=Digest("EpgtJA1gWg7bgk4rTFes1Qp4r1HmAM8fRsu9wtWmMFpV") retry_cnt=0
2026-05-20T12:40:29.307494Z ERROR iota_benchmark: Transaction failed with err: Rpc(Call(ErrorObject { code: ServerError(-32050), message: "Transaction timed out before reaching finality", data: None })) tx_digest=Digest("G5X94w3iB45J2cp2DEnZZbRN3gM25a2nJRyfDFkTeFMf") retry_cnt=0
2026-05-20T12:40:29.307703Z ERROR iota_benchmark: Transaction failed with err: Rpc(Call(ErrorObject { code: ServerError(-32050), message: "Transaction timed out before reaching finality", data: None })) tx_digest=Digest("HbCrCwFF2QXRVxM8BE2ydzigNWPX5Ub8DhYfSNNco4eH") retry_cnt=0
2026-05-20T12:40:29.307857Z ERROR iota_benchmark: Transaction failed with err: Rpc(Call(ErrorObject { code: ServerError(-32050), message: "Transaction timed out before reaching finality", data: None })) tx_digest=Digest("AX1bhhs8zaWUzzhYU4TPHszePnVfSH6bF2ipmU7ZUUMs") retry_cnt=0
2026-05-20T12:40:29.309201Z ERROR iota_benchmark: Transaction failed with err: Rpc(Call(ErrorObject { code: ServerError(-32050), message: "Transaction timed out before reaching finality", data: None })) tx_digest=Digest("DNfwpvdZKd6bfcmAS8JXCJpbEKs4w5ty9tPNKYki6mAx") retry_cnt=0
2026-05-20T12:40:29.309720Z ERROR iota_benchmark: Transaction failed with err: Rpc(Call(ErrorObject { code: ServerError(-32050), message: "Transaction timed out before reaching finality", data: None })) tx_digest=Digest("tFhHf9nfuHWqAacQt6k2iSdiWoJsyGUm9Db2Vws3fi3") retry_cnt=0
2026-05-20T12:40:29.309791Z ERROR iota_benchmark: Transaction failed with err: Rpc(Call(ErrorObject { code: ServerError(-32050), message: "Transaction timed out before reaching finality", data: None })) tx_digest=Digest("BHP4cDEYrgSDpddUArNJcn3eQBbVcLojCzLLYUpuP6yR") retry_cnt=2
2026-05-20T12:40:29.310393Z ERROR iota_benchmark: Transaction failed with err: Rpc(Call(ErrorObject { code: ServerError(-32050), message: "Transaction timed out before reaching finality", data: None })) tx_digest=Digest("71evr4BioXnaP4bBcyyvbHXbtGQM4h87oihNBzcnBDQ5") retry_cnt=0
2026-05-20T12:40:29.310668Z ERROR iota_benchmark: Transaction failed with err: Rpc(Call(ErrorObject { code: ServerError(-32050), message: "Transaction timed out before reaching finality", data: None })) tx_digest=Digest("FR3pDKTCFdpAXstmZcEGjZ8PGJmd2P3JHrGYu9KRCeyL") retry_cnt=2
2026-05-20T12:40:29.311050Z ERROR iota_benchmark: Transaction failed with err: Rpc(Call(ErrorObject { code: ServerError(-32050), message: "Transaction timed out before reaching finality", data: None })) tx_digest=Digest("8nMJBdGbWaGQyoxXrZq7nTdbNsacuv4PdJRTgDu62hsT") retry_cnt=0
2026-05-20T12:40:29.311129Z ERROR iota_benchmark: Transaction failed with err: Rpc(Call(ErrorObject { code: ServerError(-32050), message: "Transaction timed out before reaching finality", data: None })) tx_digest=Digest("6rR5JjJEvTsUGnB4AfnZTeaHACuQG92jqeCC5qLDbByJ") retry_cnt=0
2026-05-20T12:40:29.311242Z ERROR iota_benchmark: Transaction failed with err: Rpc(Call(ErrorObject { code: ServerError(-32050), message: "Transaction timed out before reaching finality", data: None })) tx_digest=Digest("7KVv1D7x4DuALNEwa1iYYQhCbKHieXnxYJ4SGgKeFaw2") retry_cnt=0
2026-05-20T12:40:29.313238Z ERROR iota_benchmark: Transaction failed with err: Rpc(Call(ErrorObject { code: ServerError(-32050), message: "Transaction timed out before reaching finality", data: None })) tx_digest=Digest("DkmDkN1cqNCWCd8CmamQMamYNvn6VFun6n8E3cKh7dt4") retry_cnt=0
2026-05-20T12:40:29.313600Z ERROR iota_benchmark: Transaction failed with err: Rpc(Call(ErrorObject { code: ServerError(-32050), message: "Transaction timed out before reaching finality", data: None })) tx_digest=Digest("FeQGrCHqFnhEPg1tKxqavyyPA4XgnCAiKZhwyHNr5kTF") retry_cnt=0
2026-05-20T12:40:29.313700Z ERROR iota_benchmark: Transaction failed with err: Rpc(Call(ErrorObject { code: ServerError(-32050), message: "Transaction timed out before reaching finality", data: None })) tx_digest=Digest("BpwiFgKR1K226nhvVSB2xCkbbZvJup6aVCFaxwCaFRbv") retry_cnt=0
2026-05-20T12:40:29.313782Z ERROR iota_benchmark: Transaction failed with err: Rpc(Call(ErrorObject { code: ServerError(-32050), message: "Transaction timed out before reaching finality", data: None })) tx_digest=Digest("DVVTtpddVH5KiZmQ3dESkXQeJwXiJuL66JJJcE38rw69") retry_cnt=0
2026-05-20T12:40:29.314118Z ERROR iota_benchmark: Transaction failed with err: Rpc(Call(ErrorObject { code: ServerError(-32050), message: "Transaction timed out before reaching finality", data: None })) tx_digest=Digest("FiyBzLAEowrrB7Kx821EgnjHQHCDKShfEuo1rJGfsaAG") retry_cnt=0
2026-05-20T12:40:29.318957Z ERROR iota_benchmark: Transaction failed with err: Rpc(Call(ErrorObject { code: ServerError(-32050), message: "Transaction timed out before reaching finality", data: None })) tx_digest=Digest("EmsD6VnTba2GMEcEuuaGRs3vZpWdkbZcNoZiSwmm7LJ5") retry_cnt=0
2026-05-20T12:40:29.320025Z ERROR iota_benchmark: Transaction failed with err: Rpc(Call(ErrorObject { code: ServerError(-32050), message: "Transaction timed out before reaching finality", data: None })) tx_digest=Digest("7BQeBgnPjcbezCgnRCajbht7uCx9M3H1twRJcPmjNgSS") retry_cnt=0
2026-05-20T12:40:29.320862Z ERROR iota_benchmark: Transaction failed with err: Rpc(Call(ErrorObject { code: ServerError(-32050), message: "Transaction timed out before reaching finality", data: None })) tx_digest=Digest("FNhzKFNzcys1H6rDho568yt1PCoYEqQL1sq86CXd2ovR") retry_cnt=0
2026-05-20T12:40:29.321864Z ERROR iota_benchmark: Transaction failed with err: Rpc(Call(ErrorObject { code: ServerError(-32050), message: "Transaction timed out before reaching finality", data: None })) tx_digest=Digest("87FbHXVNTyBHNMvdqfDbinWZ2BgFnv41YG7dkcfuANYf") retry_cnt=0
2026-05-20T12:40:29.325955Z ERROR iota_benchmark: Transaction failed with err: Rpc(Call(ErrorObject { code: ServerError(-32050), message: "Transaction timed out before reaching finality", data: None })) tx_digest=Digest("ACVfbECW2ni92NF1jSi7fhmVrCVPYr7sTCana7vsMrJc") retry_cnt=0
2026-05-20T12:40:29.327300Z ERROR iota_benchmark: Transaction failed with err: Rpc(Call(ErrorObject { code: ServerError(-32050), message: "Transaction timed out before reaching finality", data: None })) tx_digest=Digest("7ZyjHstQFXkvja6einUjovjyMheor2pf8axNbdokSg9W") retry_cnt=0
2026-05-20T12:40:29.328999Z ERROR iota_benchmark: Transaction failed with err: Rpc(Call(ErrorObject { code: ServerError(-32050), message: "Transaction timed out before reaching finality", data: None })) tx_digest=Digest("SqNTRxvgHRc1fo9xTdf1g5ncnSmbF44EoZG7uLSi276") retry_cnt=0
2026-05-20T12:40:29.329253Z ERROR iota_benchmark: Transaction failed with err: Rpc(Call(ErrorObject { code: ServerError(-32050), message: "Transaction timed out before reaching finality", data: None })) tx_digest=Digest("6BHsB82sdsmj34ZKyu8qjziKw6EXxNVmDa9TnNBXW7Cg") retry_cnt=0
2026-05-20T12:40:29.345713Z ERROR iota_benchmark: Transaction failed with err: Rpc(Call(ErrorObject { code: ServerError(-32050), message: "Transaction timed out before reaching finality", data: None })) tx_digest=Digest("GTUmRcuvZaKi3BvxHUL8TuGZhyKnkw4dwbhAdJk67du6") retry_cnt=0
2026-05-20T12:40:29.351968Z ERROR iota_benchmark: Transaction failed with err: Rpc(Call(ErrorObject { code: ServerError(-32050), message: "Transaction timed out before reaching finality", data: None })) tx_digest=Digest("4D8ph6JQCobJREPHXFZomn6KL3un9R8CLpn9aB9cq1G2") retry_cnt=0
2026-05-20T12:40:29.353857Z ERROR iota_benchmark: Transaction failed with err: Rpc(Call(ErrorObject { code: ServerError(-32050), message: "Transaction timed out before reaching finality", data: None })) tx_digest=Digest("9VpDGLKhpSvmj2p6DYDCGKgBBwzY2QsdAFxHRqay1YYG") retry_cnt=0
2026-05-20T12:40:29.354242Z ERROR iota_benchmark: Transaction failed with err: Rpc(Call(ErrorObject { code: ServerError(-32050), message: "Transaction timed out before reaching finality", data: None })) tx_digest=Digest("C7BdFs1raichXHfwvzkjfUa2eVXnhtCdJo3kZQRtQzPa") retry_cnt=0
2026-05-20T12:40:29.355220Z ERROR iota_benchmark: Transaction failed with err: Rpc(Call(ErrorObject { code: ServerError(-32050), message: "Transaction timed out before reaching finality", data: None })) tx_digest=Digest("3BQJgtGAmeNursx2SWgr7sJ1GEPFcxW3UUvBorbJUW5Y") retry_cnt=0
2026-05-20T12:40:29.355243Z ERROR iota_benchmark: Transaction failed with err: Rpc(Call(ErrorObject { code: ServerError(-32050), message: "Transaction timed out before reaching finality", data: None })) tx_digest=Digest("B1adqWJtC7nsxSy7EyUmPsDDJRtniaURQrsrZGXtKdTC") retry_cnt=0
2026-05-20T12:40:29.357423Z ERROR iota_benchmark: Transaction failed with err: Rpc(Call(ErrorObject { code: ServerError(-32050), message: "Transaction timed out before reaching finality", data: None })) tx_digest=Digest("9UaQPxKozAkMX2YJ84fShaqsVz8kXuBcCyyh5U5pgpTa") retry_cnt=0
2026-05-20T12:40:29.357903Z ERROR iota_benchmark: Transaction failed with err: Rpc(Call(ErrorObject { code: ServerError(-32050), message: "Transaction timed out before reaching finality", data: None })) tx_digest=Digest("Aga52oawbCAdFRPPGT7CBpSEFYtnWu1NPrYDkfFuHPbi") retry_cnt=0
2026-05-20T12:40:29.363884Z ERROR iota_benchmark: Transaction failed with err: Rpc(Call(ErrorObject { code: ServerError(-32050), message: "Transaction timed out before reaching finality", data: None })) tx_digest=Digest("7wUEx8nYtGfBep1w9xGpY3zZwg3c3HXiAj7GdZooddFE") retry_cnt=0
2026-05-20T12:40:29.388158Z ERROR iota_benchmark: Transaction failed with err: Rpc(Call(ErrorObject { code: ServerError(-32050), message: "Transaction timed out before reaching finality", data: None })) tx_digest=Digest("G2s3GCrwLwwnBu9Hpa1FnmFrL8YLqVtUB8T7PhqbRVZu") retry_cnt=0
2026-05-20T12:40:29.388698Z ERROR iota_benchmark: Transaction failed with err: Rpc(Call(ErrorObject { code: ServerError(-32050), message: "Transaction timed out before reaching finality", data: None })) tx_digest=Digest("9vMC1dAi9bg93HX8nn93kb6SdHSPAcBADSEAUaKm2D7T") retry_cnt=0
2026-05-20T12:40:29.389271Z ERROR iota_benchmark: Transaction failed with err: Rpc(Call(ErrorObject { code: ServerError(-32050), message: "Transaction timed out before reaching finality", data: None })) tx_digest=Digest("2vdXSScvFc7owuhUgcaNDw4apH3TRsDobvWxhbziDR22") retry_cnt=0
2026-05-20T12:40:29.394065Z ERROR iota_benchmark: Transaction failed with err: Rpc(Call(ErrorObject { code: ServerError(-32050), message: "Transaction timed out before reaching finality", data: None })) tx_digest=Digest("8u4EdHZV4Ri3Ei9v9kcBHwzgcFTHEiSXTUDW8ecJJJTn") retry_cnt=0
2026-05-20T12:40:29.398903Z ERROR iota_benchmark: Transaction failed with err: Rpc(Call(ErrorObject { code: ServerError(-32050), message: "Transaction timed out before reaching finality", data: None })) tx_digest=Digest("2HiWCEcPs6LoHxGW4Fxm9Ltsnh9hmoxXgP3hVNuttxJ4") retry_cnt=0
2026-05-20T12:40:29.406869Z ERROR iota_benchmark: Transaction failed with err: Rpc(Call(ErrorObject { code: ServerError(-32050), message: "Transaction timed out before reaching finality", data: None })) tx_digest=Digest("F7TWu3FcpHJUh3rpoafNuV7vWUtbVkEVuDrFt983Y91Q") retry_cnt=0
2026-05-20T12:40:29.415808Z ERROR iota_benchmark: Transaction failed with err: Rpc(Call(ErrorObject { code: ServerError(-32050), message: "Transaction timed out before reaching finality", data: None })) tx_digest=Digest("5hceh1FhHdkgXYHoaWXZRKcU1Bmp1ZtnHhf2FvhG538g") retry_cnt=0
2026-05-20T12:40:29.415866Z ERROR iota_benchmark: Transaction failed with err: Rpc(Call(ErrorObject { code: ServerError(-32050), message: "Transaction timed out before reaching finality", data: None })) tx_digest=Digest("BHV3D9uiUP9q5jq9vAuXAerg76XDGffQZtCEQhJhr9Vw") retry_cnt=0
2026-05-20T12:40:29.429325Z ERROR iota_benchmark: Transaction failed with err: Rpc(Call(ErrorObject { code: ServerError(-32050), message: "Transaction timed out before reaching finality", data: None })) tx_digest=Digest("7ASYUMnmn572MZdu7p9AZd617h9ryKJQwFnkuAKjCfA7") retry_cnt=0
2026-05-20T12:40:29.429503Z ERROR iota_benchmark: Transaction failed with err: Rpc(Call(ErrorObject { code: ServerError(-32050), message: "Transaction timed out before reaching finality", data: None })) tx_digest=Digest("Ed2WtQwt5aydu3AbhtZeRGTjxJ2Fvirh1yrhmS3XMoKi") retry_cnt=0
2026-05-20T12:40:29.430018Z ERROR iota_benchmark: Transaction failed with err: Rpc(Call(ErrorObject { code: ServerError(-32050), message: "Transaction timed out before reaching finality", data: None })) tx_digest=Digest("GGJEbNqFU1vC8nF4VEkyyvzCDh7fR9dVHEoHx6Us1dVP") retry_cnt=0
2026-05-20T12:40:29.430086Z ERROR iota_benchmark: Transaction failed with err: Rpc(Call(ErrorObject { code: ServerError(-32050), message: "Transaction timed out before reaching finality", data: None })) tx_digest=Digest("8KJ3dqCxNXuuVxDGabon4r74RNFzS4A2afbNUsiwdhrZ") retry_cnt=0
2026-05-20T12:40:29.450148Z ERROR iota_benchmark: Transaction failed with err: Rpc(Call(ErrorObject { code: ServerError(-32050), message: "Transaction timed out before reaching finality", data: None })) tx_digest=Digest("GTxNpHQRU3tERYd4xD7EG9eg1zTcQ8pGuZkSNBeukM7n") retry_cnt=0
2026-05-20T12:40:29.460591Z ERROR iota_benchmark: Transaction failed with err: Rpc(Call(ErrorObject { code: ServerError(-32050), message: "Transaction timed out before reaching finality", data: None })) tx_digest=Digest("C66piz7BSALbQrqY1Bn72V4GguLaR5xFbFXDMpduUkyV") retry_cnt=0
2026-05-20T12:40:29.460756Z ERROR iota_benchmark: Transaction failed with err: Rpc(Call(ErrorObject { code: ServerError(-32050), message: "Transaction timed out before reaching finality", data: None })) tx_digest=Digest("EhnQMb5aPgEWSj1MjCY62pSDcduchUK5aMWU6S8fXoHF") retry_cnt=0
2026-05-20T12:40:29.490291Z ERROR iota_benchmark: Transaction failed with err: Rpc(Call(ErrorObject { code: ServerError(-32050), message: "Transaction timed out before reaching finality", data: None })) tx_digest=Digest("8c8NVMUq17z1MQF1gD3QbUKzmYqPbgtjg8njPa1g8uQu") retry_cnt=0
2026-05-20T12:40:29.490415Z ERROR iota_benchmark: Transaction failed with err: Rpc(Call(ErrorObject { code: ServerError(-32050), message: "Transaction timed out before reaching finality", data: None })) tx_digest=Digest("BvEBR1tMzFApJzyMZKKpyYdeku78zuNYXmMRBpBinigT") retry_cnt=0
2026-05-20T12:40:29.500210Z ERROR iota_benchmark: Transaction failed with err: Rpc(Call(ErrorObject { code: ServerError(-32050), message: "Transaction timed out before reaching finality", data: None })) tx_digest=Digest("B1BHHDSaMhhnu18mCAHFHWieUSkp9b99vsiTMo2Dvfo7") retry_cnt=0
2026-05-20T12:40:29.502014Z ERROR iota_benchmark: Transaction failed with err: Rpc(Call(ErrorObject { code: ServerError(-32050), message: "Transaction timed out before reaching finality", data: None })) tx_digest=Digest("A9CfJyUt4FN9SnKpMrFG2zsyH1JGbBzvhZkLeoRV6W4v") retry_cnt=0
2026-05-20T12:40:29.507253Z ERROR iota_benchmark: Transaction failed with err: Rpc(Call(ErrorObject { code: ServerError(-32050), message: "Transaction timed out before reaching finality", data: None })) tx_digest=Digest("9VpMPA47eDuCEnkC7E2U5SjB7LtATdNt9UCBn7LtdMnS") retry_cnt=0
2026-05-20T12:40:29.525646Z ERROR iota_benchmark: Transaction failed with err: Rpc(Call(ErrorObject { code: ServerError(-32050), message: "Transaction timed out before reaching finality", data: None })) tx_digest=Digest("GT6dw5f5z2SnuuetEAtLUXpnmw5p76MMckA9LCXAYCas") retry_cnt=0
2026-05-20T12:40:29.525848Z ERROR iota_benchmark: Transaction failed with err: Rpc(Call(ErrorObject { code: ServerError(-32050), message: "Transaction timed out before reaching finality", data: None })) tx_digest=Digest("4NUdb7YFAWkrdBCXRSfCzpeQbnPWVBaDgB6xYyhgum6A") retry_cnt=0
2026-05-20T12:40:29.527684Z ERROR iota_benchmark: Transaction failed with err: Rpc(Call(ErrorObject { code: ServerError(-32050), message: "Transaction timed out before reaching finality", data: None })) tx_digest=Digest("2vmrL2Eae8wBjDfFnMzbWXSjwqSaGu2aq7NY2YL7gCmP") retry_cnt=0
2026-05-20T12:40:29.527763Z ERROR iota_benchmark: Transaction failed with err: Rpc(Call(ErrorObject { code: ServerError(-32050), message: "Transaction timed out before reaching finality", data: None })) tx_digest=Digest("Hf9JPsJatth8J8JjJxkmZMrscMLZkpvJ6VujGsRjDusK") retry_cnt=0
2026-05-20T12:40:29.528270Z ERROR iota_benchmark: Transaction failed with err: Rpc(Call(ErrorObject { code: ServerError(-32050), message: "Transaction timed out before reaching finality", data: None })) tx_digest=Digest("BDeaNsMubytAH5JkmSRdZT3h9x6YHakbpZ7LrRLyYQDn") retry_cnt=0
2026-05-20T12:40:29.530398Z ERROR iota_benchmark: Transaction failed with err: Rpc(Call(ErrorObject { code: ServerError(-32050), message: "Transaction timed out before reaching finality", data: None })) tx_digest=Digest("6E1VL7rSMwSZRA2fTQri9zyCX2SMXS2b7zkRvo34Xmy3") retry_cnt=0
2026-05-20T12:40:29.530976Z ERROR iota_benchmark: Transaction failed with err: Rpc(Call(ErrorObject { code: ServerError(-32050), message: "Transaction timed out before reaching finality", data: None })) tx_digest=Digest("HqVUQ1CHawFYxKwUUvu6jGmXo8a8QHqBp6DfJE8CuL9q") retry_cnt=0
2026-05-20T12:40:29.531205Z ERROR iota_benchmark: Transaction failed with err: Rpc(Call(ErrorObject { code: ServerError(-32050), message: "Transaction timed out before reaching finality", data: None })) tx_digest=Digest("Drx5YaMjegMxR1q2r9w2smFpyxT7n35rWS3igZDFjhUp") retry_cnt=0
2026-05-20T12:40:29.536767Z ERROR iota_benchmark: Transaction failed with err: Rpc(Call(ErrorObject { code: ServerError(-32050), message: "Transaction timed out before reaching finality", data: None })) tx_digest=Digest("5bEfkC2gjyaRFA1Wh1qbvZ3D8VuYro2VpWS3GdVZYWcB") retry_cnt=0
2026-05-20T12:40:29.538577Z ERROR iota_benchmark: Transaction failed with err: Rpc(Call(ErrorObject { code: ServerError(-32050), message: "Transaction timed out before reaching finality", data: None })) tx_digest=Digest("GyJC7meWAhWJnTtHZCYJkNCuzPGrvJLHzRFKbE6F6JUM") retry_cnt=0
2026-05-20T12:40:29.541796Z ERROR iota_benchmark: Transaction failed with err: Rpc(Call(ErrorObject { code: ServerError(-32050), message: "Transaction timed out before reaching finality", data: None })) tx_digest=Digest("ChqRASRdoFxYSxfuswNLgyiMYsvfFxx8uFXdyCVcXndn") retry_cnt=0
2026-05-20T12:40:29.541915Z ERROR iota_benchmark: Transaction failed with err: Rpc(Call(ErrorObject { code: ServerError(-32050), message: "Transaction timed out before reaching finality", data: None })) tx_digest=Digest("Fyp5QN4GZRu4pwHZQ9niPEJ4tXVDujDexfmzcb8wpfVT") retry_cnt=0
2026-05-20T12:40:29.555307Z ERROR iota_benchmark: Transaction failed with err: Rpc(Call(ErrorObject { code: ServerError(-32050), message: "Transaction timed out before reaching finality", data: None })) tx_digest=Digest("EtSfEseZGmTn7appLMmkAUkry3tWEpQrozakRnH5am6J") retry_cnt=0
2026-05-20T12:40:29.555489Z ERROR iota_benchmark: Transaction failed with err: Rpc(Call(ErrorObject { code: ServerError(-32050), message: "Transaction timed out before reaching finality", data: None })) tx_digest=Digest("GSb5Sn4C99MQ7S7Ye9yUcvJvB2hvQ6z7TwgU176b9ex2") retry_cnt=0
2026-05-20T12:40:29.555547Z ERROR iota_benchmark: Transaction failed with err: Rpc(Call(ErrorObject { code: ServerError(-32050), message: "Transaction timed out before reaching finality", data: None })) tx_digest=Digest("HNnQwj3p7t48APgR15QEDMDxUWH6KeTdJWUnwPosSRRc") retry_cnt=0
2026-05-20T12:40:29.556039Z ERROR iota_benchmark: Transaction failed with err: Rpc(Call(ErrorObject { code: ServerError(-32050), message: "Transaction timed out before reaching finality", data: None })) tx_digest=Digest("BXZ9b2xo3GoYcRdmxyj2RE5xCSwxghd3qqfPYLxP5vcy") retry_cnt=0
2026-05-20T12:40:29.591842Z ERROR iota_benchmark: Transaction failed with err: Rpc(Call(ErrorObject { code: ServerError(-32050), message: "Transaction timed out before reaching finality", data: None })) tx_digest=Digest("FovdcN1KPgk86f2BguPZckBWixp8RKPzFkzQqPtsYyhS") retry_cnt=0
2026-05-20T12:40:29.593585Z ERROR iota_benchmark: Transaction failed with err: Rpc(Call(ErrorObject { code: ServerError(-32050), message: "Transaction timed out before reaching finality", data: None })) tx_digest=Digest("AQ9j7KyBnyPGV2KiywQTzFhYiMdDtwqByUZ1bce66oWU") retry_cnt=0
2026-05-20T12:40:29.600276Z ERROR iota_benchmark: Transaction failed with err: Rpc(Call(ErrorObject { code: ServerError(-32050), message: "Transaction timed out before reaching finality", data: None })) tx_digest=Digest("GR8FFfwUevN3SPrpDxXwKoHASesqCQgpywx2MJaH8PKS") retry_cnt=0
2026-05-20T12:40:29.621420Z ERROR iota_benchmark: Transaction failed with err: Rpc(Call(ErrorObject { code: ServerError(-32050), message: "Transaction timed out before reaching finality", data: None })) tx_digest=Digest("BhJf1odzA8DeJLpdpWgt5xqbVKVS69YLYHMQecCMD9vb") retry_cnt=0
2026-05-20T12:40:29.621431Z ERROR iota_benchmark: Transaction failed with err: Rpc(Call(ErrorObject { code: ServerError(-32050), message: "Transaction timed out before reaching finality", data: None })) tx_digest=Digest("HSLAfqU8KoifkqHddAA51o1tRdi3j6BW64Bs2U8dJP6o") retry_cnt=0
2026-05-20T12:40:29.622409Z ERROR iota_benchmark: Transaction failed with err: Rpc(Call(ErrorObject { code: ServerError(-32050), message: "Transaction timed out before reaching finality", data: None })) tx_digest=Digest("E8WMiDaRX5bZ2p7u4wkmoDc2db7RdfBbTxSJdk9pKPtR") retry_cnt=0
2026-05-20T12:40:29.623069Z ERROR iota_benchmark: Transaction failed with err: Rpc(Call(ErrorObject { code: ServerError(-32050), message: "Transaction timed out before reaching finality", data: None })) tx_digest=Digest("BNEiEaSmUsDagycRd6mZXPWzr81bA9CBYViUDMmkERWo") retry_cnt=0
2026-05-20T12:40:29.624599Z ERROR iota_benchmark: Transaction failed with err: Rpc(Call(ErrorObject { code: ServerError(-32050), message: "Transaction timed out before reaching finality", data: None })) tx_digest=Digest("HJ1YBcCbKdNkHMDcePjv7x5AMcB8VY2yzfDYGZkSLCcv") retry_cnt=0
2026-05-20T12:40:29.624613Z ERROR iota_benchmark: Transaction failed with err: Rpc(Call(ErrorObject { code: ServerError(-32050), message: "Transaction timed out before reaching finality", data: None })) tx_digest=Digest("84TVfv1qmHYA99uQjtueixfUZLZdNZJtqr9ks3BmWrTJ") retry_cnt=0
2026-05-20T12:40:29.625136Z ERROR iota_benchmark: Transaction failed with err: Rpc(Call(ErrorObject { code: ServerError(-32050), message: "Transaction timed out before reaching finality", data: None })) tx_digest=Digest("BTKJVomUkAKeFHkMPhHtFV2uujLXdJNbYXEtZz3aNVxh") retry_cnt=0
2026-05-20T12:40:29.626025Z ERROR iota_benchmark: Transaction failed with err: Rpc(Call(ErrorObject { code: ServerError(-32050), message: "Transaction timed out before reaching finality", data: None })) tx_digest=Digest("133F7UhcxcsLhHx6JmAQ6UMkQxoqFzGBCFfnoxufBCy4") retry_cnt=0
2026-05-20T12:40:29.627582Z ERROR iota_benchmark: Transaction failed with err: Rpc(Call(ErrorObject { code: ServerError(-32050), message: "Transaction timed out before reaching finality", data: None })) tx_digest=Digest("DjtA3cEBqQEkdJN4wZe4wcGzrkSUgAGtBysBBsx4vmjq") retry_cnt=0
2026-05-20T12:40:29.627607Z ERROR iota_benchmark: Transaction failed with err: Rpc(Call(ErrorObject { code: ServerError(-32050), message: "Transaction timed out before reaching finality", data: None })) tx_digest=Digest("9ZpPt8RePxdnBSEYu2vLZsF2r62EhQ9xKXFp4ZDEztRZ") retry_cnt=0
2026-05-20T12:40:29.628018Z ERROR iota_benchmark: Transaction failed with err: Rpc(Call(ErrorObject { code: ServerError(-32050), message: "Transaction timed out before reaching finality", data: None })) tx_digest=Digest("6kyKEBj39kEyBRxWf91o8iPeeuiohyNeiXRfN4BrRc8") retry_cnt=0
2026-05-20T12:40:29.650450Z ERROR iota_benchmark: Transaction failed with err: Rpc(Call(ErrorObject { code: ServerError(-32050), message: "Transaction timed out before reaching finality", data: None })) tx_digest=Digest("2ztnzHF8ehkrBtd6RLMvyJq2h1hcyActsKtf8hM9u2B3") retry_cnt=0
2026-05-20T12:40:29.650601Z ERROR iota_benchmark: Transaction failed with err: Rpc(Call(ErrorObject { code: ServerError(-32050), message: "Transaction timed out before reaching finality", data: None })) tx_digest=Digest("E9PqtjbWy3zDyKN7oZRchkz9nhqCoBTLdXBzmuZYZ88Y") retry_cnt=0
2026-05-20T12:40:29.650763Z ERROR iota_benchmark: Transaction failed with err: Rpc(Call(ErrorObject { code: ServerError(-32050), message: "Transaction timed out before reaching finality", data: None })) tx_digest=Digest("5odVdrEmk5Kuu9zH7G6Uiy9rKgAL6q8ovw8hC1hjFH2D") retry_cnt=0
2026-05-20T12:40:29.656260Z ERROR iota_benchmark: Transaction failed with err: Rpc(Call(ErrorObject { code: ServerError(-32050), message: "Transaction timed out before reaching finality", data: None })) tx_digest=Digest("9CmdfqLYztiJgdnLGXCm21EQWPCRHHQh4VMm4C3eXSBE") retry_cnt=0
2026-05-20T12:40:29.680745Z ERROR iota_benchmark: Transaction failed with err: Rpc(Call(ErrorObject { code: ServerError(-32050), message: "Transaction timed out before reaching finality", data: None })) tx_digest=Digest("Aqh9MsJ76YTHwXfy9ZQYwFmxnJGZPUcWrgxMkAMdDd1D") retry_cnt=0
2026-05-20T12:40:29.692921Z ERROR iota_benchmark: Transaction failed with err: Rpc(Call(ErrorObject { code: ServerError(-32050), message: "Transaction timed out before reaching finality", data: None })) tx_digest=Digest("9KsmXFYVv4XJUmSk6vZwH8LgybuNfrZLnxGFSU8uw28b") retry_cnt=0
2026-05-20T12:40:29.721563Z ERROR iota_benchmark: Transaction failed with err: Rpc(Call(ErrorObject { code: ServerError(-32050), message: "Transaction timed out before reaching finality", data: None })) tx_digest=Digest("8JSfeu7P9suNSsWurDEfMfr4nmvgRbM7ebgTLRzsK7QM") retry_cnt=0
2026-05-20T12:40:29.724815Z ERROR iota_benchmark: Transaction failed with err: Rpc(Call(ErrorObject { code: ServerError(-32050), message: "Transaction timed out before reaching finality", data: None })) tx_digest=Digest("8sFK2HACooZmMb82u8gmg55GCDEo5bYWj6T6QZAyCZo7") retry_cnt=0
2026-05-20T12:40:29.740998Z ERROR iota_benchmark: Transaction failed with err: Rpc(Call(ErrorObject { code: ServerError(-32050), message: "Transaction timed out before reaching finality", data: None })) tx_digest=Digest("8kxsdegMEaN6u5JMjjb1MFD7sU4Yja4nc7WrFLd3t6Si") retry_cnt=0
2026-05-20T12:40:29.741013Z ERROR iota_benchmark: Transaction failed with err: Rpc(Call(ErrorObject { code: ServerError(-32050), message: "Transaction timed out before reaching finality", data: None })) tx_digest=Digest("8jeG5We9E9hBQ7gdRdvnRkQdSsnc1h3gMDZ8WY5FRKDS") retry_cnt=0
2026-05-20T12:40:29.741220Z ERROR iota_benchmark: Transaction failed with err: Rpc(Call(ErrorObject { code: ServerError(-32050), message: "Transaction timed out before reaching finality", data: None })) tx_digest=Digest("EUYhYswaqsDLWQhZnYnf9UvKrTiT5jZpCfDEmW4A2JzA") retry_cnt=0
2026-05-20T12:40:29.743077Z ERROR iota_benchmark: Transaction failed with err: Rpc(Call(ErrorObject { code: ServerError(-32050), message: "Transaction timed out before reaching finality", data: None })) tx_digest=Digest("2AQ9EfDdwMjdCPJQMhdVTtmHRnqSj9SSBYwe2gR6YDeo") retry_cnt=0
2026-05-20T12:40:29.744060Z ERROR iota_benchmark: Transaction failed with err: Rpc(Call(ErrorObject { code: ServerError(-32050), message: "Transaction timed out before reaching finality", data: None })) tx_digest=Digest("ASTo7jR4GC7CVc1xJsjbEVk11cidCoMpGRnvJ8WjDBcf") retry_cnt=0
2026-05-20T12:40:29.763419Z ERROR iota_benchmark: Transaction failed with err: Rpc(Call(ErrorObject { code: ServerError(-32050), message: "Transaction timed out before reaching finality", data: None })) tx_digest=Digest("25ov4S3M8C89hVxXg6KiUXQ2jPd8768pCQLiCB8Eppdv") retry_cnt=0
2026-05-20T12:40:29.769994Z ERROR iota_benchmark: Transaction failed with err: Rpc(Call(ErrorObject { code: ServerError(-32050), message: "Transaction timed out before reaching finality", data: None })) tx_digest=Digest("DXVF4U8MsKVex7AdQeCSMv4RmHbQkSPWCtRorQUVhAjD") retry_cnt=0
2026-05-20T12:40:29.770562Z ERROR iota_benchmark: Transaction failed with err: Rpc(Call(ErrorObject { code: ServerError(-32050), message: "Transaction timed out before reaching finality", data: None })) tx_digest=Digest("6w7Kz8rCR67ytvry2w8Atnb3pb7GopA3ELuZVbi9eHSJ") retry_cnt=0
2026-05-20T12:40:29.770608Z ERROR iota_benchmark: Transaction failed with err: Rpc(Call(ErrorObject { code: ServerError(-32050), message: "Transaction timed out before reaching finality", data: None })) tx_digest=Digest("942286eQUr8UHdZfxiAcNwj546uG8a9HYR5XMPptCNir") retry_cnt=0
2026-05-20T12:40:29.771094Z ERROR iota_benchmark: Transaction failed with err: Rpc(Call(ErrorObject { code: ServerError(-32050), message: "Transaction timed out before reaching finality", data: None })) tx_digest=Digest("9SLnXY7EDzjXYV5DxQd4N2GLB64usRK7NCBghD57P74M") retry_cnt=0
2026-05-20T12:40:29.771920Z ERROR iota_benchmark: Transaction failed with err: Rpc(Call(ErrorObject { code: ServerError(-32050), message: "Transaction timed out before reaching finality", data: None })) tx_digest=Digest("8QUSk3C1nushSgnNBGZ44c4VBRzZAKF8eKnCPJaEPwa") retry_cnt=0
2026-05-20T12:40:29.782640Z ERROR iota_benchmark: Transaction failed with err: Rpc(Call(ErrorObject { code: ServerError(-32050), message: "Transaction timed out before reaching finality", data: None })) tx_digest=Digest("GS53W4pT1uy4yUGkm3PkAHWZ1ZyH5iuLgparmNmrcJME") retry_cnt=0
2026-05-20T12:40:29.786623Z ERROR iota_benchmark: Transaction failed with err: Rpc(Call(ErrorObject { code: ServerError(-32050), message: "Transaction timed out before reaching finality", data: None })) tx_digest=Digest("GcxrMsi4BZvHoey5jkYqRhAqd3qEsjq39kuCPpNhxcQP") retry_cnt=0
2026-05-20T12:40:29.800649Z ERROR iota_benchmark: Transaction failed with err: Rpc(Call(ErrorObject { code: ServerError(-32050), message: "Transaction timed out before reaching finality", data: None })) tx_digest=Digest("7XutibixRC2EsG6JKcUmWJrTeNYesaMzwvTsDQocWxdE") retry_cnt=0
2026-05-20T12:40:29.803086Z ERROR iota_benchmark: Transaction failed with err: Rpc(Call(ErrorObject { code: ServerError(-32050), message: "Transaction timed out before reaching finality", data: None })) tx_digest=Digest("AEWyufU6r1YbaGyKLVGwi8dCnxxW7yRfyHMM3PyPYDeZ") retry_cnt=0
2026-05-20T12:40:29.807496Z ERROR iota_benchmark: Transaction failed with err: Rpc(Call(ErrorObject { code: ServerError(-32050), message: "Transaction timed out before reaching finality", data: None })) tx_digest=Digest("DpmhDvDQ5vqTCrjriVJEy1uB3Z5qGYNEapXHYMKNDbYx") retry_cnt=0
2026-05-20T12:40:29.807982Z ERROR iota_benchmark: Transaction failed with err: Rpc(Call(ErrorObject { code: ServerError(-32050), message: "Transaction timed out before reaching finality", data: None })) tx_digest=Digest("BiJFGtdGocQC9Mb5fsuKecruUSDEKvxuDyPtKAeVNJyc") retry_cnt=0
2026-05-20T12:40:29.808164Z ERROR iota_benchmark: Transaction failed with err: Rpc(Call(ErrorObject { code: ServerError(-32050), message: "Transaction timed out before reaching finality", data: None })) tx_digest=Digest("5KnteYpWiVcArdhZKdjAG8HVGNGG1R1FZ31zk46fMJxZ") retry_cnt=0
2026-05-20T12:40:29.812059Z ERROR iota_benchmark: Transaction failed with err: Rpc(Call(ErrorObject { code: ServerError(-32050), message: "Transaction timed out before reaching finality", data: None })) tx_digest=Digest("3Ghi42gkVbZkSLNReqGydfhABS8aqBSU8VtB13iSCids") retry_cnt=0
2026-05-20T12:40:29.816814Z ERROR iota_benchmark: Transaction failed with err: Rpc(Call(ErrorObject { code: ServerError(-32050), message: "Transaction timed out before reaching finality", data: None })) tx_digest=Digest("EbcyzszEvPaJUbZwjgokW9NPq7buU6cDi5kcHKJEV8uL") retry_cnt=0
2026-05-20T12:40:29.836350Z ERROR iota_benchmark: Transaction failed with err: Rpc(Call(ErrorObject { code: ServerError(-32050), message: "Transaction timed out before reaching finality", data: None })) tx_digest=Digest("GYBy9So3EVgSUxPnzNYu8A768zzw9v4aRAERqSj61i8b") retry_cnt=0
2026-05-20T12:40:29.836914Z ERROR iota_benchmark: Transaction failed with err: Rpc(Call(ErrorObject { code: ServerError(-32050), message: "Transaction timed out before reaching finality", data: None })) tx_digest=Digest("7dxCDuBBWbgT2hVK5rKrS9PN4pDDf3scHz5eGM9WtZE2") retry_cnt=0
2026-05-20T12:40:29.836956Z ERROR iota_benchmark: Transaction failed with err: Rpc(Call(ErrorObject { code: ServerError(-32050), message: "Transaction timed out before reaching finality", data: None })) tx_digest=Digest("927ZN1Ts2P8RtooEityT8Xqk4AxJS1ftBsFvTdTRYiAm") retry_cnt=0
2026-05-20T12:40:29.838526Z ERROR iota_benchmark: Transaction failed with err: Rpc(Call(ErrorObject { code: ServerError(-32050), message: "Transaction timed out before reaching finality", data: None })) tx_digest=Digest("DfUc3aHwS5kRpwiG6bEkEkwEHbmGbwHtFkn5f8TWXgne") retry_cnt=0
2026-05-20T12:40:29.845005Z ERROR iota_benchmark: Transaction failed with err: Rpc(Call(ErrorObject { code: ServerError(-32050), message: "Transaction timed out before reaching finality", data: None })) tx_digest=Digest("GknMDkXnG7mWVmeTYaw3hz9GEXoy2Z5icyiZjHWS4jVC") retry_cnt=0
2026-05-20T12:40:29.845020Z ERROR iota_benchmark: Transaction failed with err: Rpc(Call(ErrorObject { code: ServerError(-32050), message: "Transaction timed out before reaching finality", data: None })) tx_digest=Digest("ET3Nu7wJrRgzxyjoq4vXfXQotLcTnJddZz4Mu79zMtXF") retry_cnt=0
2026-05-20T12:40:29.845362Z ERROR iota_benchmark: Transaction failed with err: Rpc(Call(ErrorObject { code: ServerError(-32050), message: "Transaction timed out before reaching finality", data: None })) tx_digest=Digest("7LErEKNquFALv3rkZXoznKVVdVqXRFif3FEFrFahCTYo") retry_cnt=0
2026-05-20T12:40:29.845377Z ERROR iota_benchmark: Transaction failed with err: Rpc(Call(ErrorObject { code: ServerError(-32050), message: "Transaction timed out before reaching finality", data: None })) tx_digest=Digest("9U5VLxoo4sGFaNi3c9cmjYtQfpkKgHx5nh3Yuf8gLqJH") retry_cnt=0
2026-05-20T12:40:29.849431Z ERROR iota_benchmark: Transaction failed with err: Rpc(Call(ErrorObject { code: ServerError(-32050), message: "Transaction timed out before reaching finality", data: None })) tx_digest=Digest("EEANBs9dCJHdrtqMnhBDxP32bYMAPcRHvqoDCqcJhQNz") retry_cnt=0
2026-05-20T12:40:29.849564Z ERROR iota_benchmark: Transaction failed with err: Rpc(Call(ErrorObject { code: ServerError(-32050), message: "Transaction timed out before reaching finality", data: None })) tx_digest=Digest("tsegTc8R6PkytxrNjtP62dGzSybdxSqL931GNwN5eY4") retry_cnt=0
2026-05-20T12:40:29.875994Z ERROR iota_benchmark: Transaction failed with err: Rpc(Call(ErrorObject { code: ServerError(-32050), message: "Transaction timed out before reaching finality", data: None })) tx_digest=Digest("FrGNvbuqTAqWrw2vjdqCpactKXmc3aGj4Wv1XQR1HA2W") retry_cnt=0
2026-05-20T12:40:29.875993Z ERROR iota_benchmark: Transaction failed with err: Rpc(Call(ErrorObject { code: ServerError(-32050), message: "Transaction timed out before reaching finality", data: None })) tx_digest=Digest("GwBpyjY9uBiQVaqc93SFHRKKvmjTzoQBxm7ztbpBpWA1") retry_cnt=0
2026-05-20T12:40:29.876074Z ERROR iota_benchmark: Transaction failed with err: Rpc(Call(ErrorObject { code: ServerError(-32050), message: "Transaction timed out before reaching finality", data: None })) tx_digest=Digest("FmkRYtojzYw1BHpYNxF6y7GJfFhzWRqzG5QjPQaFPPVN") retry_cnt=0
2026-05-20T12:40:29.876090Z ERROR iota_benchmark: Transaction failed with err: Rpc(Call(ErrorObject { code: ServerError(-32050), message: "Transaction timed out before reaching finality", data: None })) tx_digest=Digest("FXUgHhqiBt5LnssWGqibLWBdm5NUP4eGQYNupwqBHb9y") retry_cnt=0
2026-05-20T12:40:29.876117Z ERROR iota_benchmark: Transaction failed with err: Rpc(Call(ErrorObject { code: ServerError(-32050), message: "Transaction timed out before reaching finality", data: None })) tx_digest=Digest("37KkNpxDwJ8uPKJd3cPfBpHb2nXsgCPs7a4aHnggM6Ga") retry_cnt=0
2026-05-20T12:40:29.876161Z ERROR iota_benchmark: Transaction failed with err: Rpc(Call(ErrorObject { code: ServerError(-32050), message: "Transaction timed out before reaching finality", data: None })) tx_digest=Digest("3LKkFYLZC7pXEr1MoyEnBn5jicza8zVT22UCMvhwzdx1") retry_cnt=0
2026-05-20T12:40:29.876173Z ERROR iota_benchmark: Transaction failed with err: Rpc(Call(ErrorObject { code: ServerError(-32050), message: "Transaction timed out before reaching finality", data: None })) tx_digest=Digest("1KXyr6ABz3wre6S8nczsgTAQYpEsmYCne5c5gapUNzQ") retry_cnt=0
2026-05-20T12:40:29.876610Z ERROR iota_benchmark: Transaction failed with err: Rpc(Call(ErrorObject { code: ServerError(-32050), message: "Transaction timed out before reaching finality", data: None })) tx_digest=Digest("2PgHKn9x27CrysEwfgK1TWodx5dVPPFyxy74LTCRxegJ") retry_cnt=0
2026-05-20T12:40:29.880459Z ERROR iota_benchmark: Transaction failed with err: Rpc(Call(ErrorObject { code: ServerError(-32050), message: "Transaction timed out before reaching finality", data: None })) tx_digest=Digest("CuQ6Gsqx5seLufADuhFocAKL5QefQ5dwc38hAgcNdfq4") retry_cnt=0
2026-05-20T12:40:29.903365Z ERROR iota_benchmark: Transaction failed with err: Rpc(Call(ErrorObject { code: ServerError(-32050), message: "Transaction timed out before reaching finality", data: None })) tx_digest=Digest("GexsutnztHbgi5E4SfGpuDSLJ8PTkYQvuvDFVssyDMKR") retry_cnt=0
2026-05-20T12:40:29.904218Z ERROR iota_benchmark: Transaction failed with err: Rpc(Call(ErrorObject { code: ServerError(-32050), message: "Transaction timed out before reaching finality", data: None })) tx_digest=Digest("HWc14D5NCvK3GrA1WDKhrGm5jPEa7Q8RRNvuuczFXv6R") retry_cnt=0
2026-05-20T12:40:29.923334Z ERROR iota_benchmark: Transaction failed with err: Rpc(Call(ErrorObject { code: ServerError(-32050), message: "Transaction timed out before reaching finality", data: None })) tx_digest=Digest("8JimykmfB8UVkToMjje9jWXmcXvrhHdkrtADieyxcURY") retry_cnt=0
2026-05-20T12:40:29.923341Z ERROR iota_benchmark: Transaction failed with err: Rpc(Call(ErrorObject { code: ServerError(-32050), message: "Transaction timed out before reaching finality", data: None })) tx_digest=Digest("Fq6pvkrZYaQEzRPicrrANxAXLxgZPdMQi6xB659TtRe2") retry_cnt=0
2026-05-20T12:40:29.944840Z ERROR iota_benchmark: Transaction failed with err: Rpc(Call(ErrorObject { code: ServerError(-32050), message: "Transaction timed out before reaching finality", data: None })) tx_digest=Digest("GcE2kSNrnBVvaXUaJ4tSjNQFHzALov7GfstaxE2Ygd7") retry_cnt=0
2026-05-20T12:40:29.944851Z ERROR iota_benchmark: Transaction failed with err: Rpc(Call(ErrorObject { code: ServerError(-32050), message: "Transaction timed out before reaching finality", data: None })) tx_digest=Digest("6QoFGAzfritmYbU365Q2vQjPHywnKNKd1vQ5yh2y215P") retry_cnt=0
2026-05-20T12:40:29.971016Z ERROR iota_benchmark: Transaction failed with err: Rpc(Call(ErrorObject { code: ServerError(-32050), message: "Transaction timed out before reaching finality", data: None })) tx_digest=Digest("Ebvv6B3QrHFGyUuZMj2UphXCEZivCMFbDLUXNhM6dA7T") retry_cnt=0
2026-05-20T12:40:29.971074Z ERROR iota_benchmark: Transaction failed with err: Rpc(Call(ErrorObject { code: ServerError(-32050), message: "Transaction timed out before reaching finality", data: None })) tx_digest=Digest("7j8eLG8Y8LrPAHAQgH4ga5G1G66wMfdabRvPpxeTrjXf") retry_cnt=0
2026-05-20T12:40:29.971153Z ERROR iota_benchmark: Transaction failed with err: Rpc(Call(ErrorObject { code: ServerError(-32050), message: "Transaction timed out before reaching finality", data: None })) tx_digest=Digest("GN8RjaePKE3GPPJvwNt9x8Tc8sDzu6MmqmMJEU6DufGX") retry_cnt=0
2026-05-20T12:40:29.974702Z ERROR iota_benchmark: Transaction failed with err: Rpc(Call(ErrorObject { code: ServerError(-32050), message: "Transaction timed out before reaching finality", data: None })) tx_digest=Digest("AQ8QXrxXaJTA8tfJsyqKsuqfoyJ6TWF5rRAYzdTksfJB") retry_cnt=0
2026-05-20T12:40:29.976816Z ERROR iota_benchmark: Transaction failed with err: Rpc(Call(ErrorObject { code: ServerError(-32050), message: "Transaction timed out before reaching finality", data: None })) tx_digest=Digest("5bNwViLx968vc3d97HuHrQU8usJ62PKYqzpBkSJoksEP") retry_cnt=0
2026-05-20T12:40:29.988661Z ERROR iota_benchmark: Transaction failed with err: Rpc(Call(ErrorObject { code: ServerError(-32050), message: "Transaction timed out before reaching finality", data: None })) tx_digest=Digest("DJZkW5Zde8Socauxei5BqcHA8rzzrjVuSNYGDERDZC7M") retry_cnt=0
2026-05-20T12:40:29.989710Z ERROR iota_benchmark: Transaction failed with err: Rpc(Call(ErrorObject { code: ServerError(-32050), message: "Transaction timed out before reaching finality", data: None })) tx_digest=Digest("5fByQdwCtADY8QSBEzrJ8fN4gegi9PukcxYhR7S3rheA") retry_cnt=0
2026-05-20T12:40:29.989834Z ERROR iota_benchmark: Transaction failed with err: Rpc(Call(ErrorObject { code: ServerError(-32050), message: "Transaction timed out before reaching finality", data: None })) tx_digest=Digest("8hiFmPw5NeXexNaykopNM3We9KsRrwmeasyexPzyv4es") retry_cnt=0
2026-05-20T12:40:29.990511Z ERROR iota_benchmark: Transaction failed with err: Rpc(Call(ErrorObject { code: ServerError(-32050), message: "Transaction timed out before reaching finality", data: None })) tx_digest=Digest("Eo3qKdeuLatez6ZHgU2PzYPSurN2N8NyQhSuhF9niquE") retry_cnt=0
2026-05-20T12:40:29.993140Z ERROR iota_benchmark: Transaction failed with err: Rpc(Call(ErrorObject { code: ServerError(-32050), message: "Transaction timed out before reaching finality", data: None })) tx_digest=Digest("BmgsaZ7pEtNEBkin8pmJe1EfZQuGh361kQus9tgZJjST") retry_cnt=0
2026-05-20T12:40:29.993270Z ERROR iota_benchmark: Transaction failed with err: Rpc(Call(ErrorObject { code: ServerError(-32050), message: "Transaction timed out before reaching finality", data: None })) tx_digest=Digest("5iasRu5fPDSYLmCNaYaLCxxpLa445i9Rh8rUuxh7j9QS") retry_cnt=0
2026-05-20T12:40:29.994789Z ERROR iota_benchmark: Transaction failed with err: Rpc(Call(ErrorObject { code: ServerError(-32050), message: "Transaction timed out before reaching finality", data: None })) tx_digest=Digest("88DyPAaABUhfaZDUVQqgg9wZ85XaCw2srLqGmBZa94BL") retry_cnt=0
2026-05-20T12:40:29.995257Z ERROR iota_benchmark: Transaction failed with err: Rpc(Call(ErrorObject { code: ServerError(-32050), message: "Transaction timed out before reaching finality", data: None })) tx_digest=Digest("HEq5FPo9Jd98HpYYaLzdrtwpmDf5KBAikyNvxqBMzYEZ") retry_cnt=0
2026-05-20T12:40:29.995732Z ERROR iota_benchmark: Transaction failed with err: Rpc(Call(ErrorObject { code: ServerError(-32050), message: "Transaction timed out before reaching finality", data: None })) tx_digest=Digest("HYXq4YDWjcDCNr8Xjo8q5LkrcSBTHxeFaXqyAMggGEyE") retry_cnt=0
2026-05-20T12:40:30.004320Z ERROR iota_benchmark: Transaction failed with err: Rpc(Call(ErrorObject { code: ServerError(-32050), message: "Transaction timed out before reaching finality", data: None })) tx_digest=Digest("6DSVcii7hfSuPgFCwQsTQvnpVfbgxbKArL3ZqSSpNoKc") retry_cnt=0
2026-05-20T12:40:30.027411Z ERROR iota_benchmark: Transaction failed with err: Rpc(Call(ErrorObject { code: ServerError(-32050), message: "Transaction timed out before reaching finality", data: None })) tx_digest=Digest("8aVuqMPUAf1tPGZNFhWGkBe2ia5p5X68fVoAj9y5yNbo") retry_cnt=0
2026-05-20T12:40:30.041044Z ERROR iota_benchmark: Transaction failed with err: Rpc(Call(ErrorObject { code: ServerError(-32050), message: "Transaction timed out before reaching finality", data: None })) tx_digest=Digest("2cKu38aPfhTzg2AF9UGvjhwzKQWmzNbWBwzejTKP9cKA") retry_cnt=0
2026-05-20T12:40:30.041119Z ERROR iota_benchmark: Transaction failed with err: Rpc(Call(ErrorObject { code: ServerError(-32050), message: "Transaction timed out before reaching finality", data: None })) tx_digest=Digest("AShzjHaYaCQMh7RqwGWyVJuvGgEZnAuX8pvUdWJWMbJ9") retry_cnt=0
2026-05-20T12:40:30.041522Z ERROR iota_benchmark: Transaction failed with err: Rpc(Call(ErrorObject { code: ServerError(-32050), message: "Transaction timed out before reaching finality", data: None })) tx_digest=Digest("A13c8VeF2VV92b1WiojjwZByLsCDzk7GsLHVL1WB1P5u") retry_cnt=0
2026-05-20T12:40:30.041609Z ERROR iota_benchmark: Transaction failed with err: Rpc(Call(ErrorObject { code: ServerError(-32050), message: "Transaction timed out before reaching finality", data: None })) tx_digest=Digest("6WQzxcNB815XRnhFy8B4Ywqj5u2kxFX7zeUCwQ2P9oTm") retry_cnt=0
2026-05-20T12:40:30.041695Z ERROR iota_benchmark: Transaction failed with err: Rpc(Call(ErrorObject { code: ServerError(-32050), message: "Transaction timed out before reaching finality", data: None })) tx_digest=Digest("2TQviy3A3ShSD7ga5UvVGZSfqcuAm7FS1DJ3Jy4TNq39") retry_cnt=0
2026-05-20T12:40:30.041898Z ERROR iota_benchmark: Transaction failed with err: Rpc(Call(ErrorObject { code: ServerError(-32050), message: "Transaction timed out before reaching finality", data: None })) tx_digest=Digest("GD7xEUjq4SijWUWsRtW9Rmff1a2P7vEgoPuXYYfx6cA1") retry_cnt=0
2026-05-20T12:40:30.077765Z ERROR iota_benchmark: Transaction failed with err: Rpc(Call(ErrorObject { code: ServerError(-32050), message: "Transaction timed out before reaching finality", data: None })) tx_digest=Digest("4gw8S27h2dBFKGgdG98smUQw6BS3cVTpXsZw1tUpxR1b") retry_cnt=0
2026-05-20T12:40:30.077886Z ERROR iota_benchmark: Transaction failed with err: Rpc(Call(ErrorObject { code: ServerError(-32050), message: "Transaction timed out before reaching finality", data: None })) tx_digest=Digest("2xA7KK9Gagbvbv4QZ4MnE2ePs3HrUdkLdBNhKYtxPi2o") retry_cnt=0
2026-05-20T12:40:30.113581Z ERROR iota_benchmark: Transaction failed with err: Rpc(Call(ErrorObject { code: ServerError(-32050), message: "Transaction timed out before reaching finality", data: None })) tx_digest=Digest("2VNzKvXX3eX1Lc1zmxbVeWCiz8ZkxnwKs21ie4kboi8V") retry_cnt=0
2026-05-20T12:40:30.113648Z ERROR iota_benchmark: Transaction failed with err: Rpc(Call(ErrorObject { code: ServerError(-32050), message: "Transaction timed out before reaching finality", data: None })) tx_digest=Digest("2EWedeNmVmCYMGhCoJQtvoEVPVMoZYvpa4PHyBwJnGAe") retry_cnt=0
2026-05-20T12:40:30.113811Z ERROR iota_benchmark: Transaction failed with err: Rpc(Call(ErrorObject { code: ServerError(-32050), message: "Transaction timed out before reaching finality", data: None })) tx_digest=Digest("CEZ6pq8fzzESXQCgXoHXUUvPeFtjbCTnKUxogdMzYpaP") retry_cnt=0
2026-05-20T12:40:30.113956Z ERROR iota_benchmark: Transaction failed with err: Rpc(Call(ErrorObject { code: ServerError(-32050), message: "Transaction timed out before reaching finality", data: None })) tx_digest=Digest("H1SpAiuvV3dzmyv3VKBQU96bVR4umEuVr1RB8YnV4x7T") retry_cnt=0
2026-05-20T12:40:30.114505Z ERROR iota_benchmark: Transaction failed with err: Rpc(Call(ErrorObject { code: ServerError(-32050), message: "Transaction timed out before reaching finality", data: None })) tx_digest=Digest("AJLUqT5YXMyxVPrHUwvFaJ93FBe2HFd2WSt3CMpQfcdP") retry_cnt=0
2026-05-20T12:40:30.116002Z ERROR iota_benchmark: Transaction failed with err: Rpc(Call(ErrorObject { code: ServerError(-32050), message: "Transaction timed out before reaching finality", data: None })) tx_digest=Digest("6QsLFBYg4E5trtZVJWRoaawR5zMXb54XV5uaexaaNLYT") retry_cnt=0
2026-05-20T12:40:30.117190Z ERROR iota_benchmark: Transaction failed with err: Rpc(Call(ErrorObject { code: ServerError(-32050), message: "Transaction timed out before reaching finality", data: None })) tx_digest=Digest("5UEXSZSbz4xJ4WYjKgEsbkti2GHBBPjZDVbPn7ARAg4H") retry_cnt=0
2026-05-20T12:40:30.120615Z ERROR iota_benchmark: Transaction failed with err: Rpc(Call(ErrorObject { code: ServerError(-32050), message: "Transaction timed out before reaching finality", data: None })) tx_digest=Digest("5LXdnAhUwLQFWF4emF97BnEVupew5ePrP7MixySN2Ru2") retry_cnt=0
2026-05-20T12:40:30.120773Z ERROR iota_benchmark: Transaction failed with err: Rpc(Call(ErrorObject { code: ServerError(-32050), message: "Transaction timed out before reaching finality", data: None })) tx_digest=Digest("77HChg7USe1x8QCq5AckZXj7pJXAwgoXivmFuDx8Y6FB") retry_cnt=0
2026-05-20T12:40:30.120783Z ERROR iota_benchmark: Transaction failed with err: Rpc(Call(ErrorObject { code: ServerError(-32050), message: "Transaction timed out before reaching finality", data: None })) tx_digest=Digest("8Qr3boatfV2SYyvBfoiQYVXbm29dvfGmGuUTDgaMJLFv") retry_cnt=0
2026-05-20T12:40:30.120796Z ERROR iota_benchmark: Transaction failed with err: Rpc(Call(ErrorObject { code: ServerError(-32050), message: "Transaction timed out before reaching finality", data: None })) tx_digest=Digest("7z1qcah1xy9t4Y1BgvhTzSVuN1tEa4R8ptBcN56U7Lqf") retry_cnt=0
2026-05-20T12:40:30.120802Z ERROR iota_benchmark: Transaction failed with err: Rpc(Call(ErrorObject { code: ServerError(-32050), message: "Transaction timed out before reaching finality", data: None })) tx_digest=Digest("FyrrU3Xizc3x797KmtgKBkeAAv72XpEjgFCqBdZGBcMW") retry_cnt=0
2026-05-20T12:40:30.121684Z ERROR iota_benchmark: Transaction failed with err: Rpc(Call(ErrorObject { code: ServerError(-32050), message: "Transaction timed out before reaching finality", data: None })) tx_digest=Digest("APPvfzLjfAF4xPW563Nfh96jHw8ziTxxjkUEoC2YxYCt") retry_cnt=0
2026-05-20T12:40:30.123038Z ERROR iota_benchmark: Transaction failed with err: Rpc(Call(ErrorObject { code: ServerError(-32050), message: "Transaction timed out before reaching finality", data: None })) tx_digest=Digest("CkV79dwLtvwFx3mujqYYxrFpKQGkFK5pFDFEyAYZAevD") retry_cnt=0
2026-05-20T12:40:30.125979Z ERROR iota_benchmark: Transaction failed with err: Rpc(Call(ErrorObject { code: ServerError(-32050), message: "Transaction timed out before reaching finality", data: None })) tx_digest=Digest("AEvWMgpKHKFMJrDwMpjnM4Y9JDjqSHcxNKi4YpB2HhVt") retry_cnt=0
2026-05-20T12:40:30.177100Z ERROR iota_benchmark: Transaction failed with err: Rpc(Call(ErrorObject { code: ServerError(-32050), message: "Transaction timed out before reaching finality", data: None })) tx_digest=Digest("HJ8a52jRKUJTBXsYHbAhvGx7EJMeC3B7BQsvEeH8bzYR") retry_cnt=0
2026-05-20T12:40:30.177129Z ERROR iota_benchmark: Transaction failed with err: Rpc(Call(ErrorObject { code: ServerError(-32050), message: "Transaction timed out before reaching finality", data: None })) tx_digest=Digest("4vijbm3QWTTF5S8D7tKN1gCFr5T9XFUqPwquQTSEEq9B") retry_cnt=0
2026-05-20T12:40:30.177163Z ERROR iota_benchmark: Transaction failed with err: Rpc(Call(ErrorObject { code: ServerError(-32050), message: "Transaction timed out before reaching finality", data: None })) tx_digest=Digest("5M2j34P8WyUWxohBbX6g2RhNN1Sq9H186gwnhNhM1n5o") retry_cnt=0
2026-05-20T12:40:30.188997Z ERROR iota_benchmark: Transaction failed with err: Rpc(Call(ErrorObject { code: ServerError(-32050), message: "Transaction timed out before reaching finality", data: None })) tx_digest=Digest("8pT9vgNe7WcTTmCwwJeB9sGsTQsgSa8eeU6hWrgBydvH") retry_cnt=0
2026-05-20T12:40:30.189183Z ERROR iota_benchmark: Transaction failed with err: Rpc(Call(ErrorObject { code: ServerError(-32050), message: "Transaction timed out before reaching finality", data: None })) tx_digest=Digest("sWeHZdT3pJVLJw3qDfAJ69cs3eef7qejDGnpL7dn4mt") retry_cnt=0
2026-05-20T12:40:30.195551Z ERROR iota_benchmark: Transaction failed with err: Rpc(Call(ErrorObject { code: ServerError(-32050), message: "Transaction timed out before reaching finality", data: None })) tx_digest=Digest("9PbkpLCxv5dCAGMPGtcD6UeyaHtRdcwTE3XnjuC3Hswp") retry_cnt=0
2026-05-20T12:40:30.195634Z ERROR iota_benchmark: Transaction failed with err: Rpc(Call(ErrorObject { code: ServerError(-32050), message: "Transaction timed out before reaching finality", data: None })) tx_digest=Digest("GZDpHa4R7DMT51LEXWSoQpJPGS5v96YXuwcWaDb1nA5j") retry_cnt=0
2026-05-20T12:40:30.217950Z ERROR iota_benchmark: Transaction failed with err: Rpc(Call(ErrorObject { code: ServerError(-32050), message: "Transaction timed out before reaching finality", data: None })) tx_digest=Digest("31Ci82t2CyW92CLtKb9xduWX3Pk4XBAkycGpWnFEqdjL") retry_cnt=0
2026-05-20T12:40:30.218878Z ERROR iota_benchmark: Transaction failed with err: Rpc(Call(ErrorObject { code: ServerError(-32050), message: "Transaction timed out before reaching finality", data: None })) tx_digest=Digest("3u2jmXAzt6qEMKHwBB8H9fyKJNmFiQHBW7gu4m6PqQcS") retry_cnt=0
2026-05-20T12:40:30.219131Z ERROR iota_benchmark: Transaction failed with err: Rpc(Call(ErrorObject { code: ServerError(-32050), message: "Transaction timed out before reaching finality", data: None })) tx_digest=Digest("2dufCMvvXrjKWjY24nchqhTmzoSuZRHvEiUh3MC9B4n1") retry_cnt=0
2026-05-20T12:40:30.223685Z ERROR iota_benchmark: Transaction failed with err: Rpc(Call(ErrorObject { code: ServerError(-32050), message: "Transaction timed out before reaching finality", data: None })) tx_digest=Digest("HciEm6gJ4dQwCb34nNjhXwVb6CVzgnKKyZtNLKxSHfRL") retry_cnt=0
2026-05-20T12:40:30.223836Z ERROR iota_benchmark: Transaction failed with err: Rpc(Call(ErrorObject { code: ServerError(-32050), message: "Transaction timed out before reaching finality", data: None })) tx_digest=Digest("6uWuZHAbQhSbZtjFEmKFrKaGgSgayU5Vrs7i6gERtT4G") retry_cnt=0
2026-05-20T12:40:30.227227Z ERROR iota_benchmark: Transaction failed with err: Rpc(Call(ErrorObject { code: ServerError(-32050), message: "Transaction timed out before reaching finality", data: None })) tx_digest=Digest("2m6sTxV9jEQwPUkBpLzvUeCGAJFkGVapkZgFSfWXtVHN") retry_cnt=0
2026-05-20T12:40:30.239475Z ERROR iota_benchmark: Transaction failed with err: Rpc(Call(ErrorObject { code: ServerError(-32050), message: "Transaction timed out before reaching finality", data: None })) tx_digest=Digest("5KQVMmiUtFeZnVNQECaYqZh28dJCCFwSqa5hSKnGPQuK") retry_cnt=0
2026-05-20T12:40:30.254903Z ERROR iota_benchmark: Transaction failed with err: Rpc(Call(ErrorObject { code: ServerError(-32050), message: "Transaction timed out before reaching finality", data: None })) tx_digest=Digest("6qaHRWns92s2EtJapJY8JvfpLAg8R6v8rr6PAS71zU6T") retry_cnt=0
2026-05-20T12:40:30.257244Z ERROR iota_benchmark: Transaction failed with err: Rpc(Call(ErrorObject { code: ServerError(-32050), message: "Transaction timed out before reaching finality", data: None })) tx_digest=Digest("J1yXN1wHnhe55QaVcef1qUSt9M7YdjuhEWYefSrJX88n") retry_cnt=0
2026-05-20T12:40:30.257722Z ERROR iota_benchmark: Transaction failed with err: Rpc(Call(ErrorObject { code: ServerError(-32050), message: "Transaction timed out before reaching finality", data: None })) tx_digest=Digest("HDFgij84QxsVXFyqQVkJLZjM2od3Y6orV3eQHYTHze4D") retry_cnt=0
2026-05-20T12:40:30.260674Z ERROR iota_benchmark: Transaction failed with err: Rpc(Call(ErrorObject { code: ServerError(-32050), message: "Transaction timed out before reaching finality", data: None })) tx_digest=Digest("G2eXp6u5uWobQZnDJ6AArz5XxM2AakNGudi6SgTq8Noh") retry_cnt=0
2026-05-20T12:40:30.262832Z ERROR iota_benchmark: Transaction failed with err: Rpc(Call(ErrorObject { code: ServerError(-32050), message: "Transaction timed out before reaching finality", data: None })) tx_digest=Digest("uxFTFB8z3V2tQnJf5Q1jHVTc4VxGPAfiQz3YtGSDyjh") retry_cnt=0
2026-05-20T12:40:30.262841Z ERROR iota_benchmark: Transaction failed with err: Rpc(Call(ErrorObject { code: ServerError(-32050), message: "Transaction timed out before reaching finality", data: None })) tx_digest=Digest("JAeUE3hBsjaep5BmkCKNF7fmZZzXrarRxLoYADr1Cvfv") retry_cnt=0
2026-05-20T12:40:30.263159Z ERROR iota_benchmark: Transaction failed with err: Rpc(Call(ErrorObject { code: ServerError(-32050), message: "Transaction timed out before reaching finality", data: None })) tx_digest=Digest("39eRw8CNAw3GEb1PdRRe3Vt36Xui8xNRUbvJgaAuDqDJ") retry_cnt=0
2026-05-20T12:40:30.263180Z ERROR iota_benchmark: Transaction failed with err: Rpc(Call(ErrorObject { code: ServerError(-32050), message: "Transaction timed out before reaching finality", data: None })) tx_digest=Digest("9DN8xCbshmLxq2pXLAUVrtUP84v5ycaT666VQUZdpyet") retry_cnt=0
2026-05-20T12:40:30.263182Z ERROR iota_benchmark: Transaction failed with err: Rpc(Call(ErrorObject { code: ServerError(-32050), message: "Transaction timed out before reaching finality", data: None })) tx_digest=Digest("C822XgZ9wCfxBhK9nZcSmsxH269BJqf71SZTZeZ1aHK4") retry_cnt=0
2026-05-20T12:40:30.263187Z ERROR iota_benchmark: Transaction failed with err: Rpc(Call(ErrorObject { code: ServerError(-32050), message: "Transaction timed out before reaching finality", data: None })) tx_digest=Digest("Ac3rBxKXfMuDLcq75uMggLmDPai9x3CpPHsxKBRNoJfC") retry_cnt=0
2026-05-20T12:40:30.263211Z ERROR iota_benchmark: Transaction failed with err: Rpc(Call(ErrorObject { code: ServerError(-32050), message: "Transaction timed out before reaching finality", data: None })) tx_digest=Digest("JC8AvzecHkCRjzq5ZYuPftLfT7XituxgUaoR8xgu8Vp3") retry_cnt=0
2026-05-20T12:40:30.264390Z ERROR iota_benchmark: Transaction failed with err: Rpc(Call(ErrorObject { code: ServerError(-32050), message: "Transaction timed out before reaching finality", data: None })) tx_digest=Digest("EK7VtFd9SV8baEzLfNYCXk3bauEb7NaM2zYTF5NaGAp5") retry_cnt=0
2026-05-20T12:40:30.264809Z ERROR iota_benchmark: Transaction failed with err: Rpc(Call(ErrorObject { code: ServerError(-32050), message: "Transaction timed out before reaching finality", data: None })) tx_digest=Digest("2V626NcZkM345c1dVgUXaTBCMbAN1kfXSSD5fTy2aSLX") retry_cnt=0
2026-05-20T12:40:30.264831Z ERROR iota_benchmark: Transaction failed with err: Rpc(Call(ErrorObject { code: ServerError(-32050), message: "Transaction timed out before reaching finality", data: None })) tx_digest=Digest("C4CbpqutLN3vdwAB26hHA1neN6FNAx3jtzjdCPwWJ6Gm") retry_cnt=0
2026-05-20T12:40:30.265177Z ERROR iota_benchmark: Transaction failed with err: Rpc(Call(ErrorObject { code: ServerError(-32050), message: "Transaction timed out before reaching finality", data: None })) tx_digest=Digest("AmLbJzs7MD1mRWuyoJJMXRtiWZ14JKANWgowUJSWhmPv") retry_cnt=0
2026-05-20T12:40:30.265258Z ERROR iota_benchmark: Transaction failed with err: Rpc(Call(ErrorObject { code: ServerError(-32050), message: "Transaction timed out before reaching finality", data: None })) tx_digest=Digest("6r9UADTQS1Hc7KrGVmw7kbMrqed9X3JHRenmpdd9RBMN") retry_cnt=0
2026-05-20T12:40:30.265768Z ERROR iota_benchmark: Transaction failed with err: Rpc(Call(ErrorObject { code: ServerError(-32050), message: "Transaction timed out before reaching finality", data: None })) tx_digest=Digest("HbgmhzAJUJerNpkWsPyzfoFtBikgqJfbkRbP9pUTgxbZ") retry_cnt=0
2026-05-20T12:40:30.265871Z ERROR iota_benchmark: Transaction failed with err: Rpc(Call(ErrorObject { code: ServerError(-32050), message: "Transaction timed out before reaching finality", data: None })) tx_digest=Digest("Excf15q49PoxDXkRhmCvMrAfn7pSdmnmSxcwRAJdJQeT") retry_cnt=0
2026-05-20T12:40:30.266032Z ERROR iota_benchmark: Transaction failed with err: Rpc(Call(ErrorObject { code: ServerError(-32050), message: "Transaction timed out before reaching finality", data: None })) tx_digest=Digest("YcWmcmo7QmPGJuFtfoeYE8FZnnnK2TVdTDPP7RY6e8R") retry_cnt=0
2026-05-20T12:40:30.266098Z ERROR iota_benchmark: Transaction failed with err: Rpc(Call(ErrorObject { code: ServerError(-32050), message: "Transaction timed out before reaching finality", data: None })) tx_digest=Digest("6f8AnhatwoHJ1hQZUTbCsHFNz5zC8G2TapEu4wz56JzF") retry_cnt=0
2026-05-20T12:40:30.268207Z ERROR iota_benchmark: Transaction failed with err: Rpc(Call(ErrorObject { code: ServerError(-32050), message: "Transaction timed out before reaching finality", data: None })) tx_digest=Digest("BFv43hMX26EKgb56LMebArX8uTZJBcCvSiyj2xPTBQTT") retry_cnt=0
2026-05-20T12:40:30.270782Z ERROR iota_benchmark: Transaction failed with err: Rpc(Call(ErrorObject { code: ServerError(-32050), message: "Transaction timed out before reaching finality", data: None })) tx_digest=Digest("Cnza7S7AmpjZQXwsgrKpkSabkupNoviCu33RvkDj88pw") retry_cnt=0
2026-05-20T12:40:30.270839Z ERROR iota_benchmark: Transaction failed with err: Rpc(Call(ErrorObject { code: ServerError(-32050), message: "Transaction timed out before reaching finality", data: None })) tx_digest=Digest("4JXW9Bm5astJQZcB1quEHLe6WmG975gYdgcpJN9J9CFv") retry_cnt=0
2026-05-20T12:40:30.270844Z ERROR iota_benchmark: Transaction failed with err: Rpc(Call(ErrorObject { code: ServerError(-32050), message: "Transaction timed out before reaching finality", data: None })) tx_digest=Digest("9uW6hU4XciRTvqZWhhHUoTVR7fk7fHhgS9ngnurgMuje") retry_cnt=0
2026-05-20T12:40:30.270922Z ERROR iota_benchmark: Transaction failed with err: Rpc(Call(ErrorObject { code: ServerError(-32050), message: "Transaction timed out before reaching finality", data: None })) tx_digest=Digest("ERRtSvUX92u6iCgwTDLJmLZCbaxdZRzyHd51WgYoHL4z") retry_cnt=0
2026-05-20T12:40:30.270944Z ERROR iota_benchmark: Transaction failed with err: Rpc(Call(ErrorObject { code: ServerError(-32050), message: "Transaction timed out before reaching finality", data: None })) tx_digest=Digest("J3WxKdgWCDLsJndg7c9sbRw2jWCPXMMr3mrdWzemhDdU") retry_cnt=0
2026-05-20T12:40:30.273307Z ERROR iota_benchmark: Transaction failed with err: Rpc(Call(ErrorObject { code: ServerError(-32050), message: "Transaction timed out before reaching finality", data: None })) tx_digest=Digest("N6eS4aPijoYkPMiqA42nyxUECL5zTCVC9seEopWZz4n") retry_cnt=0
2026-05-20T12:40:30.276908Z ERROR iota_benchmark: Transaction failed with err: Rpc(Call(ErrorObject { code: ServerError(-32050), message: "Transaction timed out before reaching finality", data: None })) tx_digest=Digest("GLdgQ5QzKvWatdGxPchFndFNQzed8u7Au2SXSXDhP5e3") retry_cnt=0
2026-05-20T12:40:30.276908Z ERROR iota_benchmark: Transaction failed with err: Rpc(Call(ErrorObject { code: ServerError(-32050), message: "Transaction timed out before reaching finality", data: None })) tx_digest=Digest("EMKuwggvpBf1n8uqicKk9eBsVs6ePGcArGScPmQRgrsR") retry_cnt=0
2026-05-20T12:40:30.278187Z ERROR iota_benchmark: Transaction failed with err: Rpc(Call(ErrorObject { code: ServerError(-32050), message: "Transaction timed out before reaching finality", data: None })) tx_digest=Digest("Aj4txbWF6gqP13TXfmsG4JTyh8tdatxK6cstjgQa454N") retry_cnt=0
2026-05-20T12:40:30.280587Z ERROR iota_benchmark: Transaction failed with err: Rpc(Call(ErrorObject { code: ServerError(-32050), message: "Transaction timed out before reaching finality", data: None })) tx_digest=Digest("DcXwMeV4JSwZTDZtfTy5wG6VLtTVszUFPgmAfpP8J3zG") retry_cnt=0
2026-05-20T12:40:30.280584Z ERROR iota_benchmark: Transaction failed with err: Rpc(Call(ErrorObject { code: ServerError(-32050), message: "Transaction timed out before reaching finality", data: None })) tx_digest=Digest("4ZyDiiqwJABNxBp719XHEvjbwLutTtGKkc2aw3gzzLsH") retry_cnt=0
2026-05-20T12:40:30.280602Z ERROR iota_benchmark: Transaction failed with err: Rpc(Call(ErrorObject { code: ServerError(-32050), message: "Transaction timed out before reaching finality", data: None })) tx_digest=Digest("FkFGCwoiAXcGAVHNHghdZriXpwPcQxMveELEFSr3NjK8") retry_cnt=0
2026-05-20T12:40:30.280604Z ERROR iota_benchmark: Transaction failed with err: Rpc(Call(ErrorObject { code: ServerError(-32050), message: "Transaction timed out before reaching finality", data: None })) tx_digest=Digest("5d9zz3mdjJ4ygFQoNFHJ5XiwMRJdZXmbzvbyZYJqPhiW") retry_cnt=0
2026-05-20T12:40:30.280717Z ERROR iota_benchmark: Transaction failed with err: Rpc(Call(ErrorObject { code: ServerError(-32050), message: "Transaction timed out before reaching finality", data: None })) tx_digest=Digest("4HwkMqy4ArPk8YffC5iADrMjQYQ6mhoTM6r2PdLYFxxj") retry_cnt=0
2026-05-20T12:40:30.280723Z ERROR iota_benchmark: Transaction failed with err: Rpc(Call(ErrorObject { code: ServerError(-32050), message: "Transaction timed out before reaching finality", data: None })) tx_digest=Digest("Cftjh58RaGaN8cbU9Cj1QgDbfBpjwrdYL9JUFwwNdM52") retry_cnt=0
2026-05-20T12:40:30.280739Z ERROR iota_benchmark: Transaction failed with err: Rpc(Call(ErrorObject { code: ServerError(-32050), message: "Transaction timed out before reaching finality", data: None })) tx_digest=Digest("37A3KU9EenZEz4dY5gZuQk2jfox3E641h7okYoc1aFvm") retry_cnt=0
2026-05-20T12:40:30.280741Z ERROR iota_benchmark: Transaction failed with err: Rpc(Call(ErrorObject { code: ServerError(-32050), message: "Transaction timed out before reaching finality", data: None })) tx_digest=Digest("5JpSJGsrBnLtLKLPyCFtBq8xcDfpnxigdVbC8hgNxpU3") retry_cnt=0
2026-05-20T12:40:30.280774Z ERROR iota_benchmark: Transaction failed with err: Rpc(Call(ErrorObject { code: ServerError(-32050), message: "Transaction timed out before reaching finality", data: None })) tx_digest=Digest("2JaGygjB64TEVFovQG3mbYgGqDTeN2JSusthcB8LbQiU") retry_cnt=0
2026-05-20T12:40:30.281444Z ERROR iota_benchmark: Transaction failed with err: Rpc(Call(ErrorObject { code: ServerError(-32050), message: "Transaction timed out before reaching finality", data: None })) tx_digest=Digest("HkvfYX4RNwgnueK7DN9EVVe9TL3BoFK6TQhVZZSNWnvH") retry_cnt=0
2026-05-20T12:40:30.281509Z ERROR iota_benchmark: Transaction failed with err: Rpc(Call(ErrorObject { code: ServerError(-32050), message: "Transaction timed out before reaching finality", data: None })) tx_digest=Digest("BPuddHvAbUu9Ahv64U32RTvpiWBJL6Zo8o3kkhP4bUQU") retry_cnt=0
2026-05-20T12:40:30.281548Z ERROR iota_benchmark: Transaction failed with err: Rpc(Call(ErrorObject { code: ServerError(-32050), message: "Transaction timed out before reaching finality", data: None })) tx_digest=Digest("igbJoAeUzWtZiuJRnj8FVHUYjPnZpVyaHaSJi6zxZzz") retry_cnt=0
2026-05-20T12:40:30.282127Z ERROR iota_benchmark: Transaction failed with err: Rpc(Call(ErrorObject { code: ServerError(-32050), message: "Transaction timed out before reaching finality", data: None })) tx_digest=Digest("HyLuwUBJyWmE11GZkFGG9WBk2iaJAx4jibs5GdH7ha8g") retry_cnt=0
2026-05-20T12:40:30.282485Z ERROR iota_benchmark: Transaction failed with err: Rpc(Call(ErrorObject { code: ServerError(-32050), message: "Transaction timed out before reaching finality", data: None })) tx_digest=Digest("5Yn5SsVU4s3QnTb5apSKjPUPtijuxxwH6JHdePPh5GA7") retry_cnt=0
2026-05-20T12:40:30.282581Z ERROR iota_benchmark: Transaction failed with err: Rpc(Call(ErrorObject { code: ServerError(-32050), message: "Transaction timed out before reaching finality", data: None })) tx_digest=Digest("AjLi2gtVQD5wofptqtBVJkDAUq3xk4mZC5VpMD2wju2U") retry_cnt=0
2026-05-20T12:40:30.282799Z ERROR iota_benchmark: Transaction failed with err: Rpc(Call(ErrorObject { code: ServerError(-32050), message: "Transaction timed out before reaching finality", data: None })) tx_digest=Digest("88zqVNCuqmq5iiCfB8SyZomHYFAtPDHuxXNAXgs1YeHp") retry_cnt=0
2026-05-20T12:40:30.284357Z ERROR iota_benchmark: Transaction failed with err: Rpc(Call(ErrorObject { code: ServerError(-32050), message: "Transaction timed out before reaching finality", data: None })) tx_digest=Digest("G4ik56uaYdcxE4vzuZfEa7au4M3nMS3vxff8dA2bXbiG") retry_cnt=0
2026-05-20T12:40:30.285815Z ERROR iota_benchmark: Transaction failed with err: Rpc(Call(ErrorObject { code: ServerError(-32050), message: "Transaction timed out before reaching finality", data: None })) tx_digest=Digest("CEunYs5aEuL72upQ3b7hny9EGQqu5u9Gfxdm8kN7KYq3") retry_cnt=0
2026-05-20T12:40:30.286009Z ERROR iota_benchmark: Transaction failed with err: Rpc(Call(ErrorObject { code: ServerError(-32050), message: "Transaction timed out before reaching finality", data: None })) tx_digest=Digest("D5TLDUTfL5m886supTLrcrKnRo8o4jD61DsA87ueJ2Rb") retry_cnt=0
2026-05-20T12:40:30.286249Z ERROR iota_benchmark: Transaction failed with err: Rpc(Call(ErrorObject { code: ServerError(-32050), message: "Transaction timed out before reaching finality", data: None })) tx_digest=Digest("HXTv4nHjZFphwAzEJhjFCL3cXvCdAzqvUfSECHv3JEiu") retry_cnt=0
2026-05-20T12:40:30.287633Z ERROR iota_benchmark: Transaction failed with err: Rpc(Call(ErrorObject { code: ServerError(-32050), message: "Transaction timed out before reaching finality", data: None })) tx_digest=Digest("24pW7NZM9NnH1ABjTXMNP7ayWGJFwBiJiWUfTiG1QZL2") retry_cnt=0
2026-05-20T12:40:30.287765Z ERROR iota_benchmark: Transaction failed with err: Rpc(Call(ErrorObject { code: ServerError(-32050), message: "Transaction timed out before reaching finality", data: None })) tx_digest=Digest("5GBqxLv11PPz6pehDoW3ZSKN17B1WVYQiofCUL6u9pjY") retry_cnt=0
2026-05-20T12:40:30.289111Z ERROR iota_benchmark: Transaction failed with err: Rpc(Call(ErrorObject { code: ServerError(-32050), message: "Transaction timed out before reaching finality", data: None })) tx_digest=Digest("G1PkY5eRFXxpayRuLraDnWjWz91LaNThsbMsN1PfE19b") retry_cnt=0
2026-05-20T12:40:30.290545Z ERROR iota_benchmark: Transaction failed with err: Rpc(Call(ErrorObject { code: ServerError(-32050), message: "Transaction timed out before reaching finality", data: None })) tx_digest=Digest("5hCQxAkBceQ3GqCcTTF1NzFpLcKzKchnwSiQCSoPC6Fp") retry_cnt=0
2026-05-20T12:40:30.292534Z ERROR iota_benchmark: Transaction failed with err: Rpc(Call(ErrorObject { code: ServerError(-32050), message: "Transaction timed out before reaching finality", data: None })) tx_digest=Digest("7nf6bnwfgu4Ecst3JeaSox2k3TVfCxWvENeHjB31QCL2") retry_cnt=0
2026-05-20T12:40:30.293321Z ERROR iota_benchmark: Transaction failed with err: Rpc(Call(ErrorObject { code: ServerError(-32050), message: "Transaction timed out before reaching finality", data: None })) tx_digest=Digest("2FrnjWc8Ug3YRoLFHte1pZKq6Fgc61uYQH34GBH6rwiH") retry_cnt=0
2026-05-20T12:40:30.307800Z ERROR iota_benchmark: Transaction failed with err: Rpc(Call(ErrorObject { code: ServerError(-32050), message: "Transaction timed out before reaching finality", data: None })) tx_digest=Digest("GwDiLCFVuxeeCprdfSQhukTUfVfUgBNWWc4dkPUrLT7d") retry_cnt=0
2026-05-20T12:40:30.308063Z ERROR iota_benchmark: Transaction failed with err: Rpc(Call(ErrorObject { code: ServerError(-32050), message: "Transaction timed out before reaching finality", data: None })) tx_digest=Digest("73S6KoN5eTQG4LcsczABLdCWRso65hGcsGg45HGvh6Tw") retry_cnt=0
2026-05-20T12:40:30.308517Z ERROR iota_benchmark: Transaction failed with err: Rpc(Call(ErrorObject { code: ServerError(-32050), message: "Transaction timed out before reaching finality", data: None })) tx_digest=Digest("5rWjnjkuReysCWzq9auZxx78Q9yHWFFuoCgspjdDQG7P") retry_cnt=0
2026-05-20T12:40:30.308590Z ERROR iota_benchmark: Transaction failed with err: Rpc(Call(ErrorObject { code: ServerError(-32050), message: "Transaction timed out before reaching finality", data: None })) tx_digest=Digest("GBNGKhvFcMTYdrNkSxUY6DQ91CMgHULZDfBEsf9meeDX") retry_cnt=0
2026-05-20T12:40:30.312899Z ERROR iota_benchmark: Transaction failed with err: Rpc(Call(ErrorObject { code: ServerError(-32050), message: "Transaction timed out before reaching finality", data: None })) tx_digest=Digest("Sy3jAh6w62FeGD2R4uQ99CNpQkSKyAnxtPNTmtknLoC") retry_cnt=0
2026-05-20T12:40:30.313411Z ERROR iota_benchmark: Transaction failed with err: Rpc(Call(ErrorObject { code: ServerError(-32050), message: "Transaction timed out before reaching finality", data: None })) tx_digest=Digest("8r3ZH6YML8esLKZhtGHu7AUAox6Mhbkb8Z7JaUKvYgQG") retry_cnt=0
2026-05-20T12:40:30.313917Z ERROR iota_benchmark: Transaction failed with err: Rpc(Call(ErrorObject { code: ServerError(-32050), message: "Transaction timed out before reaching finality", data: None })) tx_digest=Digest("m37QtNxiiq258Ua4MBkJ5aVqzwJxeofeBNUmseqgBBW") retry_cnt=0
2026-05-20T12:40:30.314128Z ERROR iota_benchmark: Transaction failed with err: Rpc(Call(ErrorObject { code: ServerError(-32050), message: "Transaction timed out before reaching finality", data: None })) tx_digest=Digest("FwA5ktV7mXbWQCkeb5SaqFqRcofurE3DBvYmfEAPpfY2") retry_cnt=0
2026-05-20T12:40:30.314733Z ERROR iota_benchmark: Transaction failed with err: Rpc(Call(ErrorObject { code: ServerError(-32050), message: "Transaction timed out before reaching finality", data: None })) tx_digest=Digest("33rgcDcZattosDa9Y5MSZQ6ByfQLNdyTUJXC1RYMMFk5") retry_cnt=0
2026-05-20T12:40:30.316694Z ERROR iota_benchmark: Transaction failed with err: Rpc(Call(ErrorObject { code: ServerError(-32050), message: "Transaction timed out before reaching finality", data: None })) tx_digest=Digest("81z8Patt8EsQe9gkD6ohVFJFqQi8yhsiJrwiEf1J8mwZ") retry_cnt=0
2026-05-20T12:40:30.316955Z ERROR iota_benchmark: Transaction failed with err: Rpc(Call(ErrorObject { code: ServerError(-32050), message: "Transaction timed out before reaching finality", data: None })) tx_digest=Digest("Cqzs9bdiu4Z7iHhtc9mRQb94CdW9xbTQEoB53X3BQ3vU") retry_cnt=0
2026-05-20T12:40:30.357973Z ERROR iota_benchmark: Transaction failed with err: Rpc(Call(ErrorObject { code: ServerError(-32050), message: "Transaction timed out before reaching finality", data: None })) tx_digest=Digest("J87Jhag4sXYRqUwto68vYQwpfWCvwSetFcW6GJKs3aFK") retry_cnt=0
2026-05-20T12:40:30.357968Z ERROR iota_benchmark: Transaction failed with err: Rpc(Call(ErrorObject { code: ServerError(-32050), message: "Transaction timed out before reaching finality", data: None })) tx_digest=Digest("FoBoV1fso5fDLkcRMJ7EEV1TawBG1VFX9R1NXuHWNK8z") retry_cnt=0
2026-05-20T12:40:30.396579Z ERROR iota_benchmark: Transaction failed with err: Rpc(Call(ErrorObject { code: ServerError(-32050), message: "Transaction timed out before reaching finality", data: None })) tx_digest=Digest("9BhjQ8fwRcegRZWS2LLJ5WcPUjSnuU4Lzrt2ZhRzMkZ8") retry_cnt=0
2026-05-20T12:40:30.396915Z ERROR iota_benchmark: Transaction failed with err: Rpc(Call(ErrorObject { code: ServerError(-32050), message: "Transaction timed out before reaching finality", data: None })) tx_digest=Digest("ExMmzPtPbNHYePeFdj9JMxoGnbXr6nApC7dXhoTrTYrX") retry_cnt=0
2026-05-20T12:40:30.397433Z ERROR iota_benchmark: Transaction failed with err: Rpc(Call(ErrorObject { code: ServerError(-32050), message: "Transaction timed out before reaching finality", data: None })) tx_digest=Digest("Exn3bTNDZV1kRrXovEohF1tyFUtVQjvnLhKWFoNGpvEi") retry_cnt=0
2026-05-20T12:40:30.397549Z ERROR iota_benchmark: Transaction failed with err: Rpc(Call(ErrorObject { code: ServerError(-32050), message: "Transaction timed out before reaching finality", data: None })) tx_digest=Digest("Di8beZ4rqicm3kN8sTV95C73PkPNuRMUFD4vHNJ2LfsH") retry_cnt=0
2026-05-20T12:40:30.397811Z ERROR iota_benchmark: Transaction failed with err: Rpc(Call(ErrorObject { code: ServerError(-32050), message: "Transaction timed out before reaching finality", data: None })) tx_digest=Digest("2X5N1hce1covedPJ7io5gnudn49zhSZh19wEuvQQjTwk") retry_cnt=0
2026-05-20T12:40:30.398307Z ERROR iota_benchmark: Transaction failed with err: Rpc(Call(ErrorObject { code: ServerError(-32050), message: "Transaction timed out before reaching finality", data: None })) tx_digest=Digest("7An1pvzy5zz7Z8Wqi12J9tES7S6PztEMaTP2BUhSwrsu") retry_cnt=0
2026-05-20T12:40:30.423884Z ERROR iota_benchmark: Transaction failed with err: Rpc(Call(ErrorObject { code: ServerError(-32050), message: "Transaction timed out before reaching finality", data: None })) tx_digest=Digest("FBRuMSDvDD8zkfbxPpCg6YdiL9fLdew5qBddgYKCWvre") retry_cnt=0
2026-05-20T12:40:30.424072Z ERROR iota_benchmark: Transaction failed with err: Rpc(Call(ErrorObject { code: ServerError(-32050), message: "Transaction timed out before reaching finality", data: None })) tx_digest=Digest("7tT4ZEogdHnBRMDGx2HN3RgXqLj88TRNzPamKrG7dQbr") retry_cnt=0
2026-05-20T12:40:30.424176Z ERROR iota_benchmark: Transaction failed with err: Rpc(Call(ErrorObject { code: ServerError(-32050), message: "Transaction timed out before reaching finality", data: None })) tx_digest=Digest("DUdpZF8iJM5dpRCPz9nqeZr51pys6bAPbk3ViV2mjZq4") retry_cnt=0
2026-05-20T12:40:30.430464Z ERROR iota_benchmark: Transaction failed with err: Rpc(Call(ErrorObject { code: ServerError(-32050), message: "Transaction timed out before reaching finality", data: None })) tx_digest=Digest("3bjWGJU2WC3kiKf3FL7jq2L1vAKBwTJVirE9NaE358DK") retry_cnt=0
2026-05-20T12:40:30.433456Z ERROR iota_benchmark: Transaction failed with err: Rpc(Call(ErrorObject { code: ServerError(-32050), message: "Transaction timed out before reaching finality", data: None })) tx_digest=Digest("FH1EnjPwBwkVttJMJDyYRHJEfUqQxx9m22THmximRakq") retry_cnt=0
2026-05-20T12:40:30.433550Z ERROR iota_benchmark: Transaction failed with err: Rpc(Call(ErrorObject { code: ServerError(-32050), message: "Transaction timed out before reaching finality", data: None })) tx_digest=Digest("8tZDLtVW1VRZ65BGLxRx9zfiT3ZzgkdHKeBkacmk71t2") retry_cnt=0
2026-05-20T12:40:30.433584Z ERROR iota_benchmark: Transaction failed with err: Rpc(Call(ErrorObject { code: ServerError(-32050), message: "Transaction timed out before reaching finality", data: None })) tx_digest=Digest("HfTdNQKWAJsRYWMqGeYYiVxQPBFVVYrzQvqJs55gkxgU") retry_cnt=0
2026-05-20T12:40:30.433590Z ERROR iota_benchmark: Transaction failed with err: Rpc(Call(ErrorObject { code: ServerError(-32050), message: "Transaction timed out before reaching finality", data: None })) tx_digest=Digest("8juubMY1dSynGvRZfbx7iz84vNsnbhMfk31isCb1k8Q4") retry_cnt=0
2026-05-20T12:40:30.433602Z ERROR iota_benchmark: Transaction failed with err: Rpc(Call(ErrorObject { code: ServerError(-32050), message: "Transaction timed out before reaching finality", data: None })) tx_digest=Digest("4wi4tZFr8CrFx2URZZ2w2g92swEZrFrgFctXQVFnUwJ8") retry_cnt=0
2026-05-20T12:40:30.433620Z ERROR iota_benchmark: Transaction failed with err: Rpc(Call(ErrorObject { code: ServerError(-32050), message: "Transaction timed out before reaching finality", data: None })) tx_digest=Digest("89xPU6J87seqM7mMyzXP7b8hup9cVigitLCRiMKPgVnc") retry_cnt=0
2026-05-20T12:40:30.433637Z ERROR iota_benchmark: Transaction failed with err: Rpc(Call(ErrorObject { code: ServerError(-32050), message: "Transaction timed out before reaching finality", data: None })) tx_digest=Digest("EaGg4f8h2QT7EXdcN4YSRxsemz5pZZzDUUW4RuCcbi6i") retry_cnt=0
2026-05-20T12:40:30.433649Z ERROR iota_benchmark: Transaction failed with err: Rpc(Call(ErrorObject { code: ServerError(-32050), message: "Transaction timed out before reaching finality", data: None })) tx_digest=Digest("HyFQNkfTyfzLk4MVBYxKRHZwgYdmxSUi55dgMGkSnN2y") retry_cnt=0
2026-05-20T12:40:30.433689Z ERROR iota_benchmark: Transaction failed with err: Rpc(Call(ErrorObject { code: ServerError(-32050), message: "Transaction timed out before reaching finality", data: None })) tx_digest=Digest("8CgpquMdg3Q5A7XGKC4g6BFMp6HQFcnx68aQTp4YJR2i") retry_cnt=0
2026-05-20T12:40:30.443653Z ERROR iota_benchmark: Transaction failed with err: Rpc(Call(ErrorObject { code: ServerError(-32050), message: "Transaction timed out before reaching finality", data: None })) tx_digest=Digest("ARuU5PXajessPDuoUWoKLodfjzpMK3khd1CybRDXCC3b") retry_cnt=0
2026-05-20T12:40:30.457079Z ERROR iota_benchmark: Transaction failed with err: Rpc(Call(ErrorObject { code: ServerError(-32050), message: "Transaction timed out before reaching finality", data: None })) tx_digest=Digest("8fgH1xSU1BQxRuG5i3nGt7RCREZ29stvtHAMUHtVEHV9") retry_cnt=0
2026-05-20T12:40:30.457492Z ERROR iota_benchmark: Transaction failed with err: Rpc(Call(ErrorObject { code: ServerError(-32050), message: "Transaction timed out before reaching finality", data: None })) tx_digest=Digest("5Y9HdBfKptxqfeiPnikNdHiP8S99yzfDfMAdePrSLVFA") retry_cnt=0
2026-05-20T12:40:30.458259Z ERROR iota_benchmark: Transaction failed with err: Rpc(Call(ErrorObject { code: ServerError(-32050), message: "Transaction timed out before reaching finality", data: None })) tx_digest=Digest("GKf15r6PuLWYxbZZnU4ALz9etycPuZ7zovdT4Z1Ls387") retry_cnt=0
2026-05-20T12:40:30.460447Z ERROR iota_benchmark: Transaction failed with err: Rpc(Call(ErrorObject { code: ServerError(-32050), message: "Transaction timed out before reaching finality", data: None })) tx_digest=Digest("8vTjECrMirJ8n11SXGXtmPghdA2orFH7kNhwpXPhMg3n") retry_cnt=0
2026-05-20T12:40:30.480422Z ERROR iota_benchmark: Transaction failed with err: Rpc(Call(ErrorObject { code: ServerError(-32050), message: "Transaction timed out before reaching finality", data: None })) tx_digest=Digest("6q56JWUa9MYRjAvW6LjVfVLwmLAG73LYmx3rc5Z7krpX") retry_cnt=0
2026-05-20T12:40:30.480492Z ERROR iota_benchmark: Transaction failed with err: Rpc(Call(ErrorObject { code: ServerError(-32050), message: "Transaction timed out before reaching finality", data: None })) tx_digest=Digest("DC7L871GdSAbPjGmSUUiwTUC68sUfiUWiUPP9jeZLULS") retry_cnt=0
2026-05-20T12:40:30.499169Z ERROR iota_benchmark: Transaction failed with err: Rpc(Call(ErrorObject { code: ServerError(-32050), message: "Transaction timed out before reaching finality", data: None })) tx_digest=Digest("4hotZhhmBWTKqRhuC87N1hiAaW62hxw7adUZuTfmRqy1") retry_cnt=0
2026-05-20T12:40:30.499202Z ERROR iota_benchmark: Transaction failed with err: Rpc(Call(ErrorObject { code: ServerError(-32050), message: "Transaction timed out before reaching finality", data: None })) tx_digest=Digest("6G1P1QHc12omG1pUJ1KPQCWK2qR6UHwvtaf9uNE6okE3") retry_cnt=0
2026-05-20T12:40:30.499703Z ERROR iota_benchmark: Transaction failed with err: Rpc(Call(ErrorObject { code: ServerError(-32050), message: "Transaction timed out before reaching finality", data: None })) tx_digest=Digest("2CrbzAPMctnVBCoTb39AyVLJe2q6jKgmg38trkQhjy3Z") retry_cnt=0
2026-05-20T12:40:30.499833Z ERROR iota_benchmark: Transaction failed with err: Rpc(Call(ErrorObject { code: ServerError(-32050), message: "Transaction timed out before reaching finality", data: None })) tx_digest=Digest("6NUT6Ef2do4QLHBFB3WNTPWZYJJDTACaXPnAxzRtefzb") retry_cnt=0
2026-05-20T12:40:30.500402Z ERROR iota_benchmark: Transaction failed with err: Rpc(Call(ErrorObject { code: ServerError(-32050), message: "Transaction timed out before reaching finality", data: None })) tx_digest=Digest("GeMJTM7yEwTkkjgPs3FKLbP99Gd24ZbWEShDPk5SrMqC") retry_cnt=0
2026-05-20T12:40:30.501849Z ERROR iota_benchmark: Transaction failed with err: Rpc(Call(ErrorObject { code: ServerError(-32050), message: "Transaction timed out before reaching finality", data: None })) tx_digest=Digest("AoTFxiusURBCE3LoFppGJFQ2GqjTnY8SMULW6DmvGu1V") retry_cnt=0
2026-05-20T12:40:30.502054Z ERROR iota_benchmark: Transaction failed with err: Rpc(Call(ErrorObject { code: ServerError(-32050), message: "Transaction timed out before reaching finality", data: None })) tx_digest=Digest("BZaBBFbtupXcmAFbPmQ3dNMRmr62vHHDc4VHGDLByhFu") retry_cnt=0
2026-05-20T12:40:30.502111Z ERROR iota_benchmark: Transaction failed with err: Rpc(Call(ErrorObject { code: ServerError(-32050), message: "Transaction timed out before reaching finality", data: None })) tx_digest=Digest("AyCPo84jp6JZ4EN5mUpt6kpwxjU2XZQfma6kqWU33Kq1") retry_cnt=0
2026-05-20T12:40:30.502114Z ERROR iota_benchmark: Transaction failed with err: Rpc(Call(ErrorObject { code: ServerError(-32050), message: "Transaction timed out before reaching finality", data: None })) tx_digest=Digest("FoqXFmodnyaYzitVH2CBu8ioGEVgLwuvJ7Fd6pTKA8Hk") retry_cnt=0
2026-05-20T12:40:30.502215Z ERROR iota_benchmark: Transaction failed with err: Rpc(Call(ErrorObject { code: ServerError(-32050), message: "Transaction timed out before reaching finality", data: None })) tx_digest=Digest("FVGpDTodF3UHZqp2SkP9JMuPsmrqzPBnNjWme9rErYRb") retry_cnt=0
2026-05-20T12:40:30.509257Z ERROR iota_benchmark: Transaction failed with err: Rpc(Call(ErrorObject { code: ServerError(-32050), message: "Transaction timed out before reaching finality", data: None })) tx_digest=Digest("5kt9WqkTLribabkuWwVi3CPQPre6JfJLZmFXVdMPY9sG") retry_cnt=0
2026-05-20T12:40:30.510506Z ERROR iota_benchmark: Transaction failed with err: Rpc(Call(ErrorObject { code: ServerError(-32050), message: "Transaction timed out before reaching finality", data: None })) tx_digest=Digest("GHM1cQ6ETEBoF47KJzo7tZDz2EJqsT1ikQW6UmjmNZm7") retry_cnt=0
2026-05-20T12:40:30.510517Z ERROR iota_benchmark: Transaction failed with err: Rpc(Call(ErrorObject { code: ServerError(-32050), message: "Transaction timed out before reaching finality", data: None })) tx_digest=Digest("5vEP5pnhKZgPkhTzqKeSaJjHurVhAM36Ufscxb72oEdG") retry_cnt=0
2026-05-20T12:40:30.557285Z ERROR iota_benchmark: Transaction failed with err: Rpc(Call(ErrorObject { code: ServerError(-32050), message: "Transaction timed out before reaching finality", data: None })) tx_digest=Digest("2tWW7ReCHCP7ocuM1cjzgnDSiU7LB6ycRPqTrF5ojqkX") retry_cnt=0
2026-05-20T12:40:30.558737Z ERROR iota_benchmark: Transaction failed with err: Rpc(Call(ErrorObject { code: ServerError(-32050), message: "Transaction timed out before reaching finality", data: None })) tx_digest=Digest("9FuuKYZPrNKm1HgLxvGWsBfinxE2VpHowQyud1UEzdxt") retry_cnt=0
2026-05-20T12:40:30.586224Z ERROR iota_benchmark: Transaction failed with err: Rpc(Call(ErrorObject { code: ServerError(-32050), message: "Transaction timed out before reaching finality", data: None })) tx_digest=Digest("G9BVzAXydfVokkdF66SgpzPELg6nEruJr6JRpvnrbXXn") retry_cnt=0
2026-05-20T12:40:30.587214Z ERROR iota_benchmark: Transaction failed with err: Rpc(Call(ErrorObject { code: ServerError(-32050), message: "Transaction timed out before reaching finality", data: None })) tx_digest=Digest("2KjkB9jTyt6zUh96nfnzDvKQz4e545EEy9EyXeFz9LoL") retry_cnt=0
2026-05-20T12:40:30.597840Z ERROR iota_benchmark: Transaction failed with err: Rpc(Call(ErrorObject { code: ServerError(-32050), message: "Transaction timed out before reaching finality", data: None })) tx_digest=Digest("FDPkmXhwCWDoL8KjPnLwQbBtrnB7rZU8jQH6iRxcXnz9") retry_cnt=0
2026-05-20T12:40:30.642990Z ERROR iota_benchmark: Transaction failed with err: Rpc(Call(ErrorObject { code: ServerError(-32050), message: "Transaction timed out before reaching finality", data: None })) tx_digest=Digest("bKvEU58pEy9k3sjNqEJmU8PXN2vWaHBDXwMrg7Ep2Ud") retry_cnt=0
2026-05-20T12:40:30.648090Z ERROR iota_benchmark: Transaction failed with err: Rpc(Call(ErrorObject { code: ServerError(-32050), message: "Transaction timed out before reaching finality", data: None })) tx_digest=Digest("C4Qna5jvmSveun6UgzQBpqgBfdsKaVpPFbPhzCEj1PqC") retry_cnt=0
2026-05-20T12:40:30.648096Z ERROR iota_benchmark: Transaction failed with err: Rpc(Call(ErrorObject { code: ServerError(-32050), message: "Transaction timed out before reaching finality", data: None })) tx_digest=Digest("8kRTWyUqBFQvskAkwbUEFvUtDg2thCAeLw2VAM8iXbfg") retry_cnt=0
2026-05-20T12:40:30.648357Z ERROR iota_benchmark: Transaction failed with err: Rpc(Call(ErrorObject { code: ServerError(-32050), message: "Transaction timed out before reaching finality", data: None })) tx_digest=Digest("HZEZqQigCryfFrRS5v133XzdkpLosJB4bWQyjekoEVQT") retry_cnt=0
2026-05-20T12:40:30.648541Z ERROR iota_benchmark: Transaction failed with err: Rpc(Call(ErrorObject { code: ServerError(-32050), message: "Transaction timed out before reaching finality", data: None })) tx_digest=Digest("JDA5Tyipm9o3xw2xQhPWDAF1pEMxuWneQUveVpm52guB") retry_cnt=0
2026-05-20T12:40:30.648807Z ERROR iota_benchmark: Transaction failed with err: Rpc(Call(ErrorObject { code: ServerError(-32050), message: "Transaction timed out before reaching finality", data: None })) tx_digest=Digest("9Nh51xyNi3BZbsyF1gZ4ojyJDEeniHxWJAC46tySNUzu") retry_cnt=0
2026-05-20T12:40:30.648821Z ERROR iota_benchmark: Transaction failed with err: Rpc(Call(ErrorObject { code: ServerError(-32050), message: "Transaction timed out before reaching finality", data: None })) tx_digest=Digest("GjQ2aAEJJ8A9AGu5d1ZVmsHSiK3Rm6sgzsSQJoCTYcmG") retry_cnt=0
2026-05-20T12:40:30.648827Z ERROR iota_benchmark: Transaction failed with err: Rpc(Call(ErrorObject { code: ServerError(-32050), message: "Transaction timed out before reaching finality", data: None })) tx_digest=Digest("FL65t2pT1grY2S3v3QeoGv6Cvn4rYqGnCQkE9efLSWBM") retry_cnt=0
2026-05-20T12:40:30.649325Z ERROR iota_benchmark: Transaction failed with err: Rpc(Call(ErrorObject { code: ServerError(-32050), message: "Transaction timed out before reaching finality", data: None })) tx_digest=Digest("8J2fa2KTu2WMrK4kuT7YGnoHjfojEpbLx2u1trqea9Es") retry_cnt=0
2026-05-20T12:40:30.649350Z ERROR iota_benchmark: Transaction failed with err: Rpc(Call(ErrorObject { code: ServerError(-32050), message: "Transaction timed out before reaching finality", data: None })) tx_digest=Digest("6NfqNxdVJC2ZAFQxTqR7EfmnaJd8TYTReqku9ZW7bcR5") retry_cnt=0
2026-05-20T12:40:30.649355Z ERROR iota_benchmark: Transaction failed with err: Rpc(Call(ErrorObject { code: ServerError(-32050), message: "Transaction timed out before reaching finality", data: None })) tx_digest=Digest("7SmgkDHFuyXBAkdqcPqPQo8GwVEaBXQk3tkPv7wFNGZ9") retry_cnt=0
2026-05-20T12:40:30.649386Z ERROR iota_benchmark: Transaction failed with err: Rpc(Call(ErrorObject { code: ServerError(-32050), message: "Transaction timed out before reaching finality", data: None })) tx_digest=Digest("FTw3RsFxaFWZ4czxr3zVak6PPLhgEkRX1SbxvErpWMXT") retry_cnt=0
2026-05-20T12:40:30.658950Z ERROR iota_benchmark: Transaction failed with err: Rpc(Call(ErrorObject { code: ServerError(-32050), message: "Transaction timed out before reaching finality", data: None })) tx_digest=Digest("DPgJFvz7jhamTFm19jLGSPmhoC329Hcw1M5YKi4QAX6y") retry_cnt=0
2026-05-20T12:40:30.663521Z ERROR iota_benchmark: Transaction failed with err: Rpc(Call(ErrorObject { code: ServerError(-32050), message: "Transaction timed out before reaching finality", data: None })) tx_digest=Digest("6H67TxkdsBoYLeioL4DTezfJvPHj7jFgyKD6nRjVxmBN") retry_cnt=0
2026-05-20T12:40:30.663747Z ERROR iota_benchmark: Transaction failed with err: Rpc(Call(ErrorObject { code: ServerError(-32050), message: "Transaction timed out before reaching finality", data: None })) tx_digest=Digest("7SmfpeVxg7BLNF8ycYDsAKzMzAsuuJQUiqTNyaX8CKpE") retry_cnt=0
2026-05-20T12:40:30.663931Z ERROR iota_benchmark: Transaction failed with err: Rpc(Call(ErrorObject { code: ServerError(-32050), message: "Transaction timed out before reaching finality", data: None })) tx_digest=Digest("BGJ1RMyppCpjfdABgV2UaeMBBHQo1SvDKnzVe2TSHk2f") retry_cnt=0
2026-05-20T12:40:30.664455Z ERROR iota_benchmark: Transaction failed with err: Rpc(Call(ErrorObject { code: ServerError(-32050), message: "Transaction timed out before reaching finality", data: None })) tx_digest=Digest("C67nV26awvz5YX55PYFDCXFrSyJnFzbojAoP8zSaTBYW") retry_cnt=0
2026-05-20T12:40:30.664459Z ERROR iota_benchmark: Transaction failed with err: Rpc(Call(ErrorObject { code: ServerError(-32050), message: "Transaction timed out before reaching finality", data: None })) tx_digest=Digest("CL17saH63g69ocvroxxXp5L6fTtTJEUUVarrLwm48ZVS") retry_cnt=0
2026-05-20T12:40:30.664485Z ERROR iota_benchmark: Transaction failed with err: Rpc(Call(ErrorObject { code: ServerError(-32050), message: "Transaction timed out before reaching finality", data: None })) tx_digest=Digest("CnWmG1xuR3xbwNBvhEwgP5yEy3qeGQhjp8cLhnBEm58T") retry_cnt=0
2026-05-20T12:40:30.664493Z ERROR iota_benchmark: Transaction failed with err: Rpc(Call(ErrorObject { code: ServerError(-32050), message: "Transaction timed out before reaching finality", data: None })) tx_digest=Digest("5yQVdMK1YJzBkkvshZ3LRyGzexYDvE1mjScT67VtRLKK") retry_cnt=0
2026-05-20T12:40:30.664524Z ERROR iota_benchmark: Transaction failed with err: Rpc(Call(ErrorObject { code: ServerError(-32050), message: "Transaction timed out before reaching finality", data: None })) tx_digest=Digest("7W3pGSMEBUjEictGV6FevYuZCkFsbv25SHC3UpR2Huzu") retry_cnt=0
2026-05-20T12:40:30.664728Z ERROR iota_benchmark: Transaction failed with err: Rpc(Call(ErrorObject { code: ServerError(-32050), message: "Transaction timed out before reaching finality", data: None })) tx_digest=Digest("369PTyfMY3Nj6NrpfgCyMZBP2xxZrW5dPpfzT6VJ9u4f") retry_cnt=0
2026-05-20T12:40:30.664745Z ERROR iota_benchmark: Transaction failed with err: Rpc(Call(ErrorObject { code: ServerError(-32050), message: "Transaction timed out before reaching finality", data: None })) tx_digest=Digest("DQTCw3FbJa7kWbAiMqCiDJJaWv6zoFwo3gnXcu77mGtz") retry_cnt=0
2026-05-20T12:40:30.665481Z ERROR iota_benchmark: Transaction failed with err: Rpc(Call(ErrorObject { code: ServerError(-32050), message: "Transaction timed out before reaching finality", data: None })) tx_digest=Digest("6iNsWs25HVdEL8rvJniu1GAYLGU5oQ35QR9KsTnKf8mV") retry_cnt=0
2026-05-20T12:40:30.665503Z ERROR iota_benchmark: Transaction failed with err: Rpc(Call(ErrorObject { code: ServerError(-32050), message: "Transaction timed out before reaching finality", data: None })) tx_digest=Digest("MqzVGwfx2Pa3S6eqoiovQDzrWGhAsvUFzx4KgEJ13dF") retry_cnt=0
2026-05-20T12:40:30.665504Z ERROR iota_benchmark: Transaction failed with err: Rpc(Call(ErrorObject { code: ServerError(-32050), message: "Transaction timed out before reaching finality", data: None })) tx_digest=Digest("9uCjVMtAWEnwMLYi1b5BVKxbfRo39AXxKHmuUEn8GCjH") retry_cnt=0
2026-05-20T12:40:30.665537Z ERROR iota_benchmark: Transaction failed with err: Rpc(Call(ErrorObject { code: ServerError(-32050), message: "Transaction timed out before reaching finality", data: None })) tx_digest=Digest("ECoZUpAk2DT2PJFnM9vrwdHXBrk9GyLtCog2zE5h2xMx") retry_cnt=0
2026-05-20T12:40:30.665537Z ERROR iota_benchmark: Transaction failed with err: Rpc(Call(ErrorObject { code: ServerError(-32050), message: "Transaction timed out before reaching finality", data: None })) tx_digest=Digest("3t8Cbx2RyyEN8TxN2QhWq2KP9SS4YkA4MYZLCNWqBQ41") retry_cnt=0
2026-05-20T12:40:30.665602Z ERROR iota_benchmark: Transaction failed with err: Rpc(Call(ErrorObject { code: ServerError(-32050), message: "Transaction timed out before reaching finality", data: None })) tx_digest=Digest("4cmssR4TyXYYhYkghJ3WPamFZBdPec495nU8671viDKP") retry_cnt=0
2026-05-20T12:40:30.665638Z ERROR iota_benchmark: Transaction failed with err: Rpc(Call(ErrorObject { code: ServerError(-32050), message: "Transaction timed out before reaching finality", data: None })) tx_digest=Digest("6fhvXzCxv16M9eaJH5dxviEcKjSuX4D1KCWteVofAA8q") retry_cnt=0
2026-05-20T12:40:30.665699Z ERROR iota_benchmark: Transaction failed with err: Rpc(Call(ErrorObject { code: ServerError(-32050), message: "Transaction timed out before reaching finality", data: None })) tx_digest=Digest("Ct56JZBP5ccnwbqbYuv2rdHrrpWDviksiwMQWta4TQ8e") retry_cnt=0
2026-05-20T12:40:30.665908Z ERROR iota_benchmark: Transaction failed with err: Rpc(Call(ErrorObject { code: ServerError(-32050), message: "Transaction timed out before reaching finality", data: None })) tx_digest=Digest("3tyjwyCjS3Bqyze3tcwXxD2vPS6bQuRGB97j4VVhgwNH") retry_cnt=0
2026-05-20T12:40:30.666029Z ERROR iota_benchmark: Transaction failed with err: Rpc(Call(ErrorObject { code: ServerError(-32050), message: "Transaction timed out before reaching finality", data: None })) tx_digest=Digest("CmabMDveGdEAhrWsE1anHbZMPm4tbRTrniv4VqwoGsnY") retry_cnt=0
2026-05-20T12:40:30.666577Z ERROR iota_benchmark: Transaction failed with err: Rpc(Call(ErrorObject { code: ServerError(-32050), message: "Transaction timed out before reaching finality", data: None })) tx_digest=Digest("3Bc93MX1Nu6duagnucmpAXBTcd2a1GaNiL8aT1F8bpib") retry_cnt=0
Benchmark Report:
+-------------+-----+-----+--------+-----------------+-------------+---------------+---------------+---------------+------------------------+-------------------+-----------------------------+
| duration(s) | tps | cps | error% | expected error% | success txs | latency (min) | latency (p50) | latency (p99) | gas used (NANOS total) | gas used (NANOS   | gas used/hr (NANOS approx.) |
|             |     |     |        |                 |             |               |               |               |                        | computation cost) |                             |
+=============================================================================================================================================================================================+
| 120         | 505 | 505 | 0      | 0               | 60606       | 413           | 12231         | 20543         | 179,442,244,800        | 543,627,000,000   | 5,383,267,344,000           |
+-------------+-----+-----+--------+-----------------+-------------+---------------+---------------+---------------+------------------------+-------------------+-----------------------------+
