warning: unused variable: `other`
   --> external-crates/move/crates/move-regex-borrow-graph/src/collections.rs:503:37
    |
503 |     fn check_join_invariants(&self, other: &Self) {
    |                                     ^^^^^ help: if this is intentional, prefix it with an underscore: `_other`
    |
    = note: `#[warn(unused_variables)]` (part of `#[warn(unused)]`) on by default

warning: unused variable: `r`
   --> external-crates/move/crates/move-regex-borrow-graph/src/collections.rs:558:44
    |
558 |     fn check_self_epsilon_invariant(&self, r: Ref) {
    |                                            ^ help: if this is intentional, prefix it with an underscore: `_r`

warning: method `check_invariants` is never used
   --> external-crates/move/crates/move-regex-borrow-graph/src/references.rs:188:19
    |
187 | impl<Loc, Lbl: Ord> Edge<Loc, Lbl> {
    | ---------------------------------- method in this implementation
188 |     pub(crate) fn check_invariants(&self) {
    |                   ^^^^^^^^^^^^^^^^
    |
    = note: `#[warn(dead_code)]` (part of `#[warn(unused)]`) on by default

warning: `move-regex-borrow-graph` (lib) generated 3 warnings (run `cargo fix --lib -p move-regex-borrow-graph` to apply 2 suggestions)
    Finished `release` profile [optimized + debuginfo] target(s) in 1.67s
warning: the following packages contain code that will be rejected by a future version of Rust: num-bigint-dig v0.8.4
note: to see what the problems were, use the option `--future-incompat-report`, or run `cargo report future-incompatibilities --id 1`
     Running `target/release/stress --local false --fullnode-rpc-addresses 'http://127.0.0.1:9000' --use-fullnode-for-execution true --use-fullnode-for-reconfig true --genesis-blob-path /Users/andrewcullen/Documents/GitHub/iota/dev-tools/iota-private-network/configs/genesis/genesis.blob --keystore-path /Users/andrewcullen/Documents/GitHub/iota/dev-tools/iota-private-network/configs/genesis/benchmark.keystore --primary-gas-owner-id 0xf479d29837d22943aba6afc401f518a36521b990874eca784886185bd26bf681 --num-client-threads 4 --num-transfer-accounts 2 --run-duration 120s bench --target-qps 2000 --num-workers 12 --in-flight-ratio 5 --transfer-object 100 --shared-counter 0`
Found new state (reference gas price and/or protocol config) from system state object = 1000
2026-05-20T11:11:55.315044Z ERROR iota_benchmark: Transaction failed with err: Rpc(Call(ErrorObject { code: ServerError(-32050), message: "Transaction timed out before reaching finality", data: None })) tx_digest=Digest("B4yDuQJQmCetdJMt11esQ3znZkAFmzZQyM38DAcU9PTB") retry_cnt=0
2026-05-20T11:11:56.012809Z ERROR iota_benchmark: Transaction failed with err: Rpc(Call(ErrorObject { code: ServerError(-32050), message: "Transaction timed out before reaching finality", data: None })) tx_digest=Digest("H6rxc8PK3NnpGBgUQqrBS8sRCVePkPHShd5tDPKaLx4H") retry_cnt=0
2026-05-20T11:11:56.124549Z ERROR iota_benchmark: Transaction failed with err: Rpc(Call(ErrorObject { code: ServerError(-32050), message: "Transaction timed out before reaching finality", data: None })) tx_digest=Digest("AtMFmPZgRY9iXeqp6Qc5mJZNdz431pKBraWhaNovpxF8") retry_cnt=0
2026-05-20T11:11:56.710119Z ERROR iota_benchmark: Transaction failed with err: Rpc(Call(ErrorObject { code: ServerError(-32050), message: "Transaction timed out before reaching finality", data: None })) tx_digest=Digest("Fw5bk6ZkR9wDnUvuN455ZbQ7kGEKbAu6ygyaw6ApMsSa") retry_cnt=0
2026-05-20T11:11:56.714664Z ERROR iota_benchmark: Transaction failed with err: Rpc(Call(ErrorObject { code: ServerError(-32050), message: "Transaction timed out before reaching finality", data: None })) tx_digest=Digest("E9DfM8V8yfMvyofqqFEBYuJsgYsbZh6HmaBN7L871Dwi") retry_cnt=0
2026-05-20T11:11:56.912565Z ERROR iota_benchmark: Transaction failed with err: Rpc(Call(ErrorObject { code: ServerError(-32050), message: "Transaction timed out before reaching finality", data: None })) tx_digest=Digest("w9H9DPKHimRif9B2xbBycTRUReSrUJ7EAUcHKKkdpk1") retry_cnt=0
2026-05-20T11:11:56.917120Z ERROR iota_benchmark: Transaction failed with err: Rpc(Call(ErrorObject { code: ServerError(-32050), message: "Transaction timed out before reaching finality", data: None })) tx_digest=Digest("DUGc1Fp8892ZRTq1SmJQzYiTcqQAytmunJjuiXw9jmgE") retry_cnt=0
2026-05-20T11:11:57.788727Z ERROR iota_benchmark: Transaction failed with err: Rpc(Call(ErrorObject { code: ServerError(-32050), message: "Transaction timed out before reaching finality", data: None })) tx_digest=Digest("EXs4ycXBn79Vbk2oiVw7ojEubtT3E4dpFE9irfY1cTq8") retry_cnt=0
2026-05-20T11:11:58.032047Z ERROR iota_benchmark: Transaction failed with err: Rpc(Call(ErrorObject { code: ServerError(-32050), message: "Transaction timed out before reaching finality", data: None })) tx_digest=Digest("8x2TfCqQ6sN6UN5T6J1SQd3xxL4yq18EP8oFwHj2DwUF") retry_cnt=0
2026-05-20T11:11:58.544748Z ERROR iota_benchmark: Transaction failed with err: Rpc(Call(ErrorObject { code: ServerError(-32050), message: "Transaction timed out before reaching finality", data: None })) tx_digest=Digest("9BS9a2PNN8xHjDAZzhcHDQN1Q4AaHKybSpL4U34R1gB9") retry_cnt=0
2026-05-20T11:11:58.585778Z ERROR iota_benchmark: Transaction failed with err: Rpc(Call(ErrorObject { code: ServerError(-32050), message: "Transaction timed out before reaching finality", data: None })) tx_digest=Digest("8Ly9cA2WoYRYBSSUPHNyvHYUbbpQjBsDzV5zdzE8yShn") retry_cnt=0
2026-05-20T11:11:59.181657Z ERROR iota_benchmark: Transaction failed with err: Rpc(Call(ErrorObject { code: ServerError(-32050), message: "Transaction timed out before reaching finality", data: None })) tx_digest=Digest("ByLeaz5YhWK4b6TE5thGRATg6qU3S41QBRtujvGJA39N") retry_cnt=0
2026-05-20T11:12:00.813074Z ERROR iota_benchmark: Transaction failed with err: Rpc(Call(ErrorObject { code: ServerError(-32050), message: "Transaction timed out before reaching finality", data: None })) tx_digest=Digest("8JfepfuicSnb1Xr5c9SREeTCMv2kwmxd99GdAvRSqGvH") retry_cnt=0
2026-05-20T11:12:01.309492Z ERROR iota_benchmark: Transaction failed with err: Rpc(Call(ErrorObject { code: ServerError(-32050), message: "Transaction timed out before reaching finality", data: None })) tx_digest=Digest("4SFHgcp7q79UBhMmonqjXJA5EMX8TmFKh8tDYFpzEZaR") retry_cnt=0
2026-05-20T11:12:01.870101Z ERROR iota_benchmark: Transaction failed with err: Rpc(Call(ErrorObject { code: ServerError(-32050), message: "Transaction timed out before reaching finality", data: None })) tx_digest=Digest("Bs7NKNxpCuQqBxWr3Nzo1uvUUrCuDPEoirfN1nQ75oQp") retry_cnt=0
2026-05-20T11:12:02.900309Z ERROR iota_benchmark: Transaction failed with err: Rpc(Call(ErrorObject { code: ServerError(-32050), message: "Transaction timed out before reaching finality", data: None })) tx_digest=Digest("AENHh5hQbs2dRCKzACWdrTwXNEYDHwHw6mPgNc4ZcUqN") retry_cnt=0
2026-05-20T11:12:03.670055Z ERROR iota_benchmark: Transaction failed with err: Rpc(Call(ErrorObject { code: ServerError(-32050), message: "Transaction timed out before reaching finality", data: None })) tx_digest=Digest("D8uz7P9hKfqAg3gwKfbd2WGcm8SJc1CLDRL41bfvVLYa") retry_cnt=0
2026-05-20T11:12:04.298147Z ERROR iota_benchmark: Transaction failed with err: Rpc(Call(ErrorObject { code: ServerError(-32050), message: "Transaction timed out before reaching finality", data: None })) tx_digest=Digest("65epXvzzyPngaYr2nHNpnpe5TAFr1tAQiJchscdWnjTb") retry_cnt=0
2026-05-20T11:12:04.800348Z ERROR iota_benchmark: Transaction failed with err: Rpc(Call(ErrorObject { code: ServerError(-32050), message: "Transaction timed out before reaching finality", data: None })) tx_digest=Digest("Dc2MouHoFLG8cH9BBVLhTmaN73isCxXzaR9vhbkVGvHv") retry_cnt=0
2026-05-20T11:12:07.055901Z ERROR iota_benchmark: Transaction failed with err: FailToConfirmTransactionStatus(Digest("55FNVLbSaVChkZxCRBAvVMmkfVrfXqsomuRtJQUZDnto"), 61) tx_digest=Digest("55FNVLbSaVChkZxCRBAvVMmkfVrfXqsomuRtJQUZDnto") retry_cnt=0
2026-05-20T11:12:07.055907Z ERROR iota_benchmark: Transaction failed with err: FailToConfirmTransactionStatus(Digest("54VcdRQZrwHxYA1y8Cnya813RTmpdifNEZmC1S1QEH8e"), 60) tx_digest=Digest("54VcdRQZrwHxYA1y8Cnya813RTmpdifNEZmC1S1QEH8e") retry_cnt=0
2026-05-20T11:12:07.101104Z ERROR iota_benchmark: Transaction failed with err: FailToConfirmTransactionStatus(Digest("HFqboRUedBcE2v9CB3xyLiHi2wNZ3xNES5uSicUSdoQe"), 61) tx_digest=Digest("HFqboRUedBcE2v9CB3xyLiHi2wNZ3xNES5uSicUSdoQe") retry_cnt=0
2026-05-20T11:12:07.101104Z ERROR iota_benchmark: Transaction failed with err: FailToConfirmTransactionStatus(Digest("Fw2ghyr2aJV5zMmbqWLPRPVzVED79fgWtzPixFLGW96e"), 61) tx_digest=Digest("Fw2ghyr2aJV5zMmbqWLPRPVzVED79fgWtzPixFLGW96e") retry_cnt=0
2026-05-20T11:12:07.102679Z ERROR iota_benchmark: Transaction failed with err: FailToConfirmTransactionStatus(Digest("HRgHaTWst6gFx3T32n7ZmKqwKokEgBqdJPP65q4HV68U"), 61) tx_digest=Digest("HRgHaTWst6gFx3T32n7ZmKqwKokEgBqdJPP65q4HV68U") retry_cnt=0
2026-05-20T11:12:07.104221Z ERROR iota_benchmark: Transaction failed with err: FailToConfirmTransactionStatus(Digest("D9haZ18sgfpvYa7kj4c1hEthYk6o82jeEBrYaQSZvYsH"), 61) tx_digest=Digest("D9haZ18sgfpvYa7kj4c1hEthYk6o82jeEBrYaQSZvYsH") retry_cnt=0
2026-05-20T11:12:07.104232Z ERROR iota_benchmark: Transaction failed with err: FailToConfirmTransactionStatus(Digest("5JFwLsGht9JJdxiS6NCPuqSTBw3wn5FqjFoechHj7TKi"), 61) tx_digest=Digest("5JFwLsGht9JJdxiS6NCPuqSTBw3wn5FqjFoechHj7TKi") retry_cnt=0
2026-05-20T11:12:07.121638Z ERROR iota_benchmark: Transaction failed with err: FailToConfirmTransactionStatus(Digest("4aRqwVJPWRxMQopqaPLdUffuB9z5XdvDneA8gysTRaXZ"), 61) tx_digest=Digest("4aRqwVJPWRxMQopqaPLdUffuB9z5XdvDneA8gysTRaXZ") retry_cnt=0
2026-05-20T11:12:07.130073Z ERROR iota_benchmark: Transaction failed with err: FailToConfirmTransactionStatus(Digest("EMRKPipeKGiy7xuyAjtd9cyCS86PAd4fCM6WKfCw6mNn"), 61) tx_digest=Digest("EMRKPipeKGiy7xuyAjtd9cyCS86PAd4fCM6WKfCw6mNn") retry_cnt=0
2026-05-20T11:12:07.130073Z ERROR iota_benchmark: Transaction failed with err: FailToConfirmTransactionStatus(Digest("Gc9WQrP6vrbm6TkRoQ3U5DUdyRMVsjgXLqdfn8XiJktg"), 61) tx_digest=Digest("Gc9WQrP6vrbm6TkRoQ3U5DUdyRMVsjgXLqdfn8XiJktg") retry_cnt=0
2026-05-20T11:12:07.130082Z ERROR iota_benchmark: Transaction failed with err: FailToConfirmTransactionStatus(Digest("CUk9MF1Kc25NYJX84NApkuRDw25LnPTmhELTjzhDbbEV"), 61) tx_digest=Digest("CUk9MF1Kc25NYJX84NApkuRDw25LnPTmhELTjzhDbbEV") retry_cnt=0
2026-05-20T11:12:07.130086Z ERROR iota_benchmark: Transaction failed with err: FailToConfirmTransactionStatus(Digest("GdHzmUyRcjS6WYHNGYSZcZn16Cw3cqHUYHfZcVXpTG4B"), 61) tx_digest=Digest("GdHzmUyRcjS6WYHNGYSZcZn16Cw3cqHUYHfZcVXpTG4B") retry_cnt=0
2026-05-20T11:12:07.130300Z ERROR iota_benchmark: Transaction failed with err: FailToConfirmTransactionStatus(Digest("HEonPd68QXEJEGvwPqrD1hZpTHTEPUYmLxPM6n4pYtoo"), 61) tx_digest=Digest("HEonPd68QXEJEGvwPqrD1hZpTHTEPUYmLxPM6n4pYtoo") retry_cnt=0
2026-05-20T11:12:07.135521Z ERROR iota_benchmark: Transaction failed with err: FailToConfirmTransactionStatus(Digest("2bdMuWxMKVbPDHpzpegb1wus1nccwn7CuTJFLeEVwwbP"), 61) tx_digest=Digest("2bdMuWxMKVbPDHpzpegb1wus1nccwn7CuTJFLeEVwwbP") retry_cnt=0
2026-05-20T11:12:07.135530Z ERROR iota_benchmark: Transaction failed with err: FailToConfirmTransactionStatus(Digest("GsmPXixpNewPc7dgEMp46FKCpTPuxNPwu2yJ8sJ1PvcZ"), 61) tx_digest=Digest("GsmPXixpNewPc7dgEMp46FKCpTPuxNPwu2yJ8sJ1PvcZ") retry_cnt=0
2026-05-20T11:12:07.135588Z ERROR iota_benchmark: Transaction failed with err: FailToConfirmTransactionStatus(Digest("GUHAPAtj6P2syBo7RYBpHtNquaVh9D3Qt3XXpvTofJ9F"), 61) tx_digest=Digest("GUHAPAtj6P2syBo7RYBpHtNquaVh9D3Qt3XXpvTofJ9F") retry_cnt=0
2026-05-20T11:12:07.135601Z ERROR iota_benchmark: Transaction failed with err: FailToConfirmTransactionStatus(Digest("HWjGhcm5YdFrxB7siz1Z6CjmSaYAuN3WTyJTX2HXLJ19"), 61) tx_digest=Digest("HWjGhcm5YdFrxB7siz1Z6CjmSaYAuN3WTyJTX2HXLJ19") retry_cnt=0
2026-05-20T11:12:07.135729Z ERROR iota_benchmark: Transaction failed with err: FailToConfirmTransactionStatus(Digest("H6GwApSyV5didurhGk1ZRv4j4S2wr9Xt7hXfEd2Apmqy"), 61) tx_digest=Digest("H6GwApSyV5didurhGk1ZRv4j4S2wr9Xt7hXfEd2Apmqy") retry_cnt=0
2026-05-20T11:12:07.137329Z ERROR iota_benchmark: Transaction failed with err: FailToConfirmTransactionStatus(Digest("GSCA23fcMS42ZuNEH6eY5uwQkTAz1SWdGh5qsrLNTeZq"), 61) tx_digest=Digest("GSCA23fcMS42ZuNEH6eY5uwQkTAz1SWdGh5qsrLNTeZq") retry_cnt=0
2026-05-20T11:12:07.137338Z ERROR iota_benchmark: Transaction failed with err: FailToConfirmTransactionStatus(Digest("DZTdcxnWNJSXNuxeqBKcRiJdYwMvDgf6tqrGacet8xsg"), 61) tx_digest=Digest("DZTdcxnWNJSXNuxeqBKcRiJdYwMvDgf6tqrGacet8xsg") retry_cnt=0
2026-05-20T11:12:07.150121Z ERROR iota_benchmark: Transaction failed with err: FailToConfirmTransactionStatus(Digest("FTzCBQqXdvMkqFCM8RoxNAr5qUNq3oPkJ69Q3brztfao"), 61) tx_digest=Digest("FTzCBQqXdvMkqFCM8RoxNAr5qUNq3oPkJ69Q3brztfao") retry_cnt=0
2026-05-20T11:12:07.171052Z ERROR iota_benchmark: Transaction failed with err: FailToConfirmTransactionStatus(Digest("8QLi6XSTWSgCyxvuUnpks2sDKxc9QLWxrUVw1XuF4EZV"), 61) tx_digest=Digest("8QLi6XSTWSgCyxvuUnpks2sDKxc9QLWxrUVw1XuF4EZV") retry_cnt=0
2026-05-20T11:12:07.172605Z ERROR iota_benchmark: Transaction failed with err: FailToConfirmTransactionStatus(Digest("2RGkC5G6xj9hKLtuyWGAncCqM29GfTUYxZRNgmJUJFcF"), 61) tx_digest=Digest("2RGkC5G6xj9hKLtuyWGAncCqM29GfTUYxZRNgmJUJFcF") retry_cnt=0
2026-05-20T11:12:07.175184Z ERROR iota_benchmark: Transaction failed with err: FailToConfirmTransactionStatus(Digest("4t3f61XZyuQ9xxg45UVXuYM2yC4c7EGhWSrYSL6VZ11k"), 61) tx_digest=Digest("4t3f61XZyuQ9xxg45UVXuYM2yC4c7EGhWSrYSL6VZ11k") retry_cnt=0
2026-05-20T11:12:07.194340Z ERROR iota_benchmark: Transaction failed with err: FailToConfirmTransactionStatus(Digest("GqkFAP1vAkEZuUmHwkAoYea9Zmh4MFgVMFQxU6iG92Pp"), 61) tx_digest=Digest("GqkFAP1vAkEZuUmHwkAoYea9Zmh4MFgVMFQxU6iG92Pp") retry_cnt=0
2026-05-20T11:12:07.194340Z ERROR iota_benchmark: Transaction failed with err: FailToConfirmTransactionStatus(Digest("HHtWACpwvmZdS1cUAxyPei7oGToZVepf9RNqBDpQ2Mcc"), 61) tx_digest=Digest("HHtWACpwvmZdS1cUAxyPei7oGToZVepf9RNqBDpQ2Mcc") retry_cnt=0
2026-05-20T11:12:07.231420Z ERROR iota_benchmark: Transaction failed with err: FailToConfirmTransactionStatus(Digest("75fvXVtmBSocqfbqPr7JTKHxgM1qzD64sor6u9CxspYZ"), 61) tx_digest=Digest("75fvXVtmBSocqfbqPr7JTKHxgM1qzD64sor6u9CxspYZ") retry_cnt=0
2026-05-20T11:12:07.244395Z ERROR iota_benchmark: Transaction failed with err: FailToConfirmTransactionStatus(Digest("DebpiEPdLvpvBGzoRgFoez8zeRW2vypSZXUTb1Nc757g"), 61) tx_digest=Digest("DebpiEPdLvpvBGzoRgFoez8zeRW2vypSZXUTb1Nc757g") retry_cnt=0
2026-05-20T11:12:07.245942Z ERROR iota_benchmark: Transaction failed with err: FailToConfirmTransactionStatus(Digest("BGsHNSqQtijeQuFes7QJue581W49j3zSrMQbV21hmqS1"), 61) tx_digest=Digest("BGsHNSqQtijeQuFes7QJue581W49j3zSrMQbV21hmqS1") retry_cnt=0
2026-05-20T11:12:07.245978Z ERROR iota_benchmark: Transaction failed with err: FailToConfirmTransactionStatus(Digest("3ne1HdQ5NxCkB3rbwsMcYbH5m6k4f9YnRtdDXwgiwj4X"), 61) tx_digest=Digest("3ne1HdQ5NxCkB3rbwsMcYbH5m6k4f9YnRtdDXwgiwj4X") retry_cnt=0
2026-05-20T11:12:07.245962Z ERROR iota_benchmark: Transaction failed with err: FailToConfirmTransactionStatus(Digest("98nKVJJgnRvXtYGhMCHkJJLjPjRbuc1hR53mdpFMbk2Y"), 61) tx_digest=Digest("98nKVJJgnRvXtYGhMCHkJJLjPjRbuc1hR53mdpFMbk2Y") retry_cnt=0
2026-05-20T11:12:07.246148Z ERROR iota_benchmark: Transaction failed with err: FailToConfirmTransactionStatus(Digest("GJ1699NBiqKq9TQ2Ag5SdUPipjUEwnpVA8tJ1GDF1WQx"), 61) tx_digest=Digest("GJ1699NBiqKq9TQ2Ag5SdUPipjUEwnpVA8tJ1GDF1WQx") retry_cnt=0
2026-05-20T11:12:07.246150Z ERROR iota_benchmark: Transaction failed with err: FailToConfirmTransactionStatus(Digest("7VeNgjfdWrVQvkvVjWka9nQ9DR8Dkry6cRzBqM7brSsT"), 61) tx_digest=Digest("7VeNgjfdWrVQvkvVjWka9nQ9DR8Dkry6cRzBqM7brSsT") retry_cnt=0
2026-05-20T11:12:07.246248Z ERROR iota_benchmark: Transaction failed with err: FailToConfirmTransactionStatus(Digest("CdFTe24CgQCZyrXdTgPr3FCxRgRbjkKfZnNmjn3xd3Ru"), 61) tx_digest=Digest("CdFTe24CgQCZyrXdTgPr3FCxRgRbjkKfZnNmjn3xd3Ru") retry_cnt=0
2026-05-20T11:12:07.246287Z ERROR iota_benchmark: Transaction failed with err: FailToConfirmTransactionStatus(Digest("JH9P2UTk3fjQaFsimvuiDLHDXLMCze9FRDaqKFJpQ3Y"), 61) tx_digest=Digest("JH9P2UTk3fjQaFsimvuiDLHDXLMCze9FRDaqKFJpQ3Y") retry_cnt=0
2026-05-20T11:12:07.246332Z ERROR iota_benchmark: Transaction failed with err: FailToConfirmTransactionStatus(Digest("HoexSgKecK5VzzDcCoSDk3kduzwEi4TyaUsojzkCEJsT"), 61) tx_digest=Digest("HoexSgKecK5VzzDcCoSDk3kduzwEi4TyaUsojzkCEJsT") retry_cnt=0
2026-05-20T11:12:07.246456Z ERROR iota_benchmark: Transaction failed with err: FailToConfirmTransactionStatus(Digest("AkPV5Z54rTo8eHdB86g5XSJH7onWUmYdi7jXKnE686hf"), 61) tx_digest=Digest("AkPV5Z54rTo8eHdB86g5XSJH7onWUmYdi7jXKnE686hf") retry_cnt=0
2026-05-20T11:12:07.246499Z ERROR iota_benchmark: Transaction failed with err: FailToConfirmTransactionStatus(Digest("AXmSCSq2DPtVmVYJR11CE5A4L4Lc4aMuBGeKXFxr3EYc"), 61) tx_digest=Digest("AXmSCSq2DPtVmVYJR11CE5A4L4Lc4aMuBGeKXFxr3EYc") retry_cnt=0
2026-05-20T11:12:07.247777Z ERROR iota_benchmark: Transaction failed with err: FailToConfirmTransactionStatus(Digest("Gooif8o2BVWSANYUxNYFm3AaTH69g7iMFJHzoT6agmEo"), 61) tx_digest=Digest("Gooif8o2BVWSANYUxNYFm3AaTH69g7iMFJHzoT6agmEo") retry_cnt=0
2026-05-20T11:12:07.253309Z ERROR iota_benchmark: Transaction failed with err: FailToConfirmTransactionStatus(Digest("HsivuqJbqfnqQJAqYqgjmgiupZhYT4b4jaXRL2cZ9k85"), 61) tx_digest=Digest("HsivuqJbqfnqQJAqYqgjmgiupZhYT4b4jaXRL2cZ9k85") retry_cnt=0
2026-05-20T11:12:07.255221Z ERROR iota_benchmark: Transaction failed with err: FailToConfirmTransactionStatus(Digest("Bnhnez3k7UiHRu3k2LQSx1yYDdsggDrbETTmmUF5iQXM"), 61) tx_digest=Digest("Bnhnez3k7UiHRu3k2LQSx1yYDdsggDrbETTmmUF5iQXM") retry_cnt=0
2026-05-20T11:12:07.280550Z ERROR iota_benchmark: Transaction failed with err: FailToConfirmTransactionStatus(Digest("4qF6c8xPZ8zywognz9s7xLsGqjfmvKTBgpoCYWTshKza"), 61) tx_digest=Digest("4qF6c8xPZ8zywognz9s7xLsGqjfmvKTBgpoCYWTshKza") retry_cnt=0
2026-05-20T11:12:07.301326Z ERROR iota_benchmark: Transaction failed with err: FailToConfirmTransactionStatus(Digest("4mw6A1MWTUeizytJiMcxaZ7kaHkzxwbn8hXccSvghsNm"), 61) tx_digest=Digest("4mw6A1MWTUeizytJiMcxaZ7kaHkzxwbn8hXccSvghsNm") retry_cnt=0
2026-05-20T11:12:07.304007Z ERROR iota_benchmark: Transaction failed with err: FailToConfirmTransactionStatus(Digest("5JCoyrnPvNmjNQGkbaeKWdvX5DvvoVtw8MGaCHqUibua"), 61) tx_digest=Digest("5JCoyrnPvNmjNQGkbaeKWdvX5DvvoVtw8MGaCHqUibua") retry_cnt=0
2026-05-20T11:12:07.304241Z ERROR iota_benchmark: Transaction failed with err: FailToConfirmTransactionStatus(Digest("DFCbxP5mNx1X6fR7hUN9Tkj1B6NcHnp4txLY4G8ZH5R6"), 61) tx_digest=Digest("DFCbxP5mNx1X6fR7hUN9Tkj1B6NcHnp4txLY4G8ZH5R6") retry_cnt=0
2026-05-20T11:12:07.304250Z ERROR iota_benchmark: Transaction failed with err: FailToConfirmTransactionStatus(Digest("EnoavvacbUECYow1TwknjiABnWqEt9FihiwX6EVsDAmK"), 61) tx_digest=Digest("EnoavvacbUECYow1TwknjiABnWqEt9FihiwX6EVsDAmK") retry_cnt=0
2026-05-20T11:12:07.305602Z ERROR iota_benchmark: Transaction failed with err: FailToConfirmTransactionStatus(Digest("3ehn2V1manhGUiU4DMcrkuBpNYX3KrVPw9RgoNSGg99z"), 61) tx_digest=Digest("3ehn2V1manhGUiU4DMcrkuBpNYX3KrVPw9RgoNSGg99z") retry_cnt=0
2026-05-20T11:12:07.305606Z ERROR iota_benchmark: Transaction failed with err: FailToConfirmTransactionStatus(Digest("4xBZCW72SndM8XaAjJQ8Wa1YcS5LuZr1pgFESny8gDYR"), 61) tx_digest=Digest("4xBZCW72SndM8XaAjJQ8Wa1YcS5LuZr1pgFESny8gDYR") retry_cnt=0
2026-05-20T11:12:07.305627Z ERROR iota_benchmark: Transaction failed with err: FailToConfirmTransactionStatus(Digest("EZ4PRzYcvspcoitUZzZCGZZ5z4jPyeQNuFY5z9Xj19VW"), 61) tx_digest=Digest("EZ4PRzYcvspcoitUZzZCGZZ5z4jPyeQNuFY5z9Xj19VW") retry_cnt=0
2026-05-20T11:12:07.305736Z ERROR iota_benchmark: Transaction failed with err: FailToConfirmTransactionStatus(Digest("B5qZWt7sWsj9rCU5RhUpaX7byYt33G7B8v6QwYMRmBkw"), 61) tx_digest=Digest("B5qZWt7sWsj9rCU5RhUpaX7byYt33G7B8v6QwYMRmBkw") retry_cnt=0
2026-05-20T11:12:07.310452Z ERROR iota_benchmark: Transaction failed with err: FailToConfirmTransactionStatus(Digest("CfyEZzWa2KJvmRt3fs7XYRhFyuarryvNgxXrcCM5mC4c"), 61) tx_digest=Digest("CfyEZzWa2KJvmRt3fs7XYRhFyuarryvNgxXrcCM5mC4c") retry_cnt=0
2026-05-20T11:12:07.341533Z ERROR iota_benchmark: Transaction failed with err: FailToConfirmTransactionStatus(Digest("4TAve3B7KbfxAuanbwXEwEMaArRXaiRSU3At6Kpz8m8c"), 61) tx_digest=Digest("4TAve3B7KbfxAuanbwXEwEMaArRXaiRSU3At6Kpz8m8c") retry_cnt=0
2026-05-20T11:12:07.351084Z ERROR iota_benchmark: Transaction failed with err: FailToConfirmTransactionStatus(Digest("FHUaXHzJcp9YzTNhJiYv9LuTTohXdjDSrB2NBqbqAVLC"), 61) tx_digest=Digest("FHUaXHzJcp9YzTNhJiYv9LuTTohXdjDSrB2NBqbqAVLC") retry_cnt=0
2026-05-20T11:12:07.351328Z ERROR iota_benchmark: Transaction failed with err: FailToConfirmTransactionStatus(Digest("GRuKWhQKaZJdDPFwmFhkUmxk2bAkhBMc1nVx4EZC1SYM"), 61) tx_digest=Digest("GRuKWhQKaZJdDPFwmFhkUmxk2bAkhBMc1nVx4EZC1SYM") retry_cnt=0
2026-05-20T11:12:07.364103Z ERROR iota_benchmark: Transaction failed with err: FailToConfirmTransactionStatus(Digest("AsPJAZSzKBWRMBpsaZkFvGGcHjogLisL7f2U4Pn8gi2c"), 61) tx_digest=Digest("AsPJAZSzKBWRMBpsaZkFvGGcHjogLisL7f2U4Pn8gi2c") retry_cnt=0
2026-05-20T11:12:07.364108Z ERROR iota_benchmark: Transaction failed with err: FailToConfirmTransactionStatus(Digest("BkcMYsdrH3JRz1fbahiAqKzWC7pDcDmpmfarGj13tEdZ"), 61) tx_digest=Digest("BkcMYsdrH3JRz1fbahiAqKzWC7pDcDmpmfarGj13tEdZ") retry_cnt=0
2026-05-20T11:12:07.364114Z ERROR iota_benchmark: Transaction failed with err: FailToConfirmTransactionStatus(Digest("3HutLZcrSecS1xr9JkwFzvfsbPGLRqFqEFJAQU3sbZdH"), 61) tx_digest=Digest("3HutLZcrSecS1xr9JkwFzvfsbPGLRqFqEFJAQU3sbZdH") retry_cnt=0
2026-05-20T11:12:07.364142Z ERROR iota_benchmark: Transaction failed with err: FailToConfirmTransactionStatus(Digest("CNybe4x6eD6DRr6EZvTPm9KhwCTVsZfcJjT6vD5e9CDh"), 61) tx_digest=Digest("CNybe4x6eD6DRr6EZvTPm9KhwCTVsZfcJjT6vD5e9CDh") retry_cnt=0
2026-05-20T11:12:07.366060Z ERROR iota_benchmark: Transaction failed with err: FailToConfirmTransactionStatus(Digest("FK3ezeG8Nb2cVjch3T6pYHkmK6z1QWU1gH6VeFn9H25Y"), 61) tx_digest=Digest("FK3ezeG8Nb2cVjch3T6pYHkmK6z1QWU1gH6VeFn9H25Y") retry_cnt=0
2026-05-20T11:12:07.366048Z ERROR iota_benchmark: Transaction failed with err: FailToConfirmTransactionStatus(Digest("BTgN74S8uPs2cTRy3d8kQKPBZjpbtPqLCHY9ef8QNkmU"), 61) tx_digest=Digest("BTgN74S8uPs2cTRy3d8kQKPBZjpbtPqLCHY9ef8QNkmU") retry_cnt=0
2026-05-20T11:12:07.366127Z ERROR iota_benchmark: Transaction failed with err: FailToConfirmTransactionStatus(Digest("13CVjyiPCL1xLhVL3NVWucTV7Zd2RvWVQ4e52yJ4NsFt"), 61) tx_digest=Digest("13CVjyiPCL1xLhVL3NVWucTV7Zd2RvWVQ4e52yJ4NsFt") retry_cnt=0
2026-05-20T11:12:07.366218Z ERROR iota_benchmark: Transaction failed with err: FailToConfirmTransactionStatus(Digest("73BMUVhSLpqDocUG986FhvqfL5xLFbQuEXWcicNbfVC6"), 61) tx_digest=Digest("73BMUVhSLpqDocUG986FhvqfL5xLFbQuEXWcicNbfVC6") retry_cnt=0
2026-05-20T11:12:07.366269Z ERROR iota_benchmark: Transaction failed with err: FailToConfirmTransactionStatus(Digest("HLXoJ2MeyjQmUvGLiEmNdeRSxTvNhkfgXuNxhBXF59XQ"), 61) tx_digest=Digest("HLXoJ2MeyjQmUvGLiEmNdeRSxTvNhkfgXuNxhBXF59XQ") retry_cnt=0
2026-05-20T11:12:07.366290Z ERROR iota_benchmark: Transaction failed with err: FailToConfirmTransactionStatus(Digest("4yKcLxDLuTQop4ciPjyursq8xdoqSYawyM1gKCP29aze"), 61) tx_digest=Digest("4yKcLxDLuTQop4ciPjyursq8xdoqSYawyM1gKCP29aze") retry_cnt=0
2026-05-20T11:12:07.366336Z ERROR iota_benchmark: Transaction failed with err: FailToConfirmTransactionStatus(Digest("2UWtUJ8xj5NayamqgpiPkbbM4QDHGxHrkgAefqRnGtd3"), 61) tx_digest=Digest("2UWtUJ8xj5NayamqgpiPkbbM4QDHGxHrkgAefqRnGtd3") retry_cnt=0
2026-05-20T11:12:07.366415Z ERROR iota_benchmark: Transaction failed with err: FailToConfirmTransactionStatus(Digest("J8jsjD29bR62wMH2TGSkMN7wfHDsuUrv6yzW6Czkq83G"), 61) tx_digest=Digest("J8jsjD29bR62wMH2TGSkMN7wfHDsuUrv6yzW6Czkq83G") retry_cnt=0
2026-05-20T11:12:07.366545Z ERROR iota_benchmark: Transaction failed with err: FailToConfirmTransactionStatus(Digest("H72dhpsbEK4vY4kE4yy6i42mN2TmiJRd1njtqDwjfaTY"), 61) tx_digest=Digest("H72dhpsbEK4vY4kE4yy6i42mN2TmiJRd1njtqDwjfaTY") retry_cnt=0
2026-05-20T11:12:07.366609Z ERROR iota_benchmark: Transaction failed with err: FailToConfirmTransactionStatus(Digest("4XC5ayTPJ13bg1VRk4mqAkzd5wbCzdc5bPnP7jduh6qx"), 61) tx_digest=Digest("4XC5ayTPJ13bg1VRk4mqAkzd5wbCzdc5bPnP7jduh6qx") retry_cnt=0
2026-05-20T11:12:07.366628Z ERROR iota_benchmark: Transaction failed with err: FailToConfirmTransactionStatus(Digest("Em5xAvDX55K4cvPgdwZJUAt9ygDUqNZ4fsno8jn6PoWt"), 61) tx_digest=Digest("Em5xAvDX55K4cvPgdwZJUAt9ygDUqNZ4fsno8jn6PoWt") retry_cnt=0
2026-05-20T11:12:07.366690Z ERROR iota_benchmark: Transaction failed with err: FailToConfirmTransactionStatus(Digest("CUDPcJgiWs7BhiW3wMwZDh2TsrtddEf8552H9XHDc9x1"), 61) tx_digest=Digest("CUDPcJgiWs7BhiW3wMwZDh2TsrtddEf8552H9XHDc9x1") retry_cnt=0
2026-05-20T11:12:07.366906Z ERROR iota_benchmark: Transaction failed with err: FailToConfirmTransactionStatus(Digest("HvHveUYsHEGqo2bUL7Mv5MVZu5bc6Wfthp3x6UdY8Mj7"), 61) tx_digest=Digest("HvHveUYsHEGqo2bUL7Mv5MVZu5bc6Wfthp3x6UdY8Mj7") retry_cnt=0
2026-05-20T11:12:07.367084Z ERROR iota_benchmark: Transaction failed with err: FailToConfirmTransactionStatus(Digest("4ev1YF31xdGcrKNQaRhpq1TwCWJd6fwKQYWwooCtCZKs"), 61) tx_digest=Digest("4ev1YF31xdGcrKNQaRhpq1TwCWJd6fwKQYWwooCtCZKs") retry_cnt=0
2026-05-20T11:12:07.367170Z ERROR iota_benchmark: Transaction failed with err: FailToConfirmTransactionStatus(Digest("By9G8b2PXZzy2phsdF69UaNCYCQXpjRCXFDtXUKuVAk"), 61) tx_digest=Digest("By9G8b2PXZzy2phsdF69UaNCYCQXpjRCXFDtXUKuVAk") retry_cnt=0
2026-05-20T11:12:07.367190Z ERROR iota_benchmark: Transaction failed with err: FailToConfirmTransactionStatus(Digest("ECvWihcitfzk1JbXg9Ausi6Hr2sZQAGGS78mXSsyBUfu"), 61) tx_digest=Digest("ECvWihcitfzk1JbXg9Ausi6Hr2sZQAGGS78mXSsyBUfu") retry_cnt=0
2026-05-20T11:12:07.367270Z ERROR iota_benchmark: Transaction failed with err: FailToConfirmTransactionStatus(Digest("F7tErfN8DfF39CVkzh2Kx7RS97Cg56vAhWg294kDGyQz"), 61) tx_digest=Digest("F7tErfN8DfF39CVkzh2Kx7RS97Cg56vAhWg294kDGyQz") retry_cnt=0
2026-05-20T11:12:07.367280Z ERROR iota_benchmark: Transaction failed with err: FailToConfirmTransactionStatus(Digest("B69PiCdBQdXLir62y68xv678sTTAC3ez5aADpaNCvZNt"), 61) tx_digest=Digest("B69PiCdBQdXLir62y68xv678sTTAC3ez5aADpaNCvZNt") retry_cnt=0
2026-05-20T11:12:07.367370Z ERROR iota_benchmark: Transaction failed with err: FailToConfirmTransactionStatus(Digest("GGeXJQxJJBs2aAvTJKrfHxHLUTUJcXPssmEvQhWpgUHq"), 61) tx_digest=Digest("GGeXJQxJJBs2aAvTJKrfHxHLUTUJcXPssmEvQhWpgUHq") retry_cnt=0
2026-05-20T11:12:07.367395Z ERROR iota_benchmark: Transaction failed with err: FailToConfirmTransactionStatus(Digest("GfCN5A9jniMwK5xJNXbCdsKii6JDr8ypNVcDf532yS8V"), 61) tx_digest=Digest("GfCN5A9jniMwK5xJNXbCdsKii6JDr8ypNVcDf532yS8V") retry_cnt=0
2026-05-20T11:12:07.367544Z ERROR iota_benchmark: Transaction failed with err: FailToConfirmTransactionStatus(Digest("K55wPanjscQ5hGfwYNVtgfTLTtiBkhd4vSYmGug6oLC"), 61) tx_digest=Digest("K55wPanjscQ5hGfwYNVtgfTLTtiBkhd4vSYmGug6oLC") retry_cnt=0
2026-05-20T11:12:07.367559Z ERROR iota_benchmark: Transaction failed with err: FailToConfirmTransactionStatus(Digest("27jzwTqu6kShTVQFhBMb4eCsNgJnqdZwDp9SfPZiMAMB"), 61) tx_digest=Digest("27jzwTqu6kShTVQFhBMb4eCsNgJnqdZwDp9SfPZiMAMB") retry_cnt=0
2026-05-20T11:12:07.367615Z ERROR iota_benchmark: Transaction failed with err: FailToConfirmTransactionStatus(Digest("8vjwPn97bdFHzbtdWECFRysG8tcKwNcKuzrxtNv94esy"), 61) tx_digest=Digest("8vjwPn97bdFHzbtdWECFRysG8tcKwNcKuzrxtNv94esy") retry_cnt=0
2026-05-20T11:12:07.367616Z ERROR iota_benchmark: Transaction failed with err: FailToConfirmTransactionStatus(Digest("8KVN9YHLtuiishgrMM3WP87UcKs7QsdxWxmv15ioreen"), 61) tx_digest=Digest("8KVN9YHLtuiishgrMM3WP87UcKs7QsdxWxmv15ioreen") retry_cnt=0
2026-05-20T11:12:07.367677Z ERROR iota_benchmark: Transaction failed with err: FailToConfirmTransactionStatus(Digest("6P7YrqbaEmWxDJD9GrfJvjhmERo6mPfybXQ6BaqgniRW"), 61) tx_digest=Digest("6P7YrqbaEmWxDJD9GrfJvjhmERo6mPfybXQ6BaqgniRW") retry_cnt=0
2026-05-20T11:12:07.367682Z ERROR iota_benchmark: Transaction failed with err: FailToConfirmTransactionStatus(Digest("5arufB6e3ZQYR7ZmTErEVuxuQEUzfXq3upN9hyDPZvFW"), 61) tx_digest=Digest("5arufB6e3ZQYR7ZmTErEVuxuQEUzfXq3upN9hyDPZvFW") retry_cnt=0
2026-05-20T11:12:07.367715Z ERROR iota_benchmark: Transaction failed with err: FailToConfirmTransactionStatus(Digest("4NCtPpTQAZQgU9RA5sYNBU1Qj2enyPz6KgEbWNNS93Z2"), 61) tx_digest=Digest("4NCtPpTQAZQgU9RA5sYNBU1Qj2enyPz6KgEbWNNS93Z2") retry_cnt=0
2026-05-20T11:12:07.367777Z ERROR iota_benchmark: Transaction failed with err: FailToConfirmTransactionStatus(Digest("2YhTHTWcCn1fR4DLAdZedSugcV1SAJHatMFyUjjaLHhp"), 61) tx_digest=Digest("2YhTHTWcCn1fR4DLAdZedSugcV1SAJHatMFyUjjaLHhp") retry_cnt=0
2026-05-20T11:12:07.367865Z ERROR iota_benchmark: Transaction failed with err: FailToConfirmTransactionStatus(Digest("BfeSi87JDhrFgEKH1uLGqrBnEVFZ8sSNWtZKZkJKaUWF"), 61) tx_digest=Digest("BfeSi87JDhrFgEKH1uLGqrBnEVFZ8sSNWtZKZkJKaUWF") retry_cnt=0
2026-05-20T11:12:07.367939Z ERROR iota_benchmark: Transaction failed with err: FailToConfirmTransactionStatus(Digest("81L183Sf7j7GBAwG7YHiz9Es5VHgFN5maXKW51xmRYd9"), 61) tx_digest=Digest("81L183Sf7j7GBAwG7YHiz9Es5VHgFN5maXKW51xmRYd9") retry_cnt=0
2026-05-20T11:12:07.367995Z ERROR iota_benchmark: Transaction failed with err: FailToConfirmTransactionStatus(Digest("GvEaYJC1Yf3SgUkrtyeuC4YmwTbDtB2fgV6Jc1T2cwrP"), 61) tx_digest=Digest("GvEaYJC1Yf3SgUkrtyeuC4YmwTbDtB2fgV6Jc1T2cwrP") retry_cnt=0
2026-05-20T11:12:07.368051Z ERROR iota_benchmark: Transaction failed with err: FailToConfirmTransactionStatus(Digest("G43KfZhbXQsqVksiVY64ZPDxZUzdE82baKq4o9RYX4ki"), 61) tx_digest=Digest("G43KfZhbXQsqVksiVY64ZPDxZUzdE82baKq4o9RYX4ki") retry_cnt=0
2026-05-20T11:12:07.368182Z ERROR iota_benchmark: Transaction failed with err: FailToConfirmTransactionStatus(Digest("7ErFaQN3HWZK8G8U7FJ5p3EHi8Dhem8wendcpkKj9nbd"), 61) tx_digest=Digest("7ErFaQN3HWZK8G8U7FJ5p3EHi8Dhem8wendcpkKj9nbd") retry_cnt=0
2026-05-20T11:12:07.373973Z ERROR iota_benchmark: Transaction failed with err: Rpc(Call(ErrorObject { code: ServerError(-32050), message: "Transaction timed out before reaching finality", data: None })) tx_digest=Digest("AsdWwPWfM7aBvPormd7XXnddpVfgegTNC83LcoVqD6DF") retry_cnt=0
2026-05-20T11:12:07.410810Z ERROR iota_benchmark: Transaction failed with err: FailToConfirmTransactionStatus(Digest("DqD4PbR2tdiwMxsHmxLFZ69gd5H4VNbEFRJdzRV8Heom"), 61) tx_digest=Digest("DqD4PbR2tdiwMxsHmxLFZ69gd5H4VNbEFRJdzRV8Heom") retry_cnt=0
2026-05-20T11:12:07.410813Z ERROR iota_benchmark: Transaction failed with err: FailToConfirmTransactionStatus(Digest("42XCUadouhCH2tTA7G8MpCqVUzYmZuhB5qW1Pt1LKZCa"), 61) tx_digest=Digest("42XCUadouhCH2tTA7G8MpCqVUzYmZuhB5qW1Pt1LKZCa") retry_cnt=0
2026-05-20T11:12:07.410821Z ERROR iota_benchmark: Transaction failed with err: FailToConfirmTransactionStatus(Digest("DMBxxJWA8hxTTvoRSXm558hixQh4JRoobDmr5u7aTJ98"), 61) tx_digest=Digest("DMBxxJWA8hxTTvoRSXm558hixQh4JRoobDmr5u7aTJ98") retry_cnt=0
2026-05-20T11:12:07.411030Z ERROR iota_benchmark: Transaction failed with err: FailToConfirmTransactionStatus(Digest("79z2faj7wYVoNuKyAZhqePtLE23g4hrNTtJTQe8VfmHY"), 61) tx_digest=Digest("79z2faj7wYVoNuKyAZhqePtLE23g4hrNTtJTQe8VfmHY") retry_cnt=0
2026-05-20T11:12:07.411092Z ERROR iota_benchmark: Transaction failed with err: FailToConfirmTransactionStatus(Digest("7dfcmevwEATAXigZ1bwMtWRz38b3raYFcVG3s8Nx3dnw"), 61) tx_digest=Digest("7dfcmevwEATAXigZ1bwMtWRz38b3raYFcVG3s8Nx3dnw") retry_cnt=0
2026-05-20T11:12:07.411180Z ERROR iota_benchmark: Transaction failed with err: FailToConfirmTransactionStatus(Digest("BRi5G24PXAEStadFwj7KLwdH8nkKQEQXvaB8AYVFbR5U"), 61) tx_digest=Digest("BRi5G24PXAEStadFwj7KLwdH8nkKQEQXvaB8AYVFbR5U") retry_cnt=0
2026-05-20T11:12:07.412508Z ERROR iota_benchmark: Transaction failed with err: FailToConfirmTransactionStatus(Digest("AVPMsDu4U5AGCP1SXUGeX9iLPNqeSUJDBZQs4evZe8vi"), 61) tx_digest=Digest("AVPMsDu4U5AGCP1SXUGeX9iLPNqeSUJDBZQs4evZe8vi") retry_cnt=0
2026-05-20T11:12:07.413933Z ERROR iota_benchmark: Transaction failed with err: FailToConfirmTransactionStatus(Digest("G9Pty1XNgsv8PHf7iJp8LU8mJpJkHJotDPuopCSGD8rM"), 61) tx_digest=Digest("G9Pty1XNgsv8PHf7iJp8LU8mJpJkHJotDPuopCSGD8rM") retry_cnt=0
2026-05-20T11:12:07.422200Z ERROR iota_benchmark: Transaction failed with err: FailToConfirmTransactionStatus(Digest("JCbhUrYzRuZoBeRkVZijjs72YsfuHwdUwQV9kyEEyxkt"), 61) tx_digest=Digest("JCbhUrYzRuZoBeRkVZijjs72YsfuHwdUwQV9kyEEyxkt") retry_cnt=0
2026-05-20T11:12:07.423716Z ERROR iota_benchmark: Transaction failed with err: FailToConfirmTransactionStatus(Digest("Ax7KWB4gVZVvqQdNDcQ9vNNEKSopSLDqETqD83ECshBr"), 61) tx_digest=Digest("Ax7KWB4gVZVvqQdNDcQ9vNNEKSopSLDqETqD83ECshBr") retry_cnt=0
2026-05-20T11:12:07.428570Z ERROR iota_benchmark: Transaction failed with err: FailToConfirmTransactionStatus(Digest("Ckm7exSRvVZVRhUyuWGjYCw7U1ekFsixCXRaUFswcwBf"), 61) tx_digest=Digest("Ckm7exSRvVZVRhUyuWGjYCw7U1ekFsixCXRaUFswcwBf") retry_cnt=0
2026-05-20T11:12:07.428585Z ERROR iota_benchmark: Transaction failed with err: FailToConfirmTransactionStatus(Digest("A5T9i9UF2iWHTQNC8Sn2cATEAfc1Raedcyz9NRqAZkJo"), 61) tx_digest=Digest("A5T9i9UF2iWHTQNC8Sn2cATEAfc1Raedcyz9NRqAZkJo") retry_cnt=0
2026-05-20T11:12:07.428597Z ERROR iota_benchmark: Transaction failed with err: FailToConfirmTransactionStatus(Digest("73HEX2sRnMLNVzduZ3Mg6cfq7sakSwHk6BKW6r9zqs8T"), 61) tx_digest=Digest("73HEX2sRnMLNVzduZ3Mg6cfq7sakSwHk6BKW6r9zqs8T") retry_cnt=0
2026-05-20T11:12:07.442329Z ERROR iota_benchmark: Transaction failed with err: FailToConfirmTransactionStatus(Digest("FDEZHCNjkHxGnMchJzf4x8L1rRGYbYDeraADbZBLDaAK"), 61) tx_digest=Digest("FDEZHCNjkHxGnMchJzf4x8L1rRGYbYDeraADbZBLDaAK") retry_cnt=0
2026-05-20T11:12:07.461201Z ERROR iota_benchmark: Transaction failed with err: FailToConfirmTransactionStatus(Digest("F3VnaitCTAiEhyqkX5UpKiNAVwaXzKbeEAFSPyjnT5zr"), 61) tx_digest=Digest("F3VnaitCTAiEhyqkX5UpKiNAVwaXzKbeEAFSPyjnT5zr") retry_cnt=0
2026-05-20T11:12:07.461237Z ERROR iota_benchmark: Transaction failed with err: FailToConfirmTransactionStatus(Digest("GT9cXQAY1UCWUCAhQBxLYguQqWjMi8ZyPUcw9rKmimBW"), 61) tx_digest=Digest("GT9cXQAY1UCWUCAhQBxLYguQqWjMi8ZyPUcw9rKmimBW") retry_cnt=0
2026-05-20T11:12:07.461246Z ERROR iota_benchmark: Transaction failed with err: FailToConfirmTransactionStatus(Digest("8BP6dPiCCE6YJBNRpSMA1J31o34fGFPs8fkuJ3ADkQDG"), 61) tx_digest=Digest("8BP6dPiCCE6YJBNRpSMA1J31o34fGFPs8fkuJ3ADkQDG") retry_cnt=0
2026-05-20T11:12:07.463773Z ERROR iota_benchmark: Transaction failed with err: FailToConfirmTransactionStatus(Digest("GdEwwe46YA7aDngVSCBMB9Pzy3WmhZfXFdJNqjMYRkmz"), 61) tx_digest=Digest("GdEwwe46YA7aDngVSCBMB9Pzy3WmhZfXFdJNqjMYRkmz") retry_cnt=0
2026-05-20T11:12:07.463806Z ERROR iota_benchmark: Transaction failed with err: FailToConfirmTransactionStatus(Digest("E5qKt2B9Qo5Aes1GCJJmmCB8Bsuv1RAHNbV76QvRDRcz"), 61) tx_digest=Digest("E5qKt2B9Qo5Aes1GCJJmmCB8Bsuv1RAHNbV76QvRDRcz") retry_cnt=0
2026-05-20T11:12:07.463840Z ERROR iota_benchmark: Transaction failed with err: FailToConfirmTransactionStatus(Digest("GFpSPQWQH6geg2cfBUGQVQGSvdZcLByR9byzpugu6iai"), 61) tx_digest=Digest("GFpSPQWQH6geg2cfBUGQVQGSvdZcLByR9byzpugu6iai") retry_cnt=0
2026-05-20T11:12:07.463849Z ERROR iota_benchmark: Transaction failed with err: FailToConfirmTransactionStatus(Digest("CqsfSXo2UE1ZqG7WBAVbJpVKJanFapHJgDy3jnXFjELW"), 61) tx_digest=Digest("CqsfSXo2UE1ZqG7WBAVbJpVKJanFapHJgDy3jnXFjELW") retry_cnt=0
2026-05-20T11:12:07.463972Z ERROR iota_benchmark: Transaction failed with err: FailToConfirmTransactionStatus(Digest("Ft3Lzic8nENA1wLhE9xt71MiRB4Roto2dmHBEb4AA11a"), 61) tx_digest=Digest("Ft3Lzic8nENA1wLhE9xt71MiRB4Roto2dmHBEb4AA11a") retry_cnt=0
2026-05-20T11:12:07.464073Z ERROR iota_benchmark: Transaction failed with err: FailToConfirmTransactionStatus(Digest("BaW6KhzZD2uCoNLhRuHJXJWgCW2L3AgDei73XCc3kTMa"), 61) tx_digest=Digest("BaW6KhzZD2uCoNLhRuHJXJWgCW2L3AgDei73XCc3kTMa") retry_cnt=0
2026-05-20T11:12:07.465389Z ERROR iota_benchmark: Transaction failed with err: FailToConfirmTransactionStatus(Digest("FA3NUJ3iQf4Haq937WpLPkaUCTNSKdeJcDknubs5UsuC"), 61) tx_digest=Digest("FA3NUJ3iQf4Haq937WpLPkaUCTNSKdeJcDknubs5UsuC") retry_cnt=0
2026-05-20T11:12:07.466732Z ERROR iota_benchmark: Transaction failed with err: FailToConfirmTransactionStatus(Digest("2V9JD8Km5iroZu6BWXTtFUymeZLAwUWMrscFMgfNCFCT"), 61) tx_digest=Digest("2V9JD8Km5iroZu6BWXTtFUymeZLAwUWMrscFMgfNCFCT") retry_cnt=0
2026-05-20T11:12:07.466805Z ERROR iota_benchmark: Transaction failed with err: FailToConfirmTransactionStatus(Digest("2GAA6FNLh5oCgi6hya3dxMLBYs4mE2VNeizuZ636aywz"), 61) tx_digest=Digest("2GAA6FNLh5oCgi6hya3dxMLBYs4mE2VNeizuZ636aywz") retry_cnt=0
2026-05-20T11:12:07.467396Z ERROR iota_benchmark: Transaction failed with err: FailToConfirmTransactionStatus(Digest("BybYZ3keuCaaUV8rGNREGS8djdtwXbZDyM5zuiVSbKAr"), 61) tx_digest=Digest("BybYZ3keuCaaUV8rGNREGS8djdtwXbZDyM5zuiVSbKAr") retry_cnt=0
2026-05-20T11:12:07.467412Z ERROR iota_benchmark: Transaction failed with err: FailToConfirmTransactionStatus(Digest("4ord9CjcnFNkzUP579Av2w3wSxnL9mKa4smw5tyBP9oX"), 61) tx_digest=Digest("4ord9CjcnFNkzUP579Av2w3wSxnL9mKa4smw5tyBP9oX") retry_cnt=0
2026-05-20T11:12:07.469555Z ERROR iota_benchmark: Transaction failed with err: FailToConfirmTransactionStatus(Digest("H3E2SvdPgtKvBNzFN2PZPLL6YiPLbV1vf1DQAS99Yd1z"), 61) tx_digest=Digest("H3E2SvdPgtKvBNzFN2PZPLL6YiPLbV1vf1DQAS99Yd1z") retry_cnt=0
2026-05-20T11:12:07.469578Z ERROR iota_benchmark: Transaction failed with err: FailToConfirmTransactionStatus(Digest("BmpR1f3UQQeaskWYSMzE6MarUpxefmaA6iyQvY4iuNH9"), 61) tx_digest=Digest("BmpR1f3UQQeaskWYSMzE6MarUpxefmaA6iyQvY4iuNH9") retry_cnt=0
2026-05-20T11:12:07.469649Z ERROR iota_benchmark: Transaction failed with err: FailToConfirmTransactionStatus(Digest("CGRBbiBiJ8PX68SYAStn2dmZtDoUWo3J7HjF95sP5vrR"), 61) tx_digest=Digest("CGRBbiBiJ8PX68SYAStn2dmZtDoUWo3J7HjF95sP5vrR") retry_cnt=0
2026-05-20T11:12:07.469677Z ERROR iota_benchmark: Transaction failed with err: FailToConfirmTransactionStatus(Digest("sf7wxbRbASj9QuE14B4JD8DsWeG9jsuiXXg9iDjmWTL"), 61) tx_digest=Digest("sf7wxbRbASj9QuE14B4JD8DsWeG9jsuiXXg9iDjmWTL") retry_cnt=0
2026-05-20T11:12:07.469739Z ERROR iota_benchmark: Transaction failed with err: FailToConfirmTransactionStatus(Digest("JAivX1MgbX1dKAfgMaaYNAoGsDTKgVSeQjThJgHco5KE"), 61) tx_digest=Digest("JAivX1MgbX1dKAfgMaaYNAoGsDTKgVSeQjThJgHco5KE") retry_cnt=0
2026-05-20T11:12:07.469755Z ERROR iota_benchmark: Transaction failed with err: FailToConfirmTransactionStatus(Digest("JoPt3ezf91y13Fe1DrtYK3heKKhdYxQJuK8VFPGmG8v"), 61) tx_digest=Digest("JoPt3ezf91y13Fe1DrtYK3heKKhdYxQJuK8VFPGmG8v") retry_cnt=0
2026-05-20T11:12:07.469760Z ERROR iota_benchmark: Transaction failed with err: FailToConfirmTransactionStatus(Digest("FBLjB2LYUnsZSnLn6qtVwveUzAMU7MmoKm7MFvzgwjh9"), 61) tx_digest=Digest("FBLjB2LYUnsZSnLn6qtVwveUzAMU7MmoKm7MFvzgwjh9") retry_cnt=0
2026-05-20T11:12:07.469815Z ERROR iota_benchmark: Transaction failed with err: FailToConfirmTransactionStatus(Digest("EQpc5FS2d9x8osY1ajuEWb99ZeaF8qJ5YVTwFprEtbRP"), 61) tx_digest=Digest("EQpc5FS2d9x8osY1ajuEWb99ZeaF8qJ5YVTwFprEtbRP") retry_cnt=0
2026-05-20T11:12:07.469816Z ERROR iota_benchmark: Transaction failed with err: FailToConfirmTransactionStatus(Digest("77Y56WezVQQUCxvwfwBxHRfjX6JG6SV1vMy1PaSxxfBw"), 61) tx_digest=Digest("77Y56WezVQQUCxvwfwBxHRfjX6JG6SV1vMy1PaSxxfBw") retry_cnt=0
2026-05-20T11:12:07.469881Z ERROR iota_benchmark: Transaction failed with err: FailToConfirmTransactionStatus(Digest("EufUWMd2mXkpvvwPfk9PzxCYaKKoZxKWA4QqfyMPWhK2"), 61) tx_digest=Digest("EufUWMd2mXkpvvwPfk9PzxCYaKKoZxKWA4QqfyMPWhK2") retry_cnt=0
2026-05-20T11:12:07.469883Z ERROR iota_benchmark: Transaction failed with err: FailToConfirmTransactionStatus(Digest("ADe1CyLB3mKiGn55hnEwKLQidES3iJLUQVWEXQsWL5h4"), 61) tx_digest=Digest("ADe1CyLB3mKiGn55hnEwKLQidES3iJLUQVWEXQsWL5h4") retry_cnt=0
2026-05-20T11:12:07.469882Z ERROR iota_benchmark: Transaction failed with err: FailToConfirmTransactionStatus(Digest("54PhKGwMwgPRhyWbmeMuMg5hDMysDXa38ZZhdhdVEihu"), 61) tx_digest=Digest("54PhKGwMwgPRhyWbmeMuMg5hDMysDXa38ZZhdhdVEihu") retry_cnt=0
2026-05-20T11:12:07.469947Z ERROR iota_benchmark: Transaction failed with err: FailToConfirmTransactionStatus(Digest("Di2btoKX7GXRWk4DayHJn4qMd6xoTURDHBYAqESCyJsH"), 61) tx_digest=Digest("Di2btoKX7GXRWk4DayHJn4qMd6xoTURDHBYAqESCyJsH") retry_cnt=0
2026-05-20T11:12:07.469947Z ERROR iota_benchmark: Transaction failed with err: FailToConfirmTransactionStatus(Digest("2SCMx5GDR34y11Cu6DGtCBqb7GCBEq6akWExR6GWxfPr"), 61) tx_digest=Digest("2SCMx5GDR34y11Cu6DGtCBqb7GCBEq6akWExR6GWxfPr") retry_cnt=0
2026-05-20T11:12:07.470007Z ERROR iota_benchmark: Transaction failed with err: FailToConfirmTransactionStatus(Digest("5nvgJHWgsYLJLfFZGBTN27bc7MTtujcvp448f7nMepU"), 61) tx_digest=Digest("5nvgJHWgsYLJLfFZGBTN27bc7MTtujcvp448f7nMepU") retry_cnt=0
2026-05-20T11:12:07.470081Z ERROR iota_benchmark: Transaction failed with err: FailToConfirmTransactionStatus(Digest("2Ag8wkvpzDBB8FG5JZC2pNJyVkiCVcYcs3Yk62pT5Jvj"), 61) tx_digest=Digest("2Ag8wkvpzDBB8FG5JZC2pNJyVkiCVcYcs3Yk62pT5Jvj") retry_cnt=0
2026-05-20T11:12:07.470083Z ERROR iota_benchmark: Transaction failed with err: FailToConfirmTransactionStatus(Digest("Dw98RowNR7m3844qfuqm76sws4o8wDdm6ZfUEGTjLER7"), 61) tx_digest=Digest("Dw98RowNR7m3844qfuqm76sws4o8wDdm6ZfUEGTjLER7") retry_cnt=0
2026-05-20T11:12:07.470122Z ERROR iota_benchmark: Transaction failed with err: FailToConfirmTransactionStatus(Digest("2sHvbiuHHYHFa23QpCQwrLDY7e3ajgpn9xVJ2FP1mffZ"), 61) tx_digest=Digest("2sHvbiuHHYHFa23QpCQwrLDY7e3ajgpn9xVJ2FP1mffZ") retry_cnt=0
2026-05-20T11:12:07.470146Z ERROR iota_benchmark: Transaction failed with err: FailToConfirmTransactionStatus(Digest("2wybcFeimajDYfcdN2g6jxEmQHdRnwbTwMF1NkeeA3pS"), 61) tx_digest=Digest("2wybcFeimajDYfcdN2g6jxEmQHdRnwbTwMF1NkeeA3pS") retry_cnt=0
2026-05-20T11:12:07.470183Z ERROR iota_benchmark: Transaction failed with err: FailToConfirmTransactionStatus(Digest("BAy5134rpcwJGJKEG8RJ1A942ijTQ34ak5hMsfJXaVDc"), 61) tx_digest=Digest("BAy5134rpcwJGJKEG8RJ1A942ijTQ34ak5hMsfJXaVDc") retry_cnt=0
2026-05-20T11:12:07.470198Z ERROR iota_benchmark: Transaction failed with err: FailToConfirmTransactionStatus(Digest("GZ8YdpbW8WP7y4UGVXVzqmLSWZo2fPRuwNkUMmCfAduv"), 61) tx_digest=Digest("GZ8YdpbW8WP7y4UGVXVzqmLSWZo2fPRuwNkUMmCfAduv") retry_cnt=0
2026-05-20T11:12:07.470225Z ERROR iota_benchmark: Transaction failed with err: FailToConfirmTransactionStatus(Digest("DoGvt16PvmwjMTzYthRYUvuQUwWjYDmRk78dvuYe2kCh"), 61) tx_digest=Digest("DoGvt16PvmwjMTzYthRYUvuQUwWjYDmRk78dvuYe2kCh") retry_cnt=0
2026-05-20T11:12:07.470239Z ERROR iota_benchmark: Transaction failed with err: FailToConfirmTransactionStatus(Digest("BVSkZcYT1Tz6AKocEYCibLysDVtFFMTL3UtzWXi2xJnQ"), 61) tx_digest=Digest("BVSkZcYT1Tz6AKocEYCibLysDVtFFMTL3UtzWXi2xJnQ") retry_cnt=0
2026-05-20T11:12:07.470265Z ERROR iota_benchmark: Transaction failed with err: FailToConfirmTransactionStatus(Digest("2TKzv8q53HUF4knjxhKLjTk3n9e2j8oQEGTjTxmEgeAN"), 61) tx_digest=Digest("2TKzv8q53HUF4knjxhKLjTk3n9e2j8oQEGTjTxmEgeAN") retry_cnt=0
2026-05-20T11:12:07.470296Z ERROR iota_benchmark: Transaction failed with err: FailToConfirmTransactionStatus(Digest("3Pjtc5z51V69kZemyYhEwHx6oiNsKdpFqbvvkzbHdnk7"), 61) tx_digest=Digest("3Pjtc5z51V69kZemyYhEwHx6oiNsKdpFqbvvkzbHdnk7") retry_cnt=0
2026-05-20T11:12:07.470303Z ERROR iota_benchmark: Transaction failed with err: FailToConfirmTransactionStatus(Digest("G6wmHqmTuYJupJ648Wr8LJBRkQNm4mC1KSZojqJx3AYz"), 61) tx_digest=Digest("G6wmHqmTuYJupJ648Wr8LJBRkQNm4mC1KSZojqJx3AYz") retry_cnt=0
2026-05-20T11:12:07.470314Z ERROR iota_benchmark: Transaction failed with err: FailToConfirmTransactionStatus(Digest("2WXd9gSqctk76MAuWiNEKQygUXbcA3BNvob9JJU9Fkwc"), 61) tx_digest=Digest("2WXd9gSqctk76MAuWiNEKQygUXbcA3BNvob9JJU9Fkwc") retry_cnt=0
2026-05-20T11:12:07.470355Z ERROR iota_benchmark: Transaction failed with err: FailToConfirmTransactionStatus(Digest("7rAhE3Kx5uRAyeg6tueEVfmNoPEbvsRSJM9gHsk9HkL2"), 61) tx_digest=Digest("7rAhE3Kx5uRAyeg6tueEVfmNoPEbvsRSJM9gHsk9HkL2") retry_cnt=0
2026-05-20T11:12:07.470412Z ERROR iota_benchmark: Transaction failed with err: FailToConfirmTransactionStatus(Digest("EVBNe6VLQmut291EV254FCb6qiNWPH8JX1zaaiSBZNKC"), 61) tx_digest=Digest("EVBNe6VLQmut291EV254FCb6qiNWPH8JX1zaaiSBZNKC") retry_cnt=0
2026-05-20T11:12:07.470413Z ERROR iota_benchmark: Transaction failed with err: FailToConfirmTransactionStatus(Digest("9t47jK3rujsKHYyZqRwJmTZXPTJmRC9AGKhEyuuZVfhg"), 61) tx_digest=Digest("9t47jK3rujsKHYyZqRwJmTZXPTJmRC9AGKhEyuuZVfhg") retry_cnt=0
2026-05-20T11:12:07.470473Z ERROR iota_benchmark: Transaction failed with err: FailToConfirmTransactionStatus(Digest("AJue4rfdZm6HQCP9MsNPUu2QRCByZ8yP3dbjAuXVM5Hm"), 61) tx_digest=Digest("AJue4rfdZm6HQCP9MsNPUu2QRCByZ8yP3dbjAuXVM5Hm") retry_cnt=0
2026-05-20T11:12:07.470808Z ERROR iota_benchmark: Transaction failed with err: FailToConfirmTransactionStatus(Digest("JCNrQYRVr6Sf51erbNRdjJbXGvjBSsRiUZHFzhZ14Ln"), 61) tx_digest=Digest("JCNrQYRVr6Sf51erbNRdjJbXGvjBSsRiUZHFzhZ14Ln") retry_cnt=0
2026-05-20T11:12:07.470882Z ERROR iota_benchmark: Transaction failed with err: FailToConfirmTransactionStatus(Digest("2FgMCxMPCmfkVGUcSdi1QCHdoBzhkVc1eSSQzG3EEMdo"), 61) tx_digest=Digest("2FgMCxMPCmfkVGUcSdi1QCHdoBzhkVc1eSSQzG3EEMdo") retry_cnt=0
2026-05-20T11:12:07.470937Z ERROR iota_benchmark: Transaction failed with err: FailToConfirmTransactionStatus(Digest("7ms3SfJqVW5KHtQsLGaoAGMmEE1xhG74ssKxQL4uLYwb"), 61) tx_digest=Digest("7ms3SfJqVW5KHtQsLGaoAGMmEE1xhG74ssKxQL4uLYwb") retry_cnt=0
2026-05-20T11:12:07.472457Z ERROR iota_benchmark: Transaction failed with err: FailToConfirmTransactionStatus(Digest("DtjNDcXYZ3CEMNvZ4NKR98cL8zwBhxip3t3Z2NwQ7bh3"), 61) tx_digest=Digest("DtjNDcXYZ3CEMNvZ4NKR98cL8zwBhxip3t3Z2NwQ7bh3") retry_cnt=0
2026-05-20T11:12:07.487146Z ERROR iota_benchmark: Transaction failed with err: FailToConfirmTransactionStatus(Digest("5EPKEMK8337ELcJVi8XSQJjaqSNa6YWovMabwoapTE8q"), 61) tx_digest=Digest("5EPKEMK8337ELcJVi8XSQJjaqSNa6YWovMabwoapTE8q") retry_cnt=0
2026-05-20T11:12:07.493196Z ERROR iota_benchmark: Transaction failed with err: FailToConfirmTransactionStatus(Digest("FmaLABXH5TV4jiF5fQZrz9ebHgHmffDgo6UFrHfsz3nL"), 61) tx_digest=Digest("FmaLABXH5TV4jiF5fQZrz9ebHgHmffDgo6UFrHfsz3nL") retry_cnt=0
2026-05-20T11:12:07.509608Z ERROR iota_benchmark: Transaction failed with err: FailToConfirmTransactionStatus(Digest("F92FKS8bmFuWXKpSTpbBtwrEssQZFhrmUmjWiLfs1Tvw"), 61) tx_digest=Digest("F92FKS8bmFuWXKpSTpbBtwrEssQZFhrmUmjWiLfs1Tvw") retry_cnt=0
2026-05-20T11:12:07.509673Z ERROR iota_benchmark: Transaction failed with err: FailToConfirmTransactionStatus(Digest("Cq5ZDQD5QzC8zz25C6HU5gutRKNxEAa4VwPLzZQLwY9W"), 61) tx_digest=Digest("Cq5ZDQD5QzC8zz25C6HU5gutRKNxEAa4VwPLzZQLwY9W") retry_cnt=0
2026-05-20T11:12:07.509720Z ERROR iota_benchmark: Transaction failed with err: FailToConfirmTransactionStatus(Digest("A8y13WbfhX9vfPtN99R8UAwsj1PaHr8idUPX9UVSjXX"), 61) tx_digest=Digest("A8y13WbfhX9vfPtN99R8UAwsj1PaHr8idUPX9UVSjXX") retry_cnt=0
2026-05-20T11:12:07.510071Z ERROR iota_benchmark: Transaction failed with err: FailToConfirmTransactionStatus(Digest("5FQCiAQzH1uaP1cV4wvhHVN6vjH1SbwAzXiJQLAdfpYJ"), 61) tx_digest=Digest("5FQCiAQzH1uaP1cV4wvhHVN6vjH1SbwAzXiJQLAdfpYJ") retry_cnt=0
2026-05-20T11:12:07.544265Z ERROR iota_benchmark: Transaction failed with err: FailToConfirmTransactionStatus(Digest("7U1JKv6beei9UJH79VKe8ZdJJynjHCaVjA6Gv5qaykSd"), 61) tx_digest=Digest("7U1JKv6beei9UJH79VKe8ZdJJynjHCaVjA6Gv5qaykSd") retry_cnt=0
2026-05-20T11:12:07.554902Z ERROR iota_benchmark: Transaction failed with err: FailToConfirmTransactionStatus(Digest("146nz7sAxyXMcDjjGcrLDCipcm6fqs3p8SDsMWpLRn1H"), 61) tx_digest=Digest("146nz7sAxyXMcDjjGcrLDCipcm6fqs3p8SDsMWpLRn1H") retry_cnt=0
2026-05-20T11:12:07.558675Z ERROR iota_benchmark: Transaction failed with err: FailToConfirmTransactionStatus(Digest("7LyLvmRoSuwTsRCMkZ3zEZoN1dG5sk6iwAjXUDYbcMYr"), 61) tx_digest=Digest("7LyLvmRoSuwTsRCMkZ3zEZoN1dG5sk6iwAjXUDYbcMYr") retry_cnt=0
2026-05-20T11:12:07.562680Z ERROR iota_benchmark: Transaction failed with err: FailToConfirmTransactionStatus(Digest("3ocxUVKBmteMFfxaGbDiRuuAJJA6bZEQcyDpM855KGqv"), 61) tx_digest=Digest("3ocxUVKBmteMFfxaGbDiRuuAJJA6bZEQcyDpM855KGqv") retry_cnt=0
2026-05-20T11:12:07.562878Z ERROR iota_benchmark: Transaction failed with err: FailToConfirmTransactionStatus(Digest("AMQRAoMq6Psv2d5fkdhD4nCthrkGq5bt4XigwSzxQ7X5"), 61) tx_digest=Digest("AMQRAoMq6Psv2d5fkdhD4nCthrkGq5bt4XigwSzxQ7X5") retry_cnt=0
2026-05-20T11:12:07.566603Z ERROR iota_benchmark: Transaction failed with err: FailToConfirmTransactionStatus(Digest("DZvcnGazbaXBapzMMDsDqAnzc6RCtbVD1jDQi63363Uy"), 61) tx_digest=Digest("DZvcnGazbaXBapzMMDsDqAnzc6RCtbVD1jDQi63363Uy") retry_cnt=0
2026-05-20T11:12:07.566626Z ERROR iota_benchmark: Transaction failed with err: FailToConfirmTransactionStatus(Digest("FYumuvvP8R4GzD49UwRDJpLUgrDPDrA6CMJLx5mTPoTC"), 61) tx_digest=Digest("FYumuvvP8R4GzD49UwRDJpLUgrDPDrA6CMJLx5mTPoTC") retry_cnt=0
2026-05-20T11:12:07.566830Z ERROR iota_benchmark: Transaction failed with err: FailToConfirmTransactionStatus(Digest("EK7mvghXfiu9fX6jaJdsDVBoEoL2vfcDt8CBNGzMnyPh"), 61) tx_digest=Digest("EK7mvghXfiu9fX6jaJdsDVBoEoL2vfcDt8CBNGzMnyPh") retry_cnt=0
2026-05-20T11:12:07.574824Z ERROR iota_benchmark: Transaction failed with err: FailToConfirmTransactionStatus(Digest("8QHH6VkEpuPcsDCYhva2zqr6t9vJ6ZTdy9wQzVHrrpTp"), 61) tx_digest=Digest("8QHH6VkEpuPcsDCYhva2zqr6t9vJ6ZTdy9wQzVHrrpTp") retry_cnt=0
2026-05-20T11:12:07.575093Z ERROR iota_benchmark: Transaction failed with err: FailToConfirmTransactionStatus(Digest("7ddYL5tW9HBJqWzxMKaYuFZT89NzD8ndPXJAe5t5PDac"), 61) tx_digest=Digest("7ddYL5tW9HBJqWzxMKaYuFZT89NzD8ndPXJAe5t5PDac") retry_cnt=0
2026-05-20T11:12:07.624864Z ERROR iota_benchmark: Transaction failed with err: FailToConfirmTransactionStatus(Digest("Dg34dDSeXS6km7Md7pP6JrgUkmDnoidpmKbgBTYYBawT"), 61) tx_digest=Digest("Dg34dDSeXS6km7Md7pP6JrgUkmDnoidpmKbgBTYYBawT") retry_cnt=0
2026-05-20T11:12:07.624881Z ERROR iota_benchmark: Transaction failed with err: FailToConfirmTransactionStatus(Digest("BKA87M21wojNCgYsQC2fiXcFUrug6tZhj1TLqS8heG3N"), 61) tx_digest=Digest("BKA87M21wojNCgYsQC2fiXcFUrug6tZhj1TLqS8heG3N") retry_cnt=0
2026-05-20T11:12:07.627494Z ERROR iota_benchmark: Transaction failed with err: FailToConfirmTransactionStatus(Digest("2f4AQXYKRU5TmPs6JN4vEa1WhfFeqCMouzc6WGF8DTEr"), 61) tx_digest=Digest("2f4AQXYKRU5TmPs6JN4vEa1WhfFeqCMouzc6WGF8DTEr") retry_cnt=0
2026-05-20T11:12:07.655126Z ERROR iota_benchmark: Transaction failed with err: FailToConfirmTransactionStatus(Digest("FQqjyQYRUzpPmJho2UE7XDrMpgjH12hNF2aBYJ3zn3nk"), 61) tx_digest=Digest("FQqjyQYRUzpPmJho2UE7XDrMpgjH12hNF2aBYJ3zn3nk") retry_cnt=0
2026-05-20T11:12:07.669059Z ERROR iota_benchmark: Transaction failed with err: FailToConfirmTransactionStatus(Digest("F9jCo9EoMhGoeFi35jbHfpKmq5kLPRh2KmKS8aQdsz8W"), 61) tx_digest=Digest("F9jCo9EoMhGoeFi35jbHfpKmq5kLPRh2KmKS8aQdsz8W") retry_cnt=0
2026-05-20T11:12:07.669066Z ERROR iota_benchmark: Transaction failed with err: FailToConfirmTransactionStatus(Digest("GCwvsY4V2CWJKccc6QkSn6PS4GeiYch47rEDzCbtU2rw"), 61) tx_digest=Digest("GCwvsY4V2CWJKccc6QkSn6PS4GeiYch47rEDzCbtU2rw") retry_cnt=0
2026-05-20T11:12:07.685500Z ERROR iota_benchmark: Transaction failed with err: FailToConfirmTransactionStatus(Digest("3nKerPJgssx7A8S3MLTUuGWNBjEvYoaRQqqhunoeK3ML"), 61) tx_digest=Digest("3nKerPJgssx7A8S3MLTUuGWNBjEvYoaRQqqhunoeK3ML") retry_cnt=0
2026-05-20T11:12:07.685498Z ERROR iota_benchmark: Transaction failed with err: FailToConfirmTransactionStatus(Digest("65WzR3Jr1ki4eTtgS2iRX2NJrBHk1gBvne7pNBcUGuvB"), 61) tx_digest=Digest("65WzR3Jr1ki4eTtgS2iRX2NJrBHk1gBvne7pNBcUGuvB") retry_cnt=0
2026-05-20T11:12:07.685499Z ERROR iota_benchmark: Transaction failed with err: FailToConfirmTransactionStatus(Digest("2JyMHhd2vdSRYX5b3uVcdjWBuMbpTyXCCUKtKKPKdcUQ"), 61) tx_digest=Digest("2JyMHhd2vdSRYX5b3uVcdjWBuMbpTyXCCUKtKKPKdcUQ") retry_cnt=0
2026-05-20T11:12:07.685501Z ERROR iota_benchmark: Transaction failed with err: FailToConfirmTransactionStatus(Digest("ApRYzBdUdNneymosdoRij7xydpiG6teGa9eagCXfYioh"), 61) tx_digest=Digest("ApRYzBdUdNneymosdoRij7xydpiG6teGa9eagCXfYioh") retry_cnt=0
2026-05-20T11:12:07.685730Z ERROR iota_benchmark: Transaction failed with err: FailToConfirmTransactionStatus(Digest("6DhPLbZg9G935ndWfikTq7aXEAbQZuxoHyWt7PiSUG4r"), 61) tx_digest=Digest("6DhPLbZg9G935ndWfikTq7aXEAbQZuxoHyWt7PiSUG4r") retry_cnt=0
2026-05-20T11:12:07.687031Z ERROR iota_benchmark: Transaction failed with err: FailToConfirmTransactionStatus(Digest("BAMKTNkJX19zKg97pMhiGiByNGP3Fi5BT8nordEhtcEZ"), 61) tx_digest=Digest("BAMKTNkJX19zKg97pMhiGiByNGP3Fi5BT8nordEhtcEZ") retry_cnt=0
2026-05-20T11:12:07.689594Z ERROR iota_benchmark: Transaction failed with err: FailToConfirmTransactionStatus(Digest("BctPHFukhYwx3VnXmEFS9F9h787atbxA99aRy19vKt6n"), 61) tx_digest=Digest("BctPHFukhYwx3VnXmEFS9F9h787atbxA99aRy19vKt6n") retry_cnt=0
2026-05-20T11:12:07.692195Z ERROR iota_benchmark: Transaction failed with err: FailToConfirmTransactionStatus(Digest("BNAMfkaiRGKgj6bgsNtnsYxrmE8x3apYhUgPDUFdmVqx"), 61) tx_digest=Digest("BNAMfkaiRGKgj6bgsNtnsYxrmE8x3apYhUgPDUFdmVqx") retry_cnt=0
2026-05-20T11:12:07.698150Z ERROR iota_benchmark: Transaction failed with err: FailToConfirmTransactionStatus(Digest("3WLTzDjNXt743aoQcDYuxsQnrRd3kSdVhMZ8WqCTR9s4"), 61) tx_digest=Digest("3WLTzDjNXt743aoQcDYuxsQnrRd3kSdVhMZ8WqCTR9s4") retry_cnt=0
2026-05-20T11:12:07.703065Z ERROR iota_benchmark: Transaction failed with err: FailToConfirmTransactionStatus(Digest("FHk9PmyaVt16GcToUJqs8XT47CK45bpiBZwCux9aZrAk"), 61) tx_digest=Digest("FHk9PmyaVt16GcToUJqs8XT47CK45bpiBZwCux9aZrAk") retry_cnt=0
2026-05-20T11:12:07.703065Z ERROR iota_benchmark: Transaction failed with err: FailToConfirmTransactionStatus(Digest("2bmJkU6tTuQqqHe9HaDZSqdDNRorpRrshLodvzbpuEKT"), 61) tx_digest=Digest("2bmJkU6tTuQqqHe9HaDZSqdDNRorpRrshLodvzbpuEKT") retry_cnt=0
2026-05-20T11:12:07.703075Z ERROR iota_benchmark: Transaction failed with err: FailToConfirmTransactionStatus(Digest("qtnvgdfwJBse5yNAPSY496yTw2CL7xT3uX66mDJYchT"), 61) tx_digest=Digest("qtnvgdfwJBse5yNAPSY496yTw2CL7xT3uX66mDJYchT") retry_cnt=0
2026-05-20T11:12:07.703085Z ERROR iota_benchmark: Transaction failed with err: FailToConfirmTransactionStatus(Digest("G3nkU6YMzqKxxHaKjrNyGseEfBYbAXHSbyJb3AuWQnR3"), 61) tx_digest=Digest("G3nkU6YMzqKxxHaKjrNyGseEfBYbAXHSbyJb3AuWQnR3") retry_cnt=0
2026-05-20T11:12:07.703250Z ERROR iota_benchmark: Transaction failed with err: FailToConfirmTransactionStatus(Digest("EPBPvv8AAMCdjG3ZeYqGL8RdXrAkyH9QrjFBdsVDs8w8"), 61) tx_digest=Digest("EPBPvv8AAMCdjG3ZeYqGL8RdXrAkyH9QrjFBdsVDs8w8") retry_cnt=0
2026-05-20T11:12:07.703302Z ERROR iota_benchmark: Transaction failed with err: FailToConfirmTransactionStatus(Digest("GAw1TfZpqpMpSpBETJjU96gvVS7yDgdiVFK7KrDHvB5e"), 61) tx_digest=Digest("GAw1TfZpqpMpSpBETJjU96gvVS7yDgdiVFK7KrDHvB5e") retry_cnt=0
2026-05-20T11:12:07.703315Z ERROR iota_benchmark: Transaction failed with err: FailToConfirmTransactionStatus(Digest("D2NQXnk9pnZ88w5iKzBdBSP6afhSqe7gm8AMui2yPYtn"), 61) tx_digest=Digest("D2NQXnk9pnZ88w5iKzBdBSP6afhSqe7gm8AMui2yPYtn") retry_cnt=0
2026-05-20T11:12:07.703360Z ERROR iota_benchmark: Transaction failed with err: FailToConfirmTransactionStatus(Digest("Cys7K5vJ3iLrCPP1UDm17osaRzemrCtKWiMRK9LjXFLp"), 61) tx_digest=Digest("Cys7K5vJ3iLrCPP1UDm17osaRzemrCtKWiMRK9LjXFLp") retry_cnt=0
2026-05-20T11:12:07.703361Z ERROR iota_benchmark: Transaction failed with err: FailToConfirmTransactionStatus(Digest("HhmkFSad6AoqcrXNhJUokrkTGQdiZd9F9CvwyyBfZsUW"), 61) tx_digest=Digest("HhmkFSad6AoqcrXNhJUokrkTGQdiZd9F9CvwyyBfZsUW") retry_cnt=0
2026-05-20T11:12:07.703461Z ERROR iota_benchmark: Transaction failed with err: FailToConfirmTransactionStatus(Digest("7wonjAAZ1JvMNWNL8zyfg37VCbVFsCeBkhT47EWDnQzw"), 61) tx_digest=Digest("7wonjAAZ1JvMNWNL8zyfg37VCbVFsCeBkhT47EWDnQzw") retry_cnt=0
2026-05-20T11:12:07.703526Z ERROR iota_benchmark: Transaction failed with err: FailToConfirmTransactionStatus(Digest("HN6zvi19HuHn3Yzn35f8j9MRk4A6CYLcRnetaH4EcjNx"), 61) tx_digest=Digest("HN6zvi19HuHn3Yzn35f8j9MRk4A6CYLcRnetaH4EcjNx") retry_cnt=0
2026-05-20T11:12:07.703643Z ERROR iota_benchmark: Transaction failed with err: FailToConfirmTransactionStatus(Digest("5USRdmTqbWCpBJ21EqZ2rmw9y2EqTWA6MGkqUoeUkTKX"), 61) tx_digest=Digest("5USRdmTqbWCpBJ21EqZ2rmw9y2EqTWA6MGkqUoeUkTKX") retry_cnt=0
2026-05-20T11:12:07.703754Z ERROR iota_benchmark: Transaction failed with err: FailToConfirmTransactionStatus(Digest("EWxGKq52PqA27vv55tLrTNf7qMELpYZRHHat4A9ZPJ7V"), 61) tx_digest=Digest("EWxGKq52PqA27vv55tLrTNf7qMELpYZRHHat4A9ZPJ7V") retry_cnt=0
2026-05-20T11:12:07.703778Z ERROR iota_benchmark: Transaction failed with err: FailToConfirmTransactionStatus(Digest("5GjeUu1Zn9fAyuL67nkfRVXDzm8p5UabRmxqabA35g7K"), 61) tx_digest=Digest("5GjeUu1Zn9fAyuL67nkfRVXDzm8p5UabRmxqabA35g7K") retry_cnt=0
2026-05-20T11:12:07.703832Z ERROR iota_benchmark: Transaction failed with err: FailToConfirmTransactionStatus(Digest("2QFgG6xMVFLidqb39MAemwosft2xMAA9rcGtRC4jmsoV"), 61) tx_digest=Digest("2QFgG6xMVFLidqb39MAemwosft2xMAA9rcGtRC4jmsoV") retry_cnt=0
2026-05-20T11:12:07.703899Z ERROR iota_benchmark: Transaction failed with err: FailToConfirmTransactionStatus(Digest("B8GjrQaAQr71q4mZUAWNjvhSx1cbjNWHLGHYwWude43V"), 61) tx_digest=Digest("B8GjrQaAQr71q4mZUAWNjvhSx1cbjNWHLGHYwWude43V") retry_cnt=0
2026-05-20T11:12:07.708674Z ERROR iota_benchmark: Transaction failed with err: FailToConfirmTransactionStatus(Digest("VQe5qWkt8Cm9Mr4241j1ASM447FjHW6tJNTsFZb248i"), 61) tx_digest=Digest("VQe5qWkt8Cm9Mr4241j1ASM447FjHW6tJNTsFZb248i") retry_cnt=0
2026-05-20T11:12:07.725081Z ERROR iota_benchmark: Transaction failed with err: FailToConfirmTransactionStatus(Digest("GaNMY1nLuy3kASXGB4xpMvoYpdgirzGPpa7yvfPVxHp"), 61) tx_digest=Digest("GaNMY1nLuy3kASXGB4xpMvoYpdgirzGPpa7yvfPVxHp") retry_cnt=0
2026-05-20T11:12:07.725121Z ERROR iota_benchmark: Transaction failed with err: FailToConfirmTransactionStatus(Digest("HC63pebzhh4TzWFhG387vpX1GMHgEEq8XRZYuQMHgHmK"), 61) tx_digest=Digest("HC63pebzhh4TzWFhG387vpX1GMHgEEq8XRZYuQMHgHmK") retry_cnt=0
2026-05-20T11:12:07.725142Z ERROR iota_benchmark: Transaction failed with err: FailToConfirmTransactionStatus(Digest("6kK5ifJ3yNDBbgRxLrpdyCj91f5oMRZyBV2KCA8nMYfW"), 61) tx_digest=Digest("6kK5ifJ3yNDBbgRxLrpdyCj91f5oMRZyBV2KCA8nMYfW") retry_cnt=0
2026-05-20T11:12:07.739257Z ERROR iota_benchmark: Transaction failed with err: FailToConfirmTransactionStatus(Digest("8hujkNCEm4tj7NgqFnVCDBSQaT4pjCo2SCiMgLjtFvja"), 61) tx_digest=Digest("8hujkNCEm4tj7NgqFnVCDBSQaT4pjCo2SCiMgLjtFvja") retry_cnt=0
2026-05-20T11:12:07.746569Z ERROR iota_benchmark: Transaction failed with err: FailToConfirmTransactionStatus(Digest("DYiYo7wwh8F2Kh3n4HxMVLFHqoLKMqvpMQUVYsMAvvKQ"), 61) tx_digest=Digest("DYiYo7wwh8F2Kh3n4HxMVLFHqoLKMqvpMQUVYsMAvvKQ") retry_cnt=0
2026-05-20T11:12:07.746562Z ERROR iota_benchmark: Transaction failed with err: FailToConfirmTransactionStatus(Digest("6EFT3D755D2xSJnHf5EUntNj3AGw6b6EjZzfyJ46DY3w"), 61) tx_digest=Digest("6EFT3D755D2xSJnHf5EUntNj3AGw6b6EjZzfyJ46DY3w") retry_cnt=0
2026-05-20T11:12:07.746563Z ERROR iota_benchmark: Transaction failed with err: FailToConfirmTransactionStatus(Digest("G7BAgGEPeg5kLiNvRzqmVMwfR8KAC4tkjWJz3AasZJSy"), 61) tx_digest=Digest("G7BAgGEPeg5kLiNvRzqmVMwfR8KAC4tkjWJz3AasZJSy") retry_cnt=0
2026-05-20T11:12:07.746604Z ERROR iota_benchmark: Transaction failed with err: FailToConfirmTransactionStatus(Digest("3osjFMLisHMDnMFoyGVyajGoWGHo1inzaigSBbDgxvd7"), 61) tx_digest=Digest("3osjFMLisHMDnMFoyGVyajGoWGHo1inzaigSBbDgxvd7") retry_cnt=0
2026-05-20T11:12:07.746795Z ERROR iota_benchmark: Transaction failed with err: FailToConfirmTransactionStatus(Digest("9kGV4qn64CG3xyt3wgrxnsDQjuWkBNWr6f72FysZ32Z7"), 61) tx_digest=Digest("9kGV4qn64CG3xyt3wgrxnsDQjuWkBNWr6f72FysZ32Z7") retry_cnt=0
2026-05-20T11:12:07.746854Z ERROR iota_benchmark: Transaction failed with err: FailToConfirmTransactionStatus(Digest("4fLET2oyvRArYVmJ2RCKtKqTFsH55ijX2Zz2gGZgF3Sp"), 61) tx_digest=Digest("4fLET2oyvRArYVmJ2RCKtKqTFsH55ijX2Zz2gGZgF3Sp") retry_cnt=0
2026-05-20T11:12:07.747009Z ERROR iota_benchmark: Transaction failed with err: FailToConfirmTransactionStatus(Digest("EpYFjrMYZqKvs59v7U1pz6AmBQfGjF7ukrCCC6mSdzrN"), 61) tx_digest=Digest("EpYFjrMYZqKvs59v7U1pz6AmBQfGjF7ukrCCC6mSdzrN") retry_cnt=0
2026-05-20T11:12:07.747045Z ERROR iota_benchmark: Transaction failed with err: FailToConfirmTransactionStatus(Digest("9T5oJ8tw6nm11FGEAKZ8itV2PXfGhbuXBWReidTswy8k"), 61) tx_digest=Digest("9T5oJ8tw6nm11FGEAKZ8itV2PXfGhbuXBWReidTswy8k") retry_cnt=0
2026-05-20T11:12:07.747147Z ERROR iota_benchmark: Transaction failed with err: FailToConfirmTransactionStatus(Digest("EZAjVRqcDLzBEpb5AKA7kfLwzJqEVzSewSbAhob5jBdr"), 61) tx_digest=Digest("EZAjVRqcDLzBEpb5AKA7kfLwzJqEVzSewSbAhob5jBdr") retry_cnt=0
2026-05-20T11:12:07.747313Z ERROR iota_benchmark: Transaction failed with err: FailToConfirmTransactionStatus(Digest("HEFRJxN38qm2ouXAcCCaCJ7qutuCPJYHTRYdepKLumg4"), 61) tx_digest=Digest("HEFRJxN38qm2ouXAcCCaCJ7qutuCPJYHTRYdepKLumg4") retry_cnt=0
2026-05-20T11:12:07.746893Z ERROR iota_benchmark: Transaction failed with err: FailToConfirmTransactionStatus(Digest("cGywGSPUeuFmfoGmL8DkZvgTXWTGdidXMB4DJiXCzeT"), 61) tx_digest=Digest("cGywGSPUeuFmfoGmL8DkZvgTXWTGdidXMB4DJiXCzeT") retry_cnt=0
2026-05-20T11:12:07.752441Z ERROR iota_benchmark: Transaction failed with err: FailToConfirmTransactionStatus(Digest("5nm1xiTbL9UKmxMouZbha7jKcjkSF2BA2Sh2cgtFY2ET"), 61) tx_digest=Digest("5nm1xiTbL9UKmxMouZbha7jKcjkSF2BA2Sh2cgtFY2ET") retry_cnt=0
2026-05-20T11:12:07.752455Z ERROR iota_benchmark: Transaction failed with err: FailToConfirmTransactionStatus(Digest("D7Hqxq3tfmFa5i5UZFV2ZdCyiDxpuz733GyXP5ysgTkJ"), 61) tx_digest=Digest("D7Hqxq3tfmFa5i5UZFV2ZdCyiDxpuz733GyXP5ysgTkJ") retry_cnt=0
2026-05-20T11:12:07.753068Z ERROR iota_benchmark: Transaction failed with err: FailToConfirmTransactionStatus(Digest("J5yoA4vgMSXwHGk2D5rMg15MQFMG34JAuaMJNzLTo7b"), 61) tx_digest=Digest("J5yoA4vgMSXwHGk2D5rMg15MQFMG34JAuaMJNzLTo7b") retry_cnt=0
2026-05-20T11:12:07.759007Z ERROR iota_benchmark: Transaction failed with err: FailToConfirmTransactionStatus(Digest("D4JraF8EWVPggphFbze41WAxUxsZsqhLGc7CTu8iab1f"), 61) tx_digest=Digest("D4JraF8EWVPggphFbze41WAxUxsZsqhLGc7CTu8iab1f") retry_cnt=0
2026-05-20T11:12:07.759007Z ERROR iota_benchmark: Transaction failed with err: FailToConfirmTransactionStatus(Digest("7H1zMSLMx7JpnFmTYVULuPNZfeRgN4s43cFfP9xcxfbV"), 61) tx_digest=Digest("7H1zMSLMx7JpnFmTYVULuPNZfeRgN4s43cFfP9xcxfbV") retry_cnt=0
2026-05-20T11:12:07.759283Z ERROR iota_benchmark: Transaction failed with err: FailToConfirmTransactionStatus(Digest("4XKuipmnrvAKsdgAMAxZXcUvJYfH9p2EmowJA32hpB1d"), 61) tx_digest=Digest("4XKuipmnrvAKsdgAMAxZXcUvJYfH9p2EmowJA32hpB1d") retry_cnt=0
2026-05-20T11:12:07.759370Z ERROR iota_benchmark: Transaction failed with err: FailToConfirmTransactionStatus(Digest("Gvoo2X9fC8NQF5LRRU82HcNb3iRRGyJTXEzhKysFUcDw"), 61) tx_digest=Digest("Gvoo2X9fC8NQF5LRRU82HcNb3iRRGyJTXEzhKysFUcDw") retry_cnt=0
2026-05-20T11:12:07.759401Z ERROR iota_benchmark: Transaction failed with err: FailToConfirmTransactionStatus(Digest("DpEaNMoKAeyfrzfTfMuY9gCikhaXCT6iuqNLdNL7Nkqb"), 61) tx_digest=Digest("DpEaNMoKAeyfrzfTfMuY9gCikhaXCT6iuqNLdNL7Nkqb") retry_cnt=0
2026-05-20T11:12:07.760765Z ERROR iota_benchmark: Transaction failed with err: FailToConfirmTransactionStatus(Digest("CfFs2EiernohDKcVJGov7PZ5r1HuMHzp36cDCzTTYHpb"), 61) tx_digest=Digest("CfFs2EiernohDKcVJGov7PZ5r1HuMHzp36cDCzTTYHpb") retry_cnt=0
2026-05-20T11:12:07.760771Z ERROR iota_benchmark: Transaction failed with err: FailToConfirmTransactionStatus(Digest("BudKHMHDwJe4y9Sv3d8Ct84kVX5TpSguTL6JqvU5MXUR"), 61) tx_digest=Digest("BudKHMHDwJe4y9Sv3d8Ct84kVX5TpSguTL6JqvU5MXUR") retry_cnt=0
2026-05-20T11:12:07.760781Z ERROR iota_benchmark: Transaction failed with err: FailToConfirmTransactionStatus(Digest("2pu1uwwvEGwZoQXsPhqEanJsDqtrnv8o5AoK2g6pqU9h"), 61) tx_digest=Digest("2pu1uwwvEGwZoQXsPhqEanJsDqtrnv8o5AoK2g6pqU9h") retry_cnt=0
2026-05-20T11:12:07.760813Z ERROR iota_benchmark: Transaction failed with err: FailToConfirmTransactionStatus(Digest("89tyYSKf4XScdqMSxpXufe4UTt4FbMX7nQtL114w58KD"), 61) tx_digest=Digest("89tyYSKf4XScdqMSxpXufe4UTt4FbMX7nQtL114w58KD") retry_cnt=0
2026-05-20T11:12:07.760938Z ERROR iota_benchmark: Transaction failed with err: FailToConfirmTransactionStatus(Digest("9DCuQyrWTcbzWdvbR1tqWvKtfQnu5fdkeR3q4QdrjApY"), 61) tx_digest=Digest("9DCuQyrWTcbzWdvbR1tqWvKtfQnu5fdkeR3q4QdrjApY") retry_cnt=0
2026-05-20T11:12:07.760939Z ERROR iota_benchmark: Transaction failed with err: FailToConfirmTransactionStatus(Digest("4jbKThnJMcvLyYF9qgahkA9XzAaGCks31mbv84H7nkKh"), 61) tx_digest=Digest("4jbKThnJMcvLyYF9qgahkA9XzAaGCks31mbv84H7nkKh") retry_cnt=0
2026-05-20T11:12:07.761007Z ERROR iota_benchmark: Transaction failed with err: FailToConfirmTransactionStatus(Digest("C2ZdYBqmhQibg6K5RFdqrHBR53aH9wYkkvPRLap7LNpy"), 61) tx_digest=Digest("C2ZdYBqmhQibg6K5RFdqrHBR53aH9wYkkvPRLap7LNpy") retry_cnt=0
2026-05-20T11:12:07.761166Z ERROR iota_benchmark: Transaction failed with err: FailToConfirmTransactionStatus(Digest("GgHKEA8mko61x63dGr6j61r22EoUzmeg86r2jofjjrcg"), 61) tx_digest=Digest("GgHKEA8mko61x63dGr6j61r22EoUzmeg86r2jofjjrcg") retry_cnt=0
2026-05-20T11:12:07.761239Z ERROR iota_benchmark: Transaction failed with err: FailToConfirmTransactionStatus(Digest("BAcw4LkhR8SfkbG8cR865Y78jAiLsCVuiWCWvdHsdcCa"), 61) tx_digest=Digest("BAcw4LkhR8SfkbG8cR865Y78jAiLsCVuiWCWvdHsdcCa") retry_cnt=0
2026-05-20T11:12:07.761252Z ERROR iota_benchmark: Transaction failed with err: FailToConfirmTransactionStatus(Digest("H5Z4yqDMMHe4odRX38m4mAAGrJpFMQjPST4WyKzMCKLP"), 61) tx_digest=Digest("H5Z4yqDMMHe4odRX38m4mAAGrJpFMQjPST4WyKzMCKLP") retry_cnt=0
2026-05-20T11:12:07.761305Z ERROR iota_benchmark: Transaction failed with err: FailToConfirmTransactionStatus(Digest("EWTvU9iiYfuBwUHnrqsvvsV7o36w7424pmKrSC19coAp"), 61) tx_digest=Digest("EWTvU9iiYfuBwUHnrqsvvsV7o36w7424pmKrSC19coAp") retry_cnt=0
2026-05-20T11:12:07.761321Z ERROR iota_benchmark: Transaction failed with err: FailToConfirmTransactionStatus(Digest("9meSA2tdx4fU3j7E74y7WM31QQATpJAViL4vogqgLM5Z"), 61) tx_digest=Digest("9meSA2tdx4fU3j7E74y7WM31QQATpJAViL4vogqgLM5Z") retry_cnt=0
2026-05-20T11:12:07.761331Z ERROR iota_benchmark: Transaction failed with err: FailToConfirmTransactionStatus(Digest("7eHWxd5RxabvhEejJtdrC4bsHSV1jEBpct84bQ6jeQzB"), 61) tx_digest=Digest("7eHWxd5RxabvhEejJtdrC4bsHSV1jEBpct84bQ6jeQzB") retry_cnt=0
2026-05-20T11:12:07.761460Z ERROR iota_benchmark: Transaction failed with err: FailToConfirmTransactionStatus(Digest("DvdpWPLoR1vxaw2wACtn41RA7vXp99MqyYufxwAfMWEb"), 61) tx_digest=Digest("DvdpWPLoR1vxaw2wACtn41RA7vXp99MqyYufxwAfMWEb") retry_cnt=0
2026-05-20T11:12:07.761538Z ERROR iota_benchmark: Transaction failed with err: FailToConfirmTransactionStatus(Digest("DkobtBLs6YffkTbUs6xnLiiYZ6GAGUtMEA1sWbDha7LL"), 61) tx_digest=Digest("DkobtBLs6YffkTbUs6xnLiiYZ6GAGUtMEA1sWbDha7LL") retry_cnt=0
2026-05-20T11:12:07.761647Z ERROR iota_benchmark: Transaction failed with err: FailToConfirmTransactionStatus(Digest("3KNPCPr65JTSte97EmX38k9sVwuRUXQywbYAC1faGoEP"), 61) tx_digest=Digest("3KNPCPr65JTSte97EmX38k9sVwuRUXQywbYAC1faGoEP") retry_cnt=0
2026-05-20T11:12:07.761662Z ERROR iota_benchmark: Transaction failed with err: FailToConfirmTransactionStatus(Digest("CAm5tRJpSfvGS8B1nqEK3LCGNAmKvrdU8JS5ek6e9KTi"), 61) tx_digest=Digest("CAm5tRJpSfvGS8B1nqEK3LCGNAmKvrdU8JS5ek6e9KTi") retry_cnt=0
2026-05-20T11:12:07.761856Z ERROR iota_benchmark: Transaction failed with err: FailToConfirmTransactionStatus(Digest("7MQjD6Dpj2EE93akyZkbU5jsfk4DgbTd1EumY5TtLsTT"), 61) tx_digest=Digest("7MQjD6Dpj2EE93akyZkbU5jsfk4DgbTd1EumY5TtLsTT") retry_cnt=0
2026-05-20T11:12:07.761912Z ERROR iota_benchmark: Transaction failed with err: FailToConfirmTransactionStatus(Digest("jk25qraRqv2ktFpUW2Bq89F6Aib61hKaXiZMCALWD4u"), 61) tx_digest=Digest("jk25qraRqv2ktFpUW2Bq89F6Aib61hKaXiZMCALWD4u") retry_cnt=0
2026-05-20T11:12:07.761922Z ERROR iota_benchmark: Transaction failed with err: FailToConfirmTransactionStatus(Digest("6adxjzVUXaddPXS1nYh48H1iAJTN7gggz5TcN48HWLkB"), 61) tx_digest=Digest("6adxjzVUXaddPXS1nYh48H1iAJTN7gggz5TcN48HWLkB") retry_cnt=0
2026-05-20T11:12:07.761984Z ERROR iota_benchmark: Transaction failed with err: FailToConfirmTransactionStatus(Digest("6SVUUpc4pMeRTv3ZpgwxT4yKMURizEXAvJLi3QfiXRBv"), 61) tx_digest=Digest("6SVUUpc4pMeRTv3ZpgwxT4yKMURizEXAvJLi3QfiXRBv") retry_cnt=0
2026-05-20T11:12:07.762041Z ERROR iota_benchmark: Transaction failed with err: FailToConfirmTransactionStatus(Digest("6Dndd7g6b5LPfYaTKfrMzXW3PPoeJfp5AJHrY7eojaTd"), 61) tx_digest=Digest("6Dndd7g6b5LPfYaTKfrMzXW3PPoeJfp5AJHrY7eojaTd") retry_cnt=0
2026-05-20T11:12:07.762095Z ERROR iota_benchmark: Transaction failed with err: FailToConfirmTransactionStatus(Digest("DRUJPGhwqBxe5f2uzeXLU6r5gF6bsXgNN9VK6imxEN6Q"), 61) tx_digest=Digest("DRUJPGhwqBxe5f2uzeXLU6r5gF6bsXgNN9VK6imxEN6Q") retry_cnt=0
2026-05-20T11:12:07.762104Z ERROR iota_benchmark: Transaction failed with err: FailToConfirmTransactionStatus(Digest("C51wrh5y3bdn9tK2Xm3e2Api2hsKypPh66R7jwYPDy7g"), 61) tx_digest=Digest("C51wrh5y3bdn9tK2Xm3e2Api2hsKypPh66R7jwYPDy7g") retry_cnt=0
2026-05-20T11:12:07.762238Z ERROR iota_benchmark: Transaction failed with err: FailToConfirmTransactionStatus(Digest("GybYdm4yfKYHHkhKYK63TD3FYEEpF8r24RVnTpY2uPq5"), 61) tx_digest=Digest("GybYdm4yfKYHHkhKYK63TD3FYEEpF8r24RVnTpY2uPq5") retry_cnt=0
2026-05-20T11:12:07.762497Z ERROR iota_benchmark: Transaction failed with err: FailToConfirmTransactionStatus(Digest("33RjTLjCH95bRjqTD8vLDZUszCFiHZnnwfyeuGHx97zT"), 61) tx_digest=Digest("33RjTLjCH95bRjqTD8vLDZUszCFiHZnnwfyeuGHx97zT") retry_cnt=0
2026-05-20T11:12:07.762564Z ERROR iota_benchmark: Transaction failed with err: FailToConfirmTransactionStatus(Digest("7JFuvfpQLxb1EkjoBJMrbp9UfeEztrAFeXvSvu33wTjp"), 61) tx_digest=Digest("7JFuvfpQLxb1EkjoBJMrbp9UfeEztrAFeXvSvu33wTjp") retry_cnt=0
2026-05-20T11:12:07.762605Z ERROR iota_benchmark: Transaction failed with err: FailToConfirmTransactionStatus(Digest("EBND1B2ByycxmkvokmeJe45hHoG4Sf91RAmi1E63hVxh"), 61) tx_digest=Digest("EBND1B2ByycxmkvokmeJe45hHoG4Sf91RAmi1E63hVxh") retry_cnt=0
2026-05-20T11:12:07.762695Z ERROR iota_benchmark: Transaction failed with err: FailToConfirmTransactionStatus(Digest("82CqQPqRXhuaAvxxCbe5yKU2WnTkJwvQH3xbzBhPpNTw"), 61) tx_digest=Digest("82CqQPqRXhuaAvxxCbe5yKU2WnTkJwvQH3xbzBhPpNTw") retry_cnt=0
2026-05-20T11:12:07.762977Z ERROR iota_benchmark: Transaction failed with err: FailToConfirmTransactionStatus(Digest("DAiS2uDn3NAsqMDz7Qa9SLptmGErozCfcHh57yZbXVx9"), 61) tx_digest=Digest("DAiS2uDn3NAsqMDz7Qa9SLptmGErozCfcHh57yZbXVx9") retry_cnt=0
2026-05-20T11:12:07.763088Z ERROR iota_benchmark: Transaction failed with err: FailToConfirmTransactionStatus(Digest("3DUtkT4FvB3mgRKRsfLidtM7LuU6aGbmYkJNJAyK8BgT"), 61) tx_digest=Digest("3DUtkT4FvB3mgRKRsfLidtM7LuU6aGbmYkJNJAyK8BgT") retry_cnt=0
2026-05-20T11:12:07.763132Z ERROR iota_benchmark: Transaction failed with err: FailToConfirmTransactionStatus(Digest("Bo6xEoPdVTTeK8kU8UVm4KwcWMZgh2q1h3CDgZdax2Tr"), 61) tx_digest=Digest("Bo6xEoPdVTTeK8kU8UVm4KwcWMZgh2q1h3CDgZdax2Tr") retry_cnt=0
2026-05-20T11:12:07.763136Z ERROR iota_benchmark: Transaction failed with err: FailToConfirmTransactionStatus(Digest("6p7JehMEAThYDwL7w3gcVePWj4YDKTaanwVC5zUTCQm7"), 61) tx_digest=Digest("6p7JehMEAThYDwL7w3gcVePWj4YDKTaanwVC5zUTCQm7") retry_cnt=0
2026-05-20T11:12:07.763151Z ERROR iota_benchmark: Transaction failed with err: FailToConfirmTransactionStatus(Digest("EostSNunNC5Zwx8mSqRHFjJ4tLT1ujDm1o5JUUqEjbwV"), 61) tx_digest=Digest("EostSNunNC5Zwx8mSqRHFjJ4tLT1ujDm1o5JUUqEjbwV") retry_cnt=0
2026-05-20T11:12:07.763210Z ERROR iota_benchmark: Transaction failed with err: FailToConfirmTransactionStatus(Digest("DmWPXi1JpE6yRnGK1tKz1azzNhr3ZJ2iP6MYvMScwEjq"), 61) tx_digest=Digest("DmWPXi1JpE6yRnGK1tKz1azzNhr3ZJ2iP6MYvMScwEjq") retry_cnt=0
2026-05-20T11:12:07.764593Z ERROR iota_benchmark: Transaction failed with err: FailToConfirmTransactionStatus(Digest("6kh8EvnGLQAu1JPUiqp3EmBLMN1ceZJ7MwUn4BVs8QuH"), 61) tx_digest=Digest("6kh8EvnGLQAu1JPUiqp3EmBLMN1ceZJ7MwUn4BVs8QuH") retry_cnt=0
2026-05-20T11:12:07.764599Z ERROR iota_benchmark: Transaction failed with err: FailToConfirmTransactionStatus(Digest("FbFYuCrFRMTmauzzP4foCwYqECNSw4FD3P2VDnw2JV1d"), 61) tx_digest=Digest("FbFYuCrFRMTmauzzP4foCwYqECNSw4FD3P2VDnw2JV1d") retry_cnt=0
2026-05-20T11:12:07.764608Z ERROR iota_benchmark: Transaction failed with err: FailToConfirmTransactionStatus(Digest("E6w2PbB97HyAWBH3hVMUhe2uR3Eb4feoiPjFkt1aZied"), 61) tx_digest=Digest("E6w2PbB97HyAWBH3hVMUhe2uR3Eb4feoiPjFkt1aZied") retry_cnt=0
2026-05-20T11:12:07.764627Z ERROR iota_benchmark: Transaction failed with err: FailToConfirmTransactionStatus(Digest("5TMjjgpT76eY4ccv58Qcjj22VSbhKyVwApsp9Hvq9ve5"), 61) tx_digest=Digest("5TMjjgpT76eY4ccv58Qcjj22VSbhKyVwApsp9Hvq9ve5") retry_cnt=0
2026-05-20T11:12:07.764745Z ERROR iota_benchmark: Transaction failed with err: FailToConfirmTransactionStatus(Digest("6SzUHS1919YvPxjWDn7Dpq1fKWTbyqwyYsMMsTyzUzaR"), 61) tx_digest=Digest("6SzUHS1919YvPxjWDn7Dpq1fKWTbyqwyYsMMsTyzUzaR") retry_cnt=0
2026-05-20T11:12:07.766095Z ERROR iota_benchmark: Transaction failed with err: FailToConfirmTransactionStatus(Digest("7TmXTGHa3qAkZCBDWjUyFMUpcf3pgfELFbruPkLapRFL"), 61) tx_digest=Digest("7TmXTGHa3qAkZCBDWjUyFMUpcf3pgfELFbruPkLapRFL") retry_cnt=0
2026-05-20T11:12:07.766118Z ERROR iota_benchmark: Transaction failed with err: FailToConfirmTransactionStatus(Digest("6h9W3J6H6P3iePaHTxRzNrXY85FKNt34FaEVH2GKvK8X"), 61) tx_digest=Digest("6h9W3J6H6P3iePaHTxRzNrXY85FKNt34FaEVH2GKvK8X") retry_cnt=0
2026-05-20T11:12:07.766124Z ERROR iota_benchmark: Transaction failed with err: FailToConfirmTransactionStatus(Digest("H8DapykwfichtiLv9qop4VZh8YwKxy1SuJBrrXHDaQf7"), 61) tx_digest=Digest("H8DapykwfichtiLv9qop4VZh8YwKxy1SuJBrrXHDaQf7") retry_cnt=0
2026-05-20T11:12:07.766140Z ERROR iota_benchmark: Transaction failed with err: FailToConfirmTransactionStatus(Digest("7gNRVbwJPWnMGQx2foZUVz4ezZJTyRt1rkQwQxwjtc7Y"), 61) tx_digest=Digest("7gNRVbwJPWnMGQx2foZUVz4ezZJTyRt1rkQwQxwjtc7Y") retry_cnt=0
2026-05-20T11:12:07.766317Z ERROR iota_benchmark: Transaction failed with err: FailToConfirmTransactionStatus(Digest("HsMVt2YWT7JkX7hL4UGpTfqLQJKkHZ3A2aKcKLh3G5Zk"), 61) tx_digest=Digest("HsMVt2YWT7JkX7hL4UGpTfqLQJKkHZ3A2aKcKLh3G5Zk") retry_cnt=0
2026-05-20T11:12:07.766394Z ERROR iota_benchmark: Transaction failed with err: FailToConfirmTransactionStatus(Digest("9SnY1hDE21oVqbrgT3RTNW53yGxzHTq8Adsi1ci8ZgBU"), 61) tx_digest=Digest("9SnY1hDE21oVqbrgT3RTNW53yGxzHTq8Adsi1ci8ZgBU") retry_cnt=0
2026-05-20T11:12:07.767823Z ERROR iota_benchmark: Transaction failed with err: FailToConfirmTransactionStatus(Digest("4TQrfJWmsZeJ1vCP78f1vSRWGJMoo35USH3Qif29yfYA"), 61) tx_digest=Digest("4TQrfJWmsZeJ1vCP78f1vSRWGJMoo35USH3Qif29yfYA") retry_cnt=0
2026-05-20T11:12:07.767831Z ERROR iota_benchmark: Transaction failed with err: FailToConfirmTransactionStatus(Digest("DsqACgVysD7yQ8ApELmgmzra7dSixaSuVNexQULM3d9K"), 61) tx_digest=Digest("DsqACgVysD7yQ8ApELmgmzra7dSixaSuVNexQULM3d9K") retry_cnt=0
2026-05-20T11:12:07.767839Z ERROR iota_benchmark: Transaction failed with err: FailToConfirmTransactionStatus(Digest("FHC18AkMJU36Ls47JqcrLqBDJTRwzgM7zYCf7F7v96xi"), 61) tx_digest=Digest("FHC18AkMJU36Ls47JqcrLqBDJTRwzgM7zYCf7F7v96xi") retry_cnt=0
2026-05-20T11:12:07.767845Z ERROR iota_benchmark: Transaction failed with err: FailToConfirmTransactionStatus(Digest("7663BypBFktc7LwAzMuH37RMNds6vZvMT7W8zR6qw7sG"), 61) tx_digest=Digest("7663BypBFktc7LwAzMuH37RMNds6vZvMT7W8zR6qw7sG") retry_cnt=0
2026-05-20T11:12:07.768086Z ERROR iota_benchmark: Transaction failed with err: FailToConfirmTransactionStatus(Digest("EesurusToQuRPU6k8ZhSFQ9NtLKA4tw9ojvVKcSBwvrm"), 61) tx_digest=Digest("EesurusToQuRPU6k8ZhSFQ9NtLKA4tw9ojvVKcSBwvrm") retry_cnt=0
2026-05-20T11:12:07.768086Z ERROR iota_benchmark: Transaction failed with err: FailToConfirmTransactionStatus(Digest("8rp3YVLf3SFLNTGACKxviPWPH1oQzPqcyPyjfedzD4dE"), 61) tx_digest=Digest("8rp3YVLf3SFLNTGACKxviPWPH1oQzPqcyPyjfedzD4dE") retry_cnt=0
2026-05-20T11:12:07.768110Z ERROR iota_benchmark: Transaction failed with err: FailToConfirmTransactionStatus(Digest("HXtooDf4oSJFMDP2jXJBZMqrh8hVMPNZZ5f2qGfx4vT4"), 61) tx_digest=Digest("HXtooDf4oSJFMDP2jXJBZMqrh8hVMPNZZ5f2qGfx4vT4") retry_cnt=0
2026-05-20T11:12:07.768241Z ERROR iota_benchmark: Transaction failed with err: FailToConfirmTransactionStatus(Digest("E8v1GRYevwF5tF2jmtAF3vGxuC2Jf1rE12rStgwSVZtr"), 61) tx_digest=Digest("E8v1GRYevwF5tF2jmtAF3vGxuC2Jf1rE12rStgwSVZtr") retry_cnt=0
2026-05-20T11:12:07.768242Z ERROR iota_benchmark: Transaction failed with err: FailToConfirmTransactionStatus(Digest("FX7DLYkmmbTVryu6bMooEcVDci91YqyqeUz4ZbPiWBhf"), 61) tx_digest=Digest("FX7DLYkmmbTVryu6bMooEcVDci91YqyqeUz4ZbPiWBhf") retry_cnt=0
2026-05-20T11:12:07.768288Z ERROR iota_benchmark: Transaction failed with err: FailToConfirmTransactionStatus(Digest("3bLEGFqqY5MK98DVSDkV6W7EHMFtEj9FLegiiZHqxfhd"), 61) tx_digest=Digest("3bLEGFqqY5MK98DVSDkV6W7EHMFtEj9FLegiiZHqxfhd") retry_cnt=0
2026-05-20T11:12:07.768308Z ERROR iota_benchmark: Transaction failed with err: FailToConfirmTransactionStatus(Digest("5oYgyivzTe4Qck8n6J2B62c2di9NEJYc2xokoCysaRM7"), 61) tx_digest=Digest("5oYgyivzTe4Qck8n6J2B62c2di9NEJYc2xokoCysaRM7") retry_cnt=0
2026-05-20T11:12:07.768322Z ERROR iota_benchmark: Transaction failed with err: FailToConfirmTransactionStatus(Digest("41ioQTmRQvSDd5eXimFURMQLHQ1jK8UMuruJub3yswVT"), 61) tx_digest=Digest("41ioQTmRQvSDd5eXimFURMQLHQ1jK8UMuruJub3yswVT") retry_cnt=0
2026-05-20T11:12:07.768351Z ERROR iota_benchmark: Transaction failed with err: FailToConfirmTransactionStatus(Digest("DnugzQYYCwHrWKXJSi51fbbKzaE1Xx5nyrVqHWVAyGHw"), 61) tx_digest=Digest("DnugzQYYCwHrWKXJSi51fbbKzaE1Xx5nyrVqHWVAyGHw") retry_cnt=0
2026-05-20T11:12:07.768388Z ERROR iota_benchmark: Transaction failed with err: FailToConfirmTransactionStatus(Digest("6tGyXWtosN5xo68vy7BPApnc4fXkj5h7T9dDVbtmJc9S"), 61) tx_digest=Digest("6tGyXWtosN5xo68vy7BPApnc4fXkj5h7T9dDVbtmJc9S") retry_cnt=0
2026-05-20T11:12:07.768393Z ERROR iota_benchmark: Transaction failed with err: FailToConfirmTransactionStatus(Digest("D3vbJux2jRZojna5haSkHoLR1aMF7djoUhkVkYxqKaQq"), 61) tx_digest=Digest("D3vbJux2jRZojna5haSkHoLR1aMF7djoUhkVkYxqKaQq") retry_cnt=0
2026-05-20T11:12:07.768415Z ERROR iota_benchmark: Transaction failed with err: FailToConfirmTransactionStatus(Digest("53BmGBA2k2MAJ1DSLiF3SjznTAdmbVyjxjW1pyqaVWuY"), 61) tx_digest=Digest("53BmGBA2k2MAJ1DSLiF3SjznTAdmbVyjxjW1pyqaVWuY") retry_cnt=0
2026-05-20T11:12:07.768837Z ERROR iota_benchmark: Transaction failed with err: FailToConfirmTransactionStatus(Digest("3TgszxGjok9qsEbu5S9Q5fUjaF2kzvKksnuSAY8XCNXQ"), 61) tx_digest=Digest("3TgszxGjok9qsEbu5S9Q5fUjaF2kzvKksnuSAY8XCNXQ") retry_cnt=0
2026-05-20T11:12:07.769074Z ERROR iota_benchmark: Transaction failed with err: FailToConfirmTransactionStatus(Digest("G3GQ9W4d3DvcEum5prPoDQSfnGmoSu35oDWeXRucBmLi"), 61) tx_digest=Digest("G3GQ9W4d3DvcEum5prPoDQSfnGmoSu35oDWeXRucBmLi") retry_cnt=0
2026-05-20T11:12:07.769079Z ERROR iota_benchmark: Transaction failed with err: FailToConfirmTransactionStatus(Digest("EWeqEx7v5AS7oG3gPpdZ3Rx9VKgmegn4wU2sifQedWo3"), 61) tx_digest=Digest("EWeqEx7v5AS7oG3gPpdZ3Rx9VKgmegn4wU2sifQedWo3") retry_cnt=0
2026-05-20T11:12:07.769155Z ERROR iota_benchmark: Transaction failed with err: FailToConfirmTransactionStatus(Digest("6e6aw69Zda4c5p2GBA76zzG5DLR1cffPz7jTzTKV6ixb"), 61) tx_digest=Digest("6e6aw69Zda4c5p2GBA76zzG5DLR1cffPz7jTzTKV6ixb") retry_cnt=0
2026-05-20T11:12:07.769293Z ERROR iota_benchmark: Transaction failed with err: FailToConfirmTransactionStatus(Digest("6zRBGiN7z1geLCWZTzPzpeDiqfyYPrDB7kDf6Vy2ixg6"), 61) tx_digest=Digest("6zRBGiN7z1geLCWZTzPzpeDiqfyYPrDB7kDf6Vy2ixg6") retry_cnt=0
2026-05-20T11:12:07.770592Z ERROR iota_benchmark: Transaction failed with err: FailToConfirmTransactionStatus(Digest("3rNGyXNfM7vj6yPoKk6fqQmeBUNn3Es7cGbVZBJAK4qc"), 61) tx_digest=Digest("3rNGyXNfM7vj6yPoKk6fqQmeBUNn3Es7cGbVZBJAK4qc") retry_cnt=0
2026-05-20T11:12:07.772013Z ERROR iota_benchmark: Transaction failed with err: FailToConfirmTransactionStatus(Digest("47BSr9pWTtpX5hUz8ZijcgV1sXBXpFv3cpgUUn7s5c8Q"), 61) tx_digest=Digest("47BSr9pWTtpX5hUz8ZijcgV1sXBXpFv3cpgUUn7s5c8Q") retry_cnt=0
2026-05-20T11:12:07.772017Z ERROR iota_benchmark: Transaction failed with err: FailToConfirmTransactionStatus(Digest("E6c36cZ5r9tVCoweDoTNsm5CdG2Gr2qSrtteRL81wcf2"), 61) tx_digest=Digest("E6c36cZ5r9tVCoweDoTNsm5CdG2Gr2qSrtteRL81wcf2") retry_cnt=0
2026-05-20T11:12:07.772027Z ERROR iota_benchmark: Transaction failed with err: FailToConfirmTransactionStatus(Digest("47C9FnTZLz6U43ZC5vL6viyKi3gHqnTsjoUT52pcCyCq"), 61) tx_digest=Digest("47C9FnTZLz6U43ZC5vL6viyKi3gHqnTsjoUT52pcCyCq") retry_cnt=0
2026-05-20T11:12:07.772034Z ERROR iota_benchmark: Transaction failed with err: FailToConfirmTransactionStatus(Digest("C1VpzLUngJdqZPPrsDtbDDx9jqKxhBpZa2DdjcyoXQkE"), 61) tx_digest=Digest("C1VpzLUngJdqZPPrsDtbDDx9jqKxhBpZa2DdjcyoXQkE") retry_cnt=0
2026-05-20T11:12:07.772183Z ERROR iota_benchmark: Transaction failed with err: FailToConfirmTransactionStatus(Digest("Ddrjvc7tZJhhgUVGdecappzUd6QEaWQcXUw4MR2yjSJf"), 61) tx_digest=Digest("Ddrjvc7tZJhhgUVGdecappzUd6QEaWQcXUw4MR2yjSJf") retry_cnt=0
2026-05-20T11:12:07.772233Z ERROR iota_benchmark: Transaction failed with err: FailToConfirmTransactionStatus(Digest("H5wdmTCaZSpt6U6eP6Sh1uAvpmzBeCbvKck4VenzWuWw"), 61) tx_digest=Digest("H5wdmTCaZSpt6U6eP6Sh1uAvpmzBeCbvKck4VenzWuWw") retry_cnt=0
2026-05-20T11:12:07.772291Z ERROR iota_benchmark: Transaction failed with err: FailToConfirmTransactionStatus(Digest("FofzcDuFrV6btJ7hdGvq4QsthxiztHqQG11rm7x9yquu"), 61) tx_digest=Digest("FofzcDuFrV6btJ7hdGvq4QsthxiztHqQG11rm7x9yquu") retry_cnt=0
2026-05-20T11:12:07.772317Z ERROR iota_benchmark: Transaction failed with err: FailToConfirmTransactionStatus(Digest("8WrqJeaPdoZcymtgmVaGQwJHDgMrYGs7ZFgyETxENCew"), 61) tx_digest=Digest("8WrqJeaPdoZcymtgmVaGQwJHDgMrYGs7ZFgyETxENCew") retry_cnt=0
2026-05-20T11:12:07.772359Z ERROR iota_benchmark: Transaction failed with err: FailToConfirmTransactionStatus(Digest("G4hEn3Ms354sUnqLmRyNnCRLLfrrYkp14EV6TLUdTwv4"), 61) tx_digest=Digest("G4hEn3Ms354sUnqLmRyNnCRLLfrrYkp14EV6TLUdTwv4") retry_cnt=0
2026-05-20T11:12:07.772376Z ERROR iota_benchmark: Transaction failed with err: FailToConfirmTransactionStatus(Digest("sAYH4FkerZwM725BANGZ5BATtJYd7P2nJ4X6WkjLaif"), 61) tx_digest=Digest("sAYH4FkerZwM725BANGZ5BATtJYd7P2nJ4X6WkjLaif") retry_cnt=0
2026-05-20T11:12:07.772473Z ERROR iota_benchmark: Transaction failed with err: FailToConfirmTransactionStatus(Digest("54V5maLhh8A7SjQ2BFZaiBn3jzGrA4jh1dUxZ8KUkSaC"), 61) tx_digest=Digest("54V5maLhh8A7SjQ2BFZaiBn3jzGrA4jh1dUxZ8KUkSaC") retry_cnt=0
2026-05-20T11:12:07.772537Z ERROR iota_benchmark: Transaction failed with err: FailToConfirmTransactionStatus(Digest("D8bFvuYwxwEkEywBXQ7v6mVc92UB7YBgaARjkmRdtnSa"), 61) tx_digest=Digest("D8bFvuYwxwEkEywBXQ7v6mVc92UB7YBgaARjkmRdtnSa") retry_cnt=0
2026-05-20T11:12:07.772735Z ERROR iota_benchmark: Transaction failed with err: FailToConfirmTransactionStatus(Digest("7feFQA2if3VA9r3xqkjNPUE2yjh7Phh3RhoD85DtUNx5"), 61) tx_digest=Digest("7feFQA2if3VA9r3xqkjNPUE2yjh7Phh3RhoD85DtUNx5") retry_cnt=0
2026-05-20T11:12:07.773146Z ERROR iota_benchmark: Transaction failed with err: FailToConfirmTransactionStatus(Digest("44vubT6rJM1cKhq76hzrQwFBGon5a6k44Mo39mbgGF4L"), 61) tx_digest=Digest("44vubT6rJM1cKhq76hzrQwFBGon5a6k44Mo39mbgGF4L") retry_cnt=0
2026-05-20T11:12:07.776926Z ERROR iota_benchmark: Transaction failed with err: FailToConfirmTransactionStatus(Digest("2vjecSqFV4N5YSqKVi2u9uGaUQMr1oJK42PDYU1E3DPB"), 61) tx_digest=Digest("2vjecSqFV4N5YSqKVi2u9uGaUQMr1oJK42PDYU1E3DPB") retry_cnt=0
2026-05-20T11:12:07.778456Z ERROR iota_benchmark: Transaction failed with err: FailToConfirmTransactionStatus(Digest("2v4Fw2djU4wrF6o6zY5qxGDNMgxhK3Aq5BRBMEnZKM2x"), 61) tx_digest=Digest("2v4Fw2djU4wrF6o6zY5qxGDNMgxhK3Aq5BRBMEnZKM2x") retry_cnt=0
2026-05-20T11:12:07.779826Z ERROR iota_benchmark: Transaction failed with err: FailToConfirmTransactionStatus(Digest("H2RQDV6iKpe2bb5kUR1VAaznHFLLcHGF68nbPGoPbdub"), 61) tx_digest=Digest("H2RQDV6iKpe2bb5kUR1VAaznHFLLcHGF68nbPGoPbdub") retry_cnt=0
2026-05-20T11:12:07.780071Z ERROR iota_benchmark: Transaction failed with err: FailToConfirmTransactionStatus(Digest("ArtREvqAaNJKKzZengAMtsqWJH9zPF1fLTxEfPKr8G1T"), 61) tx_digest=Digest("ArtREvqAaNJKKzZengAMtsqWJH9zPF1fLTxEfPKr8G1T") retry_cnt=0
2026-05-20T11:12:07.781348Z ERROR iota_benchmark: Transaction failed with err: FailToConfirmTransactionStatus(Digest("2jJ9PsM1ccCQ1MxhEuZYR5mM4xBqPiW8Wx2ToQCyGAdX"), 61) tx_digest=Digest("2jJ9PsM1ccCQ1MxhEuZYR5mM4xBqPiW8Wx2ToQCyGAdX") retry_cnt=0
2026-05-20T11:12:07.782825Z ERROR iota_benchmark: Transaction failed with err: FailToConfirmTransactionStatus(Digest("CSdeAWLSPtPESGjnjytL4L6YmFZMgAdbUwuTuPhAcvFM"), 61) tx_digest=Digest("CSdeAWLSPtPESGjnjytL4L6YmFZMgAdbUwuTuPhAcvFM") retry_cnt=0
2026-05-20T11:12:07.782865Z ERROR iota_benchmark: Transaction failed with err: FailToConfirmTransactionStatus(Digest("EJbP5MaJsyfS7yw2a2DZ9WXtToanHteeThHNKHwrwy13"), 61) tx_digest=Digest("EJbP5MaJsyfS7yw2a2DZ9WXtToanHteeThHNKHwrwy13") retry_cnt=0
2026-05-20T11:12:07.782876Z ERROR iota_benchmark: Transaction failed with err: FailToConfirmTransactionStatus(Digest("tSnFThcSgQ7ZCPpUU66QcxvCUnzzQmg8b5aoBqWgxkL"), 61) tx_digest=Digest("tSnFThcSgQ7ZCPpUU66QcxvCUnzzQmg8b5aoBqWgxkL") retry_cnt=0
2026-05-20T11:12:07.783034Z ERROR iota_benchmark: Transaction failed with err: FailToConfirmTransactionStatus(Digest("krfzwmEZwFFqAnDFuZP2JPp9GqfYVjF5A4oeW4knUvM"), 61) tx_digest=Digest("krfzwmEZwFFqAnDFuZP2JPp9GqfYVjF5A4oeW4knUvM") retry_cnt=0
2026-05-20T11:12:07.783151Z ERROR iota_benchmark: Transaction failed with err: FailToConfirmTransactionStatus(Digest("HnfhVwhUDYXqXubDQtppJvuEunpWRrP7kDhYSvSYggVV"), 61) tx_digest=Digest("HnfhVwhUDYXqXubDQtppJvuEunpWRrP7kDhYSvSYggVV") retry_cnt=0
2026-05-20T11:12:07.783232Z ERROR iota_benchmark: Transaction failed with err: FailToConfirmTransactionStatus(Digest("2T2J43jZA4SfVT3V8PcFXXGjpPVVwxVQM6roA2MZ9BjS"), 61) tx_digest=Digest("2T2J43jZA4SfVT3V8PcFXXGjpPVVwxVQM6roA2MZ9BjS") retry_cnt=0
2026-05-20T11:12:07.783275Z ERROR iota_benchmark: Transaction failed with err: FailToConfirmTransactionStatus(Digest("5WFbUWVx7dwPEF1XiAYUG6Uduq44x93hHRHjEjoKBk63"), 61) tx_digest=Digest("5WFbUWVx7dwPEF1XiAYUG6Uduq44x93hHRHjEjoKBk63") retry_cnt=0
2026-05-20T11:12:07.783311Z ERROR iota_benchmark: Transaction failed with err: FailToConfirmTransactionStatus(Digest("7Hkr3fseyrQ2sBCf1cqjukCaDDcA19C7GwPnDdf7tN8p"), 61) tx_digest=Digest("7Hkr3fseyrQ2sBCf1cqjukCaDDcA19C7GwPnDdf7tN8p") retry_cnt=0
2026-05-20T11:12:07.783475Z ERROR iota_benchmark: Transaction failed with err: FailToConfirmTransactionStatus(Digest("5WTSXs5m6ZdVghUz9bYNWUZeXpF7FLyoMH3CzhsRHGFN"), 61) tx_digest=Digest("5WTSXs5m6ZdVghUz9bYNWUZeXpF7FLyoMH3CzhsRHGFN") retry_cnt=0
2026-05-20T11:12:07.784826Z ERROR iota_benchmark: Transaction failed with err: FailToConfirmTransactionStatus(Digest("3SMBMTWszj4wuf9LNoAufYJ8Vwh7tJfGgrR5E9VbWfaN"), 61) tx_digest=Digest("3SMBMTWszj4wuf9LNoAufYJ8Vwh7tJfGgrR5E9VbWfaN") retry_cnt=0
2026-05-20T11:12:07.784830Z ERROR iota_benchmark: Transaction failed with err: FailToConfirmTransactionStatus(Digest("36g4cEe3Qn7FAsDZeCwXLPdHrv25NGFdrVAV8vkQ7hTW"), 61) tx_digest=Digest("36g4cEe3Qn7FAsDZeCwXLPdHrv25NGFdrVAV8vkQ7hTW") retry_cnt=0
2026-05-20T11:12:07.785116Z ERROR iota_benchmark: Transaction failed with err: FailToConfirmTransactionStatus(Digest("5LcQ4WcFkobo4ff1hRWVhvqqxzruYeh45hRfsXLcSPtF"), 61) tx_digest=Digest("5LcQ4WcFkobo4ff1hRWVhvqqxzruYeh45hRfsXLcSPtF") retry_cnt=0
2026-05-20T11:12:07.785115Z ERROR iota_benchmark: Transaction failed with err: FailToConfirmTransactionStatus(Digest("DVjw4SAASKX3YSD9f8Bbzf5xexLtJyukk8MhGAMJai4h"), 61) tx_digest=Digest("DVjw4SAASKX3YSD9f8Bbzf5xexLtJyukk8MhGAMJai4h") retry_cnt=0
2026-05-20T11:12:07.785194Z ERROR iota_benchmark: Transaction failed with err: FailToConfirmTransactionStatus(Digest("6F3pkjDdfmAs7ZEjL3omrK6ue91uYTwVtjEudRzpqPHm"), 61) tx_digest=Digest("6F3pkjDdfmAs7ZEjL3omrK6ue91uYTwVtjEudRzpqPHm") retry_cnt=0
2026-05-20T11:12:07.786477Z ERROR iota_benchmark: Transaction failed with err: FailToConfirmTransactionStatus(Digest("4a5qwzXJcKUpVNX9uAnDJ3gTat4bMv4M1EgQaFLr7gtX"), 61) tx_digest=Digest("4a5qwzXJcKUpVNX9uAnDJ3gTat4bMv4M1EgQaFLr7gtX") retry_cnt=0
2026-05-20T11:12:07.787876Z ERROR iota_benchmark: Transaction failed with err: FailToConfirmTransactionStatus(Digest("5XWQgb6NxqZQrY6UVRwCREERJgvS8xMEqNRNaUCFYzKu"), 61) tx_digest=Digest("5XWQgb6NxqZQrY6UVRwCREERJgvS8xMEqNRNaUCFYzKu") retry_cnt=0
2026-05-20T11:12:07.787878Z ERROR iota_benchmark: Transaction failed with err: FailToConfirmTransactionStatus(Digest("4v1zFZn8rzAyZBkYbsnwPvdR9v2zYZ6SyiYqqUHwfRHp"), 61) tx_digest=Digest("4v1zFZn8rzAyZBkYbsnwPvdR9v2zYZ6SyiYqqUHwfRHp") retry_cnt=0
2026-05-20T11:12:07.787901Z ERROR iota_benchmark: Transaction failed with err: FailToConfirmTransactionStatus(Digest("qg8uoVcSWnyFsYtdHtJeRBfdhFz4wjevQMZ5tBkwKfK"), 61) tx_digest=Digest("qg8uoVcSWnyFsYtdHtJeRBfdhFz4wjevQMZ5tBkwKfK") retry_cnt=0
2026-05-20T11:12:07.788148Z ERROR iota_benchmark: Transaction failed with err: FailToConfirmTransactionStatus(Digest("5Q8LD8sTsb55LhZvbyVfRVtczptwkTVYc4TPr4cm5kaX"), 61) tx_digest=Digest("5Q8LD8sTsb55LhZvbyVfRVtczptwkTVYc4TPr4cm5kaX") retry_cnt=0
2026-05-20T11:12:07.791830Z ERROR iota_benchmark: Transaction failed with err: FailToConfirmTransactionStatus(Digest("5YS7zrgZwD4DARAT2VYepj1LTP1JJRkExgJjvVzZuTHZ"), 61) tx_digest=Digest("5YS7zrgZwD4DARAT2VYepj1LTP1JJRkExgJjvVzZuTHZ") retry_cnt=0
2026-05-20T11:12:07.791871Z ERROR iota_benchmark: Transaction failed with err: FailToConfirmTransactionStatus(Digest("Gu4sugwRmCMhixaRxwyF9JKoahxPKt3HHSNMsrUEKkhU"), 61) tx_digest=Digest("Gu4sugwRmCMhixaRxwyF9JKoahxPKt3HHSNMsrUEKkhU") retry_cnt=0
2026-05-20T11:12:07.791891Z ERROR iota_benchmark: Transaction failed with err: FailToConfirmTransactionStatus(Digest("GUmbss6JjMRSCpv7gg9dFGGwZwo7PQXQqUMDCniTJTbP"), 61) tx_digest=Digest("GUmbss6JjMRSCpv7gg9dFGGwZwo7PQXQqUMDCniTJTbP") retry_cnt=0
2026-05-20T11:12:07.791931Z ERROR iota_benchmark: Transaction failed with err: FailToConfirmTransactionStatus(Digest("EaAtLoFFsweSzaehoezzr9dfHZ3Xx8WwcoWyA4ERvYDQ"), 61) tx_digest=Digest("EaAtLoFFsweSzaehoezzr9dfHZ3Xx8WwcoWyA4ERvYDQ") retry_cnt=0
2026-05-20T11:12:07.793385Z ERROR iota_benchmark: Transaction failed with err: FailToConfirmTransactionStatus(Digest("DuLbLheEkhauiNtbdBDSpsRgZDJkTFKEGr5amcXx7aVv"), 61) tx_digest=Digest("DuLbLheEkhauiNtbdBDSpsRgZDJkTFKEGr5amcXx7aVv") retry_cnt=0
2026-05-20T11:12:07.793402Z ERROR iota_benchmark: Transaction failed with err: FailToConfirmTransactionStatus(Digest("c94BczLVtjTdHbqkXZoryXDKAdzUH25a4Q8SU9RrijH"), 61) tx_digest=Digest("c94BczLVtjTdHbqkXZoryXDKAdzUH25a4Q8SU9RrijH") retry_cnt=0
2026-05-20T11:12:07.793404Z ERROR iota_benchmark: Transaction failed with err: FailToConfirmTransactionStatus(Digest("965kEKR7TFxCaYALu3CXtQUiSeXyJbyf9a9keWzRjViq"), 61) tx_digest=Digest("965kEKR7TFxCaYALu3CXtQUiSeXyJbyf9a9keWzRjViq") retry_cnt=0
2026-05-20T11:12:07.793499Z ERROR iota_benchmark: Transaction failed with err: FailToConfirmTransactionStatus(Digest("C5yat4WEsoTn2sHiDUovJnFXUfeF81M8uaqPaJWgQBRX"), 61) tx_digest=Digest("C5yat4WEsoTn2sHiDUovJnFXUfeF81M8uaqPaJWgQBRX") retry_cnt=0
2026-05-20T11:12:07.793515Z ERROR iota_benchmark: Transaction failed with err: FailToConfirmTransactionStatus(Digest("F5ucjkyb55TUY3rqrHADAPLYqjkkd7qxcD2uCCM81K3H"), 61) tx_digest=Digest("F5ucjkyb55TUY3rqrHADAPLYqjkkd7qxcD2uCCM81K3H") retry_cnt=0
2026-05-20T11:12:07.793537Z ERROR iota_benchmark: Transaction failed with err: FailToConfirmTransactionStatus(Digest("HGmWyQFmJTbnGXhWtHPfRZ8VaxZe6Etw82DJJ5BgSyhY"), 61) tx_digest=Digest("HGmWyQFmJTbnGXhWtHPfRZ8VaxZe6Etw82DJJ5BgSyhY") retry_cnt=0
2026-05-20T11:12:07.793596Z ERROR iota_benchmark: Transaction failed with err: FailToConfirmTransactionStatus(Digest("8PdYfRLwib5hMj2kt4BS4V1oaJgJqhjFE8Hb8EmJgjwe"), 61) tx_digest=Digest("8PdYfRLwib5hMj2kt4BS4V1oaJgJqhjFE8Hb8EmJgjwe") retry_cnt=0
2026-05-20T11:12:07.793597Z ERROR iota_benchmark: Transaction failed with err: FailToConfirmTransactionStatus(Digest("6KDbpTtKW1tsMSH7rLiYE4S5vAaYfiWhtAr2SX2imnHY"), 61) tx_digest=Digest("6KDbpTtKW1tsMSH7rLiYE4S5vAaYfiWhtAr2SX2imnHY") retry_cnt=0
2026-05-20T11:12:07.793667Z ERROR iota_benchmark: Transaction failed with err: FailToConfirmTransactionStatus(Digest("9yQnDXuni3ntYdQBWaWnqWF6cN2EjeeKMuEL9LBMFqxR"), 61) tx_digest=Digest("9yQnDXuni3ntYdQBWaWnqWF6cN2EjeeKMuEL9LBMFqxR") retry_cnt=0
2026-05-20T11:12:07.793894Z ERROR iota_benchmark: Transaction failed with err: FailToConfirmTransactionStatus(Digest("5vkuUMwd7eTWVtZo5Uu78dUcti9bFSpD6xmGnT9Wtxsm"), 61) tx_digest=Digest("5vkuUMwd7eTWVtZo5Uu78dUcti9bFSpD6xmGnT9Wtxsm") retry_cnt=0
2026-05-20T11:12:07.794047Z ERROR iota_benchmark: Transaction failed with err: FailToConfirmTransactionStatus(Digest("3dxWdZNFfSg3Fzwu8W3gfb5mTW8cQ8XLX16XJLd1CLc4"), 61) tx_digest=Digest("3dxWdZNFfSg3Fzwu8W3gfb5mTW8cQ8XLX16XJLd1CLc4") retry_cnt=0
2026-05-20T11:12:07.794092Z ERROR iota_benchmark: Transaction failed with err: FailToConfirmTransactionStatus(Digest("H6LQZiQLfVH3ED6jC77PCNhUZb1JgHaFGkD3vDGRGhiD"), 61) tx_digest=Digest("H6LQZiQLfVH3ED6jC77PCNhUZb1JgHaFGkD3vDGRGhiD") retry_cnt=0
2026-05-20T11:12:07.794181Z ERROR iota_benchmark: Transaction failed with err: FailToConfirmTransactionStatus(Digest("EeJ5Ah3c196vVUbq8JrYoUVzdN8DgN15B4boLc1777T8"), 61) tx_digest=Digest("EeJ5Ah3c196vVUbq8JrYoUVzdN8DgN15B4boLc1777T8") retry_cnt=0
2026-05-20T11:12:07.794184Z ERROR iota_benchmark: Transaction failed with err: FailToConfirmTransactionStatus(Digest("4axc5hHY3JzuZMtYcVuMXjwhJa3MwMu5BJWk5MYStHjJ"), 61) tx_digest=Digest("4axc5hHY3JzuZMtYcVuMXjwhJa3MwMu5BJWk5MYStHjJ") retry_cnt=0
2026-05-20T11:12:07.794261Z ERROR iota_benchmark: Transaction failed with err: FailToConfirmTransactionStatus(Digest("4KV2PodvjgzaJ4gsYewKN5NtXQywuM6x3i9fjVHdgyRJ"), 61) tx_digest=Digest("4KV2PodvjgzaJ4gsYewKN5NtXQywuM6x3i9fjVHdgyRJ") retry_cnt=0
2026-05-20T11:12:07.794287Z ERROR iota_benchmark: Transaction failed with err: FailToConfirmTransactionStatus(Digest("8FK8LzfL6qLyPd4t5CcZJsCe8f2rUAZ8ZmHe5jmWzkqX"), 61) tx_digest=Digest("8FK8LzfL6qLyPd4t5CcZJsCe8f2rUAZ8ZmHe5jmWzkqX") retry_cnt=0
2026-05-20T11:12:07.794379Z ERROR iota_benchmark: Transaction failed with err: FailToConfirmTransactionStatus(Digest("22mxW2vcjdoK67xtsGvWiUwBkUDCGwKREGatwHhvbWBh"), 61) tx_digest=Digest("22mxW2vcjdoK67xtsGvWiUwBkUDCGwKREGatwHhvbWBh") retry_cnt=0
2026-05-20T11:12:07.794397Z ERROR iota_benchmark: Transaction failed with err: FailToConfirmTransactionStatus(Digest("6Zos3TGtuQoQAFMHWzDytiqmyySKfu2g41EsAQs8dH3h"), 61) tx_digest=Digest("6Zos3TGtuQoQAFMHWzDytiqmyySKfu2g41EsAQs8dH3h") retry_cnt=0
2026-05-20T11:12:07.794517Z ERROR iota_benchmark: Transaction failed with err: FailToConfirmTransactionStatus(Digest("6b56Frr5QakFo3LAFxKb3dGHfGE7DatjQuqzh8fvB8E"), 61) tx_digest=Digest("6b56Frr5QakFo3LAFxKb3dGHfGE7DatjQuqzh8fvB8E") retry_cnt=0
2026-05-20T11:12:07.794540Z ERROR iota_benchmark: Transaction failed with err: FailToConfirmTransactionStatus(Digest("Ed95yR1UGx1u1yHKtzy3YZU2rZ19yZTxYMbTXkh7MJHp"), 61) tx_digest=Digest("Ed95yR1UGx1u1yHKtzy3YZU2rZ19yZTxYMbTXkh7MJHp") retry_cnt=0
2026-05-20T11:12:07.794595Z ERROR iota_benchmark: Transaction failed with err: FailToConfirmTransactionStatus(Digest("7ZgExZnZJJ7GQ9VNrkcFe2KAVWyC4oi6gJYBArcJvgkC"), 61) tx_digest=Digest("7ZgExZnZJJ7GQ9VNrkcFe2KAVWyC4oi6gJYBArcJvgkC") retry_cnt=0
2026-05-20T11:12:07.794627Z ERROR iota_benchmark: Transaction failed with err: FailToConfirmTransactionStatus(Digest("79Zi2bjaXefzpdDgk1qvuEKFvAciitdXRuxVxGAmYXyv"), 61) tx_digest=Digest("79Zi2bjaXefzpdDgk1qvuEKFvAciitdXRuxVxGAmYXyv") retry_cnt=0
2026-05-20T11:12:07.794679Z ERROR iota_benchmark: Transaction failed with err: FailToConfirmTransactionStatus(Digest("SEE1JyP4MheUos9nLZw2wTTXbMEoCEmxwywL5Tc2fLY"), 61) tx_digest=Digest("SEE1JyP4MheUos9nLZw2wTTXbMEoCEmxwywL5Tc2fLY") retry_cnt=0
2026-05-20T11:12:07.794825Z ERROR iota_benchmark: Transaction failed with err: FailToConfirmTransactionStatus(Digest("51wj29ZGPGHc9gR8FKeTU13jZDo2SYaGPou5KoQH6jPS"), 61) tx_digest=Digest("51wj29ZGPGHc9gR8FKeTU13jZDo2SYaGPou5KoQH6jPS") retry_cnt=0
2026-05-20T11:12:07.794892Z ERROR iota_benchmark: Transaction failed with err: FailToConfirmTransactionStatus(Digest("CJgJh4obYAtRNZJWhGdQmeRPqSuc8DjYgskyWG87WixT"), 61) tx_digest=Digest("CJgJh4obYAtRNZJWhGdQmeRPqSuc8DjYgskyWG87WixT") retry_cnt=0
2026-05-20T11:12:07.794893Z ERROR iota_benchmark: Transaction failed with err: FailToConfirmTransactionStatus(Digest("GtPV6NeeaEX792BPLC5ZScirDX7dq4Yf5MkQ2dzdvywY"), 61) tx_digest=Digest("GtPV6NeeaEX792BPLC5ZScirDX7dq4Yf5MkQ2dzdvywY") retry_cnt=0
2026-05-20T11:12:07.794978Z ERROR iota_benchmark: Transaction failed with err: FailToConfirmTransactionStatus(Digest("22RHiaT4T6buTHMcCE3JNuNt89hpq4sSWE559p5E2rex"), 61) tx_digest=Digest("22RHiaT4T6buTHMcCE3JNuNt89hpq4sSWE559p5E2rex") retry_cnt=0
2026-05-20T11:12:07.794982Z ERROR iota_benchmark: Transaction failed with err: FailToConfirmTransactionStatus(Digest("CDLYt2ciaersmtWysnnhx2YCdeTAZepQ8NuhfwKTMQCt"), 61) tx_digest=Digest("CDLYt2ciaersmtWysnnhx2YCdeTAZepQ8NuhfwKTMQCt") retry_cnt=0
2026-05-20T11:12:07.795061Z ERROR iota_benchmark: Transaction failed with err: FailToConfirmTransactionStatus(Digest("BeKtiAhsiCMQ1FwCUizRQbJ5GxMoKnMNo2KghY74UVtX"), 61) tx_digest=Digest("BeKtiAhsiCMQ1FwCUizRQbJ5GxMoKnMNo2KghY74UVtX") retry_cnt=0
2026-05-20T11:12:07.795102Z ERROR iota_benchmark: Transaction failed with err: FailToConfirmTransactionStatus(Digest("4Gw88VA6T1JpvTBctLrDbJ2KHxBtZUNQhRtoSjHh6VjC"), 61) tx_digest=Digest("4Gw88VA6T1JpvTBctLrDbJ2KHxBtZUNQhRtoSjHh6VjC") retry_cnt=0
2026-05-20T11:12:07.795183Z ERROR iota_benchmark: Transaction failed with err: FailToConfirmTransactionStatus(Digest("Avd5bvKCnRzfq1W4ZuLWS9q3vstScy9gkCfMT7sMZEZc"), 61) tx_digest=Digest("Avd5bvKCnRzfq1W4ZuLWS9q3vstScy9gkCfMT7sMZEZc") retry_cnt=0
2026-05-20T11:12:07.795185Z ERROR iota_benchmark: Transaction failed with err: FailToConfirmTransactionStatus(Digest("5ctwq7XWCZuDd54PUr5JbBneajFjJX5AJte76iCsWvKo"), 61) tx_digest=Digest("5ctwq7XWCZuDd54PUr5JbBneajFjJX5AJte76iCsWvKo") retry_cnt=0
2026-05-20T11:12:07.795206Z ERROR iota_benchmark: Transaction failed with err: FailToConfirmTransactionStatus(Digest("5zQTEw1DzG6tzaf9sYeZVhVwZ1HQqiX7TJ26Lt9t99zu"), 61) tx_digest=Digest("5zQTEw1DzG6tzaf9sYeZVhVwZ1HQqiX7TJ26Lt9t99zu") retry_cnt=0
2026-05-20T11:12:07.795416Z ERROR iota_benchmark: Transaction failed with err: FailToConfirmTransactionStatus(Digest("EoREDHQDJnWPW3cupMf9JfJNEqKMrF2un6JWYqJQia4R"), 61) tx_digest=Digest("EoREDHQDJnWPW3cupMf9JfJNEqKMrF2un6JWYqJQia4R") retry_cnt=0
2026-05-20T11:12:07.795639Z ERROR iota_benchmark: Transaction failed with err: FailToConfirmTransactionStatus(Digest("DkHfXk9rz746gmhUfheTWi8BQnfQXETGhyBLrVT5SaWp"), 61) tx_digest=Digest("DkHfXk9rz746gmhUfheTWi8BQnfQXETGhyBLrVT5SaWp") retry_cnt=0
2026-05-20T11:12:07.797139Z ERROR iota_benchmark: Transaction failed with err: FailToConfirmTransactionStatus(Digest("5accHCymw95AHwrKBNnbNWoS3YZWQA71vvEnaNXcJSfs"), 61) tx_digest=Digest("5accHCymw95AHwrKBNnbNWoS3YZWQA71vvEnaNXcJSfs") retry_cnt=0
2026-05-20T11:12:07.797149Z ERROR iota_benchmark: Transaction failed with err: FailToConfirmTransactionStatus(Digest("281faeuiQ3RdBGgHKXD9BPMqz4ZsyezJvTem49jDzTmL"), 61) tx_digest=Digest("281faeuiQ3RdBGgHKXD9BPMqz4ZsyezJvTem49jDzTmL") retry_cnt=0
2026-05-20T11:12:07.797156Z ERROR iota_benchmark: Transaction failed with err: FailToConfirmTransactionStatus(Digest("BKbowhgw9PEAGs2a9eBPTeessjsdQ1QxSwigaE9ppyVo"), 61) tx_digest=Digest("BKbowhgw9PEAGs2a9eBPTeessjsdQ1QxSwigaE9ppyVo") retry_cnt=0
2026-05-20T11:12:07.803213Z ERROR iota_benchmark: Transaction failed with err: FailToConfirmTransactionStatus(Digest("DdEP7Fq3RZaMYwRmxSSXWFDSTicwmpV6pqncto1KqHab"), 61) tx_digest=Digest("DdEP7Fq3RZaMYwRmxSSXWFDSTicwmpV6pqncto1KqHab") retry_cnt=0
2026-05-20T11:12:07.803213Z ERROR iota_benchmark: Transaction failed with err: FailToConfirmTransactionStatus(Digest("HfdfFGBM3bZ43iabP4F9rQhuujym7CczR4RxxzxeCtud"), 61) tx_digest=Digest("HfdfFGBM3bZ43iabP4F9rQhuujym7CczR4RxxzxeCtud") retry_cnt=0
2026-05-20T11:12:07.803299Z ERROR iota_benchmark: Transaction failed with err: FailToConfirmTransactionStatus(Digest("DsSdUeYXAt2AvbLT86gi1wDnWoNtekP8T7kUGaGyNzXR"), 61) tx_digest=Digest("DsSdUeYXAt2AvbLT86gi1wDnWoNtekP8T7kUGaGyNzXR") retry_cnt=0
2026-05-20T11:12:07.803443Z ERROR iota_benchmark: Transaction failed with err: FailToConfirmTransactionStatus(Digest("BL4JnyWU9qsg6hyL2nB3FLfCLYJQT1tTMWubB5Uv2Xht"), 61) tx_digest=Digest("BL4JnyWU9qsg6hyL2nB3FLfCLYJQT1tTMWubB5Uv2Xht") retry_cnt=0
2026-05-20T11:12:07.803517Z ERROR iota_benchmark: Transaction failed with err: FailToConfirmTransactionStatus(Digest("3juyJfSas2vKq1j4oZGzvFidpxBhyTufZtbbh8ezUQau"), 61) tx_digest=Digest("3juyJfSas2vKq1j4oZGzvFidpxBhyTufZtbbh8ezUQau") retry_cnt=0
2026-05-20T11:12:07.803541Z ERROR iota_benchmark: Transaction failed with err: FailToConfirmTransactionStatus(Digest("4HTokStrv8GQXtSCQvxRP6VatQHcNVQKDZ2135C9wrKX"), 61) tx_digest=Digest("4HTokStrv8GQXtSCQvxRP6VatQHcNVQKDZ2135C9wrKX") retry_cnt=0
2026-05-20T11:12:07.803588Z ERROR iota_benchmark: Transaction failed with err: FailToConfirmTransactionStatus(Digest("CkQR6MfhkHE1TD1n5tuMTYN3Mitn8wTMws2RsG5uUy8H"), 61) tx_digest=Digest("CkQR6MfhkHE1TD1n5tuMTYN3Mitn8wTMws2RsG5uUy8H") retry_cnt=0
2026-05-20T11:12:07.803648Z ERROR iota_benchmark: Transaction failed with err: FailToConfirmTransactionStatus(Digest("EN9iKhhhbrsTpnAPCZ4RvJdppyLbtJZv6SSVY2Wk1Skd"), 61) tx_digest=Digest("EN9iKhhhbrsTpnAPCZ4RvJdppyLbtJZv6SSVY2Wk1Skd") retry_cnt=0
2026-05-20T11:12:07.803672Z ERROR iota_benchmark: Transaction failed with err: FailToConfirmTransactionStatus(Digest("HUwZPparGgyySs1Qo4pd8svyhMYH4NNuztu5KEWA9uon"), 61) tx_digest=Digest("HUwZPparGgyySs1Qo4pd8svyhMYH4NNuztu5KEWA9uon") retry_cnt=0
2026-05-20T11:12:07.803710Z ERROR iota_benchmark: Transaction failed with err: FailToConfirmTransactionStatus(Digest("9bGXPdS2f2co3nMdaQaAF39bmta5QCBnccoz2Dq5AaGX"), 61) tx_digest=Digest("9bGXPdS2f2co3nMdaQaAF39bmta5QCBnccoz2Dq5AaGX") retry_cnt=0
2026-05-20T11:12:07.803741Z ERROR iota_benchmark: Transaction failed with err: FailToConfirmTransactionStatus(Digest("46zUxpKpHCjt2N63HtGbuC23Rb3k59g8nEz3zkhApZqv"), 61) tx_digest=Digest("46zUxpKpHCjt2N63HtGbuC23Rb3k59g8nEz3zkhApZqv") retry_cnt=0
2026-05-20T11:12:07.803826Z ERROR iota_benchmark: Transaction failed with err: FailToConfirmTransactionStatus(Digest("BBKaiTufxigeNLfyWjUGfrtyvcucYRovZFvHcJQdBFPr"), 61) tx_digest=Digest("BBKaiTufxigeNLfyWjUGfrtyvcucYRovZFvHcJQdBFPr") retry_cnt=0
2026-05-20T11:12:07.803836Z ERROR iota_benchmark: Transaction failed with err: FailToConfirmTransactionStatus(Digest("6WwwALKNHQc9xPCVj7zx2FbcgR8XonEoaT9yT7vZSicc"), 61) tx_digest=Digest("6WwwALKNHQc9xPCVj7zx2FbcgR8XonEoaT9yT7vZSicc") retry_cnt=0
2026-05-20T11:12:07.803906Z ERROR iota_benchmark: Transaction failed with err: FailToConfirmTransactionStatus(Digest("DiDT7YwBj5sa5vp3Qfoghr4NC9Fvrwiz36g3htpjLWQK"), 61) tx_digest=Digest("DiDT7YwBj5sa5vp3Qfoghr4NC9Fvrwiz36g3htpjLWQK") retry_cnt=0
2026-05-20T11:12:07.803986Z ERROR iota_benchmark: Transaction failed with err: FailToConfirmTransactionStatus(Digest("J4KVB1i2e51BVuYkBA1BZDzWmkaArN4FtCLS7ys58ctN"), 61) tx_digest=Digest("J4KVB1i2e51BVuYkBA1BZDzWmkaArN4FtCLS7ys58ctN") retry_cnt=0
2026-05-20T11:12:07.803992Z ERROR iota_benchmark: Transaction failed with err: FailToConfirmTransactionStatus(Digest("VMLzmFnGeh3XrXpggg7papuBuXywx4GxZwr4gPSTMBz"), 61) tx_digest=Digest("VMLzmFnGeh3XrXpggg7papuBuXywx4GxZwr4gPSTMBz") retry_cnt=0
2026-05-20T11:12:07.804032Z ERROR iota_benchmark: Transaction failed with err: FailToConfirmTransactionStatus(Digest("48FBffd4ubRQAH3M7ef5JhjDyTmQTJ4aTR5mc5mKvCtL"), 61) tx_digest=Digest("48FBffd4ubRQAH3M7ef5JhjDyTmQTJ4aTR5mc5mKvCtL") retry_cnt=0
2026-05-20T11:12:07.804054Z ERROR iota_benchmark: Transaction failed with err: FailToConfirmTransactionStatus(Digest("96k5XbHipRxKEJWmpSLtvay3RVSHYXVaF29Gn9YHSXR"), 61) tx_digest=Digest("96k5XbHipRxKEJWmpSLtvay3RVSHYXVaF29Gn9YHSXR") retry_cnt=0
2026-05-20T11:12:07.804101Z ERROR iota_benchmark: Transaction failed with err: FailToConfirmTransactionStatus(Digest("4qBcf4DtpHwdDiiYz5sbrJzi9FV9s3MG9SHjJiraSEQd"), 61) tx_digest=Digest("4qBcf4DtpHwdDiiYz5sbrJzi9FV9s3MG9SHjJiraSEQd") retry_cnt=0
2026-05-20T11:12:07.805783Z ERROR iota_benchmark: Transaction failed with err: FailToConfirmTransactionStatus(Digest("DEiCA544VgB7GYGtiVuYiGhLB5DYnqDbDt7x5rHpF2v7"), 61) tx_digest=Digest("DEiCA544VgB7GYGtiVuYiGhLB5DYnqDbDt7x5rHpF2v7") retry_cnt=0
2026-05-20T11:12:07.805793Z ERROR iota_benchmark: Transaction failed with err: FailToConfirmTransactionStatus(Digest("AGFDZatinuxLcQz8JCm4WGtqEiKRxQ8tUGGfLvfCQjq3"), 61) tx_digest=Digest("AGFDZatinuxLcQz8JCm4WGtqEiKRxQ8tUGGfLvfCQjq3") retry_cnt=0
2026-05-20T11:12:07.807226Z ERROR iota_benchmark: Transaction failed with err: FailToConfirmTransactionStatus(Digest("DroRibxfTRbbqE8o8VouihTtuRyUhz2DjBiHSosZ1Wwv"), 61) tx_digest=Digest("DroRibxfTRbbqE8o8VouihTtuRyUhz2DjBiHSosZ1Wwv") retry_cnt=0
2026-05-20T11:12:07.808686Z ERROR iota_benchmark: Transaction failed with err: FailToConfirmTransactionStatus(Digest("EfprczoV88RfZAJ5dQ2sqa7NQzZeHyGCgXhh5QRZhpar"), 61) tx_digest=Digest("EfprczoV88RfZAJ5dQ2sqa7NQzZeHyGCgXhh5QRZhpar") retry_cnt=0
2026-05-20T11:12:07.808695Z ERROR iota_benchmark: Transaction failed with err: FailToConfirmTransactionStatus(Digest("Bh9HzKonSVMmri2qPHHCfMLzpqGNrr71XWDihAzVdn2m"), 61) tx_digest=Digest("Bh9HzKonSVMmri2qPHHCfMLzpqGNrr71XWDihAzVdn2m") retry_cnt=0
2026-05-20T11:12:07.810139Z ERROR iota_benchmark: Transaction failed with err: FailToConfirmTransactionStatus(Digest("53Q2h79DxbYZGZ7PXD7AW7sPkLfXSKpia8kqBgMMSjPW"), 61) tx_digest=Digest("53Q2h79DxbYZGZ7PXD7AW7sPkLfXSKpia8kqBgMMSjPW") retry_cnt=0
2026-05-20T11:12:07.810137Z ERROR iota_benchmark: Transaction failed with err: FailToConfirmTransactionStatus(Digest("BSSxX1zBcNcfZoMftfWj4bzdRzQPETTuV84x67fAmGkD"), 61) tx_digest=Digest("BSSxX1zBcNcfZoMftfWj4bzdRzQPETTuV84x67fAmGkD") retry_cnt=0
2026-05-20T11:12:07.810140Z ERROR iota_benchmark: Transaction failed with err: FailToConfirmTransactionStatus(Digest("EewvawHtkH7oRoxxCTpuFuz8SvzuzEicZDoiffoLmMbX"), 61) tx_digest=Digest("EewvawHtkH7oRoxxCTpuFuz8SvzuzEicZDoiffoLmMbX") retry_cnt=0
2026-05-20T11:12:07.811830Z ERROR iota_benchmark: Transaction failed with err: FailToConfirmTransactionStatus(Digest("GPi4NazvFFT1rKpmTEHR9SdrcPKMPrNmZDes76XkNGDY"), 61) tx_digest=Digest("GPi4NazvFFT1rKpmTEHR9SdrcPKMPrNmZDes76XkNGDY") retry_cnt=0
2026-05-20T11:12:07.811829Z ERROR iota_benchmark: Transaction failed with err: FailToConfirmTransactionStatus(Digest("5ZZG9L869gxY15GkUzSFNLV4uMzQSfH2KT7fzKocotLw"), 61) tx_digest=Digest("5ZZG9L869gxY15GkUzSFNLV4uMzQSfH2KT7fzKocotLw") retry_cnt=0
2026-05-20T11:12:07.811839Z ERROR iota_benchmark: Transaction failed with err: FailToConfirmTransactionStatus(Digest("BiQrGH8vRZPTg8SReCFPGS3ygJAVv4Ts4b2jAvPpkidG"), 61) tx_digest=Digest("BiQrGH8vRZPTg8SReCFPGS3ygJAVv4Ts4b2jAvPpkidG") retry_cnt=0
2026-05-20T11:12:07.815680Z ERROR iota_benchmark: Transaction failed with err: FailToConfirmTransactionStatus(Digest("6Ko2Rov8sziYqNT3N7Td3sAUmM6433KbL7YGLYdKusgU"), 61) tx_digest=Digest("6Ko2Rov8sziYqNT3N7Td3sAUmM6433KbL7YGLYdKusgU") retry_cnt=0
2026-05-20T11:12:07.815682Z ERROR iota_benchmark: Transaction failed with err: FailToConfirmTransactionStatus(Digest("5jesq2L3aB738sxrqDz1G35dSyxHAvmyV3qC2eGf2Gym"), 61) tx_digest=Digest("5jesq2L3aB738sxrqDz1G35dSyxHAvmyV3qC2eGf2Gym") retry_cnt=0
2026-05-20T11:12:07.816097Z ERROR iota_benchmark: Transaction failed with err: FailToConfirmTransactionStatus(Digest("AbcDoBrS9Cjtfg4Xe7KeJA9yzcKdT1BqtbCaH8ceUG17"), 61) tx_digest=Digest("AbcDoBrS9Cjtfg4Xe7KeJA9yzcKdT1BqtbCaH8ceUG17") retry_cnt=0
2026-05-20T11:12:07.823193Z ERROR iota_benchmark: Transaction failed with err: FailToConfirmTransactionStatus(Digest("8xqUyZdSrcDzWcyUBuTRBpCfgcLWt4fshky5mHRPbSBr"), 61) tx_digest=Digest("8xqUyZdSrcDzWcyUBuTRBpCfgcLWt4fshky5mHRPbSBr") retry_cnt=0
2026-05-20T11:12:07.829010Z ERROR iota_benchmark: Transaction failed with err: FailToConfirmTransactionStatus(Digest("5fHbZ5mnQgAsJ1ESLKGW6s9pC4JzvcApx1dtM5g4F6nC"), 61) tx_digest=Digest("5fHbZ5mnQgAsJ1ESLKGW6s9pC4JzvcApx1dtM5g4F6nC") retry_cnt=0
2026-05-20T11:12:07.829010Z ERROR iota_benchmark: Transaction failed with err: FailToConfirmTransactionStatus(Digest("9MwgNYmzkNeZag7Loo9xSEYE9ktPG6tHtuqdhuSFVqWn"), 61) tx_digest=Digest("9MwgNYmzkNeZag7Loo9xSEYE9ktPG6tHtuqdhuSFVqWn") retry_cnt=0
2026-05-20T11:12:07.831460Z ERROR iota_benchmark: Transaction failed with err: FailToConfirmTransactionStatus(Digest("CyoKD7ZqoWn8hEbf6zPhXLEGQmafEmHatTcEuFAH2D4S"), 61) tx_digest=Digest("CyoKD7ZqoWn8hEbf6zPhXLEGQmafEmHatTcEuFAH2D4S") retry_cnt=0
2026-05-20T11:12:07.835218Z ERROR iota_benchmark: Transaction failed with err: FailToConfirmTransactionStatus(Digest("Evp3VAbqU2tT5zewxEeXBvmKs3wuCs892DqsC6Q1BQDB"), 61) tx_digest=Digest("Evp3VAbqU2tT5zewxEeXBvmKs3wuCs892DqsC6Q1BQDB") retry_cnt=0
2026-05-20T11:12:07.837811Z ERROR iota_benchmark: Transaction failed with err: FailToConfirmTransactionStatus(Digest("A7enNCjMYDJZYLVPTdtrxh1WEKjqQk8aHMxHJ2Z7zNFe"), 61) tx_digest=Digest("A7enNCjMYDJZYLVPTdtrxh1WEKjqQk8aHMxHJ2Z7zNFe") retry_cnt=0
2026-05-20T11:12:07.839223Z ERROR iota_benchmark: Transaction failed with err: FailToConfirmTransactionStatus(Digest("DK86QcnBkRaCqibm3PaJFgUpxs5N14MzaehBNkp2B8CK"), 61) tx_digest=Digest("DK86QcnBkRaCqibm3PaJFgUpxs5N14MzaehBNkp2B8CK") retry_cnt=0
2026-05-20T11:12:07.846280Z ERROR iota_benchmark: Transaction failed with err: FailToConfirmTransactionStatus(Digest("77fmNNfYTpp7YqGAPfeQvBWYdEQrtDMVm7B5GfGZZpQQ"), 61) tx_digest=Digest("77fmNNfYTpp7YqGAPfeQvBWYdEQrtDMVm7B5GfGZZpQQ") retry_cnt=0
2026-05-20T11:12:07.868265Z ERROR iota_benchmark: Transaction failed with err: FailToConfirmTransactionStatus(Digest("6UrShz7aFwrk3KBcNknrBnQanLbtKPY1U4oEvTxexiTb"), 61) tx_digest=Digest("6UrShz7aFwrk3KBcNknrBnQanLbtKPY1U4oEvTxexiTb") retry_cnt=0
2026-05-20T11:12:07.870905Z ERROR iota_benchmark: Transaction failed with err: FailToConfirmTransactionStatus(Digest("BSmkAgovyEWTU2VF5cSEb9Mjjk52SMmcARnvfSkABR6j"), 61) tx_digest=Digest("BSmkAgovyEWTU2VF5cSEb9Mjjk52SMmcARnvfSkABR6j") retry_cnt=0
2026-05-20T11:12:07.878176Z ERROR iota_benchmark: Transaction failed with err: FailToConfirmTransactionStatus(Digest("GjnfuY7qexvXbTrw6Mge7cJT1oWN4pYwP6Qq2BycS9z7"), 61) tx_digest=Digest("GjnfuY7qexvXbTrw6Mge7cJT1oWN4pYwP6Qq2BycS9z7") retry_cnt=0
2026-05-20T11:12:07.878214Z ERROR iota_benchmark: Transaction failed with err: FailToConfirmTransactionStatus(Digest("Dr6KHnnfqrs6wAewoz9SE3QkDjFvJHSzdEbiQnYQNovo"), 61) tx_digest=Digest("Dr6KHnnfqrs6wAewoz9SE3QkDjFvJHSzdEbiQnYQNovo") retry_cnt=0
2026-05-20T11:12:07.880012Z ERROR iota_benchmark: Transaction failed with err: FailToConfirmTransactionStatus(Digest("FJjNFU4WsN1GuTpYBoW8iCxjc5KXSkfh8shHUEAHbyte"), 61) tx_digest=Digest("FJjNFU4WsN1GuTpYBoW8iCxjc5KXSkfh8shHUEAHbyte") retry_cnt=0
2026-05-20T11:12:07.882468Z ERROR iota_benchmark: Transaction failed with err: FailToConfirmTransactionStatus(Digest("7f6hUfoNtkn1kijTmgUFXuVBUwBt5rfxL2m2RSJUNXCu"), 61) tx_digest=Digest("7f6hUfoNtkn1kijTmgUFXuVBUwBt5rfxL2m2RSJUNXCu") retry_cnt=0
2026-05-20T11:12:07.882464Z ERROR iota_benchmark: Transaction failed with err: FailToConfirmTransactionStatus(Digest("4XqUDgVc1gCF5p4hmuewkiDpFUdqF4WzQ7UsqzJhApLB"), 61) tx_digest=Digest("4XqUDgVc1gCF5p4hmuewkiDpFUdqF4WzQ7UsqzJhApLB") retry_cnt=0
2026-05-20T11:12:07.882466Z ERROR iota_benchmark: Transaction failed with err: FailToConfirmTransactionStatus(Digest("32Gb5vzcnqHGHJKMaa336Bud5fhhV3SGQrrL4tHpETNE"), 61) tx_digest=Digest("32Gb5vzcnqHGHJKMaa336Bud5fhhV3SGQrrL4tHpETNE") retry_cnt=0
2026-05-20T11:12:07.886267Z ERROR iota_benchmark: Transaction failed with err: FailToConfirmTransactionStatus(Digest("7bK1dD3udkcn11oyQhSYs5rbXNP4aP4FWUrkwjxduJ4W"), 61) tx_digest=Digest("7bK1dD3udkcn11oyQhSYs5rbXNP4aP4FWUrkwjxduJ4W") retry_cnt=0
2026-05-20T11:12:07.886274Z ERROR iota_benchmark: Transaction failed with err: FailToConfirmTransactionStatus(Digest("5Cnvp68dAb7vMMast8ytL5N1vSHNW9aszAbBye3b2XDv"), 61) tx_digest=Digest("5Cnvp68dAb7vMMast8ytL5N1vSHNW9aszAbBye3b2XDv") retry_cnt=0
2026-05-20T11:12:07.894674Z ERROR iota_benchmark: Transaction failed with err: FailToConfirmTransactionStatus(Digest("G71LLJvhqwoHYycxiGyhcEZpXLmMXGe8dXMDrMCwaZ3W"), 61) tx_digest=Digest("G71LLJvhqwoHYycxiGyhcEZpXLmMXGe8dXMDrMCwaZ3W") retry_cnt=0
2026-05-20T11:12:07.896162Z ERROR iota_benchmark: Transaction failed with err: FailToConfirmTransactionStatus(Digest("e7x8tictZb3x95YHWYMQ76DwTBVD3JCfRK51cCHiw4w"), 61) tx_digest=Digest("e7x8tictZb3x95YHWYMQ76DwTBVD3JCfRK51cCHiw4w") retry_cnt=0
2026-05-20T11:12:07.896176Z ERROR iota_benchmark: Transaction failed with err: FailToConfirmTransactionStatus(Digest("6YApB4u9zsRzaT9ihUAhnfxDQU6FLYgRQaWdFydogmay"), 61) tx_digest=Digest("6YApB4u9zsRzaT9ihUAhnfxDQU6FLYgRQaWdFydogmay") retry_cnt=0
2026-05-20T11:12:07.896182Z ERROR iota_benchmark: Transaction failed with err: FailToConfirmTransactionStatus(Digest("4jMx8ZdijrWFnuqJFswkpgMa86SQNqXJmsnqx4F7P98e"), 61) tx_digest=Digest("4jMx8ZdijrWFnuqJFswkpgMa86SQNqXJmsnqx4F7P98e") retry_cnt=0
2026-05-20T11:12:07.912529Z ERROR iota_benchmark: Transaction failed with err: FailToConfirmTransactionStatus(Digest("2sxc68B3GGSe3uZNdrVVmDmCWmVWTbUdnP78duoLnYWV"), 61) tx_digest=Digest("2sxc68B3GGSe3uZNdrVVmDmCWmVWTbUdnP78duoLnYWV") retry_cnt=0
2026-05-20T11:12:07.912529Z ERROR iota_benchmark: Transaction failed with err: FailToConfirmTransactionStatus(Digest("5ZMeu7vCKqFdMKHAxpW8d7Ny178NstZEUc7Skc6k7Hsu"), 61) tx_digest=Digest("5ZMeu7vCKqFdMKHAxpW8d7Ny178NstZEUc7Skc6k7Hsu") retry_cnt=0
2026-05-20T11:12:07.912532Z ERROR iota_benchmark: Transaction failed with err: FailToConfirmTransactionStatus(Digest("6iZ4nyRqVbsL5EhBeynE1NVy57NzdpYscBBZYgHqqXJN"), 61) tx_digest=Digest("6iZ4nyRqVbsL5EhBeynE1NVy57NzdpYscBBZYgHqqXJN") retry_cnt=0
2026-05-20T11:12:07.912603Z ERROR iota_benchmark: Transaction failed with err: FailToConfirmTransactionStatus(Digest("BsK4rSu7eK1AtHZFGqL2dKmjxG7eccTM1P4GSyieDNFE"), 61) tx_digest=Digest("BsK4rSu7eK1AtHZFGqL2dKmjxG7eccTM1P4GSyieDNFE") retry_cnt=0
2026-05-20T11:12:07.912792Z ERROR iota_benchmark: Transaction failed with err: FailToConfirmTransactionStatus(Digest("AfNmtDvDwuDJp12xzzjoM7SMiCY6RiACoehYiQLy9qRk"), 61) tx_digest=Digest("AfNmtDvDwuDJp12xzzjoM7SMiCY6RiACoehYiQLy9qRk") retry_cnt=0
2026-05-20T11:12:07.913115Z ERROR iota_benchmark: Transaction failed with err: FailToConfirmTransactionStatus(Digest("4saCjNoyTMTcKp2PzaXzdJx3abcuirpDZDQTae2b1Rzn"), 61) tx_digest=Digest("4saCjNoyTMTcKp2PzaXzdJx3abcuirpDZDQTae2b1Rzn") retry_cnt=0
2026-05-20T11:12:07.913147Z ERROR iota_benchmark: Transaction failed with err: FailToConfirmTransactionStatus(Digest("G7RQtTwU1w4u5NuoMtNU3n7rfyWXNQy915peJEYxKB5U"), 61) tx_digest=Digest("G7RQtTwU1w4u5NuoMtNU3n7rfyWXNQy915peJEYxKB5U") retry_cnt=0
2026-05-20T11:12:07.913171Z ERROR iota_benchmark: Transaction failed with err: FailToConfirmTransactionStatus(Digest("46JkGgXPz6d36Ewh7PNt8GrwPgvgJQ8ArhDBEL5cXAYy"), 61) tx_digest=Digest("46JkGgXPz6d36Ewh7PNt8GrwPgvgJQ8ArhDBEL5cXAYy") retry_cnt=0
2026-05-20T11:12:07.913264Z ERROR iota_benchmark: Transaction failed with err: FailToConfirmTransactionStatus(Digest("HfzXKNRGun4gHRY8S8rPQghrjmSENqDvBXHFwZ3Z5oBA"), 61) tx_digest=Digest("HfzXKNRGun4gHRY8S8rPQghrjmSENqDvBXHFwZ3Z5oBA") retry_cnt=0
2026-05-20T11:12:07.913267Z ERROR iota_benchmark: Transaction failed with err: FailToConfirmTransactionStatus(Digest("F3Ery6V5hn6nz8TWHD9toYEVnnD2LqpSDie8uEHMR3LN"), 61) tx_digest=Digest("F3Ery6V5hn6nz8TWHD9toYEVnnD2LqpSDie8uEHMR3LN") retry_cnt=0
2026-05-20T11:12:07.913330Z ERROR iota_benchmark: Transaction failed with err: FailToConfirmTransactionStatus(Digest("G8dNNeUbunXeXHyJ1zkPvdi58NT2n2p9XLS8tZ1sbmKQ"), 61) tx_digest=Digest("G8dNNeUbunXeXHyJ1zkPvdi58NT2n2p9XLS8tZ1sbmKQ") retry_cnt=0
2026-05-20T11:12:07.913331Z ERROR iota_benchmark: Transaction failed with err: FailToConfirmTransactionStatus(Digest("DBDik4d98rWQPhXfcPZtGauqxGJQR5Z7LK7JoRAh4KsP"), 61) tx_digest=Digest("DBDik4d98rWQPhXfcPZtGauqxGJQR5Z7LK7JoRAh4KsP") retry_cnt=0
2026-05-20T11:12:07.913394Z ERROR iota_benchmark: Transaction failed with err: FailToConfirmTransactionStatus(Digest("mJSNMC6tLYxAgh3EuEmW8aHRZ8kiUmxqyGmecauXbT6"), 61) tx_digest=Digest("mJSNMC6tLYxAgh3EuEmW8aHRZ8kiUmxqyGmecauXbT6") retry_cnt=0
2026-05-20T11:12:07.913406Z ERROR iota_benchmark: Transaction failed with err: FailToConfirmTransactionStatus(Digest("5EPcs5ZgpR7oMopRKHfGXGTkLWovo3HXwchEhpvEgnEt"), 61) tx_digest=Digest("5EPcs5ZgpR7oMopRKHfGXGTkLWovo3HXwchEhpvEgnEt") retry_cnt=0
2026-05-20T11:12:07.913463Z ERROR iota_benchmark: Transaction failed with err: FailToConfirmTransactionStatus(Digest("4sZzvAkU1wJdqpeJuDTkAedWZHiNeuR7iPPkDdVweQjz"), 61) tx_digest=Digest("4sZzvAkU1wJdqpeJuDTkAedWZHiNeuR7iPPkDdVweQjz") retry_cnt=0
2026-05-20T11:12:07.913502Z ERROR iota_benchmark: Transaction failed with err: FailToConfirmTransactionStatus(Digest("Hy7x6C6HnC3BKxD7ULpJYgHP6eN2TBR7yY26MAND5srQ"), 61) tx_digest=Digest("Hy7x6C6HnC3BKxD7ULpJYgHP6eN2TBR7yY26MAND5srQ") retry_cnt=0
2026-05-20T11:12:07.913592Z ERROR iota_benchmark: Transaction failed with err: FailToConfirmTransactionStatus(Digest("AAfvH8vRATma1KFbVHxrkMosRt6FZqXDsAFWJi7LxkfT"), 61) tx_digest=Digest("AAfvH8vRATma1KFbVHxrkMosRt6FZqXDsAFWJi7LxkfT") retry_cnt=0
2026-05-20T11:12:07.913599Z ERROR iota_benchmark: Transaction failed with err: FailToConfirmTransactionStatus(Digest("CVMwcxGXLpjhjANB1tih2YD1h3uTJoAkCBfNxLfXY4yE"), 61) tx_digest=Digest("CVMwcxGXLpjhjANB1tih2YD1h3uTJoAkCBfNxLfXY4yE") retry_cnt=0
2026-05-20T11:12:07.913638Z ERROR iota_benchmark: Transaction failed with err: FailToConfirmTransactionStatus(Digest("9MwiuTX7pjYcceJDLb3W3q9QBw4JxRHF2gjXZDVJctnB"), 61) tx_digest=Digest("9MwiuTX7pjYcceJDLb3W3q9QBw4JxRHF2gjXZDVJctnB") retry_cnt=0
2026-05-20T11:12:07.913653Z ERROR iota_benchmark: Transaction failed with err: FailToConfirmTransactionStatus(Digest("9LWtaWYJVz6iPRANMnL47pXWsVCxvh94oUqD2omZvyLs"), 61) tx_digest=Digest("9LWtaWYJVz6iPRANMnL47pXWsVCxvh94oUqD2omZvyLs") retry_cnt=0
2026-05-20T11:12:07.913697Z ERROR iota_benchmark: Transaction failed with err: FailToConfirmTransactionStatus(Digest("Bhzwx6KB4kDy9AD4mLU6Ly2RKSvZdBG3FtiqTzzhSumt"), 61) tx_digest=Digest("Bhzwx6KB4kDy9AD4mLU6Ly2RKSvZdBG3FtiqTzzhSumt") retry_cnt=0
2026-05-20T11:12:07.913828Z ERROR iota_benchmark: Transaction failed with err: FailToConfirmTransactionStatus(Digest("Gt4MEjya3hwmmqgaaN916xEiZwvbAn4269Dd8eomRcvT"), 61) tx_digest=Digest("Gt4MEjya3hwmmqgaaN916xEiZwvbAn4269Dd8eomRcvT") retry_cnt=0
2026-05-20T11:12:07.914165Z ERROR iota_benchmark: Transaction failed with err: FailToConfirmTransactionStatus(Digest("BRsJ7F63V5a3RKnAoShRng28r7zntptVRYFHbwwrxEeS"), 61) tx_digest=Digest("BRsJ7F63V5a3RKnAoShRng28r7zntptVRYFHbwwrxEeS") retry_cnt=0
2026-05-20T11:12:07.913930Z ERROR iota_benchmark: Transaction failed with err: FailToConfirmTransactionStatus(Digest("GqPKDcY1XbBNuVyX8tAN98uKE2Qs2kjTtZrLij2iNepb"), 61) tx_digest=Digest("GqPKDcY1XbBNuVyX8tAN98uKE2Qs2kjTtZrLij2iNepb") retry_cnt=0
2026-05-20T11:12:07.914246Z ERROR iota_benchmark: Transaction failed with err: FailToConfirmTransactionStatus(Digest("7JEmpnUg2V8W1iHtnVYJrkAhELSELRbeEGcSbWeJ2ce"), 61) tx_digest=Digest("7JEmpnUg2V8W1iHtnVYJrkAhELSELRbeEGcSbWeJ2ce") retry_cnt=0
2026-05-20T11:12:07.914306Z ERROR iota_benchmark: Transaction failed with err: FailToConfirmTransactionStatus(Digest("578ZeVfZddswpaxmYjQqiwounB7pZNtYPpUaJmDy7V8N"), 61) tx_digest=Digest("578ZeVfZddswpaxmYjQqiwounB7pZNtYPpUaJmDy7V8N") retry_cnt=0
2026-05-20T11:12:07.914362Z ERROR iota_benchmark: Transaction failed with err: FailToConfirmTransactionStatus(Digest("b36tzni3hK7JyzXnffaTgQ52YxSZQJ9QGRRgGSfkP23"), 61) tx_digest=Digest("b36tzni3hK7JyzXnffaTgQ52YxSZQJ9QGRRgGSfkP23") retry_cnt=0
2026-05-20T11:12:07.914659Z ERROR iota_benchmark: Transaction failed with err: FailToConfirmTransactionStatus(Digest("H6hR5vKniM1qKcxtiiefmdrvLjqPc1Sf3EEz8qBd7jUF"), 61) tx_digest=Digest("H6hR5vKniM1qKcxtiiefmdrvLjqPc1Sf3EEz8qBd7jUF") retry_cnt=0
2026-05-20T11:12:07.914877Z ERROR iota_benchmark: Transaction failed with err: FailToConfirmTransactionStatus(Digest("DizN54KDzBPtEDW2kKLN5FU1RvNpDsQbvB5Mx7uDBXiP"), 61) tx_digest=Digest("DizN54KDzBPtEDW2kKLN5FU1RvNpDsQbvB5Mx7uDBXiP") retry_cnt=0
2026-05-20T11:12:07.919956Z ERROR iota_benchmark: Transaction failed with err: FailToConfirmTransactionStatus(Digest("Ehsfj6ebtFKp1dfxEWvrQCysiVS3DF6aE4z7XxD6mAgF"), 61) tx_digest=Digest("Ehsfj6ebtFKp1dfxEWvrQCysiVS3DF6aE4z7XxD6mAgF") retry_cnt=0
2026-05-20T11:12:07.920337Z ERROR iota_benchmark: Transaction failed with err: FailToConfirmTransactionStatus(Digest("5tcnNYgxezzyoYtxDDzRQXcpUZ29UAQZvGTrHU6fYWbu"), 61) tx_digest=Digest("5tcnNYgxezzyoYtxDDzRQXcpUZ29UAQZvGTrHU6fYWbu") retry_cnt=0
2026-05-20T11:12:07.920500Z ERROR iota_benchmark: Transaction failed with err: FailToConfirmTransactionStatus(Digest("B3XWx14niSxbSwKkJ4NWMzpKcFQqUdnukgz6uiZfJgCn"), 61) tx_digest=Digest("B3XWx14niSxbSwKkJ4NWMzpKcFQqUdnukgz6uiZfJgCn") retry_cnt=0
2026-05-20T11:12:07.920651Z ERROR iota_benchmark: Transaction failed with err: FailToConfirmTransactionStatus(Digest("8jMsNf21ti46yxbTiDQQobsu5q2VkqtiwLJkNSRBc9GX"), 61) tx_digest=Digest("8jMsNf21ti46yxbTiDQQobsu5q2VkqtiwLJkNSRBc9GX") retry_cnt=0
2026-05-20T11:12:07.920592Z ERROR iota_benchmark: Transaction failed with err: FailToConfirmTransactionStatus(Digest("juG9SYSDBTEgUZdSN7v4CWLNT2xrA1dqRY4CPToKDVZ"), 61) tx_digest=Digest("juG9SYSDBTEgUZdSN7v4CWLNT2xrA1dqRY4CPToKDVZ") retry_cnt=0
2026-05-20T11:12:07.920743Z ERROR iota_benchmark: Transaction failed with err: FailToConfirmTransactionStatus(Digest("3z14XJds19oLBCju6xm2yeX9EjzjSuJ2YaA25VvLxeQj"), 61) tx_digest=Digest("3z14XJds19oLBCju6xm2yeX9EjzjSuJ2YaA25VvLxeQj") retry_cnt=0
2026-05-20T11:12:07.921088Z ERROR iota_benchmark: Transaction failed with err: FailToConfirmTransactionStatus(Digest("GXGMF8tGiD5Xqy1nDTwNdnihwnvMz9JLh9MBcpXDhcZ"), 61) tx_digest=Digest("GXGMF8tGiD5Xqy1nDTwNdnihwnvMz9JLh9MBcpXDhcZ") retry_cnt=0
2026-05-20T11:12:07.921109Z ERROR iota_benchmark: Transaction failed with err: FailToConfirmTransactionStatus(Digest("5saM8yCVbWTXknmhg198JCbc2avAfc7Ng5Y39xtU8SUp"), 61) tx_digest=Digest("5saM8yCVbWTXknmhg198JCbc2avAfc7Ng5Y39xtU8SUp") retry_cnt=0
2026-05-20T11:12:07.921168Z ERROR iota_benchmark: Transaction failed with err: FailToConfirmTransactionStatus(Digest("BMFByCEQvgCteVTAq8aatvaZE7u3j3FUH6WMKp6aS17q"), 61) tx_digest=Digest("BMFByCEQvgCteVTAq8aatvaZE7u3j3FUH6WMKp6aS17q") retry_cnt=0
2026-05-20T11:12:07.921562Z ERROR iota_benchmark: Transaction failed with err: FailToConfirmTransactionStatus(Digest("5hvQa91tPGrosPVKm3Z7xbp7NEDUsyESCqvr6zdb9Amu"), 61) tx_digest=Digest("5hvQa91tPGrosPVKm3Z7xbp7NEDUsyESCqvr6zdb9Amu") retry_cnt=0
2026-05-20T11:12:07.921670Z ERROR iota_benchmark: Transaction failed with err: FailToConfirmTransactionStatus(Digest("Br6CMDxWjeJ7emzAKSPiH9DQZ44EPwMkceWrZxVGPomq"), 61) tx_digest=Digest("Br6CMDxWjeJ7emzAKSPiH9DQZ44EPwMkceWrZxVGPomq") retry_cnt=0
2026-05-20T11:12:07.924177Z ERROR iota_benchmark: Transaction failed with err: FailToConfirmTransactionStatus(Digest("fNcCt3SLM34y5bzdvY3YJoxcUxxDmrQhji8iTFiAdnX"), 61) tx_digest=Digest("fNcCt3SLM34y5bzdvY3YJoxcUxxDmrQhji8iTFiAdnX") retry_cnt=0
2026-05-20T11:12:07.925659Z ERROR iota_benchmark: Transaction failed with err: FailToConfirmTransactionStatus(Digest("9YKtzPCe5T4AqERwffs4RWJLWTjQh56NhQrb7xiMHoXJ"), 61) tx_digest=Digest("9YKtzPCe5T4AqERwffs4RWJLWTjQh56NhQrb7xiMHoXJ") retry_cnt=0
2026-05-20T11:12:07.927051Z ERROR iota_benchmark: Transaction failed with err: FailToConfirmTransactionStatus(Digest("AaZD1ZEZfF4FNgTufQqtfeJJ5UKrg8ftLrbtTGNptXZL"), 61) tx_digest=Digest("AaZD1ZEZfF4FNgTufQqtfeJJ5UKrg8ftLrbtTGNptXZL") retry_cnt=0
2026-05-20T11:12:07.927069Z ERROR iota_benchmark: Transaction failed with err: FailToConfirmTransactionStatus(Digest("3qf8uQHXg3qdUAuxSYdQRWwrcq4XqLpiR2RcsZQHHyt8"), 61) tx_digest=Digest("3qf8uQHXg3qdUAuxSYdQRWwrcq4XqLpiR2RcsZQHHyt8") retry_cnt=0
2026-05-20T11:12:07.927164Z ERROR iota_benchmark: Transaction failed with err: FailToConfirmTransactionStatus(Digest("PLVUkf9NkoPjocjykLferLTuhwhEKme3TH85s7gSduY"), 61) tx_digest=Digest("PLVUkf9NkoPjocjykLferLTuhwhEKme3TH85s7gSduY") retry_cnt=0
2026-05-20T11:12:07.927291Z ERROR iota_benchmark: Transaction failed with err: FailToConfirmTransactionStatus(Digest("9nJTfPHmGaDe6SrRXU2MpHthsRfzrmEfzKzcw1QArwLT"), 61) tx_digest=Digest("9nJTfPHmGaDe6SrRXU2MpHthsRfzrmEfzKzcw1QArwLT") retry_cnt=0
2026-05-20T11:12:07.930040Z ERROR iota_benchmark: Transaction failed with err: FailToConfirmTransactionStatus(Digest("7kx6oppXGenoe3S64S5r56ZG4i8P1yUp9dT13N3aRmVP"), 61) tx_digest=Digest("7kx6oppXGenoe3S64S5r56ZG4i8P1yUp9dT13N3aRmVP") retry_cnt=0
2026-05-20T11:12:07.930113Z ERROR iota_benchmark: Transaction failed with err: FailToConfirmTransactionStatus(Digest("B8hKHkRPQ8JvPUNoDgFmrbdCMKiyusBuHyafdATDSzf3"), 61) tx_digest=Digest("B8hKHkRPQ8JvPUNoDgFmrbdCMKiyusBuHyafdATDSzf3") retry_cnt=0
2026-05-20T11:12:07.930239Z ERROR iota_benchmark: Transaction failed with err: FailToConfirmTransactionStatus(Digest("Afb2myMDiF1GheHtJyRwor7kt9im1ysM8Q459qfNTiJC"), 61) tx_digest=Digest("Afb2myMDiF1GheHtJyRwor7kt9im1ysM8Q459qfNTiJC") retry_cnt=0
2026-05-20T11:12:07.937244Z ERROR iota_benchmark: Transaction failed with err: FailToConfirmTransactionStatus(Digest("GT6hmTE713aHFjS6WXnQQonSL6noYooACoeE8eZp8v9Q"), 61) tx_digest=Digest("GT6hmTE713aHFjS6WXnQQonSL6noYooACoeE8eZp8v9Q") retry_cnt=0
2026-05-20T11:12:07.939861Z ERROR iota_benchmark: Transaction failed with err: FailToConfirmTransactionStatus(Digest("msBQ5YceGpuhU5PZA7Z9vjgQwy4NEQdY7Yj8ELDH8DY"), 61) tx_digest=Digest("msBQ5YceGpuhU5PZA7Z9vjgQwy4NEQdY7Yj8ELDH8DY") retry_cnt=0
2026-05-20T11:12:07.939868Z ERROR iota_benchmark: Transaction failed with err: FailToConfirmTransactionStatus(Digest("6XHSybmwaRnVT99Z4GS9ZUahPu23iMAxo9dT9B66h6ty"), 61) tx_digest=Digest("6XHSybmwaRnVT99Z4GS9ZUahPu23iMAxo9dT9B66h6ty") retry_cnt=0
2026-05-20T11:12:07.939869Z ERROR iota_benchmark: Transaction failed with err: FailToConfirmTransactionStatus(Digest("DfFCyUB33f8GHqcTCKrnFHCgLojqp8ARCd68nKvxMy3x"), 61) tx_digest=Digest("DfFCyUB33f8GHqcTCKrnFHCgLojqp8ARCd68nKvxMy3x") retry_cnt=0
2026-05-20T11:12:07.939925Z ERROR iota_benchmark: Transaction failed with err: FailToConfirmTransactionStatus(Digest("DxyTBhEZM5PEAjq8MrsMNr8uHjEMeycJNHLkzPigoAZa"), 61) tx_digest=Digest("DxyTBhEZM5PEAjq8MrsMNr8uHjEMeycJNHLkzPigoAZa") retry_cnt=0
2026-05-20T11:12:07.944924Z ERROR iota_benchmark: Transaction failed with err: FailToConfirmTransactionStatus(Digest("HptkxtNNVKDH7mJQeLsmwhDrRqDGCkqsAiDrtcPV4a3n"), 61) tx_digest=Digest("HptkxtNNVKDH7mJQeLsmwhDrRqDGCkqsAiDrtcPV4a3n") retry_cnt=0
2026-05-20T11:12:07.950799Z ERROR iota_benchmark: Transaction failed with err: FailToConfirmTransactionStatus(Digest("HzjEZ5QEuP657ymLasj45nMwdPVWv6sjtTuPg3Bu8Axt"), 61) tx_digest=Digest("HzjEZ5QEuP657ymLasj45nMwdPVWv6sjtTuPg3Bu8Axt") retry_cnt=0
2026-05-20T11:12:07.962561Z ERROR iota_benchmark: Transaction failed with err: FailToConfirmTransactionStatus(Digest("CcTCZevajQd1t3CKArQdYxiEyZoQoMfj4xrjznQjUnos"), 61) tx_digest=Digest("CcTCZevajQd1t3CKArQdYxiEyZoQoMfj4xrjznQjUnos") retry_cnt=0
2026-05-20T11:12:07.962638Z ERROR iota_benchmark: Transaction failed with err: FailToConfirmTransactionStatus(Digest("2qypB76JRookpqFNxJMFtjGc655xmXZp6tLcfjKsTLnu"), 61) tx_digest=Digest("2qypB76JRookpqFNxJMFtjGc655xmXZp6tLcfjKsTLnu") retry_cnt=0
2026-05-20T11:12:07.968708Z ERROR iota_benchmark: Transaction failed with err: FailToConfirmTransactionStatus(Digest("Av2mRYUvzLsH7AqBomS1tEfehRPrYjFT8sQ6pV3W4ivY"), 61) tx_digest=Digest("Av2mRYUvzLsH7AqBomS1tEfehRPrYjFT8sQ6pV3W4ivY") retry_cnt=0
2026-05-20T11:12:07.968716Z ERROR iota_benchmark: Transaction failed with err: FailToConfirmTransactionStatus(Digest("EqdGfRE3zuQ1UYuH7QERUcFMTuPuaopZ8wWy9NsDnJZX"), 61) tx_digest=Digest("EqdGfRE3zuQ1UYuH7QERUcFMTuPuaopZ8wWy9NsDnJZX") retry_cnt=0
2026-05-20T11:12:07.968726Z ERROR iota_benchmark: Transaction failed with err: FailToConfirmTransactionStatus(Digest("HoAikuXph9iRcAfhvp31NZUnXLqeWJPaZWHtRhdyCytm"), 61) tx_digest=Digest("HoAikuXph9iRcAfhvp31NZUnXLqeWJPaZWHtRhdyCytm") retry_cnt=0
2026-05-20T11:12:07.968762Z ERROR iota_benchmark: Transaction failed with err: FailToConfirmTransactionStatus(Digest("Cj5ghisX6gJuTURkuEN5pdMn7FBiPFqT3vQhgbsbx6gB"), 61) tx_digest=Digest("Cj5ghisX6gJuTURkuEN5pdMn7FBiPFqT3vQhgbsbx6gB") retry_cnt=0
2026-05-20T11:12:07.969069Z ERROR iota_benchmark: Transaction failed with err: FailToConfirmTransactionStatus(Digest("9VNMtwQEFg15QCxJWWEboooV6KirkSRDzYHQYpdpiWYC"), 61) tx_digest=Digest("9VNMtwQEFg15QCxJWWEboooV6KirkSRDzYHQYpdpiWYC") retry_cnt=0
2026-05-20T11:12:07.969069Z ERROR iota_benchmark: Transaction failed with err: FailToConfirmTransactionStatus(Digest("7tXsmUPUyBDoTQkfQATcsDY8FYKhTEAS4HPtn15jXv8Z"), 61) tx_digest=Digest("7tXsmUPUyBDoTQkfQATcsDY8FYKhTEAS4HPtn15jXv8Z") retry_cnt=0
2026-05-20T11:12:07.969085Z ERROR iota_benchmark: Transaction failed with err: FailToConfirmTransactionStatus(Digest("u89jkQ5PKc72VHC6NBB8K6ZYaFZXPCswQmo7ajWYsdV"), 61) tx_digest=Digest("u89jkQ5PKc72VHC6NBB8K6ZYaFZXPCswQmo7ajWYsdV") retry_cnt=0
2026-05-20T11:12:07.969134Z ERROR iota_benchmark: Transaction failed with err: FailToConfirmTransactionStatus(Digest("GHqjtH5mZxwnXXZNrQXh7mWqyUJUPYHX72ku1cVsrxwj"), 61) tx_digest=Digest("GHqjtH5mZxwnXXZNrQXh7mWqyUJUPYHX72ku1cVsrxwj") retry_cnt=0
2026-05-20T11:12:07.969169Z ERROR iota_benchmark: Transaction failed with err: FailToConfirmTransactionStatus(Digest("FmYqCDd5yG2HZ28vEEp2AMkNdpjX5T2hQJ7deNCK1EVf"), 61) tx_digest=Digest("FmYqCDd5yG2HZ28vEEp2AMkNdpjX5T2hQJ7deNCK1EVf") retry_cnt=0
2026-05-20T11:12:07.969173Z ERROR iota_benchmark: Transaction failed with err: FailToConfirmTransactionStatus(Digest("93Si1UMVo8SZyVjiNN3JeG1jNyE2MYVj2UkjJr3tX76n"), 61) tx_digest=Digest("93Si1UMVo8SZyVjiNN3JeG1jNyE2MYVj2UkjJr3tX76n") retry_cnt=0
2026-05-20T11:12:07.971983Z ERROR iota_benchmark: Transaction failed with err: FailToConfirmTransactionStatus(Digest("8xaJhDhEK6HcXzgbmHUniGAVEnwcVPXLBeTJqgSLFS6M"), 61) tx_digest=Digest("8xaJhDhEK6HcXzgbmHUniGAVEnwcVPXLBeTJqgSLFS6M") retry_cnt=0
2026-05-20T11:12:07.971985Z ERROR iota_benchmark: Transaction failed with err: FailToConfirmTransactionStatus(Digest("Fh96sVSRTaQ8UgU33EaRchszBBbeGQBjmAUsPqDAidXa"), 61) tx_digest=Digest("Fh96sVSRTaQ8UgU33EaRchszBBbeGQBjmAUsPqDAidXa") retry_cnt=0
2026-05-20T11:12:07.971997Z ERROR iota_benchmark: Transaction failed with err: FailToConfirmTransactionStatus(Digest("7bD8eLHcg4QxooYBjg4dkU47MekxJxa1YL9QyZVMups8"), 61) tx_digest=Digest("7bD8eLHcg4QxooYBjg4dkU47MekxJxa1YL9QyZVMups8") retry_cnt=0
2026-05-20T11:12:07.972256Z ERROR iota_benchmark: Transaction failed with err: FailToConfirmTransactionStatus(Digest("99Ytw23DnjpNPUi1cabF3gUa7eZx3da4XLcrKcotK1xx"), 61) tx_digest=Digest("99Ytw23DnjpNPUi1cabF3gUa7eZx3da4XLcrKcotK1xx") retry_cnt=0
2026-05-20T11:12:07.994367Z ERROR iota_benchmark: Transaction failed with err: FailToConfirmTransactionStatus(Digest("DiSfBZAYm3nfeDSaEhzJ9uMjuheoyLDG6BiM3zpLaRw9"), 61) tx_digest=Digest("DiSfBZAYm3nfeDSaEhzJ9uMjuheoyLDG6BiM3zpLaRw9") retry_cnt=0
2026-05-20T11:12:08.040584Z ERROR iota_benchmark: Transaction failed with err: FailToConfirmTransactionStatus(Digest("F9hq5h2wxJg4KxDfbLbyKhiMiM8vfeGoNuaozMAkYrS3"), 61) tx_digest=Digest("F9hq5h2wxJg4KxDfbLbyKhiMiM8vfeGoNuaozMAkYrS3") retry_cnt=0
2026-05-20T11:12:08.040592Z ERROR iota_benchmark: Transaction failed with err: FailToConfirmTransactionStatus(Digest("7dUXby8ZZjSqVZCw44L6jWBPZJKpzYFXwLz5ED2zcUXH"), 61) tx_digest=Digest("7dUXby8ZZjSqVZCw44L6jWBPZJKpzYFXwLz5ED2zcUXH") retry_cnt=0
2026-05-20T11:12:08.041000Z ERROR iota_benchmark: Transaction failed with err: FailToConfirmTransactionStatus(Digest("77EUscTyfSorLqsPMe6TUytbMYwA1qhZEqnRT7F4cpw4"), 61) tx_digest=Digest("77EUscTyfSorLqsPMe6TUytbMYwA1qhZEqnRT7F4cpw4") retry_cnt=0
2026-05-20T11:12:08.048108Z ERROR iota_benchmark: Transaction failed with err: FailToConfirmTransactionStatus(Digest("FDviQtq8jM8durBmbvFfs7v7cyQjtn1bW9Sy6GR7gRYd"), 61) tx_digest=Digest("FDviQtq8jM8durBmbvFfs7v7cyQjtn1bW9Sy6GR7gRYd") retry_cnt=0
2026-05-20T11:12:08.076605Z ERROR iota_benchmark: Transaction failed with err: FailToConfirmTransactionStatus(Digest("PFNuUQGx31mAcec3MkyMkLLJWjByWVkNsoEMhx4u2P2"), 61) tx_digest=Digest("PFNuUQGx31mAcec3MkyMkLLJWjByWVkNsoEMhx4u2P2") retry_cnt=0
2026-05-20T11:12:08.076609Z ERROR iota_benchmark: Transaction failed with err: FailToConfirmTransactionStatus(Digest("Gh5x2pXjCyhLWSKnrCJu2jxXwkYgQxUjkGcJYLDSjSDR"), 61) tx_digest=Digest("Gh5x2pXjCyhLWSKnrCJu2jxXwkYgQxUjkGcJYLDSjSDR") retry_cnt=0
2026-05-20T11:12:08.076624Z ERROR iota_benchmark: Transaction failed with err: FailToConfirmTransactionStatus(Digest("86QReHdr8RB6yKu68Kq2pCKjQeSxPtECfoB4MSwkZkTa"), 61) tx_digest=Digest("86QReHdr8RB6yKu68Kq2pCKjQeSxPtECfoB4MSwkZkTa") retry_cnt=0
2026-05-20T11:12:08.077188Z ERROR iota_benchmark: Transaction failed with err: FailToConfirmTransactionStatus(Digest("8mbw2EyS7ihLDciLkYdrKxiUsuNyqf2Px2ax8JFUC9Ut"), 61) tx_digest=Digest("8mbw2EyS7ihLDciLkYdrKxiUsuNyqf2Px2ax8JFUC9Ut") retry_cnt=0
2026-05-20T11:12:08.077150Z ERROR iota_benchmark: Transaction failed with err: FailToConfirmTransactionStatus(Digest("74LnXmmqGUdWySAHXxQxmUcUixBLy3D6A3XBsA5rbfn7"), 61) tx_digest=Digest("74LnXmmqGUdWySAHXxQxmUcUixBLy3D6A3XBsA5rbfn7") retry_cnt=0
2026-05-20T11:12:08.077244Z ERROR iota_benchmark: Transaction failed with err: FailToConfirmTransactionStatus(Digest("7tsgMwr6fNk8tbxzAhj9Ag4aEbZBBTBvUxtkVDi4yYJG"), 61) tx_digest=Digest("7tsgMwr6fNk8tbxzAhj9Ag4aEbZBBTBvUxtkVDi4yYJG") retry_cnt=0
2026-05-20T11:12:08.078838Z ERROR iota_benchmark: Transaction failed with err: FailToConfirmTransactionStatus(Digest("3hVHgdMfcKMMnXFCjeRaqX3tLhqXsNDVh2dT9ycfiH8v"), 61) tx_digest=Digest("3hVHgdMfcKMMnXFCjeRaqX3tLhqXsNDVh2dT9ycfiH8v") retry_cnt=0
2026-05-20T11:12:08.105105Z ERROR iota_benchmark: Transaction failed with err: FailToConfirmTransactionStatus(Digest("5i4aXEoSgT98rvg1sVFsdax48kUNLQHNrFVnCit4Vnca"), 61) tx_digest=Digest("5i4aXEoSgT98rvg1sVFsdax48kUNLQHNrFVnCit4Vnca") retry_cnt=0
2026-05-20T11:12:08.105103Z ERROR iota_benchmark: Transaction failed with err: FailToConfirmTransactionStatus(Digest("D7BJsnANuxLQU3GJ6x8jaJLSxVk11TEY7kgkAvrWzrg6"), 61) tx_digest=Digest("D7BJsnANuxLQU3GJ6x8jaJLSxVk11TEY7kgkAvrWzrg6") retry_cnt=0
2026-05-20T11:12:08.105139Z ERROR iota_benchmark: Transaction failed with err: FailToConfirmTransactionStatus(Digest("8PLvYmFEQtaHKM5wSeovCUzhrDn984GDMhQ7jqM8XG8Y"), 61) tx_digest=Digest("8PLvYmFEQtaHKM5wSeovCUzhrDn984GDMhQ7jqM8XG8Y") retry_cnt=0
2026-05-20T11:12:08.105165Z ERROR iota_benchmark: Transaction failed with err: FailToConfirmTransactionStatus(Digest("ZXRv3GaMnuyKCxD28X7ALD5yHkdJrSGZG4VTH1GzaZs"), 61) tx_digest=Digest("ZXRv3GaMnuyKCxD28X7ALD5yHkdJrSGZG4VTH1GzaZs") retry_cnt=0
2026-05-20T11:12:08.106948Z ERROR iota_benchmark: Transaction failed with err: FailToConfirmTransactionStatus(Digest("94qxG5rFkzdAD61b2okiWbUxMxFZMVrGjS53TsgUzoXe"), 61) tx_digest=Digest("94qxG5rFkzdAD61b2okiWbUxMxFZMVrGjS53TsgUzoXe") retry_cnt=0
2026-05-20T11:12:08.106949Z ERROR iota_benchmark: Transaction failed with err: FailToConfirmTransactionStatus(Digest("A3UFv4Yyn7YA7GePGVnrtXyFMWFV2d9JGtdpxj7uaL5v"), 61) tx_digest=Digest("A3UFv4Yyn7YA7GePGVnrtXyFMWFV2d9JGtdpxj7uaL5v") retry_cnt=0
2026-05-20T11:12:08.107228Z ERROR iota_benchmark: Transaction failed with err: FailToConfirmTransactionStatus(Digest("8Tcag9J3uSQy1R2Ur3Yat2HwMA4SRj1epGnAWnEGWXMF"), 61) tx_digest=Digest("8Tcag9J3uSQy1R2Ur3Yat2HwMA4SRj1epGnAWnEGWXMF") retry_cnt=0
2026-05-20T11:12:08.107278Z ERROR iota_benchmark: Transaction failed with err: FailToConfirmTransactionStatus(Digest("2ehjG84BA7yBuucuZi4XjwfiYYAiLcbmMHopdVc7YEtr"), 61) tx_digest=Digest("2ehjG84BA7yBuucuZi4XjwfiYYAiLcbmMHopdVc7YEtr") retry_cnt=0
2026-05-20T11:12:08.107830Z ERROR iota_benchmark: Transaction failed with err: FailToConfirmTransactionStatus(Digest("6tbCNn5W1nwTh3rCWn5FxHh7g5YPiqUpsiLTWdfrU82R"), 61) tx_digest=Digest("6tbCNn5W1nwTh3rCWn5FxHh7g5YPiqUpsiLTWdfrU82R") retry_cnt=0
2026-05-20T11:12:08.108270Z ERROR iota_benchmark: Transaction failed with err: FailToConfirmTransactionStatus(Digest("AnjBmahmUuJiAwvzyzpzz9FDpKwbuZorncNJmxdnrYuH"), 61) tx_digest=Digest("AnjBmahmUuJiAwvzyzpzz9FDpKwbuZorncNJmxdnrYuH") retry_cnt=0
2026-05-20T11:12:08.109040Z ERROR iota_benchmark: Transaction failed with err: FailToConfirmTransactionStatus(Digest("EfKtqu5yaF6vTKt6Hee1B19vAffZrn1rq7YpxWMfXu6F"), 61) tx_digest=Digest("EfKtqu5yaF6vTKt6Hee1B19vAffZrn1rq7YpxWMfXu6F") retry_cnt=0
2026-05-20T11:12:08.134337Z ERROR iota_benchmark: Transaction failed with err: FailToConfirmTransactionStatus(Digest("gzdwzG1trtkhj1MmpwkWG74eJcGBeUvxoWJeyM9gPm6"), 61) tx_digest=Digest("gzdwzG1trtkhj1MmpwkWG74eJcGBeUvxoWJeyM9gPm6") retry_cnt=0
2026-05-20T11:12:08.134355Z ERROR iota_benchmark: Transaction failed with err: FailToConfirmTransactionStatus(Digest("D6wqxemaMycj68KHngz6LCjw29WX5ArL4WGi1cv939B2"), 61) tx_digest=Digest("D6wqxemaMycj68KHngz6LCjw29WX5ArL4WGi1cv939B2") retry_cnt=0
2026-05-20T11:12:08.137061Z ERROR iota_benchmark: Transaction failed with err: FailToConfirmTransactionStatus(Digest("J6hfrYaeuKqU1Xs1WPsQAsVFVFQjEUNNpGyFJZDPcCxy"), 61) tx_digest=Digest("J6hfrYaeuKqU1Xs1WPsQAsVFVFQjEUNNpGyFJZDPcCxy") retry_cnt=0
2026-05-20T11:12:08.160218Z ERROR iota_benchmark: Transaction failed with err: FailToConfirmTransactionStatus(Digest("3BARvr1tGVxQoE3KhocwvvLSFRiMuCiLPSSTD6g1XjvT"), 61) tx_digest=Digest("3BARvr1tGVxQoE3KhocwvvLSFRiMuCiLPSSTD6g1XjvT") retry_cnt=0
2026-05-20T11:12:08.162261Z ERROR iota_benchmark: Transaction failed with err: FailToConfirmTransactionStatus(Digest("6u2juviA9fuqDnGL13hA4vQcKXYUnm9TbTvDwNPJ4AxY"), 61) tx_digest=Digest("6u2juviA9fuqDnGL13hA4vQcKXYUnm9TbTvDwNPJ4AxY") retry_cnt=0
2026-05-20T11:12:08.207465Z ERROR iota_benchmark: Transaction failed with err: Rpc(Call(ErrorObject { code: ServerError(-32050), message: "Transaction timed out before reaching finality", data: None })) tx_digest=Digest("2Vaw2vL52zPSu76jnt9ccGaAHn6yBUAbdUJNam1VjfNP") retry_cnt=0
2026-05-20T11:12:08.250586Z ERROR iota_benchmark: Transaction failed with err: FailToConfirmTransactionStatus(Digest("DsDwSjp5raHVwEtwRcBjVdq1urvnRsf1pqPMJ9tLFE7H"), 61) tx_digest=Digest("DsDwSjp5raHVwEtwRcBjVdq1urvnRsf1pqPMJ9tLFE7H") retry_cnt=0
2026-05-20T11:12:08.265628Z ERROR iota_benchmark: Transaction failed with err: FailToConfirmTransactionStatus(Digest("FyhEP6zefjxPFyPLNiWt1HCYaS8uXGsA4B4uStnfczCH"), 61) tx_digest=Digest("FyhEP6zefjxPFyPLNiWt1HCYaS8uXGsA4B4uStnfczCH") retry_cnt=0
2026-05-20T11:12:08.267234Z ERROR iota_benchmark: Transaction failed with err: FailToConfirmTransactionStatus(Digest("BL82FvRQb8dsMWx3R5QnvK6KndYMFhVbhsisGX3JuEg3"), 61) tx_digest=Digest("BL82FvRQb8dsMWx3R5QnvK6KndYMFhVbhsisGX3JuEg3") retry_cnt=0
2026-05-20T11:12:08.269656Z ERROR iota_benchmark: Transaction failed with err: FailToConfirmTransactionStatus(Digest("CzFiGr38DmGYfU6gcAXLmyUWUnnNn8nzvdAjdwqopMDg"), 61) tx_digest=Digest("CzFiGr38DmGYfU6gcAXLmyUWUnnNn8nzvdAjdwqopMDg") retry_cnt=0
2026-05-20T11:12:08.269670Z ERROR iota_benchmark: Transaction failed with err: FailToConfirmTransactionStatus(Digest("G95kBzJ124JDc52Nzk5R8wq8jZukGLXcMeb5Awpk2nGS"), 61) tx_digest=Digest("G95kBzJ124JDc52Nzk5R8wq8jZukGLXcMeb5Awpk2nGS") retry_cnt=0
2026-05-20T11:12:08.269740Z ERROR iota_benchmark: Transaction failed with err: FailToConfirmTransactionStatus(Digest("7mCRVeTQg2teoHBzPQJg2JddS9nZ7Gex3ZzWdjTxh45G"), 61) tx_digest=Digest("7mCRVeTQg2teoHBzPQJg2JddS9nZ7Gex3ZzWdjTxh45G") retry_cnt=0
2026-05-20T11:12:08.270280Z ERROR iota_benchmark: Transaction failed with err: FailToConfirmTransactionStatus(Digest("42tgAT7pTgVFpwnPW3dZT3k1NBJpWJjGckpmZHDUSJmY"), 61) tx_digest=Digest("42tgAT7pTgVFpwnPW3dZT3k1NBJpWJjGckpmZHDUSJmY") retry_cnt=0
2026-05-20T11:12:08.271780Z ERROR iota_benchmark: Transaction failed with err: FailToConfirmTransactionStatus(Digest("EENtwkwPsw6L1gVrRXSq4HNmN63vwE93gnFdd5dnv8wP"), 61) tx_digest=Digest("EENtwkwPsw6L1gVrRXSq4HNmN63vwE93gnFdd5dnv8wP") retry_cnt=0
2026-05-20T11:12:08.273233Z ERROR iota_benchmark: Transaction failed with err: FailToConfirmTransactionStatus(Digest("CK9MNb6L9Hk8Sh4UZfZGbUh1hdGmNjVm23Y2QBYcTyDe"), 61) tx_digest=Digest("CK9MNb6L9Hk8Sh4UZfZGbUh1hdGmNjVm23Y2QBYcTyDe") retry_cnt=0
2026-05-20T11:12:08.273243Z ERROR iota_benchmark: Transaction failed with err: FailToConfirmTransactionStatus(Digest("2zTVBtx7bMatWHAZFm2oiQHijurmuRHzRg9WMgwcf5xt"), 61) tx_digest=Digest("2zTVBtx7bMatWHAZFm2oiQHijurmuRHzRg9WMgwcf5xt") retry_cnt=0
2026-05-20T11:12:08.276700Z ERROR iota_benchmark: Transaction failed with err: FailToConfirmTransactionStatus(Digest("BmpKT5d4wqMK4ZbW1dezvBLmu5okkhRGxzrsD5gxs1B2"), 61) tx_digest=Digest("BmpKT5d4wqMK4ZbW1dezvBLmu5okkhRGxzrsD5gxs1B2") retry_cnt=0
2026-05-20T11:12:08.278186Z ERROR iota_benchmark: Transaction failed with err: FailToConfirmTransactionStatus(Digest("JAxvZZyKakoyk355QJAbRUfjcNyphtS41dZTHw66nG8J"), 61) tx_digest=Digest("JAxvZZyKakoyk355QJAbRUfjcNyphtS41dZTHw66nG8J") retry_cnt=0
2026-05-20T11:12:08.278189Z ERROR iota_benchmark: Transaction failed with err: FailToConfirmTransactionStatus(Digest("FHtLm1gEXF4REijuo7659xHMfuVKtBR7sDxbaHUnKuZ3"), 61) tx_digest=Digest("FHtLm1gEXF4REijuo7659xHMfuVKtBR7sDxbaHUnKuZ3") retry_cnt=0
2026-05-20T11:12:08.278195Z ERROR iota_benchmark: Transaction failed with err: FailToConfirmTransactionStatus(Digest("Gnn8YzJA5GBwjaWsc1yZkv6pvB9E7bw2cmETRZNd9MDD"), 61) tx_digest=Digest("Gnn8YzJA5GBwjaWsc1yZkv6pvB9E7bw2cmETRZNd9MDD") retry_cnt=0
2026-05-20T11:12:08.278369Z ERROR iota_benchmark: Transaction failed with err: FailToConfirmTransactionStatus(Digest("5oju3py94Uy2QJZqjKsdoVmp7TDbykbapUXA4BmeCveD"), 61) tx_digest=Digest("5oju3py94Uy2QJZqjKsdoVmp7TDbykbapUXA4BmeCveD") retry_cnt=0
2026-05-20T11:12:08.279850Z ERROR iota_benchmark: Transaction failed with err: FailToConfirmTransactionStatus(Digest("3BodCMUYBuD4oj2uWtCki6HcAtRUKvknZzy6LXYBvscG"), 61) tx_digest=Digest("3BodCMUYBuD4oj2uWtCki6HcAtRUKvknZzy6LXYBvscG") retry_cnt=0
2026-05-20T11:12:08.279869Z ERROR iota_benchmark: Transaction failed with err: FailToConfirmTransactionStatus(Digest("4QJXfz4Fa5TkaqqHsLu1pXq3qYfrkLpcKdJHkiVjRYwj"), 61) tx_digest=Digest("4QJXfz4Fa5TkaqqHsLu1pXq3qYfrkLpcKdJHkiVjRYwj") retry_cnt=0
2026-05-20T11:12:08.279879Z ERROR iota_benchmark: Transaction failed with err: FailToConfirmTransactionStatus(Digest("DMv4j1S6MaYxqYcbxj7sx3btRa9pZ4XGJCHxHA6aXzSA"), 61) tx_digest=Digest("DMv4j1S6MaYxqYcbxj7sx3btRa9pZ4XGJCHxHA6aXzSA") retry_cnt=0
2026-05-20T11:12:08.279933Z ERROR iota_benchmark: Transaction failed with err: FailToConfirmTransactionStatus(Digest("HBfWt5RLoKeC86UUuCtdzd4FKc4cRq7yHdSV3mMRTSTC"), 61) tx_digest=Digest("HBfWt5RLoKeC86UUuCtdzd4FKc4cRq7yHdSV3mMRTSTC") retry_cnt=0
2026-05-20T11:12:08.280009Z ERROR iota_benchmark: Transaction failed with err: FailToConfirmTransactionStatus(Digest("H5pLzQbsKN7sHLC3zFN9KpX5ecdPj6ncKVzbdMbbiCZy"), 61) tx_digest=Digest("H5pLzQbsKN7sHLC3zFN9KpX5ecdPj6ncKVzbdMbbiCZy") retry_cnt=0
2026-05-20T11:12:08.280113Z ERROR iota_benchmark: Transaction failed with err: FailToConfirmTransactionStatus(Digest("fyj6j2ZRm1UFtj1ZyMhc9T47epLYDGjbnNKBu9RLPxN"), 61) tx_digest=Digest("fyj6j2ZRm1UFtj1ZyMhc9T47epLYDGjbnNKBu9RLPxN") retry_cnt=0
2026-05-20T11:12:08.280161Z ERROR iota_benchmark: Transaction failed with err: FailToConfirmTransactionStatus(Digest("CrZrQxPSqCrs53t9ZZMQ9o7xoyDQytJizBk1wKAZfcMp"), 61) tx_digest=Digest("CrZrQxPSqCrs53t9ZZMQ9o7xoyDQytJizBk1wKAZfcMp") retry_cnt=0
2026-05-20T11:12:08.280201Z ERROR iota_benchmark: Transaction failed with err: FailToConfirmTransactionStatus(Digest("Dogpd7dswC7z9LTL4mcrKHpsZsSiqpf3dzvrwBDqrbLb"), 61) tx_digest=Digest("Dogpd7dswC7z9LTL4mcrKHpsZsSiqpf3dzvrwBDqrbLb") retry_cnt=0
2026-05-20T11:12:08.280224Z ERROR iota_benchmark: Transaction failed with err: FailToConfirmTransactionStatus(Digest("HCVBLnjFqJCMf1kc3gSRXmKQSqfSSVSyV3tioFh1YqUa"), 61) tx_digest=Digest("HCVBLnjFqJCMf1kc3gSRXmKQSqfSSVSyV3tioFh1YqUa") retry_cnt=0
2026-05-20T11:12:08.280235Z ERROR iota_benchmark: Transaction failed with err: FailToConfirmTransactionStatus(Digest("7LGKfeDhCKbGw4HgbZiDYJbFfSrSWxNwwGZFV8iFG2K"), 61) tx_digest=Digest("7LGKfeDhCKbGw4HgbZiDYJbFfSrSWxNwwGZFV8iFG2K") retry_cnt=0
2026-05-20T11:12:08.280267Z ERROR iota_benchmark: Transaction failed with err: FailToConfirmTransactionStatus(Digest("9db5jWvwz6FcXW8vWrQ9kRi1dWkSyqE5AXBCwaGdneK7"), 61) tx_digest=Digest("9db5jWvwz6FcXW8vWrQ9kRi1dWkSyqE5AXBCwaGdneK7") retry_cnt=0
2026-05-20T11:12:08.280308Z ERROR iota_benchmark: Transaction failed with err: FailToConfirmTransactionStatus(Digest("BPosuwq5iM72AXuydMGTNEPVsFAjmY5KFV56VdUrvT1u"), 61) tx_digest=Digest("BPosuwq5iM72AXuydMGTNEPVsFAjmY5KFV56VdUrvT1u") retry_cnt=0
2026-05-20T11:12:08.280348Z ERROR iota_benchmark: Transaction failed with err: FailToConfirmTransactionStatus(Digest("AftM1SfQDGJEXJaXgxK7DXkVEuAHS4LNnQr6CovNy8KA"), 61) tx_digest=Digest("AftM1SfQDGJEXJaXgxK7DXkVEuAHS4LNnQr6CovNy8KA") retry_cnt=0
2026-05-20T11:12:08.280351Z ERROR iota_benchmark: Transaction failed with err: FailToConfirmTransactionStatus(Digest("HTmJA9DLVbyw2muwViBLVBk1Z4Co867tKNFPD4R1SdP7"), 61) tx_digest=Digest("HTmJA9DLVbyw2muwViBLVBk1Z4Co867tKNFPD4R1SdP7") retry_cnt=0
2026-05-20T11:12:08.280406Z ERROR iota_benchmark: Transaction failed with err: FailToConfirmTransactionStatus(Digest("Ax74gCfkpunrfdhBP2CUCZtjUMkMjhRT15gqbYvR2gdK"), 61) tx_digest=Digest("Ax74gCfkpunrfdhBP2CUCZtjUMkMjhRT15gqbYvR2gdK") retry_cnt=0
2026-05-20T11:12:08.280413Z ERROR iota_benchmark: Transaction failed with err: FailToConfirmTransactionStatus(Digest("A9M8CLm7BxMt9Yq9gyoZAkLETbrVY4vZE8v4iy3GHQnV"), 61) tx_digest=Digest("A9M8CLm7BxMt9Yq9gyoZAkLETbrVY4vZE8v4iy3GHQnV") retry_cnt=0
2026-05-20T11:12:08.280983Z ERROR iota_benchmark: Transaction failed with err: FailToConfirmTransactionStatus(Digest("2i8etmahJgSafjjVs9pUYUHEJuZaQzqRH1xoiyMr9i1U"), 61) tx_digest=Digest("2i8etmahJgSafjjVs9pUYUHEJuZaQzqRH1xoiyMr9i1U") retry_cnt=0
2026-05-20T11:12:08.281170Z ERROR iota_benchmark: Transaction failed with err: FailToConfirmTransactionStatus(Digest("CXosWW3WWa6AXN2NhdU6bDpUGpxQ7b4xVgTQjvwy2dK"), 61) tx_digest=Digest("CXosWW3WWa6AXN2NhdU6bDpUGpxQ7b4xVgTQjvwy2dK") retry_cnt=0
2026-05-20T11:12:08.281178Z ERROR iota_benchmark: Transaction failed with err: FailToConfirmTransactionStatus(Digest("767raQC2sPnvtfpQTasvRFKbE5Vg7RXxET42M4rMg3v6"), 61) tx_digest=Digest("767raQC2sPnvtfpQTasvRFKbE5Vg7RXxET42M4rMg3v6") retry_cnt=0
2026-05-20T11:12:08.281195Z ERROR iota_benchmark: Transaction failed with err: FailToConfirmTransactionStatus(Digest("FHgE1VELxNT918DCnFU25CYXdrwFw4NuL6ktDy1gWamj"), 61) tx_digest=Digest("FHgE1VELxNT918DCnFU25CYXdrwFw4NuL6ktDy1gWamj") retry_cnt=0
2026-05-20T11:12:08.281249Z ERROR iota_benchmark: Transaction failed with err: FailToConfirmTransactionStatus(Digest("3khx1C66Jw6UtNeBXcmDUuQPN7MMwBMShC2LppRUk6nT"), 61) tx_digest=Digest("3khx1C66Jw6UtNeBXcmDUuQPN7MMwBMShC2LppRUk6nT") retry_cnt=0
2026-05-20T11:12:08.281267Z ERROR iota_benchmark: Transaction failed with err: FailToConfirmTransactionStatus(Digest("2xE7YNRUVyqXpRkRZtgT4VhDLwdmSeF1CxZZcQyAw7Q3"), 61) tx_digest=Digest("2xE7YNRUVyqXpRkRZtgT4VhDLwdmSeF1CxZZcQyAw7Q3") retry_cnt=0
2026-05-20T11:12:08.281304Z ERROR iota_benchmark: Transaction failed with err: FailToConfirmTransactionStatus(Digest("CSPXoPQgCRdYMTy6uq936M6eszhE51nj445gDAsTMqhm"), 61) tx_digest=Digest("CSPXoPQgCRdYMTy6uq936M6eszhE51nj445gDAsTMqhm") retry_cnt=0
2026-05-20T11:12:08.281394Z ERROR iota_benchmark: Transaction failed with err: FailToConfirmTransactionStatus(Digest("2UcTDJMEstR5MA59txD2L2Pgubpi34bKALpwAC98xifz"), 61) tx_digest=Digest("2UcTDJMEstR5MA59txD2L2Pgubpi34bKALpwAC98xifz") retry_cnt=0
2026-05-20T11:12:08.281432Z ERROR iota_benchmark: Transaction failed with err: FailToConfirmTransactionStatus(Digest("DfsHzL1JHKYSjAnNmy2kkt21pSvo2tJQuFs56BQskwF3"), 61) tx_digest=Digest("DfsHzL1JHKYSjAnNmy2kkt21pSvo2tJQuFs56BQskwF3") retry_cnt=0
2026-05-20T11:12:08.281528Z ERROR iota_benchmark: Transaction failed with err: FailToConfirmTransactionStatus(Digest("3RULgZp4Ev7dp91gZXtUvqhNNPrkJzB7BRqALqhVjSbh"), 61) tx_digest=Digest("3RULgZp4Ev7dp91gZXtUvqhNNPrkJzB7BRqALqhVjSbh") retry_cnt=0
2026-05-20T11:12:08.281453Z ERROR iota_benchmark: Transaction failed with err: FailToConfirmTransactionStatus(Digest("473zdKKRM13ZRM5cRWAh2X62NP62b5y1Zw5EBkcpEVZQ"), 61) tx_digest=Digest("473zdKKRM13ZRM5cRWAh2X62NP62b5y1Zw5EBkcpEVZQ") retry_cnt=0
2026-05-20T11:12:08.281539Z ERROR iota_benchmark: Transaction failed with err: FailToConfirmTransactionStatus(Digest("E6hgQ9imWTSyisS5ajRCpXHFpNUquDN2EnFiiCC5CZ9X"), 61) tx_digest=Digest("E6hgQ9imWTSyisS5ajRCpXHFpNUquDN2EnFiiCC5CZ9X") retry_cnt=0
2026-05-20T11:12:08.281592Z ERROR iota_benchmark: Transaction failed with err: FailToConfirmTransactionStatus(Digest("BAfBwukZwgPRzztNsnk8fA53d4qWHskfrP2TbAufUVRq"), 61) tx_digest=Digest("BAfBwukZwgPRzztNsnk8fA53d4qWHskfrP2TbAufUVRq") retry_cnt=0
2026-05-20T11:12:08.281598Z ERROR iota_benchmark: Transaction failed with err: FailToConfirmTransactionStatus(Digest("7b1M1tEjT4gyB4hRDyegGNr8nL9TNu6pa4Eh31GNZT4H"), 61) tx_digest=Digest("7b1M1tEjT4gyB4hRDyegGNr8nL9TNu6pa4Eh31GNZT4H") retry_cnt=0
2026-05-20T11:12:08.281612Z ERROR iota_benchmark: Transaction failed with err: FailToConfirmTransactionStatus(Digest("CsaNg6mQADQ5CY5dseBynVkBP1w11WiH6yH2BmSAMTQA"), 61) tx_digest=Digest("CsaNg6mQADQ5CY5dseBynVkBP1w11WiH6yH2BmSAMTQA") retry_cnt=0
2026-05-20T11:12:08.281635Z ERROR iota_benchmark: Transaction failed with err: FailToConfirmTransactionStatus(Digest("72LnX14JhVQEbBJfcbjVRw7uvCxnRuxoW6TyGTNCzMiR"), 61) tx_digest=Digest("72LnX14JhVQEbBJfcbjVRw7uvCxnRuxoW6TyGTNCzMiR") retry_cnt=0
2026-05-20T11:12:08.281656Z ERROR iota_benchmark: Transaction failed with err: FailToConfirmTransactionStatus(Digest("FQ16DNq15YDHjX6XCVeJFcZtHgJS9x9iHNYFPTE1Ke4F"), 61) tx_digest=Digest("FQ16DNq15YDHjX6XCVeJFcZtHgJS9x9iHNYFPTE1Ke4F") retry_cnt=0
2026-05-20T11:12:08.281666Z ERROR iota_benchmark: Transaction failed with err: FailToConfirmTransactionStatus(Digest("HQ6zjk7yULP8mvLsyi1RPKL3SQCLANoEZF8XzuMBs1Mn"), 61) tx_digest=Digest("HQ6zjk7yULP8mvLsyi1RPKL3SQCLANoEZF8XzuMBs1Mn") retry_cnt=0
2026-05-20T11:12:08.281689Z ERROR iota_benchmark: Transaction failed with err: FailToConfirmTransactionStatus(Digest("DicsR6KqbX4ncBoAb34XjwrAYppcjshaudU9f5qYePu1"), 61) tx_digest=Digest("DicsR6KqbX4ncBoAb34XjwrAYppcjshaudU9f5qYePu1") retry_cnt=0
2026-05-20T11:12:08.281716Z ERROR iota_benchmark: Transaction failed with err: FailToConfirmTransactionStatus(Digest("27x7iTSVn7KVVasMRhkTjooQr5zAj7FF15zaAa6f7eN7"), 61) tx_digest=Digest("27x7iTSVn7KVVasMRhkTjooQr5zAj7FF15zaAa6f7eN7") retry_cnt=0
2026-05-20T11:12:08.281748Z ERROR iota_benchmark: Transaction failed with err: FailToConfirmTransactionStatus(Digest("2WRpwQ2Tk4JcHLEh5N46232Q2Shp2f8esKnJ1ZmMbm6R"), 61) tx_digest=Digest("2WRpwQ2Tk4JcHLEh5N46232Q2Shp2f8esKnJ1ZmMbm6R") retry_cnt=0
2026-05-20T11:12:08.282137Z ERROR iota_benchmark: Transaction failed with err: FailToConfirmTransactionStatus(Digest("HRFYvTbVxibgc7fCtDF6F4yZXkNj9LgzTcAG7wfrXKXs"), 61) tx_digest=Digest("HRFYvTbVxibgc7fCtDF6F4yZXkNj9LgzTcAG7wfrXKXs") retry_cnt=0
2026-05-20T11:12:08.282146Z ERROR iota_benchmark: Transaction failed with err: FailToConfirmTransactionStatus(Digest("3kbwa8JCXdcZV9p1PSArq96YUFrcoDQLVzah3bxR29UB"), 61) tx_digest=Digest("3kbwa8JCXdcZV9p1PSArq96YUFrcoDQLVzah3bxR29UB") retry_cnt=0
2026-05-20T11:12:08.282171Z ERROR iota_benchmark: Transaction failed with err: FailToConfirmTransactionStatus(Digest("BLQMqRUMjUvN9LEn3m9hdtsDiKZkmW9iqyTsxs68TNL5"), 61) tx_digest=Digest("BLQMqRUMjUvN9LEn3m9hdtsDiKZkmW9iqyTsxs68TNL5") retry_cnt=0
2026-05-20T11:12:08.282230Z ERROR iota_benchmark: Transaction failed with err: FailToConfirmTransactionStatus(Digest("7PJGg8oiT3Q1u1vNSBf3Uabvw4MGzMisEbm7xmENr6Jw"), 61) tx_digest=Digest("7PJGg8oiT3Q1u1vNSBf3Uabvw4MGzMisEbm7xmENr6Jw") retry_cnt=0
2026-05-20T11:12:08.282230Z ERROR iota_benchmark: Transaction failed with err: FailToConfirmTransactionStatus(Digest("4xUyBPprCxNAHCaMjrZo83Ty5NxYmqCjWhdyDhsN6rnQ"), 61) tx_digest=Digest("4xUyBPprCxNAHCaMjrZo83Ty5NxYmqCjWhdyDhsN6rnQ") retry_cnt=0
2026-05-20T11:12:08.284720Z ERROR iota_benchmark: Transaction failed with err: FailToConfirmTransactionStatus(Digest("AxvD92g26SuT3qqqTYUp8tUrAjMkQ3EmWmDi7MLvnQup"), 61) tx_digest=Digest("AxvD92g26SuT3qqqTYUp8tUrAjMkQ3EmWmDi7MLvnQup") retry_cnt=0
2026-05-20T11:12:08.289650Z ERROR iota_benchmark: Transaction failed with err: FailToConfirmTransactionStatus(Digest("A7cCsa4qbfVsPP8E3e9QAiv57nHcDH2GM8hVfFBwMCzf"), 61) tx_digest=Digest("A7cCsa4qbfVsPP8E3e9QAiv57nHcDH2GM8hVfFBwMCzf") retry_cnt=0
2026-05-20T11:12:08.289663Z ERROR iota_benchmark: Transaction failed with err: FailToConfirmTransactionStatus(Digest("Hdv4RPLtWZyXPcCRNTBzPPhv56jiYeNAuNBwnfHJiPVD"), 61) tx_digest=Digest("Hdv4RPLtWZyXPcCRNTBzPPhv56jiYeNAuNBwnfHJiPVD") retry_cnt=0
2026-05-20T11:12:08.289663Z ERROR iota_benchmark: Transaction failed with err: FailToConfirmTransactionStatus(Digest("FqUqWnx7FnL7NzYnxVBiqmSSz3xEvFRv5b22rAudHWQU"), 61) tx_digest=Digest("FqUqWnx7FnL7NzYnxVBiqmSSz3xEvFRv5b22rAudHWQU") retry_cnt=0
2026-05-20T11:12:08.295761Z ERROR iota_benchmark: Transaction failed with err: FailToConfirmTransactionStatus(Digest("GJGLfUh3pWut9s5ZBKSZWdjPhASWtrYpX6EvPZhVDwEi"), 61) tx_digest=Digest("GJGLfUh3pWut9s5ZBKSZWdjPhASWtrYpX6EvPZhVDwEi") retry_cnt=0
2026-05-20T11:12:08.297815Z ERROR iota_benchmark: Transaction failed with err: FailToConfirmTransactionStatus(Digest("ENQ61oDmg5JYWvztRzgMiGKEaYYybMKcMdQE1c6PsKUp"), 61) tx_digest=Digest("ENQ61oDmg5JYWvztRzgMiGKEaYYybMKcMdQE1c6PsKUp") retry_cnt=0
2026-05-20T11:12:08.297818Z ERROR iota_benchmark: Transaction failed with err: FailToConfirmTransactionStatus(Digest("ErQWca4nuRHjsW4v8T8SUnqHVQmTW6foeJJcemqdgGdc"), 61) tx_digest=Digest("ErQWca4nuRHjsW4v8T8SUnqHVQmTW6foeJJcemqdgGdc") retry_cnt=0
2026-05-20T11:12:08.297821Z ERROR iota_benchmark: Transaction failed with err: FailToConfirmTransactionStatus(Digest("5LT1kHzYF3sexqWuJEL3EEzHcXhqLjUwnWjycF6tdqAX"), 61) tx_digest=Digest("5LT1kHzYF3sexqWuJEL3EEzHcXhqLjUwnWjycF6tdqAX") retry_cnt=0
2026-05-20T11:12:08.298066Z ERROR iota_benchmark: Transaction failed with err: FailToConfirmTransactionStatus(Digest("FpuhbfmNnR8HqoFQwHXREKB27gm2V3QaikXcPcPe6VnD"), 61) tx_digest=Digest("FpuhbfmNnR8HqoFQwHXREKB27gm2V3QaikXcPcPe6VnD") retry_cnt=0
2026-05-20T11:12:08.298079Z ERROR iota_benchmark: Transaction failed with err: FailToConfirmTransactionStatus(Digest("8T66K6SRoQNoYgkv8xCy18wQviCK783EVv78dRfrn15n"), 61) tx_digest=Digest("8T66K6SRoQNoYgkv8xCy18wQviCK783EVv78dRfrn15n") retry_cnt=0
2026-05-20T11:12:08.308084Z ERROR iota_benchmark: Transaction failed with err: FailToConfirmTransactionStatus(Digest("8ZNaLRs4RsZ1FoE8oXDZgxw9i1fuWJ7C1Y8pa4eZmJHS"), 61) tx_digest=Digest("8ZNaLRs4RsZ1FoE8oXDZgxw9i1fuWJ7C1Y8pa4eZmJHS") retry_cnt=0
2026-05-20T11:12:08.317223Z ERROR iota_benchmark: Transaction failed with err: FailToConfirmTransactionStatus(Digest("9GnvpWrpiR3Hsrw56wB3nKoacX9zgA3NUG11YpU1xZTh"), 61) tx_digest=Digest("9GnvpWrpiR3Hsrw56wB3nKoacX9zgA3NUG11YpU1xZTh") retry_cnt=0
2026-05-20T11:12:08.335834Z ERROR iota_benchmark: Transaction failed with err: FailToConfirmTransactionStatus(Digest("GFyWHH42wGHftGVhekbvW9J5cBJtFDtweLLWr29hK4te"), 61) tx_digest=Digest("GFyWHH42wGHftGVhekbvW9J5cBJtFDtweLLWr29hK4te") retry_cnt=0
2026-05-20T11:12:08.335834Z ERROR iota_benchmark: Transaction failed with err: FailToConfirmTransactionStatus(Digest("6KBPKGLiF8kpdAQBx6UxwZ9YGbhYQEKxAoHeoALNh5vF"), 61) tx_digest=Digest("6KBPKGLiF8kpdAQBx6UxwZ9YGbhYQEKxAoHeoALNh5vF") retry_cnt=0
2026-05-20T11:12:08.335845Z ERROR iota_benchmark: Transaction failed with err: FailToConfirmTransactionStatus(Digest("7Au8QbUEdTzRC2yppKdPw4miXttbTmiYit4HJbqk62ZU"), 61) tx_digest=Digest("7Au8QbUEdTzRC2yppKdPw4miXttbTmiYit4HJbqk62ZU") retry_cnt=0
2026-05-20T11:12:08.338573Z ERROR iota_benchmark: Transaction failed with err: FailToConfirmTransactionStatus(Digest("2efZ5Ff1DNDdiFA3wxTg6HfFRQuXRGmvqjxH92rTQ4NT"), 61) tx_digest=Digest("2efZ5Ff1DNDdiFA3wxTg6HfFRQuXRGmvqjxH92rTQ4NT") retry_cnt=0
2026-05-20T11:12:08.338584Z ERROR iota_benchmark: Transaction failed with err: FailToConfirmTransactionStatus(Digest("DrujWcUAqdFzQFbeYimpUwV6tkut3pR8RWTy2hPqB8o"), 61) tx_digest=Digest("DrujWcUAqdFzQFbeYimpUwV6tkut3pR8RWTy2hPqB8o") retry_cnt=0
2026-05-20T11:12:08.338690Z ERROR iota_benchmark: Transaction failed with err: FailToConfirmTransactionStatus(Digest("BVGhssqByr5tJoeUEdxT4onnHAss6ss5A6YcDH49tLMj"), 61) tx_digest=Digest("BVGhssqByr5tJoeUEdxT4onnHAss6ss5A6YcDH49tLMj") retry_cnt=0
2026-05-20T11:12:08.343468Z ERROR iota_benchmark: Transaction failed with err: FailToConfirmTransactionStatus(Digest("7EPDnuSudjHSQSjPK6xXswCJ7pFpsuBfZcXesx5K7k5h"), 61) tx_digest=Digest("7EPDnuSudjHSQSjPK6xXswCJ7pFpsuBfZcXesx5K7k5h") retry_cnt=0
2026-05-20T11:12:08.352949Z ERROR iota_benchmark: Transaction failed with err: FailToConfirmTransactionStatus(Digest("9y1958HyJ3hLJPF17WurMBpzAhRnC1iqaA8jgocD5qtM"), 61) tx_digest=Digest("9y1958HyJ3hLJPF17WurMBpzAhRnC1iqaA8jgocD5qtM") retry_cnt=0
2026-05-20T11:12:08.357865Z ERROR iota_benchmark: Transaction failed with err: FailToConfirmTransactionStatus(Digest("EqCXqXP8cF6LFy3hA2nfaKY7BtJkdRpiMbeXo3biRaFz"), 61) tx_digest=Digest("EqCXqXP8cF6LFy3hA2nfaKY7BtJkdRpiMbeXo3biRaFz") retry_cnt=0
2026-05-20T11:12:08.357862Z ERROR iota_benchmark: Transaction failed with err: FailToConfirmTransactionStatus(Digest("GFkeB426RnReAYrZV6QN21Ch4h9RBXkawcbWCS2vdjEm"), 61) tx_digest=Digest("GFkeB426RnReAYrZV6QN21Ch4h9RBXkawcbWCS2vdjEm") retry_cnt=0
2026-05-20T11:12:08.357908Z ERROR iota_benchmark: Transaction failed with err: FailToConfirmTransactionStatus(Digest("38BzH44mJPMRDUyZBscuEfUjf1sGb8wdxN7K1zdMCufD"), 62) tx_digest=Digest("38BzH44mJPMRDUyZBscuEfUjf1sGb8wdxN7K1zdMCufD") retry_cnt=0
2026-05-20T11:12:08.357923Z ERROR iota_benchmark: Transaction failed with err: FailToConfirmTransactionStatus(Digest("AWQ7nBZ89hbA22eTMX6xoPZq3nPWtnWG56zoYpajvRsf"), 61) tx_digest=Digest("AWQ7nBZ89hbA22eTMX6xoPZq3nPWtnWG56zoYpajvRsf") retry_cnt=0
2026-05-20T11:12:08.357998Z ERROR iota_benchmark: Transaction failed with err: FailToConfirmTransactionStatus(Digest("8dgom5ov2pKxcQq3nGjbFwEQNwv7GY6vTaEYmBd134Nv"), 61) tx_digest=Digest("8dgom5ov2pKxcQq3nGjbFwEQNwv7GY6vTaEYmBd134Nv") retry_cnt=0
2026-05-20T11:12:08.358010Z ERROR iota_benchmark: Transaction failed with err: FailToConfirmTransactionStatus(Digest("J8fgkK1L9SffsmAeo6dJjDpCjxXTqVzUjbYFkTAGptJj"), 61) tx_digest=Digest("J8fgkK1L9SffsmAeo6dJjDpCjxXTqVzUjbYFkTAGptJj") retry_cnt=0
2026-05-20T11:12:08.358060Z ERROR iota_benchmark: Transaction failed with err: FailToConfirmTransactionStatus(Digest("97JvWwMkxFSSx7AYu8HNF81ipw8yuqA2BaX81eqk2ivB"), 61) tx_digest=Digest("97JvWwMkxFSSx7AYu8HNF81ipw8yuqA2BaX81eqk2ivB") retry_cnt=0
2026-05-20T11:12:08.358079Z ERROR iota_benchmark: Transaction failed with err: FailToConfirmTransactionStatus(Digest("AqHgFsKcFoFchi7G4MXmhcRRpryv9VqHwdx3vNorufro"), 61) tx_digest=Digest("AqHgFsKcFoFchi7G4MXmhcRRpryv9VqHwdx3vNorufro") retry_cnt=0
2026-05-20T11:12:08.358078Z ERROR iota_benchmark: Transaction failed with err: FailToConfirmTransactionStatus(Digest("E5shZ7v9VGQnoL5bgZTeR3KvRK3UCpJFQ9ZwsR1tMC65"), 61) tx_digest=Digest("E5shZ7v9VGQnoL5bgZTeR3KvRK3UCpJFQ9ZwsR1tMC65") retry_cnt=0
2026-05-20T11:12:08.359602Z ERROR iota_benchmark: Transaction failed with err: FailToConfirmTransactionStatus(Digest("DEkcrDNZ2bWeoioSL8UYhkCmrzwdN24XcgyVe49gKTfF"), 61) tx_digest=Digest("DEkcrDNZ2bWeoioSL8UYhkCmrzwdN24XcgyVe49gKTfF") retry_cnt=0
2026-05-20T11:12:08.359609Z ERROR iota_benchmark: Transaction failed with err: FailToConfirmTransactionStatus(Digest("8MwkZrryLk5HmpHy7P18sPRbbK5gvpYhGfmZs47XqyTp"), 61) tx_digest=Digest("8MwkZrryLk5HmpHy7P18sPRbbK5gvpYhGfmZs47XqyTp") retry_cnt=0
2026-05-20T11:12:08.361005Z ERROR iota_benchmark: Transaction failed with err: FailToConfirmTransactionStatus(Digest("9GvH6VFeD1K8gHJDKRr1FkbtQkKYREDdLePN9rr1daxk"), 61) tx_digest=Digest("9GvH6VFeD1K8gHJDKRr1FkbtQkKYREDdLePN9rr1daxk") retry_cnt=0
2026-05-20T11:12:08.361153Z ERROR iota_benchmark: Transaction failed with err: FailToConfirmTransactionStatus(Digest("733n4VGBwcj3JsZ6UopeyrseothM22zn3M2Rp5k7giVe"), 61) tx_digest=Digest("733n4VGBwcj3JsZ6UopeyrseothM22zn3M2Rp5k7giVe") retry_cnt=0
2026-05-20T11:12:08.363629Z ERROR iota_benchmark: Transaction failed with err: FailToConfirmTransactionStatus(Digest("4p5dwC7Py3RJuzkkgznHXCyqBS7exRCvRQ3LioPtdNJQ"), 61) tx_digest=Digest("4p5dwC7Py3RJuzkkgznHXCyqBS7exRCvRQ3LioPtdNJQ") retry_cnt=0
2026-05-20T11:12:08.363626Z ERROR iota_benchmark: Transaction failed with err: FailToConfirmTransactionStatus(Digest("Gs68VxcAMtda4y5qh7xz2fsLzV7nqA2KpEEsTr4abY7s"), 61) tx_digest=Digest("Gs68VxcAMtda4y5qh7xz2fsLzV7nqA2KpEEsTr4abY7s") retry_cnt=0
2026-05-20T11:12:08.363635Z ERROR iota_benchmark: Transaction failed with err: FailToConfirmTransactionStatus(Digest("HhfEvzmDETLMu7yeavxdReAEGCaxVVWjDbn3bzEWXU7b"), 61) tx_digest=Digest("HhfEvzmDETLMu7yeavxdReAEGCaxVVWjDbn3bzEWXU7b") retry_cnt=0
2026-05-20T11:12:08.363673Z ERROR iota_benchmark: Transaction failed with err: FailToConfirmTransactionStatus(Digest("AWyquDCPKqkMSTDwecjTC2et2GLk1bPUfqp8NQeusvYg"), 61) tx_digest=Digest("AWyquDCPKqkMSTDwecjTC2et2GLk1bPUfqp8NQeusvYg") retry_cnt=0
2026-05-20T11:12:08.363730Z ERROR iota_benchmark: Transaction failed with err: FailToConfirmTransactionStatus(Digest("8Jq7TBaXjpF5f9BMgXXMibrnxw5zp5ZNfnimrUEzDpCY"), 61) tx_digest=Digest("8Jq7TBaXjpF5f9BMgXXMibrnxw5zp5ZNfnimrUEzDpCY") retry_cnt=0
2026-05-20T11:12:08.363795Z ERROR iota_benchmark: Transaction failed with err: FailToConfirmTransactionStatus(Digest("ENZSEm2u6qFqLsaJpaysjaxyMpS99vPCWqac6JGeUQmW"), 61) tx_digest=Digest("ENZSEm2u6qFqLsaJpaysjaxyMpS99vPCWqac6JGeUQmW") retry_cnt=0
2026-05-20T11:12:08.363905Z ERROR iota_benchmark: Transaction failed with err: FailToConfirmTransactionStatus(Digest("GUdhF5rg3PM9kXGAbxPm9esFXbpiMmpyBU3jRsBNt9Ez"), 61) tx_digest=Digest("GUdhF5rg3PM9kXGAbxPm9esFXbpiMmpyBU3jRsBNt9Ez") retry_cnt=0
2026-05-20T11:12:08.364010Z ERROR iota_benchmark: Transaction failed with err: FailToConfirmTransactionStatus(Digest("GNRpdPd51mLTZKx4w4YH8bdQUKUBVf2bbJmdaCHHNZEb"), 61) tx_digest=Digest("GNRpdPd51mLTZKx4w4YH8bdQUKUBVf2bbJmdaCHHNZEb") retry_cnt=0
2026-05-20T11:12:08.365297Z ERROR iota_benchmark: Transaction failed with err: FailToConfirmTransactionStatus(Digest("JBvdoC1YgWH9xNkqgadmTtYoVWSWBq79Fxq3Ts9PWBw9"), 61) tx_digest=Digest("JBvdoC1YgWH9xNkqgadmTtYoVWSWBq79Fxq3Ts9PWBw9") retry_cnt=0
2026-05-20T11:12:08.366680Z ERROR iota_benchmark: Transaction failed with err: FailToConfirmTransactionStatus(Digest("6Q6euza5VxVEGZSUwH2wESBc3B3XVT2SLNzPVAvB7Kmz"), 61) tx_digest=Digest("6Q6euza5VxVEGZSUwH2wESBc3B3XVT2SLNzPVAvB7Kmz") retry_cnt=0
2026-05-20T11:12:08.366690Z ERROR iota_benchmark: Transaction failed with err: FailToConfirmTransactionStatus(Digest("Fv7R5au3oLYWC28DCgzyaeRApcBaHtTeRzyo22mxNkro"), 61) tx_digest=Digest("Fv7R5au3oLYWC28DCgzyaeRApcBaHtTeRzyo22mxNkro") retry_cnt=0
2026-05-20T11:12:08.371494Z ERROR iota_benchmark: Transaction failed with err: FailToConfirmTransactionStatus(Digest("E97QaXjWt6DKRj6VhCrbr4Q9eAcEDtrLZaY7CjC6XsJr"), 61) tx_digest=Digest("E97QaXjWt6DKRj6VhCrbr4Q9eAcEDtrLZaY7CjC6XsJr") retry_cnt=0
2026-05-20T11:12:08.371498Z ERROR iota_benchmark: Transaction failed with err: FailToConfirmTransactionStatus(Digest("46XKuDhh5uC1syGz9kgtnPvyDXdohjYxoRwBVb32EJhh"), 61) tx_digest=Digest("46XKuDhh5uC1syGz9kgtnPvyDXdohjYxoRwBVb32EJhh") retry_cnt=0
2026-05-20T11:12:08.371512Z ERROR iota_benchmark: Transaction failed with err: FailToConfirmTransactionStatus(Digest("AJAo8BZL5dw5JK2y2kYdYBHp2xpRJUfYhCnrDJZ5Tnqh"), 61) tx_digest=Digest("AJAo8BZL5dw5JK2y2kYdYBHp2xpRJUfYhCnrDJZ5Tnqh") retry_cnt=0
2026-05-20T11:12:08.373022Z ERROR iota_benchmark: Transaction failed with err: FailToConfirmTransactionStatus(Digest("2aJCcetVzjeWL3y4KTudRDVReUJuAb5ma9WrjjyDSeid"), 61) tx_digest=Digest("2aJCcetVzjeWL3y4KTudRDVReUJuAb5ma9WrjjyDSeid") retry_cnt=0
2026-05-20T11:12:08.373056Z ERROR iota_benchmark: Transaction failed with err: FailToConfirmTransactionStatus(Digest("8X3sjzA5XMFyqQ6eWk5kGkTsPLp4k4j4jheAhWueUhGX"), 61) tx_digest=Digest("8X3sjzA5XMFyqQ6eWk5kGkTsPLp4k4j4jheAhWueUhGX") retry_cnt=0
2026-05-20T11:12:08.373057Z ERROR iota_benchmark: Transaction failed with err: FailToConfirmTransactionStatus(Digest("3MQKYg6z3er6Vky2KSTBNZgLnRhEuCChr7ZzwHJpdoZR"), 61) tx_digest=Digest("3MQKYg6z3er6Vky2KSTBNZgLnRhEuCChr7ZzwHJpdoZR") retry_cnt=0
2026-05-20T11:12:08.373098Z ERROR iota_benchmark: Transaction failed with err: FailToConfirmTransactionStatus(Digest("8wqMevei3tqz5vAPidH1WWXwxER7uVivo88YqNnPyV3i"), 61) tx_digest=Digest("8wqMevei3tqz5vAPidH1WWXwxER7uVivo88YqNnPyV3i") retry_cnt=0
2026-05-20T11:12:08.373154Z ERROR iota_benchmark: Transaction failed with err: FailToConfirmTransactionStatus(Digest("FZ79kUNnBgMc6szQukt7iE1u4fs67iRWDuMQJaGCmRZg"), 61) tx_digest=Digest("FZ79kUNnBgMc6szQukt7iE1u4fs67iRWDuMQJaGCmRZg") retry_cnt=0
2026-05-20T11:12:08.373188Z ERROR iota_benchmark: Transaction failed with err: FailToConfirmTransactionStatus(Digest("9X86swUYxyEAEQ9QF8wLgkeXVLoPoVUzJkTcpgZ3TbTJ"), 61) tx_digest=Digest("9X86swUYxyEAEQ9QF8wLgkeXVLoPoVUzJkTcpgZ3TbTJ") retry_cnt=0
2026-05-20T11:12:08.373216Z ERROR iota_benchmark: Transaction failed with err: FailToConfirmTransactionStatus(Digest("Y5ucEigkGykyZhJFDrxjgsZwbHZF35UcBE4WnkvzAxZ"), 61) tx_digest=Digest("Y5ucEigkGykyZhJFDrxjgsZwbHZF35UcBE4WnkvzAxZ") retry_cnt=0
2026-05-20T11:12:08.373215Z ERROR iota_benchmark: Transaction failed with err: FailToConfirmTransactionStatus(Digest("9aQJ3c1jo43ttihtai93BW95Nww1YhgxRN4aoKVmTTEk"), 61) tx_digest=Digest("9aQJ3c1jo43ttihtai93BW95Nww1YhgxRN4aoKVmTTEk") retry_cnt=0
2026-05-20T11:12:08.373234Z ERROR iota_benchmark: Transaction failed with err: FailToConfirmTransactionStatus(Digest("Gro6K3Y7R76pkm2zVKC5BDKFZbZoyFr1pvrqr3nnx5Yt"), 61) tx_digest=Digest("Gro6K3Y7R76pkm2zVKC5BDKFZbZoyFr1pvrqr3nnx5Yt") retry_cnt=0
2026-05-20T11:12:08.373291Z ERROR iota_benchmark: Transaction failed with err: FailToConfirmTransactionStatus(Digest("FkiteepDx3iKh5aujJpk4jPwjdibs9itcNefw9onGSag"), 61) tx_digest=Digest("FkiteepDx3iKh5aujJpk4jPwjdibs9itcNefw9onGSag") retry_cnt=0
2026-05-20T11:12:08.373309Z ERROR iota_benchmark: Transaction failed with err: FailToConfirmTransactionStatus(Digest("4b5oWLqy7z2XgcUYWK85x5Vp7FDhpksnwCttUnb6BFF2"), 61) tx_digest=Digest("4b5oWLqy7z2XgcUYWK85x5Vp7FDhpksnwCttUnb6BFF2") retry_cnt=0
2026-05-20T11:12:08.373341Z ERROR iota_benchmark: Transaction failed with err: FailToConfirmTransactionStatus(Digest("9yYVDqpBfLjNP4rzE96Y4uJ4wD1NZy3knx7hsNfw6QKC"), 61) tx_digest=Digest("9yYVDqpBfLjNP4rzE96Y4uJ4wD1NZy3knx7hsNfw6QKC") retry_cnt=0
2026-05-20T11:12:08.373362Z ERROR iota_benchmark: Transaction failed with err: FailToConfirmTransactionStatus(Digest("D27kAvEcXa6kb8HVRCQL128bhTCUaurhJoEcEja78xya"), 61) tx_digest=Digest("D27kAvEcXa6kb8HVRCQL128bhTCUaurhJoEcEja78xya") retry_cnt=0
2026-05-20T11:12:08.373364Z ERROR iota_benchmark: Transaction failed with err: FailToConfirmTransactionStatus(Digest("3JvgxxwjbXm8WLvRib5uz6cmKQW6xBHV7x36xnY2acCq"), 61) tx_digest=Digest("3JvgxxwjbXm8WLvRib5uz6cmKQW6xBHV7x36xnY2acCq") retry_cnt=0
2026-05-20T11:12:08.373400Z ERROR iota_benchmark: Transaction failed with err: FailToConfirmTransactionStatus(Digest("9M5sRSVZYuisWHJB1AfXjpRe1LmoJrrEiuExadoLXtpL"), 61) tx_digest=Digest("9M5sRSVZYuisWHJB1AfXjpRe1LmoJrrEiuExadoLXtpL") retry_cnt=0
2026-05-20T11:12:08.373427Z ERROR iota_benchmark: Transaction failed with err: FailToConfirmTransactionStatus(Digest("2RbqPobjiq4mFQouQXtkGbrp6Wk1vAi995LmKcKvNFsc"), 61) tx_digest=Digest("2RbqPobjiq4mFQouQXtkGbrp6Wk1vAi995LmKcKvNFsc") retry_cnt=0
2026-05-20T11:12:08.373442Z ERROR iota_benchmark: Transaction failed with err: FailToConfirmTransactionStatus(Digest("BE8htRhdV37CjGpSN5UhRv5FbJydmTG65NSNaEfUoQCM"), 61) tx_digest=Digest("BE8htRhdV37CjGpSN5UhRv5FbJydmTG65NSNaEfUoQCM") retry_cnt=0
2026-05-20T11:12:08.373452Z ERROR iota_benchmark: Transaction failed with err: FailToConfirmTransactionStatus(Digest("jgD3Spe93Jq1fY8aPXo9FC3UnXhj29AxT8nLbTkRn44"), 61) tx_digest=Digest("jgD3Spe93Jq1fY8aPXo9FC3UnXhj29AxT8nLbTkRn44") retry_cnt=0
2026-05-20T11:12:08.373466Z ERROR iota_benchmark: Transaction failed with err: FailToConfirmTransactionStatus(Digest("ErVfSJk78d2kfKKD5N61TsPP1Qn4PzwQR4nvjnnWvm8t"), 61) tx_digest=Digest("ErVfSJk78d2kfKKD5N61TsPP1Qn4PzwQR4nvjnnWvm8t") retry_cnt=0
2026-05-20T11:12:08.373488Z ERROR iota_benchmark: Transaction failed with err: FailToConfirmTransactionStatus(Digest("5jVUgUxrZy27QED8hE5UpmKqAvxoCzjixLuJJG8Td77z"), 61) tx_digest=Digest("5jVUgUxrZy27QED8hE5UpmKqAvxoCzjixLuJJG8Td77z") retry_cnt=0
2026-05-20T11:12:08.373519Z ERROR iota_benchmark: Transaction failed with err: FailToConfirmTransactionStatus(Digest("6nFPM3jeNez2sE3AQUKCASahdosbn6BifwNNxHseA5u"), 61) tx_digest=Digest("6nFPM3jeNez2sE3AQUKCASahdosbn6BifwNNxHseA5u") retry_cnt=0
2026-05-20T11:12:08.373569Z ERROR iota_benchmark: Transaction failed with err: FailToConfirmTransactionStatus(Digest("FduvK1xQQ9V4uGdpjHeEuUxkqMoDTkHTzEG2asZuMDKi"), 61) tx_digest=Digest("FduvK1xQQ9V4uGdpjHeEuUxkqMoDTkHTzEG2asZuMDKi") retry_cnt=0
2026-05-20T11:12:08.373569Z ERROR iota_benchmark: Transaction failed with err: FailToConfirmTransactionStatus(Digest("5v5LR9QhMXwCxbsnpry2picfTYGB4cHW8rxKfupA3oLd"), 62) tx_digest=Digest("5v5LR9QhMXwCxbsnpry2picfTYGB4cHW8rxKfupA3oLd") retry_cnt=0
2026-05-20T11:12:08.373626Z ERROR iota_benchmark: Transaction failed with err: FailToConfirmTransactionStatus(Digest("HLr4i8EWkqg8ifVL4ocweb3PbH7htNZpPLbCvnwRoCHZ"), 61) tx_digest=Digest("HLr4i8EWkqg8ifVL4ocweb3PbH7htNZpPLbCvnwRoCHZ") retry_cnt=0
2026-05-20T11:12:08.373689Z ERROR iota_benchmark: Transaction failed with err: FailToConfirmTransactionStatus(Digest("64gWnhV9cUsC1cSBd6KBKsWCDVjTHBL6UWi9vAzas4BX"), 61) tx_digest=Digest("64gWnhV9cUsC1cSBd6KBKsWCDVjTHBL6UWi9vAzas4BX") retry_cnt=0
2026-05-20T11:12:08.373737Z ERROR iota_benchmark: Transaction failed with err: FailToConfirmTransactionStatus(Digest("EAYZqH3PXL4xaZCDEWe7qFBaxCe6iKpRwyWof8fi4E9z"), 61) tx_digest=Digest("EAYZqH3PXL4xaZCDEWe7qFBaxCe6iKpRwyWof8fi4E9z") retry_cnt=0
2026-05-20T11:12:08.374065Z ERROR iota_benchmark: Transaction failed with err: FailToConfirmTransactionStatus(Digest("3pMji26dcBAB2Pxbjm3yTN2AAmZZAKi9eoZVLSchMBE3"), 62) tx_digest=Digest("3pMji26dcBAB2Pxbjm3yTN2AAmZZAKi9eoZVLSchMBE3") retry_cnt=0
2026-05-20T11:12:08.374144Z ERROR iota_benchmark: Transaction failed with err: FailToConfirmTransactionStatus(Digest("5x3xhHeW8Tqt7HAFBwFs6THjn2qFXRjKox5kKGaREdNk"), 61) tx_digest=Digest("5x3xhHeW8Tqt7HAFBwFs6THjn2qFXRjKox5kKGaREdNk") retry_cnt=0
2026-05-20T11:12:08.382953Z ERROR iota_benchmark: Transaction failed with err: FailToConfirmTransactionStatus(Digest("AUWfzSbm2U44ncc4vK5QLmxaHM7vpSZgpb6r1qgVCAi4"), 61) tx_digest=Digest("AUWfzSbm2U44ncc4vK5QLmxaHM7vpSZgpb6r1qgVCAi4") retry_cnt=0
2026-05-20T11:12:08.382953Z ERROR iota_benchmark: Transaction failed with err: FailToConfirmTransactionStatus(Digest("D843TVNwz459P93VrLjrwti15Zo7R7VAFhNcf8WtdqvX"), 61) tx_digest=Digest("D843TVNwz459P93VrLjrwti15Zo7R7VAFhNcf8WtdqvX") retry_cnt=0
2026-05-20T11:12:08.383198Z ERROR iota_benchmark: Transaction failed with err: FailToConfirmTransactionStatus(Digest("85dcQtXpvfUVBkeJBwcU6Dz8ypZi6rmiBKYcuHaHoBUa"), 61) tx_digest=Digest("85dcQtXpvfUVBkeJBwcU6Dz8ypZi6rmiBKYcuHaHoBUa") retry_cnt=0
2026-05-20T11:12:08.384436Z ERROR iota_benchmark: Transaction failed with err: FailToConfirmTransactionStatus(Digest("HETK4vk7kKGmfdaAAXPmLxq8FDG2gUeBZ2DMCEtR2Dzh"), 61) tx_digest=Digest("HETK4vk7kKGmfdaAAXPmLxq8FDG2gUeBZ2DMCEtR2Dzh") retry_cnt=0
2026-05-20T11:12:08.384442Z ERROR iota_benchmark: Transaction failed with err: FailToConfirmTransactionStatus(Digest("9X1piQUBKZQBQH4jTiAfbwL6TvV5dY7x4jmxLypzBFXL"), 61) tx_digest=Digest("9X1piQUBKZQBQH4jTiAfbwL6TvV5dY7x4jmxLypzBFXL") retry_cnt=0
2026-05-20T11:12:08.392738Z ERROR iota_benchmark: Transaction failed with err: FailToConfirmTransactionStatus(Digest("3B8wpfw3LPEou4EmrpWkqwDwGDusWCsEJyAaHVk7hdG8"), 61) tx_digest=Digest("3B8wpfw3LPEou4EmrpWkqwDwGDusWCsEJyAaHVk7hdG8") retry_cnt=0
2026-05-20T11:12:08.392732Z ERROR iota_benchmark: Transaction failed with err: FailToConfirmTransactionStatus(Digest("3Q9HiRVJmpgLPCggGsq7eDVE1aAojeSjawSfyDGHLCFG"), 61) tx_digest=Digest("3Q9HiRVJmpgLPCggGsq7eDVE1aAojeSjawSfyDGHLCFG") retry_cnt=0
2026-05-20T11:12:08.392733Z ERROR iota_benchmark: Transaction failed with err: FailToConfirmTransactionStatus(Digest("78ERGCNyEpNNVC5cbbtesSaofYeDbSVg57MtwkMVs5eD"), 61) tx_digest=Digest("78ERGCNyEpNNVC5cbbtesSaofYeDbSVg57MtwkMVs5eD") retry_cnt=0
2026-05-20T11:12:08.392784Z ERROR iota_benchmark: Transaction failed with err: FailToConfirmTransactionStatus(Digest("5zu6Gx1AqrMnWhbRJkacTSQaqyZW5v4SpwhvJiEpFGrc"), 61) tx_digest=Digest("5zu6Gx1AqrMnWhbRJkacTSQaqyZW5v4SpwhvJiEpFGrc") retry_cnt=0
2026-05-20T11:12:08.392972Z ERROR iota_benchmark: Transaction failed with err: FailToConfirmTransactionStatus(Digest("3GLRiWK57KbLBJmpkSzYtnvqtLnhu4PhYxZLcmFZtwSE"), 61) tx_digest=Digest("3GLRiWK57KbLBJmpkSzYtnvqtLnhu4PhYxZLcmFZtwSE") retry_cnt=0
2026-05-20T11:12:08.392989Z ERROR iota_benchmark: Transaction failed with err: FailToConfirmTransactionStatus(Digest("Fj37WQnchorFM1jXj3bHGCkA6qp1JYSTea2JK6DBPkTn"), 61) tx_digest=Digest("Fj37WQnchorFM1jXj3bHGCkA6qp1JYSTea2JK6DBPkTn") retry_cnt=0
2026-05-20T11:12:08.393021Z ERROR iota_benchmark: Transaction failed with err: FailToConfirmTransactionStatus(Digest("A2ppNoTBz3GRz9noU6LoG7s2FQUXc3gdbTvn4G75vbW"), 61) tx_digest=Digest("A2ppNoTBz3GRz9noU6LoG7s2FQUXc3gdbTvn4G75vbW") retry_cnt=0
2026-05-20T11:12:08.393041Z ERROR iota_benchmark: Transaction failed with err: FailToConfirmTransactionStatus(Digest("D1KvtTtz8zivtN9DysPr5KrXvG1Ffirh1NSbRNQxAZ7c"), 61) tx_digest=Digest("D1KvtTtz8zivtN9DysPr5KrXvG1Ffirh1NSbRNQxAZ7c") retry_cnt=0
2026-05-20T11:12:08.393060Z ERROR iota_benchmark: Transaction failed with err: FailToConfirmTransactionStatus(Digest("DkmGVSx3sDSchY27ukSahZXQD8ViLq8uEbK45hn1M2ZK"), 61) tx_digest=Digest("DkmGVSx3sDSchY27ukSahZXQD8ViLq8uEbK45hn1M2ZK") retry_cnt=0
2026-05-20T11:12:08.393130Z ERROR iota_benchmark: Transaction failed with err: FailToConfirmTransactionStatus(Digest("C6TuXFbxW6VgXxa9azNb2uy9cLWR4V2qSbLveX28nPYB"), 61) tx_digest=Digest("C6TuXFbxW6VgXxa9azNb2uy9cLWR4V2qSbLveX28nPYB") retry_cnt=0
2026-05-20T11:12:08.393163Z ERROR iota_benchmark: Transaction failed with err: FailToConfirmTransactionStatus(Digest("4pbb8fLTL5cWsfZjrTebGjiuJuRvzohTRNH5Rrgve9xC"), 61) tx_digest=Digest("4pbb8fLTL5cWsfZjrTebGjiuJuRvzohTRNH5Rrgve9xC") retry_cnt=0
2026-05-20T11:12:08.393242Z ERROR iota_benchmark: Transaction failed with err: FailToConfirmTransactionStatus(Digest("QWKGRzwaD7LWGq9BMmGT4U7ENKG8xvVpHZSewcxTkUk"), 61) tx_digest=Digest("QWKGRzwaD7LWGq9BMmGT4U7ENKG8xvVpHZSewcxTkUk") retry_cnt=0
2026-05-20T11:12:08.393217Z ERROR iota_benchmark: Transaction failed with err: FailToConfirmTransactionStatus(Digest("ELBuNHxBBrGk3dxCJUo6FxpgyQjphKeKkdBe3yv9SYty"), 61) tx_digest=Digest("ELBuNHxBBrGk3dxCJUo6FxpgyQjphKeKkdBe3yv9SYty") retry_cnt=0
2026-05-20T11:12:08.393376Z ERROR iota_benchmark: Transaction failed with err: FailToConfirmTransactionStatus(Digest("6eWsFavxNyeBcUr3hp6UrEaksFhtdA1Gi4zDjmaVPc8d"), 61) tx_digest=Digest("6eWsFavxNyeBcUr3hp6UrEaksFhtdA1Gi4zDjmaVPc8d") retry_cnt=0
2026-05-20T11:12:08.393420Z ERROR iota_benchmark: Transaction failed with err: FailToConfirmTransactionStatus(Digest("7ezhzH6RqPaCCUUDaYDLDtL9rgtJdqsKd12fVKhUpgLT"), 61) tx_digest=Digest("7ezhzH6RqPaCCUUDaYDLDtL9rgtJdqsKd12fVKhUpgLT") retry_cnt=0
2026-05-20T11:12:08.393458Z ERROR iota_benchmark: Transaction failed with err: FailToConfirmTransactionStatus(Digest("HjhiLkZDwdeHpXbvDYubJ2FvJb79NM8cUM1PZoPBRDBv"), 61) tx_digest=Digest("HjhiLkZDwdeHpXbvDYubJ2FvJb79NM8cUM1PZoPBRDBv") retry_cnt=0
2026-05-20T11:12:08.393484Z ERROR iota_benchmark: Transaction failed with err: FailToConfirmTransactionStatus(Digest("CCCnm77NmXUoR3kYURDfqYpNxia76Ztn8Yn8AGLwZfx2"), 61) tx_digest=Digest("CCCnm77NmXUoR3kYURDfqYpNxia76Ztn8Yn8AGLwZfx2") retry_cnt=0
2026-05-20T11:12:08.393519Z ERROR iota_benchmark: Transaction failed with err: FailToConfirmTransactionStatus(Digest("9eErUm5uEUiT9x72SLKRCq6WExctz9QDPvG7naAB3o3Z"), 61) tx_digest=Digest("9eErUm5uEUiT9x72SLKRCq6WExctz9QDPvG7naAB3o3Z") retry_cnt=0
2026-05-20T11:12:08.393529Z ERROR iota_benchmark: Transaction failed with err: FailToConfirmTransactionStatus(Digest("AF5HLEe2s6cUcko11FRPArHaxhoDaAQDCeqMmD2iQwnM"), 61) tx_digest=Digest("AF5HLEe2s6cUcko11FRPArHaxhoDaAQDCeqMmD2iQwnM") retry_cnt=0
2026-05-20T11:12:08.393582Z ERROR iota_benchmark: Transaction failed with err: FailToConfirmTransactionStatus(Digest("9YpwvVDe2A4ibGE8Sywa5YDMk1z1jmCS4H8ii9rMgU86"), 61) tx_digest=Digest("9YpwvVDe2A4ibGE8Sywa5YDMk1z1jmCS4H8ii9rMgU86") retry_cnt=0
2026-05-20T11:12:08.393632Z ERROR iota_benchmark: Transaction failed with err: FailToConfirmTransactionStatus(Digest("2wWo9mv6iC2TgMAxmmFZDvmKLN5DPvFU1r74y8aNmxtV"), 61) tx_digest=Digest("2wWo9mv6iC2TgMAxmmFZDvmKLN5DPvFU1r74y8aNmxtV") retry_cnt=0
2026-05-20T11:12:08.393640Z ERROR iota_benchmark: Transaction failed with err: FailToConfirmTransactionStatus(Digest("24ZfC1kQWdk7kR3KnuPWCzqnH3XTX24xwUsHTZbmLjQ4"), 61) tx_digest=Digest("24ZfC1kQWdk7kR3KnuPWCzqnH3XTX24xwUsHTZbmLjQ4") retry_cnt=0
2026-05-20T11:12:08.393693Z ERROR iota_benchmark: Transaction failed with err: FailToConfirmTransactionStatus(Digest("BDk6d4EGbB85R4tkervnKjsizLD4Mqk1RmJdpoS5CEgR"), 61) tx_digest=Digest("BDk6d4EGbB85R4tkervnKjsizLD4Mqk1RmJdpoS5CEgR") retry_cnt=0
2026-05-20T11:12:08.393698Z ERROR iota_benchmark: Transaction failed with err: FailToConfirmTransactionStatus(Digest("G34p8BkwAYJPz9tPdVYsX8WHanyJpKLj3vEUrMx9VWew"), 61) tx_digest=Digest("G34p8BkwAYJPz9tPdVYsX8WHanyJpKLj3vEUrMx9VWew") retry_cnt=0
2026-05-20T11:12:08.393801Z ERROR iota_benchmark: Transaction failed with err: FailToConfirmTransactionStatus(Digest("CaoRMDDtWVBjhSmXuoPjynuDx7mqBkeRnwUHtL3Ro4QC"), 61) tx_digest=Digest("CaoRMDDtWVBjhSmXuoPjynuDx7mqBkeRnwUHtL3Ro4QC") retry_cnt=0
2026-05-20T11:12:08.393840Z ERROR iota_benchmark: Transaction failed with err: FailToConfirmTransactionStatus(Digest("HXZU7JErphWaGQVNNBfmCxwhve4mvqkuHcrhNqhABuyn"), 61) tx_digest=Digest("HXZU7JErphWaGQVNNBfmCxwhve4mvqkuHcrhNqhABuyn") retry_cnt=0
2026-05-20T11:12:08.393898Z ERROR iota_benchmark: Transaction failed with err: FailToConfirmTransactionStatus(Digest("8mvAboMHJTaM8bPGdMRLfHUXujs8jD4n2YhtjdMPPZGG"), 61) tx_digest=Digest("8mvAboMHJTaM8bPGdMRLfHUXujs8jD4n2YhtjdMPPZGG") retry_cnt=0
2026-05-20T11:12:08.393898Z ERROR iota_benchmark: Transaction failed with err: FailToConfirmTransactionStatus(Digest("7R1Q1Y2L4VE9bwceHjc8oAPdBomAqEW6CRZRQQGNWF97"), 61) tx_digest=Digest("7R1Q1Y2L4VE9bwceHjc8oAPdBomAqEW6CRZRQQGNWF97") retry_cnt=0
2026-05-20T11:12:08.393959Z ERROR iota_benchmark: Transaction failed with err: FailToConfirmTransactionStatus(Digest("FWN53DzaMVXRyvTieQXZ7uZBosQ1xFhG66iE1RDLC9ze"), 61) tx_digest=Digest("FWN53DzaMVXRyvTieQXZ7uZBosQ1xFhG66iE1RDLC9ze") retry_cnt=0
2026-05-20T11:12:08.393959Z ERROR iota_benchmark: Transaction failed with err: FailToConfirmTransactionStatus(Digest("AaVHBPbQAWBUqqDK5efDYgxAnjBVtsCRAjtNZsXgVHXu"), 61) tx_digest=Digest("AaVHBPbQAWBUqqDK5efDYgxAnjBVtsCRAjtNZsXgVHXu") retry_cnt=0
2026-05-20T11:12:08.394027Z ERROR iota_benchmark: Transaction failed with err: FailToConfirmTransactionStatus(Digest("3uDtEWUJTLqCFWycnMSsuEvmPYxN1G2W2qeafXmGkawg"), 61) tx_digest=Digest("3uDtEWUJTLqCFWycnMSsuEvmPYxN1G2W2qeafXmGkawg") retry_cnt=0
2026-05-20T11:12:08.394082Z ERROR iota_benchmark: Transaction failed with err: FailToConfirmTransactionStatus(Digest("7QUMqZcD3JDWu19MRU57UEdfMWJeEm6SvRukX2EemNw3"), 61) tx_digest=Digest("7QUMqZcD3JDWu19MRU57UEdfMWJeEm6SvRukX2EemNw3") retry_cnt=0
2026-05-20T11:12:08.394139Z ERROR iota_benchmark: Transaction failed with err: FailToConfirmTransactionStatus(Digest("8RDZoz2BXeiNJ83zBGFzhvb5w4Y1XLDAKCNKmY3nw4ac"), 61) tx_digest=Digest("8RDZoz2BXeiNJ83zBGFzhvb5w4Y1XLDAKCNKmY3nw4ac") retry_cnt=0
2026-05-20T11:12:08.394174Z ERROR iota_benchmark: Transaction failed with err: FailToConfirmTransactionStatus(Digest("7Go8sgHQAiTnVSGL437hQyoncbmZEVU8qFkv1tLmreF6"), 61) tx_digest=Digest("7Go8sgHQAiTnVSGL437hQyoncbmZEVU8qFkv1tLmreF6") retry_cnt=0
2026-05-20T11:12:08.394236Z ERROR iota_benchmark: Transaction failed with err: FailToConfirmTransactionStatus(Digest("9BS8aFrgTbYKNuiS482r9K6V1QDcbBz34sD1USbm6bq5"), 61) tx_digest=Digest("9BS8aFrgTbYKNuiS482r9K6V1QDcbBz34sD1USbm6bq5") retry_cnt=0
2026-05-20T11:12:08.394287Z ERROR iota_benchmark: Transaction failed with err: FailToConfirmTransactionStatus(Digest("ELQYjjpqqn8Nn8s9ERUA8a6Fr5KWLqBfFmGyTD7xamQ1"), 61) tx_digest=Digest("ELQYjjpqqn8Nn8s9ERUA8a6Fr5KWLqBfFmGyTD7xamQ1") retry_cnt=0
2026-05-20T11:12:08.394344Z ERROR iota_benchmark: Transaction failed with err: FailToConfirmTransactionStatus(Digest("67SguzLE3tbBtDBvSsWYyFtZjfk79kFrcbgxBzXgVUrH"), 61) tx_digest=Digest("67SguzLE3tbBtDBvSsWYyFtZjfk79kFrcbgxBzXgVUrH") retry_cnt=0
2026-05-20T11:12:08.397205Z ERROR iota_benchmark: Transaction failed with err: FailToConfirmTransactionStatus(Digest("EiBu3rh3Vxk1kJVso9BYup5FnzaeHWWEXoZBRgqwJw9o"), 61) tx_digest=Digest("EiBu3rh3Vxk1kJVso9BYup5FnzaeHWWEXoZBRgqwJw9o") retry_cnt=0
2026-05-20T11:12:08.397219Z ERROR iota_benchmark: Transaction failed with err: FailToConfirmTransactionStatus(Digest("CWBEc8zDZfb33uazN3VMmdgm3LrunLVwqsRSHroFpheK"), 61) tx_digest=Digest("CWBEc8zDZfb33uazN3VMmdgm3LrunLVwqsRSHroFpheK") retry_cnt=0
2026-05-20T11:12:08.399837Z ERROR iota_benchmark: Transaction failed with err: FailToConfirmTransactionStatus(Digest("BsK9R4FLY7LZCSzFbA9fBgefYBeyTACmXdY9zCYHGyro"), 62) tx_digest=Digest("BsK9R4FLY7LZCSzFbA9fBgefYBeyTACmXdY9zCYHGyro") retry_cnt=0
2026-05-20T11:12:08.400169Z ERROR iota_benchmark: Transaction failed with err: FailToConfirmTransactionStatus(Digest("BMX8N14Zu3ofj1E5bFsefgKUTfc8zwrXvNZP9LMBYfpY"), 61) tx_digest=Digest("BMX8N14Zu3ofj1E5bFsefgKUTfc8zwrXvNZP9LMBYfpY") retry_cnt=0
2026-05-20T11:12:08.400176Z ERROR iota_benchmark: Transaction failed with err: FailToConfirmTransactionStatus(Digest("DDGNHgi8ax2fNc5E2hUcaz5cje8iKdNFJ7m88QeiGGj9"), 61) tx_digest=Digest("DDGNHgi8ax2fNc5E2hUcaz5cje8iKdNFJ7m88QeiGGj9") retry_cnt=0
2026-05-20T11:12:08.400203Z ERROR iota_benchmark: Transaction failed with err: FailToConfirmTransactionStatus(Digest("9Mirj1z5LRQChm2DfFK3BCN4iThKrzCgLigzGBySd8EG"), 61) tx_digest=Digest("9Mirj1z5LRQChm2DfFK3BCN4iThKrzCgLigzGBySd8EG") retry_cnt=0
2026-05-20T11:12:08.400346Z ERROR iota_benchmark: Transaction failed with err: FailToConfirmTransactionStatus(Digest("7iR81LQnD97pFzu2vLB7a4p4tLNfLy5Xiz7v7GjLvBhN"), 61) tx_digest=Digest("7iR81LQnD97pFzu2vLB7a4p4tLNfLy5Xiz7v7GjLvBhN") retry_cnt=0
2026-05-20T11:12:08.400380Z ERROR iota_benchmark: Transaction failed with err: FailToConfirmTransactionStatus(Digest("C4EAQs3oFVwrPGypAKbfi3Rr3GSdrGRnKJczb3cK3iX9"), 61) tx_digest=Digest("C4EAQs3oFVwrPGypAKbfi3Rr3GSdrGRnKJczb3cK3iX9") retry_cnt=0
2026-05-20T11:12:08.400482Z ERROR iota_benchmark: Transaction failed with err: FailToConfirmTransactionStatus(Digest("4mdLYuo4eGNTnj5TJkxziM9C8x1fZLigtsGLSXXzaSUN"), 61) tx_digest=Digest("4mdLYuo4eGNTnj5TJkxziM9C8x1fZLigtsGLSXXzaSUN") retry_cnt=0
2026-05-20T11:12:08.400500Z ERROR iota_benchmark: Transaction failed with err: FailToConfirmTransactionStatus(Digest("Ai7yDJcDULfABUHwYaA31goTduL8g8FSDFSMDFPhikri"), 61) tx_digest=Digest("Ai7yDJcDULfABUHwYaA31goTduL8g8FSDFSMDFPhikri") retry_cnt=0
2026-05-20T11:12:08.400600Z ERROR iota_benchmark: Transaction failed with err: FailToConfirmTransactionStatus(Digest("9yN5dDwKpyPMsuPYNeN4dUoos1eEDRGvFPnvfkLuBmB2"), 61) tx_digest=Digest("9yN5dDwKpyPMsuPYNeN4dUoos1eEDRGvFPnvfkLuBmB2") retry_cnt=0
2026-05-20T11:12:08.400747Z ERROR iota_benchmark: Transaction failed with err: FailToConfirmTransactionStatus(Digest("J4YTnwrktEJTvTuYJAm67qSGWTF8HDXNxwmEjTbbZaFK"), 61) tx_digest=Digest("J4YTnwrktEJTvTuYJAm67qSGWTF8HDXNxwmEjTbbZaFK") retry_cnt=0
2026-05-20T11:12:08.400891Z ERROR iota_benchmark: Transaction failed with err: FailToConfirmTransactionStatus(Digest("9PHuNEmufHRULHZjiXjwmwrnUFyKNuPc8dVdW4xbAexV"), 61) tx_digest=Digest("9PHuNEmufHRULHZjiXjwmwrnUFyKNuPc8dVdW4xbAexV") retry_cnt=0
2026-05-20T11:12:08.401086Z ERROR iota_benchmark: Transaction failed with err: FailToConfirmTransactionStatus(Digest("4hw4cUZzNx9PZRKFJ4vdxKQ8vwciwM6pacbhNyood4Wa"), 61) tx_digest=Digest("4hw4cUZzNx9PZRKFJ4vdxKQ8vwciwM6pacbhNyood4Wa") retry_cnt=0
2026-05-20T11:12:08.401091Z ERROR iota_benchmark: Transaction failed with err: FailToConfirmTransactionStatus(Digest("GeWNhsGNxh7ESPnfjH3mTxSxNQkoRLZbeY3t8eDe4sfh"), 61) tx_digest=Digest("GeWNhsGNxh7ESPnfjH3mTxSxNQkoRLZbeY3t8eDe4sfh") retry_cnt=0
2026-05-20T11:12:08.401099Z ERROR iota_benchmark: Transaction failed with err: FailToConfirmTransactionStatus(Digest("DfLd6vJWWQB5Z3NRWSwQ5wwgogHJ6wb15YtuH7QgfWst"), 61) tx_digest=Digest("DfLd6vJWWQB5Z3NRWSwQ5wwgogHJ6wb15YtuH7QgfWst") retry_cnt=0
2026-05-20T11:12:08.401110Z ERROR iota_benchmark: Transaction failed with err: FailToConfirmTransactionStatus(Digest("FVcMftH7btbnimAxkCthMdiEerj5rbTkBUsVxYNXF6mT"), 61) tx_digest=Digest("FVcMftH7btbnimAxkCthMdiEerj5rbTkBUsVxYNXF6mT") retry_cnt=0
2026-05-20T11:12:08.401187Z ERROR iota_benchmark: Transaction failed with err: FailToConfirmTransactionStatus(Digest("GXoxM25HdvGHjpcT6UZrJoL2MvQsDCQmnb5gvkZRykg3"), 61) tx_digest=Digest("GXoxM25HdvGHjpcT6UZrJoL2MvQsDCQmnb5gvkZRykg3") retry_cnt=0
2026-05-20T11:12:08.401191Z ERROR iota_benchmark: Transaction failed with err: FailToConfirmTransactionStatus(Digest("2WbUMQAt1sWp3dPnUVFGbVfeoju4hMQi9DoiF8Rq8HPt"), 61) tx_digest=Digest("2WbUMQAt1sWp3dPnUVFGbVfeoju4hMQi9DoiF8Rq8HPt") retry_cnt=0
2026-05-20T11:12:08.402563Z ERROR iota_benchmark: Transaction failed with err: FailToConfirmTransactionStatus(Digest("4BtiM8PiXmDC9uF49xfmH9LhwCpd7VYxCXBAmSieXiCL"), 61) tx_digest=Digest("4BtiM8PiXmDC9uF49xfmH9LhwCpd7VYxCXBAmSieXiCL") retry_cnt=0
2026-05-20T11:12:08.402567Z ERROR iota_benchmark: Transaction failed with err: FailToConfirmTransactionStatus(Digest("Em9NUQPsD9tzNurXTJVFTFM4gLgUd9aCQfSZktE46eWm"), 61) tx_digest=Digest("Em9NUQPsD9tzNurXTJVFTFM4gLgUd9aCQfSZktE46eWm") retry_cnt=0
2026-05-20T11:12:08.402595Z ERROR iota_benchmark: Transaction failed with err: FailToConfirmTransactionStatus(Digest("FgwHBndNnRrtagrp4fxYL5pkTJ64zh4DxqErZzzErFDD"), 61) tx_digest=Digest("FgwHBndNnRrtagrp4fxYL5pkTJ64zh4DxqErZzzErFDD") retry_cnt=0
2026-05-20T11:12:08.402612Z ERROR iota_benchmark: Transaction failed with err: FailToConfirmTransactionStatus(Digest("8WpYafrALupxgKjxebfxo5k7mNDtGzYT5fMQfdaxDeT"), 61) tx_digest=Digest("8WpYafrALupxgKjxebfxo5k7mNDtGzYT5fMQfdaxDeT") retry_cnt=0
2026-05-20T11:12:08.402722Z ERROR iota_benchmark: Transaction failed with err: FailToConfirmTransactionStatus(Digest("CXbgQCQNi8Qum6B2HY5FWUWNcYNGetUVnVDDvebzzwvZ"), 61) tx_digest=Digest("CXbgQCQNi8Qum6B2HY5FWUWNcYNGetUVnVDDvebzzwvZ") retry_cnt=0
2026-05-20T11:12:08.402739Z ERROR iota_benchmark: Transaction failed with err: FailToConfirmTransactionStatus(Digest("DLM3wJ9mCKWYPPNRr2YexYujV7RcnRq5XeYhcNqTt2rY"), 61) tx_digest=Digest("DLM3wJ9mCKWYPPNRr2YexYujV7RcnRq5XeYhcNqTt2rY") retry_cnt=0
2026-05-20T11:12:08.402806Z ERROR iota_benchmark: Transaction failed with err: FailToConfirmTransactionStatus(Digest("AxUkuhJjggbSgoi6AwxuKJmtafVipeKjq2vUQXCtyCrF"), 61) tx_digest=Digest("AxUkuhJjggbSgoi6AwxuKJmtafVipeKjq2vUQXCtyCrF") retry_cnt=0
2026-05-20T11:12:08.403152Z ERROR iota_benchmark: Transaction failed with err: FailToConfirmTransactionStatus(Digest("BftkPgWcygVrdy78xfF38yrSsgF3PsJFCbWzvUv3LzSv"), 61) tx_digest=Digest("BftkPgWcygVrdy78xfF38yrSsgF3PsJFCbWzvUv3LzSv") retry_cnt=0
2026-05-20T11:12:08.403144Z ERROR iota_benchmark: Transaction failed with err: FailToConfirmTransactionStatus(Digest("4iBxDP8UXorZPbrxqTrbAQjm9kMHXQ8uaKUahXHrm9nt"), 61) tx_digest=Digest("4iBxDP8UXorZPbrxqTrbAQjm9kMHXQ8uaKUahXHrm9nt") retry_cnt=0
2026-05-20T11:12:08.403228Z ERROR iota_benchmark: Transaction failed with err: FailToConfirmTransactionStatus(Digest("9r7afsojgEA7XjM7Hz5Wtvv4ZvQHxSqLPpm2UX51Ao2f"), 61) tx_digest=Digest("9r7afsojgEA7XjM7Hz5Wtvv4ZvQHxSqLPpm2UX51Ao2f") retry_cnt=0
2026-05-20T11:12:08.403281Z ERROR iota_benchmark: Transaction failed with err: FailToConfirmTransactionStatus(Digest("3qDMsm6QmgpRoZEyBh9AtCPy6FQqnCDNPS6YYQGZnj1V"), 61) tx_digest=Digest("3qDMsm6QmgpRoZEyBh9AtCPy6FQqnCDNPS6YYQGZnj1V") retry_cnt=0
2026-05-20T11:12:08.403494Z ERROR iota_benchmark: Transaction failed with err: FailToConfirmTransactionStatus(Digest("AYvqomwUJrAazi7WDWEEApGhhbPjVJ1Z6cLGKsC5JWcD"), 61) tx_digest=Digest("AYvqomwUJrAazi7WDWEEApGhhbPjVJ1Z6cLGKsC5JWcD") retry_cnt=0
2026-05-20T11:12:08.404858Z ERROR iota_benchmark: Transaction failed with err: FailToConfirmTransactionStatus(Digest("DbusQ177Hd7DHT6xiWMcn4xAvGjMFQ35gPgW3jNjmuTY"), 61) tx_digest=Digest("DbusQ177Hd7DHT6xiWMcn4xAvGjMFQ35gPgW3jNjmuTY") retry_cnt=0
2026-05-20T11:12:08.404861Z ERROR iota_benchmark: Transaction failed with err: FailToConfirmTransactionStatus(Digest("4qFgJLVGduNcgTDV3zvX1h3iYzre9tG1qXpydNojjbvw"), 61) tx_digest=Digest("4qFgJLVGduNcgTDV3zvX1h3iYzre9tG1qXpydNojjbvw") retry_cnt=0
2026-05-20T11:12:08.404882Z ERROR iota_benchmark: Transaction failed with err: FailToConfirmTransactionStatus(Digest("CdWmYQt6QFYB5qGaUZjiahdreuyU9AcLdSbVVUZyEaXN"), 61) tx_digest=Digest("CdWmYQt6QFYB5qGaUZjiahdreuyU9AcLdSbVVUZyEaXN") retry_cnt=0
2026-05-20T11:12:08.404889Z ERROR iota_benchmark: Transaction failed with err: FailToConfirmTransactionStatus(Digest("EbVWrchsSCXkGDB9uAGt7K8ATZtcfjEzVEQYebG6UbEt"), 61) tx_digest=Digest("EbVWrchsSCXkGDB9uAGt7K8ATZtcfjEzVEQYebG6UbEt") retry_cnt=0
2026-05-20T11:12:08.405031Z ERROR iota_benchmark: Transaction failed with err: FailToConfirmTransactionStatus(Digest("9MD4eERdNoPLejcnVR4Se2Kh5kJcEJCwEVbeY9DTd3VY"), 61) tx_digest=Digest("9MD4eERdNoPLejcnVR4Se2Kh5kJcEJCwEVbeY9DTd3VY") retry_cnt=0
2026-05-20T11:12:08.405106Z ERROR iota_benchmark: Transaction failed with err: FailToConfirmTransactionStatus(Digest("CyoAbxHTPVGDrc9sddGRmqtyA8Uyk4zjydXA9z5A5ua1"), 61) tx_digest=Digest("CyoAbxHTPVGDrc9sddGRmqtyA8Uyk4zjydXA9z5A5ua1") retry_cnt=0
2026-05-20T11:12:08.405212Z ERROR iota_benchmark: Transaction failed with err: FailToConfirmTransactionStatus(Digest("HDi79hAkdQuuPzzouGCkz3fHZSRCN3JMX1SdirynA3NQ"), 61) tx_digest=Digest("HDi79hAkdQuuPzzouGCkz3fHZSRCN3JMX1SdirynA3NQ") retry_cnt=0
2026-05-20T11:12:08.406573Z ERROR iota_benchmark: Transaction failed with err: FailToConfirmTransactionStatus(Digest("CWCDz4SPv1fWaPuNRKVxmTgAMfE3cxte7UyjwuYVmG3j"), 61) tx_digest=Digest("CWCDz4SPv1fWaPuNRKVxmTgAMfE3cxte7UyjwuYVmG3j") retry_cnt=0
2026-05-20T11:12:08.406579Z ERROR iota_benchmark: Transaction failed with err: FailToConfirmTransactionStatus(Digest("57dUCu568gNq2H1AsGTaaBxUqj6pUervVVkkpknF9tDt"), 61) tx_digest=Digest("57dUCu568gNq2H1AsGTaaBxUqj6pUervVVkkpknF9tDt") retry_cnt=0
2026-05-20T11:12:08.406588Z ERROR iota_benchmark: Transaction failed with err: FailToConfirmTransactionStatus(Digest("GbxnBXPB4kgUbFVP6YmwhvHHgJUFGAwnEfXYFicTtNwy"), 61) tx_digest=Digest("GbxnBXPB4kgUbFVP6YmwhvHHgJUFGAwnEfXYFicTtNwy") retry_cnt=0
2026-05-20T11:12:08.407115Z ERROR iota_benchmark: Transaction failed with err: FailToConfirmTransactionStatus(Digest("GSRvNAoDyQGzHzS1McA1Ur74ism4WRJmZ9gNzXHnG7zu"), 61) tx_digest=Digest("GSRvNAoDyQGzHzS1McA1Ur74ism4WRJmZ9gNzXHnG7zu") retry_cnt=0
2026-05-20T11:12:08.407238Z ERROR iota_benchmark: Transaction failed with err: FailToConfirmTransactionStatus(Digest("EGeQY7QqyCYBkuhz1wE8HKEaMNmEZZxvGy86CfQ597vi"), 61) tx_digest=Digest("EGeQY7QqyCYBkuhz1wE8HKEaMNmEZZxvGy86CfQ597vi") retry_cnt=0
2026-05-20T11:12:08.408581Z ERROR iota_benchmark: Transaction failed with err: FailToConfirmTransactionStatus(Digest("8Msi1gjAmP8xY2oPQTHfPgjVaquvZgKiLyk9ywkwYbjE"), 61) tx_digest=Digest("8Msi1gjAmP8xY2oPQTHfPgjVaquvZgKiLyk9ywkwYbjE") retry_cnt=0
2026-05-20T11:12:08.408590Z ERROR iota_benchmark: Transaction failed with err: FailToConfirmTransactionStatus(Digest("HQVGNt82HjVSGJDKdMcJcLRVbA88e8rFgaEidXhcNpMt"), 61) tx_digest=Digest("HQVGNt82HjVSGJDKdMcJcLRVbA88e8rFgaEidXhcNpMt") retry_cnt=0
2026-05-20T11:12:08.408625Z ERROR iota_benchmark: Transaction failed with err: FailToConfirmTransactionStatus(Digest("Cb1ezU6BtEVoVNDZ2tG1NwdyTgLT9NfmRR8DBb7QoA58"), 61) tx_digest=Digest("Cb1ezU6BtEVoVNDZ2tG1NwdyTgLT9NfmRR8DBb7QoA58") retry_cnt=0
2026-05-20T11:12:08.408790Z ERROR iota_benchmark: Transaction failed with err: FailToConfirmTransactionStatus(Digest("FUqphoUwUfReuUvshfA9ZAVbnXkvefKL3KLuboE98FhA"), 61) tx_digest=Digest("FUqphoUwUfReuUvshfA9ZAVbnXkvefKL3KLuboE98FhA") retry_cnt=0
2026-05-20T11:12:08.408809Z ERROR iota_benchmark: Transaction failed with err: FailToConfirmTransactionStatus(Digest("931dYMxpoQWHQnA3JfB9ZshXPDwH4euzLSHWCHWRM7gT"), 61) tx_digest=Digest("931dYMxpoQWHQnA3JfB9ZshXPDwH4euzLSHWCHWRM7gT") retry_cnt=0
2026-05-20T11:12:08.408859Z ERROR iota_benchmark: Transaction failed with err: FailToConfirmTransactionStatus(Digest("7jjYQ5h563BdykyW17Le8yQGxxU1CGjciidicVdSSarE"), 61) tx_digest=Digest("7jjYQ5h563BdykyW17Le8yQGxxU1CGjciidicVdSSarE") retry_cnt=0
2026-05-20T11:12:08.408906Z ERROR iota_benchmark: Transaction failed with err: FailToConfirmTransactionStatus(Digest("28f69bmxyb6P8fYSdGtbHLmsTazoCf962EnMTspLVhvN"), 61) tx_digest=Digest("28f69bmxyb6P8fYSdGtbHLmsTazoCf962EnMTspLVhvN") retry_cnt=0
2026-05-20T11:12:08.409067Z ERROR iota_benchmark: Transaction failed with err: FailToConfirmTransactionStatus(Digest("Ag2B3VUdBwQgDCmdYT8iNhFu3uwwSGDysYWigFSBpWdV"), 61) tx_digest=Digest("Ag2B3VUdBwQgDCmdYT8iNhFu3uwwSGDysYWigFSBpWdV") retry_cnt=0
2026-05-20T11:12:08.409102Z ERROR iota_benchmark: Transaction failed with err: FailToConfirmTransactionStatus(Digest("HXv7c14C9eJysLai4o6N68LmrNnvCJjK1dfQWZpSq5eR"), 61) tx_digest=Digest("HXv7c14C9eJysLai4o6N68LmrNnvCJjK1dfQWZpSq5eR") retry_cnt=0
2026-05-20T11:12:08.409128Z ERROR iota_benchmark: Transaction failed with err: FailToConfirmTransactionStatus(Digest("7e7MwSaVUqvf3dCoFeaDSGJcUwHiUFKQDwucHAFeNpr3"), 61) tx_digest=Digest("7e7MwSaVUqvf3dCoFeaDSGJcUwHiUFKQDwucHAFeNpr3") retry_cnt=0
2026-05-20T11:12:08.409188Z ERROR iota_benchmark: Transaction failed with err: FailToConfirmTransactionStatus(Digest("42jKypjwxLh3UrJ8b4UE7zyRDy49xV3rLusPmNnc9X4d"), 61) tx_digest=Digest("42jKypjwxLh3UrJ8b4UE7zyRDy49xV3rLusPmNnc9X4d") retry_cnt=0
2026-05-20T11:12:08.409218Z ERROR iota_benchmark: Transaction failed with err: FailToConfirmTransactionStatus(Digest("AiAWirSkMfruwvXprYHVCjgKriu5MXXfvFWcA7hU3jGi"), 61) tx_digest=Digest("AiAWirSkMfruwvXprYHVCjgKriu5MXXfvFWcA7hU3jGi") retry_cnt=0
2026-05-20T11:12:08.409253Z ERROR iota_benchmark: Transaction failed with err: FailToConfirmTransactionStatus(Digest("tsiGx4WHcQuGwGocZWNAVi7JSEqE27ywGzP9rmULuMk"), 61) tx_digest=Digest("tsiGx4WHcQuGwGocZWNAVi7JSEqE27ywGzP9rmULuMk") retry_cnt=0
2026-05-20T11:12:08.430851Z ERROR iota_benchmark: Transaction failed with err: Rpc(Call(ErrorObject { code: ServerError(-32050), message: "Transaction timed out before reaching finality", data: None })) tx_digest=Digest("9XkaHCn3rrsC1HvhSBdtD5BDYNZQa94gxB5qw27DBqXX") retry_cnt=0
2026-05-20T11:12:08.458315Z ERROR iota_benchmark: Transaction failed with err: FailToConfirmTransactionStatus(Digest("FZdDy8kesUSzt5iuZFPFmSVRxp3TPqpZtUecfLnKyFvx"), 61) tx_digest=Digest("FZdDy8kesUSzt5iuZFPFmSVRxp3TPqpZtUecfLnKyFvx") retry_cnt=0
2026-05-20T11:12:08.458315Z ERROR iota_benchmark: Transaction failed with err: FailToConfirmTransactionStatus(Digest("C1n8YoMAhR1mgnDpAorXndV23bXtmaDcYGEeGwk8xwqo"), 61) tx_digest=Digest("C1n8YoMAhR1mgnDpAorXndV23bXtmaDcYGEeGwk8xwqo") retry_cnt=0
2026-05-20T11:12:08.458315Z ERROR iota_benchmark: Transaction failed with err: FailToConfirmTransactionStatus(Digest("9UHP4h9JjqP65YxTyqJLRNLADYGZeCVC2pyRYFWzpXbm"), 61) tx_digest=Digest("9UHP4h9JjqP65YxTyqJLRNLADYGZeCVC2pyRYFWzpXbm") retry_cnt=0
2026-05-20T11:12:08.463285Z ERROR iota_benchmark: Transaction failed with err: FailToConfirmTransactionStatus(Digest("Gmm53Xgd8reKZBJts96C72MKBrY4BuALCMmqmHPJd4uj"), 61) tx_digest=Digest("Gmm53Xgd8reKZBJts96C72MKBrY4BuALCMmqmHPJd4uj") retry_cnt=0
2026-05-20T11:12:08.463335Z ERROR iota_benchmark: Transaction failed with err: FailToConfirmTransactionStatus(Digest("DTvHUMzzqG24YRvbYHaaDdnoSoQs9byy7yYhgWC62mir"), 61) tx_digest=Digest("DTvHUMzzqG24YRvbYHaaDdnoSoQs9byy7yYhgWC62mir") retry_cnt=0
2026-05-20T11:12:08.524544Z ERROR iota_benchmark: Transaction failed with err: FailToConfirmTransactionStatus(Digest("5HhEDY9UMCLmRA3FePWJjDZTf9rRAFgv9aEUdDGSWYbt"), 60) tx_digest=Digest("5HhEDY9UMCLmRA3FePWJjDZTf9rRAFgv9aEUdDGSWYbt") retry_cnt=0
2026-05-20T11:12:08.524750Z ERROR iota_benchmark: Transaction failed with err: FailToConfirmTransactionStatus(Digest("9iG3nHwuJW2SzfL8xx9Yqkm4GBwzvBX2qq6ScmWNVqx4"), 61) tx_digest=Digest("9iG3nHwuJW2SzfL8xx9Yqkm4GBwzvBX2qq6ScmWNVqx4") retry_cnt=0
2026-05-20T11:12:08.533499Z ERROR iota_benchmark: Transaction failed with err: FailToConfirmTransactionStatus(Digest("FHmXUQUTxRqyQC6YP8HNVtosq1jQ2mHcuFoyxdmYGp4S"), 61) tx_digest=Digest("FHmXUQUTxRqyQC6YP8HNVtosq1jQ2mHcuFoyxdmYGp4S") retry_cnt=0
2026-05-20T11:12:08.533511Z ERROR iota_benchmark: Transaction failed with err: FailToConfirmTransactionStatus(Digest("5Zw4tJ3sJGF2dQmKqbwJACK53DboTBDouT2dexNTSqEt"), 61) tx_digest=Digest("5Zw4tJ3sJGF2dQmKqbwJACK53DboTBDouT2dexNTSqEt") retry_cnt=0
2026-05-20T11:12:08.535024Z ERROR iota_benchmark: Transaction failed with err: FailToConfirmTransactionStatus(Digest("Ho2pN6mScgTnJvAUps1Qfig73XLe8K6Btc6SChnRTAWK"), 61) tx_digest=Digest("Ho2pN6mScgTnJvAUps1Qfig73XLe8K6Btc6SChnRTAWK") retry_cnt=0
2026-05-20T11:12:08.536546Z ERROR iota_benchmark: Transaction failed with err: FailToConfirmTransactionStatus(Digest("3Nvf1eu4S7f8Ef1Xbv4HzbUMXYZrQ5W5mAv99mtWonN2"), 61) tx_digest=Digest("3Nvf1eu4S7f8Ef1Xbv4HzbUMXYZrQ5W5mAv99mtWonN2") retry_cnt=0
2026-05-20T11:12:08.536564Z ERROR iota_benchmark: Transaction failed with err: FailToConfirmTransactionStatus(Digest("7bHNopCX8gXKrbhDb88yy5FtkUibszpzzKrsWHRUVVsZ"), 61) tx_digest=Digest("7bHNopCX8gXKrbhDb88yy5FtkUibszpzzKrsWHRUVVsZ") retry_cnt=0
2026-05-20T11:12:08.536584Z ERROR iota_benchmark: Transaction failed with err: FailToConfirmTransactionStatus(Digest("9FCRP6EWGiKZm3BL5kCLxSWMHM8GHm8b7t97Wg1qBr64"), 61) tx_digest=Digest("9FCRP6EWGiKZm3BL5kCLxSWMHM8GHm8b7t97Wg1qBr64") retry_cnt=0
2026-05-20T11:12:08.537981Z ERROR iota_benchmark: Transaction failed with err: FailToConfirmTransactionStatus(Digest("Hi1WkRQBYHQw73ZYZTdsqwkkzEyAVZ25VCoyjVNA5rmU"), 61) tx_digest=Digest("Hi1WkRQBYHQw73ZYZTdsqwkkzEyAVZ25VCoyjVNA5rmU") retry_cnt=0
2026-05-20T11:12:08.538156Z ERROR iota_benchmark: Transaction failed with err: FailToConfirmTransactionStatus(Digest("GtsyAbodromx7f1FF1GaM1rrh6igZvJibxE2dxbvWigQ"), 61) tx_digest=Digest("GtsyAbodromx7f1FF1GaM1rrh6igZvJibxE2dxbvWigQ") retry_cnt=0
2026-05-20T11:12:08.539558Z ERROR iota_benchmark: Transaction failed with err: FailToConfirmTransactionStatus(Digest("6K4dY8GYFpnzSyQmTe7vB4kCwZhnSh4Q25J5Mn8FtU3N"), 61) tx_digest=Digest("6K4dY8GYFpnzSyQmTe7vB4kCwZhnSh4Q25J5Mn8FtU3N") retry_cnt=0
2026-05-20T11:12:08.539594Z ERROR iota_benchmark: Transaction failed with err: FailToConfirmTransactionStatus(Digest("3fD3Dog4hKtZAdM9t1idDckqU9kc81V89qMcAzrjqtH2"), 61) tx_digest=Digest("3fD3Dog4hKtZAdM9t1idDckqU9kc81V89qMcAzrjqtH2") retry_cnt=0
2026-05-20T11:12:08.539616Z ERROR iota_benchmark: Transaction failed with err: FailToConfirmTransactionStatus(Digest("CgG3RoN9eRGuCaxofj7UPtthaH2JWBXTptUbzzEZSYUB"), 61) tx_digest=Digest("CgG3RoN9eRGuCaxofj7UPtthaH2JWBXTptUbzzEZSYUB") retry_cnt=0
2026-05-20T11:12:08.539706Z ERROR iota_benchmark: Transaction failed with err: FailToConfirmTransactionStatus(Digest("HSUdo4NXxKs7FTDGZXA5Vpd4yP6SyfjiJvGm3os8srdr"), 61) tx_digest=Digest("HSUdo4NXxKs7FTDGZXA5Vpd4yP6SyfjiJvGm3os8srdr") retry_cnt=0
2026-05-20T11:12:08.539713Z ERROR iota_benchmark: Transaction failed with err: FailToConfirmTransactionStatus(Digest("DqQmBqg5eGwUkMc8WZTTgrqVyfkdV251Db1o4M4mTkgA"), 61) tx_digest=Digest("DqQmBqg5eGwUkMc8WZTTgrqVyfkdV251Db1o4M4mTkgA") retry_cnt=0
2026-05-20T11:12:08.539736Z ERROR iota_benchmark: Transaction failed with err: FailToConfirmTransactionStatus(Digest("2rezy1L2Sia4Z6RVut5YkRCw3Mi9xfida7qR5nQ61T3h"), 61) tx_digest=Digest("2rezy1L2Sia4Z6RVut5YkRCw3Mi9xfida7qR5nQ61T3h") retry_cnt=0
2026-05-20T11:12:08.539766Z ERROR iota_benchmark: Transaction failed with err: FailToConfirmTransactionStatus(Digest("5H9fySgFVkz4EThKxiMYAa3jnDKME6NQMi4oTuxKifvP"), 61) tx_digest=Digest("5H9fySgFVkz4EThKxiMYAa3jnDKME6NQMi4oTuxKifvP") retry_cnt=0
2026-05-20T11:12:08.540055Z ERROR iota_benchmark: Transaction failed with err: FailToConfirmTransactionStatus(Digest("Bba5HLs5upB8rFkv41bx6GuKLdpzhgbgvhxsMDQC68mt"), 61) tx_digest=Digest("Bba5HLs5upB8rFkv41bx6GuKLdpzhgbgvhxsMDQC68mt") retry_cnt=0
2026-05-20T11:12:08.540061Z ERROR iota_benchmark: Transaction failed with err: FailToConfirmTransactionStatus(Digest("4Bq6PX9wJChsNgjsbp1b7gSeybKLPEMqpsNqmhBmHgmi"), 61) tx_digest=Digest("4Bq6PX9wJChsNgjsbp1b7gSeybKLPEMqpsNqmhBmHgmi") retry_cnt=0
2026-05-20T11:12:08.541486Z ERROR iota_benchmark: Transaction failed with err: FailToConfirmTransactionStatus(Digest("8CW1M6UTnQtT5Tzc9VTAgCXg9Xms9AkkGdnPPYYXk9A3"), 61) tx_digest=Digest("8CW1M6UTnQtT5Tzc9VTAgCXg9Xms9AkkGdnPPYYXk9A3") retry_cnt=0
2026-05-20T11:12:08.541487Z ERROR iota_benchmark: Transaction failed with err: FailToConfirmTransactionStatus(Digest("FGLEC83b35hcnwnWwP464rxAokKepmQAuCMeX3S2cp7G"), 61) tx_digest=Digest("FGLEC83b35hcnwnWwP464rxAokKepmQAuCMeX3S2cp7G") retry_cnt=0
2026-05-20T11:12:08.542967Z ERROR iota_benchmark: Transaction failed with err: FailToConfirmTransactionStatus(Digest("6jWzkhm3EAGV8bSQqxSU91rethk9xaM9m6wPSRs4ZNof"), 60) tx_digest=Digest("6jWzkhm3EAGV8bSQqxSU91rethk9xaM9m6wPSRs4ZNof") retry_cnt=0
2026-05-20T11:12:08.542976Z ERROR iota_benchmark: Transaction failed with err: FailToConfirmTransactionStatus(Digest("4SEcWSNLFhGCgiUbLEMvRUhWUrvNLEwBHBaCPTdJPfTz"), 60) tx_digest=Digest("4SEcWSNLFhGCgiUbLEMvRUhWUrvNLEwBHBaCPTdJPfTz") retry_cnt=0
2026-05-20T11:12:08.543170Z ERROR iota_benchmark: Transaction failed with err: FailToConfirmTransactionStatus(Digest("EAJVqj1Rx7huBUob2Q8n4CSivmC4SANC6xEaon8QdiAE"), 61) tx_digest=Digest("EAJVqj1Rx7huBUob2Q8n4CSivmC4SANC6xEaon8QdiAE") retry_cnt=0
2026-05-20T11:12:08.543195Z ERROR iota_benchmark: Transaction failed with err: FailToConfirmTransactionStatus(Digest("E564hDHhY2Lyb2FeeLEoQi2eVG8nCm4JQQDnCmPhLhME"), 61) tx_digest=Digest("E564hDHhY2Lyb2FeeLEoQi2eVG8nCm4JQQDnCmPhLhME") retry_cnt=0
2026-05-20T11:12:08.559353Z ERROR iota_benchmark: Transaction failed with err: FailToConfirmTransactionStatus(Digest("4oNsgjmQMi5j11y4XM1towGReMMDrpu7giRh3jAuwSny"), 61) tx_digest=Digest("4oNsgjmQMi5j11y4XM1towGReMMDrpu7giRh3jAuwSny") retry_cnt=0
2026-05-20T11:12:08.560880Z ERROR iota_benchmark: Transaction failed with err: FailToConfirmTransactionStatus(Digest("9GpLDLmRm9A6SRMaTmaoXCXrXAmGTufH8BT1H5bciTyd"), 61) tx_digest=Digest("9GpLDLmRm9A6SRMaTmaoXCXrXAmGTufH8BT1H5bciTyd") retry_cnt=0
2026-05-20T11:12:08.563524Z ERROR iota_benchmark: Transaction failed with err: FailToConfirmTransactionStatus(Digest("HpJX99qmGVNG9maLBzxh2JV2ngSp7J1ekZYwfSysZL1v"), 60) tx_digest=Digest("HpJX99qmGVNG9maLBzxh2JV2ngSp7J1ekZYwfSysZL1v") retry_cnt=0
2026-05-20T11:12:08.563521Z ERROR iota_benchmark: Transaction failed with err: FailToConfirmTransactionStatus(Digest("EbB6L77ajAe85nx1QJRA1tDkTKAyHFTHrKu4mAv5iFHw"), 61) tx_digest=Digest("EbB6L77ajAe85nx1QJRA1tDkTKAyHFTHrKu4mAv5iFHw") retry_cnt=0
2026-05-20T11:12:08.563521Z ERROR iota_benchmark: Transaction failed with err: FailToConfirmTransactionStatus(Digest("6CnHUVUr6BsvY6LHJHuo6fSprqC3xBNM11qvXt3K5jri"), 60) tx_digest=Digest("6CnHUVUr6BsvY6LHJHuo6fSprqC3xBNM11qvXt3K5jri") retry_cnt=0
2026-05-20T11:12:08.563549Z ERROR iota_benchmark: Transaction failed with err: FailToConfirmTransactionStatus(Digest("9fqgvg1cApJvcuWx3CuQb1mV9ewkPymwMM5iJqeTgHLk"), 61) tx_digest=Digest("9fqgvg1cApJvcuWx3CuQb1mV9ewkPymwMM5iJqeTgHLk") retry_cnt=0
2026-05-20T11:12:08.637395Z ERROR iota_benchmark: Transaction failed with err: Rpc(Transport(Http(Stream(hyper_util::client::legacy::Error(SendRequest, hyper::Error(IncompleteMessage)))))) tx_digest=Digest("Ax74gCfkpunrfdhBP2CUCZtjUMkMjhRT15gqbYvR2gdK") retry_cnt=1
2026-05-20T11:12:08.644534Z ERROR iota_benchmark: Transaction failed with err: FailToConfirmTransactionStatus(Digest("7ik85SAudUJi6hCEdi35cV5gYGU8sDHpGVtBh4jVAiG6"), 60) tx_digest=Digest("7ik85SAudUJi6hCEdi35cV5gYGU8sDHpGVtBh4jVAiG6") retry_cnt=0
2026-05-20T11:12:08.644534Z ERROR iota_benchmark: Transaction failed with err: FailToConfirmTransactionStatus(Digest("LkXzTbgbqy3B981V5HdBe6rScnMvX6RFhzVZwXxMs7g"), 60) tx_digest=Digest("LkXzTbgbqy3B981V5HdBe6rScnMvX6RFhzVZwXxMs7g") retry_cnt=0
2026-05-20T11:12:08.646034Z ERROR iota_benchmark: Transaction failed with err: FailToConfirmTransactionStatus(Digest("4TPxwPsHqRogfPpqCHXVQXrdWALaoDS8VQazcLqQ68aV"), 60) tx_digest=Digest("4TPxwPsHqRogfPpqCHXVQXrdWALaoDS8VQazcLqQ68aV") retry_cnt=0
2026-05-20T11:12:08.646065Z ERROR iota_benchmark: Transaction failed with err: FailToConfirmTransactionStatus(Digest("FsmnxBwwkAzJJEtSfeDT98LMaSE1ni1AgvUS7omCJNqr"), 60) tx_digest=Digest("FsmnxBwwkAzJJEtSfeDT98LMaSE1ni1AgvUS7omCJNqr") retry_cnt=0
2026-05-20T11:12:08.646070Z ERROR iota_benchmark: Transaction failed with err: FailToConfirmTransactionStatus(Digest("879H2F8QM3rtGPDMW2QxLvuCbJn4kyjw7TKZT1xnGsSN"), 60) tx_digest=Digest("879H2F8QM3rtGPDMW2QxLvuCbJn4kyjw7TKZT1xnGsSN") retry_cnt=0
2026-05-20T11:12:08.646197Z ERROR iota_benchmark: Transaction failed with err: FailToConfirmTransactionStatus(Digest("AJxWVvX2G87bGfyFUo1vjYGZ1Pj69bCiPeEB5ahBVsjB"), 60) tx_digest=Digest("AJxWVvX2G87bGfyFUo1vjYGZ1Pj69bCiPeEB5ahBVsjB") retry_cnt=0
2026-05-20T11:12:08.646202Z ERROR iota_benchmark: Transaction failed with err: FailToConfirmTransactionStatus(Digest("5N8USgZLS3KB8EdhwAuwPfYVmfgqjTNdGivzGymm2QSH"), 60) tx_digest=Digest("5N8USgZLS3KB8EdhwAuwPfYVmfgqjTNdGivzGymm2QSH") retry_cnt=0
2026-05-20T11:12:08.646206Z ERROR iota_benchmark: Transaction failed with err: FailToConfirmTransactionStatus(Digest("EzEGL5te8LfpPFmgBBSs8UpQP88Pu3ezYkuoXprdNuc6"), 60) tx_digest=Digest("EzEGL5te8LfpPFmgBBSs8UpQP88Pu3ezYkuoXprdNuc6") retry_cnt=0
2026-05-20T11:12:08.646273Z ERROR iota_benchmark: Transaction failed with err: FailToConfirmTransactionStatus(Digest("qAZcDqoPbc5FrJknfmwUxYuApytnZiG3F5VLMgyYNDb"), 60) tx_digest=Digest("qAZcDqoPbc5FrJknfmwUxYuApytnZiG3F5VLMgyYNDb") retry_cnt=0
2026-05-20T11:12:08.646320Z ERROR iota_benchmark: Transaction failed with err: FailToConfirmTransactionStatus(Digest("BZokunRRP7dZHhtijzc4Hg2AK3EBaVeoHgaDcwEQfPhz"), 60) tx_digest=Digest("BZokunRRP7dZHhtijzc4Hg2AK3EBaVeoHgaDcwEQfPhz") retry_cnt=0
2026-05-20T11:12:08.646346Z ERROR iota_benchmark: Transaction failed with err: FailToConfirmTransactionStatus(Digest("DVgPKzNyM2JUz8hMx6PNjrJmukb4dvgfS4EAR2tEWpK"), 60) tx_digest=Digest("DVgPKzNyM2JUz8hMx6PNjrJmukb4dvgfS4EAR2tEWpK") retry_cnt=0
2026-05-20T11:12:08.647827Z ERROR iota_benchmark: Transaction failed with err: FailToConfirmTransactionStatus(Digest("8pJzUgaQR1XD35E98siVcZhnjgoFCSwFkypbDYpq4GKf"), 60) tx_digest=Digest("8pJzUgaQR1XD35E98siVcZhnjgoFCSwFkypbDYpq4GKf") retry_cnt=0
2026-05-20T11:12:08.647836Z ERROR iota_benchmark: Transaction failed with err: FailToConfirmTransactionStatus(Digest("aN3C49J8DQPazHgvEo5MXV85fmSCCUp6BL7X3nNCcSa"), 60) tx_digest=Digest("aN3C49J8DQPazHgvEo5MXV85fmSCCUp6BL7X3nNCcSa") retry_cnt=0
2026-05-20T11:12:08.647849Z ERROR iota_benchmark: Transaction failed with err: FailToConfirmTransactionStatus(Digest("bkg2huDVhFN6pBKL3GvGbJjx27uqmcUSye6n6TGTKoU"), 60) tx_digest=Digest("bkg2huDVhFN6pBKL3GvGbJjx27uqmcUSye6n6TGTKoU") retry_cnt=0
2026-05-20T11:12:08.648001Z ERROR iota_benchmark: Transaction failed with err: FailToConfirmTransactionStatus(Digest("7vuFatKwRFPYqCKtYTXA1N1B5pHsm5WVUJvGH7h3JEbz"), 61) tx_digest=Digest("7vuFatKwRFPYqCKtYTXA1N1B5pHsm5WVUJvGH7h3JEbz") retry_cnt=0
2026-05-20T11:12:08.648030Z ERROR iota_benchmark: Transaction failed with err: FailToConfirmTransactionStatus(Digest("G7ghtGhbUWc5jVyfQA52W7mSBQkyiKknfeWrFRQwMzqA"), 60) tx_digest=Digest("G7ghtGhbUWc5jVyfQA52W7mSBQkyiKknfeWrFRQwMzqA") retry_cnt=0
2026-05-20T11:12:08.648070Z ERROR iota_benchmark: Transaction failed with err: FailToConfirmTransactionStatus(Digest("EZ11QSrvysrzrVdditBE9JocQzYAN8AVR3sf24FURZ2M"), 60) tx_digest=Digest("EZ11QSrvysrzrVdditBE9JocQzYAN8AVR3sf24FURZ2M") retry_cnt=0
2026-05-20T11:12:08.648094Z ERROR iota_benchmark: Transaction failed with err: FailToConfirmTransactionStatus(Digest("GgyPydesfXSLra2skfAgynBhrtUfVAqRnGNzeM7DzAz9"), 60) tx_digest=Digest("GgyPydesfXSLra2skfAgynBhrtUfVAqRnGNzeM7DzAz9") retry_cnt=0
2026-05-20T11:12:08.648100Z ERROR iota_benchmark: Transaction failed with err: FailToConfirmTransactionStatus(Digest("B8QPBhw59Mf3h4SSrs8cLNtUojK2862TUxCLMZZfJr9d"), 60) tx_digest=Digest("B8QPBhw59Mf3h4SSrs8cLNtUojK2862TUxCLMZZfJr9d") retry_cnt=0
2026-05-20T11:12:08.648134Z ERROR iota_benchmark: Transaction failed with err: FailToConfirmTransactionStatus(Digest("9tUyCc3MiV5nbWQvDxDBgP2P8x6Jkppcv95Hb5jWPjmg"), 60) tx_digest=Digest("9tUyCc3MiV5nbWQvDxDBgP2P8x6Jkppcv95Hb5jWPjmg") retry_cnt=0
2026-05-20T11:12:08.648205Z ERROR iota_benchmark: Transaction failed with err: FailToConfirmTransactionStatus(Digest("FCCxyc444oqkovVDQJMbn28bihiWVj9doyhDGKVubNGk"), 60) tx_digest=Digest("FCCxyc444oqkovVDQJMbn28bihiWVj9doyhDGKVubNGk") retry_cnt=0
2026-05-20T11:12:08.648462Z ERROR iota_benchmark: Transaction failed with err: FailToConfirmTransactionStatus(Digest("CFwGox91ajQ7NTMCKkRHqgLNPXcYeSNLoTeMvGzyUKRX"), 60) tx_digest=Digest("CFwGox91ajQ7NTMCKkRHqgLNPXcYeSNLoTeMvGzyUKRX") retry_cnt=0
2026-05-20T11:12:08.649847Z ERROR iota_benchmark: Transaction failed with err: FailToConfirmTransactionStatus(Digest("Bm5kj9Zx7yqD4mNrUVVQWxZdv6qM5h7AiPGhSCJmRrfq"), 60) tx_digest=Digest("Bm5kj9Zx7yqD4mNrUVVQWxZdv6qM5h7AiPGhSCJmRrfq") retry_cnt=0
2026-05-20T11:12:08.649849Z ERROR iota_benchmark: Transaction failed with err: FailToConfirmTransactionStatus(Digest("Fbrcz92y6LjVPa6Zch3LK2XhGBwrsNt9CS1c5G1b2bod"), 60) tx_digest=Digest("Fbrcz92y6LjVPa6Zch3LK2XhGBwrsNt9CS1c5G1b2bod") retry_cnt=0
2026-05-20T11:12:08.652402Z ERROR iota_benchmark: Transaction failed with err: FailToConfirmTransactionStatus(Digest("A2VCEKBwvrcYGSw6pabmVXQ57YSfAhEYWmywALD9p3wh"), 60) tx_digest=Digest("A2VCEKBwvrcYGSw6pabmVXQ57YSfAhEYWmywALD9p3wh") retry_cnt=0
2026-05-20T11:12:08.659546Z ERROR iota_benchmark: Transaction failed with err: FailToConfirmTransactionStatus(Digest("HusxoUKAvq9nuBNfpMNTzmzHBqSqBnrQBxcCbW5NJTQo"), 61) tx_digest=Digest("HusxoUKAvq9nuBNfpMNTzmzHBqSqBnrQBxcCbW5NJTQo") retry_cnt=0
2026-05-20T11:12:08.659550Z ERROR iota_benchmark: Transaction failed with err: FailToConfirmTransactionStatus(Digest("H8pBTNT6ZcenCBQ3dBUPigbWdxkGrVrCqPRHxru1Pc2g"), 61) tx_digest=Digest("H8pBTNT6ZcenCBQ3dBUPigbWdxkGrVrCqPRHxru1Pc2g") retry_cnt=0
2026-05-20T11:12:08.659558Z ERROR iota_benchmark: Transaction failed with err: FailToConfirmTransactionStatus(Digest("3rXBSJJihuR3M38vyiZMdT2GDPHvKaBtfNJKG5zfSbca"), 61) tx_digest=Digest("3rXBSJJihuR3M38vyiZMdT2GDPHvKaBtfNJKG5zfSbca") retry_cnt=0
2026-05-20T11:12:08.659746Z ERROR iota_benchmark: Transaction failed with err: FailToConfirmTransactionStatus(Digest("3A6EtuK66wQKKBFbZyC3qQKpFHzXVf2YGEgziavGV7rm"), 61) tx_digest=Digest("3A6EtuK66wQKKBFbZyC3qQKpFHzXVf2YGEgziavGV7rm") retry_cnt=0
2026-05-20T11:12:08.660073Z ERROR iota_benchmark: Transaction failed with err: FailToConfirmTransactionStatus(Digest("D68EMYXLvzSRn2xzkktAU8B3NZ2MkrBafwvu4HpxrkY1"), 61) tx_digest=Digest("D68EMYXLvzSRn2xzkktAU8B3NZ2MkrBafwvu4HpxrkY1") retry_cnt=0
2026-05-20T11:12:08.660078Z ERROR iota_benchmark: Transaction failed with err: FailToConfirmTransactionStatus(Digest("EpVHr6dG8to6gt2L5CWiQbQARnwxijJ2sJaHGk5uasXs"), 61) tx_digest=Digest("EpVHr6dG8to6gt2L5CWiQbQARnwxijJ2sJaHGk5uasXs") retry_cnt=0
2026-05-20T11:12:08.660091Z ERROR iota_benchmark: Transaction failed with err: FailToConfirmTransactionStatus(Digest("AWuwNPBCsP9y3ZpybvZFS1JzDnK4FV9tLqqn2QiVXhcA"), 61) tx_digest=Digest("AWuwNPBCsP9y3ZpybvZFS1JzDnK4FV9tLqqn2QiVXhcA") retry_cnt=0
2026-05-20T11:12:08.660156Z ERROR iota_benchmark: Transaction failed with err: FailToConfirmTransactionStatus(Digest("BWwhrac4izo3gbo52B7KTTeaxK9tZcazGRanj4Aei5W8"), 61) tx_digest=Digest("BWwhrac4izo3gbo52B7KTTeaxK9tZcazGRanj4Aei5W8") retry_cnt=0
2026-05-20T11:12:08.660221Z ERROR iota_benchmark: Transaction failed with err: FailToConfirmTransactionStatus(Digest("DyB48S33484pY7W5Eqa6hcB19pT71kjnCm3CXikiS2qU"), 61) tx_digest=Digest("DyB48S33484pY7W5Eqa6hcB19pT71kjnCm3CXikiS2qU") retry_cnt=0
2026-05-20T11:12:08.660243Z ERROR iota_benchmark: Transaction failed with err: FailToConfirmTransactionStatus(Digest("8zVuNP51Zte8VLTjrrVXCHtRLMti1Gvtxrhg8MTdJSJW"), 61) tx_digest=Digest("8zVuNP51Zte8VLTjrrVXCHtRLMti1Gvtxrhg8MTdJSJW") retry_cnt=0
2026-05-20T11:12:08.663955Z ERROR iota_benchmark: Transaction failed with err: FailToConfirmTransactionStatus(Digest("9BuU4DFWngTrTQ5Xe4Mgs1NsyibfoLYy3ZErj768DN7j"), 61) tx_digest=Digest("9BuU4DFWngTrTQ5Xe4Mgs1NsyibfoLYy3ZErj768DN7j") retry_cnt=0
2026-05-20T11:12:08.663962Z ERROR iota_benchmark: Transaction failed with err: FailToConfirmTransactionStatus(Digest("DNWTXWRN2hybhR6P4UAtnYNXubS79r1v7rp6KUHAu9QD"), 61) tx_digest=Digest("DNWTXWRN2hybhR6P4UAtnYNXubS79r1v7rp6KUHAu9QD") retry_cnt=0
2026-05-20T11:12:08.663993Z ERROR iota_benchmark: Transaction failed with err: FailToConfirmTransactionStatus(Digest("HebdvTPJbiAAkzdpoSb51FdP1hegDCE6N2XMztdqT2ia"), 61) tx_digest=Digest("HebdvTPJbiAAkzdpoSb51FdP1hegDCE6N2XMztdqT2ia") retry_cnt=0
2026-05-20T11:12:08.664041Z ERROR iota_benchmark: Transaction failed with err: FailToConfirmTransactionStatus(Digest("7ALRPK9FZrQDhZoTxgsoVATrp6nvZk8fnF6Zscgdk21U"), 61) tx_digest=Digest("7ALRPK9FZrQDhZoTxgsoVATrp6nvZk8fnF6Zscgdk21U") retry_cnt=0
2026-05-20T11:12:08.664126Z ERROR iota_benchmark: Transaction failed with err: FailToConfirmTransactionStatus(Digest("kgqMTEDifV91CNLwcLmEdEFijDU1yx7jBT9gteBHqKc"), 61) tx_digest=Digest("kgqMTEDifV91CNLwcLmEdEFijDU1yx7jBT9gteBHqKc") retry_cnt=0
2026-05-20T11:12:08.664144Z ERROR iota_benchmark: Transaction failed with err: FailToConfirmTransactionStatus(Digest("8dBc3rrSsRkRVDNV1sui5gC62R1jxtmuMVhfwLJXxVPm"), 61) tx_digest=Digest("8dBc3rrSsRkRVDNV1sui5gC62R1jxtmuMVhfwLJXxVPm") retry_cnt=0
2026-05-20T11:12:08.664159Z ERROR iota_benchmark: Transaction failed with err: FailToConfirmTransactionStatus(Digest("AcB2MATjahBadb8zNbwCcHFFEfsbtcyJd7JrEKpYFr4q"), 61) tx_digest=Digest("AcB2MATjahBadb8zNbwCcHFFEfsbtcyJd7JrEKpYFr4q") retry_cnt=0
2026-05-20T11:12:08.664219Z ERROR iota_benchmark: Transaction failed with err: FailToConfirmTransactionStatus(Digest("EfY3Z874rQGZ6e9QmCfg8q4dYchj1aNgjic4X4rdF3Ep"), 61) tx_digest=Digest("EfY3Z874rQGZ6e9QmCfg8q4dYchj1aNgjic4X4rdF3Ep") retry_cnt=0
2026-05-20T11:12:08.664238Z ERROR iota_benchmark: Transaction failed with err: FailToConfirmTransactionStatus(Digest("24CCPhie2HHmNV6FFLJ6LYwLkgZttA5hLdF76EYYNk9C"), 61) tx_digest=Digest("24CCPhie2HHmNV6FFLJ6LYwLkgZttA5hLdF76EYYNk9C") retry_cnt=0
2026-05-20T11:12:08.664248Z ERROR iota_benchmark: Transaction failed with err: FailToConfirmTransactionStatus(Digest("2bBGq3zALTRpt5PpZmykm245zd3HtsA3tuvo4jQgFn2m"), 61) tx_digest=Digest("2bBGq3zALTRpt5PpZmykm245zd3HtsA3tuvo4jQgFn2m") retry_cnt=0
2026-05-20T11:12:08.664283Z ERROR iota_benchmark: Transaction failed with err: FailToConfirmTransactionStatus(Digest("oRcY6P9m2A8UQtYFVRTu8iab8GArAWUCDoXC84awkKF"), 61) tx_digest=Digest("oRcY6P9m2A8UQtYFVRTu8iab8GArAWUCDoXC84awkKF") retry_cnt=0
2026-05-20T11:12:08.664306Z ERROR iota_benchmark: Transaction failed with err: FailToConfirmTransactionStatus(Digest("Exc7bPTqbjTNgNQhKgz2RkiKZDQhaFQsq9ZWfjh8A4xZ"), 61) tx_digest=Digest("Exc7bPTqbjTNgNQhKgz2RkiKZDQhaFQsq9ZWfjh8A4xZ") retry_cnt=0
2026-05-20T11:12:08.664364Z ERROR iota_benchmark: Transaction failed with err: FailToConfirmTransactionStatus(Digest("BCqi1QEB5vB9vFho1BpmuJpN7LJcmioADaPDztfssTBH"), 61) tx_digest=Digest("BCqi1QEB5vB9vFho1BpmuJpN7LJcmioADaPDztfssTBH") retry_cnt=0
2026-05-20T11:12:08.664371Z ERROR iota_benchmark: Transaction failed with err: FailToConfirmTransactionStatus(Digest("GPsxzQAJpdLuY67k76ci87E7SopJj7Wk32jJhEVHZZTL"), 61) tx_digest=Digest("GPsxzQAJpdLuY67k76ci87E7SopJj7Wk32jJhEVHZZTL") retry_cnt=0
2026-05-20T11:12:08.664431Z ERROR iota_benchmark: Transaction failed with err: FailToConfirmTransactionStatus(Digest("FkpphCfM34FxdfJWMQx3kXMGvxH99VBQiMz4iaaDHdk8"), 61) tx_digest=Digest("FkpphCfM34FxdfJWMQx3kXMGvxH99VBQiMz4iaaDHdk8") retry_cnt=0
2026-05-20T11:12:08.666300Z ERROR iota_benchmark: Transaction failed with err: FailToConfirmTransactionStatus(Digest("3ne8ZJrLCEF48jjbVkAVhqmJ8TBfcfKhX1QN3a65HRjA"), 61) tx_digest=Digest("3ne8ZJrLCEF48jjbVkAVhqmJ8TBfcfKhX1QN3a65HRjA") retry_cnt=0
2026-05-20T11:12:08.666318Z ERROR iota_benchmark: Transaction failed with err: FailToConfirmTransactionStatus(Digest("7ZF6NVeZ1ADBMUgDMmJ9R8MmHJH2MgekDFXpCkmxKP6Y"), 61) tx_digest=Digest("7ZF6NVeZ1ADBMUgDMmJ9R8MmHJH2MgekDFXpCkmxKP6Y") retry_cnt=0
2026-05-20T11:12:08.666434Z ERROR iota_benchmark: Transaction failed with err: FailToConfirmTransactionStatus(Digest("F2pdEcdgkbxDVUe5tjVpi48wBDb9RExtJpB8ktaKGoE"), 61) tx_digest=Digest("F2pdEcdgkbxDVUe5tjVpi48wBDb9RExtJpB8ktaKGoE") retry_cnt=0
2026-05-20T11:12:08.667993Z ERROR iota_benchmark: Transaction failed with err: FailToConfirmTransactionStatus(Digest("GTNyMTakwjXqcZmksNcZ2YYAy8zuXAzyxgruUWNXm99o"), 61) tx_digest=Digest("GTNyMTakwjXqcZmksNcZ2YYAy8zuXAzyxgruUWNXm99o") retry_cnt=0
2026-05-20T11:12:08.668001Z ERROR iota_benchmark: Transaction failed with err: FailToConfirmTransactionStatus(Digest("BNCueRcbfwAiXxHo8Db4o5Pr8KxZvLnDR4czbBV8Svp3"), 61) tx_digest=Digest("BNCueRcbfwAiXxHo8Db4o5Pr8KxZvLnDR4czbBV8Svp3") retry_cnt=0
2026-05-20T11:12:08.668023Z ERROR iota_benchmark: Transaction failed with err: FailToConfirmTransactionStatus(Digest("CAoowPgGp8ikaYL4zRTmqcnj4HTma4jEEXYDpMmunEtd"), 61) tx_digest=Digest("CAoowPgGp8ikaYL4zRTmqcnj4HTma4jEEXYDpMmunEtd") retry_cnt=0
2026-05-20T11:12:08.672885Z ERROR iota_benchmark: Transaction failed with err: FailToConfirmTransactionStatus(Digest("F6gMW2NwaACj6ZV1VYXBcqgZB4DgnM6cCtNVG2FwmDtD"), 61) tx_digest=Digest("F6gMW2NwaACj6ZV1VYXBcqgZB4DgnM6cCtNVG2FwmDtD") retry_cnt=0
2026-05-20T11:12:08.672884Z ERROR iota_benchmark: Transaction failed with err: FailToConfirmTransactionStatus(Digest("3BzpQf5LFDHhBxC3f36APzpnE2fitgk9AAxcd4KnXW3g"), 61) tx_digest=Digest("3BzpQf5LFDHhBxC3f36APzpnE2fitgk9AAxcd4KnXW3g") retry_cnt=0
2026-05-20T11:12:08.672897Z ERROR iota_benchmark: Transaction failed with err: FailToConfirmTransactionStatus(Digest("FDfe4ViAk1xUkd9bpSePGeK83sh2b9pG7rWvsCBd1nCQ"), 61) tx_digest=Digest("FDfe4ViAk1xUkd9bpSePGeK83sh2b9pG7rWvsCBd1nCQ") retry_cnt=0
2026-05-20T11:12:08.672901Z ERROR iota_benchmark: Transaction failed with err: FailToConfirmTransactionStatus(Digest("HxngnW2aW9fcEMwF8yNEGAgqZ7fsvE6gTV4TozGiHfoX"), 61) tx_digest=Digest("HxngnW2aW9fcEMwF8yNEGAgqZ7fsvE6gTV4TozGiHfoX") retry_cnt=0
2026-05-20T11:12:08.673074Z ERROR iota_benchmark: Transaction failed with err: FailToConfirmTransactionStatus(Digest("AZwHe6XXoyUjNbz6VDgj6fi8C5xbdEY8dXMTAZYZu9QF"), 61) tx_digest=Digest("AZwHe6XXoyUjNbz6VDgj6fi8C5xbdEY8dXMTAZYZu9QF") retry_cnt=0
2026-05-20T11:12:08.673107Z ERROR iota_benchmark: Transaction failed with err: FailToConfirmTransactionStatus(Digest("AGsyAUQsbFAFmfBSXcLK8dpbs2wNBygn6AG5As2D3PyR"), 61) tx_digest=Digest("AGsyAUQsbFAFmfBSXcLK8dpbs2wNBygn6AG5As2D3PyR") retry_cnt=0
2026-05-20T11:12:08.673214Z ERROR iota_benchmark: Transaction failed with err: FailToConfirmTransactionStatus(Digest("3EP8q88JzSTzzTg9CiBeTvxuU2y1cV4SPDxjrDbAfvqF"), 61) tx_digest=Digest("3EP8q88JzSTzzTg9CiBeTvxuU2y1cV4SPDxjrDbAfvqF") retry_cnt=0
2026-05-20T11:12:08.673291Z ERROR iota_benchmark: Transaction failed with err: FailToConfirmTransactionStatus(Digest("4NTJYjJP7Jc6uhCKy4MEESZYBrTAxJubCP1W6PYJEM31"), 61) tx_digest=Digest("4NTJYjJP7Jc6uhCKy4MEESZYBrTAxJubCP1W6PYJEM31") retry_cnt=0
2026-05-20T11:12:08.673319Z ERROR iota_benchmark: Transaction failed with err: FailToConfirmTransactionStatus(Digest("DXeF7iVhnxXVwspcnZRf9y2KHd4zP3YT7GUnY6Y3xKPU"), 61) tx_digest=Digest("DXeF7iVhnxXVwspcnZRf9y2KHd4zP3YT7GUnY6Y3xKPU") retry_cnt=0
2026-05-20T11:12:08.673201Z ERROR iota_benchmark: Transaction failed with err: FailToConfirmTransactionStatus(Digest("GWidLX2D29QhE5sRNrxtN4k2keG87oGFKDjVTehmhXxk"), 61) tx_digest=Digest("GWidLX2D29QhE5sRNrxtN4k2keG87oGFKDjVTehmhXxk") retry_cnt=0
2026-05-20T11:12:08.674735Z ERROR iota_benchmark: Transaction failed with err: FailToConfirmTransactionStatus(Digest("4YV2YF46BmRpmbGJ4rSGmjWgSGeTRnLqHZ45HUwqBZNU"), 61) tx_digest=Digest("4YV2YF46BmRpmbGJ4rSGmjWgSGeTRnLqHZ45HUwqBZNU") retry_cnt=0
2026-05-20T11:12:08.674749Z ERROR iota_benchmark: Transaction failed with err: FailToConfirmTransactionStatus(Digest("EpYjU9k8WSxMj6KJAdq4fNgViqkzqkrfZB1vE5kxe3MU"), 61) tx_digest=Digest("EpYjU9k8WSxMj6KJAdq4fNgViqkzqkrfZB1vE5kxe3MU") retry_cnt=0
2026-05-20T11:12:08.674763Z ERROR iota_benchmark: Transaction failed with err: FailToConfirmTransactionStatus(Digest("HtooBLLpNfSoLP25d9eRohZZxQFg4aT5pU2ZwhAQUrYG"), 61) tx_digest=Digest("HtooBLLpNfSoLP25d9eRohZZxQFg4aT5pU2ZwhAQUrYG") retry_cnt=0
2026-05-20T11:12:08.674989Z ERROR iota_benchmark: Transaction failed with err: FailToConfirmTransactionStatus(Digest("EMh8otzuDhmD2DSAt24j59VDggRoFvPrH2m811CPXv6T"), 61) tx_digest=Digest("EMh8otzuDhmD2DSAt24j59VDggRoFvPrH2m811CPXv6T") retry_cnt=0
2026-05-20T11:12:08.675463Z ERROR iota_benchmark: Transaction failed with err: FailToConfirmTransactionStatus(Digest("H4f53zVb6u1AhBRZKv79WrQH6ALKSeVbmD1i2eFruA9E"), 61) tx_digest=Digest("H4f53zVb6u1AhBRZKv79WrQH6ALKSeVbmD1i2eFruA9E") retry_cnt=0
2026-05-20T11:12:08.675559Z ERROR iota_benchmark: Transaction failed with err: FailToConfirmTransactionStatus(Digest("4Hqm7fL2UZ7M5hc8WVF2os5feWTPy9WcgfW5R7tYMSvp"), 61) tx_digest=Digest("4Hqm7fL2UZ7M5hc8WVF2os5feWTPy9WcgfW5R7tYMSvp") retry_cnt=0
2026-05-20T11:12:08.676889Z ERROR iota_benchmark: Transaction failed with err: FailToConfirmTransactionStatus(Digest("6LzYgZta16sKqA9VadtqW9fYBf9Jn6kMEEjfBKYCa3Ax"), 61) tx_digest=Digest("6LzYgZta16sKqA9VadtqW9fYBf9Jn6kMEEjfBKYCa3Ax") retry_cnt=0
2026-05-20T11:12:08.677078Z ERROR iota_benchmark: Transaction failed with err: FailToConfirmTransactionStatus(Digest("H1fSdvjjBc3YVKDn4SrXMMjJA5LgenLV96w9SBhxtB35"), 61) tx_digest=Digest("H1fSdvjjBc3YVKDn4SrXMMjJA5LgenLV96w9SBhxtB35") retry_cnt=0
2026-05-20T11:12:08.677103Z ERROR iota_benchmark: Transaction failed with err: FailToConfirmTransactionStatus(Digest("4qzJiveBSMpDF2QdVqn4zCHCNTD3FUt7dBnVmQ4Cgg69"), 61) tx_digest=Digest("4qzJiveBSMpDF2QdVqn4zCHCNTD3FUt7dBnVmQ4Cgg69") retry_cnt=0
2026-05-20T11:12:08.677119Z ERROR iota_benchmark: Transaction failed with err: FailToConfirmTransactionStatus(Digest("9qQ2brU8PfWJgLP2B5JrXUXzoyCQFL9ti51Br44yNfJF"), 61) tx_digest=Digest("9qQ2brU8PfWJgLP2B5JrXUXzoyCQFL9ti51Br44yNfJF") retry_cnt=0
2026-05-20T11:12:08.677196Z ERROR iota_benchmark: Transaction failed with err: FailToConfirmTransactionStatus(Digest("pJJDDPTXyEkxbwjLuabd2D7DX9Z9HA6ppYNSfRQY3cx"), 61) tx_digest=Digest("pJJDDPTXyEkxbwjLuabd2D7DX9Z9HA6ppYNSfRQY3cx") retry_cnt=0
2026-05-20T11:12:08.677214Z ERROR iota_benchmark: Transaction failed with err: FailToConfirmTransactionStatus(Digest("FpC836emd74588gNCuoviTWM1Rf1Zb6Sx1Pqpn6H1fKv"), 61) tx_digest=Digest("FpC836emd74588gNCuoviTWM1Rf1Zb6Sx1Pqpn6H1fKv") retry_cnt=0
2026-05-20T11:12:08.677230Z ERROR iota_benchmark: Transaction failed with err: FailToConfirmTransactionStatus(Digest("9pCPW94xuk1sf3zgArXt1APJj7DUmUZvXjGR8kxNue52"), 61) tx_digest=Digest("9pCPW94xuk1sf3zgArXt1APJj7DUmUZvXjGR8kxNue52") retry_cnt=0
2026-05-20T11:12:08.678637Z ERROR iota_benchmark: Transaction failed with err: FailToConfirmTransactionStatus(Digest("7CVEWu18Pye73tJigzcXTiKJCv9kQwfMFLKsiYQGd1g"), 61) tx_digest=Digest("7CVEWu18Pye73tJigzcXTiKJCv9kQwfMFLKsiYQGd1g") retry_cnt=0
2026-05-20T11:12:08.678665Z ERROR iota_benchmark: Transaction failed with err: FailToConfirmTransactionStatus(Digest("2GCo2iokmbiTsxfpvSJEEu5HJ3TDWixz77QTgddPVBJF"), 61) tx_digest=Digest("2GCo2iokmbiTsxfpvSJEEu5HJ3TDWixz77QTgddPVBJF") retry_cnt=0
2026-05-20T11:12:08.678653Z ERROR iota_benchmark: Transaction failed with err: FailToConfirmTransactionStatus(Digest("2SeAXCGeW3Aex4W4FMTPddctCXyLWGQ2yeyNNxeaTd3B"), 61) tx_digest=Digest("2SeAXCGeW3Aex4W4FMTPddctCXyLWGQ2yeyNNxeaTd3B") retry_cnt=0
2026-05-20T11:12:08.678792Z ERROR iota_benchmark: Transaction failed with err: FailToConfirmTransactionStatus(Digest("7D5BzBhLY2YPiytKAigcWPsamtpP9xcsN8LRfkkjsmBD"), 61) tx_digest=Digest("7D5BzBhLY2YPiytKAigcWPsamtpP9xcsN8LRfkkjsmBD") retry_cnt=0
2026-05-20T11:12:08.680851Z ERROR iota_benchmark: Transaction failed with err: FailToConfirmTransactionStatus(Digest("Gdw9rrgMyr8KAta4UgbGxSTqAPCXY2wZ6swfH1p64Evr"), 61) tx_digest=Digest("Gdw9rrgMyr8KAta4UgbGxSTqAPCXY2wZ6swfH1p64Evr") retry_cnt=0
2026-05-20T11:12:08.681223Z ERROR iota_benchmark: Transaction failed with err: FailToConfirmTransactionStatus(Digest("DU1nz6DquwMEruUqck6EJuTTtaWgDvgnth9oQ4CjPx8y"), 61) tx_digest=Digest("DU1nz6DquwMEruUqck6EJuTTtaWgDvgnth9oQ4CjPx8y") retry_cnt=0
2026-05-20T11:12:08.681262Z ERROR iota_benchmark: Transaction failed with err: FailToConfirmTransactionStatus(Digest("HM53wE8Y9aTA98Lw28TugfSPbTZwHghWZWNMs5zwm6Gf"), 61) tx_digest=Digest("HM53wE8Y9aTA98Lw28TugfSPbTZwHghWZWNMs5zwm6Gf") retry_cnt=0
2026-05-20T11:12:08.681300Z ERROR iota_benchmark: Transaction failed with err: FailToConfirmTransactionStatus(Digest("HoozzVU2FqBWrhF3RYZY8yYquQUoBimVfkWZu9vebDbM"), 61) tx_digest=Digest("HoozzVU2FqBWrhF3RYZY8yYquQUoBimVfkWZu9vebDbM") retry_cnt=0
2026-05-20T11:12:08.681443Z ERROR iota_benchmark: Transaction failed with err: FailToConfirmTransactionStatus(Digest("3h7rw15Xwp7atfZ6LVPMwN9py4bAwb7avp8BQK2d5Jbu"), 61) tx_digest=Digest("3h7rw15Xwp7atfZ6LVPMwN9py4bAwb7avp8BQK2d5Jbu") retry_cnt=0
2026-05-20T11:12:08.681528Z ERROR iota_benchmark: Transaction failed with err: FailToConfirmTransactionStatus(Digest("4MX2gvJRt6hxsJ2Zdhra7fjYytvc7XhA5YwuPTGKVZxi"), 61) tx_digest=Digest("4MX2gvJRt6hxsJ2Zdhra7fjYytvc7XhA5YwuPTGKVZxi") retry_cnt=0
2026-05-20T11:12:08.681597Z ERROR iota_benchmark: Transaction failed with err: FailToConfirmTransactionStatus(Digest("6ConUdFxdmSrAx629sWjg6MA5Gi4SN5zBmhrjN3fWqp"), 61) tx_digest=Digest("6ConUdFxdmSrAx629sWjg6MA5Gi4SN5zBmhrjN3fWqp") retry_cnt=0
2026-05-20T11:12:08.681728Z ERROR iota_benchmark: Transaction failed with err: FailToConfirmTransactionStatus(Digest("6gUiVx3BfDH9DxtmY1Mfok6xxtiqmanLNzYExPS7xfR3"), 61) tx_digest=Digest("6gUiVx3BfDH9DxtmY1Mfok6xxtiqmanLNzYExPS7xfR3") retry_cnt=0
2026-05-20T11:12:08.681880Z ERROR iota_benchmark: Transaction failed with err: FailToConfirmTransactionStatus(Digest("2uCR5KyR8xVVd5FxN3RrxrWcADJtPq7aEqzgCD9h33pw"), 61) tx_digest=Digest("2uCR5KyR8xVVd5FxN3RrxrWcADJtPq7aEqzgCD9h33pw") retry_cnt=0
2026-05-20T11:12:08.682040Z ERROR iota_benchmark: Transaction failed with err: FailToConfirmTransactionStatus(Digest("AZtVz1ym7tX9Rz1Ea6PgkkLhvgtQEkDsV6NNzDZUgvUr"), 61) tx_digest=Digest("AZtVz1ym7tX9Rz1Ea6PgkkLhvgtQEkDsV6NNzDZUgvUr") retry_cnt=0
2026-05-20T11:12:08.682151Z ERROR iota_benchmark: Transaction failed with err: FailToConfirmTransactionStatus(Digest("GuWwPTAgcL9rCxAmxRVNTV3H2RE6GjttQYCMt9iyvsUC"), 61) tx_digest=Digest("GuWwPTAgcL9rCxAmxRVNTV3H2RE6GjttQYCMt9iyvsUC") retry_cnt=0
2026-05-20T11:12:08.682174Z ERROR iota_benchmark: Transaction failed with err: FailToConfirmTransactionStatus(Digest("HiKrUNJpqA2Jp3NejP7oVK83tWmajUPs1HsmPyEbKgP5"), 61) tx_digest=Digest("HiKrUNJpqA2Jp3NejP7oVK83tWmajUPs1HsmPyEbKgP5") retry_cnt=0
2026-05-20T11:12:08.682282Z ERROR iota_benchmark: Transaction failed with err: FailToConfirmTransactionStatus(Digest("Ga8QUwaKmdRohV6JoPoh8E3Ct2YqcFNxrMw9r3CzDqzR"), 61) tx_digest=Digest("Ga8QUwaKmdRohV6JoPoh8E3Ct2YqcFNxrMw9r3CzDqzR") retry_cnt=0
2026-05-20T11:12:08.682466Z ERROR iota_benchmark: Transaction failed with err: FailToConfirmTransactionStatus(Digest("Dqq3ctXvBYXHiYecZ1U47dB8mVY17prfJHFFNnhKdegP"), 61) tx_digest=Digest("Dqq3ctXvBYXHiYecZ1U47dB8mVY17prfJHFFNnhKdegP") retry_cnt=0
2026-05-20T11:12:08.682495Z ERROR iota_benchmark: Transaction failed with err: FailToConfirmTransactionStatus(Digest("ATRZpBeJVVKcyhB7jef5WwUyNQyNSdCJbEkFMXpSTJ6x"), 61) tx_digest=Digest("ATRZpBeJVVKcyhB7jef5WwUyNQyNSdCJbEkFMXpSTJ6x") retry_cnt=0
2026-05-20T11:12:08.683883Z ERROR iota_benchmark: Transaction failed with err: FailToConfirmTransactionStatus(Digest("3xQ2K1V99LwV3pT6kBLDkdX2hriDX7QVjePEuHkAb9L2"), 60) tx_digest=Digest("3xQ2K1V99LwV3pT6kBLDkdX2hriDX7QVjePEuHkAb9L2") retry_cnt=0
2026-05-20T11:12:08.683898Z ERROR iota_benchmark: Transaction failed with err: FailToConfirmTransactionStatus(Digest("3yTwfQyzeMdKy1Gkue5717DpcqaN9NKXLwsozhRMoaTM"), 60) tx_digest=Digest("3yTwfQyzeMdKy1Gkue5717DpcqaN9NKXLwsozhRMoaTM") retry_cnt=0
2026-05-20T11:12:08.683907Z ERROR iota_benchmark: Transaction failed with err: FailToConfirmTransactionStatus(Digest("FQckMgvRdZPsLkn2KHPz4dXacGCbnP77r8f7hrqm1xav"), 60) tx_digest=Digest("FQckMgvRdZPsLkn2KHPz4dXacGCbnP77r8f7hrqm1xav") retry_cnt=0
2026-05-20T11:12:08.683915Z ERROR iota_benchmark: Transaction failed with err: FailToConfirmTransactionStatus(Digest("3fX3k5f6mT5cgdHq6h3wMEGdyxtDt7kGyqa4hWwQyUDf"), 61) tx_digest=Digest("3fX3k5f6mT5cgdHq6h3wMEGdyxtDt7kGyqa4hWwQyUDf") retry_cnt=0
2026-05-20T11:12:08.684057Z ERROR iota_benchmark: Transaction failed with err: FailToConfirmTransactionStatus(Digest("8EF8DD98p7SSEpQcwVmZDiSKuNXMa1GAdorx5TPGaBWn"), 60) tx_digest=Digest("8EF8DD98p7SSEpQcwVmZDiSKuNXMa1GAdorx5TPGaBWn") retry_cnt=0
2026-05-20T11:12:08.684102Z ERROR iota_benchmark: Transaction failed with err: FailToConfirmTransactionStatus(Digest("CBexwKTg8SDkysVFVa5t7NVstGa4ZuT3UpGrh2XjzXb5"), 60) tx_digest=Digest("CBexwKTg8SDkysVFVa5t7NVstGa4ZuT3UpGrh2XjzXb5") retry_cnt=0
2026-05-20T11:12:08.684149Z ERROR iota_benchmark: Transaction failed with err: FailToConfirmTransactionStatus(Digest("C32uS9UTXr1R1RmKkHsX1ArmmD7jUPFv5fWtajpR3ijE"), 61) tx_digest=Digest("C32uS9UTXr1R1RmKkHsX1ArmmD7jUPFv5fWtajpR3ijE") retry_cnt=0
2026-05-20T11:12:08.685721Z ERROR iota_benchmark: Transaction failed with err: FailToConfirmTransactionStatus(Digest("BdesCqyFNr8Hfa6JqRisAcqMGQiUMrJVbmdUNVsRbr5A"), 60) tx_digest=Digest("BdesCqyFNr8Hfa6JqRisAcqMGQiUMrJVbmdUNVsRbr5A") retry_cnt=0
2026-05-20T11:12:08.687146Z ERROR iota_benchmark: Transaction failed with err: FailToConfirmTransactionStatus(Digest("4hPtW6m3aNSAnXMMKx6GzuGYtdxi2xY6W4iHqFvW9Bea"), 61) tx_digest=Digest("4hPtW6m3aNSAnXMMKx6GzuGYtdxi2xY6W4iHqFvW9Bea") retry_cnt=0
2026-05-20T11:12:08.689982Z ERROR iota_benchmark: Transaction failed with err: FailToConfirmTransactionStatus(Digest("DhCBEZa3xsPmc25RUXxV8LUd8ob1iRg7qnqMN6oubB3u"), 60) tx_digest=Digest("DhCBEZa3xsPmc25RUXxV8LUd8ob1iRg7qnqMN6oubB3u") retry_cnt=0
2026-05-20T11:12:08.690045Z ERROR iota_benchmark: Transaction failed with err: FailToConfirmTransactionStatus(Digest("GngvvboQtkVTaLxK9TnsYpbRkgK8yhsVYCcraWfVASYP"), 60) tx_digest=Digest("GngvvboQtkVTaLxK9TnsYpbRkgK8yhsVYCcraWfVASYP") retry_cnt=0
2026-05-20T11:12:08.690025Z ERROR iota_benchmark: Transaction failed with err: FailToConfirmTransactionStatus(Digest("97PeU1PGiXqyp8qMP2GKUwquzapsVu18HLq8fgJ8TnCf"), 60) tx_digest=Digest("97PeU1PGiXqyp8qMP2GKUwquzapsVu18HLq8fgJ8TnCf") retry_cnt=0
2026-05-20T11:12:08.690269Z ERROR iota_benchmark: Transaction failed with err: FailToConfirmTransactionStatus(Digest("FnGQhSrkAcak197psPhRerR1sTibiVjSYR1veZgZGZH6"), 61) tx_digest=Digest("FnGQhSrkAcak197psPhRerR1sTibiVjSYR1veZgZGZH6") retry_cnt=0
2026-05-20T11:12:08.694353Z ERROR iota_benchmark: Transaction failed with err: Rpc(Transport(Http(Stream(hyper_util::client::legacy::Error(SendRequest, hyper::Error(IncompleteMessage)))))) tx_digest=Digest("BPosuwq5iM72AXuydMGTNEPVsFAjmY5KFV56VdUrvT1u") retry_cnt=1
2026-05-20T11:12:08.710393Z ERROR iota_benchmark: Transaction failed with err: FailToConfirmTransactionStatus(Digest("C8qkBDq2vShsxUMYQ9Hv77UsmX2kfjPw9uzwmdEwA7fb"), 61) tx_digest=Digest("C8qkBDq2vShsxUMYQ9Hv77UsmX2kfjPw9uzwmdEwA7fb") retry_cnt=0
2026-05-20T11:12:08.710398Z ERROR iota_benchmark: Transaction failed with err: FailToConfirmTransactionStatus(Digest("DWDzcUyKEEszkz4CGLi1Lv1Cwp1CFq6BLQMhK9Qydoru"), 61) tx_digest=Digest("DWDzcUyKEEszkz4CGLi1Lv1Cwp1CFq6BLQMhK9Qydoru") retry_cnt=0
2026-05-20T11:12:08.710393Z ERROR iota_benchmark: Transaction failed with err: FailToConfirmTransactionStatus(Digest("w3QdhMoFM2A1RKsfKynbuWoJHKxahsToN8qcZUmsPkW"), 61) tx_digest=Digest("w3QdhMoFM2A1RKsfKynbuWoJHKxahsToN8qcZUmsPkW") retry_cnt=0
2026-05-20T11:12:08.710436Z ERROR iota_benchmark: Transaction failed with err: FailToConfirmTransactionStatus(Digest("7snYS4bhRZpQ8DjY5GYnMScgnSjGJKo2svxvYNMukQyX"), 61) tx_digest=Digest("7snYS4bhRZpQ8DjY5GYnMScgnSjGJKo2svxvYNMukQyX") retry_cnt=0
2026-05-20T11:12:08.728408Z ERROR iota_benchmark: Transaction failed with err: Rpc(Transport(Http(Stream(hyper_util::client::legacy::Error(SendRequest, hyper::Error(IncompleteMessage)))))) tx_digest=Digest("3BodCMUYBuD4oj2uWtCki6HcAtRUKvknZzy6LXYBvscG") retry_cnt=1
2026-05-20T11:12:08.728422Z ERROR iota_benchmark: Transaction failed with err: Rpc(Transport(Http(Stream(hyper_util::client::legacy::Error(SendRequest, hyper::Error(IncompleteMessage)))))) tx_digest=Digest("HTmJA9DLVbyw2muwViBLVBk1Z4Co867tKNFPD4R1SdP7") retry_cnt=1
2026-05-20T11:12:08.791816Z ERROR iota_benchmark: Transaction failed with err: Rpc(Transport(Http(Stream(hyper_util::client::legacy::Error(SendRequest, hyper::Error(IncompleteMessage)))))) tx_digest=Digest("CXosWW3WWa6AXN2NhdU6bDpUGpxQ7b4xVgTQjvwy2dK") retry_cnt=1
2026-05-20T11:12:08.792042Z ERROR iota_benchmark: Transaction failed with err: Rpc(Transport(Http(Stream(hyper_util::client::legacy::Error(SendRequest, hyper::Error(IncompleteMessage)))))) tx_digest=Digest("2zTVBtx7bMatWHAZFm2oiQHijurmuRHzRg9WMgwcf5xt") retry_cnt=1
2026-05-20T11:12:08.792221Z ERROR iota_benchmark: Transaction failed with err: Rpc(Transport(Http(Stream(hyper_util::client::legacy::Error(SendRequest, hyper::Error(IncompleteMessage)))))) tx_digest=Digest("CSPXoPQgCRdYMTy6uq936M6eszhE51nj445gDAsTMqhm") retry_cnt=1
2026-05-20T11:12:08.823043Z ERROR iota_benchmark: Transaction failed with err: Rpc(Transport(Http(Stream(hyper_util::client::legacy::Error(SendRequest, hyper::Error(IncompleteMessage)))))) tx_digest=Digest("DfsHzL1JHKYSjAnNmy2kkt21pSvo2tJQuFs56BQskwF3") retry_cnt=1
2026-05-20T11:12:08.830178Z ERROR iota_benchmark: Transaction failed with err: Rpc(Transport(Http(Stream(hyper_util::client::legacy::Error(SendRequest, hyper::Error(IncompleteMessage)))))) tx_digest=Digest("9db5jWvwz6FcXW8vWrQ9kRi1dWkSyqE5AXBCwaGdneK7") retry_cnt=1
2026-05-20T11:12:08.830375Z ERROR iota_benchmark: Transaction failed with err: Rpc(Transport(Http(Stream(hyper_util::client::legacy::Error(SendRequest, hyper::Error(IncompleteMessage)))))) tx_digest=Digest("CrZrQxPSqCrs53t9ZZMQ9o7xoyDQytJizBk1wKAZfcMp") retry_cnt=1
2026-05-20T11:12:08.877518Z ERROR iota_benchmark: Transaction failed with err: Rpc(Transport(Http(Stream(hyper_util::client::legacy::Error(SendRequest, hyper::Error(IncompleteMessage)))))) tx_digest=Digest("DMv4j1S6MaYxqYcbxj7sx3btRa9pZ4XGJCHxHA6aXzSA") retry_cnt=1
2026-05-20T11:12:08.893504Z ERROR iota_benchmark: Transaction failed with err: Rpc(Transport(Http(Stream(hyper_util::client::legacy::Error(SendRequest, hyper::Error(IncompleteMessage)))))) tx_digest=Digest("HCVBLnjFqJCMf1kc3gSRXmKQSqfSSVSyV3tioFh1YqUa") retry_cnt=1
2026-05-20T11:12:08.898416Z ERROR iota_benchmark: Transaction failed with err: FailToConfirmTransactionStatus(Digest("6kaXMs2D2SNeXhfa7Vo2fWHTkXEKVUDxjDChB4PYGqrx"), 60) tx_digest=Digest("6kaXMs2D2SNeXhfa7Vo2fWHTkXEKVUDxjDChB4PYGqrx") retry_cnt=0
2026-05-20T11:12:08.898428Z ERROR iota_benchmark: Transaction failed with err: FailToConfirmTransactionStatus(Digest("9vNhpDqBPjvj7d9iUnjrH2n8rvcAMDiUiCUu9F4Wfv3T"), 60) tx_digest=Digest("9vNhpDqBPjvj7d9iUnjrH2n8rvcAMDiUiCUu9F4Wfv3T") retry_cnt=0
2026-05-20T11:12:08.900020Z ERROR iota_benchmark: Transaction failed with err: FailToConfirmTransactionStatus(Digest("93PMnNbVfsnyzPMnTW7Xjw4PtPWZuye4UEz9cmxyX3gy"), 60) tx_digest=Digest("93PMnNbVfsnyzPMnTW7Xjw4PtPWZuye4UEz9cmxyX3gy") retry_cnt=0
2026-05-20T11:12:08.900247Z ERROR iota_benchmark: Transaction failed with err: FailToConfirmTransactionStatus(Digest("5dwifU7psECDgnkocfzMtHDoweYKRHSPywFVooSsdcPG"), 60) tx_digest=Digest("5dwifU7psECDgnkocfzMtHDoweYKRHSPywFVooSsdcPG") retry_cnt=0
2026-05-20T11:12:08.902737Z ERROR iota_benchmark: Transaction failed with err: FailToConfirmTransactionStatus(Digest("8K2zohzQHSKwXujiEra2WDx9Mz5GMaKoMuD9JuWiGwAh"), 60) tx_digest=Digest("8K2zohzQHSKwXujiEra2WDx9Mz5GMaKoMuD9JuWiGwAh") retry_cnt=0
2026-05-20T11:12:08.910149Z ERROR iota_benchmark: Transaction failed with err: FailToConfirmTransactionStatus(Digest("BL23DUUJV5KowEcevmE4a1rWtksocQctAv6Eawk4yLxD"), 60) tx_digest=Digest("BL23DUUJV5KowEcevmE4a1rWtksocQctAv6Eawk4yLxD") retry_cnt=0
2026-05-20T11:12:08.912761Z ERROR iota_benchmark: Transaction failed with err: FailToConfirmTransactionStatus(Digest("EvqPzcv9d9XEhtBunMaZrZtwgcXGKm5Ge2tyHfkVcx3G"), 60) tx_digest=Digest("EvqPzcv9d9XEhtBunMaZrZtwgcXGKm5Ge2tyHfkVcx3G") retry_cnt=0
2026-05-20T11:12:08.914165Z ERROR iota_benchmark: Transaction failed with err: FailToConfirmTransactionStatus(Digest("CUYtBpRuBVg8psdyN4mg92FZjMdBQHzbjgk1sjmyW2iC"), 60) tx_digest=Digest("CUYtBpRuBVg8psdyN4mg92FZjMdBQHzbjgk1sjmyW2iC") retry_cnt=0
2026-05-20T11:12:08.914200Z ERROR iota_benchmark: Transaction failed with err: FailToConfirmTransactionStatus(Digest("7oCv1NmZzHWcq8mQcTTjwgf5UWLnkdfdH5StnMYdxYLC"), 60) tx_digest=Digest("7oCv1NmZzHWcq8mQcTTjwgf5UWLnkdfdH5StnMYdxYLC") retry_cnt=0
2026-05-20T11:12:08.916630Z ERROR iota_benchmark: Transaction failed with err: FailToConfirmTransactionStatus(Digest("755ZiCAY8EaVzJV8pnpYFJEmecobdiVhKGQdeJU645XH"), 60) tx_digest=Digest("755ZiCAY8EaVzJV8pnpYFJEmecobdiVhKGQdeJU645XH") retry_cnt=0
2026-05-20T11:12:08.916725Z ERROR iota_benchmark: Transaction failed with err: FailToConfirmTransactionStatus(Digest("8jRgN3fg5XGyGeQxxLfPX2ezb4fP5RjDPzaYQNAQptn6"), 61) tx_digest=Digest("8jRgN3fg5XGyGeQxxLfPX2ezb4fP5RjDPzaYQNAQptn6") retry_cnt=0
2026-05-20T11:12:08.916747Z ERROR iota_benchmark: Transaction failed with err: FailToConfirmTransactionStatus(Digest("DgyxiJ2sJM3w4S16gcSQNFpq44j4qzqoCNQUPYvfwYDx"), 60) tx_digest=Digest("DgyxiJ2sJM3w4S16gcSQNFpq44j4qzqoCNQUPYvfwYDx") retry_cnt=0
2026-05-20T11:12:08.916878Z ERROR iota_benchmark: Transaction failed with err: FailToConfirmTransactionStatus(Digest("53SfZQ8wAsoyzjhN6emGuhk7PwTjXm2T7SrKyhJe2GMR"), 61) tx_digest=Digest("53SfZQ8wAsoyzjhN6emGuhk7PwTjXm2T7SrKyhJe2GMR") retry_cnt=0
2026-05-20T11:12:08.916900Z ERROR iota_benchmark: Transaction failed with err: FailToConfirmTransactionStatus(Digest("GwxddGXd4e6cj6rXsSboyYMmJvcYmEqZyN4WqEesUhjU"), 60) tx_digest=Digest("GwxddGXd4e6cj6rXsSboyYMmJvcYmEqZyN4WqEesUhjU") retry_cnt=0
2026-05-20T11:12:08.916956Z ERROR iota_benchmark: Transaction failed with err: FailToConfirmTransactionStatus(Digest("EAbxMhD2ZdwZpmRFNvuJQ6XAbBo45hmN9gQXUrMojr3J"), 60) tx_digest=Digest("EAbxMhD2ZdwZpmRFNvuJQ6XAbBo45hmN9gQXUrMojr3J") retry_cnt=0
2026-05-20T11:12:08.917013Z ERROR iota_benchmark: Transaction failed with err: FailToConfirmTransactionStatus(Digest("42wZ8eujeLf5J5TJE7pBJCQus5CRks9AA76g9CKwnzhY"), 60) tx_digest=Digest("42wZ8eujeLf5J5TJE7pBJCQus5CRks9AA76g9CKwnzhY") retry_cnt=0
2026-05-20T11:12:08.917066Z ERROR iota_benchmark: Transaction failed with err: FailToConfirmTransactionStatus(Digest("8WXjsdNwFSYS9hsjUSB346SQyjNf9VqpQjE7M1voBFKr"), 60) tx_digest=Digest("8WXjsdNwFSYS9hsjUSB346SQyjNf9VqpQjE7M1voBFKr") retry_cnt=0
2026-05-20T11:12:08.917197Z ERROR iota_benchmark: Transaction failed with err: FailToConfirmTransactionStatus(Digest("3z1c52dUe46eHR5cppQfkPcR7HCSaWfZx1CM9jQrWmr9"), 61) tx_digest=Digest("3z1c52dUe46eHR5cppQfkPcR7HCSaWfZx1CM9jQrWmr9") retry_cnt=0
2026-05-20T11:12:08.917245Z ERROR iota_benchmark: Transaction failed with err: FailToConfirmTransactionStatus(Digest("DtdP1Es5ZY3tnpCaVER4Ew17esbmHMWcvgBSXPSc5noK"), 60) tx_digest=Digest("DtdP1Es5ZY3tnpCaVER4Ew17esbmHMWcvgBSXPSc5noK") retry_cnt=0
2026-05-20T11:12:08.918743Z ERROR iota_benchmark: Transaction failed with err: FailToConfirmTransactionStatus(Digest("C44gCKfGuTYs47eny89oPx2i9bEuwgZ5PYcht4hNopup"), 60) tx_digest=Digest("C44gCKfGuTYs47eny89oPx2i9bEuwgZ5PYcht4hNopup") retry_cnt=0
2026-05-20T11:12:08.922474Z ERROR iota_benchmark: Transaction failed with err: Rpc(Transport(Http(Stream(hyper_util::client::legacy::Error(SendRequest, hyper::Error(IncompleteMessage)))))) tx_digest=Digest("BmpKT5d4wqMK4ZbW1dezvBLmu5okkhRGxzrsD5gxs1B2") retry_cnt=1
2026-05-20T11:12:08.922672Z ERROR iota_benchmark: Transaction failed with err: Rpc(Transport(Http(Stream(hyper_util::client::legacy::Error(SendRequest, hyper::Error(IncompleteMessage)))))) tx_digest=Digest("E6hgQ9imWTSyisS5ajRCpXHFpNUquDN2EnFiiCC5CZ9X") retry_cnt=1
2026-05-20T11:12:08.922717Z ERROR iota_benchmark: Transaction failed with err: Rpc(Transport(Http(Stream(hyper_util::client::legacy::Error(SendRequest, hyper::Error(IncompleteMessage)))))) tx_digest=Digest("CK9MNb6L9Hk8Sh4UZfZGbUh1hdGmNjVm23Y2QBYcTyDe") retry_cnt=1
2026-05-20T11:12:08.925222Z ERROR iota_benchmark: Transaction failed with err: FailToConfirmTransactionStatus(Digest("CmCx3CYtYhDToayXQ7K9Wu9p19ibwqVfFjn73oh9PT2U"), 60) tx_digest=Digest("CmCx3CYtYhDToayXQ7K9Wu9p19ibwqVfFjn73oh9PT2U") retry_cnt=0
2026-05-20T11:12:08.925247Z ERROR iota_benchmark: Transaction failed with err: FailToConfirmTransactionStatus(Digest("HnPagEfQRD6V5JSG9eE5HgDyYABKYFjDZYqm4T2ucz3h"), 60) tx_digest=Digest("HnPagEfQRD6V5JSG9eE5HgDyYABKYFjDZYqm4T2ucz3h") retry_cnt=0
2026-05-20T11:12:08.925250Z ERROR iota_benchmark: Transaction failed with err: FailToConfirmTransactionStatus(Digest("GgYGhfLbkNLAKZB1mKWAEYqcZYVUQZPAQV5mWujgB58R"), 60) tx_digest=Digest("GgYGhfLbkNLAKZB1mKWAEYqcZYVUQZPAQV5mWujgB58R") retry_cnt=0
2026-05-20T11:12:08.925273Z ERROR iota_benchmark: Transaction failed with err: FailToConfirmTransactionStatus(Digest("GQUZRVGwGcvnCbk6eH3BJig6f5yv1th34tYpv6bWwhQD"), 60) tx_digest=Digest("GQUZRVGwGcvnCbk6eH3BJig6f5yv1th34tYpv6bWwhQD") retry_cnt=0
2026-05-20T11:12:08.925408Z ERROR iota_benchmark: Transaction failed with err: FailToConfirmTransactionStatus(Digest("3T31dPGpRGhNiqAV5jiNwRYDEqfxKo6MzfncVsyCWcwo"), 60) tx_digest=Digest("3T31dPGpRGhNiqAV5jiNwRYDEqfxKo6MzfncVsyCWcwo") retry_cnt=0
2026-05-20T11:12:08.925440Z ERROR iota_benchmark: Transaction failed with err: FailToConfirmTransactionStatus(Digest("2SFsWqFZzThrZnousK3FfZK6isdAv3ksghi9HJDLJ82F"), 60) tx_digest=Digest("2SFsWqFZzThrZnousK3FfZK6isdAv3ksghi9HJDLJ82F") retry_cnt=0
2026-05-20T11:12:08.925460Z ERROR iota_benchmark: Transaction failed with err: FailToConfirmTransactionStatus(Digest("4s9H3VRQzvQ1nzmfYDn9Eh3SrepyU767NmNzkMtK1KKc"), 60) tx_digest=Digest("4s9H3VRQzvQ1nzmfYDn9Eh3SrepyU767NmNzkMtK1KKc") retry_cnt=0
2026-05-20T11:12:08.925507Z ERROR iota_benchmark: Transaction failed with err: FailToConfirmTransactionStatus(Digest("C7hdgwr4eDGjzCf1AYWCKJtvXiCAiKKbBX8JhAy2FxvX"), 60) tx_digest=Digest("C7hdgwr4eDGjzCf1AYWCKJtvXiCAiKKbBX8JhAy2FxvX") retry_cnt=0
2026-05-20T11:12:08.926931Z ERROR iota_benchmark: Transaction failed with err: FailToConfirmTransactionStatus(Digest("7k5XffxY4qZcM6jnauTN7Aw8LawW8xLNofp1cbJTpmBN"), 60) tx_digest=Digest("7k5XffxY4qZcM6jnauTN7Aw8LawW8xLNofp1cbJTpmBN") retry_cnt=0
2026-05-20T11:12:08.926941Z ERROR iota_benchmark: Transaction failed with err: FailToConfirmTransactionStatus(Digest("FZ6rK6qA9wXn7xz3YmgJbVrD4cHsr3FT84GM5NoAqa32"), 60) tx_digest=Digest("FZ6rK6qA9wXn7xz3YmgJbVrD4cHsr3FT84GM5NoAqa32") retry_cnt=0
2026-05-20T11:12:08.926963Z ERROR iota_benchmark: Transaction failed with err: FailToConfirmTransactionStatus(Digest("Azv9QLnVfG9nPh61nyKbeFarFP9US639SSFamewyy2KX"), 60) tx_digest=Digest("Azv9QLnVfG9nPh61nyKbeFarFP9US639SSFamewyy2KX") retry_cnt=0
2026-05-20T11:12:08.927054Z ERROR iota_benchmark: Transaction failed with err: FailToConfirmTransactionStatus(Digest("AfhKqNcdvmHe7ARTdsSXN6JyNSgCM3nQuLoJiFu1R7KE"), 60) tx_digest=Digest("AfhKqNcdvmHe7ARTdsSXN6JyNSgCM3nQuLoJiFu1R7KE") retry_cnt=0
2026-05-20T11:12:08.927055Z ERROR iota_benchmark: Transaction failed with err: FailToConfirmTransactionStatus(Digest("BBrsvVqn9zhFC6Cc1agkJXMKhVwcF8zZxzZJLySMoAkf"), 60) tx_digest=Digest("BBrsvVqn9zhFC6Cc1agkJXMKhVwcF8zZxzZJLySMoAkf") retry_cnt=0
2026-05-20T11:12:08.927131Z ERROR iota_benchmark: Transaction failed with err: FailToConfirmTransactionStatus(Digest("6yigbmd8DLHfojkYMPDqkBGUTsfy5DNSubt596mS3bd1"), 60) tx_digest=Digest("6yigbmd8DLHfojkYMPDqkBGUTsfy5DNSubt596mS3bd1") retry_cnt=0
2026-05-20T11:12:08.927144Z ERROR iota_benchmark: Transaction failed with err: FailToConfirmTransactionStatus(Digest("97tbKPvoFtB3Kz99FfjYhY6pd6eRPTPTTYNexH2NpuxR"), 60) tx_digest=Digest("97tbKPvoFtB3Kz99FfjYhY6pd6eRPTPTTYNexH2NpuxR") retry_cnt=0
2026-05-20T11:12:08.927216Z ERROR iota_benchmark: Transaction failed with err: FailToConfirmTransactionStatus(Digest("2Rem9qpf2AsVWZ4zSZngagcNMSP3hAqo7x8vKg3dzaWv"), 60) tx_digest=Digest("2Rem9qpf2AsVWZ4zSZngagcNMSP3hAqo7x8vKg3dzaWv") retry_cnt=0
2026-05-20T11:12:08.927223Z ERROR iota_benchmark: Transaction failed with err: FailToConfirmTransactionStatus(Digest("BLc7RVAf1oVPcbGnPN4mH3QE1HyAdAHvjnNmgCzEDEqm"), 60) tx_digest=Digest("BLc7RVAf1oVPcbGnPN4mH3QE1HyAdAHvjnNmgCzEDEqm") retry_cnt=0
2026-05-20T11:12:08.927289Z ERROR iota_benchmark: Transaction failed with err: FailToConfirmTransactionStatus(Digest("9LQqnQ4dySHcongfy1dxU7JKAfjDZE3aVZZSHHPsSfZs"), 60) tx_digest=Digest("9LQqnQ4dySHcongfy1dxU7JKAfjDZE3aVZZSHHPsSfZs") retry_cnt=0
2026-05-20T11:12:08.927290Z ERROR iota_benchmark: Transaction failed with err: FailToConfirmTransactionStatus(Digest("76Hhnyd3AMmRymoU7uQ3LE4FNpGHS6F6MsCGBC9n2WqK"), 60) tx_digest=Digest("76Hhnyd3AMmRymoU7uQ3LE4FNpGHS6F6MsCGBC9n2WqK") retry_cnt=0
2026-05-20T11:12:08.928844Z ERROR iota_benchmark: Transaction failed with err: FailToConfirmTransactionStatus(Digest("4rqym7BvYHgGWw8VGGCJjWZLRvXt7sWJRdYHEhgQya2L"), 61) tx_digest=Digest("4rqym7BvYHgGWw8VGGCJjWZLRvXt7sWJRdYHEhgQya2L") retry_cnt=0
2026-05-20T11:12:08.928869Z ERROR iota_benchmark: Transaction failed with err: FailToConfirmTransactionStatus(Digest("5szPur4rSt6kDzUhfBBoeoSwuK1Znw77S69WMoXPEmfD"), 60) tx_digest=Digest("5szPur4rSt6kDzUhfBBoeoSwuK1Znw77S69WMoXPEmfD") retry_cnt=0
2026-05-20T11:12:08.928878Z ERROR iota_benchmark: Transaction failed with err: FailToConfirmTransactionStatus(Digest("9WXLxk7cqzTapptHKFXGMyqBcjh95211KeMcoVRZrejd"), 60) tx_digest=Digest("9WXLxk7cqzTapptHKFXGMyqBcjh95211KeMcoVRZrejd") retry_cnt=0
2026-05-20T11:12:08.928894Z ERROR iota_benchmark: Transaction failed with err: FailToConfirmTransactionStatus(Digest("4dS4zFuSFdmsLGaqLggeNJNm1WBaUgd8UgigvTbanP5d"), 60) tx_digest=Digest("4dS4zFuSFdmsLGaqLggeNJNm1WBaUgd8UgigvTbanP5d") retry_cnt=0
2026-05-20T11:12:08.929020Z ERROR iota_benchmark: Transaction failed with err: FailToConfirmTransactionStatus(Digest("6y8naAamajLv6TbGPt81sYVKscvzzJzuMWMsojhFH8Hx"), 61) tx_digest=Digest("6y8naAamajLv6TbGPt81sYVKscvzzJzuMWMsojhFH8Hx") retry_cnt=0
2026-05-20T11:12:08.929028Z ERROR iota_benchmark: Transaction failed with err: FailToConfirmTransactionStatus(Digest("cabA48EuX4MUEwMoztow8wvpD6oKvxi1J3Dg5xd97Rn"), 60) tx_digest=Digest("cabA48EuX4MUEwMoztow8wvpD6oKvxi1J3Dg5xd97Rn") retry_cnt=0
2026-05-20T11:12:08.929080Z ERROR iota_benchmark: Transaction failed with err: FailToConfirmTransactionStatus(Digest("BJZEoEs4qiUW7CVHzeYdst35kLbzreJMT9rtqwtopqo4"), 60) tx_digest=Digest("BJZEoEs4qiUW7CVHzeYdst35kLbzreJMT9rtqwtopqo4") retry_cnt=0
2026-05-20T11:12:08.929087Z ERROR iota_benchmark: Transaction failed with err: FailToConfirmTransactionStatus(Digest("63DgJM5EwwFN2YgrSKt23wXbjUGNy7yxxHZWMBfegpNb"), 60) tx_digest=Digest("63DgJM5EwwFN2YgrSKt23wXbjUGNy7yxxHZWMBfegpNb") retry_cnt=0
2026-05-20T11:12:08.929189Z ERROR iota_benchmark: Transaction failed with err: FailToConfirmTransactionStatus(Digest("3CEfRYcKwNT3EHWFDEua1XP98qbFznmcRiZSpKwxyqHR"), 60) tx_digest=Digest("3CEfRYcKwNT3EHWFDEua1XP98qbFznmcRiZSpKwxyqHR") retry_cnt=0
2026-05-20T11:12:08.929778Z ERROR iota_benchmark: Transaction failed with err: FailToConfirmTransactionStatus(Digest("G5CjzZGa9X2XwLt2wQX4v3PfLnEGab5YxnQ7Aso3WztL"), 61) tx_digest=Digest("G5CjzZGa9X2XwLt2wQX4v3PfLnEGab5YxnQ7Aso3WztL") retry_cnt=0
2026-05-20T11:12:08.933457Z ERROR iota_benchmark: Transaction failed with err: FailToConfirmTransactionStatus(Digest("9krbbUU6R3iNjXwj1uczUePXemGKkuzZT8zniquYTz66"), 60) tx_digest=Digest("9krbbUU6R3iNjXwj1uczUePXemGKkuzZT8zniquYTz66") retry_cnt=0
2026-05-20T11:12:08.933453Z ERROR iota_benchmark: Transaction failed with err: FailToConfirmTransactionStatus(Digest("BKXRaCKz3Ac8BgjFZu3ycXPcgnAKAJkxqy64APrJkHyV"), 60) tx_digest=Digest("BKXRaCKz3Ac8BgjFZu3ycXPcgnAKAJkxqy64APrJkHyV") retry_cnt=0
2026-05-20T11:12:08.933453Z ERROR iota_benchmark: Transaction failed with err: FailToConfirmTransactionStatus(Digest("C7Wku7MUbCQQedNjWh71we6TfTQszh7NM7qpehzTpoq4"), 60) tx_digest=Digest("C7Wku7MUbCQQedNjWh71we6TfTQszh7NM7qpehzTpoq4") retry_cnt=0
2026-05-20T11:12:08.933709Z ERROR iota_benchmark: Transaction failed with err: FailToConfirmTransactionStatus(Digest("GDdA9snn1DKKUwERxxb7a5wjr8dNBt6ssaMw2LAStjfG"), 60) tx_digest=Digest("GDdA9snn1DKKUwERxxb7a5wjr8dNBt6ssaMw2LAStjfG") retry_cnt=0
2026-05-20T11:12:08.948597Z ERROR iota_benchmark: Transaction failed with err: Rpc(Transport(Http(Stream(hyper_util::client::legacy::Error(SendRequest, hyper::Error(IncompleteMessage)))))) tx_digest=Digest("7b1M1tEjT4gyB4hRDyegGNr8nL9TNu6pa4Eh31GNZT4H") retry_cnt=1
2026-05-20T11:12:08.960604Z ERROR iota_benchmark: Transaction failed with err: Rpc(Transport(Http(Stream(hyper_util::client::legacy::Error(SendRequest, hyper::Error(IncompleteMessage)))))) tx_digest=Digest("2i8etmahJgSafjjVs9pUYUHEJuZaQzqRH1xoiyMr9i1U") retry_cnt=1
2026-05-20T11:12:08.960612Z ERROR iota_benchmark: Transaction failed with err: Rpc(Transport(Http(Stream(hyper_util::client::legacy::Error(SendRequest, hyper::Error(IncompleteMessage)))))) tx_digest=Digest("HQ6zjk7yULP8mvLsyi1RPKL3SQCLANoEZF8XzuMBs1Mn") retry_cnt=1
2026-05-20T11:12:08.960709Z ERROR iota_benchmark: Transaction failed with err: Rpc(Transport(Http(Stream(hyper_util::client::legacy::Error(SendRequest, hyper::Error(IncompleteMessage)))))) tx_digest=Digest("5HhEDY9UMCLmRA3FePWJjDZTf9rRAFgv9aEUdDGSWYbt") retry_cnt=1
2026-05-20T11:12:08.960878Z ERROR iota_benchmark: Transaction failed with err: Rpc(Transport(Http(Stream(hyper_util::client::legacy::Error(SendRequest, hyper::Error(IncompleteMessage)))))) tx_digest=Digest("CsaNg6mQADQ5CY5dseBynVkBP1w11WiH6yH2BmSAMTQA") retry_cnt=1
2026-05-20T11:12:08.960996Z ERROR iota_benchmark: Transaction failed with err: Rpc(Transport(Http(Stream(hyper_util::client::legacy::Error(SendRequest, hyper::Error(IncompleteMessage)))))) tx_digest=Digest("3RULgZp4Ev7dp91gZXtUvqhNNPrkJzB7BRqALqhVjSbh") retry_cnt=1
2026-05-20T11:12:08.961009Z ERROR iota_benchmark: Transaction failed with err: Rpc(Transport(Http(Stream(hyper_util::client::legacy::Error(SendRequest, hyper::Error(IncompleteMessage)))))) tx_digest=Digest("DicsR6KqbX4ncBoAb34XjwrAYppcjshaudU9f5qYePu1") retry_cnt=1
2026-05-20T11:12:08.961123Z ERROR iota_benchmark: Transaction failed with err: Rpc(Transport(Http(Stream(hyper_util::client::legacy::Error(SendRequest, hyper::Error(IncompleteMessage)))))) tx_digest=Digest("2WRpwQ2Tk4JcHLEh5N46232Q2Shp2f8esKnJ1ZmMbm6R") retry_cnt=1
2026-05-20T11:12:08.961203Z ERROR iota_benchmark: Transaction failed with err: Rpc(Transport(Http(Stream(hyper_util::client::legacy::Error(SendRequest, hyper::Error(IncompleteMessage)))))) tx_digest=Digest("A9M8CLm7BxMt9Yq9gyoZAkLETbrVY4vZE8v4iy3GHQnV") retry_cnt=1
2026-05-20T11:12:08.967318Z ERROR iota_benchmark: Transaction failed with err: Rpc(Transport(Http(Stream(hyper_util::client::legacy::Error(SendRequest, hyper::Error(IncompleteMessage)))))) tx_digest=Digest("FHtLm1gEXF4REijuo7659xHMfuVKtBR7sDxbaHUnKuZ3") retry_cnt=1
2026-05-20T11:12:08.967646Z ERROR iota_benchmark: Transaction failed with err: Rpc(Transport(Http(Stream(hyper_util::client::legacy::Error(SendRequest, hyper::Error(IncompleteMessage)))))) tx_digest=Digest("EENtwkwPsw6L1gVrRXSq4HNmN63vwE93gnFdd5dnv8wP") retry_cnt=1
2026-05-20T11:12:08.972347Z ERROR iota_benchmark: Transaction failed with err: Rpc(Transport(Http(Stream(hyper_util::client::legacy::Error(SendRequest, hyper::Error(IncompleteMessage)))))) tx_digest=Digest("7LGKfeDhCKbGw4HgbZiDYJbFfSrSWxNwwGZFV8iFG2K") retry_cnt=1
2026-05-20T11:12:08.972344Z ERROR iota_benchmark: Transaction failed with err: Rpc(Transport(Http(Stream(hyper_util::client::legacy::Error(SendRequest, hyper::Error(IncompleteMessage)))))) tx_digest=Digest("5oju3py94Uy2QJZqjKsdoVmp7TDbykbapUXA4BmeCveD") retry_cnt=1
2026-05-20T11:12:08.972344Z ERROR iota_benchmark: Transaction failed with err: Rpc(Transport(Http(Stream(hyper_util::client::legacy::Error(SendRequest, hyper::Error(IncompleteMessage)))))) tx_digest=Digest("2UcTDJMEstR5MA59txD2L2Pgubpi34bKALpwAC98xifz") retry_cnt=1
2026-05-20T11:12:08.972412Z ERROR iota_benchmark: Transaction failed with err: Rpc(Transport(Http(Stream(hyper_util::client::legacy::Error(SendRequest, hyper::Error(IncompleteMessage)))))) tx_digest=Digest("3khx1C66Jw6UtNeBXcmDUuQPN7MMwBMShC2LppRUk6nT") retry_cnt=1
2026-05-20T11:12:08.972519Z ERROR iota_benchmark: Transaction failed with err: Rpc(Transport(Http(Stream(hyper_util::client::legacy::Error(SendRequest, hyper::Error(IncompleteMessage)))))) tx_digest=Digest("767raQC2sPnvtfpQTasvRFKbE5Vg7RXxET42M4rMg3v6") retry_cnt=1
2026-05-20T11:12:08.972530Z ERROR iota_benchmark: Transaction failed with err: Rpc(Transport(Http(Stream(hyper_util::client::legacy::Error(SendRequest, hyper::Error(IncompleteMessage)))))) tx_digest=Digest("4QJXfz4Fa5TkaqqHsLu1pXq3qYfrkLpcKdJHkiVjRYwj") retry_cnt=1
2026-05-20T11:12:08.972582Z ERROR iota_benchmark: Transaction failed with err: Rpc(Transport(Http(Stream(hyper_util::client::legacy::Error(SendRequest, hyper::Error(IncompleteMessage)))))) tx_digest=Digest("2xE7YNRUVyqXpRkRZtgT4VhDLwdmSeF1CxZZcQyAw7Q3") retry_cnt=1
2026-05-20T11:12:08.972608Z ERROR iota_benchmark: Transaction failed with err: Rpc(Transport(Http(Stream(hyper_util::client::legacy::Error(SendRequest, hyper::Error(IncompleteMessage)))))) tx_digest=Digest("JAxvZZyKakoyk355QJAbRUfjcNyphtS41dZTHw66nG8J") retry_cnt=1
2026-05-20T11:12:08.972630Z ERROR iota_benchmark: Transaction failed with err: Rpc(Transport(Http(Stream(hyper_util::client::legacy::Error(SendRequest, hyper::Error(IncompleteMessage)))))) tx_digest=Digest("Gnn8YzJA5GBwjaWsc1yZkv6pvB9E7bw2cmETRZNd9MDD") retry_cnt=1
2026-05-20T11:12:08.972659Z ERROR iota_benchmark: Transaction failed with err: Rpc(Transport(Http(Stream(hyper_util::client::legacy::Error(SendRequest, hyper::Error(IncompleteMessage)))))) tx_digest=Digest("H5pLzQbsKN7sHLC3zFN9KpX5ecdPj6ncKVzbdMbbiCZy") retry_cnt=1
2026-05-20T11:12:08.972667Z ERROR iota_benchmark: Transaction failed with err: Rpc(Transport(Http(Stream(hyper_util::client::legacy::Error(SendRequest, hyper::Error(IncompleteMessage)))))) tx_digest=Digest("473zdKKRM13ZRM5cRWAh2X62NP62b5y1Zw5EBkcpEVZQ") retry_cnt=1
2026-05-20T11:12:08.972711Z ERROR iota_benchmark: Transaction failed with err: Rpc(Transport(Http(Stream(hyper_util::client::legacy::Error(SendRequest, hyper::Error(IncompleteMessage)))))) tx_digest=Digest("FHgE1VELxNT918DCnFU25CYXdrwFw4NuL6ktDy1gWamj") retry_cnt=1
2026-05-20T11:12:08.972730Z ERROR iota_benchmark: Transaction failed with err: Rpc(Transport(Http(Stream(hyper_util::client::legacy::Error(SendRequest, hyper::Error(IncompleteMessage)))))) tx_digest=Digest("3kbwa8JCXdcZV9p1PSArq96YUFrcoDQLVzah3bxR29UB") retry_cnt=1
2026-05-20T11:12:08.972738Z ERROR iota_benchmark: Transaction failed with err: Rpc(Transport(Http(Stream(hyper_util::client::legacy::Error(SendRequest, hyper::Error(IncompleteMessage)))))) tx_digest=Digest("FQ16DNq15YDHjX6XCVeJFcZtHgJS9x9iHNYFPTE1Ke4F") retry_cnt=1
2026-05-20T11:12:08.972782Z ERROR iota_benchmark: Transaction failed with err: Rpc(Transport(Http(Stream(hyper_util::client::legacy::Error(SendRequest, hyper::Error(IncompleteMessage)))))) tx_digest=Digest("72LnX14JhVQEbBJfcbjVRw7uvCxnRuxoW6TyGTNCzMiR") retry_cnt=1
2026-05-20T11:12:08.974377Z ERROR iota_benchmark: Transaction failed with err: Rpc(Transport(Http(Stream(hyper_util::client::legacy::Error(SendRequest, hyper::Error(IncompleteMessage)))))) tx_digest=Digest("BAfBwukZwgPRzztNsnk8fA53d4qWHskfrP2TbAufUVRq") retry_cnt=1
2026-05-20T11:12:08.974447Z ERROR iota_benchmark: Transaction failed with err: Rpc(Transport(Http(Stream(hyper_util::client::legacy::Error(SendRequest, hyper::Error(IncompleteMessage)))))) tx_digest=Digest("27x7iTSVn7KVVasMRhkTjooQr5zAj7FF15zaAa6f7eN7") retry_cnt=1
2026-05-20T11:12:08.974468Z ERROR iota_benchmark: Transaction failed with err: Rpc(Transport(Http(Stream(hyper_util::client::legacy::Error(SendRequest, hyper::Error(IncompleteMessage)))))) tx_digest=Digest("BLQMqRUMjUvN9LEn3m9hdtsDiKZkmW9iqyTsxs68TNL5") retry_cnt=1
2026-05-20T11:12:09.003726Z ERROR iota_benchmark: Transaction failed with err: FailToConfirmTransactionStatus(Digest("4DaaPUMEXB5u7vh2bCBtjBw6umLRP6fDQ2TWWhtLzrKq"), 60) tx_digest=Digest("4DaaPUMEXB5u7vh2bCBtjBw6umLRP6fDQ2TWWhtLzrKq") retry_cnt=0
2026-05-20T11:12:09.005284Z ERROR iota_benchmark: Transaction failed with err: FailToConfirmTransactionStatus(Digest("8wXqSEkYajHLuDdNAXoMYNeBiEa1pdiiYSxTm9mf1fTv"), 60) tx_digest=Digest("8wXqSEkYajHLuDdNAXoMYNeBiEa1pdiiYSxTm9mf1fTv") retry_cnt=0
2026-05-20T11:12:09.007793Z ERROR iota_benchmark: Transaction failed with err: FailToConfirmTransactionStatus(Digest("C1te1vc2E3SurXD9ypfTSeYDh2jfH6GKPXLjCLCu485S"), 60) tx_digest=Digest("C1te1vc2E3SurXD9ypfTSeYDh2jfH6GKPXLjCLCu485S") retry_cnt=0
2026-05-20T11:12:09.020662Z ERROR iota_benchmark: Transaction failed with err: FailToConfirmTransactionStatus(Digest("2oVfDTAuS6Feyzbsv3HQiXXLSr5jLgbywP5gpQoKhEa4"), 60) tx_digest=Digest("2oVfDTAuS6Feyzbsv3HQiXXLSr5jLgbywP5gpQoKhEa4") retry_cnt=0
2026-05-20T11:12:09.022201Z ERROR iota_benchmark: Transaction failed with err: FailToConfirmTransactionStatus(Digest("524fnQtmuNGZo1wuthMejRKyYFyrepUG1FbwjF8BLSy7"), 60) tx_digest=Digest("524fnQtmuNGZo1wuthMejRKyYFyrepUG1FbwjF8BLSy7") retry_cnt=0
2026-05-20T11:12:09.026900Z ERROR iota_benchmark: Transaction failed with err: FailToConfirmTransactionStatus(Digest("CAoMzNTZa8D2hgMRomEhr3L31SupDq4PgghKf1dnG9pU"), 60) tx_digest=Digest("CAoMzNTZa8D2hgMRomEhr3L31SupDq4PgghKf1dnG9pU") retry_cnt=0
2026-05-20T11:12:09.026912Z ERROR iota_benchmark: Transaction failed with err: FailToConfirmTransactionStatus(Digest("H3zNWwkcvGE2ssi5pqvxn8RrJai6F8xoW3MuqRisQUW"), 60) tx_digest=Digest("H3zNWwkcvGE2ssi5pqvxn8RrJai6F8xoW3MuqRisQUW") retry_cnt=0
2026-05-20T11:12:09.026971Z ERROR iota_benchmark: Transaction failed with err: FailToConfirmTransactionStatus(Digest("AqT2sSeKyp7heWD1BenLiodhjNfjmZuXPQoYNVXm1MLg"), 60) tx_digest=Digest("AqT2sSeKyp7heWD1BenLiodhjNfjmZuXPQoYNVXm1MLg") retry_cnt=0
2026-05-20T11:12:09.026963Z ERROR iota_benchmark: Transaction failed with err: FailToConfirmTransactionStatus(Digest("G483oXorbTYGRHNM2YT8TuY5vDauPBVXZYHB9wMJF2Jv"), 60) tx_digest=Digest("G483oXorbTYGRHNM2YT8TuY5vDauPBVXZYHB9wMJF2Jv") retry_cnt=0
2026-05-20T11:12:09.028877Z ERROR iota_benchmark: Transaction failed with err: FailToConfirmTransactionStatus(Digest("EuZuETxcqHqd5My9j4mTKcknKpnjBkpCyWDSivaXUZ8Q"), 60) tx_digest=Digest("EuZuETxcqHqd5My9j4mTKcknKpnjBkpCyWDSivaXUZ8Q") retry_cnt=0
2026-05-20T11:12:09.029065Z ERROR iota_benchmark: Transaction failed with err: FailToConfirmTransactionStatus(Digest("2K6qbHcEDBSVbFTzpkHhdSzf2NyNSe4mPD6HZf6zeRV6"), 60) tx_digest=Digest("2K6qbHcEDBSVbFTzpkHhdSzf2NyNSe4mPD6HZf6zeRV6") retry_cnt=0
2026-05-20T11:12:09.030828Z ERROR iota_benchmark: Transaction failed with err: FailToConfirmTransactionStatus(Digest("Adpqa9oe8FgFmWwgUJniWwWZC7gc4QRub6FR2TNeZvPB"), 60) tx_digest=Digest("Adpqa9oe8FgFmWwgUJniWwWZC7gc4QRub6FR2TNeZvPB") retry_cnt=0
2026-05-20T11:12:09.031126Z ERROR iota_benchmark: Transaction failed with err: FailToConfirmTransactionStatus(Digest("317c54cJSP9cdLYktwppSNpBErCo8kk8Q3ebjjduPj1N"), 60) tx_digest=Digest("317c54cJSP9cdLYktwppSNpBErCo8kk8Q3ebjjduPj1N") retry_cnt=0
2026-05-20T11:12:09.031157Z ERROR iota_benchmark: Transaction failed with err: FailToConfirmTransactionStatus(Digest("3UtsaTt2ho7jwiDjkPvB79d4qKyZLh6yzARx4FhkH1bX"), 60) tx_digest=Digest("3UtsaTt2ho7jwiDjkPvB79d4qKyZLh6yzARx4FhkH1bX") retry_cnt=0
2026-05-20T11:12:09.031207Z ERROR iota_benchmark: Transaction failed with err: FailToConfirmTransactionStatus(Digest("E8bNMcZTXm6MjFRwvZEkHgpkdo2BAysp5aVhFtu9h1Yj"), 60) tx_digest=Digest("E8bNMcZTXm6MjFRwvZEkHgpkdo2BAysp5aVhFtu9h1Yj") retry_cnt=0
2026-05-20T11:12:09.031275Z ERROR iota_benchmark: Transaction failed with err: FailToConfirmTransactionStatus(Digest("AEFytvsFt5ES4W1M4ER2QkhHANVrrrqgEjCwQjRVBcTy"), 60) tx_digest=Digest("AEFytvsFt5ES4W1M4ER2QkhHANVrrrqgEjCwQjRVBcTy") retry_cnt=0
2026-05-20T11:12:09.032723Z ERROR iota_benchmark: Transaction failed with err: FailToConfirmTransactionStatus(Digest("Hv7DewXCbvfRo2XqrHvJ3JeFpRbURYFwxRZdKnGM8E3M"), 60) tx_digest=Digest("Hv7DewXCbvfRo2XqrHvJ3JeFpRbURYFwxRZdKnGM8E3M") retry_cnt=0
2026-05-20T11:12:09.032730Z ERROR iota_benchmark: Transaction failed with err: FailToConfirmTransactionStatus(Digest("EfbKuaHdQViAH7Q1gTSaWKiGGVfDt3LNvfe9zqs6gVGh"), 60) tx_digest=Digest("EfbKuaHdQViAH7Q1gTSaWKiGGVfDt3LNvfe9zqs6gVGh") retry_cnt=0
2026-05-20T11:12:09.032758Z ERROR iota_benchmark: Transaction failed with err: FailToConfirmTransactionStatus(Digest("BZoD9k2BMc8S7A5kK6V8LRBcdX4xERE4yD7Jrxhm9fui"), 60) tx_digest=Digest("BZoD9k2BMc8S7A5kK6V8LRBcdX4xERE4yD7Jrxhm9fui") retry_cnt=0
2026-05-20T11:12:09.032974Z ERROR iota_benchmark: Transaction failed with err: FailToConfirmTransactionStatus(Digest("7u3XQM5wRm3uHLSvTT41gNj7cZJhmG4Xd1b7J7hoQsex"), 60) tx_digest=Digest("7u3XQM5wRm3uHLSvTT41gNj7cZJhmG4Xd1b7J7hoQsex") retry_cnt=0
2026-05-20T11:12:09.033099Z ERROR iota_benchmark: Transaction failed with err: FailToConfirmTransactionStatus(Digest("BTeGadmXpH37rk5XhK7PBvyb3MmDhTef88c1cAgYcq9M"), 60) tx_digest=Digest("BTeGadmXpH37rk5XhK7PBvyb3MmDhTef88c1cAgYcq9M") retry_cnt=0
2026-05-20T11:12:09.034339Z ERROR iota_benchmark: Transaction failed with err: FailToConfirmTransactionStatus(Digest("8rHVrN7vTeqH47FXmXfNsPs2EgiF63e2PJ6mRrSWKFQc"), 60) tx_digest=Digest("8rHVrN7vTeqH47FXmXfNsPs2EgiF63e2PJ6mRrSWKFQc") retry_cnt=0
2026-05-20T11:12:09.034344Z ERROR iota_benchmark: Transaction failed with err: FailToConfirmTransactionStatus(Digest("Gr6KDiz21wCFKBmNRtDDsZUJB5jppUpitSpbNND9iANX"), 60) tx_digest=Digest("Gr6KDiz21wCFKBmNRtDDsZUJB5jppUpitSpbNND9iANX") retry_cnt=0
2026-05-20T11:12:09.034399Z ERROR iota_benchmark: Transaction failed with err: FailToConfirmTransactionStatus(Digest("2sLGKji2ZaSuxi33xryz1a3txbznyX6nv7MTZuYMAPRg"), 60) tx_digest=Digest("2sLGKji2ZaSuxi33xryz1a3txbznyX6nv7MTZuYMAPRg") retry_cnt=0
2026-05-20T11:12:09.034505Z ERROR iota_benchmark: Transaction failed with err: FailToConfirmTransactionStatus(Digest("8K3DdvZZU6oC8JHYWh6cYy7EAZZZ4R3pjnigJuRZXkhW"), 60) tx_digest=Digest("8K3DdvZZU6oC8JHYWh6cYy7EAZZZ4R3pjnigJuRZXkhW") retry_cnt=0
2026-05-20T11:12:09.034506Z ERROR iota_benchmark: Transaction failed with err: FailToConfirmTransactionStatus(Digest("Ev95Q2s6hqmWAUEhPWwBEb37Ng4TUEstmK4h3yE1anWx"), 60) tx_digest=Digest("Ev95Q2s6hqmWAUEhPWwBEb37Ng4TUEstmK4h3yE1anWx") retry_cnt=0
2026-05-20T11:12:09.034585Z ERROR iota_benchmark: Transaction failed with err: FailToConfirmTransactionStatus(Digest("Eq4aRHtKsU3Smp931xC3M1jgGGuaXxjbkK43Dz5vTcEJ"), 60) tx_digest=Digest("Eq4aRHtKsU3Smp931xC3M1jgGGuaXxjbkK43Dz5vTcEJ") retry_cnt=0
2026-05-20T11:12:09.034588Z ERROR iota_benchmark: Transaction failed with err: FailToConfirmTransactionStatus(Digest("GNwQpCczasQaA7xaiodvAJ1C4NbBPjKKRYzqiJTKa5Ne"), 60) tx_digest=Digest("GNwQpCczasQaA7xaiodvAJ1C4NbBPjKKRYzqiJTKa5Ne") retry_cnt=0
2026-05-20T11:12:09.034647Z ERROR iota_benchmark: Transaction failed with err: FailToConfirmTransactionStatus(Digest("7Chz8k16ad7P4DxxDXZfqvsKy3YD2GbmyXnMgFTGxPG9"), 60) tx_digest=Digest("7Chz8k16ad7P4DxxDXZfqvsKy3YD2GbmyXnMgFTGxPG9") retry_cnt=0
2026-05-20T11:12:09.034657Z ERROR iota_benchmark: Transaction failed with err: FailToConfirmTransactionStatus(Digest("9dUSpraWxPRKuzLF1yyN7V7HqnVaJdJhHZRHLCN4TC5E"), 60) tx_digest=Digest("9dUSpraWxPRKuzLF1yyN7V7HqnVaJdJhHZRHLCN4TC5E") retry_cnt=0
2026-05-20T11:12:09.034761Z ERROR iota_benchmark: Transaction failed with err: FailToConfirmTransactionStatus(Digest("477rRhiY11wT6AjeAgU9dGRiHQosXJHDazs9WSrnvHEG"), 60) tx_digest=Digest("477rRhiY11wT6AjeAgU9dGRiHQosXJHDazs9WSrnvHEG") retry_cnt=0
2026-05-20T11:12:09.034772Z ERROR iota_benchmark: Transaction failed with err: FailToConfirmTransactionStatus(Digest("SG5cohDZVZVSrXSavGWbVsfBC2gZbBZpkcbBu1djxkS"), 60) tx_digest=Digest("SG5cohDZVZVSrXSavGWbVsfBC2gZbBZpkcbBu1djxkS") retry_cnt=0
2026-05-20T11:12:09.035529Z ERROR iota_benchmark: Transaction failed with err: FailToConfirmTransactionStatus(Digest("AwTF73jsixxSTQj9cubvq8gT99PLWB9Vy5CtDaFHzWVG"), 60) tx_digest=Digest("AwTF73jsixxSTQj9cubvq8gT99PLWB9Vy5CtDaFHzWVG") retry_cnt=0
2026-05-20T11:12:09.035529Z ERROR iota_benchmark: Transaction failed with err: FailToConfirmTransactionStatus(Digest("5FpW8HxnnF9KgT3wo4fLEeK4kaH1vTR7cN4yT1P8V8zW"), 60) tx_digest=Digest("5FpW8HxnnF9KgT3wo4fLEeK4kaH1vTR7cN4yT1P8V8zW") retry_cnt=0
2026-05-20T11:12:09.035549Z ERROR iota_benchmark: Transaction failed with err: FailToConfirmTransactionStatus(Digest("8K9hP8kqZE9247ivch3uf8SMWxJM48CN8zRDEVAWhQH"), 60) tx_digest=Digest("8K9hP8kqZE9247ivch3uf8SMWxJM48CN8zRDEVAWhQH") retry_cnt=0
2026-05-20T11:12:09.035595Z ERROR iota_benchmark: Transaction failed with err: FailToConfirmTransactionStatus(Digest("CADBYsAk8ZLsSNpesTJanqsJgBd7LF4QBASBi92V3iR9"), 60) tx_digest=Digest("CADBYsAk8ZLsSNpesTJanqsJgBd7LF4QBASBi92V3iR9") retry_cnt=0
2026-05-20T11:12:09.035676Z ERROR iota_benchmark: Transaction failed with err: FailToConfirmTransactionStatus(Digest("FDysiuGwttcMLTHAH9tmujFyiLGu4KdkBkoebeQvzMjs"), 60) tx_digest=Digest("FDysiuGwttcMLTHAH9tmujFyiLGu4KdkBkoebeQvzMjs") retry_cnt=0
2026-05-20T11:12:09.038355Z ERROR iota_benchmark: Transaction failed with err: FailToConfirmTransactionStatus(Digest("9119kwPWyvud3JXDPxrmaEhkEsJK4SPmCiXXRiis1Qqc"), 60) tx_digest=Digest("9119kwPWyvud3JXDPxrmaEhkEsJK4SPmCiXXRiis1Qqc") retry_cnt=0
2026-05-20T11:12:09.038354Z ERROR iota_benchmark: Transaction failed with err: FailToConfirmTransactionStatus(Digest("DLWNiV5qjqWWkpZ5CAwrDnHNk5vBiXaiAqBa8w2E2ySH"), 60) tx_digest=Digest("DLWNiV5qjqWWkpZ5CAwrDnHNk5vBiXaiAqBa8w2E2ySH") retry_cnt=0
2026-05-20T11:12:09.038548Z ERROR iota_benchmark: Transaction failed with err: FailToConfirmTransactionStatus(Digest("4y3JcmX5kDdDCsxyhYJ2PVuHy9txR5WjZaRF49SbFT4a"), 60) tx_digest=Digest("4y3JcmX5kDdDCsxyhYJ2PVuHy9txR5WjZaRF49SbFT4a") retry_cnt=0
2026-05-20T11:12:09.044448Z ERROR iota_benchmark: Transaction failed with err: FailToConfirmTransactionStatus(Digest("7sutwyqRXEuv3F6NGeAjZokt1fmNUp7jg3AuQSe54fDu"), 60) tx_digest=Digest("7sutwyqRXEuv3F6NGeAjZokt1fmNUp7jg3AuQSe54fDu") retry_cnt=0
2026-05-20T11:12:09.044445Z ERROR iota_benchmark: Transaction failed with err: FailToConfirmTransactionStatus(Digest("61CVEJsqMy8bqnHVNeuGYk5Xk377HfCqgNjELucffdcv"), 60) tx_digest=Digest("61CVEJsqMy8bqnHVNeuGYk5Xk377HfCqgNjELucffdcv") retry_cnt=0
2026-05-20T11:12:09.046354Z ERROR iota_benchmark: Transaction failed with err: FailToConfirmTransactionStatus(Digest("HeDxnzr1WwnmbNuCmUqMwYJitPgSVKkGzWH6xqS2ELoJ"), 60) tx_digest=Digest("HeDxnzr1WwnmbNuCmUqMwYJitPgSVKkGzWH6xqS2ELoJ") retry_cnt=0
2026-05-20T11:12:09.066903Z ERROR iota_benchmark: Transaction failed with err: Rpc(Transport(Http(Stream(hyper_util::client::legacy::Error(SendRequest, hyper::Error(IncompleteMessage)))))) tx_digest=Digest("C6TuXFbxW6VgXxa9azNb2uy9cLWR4V2qSbLveX28nPYB") retry_cnt=1
2026-05-20T11:12:09.066894Z ERROR iota_benchmark: Transaction failed with err: Rpc(Transport(Http(Stream(hyper_util::client::legacy::Error(SendRequest, hyper::Error(IncompleteMessage)))))) tx_digest=Digest("HRFYvTbVxibgc7fCtDF6F4yZXkNj9LgzTcAG7wfrXKXs") retry_cnt=1
2026-05-20T11:12:09.066914Z ERROR iota_benchmark: Transaction failed with err: Rpc(Transport(Http(Stream(hyper_util::client::legacy::Error(SendRequest, hyper::Error(IncompleteMessage)))))) tx_digest=Digest("4pbb8fLTL5cWsfZjrTebGjiuJuRvzohTRNH5Rrgve9xC") retry_cnt=1
2026-05-20T11:12:09.066945Z ERROR iota_benchmark: Transaction failed with err: Rpc(Transport(Http(Stream(hyper_util::client::legacy::Error(SendRequest, hyper::Error(IncompleteMessage)))))) tx_digest=Digest("DkmGVSx3sDSchY27ukSahZXQD8ViLq8uEbK45hn1M2ZK") retry_cnt=1
2026-05-20T11:12:09.067077Z ERROR iota_benchmark: Transaction failed with err: Rpc(Transport(Http(Stream(hyper_util::client::legacy::Error(SendRequest, hyper::Error(IncompleteMessage)))))) tx_digest=Digest("7PJGg8oiT3Q1u1vNSBf3Uabvw4MGzMisEbm7xmENr6Jw") retry_cnt=1
2026-05-20T11:12:09.067097Z ERROR iota_benchmark: Transaction failed with err: Rpc(Transport(Http(Stream(hyper_util::client::legacy::Error(SendRequest, hyper::Error(IncompleteMessage)))))) tx_digest=Digest("4xUyBPprCxNAHCaMjrZo83Ty5NxYmqCjWhdyDhsN6rnQ") retry_cnt=1
2026-05-20T11:12:09.108392Z ERROR iota_benchmark: Transaction failed with err: FailToConfirmTransactionStatus(Digest("8ABhh79BK7FYDVDAaoU2Z6h7ocKRTHHKwTNPwuk1exZ7"), 60) tx_digest=Digest("8ABhh79BK7FYDVDAaoU2Z6h7ocKRTHHKwTNPwuk1exZ7") retry_cnt=0
2026-05-20T11:12:09.108401Z ERROR iota_benchmark: Transaction failed with err: FailToConfirmTransactionStatus(Digest("53YTbkZtAPJ4ski1QuW98WfhYRwjcotyhJMe39VNLFuV"), 60) tx_digest=Digest("53YTbkZtAPJ4ski1QuW98WfhYRwjcotyhJMe39VNLFuV") retry_cnt=0
2026-05-20T11:12:09.108418Z ERROR iota_benchmark: Transaction failed with err: FailToConfirmTransactionStatus(Digest("ChLdxug7rFcAc2MksucMTSikYApdzJ3xo6KJAn4S5BRj"), 60) tx_digest=Digest("ChLdxug7rFcAc2MksucMTSikYApdzJ3xo6KJAn4S5BRj") retry_cnt=0
2026-05-20T11:12:09.260522Z ERROR iota_benchmark: Transaction failed with err: FailToConfirmTransactionStatus(Digest("5XkaRHuqGJB3aSJh26Hfqr6DxweygbfbK7Nf51VpmSfK"), 60) tx_digest=Digest("5XkaRHuqGJB3aSJh26Hfqr6DxweygbfbK7Nf51VpmSfK") retry_cnt=0
2026-05-20T11:12:09.275818Z ERROR iota_benchmark: Transaction failed with err: FailToConfirmTransactionStatus(Digest("G2qjDfi8Lw5S6ECemm62saJKgUQqgTxU5ZLHf6qrAxZG"), 60) tx_digest=Digest("G2qjDfi8Lw5S6ECemm62saJKgUQqgTxU5ZLHf6qrAxZG") retry_cnt=0
2026-05-20T11:12:09.275847Z ERROR iota_benchmark: Transaction failed with err: FailToConfirmTransactionStatus(Digest("AdxY6nLukxkN9rhZRt9t5dXEoZEymaHGPX8JGWp9ddCC"), 60) tx_digest=Digest("AdxY6nLukxkN9rhZRt9t5dXEoZEymaHGPX8JGWp9ddCC") retry_cnt=0
2026-05-20T11:12:09.275868Z ERROR iota_benchmark: Transaction failed with err: FailToConfirmTransactionStatus(Digest("39QtS5PmesRfq52kbCTREraVWQmgJbx2Y5Y9yrnaZDwc"), 60) tx_digest=Digest("39QtS5PmesRfq52kbCTREraVWQmgJbx2Y5Y9yrnaZDwc") retry_cnt=0
2026-05-20T11:12:09.275926Z ERROR iota_benchmark: Transaction failed with err: FailToConfirmTransactionStatus(Digest("8qzoUtaJqxgfrjGBMa6Le3XXy116Xyqgd4frnibV3uJq"), 60) tx_digest=Digest("8qzoUtaJqxgfrjGBMa6Le3XXy116Xyqgd4frnibV3uJq") retry_cnt=0
2026-05-20T11:12:09.276055Z ERROR iota_benchmark: Transaction failed with err: FailToConfirmTransactionStatus(Digest("F6FW9M669Y2ce3xZKkEMyqRQmkg88grjJXQbjPrabZdh"), 60) tx_digest=Digest("F6FW9M669Y2ce3xZKkEMyqRQmkg88grjJXQbjPrabZdh") retry_cnt=0
2026-05-20T11:12:09.276070Z ERROR iota_benchmark: Transaction failed with err: FailToConfirmTransactionStatus(Digest("4cHzjyaGD6ZWtPvcXZ2E2W9xhsXQ8PP6SbpbarFzTCNT"), 60) tx_digest=Digest("4cHzjyaGD6ZWtPvcXZ2E2W9xhsXQ8PP6SbpbarFzTCNT") retry_cnt=0
2026-05-20T11:12:09.276176Z ERROR iota_benchmark: Transaction failed with err: FailToConfirmTransactionStatus(Digest("8qCah1H1P3WaK9HRpSv2dMej1BWVGabAoks9C9hwUNa"), 60) tx_digest=Digest("8qCah1H1P3WaK9HRpSv2dMej1BWVGabAoks9C9hwUNa") retry_cnt=0
2026-05-20T11:12:09.276248Z ERROR iota_benchmark: Transaction failed with err: FailToConfirmTransactionStatus(Digest("5RmZRVvBaaewefnvk92W1W2rQfLNjkFhDzNQ6trnPb5N"), 60) tx_digest=Digest("5RmZRVvBaaewefnvk92W1W2rQfLNjkFhDzNQ6trnPb5N") retry_cnt=0
2026-05-20T11:12:09.276392Z ERROR iota_benchmark: Transaction failed with err: FailToConfirmTransactionStatus(Digest("5pBdULg5XiYKkhwu6YotDRXGRtRYcdhzPhgzkyk2VFkH"), 60) tx_digest=Digest("5pBdULg5XiYKkhwu6YotDRXGRtRYcdhzPhgzkyk2VFkH") retry_cnt=0
2026-05-20T11:12:09.277806Z ERROR iota_benchmark: Transaction failed with err: FailToConfirmTransactionStatus(Digest("ELqmvTjb4iFpuW7yysFSe87HD8xiWc5jNqnLqGMFszy5"), 60) tx_digest=Digest("ELqmvTjb4iFpuW7yysFSe87HD8xiWc5jNqnLqGMFszy5") retry_cnt=0
2026-05-20T11:12:09.277812Z ERROR iota_benchmark: Transaction failed with err: FailToConfirmTransactionStatus(Digest("2GWdoNbkEXPjss2TEBrcpr3uVcDW6KfDWg7mCwZwCB3W"), 60) tx_digest=Digest("2GWdoNbkEXPjss2TEBrcpr3uVcDW6KfDWg7mCwZwCB3W") retry_cnt=0
2026-05-20T11:12:09.278081Z ERROR iota_benchmark: Transaction failed with err: FailToConfirmTransactionStatus(Digest("6DxdAvGt4d5t1hZmdyY8B57H8ymUewHBZj8bRc4scjEi"), 60) tx_digest=Digest("6DxdAvGt4d5t1hZmdyY8B57H8ymUewHBZj8bRc4scjEi") retry_cnt=0
2026-05-20T11:12:09.278094Z ERROR iota_benchmark: Transaction failed with err: FailToConfirmTransactionStatus(Digest("HHFLzv4CPvJHAetf1JnDA56M8VKG3pXjWjKzfCuQbMC1"), 60) tx_digest=Digest("HHFLzv4CPvJHAetf1JnDA56M8VKG3pXjWjKzfCuQbMC1") retry_cnt=0
2026-05-20T11:12:09.279406Z ERROR iota_benchmark: Transaction failed with err: FailToConfirmTransactionStatus(Digest("3iujz36DtuTAgn2ttcjaLxFbQ7RsATPAmRacwx24eg1r"), 60) tx_digest=Digest("3iujz36DtuTAgn2ttcjaLxFbQ7RsATPAmRacwx24eg1r") retry_cnt=0
2026-05-20T11:12:09.280794Z ERROR iota_benchmark: Transaction failed with err: FailToConfirmTransactionStatus(Digest("9dtY5d1GBjDDv3bcfQfbvQYHdna8sFXGAA4X7c5S9ziV"), 60) tx_digest=Digest("9dtY5d1GBjDDv3bcfQfbvQYHdna8sFXGAA4X7c5S9ziV") retry_cnt=0
2026-05-20T11:12:09.281313Z ERROR iota_benchmark: Transaction failed with err: FailToConfirmTransactionStatus(Digest("Ez4bg7HgLkFGeK8prHr3WDwdeS4SJxFJSS6Q4cGmP5pY"), 60) tx_digest=Digest("Ez4bg7HgLkFGeK8prHr3WDwdeS4SJxFJSS6Q4cGmP5pY") retry_cnt=0
2026-05-20T11:12:09.281321Z ERROR iota_benchmark: Transaction failed with err: FailToConfirmTransactionStatus(Digest("C9wJD2Pc3dzNMVqEZMWzQVyNSuCoJVka412YFEto7hu7"), 60) tx_digest=Digest("C9wJD2Pc3dzNMVqEZMWzQVyNSuCoJVka412YFEto7hu7") retry_cnt=0
2026-05-20T11:12:09.281367Z ERROR iota_benchmark: Transaction failed with err: FailToConfirmTransactionStatus(Digest("Efq4inMNXKYiY2qcDmuCiNbxNabu3HJotz3S7PASHF7v"), 60) tx_digest=Digest("Efq4inMNXKYiY2qcDmuCiNbxNabu3HJotz3S7PASHF7v") retry_cnt=0
2026-05-20T11:12:09.282842Z ERROR iota_benchmark: Transaction failed with err: FailToConfirmTransactionStatus(Digest("J5thFAfgJ6gkQcn6ebaV6xkcbVhCSZk82LNBoKK316XL"), 60) tx_digest=Digest("J5thFAfgJ6gkQcn6ebaV6xkcbVhCSZk82LNBoKK316XL") retry_cnt=0
2026-05-20T11:12:09.283099Z ERROR iota_benchmark: Transaction failed with err: FailToConfirmTransactionStatus(Digest("7tev5ujfHvQDMyE9LhCb6YCBrs8cbUrgtbuAqtowomSu"), 60) tx_digest=Digest("7tev5ujfHvQDMyE9LhCb6YCBrs8cbUrgtbuAqtowomSu") retry_cnt=0
2026-05-20T11:12:09.284456Z ERROR iota_benchmark: Transaction failed with err: FailToConfirmTransactionStatus(Digest("7uDdyqCr3mh1ZZ8V7xwdyETaYoZT7KgAfxoSAsHj25uQ"), 60) tx_digest=Digest("7uDdyqCr3mh1ZZ8V7xwdyETaYoZT7KgAfxoSAsHj25uQ") retry_cnt=0
2026-05-20T11:12:09.284460Z ERROR iota_benchmark: Transaction failed with err: FailToConfirmTransactionStatus(Digest("Bt6LPfG8UCXZUWA6VBeTK193kpVRnfi83yXeSBzPg12n"), 60) tx_digest=Digest("Bt6LPfG8UCXZUWA6VBeTK193kpVRnfi83yXeSBzPg12n") retry_cnt=0
2026-05-20T11:12:09.285905Z ERROR iota_benchmark: Transaction failed with err: FailToConfirmTransactionStatus(Digest("5aasL8oK7cRd5cV6aWSV6ZUN5tPdfez7xPxYLVjbtG4p"), 60) tx_digest=Digest("5aasL8oK7cRd5cV6aWSV6ZUN5tPdfez7xPxYLVjbtG4p") retry_cnt=0
2026-05-20T11:12:09.288589Z ERROR iota_benchmark: Transaction failed with err: FailToConfirmTransactionStatus(Digest("3SuZQRRjHc41geuJEvKrvCzZzpWAVir841jku7o1ndFK"), 60) tx_digest=Digest("3SuZQRRjHc41geuJEvKrvCzZzpWAVir841jku7o1ndFK") retry_cnt=0
2026-05-20T11:12:09.290054Z ERROR iota_benchmark: Transaction failed with err: FailToConfirmTransactionStatus(Digest("F3HBwprf1sUtBK1ruzvhaSBU2KLFt7R4dwoVFL1RBqbH"), 60) tx_digest=Digest("F3HBwprf1sUtBK1ruzvhaSBU2KLFt7R4dwoVFL1RBqbH") retry_cnt=0
2026-05-20T11:12:09.290369Z ERROR iota_benchmark: Transaction failed with err: FailToConfirmTransactionStatus(Digest("868WgDWRwdWD4c2ALgNNbrSRDa6ZDuq17CpD2ENB5qro"), 60) tx_digest=Digest("868WgDWRwdWD4c2ALgNNbrSRDa6ZDuq17CpD2ENB5qro") retry_cnt=0
2026-05-20T11:12:09.290479Z ERROR iota_benchmark: Transaction failed with err: FailToConfirmTransactionStatus(Digest("2GZBg8LJdiPNZtx9yp6LH548D2r2o6voz4uS1kSfY8Zy"), 60) tx_digest=Digest("2GZBg8LJdiPNZtx9yp6LH548D2r2o6voz4uS1kSfY8Zy") retry_cnt=0
2026-05-20T11:12:09.290536Z ERROR iota_benchmark: Transaction failed with err: FailToConfirmTransactionStatus(Digest("5mz1eaUk83t6yDe3wDCPD1hAW9EviJyonLSi5daV8Zmy"), 60) tx_digest=Digest("5mz1eaUk83t6yDe3wDCPD1hAW9EviJyonLSi5daV8Zmy") retry_cnt=0
2026-05-20T11:12:09.290537Z ERROR iota_benchmark: Transaction failed with err: FailToConfirmTransactionStatus(Digest("J95214uwaxg7S5nd87Q2jTUYaCSSD2Gzk65nFumkkdXq"), 60) tx_digest=Digest("J95214uwaxg7S5nd87Q2jTUYaCSSD2Gzk65nFumkkdXq") retry_cnt=0
2026-05-20T11:12:09.290619Z ERROR iota_benchmark: Transaction failed with err: FailToConfirmTransactionStatus(Digest("HYbV1APzbkg8ham8Pmbrh9ovNersZwYz33QfiUpyMjKm"), 60) tx_digest=Digest("HYbV1APzbkg8ham8Pmbrh9ovNersZwYz33QfiUpyMjKm") retry_cnt=0
2026-05-20T11:12:09.290630Z ERROR iota_benchmark: Transaction failed with err: FailToConfirmTransactionStatus(Digest("2u8Bmwb2WN47NVPKaBDqueaksv3CZzcjPH2MHuPn2bDc"), 60) tx_digest=Digest("2u8Bmwb2WN47NVPKaBDqueaksv3CZzcjPH2MHuPn2bDc") retry_cnt=0
2026-05-20T11:12:09.290657Z ERROR iota_benchmark: Transaction failed with err: FailToConfirmTransactionStatus(Digest("A7E5wnQrYdnsxmAciavR1LzEhTvW2kF3JrnKocraRBpS"), 60) tx_digest=Digest("A7E5wnQrYdnsxmAciavR1LzEhTvW2kF3JrnKocraRBpS") retry_cnt=0
2026-05-20T11:12:09.290684Z ERROR iota_benchmark: Transaction failed with err: FailToConfirmTransactionStatus(Digest("HyyAFqZCk1dV1NiTPsnBzpfah3SvHzhxZWXboCVjawPp"), 60) tx_digest=Digest("HyyAFqZCk1dV1NiTPsnBzpfah3SvHzhxZWXboCVjawPp") retry_cnt=0
2026-05-20T11:12:09.292133Z ERROR iota_benchmark: Transaction failed with err: FailToConfirmTransactionStatus(Digest("AuZR92cFUoS7vgeiK18zLuSnwvZqngqcdg5DRzWAeQkN"), 60) tx_digest=Digest("AuZR92cFUoS7vgeiK18zLuSnwvZqngqcdg5DRzWAeQkN") retry_cnt=0
2026-05-20T11:12:09.292140Z ERROR iota_benchmark: Transaction failed with err: FailToConfirmTransactionStatus(Digest("CZMDrhgH8Xkj7if8Khuey9ievhZpsbZbE4JM1YVTWKD9"), 60) tx_digest=Digest("CZMDrhgH8Xkj7if8Khuey9ievhZpsbZbE4JM1YVTWKD9") retry_cnt=0
2026-05-20T11:12:09.294732Z ERROR iota_benchmark: Transaction failed with err: FailToConfirmTransactionStatus(Digest("CTNeghjH5jhGjjEch6Jf4Y4v58CRbbypqkQkAqB3kdLG"), 60) tx_digest=Digest("CTNeghjH5jhGjjEch6Jf4Y4v58CRbbypqkQkAqB3kdLG") retry_cnt=0
2026-05-20T11:12:09.294737Z ERROR iota_benchmark: Transaction failed with err: FailToConfirmTransactionStatus(Digest("HYibaCPk9ENVVJaAyH4nYfddgNHTdTCe4Ws1qcSmkSmy"), 60) tx_digest=Digest("HYibaCPk9ENVVJaAyH4nYfddgNHTdTCe4Ws1qcSmkSmy") retry_cnt=0
2026-05-20T11:12:09.294895Z ERROR iota_benchmark: Transaction failed with err: FailToConfirmTransactionStatus(Digest("3Viya4Vb1gfPR39da1u9R2kASSbBgnK8DPDj23v8Meyr"), 60) tx_digest=Digest("3Viya4Vb1gfPR39da1u9R2kASSbBgnK8DPDj23v8Meyr") retry_cnt=0
2026-05-20T11:12:09.294912Z ERROR iota_benchmark: Transaction failed with err: FailToConfirmTransactionStatus(Digest("BiwSZrFjHgD6abtyNWeMa85A9kjhCBvmp3MYZqDcCHeB"), 60) tx_digest=Digest("BiwSZrFjHgD6abtyNWeMa85A9kjhCBvmp3MYZqDcCHeB") retry_cnt=0
2026-05-20T11:12:09.294995Z ERROR iota_benchmark: Transaction failed with err: FailToConfirmTransactionStatus(Digest("DVjVEiEkGwvb4h1iXhmxAfkckFBPm5cSs4QQd2NgJtc2"), 60) tx_digest=Digest("DVjVEiEkGwvb4h1iXhmxAfkckFBPm5cSs4QQd2NgJtc2") retry_cnt=0
2026-05-20T11:12:09.296374Z ERROR iota_benchmark: Transaction failed with err: FailToConfirmTransactionStatus(Digest("HTgpDPTiXPM5oUqfzovSeYsdL7BACdVGq7RvDwD6iiy5"), 60) tx_digest=Digest("HTgpDPTiXPM5oUqfzovSeYsdL7BACdVGq7RvDwD6iiy5") retry_cnt=0
2026-05-20T11:12:09.299024Z ERROR iota_benchmark: Transaction failed with err: FailToConfirmTransactionStatus(Digest("bXwuh7uD3695aGAMtSUGW827bbeeEH5JtaRb9fEpwwn"), 60) tx_digest=Digest("bXwuh7uD3695aGAMtSUGW827bbeeEH5JtaRb9fEpwwn") retry_cnt=0
2026-05-20T11:12:09.300476Z ERROR iota_benchmark: Transaction failed with err: FailToConfirmTransactionStatus(Digest("J8AKHpTHRGvmoyRKKh7EpPbGLmEbATDf9uw6fndbyRWj"), 60) tx_digest=Digest("J8AKHpTHRGvmoyRKKh7EpPbGLmEbATDf9uw6fndbyRWj") retry_cnt=0
2026-05-20T11:12:09.300566Z ERROR iota_benchmark: Transaction failed with err: FailToConfirmTransactionStatus(Digest("G1vo9N9ZsrctqBGQU3nohHNx3L7iq6mFFhwPJiNenuUy"), 60) tx_digest=Digest("G1vo9N9ZsrctqBGQU3nohHNx3L7iq6mFFhwPJiNenuUy") retry_cnt=0
2026-05-20T11:12:09.301089Z ERROR iota_benchmark: Transaction failed with err: FailToConfirmTransactionStatus(Digest("Etk2QmbKf3Ww7D3jmUA6nJLphp591iMapqRjCeLmr69C"), 60) tx_digest=Digest("Etk2QmbKf3Ww7D3jmUA6nJLphp591iMapqRjCeLmr69C") retry_cnt=0
2026-05-20T11:12:09.301074Z ERROR iota_benchmark: Transaction failed with err: FailToConfirmTransactionStatus(Digest("E5PqvvC6bcp4h1LpuoESHH2oFShQcxLdP4BKc8KWcogi"), 60) tx_digest=Digest("E5PqvvC6bcp4h1LpuoESHH2oFShQcxLdP4BKc8KWcogi") retry_cnt=0
2026-05-20T11:12:09.301077Z ERROR iota_benchmark: Transaction failed with err: FailToConfirmTransactionStatus(Digest("44QmTRFn92KgEfEvm3Lxj2hbeA13TjXjeDaNsRYynQRi"), 60) tx_digest=Digest("44QmTRFn92KgEfEvm3Lxj2hbeA13TjXjeDaNsRYynQRi") retry_cnt=0
2026-05-20T11:12:09.301145Z ERROR iota_benchmark: Transaction failed with err: FailToConfirmTransactionStatus(Digest("GVTWAPscwhSkY5HZKcX5ud1K3fMfobWD8TUvYieiyZuK"), 60) tx_digest=Digest("GVTWAPscwhSkY5HZKcX5ud1K3fMfobWD8TUvYieiyZuK") retry_cnt=0
2026-05-20T11:12:09.301235Z ERROR iota_benchmark: Transaction failed with err: FailToConfirmTransactionStatus(Digest("77a8R7g58yNDfZD1pE8xYbFfTb38BGbAjrhTktJXtSJs"), 60) tx_digest=Digest("77a8R7g58yNDfZD1pE8xYbFfTb38BGbAjrhTktJXtSJs") retry_cnt=0
2026-05-20T11:12:09.301277Z ERROR iota_benchmark: Transaction failed with err: FailToConfirmTransactionStatus(Digest("2NVYLhJFQe1DKpSSeYuMCpHv9g8w791sbFnsgcUgjzsk"), 60) tx_digest=Digest("2NVYLhJFQe1DKpSSeYuMCpHv9g8w791sbFnsgcUgjzsk") retry_cnt=0
2026-05-20T11:12:09.305306Z ERROR iota_benchmark: Transaction failed with err: FailToConfirmTransactionStatus(Digest("CDNByERyecWx3JChP3shwB3EhW3PN8HJov4u58pX4BCE"), 60) tx_digest=Digest("CDNByERyecWx3JChP3shwB3EhW3PN8HJov4u58pX4BCE") retry_cnt=0
2026-05-20T11:12:09.305369Z ERROR iota_benchmark: Transaction failed with err: FailToConfirmTransactionStatus(Digest("8Hm3NvBduWEWXEiXk7rWjdiRLJJZYF1cFSTo1oUPtFkx"), 60) tx_digest=Digest("8Hm3NvBduWEWXEiXk7rWjdiRLJJZYF1cFSTo1oUPtFkx") retry_cnt=0
2026-05-20T11:12:09.305386Z ERROR iota_benchmark: Transaction failed with err: FailToConfirmTransactionStatus(Digest("9F32G78PH49KB69B2AUNyAkzPiUzsuEuieiVD9XGsQBc"), 60) tx_digest=Digest("9F32G78PH49KB69B2AUNyAkzPiUzsuEuieiVD9XGsQBc") retry_cnt=0
2026-05-20T11:12:09.305454Z ERROR iota_benchmark: Transaction failed with err: FailToConfirmTransactionStatus(Digest("4AkqP1C7ZC8fpds631FoSXVP98y4SWrQj6MsUAn8uAkV"), 60) tx_digest=Digest("4AkqP1C7ZC8fpds631FoSXVP98y4SWrQj6MsUAn8uAkV") retry_cnt=0
2026-05-20T11:12:09.305521Z ERROR iota_benchmark: Transaction failed with err: FailToConfirmTransactionStatus(Digest("FxZq3ZfhgJSRXwuuFFNUdQotH3y9iEJY5uo5Ly1XHEfD"), 60) tx_digest=Digest("FxZq3ZfhgJSRXwuuFFNUdQotH3y9iEJY5uo5Ly1XHEfD") retry_cnt=0
2026-05-20T11:12:09.305539Z ERROR iota_benchmark: Transaction failed with err: FailToConfirmTransactionStatus(Digest("Cwx6ZCbYphArrLwaL7rhXFQ3WhwfPmq8ZoHhGmQkpfn5"), 60) tx_digest=Digest("Cwx6ZCbYphArrLwaL7rhXFQ3WhwfPmq8ZoHhGmQkpfn5") retry_cnt=0
2026-05-20T11:12:09.305610Z ERROR iota_benchmark: Transaction failed with err: FailToConfirmTransactionStatus(Digest("49AzBjBZ7wjmDTxxmGe8khcCbRPLZvtCEWrBsW4wNj6f"), 60) tx_digest=Digest("49AzBjBZ7wjmDTxxmGe8khcCbRPLZvtCEWrBsW4wNj6f") retry_cnt=0
2026-05-20T11:12:09.305619Z ERROR iota_benchmark: Transaction failed with err: FailToConfirmTransactionStatus(Digest("27756HckEGcpNSdHbsukaCfhcmHHc4EcVLWgeYJTTwzP"), 60) tx_digest=Digest("27756HckEGcpNSdHbsukaCfhcmHHc4EcVLWgeYJTTwzP") retry_cnt=0
2026-05-20T11:12:09.305701Z ERROR iota_benchmark: Transaction failed with err: FailToConfirmTransactionStatus(Digest("E9Xf9Jtr6wggdgabtqwDQQVXWBdsdVyViXsZVZgjFSrm"), 60) tx_digest=Digest("E9Xf9Jtr6wggdgabtqwDQQVXWBdsdVyViXsZVZgjFSrm") retry_cnt=0
2026-05-20T11:12:09.305761Z ERROR iota_benchmark: Transaction failed with err: FailToConfirmTransactionStatus(Digest("JC9dS298wg7eYpNwQrU6UXw8WKxRwUKsVXAtAKmutLFK"), 60) tx_digest=Digest("JC9dS298wg7eYpNwQrU6UXw8WKxRwUKsVXAtAKmutLFK") retry_cnt=0
2026-05-20T11:12:09.305849Z ERROR iota_benchmark: Transaction failed with err: FailToConfirmTransactionStatus(Digest("8mCC7377fVZTAWQwJx2tg2DASx2Je71moLMdC3aaqN32"), 60) tx_digest=Digest("8mCC7377fVZTAWQwJx2tg2DASx2Je71moLMdC3aaqN32") retry_cnt=0
2026-05-20T11:12:09.305916Z ERROR iota_benchmark: Transaction failed with err: FailToConfirmTransactionStatus(Digest("6JgviQZtccDWo7A1YKvDWjkSGYWgCsA7oWc1QJgLf2ge"), 60) tx_digest=Digest("6JgviQZtccDWo7A1YKvDWjkSGYWgCsA7oWc1QJgLf2ge") retry_cnt=0
2026-05-20T11:12:09.306143Z ERROR iota_benchmark: Transaction failed with err: FailToConfirmTransactionStatus(Digest("3N853Qnv1cTqu2JhH4nJFiv3M3aTB6HxmtbbcxmeyoPZ"), 60) tx_digest=Digest("3N853Qnv1cTqu2JhH4nJFiv3M3aTB6HxmtbbcxmeyoPZ") retry_cnt=0
2026-05-20T11:12:09.306158Z ERROR iota_benchmark: Transaction failed with err: FailToConfirmTransactionStatus(Digest("HwrPa41Jd8B9tvQSmccosrXkWRJ2cWAYkNS6GZSMK8d5"), 60) tx_digest=Digest("HwrPa41Jd8B9tvQSmccosrXkWRJ2cWAYkNS6GZSMK8d5") retry_cnt=0
2026-05-20T11:12:09.307682Z ERROR iota_benchmark: Transaction failed with err: FailToConfirmTransactionStatus(Digest("DCbeanfiS9V4r293XKQKRaS1viDjF8Z9XvSMHg5VRsu4"), 60) tx_digest=Digest("DCbeanfiS9V4r293XKQKRaS1viDjF8Z9XvSMHg5VRsu4") retry_cnt=0
2026-05-20T11:12:09.307688Z ERROR iota_benchmark: Transaction failed with err: FailToConfirmTransactionStatus(Digest("5GEiRxBRoY7EcxQ9gEW8RaYQDFzbaceqi9Re1HDrtLLY"), 60) tx_digest=Digest("5GEiRxBRoY7EcxQ9gEW8RaYQDFzbaceqi9Re1HDrtLLY") retry_cnt=0
2026-05-20T11:12:09.307697Z ERROR iota_benchmark: Transaction failed with err: FailToConfirmTransactionStatus(Digest("7irbgfNhXrcMrQqN4YgbWCWdJReWwLntKeZ4kK6hjyPh"), 60) tx_digest=Digest("7irbgfNhXrcMrQqN4YgbWCWdJReWwLntKeZ4kK6hjyPh") retry_cnt=0
2026-05-20T11:12:09.308087Z ERROR iota_benchmark: Transaction failed with err: FailToConfirmTransactionStatus(Digest("67BkPSMeN44qiL87G2BUU5u35rainvLCx4KAPrujFzMM"), 60) tx_digest=Digest("67BkPSMeN44qiL87G2BUU5u35rainvLCx4KAPrujFzMM") retry_cnt=0
2026-05-20T11:12:09.309480Z ERROR iota_benchmark: Transaction failed with err: FailToConfirmTransactionStatus(Digest("25T7FEvuET6PfhNwjkukdp5f63pe3kgyJEdBaWo7daxT"), 60) tx_digest=Digest("25T7FEvuET6PfhNwjkukdp5f63pe3kgyJEdBaWo7daxT") retry_cnt=0
2026-05-20T11:12:09.310621Z ERROR iota_benchmark: Transaction failed with err: FailToConfirmTransactionStatus(Digest("Fthk7hTpdv5cvETNmQnQYBvsFeBF7b8PUjdCTkVsdxwt"), 60) tx_digest=Digest("Fthk7hTpdv5cvETNmQnQYBvsFeBF7b8PUjdCTkVsdxwt") retry_cnt=0
2026-05-20T11:12:09.310665Z ERROR iota_benchmark: Transaction failed with err: FailToConfirmTransactionStatus(Digest("GDLJK5cHbT95svQJNihZ3JNh1bF5iFtZqNE4gMqg8bVL"), 60) tx_digest=Digest("GDLJK5cHbT95svQJNihZ3JNh1bF5iFtZqNE4gMqg8bVL") retry_cnt=0
2026-05-20T11:12:09.311283Z ERROR iota_benchmark: Transaction failed with err: FailToConfirmTransactionStatus(Digest("2NC4FSEHRmQEYWAzRLKaKrkB1LN39zRtx6rH1CA4xAbW"), 60) tx_digest=Digest("2NC4FSEHRmQEYWAzRLKaKrkB1LN39zRtx6rH1CA4xAbW") retry_cnt=0
2026-05-20T11:12:09.311298Z ERROR iota_benchmark: Transaction failed with err: FailToConfirmTransactionStatus(Digest("BqfnwJf1NE4e1snd99igsnsvDBGGbR7qKF7dtupHiFKb"), 60) tx_digest=Digest("BqfnwJf1NE4e1snd99igsnsvDBGGbR7qKF7dtupHiFKb") retry_cnt=0
2026-05-20T11:12:09.311304Z ERROR iota_benchmark: Transaction failed with err: FailToConfirmTransactionStatus(Digest("4Un4KhpXshnKmpAMvRwojHNDcFgGL1mSzsQxYJ2vwQey"), 60) tx_digest=Digest("4Un4KhpXshnKmpAMvRwojHNDcFgGL1mSzsQxYJ2vwQey") retry_cnt=0
2026-05-20T11:12:09.311313Z ERROR iota_benchmark: Transaction failed with err: FailToConfirmTransactionStatus(Digest("Hek6mCepnN7fwH4hpb5AeTyReatuWxctq676jydgT8Lx"), 60) tx_digest=Digest("Hek6mCepnN7fwH4hpb5AeTyReatuWxctq676jydgT8Lx") retry_cnt=0
2026-05-20T11:12:09.312776Z ERROR iota_benchmark: Transaction failed with err: FailToConfirmTransactionStatus(Digest("54ViY7b7sNXo59YkJUt13G1vfLqKePPbpYYd3G1cSUjd"), 60) tx_digest=Digest("54ViY7b7sNXo59YkJUt13G1vfLqKePPbpYYd3G1cSUjd") retry_cnt=0
2026-05-20T11:12:09.314198Z ERROR iota_benchmark: Transaction failed with err: FailToConfirmTransactionStatus(Digest("2Xz5G9Nbf6RcyfqRsyngRsbyu4CdsnkFDPbQ21VGsfer"), 60) tx_digest=Digest("2Xz5G9Nbf6RcyfqRsyngRsbyu4CdsnkFDPbQ21VGsfer") retry_cnt=0
2026-05-20T11:12:09.314206Z ERROR iota_benchmark: Transaction failed with err: FailToConfirmTransactionStatus(Digest("4nQ4QBNDYVe8SZ4sZZBctSvyUwg9m7PMmJMQitxUrDT9"), 60) tx_digest=Digest("4nQ4QBNDYVe8SZ4sZZBctSvyUwg9m7PMmJMQitxUrDT9") retry_cnt=0
2026-05-20T11:12:09.314250Z ERROR iota_benchmark: Transaction failed with err: FailToConfirmTransactionStatus(Digest("AzeRwiQQoQX4hhKYmLPz85Ak72vVDphLbD56hP7oe5iz"), 60) tx_digest=Digest("AzeRwiQQoQX4hhKYmLPz85Ak72vVDphLbD56hP7oe5iz") retry_cnt=0
2026-05-20T11:12:09.314375Z ERROR iota_benchmark: Transaction failed with err: FailToConfirmTransactionStatus(Digest("3zAgmN561FXfVwWHq5sBkyjNgTMtt4K8gkVC1UTRQhCu"), 60) tx_digest=Digest("3zAgmN561FXfVwWHq5sBkyjNgTMtt4K8gkVC1UTRQhCu") retry_cnt=0
2026-05-20T11:12:09.314394Z ERROR iota_benchmark: Transaction failed with err: FailToConfirmTransactionStatus(Digest("9fsk72FUzvJznKMSWTw9kbUMohuc3dihShvtoBT4BVJ3"), 60) tx_digest=Digest("9fsk72FUzvJznKMSWTw9kbUMohuc3dihShvtoBT4BVJ3") retry_cnt=0
2026-05-20T11:12:09.314478Z ERROR iota_benchmark: Transaction failed with err: FailToConfirmTransactionStatus(Digest("qHbArdaNRnzc7kvCGMv7wHkf8yYDq48abJ9uX124yxK"), 60) tx_digest=Digest("qHbArdaNRnzc7kvCGMv7wHkf8yYDq48abJ9uX124yxK") retry_cnt=0
2026-05-20T11:12:09.314478Z ERROR iota_benchmark: Transaction failed with err: FailToConfirmTransactionStatus(Digest("CF98GjNk14P4oJwPi8pRRcH7pimwxefMZrbfgD2PZNpF"), 60) tx_digest=Digest("CF98GjNk14P4oJwPi8pRRcH7pimwxefMZrbfgD2PZNpF") retry_cnt=0
2026-05-20T11:12:09.314537Z ERROR iota_benchmark: Transaction failed with err: FailToConfirmTransactionStatus(Digest("Aw1wwmSqKzKQUz49mEHfG53Fc6f8pSas41TTG5SuThQ8"), 60) tx_digest=Digest("Aw1wwmSqKzKQUz49mEHfG53Fc6f8pSas41TTG5SuThQ8") retry_cnt=0
2026-05-20T11:12:09.314543Z ERROR iota_benchmark: Transaction failed with err: FailToConfirmTransactionStatus(Digest("CbGXzhf7jGwTujj3uGLgWCofLosFeJKfY6dcfe457u2y"), 60) tx_digest=Digest("CbGXzhf7jGwTujj3uGLgWCofLosFeJKfY6dcfe457u2y") retry_cnt=0
2026-05-20T11:12:09.316011Z ERROR iota_benchmark: Transaction failed with err: FailToConfirmTransactionStatus(Digest("2yV6cbcnbzzZSTnSWt2wpEvNJMXFZawhPM9zMJLeDo9P"), 60) tx_digest=Digest("2yV6cbcnbzzZSTnSWt2wpEvNJMXFZawhPM9zMJLeDo9P") retry_cnt=0
2026-05-20T11:12:09.316017Z ERROR iota_benchmark: Transaction failed with err: FailToConfirmTransactionStatus(Digest("BPBtBqNHKFaS7E2zFkuqrzHfVhJDb1ypKftudhjZt9u5"), 60) tx_digest=Digest("BPBtBqNHKFaS7E2zFkuqrzHfVhJDb1ypKftudhjZt9u5") retry_cnt=0
2026-05-20T11:12:09.316026Z ERROR iota_benchmark: Transaction failed with err: FailToConfirmTransactionStatus(Digest("5FyUxYvm84uTTsg4Z7HLSY1WxJioKigTYiBoBu4bYiji"), 60) tx_digest=Digest("5FyUxYvm84uTTsg4Z7HLSY1WxJioKigTYiBoBu4bYiji") retry_cnt=0
2026-05-20T11:12:09.316088Z ERROR iota_benchmark: Transaction failed with err: FailToConfirmTransactionStatus(Digest("3qbxfsLrg8LWdbrj1YfNHNNj9sAiQRqspy6C8UNwU3H3"), 60) tx_digest=Digest("3qbxfsLrg8LWdbrj1YfNHNNj9sAiQRqspy6C8UNwU3H3") retry_cnt=0
2026-05-20T11:12:09.316174Z ERROR iota_benchmark: Transaction failed with err: FailToConfirmTransactionStatus(Digest("FDW5StCGXPS1Jyn6k7t1AizgkB7seUxYHcz92BJHSosW"), 60) tx_digest=Digest("FDW5StCGXPS1Jyn6k7t1AizgkB7seUxYHcz92BJHSosW") retry_cnt=0
2026-05-20T11:12:09.316175Z ERROR iota_benchmark: Transaction failed with err: FailToConfirmTransactionStatus(Digest("6aktgrMNeNNGteCdDXR8AT146e1omiyPVaBp1PuC4jgw"), 60) tx_digest=Digest("6aktgrMNeNNGteCdDXR8AT146e1omiyPVaBp1PuC4jgw") retry_cnt=0
2026-05-20T11:12:09.316231Z ERROR iota_benchmark: Transaction failed with err: FailToConfirmTransactionStatus(Digest("5rU8DTjD8zmJZLv2kSHbqtH7b5M7ac5mD8Ce3UsjMdAQ"), 60) tx_digest=Digest("5rU8DTjD8zmJZLv2kSHbqtH7b5M7ac5mD8Ce3UsjMdAQ") retry_cnt=0
2026-05-20T11:12:09.318889Z ERROR iota_benchmark: Transaction failed with err: FailToConfirmTransactionStatus(Digest("8rawfaR1FH56LJXCJkHgerifuCkb86hbCT5T93EQ87Rs"), 60) tx_digest=Digest("8rawfaR1FH56LJXCJkHgerifuCkb86hbCT5T93EQ87Rs") retry_cnt=0
2026-05-20T11:12:09.318889Z ERROR iota_benchmark: Transaction failed with err: FailToConfirmTransactionStatus(Digest("FYYQVMCiLikofJvG5xmfXPpMuFUNJyFk1BxzWT59Wwav"), 60) tx_digest=Digest("FYYQVMCiLikofJvG5xmfXPpMuFUNJyFk1BxzWT59Wwav") retry_cnt=0
2026-05-20T11:12:09.318894Z ERROR iota_benchmark: Transaction failed with err: FailToConfirmTransactionStatus(Digest("4aBLLCYeuJqSNfC6gEsaTGECMXZy42t32cjANdFwQaD6"), 60) tx_digest=Digest("4aBLLCYeuJqSNfC6gEsaTGECMXZy42t32cjANdFwQaD6") retry_cnt=0
2026-05-20T11:12:09.318902Z ERROR iota_benchmark: Transaction failed with err: FailToConfirmTransactionStatus(Digest("4J9uffdHmVtv2EyfCUzHU7KVTZpBpAH3fm2LV4kwggbs"), 60) tx_digest=Digest("4J9uffdHmVtv2EyfCUzHU7KVTZpBpAH3fm2LV4kwggbs") retry_cnt=0
2026-05-20T11:12:09.319064Z ERROR iota_benchmark: Transaction failed with err: FailToConfirmTransactionStatus(Digest("EerBPJJR3EGxipmgff8KzpVERBm2rFkKA95KJevdkccx"), 60) tx_digest=Digest("EerBPJJR3EGxipmgff8KzpVERBm2rFkKA95KJevdkccx") retry_cnt=0
2026-05-20T11:12:09.319066Z ERROR iota_benchmark: Transaction failed with err: FailToConfirmTransactionStatus(Digest("CzjjnQMLyJk9ESbzJipmSbsmPiadS3gyLBKpesK8K5X9"), 60) tx_digest=Digest("CzjjnQMLyJk9ESbzJipmSbsmPiadS3gyLBKpesK8K5X9") retry_cnt=0
2026-05-20T11:12:09.319078Z ERROR iota_benchmark: Transaction failed with err: FailToConfirmTransactionStatus(Digest("4M4pG6ZFKH2DrjMoqonG9R3j5FNPeJcqQ6tQZFXmw3Ny"), 60) tx_digest=Digest("4M4pG6ZFKH2DrjMoqonG9R3j5FNPeJcqQ6tQZFXmw3Ny") retry_cnt=0
2026-05-20T11:12:09.319128Z ERROR iota_benchmark: Transaction failed with err: FailToConfirmTransactionStatus(Digest("g2bnziKiDGpqCVjBbL3hxzJQQ6HevV8FFWTPiJ2TKfC"), 60) tx_digest=Digest("g2bnziKiDGpqCVjBbL3hxzJQQ6HevV8FFWTPiJ2TKfC") retry_cnt=0
2026-05-20T11:12:09.319152Z ERROR iota_benchmark: Transaction failed with err: FailToConfirmTransactionStatus(Digest("GrkN66Xb6LbNjSg537RaWhJJDFTenrmUHgra7GY9gdzo"), 60) tx_digest=Digest("GrkN66Xb6LbNjSg537RaWhJJDFTenrmUHgra7GY9gdzo") retry_cnt=0
2026-05-20T11:12:09.319152Z ERROR iota_benchmark: Transaction failed with err: FailToConfirmTransactionStatus(Digest("8basvDmmpLsmvjNtayDTktmFb7YnSBmXXF4esHXDtRPA"), 60) tx_digest=Digest("8basvDmmpLsmvjNtayDTktmFb7YnSBmXXF4esHXDtRPA") retry_cnt=0
2026-05-20T11:12:09.319197Z ERROR iota_benchmark: Transaction failed with err: FailToConfirmTransactionStatus(Digest("BFV6NCSH26DsR2AuKooxgP3wJj9mSYPUCJsMQZzBpsM"), 60) tx_digest=Digest("BFV6NCSH26DsR2AuKooxgP3wJj9mSYPUCJsMQZzBpsM") retry_cnt=0
2026-05-20T11:12:09.319242Z ERROR iota_benchmark: Transaction failed with err: FailToConfirmTransactionStatus(Digest("Hpx88zfn1ZShdSTBVNgTdeyYZk16tr9QXGkmkiRhN2sa"), 60) tx_digest=Digest("Hpx88zfn1ZShdSTBVNgTdeyYZk16tr9QXGkmkiRhN2sa") retry_cnt=0
2026-05-20T11:12:09.319287Z ERROR iota_benchmark: Transaction failed with err: FailToConfirmTransactionStatus(Digest("BASiFNLbL2K6PXXusLh4PvBXcTe3gfmvXz4mCYFGR6G"), 60) tx_digest=Digest("BASiFNLbL2K6PXXusLh4PvBXcTe3gfmvXz4mCYFGR6G") retry_cnt=0
2026-05-20T11:12:09.319296Z ERROR iota_benchmark: Transaction failed with err: FailToConfirmTransactionStatus(Digest("52teGEwbHsUPfUUdSPckCfXsuNuEkyg4ZEFRCD4NyEQK"), 60) tx_digest=Digest("52teGEwbHsUPfUUdSPckCfXsuNuEkyg4ZEFRCD4NyEQK") retry_cnt=0
2026-05-20T11:12:09.319352Z ERROR iota_benchmark: Transaction failed with err: FailToConfirmTransactionStatus(Digest("5gAM3fB2qxXeRQ1wi65JtaEznojSoqdtv9kZxLyH32a5"), 60) tx_digest=Digest("5gAM3fB2qxXeRQ1wi65JtaEznojSoqdtv9kZxLyH32a5") retry_cnt=0
2026-05-20T11:12:09.319400Z ERROR iota_benchmark: Transaction failed with err: FailToConfirmTransactionStatus(Digest("HWVwE2TVxjyE7bAN2i9chvAigXsi7k3FaqhCyB7XQZew"), 60) tx_digest=Digest("HWVwE2TVxjyE7bAN2i9chvAigXsi7k3FaqhCyB7XQZew") retry_cnt=0
2026-05-20T11:12:09.319411Z ERROR iota_benchmark: Transaction failed with err: FailToConfirmTransactionStatus(Digest("H45WULDBSj8wEGyJcsKKgEC6rExVGr4utkxKQRhA5Sha"), 60) tx_digest=Digest("H45WULDBSj8wEGyJcsKKgEC6rExVGr4utkxKQRhA5Sha") retry_cnt=0
2026-05-20T11:12:09.319414Z ERROR iota_benchmark: Transaction failed with err: FailToConfirmTransactionStatus(Digest("9dCFAatUjavPfwHjYVFK2Q2ibyiV8NZD38aQiTBLr2aK"), 60) tx_digest=Digest("9dCFAatUjavPfwHjYVFK2Q2ibyiV8NZD38aQiTBLr2aK") retry_cnt=0
2026-05-20T11:12:09.319458Z ERROR iota_benchmark: Transaction failed with err: FailToConfirmTransactionStatus(Digest("3xpDwLq51w8whPKHfzJpySRGP9oEdYMX4fVWDbRqGtAo"), 60) tx_digest=Digest("3xpDwLq51w8whPKHfzJpySRGP9oEdYMX4fVWDbRqGtAo") retry_cnt=0
2026-05-20T11:12:09.319490Z ERROR iota_benchmark: Transaction failed with err: FailToConfirmTransactionStatus(Digest("9SkTSRXKVaivs3WRqgc5eLZgDbW5PF38TdufYjvXN7DR"), 60) tx_digest=Digest("9SkTSRXKVaivs3WRqgc5eLZgDbW5PF38TdufYjvXN7DR") retry_cnt=0
2026-05-20T11:12:09.319501Z ERROR iota_benchmark: Transaction failed with err: FailToConfirmTransactionStatus(Digest("8Cj25u9yuSYqxHD4orFkBDvy34zfNsJGDxaMUcDpVeGP"), 60) tx_digest=Digest("8Cj25u9yuSYqxHD4orFkBDvy34zfNsJGDxaMUcDpVeGP") retry_cnt=0
2026-05-20T11:12:09.319513Z ERROR iota_benchmark: Transaction failed with err: FailToConfirmTransactionStatus(Digest("EXLmoEU8VQKhdN1RNei1rBiw64bC2M337ketppo8Yj7m"), 60) tx_digest=Digest("EXLmoEU8VQKhdN1RNei1rBiw64bC2M337ketppo8Yj7m") retry_cnt=0
2026-05-20T11:12:09.319561Z ERROR iota_benchmark: Transaction failed with err: FailToConfirmTransactionStatus(Digest("7driw48WwC9QKp6htMN1xUKp5meYXU76PWokPz43HeR"), 60) tx_digest=Digest("7driw48WwC9QKp6htMN1xUKp5meYXU76PWokPz43HeR") retry_cnt=0
2026-05-20T11:12:09.319571Z ERROR iota_benchmark: Transaction failed with err: FailToConfirmTransactionStatus(Digest("6U89GAvwi2Qryqiy9Z5DExF9pRGHBcNKbQ6ULr5bARUy"), 60) tx_digest=Digest("6U89GAvwi2Qryqiy9Z5DExF9pRGHBcNKbQ6ULr5bARUy") retry_cnt=0
2026-05-20T11:12:09.319571Z ERROR iota_benchmark: Transaction failed with err: FailToConfirmTransactionStatus(Digest("4ULp33rmzeKus7hWbBSaKz4RPVzQfNBBg53uYjr1bttV"), 60) tx_digest=Digest("4ULp33rmzeKus7hWbBSaKz4RPVzQfNBBg53uYjr1bttV") retry_cnt=0
2026-05-20T11:12:09.319623Z ERROR iota_benchmark: Transaction failed with err: FailToConfirmTransactionStatus(Digest("9qNbDM32cuF8KeZ7EnefrYuEyBmQrNwuCbbYxcQQixLh"), 60) tx_digest=Digest("9qNbDM32cuF8KeZ7EnefrYuEyBmQrNwuCbbYxcQQixLh") retry_cnt=0
2026-05-20T11:12:09.319647Z ERROR iota_benchmark: Transaction failed with err: FailToConfirmTransactionStatus(Digest("8TxA9gafKGee6MrNUkCFXwVMWCqCi6N6sNQ2d9GNd4d1"), 60) tx_digest=Digest("8TxA9gafKGee6MrNUkCFXwVMWCqCi6N6sNQ2d9GNd4d1") retry_cnt=0
2026-05-20T11:12:09.319694Z ERROR iota_benchmark: Transaction failed with err: FailToConfirmTransactionStatus(Digest("37g4uieLftuzdaxUoY24P4QtpreF5FPT7xaSiJK8BTzK"), 60) tx_digest=Digest("37g4uieLftuzdaxUoY24P4QtpreF5FPT7xaSiJK8BTzK") retry_cnt=0
2026-05-20T11:12:09.319812Z ERROR iota_benchmark: Transaction failed with err: FailToConfirmTransactionStatus(Digest("35S4cUzjCzFnvM3wfLxbBjQn5cKDqsGTjaeVfiaZW22G"), 60) tx_digest=Digest("35S4cUzjCzFnvM3wfLxbBjQn5cKDqsGTjaeVfiaZW22G") retry_cnt=0
2026-05-20T11:12:09.319841Z ERROR iota_benchmark: Transaction failed with err: FailToConfirmTransactionStatus(Digest("9WULvqW431uisai332Q47zU1kbGKP6KFipUeoKtATVQu"), 60) tx_digest=Digest("9WULvqW431uisai332Q47zU1kbGKP6KFipUeoKtATVQu") retry_cnt=0
2026-05-20T11:12:09.319897Z ERROR iota_benchmark: Transaction failed with err: FailToConfirmTransactionStatus(Digest("9475eqyV5ydsZ2sfGTdtaeQa8xsXPj2x3AbZFvG6dfT3"), 60) tx_digest=Digest("9475eqyV5ydsZ2sfGTdtaeQa8xsXPj2x3AbZFvG6dfT3") retry_cnt=0
2026-05-20T11:12:09.319974Z ERROR iota_benchmark: Transaction failed with err: FailToConfirmTransactionStatus(Digest("5sH3u2GU9cHVoRfzE9nSgGp4zQ8gyPtHtMAugLTLV6W7"), 60) tx_digest=Digest("5sH3u2GU9cHVoRfzE9nSgGp4zQ8gyPtHtMAugLTLV6W7") retry_cnt=0
2026-05-20T11:12:09.320007Z ERROR iota_benchmark: Transaction failed with err: FailToConfirmTransactionStatus(Digest("Aa7gsbPDui4ph7eyzDi7ZYPb1fNUcT3EkNRAGQ9haHce"), 60) tx_digest=Digest("Aa7gsbPDui4ph7eyzDi7ZYPb1fNUcT3EkNRAGQ9haHce") retry_cnt=0
2026-05-20T11:12:09.320093Z ERROR iota_benchmark: Transaction failed with err: FailToConfirmTransactionStatus(Digest("3CVg9XAKzvowCMkqjRfQY34km7B9AjfxHA1pr2FJdnNT"), 60) tx_digest=Digest("3CVg9XAKzvowCMkqjRfQY34km7B9AjfxHA1pr2FJdnNT") retry_cnt=0
2026-05-20T11:12:09.320103Z ERROR iota_benchmark: Transaction failed with err: FailToConfirmTransactionStatus(Digest("5Jhr12HMwmEREd3SPJUqtTpG3GKtjgBixXJtGyoFdMPA"), 60) tx_digest=Digest("5Jhr12HMwmEREd3SPJUqtTpG3GKtjgBixXJtGyoFdMPA") retry_cnt=0
2026-05-20T11:12:09.320177Z ERROR iota_benchmark: Transaction failed with err: FailToConfirmTransactionStatus(Digest("4WujiUReVCyEiVDyvk3uPmq169Uy39CAHzbAUm9MV233"), 60) tx_digest=Digest("4WujiUReVCyEiVDyvk3uPmq169Uy39CAHzbAUm9MV233") retry_cnt=0
2026-05-20T11:12:09.320229Z ERROR iota_benchmark: Transaction failed with err: FailToConfirmTransactionStatus(Digest("89ggFgqVN5DWiSxJjhkvcqrpG4qCMs2uL8ty6rzYfZdy"), 60) tx_digest=Digest("89ggFgqVN5DWiSxJjhkvcqrpG4qCMs2uL8ty6rzYfZdy") retry_cnt=0
2026-05-20T11:12:09.320240Z ERROR iota_benchmark: Transaction failed with err: FailToConfirmTransactionStatus(Digest("4SiBFsibauKRdni6MotWFebiDqGnfgWhXrPjp7LgdUNK"), 60) tx_digest=Digest("4SiBFsibauKRdni6MotWFebiDqGnfgWhXrPjp7LgdUNK") retry_cnt=0
2026-05-20T11:12:09.320486Z ERROR iota_benchmark: Transaction failed with err: FailToConfirmTransactionStatus(Digest("HSjFzUfwn3yZVJMUtLjDTq6bUroZCP68J6h8zzbxztmH"), 60) tx_digest=Digest("HSjFzUfwn3yZVJMUtLjDTq6bUroZCP68J6h8zzbxztmH") retry_cnt=0
2026-05-20T11:12:09.320567Z ERROR iota_benchmark: Transaction failed with err: FailToConfirmTransactionStatus(Digest("HApHPthN928orVTN89vqMsdrH4XuDiZaxvdEtYk93xpd"), 60) tx_digest=Digest("HApHPthN928orVTN89vqMsdrH4XuDiZaxvdEtYk93xpd") retry_cnt=0
2026-05-20T11:12:09.386213Z ERROR iota_benchmark: Transaction failed with err: Rpc(Transport(Http(Stream(hyper_util::client::legacy::Error(SendRequest, hyper::Error(IncompleteMessage)))))) tx_digest=Digest("FqUqWnx7FnL7NzYnxVBiqmSSz3xEvFRv5b22rAudHWQU") retry_cnt=1
2026-05-20T11:12:09.386231Z ERROR iota_benchmark: Transaction failed with err: Rpc(Transport(Http(Stream(hyper_util::client::legacy::Error(SendRequest, hyper::Error(IncompleteMessage)))))) tx_digest=Digest("QWKGRzwaD7LWGq9BMmGT4U7ENKG8xvVpHZSewcxTkUk") retry_cnt=1
2026-05-20T11:12:09.386235Z ERROR iota_benchmark: Transaction failed with err: Rpc(Call(ErrorObject { code: ServerError(-32050), message: "Transaction timed out before reaching finality", data: None })) tx_digest=Digest("B4fhGXj6AtVHkEaVkKtb6ez83rxBtBBw3dU1AsxRM94w") retry_cnt=0
2026-05-20T11:12:09.386299Z ERROR iota_benchmark: Transaction failed with err: Rpc(Transport(Http(Stream(hyper_util::client::legacy::Error(SendRequest, hyper::Error(IncompleteMessage)))))) tx_digest=Digest("7ezhzH6RqPaCCUUDaYDLDtL9rgtJdqsKd12fVKhUpgLT") retry_cnt=1
2026-05-20T11:12:09.501453Z ERROR iota_benchmark: Transaction failed with err: FailToConfirmTransactionStatus(Digest("5ZrnE6T4ZANJvdgs6G3Se7kV3wwvPDgF4d14yQBCKXG1"), 60) tx_digest=Digest("5ZrnE6T4ZANJvdgs6G3Se7kV3wwvPDgF4d14yQBCKXG1") retry_cnt=0
2026-05-20T11:12:09.564127Z ERROR iota_benchmark: Transaction failed with err: Rpc(Transport(Http(Stream(hyper_util::client::legacy::Error(SendRequest, hyper::Error(IncompleteMessage)))))) tx_digest=Digest("9eErUm5uEUiT9x72SLKRCq6WExctz9QDPvG7naAB3o3Z") retry_cnt=1
2026-05-20T11:12:09.646178Z ERROR iota_benchmark: Transaction failed with err: FailToConfirmTransactionStatus(Digest("DHecrbaf9ddSRwNmAfYroPA3TDthLr1To88e7p6ERAGA"), 60) tx_digest=Digest("DHecrbaf9ddSRwNmAfYroPA3TDthLr1To88e7p6ERAGA") retry_cnt=0
2026-05-20T11:12:09.646196Z ERROR iota_benchmark: Transaction failed with err: FailToConfirmTransactionStatus(Digest("BXdKZJozGHD19UaojgcJhYZcXpThnyP33nn6xueXTMNE"), 60) tx_digest=Digest("BXdKZJozGHD19UaojgcJhYZcXpThnyP33nn6xueXTMNE") retry_cnt=0
2026-05-20T11:12:09.646194Z ERROR iota_benchmark: Transaction failed with err: FailToConfirmTransactionStatus(Digest("2jVyFU27gvxEknKmnXG7WpXhtC2S1y8jZ9XZVWhSdEtN"), 60) tx_digest=Digest("2jVyFU27gvxEknKmnXG7WpXhtC2S1y8jZ9XZVWhSdEtN") retry_cnt=0
2026-05-20T11:12:09.646407Z ERROR iota_benchmark: Transaction failed with err: FailToConfirmTransactionStatus(Digest("6aF16JyYjr3hEsJs1hPjmJkYa6s9mQZBL6eNWFGyC7eA"), 60) tx_digest=Digest("6aF16JyYjr3hEsJs1hPjmJkYa6s9mQZBL6eNWFGyC7eA") retry_cnt=0
2026-05-20T11:12:09.655574Z ERROR iota_benchmark: Transaction failed with err: FailToConfirmTransactionStatus(Digest("Cu5qdhcFpcs2JQ5NAN1hnFVvMAZtYQNh1zJ4vtBsjQZu"), 60) tx_digest=Digest("Cu5qdhcFpcs2JQ5NAN1hnFVvMAZtYQNh1zJ4vtBsjQZu") retry_cnt=0
2026-05-20T11:12:09.655573Z ERROR iota_benchmark: Transaction failed with err: FailToConfirmTransactionStatus(Digest("9M4WsyjXkgkamjCkK3pF3CgLBaPsFgy8LWNz15tfCqTU"), 60) tx_digest=Digest("9M4WsyjXkgkamjCkK3pF3CgLBaPsFgy8LWNz15tfCqTU") retry_cnt=0
2026-05-20T11:12:09.655573Z ERROR iota_benchmark: Transaction failed with err: FailToConfirmTransactionStatus(Digest("7m59Dazzix2qTXcUeiQj1TYT9JheX9sFCwz8nyRKbEE6"), 60) tx_digest=Digest("7m59Dazzix2qTXcUeiQj1TYT9JheX9sFCwz8nyRKbEE6") retry_cnt=0
2026-05-20T11:12:09.657176Z ERROR iota_benchmark: Transaction failed with err: FailToConfirmTransactionStatus(Digest("BfKAWKLGRCy1ddnrY2mAG2gW2FGXs6CJ7x4wgprFLe9w"), 60) tx_digest=Digest("BfKAWKLGRCy1ddnrY2mAG2gW2FGXs6CJ7x4wgprFLe9w") retry_cnt=0
2026-05-20T11:12:09.657176Z ERROR iota_benchmark: Transaction failed with err: FailToConfirmTransactionStatus(Digest("8qpD4UbzWVh96i7QUMCcDJGuetrX9bdazny4GHFSS9YA"), 60) tx_digest=Digest("8qpD4UbzWVh96i7QUMCcDJGuetrX9bdazny4GHFSS9YA") retry_cnt=0
2026-05-20T11:12:09.657201Z ERROR iota_benchmark: Transaction failed with err: FailToConfirmTransactionStatus(Digest("wXPnqerz7B7UTvFXKXZtbp2FW2tezWZ9MFDMBc3KYrm"), 60) tx_digest=Digest("wXPnqerz7B7UTvFXKXZtbp2FW2tezWZ9MFDMBc3KYrm") retry_cnt=0
2026-05-20T11:12:09.658655Z ERROR iota_benchmark: Transaction failed with err: FailToConfirmTransactionStatus(Digest("Cqdb6mstw9rdJxtME5arWYJoqMj6xBhnz7o9CwxKYDjM"), 60) tx_digest=Digest("Cqdb6mstw9rdJxtME5arWYJoqMj6xBhnz7o9CwxKYDjM") retry_cnt=0
2026-05-20T11:12:09.658660Z ERROR iota_benchmark: Transaction failed with err: FailToConfirmTransactionStatus(Digest("D9Ea6TgQjZtAwxNThw9ppAQT52mM1ik9GH6cJLPVjN6s"), 60) tx_digest=Digest("D9Ea6TgQjZtAwxNThw9ppAQT52mM1ik9GH6cJLPVjN6s") retry_cnt=0
2026-05-20T11:12:09.658668Z ERROR iota_benchmark: Transaction failed with err: FailToConfirmTransactionStatus(Digest("GSZ8FAu4pnb11sQWMLisCYN4MMyQWHZQaJmgt4HkAsYJ"), 60) tx_digest=Digest("GSZ8FAu4pnb11sQWMLisCYN4MMyQWHZQaJmgt4HkAsYJ") retry_cnt=0
2026-05-20T11:12:09.658765Z ERROR iota_benchmark: Transaction failed with err: FailToConfirmTransactionStatus(Digest("ARgAWAgxZ7HgjdeiMojCbxVy8qaGeANVQDXtCgZJAUuP"), 60) tx_digest=Digest("ARgAWAgxZ7HgjdeiMojCbxVy8qaGeANVQDXtCgZJAUuP") retry_cnt=0
2026-05-20T11:12:09.660054Z ERROR iota_benchmark: Transaction failed with err: FailToConfirmTransactionStatus(Digest("Gk3k5YWwrKv5FUmDWdnen44AGtrxBu9yh8Pxdjr6VUHF"), 60) tx_digest=Digest("Gk3k5YWwrKv5FUmDWdnen44AGtrxBu9yh8Pxdjr6VUHF") retry_cnt=0
2026-05-20T11:12:09.660110Z ERROR iota_benchmark: Transaction failed with err: FailToConfirmTransactionStatus(Digest("JDvbs66BUdr5CBApbi5YhdBHRugcrYtQLDkpN2b61Tz6"), 60) tx_digest=Digest("JDvbs66BUdr5CBApbi5YhdBHRugcrYtQLDkpN2b61Tz6") retry_cnt=0
2026-05-20T11:12:09.660120Z ERROR iota_benchmark: Transaction failed with err: FailToConfirmTransactionStatus(Digest("2YU8hLN3NfDna2SsRMvSio3ntitrLRetUjdkf3TCfAs6"), 60) tx_digest=Digest("2YU8hLN3NfDna2SsRMvSio3ntitrLRetUjdkf3TCfAs6") retry_cnt=0
2026-05-20T11:12:09.660142Z ERROR iota_benchmark: Transaction failed with err: FailToConfirmTransactionStatus(Digest("2TTPRXXejSUKbcQ1z3p8TQfJkF5bP52qoAsac5VYMSgv"), 60) tx_digest=Digest("2TTPRXXejSUKbcQ1z3p8TQfJkF5bP52qoAsac5VYMSgv") retry_cnt=0
2026-05-20T11:12:09.660185Z ERROR iota_benchmark: Transaction failed with err: FailToConfirmTransactionStatus(Digest("AF9PgYQ8iEFj1wtnWdGxv1L9Bs9udKe8FCSEZPKTJmoC"), 60) tx_digest=Digest("AF9PgYQ8iEFj1wtnWdGxv1L9Bs9udKe8FCSEZPKTJmoC") retry_cnt=0
2026-05-20T11:12:09.660202Z ERROR iota_benchmark: Transaction failed with err: FailToConfirmTransactionStatus(Digest("ELyWVuQVv5prtR9zY7wNVi1ed8WvmgEAFJiz6rEmcQ2L"), 60) tx_digest=Digest("ELyWVuQVv5prtR9zY7wNVi1ed8WvmgEAFJiz6rEmcQ2L") retry_cnt=0
2026-05-20T11:12:09.660205Z ERROR iota_benchmark: Transaction failed with err: FailToConfirmTransactionStatus(Digest("5eCoCGxcnybB6aCCM6wySyQpeEevigZUX8gLBctqsEgx"), 60) tx_digest=Digest("5eCoCGxcnybB6aCCM6wySyQpeEevigZUX8gLBctqsEgx") retry_cnt=0
2026-05-20T11:12:09.668498Z ERROR iota_benchmark: Transaction failed with err: FailToConfirmTransactionStatus(Digest("D6bmk6kZfeA41z72cG4amvL3rKavigWC4fXZMDQw9aut"), 60) tx_digest=Digest("D6bmk6kZfeA41z72cG4amvL3rKavigWC4fXZMDQw9aut") retry_cnt=0
2026-05-20T11:12:09.668505Z ERROR iota_benchmark: Transaction failed with err: FailToConfirmTransactionStatus(Digest("21MkTVcqMHfJxDddRza9BSUJoQBgrJMcCsimGZ3FJ7mH"), 60) tx_digest=Digest("21MkTVcqMHfJxDddRza9BSUJoQBgrJMcCsimGZ3FJ7mH") retry_cnt=0
2026-05-20T11:12:09.668516Z ERROR iota_benchmark: Transaction failed with err: FailToConfirmTransactionStatus(Digest("gnMZAsnP9uZdg52paktvdxNjzyMGHNSQJzeNjLCk6AE"), 60) tx_digest=Digest("gnMZAsnP9uZdg52paktvdxNjzyMGHNSQJzeNjLCk6AE") retry_cnt=0
2026-05-20T11:12:09.668698Z ERROR iota_benchmark: Transaction failed with err: FailToConfirmTransactionStatus(Digest("46uuyvb3PzPd4ELKrZ8q2VefPPik5pnhLMtvLr43gVCs"), 60) tx_digest=Digest("46uuyvb3PzPd4ELKrZ8q2VefPPik5pnhLMtvLr43gVCs") retry_cnt=0
2026-05-20T11:12:09.668741Z ERROR iota_benchmark: Transaction failed with err: FailToConfirmTransactionStatus(Digest("AdKHMTpc3sdqJ39UVzjzJ2bACBKHutVExikxNYuSeJxq"), 60) tx_digest=Digest("AdKHMTpc3sdqJ39UVzjzJ2bACBKHutVExikxNYuSeJxq") retry_cnt=0
2026-05-20T11:12:09.672307Z ERROR iota_benchmark: Transaction failed with err: FailToConfirmTransactionStatus(Digest("DP5Lv2ncp7JNo7zABDtf9T2rMtHCpcjxZtDrxWiRKktP"), 60) tx_digest=Digest("DP5Lv2ncp7JNo7zABDtf9T2rMtHCpcjxZtDrxWiRKktP") retry_cnt=0
2026-05-20T11:12:09.672307Z ERROR iota_benchmark: Transaction failed with err: FailToConfirmTransactionStatus(Digest("EuMFYffC4MphJ1eZAG4L9nFBFoTgeZZ6T4EnoFEH5mqb"), 60) tx_digest=Digest("EuMFYffC4MphJ1eZAG4L9nFBFoTgeZZ6T4EnoFEH5mqb") retry_cnt=0
2026-05-20T11:12:09.672339Z ERROR iota_benchmark: Transaction failed with err: FailToConfirmTransactionStatus(Digest("HpDhikZ92H2dFkJsQkXGnbDbMQcULmyDFLNRhTKBynPC"), 60) tx_digest=Digest("HpDhikZ92H2dFkJsQkXGnbDbMQcULmyDFLNRhTKBynPC") retry_cnt=0
2026-05-20T11:12:09.672344Z ERROR iota_benchmark: Transaction failed with err: FailToConfirmTransactionStatus(Digest("aBUgvbyDW4m44PRvaQsP8BaaXL1kKNY3R1XdX3bhB7x"), 60) tx_digest=Digest("aBUgvbyDW4m44PRvaQsP8BaaXL1kKNY3R1XdX3bhB7x") retry_cnt=0
2026-05-20T11:12:09.672491Z ERROR iota_benchmark: Transaction failed with err: FailToConfirmTransactionStatus(Digest("FCood51grr34xhJ6jH7TZGzdZ3bsCP7ZXeGUymXxQBjg"), 60) tx_digest=Digest("FCood51grr34xhJ6jH7TZGzdZ3bsCP7ZXeGUymXxQBjg") retry_cnt=0
2026-05-20T11:12:09.672498Z ERROR iota_benchmark: Transaction failed with err: FailToConfirmTransactionStatus(Digest("2a6EyRC9E6HUy7NHNka9Rb63Hy9SktH9JndjUJmTJKao"), 60) tx_digest=Digest("2a6EyRC9E6HUy7NHNka9Rb63Hy9SktH9JndjUJmTJKao") retry_cnt=0
2026-05-20T11:12:09.672582Z ERROR iota_benchmark: Transaction failed with err: FailToConfirmTransactionStatus(Digest("EWhJ212HKPdwGm28nh9vaNnnEi4Lnen6GFhyjx7tfTL1"), 60) tx_digest=Digest("EWhJ212HKPdwGm28nh9vaNnnEi4Lnen6GFhyjx7tfTL1") retry_cnt=0
2026-05-20T11:12:09.676383Z ERROR iota_benchmark: Transaction failed with err: FailToConfirmTransactionStatus(Digest("BTPG4cA6ryBKCF3bWwiV43vMaKyAtA1s7ztpsxG4r7RB"), 60) tx_digest=Digest("BTPG4cA6ryBKCF3bWwiV43vMaKyAtA1s7ztpsxG4r7RB") retry_cnt=0
2026-05-20T11:12:09.699064Z ERROR iota_benchmark: Transaction failed with err: Rpc(Transport(Http(Stream(hyper_util::client::legacy::Error(SendRequest, hyper::Error(IncompleteMessage)))))) tx_digest=Digest("AxvD92g26SuT3qqqTYUp8tUrAjMkQ3EmWmDi7MLvnQup") retry_cnt=1
2026-05-20T11:12:09.702823Z ERROR iota_benchmark: Transaction failed with err: Rpc(Transport(Http(Stream(hyper_util::client::legacy::Error(SendRequest, hyper::Error(IncompleteMessage)))))) tx_digest=Digest("FgwHBndNnRrtagrp4fxYL5pkTJ64zh4DxqErZzzErFDD") retry_cnt=1
2026-05-20T11:12:09.712353Z ERROR iota_benchmark: Transaction failed with err: FailToConfirmTransactionStatus(Digest("An5VvfCw1A5YsyuBHyyVPKWJqpzs1gwjMfcE4gqw1Gys"), 60) tx_digest=Digest("An5VvfCw1A5YsyuBHyyVPKWJqpzs1gwjMfcE4gqw1Gys") retry_cnt=0
2026-05-20T11:12:09.726478Z ERROR iota_benchmark: Transaction failed with err: FailToConfirmTransactionStatus(Digest("GRyZbhvHR38hwruQ4hXYHX1hMumhJXhsUQsPrt9RaLDE"), 60) tx_digest=Digest("GRyZbhvHR38hwruQ4hXYHX1hMumhJXhsUQsPrt9RaLDE") retry_cnt=0
2026-05-20T11:12:09.855941Z ERROR iota_benchmark: Transaction failed with err: FailToConfirmTransactionStatus(Digest("DbSRxo4J2FfaArZFjxm5bWdscy2fRu3EhTte8mdGDSnL"), 60) tx_digest=Digest("DbSRxo4J2FfaArZFjxm5bWdscy2fRu3EhTte8mdGDSnL") retry_cnt=0
2026-05-20T11:12:09.856162Z ERROR iota_benchmark: Transaction failed with err: FailToConfirmTransactionStatus(Digest("Fat8kfMbayAJmXLZyDzMHPKo1qaqfFQK2u5qx9sWbqAj"), 60) tx_digest=Digest("Fat8kfMbayAJmXLZyDzMHPKo1qaqfFQK2u5qx9sWbqAj") retry_cnt=0
2026-05-20T11:12:09.874616Z ERROR iota_benchmark: Transaction failed with err: FailToConfirmTransactionStatus(Digest("5VRAntub8gWRJiTgXC9S8dBXeamStVTxhbTwkg3gUqyk"), 60) tx_digest=Digest("5VRAntub8gWRJiTgXC9S8dBXeamStVTxhbTwkg3gUqyk") retry_cnt=0
2026-05-20T11:12:09.880099Z ERROR iota_benchmark: Transaction failed with err: FailToConfirmTransactionStatus(Digest("HPLXJ73ewvmi61TaivbNnw7ztTxPD3WqVDRmKQGgd8Hj"), 60) tx_digest=Digest("HPLXJ73ewvmi61TaivbNnw7ztTxPD3WqVDRmKQGgd8Hj") retry_cnt=0
2026-05-20T11:12:09.880106Z ERROR iota_benchmark: Transaction failed with err: FailToConfirmTransactionStatus(Digest("Gvd6r4MrabRF6HyMzKo6n5HLavzDdiRRvKCLbqiNyJ5C"), 60) tx_digest=Digest("Gvd6r4MrabRF6HyMzKo6n5HLavzDdiRRvKCLbqiNyJ5C") retry_cnt=0
2026-05-20T11:12:09.880294Z ERROR iota_benchmark: Transaction failed with err: FailToConfirmTransactionStatus(Digest("4TbQzaFWN6gy9o2zP9RBC1HhKyBM55rYyawFk5bHGYWd"), 60) tx_digest=Digest("4TbQzaFWN6gy9o2zP9RBC1HhKyBM55rYyawFk5bHGYWd") retry_cnt=0
2026-05-20T11:12:09.880307Z ERROR iota_benchmark: Transaction failed with err: FailToConfirmTransactionStatus(Digest("23m2AekN4917tsVJmj1FZJDxR2GLU5CbeT1gbomzX9z2"), 60) tx_digest=Digest("23m2AekN4917tsVJmj1FZJDxR2GLU5CbeT1gbomzX9z2") retry_cnt=0
2026-05-20T11:12:09.880346Z ERROR iota_benchmark: Transaction failed with err: FailToConfirmTransactionStatus(Digest("8SN2sjJWQuBa9VdA9kww4CoATB1RaJmYrGEza7hrf6zb"), 60) tx_digest=Digest("8SN2sjJWQuBa9VdA9kww4CoATB1RaJmYrGEza7hrf6zb") retry_cnt=0
2026-05-20T11:12:09.880369Z ERROR iota_benchmark: Transaction failed with err: FailToConfirmTransactionStatus(Digest("Gm48juTm79XxSSFNfA2QvTk1xLXwDj8d7MWAoVt9Vinq"), 60) tx_digest=Digest("Gm48juTm79XxSSFNfA2QvTk1xLXwDj8d7MWAoVt9Vinq") retry_cnt=0
2026-05-20T11:12:09.880406Z ERROR iota_benchmark: Transaction failed with err: FailToConfirmTransactionStatus(Digest("76mCqyzthnyEm6XGtaQsKmsay4td8Kojh2jzNGVim5n2"), 60) tx_digest=Digest("76mCqyzthnyEm6XGtaQsKmsay4td8Kojh2jzNGVim5n2") retry_cnt=0
2026-05-20T11:12:09.882036Z ERROR iota_benchmark: Transaction failed with err: FailToConfirmTransactionStatus(Digest("HshsL4KQmiXskkrmbobT8XkvVPxsRK4uYfeUXb2hH19M"), 60) tx_digest=Digest("HshsL4KQmiXskkrmbobT8XkvVPxsRK4uYfeUXb2hH19M") retry_cnt=0
2026-05-20T11:12:09.882064Z ERROR iota_benchmark: Transaction failed with err: FailToConfirmTransactionStatus(Digest("Bd2uEFM9Dw6J5UGcQNoet3wZy5mKnoTkQnKc4HxvQu5o"), 60) tx_digest=Digest("Bd2uEFM9Dw6J5UGcQNoet3wZy5mKnoTkQnKc4HxvQu5o") retry_cnt=0
2026-05-20T11:12:09.882306Z ERROR iota_benchmark: Transaction failed with err: FailToConfirmTransactionStatus(Digest("2cidESkHRuUyFUuZL1vE3oxKj46rnAKLsypDgFb6pwUa"), 60) tx_digest=Digest("2cidESkHRuUyFUuZL1vE3oxKj46rnAKLsypDgFb6pwUa") retry_cnt=0
2026-05-20T11:12:09.882273Z ERROR iota_benchmark: Transaction failed with err: FailToConfirmTransactionStatus(Digest("EfiAGgZk6gFMWPVFkLRfc3jrJL2jUbxhTyL5vkjzYyCy"), 60) tx_digest=Digest("EfiAGgZk6gFMWPVFkLRfc3jrJL2jUbxhTyL5vkjzYyCy") retry_cnt=0
2026-05-20T11:12:09.882401Z ERROR iota_benchmark: Transaction failed with err: FailToConfirmTransactionStatus(Digest("6kB27UdmREsEvYhXfdzEqvt5eoibccgvA5jt3n3RqtbG"), 60) tx_digest=Digest("6kB27UdmREsEvYhXfdzEqvt5eoibccgvA5jt3n3RqtbG") retry_cnt=0
2026-05-20T11:12:09.882652Z ERROR iota_benchmark: Transaction failed with err: FailToConfirmTransactionStatus(Digest("ArjiA94v2Xw8UGBUMGRX4hFmR1gEKg8t2xz5hFdjNAyt"), 60) tx_digest=Digest("ArjiA94v2Xw8UGBUMGRX4hFmR1gEKg8t2xz5hFdjNAyt") retry_cnt=0
2026-05-20T11:12:09.882676Z ERROR iota_benchmark: Transaction failed with err: FailToConfirmTransactionStatus(Digest("2Rc8ggqiJfbiQZW4sq5eVcttdoWfUHcMxxH1HsU2srp5"), 60) tx_digest=Digest("2Rc8ggqiJfbiQZW4sq5eVcttdoWfUHcMxxH1HsU2srp5") retry_cnt=0
2026-05-20T11:12:09.882749Z ERROR iota_benchmark: Transaction failed with err: FailToConfirmTransactionStatus(Digest("7SStspcRQ1caT9HVBRdTq555TNg13qgRnai87cubffwP"), 60) tx_digest=Digest("7SStspcRQ1caT9HVBRdTq555TNg13qgRnai87cubffwP") retry_cnt=0
2026-05-20T11:12:09.882765Z ERROR iota_benchmark: Transaction failed with err: FailToConfirmTransactionStatus(Digest("J3Xgh2bDiAkyVe9AMk31CvWZ8RgZseQi8iHhbWZPUxXd"), 60) tx_digest=Digest("J3Xgh2bDiAkyVe9AMk31CvWZ8RgZseQi8iHhbWZPUxXd") retry_cnt=0
2026-05-20T11:12:09.882830Z ERROR iota_benchmark: Transaction failed with err: FailToConfirmTransactionStatus(Digest("9JHhACxaAhmd5zMYQmmpQP4Ui3iGrvbvZsprUcvv3Rtd"), 60) tx_digest=Digest("9JHhACxaAhmd5zMYQmmpQP4Ui3iGrvbvZsprUcvv3Rtd") retry_cnt=0
2026-05-20T11:12:09.882891Z ERROR iota_benchmark: Transaction failed with err: FailToConfirmTransactionStatus(Digest("4z64xqrEoKmH12jSEWREwq3p1iX1fN3bUGeRGL59t1P"), 60) tx_digest=Digest("4z64xqrEoKmH12jSEWREwq3p1iX1fN3bUGeRGL59t1P") retry_cnt=0
2026-05-20T11:12:09.882897Z ERROR iota_benchmark: Transaction failed with err: FailToConfirmTransactionStatus(Digest("8z5jNq99VacnHgR2Ffsx1DwQeEvGLAEzG3vNjV7gu498"), 60) tx_digest=Digest("8z5jNq99VacnHgR2Ffsx1DwQeEvGLAEzG3vNjV7gu498") retry_cnt=0
2026-05-20T11:12:09.883157Z ERROR iota_benchmark: Transaction failed with err: FailToConfirmTransactionStatus(Digest("FoPRXevwp1QKD8ntf2NW9WnBzNDp2r4smhGhENPF9U2X"), 60) tx_digest=Digest("FoPRXevwp1QKD8ntf2NW9WnBzNDp2r4smhGhENPF9U2X") retry_cnt=0
2026-05-20T11:12:09.883251Z ERROR iota_benchmark: Transaction failed with err: FailToConfirmTransactionStatus(Digest("GvRAQoLpRVYs5WKurTVNafb9EGPZjBa65g1FRYQxpnCX"), 60) tx_digest=Digest("GvRAQoLpRVYs5WKurTVNafb9EGPZjBa65g1FRYQxpnCX") retry_cnt=0
2026-05-20T11:12:09.883254Z ERROR iota_benchmark: Transaction failed with err: FailToConfirmTransactionStatus(Digest("5R7xv5nqHtdQrF9dSiEFQ8AT1hM1KoyJN3ZjrAEs4u5a"), 60) tx_digest=Digest("5R7xv5nqHtdQrF9dSiEFQ8AT1hM1KoyJN3ZjrAEs4u5a") retry_cnt=0
2026-05-20T11:12:09.883351Z ERROR iota_benchmark: Transaction failed with err: FailToConfirmTransactionStatus(Digest("9QqULDVbc8naavco3EwJaTbfHAkhmwqYk4Jj2KKWYMH9"), 60) tx_digest=Digest("9QqULDVbc8naavco3EwJaTbfHAkhmwqYk4Jj2KKWYMH9") retry_cnt=0
2026-05-20T11:12:09.883361Z ERROR iota_benchmark: Transaction failed with err: FailToConfirmTransactionStatus(Digest("AC9CHYYYA1m6RwrPjjR1ctox2edKALCHemUvL5Lb34Rf"), 60) tx_digest=Digest("AC9CHYYYA1m6RwrPjjR1ctox2edKALCHemUvL5Lb34Rf") retry_cnt=0
2026-05-20T11:12:09.883438Z ERROR iota_benchmark: Transaction failed with err: FailToConfirmTransactionStatus(Digest("HZgKVKLs2TUH4Dqrh53rss2Xr9cvQ49qfebiTGeBcabS"), 60) tx_digest=Digest("HZgKVKLs2TUH4Dqrh53rss2Xr9cvQ49qfebiTGeBcabS") retry_cnt=0
2026-05-20T11:12:09.883517Z ERROR iota_benchmark: Transaction failed with err: FailToConfirmTransactionStatus(Digest("9XcjirtgvywcXuKAYVKvL6zr71exL7PRgXf5NeWhzDF2"), 60) tx_digest=Digest("9XcjirtgvywcXuKAYVKvL6zr71exL7PRgXf5NeWhzDF2") retry_cnt=0
2026-05-20T11:12:09.884992Z ERROR iota_benchmark: Transaction failed with err: FailToConfirmTransactionStatus(Digest("GtE1jVG48yEQ2bfEdAZGz6QKgA1HdRGBNL2cZFSGq47d"), 60) tx_digest=Digest("GtE1jVG48yEQ2bfEdAZGz6QKgA1HdRGBNL2cZFSGq47d") retry_cnt=0
2026-05-20T11:12:09.885174Z ERROR iota_benchmark: Transaction failed with err: FailToConfirmTransactionStatus(Digest("D45qbF7v5bDC4VmCJNvhp22E6khYbGRhcGJD38ydwF1K"), 60) tx_digest=Digest("D45qbF7v5bDC4VmCJNvhp22E6khYbGRhcGJD38ydwF1K") retry_cnt=0
2026-05-20T11:12:09.886530Z ERROR iota_benchmark: Transaction failed with err: FailToConfirmTransactionStatus(Digest("9cC3nwdRDg1S1CArwXxBeeWw3h2edenjLC7BfxPfEQFz"), 60) tx_digest=Digest("9cC3nwdRDg1S1CArwXxBeeWw3h2edenjLC7BfxPfEQFz") retry_cnt=0
2026-05-20T11:12:09.886543Z ERROR iota_benchmark: Transaction failed with err: FailToConfirmTransactionStatus(Digest("CpK8eSxTYUncDpn7m39Db39jNguQnVZxqRe5XNef3pjJ"), 60) tx_digest=Digest("CpK8eSxTYUncDpn7m39Db39jNguQnVZxqRe5XNef3pjJ") retry_cnt=0
2026-05-20T11:12:09.886565Z ERROR iota_benchmark: Transaction failed with err: FailToConfirmTransactionStatus(Digest("5rM65zkFuFGKVCSUcJAceuYVYXNFr5cyyswJbKzb5L1p"), 60) tx_digest=Digest("5rM65zkFuFGKVCSUcJAceuYVYXNFr5cyyswJbKzb5L1p") retry_cnt=0
2026-05-20T11:12:09.886695Z ERROR iota_benchmark: Transaction failed with err: FailToConfirmTransactionStatus(Digest("48R6J2rU49L3WgyXm9Gdi7W7ZBaKuoVY6CHg7FqsB5XB"), 60) tx_digest=Digest("48R6J2rU49L3WgyXm9Gdi7W7ZBaKuoVY6CHg7FqsB5XB") retry_cnt=0
2026-05-20T11:12:09.886703Z ERROR iota_benchmark: Transaction failed with err: FailToConfirmTransactionStatus(Digest("46EWPDyeEXGVKhoTutAwPK2ypgfNrcQxLxEZwUJus6YR"), 60) tx_digest=Digest("46EWPDyeEXGVKhoTutAwPK2ypgfNrcQxLxEZwUJus6YR") retry_cnt=0
2026-05-20T11:12:09.886760Z ERROR iota_benchmark: Transaction failed with err: FailToConfirmTransactionStatus(Digest("GQ1eQAnGGbZKNjVCj6pPDkTdeRVGjELRwLQUo3LfD9P"), 60) tx_digest=Digest("GQ1eQAnGGbZKNjVCj6pPDkTdeRVGjELRwLQUo3LfD9P") retry_cnt=0
2026-05-20T11:12:09.886824Z ERROR iota_benchmark: Transaction failed with err: FailToConfirmTransactionStatus(Digest("91iWJskdCQhh52TeAdW84ckj8bEB4N1NaMKGrGFJkHdN"), 60) tx_digest=Digest("91iWJskdCQhh52TeAdW84ckj8bEB4N1NaMKGrGFJkHdN") retry_cnt=0
2026-05-20T11:12:09.887268Z ERROR iota_benchmark: Transaction failed with err: FailToConfirmTransactionStatus(Digest("CQ6mFMxoRJbe7HbnYtT6D7Wp2u9jk9y4eTGvFDSi1x9o"), 60) tx_digest=Digest("CQ6mFMxoRJbe7HbnYtT6D7Wp2u9jk9y4eTGvFDSi1x9o") retry_cnt=0
2026-05-20T11:12:09.887274Z ERROR iota_benchmark: Transaction failed with err: FailToConfirmTransactionStatus(Digest("5qviyyyz9qHtnwfUSM5zKZvr3a7iAidfAFUnGmSgTzL"), 60) tx_digest=Digest("5qviyyyz9qHtnwfUSM5zKZvr3a7iAidfAFUnGmSgTzL") retry_cnt=0
2026-05-20T11:12:09.887394Z ERROR iota_benchmark: Transaction failed with err: FailToConfirmTransactionStatus(Digest("4TMQsXNNVUFq9UsEvuJ6VFnCHGnhhgTkGs8vVUbGC7Hj"), 60) tx_digest=Digest("4TMQsXNNVUFq9UsEvuJ6VFnCHGnhhgTkGs8vVUbGC7Hj") retry_cnt=0
2026-05-20T11:12:09.887479Z ERROR iota_benchmark: Transaction failed with err: FailToConfirmTransactionStatus(Digest("DbowKFWn4f7XXSjFErNPiCAuxSFe8u7QZxEWqby5tbvb"), 60) tx_digest=Digest("DbowKFWn4f7XXSjFErNPiCAuxSFe8u7QZxEWqby5tbvb") retry_cnt=0
2026-05-20T11:12:09.887524Z ERROR iota_benchmark: Transaction failed with err: FailToConfirmTransactionStatus(Digest("75Wbq3D5239pqE1ZWKreHCak8MTz8xvwRZvAuxfXUkWU"), 60) tx_digest=Digest("75Wbq3D5239pqE1ZWKreHCak8MTz8xvwRZvAuxfXUkWU") retry_cnt=0
2026-05-20T11:12:09.889024Z ERROR iota_benchmark: Transaction failed with err: FailToConfirmTransactionStatus(Digest("GVk5ntn1BprHrHtt7GGF7P9jJv8S1QhJfUDJunukmgZQ"), 60) tx_digest=Digest("GVk5ntn1BprHrHtt7GGF7P9jJv8S1QhJfUDJunukmgZQ") retry_cnt=0
2026-05-20T11:12:09.889259Z ERROR iota_benchmark: Transaction failed with err: FailToConfirmTransactionStatus(Digest("DFqwcntffSHmGMKkFfK9czMniAfGPQHAyinM3RaWS1T9"), 60) tx_digest=Digest("DFqwcntffSHmGMKkFfK9czMniAfGPQHAyinM3RaWS1T9") retry_cnt=0
2026-05-20T11:12:09.889267Z ERROR iota_benchmark: Transaction failed with err: FailToConfirmTransactionStatus(Digest("H2PE2ggRDe1k5nGrpHhqv3wYQ66PDyeRUWJcdKMoVExy"), 60) tx_digest=Digest("H2PE2ggRDe1k5nGrpHhqv3wYQ66PDyeRUWJcdKMoVExy") retry_cnt=0
2026-05-20T11:12:09.889274Z ERROR iota_benchmark: Transaction failed with err: FailToConfirmTransactionStatus(Digest("G5TwFQqk2TLu8mYgsNHDVrEY4ZoGdDDJyVu7XagjVoAF"), 60) tx_digest=Digest("G5TwFQqk2TLu8mYgsNHDVrEY4ZoGdDDJyVu7XagjVoAF") retry_cnt=0
2026-05-20T11:12:09.889316Z ERROR iota_benchmark: Transaction failed with err: FailToConfirmTransactionStatus(Digest("Hz4MPG9Fv7EviX97KzPqJR1pXPGWjpA81w3R7BbJJK38"), 60) tx_digest=Digest("Hz4MPG9Fv7EviX97KzPqJR1pXPGWjpA81w3R7BbJJK38") retry_cnt=0
2026-05-20T11:12:09.889365Z ERROR iota_benchmark: Transaction failed with err: FailToConfirmTransactionStatus(Digest("Gu7pc2SmHrq7chxU1yT83ftvm5xZHS3v2kmphmwRTG9q"), 60) tx_digest=Digest("Gu7pc2SmHrq7chxU1yT83ftvm5xZHS3v2kmphmwRTG9q") retry_cnt=0
2026-05-20T11:12:09.889405Z ERROR iota_benchmark: Transaction failed with err: FailToConfirmTransactionStatus(Digest("Hx7qzS8QMechxZHkbxLuwBoF1VguMZY3qqZ1NcT5NXwt"), 60) tx_digest=Digest("Hx7qzS8QMechxZHkbxLuwBoF1VguMZY3qqZ1NcT5NXwt") retry_cnt=0
2026-05-20T11:12:09.889434Z ERROR iota_benchmark: Transaction failed with err: FailToConfirmTransactionStatus(Digest("8LZ75QWftbRMFSg113VBGnD46bvzgy3qZxMoDtbrSmW9"), 60) tx_digest=Digest("8LZ75QWftbRMFSg113VBGnD46bvzgy3qZxMoDtbrSmW9") retry_cnt=0
2026-05-20T11:12:09.889527Z ERROR iota_benchmark: Transaction failed with err: FailToConfirmTransactionStatus(Digest("2Ycs1r1SjtsAmoScsjz4QvsB5r28mrV61viYjwuuEktf"), 60) tx_digest=Digest("2Ycs1r1SjtsAmoScsjz4QvsB5r28mrV61viYjwuuEktf") retry_cnt=0
2026-05-20T11:12:09.889750Z ERROR iota_benchmark: Transaction failed with err: FailToConfirmTransactionStatus(Digest("2bNRZhakNmqn1UvXx1eqn9Bou7m5fUfp7oeuYWuZ6uSo"), 60) tx_digest=Digest("2bNRZhakNmqn1UvXx1eqn9Bou7m5fUfp7oeuYWuZ6uSo") retry_cnt=0
2026-05-20T11:12:09.890101Z ERROR iota_benchmark: Transaction failed with err: FailToConfirmTransactionStatus(Digest("4XdLer3wg6VCj4x7N1W6UsEc6jAEMVdb25xu44mwvfUa"), 60) tx_digest=Digest("4XdLer3wg6VCj4x7N1W6UsEc6jAEMVdb25xu44mwvfUa") retry_cnt=0
2026-05-20T11:12:09.890192Z ERROR iota_benchmark: Transaction failed with err: FailToConfirmTransactionStatus(Digest("B3ttU9K5wo3fdBgFv6hgJjCHDzkRz99rtfn4p4wevSXV"), 60) tx_digest=Digest("B3ttU9K5wo3fdBgFv6hgJjCHDzkRz99rtfn4p4wevSXV") retry_cnt=0
2026-05-20T11:12:09.890255Z ERROR iota_benchmark: Transaction failed with err: FailToConfirmTransactionStatus(Digest("q67Yth11ER5kaaJy3XWBiJzyvDjjEWNciqk1wBHuKCq"), 60) tx_digest=Digest("q67Yth11ER5kaaJy3XWBiJzyvDjjEWNciqk1wBHuKCq") retry_cnt=0
2026-05-20T11:12:09.890261Z ERROR iota_benchmark: Transaction failed with err: FailToConfirmTransactionStatus(Digest("AjmfL88bG7iMUG84s66SfFQ9A8j5b4Mmrd6F9YEqALij"), 60) tx_digest=Digest("AjmfL88bG7iMUG84s66SfFQ9A8j5b4Mmrd6F9YEqALij") retry_cnt=0
2026-05-20T11:12:09.891665Z ERROR iota_benchmark: Transaction failed with err: FailToConfirmTransactionStatus(Digest("Hv6RwZzoV8LnZn1VMDaEz5XBmdeaYXfEvoqxqMrtVFvN"), 60) tx_digest=Digest("Hv6RwZzoV8LnZn1VMDaEz5XBmdeaYXfEvoqxqMrtVFvN") retry_cnt=0
2026-05-20T11:12:09.891670Z ERROR iota_benchmark: Transaction failed with err: FailToConfirmTransactionStatus(Digest("8mVF95JvddpGPGpGSXe9bdJJmsLxV9msQFhN4cGdjuya"), 60) tx_digest=Digest("8mVF95JvddpGPGpGSXe9bdJJmsLxV9msQFhN4cGdjuya") retry_cnt=0
2026-05-20T11:12:09.891673Z ERROR iota_benchmark: Transaction failed with err: FailToConfirmTransactionStatus(Digest("DD39uEeM1RzqrpWy82yUWZeinRjrZ5TGRciPoAwZirDs"), 60) tx_digest=Digest("DD39uEeM1RzqrpWy82yUWZeinRjrZ5TGRciPoAwZirDs") retry_cnt=0
2026-05-20T11:12:09.891681Z ERROR iota_benchmark: Transaction failed with err: FailToConfirmTransactionStatus(Digest("9h4df2QArL47EkQ22iA9z61Ty7rcXDQdpbqvWNx5JJk2"), 60) tx_digest=Digest("9h4df2QArL47EkQ22iA9z61Ty7rcXDQdpbqvWNx5JJk2") retry_cnt=0
2026-05-20T11:12:09.891810Z ERROR iota_benchmark: Transaction failed with err: FailToConfirmTransactionStatus(Digest("EPWDD6k5mW4mmRUeiKwdAzhvo6fmrzUSrYuvPURdt4xj"), 60) tx_digest=Digest("EPWDD6k5mW4mmRUeiKwdAzhvo6fmrzUSrYuvPURdt4xj") retry_cnt=0
2026-05-20T11:12:09.892095Z ERROR iota_benchmark: Transaction failed with err: FailToConfirmTransactionStatus(Digest("HP5reLqJVeQhisyYpnD5nf4FxKNrND5mbUtyWRQGZmdu"), 60) tx_digest=Digest("HP5reLqJVeQhisyYpnD5nf4FxKNrND5mbUtyWRQGZmdu") retry_cnt=0
2026-05-20T11:12:09.892103Z ERROR iota_benchmark: Transaction failed with err: FailToConfirmTransactionStatus(Digest("8Cmr593LhauxcRwfbZkK5UqqJLhhou3Bkd2bPv1peXMF"), 60) tx_digest=Digest("8Cmr593LhauxcRwfbZkK5UqqJLhhou3Bkd2bPv1peXMF") retry_cnt=0
2026-05-20T11:12:09.892106Z ERROR iota_benchmark: Transaction failed with err: FailToConfirmTransactionStatus(Digest("BMYkcrsvSSKnXQ7nZUfeNfqZ5MGTX6V2UWuQxRLiqh8Y"), 60) tx_digest=Digest("BMYkcrsvSSKnXQ7nZUfeNfqZ5MGTX6V2UWuQxRLiqh8Y") retry_cnt=0
2026-05-20T11:12:09.892198Z ERROR iota_benchmark: Transaction failed with err: FailToConfirmTransactionStatus(Digest("V87pJHhDicgYVfAGgYUQ6WSRzoRJJEmxKdbtBKfnFCb"), 60) tx_digest=Digest("V87pJHhDicgYVfAGgYUQ6WSRzoRJJEmxKdbtBKfnFCb") retry_cnt=0
2026-05-20T11:12:09.892443Z ERROR iota_benchmark: Transaction failed with err: FailToConfirmTransactionStatus(Digest("66iZADF21k7iAtSRWZ9TQjeuMuTaXjr6cVf9MgwNGVXH"), 60) tx_digest=Digest("66iZADF21k7iAtSRWZ9TQjeuMuTaXjr6cVf9MgwNGVXH") retry_cnt=0
2026-05-20T11:12:09.892540Z ERROR iota_benchmark: Transaction failed with err: FailToConfirmTransactionStatus(Digest("AuBB42uBPujQgd9gsJe7HH1KyYDhrptDuapXWpogFsFJ"), 60) tx_digest=Digest("AuBB42uBPujQgd9gsJe7HH1KyYDhrptDuapXWpogFsFJ") retry_cnt=0
2026-05-20T11:12:09.893904Z ERROR iota_benchmark: Transaction failed with err: FailToConfirmTransactionStatus(Digest("wn6dSBrtuPJ4axbXaztQA7gseMs72QJYnPXVw2LgUCk"), 60) tx_digest=Digest("wn6dSBrtuPJ4axbXaztQA7gseMs72QJYnPXVw2LgUCk") retry_cnt=0
2026-05-20T11:12:09.893903Z ERROR iota_benchmark: Transaction failed with err: FailToConfirmTransactionStatus(Digest("BxuTAJx47zrYeSgVuVwQsYNwzKZcYx5AsB72aeXgWAM7"), 60) tx_digest=Digest("BxuTAJx47zrYeSgVuVwQsYNwzKZcYx5AsB72aeXgWAM7") retry_cnt=0
2026-05-20T11:12:09.897042Z ERROR iota_benchmark: Transaction failed with err: FailToConfirmTransactionStatus(Digest("983k8ouJwkMySnj4V8V6YcPeuGLNcgrCzUBXyBcSv3hn"), 60) tx_digest=Digest("983k8ouJwkMySnj4V8V6YcPeuGLNcgrCzUBXyBcSv3hn") retry_cnt=0
2026-05-20T11:12:09.897042Z ERROR iota_benchmark: Transaction failed with err: FailToConfirmTransactionStatus(Digest("D73y1Atnf8Jicus5wch3sR2LSenkBtxfHUTqPQvVaSob"), 60) tx_digest=Digest("D73y1Atnf8Jicus5wch3sR2LSenkBtxfHUTqPQvVaSob") retry_cnt=0
2026-05-20T11:12:09.897307Z ERROR iota_benchmark: Transaction failed with err: FailToConfirmTransactionStatus(Digest("8gd24mbcopeyYhTdhG3pWfBm4j6hEu6LPjjCZpX1L5S5"), 60) tx_digest=Digest("8gd24mbcopeyYhTdhG3pWfBm4j6hEu6LPjjCZpX1L5S5") retry_cnt=0
2026-05-20T11:12:09.897331Z ERROR iota_benchmark: Transaction failed with err: FailToConfirmTransactionStatus(Digest("435uE5bbmrN5pwKkPWJmw4Wz9PHmxeKqcVKoBXTYbrXi"), 60) tx_digest=Digest("435uE5bbmrN5pwKkPWJmw4Wz9PHmxeKqcVKoBXTYbrXi") retry_cnt=0
2026-05-20T11:12:09.897370Z ERROR iota_benchmark: Transaction failed with err: FailToConfirmTransactionStatus(Digest("CF7DymWbAiRXjfoReLMeTi8e5xqeUYAeNH9N2Ts1VwsK"), 60) tx_digest=Digest("CF7DymWbAiRXjfoReLMeTi8e5xqeUYAeNH9N2Ts1VwsK") retry_cnt=0
2026-05-20T11:12:09.897408Z ERROR iota_benchmark: Transaction failed with err: FailToConfirmTransactionStatus(Digest("7Zjz1WheGjGZA2q2aSnvuCbhZEVjHZqtCHox3okrauQj"), 60) tx_digest=Digest("7Zjz1WheGjGZA2q2aSnvuCbhZEVjHZqtCHox3okrauQj") retry_cnt=0
2026-05-20T11:12:09.897432Z ERROR iota_benchmark: Transaction failed with err: FailToConfirmTransactionStatus(Digest("A78zrMfrhn9W1k3yoia6zXZhjLih3J6tivb83PSyFCQ6"), 60) tx_digest=Digest("A78zrMfrhn9W1k3yoia6zXZhjLih3J6tivb83PSyFCQ6") retry_cnt=0
2026-05-20T11:12:09.897530Z ERROR iota_benchmark: Transaction failed with err: FailToConfirmTransactionStatus(Digest("ANTt2cUJqBg8yqEhcARN6C33FFp23wqpbi828eyLrYti"), 60) tx_digest=Digest("ANTt2cUJqBg8yqEhcARN6C33FFp23wqpbi828eyLrYti") retry_cnt=0
2026-05-20T11:12:09.897534Z ERROR iota_benchmark: Transaction failed with err: FailToConfirmTransactionStatus(Digest("7r4meh3ZWaHQ82UwJ5cvqB4Qq1jRgWHU7pw2vJuLYTcz"), 60) tx_digest=Digest("7r4meh3ZWaHQ82UwJ5cvqB4Qq1jRgWHU7pw2vJuLYTcz") retry_cnt=0
2026-05-20T11:12:09.897598Z ERROR iota_benchmark: Transaction failed with err: FailToConfirmTransactionStatus(Digest("4xtSNVvo5psvuwHPbsDCeYVqppKYXaeCvBMw9QxmRMFr"), 60) tx_digest=Digest("4xtSNVvo5psvuwHPbsDCeYVqppKYXaeCvBMw9QxmRMFr") retry_cnt=0
2026-05-20T11:12:09.897638Z ERROR iota_benchmark: Transaction failed with err: FailToConfirmTransactionStatus(Digest("FKb5NjnJ6WtvNQPKem2boxJaHkuQkXebwR9cPu9mRkgE"), 60) tx_digest=Digest("FKb5NjnJ6WtvNQPKem2boxJaHkuQkXebwR9cPu9mRkgE") retry_cnt=0
2026-05-20T11:12:09.897667Z ERROR iota_benchmark: Transaction failed with err: FailToConfirmTransactionStatus(Digest("JAfXpbp5nfryXHARBnWktdZyQp35spQL536LwtLRxzMk"), 60) tx_digest=Digest("JAfXpbp5nfryXHARBnWktdZyQp35spQL536LwtLRxzMk") retry_cnt=0
2026-05-20T11:12:09.897674Z ERROR iota_benchmark: Transaction failed with err: FailToConfirmTransactionStatus(Digest("BNMQwdjAxDJW88MXzadWaDaZwqEyi8k28ZYjrYiYn2xK"), 60) tx_digest=Digest("BNMQwdjAxDJW88MXzadWaDaZwqEyi8k28ZYjrYiYn2xK") retry_cnt=0
2026-05-20T11:12:09.897696Z ERROR iota_benchmark: Transaction failed with err: FailToConfirmTransactionStatus(Digest("G4bVcSjG5oHTF9iKD3TRDzDnYbgWb7jtkEnidCtSpWSY"), 60) tx_digest=Digest("G4bVcSjG5oHTF9iKD3TRDzDnYbgWb7jtkEnidCtSpWSY") retry_cnt=0
2026-05-20T11:12:09.897733Z ERROR iota_benchmark: Transaction failed with err: FailToConfirmTransactionStatus(Digest("28pFWxbFM1SZ5aKiQCy6pFtT4CFDmfwBSQoFHyXv5zxL"), 60) tx_digest=Digest("28pFWxbFM1SZ5aKiQCy6pFtT4CFDmfwBSQoFHyXv5zxL") retry_cnt=0
2026-05-20T11:12:09.897747Z ERROR iota_benchmark: Transaction failed with err: FailToConfirmTransactionStatus(Digest("4oRQR7QDMf9GfuRasTVsAzSBVTFa9KtHxibDS3BcBqai"), 60) tx_digest=Digest("4oRQR7QDMf9GfuRasTVsAzSBVTFa9KtHxibDS3BcBqai") retry_cnt=0
2026-05-20T11:12:09.897850Z ERROR iota_benchmark: Transaction failed with err: FailToConfirmTransactionStatus(Digest("3XCEfzdYQZiK7mDTDSSEYpxkWFLRV7eSGKmxft1PBjyv"), 60) tx_digest=Digest("3XCEfzdYQZiK7mDTDSSEYpxkWFLRV7eSGKmxft1PBjyv") retry_cnt=0
2026-05-20T11:12:09.897895Z ERROR iota_benchmark: Transaction failed with err: FailToConfirmTransactionStatus(Digest("9AtuYhTcabm57WjNV9pVcAsvdwVogUjugzbcJsr4Pebg"), 60) tx_digest=Digest("9AtuYhTcabm57WjNV9pVcAsvdwVogUjugzbcJsr4Pebg") retry_cnt=0
2026-05-20T11:12:09.897911Z ERROR iota_benchmark: Transaction failed with err: FailToConfirmTransactionStatus(Digest("H2WNfReRweyz81SUnNzKmsm3Tsdm8urQiimb53A5pMiU"), 60) tx_digest=Digest("H2WNfReRweyz81SUnNzKmsm3Tsdm8urQiimb53A5pMiU") retry_cnt=0
2026-05-20T11:12:09.897964Z ERROR iota_benchmark: Transaction failed with err: FailToConfirmTransactionStatus(Digest("GpJxgR5qi3XQWUEDiJysHSWn782Gttr84hDN4jHZDxqa"), 60) tx_digest=Digest("GpJxgR5qi3XQWUEDiJysHSWn782Gttr84hDN4jHZDxqa") retry_cnt=0
2026-05-20T11:12:09.898019Z ERROR iota_benchmark: Transaction failed with err: FailToConfirmTransactionStatus(Digest("CNc93DwZq2ggzz1t1dZwr1GrcCDR7BRGcvyHvyr5KqS7"), 60) tx_digest=Digest("CNc93DwZq2ggzz1t1dZwr1GrcCDR7BRGcvyHvyr5KqS7") retry_cnt=0
2026-05-20T11:12:09.898046Z ERROR iota_benchmark: Transaction failed with err: FailToConfirmTransactionStatus(Digest("BSztwdJVUL7UN8HHwq5E3RyMGZEawqxoNLBzksisqNfG"), 60) tx_digest=Digest("BSztwdJVUL7UN8HHwq5E3RyMGZEawqxoNLBzksisqNfG") retry_cnt=0
2026-05-20T11:12:09.898105Z ERROR iota_benchmark: Transaction failed with err: FailToConfirmTransactionStatus(Digest("8uUW4euSy4VXmPfHA7fFrP5YVbjAEQAiP7AoByGzD3Hx"), 60) tx_digest=Digest("8uUW4euSy4VXmPfHA7fFrP5YVbjAEQAiP7AoByGzD3Hx") retry_cnt=0
2026-05-20T11:12:09.898105Z ERROR iota_benchmark: Transaction failed with err: FailToConfirmTransactionStatus(Digest("26jAgNsMFEwavMUb8i7fqRYsN2jGb8HqEEMtXZ8Bc5ix"), 60) tx_digest=Digest("26jAgNsMFEwavMUb8i7fqRYsN2jGb8HqEEMtXZ8Bc5ix") retry_cnt=0
2026-05-20T11:12:09.898191Z ERROR iota_benchmark: Transaction failed with err: FailToConfirmTransactionStatus(Digest("5ka45gHMSochktbS4kj8q9o3zFXMwKdYp5RcLkdxqHND"), 60) tx_digest=Digest("5ka45gHMSochktbS4kj8q9o3zFXMwKdYp5RcLkdxqHND") retry_cnt=0
2026-05-20T11:12:09.898260Z ERROR iota_benchmark: Transaction failed with err: FailToConfirmTransactionStatus(Digest("6KUqp4EPE1M79jCxDKaAb7fG1YEitVTDxNX17RvVdsLS"), 60) tx_digest=Digest("6KUqp4EPE1M79jCxDKaAb7fG1YEitVTDxNX17RvVdsLS") retry_cnt=0
2026-05-20T11:12:09.898329Z ERROR iota_benchmark: Transaction failed with err: FailToConfirmTransactionStatus(Digest("9nb6CDcRZDmxEhtZn6NB7uExeHPGothZttVCTK6xKU6a"), 60) tx_digest=Digest("9nb6CDcRZDmxEhtZn6NB7uExeHPGothZttVCTK6xKU6a") retry_cnt=0
2026-05-20T11:12:09.898332Z ERROR iota_benchmark: Transaction failed with err: FailToConfirmTransactionStatus(Digest("4iZL2EzT1Np2i8sZCitBLvtqWBhZDd3cDASjm1HoKJY3"), 60) tx_digest=Digest("4iZL2EzT1Np2i8sZCitBLvtqWBhZDd3cDASjm1HoKJY3") retry_cnt=0
2026-05-20T11:12:09.898400Z ERROR iota_benchmark: Transaction failed with err: FailToConfirmTransactionStatus(Digest("HK2DQS6SDSJ9nTiLgBCdPPcuNbpyaamKaMo4hyW5GXKt"), 60) tx_digest=Digest("HK2DQS6SDSJ9nTiLgBCdPPcuNbpyaamKaMo4hyW5GXKt") retry_cnt=0
2026-05-20T11:12:09.898455Z ERROR iota_benchmark: Transaction failed with err: FailToConfirmTransactionStatus(Digest("7nAH2LtTuGrbLTCeSVWhz6ZVZDUVz94wgkA9REnjPMEJ"), 60) tx_digest=Digest("7nAH2LtTuGrbLTCeSVWhz6ZVZDUVz94wgkA9REnjPMEJ") retry_cnt=0
2026-05-20T11:12:09.898456Z ERROR iota_benchmark: Transaction failed with err: FailToConfirmTransactionStatus(Digest("JC37iXqo16mz4eiGpvMHhcAHhBXvV5QJzbNvxrUMuceW"), 60) tx_digest=Digest("JC37iXqo16mz4eiGpvMHhcAHhBXvV5QJzbNvxrUMuceW") retry_cnt=0
2026-05-20T11:12:09.898513Z ERROR iota_benchmark: Transaction failed with err: FailToConfirmTransactionStatus(Digest("EGdQhn7S1bkYbYbTMfzMboEfAv4WYiZWtH93SNgK8t9y"), 60) tx_digest=Digest("EGdQhn7S1bkYbYbTMfzMboEfAv4WYiZWtH93SNgK8t9y") retry_cnt=0
2026-05-20T11:12:09.898561Z ERROR iota_benchmark: Transaction failed with err: FailToConfirmTransactionStatus(Digest("4gnzf6XoEHc6JC4XDVC478FGyC3GngXoRrtvPjsiqYAX"), 60) tx_digest=Digest("4gnzf6XoEHc6JC4XDVC478FGyC3GngXoRrtvPjsiqYAX") retry_cnt=0
2026-05-20T11:12:09.898562Z ERROR iota_benchmark: Transaction failed with err: FailToConfirmTransactionStatus(Digest("2CndAxfxEfJhRDhnwq9yAxZPFEvvrSAdNedu3E1vrxou"), 60) tx_digest=Digest("2CndAxfxEfJhRDhnwq9yAxZPFEvvrSAdNedu3E1vrxou") retry_cnt=0
2026-05-20T11:12:09.898625Z ERROR iota_benchmark: Transaction failed with err: FailToConfirmTransactionStatus(Digest("34Qk73sadvs14ESXptzkH24jM4wfxkwCLiHqSsk3FqxG"), 60) tx_digest=Digest("34Qk73sadvs14ESXptzkH24jM4wfxkwCLiHqSsk3FqxG") retry_cnt=0
2026-05-20T11:12:09.898693Z ERROR iota_benchmark: Transaction failed with err: FailToConfirmTransactionStatus(Digest("4qxfkyQT4LcsgzLVbUsbLvHaL7uZo5NXzV3AEkWSqp9y"), 60) tx_digest=Digest("4qxfkyQT4LcsgzLVbUsbLvHaL7uZo5NXzV3AEkWSqp9y") retry_cnt=0
2026-05-20T11:12:09.898736Z ERROR iota_benchmark: Transaction failed with err: FailToConfirmTransactionStatus(Digest("AjnqcLZCxGca8dyjPn1yNR7Ko3JJpQWVcPBEvAj2bwQd"), 60) tx_digest=Digest("AjnqcLZCxGca8dyjPn1yNR7Ko3JJpQWVcPBEvAj2bwQd") retry_cnt=0
2026-05-20T11:12:09.898787Z ERROR iota_benchmark: Transaction failed with err: FailToConfirmTransactionStatus(Digest("CgvPQ79RDwiEkXTR5udFXpTJmVDELNL9g954iuKjr1sY"), 60) tx_digest=Digest("CgvPQ79RDwiEkXTR5udFXpTJmVDELNL9g954iuKjr1sY") retry_cnt=0
2026-05-20T11:12:09.898794Z ERROR iota_benchmark: Transaction failed with err: FailToConfirmTransactionStatus(Digest("7EsYq68RnoAtYc22wuFojKY85xqDoaN3Est6rnc38s7A"), 60) tx_digest=Digest("7EsYq68RnoAtYc22wuFojKY85xqDoaN3Est6rnc38s7A") retry_cnt=0
2026-05-20T11:12:09.898885Z ERROR iota_benchmark: Transaction failed with err: FailToConfirmTransactionStatus(Digest("3w5X5Xx9VjFGRTNiW93GoNvsPJKSBE1w9QyM53VZ1m5x"), 60) tx_digest=Digest("3w5X5Xx9VjFGRTNiW93GoNvsPJKSBE1w9QyM53VZ1m5x") retry_cnt=0
2026-05-20T11:12:09.898966Z ERROR iota_benchmark: Transaction failed with err: FailToConfirmTransactionStatus(Digest("4i4ubyXjqonDmb2wwD32ZUyEKzgtFqthxgG5MQYBysW7"), 60) tx_digest=Digest("4i4ubyXjqonDmb2wwD32ZUyEKzgtFqthxgG5MQYBysW7") retry_cnt=0
2026-05-20T11:12:09.899049Z ERROR iota_benchmark: Transaction failed with err: FailToConfirmTransactionStatus(Digest("3pDCTtMR6hninaMSiKvvhhTtbjKUmRydVj7NLyejVV2Y"), 60) tx_digest=Digest("3pDCTtMR6hninaMSiKvvhhTtbjKUmRydVj7NLyejVV2Y") retry_cnt=0
2026-05-20T11:12:09.899461Z ERROR iota_benchmark: Transaction failed with err: FailToConfirmTransactionStatus(Digest("CBBCEh2rp7CzPxC65P9zmQG9BCNYwXCVwdqR3fVeERJ2"), 60) tx_digest=Digest("CBBCEh2rp7CzPxC65P9zmQG9BCNYwXCVwdqR3fVeERJ2") retry_cnt=0
2026-05-20T11:12:09.899562Z ERROR iota_benchmark: Transaction failed with err: FailToConfirmTransactionStatus(Digest("2EVPf9AL5TgpNKX443trvZmpwb7po23WN6raaAbEVyHA"), 60) tx_digest=Digest("2EVPf9AL5TgpNKX443trvZmpwb7po23WN6raaAbEVyHA") retry_cnt=0
2026-05-20T11:12:09.900885Z ERROR iota_benchmark: Transaction failed with err: FailToConfirmTransactionStatus(Digest("AhJtsFko4m3LkC37FS4EzQdBVAsxV49HjoCCrVyrqVXS"), 60) tx_digest=Digest("AhJtsFko4m3LkC37FS4EzQdBVAsxV49HjoCCrVyrqVXS") retry_cnt=0
2026-05-20T11:12:09.900911Z ERROR iota_benchmark: Transaction failed with err: FailToConfirmTransactionStatus(Digest("13Zt3vrY6kvgRfGmz6T3wPYuTqwFTPpeux2YjmUJR1uX"), 60) tx_digest=Digest("13Zt3vrY6kvgRfGmz6T3wPYuTqwFTPpeux2YjmUJR1uX") retry_cnt=0
2026-05-20T11:12:09.900935Z ERROR iota_benchmark: Transaction failed with err: FailToConfirmTransactionStatus(Digest("JA13tmkqE5A82aBZTCyxg47DgeLeTZNcVkBfGmpX6649"), 60) tx_digest=Digest("JA13tmkqE5A82aBZTCyxg47DgeLeTZNcVkBfGmpX6649") retry_cnt=0
2026-05-20T11:12:09.901040Z ERROR iota_benchmark: Transaction failed with err: FailToConfirmTransactionStatus(Digest("GyZCxdY5qYn5wmFpTDM6a9N5ePhh3bBdSfGpkrJYVRXk"), 60) tx_digest=Digest("GyZCxdY5qYn5wmFpTDM6a9N5ePhh3bBdSfGpkrJYVRXk") retry_cnt=0
2026-05-20T11:12:09.901052Z ERROR iota_benchmark: Transaction failed with err: FailToConfirmTransactionStatus(Digest("CDjCuRQaTUYqU172PxFUxccd4J8s2k6a7owXgF7vVnf4"), 60) tx_digest=Digest("CDjCuRQaTUYqU172PxFUxccd4J8s2k6a7owXgF7vVnf4") retry_cnt=0
2026-05-20T11:12:09.901332Z ERROR iota_benchmark: Transaction failed with err: FailToConfirmTransactionStatus(Digest("DZGYCVDULuJd2cuX1oQUecFz52R5U2TpnfEy8iTYF46y"), 60) tx_digest=Digest("DZGYCVDULuJd2cuX1oQUecFz52R5U2TpnfEy8iTYF46y") retry_cnt=0
2026-05-20T11:12:09.902701Z ERROR iota_benchmark: Transaction failed with err: FailToConfirmTransactionStatus(Digest("HHCksua7hF77qYJy5WTVhQuBRLyyYWamGUejEkGWNBTU"), 60) tx_digest=Digest("HHCksua7hF77qYJy5WTVhQuBRLyyYWamGUejEkGWNBTU") retry_cnt=0
2026-05-20T11:12:09.902700Z ERROR iota_benchmark: Transaction failed with err: FailToConfirmTransactionStatus(Digest("7RZrDuB1hvboWmPRZNsh1gr3UkEgmgwuhpHX4NDRF2RR"), 60) tx_digest=Digest("7RZrDuB1hvboWmPRZNsh1gr3UkEgmgwuhpHX4NDRF2RR") retry_cnt=0
2026-05-20T11:12:09.902712Z ERROR iota_benchmark: Transaction failed with err: FailToConfirmTransactionStatus(Digest("41qV92UShvMAFYrp2RNMSjJfKvEK1LyJguroo9jv5CiW"), 60) tx_digest=Digest("41qV92UShvMAFYrp2RNMSjJfKvEK1LyJguroo9jv5CiW") retry_cnt=0
2026-05-20T11:12:09.902752Z ERROR iota_benchmark: Transaction failed with err: FailToConfirmTransactionStatus(Digest("6M31JnozNUm6U51qS1E4mQoxMwUVeSSYvm1eHLNhRWAU"), 60) tx_digest=Digest("6M31JnozNUm6U51qS1E4mQoxMwUVeSSYvm1eHLNhRWAU") retry_cnt=0
2026-05-20T11:12:09.902896Z ERROR iota_benchmark: Transaction failed with err: FailToConfirmTransactionStatus(Digest("AJY4u3oQ1AvorUqyodV2kehrvtqyfz8Vosko96ET8ZC1"), 60) tx_digest=Digest("AJY4u3oQ1AvorUqyodV2kehrvtqyfz8Vosko96ET8ZC1") retry_cnt=0
2026-05-20T11:12:09.903008Z ERROR iota_benchmark: Transaction failed with err: FailToConfirmTransactionStatus(Digest("BMnynbdAKHG4jpVRYzTNFSGwnpoQ5EZwVrAas7nGjgCf"), 60) tx_digest=Digest("BMnynbdAKHG4jpVRYzTNFSGwnpoQ5EZwVrAas7nGjgCf") retry_cnt=0
2026-05-20T11:12:09.903283Z ERROR iota_benchmark: Transaction failed with err: FailToConfirmTransactionStatus(Digest("7wq69zZoenGLNQa1ogY7N8CYyRPvQdSM5MzFaTzGUBDR"), 60) tx_digest=Digest("7wq69zZoenGLNQa1ogY7N8CYyRPvQdSM5MzFaTzGUBDR") retry_cnt=0
2026-05-20T11:12:09.903315Z ERROR iota_benchmark: Transaction failed with err: FailToConfirmTransactionStatus(Digest("CUu2aCKEoWrCGYgPFHCEJqbQerZND4899VvD5zcfa2gY"), 60) tx_digest=Digest("CUu2aCKEoWrCGYgPFHCEJqbQerZND4899VvD5zcfa2gY") retry_cnt=0
2026-05-20T11:12:09.903402Z ERROR iota_benchmark: Transaction failed with err: FailToConfirmTransactionStatus(Digest("7eTAYJUNm4R2QuSC2LNpTGU1NFKxTVDeuBmiUQ7QbX1Z"), 60) tx_digest=Digest("7eTAYJUNm4R2QuSC2LNpTGU1NFKxTVDeuBmiUQ7QbX1Z") retry_cnt=0
2026-05-20T11:12:09.903490Z ERROR iota_benchmark: Transaction failed with err: FailToConfirmTransactionStatus(Digest("FZZQtn8r9hmQr6MoguQ2N7VXHQUvqgjJ914knThDBvtK"), 60) tx_digest=Digest("FZZQtn8r9hmQr6MoguQ2N7VXHQUvqgjJ914knThDBvtK") retry_cnt=0
2026-05-20T11:12:09.903540Z ERROR iota_benchmark: Transaction failed with err: FailToConfirmTransactionStatus(Digest("Dd2DPrmm3J1TmzviW12Sr1A3P2kjsrkZjV58nSk2ssXC"), 60) tx_digest=Digest("Dd2DPrmm3J1TmzviW12Sr1A3P2kjsrkZjV58nSk2ssXC") retry_cnt=0
2026-05-20T11:12:09.903589Z ERROR iota_benchmark: Transaction failed with err: FailToConfirmTransactionStatus(Digest("7iTu6MTNj97v1W7U3oZZ3imMCgB2SXaauMa9SQDNsSRm"), 60) tx_digest=Digest("7iTu6MTNj97v1W7U3oZZ3imMCgB2SXaauMa9SQDNsSRm") retry_cnt=0
2026-05-20T11:12:09.903618Z ERROR iota_benchmark: Transaction failed with err: FailToConfirmTransactionStatus(Digest("GiCoZ5gziwL8bEdNWSXFPbr269YgFPxRufvPpf26ynNk"), 60) tx_digest=Digest("GiCoZ5gziwL8bEdNWSXFPbr269YgFPxRufvPpf26ynNk") retry_cnt=0
2026-05-20T11:12:09.904348Z ERROR iota_benchmark: Transaction failed with err: FailToConfirmTransactionStatus(Digest("2ZiUs3qd6uW3h3cJgrSWZpQCS6S86Bt7iZ45jbKBRpUH"), 60) tx_digest=Digest("2ZiUs3qd6uW3h3cJgrSWZpQCS6S86Bt7iZ45jbKBRpUH") retry_cnt=0
2026-05-20T11:12:09.904345Z ERROR iota_benchmark: Transaction failed with err: FailToConfirmTransactionStatus(Digest("AzVKEzYbbwvXn7HpWT62xpgvjwqtDG1Pri2jnWUL7kSR"), 60) tx_digest=Digest("AzVKEzYbbwvXn7HpWT62xpgvjwqtDG1Pri2jnWUL7kSR") retry_cnt=0
2026-05-20T11:12:09.904438Z ERROR iota_benchmark: Transaction failed with err: FailToConfirmTransactionStatus(Digest("945BxujwHAa1L5XAz8zox8nxz7bLyvcnJyHgcJe9GSHY"), 60) tx_digest=Digest("945BxujwHAa1L5XAz8zox8nxz7bLyvcnJyHgcJe9GSHY") retry_cnt=0
2026-05-20T11:12:09.904544Z ERROR iota_benchmark: Transaction failed with err: FailToConfirmTransactionStatus(Digest("6dQajihVUzmLtwUD7qUoCGsHNtHTyhXMPK7Kze9azmFw"), 60) tx_digest=Digest("6dQajihVUzmLtwUD7qUoCGsHNtHTyhXMPK7Kze9azmFw") retry_cnt=0
2026-05-20T11:12:09.904728Z ERROR iota_benchmark: Transaction failed with err: FailToConfirmTransactionStatus(Digest("GHFUqeqorzj8ucACrvwJErSBLvHPCMAUgkPhgjtjRaSg"), 60) tx_digest=Digest("GHFUqeqorzj8ucACrvwJErSBLvHPCMAUgkPhgjtjRaSg") retry_cnt=0
2026-05-20T11:12:09.904768Z ERROR iota_benchmark: Transaction failed with err: FailToConfirmTransactionStatus(Digest("CjCf9Jy4nVCvYDgSgczD1CVvvvVtGBjQHdgXZsEWxiQ6"), 60) tx_digest=Digest("CjCf9Jy4nVCvYDgSgczD1CVvvvVtGBjQHdgXZsEWxiQ6") retry_cnt=0
2026-05-20T11:12:09.904842Z ERROR iota_benchmark: Transaction failed with err: FailToConfirmTransactionStatus(Digest("HfnEqjb7zaLLmsJ15iyLDxqBFwP1EtGLaDMCn2RMePTz"), 60) tx_digest=Digest("HfnEqjb7zaLLmsJ15iyLDxqBFwP1EtGLaDMCn2RMePTz") retry_cnt=0
2026-05-20T11:12:09.904930Z ERROR iota_benchmark: Transaction failed with err: FailToConfirmTransactionStatus(Digest("DrxZT8PYQC1XNG7fkdMu2Mp5Yhr46TNb4d5P2DJoVhN2"), 60) tx_digest=Digest("DrxZT8PYQC1XNG7fkdMu2Mp5Yhr46TNb4d5P2DJoVhN2") retry_cnt=0
2026-05-20T11:12:09.904970Z ERROR iota_benchmark: Transaction failed with err: FailToConfirmTransactionStatus(Digest("H72jdWG4eYVGkQgwbDiinhpdMS7nxQztDwfsZE5hQyEp"), 60) tx_digest=Digest("H72jdWG4eYVGkQgwbDiinhpdMS7nxQztDwfsZE5hQyEp") retry_cnt=0
2026-05-20T11:12:09.905111Z ERROR iota_benchmark: Transaction failed with err: FailToConfirmTransactionStatus(Digest("5Ek3RKX2q79tvC9hx9Gy612sLpChMZnwQEXfSgY54imh"), 60) tx_digest=Digest("5Ek3RKX2q79tvC9hx9Gy612sLpChMZnwQEXfSgY54imh") retry_cnt=0
2026-05-20T11:12:09.905168Z ERROR iota_benchmark: Transaction failed with err: FailToConfirmTransactionStatus(Digest("6zTELpXpEHMgPdB77yvsYtDWL1EPRuyBYe2x5LQJoaaN"), 60) tx_digest=Digest("6zTELpXpEHMgPdB77yvsYtDWL1EPRuyBYe2x5LQJoaaN") retry_cnt=0
2026-05-20T11:12:09.905193Z ERROR iota_benchmark: Transaction failed with err: FailToConfirmTransactionStatus(Digest("AEbqGKaC82gLPjkh77t4Ycx9i5s1jNtuHnwUzScy2GT2"), 60) tx_digest=Digest("AEbqGKaC82gLPjkh77t4Ycx9i5s1jNtuHnwUzScy2GT2") retry_cnt=0
2026-05-20T11:12:09.905229Z ERROR iota_benchmark: Transaction failed with err: FailToConfirmTransactionStatus(Digest("EmY92gLRJnF3miPx1vADjnHnWH75EA5hyR69bEr4KpSc"), 60) tx_digest=Digest("EmY92gLRJnF3miPx1vADjnHnWH75EA5hyR69bEr4KpSc") retry_cnt=0
2026-05-20T11:12:09.905258Z ERROR iota_benchmark: Transaction failed with err: FailToConfirmTransactionStatus(Digest("DDeseDJWvnsrfFMFHExpFzw1EcCTeuiyMaUD9SeXstcd"), 60) tx_digest=Digest("DDeseDJWvnsrfFMFHExpFzw1EcCTeuiyMaUD9SeXstcd") retry_cnt=0
2026-05-20T11:12:09.905284Z ERROR iota_benchmark: Transaction failed with err: FailToConfirmTransactionStatus(Digest("6Q4Dq8SLMv1Wv44HYbXiN54qZNvTTFHgNsxzMMUqRWGs"), 60) tx_digest=Digest("6Q4Dq8SLMv1Wv44HYbXiN54qZNvTTFHgNsxzMMUqRWGs") retry_cnt=0
2026-05-20T11:12:09.906088Z ERROR iota_benchmark: Transaction failed with err: FailToConfirmTransactionStatus(Digest("6zB84eUnKYRGgUZ7iheHYGBR28x1ZfKAu4isZEaJ2U7y"), 60) tx_digest=Digest("6zB84eUnKYRGgUZ7iheHYGBR28x1ZfKAu4isZEaJ2U7y") retry_cnt=0
2026-05-20T11:12:09.906098Z ERROR iota_benchmark: Transaction failed with err: FailToConfirmTransactionStatus(Digest("C4ND1wDpW1v5x18Wpu9N3ErSY3NRwbjKk2rW197CENk1"), 60) tx_digest=Digest("C4ND1wDpW1v5x18Wpu9N3ErSY3NRwbjKk2rW197CENk1") retry_cnt=0
2026-05-20T11:12:09.907472Z ERROR iota_benchmark: Transaction failed with err: FailToConfirmTransactionStatus(Digest("Cp6gKFGziWhN5XF4H1j5hLaE2fZ5pbBUfAm7dvV17FpQ"), 60) tx_digest=Digest("Cp6gKFGziWhN5XF4H1j5hLaE2fZ5pbBUfAm7dvV17FpQ") retry_cnt=0
2026-05-20T11:12:09.910247Z ERROR iota_benchmark: Transaction failed with err: FailToConfirmTransactionStatus(Digest("GS3FmiNrJYYT5SeFuaZuJjXctgXTduL3u1rPhVzMEjWh"), 60) tx_digest=Digest("GS3FmiNrJYYT5SeFuaZuJjXctgXTduL3u1rPhVzMEjWh") retry_cnt=0
2026-05-20T11:12:09.910267Z ERROR iota_benchmark: Transaction failed with err: FailToConfirmTransactionStatus(Digest("8rDxNsmh95scGjVRaXfvf9Srb68mrAjtjvspGz3aEjVx"), 60) tx_digest=Digest("8rDxNsmh95scGjVRaXfvf9Srb68mrAjtjvspGz3aEjVx") retry_cnt=0
2026-05-20T11:12:09.910279Z ERROR iota_benchmark: Transaction failed with err: FailToConfirmTransactionStatus(Digest("5ZkhKK6VfF8mkj4twzWTY9UJHmByKuLFM8zy16XbD77e"), 60) tx_digest=Digest("5ZkhKK6VfF8mkj4twzWTY9UJHmByKuLFM8zy16XbD77e") retry_cnt=0
2026-05-20T11:12:09.910448Z ERROR iota_benchmark: Transaction failed with err: FailToConfirmTransactionStatus(Digest("8NNqUiUsvBW41AsZG3SCyNsrvGUNNv9SmAtYjzwBEfYu"), 60) tx_digest=Digest("8NNqUiUsvBW41AsZG3SCyNsrvGUNNv9SmAtYjzwBEfYu") retry_cnt=0
2026-05-20T11:12:09.910839Z ERROR iota_benchmark: Transaction failed with err: FailToConfirmTransactionStatus(Digest("BxtnrZ1EYLKzQLehLmM4N9UzbwutvZw6RpfNajZtZp7K"), 60) tx_digest=Digest("BxtnrZ1EYLKzQLehLmM4N9UzbwutvZw6RpfNajZtZp7K") retry_cnt=0
2026-05-20T11:12:09.911054Z ERROR iota_benchmark: Transaction failed with err: FailToConfirmTransactionStatus(Digest("7VHtw7hsywK3yfM9bvog8gSx95dZeWz1JyUv5VNkvgUB"), 60) tx_digest=Digest("7VHtw7hsywK3yfM9bvog8gSx95dZeWz1JyUv5VNkvgUB") retry_cnt=0
2026-05-20T11:12:09.911216Z ERROR iota_benchmark: Transaction failed with err: FailToConfirmTransactionStatus(Digest("APbtYd7RbuptZgwWc87x9Qv3Bbcn7Br111ECSs2fWA3r"), 60) tx_digest=Digest("APbtYd7RbuptZgwWc87x9Qv3Bbcn7Br111ECSs2fWA3r") retry_cnt=0
2026-05-20T11:12:09.911284Z ERROR iota_benchmark: Transaction failed with err: FailToConfirmTransactionStatus(Digest("2yGY1P4SWFK6X8mCSdUEHF8np4ZMexHf9qcnuJMeTZaF"), 60) tx_digest=Digest("2yGY1P4SWFK6X8mCSdUEHF8np4ZMexHf9qcnuJMeTZaF") retry_cnt=0
2026-05-20T11:12:09.914267Z ERROR iota_benchmark: Transaction failed with err: FailToConfirmTransactionStatus(Digest("5KP2pyaji2tnq9f5yxrvb1eRHpVRA4h2mbPX7PEqqXbM"), 60) tx_digest=Digest("5KP2pyaji2tnq9f5yxrvb1eRHpVRA4h2mbPX7PEqqXbM") retry_cnt=0
2026-05-20T11:12:09.914383Z ERROR iota_benchmark: Transaction failed with err: FailToConfirmTransactionStatus(Digest("F9REJKbmkDrY1sNzJAdF2Wy3SUG6hRfzbi6sZfPUmxbV"), 60) tx_digest=Digest("F9REJKbmkDrY1sNzJAdF2Wy3SUG6hRfzbi6sZfPUmxbV") retry_cnt=0
2026-05-20T11:12:09.914397Z ERROR iota_benchmark: Transaction failed with err: FailToConfirmTransactionStatus(Digest("3KuK4hcb2iFGUEAjrhbUhaW37B4eN8x3neUY8t6CYAmf"), 60) tx_digest=Digest("3KuK4hcb2iFGUEAjrhbUhaW37B4eN8x3neUY8t6CYAmf") retry_cnt=0
2026-05-20T11:12:09.914470Z ERROR iota_benchmark: Transaction failed with err: FailToConfirmTransactionStatus(Digest("8rudMDGdNqDLvM4Ma5N3Y1i6fGmJ6sM3zCgkiBsNppuZ"), 60) tx_digest=Digest("8rudMDGdNqDLvM4Ma5N3Y1i6fGmJ6sM3zCgkiBsNppuZ") retry_cnt=0
2026-05-20T11:12:09.919352Z ERROR iota_benchmark: Transaction failed with err: FailToConfirmTransactionStatus(Digest("81br28rVBFAiFbnfpXnEpic2A3fCS99FtUhAeT6QwrbH"), 60) tx_digest=Digest("81br28rVBFAiFbnfpXnEpic2A3fCS99FtUhAeT6QwrbH") retry_cnt=0
2026-05-20T11:12:09.919352Z ERROR iota_benchmark: Transaction failed with err: FailToConfirmTransactionStatus(Digest("AjSfbVYvLx3zKUDqg8toJdqpM5xQLnFfSt3exo86v5p3"), 60) tx_digest=Digest("AjSfbVYvLx3zKUDqg8toJdqpM5xQLnFfSt3exo86v5p3") retry_cnt=0
2026-05-20T11:12:09.919396Z ERROR iota_benchmark: Transaction failed with err: FailToConfirmTransactionStatus(Digest("42QTKT94Cpc4M5bVLuCbmZdv9TTYNpzD6hTYCrgKYryb"), 60) tx_digest=Digest("42QTKT94Cpc4M5bVLuCbmZdv9TTYNpzD6hTYCrgKYryb") retry_cnt=0
2026-05-20T11:12:09.921044Z ERROR iota_benchmark: Transaction failed with err: Rpc(Transport(Http(Stream(hyper_util::client::legacy::Error(SendRequest, hyper::Error(IncompleteMessage)))))) tx_digest=Digest("JBvdoC1YgWH9xNkqgadmTtYoVWSWBq79Fxq3Ts9PWBw9") retry_cnt=1
2026-05-20T11:12:09.921298Z ERROR iota_benchmark: Transaction failed with err: Rpc(Transport(Http(Stream(hyper_util::client::legacy::Error(SendRequest, hyper::Error(IncompleteMessage)))))) tx_digest=Digest("FduvK1xQQ9V4uGdpjHeEuUxkqMoDTkHTzEG2asZuMDKi") retry_cnt=1
2026-05-20T11:12:09.921296Z ERROR iota_benchmark: Transaction failed with err: FailToConfirmTransactionStatus(Digest("GdZxwN7k8xNseXXu38V54fVH1oEsiSdixMyi7reBWpqX"), 60) tx_digest=Digest("GdZxwN7k8xNseXXu38V54fVH1oEsiSdixMyi7reBWpqX") retry_cnt=0
2026-05-20T11:12:09.922762Z ERROR iota_benchmark: Transaction failed with err: FailToConfirmTransactionStatus(Digest("9yhKHLoXb7wZpJUKToHLZmrqjuxQrAbuF5a68M14LE15"), 60) tx_digest=Digest("9yhKHLoXb7wZpJUKToHLZmrqjuxQrAbuF5a68M14LE15") retry_cnt=0
2026-05-20T11:12:09.923125Z ERROR iota_benchmark: Transaction failed with err: FailToConfirmTransactionStatus(Digest("GAR2AzywChXjTWzLxw52SEitkCCUYXnww1tYBk7cuLRj"), 60) tx_digest=Digest("GAR2AzywChXjTWzLxw52SEitkCCUYXnww1tYBk7cuLRj") retry_cnt=0
2026-05-20T11:12:09.923142Z ERROR iota_benchmark: Transaction failed with err: FailToConfirmTransactionStatus(Digest("HgCRRya2EmEAbigJii2Jz2h56c9PpG9dnG2FSMZHdUJH"), 60) tx_digest=Digest("HgCRRya2EmEAbigJii2Jz2h56c9PpG9dnG2FSMZHdUJH") retry_cnt=0
2026-05-20T11:12:09.923158Z ERROR iota_benchmark: Transaction failed with err: FailToConfirmTransactionStatus(Digest("86RG8ccPQb6Z8fpHm84oEMHtag7yXSTyL8QwLVwRbAkW"), 60) tx_digest=Digest("86RG8ccPQb6Z8fpHm84oEMHtag7yXSTyL8QwLVwRbAkW") retry_cnt=0
2026-05-20T11:12:09.923258Z ERROR iota_benchmark: Transaction failed with err: FailToConfirmTransactionStatus(Digest("DSTPb9CJFtwJBYiHzBQzSpLD22ZWPQ6Gg7WvGcBaz7HU"), 60) tx_digest=Digest("DSTPb9CJFtwJBYiHzBQzSpLD22ZWPQ6Gg7WvGcBaz7HU") retry_cnt=0
2026-05-20T11:12:09.925788Z ERROR iota_benchmark: Transaction failed with err: FailToConfirmTransactionStatus(Digest("9ceVbg3CGbKiajJeByuyUomnCXXkToVwKc7DrCNn5EcF"), 60) tx_digest=Digest("9ceVbg3CGbKiajJeByuyUomnCXXkToVwKc7DrCNn5EcF") retry_cnt=0
2026-05-20T11:12:09.927383Z ERROR iota_benchmark: Transaction failed with err: FailToConfirmTransactionStatus(Digest("4DyitPwfEQvbvvU1b1Vy7y2JXBFEBr6VMtizPxdDAkZR"), 60) tx_digest=Digest("4DyitPwfEQvbvvU1b1Vy7y2JXBFEBr6VMtizPxdDAkZR") retry_cnt=0
2026-05-20T11:12:09.927555Z ERROR iota_benchmark: Transaction failed with err: FailToConfirmTransactionStatus(Digest("2qwtfhQtG75ex2xQyQnRWCTmmT8buedx5g2C3zM9deJN"), 60) tx_digest=Digest("2qwtfhQtG75ex2xQyQnRWCTmmT8buedx5g2C3zM9deJN") retry_cnt=0
2026-05-20T11:12:09.929075Z ERROR iota_benchmark: Transaction failed with err: FailToConfirmTransactionStatus(Digest("CFSVzguGBe2n8CjmvCzBZZwFtMWNRwi2Q5qmjrGUPfss"), 60) tx_digest=Digest("CFSVzguGBe2n8CjmvCzBZZwFtMWNRwi2Q5qmjrGUPfss") retry_cnt=0
2026-05-20T11:12:09.929080Z ERROR iota_benchmark: Transaction failed with err: FailToConfirmTransactionStatus(Digest("NczPi5tf3faEfi3js7YHHu3hXjzauZdTUgW9V8fdcVh"), 60) tx_digest=Digest("NczPi5tf3faEfi3js7YHHu3hXjzauZdTUgW9V8fdcVh") retry_cnt=0
2026-05-20T11:12:09.929143Z ERROR iota_benchmark: Transaction failed with err: FailToConfirmTransactionStatus(Digest("4Zxh4LLqVFvKZ3uoL3DDAFRHZzNG2XXfmN7cuTMJFS9f"), 60) tx_digest=Digest("4Zxh4LLqVFvKZ3uoL3DDAFRHZzNG2XXfmN7cuTMJFS9f") retry_cnt=0
2026-05-20T11:12:09.929285Z ERROR iota_benchmark: Transaction failed with err: FailToConfirmTransactionStatus(Digest("61kmdZEwivtcEgJW2mBjiAG6fRHuEHi1xnHHwjnjSfVu"), 60) tx_digest=Digest("61kmdZEwivtcEgJW2mBjiAG6fRHuEHi1xnHHwjnjSfVu") retry_cnt=0
2026-05-20T11:12:09.932959Z ERROR iota_benchmark: Transaction failed with err: FailToConfirmTransactionStatus(Digest("EppG3PUY2rYeZFJeRqNVmmq1ApcWBBDBi9Ds6eXkueyQ"), 60) tx_digest=Digest("EppG3PUY2rYeZFJeRqNVmmq1ApcWBBDBi9Ds6eXkueyQ") retry_cnt=0
2026-05-20T11:12:09.932959Z ERROR iota_benchmark: Transaction failed with err: FailToConfirmTransactionStatus(Digest("6UmEWL1vuj2Wj9vd8FLvyuraw6iubRBbAVvpBMoLZEZF"), 60) tx_digest=Digest("6UmEWL1vuj2Wj9vd8FLvyuraw6iubRBbAVvpBMoLZEZF") retry_cnt=0
2026-05-20T11:12:09.933284Z ERROR iota_benchmark: Transaction failed with err: FailToConfirmTransactionStatus(Digest("DNRS9mNDsKCTXfWkH9cqbDd62KiHjhww6AJWZMokKS1y"), 60) tx_digest=Digest("DNRS9mNDsKCTXfWkH9cqbDd62KiHjhww6AJWZMokKS1y") retry_cnt=0
2026-05-20T11:12:09.933286Z ERROR iota_benchmark: Transaction failed with err: FailToConfirmTransactionStatus(Digest("CD4bJPBMxqZos2AS8Dgy26H5E516ysxvu5FwbWRvMFN6"), 60) tx_digest=Digest("CD4bJPBMxqZos2AS8Dgy26H5E516ysxvu5FwbWRvMFN6") retry_cnt=0
2026-05-20T11:12:09.933438Z ERROR iota_benchmark: Transaction failed with err: FailToConfirmTransactionStatus(Digest("GhVf4HuytC9wF6zwpJb3K9B9gHr3Bpyi4d8hbez3RwTv"), 60) tx_digest=Digest("GhVf4HuytC9wF6zwpJb3K9B9gHr3Bpyi4d8hbez3RwTv") retry_cnt=0
2026-05-20T11:12:09.933568Z ERROR iota_benchmark: Transaction failed with err: FailToConfirmTransactionStatus(Digest("6Ck9g7ACKn9qoo5qd4XsQj6NuJDFcoSAhSTpRfm6KHJQ"), 60) tx_digest=Digest("6Ck9g7ACKn9qoo5qd4XsQj6NuJDFcoSAhSTpRfm6KHJQ") retry_cnt=0
2026-05-20T11:12:09.933759Z ERROR iota_benchmark: Transaction failed with err: FailToConfirmTransactionStatus(Digest("5V1YFurUwTUGdywX6BXsUCAuaQvaYCfpPXWzmSAMhSHD"), 60) tx_digest=Digest("5V1YFurUwTUGdywX6BXsUCAuaQvaYCfpPXWzmSAMhSHD") retry_cnt=0
2026-05-20T11:12:09.934082Z ERROR iota_benchmark: Transaction failed with err: FailToConfirmTransactionStatus(Digest("5nhTTgtyqw61PcvL8xZzqUvkXokJ6zaxbLDaNjCVtUPr"), 60) tx_digest=Digest("5nhTTgtyqw61PcvL8xZzqUvkXokJ6zaxbLDaNjCVtUPr") retry_cnt=0
2026-05-20T11:12:09.934355Z ERROR iota_benchmark: Transaction failed with err: FailToConfirmTransactionStatus(Digest("EJpCLYGsv3wBWMZqce7jRRR2kFjNJBP9qQvEV3aPBd7V"), 60) tx_digest=Digest("EJpCLYGsv3wBWMZqce7jRRR2kFjNJBP9qQvEV3aPBd7V") retry_cnt=0
2026-05-20T11:12:09.938088Z ERROR iota_benchmark: Transaction failed with err: FailToConfirmTransactionStatus(Digest("5WWERPm4wQSHqv4HmA2iruR9JbCgcAvggtG11H2Mn12m"), 60) tx_digest=Digest("5WWERPm4wQSHqv4HmA2iruR9JbCgcAvggtG11H2Mn12m") retry_cnt=0
2026-05-20T11:12:09.938081Z ERROR iota_benchmark: Transaction failed with err: FailToConfirmTransactionStatus(Digest("8FbCYCZsKAuihT2LRiQKZQRTh8CTm4jHzseuEzdz2kMU"), 60) tx_digest=Digest("8FbCYCZsKAuihT2LRiQKZQRTh8CTm4jHzseuEzdz2kMU") retry_cnt=0
2026-05-20T11:12:09.938081Z ERROR iota_benchmark: Transaction failed with err: FailToConfirmTransactionStatus(Digest("FDP6RSqZDkguktadoN2pTgD9DpTMvpFmneLnK8eErvRi"), 60) tx_digest=Digest("FDP6RSqZDkguktadoN2pTgD9DpTMvpFmneLnK8eErvRi") retry_cnt=0
2026-05-20T11:12:09.938372Z ERROR iota_benchmark: Transaction failed with err: FailToConfirmTransactionStatus(Digest("6syrasKgddDdYHeCGSz5fJhYq8ihKk5QCXdVBZtdypBM"), 60) tx_digest=Digest("6syrasKgddDdYHeCGSz5fJhYq8ihKk5QCXdVBZtdypBM") retry_cnt=0
2026-05-20T11:12:09.992951Z ERROR iota_benchmark: Transaction failed with err: Rpc(Transport(Http(Stream(hyper_util::client::legacy::Error(SendRequest, hyper::Error(IncompleteMessage)))))) tx_digest=Digest("BftkPgWcygVrdy78xfF38yrSsgF3PsJFCbWzvUv3LzSv") retry_cnt=1
2026-05-20T11:12:09.993250Z ERROR iota_benchmark: Transaction failed with err: Rpc(Transport(Http(Stream(hyper_util::client::legacy::Error(SendRequest, hyper::Error(IncompleteMessage)))))) tx_digest=Digest("6nFPM3jeNez2sE3AQUKCASahdosbn6BifwNNxHseA5u") retry_cnt=1
2026-05-20T11:12:09.993373Z ERROR iota_benchmark: Transaction failed with err: Rpc(Transport(Http(Stream(hyper_util::client::legacy::Error(SendRequest, hyper::Error(IncompleteMessage)))))) tx_digest=Digest("EGeQY7QqyCYBkuhz1wE8HKEaMNmEZZxvGy86CfQ597vi") retry_cnt=1
2026-05-20T11:12:09.993503Z ERROR iota_benchmark: Transaction failed with err: Rpc(Transport(Http(Stream(hyper_util::client::legacy::Error(SendRequest, hyper::Error(IncompleteMessage)))))) tx_digest=Digest("Ag2B3VUdBwQgDCmdYT8iNhFu3uwwSGDysYWigFSBpWdV") retry_cnt=1
2026-05-20T11:12:09.993520Z ERROR iota_benchmark: Transaction failed with err: Rpc(Transport(Http(Stream(hyper_util::client::legacy::Error(SendRequest, hyper::Error(IncompleteMessage)))))) tx_digest=Digest("9FCRP6EWGiKZm3BL5kCLxSWMHM8GHm8b7t97Wg1qBr64") retry_cnt=1
2026-05-20T11:12:10.006291Z ERROR iota_benchmark: Transaction failed with err: FailToConfirmTransactionStatus(Digest("HdQAy1wXJ1TojC14nSkEBvyPEDVMvtFkWcF3mZRzCu4x"), 60) tx_digest=Digest("HdQAy1wXJ1TojC14nSkEBvyPEDVMvtFkWcF3mZRzCu4x") retry_cnt=0
2026-05-20T11:12:10.012411Z ERROR iota_benchmark: Transaction failed with err: FailToConfirmTransactionStatus(Digest("4gckLbHHKvhNPstPufKcz3LMqQWhz6sj3LSFYNyQe2UX"), 60) tx_digest=Digest("4gckLbHHKvhNPstPufKcz3LMqQWhz6sj3LSFYNyQe2UX") retry_cnt=0
2026-05-20T11:12:10.023190Z ERROR iota_benchmark: Transaction failed with err: FailToConfirmTransactionStatus(Digest("GbX4EzsLmd258Hvj3jtF11gRMPVF72tmeC9BGZQfaVqL"), 60) tx_digest=Digest("GbX4EzsLmd258Hvj3jtF11gRMPVF72tmeC9BGZQfaVqL") retry_cnt=0
2026-05-20T11:12:10.023210Z ERROR iota_benchmark: Transaction failed with err: FailToConfirmTransactionStatus(Digest("7bkkNyfqFGgAExLB9HNxELuwcyZm52skeEVPEPHSy12r"), 60) tx_digest=Digest("7bkkNyfqFGgAExLB9HNxELuwcyZm52skeEVPEPHSy12r") retry_cnt=0
2026-05-20T11:12:10.023620Z ERROR iota_benchmark: Transaction failed with err: FailToConfirmTransactionStatus(Digest("HFzbBmrHv7fYMXWq9HJjbtKUFy2t7UFfu4yif1f25Lzm"), 60) tx_digest=Digest("HFzbBmrHv7fYMXWq9HJjbtKUFy2t7UFfu4yif1f25Lzm") retry_cnt=0
2026-05-20T11:12:10.076218Z ERROR iota_benchmark: Transaction failed with err: Rpc(Transport(Http(Stream(hyper_util::client::legacy::Error(SendRequest, hyper::Error(IncompleteMessage)))))) tx_digest=Digest("AJxWVvX2G87bGfyFUo1vjYGZ1Pj69bCiPeEB5ahBVsjB") retry_cnt=1
2026-05-20T11:12:10.244388Z ERROR iota_benchmark: Transaction failed with err: Rpc(Transport(Http(Stream(hyper_util::client::legacy::Error(SendRequest, hyper::Error(IncompleteMessage)))))) tx_digest=Digest("5N8USgZLS3KB8EdhwAuwPfYVmfgqjTNdGivzGymm2QSH") retry_cnt=1
2026-05-20T11:12:10.323950Z ERROR iota_benchmark: Transaction failed with err: Rpc(Transport(Http(Stream(hyper_util::client::legacy::Error(SendRequest, hyper::Error(IncompleteMessage)))))) tx_digest=Digest("ELBuNHxBBrGk3dxCJUo6FxpgyQjphKeKkdBe3yv9SYty") retry_cnt=1
2026-05-20T11:12:10.324244Z ERROR iota_benchmark: Transaction failed with err: Rpc(Transport(Http(Stream(hyper_util::client::legacy::Error(SendRequest, hyper::Error(IncompleteMessage)))))) tx_digest=Digest("CCCnm77NmXUoR3kYURDfqYpNxia76Ztn8Yn8AGLwZfx2") retry_cnt=1
2026-05-20T11:12:10.324274Z ERROR iota_benchmark: Transaction failed with err: FailToConfirmTransactionStatus(Digest("BpQMKsTYBvUzT1qYSQoegnm7wbRg3FeqUEzNctJ8tmgf"), 60) tx_digest=Digest("BpQMKsTYBvUzT1qYSQoegnm7wbRg3FeqUEzNctJ8tmgf") retry_cnt=0
2026-05-20T11:12:10.324279Z ERROR iota_benchmark: Transaction failed with err: FailToConfirmTransactionStatus(Digest("99dbLHrBMovAXbAAPZFCDoePfcjC5cVnHkfVpBCjjhXo"), 60) tx_digest=Digest("99dbLHrBMovAXbAAPZFCDoePfcjC5cVnHkfVpBCjjhXo") retry_cnt=0
2026-05-20T11:12:10.324335Z ERROR iota_benchmark: Transaction failed with err: Rpc(Transport(Http(Stream(hyper_util::client::legacy::Error(SendRequest, hyper::Error(IncompleteMessage)))))) tx_digest=Digest("5LT1kHzYF3sexqWuJEL3EEzHcXhqLjUwnWjycF6tdqAX") retry_cnt=1
2026-05-20T11:12:10.324372Z ERROR iota_benchmark: Transaction failed with err: Rpc(Transport(Http(Stream(hyper_util::client::legacy::Error(SendRequest, hyper::Error(IncompleteMessage)))))) tx_digest=Digest("9iG3nHwuJW2SzfL8xx9Yqkm4GBwzvBX2qq6ScmWNVqx4") retry_cnt=1
2026-05-20T11:12:10.324420Z ERROR iota_benchmark: Transaction failed with err: FailToConfirmTransactionStatus(Digest("Asqq2fUsBia4TeYscpn1QnoDeCeszCW71hcdJtJmma6y"), 60) tx_digest=Digest("Asqq2fUsBia4TeYscpn1QnoDeCeszCW71hcdJtJmma6y") retry_cnt=0
2026-05-20T11:12:10.324440Z ERROR iota_benchmark: Transaction failed with err: Rpc(Transport(Http(Stream(hyper_util::client::legacy::Error(SendRequest, hyper::Error(IncompleteMessage)))))) tx_digest=Digest("HjhiLkZDwdeHpXbvDYubJ2FvJb79NM8cUM1PZoPBRDBv") retry_cnt=1
2026-05-20T11:12:10.324495Z ERROR iota_benchmark: Transaction failed with err: FailToConfirmTransactionStatus(Digest("6DMMg2oNEAm4Lp3u246ibGrjPBdJjGRiQBCkrVCcBWdn"), 60) tx_digest=Digest("6DMMg2oNEAm4Lp3u246ibGrjPBdJjGRiQBCkrVCcBWdn") retry_cnt=0
2026-05-20T11:12:10.324499Z ERROR iota_benchmark: Transaction failed with err: FailToConfirmTransactionStatus(Digest("8NAmk7EFv1FVJvTowcg9K9B3P9oKs3vZ75h8Mqes8psi"), 60) tx_digest=Digest("8NAmk7EFv1FVJvTowcg9K9B3P9oKs3vZ75h8Mqes8psi") retry_cnt=0
2026-05-20T11:12:10.324524Z ERROR iota_benchmark: Transaction failed with err: Rpc(Transport(Http(Stream(hyper_util::client::legacy::Error(SendRequest, hyper::Error(IncompleteMessage)))))) tx_digest=Digest("A7cCsa4qbfVsPP8E3e9QAiv57nHcDH2GM8hVfFBwMCzf") retry_cnt=1
2026-05-20T11:12:10.324558Z ERROR iota_benchmark: Transaction failed with err: FailToConfirmTransactionStatus(Digest("Gtj6MM4LgqZvnreA9zPRHXtPjqnfYTMQkWyHV5U4ByLA"), 60) tx_digest=Digest("Gtj6MM4LgqZvnreA9zPRHXtPjqnfYTMQkWyHV5U4ByLA") retry_cnt=0
2026-05-20T11:12:10.324592Z ERROR iota_benchmark: Transaction failed with err: Rpc(Transport(Http(Stream(hyper_util::client::legacy::Error(SendRequest, hyper::Error(IncompleteMessage)))))) tx_digest=Digest("EZ11QSrvysrzrVdditBE9JocQzYAN8AVR3sf24FURZ2M") retry_cnt=1
2026-05-20T11:12:10.324600Z ERROR iota_benchmark: Transaction failed with err: Rpc(Transport(Http(Stream(hyper_util::client::legacy::Error(SendRequest, hyper::Error(IncompleteMessage)))))) tx_digest=Digest("7Au8QbUEdTzRC2yppKdPw4miXttbTmiYit4HJbqk62ZU") retry_cnt=1
2026-05-20T11:12:10.324612Z ERROR iota_benchmark: Transaction failed with err: FailToConfirmTransactionStatus(Digest("4G41roWkyjHk7TstLm6QHDDtAmtir3WzJTF69mA7qVBe"), 60) tx_digest=Digest("4G41roWkyjHk7TstLm6QHDDtAmtir3WzJTF69mA7qVBe") retry_cnt=0
2026-05-20T11:12:10.324661Z ERROR iota_benchmark: Transaction failed with err: Rpc(Transport(Http(Stream(hyper_util::client::legacy::Error(SendRequest, hyper::Error(IncompleteMessage)))))) tx_digest=Digest("FpuhbfmNnR8HqoFQwHXREKB27gm2V3QaikXcPcPe6VnD") retry_cnt=1
2026-05-20T11:12:10.324686Z ERROR iota_benchmark: Transaction failed with err: Rpc(Transport(Http(Stream(hyper_util::client::legacy::Error(SendRequest, hyper::Error(IncompleteMessage)))))) tx_digest=Digest("6eWsFavxNyeBcUr3hp6UrEaksFhtdA1Gi4zDjmaVPc8d") retry_cnt=1
2026-05-20T11:12:10.324805Z ERROR iota_benchmark: Transaction failed with err: Rpc(Transport(Http(Stream(hyper_util::client::legacy::Error(SendRequest, hyper::Error(IncompleteMessage)))))) tx_digest=Digest("Hdv4RPLtWZyXPcCRNTBzPPhv56jiYeNAuNBwnfHJiPVD") retry_cnt=1
2026-05-20T11:12:10.500196Z ERROR iota_benchmark: Transaction failed with err: Rpc(Transport(Http(Stream(hyper_util::client::legacy::Error(SendRequest, hyper::Error(IncompleteMessage)))))) tx_digest=Digest("8T66K6SRoQNoYgkv8xCy18wQviCK783EVv78dRfrn15n") retry_cnt=1
2026-05-20T11:12:10.500196Z ERROR iota_benchmark: Transaction failed with err: Rpc(Transport(Http(Stream(hyper_util::client::legacy::Error(SendRequest, hyper::Error(IncompleteMessage)))))) tx_digest=Digest("6KBPKGLiF8kpdAQBx6UxwZ9YGbhYQEKxAoHeoALNh5vF") retry_cnt=1
2026-05-20T11:12:10.500296Z ERROR iota_benchmark: Transaction failed with err: Rpc(Transport(Http(Stream(hyper_util::client::legacy::Error(SendRequest, hyper::Error(IncompleteMessage)))))) tx_digest=Digest("8ZNaLRs4RsZ1FoE8oXDZgxw9i1fuWJ7C1Y8pa4eZmJHS") retry_cnt=1
2026-05-20T11:12:10.500332Z ERROR iota_benchmark: Transaction failed with err: Rpc(Transport(Http(Stream(hyper_util::client::legacy::Error(SendRequest, hyper::Error(IncompleteMessage)))))) tx_digest=Digest("9BS8aFrgTbYKNuiS482r9K6V1QDcbBz34sD1USbm6bq5") retry_cnt=1
2026-05-20T11:12:10.500439Z ERROR iota_benchmark: Transaction failed with err: Rpc(Transport(Http(Stream(hyper_util::client::legacy::Error(SendRequest, hyper::Error(IncompleteMessage)))))) tx_digest=Digest("7QUMqZcD3JDWu19MRU57UEdfMWJeEm6SvRukX2EemNw3") retry_cnt=1
2026-05-20T11:12:10.500456Z ERROR iota_benchmark: Transaction failed with err: Rpc(Transport(Http(Stream(hyper_util::client::legacy::Error(SendRequest, hyper::Error(IncompleteMessage)))))) tx_digest=Digest("8dgom5ov2pKxcQq3nGjbFwEQNwv7GY6vTaEYmBd134Nv") retry_cnt=1
2026-05-20T11:12:10.500529Z ERROR iota_benchmark: Transaction failed with err: Rpc(Transport(Http(Stream(hyper_util::client::legacy::Error(SendRequest, hyper::Error(IncompleteMessage)))))) tx_digest=Digest("9GnvpWrpiR3Hsrw56wB3nKoacX9zgA3NUG11YpU1xZTh") retry_cnt=1
2026-05-20T11:12:10.500536Z ERROR iota_benchmark: Transaction failed with err: Rpc(Transport(Http(Stream(hyper_util::client::legacy::Error(SendRequest, hyper::Error(IncompleteMessage)))))) tx_digest=Digest("DrujWcUAqdFzQFbeYimpUwV6tkut3pR8RWTy2hPqB8o") retry_cnt=1
2026-05-20T11:12:10.500621Z ERROR iota_benchmark: Transaction failed with err: Rpc(Transport(Http(Stream(hyper_util::client::legacy::Error(SendRequest, hyper::Error(IncompleteMessage)))))) tx_digest=Digest("FHmXUQUTxRqyQC6YP8HNVtosq1jQ2mHcuFoyxdmYGp4S") retry_cnt=1
2026-05-20T11:12:10.500652Z ERROR iota_benchmark: Transaction failed with err: Rpc(Transport(Http(Stream(hyper_util::client::legacy::Error(SendRequest, hyper::Error(IncompleteMessage)))))) tx_digest=Digest("8RDZoz2BXeiNJ83zBGFzhvb5w4Y1XLDAKCNKmY3nw4ac") retry_cnt=1
2026-05-20T11:12:10.500678Z ERROR iota_benchmark: Transaction failed with err: Rpc(Transport(Http(Stream(hyper_util::client::legacy::Error(SendRequest, hyper::Error(IncompleteMessage)))))) tx_digest=Digest("EqCXqXP8cF6LFy3hA2nfaKY7BtJkdRpiMbeXo3biRaFz") retry_cnt=1
2026-05-20T11:12:10.500679Z ERROR iota_benchmark: Transaction failed with err: Rpc(Transport(Http(Stream(hyper_util::client::legacy::Error(SendRequest, hyper::Error(IncompleteMessage)))))) tx_digest=Digest("BVGhssqByr5tJoeUEdxT4onnHAss6ss5A6YcDH49tLMj") retry_cnt=1
2026-05-20T11:12:10.500778Z ERROR iota_benchmark: Transaction failed with err: Rpc(Transport(Http(Stream(hyper_util::client::legacy::Error(SendRequest, hyper::Error(IncompleteMessage)))))) tx_digest=Digest("7Go8sgHQAiTnVSGL437hQyoncbmZEVU8qFkv1tLmreF6") retry_cnt=1
2026-05-20T11:12:10.500852Z ERROR iota_benchmark: Transaction failed with err: Rpc(Transport(Http(Stream(hyper_util::client::legacy::Error(SendRequest, hyper::Error(IncompleteMessage)))))) tx_digest=Digest("J8fgkK1L9SffsmAeo6dJjDpCjxXTqVzUjbYFkTAGptJj") retry_cnt=1
2026-05-20T11:12:10.500888Z ERROR iota_benchmark: Transaction failed with err: Rpc(Transport(Http(Stream(hyper_util::client::legacy::Error(SendRequest, hyper::Error(IncompleteMessage)))))) tx_digest=Digest("CaoRMDDtWVBjhSmXuoPjynuDx7mqBkeRnwUHtL3Ro4QC") retry_cnt=1
2026-05-20T11:12:10.500945Z ERROR iota_benchmark: Transaction failed with err: Rpc(Transport(Http(Stream(hyper_util::client::legacy::Error(SendRequest, hyper::Error(IncompleteMessage)))))) tx_digest=Digest("7R1Q1Y2L4VE9bwceHjc8oAPdBomAqEW6CRZRQQGNWF97") retry_cnt=1
2026-05-20T11:12:10.500925Z ERROR iota_benchmark: Transaction failed with err: Rpc(Transport(Http(Stream(hyper_util::client::legacy::Error(SendRequest, hyper::Error(IncompleteMessage)))))) tx_digest=Digest("E97QaXjWt6DKRj6VhCrbr4Q9eAcEDtrLZaY7CjC6XsJr") retry_cnt=1
2026-05-20T11:12:10.501028Z ERROR iota_benchmark: Transaction failed with err: Rpc(Transport(Http(Stream(hyper_util::client::legacy::Error(SendRequest, hyper::Error(IncompleteMessage)))))) tx_digest=Digest("4p5dwC7Py3RJuzkkgznHXCyqBS7exRCvRQ3LioPtdNJQ") retry_cnt=1
2026-05-20T11:12:10.501038Z ERROR iota_benchmark: Transaction failed with err: Rpc(Transport(Http(Stream(hyper_util::client::legacy::Error(SendRequest, hyper::Error(IncompleteMessage)))))) tx_digest=Digest("J4YTnwrktEJTvTuYJAm67qSGWTF8HDXNxwmEjTbbZaFK") retry_cnt=1
2026-05-20T11:12:10.501121Z ERROR iota_benchmark: Transaction failed with err: Rpc(Transport(Http(Stream(hyper_util::client::legacy::Error(SendRequest, hyper::Error(IncompleteMessage)))))) tx_digest=Digest("ErQWca4nuRHjsW4v8T8SUnqHVQmTW6foeJJcemqdgGdc") retry_cnt=1
2026-05-20T11:12:10.501145Z ERROR iota_benchmark: Transaction failed with err: Rpc(Transport(Http(Stream(hyper_util::client::legacy::Error(SendRequest, hyper::Error(IncompleteMessage)))))) tx_digest=Digest("9Mirj1z5LRQChm2DfFK3BCN4iThKrzCgLigzGBySd8EG") retry_cnt=1
2026-05-20T11:12:10.501215Z ERROR iota_benchmark: Transaction failed with err: Rpc(Transport(Http(Stream(hyper_util::client::legacy::Error(SendRequest, hyper::Error(IncompleteMessage)))))) tx_digest=Digest("ENQ61oDmg5JYWvztRzgMiGKEaYYybMKcMdQE1c6PsKUp") retry_cnt=1
2026-05-20T11:12:10.501229Z ERROR iota_benchmark: Transaction failed with err: Rpc(Transport(Http(Stream(hyper_util::client::legacy::Error(SendRequest, hyper::Error(IncompleteMessage)))))) tx_digest=Digest("ELQYjjpqqn8Nn8s9ERUA8a6Fr5KWLqBfFmGyTD7xamQ1") retry_cnt=1
2026-05-20T11:12:10.501285Z ERROR iota_benchmark: Transaction failed with err: Rpc(Transport(Http(Stream(hyper_util::client::legacy::Error(SendRequest, hyper::Error(IncompleteMessage)))))) tx_digest=Digest("GJGLfUh3pWut9s5ZBKSZWdjPhASWtrYpX6EvPZhVDwEi") retry_cnt=1
2026-05-20T11:12:10.501312Z ERROR iota_benchmark: Transaction failed with err: Rpc(Transport(Http(Stream(hyper_util::client::legacy::Error(SendRequest, hyper::Error(IncompleteMessage)))))) tx_digest=Digest("C4EAQs3oFVwrPGypAKbfi3Rr3GSdrGRnKJczb3cK3iX9") retry_cnt=1
2026-05-20T11:12:10.501387Z ERROR iota_benchmark: Transaction failed with err: Rpc(Transport(Http(Stream(hyper_util::client::legacy::Error(SendRequest, hyper::Error(IncompleteMessage)))))) tx_digest=Digest("8Jq7TBaXjpF5f9BMgXXMibrnxw5zp5ZNfnimrUEzDpCY") retry_cnt=1
2026-05-20T11:12:10.501394Z ERROR iota_benchmark: Transaction failed with err: Rpc(Transport(Http(Stream(hyper_util::client::legacy::Error(SendRequest, hyper::Error(IncompleteMessage)))))) tx_digest=Digest("AF5HLEe2s6cUcko11FRPArHaxhoDaAQDCeqMmD2iQwnM") retry_cnt=1
2026-05-20T11:12:10.501465Z ERROR iota_benchmark: Transaction failed with err: Rpc(Transport(Http(Stream(hyper_util::client::legacy::Error(SendRequest, hyper::Error(IncompleteMessage)))))) tx_digest=Digest("EiBu3rh3Vxk1kJVso9BYup5FnzaeHWWEXoZBRgqwJw9o") retry_cnt=1
2026-05-20T11:12:10.501470Z ERROR iota_benchmark: Transaction failed with err: Rpc(Transport(Http(Stream(hyper_util::client::legacy::Error(SendRequest, hyper::Error(IncompleteMessage)))))) tx_digest=Digest("2wWo9mv6iC2TgMAxmmFZDvmKLN5DPvFU1r74y8aNmxtV") retry_cnt=1
2026-05-20T11:12:10.501544Z ERROR iota_benchmark: Transaction failed with err: Rpc(Transport(Http(Stream(hyper_util::client::legacy::Error(SendRequest, hyper::Error(IncompleteMessage)))))) tx_digest=Digest("FWN53DzaMVXRyvTieQXZ7uZBosQ1xFhG66iE1RDLC9ze") retry_cnt=1
2026-05-20T11:12:10.501568Z ERROR iota_benchmark: Transaction failed with err: Rpc(Transport(Http(Stream(hyper_util::client::legacy::Error(SendRequest, hyper::Error(IncompleteMessage)))))) tx_digest=Digest("Em9NUQPsD9tzNurXTJVFTFM4gLgUd9aCQfSZktE46eWm") retry_cnt=1
2026-05-20T11:12:10.501620Z ERROR iota_benchmark: Transaction failed with err: Rpc(Transport(Http(Stream(hyper_util::client::legacy::Error(SendRequest, hyper::Error(IncompleteMessage)))))) tx_digest=Digest("9y1958HyJ3hLJPF17WurMBpzAhRnC1iqaA8jgocD5qtM") retry_cnt=1
2026-05-20T11:12:10.501648Z ERROR iota_benchmark: Transaction failed with err: Rpc(Transport(Http(Stream(hyper_util::client::legacy::Error(SendRequest, hyper::Error(IncompleteMessage)))))) tx_digest=Digest("CWBEc8zDZfb33uazN3VMmdgm3LrunLVwqsRSHroFpheK") retry_cnt=1
2026-05-20T11:12:10.501703Z ERROR iota_benchmark: Transaction failed with err: Rpc(Transport(Http(Stream(hyper_util::client::legacy::Error(SendRequest, hyper::Error(IncompleteMessage)))))) tx_digest=Digest("GFyWHH42wGHftGVhekbvW9J5cBJtFDtweLLWr29hK4te") retry_cnt=1
2026-05-20T11:12:10.501734Z ERROR iota_benchmark: Transaction failed with err: Rpc(Transport(Http(Stream(hyper_util::client::legacy::Error(SendRequest, hyper::Error(IncompleteMessage)))))) tx_digest=Digest("9GvH6VFeD1K8gHJDKRr1FkbtQkKYREDdLePN9rr1daxk") retry_cnt=1
2026-05-20T11:12:10.501799Z ERROR iota_benchmark: Transaction failed with err: Rpc(Transport(Http(Stream(hyper_util::client::legacy::Error(SendRequest, hyper::Error(IncompleteMessage)))))) tx_digest=Digest("38BzH44mJPMRDUyZBscuEfUjf1sGb8wdxN7K1zdMCufD") retry_cnt=1
2026-05-20T11:12:10.501813Z ERROR iota_benchmark: Transaction failed with err: Rpc(Transport(Http(Stream(hyper_util::client::legacy::Error(SendRequest, hyper::Error(IncompleteMessage)))))) tx_digest=Digest("BsK9R4FLY7LZCSzFbA9fBgefYBeyTACmXdY9zCYHGyro") retry_cnt=1
2026-05-20T11:12:10.501908Z ERROR iota_benchmark: Transaction failed with err: Rpc(Transport(Http(Stream(hyper_util::client::legacy::Error(SendRequest, hyper::Error(IncompleteMessage)))))) tx_digest=Digest("HhfEvzmDETLMu7yeavxdReAEGCaxVVWjDbn3bzEWXU7b") retry_cnt=1
2026-05-20T11:12:10.502114Z ERROR iota_benchmark: Transaction failed with err: Rpc(Transport(Http(Stream(hyper_util::client::legacy::Error(SendRequest, hyper::Error(IncompleteMessage)))))) tx_digest=Digest("DfLd6vJWWQB5Z3NRWSwQ5wwgogHJ6wb15YtuH7QgfWst") retry_cnt=1
2026-05-20T11:12:10.502229Z ERROR iota_benchmark: Transaction failed with err: Rpc(Transport(Http(Stream(hyper_util::client::legacy::Error(SendRequest, hyper::Error(IncompleteMessage)))))) tx_digest=Digest("E5shZ7v9VGQnoL5bgZTeR3KvRK3UCpJFQ9ZwsR1tMC65") retry_cnt=1
2026-05-20T11:12:10.502438Z ERROR iota_benchmark: Transaction failed with err: Rpc(Transport(Http(Stream(hyper_util::client::legacy::Error(SendRequest, hyper::Error(IncompleteMessage)))))) tx_digest=Digest("7iR81LQnD97pFzu2vLB7a4p4tLNfLy5Xiz7v7GjLvBhN") retry_cnt=1
2026-05-20T11:12:10.502424Z ERROR iota_benchmark: Transaction failed with err: Rpc(Transport(Http(Stream(hyper_util::client::legacy::Error(SendRequest, hyper::Error(IncompleteMessage)))))) tx_digest=Digest("4hw4cUZzNx9PZRKFJ4vdxKQ8vwciwM6pacbhNyood4Wa") retry_cnt=1
2026-05-20T11:12:10.502533Z ERROR iota_benchmark: Transaction failed with err: Rpc(Transport(Http(Stream(hyper_util::client::legacy::Error(SendRequest, hyper::Error(IncompleteMessage)))))) tx_digest=Digest("Ai7yDJcDULfABUHwYaA31goTduL8g8FSDFSMDFPhikri") retry_cnt=1
2026-05-20T11:12:10.502534Z ERROR iota_benchmark: Transaction failed with err: Rpc(Transport(Http(Stream(hyper_util::client::legacy::Error(SendRequest, hyper::Error(IncompleteMessage)))))) tx_digest=Digest("8mvAboMHJTaM8bPGdMRLfHUXujs8jD4n2YhtjdMPPZGG") retry_cnt=1
2026-05-20T11:12:10.502613Z ERROR iota_benchmark: Transaction failed with err: Rpc(Transport(Http(Stream(hyper_util::client::legacy::Error(SendRequest, hyper::Error(IncompleteMessage)))))) tx_digest=Digest("GNRpdPd51mLTZKx4w4YH8bdQUKUBVf2bbJmdaCHHNZEb") retry_cnt=1
2026-05-20T11:12:10.502619Z ERROR iota_benchmark: Transaction failed with err: Rpc(Transport(Http(Stream(hyper_util::client::legacy::Error(SendRequest, hyper::Error(IncompleteMessage)))))) tx_digest=Digest("3uDtEWUJTLqCFWycnMSsuEvmPYxN1G2W2qeafXmGkawg") retry_cnt=1
2026-05-20T11:12:10.502728Z ERROR iota_benchmark: Transaction failed with err: Rpc(Transport(Http(Stream(hyper_util::client::legacy::Error(SendRequest, hyper::Error(IncompleteMessage)))))) tx_digest=Digest("9PHuNEmufHRULHZjiXjwmwrnUFyKNuPc8dVdW4xbAexV") retry_cnt=1
2026-05-20T11:12:10.502736Z ERROR iota_benchmark: Transaction failed with err: Rpc(Transport(Http(Stream(hyper_util::client::legacy::Error(SendRequest, hyper::Error(IncompleteMessage)))))) tx_digest=Digest("AaVHBPbQAWBUqqDK5efDYgxAnjBVtsCRAjtNZsXgVHXu") retry_cnt=1
2026-05-20T11:12:10.502765Z ERROR iota_benchmark: Transaction failed with err: Rpc(Transport(Http(Stream(hyper_util::client::legacy::Error(SendRequest, hyper::Error(IncompleteMessage)))))) tx_digest=Digest("AqHgFsKcFoFchi7G4MXmhcRRpryv9VqHwdx3vNorufro") retry_cnt=1
2026-05-20T11:12:10.502834Z ERROR iota_benchmark: Transaction failed with err: Rpc(Transport(Http(Stream(hyper_util::client::legacy::Error(SendRequest, hyper::Error(IncompleteMessage)))))) tx_digest=Digest("HXZU7JErphWaGQVNNBfmCxwhve4mvqkuHcrhNqhABuyn") retry_cnt=1
2026-05-20T11:12:10.502847Z ERROR iota_benchmark: Transaction failed with err: Rpc(Transport(Http(Stream(hyper_util::client::legacy::Error(SendRequest, hyper::Error(IncompleteMessage)))))) tx_digest=Digest("FVcMftH7btbnimAxkCthMdiEerj5rbTkBUsVxYNXF6mT") retry_cnt=1
2026-05-20T11:12:10.502900Z ERROR iota_benchmark: Transaction failed with err: Rpc(Transport(Http(Stream(hyper_util::client::legacy::Error(SendRequest, hyper::Error(IncompleteMessage)))))) tx_digest=Digest("BMX8N14Zu3ofj1E5bFsefgKUTfc8zwrXvNZP9LMBYfpY") retry_cnt=1
2026-05-20T11:12:10.504327Z ERROR iota_benchmark: Transaction failed with err: Rpc(Transport(Http(Stream(hyper_util::client::legacy::Error(SendRequest, hyper::Error(IncompleteMessage)))))) tx_digest=Digest("G34p8BkwAYJPz9tPdVYsX8WHanyJpKLj3vEUrMx9VWew") retry_cnt=1
2026-05-20T11:12:10.504546Z ERROR iota_benchmark: Transaction failed with err: Rpc(Transport(Http(Stream(hyper_util::client::legacy::Error(SendRequest, hyper::Error(IncompleteMessage)))))) tx_digest=Digest("GeWNhsGNxh7ESPnfjH3mTxSxNQkoRLZbeY3t8eDe4sfh") retry_cnt=1
2026-05-20T11:12:10.504648Z ERROR iota_benchmark: Transaction failed with err: Rpc(Transport(Http(Stream(hyper_util::client::legacy::Error(SendRequest, hyper::Error(IncompleteMessage)))))) tx_digest=Digest("5Zw4tJ3sJGF2dQmKqbwJACK53DboTBDouT2dexNTSqEt") retry_cnt=1
2026-05-20T11:12:10.504721Z ERROR iota_benchmark: Transaction failed with err: Rpc(Transport(Http(Stream(hyper_util::client::legacy::Error(SendRequest, hyper::Error(IncompleteMessage)))))) tx_digest=Digest("9YpwvVDe2A4ibGE8Sywa5YDMk1z1jmCS4H8ii9rMgU86") retry_cnt=1
2026-05-20T11:12:10.504777Z ERROR iota_benchmark: Transaction failed with err: Rpc(Transport(Http(Stream(hyper_util::client::legacy::Error(SendRequest, hyper::Error(IncompleteMessage)))))) tx_digest=Digest("24ZfC1kQWdk7kR3KnuPWCzqnH3XTX24xwUsHTZbmLjQ4") retry_cnt=1
2026-05-20T11:12:10.505056Z ERROR iota_benchmark: Transaction failed with err: Rpc(Transport(Http(Stream(hyper_util::client::legacy::Error(SendRequest, hyper::Error(IncompleteMessage)))))) tx_digest=Digest("AWQ7nBZ89hbA22eTMX6xoPZq3nPWtnWG56zoYpajvRsf") retry_cnt=1
2026-05-20T11:12:10.570648Z ERROR iota_benchmark: Transaction failed with err: Rpc(Transport(Http(Stream(hyper_util::client::legacy::Error(SendRequest, hyper::Error(IncompleteMessage)))))) tx_digest=Digest("4Bq6PX9wJChsNgjsbp1b7gSeybKLPEMqpsNqmhBmHgmi") retry_cnt=1
2026-05-20T11:12:10.570663Z ERROR iota_benchmark: Transaction failed with err: Rpc(Call(ErrorObject { code: ServerError(-32050), message: "Transaction timed out before reaching finality", data: None })) tx_digest=Digest("Gz9d6Rqv4PKJgt6pgDE7djEX5nuqjZRv5es6ixXjtuU1") retry_cnt=0
2026-05-20T11:12:10.570677Z ERROR iota_benchmark: Transaction failed with err: Rpc(Transport(Http(Stream(hyper_util::client::legacy::Error(SendRequest, hyper::Error(IncompleteMessage)))))) tx_digest=Digest("C1n8YoMAhR1mgnDpAorXndV23bXtmaDcYGEeGwk8xwqo") retry_cnt=1
2026-05-20T11:12:10.570739Z ERROR iota_benchmark: Transaction failed with err: Rpc(Transport(Http(Stream(hyper_util::client::legacy::Error(SendRequest, hyper::Error(IncompleteMessage)))))) tx_digest=Digest("AUWfzSbm2U44ncc4vK5QLmxaHM7vpSZgpb6r1qgVCAi4") retry_cnt=1
2026-05-20T11:12:10.570781Z ERROR iota_benchmark: Transaction failed with err: Rpc(Transport(Http(Stream(hyper_util::client::legacy::Error(SendRequest, hyper::Error(IncompleteMessage)))))) tx_digest=Digest("5v5LR9QhMXwCxbsnpry2picfTYGB4cHW8rxKfupA3oLd") retry_cnt=1
2026-05-20T11:12:10.570960Z ERROR iota_benchmark: Transaction failed with err: Rpc(Transport(Http(Stream(hyper_util::client::legacy::Error(SendRequest, hyper::Error(IncompleteMessage)))))) tx_digest=Digest("5jVUgUxrZy27QED8hE5UpmKqAvxoCzjixLuJJG8Td77z") retry_cnt=1
2026-05-20T11:12:10.571005Z ERROR iota_benchmark: Transaction failed with err: Rpc(Transport(Http(Stream(hyper_util::client::legacy::Error(SendRequest, hyper::Error(IncompleteMessage)))))) tx_digest=Digest("6jWzkhm3EAGV8bSQqxSU91rethk9xaM9m6wPSRs4ZNof") retry_cnt=1
2026-05-20T11:12:10.571077Z ERROR iota_benchmark: Transaction failed with err: Rpc(Transport(Http(Stream(hyper_util::client::legacy::Error(SendRequest, hyper::Error(IncompleteMessage)))))) tx_digest=Digest("AiAWirSkMfruwvXprYHVCjgKriu5MXXfvFWcA7hU3jGi") retry_cnt=1
2026-05-20T11:12:10.571041Z ERROR iota_benchmark: Transaction failed with err: Rpc(Transport(Http(Stream(hyper_util::client::legacy::Error(SendRequest, hyper::Error(IncompleteMessage)))))) tx_digest=Digest("2WbUMQAt1sWp3dPnUVFGbVfeoju4hMQi9DoiF8Rq8HPt") retry_cnt=1
2026-05-20T11:12:10.571398Z ERROR iota_benchmark: Transaction failed with err: Rpc(Transport(Http(Stream(hyper_util::client::legacy::Error(SendRequest, hyper::Error(IncompleteMessage)))))) tx_digest=Digest("DTvHUMzzqG24YRvbYHaaDdnoSoQs9byy7yYhgWC62mir") retry_cnt=1
2026-05-20T11:12:10.571521Z ERROR iota_benchmark: Transaction failed with err: Rpc(Transport(Http(Stream(hyper_util::client::legacy::Error(SendRequest, hyper::Error(IncompleteMessage)))))) tx_digest=Digest("Ax74gCfkpunrfdhBP2CUCZtjUMkMjhRT15gqbYvR2gdK") retry_cnt=2
2026-05-20T11:12:10.571624Z ERROR iota_benchmark: Transaction failed with err: Rpc(Transport(Http(Stream(hyper_util::client::legacy::Error(SendRequest, hyper::Error(IncompleteMessage)))))) tx_digest=Digest("E564hDHhY2Lyb2FeeLEoQi2eVG8nCm4JQQDnCmPhLhME") retry_cnt=1
2026-05-20T11:12:10.571772Z ERROR iota_benchmark: Transaction failed with err: Rpc(Transport(Http(Stream(hyper_util::client::legacy::Error(SendRequest, hyper::Error(IncompleteMessage)))))) tx_digest=Digest("DDGNHgi8ax2fNc5E2hUcaz5cje8iKdNFJ7m88QeiGGj9") retry_cnt=1
2026-05-20T11:12:10.571894Z ERROR iota_benchmark: Transaction failed with err: Rpc(Transport(Http(Stream(hyper_util::client::legacy::Error(SendRequest, hyper::Error(IncompleteMessage)))))) tx_digest=Digest("GUdhF5rg3PM9kXGAbxPm9esFXbpiMmpyBU3jRsBNt9Ez") retry_cnt=1
2026-05-20T11:12:10.572004Z ERROR iota_benchmark: Transaction failed with err: Rpc(Transport(Http(Stream(hyper_util::client::legacy::Error(SendRequest, hyper::Error(IncompleteMessage)))))) tx_digest=Digest("28f69bmxyb6P8fYSdGtbHLmsTazoCf962EnMTspLVhvN") retry_cnt=1
2026-05-20T11:12:10.572046Z ERROR iota_benchmark: Transaction failed with err: Rpc(Transport(Http(Stream(hyper_util::client::legacy::Error(SendRequest, hyper::Error(IncompleteMessage)))))) tx_digest=Digest("3Nvf1eu4S7f8Ef1Xbv4HzbUMXYZrQ5W5mAv99mtWonN2") retry_cnt=1
2026-05-20T11:12:10.572097Z ERROR iota_benchmark: Transaction failed with err: Rpc(Transport(Http(Stream(hyper_util::client::legacy::Error(SendRequest, hyper::Error(IncompleteMessage)))))) tx_digest=Digest("DEkcrDNZ2bWeoioSL8UYhkCmrzwdN24XcgyVe49gKTfF") retry_cnt=1
2026-05-20T11:12:10.572113Z ERROR iota_benchmark: Transaction failed with err: Rpc(Transport(Http(Stream(hyper_util::client::legacy::Error(SendRequest, hyper::Error(IncompleteMessage)))))) tx_digest=Digest("2aJCcetVzjeWL3y4KTudRDVReUJuAb5ma9WrjjyDSeid") retry_cnt=1
2026-05-20T11:12:10.572171Z ERROR iota_benchmark: Transaction failed with err: Rpc(Transport(Http(Stream(hyper_util::client::legacy::Error(SendRequest, hyper::Error(IncompleteMessage)))))) tx_digest=Digest("DbusQ177Hd7DHT6xiWMcn4xAvGjMFQ35gPgW3jNjmuTY") retry_cnt=1
2026-05-20T11:12:10.572214Z ERROR iota_benchmark: Transaction failed with err: Rpc(Transport(Http(Stream(hyper_util::client::legacy::Error(SendRequest, hyper::Error(IncompleteMessage)))))) tx_digest=Digest("8MwkZrryLk5HmpHy7P18sPRbbK5gvpYhGfmZs47XqyTp") retry_cnt=1
2026-05-20T11:12:10.572238Z ERROR iota_benchmark: Transaction failed with err: Rpc(Transport(Http(Stream(hyper_util::client::legacy::Error(SendRequest, hyper::Error(IncompleteMessage)))))) tx_digest=Digest("ErVfSJk78d2kfKKD5N61TsPP1Qn4PzwQR4nvjnnWvm8t") retry_cnt=1
2026-05-20T11:12:10.572320Z ERROR iota_benchmark: Transaction failed with err: Rpc(Transport(Http(Stream(hyper_util::client::legacy::Error(SendRequest, hyper::Error(IncompleteMessage)))))) tx_digest=Digest("4iBxDP8UXorZPbrxqTrbAQjm9kMHXQ8uaKUahXHrm9nt") retry_cnt=1
2026-05-20T11:12:10.572389Z ERROR iota_benchmark: Transaction failed with err: Rpc(Transport(Http(Stream(hyper_util::client::legacy::Error(SendRequest, hyper::Error(IncompleteMessage)))))) tx_digest=Digest("4mdLYuo4eGNTnj5TJkxziM9C8x1fZLigtsGLSXXzaSUN") retry_cnt=1
2026-05-20T11:12:10.572545Z ERROR iota_benchmark: Transaction failed with err: Rpc(Transport(Http(Stream(hyper_util::client::legacy::Error(SendRequest, hyper::Error(IncompleteMessage)))))) tx_digest=Digest("jgD3Spe93Jq1fY8aPXo9FC3UnXhj29AxT8nLbTkRn44") retry_cnt=1
2026-05-20T11:12:10.572887Z ERROR iota_benchmark: Transaction failed with err: Rpc(Transport(Http(Stream(hyper_util::client::legacy::Error(SendRequest, hyper::Error(IncompleteMessage)))))) tx_digest=Digest("733n4VGBwcj3JsZ6UopeyrseothM22zn3M2Rp5k7giVe") retry_cnt=1
2026-05-20T11:12:10.573231Z ERROR iota_benchmark: Transaction failed with err: Rpc(Transport(Http(Stream(hyper_util::client::legacy::Error(SendRequest, hyper::Error(IncompleteMessage)))))) tx_digest=Digest("Bm5kj9Zx7yqD4mNrUVVQWxZdv6qM5h7AiPGhSCJmRrfq") retry_cnt=1
2026-05-20T11:12:10.573307Z ERROR iota_benchmark: Transaction failed with err: Rpc(Transport(Http(Stream(hyper_util::client::legacy::Error(SendRequest, hyper::Error(IncompleteMessage)))))) tx_digest=Digest("EAYZqH3PXL4xaZCDEWe7qFBaxCe6iKpRwyWof8fi4E9z") retry_cnt=1
2026-05-20T11:12:10.573313Z ERROR iota_benchmark: Transaction failed with err: Rpc(Transport(Http(Stream(hyper_util::client::legacy::Error(SendRequest, hyper::Error(IncompleteMessage)))))) tx_digest=Digest("AJAo8BZL5dw5JK2y2kYdYBHp2xpRJUfYhCnrDJZ5Tnqh") retry_cnt=1
2026-05-20T11:12:10.573380Z ERROR iota_benchmark: Transaction failed with err: Rpc(Transport(Http(Stream(hyper_util::client::legacy::Error(SendRequest, hyper::Error(IncompleteMessage)))))) tx_digest=Digest("GbxnBXPB4kgUbFVP6YmwhvHHgJUFGAwnEfXYFicTtNwy") retry_cnt=1
2026-05-20T11:12:10.573389Z ERROR iota_benchmark: Transaction failed with err: Rpc(Transport(Http(Stream(hyper_util::client::legacy::Error(SendRequest, hyper::Error(IncompleteMessage)))))) tx_digest=Digest("Cb1ezU6BtEVoVNDZ2tG1NwdyTgLT9NfmRR8DBb7QoA58") retry_cnt=1
2026-05-20T11:12:10.573456Z ERROR iota_benchmark: Transaction failed with err: Rpc(Transport(Http(Stream(hyper_util::client::legacy::Error(SendRequest, hyper::Error(IncompleteMessage)))))) tx_digest=Digest("CgG3RoN9eRGuCaxofj7UPtthaH2JWBXTptUbzzEZSYUB") retry_cnt=1
2026-05-20T11:12:10.573512Z ERROR iota_benchmark: Transaction failed with err: Rpc(Transport(Http(Stream(hyper_util::client::legacy::Error(SendRequest, hyper::Error(IncompleteMessage)))))) tx_digest=Digest("GFkeB426RnReAYrZV6QN21Ch4h9RBXkawcbWCS2vdjEm") retry_cnt=1
2026-05-20T11:12:10.573570Z ERROR iota_benchmark: Transaction failed with err: Rpc(Transport(Http(Stream(hyper_util::client::legacy::Error(SendRequest, hyper::Error(IncompleteMessage)))))) tx_digest=Digest("DqQmBqg5eGwUkMc8WZTTgrqVyfkdV251Db1o4M4mTkgA") retry_cnt=1
2026-05-20T11:12:10.573623Z ERROR iota_benchmark: Transaction failed with err: Rpc(Transport(Http(Stream(hyper_util::client::legacy::Error(SendRequest, hyper::Error(IncompleteMessage)))))) tx_digest=Digest("Hi1WkRQBYHQw73ZYZTdsqwkkzEyAVZ25VCoyjVNA5rmU") retry_cnt=1
2026-05-20T11:12:10.573684Z ERROR iota_benchmark: Transaction failed with err: Rpc(Transport(Http(Stream(hyper_util::client::legacy::Error(SendRequest, hyper::Error(IncompleteMessage)))))) tx_digest=Digest("FZ79kUNnBgMc6szQukt7iE1u4fs67iRWDuMQJaGCmRZg") retry_cnt=1
2026-05-20T11:12:10.573703Z ERROR iota_benchmark: Transaction failed with err: Rpc(Transport(Http(Stream(hyper_util::client::legacy::Error(SendRequest, hyper::Error(IncompleteMessage)))))) tx_digest=Digest("9yYVDqpBfLjNP4rzE96Y4uJ4wD1NZy3knx7hsNfw6QKC") retry_cnt=1
2026-05-20T11:12:10.573742Z ERROR iota_benchmark: Transaction failed with err: Rpc(Transport(Http(Stream(hyper_util::client::legacy::Error(SendRequest, hyper::Error(IncompleteMessage)))))) tx_digest=Digest("8CW1M6UTnQtT5Tzc9VTAgCXg9Xms9AkkGdnPPYYXk9A3") retry_cnt=1
2026-05-20T11:12:10.573894Z ERROR iota_benchmark: Transaction failed with err: Rpc(Transport(Http(Stream(hyper_util::client::legacy::Error(SendRequest, hyper::Error(IncompleteMessage)))))) tx_digest=Digest("Y5ucEigkGykyZhJFDrxjgsZwbHZF35UcBE4WnkvzAxZ") retry_cnt=1
2026-05-20T11:12:10.573957Z ERROR iota_benchmark: Transaction failed with err: Rpc(Transport(Http(Stream(hyper_util::client::legacy::Error(SendRequest, hyper::Error(IncompleteMessage)))))) tx_digest=Digest("64gWnhV9cUsC1cSBd6KBKsWCDVjTHBL6UWi9vAzas4BX") retry_cnt=1
2026-05-20T11:12:10.573988Z ERROR iota_benchmark: Transaction failed with err: Rpc(Transport(Http(Stream(hyper_util::client::legacy::Error(SendRequest, hyper::Error(IncompleteMessage)))))) tx_digest=Digest("8WpYafrALupxgKjxebfxo5k7mNDtGzYT5fMQfdaxDeT") retry_cnt=1
2026-05-20T11:12:10.574043Z ERROR iota_benchmark: Transaction failed with err: Rpc(Transport(Http(Stream(hyper_util::client::legacy::Error(SendRequest, hyper::Error(IncompleteMessage)))))) tx_digest=Digest("42jKypjwxLh3UrJ8b4UE7zyRDy49xV3rLusPmNnc9X4d") retry_cnt=1
2026-05-20T11:12:10.574094Z ERROR iota_benchmark: Transaction failed with err: Rpc(Transport(Http(Stream(hyper_util::client::legacy::Error(SendRequest, hyper::Error(IncompleteMessage)))))) tx_digest=Digest("HLr4i8EWkqg8ifVL4ocweb3PbH7htNZpPLbCvnwRoCHZ") retry_cnt=1
2026-05-20T11:12:10.574123Z ERROR iota_benchmark: Transaction failed with err: Rpc(Transport(Http(Stream(hyper_util::client::legacy::Error(SendRequest, hyper::Error(IncompleteMessage)))))) tx_digest=Digest("4TPxwPsHqRogfPpqCHXVQXrdWALaoDS8VQazcLqQ68aV") retry_cnt=1
2026-05-20T11:12:10.574146Z ERROR iota_benchmark: Transaction failed with err: Rpc(Transport(Http(Stream(hyper_util::client::legacy::Error(SendRequest, hyper::Error(IncompleteMessage)))))) tx_digest=Digest("8Msi1gjAmP8xY2oPQTHfPgjVaquvZgKiLyk9ywkwYbjE") retry_cnt=1
2026-05-20T11:12:10.574206Z ERROR iota_benchmark: Transaction failed with err: Rpc(Transport(Http(Stream(hyper_util::client::legacy::Error(SendRequest, hyper::Error(IncompleteMessage)))))) tx_digest=Digest("HSUdo4NXxKs7FTDGZXA5Vpd4yP6SyfjiJvGm3os8srdr") retry_cnt=1
2026-05-20T11:12:10.574215Z ERROR iota_benchmark: Transaction failed with err: Rpc(Transport(Http(Stream(hyper_util::client::legacy::Error(SendRequest, hyper::Error(IncompleteMessage)))))) tx_digest=Digest("931dYMxpoQWHQnA3JfB9ZshXPDwH4euzLSHWCHWRM7gT") retry_cnt=1
2026-05-20T11:12:10.574256Z ERROR iota_benchmark: Transaction failed with err: Rpc(Transport(Http(Stream(hyper_util::client::legacy::Error(SendRequest, hyper::Error(IncompleteMessage)))))) tx_digest=Digest("9MD4eERdNoPLejcnVR4Se2Kh5kJcEJCwEVbeY9DTd3VY") retry_cnt=1
2026-05-20T11:12:10.574271Z ERROR iota_benchmark: Transaction failed with err: Rpc(Transport(Http(Stream(hyper_util::client::legacy::Error(SendRequest, hyper::Error(IncompleteMessage)))))) tx_digest=Digest("6Q6euza5VxVEGZSUwH2wESBc3B3XVT2SLNzPVAvB7Kmz") retry_cnt=1
2026-05-20T11:12:10.574312Z ERROR iota_benchmark: Transaction failed with err: Rpc(Transport(Http(Stream(hyper_util::client::legacy::Error(SendRequest, hyper::Error(IncompleteMessage)))))) tx_digest=Digest("5H9fySgFVkz4EThKxiMYAa3jnDKME6NQMi4oTuxKifvP") retry_cnt=1
2026-05-20T11:12:10.574327Z ERROR iota_benchmark: Transaction failed with err: Rpc(Transport(Http(Stream(hyper_util::client::legacy::Error(SendRequest, hyper::Error(IncompleteMessage)))))) tx_digest=Digest("EAJVqj1Rx7huBUob2Q8n4CSivmC4SANC6xEaon8QdiAE") retry_cnt=1
2026-05-20T11:12:10.574368Z ERROR iota_benchmark: Transaction failed with err: Rpc(Transport(Http(Stream(hyper_util::client::legacy::Error(SendRequest, hyper::Error(IncompleteMessage)))))) tx_digest=Digest("tsiGx4WHcQuGwGocZWNAVi7JSEqE27ywGzP9rmULuMk") retry_cnt=1
2026-05-20T11:12:10.574389Z ERROR iota_benchmark: Transaction failed with err: Rpc(Transport(Http(Stream(hyper_util::client::legacy::Error(SendRequest, hyper::Error(IncompleteMessage)))))) tx_digest=Digest("Bba5HLs5upB8rFkv41bx6GuKLdpzhgbgvhxsMDQC68mt") retry_cnt=1
2026-05-20T11:12:10.574419Z ERROR iota_benchmark: Transaction failed with err: Rpc(Transport(Http(Stream(hyper_util::client::legacy::Error(SendRequest, hyper::Error(IncompleteMessage)))))) tx_digest=Digest("CdWmYQt6QFYB5qGaUZjiahdreuyU9AcLdSbVVUZyEaXN") retry_cnt=1
2026-05-20T11:12:10.574443Z ERROR iota_benchmark: Transaction failed with err: Rpc(Transport(Http(Stream(hyper_util::client::legacy::Error(SendRequest, hyper::Error(IncompleteMessage)))))) tx_digest=Digest("CXbgQCQNi8Qum6B2HY5FWUWNcYNGetUVnVDDvebzzwvZ") retry_cnt=1
2026-05-20T11:12:10.574492Z ERROR iota_benchmark: Transaction failed with err: Rpc(Transport(Http(Stream(hyper_util::client::legacy::Error(SendRequest, hyper::Error(IncompleteMessage)))))) tx_digest=Digest("Fv7R5au3oLYWC28DCgzyaeRApcBaHtTeRzyo22mxNkro") retry_cnt=1
2026-05-20T11:12:10.574499Z ERROR iota_benchmark: Transaction failed with err: Rpc(Transport(Http(Stream(hyper_util::client::legacy::Error(SendRequest, hyper::Error(IncompleteMessage)))))) tx_digest=Digest("HETK4vk7kKGmfdaAAXPmLxq8FDG2gUeBZ2DMCEtR2Dzh") retry_cnt=1
2026-05-20T11:12:10.574549Z ERROR iota_benchmark: Transaction failed with err: Rpc(Transport(Http(Stream(hyper_util::client::legacy::Error(SendRequest, hyper::Error(IncompleteMessage)))))) tx_digest=Digest("97JvWwMkxFSSx7AYu8HNF81ipw8yuqA2BaX81eqk2ivB") retry_cnt=1
2026-05-20T11:12:10.574607Z ERROR iota_benchmark: Transaction failed with err: Rpc(Transport(Http(Stream(hyper_util::client::legacy::Error(SendRequest, hyper::Error(IncompleteMessage)))))) tx_digest=Digest("Gro6K3Y7R76pkm2zVKC5BDKFZbZoyFr1pvrqr3nnx5Yt") retry_cnt=1
2026-05-20T11:12:10.574626Z ERROR iota_benchmark: Transaction failed with err: Rpc(Transport(Http(Stream(hyper_util::client::legacy::Error(SendRequest, hyper::Error(IncompleteMessage)))))) tx_digest=Digest("GtsyAbodromx7f1FF1GaM1rrh6igZvJibxE2dxbvWigQ") retry_cnt=1
2026-05-20T11:12:10.574662Z ERROR iota_benchmark: Transaction failed with err: Rpc(Transport(Http(Stream(hyper_util::client::legacy::Error(SendRequest, hyper::Error(IncompleteMessage)))))) tx_digest=Digest("3qDMsm6QmgpRoZEyBh9AtCPy6FQqnCDNPS6YYQGZnj1V") retry_cnt=1
2026-05-20T11:12:10.574678Z ERROR iota_benchmark: Transaction failed with err: Rpc(Transport(Http(Stream(hyper_util::client::legacy::Error(SendRequest, hyper::Error(IncompleteMessage)))))) tx_digest=Digest("Gs68VxcAMtda4y5qh7xz2fsLzV7nqA2KpEEsTr4abY7s") retry_cnt=1
2026-05-20T11:12:10.574782Z ERROR iota_benchmark: Transaction failed with err: Rpc(Transport(Http(Stream(hyper_util::client::legacy::Error(SendRequest, hyper::Error(IncompleteMessage)))))) tx_digest=Digest("9M5sRSVZYuisWHJB1AfXjpRe1LmoJrrEiuExadoLXtpL") retry_cnt=1
2026-05-20T11:12:10.574834Z ERROR iota_benchmark: Transaction failed with err: Rpc(Transport(Http(Stream(hyper_util::client::legacy::Error(SendRequest, hyper::Error(IncompleteMessage)))))) tx_digest=Digest("85dcQtXpvfUVBkeJBwcU6Dz8ypZi6rmiBKYcuHaHoBUa") retry_cnt=1
2026-05-20T11:12:10.574855Z ERROR iota_benchmark: Transaction failed with err: Rpc(Transport(Http(Stream(hyper_util::client::legacy::Error(SendRequest, hyper::Error(IncompleteMessage)))))) tx_digest=Digest("AxUkuhJjggbSgoi6AwxuKJmtafVipeKjq2vUQXCtyCrF") retry_cnt=1
2026-05-20T11:12:10.574896Z ERROR iota_benchmark: Transaction failed with err: Rpc(Transport(Http(Stream(hyper_util::client::legacy::Error(SendRequest, hyper::Error(IncompleteMessage)))))) tx_digest=Digest("67SguzLE3tbBtDBvSsWYyFtZjfk79kFrcbgxBzXgVUrH") retry_cnt=1
2026-05-20T11:12:10.574932Z ERROR iota_benchmark: Transaction failed with err: Rpc(Transport(Http(Stream(hyper_util::client::legacy::Error(SendRequest, hyper::Error(IncompleteMessage)))))) tx_digest=Digest("BDk6d4EGbB85R4tkervnKjsizLD4Mqk1RmJdpoS5CEgR") retry_cnt=1
2026-05-20T11:12:10.574949Z ERROR iota_benchmark: Transaction failed with err: Rpc(Transport(Http(Stream(hyper_util::client::legacy::Error(SendRequest, hyper::Error(IncompleteMessage)))))) tx_digest=Digest("AYvqomwUJrAazi7WDWEEApGhhbPjVJ1Z6cLGKsC5JWcD") retry_cnt=1
2026-05-20T11:12:10.574984Z ERROR iota_benchmark: Transaction failed with err: Rpc(Transport(Http(Stream(hyper_util::client::legacy::Error(SendRequest, hyper::Error(IncompleteMessage)))))) tx_digest=Digest("Gmm53Xgd8reKZBJts96C72MKBrY4BuALCMmqmHPJd4uj") retry_cnt=1
2026-05-20T11:12:10.574998Z ERROR iota_benchmark: Transaction failed with err: Rpc(Transport(Http(Stream(hyper_util::client::legacy::Error(SendRequest, hyper::Error(IncompleteMessage)))))) tx_digest=Digest("FZdDy8kesUSzt5iuZFPFmSVRxp3TPqpZtUecfLnKyFvx") retry_cnt=1
2026-05-20T11:12:10.575035Z ERROR iota_benchmark: Transaction failed with err: Rpc(Transport(Http(Stream(hyper_util::client::legacy::Error(SendRequest, hyper::Error(IncompleteMessage)))))) tx_digest=Digest("HDi79hAkdQuuPzzouGCkz3fHZSRCN3JMX1SdirynA3NQ") retry_cnt=1
2026-05-20T11:12:10.575146Z ERROR iota_benchmark: Transaction failed with err: Rpc(Transport(Http(Stream(hyper_util::client::legacy::Error(SendRequest, hyper::Error(IncompleteMessage)))))) tx_digest=Digest("7jjYQ5h563BdykyW17Le8yQGxxU1CGjciidicVdSSarE") retry_cnt=1
2026-05-20T11:12:10.575185Z ERROR iota_benchmark: Transaction failed with err: Rpc(Transport(Http(Stream(hyper_util::client::legacy::Error(SendRequest, hyper::Error(IncompleteMessage)))))) tx_digest=Digest("HQVGNt82HjVSGJDKdMcJcLRVbA88e8rFgaEidXhcNpMt") retry_cnt=1
2026-05-20T11:12:10.575203Z ERROR iota_benchmark: Transaction failed with err: Rpc(Transport(Http(Stream(hyper_util::client::legacy::Error(SendRequest, hyper::Error(IncompleteMessage)))))) tx_digest=Digest("FUqphoUwUfReuUvshfA9ZAVbnXkvefKL3KLuboE98FhA") retry_cnt=1
2026-05-20T11:12:10.575242Z ERROR iota_benchmark: Transaction failed with err: Rpc(Transport(Http(Stream(hyper_util::client::legacy::Error(SendRequest, hyper::Error(IncompleteMessage)))))) tx_digest=Digest("DLM3wJ9mCKWYPPNRr2YexYujV7RcnRq5XeYhcNqTt2rY") retry_cnt=1
2026-05-20T11:12:10.575255Z ERROR iota_benchmark: Transaction failed with err: Rpc(Transport(Http(Stream(hyper_util::client::legacy::Error(SendRequest, hyper::Error(IncompleteMessage)))))) tx_digest=Digest("3pMji26dcBAB2Pxbjm3yTN2AAmZZAKi9eoZVLSchMBE3") retry_cnt=1
2026-05-20T11:12:10.575291Z ERROR iota_benchmark: Transaction failed with err: Rpc(Transport(Http(Stream(hyper_util::client::legacy::Error(SendRequest, hyper::Error(IncompleteMessage)))))) tx_digest=Digest("3MQKYg6z3er6Vky2KSTBNZgLnRhEuCChr7ZzwHJpdoZR") retry_cnt=1
2026-05-20T11:12:10.575312Z ERROR iota_benchmark: Transaction failed with err: Rpc(Transport(Http(Stream(hyper_util::client::legacy::Error(SendRequest, hyper::Error(IncompleteMessage)))))) tx_digest=Digest("4b5oWLqy7z2XgcUYWK85x5Vp7FDhpksnwCttUnb6BFF2") retry_cnt=1
2026-05-20T11:12:10.575345Z ERROR iota_benchmark: Transaction failed with err: Rpc(Transport(Http(Stream(hyper_util::client::legacy::Error(SendRequest, hyper::Error(IncompleteMessage)))))) tx_digest=Digest("3Q9HiRVJmpgLPCggGsq7eDVE1aAojeSjawSfyDGHLCFG") retry_cnt=1
2026-05-20T11:12:10.575372Z ERROR iota_benchmark: Transaction failed with err: Rpc(Transport(Http(Stream(hyper_util::client::legacy::Error(SendRequest, hyper::Error(IncompleteMessage)))))) tx_digest=Digest("HpJX99qmGVNG9maLBzxh2JV2ngSp7J1ekZYwfSysZL1v") retry_cnt=1
2026-05-20T11:12:10.575391Z ERROR iota_benchmark: Transaction failed with err: Rpc(Transport(Http(Stream(hyper_util::client::legacy::Error(SendRequest, hyper::Error(IncompleteMessage)))))) tx_digest=Digest("3GLRiWK57KbLBJmpkSzYtnvqtLnhu4PhYxZLcmFZtwSE") retry_cnt=1
2026-05-20T11:12:10.575431Z ERROR iota_benchmark: Transaction failed with err: Rpc(Transport(Http(Stream(hyper_util::client::legacy::Error(SendRequest, hyper::Error(IncompleteMessage)))))) tx_digest=Digest("6K4dY8GYFpnzSyQmTe7vB4kCwZhnSh4Q25J5Mn8FtU3N") retry_cnt=1
2026-05-20T11:12:10.575468Z ERROR iota_benchmark: Transaction failed with err: Rpc(Transport(Http(Stream(hyper_util::client::legacy::Error(SendRequest, hyper::Error(IncompleteMessage)))))) tx_digest=Digest("Ho2pN6mScgTnJvAUps1Qfig73XLe8K6Btc6SChnRTAWK") retry_cnt=1
2026-05-20T11:12:10.575528Z ERROR iota_benchmark: Transaction failed with err: Rpc(Transport(Http(Stream(hyper_util::client::legacy::Error(SendRequest, hyper::Error(IncompleteMessage)))))) tx_digest=Digest("HXv7c14C9eJysLai4o6N68LmrNnvCJjK1dfQWZpSq5eR") retry_cnt=1
2026-05-20T11:12:10.575594Z ERROR iota_benchmark: Transaction failed with err: Rpc(Transport(Http(Stream(hyper_util::client::legacy::Error(SendRequest, hyper::Error(IncompleteMessage)))))) tx_digest=Digest("2efZ5Ff1DNDdiFA3wxTg6HfFRQuXRGmvqjxH92rTQ4NT") retry_cnt=1
2026-05-20T11:12:10.575600Z ERROR iota_benchmark: Transaction failed with err: Rpc(Transport(Http(Stream(hyper_util::client::legacy::Error(SendRequest, hyper::Error(IncompleteMessage)))))) tx_digest=Digest("7bHNopCX8gXKrbhDb88yy5FtkUibszpzzKrsWHRUVVsZ") retry_cnt=1
2026-05-20T11:12:10.575647Z ERROR iota_benchmark: Transaction failed with err: Rpc(Transport(Http(Stream(hyper_util::client::legacy::Error(SendRequest, hyper::Error(IncompleteMessage)))))) tx_digest=Digest("AWyquDCPKqkMSTDwecjTC2et2GLk1bPUfqp8NQeusvYg") retry_cnt=1
2026-05-20T11:12:10.575661Z ERROR iota_benchmark: Transaction failed with err: Rpc(Transport(Http(Stream(hyper_util::client::legacy::Error(SendRequest, hyper::Error(IncompleteMessage)))))) tx_digest=Digest("FGLEC83b35hcnwnWwP464rxAokKepmQAuCMeX3S2cp7G") retry_cnt=1
2026-05-20T11:12:10.575703Z ERROR iota_benchmark: Transaction failed with err: Rpc(Transport(Http(Stream(hyper_util::client::legacy::Error(SendRequest, hyper::Error(IncompleteMessage)))))) tx_digest=Digest("GXoxM25HdvGHjpcT6UZrJoL2MvQsDCQmnb5gvkZRykg3") retry_cnt=1
2026-05-20T11:12:10.575712Z ERROR iota_benchmark: Transaction failed with err: Rpc(Transport(Http(Stream(hyper_util::client::legacy::Error(SendRequest, hyper::Error(IncompleteMessage)))))) tx_digest=Digest("BE8htRhdV37CjGpSN5UhRv5FbJydmTG65NSNaEfUoQCM") retry_cnt=1
2026-05-20T11:12:10.575772Z ERROR iota_benchmark: Transaction failed with err: Rpc(Transport(Http(Stream(hyper_util::client::legacy::Error(SendRequest, hyper::Error(IncompleteMessage)))))) tx_digest=Digest("D27kAvEcXa6kb8HVRCQL128bhTCUaurhJoEcEja78xya") retry_cnt=1
2026-05-20T11:12:10.575780Z ERROR iota_benchmark: Transaction failed with err: Rpc(Transport(Http(Stream(hyper_util::client::legacy::Error(SendRequest, hyper::Error(IncompleteMessage)))))) tx_digest=Digest("3JvgxxwjbXm8WLvRib5uz6cmKQW6xBHV7x36xnY2acCq") retry_cnt=1
2026-05-20T11:12:10.575838Z ERROR iota_benchmark: Transaction failed with err: Rpc(Transport(Http(Stream(hyper_util::client::legacy::Error(SendRequest, hyper::Error(IncompleteMessage)))))) tx_digest=Digest("6CnHUVUr6BsvY6LHJHuo6fSprqC3xBNM11qvXt3K5jri") retry_cnt=1
2026-05-20T11:12:10.575856Z ERROR iota_benchmark: Transaction failed with err: Rpc(Transport(Http(Stream(hyper_util::client::legacy::Error(SendRequest, hyper::Error(IncompleteMessage)))))) tx_digest=Digest("4BtiM8PiXmDC9uF49xfmH9LhwCpd7VYxCXBAmSieXiCL") retry_cnt=1
2026-05-20T11:12:10.575905Z ERROR iota_benchmark: Transaction failed with err: Rpc(Transport(Http(Stream(hyper_util::client::legacy::Error(SendRequest, hyper::Error(IncompleteMessage)))))) tx_digest=Digest("FkiteepDx3iKh5aujJpk4jPwjdibs9itcNefw9onGSag") retry_cnt=1
2026-05-20T11:12:10.576103Z ERROR iota_benchmark: Transaction failed with err: Rpc(Transport(Http(Stream(hyper_util::client::legacy::Error(SendRequest, hyper::Error(IncompleteMessage)))))) tx_digest=Digest("EbB6L77ajAe85nx1QJRA1tDkTKAyHFTHrKu4mAv5iFHw") retry_cnt=1
2026-05-20T11:12:10.576184Z ERROR iota_benchmark: Transaction failed with err: Rpc(Transport(Http(Stream(hyper_util::client::legacy::Error(SendRequest, hyper::Error(IncompleteMessage)))))) tx_digest=Digest("CyoAbxHTPVGDrc9sddGRmqtyA8Uyk4zjydXA9z5A5ua1") retry_cnt=1
2026-05-20T11:12:10.576266Z ERROR iota_benchmark: Transaction failed with err: Rpc(Transport(Http(Stream(hyper_util::client::legacy::Error(SendRequest, hyper::Error(IncompleteMessage)))))) tx_digest=Digest("A2ppNoTBz3GRz9noU6LoG7s2FQUXc3gdbTvn4G75vbW") retry_cnt=1
2026-05-20T11:12:10.577504Z ERROR iota_benchmark: Transaction failed with err: Rpc(Transport(Http(Stream(hyper_util::client::legacy::Error(SendRequest, hyper::Error(IncompleteMessage)))))) tx_digest=Digest("78ERGCNyEpNNVC5cbbtesSaofYeDbSVg57MtwkMVs5eD") retry_cnt=1
2026-05-20T11:12:10.577573Z ERROR iota_benchmark: Transaction failed with err: Rpc(Transport(Http(Stream(hyper_util::client::legacy::Error(SendRequest, hyper::Error(IncompleteMessage)))))) tx_digest=Digest("9UHP4h9JjqP65YxTyqJLRNLADYGZeCVC2pyRYFWzpXbm") retry_cnt=1
2026-05-20T11:12:10.577631Z ERROR iota_benchmark: Transaction failed with err: Rpc(Transport(Http(Stream(hyper_util::client::legacy::Error(SendRequest, hyper::Error(IncompleteMessage)))))) tx_digest=Digest("7EPDnuSudjHSQSjPK6xXswCJ7pFpsuBfZcXesx5K7k5h") retry_cnt=1
2026-05-20T11:12:10.577639Z ERROR iota_benchmark: Transaction failed with err: Rpc(Transport(Http(Stream(hyper_util::client::legacy::Error(SendRequest, hyper::Error(IncompleteMessage)))))) tx_digest=Digest("3B8wpfw3LPEou4EmrpWkqwDwGDusWCsEJyAaHVk7hdG8") retry_cnt=1
2026-05-20T11:12:10.577696Z ERROR iota_benchmark: Transaction failed with err: Rpc(Transport(Http(Stream(hyper_util::client::legacy::Error(SendRequest, hyper::Error(IncompleteMessage)))))) tx_digest=Digest("3fD3Dog4hKtZAdM9t1idDckqU9kc81V89qMcAzrjqtH2") retry_cnt=1
2026-05-20T11:12:10.577711Z ERROR iota_benchmark: Transaction failed with err: Rpc(Transport(Http(Stream(hyper_util::client::legacy::Error(SendRequest, hyper::Error(IncompleteMessage)))))) tx_digest=Digest("ENZSEm2u6qFqLsaJpaysjaxyMpS99vPCWqac6JGeUQmW") retry_cnt=1
2026-05-20T11:12:10.577762Z ERROR iota_benchmark: Transaction failed with err: Rpc(Transport(Http(Stream(hyper_util::client::legacy::Error(SendRequest, hyper::Error(IncompleteMessage)))))) tx_digest=Digest("7ik85SAudUJi6hCEdi35cV5gYGU8sDHpGVtBh4jVAiG6") retry_cnt=1
2026-05-20T11:12:10.577773Z ERROR iota_benchmark: Transaction failed with err: Rpc(Transport(Http(Stream(hyper_util::client::legacy::Error(SendRequest, hyper::Error(IncompleteMessage)))))) tx_digest=Digest("46XKuDhh5uC1syGz9kgtnPvyDXdohjYxoRwBVb32EJhh") retry_cnt=1
2026-05-20T11:12:10.577822Z ERROR iota_benchmark: Transaction failed with err: Rpc(Transport(Http(Stream(hyper_util::client::legacy::Error(SendRequest, hyper::Error(IncompleteMessage)))))) tx_digest=Digest("D843TVNwz459P93VrLjrwti15Zo7R7VAFhNcf8WtdqvX") retry_cnt=1
2026-05-20T11:12:10.577833Z ERROR iota_benchmark: Transaction failed with err: Rpc(Transport(Http(Stream(hyper_util::client::legacy::Error(SendRequest, hyper::Error(IncompleteMessage)))))) tx_digest=Digest("9r7afsojgEA7XjM7Hz5Wtvv4ZvQHxSqLPpm2UX51Ao2f") retry_cnt=1
2026-05-20T11:12:10.577878Z ERROR iota_benchmark: Transaction failed with err: Rpc(Transport(Http(Stream(hyper_util::client::legacy::Error(SendRequest, hyper::Error(IncompleteMessage)))))) tx_digest=Digest("8wqMevei3tqz5vAPidH1WWXwxER7uVivo88YqNnPyV3i") retry_cnt=1
2026-05-20T11:12:10.577891Z ERROR iota_benchmark: Transaction failed with err: Rpc(Transport(Http(Stream(hyper_util::client::legacy::Error(SendRequest, hyper::Error(IncompleteMessage)))))) tx_digest=Digest("8X3sjzA5XMFyqQ6eWk5kGkTsPLp4k4j4jheAhWueUhGX") retry_cnt=1
2026-05-20T11:12:10.577952Z ERROR iota_benchmark: Transaction failed with err: Rpc(Transport(Http(Stream(hyper_util::client::legacy::Error(SendRequest, hyper::Error(IncompleteMessage)))))) tx_digest=Digest("9yN5dDwKpyPMsuPYNeN4dUoos1eEDRGvFPnvfkLuBmB2") retry_cnt=1
2026-05-20T11:12:10.578009Z ERROR iota_benchmark: Transaction failed with err: Rpc(Transport(Http(Stream(hyper_util::client::legacy::Error(SendRequest, hyper::Error(IncompleteMessage)))))) tx_digest=Digest("9GpLDLmRm9A6SRMaTmaoXCXrXAmGTufH8BT1H5bciTyd") retry_cnt=1
2026-05-20T11:12:10.578068Z ERROR iota_benchmark: Transaction failed with err: Rpc(Transport(Http(Stream(hyper_util::client::legacy::Error(SendRequest, hyper::Error(IncompleteMessage)))))) tx_digest=Digest("9X86swUYxyEAEQ9QF8wLgkeXVLoPoVUzJkTcpgZ3TbTJ") retry_cnt=1
2026-05-20T11:12:10.589725Z ERROR iota_benchmark: Transaction failed with err: FailToConfirmTransactionStatus(Digest("7NkcyKtFJmZTJxtPA7meEWaA5VxubyNTVq3pQE7uPmED"), 60) tx_digest=Digest("7NkcyKtFJmZTJxtPA7meEWaA5VxubyNTVq3pQE7uPmED") retry_cnt=0
2026-05-20T11:12:10.591039Z ERROR iota_benchmark: Transaction failed with err: FailToConfirmTransactionStatus(Digest("5PWULpRjukZMAwtofPBUi3vsnJCGomdeQkU6tUPiBMfw"), 60) tx_digest=Digest("5PWULpRjukZMAwtofPBUi3vsnJCGomdeQkU6tUPiBMfw") retry_cnt=0
2026-05-20T11:12:10.591285Z ERROR iota_benchmark: Transaction failed with err: FailToConfirmTransactionStatus(Digest("DWeNvcm5dyKvS9tdDDf3D9Qbz2SY6jPw1FU8GRLBF9AG"), 60) tx_digest=Digest("DWeNvcm5dyKvS9tdDDf3D9Qbz2SY6jPw1FU8GRLBF9AG") retry_cnt=0
2026-05-20T11:12:10.607077Z ERROR iota_benchmark: Transaction failed with err: Rpc(Transport(Http(Stream(hyper_util::client::legacy::Error(SendRequest, hyper::Error(IncompleteMessage)))))) tx_digest=Digest("9BuU4DFWngTrTQ5Xe4Mgs1NsyibfoLYy3ZErj768DN7j") retry_cnt=1
2026-05-20T11:12:10.607306Z ERROR iota_benchmark: Transaction failed with err: FailToConfirmTransactionStatus(Digest("DZZNu9N9MoYCfAAT3LfD8B8D6k5DGuaxyPPcMQHgVWr4"), 60) tx_digest=Digest("DZZNu9N9MoYCfAAT3LfD8B8D6k5DGuaxyPPcMQHgVWr4") retry_cnt=0
2026-05-20T11:12:10.607316Z ERROR iota_benchmark: Transaction failed with err: FailToConfirmTransactionStatus(Digest("C42GjqsrFA7cTHx9zYYAqNjmViXozufseBQbhj2tQJV"), 60) tx_digest=Digest("C42GjqsrFA7cTHx9zYYAqNjmViXozufseBQbhj2tQJV") retry_cnt=0
2026-05-20T11:12:10.607360Z ERROR iota_benchmark: Transaction failed with err: FailToConfirmTransactionStatus(Digest("Cm1yg76UEP1DhcgLTyQokhCxKnStxJ43UGUjHnssaWFt"), 60) tx_digest=Digest("Cm1yg76UEP1DhcgLTyQokhCxKnStxJ43UGUjHnssaWFt") retry_cnt=0
2026-05-20T11:12:10.607404Z ERROR iota_benchmark: Transaction failed with err: FailToConfirmTransactionStatus(Digest("4szyVutcmjSJ9ceVS2eAKbdXmfMiVvNAEvLxuACTEYRQ"), 60) tx_digest=Digest("4szyVutcmjSJ9ceVS2eAKbdXmfMiVvNAEvLxuACTEYRQ") retry_cnt=0
2026-05-20T11:12:10.607480Z ERROR iota_benchmark: Transaction failed with err: FailToConfirmTransactionStatus(Digest("5GWVrHzv7ELVp5vutU9SUzQiz4S1yfGBEPinxnk9xHPB"), 60) tx_digest=Digest("5GWVrHzv7ELVp5vutU9SUzQiz4S1yfGBEPinxnk9xHPB") retry_cnt=0
2026-05-20T11:12:10.607408Z ERROR iota_benchmark: Transaction failed with err: FailToConfirmTransactionStatus(Digest("Be9JFBtbV1Z6AkRmNS713A9qX3hxDwZXYPNoaLo3nLos"), 60) tx_digest=Digest("Be9JFBtbV1Z6AkRmNS713A9qX3hxDwZXYPNoaLo3nLos") retry_cnt=0
2026-05-20T11:12:10.607548Z ERROR iota_benchmark: Transaction failed with err: FailToConfirmTransactionStatus(Digest("7wKk9Z96t5AUbj1fHecLGvioSwcYxah57eQCdkATp1Pp"), 60) tx_digest=Digest("7wKk9Z96t5AUbj1fHecLGvioSwcYxah57eQCdkATp1Pp") retry_cnt=0
2026-05-20T11:12:10.607608Z ERROR iota_benchmark: Transaction failed with err: FailToConfirmTransactionStatus(Digest("3NgSB1WUmSDUHFhto5zSczKxhr3XA1axcvzFgtEKnhS3"), 60) tx_digest=Digest("3NgSB1WUmSDUHFhto5zSczKxhr3XA1axcvzFgtEKnhS3") retry_cnt=0
2026-05-20T11:12:10.607619Z ERROR iota_benchmark: Transaction failed with err: FailToConfirmTransactionStatus(Digest("82YWp1rfEq4XaDj61oxA2MaK5kWawRMy92LKFUhwjiie"), 60) tx_digest=Digest("82YWp1rfEq4XaDj61oxA2MaK5kWawRMy92LKFUhwjiie") retry_cnt=0
2026-05-20T11:12:10.607687Z ERROR iota_benchmark: Transaction failed with err: FailToConfirmTransactionStatus(Digest("HE2XFPu934W8ayVG8UvXCZ5qL5VcYjicMsaekkjKR9ia"), 60) tx_digest=Digest("HE2XFPu934W8ayVG8UvXCZ5qL5VcYjicMsaekkjKR9ia") retry_cnt=0
2026-05-20T11:12:10.607712Z ERROR iota_benchmark: Transaction failed with err: FailToConfirmTransactionStatus(Digest("At8WiQCkCY8NEcYvNCVALAcmmhwAoowziXWjeSk2jaNr"), 60) tx_digest=Digest("At8WiQCkCY8NEcYvNCVALAcmmhwAoowziXWjeSk2jaNr") retry_cnt=0
2026-05-20T11:12:10.607750Z ERROR iota_benchmark: Transaction failed with err: Rpc(Transport(Http(Stream(hyper_util::client::legacy::Error(SendRequest, hyper::Error(IncompleteMessage)))))) tx_digest=Digest("AWuwNPBCsP9y3ZpybvZFS1JzDnK4FV9tLqqn2QiVXhcA") retry_cnt=1
2026-05-20T11:12:10.607787Z ERROR iota_benchmark: Transaction failed with err: FailToConfirmTransactionStatus(Digest("HpVp4tHW55qS9QyDuUragWt4js1HzRA13VesQ6d9bXPv"), 60) tx_digest=Digest("HpVp4tHW55qS9QyDuUragWt4js1HzRA13VesQ6d9bXPv") retry_cnt=0
2026-05-20T11:12:10.607831Z ERROR iota_benchmark: Transaction failed with err: FailToConfirmTransactionStatus(Digest("EEXXLsXwCMWpVckt5FFmN3yj61ZXWcX24NKRECvLRsgw"), 60) tx_digest=Digest("EEXXLsXwCMWpVckt5FFmN3yj61ZXWcX24NKRECvLRsgw") retry_cnt=0
2026-05-20T11:12:10.607886Z ERROR iota_benchmark: Transaction failed with err: FailToConfirmTransactionStatus(Digest("EJEipirX4gTBfMxMXxppQN2P8H86j5gXThFK8Trds6qt"), 60) tx_digest=Digest("EJEipirX4gTBfMxMXxppQN2P8H86j5gXThFK8Trds6qt") retry_cnt=0
2026-05-20T11:12:10.608078Z ERROR iota_benchmark: Transaction failed with err: FailToConfirmTransactionStatus(Digest("5cBDzAUjouLBimVgKETpYnqGzeDbAifn7bYNEN8Q2XFY"), 60) tx_digest=Digest("5cBDzAUjouLBimVgKETpYnqGzeDbAifn7bYNEN8Q2XFY") retry_cnt=0
2026-05-20T11:12:10.608080Z ERROR iota_benchmark: Transaction failed with err: FailToConfirmTransactionStatus(Digest("FsX9Lav1QwP13MDwAC3mFVQRewQX8YDV6AM7gixqc3mp"), 60) tx_digest=Digest("FsX9Lav1QwP13MDwAC3mFVQRewQX8YDV6AM7gixqc3mp") retry_cnt=0
2026-05-20T11:12:10.608163Z ERROR iota_benchmark: Transaction failed with err: FailToConfirmTransactionStatus(Digest("4jh3hhZRVE4P33pUJBW3sAWUQeDHKv7jfQCHGB4vobJF"), 60) tx_digest=Digest("4jh3hhZRVE4P33pUJBW3sAWUQeDHKv7jfQCHGB4vobJF") retry_cnt=0
2026-05-20T11:12:10.608175Z ERROR iota_benchmark: Transaction failed with err: FailToConfirmTransactionStatus(Digest("J6wQQcyPubTQohiNpvBT7zXtTL8hCmp6BdpMDqozS3Va"), 60) tx_digest=Digest("J6wQQcyPubTQohiNpvBT7zXtTL8hCmp6BdpMDqozS3Va") retry_cnt=0
2026-05-20T11:12:10.608246Z ERROR iota_benchmark: Transaction failed with err: FailToConfirmTransactionStatus(Digest("4aC9B7JU6hqFkNCNStWzbT8vahgShdVn2LMvUCSzUQbS"), 60) tx_digest=Digest("4aC9B7JU6hqFkNCNStWzbT8vahgShdVn2LMvUCSzUQbS") retry_cnt=0
2026-05-20T11:12:10.609777Z ERROR iota_benchmark: Transaction failed with err: FailToConfirmTransactionStatus(Digest("71APHhSeXvWApaBFgp6643SrtPxWQeTD9Ru81jt9obaB"), 60) tx_digest=Digest("71APHhSeXvWApaBFgp6643SrtPxWQeTD9Ru81jt9obaB") retry_cnt=0
2026-05-20T11:12:10.610076Z ERROR iota_benchmark: Transaction failed with err: FailToConfirmTransactionStatus(Digest("94vue19qoqELPGBPijkBFCXMzKZrBtooFJKZzZPPZrxf"), 60) tx_digest=Digest("94vue19qoqELPGBPijkBFCXMzKZrBtooFJKZzZPPZrxf") retry_cnt=0
2026-05-20T11:12:10.612601Z ERROR iota_benchmark: Transaction failed with err: FailToConfirmTransactionStatus(Digest("CqSrvUXtEf5gNFiqFeRQAUER2xxx8mYGcrr5Mk4yaYVX"), 60) tx_digest=Digest("CqSrvUXtEf5gNFiqFeRQAUER2xxx8mYGcrr5Mk4yaYVX") retry_cnt=0
2026-05-20T11:12:10.614101Z ERROR iota_benchmark: Transaction failed with err: FailToConfirmTransactionStatus(Digest("J7Jkr9emAmBpsyRyB4nfmXJYvMhMLUTihH7TZRpe64CV"), 60) tx_digest=Digest("J7Jkr9emAmBpsyRyB4nfmXJYvMhMLUTihH7TZRpe64CV") retry_cnt=0
2026-05-20T11:12:10.614112Z ERROR iota_benchmark: Transaction failed with err: FailToConfirmTransactionStatus(Digest("Fp5xwc3qKR6jf1u7i2MrMuKk3TLW2J8zQ63Be9pXBiwm"), 60) tx_digest=Digest("Fp5xwc3qKR6jf1u7i2MrMuKk3TLW2J8zQ63Be9pXBiwm") retry_cnt=0
2026-05-20T11:12:10.614119Z ERROR iota_benchmark: Transaction failed with err: FailToConfirmTransactionStatus(Digest("HP1Zjg1TyKUw5jo1TidyDAVBDTdWDJBt1X54xdcV35cm"), 60) tx_digest=Digest("HP1Zjg1TyKUw5jo1TidyDAVBDTdWDJBt1X54xdcV35cm") retry_cnt=0
2026-05-20T11:12:10.614102Z ERROR iota_benchmark: Transaction failed with err: FailToConfirmTransactionStatus(Digest("AYNQgkKiTgfGAMA4yemvNrABTfsCJFWoJmERebJ6nfN"), 60) tx_digest=Digest("AYNQgkKiTgfGAMA4yemvNrABTfsCJFWoJmERebJ6nfN") retry_cnt=0
2026-05-20T11:12:10.614267Z ERROR iota_benchmark: Transaction failed with err: FailToConfirmTransactionStatus(Digest("3o7f1NmA3BEV1tNgWY6vQhNyVLYzwEJpwvQjSJThC6Vx"), 60) tx_digest=Digest("3o7f1NmA3BEV1tNgWY6vQhNyVLYzwEJpwvQjSJThC6Vx") retry_cnt=0
2026-05-20T11:12:10.614535Z ERROR iota_benchmark: Transaction failed with err: FailToConfirmTransactionStatus(Digest("3357BwK2fYqvKib3pEPDdvY27ixuBMQ2RJvjiMK77N2i"), 60) tx_digest=Digest("3357BwK2fYqvKib3pEPDdvY27ixuBMQ2RJvjiMK77N2i") retry_cnt=0
2026-05-20T11:12:10.615856Z ERROR iota_benchmark: Transaction failed with err: FailToConfirmTransactionStatus(Digest("GoKYnVJgDywDg3XP5HxNbnxhuxxeotZt7J2dMVF5ZSyv"), 60) tx_digest=Digest("GoKYnVJgDywDg3XP5HxNbnxhuxxeotZt7J2dMVF5ZSyv") retry_cnt=0
2026-05-20T11:12:10.615860Z ERROR iota_benchmark: Transaction failed with err: FailToConfirmTransactionStatus(Digest("Ge2Wzit7hTCcT1jxPx2D97V3mC8puh746wFxNWZd2iMT"), 60) tx_digest=Digest("Ge2Wzit7hTCcT1jxPx2D97V3mC8puh746wFxNWZd2iMT") retry_cnt=0
2026-05-20T11:12:10.617363Z ERROR iota_benchmark: Transaction failed with err: FailToConfirmTransactionStatus(Digest("2X4QPwXyUHYcxHDeLHWVkXtTC5ZZ3qfTiqVaotxeq6x4"), 60) tx_digest=Digest("2X4QPwXyUHYcxHDeLHWVkXtTC5ZZ3qfTiqVaotxeq6x4") retry_cnt=0
2026-05-20T11:12:10.618830Z ERROR iota_benchmark: Transaction failed with err: FailToConfirmTransactionStatus(Digest("qm8ginPHMDHvSTCXGUnbGru47rym3C5PK4MeQfio6Tw"), 60) tx_digest=Digest("qm8ginPHMDHvSTCXGUnbGru47rym3C5PK4MeQfio6Tw") retry_cnt=0
2026-05-20T11:12:10.618837Z ERROR iota_benchmark: Transaction failed with err: FailToConfirmTransactionStatus(Digest("F9fV52S8PQAaWSKGVs4s2SFWqnAk4Ck4s3DevYq9r4Kf"), 60) tx_digest=Digest("F9fV52S8PQAaWSKGVs4s2SFWqnAk4Ck4s3DevYq9r4Kf") retry_cnt=0
2026-05-20T11:12:10.618853Z ERROR iota_benchmark: Transaction failed with err: FailToConfirmTransactionStatus(Digest("67HdwsiZHLaB7UxRu5FyDihhuVif3FkdKuhNJaVvTAP4"), 60) tx_digest=Digest("67HdwsiZHLaB7UxRu5FyDihhuVif3FkdKuhNJaVvTAP4") retry_cnt=0
2026-05-20T11:12:10.618967Z ERROR iota_benchmark: Transaction failed with err: FailToConfirmTransactionStatus(Digest("MJeZWxr95d5NNBVQZ2SVKNNHeNCWwLbQHAvczMYaAWT"), 60) tx_digest=Digest("MJeZWxr95d5NNBVQZ2SVKNNHeNCWwLbQHAvczMYaAWT") retry_cnt=0
2026-05-20T11:12:10.619073Z ERROR iota_benchmark: Transaction failed with err: FailToConfirmTransactionStatus(Digest("BnEdmkarW3a3x7g6dtfWKwWnJJx5Lm8HpDHpdGWXrCTR"), 60) tx_digest=Digest("BnEdmkarW3a3x7g6dtfWKwWnJJx5Lm8HpDHpdGWXrCTR") retry_cnt=0
2026-05-20T11:12:10.619103Z ERROR iota_benchmark: Transaction failed with err: FailToConfirmTransactionStatus(Digest("4idwDRnppxJFxnFdmzypmNSW1LCFTmtoXKvnuqn4fAQt"), 60) tx_digest=Digest("4idwDRnppxJFxnFdmzypmNSW1LCFTmtoXKvnuqn4fAQt") retry_cnt=0
2026-05-20T11:12:10.619112Z ERROR iota_benchmark: Transaction failed with err: FailToConfirmTransactionStatus(Digest("ArWPmM3kK5cFnP2Tk6dVKEPWd8CWGLai3xhGwE8C63jD"), 60) tx_digest=Digest("ArWPmM3kK5cFnP2Tk6dVKEPWd8CWGLai3xhGwE8C63jD") retry_cnt=0
2026-05-20T11:12:10.619188Z ERROR iota_benchmark: Transaction failed with err: FailToConfirmTransactionStatus(Digest("gbpt2NFDSGRFgFW1RRJSojwPkqsffToN1gYMexvcXY5"), 60) tx_digest=Digest("gbpt2NFDSGRFgFW1RRJSojwPkqsffToN1gYMexvcXY5") retry_cnt=0
2026-05-20T11:12:10.619203Z ERROR iota_benchmark: Transaction failed with err: FailToConfirmTransactionStatus(Digest("2yiGyiLwF3DXf3bg9ngSHsmqH4fiwH6SH6u5pYf7Cnvg"), 60) tx_digest=Digest("2yiGyiLwF3DXf3bg9ngSHsmqH4fiwH6SH6u5pYf7Cnvg") retry_cnt=0
2026-05-20T11:12:10.619265Z ERROR iota_benchmark: Transaction failed with err: FailToConfirmTransactionStatus(Digest("Z52PrxqUaJcXeEQvbQQWNk5wMSojJCQgEkSVhtGxuBX"), 60) tx_digest=Digest("Z52PrxqUaJcXeEQvbQQWNk5wMSojJCQgEkSVhtGxuBX") retry_cnt=0
2026-05-20T11:12:10.619551Z ERROR iota_benchmark: Transaction failed with err: FailToConfirmTransactionStatus(Digest("12YuMzLp6RKTHQ7cGzTX8TjTuSZ5ugLBNaE6RAqShc4w"), 60) tx_digest=Digest("12YuMzLp6RKTHQ7cGzTX8TjTuSZ5ugLBNaE6RAqShc4w") retry_cnt=0
2026-05-20T11:12:10.619575Z ERROR iota_benchmark: Transaction failed with err: FailToConfirmTransactionStatus(Digest("6N1wKxAXgT7vbrkY3SspYcFNnL6tQaoB41PSMRAsvpjP"), 60) tx_digest=Digest("6N1wKxAXgT7vbrkY3SspYcFNnL6tQaoB41PSMRAsvpjP") retry_cnt=0
2026-05-20T11:12:10.619678Z ERROR iota_benchmark: Transaction failed with err: FailToConfirmTransactionStatus(Digest("7DgosbKMZETR6sUje9BMcthyYwH5D4RCQDbsNUpJVBYv"), 60) tx_digest=Digest("7DgosbKMZETR6sUje9BMcthyYwH5D4RCQDbsNUpJVBYv") retry_cnt=0
2026-05-20T11:12:10.621156Z ERROR iota_benchmark: Transaction failed with err: FailToConfirmTransactionStatus(Digest("55GvCFakg3KXUVLWs112Cqss5QG31TimTwAYKKJGtSC7"), 60) tx_digest=Digest("55GvCFakg3KXUVLWs112Cqss5QG31TimTwAYKKJGtSC7") retry_cnt=0
2026-05-20T11:12:10.621184Z ERROR iota_benchmark: Transaction failed with err: FailToConfirmTransactionStatus(Digest("Cq1znPkKb5L1oCKcSUYqmWzJ4MsgZ4dQwGPAo467jp9h"), 60) tx_digest=Digest("Cq1znPkKb5L1oCKcSUYqmWzJ4MsgZ4dQwGPAo467jp9h") retry_cnt=0
2026-05-20T11:12:10.621203Z ERROR iota_benchmark: Transaction failed with err: FailToConfirmTransactionStatus(Digest("213d4PZyDBamp8hxn2A9FKTN7DezwKfoqhJ4L2XrPCWo"), 60) tx_digest=Digest("213d4PZyDBamp8hxn2A9FKTN7DezwKfoqhJ4L2XrPCWo") retry_cnt=0
2026-05-20T11:12:10.621301Z ERROR iota_benchmark: Transaction failed with err: FailToConfirmTransactionStatus(Digest("2PxywaeKJzeUk8FewquZVuzv8wu3EDWiWUf9kHtR9vXj"), 60) tx_digest=Digest("2PxywaeKJzeUk8FewquZVuzv8wu3EDWiWUf9kHtR9vXj") retry_cnt=0
2026-05-20T11:12:10.621336Z ERROR iota_benchmark: Transaction failed with err: FailToConfirmTransactionStatus(Digest("2GKkd2dAFgHiiNLF3CDvQNGd9UBCkfWaRcGXgoMLoGpu"), 60) tx_digest=Digest("2GKkd2dAFgHiiNLF3CDvQNGd9UBCkfWaRcGXgoMLoGpu") retry_cnt=0
2026-05-20T11:12:10.622740Z ERROR iota_benchmark: Transaction failed with err: FailToConfirmTransactionStatus(Digest("HQCwfDm3J1mj16sw7NnsHkRJvgLiNnqN9vWv1t3hyikh"), 60) tx_digest=Digest("HQCwfDm3J1mj16sw7NnsHkRJvgLiNnqN9vWv1t3hyikh") retry_cnt=0
2026-05-20T11:12:10.622747Z ERROR iota_benchmark: Transaction failed with err: FailToConfirmTransactionStatus(Digest("CQtzY9owQdDD5bHDnBYym39zpAnumKuBd2rggz59JBaa"), 60) tx_digest=Digest("CQtzY9owQdDD5bHDnBYym39zpAnumKuBd2rggz59JBaa") retry_cnt=0
2026-05-20T11:12:10.622755Z ERROR iota_benchmark: Transaction failed with err: FailToConfirmTransactionStatus(Digest("7psgrHTHjPnLLzwq257QcCMpk7q66VYib5iBwJiasZLU"), 60) tx_digest=Digest("7psgrHTHjPnLLzwq257QcCMpk7q66VYib5iBwJiasZLU") retry_cnt=0
2026-05-20T11:12:10.622914Z ERROR iota_benchmark: Transaction failed with err: FailToConfirmTransactionStatus(Digest("Bown2KJf8H6eGvp6WQAfSxdtmCob4r9BjAzYGpfSwje7"), 60) tx_digest=Digest("Bown2KJf8H6eGvp6WQAfSxdtmCob4r9BjAzYGpfSwje7") retry_cnt=0
2026-05-20T11:12:10.623077Z ERROR iota_benchmark: Transaction failed with err: FailToConfirmTransactionStatus(Digest("3bNMPhXgvS1h8D3d2bHmACRRKRUEtdAFSLa8JwtfwraN"), 60) tx_digest=Digest("3bNMPhXgvS1h8D3d2bHmACRRKRUEtdAFSLa8JwtfwraN") retry_cnt=0
2026-05-20T11:12:10.625602Z ERROR iota_benchmark: Transaction failed with err: FailToConfirmTransactionStatus(Digest("6WgpofydZsca6Lan6oUiBN93YPSfY9msbEGTEtaoSXz6"), 60) tx_digest=Digest("6WgpofydZsca6Lan6oUiBN93YPSfY9msbEGTEtaoSXz6") retry_cnt=0
2026-05-20T11:12:10.625605Z ERROR iota_benchmark: Transaction failed with err: FailToConfirmTransactionStatus(Digest("7QPyaLenpEuWyfJHc8o46RCVHWfkTC1Gt3u2QaqqNZeU"), 60) tx_digest=Digest("7QPyaLenpEuWyfJHc8o46RCVHWfkTC1Gt3u2QaqqNZeU") retry_cnt=0
2026-05-20T11:12:10.625610Z ERROR iota_benchmark: Transaction failed with err: FailToConfirmTransactionStatus(Digest("AyABVPKceuGrNL2Xdu884p7GSGdmZwTYQ4aiuibeLLMj"), 60) tx_digest=Digest("AyABVPKceuGrNL2Xdu884p7GSGdmZwTYQ4aiuibeLLMj") retry_cnt=0
2026-05-20T11:12:10.625626Z ERROR iota_benchmark: Transaction failed with err: FailToConfirmTransactionStatus(Digest("NY2PQn3Yg4PHGgqin7qrAUUm8BANJTvPEByif3JcENX"), 60) tx_digest=Digest("NY2PQn3Yg4PHGgqin7qrAUUm8BANJTvPEByif3JcENX") retry_cnt=0
2026-05-20T11:12:10.628290Z ERROR iota_benchmark: Transaction failed with err: FailToConfirmTransactionStatus(Digest("2esz1FHTBFhUEnGyKRhE6kQQC2G5o8URPhNw5NJDjvj2"), 60) tx_digest=Digest("2esz1FHTBFhUEnGyKRhE6kQQC2G5o8URPhNw5NJDjvj2") retry_cnt=0
2026-05-20T11:12:10.628302Z ERROR iota_benchmark: Transaction failed with err: FailToConfirmTransactionStatus(Digest("BRfYF5aNvMKs8iEtHjDs8gnZGbPPfkMiugm5TAXSJKZ9"), 60) tx_digest=Digest("BRfYF5aNvMKs8iEtHjDs8gnZGbPPfkMiugm5TAXSJKZ9") retry_cnt=0
2026-05-20T11:12:10.628313Z ERROR iota_benchmark: Transaction failed with err: FailToConfirmTransactionStatus(Digest("2wx9udqbpc99yw4PfSDvnviwviU4kpEFf937Rn6wCZmj"), 60) tx_digest=Digest("2wx9udqbpc99yw4PfSDvnviwviU4kpEFf937Rn6wCZmj") retry_cnt=0
2026-05-20T11:12:10.629793Z ERROR iota_benchmark: Transaction failed with err: FailToConfirmTransactionStatus(Digest("EkmStCTUkS4DcpZ4WL3FFiJ3R4frrDjg83jjpcJsKGdg"), 60) tx_digest=Digest("EkmStCTUkS4DcpZ4WL3FFiJ3R4frrDjg83jjpcJsKGdg") retry_cnt=0
2026-05-20T11:12:10.636900Z ERROR iota_benchmark: Transaction failed with err: FailToConfirmTransactionStatus(Digest("5mTAwqEXpowJv7TUtFaDyrQEky9jNmAvxQkWXSx4tn1n"), 60) tx_digest=Digest("5mTAwqEXpowJv7TUtFaDyrQEky9jNmAvxQkWXSx4tn1n") retry_cnt=0
2026-05-20T11:12:10.647576Z ERROR iota_benchmark: Transaction failed with err: FailToConfirmTransactionStatus(Digest("Bp7PX8TJfved8LkpL5yntwp2vZhDuyzxN2CFGEvEC4td"), 60) tx_digest=Digest("Bp7PX8TJfved8LkpL5yntwp2vZhDuyzxN2CFGEvEC4td") retry_cnt=0
2026-05-20T11:12:10.647576Z ERROR iota_benchmark: Transaction failed with err: FailToConfirmTransactionStatus(Digest("HpX4SzzXLn8F3Wckzw3uEXJ6m4LyKTSUHVhyv4oxsPFm"), 60) tx_digest=Digest("HpX4SzzXLn8F3Wckzw3uEXJ6m4LyKTSUHVhyv4oxsPFm") retry_cnt=0
2026-05-20T11:12:10.649131Z ERROR iota_benchmark: Transaction failed with err: FailToConfirmTransactionStatus(Digest("ACGrJQE68E635jnp3qiEAwvBiCJYUmUBDTHznqWEj4GX"), 60) tx_digest=Digest("ACGrJQE68E635jnp3qiEAwvBiCJYUmUBDTHznqWEj4GX") retry_cnt=0
2026-05-20T11:12:10.661935Z ERROR iota_benchmark: Transaction failed with err: FailToConfirmTransactionStatus(Digest("9QetDpbqP6YAYwh9PvdmCCZcEpUmsUfdqQzLbzw8LGWQ"), 60) tx_digest=Digest("9QetDpbqP6YAYwh9PvdmCCZcEpUmsUfdqQzLbzw8LGWQ") retry_cnt=0
2026-05-20T11:12:10.661935Z ERROR iota_benchmark: Transaction failed with err: FailToConfirmTransactionStatus(Digest("8HLiE4MUu2hSKPq3KbnBx1SZLUCa7PZ7gFUoidJosGQz"), 60) tx_digest=Digest("8HLiE4MUu2hSKPq3KbnBx1SZLUCa7PZ7gFUoidJosGQz") retry_cnt=0
2026-05-20T11:12:10.662250Z ERROR iota_benchmark: Transaction failed with err: FailToConfirmTransactionStatus(Digest("3WgrfNKpXFvBRXbWSku7xtQpxJBVQPU19jPyWPDqUxaQ"), 60) tx_digest=Digest("3WgrfNKpXFvBRXbWSku7xtQpxJBVQPU19jPyWPDqUxaQ") retry_cnt=0
2026-05-20T11:12:10.662249Z ERROR iota_benchmark: Transaction failed with err: FailToConfirmTransactionStatus(Digest("Gd52Ypu7RbwQNW8FNbYDxNqDxKZYEnUew6yHCoKP6ksz"), 60) tx_digest=Digest("Gd52Ypu7RbwQNW8FNbYDxNqDxKZYEnUew6yHCoKP6ksz") retry_cnt=0
2026-05-20T11:12:10.662287Z ERROR iota_benchmark: Transaction failed with err: FailToConfirmTransactionStatus(Digest("7NEjnRzxrHF18zZkvAkvvRXhTGXceuPiFN5BpXZqq8Qt"), 60) tx_digest=Digest("7NEjnRzxrHF18zZkvAkvvRXhTGXceuPiFN5BpXZqq8Qt") retry_cnt=0
2026-05-20T11:12:10.662344Z ERROR iota_benchmark: Transaction failed with err: FailToConfirmTransactionStatus(Digest("7uo54TyFdpeCDzPhaQjerzbKM1eHDwSbWbMBq9xuH4hB"), 60) tx_digest=Digest("7uo54TyFdpeCDzPhaQjerzbKM1eHDwSbWbMBq9xuH4hB") retry_cnt=0
2026-05-20T11:12:10.662374Z ERROR iota_benchmark: Transaction failed with err: FailToConfirmTransactionStatus(Digest("AXrEGjMX8NQjk4cbeUsukdha2PiAEoD3HBMS5ojPyXDu"), 60) tx_digest=Digest("AXrEGjMX8NQjk4cbeUsukdha2PiAEoD3HBMS5ojPyXDu") retry_cnt=0
2026-05-20T11:12:10.662398Z ERROR iota_benchmark: Transaction failed with err: FailToConfirmTransactionStatus(Digest("ES511s32hNuK41zrnZTYgmwRZzrTCH4Td5BqgdNZ59v5"), 60) tx_digest=Digest("ES511s32hNuK41zrnZTYgmwRZzrTCH4Td5BqgdNZ59v5") retry_cnt=0
2026-05-20T11:12:10.662489Z ERROR iota_benchmark: Transaction failed with err: FailToConfirmTransactionStatus(Digest("HFryLAfRzv7okN3Ys14mogKj4nrX9EJPtbcAz9x2g59Y"), 60) tx_digest=Digest("HFryLAfRzv7okN3Ys14mogKj4nrX9EJPtbcAz9x2g59Y") retry_cnt=0
2026-05-20T11:12:10.663848Z ERROR iota_benchmark: Transaction failed with err: FailToConfirmTransactionStatus(Digest("ApJvvLxNCtZ1ARNP8ZvDUDTUrgT5g3yZR4gVEgHTLPwC"), 60) tx_digest=Digest("ApJvvLxNCtZ1ARNP8ZvDUDTUrgT5g3yZR4gVEgHTLPwC") retry_cnt=0
2026-05-20T11:12:10.663844Z ERROR iota_benchmark: Transaction failed with err: FailToConfirmTransactionStatus(Digest("7H4uQXU1QTzUbFc9h3vdYm3AqJuKpyRq7B59293KE1gy"), 60) tx_digest=Digest("7H4uQXU1QTzUbFc9h3vdYm3AqJuKpyRq7B59293KE1gy") retry_cnt=0
2026-05-20T11:12:10.663846Z ERROR iota_benchmark: Transaction failed with err: FailToConfirmTransactionStatus(Digest("3WXhJwdFmfcuRg65NL2Fjg8Zf2Muay3SAPygN2PaVVwJ"), 60) tx_digest=Digest("3WXhJwdFmfcuRg65NL2Fjg8Zf2Muay3SAPygN2PaVVwJ") retry_cnt=0
2026-05-20T11:12:10.663858Z ERROR iota_benchmark: Transaction failed with err: FailToConfirmTransactionStatus(Digest("Dq6a9baQL6CcC2LmAwgf9mtZJsF7jsuBRdoKxDBuaPzu"), 60) tx_digest=Digest("Dq6a9baQL6CcC2LmAwgf9mtZJsF7jsuBRdoKxDBuaPzu") retry_cnt=0
2026-05-20T11:12:10.664043Z ERROR iota_benchmark: Transaction failed with err: FailToConfirmTransactionStatus(Digest("EPDCfUneUyuABRmo2wayLLMxET9kVGbyW71wQM9EUeUn"), 60) tx_digest=Digest("EPDCfUneUyuABRmo2wayLLMxET9kVGbyW71wQM9EUeUn") retry_cnt=0
2026-05-20T11:12:10.664044Z ERROR iota_benchmark: Transaction failed with err: FailToConfirmTransactionStatus(Digest("C61i2vrUiPDArgpjMd4PLTJyngqLBfur5DG4yBqK2nba"), 60) tx_digest=Digest("C61i2vrUiPDArgpjMd4PLTJyngqLBfur5DG4yBqK2nba") retry_cnt=0
2026-05-20T11:12:10.664121Z ERROR iota_benchmark: Transaction failed with err: FailToConfirmTransactionStatus(Digest("5x57L3iXqHv96jwPdhWwzZUVzFnbmXS3R72VtRn8D4D1"), 60) tx_digest=Digest("5x57L3iXqHv96jwPdhWwzZUVzFnbmXS3R72VtRn8D4D1") retry_cnt=0
2026-05-20T11:12:10.664233Z ERROR iota_benchmark: Transaction failed with err: FailToConfirmTransactionStatus(Digest("Db1t5ts3xjsjsrPUX5z1mzs2ogVZtxRuPBm8TdaHzGDH"), 60) tx_digest=Digest("Db1t5ts3xjsjsrPUX5z1mzs2ogVZtxRuPBm8TdaHzGDH") retry_cnt=0
2026-05-20T11:12:10.665555Z ERROR iota_benchmark: Transaction failed with err: FailToConfirmTransactionStatus(Digest("Dan78qVTXRqKAR1HN2Sj1uNymf4esU1cARaAq5mC9Ajt"), 60) tx_digest=Digest("Dan78qVTXRqKAR1HN2Sj1uNymf4esU1cARaAq5mC9Ajt") retry_cnt=0
2026-05-20T11:12:10.665580Z ERROR iota_benchmark: Transaction failed with err: FailToConfirmTransactionStatus(Digest("9sReXcdgZfxzd3cptEeMYiH5xr599rQnxqE5cBPXanHs"), 60) tx_digest=Digest("9sReXcdgZfxzd3cptEeMYiH5xr599rQnxqE5cBPXanHs") retry_cnt=0
2026-05-20T11:12:10.665615Z ERROR iota_benchmark: Transaction failed with err: FailToConfirmTransactionStatus(Digest("9e8jT4yRsrGjrtU4ZRmfequvyU6rmL2cVaxE5MapYnc9"), 60) tx_digest=Digest("9e8jT4yRsrGjrtU4ZRmfequvyU6rmL2cVaxE5MapYnc9") retry_cnt=0
2026-05-20T11:12:10.665652Z ERROR iota_benchmark: Transaction failed with err: FailToConfirmTransactionStatus(Digest("An5HPxDyx94wwV7aisaGd3MraypGYjjEp6o71gMPmWnH"), 60) tx_digest=Digest("An5HPxDyx94wwV7aisaGd3MraypGYjjEp6o71gMPmWnH") retry_cnt=0
2026-05-20T11:12:10.665678Z ERROR iota_benchmark: Transaction failed with err: FailToConfirmTransactionStatus(Digest("BuqkN5fGoxKki5zind72gyLYXRG2BXsmGhF36FFj4tUR"), 60) tx_digest=Digest("BuqkN5fGoxKki5zind72gyLYXRG2BXsmGhF36FFj4tUR") retry_cnt=0
2026-05-20T11:12:10.665730Z ERROR iota_benchmark: Transaction failed with err: FailToConfirmTransactionStatus(Digest("8iTPd3c5ybDQ6YUsZf5yM94tp5UAyxKG8n6ks2FETFqs"), 60) tx_digest=Digest("8iTPd3c5ybDQ6YUsZf5yM94tp5UAyxKG8n6ks2FETFqs") retry_cnt=0
2026-05-20T11:12:10.665750Z ERROR iota_benchmark: Transaction failed with err: FailToConfirmTransactionStatus(Digest("GJtbMx2Hc9bPu4xkj7RnEGeiyGdzNnfQfrxu1YDNzKoM"), 60) tx_digest=Digest("GJtbMx2Hc9bPu4xkj7RnEGeiyGdzNnfQfrxu1YDNzKoM") retry_cnt=0
2026-05-20T11:12:10.665758Z ERROR iota_benchmark: Transaction failed with err: FailToConfirmTransactionStatus(Digest("GjtbuTM3HVnhun9ePVEhysB7ZKWqvipiMuXrRr4N1JjU"), 60) tx_digest=Digest("GjtbuTM3HVnhun9ePVEhysB7ZKWqvipiMuXrRr4N1JjU") retry_cnt=0
2026-05-20T11:12:10.665787Z ERROR iota_benchmark: Transaction failed with err: FailToConfirmTransactionStatus(Digest("41QMqiKsTAYsrwFL2sh14dvbsguC4GGyLkANc711RwYN"), 60) tx_digest=Digest("41QMqiKsTAYsrwFL2sh14dvbsguC4GGyLkANc711RwYN") retry_cnt=0
2026-05-20T11:12:10.665811Z ERROR iota_benchmark: Transaction failed with err: FailToConfirmTransactionStatus(Digest("GUKuHhwmiLT7Dn6ZucGBmrMhWHEQstzWV2R4LQmZDinE"), 60) tx_digest=Digest("GUKuHhwmiLT7Dn6ZucGBmrMhWHEQstzWV2R4LQmZDinE") retry_cnt=0
2026-05-20T11:12:10.665859Z ERROR iota_benchmark: Transaction failed with err: FailToConfirmTransactionStatus(Digest("77iuWYWinp7i274Tog3J215Q3qDvju9MEpi56owdoZTo"), 60) tx_digest=Digest("77iuWYWinp7i274Tog3J215Q3qDvju9MEpi56owdoZTo") retry_cnt=0
2026-05-20T11:12:10.665866Z ERROR iota_benchmark: Transaction failed with err: FailToConfirmTransactionStatus(Digest("BivthFTjB59176rnEwFbugayesevrFdcVSqDZijS2mDw"), 60) tx_digest=Digest("BivthFTjB59176rnEwFbugayesevrFdcVSqDZijS2mDw") retry_cnt=0
2026-05-20T11:12:10.665913Z ERROR iota_benchmark: Transaction failed with err: FailToConfirmTransactionStatus(Digest("BmCykYE47oP2DZcwVtJ39Bz6VUmcq1qJhBa586b8pviP"), 60) tx_digest=Digest("BmCykYE47oP2DZcwVtJ39Bz6VUmcq1qJhBa586b8pviP") retry_cnt=0
2026-05-20T11:12:10.666069Z ERROR iota_benchmark: Transaction failed with err: FailToConfirmTransactionStatus(Digest("6DWqy4Ei9VbHaxL45zvoJ3DyNoi6HeXUB3gv44JYg7J3"), 60) tx_digest=Digest("6DWqy4Ei9VbHaxL45zvoJ3DyNoi6HeXUB3gv44JYg7J3") retry_cnt=0
2026-05-20T11:12:10.666133Z ERROR iota_benchmark: Transaction failed with err: FailToConfirmTransactionStatus(Digest("B24o1hzC3fgkjK5juvs5uU5mMXqfWKVF3gi3BCwTudoA"), 60) tx_digest=Digest("B24o1hzC3fgkjK5juvs5uU5mMXqfWKVF3gi3BCwTudoA") retry_cnt=0
2026-05-20T11:12:10.668656Z ERROR iota_benchmark: Transaction failed with err: FailToConfirmTransactionStatus(Digest("CjUTGNF1359jSYDZQHuwGRsw8JLw3dzz3ZXnUU2dPNm"), 60) tx_digest=Digest("CjUTGNF1359jSYDZQHuwGRsw8JLw3dzz3ZXnUU2dPNm") retry_cnt=0
2026-05-20T11:12:10.668678Z ERROR iota_benchmark: Transaction failed with err: FailToConfirmTransactionStatus(Digest("6Ft7amrrCtrQdXQjG3N3oWHw4agud37eqpQJevuYnGnS"), 60) tx_digest=Digest("6Ft7amrrCtrQdXQjG3N3oWHw4agud37eqpQJevuYnGnS") retry_cnt=0
2026-05-20T11:12:10.677162Z ERROR iota_benchmark: Transaction failed with err: Rpc(Transport(Http(Stream(hyper_util::client::legacy::Error(SendRequest, hyper::Error(IncompleteMessage)))))) tx_digest=Digest("9aQJ3c1jo43ttihtai93BW95Nww1YhgxRN4aoKVmTTEk") retry_cnt=1
2026-05-20T11:12:10.677436Z ERROR iota_benchmark: Transaction failed with err: Rpc(Transport(Http(Stream(hyper_util::client::legacy::Error(SendRequest, hyper::Error(IncompleteMessage)))))) tx_digest=Digest("kgqMTEDifV91CNLwcLmEdEFijDU1yx7jBT9gteBHqKc") retry_cnt=1
2026-05-20T11:12:10.690334Z ERROR iota_benchmark: Transaction failed with err: FailToConfirmTransactionStatus(Digest("DsJGUuTSKQiYrMpLbY8mnqeKie1Lqng1sSV8txhYAMvN"), 60) tx_digest=Digest("DsJGUuTSKQiYrMpLbY8mnqeKie1Lqng1sSV8txhYAMvN") retry_cnt=0
2026-05-20T11:12:10.690349Z ERROR iota_benchmark: Transaction failed with err: FailToConfirmTransactionStatus(Digest("6B7G8jf1okB1PpS2nK19tFbN4vGyyjo5iBLNZ9V1QpZg"), 60) tx_digest=Digest("6B7G8jf1okB1PpS2nK19tFbN4vGyyjo5iBLNZ9V1QpZg") retry_cnt=0
2026-05-20T11:12:10.690403Z ERROR iota_benchmark: Transaction failed with err: FailToConfirmTransactionStatus(Digest("CwWcNkjkH8wjVF9nC5dnBbpG3MdW2vUYov5afRj7q28j"), 60) tx_digest=Digest("CwWcNkjkH8wjVF9nC5dnBbpG3MdW2vUYov5afRj7q28j") retry_cnt=0
2026-05-20T11:12:10.690497Z ERROR iota_benchmark: Transaction failed with err: FailToConfirmTransactionStatus(Digest("D8nzqXhchuS5hkHr875LCXT2tNEEKSgy6ucC5jaN9YWr"), 60) tx_digest=Digest("D8nzqXhchuS5hkHr875LCXT2tNEEKSgy6ucC5jaN9YWr") retry_cnt=0
2026-05-20T11:12:10.690564Z ERROR iota_benchmark: Transaction failed with err: FailToConfirmTransactionStatus(Digest("5rBhoPL741G1jxbUFj4eLHJz4NJG9Hvxqs61e2HYL5Cv"), 60) tx_digest=Digest("5rBhoPL741G1jxbUFj4eLHJz4NJG9Hvxqs61e2HYL5Cv") retry_cnt=0
2026-05-20T11:12:10.690576Z ERROR iota_benchmark: Transaction failed with err: FailToConfirmTransactionStatus(Digest("8AALaFcDReAzw8cy38XeTBQNJnfC2Dz61gdWJJSoFt9c"), 60) tx_digest=Digest("8AALaFcDReAzw8cy38XeTBQNJnfC2Dz61gdWJJSoFt9c") retry_cnt=0
2026-05-20T11:12:10.690587Z ERROR iota_benchmark: Transaction failed with err: FailToConfirmTransactionStatus(Digest("3yNp8NNSHfQcMojEyMgHj3xg8exHiZfeFYN7dDxCCGry"), 60) tx_digest=Digest("3yNp8NNSHfQcMojEyMgHj3xg8exHiZfeFYN7dDxCCGry") retry_cnt=0
2026-05-20T11:12:10.690717Z ERROR iota_benchmark: Transaction failed with err: FailToConfirmTransactionStatus(Digest("8EVKVjPGVKgnyUPC4Yt5t3MTiHXnXNA2bgzppuvD4KZK"), 60) tx_digest=Digest("8EVKVjPGVKgnyUPC4Yt5t3MTiHXnXNA2bgzppuvD4KZK") retry_cnt=0
2026-05-20T11:12:10.690680Z ERROR iota_benchmark: Transaction failed with err: FailToConfirmTransactionStatus(Digest("F6mrt4z7JdsJeg9HiCrG7ZYWYMRmSTGyEbMxcGQm9MvX"), 60) tx_digest=Digest("F6mrt4z7JdsJeg9HiCrG7ZYWYMRmSTGyEbMxcGQm9MvX") retry_cnt=0
2026-05-20T11:12:10.690780Z ERROR iota_benchmark: Transaction failed with err: FailToConfirmTransactionStatus(Digest("9Nq1t7gYjr1DnqBQvSWzrBCJ8hCdeFieccnkjRPyW483"), 60) tx_digest=Digest("9Nq1t7gYjr1DnqBQvSWzrBCJ8hCdeFieccnkjRPyW483") retry_cnt=0
2026-05-20T11:12:10.690844Z ERROR iota_benchmark: Transaction failed with err: FailToConfirmTransactionStatus(Digest("BZBCDAoZmFnQ8AcmFxEZUgmdVypHP1KHuh33NGwp7DWH"), 60) tx_digest=Digest("BZBCDAoZmFnQ8AcmFxEZUgmdVypHP1KHuh33NGwp7DWH") retry_cnt=0
2026-05-20T11:12:10.690881Z ERROR iota_benchmark: Transaction failed with err: FailToConfirmTransactionStatus(Digest("51qmuoW5pKFi7wxbYix3EgkNNhTw5dWcJFagXC3ZUpcN"), 60) tx_digest=Digest("51qmuoW5pKFi7wxbYix3EgkNNhTw5dWcJFagXC3ZUpcN") retry_cnt=0
2026-05-20T11:12:10.690902Z ERROR iota_benchmark: Transaction failed with err: FailToConfirmTransactionStatus(Digest("wgyHPTgE4phXh65LMwqASrdvRQk9SUdrqo1LUKNiVUi"), 60) tx_digest=Digest("wgyHPTgE4phXh65LMwqASrdvRQk9SUdrqo1LUKNiVUi") retry_cnt=0
2026-05-20T11:12:10.691001Z ERROR iota_benchmark: Transaction failed with err: FailToConfirmTransactionStatus(Digest("FUxiMtXYXfZNMMZ54w9yNesbuHAUR1kh3BCSoT1pqHDg"), 60) tx_digest=Digest("FUxiMtXYXfZNMMZ54w9yNesbuHAUR1kh3BCSoT1pqHDg") retry_cnt=0
2026-05-20T11:12:10.691063Z ERROR iota_benchmark: Transaction failed with err: FailToConfirmTransactionStatus(Digest("FrrwQ4JLRCHtuNc5fkMWRosGoZYoS8VXNG6eWbP5DMqT"), 60) tx_digest=Digest("FrrwQ4JLRCHtuNc5fkMWRosGoZYoS8VXNG6eWbP5DMqT") retry_cnt=0
2026-05-20T11:12:10.691116Z ERROR iota_benchmark: Transaction failed with err: FailToConfirmTransactionStatus(Digest("4o6m7HFFLAfYd7AohDbqJpmMvfefJRLDnTavvw8vEkbQ"), 60) tx_digest=Digest("4o6m7HFFLAfYd7AohDbqJpmMvfefJRLDnTavvw8vEkbQ") retry_cnt=0
2026-05-20T11:12:10.691365Z ERROR iota_benchmark: Transaction failed with err: FailToConfirmTransactionStatus(Digest("4ZZCQ1VWAifCLFCTsf7qR3GpGMTivGkQuTgDRCwHibDp"), 60) tx_digest=Digest("4ZZCQ1VWAifCLFCTsf7qR3GpGMTivGkQuTgDRCwHibDp") retry_cnt=0
2026-05-20T11:12:10.694969Z ERROR iota_benchmark: Transaction failed with err: FailToConfirmTransactionStatus(Digest("9cmox37z24Mo31sWc6ubkfb5TRttPAHnBwcZeqHkurGv"), 60) tx_digest=Digest("9cmox37z24Mo31sWc6ubkfb5TRttPAHnBwcZeqHkurGv") retry_cnt=0
2026-05-20T11:12:10.695173Z ERROR iota_benchmark: Transaction failed with err: FailToConfirmTransactionStatus(Digest("C79LeLiVfimAfeFw5pEhPXd1dzhcDQJsmwq7WAcNPeSb"), 60) tx_digest=Digest("C79LeLiVfimAfeFw5pEhPXd1dzhcDQJsmwq7WAcNPeSb") retry_cnt=0
2026-05-20T11:12:10.695182Z ERROR iota_benchmark: Transaction failed with err: FailToConfirmTransactionStatus(Digest("Xuw1BtRiUxCeXrkn8AbeDcriaEa2WMVseBpjCkMX4Hy"), 60) tx_digest=Digest("Xuw1BtRiUxCeXrkn8AbeDcriaEa2WMVseBpjCkMX4Hy") retry_cnt=0
2026-05-20T11:12:10.695199Z ERROR iota_benchmark: Transaction failed with err: FailToConfirmTransactionStatus(Digest("DRbsPJNVQZeLc8iRWtAkFCRnWGi59SWH95jGoBSFv2vS"), 60) tx_digest=Digest("DRbsPJNVQZeLc8iRWtAkFCRnWGi59SWH95jGoBSFv2vS") retry_cnt=0
2026-05-20T11:12:10.695210Z ERROR iota_benchmark: Transaction failed with err: FailToConfirmTransactionStatus(Digest("3FH6ceBXynsuv29TePFhvqdtD9ffn9BvSZddXKNeQHUE"), 60) tx_digest=Digest("3FH6ceBXynsuv29TePFhvqdtD9ffn9BvSZddXKNeQHUE") retry_cnt=0
2026-05-20T11:12:10.707565Z ERROR iota_benchmark: Transaction failed with err: FailToConfirmTransactionStatus(Digest("7KYYjdx5tMimegcQweCJMzhGoxud3FLXeR5kfY5MYo3h"), 60) tx_digest=Digest("7KYYjdx5tMimegcQweCJMzhGoxud3FLXeR5kfY5MYo3h") retry_cnt=0
2026-05-20T11:12:10.707565Z ERROR iota_benchmark: Transaction failed with err: FailToConfirmTransactionStatus(Digest("EUTTmRwDMdHPtFBLG2sSyRT6v9QSQ4xcdAtKC8yxJxob"), 60) tx_digest=Digest("EUTTmRwDMdHPtFBLG2sSyRT6v9QSQ4xcdAtKC8yxJxob") retry_cnt=0
2026-05-20T11:12:10.709097Z ERROR iota_benchmark: Transaction failed with err: FailToConfirmTransactionStatus(Digest("47areAFJ2hUGjjcGNqyvSiiaGQbvPMSTnGpETurUsHD8"), 60) tx_digest=Digest("47areAFJ2hUGjjcGNqyvSiiaGQbvPMSTnGpETurUsHD8") retry_cnt=0
2026-05-20T11:12:10.709099Z ERROR iota_benchmark: Transaction failed with err: FailToConfirmTransactionStatus(Digest("B8WGPZt4UTbxNEo9FinUgrpWyrTmQguWYUVJvGzDEwCA"), 60) tx_digest=Digest("B8WGPZt4UTbxNEo9FinUgrpWyrTmQguWYUVJvGzDEwCA") retry_cnt=0
2026-05-20T11:12:10.709105Z ERROR iota_benchmark: Transaction failed with err: FailToConfirmTransactionStatus(Digest("3oUMZrJuimXijCj6FZivAz7Zup1kma5qx9iaW7xrFD2h"), 60) tx_digest=Digest("3oUMZrJuimXijCj6FZivAz7Zup1kma5qx9iaW7xrFD2h") retry_cnt=0
2026-05-20T11:12:10.709149Z ERROR iota_benchmark: Transaction failed with err: FailToConfirmTransactionStatus(Digest("9LeU8LHcXyajUB4bCb3FuexKG55stj2rfRJHHdBFJYDB"), 60) tx_digest=Digest("9LeU8LHcXyajUB4bCb3FuexKG55stj2rfRJHHdBFJYDB") retry_cnt=0
2026-05-20T11:12:10.709235Z ERROR iota_benchmark: Transaction failed with err: FailToConfirmTransactionStatus(Digest("3ijrxbqcGq5iN7o1mmoFc7TJSMxtMeFJ3mKjZe9TYD5i"), 60) tx_digest=Digest("3ijrxbqcGq5iN7o1mmoFc7TJSMxtMeFJ3mKjZe9TYD5i") retry_cnt=0
2026-05-20T11:12:10.709257Z ERROR iota_benchmark: Transaction failed with err: FailToConfirmTransactionStatus(Digest("5qSofsZM9516FXGQkDWtAzVXvLJgo196y4fdumFkyLrv"), 60) tx_digest=Digest("5qSofsZM9516FXGQkDWtAzVXvLJgo196y4fdumFkyLrv") retry_cnt=0
2026-05-20T11:12:10.709309Z ERROR iota_benchmark: Transaction failed with err: FailToConfirmTransactionStatus(Digest("B14ZjvEa4veDRpqCKUnpHFVwVtx9WwXQDQsjMyPHTN68"), 60) tx_digest=Digest("B14ZjvEa4veDRpqCKUnpHFVwVtx9WwXQDQsjMyPHTN68") retry_cnt=0
2026-05-20T11:12:10.709335Z ERROR iota_benchmark: Transaction failed with err: FailToConfirmTransactionStatus(Digest("GRyjfhhFimZtSbZBnNpayEyfaEUckwSJpGgqAnuKUzWi"), 60) tx_digest=Digest("GRyjfhhFimZtSbZBnNpayEyfaEUckwSJpGgqAnuKUzWi") retry_cnt=0
2026-05-20T11:12:10.709382Z ERROR iota_benchmark: Transaction failed with err: FailToConfirmTransactionStatus(Digest("9kUz5bqxfuSsrPgsx19jhPs6vkSA7vRNrPv4dt51zzsG"), 60) tx_digest=Digest("9kUz5bqxfuSsrPgsx19jhPs6vkSA7vRNrPv4dt51zzsG") retry_cnt=0
2026-05-20T11:12:10.709391Z ERROR iota_benchmark: Transaction failed with err: FailToConfirmTransactionStatus(Digest("7fdPCPya6HLe6eEkYKqCko5GCfwMvhyCMjU3ApRaoYun"), 60) tx_digest=Digest("7fdPCPya6HLe6eEkYKqCko5GCfwMvhyCMjU3ApRaoYun") retry_cnt=0
2026-05-20T11:12:10.709469Z ERROR iota_benchmark: Transaction failed with err: FailToConfirmTransactionStatus(Digest("7n3skVKueBU8ZVhsXZA9nqYyHVcv2PRo64uT3o7qREqQ"), 60) tx_digest=Digest("7n3skVKueBU8ZVhsXZA9nqYyHVcv2PRo64uT3o7qREqQ") retry_cnt=0
2026-05-20T11:12:10.709564Z ERROR iota_benchmark: Transaction failed with err: FailToConfirmTransactionStatus(Digest("P54gKtNUNqgTtTch1bX6dy3eLSyni2YCc98bqFeB9AS"), 60) tx_digest=Digest("P54gKtNUNqgTtTch1bX6dy3eLSyni2YCc98bqFeB9AS") retry_cnt=0
2026-05-20T11:12:10.709800Z ERROR iota_benchmark: Transaction failed with err: FailToConfirmTransactionStatus(Digest("E7hByjbTYYYPnoxQC2zgH57qaHmbpqdFtu9Bv5Equf5V"), 60) tx_digest=Digest("E7hByjbTYYYPnoxQC2zgH57qaHmbpqdFtu9Bv5Equf5V") retry_cnt=0
2026-05-20T11:12:10.711199Z ERROR iota_benchmark: Transaction failed with err: FailToConfirmTransactionStatus(Digest("AjsL7JoQYFqX7b7Eo7cTULJYnviaRhKh5cr3fwTsM6nL"), 60) tx_digest=Digest("AjsL7JoQYFqX7b7Eo7cTULJYnviaRhKh5cr3fwTsM6nL") retry_cnt=0
2026-05-20T11:12:10.711207Z ERROR iota_benchmark: Transaction failed with err: FailToConfirmTransactionStatus(Digest("BvkeBQJei1eyWMDENfi6R476HK36VWvET64BHkfGLUJx"), 60) tx_digest=Digest("BvkeBQJei1eyWMDENfi6R476HK36VWvET64BHkfGLUJx") retry_cnt=0
2026-05-20T11:12:10.711214Z ERROR iota_benchmark: Transaction failed with err: FailToConfirmTransactionStatus(Digest("2GAZAUoFsxUWUWzXqs7ewgC3QyjWsVRaS6jE1SwobYbQ"), 60) tx_digest=Digest("2GAZAUoFsxUWUWzXqs7ewgC3QyjWsVRaS6jE1SwobYbQ") retry_cnt=0
2026-05-20T11:12:10.711216Z ERROR iota_benchmark: Transaction failed with err: FailToConfirmTransactionStatus(Digest("J86XFUECGrk3EeDPB6d3gUPnzwqh2ArQoQiGWDGEApMM"), 60) tx_digest=Digest("J86XFUECGrk3EeDPB6d3gUPnzwqh2ArQoQiGWDGEApMM") retry_cnt=0
2026-05-20T11:12:10.711412Z ERROR iota_benchmark: Transaction failed with err: FailToConfirmTransactionStatus(Digest("5XJrStX98svYvEF63Cm5gUnVDdMfduL2CtKpryixTf6d"), 60) tx_digest=Digest("5XJrStX98svYvEF63Cm5gUnVDdMfduL2CtKpryixTf6d") retry_cnt=0
2026-05-20T11:12:10.717314Z ERROR iota_benchmark: Transaction failed with err: FailToConfirmTransactionStatus(Digest("CFRtHgTJN5ZtvpgAPajQ81ig5Y7t2sCVk4Tbqv3VM32u"), 60) tx_digest=Digest("CFRtHgTJN5ZtvpgAPajQ81ig5Y7t2sCVk4Tbqv3VM32u") retry_cnt=0
2026-05-20T11:12:10.717314Z ERROR iota_benchmark: Transaction failed with err: FailToConfirmTransactionStatus(Digest("Aq7aHvc4jNh6A7YDod6CPVEtQ3Yqk6jfwniRbKPy11hE"), 60) tx_digest=Digest("Aq7aHvc4jNh6A7YDod6CPVEtQ3Yqk6jfwniRbKPy11hE") retry_cnt=0
2026-05-20T11:12:10.721109Z ERROR iota_benchmark: Transaction failed with err: FailToConfirmTransactionStatus(Digest("6EMTYZ3wX3F7omhvdERXhq7QAwTTsApwwFt2eyVLe8Bo"), 60) tx_digest=Digest("6EMTYZ3wX3F7omhvdERXhq7QAwTTsApwwFt2eyVLe8Bo") retry_cnt=0
2026-05-20T11:12:10.721114Z ERROR iota_benchmark: Transaction failed with err: FailToConfirmTransactionStatus(Digest("CKRinytm9soCoAhzH5a8Jb4rx3yVEWFwDJMxNFextXvb"), 60) tx_digest=Digest("CKRinytm9soCoAhzH5a8Jb4rx3yVEWFwDJMxNFextXvb") retry_cnt=0
2026-05-20T11:12:10.721128Z ERROR iota_benchmark: Transaction failed with err: FailToConfirmTransactionStatus(Digest("6vnNfRfXu2MstQQvAyasmjhvDXNdQXByuYCT149KZvrD"), 60) tx_digest=Digest("6vnNfRfXu2MstQQvAyasmjhvDXNdQXByuYCT149KZvrD") retry_cnt=0
2026-05-20T11:12:10.721171Z ERROR iota_benchmark: Transaction failed with err: FailToConfirmTransactionStatus(Digest("2J42Jge1j8gVsw46WMeYL4zTHvSujjTw3fJB6wToQAjk"), 60) tx_digest=Digest("2J42Jge1j8gVsw46WMeYL4zTHvSujjTw3fJB6wToQAjk") retry_cnt=0
2026-05-20T11:12:10.721363Z ERROR iota_benchmark: Transaction failed with err: FailToConfirmTransactionStatus(Digest("3Q5W65UJgQY9qx8PZ4ZYYxFwW8BfXhiMw35yvHKWkzPK"), 60) tx_digest=Digest("3Q5W65UJgQY9qx8PZ4ZYYxFwW8BfXhiMw35yvHKWkzPK") retry_cnt=0
2026-05-20T11:12:10.725104Z ERROR iota_benchmark: Transaction failed with err: FailToConfirmTransactionStatus(Digest("FcaVucpXPR7QMv4RohL1ywE4PWzT8vEbCVsj7KA7yzJv"), 60) tx_digest=Digest("FcaVucpXPR7QMv4RohL1ywE4PWzT8vEbCVsj7KA7yzJv") retry_cnt=0
2026-05-20T11:12:10.725132Z ERROR iota_benchmark: Transaction failed with err: FailToConfirmTransactionStatus(Digest("9FCm2kgxBbjZRq9wtEwmYUWGbWC35bY6kDQ8aiF6jB7Y"), 60) tx_digest=Digest("9FCm2kgxBbjZRq9wtEwmYUWGbWC35bY6kDQ8aiF6jB7Y") retry_cnt=0
2026-05-20T11:12:10.725160Z ERROR iota_benchmark: Transaction failed with err: FailToConfirmTransactionStatus(Digest("3DKmpEemsvujM9PCjUXvMUTJ62cANVevCyGt9EgQHt96"), 60) tx_digest=Digest("3DKmpEemsvujM9PCjUXvMUTJ62cANVevCyGt9EgQHt96") retry_cnt=0
2026-05-20T11:12:10.725277Z ERROR iota_benchmark: Transaction failed with err: FailToConfirmTransactionStatus(Digest("6vktBr84PyugV33Uo56hGy14M96E25aRXTL7MYiA5EAD"), 60) tx_digest=Digest("6vktBr84PyugV33Uo56hGy14M96E25aRXTL7MYiA5EAD") retry_cnt=0
2026-05-20T11:12:10.725339Z ERROR iota_benchmark: Transaction failed with err: FailToConfirmTransactionStatus(Digest("DxTV6PyvhGQpgujRqF5qPwdDSCAX5yW4LLZ9ZPapiQj8"), 60) tx_digest=Digest("DxTV6PyvhGQpgujRqF5qPwdDSCAX5yW4LLZ9ZPapiQj8") retry_cnt=0
2026-05-20T11:12:10.725396Z ERROR iota_benchmark: Transaction failed with err: FailToConfirmTransactionStatus(Digest("95BfS9dwcgAwA26mtVRZxrfhrFGqkLQbYV7iFbRrz5JP"), 60) tx_digest=Digest("95BfS9dwcgAwA26mtVRZxrfhrFGqkLQbYV7iFbRrz5JP") retry_cnt=0
2026-05-20T11:12:10.763225Z ERROR iota_benchmark: Transaction failed with err: FailToConfirmTransactionStatus(Digest("D5QpP7LouHDcjHgFRs8fJd9ptD7nebhDXXqVQeT2cooZ"), 60) tx_digest=Digest("D5QpP7LouHDcjHgFRs8fJd9ptD7nebhDXXqVQeT2cooZ") retry_cnt=0
2026-05-20T11:12:10.763230Z ERROR iota_benchmark: Transaction failed with err: FailToConfirmTransactionStatus(Digest("Hq3nKWZ8eDFM4P58DVax1xgjbv2NQw2ZVLMWVuRscmLg"), 60) tx_digest=Digest("Hq3nKWZ8eDFM4P58DVax1xgjbv2NQw2ZVLMWVuRscmLg") retry_cnt=0
2026-05-20T11:12:10.765325Z ERROR iota_benchmark: Transaction failed with err: Rpc(Transport(Http(Stream(hyper_util::client::legacy::Error(SendRequest, hyper::Error(IncompleteMessage)))))) tx_digest=Digest("GSRvNAoDyQGzHzS1McA1Ur74ism4WRJmZ9gNzXHnG7zu") retry_cnt=1
2026-05-20T11:12:10.765361Z ERROR iota_benchmark: Transaction failed with err: Rpc(Transport(Http(Stream(hyper_util::client::legacy::Error(SendRequest, hyper::Error(IncompleteMessage)))))) tx_digest=Digest("7vuFatKwRFPYqCKtYTXA1N1B5pHsm5WVUJvGH7h3JEbz") retry_cnt=1
2026-05-20T11:12:10.765465Z ERROR iota_benchmark: Transaction failed with err: Rpc(Transport(Http(Stream(hyper_util::client::legacy::Error(SendRequest, hyper::Error(IncompleteMessage)))))) tx_digest=Digest("5zu6Gx1AqrMnWhbRJkacTSQaqyZW5v4SpwhvJiEpFGrc") retry_cnt=1
2026-05-20T11:12:10.765480Z ERROR iota_benchmark: Transaction failed with err: Rpc(Transport(Http(Stream(hyper_util::client::legacy::Error(SendRequest, hyper::Error(IncompleteMessage)))))) tx_digest=Digest("AcB2MATjahBadb8zNbwCcHFFEfsbtcyJd7JrEKpYFr4q") retry_cnt=1
2026-05-20T11:12:10.765516Z ERROR iota_benchmark: Transaction failed with err: Rpc(Transport(Http(Stream(hyper_util::client::legacy::Error(SendRequest, hyper::Error(IncompleteMessage)))))) tx_digest=Digest("LkXzTbgbqy3B981V5HdBe6rScnMvX6RFhzVZwXxMs7g") retry_cnt=1
2026-05-20T11:12:10.765601Z ERROR iota_benchmark: Transaction failed with err: Rpc(Transport(Http(Stream(hyper_util::client::legacy::Error(SendRequest, hyper::Error(IncompleteMessage)))))) tx_digest=Digest("FkpphCfM34FxdfJWMQx3kXMGvxH99VBQiMz4iaaDHdk8") retry_cnt=1
2026-05-20T11:12:10.765603Z ERROR iota_benchmark: Transaction failed with err: Rpc(Transport(Http(Stream(hyper_util::client::legacy::Error(SendRequest, hyper::Error(IncompleteMessage)))))) tx_digest=Digest("BZokunRRP7dZHhtijzc4Hg2AK3EBaVeoHgaDcwEQfPhz") retry_cnt=1
2026-05-20T11:12:10.765625Z ERROR iota_benchmark: Transaction failed with err: Rpc(Transport(Http(Stream(hyper_util::client::legacy::Error(SendRequest, hyper::Error(IncompleteMessage)))))) tx_digest=Digest("B8QPBhw59Mf3h4SSrs8cLNtUojK2862TUxCLMZZfJr9d") retry_cnt=1
2026-05-20T11:12:10.765666Z ERROR iota_benchmark: Transaction failed with err: Rpc(Transport(Http(Stream(hyper_util::client::legacy::Error(SendRequest, hyper::Error(IncompleteMessage)))))) tx_digest=Digest("EbVWrchsSCXkGDB9uAGt7K8ATZtcfjEzVEQYebG6UbEt") retry_cnt=1
2026-05-20T11:12:10.765681Z ERROR iota_benchmark: Transaction failed with err: Rpc(Transport(Http(Stream(hyper_util::client::legacy::Error(SendRequest, hyper::Error(IncompleteMessage)))))) tx_digest=Digest("57dUCu568gNq2H1AsGTaaBxUqj6pUervVVkkpknF9tDt") retry_cnt=1
2026-05-20T11:12:10.765693Z ERROR iota_benchmark: Transaction failed with err: Rpc(Transport(Http(Stream(hyper_util::client::legacy::Error(SendRequest, hyper::Error(IncompleteMessage)))))) tx_digest=Digest("FsmnxBwwkAzJJEtSfeDT98LMaSE1ni1AgvUS7omCJNqr") retry_cnt=1
2026-05-20T11:12:10.765767Z ERROR iota_benchmark: Transaction failed with err: Rpc(Transport(Http(Stream(hyper_util::client::legacy::Error(SendRequest, hyper::Error(IncompleteMessage)))))) tx_digest=Digest("7e7MwSaVUqvf3dCoFeaDSGJcUwHiUFKQDwucHAFeNpr3") retry_cnt=1
2026-05-20T11:12:10.765839Z ERROR iota_benchmark: Transaction failed with err: Rpc(Transport(Http(Stream(hyper_util::client::legacy::Error(SendRequest, hyper::Error(IncompleteMessage)))))) tx_digest=Digest("G7ghtGhbUWc5jVyfQA52W7mSBQkyiKknfeWrFRQwMzqA") retry_cnt=1
2026-05-20T11:12:10.765840Z ERROR iota_benchmark: Transaction failed with err: Rpc(Transport(Http(Stream(hyper_util::client::legacy::Error(SendRequest, hyper::Error(IncompleteMessage)))))) tx_digest=Digest("EzEGL5te8LfpPFmgBBSs8UpQP88Pu3ezYkuoXprdNuc6") retry_cnt=1
2026-05-20T11:12:10.765901Z ERROR iota_benchmark: Transaction failed with err: Rpc(Transport(Http(Stream(hyper_util::client::legacy::Error(SendRequest, hyper::Error(IncompleteMessage)))))) tx_digest=Digest("CWCDz4SPv1fWaPuNRKVxmTgAMfE3cxte7UyjwuYVmG3j") retry_cnt=1
2026-05-20T11:12:10.765918Z ERROR iota_benchmark: Transaction failed with err: Rpc(Transport(Http(Stream(hyper_util::client::legacy::Error(SendRequest, hyper::Error(IncompleteMessage)))))) tx_digest=Digest("D68EMYXLvzSRn2xzkktAU8B3NZ2MkrBafwvu4HpxrkY1") retry_cnt=1
2026-05-20T11:12:10.766022Z ERROR iota_benchmark: Transaction failed with err: Rpc(Transport(Http(Stream(hyper_util::client::legacy::Error(SendRequest, hyper::Error(IncompleteMessage)))))) tx_digest=Digest("DyB48S33484pY7W5Eqa6hcB19pT71kjnCm3CXikiS2qU") retry_cnt=1
2026-05-20T11:12:10.766120Z ERROR iota_benchmark: Transaction failed with err: Rpc(Transport(Http(Stream(hyper_util::client::legacy::Error(SendRequest, hyper::Error(IncompleteMessage)))))) tx_digest=Digest("3rXBSJJihuR3M38vyiZMdT2GDPHvKaBtfNJKG5zfSbca") retry_cnt=1
2026-05-20T11:12:10.766197Z ERROR iota_benchmark: Transaction failed with err: Rpc(Transport(Http(Stream(hyper_util::client::legacy::Error(SendRequest, hyper::Error(IncompleteMessage)))))) tx_digest=Digest("8pJzUgaQR1XD35E98siVcZhnjgoFCSwFkypbDYpq4GKf") retry_cnt=1
2026-05-20T11:12:10.765757Z ERROR iota_benchmark: Transaction failed with err: Rpc(Transport(Http(Stream(hyper_util::client::legacy::Error(SendRequest, hyper::Error(IncompleteMessage)))))) tx_digest=Digest("DVgPKzNyM2JUz8hMx6PNjrJmukb4dvgfS4EAR2tEWpK") retry_cnt=1
2026-05-20T11:12:10.766284Z ERROR iota_benchmark: Transaction failed with err: Rpc(Transport(Http(Stream(hyper_util::client::legacy::Error(SendRequest, hyper::Error(IncompleteMessage)))))) tx_digest=Digest("2rezy1L2Sia4Z6RVut5YkRCw3Mi9xfida7qR5nQ61T3h") retry_cnt=1
2026-05-20T11:12:10.766310Z ERROR iota_benchmark: Transaction failed with err: Rpc(Transport(Http(Stream(hyper_util::client::legacy::Error(SendRequest, hyper::Error(IncompleteMessage)))))) tx_digest=Digest("H8pBTNT6ZcenCBQ3dBUPigbWdxkGrVrCqPRHxru1Pc2g") retry_cnt=1
2026-05-20T11:12:10.766368Z ERROR iota_benchmark: Transaction failed with err: Rpc(Transport(Http(Stream(hyper_util::client::legacy::Error(SendRequest, hyper::Error(IncompleteMessage)))))) tx_digest=Digest("2RbqPobjiq4mFQouQXtkGbrp6Wk1vAi995LmKcKvNFsc") retry_cnt=1
2026-05-20T11:12:10.766382Z ERROR iota_benchmark: Transaction failed with err: Rpc(Transport(Http(Stream(hyper_util::client::legacy::Error(SendRequest, hyper::Error(IncompleteMessage)))))) tx_digest=Digest("bkg2huDVhFN6pBKL3GvGbJjx27uqmcUSye6n6TGTKoU") retry_cnt=1
2026-05-20T11:12:10.766441Z ERROR iota_benchmark: Transaction failed with err: Rpc(Transport(Http(Stream(hyper_util::client::legacy::Error(SendRequest, hyper::Error(IncompleteMessage)))))) tx_digest=Digest("Fj37WQnchorFM1jXj3bHGCkA6qp1JYSTea2JK6DBPkTn") retry_cnt=1
2026-05-20T11:12:10.766456Z ERROR iota_benchmark: Transaction failed with err: Rpc(Transport(Http(Stream(hyper_util::client::legacy::Error(SendRequest, hyper::Error(IncompleteMessage)))))) tx_digest=Digest("3ne8ZJrLCEF48jjbVkAVhqmJ8TBfcfKhX1QN3a65HRjA") retry_cnt=1
2026-05-20T11:12:10.766519Z ERROR iota_benchmark: Transaction failed with err: Rpc(Transport(Http(Stream(hyper_util::client::legacy::Error(SendRequest, hyper::Error(IncompleteMessage)))))) tx_digest=Digest("5x3xhHeW8Tqt7HAFBwFs6THjn2qFXRjKox5kKGaREdNk") retry_cnt=1
2026-05-20T11:12:10.766519Z ERROR iota_benchmark: Transaction failed with err: Rpc(Transport(Http(Stream(hyper_util::client::legacy::Error(SendRequest, hyper::Error(IncompleteMessage)))))) tx_digest=Digest("Fbrcz92y6LjVPa6Zch3LK2XhGBwrsNt9CS1c5G1b2bod") retry_cnt=1
2026-05-20T11:12:10.766601Z ERROR iota_benchmark: Transaction failed with err: Rpc(Transport(Http(Stream(hyper_util::client::legacy::Error(SendRequest, hyper::Error(IncompleteMessage)))))) tx_digest=Digest("3A6EtuK66wQKKBFbZyC3qQKpFHzXVf2YGEgziavGV7rm") retry_cnt=1
2026-05-20T11:12:10.766684Z ERROR iota_benchmark: Transaction failed with err: Rpc(Transport(Http(Stream(hyper_util::client::legacy::Error(SendRequest, hyper::Error(IncompleteMessage)))))) tx_digest=Digest("aN3C49J8DQPazHgvEo5MXV85fmSCCUp6BL7X3nNCcSa") retry_cnt=1
2026-05-20T11:12:10.766740Z ERROR iota_benchmark: Transaction failed with err: Rpc(Transport(Http(Stream(hyper_util::client::legacy::Error(SendRequest, hyper::Error(IncompleteMessage)))))) tx_digest=Digest("GgyPydesfXSLra2skfAgynBhrtUfVAqRnGNzeM7DzAz9") retry_cnt=1
2026-05-20T11:12:10.766757Z ERROR iota_benchmark: Transaction failed with err: Rpc(Transport(Http(Stream(hyper_util::client::legacy::Error(SendRequest, hyper::Error(IncompleteMessage)))))) tx_digest=Digest("9X1piQUBKZQBQH4jTiAfbwL6TvV5dY7x4jmxLypzBFXL") retry_cnt=1
2026-05-20T11:12:10.766797Z ERROR iota_benchmark: Transaction failed with err: Rpc(Transport(Http(Stream(hyper_util::client::legacy::Error(SendRequest, hyper::Error(IncompleteMessage)))))) tx_digest=Digest("9fqgvg1cApJvcuWx3CuQb1mV9ewkPymwMM5iJqeTgHLk") retry_cnt=1
2026-05-20T11:12:10.766812Z ERROR iota_benchmark: Transaction failed with err: Rpc(Transport(Http(Stream(hyper_util::client::legacy::Error(SendRequest, hyper::Error(IncompleteMessage)))))) tx_digest=Digest("9tUyCc3MiV5nbWQvDxDBgP2P8x6Jkppcv95Hb5jWPjmg") retry_cnt=1
2026-05-20T11:12:10.766828Z ERROR iota_benchmark: Transaction failed with err: Rpc(Transport(Http(Stream(hyper_util::client::legacy::Error(SendRequest, hyper::Error(IncompleteMessage)))))) tx_digest=Digest("DNWTXWRN2hybhR6P4UAtnYNXubS79r1v7rp6KUHAu9QD") retry_cnt=1
2026-05-20T11:12:10.766879Z ERROR iota_benchmark: Transaction failed with err: Rpc(Transport(Http(Stream(hyper_util::client::legacy::Error(SendRequest, hyper::Error(IncompleteMessage)))))) tx_digest=Digest("879H2F8QM3rtGPDMW2QxLvuCbJn4kyjw7TKZT1xnGsSN") retry_cnt=1
2026-05-20T11:12:10.766889Z ERROR iota_benchmark: Transaction failed with err: Rpc(Transport(Http(Stream(hyper_util::client::legacy::Error(SendRequest, hyper::Error(IncompleteMessage)))))) tx_digest=Digest("2bBGq3zALTRpt5PpZmykm245zd3HtsA3tuvo4jQgFn2m") retry_cnt=1
2026-05-20T11:12:10.766939Z ERROR iota_benchmark: Transaction failed with err: Rpc(Transport(Http(Stream(hyper_util::client::legacy::Error(SendRequest, hyper::Error(IncompleteMessage)))))) tx_digest=Digest("FCCxyc444oqkovVDQJMbn28bihiWVj9doyhDGKVubNGk") retry_cnt=1
2026-05-20T11:12:10.767029Z ERROR iota_benchmark: Transaction failed with err: Rpc(Transport(Http(Stream(hyper_util::client::legacy::Error(SendRequest, hyper::Error(IncompleteMessage)))))) tx_digest=Digest("CFwGox91ajQ7NTMCKkRHqgLNPXcYeSNLoTeMvGzyUKRX") retry_cnt=1
2026-05-20T11:12:10.767095Z ERROR iota_benchmark: Transaction failed with err: Rpc(Transport(Http(Stream(hyper_util::client::legacy::Error(SendRequest, hyper::Error(IncompleteMessage)))))) tx_digest=Digest("D1KvtTtz8zivtN9DysPr5KrXvG1Ffirh1NSbRNQxAZ7c") retry_cnt=1
2026-05-20T11:12:10.767149Z ERROR iota_benchmark: Transaction failed with err: Rpc(Transport(Http(Stream(hyper_util::client::legacy::Error(SendRequest, hyper::Error(IncompleteMessage)))))) tx_digest=Digest("HebdvTPJbiAAkzdpoSb51FdP1hegDCE6N2XMztdqT2ia") retry_cnt=1
2026-05-20T11:12:10.767409Z ERROR iota_benchmark: Transaction failed with err: Rpc(Transport(Http(Stream(hyper_util::client::legacy::Error(SendRequest, hyper::Error(IncompleteMessage)))))) tx_digest=Digest("EpVHr6dG8to6gt2L5CWiQbQARnwxijJ2sJaHGk5uasXs") retry_cnt=1
2026-05-20T11:12:10.767554Z ERROR iota_benchmark: Transaction failed with err: Rpc(Transport(Http(Stream(hyper_util::client::legacy::Error(SendRequest, hyper::Error(IncompleteMessage)))))) tx_digest=Digest("HusxoUKAvq9nuBNfpMNTzmzHBqSqBnrQBxcCbW5NJTQo") retry_cnt=1
2026-05-20T11:12:10.767643Z ERROR iota_benchmark: Transaction failed with err: Rpc(Transport(Http(Stream(hyper_util::client::legacy::Error(SendRequest, hyper::Error(IncompleteMessage)))))) tx_digest=Digest("4oNsgjmQMi5j11y4XM1towGReMMDrpu7giRh3jAuwSny") retry_cnt=1
2026-05-20T11:12:10.767707Z ERROR iota_benchmark: Transaction failed with err: Rpc(Transport(Http(Stream(hyper_util::client::legacy::Error(SendRequest, hyper::Error(IncompleteMessage)))))) tx_digest=Digest("4SEcWSNLFhGCgiUbLEMvRUhWUrvNLEwBHBaCPTdJPfTz") retry_cnt=1
2026-05-20T11:12:10.768780Z ERROR iota_benchmark: Transaction failed with err: Rpc(Transport(Http(Stream(hyper_util::client::legacy::Error(SendRequest, hyper::Error(IncompleteMessage)))))) tx_digest=Digest("A2VCEKBwvrcYGSw6pabmVXQ57YSfAhEYWmywALD9p3wh") retry_cnt=1
2026-05-20T11:12:10.783170Z ERROR iota_benchmark: Transaction failed with err: FailToConfirmTransactionStatus(Digest("GyA7q8yyMy2tLF8MM73JWDyzfmeZBSMCstDGpHEycSJQ"), 60) tx_digest=Digest("GyA7q8yyMy2tLF8MM73JWDyzfmeZBSMCstDGpHEycSJQ") retry_cnt=0
2026-05-20T11:12:10.783178Z ERROR iota_benchmark: Transaction failed with err: FailToConfirmTransactionStatus(Digest("2eB3pAZgLf8HweCeBV4AyNtnTv84aSF4HMcNb6ULQX6t"), 60) tx_digest=Digest("2eB3pAZgLf8HweCeBV4AyNtnTv84aSF4HMcNb6ULQX6t") retry_cnt=0
2026-05-20T11:12:10.783218Z ERROR iota_benchmark: Transaction failed with err: FailToConfirmTransactionStatus(Digest("GRne55kMCwYdNUxoBba2gnqXtaog8ZEVPzpU3teCLw5D"), 60) tx_digest=Digest("GRne55kMCwYdNUxoBba2gnqXtaog8ZEVPzpU3teCLw5D") retry_cnt=0
2026-05-20T11:12:10.783257Z ERROR iota_benchmark: Transaction failed with err: FailToConfirmTransactionStatus(Digest("Cp1UyW7pqJP8fGN28BCcXvYDScGEqkssVwBtRqyHnHND"), 60) tx_digest=Digest("Cp1UyW7pqJP8fGN28BCcXvYDScGEqkssVwBtRqyHnHND") retry_cnt=0
2026-05-20T11:12:10.783393Z ERROR iota_benchmark: Transaction failed with err: FailToConfirmTransactionStatus(Digest("2jqUDhi4w7EveEX1n7zyov1AinmactRrpdHrWvBiABHr"), 60) tx_digest=Digest("2jqUDhi4w7EveEX1n7zyov1AinmactRrpdHrWvBiABHr") retry_cnt=0
2026-05-20T11:12:10.783414Z ERROR iota_benchmark: Transaction failed with err: FailToConfirmTransactionStatus(Digest("A343NmFNTXc5Xk47j1qScwW5n9pPWNty5snQySYT55R3"), 60) tx_digest=Digest("A343NmFNTXc5Xk47j1qScwW5n9pPWNty5snQySYT55R3") retry_cnt=0
2026-05-20T11:12:10.783473Z ERROR iota_benchmark: Transaction failed with err: FailToConfirmTransactionStatus(Digest("HSZ8AaARbREpe1UfwsK9p4hher88v5jmsn3sZXmsFU9D"), 60) tx_digest=Digest("HSZ8AaARbREpe1UfwsK9p4hher88v5jmsn3sZXmsFU9D") retry_cnt=0
2026-05-20T11:12:10.783487Z ERROR iota_benchmark: Transaction failed with err: FailToConfirmTransactionStatus(Digest("FyqJTUHxwpWrRLWSpLVyMkDMUnQHRhKg9GS33yj9227h"), 60) tx_digest=Digest("FyqJTUHxwpWrRLWSpLVyMkDMUnQHRhKg9GS33yj9227h") retry_cnt=0
2026-05-20T11:12:10.783563Z ERROR iota_benchmark: Transaction failed with err: FailToConfirmTransactionStatus(Digest("4HohKWE2B5siTFm7cTEPv8dG8vkp6oufzeWQuTkrrmMM"), 60) tx_digest=Digest("4HohKWE2B5siTFm7cTEPv8dG8vkp6oufzeWQuTkrrmMM") retry_cnt=0
2026-05-20T11:12:10.783622Z ERROR iota_benchmark: Transaction failed with err: FailToConfirmTransactionStatus(Digest("5vBB428Zu13NYfGZfvJSnNGYZscsCB1kP12BhCouxKwy"), 60) tx_digest=Digest("5vBB428Zu13NYfGZfvJSnNGYZscsCB1kP12BhCouxKwy") retry_cnt=0
2026-05-20T11:12:10.783797Z ERROR iota_benchmark: Transaction failed with err: FailToConfirmTransactionStatus(Digest("HfTRJ1Wea9gBmxGt3eTa8BJ39uf4ssTVdDuRXe5GmN4o"), 60) tx_digest=Digest("HfTRJ1Wea9gBmxGt3eTa8BJ39uf4ssTVdDuRXe5GmN4o") retry_cnt=0
2026-05-20T11:12:10.785134Z ERROR iota_benchmark: Transaction failed with err: FailToConfirmTransactionStatus(Digest("AkyVPqCh5qfWo3rotzfenVWqyTmtZihCPNHiM94UjXRb"), 60) tx_digest=Digest("AkyVPqCh5qfWo3rotzfenVWqyTmtZihCPNHiM94UjXRb") retry_cnt=0
2026-05-20T11:12:10.785164Z ERROR iota_benchmark: Transaction failed with err: FailToConfirmTransactionStatus(Digest("BVY3rcQvrcc5aY6fEYEL3hrMTmaKHv6K7ue48prwxUhe"), 60) tx_digest=Digest("BVY3rcQvrcc5aY6fEYEL3hrMTmaKHv6K7ue48prwxUhe") retry_cnt=0
2026-05-20T11:12:10.785192Z ERROR iota_benchmark: Transaction failed with err: FailToConfirmTransactionStatus(Digest("9xRsNWRSvvC2UMi1RV9U3F2zyvSda3kAM52wJ1A3jN3P"), 60) tx_digest=Digest("9xRsNWRSvvC2UMi1RV9U3F2zyvSda3kAM52wJ1A3jN3P") retry_cnt=0
2026-05-20T11:12:10.785241Z ERROR iota_benchmark: Transaction failed with err: FailToConfirmTransactionStatus(Digest("7LKsKVjns51FcVvQ6oyT8Ae53gAFu1xusmjVDNWmC8of"), 60) tx_digest=Digest("7LKsKVjns51FcVvQ6oyT8Ae53gAFu1xusmjVDNWmC8of") retry_cnt=0
2026-05-20T11:12:10.785254Z ERROR iota_benchmark: Transaction failed with err: FailToConfirmTransactionStatus(Digest("HxJKMHNEZHpsZWxiRSHT7FzviP4CAffrR9Nx7WnCLeuv"), 60) tx_digest=Digest("HxJKMHNEZHpsZWxiRSHT7FzviP4CAffrR9Nx7WnCLeuv") retry_cnt=0
2026-05-20T11:12:10.785262Z ERROR iota_benchmark: Transaction failed with err: FailToConfirmTransactionStatus(Digest("25LYb44wZY15BWbsmUbhnkLBCkgYqQ9icecXzMkNeURf"), 60) tx_digest=Digest("25LYb44wZY15BWbsmUbhnkLBCkgYqQ9icecXzMkNeURf") retry_cnt=0
2026-05-20T11:12:10.785323Z ERROR iota_benchmark: Transaction failed with err: FailToConfirmTransactionStatus(Digest("BLo1AoGgWK9eiVWYFAVbnZMfsGeKywPGsHewWVUZcBwb"), 60) tx_digest=Digest("BLo1AoGgWK9eiVWYFAVbnZMfsGeKywPGsHewWVUZcBwb") retry_cnt=0
2026-05-20T11:12:10.785329Z ERROR iota_benchmark: Transaction failed with err: FailToConfirmTransactionStatus(Digest("3pAXBNN5PuCuFE875SSh7Y6aYSYB2yAsPTA5SuXqCKCs"), 60) tx_digest=Digest("3pAXBNN5PuCuFE875SSh7Y6aYSYB2yAsPTA5SuXqCKCs") retry_cnt=0
2026-05-20T11:12:10.785349Z ERROR iota_benchmark: Transaction failed with err: FailToConfirmTransactionStatus(Digest("FGKfCuowDq6Wu4aTvHJBrkyoCTySTFjZyaQDYiaJHThV"), 60) tx_digest=Digest("FGKfCuowDq6Wu4aTvHJBrkyoCTySTFjZyaQDYiaJHThV") retry_cnt=0
2026-05-20T11:12:10.800283Z ERROR iota_benchmark: Transaction failed with err: FailToConfirmTransactionStatus(Digest("B6nrUccuayPyJMv5YfAGC9ALRynJKXm4dUgHPRiTzA4j"), 60) tx_digest=Digest("B6nrUccuayPyJMv5YfAGC9ALRynJKXm4dUgHPRiTzA4j") retry_cnt=0
2026-05-20T11:12:10.813264Z ERROR iota_benchmark: Transaction failed with err: FailToConfirmTransactionStatus(Digest("BaGeV7m8FGHGCtYYno66x2BYytgbCRez1ikxfwGzjSWA"), 60) tx_digest=Digest("BaGeV7m8FGHGCtYYno66x2BYytgbCRez1ikxfwGzjSWA") retry_cnt=0
2026-05-20T11:12:10.813285Z ERROR iota_benchmark: Transaction failed with err: FailToConfirmTransactionStatus(Digest("D2wdm38ZkxQW1Xsac46CaLrCN8NLDbpEgBiRX2zNgnYu"), 60) tx_digest=Digest("D2wdm38ZkxQW1Xsac46CaLrCN8NLDbpEgBiRX2zNgnYu") retry_cnt=0
2026-05-20T11:12:10.818210Z ERROR iota_benchmark: Transaction failed with err: FailToConfirmTransactionStatus(Digest("3NgbvH1GtxpBW1AyohBic9A8YhqruzsZ6snSM12UiTfz"), 60) tx_digest=Digest("3NgbvH1GtxpBW1AyohBic9A8YhqruzsZ6snSM12UiTfz") retry_cnt=0
2026-05-20T11:12:10.818246Z ERROR iota_benchmark: Transaction failed with err: FailToConfirmTransactionStatus(Digest("EtimQTVgWzordkZvwBFEnJbkZiroqYRXbMZfQm1ueXjE"), 60) tx_digest=Digest("EtimQTVgWzordkZvwBFEnJbkZiroqYRXbMZfQm1ueXjE") retry_cnt=0
2026-05-20T11:12:10.819676Z ERROR iota_benchmark: Transaction failed with err: FailToConfirmTransactionStatus(Digest("AjFEs4n3qyRC8YGJpvsMBG27FzHFMFN2Zy9MKAT3Tqhx"), 60) tx_digest=Digest("AjFEs4n3qyRC8YGJpvsMBG27FzHFMFN2Zy9MKAT3Tqhx") retry_cnt=0
2026-05-20T11:12:10.819676Z ERROR iota_benchmark: Transaction failed with err: FailToConfirmTransactionStatus(Digest("5DBwEt8EUnXt5gYV36T27dMsgg96MAcRpKk9KsdLkrTw"), 60) tx_digest=Digest("5DBwEt8EUnXt5gYV36T27dMsgg96MAcRpKk9KsdLkrTw") retry_cnt=0
2026-05-20T11:12:10.819892Z ERROR iota_benchmark: Transaction failed with err: FailToConfirmTransactionStatus(Digest("8AXTFEQjUPojHS3viK1dn7H3r5RrPmnnjh2iazRFASqv"), 60) tx_digest=Digest("8AXTFEQjUPojHS3viK1dn7H3r5RrPmnnjh2iazRFASqv") retry_cnt=0
2026-05-20T11:12:10.820069Z ERROR iota_benchmark: Transaction failed with err: FailToConfirmTransactionStatus(Digest("9ooVzVJVfq9xNAhXBJws46eJXNMfNrHaUScTQ3bgyvkS"), 60) tx_digest=Digest("9ooVzVJVfq9xNAhXBJws46eJXNMfNrHaUScTQ3bgyvkS") retry_cnt=0
2026-05-20T11:12:10.820076Z ERROR iota_benchmark: Transaction failed with err: FailToConfirmTransactionStatus(Digest("GgrVyVmLdquL9Rcz3UfPMAdxbSNBSo955vokwcVpFjaW"), 60) tx_digest=Digest("GgrVyVmLdquL9Rcz3UfPMAdxbSNBSo955vokwcVpFjaW") retry_cnt=0
2026-05-20T11:12:10.820083Z ERROR iota_benchmark: Transaction failed with err: FailToConfirmTransactionStatus(Digest("24zJGepLTD2bQ9ukF9EbgLbbehaUQTdFfdyDDGwjhF2w"), 60) tx_digest=Digest("24zJGepLTD2bQ9ukF9EbgLbbehaUQTdFfdyDDGwjhF2w") retry_cnt=0
2026-05-20T11:12:10.820107Z ERROR iota_benchmark: Transaction failed with err: FailToConfirmTransactionStatus(Digest("GNTGecgYwjsdhppH9U5gPHQh5VUaZnYCLSRfNznzMzU"), 60) tx_digest=Digest("GNTGecgYwjsdhppH9U5gPHQh5VUaZnYCLSRfNznzMzU") retry_cnt=0
2026-05-20T11:12:10.820219Z ERROR iota_benchmark: Transaction failed with err: FailToConfirmTransactionStatus(Digest("AD5v4AonHyRcMWeaNZPgoxUdcRNfCNZBsnb9ZNn2gxoo"), 60) tx_digest=Digest("AD5v4AonHyRcMWeaNZPgoxUdcRNfCNZBsnb9ZNn2gxoo") retry_cnt=0
2026-05-20T11:12:10.820376Z ERROR iota_benchmark: Transaction failed with err: FailToConfirmTransactionStatus(Digest("8WjhAQcjW7W1evonuAw1EVEdLLap3VyAcwzAarxd1h7q"), 60) tx_digest=Digest("8WjhAQcjW7W1evonuAw1EVEdLLap3VyAcwzAarxd1h7q") retry_cnt=0
2026-05-20T11:12:10.821703Z ERROR iota_benchmark: Transaction failed with err: FailToConfirmTransactionStatus(Digest("HWnG8dAG7tfT3mKptCgq4nc4c72NZ9HPaG4CiF4tquok"), 60) tx_digest=Digest("HWnG8dAG7tfT3mKptCgq4nc4c72NZ9HPaG4CiF4tquok") retry_cnt=0
2026-05-20T11:12:10.821733Z ERROR iota_benchmark: Transaction failed with err: FailToConfirmTransactionStatus(Digest("9ssB3W9WC2h5rDzpAzML973B3UVR5otJxkEvEAxwSJQ6"), 60) tx_digest=Digest("9ssB3W9WC2h5rDzpAzML973B3UVR5otJxkEvEAxwSJQ6") retry_cnt=0
2026-05-20T11:12:10.821749Z ERROR iota_benchmark: Transaction failed with err: FailToConfirmTransactionStatus(Digest("EiTtDu9LQhX6CQWS7zJhD81PQNmxUgXwYKTAEJMmy84F"), 60) tx_digest=Digest("EiTtDu9LQhX6CQWS7zJhD81PQNmxUgXwYKTAEJMmy84F") retry_cnt=0
2026-05-20T11:12:10.821849Z ERROR iota_benchmark: Transaction failed with err: FailToConfirmTransactionStatus(Digest("HxrejKsRsTucuxxHRJ8KwGKNHWcKfGULgK6Q98ZFJMwy"), 60) tx_digest=Digest("HxrejKsRsTucuxxHRJ8KwGKNHWcKfGULgK6Q98ZFJMwy") retry_cnt=0
2026-05-20T11:12:10.824478Z ERROR iota_benchmark: Transaction failed with err: FailToConfirmTransactionStatus(Digest("6C4kNsHEujYYmipAt1mpqNcuXmv6rxDYQY6LuqPMSk5S"), 60) tx_digest=Digest("6C4kNsHEujYYmipAt1mpqNcuXmv6rxDYQY6LuqPMSk5S") retry_cnt=0
2026-05-20T11:12:10.828182Z ERROR iota_benchmark: Transaction failed with err: FailToConfirmTransactionStatus(Digest("79EVofE9cd5jNEhhP45PtySuhx6Fjhd3o8pmskZK3ydh"), 60) tx_digest=Digest("79EVofE9cd5jNEhhP45PtySuhx6Fjhd3o8pmskZK3ydh") retry_cnt=0
2026-05-20T11:12:10.828191Z ERROR iota_benchmark: Transaction failed with err: FailToConfirmTransactionStatus(Digest("5rYT3rbrYBBp5doQFa4G6jSTkJuc1MPZL6AcogSCzsHH"), 60) tx_digest=Digest("5rYT3rbrYBBp5doQFa4G6jSTkJuc1MPZL6AcogSCzsHH") retry_cnt=0
2026-05-20T11:12:10.828203Z ERROR iota_benchmark: Transaction failed with err: FailToConfirmTransactionStatus(Digest("UW1ahsJgeJ355yH9edq4b5hr5m27e5k4SViSuW1mgbJ"), 60) tx_digest=Digest("UW1ahsJgeJ355yH9edq4b5hr5m27e5k4SViSuW1mgbJ") retry_cnt=0
2026-05-20T11:12:10.828257Z ERROR iota_benchmark: Transaction failed with err: FailToConfirmTransactionStatus(Digest("HE7DNGv6CZC5NDyb9ZdLgnuy4PM61k7dvWiwYKc1qPoJ"), 60) tx_digest=Digest("HE7DNGv6CZC5NDyb9ZdLgnuy4PM61k7dvWiwYKc1qPoJ") retry_cnt=0
2026-05-20T11:12:10.828349Z ERROR iota_benchmark: Transaction failed with err: FailToConfirmTransactionStatus(Digest("BL49BXdHGjnu3griTbCEQreP7Q4xao6e2K5pPE9AgCba"), 60) tx_digest=Digest("BL49BXdHGjnu3griTbCEQreP7Q4xao6e2K5pPE9AgCba") retry_cnt=0
2026-05-20T11:12:10.828356Z ERROR iota_benchmark: Transaction failed with err: FailToConfirmTransactionStatus(Digest("BLtNxkr4umqmWfzkVEqzNEZrfZHKpRrKVgJGppFqaCHK"), 60) tx_digest=Digest("BLtNxkr4umqmWfzkVEqzNEZrfZHKpRrKVgJGppFqaCHK") retry_cnt=0
2026-05-20T11:12:10.828417Z ERROR iota_benchmark: Transaction failed with err: FailToConfirmTransactionStatus(Digest("8xmNCceue1pZxaLaVD57msZGJhB64xZmgD1JUnDom7BW"), 60) tx_digest=Digest("8xmNCceue1pZxaLaVD57msZGJhB64xZmgD1JUnDom7BW") retry_cnt=0
2026-05-20T11:12:10.828426Z ERROR iota_benchmark: Transaction failed with err: FailToConfirmTransactionStatus(Digest("HanyhtKoTKrhEoYuuvF7tK7PTzsrqPQwbheoJv5847VN"), 60) tx_digest=Digest("HanyhtKoTKrhEoYuuvF7tK7PTzsrqPQwbheoJv5847VN") retry_cnt=0
2026-05-20T11:12:10.828449Z ERROR iota_benchmark: Transaction failed with err: FailToConfirmTransactionStatus(Digest("2qBKxY4S5WS4viZ8AD7GpcV47QJXJG4YtrnA1EpsKVR2"), 60) tx_digest=Digest("2qBKxY4S5WS4viZ8AD7GpcV47QJXJG4YtrnA1EpsKVR2") retry_cnt=0
2026-05-20T11:12:10.828465Z ERROR iota_benchmark: Transaction failed with err: FailToConfirmTransactionStatus(Digest("CW8EiGxVdm86QgQ2MfJqvAoj48qagEEmQEdWBqsQAS9K"), 60) tx_digest=Digest("CW8EiGxVdm86QgQ2MfJqvAoj48qagEEmQEdWBqsQAS9K") retry_cnt=0
2026-05-20T11:12:10.828497Z ERROR iota_benchmark: Transaction failed with err: FailToConfirmTransactionStatus(Digest("2JQRozhNW1EUvQv9bKEDcAxbLxwf2div6LRs6F2z5xPF"), 60) tx_digest=Digest("2JQRozhNW1EUvQv9bKEDcAxbLxwf2div6LRs6F2z5xPF") retry_cnt=0
2026-05-20T11:12:10.828549Z ERROR iota_benchmark: Transaction failed with err: FailToConfirmTransactionStatus(Digest("DyuLDmjF6drqCeZs9CJHfgyXx4KKXek4iyTBSHfZQ1qe"), 60) tx_digest=Digest("DyuLDmjF6drqCeZs9CJHfgyXx4KKXek4iyTBSHfZQ1qe") retry_cnt=0
2026-05-20T11:12:10.828551Z ERROR iota_benchmark: Transaction failed with err: FailToConfirmTransactionStatus(Digest("9Z9eKHUfPjAnVdxn1SwpxEzomXnGwHc8A8YcBsPMZSnZ"), 60) tx_digest=Digest("9Z9eKHUfPjAnVdxn1SwpxEzomXnGwHc8A8YcBsPMZSnZ") retry_cnt=0
2026-05-20T11:12:10.828565Z ERROR iota_benchmark: Transaction failed with err: FailToConfirmTransactionStatus(Digest("4DQ9naqrnQtcUo4bHhUFrroEuiRAkojHPGMnFhvUripV"), 60) tx_digest=Digest("4DQ9naqrnQtcUo4bHhUFrroEuiRAkojHPGMnFhvUripV") retry_cnt=0
2026-05-20T11:12:10.828616Z ERROR iota_benchmark: Transaction failed with err: FailToConfirmTransactionStatus(Digest("2piikjQwHvnCqfk1eHTxfYoQwwVArbMXWKmmEyXWANga"), 60) tx_digest=Digest("2piikjQwHvnCqfk1eHTxfYoQwwVArbMXWKmmEyXWANga") retry_cnt=0
2026-05-20T11:12:10.828640Z ERROR iota_benchmark: Transaction failed with err: FailToConfirmTransactionStatus(Digest("7kjmTS52Y8mysLfNfCZS83hWyGYzj6M3dYnLPRTXk2Kh"), 60) tx_digest=Digest("7kjmTS52Y8mysLfNfCZS83hWyGYzj6M3dYnLPRTXk2Kh") retry_cnt=0
2026-05-20T11:12:10.828669Z ERROR iota_benchmark: Transaction failed with err: FailToConfirmTransactionStatus(Digest("GRv54RN4BU8tKwYqUqY7Nu3EoQWTCV3szZvLUeL7bFyj"), 60) tx_digest=Digest("GRv54RN4BU8tKwYqUqY7Nu3EoQWTCV3szZvLUeL7bFyj") retry_cnt=0
2026-05-20T11:12:10.828713Z ERROR iota_benchmark: Transaction failed with err: FailToConfirmTransactionStatus(Digest("AYfdxGnXBhBh51Xg71x3RJtxWRy6kGdjFuaaDTk8eAgQ"), 60) tx_digest=Digest("AYfdxGnXBhBh51Xg71x3RJtxWRy6kGdjFuaaDTk8eAgQ") retry_cnt=0
2026-05-20T11:12:10.828740Z ERROR iota_benchmark: Transaction failed with err: FailToConfirmTransactionStatus(Digest("2gfzVsGiWFzYYXzTUuC9kwM57duKX4TmRv5YMZtZYoaj"), 60) tx_digest=Digest("2gfzVsGiWFzYYXzTUuC9kwM57duKX4TmRv5YMZtZYoaj") retry_cnt=0
2026-05-20T11:12:10.829053Z ERROR iota_benchmark: Transaction failed with err: FailToConfirmTransactionStatus(Digest("3BBcnvYh5W22gACDcWgDqDinfRpNYZPwPNJNzGoXATQg"), 60) tx_digest=Digest("3BBcnvYh5W22gACDcWgDqDinfRpNYZPwPNJNzGoXATQg") retry_cnt=0
2026-05-20T11:12:10.829061Z ERROR iota_benchmark: Transaction failed with err: FailToConfirmTransactionStatus(Digest("D8mqtAWX3q4UtR4FakGsagF9SAAFdtVBZzHCNKR8355H"), 60) tx_digest=Digest("D8mqtAWX3q4UtR4FakGsagF9SAAFdtVBZzHCNKR8355H") retry_cnt=0
2026-05-20T11:12:10.830407Z ERROR iota_benchmark: Transaction failed with err: FailToConfirmTransactionStatus(Digest("6sHb7WSrRckFVQDjqTGNUYKNm8CjNJnJNAFTsbSJmknD"), 60) tx_digest=Digest("6sHb7WSrRckFVQDjqTGNUYKNm8CjNJnJNAFTsbSJmknD") retry_cnt=0
2026-05-20T11:12:10.830414Z ERROR iota_benchmark: Transaction failed with err: FailToConfirmTransactionStatus(Digest("2Ydx43ck9mnEmhDrdSqRbxFENcJKmjQuzm3X4LmcGXEs"), 60) tx_digest=Digest("2Ydx43ck9mnEmhDrdSqRbxFENcJKmjQuzm3X4LmcGXEs") retry_cnt=0
2026-05-20T11:12:10.830425Z ERROR iota_benchmark: Transaction failed with err: FailToConfirmTransactionStatus(Digest("8iN69gENngbchgf7Jv3FjtLJ5CzwkW3BmyPT7iXcqnzw"), 60) tx_digest=Digest("8iN69gENngbchgf7Jv3FjtLJ5CzwkW3BmyPT7iXcqnzw") retry_cnt=0
2026-05-20T11:12:10.830431Z ERROR iota_benchmark: Transaction failed with err: FailToConfirmTransactionStatus(Digest("CuYsVHgutyeu7kbLawDs8tWYbTUz7mrmaRAs3JABHcnE"), 60) tx_digest=Digest("CuYsVHgutyeu7kbLawDs8tWYbTUz7mrmaRAs3JABHcnE") retry_cnt=0
2026-05-20T11:12:10.830535Z ERROR iota_benchmark: Transaction failed with err: FailToConfirmTransactionStatus(Digest("9HRZ5zztWzzUvswDJBMjBhhe6JvT1uhqnGPxj7BMFBYo"), 60) tx_digest=Digest("9HRZ5zztWzzUvswDJBMjBhhe6JvT1uhqnGPxj7BMFBYo") retry_cnt=0
2026-05-20T11:12:10.830551Z ERROR iota_benchmark: Transaction failed with err: FailToConfirmTransactionStatus(Digest("3g2LoXUTr84rpooeSv2Sxkttp7VXYL5EiFcugQdSjrRx"), 60) tx_digest=Digest("3g2LoXUTr84rpooeSv2Sxkttp7VXYL5EiFcugQdSjrRx") retry_cnt=0
2026-05-20T11:12:10.831917Z ERROR iota_benchmark: Transaction failed with err: FailToConfirmTransactionStatus(Digest("ARrXUpREfDPfkhMNjueG3aYApn7TFts9fgHXCWneuu5J"), 60) tx_digest=Digest("ARrXUpREfDPfkhMNjueG3aYApn7TFts9fgHXCWneuu5J") retry_cnt=0
2026-05-20T11:12:10.831923Z ERROR iota_benchmark: Transaction failed with err: FailToConfirmTransactionStatus(Digest("ASjFZPokNYzwDvhnUCthbGBvEjykpSQTeJB4mRuutYnZ"), 60) tx_digest=Digest("ASjFZPokNYzwDvhnUCthbGBvEjykpSQTeJB4mRuutYnZ") retry_cnt=0
2026-05-20T11:12:10.831934Z ERROR iota_benchmark: Transaction failed with err: FailToConfirmTransactionStatus(Digest("GqtfaZR48qxZ1FxxHbVLhEZRsoFpCBfEQYoBMmjUVjq8"), 60) tx_digest=Digest("GqtfaZR48qxZ1FxxHbVLhEZRsoFpCBfEQYoBMmjUVjq8") retry_cnt=0
2026-05-20T11:12:10.831941Z ERROR iota_benchmark: Transaction failed with err: FailToConfirmTransactionStatus(Digest("8mkM1eyf1vhwoWvcUKqjpBqrgL5yepKLEoXWsCs5npsm"), 60) tx_digest=Digest("8mkM1eyf1vhwoWvcUKqjpBqrgL5yepKLEoXWsCs5npsm") retry_cnt=0
2026-05-20T11:12:10.832037Z ERROR iota_benchmark: Transaction failed with err: FailToConfirmTransactionStatus(Digest("DmRmfPfUxhXhUFNJ9NZJTdrGmcZaamwWwSoP1SrfapDF"), 60) tx_digest=Digest("DmRmfPfUxhXhUFNJ9NZJTdrGmcZaamwWwSoP1SrfapDF") retry_cnt=0
2026-05-20T11:12:10.832052Z ERROR iota_benchmark: Transaction failed with err: FailToConfirmTransactionStatus(Digest("DJYqoiDyqkRja5y4XvFK5rBszr6sCUUNDpbAicNTkhUx"), 60) tx_digest=Digest("DJYqoiDyqkRja5y4XvFK5rBszr6sCUUNDpbAicNTkhUx") retry_cnt=0
2026-05-20T11:12:10.833480Z ERROR iota_benchmark: Transaction failed with err: FailToConfirmTransactionStatus(Digest("5gSV6NmKR4H1VpKW941Sx4fBNNAeaH6o2NzNKhR8HGm7"), 60) tx_digest=Digest("5gSV6NmKR4H1VpKW941Sx4fBNNAeaH6o2NzNKhR8HGm7") retry_cnt=0
2026-05-20T11:12:10.833493Z ERROR iota_benchmark: Transaction failed with err: FailToConfirmTransactionStatus(Digest("BbmRqzAnAPUc29q58D6pMkGgAxB4wDEryMBPpJhDc1Zn"), 60) tx_digest=Digest("BbmRqzAnAPUc29q58D6pMkGgAxB4wDEryMBPpJhDc1Zn") retry_cnt=0
2026-05-20T11:12:10.833475Z ERROR iota_benchmark: Transaction failed with err: FailToConfirmTransactionStatus(Digest("8aJ7dTi7mVEZBouW4b6WHrxKGeu8HHjWd3CawST3ezWP"), 60) tx_digest=Digest("8aJ7dTi7mVEZBouW4b6WHrxKGeu8HHjWd3CawST3ezWP") retry_cnt=0
2026-05-20T11:12:10.833536Z ERROR iota_benchmark: Transaction failed with err: FailToConfirmTransactionStatus(Digest("Eku8fWEZtboyBvdtMrmqepsov4cmv1Nd6VEBSqco2uoa"), 60) tx_digest=Digest("Eku8fWEZtboyBvdtMrmqepsov4cmv1Nd6VEBSqco2uoa") retry_cnt=0
2026-05-20T11:12:10.833621Z ERROR iota_benchmark: Transaction failed with err: FailToConfirmTransactionStatus(Digest("5znGsru67Sibp2i71Wr3CNj2g2J8CecrQF2erKUsMG1y"), 60) tx_digest=Digest("5znGsru67Sibp2i71Wr3CNj2g2J8CecrQF2erKUsMG1y") retry_cnt=0
2026-05-20T11:12:10.833710Z ERROR iota_benchmark: Transaction failed with err: FailToConfirmTransactionStatus(Digest("Dzb6MM9gtA5C8RbFBAniFTV4TNahxGyoim6Sy7tDqN3S"), 60) tx_digest=Digest("Dzb6MM9gtA5C8RbFBAniFTV4TNahxGyoim6Sy7tDqN3S") retry_cnt=0
2026-05-20T11:12:10.833810Z ERROR iota_benchmark: Transaction failed with err: FailToConfirmTransactionStatus(Digest("DSrcnz2EQNW7KwpQAL5cyJ2FQWVtg6DF8y1JRa4i3s4r"), 60) tx_digest=Digest("DSrcnz2EQNW7KwpQAL5cyJ2FQWVtg6DF8y1JRa4i3s4r") retry_cnt=0
2026-05-20T11:12:10.834123Z ERROR iota_benchmark: Transaction failed with err: FailToConfirmTransactionStatus(Digest("JCHn1WS2NPPxdcjLms7R4yX9UZkEJrFdzBgHxPj13GuP"), 60) tx_digest=Digest("JCHn1WS2NPPxdcjLms7R4yX9UZkEJrFdzBgHxPj13GuP") retry_cnt=0
2026-05-20T11:12:10.837816Z ERROR iota_benchmark: Transaction failed with err: FailToConfirmTransactionStatus(Digest("34xftCRTJJ9TGGbCznPTQrfpguJVr7P4Fq2yTS3MNoSK"), 60) tx_digest=Digest("34xftCRTJJ9TGGbCznPTQrfpguJVr7P4Fq2yTS3MNoSK") retry_cnt=0
2026-05-20T11:12:10.837820Z ERROR iota_benchmark: Transaction failed with err: FailToConfirmTransactionStatus(Digest("HmwVvxTQKk3qqQkevnBxuv58yDaZJGyjA6bZWT13Xudv"), 60) tx_digest=Digest("HmwVvxTQKk3qqQkevnBxuv58yDaZJGyjA6bZWT13Xudv") retry_cnt=0
2026-05-20T11:12:10.837834Z ERROR iota_benchmark: Transaction failed with err: FailToConfirmTransactionStatus(Digest("97vh59sd1i8djREbNSWnjcWRCMujwbfcFFBzweL3aR9o"), 60) tx_digest=Digest("97vh59sd1i8djREbNSWnjcWRCMujwbfcFFBzweL3aR9o") retry_cnt=0
2026-05-20T11:12:10.837861Z ERROR iota_benchmark: Transaction failed with err: FailToConfirmTransactionStatus(Digest("83gQb5TQbAtz55JmqgDmWCjcAULMARdxsSN5iCoyXJQM"), 60) tx_digest=Digest("83gQb5TQbAtz55JmqgDmWCjcAULMARdxsSN5iCoyXJQM") retry_cnt=0
2026-05-20T11:12:10.838027Z ERROR iota_benchmark: Transaction failed with err: FailToConfirmTransactionStatus(Digest("CzaWKLqLYY86Q4kLGJ7Z4jBdHvA5EtEL86tywwWr4XB3"), 60) tx_digest=Digest("CzaWKLqLYY86Q4kLGJ7Z4jBdHvA5EtEL86tywwWr4XB3") retry_cnt=0
2026-05-20T11:12:10.838052Z ERROR iota_benchmark: Transaction failed with err: FailToConfirmTransactionStatus(Digest("DzjPBLfTocTtGnLh6uamxiB6t5x1D1k86sLnd5FWmZsi"), 60) tx_digest=Digest("DzjPBLfTocTtGnLh6uamxiB6t5x1D1k86sLnd5FWmZsi") retry_cnt=0
2026-05-20T11:12:10.838105Z ERROR iota_benchmark: Transaction failed with err: FailToConfirmTransactionStatus(Digest("5FUHHFJCkAu3zC7WMQRQRpoPbmdFQUdRwwdprfYcVMnE"), 60) tx_digest=Digest("5FUHHFJCkAu3zC7WMQRQRpoPbmdFQUdRwwdprfYcVMnE") retry_cnt=0
2026-05-20T11:12:10.838111Z ERROR iota_benchmark: Transaction failed with err: FailToConfirmTransactionStatus(Digest("6UftmE7oNsmx4FJzXuHTwqSwT69GLDMK8xQD7keLTjwr"), 60) tx_digest=Digest("6UftmE7oNsmx4FJzXuHTwqSwT69GLDMK8xQD7keLTjwr") retry_cnt=0
2026-05-20T11:12:10.838121Z ERROR iota_benchmark: Transaction failed with err: FailToConfirmTransactionStatus(Digest("9VbD53S3EdHuACJf7NEgRXASqorA1tY5ht66JZbaVVEK"), 60) tx_digest=Digest("9VbD53S3EdHuACJf7NEgRXASqorA1tY5ht66JZbaVVEK") retry_cnt=0
2026-05-20T11:12:10.838174Z ERROR iota_benchmark: Transaction failed with err: FailToConfirmTransactionStatus(Digest("4FLQQ9Uq1BCboZceJhM1ou4cDTMxQRCdp5VDLmSBQRzu"), 60) tx_digest=Digest("4FLQQ9Uq1BCboZceJhM1ou4cDTMxQRCdp5VDLmSBQRzu") retry_cnt=0
2026-05-20T11:12:10.838175Z ERROR iota_benchmark: Transaction failed with err: FailToConfirmTransactionStatus(Digest("CHTboYLCeB9atGvJA11Qc72ZhhomZFWekbkjzsAjQp9P"), 60) tx_digest=Digest("CHTboYLCeB9atGvJA11Qc72ZhhomZFWekbkjzsAjQp9P") retry_cnt=0
2026-05-20T11:12:10.838468Z ERROR iota_benchmark: Transaction failed with err: FailToConfirmTransactionStatus(Digest("GPSmdwrUwijooAtmgc125kSdgz2gSqVy495PS7LA6TQT"), 60) tx_digest=Digest("GPSmdwrUwijooAtmgc125kSdgz2gSqVy495PS7LA6TQT") retry_cnt=0
2026-05-20T11:12:10.839751Z ERROR iota_benchmark: Transaction failed with err: FailToConfirmTransactionStatus(Digest("tAb4ju2JCjXVfdjwMjN6oE6kPMrDMhB7NLr17SCg8PL"), 60) tx_digest=Digest("tAb4ju2JCjXVfdjwMjN6oE6kPMrDMhB7NLr17SCg8PL") retry_cnt=0
2026-05-20T11:12:10.840419Z ERROR iota_benchmark: Transaction failed with err: Rpc(Transport(Http(Stream(hyper_util::client::legacy::Error(SendRequest, hyper::Error(IncompleteMessage)))))) tx_digest=Digest("BCqi1QEB5vB9vFho1BpmuJpN7LJcmioADaPDztfssTBH") retry_cnt=1
2026-05-20T11:12:10.840441Z ERROR iota_benchmark: Transaction failed with err: Rpc(Transport(Http(Stream(hyper_util::client::legacy::Error(SendRequest, hyper::Error(IncompleteMessage)))))) tx_digest=Digest("oRcY6P9m2A8UQtYFVRTu8iab8GArAWUCDoXC84awkKF") retry_cnt=1
2026-05-20T11:12:10.840550Z ERROR iota_benchmark: Transaction failed with err: Rpc(Transport(Http(Stream(hyper_util::client::legacy::Error(SendRequest, hyper::Error(IncompleteMessage)))))) tx_digest=Digest("7ALRPK9FZrQDhZoTxgsoVATrp6nvZk8fnF6Zscgdk21U") retry_cnt=1
2026-05-20T11:12:10.865597Z ERROR iota_benchmark: Transaction failed with err: FailToConfirmTransactionStatus(Digest("7hmCWNvVdDZqLTaAYngqWGiT8YKadtU2raG2xjUG9zCP"), 60) tx_digest=Digest("7hmCWNvVdDZqLTaAYngqWGiT8YKadtU2raG2xjUG9zCP") retry_cnt=0
2026-05-20T11:12:10.865640Z ERROR iota_benchmark: Transaction failed with err: FailToConfirmTransactionStatus(Digest("A8iQyGJgPUY6jWttbkoCwKTvDwKESRJP7AzGzqrcePrW"), 60) tx_digest=Digest("A8iQyGJgPUY6jWttbkoCwKTvDwKESRJP7AzGzqrcePrW") retry_cnt=0
2026-05-20T11:12:10.865646Z ERROR iota_benchmark: Transaction failed with err: FailToConfirmTransactionStatus(Digest("CcsVQyGsEPsfNS31Vg6QSCj2YNkqwrxHsC3ttNxeGV3X"), 60) tx_digest=Digest("CcsVQyGsEPsfNS31Vg6QSCj2YNkqwrxHsC3ttNxeGV3X") retry_cnt=0
2026-05-20T11:12:10.865661Z ERROR iota_benchmark: Transaction failed with err: FailToConfirmTransactionStatus(Digest("AHYjzqau752TnoUBq5bhFws7G1DDCoJTWyYXdrMS7Pcs"), 60) tx_digest=Digest("AHYjzqau752TnoUBq5bhFws7G1DDCoJTWyYXdrMS7Pcs") retry_cnt=0
2026-05-20T11:12:10.865771Z ERROR iota_benchmark: Transaction failed with err: FailToConfirmTransactionStatus(Digest("J2v1ESwQVzu9BGi2VnCZZR5Z222VuquZ49Gs913Z2Psx"), 60) tx_digest=Digest("J2v1ESwQVzu9BGi2VnCZZR5Z222VuquZ49Gs913Z2Psx") retry_cnt=0
2026-05-20T11:12:10.865832Z ERROR iota_benchmark: Transaction failed with err: FailToConfirmTransactionStatus(Digest("CZoFBqwxM39ngakw7zGBz5gGWKKJVX3mDkJL9N6DTinh"), 60) tx_digest=Digest("CZoFBqwxM39ngakw7zGBz5gGWKKJVX3mDkJL9N6DTinh") retry_cnt=0
2026-05-20T11:12:10.865905Z ERROR iota_benchmark: Transaction failed with err: FailToConfirmTransactionStatus(Digest("CQYRmpHgu41Dxba2UiWV23th4GVy7uGg6QE7KdjvPubz"), 60) tx_digest=Digest("CQYRmpHgu41Dxba2UiWV23th4GVy7uGg6QE7KdjvPubz") retry_cnt=0
2026-05-20T11:12:10.866068Z ERROR iota_benchmark: Transaction failed with err: FailToConfirmTransactionStatus(Digest("9cguJxUqQ8S9oMw49GTpjoSLYVDnyoBBHzDT9UQkwt6S"), 60) tx_digest=Digest("9cguJxUqQ8S9oMw49GTpjoSLYVDnyoBBHzDT9UQkwt6S") retry_cnt=0
2026-05-20T11:12:10.866077Z ERROR iota_benchmark: Transaction failed with err: FailToConfirmTransactionStatus(Digest("EsfrrD3UmZ7mtXwSMZwYZpohEx66CMmnzFHLnHvpnn55"), 60) tx_digest=Digest("EsfrrD3UmZ7mtXwSMZwYZpohEx66CMmnzFHLnHvpnn55") retry_cnt=0
2026-05-20T11:12:10.866195Z ERROR iota_benchmark: Transaction failed with err: FailToConfirmTransactionStatus(Digest("6eRDs14KVdkCgmBqGmuVoZCeEQPhSNuTpvqqLrxy1dZb"), 60) tx_digest=Digest("6eRDs14KVdkCgmBqGmuVoZCeEQPhSNuTpvqqLrxy1dZb") retry_cnt=0
2026-05-20T11:12:10.867529Z ERROR iota_benchmark: Transaction failed with err: FailToConfirmTransactionStatus(Digest("HkTSWBX61PUu68wY3VDGnMrh4BCPmiB3GMGwXg6ErvAN"), 60) tx_digest=Digest("HkTSWBX61PUu68wY3VDGnMrh4BCPmiB3GMGwXg6ErvAN") retry_cnt=0
2026-05-20T11:12:10.867590Z ERROR iota_benchmark: Transaction failed with err: FailToConfirmTransactionStatus(Digest("DhrAtgKsrR6CgU6N5sr7fjMHuixyapsWjSFxz5Neh3MH"), 60) tx_digest=Digest("DhrAtgKsrR6CgU6N5sr7fjMHuixyapsWjSFxz5Neh3MH") retry_cnt=0
2026-05-20T11:12:10.867604Z ERROR iota_benchmark: Transaction failed with err: FailToConfirmTransactionStatus(Digest("FZXHHF5Bbek8WBtW93x9r8yzngNFrwFiTrHYKCAFhxBg"), 60) tx_digest=Digest("FZXHHF5Bbek8WBtW93x9r8yzngNFrwFiTrHYKCAFhxBg") retry_cnt=0
2026-05-20T11:12:10.867642Z ERROR iota_benchmark: Transaction failed with err: FailToConfirmTransactionStatus(Digest("7WXFyXdRkmi4JnW8JyGHv78KtwnJqVxrF9ghEV7r6t5Y"), 60) tx_digest=Digest("7WXFyXdRkmi4JnW8JyGHv78KtwnJqVxrF9ghEV7r6t5Y") retry_cnt=0
2026-05-20T11:12:10.867689Z ERROR iota_benchmark: Transaction failed with err: FailToConfirmTransactionStatus(Digest("PUV5qmV51g2oCQWj5oeqcuVtmacFfgZsKEz2Mf4Xo1a"), 60) tx_digest=Digest("PUV5qmV51g2oCQWj5oeqcuVtmacFfgZsKEz2Mf4Xo1a") retry_cnt=0
2026-05-20T11:12:10.872508Z ERROR iota_benchmark: Transaction failed with err: FailToConfirmTransactionStatus(Digest("311Prj36xQK4SGupzkYvT2fer2PScG2jpLJknau9xECR"), 60) tx_digest=Digest("311Prj36xQK4SGupzkYvT2fer2PScG2jpLJknau9xECR") retry_cnt=0
2026-05-20T11:12:10.876295Z ERROR iota_benchmark: Transaction failed with err: FailToConfirmTransactionStatus(Digest("CkbUvQn7zn1qc8VdzqBpHzaPs4LkNKHETCAznpMLwM6E"), 60) tx_digest=Digest("CkbUvQn7zn1qc8VdzqBpHzaPs4LkNKHETCAznpMLwM6E") retry_cnt=0
2026-05-20T11:12:10.876310Z ERROR iota_benchmark: Transaction failed with err: FailToConfirmTransactionStatus(Digest("7UupdeZHMtxwQBphv2cxaqfvK9VixL1BGFcZXenEkeDw"), 60) tx_digest=Digest("7UupdeZHMtxwQBphv2cxaqfvK9VixL1BGFcZXenEkeDw") retry_cnt=0
2026-05-20T11:12:10.876335Z ERROR iota_benchmark: Transaction failed with err: FailToConfirmTransactionStatus(Digest("2ZuEzPQxCNPKYA87Q79CZkP171E5nRiqU143gvMXKKuZ"), 60) tx_digest=Digest("2ZuEzPQxCNPKYA87Q79CZkP171E5nRiqU143gvMXKKuZ") retry_cnt=0
2026-05-20T11:12:10.876348Z ERROR iota_benchmark: Transaction failed with err: FailToConfirmTransactionStatus(Digest("9mEVA3pzrDcZj2LnPgzaT71cBFKWxxgjjB3ZphggLgfH"), 60) tx_digest=Digest("9mEVA3pzrDcZj2LnPgzaT71cBFKWxxgjjB3ZphggLgfH") retry_cnt=0
2026-05-20T11:12:10.876491Z ERROR iota_benchmark: Transaction failed with err: FailToConfirmTransactionStatus(Digest("EQJGbPDBpPhAxS5mCavgq2ZRJPXmR8GGJ4wk3re7evZi"), 60) tx_digest=Digest("EQJGbPDBpPhAxS5mCavgq2ZRJPXmR8GGJ4wk3re7evZi") retry_cnt=0
2026-05-20T11:12:10.876564Z ERROR iota_benchmark: Transaction failed with err: FailToConfirmTransactionStatus(Digest("ASD8mC679sakL4Zr8srn47iJhX3U5U5XctYMLUBy7rNA"), 60) tx_digest=Digest("ASD8mC679sakL4Zr8srn47iJhX3U5U5XctYMLUBy7rNA") retry_cnt=0
2026-05-20T11:12:10.876587Z ERROR iota_benchmark: Transaction failed with err: FailToConfirmTransactionStatus(Digest("87762X1ooS57FGwsHM7ZnAWgR6XiA3nrwRvq3p9T51yw"), 60) tx_digest=Digest("87762X1ooS57FGwsHM7ZnAWgR6XiA3nrwRvq3p9T51yw") retry_cnt=0
2026-05-20T11:12:10.878055Z ERROR iota_benchmark: Transaction failed with err: FailToConfirmTransactionStatus(Digest("31MSiHz8CjMb2Ga46vgoHBTFvyRoLah6CiiTFiik3qWb"), 60) tx_digest=Digest("31MSiHz8CjMb2Ga46vgoHBTFvyRoLah6CiiTFiik3qWb") retry_cnt=0
2026-05-20T11:12:10.878081Z ERROR iota_benchmark: Transaction failed with err: FailToConfirmTransactionStatus(Digest("FqUgX8Ru5zgDDUTeg1N5YScUczvDDaokzqp7odtRZb78"), 60) tx_digest=Digest("FqUgX8Ru5zgDDUTeg1N5YScUczvDDaokzqp7odtRZb78") retry_cnt=0
2026-05-20T11:12:10.878155Z ERROR iota_benchmark: Transaction failed with err: FailToConfirmTransactionStatus(Digest("6qgmNs9mbjTRjnarumSQdXZjAADcH24K7uTeFPDq1nNi"), 60) tx_digest=Digest("6qgmNs9mbjTRjnarumSQdXZjAADcH24K7uTeFPDq1nNi") retry_cnt=0
2026-05-20T11:12:10.878239Z ERROR iota_benchmark: Transaction failed with err: FailToConfirmTransactionStatus(Digest("5kLZoZb9su4Dvp8fji4AaALisyQchNTn48yFyipiaKuk"), 60) tx_digest=Digest("5kLZoZb9su4Dvp8fji4AaALisyQchNTn48yFyipiaKuk") retry_cnt=0
2026-05-20T11:12:10.878300Z ERROR iota_benchmark: Transaction failed with err: FailToConfirmTransactionStatus(Digest("C6GUwa9zakdRfVDBJUrdUM7SUYwMhy8CEgq7p9Fza2Aa"), 60) tx_digest=Digest("C6GUwa9zakdRfVDBJUrdUM7SUYwMhy8CEgq7p9Fza2Aa") retry_cnt=0
2026-05-20T11:12:10.878368Z ERROR iota_benchmark: Transaction failed with err: FailToConfirmTransactionStatus(Digest("3zFJixcoTur1ZE45Uaw44PnaJueQGDmEcQjDtxZzerXi"), 60) tx_digest=Digest("3zFJixcoTur1ZE45Uaw44PnaJueQGDmEcQjDtxZzerXi") retry_cnt=0
2026-05-20T11:12:10.878420Z ERROR iota_benchmark: Transaction failed with err: FailToConfirmTransactionStatus(Digest("66jyhNh6htaK7bEuASS9duhwh8nj7fqvKTnMbVsPoXU4"), 60) tx_digest=Digest("66jyhNh6htaK7bEuASS9duhwh8nj7fqvKTnMbVsPoXU4") retry_cnt=0
2026-05-20T11:12:10.878444Z ERROR iota_benchmark: Transaction failed with err: FailToConfirmTransactionStatus(Digest("CmmzZ1wAGNGAHZgBhFeZviGBCBxf7ZVQEWM7o8RyA1i"), 60) tx_digest=Digest("CmmzZ1wAGNGAHZgBhFeZviGBCBxf7ZVQEWM7o8RyA1i") retry_cnt=0
2026-05-20T11:12:10.878400Z ERROR iota_benchmark: Transaction failed with err: FailToConfirmTransactionStatus(Digest("436NGQP6medF9mjbuWJUq6yYRujLr96A1vyUJ9xh66av"), 60) tx_digest=Digest("436NGQP6medF9mjbuWJUq6yYRujLr96A1vyUJ9xh66av") retry_cnt=0
2026-05-20T11:12:10.878499Z ERROR iota_benchmark: Transaction failed with err: FailToConfirmTransactionStatus(Digest("3NKYnXcZnC5ZusDPp8nefvb5cxDhuvVSCQPkUxeMWfXQ"), 60) tx_digest=Digest("3NKYnXcZnC5ZusDPp8nefvb5cxDhuvVSCQPkUxeMWfXQ") retry_cnt=0
2026-05-20T11:12:10.878525Z ERROR iota_benchmark: Transaction failed with err: FailToConfirmTransactionStatus(Digest("4gTdpH9Eog8975F5UKhxTQxYXU3YJz31PdSLRiCaQouM"), 60) tx_digest=Digest("4gTdpH9Eog8975F5UKhxTQxYXU3YJz31PdSLRiCaQouM") retry_cnt=0
2026-05-20T11:12:10.878562Z ERROR iota_benchmark: Transaction failed with err: FailToConfirmTransactionStatus(Digest("Ht1YxDjsXpoW3vyVYYLMHCfMSXpCiyt2ypBCiQYxnagL"), 60) tx_digest=Digest("Ht1YxDjsXpoW3vyVYYLMHCfMSXpCiyt2ypBCiQYxnagL") retry_cnt=0
2026-05-20T11:12:10.878584Z ERROR iota_benchmark: Transaction failed with err: FailToConfirmTransactionStatus(Digest("65f8RFEutUZkxuTrDwzVCpYuw5pYzSeie3Y3gJvUQAyh"), 60) tx_digest=Digest("65f8RFEutUZkxuTrDwzVCpYuw5pYzSeie3Y3gJvUQAyh") retry_cnt=0
2026-05-20T11:12:10.879035Z ERROR iota_benchmark: Transaction failed with err: FailToConfirmTransactionStatus(Digest("8aD4dLnbaqUVQYNB1eQ2u3sd4JnzS8ues2wfRAFUH7QY"), 60) tx_digest=Digest("8aD4dLnbaqUVQYNB1eQ2u3sd4JnzS8ues2wfRAFUH7QY") retry_cnt=0
2026-05-20T11:12:10.879149Z ERROR iota_benchmark: Transaction failed with err: FailToConfirmTransactionStatus(Digest("4mqRYaVk5NM8pZZumWEbpdYsy2GPBeJB8mtAZWmbeNx9"), 60) tx_digest=Digest("4mqRYaVk5NM8pZZumWEbpdYsy2GPBeJB8mtAZWmbeNx9") retry_cnt=0
2026-05-20T11:12:10.883733Z ERROR iota_benchmark: Transaction failed with err: Rpc(Transport(Http(Stream(hyper_util::client::legacy::Error(SendRequest, hyper::Error(IncompleteMessage)))))) tx_digest=Digest("24CCPhie2HHmNV6FFLJ6LYwLkgZttA5hLdF76EYYNk9C") retry_cnt=1
2026-05-20T11:12:10.883989Z ERROR iota_benchmark: Transaction failed with err: Rpc(Transport(Http(Stream(hyper_util::client::legacy::Error(SendRequest, hyper::Error(IncompleteMessage)))))) tx_digest=Digest("4qFgJLVGduNcgTDV3zvX1h3iYzre9tG1qXpydNojjbvw") retry_cnt=1
2026-05-20T11:12:10.886652Z ERROR iota_benchmark: Transaction failed with err: FailToConfirmTransactionStatus(Digest("98g5ntXH9dG3MfftzFszN1EBznNQrUqCVMtCev3sXKEw"), 60) tx_digest=Digest("98g5ntXH9dG3MfftzFszN1EBznNQrUqCVMtCev3sXKEw") retry_cnt=0
2026-05-20T11:12:10.886718Z ERROR iota_benchmark: Transaction failed with err: FailToConfirmTransactionStatus(Digest("566nCwpgN3nskeYbhDUhWrEHCUC94gZZxMXjZC2Mj8Jp"), 60) tx_digest=Digest("566nCwpgN3nskeYbhDUhWrEHCUC94gZZxMXjZC2Mj8Jp") retry_cnt=0
2026-05-20T11:12:10.886722Z ERROR iota_benchmark: Transaction failed with err: FailToConfirmTransactionStatus(Digest("4LghX2iABgwtEbKwCQj9ofMbzkw1zsG5KnMg8cGJHgxv"), 60) tx_digest=Digest("4LghX2iABgwtEbKwCQj9ofMbzkw1zsG5KnMg8cGJHgxv") retry_cnt=0
2026-05-20T11:12:10.888291Z ERROR iota_benchmark: Transaction failed with err: FailToConfirmTransactionStatus(Digest("4hoCT7e5RpfnZrcNvU8B3BPRjxkt9b25WrczqYpZvAPx"), 60) tx_digest=Digest("4hoCT7e5RpfnZrcNvU8B3BPRjxkt9b25WrczqYpZvAPx") retry_cnt=0
2026-05-20T11:12:10.888289Z ERROR iota_benchmark: Transaction failed with err: FailToConfirmTransactionStatus(Digest("8pvLVFKuAQWrakDaG7GW8c7PSTHa3Gbk1maiE7mGjEDZ"), 60) tx_digest=Digest("8pvLVFKuAQWrakDaG7GW8c7PSTHa3Gbk1maiE7mGjEDZ") retry_cnt=0
2026-05-20T11:12:10.888294Z ERROR iota_benchmark: Transaction failed with err: FailToConfirmTransactionStatus(Digest("7P8ER262NvCwRx7g37qeGJCeApwgQW2Du4tm5F9JqjwZ"), 60) tx_digest=Digest("7P8ER262NvCwRx7g37qeGJCeApwgQW2Du4tm5F9JqjwZ") retry_cnt=0
2026-05-20T11:12:10.888344Z ERROR iota_benchmark: Transaction failed with err: FailToConfirmTransactionStatus(Digest("8jk4y6DyaQDSC5o7Noej7aif855snPy5EUoaYdgfSbvs"), 60) tx_digest=Digest("8jk4y6DyaQDSC5o7Noej7aif855snPy5EUoaYdgfSbvs") retry_cnt=0
2026-05-20T11:12:10.888451Z ERROR iota_benchmark: Transaction failed with err: FailToConfirmTransactionStatus(Digest("EgVzorbqNM3VL8soEtP1KuMhmkrxZ71ShmtiFP9ZyxVY"), 60) tx_digest=Digest("EgVzorbqNM3VL8soEtP1KuMhmkrxZ71ShmtiFP9ZyxVY") retry_cnt=0
2026-05-20T11:12:10.908202Z ERROR iota_benchmark: Transaction failed with err: FailToConfirmTransactionStatus(Digest("DF4h7tpPjDz1KQ32vmEKevP7Lypnw9A5MAgViEHsp2gr"), 60) tx_digest=Digest("DF4h7tpPjDz1KQ32vmEKevP7Lypnw9A5MAgViEHsp2gr") retry_cnt=0
2026-05-20T11:12:10.908218Z ERROR iota_benchmark: Transaction failed with err: FailToConfirmTransactionStatus(Digest("F1mh1mtq3cRm43rxCyUKRkc7FgLYdSy1sHH3TmFeFGGy"), 60) tx_digest=Digest("F1mh1mtq3cRm43rxCyUKRkc7FgLYdSy1sHH3TmFeFGGy") retry_cnt=0
2026-05-20T11:12:10.909733Z ERROR iota_benchmark: Transaction failed with err: FailToConfirmTransactionStatus(Digest("BR3AYbBNuRhgSuUVHY4MSQLcxy81mekhPnSFZvmLS99g"), 60) tx_digest=Digest("BR3AYbBNuRhgSuUVHY4MSQLcxy81mekhPnSFZvmLS99g") retry_cnt=0
2026-05-20T11:12:10.909739Z ERROR iota_benchmark: Transaction failed with err: FailToConfirmTransactionStatus(Digest("GrzsXRwaKrzQ7CtgNSxGiDf8ZUVBxHcf6MGZv7Pk4sLC"), 60) tx_digest=Digest("GrzsXRwaKrzQ7CtgNSxGiDf8ZUVBxHcf6MGZv7Pk4sLC") retry_cnt=0
2026-05-20T11:12:10.909748Z ERROR iota_benchmark: Transaction failed with err: FailToConfirmTransactionStatus(Digest("2mE2XYKJDnH5wKxPPbJoEMfwQJxZVBY31HHrq4eKUh8G"), 60) tx_digest=Digest("2mE2XYKJDnH5wKxPPbJoEMfwQJxZVBY31HHrq4eKUh8G") retry_cnt=0
2026-05-20T11:12:10.909752Z ERROR iota_benchmark: Transaction failed with err: FailToConfirmTransactionStatus(Digest("CxFsjaKyTa6ruT79D48Us7hkzDdtLbvXWbdKYbeRJkkH"), 60) tx_digest=Digest("CxFsjaKyTa6ruT79D48Us7hkzDdtLbvXWbdKYbeRJkkH") retry_cnt=0
2026-05-20T11:12:10.912422Z ERROR iota_benchmark: Transaction failed with err: FailToConfirmTransactionStatus(Digest("8gBXfQz42tyZB6eaivFu9P81DVSGVxopwSu37ESkvuNT"), 60) tx_digest=Digest("8gBXfQz42tyZB6eaivFu9P81DVSGVxopwSu37ESkvuNT") retry_cnt=0
2026-05-20T11:12:10.912427Z ERROR iota_benchmark: Transaction failed with err: FailToConfirmTransactionStatus(Digest("3HuiQ3nFzQ5F5SLqCWQLmArmiwBPDys9t85V3sPhw9bM"), 60) tx_digest=Digest("3HuiQ3nFzQ5F5SLqCWQLmArmiwBPDys9t85V3sPhw9bM") retry_cnt=0
2026-05-20T11:12:10.912432Z ERROR iota_benchmark: Transaction failed with err: FailToConfirmTransactionStatus(Digest("8vLQPfgLnt6yo9tpK2eGdXWpTg6uaKdBoRRCkoRGHBC4"), 60) tx_digest=Digest("8vLQPfgLnt6yo9tpK2eGdXWpTg6uaKdBoRRCkoRGHBC4") retry_cnt=0
2026-05-20T11:12:10.912457Z ERROR iota_benchmark: Transaction failed with err: FailToConfirmTransactionStatus(Digest("Ba5CBenGnUuZYzH3qrhH7kQZo6KGVUUz7BjRu47U6bib"), 60) tx_digest=Digest("Ba5CBenGnUuZYzH3qrhH7kQZo6KGVUUz7BjRu47U6bib") retry_cnt=0
2026-05-20T11:12:10.912576Z ERROR iota_benchmark: Transaction failed with err: FailToConfirmTransactionStatus(Digest("EB6VzUZWT6bYDw4bEjPbokhDhEPX4Ji6RFmLaodutd9V"), 60) tx_digest=Digest("EB6VzUZWT6bYDw4bEjPbokhDhEPX4Ji6RFmLaodutd9V") retry_cnt=0
2026-05-20T11:12:10.913953Z ERROR iota_benchmark: Transaction failed with err: FailToConfirmTransactionStatus(Digest("7qqbfDKnSKwrHhGMXcc3uJCKRFAhfBrYmedW5zB6535J"), 60) tx_digest=Digest("7qqbfDKnSKwrHhGMXcc3uJCKRFAhfBrYmedW5zB6535J") retry_cnt=0
2026-05-20T11:12:10.913962Z ERROR iota_benchmark: Transaction failed with err: FailToConfirmTransactionStatus(Digest("FDQJt7bmdfHD3CxMaJm4DwLMRB8qGeDvTUK7skB2K3ci"), 60) tx_digest=Digest("FDQJt7bmdfHD3CxMaJm4DwLMRB8qGeDvTUK7skB2K3ci") retry_cnt=0
2026-05-20T11:12:10.913971Z ERROR iota_benchmark: Transaction failed with err: FailToConfirmTransactionStatus(Digest("GiVpELFdz6ptxdcqJR99PtuvnzrmTwWLwQx3UWm7PTRN"), 60) tx_digest=Digest("GiVpELFdz6ptxdcqJR99PtuvnzrmTwWLwQx3UWm7PTRN") retry_cnt=0
2026-05-20T11:12:10.913977Z ERROR iota_benchmark: Transaction failed with err: FailToConfirmTransactionStatus(Digest("4hDHfs1aMjFsFz8inVwNpSHs7adEDGScPD7ioN1Wg8qA"), 60) tx_digest=Digest("4hDHfs1aMjFsFz8inVwNpSHs7adEDGScPD7ioN1Wg8qA") retry_cnt=0
2026-05-20T11:12:10.914069Z ERROR iota_benchmark: Transaction failed with err: FailToConfirmTransactionStatus(Digest("Eh4BwhYWMnkVexYFFx8F257JQVnkqyxDzc79c24VCR7Z"), 60) tx_digest=Digest("Eh4BwhYWMnkVexYFFx8F257JQVnkqyxDzc79c24VCR7Z") retry_cnt=0
2026-05-20T11:12:10.914090Z ERROR iota_benchmark: Transaction failed with err: FailToConfirmTransactionStatus(Digest("HDCT9bs3P2D4wCzoSXLHeDrfAkq7MYChgEBLAthgCeDM"), 60) tx_digest=Digest("HDCT9bs3P2D4wCzoSXLHeDrfAkq7MYChgEBLAthgCeDM") retry_cnt=0
2026-05-20T11:12:10.914144Z ERROR iota_benchmark: Transaction failed with err: FailToConfirmTransactionStatus(Digest("61NTqPKqpRToi4JvxHAffpDqS9dtKU73L2NDCbtmUGzH"), 60) tx_digest=Digest("61NTqPKqpRToi4JvxHAffpDqS9dtKU73L2NDCbtmUGzH") retry_cnt=0
2026-05-20T11:12:10.919317Z ERROR iota_benchmark: Transaction failed with err: FailToConfirmTransactionStatus(Digest("BhqEs9i7LtDcgU8PQ7hJR6H7PhDPpJKNrsR3ze1RGtdg"), 60) tx_digest=Digest("BhqEs9i7LtDcgU8PQ7hJR6H7PhDPpJKNrsR3ze1RGtdg") retry_cnt=0
2026-05-20T11:12:10.945181Z ERROR iota_benchmark: Transaction failed with err: FailToConfirmTransactionStatus(Digest("4mxnVacz9VwLMA8M4W2hwapyEFi8nFMA2DvPFsrGsv3T"), 60) tx_digest=Digest("4mxnVacz9VwLMA8M4W2hwapyEFi8nFMA2DvPFsrGsv3T") retry_cnt=0
2026-05-20T11:12:10.957042Z ERROR iota_benchmark: Transaction failed with err: FailToConfirmTransactionStatus(Digest("DCF12obEp8wA7utNBwqNQBtdPZo4ytr88Kv4CrHnTkx1"), 60) tx_digest=Digest("DCF12obEp8wA7utNBwqNQBtdPZo4ytr88Kv4CrHnTkx1") retry_cnt=0
2026-05-20T11:12:10.957042Z ERROR iota_benchmark: Transaction failed with err: FailToConfirmTransactionStatus(Digest("97XXtponC1abGwjUuyU9YE7Cct6d98EfV6L3FZzbiUK3"), 60) tx_digest=Digest("97XXtponC1abGwjUuyU9YE7Cct6d98EfV6L3FZzbiUK3") retry_cnt=0
2026-05-20T11:12:10.957222Z ERROR iota_benchmark: Transaction failed with err: FailToConfirmTransactionStatus(Digest("2Ucqap1EfNMHUC8VfFXzW91dHtuMwrQrvmxUhEJ76csM"), 60) tx_digest=Digest("2Ucqap1EfNMHUC8VfFXzW91dHtuMwrQrvmxUhEJ76csM") retry_cnt=0
2026-05-20T11:12:10.957266Z ERROR iota_benchmark: Transaction failed with err: FailToConfirmTransactionStatus(Digest("53GpR9E5F7DT8dJseQN34XzmfueeXMZwYmpw8s9S3Qno"), 60) tx_digest=Digest("53GpR9E5F7DT8dJseQN34XzmfueeXMZwYmpw8s9S3Qno") retry_cnt=0
2026-05-20T11:12:10.958798Z ERROR iota_benchmark: Transaction failed with err: FailToConfirmTransactionStatus(Digest("FUgHinHCF5ZtyorSSppuAX79cBjhJNJyZEALVi6ZRYqG"), 60) tx_digest=Digest("FUgHinHCF5ZtyorSSppuAX79cBjhJNJyZEALVi6ZRYqG") retry_cnt=0
2026-05-20T11:12:10.959071Z ERROR iota_benchmark: Transaction failed with err: FailToConfirmTransactionStatus(Digest("CoeRRktTNYc6tQw5FwK7hpw5RzVngDTRdM23TPc1ZhRw"), 60) tx_digest=Digest("CoeRRktTNYc6tQw5FwK7hpw5RzVngDTRdM23TPc1ZhRw") retry_cnt=0
2026-05-20T11:12:10.959082Z ERROR iota_benchmark: Transaction failed with err: FailToConfirmTransactionStatus(Digest("B7eSEqEyuUC2YwguBD4UhXK2gLFoVhVFBWmWiLG6BK7Q"), 60) tx_digest=Digest("B7eSEqEyuUC2YwguBD4UhXK2gLFoVhVFBWmWiLG6BK7Q") retry_cnt=0
2026-05-20T11:12:10.960471Z ERROR iota_benchmark: Transaction failed with err: FailToConfirmTransactionStatus(Digest("Ge9oRMHutphKrr8DNy6ipjf76zYdJQNqnqPkuzoiekri"), 60) tx_digest=Digest("Ge9oRMHutphKrr8DNy6ipjf76zYdJQNqnqPkuzoiekri") retry_cnt=0
2026-05-20T11:12:10.961911Z ERROR iota_benchmark: Transaction failed with err: FailToConfirmTransactionStatus(Digest("HpVAa3vqAurPNyNzLa9zXyifpHvUgd5XwyuEZqvngmSL"), 60) tx_digest=Digest("HpVAa3vqAurPNyNzLa9zXyifpHvUgd5XwyuEZqvngmSL") retry_cnt=0
2026-05-20T11:12:10.961946Z ERROR iota_benchmark: Transaction failed with err: FailToConfirmTransactionStatus(Digest("2ST7nkoubMwRnp6EkiGeT9VPTc7DsVsNf1MiUKXE54xR"), 60) tx_digest=Digest("2ST7nkoubMwRnp6EkiGeT9VPTc7DsVsNf1MiUKXE54xR") retry_cnt=0
2026-05-20T11:12:10.961954Z ERROR iota_benchmark: Transaction failed with err: FailToConfirmTransactionStatus(Digest("CHcdBaAcn8r3xXypvjkYDoNvhgZREfM2SLJe5MB3z4QB"), 60) tx_digest=Digest("CHcdBaAcn8r3xXypvjkYDoNvhgZREfM2SLJe5MB3z4QB") retry_cnt=0
2026-05-20T11:12:10.962099Z ERROR iota_benchmark: Transaction failed with err: FailToConfirmTransactionStatus(Digest("Cipe28TtomnaGHKjj6JK9Bwn3DAq8zdWemVeqMSowMi"), 60) tx_digest=Digest("Cipe28TtomnaGHKjj6JK9Bwn3DAq8zdWemVeqMSowMi") retry_cnt=0
2026-05-20T11:12:10.962101Z ERROR iota_benchmark: Transaction failed with err: FailToConfirmTransactionStatus(Digest("EXth7pixoftJewsqE3UdweBZxWWFPjSezfCnw9HuQGT4"), 60) tx_digest=Digest("EXth7pixoftJewsqE3UdweBZxWWFPjSezfCnw9HuQGT4") retry_cnt=0
2026-05-20T11:12:10.964628Z ERROR iota_benchmark: Transaction failed with err: FailToConfirmTransactionStatus(Digest("4dVDP3bcfYXoNPg8TCk5Mr6nfErVJfXHi8gguSpgYjPX"), 60) tx_digest=Digest("4dVDP3bcfYXoNPg8TCk5Mr6nfErVJfXHi8gguSpgYjPX") retry_cnt=0
2026-05-20T11:12:10.964633Z ERROR iota_benchmark: Transaction failed with err: FailToConfirmTransactionStatus(Digest("9AHtCp5CjEN8qdgy3rTHZafeAXK9zo5DCUa6xdGceNPr"), 60) tx_digest=Digest("9AHtCp5CjEN8qdgy3rTHZafeAXK9zo5DCUa6xdGceNPr") retry_cnt=0
2026-05-20T11:12:10.964643Z ERROR iota_benchmark: Transaction failed with err: FailToConfirmTransactionStatus(Digest("EFTUF46ieqaN9sPjAtnLLmVenX4pgJq7YBenDagv7hAk"), 60) tx_digest=Digest("EFTUF46ieqaN9sPjAtnLLmVenX4pgJq7YBenDagv7hAk") retry_cnt=0
2026-05-20T11:12:10.964686Z ERROR iota_benchmark: Transaction failed with err: FailToConfirmTransactionStatus(Digest("s933k2DtaH6ygn8r97FGQhnTQPiHWtt82xC1ZDMyX1h"), 60) tx_digest=Digest("s933k2DtaH6ygn8r97FGQhnTQPiHWtt82xC1ZDMyX1h") retry_cnt=0
2026-05-20T11:12:10.965929Z ERROR iota_benchmark: Transaction failed with err: FailToConfirmTransactionStatus(Digest("CoJvjeZLBiBqX7tLN1ShAEyJHAd7DyksNBV5tXr8p6UZ"), 60) tx_digest=Digest("CoJvjeZLBiBqX7tLN1ShAEyJHAd7DyksNBV5tXr8p6UZ") retry_cnt=0
2026-05-20T11:12:10.965932Z ERROR iota_benchmark: Transaction failed with err: FailToConfirmTransactionStatus(Digest("ApRGCPnUzBdioommFGNKvHjxtHoeN2zA8px5GsNSke7R"), 60) tx_digest=Digest("ApRGCPnUzBdioommFGNKvHjxtHoeN2zA8px5GsNSke7R") retry_cnt=0
2026-05-20T11:12:10.965932Z ERROR iota_benchmark: Transaction failed with err: FailToConfirmTransactionStatus(Digest("CZZXy5mfvpN6PBepzHnr73Sdf92GmF9N8tkAgBJZqUEJ"), 60) tx_digest=Digest("CZZXy5mfvpN6PBepzHnr73Sdf92GmF9N8tkAgBJZqUEJ") retry_cnt=0
2026-05-20T11:12:10.966038Z ERROR iota_benchmark: Transaction failed with err: FailToConfirmTransactionStatus(Digest("CYXkbBcAHXbtsWzoorRBYW1yXBxsChR4wNACk7VzHvF6"), 60) tx_digest=Digest("CYXkbBcAHXbtsWzoorRBYW1yXBxsChR4wNACk7VzHvF6") retry_cnt=0
2026-05-20T11:12:10.966093Z ERROR iota_benchmark: Transaction failed with err: FailToConfirmTransactionStatus(Digest("8ke8pCp1cvTtZhhK7W2b214rZosNSxRw1wCvbGzmLQX5"), 60) tx_digest=Digest("8ke8pCp1cvTtZhhK7W2b214rZosNSxRw1wCvbGzmLQX5") retry_cnt=0
2026-05-20T11:12:10.966102Z ERROR iota_benchmark: Transaction failed with err: FailToConfirmTransactionStatus(Digest("4KpscL67PvUQXfEnkScKv1h1w1CGUskh8LoFtun2Qgej"), 60) tx_digest=Digest("4KpscL67PvUQXfEnkScKv1h1w1CGUskh8LoFtun2Qgej") retry_cnt=0
2026-05-20T11:12:10.966167Z ERROR iota_benchmark: Transaction failed with err: FailToConfirmTransactionStatus(Digest("HaAzZwKUUrrHthxcrH8GuL4UJUNMKccUy7mCi2mUwwTy"), 60) tx_digest=Digest("HaAzZwKUUrrHthxcrH8GuL4UJUNMKccUy7mCi2mUwwTy") retry_cnt=0
2026-05-20T11:12:10.966260Z ERROR iota_benchmark: Transaction failed with err: FailToConfirmTransactionStatus(Digest("961Je5QZgUu3iBtLHb2xoQQP2T3EihDjUctUMUfjZTEo"), 60) tx_digest=Digest("961Je5QZgUu3iBtLHb2xoQQP2T3EihDjUctUMUfjZTEo") retry_cnt=0
2026-05-20T11:12:10.966287Z ERROR iota_benchmark: Transaction failed with err: FailToConfirmTransactionStatus(Digest("9eNoDGdRBDTjfq4nNeaggkQmdJGhsp7di2QkYdPR3bda"), 60) tx_digest=Digest("9eNoDGdRBDTjfq4nNeaggkQmdJGhsp7di2QkYdPR3bda") retry_cnt=0
2026-05-20T11:12:10.966303Z ERROR iota_benchmark: Transaction failed with err: FailToConfirmTransactionStatus(Digest("AffiEoEsM1eDv6vys3H3SqsPqrfWey96qwQFXBw1zQjL"), 60) tx_digest=Digest("AffiEoEsM1eDv6vys3H3SqsPqrfWey96qwQFXBw1zQjL") retry_cnt=0
2026-05-20T11:12:10.966389Z ERROR iota_benchmark: Transaction failed with err: FailToConfirmTransactionStatus(Digest("HbZL1NXnAxPjFu9vJEe8efPTa1KoigN5Gm5DtW54uNB3"), 60) tx_digest=Digest("HbZL1NXnAxPjFu9vJEe8efPTa1KoigN5Gm5DtW54uNB3") retry_cnt=0
2026-05-20T11:12:10.966395Z ERROR iota_benchmark: Transaction failed with err: FailToConfirmTransactionStatus(Digest("7Jb2wWpBywGH86EJfSqQbwRZvBVUdrLXtjJHyVAX3wRt"), 60) tx_digest=Digest("7Jb2wWpBywGH86EJfSqQbwRZvBVUdrLXtjJHyVAX3wRt") retry_cnt=0
2026-05-20T11:12:10.966460Z ERROR iota_benchmark: Transaction failed with err: FailToConfirmTransactionStatus(Digest("9bpRJnEDbGcA37vtxDLd2CSc7QdSGPxWzV3kW8FETNfi"), 60) tx_digest=Digest("9bpRJnEDbGcA37vtxDLd2CSc7QdSGPxWzV3kW8FETNfi") retry_cnt=0
2026-05-20T11:12:10.966490Z ERROR iota_benchmark: Transaction failed with err: FailToConfirmTransactionStatus(Digest("F3omTYgXdVRhEhiFidxB1fEY1jqnmJHXDJYMmXjPLBdD"), 60) tx_digest=Digest("F3omTYgXdVRhEhiFidxB1fEY1jqnmJHXDJYMmXjPLBdD") retry_cnt=0
2026-05-20T11:12:10.966516Z ERROR iota_benchmark: Transaction failed with err: FailToConfirmTransactionStatus(Digest("24oEdzAhnya8Wfow26cebfmP72pXv3maCLVQTfbuhNk2"), 60) tx_digest=Digest("24oEdzAhnya8Wfow26cebfmP72pXv3maCLVQTfbuhNk2") retry_cnt=0
2026-05-20T11:12:10.966560Z ERROR iota_benchmark: Transaction failed with err: FailToConfirmTransactionStatus(Digest("C6zrbaiYfCK6diPsYgB28fkXfF9X5Xigcr1bYK9y5Rn5"), 60) tx_digest=Digest("C6zrbaiYfCK6diPsYgB28fkXfF9X5Xigcr1bYK9y5Rn5") retry_cnt=0
2026-05-20T11:12:10.966616Z ERROR iota_benchmark: Transaction failed with err: FailToConfirmTransactionStatus(Digest("8gKRzo8MVMXFaRAgELdYm1o68jfRDHRajRFbeh9onvzL"), 60) tx_digest=Digest("8gKRzo8MVMXFaRAgELdYm1o68jfRDHRajRFbeh9onvzL") retry_cnt=0
2026-05-20T11:12:10.968023Z ERROR iota_benchmark: Transaction failed with err: FailToConfirmTransactionStatus(Digest("9xLrUf2jPgbAiBL3qGVacVNkkqPzH4Kef6myncN4RKGv"), 60) tx_digest=Digest("9xLrUf2jPgbAiBL3qGVacVNkkqPzH4Kef6myncN4RKGv") retry_cnt=0
2026-05-20T11:12:10.968028Z ERROR iota_benchmark: Transaction failed with err: FailToConfirmTransactionStatus(Digest("J42jHfKX2DkZnWtRbA937zFjFh9ydJBH7XLNcUfAK21d"), 60) tx_digest=Digest("J42jHfKX2DkZnWtRbA937zFjFh9ydJBH7XLNcUfAK21d") retry_cnt=0
2026-05-20T11:12:10.968077Z ERROR iota_benchmark: Transaction failed with err: FailToConfirmTransactionStatus(Digest("23LzoFeXBqGxeMRs5JEmWxMwWVFMLRypeaLGf7BZCRTR"), 60) tx_digest=Digest("23LzoFeXBqGxeMRs5JEmWxMwWVFMLRypeaLGf7BZCRTR") retry_cnt=0
2026-05-20T11:12:10.968282Z ERROR iota_benchmark: Transaction failed with err: FailToConfirmTransactionStatus(Digest("CA67auGDqPEvbR1YEojj54Sxt4a1RGca11fN482z5nW1"), 60) tx_digest=Digest("CA67auGDqPEvbR1YEojj54Sxt4a1RGca11fN482z5nW1") retry_cnt=0
2026-05-20T11:12:10.968389Z ERROR iota_benchmark: Transaction failed with err: FailToConfirmTransactionStatus(Digest("8ZdZLVhbAaLL41jxk4rP5MMX8AsUzMgbEDLANHcPfxyo"), 60) tx_digest=Digest("8ZdZLVhbAaLL41jxk4rP5MMX8AsUzMgbEDLANHcPfxyo") retry_cnt=0
2026-05-20T11:12:10.968418Z ERROR iota_benchmark: Transaction failed with err: FailToConfirmTransactionStatus(Digest("9kQ2DXygT1ecVLKnTmKauHQRV4tn9t8dFFjGdNyzv283"), 60) tx_digest=Digest("9kQ2DXygT1ecVLKnTmKauHQRV4tn9t8dFFjGdNyzv283") retry_cnt=0
2026-05-20T11:12:10.968429Z ERROR iota_benchmark: Transaction failed with err: FailToConfirmTransactionStatus(Digest("93LLQGDTq5bjCEpCreoDY7xebKi6rA68bVeFG1DZ3thY"), 60) tx_digest=Digest("93LLQGDTq5bjCEpCreoDY7xebKi6rA68bVeFG1DZ3thY") retry_cnt=0
2026-05-20T11:12:10.968464Z ERROR iota_benchmark: Transaction failed with err: FailToConfirmTransactionStatus(Digest("2Sy9k1aEpErEoa9XwHsAB4wDpTsNKDGHK4V7cLyFdcsd"), 60) tx_digest=Digest("2Sy9k1aEpErEoa9XwHsAB4wDpTsNKDGHK4V7cLyFdcsd") retry_cnt=0
2026-05-20T11:12:10.968486Z ERROR iota_benchmark: Transaction failed with err: FailToConfirmTransactionStatus(Digest("HS6RsKR5WykDjRjiiEqUvDABJXai51xGyZBHfW8fguFH"), 60) tx_digest=Digest("HS6RsKR5WykDjRjiiEqUvDABJXai51xGyZBHfW8fguFH") retry_cnt=0
2026-05-20T11:12:10.968544Z ERROR iota_benchmark: Transaction failed with err: FailToConfirmTransactionStatus(Digest("E8dB9avokJaWpUYABh4KmUq4dPAws64K95bvgPVZTYmF"), 60) tx_digest=Digest("E8dB9avokJaWpUYABh4KmUq4dPAws64K95bvgPVZTYmF") retry_cnt=0
2026-05-20T11:12:10.968573Z ERROR iota_benchmark: Transaction failed with err: FailToConfirmTransactionStatus(Digest("4aqNwM7QeAeXnNXboTHpoyfg4CU375aTfnjnXCQYafTr"), 60) tx_digest=Digest("4aqNwM7QeAeXnNXboTHpoyfg4CU375aTfnjnXCQYafTr") retry_cnt=0
2026-05-20T11:12:10.968602Z ERROR iota_benchmark: Transaction failed with err: FailToConfirmTransactionStatus(Digest("EKA8HbYPWLEQJEM7pwRQbJHey8AxiyfLzHYaPXa3ijLc"), 60) tx_digest=Digest("EKA8HbYPWLEQJEM7pwRQbJHey8AxiyfLzHYaPXa3ijLc") retry_cnt=0
2026-05-20T11:12:10.968654Z ERROR iota_benchmark: Transaction failed with err: FailToConfirmTransactionStatus(Digest("2JitdAuraAPHUf6ZuZM9UkTD14mb7VgyTGbyjdHkuYT7"), 60) tx_digest=Digest("2JitdAuraAPHUf6ZuZM9UkTD14mb7VgyTGbyjdHkuYT7") retry_cnt=0
2026-05-20T11:12:10.968701Z ERROR iota_benchmark: Transaction failed with err: FailToConfirmTransactionStatus(Digest("DJM65u4EugvoS8gcFkmJuzoCjvyUc5KKhjApAcvxjgTn"), 60) tx_digest=Digest("DJM65u4EugvoS8gcFkmJuzoCjvyUc5KKhjApAcvxjgTn") retry_cnt=0
2026-05-20T11:12:10.968792Z ERROR iota_benchmark: Transaction failed with err: FailToConfirmTransactionStatus(Digest("2YRgo1r8Ley2TDf2CaAWoLv1pGoZc7xYJcqCaCT3NACP"), 60) tx_digest=Digest("2YRgo1r8Ley2TDf2CaAWoLv1pGoZc7xYJcqCaCT3NACP") retry_cnt=0
2026-05-20T11:12:10.968856Z ERROR iota_benchmark: Transaction failed with err: FailToConfirmTransactionStatus(Digest("AXrTRhTApK7DtvzopAcGZcAHUSB3vZMHqcG3GvGjJXcn"), 60) tx_digest=Digest("AXrTRhTApK7DtvzopAcGZcAHUSB3vZMHqcG3GvGjJXcn") retry_cnt=0
2026-05-20T11:12:10.968914Z ERROR iota_benchmark: Transaction failed with err: FailToConfirmTransactionStatus(Digest("29MwuGrtyLzVyJVbHgjwoJPmKRgmE1BHBRLStXqcNLMm"), 60) tx_digest=Digest("29MwuGrtyLzVyJVbHgjwoJPmKRgmE1BHBRLStXqcNLMm") retry_cnt=0
2026-05-20T11:12:10.968919Z ERROR iota_benchmark: Transaction failed with err: FailToConfirmTransactionStatus(Digest("Etj6qmQgK8J4M5yp1BMspxx3iipjwpsFQexUngAeMwJZ"), 60) tx_digest=Digest("Etj6qmQgK8J4M5yp1BMspxx3iipjwpsFQexUngAeMwJZ") retry_cnt=0
2026-05-20T11:12:10.969270Z ERROR iota_benchmark: Transaction failed with err: FailToConfirmTransactionStatus(Digest("7JTcmWmztiwqwXYVW81Rr9SFjAM4ynmjJjjzhfRYjmp3"), 60) tx_digest=Digest("7JTcmWmztiwqwXYVW81Rr9SFjAM4ynmjJjjzhfRYjmp3") retry_cnt=0
2026-05-20T11:12:10.969283Z ERROR iota_benchmark: Transaction failed with err: FailToConfirmTransactionStatus(Digest("2aGx4bvmzNfAQbTaa9yanH5xuZBypje3qSvjRU8vTe3R"), 60) tx_digest=Digest("2aGx4bvmzNfAQbTaa9yanH5xuZBypje3qSvjRU8vTe3R") retry_cnt=0
2026-05-20T11:12:10.969366Z ERROR iota_benchmark: Transaction failed with err: FailToConfirmTransactionStatus(Digest("8ewNNwEXUt5bGxeCAvvz62jx4eiTW9hxE5fzU3BYMS1D"), 60) tx_digest=Digest("8ewNNwEXUt5bGxeCAvvz62jx4eiTW9hxE5fzU3BYMS1D") retry_cnt=0
2026-05-20T11:12:10.969410Z ERROR iota_benchmark: Transaction failed with err: FailToConfirmTransactionStatus(Digest("EsdXU5r4vKq6w5VwRAA66HxmXCykmBBcnzuvkvhLWZNB"), 60) tx_digest=Digest("EsdXU5r4vKq6w5VwRAA66HxmXCykmBBcnzuvkvhLWZNB") retry_cnt=0
2026-05-20T11:12:10.969420Z ERROR iota_benchmark: Transaction failed with err: FailToConfirmTransactionStatus(Digest("AX6f2YSLfTmmVrhw8nsSS8eX8XwBRFzdRfhoMhRSrZdJ"), 60) tx_digest=Digest("AX6f2YSLfTmmVrhw8nsSS8eX8XwBRFzdRfhoMhRSrZdJ") retry_cnt=0
2026-05-20T11:12:10.969540Z ERROR iota_benchmark: Transaction failed with err: FailToConfirmTransactionStatus(Digest("3vsL2D649JGYEvmRRvzhdh25i14HkEGqDemne1zBtjnV"), 60) tx_digest=Digest("3vsL2D649JGYEvmRRvzhdh25i14HkEGqDemne1zBtjnV") retry_cnt=0
2026-05-20T11:12:10.969858Z ERROR iota_benchmark: Transaction failed with err: FailToConfirmTransactionStatus(Digest("3a1gGkXkJUc6KwndDUpExGwS2TGB3W4igNBCWxQsSeww"), 60) tx_digest=Digest("3a1gGkXkJUc6KwndDUpExGwS2TGB3W4igNBCWxQsSeww") retry_cnt=0
2026-05-20T11:12:10.969971Z ERROR iota_benchmark: Transaction failed with err: FailToConfirmTransactionStatus(Digest("E3HijYYiRw1Dkbe8YXcttGVnpscjXFbbsLUdYH5iQLuK"), 60) tx_digest=Digest("E3HijYYiRw1Dkbe8YXcttGVnpscjXFbbsLUdYH5iQLuK") retry_cnt=0
2026-05-20T11:12:10.970089Z ERROR iota_benchmark: Transaction failed with err: FailToConfirmTransactionStatus(Digest("8kjLErSivGYGHB973u8Ypef4YGjVyK38PUpDiB16hEDX"), 60) tx_digest=Digest("8kjLErSivGYGHB973u8Ypef4YGjVyK38PUpDiB16hEDX") retry_cnt=0
2026-05-20T11:12:10.970096Z ERROR iota_benchmark: Transaction failed with err: FailToConfirmTransactionStatus(Digest("8HVh4tBsXSkJbmy4mBFDD8U2LUvZip2T9o1GTWKQ9Zw6"), 60) tx_digest=Digest("8HVh4tBsXSkJbmy4mBFDD8U2LUvZip2T9o1GTWKQ9Zw6") retry_cnt=0
2026-05-20T11:12:10.970135Z ERROR iota_benchmark: Transaction failed with err: FailToConfirmTransactionStatus(Digest("2GxrgvMEMp3HY4kzFmeczxXRZRLYqbUFFKeoKSX5WZ2J"), 60) tx_digest=Digest("2GxrgvMEMp3HY4kzFmeczxXRZRLYqbUFFKeoKSX5WZ2J") retry_cnt=0
2026-05-20T11:12:10.970194Z ERROR iota_benchmark: Transaction failed with err: FailToConfirmTransactionStatus(Digest("7aoYZGMYUnGASiqDUz6pHP1BnavMVGofMJ6CaPXwjX2s"), 60) tx_digest=Digest("7aoYZGMYUnGASiqDUz6pHP1BnavMVGofMJ6CaPXwjX2s") retry_cnt=0
2026-05-20T11:12:10.970209Z ERROR iota_benchmark: Transaction failed with err: FailToConfirmTransactionStatus(Digest("93ixdBGbdtpiUmWwfcMyaq5Lc8Exc8Li42qK8zfc8oea"), 60) tx_digest=Digest("93ixdBGbdtpiUmWwfcMyaq5Lc8Exc8Li42qK8zfc8oea") retry_cnt=0
2026-05-20T11:12:10.970257Z ERROR iota_benchmark: Transaction failed with err: FailToConfirmTransactionStatus(Digest("G23gejygk8LvD8RmVSSFaxueoudGD199b5b13Nq4FK1U"), 60) tx_digest=Digest("G23gejygk8LvD8RmVSSFaxueoudGD199b5b13Nq4FK1U") retry_cnt=0
2026-05-20T11:12:10.970312Z ERROR iota_benchmark: Transaction failed with err: FailToConfirmTransactionStatus(Digest("DsmWq4XyMVkpyG1GmDkhQxc4udkB4Afj6rAfpNimW2xt"), 60) tx_digest=Digest("DsmWq4XyMVkpyG1GmDkhQxc4udkB4Afj6rAfpNimW2xt") retry_cnt=0
2026-05-20T11:12:10.970319Z ERROR iota_benchmark: Transaction failed with err: FailToConfirmTransactionStatus(Digest("6NhJKEFSKH4CJCkEGsQRywRXKGJq8pBorQLRV24oqzn5"), 60) tx_digest=Digest("6NhJKEFSKH4CJCkEGsQRywRXKGJq8pBorQLRV24oqzn5") retry_cnt=0
2026-05-20T11:12:10.970376Z ERROR iota_benchmark: Transaction failed with err: FailToConfirmTransactionStatus(Digest("22MubXWBXsdUJitgzXypFuGRLp6uhxAZbGVsAkxJCx48"), 60) tx_digest=Digest("22MubXWBXsdUJitgzXypFuGRLp6uhxAZbGVsAkxJCx48") retry_cnt=0
2026-05-20T11:12:10.970387Z ERROR iota_benchmark: Transaction failed with err: FailToConfirmTransactionStatus(Digest("42uCbKdgNVwfDE1554B5vMDRwky2SeN9vsiXh4f8ZZNi"), 60) tx_digest=Digest("42uCbKdgNVwfDE1554B5vMDRwky2SeN9vsiXh4f8ZZNi") retry_cnt=0
2026-05-20T11:12:10.970434Z ERROR iota_benchmark: Transaction failed with err: FailToConfirmTransactionStatus(Digest("CkQAok18utcbLYU2RYnRcRomC4r9gEPE58H5JsxnEewy"), 60) tx_digest=Digest("CkQAok18utcbLYU2RYnRcRomC4r9gEPE58H5JsxnEewy") retry_cnt=0
2026-05-20T11:12:10.970454Z ERROR iota_benchmark: Transaction failed with err: FailToConfirmTransactionStatus(Digest("GWLmRMwvANGFsdbx1a9ijJbvvs5FskjqLNMy49JjZJ3e"), 60) tx_digest=Digest("GWLmRMwvANGFsdbx1a9ijJbvvs5FskjqLNMy49JjZJ3e") retry_cnt=0
2026-05-20T11:12:10.970609Z ERROR iota_benchmark: Transaction failed with err: FailToConfirmTransactionStatus(Digest("6fZUqQtMFCUZx1HBqgDpg3JNxgTfUV83WCZ87JJNZAkh"), 60) tx_digest=Digest("6fZUqQtMFCUZx1HBqgDpg3JNxgTfUV83WCZ87JJNZAkh") retry_cnt=0
2026-05-20T11:12:10.970614Z ERROR iota_benchmark: Transaction failed with err: FailToConfirmTransactionStatus(Digest("CGfDa7tY4o42e25zcZURTB7hAsp2Hudzo74G7XBvcgMB"), 60) tx_digest=Digest("CGfDa7tY4o42e25zcZURTB7hAsp2Hudzo74G7XBvcgMB") retry_cnt=0
2026-05-20T11:12:10.970668Z ERROR iota_benchmark: Transaction failed with err: FailToConfirmTransactionStatus(Digest("DoiYWqbeqijgEwV6c8sedSfBYbd5RQ77Vhcstz7GxnxT"), 60) tx_digest=Digest("DoiYWqbeqijgEwV6c8sedSfBYbd5RQ77Vhcstz7GxnxT") retry_cnt=0
2026-05-20T11:12:10.970671Z ERROR iota_benchmark: Transaction failed with err: FailToConfirmTransactionStatus(Digest("78HJWBMwPsmGLwZwCSAKSby4ytaouzGkXqPSXACguzAB"), 60) tx_digest=Digest("78HJWBMwPsmGLwZwCSAKSby4ytaouzGkXqPSXACguzAB") retry_cnt=0
2026-05-20T11:12:10.970716Z ERROR iota_benchmark: Transaction failed with err: FailToConfirmTransactionStatus(Digest("D8QtQTvuBKzXWYKEzd3zGM2HmMAJTBCougwErghDEbEQ"), 60) tx_digest=Digest("D8QtQTvuBKzXWYKEzd3zGM2HmMAJTBCougwErghDEbEQ") retry_cnt=0
2026-05-20T11:12:10.970736Z ERROR iota_benchmark: Transaction failed with err: FailToConfirmTransactionStatus(Digest("DMpGFoGGiR8oxAJAeRigvBrYHwrDkh8KwTLw5H4zZARR"), 60) tx_digest=Digest("DMpGFoGGiR8oxAJAeRigvBrYHwrDkh8KwTLw5H4zZARR") retry_cnt=0
2026-05-20T11:12:10.970806Z ERROR iota_benchmark: Transaction failed with err: FailToConfirmTransactionStatus(Digest("F7CojXPShDcas2xtoLZdxeCFoCK1SDZ4tN2JcU8p3mQ9"), 60) tx_digest=Digest("F7CojXPShDcas2xtoLZdxeCFoCK1SDZ4tN2JcU8p3mQ9") retry_cnt=0
2026-05-20T11:12:10.970893Z ERROR iota_benchmark: Transaction failed with err: FailToConfirmTransactionStatus(Digest("3f6xvRymAf9f742338zcfEsV3PjkBnzN8LYo8cqz3ZBy"), 60) tx_digest=Digest("3f6xvRymAf9f742338zcfEsV3PjkBnzN8LYo8cqz3ZBy") retry_cnt=0
2026-05-20T11:12:10.970967Z ERROR iota_benchmark: Transaction failed with err: FailToConfirmTransactionStatus(Digest("7yQDnvzgCqzBkvCPybD2vA4tMRjzzi3VTQmm9JabfqcA"), 60) tx_digest=Digest("7yQDnvzgCqzBkvCPybD2vA4tMRjzzi3VTQmm9JabfqcA") retry_cnt=0
2026-05-20T11:12:10.971062Z ERROR iota_benchmark: Transaction failed with err: FailToConfirmTransactionStatus(Digest("Bp9yxym8HgQdsmWs728q2XtXdxqW9JESsoHyjuEHRTiM"), 60) tx_digest=Digest("Bp9yxym8HgQdsmWs728q2XtXdxqW9JESsoHyjuEHRTiM") retry_cnt=0
2026-05-20T11:12:10.971117Z ERROR iota_benchmark: Transaction failed with err: FailToConfirmTransactionStatus(Digest("2KW9PNaTBuTjfrxofxvYUgCYUagzeGpia6i2Pr4b5LsN"), 60) tx_digest=Digest("2KW9PNaTBuTjfrxofxvYUgCYUagzeGpia6i2Pr4b5LsN") retry_cnt=0
2026-05-20T11:12:10.971233Z ERROR iota_benchmark: Transaction failed with err: FailToConfirmTransactionStatus(Digest("91rgkQ5ArvaCAiEmB247PfBpWAb4AgvDnbk6o9pNZcNF"), 60) tx_digest=Digest("91rgkQ5ArvaCAiEmB247PfBpWAb4AgvDnbk6o9pNZcNF") retry_cnt=0
2026-05-20T11:12:10.971299Z ERROR iota_benchmark: Transaction failed with err: FailToConfirmTransactionStatus(Digest("5zhxUKzu8SqGj662WENiBsXZhxBCusWNj1YGRrm5BUef"), 60) tx_digest=Digest("5zhxUKzu8SqGj662WENiBsXZhxBCusWNj1YGRrm5BUef") retry_cnt=0
2026-05-20T11:12:10.971352Z ERROR iota_benchmark: Transaction failed with err: FailToConfirmTransactionStatus(Digest("9jErQUpMvfC7NYWr6ao5Gze8W1o1z6cXtR5WsmQFQMdM"), 60) tx_digest=Digest("9jErQUpMvfC7NYWr6ao5Gze8W1o1z6cXtR5WsmQFQMdM") retry_cnt=0
2026-05-20T11:12:10.971501Z ERROR iota_benchmark: Transaction failed with err: FailToConfirmTransactionStatus(Digest("5Z6pGYGGj7DztJMB1fo3gCF4TRkeb5GjcQVVTaz2CgVz"), 60) tx_digest=Digest("5Z6pGYGGj7DztJMB1fo3gCF4TRkeb5GjcQVVTaz2CgVz") retry_cnt=0
2026-05-20T11:12:10.971520Z ERROR iota_benchmark: Transaction failed with err: FailToConfirmTransactionStatus(Digest("HprYqwQ7BWh4xt1ewd5bqBt853AmCzLHGeEbFNYNabYW"), 60) tx_digest=Digest("HprYqwQ7BWh4xt1ewd5bqBt853AmCzLHGeEbFNYNabYW") retry_cnt=0
2026-05-20T11:12:10.971633Z ERROR iota_benchmark: Transaction failed with err: FailToConfirmTransactionStatus(Digest("94yaFBQVNvGnDNnpPTiLfULTKSfiwYMS7zhj27Dg2H3H"), 60) tx_digest=Digest("94yaFBQVNvGnDNnpPTiLfULTKSfiwYMS7zhj27Dg2H3H") retry_cnt=0
2026-05-20T11:12:10.971649Z ERROR iota_benchmark: Transaction failed with err: FailToConfirmTransactionStatus(Digest("2apF92RehXquaHWkUTDfUjE41ASU9CqfKLiV3vvz9YYJ"), 60) tx_digest=Digest("2apF92RehXquaHWkUTDfUjE41ASU9CqfKLiV3vvz9YYJ") retry_cnt=0
2026-05-20T11:12:10.971693Z ERROR iota_benchmark: Transaction failed with err: FailToConfirmTransactionStatus(Digest("5nzfVYrmyUQm5twUehftZ4WnYAebM6oWLw7gP4hJcbdK"), 60) tx_digest=Digest("5nzfVYrmyUQm5twUehftZ4WnYAebM6oWLw7gP4hJcbdK") retry_cnt=0
2026-05-20T11:12:10.971706Z ERROR iota_benchmark: Transaction failed with err: FailToConfirmTransactionStatus(Digest("9xmbxwJLDKnXZEKvYbhakedmiXxNbPFCGuxP2rybV1tk"), 60) tx_digest=Digest("9xmbxwJLDKnXZEKvYbhakedmiXxNbPFCGuxP2rybV1tk") retry_cnt=0
2026-05-20T11:12:10.971746Z ERROR iota_benchmark: Transaction failed with err: FailToConfirmTransactionStatus(Digest("GA2hHSLpwrPreq1rQCtMhtN5vNM4Bu3JiPQjhcDDm5yN"), 60) tx_digest=Digest("GA2hHSLpwrPreq1rQCtMhtN5vNM4Bu3JiPQjhcDDm5yN") retry_cnt=0
2026-05-20T11:12:10.971774Z ERROR iota_benchmark: Transaction failed with err: FailToConfirmTransactionStatus(Digest("Gz8ozbP7KYsDtVVGEPvhVifnnVATjGccEPTRLK2L1Cut"), 60) tx_digest=Digest("Gz8ozbP7KYsDtVVGEPvhVifnnVATjGccEPTRLK2L1Cut") retry_cnt=0
2026-05-20T11:12:10.971845Z ERROR iota_benchmark: Transaction failed with err: FailToConfirmTransactionStatus(Digest("AgP9JkQhZKRBWqXWgrvR6i7fbG6FuifhdQqVHck4vP93"), 60) tx_digest=Digest("AgP9JkQhZKRBWqXWgrvR6i7fbG6FuifhdQqVHck4vP93") retry_cnt=0
2026-05-20T11:12:10.972409Z ERROR iota_benchmark: Transaction failed with err: FailToConfirmTransactionStatus(Digest("DgFfVHc6mXxrV1nipxTsfE2yfdbgkLAsyU8WoFSrWXsh"), 60) tx_digest=Digest("DgFfVHc6mXxrV1nipxTsfE2yfdbgkLAsyU8WoFSrWXsh") retry_cnt=0
2026-05-20T11:12:10.972425Z ERROR iota_benchmark: Transaction failed with err: FailToConfirmTransactionStatus(Digest("CY4H1mKFNiAMsusury6fkLdeXFwfUrWy7L87QWnt6EnL"), 60) tx_digest=Digest("CY4H1mKFNiAMsusury6fkLdeXFwfUrWy7L87QWnt6EnL") retry_cnt=0
2026-05-20T11:12:10.972425Z ERROR iota_benchmark: Transaction failed with err: FailToConfirmTransactionStatus(Digest("FtrazS6o68TmjYAwVmMsFJJcGtttS5JRdMYtL7jkQbLt"), 60) tx_digest=Digest("FtrazS6o68TmjYAwVmMsFJJcGtttS5JRdMYtL7jkQbLt") retry_cnt=0
2026-05-20T11:12:10.972524Z ERROR iota_benchmark: Transaction failed with err: FailToConfirmTransactionStatus(Digest("HrjqC1L9p656PkGGrfLiB4cTfobz3oPYnymYqPe2ASCG"), 60) tx_digest=Digest("HrjqC1L9p656PkGGrfLiB4cTfobz3oPYnymYqPe2ASCG") retry_cnt=0
2026-05-20T11:12:10.972572Z ERROR iota_benchmark: Transaction failed with err: FailToConfirmTransactionStatus(Digest("9hjsaA9Vf3ZFMZH2wAvWoXzfFyKatjcVDw2pDbghUc2E"), 60) tx_digest=Digest("9hjsaA9Vf3ZFMZH2wAvWoXzfFyKatjcVDw2pDbghUc2E") retry_cnt=0
2026-05-20T11:12:10.972578Z ERROR iota_benchmark: Transaction failed with err: FailToConfirmTransactionStatus(Digest("7RVDDDHMDjewd3kLv5UzzpreJyj5dSkpUWCezppqTLXd"), 60) tx_digest=Digest("7RVDDDHMDjewd3kLv5UzzpreJyj5dSkpUWCezppqTLXd") retry_cnt=0
2026-05-20T11:12:10.972632Z ERROR iota_benchmark: Transaction failed with err: FailToConfirmTransactionStatus(Digest("LufFaXzgfZtEXt4rdVuWvfLPLjF1yrbvQjEsWaaq5Nn"), 60) tx_digest=Digest("LufFaXzgfZtEXt4rdVuWvfLPLjF1yrbvQjEsWaaq5Nn") retry_cnt=0
2026-05-20T11:12:10.972635Z ERROR iota_benchmark: Transaction failed with err: FailToConfirmTransactionStatus(Digest("GaM5NcRQxL4GZJSHodgErgD2KWcmkFaMMwu5c1XEMF8Y"), 60) tx_digest=Digest("GaM5NcRQxL4GZJSHodgErgD2KWcmkFaMMwu5c1XEMF8Y") retry_cnt=0
2026-05-20T11:12:10.972705Z ERROR iota_benchmark: Transaction failed with err: FailToConfirmTransactionStatus(Digest("DAebcGi53jYXktgyCV4HrRfbhHxS92HCcXWbvAq2UKq1"), 60) tx_digest=Digest("DAebcGi53jYXktgyCV4HrRfbhHxS92HCcXWbvAq2UKq1") retry_cnt=0
2026-05-20T11:12:10.972706Z ERROR iota_benchmark: Transaction failed with err: FailToConfirmTransactionStatus(Digest("8AjKofQM6eoNgLQteadhvDoHMQ2LiZv5C7khVHMg3vEt"), 60) tx_digest=Digest("8AjKofQM6eoNgLQteadhvDoHMQ2LiZv5C7khVHMg3vEt") retry_cnt=0
2026-05-20T11:12:10.972808Z ERROR iota_benchmark: Transaction failed with err: FailToConfirmTransactionStatus(Digest("F4fc3JzQdw3QDfghWcWVUzkcqs2xpc9xCaRpqGPMQiSw"), 60) tx_digest=Digest("F4fc3JzQdw3QDfghWcWVUzkcqs2xpc9xCaRpqGPMQiSw") retry_cnt=0
2026-05-20T11:12:10.973105Z ERROR iota_benchmark: Transaction failed with err: FailToConfirmTransactionStatus(Digest("RJiFFdBnxBgkGCebcCX9FJNmCsp7XQbQgWkWBEuSRmy"), 60) tx_digest=Digest("RJiFFdBnxBgkGCebcCX9FJNmCsp7XQbQgWkWBEuSRmy") retry_cnt=0
2026-05-20T11:12:10.973181Z ERROR iota_benchmark: Transaction failed with err: FailToConfirmTransactionStatus(Digest("7US9wgzpUmUu8Gw7xoCTpXjQg9ZStZ2co37pU3PvJyFW"), 60) tx_digest=Digest("7US9wgzpUmUu8Gw7xoCTpXjQg9ZStZ2co37pU3PvJyFW") retry_cnt=0
2026-05-20T11:12:10.973343Z ERROR iota_benchmark: Transaction failed with err: FailToConfirmTransactionStatus(Digest("4xEzq5R8ix3aShKq77SCpbKLKjSbv8zwVzYeGjnNdM6"), 60) tx_digest=Digest("4xEzq5R8ix3aShKq77SCpbKLKjSbv8zwVzYeGjnNdM6") retry_cnt=0
2026-05-20T11:12:10.973481Z ERROR iota_benchmark: Transaction failed with err: FailToConfirmTransactionStatus(Digest("7qyVTWhmPhxLUdwNTZ3R8uY6fr5XAacMGaLADc2b6dm1"), 60) tx_digest=Digest("7qyVTWhmPhxLUdwNTZ3R8uY6fr5XAacMGaLADc2b6dm1") retry_cnt=0
2026-05-20T11:12:10.973539Z ERROR iota_benchmark: Transaction failed with err: FailToConfirmTransactionStatus(Digest("A9dYiimrnmykzwnt7b5gZncmwyR5emUbsaHnAAG3keNQ"), 60) tx_digest=Digest("A9dYiimrnmykzwnt7b5gZncmwyR5emUbsaHnAAG3keNQ") retry_cnt=0
2026-05-20T11:12:10.973609Z ERROR iota_benchmark: Transaction failed with err: FailToConfirmTransactionStatus(Digest("3ZenTpCA8t9deGa3EP93v7YTdGmUaedW8G5EmA9xFxaM"), 60) tx_digest=Digest("3ZenTpCA8t9deGa3EP93v7YTdGmUaedW8G5EmA9xFxaM") retry_cnt=0
2026-05-20T11:12:10.973731Z ERROR iota_benchmark: Transaction failed with err: FailToConfirmTransactionStatus(Digest("6EdTYccQ6uDUvrAFTQcZxJz8tkNe5eCvnAwNbbeuHzj4"), 60) tx_digest=Digest("6EdTYccQ6uDUvrAFTQcZxJz8tkNe5eCvnAwNbbeuHzj4") retry_cnt=0
2026-05-20T11:12:10.973801Z ERROR iota_benchmark: Transaction failed with err: FailToConfirmTransactionStatus(Digest("9HtajYsv9dLop2ixKhVf1eFeAiPMUNySvnM785ptaeEu"), 60) tx_digest=Digest("9HtajYsv9dLop2ixKhVf1eFeAiPMUNySvnM785ptaeEu") retry_cnt=0
2026-05-20T11:12:10.973846Z ERROR iota_benchmark: Transaction failed with err: FailToConfirmTransactionStatus(Digest("2pBQ2HkonDprLooxv9TM7cdFw3Vm9bob2mpTCo7wHXkn"), 60) tx_digest=Digest("2pBQ2HkonDprLooxv9TM7cdFw3Vm9bob2mpTCo7wHXkn") retry_cnt=0
2026-05-20T11:12:10.974303Z ERROR iota_benchmark: Transaction failed with err: FailToConfirmTransactionStatus(Digest("74VntveNoJFf3Tc7pG7ge1r3o2QRXQPSp7gJ5rXLhHFs"), 60) tx_digest=Digest("74VntveNoJFf3Tc7pG7ge1r3o2QRXQPSp7gJ5rXLhHFs") retry_cnt=0
2026-05-20T11:12:10.974408Z ERROR iota_benchmark: Transaction failed with err: FailToConfirmTransactionStatus(Digest("Fs7dQNeXyt7kq6B8ZsPMonrKkF6g3zR11EVCUuQtrWZV"), 60) tx_digest=Digest("Fs7dQNeXyt7kq6B8ZsPMonrKkF6g3zR11EVCUuQtrWZV") retry_cnt=0
2026-05-20T11:12:10.974498Z ERROR iota_benchmark: Transaction failed with err: FailToConfirmTransactionStatus(Digest("GBwqoLvR9bF7qcZ577WEB9NRhkgcFbMdWvzpYEdLLFMW"), 60) tx_digest=Digest("GBwqoLvR9bF7qcZ577WEB9NRhkgcFbMdWvzpYEdLLFMW") retry_cnt=0
2026-05-20T11:12:10.974599Z ERROR iota_benchmark: Transaction failed with err: FailToConfirmTransactionStatus(Digest("CTpQZb5H4LQud1cCBYtmQGJqovmBK2xjxEmi1wS8FXH7"), 60) tx_digest=Digest("CTpQZb5H4LQud1cCBYtmQGJqovmBK2xjxEmi1wS8FXH7") retry_cnt=0
2026-05-20T11:12:10.975026Z ERROR iota_benchmark: Transaction failed with err: FailToConfirmTransactionStatus(Digest("EjFReTvrJNVdztGktnQpsavqxYUdhrYPjfcCRaZmE54F"), 60) tx_digest=Digest("EjFReTvrJNVdztGktnQpsavqxYUdhrYPjfcCRaZmE54F") retry_cnt=0
2026-05-20T11:12:10.975086Z ERROR iota_benchmark: Transaction failed with err: FailToConfirmTransactionStatus(Digest("5TwygodJHxF6iL1zLmna7cJYkMQmDpFBZZZHNhK4dQvT"), 60) tx_digest=Digest("5TwygodJHxF6iL1zLmna7cJYkMQmDpFBZZZHNhK4dQvT") retry_cnt=0
2026-05-20T11:12:10.976451Z ERROR iota_benchmark: Transaction failed with err: FailToConfirmTransactionStatus(Digest("HtHneYichzd51qP4QvZvrv8B4FUH8Nor7t37vQ3jEkr8"), 60) tx_digest=Digest("HtHneYichzd51qP4QvZvrv8B4FUH8Nor7t37vQ3jEkr8") retry_cnt=0
2026-05-20T11:12:10.977861Z ERROR iota_benchmark: Transaction failed with err: FailToConfirmTransactionStatus(Digest("HJLB34ZWP5dscQagUdvonotwoL59DhFxDS9amb9nHSHu"), 60) tx_digest=Digest("HJLB34ZWP5dscQagUdvonotwoL59DhFxDS9amb9nHSHu") retry_cnt=0
2026-05-20T11:12:10.977898Z ERROR iota_benchmark: Transaction failed with err: FailToConfirmTransactionStatus(Digest("CB6qHDW3okzUjq5LbFVttim46buBHGvxQaVK8vr7PaW7"), 60) tx_digest=Digest("CB6qHDW3okzUjq5LbFVttim46buBHGvxQaVK8vr7PaW7") retry_cnt=0
2026-05-20T11:12:10.978111Z ERROR iota_benchmark: Transaction failed with err: FailToConfirmTransactionStatus(Digest("EkRAb3Q8XM7QJuTrhpXdrSVzgFngRDxTy5tK9Lzx4bMF"), 60) tx_digest=Digest("EkRAb3Q8XM7QJuTrhpXdrSVzgFngRDxTy5tK9Lzx4bMF") retry_cnt=0
2026-05-20T11:12:10.978141Z ERROR iota_benchmark: Transaction failed with err: FailToConfirmTransactionStatus(Digest("8KTDVpcafBY4ckUf4gsb9J4vZaXLzcafEAZrPgZdkook"), 60) tx_digest=Digest("8KTDVpcafBY4ckUf4gsb9J4vZaXLzcafEAZrPgZdkook") retry_cnt=0
2026-05-20T11:12:10.978209Z ERROR iota_benchmark: Transaction failed with err: FailToConfirmTransactionStatus(Digest("HWLjfm9KYx3V6JX4VKxTUumxSc4aSv2NaPPdHqzamB9z"), 60) tx_digest=Digest("HWLjfm9KYx3V6JX4VKxTUumxSc4aSv2NaPPdHqzamB9z") retry_cnt=0
2026-05-20T11:12:10.978228Z ERROR iota_benchmark: Transaction failed with err: FailToConfirmTransactionStatus(Digest("97Lh5TH8WPBNrAbbHMfJNXC34rrBU37H6i4jTJJWfbCi"), 60) tx_digest=Digest("97Lh5TH8WPBNrAbbHMfJNXC34rrBU37H6i4jTJJWfbCi") retry_cnt=0
2026-05-20T11:12:10.978312Z ERROR iota_benchmark: Transaction failed with err: FailToConfirmTransactionStatus(Digest("7HaLXGgzNUXPASanxo7TiPfCs121Y5PNM1jmTUDPw8Jv"), 60) tx_digest=Digest("7HaLXGgzNUXPASanxo7TiPfCs121Y5PNM1jmTUDPw8Jv") retry_cnt=0
2026-05-20T11:12:10.978395Z ERROR iota_benchmark: Transaction failed with err: FailToConfirmTransactionStatus(Digest("4xMU8ru1yQHV2rNPMcGBafuWsbJGC2eTQu3yv8sMiAX3"), 60) tx_digest=Digest("4xMU8ru1yQHV2rNPMcGBafuWsbJGC2eTQu3yv8sMiAX3") retry_cnt=0
2026-05-20T11:12:10.978434Z ERROR iota_benchmark: Transaction failed with err: FailToConfirmTransactionStatus(Digest("8kHdCcNUgQxapyr9JSaqX8LvRoMQeTxXtSDije9ggag5"), 60) tx_digest=Digest("8kHdCcNUgQxapyr9JSaqX8LvRoMQeTxXtSDije9ggag5") retry_cnt=0
2026-05-20T11:12:10.978475Z ERROR iota_benchmark: Transaction failed with err: FailToConfirmTransactionStatus(Digest("38L1YvSvptzayWFqfoJszDB27ybZHocKJP87b42nUQyb"), 60) tx_digest=Digest("38L1YvSvptzayWFqfoJszDB27ybZHocKJP87b42nUQyb") retry_cnt=0
2026-05-20T11:12:10.978539Z ERROR iota_benchmark: Transaction failed with err: FailToConfirmTransactionStatus(Digest("GgBBaUyGpmu4RmwHUz1LR9wfj2WiWXErc91FnjeRuaDA"), 60) tx_digest=Digest("GgBBaUyGpmu4RmwHUz1LR9wfj2WiWXErc91FnjeRuaDA") retry_cnt=0
2026-05-20T11:12:10.979918Z ERROR iota_benchmark: Transaction failed with err: FailToConfirmTransactionStatus(Digest("Gksg9JAu9JJ1XP7QqDAonKQz95oauxYjgXm7BcGRH54G"), 60) tx_digest=Digest("Gksg9JAu9JJ1XP7QqDAonKQz95oauxYjgXm7BcGRH54G") retry_cnt=0
2026-05-20T11:12:10.979924Z ERROR iota_benchmark: Transaction failed with err: FailToConfirmTransactionStatus(Digest("SYYs2hKXnTFjxuTYC1XGp1ftNieTHzsg8ZFSLAGzwc1"), 60) tx_digest=Digest("SYYs2hKXnTFjxuTYC1XGp1ftNieTHzsg8ZFSLAGzwc1") retry_cnt=0
2026-05-20T11:12:10.979931Z ERROR iota_benchmark: Transaction failed with err: FailToConfirmTransactionStatus(Digest("4WjsBVqYyYpPVFmcBD4kNhD6AoRw9zhaP7ttWQWoqftL"), 60) tx_digest=Digest("4WjsBVqYyYpPVFmcBD4kNhD6AoRw9zhaP7ttWQWoqftL") retry_cnt=0
2026-05-20T11:12:10.979937Z ERROR iota_benchmark: Transaction failed with err: FailToConfirmTransactionStatus(Digest("AqjL5fQaz7HLRAdNW66QDX9LehwHztoA7GAdi2EaFPFj"), 60) tx_digest=Digest("AqjL5fQaz7HLRAdNW66QDX9LehwHztoA7GAdi2EaFPFj") retry_cnt=0
2026-05-20T11:12:10.980071Z ERROR iota_benchmark: Transaction failed with err: FailToConfirmTransactionStatus(Digest("nsQtK3hKURjoxv4YYtqH4khrnhLC7oUpkjtMKq9kXyG"), 60) tx_digest=Digest("nsQtK3hKURjoxv4YYtqH4khrnhLC7oUpkjtMKq9kXyG") retry_cnt=0
2026-05-20T11:12:10.980079Z ERROR iota_benchmark: Transaction failed with err: FailToConfirmTransactionStatus(Digest("3MibenG6GTPJydsL32YuQVFgTf4nEKfuz8CQVQ3jsvtF"), 60) tx_digest=Digest("3MibenG6GTPJydsL32YuQVFgTf4nEKfuz8CQVQ3jsvtF") retry_cnt=0
2026-05-20T11:12:10.980141Z ERROR iota_benchmark: Transaction failed with err: FailToConfirmTransactionStatus(Digest("GeKjpZq5mHHogr5BZbyq3v7iwUZGF5krUujEimS8xguc"), 60) tx_digest=Digest("GeKjpZq5mHHogr5BZbyq3v7iwUZGF5krUujEimS8xguc") retry_cnt=0
2026-05-20T11:12:10.980356Z ERROR iota_benchmark: Transaction failed with err: FailToConfirmTransactionStatus(Digest("2fuZymGDp1x3pkU5EKiuo41UfRzqaH79pKLxXnK6DDMR"), 60) tx_digest=Digest("2fuZymGDp1x3pkU5EKiuo41UfRzqaH79pKLxXnK6DDMR") retry_cnt=0
2026-05-20T11:12:10.981719Z ERROR iota_benchmark: Transaction failed with err: FailToConfirmTransactionStatus(Digest("9Hd49zZxYK6maqgF2qSAcqcnutTyXh5dRdyif1qQVsCr"), 60) tx_digest=Digest("9Hd49zZxYK6maqgF2qSAcqcnutTyXh5dRdyif1qQVsCr") retry_cnt=0
2026-05-20T11:12:10.984394Z ERROR iota_benchmark: Transaction failed with err: FailToConfirmTransactionStatus(Digest("FaaWpQN7e4qfJMddpzJTHB4n9eSXiZvm5tpKqBRdmqij"), 60) tx_digest=Digest("FaaWpQN7e4qfJMddpzJTHB4n9eSXiZvm5tpKqBRdmqij") retry_cnt=0
2026-05-20T11:12:11.002921Z ERROR iota_benchmark: Transaction failed with err: FailToConfirmTransactionStatus(Digest("DGrkzkBuVWsD8pYzYdb8bavPZ5DV2QaCiLa6sitcybVn"), 60) tx_digest=Digest("DGrkzkBuVWsD8pYzYdb8bavPZ5DV2QaCiLa6sitcybVn") retry_cnt=0
2026-05-20T11:12:11.014712Z ERROR iota_benchmark: Transaction failed with err: FailToConfirmTransactionStatus(Digest("7Wbe2PDeSkRYfDnz4LmvBaqB3sK82DpVkEoDBr7gsEEK"), 60) tx_digest=Digest("7Wbe2PDeSkRYfDnz4LmvBaqB3sK82DpVkEoDBr7gsEEK") retry_cnt=0
2026-05-20T11:12:11.020822Z ERROR iota_benchmark: Transaction failed with err: FailToConfirmTransactionStatus(Digest("C9L63dLUMbDd6HmZUwCfGVwR2AB9YGETUYeySDpRbQy5"), 60) tx_digest=Digest("C9L63dLUMbDd6HmZUwCfGVwR2AB9YGETUYeySDpRbQy5") retry_cnt=0
2026-05-20T11:12:11.022441Z ERROR iota_benchmark: Transaction failed with err: FailToConfirmTransactionStatus(Digest("9nPCpSkE1FbxuSj7uCEcrzBF2Ftx1usmKtzYbykL75Rs"), 60) tx_digest=Digest("9nPCpSkE1FbxuSj7uCEcrzBF2Ftx1usmKtzYbykL75Rs") retry_cnt=0
2026-05-20T11:12:11.022456Z ERROR iota_benchmark: Transaction failed with err: FailToConfirmTransactionStatus(Digest("2Xju148txHeovg8duE47mk6DgwazyTQVQKbpAFn1MisK"), 60) tx_digest=Digest("2Xju148txHeovg8duE47mk6DgwazyTQVQKbpAFn1MisK") retry_cnt=0
2026-05-20T11:12:11.022487Z ERROR iota_benchmark: Transaction failed with err: FailToConfirmTransactionStatus(Digest("453BNCYEyRxXRFU4AgNbfoe7UQEeWzgp1Qzn3NPX4M4U"), 60) tx_digest=Digest("453BNCYEyRxXRFU4AgNbfoe7UQEeWzgp1Qzn3NPX4M4U") retry_cnt=0
2026-05-20T11:12:11.023295Z ERROR iota_benchmark: Transaction failed with err: FailToConfirmTransactionStatus(Digest("DDPk44dkdUGufDRKDonMeyFKVmDcn7jfRVLkew9rYto3"), 60) tx_digest=Digest("DDPk44dkdUGufDRKDonMeyFKVmDcn7jfRVLkew9rYto3") retry_cnt=0
2026-05-20T11:12:11.023347Z ERROR iota_benchmark: Transaction failed with err: Rpc(Transport(Http(Stream(hyper_util::client::legacy::Error(SendRequest, hyper::Error(IncompleteMessage)))))) tx_digest=Digest("qAZcDqoPbc5FrJknfmwUxYuApytnZiG3F5VLMgyYNDb") retry_cnt=1
2026-05-20T11:12:11.023378Z ERROR iota_benchmark: Transaction failed with err: FailToConfirmTransactionStatus(Digest("FSb7D66Edb1Q9mxxo1tKdDL6bfPJw2b7Mykyrs2hf7eE"), 60) tx_digest=Digest("FSb7D66Edb1Q9mxxo1tKdDL6bfPJw2b7Mykyrs2hf7eE") retry_cnt=0
2026-05-20T11:12:11.023339Z ERROR iota_benchmark: Transaction failed with err: Rpc(Transport(Http(Stream(hyper_util::client::legacy::Error(SendRequest, hyper::Error(IncompleteMessage)))))) tx_digest=Digest("GPsxzQAJpdLuY67k76ci87E7SopJj7Wk32jJhEVHZZTL") retry_cnt=1
2026-05-20T11:12:11.023479Z ERROR iota_benchmark: Transaction failed with err: FailToConfirmTransactionStatus(Digest("EyjXYz863vDenZf6WQuErMrLPb7yEMf21YTGzUx6QzZ1"), 60) tx_digest=Digest("EyjXYz863vDenZf6WQuErMrLPb7yEMf21YTGzUx6QzZ1") retry_cnt=0
2026-05-20T11:12:11.023564Z ERROR iota_benchmark: Transaction failed with err: FailToConfirmTransactionStatus(Digest("5QFebeJzZLXUYJiMEX7ajRFXXkoeF9J7SjqFnXQVDc9F"), 60) tx_digest=Digest("5QFebeJzZLXUYJiMEX7ajRFXXkoeF9J7SjqFnXQVDc9F") retry_cnt=0
2026-05-20T11:12:11.023584Z ERROR iota_benchmark: Transaction failed with err: Rpc(Transport(Http(Stream(hyper_util::client::legacy::Error(SendRequest, hyper::Error(IncompleteMessage)))))) tx_digest=Digest("EfY3Z874rQGZ6e9QmCfg8q4dYchj1aNgjic4X4rdF3Ep") retry_cnt=1
2026-05-20T11:12:11.024023Z ERROR iota_benchmark: Transaction failed with err: Rpc(Transport(Http(Stream(hyper_util::client::legacy::Error(SendRequest, hyper::Error(IncompleteMessage)))))) tx_digest=Digest("8zVuNP51Zte8VLTjrrVXCHtRLMti1Gvtxrhg8MTdJSJW") retry_cnt=1
2026-05-20T11:12:11.049327Z ERROR iota_benchmark: Transaction failed with err: FailToConfirmTransactionStatus(Digest("8vJQGKzrH4rHMXTsizA1q77u4jB1NXanC6kt4Gi5qRBR"), 60) tx_digest=Digest("8vJQGKzrH4rHMXTsizA1q77u4jB1NXanC6kt4Gi5qRBR") retry_cnt=0
2026-05-20T11:12:11.049333Z ERROR iota_benchmark: Transaction failed with err: FailToConfirmTransactionStatus(Digest("Fpr5YaLEcjHKKqXLYmPGEVhZg8t3DtRoA65nxLmfLfqN"), 60) tx_digest=Digest("Fpr5YaLEcjHKKqXLYmPGEVhZg8t3DtRoA65nxLmfLfqN") retry_cnt=0
2026-05-20T11:12:11.049337Z ERROR iota_benchmark: Transaction failed with err: FailToConfirmTransactionStatus(Digest("CNi75QcNhz3wFSQt2WMhVSkuqUv8R3AU3VntwoVZvry3"), 60) tx_digest=Digest("CNi75QcNhz3wFSQt2WMhVSkuqUv8R3AU3VntwoVZvry3") retry_cnt=0
2026-05-20T11:12:11.060091Z ERROR iota_benchmark: Transaction failed with err: FailToConfirmTransactionStatus(Digest("82471WHioq32LtkhyQN1NLZjDZjppop9tYEBvMYhKkZ4"), 60) tx_digest=Digest("82471WHioq32LtkhyQN1NLZjDZjppop9tYEBvMYhKkZ4") retry_cnt=0
2026-05-20T11:12:11.060098Z ERROR iota_benchmark: Transaction failed with err: FailToConfirmTransactionStatus(Digest("7A18wz2mqhrDT5PVoUddA78rjBrow16K669PGCrCdaiE"), 60) tx_digest=Digest("7A18wz2mqhrDT5PVoUddA78rjBrow16K669PGCrCdaiE") retry_cnt=0
2026-05-20T11:12:11.060104Z ERROR iota_benchmark: Transaction failed with err: FailToConfirmTransactionStatus(Digest("23dsGzUdQLDmWUJKekWvVdFusxiRn8tdF75QEpGPLUJN"), 60) tx_digest=Digest("23dsGzUdQLDmWUJKekWvVdFusxiRn8tdF75QEpGPLUJN") retry_cnt=0
2026-05-20T11:12:11.060105Z ERROR iota_benchmark: Transaction failed with err: FailToConfirmTransactionStatus(Digest("FYeD4AaW9wDUrqv4y2zD67f7X1CpjdTd298KRep9uqW4"), 60) tx_digest=Digest("FYeD4AaW9wDUrqv4y2zD67f7X1CpjdTd298KRep9uqW4") retry_cnt=0
2026-05-20T11:12:11.060303Z ERROR iota_benchmark: Transaction failed with err: FailToConfirmTransactionStatus(Digest("5tyQ72hgdRY94BDo4WpArCy6fx1iBj9tAGQY8U5ZadD7"), 60) tx_digest=Digest("5tyQ72hgdRY94BDo4WpArCy6fx1iBj9tAGQY8U5ZadD7") retry_cnt=0
2026-05-20T11:12:11.060322Z ERROR iota_benchmark: Transaction failed with err: FailToConfirmTransactionStatus(Digest("5SR8qLdKoqZPeiHJ2UBmCo7JsduJX2p32rn2Rzy5FiH7"), 60) tx_digest=Digest("5SR8qLdKoqZPeiHJ2UBmCo7JsduJX2p32rn2Rzy5FiH7") retry_cnt=0
2026-05-20T11:12:11.060357Z ERROR iota_benchmark: Transaction failed with err: FailToConfirmTransactionStatus(Digest("B4uSgm2nK6SmqCDkrpG3QYkieVqrUW6PL3hYUeDRxWf7"), 60) tx_digest=Digest("B4uSgm2nK6SmqCDkrpG3QYkieVqrUW6PL3hYUeDRxWf7") retry_cnt=0
2026-05-20T11:12:11.060395Z ERROR iota_benchmark: Transaction failed with err: FailToConfirmTransactionStatus(Digest("GHZDnbafYgnQCxhpv8VxHyD9vkZs2Lf4H63B1Q2tt4Ms"), 60) tx_digest=Digest("GHZDnbafYgnQCxhpv8VxHyD9vkZs2Lf4H63B1Q2tt4Ms") retry_cnt=0
2026-05-20T11:12:11.060399Z ERROR iota_benchmark: Transaction failed with err: FailToConfirmTransactionStatus(Digest("9uCYhvfNPeUVNHTwWZ4oHLoZcCPmWzZKrPspRyn6RrQz"), 60) tx_digest=Digest("9uCYhvfNPeUVNHTwWZ4oHLoZcCPmWzZKrPspRyn6RrQz") retry_cnt=0
2026-05-20T11:12:11.060440Z ERROR iota_benchmark: Transaction failed with err: FailToConfirmTransactionStatus(Digest("Gr46W54JofSpiMDAFWVH5DEh2S73L1ArTFUVuD8yv9Wo"), 60) tx_digest=Digest("Gr46W54JofSpiMDAFWVH5DEh2S73L1ArTFUVuD8yv9Wo") retry_cnt=0
2026-05-20T11:12:11.060476Z ERROR iota_benchmark: Transaction failed with err: FailToConfirmTransactionStatus(Digest("FzKU8tqWo6y28DvJPftRNYfpV1XpJaQntBH8gud84eR6"), 60) tx_digest=Digest("FzKU8tqWo6y28DvJPftRNYfpV1XpJaQntBH8gud84eR6") retry_cnt=0
2026-05-20T11:12:11.060496Z ERROR iota_benchmark: Transaction failed with err: FailToConfirmTransactionStatus(Digest("YxDFdmtvFTJARoHVKcsH8hg7zazp1JjqkSWc7WHA1nw"), 60) tx_digest=Digest("YxDFdmtvFTJARoHVKcsH8hg7zazp1JjqkSWc7WHA1nw") retry_cnt=0
2026-05-20T11:12:11.060843Z ERROR iota_benchmark: Transaction failed with err: FailToConfirmTransactionStatus(Digest("2fvpfxg5uS3uXWowR4SDbWUEoUmXR18VeDZ42KzXjUQi"), 60) tx_digest=Digest("2fvpfxg5uS3uXWowR4SDbWUEoUmXR18VeDZ42KzXjUQi") retry_cnt=0
2026-05-20T11:12:11.061105Z ERROR iota_benchmark: Transaction failed with err: FailToConfirmTransactionStatus(Digest("3vyZk4UQFr2i5AKA5CSChZ8Ktj1uPw82ng1jwfWyF7Sq"), 60) tx_digest=Digest("3vyZk4UQFr2i5AKA5CSChZ8Ktj1uPw82ng1jwfWyF7Sq") retry_cnt=0
2026-05-20T11:12:11.061109Z ERROR iota_benchmark: Transaction failed with err: FailToConfirmTransactionStatus(Digest("3r9g6erBk76UJ4AMeRZv7yswmjSTa45D5CJ3gTh4LwGM"), 60) tx_digest=Digest("3r9g6erBk76UJ4AMeRZv7yswmjSTa45D5CJ3gTh4LwGM") retry_cnt=0
2026-05-20T11:12:11.061219Z ERROR iota_benchmark: Transaction failed with err: FailToConfirmTransactionStatus(Digest("9hYwXwGV7BTjt8iauiXv5GNGwa33Vnt7Mesitm5FYfrF"), 60) tx_digest=Digest("9hYwXwGV7BTjt8iauiXv5GNGwa33Vnt7Mesitm5FYfrF") retry_cnt=0
2026-05-20T11:12:11.062597Z ERROR iota_benchmark: Transaction failed with err: FailToConfirmTransactionStatus(Digest("fCc1S84surcczd3UgjEKqbk7RhRsBBesVBb82TP4NU2"), 60) tx_digest=Digest("fCc1S84surcczd3UgjEKqbk7RhRsBBesVBb82TP4NU2") retry_cnt=0
2026-05-20T11:12:11.062610Z ERROR iota_benchmark: Transaction failed with err: FailToConfirmTransactionStatus(Digest("87PQvffg2v9Vxc2Q8gEabnZf7nCCAsNJ1PxtbY159SAX"), 60) tx_digest=Digest("87PQvffg2v9Vxc2Q8gEabnZf7nCCAsNJ1PxtbY159SAX") retry_cnt=0
2026-05-20T11:12:11.062645Z ERROR iota_benchmark: Transaction failed with err: FailToConfirmTransactionStatus(Digest("7sgcyFHYqxWvmUSriBKvvJ7evnqUW2tY8Fmnazs9MmfU"), 60) tx_digest=Digest("7sgcyFHYqxWvmUSriBKvvJ7evnqUW2tY8Fmnazs9MmfU") retry_cnt=0
2026-05-20T11:12:11.062662Z ERROR iota_benchmark: Transaction failed with err: FailToConfirmTransactionStatus(Digest("7sx7ssQLLKFJN7wg3pBY4dD3rCxQ2JBHTR9sgePVVwEw"), 60) tx_digest=Digest("7sx7ssQLLKFJN7wg3pBY4dD3rCxQ2JBHTR9sgePVVwEw") retry_cnt=0
2026-05-20T11:12:11.062727Z ERROR iota_benchmark: Transaction failed with err: FailToConfirmTransactionStatus(Digest("B2uAV2eZfU3iXCXo9dXM2pAns5KwdsfpkLdvvQUUwcf2"), 60) tx_digest=Digest("B2uAV2eZfU3iXCXo9dXM2pAns5KwdsfpkLdvvQUUwcf2") retry_cnt=0
2026-05-20T11:12:11.063021Z ERROR iota_benchmark: Transaction failed with err: FailToConfirmTransactionStatus(Digest("D3wrKkgxSrARWzhcwTmu8pwRLxHGKhKNX4ppNCi1PB8c"), 60) tx_digest=Digest("D3wrKkgxSrARWzhcwTmu8pwRLxHGKhKNX4ppNCi1PB8c") retry_cnt=0
2026-05-20T11:12:11.063125Z ERROR iota_benchmark: Transaction failed with err: FailToConfirmTransactionStatus(Digest("7VUFkXKRE1W1XyVzzEWjDykqvfx9237bSKkqAF9Yic1U"), 60) tx_digest=Digest("7VUFkXKRE1W1XyVzzEWjDykqvfx9237bSKkqAF9Yic1U") retry_cnt=0
2026-05-20T11:12:11.063139Z ERROR iota_benchmark: Transaction failed with err: FailToConfirmTransactionStatus(Digest("2WQfE9pZzJ4FxMCPj9nDcEpBiRR1zYuBcME1s1coj71p"), 60) tx_digest=Digest("2WQfE9pZzJ4FxMCPj9nDcEpBiRR1zYuBcME1s1coj71p") retry_cnt=0
2026-05-20T11:12:11.063148Z ERROR iota_benchmark: Transaction failed with err: FailToConfirmTransactionStatus(Digest("B3f6MGoQr54HybZVrhBmZCdgRdcE3xQTjT5XGDSbg979"), 60) tx_digest=Digest("B3f6MGoQr54HybZVrhBmZCdgRdcE3xQTjT5XGDSbg979") retry_cnt=0
2026-05-20T11:12:11.063160Z ERROR iota_benchmark: Transaction failed with err: FailToConfirmTransactionStatus(Digest("8EfJj4b48JffTa45FUgofTJV5fPuG81r6LthpuMTmX2Y"), 60) tx_digest=Digest("8EfJj4b48JffTa45FUgofTJV5fPuG81r6LthpuMTmX2Y") retry_cnt=0
2026-05-20T11:12:11.063211Z ERROR iota_benchmark: Transaction failed with err: FailToConfirmTransactionStatus(Digest("7xq8DcqTCEkdwA8XwEULxSDPzTiekQjcyUTdSf7KGeds"), 60) tx_digest=Digest("7xq8DcqTCEkdwA8XwEULxSDPzTiekQjcyUTdSf7KGeds") retry_cnt=0
2026-05-20T11:12:11.064794Z ERROR iota_benchmark: Transaction failed with err: FailToConfirmTransactionStatus(Digest("HUB4SW2iV82QmBxzPfHRG95bKx8Y3qYBgztT52xG1oaQ"), 60) tx_digest=Digest("HUB4SW2iV82QmBxzPfHRG95bKx8Y3qYBgztT52xG1oaQ") retry_cnt=0
2026-05-20T11:12:11.064806Z ERROR iota_benchmark: Transaction failed with err: FailToConfirmTransactionStatus(Digest("F2szQNXtUx7QB6T3Adx1551qgwsDPpGpfXGE5W1x6oyr"), 60) tx_digest=Digest("F2szQNXtUx7QB6T3Adx1551qgwsDPpGpfXGE5W1x6oyr") retry_cnt=0
2026-05-20T11:12:11.064855Z ERROR iota_benchmark: Transaction failed with err: FailToConfirmTransactionStatus(Digest("7JLxJhGE2R3tDQcfLuXVApM4nsmRdZGAS5RqnZi1YXR5"), 60) tx_digest=Digest("7JLxJhGE2R3tDQcfLuXVApM4nsmRdZGAS5RqnZi1YXR5") retry_cnt=0
2026-05-20T11:12:11.064867Z ERROR iota_benchmark: Transaction failed with err: FailToConfirmTransactionStatus(Digest("GK3cya8KurTYBZ63QeXhTjQn6TiqMKRTs1K8px3ZdgEJ"), 60) tx_digest=Digest("GK3cya8KurTYBZ63QeXhTjQn6TiqMKRTs1K8px3ZdgEJ") retry_cnt=0
2026-05-20T11:12:11.064942Z ERROR iota_benchmark: Transaction failed with err: FailToConfirmTransactionStatus(Digest("FcEKBhqimwJry7a21ajJBVhYgLThXoScxaXyquR3pSbR"), 60) tx_digest=Digest("FcEKBhqimwJry7a21ajJBVhYgLThXoScxaXyquR3pSbR") retry_cnt=0
2026-05-20T11:12:11.064946Z ERROR iota_benchmark: Transaction failed with err: FailToConfirmTransactionStatus(Digest("DfdRZTUBFv8D1XFYXnU5ykjihbnbf3bEsJ9PBp37cAoE"), 60) tx_digest=Digest("DfdRZTUBFv8D1XFYXnU5ykjihbnbf3bEsJ9PBp37cAoE") retry_cnt=0
2026-05-20T11:12:11.064978Z ERROR iota_benchmark: Transaction failed with err: FailToConfirmTransactionStatus(Digest("5urTXZxZvARt1XXUmYZF9hNFY3BcXqsGFoWJoqF2Eqts"), 60) tx_digest=Digest("5urTXZxZvARt1XXUmYZF9hNFY3BcXqsGFoWJoqF2Eqts") retry_cnt=0
2026-05-20T11:12:11.065038Z ERROR iota_benchmark: Transaction failed with err: FailToConfirmTransactionStatus(Digest("E51hGPppuSdt2TwbyqSZkk6sDtf5Af9VoBSPA9UyHbtU"), 60) tx_digest=Digest("E51hGPppuSdt2TwbyqSZkk6sDtf5Af9VoBSPA9UyHbtU") retry_cnt=0
2026-05-20T11:12:11.065062Z ERROR iota_benchmark: Transaction failed with err: FailToConfirmTransactionStatus(Digest("DMavyvSeNQCrJfL6vS2pTW8dLcbuFHHywhCzvvimbMGv"), 60) tx_digest=Digest("DMavyvSeNQCrJfL6vS2pTW8dLcbuFHHywhCzvvimbMGv") retry_cnt=0
2026-05-20T11:12:11.065122Z ERROR iota_benchmark: Transaction failed with err: FailToConfirmTransactionStatus(Digest("CkJG7q5bZe6syAGQyph14ufAPJfeipvcPFCMSPa8mUKr"), 60) tx_digest=Digest("CkJG7q5bZe6syAGQyph14ufAPJfeipvcPFCMSPa8mUKr") retry_cnt=0
2026-05-20T11:12:11.065133Z ERROR iota_benchmark: Transaction failed with err: FailToConfirmTransactionStatus(Digest("GqBJL91sCpAeWbSbtShKh3EpijtpVYngSKGwysDJn9BE"), 60) tx_digest=Digest("GqBJL91sCpAeWbSbtShKh3EpijtpVYngSKGwysDJn9BE") retry_cnt=0
2026-05-20T11:12:11.065208Z ERROR iota_benchmark: Transaction failed with err: FailToConfirmTransactionStatus(Digest("8m2ywFyjKfesuzvjZbiDDh3gfmdXfPuHVGwFc2fergpv"), 60) tx_digest=Digest("8m2ywFyjKfesuzvjZbiDDh3gfmdXfPuHVGwFc2fergpv") retry_cnt=0
2026-05-20T11:12:11.065329Z ERROR iota_benchmark: Transaction failed with err: FailToConfirmTransactionStatus(Digest("DaupYmCFfk5zgBZqJTvZ97Jg5xZNynBaCVtrncGgtovy"), 60) tx_digest=Digest("DaupYmCFfk5zgBZqJTvZ97Jg5xZNynBaCVtrncGgtovy") retry_cnt=0
2026-05-20T11:12:11.065409Z ERROR iota_benchmark: Transaction failed with err: FailToConfirmTransactionStatus(Digest("B8hCz8HMWbjk1VBT8LwfAD1Yw9pAER8XsGixprctML6z"), 60) tx_digest=Digest("B8hCz8HMWbjk1VBT8LwfAD1Yw9pAER8XsGixprctML6z") retry_cnt=0
2026-05-20T11:12:11.065434Z ERROR iota_benchmark: Transaction failed with err: FailToConfirmTransactionStatus(Digest("5Yke87WhtUHnQqHBNx7hDcwuNz34c4RmF1s7aVJTAjXb"), 60) tx_digest=Digest("5Yke87WhtUHnQqHBNx7hDcwuNz34c4RmF1s7aVJTAjXb") retry_cnt=0
2026-05-20T11:12:11.065791Z ERROR iota_benchmark: Transaction failed with err: FailToConfirmTransactionStatus(Digest("AiYgTQvAPMHA3M1rhcCWhCryJSh67XFuFj1ZjKVW6Xau"), 60) tx_digest=Digest("AiYgTQvAPMHA3M1rhcCWhCryJSh67XFuFj1ZjKVW6Xau") retry_cnt=0
2026-05-20T11:12:11.065889Z ERROR iota_benchmark: Transaction failed with err: FailToConfirmTransactionStatus(Digest("7QbAZ293Y2LHX26xzaqDNZpmjMSR5UYa7PCd2Fk53v9F"), 60) tx_digest=Digest("7QbAZ293Y2LHX26xzaqDNZpmjMSR5UYa7PCd2Fk53v9F") retry_cnt=0
2026-05-20T11:12:11.066047Z ERROR iota_benchmark: Transaction failed with err: FailToConfirmTransactionStatus(Digest("64u6UsYArEJxMpcXzbLqybBTAVHdbA1JBdkMWb1Ms4Di"), 60) tx_digest=Digest("64u6UsYArEJxMpcXzbLqybBTAVHdbA1JBdkMWb1Ms4Di") retry_cnt=0
2026-05-20T11:12:11.066094Z ERROR iota_benchmark: Transaction failed with err: FailToConfirmTransactionStatus(Digest("7NZhbGsewoU9Fb8KVffQg3wbj9AEiQdutdNAQtXjPJnS"), 60) tx_digest=Digest("7NZhbGsewoU9Fb8KVffQg3wbj9AEiQdutdNAQtXjPJnS") retry_cnt=0
2026-05-20T11:12:11.066117Z ERROR iota_benchmark: Transaction failed with err: FailToConfirmTransactionStatus(Digest("4tZn2WyKMVa6LLVUU2g2fFT2vwonQwF3EhStiU391uqP"), 60) tx_digest=Digest("4tZn2WyKMVa6LLVUU2g2fFT2vwonQwF3EhStiU391uqP") retry_cnt=0
2026-05-20T11:12:11.066129Z ERROR iota_benchmark: Transaction failed with err: FailToConfirmTransactionStatus(Digest("HguJKyS4pXTWgDJoJuqNeRjKEJAPm4vi8SRXCTP74Gso"), 60) tx_digest=Digest("HguJKyS4pXTWgDJoJuqNeRjKEJAPm4vi8SRXCTP74Gso") retry_cnt=0
2026-05-20T11:12:11.066153Z ERROR iota_benchmark: Transaction failed with err: FailToConfirmTransactionStatus(Digest("EdJkG9R5ekTqEAFjJHDhgEaB5dgzEsNxX7DfySURAT3t"), 60) tx_digest=Digest("EdJkG9R5ekTqEAFjJHDhgEaB5dgzEsNxX7DfySURAT3t") retry_cnt=0
2026-05-20T11:12:11.066189Z ERROR iota_benchmark: Transaction failed with err: FailToConfirmTransactionStatus(Digest("AjJaAhTjATR4VLjktsmnc3ifNu53whZ6GBYpFCEq6GQM"), 60) tx_digest=Digest("AjJaAhTjATR4VLjktsmnc3ifNu53whZ6GBYpFCEq6GQM") retry_cnt=0
2026-05-20T11:12:11.066202Z ERROR iota_benchmark: Transaction failed with err: FailToConfirmTransactionStatus(Digest("2KhMDwXwvkHsekp92Ta44vavAdHzh9ePszmLZwvak8op"), 60) tx_digest=Digest("2KhMDwXwvkHsekp92Ta44vavAdHzh9ePszmLZwvak8op") retry_cnt=0
2026-05-20T11:12:11.066215Z ERROR iota_benchmark: Transaction failed with err: FailToConfirmTransactionStatus(Digest("23KLocDzRk8YcVHVJdQ1k5VBz2dwC3yRqBmXazNtKkoW"), 60) tx_digest=Digest("23KLocDzRk8YcVHVJdQ1k5VBz2dwC3yRqBmXazNtKkoW") retry_cnt=0
2026-05-20T11:12:11.066264Z ERROR iota_benchmark: Transaction failed with err: FailToConfirmTransactionStatus(Digest("Bx8MQoH83y8dfo4WdGdp23sXdrgTbWFjmtSXS51ZrKKQ"), 60) tx_digest=Digest("Bx8MQoH83y8dfo4WdGdp23sXdrgTbWFjmtSXS51ZrKKQ") retry_cnt=0
2026-05-20T11:12:11.066289Z ERROR iota_benchmark: Transaction failed with err: FailToConfirmTransactionStatus(Digest("x6P8NCK8KW2Q7AVyp5LHjLuCEVuLh4jUnVrFADfN5fC"), 60) tx_digest=Digest("x6P8NCK8KW2Q7AVyp5LHjLuCEVuLh4jUnVrFADfN5fC") retry_cnt=0
2026-05-20T11:12:11.066307Z ERROR iota_benchmark: Transaction failed with err: FailToConfirmTransactionStatus(Digest("4kSjGCF4wJRsjdA5CrpCiJot2ZrdvFGKNrjR6ZF2DszT"), 60) tx_digest=Digest("4kSjGCF4wJRsjdA5CrpCiJot2ZrdvFGKNrjR6ZF2DszT") retry_cnt=0
2026-05-20T11:12:11.066339Z ERROR iota_benchmark: Transaction failed with err: FailToConfirmTransactionStatus(Digest("JDHMoJmk7MEssqckQJMyh7oEbXuzmNxMYyJxszEsEDBe"), 60) tx_digest=Digest("JDHMoJmk7MEssqckQJMyh7oEbXuzmNxMYyJxszEsEDBe") retry_cnt=0
2026-05-20T11:12:11.066360Z ERROR iota_benchmark: Transaction failed with err: FailToConfirmTransactionStatus(Digest("ER9T6AnpJREPtHSJ2x9P7DpuwU8vqdQnJkxHa4NMj5s7"), 60) tx_digest=Digest("ER9T6AnpJREPtHSJ2x9P7DpuwU8vqdQnJkxHa4NMj5s7") retry_cnt=0
2026-05-20T11:12:11.066382Z ERROR iota_benchmark: Transaction failed with err: FailToConfirmTransactionStatus(Digest("8PpVJQbbxFXJqgENAh6EdJdRE4mrPHJmRTGAnzFphkkM"), 60) tx_digest=Digest("8PpVJQbbxFXJqgENAh6EdJdRE4mrPHJmRTGAnzFphkkM") retry_cnt=0
2026-05-20T11:12:11.069671Z ERROR iota_benchmark: Transaction failed with err: FailToConfirmTransactionStatus(Digest("7tHUnnuUziMM6HJEeGs7JdzA9Xtv5PZnxRHWD8xR6J2F"), 60) tx_digest=Digest("7tHUnnuUziMM6HJEeGs7JdzA9Xtv5PZnxRHWD8xR6J2F") retry_cnt=0
2026-05-20T11:12:11.069668Z ERROR iota_benchmark: Transaction failed with err: FailToConfirmTransactionStatus(Digest("8kZkxwKDgcYVNK3Jxxh9DFP6CAvna6L3hAEJJDtBRFUE"), 60) tx_digest=Digest("8kZkxwKDgcYVNK3Jxxh9DFP6CAvna6L3hAEJJDtBRFUE") retry_cnt=0
2026-05-20T11:12:11.069818Z ERROR iota_benchmark: Transaction failed with err: FailToConfirmTransactionStatus(Digest("3zUXA2gGoPNKzAmR7VS22QrFBYRYP6cQqTwabQspkaZ2"), 60) tx_digest=Digest("3zUXA2gGoPNKzAmR7VS22QrFBYRYP6cQqTwabQspkaZ2") retry_cnt=0
2026-05-20T11:12:11.069839Z ERROR iota_benchmark: Transaction failed with err: FailToConfirmTransactionStatus(Digest("DMxi5WrEA9wEnL4L26UKop59Ux6NuUisbeMqZpA6iy42"), 60) tx_digest=Digest("DMxi5WrEA9wEnL4L26UKop59Ux6NuUisbeMqZpA6iy42") retry_cnt=0
2026-05-20T11:12:11.073853Z ERROR iota_benchmark: Transaction failed with err: FailToConfirmTransactionStatus(Digest("N7ZnEJbfY18QnGBKMVdMrW7FZC4qPjVKycLSimPR12W"), 60) tx_digest=Digest("N7ZnEJbfY18QnGBKMVdMrW7FZC4qPjVKycLSimPR12W") retry_cnt=0
2026-05-20T11:12:11.073866Z ERROR iota_benchmark: Transaction failed with err: FailToConfirmTransactionStatus(Digest("EfSr3eCpgkgJ3aweRrP7wxou6KZjxSJoQNxMezXhL13F"), 60) tx_digest=Digest("EfSr3eCpgkgJ3aweRrP7wxou6KZjxSJoQNxMezXhL13F") retry_cnt=0
2026-05-20T11:12:11.074324Z ERROR iota_benchmark: Transaction failed with err: Rpc(Transport(Http(Stream(hyper_util::client::legacy::Error(SendRequest, hyper::Error(IncompleteMessage)))))) tx_digest=Digest("8dBc3rrSsRkRVDNV1sui5gC62R1jxtmuMVhfwLJXxVPm") retry_cnt=1
2026-05-20T11:12:11.075930Z ERROR iota_benchmark: Transaction failed with err: FailToConfirmTransactionStatus(Digest("G8Reo2ubkpyD53KP3iSVGsShKFmLJFFp6kyEFSdcqJ3k"), 60) tx_digest=Digest("G8Reo2ubkpyD53KP3iSVGsShKFmLJFFp6kyEFSdcqJ3k") retry_cnt=0
2026-05-20T11:12:11.075940Z ERROR iota_benchmark: Transaction failed with err: FailToConfirmTransactionStatus(Digest("Hk9ZwyYkyRU6aZRGRKfGEdtRErg4A173Ym3VqSwRgu5"), 60) tx_digest=Digest("Hk9ZwyYkyRU6aZRGRKfGEdtRErg4A173Ym3VqSwRgu5") retry_cnt=0
2026-05-20T11:12:11.085448Z ERROR iota_benchmark: Transaction failed with err: FailToConfirmTransactionStatus(Digest("BYQN2QmTjGSZunZr5d1VUt9wxmN3upbHQjf8ehvuTVfo"), 60) tx_digest=Digest("BYQN2QmTjGSZunZr5d1VUt9wxmN3upbHQjf8ehvuTVfo") retry_cnt=0
2026-05-20T11:12:11.086968Z ERROR iota_benchmark: Transaction failed with err: FailToConfirmTransactionStatus(Digest("CB5ToM3d5htrf2x5zsVFRsyXHD1hpYbc77EsrShwuoFC"), 60) tx_digest=Digest("CB5ToM3d5htrf2x5zsVFRsyXHD1hpYbc77EsrShwuoFC") retry_cnt=0
2026-05-20T11:12:11.086997Z ERROR iota_benchmark: Transaction failed with err: FailToConfirmTransactionStatus(Digest("AYYd8ecUmJ1pVenAUSKAW5WCwrXF9fH59mXSf4Eowtj6"), 60) tx_digest=Digest("AYYd8ecUmJ1pVenAUSKAW5WCwrXF9fH59mXSf4Eowtj6") retry_cnt=0
2026-05-20T11:12:11.087237Z ERROR iota_benchmark: Transaction failed with err: FailToConfirmTransactionStatus(Digest("8suaz2aRAoyFAuFnhiCA2kRLiZR1W9SN3MqMFGhvcXGp"), 60) tx_digest=Digest("8suaz2aRAoyFAuFnhiCA2kRLiZR1W9SN3MqMFGhvcXGp") retry_cnt=0
2026-05-20T11:12:11.099999Z ERROR iota_benchmark: Transaction failed with err: FailToConfirmTransactionStatus(Digest("2GUaYEDeKVnfKVzdSeXkM8861PKEYEu2PVtKsN9bQzH1"), 60) tx_digest=Digest("2GUaYEDeKVnfKVzdSeXkM8861PKEYEu2PVtKsN9bQzH1") retry_cnt=0
2026-05-20T11:12:11.118696Z ERROR iota_benchmark: Transaction failed with err: Rpc(Transport(Http(Stream(hyper_util::client::legacy::Error(SendRequest, hyper::Error(IncompleteMessage)))))) tx_digest=Digest("4YV2YF46BmRpmbGJ4rSGmjWgSGeTRnLqHZ45HUwqBZNU") retry_cnt=1
2026-05-20T11:12:11.123767Z ERROR iota_benchmark: Transaction failed with err: FailToConfirmTransactionStatus(Digest("6irqYyAKBdP653PzKhhDMn7kBUZMBkL6rrdAaM2YNYpM"), 60) tx_digest=Digest("6irqYyAKBdP653PzKhhDMn7kBUZMBkL6rrdAaM2YNYpM") retry_cnt=0
2026-05-20T11:12:11.123769Z ERROR iota_benchmark: Transaction failed with err: FailToConfirmTransactionStatus(Digest("4bFyTXsoj5UHg9qVoKhsivHFRbKXwiB9kV7N5zRe4Yzk"), 60) tx_digest=Digest("4bFyTXsoj5UHg9qVoKhsivHFRbKXwiB9kV7N5zRe4Yzk") retry_cnt=0
2026-05-20T11:12:11.124066Z ERROR iota_benchmark: Transaction failed with err: FailToConfirmTransactionStatus(Digest("EbFqFmShdHvixvuQsSpyLMAFqzafjdjaFhtML1YK2PRs"), 60) tx_digest=Digest("EbFqFmShdHvixvuQsSpyLMAFqzafjdjaFhtML1YK2PRs") retry_cnt=0
2026-05-20T11:12:11.124102Z ERROR iota_benchmark: Transaction failed with err: FailToConfirmTransactionStatus(Digest("BW65zf9yJZUdLzK3u3NARxZLvi9GWCtAyDcAJgT9ug95"), 60) tx_digest=Digest("BW65zf9yJZUdLzK3u3NARxZLvi9GWCtAyDcAJgT9ug95") retry_cnt=0
2026-05-20T11:12:11.124144Z ERROR iota_benchmark: Transaction failed with err: FailToConfirmTransactionStatus(Digest("4oUUbFSy133TbdZWDK2sJBfc9Q6F5EDYNLckHJUYV5Pe"), 60) tx_digest=Digest("4oUUbFSy133TbdZWDK2sJBfc9Q6F5EDYNLckHJUYV5Pe") retry_cnt=0
2026-05-20T11:12:11.129008Z ERROR iota_benchmark: Transaction failed with err: FailToConfirmTransactionStatus(Digest("5sSKMdA21GfqzbutWhaC5WDPEQQVZaF3qSARYR3ZjVFV"), 60) tx_digest=Digest("5sSKMdA21GfqzbutWhaC5WDPEQQVZaF3qSARYR3ZjVFV") retry_cnt=0
2026-05-20T11:12:11.129313Z ERROR iota_benchmark: Transaction failed with err: FailToConfirmTransactionStatus(Digest("GjmgWt5WtAvunFkcUbLeKNqr1mJJCXcybsJLSmFr5NHp"), 60) tx_digest=Digest("GjmgWt5WtAvunFkcUbLeKNqr1mJJCXcybsJLSmFr5NHp") retry_cnt=0
2026-05-20T11:12:11.129346Z ERROR iota_benchmark: Transaction failed with err: FailToConfirmTransactionStatus(Digest("2ob8Ud8vEnYuwKsaxeP8L3CWMXF9yZVkTEEZLcyC6Ri8"), 60) tx_digest=Digest("2ob8Ud8vEnYuwKsaxeP8L3CWMXF9yZVkTEEZLcyC6Ri8") retry_cnt=0
2026-05-20T11:12:11.130749Z ERROR iota_benchmark: Transaction failed with err: FailToConfirmTransactionStatus(Digest("5nfE5kApwbAKTqigAVSrEJXH9JdaLiXJVfWM7xpC2ZTy"), 60) tx_digest=Digest("5nfE5kApwbAKTqigAVSrEJXH9JdaLiXJVfWM7xpC2ZTy") retry_cnt=0
2026-05-20T11:12:11.145096Z ERROR iota_benchmark: Transaction failed with err: FailToConfirmTransactionStatus(Digest("2PkHgXNe6B2m2TPv4P4kEULREiTDWbLtprzqZUp58mmK"), 60) tx_digest=Digest("2PkHgXNe6B2m2TPv4P4kEULREiTDWbLtprzqZUp58mmK") retry_cnt=0
2026-05-20T11:12:11.150605Z ERROR iota_benchmark: Transaction failed with err: Rpc(Transport(Http(Stream(hyper_util::client::legacy::Error(SendRequest, hyper::Error(IncompleteMessage)))))) tx_digest=Digest("HxngnW2aW9fcEMwF8yNEGAgqZ7fsvE6gTV4TozGiHfoX") retry_cnt=1
2026-05-20T11:12:11.159442Z ERROR iota_benchmark: Transaction failed with err: FailToConfirmTransactionStatus(Digest("zgTAQ8hJK3GZiHKCzhkezdekeoPNfEBgjdXafnwibT8"), 60) tx_digest=Digest("zgTAQ8hJK3GZiHKCzhkezdekeoPNfEBgjdXafnwibT8") retry_cnt=0
2026-05-20T11:12:11.159442Z ERROR iota_benchmark: Transaction failed with err: FailToConfirmTransactionStatus(Digest("HU9seZBTuzejmrNdfWUtAw1XV4fhxB59g1oy6C8W2Pxm"), 60) tx_digest=Digest("HU9seZBTuzejmrNdfWUtAw1XV4fhxB59g1oy6C8W2Pxm") retry_cnt=0
2026-05-20T11:12:11.160952Z ERROR iota_benchmark: Transaction failed with err: FailToConfirmTransactionStatus(Digest("Bjffz1HY3DfNxCAvioj15budqGtcNN35bjjyiwfB9iTf"), 60) tx_digest=Digest("Bjffz1HY3DfNxCAvioj15budqGtcNN35bjjyiwfB9iTf") retry_cnt=0
2026-05-20T11:12:11.160963Z ERROR iota_benchmark: Transaction failed with err: FailToConfirmTransactionStatus(Digest("53DTNGyoZehctAQ1ZfnaL9edAP6xNT82uoNmBgCSGWAx"), 60) tx_digest=Digest("53DTNGyoZehctAQ1ZfnaL9edAP6xNT82uoNmBgCSGWAx") retry_cnt=0
2026-05-20T11:12:11.162378Z ERROR iota_benchmark: Transaction failed with err: FailToConfirmTransactionStatus(Digest("HFd7qsgaNiUKSzBz5bN7SKjmPL4XSGh69ufVezqSamED"), 60) tx_digest=Digest("HFd7qsgaNiUKSzBz5bN7SKjmPL4XSGh69ufVezqSamED") retry_cnt=0
2026-05-20T11:12:11.175484Z ERROR iota_benchmark: Transaction failed with err: FailToConfirmTransactionStatus(Digest("G5CBC76tiB3stLVBtUvn8ufPGLqys6375DY4fPjz2qrf"), 60) tx_digest=Digest("G5CBC76tiB3stLVBtUvn8ufPGLqys6375DY4fPjz2qrf") retry_cnt=0
2026-05-20T11:12:11.175489Z ERROR iota_benchmark: Transaction failed with err: FailToConfirmTransactionStatus(Digest("DkesWuEs5hytGjqLCKvqGWos1LP6ApXbLmQHpEXjHFTh"), 60) tx_digest=Digest("DkesWuEs5hytGjqLCKvqGWos1LP6ApXbLmQHpEXjHFTh") retry_cnt=0
2026-05-20T11:12:11.177299Z ERROR iota_benchmark: Transaction failed with err: FailToConfirmTransactionStatus(Digest("3Cs81PhbkrnV6x2HzQSqmc2RK72oP6hzrRs9p4TKzRmg"), 60) tx_digest=Digest("3Cs81PhbkrnV6x2HzQSqmc2RK72oP6hzrRs9p4TKzRmg") retry_cnt=0
2026-05-20T11:12:11.177487Z ERROR iota_benchmark: Transaction failed with err: FailToConfirmTransactionStatus(Digest("ABVJcNfwP7FYBYnrV7aX68GEG45hjYB5Xjip9DiZHVh"), 60) tx_digest=Digest("ABVJcNfwP7FYBYnrV7aX68GEG45hjYB5Xjip9DiZHVh") retry_cnt=0
2026-05-20T11:12:11.177439Z ERROR iota_benchmark: Transaction failed with err: FailToConfirmTransactionStatus(Digest("CbPSqBkcWTicSarJuU1dqjZth9ayTJMCp64BrXZW4cZF"), 60) tx_digest=Digest("CbPSqBkcWTicSarJuU1dqjZth9ayTJMCp64BrXZW4cZF") retry_cnt=0
2026-05-20T11:12:11.177604Z ERROR iota_benchmark: Transaction failed with err: FailToConfirmTransactionStatus(Digest("FDwPviG7PF3PRjhmN8chVUzzdwsPfbwAEk51opyM7jnv"), 60) tx_digest=Digest("FDwPviG7PF3PRjhmN8chVUzzdwsPfbwAEk51opyM7jnv") retry_cnt=0
2026-05-20T11:12:11.178738Z ERROR iota_benchmark: Transaction failed with err: Rpc(Transport(Http(Stream(hyper_util::client::legacy::Error(SendRequest, hyper::Error(IncompleteMessage)))))) tx_digest=Digest("3BzpQf5LFDHhBxC3f36APzpnE2fitgk9AAxcd4KnXW3g") retry_cnt=1
2026-05-20T11:12:11.182324Z ERROR iota_benchmark: Transaction failed with err: FailToConfirmTransactionStatus(Digest("3iXLimLk5XsZt8GpSFi4NJUURyUz5utEgHkD8m79Ca5o"), 60) tx_digest=Digest("3iXLimLk5XsZt8GpSFi4NJUURyUz5utEgHkD8m79Ca5o") retry_cnt=0
2026-05-20T11:12:11.183835Z ERROR iota_benchmark: Transaction failed with err: FailToConfirmTransactionStatus(Digest("4AoWh1938QT3KPghoVK2nZCXFo1P6GMLns4ijtteBSJ9"), 60) tx_digest=Digest("4AoWh1938QT3KPghoVK2nZCXFo1P6GMLns4ijtteBSJ9") retry_cnt=0
2026-05-20T11:12:11.184094Z ERROR iota_benchmark: Transaction failed with err: FailToConfirmTransactionStatus(Digest("DBdZEmKmun4jUbKrsh1KJPwwTRhvYZSxbJqMqQ22vSih"), 60) tx_digest=Digest("DBdZEmKmun4jUbKrsh1KJPwwTRhvYZSxbJqMqQ22vSih") retry_cnt=0
2026-05-20T11:12:11.184111Z ERROR iota_benchmark: Transaction failed with err: FailToConfirmTransactionStatus(Digest("BfdcnoqrBRkvmxuhBaH2bbYNtuEMg35wMsMXtJg3Ha7b"), 60) tx_digest=Digest("BfdcnoqrBRkvmxuhBaH2bbYNtuEMg35wMsMXtJg3Ha7b") retry_cnt=0
2026-05-20T11:12:11.185478Z ERROR iota_benchmark: Transaction failed with err: FailToConfirmTransactionStatus(Digest("B6CF4rvrZC4SRpKGewho8inoqkMgo5iEMhzHm1YFc7FK"), 60) tx_digest=Digest("B6CF4rvrZC4SRpKGewho8inoqkMgo5iEMhzHm1YFc7FK") retry_cnt=0
2026-05-20T11:12:11.185482Z ERROR iota_benchmark: Transaction failed with err: FailToConfirmTransactionStatus(Digest("3267fkKJhzVdr41SsYCk8WzbNuexK6DkHNwpeAhhTSuh"), 60) tx_digest=Digest("3267fkKJhzVdr41SsYCk8WzbNuexK6DkHNwpeAhhTSuh") retry_cnt=0
2026-05-20T11:12:11.185500Z ERROR iota_benchmark: Transaction failed with err: FailToConfirmTransactionStatus(Digest("J4n9cwdJRwRRLyp8DjWLm3KC2qt7xDDQArUF9E8SLbEA"), 60) tx_digest=Digest("J4n9cwdJRwRRLyp8DjWLm3KC2qt7xDDQArUF9E8SLbEA") retry_cnt=0
2026-05-20T11:12:11.185540Z ERROR iota_benchmark: Transaction failed with err: FailToConfirmTransactionStatus(Digest("ESxrJdKCXaKjpjJeHtz61hmUpJoQxGLg9nkMq8eSzvCV"), 60) tx_digest=Digest("ESxrJdKCXaKjpjJeHtz61hmUpJoQxGLg9nkMq8eSzvCV") retry_cnt=0
2026-05-20T11:12:11.185616Z ERROR iota_benchmark: Transaction failed with err: FailToConfirmTransactionStatus(Digest("DdfvcuUKfoh3w6e9e7hTpEU29rpwJXcu7tpvQAgk8kJp"), 60) tx_digest=Digest("DdfvcuUKfoh3w6e9e7hTpEU29rpwJXcu7tpvQAgk8kJp") retry_cnt=0
2026-05-20T11:12:11.185623Z ERROR iota_benchmark: Transaction failed with err: FailToConfirmTransactionStatus(Digest("HVrZYHUtMgCtotetZUmCMiQTs379yYQ72DGK9Vkc6Dnk"), 60) tx_digest=Digest("HVrZYHUtMgCtotetZUmCMiQTs379yYQ72DGK9Vkc6Dnk") retry_cnt=0
2026-05-20T11:12:11.187007Z ERROR iota_benchmark: Transaction failed with err: FailToConfirmTransactionStatus(Digest("9AoneQtNF9XZ74hUt3pTMqBYaMbuvMCf4Bnkadtodetj"), 60) tx_digest=Digest("9AoneQtNF9XZ74hUt3pTMqBYaMbuvMCf4Bnkadtodetj") retry_cnt=0
2026-05-20T11:12:11.187022Z ERROR iota_benchmark: Transaction failed with err: FailToConfirmTransactionStatus(Digest("7jtPdfYdApoRzJAorhcKgUDWMoraNFnmqG9Q3GJpsr5C"), 60) tx_digest=Digest("7jtPdfYdApoRzJAorhcKgUDWMoraNFnmqG9Q3GJpsr5C") retry_cnt=0
2026-05-20T11:12:11.187047Z ERROR iota_benchmark: Transaction failed with err: FailToConfirmTransactionStatus(Digest("ANU8QFAbqguqYD5rESWrLBvQFksf5qRXsSPGvnfGFX8y"), 60) tx_digest=Digest("ANU8QFAbqguqYD5rESWrLBvQFksf5qRXsSPGvnfGFX8y") retry_cnt=0
2026-05-20T11:12:11.187049Z ERROR iota_benchmark: Transaction failed with err: FailToConfirmTransactionStatus(Digest("21rqaSyFHkdLe9g8hxsJKCNy2yFc8gZJhsa1LsUYp1sB"), 60) tx_digest=Digest("21rqaSyFHkdLe9g8hxsJKCNy2yFc8gZJhsa1LsUYp1sB") retry_cnt=0
2026-05-20T11:12:11.187106Z ERROR iota_benchmark: Transaction failed with err: FailToConfirmTransactionStatus(Digest("4Jxmk8SBasfrBJf4Ki74F9J5L5BxY7ay6Af9eKnnBhm2"), 60) tx_digest=Digest("4Jxmk8SBasfrBJf4Ki74F9J5L5BxY7ay6Af9eKnnBhm2") retry_cnt=0
2026-05-20T11:12:11.187151Z ERROR iota_benchmark: Transaction failed with err: FailToConfirmTransactionStatus(Digest("FG2me1uqC7ZHNWzJ2VMqWKw5HuCHTywinL9QA6D5tmP4"), 60) tx_digest=Digest("FG2me1uqC7ZHNWzJ2VMqWKw5HuCHTywinL9QA6D5tmP4") retry_cnt=0
2026-05-20T11:12:11.187230Z ERROR iota_benchmark: Transaction failed with err: FailToConfirmTransactionStatus(Digest("B6ZL16kz8cFrWDQkV6HqEjmo8CPHqVSAq3DTYoVoRHYu"), 60) tx_digest=Digest("B6ZL16kz8cFrWDQkV6HqEjmo8CPHqVSAq3DTYoVoRHYu") retry_cnt=0
2026-05-20T11:12:11.187249Z ERROR iota_benchmark: Transaction failed with err: FailToConfirmTransactionStatus(Digest("FGMbaX3jxYTnkhvsaKLUuFK1JUsay95RR6b7vnKaMGD6"), 60) tx_digest=Digest("FGMbaX3jxYTnkhvsaKLUuFK1JUsay95RR6b7vnKaMGD6") retry_cnt=0
2026-05-20T11:12:11.187319Z ERROR iota_benchmark: Transaction failed with err: FailToConfirmTransactionStatus(Digest("5PPrpZfAgUYgGLtw3Zz73WN68pDrck6YyN3Gi1uYQ63X"), 60) tx_digest=Digest("5PPrpZfAgUYgGLtw3Zz73WN68pDrck6YyN3Gi1uYQ63X") retry_cnt=0
2026-05-20T11:12:11.187380Z ERROR iota_benchmark: Transaction failed with err: FailToConfirmTransactionStatus(Digest("GcLg1iSiboxi7G6a52DFe9aaV5sbk2okUm8s2RbJYm5r"), 60) tx_digest=Digest("GcLg1iSiboxi7G6a52DFe9aaV5sbk2okUm8s2RbJYm5r") retry_cnt=0
2026-05-20T11:12:11.187485Z ERROR iota_benchmark: Transaction failed with err: FailToConfirmTransactionStatus(Digest("BMZu7ULK2nBDYGd4jBB9tDoRDnD1kaLVnT658ceivzet"), 60) tx_digest=Digest("BMZu7ULK2nBDYGd4jBB9tDoRDnD1kaLVnT658ceivzet") retry_cnt=0
2026-05-20T11:12:11.187507Z ERROR iota_benchmark: Transaction failed with err: FailToConfirmTransactionStatus(Digest("YdgejDRLCfnoTwv3eRRTLcGuTghfW3SteGztzHXWuoD"), 60) tx_digest=Digest("YdgejDRLCfnoTwv3eRRTLcGuTghfW3SteGztzHXWuoD") retry_cnt=0
2026-05-20T11:12:11.187578Z ERROR iota_benchmark: Transaction failed with err: FailToConfirmTransactionStatus(Digest("CnwXnRJUdEWnFXQ2nMPa6H9bszLaaPwsE3xNdBUuULb8"), 60) tx_digest=Digest("CnwXnRJUdEWnFXQ2nMPa6H9bszLaaPwsE3xNdBUuULb8") retry_cnt=0
2026-05-20T11:12:11.187587Z ERROR iota_benchmark: Transaction failed with err: FailToConfirmTransactionStatus(Digest("Cbymozqe6mAJPJfwSUHox9GAwjrpaFnwLHeqNztas4k"), 60) tx_digest=Digest("Cbymozqe6mAJPJfwSUHox9GAwjrpaFnwLHeqNztas4k") retry_cnt=0
2026-05-20T11:12:11.187870Z ERROR iota_benchmark: Transaction failed with err: FailToConfirmTransactionStatus(Digest("6uuaw7tdeDGVH2qTTpZf3J8WqTHd3pTdbQrk9qYiSxkx"), 60) tx_digest=Digest("6uuaw7tdeDGVH2qTTpZf3J8WqTHd3pTdbQrk9qYiSxkx") retry_cnt=0
2026-05-20T11:12:11.188077Z ERROR iota_benchmark: Transaction failed with err: FailToConfirmTransactionStatus(Digest("GNYoXzRTHKC72LCZL9sGDhvWJJxLj4dYhnZvMSQ5taG"), 60) tx_digest=Digest("GNYoXzRTHKC72LCZL9sGDhvWJJxLj4dYhnZvMSQ5taG") retry_cnt=0
2026-05-20T11:12:11.189561Z ERROR iota_benchmark: Transaction failed with err: FailToConfirmTransactionStatus(Digest("3SM3Q7VUpnk6ah4JjikwiikeHW4wFVGkyarnxXRfmZsh"), 60) tx_digest=Digest("3SM3Q7VUpnk6ah4JjikwiikeHW4wFVGkyarnxXRfmZsh") retry_cnt=0
2026-05-20T11:12:11.189593Z ERROR iota_benchmark: Transaction failed with err: FailToConfirmTransactionStatus(Digest("PyVFe2iwT2ApyDiqkbbPFAWS6mZWCCzhBhL57r1cd13"), 60) tx_digest=Digest("PyVFe2iwT2ApyDiqkbbPFAWS6mZWCCzhBhL57r1cd13") retry_cnt=0
2026-05-20T11:12:11.189707Z ERROR iota_benchmark: Transaction failed with err: FailToConfirmTransactionStatus(Digest("3wDfD5eYtxhJEbjFqzbApe9GbB33ioYKcCiCQonytvUN"), 60) tx_digest=Digest("3wDfD5eYtxhJEbjFqzbApe9GbB33ioYKcCiCQonytvUN") retry_cnt=0
2026-05-20T11:12:11.190914Z ERROR iota_benchmark: Transaction failed with err: FailToConfirmTransactionStatus(Digest("FNrB7bhQ649Hhrkt7RPZySZE59QYTXtXW44dvFdNQ6cF"), 60) tx_digest=Digest("FNrB7bhQ649Hhrkt7RPZySZE59QYTXtXW44dvFdNQ6cF") retry_cnt=0
2026-05-20T11:12:11.190927Z ERROR iota_benchmark: Transaction failed with err: FailToConfirmTransactionStatus(Digest("3Ycejnv7VJW5wRxh8WXbSzRwTMHqGW6JfdSN1zMpxhjb"), 60) tx_digest=Digest("3Ycejnv7VJW5wRxh8WXbSzRwTMHqGW6JfdSN1zMpxhjb") retry_cnt=0
2026-05-20T11:12:11.191091Z ERROR iota_benchmark: Transaction failed with err: FailToConfirmTransactionStatus(Digest("7SrVbYdHXWhHHpjMjSXqBiEkEhsNih6Etk3vame5ikqn"), 60) tx_digest=Digest("7SrVbYdHXWhHHpjMjSXqBiEkEhsNih6Etk3vame5ikqn") retry_cnt=0
2026-05-20T11:12:11.191109Z ERROR iota_benchmark: Transaction failed with err: FailToConfirmTransactionStatus(Digest("6hQeP3SJPWt7TFkyZhmUkqHZtiQP5Xrq4GeHboKkZzwT"), 60) tx_digest=Digest("6hQeP3SJPWt7TFkyZhmUkqHZtiQP5Xrq4GeHboKkZzwT") retry_cnt=0
2026-05-20T11:12:11.192469Z ERROR iota_benchmark: Transaction failed with err: FailToConfirmTransactionStatus(Digest("D4ekbPVaXDAeoLCF5tWcXDSf5Pa6DS6iY3vCaTApqEsY"), 60) tx_digest=Digest("D4ekbPVaXDAeoLCF5tWcXDSf5Pa6DS6iY3vCaTApqEsY") retry_cnt=0
2026-05-20T11:12:11.192474Z ERROR iota_benchmark: Transaction failed with err: FailToConfirmTransactionStatus(Digest("7LNfUMDbkaXLXzhJLn1M5Wb9pSNcMkL7JPHmCm2jwptm"), 60) tx_digest=Digest("7LNfUMDbkaXLXzhJLn1M5Wb9pSNcMkL7JPHmCm2jwptm") retry_cnt=0
2026-05-20T11:12:11.192488Z ERROR iota_benchmark: Transaction failed with err: FailToConfirmTransactionStatus(Digest("2qkUzmW5BPLGTpnEwCNErQzC7ejEdCu2rK6Bvu2KCby2"), 60) tx_digest=Digest("2qkUzmW5BPLGTpnEwCNErQzC7ejEdCu2rK6Bvu2KCby2") retry_cnt=0
2026-05-20T11:12:11.192571Z ERROR iota_benchmark: Transaction failed with err: FailToConfirmTransactionStatus(Digest("4jGi12hgRdBLtEU1yVUbAvNrPqBtWT1SuzR3cTVoPVZ8"), 60) tx_digest=Digest("4jGi12hgRdBLtEU1yVUbAvNrPqBtWT1SuzR3cTVoPVZ8") retry_cnt=0
2026-05-20T11:12:11.193880Z ERROR iota_benchmark: Transaction failed with err: FailToConfirmTransactionStatus(Digest("86hkwtoaX73F8PVnby3yNpPiMXwACunUNqZMSmvuxjk"), 60) tx_digest=Digest("86hkwtoaX73F8PVnby3yNpPiMXwACunUNqZMSmvuxjk") retry_cnt=0
2026-05-20T11:12:11.193887Z ERROR iota_benchmark: Transaction failed with err: FailToConfirmTransactionStatus(Digest("D9cnRHLYT57mxjurVsGfhqQW6VsuYVZRw4oW9am4gaa3"), 60) tx_digest=Digest("D9cnRHLYT57mxjurVsGfhqQW6VsuYVZRw4oW9am4gaa3") retry_cnt=0
2026-05-20T11:12:11.193900Z ERROR iota_benchmark: Transaction failed with err: FailToConfirmTransactionStatus(Digest("B4dMNnMvGPM4iBC7HF9ztf9bTaqUbexPqV3DRENwk13r"), 60) tx_digest=Digest("B4dMNnMvGPM4iBC7HF9ztf9bTaqUbexPqV3DRENwk13r") retry_cnt=0
2026-05-20T11:12:11.193916Z ERROR iota_benchmark: Transaction failed with err: FailToConfirmTransactionStatus(Digest("9xkCRRvUzq63VKjXbbWPSwv3bPzFqgoDSVsHQ8TkJzdA"), 60) tx_digest=Digest("9xkCRRvUzq63VKjXbbWPSwv3bPzFqgoDSVsHQ8TkJzdA") retry_cnt=0
2026-05-20T11:12:11.194065Z ERROR iota_benchmark: Transaction failed with err: FailToConfirmTransactionStatus(Digest("A9gYUsavQW5VHAuwABxUVetBU4MWhcq3ZmMJSuJa5UGS"), 60) tx_digest=Digest("A9gYUsavQW5VHAuwABxUVetBU4MWhcq3ZmMJSuJa5UGS") retry_cnt=0
2026-05-20T11:12:11.194125Z ERROR iota_benchmark: Transaction failed with err: FailToConfirmTransactionStatus(Digest("FXMCDUrSkEx7VBskhHMR3MS5pbW2LWLrTdbZEVk5xZAQ"), 60) tx_digest=Digest("FXMCDUrSkEx7VBskhHMR3MS5pbW2LWLrTdbZEVk5xZAQ") retry_cnt=0
2026-05-20T11:12:11.195632Z ERROR iota_benchmark: Transaction failed with err: FailToConfirmTransactionStatus(Digest("122m25TLQfiZBsNYMaw8qYqac7L8fRNY4771dW391WHy"), 60) tx_digest=Digest("122m25TLQfiZBsNYMaw8qYqac7L8fRNY4771dW391WHy") retry_cnt=0
2026-05-20T11:12:11.195642Z ERROR iota_benchmark: Transaction failed with err: FailToConfirmTransactionStatus(Digest("67juo2RLJrS7QBxXpo2BSob2foiCdbsKsRiQwZcEMouF"), 60) tx_digest=Digest("67juo2RLJrS7QBxXpo2BSob2foiCdbsKsRiQwZcEMouF") retry_cnt=0
2026-05-20T11:12:11.195688Z ERROR iota_benchmark: Transaction failed with err: FailToConfirmTransactionStatus(Digest("3CAsgphvw9ZhFjnWENh2HAE1TjDrfUdFRaiib7QyHRXx"), 60) tx_digest=Digest("3CAsgphvw9ZhFjnWENh2HAE1TjDrfUdFRaiib7QyHRXx") retry_cnt=0
2026-05-20T11:12:11.195843Z ERROR iota_benchmark: Transaction failed with err: FailToConfirmTransactionStatus(Digest("H2yr2ouZzpnyHz5hhFUAXa2bcR5aTfoDS2WGC36xSAWA"), 60) tx_digest=Digest("H2yr2ouZzpnyHz5hhFUAXa2bcR5aTfoDS2WGC36xSAWA") retry_cnt=0
2026-05-20T11:12:11.197158Z ERROR iota_benchmark: Transaction failed with err: FailToConfirmTransactionStatus(Digest("HhxQkgcv2AydmaXwK1PFqD9Q8bhEs8GqffUpGhUzACE1"), 60) tx_digest=Digest("HhxQkgcv2AydmaXwK1PFqD9Q8bhEs8GqffUpGhUzACE1") retry_cnt=0
2026-05-20T11:12:11.197145Z ERROR iota_benchmark: Transaction failed with err: FailToConfirmTransactionStatus(Digest("EVTSC11M4ucc1xpXseZ7WCD7xut7buXWZWZ5wzH6ASXC"), 60) tx_digest=Digest("EVTSC11M4ucc1xpXseZ7WCD7xut7buXWZWZ5wzH6ASXC") retry_cnt=0
2026-05-20T11:12:11.197152Z ERROR iota_benchmark: Transaction failed with err: FailToConfirmTransactionStatus(Digest("CCAYA74wYKmcfZwmXzPXfbSg8sH59jbf3zBPk1hi5PXt"), 60) tx_digest=Digest("CCAYA74wYKmcfZwmXzPXfbSg8sH59jbf3zBPk1hi5PXt") retry_cnt=0
2026-05-20T11:12:11.197342Z ERROR iota_benchmark: Transaction failed with err: FailToConfirmTransactionStatus(Digest("4Z1d1io4yyy92QcVo8cM4ncEg9a7gRypJWKar96Q51eC"), 60) tx_digest=Digest("4Z1d1io4yyy92QcVo8cM4ncEg9a7gRypJWKar96Q51eC") retry_cnt=0
2026-05-20T11:12:11.198808Z ERROR iota_benchmark: Transaction failed with err: FailToConfirmTransactionStatus(Digest("AhUCvcj9mgUjbwh62VdGcrPyY5gtgu6ErLRDLMvTax74"), 60) tx_digest=Digest("AhUCvcj9mgUjbwh62VdGcrPyY5gtgu6ErLRDLMvTax74") retry_cnt=0
2026-05-20T11:12:11.199959Z ERROR iota_benchmark: Transaction failed with err: FailToConfirmTransactionStatus(Digest("J1Q9YnYX6oC2stVsQMLky3b4owkF5Fj4LH1hvwPxeBeq"), 60) tx_digest=Digest("J1Q9YnYX6oC2stVsQMLky3b4owkF5Fj4LH1hvwPxeBeq") retry_cnt=0
2026-05-20T11:12:11.199971Z ERROR iota_benchmark: Transaction failed with err: FailToConfirmTransactionStatus(Digest("FVbqyoe6PPt13PnapP7Deo3ya1YHRiV4wdxnW4tvSSE7"), 60) tx_digest=Digest("FVbqyoe6PPt13PnapP7Deo3ya1YHRiV4wdxnW4tvSSE7") retry_cnt=0
2026-05-20T11:12:11.200000Z ERROR iota_benchmark: Transaction failed with err: FailToConfirmTransactionStatus(Digest("D4gcYQ4QBaDfgaiSYVZoPxjUt6eq9TxmwvW21mXFSCTW"), 60) tx_digest=Digest("D4gcYQ4QBaDfgaiSYVZoPxjUt6eq9TxmwvW21mXFSCTW") retry_cnt=0
2026-05-20T11:12:11.201745Z ERROR iota_benchmark: Transaction failed with err: FailToConfirmTransactionStatus(Digest("29BqQfg9339DTUHdkoPZjxgDM4HmDAbFxijXr4fVwUjn"), 60) tx_digest=Digest("29BqQfg9339DTUHdkoPZjxgDM4HmDAbFxijXr4fVwUjn") retry_cnt=0
2026-05-20T11:12:11.201874Z ERROR iota_benchmark: Transaction failed with err: FailToConfirmTransactionStatus(Digest("6jqheUh7FJwMTEPN2PiKxwWez7KKq2Z4hLWHE9JsiyxH"), 60) tx_digest=Digest("6jqheUh7FJwMTEPN2PiKxwWez7KKq2Z4hLWHE9JsiyxH") retry_cnt=0
2026-05-20T11:12:11.201879Z ERROR iota_benchmark: Transaction failed with err: FailToConfirmTransactionStatus(Digest("2DkpuPbd3n8gVyB8PGzy2WfkEhAKgo4C9XezqanoanBs"), 60) tx_digest=Digest("2DkpuPbd3n8gVyB8PGzy2WfkEhAKgo4C9XezqanoanBs") retry_cnt=0
2026-05-20T11:12:11.201946Z ERROR iota_benchmark: Transaction failed with err: FailToConfirmTransactionStatus(Digest("4HVuF8pNiAEWqU1bTKjtdgu3iZmEEJzdQMs2WFc2mWZv"), 60) tx_digest=Digest("4HVuF8pNiAEWqU1bTKjtdgu3iZmEEJzdQMs2WFc2mWZv") retry_cnt=0
2026-05-20T11:12:11.201965Z ERROR iota_benchmark: Transaction failed with err: FailToConfirmTransactionStatus(Digest("8jtBd8wL9kH9pPixFMNx7wxMD9bY2m311MZ2E3det2WF"), 60) tx_digest=Digest("8jtBd8wL9kH9pPixFMNx7wxMD9bY2m311MZ2E3det2WF") retry_cnt=0
2026-05-20T11:12:11.202043Z ERROR iota_benchmark: Transaction failed with err: FailToConfirmTransactionStatus(Digest("6K9DZmUmNjqDTLhpeQb9KisxW8VGTp5T2PjAjEo4ALpS"), 60) tx_digest=Digest("6K9DZmUmNjqDTLhpeQb9KisxW8VGTp5T2PjAjEo4ALpS") retry_cnt=0
2026-05-20T11:12:11.202103Z ERROR iota_benchmark: Transaction failed with err: FailToConfirmTransactionStatus(Digest("6Fp6tSydAZtr561brHCEbWW21ELhqyo3TitTLA1Ki4CG"), 60) tx_digest=Digest("6Fp6tSydAZtr561brHCEbWW21ELhqyo3TitTLA1Ki4CG") retry_cnt=0
2026-05-20T11:12:11.202136Z ERROR iota_benchmark: Transaction failed with err: FailToConfirmTransactionStatus(Digest("7Dk1LPriZo73egFLimqsopfVwFcVotDLRFU82yyf4iN2"), 60) tx_digest=Digest("7Dk1LPriZo73egFLimqsopfVwFcVotDLRFU82yyf4iN2") retry_cnt=0
2026-05-20T11:12:11.202258Z ERROR iota_benchmark: Transaction failed with err: FailToConfirmTransactionStatus(Digest("En1AHHMAr8DGU984BkscFicaGLHhqKy798cguQVP6VV7"), 60) tx_digest=Digest("En1AHHMAr8DGU984BkscFicaGLHhqKy798cguQVP6VV7") retry_cnt=0
2026-05-20T11:12:11.204031Z ERROR iota_benchmark: Transaction failed with err: FailToConfirmTransactionStatus(Digest("4phUPx9qCSwMoxcRgd15zonwpZ42JFH7fKw4njb3n9Ts"), 60) tx_digest=Digest("4phUPx9qCSwMoxcRgd15zonwpZ42JFH7fKw4njb3n9Ts") retry_cnt=0
2026-05-20T11:12:11.204038Z ERROR iota_benchmark: Transaction failed with err: FailToConfirmTransactionStatus(Digest("5dTRpcnckTHwhaFmz31bRHDvLEReF4WohDTRfZRZYAYT"), 60) tx_digest=Digest("5dTRpcnckTHwhaFmz31bRHDvLEReF4WohDTRfZRZYAYT") retry_cnt=0
2026-05-20T11:12:11.206626Z ERROR iota_benchmark: Transaction failed with err: FailToConfirmTransactionStatus(Digest("AhuGhYwEjAJoe3U7h4imWi2qcvLYMNFDexkjWFnrHt2T"), 60) tx_digest=Digest("AhuGhYwEjAJoe3U7h4imWi2qcvLYMNFDexkjWFnrHt2T") retry_cnt=0
2026-05-20T11:12:11.206623Z ERROR iota_benchmark: Transaction failed with err: FailToConfirmTransactionStatus(Digest("4XtHj8CrKCzDr9UV64QeVRbxCBGD93zkGKYfK8F4Pj2n"), 60) tx_digest=Digest("4XtHj8CrKCzDr9UV64QeVRbxCBGD93zkGKYfK8F4Pj2n") retry_cnt=0
2026-05-20T11:12:11.206657Z ERROR iota_benchmark: Transaction failed with err: FailToConfirmTransactionStatus(Digest("6ubR6gLvyYzSYHLGw1cXqnVfFJVJVQeSQR3nmYtV3k9B"), 60) tx_digest=Digest("6ubR6gLvyYzSYHLGw1cXqnVfFJVJVQeSQR3nmYtV3k9B") retry_cnt=0
2026-05-20T11:12:11.206832Z ERROR iota_benchmark: Transaction failed with err: FailToConfirmTransactionStatus(Digest("2ZwJi8KrPw98LLpWc5PgRpUB11FApxnxdsX1bi1ozqxf"), 60) tx_digest=Digest("2ZwJi8KrPw98LLpWc5PgRpUB11FApxnxdsX1bi1ozqxf") retry_cnt=0
2026-05-20T11:12:11.206897Z ERROR iota_benchmark: Transaction failed with err: FailToConfirmTransactionStatus(Digest("3zughcAuRoZ8pB9yURxTnyjRFuxLWQotW2VLxrqURS3B"), 60) tx_digest=Digest("3zughcAuRoZ8pB9yURxTnyjRFuxLWQotW2VLxrqURS3B") retry_cnt=0
2026-05-20T11:12:11.206902Z ERROR iota_benchmark: Transaction failed with err: FailToConfirmTransactionStatus(Digest("GtdpSfGh6gj1n9iu5EQzSjPTHb9WrtKBfRzCyUAET8bg"), 60) tx_digest=Digest("GtdpSfGh6gj1n9iu5EQzSjPTHb9WrtKBfRzCyUAET8bg") retry_cnt=0
2026-05-20T11:12:11.206968Z ERROR iota_benchmark: Transaction failed with err: FailToConfirmTransactionStatus(Digest("E1CUyXVGtAxBCw8oHLzVQPT1UFwUv8kpXcLwNNoT73EN"), 60) tx_digest=Digest("E1CUyXVGtAxBCw8oHLzVQPT1UFwUv8kpXcLwNNoT73EN") retry_cnt=0
2026-05-20T11:12:11.207004Z ERROR iota_benchmark: Transaction failed with err: FailToConfirmTransactionStatus(Digest("B2j2M3HWMXFA4oDyJGSWq2oUUCwbscBhtcaYXmsuQaS4"), 60) tx_digest=Digest("B2j2M3HWMXFA4oDyJGSWq2oUUCwbscBhtcaYXmsuQaS4") retry_cnt=0
2026-05-20T11:12:11.207168Z ERROR iota_benchmark: Transaction failed with err: FailToConfirmTransactionStatus(Digest("8yqxyaYRFuH9Qm3Hfwp3HYE8Ny22rV6qYEfEVQB1EfX9"), 60) tx_digest=Digest("8yqxyaYRFuH9Qm3Hfwp3HYE8Ny22rV6qYEfEVQB1EfX9") retry_cnt=0
2026-05-20T11:12:11.207221Z ERROR iota_benchmark: Transaction failed with err: FailToConfirmTransactionStatus(Digest("9cG6yMhbSWstgqZ8GehVxEbyLQN1PorH5niu3y7v5nBi"), 60) tx_digest=Digest("9cG6yMhbSWstgqZ8GehVxEbyLQN1PorH5niu3y7v5nBi") retry_cnt=0
2026-05-20T11:12:11.207297Z ERROR iota_benchmark: Transaction failed with err: FailToConfirmTransactionStatus(Digest("5ENtn6R7h11AZfoDeQMB9t2mwBu5nSCx7Xq6ZHHvkPF8"), 60) tx_digest=Digest("5ENtn6R7h11AZfoDeQMB9t2mwBu5nSCx7Xq6ZHHvkPF8") retry_cnt=0
2026-05-20T11:12:11.207298Z ERROR iota_benchmark: Transaction failed with err: FailToConfirmTransactionStatus(Digest("HjFbnjepsu5sbn371E3R96dFum3rSxkWHyFBFcGzMJUF"), 60) tx_digest=Digest("HjFbnjepsu5sbn371E3R96dFum3rSxkWHyFBFcGzMJUF") retry_cnt=0
2026-05-20T11:12:11.209979Z ERROR iota_benchmark: Transaction failed with err: FailToConfirmTransactionStatus(Digest("6PEcgxqR3UE6cnzGrpZqLhKMAiPQF1Z9VMndg9y8L9eW"), 60) tx_digest=Digest("6PEcgxqR3UE6cnzGrpZqLhKMAiPQF1Z9VMndg9y8L9eW") retry_cnt=0
2026-05-20T11:12:11.209979Z ERROR iota_benchmark: Transaction failed with err: FailToConfirmTransactionStatus(Digest("5WYKrSTbEkgughuQuSFQfF618oAaGXbF2tBrevvNgq9F"), 60) tx_digest=Digest("5WYKrSTbEkgughuQuSFQfF618oAaGXbF2tBrevvNgq9F") retry_cnt=0
2026-05-20T11:12:11.209989Z ERROR iota_benchmark: Transaction failed with err: FailToConfirmTransactionStatus(Digest("HDpxUhFXJEUzKBptzcmpWkjZbvKjGYw5qG8cowUhgswp"), 60) tx_digest=Digest("HDpxUhFXJEUzKBptzcmpWkjZbvKjGYw5qG8cowUhgswp") retry_cnt=0
2026-05-20T11:12:11.209997Z ERROR iota_benchmark: Transaction failed with err: FailToConfirmTransactionStatus(Digest("DZ2ih7dFRH3X3JxhQVRnjD6m2sCkk8i4Wa73hxaEiehN"), 60) tx_digest=Digest("DZ2ih7dFRH3X3JxhQVRnjD6m2sCkk8i4Wa73hxaEiehN") retry_cnt=0
2026-05-20T11:12:11.210134Z ERROR iota_benchmark: Transaction failed with err: FailToConfirmTransactionStatus(Digest("J82WfroYXBtTv3GyrtvB7GFkpYYGP9u8n2qZx8BbT2oV"), 60) tx_digest=Digest("J82WfroYXBtTv3GyrtvB7GFkpYYGP9u8n2qZx8BbT2oV") retry_cnt=0
2026-05-20T11:12:11.210253Z ERROR iota_benchmark: Transaction failed with err: FailToConfirmTransactionStatus(Digest("AFGNiEVGe4baKPrkkoHnANMoGZKivufW7iyjE6rDYufL"), 60) tx_digest=Digest("AFGNiEVGe4baKPrkkoHnANMoGZKivufW7iyjE6rDYufL") retry_cnt=0
2026-05-20T11:12:11.210254Z ERROR iota_benchmark: Transaction failed with err: FailToConfirmTransactionStatus(Digest("HsYTZGtQUvcdSGMao7xXVPhjbWPadbxns3HLrTwE9zSP"), 60) tx_digest=Digest("HsYTZGtQUvcdSGMao7xXVPhjbWPadbxns3HLrTwE9zSP") retry_cnt=0
2026-05-20T11:12:11.210393Z ERROR iota_benchmark: Transaction failed with err: FailToConfirmTransactionStatus(Digest("5GEYN1pMWq7Ua1AVZxMQYw9hRXJb9WBso5CXWbdHtExe"), 60) tx_digest=Digest("5GEYN1pMWq7Ua1AVZxMQYw9hRXJb9WBso5CXWbdHtExe") retry_cnt=0
2026-05-20T11:12:11.211708Z ERROR iota_benchmark: Transaction failed with err: FailToConfirmTransactionStatus(Digest("HjgFyA7ynvmCvUenPAB76xH1hmDEPgNHrp9rcDR7whb2"), 60) tx_digest=Digest("HjgFyA7ynvmCvUenPAB76xH1hmDEPgNHrp9rcDR7whb2") retry_cnt=0
2026-05-20T11:12:11.211824Z ERROR iota_benchmark: Transaction failed with err: FailToConfirmTransactionStatus(Digest("3wPfiXc22L2diA2AC56nUwR1Jhzd1NgAKF8Qjac2cynP"), 60) tx_digest=Digest("3wPfiXc22L2diA2AC56nUwR1Jhzd1NgAKF8Qjac2cynP") retry_cnt=0
2026-05-20T11:12:11.211907Z ERROR iota_benchmark: Transaction failed with err: FailToConfirmTransactionStatus(Digest("3tfuPfJ5qPvH58ZkMWnvEBY7uGKANB9zEtfntH8XU7LA"), 60) tx_digest=Digest("3tfuPfJ5qPvH58ZkMWnvEBY7uGKANB9zEtfntH8XU7LA") retry_cnt=0
2026-05-20T11:12:11.212114Z ERROR iota_benchmark: Transaction failed with err: FailToConfirmTransactionStatus(Digest("5UFXSCZ42cjb1K7AfTXgik7x1Z6w6JaANzcm6JQL7Ca5"), 60) tx_digest=Digest("5UFXSCZ42cjb1K7AfTXgik7x1Z6w6JaANzcm6JQL7Ca5") retry_cnt=0
2026-05-20T11:12:11.214583Z ERROR iota_benchmark: Transaction failed with err: FailToConfirmTransactionStatus(Digest("FYmsNSUowG6avZ3bsELvXo1b3E6t9Xaq56hKfVTsoeji"), 60) tx_digest=Digest("FYmsNSUowG6avZ3bsELvXo1b3E6t9Xaq56hKfVTsoeji") retry_cnt=0
2026-05-20T11:12:11.216027Z ERROR iota_benchmark: Transaction failed with err: FailToConfirmTransactionStatus(Digest("7DYpzFBcdVcYddPj19QMsehvhTzkYS96c7dg73M2mQAT"), 60) tx_digest=Digest("7DYpzFBcdVcYddPj19QMsehvhTzkYS96c7dg73M2mQAT") retry_cnt=0
2026-05-20T11:12:11.217566Z ERROR iota_benchmark: Transaction failed with err: FailToConfirmTransactionStatus(Digest("9kayQ6WLf8akChfr2y1CU4WAHpSKBoHsiCtb4G8PPsnQ"), 60) tx_digest=Digest("9kayQ6WLf8akChfr2y1CU4WAHpSKBoHsiCtb4G8PPsnQ") retry_cnt=0
2026-05-20T11:12:11.227180Z ERROR iota_benchmark: Transaction failed with err: Rpc(Transport(Http(Stream(hyper_util::client::legacy::Error(SendRequest, hyper::Error(IncompleteMessage)))))) tx_digest=Digest("BWwhrac4izo3gbo52B7KTTeaxK9tZcazGRanj4Aei5W8") retry_cnt=1
2026-05-20T11:12:11.239469Z ERROR iota_benchmark: Transaction failed with err: FailToConfirmTransactionStatus(Digest("74gXHmovmefDgHTz2ceFXMK1fq6ZrX2BfY13sRsPPKtc"), 60) tx_digest=Digest("74gXHmovmefDgHTz2ceFXMK1fq6ZrX2BfY13sRsPPKtc") retry_cnt=0
2026-05-20T11:12:11.239467Z ERROR iota_benchmark: Transaction failed with err: FailToConfirmTransactionStatus(Digest("Et14YvjYdbXGT9C8MtdMFernKL2DHeFCqFGTCWhoxkmm"), 60) tx_digest=Digest("Et14YvjYdbXGT9C8MtdMFernKL2DHeFCqFGTCWhoxkmm") retry_cnt=0
2026-05-20T11:12:11.239477Z ERROR iota_benchmark: Transaction failed with err: FailToConfirmTransactionStatus(Digest("E2eFUFmui96z3Pz79nqmzg8YdYKeXmuVLAimgbFXvEyf"), 60) tx_digest=Digest("E2eFUFmui96z3Pz79nqmzg8YdYKeXmuVLAimgbFXvEyf") retry_cnt=0
2026-05-20T11:12:11.239688Z ERROR iota_benchmark: Transaction failed with err: FailToConfirmTransactionStatus(Digest("3yyfcz9tiXLjcRa4d8Y22x72BdRFAgEBnJwGvB5i5fgo"), 60) tx_digest=Digest("3yyfcz9tiXLjcRa4d8Y22x72BdRFAgEBnJwGvB5i5fgo") retry_cnt=0
2026-05-20T11:12:11.239723Z ERROR iota_benchmark: Transaction failed with err: FailToConfirmTransactionStatus(Digest("8H9yKtnsLcz5i1wL7ntXFu8FUkQAUVv8Pqfpq8B5YLoj"), 60) tx_digest=Digest("8H9yKtnsLcz5i1wL7ntXFu8FUkQAUVv8Pqfpq8B5YLoj") retry_cnt=0
2026-05-20T11:12:11.241031Z ERROR iota_benchmark: Transaction failed with err: FailToConfirmTransactionStatus(Digest("6Vv9b54YYT3Wi2aRgGAkvUavhPzGBEHX1YYj9pfDbKs"), 60) tx_digest=Digest("6Vv9b54YYT3Wi2aRgGAkvUavhPzGBEHX1YYj9pfDbKs") retry_cnt=0
2026-05-20T11:12:11.277808Z ERROR iota_benchmark: Transaction failed with err: Rpc(Transport(Http(Stream(hyper_util::client::legacy::Error(SendRequest, hyper::Error(IncompleteMessage)))))) tx_digest=Digest("BNCueRcbfwAiXxHo8Db4o5Pr8KxZvLnDR4czbBV8Svp3") retry_cnt=1
2026-05-20T11:12:11.504217Z ERROR iota_benchmark: Transaction failed with err: Rpc(Transport(Http(Stream(hyper_util::client::legacy::Error(SendRequest, hyper::Error(IncompleteMessage)))))) tx_digest=Digest("Exc7bPTqbjTNgNQhKgz2RkiKZDQhaFQsq9ZWfjh8A4xZ") retry_cnt=1
2026-05-20T11:12:11.504511Z ERROR iota_benchmark: Transaction failed with err: Rpc(Transport(Http(Stream(hyper_util::client::legacy::Error(SendRequest, hyper::Error(IncompleteMessage)))))) tx_digest=Digest("HtooBLLpNfSoLP25d9eRohZZxQFg4aT5pU2ZwhAQUrYG") retry_cnt=1
2026-05-20T11:12:11.504522Z ERROR iota_benchmark: Transaction failed with err: Rpc(Transport(Http(Stream(hyper_util::client::legacy::Error(SendRequest, hyper::Error(IncompleteMessage)))))) tx_digest=Digest("7ZF6NVeZ1ADBMUgDMmJ9R8MmHJH2MgekDFXpCkmxKP6Y") retry_cnt=1
2026-05-20T11:12:11.504528Z ERROR iota_benchmark: Transaction failed with err: Rpc(Transport(Http(Stream(hyper_util::client::legacy::Error(SendRequest, hyper::Error(IncompleteMessage)))))) tx_digest=Digest("DXeF7iVhnxXVwspcnZRf9y2KHd4zP3YT7GUnY6Y3xKPU") retry_cnt=1
2026-05-20T11:12:11.504554Z ERROR iota_benchmark: Transaction failed with err: Rpc(Transport(Http(Stream(hyper_util::client::legacy::Error(SendRequest, hyper::Error(IncompleteMessage)))))) tx_digest=Digest("GWidLX2D29QhE5sRNrxtN4k2keG87oGFKDjVTehmhXxk") retry_cnt=1
2026-05-20T11:12:11.504681Z ERROR iota_benchmark: Transaction failed with err: Rpc(Transport(Http(Stream(hyper_util::client::legacy::Error(SendRequest, hyper::Error(IncompleteMessage)))))) tx_digest=Digest("AZwHe6XXoyUjNbz6VDgj6fi8C5xbdEY8dXMTAZYZu9QF") retry_cnt=1
2026-05-20T11:12:11.504680Z ERROR iota_benchmark: Transaction failed with err: Rpc(Transport(Http(Stream(hyper_util::client::legacy::Error(SendRequest, hyper::Error(IncompleteMessage)))))) tx_digest=Digest("CAoowPgGp8ikaYL4zRTmqcnj4HTma4jEEXYDpMmunEtd") retry_cnt=1
2026-05-20T11:12:11.504691Z ERROR iota_benchmark: Transaction failed with err: Rpc(Transport(Http(Stream(hyper_util::client::legacy::Error(SendRequest, hyper::Error(IncompleteMessage)))))) tx_digest=Digest("4qzJiveBSMpDF2QdVqn4zCHCNTD3FUt7dBnVmQ4Cgg69") retry_cnt=1
2026-05-20T11:12:11.504718Z ERROR iota_benchmark: Transaction failed with err: Rpc(Transport(Http(Stream(hyper_util::client::legacy::Error(SendRequest, hyper::Error(IncompleteMessage)))))) tx_digest=Digest("4NTJYjJP7Jc6uhCKy4MEESZYBrTAxJubCP1W6PYJEM31") retry_cnt=1
2026-05-20T11:12:11.504779Z ERROR iota_benchmark: Transaction failed with err: Rpc(Transport(Http(Stream(hyper_util::client::legacy::Error(SendRequest, hyper::Error(IncompleteMessage)))))) tx_digest=Digest("H4f53zVb6u1AhBRZKv79WrQH6ALKSeVbmD1i2eFruA9E") retry_cnt=1
2026-05-20T11:12:11.504791Z ERROR iota_benchmark: Transaction failed with err: Rpc(Transport(Http(Stream(hyper_util::client::legacy::Error(SendRequest, hyper::Error(IncompleteMessage)))))) tx_digest=Digest("F6gMW2NwaACj6ZV1VYXBcqgZB4DgnM6cCtNVG2FwmDtD") retry_cnt=1
2026-05-20T11:12:11.504812Z ERROR iota_benchmark: Transaction failed with err: Rpc(Transport(Http(Stream(hyper_util::client::legacy::Error(SendRequest, hyper::Error(IncompleteMessage)))))) tx_digest=Digest("FDfe4ViAk1xUkd9bpSePGeK83sh2b9pG7rWvsCBd1nCQ") retry_cnt=1
2026-05-20T11:12:11.504836Z ERROR iota_benchmark: Transaction failed with err: Rpc(Transport(Http(Stream(hyper_util::client::legacy::Error(SendRequest, hyper::Error(IncompleteMessage)))))) tx_digest=Digest("4Hqm7fL2UZ7M5hc8WVF2os5feWTPy9WcgfW5R7tYMSvp") retry_cnt=1
2026-05-20T11:12:11.504853Z ERROR iota_benchmark: Transaction failed with err: Rpc(Transport(Http(Stream(hyper_util::client::legacy::Error(SendRequest, hyper::Error(IncompleteMessage)))))) tx_digest=Digest("F2pdEcdgkbxDVUe5tjVpi48wBDb9RExtJpB8ktaKGoE") retry_cnt=1
2026-05-20T11:12:11.504871Z ERROR iota_benchmark: Transaction failed with err: Rpc(Transport(Http(Stream(hyper_util::client::legacy::Error(SendRequest, hyper::Error(IncompleteMessage)))))) tx_digest=Digest("EMh8otzuDhmD2DSAt24j59VDggRoFvPrH2m811CPXv6T") retry_cnt=1
2026-05-20T11:12:11.504894Z ERROR iota_benchmark: Transaction failed with err: Rpc(Transport(Http(Stream(hyper_util::client::legacy::Error(SendRequest, hyper::Error(IncompleteMessage)))))) tx_digest=Digest("GTNyMTakwjXqcZmksNcZ2YYAy8zuXAzyxgruUWNXm99o") retry_cnt=1
2026-05-20T11:12:11.504905Z ERROR iota_benchmark: Transaction failed with err: Rpc(Transport(Http(Stream(hyper_util::client::legacy::Error(SendRequest, hyper::Error(IncompleteMessage)))))) tx_digest=Digest("3EP8q88JzSTzzTg9CiBeTvxuU2y1cV4SPDxjrDbAfvqF") retry_cnt=1
2026-05-20T11:12:11.504911Z ERROR iota_benchmark: Transaction failed with err: Rpc(Transport(Http(Stream(hyper_util::client::legacy::Error(SendRequest, hyper::Error(IncompleteMessage)))))) tx_digest=Digest("AGsyAUQsbFAFmfBSXcLK8dpbs2wNBygn6AG5As2D3PyR") retry_cnt=1
2026-05-20T11:12:11.541849Z ERROR iota_benchmark: Transaction failed with err: Rpc(Transport(Http(Stream(hyper_util::client::legacy::Error(SendRequest, hyper::Error(IncompleteMessage)))))) tx_digest=Digest("6ConUdFxdmSrAx629sWjg6MA5Gi4SN5zBmhrjN3fWqp") retry_cnt=1
2026-05-20T11:12:11.541988Z ERROR iota_benchmark: Transaction failed with err: Rpc(Transport(Http(Stream(hyper_util::client::legacy::Error(SendRequest, hyper::Error(IncompleteMessage)))))) tx_digest=Digest("6LzYgZta16sKqA9VadtqW9fYBf9Jn6kMEEjfBKYCa3Ax") retry_cnt=1
2026-05-20T11:12:11.542061Z ERROR iota_benchmark: Transaction failed with err: Rpc(Transport(Http(Stream(hyper_util::client::legacy::Error(SendRequest, hyper::Error(IncompleteMessage)))))) tx_digest=Digest("9qQ2brU8PfWJgLP2B5JrXUXzoyCQFL9ti51Br44yNfJF") retry_cnt=1
2026-05-20T11:12:11.639628Z ERROR iota_benchmark: Transaction failed with err: Rpc(Transport(Http(Stream(hyper_util::client::legacy::Error(SendRequest, hyper::Error(IncompleteMessage)))))) tx_digest=Digest("HM53wE8Y9aTA98Lw28TugfSPbTZwHghWZWNMs5zwm6Gf") retry_cnt=1
2026-05-20T11:12:11.639876Z ERROR iota_benchmark: Transaction failed with err: Rpc(Transport(Http(Stream(hyper_util::client::legacy::Error(SendRequest, hyper::Error(IncompleteMessage)))))) tx_digest=Digest("pJJDDPTXyEkxbwjLuabd2D7DX9Z9HA6ppYNSfRQY3cx") retry_cnt=1
2026-05-20T11:12:11.639881Z ERROR iota_benchmark: Transaction failed with err: Rpc(Transport(Http(Stream(hyper_util::client::legacy::Error(SendRequest, hyper::Error(IncompleteMessage)))))) tx_digest=Digest("H1fSdvjjBc3YVKDn4SrXMMjJA5LgenLV96w9SBhxtB35") retry_cnt=1
2026-05-20T11:12:11.711808Z ERROR iota_benchmark: Transaction failed with err: Rpc(Transport(Http(Stream(hyper_util::client::legacy::Error(SendRequest, hyper::Error(IncompleteMessage)))))) tx_digest=Digest("2SeAXCGeW3Aex4W4FMTPddctCXyLWGQ2yeyNNxeaTd3B") retry_cnt=1
2026-05-20T11:12:11.712059Z ERROR iota_benchmark: Transaction failed with err: Rpc(Transport(Http(Stream(hyper_util::client::legacy::Error(SendRequest, hyper::Error(IncompleteMessage)))))) tx_digest=Digest("FnGQhSrkAcak197psPhRerR1sTibiVjSYR1veZgZGZH6") retry_cnt=1
2026-05-20T11:12:11.712180Z ERROR iota_benchmark: Transaction failed with err: Rpc(Transport(Http(Stream(hyper_util::client::legacy::Error(SendRequest, hyper::Error(IncompleteMessage)))))) tx_digest=Digest("7D5BzBhLY2YPiytKAigcWPsamtpP9xcsN8LRfkkjsmBD") retry_cnt=1
2026-05-20T11:12:11.712278Z ERROR iota_benchmark: Transaction failed with err: Rpc(Transport(Http(Stream(hyper_util::client::legacy::Error(SendRequest, hyper::Error(IncompleteMessage)))))) tx_digest=Digest("9pCPW94xuk1sf3zgArXt1APJj7DUmUZvXjGR8kxNue52") retry_cnt=1
2026-05-20T11:12:11.712328Z ERROR iota_benchmark: Transaction failed with err: Rpc(Transport(Http(Stream(hyper_util::client::legacy::Error(SendRequest, hyper::Error(IncompleteMessage)))))) tx_digest=Digest("6gUiVx3BfDH9DxtmY1Mfok6xxtiqmanLNzYExPS7xfR3") retry_cnt=1
2026-05-20T11:12:11.712329Z ERROR iota_benchmark: Transaction failed with err: Rpc(Transport(Http(Stream(hyper_util::client::legacy::Error(SendRequest, hyper::Error(IncompleteMessage)))))) tx_digest=Digest("HoozzVU2FqBWrhF3RYZY8yYquQUoBimVfkWZu9vebDbM") retry_cnt=1
2026-05-20T11:12:11.712408Z ERROR iota_benchmark: Transaction failed with err: Rpc(Transport(Http(Stream(hyper_util::client::legacy::Error(SendRequest, hyper::Error(IncompleteMessage)))))) tx_digest=Digest("AZtVz1ym7tX9Rz1Ea6PgkkLhvgtQEkDsV6NNzDZUgvUr") retry_cnt=1
2026-05-20T11:12:11.712453Z ERROR iota_benchmark: Transaction failed with err: Rpc(Transport(Http(Stream(hyper_util::client::legacy::Error(SendRequest, hyper::Error(IncompleteMessage)))))) tx_digest=Digest("DU1nz6DquwMEruUqck6EJuTTtaWgDvgnth9oQ4CjPx8y") retry_cnt=1
2026-05-20T11:12:11.712528Z ERROR iota_benchmark: Transaction failed with err: Rpc(Transport(Http(Stream(hyper_util::client::legacy::Error(SendRequest, hyper::Error(IncompleteMessage)))))) tx_digest=Digest("2GCo2iokmbiTsxfpvSJEEu5HJ3TDWixz77QTgddPVBJF") retry_cnt=1
2026-05-20T11:12:11.712581Z ERROR iota_benchmark: Transaction failed with err: Rpc(Transport(Http(Stream(hyper_util::client::legacy::Error(SendRequest, hyper::Error(IncompleteMessage)))))) tx_digest=Digest("3h7rw15Xwp7atfZ6LVPMwN9py4bAwb7avp8BQK2d5Jbu") retry_cnt=1
2026-05-20T11:12:11.712634Z ERROR iota_benchmark: Transaction failed with err: Rpc(Transport(Http(Stream(hyper_util::client::legacy::Error(SendRequest, hyper::Error(IncompleteMessage)))))) tx_digest=Digest("4MX2gvJRt6hxsJ2Zdhra7fjYytvc7XhA5YwuPTGKVZxi") retry_cnt=1
2026-05-20T11:12:11.712656Z ERROR iota_benchmark: Transaction failed with err: Rpc(Transport(Http(Stream(hyper_util::client::legacy::Error(SendRequest, hyper::Error(IncompleteMessage)))))) tx_digest=Digest("7CVEWu18Pye73tJigzcXTiKJCv9kQwfMFLKsiYQGd1g") retry_cnt=1
2026-05-20T11:12:11.712672Z ERROR iota_benchmark: Transaction failed with err: Rpc(Transport(Http(Stream(hyper_util::client::legacy::Error(SendRequest, hyper::Error(IncompleteMessage)))))) tx_digest=Digest("9WXLxk7cqzTapptHKFXGMyqBcjh95211KeMcoVRZrejd") retry_cnt=1
2026-05-20T11:12:11.712792Z ERROR iota_benchmark: Transaction failed with err: Rpc(Transport(Http(Stream(hyper_util::client::legacy::Error(SendRequest, hyper::Error(IncompleteMessage)))))) tx_digest=Digest("4rqym7BvYHgGWw8VGGCJjWZLRvXt7sWJRdYHEhgQya2L") retry_cnt=1
2026-05-20T11:12:11.873793Z ERROR iota_benchmark::system_state_observer: Failed to get system state object: client error (SendRequest)

Caused by:
    0: dispatch task is gone
    1: runtime dropped the dispatch task
Benchmark Report:
+-------------+-----+-----+--------+-----------------+-------------+---------------+---------------+---------------+------------------------+-------------------+-----------------------------+
| duration(s) | tps | cps | error% | expected error% | success txs | latency (min) | latency (p50) | latency (p99) | gas used (NANOS total) | gas used (NANOS   | gas used/hr (NANOS approx.) |
|             |     |     |        |                 |             |               |               |               |                        | computation cost) |                             |
+=============================================================================================================================================================================================+
| 120         | 302 | 302 | 0      | 0               | 36339       | 351           | 17455         | 22927         | 107,592,511,200        | 340,380,000,000   | 3,227,775,336,000           |
+-------------+-----+-----+--------+-----------------+-------------+---------------+---------------+---------------+------------------------+-------------------+-----------------------------+
