config,metric,unit,version,center,std,sem,n_iters
slow0-owned-f1-qps200-n4,TPS,,V1,221.7320467563837,5.071653230397375,0.3709373015723456,10
slow0-owned-f1-qps200-n4,TPS,,V2,215.47826829805996,32.9107031135959,6.164615664861772,10
slow0-owned-f1-qps200-n4,attest. full p50 (s),,V1,nan,nan,nan,10
slow0-owned-f1-qps200-n4,attest. full p50 (s),,V2,0.0005001477477827486,2.142403445676688e-07,2.872598281601248e-08,10
slow0-owned-f1-qps200-n4,attest. full p95 (s),,V1,nan,nan,nan,10
slow0-owned-f1-qps200-n4,attest. full p95 (s),,V2,0.0009502807207872224,4.070566546785718e-07,5.4579367350419214e-08,10
slow0-owned-f1-qps200-n4,attest. full p99 (s),,V1,nan,nan,nan,10
slow0-owned-f1-qps200-n4,attest. full p99 (s),,V2,0.0009902925406098423,4.2419588224399037e-07,5.6877445975725694e-08,10
slow0-owned-f1-qps200-n4,attest. / sec,,V1,0.0,0.0,0.0,10
slow0-owned-f1-qps200-n4,attest. / sec,,V2,96.15500854276895,16.250101693772983,3.0940950061713073,10
slow0-owned-f1-qps200-n4,host CPU,,V1,5.885265384609896,2.166294597963702,0.02872569692262287,10
slow0-owned-f1-qps200-n4,host CPU,,V2,5.812979853476459,2.1681600599679163,0.08153343399095968,10
slow0-owned-f1-qps200-n4,rec. → exec. p50 (s),,V1,0.2915066314774113,0.06657572074030171,0.01515534091988276,10
slow0-owned-f1-qps200-n4,rec. → exec. p50 (s),,V2,0.2650635218439064,0.055450531687030534,0.012528487915396496,10
slow0-owned-f1-qps200-n4,rec. → exec. p95 (s),,V1,0.4758734599525828,0.011957792569735183,0.002927171836324706,10
slow0-owned-f1-qps200-n4,rec. → exec. p95 (s),,V2,0.47244254014491033,0.0117667363298243,0.0031221153541044874,10
slow0-owned-f1-qps200-n4,rec. → exec. p99 (s),,V1,0.499359906631981,0.030055586826145557,0.002547129079159905,10
slow0-owned-f1-qps200-n4,rec. → exec. p99 (s),,V2,0.49846240437953765,0.024804786006766954,0.0040308676516828765,10
slow0-owned-f1-qps200-n4,pc valid. lat. p50 (s),,V1,0.0005538502258551708,5.578955784117454e-05,1.669920494850277e-05,10
slow0-owned-f1-qps200-n4,pc valid. lat. p50 (s),,V2,0.00043882342467322874,3.592087101306016e-05,7.870035542738126e-06,10
slow0-owned-f1-qps200-n4,pc valid. lat. p95 (s),,V1,0.0034167025064633675,0.0009718956267986633,0.0002935184319087962,10
slow0-owned-f1-qps200-n4,pc valid. lat. p95 (s),,V2,0.0028826403213407198,0.0006544092062573368,0.00011988879957321196,10
slow0-owned-f1-qps200-n4,exec. lat. p95 (s),,V1,0.0009177084746971137,7.051269273387816e-05,2.7880806922445264e-06,10
slow0-owned-f1-qps200-n4,exec. lat. p95 (s),,V2,0.0009093187406444196,3.6097997327077664e-05,3.305290556567802e-06,10
slow0-owned-f1-qps200-n4,valid. drop. / sec,,V1,0.0,0.0,0.0,10
slow0-owned-f1-qps200-n4,valid. drop. / sec,,V2,0.0,0.0,0.0,10
slow0-owned-f1-qps200-n4,final. lat. p50 (s),,V1,0.2455998927793867,0.009239176304173192,0.002677928556504215,10
slow0-owned-f1-qps200-n4,final. lat. p50 (s),,V2,0.24474865175836719,0.009027105361335304,0.002582438926307215,10
slow0-owned-f1-qps200-n4,final. lat. p95 (s),,V1,0.351024371635318,0.026642202451338262,0.006747558356349149,10
slow0-owned-f1-qps200-n4,final. lat. p95 (s),,V2,0.3566320623330085,0.03873429283501731,0.011444733161973525,10
slow0-owned-f1-qps200-n4,final. lat. p99 (s),,V1,0.3970072355568402,0.03623318134454776,0.008461694218613116,10
slow0-owned-f1-qps200-n4,final. lat. p99 (s),,V2,0.40575415788513736,0.053132012274814386,0.015468742666492714,10
slow0-owned-f1-qps200-n4,submit lat. p50 (s),,V1,0.004727164595926236,0.001340980585242482,0.00020081744743238641,10
slow0-owned-f1-qps200-n4,submit lat. p50 (s),,V2,0.01449701131979074,0.0070672217117987495,0.0022276762088437076,10
slow0-owned-f1-qps200-n4,submit lat. p95 (s),,V1,0.04436344054928331,0.001774842940239764,0.0003871256245074876,10
slow0-owned-f1-qps200-n4,submit lat. p95 (s),,V2,0.04643227066634925,0.0008875560044931247,0.0002517060646150666,10
slow0-owned-f1-qps200-n4,ckpt lag p50 (s),,V1,0.1703126077941838,0.005226852842913585,0.0008728355376224667,10
slow0-owned-f1-qps200-n4,ckpt lag p50 (s),,V2,0.32861010016108655,1.2135984968581357,0.18140082007332045,10
slow0-owned-f1-qps200-n4,ckpt lag p95 (s),,V1,0.25071914931800166,0.03728833452902663,0.009285670787051807,10
slow0-owned-f1-qps200-n4,ckpt lag p95 (s),,V2,0.6363478615341429,2.4671610199650567,0.4177112084896478,10
slow0-owned-f1-qps200-n4,ckpt lag p99 (s),,V1,0.2923008448857583,0.04841845785151665,0.011794005390097194,10
slow0-owned-f1-qps200-n4,ckpt lag p99 (s),,V2,0.7139626477225691,2.6826671481609674,0.459723105177996,10
slow0-owned-f1-qps200-n4,exec. dispatch queue,,V1,10.6,17.367786272291585,5.789262090763861,10
slow0-owned-f1-qps200-n4,exec. dispatch queue,,V2,0.1,0.30000000000000004,0.09999999999999999,10
slow0-owned-f1-qps200-n4,pending txs,,V1,1.6,1.4966629547095764,0.49888765156985887,10
slow0-owned-f1-qps200-n4,pending txs,,V2,1.5,2.0615528128088303,0.6871842709362768,10
slow0-owned-f1-qps200-n4,exec. queue. delay p95 (s),,V1,0.00047499999999999994,8.639603322561765e-20,1.1428494363856447e-20,10
slow0-owned-f1-qps200-n4,exec. queue. delay p95 (s),,V2,0.00047499999999999994,8.467755151770294e-20,1.2777445139028117e-20,10
slow0-owned-f1-qps200-n4,post-cons shed drops / sec,,V1,0.0,0.0,0.0,10
slow0-owned-f1-qps200-n4,post-cons shed drops / sec,,V2,0.0,0.0,0.0,10
slow0-owned-f1-qps200-n4,shed % quorum,,V1,0.0,0.0,0.0,10
slow0-owned-f1-qps200-n4,shed % quorum,,V2,0.0,0.0,0.0,10
slow0-owned-f1-qps200-n4,shed % local,,V1,0.0,0.0,0.0,10
slow0-owned-f1-qps200-n4,shed % local,,V2,0.0,0.0,0.0,10
slow0-owned-f1-qps200-n4,shed % cons-queue,,V1,0.0,0.0,0.0,10
slow0-owned-f1-qps200-n4,shed % cons-queue,,V2,0.0,0.0,0.0,10
slow0-owned-f1-qps200-n4,pre-cons overload rej / sec,,V1,nan,nan,nan,10
slow0-owned-f1-qps200-n4,pre-cons overload rej / sec,,V2,nan,nan,nan,10
slow0-owned-f1-qps200-n4,node CPU,,V1,0.9203951906885569,0.10964547517509421,0.005211721004340812,10
slow0-owned-f1-qps200-n4,node CPU,,V2,0.9107241923621266,0.14851155160114735,0.01561464075949582,10
slow0-owned-f1-qps200-n4,node memory RSS (bytes),,V1,475166200.0414508,57751166.758326106,4380449.595424175,10
slow0-owned-f1-qps200-n4,node memory RSS (bytes),,V2,470684008.78756475,56735751.414089136,6628803.691220876,10
slow0-owned-f1-qps200-n4,overload graduated / sec,,V1,nan,nan,nan,10
slow0-owned-f1-qps200-n4,overload graduated / sec,,V2,nan,nan,nan,10
slow0-owned-f1-qps200-n4,overload max-pending / sec,,V1,nan,nan,nan,10
slow0-owned-f1-qps200-n4,overload max-pending / sec,,V2,nan,nan,nan,10
slow0-owned-f1-qps200-n4,overload semaphore / sec,,V1,nan,nan,nan,10
slow0-owned-f1-qps200-n4,overload semaphore / sec,,V2,nan,nan,nan,10
slow0-owned-f1-qps200-n4,attest. exec p50 (s),,V1,nan,nan,nan,10
slow0-owned-f1-qps200-n4,attest. exec p50 (s),,V2,0.000500064244514497,1.2725645507170657e-07,1.4725646531358532e-08,10
slow0-owned-f1-qps200-n4,attest. exec p95 (s),,V1,nan,nan,nan,10
slow0-owned-f1-qps200-n4,attest. exec p95 (s),,V2,0.0009501220645775441,2.4178726463624205e-07,2.797872840956786e-08,10
slow0-owned-f1-qps200-n4,attest. exec p99 (s),,V1,nan,nan,nan,10
slow0-owned-f1-qps200-n4,attest. exec p99 (s),,V2,0.000990127204138704,2.5196778104198287e-07,2.9156780132107954e-08,10
slow0-owned-f1-qps200-n4,attest. wait p50 (s),,V1,nan,nan,nan,10
slow0-owned-f1-qps200-n4,attest. wait p50 (s),,V2,0.0005000043802639092,3.2808182038665165e-08,4.312294296779026e-09,10
slow0-owned-f1-qps200-n4,attest. wait p95 (s),,V1,nan,nan,nan,10
slow0-owned-f1-qps200-n4,attest. wait p95 (s),,V2,0.0009500083225014276,6.233554587345769e-08,8.193359163856538e-09,10
slow0-owned-f1-qps200-n4,attest. wait p99 (s),,V1,nan,nan,nan,10
slow0-owned-f1-qps200-n4,attest. wait p99 (s),,V2,0.0009900086729225399,6.496020043655365e-08,8.53834270762594e-09,10
slow0-owned-f1-qps200-n4,attest. resume p50 (s),,V1,nan,nan,nan,10
slow0-owned-f1-qps200-n4,attest. resume p50 (s),,V2,0.0005,0.0,3.614007241618348e-20,10
slow0-owned-f1-qps200-n4,attest. resume p95 (s),,V1,nan,nan,nan,10
slow0-owned-f1-qps200-n4,attest. resume p95 (s),,V2,0.0009500000000000002,2.2384763276679256e-19,3.614007241618348e-20,10
slow0-owned-f1-qps200-n4,attest. resume p99 (s),,V1,nan,nan,nan,10
slow0-owned-f1-qps200-n4,attest. resume p99 (s),,V2,0.0009899999999999998,2.4868075842822456e-19,2.2856988727712894e-20,10
slow0-owned-f1-qps200-n4,num_inflight,,V1,42.7,6.0835844697020525,2.027861489900684,10
slow0-owned-f1-qps200-n4,num_inflight,,V2,45.8,5.055689863905815,1.6852299546352716,10
slow0-owned-f1-qps200-n4,CUs,,V1,nan,nan,nan,10
slow0-owned-f1-qps200-n4,CUs,,V2,1000.0,6.598168057371473e-14,0.0,10
slow0-owned-v1-qps200-n4,TPS,,V1,221.11939947789816,17.849844909721668,1.2176009329844089,10
slow0-owned-v1-qps200-n4,TPS,,V2,221.99976543287502,3.940998147542807,0.3004187517627078,10
slow0-owned-v1-qps200-n4,attest. full p50 (s),,V1,nan,nan,nan,10
slow0-owned-v1-qps200-n4,attest. full p50 (s),,V2,0.0005003638533184694,6.580778045204988e-07,7.475932765081129e-08,10
slow0-owned-v1-qps200-n4,attest. full p95 (s),,V1,nan,nan,nan,10
slow0-owned-v1-qps200-n4,attest. full p95 (s),,V2,0.0009506913213050916,1.2503478285889579e-06,1.4204272253654232e-07,10
slow0-owned-v1-qps200-n4,attest. full p99 (s),,V1,nan,nan,nan,10
slow0-owned-v1-qps200-n4,attest. full p99 (s),,V2,0.0009930754955124156,5.6496920538831484e-05,2.4070970198129446e-06,10
slow0-owned-v1-qps200-n4,attest. / sec,,V1,0.0,0.0,0.0,10
slow0-owned-v1-qps200-n4,attest. / sec,,V2,198.59154929577466,16.72442547470129,0.5729800567913844,10
slow0-owned-v1-qps200-n4,host CPU,,V1,5.286444345233347,1.9556188723042627,0.03258289822354325,10
slow0-owned-v1-qps200-n4,host CPU,,V2,5.403004681302184,1.96297159900131,0.021077798769717843,10
slow0-owned-v1-qps200-n4,rec. → exec. p50 (s),,V1,0.21961675789422858,0.021384800206645235,0.004915538243686549,10
slow0-owned-v1-qps200-n4,rec. → exec. p50 (s),,V2,0.25319277628139936,0.06461655641323541,0.021025401943411313,10
slow0-owned-v1-qps200-n4,rec. → exec. p95 (s),,V1,0.463091508708533,0.010558062412984586,0.0026392661271391936,10
slow0-owned-v1-qps200-n4,rec. → exec. p95 (s),,V2,0.46567321671997897,0.016409402412810786,0.004982956091436202,10
slow0-owned-v1-qps200-n4,rec. → exec. p99 (s),,V1,0.5026442292847823,0.043710108750180734,0.005377265662301234,10
slow0-owned-v1-qps200-n4,rec. → exec. p99 (s),,V2,0.49459409367435386,0.020387677584274008,0.0018881377853271733,10
slow0-owned-v1-qps200-n4,pc valid. lat. p50 (s),,V1,0.0004933299453183452,3.01364081698227e-05,7.5374390059380585e-06,10
slow0-owned-v1-qps200-n4,pc valid. lat. p50 (s),,V2,0.0004316580655903954,1.3146930152292395e-05,3.5555198944455855e-06,10
slow0-owned-v1-qps200-n4,pc valid. lat. p95 (s),,V1,0.004096617607584882,7.36994879300356e-05,9.93370532000674e-06,10
slow0-owned-v1-qps200-n4,pc valid. lat. p95 (s),,V2,0.003216207446627353,0.0005477048415462858,0.00010391054283011098,10
slow0-owned-v1-qps200-n4,exec. lat. p95 (s),,V1,0.0009153827977605825,1.1987019852631265e-05,1.0286457303196087e-06,10
slow0-owned-v1-qps200-n4,exec. lat. p95 (s),,V2,0.0009148170821600337,1.2741329437130813e-05,6.188336456867169e-07,10
slow0-owned-v1-qps200-n4,valid. drop. / sec,,V1,0.0,0.0,0.0,10
slow0-owned-v1-qps200-n4,valid. drop. / sec,,V2,0.0,0.0,0.0,10
slow0-owned-v1-qps200-n4,final. lat. p50 (s),,V1,nan,nan,nan,10
slow0-owned-v1-qps200-n4,final. lat. p50 (s),,V2,nan,nan,nan,10
slow0-owned-v1-qps200-n4,final. lat. p95 (s),,V1,nan,nan,nan,10
slow0-owned-v1-qps200-n4,final. lat. p95 (s),,V2,nan,nan,nan,10
slow0-owned-v1-qps200-n4,final. lat. p99 (s),,V1,nan,nan,nan,10
slow0-owned-v1-qps200-n4,final. lat. p99 (s),,V2,nan,nan,nan,10
slow0-owned-v1-qps200-n4,submit lat. p50 (s),,V1,nan,nan,nan,10
slow0-owned-v1-qps200-n4,submit lat. p50 (s),,V2,nan,nan,nan,10
slow0-owned-v1-qps200-n4,submit lat. p95 (s),,V1,nan,nan,nan,10
slow0-owned-v1-qps200-n4,submit lat. p95 (s),,V2,nan,nan,nan,10
slow0-owned-v1-qps200-n4,ckpt lag p50 (s),,V1,0.21527204933493227,0.347728577400263,0.04448541544698212,10
slow0-owned-v1-qps200-n4,ckpt lag p50 (s),,V2,0.17239371631113118,0.003060887997650839,0.000768372412143367,10
slow0-owned-v1-qps200-n4,ckpt lag p95 (s),,V1,0.39463219755914575,1.0047361974860223,0.13814629907858714,10
slow0-owned-v1-qps200-n4,ckpt lag p95 (s),,V2,0.24049343583228677,0.033527618638085496,0.008451228730870631,10
slow0-owned-v1-qps200-n4,ckpt lag p99 (s),,V1,0.4569459715572405,1.1187205701146012,0.1549821001063482,10
slow0-owned-v1-qps200-n4,ckpt lag p99 (s),,V2,0.27346780895386597,0.051254729885148474,0.014109791927999346,10
slow0-owned-v1-qps200-n4,exec. dispatch queue,,V1,2.6,4.498888751680797,1.499629583893599,10
slow0-owned-v1-qps200-n4,exec. dispatch queue,,V2,5.5,10.901834707974617,3.633944902658205,10
slow0-owned-v1-qps200-n4,pending txs,,V1,1.0,1.2649110640673518,0.42163702135578385,10
slow0-owned-v1-qps200-n4,pending txs,,V2,2.0,1.1832159566199232,0.3944053188733077,10
slow0-owned-v1-qps200-n4,exec. queue. delay p95 (s),,V1,0.000475,3.825680364829306e-20,2.3560444701978123e-20,10
slow0-owned-v1-qps200-n4,exec. queue. delay p95 (s),,V2,0.000475,3.7726252409278e-20,1.511847697333374e-20,10
slow0-owned-v1-qps200-n4,post-cons shed drops / sec,,V1,0.0,0.0,0.0,10
slow0-owned-v1-qps200-n4,post-cons shed drops / sec,,V2,0.0,0.0,0.0,10
slow0-owned-v1-qps200-n4,shed % quorum,,V1,0.0,0.0,0.0,10
slow0-owned-v1-qps200-n4,shed % quorum,,V2,0.0,0.0,0.0,10
slow0-owned-v1-qps200-n4,shed % local,,V1,0.0,0.0,0.0,10
slow0-owned-v1-qps200-n4,shed % local,,V2,0.0,0.0,0.0,10
slow0-owned-v1-qps200-n4,shed % cons-queue,,V1,0.0,0.0,0.0,10
slow0-owned-v1-qps200-n4,shed % cons-queue,,V2,0.0,0.0,0.0,10
slow0-owned-v1-qps200-n4,pre-cons overload rej / sec,,V1,nan,nan,nan,10
slow0-owned-v1-qps200-n4,pre-cons overload rej / sec,,V2,nan,nan,nan,10
slow0-owned-v1-qps200-n4,node CPU,,V1,0.9525646540260241,0.14569107364412187,0.0072054028982208515,10
slow0-owned-v1-qps200-n4,node CPU,,V2,1.0087750846100758,0.12726249660305267,0.006596472889675934,10
slow0-owned-v1-qps200-n4,node memory RSS (bytes),,V1,499253226.77720207,57688732.25984986,3119211.196848558,10
slow0-owned-v1-qps200-n4,node memory RSS (bytes),,V2,485612243.0330435,57640372.52786266,5780552.898323515,10
slow0-owned-v1-qps200-n4,overload graduated / sec,,V1,nan,nan,nan,10
slow0-owned-v1-qps200-n4,overload graduated / sec,,V2,nan,nan,nan,10
slow0-owned-v1-qps200-n4,overload max-pending / sec,,V1,nan,nan,nan,10
slow0-owned-v1-qps200-n4,overload max-pending / sec,,V2,nan,nan,nan,10
slow0-owned-v1-qps200-n4,overload semaphore / sec,,V1,nan,nan,nan,10
slow0-owned-v1-qps200-n4,overload semaphore / sec,,V2,nan,nan,nan,10
slow0-owned-v1-qps200-n4,attest. exec p50 (s),,V1,nan,nan,nan,10
slow0-owned-v1-qps200-n4,attest. exec p50 (s),,V2,0.0005000569303132029,1.38804346267166e-07,1.8842653661339066e-08,10
slow0-owned-v1-qps200-n4,attest. exec p95 (s),,V1,nan,nan,nan,10
slow0-owned-v1-qps200-n4,attest. exec p95 (s),,V2,0.0009501081675950855,2.6372825790759297e-07,3.580104195653046e-08,10
slow0-owned-v1-qps200-n4,attest. exec p99 (s),,V1,nan,nan,nan,10
slow0-owned-v1-qps200-n4,attest. exec p99 (s),,V2,0.0009901127220201416,2.7483260560898377e-07,3.7308454249480225e-08,10
slow0-owned-v1-qps200-n4,attest. wait p50 (s),,V1,nan,nan,nan,10
slow0-owned-v1-qps200-n4,attest. wait p50 (s),,V2,0.0005000983420568305,3.47223984141391e-07,3.792066489757023e-08,10
slow0-owned-v1-qps200-n4,attest. wait p95 (s),,V1,nan,nan,nan,10
slow0-owned-v1-qps200-n4,attest. wait p95 (s),,V2,0.000950186849907978,6.597255698686453e-07,7.204926330538133e-08,10
slow0-owned-v1-qps200-n4,attest. wait p99 (s),,V1,nan,nan,nan,10
slow0-owned-v1-qps200-n4,attest. wait p99 (s),,V2,0.0009901947172725242,6.875034885999627e-07,7.508291649721735e-08,10
slow0-owned-v1-qps200-n4,attest. resume p50 (s),,V1,nan,nan,nan,10
slow0-owned-v1-qps200-n4,attest. resume p50 (s),,V2,0.0005000177438054178,7.96567014052236e-08,1.3649668754316967e-08,10
slow0-owned-v1-qps200-n4,attest. resume p95 (s),,V1,nan,nan,nan,10
slow0-owned-v1-qps200-n4,attest. resume p95 (s),,V2,0.000950033713230294,1.513477326699207e-07,2.5934370633202793e-08,10
slow0-owned-v1-qps200-n4,attest. resume p99 (s),,V1,nan,nan,nan,10
slow0-owned-v1-qps200-n4,attest. resume p99 (s),,V2,0.000990035132734727,1.5772026878234674e-07,2.7026344133586983e-08,10
slow0-owned-v1-qps200-n4,num_inflight,,V1,86.1,18.76406139405859,6.254687131352864,10
slow0-owned-v1-qps200-n4,num_inflight,,V2,68.9,14.060227594174997,4.6867425313916655,10
slow0-owned-v1-qps200-n4,CUs,,V1,nan,nan,nan,10
slow0-owned-v1-qps200-n4,CUs,,V2,1000.0,5.822763524597284e-14,0.0,10
slow0-owned-v4-qps200-n4,TPS,,V1,221.60682675677182,4.158430941936217,0.2069784507267765,10
slow0-owned-v4-qps200-n4,TPS,,V2,222.370632475408,4.313826127541839,0.3327459406519694,10
slow0-owned-v4-qps200-n4,attest. full p50 (s),,V1,nan,nan,nan,10
slow0-owned-v4-qps200-n4,attest. full p50 (s),,V2,0.0005004604092037202,6.043949499271397e-07,8.775667532747846e-08,10
slow0-owned-v4-qps200-n4,attest. full p95 (s),,V1,nan,nan,nan,10
slow0-owned-v4-qps200-n4,attest. full p95 (s),,V2,0.000950874777487068,1.148350404861561e-06,1.6673768312223065e-07,10
slow0-owned-v4-qps200-n4,attest. full p99 (s),,V1,nan,nan,nan,10
slow0-owned-v4-qps200-n4,attest. full p99 (s),,V2,0.000990911610223366,1.1967020008557355e-06,1.7375821714841736e-07,10
slow0-owned-v4-qps200-n4,attest. / sec,,V1,0.0,0.0,0.0,10
slow0-owned-v4-qps200-n4,attest. / sec,,V2,100.91470559467918,5.653956335045587,0.35005274228013145,10
slow0-owned-v4-qps200-n4,host CPU,,V1,5.285755784963176,1.9905794799991334,0.02203940482867192,10
slow0-owned-v4-qps200-n4,host CPU,,V2,5.384343979409837,1.9858033685167986,0.031244062789650577,10
slow0-owned-v4-qps200-n4,rec. → exec. p50 (s),,V1,0.2679299526382891,0.047892618857741896,0.009636308431824834,10
slow0-owned-v4-qps200-n4,rec. → exec. p50 (s),,V2,0.2464842695617615,0.04978030893005904,0.01152330997715157,10
slow0-owned-v4-qps200-n4,rec. → exec. p95 (s),,V1,0.4719117964650678,0.013799086289869662,0.0036718104235576405,10
slow0-owned-v4-qps200-n4,rec. → exec. p95 (s),,V2,0.46812268206166974,0.012421052620839021,0.0032605473716904847,10
slow0-owned-v4-qps200-n4,rec. → exec. p99 (s),,V1,0.49990568861003826,0.04164541478844902,0.005813880822028985,10
slow0-owned-v4-qps200-n4,rec. → exec. p99 (s),,V2,0.4937947713544263,0.0026428043142448093,0.0006829860830558793,10
slow0-owned-v4-qps200-n4,pc valid. lat. p50 (s),,V1,0.0005541802903417898,3.4966633424471326e-05,6.954730875120481e-06,10
slow0-owned-v4-qps200-n4,pc valid. lat. p50 (s),,V2,0.00045462444049011865,3.0377413893366256e-05,8.120630067673133e-06,10
slow0-owned-v4-qps200-n4,pc valid. lat. p95 (s),,V1,0.003704841053615519,0.00037515636333746333,7.446186469092226e-05,10
slow0-owned-v4-qps200-n4,pc valid. lat. p95 (s),,V2,0.002666291474819895,0.0007437136265038782,0.00018652106619456801,10
slow0-owned-v4-qps200-n4,exec. lat. p95 (s),,V1,0.0009120897343669897,2.118745313217331e-05,7.020100661590915e-07,10
slow0-owned-v4-qps200-n4,exec. lat. p95 (s),,V2,0.0009099821951140268,2.6352415145412395e-05,1.4664675612174963e-06,10
slow0-owned-v4-qps200-n4,valid. drop. / sec,,V1,0.0,0.0,0.0,10
slow0-owned-v4-qps200-n4,valid. drop. / sec,,V2,0.0,0.0,0.0,10
slow0-owned-v4-qps200-n4,final. lat. p50 (s),,V1,nan,nan,nan,10
slow0-owned-v4-qps200-n4,final. lat. p50 (s),,V2,nan,nan,nan,10
slow0-owned-v4-qps200-n4,final. lat. p95 (s),,V1,nan,nan,nan,10
slow0-owned-v4-qps200-n4,final. lat. p95 (s),,V2,nan,nan,nan,10
slow0-owned-v4-qps200-n4,final. lat. p99 (s),,V1,nan,nan,nan,10
slow0-owned-v4-qps200-n4,final. lat. p99 (s),,V2,nan,nan,nan,10
slow0-owned-v4-qps200-n4,submit lat. p50 (s),,V1,nan,nan,nan,10
slow0-owned-v4-qps200-n4,submit lat. p50 (s),,V2,nan,nan,nan,10
slow0-owned-v4-qps200-n4,submit lat. p95 (s),,V1,nan,nan,nan,10
slow0-owned-v4-qps200-n4,submit lat. p95 (s),,V2,nan,nan,nan,10
slow0-owned-v4-qps200-n4,ckpt lag p50 (s),,V1,0.17088752104952348,0.005337768696160887,0.0006825829085887116,10
slow0-owned-v4-qps200-n4,ckpt lag p50 (s),,V2,0.17172284056187512,0.0045358264055596524,0.0004949070103808398,10
slow0-owned-v4-qps200-n4,ckpt lag p95 (s),,V1,0.2604104106942774,0.03205406696802714,0.008457468981161939,10
slow0-owned-v4-qps200-n4,ckpt lag p95 (s),,V2,0.25144241940713674,0.03589496320538694,0.009592020188047858,10
slow0-owned-v4-qps200-n4,ckpt lag p99 (s),,V1,0.2993709745864798,0.051149145934560276,0.013434415986665484,10
slow0-owned-v4-qps200-n4,ckpt lag p99 (s),,V2,0.29465140358280806,0.07636998190829355,0.018124641324188877,10
slow0-owned-v4-qps200-n4,exec. dispatch queue,,V1,5.0,6.44980619863884,2.1499353995462798,10
slow0-owned-v4-qps200-n4,exec. dispatch queue,,V2,7.9,12.533554962579453,4.177851654193151,10
slow0-owned-v4-qps200-n4,pending txs,,V1,2.8,1.7776388834631178,0.5925462944877059,10
slow0-owned-v4-qps200-n4,pending txs,,V2,1.4,1.42828568570857,0.47609522856952335,10
slow0-owned-v4-qps200-n4,exec. queue. delay p95 (s),,V1,0.000475,3.7459738438982944e-20,1.3996989859860865e-20,10
slow0-owned-v4-qps200-n4,exec. queue. delay p95 (s),,V2,0.000475,3.8856947004808966e-20,1.6162331726870264e-20,10
slow0-owned-v4-qps200-n4,post-cons shed drops / sec,,V1,0.0,0.0,0.0,10
slow0-owned-v4-qps200-n4,post-cons shed drops / sec,,V2,0.0,0.0,0.0,10
slow0-owned-v4-qps200-n4,shed % quorum,,V1,0.0,0.0,0.0,10
slow0-owned-v4-qps200-n4,shed % quorum,,V2,0.0,0.0,0.0,10
slow0-owned-v4-qps200-n4,shed % local,,V1,0.0,0.0,0.0,10
slow0-owned-v4-qps200-n4,shed % local,,V2,0.0,0.0,0.0,10
slow0-owned-v4-qps200-n4,shed % cons-queue,,V1,0.0,0.0,0.0,10
slow0-owned-v4-qps200-n4,shed % cons-queue,,V2,0.0,0.0,0.0,10
slow0-owned-v4-qps200-n4,pre-cons overload rej / sec,,V1,nan,nan,nan,10
slow0-owned-v4-qps200-n4,pre-cons overload rej / sec,,V2,nan,nan,nan,10
slow0-owned-v4-qps200-n4,node CPU,,V1,0.9088871946139219,0.11661988649713174,0.005568778956969594,10
slow0-owned-v4-qps200-n4,node CPU,,V2,0.9509409733900032,0.12292398220844639,0.005478453139430013,10
slow0-owned-v4-qps200-n4,node memory RSS (bytes),,V1,487077856.05545926,58868384.296570905,3738143.871475154,10
slow0-owned-v4-qps200-n4,node memory RSS (bytes),,V2,478141124.650519,54313641.26198063,3494768.3228791975,10
slow0-owned-v4-qps200-n4,overload graduated / sec,,V1,nan,nan,nan,10
slow0-owned-v4-qps200-n4,overload graduated / sec,,V2,nan,nan,nan,10
slow0-owned-v4-qps200-n4,overload max-pending / sec,,V1,nan,nan,nan,10
slow0-owned-v4-qps200-n4,overload max-pending / sec,,V2,nan,nan,nan,10
slow0-owned-v4-qps200-n4,overload semaphore / sec,,V1,nan,nan,nan,10
slow0-owned-v4-qps200-n4,overload semaphore / sec,,V2,nan,nan,nan,10
slow0-owned-v4-qps200-n4,attest. exec p50 (s),,V1,nan,nan,nan,10
slow0-owned-v4-qps200-n4,attest. exec p50 (s),,V2,0.0005001139243228166,1.7214117834502454e-07,2.5140527414732492e-08,10
slow0-owned-v4-qps200-n4,attest. exec p95 (s),,V1,nan,nan,nan,10
slow0-owned-v4-qps200-n4,attest. exec p95 (s),,V2,0.0009502164562133516,3.270682388555461e-07,4.776700208799265e-08,10
slow0-owned-v4-qps200-n4,attest. exec p99 (s),,V1,nan,nan,nan,10
slow0-owned-v4-qps200-n4,attest. exec p99 (s),,V2,0.0009902255701591768,3.40839533123148e-07,4.977824428122082e-08,10
slow0-owned-v4-qps200-n4,attest. wait p50 (s),,V1,nan,nan,nan,10
slow0-owned-v4-qps200-n4,attest. wait p50 (s),,V2,0.000500046388690063,2.1693937661226434e-07,3.177948767739024e-08,10
slow0-owned-v4-qps200-n4,attest. wait p95 (s),,V1,nan,nan,nan,10
slow0-owned-v4-qps200-n4,attest. wait p95 (s),,V2,0.0009500881385111195,4.121848155632953e-07,6.038102658703439e-08,10
slow0-owned-v4-qps200-n4,attest. wait p99 (s),,V1,nan,nan,nan,10
slow0-owned-v4-qps200-n4,attest. wait p99 (s),,V2,0.0009900918496063243,4.2953996569227897e-07,6.292338560125585e-08,10
slow0-owned-v4-qps200-n4,attest. resume p50 (s),,V1,nan,nan,nan,10
slow0-owned-v4-qps200-n4,attest. resume p50 (s),,V2,0.0005000256407055882,8.931581870992787e-08,9.595662658497065e-09,10
slow0-owned-v4-qps200-n4,attest. resume p95 (s),,V1,nan,nan,nan,10
slow0-owned-v4-qps200-n4,attest. resume p95 (s),,V2,0.0009500487173406178,1.6970005554886452e-07,1.823175905114303e-08,10
slow0-owned-v4-qps200-n4,attest. resume p99 (s),,V1,nan,nan,nan,10
slow0-owned-v4-qps200-n4,attest. resume p99 (s),,V2,0.0009900507685970646,1.7684532104566105e-07,1.899941206383369e-08,10
slow0-owned-v4-qps200-n4,num_inflight,,V1,48.1,7.8797208072367635,2.6265736024122543,10
slow0-owned-v4-qps200-n4,num_inflight,,V2,42.9,5.85576638878294,1.9519221295943132,10
slow0-owned-v4-qps200-n4,CUs,,V1,nan,nan,nan,10
slow0-owned-v4-qps200-n4,CUs,,V2,1000.0,6.292317709282632e-14,0.0,10
slow0-owned-f1-qps1000-n4,TPS,,V1,993.5270984047485,140.75231396339623,26.123360384762776,10
slow0-owned-f1-qps1000-n4,TPS,,V2,987.401879611934,162.59693065814793,30.126192988766824,10
slow0-owned-f1-qps1000-n4,attest. full p50 (s),,V1,nan,nan,nan,10
slow0-owned-f1-qps1000-n4,attest. full p50 (s),,V2,0.0005005380030857784,3.0927579859373455e-07,3.577447001951626e-08,10
slow0-owned-f1-qps1000-n4,attest. full p95 (s),,V1,nan,nan,nan,10
slow0-owned-f1-qps1000-n4,attest. full p95 (s),,V2,0.000951022205862979,5.876240173280976e-07,6.797149303711734e-08,10
slow0-owned-f1-qps1000-n4,attest. full p99 (s),,V1,nan,nan,nan,10
slow0-owned-f1-qps1000-n4,attest. full p99 (s),,V2,0.0009910652461098412,6.123660812155931e-07,7.083345063868229e-08,10
slow0-owned-f1-qps1000-n4,attest. / sec,,V1,0.0,0.0,0.0,10
slow0-owned-f1-qps1000-n4,attest. / sec,,V2,484.0944683335988,82.42622838076103,14.284078742406836,10
slow0-owned-f1-qps1000-n4,host CPU,,V1,15.64676553541196,5.761207621756939,0.3061592491306532,10
slow0-owned-f1-qps1000-n4,host CPU,,V2,15.575326788679874,6.032638006827579,0.37971967260185685,10
slow0-owned-f1-qps1000-n4,rec. → exec. p50 (s),,V1,0.2996796274585402,0.05532213989075736,0.012135667990505944,10
slow0-owned-f1-qps1000-n4,rec. → exec. p50 (s),,V2,0.28401584682961906,0.05262880260899546,0.011824037905092948,10
slow0-owned-f1-qps1000-n4,rec. → exec. p95 (s),,V1,0.47850650742874173,0.016850610024857174,0.0013467830625373798,10
slow0-owned-f1-qps1000-n4,rec. → exec. p95 (s),,V2,0.47735536456875044,0.007155998460288641,0.0017563476064579343,10
slow0-owned-f1-qps1000-n4,rec. → exec. p99 (s),,V1,0.4988259928099152,0.031092995422148256,0.0028345526994644392,10
slow0-owned-f1-qps1000-n4,rec. → exec. p99 (s),,V2,0.49672986048618667,0.009192937333031417,0.0011543230513991636,10
slow0-owned-f1-qps1000-n4,pc valid. lat. p50 (s),,V1,0.0029091304628202897,0.00044704145609684304,8.628162860422992e-05,10
slow0-owned-f1-qps1000-n4,pc valid. lat. p50 (s),,V2,0.0027808993297229272,0.00047443465024802115,0.00010222821582387369,10
slow0-owned-f1-qps1000-n4,pc valid. lat. p95 (s),,V1,0.005720109639648842,0.001284345985864258,0.0002470661850557943,10
slow0-owned-f1-qps1000-n4,pc valid. lat. p95 (s),,V2,0.005071144846906688,0.0008066747942694364,0.00011056815985672798,10
slow0-owned-f1-qps1000-n4,exec. lat. p95 (s),,V1,0.0017995879570978212,0.0005485089164956889,8.916205074820888e-05,10
slow0-owned-f1-qps1000-n4,exec. lat. p95 (s),,V2,0.0020565224189829775,0.0004941284869672344,6.313422247237281e-05,10
slow0-owned-f1-qps1000-n4,valid. drop. / sec,,V1,0.0,0.0,0.0,10
slow0-owned-f1-qps1000-n4,valid. drop. / sec,,V2,0.0,0.0,0.0,10
slow0-owned-f1-qps1000-n4,final. lat. p50 (s),,V1,0.25310194562823124,0.00776147931148859,0.0020663910664227006,10
slow0-owned-f1-qps1000-n4,final. lat. p50 (s),,V2,0.25246874942186864,0.008516113919612565,0.002336688419443005,10
slow0-owned-f1-qps1000-n4,final. lat. p95 (s),,V1,0.3670661590632351,0.0410299128347034,0.011948689954940372,10
slow0-owned-f1-qps1000-n4,final. lat. p95 (s),,V2,0.37407277666668787,0.04167843083175017,0.011480170833765645,10
slow0-owned-f1-qps1000-n4,final. lat. p99 (s),,V1,0.4140387633438616,0.05656064079397394,0.017054898560730808,10
slow0-owned-f1-qps1000-n4,final. lat. p99 (s),,V2,0.4277142361279699,0.0522206764623903,0.014994772952406216,10
slow0-owned-f1-qps1000-n4,submit lat. p50 (s),,V1,0.003720090268324672,6.0141407210343094e-05,1.211179800372209e-05,10
slow0-owned-f1-qps1000-n4,submit lat. p50 (s),,V2,0.004164753218268357,9.274871646465583e-05,1.244485845394124e-05,10
slow0-owned-f1-qps1000-n4,submit lat. p95 (s),,V1,0.01988549723456746,0.000544372376078834,7.82245830378172e-05,10
slow0-owned-f1-qps1000-n4,submit lat. p95 (s),,V2,0.02130929049124497,0.00036712945327782093,5.3644522123707717e-05,10
slow0-owned-f1-qps1000-n4,ckpt lag p50 (s),,V1,0.2911385684469961,0.9287583085387708,0.1282254691325975,10
slow0-owned-f1-qps1000-n4,ckpt lag p50 (s),,V2,0.3426670058819124,1.3108461874925512,0.1979897563910648,10
slow0-owned-f1-qps1000-n4,ckpt lag p95 (s),,V1,0.5615562248625763,1.9911668261712052,0.30640774793659753,10
slow0-owned-f1-qps1000-n4,ckpt lag p95 (s),,V2,0.6549500883666209,2.570774697549657,0.43058867089278147,10
slow0-owned-f1-qps1000-n4,ckpt lag p99 (s),,V1,0.6706045892386727,2.4573867029186904,0.37792432374422835,10
slow0-owned-f1-qps1000-n4,ckpt lag p99 (s),,V2,0.7258449484390362,2.7324032366717868,0.45839906241761647,10
slow0-owned-f1-qps1000-n4,exec. dispatch queue,,V1,190.6,86.65933302305068,28.88644434101689,10
slow0-owned-f1-qps1000-n4,exec. dispatch queue,,V2,156.2,78.97062745097065,26.32354248365688,10
slow0-owned-f1-qps1000-n4,pending txs,,V1,3.5,2.6172504656604803,0.8724168218868267,10
slow0-owned-f1-qps1000-n4,pending txs,,V2,1.9,2.3,0.7666666666666665,10
slow0-owned-f1-qps1000-n4,exec. queue. delay p95 (s),,V1,0.004798903458397033,0.0009072918155239262,3.492314240805926e-05,10
slow0-owned-f1-qps1000-n4,exec. queue. delay p95 (s),,V2,0.004811486826010136,0.0008339194208392589,0.00010608037502987308,10
slow0-owned-f1-qps1000-n4,post-cons shed drops / sec,,V1,0.0,0.0,0.0,10
slow0-owned-f1-qps1000-n4,post-cons shed drops / sec,,V2,0.0,0.0,0.0,10
slow0-owned-f1-qps1000-n4,shed % quorum,,V1,0.0,0.0,0.0,10
slow0-owned-f1-qps1000-n4,shed % quorum,,V2,0.0,0.0,0.0,10
slow0-owned-f1-qps1000-n4,shed % local,,V1,0.0,0.0,0.0,10
slow0-owned-f1-qps1000-n4,shed % local,,V2,0.0,0.0,0.0,10
slow0-owned-f1-qps1000-n4,shed % cons-queue,,V1,0.0,0.0,0.0,10
slow0-owned-f1-qps1000-n4,shed % cons-queue,,V2,0.0,0.0,0.0,10
slow0-owned-f1-qps1000-n4,pre-cons overload rej / sec,,V1,nan,nan,nan,10
slow0-owned-f1-qps1000-n4,pre-cons overload rej / sec,,V2,nan,nan,nan,10
slow0-owned-f1-qps1000-n4,node CPU,,V1,2.6505433179087894,0.4525146898614367,0.06155290488646663,10
slow0-owned-f1-qps1000-n4,node CPU,,V2,2.7728944620188902,0.5381715409398443,0.08147452912249356,10
slow0-owned-f1-qps1000-n4,node memory RSS (bytes),,V1,771286199.0993377,176049299.4594833,6363842.791022863,10
slow0-owned-f1-qps1000-n4,node memory RSS (bytes),,V2,770160009.5840266,166261810.84793922,6272104.123423382,10
slow0-owned-f1-qps1000-n4,overload graduated / sec,,V1,nan,nan,nan,10
slow0-owned-f1-qps1000-n4,overload graduated / sec,,V2,nan,nan,nan,10
slow0-owned-f1-qps1000-n4,overload max-pending / sec,,V1,nan,nan,nan,10
slow0-owned-f1-qps1000-n4,overload max-pending / sec,,V2,nan,nan,nan,10
slow0-owned-f1-qps1000-n4,overload semaphore / sec,,V1,nan,nan,nan,10
slow0-owned-f1-qps1000-n4,overload semaphore / sec,,V2,nan,nan,nan,10
slow0-owned-f1-qps1000-n4,attest. exec p50 (s),,V1,nan,nan,nan,10
slow0-owned-f1-qps1000-n4,attest. exec p50 (s),,V2,0.0005000893691731497,7.797874306863988e-08,1.1456818983544022e-08,10
slow0-owned-f1-qps1000-n4,attest. exec p95 (s),,V1,nan,nan,nan,10
slow0-owned-f1-qps1000-n4,attest. exec p95 (s),,V2,0.0009501698014289844,1.4815961183040542e-07,2.176795606872337e-08,10
slow0-owned-f1-qps1000-n4,attest. exec p99 (s),,V1,nan,nan,nan,10
slow0-owned-f1-qps1000-n4,attest. exec p99 (s),,V2,0.0009901769509628362,1.5439791127590727e-07,2.268450158740532e-08,10
slow0-owned-f1-qps1000-n4,attest. wait p50 (s),,V1,nan,nan,nan,10
slow0-owned-f1-qps1000-n4,attest. wait p50 (s),,V2,0.000500123294201532,1.4987102367869667e-07,1.6696179949987546e-08,10
slow0-owned-f1-qps1000-n4,attest. wait p95 (s),,V1,nan,nan,nan,10
slow0-owned-f1-qps1000-n4,attest. wait p95 (s),,V2,0.0009502342589829105,2.847549449895171e-07,3.1722741904981554e-08,10
slow0-owned-f1-qps1000-n4,attest. wait p99 (s),,V1,nan,nan,nan,10
slow0-owned-f1-qps1000-n4,attest. wait p99 (s),,V2,0.000990244122519033,2.967446268838127e-07,3.305843630100847e-08,10
slow0-owned-f1-qps1000-n4,attest. resume p50 (s),,V1,nan,nan,nan,10
slow0-owned-f1-qps1000-n4,attest. resume p50 (s),,V2,0.0005000229204095609,6.6415732586938e-08,6.560298817687251e-09,10
slow0-owned-f1-qps1000-n4,attest. resume p95 (s),,V1,nan,nan,nan,10
slow0-owned-f1-qps1000-n4,attest. resume p95 (s),,V2,0.0009500435487781656,1.261898919151798e-07,1.2464567753596747e-08,10
slow0-owned-f1-qps1000-n4,attest. resume p99 (s),,V1,nan,nan,nan,10
slow0-owned-f1-qps1000-n4,attest. resume p99 (s),,V2,0.0009900453824109303,1.3150315052213477e-07,1.2989391659017155e-08,10
slow0-owned-f1-qps1000-n4,num_inflight,,V1,211.5,35.15181360897329,11.717271202991096,10
slow0-owned-f1-qps1000-n4,num_inflight,,V2,220.1,35.906684614427995,11.968894871475998,10
slow0-owned-f1-qps1000-n4,CUs,,V1,nan,nan,nan,10
slow0-owned-f1-qps1000-n4,CUs,,V2,1000.0,5.552978632461144e-14,0.0,10
slow0-owned-v1-qps1000-n4,TPS,,V1,1024.430873634838,134.12907339910203,1.2771145797477477,10
slow0-owned-v1-qps1000-n4,TPS,,V2,1023.6957020916005,18.993629813964585,1.5089533156333224,10
slow0-owned-v1-qps1000-n4,attest. full p50 (s),,V1,nan,nan,nan,10
slow0-owned-v1-qps1000-n4,attest. full p50 (s),,V2,0.0005003722390246898,2.9734312729183933e-07,3.797962050411415e-08,10
slow0-owned-v1-qps1000-n4,attest. full p95 (s),,V1,nan,nan,nan,10
slow0-owned-v1-qps1000-n4,attest. full p95 (s),,V2,0.0009507072541469107,5.649519418544952e-07,7.216127895784244e-08,10
slow0-owned-v1-qps1000-n4,attest. full p99 (s),,V1,nan,nan,nan,10
slow0-owned-v1-qps1000-n4,attest. full p99 (s),,V2,0.0009907370332688857,5.88739392037835e-07,7.519964859815194e-08,10
slow0-owned-v1-qps1000-n4,attest. / sec,,V1,0.0,0.0,0.0,10
slow0-owned-v1-qps1000-n4,attest. / sec,,V2,993.5900084049822,83.09648522361715,2.8422219869610483,10
slow0-owned-v1-qps1000-n4,host CPU,,V1,12.896160244190659,4.744865824480516,0.06319240376941201,10
slow0-owned-v1-qps1000-n4,host CPU,,V2,13.118351703301268,4.780175489489296,0.05111422952710506,10
slow0-owned-v1-qps1000-n4,rec. → exec. p50 (s),,V1,0.24382102971938252,0.03230128929571616,0.009526391686500102,10
slow0-owned-v1-qps1000-n4,rec. → exec. p50 (s),,V2,0.22523604905264272,0.03238777283134862,0.010294309068770163,10
slow0-owned-v1-qps1000-n4,rec. → exec. p95 (s),,V1,0.4702823474955311,0.011116194667028857,0.0034568035937453012,10
slow0-owned-v1-qps1000-n4,rec. → exec. p95 (s),,V2,0.4628836955218739,0.010986036804349907,0.003441008737763072,10
slow0-owned-v1-qps1000-n4,rec. → exec. p99 (s),,V1,0.5021255133174507,0.0480556990641812,0.006098979035685615,10
slow0-owned-v1-qps1000-n4,rec. → exec. p99 (s),,V2,0.4926580059293656,0.002310664813601867,0.0007194466337116901,10
slow0-owned-v1-qps1000-n4,pc valid. lat. p50 (s),,V1,0.0028839297164880502,9.192674615888908e-05,2.586985469061841e-05,10
slow0-owned-v1-qps1000-n4,pc valid. lat. p50 (s),,V2,0.0028740018810528203,0.00012647012742578948,3.559488308966831e-05,10
slow0-owned-v1-qps1000-n4,pc valid. lat. p95 (s),,V1,0.0059422164772706156,0.0015705452007432953,0.0004236965730990581,10
slow0-owned-v1-qps1000-n4,pc valid. lat. p95 (s),,V2,0.005064378455948594,0.000616997075205086,0.00015664042600725618,10
slow0-owned-v1-qps1000-n4,exec. lat. p95 (s),,V1,0.0013379772496612957,0.0004497405456591712,5.503419292885256e-05,10
slow0-owned-v1-qps1000-n4,exec. lat. p95 (s),,V2,0.0013156940011953343,0.0004102091816131647,6.437343493513815e-05,10
slow0-owned-v1-qps1000-n4,valid. drop. / sec,,V1,0.0,0.0,0.0,10
slow0-owned-v1-qps1000-n4,valid. drop. / sec,,V2,0.0,0.0,0.0,10
slow0-owned-v1-qps1000-n4,final. lat. p50 (s),,V1,nan,nan,nan,10
slow0-owned-v1-qps1000-n4,final. lat. p50 (s),,V2,nan,nan,nan,10
slow0-owned-v1-qps1000-n4,final. lat. p95 (s),,V1,nan,nan,nan,10
slow0-owned-v1-qps1000-n4,final. lat. p95 (s),,V2,nan,nan,nan,10
slow0-owned-v1-qps1000-n4,final. lat. p99 (s),,V1,nan,nan,nan,10
slow0-owned-v1-qps1000-n4,final. lat. p99 (s),,V2,nan,nan,nan,10
slow0-owned-v1-qps1000-n4,submit lat. p50 (s),,V1,nan,nan,nan,10
slow0-owned-v1-qps1000-n4,submit lat. p50 (s),,V2,nan,nan,nan,10
slow0-owned-v1-qps1000-n4,submit lat. p95 (s),,V1,nan,nan,nan,10
slow0-owned-v1-qps1000-n4,submit lat. p95 (s),,V2,nan,nan,nan,10
slow0-owned-v1-qps1000-n4,ckpt lag p50 (s),,V1,0.2317429899090317,0.49371472007120576,0.06194885160927216,10
slow0-owned-v1-qps1000-n4,ckpt lag p50 (s),,V2,0.17236939047524796,0.0063952796106500455,0.0007814018593685445,10
slow0-owned-v1-qps1000-n4,ckpt lag p95 (s),,V1,0.49887837656462747,1.5888217339515853,0.21964740409803557,10
slow0-owned-v1-qps1000-n4,ckpt lag p95 (s),,V2,0.2507316594297011,0.053049980676227425,0.015028702970394672,10
slow0-owned-v1-qps1000-n4,ckpt lag p99 (s),,V1,0.5825437873013317,1.8496808748390483,0.256242659535401,10
slow0-owned-v1-qps1000-n4,ckpt lag p99 (s),,V2,0.28634424713765744,0.06911621251223193,0.020070676647253663,10
slow0-owned-v1-qps1000-n4,exec. dispatch queue,,V1,213.4,116.57289564903155,38.85763188301051,10
slow0-owned-v1-qps1000-n4,exec. dispatch queue,,V2,144.5,86.0467895972883,28.682263199096095,10
slow0-owned-v1-qps1000-n4,pending txs,,V1,3.7,3.2572994949804657,1.0857664983268218,10
slow0-owned-v1-qps1000-n4,pending txs,,V2,2.5,1.9621416870348585,0.6540472290116194,10
slow0-owned-v1-qps1000-n4,exec. queue. delay p95 (s),,V1,0.00488919462698856,0.0006575432297075769,8.459877273318363e-05,10
slow0-owned-v1-qps1000-n4,exec. queue. delay p95 (s),,V2,0.004785265790957041,0.00025444088129043774,9.993242453131882e-06,10
slow0-owned-v1-qps1000-n4,post-cons shed drops / sec,,V1,0.0,0.0,0.0,10
slow0-owned-v1-qps1000-n4,post-cons shed drops / sec,,V2,0.0,0.0,0.0,10
slow0-owned-v1-qps1000-n4,shed % quorum,,V1,0.0,0.0,0.0,10
slow0-owned-v1-qps1000-n4,shed % quorum,,V2,0.0,0.0,0.0,10
slow0-owned-v1-qps1000-n4,shed % local,,V1,0.0,0.0,0.0,10
slow0-owned-v1-qps1000-n4,shed % local,,V2,0.0,0.0,0.0,10
slow0-owned-v1-qps1000-n4,shed % cons-queue,,V1,0.0,0.0,0.0,10
slow0-owned-v1-qps1000-n4,shed % cons-queue,,V2,0.0,0.0,0.0,10
slow0-owned-v1-qps1000-n4,pre-cons overload rej / sec,,V1,nan,nan,nan,10
slow0-owned-v1-qps1000-n4,pre-cons overload rej / sec,,V2,nan,nan,nan,10
slow0-owned-v1-qps1000-n4,node CPU,,V1,3.0020957820441576,0.4399972168672703,0.011214662564636085,10
slow0-owned-v1-qps1000-n4,node CPU,,V2,3.2825119300246497,0.46139160606395285,0.011373810074666877,10
slow0-owned-v1-qps1000-n4,node memory RSS (bytes),,V1,813970324.3932203,170006555.51616538,7794455.086966882,10
slow0-owned-v1-qps1000-n4,node memory RSS (bytes),,V2,803434391.5102041,169194402.05339417,9045250.21937467,10
slow0-owned-v1-qps1000-n4,overload graduated / sec,,V1,nan,nan,nan,10
slow0-owned-v1-qps1000-n4,overload graduated / sec,,V2,nan,nan,nan,10
slow0-owned-v1-qps1000-n4,overload max-pending / sec,,V1,nan,nan,nan,10
slow0-owned-v1-qps1000-n4,overload max-pending / sec,,V2,nan,nan,nan,10
slow0-owned-v1-qps1000-n4,overload semaphore / sec,,V1,nan,nan,nan,10
slow0-owned-v1-qps1000-n4,overload semaphore / sec,,V2,nan,nan,nan,10
slow0-owned-v1-qps1000-n4,attest. exec p50 (s),,V1,nan,nan,nan,10
slow0-owned-v1-qps1000-n4,attest. exec p50 (s),,V2,0.0005000650499797355,7.504368101743207e-08,7.840925989843e-09,10
slow0-owned-v1-qps1000-n4,attest. exec p95 (s),,V1,nan,nan,nan,10
slow0-owned-v1-qps1000-n4,attest. exec p95 (s),,V2,0.0009501235949614974,1.425829939331076e-07,1.4897759380706656e-08,10
slow0-owned-v1-qps1000-n4,attest. exec p99 (s),,V1,nan,nan,nan,10
slow0-owned-v1-qps1000-n4,attest. exec p99 (s),,V2,0.0009901287989598762,1.48586488414512e-07,1.5525033459897322e-08,10
slow0-owned-v1-qps1000-n4,attest. wait p50 (s),,V1,nan,nan,nan,10
slow0-owned-v1-qps1000-n4,attest. wait p50 (s),,V2,0.0005001399736497601,2.0336149942048248e-07,3.123018172434896e-08,10
slow0-owned-v1-qps1000-n4,attest. wait p95 (s),,V1,nan,nan,nan,10
slow0-owned-v1-qps1000-n4,attest. wait p95 (s),,V2,0.0009502659499345443,3.863868488988978e-07,5.933734527626379e-08,10
slow0-owned-v1-qps1000-n4,attest. wait p99 (s),,V1,nan,nan,nan,10
slow0-owned-v1-qps1000-n4,attest. wait p99 (s),,V2,0.000990277147826525,4.0265576885254934e-07,6.183575981424733e-08,10
slow0-owned-v1-qps1000-n4,attest. resume p50 (s),,V1,nan,nan,nan,10
slow0-owned-v1-qps1000-n4,attest. resume p50 (s),,V2,0.0005000008742132955,6.553685023743093e-09,8.772807105327657e-10,10
slow0-owned-v1-qps1000-n4,attest. resume p95 (s),,V1,nan,nan,nan,10
slow0-owned-v1-qps1000-n4,attest. resume p95 (s),,V2,0.0009500016610052616,1.2452001545117916e-08,1.6668333499893657e-09,10
slow0-owned-v1-qps1000-n4,attest. resume p99 (s),,V1,nan,nan,nan,10
slow0-owned-v1-qps1000-n4,attest. resume p99 (s),,V2,0.0009900017309423248,1.2976296347015386e-08,1.7370158068418656e-09,10
slow0-owned-v1-qps1000-n4,num_inflight,,V1,427.5,66.25443381389655,22.08481127129885,10
slow0-owned-v1-qps1000-n4,num_inflight,,V2,350.1,76.7026075176066,25.5675358392022,10
slow0-owned-v1-qps1000-n4,CUs,,V1,nan,nan,nan,10
slow0-owned-v1-qps1000-n4,CUs,,V2,1000.0,5.359248925640619e-14,0.0,10
slow0-owned-v4-qps1000-n4,TPS,,V1,1022.2577788437732,13.330102396878877,0.6411030723915603,10
slow0-owned-v4-qps1000-n4,TPS,,V2,1022.1005186878671,15.629733709012793,0.7760042783805708,10
slow0-owned-v4-qps1000-n4,attest. full p50 (s),,V1,nan,nan,nan,10
slow0-owned-v4-qps1000-n4,attest. full p50 (s),,V2,0.0005005031656144223,3.688796564260364e-07,4.4101019548143874e-08,10
slow0-owned-v4-qps1000-n4,attest. full p95 (s),,V1,nan,nan,nan,10
slow0-owned-v4-qps1000-n4,attest. full p95 (s),,V2,0.0009509560146674021,7.008713472094674e-07,8.379193714148878e-08,10
slow0-owned-v4-qps1000-n4,attest. full p99 (s),,V1,nan,nan,nan,10
slow0-owned-v4-qps1000-n4,attest. full p99 (s),,V2,0.000990996267916556,7.303817197235509e-07,8.732001870531264e-08,10
slow0-owned-v4-qps1000-n4,attest. / sec,,V1,0.0,0.0,0.0,10
slow0-owned-v4-qps1000-n4,attest. / sec,,V2,500.2206870983688,31.198535848491748,1.5287093021247715,10
slow0-owned-v4-qps1000-n4,host CPU,,V1,12.933488962149456,4.711758397286651,0.036605341706090005,10
slow0-owned-v4-qps1000-n4,host CPU,,V2,13.264028473744357,4.722106684821021,0.05136866625972993,10
slow0-owned-v4-qps1000-n4,rec. → exec. p50 (s),,V1,0.24952788049842528,0.05196608140770313,0.015929348548156946,10
slow0-owned-v4-qps1000-n4,rec. → exec. p50 (s),,V2,0.24923237159359474,0.05752753520836484,0.013160395119622395,10
slow0-owned-v4-qps1000-n4,rec. → exec. p95 (s),,V1,0.4701219029878467,0.010069186964221669,0.0030925206119796593,10
slow0-owned-v4-qps1000-n4,rec. → exec. p95 (s),,V2,0.4683534074994461,0.012010789732863762,0.0031400402186841266,10
slow0-owned-v4-qps1000-n4,rec. → exec. p99 (s),,V1,0.49412772336794636,0.0021506301143392023,0.0006481146665140658,10
slow0-owned-v4-qps1000-n4,rec. → exec. p99 (s),,V2,0.4976002065219068,0.02752840626364165,0.003901632722918731,10
slow0-owned-v4-qps1000-n4,pc valid. lat. p50 (s),,V1,0.0029993254064553383,3.295313250394052e-05,4.420502268868474e-06,10
slow0-owned-v4-qps1000-n4,pc valid. lat. p50 (s),,V2,0.002933849231788854,6.911259858072542e-05,1.8251595983867928e-05,10
slow0-owned-v4-qps1000-n4,pc valid. lat. p95 (s),,V1,0.005298385439255501,0.0009486002255321158,0.0002685097152995584,10
slow0-owned-v4-qps1000-n4,pc valid. lat. p95 (s),,V2,0.00491659996594805,0.0003219844396654737,6.765972426789742e-05,10
slow0-owned-v4-qps1000-n4,exec. lat. p95 (s),,V1,0.0011187350124068258,0.00031647671782397035,5.4567495131001325e-05,10
slow0-owned-v4-qps1000-n4,exec. lat. p95 (s),,V2,0.0012098883904596216,0.00031258597402343454,6.382477907842351e-05,10
slow0-owned-v4-qps1000-n4,valid. drop. / sec,,V1,0.0,0.0,0.0,10
slow0-owned-v4-qps1000-n4,valid. drop. / sec,,V2,0.0,0.0,0.0,10
slow0-owned-v4-qps1000-n4,final. lat. p50 (s),,V1,nan,nan,nan,10
slow0-owned-v4-qps1000-n4,final. lat. p50 (s),,V2,nan,nan,nan,10
slow0-owned-v4-qps1000-n4,final. lat. p95 (s),,V1,nan,nan,nan,10
slow0-owned-v4-qps1000-n4,final. lat. p95 (s),,V2,nan,nan,nan,10
slow0-owned-v4-qps1000-n4,final. lat. p99 (s),,V1,nan,nan,nan,10
slow0-owned-v4-qps1000-n4,final. lat. p99 (s),,V2,nan,nan,nan,10
slow0-owned-v4-qps1000-n4,submit lat. p50 (s),,V1,nan,nan,nan,10
slow0-owned-v4-qps1000-n4,submit lat. p50 (s),,V2,nan,nan,nan,10
slow0-owned-v4-qps1000-n4,submit lat. p95 (s),,V1,nan,nan,nan,10
slow0-owned-v4-qps1000-n4,submit lat. p95 (s),,V2,nan,nan,nan,10
slow0-owned-v4-qps1000-n4,ckpt lag p50 (s),,V1,0.1720783083715509,0.0034203365570933345,0.0006764693567128192,10
slow0-owned-v4-qps1000-n4,ckpt lag p50 (s),,V2,0.17318908390702153,0.003940029358712051,0.0008020609159539773,10
slow0-owned-v4-qps1000-n4,ckpt lag p95 (s),,V1,0.24265770907410147,0.04806219116600179,0.013952003914884627,10
slow0-owned-v4-qps1000-n4,ckpt lag p95 (s),,V2,0.23895290668008662,0.039253269606657204,0.011507776717926339,10
slow0-owned-v4-qps1000-n4,ckpt lag p99 (s),,V1,0.26476085064530014,0.06430119478466127,0.01856774037191894,10
slow0-owned-v4-qps1000-n4,ckpt lag p99 (s),,V2,0.2657178475400806,0.052720822268569716,0.015223956576303847,10
slow0-owned-v4-qps1000-n4,exec. dispatch queue,,V1,165.5,94.54337628834715,31.51445876278238,10
slow0-owned-v4-qps1000-n4,exec. dispatch queue,,V2,60.8,68.02617143423551,22.675390478078505,10
slow0-owned-v4-qps1000-n4,pending txs,,V1,3.0,2.1908902300206643,0.7302967433402214,10
slow0-owned-v4-qps1000-n4,pending txs,,V2,1.2,1.2489995996796797,0.41633319989322654,10
slow0-owned-v4-qps1000-n4,exec. queue. delay p95 (s),,V1,0.00477001733102253,0.00035885384613870854,1.2177061077628944e-05,10
slow0-owned-v4-qps1000-n4,exec. queue. delay p95 (s),,V2,0.004770934256055364,0.0003486483924530367,1.1851279843454096e-05,10
slow0-owned-v4-qps1000-n4,post-cons shed drops / sec,,V1,0.0,0.0,0.0,10
slow0-owned-v4-qps1000-n4,post-cons shed drops / sec,,V2,0.0,0.0,0.0,10
slow0-owned-v4-qps1000-n4,shed % quorum,,V1,0.0,0.0,0.0,10
slow0-owned-v4-qps1000-n4,shed % quorum,,V2,0.0,0.0,0.0,10
slow0-owned-v4-qps1000-n4,shed % local,,V1,0.0,0.0,0.0,10
slow0-owned-v4-qps1000-n4,shed % local,,V2,0.0,0.0,0.0,10
slow0-owned-v4-qps1000-n4,shed % cons-queue,,V1,0.0,0.0,0.0,10
slow0-owned-v4-qps1000-n4,shed % cons-queue,,V2,0.0,0.0,0.0,10
slow0-owned-v4-qps1000-n4,pre-cons overload rej / sec,,V1,nan,nan,nan,10
slow0-owned-v4-qps1000-n4,pre-cons overload rej / sec,,V2,nan,nan,nan,10
slow0-owned-v4-qps1000-n4,node CPU,,V1,2.7385435015195836,0.32608384493442205,0.014593308896014397,10
slow0-owned-v4-qps1000-n4,node CPU,,V2,2.872922597813397,0.35491704523564294,0.014946510100770392,10
slow0-owned-v4-qps1000-n4,node memory RSS (bytes),,V1,772109032.0950764,158916146.94449756,7757774.7110124985,10
slow0-owned-v4-qps1000-n4,node memory RSS (bytes),,V2,770379817.867121,153965936.92344818,5512366.00739823,10
slow0-owned-v4-qps1000-n4,overload graduated / sec,,V1,nan,nan,nan,10
slow0-owned-v4-qps1000-n4,overload graduated / sec,,V2,nan,nan,nan,10
slow0-owned-v4-qps1000-n4,overload max-pending / sec,,V1,nan,nan,nan,10
slow0-owned-v4-qps1000-n4,overload max-pending / sec,,V2,nan,nan,nan,10
slow0-owned-v4-qps1000-n4,overload semaphore / sec,,V1,nan,nan,nan,10
slow0-owned-v4-qps1000-n4,overload semaphore / sec,,V2,nan,nan,nan,10
slow0-owned-v4-qps1000-n4,attest. exec p50 (s),,V1,nan,nan,nan,10
slow0-owned-v4-qps1000-n4,attest. exec p50 (s),,V2,0.0005000735217025096,7.205030524070214e-08,7.784412302886775e-09,10
slow0-owned-v4-qps1000-n4,attest. exec p95 (s),,V1,nan,nan,nan,10
slow0-owned-v4-qps1000-n4,attest. exec p95 (s),,V2,0.0009501396912347681,1.3689557995732404e-07,1.4790383375481265e-08,10
slow0-owned-v4-qps1000-n4,attest. exec p99 (s),,V1,nan,nan,nan,10
slow0-owned-v4-qps1000-n4,attest. exec p99 (s),,V2,0.000990145572970969,1.426596043765905e-07,1.541313635974323e-08,10
slow0-owned-v4-qps1000-n4,attest. wait p50 (s),,V1,nan,nan,nan,10
slow0-owned-v4-qps1000-n4,attest. wait p50 (s),,V2,0.0005001471563836895,2.2516986024478227e-07,2.8327345750678165e-08,10
slow0-owned-v4-qps1000-n4,attest. wait p95 (s),,V1,nan,nan,nan,10
slow0-owned-v4-qps1000-n4,attest. wait p95 (s),,V2,0.00095027959712901,4.2782273446507635e-07,5.382195692629173e-08,10
slow0-owned-v4-qps1000-n4,attest. wait p99 (s),,V1,nan,nan,nan,10
slow0-owned-v4-qps1000-n4,attest. wait p99 (s),,V2,0.000990291369639705,4.45836323284668e-07,5.6088144586362064e-08,10
slow0-owned-v4-qps1000-n4,attest. resume p50 (s),,V1,nan,nan,nan,10
slow0-owned-v4-qps1000-n4,attest. resume p50 (s),,V2,0.0005000284444360755,7.472720353412165e-08,8.786924280364241e-09,10
slow0-owned-v4-qps1000-n4,attest. resume p95 (s),,V1,nan,nan,nan,10
slow0-owned-v4-qps1000-n4,attest. resume p95 (s),,V2,0.0009500540444285436,1.4198168671482863e-07,1.669515613268223e-08,10
slow0-owned-v4-qps1000-n4,attest. resume p99 (s),,V1,nan,nan,nan,10
slow0-owned-v4-qps1000-n4,attest. resume p99 (s),,V2,0.0009900563199834293,1.4795986299756125e-07,1.7398110075144425e-08,10
slow0-owned-v4-qps1000-n4,num_inflight,,V1,172.6,29.597972903562162,9.865990967854053,10
slow0-owned-v4-qps1000-n4,num_inflight,,V2,181.5,42.63625218050949,14.212084060169827,10
slow0-owned-v4-qps1000-n4,CUs,,V1,nan,nan,nan,10
slow0-owned-v4-qps1000-n4,CUs,,V2,1000.0,6.037262639915682e-14,0.0,10
slow0-owned-f1-qps2000-n4,TPS,,V1,1859.8857237876211,391.27462600706207,34.556547942317096,10
slow0-owned-f1-qps2000-n4,TPS,,V2,1862.2895878354043,391.67969114327275,22.772837588838442,10
slow0-owned-f1-qps2000-n4,attest. full p50 (s),,V1,nan,nan,nan,10
slow0-owned-f1-qps2000-n4,attest. full p50 (s),,V2,0.0005052986326756745,0.00010077128037320028,3.9915809141595124e-06,10
slow0-owned-f1-qps2000-n4,attest. full p95 (s),,V1,nan,nan,nan,10
slow0-owned-f1-qps2000-n4,attest. full p95 (s),,V2,0.0009602011852387374,0.00016074371031352594,6.18961763536042e-06,10
slow0-owned-f1-qps2000-n4,attest. full p99 (s),,V1,nan,nan,nan,10
slow0-owned-f1-qps2000-n4,attest. full p99 (s),,V2,0.0010078964811575844,0.0002285773228085075,8.175638373528091e-06,10
slow0-owned-f1-qps2000-n4,attest. / sec,,V1,0.0,0.0,0.0,10
slow0-owned-f1-qps2000-n4,attest. / sec,,V2,943.0391937434076,165.24184888884173,10.44417411703168,10
slow0-owned-f1-qps2000-n4,host CPU,,V1,26.884475753389594,10.219621482535619,0.4691014106100883,10
slow0-owned-f1-qps2000-n4,host CPU,,V2,27.040652449972793,10.256604489344165,0.4015175828512642,10
slow0-owned-f1-qps2000-n4,rec. → exec. p50 (s),,V1,0.3070335368591684,0.051769349115274345,0.012674679209960644,10
slow0-owned-f1-qps2000-n4,rec. → exec. p50 (s),,V2,0.3046671166760817,0.05641712754198691,0.01435664358806943,10
slow0-owned-f1-qps2000-n4,rec. → exec. p95 (s),,V1,0.4802010408144223,0.0077787708870504435,0.002026297037513782,10
slow0-owned-f1-qps2000-n4,rec. → exec. p95 (s),,V2,0.4781237977148708,0.024949140984522222,0.002621370694939906,10
slow0-owned-f1-qps2000-n4,rec. → exec. p99 (s),,V1,0.5082627677871709,0.04441050911537805,0.006317787685932023,10
slow0-owned-f1-qps2000-n4,rec. → exec. p99 (s),,V2,0.5151760512305175,0.06466935449610704,0.008534907049942806,10
slow0-owned-f1-qps2000-n4,pc valid. lat. p50 (s),,V1,0.004806279143461196,0.001404674447217545,0.00026398664573607135,10
slow0-owned-f1-qps2000-n4,pc valid. lat. p50 (s),,V2,0.0033933144657505654,0.0008267150623906717,6.64330266193536e-05,10
slow0-owned-f1-qps2000-n4,pc valid. lat. p95 (s),,V1,0.011414326378523559,0.0033396090125764697,0.0007659521602287579,10
slow0-owned-f1-qps2000-n4,pc valid. lat. p95 (s),,V2,0.009697313216024425,0.0020063122521565896,0.0002670435551280444,10
slow0-owned-f1-qps2000-n4,exec. lat. p95 (s),,V1,0.0028624532655071784,0.0005127185056081759,2.9148454902188834e-05,10
slow0-owned-f1-qps2000-n4,exec. lat. p95 (s),,V2,0.0028680073415282233,0.000488943394718109,2.469850523399021e-05,10
slow0-owned-f1-qps2000-n4,valid. drop. / sec,,V1,0.0,0.0,0.0,10
slow0-owned-f1-qps2000-n4,valid. drop. / sec,,V2,0.0,0.0,0.0,10
slow0-owned-f1-qps2000-n4,final. lat. p50 (s),,V1,0.2633433655432362,0.013063858140379792,0.0018519779130422309,10
slow0-owned-f1-qps2000-n4,final. lat. p50 (s),,V2,0.261956042896528,0.00790842018861525,0.00170876348950771,10
slow0-owned-f1-qps2000-n4,final. lat. p95 (s),,V1,0.3594521792131368,0.0675295685413286,0.021481351531279714,10
slow0-owned-f1-qps2000-n4,final. lat. p95 (s),,V2,0.3756302216077564,0.06581223352983444,0.01945754792580073,10
slow0-owned-f1-qps2000-n4,final. lat. p99 (s),,V1,0.3920655105387082,0.09051366165533913,0.027973086800880332,10
slow0-owned-f1-qps2000-n4,final. lat. p99 (s),,V2,0.4204268775704048,0.09482861784547336,0.028171191659457803,10
slow0-owned-f1-qps2000-n4,submit lat. p50 (s),,V1,0.003605993454598149,0.0013738975552018925,6.302778373383501e-05,10
slow0-owned-f1-qps2000-n4,submit lat. p50 (s),,V2,0.00383542988596724,0.0013650206639650238,6.854712629504387e-05,10
slow0-owned-f1-qps2000-n4,submit lat. p95 (s),,V1,0.01109927524137035,0.0023580487367631615,0.00039697083114714006,10
slow0-owned-f1-qps2000-n4,submit lat. p95 (s),,V2,0.013823809976949316,0.0027214761316363563,0.0005136728054786558,10
slow0-owned-f1-qps2000-n4,ckpt lag p50 (s),,V1,0.2011053029454891,0.22506328793112973,0.023844627700902454,10
slow0-owned-f1-qps2000-n4,ckpt lag p50 (s),,V2,0.21603080399247088,0.3036082866717174,0.038442511816469974,10
slow0-owned-f1-qps2000-n4,ckpt lag p95 (s),,V1,0.3930263120371433,0.8814454046121601,0.12409658629270205,10
slow0-owned-f1-qps2000-n4,ckpt lag p95 (s),,V2,0.4590012711398553,0.8675445911945509,0.1820501899340778,10
slow0-owned-f1-qps2000-n4,ckpt lag p99 (s),,V1,0.4474383760786818,0.9893393645678146,0.1441525140514811,10
slow0-owned-f1-qps2000-n4,ckpt lag p99 (s),,V2,0.5385410392863078,1.0018667887442787,0.21360404893881418,10
slow0-owned-f1-qps2000-n4,exec. dispatch queue,,V1,369.8,63.72880039668094,21.242933465560313,10
slow0-owned-f1-qps2000-n4,exec. dispatch queue,,V2,374.2,212.5242574390039,70.84141914633463,10
slow0-owned-f1-qps2000-n4,pending txs,,V1,4.0,2.1447610589527217,0.7149203529842405,10
slow0-owned-f1-qps2000-n4,pending txs,,V2,3.3,1.5524174696260025,0.5174724898753341,10
slow0-owned-f1-qps2000-n4,exec. queue. delay p95 (s),,V1,0.012707056263101353,0.005124758583648317,0.0013097796718567975,10
slow0-owned-f1-qps2000-n4,exec. queue. delay p95 (s),,V2,0.012981676657039394,0.004897408759220366,0.0010307928592718258,10
slow0-owned-f1-qps2000-n4,post-cons shed drops / sec,,V1,7.184116693679093,37.27301752261063,5.766939759031541,10
slow0-owned-f1-qps2000-n4,post-cons shed drops / sec,,V2,0.0,0.0,0.0,10
slow0-owned-f1-qps2000-n4,shed % quorum,,V1,2.3,5.692978130996114,1.8976593769987042,10
slow0-owned-f1-qps2000-n4,shed % quorum,,V2,0.0,0.0,0.0,10
slow0-owned-f1-qps2000-n4,shed % local,,V1,3.4,6.858571279792899,2.2861904265976327,10
slow0-owned-f1-qps2000-n4,shed % local,,V2,5.4,6.437390775772434,2.1457969252574776,10
slow0-owned-f1-qps2000-n4,shed % cons-queue,,V1,0.0,0.0,0.0,10
slow0-owned-f1-qps2000-n4,shed % cons-queue,,V2,0.0,0.0,0.0,10
slow0-owned-f1-qps2000-n4,pre-cons overload rej / sec,,V1,nan,nan,nan,10
slow0-owned-f1-qps2000-n4,pre-cons overload rej / sec,,V2,nan,nan,nan,10
slow0-owned-f1-qps2000-n4,node CPU,,V1,4.572376294609788,1.066894428149397,0.09857944571721829,10
slow0-owned-f1-qps2000-n4,node CPU,,V2,4.84024799412242,1.1507247461438852,0.0762583041391611,10
slow0-owned-f1-qps2000-n4,node memory RSS (bytes),,V1,1031780194.4615384,316871450.08007544,9552724.267858485,10
slow0-owned-f1-qps2000-n4,node memory RSS (bytes),,V2,1037581053.5463259,328671851.4689538,12263192.330922602,10
slow0-owned-f1-qps2000-n4,overload graduated / sec,,V1,nan,nan,nan,10
slow0-owned-f1-qps2000-n4,overload graduated / sec,,V2,nan,nan,nan,10
slow0-owned-f1-qps2000-n4,overload max-pending / sec,,V1,nan,nan,nan,10
slow0-owned-f1-qps2000-n4,overload max-pending / sec,,V2,nan,nan,nan,10
slow0-owned-f1-qps2000-n4,overload semaphore / sec,,V1,nan,nan,nan,10
slow0-owned-f1-qps2000-n4,overload semaphore / sec,,V2,nan,nan,nan,10
slow0-owned-f1-qps2000-n4,attest. exec p50 (s),,V1,nan,nan,nan,10
slow0-owned-f1-qps2000-n4,attest. exec p50 (s),,V2,0.0005042917402755915,0.0001008120438028504,4.020219067122961e-06,10
slow0-owned-f1-qps2000-n4,attest. exec p95 (s),,V1,nan,nan,nan,10
slow0-owned-f1-qps2000-n4,attest. exec p95 (s),,V2,0.0009582880896785796,0.00016083754685118802,6.239492330238877e-06,10
slow0-owned-f1-qps2000-n4,attest. exec p99 (s),,V1,nan,nan,nan,10
slow0-owned-f1-qps2000-n4,attest. exec p99 (s),,V2,0.0010059028342054197,0.0002287123389421833,8.17558587670992e-06,10
slow0-owned-f1-qps2000-n4,attest. wait p50 (s),,V1,nan,nan,nan,10
slow0-owned-f1-qps2000-n4,attest. wait p50 (s),,V2,0.0005002816230993742,2.0227140970951114e-07,2.7439942259658877e-08,10
slow0-owned-f1-qps2000-n4,attest. wait p95 (s),,V1,nan,nan,nan,10
slow0-owned-f1-qps2000-n4,attest. wait p95 (s),,V2,0.0009505350838888108,3.8431567844806305e-07,5.2135890293351686e-08,10
slow0-owned-f1-qps2000-n4,attest. wait p99 (s),,V1,nan,nan,nan,10
slow0-owned-f1-qps2000-n4,attest. wait p99 (s),,V2,0.0009905576137367608,4.00497391224821e-07,5.43310856741343e-08,10
slow0-owned-f1-qps2000-n4,attest. resume p50 (s),,V1,nan,nan,nan,10
slow0-owned-f1-qps2000-n4,attest. resume p50 (s),,V2,0.0005000769936268637,9.804873282297291e-08,1.7377261855216885e-08,10
slow0-owned-f1-qps2000-n4,attest. resume p95 (s),,V1,nan,nan,nan,10
slow0-owned-f1-qps2000-n4,attest. resume p95 (s),,V2,0.0009501462878910413,1.8629259236363978e-07,3.301679752491296e-08,10
slow0-owned-f1-qps2000-n4,attest. resume p99 (s),,V1,nan,nan,nan,10
slow0-owned-f1-qps2000-n4,attest. resume p99 (s),,V2,0.0009901524473811905,1.9413649098948956e-07,3.440697847337171e-08,10
slow0-owned-f1-qps2000-n4,num_inflight,,V1,382.6,81.99902438444008,27.333008128146695,10
slow0-owned-f1-qps2000-n4,num_inflight,,V2,419.7,105.99344319343533,35.33114773114511,10
slow0-owned-f1-qps2000-n4,CUs,,V1,nan,nan,nan,10
slow0-owned-f1-qps2000-n4,CUs,,V2,1000.0,6.407603650131161e-14,0.0,10
slow0-owned-v1-qps2000-n4,TPS,,V1,2026.5954899267397,36.01489844566785,1.6027830843574309,10
slow0-owned-v1-qps2000-n4,TPS,,V2,2022.6094989249877,263.57843415633357,2.503933881744318,10
slow0-owned-v1-qps2000-n4,attest. full p50 (s),,V1,nan,nan,nan,10
slow0-owned-v1-qps2000-n4,attest. full p50 (s),,V2,0.0005011160275986746,5.094074274280232e-07,6.703990700959228e-08,10
slow0-owned-v1-qps2000-n4,attest. full p95 (s),,V1,nan,nan,nan,10
slow0-owned-v1-qps2000-n4,attest. full p95 (s),,V2,0.0009521204524374817,9.67874112113246e-07,1.2737582331822213e-07,10
slow0-owned-v1-qps2000-n4,attest. full p99 (s),,V1,nan,nan,nan,10
slow0-owned-v1-qps2000-n4,attest. full p99 (s),,V2,0.0009922097346453753,1.008626706307488e-06,1.3273901587900183e-07,10
slow0-owned-v1-qps2000-n4,attest. / sec,,V1,0.0,0.0,0.0,10
slow0-owned-v1-qps2000-n4,attest. / sec,,V2,1992.8243682645852,141.91740954492542,4.7715085926365886,10
slow0-owned-v1-qps2000-n4,host CPU,,V1,22.586420392091423,8.053240823017783,0.16470432129133752,10
slow0-owned-v1-qps2000-n4,host CPU,,V2,23.104427179574675,8.237373536461181,0.15488410139475428,10
slow0-owned-v1-qps2000-n4,rec. → exec. p50 (s),,V1,0.2796238686774587,0.05531554827351099,0.017545361272296164,10
slow0-owned-v1-qps2000-n4,rec. → exec. p50 (s),,V2,0.24740015209698807,0.0453732462873863,0.014181591445332297,10
slow0-owned-v1-qps2000-n4,rec. → exec. p95 (s),,V1,0.4802823451204825,0.01679367948377989,0.0038986466291986354,10
slow0-owned-v1-qps2000-n4,rec. → exec. p95 (s),,V2,0.4729157633885454,0.01568484278359244,0.004543959898702558,10
slow0-owned-v1-qps2000-n4,rec. → exec. p99 (s),,V1,0.6073370488136547,0.1481939152104846,0.03642322027704065,10
slow0-owned-v1-qps2000-n4,rec. → exec. p99 (s),,V2,0.5798773054047388,0.1347028327158372,0.03418718737440206,10
slow0-owned-v1-qps2000-n4,pc valid. lat. p50 (s),,V1,0.0046208265847136375,0.0005881889246151077,0.00013548788713891653,10
slow0-owned-v1-qps2000-n4,pc valid. lat. p50 (s),,V2,0.0034055088974384033,0.0002012206875782466,5.107232463291954e-05,10
slow0-owned-v1-qps2000-n4,pc valid. lat. p95 (s),,V1,0.013164171472407135,0.004042062642344466,0.0011423715712119246,10
slow0-owned-v1-qps2000-n4,pc valid. lat. p95 (s),,V2,0.010516810026997059,0.002300431852500342,0.0006417253762967946,10
slow0-owned-v1-qps2000-n4,exec. lat. p95 (s),,V1,0.0028246306249216945,0.00041686102984927467,4.647854562981018e-05,10
slow0-owned-v1-qps2000-n4,exec. lat. p95 (s),,V2,0.002825426740115908,0.0004634544700700364,4.438690778925658e-05,10
slow0-owned-v1-qps2000-n4,valid. drop. / sec,,V1,0.0,0.0,0.0,10
slow0-owned-v1-qps2000-n4,valid. drop. / sec,,V2,0.0,0.0,0.0,10
slow0-owned-v1-qps2000-n4,final. lat. p50 (s),,V1,nan,nan,nan,10
slow0-owned-v1-qps2000-n4,final. lat. p50 (s),,V2,nan,nan,nan,10
slow0-owned-v1-qps2000-n4,final. lat. p95 (s),,V1,nan,nan,nan,10
slow0-owned-v1-qps2000-n4,final. lat. p95 (s),,V2,nan,nan,nan,10
slow0-owned-v1-qps2000-n4,final. lat. p99 (s),,V1,nan,nan,nan,10
slow0-owned-v1-qps2000-n4,final. lat. p99 (s),,V2,nan,nan,nan,10
slow0-owned-v1-qps2000-n4,submit lat. p50 (s),,V1,nan,nan,nan,10
slow0-owned-v1-qps2000-n4,submit lat. p50 (s),,V2,nan,nan,nan,10
slow0-owned-v1-qps2000-n4,submit lat. p95 (s),,V1,nan,nan,nan,10
slow0-owned-v1-qps2000-n4,submit lat. p95 (s),,V2,nan,nan,nan,10
slow0-owned-v1-qps2000-n4,ckpt lag p50 (s),,V1,0.17760935948484283,0.003339569897687973,0.0005100522773567965,10
slow0-owned-v1-qps2000-n4,ckpt lag p50 (s),,V2,0.24474247285678316,0.5551447348851403,0.06802373081665165,10
slow0-owned-v1-qps2000-n4,ckpt lag p95 (s),,V1,0.2966070800557972,0.07277785333455278,0.02115011984964123,10
slow0-owned-v1-qps2000-n4,ckpt lag p95 (s),,V2,0.49977112744587965,1.6289196739109242,0.23160355956235001,10
slow0-owned-v1-qps2000-n4,ckpt lag p99 (s),,V1,0.355844848763181,0.08828485903712859,0.02538518582185835,10
slow0-owned-v1-qps2000-n4,ckpt lag p99 (s),,V2,0.5799214778907922,1.8655113632000708,0.2660194736962413,10
slow0-owned-v1-qps2000-n4,exec. dispatch queue,,V1,396.7,142.9118959359227,47.63729864530757,10
slow0-owned-v1-qps2000-n4,exec. dispatch queue,,V2,393.0,207.37695146761126,69.12565048920375,10
slow0-owned-v1-qps2000-n4,pending txs,,V1,3.2,1.4,0.4666666666666666,10
slow0-owned-v1-qps2000-n4,pending txs,,V2,3.7,1.9000000000000001,0.6333333333333332,10
slow0-owned-v1-qps2000-n4,exec. queue. delay p95 (s),,V1,0.011261316366629415,0.003338037701252559,0.0005192399075506468,10
slow0-owned-v1-qps2000-n4,exec. queue. delay p95 (s),,V2,0.010471365447768402,0.002584526573621578,0.0003446842155148242,10
slow0-owned-v1-qps2000-n4,post-cons shed drops / sec,,V1,0.0,0.0,0.0,10
slow0-owned-v1-qps2000-n4,post-cons shed drops / sec,,V2,0.0,0.0,0.0,10
slow0-owned-v1-qps2000-n4,shed % quorum,,V1,0.0,0.0,0.0,10
slow0-owned-v1-qps2000-n4,shed % quorum,,V2,0.0,0.0,0.0,10
slow0-owned-v1-qps2000-n4,shed % local,,V1,5.2,6.867313885355759,2.2891046284519194,10
slow0-owned-v1-qps2000-n4,shed % local,,V2,1.4,4.2,1.4,10
slow0-owned-v1-qps2000-n4,shed % cons-queue,,V1,0.0,0.0,0.0,10
slow0-owned-v1-qps2000-n4,shed % cons-queue,,V2,0.0,0.0,0.0,10
slow0-owned-v1-qps2000-n4,pre-cons overload rej / sec,,V1,nan,nan,nan,10
slow0-owned-v1-qps2000-n4,pre-cons overload rej / sec,,V2,nan,nan,nan,10
slow0-owned-v1-qps2000-n4,node CPU,,V1,5.724104052629456,0.9180493202565078,0.05138159190029771,10
slow0-owned-v1-qps2000-n4,node CPU,,V2,6.245531941381916,0.9695328480579452,0.04149180317449762,10
slow0-owned-v1-qps2000-n4,node memory RSS (bytes),,V1,1091850556.631579,306930108.5183995,10749273.039160732,10
slow0-owned-v1-qps2000-n4,node memory RSS (bytes),,V2,1072830270.4079602,285979849.89336777,5837839.486199456,10
slow0-owned-v1-qps2000-n4,overload graduated / sec,,V1,nan,nan,nan,10
slow0-owned-v1-qps2000-n4,overload graduated / sec,,V2,nan,nan,nan,10
slow0-owned-v1-qps2000-n4,overload max-pending / sec,,V1,nan,nan,nan,10
slow0-owned-v1-qps2000-n4,overload max-pending / sec,,V2,nan,nan,nan,10
slow0-owned-v1-qps2000-n4,overload semaphore / sec,,V1,nan,nan,nan,10
slow0-owned-v1-qps2000-n4,overload semaphore / sec,,V2,nan,nan,nan,10
slow0-owned-v1-qps2000-n4,attest. exec p50 (s),,V1,nan,nan,nan,10
slow0-owned-v1-qps2000-n4,attest. exec p50 (s),,V2,0.0005000941947475878,6.795346463005303e-08,1.2924280767212179e-08,10
slow0-owned-v1-qps2000-n4,attest. exec p95 (s),,V1,nan,nan,nan,10
slow0-owned-v1-qps2000-n4,attest. exec p95 (s),,V2,0.0009501789700204167,1.2911158279709704e-07,2.4556133457700107e-08,10
slow0-owned-v1-qps2000-n4,attest. exec p99 (s),,V1,nan,nan,nan,10
slow0-owned-v1-qps2000-n4,attest. exec p99 (s),,V2,0.0009901865056002237,1.345478599675018e-07,2.5590075919083516e-08,10
slow0-owned-v1-qps2000-n4,attest. wait p50 (s),,V1,nan,nan,nan,10
slow0-owned-v1-qps2000-n4,attest. wait p50 (s),,V2,0.0005003191988261517,2.3090347884121216e-07,2.9023582565482833e-08,10
slow0-owned-v1-qps2000-n4,attest. wait p95 (s),,V1,nan,nan,nan,10
slow0-owned-v1-qps2000-n4,attest. wait p95 (s),,V2,0.0009506064777696883,4.3871660979830116e-07,5.514480687443711e-08,10
slow0-owned-v1-qps2000-n4,attest. wait p99 (s),,V1,nan,nan,nan,10
slow0-owned-v1-qps2000-n4,attest. wait p99 (s),,V2,0.0009906320136757803,4.571888881055959e-07,5.74666934796575e-08,10
slow0-owned-v1-qps2000-n4,attest. resume p50 (s),,V1,nan,nan,nan,10
slow0-owned-v1-qps2000-n4,attest. resume p50 (s),,V2,0.0005001119057704228,1.5181256643169248e-07,1.769487524635772e-08,10
slow0-owned-v1-qps2000-n4,attest. resume p95 (s),,V1,nan,nan,nan,10
slow0-owned-v1-qps2000-n4,attest. resume p95 (s),,V2,0.0009502126209638032,2.8844387622020854e-07,3.362026296807469e-08,10
slow0-owned-v1-qps2000-n4,attest. resume p99 (s),,V1,nan,nan,nan,10
slow0-owned-v1-qps2000-n4,attest. resume p99 (s),,V2,0.000990221573425437,3.005888815347454e-07,3.503585298779385e-08,10
slow0-owned-v1-qps2000-n4,num_inflight,,V1,850.3,180.66767834895094,60.22255944965031,10
slow0-owned-v1-qps2000-n4,num_inflight,,V2,810.6,199.09856855336756,66.36618951778918,10
slow0-owned-v1-qps2000-n4,CUs,,V1,nan,nan,nan,10
slow0-owned-v1-qps2000-n4,CUs,,V2,1000.0,6.21993877704635e-14,0.0,10
slow0-owned-v4-qps2000-n4,TPS,,V1,2020.8097028525615,32.21582833336193,2.167757769718594,10
slow0-owned-v4-qps2000-n4,TPS,,V2,2014.3607380749918,358.1470807643268,6.945661734407137,10
slow0-owned-v4-qps2000-n4,attest. full p50 (s),,V1,nan,nan,nan,10
slow0-owned-v4-qps2000-n4,attest. full p50 (s),,V2,0.000501000051992977,3.8228593770281844e-07,5.2331197000829755e-08,10
slow0-owned-v4-qps2000-n4,attest. full p95 (s),,V1,nan,nan,nan,10
slow0-owned-v4-qps2000-n4,attest. full p95 (s),,V2,0.0009519000987866564,7.263432816353499e-07,9.942927430156416e-08,10
slow0-owned-v4-qps2000-n4,attest. full p99 (s),,V1,nan,nan,nan,10
slow0-owned-v4-qps2000-n4,attest. full p99 (s),,V2,0.0009919801029460943,7.569261566515749e-07,1.0361577006163914e-07,10
slow0-owned-v4-qps2000-n4,attest. / sec,,V1,0.0,0.0,0.0,10
slow0-owned-v4-qps2000-n4,attest. / sec,,V2,998.6155484019004,84.1096731522989,2.807947452176826,10
slow0-owned-v4-qps2000-n4,host CPU,,V1,22.83606333574224,8.07008109426772,0.096234751392906,10
slow0-owned-v4-qps2000-n4,host CPU,,V2,22.952654208753497,8.460027125152626,0.14906738717954618,10
slow0-owned-v4-qps2000-n4,rec. → exec. p50 (s),,V1,0.28387492855190194,0.037068478853372826,0.006882381851892979,10
slow0-owned-v4-qps2000-n4,rec. → exec. p50 (s),,V2,0.2908118564040366,0.039568478507375424,0.010500024542611846,10
slow0-owned-v4-qps2000-n4,rec. → exec. p95 (s),,V1,0.4827584782435478,0.028759815320821388,0.003570739201058678,10
slow0-owned-v4-qps2000-n4,rec. → exec. p95 (s),,V2,0.4796244394591347,0.00507611651378037,0.0012673997726840558,10
slow0-owned-v4-qps2000-n4,rec. → exec. p99 (s),,V1,0.5205547920054829,0.08343022245582211,0.01163066848510884,10
slow0-owned-v4-qps2000-n4,rec. → exec. p99 (s),,V2,0.5093441635150968,0.05085266845081997,0.007224335585729967,10
slow0-owned-v4-qps2000-n4,pc valid. lat. p50 (s),,V1,0.005108897553282971,0.0005411453108309762,0.00010799957557148169,10
slow0-owned-v4-qps2000-n4,pc valid. lat. p50 (s),,V2,0.0035791378379752027,0.0001365603629391402,1.3659201116539855e-05,10
slow0-owned-v4-qps2000-n4,pc valid. lat. p95 (s),,V1,0.0112875849003346,0.00219569377325183,0.0004500596901791807,10
slow0-owned-v4-qps2000-n4,pc valid. lat. p95 (s),,V2,0.010668773724500912,0.0020452060363996857,0.00048297359160875584,10
slow0-owned-v4-qps2000-n4,exec. lat. p95 (s),,V1,0.002765439076694214,0.00042948206959233083,4.14208352859431e-05,10
slow0-owned-v4-qps2000-n4,exec. lat. p95 (s),,V2,0.002762880232634306,0.0005676429048977196,3.716148040734456e-05,10
slow0-owned-v4-qps2000-n4,valid. drop. / sec,,V1,0.0,0.0,0.0,10
slow0-owned-v4-qps2000-n4,valid. drop. / sec,,V2,0.0,0.0,0.0,10
slow0-owned-v4-qps2000-n4,final. lat. p50 (s),,V1,nan,nan,nan,10
slow0-owned-v4-qps2000-n4,final. lat. p50 (s),,V2,nan,nan,nan,10
slow0-owned-v4-qps2000-n4,final. lat. p95 (s),,V1,nan,nan,nan,10
slow0-owned-v4-qps2000-n4,final. lat. p95 (s),,V2,nan,nan,nan,10
slow0-owned-v4-qps2000-n4,final. lat. p99 (s),,V1,nan,nan,nan,10
slow0-owned-v4-qps2000-n4,final. lat. p99 (s),,V2,nan,nan,nan,10
slow0-owned-v4-qps2000-n4,submit lat. p50 (s),,V1,nan,nan,nan,10
slow0-owned-v4-qps2000-n4,submit lat. p50 (s),,V2,nan,nan,nan,10
slow0-owned-v4-qps2000-n4,submit lat. p95 (s),,V1,nan,nan,nan,10
slow0-owned-v4-qps2000-n4,submit lat. p95 (s),,V2,nan,nan,nan,10
slow0-owned-v4-qps2000-n4,ckpt lag p50 (s),,V1,0.17952936903239844,0.0028158579312573804,0.00036089961365168977,10
slow0-owned-v4-qps2000-n4,ckpt lag p50 (s),,V2,0.29880549729448797,0.9385254349215203,0.12585759096527044,10
slow0-owned-v4-qps2000-n4,ckpt lag p95 (s),,V1,0.2765673662763647,0.054580638532133505,0.01317864971265719,10
slow0-owned-v4-qps2000-n4,ckpt lag p95 (s),,V2,0.565414094069252,1.9037204591231143,0.2905861338988903,10
slow0-owned-v4-qps2000-n4,ckpt lag p99 (s),,V1,0.3376120253111148,0.07157481659505527,0.018869681697735476,10
slow0-owned-v4-qps2000-n4,ckpt lag p99 (s),,V2,0.6369527702621474,2.004162457240035,0.3051910938283392,10
slow0-owned-v4-qps2000-n4,exec. dispatch queue,,V1,286.7,115.53964687500131,38.513215625000434,10
slow0-owned-v4-qps2000-n4,exec. dispatch queue,,V2,479.8,230.32837428332618,76.77612476110873,10
slow0-owned-v4-qps2000-n4,pending txs,,V1,2.1,1.2206555615733703,0.40688518719112343,10
slow0-owned-v4-qps2000-n4,pending txs,,V2,4.8,1.9390719429665317,0.6463573143221771,10
slow0-owned-v4-qps2000-n4,exec. queue. delay p95 (s),,V1,0.010687179233165088,0.00296155286262978,0.000436598796570677,10
slow0-owned-v4-qps2000-n4,exec. queue. delay p95 (s),,V2,0.010255874369398019,0.0021941896444261457,0.00031991257785220965,10
slow0-owned-v4-qps2000-n4,post-cons shed drops / sec,,V1,0.0,0.0,0.0,10
slow0-owned-v4-qps2000-n4,post-cons shed drops / sec,,V2,0.0,0.0,0.0,10
slow0-owned-v4-qps2000-n4,shed % quorum,,V1,0.0,0.0,0.0,10
slow0-owned-v4-qps2000-n4,shed % quorum,,V2,0.0,0.0,0.0,10
slow0-owned-v4-qps2000-n4,shed % local,,V1,2.2,6.273754856543249,2.0912516188477497,10
slow0-owned-v4-qps2000-n4,shed % local,,V2,4.4,7.889233169326408,2.6297443897754693,10
slow0-owned-v4-qps2000-n4,shed % cons-queue,,V1,0.0,0.0,0.0,10
slow0-owned-v4-qps2000-n4,shed % cons-queue,,V2,0.0,0.0,0.0,10
slow0-owned-v4-qps2000-n4,pre-cons overload rej / sec,,V1,nan,nan,nan,10
slow0-owned-v4-qps2000-n4,pre-cons overload rej / sec,,V2,nan,nan,nan,10
slow0-owned-v4-qps2000-n4,node CPU,,V1,5.134604787075019,0.7038004220785156,0.0257052089508373,10
slow0-owned-v4-qps2000-n4,node CPU,,V2,5.4225456220752495,0.6747838846555084,0.027600341414060023,10
slow0-owned-v4-qps2000-n4,node memory RSS (bytes),,V1,1058696794.8524046,285887116.1465861,8757553.23249401,10
slow0-owned-v4-qps2000-n4,node memory RSS (bytes),,V2,1067487068.4326123,285118011.1937201,13276539.460006826,10
slow0-owned-v4-qps2000-n4,overload graduated / sec,,V1,nan,nan,nan,10
slow0-owned-v4-qps2000-n4,overload graduated / sec,,V2,nan,nan,nan,10
slow0-owned-v4-qps2000-n4,overload max-pending / sec,,V1,nan,nan,nan,10
slow0-owned-v4-qps2000-n4,overload max-pending / sec,,V2,nan,nan,nan,10
slow0-owned-v4-qps2000-n4,overload semaphore / sec,,V1,nan,nan,nan,10
slow0-owned-v4-qps2000-n4,overload semaphore / sec,,V2,nan,nan,nan,10
slow0-owned-v4-qps2000-n4,attest. exec p50 (s),,V1,nan,nan,nan,10
slow0-owned-v4-qps2000-n4,attest. exec p50 (s),,V2,0.0005000986567212679,6.38750481142423e-08,4.966966278974064e-09,10
slow0-owned-v4-qps2000-n4,attest. exec p95 (s),,V1,nan,nan,nan,10
slow0-owned-v4-qps2000-n4,attest. exec p95 (s),,V2,0.000950187447770409,1.2136259141706232e-07,9.437235930058317e-09,10
slow0-owned-v4-qps2000-n4,attest. exec p99 (s),,V1,nan,nan,nan,10
slow0-owned-v4-qps2000-n4,attest. exec p99 (s),,V2,0.0009901953403081104,1.2647259526620616e-07,9.834593232371749e-09,10
slow0-owned-v4-qps2000-n4,attest. wait p50 (s),,V1,nan,nan,nan,10
slow0-owned-v4-qps2000-n4,attest. wait p50 (s),,V2,0.0005002783486613334,2.0213282033928996e-07,2.4377779160545332e-08,10
slow0-owned-v4-qps2000-n4,attest. wait p95 (s),,V1,nan,nan,nan,10
slow0-owned-v4-qps2000-n4,attest. wait p95 (s),,V2,0.0009505288624565335,3.8405235864465457e-07,4.631778040505613e-08,10
slow0-owned-v4-qps2000-n4,attest. wait p99 (s),,V1,nan,nan,nan,10
slow0-owned-v4-qps2000-n4,attest. wait p99 (s),,V2,0.0009905511303494401,4.0022298427180323e-07,4.826800273788906e-08,10
slow0-owned-v4-qps2000-n4,attest. resume p50 (s),,V1,nan,nan,nan,10
slow0-owned-v4-qps2000-n4,attest. resume p50 (s),,V2,0.0005000450883598016,6.294724772272606e-08,8.017334348067813e-09,10
slow0-owned-v4-qps2000-n4,attest. resume p95 (s),,V1,nan,nan,nan,10
slow0-owned-v4-qps2000-n4,attest. resume p95 (s),,V2,0.0009500856678836232,1.1959977067317104e-07,1.5232935261330695e-08,10
slow0-owned-v4-qps2000-n4,attest. resume p99 (s),,V1,nan,nan,nan,10
slow0-owned-v4-qps2000-n4,attest. resume p99 (s),,V2,0.000990089274952407,1.246355504910034e-07,1.5874322009188468e-08,10
slow0-owned-v4-qps2000-n4,num_inflight,,V1,470.3,94.81144445687978,31.603814818959926,10
slow0-owned-v4-qps2000-n4,num_inflight,,V2,429.2,96.79752062940456,32.26584020980152,10
slow0-owned-v4-qps2000-n4,CUs,,V1,nan,nan,nan,10
slow0-owned-v4-qps2000-n4,CUs,,V2,1000.0,5.967315919040446e-14,0.0,10
slow50-owned-f1-qps200-n4,TPS,,V1,221.81906623121225,5.0676160508961825,0.42956516803959444,10
slow50-owned-f1-qps200-n4,TPS,,V2,222.02068206994224,4.962158505666043,0.35968750366472607,10
slow50-owned-f1-qps200-n4,attest. full p50 (s),,V1,nan,nan,nan,10
slow50-owned-f1-qps200-n4,attest. full p50 (s),,V2,0.003001006109972203,3.2609912365258353e-06,4.595643226224543e-07,10
slow50-owned-f1-qps200-n4,attest. full p95 (s),,V1,nan,nan,nan,10
slow50-owned-f1-qps200-n4,attest. full p95 (s),,V2,0.004803112265289887,6.039645991021336e-06,8.576372916905859e-07,10
slow50-owned-f1-qps200-n4,attest. full p99 (s),,V1,nan,nan,nan,10
slow50-owned-f1-qps200-n4,attest. full p99 (s),,V2,0.004963299479095904,6.297442814438486e-06,8.947579905699157e-07,10
slow50-owned-f1-qps200-n4,attest. / sec,,V1,0.0,0.0,0.0,10
slow50-owned-f1-qps200-n4,attest. / sec,,V2,99.14253673789892,9.542958776060374,1.2316917232405151,10
slow50-owned-f1-qps200-n4,host CPU,,V1,8.293563442461206,3.050503420407798,0.02892266212115757,10
slow50-owned-f1-qps200-n4,host CPU,,V2,8.748489186505733,3.193599743531318,0.02716087411485201,10
slow50-owned-f1-qps200-n4,rec. → exec. p50 (s),,V1,0.2882177770743429,0.06185115784089007,0.01616084371938245,10
slow50-owned-f1-qps200-n4,rec. → exec. p50 (s),,V2,0.3035644616448911,0.053942809190443884,0.01103584501727331,10
slow50-owned-f1-qps200-n4,rec. → exec. p95 (s),,V1,0.4766371980299205,0.009280509138109485,0.0022425635708073124,10
slow50-owned-f1-qps200-n4,rec. → exec. p95 (s),,V2,0.4794331813566246,0.008061645332316852,0.0018627126224345647,10
slow50-owned-f1-qps200-n4,rec. → exec. p99 (s),,V1,0.4967820356192201,0.010677814898815861,0.0015013701059925053,10
slow50-owned-f1-qps200-n4,rec. → exec. p99 (s),,V2,0.5039030931041371,0.045840991413199576,0.0054694300086640954,10
slow50-owned-f1-qps200-n4,pc valid. lat. p50 (s),,V1,0.0005597757679978173,5.4552155048109424e-05,1.615263234953398e-05,10
slow50-owned-f1-qps200-n4,pc valid. lat. p50 (s),,V2,0.00046675630662404357,4.117006913103322e-05,1.1487911949605406e-05,10
slow50-owned-f1-qps200-n4,pc valid. lat. p95 (s),,V1,0.0033781483022074063,0.0010521498338178982,0.0003281844551942909,10
slow50-owned-f1-qps200-n4,pc valid. lat. p95 (s),,V2,0.002456966807051743,0.0008811026314982039,0.00023552188970319,10
slow50-owned-f1-qps200-n4,exec. lat. p95 (s),,V1,0.004782658996030707,7.767557423576243e-06,1.2090716152630006e-06,10
slow50-owned-f1-qps200-n4,exec. lat. p95 (s),,V2,0.004783402877799108,1.0720667945228244e-05,1.6524244371229069e-06,10
slow50-owned-f1-qps200-n4,valid. drop. / sec,,V1,0.0,0.0,0.0,10
slow50-owned-f1-qps200-n4,valid. drop. / sec,,V2,0.0,0.0,0.0,10
slow50-owned-f1-qps200-n4,final. lat. p50 (s),,V1,0.2514015675523361,0.009253455406402036,0.002711760030604748,10
slow50-owned-f1-qps200-n4,final. lat. p50 (s),,V2,0.25312556676196946,0.009061980991543157,0.00249484350846398,10
slow50-owned-f1-qps200-n4,final. lat. p95 (s),,V1,0.34639713851229953,0.03199073014715877,0.009673597625260395,10
slow50-owned-f1-qps200-n4,final. lat. p95 (s),,V2,0.3482215604191351,0.04122267121660537,0.012825299056480525,10
slow50-owned-f1-qps200-n4,final. lat. p99 (s),,V1,0.39129949463726627,0.051440232679232964,0.014872994306207362,10
slow50-owned-f1-qps200-n4,final. lat. p99 (s),,V2,0.39604776001631886,0.06033084140435546,0.01564171242350764,10
slow50-owned-f1-qps200-n4,submit lat. p50 (s),,V1,0.00486557301240943,0.001244563423350459,0.00015873017189395097,10
slow50-owned-f1-qps200-n4,submit lat. p50 (s),,V2,0.024879276985112747,0.0018413740815717591,0.00034790472774783493,10
slow50-owned-f1-qps200-n4,submit lat. p95 (s),,V1,0.0447622877533095,0.0008482976941384121,0.00018075353522202804,10
slow50-owned-f1-qps200-n4,submit lat. p95 (s),,V2,0.04746657360538724,0.00021851079732054614,4.1022324720031945e-05,10
slow50-owned-f1-qps200-n4,ckpt lag p50 (s),,V1,0.1715032312680247,0.0036023545337318546,0.0008407975031475094,10
slow50-owned-f1-qps200-n4,ckpt lag p50 (s),,V2,0.17010313676790523,0.006497711381393757,0.0012905614032442212,10
slow50-owned-f1-qps200-n4,ckpt lag p95 (s),,V1,0.24732908894722144,0.03498562015797956,0.010494011909052893,10
slow50-owned-f1-qps200-n4,ckpt lag p95 (s),,V2,0.24165728233022044,0.03834582938609192,0.01065841611706737,10
slow50-owned-f1-qps200-n4,ckpt lag p99 (s),,V1,0.2795065096825598,0.048760754795375526,0.01351048705546682,10
slow50-owned-f1-qps200-n4,ckpt lag p99 (s),,V2,0.27501615058620044,0.054644357894437647,0.013518308469383782,10
slow50-owned-f1-qps200-n4,exec. dispatch queue,,V1,10.9,22.47420743875076,7.491402479583587,10
slow50-owned-f1-qps200-n4,exec. dispatch queue,,V2,6.4,10.565983153497832,3.5219943844992776,10
slow50-owned-f1-qps200-n4,pending txs,,V1,0.8,1.2489995996796797,0.41633319989322654,10
slow50-owned-f1-qps200-n4,pending txs,,V2,1.6,1.6852299546352718,0.5617433182117572,10
slow50-owned-f1-qps200-n4,exec. queue. delay p95 (s),,V1,0.0004768198287220026,1.2990587446365418e-05,1.8055555555555445e-06,10
slow50-owned-f1-qps200-n4,exec. queue. delay p95 (s),,V2,0.0004794802879172402,3.075510499402764e-05,4.534051372247143e-06,10
slow50-owned-f1-qps200-n4,post-cons shed drops / sec,,V1,0.0,0.0,0.0,10
slow50-owned-f1-qps200-n4,post-cons shed drops / sec,,V2,0.0,0.0,0.0,10
slow50-owned-f1-qps200-n4,shed % quorum,,V1,0.0,0.0,0.0,10
slow50-owned-f1-qps200-n4,shed % quorum,,V2,0.0,0.0,0.0,10
slow50-owned-f1-qps200-n4,shed % local,,V1,0.0,0.0,0.0,10
slow50-owned-f1-qps200-n4,shed % local,,V2,0.0,0.0,0.0,10
slow50-owned-f1-qps200-n4,shed % cons-queue,,V1,0.0,0.0,0.0,10
slow50-owned-f1-qps200-n4,shed % cons-queue,,V2,0.0,0.0,0.0,10
slow50-owned-f1-qps200-n4,pre-cons overload rej / sec,,V1,nan,nan,nan,10
slow50-owned-f1-qps200-n4,pre-cons overload rej / sec,,V2,nan,nan,nan,10
slow50-owned-f1-qps200-n4,node CPU,,V1,1.4635600285364143,0.20858577066477987,0.0082937433581324,10
slow50-owned-f1-qps200-n4,node CPU,,V2,1.7503290543767709,0.22486028962421345,0.013176258024923818,10
slow50-owned-f1-qps200-n4,node memory RSS (bytes),,V1,470193432.5479452,57953171.06189871,4665235.534193433,10
slow50-owned-f1-qps200-n4,node memory RSS (bytes),,V2,465916264.1655173,53661716.8580615,2850632.8737495635,10
slow50-owned-f1-qps200-n4,overload graduated / sec,,V1,nan,nan,nan,10
slow50-owned-f1-qps200-n4,overload graduated / sec,,V2,nan,nan,nan,10
slow50-owned-f1-qps200-n4,overload max-pending / sec,,V1,nan,nan,nan,10
slow50-owned-f1-qps200-n4,overload max-pending / sec,,V2,nan,nan,nan,10
slow50-owned-f1-qps200-n4,overload semaphore / sec,,V1,nan,nan,nan,10
slow50-owned-f1-qps200-n4,overload semaphore / sec,,V2,nan,nan,nan,10
slow50-owned-f1-qps200-n4,attest. exec p50 (s),,V1,nan,nan,nan,10
slow50-owned-f1-qps200-n4,attest. exec p50 (s),,V2,0.0029981201778162495,1.6885908695735783e-06,2.1117706494608565e-07,10
slow50-owned-f1-qps200-n4,attest. exec p95 (s),,V1,nan,nan,nan,10
slow50-owned-f1-qps200-n4,attest. exec p95 (s),,V2,0.0047999546871600055,6.360666900470695e-07,9.954491274945759e-08,10
slow50-owned-f1-qps200-n4,attest. exec p99 (s),,V1,nan,nan,nan,10
slow50-owned-f1-qps200-n4,attest. exec p99 (s),,V2,0.004960117754657227,6.4777568513741e-07,1.002945343115579e-07,10
slow50-owned-f1-qps200-n4,attest. wait p50 (s),,V1,nan,nan,nan,10
slow50-owned-f1-qps200-n4,attest. wait p50 (s),,V2,0.000500721204617058,1.1609478731714516e-06,1.6130670432364328e-07,10
slow50-owned-f1-qps200-n4,attest. wait p95 (s),,V1,nan,nan,nan,10
slow50-owned-f1-qps200-n4,attest. wait p95 (s),,V2,0.0009513702887724101,2.205800959025749e-06,3.064827382149396e-07,10
slow50-owned-f1-qps200-n4,attest. wait p99 (s),,V1,nan,nan,nan,10
slow50-owned-f1-qps200-n4,attest. wait p99 (s),,V2,0.0009992186031942143,0.00010225478904082408,8.007379463393141e-06,10
slow50-owned-f1-qps200-n4,attest. resume p50 (s),,V1,nan,nan,nan,10
slow50-owned-f1-qps200-n4,attest. resume p50 (s),,V2,0.0005003147721766222,6.528512392387476e-07,9.132818151926393e-08,10
slow50-owned-f1-qps200-n4,attest. resume p95 (s),,V1,nan,nan,nan,10
slow50-owned-f1-qps200-n4,attest. resume p95 (s),,V2,0.0009505980671355822,1.2404173545536079e-06,1.7352354488658856e-07,10
slow50-owned-f1-qps200-n4,attest. resume p99 (s),,V1,nan,nan,nan,10
slow50-owned-f1-qps200-n4,attest. resume p99 (s),,V2,0.0009906232489097118,1.2926454536927081e-06,1.8082979940815267e-07,10
slow50-owned-f1-qps200-n4,num_inflight,,V1,45.2,4.955804677345546,1.6519348924485155,10
slow50-owned-f1-qps200-n4,num_inflight,,V2,43.4,5.96992462263972,1.98997487421324,10
slow50-owned-f1-qps200-n4,CUs,,V1,nan,nan,nan,10
slow50-owned-f1-qps200-n4,CUs,,V2,1000.0,6.707104670183579e-14,0.0,10
slow50-owned-v1-qps200-n4,TPS,,V1,221.43249831734812,4.61652922107975,0.24936152351308055,10
slow50-owned-v1-qps200-n4,TPS,,V2,221.83359665231342,3.639108142829198,0.223815876275146,10
slow50-owned-v1-qps200-n4,attest. full p50 (s),,V1,nan,nan,nan,10
slow50-owned-v1-qps200-n4,attest. full p50 (s),,V2,0.003001039509032855,4.099584196439893e-06,5.232288599761438e-07,10
slow50-owned-v1-qps200-n4,attest. full p95 (s),,V1,nan,nan,nan,10
slow50-owned-v1-qps200-n4,attest. full p95 (s),,V2,0.00480335721220935,6.837693237866607e-06,9.321795257425818e-07,10
slow50-owned-v1-qps200-n4,attest. full p99 (s),,V1,nan,nan,nan,10
slow50-owned-v1-qps200-n4,attest. full p99 (s),,V2,0.004971821291216021,0.0001161411317810129,9.010056276194486e-06,10
slow50-owned-v1-qps200-n4,attest. / sec,,V1,0.0,0.0,0.0,10
slow50-owned-v1-qps200-n4,attest. / sec,,V2,199.62789598108748,8.417077675626684,0.3491259469156323,10
slow50-owned-v1-qps200-n4,host CPU,,V1,7.739438994297044,2.8498223234111126,0.04155099478413718,10
slow50-owned-v1-qps200-n4,host CPU,,V2,8.161977517358498,3.0476465445980225,0.034966372124041016,10
slow50-owned-v1-qps200-n4,rec. → exec. p50 (s),,V1,0.23040651819985436,0.03579672185208669,0.011505383016289847,10
slow50-owned-v1-qps200-n4,rec. → exec. p50 (s),,V2,0.2312123176390546,0.02194019661176428,0.006024035068561455,10
slow50-owned-v1-qps200-n4,rec. → exec. p95 (s),,V1,0.46605145441571283,0.009443420556874374,0.002845347217911179,10
slow50-owned-v1-qps200-n4,rec. → exec. p95 (s),,V2,0.4687903082523687,0.006566010066816001,0.0018605323180224678,10
slow50-owned-v1-qps200-n4,rec. → exec. p99 (s),,V1,0.4947423522291122,0.011861365742656636,0.001737306753418841,10
slow50-owned-v1-qps200-n4,rec. → exec. p99 (s),,V2,0.49811437021253147,0.032538780317137535,0.0044083378320883436,10
slow50-owned-v1-qps200-n4,pc valid. lat. p50 (s),,V1,0.0004889029677195407,3.312567727508504e-05,8.600760008829337e-06,10
slow50-owned-v1-qps200-n4,pc valid. lat. p50 (s),,V2,0.0004227028741716838,1.2215545718030165e-05,3.0273282743510592e-06,10
slow50-owned-v1-qps200-n4,pc valid. lat. p95 (s),,V1,0.004126548484640086,6.281851955329497e-05,6.319541227388326e-06,10
slow50-owned-v1-qps200-n4,pc valid. lat. p95 (s),,V2,0.003450846234499324,0.00026495042013995366,3.3278864835247696e-05,10
slow50-owned-v1-qps200-n4,exec. lat. p95 (s),,V1,0.004783751390981518,5.868507527869041e-06,8.971738014752779e-07,10
slow50-owned-v1-qps200-n4,exec. lat. p95 (s),,V2,0.004784806516267467,7.468407508066281e-06,8.644134840800314e-07,10
slow50-owned-v1-qps200-n4,valid. drop. / sec,,V1,0.0,0.0,0.0,10
slow50-owned-v1-qps200-n4,valid. drop. / sec,,V2,0.0,0.0,0.0,10
slow50-owned-v1-qps200-n4,final. lat. p50 (s),,V1,nan,nan,nan,10
slow50-owned-v1-qps200-n4,final. lat. p50 (s),,V2,nan,nan,nan,10
slow50-owned-v1-qps200-n4,final. lat. p95 (s),,V1,nan,nan,nan,10
slow50-owned-v1-qps200-n4,final. lat. p95 (s),,V2,nan,nan,nan,10
slow50-owned-v1-qps200-n4,final. lat. p99 (s),,V1,nan,nan,nan,10
slow50-owned-v1-qps200-n4,final. lat. p99 (s),,V2,nan,nan,nan,10
slow50-owned-v1-qps200-n4,submit lat. p50 (s),,V1,nan,nan,nan,10
slow50-owned-v1-qps200-n4,submit lat. p50 (s),,V2,nan,nan,nan,10
slow50-owned-v1-qps200-n4,submit lat. p95 (s),,V1,nan,nan,nan,10
slow50-owned-v1-qps200-n4,submit lat. p95 (s),,V2,nan,nan,nan,10
slow50-owned-v1-qps200-n4,ckpt lag p50 (s),,V1,0.1705509271544008,0.004109269892270547,0.000766751911723889,10
slow50-owned-v1-qps200-n4,ckpt lag p50 (s),,V2,0.17056970989377088,0.0036732670828144715,0.000540707999201199,10
slow50-owned-v1-qps200-n4,ckpt lag p95 (s),,V1,0.2604377334154531,0.03830987328130388,0.009796476917595671,10
slow50-owned-v1-qps200-n4,ckpt lag p95 (s),,V2,0.25530430643147634,0.032721709513258,0.008107195070088476,10
slow50-owned-v1-qps200-n4,ckpt lag p99 (s),,V1,0.3048175454569977,0.05475519151759222,0.015301886768955003,10
slow50-owned-v1-qps200-n4,ckpt lag p99 (s),,V2,0.2906035150622529,0.04681343920971221,0.012375084063301055,10
slow50-owned-v1-qps200-n4,exec. dispatch queue,,V1,19.1,25.874504826179766,8.624834942059922,10
slow50-owned-v1-qps200-n4,exec. dispatch queue,,V2,10.6,11.146299834474219,3.7154332781580726,10
slow50-owned-v1-qps200-n4,pending txs,,V1,2.8,3.0594117081556713,1.019803902718557,10
slow50-owned-v1-qps200-n4,pending txs,,V2,2.5,2.539685019840059,0.8465616732800195,10
slow50-owned-v1-qps200-n4,exec. queue. delay p95 (s),,V1,0.0004751683349238771,1.1864476624895004e-06,1.7035494296363825e-07,10
slow50-owned-v1-qps200-n4,exec. queue. delay p95 (s),,V2,0.000475,3.667746799942287e-20,1.3996989859860865e-20,10
slow50-owned-v1-qps200-n4,post-cons shed drops / sec,,V1,0.0,0.0,0.0,10
slow50-owned-v1-qps200-n4,post-cons shed drops / sec,,V2,0.0,0.0,0.0,10
slow50-owned-v1-qps200-n4,shed % quorum,,V1,0.0,0.0,0.0,10
slow50-owned-v1-qps200-n4,shed % quorum,,V2,0.0,0.0,0.0,10
slow50-owned-v1-qps200-n4,shed % local,,V1,0.0,0.0,0.0,10
slow50-owned-v1-qps200-n4,shed % local,,V2,0.0,0.0,0.0,10
slow50-owned-v1-qps200-n4,shed % cons-queue,,V1,0.0,0.0,0.0,10
slow50-owned-v1-qps200-n4,shed % cons-queue,,V2,0.0,0.0,0.0,10
slow50-owned-v1-qps200-n4,pre-cons overload rej / sec,,V1,nan,nan,nan,10
slow50-owned-v1-qps200-n4,pre-cons overload rej / sec,,V2,nan,nan,nan,10
slow50-owned-v1-qps200-n4,node CPU,,V1,1.520790844236025,0.1791992863279124,0.010021874383528044,10
slow50-owned-v1-qps200-n4,node CPU,,V2,1.9980982659474205,0.3113938535459736,0.011800068631191022,10
slow50-owned-v1-qps200-n4,node memory RSS (bytes),,V1,492430696.26343155,55886357.71110735,3142364.7251886507,10
slow50-owned-v1-qps200-n4,node memory RSS (bytes),,V2,489419312.80415946,55819003.87787298,3158478.6860769955,10
slow50-owned-v1-qps200-n4,overload graduated / sec,,V1,nan,nan,nan,10
slow50-owned-v1-qps200-n4,overload graduated / sec,,V2,nan,nan,nan,10
slow50-owned-v1-qps200-n4,overload max-pending / sec,,V1,nan,nan,nan,10
slow50-owned-v1-qps200-n4,overload max-pending / sec,,V2,nan,nan,nan,10
slow50-owned-v1-qps200-n4,overload semaphore / sec,,V1,nan,nan,nan,10
slow50-owned-v1-qps200-n4,overload semaphore / sec,,V2,nan,nan,nan,10
slow50-owned-v1-qps200-n4,attest. exec p50 (s),,V1,nan,nan,nan,10
slow50-owned-v1-qps200-n4,attest. exec p50 (s),,V2,0.0029979382305835426,2.7112727898181843e-06,2.159083004351002e-07,10
slow50-owned-v1-qps200-n4,attest. exec p95 (s),,V1,nan,nan,nan,10
slow50-owned-v1-qps200-n4,attest. exec p95 (s),,V2,0.00479999370740767,1.1387442122563946e-06,1.0636807441247132e-07,10
slow50-owned-v1-qps200-n4,attest. exec p99 (s),,V1,nan,nan,nan,10
slow50-owned-v1-qps200-n4,attest. exec p99 (s),,V2,0.0049601764164587045,1.1341078803044146e-06,1.0507816735967084e-07,10
slow50-owned-v1-qps200-n4,attest. wait p50 (s),,V1,nan,nan,nan,10
slow50-owned-v1-qps200-n4,attest. wait p50 (s),,V2,0.0005010576881525558,1.4820856019523894e-06,2.41042215744917e-07,10
slow50-owned-v1-qps200-n4,attest. wait p95 (s),,V1,nan,nan,nan,10
slow50-owned-v1-qps200-n4,attest. wait p95 (s),,V2,0.000952009607489856,2.815962643709559e-06,4.579802099153444e-07,10
slow50-owned-v1-qps200-n4,attest. wait p99 (s),,V1,nan,nan,nan,10
slow50-owned-v1-qps200-n4,attest. wait p99 (s),,V2,0.001010018000308579,0.00016084971200017745,1.6726015434283075e-05,10
slow50-owned-v1-qps200-n4,attest. resume p50 (s),,V1,nan,nan,nan,10
slow50-owned-v1-qps200-n4,attest. resume p50 (s),,V2,0.0005002035438749391,4.812772279494196e-07,4.94865771508459e-08,10
slow50-owned-v1-qps200-n4,attest. resume p95 (s),,V1,nan,nan,nan,10
slow50-owned-v1-qps200-n4,attest. resume p95 (s),,V2,0.0009503867333623842,9.144267331039183e-07,9.40244965865957e-08,10
slow50-owned-v1-qps200-n4,attest. resume p99 (s),,V1,nan,nan,nan,10
slow50-owned-v1-qps200-n4,attest. resume p99 (s),,V2,0.000990403016872379,9.529289113398544e-07,9.798342275869486e-08,10
slow50-owned-v1-qps200-n4,num_inflight,,V1,75.1,17.420964382031208,5.806988127343735,10
slow50-owned-v1-qps200-n4,num_inflight,,V2,72.9,14.208800090085019,4.736266696695005,10
slow50-owned-v1-qps200-n4,CUs,,V1,nan,nan,nan,10
slow50-owned-v1-qps200-n4,CUs,,V2,1000.0,6.440356706065041e-14,0.0,10
slow50-owned-v4-qps200-n4,TPS,,V1,221.81738263206518,3.431890383786184,0.2733619721426241,10
slow50-owned-v4-qps200-n4,TPS,,V2,221.86210666164533,3.4119296141967026,0.2142765957321817,10
slow50-owned-v4-qps200-n4,attest. full p50 (s),,V1,nan,nan,nan,10
slow50-owned-v4-qps200-n4,attest. full p50 (s),,V2,0.003001718926237465,3.7565554343546587e-06,3.7549439838805285e-07,10
slow50-owned-v4-qps200-n4,attest. full p95 (s),,V1,nan,nan,nan,10
slow50-owned-v4-qps200-n4,attest. full p95 (s),,V2,0.004804436472753698,6.720972543398346e-06,7.402743315479811e-07,10
slow50-owned-v4-qps200-n4,attest. full p99 (s),,V1,nan,nan,nan,10
slow50-owned-v4-qps200-n4,attest. full p99 (s),,V2,0.004965761986664402,2.8359427274050983e-05,1.5993495490288022e-06,10
slow50-owned-v4-qps200-n4,attest. / sec,,V1,0.0,0.0,0.0,10
slow50-owned-v4-qps200-n4,attest. / sec,,V2,101.22025692526572,4.90978582285124,0.4252200241768001,10
slow50-owned-v4-qps200-n4,host CPU,,V1,7.662031770838394,2.8816730245645124,0.02711357389449873,10
slow50-owned-v4-qps200-n4,host CPU,,V2,8.215668743791495,2.9575492602302957,0.04068628787595393,10
slow50-owned-v4-qps200-n4,rec. → exec. p50 (s),,V1,0.24778197196799776,0.04518288731285146,0.01227762963575792,10
slow50-owned-v4-qps200-n4,rec. → exec. p50 (s),,V2,0.2730464476213507,0.055121513263570676,0.01628302795009047,10
slow50-owned-v4-qps200-n4,rec. → exec. p95 (s),,V1,0.4692610192527377,0.011082008939007125,0.0031608641314948907,10
slow50-owned-v4-qps200-n4,rec. → exec. p95 (s),,V2,0.4833538306926153,0.059133505015498335,0.007885421249420769,10
slow50-owned-v4-qps200-n4,rec. → exec. p99 (s),,V1,0.49784656890212986,0.026578563786281192,0.0033140305205821723,10
slow50-owned-v4-qps200-n4,rec. → exec. p99 (s),,V2,0.5099502543288921,0.07536572854481456,0.009441838852665488,10
slow50-owned-v4-qps200-n4,pc valid. lat. p50 (s),,V1,0.0005372528953507947,3.61467560180846e-05,8.028460472399941e-06,10
slow50-owned-v4-qps200-n4,pc valid. lat. p50 (s),,V2,0.00046341871320035966,4.284885830623459e-05,1.2209524873369473e-05,10
slow50-owned-v4-qps200-n4,pc valid. lat. p95 (s),,V1,0.0038796667510425727,0.0003816190257630693,9.565438408509915e-05,10
slow50-owned-v4-qps200-n4,pc valid. lat. p95 (s),,V2,0.002430673592204868,0.0009613809869867318,0.0002662420529852854,10
slow50-owned-v4-qps200-n4,exec. lat. p95 (s),,V1,0.004782353657287562,7.226913455731644e-06,9.909422522417856e-07,10
slow50-owned-v4-qps200-n4,exec. lat. p95 (s),,V2,0.004783531272954752,7.694602944721216e-06,1.3280783692737856e-06,10
slow50-owned-v4-qps200-n4,valid. drop. / sec,,V1,0.0,0.0,0.0,10
slow50-owned-v4-qps200-n4,valid. drop. / sec,,V2,0.0,0.0,0.0,10
slow50-owned-v4-qps200-n4,final. lat. p50 (s),,V1,nan,nan,nan,10
slow50-owned-v4-qps200-n4,final. lat. p50 (s),,V2,nan,nan,nan,10
slow50-owned-v4-qps200-n4,final. lat. p95 (s),,V1,nan,nan,nan,10
slow50-owned-v4-qps200-n4,final. lat. p95 (s),,V2,nan,nan,nan,10
slow50-owned-v4-qps200-n4,final. lat. p99 (s),,V1,nan,nan,nan,10
slow50-owned-v4-qps200-n4,final. lat. p99 (s),,V2,nan,nan,nan,10
slow50-owned-v4-qps200-n4,submit lat. p50 (s),,V1,nan,nan,nan,10
slow50-owned-v4-qps200-n4,submit lat. p50 (s),,V2,nan,nan,nan,10
slow50-owned-v4-qps200-n4,submit lat. p95 (s),,V1,nan,nan,nan,10
slow50-owned-v4-qps200-n4,submit lat. p95 (s),,V2,nan,nan,nan,10
slow50-owned-v4-qps200-n4,ckpt lag p50 (s),,V1,0.17078543375418612,0.004561273331728227,0.0009227860803129993,10
slow50-owned-v4-qps200-n4,ckpt lag p50 (s),,V2,0.17016436454353434,0.00540168356381467,0.0009236925995763367,10
slow50-owned-v4-qps200-n4,ckpt lag p95 (s),,V1,0.24981994551542974,0.0376133740126744,0.011329438981448255,10
slow50-owned-v4-qps200-n4,ckpt lag p95 (s),,V2,0.2507677380480103,0.04196319222782997,0.012422346273565617,10
slow50-owned-v4-qps200-n4,ckpt lag p99 (s),,V1,0.28141994863501474,0.05685177105814072,0.016903642267133825,10
slow50-owned-v4-qps200-n4,ckpt lag p99 (s),,V2,0.2854103935669929,0.06222835229711257,0.017560700408412587,10
slow50-owned-v4-qps200-n4,exec. dispatch queue,,V1,0.0,0.0,0.0,10
slow50-owned-v4-qps200-n4,exec. dispatch queue,,V2,4.9,9.38562730988185,3.128542436627283,10
slow50-owned-v4-qps200-n4,pending txs,,V1,0.6,1.2,0.39999999999999997,10
slow50-owned-v4-qps200-n4,pending txs,,V2,1.0,1.5491933384829668,0.5163977794943222,10
slow50-owned-v4-qps200-n4,exec. queue. delay p95 (s),,V1,0.000490723827328511,8.155879971022905e-05,1.6301437312007307e-05,10
slow50-owned-v4-qps200-n4,exec. queue. delay p95 (s),,V2,0.00047499999999999994,8.521196464122306e-20,1.7142741545784673e-20,10
slow50-owned-v4-qps200-n4,post-cons shed drops / sec,,V1,0.0,0.0,0.0,10
slow50-owned-v4-qps200-n4,post-cons shed drops / sec,,V2,0.0,0.0,0.0,10
slow50-owned-v4-qps200-n4,shed % quorum,,V1,0.0,0.0,0.0,10
slow50-owned-v4-qps200-n4,shed % quorum,,V2,0.0,0.0,0.0,10
slow50-owned-v4-qps200-n4,shed % local,,V1,0.0,0.0,0.0,10
slow50-owned-v4-qps200-n4,shed % local,,V2,0.0,0.0,0.0,10
slow50-owned-v4-qps200-n4,shed % cons-queue,,V1,0.0,0.0,0.0,10
slow50-owned-v4-qps200-n4,shed % cons-queue,,V2,0.0,0.0,0.0,10
slow50-owned-v4-qps200-n4,pre-cons overload rej / sec,,V1,nan,nan,nan,10
slow50-owned-v4-qps200-n4,pre-cons overload rej / sec,,V2,nan,nan,nan,10
slow50-owned-v4-qps200-n4,node CPU,,V1,1.4929109754506555,0.1649864565693062,0.00856669340544738,10
slow50-owned-v4-qps200-n4,node CPU,,V2,1.7362024639561704,0.22171937520412216,0.00743610528460449,10
slow50-owned-v4-qps200-n4,node memory RSS (bytes),,V1,473808427.48006934,55184625.92381914,3974338.6172931986,10
slow50-owned-v4-qps200-n4,node memory RSS (bytes),,V2,469623144.1655173,53951382.8480981,3658508.590022617,10
slow50-owned-v4-qps200-n4,overload graduated / sec,,V1,nan,nan,nan,10
slow50-owned-v4-qps200-n4,overload graduated / sec,,V2,nan,nan,nan,10
slow50-owned-v4-qps200-n4,overload max-pending / sec,,V1,nan,nan,nan,10
slow50-owned-v4-qps200-n4,overload max-pending / sec,,V2,nan,nan,nan,10
slow50-owned-v4-qps200-n4,overload semaphore / sec,,V1,nan,nan,nan,10
slow50-owned-v4-qps200-n4,overload semaphore / sec,,V2,nan,nan,nan,10
slow50-owned-v4-qps200-n4,attest. exec p50 (s),,V1,nan,nan,nan,10
slow50-owned-v4-qps200-n4,attest. exec p50 (s),,V2,0.002997897628276065,2.05875231421005e-06,2.954062981863921e-07,10
slow50-owned-v4-qps200-n4,attest. exec p95 (s),,V1,nan,nan,nan,10
slow50-owned-v4-qps200-n4,attest. exec p95 (s),,V2,0.004799811957023295,3.0924863000197523e-07,4.2903598257233334e-08,10
slow50-owned-v4-qps200-n4,attest. exec p99 (s),,V1,nan,nan,nan,10
slow50-owned-v4-qps200-n4,attest. exec p99 (s),,V2,0.004959982119578605,2.2694022777847987e-07,2.713338237232545e-08,10
slow50-owned-v4-qps200-n4,attest. wait p50 (s),,V1,nan,nan,nan,10
slow50-owned-v4-qps200-n4,attest. wait p50 (s),,V2,0.0005010557142444254,1.3389205613762831e-06,1.4116192864410384e-07,10
slow50-owned-v4-qps200-n4,attest. wait p95 (s),,V1,nan,nan,nan,10
slow50-owned-v4-qps200-n4,attest. wait p95 (s),,V2,0.000952005857064408,2.543949066614928e-06,2.682076644238027e-07,10
slow50-owned-v4-qps200-n4,attest. wait p99 (s),,V1,nan,nan,nan,10
slow50-owned-v4-qps200-n4,attest. wait p99 (s),,V2,0.0009988404625873072,8.204082139792629e-05,4.304950471506732e-06,10
slow50-owned-v4-qps200-n4,attest. resume p50 (s),,V1,nan,nan,nan,10
slow50-owned-v4-qps200-n4,attest. resume p50 (s),,V2,0.0005003013843295007,4.77562491750444e-07,7.39852993165463e-08,10
slow50-owned-v4-qps200-n4,attest. resume p95 (s),,V1,nan,nan,nan,10
slow50-owned-v4-qps200-n4,attest. resume p95 (s),,V2,0.0009505726302260514,9.073687343258419e-07,1.4057206870143797e-07,10
slow50-owned-v4-qps200-n4,attest. resume p99 (s),,V1,nan,nan,nan,10
slow50-owned-v4-qps200-n4,attest. resume p99 (s),,V2,0.0009905967409724115,9.455737336658713e-07,1.4649089264675827e-07,10
slow50-owned-v4-qps200-n4,num_inflight,,V1,43.3,6.827151675479314,2.2757172251597715,10
slow50-owned-v4-qps200-n4,num_inflight,,V2,45.4,6.232174580353154,2.0773915267843845,10
slow50-owned-v4-qps200-n4,CUs,,V1,nan,nan,nan,10
slow50-owned-v4-qps200-n4,CUs,,V2,1000.0,6.195800217431203e-14,0.0,10
slow50-owned-f1-qps1000-n4,TPS,,V1,1010.0795261027358,68.80111282934966,11.365314570430538,10
slow50-owned-f1-qps1000-n4,TPS,,V2,1003.2516096976696,113.96927405353338,18.672528623572827,10
slow50-owned-f1-qps1000-n4,attest. full p50 (s),,V1,nan,nan,nan,10
slow50-owned-f1-qps1000-n4,attest. full p50 (s),,V2,0.0029940677158214663,1.3631917802424232e-05,2.9662954517770265e-06,10
slow50-owned-f1-qps1000-n4,attest. full p95 (s),,V1,nan,nan,nan,10
slow50-owned-f1-qps1000-n4,attest. full p95 (s),,V2,0.004833537569150215,1.1067418520560416e-05,1.2997202022827329e-06,10
slow50-owned-f1-qps1000-n4,attest. full p99 (s),,V1,nan,nan,nan,10
slow50-owned-f1-qps1000-n4,attest. full p99 (s),,V2,0.005209054271663942,0.00040449221835605427,4.366124931635619e-05,10
slow50-owned-f1-qps1000-n4,attest. / sec,,V1,0.0,0.0,0.0,10
slow50-owned-f1-qps1000-n4,attest. / sec,,V2,491.04649824812867,61.76165080454269,11.019600474925916,10
slow50-owned-f1-qps1000-n4,host CPU,,V1,26.81773957593477,9.811117262652726,0.30484391542301614,10
slow50-owned-f1-qps1000-n4,host CPU,,V2,28.69983519900409,10.754501869160299,0.5948940402283501,10
slow50-owned-f1-qps1000-n4,rec. → exec. p50 (s),,V1,0.29865797513255427,0.050978090627736845,0.014031275781890559,10
slow50-owned-f1-qps1000-n4,rec. → exec. p50 (s),,V2,0.29391898935834,0.052316190191005606,0.01227962730101262,10
slow50-owned-f1-qps1000-n4,rec. → exec. p95 (s),,V1,0.47974693068736646,0.005497628426417258,0.0014514258353693801,10
slow50-owned-f1-qps1000-n4,rec. → exec. p95 (s),,V2,0.47918593844707147,0.006320418410216252,0.0015037550226233726,10
slow50-owned-f1-qps1000-n4,rec. → exec. p99 (s),,V1,0.49688695975332337,0.007460796524206706,0.0007478577608781988,10
slow50-owned-f1-qps1000-n4,rec. → exec. p99 (s),,V2,0.5028070089050505,0.03540125007205132,0.004314502481120667,10
slow50-owned-f1-qps1000-n4,pc valid. lat. p50 (s),,V1,0.0028904670005010496,0.0002754308807950704,4.603222105193066e-05,10
slow50-owned-f1-qps1000-n4,pc valid. lat. p50 (s),,V2,0.0027758447658556514,0.0003933720650543746,8.83192825281711e-05,10
slow50-owned-f1-qps1000-n4,pc valid. lat. p95 (s),,V1,0.005162257391716637,0.0007254431569739926,0.00018614729231273796,10
slow50-owned-f1-qps1000-n4,pc valid. lat. p95 (s),,V2,0.004880473729010647,0.0003818799648756438,4.589375772435065e-05,10
slow50-owned-f1-qps1000-n4,exec. lat. p95 (s),,V1,0.005450436124539316,0.0006313288775424475,0.00015697352036677002,10
slow50-owned-f1-qps1000-n4,exec. lat. p95 (s),,V2,0.005871559857872151,0.0007618012785262398,0.0002039815577271844,10
slow50-owned-f1-qps1000-n4,valid. drop. / sec,,V1,0.0,0.0,0.0,10
slow50-owned-f1-qps1000-n4,valid. drop. / sec,,V2,0.0,0.0,0.0,10
slow50-owned-f1-qps1000-n4,final. lat. p50 (s),,V1,0.25894105656127747,0.007433812169210041,0.0022663292611464496,10
slow50-owned-f1-qps1000-n4,final. lat. p50 (s),,V2,0.25832302003643515,0.00879752940218219,0.0022314428333773157,10
slow50-owned-f1-qps1000-n4,final. lat. p95 (s),,V1,0.3585359819053269,0.04332063559015096,0.01291444111289921,10
slow50-owned-f1-qps1000-n4,final. lat. p95 (s),,V2,0.3511916868009684,0.05377692937178406,0.01661602068011217,10
slow50-owned-f1-qps1000-n4,final. lat. p99 (s),,V1,0.4035543261558834,0.06686601049399606,0.02029335380141757,10
slow50-owned-f1-qps1000-n4,final. lat. p99 (s),,V2,0.3846896325454956,0.07908243404515833,0.024248784660185645,10
slow50-owned-f1-qps1000-n4,submit lat. p50 (s),,V1,0.0037127167012482895,7.105475629068003e-05,1.6541172963474573e-05,10
slow50-owned-f1-qps1000-n4,submit lat. p50 (s),,V2,0.010239635522853124,0.0004941579339514957,7.082465856380952e-05,10
slow50-owned-f1-qps1000-n4,submit lat. p95 (s),,V1,0.0194410888618512,0.0006087621676113531,0.00010236777686859877,10
slow50-owned-f1-qps1000-n4,submit lat. p95 (s),,V2,0.024010199768630922,0.0006267925228022091,2.7513228626805797e-05,10
slow50-owned-f1-qps1000-n4,ckpt lag p50 (s),,V1,0.19132210137338224,0.16602520944232516,0.016907265011141755,10
slow50-owned-f1-qps1000-n4,ckpt lag p50 (s),,V2,0.25963182761847375,0.6867908632848353,0.0873762214872672,10
slow50-owned-f1-qps1000-n4,ckpt lag p95 (s),,V1,0.4008306962501199,0.8337033559363807,0.13472356163181978,10
slow50-owned-f1-qps1000-n4,ckpt lag p95 (s),,V2,0.5195727103007083,1.7143761554830421,0.26715847969858714,10
slow50-owned-f1-qps1000-n4,ckpt lag p99 (s),,V1,0.4665782760794797,0.9209280590726652,0.15567305022897127,10
slow50-owned-f1-qps1000-n4,ckpt lag p99 (s),,V2,0.5898479114174359,1.9372289050982774,0.30380614274372164,10
slow50-owned-f1-qps1000-n4,exec. dispatch queue,,V1,216.2,114.86235240495469,38.28745080165156,10
slow50-owned-f1-qps1000-n4,exec. dispatch queue,,V2,160.1,83.18106755746767,27.727022519155888,10
slow50-owned-f1-qps1000-n4,pending txs,,V1,4.3,1.8466185312619385,0.6155395104206463,10
slow50-owned-f1-qps1000-n4,pending txs,,V2,3.0,1.5491933384829668,0.5163977794943222,10
slow50-owned-f1-qps1000-n4,exec. queue. delay p95 (s),,V1,0.009659092989768976,0.0021440605723123504,0.00026976601124435886,10
slow50-owned-f1-qps1000-n4,exec. queue. delay p95 (s),,V2,0.010414251220127829,0.0030880022115658255,0.00048201568972483044,10
slow50-owned-f1-qps1000-n4,post-cons shed drops / sec,,V1,0.0,0.0,0.0,10
slow50-owned-f1-qps1000-n4,post-cons shed drops / sec,,V2,0.0,0.0,0.0,10
slow50-owned-f1-qps1000-n4,shed % quorum,,V1,0.0,0.0,0.0,10
slow50-owned-f1-qps1000-n4,shed % quorum,,V2,0.0,0.0,0.0,10
slow50-owned-f1-qps1000-n4,shed % local,,V1,0.0,0.0,0.0,10
slow50-owned-f1-qps1000-n4,shed % local,,V2,0.0,0.0,0.0,10
slow50-owned-f1-qps1000-n4,shed % cons-queue,,V1,0.0,0.0,0.0,10
slow50-owned-f1-qps1000-n4,shed % cons-queue,,V2,0.0,0.0,0.0,10
slow50-owned-f1-qps1000-n4,pre-cons overload rej / sec,,V1,nan,nan,nan,10
slow50-owned-f1-qps1000-n4,pre-cons overload rej / sec,,V2,nan,nan,nan,10
slow50-owned-f1-qps1000-n4,node CPU,,V1,5.341897210289162,0.6191495841056548,0.07768224051426167,10
slow50-owned-f1-qps1000-n4,node CPU,,V2,6.44185534684101,1.157580021565712,0.17447274991839717,10
slow50-owned-f1-qps1000-n4,node memory RSS (bytes),,V1,755359250.8361204,170704817.4591443,6112972.544609757,10
slow50-owned-f1-qps1000-n4,node memory RSS (bytes),,V2,749425570.6003317,176269076.68176594,10940555.58311096,10
slow50-owned-f1-qps1000-n4,overload graduated / sec,,V1,nan,nan,nan,10
slow50-owned-f1-qps1000-n4,overload graduated / sec,,V2,nan,nan,nan,10
slow50-owned-f1-qps1000-n4,overload max-pending / sec,,V1,nan,nan,nan,10
slow50-owned-f1-qps1000-n4,overload max-pending / sec,,V2,nan,nan,nan,10
slow50-owned-f1-qps1000-n4,overload semaphore / sec,,V1,nan,nan,nan,10
slow50-owned-f1-qps1000-n4,overload semaphore / sec,,V2,nan,nan,nan,10
slow50-owned-f1-qps1000-n4,attest. exec p50 (s),,V1,nan,nan,nan,10
slow50-owned-f1-qps1000-n4,attest. exec p50 (s),,V2,0.0029639835201450203,1.4283080445447708e-05,3.5516774287725886e-06,10
slow50-owned-f1-qps1000-n4,attest. exec p95 (s),,V1,nan,nan,nan,10
slow50-owned-f1-qps1000-n4,attest. exec p95 (s),,V2,0.0048001610059295275,2.288335936891697e-06,4.81586228767551e-07,10
slow50-owned-f1-qps1000-n4,attest. exec p99 (s),,V1,nan,nan,nan,10
slow50-owned-f1-qps1000-n4,attest. exec p99 (s),,V2,0.0049633767824437056,1.6097253240289e-06,2.45857007110488e-07,10
slow50-owned-f1-qps1000-n4,attest. wait p50 (s),,V1,nan,nan,nan,10
slow50-owned-f1-qps1000-n4,attest. wait p50 (s),,V2,0.0005073185143226492,1.9306043904899834e-06,1.8408692130097432e-07,10
slow50-owned-f1-qps1000-n4,attest. wait p95 (s),,V1,nan,nan,nan,10
slow50-owned-f1-qps1000-n4,attest. wait p95 (s),,V2,0.0009654313639580357,3.951105904402043e-05,1.6855910469548515e-06,10
slow50-owned-f1-qps1000-n4,attest. wait p99 (s),,V1,nan,nan,nan,10
slow50-owned-f1-qps1000-n4,attest. wait p99 (s),,V2,0.0021733271949741823,0.0005589555526118064,6.781624987694165e-05,10
slow50-owned-f1-qps1000-n4,attest. resume p50 (s),,V1,nan,nan,nan,10
slow50-owned-f1-qps1000-n4,attest. resume p50 (s),,V2,0.0005014466512823096,6.947654339864051e-07,8.554247181360375e-08,10
slow50-owned-f1-qps1000-n4,attest. resume p95 (s),,V1,nan,nan,nan,10
slow50-owned-f1-qps1000-n4,attest. resume p95 (s),,V2,0.000952748637436388,1.3200543245741763e-06,1.6253069644586768e-07,10
slow50-owned-f1-qps1000-n4,attest. resume p99 (s),,V1,nan,nan,nan,10
slow50-owned-f1-qps1000-n4,attest. resume p99 (s),,V2,0.000992864369538973,1.3756355592930907e-06,1.6937409419093953e-07,10
slow50-owned-f1-qps1000-n4,num_inflight,,V1,206.0,31.11269837220809,10.370899457402698,10
slow50-owned-f1-qps1000-n4,num_inflight,,V2,200.5,40.91760012512953,13.639200041709843,10
slow50-owned-f1-qps1000-n4,CUs,,V1,nan,nan,nan,10
slow50-owned-f1-qps1000-n4,CUs,,V2,1000.0,6.289051329285537e-14,0.0,10
slow50-owned-v1-qps1000-n4,TPS,,V1,1022.2032650408516,19.768943229950004,1.799944932577051,10
slow50-owned-v1-qps1000-n4,TPS,,V2,1019.9681678289455,240.74445609561405,2.4936890033819865,10
slow50-owned-v1-qps1000-n4,attest. full p50 (s),,V1,nan,nan,nan,10
slow50-owned-v1-qps1000-n4,attest. full p50 (s),,V2,0.003006084742006593,1.2601329476193161e-05,2.5298716551738373e-06,10
slow50-owned-v1-qps1000-n4,attest. full p95 (s),,V1,nan,nan,nan,10
slow50-owned-v1-qps1000-n4,attest. full p95 (s),,V2,0.004849796075108541,1.0999165235308059e-05,1.3034131289467809e-06,10
slow50-owned-v1-qps1000-n4,attest. full p99 (s),,V1,nan,nan,nan,10
slow50-owned-v1-qps1000-n4,attest. full p99 (s),,V2,0.0061918300076803335,0.0007099383836753803,7.908511672900753e-05,10
slow50-owned-v1-qps1000-n4,attest. / sec,,V1,0.0,0.0,0.0,10
slow50-owned-v1-qps1000-n4,attest. / sec,,V2,993.4135477703502,83.01641177144782,2.790257375660398,10
slow50-owned-v1-qps1000-n4,host CPU,,V1,24.817209041501567,9.000434022749184,0.2257729650586625,10
slow50-owned-v1-qps1000-n4,host CPU,,V2,26.78170674603842,9.877210542344224,0.21576219604248092,10
slow50-owned-v1-qps1000-n4,rec. → exec. p50 (s),,V1,0.2453151913907711,0.035828758091374584,0.01106135421954148,10
slow50-owned-v1-qps1000-n4,rec. → exec. p50 (s),,V2,0.2884872809372137,0.05238754898266197,0.016629825377024964,10
slow50-owned-v1-qps1000-n4,rec. → exec. p95 (s),,V1,0.4711750088694028,0.008025928102771286,0.0022753211529274514,10
slow50-owned-v1-qps1000-n4,rec. → exec. p95 (s),,V2,0.47802485882498497,0.007242981994623656,0.0022416637217311836,10
slow50-owned-v1-qps1000-n4,rec. → exec. p99 (s),,V1,0.5005146509539701,0.04113841065345039,0.005442521844644738,10
slow50-owned-v1-qps1000-n4,rec. → exec. p99 (s),,V2,0.5012822848621085,0.04151646841655999,0.005599466445257416,10
slow50-owned-v1-qps1000-n4,pc valid. lat. p50 (s),,V1,0.0028890080829245958,0.00010955213664368448,3.066010837478368e-05,10
slow50-owned-v1-qps1000-n4,pc valid. lat. p50 (s),,V2,0.002824481174033543,0.00016636562293644326,5.061357367653787e-05,10
slow50-owned-v1-qps1000-n4,pc valid. lat. p95 (s),,V1,0.005379436356316105,0.001218729857706787,0.00028357826036709864,10
slow50-owned-v1-qps1000-n4,pc valid. lat. p95 (s),,V2,0.004995323309973945,0.00048384208855167576,0.00010104923643892024,10
slow50-owned-v1-qps1000-n4,exec. lat. p95 (s),,V1,0.0059077786525990805,0.0008092088091504634,0.00020208539274365554,10
slow50-owned-v1-qps1000-n4,exec. lat. p95 (s),,V2,0.006203967072659781,0.0008242725451784193,0.0001915157578473159,10
slow50-owned-v1-qps1000-n4,valid. drop. / sec,,V1,0.0,0.0,0.0,10
slow50-owned-v1-qps1000-n4,valid. drop. / sec,,V2,0.0,0.0,0.0,10
slow50-owned-v1-qps1000-n4,final. lat. p50 (s),,V1,nan,nan,nan,10
slow50-owned-v1-qps1000-n4,final. lat. p50 (s),,V2,nan,nan,nan,10
slow50-owned-v1-qps1000-n4,final. lat. p95 (s),,V1,nan,nan,nan,10
slow50-owned-v1-qps1000-n4,final. lat. p95 (s),,V2,nan,nan,nan,10
slow50-owned-v1-qps1000-n4,final. lat. p99 (s),,V1,nan,nan,nan,10
slow50-owned-v1-qps1000-n4,final. lat. p99 (s),,V2,nan,nan,nan,10
slow50-owned-v1-qps1000-n4,submit lat. p50 (s),,V1,nan,nan,nan,10
slow50-owned-v1-qps1000-n4,submit lat. p50 (s),,V2,nan,nan,nan,10
slow50-owned-v1-qps1000-n4,submit lat. p95 (s),,V1,nan,nan,nan,10
slow50-owned-v1-qps1000-n4,submit lat. p95 (s),,V2,nan,nan,nan,10
slow50-owned-v1-qps1000-n4,ckpt lag p50 (s),,V1,0.1738217151781191,0.0035379258998063864,0.0007055885874169512,10
slow50-owned-v1-qps1000-n4,ckpt lag p50 (s),,V2,0.32652975681985424,1.1759634219104458,0.17725235614638996,10
slow50-owned-v1-qps1000-n4,ckpt lag p95 (s),,V1,0.26826149143280353,0.054735061620169924,0.015474961121008813,10
slow50-owned-v1-qps1000-n4,ckpt lag p95 (s),,V2,0.5842880578754364,2.4323004081649597,0.37778925703483107,10
slow50-owned-v1-qps1000-n4,ckpt lag p99 (s),,V1,0.32387532037110756,0.06719598808322944,0.017031045352985164,10
slow50-owned-v1-qps1000-n4,ckpt lag p99 (s),,V2,0.6448186479196395,2.5584165844691005,0.39837625354944745,10
slow50-owned-v1-qps1000-n4,exec. dispatch queue,,V1,212.8,79.29035250268471,26.4301175008949,10
slow50-owned-v1-qps1000-n4,exec. dispatch queue,,V2,215.6,92.0273872279334,30.675795742644464,10
slow50-owned-v1-qps1000-n4,pending txs,,V1,4.1,1.2206555615733703,0.40688518719112343,10
slow50-owned-v1-qps1000-n4,pending txs,,V2,5.1,3.8845849199110063,1.2948616399703352,10
slow50-owned-v1-qps1000-n4,exec. queue. delay p95 (s),,V1,0.011035813774327023,0.0038263716867079235,0.0007712571569050796,10
slow50-owned-v1-qps1000-n4,exec. queue. delay p95 (s),,V2,0.01080241744509796,0.0037824510431004876,0.0008032605647893239,10
slow50-owned-v1-qps1000-n4,post-cons shed drops / sec,,V1,0.0,0.0,0.0,10
slow50-owned-v1-qps1000-n4,post-cons shed drops / sec,,V2,0.0,0.0,0.0,10
slow50-owned-v1-qps1000-n4,shed % quorum,,V1,0.0,0.0,0.0,10
slow50-owned-v1-qps1000-n4,shed % quorum,,V2,0.0,0.0,0.0,10
slow50-owned-v1-qps1000-n4,shed % local,,V1,0.0,0.0,0.0,10
slow50-owned-v1-qps1000-n4,shed % local,,V2,0.0,0.0,0.0,10
slow50-owned-v1-qps1000-n4,shed % cons-queue,,V1,0.0,0.0,0.0,10
slow50-owned-v1-qps1000-n4,shed % cons-queue,,V2,0.0,0.0,0.0,10
slow50-owned-v1-qps1000-n4,pre-cons overload rej / sec,,V1,nan,nan,nan,10
slow50-owned-v1-qps1000-n4,pre-cons overload rej / sec,,V2,nan,nan,nan,10
slow50-owned-v1-qps1000-n4,node CPU,,V1,5.656855397080015,0.8468329108689406,0.06183169195822479,10
slow50-owned-v1-qps1000-n4,node CPU,,V2,8.061658211507257,1.0964051397582844,0.0878898636848886,10
slow50-owned-v1-qps1000-n4,node memory RSS (bytes),,V1,797685753.0576271,168414172.05396694,5768230.834659901,10
slow50-owned-v1-qps1000-n4,node memory RSS (bytes),,V2,789523812.4006791,163903935.27522293,6007968.725078313,10
slow50-owned-v1-qps1000-n4,overload graduated / sec,,V1,nan,nan,nan,10
slow50-owned-v1-qps1000-n4,overload graduated / sec,,V2,nan,nan,nan,10
slow50-owned-v1-qps1000-n4,overload max-pending / sec,,V1,nan,nan,nan,10
slow50-owned-v1-qps1000-n4,overload max-pending / sec,,V2,nan,nan,nan,10
slow50-owned-v1-qps1000-n4,overload semaphore / sec,,V1,nan,nan,nan,10
slow50-owned-v1-qps1000-n4,overload semaphore / sec,,V2,nan,nan,nan,10
slow50-owned-v1-qps1000-n4,attest. exec p50 (s),,V1,nan,nan,nan,10
slow50-owned-v1-qps1000-n4,attest. exec p50 (s),,V2,0.002974978404620073,1.3160883103888294e-05,2.819675403886301e-06,10
slow50-owned-v1-qps1000-n4,attest. exec p95 (s),,V1,nan,nan,nan,10
slow50-owned-v1-qps1000-n4,attest. exec p95 (s),,V2,0.004803067734248311,2.4157373657559578e-06,4.215927891447411e-07,10
slow50-owned-v1-qps1000-n4,attest. exec p99 (s),,V1,nan,nan,nan,10
slow50-owned-v1-qps1000-n4,attest. exec p99 (s),,V2,0.004965564563548599,1.928820291782605e-06,2.431036163530658e-07,10
slow50-owned-v1-qps1000-n4,attest. wait p50 (s),,V1,nan,nan,nan,10
slow50-owned-v1-qps1000-n4,attest. wait p50 (s),,V2,0.0005099627611130391,1.8030536298794302e-06,2.310698993110678e-07,10
slow50-owned-v1-qps1000-n4,attest. wait p95 (s),,V1,nan,nan,nan,10
slow50-owned-v1-qps1000-n4,attest. wait p95 (s),,V2,0.0009689292461147744,3.425801896770918e-06,4.390328086910367e-07,10
slow50-owned-v1-qps1000-n4,attest. wait p99 (s),,V1,nan,nan,nan,10
slow50-owned-v1-qps1000-n4,attest. wait p99 (s),,V2,0.0029813121154469015,0.00046407812920234423,6.130243200551443e-05,10
slow50-owned-v1-qps1000-n4,attest. resume p50 (s),,V1,nan,nan,nan,10
slow50-owned-v1-qps1000-n4,attest. resume p50 (s),,V2,0.0005018760290727726,1.013160072268205e-06,1.771721323359213e-07,10
slow50-owned-v1-qps1000-n4,attest. resume p95 (s),,V1,nan,nan,nan,10
slow50-owned-v1-qps1000-n4,attest. resume p95 (s),,V2,0.0009535644552382679,1.9250041373095845e-06,3.366270514382412e-07,10
slow50-owned-v1-qps1000-n4,attest. resume p99 (s),,V1,nan,nan,nan,10
slow50-owned-v1-qps1000-n4,attest. resume p99 (s),,V2,0.0010041725156941124,0.00010748666693465778,7.6031850623815245e-06,10
slow50-owned-v1-qps1000-n4,num_inflight,,V1,433.9,50.31788946289382,16.772629820964603,10
slow50-owned-v1-qps1000-n4,num_inflight,,V2,383.4,85.57593119563467,28.525310398544885,10
slow50-owned-v1-qps1000-n4,CUs,,V1,nan,nan,nan,10
slow50-owned-v1-qps1000-n4,CUs,,V2,1000.0,6.042491971896457e-14,0.0,10
slow50-owned-v4-qps1000-n4,TPS,,V1,1021.7645488794703,160.57546528530116,1.3024974041595845,10
slow50-owned-v4-qps1000-n4,TPS,,V2,1021.5586747555334,246.58258463462147,1.3952976180844965,10
slow50-owned-v4-qps1000-n4,attest. full p50 (s),,V1,nan,nan,nan,10
slow50-owned-v4-qps1000-n4,attest. full p50 (s),,V2,0.0030062787889722944,8.911197937907543e-06,1.8817211043751827e-06,10
slow50-owned-v4-qps1000-n4,attest. full p95 (s),,V1,nan,nan,nan,10
slow50-owned-v4-qps1000-n4,attest. full p95 (s),,V2,0.004839624315672212,9.403078638217865e-06,1.3668675180079745e-06,10
slow50-owned-v4-qps1000-n4,attest. full p99 (s),,V1,nan,nan,nan,10
slow50-owned-v4-qps1000-n4,attest. full p99 (s),,V2,0.005504085698286305,0.0005854988548336385,8.441306114170947e-05,10
slow50-owned-v4-qps1000-n4,attest. / sec,,V1,0.0,0.0,0.0,10
slow50-owned-v4-qps1000-n4,attest. / sec,,V2,503.3071719438212,21.368133301641034,0.888381242563939,10
slow50-owned-v4-qps1000-n4,host CPU,,V1,24.719438107445363,9.134968045371503,0.32098922001478114,10
slow50-owned-v4-qps1000-n4,host CPU,,V2,26.589150964586146,9.829532777260772,0.30706770982920845,10
slow50-owned-v4-qps1000-n4,rec. → exec. p50 (s),,V1,0.26374932037745996,0.04460996599929108,0.009917936514325033,10
slow50-owned-v4-qps1000-n4,rec. → exec. p50 (s),,V2,0.2751730598692167,0.04152527457148028,0.012789606766724656,10
slow50-owned-v4-qps1000-n4,rec. → exec. p95 (s),,V1,0.4744513436186226,0.006987931497591844,0.0018079319199181957,10
slow50-owned-v4-qps1000-n4,rec. → exec. p95 (s),,V2,0.4773708435980465,0.005563652556634593,0.0016972326437730706,10
slow50-owned-v4-qps1000-n4,rec. → exec. p99 (s),,V1,0.49498363822518027,0.0015184281739776633,0.0003871215186827329,10
slow50-owned-v4-qps1000-n4,rec. → exec. p99 (s),,V2,0.5010527640470671,0.03404039495928467,0.00309589816762058,10
slow50-owned-v4-qps1000-n4,pc valid. lat. p50 (s),,V1,0.002944033667393441,5.677987488686112e-05,1.5057727804044235e-05,10
slow50-owned-v4-qps1000-n4,pc valid. lat. p50 (s),,V2,0.0028018579243409146,0.000111468847849517,3.141380152162778e-05,10
slow50-owned-v4-qps1000-n4,pc valid. lat. p95 (s),,V1,0.005348517909401686,0.0008663352738542238,0.00022884463625364715,10
slow50-owned-v4-qps1000-n4,pc valid. lat. p95 (s),,V2,0.004946029437544497,0.0003950283320128094,4.8249839992797234e-05,10
slow50-owned-v4-qps1000-n4,exec. lat. p95 (s),,V1,0.005954453795302241,0.000789232868268601,0.00019713198219394618,10
slow50-owned-v4-qps1000-n4,exec. lat. p95 (s),,V2,0.0060181999699872,0.0008044246167199911,0.0002048544900834997,10
slow50-owned-v4-qps1000-n4,valid. drop. / sec,,V1,0.0,0.0,0.0,10
slow50-owned-v4-qps1000-n4,valid. drop. / sec,,V2,0.0,0.0,0.0,10
slow50-owned-v4-qps1000-n4,final. lat. p50 (s),,V1,nan,nan,nan,10
slow50-owned-v4-qps1000-n4,final. lat. p50 (s),,V2,nan,nan,nan,10
slow50-owned-v4-qps1000-n4,final. lat. p95 (s),,V1,nan,nan,nan,10
slow50-owned-v4-qps1000-n4,final. lat. p95 (s),,V2,nan,nan,nan,10
slow50-owned-v4-qps1000-n4,final. lat. p99 (s),,V1,nan,nan,nan,10
slow50-owned-v4-qps1000-n4,final. lat. p99 (s),,V2,nan,nan,nan,10
slow50-owned-v4-qps1000-n4,submit lat. p50 (s),,V1,nan,nan,nan,10
slow50-owned-v4-qps1000-n4,submit lat. p50 (s),,V2,nan,nan,nan,10
slow50-owned-v4-qps1000-n4,submit lat. p95 (s),,V1,nan,nan,nan,10
slow50-owned-v4-qps1000-n4,submit lat. p95 (s),,V2,nan,nan,nan,10
slow50-owned-v4-qps1000-n4,ckpt lag p50 (s),,V1,0.2595074871545759,0.6959205172240168,0.09136574965080638,10
slow50-owned-v4-qps1000-n4,ckpt lag p50 (s),,V2,0.3326114568602254,1.2068698998848177,0.18668580316701025,10
slow50-owned-v4-qps1000-n4,ckpt lag p95 (s),,V1,0.5105829075714209,1.7821887823380573,0.26429286406554536,10
slow50-owned-v4-qps1000-n4,ckpt lag p95 (s),,V2,0.7232582862552674,2.5249697950806707,0.4103995815003206,10
slow50-owned-v4-qps1000-n4,ckpt lag p99 (s),,V1,0.5676263766140843,1.9212865455576962,0.28600965803363015,10
slow50-owned-v4-qps1000-n4,ckpt lag p99 (s),,V2,0.8038947303073374,2.6715210433706877,0.4324704143839907,10
slow50-owned-v4-qps1000-n4,exec. dispatch queue,,V1,227.9,83.86113521769187,27.95371173923062,10
slow50-owned-v4-qps1000-n4,exec. dispatch queue,,V2,191.2,28.540497542965156,9.513499180988385,10
slow50-owned-v4-qps1000-n4,pending txs,,V1,3.9,1.445683229480096,0.4818944098266986,10
slow50-owned-v4-qps1000-n4,pending txs,,V2,5.9,4.060788100849391,1.3535960336164634,10
slow50-owned-v4-qps1000-n4,exec. queue. delay p95 (s),,V1,0.010447053018439966,0.003570891816802536,0.0006277729872156217,10
slow50-owned-v4-qps1000-n4,exec. queue. delay p95 (s),,V2,0.011341957597374074,0.0039153304746509555,0.0005817959645747231,10
slow50-owned-v4-qps1000-n4,post-cons shed drops / sec,,V1,0.0,0.0,0.0,10
slow50-owned-v4-qps1000-n4,post-cons shed drops / sec,,V2,0.0,0.0,0.0,10
slow50-owned-v4-qps1000-n4,shed % quorum,,V1,0.0,0.0,0.0,10
slow50-owned-v4-qps1000-n4,shed % quorum,,V2,0.0,0.0,0.0,10
slow50-owned-v4-qps1000-n4,shed % local,,V1,0.0,0.0,0.0,10
slow50-owned-v4-qps1000-n4,shed % local,,V2,0.0,0.0,0.0,10
slow50-owned-v4-qps1000-n4,shed % cons-queue,,V1,0.0,0.0,0.0,10
slow50-owned-v4-qps1000-n4,shed % cons-queue,,V2,0.0,0.0,0.0,10
slow50-owned-v4-qps1000-n4,pre-cons overload rej / sec,,V1,nan,nan,nan,10
slow50-owned-v4-qps1000-n4,pre-cons overload rej / sec,,V2,nan,nan,nan,10
slow50-owned-v4-qps1000-n4,node CPU,,V1,5.343326290545499,0.8124817670316032,0.06802893232946872,10
slow50-owned-v4-qps1000-n4,node CPU,,V2,6.711642779504615,0.7981193636204481,0.07692214860433925,10
slow50-owned-v4-qps1000-n4,node memory RSS (bytes),,V1,777939478.5627118,171742566.06355503,6242738.41721628,10
slow50-owned-v4-qps1000-n4,node memory RSS (bytes),,V2,785646842.7755102,173232237.62255377,7944485.452199349,10
slow50-owned-v4-qps1000-n4,overload graduated / sec,,V1,nan,nan,nan,10
slow50-owned-v4-qps1000-n4,overload graduated / sec,,V2,nan,nan,nan,10
slow50-owned-v4-qps1000-n4,overload max-pending / sec,,V1,nan,nan,nan,10
slow50-owned-v4-qps1000-n4,overload max-pending / sec,,V2,nan,nan,nan,10
slow50-owned-v4-qps1000-n4,overload semaphore / sec,,V1,nan,nan,nan,10
slow50-owned-v4-qps1000-n4,overload semaphore / sec,,V2,nan,nan,nan,10
slow50-owned-v4-qps1000-n4,attest. exec p50 (s),,V1,nan,nan,nan,10
slow50-owned-v4-qps1000-n4,attest. exec p50 (s),,V2,0.0029782459981707115,1.0568657488318907e-05,2.726536696068358e-06,10
slow50-owned-v4-qps1000-n4,attest. exec p95 (s),,V1,nan,nan,nan,10
slow50-owned-v4-qps1000-n4,attest. exec p95 (s),,V2,0.004802103274645764,2.332792002447415e-06,4.6220217853997075e-07,10
slow50-owned-v4-qps1000-n4,attest. exec p99 (s),,V1,nan,nan,nan,10
slow50-owned-v4-qps1000-n4,attest. exec p99 (s),,V2,0.004964223921443546,2.0166332028422437e-06,3.2140218150918504e-07,10
slow50-owned-v4-qps1000-n4,attest. wait p50 (s),,V1,nan,nan,nan,10
slow50-owned-v4-qps1000-n4,attest. wait p50 (s),,V2,0.0005083622495059805,1.6440714790947096e-06,1.8739277927409698e-07,10
slow50-owned-v4-qps1000-n4,attest. wait p95 (s),,V1,nan,nan,nan,10
slow50-owned-v4-qps1000-n4,attest. wait p95 (s),,V2,0.0009658882740613629,3.1237358102799435e-06,3.5604628062076484e-07,10
slow50-owned-v4-qps1000-n4,attest. wait p99 (s),,V1,nan,nan,nan,10
slow50-owned-v4-qps1000-n4,attest. wait p99 (s),,V2,0.0025461089285980774,0.0005378561925727083,5.4721925443359864e-05,10
slow50-owned-v4-qps1000-n4,attest. resume p50 (s),,V1,nan,nan,nan,10
slow50-owned-v4-qps1000-n4,attest. resume p50 (s),,V2,0.0005014193476769139,5.662616522487005e-07,9.723332672799573e-08,10
slow50-owned-v4-qps1000-n4,attest. resume p95 (s),,V1,nan,nan,nan,10
slow50-owned-v4-qps1000-n4,attest. resume p95 (s),,V2,0.0009526967605861363,1.0758971392725268e-06,1.8474332078319112e-07,10
slow50-owned-v4-qps1000-n4,attest. resume p99 (s),,V1,nan,nan,nan,10
slow50-owned-v4-qps1000-n4,attest. resume p99 (s),,V2,0.0009928103084002895,1.1211980714524277e-06,1.9252198692144848e-07,10
slow50-owned-v4-qps1000-n4,num_inflight,,V1,192.9,35.8342015398697,11.944733846623235,10
slow50-owned-v4-qps1000-n4,num_inflight,,V2,204.5,30.09401933939699,10.031339779798996,10
slow50-owned-v4-qps1000-n4,CUs,,V1,nan,nan,nan,10
slow50-owned-v4-qps1000-n4,CUs,,V2,1000.0,6.174136513978554e-14,0.0,10
slow50-owned-f1-qps2000-n4,TPS,,V1,1908.5726120857703,343.1907145911802,13.03006679965966,10
slow50-owned-f1-qps2000-n4,TPS,,V2,1864.0416162685694,404.80001261942675,53.09981997522064,10
slow50-owned-f1-qps2000-n4,attest. full p50 (s),,V1,nan,nan,nan,10
slow50-owned-f1-qps2000-n4,attest. full p50 (s),,V2,0.002803299399987649,0.00010367062526184268,8.929373163292046e-06,10
slow50-owned-f1-qps2000-n4,attest. full p95 (s),,V1,nan,nan,nan,10
slow50-owned-f1-qps2000-n4,attest. full p95 (s),,V2,0.004802936060480847,0.0001558009715380291,7.098681291396373e-06,10
slow50-owned-f1-qps2000-n4,attest. full p99 (s),,V1,nan,nan,nan,10
slow50-owned-f1-qps2000-n4,attest. full p99 (s),,V2,0.0051372438624411485,0.0004921786631060894,0.00011233444132119328,10
slow50-owned-f1-qps2000-n4,attest. / sec,,V1,0.0,0.0,0.0,10
slow50-owned-f1-qps2000-n4,attest. / sec,,V2,942.5832627442004,180.19752128173374,27.34009082739531,10
slow50-owned-f1-qps2000-n4,host CPU,,V1,34.735053803852566,13.120602833154877,0.4578153363643563,10
slow50-owned-f1-qps2000-n4,host CPU,,V2,35.499855589575176,13.998985129250325,1.0126200222518194,10
slow50-owned-f1-qps2000-n4,rec. → exec. p50 (s),,V1,0.31059692563724767,0.06052657546691213,0.01322318037389565,10
slow50-owned-f1-qps2000-n4,rec. → exec. p50 (s),,V2,0.3031110895271936,0.05213668219829093,0.0113522899722651,10
slow50-owned-f1-qps2000-n4,rec. → exec. p95 (s),,V1,0.4799113562857974,0.017989609979925374,0.0017916412301170455,10
slow50-owned-f1-qps2000-n4,rec. → exec. p95 (s),,V2,0.48205511692993264,0.027375948035602525,0.002444250309333074,10
slow50-owned-f1-qps2000-n4,rec. → exec. p99 (s),,V1,0.5098958368118183,0.058396391852844474,0.0063788378342773434,10
slow50-owned-f1-qps2000-n4,rec. → exec. p99 (s),,V2,0.5128129856893574,0.07108036478168814,0.0095195170763687,10
slow50-owned-f1-qps2000-n4,pc valid. lat. p50 (s),,V1,0.0037110082718185265,0.0007679605427788242,7.149264090196427e-05,10
slow50-owned-f1-qps2000-n4,pc valid. lat. p50 (s),,V2,0.0029930831064110446,0.000713880247295022,0.00010693413155247307,10
slow50-owned-f1-qps2000-n4,pc valid. lat. p95 (s),,V1,0.009251497416224278,0.001190429623375121,2.8855850559618797e-05,10
slow50-owned-f1-qps2000-n4,pc valid. lat. p95 (s),,V2,0.00789931506859255,0.0014931806952116348,0.00011974882870625724,10
slow50-owned-f1-qps2000-n4,exec. lat. p95 (s),,V1,0.004865192177106499,0.00038580319569387906,1.697744909803818e-05,10
slow50-owned-f1-qps2000-n4,exec. lat. p95 (s),,V2,0.004829343237803747,0.0005330258968807871,4.3733126246594263e-05,10
slow50-owned-f1-qps2000-n4,valid. drop. / sec,,V1,0.0,0.0,0.0,10
slow50-owned-f1-qps2000-n4,valid. drop. / sec,,V2,0.0,0.0,0.0,10
slow50-owned-f1-qps2000-n4,final. lat. p50 (s),,V1,0.2606628164671831,0.008955642859992686,0.0021857209946604702,10
slow50-owned-f1-qps2000-n4,final. lat. p50 (s),,V2,0.2624982196299229,0.008048746913870912,0.0016706152784711522,10
slow50-owned-f1-qps2000-n4,final. lat. p95 (s),,V1,0.34272915152525707,0.05967770991719683,0.018062706615396638,10
slow50-owned-f1-qps2000-n4,final. lat. p95 (s),,V2,0.34680970022578894,0.06434957115701659,0.019558454442247016,10
slow50-owned-f1-qps2000-n4,final. lat. p99 (s),,V1,0.3788538578048683,0.08988881660352155,0.024620737881626525,10
slow50-owned-f1-qps2000-n4,final. lat. p99 (s),,V2,0.3748405306618938,0.08541761216400318,0.02577815617851347,10
slow50-owned-f1-qps2000-n4,submit lat. p50 (s),,V1,0.003096317450896832,0.0013821494614262143,6.133226820870405e-05,10
slow50-owned-f1-qps2000-n4,submit lat. p50 (s),,V2,0.006595721968038594,0.001783282778888167,8.635552581973553e-05,10
slow50-owned-f1-qps2000-n4,submit lat. p95 (s),,V1,0.00988704282661627,0.001761998913124226,0.00016093677909957831,10
slow50-owned-f1-qps2000-n4,submit lat. p95 (s),,V2,0.021059300460580764,0.002115853592581194,0.00017053671745696856,10
slow50-owned-f1-qps2000-n4,ckpt lag p50 (s),,V1,0.17556905729983424,0.0022364625123433954,0.00038287514992863247,10
slow50-owned-f1-qps2000-n4,ckpt lag p50 (s),,V2,0.2826898375899287,0.863103574954067,0.11782442876427993,10
slow50-owned-f1-qps2000-n4,ckpt lag p95 (s),,V1,0.24255228382176702,0.06181409047962997,0.018308863078342615,10
slow50-owned-f1-qps2000-n4,ckpt lag p95 (s),,V2,0.5971383214998615,2.082194716685917,0.30598487279972053,10
slow50-owned-f1-qps2000-n4,ckpt lag p99 (s),,V1,0.2908806093118285,0.08190446679049906,0.022986107832608498,10
slow50-owned-f1-qps2000-n4,ckpt lag p99 (s),,V2,0.7033832114904256,2.454430716821506,0.3590560661786501,10
slow50-owned-f1-qps2000-n4,exec. dispatch queue,,V1,356.4,188.5980911886438,62.86603039621459,10
slow50-owned-f1-qps2000-n4,exec. dispatch queue,,V2,438.8,192.59792314560403,64.19930771520134,10
slow50-owned-f1-qps2000-n4,pending txs,,V1,3.8,1.661324772583615,0.5537749241945383,10
slow50-owned-f1-qps2000-n4,pending txs,,V2,4.3,1.5524174696260022,0.5174724898753341,10
slow50-owned-f1-qps2000-n4,exec. queue. delay p95 (s),,V1,0.024281526852216413,0.002404417773537209,0.0003438066830261187,10
slow50-owned-f1-qps2000-n4,exec. queue. delay p95 (s),,V2,0.024878525582241195,0.0049124739966521155,0.00048018581076189674,10
slow50-owned-f1-qps2000-n4,post-cons shed drops / sec,,V1,0.0,0.0,0.0,10
slow50-owned-f1-qps2000-n4,post-cons shed drops / sec,,V2,0.0,0.0,0.0,10
slow50-owned-f1-qps2000-n4,shed % quorum,,V1,0.0,0.0,0.0,10
slow50-owned-f1-qps2000-n4,shed % quorum,,V2,0.0,0.0,0.0,10
slow50-owned-f1-qps2000-n4,shed % local,,V1,0.9,2.7,0.9,10
slow50-owned-f1-qps2000-n4,shed % local,,V2,1.7,2.758622844826744,0.9195409482755814,10
slow50-owned-f1-qps2000-n4,shed % cons-queue,,V1,0.0,0.0,0.0,10
slow50-owned-f1-qps2000-n4,shed % cons-queue,,V2,0.0,0.0,0.0,10
slow50-owned-f1-qps2000-n4,pre-cons overload rej / sec,,V1,nan,nan,nan,10
slow50-owned-f1-qps2000-n4,pre-cons overload rej / sec,,V2,nan,nan,nan,10
slow50-owned-f1-qps2000-n4,node CPU,,V1,7.004391238178846,1.5248682199355392,0.10921532215462743,10
slow50-owned-f1-qps2000-n4,node CPU,,V2,8.128483862523984,2.118654428110022,0.2749891321994271,10
slow50-owned-f1-qps2000-n4,node memory RSS (bytes),,V1,1002883460.5273312,305395081.8146633,4507532.4391476605,10
slow50-owned-f1-qps2000-n4,node memory RSS (bytes),,V2,994910378.6666666,307378193.8253303,13984580.250523476,10
slow50-owned-f1-qps2000-n4,overload graduated / sec,,V1,nan,nan,nan,10
slow50-owned-f1-qps2000-n4,overload graduated / sec,,V2,nan,nan,nan,10
slow50-owned-f1-qps2000-n4,overload max-pending / sec,,V1,nan,nan,nan,10
slow50-owned-f1-qps2000-n4,overload max-pending / sec,,V2,nan,nan,nan,10
slow50-owned-f1-qps2000-n4,overload semaphore / sec,,V1,nan,nan,nan,10
slow50-owned-f1-qps2000-n4,overload semaphore / sec,,V2,nan,nan,nan,10
slow50-owned-f1-qps2000-n4,attest. exec p50 (s),,V1,nan,nan,nan,10
slow50-owned-f1-qps2000-n4,attest. exec p50 (s),,V2,0.002691180045089665,0.00010115702371714006,1.0095211629343487e-05,10
slow50-owned-f1-qps2000-n4,attest. exec p95 (s),,V1,nan,nan,nan,10
slow50-owned-f1-qps2000-n4,attest. exec p95 (s),,V2,0.00476615541853525,0.00015384368151620471,5.854418539321499e-06,10
slow50-owned-f1-qps2000-n4,attest. exec p99 (s),,V1,nan,nan,nan,10
slow50-owned-f1-qps2000-n4,attest. exec p99 (s),,V2,0.004950597673952635,0.00015958517598248277,6.224957825247191e-06,10
slow50-owned-f1-qps2000-n4,attest. wait p50 (s),,V1,nan,nan,nan,10
slow50-owned-f1-qps2000-n4,attest. wait p50 (s),,V2,0.00051194409037898,3.061035258793842e-06,6.903085768521616e-07,10
slow50-owned-f1-qps2000-n4,attest. wait p95 (s),,V1,nan,nan,nan,10
slow50-owned-f1-qps2000-n4,attest. wait p95 (s),,V2,0.0009726937717200618,5.815966991708299e-06,1.3115862960191058e-06,10
slow50-owned-f1-qps2000-n4,attest. wait p99 (s),,V1,nan,nan,nan,10
slow50-owned-f1-qps2000-n4,attest. wait p99 (s),,V2,0.0033024514165320867,0.000550622242744607,0.00011471188058444313,10
slow50-owned-f1-qps2000-n4,attest. resume p50 (s),,V1,nan,nan,nan,10
slow50-owned-f1-qps2000-n4,attest. resume p50 (s),,V2,0.000500871809648675,3.317601452499029e-07,4.1800906298392775e-08,10
slow50-owned-f1-qps2000-n4,attest. resume p95 (s),,V1,nan,nan,nan,10
slow50-owned-f1-qps2000-n4,attest. resume p95 (s),,V2,0.0009516564383324826,6.303442759748119e-07,7.942172196691788e-08,10
slow50-owned-f1-qps2000-n4,attest. resume p99 (s),,V1,nan,nan,nan,10
slow50-owned-f1-qps2000-n4,attest. resume p99 (s),,V2,0.0009917261831043766,6.568850875948047e-07,8.276579447080932e-08,10
slow50-owned-f1-qps2000-n4,num_inflight,,V1,369.5,68.42989112953491,22.80996370984497,10
slow50-owned-f1-qps2000-n4,num_inflight,,V2,381.6,71.3515241603149,23.78384138677163,10
slow50-owned-f1-qps2000-n4,CUs,,V1,nan,nan,nan,10
slow50-owned-f1-qps2000-n4,CUs,,V2,1000.0,6.348096447705688e-14,0.0,10
slow50-owned-v1-qps2000-n4,TPS,,V1,2020.0110627754796,278.8222476218472,4.0127642916662625,10
slow50-owned-v1-qps2000-n4,TPS,,V2,2011.3144416341624,227.08579309321624,10.938088081708047,10
slow50-owned-v1-qps2000-n4,attest. full p50 (s),,V1,nan,nan,nan,10
slow50-owned-v1-qps2000-n4,attest. full p50 (s),,V2,0.0028610557154944466,3.092638818007839e-05,6.580208358461336e-06,10
slow50-owned-v1-qps2000-n4,attest. full p95 (s),,V1,nan,nan,nan,10
slow50-owned-v1-qps2000-n4,attest. full p95 (s),,V2,0.004864117904062076,2.2288311292819298e-05,5.114347752786033e-06,10
slow50-owned-v1-qps2000-n4,attest. full p99 (s),,V1,nan,nan,nan,10
slow50-owned-v1-qps2000-n4,attest. full p99 (s),,V2,0.007551113166386273,0.0009005707570059552,0.00020404109194954698,10
slow50-owned-v1-qps2000-n4,attest. / sec,,V1,0.0,0.0,0.0,10
slow50-owned-v1-qps2000-n4,attest. / sec,,V2,2005.9946977084346,191.67151360475006,20.967380422017644,10
slow50-owned-v1-qps2000-n4,host CPU,,V1,35.234468404284314,12.979556582564106,0.5995569715714105,10
slow50-owned-v1-qps2000-n4,host CPU,,V2,37.27706857863997,13.41258236568245,0.30819227778435293,10
slow50-owned-v1-qps2000-n4,rec. → exec. p50 (s),,V1,0.27288582070054757,0.04475875961937773,0.014446020367841698,10
slow50-owned-v1-qps2000-n4,rec. → exec. p50 (s),,V2,0.28454103608156184,0.03819607894200626,0.011532508607489025,10
slow50-owned-v1-qps2000-n4,rec. → exec. p95 (s),,V1,0.48128323787004285,0.01955900566921143,0.003982905523298816,10
slow50-owned-v1-qps2000-n4,rec. → exec. p95 (s),,V2,0.48526047931723887,0.014139299723671728,0.002813916124829884,10
slow50-owned-v1-qps2000-n4,rec. → exec. p99 (s),,V1,0.627570861227719,0.1531593867469059,0.038853092237709455,10
slow50-owned-v1-qps2000-n4,rec. → exec. p99 (s),,V2,0.6510129757446467,0.15738188685297078,0.031774982273845724,10
slow50-owned-v1-qps2000-n4,pc valid. lat. p50 (s),,V1,0.003807607632176232,0.0003932492747482323,0.0001130749318985103,10
slow50-owned-v1-qps2000-n4,pc valid. lat. p50 (s),,V2,0.0030774725026933934,0.00021586482515242465,6.0341412500930193e-05,10
slow50-owned-v1-qps2000-n4,pc valid. lat. p95 (s),,V1,0.011973546647849354,0.0030089371995319822,0.0007978836973617544,10
slow50-owned-v1-qps2000-n4,pc valid. lat. p95 (s),,V2,0.009891848353625658,0.0017370774646269219,0.00037374363019268623,10
slow50-owned-v1-qps2000-n4,exec. lat. p95 (s),,V1,0.005009681234160447,0.00019881152169462095,3.203164628614404e-05,10
slow50-owned-v1-qps2000-n4,exec. lat. p95 (s),,V2,0.005075397309645927,0.00034483322769833925,4.497426845620051e-05,10
slow50-owned-v1-qps2000-n4,valid. drop. / sec,,V1,0.0,0.0,0.0,10
slow50-owned-v1-qps2000-n4,valid. drop. / sec,,V2,0.0,0.0,0.0,10
slow50-owned-v1-qps2000-n4,final. lat. p50 (s),,V1,nan,nan,nan,10
slow50-owned-v1-qps2000-n4,final. lat. p50 (s),,V2,nan,nan,nan,10
slow50-owned-v1-qps2000-n4,final. lat. p95 (s),,V1,nan,nan,nan,10
slow50-owned-v1-qps2000-n4,final. lat. p95 (s),,V2,nan,nan,nan,10
slow50-owned-v1-qps2000-n4,final. lat. p99 (s),,V1,nan,nan,nan,10
slow50-owned-v1-qps2000-n4,final. lat. p99 (s),,V2,nan,nan,nan,10
slow50-owned-v1-qps2000-n4,submit lat. p50 (s),,V1,nan,nan,nan,10
slow50-owned-v1-qps2000-n4,submit lat. p50 (s),,V2,nan,nan,nan,10
slow50-owned-v1-qps2000-n4,submit lat. p95 (s),,V1,nan,nan,nan,10
slow50-owned-v1-qps2000-n4,submit lat. p95 (s),,V2,nan,nan,nan,10
slow50-owned-v1-qps2000-n4,ckpt lag p50 (s),,V1,0.2530710964466993,0.6558359726155533,0.07809308494123511,10
slow50-owned-v1-qps2000-n4,ckpt lag p50 (s),,V2,0.22873593259612723,0.44528785515906866,0.054215089171797085,10
slow50-owned-v1-qps2000-n4,ckpt lag p95 (s),,V1,0.5573522101422398,1.6945805202514894,0.24559650920347526,10
slow50-owned-v1-qps2000-n4,ckpt lag p95 (s),,V2,0.464757961143986,1.1289439617009018,0.1553960792181109,10
slow50-owned-v1-qps2000-n4,ckpt lag p99 (s),,V1,0.6555714836308956,1.9309073115880162,0.28054851704094186,10
slow50-owned-v1-qps2000-n4,ckpt lag p99 (s),,V2,0.5488739945638749,1.2276426438764427,0.17116328137604928,10
slow50-owned-v1-qps2000-n4,exec. dispatch queue,,V1,484.1,160.60600860490868,53.53533620163622,10
slow50-owned-v1-qps2000-n4,exec. dispatch queue,,V2,644.9,224.9037349623167,74.96791165410556,10
slow50-owned-v1-qps2000-n4,pending txs,,V1,4.9,1.7,0.5666666666666665,10
slow50-owned-v1-qps2000-n4,pending txs,,V2,5.0,1.5491933384829668,0.5163977794943222,10
slow50-owned-v1-qps2000-n4,exec. queue. delay p95 (s),,V1,0.02555217952210641,0.005819508869146884,0.0007625432748450473,10
slow50-owned-v1-qps2000-n4,exec. queue. delay p95 (s),,V2,0.027405166845546378,0.006991148764211865,0.001274416223648081,10
slow50-owned-v1-qps2000-n4,post-cons shed drops / sec,,V1,0.0,0.0,0.0,10
slow50-owned-v1-qps2000-n4,post-cons shed drops / sec,,V2,1.41740614334471,8.692034961400072,1.4320689655172412,10
slow50-owned-v1-qps2000-n4,shed % quorum,,V1,0.0,0.0,0.0,10
slow50-owned-v1-qps2000-n4,shed % quorum,,V2,0.4,1.2000000000000002,0.39999999999999997,10
slow50-owned-v1-qps2000-n4,shed % local,,V1,4.0,8.0,2.6666666666666665,10
slow50-owned-v1-qps2000-n4,shed % local,,V2,2.4,4.6946778377222005,1.5648926125740668,10
slow50-owned-v1-qps2000-n4,shed % cons-queue,,V1,0.0,0.0,0.0,10
slow50-owned-v1-qps2000-n4,shed % cons-queue,,V2,0.0,0.0,0.0,10
slow50-owned-v1-qps2000-n4,pre-cons overload rej / sec,,V1,nan,nan,nan,10
slow50-owned-v1-qps2000-n4,pre-cons overload rej / sec,,V2,nan,nan,nan,10
slow50-owned-v1-qps2000-n4,node CPU,,V1,8.381508684872355,1.3559212045853726,0.16413997188178533,10
slow50-owned-v1-qps2000-n4,node CPU,,V2,12.113403456803958,1.5596165180008208,0.095439169923454,10
slow50-owned-v1-qps2000-n4,node memory RSS (bytes),,V1,1080955573.8947368,306352492.7804914,11282544.197278421,10
slow50-owned-v1-qps2000-n4,node memory RSS (bytes),,V2,1083576190.93864,290221662.2478037,10257888.817085061,10
slow50-owned-v1-qps2000-n4,overload graduated / sec,,V1,nan,nan,nan,10
slow50-owned-v1-qps2000-n4,overload graduated / sec,,V2,nan,nan,nan,10
slow50-owned-v1-qps2000-n4,overload max-pending / sec,,V1,nan,nan,nan,10
slow50-owned-v1-qps2000-n4,overload max-pending / sec,,V2,nan,nan,nan,10
slow50-owned-v1-qps2000-n4,overload semaphore / sec,,V1,nan,nan,nan,10
slow50-owned-v1-qps2000-n4,overload semaphore / sec,,V2,nan,nan,nan,10
slow50-owned-v1-qps2000-n4,attest. exec p50 (s),,V1,nan,nan,nan,10
slow50-owned-v1-qps2000-n4,attest. exec p50 (s),,V2,0.0027764400369123914,2.727967421202328e-05,5.873420275509988e-06,10
slow50-owned-v1-qps2000-n4,attest. exec p95 (s),,V1,nan,nan,nan,10
slow50-owned-v1-qps2000-n4,attest. exec p95 (s),,V2,0.004783186795798243,3.1700814666929736e-06,6.520564453908078e-07,10
slow50-owned-v1-qps2000-n4,attest. exec p99 (s),,V1,nan,nan,nan,10
slow50-owned-v1-qps2000-n4,attest. exec p99 (s),,V2,0.004961564285476987,1.5853862277491263e-06,2.541599193090955e-07,10
slow50-owned-v1-qps2000-n4,attest. wait p50 (s),,V1,nan,nan,nan,10
slow50-owned-v1-qps2000-n4,attest. wait p50 (s),,V2,0.0005222841803274612,3.9079164196187235e-06,8.090906245846787e-07,10
slow50-owned-v1-qps2000-n4,attest. wait p95 (s),,V1,nan,nan,nan,10
slow50-owned-v1-qps2000-n4,attest. wait p95 (s),,V2,0.001052922568111978,0.00018585725129404343,3.145118362221547e-05,10
slow50-owned-v1-qps2000-n4,attest. wait p99 (s),,V1,nan,nan,nan,10
slow50-owned-v1-qps2000-n4,attest. wait p99 (s),,V2,0.004487142091298371,0.0006969740470807054,0.00012179415142544452,10
slow50-owned-v1-qps2000-n4,attest. resume p50 (s),,V1,nan,nan,nan,10
slow50-owned-v1-qps2000-n4,attest. resume p50 (s),,V2,0.0005016478083455492,6.86962150162295e-07,1.3194048767178776e-07,10
slow50-owned-v1-qps2000-n4,attest. resume p95 (s),,V1,nan,nan,nan,10
slow50-owned-v1-qps2000-n4,attest. resume p95 (s),,V2,0.0009531308358565432,1.3052280853083589e-06,2.5068692657639374e-07,10
slow50-owned-v1-qps2000-n4,attest. resume p99 (s),,V1,nan,nan,nan,10
slow50-owned-v1-qps2000-n4,attest. resume p99 (s),,V2,0.0009932626605241872,1.3601850573213448e-06,2.61242165590139e-07,10
slow50-owned-v1-qps2000-n4,num_inflight,,V1,853.9,203.92814911139658,67.97604970379886,10
slow50-owned-v1-qps2000-n4,num_inflight,,V2,960.6,88.02522365776755,29.341741219255848,10
slow50-owned-v1-qps2000-n4,CUs,,V1,nan,nan,nan,10
slow50-owned-v1-qps2000-n4,CUs,,V2,1000.0,6.159218369690547e-14,0.0,10
slow50-owned-v4-qps2000-n4,TPS,,V1,2014.3129629066275,378.9479438835072,3.7308945130642948,10
slow50-owned-v4-qps2000-n4,TPS,,V2,2019.432994335911,26.218028069814263,1.3267826125315656,10
slow50-owned-v4-qps2000-n4,attest. full p50 (s),,V1,nan,nan,nan,10
slow50-owned-v4-qps2000-n4,attest. full p50 (s),,V2,0.0029109720086049535,2.4383051878101384e-05,3.13632450544546e-06,10
slow50-owned-v4-qps2000-n4,attest. full p95 (s),,V1,nan,nan,nan,10
slow50-owned-v4-qps2000-n4,attest. full p95 (s),,V2,0.0048388004447728165,1.137004334429091e-05,2.7584438208268624e-06,10
slow50-owned-v4-qps2000-n4,attest. full p99 (s),,V1,nan,nan,nan,10
slow50-owned-v4-qps2000-n4,attest. full p99 (s),,V2,0.00598720197752258,0.0007505808971693518,0.00019052917707821813,10
slow50-owned-v4-qps2000-n4,attest. / sec,,V1,0.0,0.0,0.0,10
slow50-owned-v4-qps2000-n4,attest. / sec,,V2,1003.300701397368,42.72122279667544,1.9285831947556473,10
slow50-owned-v4-qps2000-n4,host CPU,,V1,36.36723662217892,13.296824912291864,0.6508307551242399,10
slow50-owned-v4-qps2000-n4,host CPU,,V2,38.23933238937431,14.06608716270044,0.3584948090578302,10
slow50-owned-v4-qps2000-n4,rec. → exec. p50 (s),,V1,0.29771224223115933,0.05644049928098871,0.017248427160147184,10
slow50-owned-v4-qps2000-n4,rec. → exec. p50 (s),,V2,0.2899133071854063,0.04164863632356603,0.009482646970286461,10
slow50-owned-v4-qps2000-n4,rec. → exec. p95 (s),,V1,0.481188372327304,0.014441423197645497,0.0025548416579039344,10
slow50-owned-v4-qps2000-n4,rec. → exec. p95 (s),,V2,0.4825962865322212,0.023585762489569527,0.0029559506613238713,10
slow50-owned-v4-qps2000-n4,rec. → exec. p99 (s),,V1,0.5207846117274979,0.07905894977558546,0.009162063808073362,10
slow50-owned-v4-qps2000-n4,rec. → exec. p99 (s),,V2,0.5251420789648243,0.08460580173336192,0.012737666811506659,10
slow50-owned-v4-qps2000-n4,pc valid. lat. p50 (s),,V1,0.0042250178581840925,0.0004142734211020736,0.00012434839455123005,10
slow50-owned-v4-qps2000-n4,pc valid. lat. p50 (s),,V2,0.0033764041562323187,0.00011764080826202783,2.064985381113245e-05,10
slow50-owned-v4-qps2000-n4,pc valid. lat. p95 (s),,V1,0.009824117470099914,0.0004969313637962015,7.334558682162213e-05,10
slow50-owned-v4-qps2000-n4,pc valid. lat. p95 (s),,V2,0.008932939144046982,0.0007151779938583491,6.486548909672759e-05,10
slow50-owned-v4-qps2000-n4,exec. lat. p95 (s),,V1,0.004937638589824788,7.166419566110172e-05,4.573311717160098e-06,10
slow50-owned-v4-qps2000-n4,exec. lat. p95 (s),,V2,0.004939672951843479,8.139101247732747e-05,5.880679898015092e-06,10
slow50-owned-v4-qps2000-n4,valid. drop. / sec,,V1,0.0,0.0,0.0,10
slow50-owned-v4-qps2000-n4,valid. drop. / sec,,V2,0.0,0.0,0.0,10
slow50-owned-v4-qps2000-n4,final. lat. p50 (s),,V1,nan,nan,nan,10
slow50-owned-v4-qps2000-n4,final. lat. p50 (s),,V2,nan,nan,nan,10
slow50-owned-v4-qps2000-n4,final. lat. p95 (s),,V1,nan,nan,nan,10
slow50-owned-v4-qps2000-n4,final. lat. p95 (s),,V2,nan,nan,nan,10
slow50-owned-v4-qps2000-n4,final. lat. p99 (s),,V1,nan,nan,nan,10
slow50-owned-v4-qps2000-n4,final. lat. p99 (s),,V2,nan,nan,nan,10
slow50-owned-v4-qps2000-n4,submit lat. p50 (s),,V1,nan,nan,nan,10
slow50-owned-v4-qps2000-n4,submit lat. p50 (s),,V2,nan,nan,nan,10
slow50-owned-v4-qps2000-n4,submit lat. p95 (s),,V1,nan,nan,nan,10
slow50-owned-v4-qps2000-n4,submit lat. p95 (s),,V2,nan,nan,nan,10
slow50-owned-v4-qps2000-n4,ckpt lag p50 (s),,V1,0.2951011220643409,0.9232032595525399,0.13200531731172901,10
slow50-owned-v4-qps2000-n4,ckpt lag p50 (s),,V2,0.17644700672226213,0.002623060403695842,0.000391430111851454,10
slow50-owned-v4-qps2000-n4,ckpt lag p95 (s),,V1,0.5748107330087032,2.0251683155432736,0.34049088454324516,10
slow50-owned-v4-qps2000-n4,ckpt lag p95 (s),,V2,0.29279984150203403,0.07029917466685695,0.018604687651115174,10
slow50-owned-v4-qps2000-n4,ckpt lag p99 (s),,V1,0.6885760308935289,2.4916658806379774,0.41986727014039255,10
slow50-owned-v4-qps2000-n4,ckpt lag p99 (s),,V2,0.35302768219214353,0.08298053957122506,0.02326507092860743,10
slow50-owned-v4-qps2000-n4,exec. dispatch queue,,V1,433.9,181.46539615034047,60.48846538344682,10
slow50-owned-v4-qps2000-n4,exec. dispatch queue,,V2,452.1,117.21386436765917,39.07128812255306,10
slow50-owned-v4-qps2000-n4,pending txs,,V1,4.6,2.1540659228538015,0.7180219742846004,10
slow50-owned-v4-qps2000-n4,pending txs,,V2,4.7,1.4177446878757827,0.47258156262526085,10
slow50-owned-v4-qps2000-n4,exec. queue. delay p95 (s),,V1,0.02515999829665047,0.004684746658997424,0.0006210322941656433,10
slow50-owned-v4-qps2000-n4,exec. queue. delay p95 (s),,V2,0.02505274811479197,0.003806606388572722,0.0005568386957871566,10
slow50-owned-v4-qps2000-n4,post-cons shed drops / sec,,V1,5.386371379897786,23.12524417555288,3.6370311192871987,10
slow50-owned-v4-qps2000-n4,post-cons shed drops / sec,,V2,0.0,0.0,0.0,10
slow50-owned-v4-qps2000-n4,shed % quorum,,V1,1.5,3.0083217912982647,1.002773930432755,10
slow50-owned-v4-qps2000-n4,shed % quorum,,V2,0.0,0.0,0.0,10
slow50-owned-v4-qps2000-n4,shed % local,,V1,2.6,5.660388679233963,1.8867962264113205,10
slow50-owned-v4-qps2000-n4,shed % local,,V2,4.3,7.8999999999999995,2.6333333333333333,10
slow50-owned-v4-qps2000-n4,shed % cons-queue,,V1,0.0,0.0,0.0,10
slow50-owned-v4-qps2000-n4,shed % cons-queue,,V2,0.0,0.0,0.0,10
slow50-owned-v4-qps2000-n4,pre-cons overload rej / sec,,V1,nan,nan,nan,10
slow50-owned-v4-qps2000-n4,pre-cons overload rej / sec,,V2,nan,nan,nan,10
slow50-owned-v4-qps2000-n4,node CPU,,V1,8.36849338337735,1.2725310474646807,0.18189335978520463,10
slow50-owned-v4-qps2000-n4,node CPU,,V2,10.23023870305348,1.3148275950206147,0.11449266412438633,10
slow50-owned-v4-qps2000-n4,node memory RSS (bytes),,V1,1052859059.7537438,290488226.63656753,10791111.380267631,10
slow50-owned-v4-qps2000-n4,node memory RSS (bytes),,V2,1065063415.4808652,292740004.05048585,13856228.463739092,10
slow50-owned-v4-qps2000-n4,overload graduated / sec,,V1,nan,nan,nan,10
slow50-owned-v4-qps2000-n4,overload graduated / sec,,V2,nan,nan,nan,10
slow50-owned-v4-qps2000-n4,overload max-pending / sec,,V1,nan,nan,nan,10
slow50-owned-v4-qps2000-n4,overload max-pending / sec,,V2,nan,nan,nan,10
slow50-owned-v4-qps2000-n4,overload semaphore / sec,,V1,nan,nan,nan,10
slow50-owned-v4-qps2000-n4,overload semaphore / sec,,V2,nan,nan,nan,10
slow50-owned-v4-qps2000-n4,attest. exec p50 (s),,V1,nan,nan,nan,10
slow50-owned-v4-qps2000-n4,attest. exec p50 (s),,V2,0.0028347996376628932,2.267328302932886e-05,3.705276185426989e-06,10
slow50-owned-v4-qps2000-n4,attest. exec p95 (s),,V1,nan,nan,nan,10
slow50-owned-v4-qps2000-n4,attest. exec p95 (s),,V2,0.004788141239068966,2.4632089381851347e-06,2.7753521598779155e-07,10
slow50-owned-v4-qps2000-n4,attest. exec p99 (s),,V1,nan,nan,nan,10
slow50-owned-v4-qps2000-n4,attest. exec p99 (s),,V2,0.004961771603638395,1.472180047717004e-06,2.405115552292e-07,10
slow50-owned-v4-qps2000-n4,attest. wait p50 (s),,V1,nan,nan,nan,10
slow50-owned-v4-qps2000-n4,attest. wait p50 (s),,V2,0.0005157849504299163,2.780848828507973e-06,7.583052387338252e-07,10
slow50-owned-v4-qps2000-n4,attest. wait p95 (s),,V1,nan,nan,nan,10
slow50-owned-v4-qps2000-n4,attest. wait p95 (s),,V2,0.000979991405816841,5.283612774165155e-06,1.4407799535942741e-06,10
slow50-owned-v4-qps2000-n4,attest. wait p99 (s),,V1,nan,nan,nan,10
slow50-owned-v4-qps2000-n4,attest. wait p99 (s),,V2,0.0038046539890835606,0.00034956409523467737,9.254474177696623e-05,10
slow50-owned-v4-qps2000-n4,attest. resume p50 (s),,V1,nan,nan,nan,10
slow50-owned-v4-qps2000-n4,attest. resume p50 (s),,V2,0.0005012880802999146,3.5726193576868445e-07,4.471481768730763e-08,10
slow50-owned-v4-qps2000-n4,attest. resume p95 (s),,V1,nan,nan,nan,10
slow50-owned-v4-qps2000-n4,attest. resume p95 (s),,V2,0.0009524473525698379,6.787976779604982e-07,8.495815360590898e-08,10
slow50-owned-v4-qps2000-n4,attest. resume p99 (s),,V1,nan,nan,nan,10
slow50-owned-v4-qps2000-n4,attest. resume p99 (s),,V2,0.000992550398993831,7.073786328219918e-07,8.853533902089015e-08,10
slow50-owned-v4-qps2000-n4,num_inflight,,V1,407.4,108.40682635332519,36.13560878444173,10
slow50-owned-v4-qps2000-n4,num_inflight,,V2,407.6,77.21813258555272,25.739377528517576,10
slow50-owned-v4-qps2000-n4,CUs,,V1,nan,nan,nan,10
slow50-owned-v4-qps2000-n4,CUs,,V2,1000.0,6.253438550303888e-14,0.0,10
slow100-owned-f1-qps200-n4,TPS,,V1,221.78608861968922,3.7395370779228427,0.15388248646822847,10
slow100-owned-f1-qps200-n4,TPS,,V2,221.90618450285044,4.308295258098957,0.2621162481501082,10
slow100-owned-f1-qps200-n4,attest. full p50 (s),,V1,nan,nan,nan,10
slow100-owned-f1-qps200-n4,attest. full p50 (s),,V2,0.008630800969978938,0.00016289050873687346,2.8250438624188544e-05,10
slow100-owned-f1-qps200-n4,attest. full p95 (s),,V1,nan,nan,nan,10
slow100-owned-f1-qps200-n4,attest. full p95 (s),,V2,0.022582693853086495,0.00023496363331822957,3.896636396945284e-05,10
slow100-owned-f1-qps200-n4,attest. full p99 (s),,V1,nan,nan,nan,10
slow100-owned-f1-qps200-n4,attest. full p99 (s),,V2,0.0245165387706173,4.6992726663645956e-05,7.793272793890567e-06,10
slow100-owned-f1-qps200-n4,attest. / sec,,V1,0.0,0.0,0.0,10
slow100-owned-f1-qps200-n4,attest. / sec,,V2,100.60429172255756,5.581009404451335,0.6173864910842343,10
slow100-owned-f1-qps200-n4,host CPU,,V1,15.324800217016051,5.679469395894515,0.08971664082220308,10
slow100-owned-f1-qps200-n4,host CPU,,V2,17.039290246773295,6.21562852475109,0.04490491285040198,10
slow100-owned-f1-qps200-n4,rec. → exec. p50 (s),,V1,0.2976972893543975,0.05301572472186403,0.013618808656342267,10
slow100-owned-f1-qps200-n4,rec. → exec. p50 (s),,V2,0.3287684094890099,0.0399891518078716,0.010854547497341807,10
slow100-owned-f1-qps200-n4,rec. → exec. p95 (s),,V1,0.47925786802325576,0.006393412960067386,0.0015066843449403314,10
slow100-owned-f1-qps200-n4,rec. → exec. p95 (s),,V2,0.4830544576898718,0.003996500863381317,0.0010570811373270138,10
slow100-owned-f1-qps200-n4,rec. → exec. p99 (s),,V1,0.4965525097465311,0.005112871612677502,0.0006202913972863283,10
slow100-owned-f1-qps200-n4,rec. → exec. p99 (s),,V2,0.500945454906429,0.026210069623189,0.0033186665477674777,10
slow100-owned-f1-qps200-n4,pc valid. lat. p50 (s),,V1,0.0005374572877481824,4.672671399765751e-05,1.2106197165206674e-05,10
slow100-owned-f1-qps200-n4,pc valid. lat. p50 (s),,V2,0.0004629675502802974,3.834654417357326e-05,1.0433449453746781e-05,10
slow100-owned-f1-qps200-n4,pc valid. lat. p95 (s),,V1,0.0036858526861133704,0.0007855856453969442,0.00019457544522107252,10
slow100-owned-f1-qps200-n4,pc valid. lat. p95 (s),,V2,0.0025259804080699534,0.0009177833514286512,0.00027944172983242936,10
slow100-owned-f1-qps200-n4,exec. lat. p95 (s),,V1,0.02373119291643526,8.471339465223598e-05,2.1125895293350207e-05,10
slow100-owned-f1-qps200-n4,exec. lat. p95 (s),,V2,0.02374294129752067,8.998695517340387e-05,2.7967285443049922e-05,10
slow100-owned-f1-qps200-n4,valid. drop. / sec,,V1,0.0,0.0,0.0,10
slow100-owned-f1-qps200-n4,valid. drop. / sec,,V2,0.0,0.0,0.0,10
slow100-owned-f1-qps200-n4,final. lat. p50 (s),,V1,0.25958457072629615,0.007426228588737395,0.001911800493346492,10
slow100-owned-f1-qps200-n4,final. lat. p50 (s),,V2,0.268263454422477,0.006563055294116184,0.001981337604474824,10
slow100-owned-f1-qps200-n4,final. lat. p95 (s),,V1,0.35418768182446886,0.03105888744684866,0.007588448788447906,10
slow100-owned-f1-qps200-n4,final. lat. p95 (s),,V2,0.3505540869549551,0.03447823502259461,0.010345028863007326,10
slow100-owned-f1-qps200-n4,final. lat. p99 (s),,V1,0.40195837790592504,0.04085286417189688,0.00948887708260795,10
slow100-owned-f1-qps200-n4,final. lat. p99 (s),,V2,0.3930417620133531,0.055386280934583525,0.016204028357616605,10
slow100-owned-f1-qps200-n4,submit lat. p50 (s),,V1,0.004404556131681998,0.0005541503139948262,0.00010978579467987474,10
slow100-owned-f1-qps200-n4,submit lat. p50 (s),,V2,0.02631681925992282,0.0019319148857028334,0.0004528168263543371,10
slow100-owned-f1-qps200-n4,submit lat. p95 (s),,V1,0.043544362904640956,0.001644945324700572,0.0003673628062874351,10
slow100-owned-f1-qps200-n4,submit lat. p95 (s),,V2,0.04892359098128471,0.0010203151548832698,0.00014052350710240283,10
slow100-owned-f1-qps200-n4,ckpt lag p50 (s),,V1,0.1716466040036076,0.00289592105499587,0.0004444139969450294,10
slow100-owned-f1-qps200-n4,ckpt lag p50 (s),,V2,0.17215527070391087,0.0036508326967552374,0.0009305742476618413,10
slow100-owned-f1-qps200-n4,ckpt lag p95 (s),,V1,0.24670595314636207,0.036300453569555066,0.008247744589808632,10
slow100-owned-f1-qps200-n4,ckpt lag p95 (s),,V2,0.23882509145829575,0.03580981046388876,0.009888924632394212,10
slow100-owned-f1-qps200-n4,ckpt lag p99 (s),,V1,0.288820881071368,0.05486822811123857,0.01317912342681285,10
slow100-owned-f1-qps200-n4,ckpt lag p99 (s),,V2,0.27446992504737733,0.06029135583865806,0.017189766014611106,10
slow100-owned-f1-qps200-n4,exec. dispatch queue,,V1,9.5,12.451907484397722,4.1506358281325735,10
slow100-owned-f1-qps200-n4,exec. dispatch queue,,V2,5.3,9.055937278934744,3.018645759644914,10
slow100-owned-f1-qps200-n4,pending txs,,V1,2.4,2.2891046284519194,0.7630348761506398,10
slow100-owned-f1-qps200-n4,pending txs,,V2,2.0,2.0976176963403033,0.6992058987801011,10
slow100-owned-f1-qps200-n4,exec. queue. delay p95 (s),,V1,0.0007439394315170267,0.0005473065842904515,9.342564450296901e-05,10
slow100-owned-f1-qps200-n4,exec. queue. delay p95 (s),,V2,0.0006244024402781872,0.0004043104498795792,8.015896958974486e-05,10
slow100-owned-f1-qps200-n4,post-cons shed drops / sec,,V1,0.0,0.0,0.0,10
slow100-owned-f1-qps200-n4,post-cons shed drops / sec,,V2,0.0,0.0,0.0,10
slow100-owned-f1-qps200-n4,shed % quorum,,V1,0.0,0.0,0.0,10
slow100-owned-f1-qps200-n4,shed % quorum,,V2,0.0,0.0,0.0,10
slow100-owned-f1-qps200-n4,shed % local,,V1,0.0,0.0,0.0,10
slow100-owned-f1-qps200-n4,shed % local,,V2,0.0,0.0,0.0,10
slow100-owned-f1-qps200-n4,shed % cons-queue,,V1,0.0,0.0,0.0,10
slow100-owned-f1-qps200-n4,shed % cons-queue,,V2,0.0,0.0,0.0,10
slow100-owned-f1-qps200-n4,pre-cons overload rej / sec,,V1,nan,nan,nan,10
slow100-owned-f1-qps200-n4,pre-cons overload rej / sec,,V2,nan,nan,nan,10
slow100-owned-f1-qps200-n4,node CPU,,V1,3.1719431278067125,0.444915366968646,0.016570689666391837,10
slow100-owned-f1-qps200-n4,node CPU,,V2,4.101269233586918,0.4859426195206941,0.027517534241551834,10
slow100-owned-f1-qps200-n4,node memory RSS (bytes),,V1,467236602.7034483,56619777.74205614,3647413.3829628476,10
slow100-owned-f1-qps200-n4,node memory RSS (bytes),,V2,454510795.39726025,51829759.868652664,3706529.5395497247,10
slow100-owned-f1-qps200-n4,overload graduated / sec,,V1,nan,nan,nan,10
slow100-owned-f1-qps200-n4,overload graduated / sec,,V2,nan,nan,nan,10
slow100-owned-f1-qps200-n4,overload max-pending / sec,,V1,nan,nan,nan,10
slow100-owned-f1-qps200-n4,overload max-pending / sec,,V2,nan,nan,nan,10
slow100-owned-f1-qps200-n4,overload semaphore / sec,,V1,nan,nan,nan,10
slow100-owned-f1-qps200-n4,overload semaphore / sec,,V2,nan,nan,nan,10
slow100-owned-f1-qps200-n4,attest. exec p50 (s),,V1,nan,nan,nan,10
slow100-owned-f1-qps200-n4,attest. exec p50 (s),,V2,0.008565049415014455,0.000148328045522302,2.35614806590297e-05,10
slow100-owned-f1-qps200-n4,attest. exec p95 (s),,V1,nan,nan,nan,10
slow100-owned-f1-qps200-n4,attest. exec p95 (s),,V2,0.022486577823245004,0.0002470165456685897,3.6556600293146565e-05,10
slow100-owned-f1-qps200-n4,attest. exec p99 (s),,V1,nan,nan,nan,10
slow100-owned-f1-qps200-n4,attest. exec p99 (s),,V2,0.024497315564649003,4.940330913371793e-05,7.311320058629463e-06,10
slow100-owned-f1-qps200-n4,attest. wait p50 (s),,V1,nan,nan,nan,10
slow100-owned-f1-qps200-n4,attest. wait p50 (s),,V2,0.0005077954197387953,5.284373541768413e-06,1.0891055312666199e-06,10
slow100-owned-f1-qps200-n4,attest. wait p95 (s),,V1,nan,nan,nan,10
slow100-owned-f1-qps200-n4,attest. wait p95 (s),,V2,0.0009662044214938367,2.758976685794639e-05,2.719477565232046e-06,10
slow100-owned-f1-qps200-n4,attest. wait p99 (s),,V1,nan,nan,nan,10
slow100-owned-f1-qps200-n4,attest. wait p99 (s),,V2,0.0024746156920568696,0.0014212797514836003,0.00026704409218869323,10
slow100-owned-f1-qps200-n4,attest. resume p50 (s),,V1,nan,nan,nan,10
slow100-owned-f1-qps200-n4,attest. resume p50 (s),,V2,0.0005025918071248797,1.7827396862372915e-06,3.5526612398479475e-07,10
slow100-owned-f1-qps200-n4,attest. resume p95 (s),,V1,nan,nan,nan,10
slow100-owned-f1-qps200-n4,attest. resume p95 (s),,V2,0.0009549244335372714,3.387205403850855e-06,6.750056355710965e-07,10
slow100-owned-f1-qps200-n4,attest. resume p99 (s),,V1,nan,nan,nan,10
slow100-owned-f1-qps200-n4,attest. resume p99 (s),,V2,0.001054817286037334,0.0002407421758645032,2.647236475222868e-05,10
slow100-owned-f1-qps200-n4,num_inflight,,V1,45.5,5.903388857258177,1.9677962857527254,10
slow100-owned-f1-qps200-n4,num_inflight,,V2,42.5,8.297590011563598,2.765863337187866,10
slow100-owned-f1-qps200-n4,CUs,,V1,nan,nan,nan,10
slow100-owned-f1-qps200-n4,CUs,,V2,4000.0,2.855748905961988e-13,0.0,10
slow100-owned-v1-qps200-n4,TPS,,V1,222.30650437972494,4.411458818417115,0.28255180971593774,10
slow100-owned-v1-qps200-n4,TPS,,V2,213.80078820761344,45.33363752857244,8.656281272150197,10
slow100-owned-v1-qps200-n4,attest. full p50 (s),,V1,nan,nan,nan,10
slow100-owned-v1-qps200-n4,attest. full p50 (s),,V2,0.008677897834432919,0.0001999251794477019,4.611484454083158e-05,10
slow100-owned-v1-qps200-n4,attest. full p95 (s),,V1,nan,nan,nan,10
slow100-owned-v1-qps200-n4,attest. full p95 (s),,V2,0.022644037064118758,0.00027305408443980834,6.161307213205218e-05,10
slow100-owned-v1-qps200-n4,attest. full p99 (s),,V1,nan,nan,nan,10
slow100-owned-v1-qps200-n4,attest. full p99 (s),,V2,0.02452880741282375,5.4610816887961484e-05,1.2322614426410305e-05,10
slow100-owned-v1-qps200-n4,attest. / sec,,V1,0.0,0.0,0.0,10
slow100-owned-v1-qps200-n4,attest. / sec,,V2,199.27389380530974,11.88121499654107,0.4733455321707188,10
slow100-owned-v1-qps200-n4,host CPU,,V1,14.968993049360861,5.42661575867642,0.12081579430725019,10
slow100-owned-v1-qps200-n4,host CPU,,V2,16.320266592253905,6.082402602043597,0.1929819747840395,10
slow100-owned-v1-qps200-n4,rec. → exec. p50 (s),,V1,0.23932303688118758,0.02137100886312134,0.006379235535362135,10
slow100-owned-v1-qps200-n4,rec. → exec. p50 (s),,V2,0.3028012768145718,0.02811293962425175,0.008410910058428337,10
slow100-owned-v1-qps200-n4,rec. → exec. p95 (s),,V1,0.4715146829785861,0.0039981143638826684,0.001135497352050125,10
slow100-owned-v1-qps200-n4,rec. → exec. p95 (s),,V2,0.4809119441782114,0.0031924536950224936,0.0008383161676581313,10
slow100-owned-v1-qps200-n4,rec. → exec. p99 (s),,V1,0.4943029365957172,0.0007996228727765345,0.00022709947041002845,10
slow100-owned-v1-qps200-n4,rec. → exec. p99 (s),,V2,0.5026002925894122,0.03378213920491352,0.004090012604101465,10
slow100-owned-v1-qps200-n4,pc valid. lat. p50 (s),,V1,0.0004886174754193225,3.5802027602171966e-05,9.46055779414854e-06,10
slow100-owned-v1-qps200-n4,pc valid. lat. p50 (s),,V2,0.0004206136658684366,1.4526658925956426e-05,3.4745912637185003e-06,10
slow100-owned-v1-qps200-n4,pc valid. lat. p95 (s),,V1,0.0041237515049750186,6.980807196052622e-05,1.1796209051610114e-05,10
slow100-owned-v1-qps200-n4,pc valid. lat. p95 (s),,V2,0.0033174028626030065,0.00036521877833490293,7.89655733522736e-05,10
slow100-owned-v1-qps200-n4,exec. lat. p95 (s),,V1,0.02381887699367078,4.7075128831481005e-05,9.843431075058338e-06,10
slow100-owned-v1-qps200-n4,exec. lat. p95 (s),,V2,0.023835166386474364,3.646679634933007e-05,3.920568349589676e-06,10
slow100-owned-v1-qps200-n4,valid. drop. / sec,,V1,0.0,0.0,0.0,10
slow100-owned-v1-qps200-n4,valid. drop. / sec,,V2,0.0,0.0,0.0,10
slow100-owned-v1-qps200-n4,final. lat. p50 (s),,V1,nan,nan,nan,10
slow100-owned-v1-qps200-n4,final. lat. p50 (s),,V2,nan,nan,nan,10
slow100-owned-v1-qps200-n4,final. lat. p95 (s),,V1,nan,nan,nan,10
slow100-owned-v1-qps200-n4,final. lat. p95 (s),,V2,nan,nan,nan,10
slow100-owned-v1-qps200-n4,final. lat. p99 (s),,V1,nan,nan,nan,10
slow100-owned-v1-qps200-n4,final. lat. p99 (s),,V2,nan,nan,nan,10
slow100-owned-v1-qps200-n4,submit lat. p50 (s),,V1,nan,nan,nan,10
slow100-owned-v1-qps200-n4,submit lat. p50 (s),,V2,nan,nan,nan,10
slow100-owned-v1-qps200-n4,submit lat. p95 (s),,V1,nan,nan,nan,10
slow100-owned-v1-qps200-n4,submit lat. p95 (s),,V2,nan,nan,nan,10
slow100-owned-v1-qps200-n4,ckpt lag p50 (s),,V1,0.17160920188197698,0.003702900786289309,0.0006309070440981897,10
slow100-owned-v1-qps200-n4,ckpt lag p50 (s),,V2,0.43530449912624886,1.845651540969769,0.3883573642115292,10
slow100-owned-v1-qps200-n4,ckpt lag p95 (s),,V1,0.253016382990479,0.045766447362487375,0.013155375021112102,10
slow100-owned-v1-qps200-n4,ckpt lag p95 (s),,V2,0.6595914728881034,2.637337559182137,0.5586498410831261,10
slow100-owned-v1-qps200-n4,ckpt lag p99 (s),,V1,0.28633510168697557,0.058988506695985155,0.017403732525655167,10
slow100-owned-v1-qps200-n4,ckpt lag p99 (s),,V2,0.7291915782213678,2.735849328350919,0.5787378453311656,10
slow100-owned-v1-qps200-n4,exec. dispatch queue,,V1,15.8,17.514565367145142,5.838188455715047,10
slow100-owned-v1-qps200-n4,exec. dispatch queue,,V2,10.1,9.934284070832684,3.3114280236108944,10
slow100-owned-v1-qps200-n4,pending txs,,V1,1.7,2.368543856465402,0.7895146188218007,10
slow100-owned-v1-qps200-n4,pending txs,,V2,1.9,2.7367864366808017,0.9122621455602671,10
slow100-owned-v1-qps200-n4,exec. queue. delay p95 (s),,V1,0.0009527170792832144,0.0010531871145317037,0.0002480564053472924,10
slow100-owned-v1-qps200-n4,exec. queue. delay p95 (s),,V2,0.0009705605299448472,0.0008180748505881308,0.00015362466091199523,10
slow100-owned-v1-qps200-n4,post-cons shed drops / sec,,V1,0.0,0.0,0.0,10
slow100-owned-v1-qps200-n4,post-cons shed drops / sec,,V2,0.0,0.0,0.0,10
slow100-owned-v1-qps200-n4,shed % quorum,,V1,0.0,0.0,0.0,10
slow100-owned-v1-qps200-n4,shed % quorum,,V2,0.0,0.0,0.0,10
slow100-owned-v1-qps200-n4,shed % local,,V1,0.0,0.0,0.0,10
slow100-owned-v1-qps200-n4,shed % local,,V2,0.0,0.0,0.0,10
slow100-owned-v1-qps200-n4,shed % cons-queue,,V1,0.0,0.0,0.0,10
slow100-owned-v1-qps200-n4,shed % cons-queue,,V2,0.0,0.0,0.0,10
slow100-owned-v1-qps200-n4,pre-cons overload rej / sec,,V1,nan,nan,nan,10
slow100-owned-v1-qps200-n4,pre-cons overload rej / sec,,V2,nan,nan,nan,10
slow100-owned-v1-qps200-n4,node CPU,,V1,3.2597536379321213,0.41837727992950674,0.022298439646764565,10
slow100-owned-v1-qps200-n4,node CPU,,V2,4.972744162652863,0.734801438024868,0.030228542209369505,10
slow100-owned-v1-qps200-n4,node memory RSS (bytes),,V1,484672413.1310345,59061151.791898474,4210024.613940392,10
slow100-owned-v1-qps200-n4,node memory RSS (bytes),,V2,485701950.8927336,55242111.326456375,2424986.2212709137,10
slow100-owned-v1-qps200-n4,overload graduated / sec,,V1,nan,nan,nan,10
slow100-owned-v1-qps200-n4,overload graduated / sec,,V2,nan,nan,nan,10
slow100-owned-v1-qps200-n4,overload max-pending / sec,,V1,nan,nan,nan,10
slow100-owned-v1-qps200-n4,overload max-pending / sec,,V2,nan,nan,nan,10
slow100-owned-v1-qps200-n4,overload semaphore / sec,,V1,nan,nan,nan,10
slow100-owned-v1-qps200-n4,overload semaphore / sec,,V2,nan,nan,nan,10
slow100-owned-v1-qps200-n4,attest. exec p50 (s),,V1,nan,nan,nan,10
slow100-owned-v1-qps200-n4,attest. exec p50 (s),,V2,0.008585656517353078,0.0001772388473983605,4.015316117126574e-05,10
slow100-owned-v1-qps200-n4,attest. exec p95 (s),,V1,nan,nan,nan,10
slow100-owned-v1-qps200-n4,attest. exec p95 (s),,V2,0.02252208155090993,0.00028325748675967524,6.096474753330594e-05,10
slow100-owned-v1-qps200-n4,attest. exec p99 (s),,V1,nan,nan,nan,10
slow100-owned-v1-qps200-n4,attest. exec p99 (s),,V2,0.02450441631018199,5.665149735193496e-05,1.2192949506661372e-05,10
slow100-owned-v1-qps200-n4,attest. wait p50 (s),,V1,nan,nan,nan,10
slow100-owned-v1-qps200-n4,attest. wait p50 (s),,V2,0.0005116417688768146,5.819587978604018e-06,1.2971576164198753e-06,10
slow100-owned-v1-qps200-n4,attest. wait p95 (s),,V1,nan,nan,nan,10
slow100-owned-v1-qps200-n4,attest. wait p95 (s),,V2,0.0009846294449992541,0.00022253922089076806,1.0013233061131902e-05,10
slow100-owned-v1-qps200-n4,attest. wait p99 (s),,V1,nan,nan,nan,10
slow100-owned-v1-qps200-n4,attest. wait p99 (s),,V2,0.0035007225661623453,0.0014349703889100162,0.00033689130369337933,10
slow100-owned-v1-qps200-n4,attest. resume p50 (s),,V1,nan,nan,nan,10
slow100-owned-v1-qps200-n4,attest. resume p50 (s),,V2,0.0005025279742514952,2.0978564924138755e-06,2.0484425021684571e-07,10
slow100-owned-v1-qps200-n4,attest. resume p95 (s),,V1,nan,nan,nan,10
slow100-owned-v1-qps200-n4,attest. resume p95 (s),,V2,0.0009548031510778408,3.985927335586386e-06,3.8920407541200506e-07,10
slow100-owned-v1-qps200-n4,attest. resume p99 (s),,V1,nan,nan,nan,10
slow100-owned-v1-qps200-n4,attest. resume p99 (s),,V2,0.0010991238270751348,0.0003681604736986791,3.773097076861789e-05,10
slow100-owned-v1-qps200-n4,num_inflight,,V1,71.9,11.894956914592,3.9649856381973327,10
slow100-owned-v1-qps200-n4,num_inflight,,V2,82.0,7.874007874011811,2.62466929133727,10
slow100-owned-v1-qps200-n4,CUs,,V1,nan,nan,nan,10
slow100-owned-v1-qps200-n4,CUs,,V2,4000.0,2.824712167469693e-13,0.0,10
slow100-owned-v4-qps200-n4,TPS,,V1,221.86312380812163,2.3646587290260586,0.143073773640141,10
slow100-owned-v4-qps200-n4,TPS,,V2,221.87471868164226,2.9541901285605188,0.173692578754559,10
slow100-owned-v4-qps200-n4,attest. full p50 (s),,V1,nan,nan,nan,10
slow100-owned-v4-qps200-n4,attest. full p50 (s),,V2,0.008641056256960565,0.00018663190897685405,4.898956749825914e-05,10
slow100-owned-v4-qps200-n4,attest. full p95 (s),,V1,nan,nan,nan,10
slow100-owned-v4-qps200-n4,attest. full p95 (s),,V2,0.022587836304486207,0.00025390899148639874,6.37929032475028e-05,10
slow100-owned-v4-qps200-n4,attest. full p99 (s),,V1,nan,nan,nan,10
slow100-owned-v4-qps200-n4,attest. full p99 (s),,V2,0.024517567260897242,5.078179829727961e-05,1.2758580649500184e-05,10
slow100-owned-v4-qps200-n4,attest. / sec,,V1,0.0,0.0,0.0,10
slow100-owned-v4-qps200-n4,attest. / sec,,V2,100.90349080150317,5.6041071650956304,0.3568404985980073,10
slow100-owned-v4-qps200-n4,host CPU,,V1,14.814855729164103,5.449848707786054,0.10636735002181973,10
slow100-owned-v4-qps200-n4,host CPU,,V2,16.464813498257964,6.052017743738795,0.09396520583523045,10
slow100-owned-v4-qps200-n4,rec. → exec. p50 (s),,V1,0.27543272726851425,0.05392238426527512,0.01564774747944233,10
slow100-owned-v4-qps200-n4,rec. → exec. p50 (s),,V2,0.32377337103269893,0.03573092616460908,0.00981053788258226,10
slow100-owned-v4-qps200-n4,rec. → exec. p95 (s),,V1,0.4763685971446497,0.006630361031385853,0.001877000499381378,10
slow100-owned-v4-qps200-n4,rec. → exec. p95 (s),,V2,0.4826021402598957,0.003690253343303498,0.0009896041329693897,10
slow100-owned-v4-qps200-n4,rec. → exec. p99 (s),,V1,0.49536950306989835,0.0013874215858071103,0.00038435414283931465,10
slow100-owned-v4-qps200-n4,rec. → exec. p99 (s),,V2,0.5008451109102344,0.03135321801617603,0.0036239896565107505,10
slow100-owned-v4-qps200-n4,pc valid. lat. p50 (s),,V1,0.0005440482231725852,5.145587631701883e-05,1.4806780460247031e-05,10
slow100-owned-v4-qps200-n4,pc valid. lat. p50 (s),,V2,0.00047549604734270127,4.107018087526841e-05,1.1702124355354004e-05,10
slow100-owned-v4-qps200-n4,pc valid. lat. p95 (s),,V1,0.0035669822096461297,0.0009008693380708505,0.0002787664430410974,10
slow100-owned-v4-qps200-n4,pc valid. lat. p95 (s),,V2,0.0022428581657354743,0.000854131397316098,0.00023939332320924812,10
slow100-owned-v4-qps200-n4,exec. lat. p95 (s),,V1,0.023719110810014737,0.0001089076401081621,3.338239985882337e-05,10
slow100-owned-v4-qps200-n4,exec. lat. p95 (s),,V2,0.023717978122147217,0.00010619072204000824,3.319364350236152e-05,10
slow100-owned-v4-qps200-n4,valid. drop. / sec,,V1,0.0,0.0,0.0,10
slow100-owned-v4-qps200-n4,valid. drop. / sec,,V2,0.0,0.0,0.0,10
slow100-owned-v4-qps200-n4,final. lat. p50 (s),,V1,nan,nan,nan,10
slow100-owned-v4-qps200-n4,final. lat. p50 (s),,V2,nan,nan,nan,10
slow100-owned-v4-qps200-n4,final. lat. p95 (s),,V1,nan,nan,nan,10
slow100-owned-v4-qps200-n4,final. lat. p95 (s),,V2,nan,nan,nan,10
slow100-owned-v4-qps200-n4,final. lat. p99 (s),,V1,nan,nan,nan,10
slow100-owned-v4-qps200-n4,final. lat. p99 (s),,V2,nan,nan,nan,10
slow100-owned-v4-qps200-n4,submit lat. p50 (s),,V1,nan,nan,nan,10
slow100-owned-v4-qps200-n4,submit lat. p50 (s),,V2,nan,nan,nan,10
slow100-owned-v4-qps200-n4,submit lat. p95 (s),,V1,nan,nan,nan,10
slow100-owned-v4-qps200-n4,submit lat. p95 (s),,V2,nan,nan,nan,10
slow100-owned-v4-qps200-n4,ckpt lag p50 (s),,V1,0.17316687364572925,0.0027281812751466196,0.0005183698562337269,10
slow100-owned-v4-qps200-n4,ckpt lag p50 (s),,V2,0.1731467215220073,0.002697196540223964,0.0006878110028019074,10
slow100-owned-v4-qps200-n4,ckpt lag p95 (s),,V1,0.23477707599300496,0.03010322701950615,0.006291649280130893,10
slow100-owned-v4-qps200-n4,ckpt lag p95 (s),,V2,0.24388678924819937,0.03814868892819081,0.010563135922035246,10
slow100-owned-v4-qps200-n4,ckpt lag p99 (s),,V1,0.27577383643695963,0.0583890249453103,0.01415072551575383,10
slow100-owned-v4-qps200-n4,ckpt lag p99 (s),,V2,0.2773627900995588,0.05409213726651854,0.01403249708819594,10
slow100-owned-v4-qps200-n4,exec. dispatch queue,,V1,9.1,10.839280418920804,3.6130934729736013,10
slow100-owned-v4-qps200-n4,exec. dispatch queue,,V2,4.3,6.325345840347388,2.108448613449129,10
slow100-owned-v4-qps200-n4,pending txs,,V1,2.6,2.0099751242241783,0.6699917080747261,10
slow100-owned-v4-qps200-n4,pending txs,,V2,1.7,1.8466185312619388,0.6155395104206463,10
slow100-owned-v4-qps200-n4,exec. queue. delay p95 (s),,V1,0.0005203361034309198,0.00013845648847820793,3.0415306762943948e-05,10
slow100-owned-v4-qps200-n4,exec. queue. delay p95 (s),,V2,0.0005574100845132616,0.000168994557960183,4.321543101454552e-05,10
slow100-owned-v4-qps200-n4,post-cons shed drops / sec,,V1,0.0,0.0,0.0,10
slow100-owned-v4-qps200-n4,post-cons shed drops / sec,,V2,0.0,0.0,0.0,10
slow100-owned-v4-qps200-n4,shed % quorum,,V1,0.0,0.0,0.0,10
slow100-owned-v4-qps200-n4,shed % quorum,,V2,0.0,0.0,0.0,10
slow100-owned-v4-qps200-n4,shed % local,,V1,0.0,0.0,0.0,10
slow100-owned-v4-qps200-n4,shed % local,,V2,0.0,0.0,0.0,10
slow100-owned-v4-qps200-n4,shed % cons-queue,,V1,0.0,0.0,0.0,10
slow100-owned-v4-qps200-n4,shed % cons-queue,,V2,0.0,0.0,0.0,10
slow100-owned-v4-qps200-n4,pre-cons overload rej / sec,,V1,nan,nan,nan,10
slow100-owned-v4-qps200-n4,pre-cons overload rej / sec,,V2,nan,nan,nan,10
slow100-owned-v4-qps200-n4,node CPU,,V1,3.232392444567074,0.3940848597030135,0.031022200259503332,10
slow100-owned-v4-qps200-n4,node CPU,,V2,4.099166243385099,0.5345189916928867,0.02767702089106896,10
slow100-owned-v4-qps200-n4,node memory RSS (bytes),,V1,464174537.0795848,53581701.101670094,2098722.9428648204,10
slow100-owned-v4-qps200-n4,node memory RSS (bytes),,V2,455568721.79620034,50150978.10454588,3115273.8260503793,10
slow100-owned-v4-qps200-n4,overload graduated / sec,,V1,nan,nan,nan,10
slow100-owned-v4-qps200-n4,overload graduated / sec,,V2,nan,nan,nan,10
slow100-owned-v4-qps200-n4,overload max-pending / sec,,V1,nan,nan,nan,10
slow100-owned-v4-qps200-n4,overload max-pending / sec,,V2,nan,nan,nan,10
slow100-owned-v4-qps200-n4,overload semaphore / sec,,V1,nan,nan,nan,10
slow100-owned-v4-qps200-n4,overload semaphore / sec,,V2,nan,nan,nan,10
slow100-owned-v4-qps200-n4,attest. exec p50 (s),,V1,nan,nan,nan,10
slow100-owned-v4-qps200-n4,attest. exec p50 (s),,V2,0.008556750046250831,0.00015342260537342013,3.695381976229281e-05,10
slow100-owned-v4-qps200-n4,attest. exec p95 (s),,V1,nan,nan,nan,10
slow100-owned-v4-qps200-n4,attest. exec p95 (s),,V2,0.02247033929494124,0.00024423562875866377,5.496981126931527e-05,10
slow100-owned-v4-qps200-n4,attest. exec p99 (s),,V1,nan,nan,nan,10
slow100-owned-v4-qps200-n4,attest. exec p99 (s),,V2,0.02449406785898825,4.884712575173245e-05,1.0993962253862963e-05,10
slow100-owned-v4-qps200-n4,attest. wait p50 (s),,V1,nan,nan,nan,10
slow100-owned-v4-qps200-n4,attest. wait p50 (s),,V2,0.0005099940380714605,7.76836070217252e-06,1.8872041113110403e-06,10
slow100-owned-v4-qps200-n4,attest. wait p95 (s),,V1,nan,nan,nan,10
slow100-owned-v4-qps200-n4,attest. wait p95 (s),,V2,0.0009860836900098106,0.00015054862553608368,9.149197273393527e-06,10
slow100-owned-v4-qps200-n4,attest. wait p99 (s),,V1,nan,nan,nan,10
slow100-owned-v4-qps200-n4,attest. wait p99 (s),,V2,0.0027356020884867806,0.0014778407856144784,0.00037632727516643145,10
slow100-owned-v4-qps200-n4,attest. resume p50 (s),,V1,nan,nan,nan,10
slow100-owned-v4-qps200-n4,attest. resume p50 (s),,V2,0.0005023920651238679,2.0082155817154e-06,3.7288473737167135e-07,10
slow100-owned-v4-qps200-n4,attest. resume p95 (s),,V1,nan,nan,nan,10
slow100-owned-v4-qps200-n4,attest. resume p95 (s),,V2,0.0009545449237353492,3.81560960525925e-06,7.084810010061925e-07,10
slow100-owned-v4-qps200-n4,attest. resume p99 (s),,V1,nan,nan,nan,10
slow100-owned-v4-qps200-n4,attest. resume p99 (s),,V2,0.0010802892087216382,0.0002821679105100849,3.046241373569375e-05,10
slow100-owned-v4-qps200-n4,num_inflight,,V1,40.9,6.670082458260917,2.2233608194203054,10
slow100-owned-v4-qps200-n4,num_inflight,,V2,41.8,3.7363083384538807,1.2454361128179603,10
slow100-owned-v4-qps200-n4,CUs,,V1,nan,nan,nan,10
slow100-owned-v4-qps200-n4,CUs,,V2,4000.0,2.620842283284179e-13,0.0,10
slow100-owned-f1-qps1000-n4,TPS,,V1,1022.5297356641745,23.12517786946091,1.8414998287113094,10
slow100-owned-f1-qps1000-n4,TPS,,V2,1018.6970961439658,28.131730299383175,1.5601443993609725,10
slow100-owned-f1-qps1000-n4,attest. full p50 (s),,V1,nan,nan,nan,10
slow100-owned-f1-qps1000-n4,attest. full p50 (s),,V2,0.006520509283457682,0.0003456395024002097,0.00010454633767352008,10
slow100-owned-f1-qps1000-n4,attest. full p95 (s),,V1,nan,nan,nan,10
slow100-owned-f1-qps1000-n4,attest. full p95 (s),,V2,0.01929187710420232,0.0020524447634507077,0.0003823139344964789,10
slow100-owned-f1-qps1000-n4,attest. full p99 (s),,V1,nan,nan,nan,10
slow100-owned-f1-qps1000-n4,attest. full p99 (s),,V2,0.02474499702924252,0.004602525827829129,0.0005810634291267277,10
slow100-owned-f1-qps1000-n4,attest. / sec,,V1,0.0,0.0,0.0,10
slow100-owned-f1-qps1000-n4,attest. / sec,,V2,500.742312944485,17.527613057814236,1.0685382125347185,10
slow100-owned-f1-qps1000-n4,host CPU,,V1,39.174882425445354,14.176119625153676,0.3564442679586211,10
slow100-owned-f1-qps1000-n4,host CPU,,V2,42.05530859787262,15.411979983380117,0.17118458151214225,10
slow100-owned-f1-qps1000-n4,rec. → exec. p50 (s),,V1,0.2895075621373202,0.05144622239398709,0.014279461981598435,10
slow100-owned-f1-qps1000-n4,rec. → exec. p50 (s),,V2,0.30476132554556423,0.032808815742734754,0.007084199087401193,10
slow100-owned-f1-qps1000-n4,rec. → exec. p95 (s),,V1,0.47865385785425774,0.006368563453333124,0.0018451922157796208,10
slow100-owned-f1-qps1000-n4,rec. → exec. p95 (s),,V2,0.4877808860856263,0.045871426818819554,0.006108252101257322,10
slow100-owned-f1-qps1000-n4,rec. → exec. p99 (s),,V1,0.5032483777902654,0.04031080468939548,0.005529379988487892,10
slow100-owned-f1-qps1000-n4,rec. → exec. p99 (s),,V2,0.5270850386470283,0.09124384167164004,0.013136835753473929,10
slow100-owned-f1-qps1000-n4,pc valid. lat. p50 (s),,V1,0.002532091214487278,0.00030167668153640177,8.793825287786903e-05,10
slow100-owned-f1-qps1000-n4,pc valid. lat. p50 (s),,V2,0.002037971492346319,0.000337799877666281,9.322664807752236e-05,10
slow100-owned-f1-qps1000-n4,pc valid. lat. p95 (s),,V1,0.004879280369353319,0.00020670496216772748,3.2563015354015415e-05,10
slow100-owned-f1-qps1000-n4,pc valid. lat. p95 (s),,V2,0.004780479086197523,0.00016292034590399714,1.3674111797276933e-05,10
slow100-owned-f1-qps1000-n4,exec. lat. p95 (s),,V1,0.0213524268671217,0.000382740806423101,9.810476509804229e-05,10
slow100-owned-f1-qps1000-n4,exec. lat. p95 (s),,V2,0.020303250543160883,0.00042566829583100973,6.890347806254157e-05,10
slow100-owned-f1-qps1000-n4,valid. drop. / sec,,V1,0.0,0.0,0.0,10
slow100-owned-f1-qps1000-n4,valid. drop. / sec,,V2,0.0,0.0,0.0,10
slow100-owned-f1-qps1000-n4,final. lat. p50 (s),,V1,0.2636786696225243,0.00945141142178443,0.002721467149838124,10
slow100-owned-f1-qps1000-n4,final. lat. p50 (s),,V2,0.27003762915810114,0.008446428090077613,0.0022787205656177737,10
slow100-owned-f1-qps1000-n4,final. lat. p95 (s),,V1,0.373284900160254,0.06369977723763184,0.020201049119496887,10
slow100-owned-f1-qps1000-n4,final. lat. p95 (s),,V2,0.39041206593237066,0.05990646751044816,0.01833860665020752,10
slow100-owned-f1-qps1000-n4,final. lat. p99 (s),,V1,0.41867434761386024,0.08602616145960953,0.026019571081656447,10
slow100-owned-f1-qps1000-n4,final. lat. p99 (s),,V2,0.4400189747286774,0.08110265980226389,0.024317887758162127,10
slow100-owned-f1-qps1000-n4,submit lat. p50 (s),,V1,0.003308001704511935,0.00019600479124101165,5.5930163196172506e-05,10
slow100-owned-f1-qps1000-n4,submit lat. p50 (s),,V2,0.015016312873595564,0.0006394773204970044,0.00017881774761932951,10
slow100-owned-f1-qps1000-n4,submit lat. p95 (s),,V1,0.020138860057077226,0.0011186153127936006,0.00030573261705733813,10
slow100-owned-f1-qps1000-n4,submit lat. p95 (s),,V2,0.029820941268980085,0.005209222422858393,0.0012357806051192348,10
slow100-owned-f1-qps1000-n4,ckpt lag p50 (s),,V1,0.17193597658511287,0.0036787438049707875,0.0007689263360362744,10
slow100-owned-f1-qps1000-n4,ckpt lag p50 (s),,V2,0.17220384211402337,0.005380830602344956,0.0005629095384322036,10
slow100-owned-f1-qps1000-n4,ckpt lag p95 (s),,V1,0.2736650201656532,0.07295660737474713,0.022128983000423822,10
slow100-owned-f1-qps1000-n4,ckpt lag p95 (s),,V2,0.32247345625726126,0.26167467841195347,0.0440637378672898,10
slow100-owned-f1-qps1000-n4,ckpt lag p99 (s),,V1,0.32650848453888687,0.08621840670867692,0.02387844685850413,10
slow100-owned-f1-qps1000-n4,ckpt lag p99 (s),,V2,0.3798078081086471,0.31317606927860114,0.05210571853953828,10
slow100-owned-f1-qps1000-n4,exec. dispatch queue,,V1,228.8,103.56138276404,34.52046092134666,10
slow100-owned-f1-qps1000-n4,exec. dispatch queue,,V2,278.6,69.83151151163779,23.27717050387926,10
slow100-owned-f1-qps1000-n4,pending txs,,V1,4.5,1.746424919657298,0.582141639885766,10
slow100-owned-f1-qps1000-n4,pending txs,,V2,6.1,2.7,0.9,10
slow100-owned-f1-qps1000-n4,exec. queue. delay p95 (s),,V1,0.027345775509954227,0.0090065304126724,0.0018438147479623327,10
slow100-owned-f1-qps1000-n4,exec. queue. delay p95 (s),,V2,0.028848153128315093,0.01145729274017438,0.0027171881143591347,10
slow100-owned-f1-qps1000-n4,post-cons shed drops / sec,,V1,0.0,0.0,0.0,10
slow100-owned-f1-qps1000-n4,post-cons shed drops / sec,,V2,0.0,0.0,0.0,10
slow100-owned-f1-qps1000-n4,shed % quorum,,V1,0.0,0.0,0.0,10
slow100-owned-f1-qps1000-n4,shed % quorum,,V2,0.0,0.0,0.0,10
slow100-owned-f1-qps1000-n4,shed % local,,V1,0.0,0.0,0.0,10
slow100-owned-f1-qps1000-n4,shed % local,,V2,0.0,0.0,0.0,10
slow100-owned-f1-qps1000-n4,shed % cons-queue,,V1,0.0,0.0,0.0,10
slow100-owned-f1-qps1000-n4,shed % cons-queue,,V2,0.0,0.0,0.0,10
slow100-owned-f1-qps1000-n4,pre-cons overload rej / sec,,V1,nan,nan,nan,10
slow100-owned-f1-qps1000-n4,pre-cons overload rej / sec,,V2,nan,nan,nan,10
slow100-owned-f1-qps1000-n4,node CPU,,V1,8.73522535746111,1.3424267803145116,0.133531782551956,10
slow100-owned-f1-qps1000-n4,node CPU,,V2,11.144257707714127,1.3561042623510446,0.07549975405856366,10
slow100-owned-f1-qps1000-n4,node memory RSS (bytes),,V1,740325163.4398682,173257736.05624884,6157268.74663074,10
slow100-owned-f1-qps1000-n4,node memory RSS (bytes),,V2,736792221.0133333,173238939.06413758,7766463.795447914,10
slow100-owned-f1-qps1000-n4,overload graduated / sec,,V1,nan,nan,nan,10
slow100-owned-f1-qps1000-n4,overload graduated / sec,,V2,nan,nan,nan,10
slow100-owned-f1-qps1000-n4,overload max-pending / sec,,V1,nan,nan,nan,10
slow100-owned-f1-qps1000-n4,overload max-pending / sec,,V2,nan,nan,nan,10
slow100-owned-f1-qps1000-n4,overload semaphore / sec,,V1,nan,nan,nan,10
slow100-owned-f1-qps1000-n4,overload semaphore / sec,,V2,nan,nan,nan,10
slow100-owned-f1-qps1000-n4,attest. exec p50 (s),,V1,nan,nan,nan,10
slow100-owned-f1-qps1000-n4,attest. exec p50 (s),,V2,0.00609553612034585,0.00038177286332395367,0.0001176679347050985,10
slow100-owned-f1-qps1000-n4,attest. exec p95 (s),,V1,nan,nan,nan,10
slow100-owned-f1-qps1000-n4,attest. exec p95 (s),,V2,0.01621402887527119,0.0012893746349644207,0.0003732893400717501,10
slow100-owned-f1-qps1000-n4,attest. exec p99 (s),,V1,nan,nan,nan,10
slow100-owned-f1-qps1000-n4,attest. exec p99 (s),,V2,0.023241855395171325,0.00026876174520173025,7.502443035222073e-05,10
slow100-owned-f1-qps1000-n4,attest. wait p50 (s),,V1,nan,nan,nan,10
slow100-owned-f1-qps1000-n4,attest. wait p50 (s),,V2,0.0005499565451840293,1.1672141679871971e-05,2.673979465466832e-06,10
slow100-owned-f1-qps1000-n4,attest. wait p95 (s),,V1,nan,nan,nan,10
slow100-owned-f1-qps1000-n4,attest. wait p95 (s),,V2,0.0033235182069083057,0.0020200627087880044,0.0002637492409145716,10
slow100-owned-f1-qps1000-n4,attest. wait p99 (s),,V1,nan,nan,nan,10
slow100-owned-f1-qps1000-n4,attest. wait p99 (s),,V2,0.009436331778191545,0.006524049974403232,0.001187415147131356,10
slow100-owned-f1-qps1000-n4,attest. resume p50 (s),,V1,nan,nan,nan,10
slow100-owned-f1-qps1000-n4,attest. resume p50 (s),,V2,0.0005100416001035536,1.6377394337711998e-06,2.462963148799564e-07,10
slow100-owned-f1-qps1000-n4,attest. resume p95 (s),,V1,nan,nan,nan,10
slow100-owned-f1-qps1000-n4,attest. resume p95 (s),,V2,0.0009690790401967517,3.111704924165288e-06,4.6796299827192186e-07,10
slow100-owned-f1-qps1000-n4,attest. resume p99 (s),,V1,nan,nan,nan,10
slow100-owned-f1-qps1000-n4,attest. resume p99 (s),,V2,0.002925062871115087,0.0003285203639066877,5.1426942388817615e-05,10
slow100-owned-f1-qps1000-n4,num_inflight,,V1,197.6,36.95456670020635,12.318188900068785,10
slow100-owned-f1-qps1000-n4,num_inflight,,V2,207.6,32.75728926513914,10.919096421713046,10
slow100-owned-f1-qps1000-n4,CUs,,V1,nan,nan,nan,10
slow100-owned-f1-qps1000-n4,CUs,,V2,4000.0,2.4829624485999733e-13,0.0,10
slow100-owned-v1-qps1000-n4,TPS,,V1,1009.9248941113578,94.97172744751045,11.833273882274925,10
slow100-owned-v1-qps1000-n4,TPS,,V2,1023.7166935817804,25.903686682343775,1.482058802913067,10
slow100-owned-v1-qps1000-n4,attest. full p50 (s),,V1,nan,nan,nan,10
slow100-owned-v1-qps1000-n4,attest. full p50 (s),,V2,0.0068212594031076676,0.0003625052995166253,0.00010783520271005482,10
slow100-owned-v1-qps1000-n4,attest. full p95 (s),,V1,nan,nan,nan,10
slow100-owned-v1-qps1000-n4,attest. full p95 (s),,V2,0.020597867448147837,0.0015380442619778573,0.00044484453115323626,10
slow100-owned-v1-qps1000-n4,attest. full p99 (s),,V1,nan,nan,nan,10
slow100-owned-v1-qps1000-n4,attest. full p99 (s),,V2,0.027920327430762823,0.0066878538233780035,0.0016208636902734002,10
slow100-owned-v1-qps1000-n4,attest. / sec,,V1,0.0,0.0,0.0,10
slow100-owned-v1-qps1000-n4,attest. / sec,,V2,993.0210144927535,83.12700278958302,2.8167146523204556,10
slow100-owned-v1-qps1000-n4,host CPU,,V1,38.581512167273345,13.950619428804531,0.46227829354327094,10
slow100-owned-v1-qps1000-n4,host CPU,,V2,42.14933335775918,15.357020419804673,0.20079193610936008,10
slow100-owned-v1-qps1000-n4,rec. → exec. p50 (s),,V1,0.2652249020946113,0.03301326810558571,0.009994233045111161,10
slow100-owned-v1-qps1000-n4,rec. → exec. p50 (s),,V2,0.28613050862358236,0.035608404527733784,0.009980201460259705,10
slow100-owned-v1-qps1000-n4,rec. → exec. p95 (s),,V1,0.4775036756431739,0.007316520472943982,0.001903671543483956,10
slow100-owned-v1-qps1000-n4,rec. → exec. p95 (s),,V2,0.47947876154043473,0.004296157489553621,0.00110947327351821,10
slow100-owned-v1-qps1000-n4,rec. → exec. p99 (s),,V1,0.5313755848481694,0.09743271510483323,0.012821744068496604,10
slow100-owned-v1-qps1000-n4,rec. → exec. p99 (s),,V2,0.5104385270220638,0.050397548740860956,0.006849587486663877,10
slow100-owned-v1-qps1000-n4,pc valid. lat. p50 (s),,V1,0.0024808563962072207,0.0003190981334887283,8.799533151052204e-05,10
slow100-owned-v1-qps1000-n4,pc valid. lat. p50 (s),,V2,0.0021996651298254667,0.0003581806525119313,0.00010503680277607916,10
slow100-owned-v1-qps1000-n4,pc valid. lat. p95 (s),,V1,0.005356947075946478,0.0008154130115524284,0.00015511970038787295,10
slow100-owned-v1-qps1000-n4,pc valid. lat. p95 (s),,V2,0.004843335713852296,0.00021997199547891508,3.498672353305146e-05,10
slow100-owned-v1-qps1000-n4,exec. lat. p95 (s),,V1,0.021979748398757295,0.0004100001912013129,8.899003626703132e-05,10
slow100-owned-v1-qps1000-n4,exec. lat. p95 (s),,V2,0.021290898052361097,0.000324240455257052,6.667015820689291e-05,10
slow100-owned-v1-qps1000-n4,valid. drop. / sec,,V1,0.0,0.0,0.0,10
slow100-owned-v1-qps1000-n4,valid. drop. / sec,,V2,0.0,0.0,0.0,10
slow100-owned-v1-qps1000-n4,final. lat. p50 (s),,V1,nan,nan,nan,10
slow100-owned-v1-qps1000-n4,final. lat. p50 (s),,V2,nan,nan,nan,10
slow100-owned-v1-qps1000-n4,final. lat. p95 (s),,V1,nan,nan,nan,10
slow100-owned-v1-qps1000-n4,final. lat. p95 (s),,V2,nan,nan,nan,10
slow100-owned-v1-qps1000-n4,final. lat. p99 (s),,V1,nan,nan,nan,10
slow100-owned-v1-qps1000-n4,final. lat. p99 (s),,V2,nan,nan,nan,10
slow100-owned-v1-qps1000-n4,submit lat. p50 (s),,V1,nan,nan,nan,10
slow100-owned-v1-qps1000-n4,submit lat. p50 (s),,V2,nan,nan,nan,10
slow100-owned-v1-qps1000-n4,submit lat. p95 (s),,V1,nan,nan,nan,10
slow100-owned-v1-qps1000-n4,submit lat. p95 (s),,V2,nan,nan,nan,10
slow100-owned-v1-qps1000-n4,ckpt lag p50 (s),,V1,0.17200033305123497,0.004797103051555877,0.0009622839492349057,10
slow100-owned-v1-qps1000-n4,ckpt lag p50 (s),,V2,0.17155536054727769,0.004947147586614625,0.001259417152215385,10
slow100-owned-v1-qps1000-n4,ckpt lag p95 (s),,V1,0.2933025428599795,0.079135727727104,0.021559275825340896,10
slow100-owned-v1-qps1000-n4,ckpt lag p95 (s),,V2,0.2575457165494459,0.07075616451935847,0.0185412072162233,10
slow100-owned-v1-qps1000-n4,ckpt lag p99 (s),,V1,0.35628277365658334,0.08552661642491131,0.02335781019048888,10
slow100-owned-v1-qps1000-n4,ckpt lag p99 (s),,V2,0.3280362975630772,0.0870180337448609,0.023979864321562145,10
slow100-owned-v1-qps1000-n4,exec. dispatch queue,,V1,258.4,96.19792097545559,32.0659736584852,10
slow100-owned-v1-qps1000-n4,exec. dispatch queue,,V2,279.9,75.18570342824492,25.061901142748304,10
slow100-owned-v1-qps1000-n4,pending txs,,V1,5.6,1.624807680927192,0.541602560309064,10
slow100-owned-v1-qps1000-n4,pending txs,,V2,4.3,1.4177446878757827,0.47258156262526085,10
slow100-owned-v1-qps1000-n4,exec. queue. delay p95 (s),,V1,0.02844063885948054,0.008301236560861564,0.0014718652205273854,10
slow100-owned-v1-qps1000-n4,exec. queue. delay p95 (s),,V2,0.026227729193981777,0.008992283289766952,0.0023709635810684154,10
slow100-owned-v1-qps1000-n4,post-cons shed drops / sec,,V1,0.0,0.0,0.0,10
slow100-owned-v1-qps1000-n4,post-cons shed drops / sec,,V2,0.0,0.0,0.0,10
slow100-owned-v1-qps1000-n4,shed % quorum,,V1,0.0,0.0,0.0,10
slow100-owned-v1-qps1000-n4,shed % quorum,,V2,0.0,0.0,0.0,10
slow100-owned-v1-qps1000-n4,shed % local,,V1,0.0,0.0,0.0,10
slow100-owned-v1-qps1000-n4,shed % local,,V2,0.0,0.0,0.0,10
slow100-owned-v1-qps1000-n4,shed % cons-queue,,V1,0.0,0.0,0.0,10
slow100-owned-v1-qps1000-n4,shed % cons-queue,,V2,0.0,0.0,0.0,10
slow100-owned-v1-qps1000-n4,pre-cons overload rej / sec,,V1,nan,nan,nan,10
slow100-owned-v1-qps1000-n4,pre-cons overload rej / sec,,V2,nan,nan,nan,10
slow100-owned-v1-qps1000-n4,node CPU,,V1,9.122594694458616,1.2380744914245692,0.1164486185752604,10
slow100-owned-v1-qps1000-n4,node CPU,,V2,14.62148660386189,1.8523531966566062,0.07364134463828076,10
slow100-owned-v1-qps1000-n4,node memory RSS (bytes),,V1,782765670.4,165745945.93892634,6217183.981054845,10
slow100-owned-v1-qps1000-n4,node memory RSS (bytes),,V2,789563538.7849829,165073010.86678696,7175643.436550385,10
slow100-owned-v1-qps1000-n4,overload graduated / sec,,V1,nan,nan,nan,10
slow100-owned-v1-qps1000-n4,overload graduated / sec,,V2,nan,nan,nan,10
slow100-owned-v1-qps1000-n4,overload max-pending / sec,,V1,nan,nan,nan,10
slow100-owned-v1-qps1000-n4,overload max-pending / sec,,V2,nan,nan,nan,10
slow100-owned-v1-qps1000-n4,overload semaphore / sec,,V1,nan,nan,nan,10
slow100-owned-v1-qps1000-n4,overload semaphore / sec,,V2,nan,nan,nan,10
slow100-owned-v1-qps1000-n4,attest. exec p50 (s),,V1,nan,nan,nan,10
slow100-owned-v1-qps1000-n4,attest. exec p50 (s),,V2,0.0062882605157332724,0.000354504450189659,0.00010789127782667489,10
slow100-owned-v1-qps1000-n4,attest. exec p95 (s),,V1,nan,nan,nan,10
slow100-owned-v1-qps1000-n4,attest. exec p95 (s),,V2,0.01736554086478746,0.0014754426809221268,0.00041977240859493827,10
slow100-owned-v1-qps1000-n4,attest. exec p99 (s),,V1,nan,nan,nan,10
slow100-owned-v1-qps1000-n4,attest. exec p99 (s),,V2,0.023474948460770837,0.00029656673930987504,8.443998680269983e-05,10
slow100-owned-v1-qps1000-n4,attest. wait p50 (s),,V1,nan,nan,nan,10
slow100-owned-v1-qps1000-n4,attest. wait p50 (s),,V2,0.0005707726178646149,1.5735368998993085e-05,3.964022344175122e-06,10
slow100-owned-v1-qps1000-n4,attest. wait p95 (s),,V1,nan,nan,nan,10
slow100-owned-v1-qps1000-n4,attest. wait p95 (s),,V2,0.004794829609247494,0.0021859095081917367,0.000550659065559668,10
slow100-owned-v1-qps1000-n4,attest. wait p99 (s),,V1,nan,nan,nan,10
slow100-owned-v1-qps1000-n4,attest. wait p99 (s),,V2,0.014804874328667004,0.009818577410692976,0.0026463845696603015,10
slow100-owned-v1-qps1000-n4,attest. resume p50 (s),,V1,nan,nan,nan,10
slow100-owned-v1-qps1000-n4,attest. resume p50 (s),,V2,0.0005097550597766904,2.1419554858384946e-06,2.1578770165862545e-07,10
slow100-owned-v1-qps1000-n4,attest. resume p95 (s),,V1,nan,nan,nan,10
slow100-owned-v1-qps1000-n4,attest. resume p95 (s),,V2,0.0009685415265581306,4.126207861484257e-06,4.1182362526993734e-07,10
slow100-owned-v1-qps1000-n4,attest. resume p99 (s),,V1,nan,nan,nan,10
slow100-owned-v1-qps1000-n4,attest. resume p99 (s),,V2,0.002835908415615512,0.00043672760592049133,4.722891977744103e-05,10
slow100-owned-v1-qps1000-n4,num_inflight,,V1,408.8,96.67553982264593,32.22517994088197,10
slow100-owned-v1-qps1000-n4,num_inflight,,V2,380.1,71.94226852136372,23.980756173787903,10
slow100-owned-v1-qps1000-n4,CUs,,V1,nan,nan,nan,10
slow100-owned-v1-qps1000-n4,CUs,,V2,4000.0,2.4137582029544757e-13,0.0,10
slow100-owned-v4-qps1000-n4,TPS,,V1,1021.6151223716315,249.40404852454526,1.1158852408615718,10
slow100-owned-v4-qps1000-n4,TPS,,V2,1021.7393716816593,19.12670277796201,1.1989530445546195,10
slow100-owned-v4-qps1000-n4,attest. full p50 (s),,V1,nan,nan,nan,10
slow100-owned-v4-qps1000-n4,attest. full p50 (s),,V2,0.0069156011213310446,0.00025046809525509933,7.323308175910283e-05,10
slow100-owned-v4-qps1000-n4,attest. full p95 (s),,V1,nan,nan,nan,10
slow100-owned-v4-qps1000-n4,attest. full p95 (s),,V2,0.020351186096195063,0.0007074399634703591,0.0001914074006619707,10
slow100-owned-v4-qps1000-n4,attest. full p99 (s),,V1,nan,nan,nan,10
slow100-owned-v4-qps1000-n4,attest. full p99 (s),,V2,0.02441972507781988,0.0014487236522343417,0.00021215777069304975,10
slow100-owned-v4-qps1000-n4,attest. / sec,,V1,0.0,0.0,0.0,10
slow100-owned-v4-qps1000-n4,attest. / sec,,V2,502.71527880938623,21.479572842610462,0.9139480533749507,10
slow100-owned-v4-qps1000-n4,host CPU,,V1,38.534340677657056,13.996751523815522,0.2679794454512906,10
slow100-owned-v4-qps1000-n4,host CPU,,V2,41.93836890720489,15.396055661493884,0.20713484467508647,10
slow100-owned-v4-qps1000-n4,rec. → exec. p50 (s),,V1,0.297295948753733,0.04073387066305776,0.011032233038595995,10
slow100-owned-v4-qps1000-n4,rec. → exec. p50 (s),,V2,0.29542981890159925,0.031926672760857346,0.006637737496048742,10
slow100-owned-v4-qps1000-n4,rec. → exec. p95 (s),,V1,0.4807281392054287,0.006750314705848006,0.0013141507243283133,10
slow100-owned-v4-qps1000-n4,rec. → exec. p95 (s),,V2,0.48147124686905457,0.014771729215913255,0.0011385660504077424,10
slow100-owned-v4-qps1000-n4,rec. → exec. p99 (s),,V1,0.5139079581939424,0.06407349596779872,0.006745756234470913,10
slow100-owned-v4-qps1000-n4,rec. → exec. p99 (s),,V2,0.524946123001463,0.084255040252121,0.00834625786298031,10
slow100-owned-v4-qps1000-n4,pc valid. lat. p50 (s),,V1,0.0025104401069650432,0.00018773003639586638,4.610131745793862e-05,10
slow100-owned-v4-qps1000-n4,pc valid. lat. p50 (s),,V2,0.0021917493073591015,0.00028870724518258493,8.447144724658596e-05,10
slow100-owned-v4-qps1000-n4,pc valid. lat. p95 (s),,V1,0.004881965871178244,0.0001033480983813816,9.38745518915314e-06,10
slow100-owned-v4-qps1000-n4,pc valid. lat. p95 (s),,V2,0.004777157256001734,4.342953039770142e-05,5.828603958989272e-06,10
slow100-owned-v4-qps1000-n4,exec. lat. p95 (s),,V1,0.021916740283251267,0.0003945925145480477,7.913072755348965e-05,10
slow100-owned-v4-qps1000-n4,exec. lat. p95 (s),,V2,0.02118613482627641,0.00034371921141560744,6.937371820435206e-05,10
slow100-owned-v4-qps1000-n4,valid. drop. / sec,,V1,0.0,0.0,0.0,10
slow100-owned-v4-qps1000-n4,valid. drop. / sec,,V2,0.0,0.0,0.0,10
slow100-owned-v4-qps1000-n4,final. lat. p50 (s),,V1,nan,nan,nan,10
slow100-owned-v4-qps1000-n4,final. lat. p50 (s),,V2,nan,nan,nan,10
slow100-owned-v4-qps1000-n4,final. lat. p95 (s),,V1,nan,nan,nan,10
slow100-owned-v4-qps1000-n4,final. lat. p95 (s),,V2,nan,nan,nan,10
slow100-owned-v4-qps1000-n4,final. lat. p99 (s),,V1,nan,nan,nan,10
slow100-owned-v4-qps1000-n4,final. lat. p99 (s),,V2,nan,nan,nan,10
slow100-owned-v4-qps1000-n4,submit lat. p50 (s),,V1,nan,nan,nan,10
slow100-owned-v4-qps1000-n4,submit lat. p50 (s),,V2,nan,nan,nan,10
slow100-owned-v4-qps1000-n4,submit lat. p95 (s),,V1,nan,nan,nan,10
slow100-owned-v4-qps1000-n4,submit lat. p95 (s),,V2,nan,nan,nan,10
slow100-owned-v4-qps1000-n4,ckpt lag p50 (s),,V1,0.33554580426287056,1.2454244180627925,0.189729243457084,10
slow100-owned-v4-qps1000-n4,ckpt lag p50 (s),,V2,0.17208407373739593,0.003786584417819141,0.000567824891675492,10
slow100-owned-v4-qps1000-n4,ckpt lag p95 (s),,V1,0.6946451104299411,2.5101839306836458,0.41625589571058413,10
slow100-owned-v4-qps1000-n4,ckpt lag p95 (s),,V2,0.27301679751523145,0.06649051899935411,0.017860635683992595,10
slow100-owned-v4-qps1000-n4,ckpt lag p99 (s),,V1,0.7863658785097063,2.6772769187668475,0.4471589271503289,10
slow100-owned-v4-qps1000-n4,ckpt lag p99 (s),,V2,0.3311213275744515,0.07701467784426567,0.021781300253521953,10
slow100-owned-v4-qps1000-n4,exec. dispatch queue,,V1,261.9,85.07578974067769,28.358596580225896,10
slow100-owned-v4-qps1000-n4,exec. dispatch queue,,V2,255.9,97.64983358920793,32.549944529735974,10
slow100-owned-v4-qps1000-n4,pending txs,,V1,6.1,2.3,0.7666666666666665,10
slow100-owned-v4-qps1000-n4,pending txs,,V2,5.7,1.1874342087037917,0.3958114029012639,10
slow100-owned-v4-qps1000-n4,exec. queue. delay p95 (s),,V1,0.02891090014183365,0.008793481798463926,0.0011909548460973108,10
slow100-owned-v4-qps1000-n4,exec. queue. delay p95 (s),,V2,0.027031803076176437,0.00943522307228185,0.002480529251312716,10
slow100-owned-v4-qps1000-n4,post-cons shed drops / sec,,V1,0.0,0.0,0.0,10
slow100-owned-v4-qps1000-n4,post-cons shed drops / sec,,V2,0.0,0.0,0.0,10
slow100-owned-v4-qps1000-n4,shed % quorum,,V1,0.0,0.0,0.0,10
slow100-owned-v4-qps1000-n4,shed % quorum,,V2,0.0,0.0,0.0,10
slow100-owned-v4-qps1000-n4,shed % local,,V1,0.0,0.0,0.0,10
slow100-owned-v4-qps1000-n4,shed % local,,V2,0.0,0.0,0.0,10
slow100-owned-v4-qps1000-n4,shed % cons-queue,,V1,0.0,0.0,0.0,10
slow100-owned-v4-qps1000-n4,shed % cons-queue,,V2,0.0,0.0,0.0,10
slow100-owned-v4-qps1000-n4,pre-cons overload rej / sec,,V1,nan,nan,nan,10
slow100-owned-v4-qps1000-n4,pre-cons overload rej / sec,,V2,nan,nan,nan,10
slow100-owned-v4-qps1000-n4,node CPU,,V1,9.04919996888565,1.3055981882916752,0.13262706536608937,10
slow100-owned-v4-qps1000-n4,node CPU,,V2,11.750492658884292,1.5582025411226856,0.09504518602126476,10
slow100-owned-v4-qps1000-n4,node memory RSS (bytes),,V1,761248039.5517827,166153739.82941294,4092518.5293350727,10
slow100-owned-v4-qps1000-n4,node memory RSS (bytes),,V2,751045427.2,161783454.48679963,5819313.930807042,10
slow100-owned-v4-qps1000-n4,overload graduated / sec,,V1,nan,nan,nan,10
slow100-owned-v4-qps1000-n4,overload graduated / sec,,V2,nan,nan,nan,10
slow100-owned-v4-qps1000-n4,overload max-pending / sec,,V1,nan,nan,nan,10
slow100-owned-v4-qps1000-n4,overload max-pending / sec,,V2,nan,nan,nan,10
slow100-owned-v4-qps1000-n4,overload semaphore / sec,,V1,nan,nan,nan,10
slow100-owned-v4-qps1000-n4,overload semaphore / sec,,V2,nan,nan,nan,10
slow100-owned-v4-qps1000-n4,attest. exec p50 (s),,V1,nan,nan,nan,10
slow100-owned-v4-qps1000-n4,attest. exec p50 (s),,V2,0.006490200884648536,0.0002640340687696535,7.79987465811983e-05,10
slow100-owned-v4-qps1000-n4,attest. exec p95 (s),,V1,nan,nan,nan,10
slow100-owned-v4-qps1000-n4,attest. exec p95 (s),,V2,0.0179973815528454,0.0006906536980607568,0.0001799314194082743,10
slow100-owned-v4-qps1000-n4,attest. exec p99 (s),,V1,nan,nan,nan,10
slow100-owned-v4-qps1000-n4,attest. exec p99 (s),,V2,0.02360089491339398,0.00013930497794903589,3.636370404325883e-05,10
slow100-owned-v4-qps1000-n4,attest. wait p50 (s),,V1,nan,nan,nan,10
slow100-owned-v4-qps1000-n4,attest. wait p50 (s),,V2,0.0005591967345570126,8.676827024898539e-06,2.1512635233371365e-06,10
slow100-owned-v4-qps1000-n4,attest. wait p95 (s),,V1,nan,nan,nan,10
slow100-owned-v4-qps1000-n4,attest. wait p95 (s),,V2,0.003643114285682079,0.0005586543326323333,0.00015102513922139575,10
slow100-owned-v4-qps1000-n4,attest. wait p99 (s),,V1,nan,nan,nan,10
slow100-owned-v4-qps1000-n4,attest. wait p99 (s),,V2,0.009657623650519325,0.004563215865254068,0.0010668333388145542,10
slow100-owned-v4-qps1000-n4,attest. resume p50 (s),,V1,nan,nan,nan,10
slow100-owned-v4-qps1000-n4,attest. resume p50 (s),,V2,0.000510758009889638,1.8312116680715217e-06,2.911223644294555e-07,10
slow100-owned-v4-qps1000-n4,attest. resume p95 (s),,V1,nan,nan,nan,10
slow100-owned-v4-qps1000-n4,attest. resume p95 (s),,V2,0.000970440218790312,3.4793021693358816e-06,5.531324924159673e-07,10
slow100-owned-v4-qps1000-n4,attest. resume p99 (s),,V1,nan,nan,nan,10
slow100-owned-v4-qps1000-n4,attest. resume p99 (s),,V2,0.0030627683086637872,0.00031831067678744215,5.455009172246714e-05,10
slow100-owned-v4-qps1000-n4,num_inflight,,V1,225.9,14.07444492688788,4.69148164229596,10
slow100-owned-v4-qps1000-n4,num_inflight,,V2,201.4,23.052982453470094,7.68432748449003,10
slow100-owned-v4-qps1000-n4,CUs,,V1,nan,nan,nan,10
slow100-owned-v4-qps1000-n4,CUs,,V2,4000.0,2.5328460099622377e-13,0.0,10
slow100-owned-f1-qps2000-n4,TPS,,V1,1905.7253066378066,342.285218806439,6.895917047769654,10
slow100-owned-f1-qps2000-n4,TPS,,V2,1887.7329418225625,370.31124857629516,12.44148285605902,10
slow100-owned-f1-qps2000-n4,attest. full p50 (s),,V1,nan,nan,nan,10
slow100-owned-f1-qps2000-n4,attest. full p50 (s),,V2,0.008727526911799696,0.0012866698255445312,0.0002884316101065875,10
slow100-owned-f1-qps2000-n4,attest. full p95 (s),,V1,nan,nan,nan,10
slow100-owned-f1-qps2000-n4,attest. full p95 (s),,V2,0.046614821054333906,0.021294986096199384,0.006050869457527508,10
slow100-owned-f1-qps2000-n4,attest. full p99 (s),,V1,nan,nan,nan,10
slow100-owned-f1-qps2000-n4,attest. full p99 (s),,V2,0.08440523042500804,0.03744389674015551,0.010232875459138969,10
slow100-owned-f1-qps2000-n4,attest. / sec,,V1,0.0,0.0,0.0,10
slow100-owned-f1-qps2000-n4,attest. / sec,,V2,956.1287724180581,155.30526058889365,7.1663190761061815,10
slow100-owned-f1-qps2000-n4,host CPU,,V1,58.62485184610348,22.67049913423833,0.21837705774874264,10
slow100-owned-f1-qps2000-n4,host CPU,,V2,67.97507203818357,26.49304710117058,0.3346934410368037,10
slow100-owned-f1-qps2000-n4,rec. → exec. p50 (s),,V1,0.34013309914416473,0.048406166825142906,0.010130183117218621,10
slow100-owned-f1-qps2000-n4,rec. → exec. p50 (s),,V2,0.3692676712134336,0.03205332704456895,0.005073784601332545,10
slow100-owned-f1-qps2000-n4,rec. → exec. p95 (s),,V1,0.5065712485747814,0.08510549474892486,0.01115653723366927,10
slow100-owned-f1-qps2000-n4,rec. → exec. p95 (s),,V2,0.6023590268860173,0.15163005040898164,0.04088702222761884,10
slow100-owned-f1-qps2000-n4,rec. → exec. p99 (s),,V1,0.5894476154332101,0.15531476214798728,0.03201547425979376,10
slow100-owned-f1-qps2000-n4,rec. → exec. p99 (s),,V2,0.7495663003676627,0.2140807788021598,0.059271088304316856,10
slow100-owned-f1-qps2000-n4,pc valid. lat. p50 (s),,V1,0.0028883785689822567,0.0005328556501143035,1.5849646604542577e-05,10
slow100-owned-f1-qps2000-n4,pc valid. lat. p50 (s),,V2,0.002846903903887098,0.0006041627129575066,1.926278779391539e-05,10
slow100-owned-f1-qps2000-n4,pc valid. lat. p95 (s),,V1,0.006035015741299199,0.0018827191284179828,0.0004889199246814155,10
slow100-owned-f1-qps2000-n4,pc valid. lat. p95 (s),,V2,0.007285661258311135,0.002480025484098526,0.0006542227201550413,10
slow100-owned-f1-qps2000-n4,exec. lat. p95 (s),,V1,0.019501329960567738,0.0024788815615473243,0.00044178760131146716,10
slow100-owned-f1-qps2000-n4,exec. lat. p95 (s),,V2,0.023363504515165848,0.0051927996120180306,0.0010934822078757648,10
slow100-owned-f1-qps2000-n4,valid. drop. / sec,,V1,0.0,0.0,0.0,10
slow100-owned-f1-qps2000-n4,valid. drop. / sec,,V2,0.0,0.0,0.0,10
slow100-owned-f1-qps2000-n4,final. lat. p50 (s),,V1,0.28100693190062276,0.014404972376924036,0.0031183305008087706,10
slow100-owned-f1-qps2000-n4,final. lat. p50 (s),,V2,0.3237827477434401,0.042912518411871436,0.011903234628654889,10
slow100-owned-f1-qps2000-n4,final. lat. p95 (s),,V1,0.3941556330980731,0.08224772382278409,0.02208986731236693,10
slow100-owned-f1-qps2000-n4,final. lat. p95 (s),,V2,0.4785047216239843,0.11514063782390753,0.033223784170802115,10
slow100-owned-f1-qps2000-n4,final. lat. p99 (s),,V1,0.45469841304555764,0.11168393372545848,0.0292523579051285,10
slow100-owned-f1-qps2000-n4,final. lat. p99 (s),,V2,0.5566034049936474,0.1497988531095025,0.042143500043588474,10
slow100-owned-f1-qps2000-n4,submit lat. p50 (s),,V1,0.004997928882015889,0.0008291533158039422,0.00020359551954901686,10
slow100-owned-f1-qps2000-n4,submit lat. p50 (s),,V2,0.02163845329207616,0.005664006090268336,0.001446476284779515,10
slow100-owned-f1-qps2000-n4,submit lat. p95 (s),,V1,0.030019159377825236,0.010277408011558645,0.002713117226538658,10
slow100-owned-f1-qps2000-n4,submit lat. p95 (s),,V2,0.08602387535866922,0.037896912325924584,0.010867475609643353,10
slow100-owned-f1-qps2000-n4,ckpt lag p50 (s),,V1,0.1870176363539984,0.006653028716867095,0.0010446516258669656,10
slow100-owned-f1-qps2000-n4,ckpt lag p50 (s),,V2,0.20977731242783568,0.017064465396511456,0.0030279526803081453,10
slow100-owned-f1-qps2000-n4,ckpt lag p95 (s),,V1,0.27982702136878923,0.060172279067282314,0.014505135201936827,10
slow100-owned-f1-qps2000-n4,ckpt lag p95 (s),,V2,0.36332047934339123,0.2540840896153525,0.04461198302933382,10
slow100-owned-f1-qps2000-n4,ckpt lag p99 (s),,V1,0.33174694546241673,0.09401218106167138,0.023710372421942575,10
slow100-owned-f1-qps2000-n4,ckpt lag p99 (s),,V2,0.4515558141764792,0.3315818228183414,0.06062839908970228,10
slow100-owned-f1-qps2000-n4,exec. dispatch queue,,V1,551.6,230.03095443874506,76.67698481291501,10
slow100-owned-f1-qps2000-n4,exec. dispatch queue,,V2,804.5,247.36460943312,82.45486981104,10
slow100-owned-f1-qps2000-n4,pending txs,,V1,6.5,3.7483329627982624,1.249444320932754,10
slow100-owned-f1-qps2000-n4,pending txs,,V2,11.0,5.916079783099616,1.9720265943665385,10
slow100-owned-f1-qps2000-n4,exec. queue. delay p95 (s),,V1,0.06820016564346768,0.03245693981807176,0.0075955263912685965,10
slow100-owned-f1-qps2000-n4,exec. queue. delay p95 (s),,V2,0.1341110776074776,0.07922015215378178,0.022691235808954387,10
slow100-owned-f1-qps2000-n4,post-cons shed drops / sec,,V1,0.0,0.0,0.0,10
slow100-owned-f1-qps2000-n4,post-cons shed drops / sec,,V2,0.0,0.0,0.0,10
slow100-owned-f1-qps2000-n4,shed % quorum,,V1,0.0,0.0,0.0,10
slow100-owned-f1-qps2000-n4,shed % quorum,,V2,0.0,0.0,0.0,10
slow100-owned-f1-qps2000-n4,shed % local,,V1,0.6,1.8000000000000003,0.6,10
slow100-owned-f1-qps2000-n4,shed % local,,V2,1.8,3.54400902933387,1.18133634311129,10
slow100-owned-f1-qps2000-n4,shed % cons-queue,,V1,0.0,0.0,0.0,10
slow100-owned-f1-qps2000-n4,shed % cons-queue,,V2,0.0,0.0,0.0,10
slow100-owned-f1-qps2000-n4,pre-cons overload rej / sec,,V1,nan,nan,nan,10
slow100-owned-f1-qps2000-n4,pre-cons overload rej / sec,,V2,nan,nan,nan,10
slow100-owned-f1-qps2000-n4,node CPU,,V1,12.682869740412597,2.7133489598204745,0.07814130905575536,10
slow100-owned-f1-qps2000-n4,node CPU,,V2,17.47634082984241,4.204636584888928,0.10006619663398177,10
slow100-owned-f1-qps2000-n4,node memory RSS (bytes),,V1,994435203.7041801,301109878.3954131,6011706.81827883,10
slow100-owned-f1-qps2000-n4,node memory RSS (bytes),,V2,1058815059.2918661,339926026.649244,13173779.869546259,10
slow100-owned-f1-qps2000-n4,overload graduated / sec,,V1,nan,nan,nan,10
slow100-owned-f1-qps2000-n4,overload graduated / sec,,V2,nan,nan,nan,10
slow100-owned-f1-qps2000-n4,overload max-pending / sec,,V1,nan,nan,nan,10
slow100-owned-f1-qps2000-n4,overload max-pending / sec,,V2,nan,nan,nan,10
slow100-owned-f1-qps2000-n4,overload semaphore / sec,,V1,nan,nan,nan,10
slow100-owned-f1-qps2000-n4,overload semaphore / sec,,V2,nan,nan,nan,10
slow100-owned-f1-qps2000-n4,attest. exec p50 (s),,V1,nan,nan,nan,10
slow100-owned-f1-qps2000-n4,attest. exec p50 (s),,V2,0.006878035251380125,0.0005170065178464811,7.302884036272137e-05,10
slow100-owned-f1-qps2000-n4,attest. exec p95 (s),,V1,nan,nan,nan,10
slow100-owned-f1-qps2000-n4,attest. exec p95 (s),,V2,0.013441681099094887,0.0034056646423850758,0.0009265115761039696,10
slow100-owned-f1-qps2000-n4,attest. exec p99 (s),,V1,nan,nan,nan,10
slow100-owned-f1-qps2000-n4,attest. exec p99 (s),,V2,0.02230488125714387,0.0018904523613471516,0.0003068899602502251,10
slow100-owned-f1-qps2000-n4,attest. wait p50 (s),,V1,nan,nan,nan,10
slow100-owned-f1-qps2000-n4,attest. wait p50 (s),,V2,0.0012910976261681732,0.0007607097147397846,0.0001751716576755743,10
slow100-owned-f1-qps2000-n4,attest. wait p95 (s),,V1,nan,nan,nan,10
slow100-owned-f1-qps2000-n4,attest. wait p95 (s),,V2,0.03899764220988904,0.020947334122277343,0.005858565622648102,10
slow100-owned-f1-qps2000-n4,attest. wait p99 (s),,V1,nan,nan,nan,10
slow100-owned-f1-qps2000-n4,attest. wait p99 (s),,V2,0.07596722459831244,0.03744958836508298,0.010099825398325768,10
slow100-owned-f1-qps2000-n4,attest. resume p50 (s),,V1,nan,nan,nan,10
slow100-owned-f1-qps2000-n4,attest. resume p50 (s),,V2,0.0005281982288905397,9.86376502851917e-06,2.454898209886778e-06,10
slow100-owned-f1-qps2000-n4,attest. resume p95 (s),,V1,nan,nan,nan,10
slow100-owned-f1-qps2000-n4,attest. resume p95 (s),,V2,0.0015134372245320174,0.0006819126722867882,0.00018284109179916145,10
slow100-owned-f1-qps2000-n4,attest. resume p99 (s),,V1,nan,nan,nan,10
slow100-owned-f1-qps2000-n4,attest. resume p99 (s),,V2,0.004515102903654967,0.0011580646080513771,0.000196030455271025,10
slow100-owned-f1-qps2000-n4,num_inflight,,V1,413.4,60.99377017368249,20.33125672456083,10
slow100-owned-f1-qps2000-n4,num_inflight,,V2,484.9,124.5852720027532,41.52842400091774,10
slow100-owned-f1-qps2000-n4,CUs,,V1,nan,nan,nan,10
slow100-owned-f1-qps2000-n4,CUs,,V2,3960.4419527730265,339.74510340743325,11.934114054117842,10
slow100-owned-v1-qps2000-n4,TPS,,V1,2022.8758975256767,30.062761685454607,2.216055667740394,10
slow100-owned-v1-qps2000-n4,TPS,,V2,2005.9321732671294,379.3867616597624,14.190588672613284,10
slow100-owned-v1-qps2000-n4,attest. full p50 (s),,V1,nan,nan,nan,10
slow100-owned-v1-qps2000-n4,attest. full p50 (s),,V2,0.00984354338133523,0.001988988278536553,0.0004637512897564277,10
slow100-owned-v1-qps2000-n4,attest. full p95 (s),,V1,nan,nan,nan,10
slow100-owned-v1-qps2000-n4,attest. full p95 (s),,V2,0.06513222376101202,0.02481292178547988,0.007147054673305431,10
slow100-owned-v1-qps2000-n4,attest. full p99 (s),,V1,nan,nan,nan,10
slow100-owned-v1-qps2000-n4,attest. full p99 (s),,V2,0.11605527087118289,0.03953628645092048,0.01145699105385511,10
slow100-owned-v1-qps2000-n4,attest. / sec,,V1,0.0,0.0,0.0,10
slow100-owned-v1-qps2000-n4,attest. / sec,,V2,2052.6741505144773,302.8590376632838,55.54282504729237,10
slow100-owned-v1-qps2000-n4,host CPU,,V1,58.949906680880176,21.264056487583428,0.22133503262544305,10
slow100-owned-v1-qps2000-n4,host CPU,,V2,68.2937654406446,24.76562411981288,0.2899361893137683,10
slow100-owned-v1-qps2000-n4,rec. → exec. p50 (s),,V1,0.31431818278476137,0.04716000885013155,0.014831576886602044,10
slow100-owned-v1-qps2000-n4,rec. → exec. p50 (s),,V2,0.3990500124200604,0.04764915351880452,0.012136289805611444,10
slow100-owned-v1-qps2000-n4,rec. → exec. p95 (s),,V1,0.5042562136894948,0.07128125088710253,0.014730468100032227,10
slow100-owned-v1-qps2000-n4,rec. → exec. p95 (s),,V2,0.7612836239083393,0.20652568805166802,0.05871287681827414,10
slow100-owned-v1-qps2000-n4,rec. → exec. p99 (s),,V1,0.5933017738658339,0.16414377531485735,0.04388466471976633,10
slow100-owned-v1-qps2000-n4,rec. → exec. p99 (s),,V2,0.9622625255959358,0.329994256142622,0.0782399693949775,10
slow100-owned-v1-qps2000-n4,pc valid. lat. p50 (s),,V1,0.002988549393121534,7.963624966716686e-05,9.261352146579596e-06,10
slow100-owned-v1-qps2000-n4,pc valid. lat. p50 (s),,V2,0.002785325813239028,0.00017884872569211665,4.00223984306533e-05,10
slow100-owned-v1-qps2000-n4,pc valid. lat. p95 (s),,V1,0.006457839622724995,0.002264158359638387,0.0006403630094005814,10
slow100-owned-v1-qps2000-n4,pc valid. lat. p95 (s),,V2,0.009066071662945298,0.003088589051424339,0.0008692625315573066,10
slow100-owned-v1-qps2000-n4,exec. lat. p95 (s),,V1,0.020006403342055182,0.001633991235664316,0.0004305547298594668,10
slow100-owned-v1-qps2000-n4,exec. lat. p95 (s),,V2,0.022125504157192406,0.0026236423378848813,0.0005209171103907836,10
slow100-owned-v1-qps2000-n4,valid. drop. / sec,,V1,0.0,0.0,0.0,10
slow100-owned-v1-qps2000-n4,valid. drop. / sec,,V2,0.0,0.0,0.0,10
slow100-owned-v1-qps2000-n4,final. lat. p50 (s),,V1,nan,nan,nan,10
slow100-owned-v1-qps2000-n4,final. lat. p50 (s),,V2,nan,nan,nan,10
slow100-owned-v1-qps2000-n4,final. lat. p95 (s),,V1,nan,nan,nan,10
slow100-owned-v1-qps2000-n4,final. lat. p95 (s),,V2,nan,nan,nan,10
slow100-owned-v1-qps2000-n4,final. lat. p99 (s),,V1,nan,nan,nan,10
slow100-owned-v1-qps2000-n4,final. lat. p99 (s),,V2,nan,nan,nan,10
slow100-owned-v1-qps2000-n4,submit lat. p50 (s),,V1,nan,nan,nan,10
slow100-owned-v1-qps2000-n4,submit lat. p50 (s),,V2,nan,nan,nan,10
slow100-owned-v1-qps2000-n4,submit lat. p95 (s),,V1,nan,nan,nan,10
slow100-owned-v1-qps2000-n4,submit lat. p95 (s),,V2,nan,nan,nan,10
slow100-owned-v1-qps2000-n4,ckpt lag p50 (s),,V1,0.18340725675747385,0.006826744243789237,0.001699131257550099,10
slow100-owned-v1-qps2000-n4,ckpt lag p50 (s),,V2,0.39351958674908466,1.3481529035644464,0.19699691556322235,10
slow100-owned-v1-qps2000-n4,ckpt lag p95 (s),,V1,0.2784312743461148,0.07190355881301558,0.019394074772803544,10
slow100-owned-v1-qps2000-n4,ckpt lag p95 (s),,V2,1.0116895078847783,2.873984617706953,0.4826203364314199,10
slow100-owned-v1-qps2000-n4,ckpt lag p99 (s),,V1,0.32438849590976526,0.10297944371914164,0.02876493515572036,10
slow100-owned-v1-qps2000-n4,ckpt lag p99 (s),,V2,1.2409075304088133,3.3242420227128666,0.566701001716368,10
slow100-owned-v1-qps2000-n4,exec. dispatch queue,,V1,520.6,164.55467176595138,54.85155725531712,10
slow100-owned-v1-qps2000-n4,exec. dispatch queue,,V2,1168.6,541.2811099604345,180.42703665347815,10
slow100-owned-v1-qps2000-n4,pending txs,,V1,6.4,3.49857113690718,1.16619037896906,10
slow100-owned-v1-qps2000-n4,pending txs,,V2,26.2,36.10207750254825,12.034025834182748,10
slow100-owned-v1-qps2000-n4,exec. queue. delay p95 (s),,V1,0.07157226912571167,0.0383837948744781,0.009503305332599332,10
slow100-owned-v1-qps2000-n4,exec. queue. delay p95 (s),,V2,0.20589988914038412,0.11644126858393118,0.02893467257348801,10
slow100-owned-v1-qps2000-n4,post-cons shed drops / sec,,V1,0.0,0.0,0.0,10
slow100-owned-v1-qps2000-n4,post-cons shed drops / sec,,V2,4.659364548494984,28.35669370461005,4.643833333333334,10
slow100-owned-v1-qps2000-n4,shed % quorum,,V1,0.0,0.0,0.0,10
slow100-owned-v1-qps2000-n4,shed % quorum,,V2,1.5,4.5,1.5,10
slow100-owned-v1-qps2000-n4,shed % local,,V1,1.5,3.8794329482541645,1.2931443160847216,10
slow100-owned-v1-qps2000-n4,shed % local,,V2,6.8,7.997499609252881,2.665833203084294,10
slow100-owned-v1-qps2000-n4,shed % cons-queue,,V1,0.0,0.0,0.0,10
slow100-owned-v1-qps2000-n4,shed % cons-queue,,V2,0.0,0.0,0.0,10
slow100-owned-v1-qps2000-n4,pre-cons overload rej / sec,,V1,nan,nan,nan,10
slow100-owned-v1-qps2000-n4,pre-cons overload rej / sec,,V2,nan,nan,nan,10
slow100-owned-v1-qps2000-n4,node CPU,,V1,13.80340906828671,1.7046224146675035,0.07021907354637585,10
slow100-owned-v1-qps2000-n4,node CPU,,V2,23.949625542388166,3.455763000702404,0.32210960292197394,10
slow100-owned-v1-qps2000-n4,node memory RSS (bytes),,V1,1057006483.4966887,294310827.2123491,12636898.172969379,10
slow100-owned-v1-qps2000-n4,node memory RSS (bytes),,V2,1191723945.393035,344411282.52371025,24757108.76354769,10
slow100-owned-v1-qps2000-n4,overload graduated / sec,,V1,nan,nan,nan,10
slow100-owned-v1-qps2000-n4,overload graduated / sec,,V2,nan,nan,nan,10
slow100-owned-v1-qps2000-n4,overload max-pending / sec,,V1,nan,nan,nan,10
slow100-owned-v1-qps2000-n4,overload max-pending / sec,,V2,nan,nan,nan,10
slow100-owned-v1-qps2000-n4,overload semaphore / sec,,V1,nan,nan,nan,10
slow100-owned-v1-qps2000-n4,overload semaphore / sec,,V2,nan,nan,nan,10
slow100-owned-v1-qps2000-n4,attest. exec p50 (s),,V1,nan,nan,nan,10
slow100-owned-v1-qps2000-n4,attest. exec p50 (s),,V2,0.006802513344847075,0.00028745394686572413,8.201123590100901e-05,10
slow100-owned-v1-qps2000-n4,attest. exec p95 (s),,V1,nan,nan,nan,10
slow100-owned-v1-qps2000-n4,attest. exec p95 (s),,V2,0.01258608118674137,0.002458018728581415,0.0006932951871015116,10
slow100-owned-v1-qps2000-n4,attest. exec p99 (s),,V1,nan,nan,nan,10
slow100-owned-v1-qps2000-n4,attest. exec p99 (s),,V2,0.022135854191763043,0.0012431888567532897,0.00036357603526018643,10
slow100-owned-v1-qps2000-n4,attest. wait p50 (s),,V1,nan,nan,nan,10
slow100-owned-v1-qps2000-n4,attest. wait p50 (s),,V2,0.0019887586918114083,0.0012511140351562388,0.0003089122947348356,10
slow100-owned-v1-qps2000-n4,attest. wait p95 (s),,V1,nan,nan,nan,10
slow100-owned-v1-qps2000-n4,attest. wait p95 (s),,V2,0.05639899401203943,0.023219582968976533,0.006834355070609545,10
slow100-owned-v1-qps2000-n4,attest. wait p99 (s),,V1,nan,nan,nan,10
slow100-owned-v1-qps2000-n4,attest. wait p99 (s),,V2,0.10659736823935342,0.03853509951746616,0.011285453650778841,10
slow100-owned-v1-qps2000-n4,attest. resume p50 (s),,V1,nan,nan,nan,10
slow100-owned-v1-qps2000-n4,attest. resume p50 (s),,V2,0.0005489471079986153,3.810429146014522e-05,8.445734016662636e-06,10
slow100-owned-v1-qps2000-n4,attest. resume p95 (s),,V1,nan,nan,nan,10
slow100-owned-v1-qps2000-n4,attest. resume p95 (s),,V2,0.0034996312423206744,0.004874697560621258,0.0009629019552663676,10
slow100-owned-v1-qps2000-n4,attest. resume p99 (s),,V1,nan,nan,nan,10
slow100-owned-v1-qps2000-n4,attest. resume p99 (s),,V2,0.01198486009419719,0.015005327845580166,0.0029876636732575437,10
slow100-owned-v1-qps2000-n4,num_inflight,,V1,837.1,291.57964606604486,97.19321535534827,10
slow100-owned-v1-qps2000-n4,num_inflight,,V2,1140.0,326.12114313549193,108.70704771183064,10
slow100-owned-v1-qps2000-n4,CUs,,V1,nan,nan,nan,10
slow100-owned-v1-qps2000-n4,CUs,,V2,4000.0,2.551889922366971e-13,0.0,10
slow100-owned-v4-qps2000-n4,TPS,,V1,2025.27175711852,32.3875062604741,1.9318610314452334,10
slow100-owned-v4-qps2000-n4,TPS,,V2,2019.7595418931344,41.579722754681185,2.4536372174910497,10
slow100-owned-v4-qps2000-n4,attest. full p50 (s),,V1,nan,nan,nan,10
slow100-owned-v4-qps2000-n4,attest. full p50 (s),,V2,0.008102543449033257,0.0007756630592173734,0.00023017273745850445,10
slow100-owned-v4-qps2000-n4,attest. full p95 (s),,V1,nan,nan,nan,10
slow100-owned-v4-qps2000-n4,attest. full p95 (s),,V2,0.03648492156437201,0.01700823981780911,0.004931526106897992,10
slow100-owned-v4-qps2000-n4,attest. full p99 (s),,V1,nan,nan,nan,10
slow100-owned-v4-qps2000-n4,attest. full p99 (s),,V2,0.06573494483622187,0.03266093579165478,0.009285756943474843,10
slow100-owned-v4-qps2000-n4,attest. / sec,,V1,0.0,0.0,0.0,10
slow100-owned-v4-qps2000-n4,attest. / sec,,V2,1002.9186994672941,47.85447626339427,2.5376753883779632,10
slow100-owned-v4-qps2000-n4,host CPU,,V1,58.492862926881806,21.43544451533367,0.29029721473498576,10
slow100-owned-v4-qps2000-n4,host CPU,,V2,67.7366050324637,24.65912404544706,0.40599463929715174,10
slow100-owned-v4-qps2000-n4,rec. → exec. p50 (s),,V1,0.3099653307393738,0.04216374904796292,0.011365079382174695,10
slow100-owned-v4-qps2000-n4,rec. → exec. p50 (s),,V2,0.35834288191303015,0.026733722176669857,0.0065204077791587945,10
slow100-owned-v4-qps2000-n4,rec. → exec. p95 (s),,V1,0.5007266555208951,0.06184103658579442,0.009542016659712105,10
slow100-owned-v4-qps2000-n4,rec. → exec. p95 (s),,V2,0.5583998549212216,0.12616591726684853,0.030266122534916402,10
slow100-owned-v4-qps2000-n4,rec. → exec. p99 (s),,V1,0.6042185151130243,0.17134826412832524,0.04309098607878717,10
slow100-owned-v4-qps2000-n4,rec. → exec. p99 (s),,V2,0.6910140104121624,0.20628463444212317,0.053924489101477686,10
slow100-owned-v4-qps2000-n4,pc valid. lat. p50 (s),,V1,0.0031065373138314573,0.00013915178541821257,4.1462315299810346e-05,10
slow100-owned-v4-qps2000-n4,pc valid. lat. p50 (s),,V2,0.003040676672943314,8.182002339954581e-05,2.0762117995938618e-05,10
slow100-owned-v4-qps2000-n4,pc valid. lat. p95 (s),,V1,0.006676980063294706,0.002671665990048311,0.0008119936645119795,10
slow100-owned-v4-qps2000-n4,pc valid. lat. p95 (s),,V2,0.006422679730207243,0.001969316676355795,0.000554403749719028,10
slow100-owned-v4-qps2000-n4,exec. lat. p95 (s),,V1,0.02001615568034425,0.0020948172427032127,0.0006052187647259563,10
slow100-owned-v4-qps2000-n4,exec. lat. p95 (s),,V2,0.021782115010329534,0.0023641958611275633,0.000581693528715077,10
slow100-owned-v4-qps2000-n4,valid. drop. / sec,,V1,0.0,0.0,0.0,10
slow100-owned-v4-qps2000-n4,valid. drop. / sec,,V2,0.0,0.0,0.0,10
slow100-owned-v4-qps2000-n4,final. lat. p50 (s),,V1,nan,nan,nan,10
slow100-owned-v4-qps2000-n4,final. lat. p50 (s),,V2,nan,nan,nan,10
slow100-owned-v4-qps2000-n4,final. lat. p95 (s),,V1,nan,nan,nan,10
slow100-owned-v4-qps2000-n4,final. lat. p95 (s),,V2,nan,nan,nan,10
slow100-owned-v4-qps2000-n4,final. lat. p99 (s),,V1,nan,nan,nan,10
slow100-owned-v4-qps2000-n4,final. lat. p99 (s),,V2,nan,nan,nan,10
slow100-owned-v4-qps2000-n4,submit lat. p50 (s),,V1,nan,nan,nan,10
slow100-owned-v4-qps2000-n4,submit lat. p50 (s),,V2,nan,nan,nan,10
slow100-owned-v4-qps2000-n4,submit lat. p95 (s),,V1,nan,nan,nan,10
slow100-owned-v4-qps2000-n4,submit lat. p95 (s),,V2,nan,nan,nan,10
slow100-owned-v4-qps2000-n4,ckpt lag p50 (s),,V1,0.18411478738392256,0.008817343209534364,0.0024284377298707535,10
slow100-owned-v4-qps2000-n4,ckpt lag p50 (s),,V2,0.20116211684985422,0.013440141845821485,0.0035199595724914995,10
slow100-owned-v4-qps2000-n4,ckpt lag p95 (s),,V1,0.2823702223989219,0.07405664893046718,0.021680121919266885,10
slow100-owned-v4-qps2000-n4,ckpt lag p95 (s),,V2,0.30623498195516974,0.0742713699842972,0.01996384366995,10
slow100-owned-v4-qps2000-n4,ckpt lag p99 (s),,V1,0.33677930236543185,0.10855329204680046,0.02820470221787272,10
slow100-owned-v4-qps2000-n4,ckpt lag p99 (s),,V2,0.3663390891466736,0.12403201413114158,0.03132845449767977,10
slow100-owned-v4-qps2000-n4,exec. dispatch queue,,V1,546.2,226.21131713510712,75.40377237836904,10
slow100-owned-v4-qps2000-n4,exec. dispatch queue,,V2,606.4,237.67675527909748,79.22558509303249,10
slow100-owned-v4-qps2000-n4,pending txs,,V1,6.0,3.0659419433511785,1.021980647783726,10
slow100-owned-v4-qps2000-n4,pending txs,,V2,9.0,4.9396356140913875,1.646545204697129,10
slow100-owned-v4-qps2000-n4,exec. queue. delay p95 (s),,V1,0.0668587697652682,0.03256857474053477,0.007610231285790099,10
slow100-owned-v4-qps2000-n4,exec. queue. delay p95 (s),,V2,0.09566120877861672,0.05998369350936109,0.016397629263008865,10
slow100-owned-v4-qps2000-n4,post-cons shed drops / sec,,V1,0.0,0.0,0.0,10
slow100-owned-v4-qps2000-n4,post-cons shed drops / sec,,V2,0.0,0.0,0.0,10
slow100-owned-v4-qps2000-n4,shed % quorum,,V1,0.0,0.0,0.0,10
slow100-owned-v4-qps2000-n4,shed % quorum,,V2,0.0,0.0,0.0,10
slow100-owned-v4-qps2000-n4,shed % local,,V1,3.4,6.858571279792899,2.2861904265976327,10
slow100-owned-v4-qps2000-n4,shed % local,,V2,0.0,0.0,0.0,10
slow100-owned-v4-qps2000-n4,shed % cons-queue,,V1,0.0,0.0,0.0,10
slow100-owned-v4-qps2000-n4,shed % cons-queue,,V2,0.0,0.0,0.0,10
slow100-owned-v4-qps2000-n4,pre-cons overload rej / sec,,V1,nan,nan,nan,10
slow100-owned-v4-qps2000-n4,pre-cons overload rej / sec,,V2,nan,nan,nan,10
slow100-owned-v4-qps2000-n4,node CPU,,V1,13.703782366175139,1.6912310037782319,0.08256098632617313,10
slow100-owned-v4-qps2000-n4,node CPU,,V2,18.563237223777723,2.5209466757150287,0.11951628802240057,10
slow100-owned-v4-qps2000-n4,node memory RSS (bytes),,V1,1022556272.079602,278727496.2659281,10975958.206497803,10
slow100-owned-v4-qps2000-n4,node memory RSS (bytes),,V2,1057015064.5016502,290467373.64271414,11708500.979448535,10
slow100-owned-v4-qps2000-n4,overload graduated / sec,,V1,nan,nan,nan,10
slow100-owned-v4-qps2000-n4,overload graduated / sec,,V2,nan,nan,nan,10
slow100-owned-v4-qps2000-n4,overload max-pending / sec,,V1,nan,nan,nan,10
slow100-owned-v4-qps2000-n4,overload max-pending / sec,,V2,nan,nan,nan,10
slow100-owned-v4-qps2000-n4,overload semaphore / sec,,V1,nan,nan,nan,10
slow100-owned-v4-qps2000-n4,overload semaphore / sec,,V2,nan,nan,nan,10
slow100-owned-v4-qps2000-n4,attest. exec p50 (s),,V1,nan,nan,nan,10
slow100-owned-v4-qps2000-n4,attest. exec p50 (s),,V2,0.0066552189217646066,0.00031104627982506686,9.259843337381842e-05,10
slow100-owned-v4-qps2000-n4,attest. exec p95 (s),,V1,nan,nan,nan,10
slow100-owned-v4-qps2000-n4,attest. exec p95 (s),,V2,0.011774026587489321,0.002679238800294978,0.0007948819074154198,10
slow100-owned-v4-qps2000-n4,attest. exec p99 (s),,V1,nan,nan,nan,10
slow100-owned-v4-qps2000-n4,attest. exec p99 (s),,V2,0.021178339034423222,0.0016445022200219659,0.00048028969692166047,10
slow100-owned-v4-qps2000-n4,attest. wait p50 (s),,V1,nan,nan,nan,10
slow100-owned-v4-qps2000-n4,attest. wait p50 (s),,V2,0.0009391730884844794,0.00029129018500322355,6.770166115344764e-05,10
slow100-owned-v4-qps2000-n4,attest. wait p95 (s),,V1,nan,nan,nan,10
slow100-owned-v4-qps2000-n4,attest. wait p95 (s),,V2,0.0284441039383085,0.0168273624549916,0.004884858159990187,10
slow100-owned-v4-qps2000-n4,attest. wait p99 (s),,V1,nan,nan,nan,10
slow100-owned-v4-qps2000-n4,attest. wait p99 (s),,V2,0.05639205078673234,0.03340785430560035,0.009559111886091154,10
slow100-owned-v4-qps2000-n4,attest. resume p50 (s),,V1,nan,nan,nan,10
slow100-owned-v4-qps2000-n4,attest. resume p50 (s),,V2,0.0005218273237863356,6.388676651174452e-06,1.700826190466094e-06,10
slow100-owned-v4-qps2000-n4,attest. resume p95 (s),,V1,nan,nan,nan,10
slow100-owned-v4-qps2000-n4,attest. resume p95 (s),,V2,0.0011307201425459848,0.0003685662230810097,7.814231982855382e-05,10
slow100-owned-v4-qps2000-n4,attest. resume p99 (s),,V1,nan,nan,nan,10
slow100-owned-v4-qps2000-n4,attest. resume p99 (s),,V2,0.004126310368027344,0.0006420069230456618,0.00012510054886446552,10
slow100-owned-v4-qps2000-n4,num_inflight,,V1,406.5,93.65388406254168,31.21796135418056,10
slow100-owned-v4-qps2000-n4,num_inflight,,V2,448.9,93.72454321040995,31.241514403469985,10
slow100-owned-v4-qps2000-n4,CUs,,V1,nan,nan,nan,10
slow100-owned-v4-qps2000-n4,CUs,,V2,4000.0,2.5460096104554264e-13,0.0,10
slow200-owned-f1-qps200-n4,TPS,,V1,221.43170291379212,4.376963348352416,0.4526355559220297,10
slow200-owned-f1-qps200-n4,TPS,,V2,222.2252576221216,5.212956070831626,0.3761646804579912,10
slow200-owned-f1-qps200-n4,attest. full p50 (s),,V1,nan,nan,nan,10
slow200-owned-f1-qps200-n4,attest. full p50 (s),,V2,0.03309985279287359,0.0011107644601832678,0.00029292212625284134,10
slow200-owned-f1-qps200-n4,attest. full p95 (s),,V1,nan,nan,nan,10
slow200-owned-f1-qps200-n4,attest. full p95 (s),,V2,0.04952008336148722,0.0005962792943760617,0.0001125235955805123,10
slow200-owned-f1-qps200-n4,attest. full p99 (s),,V1,nan,nan,nan,10
slow200-owned-f1-qps200-n4,attest. full p99 (s),,V2,0.06749014296954921,0.0024246375545043117,0.0003955492994486601,10
slow200-owned-f1-qps200-n4,attest. / sec,,V1,0.0,0.0,0.0,10
slow200-owned-f1-qps200-n4,attest. / sec,,V2,101.33646951151353,4.617339721085946,0.3800176535565724,10
slow200-owned-f1-qps200-n4,host CPU,,V1,33.219432570691026,12.299378346356315,0.3829218533340276,10
slow200-owned-f1-qps200-n4,host CPU,,V2,36.89935530133969,13.423948601622575,0.46512175615417206,10
slow200-owned-f1-qps200-n4,rec. → exec. p50 (s),,V1,0.35170118579160703,0.01921107082460406,0.005116493248966123,10
slow200-owned-f1-qps200-n4,rec. → exec. p50 (s),,V2,0.36816003818417536,0.006965280344747955,0.0011088496256210002,10
slow200-owned-f1-qps200-n4,rec. → exec. p95 (s),,V1,0.4862203284548509,0.0025068913742148954,0.00041956653842674483,10
slow200-owned-f1-qps200-n4,rec. → exec. p95 (s),,V2,0.494409367642386,0.04233889836525843,0.005239673556922079,10
slow200-owned-f1-qps200-n4,rec. → exec. p99 (s),,V1,0.5319785771278834,0.09183664857394357,0.015318507196076542,10
slow200-owned-f1-qps200-n4,rec. → exec. p99 (s),,V2,0.5823640205402236,0.1298870943056975,0.02046184214728394,10
slow200-owned-f1-qps200-n4,pc valid. lat. p50 (s),,V1,0.0004453632140264159,2.924044397442933e-05,7.758151259716779e-06,10
slow200-owned-f1-qps200-n4,pc valid. lat. p50 (s),,V2,0.0003679481099654481,1.2493396884901651e-05,2.2938758121483054e-06,10
slow200-owned-f1-qps200-n4,pc valid. lat. p95 (s),,V1,0.003044257748239114,0.0009946440575665627,0.0003083469531164326,10
slow200-owned-f1-qps200-n4,pc valid. lat. p95 (s),,V2,0.0013521027978109137,0.0005094417613536922,0.0001178123221615358,10
slow200-owned-f1-qps200-n4,exec. lat. p95 (s),,V1,0.05781992922113903,0.00487716610041661,0.0010827424695983383,10
slow200-owned-f1-qps200-n4,exec. lat. p95 (s),,V2,0.04929238268182223,0.00024660568958733526,4.233971800794033e-05,10
slow200-owned-f1-qps200-n4,valid. drop. / sec,,V1,0.0,0.0,0.0,10
slow200-owned-f1-qps200-n4,valid. drop. / sec,,V2,0.0,0.0,0.0,10
slow200-owned-f1-qps200-n4,final. lat. p50 (s),,V1,0.2890702473002264,0.008008006908948838,0.00243035195775176,10
slow200-owned-f1-qps200-n4,final. lat. p50 (s),,V2,0.3189135311138249,0.005782778888487262,0.001541748485851575,10
slow200-owned-f1-qps200-n4,final. lat. p95 (s),,V1,0.3897404917963796,0.03801529624314017,0.009857185944382672,10
slow200-owned-f1-qps200-n4,final. lat. p95 (s),,V2,0.4129592889034369,0.0442855896816125,0.012515240577276198,10
slow200-owned-f1-qps200-n4,final. lat. p99 (s),,V1,0.44841299994362255,0.06470601133708218,0.015266353509088115,10
slow200-owned-f1-qps200-n4,final. lat. p99 (s),,V2,0.4780575098476368,0.07167357079251559,0.01792920960000192,10
slow200-owned-f1-qps200-n4,submit lat. p50 (s),,V1,0.0037306494600865612,0.00023812150518242906,5.3837983345212034e-05,10
slow200-owned-f1-qps200-n4,submit lat. p50 (s),,V2,0.04143015314706127,0.0009697892303221014,0.00019078097916729367,10
slow200-owned-f1-qps200-n4,submit lat. p95 (s),,V1,0.03945948850415691,0.0038038859333210727,0.0008291783686403746,10
slow200-owned-f1-qps200-n4,submit lat. p95 (s),,V2,0.0720751047141083,0.0008701458792381779,0.00011360554056231256,10
slow200-owned-f1-qps200-n4,ckpt lag p50 (s),,V1,0.1999087151867227,0.007761735275379132,0.001594487940194458,10
slow200-owned-f1-qps200-n4,ckpt lag p50 (s),,V2,0.19969665705045095,0.0070873015295461195,0.0018098249886753805,10
slow200-owned-f1-qps200-n4,ckpt lag p95 (s),,V1,0.3151765445217849,0.2056625944732304,0.03739087490094948,10
slow200-owned-f1-qps200-n4,ckpt lag p95 (s),,V2,0.2816017046122631,0.04353428143630902,0.010738852329872919,10
slow200-owned-f1-qps200-n4,ckpt lag p99 (s),,V1,0.37535404155632096,0.28140154674683926,0.0561808548694518,10
slow200-owned-f1-qps200-n4,ckpt lag p99 (s),,V2,0.3247466577463407,0.06439922101716801,0.01688317961979429,10
slow200-owned-f1-qps200-n4,exec. dispatch queue,,V1,7.9,10.985900054160334,3.6619666847201113,10
slow200-owned-f1-qps200-n4,exec. dispatch queue,,V2,12.4,12.09297316626478,4.030991055421593,10
slow200-owned-f1-qps200-n4,pending txs,,V1,2.3,2.4919871588754225,0.8306623862918074,10
slow200-owned-f1-qps200-n4,pending txs,,V2,3.8,2.821347195933177,0.9404490653110589,10
slow200-owned-f1-qps200-n4,exec. queue. delay p95 (s),,V1,0.002432697849262662,0.001980023040121419,0.0004956514551231104,10
slow200-owned-f1-qps200-n4,exec. queue. delay p95 (s),,V2,0.002404454647700119,0.0020367278257093567,0.0005450228337865223,10
slow200-owned-f1-qps200-n4,post-cons shed drops / sec,,V1,0.0,0.0,0.0,10
slow200-owned-f1-qps200-n4,post-cons shed drops / sec,,V2,0.0,0.0,0.0,10
slow200-owned-f1-qps200-n4,shed % quorum,,V1,0.0,0.0,0.0,10
slow200-owned-f1-qps200-n4,shed % quorum,,V2,0.0,0.0,0.0,10
slow200-owned-f1-qps200-n4,shed % local,,V1,0.0,0.0,0.0,10
slow200-owned-f1-qps200-n4,shed % local,,V2,0.0,0.0,0.0,10
slow200-owned-f1-qps200-n4,shed % cons-queue,,V1,0.0,0.0,0.0,10
slow200-owned-f1-qps200-n4,shed % cons-queue,,V2,0.0,0.0,0.0,10
slow200-owned-f1-qps200-n4,pre-cons overload rej / sec,,V1,nan,nan,nan,10
slow200-owned-f1-qps200-n4,pre-cons overload rej / sec,,V2,nan,nan,nan,10
slow200-owned-f1-qps200-n4,node CPU,,V1,7.642495071688061,0.9815199546334187,0.10040233908797631,10
slow200-owned-f1-qps200-n4,node CPU,,V2,10.12976471694718,1.4952698432046136,0.11304856940196524,10
slow200-owned-f1-qps200-n4,node memory RSS (bytes),,V1,467779485.4707904,57643626.567417696,4642752.903508839,10
slow200-owned-f1-qps200-n4,node memory RSS (bytes),,V2,459742222.0273973,53759290.48168062,3707274.7447839067,10
slow200-owned-f1-qps200-n4,overload graduated / sec,,V1,nan,nan,nan,10
slow200-owned-f1-qps200-n4,overload graduated / sec,,V2,nan,nan,nan,10
slow200-owned-f1-qps200-n4,overload max-pending / sec,,V1,nan,nan,nan,10
slow200-owned-f1-qps200-n4,overload max-pending / sec,,V2,nan,nan,nan,10
slow200-owned-f1-qps200-n4,overload semaphore / sec,,V1,nan,nan,nan,10
slow200-owned-f1-qps200-n4,overload semaphore / sec,,V2,nan,nan,nan,10
slow200-owned-f1-qps200-n4,attest. exec p50 (s),,V1,nan,nan,nan,10
slow200-owned-f1-qps200-n4,attest. exec p50 (s),,V2,0.032692709386001065,0.0014082875207617122,0.0003535321539284888,10
slow200-owned-f1-qps200-n4,attest. exec p95 (s),,V1,nan,nan,nan,10
slow200-owned-f1-qps200-n4,attest. exec p95 (s),,V2,0.04931710567180313,0.0004781851398532165,8.171655269892072e-05,10
slow200-owned-f1-qps200-n4,attest. exec p99 (s),,V1,nan,nan,nan,10
slow200-owned-f1-qps200-n4,attest. exec p99 (s),,V2,0.06665417090499341,0.0025788989714770998,0.0004476938585686168,10
slow200-owned-f1-qps200-n4,attest. wait p50 (s),,V1,nan,nan,nan,10
slow200-owned-f1-qps200-n4,attest. wait p50 (s),,V2,0.0005304609326769472,0.0002142282976302906,1.0245979293872058e-05,10
slow200-owned-f1-qps200-n4,attest. wait p95 (s),,V1,nan,nan,nan,10
slow200-owned-f1-qps200-n4,attest. wait p95 (s),,V2,0.0013619443848961097,0.0008630502821707351,0.00013132910775687668,10
slow200-owned-f1-qps200-n4,attest. wait p99 (s),,V1,nan,nan,nan,10
slow200-owned-f1-qps200-n4,attest. wait p99 (s),,V2,0.006129288377187056,0.003918660497850065,0.000514913499358017,10
slow200-owned-f1-qps200-n4,attest. resume p50 (s),,V1,nan,nan,nan,10
slow200-owned-f1-qps200-n4,attest. resume p50 (s),,V2,0.0005128291960449169,5.697320248890283e-06,1.4565499755122718e-06,10
slow200-owned-f1-qps200-n4,attest. resume p95 (s),,V1,nan,nan,nan,10
slow200-owned-f1-qps200-n4,attest. resume p95 (s),,V2,0.0009793539785677011,6.71611760681836e-05,5.392094503594912e-06,10
slow200-owned-f1-qps200-n4,attest. resume p99 (s),,V1,nan,nan,nan,10
slow200-owned-f1-qps200-n4,attest. resume p99 (s),,V2,0.003083847932149989,0.0009696066282067616,0.00023413501609034193,10
slow200-owned-f1-qps200-n4,num_inflight,,V1,42.4,4.1036569057366385,1.367885635245546,10
slow200-owned-f1-qps200-n4,num_inflight,,V2,45.5,5.5362442142665635,1.8454147380888546,10
slow200-owned-f1-qps200-n4,CUs,,V1,nan,nan,nan,10
slow200-owned-f1-qps200-n4,CUs,,V2,128000.0,9.845384059234032e-12,0.0,10
slow200-owned-v1-qps200-n4,TPS,,V1,221.78194828019082,3.0769182850448993,0.1666798938615006,10
slow200-owned-v1-qps200-n4,TPS,,V2,220.41698184436015,42.42876712974689,1.4252951756712504,10
slow200-owned-v1-qps200-n4,attest. full p50 (s),,V1,nan,nan,nan,10
slow200-owned-v1-qps200-n4,attest. full p50 (s),,V2,0.03265078616013531,0.0011259278530779135,0.0003056340807930459,10
slow200-owned-v1-qps200-n4,attest. full p95 (s),,V1,nan,nan,nan,10
slow200-owned-v1-qps200-n4,attest. full p95 (s),,V2,0.04915005605353585,0.0002909878130596747,6.240190221109221e-05,10
slow200-owned-v1-qps200-n4,attest. full p99 (s),,V1,nan,nan,nan,10
slow200-owned-v1-qps200-n4,attest. full p99 (s),,V2,0.06497546252052278,0.0035023095272989613,0.0005138400254149344,10
slow200-owned-v1-qps200-n4,attest. / sec,,V1,0.0,0.0,0.0,10
slow200-owned-v1-qps200-n4,attest. / sec,,V2,198.56724539963477,16.773141071794235,0.5921753035269927,10
slow200-owned-v1-qps200-n4,host CPU,,V1,32.917126147070405,11.979466715541886,0.5080134385000424,10
slow200-owned-v1-qps200-n4,host CPU,,V2,35.05845118427046,13.122671719480268,0.4797178331315252,10
slow200-owned-v1-qps200-n4,rec. → exec. p50 (s),,V1,0.33723688152371983,0.01396879011036172,0.004180166557513065,10
slow200-owned-v1-qps200-n4,rec. → exec. p50 (s),,V2,0.3582913732892379,0.00921591602341785,0.002564356476910725,10
slow200-owned-v1-qps200-n4,rec. → exec. p95 (s),,V1,0.48450778329547317,0.004269670552345111,0.00036819202527571163,10
slow200-owned-v1-qps200-n4,rec. → exec. p95 (s),,V2,0.48855049353336766,0.0034046161774823444,0.00042454139071463763,10
slow200-owned-v1-qps200-n4,rec. → exec. p99 (s),,V1,0.5134819241327628,0.06812375870137909,0.008322304955657849,10
slow200-owned-v1-qps200-n4,rec. → exec. p99 (s),,V2,0.5860970655986572,0.1410554540533192,0.021998308549036553,10
slow200-owned-v1-qps200-n4,pc valid. lat. p50 (s),,V1,0.00042852309124576934,2.0429481191278237e-05,5.772872409373558e-06,10
slow200-owned-v1-qps200-n4,pc valid. lat. p50 (s),,V2,0.00036755515242978666,1.2584203878512793e-05,2.587883423991326e-06,10
slow200-owned-v1-qps200-n4,pc valid. lat. p95 (s),,V1,0.003916907481219044,0.00011647893916591078,1.4769991152315082e-05,10
slow200-owned-v1-qps200-n4,pc valid. lat. p95 (s),,V2,0.0024005962563493637,0.0006903193453076328,0.0001495905270384043,10
slow200-owned-v1-qps200-n4,exec. lat. p95 (s),,V1,0.061231707274680844,0.0055924626765252875,0.0014449150159004968,10
slow200-owned-v1-qps200-n4,exec. lat. p95 (s),,V2,0.049514352468083424,0.0016134507240679083,0.0001621951652134037,10
slow200-owned-v1-qps200-n4,valid. drop. / sec,,V1,0.0,0.0,0.0,10
slow200-owned-v1-qps200-n4,valid. drop. / sec,,V2,0.0,0.0,0.0,10
slow200-owned-v1-qps200-n4,final. lat. p50 (s),,V1,nan,nan,nan,10
slow200-owned-v1-qps200-n4,final. lat. p50 (s),,V2,nan,nan,nan,10
slow200-owned-v1-qps200-n4,final. lat. p95 (s),,V1,nan,nan,nan,10
slow200-owned-v1-qps200-n4,final. lat. p95 (s),,V2,nan,nan,nan,10
slow200-owned-v1-qps200-n4,final. lat. p99 (s),,V1,nan,nan,nan,10
slow200-owned-v1-qps200-n4,final. lat. p99 (s),,V2,nan,nan,nan,10
slow200-owned-v1-qps200-n4,submit lat. p50 (s),,V1,nan,nan,nan,10
slow200-owned-v1-qps200-n4,submit lat. p50 (s),,V2,nan,nan,nan,10
slow200-owned-v1-qps200-n4,submit lat. p95 (s),,V1,nan,nan,nan,10
slow200-owned-v1-qps200-n4,submit lat. p95 (s),,V2,nan,nan,nan,10
slow200-owned-v1-qps200-n4,ckpt lag p50 (s),,V1,0.19622879454224937,0.008071505315367019,0.0020316516105151616,10
slow200-owned-v1-qps200-n4,ckpt lag p50 (s),,V2,0.3023094495442565,0.851044096605622,0.11535715283906242,10
slow200-owned-v1-qps200-n4,ckpt lag p95 (s),,V1,0.28322176710908054,0.046970965601098986,0.01382113714686882,10
slow200-owned-v1-qps200-n4,ckpt lag p95 (s),,V2,0.5750520742472724,1.8891765368387705,0.2901891791921945,10
slow200-owned-v1-qps200-n4,ckpt lag p99 (s),,V1,0.3238669750131315,0.0714184588077013,0.019652102933662586,10
slow200-owned-v1-qps200-n4,ckpt lag p99 (s),,V2,0.650738046303231,2.004522908070873,0.3089425485935905,10
slow200-owned-v1-qps200-n4,exec. dispatch queue,,V1,18.4,15.226293048539423,5.075431016179808,10
slow200-owned-v1-qps200-n4,exec. dispatch queue,,V2,30.8,39.60252517201397,13.200841724004656,10
slow200-owned-v1-qps200-n4,pending txs,,V1,4.1,1.7578395831246945,0.5859465277082315,10
slow200-owned-v1-qps200-n4,pending txs,,V2,4.9,4.90815647672321,1.6360521589077368,10
slow200-owned-v1-qps200-n4,exec. queue. delay p95 (s),,V1,0.002579017876897871,0.0021454623998632258,0.0005787328645197034,10
slow200-owned-v1-qps200-n4,exec. queue. delay p95 (s),,V2,0.0031805287767641545,0.0023031414976299016,0.000628058688305695,10
slow200-owned-v1-qps200-n4,post-cons shed drops / sec,,V1,0.0,0.0,0.0,10
slow200-owned-v1-qps200-n4,post-cons shed drops / sec,,V2,0.0,0.0,0.0,10
slow200-owned-v1-qps200-n4,shed % quorum,,V1,0.0,0.0,0.0,10
slow200-owned-v1-qps200-n4,shed % quorum,,V2,0.0,0.0,0.0,10
slow200-owned-v1-qps200-n4,shed % local,,V1,0.0,0.0,0.0,10
slow200-owned-v1-qps200-n4,shed % local,,V2,0.0,0.0,0.0,10
slow200-owned-v1-qps200-n4,shed % cons-queue,,V1,0.0,0.0,0.0,10
slow200-owned-v1-qps200-n4,shed % cons-queue,,V2,0.0,0.0,0.0,10
slow200-owned-v1-qps200-n4,pre-cons overload rej / sec,,V1,nan,nan,nan,10
slow200-owned-v1-qps200-n4,pre-cons overload rej / sec,,V2,nan,nan,nan,10
slow200-owned-v1-qps200-n4,node CPU,,V1,7.771683353903718,1.1003073648379067,0.13297007110314787,10
slow200-owned-v1-qps200-n4,node CPU,,V2,12.742996424930174,1.8820510961156838,0.22108545415488523,10
slow200-owned-v1-qps200-n4,node memory RSS (bytes),,V1,483172146.49134946,58988802.292140245,4459941.595322444,10
slow200-owned-v1-qps200-n4,node memory RSS (bytes),,V2,482515122.39721256,61110953.88976054,5386870.712606882,10
slow200-owned-v1-qps200-n4,overload graduated / sec,,V1,nan,nan,nan,10
slow200-owned-v1-qps200-n4,overload graduated / sec,,V2,nan,nan,nan,10
slow200-owned-v1-qps200-n4,overload max-pending / sec,,V1,nan,nan,nan,10
slow200-owned-v1-qps200-n4,overload max-pending / sec,,V2,nan,nan,nan,10
slow200-owned-v1-qps200-n4,overload semaphore / sec,,V1,nan,nan,nan,10
slow200-owned-v1-qps200-n4,overload semaphore / sec,,V2,nan,nan,nan,10
slow200-owned-v1-qps200-n4,attest. exec p50 (s),,V1,nan,nan,nan,10
slow200-owned-v1-qps200-n4,attest. exec p50 (s),,V2,0.03166907267772109,0.0016249707717281828,0.0004474486484261355,10
slow200-owned-v1-qps200-n4,attest. exec p95 (s),,V1,nan,nan,nan,10
slow200-owned-v1-qps200-n4,attest. exec p95 (s),,V2,0.048930875464699895,0.0002996438026379232,6.97857986150995e-05,10
slow200-owned-v1-qps200-n4,attest. exec p99 (s),,V1,nan,nan,nan,10
slow200-owned-v1-qps200-n4,attest. exec p99 (s),,V2,0.06292718385770495,0.0038434612987052713,0.0006280900449154496,10
slow200-owned-v1-qps200-n4,attest. wait p50 (s),,V1,nan,nan,nan,10
slow200-owned-v1-qps200-n4,attest. wait p50 (s),,V2,0.0005444966339192951,2.0104378414315243e-05,5.245515882391233e-06,10
slow200-owned-v1-qps200-n4,attest. wait p95 (s),,V1,nan,nan,nan,10
slow200-owned-v1-qps200-n4,attest. wait p95 (s),,V2,0.0037029589270233705,0.0025727095445085262,0.0006117322369376086,10
slow200-owned-v1-qps200-n4,attest. wait p99 (s),,V1,nan,nan,nan,10
slow200-owned-v1-qps200-n4,attest. wait p99 (s),,V2,0.013787968261387746,0.006120665541494316,0.0015039820959278423,10
slow200-owned-v1-qps200-n4,attest. resume p50 (s),,V1,nan,nan,nan,10
slow200-owned-v1-qps200-n4,attest. resume p50 (s),,V2,0.0005162156529442722,5.063573092012586e-06,7.586635488395264e-07,10
slow200-owned-v1-qps200-n4,attest. resume p95 (s),,V1,nan,nan,nan,10
slow200-owned-v1-qps200-n4,attest. resume p95 (s),,V2,0.0010035120081027839,0.0001904075147287151,1.4612619547744298e-05,10
slow200-owned-v1-qps200-n4,attest. resume p99 (s),,V1,nan,nan,nan,10
slow200-owned-v1-qps200-n4,attest. resume p99 (s),,V2,0.0036780914522980567,0.0006071341951965518,8.725961894462144e-05,10
slow200-owned-v1-qps200-n4,num_inflight,,V1,77.1,18.37090090333079,6.123633634443595,10
slow200-owned-v1-qps200-n4,num_inflight,,V2,84.4,22.37945486378075,7.459818287926916,10
slow200-owned-v1-qps200-n4,CUs,,V1,nan,nan,nan,10
slow200-owned-v1-qps200-n4,CUs,,V2,128000.0,9.871487642103081e-12,0.0,10
slow200-owned-v4-qps200-n4,TPS,,V1,221.89409362269984,3.6044610017571976,0.21765327173904533,10
slow200-owned-v4-qps200-n4,TPS,,V2,220.59676304353903,9.202418863814133,1.2631469974380187,10
slow200-owned-v4-qps200-n4,attest. full p50 (s),,V1,nan,nan,nan,10
slow200-owned-v4-qps200-n4,attest. full p50 (s),,V2,0.03332399222041342,0.000988337168867868,0.00027101754141489314,10
slow200-owned-v4-qps200-n4,attest. full p95 (s),,V1,nan,nan,nan,10
slow200-owned-v4-qps200-n4,attest. full p95 (s),,V2,0.049690312056270246,0.0009254244056005985,0.0001441816643152825,10
slow200-owned-v4-qps200-n4,attest. full p99 (s),,V1,nan,nan,nan,10
slow200-owned-v4-qps200-n4,attest. full p99 (s),,V2,0.06776096018312674,0.0023787114480469814,0.0003965875839248717,10
slow200-owned-v4-qps200-n4,attest. / sec,,V1,0.0,0.0,0.0,10
slow200-owned-v4-qps200-n4,attest. / sec,,V2,100.99494257209926,7.922790049569698,0.23977080002935006,10
slow200-owned-v4-qps200-n4,host CPU,,V1,33.17487036830668,12.326800052037836,0.24855866365147516,10
slow200-owned-v4-qps200-n4,host CPU,,V2,35.94285154389816,13.400202787312708,0.5195834359229924,10
slow200-owned-v4-qps200-n4,rec. → exec. p50 (s),,V1,0.3483872161535978,0.012500512285768466,0.003186894005701669,10
slow200-owned-v4-qps200-n4,rec. → exec. p50 (s),,V2,0.3639025961583988,0.008090200254193415,0.002274035477633224,10
slow200-owned-v4-qps200-n4,rec. → exec. p95 (s),,V1,0.4855787688968917,0.002236617205029698,0.0004862558781011832,10
slow200-owned-v4-qps200-n4,rec. → exec. p95 (s),,V2,0.48918493090870224,0.01329545235288796,0.0007945525358263194,10
slow200-owned-v4-qps200-n4,rec. → exec. p99 (s),,V1,0.5158927578964863,0.06932385559162135,0.013519723474846534,10
slow200-owned-v4-qps200-n4,rec. → exec. p99 (s),,V2,0.5630594897238133,0.12521523990356356,0.01892771746961365,10
slow200-owned-v4-qps200-n4,pc valid. lat. p50 (s),,V1,0.00044344475310549114,2.1053665823684215e-05,5.304887416339592e-06,10
slow200-owned-v4-qps200-n4,pc valid. lat. p50 (s),,V2,0.0003662605078669199,1.3256865349176735e-05,2.2905699839183986e-06,10
slow200-owned-v4-qps200-n4,pc valid. lat. p95 (s),,V1,0.0033615300434111472,0.0008944200663352536,0.00029312696190833266,10
slow200-owned-v4-qps200-n4,pc valid. lat. p95 (s),,V2,0.0014938333433379167,0.0005453028695757073,0.00010333145157300112,10
slow200-owned-v4-qps200-n4,exec. lat. p95 (s),,V1,0.05976009033500262,0.005617088286984939,0.0014643976007721051,10
slow200-owned-v4-qps200-n4,exec. lat. p95 (s),,V2,0.04925362678590352,0.001108857306025965,6.261025618224455e-05,10
slow200-owned-v4-qps200-n4,valid. drop. / sec,,V1,0.0,0.0,0.0,10
slow200-owned-v4-qps200-n4,valid. drop. / sec,,V2,0.0,0.0,0.0,10
slow200-owned-v4-qps200-n4,final. lat. p50 (s),,V1,nan,nan,nan,10
slow200-owned-v4-qps200-n4,final. lat. p50 (s),,V2,nan,nan,nan,10
slow200-owned-v4-qps200-n4,final. lat. p95 (s),,V1,nan,nan,nan,10
slow200-owned-v4-qps200-n4,final. lat. p95 (s),,V2,nan,nan,nan,10
slow200-owned-v4-qps200-n4,final. lat. p99 (s),,V1,nan,nan,nan,10
slow200-owned-v4-qps200-n4,final. lat. p99 (s),,V2,nan,nan,nan,10
slow200-owned-v4-qps200-n4,submit lat. p50 (s),,V1,nan,nan,nan,10
slow200-owned-v4-qps200-n4,submit lat. p50 (s),,V2,nan,nan,nan,10
slow200-owned-v4-qps200-n4,submit lat. p95 (s),,V1,nan,nan,nan,10
slow200-owned-v4-qps200-n4,submit lat. p95 (s),,V2,nan,nan,nan,10
slow200-owned-v4-qps200-n4,ckpt lag p50 (s),,V1,0.20065279121369722,0.005186933469656692,0.0008177518506561441,10
slow200-owned-v4-qps200-n4,ckpt lag p50 (s),,V2,0.19909350041950663,0.008637286982822335,0.0015992406080531515,10
slow200-owned-v4-qps200-n4,ckpt lag p95 (s),,V1,0.2744785865118683,0.041923592690078386,0.010102049241298715,10
slow200-owned-v4-qps200-n4,ckpt lag p95 (s),,V2,0.37119025863101573,0.42514890715006953,0.0876544870866986,10
slow200-owned-v4-qps200-n4,ckpt lag p99 (s),,V1,0.3214078941431383,0.07094363322866304,0.01859466521297259,10
slow200-owned-v4-qps200-n4,ckpt lag p99 (s),,V2,0.4323443496692368,0.5235726327163404,0.1095763763378021,10
slow200-owned-v4-qps200-n4,exec. dispatch queue,,V1,18.4,17.551068343551055,5.850356114517019,10
slow200-owned-v4-qps200-n4,exec. dispatch queue,,V2,17.0,11.251666543228163,3.7505555144093874,10
slow200-owned-v4-qps200-n4,pending txs,,V1,3.8,2.749545416973504,0.916515138991168,10
slow200-owned-v4-qps200-n4,pending txs,,V2,5.7,7.523961722390672,2.5079872407968904,10
slow200-owned-v4-qps200-n4,exec. queue. delay p95 (s),,V1,0.0017054813334540953,0.0017179142084818794,0.0003801695328816975,10
slow200-owned-v4-qps200-n4,exec. queue. delay p95 (s),,V2,0.0025664657237760226,0.00207651517985743,0.000627111625095251,10
slow200-owned-v4-qps200-n4,post-cons shed drops / sec,,V1,0.0,0.0,0.0,10
slow200-owned-v4-qps200-n4,post-cons shed drops / sec,,V2,0.0,0.0,0.0,10
slow200-owned-v4-qps200-n4,shed % quorum,,V1,0.0,0.0,0.0,10
slow200-owned-v4-qps200-n4,shed % quorum,,V2,0.0,0.0,0.0,10
slow200-owned-v4-qps200-n4,shed % local,,V1,0.0,0.0,0.0,10
slow200-owned-v4-qps200-n4,shed % local,,V2,0.0,0.0,0.0,10
slow200-owned-v4-qps200-n4,shed % cons-queue,,V1,0.0,0.0,0.0,10
slow200-owned-v4-qps200-n4,shed % cons-queue,,V2,0.0,0.0,0.0,10
slow200-owned-v4-qps200-n4,pre-cons overload rej / sec,,V1,nan,nan,nan,10
slow200-owned-v4-qps200-n4,pre-cons overload rej / sec,,V2,nan,nan,nan,10
slow200-owned-v4-qps200-n4,node CPU,,V1,7.896715515299899,1.0912195092288017,0.08510297016362947,10
slow200-owned-v4-qps200-n4,node CPU,,V2,10.157077909987116,1.5266974315179225,0.14792414601408016,10
slow200-owned-v4-qps200-n4,node memory RSS (bytes),,V1,469739338.35130435,55739332.36828547,3223840.228826088,10
slow200-owned-v4-qps200-n4,node memory RSS (bytes),,V2,462128059.02590674,56190091.53853016,5355831.958259434,10
slow200-owned-v4-qps200-n4,overload graduated / sec,,V1,nan,nan,nan,10
slow200-owned-v4-qps200-n4,overload graduated / sec,,V2,nan,nan,nan,10
slow200-owned-v4-qps200-n4,overload max-pending / sec,,V1,nan,nan,nan,10
slow200-owned-v4-qps200-n4,overload max-pending / sec,,V2,nan,nan,nan,10
slow200-owned-v4-qps200-n4,overload semaphore / sec,,V1,nan,nan,nan,10
slow200-owned-v4-qps200-n4,overload semaphore / sec,,V2,nan,nan,nan,10
slow200-owned-v4-qps200-n4,attest. exec p50 (s),,V1,nan,nan,nan,10
slow200-owned-v4-qps200-n4,attest. exec p50 (s),,V2,0.03280731963802829,0.001264348443879899,0.0003559484107257463,10
slow200-owned-v4-qps200-n4,attest. exec p95 (s),,V1,nan,nan,nan,10
slow200-owned-v4-qps200-n4,attest. exec p95 (s),,V2,0.04943081738884948,0.0006789744136346807,0.0001073146243279262,10
slow200-owned-v4-qps200-n4,attest. exec p99 (s),,V1,nan,nan,nan,10
slow200-owned-v4-qps200-n4,attest. exec p99 (s),,V2,0.06668899548687367,0.0028832923626026007,0.0005119204294922987,10
slow200-owned-v4-qps200-n4,attest. wait p50 (s),,V1,nan,nan,nan,10
slow200-owned-v4-qps200-n4,attest. wait p50 (s),,V2,0.0005281270215118785,1.466594264080554e-05,3.5822231934420783e-06,10
slow200-owned-v4-qps200-n4,attest. wait p95 (s),,V1,nan,nan,nan,10
slow200-owned-v4-qps200-n4,attest. wait p95 (s),,V2,0.0019035856726190464,0.0012799633678120981,0.0002821499133659909,10
slow200-owned-v4-qps200-n4,attest. wait p99 (s),,V1,nan,nan,nan,10
slow200-owned-v4-qps200-n4,attest. wait p99 (s),,V2,0.008075404643900901,0.00470375261508528,0.0010270279857563561,10
slow200-owned-v4-qps200-n4,attest. resume p50 (s),,V1,nan,nan,nan,10
slow200-owned-v4-qps200-n4,attest. resume p50 (s),,V2,0.0005134469830299645,4.899650594138835e-06,1.0637520522548172e-06,10
slow200-owned-v4-qps200-n4,attest. resume p95 (s),,V1,nan,nan,nan,10
slow200-owned-v4-qps200-n4,attest. resume p95 (s),,V2,0.0009797459450518965,6.244392210233311e-05,3.794041169535029e-06,10
slow200-owned-v4-qps200-n4,attest. resume p99 (s),,V1,nan,nan,nan,10
slow200-owned-v4-qps200-n4,attest. resume p99 (s),,V2,0.0032916191358859136,0.0008249673505142034,0.00020860359617566753,10
slow200-owned-v4-qps200-n4,num_inflight,,V1,45.0,10.256705123966467,3.4189017079888226,10
slow200-owned-v4-qps200-n4,num_inflight,,V2,43.9,5.923681287847955,1.9745604292826515,10
slow200-owned-v4-qps200-n4,CUs,,V1,nan,nan,nan,10
slow200-owned-v4-qps200-n4,CUs,,V2,128000.0,9.939600407453741e-12,0.0,10
slow200-owned-f1-qps1000-n4,TPS,,V1,746.5857559955863,160.73278451924338,28.665877134484557,10
slow200-owned-f1-qps1000-n4,TPS,,V2,583.6701155462185,168.18473268328975,24.227622684177298,10
slow200-owned-f1-qps1000-n4,attest. full p50 (s),,V1,nan,nan,nan,10
slow200-owned-f1-qps1000-n4,attest. full p50 (s),,V2,0.11394122620638505,0.02999196178185028,0.0042862261970755535,10
slow200-owned-f1-qps1000-n4,attest. full p95 (s),,V1,nan,nan,nan,10
slow200-owned-f1-qps1000-n4,attest. full p95 (s),,V2,0.44429153952196704,0.07549267404806309,0.012213576588651342,10
slow200-owned-f1-qps1000-n4,attest. full p99 (s),,V1,nan,nan,nan,10
slow200-owned-f1-qps1000-n4,attest. full p99 (s),,V2,0.6495977616034149,0.11041903665997559,0.014813871122451625,10
slow200-owned-f1-qps1000-n4,attest. / sec,,V1,0.0,0.0,0.0,10
slow200-owned-f1-qps1000-n4,attest. / sec,,V2,306.37470788315323,94.20521286090465,11.077682543815296,10
slow200-owned-f1-qps1000-n4,host CPU,,V1,80.11345803719551,32.32401127718531,2.6862034267659167,10
slow200-owned-f1-qps1000-n4,host CPU,,V2,75.66398375384625,33.98634517154749,2.5713714605814544,10
slow200-owned-f1-qps1000-n4,rec. → exec. p50 (s),,V1,0.7865886752588965,0.21995919239009226,0.02956403697493709,10
slow200-owned-f1-qps1000-n4,rec. → exec. p50 (s),,V2,1.3745135034893317,0.3104445976095359,0.028313348394223063,10
slow200-owned-f1-qps1000-n4,rec. → exec. p95 (s),,V1,1.5585620798029316,0.3968359058243451,0.051921941391371754,10
slow200-owned-f1-qps1000-n4,rec. → exec. p95 (s),,V2,2.366484406660194,0.47172249951908896,0.05734424201454731,10
slow200-owned-f1-qps1000-n4,rec. → exec. p99 (s),,V1,1.8048727684925667,0.4065654962461454,0.0557899826878077,10
slow200-owned-f1-qps1000-n4,rec. → exec. p99 (s),,V2,2.7109012709172364,0.45959653850874177,0.04925643495131927,10
slow200-owned-f1-qps1000-n4,pc valid. lat. p50 (s),,V1,0.0023102586968742175,0.0007994230689928823,0.00014920679896920507,10
slow200-owned-f1-qps1000-n4,pc valid. lat. p50 (s),,V2,0.001109607068318861,0.0005982145540688389,6.445592339029067e-05,10
slow200-owned-f1-qps1000-n4,pc valid. lat. p95 (s),,V1,0.018590402066543926,0.004563060110652125,0.0008339366516413769,10
slow200-owned-f1-qps1000-n4,pc valid. lat. p95 (s),,V2,0.01165394088315207,0.004738294219192573,0.0006213891935300605,10
slow200-owned-f1-qps1000-n4,exec. lat. p95 (s),,V1,0.21218002843094289,0.028300305819286307,0.004630509825973193,10
slow200-owned-f1-qps1000-n4,exec. lat. p95 (s),,V2,0.18532073157849654,0.04352112366511652,0.005356994313040678,10
slow200-owned-f1-qps1000-n4,valid. drop. / sec,,V1,0.0,0.0,0.0,10
slow200-owned-f1-qps1000-n4,valid. drop. / sec,,V2,0.0,0.0,0.0,10
slow200-owned-f1-qps1000-n4,final. lat. p50 (s),,V1,0.8044594314841791,0.12764183765366424,0.020412107410281335,10
slow200-owned-f1-qps1000-n4,final. lat. p50 (s),,V2,1.2548068038360545,0.24625106881279898,0.022649883880141664,10
slow200-owned-f1-qps1000-n4,final. lat. p95 (s),,V1,1.2007665981512348,0.20044680671085044,0.026918723346291803,10
slow200-owned-f1-qps1000-n4,final. lat. p95 (s),,V2,1.9997178201517167,0.3696821816468366,0.030504407281042163,10
slow200-owned-f1-qps1000-n4,final. lat. p99 (s),,V1,1.3634415855353053,0.26050053625153025,0.03499605114534174,10
slow200-owned-f1-qps1000-n4,final. lat. p99 (s),,V2,2.316685387173847,0.41283585650981885,0.03904163140281857,10
slow200-owned-f1-qps1000-n4,submit lat. p50 (s),,V1,0.08302960350138316,0.018648809109307107,0.003074992231748277,10
slow200-owned-f1-qps1000-n4,submit lat. p50 (s),,V2,0.2607203727266794,0.08061597906672736,0.008898508887087703,10
slow200-owned-f1-qps1000-n4,submit lat. p95 (s),,V1,0.26774320075449587,0.08525335079207418,0.00998053540975192,10
slow200-owned-f1-qps1000-n4,submit lat. p95 (s),,V2,0.7535875377908393,0.19784719140177925,0.021171447636093237,10
slow200-owned-f1-qps1000-n4,ckpt lag p50 (s),,V1,0.8420602445131454,1.152863106881702,0.16449260233055624,10
slow200-owned-f1-qps1000-n4,ckpt lag p50 (s),,V2,1.3594620558430541,2.06182935109282,0.23543808469580765,10
slow200-owned-f1-qps1000-n4,ckpt lag p95 (s),,V1,3.1226084302750237,3.2577325051353956,0.4070133247581692,10
slow200-owned-f1-qps1000-n4,ckpt lag p95 (s),,V2,4.473548721816595,3.570346607549771,0.40082688402595346,10
slow200-owned-f1-qps1000-n4,ckpt lag p99 (s),,V1,3.9464711190584105,3.689828351139338,0.46812638207560403,10
slow200-owned-f1-qps1000-n4,ckpt lag p99 (s),,V2,5.395829562623578,3.8572656917858823,0.45037754588012935,10
slow200-owned-f1-qps1000-n4,exec. dispatch queue,,V1,876.6,283.81796983277854,94.60598994425952,10
slow200-owned-f1-qps1000-n4,exec. dispatch queue,,V2,1280.1,207.16585143309698,69.05528381103231,10
slow200-owned-f1-qps1000-n4,pending txs,,V1,44.8,25.126878039263055,8.375626013087684,10
slow200-owned-f1-qps1000-n4,pending txs,,V2,63.3,18.34148303709381,6.11382767903127,10
slow200-owned-f1-qps1000-n4,exec. queue. delay p95 (s),,V1,0.5077526671122299,0.22925269574479454,0.03074668168494297,10
slow200-owned-f1-qps1000-n4,exec. queue. delay p95 (s),,V2,0.9972257102609462,0.3963078795088936,0.04941528583886539,10
slow200-owned-f1-qps1000-n4,post-cons shed drops / sec,,V1,0.0,0.0,0.0,10
slow200-owned-f1-qps1000-n4,post-cons shed drops / sec,,V2,0.0,0.0,0.0,10
slow200-owned-f1-qps1000-n4,shed % quorum,,V1,0.0,0.0,0.0,10
slow200-owned-f1-qps1000-n4,shed % quorum,,V2,0.0,0.0,0.0,10
slow200-owned-f1-qps1000-n4,shed % local,,V1,2.2,6.6,2.1999999999999997,10
slow200-owned-f1-qps1000-n4,shed % local,,V2,1.1,2.4677925358506134,0.8225975119502045,10
slow200-owned-f1-qps1000-n4,shed % cons-queue,,V1,0.0,0.0,0.0,10
slow200-owned-f1-qps1000-n4,shed % cons-queue,,V2,0.0,0.0,0.0,10
slow200-owned-f1-qps1000-n4,pre-cons overload rej / sec,,V1,nan,nan,nan,10
slow200-owned-f1-qps1000-n4,pre-cons overload rej / sec,,V2,nan,nan,nan,10
slow200-owned-f1-qps1000-n4,node CPU,,V1,18.70763177180582,4.156715939431444,0.6237240600594044,10
slow200-owned-f1-qps1000-n4,node CPU,,V2,20.96476702814438,6.170438818707345,0.6973284481665916,10
slow200-owned-f1-qps1000-n4,node memory RSS (bytes),,V1,719622123.6892562,155112675.20288357,8832477.724433014,10
slow200-owned-f1-qps1000-n4,node memory RSS (bytes),,V2,780361748.48,140061009.40805876,9878285.108767599,10
slow200-owned-f1-qps1000-n4,overload graduated / sec,,V1,nan,nan,nan,10
slow200-owned-f1-qps1000-n4,overload graduated / sec,,V2,nan,nan,nan,10
slow200-owned-f1-qps1000-n4,overload max-pending / sec,,V1,nan,nan,nan,10
slow200-owned-f1-qps1000-n4,overload max-pending / sec,,V2,nan,nan,nan,10
slow200-owned-f1-qps1000-n4,overload semaphore / sec,,V1,nan,nan,nan,10
slow200-owned-f1-qps1000-n4,overload semaphore / sec,,V2,nan,nan,nan,10
slow200-owned-f1-qps1000-n4,attest. exec p50 (s),,V1,nan,nan,nan,10
slow200-owned-f1-qps1000-n4,attest. exec p50 (s),,V2,0.0362397552160696,0.0031402314558342495,0.00038056172129890604,10
slow200-owned-f1-qps1000-n4,attest. exec p95 (s),,V1,nan,nan,nan,10
slow200-owned-f1-qps1000-n4,attest. exec p95 (s),,V2,0.09485377942341991,0.011889998966510272,0.0019931791817783366,10
slow200-owned-f1-qps1000-n4,attest. exec p99 (s),,V1,nan,nan,nan,10
slow200-owned-f1-qps1000-n4,attest. exec p99 (s),,V2,0.1353618261669534,0.015531035683228323,0.0020961335841273403,10
slow200-owned-f1-qps1000-n4,attest. wait p50 (s),,V1,nan,nan,nan,10
slow200-owned-f1-qps1000-n4,attest. wait p50 (s),,V2,0.05926450980221278,0.02750869521887969,0.004281268208688867,10
slow200-owned-f1-qps1000-n4,attest. wait p95 (s),,V1,nan,nan,nan,10
slow200-owned-f1-qps1000-n4,attest. wait p95 (s),,V2,0.39213691556588304,0.07279567983262401,0.011715122973772609,10
slow200-owned-f1-qps1000-n4,attest. wait p99 (s),,V1,nan,nan,nan,10
slow200-owned-f1-qps1000-n4,attest. wait p99 (s),,V2,0.5975410859252998,0.10670114808412547,0.0142527200022605,10
slow200-owned-f1-qps1000-n4,attest. resume p50 (s),,V1,nan,nan,nan,10
slow200-owned-f1-qps1000-n4,attest. resume p50 (s),,V2,0.0008327349106666841,0.0001352900726343267,1.0570181686955259e-05,10
slow200-owned-f1-qps1000-n4,attest. resume p95 (s),,V1,nan,nan,nan,10
slow200-owned-f1-qps1000-n4,attest. resume p95 (s),,V2,0.020288121375052044,0.015575061019213316,0.0014158665974749456,10
slow200-owned-f1-qps1000-n4,attest. resume p99 (s),,V1,nan,nan,nan,10
slow200-owned-f1-qps1000-n4,attest. resume p99 (s),,V2,0.0675740125420957,0.03943495527792368,0.003595111373607045,10
slow200-owned-f1-qps1000-n4,num_inflight,,V1,444.1,38.84185886385975,12.947286287953247,10
slow200-owned-f1-qps1000-n4,num_inflight,,V2,615.2,122.35996077148766,40.78665359049588,10
slow200-owned-f1-qps1000-n4,CUs,,V1,nan,nan,nan,10
slow200-owned-f1-qps1000-n4,CUs,,V2,127999.48447462036,8.37782434458504,0.5299962674936978,10
slow200-owned-v1-qps1000-n4,TPS,,V1,601.7681325438161,283.18980003820764,29.864338877105464,10
slow200-owned-v1-qps1000-n4,TPS,,V2,635.7771310484978,81.32336573475614,5.451728174371801,10
slow200-owned-v1-qps1000-n4,attest. full p50 (s),,V1,nan,nan,nan,10
slow200-owned-v1-qps1000-n4,attest. full p50 (s),,V2,0.06082075332568541,0.025966452465834452,0.003486301335976905,10
slow200-owned-v1-qps1000-n4,attest. full p95 (s),,V1,nan,nan,nan,10
slow200-owned-v1-qps1000-n4,attest. full p95 (s),,V2,0.5051587012866595,0.15755278336360265,0.019466049832237733,10
slow200-owned-v1-qps1000-n4,attest. full p99 (s),,V1,nan,nan,nan,10
slow200-owned-v1-qps1000-n4,attest. full p99 (s),,V2,0.747319320756613,0.17427481027733424,0.02066333957847661,10
slow200-owned-v1-qps1000-n4,attest. / sec,,V1,0.0,0.0,0.0,10
slow200-owned-v1-qps1000-n4,attest. / sec,,V2,1546.490020321854,391.1472778000553,68.60066786537864,10
slow200-owned-v1-qps1000-n4,host CPU,,V1,81.43840235653889,31.613750375226886,2.1882694463372805,10
slow200-owned-v1-qps1000-n4,host CPU,,V2,83.38222840659562,30.126348911878953,0.29033499919017663,10
slow200-owned-v1-qps1000-n4,rec. → exec. p50 (s),,V1,1.6036269271548034,0.8939124346690311,0.1767607750647737,10
slow200-owned-v1-qps1000-n4,rec. → exec. p50 (s),,V2,2.925829701330474,0.5939757428119476,0.10631975129222576,10
slow200-owned-v1-qps1000-n4,rec. → exec. p95 (s),,V1,2.3983134612087342,1.1208846117030227,0.24010051854073253,10
slow200-owned-v1-qps1000-n4,rec. → exec. p95 (s),,V2,4.446080359695001,0.7018242293530076,0.07212364229901418,10
slow200-owned-v1-qps1000-n4,rec. → exec. p99 (s),,V1,2.6305918238369372,1.1890637847169483,0.258576456201405,10
slow200-owned-v1-qps1000-n4,rec. → exec. p99 (s),,V2,5.208373176875071,0.8910738746269597,0.08498267074474057,10
slow200-owned-v1-qps1000-n4,pc valid. lat. p50 (s),,V1,0.0032656740304605834,0.0011072539205056492,0.0002241997426336412,10
slow200-owned-v1-qps1000-n4,pc valid. lat. p50 (s),,V2,0.0006409480304337103,0.00033986596604027605,5.2947746008336445e-05,10
slow200-owned-v1-qps1000-n4,pc valid. lat. p95 (s),,V1,0.021582428941473067,0.00573896003875925,0.0011067470941725232,10
slow200-owned-v1-qps1000-n4,pc valid. lat. p95 (s),,V2,0.020519774252900233,0.004404171332552467,0.0007063850500045611,10
slow200-owned-v1-qps1000-n4,exec. lat. p95 (s),,V1,0.2222398727761107,0.03794204476977812,0.008838807030278353,10
slow200-owned-v1-qps1000-n4,exec. lat. p95 (s),,V2,0.20746387063742075,0.022915173820197834,0.003585386288398033,10
slow200-owned-v1-qps1000-n4,valid. drop. / sec,,V1,0.0,0.0,0.0,10
slow200-owned-v1-qps1000-n4,valid. drop. / sec,,V2,0.0,0.0,0.0,10
slow200-owned-v1-qps1000-n4,final. lat. p50 (s),,V1,nan,nan,nan,10
slow200-owned-v1-qps1000-n4,final. lat. p50 (s),,V2,nan,nan,nan,10
slow200-owned-v1-qps1000-n4,final. lat. p95 (s),,V1,nan,nan,nan,10
slow200-owned-v1-qps1000-n4,final. lat. p95 (s),,V2,nan,nan,nan,10
slow200-owned-v1-qps1000-n4,final. lat. p99 (s),,V1,nan,nan,nan,10
slow200-owned-v1-qps1000-n4,final. lat. p99 (s),,V2,nan,nan,nan,10
slow200-owned-v1-qps1000-n4,submit lat. p50 (s),,V1,nan,nan,nan,10
slow200-owned-v1-qps1000-n4,submit lat. p50 (s),,V2,nan,nan,nan,10
slow200-owned-v1-qps1000-n4,submit lat. p95 (s),,V1,nan,nan,nan,10
slow200-owned-v1-qps1000-n4,submit lat. p95 (s),,V2,nan,nan,nan,10
slow200-owned-v1-qps1000-n4,ckpt lag p50 (s),,V1,5.822923271850097,6.756553543870153,0.9555112733716481,10
slow200-owned-v1-qps1000-n4,ckpt lag p50 (s),,V2,1.1407479450260585,0.5613015402067093,0.08361900015841624,10
slow200-owned-v1-qps1000-n4,ckpt lag p95 (s),,V1,15.567391409090087,12.440335518925096,1.5417772847685296,10
slow200-owned-v1-qps1000-n4,ckpt lag p95 (s),,V2,5.5918838896488685,3.1236651639044024,0.37559775455034305,10
slow200-owned-v1-qps1000-n4,ckpt lag p99 (s),,V1,21.97528664427744,16.554191210925957,2.074191342136086,10
slow200-owned-v1-qps1000-n4,ckpt lag p99 (s),,V2,6.787824541829241,3.5886084420695252,0.5000677179799955,10
slow200-owned-v1-qps1000-n4,exec. dispatch queue,,V1,1737.7,209.09282627579552,69.6976087585985,10
slow200-owned-v1-qps1000-n4,exec. dispatch queue,,V2,1757.3,83.95361814716505,27.98453938238835,10
slow200-owned-v1-qps1000-n4,pending txs,,V1,1482.4,1212.180036133247,404.06001204441566,10
slow200-owned-v1-qps1000-n4,pending txs,,V2,74.5,21.195518394226642,7.065172798075547,10
slow200-owned-v1-qps1000-n4,exec. queue. delay p95 (s),,V1,1.9101318349541982,0.957950922466057,0.19033783688044742,10
slow200-owned-v1-qps1000-n4,exec. queue. delay p95 (s),,V2,1.8069498743963246,0.5027921618217077,0.0603365782817779,10
slow200-owned-v1-qps1000-n4,post-cons shed drops / sec,,V1,10.197492283950616,27.121341827007164,4.124041045512719,10
slow200-owned-v1-qps1000-n4,post-cons shed drops / sec,,V2,0.0,0.0,0.0,10
slow200-owned-v1-qps1000-n4,shed % quorum,,V1,6.5,6.576473218982953,2.192157739660984,10
slow200-owned-v1-qps1000-n4,shed % quorum,,V2,0.0,0.0,0.0,10
slow200-owned-v1-qps1000-n4,shed % local,,V1,22.7,7.389857914736926,2.4632859715789754,10
slow200-owned-v1-qps1000-n4,shed % local,,V2,20.1,9.924212815130478,3.3080709383768254,10
slow200-owned-v1-qps1000-n4,shed % cons-queue,,V1,0.0,0.0,0.0,10
slow200-owned-v1-qps1000-n4,shed % cons-queue,,V2,0.0,0.0,0.0,10
slow200-owned-v1-qps1000-n4,pre-cons overload rej / sec,,V1,nan,nan,nan,10
slow200-owned-v1-qps1000-n4,pre-cons overload rej / sec,,V2,nan,nan,nan,10
slow200-owned-v1-qps1000-n4,node CPU,,V1,21.148330684158132,4.458342708522228,0.744567504713593,10
slow200-owned-v1-qps1000-n4,node CPU,,V2,31.857774693804927,5.198305669254202,0.32750895427145127,10
slow200-owned-v1-qps1000-n4,node memory RSS (bytes),,V1,839708602.8108108,184744686.1712048,13243898.995288989,10
slow200-owned-v1-qps1000-n4,node memory RSS (bytes),,V2,900000519.3887945,156134927.972297,4202325.30789066,10
slow200-owned-v1-qps1000-n4,overload graduated / sec,,V1,nan,nan,nan,10
slow200-owned-v1-qps1000-n4,overload graduated / sec,,V2,nan,nan,nan,10
slow200-owned-v1-qps1000-n4,overload max-pending / sec,,V1,nan,nan,nan,10
slow200-owned-v1-qps1000-n4,overload max-pending / sec,,V2,nan,nan,nan,10
slow200-owned-v1-qps1000-n4,overload semaphore / sec,,V1,nan,nan,nan,10
slow200-owned-v1-qps1000-n4,overload semaphore / sec,,V2,nan,nan,nan,10
slow200-owned-v1-qps1000-n4,attest. exec p50 (s),,V1,nan,nan,nan,10
slow200-owned-v1-qps1000-n4,attest. exec p50 (s),,V2,0.01086085235246456,0.009857194701098037,0.0017410580911426696,10
slow200-owned-v1-qps1000-n4,attest. exec p95 (s),,V1,nan,nan,nan,10
slow200-owned-v1-qps1000-n4,attest. exec p95 (s),,V2,0.07878064447379891,0.0073513690494117125,0.0007473525427740736,10
slow200-owned-v1-qps1000-n4,attest. exec p99 (s),,V1,nan,nan,nan,10
slow200-owned-v1-qps1000-n4,attest. exec p99 (s),,V2,0.12529619913565151,0.01275473988578481,0.001699803307903618,10
slow200-owned-v1-qps1000-n4,attest. wait p50 (s),,V1,nan,nan,nan,10
slow200-owned-v1-qps1000-n4,attest. wait p50 (s),,V2,0.00792567245346208,0.008452436281818326,0.0009320805064565512,10
slow200-owned-v1-qps1000-n4,attest. wait p95 (s),,V1,nan,nan,nan,10
slow200-owned-v1-qps1000-n4,attest. wait p95 (s),,V2,0.23795431117281943,0.07961543651225989,0.010774877595209007,10
slow200-owned-v1-qps1000-n4,attest. wait p99 (s),,V1,nan,nan,nan,10
slow200-owned-v1-qps1000-n4,attest. wait p99 (s),,V2,0.4746210308402267,0.11441515981822249,0.015623840945032252,10
slow200-owned-v1-qps1000-n4,attest. resume p50 (s),,V1,nan,nan,nan,10
slow200-owned-v1-qps1000-n4,attest. resume p50 (s),,V2,0.007160352586885975,0.005960988875270108,0.00045105682082734563,10
slow200-owned-v1-qps1000-n4,attest. resume p95 (s),,V1,nan,nan,nan,10
slow200-owned-v1-qps1000-n4,attest. resume p95 (s),,V2,0.30917585480038856,0.13780011314615276,0.019465489726209362,10
slow200-owned-v1-qps1000-n4,attest. resume p99 (s),,V1,nan,nan,nan,10
slow200-owned-v1-qps1000-n4,attest. resume p99 (s),,V2,0.5353851387921742,0.19804305550429113,0.027296841669042553,10
slow200-owned-v1-qps1000-n4,num_inflight,,V1,1247.6,184.56554391326677,61.52184797108892,10
slow200-owned-v1-qps1000-n4,num_inflight,,V2,2360.3,340.89002625480254,113.63000875160085,10
slow200-owned-v1-qps1000-n4,CUs,,V1,nan,nan,nan,10
slow200-owned-v1-qps1000-n4,CUs,,V2,128000.0,1.0759690476848983e-11,0.0,10
slow200-owned-v4-qps1000-n4,TPS,,V1,589.1363521394064,341.4251721773412,32.20410087764052,10
slow200-owned-v4-qps1000-n4,TPS,,V2,564.4692274627934,170.92286078468229,18.709232551350112,10
slow200-owned-v4-qps1000-n4,attest. full p50 (s),,V1,nan,nan,nan,10
slow200-owned-v4-qps1000-n4,attest. full p50 (s),,V2,0.11728194889190376,0.04448052155822826,0.00782322278118912,10
slow200-owned-v4-qps1000-n4,attest. full p95 (s),,V1,nan,nan,nan,10
slow200-owned-v4-qps1000-n4,attest. full p95 (s),,V2,0.5030741557055582,0.11962425025566854,0.02267956105621932,10
slow200-owned-v4-qps1000-n4,attest. full p99 (s),,V1,nan,nan,nan,10
slow200-owned-v4-qps1000-n4,attest. full p99 (s),,V2,0.7531513751136014,0.16406615495964091,0.02898809491017443,10
slow200-owned-v4-qps1000-n4,attest. / sec,,V1,0.0,0.0,0.0,10
slow200-owned-v4-qps1000-n4,attest. / sec,,V2,426.4985296140409,68.96792669482996,6.359767522399708,10
slow200-owned-v4-qps1000-n4,host CPU,,V1,77.89460290598858,33.23753570285946,2.8927820290225936,10
slow200-owned-v4-qps1000-n4,host CPU,,V2,83.97467000611238,30.785705318041252,0.25049239648748334,10
slow200-owned-v4-qps1000-n4,rec. → exec. p50 (s),,V1,1.5972575542182528,1.1225371811988158,0.17905535416887663,10
slow200-owned-v4-qps1000-n4,rec. → exec. p50 (s),,V2,2.4250387917910765,0.37538881266602103,0.06760037215086251,10
slow200-owned-v4-qps1000-n4,rec. → exec. p95 (s),,V1,2.322921719439431,1.291938137838534,0.20961687271589435,10
slow200-owned-v4-qps1000-n4,rec. → exec. p95 (s),,V2,3.4963854762644755,0.4291254447234952,0.05361246362615319,10
slow200-owned-v4-qps1000-n4,rec. → exec. p99 (s),,V1,2.5169557890961336,1.3002536029272502,0.2116034319231577,10
slow200-owned-v4-qps1000-n4,rec. → exec. p99 (s),,V2,3.8409507965992953,0.4763557626436426,0.06795953192072031,10
slow200-owned-v4-qps1000-n4,pc valid. lat. p50 (s),,V1,0.0036340470155724106,0.0015181001261351942,0.00031115030560969624,10
slow200-owned-v4-qps1000-n4,pc valid. lat. p50 (s),,V2,0.0032782099849307873,0.0008107074238444161,0.0001397355480517429,10
slow200-owned-v4-qps1000-n4,pc valid. lat. p95 (s),,V1,0.019396509550811774,0.007548452734150897,0.0015486981162554166,10
slow200-owned-v4-qps1000-n4,pc valid. lat. p95 (s),,V2,0.021889246803044635,0.003990998507696745,0.0005057997582757626,10
slow200-owned-v4-qps1000-n4,exec. lat. p95 (s),,V1,0.20740282505124263,0.05819253156109133,0.011887394057735295,10
slow200-owned-v4-qps1000-n4,exec. lat. p95 (s),,V2,0.22160753129256458,0.021799446400444504,0.0032618987001154947,10
slow200-owned-v4-qps1000-n4,valid. drop. / sec,,V1,0.0,0.0,0.0,10
slow200-owned-v4-qps1000-n4,valid. drop. / sec,,V2,0.0,0.0,0.0,10
slow200-owned-v4-qps1000-n4,final. lat. p50 (s),,V1,nan,nan,nan,10
slow200-owned-v4-qps1000-n4,final. lat. p50 (s),,V2,nan,nan,nan,10
slow200-owned-v4-qps1000-n4,final. lat. p95 (s),,V1,nan,nan,nan,10
slow200-owned-v4-qps1000-n4,final. lat. p95 (s),,V2,nan,nan,nan,10
slow200-owned-v4-qps1000-n4,final. lat. p99 (s),,V1,nan,nan,nan,10
slow200-owned-v4-qps1000-n4,final. lat. p99 (s),,V2,nan,nan,nan,10
slow200-owned-v4-qps1000-n4,submit lat. p50 (s),,V1,nan,nan,nan,10
slow200-owned-v4-qps1000-n4,submit lat. p50 (s),,V2,nan,nan,nan,10
slow200-owned-v4-qps1000-n4,submit lat. p95 (s),,V1,nan,nan,nan,10
slow200-owned-v4-qps1000-n4,submit lat. p95 (s),,V2,nan,nan,nan,10
slow200-owned-v4-qps1000-n4,ckpt lag p50 (s),,V1,5.5998179982794305,7.2376894026769545,1.3575458176207225,10
slow200-owned-v4-qps1000-n4,ckpt lag p50 (s),,V2,4.2542125977645275,4.70100572613169,0.7143243596951985,10
slow200-owned-v4-qps1000-n4,ckpt lag p95 (s),,V1,15.285556618836326,14.599642881060072,2.3017582052600822,10
slow200-owned-v4-qps1000-n4,ckpt lag p95 (s),,V2,11.741745489663867,8.25682762427189,1.390240046499283,10
slow200-owned-v4-qps1000-n4,ckpt lag p99 (s),,V1,22.328579489710492,18.689721342087022,2.8304107696001592,10
slow200-owned-v4-qps1000-n4,ckpt lag p99 (s),,V2,13.896951403868504,9.17100664707559,1.596919396507938,10
slow200-owned-v4-qps1000-n4,exec. dispatch queue,,V1,1849.9,128.18225306180258,42.727417687267526,10
slow200-owned-v4-qps1000-n4,exec. dispatch queue,,V2,1582.9,127.1372880000199,42.379096000006626,10
slow200-owned-v4-qps1000-n4,pending txs,,V1,2307.6,1411.0596869020105,470.35322896733675,10
slow200-owned-v4-qps1000-n4,pending txs,,V2,131.2,67.88637565815398,22.62879188605132,10
slow200-owned-v4-qps1000-n4,exec. queue. delay p95 (s),,V1,1.8312259491316392,1.0894842054202143,0.2294404941306551,10
slow200-owned-v4-qps1000-n4,exec. queue. delay p95 (s),,V2,1.701337019770549,0.41846229904570037,0.06621037043179344,10
slow200-owned-v4-qps1000-n4,post-cons shed drops / sec,,V1,22.163078703703704,38.19052685839589,4.135377824040418,10
slow200-owned-v4-qps1000-n4,post-cons shed drops / sec,,V2,6.858617369535914,15.498465670859495,2.1650655771390155,10
slow200-owned-v4-qps1000-n4,shed % quorum,,V1,12.2,5.455272678794342,1.818424226264781,10
slow200-owned-v4-qps1000-n4,shed % quorum,,V2,6.3,5.020956084253277,1.6736520280844256,10
slow200-owned-v4-qps1000-n4,shed % local,,V1,27.9,8.043009387039158,2.6810031290130527,10
slow200-owned-v4-qps1000-n4,shed % local,,V2,17.7,6.197580172938467,2.0658600576461557,10
slow200-owned-v4-qps1000-n4,shed % cons-queue,,V1,0.0,0.0,0.0,10
slow200-owned-v4-qps1000-n4,shed % cons-queue,,V2,0.0,0.0,0.0,10
slow200-owned-v4-qps1000-n4,pre-cons overload rej / sec,,V1,nan,nan,nan,10
slow200-owned-v4-qps1000-n4,pre-cons overload rej / sec,,V2,nan,nan,nan,10
slow200-owned-v4-qps1000-n4,node CPU,,V1,20.175942149560438,5.75739084563904,0.998782908654056,10
slow200-owned-v4-qps1000-n4,node CPU,,V2,24.37261628490511,3.4906935077092967,0.27203072449108856,10
slow200-owned-v4-qps1000-n4,node memory RSS (bytes),,V1,801205093.7935702,185849845.99141333,10666555.079883259,10
slow200-owned-v4-qps1000-n4,node memory RSS (bytes),,V2,839983553.7297298,145756194.74545762,6754785.486580202,10
slow200-owned-v4-qps1000-n4,overload graduated / sec,,V1,nan,nan,nan,10
slow200-owned-v4-qps1000-n4,overload graduated / sec,,V2,nan,nan,nan,10
slow200-owned-v4-qps1000-n4,overload max-pending / sec,,V1,nan,nan,nan,10
slow200-owned-v4-qps1000-n4,overload max-pending / sec,,V2,nan,nan,nan,10
slow200-owned-v4-qps1000-n4,overload semaphore / sec,,V1,nan,nan,nan,10
slow200-owned-v4-qps1000-n4,overload semaphore / sec,,V2,nan,nan,nan,10
slow200-owned-v4-qps1000-n4,attest. exec p50 (s),,V1,nan,nan,nan,10
slow200-owned-v4-qps1000-n4,attest. exec p50 (s),,V2,0.036770160051618817,0.003904719513640253,0.0006318971483809378,10
slow200-owned-v4-qps1000-n4,attest. exec p95 (s),,V1,nan,nan,nan,10
slow200-owned-v4-qps1000-n4,attest. exec p95 (s),,V2,0.0932690754789144,0.011489994995780727,0.0015018593848240207,10
slow200-owned-v4-qps1000-n4,attest. exec p99 (s),,V1,nan,nan,nan,10
slow200-owned-v4-qps1000-n4,attest. exec p99 (s),,V2,0.132848652060443,0.014637413670601245,0.0021037458644300017,10
slow200-owned-v4-qps1000-n4,attest. wait p50 (s),,V1,nan,nan,nan,10
slow200-owned-v4-qps1000-n4,attest. wait p50 (s),,V2,0.04571936144991067,0.03665411335113025,0.006007612940612352,10
slow200-owned-v4-qps1000-n4,attest. wait p95 (s),,V1,nan,nan,nan,10
slow200-owned-v4-qps1000-n4,attest. wait p95 (s),,V2,0.4056133808816003,0.10223857682091105,0.02106871336168195,10
slow200-owned-v4-qps1000-n4,attest. wait p99 (s),,V1,nan,nan,nan,10
slow200-owned-v4-qps1000-n4,attest. wait p99 (s),,V2,0.6445674691614129,0.13884845732069023,0.02776412889028377,10
slow200-owned-v4-qps1000-n4,attest. resume p50 (s),,V1,nan,nan,nan,10
slow200-owned-v4-qps1000-n4,attest. resume p50 (s),,V2,0.00202177194105078,0.0006152766678694254,5.1040013361126854e-05,10
slow200-owned-v4-qps1000-n4,attest. resume p95 (s),,V1,nan,nan,nan,10
slow200-owned-v4-qps1000-n4,attest. resume p95 (s),,V2,0.13821063068643077,0.07712168665524695,0.0076682243965740275,10
slow200-owned-v4-qps1000-n4,attest. resume p99 (s),,V1,nan,nan,nan,10
slow200-owned-v4-qps1000-n4,attest. resume p99 (s),,V2,0.29353784866092386,0.1590485598647549,0.01931888541323477,10
slow200-owned-v4-qps1000-n4,num_inflight,,V1,649.2,121.18729306325808,40.395764354419356,10
slow200-owned-v4-qps1000-n4,num_inflight,,V2,998.5,198.47732868012912,66.15910956004304,10
slow200-owned-v4-qps1000-n4,CUs,,V1,nan,nan,nan,10
slow200-owned-v4-qps1000-n4,CUs,,V2,128000.0,1.1301130019043267e-11,0.0,10
slow200-owned-f1-qps2000-n4,TPS,,V1,659.8580523277892,245.25333295651114,25.059619141893513,10
slow200-owned-f1-qps2000-n4,TPS,,V2,578.3075099838236,181.1551900786819,18.828645576785274,10
slow200-owned-f1-qps2000-n4,attest. full p50 (s),,V1,nan,nan,nan,10
slow200-owned-f1-qps2000-n4,attest. full p50 (s),,V2,0.11621777340484822,0.036924841521014794,0.0037817041711166884,10
slow200-owned-f1-qps2000-n4,attest. full p95 (s),,V1,nan,nan,nan,10
slow200-owned-f1-qps2000-n4,attest. full p95 (s),,V2,0.49748016337137135,0.13817273381743814,0.020791410109940383,10
slow200-owned-f1-qps2000-n4,attest. full p99 (s),,V1,nan,nan,nan,10
slow200-owned-f1-qps2000-n4,attest. full p99 (s),,V2,0.7271886248253941,0.1988994106013389,0.0305467614050291,10
slow200-owned-f1-qps2000-n4,attest. / sec,,V1,0.0,0.0,0.0,10
slow200-owned-f1-qps2000-n4,attest. / sec,,V2,367.28244932261657,77.36719588087796,7.016620987239844,10
slow200-owned-f1-qps2000-n4,host CPU,,V1,74.71672256802242,33.746194510075796,2.874138533884969,10
slow200-owned-f1-qps2000-n4,host CPU,,V2,79.54476691043135,31.18406736652537,1.8626564393008866,10
slow200-owned-f1-qps2000-n4,rec. → exec. p50 (s),,V1,1.5939044473573096,0.9028501678934899,0.15072919166181295,10
slow200-owned-f1-qps2000-n4,rec. → exec. p50 (s),,V2,2.6052040238008978,0.9594698658004628,0.16187725077541404,10
slow200-owned-f1-qps2000-n4,rec. → exec. p95 (s),,V1,2.6236313633028248,1.0454188698503828,0.17938851625797447,10
slow200-owned-f1-qps2000-n4,rec. → exec. p95 (s),,V2,3.796173440621073,1.207957640433022,0.21525640598818624,10
slow200-owned-f1-qps2000-n4,rec. → exec. p99 (s),,V1,2.8222516319545643,1.0495684281522732,0.18257628347393712,10
slow200-owned-f1-qps2000-n4,rec. → exec. p99 (s),,V2,4.127113435397025,1.290164777392167,0.2227197596592902,10
slow200-owned-f1-qps2000-n4,pc valid. lat. p50 (s),,V1,0.0016616013930212954,0.0010985482021540452,0.00015954530536529496,10
slow200-owned-f1-qps2000-n4,pc valid. lat. p50 (s),,V2,0.0008661609905159769,0.0005593992833697417,6.106317696174896e-05,10
slow200-owned-f1-qps2000-n4,pc valid. lat. p95 (s),,V1,0.01950136412539354,0.006386147809531037,0.0007196252249304622,10
slow200-owned-f1-qps2000-n4,pc valid. lat. p95 (s),,V2,0.01602065979185271,0.006008360810754647,0.0010786608635529335,10
slow200-owned-f1-qps2000-n4,exec. lat. p95 (s),,V1,0.21794275705385427,0.04444171175397175,0.0032738550465120334,10
slow200-owned-f1-qps2000-n4,exec. lat. p95 (s),,V2,0.19608875488856434,0.05129836456280147,0.009107285983767243,10
slow200-owned-f1-qps2000-n4,valid. drop. / sec,,V1,0.0,0.0,0.0,10
slow200-owned-f1-qps2000-n4,valid. drop. / sec,,V2,0.0,0.0,0.0,10
slow200-owned-f1-qps2000-n4,final. lat. p50 (s),,V1,1.3417747587343267,0.4185359640502989,0.03028647234983142,10
slow200-owned-f1-qps2000-n4,final. lat. p50 (s),,V2,2.421905917534333,0.8767944055438995,0.13948437223608773,10
slow200-owned-f1-qps2000-n4,final. lat. p95 (s),,V1,2.181038191707664,0.7362408371850634,0.052703345426505434,10
slow200-owned-f1-qps2000-n4,final. lat. p95 (s),,V2,3.600463266151255,1.1771494804764286,0.19454331429868205,10
slow200-owned-f1-qps2000-n4,final. lat. p99 (s),,V1,2.42952937950992,0.8185179660768154,0.06089155638073968,10
slow200-owned-f1-qps2000-n4,final. lat. p99 (s),,V2,4.023494743681997,1.3339367436819574,0.22525211068554576,10
slow200-owned-f1-qps2000-n4,submit lat. p50 (s),,V1,0.10581587684619431,0.036420237592712144,0.0033167958997387973,10
slow200-owned-f1-qps2000-n4,submit lat. p50 (s),,V2,0.3785512588547355,0.14460107184899493,0.02292811945164973,10
slow200-owned-f1-qps2000-n4,submit lat. p95 (s),,V1,0.4013967415651213,0.21205932298656752,0.02556708305795057,10
slow200-owned-f1-qps2000-n4,submit lat. p95 (s),,V2,1.2636676770627413,0.6361096478290557,0.09076289932746096,10
slow200-owned-f1-qps2000-n4,ckpt lag p50 (s),,V1,1.644440031777405,2.4008508919129277,0.38921140355767053,10
slow200-owned-f1-qps2000-n4,ckpt lag p50 (s),,V2,1.1089916326835403,0.5903057037618354,0.102962835246,10
slow200-owned-f1-qps2000-n4,ckpt lag p95 (s),,V1,6.245132677025367,5.3965908722092,0.46064244351249295,10
slow200-owned-f1-qps2000-n4,ckpt lag p95 (s),,V2,5.467004372860913,3.24692826058748,0.4881607738153932,10
slow200-owned-f1-qps2000-n4,ckpt lag p99 (s),,V1,7.983683418530514,6.234362310981348,0.6082246458619843,10
slow200-owned-f1-qps2000-n4,ckpt lag p99 (s),,V2,6.735271130344842,3.93675897343427,0.6238573624573022,10
slow200-owned-f1-qps2000-n4,exec. dispatch queue,,V1,2097.6,701.2680229413003,233.75600764710006,10
slow200-owned-f1-qps2000-n4,exec. dispatch queue,,V2,2820.5,170.67703419030929,56.89234473010308,10
slow200-owned-f1-qps2000-n4,pending txs,,V1,131.6,121.20660048033687,40.40220016011229,10
slow200-owned-f1-qps2000-n4,pending txs,,V2,77.1,21.65848563496534,7.219495211655112,10
slow200-owned-f1-qps2000-n4,exec. queue. delay p95 (s),,V1,1.448388328634868,0.757207671898488,0.11757851340267612,10
slow200-owned-f1-qps2000-n4,exec. queue. delay p95 (s),,V2,2.2698029982180157,0.8801322145671958,0.15498429440589095,10
slow200-owned-f1-qps2000-n4,post-cons shed drops / sec,,V1,1.7936204146730461,7.889893650793225,1.2094240881689755,10
slow200-owned-f1-qps2000-n4,post-cons shed drops / sec,,V2,27.10536788494591,49.21020834574856,7.330124698703008,10
slow200-owned-f1-qps2000-n4,shed % quorum,,V1,1.9,3.961060464067672,1.3203534880225571,10
slow200-owned-f1-qps2000-n4,shed % quorum,,V2,15.4,9.850888284819803,3.283629428273267,10
slow200-owned-f1-qps2000-n4,shed % local,,V1,11.6,12.387090053761618,4.129030017920539,10
slow200-owned-f1-qps2000-n4,shed % local,,V2,27.6,7.073895673530958,2.357965224510319,10
slow200-owned-f1-qps2000-n4,shed % cons-queue,,V1,0.0,0.0,0.0,10
slow200-owned-f1-qps2000-n4,shed % cons-queue,,V2,0.0,0.0,0.0,10
slow200-owned-f1-qps2000-n4,pre-cons overload rej / sec,,V1,nan,nan,nan,10
slow200-owned-f1-qps2000-n4,pre-cons overload rej / sec,,V2,nan,nan,nan,10
slow200-owned-f1-qps2000-n4,node CPU,,V1,17.24108719654133,5.476550037376153,0.6844024694160435,10
slow200-owned-f1-qps2000-n4,node CPU,,V2,21.89234523805149,5.007192225758222,0.49811728087413887,10
slow200-owned-f1-qps2000-n4,node memory RSS (bytes),,V1,727675565.9330144,172086470.0517927,10548385.585791154,10
slow200-owned-f1-qps2000-n4,node memory RSS (bytes),,V2,827434701.294686,171347117.11675903,7303426.619588902,10
slow200-owned-f1-qps2000-n4,overload graduated / sec,,V1,nan,nan,nan,10
slow200-owned-f1-qps2000-n4,overload graduated / sec,,V2,nan,nan,nan,10
slow200-owned-f1-qps2000-n4,overload max-pending / sec,,V1,nan,nan,nan,10
slow200-owned-f1-qps2000-n4,overload max-pending / sec,,V2,nan,nan,nan,10
slow200-owned-f1-qps2000-n4,overload semaphore / sec,,V1,nan,nan,nan,10
slow200-owned-f1-qps2000-n4,overload semaphore / sec,,V2,nan,nan,nan,10
slow200-owned-f1-qps2000-n4,attest. exec p50 (s),,V1,nan,nan,nan,10
slow200-owned-f1-qps2000-n4,attest. exec p50 (s),,V2,0.034853152611289684,0.0046222649312895195,0.0004398033580605652,10
slow200-owned-f1-qps2000-n4,attest. exec p95 (s),,V1,nan,nan,nan,10
slow200-owned-f1-qps2000-n4,attest. exec p95 (s),,V2,0.0826783914420531,0.01290737274089704,0.0016275243164007155,10
slow200-owned-f1-qps2000-n4,attest. exec p99 (s),,V1,nan,nan,nan,10
slow200-owned-f1-qps2000-n4,attest. exec p99 (s),,V2,0.1198279144779383,0.022327093715375775,0.002705939893459478,10
slow200-owned-f1-qps2000-n4,attest. wait p50 (s),,V1,nan,nan,nan,10
slow200-owned-f1-qps2000-n4,attest. wait p50 (s),,V2,0.045818413156491676,0.027127788985369525,0.0020940062014277194,10
slow200-owned-f1-qps2000-n4,attest. wait p95 (s),,V1,nan,nan,nan,10
slow200-owned-f1-qps2000-n4,attest. wait p95 (s),,V2,0.4087198668317978,0.11765605453619823,0.017112351699756306,10
slow200-owned-f1-qps2000-n4,attest. wait p99 (s),,V1,nan,nan,nan,10
slow200-owned-f1-qps2000-n4,attest. wait p99 (s),,V2,0.6330152086972834,0.17299099577271412,0.026197299142240456,10
slow200-owned-f1-qps2000-n4,attest. resume p50 (s),,V1,nan,nan,nan,10
slow200-owned-f1-qps2000-n4,attest. resume p50 (s),,V2,0.0019031289735397452,0.0008744518088366239,0.00014433412306667028,10
slow200-owned-f1-qps2000-n4,attest. resume p95 (s),,V1,nan,nan,nan,10
slow200-owned-f1-qps2000-n4,attest. resume p95 (s),,V2,0.12185066291713793,0.10503592828992506,0.011787824519055138,10
slow200-owned-f1-qps2000-n4,attest. resume p99 (s),,V1,nan,nan,nan,10
slow200-owned-f1-qps2000-n4,attest. resume p99 (s),,V2,0.23661313322129388,0.18095347906734227,0.025202539482172482,10
slow200-owned-f1-qps2000-n4,num_inflight,,V1,934.1,177.0810266516433,59.027008883881095,10
slow200-owned-f1-qps2000-n4,num_inflight,,V2,1247.5,313.0339438463503,104.34464794878343,10
slow200-owned-f1-qps2000-n4,CUs,,V1,nan,nan,nan,10
slow200-owned-f1-qps2000-n4,CUs,,V2,126355.07110005143,14242.255126070408,404.37836240747,10
slow200-owned-v1-qps2000-n4,TPS,,V1,532.0444001831503,564.9544854932985,17.847507429384326,10
slow200-owned-v1-qps2000-n4,TPS,,V2,596.6111170062253,128.8504710522675,7.430144457656431,10
slow200-owned-v1-qps2000-n4,attest. full p50 (s),,V1,nan,nan,nan,10
slow200-owned-v1-qps2000-n4,attest. full p50 (s),,V2,0.10381758069478114,0.07520953363046938,0.005509061505588523,10
slow200-owned-v1-qps2000-n4,attest. full p95 (s),,V1,nan,nan,nan,10
slow200-owned-v1-qps2000-n4,attest. full p95 (s),,V2,0.7679932189646456,0.3433655520309951,0.0294606361259273,10
slow200-owned-v1-qps2000-n4,attest. full p99 (s),,V1,nan,nan,nan,10
slow200-owned-v1-qps2000-n4,attest. full p99 (s),,V2,1.0882118076045482,0.41119159654963267,0.03569154890670308,10
slow200-owned-v1-qps2000-n4,attest. / sec,,V1,0.0,0.0,0.0,10
slow200-owned-v1-qps2000-n4,attest. / sec,,V2,1708.01740237691,622.0653933874422,97.71950271795343,10
slow200-owned-v1-qps2000-n4,host CPU,,V1,61.27924643458083,39.572637145019016,1.8271186262915324,10
slow200-owned-v1-qps2000-n4,host CPU,,V2,83.43627530062105,29.88965327594894,0.2879816281074862,10
slow200-owned-v1-qps2000-n4,rec. → exec. p50 (s),,V1,1.2611453596785254,1.12599116557501,0.0893408914816983,10
slow200-owned-v1-qps2000-n4,rec. → exec. p50 (s),,V2,4.823900366049994,2.2176881437043043,0.4014410260288095,10
slow200-owned-v1-qps2000-n4,rec. → exec. p95 (s),,V1,2.0561953646313746,1.5008112178184283,0.11953881847109457,10
slow200-owned-v1-qps2000-n4,rec. → exec. p95 (s),,V2,8.54361733618335,3.8533253896792496,0.5019539653610746,10
slow200-owned-v1-qps2000-n4,rec. → exec. p99 (s),,V1,2.2420991150109484,1.5600505423405702,0.12484550275327115,10
slow200-owned-v1-qps2000-n4,rec. → exec. p99 (s),,V2,11.839205921196802,5.455496563854174,0.7209800619080576,10
slow200-owned-v1-qps2000-n4,pc valid. lat. p50 (s),,V1,0.002087550379177062,0.002433787130445326,8.879711737199283e-05,10
slow200-owned-v1-qps2000-n4,pc valid. lat. p50 (s),,V2,0.000543939809208667,0.0003632133119559494,3.10541697936792e-05,10
slow200-owned-v1-qps2000-n4,pc valid. lat. p95 (s),,V1,0.015626682740399092,0.016320093822364694,0.001013121520525044,10
slow200-owned-v1-qps2000-n4,pc valid. lat. p95 (s),,V2,0.02450617466498694,0.008903667934923122,0.0012394846954482451,10
slow200-owned-v1-qps2000-n4,exec. lat. p95 (s),,V1,0.15546229619623655,0.08804502869086946,0.0029833288346004863,10
slow200-owned-v1-qps2000-n4,exec. lat. p95 (s),,V2,0.20461931224353452,0.03267593742919999,0.003839234108897881,10
slow200-owned-v1-qps2000-n4,valid. drop. / sec,,V1,0.0,0.0,0.0,10
slow200-owned-v1-qps2000-n4,valid. drop. / sec,,V2,0.0,0.0,0.0,10
slow200-owned-v1-qps2000-n4,final. lat. p50 (s),,V1,nan,nan,nan,10
slow200-owned-v1-qps2000-n4,final. lat. p50 (s),,V2,nan,nan,nan,10
slow200-owned-v1-qps2000-n4,final. lat. p95 (s),,V1,nan,nan,nan,10
slow200-owned-v1-qps2000-n4,final. lat. p95 (s),,V2,nan,nan,nan,10
slow200-owned-v1-qps2000-n4,final. lat. p99 (s),,V1,nan,nan,nan,10
slow200-owned-v1-qps2000-n4,final. lat. p99 (s),,V2,nan,nan,nan,10
slow200-owned-v1-qps2000-n4,submit lat. p50 (s),,V1,nan,nan,nan,10
slow200-owned-v1-qps2000-n4,submit lat. p50 (s),,V2,nan,nan,nan,10
slow200-owned-v1-qps2000-n4,submit lat. p95 (s),,V1,nan,nan,nan,10
slow200-owned-v1-qps2000-n4,submit lat. p95 (s),,V2,nan,nan,nan,10
slow200-owned-v1-qps2000-n4,ckpt lag p50 (s),,V1,3.7534146829090655,4.167519652414008,0.24892806860722394,10
slow200-owned-v1-qps2000-n4,ckpt lag p50 (s),,V2,1.6979884830320522,1.3355107610456818,0.17900598525495887,10
slow200-owned-v1-qps2000-n4,ckpt lag p95 (s),,V1,9.828986705795371,8.853635052640024,0.4666085912884662,10
slow200-owned-v1-qps2000-n4,ckpt lag p95 (s),,V2,8.05940290643441,4.682824678297546,0.6259738722448162,10
slow200-owned-v1-qps2000-n4,ckpt lag p99 (s),,V1,11.240578008151557,10.143545772297072,0.5022460310664376,10
slow200-owned-v1-qps2000-n4,ckpt lag p99 (s),,V2,9.498638315402793,5.12520011782648,0.6762647537870614,10
slow200-owned-v1-qps2000-n4,exec. dispatch queue,,V1,3553.1,235.87685346383608,78.6256178212787,10
slow200-owned-v1-qps2000-n4,exec. dispatch queue,,V2,3307.7,212.430718117696,70.81023937256532,10
slow200-owned-v1-qps2000-n4,pending txs,,V1,578.0,609.1448103694228,203.0482701231409,10
slow200-owned-v1-qps2000-n4,pending txs,,V2,72.3,14.05026690137949,4.68342230045983,10
slow200-owned-v1-qps2000-n4,exec. queue. delay p95 (s),,V1,1.962994582087803,1.7665528528499757,0.10799260333189652,10
slow200-owned-v1-qps2000-n4,exec. queue. delay p95 (s),,V2,2.4914680038101986,1.2058502049642192,0.15853117877492665,10
slow200-owned-v1-qps2000-n4,post-cons shed drops / sec,,V1,71.13333333333334,86.14781413559999,0.4755737079535507,10
slow200-owned-v1-qps2000-n4,post-cons shed drops / sec,,V2,2.9753065459347288,10.18808292344065,1.677824181728187,10
slow200-owned-v1-qps2000-n4,shed % quorum,,V1,27.1,2.118962010041709,0.706320670013903,10
slow200-owned-v1-qps2000-n4,shed % quorum,,V2,2.5,4.2485291572496005,1.4161763857498668,10
slow200-owned-v1-qps2000-n4,shed % local,,V1,31.1,1.6401219466856727,0.5467073155618908,10
slow200-owned-v1-qps2000-n4,shed % local,,V2,24.7,15.47287949930458,5.157626499768194,10
slow200-owned-v1-qps2000-n4,shed % cons-queue,,V1,0.0,0.0,0.0,10
slow200-owned-v1-qps2000-n4,shed % cons-queue,,V2,0.0,0.0,0.0,10
slow200-owned-v1-qps2000-n4,pre-cons overload rej / sec,,V1,nan,nan,nan,10
slow200-owned-v1-qps2000-n4,pre-cons overload rej / sec,,V2,nan,nan,nan,10
slow200-owned-v1-qps2000-n4,node CPU,,V1,15.375334245059225,9.847247723857025,0.44903870857895894,10
slow200-owned-v1-qps2000-n4,node CPU,,V2,34.3050400089352,5.323887236098909,0.5078161747826121,10
slow200-owned-v1-qps2000-n4,node memory RSS (bytes),,V1,823809574.8646865,134243428.5987139,5828530.759734945,10
slow200-owned-v1-qps2000-n4,node memory RSS (bytes),,V2,950103826.2553897,171902924.0002272,8310711.491734323,10
slow200-owned-v1-qps2000-n4,overload graduated / sec,,V1,nan,nan,nan,10
slow200-owned-v1-qps2000-n4,overload graduated / sec,,V2,nan,nan,nan,10
slow200-owned-v1-qps2000-n4,overload max-pending / sec,,V1,nan,nan,nan,10
slow200-owned-v1-qps2000-n4,overload max-pending / sec,,V2,nan,nan,nan,10
slow200-owned-v1-qps2000-n4,overload semaphore / sec,,V1,nan,nan,nan,10
slow200-owned-v1-qps2000-n4,overload semaphore / sec,,V2,nan,nan,nan,10
slow200-owned-v1-qps2000-n4,attest. exec p50 (s),,V1,nan,nan,nan,10
slow200-owned-v1-qps2000-n4,attest. exec p50 (s),,V2,0.013536998400875725,0.010316224153764686,0.0016864557203964577,10
slow200-owned-v1-qps2000-n4,attest. exec p95 (s),,V1,nan,nan,nan,10
slow200-owned-v1-qps2000-n4,attest. exec p95 (s),,V2,0.07399760977783838,0.006053556508539169,0.0004586101723173939,10
slow200-owned-v1-qps2000-n4,attest. exec p99 (s),,V1,nan,nan,nan,10
slow200-owned-v1-qps2000-n4,attest. exec p99 (s),,V2,0.11663724756070536,0.014275009210226206,0.0018008160410423063,10
slow200-owned-v1-qps2000-n4,attest. wait p50 (s),,V1,nan,nan,nan,10
slow200-owned-v1-qps2000-n4,attest. wait p50 (s),,V2,0.0075019913514840575,0.007623170036301657,0.0009605961562155681,10
slow200-owned-v1-qps2000-n4,attest. wait p95 (s),,V1,nan,nan,nan,10
slow200-owned-v1-qps2000-n4,attest. wait p95 (s),,V2,0.22803527417979125,0.0822473165875883,0.0122091888499277,10
slow200-owned-v1-qps2000-n4,attest. wait p99 (s),,V1,nan,nan,nan,10
slow200-owned-v1-qps2000-n4,attest. wait p99 (s),,V2,0.4676382143646787,0.10971234824922013,0.013366115798859084,10
slow200-owned-v1-qps2000-n4,attest. resume p50 (s),,V1,nan,nan,nan,10
slow200-owned-v1-qps2000-n4,attest. resume p50 (s),,V2,0.04318769674688343,0.06246861413858033,0.005911552427554286,10
slow200-owned-v1-qps2000-n4,attest. resume p95 (s),,V1,nan,nan,nan,10
slow200-owned-v1-qps2000-n4,attest. resume p95 (s),,V2,0.6222989416936673,0.36097243799081086,0.036313781222176315,10
slow200-owned-v1-qps2000-n4,attest. resume p99 (s),,V1,nan,nan,nan,10
slow200-owned-v1-qps2000-n4,attest. resume p99 (s),,V2,0.9235407466270471,0.45148069276909186,0.03878416964611407,10
slow200-owned-v1-qps2000-n4,num_inflight,,V1,2282.1,440.19755792144053,146.73251930714684,10
slow200-owned-v1-qps2000-n4,num_inflight,,V2,4458.9,611.5700205209539,203.85667350698463,10
slow200-owned-v1-qps2000-n4,CUs,,V1,nan,nan,nan,10
slow200-owned-v1-qps2000-n4,CUs,,V2,128000.0,1.0809464739438357e-11,0.0,10
slow200-owned-v4-qps2000-n4,TPS,,V1,565.58244994051,630.8121817018764,14.945396490667122,10
slow200-owned-v4-qps2000-n4,TPS,,V2,482.0820937618506,225.40337143654307,8.505693018953698,10
slow200-owned-v4-qps2000-n4,attest. full p50 (s),,V1,nan,nan,nan,10
slow200-owned-v4-qps2000-n4,attest. full p50 (s),,V2,0.17697604454505386,0.06891201388809645,0.006804183379530096,10
slow200-owned-v4-qps2000-n4,attest. full p95 (s),,V1,nan,nan,nan,10
slow200-owned-v4-qps2000-n4,attest. full p95 (s),,V2,0.7721689563664499,0.24792509033002424,0.014650262897731112,10
slow200-owned-v4-qps2000-n4,attest. full p99 (s),,V1,nan,nan,nan,10
slow200-owned-v4-qps2000-n4,attest. full p99 (s),,V2,1.0771602140798784,0.3308882959268076,0.01462162716816386,10
slow200-owned-v4-qps2000-n4,attest. / sec,,V1,0.0,0.0,0.0,10
slow200-owned-v4-qps2000-n4,attest. / sec,,V2,567.9440124058725,167.12786316441978,14.255625125757378,10
slow200-owned-v4-qps2000-n4,host CPU,,V1,64.86913763828294,38.83282919323393,1.8076146336867829,10
slow200-owned-v4-qps2000-n4,host CPU,,V2,84.29988146946017,30.187222534667416,0.29734505575076264,10
slow200-owned-v4-qps2000-n4,rec. → exec. p50 (s),,V1,2.815934204425846,1.836728823800751,0.1838871604186674,10
slow200-owned-v4-qps2000-n4,rec. → exec. p50 (s),,V2,4.054097785350121,1.2722803754528655,0.12045799957781297,10
slow200-owned-v4-qps2000-n4,rec. → exec. p95 (s),,V1,3.6115181506069978,2.042338431384383,0.20875795922684434,10
slow200-owned-v4-qps2000-n4,rec. → exec. p95 (s),,V2,5.98645681461248,1.715757667853838,0.18768399236204247,10
slow200-owned-v4-qps2000-n4,rec. → exec. p99 (s),,V1,3.8103350112802024,2.1070031144808645,0.2222092995730251,10
slow200-owned-v4-qps2000-n4,rec. → exec. p99 (s),,V2,6.7216230036465205,2.2156640880623093,0.23190259697152746,10
slow200-owned-v4-qps2000-n4,pc valid. lat. p50 (s),,V1,0.00260025154984514,0.0027842053918201246,6.980498875850863e-05,10
slow200-owned-v4-qps2000-n4,pc valid. lat. p50 (s),,V2,0.0037188639863654587,0.0019868523303351007,0.0002390370591657069,10
slow200-owned-v4-qps2000-n4,pc valid. lat. p95 (s),,V1,0.014840602077508529,0.012635981815722196,0.0004235520158910602,10
slow200-owned-v4-qps2000-n4,pc valid. lat. p95 (s),,V2,0.02835454928143173,0.01255864540825522,0.001614158447790462,10
slow200-owned-v4-qps2000-n4,exec. lat. p95 (s),,V1,0.1669741299945936,0.09009270864682038,0.0041192895734095845,10
slow200-owned-v4-qps2000-n4,exec. lat. p95 (s),,V2,0.201713525416929,0.049014815540277576,0.004829341393864635,10
slow200-owned-v4-qps2000-n4,valid. drop. / sec,,V1,0.0,0.0,0.0,10
slow200-owned-v4-qps2000-n4,valid. drop. / sec,,V2,0.0,0.0,0.0,10
slow200-owned-v4-qps2000-n4,final. lat. p50 (s),,V1,nan,nan,nan,10
slow200-owned-v4-qps2000-n4,final. lat. p50 (s),,V2,nan,nan,nan,10
slow200-owned-v4-qps2000-n4,final. lat. p95 (s),,V1,nan,nan,nan,10
slow200-owned-v4-qps2000-n4,final. lat. p95 (s),,V2,nan,nan,nan,10
slow200-owned-v4-qps2000-n4,final. lat. p99 (s),,V1,nan,nan,nan,10
slow200-owned-v4-qps2000-n4,final. lat. p99 (s),,V2,nan,nan,nan,10
slow200-owned-v4-qps2000-n4,submit lat. p50 (s),,V1,nan,nan,nan,10
slow200-owned-v4-qps2000-n4,submit lat. p50 (s),,V2,nan,nan,nan,10
slow200-owned-v4-qps2000-n4,submit lat. p95 (s),,V1,nan,nan,nan,10
slow200-owned-v4-qps2000-n4,submit lat. p95 (s),,V2,nan,nan,nan,10
slow200-owned-v4-qps2000-n4,ckpt lag p50 (s),,V1,6.424161904228983,6.1374399375741,0.6908174772980012,10
slow200-owned-v4-qps2000-n4,ckpt lag p50 (s),,V2,4.922542874177785,3.153899826593426,0.40891530038119017,10
slow200-owned-v4-qps2000-n4,ckpt lag p95 (s),,V1,13.827602673233025,10.886647078502765,0.9215247860804675,10
slow200-owned-v4-qps2000-n4,ckpt lag p95 (s),,V2,13.079097009035488,6.914083983865841,0.8006818602298172,10
slow200-owned-v4-qps2000-n4,ckpt lag p99 (s),,V1,16.851979590959086,15.14051428503631,1.4109414320689033,10
slow200-owned-v4-qps2000-n4,ckpt lag p99 (s),,V2,14.979037173476467,7.547722699291711,0.8455393822085955,10
slow200-owned-v4-qps2000-n4,exec. dispatch queue,,V1,3576.9,211.1162949655947,70.3720983218649,10
slow200-owned-v4-qps2000-n4,exec. dispatch queue,,V2,3301.2,178.63695026505573,59.545650088351906,10
slow200-owned-v4-qps2000-n4,pending txs,,V1,1189.1,542.0456530588544,180.68188435295147,10
slow200-owned-v4-qps2000-n4,pending txs,,V2,230.2,238.19059595206522,79.39686531735506,10
slow200-owned-v4-qps2000-n4,exec. queue. delay p95 (s),,V1,2.3752731237428124,1.7401942572732712,0.09154613465872122,10
slow200-owned-v4-qps2000-n4,exec. queue. delay p95 (s),,V2,3.2738796570630755,1.265666019236366,0.13261993040428982,10
slow200-owned-v4-qps2000-n4,post-cons shed drops / sec,,V1,71.2530612244898,85.62832499616768,0.3800147759824461,10
slow200-owned-v4-qps2000-n4,post-cons shed drops / sec,,V2,52.33869992441422,51.006854538217,3.3026816421287157,10
slow200-owned-v4-qps2000-n4,shed % quorum,,V1,26.2,3.249615361854384,1.083205120618128,10
slow200-owned-v4-qps2000-n4,shed % quorum,,V2,27.4,4.476605857119878,1.4922019523732928,10
slow200-owned-v4-qps2000-n4,shed % local,,V1,31.5,2.6172504656604803,0.8724168218868267,10
slow200-owned-v4-qps2000-n4,shed % local,,V2,37.1,3.9862262855989496,1.3287420951996498,10
slow200-owned-v4-qps2000-n4,shed % cons-queue,,V1,0.0,0.0,0.0,10
slow200-owned-v4-qps2000-n4,shed % cons-queue,,V2,0.0,0.0,0.0,10
slow200-owned-v4-qps2000-n4,pre-cons overload rej / sec,,V1,nan,nan,nan,10
slow200-owned-v4-qps2000-n4,pre-cons overload rej / sec,,V2,nan,nan,nan,10
slow200-owned-v4-qps2000-n4,node CPU,,V1,16.15919057250586,9.634221828219315,0.4481563863254185,10
slow200-owned-v4-qps2000-n4,node CPU,,V2,24.221244985759412,3.6296133878966854,0.18462499623274697,10
slow200-owned-v4-qps2000-n4,node memory RSS (bytes),,V1,866362023.270315,166038474.048821,7528275.263120761,10
slow200-owned-v4-qps2000-n4,node memory RSS (bytes),,V2,866586800.9036545,131367172.25444838,3991026.9967721845,10
slow200-owned-v4-qps2000-n4,overload graduated / sec,,V1,nan,nan,nan,10
slow200-owned-v4-qps2000-n4,overload graduated / sec,,V2,nan,nan,nan,10
slow200-owned-v4-qps2000-n4,overload max-pending / sec,,V1,nan,nan,nan,10
slow200-owned-v4-qps2000-n4,overload max-pending / sec,,V2,nan,nan,nan,10
slow200-owned-v4-qps2000-n4,overload semaphore / sec,,V1,nan,nan,nan,10
slow200-owned-v4-qps2000-n4,overload semaphore / sec,,V2,nan,nan,nan,10
slow200-owned-v4-qps2000-n4,attest. exec p50 (s),,V1,nan,nan,nan,10
slow200-owned-v4-qps2000-n4,attest. exec p50 (s),,V2,0.036057505996514416,0.0036597073094475252,0.0006334931996012173,10
slow200-owned-v4-qps2000-n4,attest. exec p95 (s),,V1,nan,nan,nan,10
slow200-owned-v4-qps2000-n4,attest. exec p95 (s),,V2,0.08253631790066003,0.009959929790372557,0.0014430663838929595,10
slow200-owned-v4-qps2000-n4,attest. exec p99 (s),,V1,nan,nan,nan,10
slow200-owned-v4-qps2000-n4,attest. exec p99 (s),,V2,0.11685877264390082,0.017437058506614138,0.0023504602601370755,10
slow200-owned-v4-qps2000-n4,attest. wait p50 (s),,V1,nan,nan,nan,10
slow200-owned-v4-qps2000-n4,attest. wait p50 (s),,V2,0.04639191903128074,0.02664964989019664,0.0028954670563400417,10
slow200-owned-v4-qps2000-n4,attest. wait p95 (s),,V1,nan,nan,nan,10
slow200-owned-v4-qps2000-n4,attest. wait p95 (s),,V2,0.44035315311748346,0.0952880710029009,0.0072144732102895105,10
slow200-owned-v4-qps2000-n4,attest. wait p99 (s),,V1,nan,nan,nan,10
slow200-owned-v4-qps2000-n4,attest. wait p99 (s),,V2,0.7053202566917044,0.128688294881971,0.010076062979200521,10
slow200-owned-v4-qps2000-n4,attest. resume p50 (s),,V1,nan,nan,nan,10
slow200-owned-v4-qps2000-n4,attest. resume p50 (s),,V2,0.009346079813419075,0.006913227836532751,0.0005729092183963364,10
slow200-owned-v4-qps2000-n4,attest. resume p95 (s),,V1,nan,nan,nan,10
slow200-owned-v4-qps2000-n4,attest. resume p95 (s),,V2,0.5195904989553158,0.26336371916234375,0.018101017469825075,10
slow200-owned-v4-qps2000-n4,attest. resume p99 (s),,V1,nan,nan,nan,10
slow200-owned-v4-qps2000-n4,attest. resume p99 (s),,V2,0.8111305764208826,0.38381332097595533,0.022098506233090252,10
slow200-owned-v4-qps2000-n4,num_inflight,,V1,1074.2,141.8857286692358,47.29524288974526,10
slow200-owned-v4-qps2000-n4,num_inflight,,V2,1660.5,609.3457557085304,203.11525190284345,10
slow200-owned-v4-qps2000-n4,CUs,,V1,nan,nan,nan,10
slow200-owned-v4-qps2000-n4,CUs,,V2,128000.0,1.0736597927519648e-11,0.0,10
slow500-owned-f1-qps200-n4,TPS,,V1,144.74754347826087,32.488468480273795,4.792943941486731,10
slow500-owned-f1-qps200-n4,TPS,,V2,130.19327511622788,25.7808196832995,3.2139934339846086,10
slow500-owned-f1-qps200-n4,attest. full p50 (s),,V1,nan,nan,nan,10
slow500-owned-f1-qps200-n4,attest. full p50 (s),,V2,0.6156435780197186,0.12096119349372639,0.0197671977740389,10
slow500-owned-f1-qps200-n4,attest. full p95 (s),,V1,nan,nan,nan,10
slow500-owned-f1-qps200-n4,attest. full p95 (s),,V2,1.1767583841691651,0.16217159053923813,0.026247570450771907,10
slow500-owned-f1-qps200-n4,attest. full p99 (s),,V1,nan,nan,nan,10
slow500-owned-f1-qps200-n4,attest. full p99 (s),,V2,1.3485780028867556,0.18029050311857137,0.028880087412602715,10
slow500-owned-f1-qps200-n4,attest. / sec,,V1,0.0,0.0,0.0,10
slow500-owned-f1-qps200-n4,attest. / sec,,V2,52.8968446535171,8.619995230288318,1.4308427694317924,10
slow500-owned-f1-qps200-n4,host CPU,,V1,79.31220333943874,32.57132566246861,2.4998953552626113,10
slow500-owned-f1-qps200-n4,host CPU,,V2,81.677535720383,32.02052597667926,2.257046034904186,10
slow500-owned-f1-qps200-n4,rec. → exec. p50 (s),,V1,1.0000392792250854,0.22067340416441597,0.024313929046500524,10
slow500-owned-f1-qps200-n4,rec. → exec. p50 (s),,V2,1.7710067801406062,0.29681891947978256,0.04509521706897108,10
slow500-owned-f1-qps200-n4,rec. → exec. p95 (s),,V1,1.8526397669696788,0.19246548166936703,0.02168423318444719,10
slow500-owned-f1-qps200-n4,rec. → exec. p95 (s),,V2,2.8587293293985008,0.31879634887236824,0.049740848628698056,10
slow500-owned-f1-qps200-n4,rec. → exec. p99 (s),,V1,1.9464326117790292,0.18324456655205473,0.019262805825359223,10
slow500-owned-f1-qps200-n4,rec. → exec. p99 (s),,V2,3.1645792648817452,0.4491161532958957,0.05984994117528898,10
slow500-owned-f1-qps200-n4,pc valid. lat. p50 (s),,V1,0.0003191404539206505,1.795367611897597e-05,2.9029865185799084e-06,10
slow500-owned-f1-qps200-n4,pc valid. lat. p50 (s),,V2,0.00028481342845076914,1.0616828101446252e-05,1.4400742278433884e-06,10
slow500-owned-f1-qps200-n4,pc valid. lat. p95 (s),,V1,0.0034532322847906152,0.0010010366782924399,0.00015788442873616585,10
slow500-owned-f1-qps200-n4,pc valid. lat. p95 (s),,V2,0.001734103790762284,0.0009676354990378038,7.875926927830501e-05,10
slow500-owned-f1-qps200-n4,exec. lat. p95 (s),,V1,0.9156056653268223,0.10452560428148507,0.013306338488374175,10
slow500-owned-f1-qps200-n4,exec. lat. p95 (s),,V2,0.956308990516153,0.12576378035306907,0.020306724926779183,10
slow500-owned-f1-qps200-n4,valid. drop. / sec,,V1,0.0,0.0,0.0,10
slow500-owned-f1-qps200-n4,valid. drop. / sec,,V2,0.0,0.0,0.0,10
slow500-owned-f1-qps200-n4,final. lat. p50 (s),,V1,1.0205562343563201,0.13398110805472274,0.013989209088470386,10
slow500-owned-f1-qps200-n4,final. lat. p50 (s),,V2,1.643649765936145,0.2343546958589325,0.042986076573043965,10
slow500-owned-f1-qps200-n4,final. lat. p95 (s),,V1,1.460759621172964,0.1710792800536087,0.013314911032088612,10
slow500-owned-f1-qps200-n4,final. lat. p95 (s),,V2,2.5184324919283316,0.31428108638671154,0.0505573934231912,10
slow500-owned-f1-qps200-n4,final. lat. p99 (s),,V1,1.6173871007318297,0.19950419596593957,0.01734598253522299,10
slow500-owned-f1-qps200-n4,final. lat. p99 (s),,V2,2.852221678661093,0.34575264386038873,0.05401667456628348,10
slow500-owned-f1-qps200-n4,submit lat. p50 (s),,V1,0.025179823597181544,0.006023189745299812,0.0008958797148795226,10
slow500-owned-f1-qps200-n4,submit lat. p50 (s),,V2,0.6739502814630067,0.12983539674891584,0.021257136694279772,10
slow500-owned-f1-qps200-n4,submit lat. p95 (s),,V1,0.16924023349351155,0.04417063033225838,0.00662412389848618,10
slow500-owned-f1-qps200-n4,submit lat. p95 (s),,V2,1.2719831523419716,0.1748122711558548,0.027495518158723482,10
slow500-owned-f1-qps200-n4,ckpt lag p50 (s),,V1,1.1678390590061243,1.0913880145057724,0.12477248778959212,10
slow500-owned-f1-qps200-n4,ckpt lag p50 (s),,V2,1.1379050988814696,1.54961967362295,0.2826402180171233,10
slow500-owned-f1-qps200-n4,ckpt lag p95 (s),,V1,2.869269451009859,1.9299035257341801,0.24664368613970322,10
slow500-owned-f1-qps200-n4,ckpt lag p95 (s),,V2,3.5239838732715993,2.557002111739279,0.4461800467126666,10
slow500-owned-f1-qps200-n4,ckpt lag p99 (s),,V1,3.4423390391880035,2.2375500516784546,0.27638323367495554,10
slow500-owned-f1-qps200-n4,ckpt lag p99 (s),,V2,4.32730251598367,2.786543349653061,0.47394583224443265,10
slow500-owned-f1-qps200-n4,exec. dispatch queue,,V1,71.1,11.431972708154966,3.8106575693849885,10
slow500-owned-f1-qps200-n4,exec. dispatch queue,,V2,77.5,27.20386002022507,9.067953340075023,10
slow500-owned-f1-qps200-n4,pending txs,,V1,15.0,5.848076606885378,1.9493588689617924,10
slow500-owned-f1-qps200-n4,pending txs,,V2,12.4,4.029888335921977,1.3432961119739923,10
slow500-owned-f1-qps200-n4,exec. queue. delay p95 (s),,V1,0.06432545974440783,0.024333284284403532,0.004757532435845871,10
slow500-owned-f1-qps200-n4,exec. queue. delay p95 (s),,V2,0.050777058428253315,0.02186383162794844,0.003753903946065768,10
slow500-owned-f1-qps200-n4,post-cons shed drops / sec,,V1,0.0,0.0,0.0,10
slow500-owned-f1-qps200-n4,post-cons shed drops / sec,,V2,0.0,0.0,0.0,10
slow500-owned-f1-qps200-n4,shed % quorum,,V1,0.0,0.0,0.0,10
slow500-owned-f1-qps200-n4,shed % quorum,,V2,0.0,0.0,0.0,10
slow500-owned-f1-qps200-n4,shed % local,,V1,0.0,0.0,0.0,10
slow500-owned-f1-qps200-n4,shed % local,,V2,0.0,0.0,0.0,10
slow500-owned-f1-qps200-n4,shed % cons-queue,,V1,0.0,0.0,0.0,10
slow500-owned-f1-qps200-n4,shed % cons-queue,,V2,0.0,0.0,0.0,10
slow500-owned-f1-qps200-n4,pre-cons overload rej / sec,,V1,nan,nan,nan,10
slow500-owned-f1-qps200-n4,pre-cons overload rej / sec,,V2,nan,nan,nan,10
slow500-owned-f1-qps200-n4,node CPU,,V1,19.166161717358744,3.7580838673614765,0.5522806470010337,10
slow500-owned-f1-qps200-n4,node CPU,,V2,23.364888689865325,4.421993814600505,0.6054333714527492,10
slow500-owned-f1-qps200-n4,node memory RSS (bytes),,V1,486193666.62564105,37085865.79234502,1407215.7859597346,10
slow500-owned-f1-qps200-n4,node memory RSS (bytes),,V2,531261506.9741824,42366694.56203111,1259791.1929585692,10
slow500-owned-f1-qps200-n4,overload graduated / sec,,V1,nan,nan,nan,10
slow500-owned-f1-qps200-n4,overload graduated / sec,,V2,nan,nan,nan,10
slow500-owned-f1-qps200-n4,overload max-pending / sec,,V1,nan,nan,nan,10
slow500-owned-f1-qps200-n4,overload max-pending / sec,,V2,nan,nan,nan,10
slow500-owned-f1-qps200-n4,overload semaphore / sec,,V1,nan,nan,nan,10
slow500-owned-f1-qps200-n4,overload semaphore / sec,,V2,nan,nan,nan,10
slow500-owned-f1-qps200-n4,attest. exec p50 (s),,V1,nan,nan,nan,10
slow500-owned-f1-qps200-n4,attest. exec p50 (s),,V2,0.5793571191970897,0.11495450524216119,0.01871661643312667,10
slow500-owned-f1-qps200-n4,attest. exec p95 (s),,V1,nan,nan,nan,10
slow500-owned-f1-qps200-n4,attest. exec p95 (s),,V2,1.0984228473902138,0.150031375279974,0.024118395727132726,10
slow500-owned-f1-qps200-n4,attest. exec p99 (s),,V1,nan,nan,nan,10
slow500-owned-f1-qps200-n4,attest. exec p99 (s),,V2,1.2489810316592782,0.16026344153635727,0.024156268733661033,10
slow500-owned-f1-qps200-n4,attest. wait p50 (s),,V1,nan,nan,nan,10
slow500-owned-f1-qps200-n4,attest. wait p50 (s),,V2,0.016074476229844523,0.005204718936481936,0.0006771461325851428,10
slow500-owned-f1-qps200-n4,attest. wait p95 (s),,V1,nan,nan,nan,10
slow500-owned-f1-qps200-n4,attest. wait p95 (s),,V2,0.13756782999899575,0.054425230143515656,0.005739966527320901,10
slow500-owned-f1-qps200-n4,attest. wait p99 (s),,V1,nan,nan,nan,10
slow500-owned-f1-qps200-n4,attest. wait p99 (s),,V2,0.22256526766681284,0.09619812105280871,0.011134624879605214,10
slow500-owned-f1-qps200-n4,attest. resume p50 (s),,V1,nan,nan,nan,10
slow500-owned-f1-qps200-n4,attest. resume p50 (s),,V2,0.0014370514608126473,0.0014351445747346207,7.272111175508016e-05,10
slow500-owned-f1-qps200-n4,attest. resume p95 (s),,V1,nan,nan,nan,10
slow500-owned-f1-qps200-n4,attest. resume p95 (s),,V2,0.029930928456300073,0.013524714914054178,0.0020483279211679587,10
slow500-owned-f1-qps200-n4,attest. resume p99 (s),,V1,nan,nan,nan,10
slow500-owned-f1-qps200-n4,attest. resume p99 (s),,V2,0.07891148619603462,0.031600713147016214,0.005737176420485435,10
slow500-owned-f1-qps200-n4,num_inflight,,V1,62.6,3.8781438859330635,1.2927146286443545,10
slow500-owned-f1-qps200-n4,num_inflight,,V2,70.1,11.571084650973738,3.8570282169912455,10
slow500-owned-f1-qps200-n4,CUs,,V1,nan,nan,nan,10
slow500-owned-f1-qps200-n4,CUs,,V2,1372000.0,1.1051568206008527e-10,0.0,10
slow500-owned-v1-qps200-n4,TPS,,V1,121.38676213071231,47.83563119587531,2.663574277429585,10
slow500-owned-v1-qps200-n4,TPS,,V2,117.1368276403612,23.41029599244271,0.5137968497162875,10
slow500-owned-v1-qps200-n4,attest. full p50 (s),,V1,nan,nan,nan,10
slow500-owned-v1-qps200-n4,attest. full p50 (s),,V2,0.2173389393630577,0.16913888996046506,0.013339651672492282,10
slow500-owned-v1-qps200-n4,attest. full p95 (s),,V1,nan,nan,nan,10
slow500-owned-v1-qps200-n4,attest. full p95 (s),,V2,1.3241852957109594,0.1752810816974719,0.02423937382009825,10
slow500-owned-v1-qps200-n4,attest. full p99 (s),,V1,nan,nan,nan,10
slow500-owned-v1-qps200-n4,attest. full p99 (s),,V2,1.6494060586688233,0.20007148947492867,0.029082437784156364,10
slow500-owned-v1-qps200-n4,attest. / sec,,V1,0.0,0.0,0.0,10
slow500-owned-v1-qps200-n4,attest. / sec,,V2,239.25936676201695,78.65076136984857,7.115421507954323,10
slow500-owned-v1-qps200-n4,host CPU,,V1,84.32107291046152,31.41606964800307,0.19849868399001605,10
slow500-owned-v1-qps200-n4,host CPU,,V2,84.43748150421325,30.99824367888821,0.23904111615654794,10
slow500-owned-v1-qps200-n4,rec. → exec. p50 (s),,V1,2.2189638302538808,0.27673986725317345,0.017330190543310333,10
slow500-owned-v1-qps200-n4,rec. → exec. p50 (s),,V2,3.6214106118195386,0.31472219183825845,0.018909144577249595,10
slow500-owned-v1-qps200-n4,rec. → exec. p95 (s),,V1,2.8923179455360986,0.2249119965982238,0.009303017430100839,10
slow500-owned-v1-qps200-n4,rec. → exec. p95 (s),,V2,5.102277813099515,0.5026211126661813,0.043463439144393386,10
slow500-owned-v1-qps200-n4,rec. → exec. p99 (s),,V1,3.181600421021773,0.3867486349141687,0.03670557278511128,10
slow500-owned-v1-qps200-n4,rec. → exec. p99 (s),,V2,5.754986050740692,0.6061635575733934,0.040506533566055276,10
slow500-owned-v1-qps200-n4,pc valid. lat. p50 (s),,V1,0.0007180984112362737,0.00031577854224204517,3.706861458705381e-05,10
slow500-owned-v1-qps200-n4,pc valid. lat. p50 (s),,V2,0.00035868681946714035,4.053631684992135e-05,4.497287072256318e-06,10
slow500-owned-v1-qps200-n4,pc valid. lat. p95 (s),,V1,0.02040582993604455,0.002652456622184819,0.0003094917931185471,10
slow500-owned-v1-qps200-n4,pc valid. lat. p95 (s),,V2,0.006102051864062593,0.0020617237441926456,0.00023017523088266238,10
slow500-owned-v1-qps200-n4,exec. lat. p95 (s),,V1,0.9701336952015709,0.0033365532790107406,0.0003934928561720962,10
slow500-owned-v1-qps200-n4,exec. lat. p95 (s),,V2,0.9773291247621719,0.03833636517271966,0.005072783534621237,10
slow500-owned-v1-qps200-n4,valid. drop. / sec,,V1,0.0,0.0,0.0,10
slow500-owned-v1-qps200-n4,valid. drop. / sec,,V2,0.0,0.0,0.0,10
slow500-owned-v1-qps200-n4,final. lat. p50 (s),,V1,nan,nan,nan,10
slow500-owned-v1-qps200-n4,final. lat. p50 (s),,V2,nan,nan,nan,10
slow500-owned-v1-qps200-n4,final. lat. p95 (s),,V1,nan,nan,nan,10
slow500-owned-v1-qps200-n4,final. lat. p95 (s),,V2,nan,nan,nan,10
slow500-owned-v1-qps200-n4,final. lat. p99 (s),,V1,nan,nan,nan,10
slow500-owned-v1-qps200-n4,final. lat. p99 (s),,V2,nan,nan,nan,10
slow500-owned-v1-qps200-n4,submit lat. p50 (s),,V1,nan,nan,nan,10
slow500-owned-v1-qps200-n4,submit lat. p50 (s),,V2,nan,nan,nan,10
slow500-owned-v1-qps200-n4,submit lat. p95 (s),,V1,nan,nan,nan,10
slow500-owned-v1-qps200-n4,submit lat. p95 (s),,V2,nan,nan,nan,10
slow500-owned-v1-qps200-n4,ckpt lag p50 (s),,V1,5.8508180249200015,3.530460314340537,0.45144870462538095,10
slow500-owned-v1-qps200-n4,ckpt lag p50 (s),,V2,1.7038756088763498,0.960115775892008,0.16924655756957532,10
slow500-owned-v1-qps200-n4,ckpt lag p95 (s),,V1,15.744536311751219,9.827062000566594,1.1805589868941802,10
slow500-owned-v1-qps200-n4,ckpt lag p95 (s),,V2,6.259744503702711,3.4027745013588424,0.3446743888741851,10
slow500-owned-v1-qps200-n4,ckpt lag p99 (s),,V1,19.20812668311129,12.753168664105434,1.8601857846590815,10
slow500-owned-v1-qps200-n4,ckpt lag p99 (s),,V2,7.967240551653724,3.9417066648877603,0.40284604447097117,10
slow500-owned-v1-qps200-n4,exec. dispatch queue,,V1,266.2,37.77512408980281,12.591708029934269,10
slow500-owned-v1-qps200-n4,exec. dispatch queue,,V2,254.3,33.02135672561017,11.007118908536723,10
slow500-owned-v1-qps200-n4,pending txs,,V1,24.1,18.39266158009765,6.130887193365882,10
slow500-owned-v1-qps200-n4,pending txs,,V2,35.9,20.235859260234047,6.745286420078015,10
slow500-owned-v1-qps200-n4,exec. queue. delay p95 (s),,V1,0.7622531886603744,0.24751750777954326,0.02285852796858803,10
slow500-owned-v1-qps200-n4,exec. queue. delay p95 (s),,V2,0.7200301024761808,0.2987039443211492,0.07391421590421454,10
slow500-owned-v1-qps200-n4,post-cons shed drops / sec,,V1,0.0,0.0,0.0,10
slow500-owned-v1-qps200-n4,post-cons shed drops / sec,,V2,0.0,0.0,0.0,10
slow500-owned-v1-qps200-n4,shed % quorum,,V1,0.0,0.0,0.0,10
slow500-owned-v1-qps200-n4,shed % quorum,,V2,0.0,0.0,0.0,10
slow500-owned-v1-qps200-n4,shed % local,,V1,0.0,0.0,0.0,10
slow500-owned-v1-qps200-n4,shed % local,,V2,0.0,0.0,0.0,10
slow500-owned-v1-qps200-n4,shed % cons-queue,,V1,0.0,0.0,0.0,10
slow500-owned-v1-qps200-n4,shed % cons-queue,,V2,0.0,0.0,0.0,10
slow500-owned-v1-qps200-n4,pre-cons overload rej / sec,,V1,nan,nan,nan,10
slow500-owned-v1-qps200-n4,pre-cons overload rej / sec,,V2,nan,nan,nan,10
slow500-owned-v1-qps200-n4,node CPU,,V1,21.3659892213285,3.180302951063067,0.07877657006166275,10
slow500-owned-v1-qps200-n4,node CPU,,V2,30.902696638181354,4.65707174053589,0.26097964700422305,10
slow500-owned-v1-qps200-n4,node memory RSS (bytes),,V1,474624232.2474227,38062913.0860912,1327270.046756285,10
slow500-owned-v1-qps200-n4,node memory RSS (bytes),,V2,631570028.7668394,51151660.796392694,2381817.7534256326,10
slow500-owned-v1-qps200-n4,overload graduated / sec,,V1,nan,nan,nan,10
slow500-owned-v1-qps200-n4,overload graduated / sec,,V2,nan,nan,nan,10
slow500-owned-v1-qps200-n4,overload max-pending / sec,,V1,nan,nan,nan,10
slow500-owned-v1-qps200-n4,overload max-pending / sec,,V2,nan,nan,nan,10
slow500-owned-v1-qps200-n4,overload semaphore / sec,,V1,nan,nan,nan,10
slow500-owned-v1-qps200-n4,overload semaphore / sec,,V2,nan,nan,nan,10
slow500-owned-v1-qps200-n4,attest. exec p50 (s),,V1,nan,nan,nan,10
slow500-owned-v1-qps200-n4,attest. exec p50 (s),,V2,0.11047131233440084,0.13042614947630973,0.007955939055629465,10
slow500-owned-v1-qps200-n4,attest. exec p95 (s),,V1,nan,nan,nan,10
slow500-owned-v1-qps200-n4,attest. exec p95 (s),,V2,1.0979876433369022,0.13760377458841944,0.017543962467951094,10
slow500-owned-v1-qps200-n4,attest. exec p99 (s),,V1,nan,nan,nan,10
slow500-owned-v1-qps200-n4,attest. exec p99 (s),,V2,1.3180738745923624,0.14786823025996335,0.018505317570075144,10
slow500-owned-v1-qps200-n4,attest. wait p50 (s),,V1,nan,nan,nan,10
slow500-owned-v1-qps200-n4,attest. wait p50 (s),,V2,0.01837997053975477,0.028475762854416387,0.0013905802638304267,10
slow500-owned-v1-qps200-n4,attest. wait p95 (s),,V1,nan,nan,nan,10
slow500-owned-v1-qps200-n4,attest. wait p95 (s),,V2,0.4435533325809706,0.1975258981793971,0.026004105397133485,10
slow500-owned-v1-qps200-n4,attest. wait p99 (s),,V1,nan,nan,nan,10
slow500-owned-v1-qps200-n4,attest. wait p99 (s),,V2,0.7923636332613377,0.28052323095665455,0.037779299166766485,10
slow500-owned-v1-qps200-n4,attest. resume p50 (s),,V1,nan,nan,nan,10
slow500-owned-v1-qps200-n4,attest. resume p50 (s),,V2,0.0014205968664072009,0.0007233245359311009,8.222713804025257e-05,10
slow500-owned-v1-qps200-n4,attest. resume p95 (s),,V1,nan,nan,nan,10
slow500-owned-v1-qps200-n4,attest. resume p95 (s),,V2,0.062063180135963895,0.05071556724329031,0.006963883417296782,10
slow500-owned-v1-qps200-n4,attest. resume p99 (s),,V1,nan,nan,nan,10
slow500-owned-v1-qps200-n4,attest. resume p99 (s),,V2,0.169809533199183,0.09750980875669826,0.011861818533997833,10
slow500-owned-v1-qps200-n4,num_inflight,,V1,284.4,14.766177569025775,4.922059189675259,10
slow500-owned-v1-qps200-n4,num_inflight,,V2,331.5,69.95319864023374,23.317732880077916,10
slow500-owned-v1-qps200-n4,CUs,,V1,nan,nan,nan,10
slow500-owned-v1-qps200-n4,CUs,,V2,1372000.0,1.15796635488501e-10,0.0,10
slow500-owned-v4-qps200-n4,TPS,,V1,114.88452153495143,57.20192357968851,5.1888058269756545,10
slow500-owned-v4-qps200-n4,TPS,,V2,94.65147053659221,28.350271850446234,4.1391544093127965,10
slow500-owned-v4-qps200-n4,attest. full p50 (s),,V1,nan,nan,nan,10
slow500-owned-v4-qps200-n4,attest. full p50 (s),,V2,0.9141828622392447,0.06478582753844456,0.010367857866546383,10
slow500-owned-v4-qps200-n4,attest. full p95 (s),,V1,nan,nan,nan,10
slow500-owned-v4-qps200-n4,attest. full p95 (s),,V2,1.3974030153967063,0.08235868710030929,0.012870622069648716,10
slow500-owned-v4-qps200-n4,attest. full p99 (s),,V1,nan,nan,nan,10
slow500-owned-v4-qps200-n4,attest. full p99 (s),,V2,1.5849343754405036,0.10320155274534198,0.015475844964882943,10
slow500-owned-v4-qps200-n4,attest. / sec,,V1,0.0,0.0,0.0,10
slow500-owned-v4-qps200-n4,attest. / sec,,V2,65.656060542211,8.456686719106637,0.9504341181708851,10
slow500-owned-v4-qps200-n4,host CPU,,V1,84.26668684275485,31.39482458226456,0.2108166752256296,10
slow500-owned-v4-qps200-n4,host CPU,,V2,84.40444444443779,31.217033601453814,0.23443419154443687,10
slow500-owned-v4-qps200-n4,rec. → exec. p50 (s),,V1,2.2923482941929514,0.2628046461151352,0.022928734992823423,10
slow500-owned-v4-qps200-n4,rec. → exec. p50 (s),,V2,3.1708414010182335,0.25485361727088235,0.0313556633281851,10
slow500-owned-v4-qps200-n4,rec. → exec. p95 (s),,V1,3.030351107157617,0.3299913952506376,0.039976805908394523,10
slow500-owned-v4-qps200-n4,rec. → exec. p95 (s),,V2,4.296908683141392,0.37267169004714085,0.0419335675781432,10
slow500-owned-v4-qps200-n4,rec. → exec. p99 (s),,V1,3.3567933173681186,0.46076267865414944,0.04063633301636688,10
slow500-owned-v4-qps200-n4,rec. → exec. p99 (s),,V2,4.768472764062483,0.36755159654491953,0.03301990049087253,10
slow500-owned-v4-qps200-n4,pc valid. lat. p50 (s),,V1,0.00125485242200922,0.0004957831038303773,6.068265645086469e-05,10
slow500-owned-v4-qps200-n4,pc valid. lat. p50 (s),,V2,0.00047686857905765786,7.024224571329423e-05,5.359505061305786e-06,10
slow500-owned-v4-qps200-n4,pc valid. lat. p95 (s),,V1,0.020428055779296312,0.0022174525669476325,0.00029000135708088403,10
slow500-owned-v4-qps200-n4,pc valid. lat. p95 (s),,V2,0.01190852215684985,0.003708818994078765,0.0005689625815308028,10
slow500-owned-v4-qps200-n4,exec. lat. p95 (s),,V1,0.9688784380499024,0.002984677413917086,0.00020406946106741884,10
slow500-owned-v4-qps200-n4,exec. lat. p95 (s),,V2,1.438071685165464,0.1390871791899073,0.020542262823471602,10
slow500-owned-v4-qps200-n4,valid. drop. / sec,,V1,0.0,0.0,0.0,10
slow500-owned-v4-qps200-n4,valid. drop. / sec,,V2,0.0,0.0,0.0,10
slow500-owned-v4-qps200-n4,final. lat. p50 (s),,V1,nan,nan,nan,10
slow500-owned-v4-qps200-n4,final. lat. p50 (s),,V2,nan,nan,nan,10
slow500-owned-v4-qps200-n4,final. lat. p95 (s),,V1,nan,nan,nan,10
slow500-owned-v4-qps200-n4,final. lat. p95 (s),,V2,nan,nan,nan,10
slow500-owned-v4-qps200-n4,final. lat. p99 (s),,V1,nan,nan,nan,10
slow500-owned-v4-qps200-n4,final. lat. p99 (s),,V2,nan,nan,nan,10
slow500-owned-v4-qps200-n4,submit lat. p50 (s),,V1,nan,nan,nan,10
slow500-owned-v4-qps200-n4,submit lat. p50 (s),,V2,nan,nan,nan,10
slow500-owned-v4-qps200-n4,submit lat. p95 (s),,V1,nan,nan,nan,10
slow500-owned-v4-qps200-n4,submit lat. p95 (s),,V2,nan,nan,nan,10
slow500-owned-v4-qps200-n4,ckpt lag p50 (s),,V1,8.435423399601728,7.412978080784563,1.047447321623211,10
slow500-owned-v4-qps200-n4,ckpt lag p50 (s),,V2,4.173762018383402,5.500285949382683,0.8069647891600157,10
slow500-owned-v4-qps200-n4,ckpt lag p95 (s),,V1,18.535858333616893,13.380376252444634,1.9204435518644796,10
slow500-owned-v4-qps200-n4,ckpt lag p95 (s),,V2,16.38210332663596,12.646636743538837,1.4771282074976253,10
slow500-owned-v4-qps200-n4,ckpt lag p99 (s),,V1,21.419944600747364,15.038431883310615,2.059188056433058,10
slow500-owned-v4-qps200-n4,ckpt lag p99 (s),,V2,19.73024255667157,14.424715981679164,1.696970104888783,10
slow500-owned-v4-qps200-n4,exec. dispatch queue,,V1,268.7,35.383753333980835,11.794584444660277,10
slow500-owned-v4-qps200-n4,exec. dispatch queue,,V2,181.0,36.58961601328989,12.19653867109663,10
slow500-owned-v4-qps200-n4,pending txs,,V1,17.6,9.275774900244183,3.0919249667480613,10
slow500-owned-v4-qps200-n4,pending txs,,V2,15.3,4.62709412050371,1.5423647068345696,10
slow500-owned-v4-qps200-n4,exec. queue. delay p95 (s),,V1,0.6791645580782368,0.2521915138206371,0.03323013438770983,10
slow500-owned-v4-qps200-n4,exec. queue. delay p95 (s),,V2,0.4549854659449081,0.08013197373410677,0.011959360928419841,10
slow500-owned-v4-qps200-n4,post-cons shed drops / sec,,V1,0.0,0.0,0.0,10
slow500-owned-v4-qps200-n4,post-cons shed drops / sec,,V2,0.0,0.0,0.0,10
slow500-owned-v4-qps200-n4,shed % quorum,,V1,0.0,0.0,0.0,10
slow500-owned-v4-qps200-n4,shed % quorum,,V2,0.0,0.0,0.0,10
slow500-owned-v4-qps200-n4,shed % local,,V1,0.0,0.0,0.0,10
slow500-owned-v4-qps200-n4,shed % local,,V2,0.0,0.0,0.0,10
slow500-owned-v4-qps200-n4,shed % cons-queue,,V1,0.0,0.0,0.0,10
slow500-owned-v4-qps200-n4,shed % cons-queue,,V2,0.0,0.0,0.0,10
slow500-owned-v4-qps200-n4,pre-cons overload rej / sec,,V1,nan,nan,nan,10
slow500-owned-v4-qps200-n4,pre-cons overload rej / sec,,V2,nan,nan,nan,10
slow500-owned-v4-qps200-n4,node CPU,,V1,22.013101391312482,2.9379925292703186,0.1416377798875837,10
slow500-owned-v4-qps200-n4,node CPU,,V2,25.336692302219614,3.5901168681832845,0.2919117626604594,10
slow500-owned-v4-qps200-n4,node memory RSS (bytes),,V1,468008452.40619624,38696007.59353271,862541.6375755253,10
slow500-owned-v4-qps200-n4,node memory RSS (bytes),,V2,523286320.7409949,42166648.94596149,1996342.500528331,10
slow500-owned-v4-qps200-n4,overload graduated / sec,,V1,nan,nan,nan,10
slow500-owned-v4-qps200-n4,overload graduated / sec,,V2,nan,nan,nan,10
slow500-owned-v4-qps200-n4,overload max-pending / sec,,V1,nan,nan,nan,10
slow500-owned-v4-qps200-n4,overload max-pending / sec,,V2,nan,nan,nan,10
slow500-owned-v4-qps200-n4,overload semaphore / sec,,V1,nan,nan,nan,10
slow500-owned-v4-qps200-n4,overload semaphore / sec,,V2,nan,nan,nan,10
slow500-owned-v4-qps200-n4,attest. exec p50 (s),,V1,nan,nan,nan,10
slow500-owned-v4-qps200-n4,attest. exec p50 (s),,V2,0.8418188917947893,0.05771381088492437,0.008598687544848169,10
slow500-owned-v4-qps200-n4,attest. exec p95 (s),,V1,nan,nan,nan,10
slow500-owned-v4-qps200-n4,attest. exec p95 (s),,V2,1.2555461253136613,0.058952839460827904,0.008309918064261151,10
slow500-owned-v4-qps200-n4,attest. exec p99 (s),,V1,nan,nan,nan,10
slow500-owned-v4-qps200-n4,attest. exec p99 (s),,V2,1.393012136366202,0.06288347322090719,0.006997456204810173,10
slow500-owned-v4-qps200-n4,attest. wait p50 (s),,V1,nan,nan,nan,10
slow500-owned-v4-qps200-n4,attest. wait p50 (s),,V2,0.024765450793436776,0.005694867853337587,0.0008040236626533501,10
slow500-owned-v4-qps200-n4,attest. wait p95 (s),,V1,nan,nan,nan,10
slow500-owned-v4-qps200-n4,attest. wait p95 (s),,V2,0.23637474459602795,0.08479960335371094,0.0138459520283089,10
slow500-owned-v4-qps200-n4,attest. wait p99 (s),,V1,nan,nan,nan,10
slow500-owned-v4-qps200-n4,attest. wait p99 (s),,V2,0.3816200809084942,0.13765666232067844,0.022322425599642422,10
slow500-owned-v4-qps200-n4,attest. resume p50 (s),,V1,nan,nan,nan,10
slow500-owned-v4-qps200-n4,attest. resume p50 (s),,V2,0.006174167788789313,0.002513865385293881,0.00023263187018705703,10
slow500-owned-v4-qps200-n4,attest. resume p95 (s),,V1,nan,nan,nan,10
slow500-owned-v4-qps200-n4,attest. resume p95 (s),,V2,0.09181879240061905,0.040328919726574604,0.0032003666197304268,10
slow500-owned-v4-qps200-n4,attest. resume p99 (s),,V1,nan,nan,nan,10
slow500-owned-v4-qps200-n4,attest. resume p99 (s),,V2,0.18569084355241977,0.0719395056608574,0.007471756473246763,10
slow500-owned-v4-qps200-n4,num_inflight,,V1,168.5,20.11591409804685,6.705304699348949,10
slow500-owned-v4-qps200-n4,num_inflight,,V2,118.3,6.694027188471825,2.2313423961572747,10
slow500-owned-v4-qps200-n4,CUs,,V1,nan,nan,nan,10
slow500-owned-v4-qps200-n4,CUs,,V2,1372000.0,1.0951432264219008e-10,0.0,10
slow500-owned-f1-qps1000-n4,TPS,,V1,128.80315747524082,61.86599519559504,2.864215737388659,10
slow500-owned-f1-qps1000-n4,TPS,,V2,104.16057064848732,61.40520113294118,0.9655990765396915,10
slow500-owned-f1-qps1000-n4,attest. full p50 (s),,V1,nan,nan,nan,10
slow500-owned-f1-qps1000-n4,attest. full p50 (s),,V2,1.0495499440717762,0.21877902297646806,0.018175572596055917,10
slow500-owned-f1-qps1000-n4,attest. full p95 (s),,V1,nan,nan,nan,10
slow500-owned-f1-qps1000-n4,attest. full p95 (s),,V2,2.0130454569735763,0.3980809880347596,0.03882213631721823,10
slow500-owned-f1-qps1000-n4,attest. full p99 (s),,V1,nan,nan,nan,10
slow500-owned-f1-qps1000-n4,attest. full p99 (s),,V2,2.474420395123214,0.5298494920856817,0.05123934993252166,10
slow500-owned-f1-qps1000-n4,attest. / sec,,V1,0.0,0.0,0.0,10
slow500-owned-f1-qps1000-n4,attest. / sec,,V2,73.70441459774793,45.48020821046348,1.5133218360986869,10
slow500-owned-f1-qps1000-n4,host CPU,,V1,84.27576329365428,30.757804552636514,0.5041011586442194,10
slow500-owned-f1-qps1000-n4,host CPU,,V2,84.61384978956566,30.977528833563863,0.28800410904961005,10
slow500-owned-f1-qps1000-n4,rec. → exec. p50 (s),,V1,4.228492549327223,2.862349081328983,0.11967450279738419,10
slow500-owned-f1-qps1000-n4,rec. → exec. p50 (s),,V2,8.394244746216767,3.772978766847033,0.21280152479702166,10
slow500-owned-f1-qps1000-n4,rec. → exec. p95 (s),,V1,6.8255166037882145,5.388313637485778,0.15130439742573518,10
slow500-owned-f1-qps1000-n4,rec. → exec. p95 (s),,V2,13.143120141669169,5.974653579884865,0.3919135389870377,10
slow500-owned-f1-qps1000-n4,rec. → exec. p99 (s),,V1,7.483676377873544,5.993430617149026,0.14162707039355896,10
slow500-owned-f1-qps1000-n4,rec. → exec. p99 (s),,V2,14.337476103885129,6.139200376625606,0.393676742005888,10
slow500-owned-f1-qps1000-n4,pc valid. lat. p50 (s),,V1,0.0021207085772274184,0.004274101809695437,0.0002810207588803719,10
slow500-owned-f1-qps1000-n4,pc valid. lat. p50 (s),,V2,0.0017433708464950999,0.002279176533297193,0.00021430480345851469,10
slow500-owned-f1-qps1000-n4,pc valid. lat. p95 (s),,V1,0.025517915789262956,0.01963557543426508,0.0013194059052018664,10
slow500-owned-f1-qps1000-n4,pc valid. lat. p95 (s),,V2,0.02395172825880625,0.01775076898806262,0.0013257414878583558,10
slow500-owned-f1-qps1000-n4,exec. lat. p95 (s),,V1,0.969082412346842,0.02169277172124104,0.0011789117670910694,10
slow500-owned-f1-qps1000-n4,exec. lat. p95 (s),,V2,1.2002381606560455,0.26015988876107726,0.02757251609804001,10
slow500-owned-f1-qps1000-n4,valid. drop. / sec,,V1,0.0,0.0,0.0,10
slow500-owned-f1-qps1000-n4,valid. drop. / sec,,V2,0.0,0.0,0.0,10
slow500-owned-f1-qps1000-n4,final. lat. p50 (s),,V1,4.258154340702928,2.1144620224427157,0.17018714705443583,10
slow500-owned-f1-qps1000-n4,final. lat. p50 (s),,V2,7.52825420861992,3.320344020605437,0.31200274007674367,10
slow500-owned-f1-qps1000-n4,final. lat. p95 (s),,V1,7.0790010719311525,3.824976027403098,0.3017757401788114,10
slow500-owned-f1-qps1000-n4,final. lat. p95 (s),,V2,11.6496892685015,4.772023789289545,0.4536677295029264,10
slow500-owned-f1-qps1000-n4,final. lat. p99 (s),,V1,7.939377740881037,4.036893670952886,0.3648524965772792,10
slow500-owned-f1-qps1000-n4,final. lat. p99 (s),,V2,13.038086972059636,5.284027634075898,0.5833622836707539,10
slow500-owned-f1-qps1000-n4,submit lat. p50 (s),,V1,0.38579319074769347,0.23146571259800636,0.029475388701400814,10
slow500-owned-f1-qps1000-n4,submit lat. p50 (s),,V2,2.043510470435557,0.7636378373637038,0.09354521222985326,10
slow500-owned-f1-qps1000-n4,submit lat. p95 (s),,V1,1.7376094739561845,1.1726708909734003,0.16048794777441802,10
slow500-owned-f1-qps1000-n4,submit lat. p95 (s),,V2,4.130659032183236,1.792311778899896,0.26736939094050716,10
slow500-owned-f1-qps1000-n4,ckpt lag p50 (s),,V1,3.8205337510579076,2.1722334027473895,0.31669192696697085,10
slow500-owned-f1-qps1000-n4,ckpt lag p50 (s),,V2,3.5424474587131316,2.197618378320518,0.22260061073686888,10
slow500-owned-f1-qps1000-n4,ckpt lag p95 (s),,V1,9.989976449604187,4.3379791434236274,0.3970638001279838,10
slow500-owned-f1-qps1000-n4,ckpt lag p95 (s),,V2,11.55837075443832,5.467886784115321,0.537901195038809,10
slow500-owned-f1-qps1000-n4,ckpt lag p99 (s),,V1,11.477989562415528,4.9734803210568606,0.4344096470126424,10
slow500-owned-f1-qps1000-n4,ckpt lag p99 (s),,V2,13.79402819121912,6.372789271490535,0.6566369497401772,10
slow500-owned-f1-qps1000-n4,exec. dispatch queue,,V1,1115.5,321.536700860104,107.17890028670134,10
slow500-owned-f1-qps1000-n4,exec. dispatch queue,,V2,1185.5,161.72646660333615,53.90882220111204,10
slow500-owned-f1-qps1000-n4,pending txs,,V1,19.6,4.454211490264018,1.484737163421339,10
slow500-owned-f1-qps1000-n4,pending txs,,V2,32.0,10.917875251164945,3.6392917503883147,10
slow500-owned-f1-qps1000-n4,exec. queue. delay p95 (s),,V1,2.4422906363633525,0.958893995269827,0.14706558336071626,10
slow500-owned-f1-qps1000-n4,exec. queue. delay p95 (s),,V2,3.406095151901316,0.885754246400053,0.19239326246889651,10
slow500-owned-f1-qps1000-n4,post-cons shed drops / sec,,V1,1.0909710391822829,2.9448022949310397,0.4760021220445125,10
slow500-owned-f1-qps1000-n4,post-cons shed drops / sec,,V2,6.828584995251662,12.060467217638505,0.7668210335318314,10
slow500-owned-f1-qps1000-n4,shed % quorum,,V1,4.1,4.253234063627348,1.4177446878757824,10
slow500-owned-f1-qps1000-n4,shed % quorum,,V2,26.4,9.00222194794152,3.000740649313839,10
slow500-owned-f1-qps1000-n4,shed % local,,V1,10.4,5.102940328869229,1.7009801096230763,10
slow500-owned-f1-qps1000-n4,shed % local,,V2,41.8,12.944496900227525,4.3148323000758415,10
slow500-owned-f1-qps1000-n4,shed % cons-queue,,V1,0.0,0.0,0.0,10
slow500-owned-f1-qps1000-n4,shed % cons-queue,,V2,0.0,0.0,0.0,10
slow500-owned-f1-qps1000-n4,pre-cons overload rej / sec,,V1,nan,nan,nan,10
slow500-owned-f1-qps1000-n4,pre-cons overload rej / sec,,V2,nan,nan,nan,10
slow500-owned-f1-qps1000-n4,node CPU,,V1,20.86225120488268,3.69913565699357,0.16421783537706186,10
slow500-owned-f1-qps1000-n4,node CPU,,V2,24.74240318503038,4.038804777499256,0.2634823989390644,10
slow500-owned-f1-qps1000-n4,node memory RSS (bytes),,V1,477585978.5870647,44676493.83995376,1392733.3946116322,10
slow500-owned-f1-qps1000-n4,node memory RSS (bytes),,V2,613886861.078727,56798475.78569111,5036296.628590749,10
slow500-owned-f1-qps1000-n4,overload graduated / sec,,V1,nan,nan,nan,10
slow500-owned-f1-qps1000-n4,overload graduated / sec,,V2,nan,nan,nan,10
slow500-owned-f1-qps1000-n4,overload max-pending / sec,,V1,nan,nan,nan,10
slow500-owned-f1-qps1000-n4,overload max-pending / sec,,V2,nan,nan,nan,10
slow500-owned-f1-qps1000-n4,overload semaphore / sec,,V1,nan,nan,nan,10
slow500-owned-f1-qps1000-n4,overload semaphore / sec,,V2,nan,nan,nan,10
slow500-owned-f1-qps1000-n4,attest. exec p50 (s),,V1,nan,nan,nan,10
slow500-owned-f1-qps1000-n4,attest. exec p50 (s),,V2,0.7652378605942377,0.17705085741553248,0.01315511723310226,10
slow500-owned-f1-qps1000-n4,attest. exec p95 (s),,V1,nan,nan,nan,10
slow500-owned-f1-qps1000-n4,attest. exec p95 (s),,V2,1.3072329132553593,0.21382467110456266,0.019368873569218657,10
slow500-owned-f1-qps1000-n4,attest. exec p99 (s),,V1,nan,nan,nan,10
slow500-owned-f1-qps1000-n4,attest. exec p99 (s),,V2,1.4754709862755693,0.2226951944993913,0.021605529342452967,10
slow500-owned-f1-qps1000-n4,attest. wait p50 (s),,V1,nan,nan,nan,10
slow500-owned-f1-qps1000-n4,attest. wait p50 (s),,V2,0.17036030386342677,0.1641224273242121,0.00884588538166363,10
slow500-owned-f1-qps1000-n4,attest. wait p95 (s),,V1,nan,nan,nan,10
slow500-owned-f1-qps1000-n4,attest. wait p95 (s),,V2,0.9493323124584208,0.43759643595561676,0.03982116182697195,10
slow500-owned-f1-qps1000-n4,attest. wait p99 (s),,V1,nan,nan,nan,10
slow500-owned-f1-qps1000-n4,attest. wait p99 (s),,V2,1.4125637467450978,0.6433232673889445,0.05668264635064102,10
slow500-owned-f1-qps1000-n4,attest. resume p50 (s),,V1,nan,nan,nan,10
slow500-owned-f1-qps1000-n4,attest. resume p50 (s),,V2,0.008686168475492324,0.014024589794160424,0.000635570541911429,10
slow500-owned-f1-qps1000-n4,attest. resume p95 (s),,V1,nan,nan,nan,10
slow500-owned-f1-qps1000-n4,attest. resume p95 (s),,V2,0.2834890082363904,0.2710873812958487,0.03455062690786075,10
slow500-owned-f1-qps1000-n4,attest. resume p99 (s),,V1,nan,nan,nan,10
slow500-owned-f1-qps1000-n4,attest. resume p99 (s),,V2,0.4987702692965199,0.37898312131298095,0.04757539026185331,10
slow500-owned-f1-qps1000-n4,num_inflight,,V1,704.8,91.64584005834634,30.548613352782112,10
slow500-owned-f1-qps1000-n4,num_inflight,,V2,751.7,33.80251469935336,11.267504899784454,10
slow500-owned-f1-qps1000-n4,CUs,,V1,nan,nan,nan,10
slow500-owned-f1-qps1000-n4,CUs,,V2,1372000.0,1.2023322738109208e-10,0.0,10
slow500-owned-v1-qps1000-n4,TPS,,V1,104.61933905915308,88.47700875570804,7.126975125171644,10
slow500-owned-v1-qps1000-n4,TPS,,V2,93.96515165631469,36.51892737658333,2.002041291385307,10
slow500-owned-v1-qps1000-n4,attest. full p50 (s),,V1,nan,nan,nan,10
slow500-owned-v1-qps1000-n4,attest. full p50 (s),,V2,0.5971970168221481,0.7349856913655345,0.06631582621153133,10
slow500-owned-v1-qps1000-n4,attest. full p95 (s),,V1,nan,nan,nan,10
slow500-owned-v1-qps1000-n4,attest. full p95 (s),,V2,2.5152041257761106,1.5605935151328612,0.13893735702232726,10
slow500-owned-v1-qps1000-n4,attest. full p99 (s),,V1,nan,nan,nan,10
slow500-owned-v1-qps1000-n4,attest. full p99 (s),,V2,3.286946417764935,1.8070404849267097,0.1505757837382531,10
slow500-owned-v1-qps1000-n4,attest. / sec,,V1,0.0,0.0,0.0,10
slow500-owned-v1-qps1000-n4,attest. / sec,,V2,515.8680186335405,336.2182458695251,21.058702184799834,10
slow500-owned-v1-qps1000-n4,host CPU,,V1,84.72423608057737,30.830994402636968,0.24683463605164718,10
slow500-owned-v1-qps1000-n4,host CPU,,V2,80.77743921245984,30.87431841858244,0.4518750297252535,10
slow500-owned-v1-qps1000-n4,rec. → exec. p50 (s),,V1,10.82965158053773,3.820787885388435,0.30515329475901365,10
slow500-owned-v1-qps1000-n4,rec. → exec. p50 (s),,V2,17.94950876878905,8.615048556702247,0.3524428280094877,10
slow500-owned-v1-qps1000-n4,rec. → exec. p95 (s),,V1,16.427941870738525,5.005230045979822,0.3255687344057605,10
slow500-owned-v1-qps1000-n4,rec. → exec. p95 (s),,V2,28.22545832907485,15.168576539085231,0.6139882831500655,10
slow500-owned-v1-qps1000-n4,rec. → exec. p99 (s),,V1,17.26021520689754,5.038645614453472,0.2904994335461621,10
slow500-owned-v1-qps1000-n4,rec. → exec. p99 (s),,V2,31.660915878455352,16.918198981429697,0.6745036536478454,10
slow500-owned-v1-qps1000-n4,pc valid. lat. p50 (s),,V1,0.0070006384428321295,0.006817640065023504,0.0008311157342247745,10
slow500-owned-v1-qps1000-n4,pc valid. lat. p50 (s),,V2,0.0004165745788029442,0.0009400716147164653,5.026827803072412e-05,10
slow500-owned-v1-qps1000-n4,pc valid. lat. p95 (s),,V1,0.06873020959559058,0.032001829904355066,0.003909873817618935,10
slow500-owned-v1-qps1000-n4,pc valid. lat. p95 (s),,V2,0.014598585983514356,0.016276622436203324,0.0013175621201870445,10
slow500-owned-v1-qps1000-n4,exec. lat. p95 (s),,V1,0.9711480646028788,0.004200949039598951,0.00040173392514302814,10
slow500-owned-v1-qps1000-n4,exec. lat. p95 (s),,V2,0.9993353374431468,0.1603262119987284,0.02181305651774178,10
slow500-owned-v1-qps1000-n4,valid. drop. / sec,,V1,0.0,0.0,0.0,10
slow500-owned-v1-qps1000-n4,valid. drop. / sec,,V2,0.0,0.0,0.0,10
slow500-owned-v1-qps1000-n4,final. lat. p50 (s),,V1,nan,nan,nan,10
slow500-owned-v1-qps1000-n4,final. lat. p50 (s),,V2,nan,nan,nan,10
slow500-owned-v1-qps1000-n4,final. lat. p95 (s),,V1,nan,nan,nan,10
slow500-owned-v1-qps1000-n4,final. lat. p95 (s),,V2,nan,nan,nan,10
slow500-owned-v1-qps1000-n4,final. lat. p99 (s),,V1,nan,nan,nan,10
slow500-owned-v1-qps1000-n4,final. lat. p99 (s),,V2,nan,nan,nan,10
slow500-owned-v1-qps1000-n4,submit lat. p50 (s),,V1,nan,nan,nan,10
slow500-owned-v1-qps1000-n4,submit lat. p50 (s),,V2,nan,nan,nan,10
slow500-owned-v1-qps1000-n4,submit lat. p95 (s),,V1,nan,nan,nan,10
slow500-owned-v1-qps1000-n4,submit lat. p95 (s),,V2,nan,nan,nan,10
slow500-owned-v1-qps1000-n4,ckpt lag p50 (s),,V1,16.730446870139442,9.363727895663153,1.0510598215881777,10
slow500-owned-v1-qps1000-n4,ckpt lag p50 (s),,V2,2.3128669414006304,2.0086320702295164,0.15167706351975296,10
slow500-owned-v1-qps1000-n4,ckpt lag p95 (s),,V1,30.205360765141023,18.85283221250458,0.7619445862920129,10
slow500-owned-v1-qps1000-n4,ckpt lag p95 (s),,V2,11.740529155378216,8.325249315185376,0.35852761396700084,10
slow500-owned-v1-qps1000-n4,ckpt lag p99 (s),,V1,32.924227123058174,20.867278242705297,0.7126138377939322,10
slow500-owned-v1-qps1000-n4,ckpt lag p99 (s),,V2,16.884209786710926,11.940673488815012,0.8783950918031582,10
slow500-owned-v1-qps1000-n4,exec. dispatch queue,,V1,1401.6,224.07775436218563,74.6925847873952,10
slow500-owned-v1-qps1000-n4,exec. dispatch queue,,V2,1612.8,111.8917333854472,37.29724446181574,10
slow500-owned-v1-qps1000-n4,pending txs,,V1,42.0,11.009087155618309,3.6696957185394354,10
slow500-owned-v1-qps1000-n4,pending txs,,V2,78.6,11.394735626595292,3.7982452088650973,10
slow500-owned-v1-qps1000-n4,exec. queue. delay p95 (s),,V1,5.209670813370829,1.20712532656853,0.2541431090862635,10
slow500-owned-v1-qps1000-n4,exec. queue. delay p95 (s),,V2,5.329628495883393,2.481423994275062,0.282285016967854,10
slow500-owned-v1-qps1000-n4,post-cons shed drops / sec,,V1,13.932450585300328,21.900632474805953,2.2701203716846994,10
slow500-owned-v1-qps1000-n4,post-cons shed drops / sec,,V2,2.843690821256039,5.981496362470919,0.8725879792801804,10
slow500-owned-v1-qps1000-n4,shed % quorum,,V1,30.7,14.255174499107332,4.7517248330357775,10
slow500-owned-v1-qps1000-n4,shed % quorum,,V2,17.9,14.638647478507023,4.879549159502341,10
slow500-owned-v1-qps1000-n4,shed % local,,V1,45.6,7.296574538781879,2.432191512927293,10
slow500-owned-v1-qps1000-n4,shed % local,,V2,60.7,19.900000000000002,6.633333333333333,10
slow500-owned-v1-qps1000-n4,shed % cons-queue,,V1,0.0,0.0,0.0,10
slow500-owned-v1-qps1000-n4,shed % cons-queue,,V2,0.0,0.0,0.0,10
slow500-owned-v1-qps1000-n4,pre-cons overload rej / sec,,V1,nan,nan,nan,10
slow500-owned-v1-qps1000-n4,pre-cons overload rej / sec,,V2,nan,nan,nan,10
slow500-owned-v1-qps1000-n4,node CPU,,V1,22.998659391531692,3.3967255348770404,0.21603729030736799,10
slow500-owned-v1-qps1000-n4,node CPU,,V2,35.91676588393741,13.949340258568753,1.0815207091841443,10
slow500-owned-v1-qps1000-n4,node memory RSS (bytes),,V1,537146630.918919,54585053.76223824,1867332.1209233208,10
slow500-owned-v1-qps1000-n4,node memory RSS (bytes),,V2,741269747.3955858,84454142.62759182,4027531.598016972,10
slow500-owned-v1-qps1000-n4,overload graduated / sec,,V1,nan,nan,nan,10
slow500-owned-v1-qps1000-n4,overload graduated / sec,,V2,nan,nan,nan,10
slow500-owned-v1-qps1000-n4,overload max-pending / sec,,V1,nan,nan,nan,10
slow500-owned-v1-qps1000-n4,overload max-pending / sec,,V2,nan,nan,nan,10
slow500-owned-v1-qps1000-n4,overload semaphore / sec,,V1,nan,nan,nan,10
slow500-owned-v1-qps1000-n4,overload semaphore / sec,,V2,nan,nan,nan,10
slow500-owned-v1-qps1000-n4,attest. exec p50 (s),,V1,nan,nan,nan,10
slow500-owned-v1-qps1000-n4,attest. exec p50 (s),,V2,0.20143688672632876,0.26453828510890154,0.023742178910863304,10
slow500-owned-v1-qps1000-n4,attest. exec p95 (s),,V1,nan,nan,nan,10
slow500-owned-v1-qps1000-n4,attest. exec p95 (s),,V2,0.9902443287468469,0.23760377845169922,0.02220310176427104,10
slow500-owned-v1-qps1000-n4,attest. exec p99 (s),,V1,nan,nan,nan,10
slow500-owned-v1-qps1000-n4,attest. exec p99 (s),,V2,1.296393925357148,0.30173960561735746,0.03255520373546131,10
slow500-owned-v1-qps1000-n4,attest. wait p50 (s),,V1,nan,nan,nan,10
slow500-owned-v1-qps1000-n4,attest. wait p50 (s),,V2,0.04258674252081632,0.08727519094902368,0.0073591426657733045,10
slow500-owned-v1-qps1000-n4,attest. wait p95 (s),,V1,nan,nan,nan,10
slow500-owned-v1-qps1000-n4,attest. wait p95 (s),,V2,0.6936947377574981,0.6152512415810996,0.052922551749944056,10
slow500-owned-v1-qps1000-n4,attest. wait p99 (s),,V1,nan,nan,nan,10
slow500-owned-v1-qps1000-n4,attest. wait p99 (s),,V2,1.2970914226033088,0.9714857637601683,0.09272279517950933,10
slow500-owned-v1-qps1000-n4,attest. resume p50 (s),,V1,nan,nan,nan,10
slow500-owned-v1-qps1000-n4,attest. resume p50 (s),,V2,0.18237961593916419,0.3725746499030228,0.03350492340360535,10
slow500-owned-v1-qps1000-n4,attest. resume p95 (s),,V1,nan,nan,nan,10
slow500-owned-v1-qps1000-n4,attest. resume p95 (s),,V2,1.682660923141818,1.449463251447696,0.1442060525904506,10
slow500-owned-v1-qps1000-n4,attest. resume p99 (s),,V1,nan,nan,nan,10
slow500-owned-v1-qps1000-n4,attest. resume p99 (s),,V2,2.217063779476965,1.755473671779467,0.16389439794650276,10
slow500-owned-v1-qps1000-n4,num_inflight,,V1,1736.3,147.1047585906044,49.03491953020146,10
slow500-owned-v1-qps1000-n4,num_inflight,,V2,3047.3,671.1551310986157,223.71837703287187,10
slow500-owned-v1-qps1000-n4,CUs,,V1,nan,nan,nan,10
slow500-owned-v1-qps1000-n4,CUs,,V2,1372000.0,1.0466782200082833e-10,0.0,10
slow500-owned-v4-qps1000-n4,TPS,,V1,88.02367358708189,77.13373959177902,7.793514202100263,10
slow500-owned-v4-qps1000-n4,TPS,,V2,78.70779424327603,48.84951120544392,2.327824265095143,10
slow500-owned-v4-qps1000-n4,attest. full p50 (s),,V1,nan,nan,nan,10
slow500-owned-v4-qps1000-n4,attest. full p50 (s),,V2,1.2755475260494546,0.2600269265061602,0.016376741111008872,10
slow500-owned-v4-qps1000-n4,attest. full p95 (s),,V1,nan,nan,nan,10
slow500-owned-v4-qps1000-n4,attest. full p95 (s),,V2,2.7118941427225582,0.8366829883036881,0.06532134697093428,10
slow500-owned-v4-qps1000-n4,attest. full p99 (s),,V1,nan,nan,nan,10
slow500-owned-v4-qps1000-n4,attest. full p99 (s),,V2,3.457297667723229,1.094821767005771,0.08602974106885077,10
slow500-owned-v4-qps1000-n4,attest. / sec,,V1,0.0,0.0,0.0,10
slow500-owned-v4-qps1000-n4,attest. / sec,,V2,96.01296847442681,40.599125219833475,1.447130289704508,10
slow500-owned-v4-qps1000-n4,host CPU,,V1,84.3410176556742,31.373570768721194,0.2728837632776459,10
slow500-owned-v4-qps1000-n4,host CPU,,V2,84.34422045177037,31.374651719789213,0.27396427499461434,10
slow500-owned-v4-qps1000-n4,rec. → exec. p50 (s),,V1,11.25192826368598,3.6686054652322824,0.2786403893220032,10
slow500-owned-v4-qps1000-n4,rec. → exec. p50 (s),,V2,13.28557091307415,4.196682948316628,0.28807661855061667,10
slow500-owned-v4-qps1000-n4,rec. → exec. p95 (s),,V1,16.503930136971423,5.050248054064307,0.31302663762098265,10
slow500-owned-v4-qps1000-n4,rec. → exec. p95 (s),,V2,19.988958216154227,6.706337280163956,0.3690145634745614,10
slow500-owned-v4-qps1000-n4,rec. → exec. p99 (s),,V1,17.2864186218952,5.058802516162662,0.3071941459867679,10
slow500-owned-v4-qps1000-n4,rec. → exec. p99 (s),,V2,21.74531671151962,7.322204882683174,0.3963949321790192,10
slow500-owned-v4-qps1000-n4,pc valid. lat. p50 (s),,V1,0.012776028395067151,0.006907232161978244,0.0006526379989002638,10
slow500-owned-v4-qps1000-n4,pc valid. lat. p50 (s),,V2,0.007218452671216578,0.0054019226165307145,0.0004341937947100896,10
slow500-owned-v4-qps1000-n4,pc valid. lat. p95 (s),,V1,0.060641120834902126,0.018652535798598015,0.0017539765179742063,10
slow500-owned-v4-qps1000-n4,pc valid. lat. p95 (s),,V2,0.05739046581749013,0.024641534688954896,0.004193612127781661,10
slow500-owned-v4-qps1000-n4,exec. lat. p95 (s),,V1,0.9702164053603727,0.004175831688301284,0.0005292747562261694,10
slow500-owned-v4-qps1000-n4,exec. lat. p95 (s),,V2,1.4780250813419733,0.2738867479675044,0.026341540621640364,10
slow500-owned-v4-qps1000-n4,valid. drop. / sec,,V1,0.0,0.0,0.0,10
slow500-owned-v4-qps1000-n4,valid. drop. / sec,,V2,0.0,0.0,0.0,10
slow500-owned-v4-qps1000-n4,final. lat. p50 (s),,V1,nan,nan,nan,10
slow500-owned-v4-qps1000-n4,final. lat. p50 (s),,V2,nan,nan,nan,10
slow500-owned-v4-qps1000-n4,final. lat. p95 (s),,V1,nan,nan,nan,10
slow500-owned-v4-qps1000-n4,final. lat. p95 (s),,V2,nan,nan,nan,10
slow500-owned-v4-qps1000-n4,final. lat. p99 (s),,V1,nan,nan,nan,10
slow500-owned-v4-qps1000-n4,final. lat. p99 (s),,V2,nan,nan,nan,10
slow500-owned-v4-qps1000-n4,submit lat. p50 (s),,V1,nan,nan,nan,10
slow500-owned-v4-qps1000-n4,submit lat. p50 (s),,V2,nan,nan,nan,10
slow500-owned-v4-qps1000-n4,submit lat. p95 (s),,V1,nan,nan,nan,10
slow500-owned-v4-qps1000-n4,submit lat. p95 (s),,V2,nan,nan,nan,10
slow500-owned-v4-qps1000-n4,ckpt lag p50 (s),,V1,19.34664288032144,11.316557554573272,1.3507484870013713,10
slow500-owned-v4-qps1000-n4,ckpt lag p50 (s),,V2,12.765878923983982,6.925517056764371,0.6393737319644044,10
slow500-owned-v4-qps1000-n4,ckpt lag p95 (s),,V1,32.392009423219356,19.61042701221574,1.3179420562558173,10
slow500-owned-v4-qps1000-n4,ckpt lag p95 (s),,V2,26.362269996913245,16.364510331157856,1.1640022354661752,10
slow500-owned-v4-qps1000-n4,ckpt lag p99 (s),,V1,35.30430859918154,21.33423156257895,1.1165793897888117,10
slow500-owned-v4-qps1000-n4,ckpt lag p99 (s),,V2,30.445363961003345,19.63359195644047,1.0017187907806928,10
slow500-owned-v4-qps1000-n4,exec. dispatch queue,,V1,1444.6,172.81562429363845,57.60520809787948,10
slow500-owned-v4-qps1000-n4,exec. dispatch queue,,V2,1577.9,160.28565126049182,53.42855042016394,10
slow500-owned-v4-qps1000-n4,pending txs,,V1,42.9,15.254179755070412,5.08472658502347,10
slow500-owned-v4-qps1000-n4,pending txs,,V2,52.7,17.355402617052707,5.785134205684235,10
slow500-owned-v4-qps1000-n4,exec. queue. delay p95 (s),,V1,5.2276761241162415,1.0025232288899504,0.18878378025505152,10
slow500-owned-v4-qps1000-n4,exec. queue. delay p95 (s),,V2,7.348151093729555,3.022347811260788,0.48013803939330474,10
slow500-owned-v4-qps1000-n4,post-cons shed drops / sec,,V1,12.126432141484043,17.294211425195495,1.367875032477389,10
slow500-owned-v4-qps1000-n4,post-cons shed drops / sec,,V2,4.83335262345679,11.715377852711164,1.1570414681031105,10
slow500-owned-v4-qps1000-n4,shed % quorum,,V1,28.4,5.4626001134990645,1.820866704499688,10
slow500-owned-v4-qps1000-n4,shed % quorum,,V2,42.4,17.967748885155313,5.989249628385104,10
slow500-owned-v4-qps1000-n4,shed % local,,V1,38.6,5.257375771237966,1.7524585904126553,10
slow500-owned-v4-qps1000-n4,shed % local,,V2,70.2,15.529327094243332,5.176442364747777,10
slow500-owned-v4-qps1000-n4,shed % cons-queue,,V1,0.0,0.0,0.0,10
slow500-owned-v4-qps1000-n4,shed % cons-queue,,V2,0.0,0.0,0.0,10
slow500-owned-v4-qps1000-n4,pre-cons overload rej / sec,,V1,nan,nan,nan,10
slow500-owned-v4-qps1000-n4,pre-cons overload rej / sec,,V2,nan,nan,nan,10
slow500-owned-v4-qps1000-n4,node CPU,,V1,23.70589358711201,3.3560437403070114,0.2698395658286852,10
slow500-owned-v4-qps1000-n4,node CPU,,V2,24.659152611949608,5.251952987323558,0.2646808592186143,10
slow500-owned-v4-qps1000-n4,node memory RSS (bytes),,V1,518823004.1426146,49074019.18624091,1611552.7877102508,10
slow500-owned-v4-qps1000-n4,node memory RSS (bytes),,V2,650029666.5621806,47486332.57265371,2040689.42539755,10
slow500-owned-v4-qps1000-n4,overload graduated / sec,,V1,nan,nan,nan,10
slow500-owned-v4-qps1000-n4,overload graduated / sec,,V2,nan,nan,nan,10
slow500-owned-v4-qps1000-n4,overload max-pending / sec,,V1,nan,nan,nan,10
slow500-owned-v4-qps1000-n4,overload max-pending / sec,,V2,nan,nan,nan,10
slow500-owned-v4-qps1000-n4,overload semaphore / sec,,V1,nan,nan,nan,10
slow500-owned-v4-qps1000-n4,overload semaphore / sec,,V2,nan,nan,nan,10
slow500-owned-v4-qps1000-n4,attest. exec p50 (s),,V1,nan,nan,nan,10
slow500-owned-v4-qps1000-n4,attest. exec p50 (s),,V2,0.8362502188981883,0.2046265676680208,0.01119919248609229,10
slow500-owned-v4-qps1000-n4,attest. exec p95 (s),,V1,nan,nan,nan,10
slow500-owned-v4-qps1000-n4,attest. exec p95 (s),,V2,1.3724914213886794,0.2209999870539393,0.018950492258826054,10
slow500-owned-v4-qps1000-n4,attest. exec p99 (s),,V1,nan,nan,nan,10
slow500-owned-v4-qps1000-n4,attest. exec p99 (s),,V2,1.5468652544021644,0.23669152975787405,0.01986194341116957,10
slow500-owned-v4-qps1000-n4,attest. wait p50 (s),,V1,nan,nan,nan,10
slow500-owned-v4-qps1000-n4,attest. wait p50 (s),,V2,0.14500935938992549,0.13631507244293317,0.009407124271095477,10
slow500-owned-v4-qps1000-n4,attest. wait p95 (s),,V1,nan,nan,nan,10
slow500-owned-v4-qps1000-n4,attest. wait p95 (s),,V2,1.1685644444490093,0.4194639342666818,0.03779031530462804,10
slow500-owned-v4-qps1000-n4,attest. wait p99 (s),,V1,nan,nan,nan,10
slow500-owned-v4-qps1000-n4,attest. wait p99 (s),,V2,1.7932052178119697,0.6060191745782587,0.05613251321884385,10
slow500-owned-v4-qps1000-n4,attest. resume p50 (s),,V1,nan,nan,nan,10
slow500-owned-v4-qps1000-n4,attest. resume p50 (s),,V2,0.027826883000250408,0.034980006647051566,0.003068400213032753,10
slow500-owned-v4-qps1000-n4,attest. resume p95 (s),,V1,nan,nan,nan,10
slow500-owned-v4-qps1000-n4,attest. resume p95 (s),,V2,1.1521538129440594,0.9022064600514597,0.07251628162787284,10
slow500-owned-v4-qps1000-n4,attest. resume p99 (s),,V1,nan,nan,nan,10
slow500-owned-v4-qps1000-n4,attest. resume p99 (s),,V2,1.723381996993272,1.217000608341945,0.08685785550427495,10
slow500-owned-v4-qps1000-n4,num_inflight,,V1,961.8,117.26534014788854,39.08844671596284,10
slow500-owned-v4-qps1000-n4,num_inflight,,V2,917.1,145.55648388168768,48.518827960562554,10
slow500-owned-v4-qps1000-n4,CUs,,V1,nan,nan,nan,10
slow500-owned-v4-qps1000-n4,CUs,,V2,1372000.0,1.1529640679210301e-10,0.0,10
slow500-owned-f1-qps2000-n4,TPS,,V1,126.06420290833785,109.42610890868716,1.5936335131595378,10
slow500-owned-f1-qps2000-n4,TPS,,V2,87.91432200929152,88.07739844771983,2.2690996207582717,10
slow500-owned-f1-qps2000-n4,attest. full p50 (s),,V1,nan,nan,nan,10
slow500-owned-f1-qps2000-n4,attest. full p50 (s),,V2,1.3811627229065047,0.6779456805159496,0.034954988664637664,10
slow500-owned-f1-qps2000-n4,attest. full p95 (s),,V1,nan,nan,nan,10
slow500-owned-f1-qps2000-n4,attest. full p95 (s),,V2,3.28022695911059,1.8964337673228222,0.09012726468647939,10
slow500-owned-f1-qps2000-n4,attest. full p99 (s),,V1,nan,nan,nan,10
slow500-owned-f1-qps2000-n4,attest. full p99 (s),,V2,3.9419792792548973,2.139494792920281,0.09722185562828971,10
slow500-owned-f1-qps2000-n4,attest. / sec,,V1,0.0,0.0,0.0,10
slow500-owned-f1-qps2000-n4,attest. / sec,,V2,104.911766034327,59.51623729073799,2.492027857939441,10
slow500-owned-f1-qps2000-n4,host CPU,,V1,81.86965537726898,31.11723846859779,0.49326518745447073,10
slow500-owned-f1-qps2000-n4,host CPU,,V2,82.2253142684562,31.344156227955907,0.6119267814376099,10
slow500-owned-f1-qps2000-n4,rec. → exec. p50 (s),,V1,9.42145155571934,6.844628067771497,0.19582343699358967,10
slow500-owned-f1-qps2000-n4,rec. → exec. p50 (s),,V2,16.628269646320767,10.958666371240554,0.8268954977249331,10
slow500-owned-f1-qps2000-n4,rec. → exec. p95 (s),,V1,14.2415504796666,9.773267994436479,0.21353095062799876,10
slow500-owned-f1-qps2000-n4,rec. → exec. p95 (s),,V2,26.347561048402248,18.24358907549841,1.2280491111600746,10
slow500-owned-f1-qps2000-n4,rec. → exec. p99 (s),,V1,15.063930463157858,10.15943824285783,0.22666588340735982,10
slow500-owned-f1-qps2000-n4,rec. → exec. p99 (s),,V2,28.942322791437945,19.790128241993237,1.3105895557585838,10
slow500-owned-f1-qps2000-n4,pc valid. lat. p50 (s),,V1,0.0014518435502818955,0.004036047197021704,0.00034018046349288864,10
slow500-owned-f1-qps2000-n4,pc valid. lat. p50 (s),,V2,0.0039518201275650896,0.009459575551400276,0.0009178260769981798,10
slow500-owned-f1-qps2000-n4,pc valid. lat. p95 (s),,V1,0.0400618848405658,0.038091024733953344,0.0021640445205382977,10
slow500-owned-f1-qps2000-n4,pc valid. lat. p95 (s),,V2,0.04652142151048617,0.06651425196507631,0.008254639132408698,10
slow500-owned-f1-qps2000-n4,exec. lat. p95 (s),,V1,0.9525427704432882,0.12454723837450013,0.0027483736414891363,10
slow500-owned-f1-qps2000-n4,exec. lat. p95 (s),,V2,1.1416106910564716,0.39400962266009054,0.026019303657992224,10
slow500-owned-f1-qps2000-n4,valid. drop. / sec,,V1,0.0,0.0,0.0,10
slow500-owned-f1-qps2000-n4,valid. drop. / sec,,V2,0.0,0.0,0.0,10
slow500-owned-f1-qps2000-n4,final. lat. p50 (s),,V1,9.631932900749677,6.73886778362511,0.2255018049887447,10
slow500-owned-f1-qps2000-n4,final. lat. p50 (s),,V2,10.299439089040222,7.645382295225074,0.4674064586738057,10
slow500-owned-f1-qps2000-n4,final. lat. p95 (s),,V1,14.8260647480283,8.739468652905536,0.40705391979033856,10
slow500-owned-f1-qps2000-n4,final. lat. p95 (s),,V2,16.806578217492795,9.2242164973798,0.47544360203879543,10
slow500-owned-f1-qps2000-n4,final. lat. p99 (s),,V1,16.388201997042,9.117711791487789,0.45162634249569505,10
slow500-owned-f1-qps2000-n4,final. lat. p99 (s),,V2,18.727685808265615,9.493377583931538,0.49417231960788,10
slow500-owned-f1-qps2000-n4,submit lat. p50 (s),,V1,1.0073509429299934,0.7366661007019469,0.0854060579352132,10
slow500-owned-f1-qps2000-n4,submit lat. p50 (s),,V2,3.7601429392315495,3.0411968660978905,0.24176643031834782,10
slow500-owned-f1-qps2000-n4,submit lat. p95 (s),,V1,2.915433848238266,1.7350623309256974,0.1736918629724347,10
slow500-owned-f1-qps2000-n4,submit lat. p95 (s),,V2,8.001718724087045,5.128265838665476,0.18569671064251925,10
slow500-owned-f1-qps2000-n4,ckpt lag p50 (s),,V1,8.3013270155967,7.856783203529419,0.7142303778273309,10
slow500-owned-f1-qps2000-n4,ckpt lag p50 (s),,V2,8.452516036414194,7.136110484694153,0.4203919602108465,10
slow500-owned-f1-qps2000-n4,ckpt lag p95 (s),,V1,16.01783213265032,12.331135351209463,1.232581772269141,10
slow500-owned-f1-qps2000-n4,ckpt lag p95 (s),,V2,21.883445487166554,15.935897546357632,1.6278062938795756,10
slow500-owned-f1-qps2000-n4,ckpt lag p99 (s),,V1,18.325217954299752,14.986713557198128,1.4924903620354548,10
slow500-owned-f1-qps2000-n4,ckpt lag p99 (s),,V2,26.846894883074192,20.432767306487673,1.6997389701247927,10
slow500-owned-f1-qps2000-n4,exec. dispatch queue,,V1,2811.6,410.4047270682929,136.80157568943096,10
slow500-owned-f1-qps2000-n4,exec. dispatch queue,,V2,3038.9,529.4152340082405,176.47174466941348,10
slow500-owned-f1-qps2000-n4,pending txs,,V1,38.5,8.5,2.8333333333333335,10
slow500-owned-f1-qps2000-n4,pending txs,,V2,51.0,10.927030703718188,3.642343567906062,10
slow500-owned-f1-qps2000-n4,exec. queue. delay p95 (s),,V1,11.640840567832507,6.094237909595051,0.6997487563267519,10
slow500-owned-f1-qps2000-n4,exec. queue. delay p95 (s),,V2,18.916905018324172,7.5334554006308565,1.005870786666853,10
slow500-owned-f1-qps2000-n4,post-cons shed drops / sec,,V1,3.6149378714208535,9.951200690340052,1.375712068413076,10
slow500-owned-f1-qps2000-n4,post-cons shed drops / sec,,V2,2.0903205474518276,8.244680215881825,1.0058479465571508,10
slow500-owned-f1-qps2000-n4,shed % quorum,,V1,17.4,16.877203559831823,5.625734519943941,10
slow500-owned-f1-qps2000-n4,shed % quorum,,V2,18.5,16.818144963104583,5.6060483210348595,10
slow500-owned-f1-qps2000-n4,shed % local,,V1,25.2,18.529975715040752,6.176658571680251,10
slow500-owned-f1-qps2000-n4,shed % local,,V2,47.3,16.15580391066938,5.3852679702231265,10
slow500-owned-f1-qps2000-n4,shed % cons-queue,,V1,0.0,0.0,0.0,10
slow500-owned-f1-qps2000-n4,shed % cons-queue,,V2,0.0,0.0,0.0,10
slow500-owned-f1-qps2000-n4,pre-cons overload rej / sec,,V1,nan,nan,nan,10
slow500-owned-f1-qps2000-n4,pre-cons overload rej / sec,,V2,nan,nan,nan,10
slow500-owned-f1-qps2000-n4,node CPU,,V1,20.166456029089577,4.7051109217397045,0.08532221361515263,10
slow500-owned-f1-qps2000-n4,node CPU,,V2,25.494471227803768,6.329340050454932,0.3839436204338283,10
slow500-owned-f1-qps2000-n4,node memory RSS (bytes),,V1,517646946.46153843,55560912.77248508,1844252.3516829358,10
slow500-owned-f1-qps2000-n4,node memory RSS (bytes),,V2,658966193.2307693,92001834.01060945,4676547.802586012,10
slow500-owned-f1-qps2000-n4,overload graduated / sec,,V1,nan,nan,nan,10
slow500-owned-f1-qps2000-n4,overload graduated / sec,,V2,nan,nan,nan,10
slow500-owned-f1-qps2000-n4,overload max-pending / sec,,V1,nan,nan,nan,10
slow500-owned-f1-qps2000-n4,overload max-pending / sec,,V2,nan,nan,nan,10
slow500-owned-f1-qps2000-n4,overload semaphore / sec,,V1,nan,nan,nan,10
slow500-owned-f1-qps2000-n4,overload semaphore / sec,,V2,nan,nan,nan,10
slow500-owned-f1-qps2000-n4,attest. exec p50 (s),,V1,nan,nan,nan,10
slow500-owned-f1-qps2000-n4,attest. exec p50 (s),,V2,0.7221550423024762,0.2589834110323818,0.014060474633113804,10
slow500-owned-f1-qps2000-n4,attest. exec p95 (s),,V1,nan,nan,nan,10
slow500-owned-f1-qps2000-n4,attest. exec p95 (s),,V2,1.2536552937729197,0.3722304302687847,0.01793942004624598,10
slow500-owned-f1-qps2000-n4,attest. exec p99 (s),,V1,nan,nan,nan,10
slow500-owned-f1-qps2000-n4,attest. exec p99 (s),,V2,1.444096509967785,0.4103713614739996,0.02064152475061079,10
slow500-owned-f1-qps2000-n4,attest. wait p50 (s),,V1,nan,nan,nan,10
slow500-owned-f1-qps2000-n4,attest. wait p50 (s),,V2,0.1193030066432542,0.10623335106921389,0.006419035145439865,10
slow500-owned-f1-qps2000-n4,attest. wait p95 (s),,V1,nan,nan,nan,10
slow500-owned-f1-qps2000-n4,attest. wait p95 (s),,V2,1.1423954084776398,0.4255771053096169,0.047585005037510404,10
slow500-owned-f1-qps2000-n4,attest. wait p99 (s),,V1,nan,nan,nan,10
slow500-owned-f1-qps2000-n4,attest. wait p99 (s),,V2,1.8120773937450319,0.7348336478111241,0.0739598921056771,10
slow500-owned-f1-qps2000-n4,attest. resume p50 (s),,V1,nan,nan,nan,10
slow500-owned-f1-qps2000-n4,attest. resume p50 (s),,V2,0.2404458308214916,0.4832119924741759,0.0380713030088375,10
slow500-owned-f1-qps2000-n4,attest. resume p95 (s),,V1,nan,nan,nan,10
slow500-owned-f1-qps2000-n4,attest. resume p95 (s),,V2,1.8871758988326643,1.9294116624203836,0.08015459718088153,10
slow500-owned-f1-qps2000-n4,attest. resume p99 (s),,V1,nan,nan,nan,10
slow500-owned-f1-qps2000-n4,attest. resume p99 (s),,V2,2.36913723562141,2.20898993758567,0.08526203655393576,10
slow500-owned-f1-qps2000-n4,num_inflight,,V1,1806.5,316.97263288807756,105.65754429602586,10
slow500-owned-f1-qps2000-n4,num_inflight,,V2,1706.6,121.07121871031116,40.35707290343705,10
slow500-owned-f1-qps2000-n4,CUs,,V1,nan,nan,nan,10
slow500-owned-f1-qps2000-n4,CUs,,V2,1334590.098902769,183887.84913986156,8161.807251643616,10
slow500-owned-v1-qps2000-n4,TPS,,V1,49.736072577810226,38.51665770042458,5.573749046542494,10
slow500-owned-v1-qps2000-n4,TPS,,V2,57.9104291944309,56.489971916457655,3.88800014405821,10
slow500-owned-v1-qps2000-n4,attest. full p50 (s),,V1,nan,nan,nan,10
slow500-owned-v1-qps2000-n4,attest. full p50 (s),,V2,1.6560154864314902,1.6768034046368476,0.13486920052432022,10
slow500-owned-v1-qps2000-n4,attest. full p95 (s),,V1,nan,nan,nan,10
slow500-owned-v1-qps2000-n4,attest. full p95 (s),,V2,4.549610393694373,3.5733313937582807,0.23408751058355282,10
slow500-owned-v1-qps2000-n4,attest. full p99 (s),,V1,nan,nan,nan,10
slow500-owned-v1-qps2000-n4,attest. full p99 (s),,V2,5.413121179385267,4.136971216795939,0.25795770309693944,10
slow500-owned-v1-qps2000-n4,attest. / sec,,V1,0.0,0.0,0.0,10
slow500-owned-v1-qps2000-n4,attest. / sec,,V2,358.56346294490487,355.2794097729304,33.4705211345691,10
slow500-owned-v1-qps2000-n4,host CPU,,V1,84.90277460918672,30.630033926595804,0.24319390739217764,10
slow500-owned-v1-qps2000-n4,host CPU,,V2,73.94536296898094,32.69831737735081,1.4621416861037357,10
slow500-owned-v1-qps2000-n4,rec. → exec. p50 (s),,V1,17.98578341661997,8.289194871681659,0.04297210341148635,10
slow500-owned-v1-qps2000-n4,rec. → exec. p50 (s),,V2,24.437332268695556,15.247543886141639,0.7875227897686974,10
slow500-owned-v1-qps2000-n4,rec. → exec. p95 (s),,V1,23.343269336245143,8.786113119975855,0.04689992116182948,10
slow500-owned-v1-qps2000-n4,rec. → exec. p95 (s),,V2,33.75171236787873,20.645671228889686,0.7439778714843533,10
slow500-owned-v1-qps2000-n4,rec. → exec. p99 (s),,V1,24.1183502362387,8.710891290340117,0.040663570339498155,10
slow500-owned-v1-qps2000-n4,rec. → exec. p99 (s),,V2,36.015371319754514,21.484655497338217,0.4879261062141602,10
slow500-owned-v1-qps2000-n4,pc valid. lat. p50 (s),,V1,0.013821807594102443,0.014150221525728271,0.001245376259121048,10
slow500-owned-v1-qps2000-n4,pc valid. lat. p50 (s),,V2,0.0003706339124757048,0.000635156415249026,4.335761814869673e-05,10
slow500-owned-v1-qps2000-n4,pc valid. lat. p95 (s),,V1,0.0943960972390243,0.052939544197315905,0.007450547929139662,10
slow500-owned-v1-qps2000-n4,pc valid. lat. p95 (s),,V2,0.011954240826243318,0.02497218132641923,0.002129318085246229,10
slow500-owned-v1-qps2000-n4,exec. lat. p95 (s),,V1,0.9727547831710963,0.017997290183990492,0.0017378375591169451,10
slow500-owned-v1-qps2000-n4,exec. lat. p95 (s),,V2,0.7470773242018249,0.29889366086434155,0.035824016287028006,10
slow500-owned-v1-qps2000-n4,valid. drop. / sec,,V1,0.0,0.0,0.0,10
slow500-owned-v1-qps2000-n4,valid. drop. / sec,,V2,0.0,0.0,0.0,10
slow500-owned-v1-qps2000-n4,final. lat. p50 (s),,V1,nan,nan,nan,10
slow500-owned-v1-qps2000-n4,final. lat. p50 (s),,V2,nan,nan,nan,10
slow500-owned-v1-qps2000-n4,final. lat. p95 (s),,V1,nan,nan,nan,10
slow500-owned-v1-qps2000-n4,final. lat. p95 (s),,V2,nan,nan,nan,10
slow500-owned-v1-qps2000-n4,final. lat. p99 (s),,V1,nan,nan,nan,10
slow500-owned-v1-qps2000-n4,final. lat. p99 (s),,V2,nan,nan,nan,10
slow500-owned-v1-qps2000-n4,submit lat. p50 (s),,V1,nan,nan,nan,10
slow500-owned-v1-qps2000-n4,submit lat. p50 (s),,V2,nan,nan,nan,10
slow500-owned-v1-qps2000-n4,submit lat. p95 (s),,V1,nan,nan,nan,10
slow500-owned-v1-qps2000-n4,submit lat. p95 (s),,V2,nan,nan,nan,10
slow500-owned-v1-qps2000-n4,ckpt lag p50 (s),,V1,24.00314756802515,16.314269070890173,1.540912219820848,10
slow500-owned-v1-qps2000-n4,ckpt lag p50 (s),,V2,3.136714085517267,4.923131134728317,0.369097351941749,10
slow500-owned-v1-qps2000-n4,ckpt lag p95 (s),,V1,31.852447874787813,21.63350321028204,2.175443075706808,10
slow500-owned-v1-qps2000-n4,ckpt lag p95 (s),,V2,11.538585740621189,9.02153036819362,0.8186458702110091,10
slow500-owned-v1-qps2000-n4,ckpt lag p99 (s),,V1,32.68312559747163,22.155191097550652,2.2463433919074935,10
slow500-owned-v1-qps2000-n4,ckpt lag p99 (s),,V2,16.06818545093125,12.918088034144128,1.513342443928688,10
slow500-owned-v1-qps2000-n4,exec. dispatch queue,,V1,3332.5,247.6038166103261,82.53460553677536,10
slow500-owned-v1-qps2000-n4,exec. dispatch queue,,V2,2470.8,854.7027319483658,284.9009106494552,10
slow500-owned-v1-qps2000-n4,pending txs,,V1,71.3,5.710516614107694,1.903505538035898,10
slow500-owned-v1-qps2000-n4,pending txs,,V2,32.3,14.353048456686823,4.784349485562274,10
slow500-owned-v1-qps2000-n4,exec. queue. delay p95 (s),,V1,15.679942640608417,6.373683388431599,0.5506431799151535,10
slow500-owned-v1-qps2000-n4,exec. queue. delay p95 (s),,V2,5.717217427328169,5.03981686550401,1.22812856916607,10
slow500-owned-v1-qps2000-n4,post-cons shed drops / sec,,V1,19.834923339011926,34.40288497405331,2.4461923565803234,10
slow500-owned-v1-qps2000-n4,post-cons shed drops / sec,,V2,0.8895135339769071,4.310735769735948,0.40178424391412776,10
slow500-owned-v1-qps2000-n4,shed % quorum,,V1,62.9,11.768177428981941,3.9227258096606468,10
slow500-owned-v1-qps2000-n4,shed % quorum,,V2,20.1,25.96324324887012,8.65441441629004,10
slow500-owned-v1-qps2000-n4,shed % local,,V1,72.8,12.294714311442947,4.098238103814315,10
slow500-owned-v1-qps2000-n4,shed % local,,V2,51.6,27.68104044287353,9.227013480957842,10
slow500-owned-v1-qps2000-n4,shed % cons-queue,,V1,0.0,0.0,0.0,10
slow500-owned-v1-qps2000-n4,shed % cons-queue,,V2,4.7,4.605431575867782,1.535143858622594,10
slow500-owned-v1-qps2000-n4,pre-cons overload rej / sec,,V1,nan,nan,nan,10
slow500-owned-v1-qps2000-n4,pre-cons overload rej / sec,,V2,154.31660604056435,230.66604301355065,51.136619198185876,10
slow500-owned-v1-qps2000-n4,node CPU,,V1,23.52580979597126,3.4855945734674396,0.2185377568618359,10
slow500-owned-v1-qps2000-n4,node CPU,,V2,44.046711824017606,22.69796959248894,1.465782837389329,10
slow500-owned-v1-qps2000-n4,node memory RSS (bytes),,V1,652169968.7417219,96003479.51944646,5022061.482409224,10
slow500-owned-v1-qps2000-n4,node memory RSS (bytes),,V2,819465563.0317196,147142210.30827874,8318865.391774774,10
slow500-owned-v1-qps2000-n4,overload graduated / sec,,V1,nan,nan,nan,10
slow500-owned-v1-qps2000-n4,overload graduated / sec,,V2,32.07274492234169,83.99862491787461,12.539941573433335,10
slow500-owned-v1-qps2000-n4,overload max-pending / sec,,V1,nan,nan,nan,10
slow500-owned-v1-qps2000-n4,overload max-pending / sec,,V2,nan,nan,nan,10
slow500-owned-v1-qps2000-n4,overload semaphore / sec,,V1,nan,nan,nan,10
slow500-owned-v1-qps2000-n4,overload semaphore / sec,,V2,126.80020208700763,183.25670498671326,47.59800887649774,10
slow500-owned-v1-qps2000-n4,attest. exec p50 (s),,V1,nan,nan,nan,10
slow500-owned-v1-qps2000-n4,attest. exec p50 (s),,V2,0.3407562874863375,0.23195560758470213,0.020755092945321796,10
slow500-owned-v1-qps2000-n4,attest. exec p95 (s),,V1,nan,nan,nan,10
slow500-owned-v1-qps2000-n4,attest. exec p95 (s),,V2,0.7699294735644244,0.273220739214349,0.027050377739786437,10
slow500-owned-v1-qps2000-n4,attest. exec p99 (s),,V1,nan,nan,nan,10
slow500-owned-v1-qps2000-n4,attest. exec p99 (s),,V2,0.9278277619680484,0.28778129650821915,0.033243673032099345,10
slow500-owned-v1-qps2000-n4,attest. wait p50 (s),,V1,nan,nan,nan,10
slow500-owned-v1-qps2000-n4,attest. wait p50 (s),,V2,0.08642020461486533,0.09727717197562678,0.007923901821486966,10
slow500-owned-v1-qps2000-n4,attest. wait p95 (s),,V1,nan,nan,nan,10
slow500-owned-v1-qps2000-n4,attest. wait p95 (s),,V2,1.1992942229625077,0.6839409983787543,0.05517775556533514,10
slow500-owned-v1-qps2000-n4,attest. wait p99 (s),,V1,nan,nan,nan,10
slow500-owned-v1-qps2000-n4,attest. wait p99 (s),,V2,2.036442676618079,1.175040416316115,0.11526733883041887,10
slow500-owned-v1-qps2000-n4,attest. resume p50 (s),,V1,nan,nan,nan,10
slow500-owned-v1-qps2000-n4,attest. resume p50 (s),,V2,0.9624051491345373,1.4179001861567182,0.130250817372615,10
slow500-owned-v1-qps2000-n4,attest. resume p95 (s),,V1,nan,nan,nan,10
slow500-owned-v1-qps2000-n4,attest. resume p95 (s),,V2,3.5986862290602297,3.222801835764755,0.19845018854052865,10
slow500-owned-v1-qps2000-n4,attest. resume p99 (s),,V1,nan,nan,nan,10
slow500-owned-v1-qps2000-n4,attest. resume p99 (s),,V2,4.377081315580406,3.901225986527161,0.26880097600938657,10
slow500-owned-v1-qps2000-n4,num_inflight,,V1,3666.9,124.09226406186649,41.364088020622155,10
slow500-owned-v1-qps2000-n4,num_inflight,,V2,9725.8,1768.1542805988397,589.3847601996132,10
slow500-owned-v1-qps2000-n4,CUs,,V1,nan,nan,nan,10
slow500-owned-v1-qps2000-n4,CUs,,V2,1372000.0,1.0540147995228674e-10,0.0,10
slow500-owned-v4-qps2000-n4,TPS,,V1,57.204463439243725,40.744481077981504,6.419303669310852,10
slow500-owned-v4-qps2000-n4,TPS,,V2,54.36821685023215,55.33292236053823,3.395979310380856,10
slow500-owned-v4-qps2000-n4,attest. full p50 (s),,V1,nan,nan,nan,10
slow500-owned-v4-qps2000-n4,attest. full p50 (s),,V2,1.5542900075579449,0.4571236257446797,0.03232839462241881,10
slow500-owned-v4-qps2000-n4,attest. full p95 (s),,V1,nan,nan,nan,10
slow500-owned-v4-qps2000-n4,attest. full p95 (s),,V2,4.5057053664998845,2.4870570878939593,0.21071242949313293,10
slow500-owned-v4-qps2000-n4,attest. full p99 (s),,V1,nan,nan,nan,10
slow500-owned-v4-qps2000-n4,attest. full p99 (s),,V2,5.486522929792118,3.0223984554064534,0.2589374586568071,10
slow500-owned-v4-qps2000-n4,attest. / sec,,V1,0.0,0.0,0.0,10
slow500-owned-v4-qps2000-n4,attest. / sec,,V2,146.02284715473493,76.88870289965963,2.7933446522272583,10
slow500-owned-v4-qps2000-n4,host CPU,,V1,85.06104904401253,30.459640136922175,0.25660973402551474,10
slow500-owned-v4-qps2000-n4,host CPU,,V2,84.64603118085498,30.989035081721116,0.1887113007364871,10
slow500-owned-v4-qps2000-n4,rec. → exec. p50 (s),,V1,17.928415356499574,7.6536456716706205,0.18621675870620977,10
slow500-owned-v4-qps2000-n4,rec. → exec. p50 (s),,V2,22.970603146922965,12.080953752494896,0.44148934718629457,10
slow500-owned-v4-qps2000-n4,rec. → exec. p95 (s),,V1,23.553268126724603,8.614231590860442,0.09339340515094953,10
slow500-owned-v4-qps2000-n4,rec. → exec. p95 (s),,V2,35.97217353707287,19.912225432133987,0.38457480955676077,10
slow500-owned-v4-qps2000-n4,rec. → exec. p99 (s),,V1,24.31371021421756,8.589325224817678,0.03902900453839087,10
slow500-owned-v4-qps2000-n4,rec. → exec. p99 (s),,V2,38.15124210667748,20.728430256373574,0.4058502018455474,10
slow500-owned-v4-qps2000-n4,pc valid. lat. p50 (s),,V1,0.015494783166329002,0.012047470836687215,0.0012799453152942625,10
slow500-owned-v4-qps2000-n4,pc valid. lat. p50 (s),,V2,0.011532725037242082,0.010697720013781014,0.0013471298691892016,10
slow500-owned-v4-qps2000-n4,pc valid. lat. p95 (s),,V1,0.08199567165945315,0.05677405687838701,0.004401800674916065,10
slow500-owned-v4-qps2000-n4,pc valid. lat. p95 (s),,V2,0.08681621558457439,0.06486657449099054,0.009339022179830332,10
slow500-owned-v4-qps2000-n4,exec. lat. p95 (s),,V1,0.9708779366378618,0.004754908579348901,0.000640009534772387,10
slow500-owned-v4-qps2000-n4,exec. lat. p95 (s),,V2,1.395196069983422,0.3565434557821583,0.03295740058143936,10
slow500-owned-v4-qps2000-n4,valid. drop. / sec,,V1,0.0,0.0,0.0,10
slow500-owned-v4-qps2000-n4,valid. drop. / sec,,V2,0.0,0.0,0.0,10
slow500-owned-v4-qps2000-n4,final. lat. p50 (s),,V1,nan,nan,nan,10
slow500-owned-v4-qps2000-n4,final. lat. p50 (s),,V2,nan,nan,nan,10
slow500-owned-v4-qps2000-n4,final. lat. p95 (s),,V1,nan,nan,nan,10
slow500-owned-v4-qps2000-n4,final. lat. p95 (s),,V2,nan,nan,nan,10
slow500-owned-v4-qps2000-n4,final. lat. p99 (s),,V1,nan,nan,nan,10
slow500-owned-v4-qps2000-n4,final. lat. p99 (s),,V2,nan,nan,nan,10
slow500-owned-v4-qps2000-n4,submit lat. p50 (s),,V1,nan,nan,nan,10
slow500-owned-v4-qps2000-n4,submit lat. p50 (s),,V2,nan,nan,nan,10
slow500-owned-v4-qps2000-n4,submit lat. p95 (s),,V1,nan,nan,nan,10
slow500-owned-v4-qps2000-n4,submit lat. p95 (s),,V2,nan,nan,nan,10
slow500-owned-v4-qps2000-n4,ckpt lag p50 (s),,V1,24.89095042562814,16.272035617133206,0.3630568461246673,10
slow500-owned-v4-qps2000-n4,ckpt lag p50 (s),,V2,20.906098977881783,13.592353168275134,0.8211491397790446,10
slow500-owned-v4-qps2000-n4,ckpt lag p95 (s),,V1,32.88394594848364,21.52239903645229,0.6430049485224738,10
slow500-owned-v4-qps2000-n4,ckpt lag p95 (s),,V2,32.83499582373289,21.618435189850253,0.3937211599904809,10
slow500-owned-v4-qps2000-n4,ckpt lag p99 (s),,V1,33.664325421580784,22.065277017526864,0.6896382425320353,10
slow500-owned-v4-qps2000-n4,ckpt lag p99 (s),,V2,34.162839719339296,22.66523140317023,0.37063755831388495,10
slow500-owned-v4-qps2000-n4,exec. dispatch queue,,V1,3346.8,270.1143461573265,90.0381153857755,10
slow500-owned-v4-qps2000-n4,exec. dispatch queue,,V2,3316.3,342.1640103809867,114.05467012699556,10
slow500-owned-v4-qps2000-n4,pending txs,,V1,74.8,3.370459909270544,1.1234866364235145,10
slow500-owned-v4-qps2000-n4,pending txs,,V2,45.6,11.637869220780924,3.879289740260308,10
slow500-owned-v4-qps2000-n4,exec. queue. delay p95 (s),,V1,16.27775246351092,5.8964122338257425,0.26403125521561893,10
slow500-owned-v4-qps2000-n4,exec. queue. delay p95 (s),,V2,22.247218983373603,10.951166474912208,1.2533789991831485,10
slow500-owned-v4-qps2000-n4,post-cons shed drops / sec,,V1,25.052621616505775,41.40031661424185,2.917866306319038,10
slow500-owned-v4-qps2000-n4,post-cons shed drops / sec,,V2,0.746406338426712,3.1494367597326622,0.5347835336044715,10
slow500-owned-v4-qps2000-n4,shed % quorum,,V1,71.1,11.605602095539895,3.8685340318466315,10
slow500-owned-v4-qps2000-n4,shed % quorum,,V2,8.8,18.8350736659032,6.278357888634398,10
slow500-owned-v4-qps2000-n4,shed % local,,V1,78.6,10.983624174196786,3.661208058065595,10
slow500-owned-v4-qps2000-n4,shed % local,,V2,63.8,23.421357774475844,7.807119258158615,10
slow500-owned-v4-qps2000-n4,shed % cons-queue,,V1,0.0,0.0,0.0,10
slow500-owned-v4-qps2000-n4,shed % cons-queue,,V2,0.0,0.0,0.0,10
slow500-owned-v4-qps2000-n4,pre-cons overload rej / sec,,V1,nan,nan,nan,10
slow500-owned-v4-qps2000-n4,pre-cons overload rej / sec,,V2,nan,nan,nan,10
slow500-owned-v4-qps2000-n4,node CPU,,V1,23.828150344317063,3.2780166903422323,0.15911461097303436,10
slow500-owned-v4-qps2000-n4,node CPU,,V2,26.74308032794196,6.749240055232137,0.32668807281774476,10
slow500-owned-v4-qps2000-n4,node memory RSS (bytes),,V1,639066725.3777038,84981692.30977939,3930104.682877939,10
slow500-owned-v4-qps2000-n4,node memory RSS (bytes),,V2,714220974.08,64482949.92813223,4492573.281204508,10
slow500-owned-v4-qps2000-n4,overload graduated / sec,,V1,nan,nan,nan,10
slow500-owned-v4-qps2000-n4,overload graduated / sec,,V2,nan,nan,nan,10
slow500-owned-v4-qps2000-n4,overload max-pending / sec,,V1,nan,nan,nan,10
slow500-owned-v4-qps2000-n4,overload max-pending / sec,,V2,nan,nan,nan,10
slow500-owned-v4-qps2000-n4,overload semaphore / sec,,V1,nan,nan,nan,10
slow500-owned-v4-qps2000-n4,overload semaphore / sec,,V2,nan,nan,nan,10
slow500-owned-v4-qps2000-n4,attest. exec p50 (s),,V1,nan,nan,nan,10
slow500-owned-v4-qps2000-n4,attest. exec p50 (s),,V2,0.7260318613183929,0.21974874771470174,0.011467708275771041,10
slow500-owned-v4-qps2000-n4,attest. exec p95 (s),,V1,nan,nan,nan,10
slow500-owned-v4-qps2000-n4,attest. exec p95 (s),,V2,1.2167627298661459,0.28419668948519905,0.01785580063043597,10
slow500-owned-v4-qps2000-n4,attest. exec p99 (s),,V1,nan,nan,nan,10
slow500-owned-v4-qps2000-n4,attest. exec p99 (s),,V2,1.3975997437823142,0.30152468297065566,0.02122358034634978,10
slow500-owned-v4-qps2000-n4,attest. wait p50 (s),,V1,nan,nan,nan,10
slow500-owned-v4-qps2000-n4,attest. wait p50 (s),,V2,0.14564180573201307,0.1246249905174947,0.010830478323071815,10
slow500-owned-v4-qps2000-n4,attest. wait p95 (s),,V1,nan,nan,nan,10
slow500-owned-v4-qps2000-n4,attest. wait p95 (s),,V2,1.421326276363424,0.3162026236438849,0.0249835268312835,10
slow500-owned-v4-qps2000-n4,attest. wait p99 (s),,V1,nan,nan,nan,10
slow500-owned-v4-qps2000-n4,attest. wait p99 (s),,V2,2.3424262846542505,0.5765173587308211,0.03972655127349848,10
slow500-owned-v4-qps2000-n4,attest. resume p50 (s),,V1,nan,nan,nan,10
slow500-owned-v4-qps2000-n4,attest. resume p50 (s),,V2,0.24275451085039557,0.3506288923780375,0.03438812861389985,10
slow500-owned-v4-qps2000-n4,attest. resume p95 (s),,V1,nan,nan,nan,10
slow500-owned-v4-qps2000-n4,attest. resume p95 (s),,V2,3.244136700691273,2.475462869726854,0.2171276574265539,10
slow500-owned-v4-qps2000-n4,attest. resume p99 (s),,V1,nan,nan,nan,10
slow500-owned-v4-qps2000-n4,attest. resume p99 (s),,V2,4.02989667491411,2.840561547406983,0.2540415431724948,10
slow500-owned-v4-qps2000-n4,num_inflight,,V1,2068.2,417.4946227198621,139.16487423995403,10
slow500-owned-v4-qps2000-n4,num_inflight,,V2,1899.1,262.8659163908474,87.62197213028247,10
slow500-owned-v4-qps2000-n4,CUs,,V1,nan,nan,nan,10
slow500-owned-v4-qps2000-n4,CUs,,V2,1372000.0,1.0999089500632817e-10,0.0,10
