config,metric,unit,version,center,std,sem,n_iters
slow0-owned-f1-qps200-n24,TPS,,V1,211.489425035466,42.1925450990249,8.714010665898261,10
slow0-owned-f1-qps200-n24,TPS,,V2,220.25186778596873,17.542960338157357,0.17765942838092766,10
slow0-owned-f1-qps200-n24,attest. full p50 (s),,V1,nan,nan,nan,10
slow0-owned-f1-qps200-n24,attest. full p50 (s),,V2,0.0005435762971301305,1.3381450922542101e-05,2.0647518188423383e-06,10
slow0-owned-f1-qps200-n24,attest. full p95 (s),,V1,nan,nan,nan,10
slow0-owned-f1-qps200-n24,attest. full p95 (s),,V2,0.0025218231232965083,0.0007572847945167333,0.00013455586886029726,10
slow0-owned-f1-qps200-n24,attest. full p99 (s),,V1,nan,nan,nan,10
slow0-owned-f1-qps200-n24,attest. full p99 (s),,V2,0.005271239967574361,0.0010024562786416862,0.00019996187387575466,10
slow0-owned-f1-qps200-n24,attest. / sec,,V1,0.0,0.0,0.0,10
slow0-owned-f1-qps200-n24,attest. / sec,,V2,33.76517737204266,3.7897007793356323,0.33381151989971397,10
slow0-owned-f1-qps200-n24,host CPU,,V1,32.47942177044885,12.019375892972919,0.2779605966359805,10
slow0-owned-f1-qps200-n24,host CPU,,V2,32.57999355311056,11.878559182595739,0.23721179186482072,10
slow0-owned-f1-qps200-n24,rec. → exec. p50 (s),,V1,0.37128208053157885,0.014955728073370912,0.0021627048828271917,10
slow0-owned-f1-qps200-n24,rec. → exec. p50 (s),,V2,0.3703962954798756,0.01601194753114826,0.004052541125989718,10
slow0-owned-f1-qps200-n24,rec. → exec. p95 (s),,V1,0.48672146068493927,0.010329013272174316,0.00045979297346404564,10
slow0-owned-f1-qps200-n24,rec. → exec. p95 (s),,V2,0.48702449113968305,0.0017816049665426007,0.000404794929546955,10
slow0-owned-f1-qps200-n24,rec. → exec. p99 (s),,V1,0.49699402943996507,0.010412207405292908,0.0004282547918827364,10
slow0-owned-f1-qps200-n24,rec. → exec. p99 (s),,V2,0.49740489822793665,0.00035632099330852336,8.095898590939469e-05,10
slow0-owned-f1-qps200-n24,pc valid. lat. p50 (s),,V1,0.0004679412749444075,4.790694258875208e-05,1.033315372763981e-05,10
slow0-owned-f1-qps200-n24,pc valid. lat. p50 (s),,V2,0.00039587197003429037,1.763437746519021e-05,3.9140361549398896e-06,10
slow0-owned-f1-qps200-n24,pc valid. lat. p95 (s),,V1,0.0035054742812318635,0.0005862247906543056,0.00012275124769586815,10
slow0-owned-f1-qps200-n24,pc valid. lat. p95 (s),,V2,0.0027330789262709826,0.00048561123279444984,6.898825079722932e-05,10
slow0-owned-f1-qps200-n24,exec. lat. p95 (s),,V1,0.0008618907470095533,0.00012404688445125263,2.4751454448631674e-05,10
slow0-owned-f1-qps200-n24,exec. lat. p95 (s),,V2,0.0008482320360737229,4.733741115218752e-05,1.3656509002243679e-05,10
slow0-owned-f1-qps200-n24,valid. drop. / sec,,V1,0.0,0.0,0.0,10
slow0-owned-f1-qps200-n24,valid. drop. / sec,,V2,0.0,0.0,0.0,10
slow0-owned-f1-qps200-n24,final. lat. p50 (s),,V1,0.26253336890322204,0.010742972016622386,0.003426252250791742,10
slow0-owned-f1-qps200-n24,final. lat. p50 (s),,V2,0.26469374689653924,0.008268372701177418,0.002591520985389944,10
slow0-owned-f1-qps200-n24,final. lat. p95 (s),,V1,0.32168272824775257,0.016631929351099622,0.005192235112375948,10
slow0-owned-f1-qps200-n24,final. lat. p95 (s),,V2,0.32645614783402327,0.012367891508722311,0.003840910151633666,10
slow0-owned-f1-qps200-n24,final. lat. p99 (s),,V1,0.34392335942283936,0.015386869469411958,0.003579949175764017,10
slow0-owned-f1-qps200-n24,final. lat. p99 (s),,V2,0.3447788812900511,0.011048364619914982,0.00289706638536624,10
slow0-owned-f1-qps200-n24,submit lat. p50 (s),,V1,0.00664052787827002,0.0027653253116003314,0.0006322102457482386,10
slow0-owned-f1-qps200-n24,submit lat. p50 (s),,V2,0.014674679030384804,0.004343410400994717,0.0013042640628524985,10
slow0-owned-f1-qps200-n24,submit lat. p95 (s),,V1,0.04400589987906347,0.00253943073606451,0.0005983584269815159,10
slow0-owned-f1-qps200-n24,submit lat. p95 (s),,V2,0.04633550106914768,0.000981486937606243,0.000217851532749491,10
slow0-owned-f1-qps200-n24,ckpt lag p50 (s),,V1,0.4135728356608402,1.6716451251548363,0.2827348047075488,10
slow0-owned-f1-qps200-n24,ckpt lag p50 (s),,V2,0.16987064908960584,0.005731736776673053,0.0017589399088999641,10
slow0-owned-f1-qps200-n24,ckpt lag p95 (s),,V1,0.6597392540579474,2.758841332591164,0.5312057872193758,10
slow0-owned-f1-qps200-n24,ckpt lag p95 (s),,V2,0.20338581873311093,0.008568049490864942,0.0012256281329341347,10
slow0-owned-f1-qps200-n24,ckpt lag p99 (s),,V1,0.7225240922506598,2.930013706327527,0.5695138464762194,10
slow0-owned-f1-qps200-n24,ckpt lag p99 (s),,V2,0.23409898966955714,0.014833096097199173,0.001995480221735491,10
slow0-owned-f1-qps200-n24,exec. dispatch queue,,V1,13.0,8.35463942968217,2.7848798098940564,10
slow0-owned-f1-qps200-n24,exec. dispatch queue,,V2,9.7,6.527633568147036,2.1758778560490115,10
slow0-owned-f1-qps200-n24,pending txs,,V1,1.7,1.7916472867168916,0.5972157622389638,10
slow0-owned-f1-qps200-n24,pending txs,,V2,1.6,1.9595917942265426,0.6531972647421809,10
slow0-owned-f1-qps200-n24,exec. queue. delay p95 (s),,V1,0.00047500000000000005,1.284902802483151e-20,3.4285483091569347e-20,10
slow0-owned-f1-qps200-n24,exec. queue. delay p95 (s),,V2,0.0004750000000000002,1.6657101397027223e-19,3.475840864709519e-20,10
slow0-owned-f1-qps200-n24,post-cons shed drops / sec,,V1,0.0,0.0,0.0,10
slow0-owned-f1-qps200-n24,post-cons shed drops / sec,,V2,0.0,0.0,0.0,10
slow0-owned-f1-qps200-n24,shed % quorum,,V1,0.0,0.0,0.0,10
slow0-owned-f1-qps200-n24,shed % quorum,,V2,0.0,0.0,0.0,10
slow0-owned-f1-qps200-n24,shed % local,,V1,0.0,0.0,0.0,10
slow0-owned-f1-qps200-n24,shed % local,,V2,0.0,0.0,0.0,10
slow0-owned-f1-qps200-n24,shed % cons-queue,,V1,0.0,0.0,0.0,10
slow0-owned-f1-qps200-n24,shed % cons-queue,,V2,0.0,0.0,0.0,10
slow0-owned-f1-qps200-n24,pre-cons overload rej / sec,,V1,nan,nan,nan,10
slow0-owned-f1-qps200-n24,pre-cons overload rej / sec,,V2,nan,nan,nan,10
slow0-owned-f1-qps200-n24,node CPU,,V1,1.4890960521630348,0.2283471098649011,0.014642826985434317,10
slow0-owned-f1-qps200-n24,node CPU,,V2,1.4889236376428705,0.22586898383205528,0.01182865489855542,10
slow0-owned-f1-qps200-n24,node memory RSS (bytes),,V1,698923088.7958834,60174061.81816704,4055260.534940551,10
slow0-owned-f1-qps200-n24,node memory RSS (bytes),,V2,700525154.5621806,61727181.75615506,4118122.837012578,10
slow0-owned-f1-qps200-n24,overload graduated / sec,,V1,nan,nan,nan,10
slow0-owned-f1-qps200-n24,overload graduated / sec,,V2,nan,nan,nan,10
slow0-owned-f1-qps200-n24,overload max-pending / sec,,V1,nan,nan,nan,10
slow0-owned-f1-qps200-n24,overload max-pending / sec,,V2,nan,nan,nan,10
slow0-owned-f1-qps200-n24,overload semaphore / sec,,V1,nan,nan,nan,10
slow0-owned-f1-qps200-n24,overload semaphore / sec,,V2,nan,nan,nan,10
slow0-owned-f1-qps200-n24,attest. exec p50 (s),,V1,nan,nan,nan,10
slow0-owned-f1-qps200-n24,attest. exec p50 (s),,V2,0.0005020546641711622,1.0542957384761975e-06,1.6477622790338716e-07,10
slow0-owned-f1-qps200-n24,attest. exec p95 (s),,V1,nan,nan,nan,10
slow0-owned-f1-qps200-n24,attest. exec p95 (s),,V2,0.0009539038619252084,2.0031619031047654e-06,3.1307483301643534e-07,10
slow0-owned-f1-qps200-n24,attest. exec p99 (s),,V1,nan,nan,nan,10
slow0-owned-f1-qps200-n24,attest. exec p99 (s),,V2,0.0009960778241706195,4.873551425230305e-05,2.1943124982455795e-06,10
slow0-owned-f1-qps200-n24,attest. wait p50 (s),,V1,nan,nan,nan,10
slow0-owned-f1-qps200-n24,attest. wait p50 (s),,V2,0.0005261635443360229,1.0977537994544435e-05,1.6902644924602282e-06,10
slow0-owned-f1-qps200-n24,attest. wait p95 (s),,V1,nan,nan,nan,10
slow0-owned-f1-qps200-n24,attest. wait p95 (s),,V2,0.0013387441311122224,0.0006418000151290332,0.00010679922608347592,10
slow0-owned-f1-qps200-n24,attest. wait p99 (s),,V1,nan,nan,nan,10
slow0-owned-f1-qps200-n24,attest. wait p99 (s),,V2,0.004722924776670964,0.0008691546262862833,0.0001656355943923799,10
slow0-owned-f1-qps200-n24,attest. resume p50 (s),,V1,nan,nan,nan,10
slow0-owned-f1-qps200-n24,attest. resume p50 (s),,V2,0.0005026342482462818,1.4758224691220951e-06,2.5044289657619377e-07,10
slow0-owned-f1-qps200-n24,attest. resume p95 (s),,V1,nan,nan,nan,10
slow0-owned-f1-qps200-n24,attest. resume p95 (s),,V2,0.0009550050716679352,2.8040626913319737e-06,4.7584150349473315e-07,10
slow0-owned-f1-qps200-n24,attest. resume p99 (s),,V1,nan,nan,nan,10
slow0-owned-f1-qps200-n24,attest. resume p99 (s),,V2,0.0010343736873238915,0.00016022297557579705,1.6179714974279073e-05,10
slow0-owned-f1-qps200-n24,num_inflight,,V1,19.7,2.758622844826744,0.9195409482755814,10
slow0-owned-f1-qps200-n24,num_inflight,,V2,19.1,1.5132745950421556,0.5044248650140518,10
slow0-owned-f1-qps200-n24,CUs,,V1,nan,nan,nan,10
slow0-owned-f1-qps200-n24,CUs,,V2,1000.0,1.2544849719831973e-13,0.0,10
slow0-owned-v1-qps200-n24,TPS,,V1,211.01617499912157,65.60863124580789,8.910250825410111,10
slow0-owned-v1-qps200-n24,TPS,,V2,205.21340320186223,66.29923795223972,14.92494221984956,10
slow0-owned-v1-qps200-n24,attest. full p50 (s),,V1,nan,nan,nan,10
slow0-owned-v1-qps200-n24,attest. full p50 (s),,V2,0.0005423782560000041,1.4821466288126152e-05,2.397766487377074e-06,10
slow0-owned-v1-qps200-n24,attest. full p95 (s),,V1,nan,nan,nan,10
slow0-owned-v1-qps200-n24,attest. full p95 (s),,V2,0.002614885680530585,0.0009368301422103764,0.0001493579548335177,10
slow0-owned-v1-qps200-n24,attest. full p99 (s),,V1,nan,nan,nan,10
slow0-owned-v1-qps200-n24,attest. full p99 (s),,V2,0.006572177770672025,0.0025261484442588556,0.00024589556524827553,10
slow0-owned-v1-qps200-n24,attest. / sec,,V1,0.0,0.0,0.0,10
slow0-owned-v1-qps200-n24,attest. / sec,,V2,197.0321987480438,27.051507033689372,0.7499063319724898,10
slow0-owned-v1-qps200-n24,host CPU,,V1,32.23502783978006,11.9097360911238,0.2743511086802782,10
slow0-owned-v1-qps200-n24,host CPU,,V2,32.065761731148044,11.955027953174131,0.2582133748843981,10
slow0-owned-v1-qps200-n24,rec. → exec. p50 (s),,V1,0.2787322912406199,0.05809991023585875,0.019078946663071052,10
slow0-owned-v1-qps200-n24,rec. → exec. p50 (s),,V2,0.2948745760776601,0.07295034164418497,0.02422261355976225,10
slow0-owned-v1-qps200-n24,rec. → exec. p95 (s),,V1,0.47549820352379013,0.008701636129944177,0.002773482183442789,10
slow0-owned-v1-qps200-n24,rec. → exec. p95 (s),,V2,0.4744262648462577,0.014927908342863071,0.004859083711326139,10
slow0-owned-v1-qps200-n24,rec. → exec. p99 (s),,V1,0.49509964070475804,0.0017403272259888332,0.0005546964366885651,10
slow0-owned-v1-qps200-n24,rec. → exec. p99 (s),,V2,0.4949114886117348,0.002999954626170306,0.000973896727070144,10
slow0-owned-v1-qps200-n24,pc valid. lat. p50 (s),,V1,0.000503677823606756,6.0841799327918826e-05,1.93516440789827e-05,10
slow0-owned-v1-qps200-n24,pc valid. lat. p50 (s),,V2,0.0004281430657880795,3.234765400333269e-05,9.18700951247948e-06,10
slow0-owned-v1-qps200-n24,pc valid. lat. p95 (s),,V1,0.004019165715787169,0.0001837911163642584,4.865792449215496e-05,10
slow0-owned-v1-qps200-n24,pc valid. lat. p95 (s),,V2,0.003467239824235747,0.00036106332059199307,8.688674461723302e-05,10
slow0-owned-v1-qps200-n24,exec. lat. p95 (s),,V1,0.0009333328637876083,0.00030391378140243153,4.176887314784784e-05,10
slow0-owned-v1-qps200-n24,exec. lat. p95 (s),,V2,0.000909575488987959,0.00017896900231385653,2.8949601371408512e-05,10
slow0-owned-v1-qps200-n24,valid. drop. / sec,,V1,0.0,0.0,0.0,10
slow0-owned-v1-qps200-n24,valid. drop. / sec,,V2,0.0,0.0,0.0,10
slow0-owned-v1-qps200-n24,final. lat. p50 (s),,V1,nan,nan,nan,10
slow0-owned-v1-qps200-n24,final. lat. p50 (s),,V2,nan,nan,nan,10
slow0-owned-v1-qps200-n24,final. lat. p95 (s),,V1,nan,nan,nan,10
slow0-owned-v1-qps200-n24,final. lat. p95 (s),,V2,nan,nan,nan,10
slow0-owned-v1-qps200-n24,final. lat. p99 (s),,V1,nan,nan,nan,10
slow0-owned-v1-qps200-n24,final. lat. p99 (s),,V2,nan,nan,nan,10
slow0-owned-v1-qps200-n24,submit lat. p50 (s),,V1,nan,nan,nan,10
slow0-owned-v1-qps200-n24,submit lat. p50 (s),,V2,nan,nan,nan,10
slow0-owned-v1-qps200-n24,submit lat. p95 (s),,V1,nan,nan,nan,10
slow0-owned-v1-qps200-n24,submit lat. p95 (s),,V2,nan,nan,nan,10
slow0-owned-v1-qps200-n24,ckpt lag p50 (s),,V1,0.9177074656074031,3.143320231379056,0.9857597167678018,10
slow0-owned-v1-qps200-n24,ckpt lag p50 (s),,V2,1.226783643778496,5.110014585492927,2.097770258079374,10
slow0-owned-v1-qps200-n24,ckpt lag p95 (s),,V1,1.2092247636623747,4.042832266162723,1.3244413555163537,10
slow0-owned-v1-qps200-n24,ckpt lag p95 (s),,V2,1.9511896235531825,8.723713776490209,3.4678150616854664,10
slow0-owned-v1-qps200-n24,ckpt lag p99 (s),,V1,1.3013185986106193,4.306112640702601,1.4119981335761966,10
slow0-owned-v1-qps200-n24,ckpt lag p99 (s),,V2,2.1085028329844437,9.41215872667855,3.725994814951795,10
slow0-owned-v1-qps200-n24,exec. dispatch queue,,V1,20.2,12.560254774486065,4.186751591495355,10
slow0-owned-v1-qps200-n24,exec. dispatch queue,,V2,17.8,12.196720870791463,4.065573623597153,10
slow0-owned-v1-qps200-n24,pending txs,,V1,0.4,1.2000000000000002,0.39999999999999997,10
slow0-owned-v1-qps200-n24,pending txs,,V2,2.0,3.255764119219941,1.0852547064066471,10
slow0-owned-v1-qps200-n24,exec. queue. delay p95 (s),,V1,0.0004836012572966205,5.888807101331012e-05,8.696826822138384e-06,10
slow0-owned-v1-qps200-n24,exec. queue. delay p95 (s),,V2,0.0005581716837714726,0.0005754466364086674,8.286924128503072e-05,10
slow0-owned-v1-qps200-n24,post-cons shed drops / sec,,V1,0.0,0.0,0.0,10
slow0-owned-v1-qps200-n24,post-cons shed drops / sec,,V2,0.0,0.0,0.0,10
slow0-owned-v1-qps200-n24,shed % quorum,,V1,0.0,0.0,0.0,10
slow0-owned-v1-qps200-n24,shed % quorum,,V2,0.0,0.0,0.0,10
slow0-owned-v1-qps200-n24,shed % local,,V1,0.0,0.0,0.0,10
slow0-owned-v1-qps200-n24,shed % local,,V2,0.0,0.0,0.0,10
slow0-owned-v1-qps200-n24,shed % cons-queue,,V1,0.0,0.0,0.0,10
slow0-owned-v1-qps200-n24,shed % cons-queue,,V2,0.0,0.0,0.0,10
slow0-owned-v1-qps200-n24,pre-cons overload rej / sec,,V1,nan,nan,nan,10
slow0-owned-v1-qps200-n24,pre-cons overload rej / sec,,V2,nan,nan,nan,10
slow0-owned-v1-qps200-n24,node CPU,,V1,1.520507715569441,0.25369615344000446,0.013261025983769317,10
slow0-owned-v1-qps200-n24,node CPU,,V2,1.5383665197666943,0.24320258173856607,0.014386699316049165,10
slow0-owned-v1-qps200-n24,node memory RSS (bytes),,V1,720993617.8324786,66349263.82994113,5078941.203527746,10
slow0-owned-v1-qps200-n24,node memory RSS (bytes),,V2,714040270.9041096,65009987.55201138,3152824.7585803606,10
slow0-owned-v1-qps200-n24,overload graduated / sec,,V1,nan,nan,nan,10
slow0-owned-v1-qps200-n24,overload graduated / sec,,V2,nan,nan,nan,10
slow0-owned-v1-qps200-n24,overload max-pending / sec,,V1,nan,nan,nan,10
slow0-owned-v1-qps200-n24,overload max-pending / sec,,V2,nan,nan,nan,10
slow0-owned-v1-qps200-n24,overload semaphore / sec,,V1,nan,nan,nan,10
slow0-owned-v1-qps200-n24,overload semaphore / sec,,V2,nan,nan,nan,10
slow0-owned-v1-qps200-n24,attest. exec p50 (s),,V1,nan,nan,nan,10
slow0-owned-v1-qps200-n24,attest. exec p50 (s),,V2,0.0005015475212836194,8.365631448890036e-07,9.465795195376009e-08,10
slow0-owned-v1-qps200-n24,attest. exec p95 (s),,V1,nan,nan,nan,10
slow0-owned-v1-qps200-n24,attest. exec p95 (s),,V2,0.0009529402904388772,1.5894699752891163e-06,1.7985010871214688e-07,10
slow0-owned-v1-qps200-n24,attest. exec p99 (s),,V1,nan,nan,nan,10
slow0-owned-v1-qps200-n24,attest. exec p99 (s),,V2,0.0009940544077796612,1.7818304744733928e-05,1.0972553143493356e-06,10
slow0-owned-v1-qps200-n24,attest. wait p50 (s),,V1,nan,nan,nan,10
slow0-owned-v1-qps200-n24,attest. wait p50 (s),,V2,0.0005300936686595401,1.2455036485613576e-05,2.1462214916988636e-06,10
slow0-owned-v1-qps200-n24,attest. wait p95 (s),,V1,nan,nan,nan,10
slow0-owned-v1-qps200-n24,attest. wait p95 (s),,V2,0.0017964537672027596,0.0009111591938084922,0.0001225623651291872,10
slow0-owned-v1-qps200-n24,attest. wait p99 (s),,V1,nan,nan,nan,10
slow0-owned-v1-qps200-n24,attest. wait p99 (s),,V2,0.005936685144951636,0.0025140551736232016,0.00029069742772000023,10
slow0-owned-v1-qps200-n24,attest. resume p50 (s),,V1,nan,nan,nan,10
slow0-owned-v1-qps200-n24,attest. resume p50 (s),,V2,0.000501035187813475,9.654725297133302e-07,1.1512601078252202e-07,10
slow0-owned-v1-qps200-n24,attest. resume p95 (s),,V1,nan,nan,nan,10
slow0-owned-v1-qps200-n24,attest. resume p95 (s),,V2,0.0009519668568456027,1.8343978064553512e-06,2.187394204867798e-07,10
slow0-owned-v1-qps200-n24,attest. resume p99 (s),,V1,nan,nan,nan,10
slow0-owned-v1-qps200-n24,attest. resume p99 (s),,V2,0.0009920496718706807,1.9116356088324136e-06,2.2794950134940905e-07,10
slow0-owned-v1-qps200-n24,num_inflight,,V1,66.4,8.475848040166836,2.825282680055612,10
slow0-owned-v1-qps200-n24,num_inflight,,V2,67.7,7.694803441284254,2.5649344804280845,10
slow0-owned-v1-qps200-n24,CUs,,V1,nan,nan,nan,10
slow0-owned-v1-qps200-n24,CUs,,V2,1000.0,1.1176921245232089e-13,0.0,10
slow0-owned-v24-qps200-n24,TPS,,V1,220.02861983638041,19.397063743032387,0.22546844223411566,10
slow0-owned-v24-qps200-n24,TPS,,V2,220.31117678820885,16.895288001824568,0.26182656177957747,10
slow0-owned-v24-qps200-n24,attest. full p50 (s),,V1,nan,nan,nan,10
slow0-owned-v24-qps200-n24,attest. full p50 (s),,V2,0.0005485630567005929,1.1299224632102568e-05,1.703364182230667e-06,10
slow0-owned-v24-qps200-n24,attest. full p95 (s),,V1,nan,nan,nan,10
slow0-owned-v24-qps200-n24,attest. full p95 (s),,V2,0.002835743019456725,0.000526275406757522,8.498560007956761e-05,10
slow0-owned-v24-qps200-n24,attest. full p99 (s),,V1,nan,nan,nan,10
slow0-owned-v24-qps200-n24,attest. full p99 (s),,V2,0.005315990368343718,0.0008911031672738631,0.00013698111218884065,10
slow0-owned-v24-qps200-n24,attest. / sec,,V1,0.0,0.0,0.0,10
slow0-owned-v24-qps200-n24,attest. / sec,,V2,35.28164560493207,3.440378574255429,0.1971697908951539,10
slow0-owned-v24-qps200-n24,host CPU,,V1,32.31849517608707,11.78636834796397,0.16191780901543518,10
slow0-owned-v24-qps200-n24,host CPU,,V2,32.454387624014785,11.745736697141892,0.1540688292869984,10
slow0-owned-v24-qps200-n24,rec. → exec. p50 (s),,V1,0.35274298304505797,0.04512542219782289,0.01234396080181562,10
slow0-owned-v24-qps200-n24,rec. → exec. p50 (s),,V2,0.36725879499828135,0.011063448946878825,0.0020502526290143114,10
slow0-owned-v24-qps200-n24,rec. → exec. p95 (s),,V1,0.4842005662689723,0.009184785055221177,0.0019170251988055106,10
slow0-owned-v24-qps200-n24,rec. → exec. p95 (s),,V2,0.4867196774886164,0.001192091584210516,0.00020585507335080778,10
slow0-owned-v24-qps200-n24,rec. → exec. p99 (s),,V1,0.4968401132537944,0.001836957011044243,0.0003834050397611008,10
slow0-owned-v24-qps200-n24,rec. → exec. p99 (s),,V2,0.49734393549772327,0.00023841831684210272,4.117101467016395e-05,10
slow0-owned-v24-qps200-n24,pc valid. lat. p50 (s),,V1,0.00048134047939439676,2.4956073869998697e-05,6.0482673329507266e-06,10
slow0-owned-v24-qps200-n24,pc valid. lat. p50 (s),,V2,0.0004021140091752529,1.9203481361411704e-05,3.978428630005065e-06,10
slow0-owned-v24-qps200-n24,pc valid. lat. p95 (s),,V1,0.0035487763894162376,0.0002514386557210181,5.168566843664053e-05,10
slow0-owned-v24-qps200-n24,pc valid. lat. p95 (s),,V2,0.002505308159693189,0.00044539051615216023,7.428526719172173e-05,10
slow0-owned-v24-qps200-n24,exec. lat. p95 (s),,V1,0.0008566283626799491,4.510166731203057e-05,1.1859020870182394e-05,10
slow0-owned-v24-qps200-n24,exec. lat. p95 (s),,V2,0.00087260989830187,3.4856613721736035e-05,8.285445924656109e-06,10
slow0-owned-v24-qps200-n24,valid. drop. / sec,,V1,0.0,0.0,0.0,10
slow0-owned-v24-qps200-n24,valid. drop. / sec,,V2,0.0,0.0,0.0,10
slow0-owned-v24-qps200-n24,final. lat. p50 (s),,V1,nan,nan,nan,10
slow0-owned-v24-qps200-n24,final. lat. p50 (s),,V2,nan,nan,nan,10
slow0-owned-v24-qps200-n24,final. lat. p95 (s),,V1,nan,nan,nan,10
slow0-owned-v24-qps200-n24,final. lat. p95 (s),,V2,nan,nan,nan,10
slow0-owned-v24-qps200-n24,final. lat. p99 (s),,V1,nan,nan,nan,10
slow0-owned-v24-qps200-n24,final. lat. p99 (s),,V2,nan,nan,nan,10
slow0-owned-v24-qps200-n24,submit lat. p50 (s),,V1,nan,nan,nan,10
slow0-owned-v24-qps200-n24,submit lat. p50 (s),,V2,nan,nan,nan,10
slow0-owned-v24-qps200-n24,submit lat. p95 (s),,V1,nan,nan,nan,10
slow0-owned-v24-qps200-n24,submit lat. p95 (s),,V2,nan,nan,nan,10
slow0-owned-v24-qps200-n24,ckpt lag p50 (s),,V1,0.17063432223039524,0.004267141309457475,0.001316648549009794,10
slow0-owned-v24-qps200-n24,ckpt lag p50 (s),,V2,0.17088485656128977,0.0053025651369093445,0.0016261789833681207,10
slow0-owned-v24-qps200-n24,ckpt lag p95 (s),,V1,0.2040463595189039,0.010795223390036407,0.002359013993623687,10
slow0-owned-v24-qps200-n24,ckpt lag p95 (s),,V2,0.20633185061294107,0.01069215274088121,0.0022283398581927553,10
slow0-owned-v24-qps200-n24,ckpt lag p99 (s),,V1,0.23135286474417754,0.01916884396213971,0.0027622400036077474,10
slow0-owned-v24-qps200-n24,ckpt lag p99 (s),,V2,0.2338787201888362,0.01516400081604393,0.003109694322260795,10
slow0-owned-v24-qps200-n24,exec. dispatch queue,,V1,13.7,11.739250401963492,3.913083467321164,10
slow0-owned-v24-qps200-n24,exec. dispatch queue,,V2,9.3,6.986415389883427,2.3288051299611423,10
slow0-owned-v24-qps200-n24,pending txs,,V1,0.5,1.02469507659596,0.34156502553198664,10
slow0-owned-v24-qps200-n24,pending txs,,V2,1.8,1.8330302779823362,0.6110100926607787,10
slow0-owned-v24-qps200-n24,exec. queue. delay p95 (s),,V1,0.00047500000000000016,1.1407397750795465e-19,1.807003620809174e-20,10
slow0-owned-v24-qps200-n24,exec. queue. delay p95 (s),,V2,0.00047500000000000016,1.1434466788979668e-19,1.807003620809174e-20,10
slow0-owned-v24-qps200-n24,post-cons shed drops / sec,,V1,0.0,0.0,0.0,10
slow0-owned-v24-qps200-n24,post-cons shed drops / sec,,V2,0.0,0.0,0.0,10
slow0-owned-v24-qps200-n24,shed % quorum,,V1,0.0,0.0,0.0,10
slow0-owned-v24-qps200-n24,shed % quorum,,V2,0.0,0.0,0.0,10
slow0-owned-v24-qps200-n24,shed % local,,V1,0.0,0.0,0.0,10
slow0-owned-v24-qps200-n24,shed % local,,V2,0.0,0.0,0.0,10
slow0-owned-v24-qps200-n24,shed % cons-queue,,V1,0.0,0.0,0.0,10
slow0-owned-v24-qps200-n24,shed % cons-queue,,V2,0.0,0.0,0.0,10
slow0-owned-v24-qps200-n24,pre-cons overload rej / sec,,V1,nan,nan,nan,10
slow0-owned-v24-qps200-n24,pre-cons overload rej / sec,,V2,nan,nan,nan,10
slow0-owned-v24-qps200-n24,node CPU,,V1,1.496493163400541,0.2228301906077109,0.005400222750845419,10
slow0-owned-v24-qps200-n24,node CPU,,V2,1.5038317608310794,0.21959637282333888,0.006324404074796388,10
slow0-owned-v24-qps200-n24,node memory RSS (bytes),,V1,703537166.0756013,60136116.117082804,5834372.62992163,10
slow0-owned-v24-qps200-n24,node memory RSS (bytes),,V2,699124277.5711836,60107578.71808171,2819961.393727194,10
slow0-owned-v24-qps200-n24,overload graduated / sec,,V1,nan,nan,nan,10
slow0-owned-v24-qps200-n24,overload graduated / sec,,V2,nan,nan,nan,10
slow0-owned-v24-qps200-n24,overload max-pending / sec,,V1,nan,nan,nan,10
slow0-owned-v24-qps200-n24,overload max-pending / sec,,V2,nan,nan,nan,10
slow0-owned-v24-qps200-n24,overload semaphore / sec,,V1,nan,nan,nan,10
slow0-owned-v24-qps200-n24,overload semaphore / sec,,V2,nan,nan,nan,10
slow0-owned-v24-qps200-n24,attest. exec p50 (s),,V1,nan,nan,nan,10
slow0-owned-v24-qps200-n24,attest. exec p50 (s),,V2,0.0005022172515908751,1.2541787283202669e-06,1.5676528060531965e-07,10
slow0-owned-v24-qps200-n24,attest. exec p95 (s),,V1,nan,nan,nan,10
slow0-owned-v24-qps200-n24,attest. exec p95 (s),,V2,0.0009542127780226626,2.382939583808499e-06,2.9785403315010086e-07,10
slow0-owned-v24-qps200-n24,attest. exec p99 (s),,V1,nan,nan,nan,10
slow0-owned-v24-qps200-n24,attest. exec p99 (s),,V2,0.0010044363518224187,0.00013541058390279862,5.997995082969199e-06,10
slow0-owned-v24-qps200-n24,attest. wait p50 (s),,V1,nan,nan,nan,10
slow0-owned-v24-qps200-n24,attest. wait p50 (s),,V2,0.0005294196245172377,8.037999509248245e-06,1.0894300774100157e-06,10
slow0-owned-v24-qps200-n24,attest. wait p95 (s),,V1,nan,nan,nan,10
slow0-owned-v24-qps200-n24,attest. wait p95 (s),,V2,0.0015069875697676515,0.0005294411625370061,8.824197526962032e-05,10
slow0-owned-v24-qps200-n24,attest. wait p99 (s),,V1,nan,nan,nan,10
slow0-owned-v24-qps200-n24,attest. wait p99 (s),,V2,0.004804728158349352,0.0006728618748868163,9.793594607587779e-05,10
slow0-owned-v24-qps200-n24,attest. resume p50 (s),,V1,nan,nan,nan,10
slow0-owned-v24-qps200-n24,attest. resume p50 (s),,V2,0.0005029976172309826,1.499137448986292e-06,2.0434766509116536e-07,10
slow0-owned-v24-qps200-n24,attest. resume p95 (s),,V1,nan,nan,nan,10
slow0-owned-v24-qps200-n24,attest. resume p95 (s),,V2,0.0009556954727388669,2.848361153073948e-06,3.882605636732112e-07,10
slow0-owned-v24-qps200-n24,attest. resume p99 (s),,V1,nan,nan,nan,10
slow0-owned-v24-qps200-n24,attest. resume p99 (s),,V2,0.0010409429469665794,0.00023509783959582112,2.2668324648239644e-05,10
slow0-owned-v24-qps200-n24,num_inflight,,V1,18.3,1.4177446878757824,0.4725815626252608,10
slow0-owned-v24-qps200-n24,num_inflight,,V2,19.5,2.4186773244895647,0.8062257748298549,10
slow0-owned-v24-qps200-n24,CUs,,V1,nan,nan,nan,10
slow0-owned-v24-qps200-n24,CUs,,V2,1000.0,1.2850536475585802e-13,0.0,10
slow0-owned-f1-qps1000-n24,TPS,,V1,896.5054234510369,322.16730966280113,93.19611088546563,10
slow0-owned-f1-qps1000-n24,TPS,,V2,896.1240351704758,322.60322272182987,72.54851170340527,10
slow0-owned-f1-qps1000-n24,attest. full p50 (s),,V1,nan,nan,nan,10
slow0-owned-f1-qps1000-n24,attest. full p50 (s),,V2,0.0006840429031680192,0.0008469859442641546,0.00012762983785325266,10
slow0-owned-f1-qps1000-n24,attest. full p95 (s),,V1,nan,nan,nan,10
slow0-owned-f1-qps1000-n24,attest. full p95 (s),,V2,0.0022373055832766546,0.0011268190463282453,0.00014756258833791572,10
slow0-owned-f1-qps1000-n24,attest. full p99 (s),,V1,nan,nan,nan,10
slow0-owned-f1-qps1000-n24,attest. full p99 (s),,V2,0.004766207173247289,0.0007456259076508634,8.332719212768686e-05,10
slow0-owned-f1-qps1000-n24,attest. / sec,,V1,0.0,0.0,0.0,10
slow0-owned-f1-qps1000-n24,attest. / sec,,V2,149.89915435139574,54.45660716050077,12.515189642553118,10
slow0-owned-f1-qps1000-n24,host CPU,,V1,24.259679638856678,23.04115871545181,0.2931810346194279,10
slow0-owned-f1-qps1000-n24,host CPU,,V2,25.372241540543044,22.948287403554932,0.8806810119014673,10
slow0-owned-f1-qps1000-n24,rec. → exec. p50 (s),,V1,0.37419573418702423,0.008574487545536033,0.0003294390233093391,10
slow0-owned-f1-qps1000-n24,rec. → exec. p50 (s),,V2,0.37471206987584665,0.0017667984543902877,0.0001255334341127024,10
slow0-owned-f1-qps1000-n24,rec. → exec. p95 (s),,V1,0.4875420248603957,0.0013202124825199323,0.00013197981873662077,10
slow0-owned-f1-qps1000-n24,rec. → exec. p95 (s),,V2,0.4874712069875845,0.00017667984543903067,1.2553343411266946e-05,10
slow0-owned-f1-qps1000-n24,rec. → exec. p99 (s),,V1,0.5030237475408359,0.044453170707178184,0.005400994219552278,10
slow0-owned-f1-qps1000-n24,rec. → exec. p99 (s),,V2,0.4974942413975169,3.53359690878059e-05,2.510668682253589e-06,10
slow0-owned-f1-qps1000-n24,pc valid. lat. p50 (s),,V1,0.0024157028119115437,0.0008382961734031386,0.0002486446351729577,10
slow0-owned-f1-qps1000-n24,pc valid. lat. p50 (s),,V2,0.0022636762419302346,0.0007838964766730578,0.0001883531624503593,10
slow0-owned-f1-qps1000-n24,pc valid. lat. p95 (s),,V1,0.004497507265024303,0.0012249187139001538,0.0003090083044654872,10
slow0-owned-f1-qps1000-n24,pc valid. lat. p95 (s),,V2,0.004366321923531298,0.0013038553901362762,0.0002734931460386812,10
slow0-owned-f1-qps1000-n24,exec. lat. p95 (s),,V1,0.0008464813929328214,0.00030080058405669704,3.750382095366974e-05,10
slow0-owned-f1-qps1000-n24,exec. lat. p95 (s),,V2,0.0008296149310701964,9.070792397327152e-05,1.8807289818677535e-05,10
slow0-owned-f1-qps1000-n24,valid. drop. / sec,,V1,0.0,0.0,0.0,10
slow0-owned-f1-qps1000-n24,valid. drop. / sec,,V2,0.0,0.0,0.0,10
slow0-owned-f1-qps1000-n24,final. lat. p50 (s),,V1,0.26683143835966644,0.007748719752586331,0.0017197660093504067,10
slow0-owned-f1-qps1000-n24,final. lat. p50 (s),,V2,0.26642220918609155,0.01068674980491399,0.0028392610022272597,10
slow0-owned-f1-qps1000-n24,final. lat. p95 (s),,V1,0.3324059121762352,0.01320891509956175,0.002613764969542299,10
slow0-owned-f1-qps1000-n24,final. lat. p95 (s),,V2,0.3272624499011363,0.013615831997648013,0.0038493745138134658,10
slow0-owned-f1-qps1000-n24,final. lat. p99 (s),,V1,0.35171423287401954,0.022844361809295805,0.0031088547270438196,10
slow0-owned-f1-qps1000-n24,final. lat. p99 (s),,V2,0.345024535909084,0.009000178414735216,0.0014428206420439929,10
slow0-owned-f1-qps1000-n24,submit lat. p50 (s),,V1,0.003931214191186591,0.0006758155927447395,4.869805376319135e-05,10
slow0-owned-f1-qps1000-n24,submit lat. p50 (s),,V2,0.004595559770879653,0.0005816652017300766,0.00010300170132774542,10
slow0-owned-f1-qps1000-n24,submit lat. p95 (s),,V1,0.022500602960251175,0.008017811719868007,0.0008629891733181701,10
slow0-owned-f1-qps1000-n24,submit lat. p95 (s),,V2,0.02227060585201625,0.002558563323958698,0.0004444255268006056,10
slow0-owned-f1-qps1000-n24,ckpt lag p50 (s),,V1,0.8073885647549355,2.9532315002099336,0.8780240502381125,10
slow0-owned-f1-qps1000-n24,ckpt lag p50 (s),,V2,1.332506264359135,4.423895052719795,0.9654622239213648,10
slow0-owned-f1-qps1000-n24,ckpt lag p95 (s),,V1,1.2414179999304773,4.582566470221539,1.4444376792119196,10
slow0-owned-f1-qps1000-n24,ckpt lag p95 (s),,V2,1.9864818002760463,6.330092193473187,1.4862913398442104,10
slow0-owned-f1-qps1000-n24,ckpt lag p99 (s),,V1,1.3304599461029587,4.896664306724175,1.5499931575449843,10
slow0-owned-f1-qps1000-n24,ckpt lag p99 (s),,V2,2.115886451571225,6.7145381910633555,1.5853054714548935,10
slow0-owned-f1-qps1000-n24,exec. dispatch queue,,V1,153.4,83.15671951201539,27.718906504005126,10
slow0-owned-f1-qps1000-n24,exec. dispatch queue,,V2,116.7,59.05599038200952,19.685330127336503,10
slow0-owned-f1-qps1000-n24,pending txs,,V1,2.6,1.9595917942265424,0.6531972647421808,10
slow0-owned-f1-qps1000-n24,pending txs,,V2,2.5,1.3601470508735443,0.4533823502911814,10
slow0-owned-f1-qps1000-n24,exec. queue. delay p95 (s),,V1,0.005852753989907574,0.00671910442366872,0.0010145972061208319,10
slow0-owned-f1-qps1000-n24,exec. queue. delay p95 (s),,V2,0.00506621666871853,0.002621548594698257,0.0002141161506984997,10
slow0-owned-f1-qps1000-n24,post-cons shed drops / sec,,V1,0.0,0.0,0.0,10
slow0-owned-f1-qps1000-n24,post-cons shed drops / sec,,V2,0.0,0.0,0.0,10
slow0-owned-f1-qps1000-n24,shed % quorum,,V1,0.0,0.0,0.0,10
slow0-owned-f1-qps1000-n24,shed % quorum,,V2,0.0,0.0,0.0,10
slow0-owned-f1-qps1000-n24,shed % local,,V1,0.0,0.0,0.0,10
slow0-owned-f1-qps1000-n24,shed % local,,V2,0.0,0.0,0.0,10
slow0-owned-f1-qps1000-n24,shed % cons-queue,,V1,0.0,0.0,0.0,10
slow0-owned-f1-qps1000-n24,shed % cons-queue,,V2,0.0,0.0,0.0,10
slow0-owned-f1-qps1000-n24,pre-cons overload rej / sec,,V1,nan,nan,nan,10
slow0-owned-f1-qps1000-n24,pre-cons overload rej / sec,,V2,nan,nan,nan,10
slow0-owned-f1-qps1000-n24,node CPU,,V1,1.7843441597881726,0.3898067941937226,0.06438059732577595,10
slow0-owned-f1-qps1000-n24,node CPU,,V2,1.808353224923978,0.35324810493829956,0.04623469699106357,10
slow0-owned-f1-qps1000-n24,node memory RSS (bytes),,V1,884194681.2631578,161297702.00554442,16080651.14182511,10
slow0-owned-f1-qps1000-n24,node memory RSS (bytes),,V2,884775758.9172932,170389869.91937658,11769214.138549395,10
slow0-owned-f1-qps1000-n24,overload graduated / sec,,V1,nan,nan,nan,10
slow0-owned-f1-qps1000-n24,overload graduated / sec,,V2,nan,nan,nan,10
slow0-owned-f1-qps1000-n24,overload max-pending / sec,,V1,nan,nan,nan,10
slow0-owned-f1-qps1000-n24,overload max-pending / sec,,V2,nan,nan,nan,10
slow0-owned-f1-qps1000-n24,overload semaphore / sec,,V1,nan,nan,nan,10
slow0-owned-f1-qps1000-n24,overload semaphore / sec,,V2,nan,nan,nan,10
slow0-owned-f1-qps1000-n24,attest. exec p50 (s),,V1,nan,nan,nan,10
slow0-owned-f1-qps1000-n24,attest. exec p50 (s),,V2,0.0005961304575493834,0.0004903012259490836,8.162376448032734e-05,10
slow0-owned-f1-qps1000-n24,attest. exec p95 (s),,V1,nan,nan,nan,10
slow0-owned-f1-qps1000-n24,attest. exec p95 (s),,V2,0.0011075012417778461,0.0008266094001439845,0.0001333762980268,10
slow0-owned-f1-qps1000-n24,attest. exec p99 (s),,V1,nan,nan,nan,10
slow0-owned-f1-qps1000-n24,attest. exec p99 (s),,V2,0.0011608399374375977,0.0008808986344173162,0.0001447822895765435,10
slow0-owned-f1-qps1000-n24,attest. wait p50 (s),,V1,nan,nan,nan,10
slow0-owned-f1-qps1000-n24,attest. wait p50 (s),,V2,0.0005216661676825665,5.573135999749057e-06,1.173019246703065e-06,10
slow0-owned-f1-qps1000-n24,attest. wait p95 (s),,V1,nan,nan,nan,10
slow0-owned-f1-qps1000-n24,attest. wait p95 (s),,V2,0.0010159465594156182,0.00012459578691460858,8.856667928192403e-06,10
slow0-owned-f1-qps1000-n24,attest. wait p99 (s),,V1,nan,nan,nan,10
slow0-owned-f1-qps1000-n24,attest. wait p99 (s),,V2,0.004199062616715537,0.0007118163560006152,0.00013659999378851903,10
slow0-owned-f1-qps1000-n24,attest. resume p50 (s),,V1,nan,nan,nan,10
slow0-owned-f1-qps1000-n24,attest. resume p50 (s),,V2,0.0005017337697838932,9.083998495352547e-07,9.78327598219202e-08,10
slow0-owned-f1-qps1000-n24,attest. resume p95 (s),,V1,nan,nan,nan,10
slow0-owned-f1-qps1000-n24,attest. resume p95 (s),,V2,0.0009532941625893967,1.7259597141169838e-06,1.8588224366165148e-07,10
slow0-owned-f1-qps1000-n24,attest. resume p99 (s),,V1,nan,nan,nan,10
slow0-owned-f1-qps1000-n24,attest. resume p99 (s),,V2,0.00100251611957911,0.00015284302457159308,4.730898023780705e-06,10
slow0-owned-f1-qps1000-n24,num_inflight,,V1,68.6,8.002499609497024,2.6674998698323407,10
slow0-owned-f1-qps1000-n24,num_inflight,,V2,65.9,3.7802116342871597,1.2600705447623863,10
slow0-owned-f1-qps1000-n24,CUs,,V1,nan,nan,nan,10
slow0-owned-f1-qps1000-n24,CUs,,V2,1000.0,1.5492034531790246e-13,0.0,10
slow0-owned-v1-qps1000-n24,TPS,,V1,1018.9192947675402,48.789235029171564,0.900314097008588,10
slow0-owned-v1-qps1000-n24,TPS,,V2,1019.2640746732794,49.373287660929954,1.1096454285369366,10
slow0-owned-v1-qps1000-n24,attest. full p50 (s),,V1,nan,nan,nan,10
slow0-owned-v1-qps1000-n24,attest. full p50 (s),,V2,0.000547618347850232,6.158914576166777e-06,1.609787141431397e-06,10
slow0-owned-v1-qps1000-n24,attest. full p95 (s),,V1,nan,nan,nan,10
slow0-owned-v1-qps1000-n24,attest. full p95 (s),,V2,0.003144167197020169,0.00044201621486941283,0.00011136292971845944,10
slow0-owned-v1-qps1000-n24,attest. full p99 (s),,V1,nan,nan,nan,10
slow0-owned-v1-qps1000-n24,attest. full p99 (s),,V2,0.008034558587620215,0.0015056327432845624,0.0002879341520368992,10
slow0-owned-v1-qps1000-n24,attest. / sec,,V1,0.0,0.0,0.0,10
slow0-owned-v1-qps1000-n24,attest. / sec,,V2,991.326427356657,104.06446118106952,2.4311594272315236,10
slow0-owned-v1-qps1000-n24,host CPU,,V1,40.59340682418958,14.97593502918152,0.1289971710464226,10
slow0-owned-v1-qps1000-n24,host CPU,,V2,40.27478455988685,14.964400374229834,0.14718493419589473,10
slow0-owned-v1-qps1000-n24,rec. → exec. p50 (s),,V1,0.29991043240400084,0.05396016553080968,0.017772588546896274,10
slow0-owned-v1-qps1000-n24,rec. → exec. p50 (s),,V2,0.32837314485171554,0.054577312098232585,0.018075322380397392,10
slow0-owned-v1-qps1000-n24,rec. → exec. p95 (s),,V1,0.4788033486826802,0.007765079553600844,0.0025509741123274244,10
slow0-owned-v1-qps1000-n24,rec. → exec. p95 (s),,V2,0.48259173794351196,0.005929816701497614,0.0019489109344834983,10
slow0-owned-v1-qps1000-n24,rec. → exec. p99 (s),,V1,0.495760669736536,0.001553015910720169,0.0005101948224654846,10
slow0-owned-v1-qps1000-n24,rec. → exec. p99 (s),,V2,0.49651834758870234,0.0011859633402995238,0.00038978218689670355,10
slow0-owned-v1-qps1000-n24,pc valid. lat. p50 (s),,V1,0.0027721007270164336,0.0002158951491254236,7.00305945351395e-05,10
slow0-owned-v1-qps1000-n24,pc valid. lat. p50 (s),,V2,0.0026843634270588127,0.00019901273330448442,6.354013697483975e-05,10
slow0-owned-v1-qps1000-n24,pc valid. lat. p95 (s),,V1,0.004917885728587423,0.0001825011157710248,4.3317207833359726e-05,10
slow0-owned-v1-qps1000-n24,pc valid. lat. p95 (s),,V2,0.004842647360158255,2.9954454299441526e-05,7.949656538693783e-06,10
slow0-owned-v1-qps1000-n24,exec. lat. p95 (s),,V1,0.0007502399160677694,6.576737068934636e-05,1.935512757353893e-05,10
slow0-owned-v1-qps1000-n24,exec. lat. p95 (s),,V2,0.000806364668139522,5.985848205313959e-05,1.765309306951122e-05,10
slow0-owned-v1-qps1000-n24,valid. drop. / sec,,V1,0.0,0.0,0.0,10
slow0-owned-v1-qps1000-n24,valid. drop. / sec,,V2,0.0,0.0,0.0,10
slow0-owned-v1-qps1000-n24,final. lat. p50 (s),,V1,nan,nan,nan,10
slow0-owned-v1-qps1000-n24,final. lat. p50 (s),,V2,nan,nan,nan,10
slow0-owned-v1-qps1000-n24,final. lat. p95 (s),,V1,nan,nan,nan,10
slow0-owned-v1-qps1000-n24,final. lat. p95 (s),,V2,nan,nan,nan,10
slow0-owned-v1-qps1000-n24,final. lat. p99 (s),,V1,nan,nan,nan,10
slow0-owned-v1-qps1000-n24,final. lat. p99 (s),,V2,nan,nan,nan,10
slow0-owned-v1-qps1000-n24,submit lat. p50 (s),,V1,nan,nan,nan,10
slow0-owned-v1-qps1000-n24,submit lat. p50 (s),,V2,nan,nan,nan,10
slow0-owned-v1-qps1000-n24,submit lat. p95 (s),,V1,nan,nan,nan,10
slow0-owned-v1-qps1000-n24,submit lat. p95 (s),,V2,nan,nan,nan,10
slow0-owned-v1-qps1000-n24,ckpt lag p50 (s),,V1,0.17386641309729858,0.001416907031492772,0.0003742832293038668,10
slow0-owned-v1-qps1000-n24,ckpt lag p50 (s),,V2,0.17763218603699507,0.00998864227247853,0.00314010784090835,10
slow0-owned-v1-qps1000-n24,ckpt lag p95 (s),,V1,0.19837973085246122,0.0032466901177613293,0.0003964338199500866,10
slow0-owned-v1-qps1000-n24,ckpt lag p95 (s),,V2,0.20818794520371597,0.016953654962254785,0.005411836362983476,10
slow0-owned-v1-qps1000-n24,ckpt lag p99 (s),,V1,0.20916942278321132,0.015458813876235393,0.0036006872261980095,10
slow0-owned-v1-qps1000-n24,ckpt lag p99 (s),,V2,0.22516184969445227,0.02891308985394279,0.007486747402336536,10
slow0-owned-v1-qps1000-n24,exec. dispatch queue,,V1,97.6,45.44931242604227,15.149770808680755,10
slow0-owned-v1-qps1000-n24,exec. dispatch queue,,V2,153.9,74.28653983057765,24.762179943525883,10
slow0-owned-v1-qps1000-n24,pending txs,,V1,1.7,1.4177446878757827,0.47258156262526085,10
slow0-owned-v1-qps1000-n24,pending txs,,V2,2.0,1.4142135623730951,0.4714045207910317,10
slow0-owned-v1-qps1000-n24,exec. queue. delay p95 (s),,V1,0.004575339238133903,0.0007313904191435925,0.00010212015572593881,10
slow0-owned-v1-qps1000-n24,exec. queue. delay p95 (s),,V2,0.004764109803141229,0.0007150742541696289,8.139237722413317e-05,10
slow0-owned-v1-qps1000-n24,post-cons shed drops / sec,,V1,0.0,0.0,0.0,10
slow0-owned-v1-qps1000-n24,post-cons shed drops / sec,,V2,0.0,0.0,0.0,10
slow0-owned-v1-qps1000-n24,shed % quorum,,V1,0.0,0.0,0.0,10
slow0-owned-v1-qps1000-n24,shed % quorum,,V2,0.0,0.0,0.0,10
slow0-owned-v1-qps1000-n24,shed % local,,V1,0.0,0.0,0.0,10
slow0-owned-v1-qps1000-n24,shed % local,,V2,0.0,0.0,0.0,10
slow0-owned-v1-qps1000-n24,shed % cons-queue,,V1,0.0,0.0,0.0,10
slow0-owned-v1-qps1000-n24,shed % cons-queue,,V2,0.0,0.0,0.0,10
slow0-owned-v1-qps1000-n24,pre-cons overload rej / sec,,V1,nan,nan,nan,10
slow0-owned-v1-qps1000-n24,pre-cons overload rej / sec,,V2,nan,nan,nan,10
slow0-owned-v1-qps1000-n24,node CPU,,V1,2.11336545596698,0.31223017932297265,0.01096235113960081,10
slow0-owned-v1-qps1000-n24,node CPU,,V2,2.2696950884344282,0.34516717889498505,0.012637457307822602,10
slow0-owned-v1-qps1000-n24,node memory RSS (bytes),,V1,1020241225.936561,191416817.52158776,9354390.258315662,10
slow0-owned-v1-qps1000-n24,node memory RSS (bytes),,V2,1020234515.1680533,197921709.39400706,13258617.49271998,10
slow0-owned-v1-qps1000-n24,overload graduated / sec,,V1,nan,nan,nan,10
slow0-owned-v1-qps1000-n24,overload graduated / sec,,V2,nan,nan,nan,10
slow0-owned-v1-qps1000-n24,overload max-pending / sec,,V1,nan,nan,nan,10
slow0-owned-v1-qps1000-n24,overload max-pending / sec,,V2,nan,nan,nan,10
slow0-owned-v1-qps1000-n24,overload semaphore / sec,,V1,nan,nan,nan,10
slow0-owned-v1-qps1000-n24,overload semaphore / sec,,V2,nan,nan,nan,10
slow0-owned-v1-qps1000-n24,attest. exec p50 (s),,V1,nan,nan,nan,10
slow0-owned-v1-qps1000-n24,attest. exec p50 (s),,V2,0.0005012126776272421,3.184385539682761e-07,4.224337012459411e-08,10
slow0-owned-v1-qps1000-n24,attest. exec p95 (s),,V1,nan,nan,nan,10
slow0-owned-v1-qps1000-n24,attest. exec p95 (s),,V2,0.00095230408749176,6.050332525397263e-07,8.02624032367282e-08,10
slow0-owned-v1-qps1000-n24,attest. exec p99 (s),,V1,nan,nan,nan,10
slow0-owned-v1-qps1000-n24,attest. exec p99 (s),,V2,0.0009924011017019396,6.305083368571988e-07,8.364187284672002e-08,10
slow0-owned-v1-qps1000-n24,attest. wait p50 (s),,V1,nan,nan,nan,10
slow0-owned-v1-qps1000-n24,attest. wait p50 (s),,V2,0.0005369323218427696,5.512934038605108e-06,1.4429656049439085e-06,10
slow0-owned-v1-qps1000-n24,attest. wait p95 (s),,V1,nan,nan,nan,10
slow0-owned-v1-qps1000-n24,attest. wait p95 (s),,V2,0.002384684763095046,0.0006042152430838892,0.0001550749052155576,10
slow0-owned-v1-qps1000-n24,attest. wait p99 (s),,V1,nan,nan,nan,10
slow0-owned-v1-qps1000-n24,attest. wait p99 (s),,V2,0.007523241846838002,0.001514705090750358,0.00028785671722578193,10
slow0-owned-v1-qps1000-n24,attest. resume p50 (s),,V1,nan,nan,nan,10
slow0-owned-v1-qps1000-n24,attest. resume p50 (s),,V2,0.0005014668334074897,5.995808667629885e-07,9.128004617285645e-08,10
slow0-owned-v1-qps1000-n24,attest. resume p95 (s),,V1,nan,nan,nan,10
slow0-owned-v1-qps1000-n24,attest. resume p95 (s),,V2,0.0009527869834742302,1.1392036468496807e-06,1.7343208772842492e-07,10
slow0-owned-v1-qps1000-n24,attest. resume p99 (s),,V1,nan,nan,nan,10
slow0-owned-v1-qps1000-n24,attest. resume p99 (s),,V2,0.0009946330768481953,4.21072184337377e-05,1.776308697772061e-06,10
slow0-owned-v1-qps1000-n24,num_inflight,,V1,315.3,13.660527076214885,4.553509025404962,10
slow0-owned-v1-qps1000-n24,num_inflight,,V2,313.5,13.756816492197604,4.585605497399201,10
slow0-owned-v1-qps1000-n24,CUs,,V1,nan,nan,nan,10
slow0-owned-v1-qps1000-n24,CUs,,V2,1000.0,1.2924933567420428e-13,0.0,10
slow0-owned-v24-qps1000-n24,TPS,,V1,1017.1646634699796,66.07359770439884,1.174431614034394,10
slow0-owned-v24-qps1000-n24,TPS,,V2,1016.2425865607802,268.2308146281246,3.8276676048996756,10
slow0-owned-v24-qps1000-n24,attest. full p50 (s),,V1,nan,nan,nan,10
slow0-owned-v24-qps1000-n24,attest. full p50 (s),,V2,0.0005409795131994289,1.3048115376421605e-05,1.1106511556555323e-06,10
slow0-owned-v24-qps1000-n24,attest. full p95 (s),,V1,nan,nan,nan,10
slow0-owned-v24-qps1000-n24,attest. full p95 (s),,V2,0.002435671995731001,0.0006778914279446845,5.932246251195209e-05,10
slow0-owned-v24-qps1000-n24,attest. full p99 (s),,V1,nan,nan,nan,10
slow0-owned-v24-qps1000-n24,attest. full p99 (s),,V2,0.005027183932964578,0.0018252092605218024,0.00022651832991810855,10
slow0-owned-v24-qps1000-n24,attest. / sec,,V1,0.0,0.0,0.0,10
slow0-owned-v24-qps1000-n24,attest. / sec,,V2,171.6903394238284,11.012775605322105,0.4369273620748824,10
slow0-owned-v24-qps1000-n24,host CPU,,V1,40.725030399227585,14.589828146450136,0.13922186802130088,10
slow0-owned-v24-qps1000-n24,host CPU,,V2,40.94792818663146,14.932227265175893,0.06795178302831104,10
slow0-owned-v24-qps1000-n24,rec. → exec. p50 (s),,V1,0.3547427887377798,0.037203722699032334,0.010014306802987451,10
slow0-owned-v24-qps1000-n24,rec. → exec. p50 (s),,V2,0.33434615828918185,0.06195277283737815,0.016995275590610356,10
slow0-owned-v24-qps1000-n24,rec. → exec. p95 (s),,V1,0.4854220238971336,0.004210141755866453,0.0011317886831179735,10
slow0-owned-v24-qps1000-n24,rec. → exec. p95 (s),,V2,0.48221374721317817,0.008687023453906515,0.0023667842305050498,10
slow0-owned-v24-qps1000-n24,rec. → exec. p99 (s),,V1,0.49722632158103547,0.0011467845727763854,0.0002518250579556721,10
slow0-owned-v24-qps1000-n24,rec. → exec. p99 (s),,V2,0.4964427494426356,0.0017374046907813053,0.0004733568461010061,10
slow0-owned-v24-qps1000-n24,pc valid. lat. p50 (s),,V1,0.0027788531486608085,0.00011325437523408215,3.0786702225207094e-05,10
slow0-owned-v24-qps1000-n24,pc valid. lat. p50 (s),,V2,0.0026392731690404376,0.00016539395778218132,5.046316721726042e-05,10
slow0-owned-v24-qps1000-n24,pc valid. lat. p95 (s),,V1,0.004897587647007503,4.6289184391128793e-05,7.049150708102875e-06,10
slow0-owned-v24-qps1000-n24,pc valid. lat. p95 (s),,V2,0.004860574070296314,0.00023061683846424002,2.675726271436724e-05,10
slow0-owned-v24-qps1000-n24,exec. lat. p95 (s),,V1,0.0008194191674763186,0.00013840465423396907,2.290569415261167e-05,10
slow0-owned-v24-qps1000-n24,exec. lat. p95 (s),,V2,0.0008262686275575282,0.0004254550975606049,6.438534840522591e-05,10
slow0-owned-v24-qps1000-n24,valid. drop. / sec,,V1,0.0,0.0,0.0,10
slow0-owned-v24-qps1000-n24,valid. drop. / sec,,V2,0.0,0.0,0.0,10
slow0-owned-v24-qps1000-n24,final. lat. p50 (s),,V1,nan,nan,nan,10
slow0-owned-v24-qps1000-n24,final. lat. p50 (s),,V2,nan,nan,nan,10
slow0-owned-v24-qps1000-n24,final. lat. p95 (s),,V1,nan,nan,nan,10
slow0-owned-v24-qps1000-n24,final. lat. p95 (s),,V2,nan,nan,nan,10
slow0-owned-v24-qps1000-n24,final. lat. p99 (s),,V1,nan,nan,nan,10
slow0-owned-v24-qps1000-n24,final. lat. p99 (s),,V2,nan,nan,nan,10
slow0-owned-v24-qps1000-n24,submit lat. p50 (s),,V1,nan,nan,nan,10
slow0-owned-v24-qps1000-n24,submit lat. p50 (s),,V2,nan,nan,nan,10
slow0-owned-v24-qps1000-n24,submit lat. p95 (s),,V1,nan,nan,nan,10
slow0-owned-v24-qps1000-n24,submit lat. p95 (s),,V2,nan,nan,nan,10
slow0-owned-v24-qps1000-n24,ckpt lag p50 (s),,V1,0.17776622640171566,0.007298998868843575,0.002275181623928885,10
slow0-owned-v24-qps1000-n24,ckpt lag p50 (s),,V2,0.3929102766313692,1.5891911318275411,0.25436258400448103,10
slow0-owned-v24-qps1000-n24,ckpt lag p95 (s),,V1,0.2196909934594734,0.028003953107348368,0.00860382603571906,10
slow0-owned-v24-qps1000-n24,ckpt lag p95 (s),,V2,0.6139020918920901,2.702672138912069,0.48053908578107835,10
slow0-owned-v24-qps1000-n24,ckpt lag p99 (s),,V1,0.2399509293834821,0.053681643388443494,0.01678880530592149,10
slow0-owned-v24-qps1000-n24,ckpt lag p99 (s),,V2,0.6662601769637916,2.967810722503347,0.5339971327202319,10
slow0-owned-v24-qps1000-n24,exec. dispatch queue,,V1,133.8,85.63503955741481,28.545013185804937,10
slow0-owned-v24-qps1000-n24,exec. dispatch queue,,V2,165.4,81.63847132326768,27.212823774422557,10
slow0-owned-v24-qps1000-n24,pending txs,,V1,2.1,1.374772708486752,0.45825756949558394,10
slow0-owned-v24-qps1000-n24,pending txs,,V2,3.3,3.4942810419312296,1.1647603473104098,10
slow0-owned-v24-qps1000-n24,exec. queue. delay p95 (s),,V1,0.00543175861534136,0.0021898028735582308,0.00047621954966459525,10
slow0-owned-v24-qps1000-n24,exec. queue. delay p95 (s),,V2,0.006442033353634305,0.011714147592698208,0.001733152917288159,10
slow0-owned-v24-qps1000-n24,post-cons shed drops / sec,,V1,0.0,0.0,0.0,10
slow0-owned-v24-qps1000-n24,post-cons shed drops / sec,,V2,0.0,0.0,0.0,10
slow0-owned-v24-qps1000-n24,shed % quorum,,V1,0.0,0.0,0.0,10
slow0-owned-v24-qps1000-n24,shed % quorum,,V2,0.0,0.0,0.0,10
slow0-owned-v24-qps1000-n24,shed % local,,V1,0.0,0.0,0.0,10
slow0-owned-v24-qps1000-n24,shed % local,,V2,0.0,0.0,0.0,10
slow0-owned-v24-qps1000-n24,shed % cons-queue,,V1,0.0,0.0,0.0,10
slow0-owned-v24-qps1000-n24,shed % cons-queue,,V2,0.0,0.0,0.0,10
slow0-owned-v24-qps1000-n24,pre-cons overload rej / sec,,V1,nan,nan,nan,10
slow0-owned-v24-qps1000-n24,pre-cons overload rej / sec,,V2,nan,nan,nan,10
slow0-owned-v24-qps1000-n24,node CPU,,V1,1.8513540562503294,0.27359787063484436,0.009702305958619152,10
slow0-owned-v24-qps1000-n24,node CPU,,V2,1.8900572877402888,0.2447589413364889,0.0052604113687057885,10
slow0-owned-v24-qps1000-n24,node memory RSS (bytes),,V1,915143983.973466,165569202.27356666,5174159.472149179,10
slow0-owned-v24-qps1000-n24,node memory RSS (bytes),,V2,917138990.2341137,162140012.39426196,12472278.283400327,10
slow0-owned-v24-qps1000-n24,overload graduated / sec,,V1,nan,nan,nan,10
slow0-owned-v24-qps1000-n24,overload graduated / sec,,V2,nan,nan,nan,10
slow0-owned-v24-qps1000-n24,overload max-pending / sec,,V1,nan,nan,nan,10
slow0-owned-v24-qps1000-n24,overload max-pending / sec,,V2,nan,nan,nan,10
slow0-owned-v24-qps1000-n24,overload semaphore / sec,,V1,nan,nan,nan,10
slow0-owned-v24-qps1000-n24,overload semaphore / sec,,V2,nan,nan,nan,10
slow0-owned-v24-qps1000-n24,attest. exec p50 (s),,V1,nan,nan,nan,10
slow0-owned-v24-qps1000-n24,attest. exec p50 (s),,V2,0.0005016952719005575,4.891788523026042e-07,5.757591330313308e-08,10
slow0-owned-v24-qps1000-n24,attest. exec p95 (s),,V1,nan,nan,nan,10
slow0-owned-v24-qps1000-n24,attest. exec p95 (s),,V2,0.0009532210166110594,9.294398193749574e-07,1.093942352759523e-07,10
slow0-owned-v24-qps1000-n24,attest. exec p99 (s),,V1,nan,nan,nan,10
slow0-owned-v24-qps1000-n24,attest. exec p99 (s),,V2,0.0009933566383631038,9.685741275591654e-07,1.1400030834020219e-07,10
slow0-owned-v24-qps1000-n24,attest. wait p50 (s),,V1,nan,nan,nan,10
slow0-owned-v24-qps1000-n24,attest. wait p50 (s),,V2,0.0005266949228592126,1.0213743989635937e-05,9.051310387847616e-07,10
slow0-owned-v24-qps1000-n24,attest. wait p95 (s),,V1,nan,nan,nan,10
slow0-owned-v24-qps1000-n24,attest. wait p95 (s),,V2,0.001212722354264914,0.0006613954721325428,8.217001717767302e-05,10
slow0-owned-v24-qps1000-n24,attest. wait p99 (s),,V1,nan,nan,nan,10
slow0-owned-v24-qps1000-n24,attest. wait p99 (s),,V2,0.0047275398297595885,0.0017493341361231973,0.00019483278604128068,10
slow0-owned-v24-qps1000-n24,attest. resume p50 (s),,V1,nan,nan,nan,10
slow0-owned-v24-qps1000-n24,attest. resume p50 (s),,V2,0.000502173894234049,1.4339965745562821e-06,1.5556986634111526e-07,10
slow0-owned-v24-qps1000-n24,attest. resume p95 (s),,V1,nan,nan,nan,10
slow0-owned-v24-qps1000-n24,attest. resume p95 (s),,V2,0.0009541303990446928,2.724593491656941e-06,2.955827460481362e-07,10
slow0-owned-v24-qps1000-n24,attest. resume p99 (s),,V1,nan,nan,nan,10
slow0-owned-v24-qps1000-n24,attest. resume p99 (s),,V2,0.0010375655503749492,0.0003168561707783681,4.2773197052266945e-05,10
slow0-owned-v24-qps1000-n24,num_inflight,,V1,69.1,9.637945839233588,3.212648613077862,10
slow0-owned-v24-qps1000-n24,num_inflight,,V2,66.1,4.657252408878008,1.5524174696260025,10
slow0-owned-v24-qps1000-n24,CUs,,V1,nan,nan,nan,10
slow0-owned-v24-qps1000-n24,CUs,,V2,1000.0,1.3568552502885276e-13,0.0,10
slow0-owned-f1-qps2000-n24,TPS,,V1,1644.4255044026002,707.90087720836,171.2292474473558,10
slow0-owned-f1-qps2000-n24,TPS,,V2,1914.1609605300198,344.2568156384439,21.59232079550564,10
slow0-owned-f1-qps2000-n24,attest. full p50 (s),,V1,nan,nan,nan,10
slow0-owned-f1-qps2000-n24,attest. full p50 (s),,V2,0.0005739749280583163,0.0001315032177051155,8.1861013355819e-06,10
slow0-owned-f1-qps2000-n24,attest. full p95 (s),,V1,nan,nan,nan,10
slow0-owned-f1-qps2000-n24,attest. full p95 (s),,V2,0.003511391076648185,0.00037299006622421217,4.013538287089691e-05,10
slow0-owned-f1-qps2000-n24,attest. full p99 (s),,V1,nan,nan,nan,10
slow0-owned-f1-qps2000-n24,attest. full p99 (s),,V2,0.005883958421327057,0.001083928979369344,0.00018214677413135483,10
slow0-owned-f1-qps2000-n24,attest. / sec,,V1,0.0,0.0,0.0,10
slow0-owned-f1-qps2000-n24,attest. / sec,,V2,326.2046051131181,49.36389798814765,4.1189566666823785,10
slow0-owned-f1-qps2000-n24,host CPU,,V1,36.318066603679625,32.381059373628325,0.5708879418043,10
slow0-owned-f1-qps2000-n24,host CPU,,V2,37.13104871189452,33.74676870891029,0.12418484987873571,10
slow0-owned-f1-qps2000-n24,rec. → exec. p50 (s),,V1,0.3716015475795733,0.024241756528668106,0.002522781597834137,10
slow0-owned-f1-qps2000-n24,rec. → exec. p50 (s),,V2,0.37032597049277804,0.017675247114645683,0.004048663746457486,10
slow0-owned-f1-qps2000-n24,rec. → exec. p95 (s),,V1,0.4842811924406379,0.02783920038309167,0.0028603255142996345,10
slow0-owned-f1-qps2000-n24,rec. → exec. p95 (s),,V2,0.48951877322098314,0.02543678631587365,0.0024506431149371464,10
slow0-owned-f1-qps2000-n24,rec. → exec. p99 (s),,V1,0.49915280058360506,0.048291181058549563,0.005856979624885825,10
slow0-owned-f1-qps2000-n24,rec. → exec. p99 (s),,V2,0.5137595085646519,0.07363530221299479,0.015700570681492,10
slow0-owned-f1-qps2000-n24,pc valid. lat. p50 (s),,V1,0.0028267934639877182,0.0012251859962872412,0.000296015698217097,10
slow0-owned-f1-qps2000-n24,pc valid. lat. p50 (s),,V2,0.003040212249089126,0.0005803019586544163,4.291881532973579e-05,10
slow0-owned-f1-qps2000-n24,pc valid. lat. p95 (s),,V1,0.008007363113617882,0.003013441689279848,0.0007192486675293984,10
slow0-owned-f1-qps2000-n24,pc valid. lat. p95 (s),,V2,0.008334802680280388,0.0015876170785212916,0.00014117079256867592,10
slow0-owned-f1-qps2000-n24,exec. lat. p95 (s),,V1,0.001233530450910946,0.0008909808450324898,4.775343305580624e-05,10
slow0-owned-f1-qps2000-n24,exec. lat. p95 (s),,V2,0.0012530862414228113,0.0005242868186983822,0.00010222526414690234,10
slow0-owned-f1-qps2000-n24,valid. drop. / sec,,V1,0.0,0.0,0.0,10
slow0-owned-f1-qps2000-n24,valid. drop. / sec,,V2,0.0,0.0,0.0,10
slow0-owned-f1-qps2000-n24,final. lat. p50 (s),,V1,0.28159045290657897,0.013804442712925311,0.0019417329459581812,10
slow0-owned-f1-qps2000-n24,final. lat. p50 (s),,V2,0.28016749045447353,0.012444380634713202,0.003633294331560388,10
slow0-owned-f1-qps2000-n24,final. lat. p95 (s),,V1,0.3473678202854092,0.038104897982199425,0.0031580897725585755,10
slow0-owned-f1-qps2000-n24,final. lat. p95 (s),,V2,0.34951300581994416,0.04910483614325935,0.013958821911443294,10
slow0-owned-f1-qps2000-n24,final. lat. p99 (s),,V1,0.3800935461202851,0.05223730803596586,0.0054378027114266895,10
slow0-owned-f1-qps2000-n24,final. lat. p99 (s),,V2,0.3865562312034351,0.0699437446761549,0.02027394370672372,10
slow0-owned-f1-qps2000-n24,submit lat. p50 (s),,V1,0.005915909039508946,0.004048604710391796,0.00021774416883093772,10
slow0-owned-f1-qps2000-n24,submit lat. p50 (s),,V2,0.006462937900507332,0.0013916745854968752,0.00020631311551110574,10
slow0-owned-f1-qps2000-n24,submit lat. p95 (s),,V1,0.035719816372551345,0.032390099046396274,0.003109594506069566,10
slow0-owned-f1-qps2000-n24,submit lat. p95 (s),,V2,0.03484196217318661,0.014771571572275096,0.002914114171869116,10
slow0-owned-f1-qps2000-n24,ckpt lag p50 (s),,V1,1.3095550618054659,3.7507993426625674,0.998392341702252,10
slow0-owned-f1-qps2000-n24,ckpt lag p50 (s),,V2,0.178096229393351,0.005026571479313779,0.0013375573165974213,10
slow0-owned-f1-qps2000-n24,ckpt lag p95 (s),,V1,1.9694153980004796,5.555697883158194,1.549313546740664,10
slow0-owned-f1-qps2000-n24,ckpt lag p95 (s),,V2,0.24660702719003674,0.23095224561940125,0.03473997312024896,10
slow0-owned-f1-qps2000-n24,ckpt lag p99 (s),,V1,2.1026590428177663,5.865599284658902,1.6424755626858618,10
slow0-owned-f1-qps2000-n24,ckpt lag p99 (s),,V2,0.27978312889048595,0.2725562724905792,0.043014062626693716,10
slow0-owned-f1-qps2000-n24,exec. dispatch queue,,V1,401.3,67.9338648981493,22.644621632716426,10
slow0-owned-f1-qps2000-n24,exec. dispatch queue,,V2,504.2,152.02618195560922,50.675393985203065,10
slow0-owned-f1-qps2000-n24,pending txs,,V1,3.3,0.6403124237432849,0.21343747458109494,10
slow0-owned-f1-qps2000-n24,pending txs,,V2,3.8,1.469693845669907,0.4898979485566356,10
slow0-owned-f1-qps2000-n24,exec. queue. delay p95 (s),,V1,0.02858979583831366,0.013742114231533277,0.0012073415250426882,10
slow0-owned-f1-qps2000-n24,exec. queue. delay p95 (s),,V2,0.030804716501753295,0.024083406754068278,0.0052796577498336016,10
slow0-owned-f1-qps2000-n24,post-cons shed drops / sec,,V1,0.0,0.0,0.0,10
slow0-owned-f1-qps2000-n24,post-cons shed drops / sec,,V2,0.0,0.0,0.0,10
slow0-owned-f1-qps2000-n24,shed % quorum,,V1,0.0,0.0,0.0,10
slow0-owned-f1-qps2000-n24,shed % quorum,,V2,0.0,0.0,0.0,10
slow0-owned-f1-qps2000-n24,shed % local,,V1,1.5,4.5,1.5,10
slow0-owned-f1-qps2000-n24,shed % local,,V2,1.1,3.3,1.0999999999999999,10
slow0-owned-f1-qps2000-n24,shed % cons-queue,,V1,0.0,0.0,0.0,10
slow0-owned-f1-qps2000-n24,shed % cons-queue,,V2,0.0,0.0,0.0,10
slow0-owned-f1-qps2000-n24,pre-cons overload rej / sec,,V1,nan,nan,nan,10
slow0-owned-f1-qps2000-n24,pre-cons overload rej / sec,,V2,nan,nan,nan,10
slow0-owned-f1-qps2000-n24,node CPU,,V1,2.3690129831309785,0.6402482941369328,0.12726676965335884,10
slow0-owned-f1-qps2000-n24,node CPU,,V2,2.614427845413034,0.4758952086177465,0.008635685246606014,10
slow0-owned-f1-qps2000-n24,node memory RSS (bytes),,V1,1084229128.9824562,311550846.21412873,36696357.553127944,10
slow0-owned-f1-qps2000-n24,node memory RSS (bytes),,V2,1145080503.6698413,304067379.29669493,10335101.461424194,10
slow0-owned-f1-qps2000-n24,overload graduated / sec,,V1,nan,nan,nan,10
slow0-owned-f1-qps2000-n24,overload graduated / sec,,V2,nan,nan,nan,10
slow0-owned-f1-qps2000-n24,overload max-pending / sec,,V1,nan,nan,nan,10
slow0-owned-f1-qps2000-n24,overload max-pending / sec,,V2,nan,nan,nan,10
slow0-owned-f1-qps2000-n24,overload semaphore / sec,,V1,nan,nan,nan,10
slow0-owned-f1-qps2000-n24,overload semaphore / sec,,V2,nan,nan,nan,10
slow0-owned-f1-qps2000-n24,attest. exec p50 (s),,V1,nan,nan,nan,10
slow0-owned-f1-qps2000-n24,attest. exec p50 (s),,V2,0.0005100197625094199,0.00013443552950612742,7.372728658035933e-06,10
slow0-owned-f1-qps2000-n24,attest. exec p95 (s),,V1,nan,nan,nan,10
slow0-owned-f1-qps2000-n24,attest. exec p95 (s),,V2,0.0009706921904225393,0.0002453905001091855,1.5600745680031214e-05,10
slow0-owned-f1-qps2000-n24,attest. exec p99 (s),,V1,nan,nan,nan,10
slow0-owned-f1-qps2000-n24,attest. exec p99 (s),,V2,0.0010139404756433052,0.00026274092450970005,1.8056646100194635e-05,10
slow0-owned-f1-qps2000-n24,attest. wait p50 (s),,V1,nan,nan,nan,10
slow0-owned-f1-qps2000-n24,attest. wait p50 (s),,V2,0.0005434576225205394,9.675662733460138e-06,1.096687832354688e-06,10
slow0-owned-f1-qps2000-n24,attest. wait p95 (s),,V1,nan,nan,nan,10
slow0-owned-f1-qps2000-n24,attest. wait p95 (s),,V2,0.002631338544527659,0.0004901631402039002,6.138824353129623e-05,10
slow0-owned-f1-qps2000-n24,attest. wait p99 (s),,V1,nan,nan,nan,10
slow0-owned-f1-qps2000-n24,attest. wait p99 (s),,V2,0.005234894316836491,0.0009424069184312139,0.00012568978301587003,10
slow0-owned-f1-qps2000-n24,attest. resume p50 (s),,V1,nan,nan,nan,10
slow0-owned-f1-qps2000-n24,attest. resume p50 (s),,V2,0.0005034555538580265,1.1336594699842697e-06,1.1455461136119473e-07,10
slow0-owned-f1-qps2000-n24,attest. resume p95 (s),,V1,nan,nan,nan,10
slow0-owned-f1-qps2000-n24,attest. resume p95 (s),,V2,0.0009565655523302504,2.1539529929701147e-06,2.1765376158628426e-07,10
slow0-owned-f1-qps2000-n24,attest. resume p99 (s),,V1,nan,nan,nan,10
slow0-owned-f1-qps2000-n24,attest. resume p99 (s),,V2,0.0010223365520304773,0.00021529860743615275,2.1689752011389238e-05,10
slow0-owned-f1-qps2000-n24,num_inflight,,V1,131.7,16.61956678135745,5.539855593785816,10
slow0-owned-f1-qps2000-n24,num_inflight,,V2,127.6,18.331393836803574,6.110464612267857,10
slow0-owned-f1-qps2000-n24,CUs,,V1,nan,nan,nan,10
slow0-owned-f1-qps2000-n24,CUs,,V2,1000.0,1.3310052055364113e-13,0.0,10
slow0-owned-v1-qps2000-n24,TPS,,V1,2005.0637453727086,167.18950835104016,3.023949104656406,10
slow0-owned-v1-qps2000-n24,TPS,,V2,2007.94088900426,155.91309710301292,2.471761909448603,10
slow0-owned-v1-qps2000-n24,attest. full p50 (s),,V1,nan,nan,nan,10
slow0-owned-v1-qps2000-n24,attest. full p50 (s),,V2,0.0005702464436555179,8.659613104810398e-06,2.1922835059688273e-06,10
slow0-owned-v1-qps2000-n24,attest. full p95 (s),,V1,nan,nan,nan,10
slow0-owned-v1-qps2000-n24,attest. full p95 (s),,V2,0.004240362009094247,0.00039518695698465944,9.17436059600544e-05,10
slow0-owned-v1-qps2000-n24,attest. full p99 (s),,V1,nan,nan,nan,10
slow0-owned-v1-qps2000-n24,attest. full p99 (s),,V2,0.01205593205896198,0.0029214497701372188,0.0005333217537557268,10
slow0-owned-v1-qps2000-n24,attest. / sec,,V1,0.0,0.0,0.0,10
slow0-owned-v1-qps2000-n24,attest. / sec,,V2,1987.5569537037036,225.33767104831247,5.629991478439572,10
slow0-owned-v1-qps2000-n24,host CPU,,V1,57.40495410447689,20.391073063452875,0.1762194530249321,10
slow0-owned-v1-qps2000-n24,host CPU,,V2,57.587537787257666,20.612374626193056,0.19835265889517012,10
slow0-owned-v1-qps2000-n24,rec. → exec. p50 (s),,V1,0.3045190079308757,0.04315327013101265,0.01378603186852127,10
slow0-owned-v1-qps2000-n24,rec. → exec. p50 (s),,V2,0.2979412726740885,0.052760992643362016,0.017302405880480088,10
slow0-owned-v1-qps2000-n24,rec. → exec. p95 (s),,V1,0.4807405679447173,0.005084674508931755,0.0014569589627688102,10
slow0-owned-v1-qps2000-n24,rec. → exec. p95 (s),,V2,0.47962479141757564,0.005889941323256125,0.0018565636424035094,10
slow0-owned-v1-qps2000-n24,rec. → exec. p99 (s),,V1,0.5084210155630265,0.058695484709994236,0.008473265385971413,10
slow0-owned-v1-qps2000-n24,rec. → exec. p99 (s),,V2,0.5011886994572552,0.0405220563838285,0.005338742592365506,10
slow0-owned-v1-qps2000-n24,pc valid. lat. p50 (s),,V1,0.0031873793761599593,0.0001304039332377589,1.7036247598772913e-05,10
slow0-owned-v1-qps2000-n24,pc valid. lat. p50 (s),,V2,0.003023563761161811,8.683231874139542e-05,1.9323809044912557e-05,10
slow0-owned-v1-qps2000-n24,pc valid. lat. p95 (s),,V1,0.009729496556536432,0.0012177960564886295,0.000336204222752336,10
slow0-owned-v1-qps2000-n24,pc valid. lat. p95 (s),,V2,0.00815797381699116,0.001122113551819134,0.00031990826980710096,10
slow0-owned-v1-qps2000-n24,exec. lat. p95 (s),,V1,0.0016976876524803142,0.00024145607224990506,5.264369843610148e-05,10
slow0-owned-v1-qps2000-n24,exec. lat. p95 (s),,V2,0.0016916948954494198,0.00025352353393072544,5.491812164276076e-05,10
slow0-owned-v1-qps2000-n24,valid. drop. / sec,,V1,0.0,0.0,0.0,10
slow0-owned-v1-qps2000-n24,valid. drop. / sec,,V2,0.0,0.0,0.0,10
slow0-owned-v1-qps2000-n24,final. lat. p50 (s),,V1,nan,nan,nan,10
slow0-owned-v1-qps2000-n24,final. lat. p50 (s),,V2,nan,nan,nan,10
slow0-owned-v1-qps2000-n24,final. lat. p95 (s),,V1,nan,nan,nan,10
slow0-owned-v1-qps2000-n24,final. lat. p95 (s),,V2,nan,nan,nan,10
slow0-owned-v1-qps2000-n24,final. lat. p99 (s),,V1,nan,nan,nan,10
slow0-owned-v1-qps2000-n24,final. lat. p99 (s),,V2,nan,nan,nan,10
slow0-owned-v1-qps2000-n24,submit lat. p50 (s),,V1,nan,nan,nan,10
slow0-owned-v1-qps2000-n24,submit lat. p50 (s),,V2,nan,nan,nan,10
slow0-owned-v1-qps2000-n24,submit lat. p95 (s),,V1,nan,nan,nan,10
slow0-owned-v1-qps2000-n24,submit lat. p95 (s),,V2,nan,nan,nan,10
slow0-owned-v1-qps2000-n24,ckpt lag p50 (s),,V1,0.17647325391076504,0.001492542030048304,0.0003149401743200262,10
slow0-owned-v1-qps2000-n24,ckpt lag p50 (s),,V2,0.17830784931460442,0.008085813925616017,0.0019006000400604058,10
slow0-owned-v1-qps2000-n24,ckpt lag p95 (s),,V1,0.2124516058749042,0.022780576815291522,0.005414136924824744,10
slow0-owned-v1-qps2000-n24,ckpt lag p95 (s),,V2,0.2095118748612722,0.016460839742801103,0.005104148164747981,10
slow0-owned-v1-qps2000-n24,ckpt lag p99 (s),,V1,0.2506637503362848,0.04755199356551735,0.012742204204495426,10
slow0-owned-v1-qps2000-n24,ckpt lag p99 (s),,V2,0.2359784531254934,0.018385044565778844,0.003881357541271,10
slow0-owned-v1-qps2000-n24,exec. dispatch queue,,V1,428.3,107.85735950782403,35.952453169274676,10
slow0-owned-v1-qps2000-n24,exec. dispatch queue,,V2,358.2,92.0932136479122,30.697737882637398,10
slow0-owned-v1-qps2000-n24,pending txs,,V1,3.0,1.0954451150103321,0.3651483716701107,10
slow0-owned-v1-qps2000-n24,pending txs,,V2,3.3,0.45825756949558405,0.15275252316519466,10
slow0-owned-v1-qps2000-n24,exec. queue. delay p95 (s),,V1,0.022515036284487835,0.005277481041414484,0.0009234066558725341,10
slow0-owned-v1-qps2000-n24,exec. queue. delay p95 (s),,V2,0.020815346991249466,0.004614799516212968,0.0010604765438246668,10
slow0-owned-v1-qps2000-n24,post-cons shed drops / sec,,V1,0.0,0.0,0.0,10
slow0-owned-v1-qps2000-n24,post-cons shed drops / sec,,V2,0.0,0.0,0.0,10
slow0-owned-v1-qps2000-n24,shed % quorum,,V1,0.0,0.0,0.0,10
slow0-owned-v1-qps2000-n24,shed % quorum,,V2,0.0,0.0,0.0,10
slow0-owned-v1-qps2000-n24,shed % local,,V1,0.0,0.0,0.0,10
slow0-owned-v1-qps2000-n24,shed % local,,V2,0.0,0.0,0.0,10
slow0-owned-v1-qps2000-n24,shed % cons-queue,,V1,0.0,0.0,0.0,10
slow0-owned-v1-qps2000-n24,shed % cons-queue,,V2,0.0,0.0,0.0,10
slow0-owned-v1-qps2000-n24,pre-cons overload rej / sec,,V1,nan,nan,nan,10
slow0-owned-v1-qps2000-n24,pre-cons overload rej / sec,,V2,nan,nan,nan,10
slow0-owned-v1-qps2000-n24,node CPU,,V1,3.1512642079138504,0.46498073300169906,0.013309508957839729,10
slow0-owned-v1-qps2000-n24,node CPU,,V2,3.5240667050791057,0.5236382036146942,0.013361454635198207,10
slow0-owned-v1-qps2000-n24,node memory RSS (bytes),,V1,1350185616.1553397,316596004.6313824,7610154.077019503,10
slow0-owned-v1-qps2000-n24,node memory RSS (bytes),,V2,1350382917.8933764,316791874.3144628,6470924.76899635,10
slow0-owned-v1-qps2000-n24,overload graduated / sec,,V1,nan,nan,nan,10
slow0-owned-v1-qps2000-n24,overload graduated / sec,,V2,nan,nan,nan,10
slow0-owned-v1-qps2000-n24,overload max-pending / sec,,V1,nan,nan,nan,10
slow0-owned-v1-qps2000-n24,overload max-pending / sec,,V2,nan,nan,nan,10
slow0-owned-v1-qps2000-n24,overload semaphore / sec,,V1,nan,nan,nan,10
slow0-owned-v1-qps2000-n24,overload semaphore / sec,,V2,nan,nan,nan,10
slow0-owned-v1-qps2000-n24,attest. exec p50 (s),,V1,nan,nan,nan,10
slow0-owned-v1-qps2000-n24,attest. exec p50 (s),,V2,0.0005018939374018351,3.3723322638647955e-07,5.876047980365328e-08,10
slow0-owned-v1-qps2000-n24,attest. exec p95 (s),,V1,nan,nan,nan,10
slow0-owned-v1-qps2000-n24,attest. exec p95 (s),,V2,0.0009535984810634866,6.407431301343084e-07,1.1164491162693317e-07,10
slow0-owned-v1-qps2000-n24,attest. exec p99 (s),,V1,nan,nan,nan,10
slow0-owned-v1-qps2000-n24,attest. exec p99 (s),,V2,0.0009937499960556333,6.677217882452193e-07,1.163457500112064e-07,10
slow0-owned-v1-qps2000-n24,attest. wait p50 (s),,V1,nan,nan,nan,10
slow0-owned-v1-qps2000-n24,attest. wait p50 (s),,V2,0.0005549385017803196,7.245326934835891e-06,1.8583827639853466e-06,10
slow0-owned-v1-qps2000-n24,attest. wait p95 (s),,V1,nan,nan,nan,10
slow0-owned-v1-qps2000-n24,attest. wait p95 (s),,V2,0.0037821687677596213,0.0004854133010733585,0.00011958982303072899,10
slow0-owned-v1-qps2000-n24,attest. wait p99 (s),,V1,nan,nan,nan,10
slow0-owned-v1-qps2000-n24,attest. wait p99 (s),,V2,0.01105192497434449,0.002737125658454551,0.000497019587154223,10
slow0-owned-v1-qps2000-n24,attest. resume p50 (s),,V1,nan,nan,nan,10
slow0-owned-v1-qps2000-n24,attest. resume p50 (s),,V2,0.0005036622859694662,1.1038042388226035e-06,2.0276797031773238e-07,10
slow0-owned-v1-qps2000-n24,attest. resume p95 (s),,V1,nan,nan,nan,10
slow0-owned-v1-qps2000-n24,attest. resume p95 (s),,V2,0.0009569583433419856,2.0972280537629434e-06,3.852591436037063e-07,10
slow0-owned-v1-qps2000-n24,attest. resume p99 (s),,V1,nan,nan,nan,10
slow0-owned-v1-qps2000-n24,attest. resume p99 (s),,V2,0.0010537261553517426,0.000288344977490368,3.4553706010111755e-05,10
slow0-owned-v1-qps2000-n24,num_inflight,,V1,784.6,243.06344850676336,81.02114950225445,10
slow0-owned-v1-qps2000-n24,num_inflight,,V2,665.9,48.26064649380487,16.086882164601622,10
slow0-owned-v1-qps2000-n24,CUs,,V1,nan,nan,nan,10
slow0-owned-v1-qps2000-n24,CUs,,V2,1000.0,1.4069942317092509e-13,0.0,10
slow0-owned-v24-qps2000-n24,TPS,,V1,2002.4789508848062,157.49641160387864,1.9169206764084856,10
slow0-owned-v24-qps2000-n24,TPS,,V2,1997.3727052090746,504.24751900838163,6.899123198579612,10
slow0-owned-v24-qps2000-n24,attest. full p50 (s),,V1,nan,nan,nan,10
slow0-owned-v24-qps2000-n24,attest. full p50 (s),,V2,0.0005635509117462666,2.116923535113324e-05,1.7378007401837897e-06,10
slow0-owned-v24-qps2000-n24,attest. full p95 (s),,V1,nan,nan,nan,10
slow0-owned-v24-qps2000-n24,attest. full p95 (s),,V2,0.0034677411953026355,0.0007890685973178425,4.353686059116768e-05,10
slow0-owned-v24-qps2000-n24,attest. full p99 (s),,V1,nan,nan,nan,10
slow0-owned-v24-qps2000-n24,attest. full p99 (s),,V2,0.006341799303180131,0.002155687392628007,0.0002933844547835494,10
slow0-owned-v24-qps2000-n24,attest. / sec,,V1,0.0,0.0,0.0,10
slow0-owned-v24-qps2000-n24,attest. / sec,,V2,340.7161655850079,29.566442168008905,1.2570459790461852,10
slow0-owned-v24-qps2000-n24,host CPU,,V1,58.20871792717033,20.66859235920941,0.2123585236773346,10
slow0-owned-v24-qps2000-n24,host CPU,,V2,58.20487379201419,20.90057681424923,0.24385393749642517,10
slow0-owned-v24-qps2000-n24,rec. → exec. p50 (s),,V1,0.36722051993048793,0.01981599807749722,0.00443280692279488,10
slow0-owned-v24-qps2000-n24,rec. → exec. p50 (s),,V2,0.3351227463896803,0.05460282278486541,0.014896313338518987,10
slow0-owned-v24-qps2000-n24,rec. → exec. p95 (s),,V1,0.486707141334927,0.0028672462438010236,0.0004674814839148179,10
slow0-owned-v24-qps2000-n24,rec. → exec. p95 (s),,V2,0.4833671766305583,0.005903796434697886,0.0015695781488824594,10
slow0-owned-v24-qps2000-n24,rec. → exec. p99 (s),,V1,0.5014973733485404,0.028740738404146007,0.0039321288754336,10
slow0-owned-v24-qps2000-n24,rec. → exec. p99 (s),,V2,0.49945753947617016,0.015876490906960073,0.0019602409156591117,10
slow0-owned-v24-qps2000-n24,pc valid. lat. p50 (s),,V1,0.003418134143114765,0.00013564325423011243,3.6078094083103154e-05,10
slow0-owned-v24-qps2000-n24,pc valid. lat. p50 (s),,V2,0.00315957119558702,0.00012760052692747942,1.0650392761380439e-05,10
slow0-owned-v24-qps2000-n24,pc valid. lat. p95 (s),,V1,0.009166130931193325,0.0005552272097450123,0.00015168083719742763,10
slow0-owned-v24-qps2000-n24,pc valid. lat. p95 (s),,V2,0.008229246649859976,0.0016582186236572148,0.00019927423201588273,10
slow0-owned-v24-qps2000-n24,exec. lat. p95 (s),,V1,0.0013856501309785292,0.00023917385724291055,4.114502635963509e-05,10
slow0-owned-v24-qps2000-n24,exec. lat. p95 (s),,V2,0.0014192255682137346,0.0006609085040125858,8.76802140384604e-05,10
slow0-owned-v24-qps2000-n24,valid. drop. / sec,,V1,0.0,0.0,0.0,10
slow0-owned-v24-qps2000-n24,valid. drop. / sec,,V2,0.0,0.0,0.0,10
slow0-owned-v24-qps2000-n24,final. lat. p50 (s),,V1,nan,nan,nan,10
slow0-owned-v24-qps2000-n24,final. lat. p50 (s),,V2,nan,nan,nan,10
slow0-owned-v24-qps2000-n24,final. lat. p95 (s),,V1,nan,nan,nan,10
slow0-owned-v24-qps2000-n24,final. lat. p95 (s),,V2,nan,nan,nan,10
slow0-owned-v24-qps2000-n24,final. lat. p99 (s),,V1,nan,nan,nan,10
slow0-owned-v24-qps2000-n24,final. lat. p99 (s),,V2,nan,nan,nan,10
slow0-owned-v24-qps2000-n24,submit lat. p50 (s),,V1,nan,nan,nan,10
slow0-owned-v24-qps2000-n24,submit lat. p50 (s),,V2,nan,nan,nan,10
slow0-owned-v24-qps2000-n24,submit lat. p95 (s),,V1,nan,nan,nan,10
slow0-owned-v24-qps2000-n24,submit lat. p95 (s),,V2,nan,nan,nan,10
slow0-owned-v24-qps2000-n24,ckpt lag p50 (s),,V1,0.1780482723497913,0.005122148046255589,0.001538487454534412,10
slow0-owned-v24-qps2000-n24,ckpt lag p50 (s),,V2,0.445997874078386,1.8190577200539368,0.31088010824621776,10
slow0-owned-v24-qps2000-n24,ckpt lag p95 (s),,V1,0.2104408113134972,0.01760152008620116,0.005178351711391375,10
slow0-owned-v24-qps2000-n24,ckpt lag p95 (s),,V2,0.6635243481857911,2.7763164757305634,0.5282075077022372,10
slow0-owned-v24-qps2000-n24,ckpt lag p99 (s),,V1,0.23885117785997814,0.02399434446714463,0.004035163611949742,10
slow0-owned-v24-qps2000-n24,ckpt lag p99 (s),,V2,0.7342867996493049,3.029171629940293,0.5806265909709475,10
slow0-owned-v24-qps2000-n24,exec. dispatch queue,,V1,359.4,117.39863713007915,39.132879043359715,10
slow0-owned-v24-qps2000-n24,exec. dispatch queue,,V2,469.3,106.3804963327395,35.46016544424649,10
slow0-owned-v24-qps2000-n24,pending txs,,V1,3.0,1.0954451150103321,0.3651483716701107,10
slow0-owned-v24-qps2000-n24,pending txs,,V2,4.5,3.556683848755748,1.1855612829185824,10
slow0-owned-v24-qps2000-n24,exec. queue. delay p95 (s),,V1,0.021014188820800812,0.004628246415262001,0.0009795514263740725,10
slow0-owned-v24-qps2000-n24,exec. queue. delay p95 (s),,V2,0.024908003250308272,0.02802564097256006,0.004120430755532901,10
slow0-owned-v24-qps2000-n24,post-cons shed drops / sec,,V1,0.0,0.0,0.0,10
slow0-owned-v24-qps2000-n24,post-cons shed drops / sec,,V2,0.0,0.0,0.0,10
slow0-owned-v24-qps2000-n24,shed % quorum,,V1,0.0,0.0,0.0,10
slow0-owned-v24-qps2000-n24,shed % quorum,,V2,0.0,0.0,0.0,10
slow0-owned-v24-qps2000-n24,shed % local,,V1,0.0,0.0,0.0,10
slow0-owned-v24-qps2000-n24,shed % local,,V2,8.1,24.3,8.099999999999998,10
slow0-owned-v24-qps2000-n24,shed % cons-queue,,V1,0.0,0.0,0.0,10
slow0-owned-v24-qps2000-n24,shed % cons-queue,,V2,0.0,0.0,0.0,10
slow0-owned-v24-qps2000-n24,pre-cons overload rej / sec,,V1,nan,nan,nan,10
slow0-owned-v24-qps2000-n24,pre-cons overload rej / sec,,V2,nan,nan,nan,10
slow0-owned-v24-qps2000-n24,node CPU,,V1,2.6106095545054355,0.3520789557517536,0.016531857142085816,10
slow0-owned-v24-qps2000-n24,node CPU,,V2,2.6796949161405386,0.3898223572619441,0.012106067377823148,10
slow0-owned-v24-qps2000-n24,node memory RSS (bytes),,V1,1179002011.7540452,281968839.2071301,5730324.9032157995,10
slow0-owned-v24-qps2000-n24,node memory RSS (bytes),,V2,1188245536.8731942,295723756.0679307,17647212.752697695,10
slow0-owned-v24-qps2000-n24,overload graduated / sec,,V1,nan,nan,nan,10
slow0-owned-v24-qps2000-n24,overload graduated / sec,,V2,nan,nan,nan,10
slow0-owned-v24-qps2000-n24,overload max-pending / sec,,V1,nan,nan,nan,10
slow0-owned-v24-qps2000-n24,overload max-pending / sec,,V2,nan,nan,nan,10
slow0-owned-v24-qps2000-n24,overload semaphore / sec,,V1,nan,nan,nan,10
slow0-owned-v24-qps2000-n24,overload semaphore / sec,,V2,nan,nan,nan,10
slow0-owned-v24-qps2000-n24,attest. exec p50 (s),,V1,nan,nan,nan,10
slow0-owned-v24-qps2000-n24,attest. exec p50 (s),,V2,0.0005021858906951729,6.683879996102251e-07,3.460030106241475e-08,10
slow0-owned-v24-qps2000-n24,attest. exec p95 (s),,V1,nan,nan,nan,10
slow0-owned-v24-qps2000-n24,attest. exec p95 (s),,V2,0.0009541531923208287,1.269937199259438e-06,6.574057201857386e-08,10
slow0-owned-v24-qps2000-n24,attest. exec p99 (s),,V1,nan,nan,nan,10
slow0-owned-v24-qps2000-n24,attest. exec p99 (s),,V2,0.0010011503332303308,8.877701794510494e-05,4.659251202692699e-06,10
slow0-owned-v24-qps2000-n24,attest. wait p50 (s),,V1,nan,nan,nan,10
slow0-owned-v24-qps2000-n24,attest. wait p50 (s),,V2,0.0005428593938896666,1.602741339326276e-05,1.4416667020867468e-06,10
slow0-owned-v24-qps2000-n24,attest. wait p95 (s),,V1,nan,nan,nan,10
slow0-owned-v24-qps2000-n24,attest. wait p95 (s),,V2,0.0026260538842053254,0.0007939703279340882,7.778267931518804e-05,10
slow0-owned-v24-qps2000-n24,attest. wait p99 (s),,V1,nan,nan,nan,10
slow0-owned-v24-qps2000-n24,attest. wait p99 (s),,V2,0.005494342770893662,0.002101370558958704,0.00028119166819601975,10
slow0-owned-v24-qps2000-n24,attest. resume p50 (s),,V1,nan,nan,nan,10
slow0-owned-v24-qps2000-n24,attest. resume p50 (s),,V2,0.0005035203023783408,1.7600959240331047e-06,1.6579485578742426e-07,10
slow0-owned-v24-qps2000-n24,attest. resume p95 (s),,V1,nan,nan,nan,10
slow0-owned-v24-qps2000-n24,attest. resume p95 (s),,V2,0.0009566885745188471,3.3441822556628954e-06,3.1501022599612523e-07,10
slow0-owned-v24-qps2000-n24,attest. resume p99 (s),,V1,nan,nan,nan,10
slow0-owned-v24-qps2000-n24,attest. resume p99 (s),,V2,0.0010534907935976475,0.00037461902121655637,5.5520938954894986e-05,10
slow0-owned-v24-qps2000-n24,num_inflight,,V1,144.7,28.28091229080137,9.426970763600456,10
slow0-owned-v24-qps2000-n24,num_inflight,,V2,128.7,10.02047903046556,3.340159676821853,10
slow0-owned-v24-qps2000-n24,CUs,,V1,nan,nan,nan,10
slow0-owned-v24-qps2000-n24,CUs,,V2,1000.0,1.4384800660948136e-13,0.0,10
slow50-owned-f1-qps200-n24,TPS,,V1,203.2447791920887,57.81945888862684,17.386435161778444,10
slow50-owned-f1-qps200-n24,TPS,,V2,220.92274701281514,13.16986529681803,0.2898433466968609,10
slow50-owned-f1-qps200-n24,attest. full p50 (s),,V1,nan,nan,nan,10
slow50-owned-f1-qps200-n24,attest. full p50 (s),,V2,0.002892140617418446,0.0001056964454230045,1.1962351612145614e-05,10
slow50-owned-f1-qps200-n24,attest. full p95 (s),,V1,nan,nan,nan,10
slow50-owned-f1-qps200-n24,attest. full p95 (s),,V2,0.005200489622731684,0.0005975352955618558,7.64839159441811e-05,10
slow50-owned-f1-qps200-n24,attest. full p99 (s),,V1,nan,nan,nan,10
slow50-owned-f1-qps200-n24,attest. full p99 (s),,V2,0.010138606956946928,0.002214853780581357,0.000288124541888347,10
slow50-owned-f1-qps200-n24,attest. / sec,,V1,0.0,0.0,0.0,10
slow50-owned-f1-qps200-n24,attest. / sec,,V2,34.23028093590378,3.942777542748236,0.21073948021253758,10
slow50-owned-f1-qps200-n24,host CPU,,V1,34.191530018309834,12.557037862887428,0.6485130045430603,10
slow50-owned-f1-qps200-n24,host CPU,,V2,34.86986678265862,12.792036236770578,0.11855284223333681,10
slow50-owned-f1-qps200-n24,rec. → exec. p50 (s),,V1,0.3696983741707344,0.018529180787295638,0.003479312456073052,10
slow50-owned-f1-qps200-n24,rec. → exec. p50 (s),,V2,0.3763155035053751,0.027174378892067582,0.0035395726280551447,10
slow50-owned-f1-qps200-n24,rec. → exec. p95 (s),,V1,0.48656948154518725,0.010437567687248468,0.000684323825654923,10
slow50-owned-f1-qps200-n24,rec. → exec. p95 (s),,V2,0.5202703880431169,0.1106855462211997,0.024804294989489696,10
slow50-owned-f1-qps200-n24,rec. → exec. p99 (s),,V1,0.4969580244229165,0.010495162308927268,0.0005985330576697843,10
slow50-owned-f1-qps200-n24,rec. → exec. p99 (s),,V2,0.5390885809779721,0.13365535989859934,0.030976834895676406,10
slow50-owned-f1-qps200-n24,pc valid. lat. p50 (s),,V1,0.00040582997178159906,4.6875782262835164e-05,1.4131849548647661e-05,10
slow50-owned-f1-qps200-n24,pc valid. lat. p50 (s),,V2,0.00035380821154611754,1.2183795600493154e-05,1.916726329117482e-06,10
slow50-owned-f1-qps200-n24,pc valid. lat. p95 (s),,V1,0.0027292659933229107,0.0007126805006002801,0.0002004164589141332,10
slow50-owned-f1-qps200-n24,pc valid. lat. p95 (s),,V2,0.0016023717919053818,0.0005548226771016827,0.00011464745541763568,10
slow50-owned-f1-qps200-n24,exec. lat. p95 (s),,V1,0.004929070134327376,0.0007663699455043596,0.00010106860368376056,10
slow50-owned-f1-qps200-n24,exec. lat. p95 (s),,V2,0.005157572296823101,0.0005051052025036001,0.00013599500255160205,10
slow50-owned-f1-qps200-n24,valid. drop. / sec,,V1,0.0,0.0,0.0,10
slow50-owned-f1-qps200-n24,valid. drop. / sec,,V2,0.0,0.0,0.0,10
slow50-owned-f1-qps200-n24,final. lat. p50 (s),,V1,0.26727211343113455,0.010485861415839253,0.0029192592577579664,10
slow50-owned-f1-qps200-n24,final. lat. p50 (s),,V2,0.26724394353433606,0.008376010018136149,0.002506727353217131,10
slow50-owned-f1-qps200-n24,final. lat. p95 (s),,V1,0.3267451230835743,0.01718707434521752,0.004789512515700534,10
slow50-owned-f1-qps200-n24,final. lat. p95 (s),,V2,0.3420675697595219,0.036538833132778226,0.011534999101982033,10
slow50-owned-f1-qps200-n24,final. lat. p99 (s),,V1,0.3470109476648349,0.01749855118139801,0.0030904576323913273,10
slow50-owned-f1-qps200-n24,final. lat. p99 (s),,V2,0.3742585950239805,0.06349236398858692,0.01909444438919501,10
slow50-owned-f1-qps200-n24,submit lat. p50 (s),,V1,0.006958821789515411,0.0026011711180449863,0.0005461150336949452,10
slow50-owned-f1-qps200-n24,submit lat. p50 (s),,V2,0.021243153340794685,0.0020620223913432162,0.00044030776583854874,10
slow50-owned-f1-qps200-n24,submit lat. p95 (s),,V1,0.04390198580641023,0.0018036220197837226,0.0004456398434086996,10
slow50-owned-f1-qps200-n24,submit lat. p95 (s),,V2,0.04715821673075068,0.0004943604960141721,8.640971968705956e-05,10
slow50-owned-f1-qps200-n24,ckpt lag p50 (s),,V1,0.6522339238890458,2.5185598192819265,0.9701005563810053,10
slow50-owned-f1-qps200-n24,ckpt lag p50 (s),,V2,0.17265457315265398,0.0033304858348983594,0.0007973713041422283,10
slow50-owned-f1-qps200-n24,ckpt lag p95 (s),,V1,1.0471277958972618,4.117726439373205,1.7061691893866315,10
slow50-owned-f1-qps200-n24,ckpt lag p95 (s),,V2,0.21821381090421346,0.0429541961935375,0.01312161919238777,10
slow50-owned-f1-qps200-n24,ckpt lag p99 (s),,V1,1.159245167692358,4.491982123965157,1.8893967921225205,10
slow50-owned-f1-qps200-n24,ckpt lag p99 (s),,V2,0.23550851086548244,0.06176375674280508,0.01950209592697237,10
slow50-owned-f1-qps200-n24,exec. dispatch queue,,V1,8.6,6.359245238233858,2.1197484127446193,10
slow50-owned-f1-qps200-n24,exec. dispatch queue,,V2,10.7,12.49839989758689,4.1661332991956295,10
slow50-owned-f1-qps200-n24,pending txs,,V1,1.0,2.04939015319192,0.6831300510639733,10
slow50-owned-f1-qps200-n24,pending txs,,V2,1.2,1.6,0.5333333333333333,10
slow50-owned-f1-qps200-n24,exec. queue. delay p95 (s),,V1,0.0004750000000000001,6.056349668018774e-20,1.807003620809174e-20,10
slow50-owned-f1-qps200-n24,exec. queue. delay p95 (s),,V2,0.0005985089427890603,0.0006086310030242149,0.0001239135043265209,10
slow50-owned-f1-qps200-n24,post-cons shed drops / sec,,V1,0.0,0.0,0.0,10
slow50-owned-f1-qps200-n24,post-cons shed drops / sec,,V2,0.0,0.0,0.0,10
slow50-owned-f1-qps200-n24,shed % quorum,,V1,0.0,0.0,0.0,10
slow50-owned-f1-qps200-n24,shed % quorum,,V2,0.0,0.0,0.0,10
slow50-owned-f1-qps200-n24,shed % local,,V1,0.0,0.0,0.0,10
slow50-owned-f1-qps200-n24,shed % local,,V2,0.0,0.0,0.0,10
slow50-owned-f1-qps200-n24,shed % cons-queue,,V1,0.0,0.0,0.0,10
slow50-owned-f1-qps200-n24,shed % cons-queue,,V2,0.0,0.0,0.0,10
slow50-owned-f1-qps200-n24,pre-cons overload rej / sec,,V1,nan,nan,nan,10
slow50-owned-f1-qps200-n24,pre-cons overload rej / sec,,V2,nan,nan,nan,10
slow50-owned-f1-qps200-n24,node CPU,,V1,1.6044779746529458,0.2568693809563361,0.032378817845150086,10
slow50-owned-f1-qps200-n24,node CPU,,V2,1.657212241760156,0.24485585081945324,0.008619801392481141,10
slow50-owned-f1-qps200-n24,node memory RSS (bytes),,V1,705161089.7534246,64494940.51738474,7222577.126740156,10
slow50-owned-f1-qps200-n24,node memory RSS (bytes),,V2,699008488.3692307,59201311.290406786,3598387.3906196365,10
slow50-owned-f1-qps200-n24,overload graduated / sec,,V1,nan,nan,nan,10
slow50-owned-f1-qps200-n24,overload graduated / sec,,V2,nan,nan,nan,10
slow50-owned-f1-qps200-n24,overload max-pending / sec,,V1,nan,nan,nan,10
slow50-owned-f1-qps200-n24,overload max-pending / sec,,V2,nan,nan,nan,10
slow50-owned-f1-qps200-n24,overload semaphore / sec,,V1,nan,nan,nan,10
slow50-owned-f1-qps200-n24,overload semaphore / sec,,V2,nan,nan,nan,10
slow50-owned-f1-qps200-n24,attest. exec p50 (s),,V1,nan,nan,nan,10
slow50-owned-f1-qps200-n24,attest. exec p50 (s),,V2,0.002637664175572615,7.658432151644157e-05,1.5100614506605524e-05,10
slow50-owned-f1-qps200-n24,attest. exec p95 (s),,V1,nan,nan,nan,10
slow50-owned-f1-qps200-n24,attest. exec p95 (s),,V2,0.004793205879195461,1.558987378206781e-05,1.6287782052431486e-06,10
slow50-owned-f1-qps200-n24,attest. exec p99 (s),,V1,nan,nan,nan,10
slow50-owned-f1-qps200-n24,attest. exec p99 (s),,V2,0.005097485639881415,0.0003496899950951701,3.9131791934593974e-05,10
slow50-owned-f1-qps200-n24,attest. wait p50 (s),,V1,nan,nan,nan,10
slow50-owned-f1-qps200-n24,attest. wait p50 (s),,V2,0.0005415532592511791,6.18502836474834e-05,3.654957761621163e-06,10
slow50-owned-f1-qps200-n24,attest. wait p95 (s),,V1,nan,nan,nan,10
slow50-owned-f1-qps200-n24,attest. wait p95 (s),,V2,0.002380979175733572,0.0008807328485947982,0.0001742009800924524,10
slow50-owned-f1-qps200-n24,attest. wait p99 (s),,V1,nan,nan,nan,10
slow50-owned-f1-qps200-n24,attest. wait p99 (s),,V2,0.006452756842356469,0.0017133762616706012,0.0002493986465053891,10
slow50-owned-f1-qps200-n24,attest. resume p50 (s),,V1,nan,nan,nan,10
slow50-owned-f1-qps200-n24,attest. resume p50 (s),,V2,0.000506486124102174,2.8236240941218058e-06,4.403465688613487e-07,10
slow50-owned-f1-qps200-n24,attest. resume p95 (s),,V1,nan,nan,nan,10
slow50-owned-f1-qps200-n24,attest. resume p95 (s),,V2,0.0009623236357941304,5.364885778831438e-06,8.366584808365718e-07,10
slow50-owned-f1-qps200-n24,attest. resume p99 (s),,V1,nan,nan,nan,10
slow50-owned-f1-qps200-n24,attest. resume p99 (s),,V2,0.0018156973113759628,0.0008085344272412142,0.00012847229866517213,10
slow50-owned-f1-qps200-n24,num_inflight,,V1,21.2,7.152621896899067,2.3842072989663556,10
slow50-owned-f1-qps200-n24,num_inflight,,V2,19.1,1.9723082923316018,0.6574360974438672,10
slow50-owned-f1-qps200-n24,CUs,,V1,nan,nan,nan,10
slow50-owned-f1-qps200-n24,CUs,,V2,1000.0,1.320667737387466e-13,0.0,10
slow50-owned-v1-qps200-n24,TPS,,V1,220.89759599894384,12.607621111145136,0.30241388570152344,10
slow50-owned-v1-qps200-n24,TPS,,V2,220.47601287154234,17.08399689952479,0.299763302535829,10
slow50-owned-v1-qps200-n24,attest. full p50 (s),,V1,nan,nan,nan,10
slow50-owned-v1-qps200-n24,attest. full p50 (s),,V2,0.0029236681843337557,9.162994718297429e-05,2.2581515519286032e-05,10
slow50-owned-v1-qps200-n24,attest. full p95 (s),,V1,nan,nan,nan,10
slow50-owned-v1-qps200-n24,attest. full p95 (s),,V2,0.008106082425472404,0.0023388641227358176,0.0005425279251917641,10
slow50-owned-v1-qps200-n24,attest. full p99 (s),,V1,nan,nan,nan,10
slow50-owned-v1-qps200-n24,attest. full p99 (s),,V2,0.01950217975062516,0.0044156870640566686,0.0008689609357794506,10
slow50-owned-v1-qps200-n24,attest. / sec,,V1,0.0,0.0,0.0,10
slow50-owned-v1-qps200-n24,attest. / sec,,V2,197.76706697910566,22.23949660318362,0.7162381403638177,10
slow50-owned-v1-qps200-n24,host CPU,,V1,34.36572114335814,12.460191625802787,0.16567231969477694,10
slow50-owned-v1-qps200-n24,host CPU,,V2,34.639453887651186,12.82173163321121,0.17973415963519684,10
slow50-owned-v1-qps200-n24,rec. → exec. p50 (s),,V1,0.2879287814913361,0.06331161674967477,0.02082313440866358,10
slow50-owned-v1-qps200-n24,rec. → exec. p50 (s),,V2,0.2912715005904734,0.052882857606527243,0.01717363048774474,10
slow50-owned-v1-qps200-n24,rec. → exec. p95 (s),,V1,0.47662636259936714,0.009390395133952257,0.003029540484286617,10
slow50-owned-v1-qps200-n24,rec. → exec. p95 (s),,V2,0.4787148891972886,0.005842359577986165,0.0018573527789063208,10
slow50-owned-v1-qps200-n24,rec. → exec. p99 (s),,V1,0.4968266741964647,0.011562092067060164,0.001736806051762589,10
slow50-owned-v1-qps200-n24,rec. → exec. p99 (s),,V2,0.49576328441704537,0.0011948588571930197,0.00037696941198847204,10
slow50-owned-v1-qps200-n24,pc valid. lat. p50 (s),,V1,0.0004399865352481474,1.3285964427089654e-05,2.435201968560562e-06,10
slow50-owned-v1-qps200-n24,pc valid. lat. p50 (s),,V2,0.0003771752211951308,9.143639289987804e-06,1.2947810776909734e-06,10
slow50-owned-v1-qps200-n24,pc valid. lat. p95 (s),,V1,0.003397965463423631,0.00024337474339881468,5.164142976890423e-05,10
slow50-owned-v1-qps200-n24,pc valid. lat. p95 (s),,V2,0.0027787283823055655,0.0003777047595165941,7.914229152000874e-05,10
slow50-owned-v1-qps200-n24,exec. lat. p95 (s),,V1,0.005502168853420525,0.0006571530616463753,0.00020201051370637868,10
slow50-owned-v1-qps200-n24,exec. lat. p95 (s),,V2,0.005525193818308184,0.0005924406879727977,0.00018204092695734187,10
slow50-owned-v1-qps200-n24,valid. drop. / sec,,V1,0.0,0.0,0.0,10
slow50-owned-v1-qps200-n24,valid. drop. / sec,,V2,0.0,0.0,0.0,10
slow50-owned-v1-qps200-n24,final. lat. p50 (s),,V1,nan,nan,nan,10
slow50-owned-v1-qps200-n24,final. lat. p50 (s),,V2,nan,nan,nan,10
slow50-owned-v1-qps200-n24,final. lat. p95 (s),,V1,nan,nan,nan,10
slow50-owned-v1-qps200-n24,final. lat. p95 (s),,V2,nan,nan,nan,10
slow50-owned-v1-qps200-n24,final. lat. p99 (s),,V1,nan,nan,nan,10
slow50-owned-v1-qps200-n24,final. lat. p99 (s),,V2,nan,nan,nan,10
slow50-owned-v1-qps200-n24,submit lat. p50 (s),,V1,nan,nan,nan,10
slow50-owned-v1-qps200-n24,submit lat. p50 (s),,V2,nan,nan,nan,10
slow50-owned-v1-qps200-n24,submit lat. p95 (s),,V1,nan,nan,nan,10
slow50-owned-v1-qps200-n24,submit lat. p95 (s),,V2,nan,nan,nan,10
slow50-owned-v1-qps200-n24,ckpt lag p50 (s),,V1,0.17199633765510924,0.005099109632808968,0.001431555578191129,10
slow50-owned-v1-qps200-n24,ckpt lag p50 (s),,V2,0.1729399134143047,0.002754999539953643,0.0007862750283025184,10
slow50-owned-v1-qps200-n24,ckpt lag p95 (s),,V1,0.20468574437456555,0.019445560159809312,0.005554389843515218,10
slow50-owned-v1-qps200-n24,ckpt lag p95 (s),,V2,0.20126691803108065,0.008809351364069972,0.002265190379650492,10
slow50-owned-v1-qps200-n24,ckpt lag p99 (s),,V1,0.2192843166650253,0.036068235098168144,0.010410207461536798,10
slow50-owned-v1-qps200-n24,ckpt lag p99 (s),,V2,0.2115815599403087,0.01795170727170505,0.00507482609039551,10
slow50-owned-v1-qps200-n24,exec. dispatch queue,,V1,9.6,8.73155198117723,2.9105173270590763,10
slow50-owned-v1-qps200-n24,exec. dispatch queue,,V2,17.7,13.000384609695205,4.333461536565069,10
slow50-owned-v1-qps200-n24,pending txs,,V1,1.4,1.562049935181331,0.5206833117271102,10
slow50-owned-v1-qps200-n24,pending txs,,V2,1.3,1.4866068747318506,0.49553562491061687,10
slow50-owned-v1-qps200-n24,exec. queue. delay p95 (s),,V1,0.00047500000000000016,1.1386817395557289e-19,1.807003620809174e-20,10
slow50-owned-v1-qps200-n24,exec. queue. delay p95 (s),,V2,0.00047500000000000016,1.1329707418350265e-19,1.807003620809174e-20,10
slow50-owned-v1-qps200-n24,post-cons shed drops / sec,,V1,0.0,0.0,0.0,10
slow50-owned-v1-qps200-n24,post-cons shed drops / sec,,V2,0.0,0.0,0.0,10
slow50-owned-v1-qps200-n24,shed % quorum,,V1,0.0,0.0,0.0,10
slow50-owned-v1-qps200-n24,shed % quorum,,V2,0.0,0.0,0.0,10
slow50-owned-v1-qps200-n24,shed % local,,V1,0.0,0.0,0.0,10
slow50-owned-v1-qps200-n24,shed % local,,V2,0.0,0.0,0.0,10
slow50-owned-v1-qps200-n24,shed % cons-queue,,V1,0.0,0.0,0.0,10
slow50-owned-v1-qps200-n24,shed % cons-queue,,V2,0.0,0.0,0.0,10
slow50-owned-v1-qps200-n24,pre-cons overload rej / sec,,V1,nan,nan,nan,10
slow50-owned-v1-qps200-n24,pre-cons overload rej / sec,,V2,nan,nan,nan,10
slow50-owned-v1-qps200-n24,node CPU,,V1,1.635196422236516,0.25037681856518146,0.006996484746081647,10
slow50-owned-v1-qps200-n24,node CPU,,V2,1.8764158066057743,0.2770370396707915,0.011152305692522697,10
slow50-owned-v1-qps200-n24,node memory RSS (bytes),,V1,714351068.9315069,68029279.4389682,5913688.213228878,10
slow50-owned-v1-qps200-n24,node memory RSS (bytes),,V2,715388432.6861063,65316222.58885067,4911882.50072166,10
slow50-owned-v1-qps200-n24,overload graduated / sec,,V1,nan,nan,nan,10
slow50-owned-v1-qps200-n24,overload graduated / sec,,V2,nan,nan,nan,10
slow50-owned-v1-qps200-n24,overload max-pending / sec,,V1,nan,nan,nan,10
slow50-owned-v1-qps200-n24,overload max-pending / sec,,V2,nan,nan,nan,10
slow50-owned-v1-qps200-n24,overload semaphore / sec,,V1,nan,nan,nan,10
slow50-owned-v1-qps200-n24,overload semaphore / sec,,V2,nan,nan,nan,10
slow50-owned-v1-qps200-n24,attest. exec p50 (s),,V1,nan,nan,nan,10
slow50-owned-v1-qps200-n24,attest. exec p50 (s),,V2,0.0026056424692863377,7.017644873596158e-05,1.6892634057278233e-05,10
slow50-owned-v1-qps200-n24,attest. exec p95 (s),,V1,nan,nan,nan,10
slow50-owned-v1-qps200-n24,attest. exec p95 (s),,V2,0.004787997998597464,1.8802290641649725e-05,4.708352731184208e-06,10
slow50-owned-v1-qps200-n24,attest. exec p99 (s),,V1,nan,nan,nan,10
slow50-owned-v1-qps200-n24,attest. exec p99 (s),,V2,0.005124058846224194,0.0004656181878615259,8.479424076778893e-05,10
slow50-owned-v1-qps200-n24,attest. wait p50 (s),,V1,nan,nan,nan,10
slow50-owned-v1-qps200-n24,attest. wait p50 (s),,V2,0.0005756005590458191,2.432774756341258e-05,6.1502998331013915e-06,10
slow50-owned-v1-qps200-n24,attest. wait p95 (s),,V1,nan,nan,nan,10
slow50-owned-v1-qps200-n24,attest. wait p95 (s),,V2,0.0054661721952182505,0.002066252990084878,0.0004505886342075986,10
slow50-owned-v1-qps200-n24,attest. wait p99 (s),,V1,nan,nan,nan,10
slow50-owned-v1-qps200-n24,attest. wait p99 (s),,V2,0.016590420409849004,0.005051077715239836,0.0010254837882460138,10
slow50-owned-v1-qps200-n24,attest. resume p50 (s),,V1,nan,nan,nan,10
slow50-owned-v1-qps200-n24,attest. resume p50 (s),,V2,0.0005060615029827359,3.4385526660830495e-06,6.780419928524791e-07,10
slow50-owned-v1-qps200-n24,attest. resume p95 (s),,V1,nan,nan,nan,10
slow50-owned-v1-qps200-n24,attest. resume p95 (s),,V2,0.0009615168556671984,6.533250065557777e-06,1.2882797864196955e-06,10
slow50-owned-v1-qps200-n24,attest. resume p99 (s),,V1,nan,nan,nan,10
slow50-owned-v1-qps200-n24,attest. resume p99 (s),,V2,0.0017333170209359533,0.000868998045184306,0.00017808419149700514,10
slow50-owned-v1-qps200-n24,num_inflight,,V1,64.1,8.2516664983505,2.7505554994501664,10
slow50-owned-v1-qps200-n24,num_inflight,,V2,60.1,11.317685275708987,3.7725617585696622,10
slow50-owned-v1-qps200-n24,CUs,,V1,nan,nan,nan,10
slow50-owned-v1-qps200-n24,CUs,,V2,1000.0,1.2735123447501627e-13,0.0,10
slow50-owned-v24-qps200-n24,TPS,,V1,220.8628159890307,12.415006038830068,0.2745453433457091,10
slow50-owned-v24-qps200-n24,TPS,,V2,216.26531222574536,67.72484928688094,4.2355681409723385,10
slow50-owned-v24-qps200-n24,attest. full p50 (s),,V1,nan,nan,nan,10
slow50-owned-v24-qps200-n24,attest. full p50 (s),,V2,0.002894294487309714,6.672595503291851e-05,1.4775086392684153e-05,10
slow50-owned-v24-qps200-n24,attest. full p95 (s),,V1,nan,nan,nan,10
slow50-owned-v24-qps200-n24,attest. full p95 (s),,V2,0.005681399212619335,0.0008880447345052602,0.00012084065936146857,10
slow50-owned-v24-qps200-n24,attest. full p99 (s),,V1,nan,nan,nan,10
slow50-owned-v24-qps200-n24,attest. full p99 (s),,V2,0.011501149732635352,0.002915902682893446,0.00030489134815172414,10
slow50-owned-v24-qps200-n24,attest. / sec,,V1,0.0,0.0,0.0,10
slow50-owned-v24-qps200-n24,attest. / sec,,V2,35.598211500974664,3.0578237606037693,0.16469517295665997,10
slow50-owned-v24-qps200-n24,host CPU,,V1,34.46068814483508,12.670520188913123,0.15911617032716685,10
slow50-owned-v24-qps200-n24,host CPU,,V2,34.87786509796829,12.61900028546852,0.2108605470770023,10
slow50-owned-v24-qps200-n24,rec. → exec. p50 (s),,V1,0.34166338808368085,0.052065559080903205,0.014112348113163281,10
slow50-owned-v24-qps200-n24,rec. → exec. p50 (s),,V2,0.34936422009132356,0.04283778136753895,0.011768714320653417,10
slow50-owned-v24-qps200-n24,rec. → exec. p95 (s),,V1,0.4837112755587296,0.006445728000217227,0.0017288670984267859,10
slow50-owned-v24-qps200-n24,rec. → exec. p95 (s),,V2,0.4848300720780979,0.004599293792501501,0.0012435218843665382,10
slow50-owned-v24-qps200-n24,rec. → exec. p99 (s),,V1,0.4982318442879878,0.01128299287361382,0.001522097449638121,10
slow50-owned-v24-qps200-n24,rec. → exec. p99 (s),,V2,0.4969660144156196,0.0009198587585003004,0.00024870437687330945,10
slow50-owned-v24-qps200-n24,pc valid. lat. p50 (s),,V1,0.00042407143021778684,1.4324187825747582e-05,2.87586903187137e-06,10
slow50-owned-v24-qps200-n24,pc valid. lat. p50 (s),,V2,0.0003587006667434358,2.729440526184592e-05,7.802297717926678e-06,10
slow50-owned-v24-qps200-n24,pc valid. lat. p95 (s),,V1,0.0030611095561763287,0.000313751511161809,6.222037954340115e-05,10
slow50-owned-v24-qps200-n24,pc valid. lat. p95 (s),,V2,0.0017096719757863914,0.0006958951079080667,0.00019941431038521997,10
slow50-owned-v24-qps200-n24,exec. lat. p95 (s),,V1,0.005142459283894941,0.000375816368325062,7.573316700631081e-05,10
slow50-owned-v24-qps200-n24,exec. lat. p95 (s),,V2,0.005263846307628468,0.0008284307037796724,0.0002565535378571362,10
slow50-owned-v24-qps200-n24,valid. drop. / sec,,V1,0.0,0.0,0.0,10
slow50-owned-v24-qps200-n24,valid. drop. / sec,,V2,0.0,0.0,0.0,10
slow50-owned-v24-qps200-n24,final. lat. p50 (s),,V1,nan,nan,nan,10
slow50-owned-v24-qps200-n24,final. lat. p50 (s),,V2,nan,nan,nan,10
slow50-owned-v24-qps200-n24,final. lat. p95 (s),,V1,nan,nan,nan,10
slow50-owned-v24-qps200-n24,final. lat. p95 (s),,V2,nan,nan,nan,10
slow50-owned-v24-qps200-n24,final. lat. p99 (s),,V1,nan,nan,nan,10
slow50-owned-v24-qps200-n24,final. lat. p99 (s),,V2,nan,nan,nan,10
slow50-owned-v24-qps200-n24,submit lat. p50 (s),,V1,nan,nan,nan,10
slow50-owned-v24-qps200-n24,submit lat. p50 (s),,V2,nan,nan,nan,10
slow50-owned-v24-qps200-n24,submit lat. p95 (s),,V1,nan,nan,nan,10
slow50-owned-v24-qps200-n24,submit lat. p95 (s),,V2,nan,nan,nan,10
slow50-owned-v24-qps200-n24,ckpt lag p50 (s),,V1,0.17515457381958385,0.004386977361090259,0.001160412031633508,10
slow50-owned-v24-qps200-n24,ckpt lag p50 (s),,V2,0.6633592792159847,2.361793338867908,0.68032885548911,10
slow50-owned-v24-qps200-n24,ckpt lag p95 (s),,V1,0.21890274032392484,0.027130484766111712,0.006291435180263691,10
slow50-owned-v24-qps200-n24,ckpt lag p95 (s),,V2,1.0549823920278791,3.880090093559832,1.1748771365138415,10
slow50-owned-v24-qps200-n24,ckpt lag p99 (s),,V1,0.24219420399849742,0.042460030801860685,0.012647341282470104,10
slow50-owned-v24-qps200-n24,ckpt lag p99 (s),,V2,1.1407576247097357,4.194549861358797,1.2716962791064161,10
slow50-owned-v24-qps200-n24,exec. dispatch queue,,V1,8.3,7.523961722390672,2.5079872407968904,10
slow50-owned-v24-qps200-n24,exec. dispatch queue,,V2,12.3,10.602358228243375,3.5341194094144583,10
slow50-owned-v24-qps200-n24,pending txs,,V1,2.1,1.6401219466856727,0.5467073155618908,10
slow50-owned-v24-qps200-n24,pending txs,,V2,2.2,2.6381811916545836,0.8793937305515279,10
slow50-owned-v24-qps200-n24,exec. queue. delay p95 (s),,V1,0.00047500000000000016,1.1386817395557289e-19,1.807003620809174e-20,10
slow50-owned-v24-qps200-n24,exec. queue. delay p95 (s),,V2,0.0006195865850117458,0.0007520619268805764,0.00014432370031172443,10
slow50-owned-v24-qps200-n24,post-cons shed drops / sec,,V1,0.0,0.0,0.0,10
slow50-owned-v24-qps200-n24,post-cons shed drops / sec,,V2,0.0,0.0,0.0,10
slow50-owned-v24-qps200-n24,shed % quorum,,V1,0.0,0.0,0.0,10
slow50-owned-v24-qps200-n24,shed % quorum,,V2,0.0,0.0,0.0,10
slow50-owned-v24-qps200-n24,shed % local,,V1,0.0,0.0,0.0,10
slow50-owned-v24-qps200-n24,shed % local,,V2,0.0,0.0,0.0,10
slow50-owned-v24-qps200-n24,shed % cons-queue,,V1,0.0,0.0,0.0,10
slow50-owned-v24-qps200-n24,shed % cons-queue,,V2,0.0,0.0,0.0,10
slow50-owned-v24-qps200-n24,pre-cons overload rej / sec,,V1,nan,nan,nan,10
slow50-owned-v24-qps200-n24,pre-cons overload rej / sec,,V2,nan,nan,nan,10
slow50-owned-v24-qps200-n24,node CPU,,V1,1.6392111535351672,0.24135183742306343,0.008194898896151888,10
slow50-owned-v24-qps200-n24,node CPU,,V2,1.6706185815282864,0.2585752800346086,0.01421477158984099,10
slow50-owned-v24-qps200-n24,node memory RSS (bytes),,V1,711725588.1299145,63446027.63653146,3603481.5607966385,10
slow50-owned-v24-qps200-n24,node memory RSS (bytes),,V2,704013518.1979523,64095883.0821158,7480371.585125817,10
slow50-owned-v24-qps200-n24,overload graduated / sec,,V1,nan,nan,nan,10
slow50-owned-v24-qps200-n24,overload graduated / sec,,V2,nan,nan,nan,10
slow50-owned-v24-qps200-n24,overload max-pending / sec,,V1,nan,nan,nan,10
slow50-owned-v24-qps200-n24,overload max-pending / sec,,V2,nan,nan,nan,10
slow50-owned-v24-qps200-n24,overload semaphore / sec,,V1,nan,nan,nan,10
slow50-owned-v24-qps200-n24,overload semaphore / sec,,V2,nan,nan,nan,10
slow50-owned-v24-qps200-n24,attest. exec p50 (s),,V1,nan,nan,nan,10
slow50-owned-v24-qps200-n24,attest. exec p50 (s),,V2,0.002618158233863488,8.826291016817789e-05,2.4667036757432817e-05,10
slow50-owned-v24-qps200-n24,attest. exec p95 (s),,V1,nan,nan,nan,10
slow50-owned-v24-qps200-n24,attest. exec p95 (s),,V2,0.004801373254905257,1.9133889259171993e-05,3.605292253174002e-06,10
slow50-owned-v24-qps200-n24,attest. exec p99 (s),,V1,nan,nan,nan,10
slow50-owned-v24-qps200-n24,attest. exec p99 (s),,V2,0.005378240559468009,0.0007142707285195052,0.00010701413129912037,10
slow50-owned-v24-qps200-n24,attest. wait p50 (s),,V1,nan,nan,nan,10
slow50-owned-v24-qps200-n24,attest. wait p50 (s),,V2,0.0005529525327264096,1.3304347155053409e-05,1.6167971344037197e-06,10
slow50-owned-v24-qps200-n24,attest. wait p95 (s),,V1,nan,nan,nan,10
slow50-owned-v24-qps200-n24,attest. wait p95 (s),,V2,0.00319988617370931,0.0006953041761984694,9.086489253435341e-05,10
slow50-owned-v24-qps200-n24,attest. wait p99 (s),,V1,nan,nan,nan,10
slow50-owned-v24-qps200-n24,attest. wait p99 (s),,V2,0.007447834615001873,0.0021057798217751574,0.00022681667677121924,10
slow50-owned-v24-qps200-n24,attest. resume p50 (s),,V1,nan,nan,nan,10
slow50-owned-v24-qps200-n24,attest. resume p50 (s),,V2,0.0005083333976344387,3.0585026159249e-06,5.438655559445507e-07,10
slow50-owned-v24-qps200-n24,attest. resume p95 (s),,V1,nan,nan,nan,10
slow50-owned-v24-qps200-n24,attest. resume p95 (s),,V2,0.0009658334555054335,5.8111549702573086e-06,1.0333445562946292e-06,10
slow50-owned-v24-qps200-n24,attest. resume p99 (s),,V1,nan,nan,nan,10
slow50-owned-v24-qps200-n24,attest. resume p99 (s),,V2,0.002346845689528712,0.000800442845757449,0.00013982750766770963,10
slow50-owned-v24-qps200-n24,num_inflight,,V1,18.4,1.8,0.6,10
slow50-owned-v24-qps200-n24,num_inflight,,V2,20.0,3.0983866769659336,1.0327955589886444,10
slow50-owned-v24-qps200-n24,CUs,,V1,nan,nan,nan,10
slow50-owned-v24-qps200-n24,CUs,,V2,1000.0,1.2982430486989023e-13,0.0,10
slow50-owned-f1-qps1000-n24,TPS,,V1,1006.2528490900417,108.08987258369527,1.411545850215249,10
slow50-owned-f1-qps1000-n24,TPS,,V2,930.0472428142174,270.44707796639244,61.509131480073506,10
slow50-owned-f1-qps1000-n24,attest. full p50 (s),,V1,nan,nan,nan,10
slow50-owned-f1-qps1000-n24,attest. full p50 (s),,V2,0.0033515309675237193,0.0004355448675659671,5.310798628118056e-05,10
slow50-owned-f1-qps1000-n24,attest. full p95 (s),,V1,nan,nan,nan,10
slow50-owned-f1-qps1000-n24,attest. full p95 (s),,V2,0.010771484858263045,0.0022766166219609766,0.00046453002432155486,10
slow50-owned-f1-qps1000-n24,attest. full p99 (s),,V1,nan,nan,nan,10
slow50-owned-f1-qps1000-n24,attest. full p99 (s),,V2,0.02276054011645362,0.0040083684127541095,0.00040746758893733955,10
slow50-owned-f1-qps1000-n24,attest. / sec,,V1,0.0,0.0,0.0,10
slow50-owned-f1-qps1000-n24,attest. / sec,,V2,155.00482804232803,45.38163054255938,10.613675559813482,10
slow50-owned-f1-qps1000-n24,host CPU,,V1,55.94782153717586,36.53846381703742,0.19349521587297833,10
slow50-owned-f1-qps1000-n24,host CPU,,V2,55.840323166247245,36.43353669967143,1.222152850453201,10
slow50-owned-f1-qps1000-n24,rec. → exec. p50 (s),,V1,0.3743982811475056,0.007970433248240202,0.0004172464847393913,10
slow50-owned-f1-qps1000-n24,rec. → exec. p50 (s),,V2,0.3716543591593884,0.024311742937107503,0.002738230332675868,10
slow50-owned-f1-qps1000-n24,rec. → exec. p95 (s),,V1,0.48730052463216333,0.004352095300236927,0.00017889797661625644,10
slow50-owned-f1-qps1000-n24,rec. → exec. p95 (s),,V2,0.4840638140612682,0.029846029652717557,0.003181283494703113,10
slow50-owned-f1-qps1000-n24,rec. → exec. p99 (s),,V1,0.4974660677043725,0.0008760593311671048,3.699374986967767e-05,10
slow50-owned-f1-qps1000-n24,rec. → exec. p99 (s),,V2,0.4991516057017063,0.053408589577355725,0.0015564167312396061,10
slow50-owned-f1-qps1000-n24,pc valid. lat. p50 (s),,V1,0.002768895265150519,0.00014399735349578615,3.990635552132129e-05,10
slow50-owned-f1-qps1000-n24,pc valid. lat. p50 (s),,V2,0.0022066370405351195,0.0006262945172158107,0.00016562934026933634,10
slow50-owned-f1-qps1000-n24,pc valid. lat. p95 (s),,V1,0.005139567008448716,0.00048458692595169614,0.00013855196368350633,10
slow50-owned-f1-qps1000-n24,pc valid. lat. p95 (s),,V2,0.004691026341211514,0.0010408627701844473,0.00021777830793731618,10
slow50-owned-f1-qps1000-n24,exec. lat. p95 (s),,V1,0.010033518336548777,0.0009697395759817231,0.000285120573815328,10
slow50-owned-f1-qps1000-n24,exec. lat. p95 (s),,V2,0.010088405956722335,0.0023697327022619446,0.0005304057781298508,10
slow50-owned-f1-qps1000-n24,valid. drop. / sec,,V1,0.0,0.0,0.0,10
slow50-owned-f1-qps1000-n24,valid. drop. / sec,,V2,0.0,0.0,0.0,10
slow50-owned-f1-qps1000-n24,final. lat. p50 (s),,V1,0.2939484715261099,0.01258807324080194,0.004058921351551951,10
slow50-owned-f1-qps1000-n24,final. lat. p50 (s),,V2,0.2967159125894768,0.014009144753170208,0.00404510801809426,10
slow50-owned-f1-qps1000-n24,final. lat. p95 (s),,V1,0.3586246019815118,0.01884139456979289,0.005759560931460777,10
slow50-owned-f1-qps1000-n24,final. lat. p95 (s),,V2,0.3635621842443412,0.02245095329398824,0.005406195520570684,10
slow50-owned-f1-qps1000-n24,final. lat. p99 (s),,V1,0.3849515641587111,0.027399783724850416,0.008132312880955945,10
slow50-owned-f1-qps1000-n24,final. lat. p99 (s),,V2,0.3956261239527027,0.028604435642305737,0.005553635841945633,10
slow50-owned-f1-qps1000-n24,submit lat. p50 (s),,V1,0.009210169808531843,0.001723767486432476,0.0005047933933294586,10
slow50-owned-f1-qps1000-n24,submit lat. p50 (s),,V2,0.015600134937162259,0.0024064461715723336,0.000449327179974437,10
slow50-owned-f1-qps1000-n24,submit lat. p95 (s),,V1,0.04340415443569026,0.006474214706539479,0.001788840672040712,10
slow50-owned-f1-qps1000-n24,submit lat. p95 (s),,V2,0.051146845991407786,0.010166440357760093,0.00163407245689245,10
slow50-owned-f1-qps1000-n24,ckpt lag p50 (s),,V1,0.18153268664786015,0.004497075614138288,0.0013554431172983796,10
slow50-owned-f1-qps1000-n24,ckpt lag p50 (s),,V2,0.6913315196641678,2.3112229635913284,0.4622091019261044,10
slow50-owned-f1-qps1000-n24,ckpt lag p95 (s),,V1,0.23298449013501657,0.012233221738801425,0.0033234283278471806,10
slow50-owned-f1-qps1000-n24,ckpt lag p95 (s),,V2,1.1535396105735958,3.7784946169206557,0.8368301936982405,10
slow50-owned-f1-qps1000-n24,ckpt lag p99 (s),,V1,0.2509088660453837,0.016886645413879162,0.002602881624589328,10
slow50-owned-f1-qps1000-n24,ckpt lag p99 (s),,V2,1.2399224983951098,4.04254547037648,0.9037097391133189,10
slow50-owned-f1-qps1000-n24,exec. dispatch queue,,V1,195.7,27.158976416647224,9.052992138882408,10
slow50-owned-f1-qps1000-n24,exec. dispatch queue,,V2,205.2,15.328405005087777,5.109468335029259,10
slow50-owned-f1-qps1000-n24,pending txs,,V1,3.7,0.45825756949558405,0.15275252316519466,10
slow50-owned-f1-qps1000-n24,pending txs,,V2,3.1,0.3,0.09999999999999999,10
slow50-owned-f1-qps1000-n24,exec. queue. delay p95 (s),,V1,0.033122231148185285,0.010381478688657126,0.001661694150030935,10
slow50-owned-f1-qps1000-n24,exec. queue. delay p95 (s),,V2,0.039611887535339084,0.013502570959351588,0.0016853135736555676,10
slow50-owned-f1-qps1000-n24,post-cons shed drops / sec,,V1,0.0,0.0,0.0,10
slow50-owned-f1-qps1000-n24,post-cons shed drops / sec,,V2,0.0,0.0,0.0,10
slow50-owned-f1-qps1000-n24,shed % quorum,,V1,0.0,0.0,0.0,10
slow50-owned-f1-qps1000-n24,shed % quorum,,V2,0.0,0.0,0.0,10
slow50-owned-f1-qps1000-n24,shed % local,,V1,0.0,0.0,0.0,10
slow50-owned-f1-qps1000-n24,shed % local,,V2,0.0,0.0,0.0,10
slow50-owned-f1-qps1000-n24,shed % cons-queue,,V1,0.0,0.0,0.0,10
slow50-owned-f1-qps1000-n24,shed % cons-queue,,V2,0.0,0.0,0.0,10
slow50-owned-f1-qps1000-n24,pre-cons overload rej / sec,,V1,nan,nan,nan,10
slow50-owned-f1-qps1000-n24,pre-cons overload rej / sec,,V2,nan,nan,nan,10
slow50-owned-f1-qps1000-n24,node CPU,,V1,3.360625971599637,0.5451184103746647,0.011816659624572672,10
slow50-owned-f1-qps1000-n24,node CPU,,V2,3.3570279037189663,0.8190314739314557,0.15083446821950366,10
slow50-owned-f1-qps1000-n24,node memory RSS (bytes),,V1,902314433.0631229,161186175.60120323,4675507.428240758,10
slow50-owned-f1-qps1000-n24,node memory RSS (bytes),,V2,889451606.0095087,165564324.63666734,13486522.457429169,10
slow50-owned-f1-qps1000-n24,overload graduated / sec,,V1,nan,nan,nan,10
slow50-owned-f1-qps1000-n24,overload graduated / sec,,V2,nan,nan,nan,10
slow50-owned-f1-qps1000-n24,overload max-pending / sec,,V1,nan,nan,nan,10
slow50-owned-f1-qps1000-n24,overload max-pending / sec,,V2,nan,nan,nan,10
slow50-owned-f1-qps1000-n24,overload semaphore / sec,,V1,nan,nan,nan,10
slow50-owned-f1-qps1000-n24,overload semaphore / sec,,V2,nan,nan,nan,10
slow50-owned-f1-qps1000-n24,attest. exec p50 (s),,V1,nan,nan,nan,10
slow50-owned-f1-qps1000-n24,attest. exec p50 (s),,V2,0.0029776853687593394,0.00046689572316609227,5.1086032273882546e-05,10
slow50-owned-f1-qps1000-n24,attest. exec p95 (s),,V1,nan,nan,nan,10
slow50-owned-f1-qps1000-n24,attest. exec p95 (s),,V2,0.004908786538082945,0.0004998022388683208,5.6847002739808116e-05,10
slow50-owned-f1-qps1000-n24,attest. exec p99 (s),,V1,nan,nan,nan,10
slow50-owned-f1-qps1000-n24,attest. exec p99 (s),,V2,0.0070847714541097985,0.0009263936745169843,0.00017975372115453073,10
slow50-owned-f1-qps1000-n24,attest. wait p50 (s),,V1,nan,nan,nan,10
slow50-owned-f1-qps1000-n24,attest. wait p50 (s),,V2,0.0007055915054454435,0.00023854491424244925,2.7780019068459026e-05,10
slow50-owned-f1-qps1000-n24,attest. wait p95 (s),,V1,nan,nan,nan,10
slow50-owned-f1-qps1000-n24,attest. wait p95 (s),,V2,0.007626604392567036,0.0015187315693575578,0.00031781858907972227,10
slow50-owned-f1-qps1000-n24,attest. wait p99 (s),,V1,nan,nan,nan,10
slow50-owned-f1-qps1000-n24,attest. wait p99 (s),,V2,0.01988901917976421,0.00442991211794455,0.0005494844972186851,10
slow50-owned-f1-qps1000-n24,attest. resume p50 (s),,V1,nan,nan,nan,10
slow50-owned-f1-qps1000-n24,attest. resume p50 (s),,V2,0.0005202770984156918,4.053396441690763e-06,4.5208919125076124e-07,10
slow50-owned-f1-qps1000-n24,attest. resume p95 (s),,V1,nan,nan,nan,10
slow50-owned-f1-qps1000-n24,attest. resume p95 (s),,V2,0.0009994998686525874,0.00010780876835723891,5.786837349672132e-06,10
slow50-owned-f1-qps1000-n24,attest. resume p99 (s),,V1,nan,nan,nan,10
slow50-owned-f1-qps1000-n24,attest. resume p99 (s),,V2,0.0039999503514079205,0.0004478225773507831,4.56458894573505e-05,10
slow50-owned-f1-qps1000-n24,num_inflight,,V1,68.3,3.661966684720111,1.22065556157337,10
slow50-owned-f1-qps1000-n24,num_inflight,,V2,67.8,4.894895300208167,1.6316317667360554,10
slow50-owned-f1-qps1000-n24,CUs,,V1,nan,nan,nan,10
slow50-owned-f1-qps1000-n24,CUs,,V2,1000.0,1.3934016759814225e-13,0.0,10
slow50-owned-v1-qps1000-n24,TPS,,V1,1010.0075521925833,104.2712743922916,1.125385453401653,10
slow50-owned-v1-qps1000-n24,TPS,,V2,1005.7861767891543,111.74582535912823,1.7093966551193256,10
slow50-owned-v1-qps1000-n24,attest. full p50 (s),,V1,nan,nan,nan,10
slow50-owned-v1-qps1000-n24,attest. full p50 (s),,V2,0.004474983682002301,0.0008621832198747575,0.00023972217083304505,10
slow50-owned-v1-qps1000-n24,attest. full p95 (s),,V1,nan,nan,nan,10
slow50-owned-v1-qps1000-n24,attest. full p95 (s),,V2,0.0634912500304418,0.03396499993002909,0.009227368564666312,10
slow50-owned-v1-qps1000-n24,attest. full p99 (s),,V1,nan,nan,nan,10
slow50-owned-v1-qps1000-n24,attest. full p99 (s),,V2,0.10333395567620397,0.04914421962976803,0.012704057041584643,10
slow50-owned-v1-qps1000-n24,attest. / sec,,V1,0.0,0.0,0.0,10
slow50-owned-v1-qps1000-n24,attest. / sec,,V2,982.565135958175,152.43719636799761,3.716307358465241,10
slow50-owned-v1-qps1000-n24,host CPU,,V1,68.98655443121258,24.90712371458706,0.24397807017680206,10
slow50-owned-v1-qps1000-n24,host CPU,,V2,70.55518891894233,24.893469199255343,0.17388671420633037,10
slow50-owned-v1-qps1000-n24,rec. → exec. p50 (s),,V1,0.3643732109818149,0.02070279297255366,0.006647099860030359,10
slow50-owned-v1-qps1000-n24,rec. → exec. p50 (s),,V2,0.3756881703614076,0.004906084864609152,0.0009870006208219499,10
slow50-owned-v1-qps1000-n24,rec. → exec. p95 (s),,V1,0.5093178501654936,0.07354700931087907,0.01952375959894176,10
slow50-owned-v1-qps1000-n24,rec. → exec. p95 (s),,V2,0.5116138799250067,0.068127282938754,0.012150605091667915,10
slow50-owned-v1-qps1000-n24,rec. → exec. p99 (s),,V1,0.568588871157518,0.15350252401354633,0.0463821367346275,10
slow50-owned-v1-qps1000-n24,rec. → exec. p99 (s),,V2,0.6121182613931393,0.16857202437280358,0.041507760614494335,10
slow50-owned-v1-qps1000-n24,pc valid. lat. p50 (s),,V1,0.002543270194697316,0.0003462558560941562,0.00010972575549428818,10
slow50-owned-v1-qps1000-n24,pc valid. lat. p50 (s),,V2,0.002181122720577042,0.0004403759320441605,0.00014149016930463826,10
slow50-owned-v1-qps1000-n24,pc valid. lat. p95 (s),,V1,0.0062220414202952285,0.001704190357524187,0.0005104839547675001,10
slow50-owned-v1-qps1000-n24,pc valid. lat. p95 (s),,V2,0.005807010813245508,0.001287976212026072,0.00038088995112930843,10
slow50-owned-v1-qps1000-n24,exec. lat. p95 (s),,V1,0.012599380257183677,0.003527753992250752,0.0011187006032173836,10
slow50-owned-v1-qps1000-n24,exec. lat. p95 (s),,V2,0.012898561861788456,0.003393233938953882,0.0010622341867619464,10
slow50-owned-v1-qps1000-n24,valid. drop. / sec,,V1,0.0,0.0,0.0,10
slow50-owned-v1-qps1000-n24,valid. drop. / sec,,V2,0.0,0.0,0.0,10
slow50-owned-v1-qps1000-n24,final. lat. p50 (s),,V1,nan,nan,nan,10
slow50-owned-v1-qps1000-n24,final. lat. p50 (s),,V2,nan,nan,nan,10
slow50-owned-v1-qps1000-n24,final. lat. p95 (s),,V1,nan,nan,nan,10
slow50-owned-v1-qps1000-n24,final. lat. p95 (s),,V2,nan,nan,nan,10
slow50-owned-v1-qps1000-n24,final. lat. p99 (s),,V1,nan,nan,nan,10
slow50-owned-v1-qps1000-n24,final. lat. p99 (s),,V2,nan,nan,nan,10
slow50-owned-v1-qps1000-n24,submit lat. p50 (s),,V1,nan,nan,nan,10
slow50-owned-v1-qps1000-n24,submit lat. p50 (s),,V2,nan,nan,nan,10
slow50-owned-v1-qps1000-n24,submit lat. p95 (s),,V1,nan,nan,nan,10
slow50-owned-v1-qps1000-n24,submit lat. p95 (s),,V2,nan,nan,nan,10
slow50-owned-v1-qps1000-n24,ckpt lag p50 (s),,V1,0.18762123053474627,0.011763003261117807,0.0034890864076590183,10
slow50-owned-v1-qps1000-n24,ckpt lag p50 (s),,V2,0.18858188859902728,0.009497026116322865,0.0028717135729862506,10
slow50-owned-v1-qps1000-n24,ckpt lag p95 (s),,V1,0.2587745045684135,0.08205911535142583,0.020757497792396273,10
slow50-owned-v1-qps1000-n24,ckpt lag p95 (s),,V2,0.25406697842204423,0.028413534115833822,0.00789660569606048,10
slow50-owned-v1-qps1000-n24,ckpt lag p99 (s),,V1,0.2998675416820358,0.1340311254893569,0.031852000849158534,10
slow50-owned-v1-qps1000-n24,ckpt lag p99 (s),,V2,0.28613802018814005,0.044237402862715255,0.011696462853176595,10
slow50-owned-v1-qps1000-n24,exec. dispatch queue,,V1,250.9,56.33551277835323,18.778504259451072,10
slow50-owned-v1-qps1000-n24,exec. dispatch queue,,V2,267.3,57.953515855381895,19.31783861846063,10
slow50-owned-v1-qps1000-n24,pending txs,,V1,5.2,4.512205669071392,1.5040685563571305,10
slow50-owned-v1-qps1000-n24,pending txs,,V2,3.1,0.3,0.09999999999999999,10
slow50-owned-v1-qps1000-n24,exec. queue. delay p95 (s),,V1,0.03200535637459255,0.015198998675646416,0.004061329982476303,10
slow50-owned-v1-qps1000-n24,exec. queue. delay p95 (s),,V2,0.042379772276164414,0.03226985089342445,0.007258866576580924,10
slow50-owned-v1-qps1000-n24,post-cons shed drops / sec,,V1,0.0,0.0,0.0,10
slow50-owned-v1-qps1000-n24,post-cons shed drops / sec,,V2,0.0,0.0,0.0,10
slow50-owned-v1-qps1000-n24,shed % quorum,,V1,0.0,0.0,0.0,10
slow50-owned-v1-qps1000-n24,shed % quorum,,V2,0.0,0.0,0.0,10
slow50-owned-v1-qps1000-n24,shed % local,,V1,0.0,0.0,0.0,10
slow50-owned-v1-qps1000-n24,shed % local,,V2,0.0,0.0,0.0,10
slow50-owned-v1-qps1000-n24,shed % cons-queue,,V1,0.0,0.0,0.0,10
slow50-owned-v1-qps1000-n24,shed % cons-queue,,V2,0.0,0.0,0.0,10
slow50-owned-v1-qps1000-n24,pre-cons overload rej / sec,,V1,nan,nan,nan,10
slow50-owned-v1-qps1000-n24,pre-cons overload rej / sec,,V2,nan,nan,nan,10
slow50-owned-v1-qps1000-n24,node CPU,,V1,3.3967131341942203,0.5214526757133409,0.013889543014602766,10
slow50-owned-v1-qps1000-n24,node CPU,,V2,4.687718320575594,0.6066226795862045,0.015341090198884645,10
slow50-owned-v1-qps1000-n24,node memory RSS (bytes),,V1,1032443870.2046205,202434866.1857333,13551522.662675168,10
slow50-owned-v1-qps1000-n24,node memory RSS (bytes),,V2,1109192962.1227198,204220434.80126137,12643575.857925264,10
slow50-owned-v1-qps1000-n24,overload graduated / sec,,V1,nan,nan,nan,10
slow50-owned-v1-qps1000-n24,overload graduated / sec,,V2,nan,nan,nan,10
slow50-owned-v1-qps1000-n24,overload max-pending / sec,,V1,nan,nan,nan,10
slow50-owned-v1-qps1000-n24,overload max-pending / sec,,V2,nan,nan,nan,10
slow50-owned-v1-qps1000-n24,overload semaphore / sec,,V1,nan,nan,nan,10
slow50-owned-v1-qps1000-n24,overload semaphore / sec,,V2,nan,nan,nan,10
slow50-owned-v1-qps1000-n24,attest. exec p50 (s),,V1,nan,nan,nan,10
slow50-owned-v1-qps1000-n24,attest. exec p50 (s),,V2,0.0028381603786835964,2.2354861549193447e-05,4.579174258715639e-06,10
slow50-owned-v1-qps1000-n24,attest. exec p95 (s),,V1,nan,nan,nan,10
slow50-owned-v1-qps1000-n24,attest. exec p95 (s),,V2,0.004864476987915004,2.043487895896837e-05,5.84535928102788e-06,10
slow50-owned-v1-qps1000-n24,attest. exec p99 (s),,V1,nan,nan,nan,10
slow50-owned-v1-qps1000-n24,attest. exec p99 (s),,V2,0.007736406252964182,0.0008818539598261885,0.0002547706275723178,10
slow50-owned-v1-qps1000-n24,attest. wait p50 (s),,V1,nan,nan,nan,10
slow50-owned-v1-qps1000-n24,attest. wait p50 (s),,V2,0.001794561933538448,0.0012074759357853214,0.0003464890816749346,10
slow50-owned-v1-qps1000-n24,attest. wait p95 (s),,V1,nan,nan,nan,10
slow50-owned-v1-qps1000-n24,attest. wait p95 (s),,V2,0.061175242215963425,0.03400317604244372,0.009260732177463132,10
slow50-owned-v1-qps1000-n24,attest. wait p99 (s),,V1,nan,nan,nan,10
slow50-owned-v1-qps1000-n24,attest. wait p99 (s),,V2,0.10112277525863271,0.04885460505927167,0.012626137373573156,10
slow50-owned-v1-qps1000-n24,attest. resume p50 (s),,V1,nan,nan,nan,10
slow50-owned-v1-qps1000-n24,attest. resume p50 (s),,V2,0.0005196078274220647,5.236685763263816e-06,1.229086656350951e-06,10
slow50-owned-v1-qps1000-n24,attest. resume p95 (s),,V1,nan,nan,nan,10
slow50-owned-v1-qps1000-n24,attest. resume p95 (s),,V2,0.00104614322636855,0.00022772735435620196,2.681683437842265e-05,10
slow50-owned-v1-qps1000-n24,attest. resume p99 (s),,V1,nan,nan,nan,10
slow50-owned-v1-qps1000-n24,attest. resume p99 (s),,V2,0.004030375518382739,0.00031786978134498316,7.802709899278525e-05,10
slow50-owned-v1-qps1000-n24,num_inflight,,V1,383.7,84.72077667254945,28.240258890849816,10
slow50-owned-v1-qps1000-n24,num_inflight,,V2,402.6,58.10542143380427,19.368473811268085,10
slow50-owned-v1-qps1000-n24,CUs,,V1,nan,nan,nan,10
slow50-owned-v1-qps1000-n24,CUs,,V2,1000.0,1.5077606916136377e-13,0.0,10
slow50-owned-v24-qps1000-n24,TPS,,V1,1006.958452412038,111.35174417984442,2.106649125615867,10
slow50-owned-v24-qps1000-n24,TPS,,V2,1009.1303080641763,100.44470794647036,2.0670972358497175,10
slow50-owned-v24-qps1000-n24,attest. full p50 (s),,V1,nan,nan,nan,10
slow50-owned-v24-qps1000-n24,attest. full p50 (s),,V2,0.0033325813153734186,7.192169022849822e-05,2.1607600002298586e-05,10
slow50-owned-v24-qps1000-n24,attest. full p95 (s),,V1,nan,nan,nan,10
slow50-owned-v24-qps1000-n24,attest. full p95 (s),,V2,0.010698612827147722,0.0018754447206638383,0.0005214339688516099,10
slow50-owned-v24-qps1000-n24,attest. full p99 (s),,V1,nan,nan,nan,10
slow50-owned-v24-qps1000-n24,attest. full p99 (s),,V2,0.022045018937871214,0.0013802132977539573,0.0003302774497716904,10
slow50-owned-v24-qps1000-n24,attest. / sec,,V1,0.0,0.0,0.0,10
slow50-owned-v24-qps1000-n24,attest. / sec,,V2,171.0732338570349,19.729168208952554,0.703204189688856,10
slow50-owned-v24-qps1000-n24,host CPU,,V1,69.24862172920385,24.427029207608626,0.19868209965763034,10
slow50-owned-v24-qps1000-n24,host CPU,,V2,69.80806650432856,25.56389238408714,0.1461689512207269,10
slow50-owned-v24-qps1000-n24,rec. → exec. p50 (s),,V1,0.35522107116532387,0.03850413878096072,0.010718740715653841,10
slow50-owned-v24-qps1000-n24,rec. → exec. p50 (s),,V2,0.3671567429027072,0.014843003471658693,0.0035634272206649643,10
slow50-owned-v24-qps1000-n24,rec. → exec. p95 (s),,V1,0.4855150199064336,0.0038716118557483516,0.0010750174620472502,10
slow50-owned-v24-qps1000-n24,rec. → exec. p95 (s),,V2,0.4867154287605277,0.001486282055909239,0.0003563343681994824,10
slow50-owned-v24-qps1000-n24,rec. → exec. p99 (s),,V1,0.4971030039812867,0.0007743223711496695,0.00021500349240944727,10
slow50-owned-v24-qps1000-n24,rec. → exec. p99 (s),,V2,0.49734308575210556,0.0002972564111818491,7.126687363988825e-05,10
slow50-owned-v24-qps1000-n24,pc valid. lat. p50 (s),,V1,0.0028461166963543345,8.50887021524324e-05,2.450303851996458e-05,10
slow50-owned-v24-qps1000-n24,pc valid. lat. p50 (s),,V2,0.0026150301422368824,0.00014289169839472305,3.769151266729389e-05,10
slow50-owned-v24-qps1000-n24,pc valid. lat. p95 (s),,V1,0.004954193139897799,0.0001258485452376986,2.189408437982521e-05,10
slow50-owned-v24-qps1000-n24,pc valid. lat. p95 (s),,V2,0.004883556123096759,3.8833063311846236e-05,1.0227558858515125e-05,10
slow50-owned-v24-qps1000-n24,exec. lat. p95 (s),,V1,0.009611639652972643,0.0004965211214245842,0.00015414137686698185,10
slow50-owned-v24-qps1000-n24,exec. lat. p95 (s),,V2,0.009879800210756925,0.0007602161702861668,0.00021008227724756797,10
slow50-owned-v24-qps1000-n24,valid. drop. / sec,,V1,0.0,0.0,0.0,10
slow50-owned-v24-qps1000-n24,valid. drop. / sec,,V2,0.0,0.0,0.0,10
slow50-owned-v24-qps1000-n24,final. lat. p50 (s),,V1,nan,nan,nan,10
slow50-owned-v24-qps1000-n24,final. lat. p50 (s),,V2,nan,nan,nan,10
slow50-owned-v24-qps1000-n24,final. lat. p95 (s),,V1,nan,nan,nan,10
slow50-owned-v24-qps1000-n24,final. lat. p95 (s),,V2,nan,nan,nan,10
slow50-owned-v24-qps1000-n24,final. lat. p99 (s),,V1,nan,nan,nan,10
slow50-owned-v24-qps1000-n24,final. lat. p99 (s),,V2,nan,nan,nan,10
slow50-owned-v24-qps1000-n24,submit lat. p50 (s),,V1,nan,nan,nan,10
slow50-owned-v24-qps1000-n24,submit lat. p50 (s),,V2,nan,nan,nan,10
slow50-owned-v24-qps1000-n24,submit lat. p95 (s),,V1,nan,nan,nan,10
slow50-owned-v24-qps1000-n24,submit lat. p95 (s),,V2,nan,nan,nan,10
slow50-owned-v24-qps1000-n24,ckpt lag p50 (s),,V1,0.18408948896053395,0.01395476893272254,0.004594746829828157,10
slow50-owned-v24-qps1000-n24,ckpt lag p50 (s),,V2,0.18388748264739008,0.011073855081307796,0.003053871607929511,10
slow50-owned-v24-qps1000-n24,ckpt lag p95 (s),,V1,0.22334648214112404,0.017871347723210657,0.005117035238846141,10
slow50-owned-v24-qps1000-n24,ckpt lag p95 (s),,V2,0.227348274934318,0.016541233204640456,0.0046411658527157566,10
slow50-owned-v24-qps1000-n24,ckpt lag p99 (s),,V1,0.24349507902341208,0.010056752798205431,0.0021839899467002728,10
slow50-owned-v24-qps1000-n24,ckpt lag p99 (s),,V2,0.247349571981756,0.013484320864997158,0.002096471116637174,10
slow50-owned-v24-qps1000-n24,exec. dispatch queue,,V1,196.1,33.137441059924946,11.04581368664165,10
slow50-owned-v24-qps1000-n24,exec. dispatch queue,,V2,206.5,30.955613384328213,10.31853779477607,10
slow50-owned-v24-qps1000-n24,pending txs,,V1,3.6,0.48989794855663565,0.16329931618554522,10
slow50-owned-v24-qps1000-n24,pending txs,,V2,3.5,0.5,0.16666666666666666,10
slow50-owned-v24-qps1000-n24,exec. queue. delay p95 (s),,V1,0.02586599438672991,0.005514216981304754,0.0006595943661067741,10
slow50-owned-v24-qps1000-n24,exec. queue. delay p95 (s),,V2,0.02850031281030672,0.008048713089935265,0.0012363072997835089,10
slow50-owned-v24-qps1000-n24,post-cons shed drops / sec,,V1,0.0,0.0,0.0,10
slow50-owned-v24-qps1000-n24,post-cons shed drops / sec,,V2,0.0,0.0,0.0,10
slow50-owned-v24-qps1000-n24,shed % quorum,,V1,0.0,0.0,0.0,10
slow50-owned-v24-qps1000-n24,shed % quorum,,V2,0.0,0.0,0.0,10
slow50-owned-v24-qps1000-n24,shed % local,,V1,0.0,0.0,0.0,10
slow50-owned-v24-qps1000-n24,shed % local,,V2,0.0,0.0,0.0,10
slow50-owned-v24-qps1000-n24,shed % cons-queue,,V1,0.0,0.0,0.0,10
slow50-owned-v24-qps1000-n24,shed % cons-queue,,V2,0.0,0.0,0.0,10
slow50-owned-v24-qps1000-n24,pre-cons overload rej / sec,,V1,nan,nan,nan,10
slow50-owned-v24-qps1000-n24,pre-cons overload rej / sec,,V2,nan,nan,nan,10
slow50-owned-v24-qps1000-n24,node CPU,,V1,3.291362262649471,0.44857823515101497,0.014873419972171708,10
slow50-owned-v24-qps1000-n24,node CPU,,V2,3.480836107346901,0.5252027603983341,0.013331891467416214,10
slow50-owned-v24-qps1000-n24,node memory RSS (bytes),,V1,918346403.84,160584472.81230718,5984889.743937763,10
slow50-owned-v24-qps1000-n24,node memory RSS (bytes),,V2,917034568.4126456,156567256.05290377,5122525.1488309475,10
slow50-owned-v24-qps1000-n24,overload graduated / sec,,V1,nan,nan,nan,10
slow50-owned-v24-qps1000-n24,overload graduated / sec,,V2,nan,nan,nan,10
slow50-owned-v24-qps1000-n24,overload max-pending / sec,,V1,nan,nan,nan,10
slow50-owned-v24-qps1000-n24,overload max-pending / sec,,V2,nan,nan,nan,10
slow50-owned-v24-qps1000-n24,overload semaphore / sec,,V1,nan,nan,nan,10
slow50-owned-v24-qps1000-n24,overload semaphore / sec,,V2,nan,nan,nan,10
slow50-owned-v24-qps1000-n24,attest. exec p50 (s),,V1,nan,nan,nan,10
slow50-owned-v24-qps1000-n24,attest. exec p50 (s),,V2,0.0028921608902995576,1.5196793526853577e-05,1.2878526149903855e-06,10
slow50-owned-v24-qps1000-n24,attest. exec p95 (s),,V1,nan,nan,nan,10
slow50-owned-v24-qps1000-n24,attest. exec p95 (s),,V2,0.004855635483447707,1.6101164303325066e-05,4.611408101454836e-06,10
slow50-owned-v24-qps1000-n24,attest. exec p99 (s),,V1,nan,nan,nan,10
slow50-owned-v24-qps1000-n24,attest. exec p99 (s),,V2,0.007053802139021144,0.0007798787491418217,0.0002068926448011192,10
slow50-owned-v24-qps1000-n24,attest. wait p50 (s),,V1,nan,nan,nan,10
slow50-owned-v24-qps1000-n24,attest. wait p50 (s),,V2,0.0007103689766835063,2.8983563946856197e-05,8.865092037122267e-06,10
slow50-owned-v24-qps1000-n24,attest. wait p95 (s),,V1,nan,nan,nan,10
slow50-owned-v24-qps1000-n24,attest. wait p95 (s),,V2,0.007746473734385719,0.0010194936329547325,0.00030372107375560515,10
slow50-owned-v24-qps1000-n24,attest. wait p99 (s),,V1,nan,nan,nan,10
slow50-owned-v24-qps1000-n24,attest. wait p99 (s),,V2,0.01867211085405252,0.0025224969896478896,0.0006796405928484707,10
slow50-owned-v24-qps1000-n24,attest. resume p50 (s),,V1,nan,nan,nan,10
slow50-owned-v24-qps1000-n24,attest. resume p50 (s),,V2,0.0005213181831196487,7.051115030745232e-06,4.299816184483349e-07,10
slow50-owned-v24-qps1000-n24,attest. resume p95 (s),,V1,nan,nan,nan,10
slow50-owned-v24-qps1000-n24,attest. resume p95 (s),,V2,0.0009962752916711003,0.000136118576363717,5.2594391733326295e-06,10
slow50-owned-v24-qps1000-n24,attest. resume p99 (s),,V1,nan,nan,nan,10
slow50-owned-v24-qps1000-n24,attest. resume p99 (s),,V2,0.004080214071611626,0.00011407020813827999,2.3278544271106116e-05,10
slow50-owned-v24-qps1000-n24,num_inflight,,V1,65.6,4.94368283772331,1.647894279241103,10
slow50-owned-v24-qps1000-n24,num_inflight,,V2,67.7,5.367494760127857,1.789164920042619,10
slow50-owned-v24-qps1000-n24,CUs,,V1,nan,nan,nan,10
slow50-owned-v24-qps1000-n24,CUs,,V2,1000.0,1.3994596315256272e-13,0.0,10
slow50-owned-f1-qps2000-n24,TPS,,V1,825.4949591688238,523.615256767201,109.72291354209034,10
slow50-owned-f1-qps2000-n24,TPS,,V2,1039.0447548789587,316.31705735454517,53.70926542842053,10
slow50-owned-f1-qps2000-n24,attest. full p50 (s),,V1,nan,nan,nan,10
slow50-owned-f1-qps2000-n24,attest. full p50 (s),,V2,0.007305349130866735,0.005512542802291924,0.0003455812670037103,10
slow50-owned-f1-qps2000-n24,attest. full p95 (s),,V1,nan,nan,nan,10
slow50-owned-f1-qps2000-n24,attest. full p95 (s),,V2,0.12209882863647593,0.04950147438364094,0.0034580330101121166,10
slow50-owned-f1-qps2000-n24,attest. full p99 (s),,V1,nan,nan,nan,10
slow50-owned-f1-qps2000-n24,attest. full p99 (s),,V2,0.23679106442631906,0.08854458588503578,0.006003293459307039,10
slow50-owned-f1-qps2000-n24,attest. / sec,,V1,0.0,0.0,0.0,10
slow50-owned-f1-qps2000-n24,attest. / sec,,V2,185.5714546929883,52.8204758007843,9.69144850894066,10
slow50-owned-f1-qps2000-n24,host CPU,,V1,25.428138974945476,38.42677164784529,0.538141548732014,10
slow50-owned-f1-qps2000-n24,host CPU,,V2,24.52923862274696,39.79023132502779,0.2971138663361193,10
slow50-owned-f1-qps2000-n24,rec. → exec. p50 (s),,V1,0.5757571221103307,0.19663098547032362,0.028086702480073743,10
slow50-owned-f1-qps2000-n24,rec. → exec. p50 (s),,V2,0.6562725163634152,0.2149677583671359,0.015212205696429679,10
slow50-owned-f1-qps2000-n24,rec. → exec. p95 (s),,V1,1.0365698777984609,0.39126946136192065,0.06302286777610072,10
slow50-owned-f1-qps2000-n24,rec. → exec. p95 (s),,V2,1.187275209994083,0.42327802097131906,0.034574573344493105,10
slow50-owned-f1-qps2000-n24,rec. → exec. p99 (s),,V1,1.2063767573602007,0.4894668740220885,0.081503886531548,10
slow50-owned-f1-qps2000-n24,rec. → exec. p99 (s),,V2,1.447816134183773,0.5149122388944964,0.05684677428930617,10
slow50-owned-f1-qps2000-n24,pc valid. lat. p50 (s),,V1,0.0018397610414306045,0.0010963222953410017,0.0002209430159579359,10
slow50-owned-f1-qps2000-n24,pc valid. lat. p50 (s),,V2,0.0021858701028380292,0.0007616449048858949,0.00012195694501376724,10
slow50-owned-f1-qps2000-n24,pc valid. lat. p95 (s),,V1,0.014590514119177578,0.008973991891918475,0.0018887253980762262,10
slow50-owned-f1-qps2000-n24,pc valid. lat. p95 (s),,V2,0.016338918647970067,0.005069475214399341,0.0009539842819080781,10
slow50-owned-f1-qps2000-n24,exec. lat. p95 (s),,V1,0.026371149942893562,0.017425599985394585,0.0032430771974454663,10
slow50-owned-f1-qps2000-n24,exec. lat. p95 (s),,V2,0.03337220693074574,0.013541621081553337,0.0014952515199967448,10
slow50-owned-f1-qps2000-n24,valid. drop. / sec,,V1,0.0,0.0,0.0,10
slow50-owned-f1-qps2000-n24,valid. drop. / sec,,V2,0.0,0.0,0.0,10
slow50-owned-f1-qps2000-n24,final. lat. p50 (s),,V1,0.8515182531385195,0.27523937980915447,0.058555941694502615,10
slow50-owned-f1-qps2000-n24,final. lat. p50 (s),,V2,0.9289718942713614,0.236321547789412,0.04012166265072079,10
slow50-owned-f1-qps2000-n24,final. lat. p95 (s),,V1,1.653217896520047,0.6373024410222279,0.14305816994663337,10
slow50-owned-f1-qps2000-n24,final. lat. p95 (s),,V2,1.8743539008375425,0.5372719475302034,0.09075345176094492,10
slow50-owned-f1-qps2000-n24,final. lat. p99 (s),,V1,2.0411451887913876,0.8196230908353251,0.1873451584713126,10
slow50-owned-f1-qps2000-n24,final. lat. p99 (s),,V2,2.32628637907215,0.6877201825771134,0.1179956525127072,10
slow50-owned-f1-qps2000-n24,submit lat. p50 (s),,V1,0.2512128792554057,0.1257157120994493,0.02627955252740717,10
slow50-owned-f1-qps2000-n24,submit lat. p50 (s),,V2,0.30261610857174454,0.11902165628300021,0.01753509645390882,10
slow50-owned-f1-qps2000-n24,submit lat. p95 (s),,V1,0.9099980976720384,0.4202606611193654,0.09439846307414282,10
slow50-owned-f1-qps2000-n24,submit lat. p95 (s),,V2,1.082465450904385,0.3534426401217472,0.058704398004154446,10
slow50-owned-f1-qps2000-n24,ckpt lag p50 (s),,V1,4.316986285985431,10.669456720313175,2.5220440756324627,10
slow50-owned-f1-qps2000-n24,ckpt lag p50 (s),,V2,0.6520543669364766,2.189483164199848,0.39156611623035414,10
slow50-owned-f1-qps2000-n24,ckpt lag p95 (s),,V1,6.869765454502915,16.24630737826731,3.8586235823242694,10
slow50-owned-f1-qps2000-n24,ckpt lag p95 (s),,V2,1.2784589327377838,3.4383487658177616,0.6723274427473946,10
slow50-owned-f1-qps2000-n24,ckpt lag p99 (s),,V1,7.764740466070723,16.991905877594192,4.030022113619622,10
slow50-owned-f1-qps2000-n24,ckpt lag p99 (s),,V2,1.8964988879379456,3.7125311815591866,0.685685950826797,10
slow50-owned-f1-qps2000-n24,exec. dispatch queue,,V1,1219.3,151.88419930986896,50.62806643662298,10
slow50-owned-f1-qps2000-n24,exec. dispatch queue,,V2,1243.5,105.52085102007091,35.1736170066903,10
slow50-owned-f1-qps2000-n24,pending txs,,V1,23.1,3.9862262855989496,1.3287420951996498,10
slow50-owned-f1-qps2000-n24,pending txs,,V2,22.8,3.8678159211627436,1.2892719737209144,10
slow50-owned-f1-qps2000-n24,exec. queue. delay p95 (s),,V1,0.6277035681616582,0.3557027604058258,0.0729565304342319,10
slow50-owned-f1-qps2000-n24,exec. queue. delay p95 (s),,V2,0.7910899477328214,0.2194965043059557,0.015110135113626723,10
slow50-owned-f1-qps2000-n24,post-cons shed drops / sec,,V1,0.0,0.0,0.0,10
slow50-owned-f1-qps2000-n24,post-cons shed drops / sec,,V2,0.0,0.0,0.0,10
slow50-owned-f1-qps2000-n24,shed % quorum,,V1,0.0,0.0,0.0,10
slow50-owned-f1-qps2000-n24,shed % quorum,,V2,0.0,0.0,0.0,10
slow50-owned-f1-qps2000-n24,shed % local,,V1,0.0,0.0,0.0,10
slow50-owned-f1-qps2000-n24,shed % local,,V2,0.0,0.0,0.0,10
slow50-owned-f1-qps2000-n24,shed % cons-queue,,V1,0.0,0.0,0.0,10
slow50-owned-f1-qps2000-n24,shed % cons-queue,,V2,0.0,0.0,0.0,10
slow50-owned-f1-qps2000-n24,pre-cons overload rej / sec,,V1,nan,nan,nan,10
slow50-owned-f1-qps2000-n24,pre-cons overload rej / sec,,V2,nan,nan,nan,10
slow50-owned-f1-qps2000-n24,node CPU,,V1,3.0477362182913534,1.2717958037888213,0.24507609534455715,10
slow50-owned-f1-qps2000-n24,node CPU,,V2,3.6881925467390353,0.9332552453914364,0.12383984512911077,10
slow50-owned-f1-qps2000-n24,node memory RSS (bytes),,V1,1045892214.8345679,240554220.6841401,22817884.159045443,10
slow50-owned-f1-qps2000-n24,node memory RSS (bytes),,V2,1105367090.7244582,252097600.70142037,20739669.91010739,10
slow50-owned-f1-qps2000-n24,overload graduated / sec,,V1,nan,nan,nan,10
slow50-owned-f1-qps2000-n24,overload graduated / sec,,V2,nan,nan,nan,10
slow50-owned-f1-qps2000-n24,overload max-pending / sec,,V1,nan,nan,nan,10
slow50-owned-f1-qps2000-n24,overload max-pending / sec,,V2,nan,nan,nan,10
slow50-owned-f1-qps2000-n24,overload semaphore / sec,,V1,nan,nan,nan,10
slow50-owned-f1-qps2000-n24,overload semaphore / sec,,V2,nan,nan,nan,10
slow50-owned-f1-qps2000-n24,attest. exec p50 (s),,V1,nan,nan,nan,10
slow50-owned-f1-qps2000-n24,attest. exec p50 (s),,V2,0.0030912605624780934,0.00021648536098575028,3.3974851109940085e-06,10
slow50-owned-f1-qps2000-n24,attest. exec p95 (s),,V1,nan,nan,nan,10
slow50-owned-f1-qps2000-n24,attest. exec p95 (s),,V2,0.005736295771407135,0.0008323284490402845,9.012924183629932e-05,10
slow50-owned-f1-qps2000-n24,attest. exec p99 (s),,V1,nan,nan,nan,10
slow50-owned-f1-qps2000-n24,attest. exec p99 (s),,V2,0.0117613455790211,0.002418623150953974,0.0001859840166264978,10
slow50-owned-f1-qps2000-n24,attest. wait p50 (s),,V1,nan,nan,nan,10
slow50-owned-f1-qps2000-n24,attest. wait p50 (s),,V2,0.004290815670798201,0.005177629502792182,0.00033311372480375787,10
slow50-owned-f1-qps2000-n24,attest. wait p95 (s),,V1,nan,nan,nan,10
slow50-owned-f1-qps2000-n24,attest. wait p95 (s),,V2,0.11824338833771783,0.049813788427336254,0.0035287642065883556,10
slow50-owned-f1-qps2000-n24,attest. wait p99 (s),,V1,nan,nan,nan,10
slow50-owned-f1-qps2000-n24,attest. wait p99 (s),,V2,0.23266580232807207,0.08895467567266925,0.005924891511905987,10
slow50-owned-f1-qps2000-n24,attest. resume p50 (s),,V1,nan,nan,nan,10
slow50-owned-f1-qps2000-n24,attest. resume p50 (s),,V2,0.0005618739037299443,1.8257601304239238e-05,2.0955549630573633e-06,10
slow50-owned-f1-qps2000-n24,attest. resume p95 (s),,V1,nan,nan,nan,10
slow50-owned-f1-qps2000-n24,attest. resume p95 (s),,V2,0.003761643610003607,0.001064113297853079,0.00012978685771057393,10
slow50-owned-f1-qps2000-n24,attest. resume p99 (s),,V1,nan,nan,nan,10
slow50-owned-f1-qps2000-n24,attest. resume p99 (s),,V2,0.01522113015260662,0.01163214723838869,0.0008570428229987682,10
slow50-owned-f1-qps2000-n24,num_inflight,,V1,277.1,43.14267029287825,14.380890097626084,10
slow50-owned-f1-qps2000-n24,num_inflight,,V2,295.8,57.516606297659806,19.172202099219934,10
slow50-owned-f1-qps2000-n24,CUs,,V1,nan,nan,nan,10
slow50-owned-f1-qps2000-n24,CUs,,V2,1000.0,1.246858620345018e-13,0.0,10
slow50-owned-v1-qps2000-n24,TPS,,V1,1304.8660005154984,216.95925510247264,7.060282144656723,10
slow50-owned-v1-qps2000-n24,TPS,,V2,1030.2206888124056,530.2959034614814,49.2141521000773,10
slow50-owned-v1-qps2000-n24,attest. full p50 (s),,V1,nan,nan,nan,10
slow50-owned-v1-qps2000-n24,attest. full p50 (s),,V2,0.017711047575348807,0.016572445714171095,0.0014532934309640522,10
slow50-owned-v1-qps2000-n24,attest. full p95 (s),,V1,nan,nan,nan,10
slow50-owned-v1-qps2000-n24,attest. full p95 (s),,V2,0.230268381153922,0.07190349949309409,0.008074762028922086,10
slow50-owned-v1-qps2000-n24,attest. full p99 (s),,V1,nan,nan,nan,10
slow50-owned-v1-qps2000-n24,attest. full p99 (s),,V2,0.39388178528325035,0.10307374097056664,0.013523240229748379,10
slow50-owned-v1-qps2000-n24,attest. / sec,,V1,0.0,0.0,0.0,10
slow50-owned-v1-qps2000-n24,attest. / sec,,V2,1607.8972797520985,537.0946922716932,81.76294569689459,10
slow50-owned-v1-qps2000-n24,host CPU,,V1,84.26962677988479,29.94260740128192,0.19384913829143569,10
slow50-owned-v1-qps2000-n24,host CPU,,V2,77.09778810107896,29.166892987346696,1.5283072645594813,10
slow50-owned-v1-qps2000-n24,rec. → exec. p50 (s),,V1,0.7493558764352741,0.24599932679295516,0.045057055222166464,10
slow50-owned-v1-qps2000-n24,rec. → exec. p50 (s),,V2,1.480103393053813,1.1140651114328022,0.11257665998974185,10
slow50-owned-v1-qps2000-n24,rec. → exec. p95 (s),,V1,1.538158431016543,1.5616932372265215,0.2488415710199568,10
slow50-owned-v1-qps2000-n24,rec. → exec. p95 (s),,V2,12.567061662862686,6.695755619607417,0.3639353652380024,10
slow50-owned-v1-qps2000-n24,rec. → exec. p99 (s),,V1,3.144446714970487,4.678285632282436,0.6923636399630156,10
slow50-owned-v1-qps2000-n24,rec. → exec. p99 (s),,V2,17.64138857701342,8.540773063376536,0.4943446634710181,10
slow50-owned-v1-qps2000-n24,pc valid. lat. p50 (s),,V1,0.003965860649551151,0.0005852002147337051,6.607532799298025e-05,10
slow50-owned-v1-qps2000-n24,pc valid. lat. p50 (s),,V2,0.0007046805165709543,0.0002831771722688116,3.5112556603096376e-05,10
slow50-owned-v1-qps2000-n24,pc valid. lat. p95 (s),,V1,0.026990616716405263,0.005715812800684554,0.000592891180179484,10
slow50-owned-v1-qps2000-n24,pc valid. lat. p95 (s),,V2,0.01751024083753023,0.0049260584025251335,0.0006005142552673872,10
slow50-owned-v1-qps2000-n24,exec. lat. p95 (s),,V1,0.07390797266493634,0.03672261018964766,0.0055991291586881195,10
slow50-owned-v1-qps2000-n24,exec. lat. p95 (s),,V2,0.05470480505340819,0.018499601636649425,0.0022801952062694126,10
slow50-owned-v1-qps2000-n24,valid. drop. / sec,,V1,0.0,0.0,0.0,10
slow50-owned-v1-qps2000-n24,valid. drop. / sec,,V2,0.0,0.0,0.0,10
slow50-owned-v1-qps2000-n24,final. lat. p50 (s),,V1,nan,nan,nan,10
slow50-owned-v1-qps2000-n24,final. lat. p50 (s),,V2,nan,nan,nan,10
slow50-owned-v1-qps2000-n24,final. lat. p95 (s),,V1,nan,nan,nan,10
slow50-owned-v1-qps2000-n24,final. lat. p95 (s),,V2,nan,nan,nan,10
slow50-owned-v1-qps2000-n24,final. lat. p99 (s),,V1,nan,nan,nan,10
slow50-owned-v1-qps2000-n24,final. lat. p99 (s),,V2,nan,nan,nan,10
slow50-owned-v1-qps2000-n24,submit lat. p50 (s),,V1,nan,nan,nan,10
slow50-owned-v1-qps2000-n24,submit lat. p50 (s),,V2,nan,nan,nan,10
slow50-owned-v1-qps2000-n24,submit lat. p95 (s),,V1,nan,nan,nan,10
slow50-owned-v1-qps2000-n24,submit lat. p95 (s),,V2,nan,nan,nan,10
slow50-owned-v1-qps2000-n24,ckpt lag p50 (s),,V1,0.3636088590961892,0.08057166431529247,0.009167857560736764,10
slow50-owned-v1-qps2000-n24,ckpt lag p50 (s),,V2,1.7972637836446206,5.508240015067044,2.2663626941828348,10
slow50-owned-v1-qps2000-n24,ckpt lag p95 (s),,V1,2.7233601060248116,2.97490966959987,0.42884017259887286,10
slow50-owned-v1-qps2000-n24,ckpt lag p95 (s),,V2,3.5328194539291045,9.628286127170561,3.8991404950526465,10
slow50-owned-v1-qps2000-n24,ckpt lag p99 (s),,V1,5.0874489360701185,4.60641812073466,0.7346643035539374,10
slow50-owned-v1-qps2000-n24,ckpt lag p99 (s),,V2,4.561337225061132,11.13156808449819,4.577367392725914,10
slow50-owned-v1-qps2000-n24,exec. dispatch queue,,V1,1900.6,481.84130167514695,160.61376722504897,10
slow50-owned-v1-qps2000-n24,exec. dispatch queue,,V2,1558.1,293.34568345213467,97.7818944840449,10
slow50-owned-v1-qps2000-n24,pending txs,,V1,184.8,100.51845601679327,33.50615200559775,10
slow50-owned-v1-qps2000-n24,pending txs,,V2,59.2,32.58158989368076,10.860529964560252,10
slow50-owned-v1-qps2000-n24,exec. queue. delay p95 (s),,V1,0.7624509416477706,0.49834767797201457,0.0739676518413727,10
slow50-owned-v1-qps2000-n24,exec. queue. delay p95 (s),,V2,0.7352094851799972,0.48217458226040966,0.05404929508518711,10
slow50-owned-v1-qps2000-n24,post-cons shed drops / sec,,V1,0.0,0.0,0.0,10
slow50-owned-v1-qps2000-n24,post-cons shed drops / sec,,V2,3.0466227347611206,23.676381803722904,3.0316393442622944,10
slow50-owned-v1-qps2000-n24,shed % quorum,,V1,0.0,0.0,0.0,10
slow50-owned-v1-qps2000-n24,shed % quorum,,V2,2.0,6.0,2.0,10
slow50-owned-v1-qps2000-n24,shed % local,,V1,3.6,7.213875518748574,2.404625172916191,10
slow50-owned-v1-qps2000-n24,shed % local,,V2,3.6,10.8,3.6,10
slow50-owned-v1-qps2000-n24,shed % cons-queue,,V1,0.0,0.0,0.0,10
slow50-owned-v1-qps2000-n24,shed % cons-queue,,V2,0.0,0.0,0.0,10
slow50-owned-v1-qps2000-n24,pre-cons overload rej / sec,,V1,8.22392886979353,26.42519554369905,5.745240637328695,10
slow50-owned-v1-qps2000-n24,pre-cons overload rej / sec,,V2,214.21400862068967,180.57204322401807,11.761149809871931,10
slow50-owned-v1-qps2000-n24,node CPU,,V1,4.271565133420239,0.5280117172098714,0.014645143317873496,10
slow50-owned-v1-qps2000-n24,node CPU,,V2,5.569156854534323,1.186406997866129,0.15499930041954366,10
slow50-owned-v1-qps2000-n24,node memory RSS (bytes),,V1,1268312292.2907915,275696122.23548454,7373493.487088583,10
slow50-owned-v1-qps2000-n24,node memory RSS (bytes),,V2,1369630430.2829268,274872604.4433031,12905470.349937258,10
slow50-owned-v1-qps2000-n24,overload graduated / sec,,V1,nan,nan,nan,10
slow50-owned-v1-qps2000-n24,overload graduated / sec,,V2,nan,nan,nan,10
slow50-owned-v1-qps2000-n24,overload max-pending / sec,,V1,nan,nan,nan,10
slow50-owned-v1-qps2000-n24,overload max-pending / sec,,V2,nan,nan,nan,10
slow50-owned-v1-qps2000-n24,overload semaphore / sec,,V1,8.22392886979353,26.42519554369905,5.745240637328695,10
slow50-owned-v1-qps2000-n24,overload semaphore / sec,,V2,214.23715038314174,180.5588192906668,11.758070891940392,10
slow50-owned-v1-qps2000-n24,attest. exec p50 (s),,V1,nan,nan,nan,10
slow50-owned-v1-qps2000-n24,attest. exec p50 (s),,V2,0.0021978235145433105,0.000502204517453374,5.906998266539602e-05,10
slow50-owned-v1-qps2000-n24,attest. exec p95 (s),,V1,nan,nan,nan,10
slow50-owned-v1-qps2000-n24,attest. exec p95 (s),,V2,0.004860711699159559,4.653095381387388e-05,4.816186808767224e-06,10
slow50-owned-v1-qps2000-n24,attest. exec p99 (s),,V1,nan,nan,nan,10
slow50-owned-v1-qps2000-n24,attest. exec p99 (s),,V2,0.008639388136377891,0.000553804403615118,3.360699662183277e-05,10
slow50-owned-v1-qps2000-n24,attest. wait p50 (s),,V1,nan,nan,nan,10
slow50-owned-v1-qps2000-n24,attest. wait p50 (s),,V2,0.0036392726683290876,0.001635107077859448,0.00017765025468281467,10
slow50-owned-v1-qps2000-n24,attest. wait p95 (s),,V1,nan,nan,nan,10
slow50-owned-v1-qps2000-n24,attest. wait p95 (s),,V2,0.16332735822414382,0.03690768291432498,0.0031036391967546716,10
slow50-owned-v1-qps2000-n24,attest. wait p99 (s),,V1,nan,nan,nan,10
slow50-owned-v1-qps2000-n24,attest. wait p99 (s),,V2,0.29906553270899683,0.05737717017914898,0.005907164583054571,10
slow50-owned-v1-qps2000-n24,attest. resume p50 (s),,V1,nan,nan,nan,10
slow50-owned-v1-qps2000-n24,attest. resume p50 (s),,V2,0.002906134807784513,0.008188982160010858,0.0006716311423963529,10
slow50-owned-v1-qps2000-n24,attest. resume p95 (s),,V1,nan,nan,nan,10
slow50-owned-v1-qps2000-n24,attest. resume p95 (s),,V2,0.10935226132404266,0.07427817113381015,0.008398068790613404,10
slow50-owned-v1-qps2000-n24,attest. resume p99 (s),,V1,nan,nan,nan,10
slow50-owned-v1-qps2000-n24,attest. resume p99 (s),,V2,0.21539456447197347,0.10932127146399732,0.01670288624723425,10
slow50-owned-v1-qps2000-n24,num_inflight,,V1,1392.3,180.2570664356879,60.08568881189596,10
slow50-owned-v1-qps2000-n24,num_inflight,,V2,2118.9,333.8920334479395,111.29734448264652,10
slow50-owned-v1-qps2000-n24,CUs,,V1,nan,nan,nan,10
slow50-owned-v1-qps2000-n24,CUs,,V2,1000.0,1.3103032389229998e-13,0.0,10
slow50-owned-v24-qps2000-n24,TPS,,V1,1212.512123844169,512.7795218635374,57.08075944856298,10
slow50-owned-v24-qps2000-n24,TPS,,V2,1251.6823317487608,241.89221073480186,4.8535400732478875,10
slow50-owned-v24-qps2000-n24,attest. full p50 (s),,V1,nan,nan,nan,10
slow50-owned-v24-qps2000-n24,attest. full p50 (s),,V2,0.00943418696061189,0.005519451727623527,0.00023577806088355446,10
slow50-owned-v24-qps2000-n24,attest. full p95 (s),,V1,nan,nan,nan,10
slow50-owned-v24-qps2000-n24,attest. full p95 (s),,V2,0.07521570907968972,0.043619958947343634,0.002855711336800379,10
slow50-owned-v24-qps2000-n24,attest. full p99 (s),,V1,nan,nan,nan,10
slow50-owned-v24-qps2000-n24,attest. full p99 (s),,V2,0.13650490882570537,0.07832671073513274,0.007052493413551905,10
slow50-owned-v24-qps2000-n24,attest. / sec,,V1,0.0,0.0,0.0,10
slow50-owned-v24-qps2000-n24,attest. / sec,,V2,219.41369345734952,35.25754507695529,2.8885573689660267,10
slow50-owned-v24-qps2000-n24,host CPU,,V1,83.61367019071317,29.760930696228616,0.29406500671020763,10
slow50-owned-v24-qps2000-n24,host CPU,,V2,84.42834201018772,29.997674708513426,0.26247347555722284,10
slow50-owned-v24-qps2000-n24,rec. → exec. p50 (s),,V1,0.958411858441284,0.8033843521885814,0.11227465391757305,10
slow50-owned-v24-qps2000-n24,rec. → exec. p50 (s),,V2,1.4529657042597053,1.2924824621951732,0.21135442593761727,10
slow50-owned-v24-qps2000-n24,rec. → exec. p95 (s),,V1,1.5889928332873753,1.1687757148957212,0.1875612245473412,10
slow50-owned-v24-qps2000-n24,rec. → exec. p95 (s),,V2,2.296621464648963,1.5988253950924831,0.2814301145997326,10
slow50-owned-v24-qps2000-n24,rec. → exec. p99 (s),,V1,1.8429342867771525,1.3357011765834703,0.2256802916452704,10
slow50-owned-v24-qps2000-n24,rec. → exec. p99 (s),,V2,2.6654426920477836,1.7810739968100835,0.3091816850744892,10
slow50-owned-v24-qps2000-n24,pc valid. lat. p50 (s),,V1,0.004374462790823558,0.0010084215600400224,9.922018229778679e-05,10
slow50-owned-v24-qps2000-n24,pc valid. lat. p50 (s),,V2,0.0041643771788706955,0.0005583649188529732,6.547084820841138e-05,10
slow50-owned-v24-qps2000-n24,pc valid. lat. p95 (s),,V1,0.02091508203306963,0.005595855881600674,0.0006190406763125281,10
slow50-owned-v24-qps2000-n24,pc valid. lat. p95 (s),,V2,0.02052720121437907,0.0032250518363504924,0.0004273283969619516,10
slow50-owned-v24-qps2000-n24,exec. lat. p95 (s),,V1,0.05451788433252415,0.04367493464753473,0.00621339701498173,10
slow50-owned-v24-qps2000-n24,exec. lat. p95 (s),,V2,0.06408114125618058,0.04342906204571418,0.008084886028630844,10
slow50-owned-v24-qps2000-n24,valid. drop. / sec,,V1,0.0,0.0,0.0,10
slow50-owned-v24-qps2000-n24,valid. drop. / sec,,V2,0.0,0.0,0.0,10
slow50-owned-v24-qps2000-n24,final. lat. p50 (s),,V1,nan,nan,nan,10
slow50-owned-v24-qps2000-n24,final. lat. p50 (s),,V2,nan,nan,nan,10
slow50-owned-v24-qps2000-n24,final. lat. p95 (s),,V1,nan,nan,nan,10
slow50-owned-v24-qps2000-n24,final. lat. p95 (s),,V2,nan,nan,nan,10
slow50-owned-v24-qps2000-n24,final. lat. p99 (s),,V1,nan,nan,nan,10
slow50-owned-v24-qps2000-n24,final. lat. p99 (s),,V2,nan,nan,nan,10
slow50-owned-v24-qps2000-n24,submit lat. p50 (s),,V1,nan,nan,nan,10
slow50-owned-v24-qps2000-n24,submit lat. p50 (s),,V2,nan,nan,nan,10
slow50-owned-v24-qps2000-n24,submit lat. p95 (s),,V1,nan,nan,nan,10
slow50-owned-v24-qps2000-n24,submit lat. p95 (s),,V2,nan,nan,nan,10
slow50-owned-v24-qps2000-n24,ckpt lag p50 (s),,V1,3.8606738182702376,8.766074083328427,2.8671452765878684,10
slow50-owned-v24-qps2000-n24,ckpt lag p50 (s),,V2,0.5253070912503917,1.2420917350287748,0.20720315289361374,10
slow50-owned-v24-qps2000-n24,ckpt lag p95 (s),,V1,7.107822045997597,14.164968749516419,4.68084552776944,10
slow50-owned-v24-qps2000-n24,ckpt lag p95 (s),,V2,3.0156633910693507,3.8652600423458368,0.8610761355392423,10
slow50-owned-v24-qps2000-n24,ckpt lag p99 (s),,V1,9.268841187805732,16.345660101270973,5.250151053155485,10
slow50-owned-v24-qps2000-n24,ckpt lag p99 (s),,V2,5.267914613961051,5.534288809870739,1.1503359227155197,10
slow50-owned-v24-qps2000-n24,exec. dispatch queue,,V1,1783.7,621.6487834782596,207.21626115941982,10
slow50-owned-v24-qps2000-n24,exec. dispatch queue,,V2,2098.5,511.11843050314667,170.37281016771556,10
slow50-owned-v24-qps2000-n24,pending txs,,V1,129.3,71.27699488614822,23.75899829538274,10
slow50-owned-v24-qps2000-n24,pending txs,,V2,201.9,128.82426013759988,42.94142004586662,10
slow50-owned-v24-qps2000-n24,exec. queue. delay p95 (s),,V1,0.5962679052705905,0.5773319461778686,0.07590302950784708,10
slow50-owned-v24-qps2000-n24,exec. queue. delay p95 (s),,V2,0.7728149866511916,0.6357311486414527,0.10722320264582512,10
slow50-owned-v24-qps2000-n24,post-cons shed drops / sec,,V1,7.667740740740742,38.63320989869749,6.220816335992038,10
slow50-owned-v24-qps2000-n24,post-cons shed drops / sec,,V2,0.0,0.0,0.0,10
slow50-owned-v24-qps2000-n24,shed % quorum,,V1,6.3,12.649505919204907,4.216501973068302,10
slow50-owned-v24-qps2000-n24,shed % quorum,,V2,0.0,0.0,0.0,10
slow50-owned-v24-qps2000-n24,shed % local,,V1,10.0,15.824032355881986,5.274677451960662,10
slow50-owned-v24-qps2000-n24,shed % local,,V2,2.0,6.0,2.0,10
slow50-owned-v24-qps2000-n24,shed % cons-queue,,V1,0.0,0.0,0.0,10
slow50-owned-v24-qps2000-n24,shed % cons-queue,,V2,0.0,0.0,0.0,10
slow50-owned-v24-qps2000-n24,pre-cons overload rej / sec,,V1,nan,nan,nan,10
slow50-owned-v24-qps2000-n24,pre-cons overload rej / sec,,V2,nan,nan,nan,10
slow50-owned-v24-qps2000-n24,node CPU,,V1,4.055155040895599,0.5914286356109972,0.02191774819655812,10
slow50-owned-v24-qps2000-n24,node CPU,,V2,4.279273397080407,0.6071689368338555,0.01638283631112082,10
slow50-owned-v24-qps2000-n24,node memory RSS (bytes),,V1,1176136722.197092,261243709.8858189,14121943.08465949,10
slow50-owned-v24-qps2000-n24,node memory RSS (bytes),,V2,1234832140.032415,261144783.9284827,11042361.26733292,10
slow50-owned-v24-qps2000-n24,overload graduated / sec,,V1,nan,nan,nan,10
slow50-owned-v24-qps2000-n24,overload graduated / sec,,V2,nan,nan,nan,10
slow50-owned-v24-qps2000-n24,overload max-pending / sec,,V1,nan,nan,nan,10
slow50-owned-v24-qps2000-n24,overload max-pending / sec,,V2,nan,nan,nan,10
slow50-owned-v24-qps2000-n24,overload semaphore / sec,,V1,nan,nan,nan,10
slow50-owned-v24-qps2000-n24,overload semaphore / sec,,V2,nan,nan,nan,10
slow50-owned-v24-qps2000-n24,attest. exec p50 (s),,V1,nan,nan,nan,10
slow50-owned-v24-qps2000-n24,attest. exec p50 (s),,V2,0.0031770876430898586,9.369038463160365e-05,1.7271770258458918e-05,10
slow50-owned-v24-qps2000-n24,attest. exec p95 (s),,V1,nan,nan,nan,10
slow50-owned-v24-qps2000-n24,attest. exec p95 (s),,V2,0.007753497095785297,0.0007040447299574992,0.00012525661081652664,10
slow50-owned-v24-qps2000-n24,attest. exec p99 (s),,V1,nan,nan,nan,10
slow50-owned-v24-qps2000-n24,attest. exec p99 (s),,V2,0.016621703544259098,0.002461496642544325,0.00039880400861394305,10
slow50-owned-v24-qps2000-n24,attest. wait p50 (s),,V1,nan,nan,nan,10
slow50-owned-v24-qps2000-n24,attest. wait p50 (s),,V2,0.005939139664253319,0.0052586699181353105,0.00021715298641380125,10
slow50-owned-v24-qps2000-n24,attest. wait p95 (s),,V1,nan,nan,nan,10
slow50-owned-v24-qps2000-n24,attest. wait p95 (s),,V2,0.07140418389550421,0.04361098607162073,0.0026478834441601524,10
slow50-owned-v24-qps2000-n24,attest. wait p99 (s),,V1,nan,nan,nan,10
slow50-owned-v24-qps2000-n24,attest. wait p99 (s),,V2,0.13237409232973316,0.0786494388366353,0.007056015964167096,10
slow50-owned-v24-qps2000-n24,attest. resume p50 (s),,V1,nan,nan,nan,10
slow50-owned-v24-qps2000-n24,attest. resume p50 (s),,V2,0.0005820562692134867,2.2665839994009195e-05,3.508939547512594e-06,10
slow50-owned-v24-qps2000-n24,attest. resume p95 (s),,V1,nan,nan,nan,10
slow50-owned-v24-qps2000-n24,attest. resume p95 (s),,V2,0.004120724312787487,0.0017015190014132314,0.0002910757170781339,10
slow50-owned-v24-qps2000-n24,attest. resume p99 (s),,V1,nan,nan,nan,10
slow50-owned-v24-qps2000-n24,attest. resume p99 (s),,V2,0.011939838701285774,0.010797327490649607,0.002063668061066978,10
slow50-owned-v24-qps2000-n24,num_inflight,,V1,316.5,101.14272094421823,33.714240314739406,10
slow50-owned-v24-qps2000-n24,num_inflight,,V2,311.7,72.82314192617619,24.274380642058727,10
slow50-owned-v24-qps2000-n24,CUs,,V1,nan,nan,nan,10
slow50-owned-v24-qps2000-n24,CUs,,V2,1000.0,1.2944745047293002e-13,0.0,10
slow100-owned-f1-qps200-n24,TPS,,V1,220.38978909152928,16.061488315741432,0.3024911230946296,10
slow100-owned-f1-qps200-n24,TPS,,V2,220.87711433189276,11.90264399490607,0.24717698877423167,10
slow100-owned-f1-qps200-n24,attest. full p50 (s),,V1,nan,nan,nan,10
slow100-owned-f1-qps200-n24,attest. full p50 (s),,V2,0.005548268978360222,0.0006267208524158076,0.00018515263908189882,10
slow100-owned-f1-qps200-n24,attest. full p95 (s),,V1,nan,nan,nan,10
slow100-owned-f1-qps200-n24,attest. full p95 (s),,V2,0.019321218117773556,0.0025592327908649237,0.0007049845320795908,10
slow100-owned-f1-qps200-n24,attest. full p99 (s),,V1,nan,nan,nan,10
slow100-owned-f1-qps200-n24,attest. full p99 (s),,V2,0.025485111629994877,0.0030805487315427216,0.0005206164617002429,10
slow100-owned-f1-qps200-n24,attest. / sec,,V1,0.0,0.0,0.0,10
slow100-owned-f1-qps200-n24,attest. / sec,,V2,33.698242929801026,3.0423431461958077,0.22849563849244445,10
slow100-owned-f1-qps200-n24,host CPU,,V1,48.06654295014314,18.049763662071424,0.17602377719462703,10
slow100-owned-f1-qps200-n24,host CPU,,V2,49.075389434523615,17.889965529752278,0.17086068363441978,10
slow100-owned-f1-qps200-n24,rec. → exec. p50 (s),,V1,0.3738377522219988,0.011343267710877732,0.0016744795672480716,10
slow100-owned-f1-qps200-n24,rec. → exec. p50 (s),,V2,0.37381584745952473,0.00528935823547623,0.0011268911158905629,10
slow100-owned-f1-qps200-n24,rec. → exec. p95 (s),,V1,0.49977254597507037,0.06790234125024282,0.012741403963954134,10
slow100-owned-f1-qps200-n24,rec. → exec. p95 (s),,V2,0.4876072965436201,0.0016045931920321498,0.00026303165203451286,10
slow100-owned-f1-qps200-n24,rec. → exec. p99 (s),,V1,0.514115706257055,0.08699242632007986,0.01688627115482719,10
slow100-owned-f1-qps200-n24,rec. → exec. p99 (s),,V2,0.5065279335622574,0.05719300477346564,0.009022506539943291,10
slow100-owned-f1-qps200-n24,pc valid. lat. p50 (s),,V1,0.0003739801690779645,1.3311833059085095e-05,2.278464024356309e-06,10
slow100-owned-f1-qps200-n24,pc valid. lat. p50 (s),,V2,0.0003160991836962333,9.374622147133054e-06,2.09127259544912e-06,10
slow100-owned-f1-qps200-n24,pc valid. lat. p95 (s),,V1,0.0009734043556242114,1.2457329728031614e-05,2.362639082817516e-06,10
slow100-owned-f1-qps200-n24,pc valid. lat. p95 (s),,V2,0.0009364146835686839,6.64733986584754e-05,4.616176907576022e-06,10
slow100-owned-f1-qps200-n24,exec. lat. p95 (s),,V1,0.022691302537000944,0.00028199938819714756,7.603183184821456e-05,10
slow100-owned-f1-qps200-n24,exec. lat. p95 (s),,V2,0.022636557055002112,0.0003031779274651996,8.316214856755568e-05,10
slow100-owned-f1-qps200-n24,valid. drop. / sec,,V1,0.0,0.0,0.0,10
slow100-owned-f1-qps200-n24,valid. drop. / sec,,V2,0.0,0.0,0.0,10
slow100-owned-f1-qps200-n24,final. lat. p50 (s),,V1,0.28036584375923457,0.00842858494130688,0.0026781340167929654,10
slow100-owned-f1-qps200-n24,final. lat. p50 (s),,V2,0.28440130598731417,0.009710140864771724,0.0031180586421244343,10
slow100-owned-f1-qps200-n24,final. lat. p95 (s),,V1,0.34091378775367653,0.014670301661298405,0.004213279156303067,10
slow100-owned-f1-qps200-n24,final. lat. p95 (s),,V2,0.34539613382680684,0.011119899127646571,0.0030278582203936808,10
slow100-owned-f1-qps200-n24,final. lat. p99 (s),,V1,0.36716654952300415,0.03207134563903081,0.008642182463029018,10
slow100-owned-f1-qps200-n24,final. lat. p99 (s),,V2,0.3697855123893378,0.025926086817781593,0.007404466521213317,10
slow100-owned-f1-qps200-n24,submit lat. p50 (s),,V1,0.010504895895820238,0.0023183370975101915,0.0004937892116016265,10
slow100-owned-f1-qps200-n24,submit lat. p50 (s),,V2,0.025979134050573945,0.0023848201938756197,0.0006016356443053981,10
slow100-owned-f1-qps200-n24,submit lat. p95 (s),,V1,0.045224086649506445,0.0013258751159304664,0.0003029560417998246,10
slow100-owned-f1-qps200-n24,submit lat. p95 (s),,V2,0.0534812417329209,0.004460599336781404,0.0010233917049418063,10
slow100-owned-f1-qps200-n24,ckpt lag p50 (s),,V1,0.1768383694092012,0.0024930307769016756,0.0006416989299814088,10
slow100-owned-f1-qps200-n24,ckpt lag p50 (s),,V2,0.17687265282546494,0.0027086188936298423,0.0008171338623187526,10
slow100-owned-f1-qps200-n24,ckpt lag p95 (s),,V1,0.21271478509871575,0.01750375532337086,0.004773223902076771,10
slow100-owned-f1-qps200-n24,ckpt lag p95 (s),,V2,0.21188677148063068,0.016105816717056857,0.004749315963324573,10
slow100-owned-f1-qps200-n24,ckpt lag p99 (s),,V1,0.24249058658930422,0.025847212680922244,0.006392943262547382,10
slow100-owned-f1-qps200-n24,ckpt lag p99 (s),,V2,0.24082769280923924,0.02612725014010186,0.005081329195063145,10
slow100-owned-f1-qps200-n24,exec. dispatch queue,,V1,16.4,12.626955294131678,4.208985098043892,10
slow100-owned-f1-qps200-n24,exec. dispatch queue,,V2,14.8,12.944496900227525,4.3148323000758415,10
slow100-owned-f1-qps200-n24,pending txs,,V1,2.7,1.7916472867168916,0.5972157622389638,10
slow100-owned-f1-qps200-n24,pending txs,,V2,3.6,1.2000000000000002,0.39999999999999997,10
slow100-owned-f1-qps200-n24,exec. queue. delay p95 (s),,V1,0.0004750000000000001,5.921992671968851e-20,1.807003620809174e-20,10
slow100-owned-f1-qps200-n24,exec. queue. delay p95 (s),,V2,0.0004750000000000001,6.054161224686346e-20,1.807003620809174e-20,10
slow100-owned-f1-qps200-n24,post-cons shed drops / sec,,V1,0.0,0.0,0.0,10
slow100-owned-f1-qps200-n24,post-cons shed drops / sec,,V2,0.0,0.0,0.0,10
slow100-owned-f1-qps200-n24,shed % quorum,,V1,0.0,0.0,0.0,10
slow100-owned-f1-qps200-n24,shed % quorum,,V2,0.0,0.0,0.0,10
slow100-owned-f1-qps200-n24,shed % local,,V1,0.0,0.0,0.0,10
slow100-owned-f1-qps200-n24,shed % local,,V2,0.0,0.0,0.0,10
slow100-owned-f1-qps200-n24,shed % cons-queue,,V1,0.0,0.0,0.0,10
slow100-owned-f1-qps200-n24,shed % cons-queue,,V2,0.0,0.0,0.0,10
slow100-owned-f1-qps200-n24,pre-cons overload rej / sec,,V1,nan,nan,nan,10
slow100-owned-f1-qps200-n24,pre-cons overload rej / sec,,V2,nan,nan,nan,10
slow100-owned-f1-qps200-n24,node CPU,,V1,2.3510219251489812,0.37899591221667683,0.009928227480214312,10
slow100-owned-f1-qps200-n24,node CPU,,V2,2.411500952559524,0.3743773979585002,0.005670877733440928,10
slow100-owned-f1-qps200-n24,node memory RSS (bytes),,V1,709701624.9500861,65620369.06425479,2394526.864134545,10
slow100-owned-f1-qps200-n24,node memory RSS (bytes),,V2,703250614.9828179,60903094.531879134,3128360.18900794,10
slow100-owned-f1-qps200-n24,overload graduated / sec,,V1,nan,nan,nan,10
slow100-owned-f1-qps200-n24,overload graduated / sec,,V2,nan,nan,nan,10
slow100-owned-f1-qps200-n24,overload max-pending / sec,,V1,nan,nan,nan,10
slow100-owned-f1-qps200-n24,overload max-pending / sec,,V2,nan,nan,nan,10
slow100-owned-f1-qps200-n24,overload semaphore / sec,,V1,nan,nan,nan,10
slow100-owned-f1-qps200-n24,overload semaphore / sec,,V2,nan,nan,nan,10
slow100-owned-f1-qps200-n24,attest. exec p50 (s),,V1,nan,nan,nan,10
slow100-owned-f1-qps200-n24,attest. exec p50 (s),,V2,0.00496891901642163,0.0004596325747006364,0.00013316467174794992,10
slow100-owned-f1-qps200-n24,attest. exec p95 (s),,V1,nan,nan,nan,10
slow100-owned-f1-qps200-n24,attest. exec p95 (s),,V2,0.01284525979294481,0.0027794143464689803,0.0008268195976309561,10
slow100-owned-f1-qps200-n24,attest. exec p99 (s),,V1,nan,nan,nan,10
slow100-owned-f1-qps200-n24,attest. exec p99 (s),,V2,0.022229148088632127,0.0014982132296803687,0.0003713760300618308,10
slow100-owned-f1-qps200-n24,attest. wait p50 (s),,V1,nan,nan,nan,10
slow100-owned-f1-qps200-n24,attest. wait p50 (s),,V2,0.0006089773658349651,2.7808190213280625e-05,7.516482233066243e-06,10
slow100-owned-f1-qps200-n24,attest. wait p95 (s),,V1,nan,nan,nan,10
slow100-owned-f1-qps200-n24,attest. wait p95 (s),,V2,0.005385904847864589,0.0013126556762456014,0.00030230288789800225,10
slow100-owned-f1-qps200-n24,attest. wait p99 (s),,V1,nan,nan,nan,10
slow100-owned-f1-qps200-n24,attest. wait p99 (s),,V2,0.013571277830510162,0.003942899712013696,0.0009585386523319256,10
slow100-owned-f1-qps200-n24,attest. resume p50 (s),,V1,nan,nan,nan,10
slow100-owned-f1-qps200-n24,attest. resume p50 (s),,V2,0.0005264664116525421,1.7125019391405917e-05,4.910749050517012e-06,10
slow100-owned-f1-qps200-n24,attest. resume p95 (s),,V1,nan,nan,nan,10
slow100-owned-f1-qps200-n24,attest. resume p95 (s),,V2,0.001521693311150715,0.000794500198915407,0.00023944380116912455,10
slow100-owned-f1-qps200-n24,attest. resume p99 (s),,V1,nan,nan,nan,10
slow100-owned-f1-qps200-n24,attest. resume p99 (s),,V2,0.004010759315732389,0.0007964438903880211,0.0002233185141826862,10
slow100-owned-f1-qps200-n24,num_inflight,,V1,18.1,1.8138357147217055,0.604611904907235,10
slow100-owned-f1-qps200-n24,num_inflight,,V2,18.1,1.3,0.43333333333333335,10
slow100-owned-f1-qps200-n24,CUs,,V1,nan,nan,nan,10
slow100-owned-f1-qps200-n24,CUs,,V2,4000.0,5.318712547880017e-13,0.0,10
slow100-owned-v1-qps200-n24,TPS,,V1,220.7693803598845,15.671402841615787,0.3239896271461627,10
slow100-owned-v1-qps200-n24,TPS,,V2,220.75198906879805,12.996456777671666,0.2524782638983117,10
slow100-owned-v1-qps200-n24,attest. full p50 (s),,V1,nan,nan,nan,10
slow100-owned-v1-qps200-n24,attest. full p50 (s),,V2,0.005669494589123494,0.0006922081800276054,0.00019994563198259802,10
slow100-owned-v1-qps200-n24,attest. full p95 (s),,V1,nan,nan,nan,10
slow100-owned-v1-qps200-n24,attest. full p95 (s),,V2,0.024384691983258402,0.004464423172396257,0.0011704646563367794,10
slow100-owned-v1-qps200-n24,attest. full p99 (s),,V1,nan,nan,nan,10
slow100-owned-v1-qps200-n24,attest. full p99 (s),,V2,0.044585416008200325,0.013331974093792146,0.0034641275053019973,10
slow100-owned-v1-qps200-n24,attest. / sec,,V1,0.0,0.0,0.0,10
slow100-owned-v1-qps200-n24,attest. / sec,,V2,197.88407589373196,24.86583115614908,0.5145710871285737,10
slow100-owned-v1-qps200-n24,host CPU,,V1,47.74298206844507,17.664414026736544,0.15856377448514927,10
slow100-owned-v1-qps200-n24,host CPU,,V2,48.57379571552657,18.106525028694424,0.163425241715923,10
slow100-owned-v1-qps200-n24,rec. → exec. p50 (s),,V1,0.323287867976451,0.05360700576936565,0.017700189525017857,10
slow100-owned-v1-qps200-n24,rec. → exec. p50 (s),,V2,0.33631489399829245,0.02871933992495376,0.009093664717138968,10
slow100-owned-v1-qps200-n24,rec. → exec. p95 (s),,V1,0.48229336087776503,0.0056076571146986024,0.0018305345934785697,10
slow100-owned-v1-qps200-n24,rec. → exec. p95 (s),,V2,0.486512080080523,0.017814932669744453,0.0030551955406389318,10
slow100-owned-v1-qps200-n24,rec. → exec. p99 (s),,V1,0.4987859109094067,0.01840636036144686,0.0024710872627724083,10
slow100-owned-v1-qps200-n24,rec. → exec. p99 (s),,V2,0.5277714835005691,0.09731143112513752,0.024676193404892955,10
slow100-owned-v1-qps200-n24,pc valid. lat. p50 (s),,V1,0.0004086215072113227,8.685856103745341e-06,1.1389172068480832e-06,10
slow100-owned-v1-qps200-n24,pc valid. lat. p50 (s),,V2,0.0003415496432752055,1.1457017250002756e-05,2.424322571788822e-06,10
slow100-owned-v1-qps200-n24,pc valid. lat. p95 (s),,V1,0.0010607253830835733,0.00020547864507424024,2.7355530733604734e-05,10
slow100-owned-v1-qps200-n24,pc valid. lat. p95 (s),,V2,0.001043021204490879,0.00029707080720465617,7.640142583988607e-05,10
slow100-owned-v1-qps200-n24,exec. lat. p95 (s),,V1,0.023340196884666962,0.00035940097983641915,0.00010628676843841859,10
slow100-owned-v1-qps200-n24,exec. lat. p95 (s),,V2,0.023605140373730252,0.0010172920949522398,0.0002569278961627086,10
slow100-owned-v1-qps200-n24,valid. drop. / sec,,V1,0.0,0.0,0.0,10
slow100-owned-v1-qps200-n24,valid. drop. / sec,,V2,0.0,0.0,0.0,10
slow100-owned-v1-qps200-n24,final. lat. p50 (s),,V1,nan,nan,nan,10
slow100-owned-v1-qps200-n24,final. lat. p50 (s),,V2,nan,nan,nan,10
slow100-owned-v1-qps200-n24,final. lat. p95 (s),,V1,nan,nan,nan,10
slow100-owned-v1-qps200-n24,final. lat. p95 (s),,V2,nan,nan,nan,10
slow100-owned-v1-qps200-n24,final. lat. p99 (s),,V1,nan,nan,nan,10
slow100-owned-v1-qps200-n24,final. lat. p99 (s),,V2,nan,nan,nan,10
slow100-owned-v1-qps200-n24,submit lat. p50 (s),,V1,nan,nan,nan,10
slow100-owned-v1-qps200-n24,submit lat. p50 (s),,V2,nan,nan,nan,10
slow100-owned-v1-qps200-n24,submit lat. p95 (s),,V1,nan,nan,nan,10
slow100-owned-v1-qps200-n24,submit lat. p95 (s),,V2,nan,nan,nan,10
slow100-owned-v1-qps200-n24,ckpt lag p50 (s),,V1,0.17664663311905365,0.00331534561965952,0.0008694626182835325,10
slow100-owned-v1-qps200-n24,ckpt lag p50 (s),,V2,0.17668310344718585,0.003340693329072222,0.0007735534950072494,10
slow100-owned-v1-qps200-n24,ckpt lag p95 (s),,V1,0.22052732849039122,0.021093072712001067,0.004740162715612292,10
slow100-owned-v1-qps200-n24,ckpt lag p95 (s),,V2,0.23295494472151015,0.03993782889527476,0.011789255547215579,10
slow100-owned-v1-qps200-n24,ckpt lag p99 (s),,V1,0.24933170645492037,0.03864911809757263,0.008519111779614702,10
slow100-owned-v1-qps200-n24,ckpt lag p99 (s),,V2,0.2646180613581403,0.05729851225022149,0.01647568275814841,10
slow100-owned-v1-qps200-n24,exec. dispatch queue,,V1,13.6,7.512655988397178,2.504218662799059,10
slow100-owned-v1-qps200-n24,exec. dispatch queue,,V2,17.7,17.68078052575734,5.893593508585779,10
slow100-owned-v1-qps200-n24,pending txs,,V1,2.4,1.7435595774162695,0.5811865258054231,10
slow100-owned-v1-qps200-n24,pending txs,,V2,2.5,1.857417562100671,0.6191391873668903,10
slow100-owned-v1-qps200-n24,exec. queue. delay p95 (s),,V1,0.0006181799037008706,0.000743984072442564,0.00014397534761031972,10
slow100-owned-v1-qps200-n24,exec. queue. delay p95 (s),,V2,0.0007491916459366471,0.0009428327596724931,0.000183125354675086,10
slow100-owned-v1-qps200-n24,post-cons shed drops / sec,,V1,0.0,0.0,0.0,10
slow100-owned-v1-qps200-n24,post-cons shed drops / sec,,V2,0.0,0.0,0.0,10
slow100-owned-v1-qps200-n24,shed % quorum,,V1,0.0,0.0,0.0,10
slow100-owned-v1-qps200-n24,shed % quorum,,V2,0.0,0.0,0.0,10
slow100-owned-v1-qps200-n24,shed % local,,V1,0.0,0.0,0.0,10
slow100-owned-v1-qps200-n24,shed % local,,V2,0.0,0.0,0.0,10
slow100-owned-v1-qps200-n24,shed % cons-queue,,V1,0.0,0.0,0.0,10
slow100-owned-v1-qps200-n24,shed % cons-queue,,V2,0.0,0.0,0.0,10
slow100-owned-v1-qps200-n24,pre-cons overload rej / sec,,V1,nan,nan,nan,10
slow100-owned-v1-qps200-n24,pre-cons overload rej / sec,,V2,nan,nan,nan,10
slow100-owned-v1-qps200-n24,node CPU,,V1,2.33772108978686,0.3371243655754017,0.007436006656917567,10
slow100-owned-v1-qps200-n24,node CPU,,V2,3.035032559290504,0.4358508376267565,0.017537928450485712,10
slow100-owned-v1-qps200-n24,node memory RSS (bytes),,V1,719798278.9897611,68323540.78426719,5274968.367267214,10
slow100-owned-v1-qps200-n24,node memory RSS (bytes),,V2,720514158.6552316,67558977.95610708,3668441.565783728,10
slow100-owned-v1-qps200-n24,overload graduated / sec,,V1,nan,nan,nan,10
slow100-owned-v1-qps200-n24,overload graduated / sec,,V2,nan,nan,nan,10
slow100-owned-v1-qps200-n24,overload max-pending / sec,,V1,nan,nan,nan,10
slow100-owned-v1-qps200-n24,overload max-pending / sec,,V2,nan,nan,nan,10
slow100-owned-v1-qps200-n24,overload semaphore / sec,,V1,nan,nan,nan,10
slow100-owned-v1-qps200-n24,overload semaphore / sec,,V2,nan,nan,nan,10
slow100-owned-v1-qps200-n24,attest. exec p50 (s),,V1,nan,nan,nan,10
slow100-owned-v1-qps200-n24,attest. exec p50 (s),,V2,0.004561352904670266,0.00036487121987958227,0.00010208219413298871,10
slow100-owned-v1-qps200-n24,attest. exec p95 (s),,V1,nan,nan,nan,10
slow100-owned-v1-qps200-n24,attest. exec p95 (s),,V2,0.011283357544721154,0.0021580141024601968,0.0005601238960263171,10
slow100-owned-v1-qps200-n24,attest. exec p99 (s),,V1,nan,nan,nan,10
slow100-owned-v1-qps200-n24,attest. exec p99 (s),,V2,0.02189312068868344,0.0017506510471285374,0.0004474881041145166,10
slow100-owned-v1-qps200-n24,attest. wait p50 (s),,V1,nan,nan,nan,10
slow100-owned-v1-qps200-n24,attest. wait p50 (s),,V2,0.0006902769947736112,4.674519982700131e-05,1.2755706596757392e-05,10
slow100-owned-v1-qps200-n24,attest. wait p95 (s),,V1,nan,nan,nan,10
slow100-owned-v1-qps200-n24,attest. wait p95 (s),,V2,0.015416158243902406,0.004717913455600941,0.0011279818404880161,10
slow100-owned-v1-qps200-n24,attest. wait p99 (s),,V1,nan,nan,nan,10
slow100-owned-v1-qps200-n24,attest. wait p99 (s),,V2,0.03396968810723651,0.01377788431312896,0.003299075884837052,10
slow100-owned-v1-qps200-n24,attest. resume p50 (s),,V1,nan,nan,nan,10
slow100-owned-v1-qps200-n24,attest. resume p50 (s),,V2,0.0005153640255480756,6.3885896306388144e-06,1.5683807801110967e-06,10
slow100-owned-v1-qps200-n24,attest. resume p95 (s),,V1,nan,nan,nan,10
slow100-owned-v1-qps200-n24,attest. resume p95 (s),,V2,0.0010258244221143591,0.00020798022998450914,3.843193317141495e-05,10
slow100-owned-v1-qps200-n24,attest. resume p99 (s),,V1,nan,nan,nan,10
slow100-owned-v1-qps200-n24,attest. resume p99 (s),,V2,0.0036148397292952773,0.0007095145561656349,0.00015903993905429126,10
slow100-owned-v1-qps200-n24,num_inflight,,V1,66.9,9.256889326334198,3.0856297754447324,10
slow100-owned-v1-qps200-n24,num_inflight,,V2,71.8,21.19339519756096,7.064465065853653,10
slow100-owned-v1-qps200-n24,CUs,,V1,nan,nan,nan,10
slow100-owned-v1-qps200-n24,CUs,,V2,4000.0,5.313113930149266e-13,0.0,10
slow100-owned-v24-qps200-n24,TPS,,V1,220.44089812603573,16.06448044010456,0.35091434637676405,10
slow100-owned-v24-qps200-n24,TPS,,V2,213.27752414156117,66.1734426341125,7.041150548156137,10
slow100-owned-v24-qps200-n24,attest. full p50 (s),,V1,nan,nan,nan,10
slow100-owned-v24-qps200-n24,attest. full p50 (s),,V2,0.00603634836874031,0.0007125371992565482,0.0002054909733425386,10
slow100-owned-v24-qps200-n24,attest. full p95 (s),,V1,nan,nan,nan,10
slow100-owned-v24-qps200-n24,attest. full p95 (s),,V2,0.021086643580550082,0.0022859549804530995,0.00043991218223522955,10
slow100-owned-v24-qps200-n24,attest. full p99 (s),,V1,nan,nan,nan,10
slow100-owned-v24-qps200-n24,attest. full p99 (s),,V2,0.02872482905010262,0.006374717838134179,0.0013716912312172795,10
slow100-owned-v24-qps200-n24,attest. / sec,,V1,0.0,0.0,0.0,10
slow100-owned-v24-qps200-n24,attest. / sec,,V2,35.667344839170234,2.0308736053213865,0.11058939393140335,10
slow100-owned-v24-qps200-n24,host CPU,,V1,47.7863184585848,17.68522426592596,0.12780378272750473,10
slow100-owned-v24-qps200-n24,host CPU,,V2,48.25668945312502,18.12726390890229,0.2368725892713112,10
slow100-owned-v24-qps200-n24,rec. → exec. p50 (s),,V1,0.3646552417633654,0.06300606429751288,0.008853803475799716,10
slow100-owned-v24-qps200-n24,rec. → exec. p50 (s),,V2,0.36382102895730517,0.02103313773815126,0.005586060240850413,10
slow100-owned-v24-qps200-n24,rec. → exec. p95 (s),,V1,0.4973083367933616,0.07018375937149153,0.011383108524875774,10
slow100-owned-v24-qps200-n24,rec. → exec. p95 (s),,V2,0.4864490267639974,0.0021711668185978236,0.000574759648014714,10
slow100-owned-v24-qps200-n24,rec. → exec. p99 (s),,V1,0.5300237497770339,0.10936141975407432,0.033215396639609415,10
slow100-owned-v24-qps200-n24,rec. → exec. p99 (s),,V2,0.5020665768016964,0.0353557954217053,0.004725298898292425,10
slow100-owned-v24-qps200-n24,pc valid. lat. p50 (s),,V1,0.0003700613157373882,1.6517339377477175e-05,4.366337485695143e-06,10
slow100-owned-v24-qps200-n24,pc valid. lat. p50 (s),,V2,0.00031160096755194545,1.310786090047433e-05,3.22402270144353e-06,10
slow100-owned-v24-qps200-n24,pc valid. lat. p95 (s),,V1,0.001184845980715756,0.0006411598303825577,0.00020837477928418847,10
slow100-owned-v24-qps200-n24,pc valid. lat. p95 (s),,V2,0.0009352214719934654,0.00014206433521968338,1.3285426635950605e-05,10
slow100-owned-v24-qps200-n24,exec. lat. p95 (s),,V1,0.023517945581687984,0.0031235438882835143,0.0009399402593369829,10
slow100-owned-v24-qps200-n24,exec. lat. p95 (s),,V2,0.022679038473060683,0.0009139930387457347,0.0001318895223847411,10
slow100-owned-v24-qps200-n24,valid. drop. / sec,,V1,0.0,0.0,0.0,10
slow100-owned-v24-qps200-n24,valid. drop. / sec,,V2,0.0,0.0,0.0,10
slow100-owned-v24-qps200-n24,final. lat. p50 (s),,V1,nan,nan,nan,10
slow100-owned-v24-qps200-n24,final. lat. p50 (s),,V2,nan,nan,nan,10
slow100-owned-v24-qps200-n24,final. lat. p95 (s),,V1,nan,nan,nan,10
slow100-owned-v24-qps200-n24,final. lat. p95 (s),,V2,nan,nan,nan,10
slow100-owned-v24-qps200-n24,final. lat. p99 (s),,V1,nan,nan,nan,10
slow100-owned-v24-qps200-n24,final. lat. p99 (s),,V2,nan,nan,nan,10
slow100-owned-v24-qps200-n24,submit lat. p50 (s),,V1,nan,nan,nan,10
slow100-owned-v24-qps200-n24,submit lat. p50 (s),,V2,nan,nan,nan,10
slow100-owned-v24-qps200-n24,submit lat. p95 (s),,V1,nan,nan,nan,10
slow100-owned-v24-qps200-n24,submit lat. p95 (s),,V2,nan,nan,nan,10
slow100-owned-v24-qps200-n24,ckpt lag p50 (s),,V1,0.17431952187281216,0.009257741677828986,0.0028040309323426526,10
slow100-owned-v24-qps200-n24,ckpt lag p50 (s),,V2,0.7222939946322133,2.821608948974968,0.8277126230100436,10
slow100-owned-v24-qps200-n24,ckpt lag p95 (s),,V1,0.22664947059997234,0.04685279977555924,0.015103977385748459,10
slow100-owned-v24-qps200-n24,ckpt lag p95 (s),,V2,1.0418790965664064,4.04479669490205,1.259992263739239,10
slow100-owned-v24-qps200-n24,ckpt lag p99 (s),,V1,0.2520770024310357,0.05440096402654605,0.017309986953982587,10
slow100-owned-v24-qps200-n24,ckpt lag p99 (s),,V2,1.1465282790444995,4.4209221658483076,1.3817390934346734,10
slow100-owned-v24-qps200-n24,exec. dispatch queue,,V1,15.8,11.249888888340186,3.7499629627800615,10
slow100-owned-v24-qps200-n24,exec. dispatch queue,,V2,12.8,20.123617964968428,6.707872654989476,10
slow100-owned-v24-qps200-n24,pending txs,,V1,3.7,0.7810249675906654,0.2603416558635551,10
slow100-owned-v24-qps200-n24,pending txs,,V2,4.2,4.422668877499197,1.4742229591663987,10
slow100-owned-v24-qps200-n24,exec. queue. delay p95 (s),,V1,0.0006305290401263544,0.0006815078327920971,0.00015725714057220262,10
slow100-owned-v24-qps200-n24,exec. queue. delay p95 (s),,V2,0.0009012792894950802,0.0023242713542030776,0.0004247291829878252,10
slow100-owned-v24-qps200-n24,post-cons shed drops / sec,,V1,0.0,0.0,0.0,10
slow100-owned-v24-qps200-n24,post-cons shed drops / sec,,V2,0.0,0.0,0.0,10
slow100-owned-v24-qps200-n24,shed % quorum,,V1,0.0,0.0,0.0,10
slow100-owned-v24-qps200-n24,shed % quorum,,V2,0.0,0.0,0.0,10
slow100-owned-v24-qps200-n24,shed % local,,V1,0.0,0.0,0.0,10
slow100-owned-v24-qps200-n24,shed % local,,V2,0.0,0.0,0.0,10
slow100-owned-v24-qps200-n24,shed % cons-queue,,V1,0.0,0.0,0.0,10
slow100-owned-v24-qps200-n24,shed % cons-queue,,V2,0.0,0.0,0.0,10
slow100-owned-v24-qps200-n24,pre-cons overload rej / sec,,V1,nan,nan,nan,10
slow100-owned-v24-qps200-n24,pre-cons overload rej / sec,,V2,nan,nan,nan,10
slow100-owned-v24-qps200-n24,node CPU,,V1,2.358932001264368,0.31749953591182073,0.011827656212615492,10
slow100-owned-v24-qps200-n24,node CPU,,V2,2.4511744879903774,0.34488675532525565,0.016768452902625595,10
slow100-owned-v24-qps200-n24,node memory RSS (bytes),,V1,710146494.1337907,62807691.29822848,2785337.4055254078,10
slow100-owned-v24-qps200-n24,node memory RSS (bytes),,V2,712931394.7444254,62803838.371568345,4738584.307625135,10
slow100-owned-v24-qps200-n24,overload graduated / sec,,V1,nan,nan,nan,10
slow100-owned-v24-qps200-n24,overload graduated / sec,,V2,nan,nan,nan,10
slow100-owned-v24-qps200-n24,overload max-pending / sec,,V1,nan,nan,nan,10
slow100-owned-v24-qps200-n24,overload max-pending / sec,,V2,nan,nan,nan,10
slow100-owned-v24-qps200-n24,overload semaphore / sec,,V1,nan,nan,nan,10
slow100-owned-v24-qps200-n24,overload semaphore / sec,,V2,nan,nan,nan,10
slow100-owned-v24-qps200-n24,attest. exec p50 (s),,V1,nan,nan,nan,10
slow100-owned-v24-qps200-n24,attest. exec p50 (s),,V2,0.005316082103973896,0.0005717810838812232,0.00016166696562169944,10
slow100-owned-v24-qps200-n24,attest. exec p95 (s),,V1,nan,nan,nan,10
slow100-owned-v24-qps200-n24,attest. exec p95 (s),,V2,0.014421015750297334,0.0032920509479580085,0.0008544530276384219,10
slow100-owned-v24-qps200-n24,attest. exec p99 (s),,V1,nan,nan,nan,10
slow100-owned-v24-qps200-n24,attest. exec p99 (s),,V2,0.023310055040075134,0.0021156262532717003,0.00030483871467972446,10
slow100-owned-v24-qps200-n24,attest. wait p50 (s),,V1,nan,nan,nan,10
slow100-owned-v24-qps200-n24,attest. wait p50 (s),,V2,0.00063771266896248,4.467773133513416e-05,1.279901163189263e-05,10
slow100-owned-v24-qps200-n24,attest. wait p95 (s),,V1,nan,nan,nan,10
slow100-owned-v24-qps200-n24,attest. wait p95 (s),,V2,0.006623776353826666,0.002039659699972009,0.0004885047103127271,10
slow100-owned-v24-qps200-n24,attest. wait p99 (s),,V1,nan,nan,nan,10
slow100-owned-v24-qps200-n24,attest. wait p99 (s),,V2,0.016503978314047072,0.004923989837761591,0.0011611621037179878,10
slow100-owned-v24-qps200-n24,attest. resume p50 (s),,V1,nan,nan,nan,10
slow100-owned-v24-qps200-n24,attest. resume p50 (s),,V2,0.0005302583332903943,1.4513546392529923e-05,4.465711337210046e-06,10
slow100-owned-v24-qps200-n24,attest. resume p95 (s),,V1,nan,nan,nan,10
slow100-owned-v24-qps200-n24,attest. resume p95 (s),,V2,0.001645760073310413,0.0008120692305535003,0.0002464091439138253,10
slow100-owned-v24-qps200-n24,attest. resume p99 (s),,V1,nan,nan,nan,10
slow100-owned-v24-qps200-n24,attest. resume p99 (s),,V2,0.004298445252531897,0.0005230777439955214,0.0001324618582600582,10
slow100-owned-v24-qps200-n24,num_inflight,,V1,19.1,1.2206555615733703,0.40688518719112343,10
slow100-owned-v24-qps200-n24,num_inflight,,V2,19.9,3.269556544854363,1.089852181618121,10
slow100-owned-v24-qps200-n24,CUs,,V1,nan,nan,nan,10
slow100-owned-v24-qps200-n24,CUs,,V2,4000.0,5.323400704407574e-13,0.0,10
slow100-owned-f1-qps1000-n24,TPS,,V1,462.0946483046592,87.01757272517399,6.138345454702619,10
slow100-owned-f1-qps1000-n24,TPS,,V2,422.72342837710113,114.06350558144395,22.171587901318038,10
slow100-owned-f1-qps1000-n24,attest. full p50 (s),,V1,nan,nan,nan,10
slow100-owned-f1-qps1000-n24,attest. full p50 (s),,V2,0.07745500667176351,0.05055358696242631,0.003127408415968729,10
slow100-owned-f1-qps1000-n24,attest. full p95 (s),,V1,nan,nan,nan,10
slow100-owned-f1-qps1000-n24,attest. full p95 (s),,V2,0.5445209928168936,0.1732431415440857,0.020685132277402717,10
slow100-owned-f1-qps1000-n24,attest. full p99 (s),,V1,nan,nan,nan,10
slow100-owned-f1-qps1000-n24,attest. full p99 (s),,V2,0.8542279915274053,0.2543600487813938,0.028355494903926238,10
slow100-owned-f1-qps1000-n24,attest. / sec,,V1,0.0,0.0,0.0,10
slow100-owned-f1-qps1000-n24,attest. / sec,,V2,92.2404755279964,26.53313502925198,5.904693227049995,10
slow100-owned-f1-qps1000-n24,host CPU,,V1,84.25771684434875,31.07109242945423,0.2965980985336778,10
slow100-owned-f1-qps1000-n24,host CPU,,V2,82.28590269485328,31.25575163442399,2.7949694790119093,10
slow100-owned-f1-qps1000-n24,rec. → exec. p50 (s),,V1,6.006940587946582,3.8015190225665507,0.6341170385824582,10
slow100-owned-f1-qps1000-n24,rec. → exec. p50 (s),,V2,6.253007029368489,4.112862325479758,0.8406785688565275,10
slow100-owned-f1-qps1000-n24,rec. → exec. p95 (s),,V1,8.163861190127454,5.56465935606255,0.9152812826939668,10
slow100-owned-f1-qps1000-n24,rec. → exec. p95 (s),,V2,8.331774518197532,5.654589999749609,1.130489809862092,10
slow100-owned-f1-qps1000-n24,rec. → exec. p99 (s),,V1,8.744107280205931,5.89465011116471,0.9534247058679157,10
slow100-owned-f1-qps1000-n24,rec. → exec. p99 (s),,V2,8.866292916000877,5.843090816509523,1.170861489815727,10
slow100-owned-f1-qps1000-n24,pc valid. lat. p50 (s),,V1,0.00421363258612199,0.0016247718761361269,9.747955953395543e-05,10
slow100-owned-f1-qps1000-n24,pc valid. lat. p50 (s),,V2,0.003199908292898378,0.0012202980899391697,0.00030380099673035685,10
slow100-owned-f1-qps1000-n24,pc valid. lat. p95 (s),,V1,0.03667886156159063,0.0077848768945591364,0.0005924293536709659,10
slow100-owned-f1-qps1000-n24,pc valid. lat. p95 (s),,V2,0.02858239588604338,0.00875462227454998,0.001930393221228553,10
slow100-owned-f1-qps1000-n24,exec. lat. p95 (s),,V1,0.3193832021283217,0.061805469470646565,0.007512260943556987,10
slow100-owned-f1-qps1000-n24,exec. lat. p95 (s),,V2,0.2987084788161839,0.08305731366713229,0.016621226060035625,10
slow100-owned-f1-qps1000-n24,valid. drop. / sec,,V1,0.0,0.0,0.0,10
slow100-owned-f1-qps1000-n24,valid. drop. / sec,,V2,0.0,0.0,0.0,10
slow100-owned-f1-qps1000-n24,final. lat. p50 (s),,V1,1.726130316409588,0.2515811516786281,0.02150103207617767,10
slow100-owned-f1-qps1000-n24,final. lat. p50 (s),,V2,1.8928347338799627,0.30913146035344297,0.04476968401370106,10
slow100-owned-f1-qps1000-n24,final. lat. p95 (s),,V1,2.6216586652436855,0.3786387222114877,0.03441945788426696,10
slow100-owned-f1-qps1000-n24,final. lat. p95 (s),,V2,3.0686278030460508,0.50704519745163,0.08381199541495185,10
slow100-owned-f1-qps1000-n24,final. lat. p99 (s),,V1,3.073427094897729,0.5188582662055922,0.04777383917093628,10
slow100-owned-f1-qps1000-n24,final. lat. p99 (s),,V2,3.7757022245957867,1.1062651198069102,0.1521739340836486,10
slow100-owned-f1-qps1000-n24,submit lat. p50 (s),,V1,0.21843559718823205,0.04309125663819934,0.0067120915983581156,10
slow100-owned-f1-qps1000-n24,submit lat. p50 (s),,V2,0.37799811552409646,0.09211968524475021,0.01730877103480598,10
slow100-owned-f1-qps1000-n24,submit lat. p95 (s),,V1,0.7089242635876742,0.15346577671485673,0.026841896959772262,10
slow100-owned-f1-qps1000-n24,submit lat. p95 (s),,V2,1.0581327342155105,0.23279528704604144,0.04794525445133543,10
slow100-owned-f1-qps1000-n24,ckpt lag p50 (s),,V1,1.1691376507358926,0.2918003450322218,0.02351099105757417,10
slow100-owned-f1-qps1000-n24,ckpt lag p50 (s),,V2,1.457543013170205,1.852781495518684,0.3859455974352896,10
slow100-owned-f1-qps1000-n24,ckpt lag p95 (s),,V1,5.666174197735567,4.5070387275882355,0.511698452122261,10
slow100-owned-f1-qps1000-n24,ckpt lag p95 (s),,V2,6.394591244168116,4.3280886782741685,0.42152577195285346,10
slow100-owned-f1-qps1000-n24,ckpt lag p99 (s),,V1,13.581195523969953,10.637197604019898,1.2079393277065162,10
slow100-owned-f1-qps1000-n24,ckpt lag p99 (s),,V2,12.509579615634713,9.250178261196778,1.0878637942538074,10
slow100-owned-f1-qps1000-n24,exec. dispatch queue,,V1,1977.1,31.573564892168893,10.524521630722964,10
slow100-owned-f1-qps1000-n24,exec. dispatch queue,,V2,1769.4,315.07116656400024,105.02372218800008,10
slow100-owned-f1-qps1000-n24,pending txs,,V1,1365.8,709.5386952097821,236.51289840326064,10
slow100-owned-f1-qps1000-n24,pending txs,,V2,1111.2,961.6304695671826,320.5434898557275,10
slow100-owned-f1-qps1000-n24,exec. queue. delay p95 (s),,V1,3.173807719786913,1.5918007419260518,0.17182561415790454,10
slow100-owned-f1-qps1000-n24,exec. queue. delay p95 (s),,V2,2.7834194461106057,1.5586502303180232,0.27540655452430424,10
slow100-owned-f1-qps1000-n24,post-cons shed drops / sec,,V1,0.0,0.0,0.0,10
slow100-owned-f1-qps1000-n24,post-cons shed drops / sec,,V2,0.0,0.0,0.0,10
slow100-owned-f1-qps1000-n24,shed % quorum,,V1,0.0,0.0,0.0,10
slow100-owned-f1-qps1000-n24,shed % quorum,,V2,0.0,0.0,0.0,10
slow100-owned-f1-qps1000-n24,shed % local,,V1,43.1,7.712976079309464,2.5709920264364876,10
slow100-owned-f1-qps1000-n24,shed % local,,V2,35.2,13.854963009694396,4.618321003231466,10
slow100-owned-f1-qps1000-n24,shed % cons-queue,,V1,0.0,0.0,0.0,10
slow100-owned-f1-qps1000-n24,shed % cons-queue,,V2,0.0,0.0,0.0,10
slow100-owned-f1-qps1000-n24,pre-cons overload rej / sec,,V1,nan,nan,nan,10
slow100-owned-f1-qps1000-n24,pre-cons overload rej / sec,,V2,nan,nan,nan,10
slow100-owned-f1-qps1000-n24,node CPU,,V1,4.30147748892526,0.6778572643408133,0.033675368661113474,10
slow100-owned-f1-qps1000-n24,node CPU,,V2,4.3323152475616125,0.8150390352810717,0.16880150007276556,10
slow100-owned-f1-qps1000-n24,node memory RSS (bytes),,V1,937701220.5412542,150782690.75811124,3625864.2641285355,10
slow100-owned-f1-qps1000-n24,node memory RSS (bytes),,V2,960118464.7429519,151585684.5225742,11770962.060498731,10
slow100-owned-f1-qps1000-n24,overload graduated / sec,,V1,nan,nan,nan,10
slow100-owned-f1-qps1000-n24,overload graduated / sec,,V2,nan,nan,nan,10
slow100-owned-f1-qps1000-n24,overload max-pending / sec,,V1,nan,nan,nan,10
slow100-owned-f1-qps1000-n24,overload max-pending / sec,,V2,nan,nan,nan,10
slow100-owned-f1-qps1000-n24,overload semaphore / sec,,V1,nan,nan,nan,10
slow100-owned-f1-qps1000-n24,overload semaphore / sec,,V2,nan,nan,nan,10
slow100-owned-f1-qps1000-n24,attest. exec p50 (s),,V1,nan,nan,nan,10
slow100-owned-f1-qps1000-n24,attest. exec p50 (s),,V2,0.01626193646867107,0.003954763975678561,0.0003931123102924306,10
slow100-owned-f1-qps1000-n24,attest. exec p95 (s),,V1,nan,nan,nan,10
slow100-owned-f1-qps1000-n24,attest. exec p95 (s),,V2,0.050191175474008226,0.005348129147484736,0.0004742558988178765,10
slow100-owned-f1-qps1000-n24,attest. exec p99 (s),,V1,nan,nan,nan,10
slow100-owned-f1-qps1000-n24,attest. exec p99 (s),,V2,0.07116082183363785,0.007063485256892398,0.0006511449706553874,10
slow100-owned-f1-qps1000-n24,attest. wait p50 (s),,V1,nan,nan,nan,10
slow100-owned-f1-qps1000-n24,attest. wait p50 (s),,V2,0.0488180638286264,0.05031452654768744,0.002698542659958631,10
slow100-owned-f1-qps1000-n24,attest. wait p95 (s),,V1,nan,nan,nan,10
slow100-owned-f1-qps1000-n24,attest. wait p95 (s),,V2,0.515221952061284,0.17501805073104829,0.020739677352505606,10
slow100-owned-f1-qps1000-n24,attest. wait p99 (s),,V1,nan,nan,nan,10
slow100-owned-f1-qps1000-n24,attest. wait p99 (s),,V2,0.8256180952235336,0.2554831462077054,0.028832229992488585,10
slow100-owned-f1-qps1000-n24,attest. resume p50 (s),,V1,nan,nan,nan,10
slow100-owned-f1-qps1000-n24,attest. resume p50 (s),,V2,0.0008102769047853948,7.109461916687437e-05,6.612147628431705e-06,10
slow100-owned-f1-qps1000-n24,attest. resume p95 (s),,V1,nan,nan,nan,10
slow100-owned-f1-qps1000-n24,attest. resume p95 (s),,V2,0.016874013722420065,0.015244336189611265,0.002228274958638535,10
slow100-owned-f1-qps1000-n24,attest. resume p99 (s),,V1,nan,nan,nan,10
slow100-owned-f1-qps1000-n24,attest. resume p99 (s),,V2,0.08832390579963813,0.06754323515671379,0.010118190704945337,10
slow100-owned-f1-qps1000-n24,num_inflight,,V1,249.1,39.07799892522645,13.025999641742152,10
slow100-owned-f1-qps1000-n24,num_inflight,,V2,306.3,76.47751303487843,25.492504344959475,10
slow100-owned-f1-qps1000-n24,CUs,,V1,nan,nan,nan,10
slow100-owned-f1-qps1000-n24,CUs,,V2,3994.891727562899,123.19422187711548,5.4983586959341215,10
slow100-owned-v1-qps1000-n24,TPS,,V1,333.504371067209,196.87194324860377,28.563585419417507,10
slow100-owned-v1-qps1000-n24,TPS,,V2,424.83919820164726,118.5160645391701,9.456342896641374,10
slow100-owned-v1-qps1000-n24,attest. full p50 (s),,V1,nan,nan,nan,10
slow100-owned-v1-qps1000-n24,attest. full p50 (s),,V2,0.04653138406208407,0.11904922674384204,0.015767877236048163,10
slow100-owned-v1-qps1000-n24,attest. full p95 (s),,V1,nan,nan,nan,10
slow100-owned-v1-qps1000-n24,attest. full p95 (s),,V2,0.5923591082830211,0.2849538221813777,0.02103878656675368,10
slow100-owned-v1-qps1000-n24,attest. full p99 (s),,V1,nan,nan,nan,10
slow100-owned-v1-qps1000-n24,attest. full p99 (s),,V2,0.9900014413631792,0.3588440104054531,0.0284689236632753,10
slow100-owned-v1-qps1000-n24,attest. / sec,,V1,0.0,0.0,0.0,10
slow100-owned-v1-qps1000-n24,attest. / sec,,V2,1042.4490800241667,413.97234571176347,56.346504708477596,10
slow100-owned-v1-qps1000-n24,host CPU,,V1,84.39900213675666,30.714366142655884,0.23661598190127944,10
slow100-owned-v1-qps1000-n24,host CPU,,V2,79.72718498779888,30.439428079899553,1.1066880455614216,10
slow100-owned-v1-qps1000-n24,rec. → exec. p50 (s),,V1,2.317590523977633,1.3573181095227909,0.3063472639913785,10
slow100-owned-v1-qps1000-n24,rec. → exec. p50 (s),,V2,2.913239470545578,1.4943480077069136,0.19427792932993104,10
slow100-owned-v1-qps1000-n24,rec. → exec. p95 (s),,V1,3.650593245282194,2.0021278638651974,0.4686489634966588,10
slow100-owned-v1-qps1000-n24,rec. → exec. p95 (s),,V2,11.590005992340384,6.289696277530802,0.5337411138107738,10
slow100-owned-v1-qps1000-n24,rec. → exec. p99 (s),,V1,5.072756113194311,4.115898930514315,0.8149474247126582,10
slow100-owned-v1-qps1000-n24,rec. → exec. p99 (s),,V2,15.065896903275481,6.718383533309075,0.31065457189214407,10
slow100-owned-v1-qps1000-n24,pc valid. lat. p50 (s),,V1,0.003934591454420237,0.0026723723665694954,0.00021804059008091148,10
slow100-owned-v1-qps1000-n24,pc valid. lat. p50 (s),,V2,0.00039174099524405006,6.644487510810195e-05,8.308522184335185e-06,10
slow100-owned-v1-qps1000-n24,pc valid. lat. p95 (s),,V1,0.036349860739278754,0.01635152246578107,0.0006208064730664502,10
slow100-owned-v1-qps1000-n24,pc valid. lat. p95 (s),,V2,0.013413769379091679,0.00723858028062838,0.0012197522627511697,10
slow100-owned-v1-qps1000-n24,exec. lat. p95 (s),,V1,0.3903071922326737,0.05420105471154584,0.007305035113142532,10
slow100-owned-v1-qps1000-n24,exec. lat. p95 (s),,V2,0.14665450569314542,0.07039885370139788,0.011249151043933404,10
slow100-owned-v1-qps1000-n24,valid. drop. / sec,,V1,0.0,0.0,0.0,10
slow100-owned-v1-qps1000-n24,valid. drop. / sec,,V2,0.0,0.0,0.0,10
slow100-owned-v1-qps1000-n24,final. lat. p50 (s),,V1,nan,nan,nan,10
slow100-owned-v1-qps1000-n24,final. lat. p50 (s),,V2,nan,nan,nan,10
slow100-owned-v1-qps1000-n24,final. lat. p95 (s),,V1,nan,nan,nan,10
slow100-owned-v1-qps1000-n24,final. lat. p95 (s),,V2,nan,nan,nan,10
slow100-owned-v1-qps1000-n24,final. lat. p99 (s),,V1,nan,nan,nan,10
slow100-owned-v1-qps1000-n24,final. lat. p99 (s),,V2,nan,nan,nan,10
slow100-owned-v1-qps1000-n24,submit lat. p50 (s),,V1,nan,nan,nan,10
slow100-owned-v1-qps1000-n24,submit lat. p50 (s),,V2,nan,nan,nan,10
slow100-owned-v1-qps1000-n24,submit lat. p95 (s),,V1,nan,nan,nan,10
slow100-owned-v1-qps1000-n24,submit lat. p95 (s),,V2,nan,nan,nan,10
slow100-owned-v1-qps1000-n24,ckpt lag p50 (s),,V1,8.561505938314541,9.18336775752043,2.218362720829927,10
slow100-owned-v1-qps1000-n24,ckpt lag p50 (s),,V2,0.6366106352534829,0.7030663703020162,0.0926162905369012,10
slow100-owned-v1-qps1000-n24,ckpt lag p95 (s),,V1,22.557773819321636,16.205066281354664,2.789222032982363,10
slow100-owned-v1-qps1000-n24,ckpt lag p95 (s),,V2,2.352246852762694,1.79783244537945,0.271890090667527,10
slow100-owned-v1-qps1000-n24,ckpt lag p99 (s),,V1,29.42807822103205,19.310144441218522,2.4649311861614085,10
slow100-owned-v1-qps1000-n24,ckpt lag p99 (s),,V2,3.772407099159881,2.113806125248586,0.3660307574257258,10
slow100-owned-v1-qps1000-n24,exec. dispatch queue,,V1,1978.0,48.17468214736866,16.058227382456217,10
slow100-owned-v1-qps1000-n24,exec. dispatch queue,,V2,1167.5,220.75201018337296,73.58400339445765,10
slow100-owned-v1-qps1000-n24,pending txs,,V1,2614.3,1197.0594847374964,399.0198282458321,10
slow100-owned-v1-qps1000-n24,pending txs,,V2,38.4,15.969971822141702,5.323323940713901,10
slow100-owned-v1-qps1000-n24,exec. queue. delay p95 (s),,V1,3.567540540694818,1.3638335258727412,0.1289970746333617,10
slow100-owned-v1-qps1000-n24,exec. queue. delay p95 (s),,V2,0.8995777416367388,0.5494806097005233,0.0935958975776897,10
slow100-owned-v1-qps1000-n24,post-cons shed drops / sec,,V1,12.041407151095731,20.62904750820226,4.086134739703881,10
slow100-owned-v1-qps1000-n24,post-cons shed drops / sec,,V2,0.0,0.0,0.0,10
slow100-owned-v1-qps1000-n24,shed % quorum,,V1,7.9,6.155485358604957,2.051828452868319,10
slow100-owned-v1-qps1000-n24,shed % quorum,,V2,0.0,0.0,0.0,10
slow100-owned-v1-qps1000-n24,shed % local,,V1,42.7,2.570992026436488,0.856997342145496,10
slow100-owned-v1-qps1000-n24,shed % local,,V2,2.7,6.603786792439623,2.201262264146541,10
slow100-owned-v1-qps1000-n24,shed % cons-queue,,V1,0.0,0.0,0.0,10
slow100-owned-v1-qps1000-n24,shed % cons-queue,,V2,0.0,0.0,0.0,10
slow100-owned-v1-qps1000-n24,pre-cons overload rej / sec,,V1,3.9400742115027825,20.61140821558612,3.860971074623427,10
slow100-owned-v1-qps1000-n24,pre-cons overload rej / sec,,V2,85.13620123262982,69.96339842005402,7.141363030666987,10
slow100-owned-v1-qps1000-n24,node CPU,,V1,4.609569579285848,0.7994822918323238,0.026302885126215463,10
slow100-owned-v1-qps1000-n24,node CPU,,V2,6.104685860283944,1.1921792826385764,0.10488368616636537,10
slow100-owned-v1-qps1000-n24,node memory RSS (bytes),,V1,978173276.16,150275824.8431696,6589549.779193561,10
slow100-owned-v1-qps1000-n24,node memory RSS (bytes),,V2,1093653299.2,150103937.44194993,4532631.0753035,10
slow100-owned-v1-qps1000-n24,overload graduated / sec,,V1,nan,nan,nan,10
slow100-owned-v1-qps1000-n24,overload graduated / sec,,V2,nan,nan,nan,10
slow100-owned-v1-qps1000-n24,overload max-pending / sec,,V1,nan,nan,nan,10
slow100-owned-v1-qps1000-n24,overload max-pending / sec,,V2,nan,nan,nan,10
slow100-owned-v1-qps1000-n24,overload semaphore / sec,,V1,3.9400742115027825,20.61140821558612,3.860971074623427,10
slow100-owned-v1-qps1000-n24,overload semaphore / sec,,V2,85.07755901505902,70.01988812374579,7.150415413788902,10
slow100-owned-v1-qps1000-n24,attest. exec p50 (s),,V1,nan,nan,nan,10
slow100-owned-v1-qps1000-n24,attest. exec p50 (s),,V2,0.002921875732423106,0.002668421249985229,0.00041144166840928936,10
slow100-owned-v1-qps1000-n24,attest. exec p95 (s),,V1,nan,nan,nan,10
slow100-owned-v1-qps1000-n24,attest. exec p95 (s),,V2,0.02324307732788693,0.0023353647028978002,0.00023009271959630615,10
slow100-owned-v1-qps1000-n24,attest. exec p99 (s),,V1,nan,nan,nan,10
slow100-owned-v1-qps1000-n24,attest. exec p99 (s),,V2,0.044527772626155995,0.0030969828937819073,0.00034356093820876586,10
slow100-owned-v1-qps1000-n24,attest. wait p50 (s),,V1,nan,nan,nan,10
slow100-owned-v1-qps1000-n24,attest. wait p50 (s),,V2,0.008871536287632426,0.016942250719845724,0.0010385234024512797,10
slow100-owned-v1-qps1000-n24,attest. wait p95 (s),,V1,nan,nan,nan,10
slow100-owned-v1-qps1000-n24,attest. wait p95 (s),,V2,0.3514273341009081,0.12631184317500652,0.01732061449778904,10
slow100-owned-v1-qps1000-n24,attest. wait p99 (s),,V1,nan,nan,nan,10
slow100-owned-v1-qps1000-n24,attest. wait p99 (s),,V2,0.6850354199586826,0.20569698923846516,0.02108912088627236,10
slow100-owned-v1-qps1000-n24,attest. resume p50 (s),,V1,nan,nan,nan,10
slow100-owned-v1-qps1000-n24,attest. resume p50 (s),,V2,0.012068159674530015,0.06549626153843278,0.008517767052364686,10
slow100-owned-v1-qps1000-n24,attest. resume p95 (s),,V1,nan,nan,nan,10
slow100-owned-v1-qps1000-n24,attest. resume p95 (s),,V2,0.3055591140303968,0.2813692927489499,0.0221461135819741,10
slow100-owned-v1-qps1000-n24,attest. resume p99 (s),,V1,nan,nan,nan,10
slow100-owned-v1-qps1000-n24,attest. resume p99 (s),,V2,0.5926734252749275,0.34403067511336993,0.03033979038813228,10
slow100-owned-v1-qps1000-n24,num_inflight,,V1,1368.8,166.6594131754939,55.55313772516464,10
slow100-owned-v1-qps1000-n24,num_inflight,,V2,1968.1,199.88369118064634,66.62789706021545,10
slow100-owned-v1-qps1000-n24,CUs,,V1,nan,nan,nan,10
slow100-owned-v1-qps1000-n24,CUs,,V2,4000.0,5.818550157825214e-13,0.0,10
slow100-owned-v24-qps1000-n24,TPS,,V1,318.54848433810434,178.6127958049522,17.744132040884956,10
slow100-owned-v24-qps1000-n24,TPS,,V2,309.6042211181777,159.36143845945008,18.64932072937834,10
slow100-owned-v24-qps1000-n24,attest. full p50 (s),,V1,nan,nan,nan,10
slow100-owned-v24-qps1000-n24,attest. full p50 (s),,V2,0.07109747466894004,0.07183451283393463,0.00924486195551015,10
slow100-owned-v24-qps1000-n24,attest. full p95 (s),,V1,nan,nan,nan,10
slow100-owned-v24-qps1000-n24,attest. full p95 (s),,V2,0.4876356284084847,0.2359606517308971,0.027541931977280807,10
slow100-owned-v24-qps1000-n24,attest. full p99 (s),,V1,nan,nan,nan,10
slow100-owned-v24-qps1000-n24,attest. full p99 (s),,V2,0.7781581431119845,0.3295287906074167,0.03713988239215645,10
slow100-owned-v24-qps1000-n24,attest. / sec,,V1,0.0,0.0,0.0,10
slow100-owned-v24-qps1000-n24,attest. / sec,,V2,136.6201304931875,48.68504906666344,9.2959400367903,10
slow100-owned-v24-qps1000-n24,host CPU,,V1,84.2765418192901,30.91735467728152,0.2249096114415116,10
slow100-owned-v24-qps1000-n24,host CPU,,V2,84.55032228938192,30.783468962450247,0.2254392592438021,10
slow100-owned-v24-qps1000-n24,rec. → exec. p50 (s),,V1,5.944573041289572,3.192672051096084,0.6522778754862779,10
slow100-owned-v24-qps1000-n24,rec. → exec. p50 (s),,V2,6.902396699325492,3.0847435145663553,0.30399577308097486,10
slow100-owned-v24-qps1000-n24,rec. → exec. p95 (s),,V1,7.297584039677935,4.235849497995924,0.884869638677691,10
slow100-owned-v24-qps1000-n24,rec. → exec. p95 (s),,V2,8.969366683330927,4.732354356742888,0.45032593509981134,10
slow100-owned-v24-qps1000-n24,rec. → exec. p99 (s),,V1,7.755127753764993,4.586539260628939,0.9360874517737044,10
slow100-owned-v24-qps1000-n24,rec. → exec. p99 (s),,V2,9.75345784330076,5.257155357953347,0.4500414798471208,10
slow100-owned-v24-qps1000-n24,pc valid. lat. p50 (s),,V1,0.0055257761455284014,0.0034129839828587172,9.497330361279096e-05,10
slow100-owned-v24-qps1000-n24,pc valid. lat. p50 (s),,V2,0.004544035309912717,0.0020273916581623436,0.0001665220235537284,10
slow100-owned-v24-qps1000-n24,pc valid. lat. p95 (s),,V1,0.03439931848464883,0.01746669997930682,0.0009774348074470516,10
slow100-owned-v24-qps1000-n24,pc valid. lat. p95 (s),,V2,0.02996610027018099,0.011687052814545719,0.000742529315315217,10
slow100-owned-v24-qps1000-n24,exec. lat. p95 (s),,V1,0.3996183032824793,0.04354996900301058,0.005025305309838899,10
slow100-owned-v24-qps1000-n24,exec. lat. p95 (s),,V2,0.394288526498408,0.06221646308785466,0.006352798943541972,10
slow100-owned-v24-qps1000-n24,valid. drop. / sec,,V1,0.0,0.0,0.0,10
slow100-owned-v24-qps1000-n24,valid. drop. / sec,,V2,0.0,0.0,0.0,10
slow100-owned-v24-qps1000-n24,final. lat. p50 (s),,V1,nan,nan,nan,10
slow100-owned-v24-qps1000-n24,final. lat. p50 (s),,V2,nan,nan,nan,10
slow100-owned-v24-qps1000-n24,final. lat. p95 (s),,V1,nan,nan,nan,10
slow100-owned-v24-qps1000-n24,final. lat. p95 (s),,V2,nan,nan,nan,10
slow100-owned-v24-qps1000-n24,final. lat. p99 (s),,V1,nan,nan,nan,10
slow100-owned-v24-qps1000-n24,final. lat. p99 (s),,V2,nan,nan,nan,10
slow100-owned-v24-qps1000-n24,submit lat. p50 (s),,V1,nan,nan,nan,10
slow100-owned-v24-qps1000-n24,submit lat. p50 (s),,V2,nan,nan,nan,10
slow100-owned-v24-qps1000-n24,submit lat. p95 (s),,V1,nan,nan,nan,10
slow100-owned-v24-qps1000-n24,submit lat. p95 (s),,V2,nan,nan,nan,10
slow100-owned-v24-qps1000-n24,ckpt lag p50 (s),,V1,8.245715308204339,9.164930999670885,0.6483624501828912,10
slow100-owned-v24-qps1000-n24,ckpt lag p50 (s),,V2,7.940298906912529,9.228510182125842,2.428097920745659,10
slow100-owned-v24-qps1000-n24,ckpt lag p95 (s),,V1,24.108590663700678,17.26568553481087,0.6576972816382006,10
slow100-owned-v24-qps1000-n24,ckpt lag p95 (s),,V2,24.530481860978668,17.63874660517537,3.42563777339542,10
slow100-owned-v24-qps1000-n24,ckpt lag p99 (s),,V1,31.308834645597376,20.73004918265491,0.26470831613897017,10
slow100-owned-v24-qps1000-n24,ckpt lag p99 (s),,V2,31.86899022109503,20.757748946043176,2.9632468475977305,10
slow100-owned-v24-qps1000-n24,exec. dispatch queue,,V1,1943.1,50.28011535388518,16.76003845129506,10
slow100-owned-v24-qps1000-n24,exec. dispatch queue,,V2,1969.7,39.2531527396208,13.084384246540266,10
slow100-owned-v24-qps1000-n24,pending txs,,V1,2716.5,474.16900995320225,158.0563366510674,10
slow100-owned-v24-qps1000-n24,pending txs,,V2,2838.4,1028.3534606350095,342.7844868783365,10
slow100-owned-v24-qps1000-n24,exec. queue. delay p95 (s),,V1,3.4376908889137368,1.246960905529746,0.11550400630282934,10
slow100-owned-v24-qps1000-n24,exec. queue. delay p95 (s),,V2,3.599294690371784,1.2685920573209142,0.12161296231584225,10
slow100-owned-v24-qps1000-n24,post-cons shed drops / sec,,V1,15.540114942528735,27.636780146120962,3.8901035113160223,10
slow100-owned-v24-qps1000-n24,post-cons shed drops / sec,,V2,15.420610247553252,23.119689021043236,3.9090861239035664,10
slow100-owned-v24-qps1000-n24,shed % quorum,,V1,10.7,5.158488150611572,1.7194960502038574,10
slow100-owned-v24-qps1000-n24,shed % quorum,,V2,9.1,5.61159513863928,1.8705317128797598,10
slow100-owned-v24-qps1000-n24,shed % local,,V1,44.7,4.428317965096906,1.4761059883656353,10
slow100-owned-v24-qps1000-n24,shed % local,,V2,44.7,4.172529209005013,1.3908430696683378,10
slow100-owned-v24-qps1000-n24,shed % cons-queue,,V1,0.0,0.0,0.0,10
slow100-owned-v24-qps1000-n24,shed % cons-queue,,V2,0.0,0.0,0.0,10
slow100-owned-v24-qps1000-n24,pre-cons overload rej / sec,,V1,nan,nan,nan,10
slow100-owned-v24-qps1000-n24,pre-cons overload rej / sec,,V2,nan,nan,nan,10
slow100-owned-v24-qps1000-n24,node CPU,,V1,4.652343735696188,0.7709128005331691,0.029126792930895477,10
slow100-owned-v24-qps1000-n24,node CPU,,V2,4.850611196542046,0.6782778725713844,0.02552222266509613,10
slow100-owned-v24-qps1000-n24,node memory RSS (bytes),,V1,947057205.670549,154805389.43466762,6157192.073871219,10
slow100-owned-v24-qps1000-n24,node memory RSS (bytes),,V2,977177030.7312187,141834599.62358555,7079848.876560604,10
slow100-owned-v24-qps1000-n24,overload graduated / sec,,V1,nan,nan,nan,10
slow100-owned-v24-qps1000-n24,overload graduated / sec,,V2,nan,nan,nan,10
slow100-owned-v24-qps1000-n24,overload max-pending / sec,,V1,nan,nan,nan,10
slow100-owned-v24-qps1000-n24,overload max-pending / sec,,V2,nan,nan,nan,10
slow100-owned-v24-qps1000-n24,overload semaphore / sec,,V1,nan,nan,nan,10
slow100-owned-v24-qps1000-n24,overload semaphore / sec,,V2,nan,nan,nan,10
slow100-owned-v24-qps1000-n24,attest. exec p50 (s),,V1,nan,nan,nan,10
slow100-owned-v24-qps1000-n24,attest. exec p50 (s),,V2,0.012355398548026128,0.003183530918692231,0.0004886058989789423,10
slow100-owned-v24-qps1000-n24,attest. exec p95 (s),,V1,nan,nan,nan,10
slow100-owned-v24-qps1000-n24,attest. exec p95 (s),,V2,0.044688688556670235,0.003576438146534025,0.000580947121390239,10
slow100-owned-v24-qps1000-n24,attest. exec p99 (s),,V1,nan,nan,nan,10
slow100-owned-v24-qps1000-n24,attest. exec p99 (s),,V2,0.06202772669103738,0.007384779888355023,0.001205638278905891,10
slow100-owned-v24-qps1000-n24,attest. wait p50 (s),,V1,nan,nan,nan,10
slow100-owned-v24-qps1000-n24,attest. wait p50 (s),,V2,0.04968302570837841,0.07027279376597892,0.009154208316350346,10
slow100-owned-v24-qps1000-n24,attest. wait p95 (s),,V1,nan,nan,nan,10
slow100-owned-v24-qps1000-n24,attest. wait p95 (s),,V2,0.4614806913169746,0.2345048347375607,0.028288504632769152,10
slow100-owned-v24-qps1000-n24,attest. wait p99 (s),,V1,nan,nan,nan,10
slow100-owned-v24-qps1000-n24,attest. wait p99 (s),,V2,0.7502039012371233,0.3256342188371377,0.0377780567477296,10
slow100-owned-v24-qps1000-n24,attest. resume p50 (s),,V1,nan,nan,nan,10
slow100-owned-v24-qps1000-n24,attest. resume p50 (s),,V2,0.000772534290925219,8.052462120023057e-05,4.788346972658928e-06,10
slow100-owned-v24-qps1000-n24,attest. resume p95 (s),,V1,nan,nan,nan,10
slow100-owned-v24-qps1000-n24,attest. resume p95 (s),,V2,0.013050577970771148,0.012303527339591832,0.0010112408023664713,10
slow100-owned-v24-qps1000-n24,attest. resume p99 (s),,V1,nan,nan,nan,10
slow100-owned-v24-qps1000-n24,attest. resume p99 (s),,V2,0.05564979420310374,0.05075490054919936,0.005079653724550034,10
slow100-owned-v24-qps1000-n24,num_inflight,,V1,315.4,48.454514753529416,16.151504917843138,10
slow100-owned-v24-qps1000-n24,num_inflight,,V2,347.4,67.81622224807276,22.605407416024253,10
slow100-owned-v24-qps1000-n24,CUs,,V1,nan,nan,nan,10
slow100-owned-v24-qps1000-n24,CUs,,V2,4000.0,5.749661062671154e-13,0.0,10
slow100-owned-f1-qps2000-n24,TPS,,V1,384.64948590789373,174.26165527752894,36.97372922715239,10
slow100-owned-f1-qps2000-n24,TPS,,V2,423.82929454946355,102.81323694298375,4.329962964257724,10
slow100-owned-f1-qps2000-n24,attest. full p50 (s),,V1,nan,nan,nan,10
slow100-owned-f1-qps2000-n24,attest. full p50 (s),,V2,0.11724436308686724,0.08204557670531652,0.010236637374285871,10
slow100-owned-f1-qps2000-n24,attest. full p95 (s),,V1,nan,nan,nan,10
slow100-owned-f1-qps2000-n24,attest. full p95 (s),,V2,0.6110666349637923,0.26972258154875356,0.033487175012360246,10
slow100-owned-f1-qps2000-n24,attest. full p99 (s),,V1,nan,nan,nan,10
slow100-owned-f1-qps2000-n24,attest. full p99 (s),,V2,0.9154835400189402,0.3872427915168104,0.04948042055192374,10
slow100-owned-f1-qps2000-n24,attest. / sec,,V1,0.0,0.0,0.0,10
slow100-owned-f1-qps2000-n24,attest. / sec,,V2,116.32641886490808,31.607333146980647,1.5474158148682056,10
slow100-owned-f1-qps2000-n24,host CPU,,V1,63.14498638128689,40.66885629954211,2.846952101249164,10
slow100-owned-f1-qps2000-n24,host CPU,,V2,68.30679015535192,41.58584147927285,0.4109488477144979,10
slow100-owned-f1-qps2000-n24,rec. → exec. p50 (s),,V1,2.8565711626865844,2.175027038376138,0.3758789689254987,10
slow100-owned-f1-qps2000-n24,rec. → exec. p50 (s),,V2,3.708281013099181,2.822734393874917,0.5998399195330831,10
slow100-owned-f1-qps2000-n24,rec. → exec. p95 (s),,V1,3.8036785766611754,2.8907547309919157,0.505217924157805,10
slow100-owned-f1-qps2000-n24,rec. → exec. p95 (s),,V2,5.112208802454573,3.4895754657137332,0.7326051963399476,10
slow100-owned-f1-qps2000-n24,rec. → exec. p99 (s),,V1,4.045624041549499,3.0835407238675407,0.5431861967216381,10
slow100-owned-f1-qps2000-n24,rec. → exec. p99 (s),,V2,5.574667609342421,3.7521333322923454,0.8025195829527186,10
slow100-owned-f1-qps2000-n24,pc valid. lat. p50 (s),,V1,0.002080142095957711,0.0017558352381470592,0.00037148344513398933,10
slow100-owned-f1-qps2000-n24,pc valid. lat. p50 (s),,V2,0.001903230624772961,0.0011991655283785838,0.0002605434837366156,10
slow100-owned-f1-qps2000-n24,pc valid. lat. p95 (s),,V1,0.024916669618609964,0.016789752891237936,0.0030170494886003043,10
slow100-owned-f1-qps2000-n24,pc valid. lat. p95 (s),,V2,0.022954463428703123,0.011669432633569406,0.0018081032659639062,10
slow100-owned-f1-qps2000-n24,exec. lat. p95 (s),,V1,0.1982809248795817,0.13411041912240884,0.018661371549268595,10
slow100-owned-f1-qps2000-n24,exec. lat. p95 (s),,V2,0.20135522134789005,0.1358728581096506,0.021432230849131165,10
slow100-owned-f1-qps2000-n24,valid. drop. / sec,,V1,0.0,0.0,0.0,10
slow100-owned-f1-qps2000-n24,valid. drop. / sec,,V2,0.0,0.0,0.0,10
slow100-owned-f1-qps2000-n24,final. lat. p50 (s),,V1,1.6911945700089075,1.1626244871108424,0.07547272338334839,10
slow100-owned-f1-qps2000-n24,final. lat. p50 (s),,V2,1.9931029796440336,1.339686316540022,0.11640449947099135,10
slow100-owned-f1-qps2000-n24,final. lat. p95 (s),,V1,2.7519321250062907,1.7749235106179615,0.10153824659612708,10
slow100-owned-f1-qps2000-n24,final. lat. p95 (s),,V2,3.4626575315155095,2.086882056627987,0.16437086347367938,10
slow100-owned-f1-qps2000-n24,final. lat. p99 (s),,V1,3.157619296441576,1.9299747594975691,0.12109284868250103,10
slow100-owned-f1-qps2000-n24,final. lat. p99 (s),,V2,4.0746819949948785,2.3052924813216693,0.21600045399829912,10
slow100-owned-f1-qps2000-n24,submit lat. p50 (s),,V1,0.2354571050372612,0.14583540640657336,0.014853381032702586,10
slow100-owned-f1-qps2000-n24,submit lat. p50 (s),,V2,0.43199556754355617,0.19965933624528298,0.02813884557319348,10
slow100-owned-f1-qps2000-n24,submit lat. p95 (s),,V1,0.7228300912974699,0.3963051789248899,0.039247639866844,10
slow100-owned-f1-qps2000-n24,submit lat. p95 (s),,V2,1.208890266987282,0.5121553624732967,0.06560509454565193,10
slow100-owned-f1-qps2000-n24,ckpt lag p50 (s),,V1,1.9807952801865842,4.115982291808746,1.1533483500759505,10
slow100-owned-f1-qps2000-n24,ckpt lag p50 (s),,V2,0.8054855799072071,0.5389767821156228,0.0701941700533951,10
slow100-owned-f1-qps2000-n24,ckpt lag p95 (s),,V1,5.838682809087793,6.167943730363064,1.4156977464994218,10
slow100-owned-f1-qps2000-n24,ckpt lag p95 (s),,V2,4.389399975185322,3.3121743794962595,0.4810829409843153,10
slow100-owned-f1-qps2000-n24,ckpt lag p99 (s),,V1,8.899543469270842,8.699414926028405,1.9233354987286868,10
slow100-owned-f1-qps2000-n24,ckpt lag p99 (s),,V2,7.858706114732064,7.076647910298958,1.4569541582464205,10
slow100-owned-f1-qps2000-n24,exec. dispatch queue,,V1,2044.7,242.76945854040207,80.92315284680069,10
slow100-owned-f1-qps2000-n24,exec. dispatch queue,,V2,2484.7,451.9685940416657,150.65619801388857,10
slow100-owned-f1-qps2000-n24,pending txs,,V1,365.8,797.2341939480518,265.74473131601724,10
slow100-owned-f1-qps2000-n24,pending txs,,V2,489.7,867.8121974252264,289.2707324750754,10
slow100-owned-f1-qps2000-n24,exec. queue. delay p95 (s),,V1,1.7421126736121681,1.3637817592336612,0.2772437016685569,10
slow100-owned-f1-qps2000-n24,exec. queue. delay p95 (s),,V2,2.262204780809731,1.7202734014343346,0.3352781043468027,10
slow100-owned-f1-qps2000-n24,post-cons shed drops / sec,,V1,36.06729432148446,50.37712921123488,5.242228374666393,10
slow100-owned-f1-qps2000-n24,post-cons shed drops / sec,,V2,46.05733470366564,52.28683643840398,3.1908291629406973,10
slow100-owned-f1-qps2000-n24,shed % quorum,,V1,21.7,8.450443775329198,2.8168145917763994,10
slow100-owned-f1-qps2000-n24,shed % quorum,,V2,25.8,4.874423042781576,1.6248076809271919,10
slow100-owned-f1-qps2000-n24,shed % local,,V1,38.1,10.64377752492037,3.547925841640123,10
slow100-owned-f1-qps2000-n24,shed % local,,V2,47.0,8.78635305459552,2.9287843515318395,10
slow100-owned-f1-qps2000-n24,shed % cons-queue,,V1,0.0,0.0,0.0,10
slow100-owned-f1-qps2000-n24,shed % cons-queue,,V2,0.0,0.0,0.0,10
slow100-owned-f1-qps2000-n24,pre-cons overload rej / sec,,V1,nan,nan,nan,10
slow100-owned-f1-qps2000-n24,pre-cons overload rej / sec,,V2,nan,nan,nan,10
slow100-owned-f1-qps2000-n24,node CPU,,V1,3.7182567118177343,1.137768512850239,0.23381010706141628,10
slow100-owned-f1-qps2000-n24,node CPU,,V2,4.4174025928436915,0.848496817794399,0.04183066186489447,10
slow100-owned-f1-qps2000-n24,node memory RSS (bytes),,V1,899719111.6330276,141595035.98017618,13213137.838751683,10
slow100-owned-f1-qps2000-n24,node memory RSS (bytes),,V2,988680257.22293,157859095.6194585,3577734.529228239,10
slow100-owned-f1-qps2000-n24,overload graduated / sec,,V1,nan,nan,nan,10
slow100-owned-f1-qps2000-n24,overload graduated / sec,,V2,nan,nan,nan,10
slow100-owned-f1-qps2000-n24,overload max-pending / sec,,V1,nan,nan,nan,10
slow100-owned-f1-qps2000-n24,overload max-pending / sec,,V2,nan,nan,nan,10
slow100-owned-f1-qps2000-n24,overload semaphore / sec,,V1,nan,nan,nan,10
slow100-owned-f1-qps2000-n24,overload semaphore / sec,,V2,nan,nan,nan,10
slow100-owned-f1-qps2000-n24,attest. exec p50 (s),,V1,nan,nan,nan,10
slow100-owned-f1-qps2000-n24,attest. exec p50 (s),,V2,0.015663166729012596,0.003331917822882123,0.0005699298253643704,10
slow100-owned-f1-qps2000-n24,attest. exec p95 (s),,V1,nan,nan,nan,10
slow100-owned-f1-qps2000-n24,attest. exec p95 (s),,V2,0.046598795094333886,0.0058518618685513115,0.0008902491611798242,10
slow100-owned-f1-qps2000-n24,attest. exec p99 (s),,V1,nan,nan,nan,10
slow100-owned-f1-qps2000-n24,attest. exec p99 (s),,V2,0.06645583903236707,0.008859698406080523,0.0014370133671232376,10
slow100-owned-f1-qps2000-n24,attest. wait p50 (s),,V1,nan,nan,nan,10
slow100-owned-f1-qps2000-n24,attest. wait p50 (s),,V2,0.09111770942584314,0.07930802764915817,0.009727553171449766,10
slow100-owned-f1-qps2000-n24,attest. wait p95 (s),,V1,nan,nan,nan,10
slow100-owned-f1-qps2000-n24,attest. wait p95 (s),,V2,0.5814825762505618,0.2628000200150114,0.033371916965337346,10
slow100-owned-f1-qps2000-n24,attest. wait p99 (s),,V1,nan,nan,nan,10
slow100-owned-f1-qps2000-n24,attest. wait p99 (s),,V2,0.8860819061827574,0.3809026135887081,0.04915275195874515,10
slow100-owned-f1-qps2000-n24,attest. resume p50 (s),,V1,nan,nan,nan,10
slow100-owned-f1-qps2000-n24,attest. resume p50 (s),,V2,0.000795447705297971,0.00018465200632020534,2.180777780358459e-05,10
slow100-owned-f1-qps2000-n24,attest. resume p95 (s),,V1,nan,nan,nan,10
slow100-owned-f1-qps2000-n24,attest. resume p95 (s),,V2,0.02351441540717921,0.03593051102900095,0.0035168136537216724,10
slow100-owned-f1-qps2000-n24,attest. resume p99 (s),,V1,nan,nan,nan,10
slow100-owned-f1-qps2000-n24,attest. resume p99 (s),,V2,0.08375924062152074,0.09353962718282437,0.009559731894121092,10
slow100-owned-f1-qps2000-n24,num_inflight,,V1,413.8,39.11470311788138,13.038234372627127,10
slow100-owned-f1-qps2000-n24,num_inflight,,V2,476.6,73.39782013111834,24.46594004370611,10
slow100-owned-f1-qps2000-n24,CUs,,V1,nan,nan,nan,10
slow100-owned-f1-qps2000-n24,CUs,,V2,3973.4379739309707,277.5099143270566,6.955494708703692,10
slow100-owned-v1-qps2000-n24,TPS,,V1,408.4277449498804,282.80806831772105,17.441833715519373,10
slow100-owned-v1-qps2000-n24,TPS,,V2,413.66244021119854,107.02298625629258,10.587184192134085,10
slow100-owned-v1-qps2000-n24,attest. full p50 (s),,V1,nan,nan,nan,10
slow100-owned-v1-qps2000-n24,attest. full p50 (s),,V2,0.058001681436824874,0.0911795304258377,0.006095007981324202,10
slow100-owned-v1-qps2000-n24,attest. full p95 (s),,V1,nan,nan,nan,10
slow100-owned-v1-qps2000-n24,attest. full p95 (s),,V2,0.8009327328153958,0.4895133811772284,0.03952746274373635,10
slow100-owned-v1-qps2000-n24,attest. full p99 (s),,V1,nan,nan,nan,10
slow100-owned-v1-qps2000-n24,attest. full p99 (s),,V2,1.1942606769621322,0.6047952388844335,0.059147587643317484,10
slow100-owned-v1-qps2000-n24,attest. / sec,,V1,0.0,0.0,0.0,10
slow100-owned-v1-qps2000-n24,attest. / sec,,V2,847.2468644831334,377.0401868510886,59.645324452138105,10
slow100-owned-v1-qps2000-n24,host CPU,,V1,82.89416314261531,30.12993502533973,0.6889590546982118,10
slow100-owned-v1-qps2000-n24,host CPU,,V2,78.6458831615772,30.022934965294304,1.5689490591453696,10
slow100-owned-v1-qps2000-n24,rec. → exec. p50 (s),,V1,2.823010968376772,2.4514503594872026,0.5314185962335034,10
slow100-owned-v1-qps2000-n24,rec. → exec. p50 (s),,V2,4.532592942503037,2.690903931875929,0.21745674759501107,10
slow100-owned-v1-qps2000-n24,rec. → exec. p95 (s),,V1,10.995278213203243,8.901693011697384,1.377161092233099,10
slow100-owned-v1-qps2000-n24,rec. → exec. p95 (s),,V2,19.031752620556876,10.452772181155915,0.8383678453759973,10
slow100-owned-v1-qps2000-n24,rec. → exec. p99 (s),,V1,14.955536531783489,13.529210377536513,2.177429145555109,10
slow100-owned-v1-qps2000-n24,rec. → exec. p99 (s),,V2,25.18653764431799,15.542624723747876,1.0568635390142678,10
slow100-owned-v1-qps2000-n24,pc valid. lat. p50 (s),,V1,0.0031106117690165944,0.0030253023609031525,0.00029264185436415224,10
slow100-owned-v1-qps2000-n24,pc valid. lat. p50 (s),,V2,0.00035960846579118837,4.50470326452752e-05,6.6009468817428325e-06,10
slow100-owned-v1-qps2000-n24,pc valid. lat. p95 (s),,V1,0.035737179636330246,0.02627150937587299,0.0022113233264305465,10
slow100-owned-v1-qps2000-n24,pc valid. lat. p95 (s),,V2,0.01779377603158054,0.01603646026475603,0.0015055335094979923,10
slow100-owned-v1-qps2000-n24,exec. lat. p95 (s),,V1,0.3411749208803795,0.11593929852671928,0.012641530096993314,10
slow100-owned-v1-qps2000-n24,exec. lat. p95 (s),,V2,0.19206309127424706,0.08182618564687223,0.006927767648210839,10
slow100-owned-v1-qps2000-n24,valid. drop. / sec,,V1,0.0,0.0,0.0,10
slow100-owned-v1-qps2000-n24,valid. drop. / sec,,V2,0.0,0.0,0.0,10
slow100-owned-v1-qps2000-n24,final. lat. p50 (s),,V1,nan,nan,nan,10
slow100-owned-v1-qps2000-n24,final. lat. p50 (s),,V2,nan,nan,nan,10
slow100-owned-v1-qps2000-n24,final. lat. p95 (s),,V1,nan,nan,nan,10
slow100-owned-v1-qps2000-n24,final. lat. p95 (s),,V2,nan,nan,nan,10
slow100-owned-v1-qps2000-n24,final. lat. p99 (s),,V1,nan,nan,nan,10
slow100-owned-v1-qps2000-n24,final. lat. p99 (s),,V2,nan,nan,nan,10
slow100-owned-v1-qps2000-n24,submit lat. p50 (s),,V1,nan,nan,nan,10
slow100-owned-v1-qps2000-n24,submit lat. p50 (s),,V2,nan,nan,nan,10
slow100-owned-v1-qps2000-n24,submit lat. p95 (s),,V1,nan,nan,nan,10
slow100-owned-v1-qps2000-n24,submit lat. p95 (s),,V2,nan,nan,nan,10
slow100-owned-v1-qps2000-n24,ckpt lag p50 (s),,V1,6.289806623723131,5.922002165103907,0.7571391345872771,10
slow100-owned-v1-qps2000-n24,ckpt lag p50 (s),,V2,0.546454323629011,0.3782937385086928,0.026011964555046924,10
slow100-owned-v1-qps2000-n24,ckpt lag p95 (s),,V1,18.47855622398259,13.008241113168413,1.4863627217203816,10
slow100-owned-v1-qps2000-n24,ckpt lag p95 (s),,V2,2.1820781350494634,1.0797709431596352,0.09425220701385127,10
slow100-owned-v1-qps2000-n24,ckpt lag p99 (s),,V1,25.178743941491053,18.15756088604055,1.86505231061868,10
slow100-owned-v1-qps2000-n24,ckpt lag p99 (s),,V2,3.788933211899178,1.9695074383712858,0.23372906755588452,10
slow100-owned-v1-qps2000-n24,exec. dispatch queue,,V1,2801.1,476.30671840737244,158.76890613579081,10
slow100-owned-v1-qps2000-n24,exec. dispatch queue,,V2,1443.2,237.8305278974926,79.27684263249753,10
slow100-owned-v1-qps2000-n24,pending txs,,V1,554.0,363.29712357793306,121.09904119264436,10
slow100-owned-v1-qps2000-n24,pending txs,,V2,41.8,16.89260193102294,5.63086731034098,10
slow100-owned-v1-qps2000-n24,exec. queue. delay p95 (s),,V1,3.3388828977333453,1.6156654690320955,0.18896238469302443,10
slow100-owned-v1-qps2000-n24,exec. queue. delay p95 (s),,V2,1.3522752601299863,0.7893449288385705,0.10850766324463575,10
slow100-owned-v1-qps2000-n24,post-cons shed drops / sec,,V1,60.44741203703704,67.85017773958056,7.98696076280744,10
slow100-owned-v1-qps2000-n24,post-cons shed drops / sec,,V2,0.0,0.0,0.0,10
slow100-owned-v1-qps2000-n24,shed % quorum,,V1,26.1,6.774215821775979,2.258071940591993,10
slow100-owned-v1-qps2000-n24,shed % quorum,,V2,0.0,0.0,0.0,10
slow100-owned-v1-qps2000-n24,shed % local,,V1,45.6,6.16765757804371,2.0558858593479035,10
slow100-owned-v1-qps2000-n24,shed % local,,V2,9.0,10.648943609579309,3.5496478698597693,10
slow100-owned-v1-qps2000-n24,shed % cons-queue,,V1,0.0,0.0,0.0,10
slow100-owned-v1-qps2000-n24,shed % cons-queue,,V2,0.0,0.0,0.0,10
slow100-owned-v1-qps2000-n24,pre-cons overload rej / sec,,V1,73.87539409338032,117.01455563279875,15.122693293802426,10
slow100-owned-v1-qps2000-n24,pre-cons overload rej / sec,,V2,244.5701368642695,153.62903313061318,10.910206907995992,10
slow100-owned-v1-qps2000-n24,node CPU,,V1,4.577350368341646,0.8007419512053817,0.055877889283889835,10
slow100-owned-v1-qps2000-n24,node CPU,,V2,6.017453908444677,1.5191443903378568,0.15331148140966788,10
slow100-owned-v1-qps2000-n24,node memory RSS (bytes),,V1,996655565.050571,154203980.4823527,8449314.592487648,10
slow100-owned-v1-qps2000-n24,node memory RSS (bytes),,V2,1107064305.7545009,161877803.89958915,7360873.103158074,10
slow100-owned-v1-qps2000-n24,overload graduated / sec,,V1,nan,nan,nan,10
slow100-owned-v1-qps2000-n24,overload graduated / sec,,V2,nan,nan,nan,10
slow100-owned-v1-qps2000-n24,overload max-pending / sec,,V1,nan,nan,nan,10
slow100-owned-v1-qps2000-n24,overload max-pending / sec,,V2,nan,nan,nan,10
slow100-owned-v1-qps2000-n24,overload semaphore / sec,,V1,73.66791793022429,116.6809339366472,14.985942307635668,10
slow100-owned-v1-qps2000-n24,overload semaphore / sec,,V2,244.59142506208832,153.993854198002,10.935202556331586,10
slow100-owned-v1-qps2000-n24,attest. exec p50 (s),,V1,nan,nan,nan,10
slow100-owned-v1-qps2000-n24,attest. exec p50 (s),,V2,0.003782255449947962,0.0034192767722424915,0.0004419007063007482,10
slow100-owned-v1-qps2000-n24,attest. exec p95 (s),,V1,nan,nan,nan,10
slow100-owned-v1-qps2000-n24,attest. exec p95 (s),,V2,0.02424527475299749,0.006768443649770768,0.0006953993934267142,10
slow100-owned-v1-qps2000-n24,attest. exec p99 (s),,V1,nan,nan,nan,10
slow100-owned-v1-qps2000-n24,attest. exec p99 (s),,V2,0.04479866862712022,0.006689314505108717,0.0007287749255870464,10
slow100-owned-v1-qps2000-n24,attest. wait p50 (s),,V1,nan,nan,nan,10
slow100-owned-v1-qps2000-n24,attest. wait p50 (s),,V2,0.00983463540847623,0.02001353241924843,0.0012091490630123706,10
slow100-owned-v1-qps2000-n24,attest. wait p95 (s),,V1,nan,nan,nan,10
slow100-owned-v1-qps2000-n24,attest. wait p95 (s),,V2,0.3759952796432873,0.14920626538491988,0.011730294286477682,10
slow100-owned-v1-qps2000-n24,attest. wait p99 (s),,V1,nan,nan,nan,10
slow100-owned-v1-qps2000-n24,attest. wait p99 (s),,V2,0.7227038030796311,0.22686648099590984,0.017224250206534623,10
slow100-owned-v1-qps2000-n24,attest. resume p50 (s),,V1,nan,nan,nan,10
slow100-owned-v1-qps2000-n24,attest. resume p50 (s),,V2,0.016058648250716356,0.04527766710939723,0.0031415774000735992,10
slow100-owned-v1-qps2000-n24,attest. resume p95 (s),,V1,nan,nan,nan,10
slow100-owned-v1-qps2000-n24,attest. resume p95 (s),,V2,0.5539771185319772,0.47275215032990475,0.039994652847089855,10
slow100-owned-v1-qps2000-n24,attest. resume p99 (s),,V1,nan,nan,nan,10
slow100-owned-v1-qps2000-n24,attest. resume p99 (s),,V2,0.8821366292767511,0.5943848919488283,0.05503591745302941,10
slow100-owned-v1-qps2000-n24,num_inflight,,V1,1915.8,221.68121255532685,73.89373751844226,10
slow100-owned-v1-qps2000-n24,num_inflight,,V2,2351.4,330.3816580865227,110.12721936217422,10
slow100-owned-v1-qps2000-n24,CUs,,V1,nan,nan,nan,10
slow100-owned-v1-qps2000-n24,CUs,,V2,4000.0,6.108992803963194e-13,0.0,10
slow100-owned-v24-qps2000-n24,TPS,,V1,345.16183166103673,296.82181975327853,13.399750076300057,10
slow100-owned-v24-qps2000-n24,TPS,,V2,356.45958340835807,242.43395051636094,9.043197699257462,10
slow100-owned-v24-qps2000-n24,attest. full p50 (s),,V1,nan,nan,nan,10
slow100-owned-v24-qps2000-n24,attest. full p50 (s),,V2,0.04545332828132895,0.0733433545882184,0.002616827861345329,10
slow100-owned-v24-qps2000-n24,attest. full p95 (s),,V1,nan,nan,nan,10
slow100-owned-v24-qps2000-n24,attest. full p95 (s),,V2,0.3254171991302278,0.3084787687522201,0.010630767700170168,10
slow100-owned-v24-qps2000-n24,attest. full p99 (s),,V1,nan,nan,nan,10
slow100-owned-v24-qps2000-n24,attest. full p99 (s),,V2,0.5239817789620494,0.43701578214344533,0.016650385047410135,10
slow100-owned-v24-qps2000-n24,attest. / sec,,V1,0.0,0.0,0.0,10
slow100-owned-v24-qps2000-n24,attest. / sec,,V2,227.66684044423138,87.53241593924488,3.815622548291163,10
slow100-owned-v24-qps2000-n24,host CPU,,V1,73.74645262378691,31.643096102458962,1.398706536489392,10
slow100-owned-v24-qps2000-n24,host CPU,,V2,79.11299814617094,30.500670551926504,0.8603428822518844,10
slow100-owned-v24-qps2000-n24,rec. → exec. p50 (s),,V1,3.8716793440358503,3.332131934997309,0.11350696206873032,10
slow100-owned-v24-qps2000-n24,rec. → exec. p50 (s),,V2,4.696600081567386,3.6230417242384148,0.2972167361408077,10
slow100-owned-v24-qps2000-n24,rec. → exec. p95 (s),,V1,4.6014889123002,3.5178022551899444,0.10391115135428297,10
slow100-owned-v24-qps2000-n24,rec. → exec. p95 (s),,V2,6.32294409178958,4.84740064452175,0.5590893742094464,10
slow100-owned-v24-qps2000-n24,rec. → exec. p99 (s),,V1,4.859677635326458,3.6114075641315684,0.10490087430964444,10
slow100-owned-v24-qps2000-n24,rec. → exec. p99 (s),,V2,7.047250347257472,5.400402946638277,0.642962234579093,10
slow100-owned-v24-qps2000-n24,pc valid. lat. p50 (s),,V1,0.0043616749631141954,0.006361013111473162,0.0001373936718560789,10
slow100-owned-v24-qps2000-n24,pc valid. lat. p50 (s),,V2,0.0028858542644714246,0.0031454673998732815,0.00010258709071205451,10
slow100-owned-v24-qps2000-n24,pc valid. lat. p95 (s),,V1,0.024091001809830957,0.03351486146390719,0.0011013216726669095,10
slow100-owned-v24-qps2000-n24,pc valid. lat. p95 (s),,V2,0.021377488690583778,0.026837287181539122,0.0010541901551453146,10
slow100-owned-v24-qps2000-n24,exec. lat. p95 (s),,V1,0.2213912481599209,0.17598974613932308,0.005259059425050783,10
slow100-owned-v24-qps2000-n24,exec. lat. p95 (s),,V2,0.24181802795735052,0.17329707730839886,0.004110729191408677,10
slow100-owned-v24-qps2000-n24,valid. drop. / sec,,V1,0.0,0.0,0.0,10
slow100-owned-v24-qps2000-n24,valid. drop. / sec,,V2,0.0,0.0,0.0,10
slow100-owned-v24-qps2000-n24,final. lat. p50 (s),,V1,nan,nan,nan,10
slow100-owned-v24-qps2000-n24,final. lat. p50 (s),,V2,nan,nan,nan,10
slow100-owned-v24-qps2000-n24,final. lat. p95 (s),,V1,nan,nan,nan,10
slow100-owned-v24-qps2000-n24,final. lat. p95 (s),,V2,nan,nan,nan,10
slow100-owned-v24-qps2000-n24,final. lat. p99 (s),,V1,nan,nan,nan,10
slow100-owned-v24-qps2000-n24,final. lat. p99 (s),,V2,nan,nan,nan,10
slow100-owned-v24-qps2000-n24,submit lat. p50 (s),,V1,nan,nan,nan,10
slow100-owned-v24-qps2000-n24,submit lat. p50 (s),,V2,nan,nan,nan,10
slow100-owned-v24-qps2000-n24,submit lat. p95 (s),,V1,nan,nan,nan,10
slow100-owned-v24-qps2000-n24,submit lat. p95 (s),,V2,nan,nan,nan,10
slow100-owned-v24-qps2000-n24,ckpt lag p50 (s),,V1,3.2825672523809724,3.9649504458350484,0.47071684419433985,10
slow100-owned-v24-qps2000-n24,ckpt lag p50 (s),,V2,3.54149486108522,3.940893314154841,0.2291582737382218,10
slow100-owned-v24-qps2000-n24,ckpt lag p95 (s),,V1,9.450083123645681,8.577511409643913,0.6756078670619087,10
slow100-owned-v24-qps2000-n24,ckpt lag p95 (s),,V2,10.806181287779793,9.19708081217971,0.5335644509096379,10
slow100-owned-v24-qps2000-n24,ckpt lag p99 (s),,V1,11.375413086447223,10.09514334340591,0.6892898903873954,10
slow100-owned-v24-qps2000-n24,ckpt lag p99 (s),,V2,13.830014960841444,12.05835444194025,0.972023605491503,10
slow100-owned-v24-qps2000-n24,exec. dispatch queue,,V1,3093.3,117.571297517719,39.19043250590634,10
slow100-owned-v24-qps2000-n24,exec. dispatch queue,,V2,3267.5,200.38176064702097,66.79392021567365,10
slow100-owned-v24-qps2000-n24,pending txs,,V1,175.8,45.92341450719883,15.307804835732941,10
slow100-owned-v24-qps2000-n24,pending txs,,V2,285.9,105.5987215831707,35.19957386105689,10
slow100-owned-v24-qps2000-n24,exec. queue. delay p95 (s),,V1,2.5539667990520916,2.3403321611788237,0.06453788075318123,10
slow100-owned-v24-qps2000-n24,exec. queue. delay p95 (s),,V2,3.241948360736532,2.4637095446047237,0.1114995569806685,10
slow100-owned-v24-qps2000-n24,post-cons shed drops / sec,,V1,72.22315896865146,68.99967484477844,0.8045678114383056,10
slow100-owned-v24-qps2000-n24,post-cons shed drops / sec,,V2,73.42791293810589,64.39229071780939,0.550996501660166,10
slow100-owned-v24-qps2000-n24,shed % quorum,,V1,35.6,2.615339366124404,0.8717797887081348,10
slow100-owned-v24-qps2000-n24,shed % quorum,,V2,35.2,2.3579652245103193,0.7859884081701063,10
slow100-owned-v24-qps2000-n24,shed % local,,V1,44.4,2.0591260281974,0.6863753427324667,10
slow100-owned-v24-qps2000-n24,shed % local,,V2,47.5,3.52845575287547,1.1761519176251567,10
slow100-owned-v24-qps2000-n24,shed % cons-queue,,V1,0.0,0.0,0.0,10
slow100-owned-v24-qps2000-n24,shed % cons-queue,,V2,0.0,0.0,0.0,10
slow100-owned-v24-qps2000-n24,pre-cons overload rej / sec,,V1,nan,nan,nan,10
slow100-owned-v24-qps2000-n24,pre-cons overload rej / sec,,V2,nan,nan,nan,10
slow100-owned-v24-qps2000-n24,node CPU,,V1,3.8411583899501207,1.4068153825036036,0.07277307246029725,10
slow100-owned-v24-qps2000-n24,node CPU,,V2,4.771967641107592,0.8702792509556846,0.04806968328696747,10
slow100-owned-v24-qps2000-n24,node memory RSS (bytes),,V1,936796828.0461285,111415066.41372135,3626881.816704802,10
slow100-owned-v24-qps2000-n24,node memory RSS (bytes),,V2,996847400.7750411,122582995.76233517,8123572.42798991,10
slow100-owned-v24-qps2000-n24,overload graduated / sec,,V1,nan,nan,nan,10
slow100-owned-v24-qps2000-n24,overload graduated / sec,,V2,nan,nan,nan,10
slow100-owned-v24-qps2000-n24,overload max-pending / sec,,V1,nan,nan,nan,10
slow100-owned-v24-qps2000-n24,overload max-pending / sec,,V2,nan,nan,nan,10
slow100-owned-v24-qps2000-n24,overload semaphore / sec,,V1,nan,nan,nan,10
slow100-owned-v24-qps2000-n24,overload semaphore / sec,,V2,nan,nan,nan,10
slow100-owned-v24-qps2000-n24,attest. exec p50 (s),,V1,nan,nan,nan,10
slow100-owned-v24-qps2000-n24,attest. exec p50 (s),,V2,0.008686290750606427,0.002724296737564766,0.00011994004907670702,10
slow100-owned-v24-qps2000-n24,attest. exec p95 (s),,V1,nan,nan,nan,10
slow100-owned-v24-qps2000-n24,attest. exec p95 (s),,V2,0.02956871089196049,0.01176592865263448,0.0005445124094563055,10
slow100-owned-v24-qps2000-n24,attest. exec p99 (s),,V1,nan,nan,nan,10
slow100-owned-v24-qps2000-n24,attest. exec p99 (s),,V2,0.04470606975552935,0.013568165038882796,0.0006908633608902719,10
slow100-owned-v24-qps2000-n24,attest. wait p50 (s),,V1,nan,nan,nan,10
slow100-owned-v24-qps2000-n24,attest. wait p50 (s),,V2,0.02788345966646607,0.06583714173006677,0.0031650856795786917,10
slow100-owned-v24-qps2000-n24,attest. wait p95 (s),,V1,nan,nan,nan,10
slow100-owned-v24-qps2000-n24,attest. wait p95 (s),,V2,0.2978286962782821,0.29954591450710066,0.010070945891819406,10
slow100-owned-v24-qps2000-n24,attest. wait p99 (s),,V1,nan,nan,nan,10
slow100-owned-v24-qps2000-n24,attest. wait p99 (s),,V2,0.49626210959904915,0.42743820461735105,0.01600132891161139,10
slow100-owned-v24-qps2000-n24,attest. resume p50 (s),,V1,nan,nan,nan,10
slow100-owned-v24-qps2000-n24,attest. resume p50 (s),,V2,0.0009007549107068181,0.0006120742694213501,5.385421987488866e-05,10
slow100-owned-v24-qps2000-n24,attest. resume p95 (s),,V1,nan,nan,nan,10
slow100-owned-v24-qps2000-n24,attest. resume p95 (s),,V2,0.03101611531413311,0.054007346324888975,0.004896528933648503,10
slow100-owned-v24-qps2000-n24,attest. resume p99 (s),,V1,nan,nan,nan,10
slow100-owned-v24-qps2000-n24,attest. resume p99 (s),,V2,0.0759784664244136,0.09325703085126617,0.009059494091968661,10
slow100-owned-v24-qps2000-n24,num_inflight,,V1,459.7,72.93291438027141,24.310971460090467,10
slow100-owned-v24-qps2000-n24,num_inflight,,V2,521.7,164.3520915595539,54.7840305198513,10
slow100-owned-v24-qps2000-n24,CUs,,V1,nan,nan,nan,10
slow100-owned-v24-qps2000-n24,CUs,,V2,4000.0,5.677470743018022e-13,0.0,10
slow200-owned-f1-qps200-n24,TPS,,V1,108.80919385881303,61.85082113222954,14.420298320040468,10
slow200-owned-f1-qps200-n24,TPS,,V2,138.78413574507564,22.45885510347037,0.22950701354192804,10
slow200-owned-f1-qps200-n24,attest. full p50 (s),,V1,nan,nan,nan,10
slow200-owned-f1-qps200-n24,attest. full p50 (s),,V2,0.24779012365335085,0.02238121867415268,0.0024712393301888455,10
slow200-owned-f1-qps200-n24,attest. full p95 (s),,V1,nan,nan,nan,10
slow200-owned-f1-qps200-n24,attest. full p95 (s),,V2,0.5058279299936873,0.052336469772941506,0.005406186099387786,10
slow200-owned-f1-qps200-n24,attest. full p99 (s),,V1,nan,nan,nan,10
slow200-owned-f1-qps200-n24,attest. full p99 (s),,V2,0.655109656545406,0.09243268128262076,0.009159017714005336,10
slow200-owned-f1-qps200-n24,attest. / sec,,V1,0.0,0.0,0.0,10
slow200-owned-f1-qps200-n24,attest. / sec,,V2,23.106297552201077,3.840985028456779,0.1459275306026366,10
slow200-owned-f1-qps200-n24,host CPU,,V1,36.67584860093597,43.51344990155049,2.061213406597614,10
slow200-owned-f1-qps200-n24,host CPU,,V2,39.88982738858178,47.33218472902505,0.12383295920407646,10
slow200-owned-f1-qps200-n24,rec. → exec. p50 (s),,V1,1.4262254400106953,0.3155936276169506,0.08807193060454789,10
slow200-owned-f1-qps200-n24,rec. → exec. p50 (s),,V2,1.8295464734641111,0.25707493667057774,0.023877523335357767,10
slow200-owned-f1-qps200-n24,rec. → exec. p95 (s),,V1,1.9989434205952161,0.4801859685616868,0.11419983343659584,10
slow200-owned-f1-qps200-n24,rec. → exec. p95 (s),,V2,2.8133538990445097,0.21406479965086034,0.016219385921691334,10
slow200-owned-f1-qps200-n24,rec. → exec. p99 (s),,V1,2.2169630729573946,0.5879666071653387,0.1404757966446704,10
slow200-owned-f1-qps200-n24,rec. → exec. p99 (s),,V2,3.0079008580824107,0.25993555591443934,0.032082967827572736,10
slow200-owned-f1-qps200-n24,pc valid. lat. p50 (s),,V1,0.0006371243314986786,0.00027408058294385536,7.539531270314618e-05,10
slow200-owned-f1-qps200-n24,pc valid. lat. p50 (s),,V2,0.0006620001095948961,0.00016635261452988014,7.903042623836127e-06,10
slow200-owned-f1-qps200-n24,pc valid. lat. p95 (s),,V1,0.017848678519099156,0.012148843407270016,0.003358842991853215,10
slow200-owned-f1-qps200-n24,pc valid. lat. p95 (s),,V2,0.021560428042617485,0.004710988343582563,0.0002964557615302418,10
slow200-owned-f1-qps200-n24,exec. lat. p95 (s),,V1,0.35001460620343233,0.1853744668474914,0.04605788795504167,10
slow200-owned-f1-qps200-n24,exec. lat. p95 (s),,V2,0.4588216310298235,0.011132354523372275,0.0009652030311255788,10
slow200-owned-f1-qps200-n24,valid. drop. / sec,,V1,0.0,0.0,0.0,10
slow200-owned-f1-qps200-n24,valid. drop. / sec,,V2,0.0,0.0,0.0,10
slow200-owned-f1-qps200-n24,final. lat. p50 (s),,V1,1.312304581568775,0.30385479898332185,0.09941732819009101,10
slow200-owned-f1-qps200-n24,final. lat. p50 (s),,V2,1.66059085877247,0.07570569658806736,0.00863920768262031,10
slow200-owned-f1-qps200-n24,final. lat. p95 (s),,V1,1.6879725992332986,0.38576761784678976,0.12566444160828744,10
slow200-owned-f1-qps200-n24,final. lat. p95 (s),,V2,2.2882698292422203,0.11751060003167291,0.011124800234042777,10
slow200-owned-f1-qps200-n24,final. lat. p99 (s),,V1,1.9027103607419318,0.47161612517714135,0.15022130779101545,10
slow200-owned-f1-qps200-n24,final. lat. p99 (s),,V2,2.4824777902386357,0.10756427034996444,0.011680039285161712,10
slow200-owned-f1-qps200-n24,submit lat. p50 (s),,V1,0.0964236860039772,0.03566171917049643,0.01156555016095876,10
slow200-owned-f1-qps200-n24,submit lat. p50 (s),,V2,0.38797600169164453,0.030040881946147752,0.004473342125736599,10
slow200-owned-f1-qps200-n24,submit lat. p95 (s),,V1,0.34180586184226625,0.128845114524147,0.04173259090394293,10
slow200-owned-f1-qps200-n24,submit lat. p95 (s),,V2,0.7413607333227036,0.06138414674050811,0.006784514322970849,10
slow200-owned-f1-qps200-n24,ckpt lag p50 (s),,V1,4.250519203735958,7.850341350621611,2.327381188979062,10
slow200-owned-f1-qps200-n24,ckpt lag p50 (s),,V2,1.0530104748662565,0.07139731161415715,0.004930973949742156,10
slow200-owned-f1-qps200-n24,ckpt lag p95 (s),,V1,7.715920442157035,14.217995248010116,4.280244353247204,10
slow200-owned-f1-qps200-n24,ckpt lag p95 (s),,V2,1.94769542244297,0.25952832228209505,0.03849095875042779,10
slow200-owned-f1-qps200-n24,ckpt lag p99 (s),,V1,8.842286762976638,15.509163530286555,4.664054105297213,10
slow200-owned-f1-qps200-n24,ckpt lag p99 (s),,V2,2.6971584715858405,0.6826028882728228,0.10945548897839438,10
slow200-owned-f1-qps200-n24,exec. dispatch queue,,V1,78.6,32.013122309453045,10.67104076981768,10
slow200-owned-f1-qps200-n24,exec. dispatch queue,,V2,109.7,12.353542002195159,4.117847334065053,10
slow200-owned-f1-qps200-n24,pending txs,,V1,7.1,2.4269322199023193,0.8089774066341063,10
slow200-owned-f1-qps200-n24,pending txs,,V2,6.7,1.9000000000000001,0.6333333333333332,10
slow200-owned-f1-qps200-n24,exec. queue. delay p95 (s),,V1,0.04855136591206232,0.039348361415003696,0.009851735227358391,10
slow200-owned-f1-qps200-n24,exec. queue. delay p95 (s),,V2,0.06852246402936012,0.03703460207650585,0.00790194036609331,10
slow200-owned-f1-qps200-n24,post-cons shed drops / sec,,V1,0.0,0.0,0.0,10
slow200-owned-f1-qps200-n24,post-cons shed drops / sec,,V2,0.0,0.0,0.0,10
slow200-owned-f1-qps200-n24,shed % quorum,,V1,0.0,0.0,0.0,10
slow200-owned-f1-qps200-n24,shed % quorum,,V2,0.0,0.0,0.0,10
slow200-owned-f1-qps200-n24,shed % local,,V1,0.0,0.0,0.0,10
slow200-owned-f1-qps200-n24,shed % local,,V2,0.0,0.0,0.0,10
slow200-owned-f1-qps200-n24,shed % cons-queue,,V1,0.0,0.0,0.0,10
slow200-owned-f1-qps200-n24,shed % cons-queue,,V2,0.0,0.0,0.0,10
slow200-owned-f1-qps200-n24,pre-cons overload rej / sec,,V1,nan,nan,nan,10
slow200-owned-f1-qps200-n24,pre-cons overload rej / sec,,V2,nan,nan,nan,10
slow200-owned-f1-qps200-n24,node CPU,,V1,3.5110205082606085,1.5115019433039378,0.3506556492181204,10
slow200-owned-f1-qps200-n24,node CPU,,V2,4.527457818302449,0.7639672573396411,0.013963607517055646,10
slow200-owned-f1-qps200-n24,node memory RSS (bytes),,V1,754331407.7653959,70960552.20190659,5231733.548150905,10
slow200-owned-f1-qps200-n24,node memory RSS (bytes),,V2,758315011.5128645,51916608.56412165,1434673.1633860013,10
slow200-owned-f1-qps200-n24,overload graduated / sec,,V1,nan,nan,nan,10
slow200-owned-f1-qps200-n24,overload graduated / sec,,V2,nan,nan,nan,10
slow200-owned-f1-qps200-n24,overload max-pending / sec,,V1,nan,nan,nan,10
slow200-owned-f1-qps200-n24,overload max-pending / sec,,V2,nan,nan,nan,10
slow200-owned-f1-qps200-n24,overload semaphore / sec,,V1,nan,nan,nan,10
slow200-owned-f1-qps200-n24,overload semaphore / sec,,V2,nan,nan,nan,10
slow200-owned-f1-qps200-n24,attest. exec p50 (s),,V1,nan,nan,nan,10
slow200-owned-f1-qps200-n24,attest. exec p50 (s),,V2,0.20160042290501115,0.0187553361252761,0.002002108462759158,10
slow200-owned-f1-qps200-n24,attest. exec p95 (s),,V1,nan,nan,nan,10
slow200-owned-f1-qps200-n24,attest. exec p95 (s),,V2,0.3758179999737212,0.020174206770019427,0.0026137493933233017,10
slow200-owned-f1-qps200-n24,attest. exec p99 (s),,V1,nan,nan,nan,10
slow200-owned-f1-qps200-n24,attest. exec p99 (s),,V2,0.4462553513222923,0.02586387255172933,0.002726332962604508,10
slow200-owned-f1-qps200-n24,attest. wait p50 (s),,V1,nan,nan,nan,10
slow200-owned-f1-qps200-n24,attest. wait p50 (s),,V2,0.026097736471733732,0.0053084000512470505,0.0006033028596666129,10
slow200-owned-f1-qps200-n24,attest. wait p95 (s),,V1,nan,nan,nan,10
slow200-owned-f1-qps200-n24,attest. wait p95 (s),,V2,0.20953574122710641,0.055827590394828396,0.004931027458233942,10
slow200-owned-f1-qps200-n24,attest. wait p99 (s),,V1,nan,nan,nan,10
slow200-owned-f1-qps200-n24,attest. wait p99 (s),,V2,0.34359354567935396,0.09827579497339879,0.008515179312605401,10
slow200-owned-f1-qps200-n24,attest. resume p50 (s),,V1,nan,nan,nan,10
slow200-owned-f1-qps200-n24,attest. resume p50 (s),,V2,0.0011392619567593479,0.0002114755605100807,1.3292071278231861e-05,10
slow200-owned-f1-qps200-n24,attest. resume p95 (s),,V1,nan,nan,nan,10
slow200-owned-f1-qps200-n24,attest. resume p95 (s),,V2,0.009666769180658076,0.0010633472514142456,8.553971816917758e-05,10
slow200-owned-f1-qps200-n24,attest. resume p99 (s),,V1,nan,nan,nan,10
slow200-owned-f1-qps200-n24,attest. resume p99 (s),,V2,0.02451544319192736,0.007946915668232924,0.0008996134158411812,10
slow200-owned-f1-qps200-n24,num_inflight,,V1,44.5,7.486654793697917,2.4955515978993055,10
slow200-owned-f1-qps200-n24,num_inflight,,V2,55.8,7.794870107962031,2.5982900359873438,10
slow200-owned-f1-qps200-n24,CUs,,V1,nan,nan,nan,10
slow200-owned-f1-qps200-n24,CUs,,V2,128000.0,1.574724570425362e-11,0.0,10
slow200-owned-v1-qps200-n24,TPS,,V1,135.58001289071973,40.391886528264685,4.150938593514462,10
slow200-owned-v1-qps200-n24,TPS,,V2,129.36241545893716,27.770705930218647,1.1887925584386414,10
slow200-owned-v1-qps200-n24,attest. full p50 (s),,V1,nan,nan,nan,10
slow200-owned-v1-qps200-n24,attest. full p50 (s),,V2,0.08786997912032218,0.07048085010045285,0.010431048091001314,10
slow200-owned-v1-qps200-n24,attest. full p95 (s),,V1,nan,nan,nan,10
slow200-owned-v1-qps200-n24,attest. full p95 (s),,V2,0.7987273490182971,0.2551277159698252,0.031541655604075645,10
slow200-owned-v1-qps200-n24,attest. full p99 (s),,V1,nan,nan,nan,10
slow200-owned-v1-qps200-n24,attest. full p99 (s),,V2,1.2154279418744167,0.3442175613687338,0.03078472838273334,10
slow200-owned-v1-qps200-n24,attest. / sec,,V1,0.0,0.0,0.0,10
slow200-owned-v1-qps200-n24,attest. / sec,,V2,370.914707384403,152.58734893376388,13.544288494433724,10
slow200-owned-v1-qps200-n24,host CPU,,V1,84.71375768010247,30.830268134184713,0.3431254243768598,10
slow200-owned-v1-qps200-n24,host CPU,,V2,79.60062498778822,30.396189310708756,0.5040230965855037,10
slow200-owned-v1-qps200-n24,rec. → exec. p50 (s),,V1,2.4240466334385777,0.16964522757485795,0.009294868138512505,10
slow200-owned-v1-qps200-n24,rec. → exec. p50 (s),,V2,4.078040641539879,0.8311824735071754,0.07620974362696781,10
slow200-owned-v1-qps200-n24,rec. → exec. p95 (s),,V1,3.032500498076682,0.20598241038276704,0.025928892232099644,10
slow200-owned-v1-qps200-n24,rec. → exec. p95 (s),,V2,6.141787460196494,1.7421334849277093,0.1820016267586526,10
slow200-owned-v1-qps200-n24,rec. → exec. p99 (s),,V1,3.483804679720095,0.3294823867728209,0.04100744843820869,10
slow200-owned-v1-qps200-n24,rec. → exec. p99 (s),,V2,6.891020987497573,2.3004252024461995,0.29265859066100586,10
slow200-owned-v1-qps200-n24,pc valid. lat. p50 (s),,V1,0.0019561879424300345,0.000665859771499151,9.844118849070762e-05,10
slow200-owned-v1-qps200-n24,pc valid. lat. p50 (s),,V2,0.0003477531827259109,0.00010166167546670052,8.286072155683431e-06,10
slow200-owned-v1-qps200-n24,pc valid. lat. p95 (s),,V1,0.045625971886968854,0.006200371292962807,0.0006632739156563822,10
slow200-owned-v1-qps200-n24,pc valid. lat. p95 (s),,V2,0.007361920549742632,0.005371681469857595,0.00046301685695876536,10
slow200-owned-v1-qps200-n24,exec. lat. p95 (s),,V1,0.6276698344507252,0.09298127729983739,0.010317049793580838,10
slow200-owned-v1-qps200-n24,exec. lat. p95 (s),,V2,0.4097904236653342,0.08619198873422405,0.00992549057225481,10
slow200-owned-v1-qps200-n24,valid. drop. / sec,,V1,0.0,0.0,0.0,10
slow200-owned-v1-qps200-n24,valid. drop. / sec,,V2,0.0,0.0,0.0,10
slow200-owned-v1-qps200-n24,final. lat. p50 (s),,V1,nan,nan,nan,10
slow200-owned-v1-qps200-n24,final. lat. p50 (s),,V2,nan,nan,nan,10
slow200-owned-v1-qps200-n24,final. lat. p95 (s),,V1,nan,nan,nan,10
slow200-owned-v1-qps200-n24,final. lat. p95 (s),,V2,nan,nan,nan,10
slow200-owned-v1-qps200-n24,final. lat. p99 (s),,V1,nan,nan,nan,10
slow200-owned-v1-qps200-n24,final. lat. p99 (s),,V2,nan,nan,nan,10
slow200-owned-v1-qps200-n24,submit lat. p50 (s),,V1,nan,nan,nan,10
slow200-owned-v1-qps200-n24,submit lat. p50 (s),,V2,nan,nan,nan,10
slow200-owned-v1-qps200-n24,submit lat. p95 (s),,V1,nan,nan,nan,10
slow200-owned-v1-qps200-n24,submit lat. p95 (s),,V2,nan,nan,nan,10
slow200-owned-v1-qps200-n24,ckpt lag p50 (s),,V1,4.512474625846243,4.878297678014665,1.2392158162750242,10
slow200-owned-v1-qps200-n24,ckpt lag p50 (s),,V2,0.5774747872092432,0.2430446877334379,0.022097478058740454,10
slow200-owned-v1-qps200-n24,ckpt lag p95 (s),,V1,6.483049681057204,5.953871783267781,1.4691637340999482,10
slow200-owned-v1-qps200-n24,ckpt lag p95 (s),,V2,1.7339803196865706,0.5057621727114863,0.041200557963144396,10
slow200-owned-v1-qps200-n24,ckpt lag p99 (s),,V1,7.316570543188664,6.068461587441173,1.4612616089993882,10
slow200-owned-v1-qps200-n24,ckpt lag p99 (s),,V2,4.483770326501544,1.4730255789426168,0.06719696261311794,10
slow200-owned-v1-qps200-n24,exec. dispatch queue,,V1,244.5,30.19023020780067,10.063410069266888,10
slow200-owned-v1-qps200-n24,exec. dispatch queue,,V2,259.7,38.22316051819891,12.7410535060663,10
slow200-owned-v1-qps200-n24,pending txs,,V1,14.2,3.3105890714493698,1.1035296904831233,10
slow200-owned-v1-qps200-n24,pending txs,,V2,36.6,13.763720427268202,4.587906809089401,10
slow200-owned-v1-qps200-n24,exec. queue. delay p95 (s),,V1,0.4458805770519767,0.0963030441202789,0.00842078140374449,10
slow200-owned-v1-qps200-n24,exec. queue. delay p95 (s),,V2,0.5036891676274668,0.2898804515820375,0.04877355884841638,10
slow200-owned-v1-qps200-n24,post-cons shed drops / sec,,V1,0.0,0.0,0.0,10
slow200-owned-v1-qps200-n24,post-cons shed drops / sec,,V2,0.0,0.0,0.0,10
slow200-owned-v1-qps200-n24,shed % quorum,,V1,0.0,0.0,0.0,10
slow200-owned-v1-qps200-n24,shed % quorum,,V2,0.0,0.0,0.0,10
slow200-owned-v1-qps200-n24,shed % local,,V1,0.0,0.0,0.0,10
slow200-owned-v1-qps200-n24,shed % local,,V2,0.0,0.0,0.0,10
slow200-owned-v1-qps200-n24,shed % cons-queue,,V1,0.0,0.0,0.0,10
slow200-owned-v1-qps200-n24,shed % cons-queue,,V2,0.0,0.0,0.0,10
slow200-owned-v1-qps200-n24,pre-cons overload rej / sec,,V1,nan,nan,nan,10
slow200-owned-v1-qps200-n24,pre-cons overload rej / sec,,V2,nan,nan,nan,10
slow200-owned-v1-qps200-n24,node CPU,,V1,4.279178212635863,0.6616163520141836,0.012366905896928246,10
slow200-owned-v1-qps200-n24,node CPU,,V2,5.999650731015819,1.1546418765619701,0.063882150197571,10
slow200-owned-v1-qps200-n24,node memory RSS (bytes),,V1,750157789.170068,48167914.036000274,3381972.9062149753,10
slow200-owned-v1-qps200-n24,node memory RSS (bytes),,V2,892402806.4217687,75662115.04802573,2553756.2837651707,10
slow200-owned-v1-qps200-n24,overload graduated / sec,,V1,nan,nan,nan,10
slow200-owned-v1-qps200-n24,overload graduated / sec,,V2,nan,nan,nan,10
slow200-owned-v1-qps200-n24,overload max-pending / sec,,V1,nan,nan,nan,10
slow200-owned-v1-qps200-n24,overload max-pending / sec,,V2,nan,nan,nan,10
slow200-owned-v1-qps200-n24,overload semaphore / sec,,V1,nan,nan,nan,10
slow200-owned-v1-qps200-n24,overload semaphore / sec,,V2,nan,nan,nan,10
slow200-owned-v1-qps200-n24,attest. exec p50 (s),,V1,nan,nan,nan,10
slow200-owned-v1-qps200-n24,attest. exec p50 (s),,V2,0.0038360338014503262,0.011075126733071846,0.001523037239984101,10
slow200-owned-v1-qps200-n24,attest. exec p95 (s),,V1,nan,nan,nan,10
slow200-owned-v1-qps200-n24,attest. exec p95 (s),,V2,0.19761089223833567,0.037134852879766894,0.005284987085943069,10
slow200-owned-v1-qps200-n24,attest. exec p99 (s),,V1,nan,nan,nan,10
slow200-owned-v1-qps200-n24,attest. exec p99 (s),,V2,0.30519570820923825,0.05331966283517306,0.007286127363289076,10
slow200-owned-v1-qps200-n24,attest. wait p50 (s),,V1,nan,nan,nan,10
slow200-owned-v1-qps200-n24,attest. wait p50 (s),,V2,0.050688560043440106,0.0492887214362857,0.0067181755501447595,10
slow200-owned-v1-qps200-n24,attest. wait p95 (s),,V1,nan,nan,nan,10
slow200-owned-v1-qps200-n24,attest. wait p95 (s),,V2,0.7069432685502581,0.2315268179793125,0.027692591175166804,10
slow200-owned-v1-qps200-n24,attest. wait p99 (s),,V1,nan,nan,nan,10
slow200-owned-v1-qps200-n24,attest. wait p99 (s),,V2,1.111109692417836,0.3188325718213988,0.029036175323829096,10
slow200-owned-v1-qps200-n24,attest. resume p50 (s),,V1,nan,nan,nan,10
slow200-owned-v1-qps200-n24,attest. resume p50 (s),,V2,0.000701591229483,0.00017774315906569538,1.2134796835242095e-05,10
slow200-owned-v1-qps200-n24,attest. resume p95 (s),,V1,nan,nan,nan,10
slow200-owned-v1-qps200-n24,attest. resume p95 (s),,V2,0.012804430034592237,0.015102246452708206,0.002061903327742966,10
slow200-owned-v1-qps200-n24,attest. resume p99 (s),,V1,nan,nan,nan,10
slow200-owned-v1-qps200-n24,attest. resume p99 (s),,V2,0.04770735305961631,0.05058319908993587,0.008048195408454249,10
slow200-owned-v1-qps200-n24,num_inflight,,V1,350.0,7.694153624668538,2.5647178748895123,10
slow200-owned-v1-qps200-n24,num_inflight,,V2,528.5,88.58809175052819,29.529363916842726,10
slow200-owned-v1-qps200-n24,CUs,,V1,nan,nan,nan,10
slow200-owned-v1-qps200-n24,CUs,,V2,128000.0,1.7863734838377385e-11,0.0,10
slow200-owned-v24-qps200-n24,TPS,,V1,134.30710153205578,29.152568403799496,1.801120072736373,10
slow200-owned-v24-qps200-n24,TPS,,V2,136.80973614856393,24.974815092025494,0.42364615311514414,10
slow200-owned-v24-qps200-n24,attest. full p50 (s),,V1,nan,nan,nan,10
slow200-owned-v24-qps200-n24,attest. full p50 (s),,V2,0.3200853482314559,0.04300314394765418,0.004637630106545679,10
slow200-owned-v24-qps200-n24,attest. full p95 (s),,V1,nan,nan,nan,10
slow200-owned-v24-qps200-n24,attest. full p95 (s),,V2,0.9575841773556482,0.2318405227037884,0.0227547403640629,10
slow200-owned-v24-qps200-n24,attest. full p99 (s),,V1,nan,nan,nan,10
slow200-owned-v24-qps200-n24,attest. full p99 (s),,V2,1.2787273961431673,0.34402960904104996,0.02946657079925376,10
slow200-owned-v24-qps200-n24,attest. / sec,,V1,0.0,0.0,0.0,10
slow200-owned-v24-qps200-n24,attest. / sec,,V2,29.33416952604123,5.815588226394784,0.3310023613030265,10
slow200-owned-v24-qps200-n24,host CPU,,V1,84.59652193701008,31.072178919323132,0.22523335932304395,10
slow200-owned-v24-qps200-n24,host CPU,,V2,84.4323537078412,31.243044967005943,0.28343110684773,10
slow200-owned-v24-qps200-n24,rec. → exec. p50 (s),,V1,2.5987456688142516,0.3161451777913698,0.028233527157574993,10
slow200-owned-v24-qps200-n24,rec. → exec. p50 (s),,V2,3.0256516582408275,0.37804612738565496,0.02618784479523021,10
slow200-owned-v24-qps200-n24,rec. → exec. p95 (s),,V1,3.418828974948506,0.4095397335117194,0.03750812318465589,10
slow200-owned-v24-qps200-n24,rec. → exec. p95 (s),,V2,4.076745504550645,0.4778724803176097,0.044316729184576326,10
slow200-owned-v24-qps200-n24,rec. → exec. p99 (s),,V1,3.8867238510365416,0.35831019962707994,0.033525819819809045,10
slow200-owned-v24-qps200-n24,rec. → exec. p99 (s),,V2,4.608211830704547,0.6002003855374753,0.04448507857929473,10
slow200-owned-v24-qps200-n24,pc valid. lat. p50 (s),,V1,0.0033210825470133746,0.000986952587110075,5.75146295200477e-05,10
slow200-owned-v24-qps200-n24,pc valid. lat. p50 (s),,V2,0.001157299790617172,0.00031371885477235874,4.217189924964691e-05,10
slow200-owned-v24-qps200-n24,pc valid. lat. p95 (s),,V1,0.05149638667031222,0.007941820043049802,0.0010965924165322798,10
slow200-owned-v24-qps200-n24,pc valid. lat. p95 (s),,V2,0.03631139480114247,0.005946735156823489,0.0007597397753388075,10
slow200-owned-v24-qps200-n24,exec. lat. p95 (s),,V1,0.703282955932425,0.09103896041729295,0.005812404441447152,10
slow200-owned-v24-qps200-n24,exec. lat. p95 (s),,V2,0.5492863200531587,0.08569818226720484,0.011225579609267915,10
slow200-owned-v24-qps200-n24,valid. drop. / sec,,V1,0.0,0.0,0.0,10
slow200-owned-v24-qps200-n24,valid. drop. / sec,,V2,0.0,0.0,0.0,10
slow200-owned-v24-qps200-n24,final. lat. p50 (s),,V1,nan,nan,nan,10
slow200-owned-v24-qps200-n24,final. lat. p50 (s),,V2,nan,nan,nan,10
slow200-owned-v24-qps200-n24,final. lat. p95 (s),,V1,nan,nan,nan,10
slow200-owned-v24-qps200-n24,final. lat. p95 (s),,V2,nan,nan,nan,10
slow200-owned-v24-qps200-n24,final. lat. p99 (s),,V1,nan,nan,nan,10
slow200-owned-v24-qps200-n24,final. lat. p99 (s),,V2,nan,nan,nan,10
slow200-owned-v24-qps200-n24,submit lat. p50 (s),,V1,nan,nan,nan,10
slow200-owned-v24-qps200-n24,submit lat. p50 (s),,V2,nan,nan,nan,10
slow200-owned-v24-qps200-n24,submit lat. p95 (s),,V1,nan,nan,nan,10
slow200-owned-v24-qps200-n24,submit lat. p95 (s),,V2,nan,nan,nan,10
slow200-owned-v24-qps200-n24,ckpt lag p50 (s),,V1,3.646029688412275,2.0117691649942566,0.27319486828785394,10
slow200-owned-v24-qps200-n24,ckpt lag p50 (s),,V2,2.1546398929467765,0.41932879843258425,0.05893708506286049,10
slow200-owned-v24-qps200-n24,ckpt lag p95 (s),,V1,5.759838407426622,2.751993431417224,0.38018560526273665,10
slow200-owned-v24-qps200-n24,ckpt lag p95 (s),,V2,5.096046531012151,1.99134963002806,0.15735771498394438,10
slow200-owned-v24-qps200-n24,ckpt lag p99 (s),,V1,7.077815760653522,3.5026144221284192,0.5195910922690403,10
slow200-owned-v24-qps200-n24,ckpt lag p99 (s),,V2,6.788426690327285,2.945019145597306,0.25793013806824544,10
slow200-owned-v24-qps200-n24,exec. dispatch queue,,V1,262.9,41.630397547945655,13.876799182648552,10
slow200-owned-v24-qps200-n24,exec. dispatch queue,,V2,211.9,25.539968676566538,8.513322892188846,10
slow200-owned-v24-qps200-n24,pending txs,,V1,18.3,12.641598000252975,4.213866000084325,10
slow200-owned-v24-qps200-n24,pending txs,,V2,19.6,6.974238309665077,2.3247461032216923,10
slow200-owned-v24-qps200-n24,exec. queue. delay p95 (s),,V1,0.5314148228340855,0.1996502842343854,0.030403375610152918,10
slow200-owned-v24-qps200-n24,exec. queue. delay p95 (s),,V2,0.42820055144988783,0.11735631802524579,0.011033288301560949,10
slow200-owned-v24-qps200-n24,post-cons shed drops / sec,,V1,0.0,0.0,0.0,10
slow200-owned-v24-qps200-n24,post-cons shed drops / sec,,V2,0.0,0.0,0.0,10
slow200-owned-v24-qps200-n24,shed % quorum,,V1,0.0,0.0,0.0,10
slow200-owned-v24-qps200-n24,shed % quorum,,V2,0.0,0.0,0.0,10
slow200-owned-v24-qps200-n24,shed % local,,V1,0.0,0.0,0.0,10
slow200-owned-v24-qps200-n24,shed % local,,V2,0.0,0.0,0.0,10
slow200-owned-v24-qps200-n24,shed % cons-queue,,V1,0.0,0.0,0.0,10
slow200-owned-v24-qps200-n24,shed % cons-queue,,V2,0.0,0.0,0.0,10
slow200-owned-v24-qps200-n24,pre-cons overload rej / sec,,V1,nan,nan,nan,10
slow200-owned-v24-qps200-n24,pre-cons overload rej / sec,,V2,nan,nan,nan,10
slow200-owned-v24-qps200-n24,node CPU,,V1,4.2897860404981225,0.6079598080261288,0.017365978294086946,10
slow200-owned-v24-qps200-n24,node CPU,,V2,4.460438362811402,0.6211996147135894,0.018843564146859608,10
slow200-owned-v24-qps200-n24,node memory RSS (bytes),,V1,746926297.4246576,44697441.63357122,3188234.188180923,10
slow200-owned-v24-qps200-n24,node memory RSS (bytes),,V2,762103936.6519525,54956592.71264693,1684107.4009634946,10
slow200-owned-v24-qps200-n24,overload graduated / sec,,V1,nan,nan,nan,10
slow200-owned-v24-qps200-n24,overload graduated / sec,,V2,nan,nan,nan,10
slow200-owned-v24-qps200-n24,overload max-pending / sec,,V1,nan,nan,nan,10
slow200-owned-v24-qps200-n24,overload max-pending / sec,,V2,nan,nan,nan,10
slow200-owned-v24-qps200-n24,overload semaphore / sec,,V1,nan,nan,nan,10
slow200-owned-v24-qps200-n24,overload semaphore / sec,,V2,nan,nan,nan,10
slow200-owned-v24-qps200-n24,attest. exec p50 (s),,V1,nan,nan,nan,10
slow200-owned-v24-qps200-n24,attest. exec p50 (s),,V2,0.2132859293745034,0.02720927094882442,0.0032813796086960047,10
slow200-owned-v24-qps200-n24,attest. exec p95 (s),,V1,nan,nan,nan,10
slow200-owned-v24-qps200-n24,attest. exec p95 (s),,V2,0.45819544590720124,0.030720164991832256,0.0028449800379499214,10
slow200-owned-v24-qps200-n24,attest. exec p99 (s),,V1,nan,nan,nan,10
slow200-owned-v24-qps200-n24,attest. exec p99 (s),,V2,0.5609386270957505,0.04001729051307751,0.0033047191581088787,10
slow200-owned-v24-qps200-n24,attest. wait p50 (s),,V1,nan,nan,nan,10
slow200-owned-v24-qps200-n24,attest. wait p50 (s),,V2,0.06416131501458651,0.0246240525092221,0.002713447935038247,10
slow200-owned-v24-qps200-n24,attest. wait p95 (s),,V1,nan,nan,nan,10
slow200-owned-v24-qps200-n24,attest. wait p95 (s),,V2,0.6534870054524229,0.24849566556823985,0.02486550576862756,10
slow200-owned-v24-qps200-n24,attest. wait p99 (s),,V1,nan,nan,nan,10
slow200-owned-v24-qps200-n24,attest. wait p99 (s),,V2,0.9817372164987732,0.3626184140878562,0.030231830279658742,10
slow200-owned-v24-qps200-n24,attest. resume p50 (s),,V1,nan,nan,nan,10
slow200-owned-v24-qps200-n24,attest. resume p50 (s),,V2,0.001491412486106231,0.00029645409326455865,2.822664178689134e-05,10
slow200-owned-v24-qps200-n24,attest. resume p95 (s),,V1,nan,nan,nan,10
slow200-owned-v24-qps200-n24,attest. resume p95 (s),,V2,0.01616139088035691,0.002329566974378398,0.0001800653977243231,10
slow200-owned-v24-qps200-n24,attest. resume p99 (s),,V1,nan,nan,nan,10
slow200-owned-v24-qps200-n24,attest. resume p99 (s),,V2,0.03476695062822515,0.009156099129250406,0.0008420789968821881,10
slow200-owned-v24-qps200-n24,num_inflight,,V1,80.4,4.8207883172775805,1.6069294390925264,10
slow200-owned-v24-qps200-n24,num_inflight,,V2,95.3,9.9,3.3,10
slow200-owned-v24-qps200-n24,CUs,,V1,nan,nan,nan,10
slow200-owned-v24-qps200-n24,CUs,,V2,128000.0,1.613146089015142e-11,0.0,10
slow200-owned-f1-qps1000-n24,TPS,,V1,102.41890731127337,76.30715826913047,11.82384980448035,10
slow200-owned-f1-qps1000-n24,TPS,,V2,133.3894934714356,49.28227224694764,4.102578160551889,10
slow200-owned-f1-qps1000-n24,attest. full p50 (s),,V1,nan,nan,nan,10
slow200-owned-f1-qps1000-n24,attest. full p50 (s),,V2,0.4885898278588764,0.21265129394632998,0.020469759421306015,10
slow200-owned-f1-qps1000-n24,attest. full p95 (s),,V1,nan,nan,nan,10
slow200-owned-f1-qps1000-n24,attest. full p95 (s),,V2,1.495432332453516,0.6406340245743654,0.07341115431823658,10
slow200-owned-f1-qps1000-n24,attest. full p99 (s),,V1,nan,nan,nan,10
slow200-owned-f1-qps1000-n24,attest. full p99 (s),,V2,2.0470671533377396,0.8825556623050553,0.09468711049402607,10
slow200-owned-f1-qps1000-n24,attest. / sec,,V1,0.0,0.0,0.0,10
slow200-owned-f1-qps1000-n24,attest. / sec,,V2,30.99968796635464,16.159563096514876,1.4317886871011236,10
slow200-owned-f1-qps1000-n24,host CPU,,V1,21.94747214337452,37.803240010277115,1.279259534968056,10
slow200-owned-f1-qps1000-n24,host CPU,,V2,21.1195440514991,39.474221126870766,0.22894362295800322,10
slow200-owned-f1-qps1000-n24,rec. → exec. p50 (s),,V1,6.155341468372858,4.104407148185085,0.5005484595808751,10
slow200-owned-f1-qps1000-n24,rec. → exec. p50 (s),,V2,8.124240936010224,3.757998820160178,0.3303402123105771,10
slow200-owned-f1-qps1000-n24,rec. → exec. p95 (s),,V1,8.284415396406603,6.067028062468787,0.6563998052014747,10
slow200-owned-f1-qps1000-n24,rec. → exec. p95 (s),,V2,11.68931503772731,5.80034335663529,0.5639800673696719,10
slow200-owned-f1-qps1000-n24,rec. → exec. p99 (s),,V1,8.783062301973674,6.3259502897959035,0.7305433494311215,10
slow200-owned-f1-qps1000-n24,rec. → exec. p99 (s),,V2,13.019589258077065,6.222233087836391,0.6966370873377925,10
slow200-owned-f1-qps1000-n24,pc valid. lat. p50 (s),,V1,0.004001305262956677,0.006898218821706508,0.001150041465737345,10
slow200-owned-f1-qps1000-n24,pc valid. lat. p50 (s),,V2,0.003926596200160728,0.0030181806670456055,0.0004743684282863558,10
slow200-owned-f1-qps1000-n24,pc valid. lat. p95 (s),,V1,0.05308124100185153,0.05541558769813685,0.01090961770325973,10
slow200-owned-f1-qps1000-n24,pc valid. lat. p95 (s),,V2,0.06498473554616004,0.03524904852893782,0.006048006131792926,10
slow200-owned-f1-qps1000-n24,exec. lat. p95 (s),,V1,0.5931080328190176,0.407712398204549,0.08003058625415817,10
slow200-owned-f1-qps1000-n24,exec. lat. p95 (s),,V2,0.8464783961743281,0.21374855706401413,0.0344995316536321,10
slow200-owned-f1-qps1000-n24,valid. drop. / sec,,V1,0.0,0.0,0.0,10
slow200-owned-f1-qps1000-n24,valid. drop. / sec,,V2,0.0,0.0,0.0,10
slow200-owned-f1-qps1000-n24,final. lat. p50 (s),,V1,4.643399921723931,2.6229383455909163,0.375928725654136,10
slow200-owned-f1-qps1000-n24,final. lat. p50 (s),,V2,6.175227644808113,2.348542751014518,0.1904157598871126,10
slow200-owned-f1-qps1000-n24,final. lat. p95 (s),,V1,7.199520876733527,4.139344780839942,0.5494514489316565,10
slow200-owned-f1-qps1000-n24,final. lat. p95 (s),,V2,9.463770083325077,3.56368634498289,0.2986184141994363,10
slow200-owned-f1-qps1000-n24,final. lat. p99 (s),,V1,8.069152734448044,4.455385636902819,0.6459797317287957,10
slow200-owned-f1-qps1000-n24,final. lat. p99 (s),,V2,10.997374015153573,4.032039946089005,0.35321066709854515,10
slow200-owned-f1-qps1000-n24,submit lat. p50 (s),,V1,0.45192622435720825,0.27724904724565,0.038257115924413776,10
slow200-owned-f1-qps1000-n24,submit lat. p50 (s),,V2,1.2234355241018213,0.40138089450161873,0.05143036546491337,10
slow200-owned-f1-qps1000-n24,submit lat. p95 (s),,V1,1.4484671262688666,0.8128841033548,0.12599180588876846,10
slow200-owned-f1-qps1000-n24,submit lat. p95 (s),,V2,2.972344634819386,0.8472474846687755,0.10628650613381982,10
slow200-owned-f1-qps1000-n24,ckpt lag p50 (s),,V1,12.019847610202337,15.564628684054082,3.6832590580422035,10
slow200-owned-f1-qps1000-n24,ckpt lag p50 (s),,V2,4.650397085466965,2.401189826854991,0.1910791617292631,10
slow200-owned-f1-qps1000-n24,ckpt lag p95 (s),,V1,19.586759595218265,20.933695279630765,4.920181811263364,10
slow200-owned-f1-qps1000-n24,ckpt lag p95 (s),,V2,11.143682839638105,5.095810838713296,0.5512791438124702,10
slow200-owned-f1-qps1000-n24,ckpt lag p99 (s),,V1,22.488606815788668,22.926767567261887,5.282937085156708,10
slow200-owned-f1-qps1000-n24,ckpt lag p99 (s),,V2,14.532786416163402,6.321736608047898,0.6982646648762028,10
slow200-owned-f1-qps1000-n24,exec. dispatch queue,,V1,1069.9,284.81623900332653,94.93874633444214,10
slow200-owned-f1-qps1000-n24,exec. dispatch queue,,V2,1126.2,268.6807771315246,89.56025904384154,10
slow200-owned-f1-qps1000-n24,pending txs,,V1,27.2,9.271461589199408,3.090487196399802,10
slow200-owned-f1-qps1000-n24,pending txs,,V2,30.6,8.581375181169975,2.8604583937233246,10
slow200-owned-f1-qps1000-n24,exec. queue. delay p95 (s),,V1,1.9080643348494284,1.349727739364484,0.2069674124213713,10
slow200-owned-f1-qps1000-n24,exec. queue. delay p95 (s),,V2,2.770645230180794,1.1161919534828606,0.19825132030358256,10
slow200-owned-f1-qps1000-n24,post-cons shed drops / sec,,V1,7.267717599860457,14.73687654118984,2.615168380292379,10
slow200-owned-f1-qps1000-n24,post-cons shed drops / sec,,V2,10.629422737756071,16.085215657801626,1.9736298168190118,10
slow200-owned-f1-qps1000-n24,shed % quorum,,V1,19.9,9.428149341201593,3.1427164470671975,10
slow200-owned-f1-qps1000-n24,shed % quorum,,V2,20.0,7.707139547199077,2.569046515733026,10
slow200-owned-f1-qps1000-n24,shed % local,,V1,31.9,9.984487968844473,3.3281626562814903,10
slow200-owned-f1-qps1000-n24,shed % local,,V2,38.8,6.11228271597445,2.037427571991483,10
slow200-owned-f1-qps1000-n24,shed % cons-queue,,V1,0.0,0.0,0.0,10
slow200-owned-f1-qps1000-n24,shed % cons-queue,,V2,0.0,0.0,0.0,10
slow200-owned-f1-qps1000-n24,pre-cons overload rej / sec,,V1,nan,nan,nan,10
slow200-owned-f1-qps1000-n24,pre-cons overload rej / sec,,V2,nan,nan,nan,10
slow200-owned-f1-qps1000-n24,node CPU,,V1,3.3909403280796915,1.5847226762453548,0.2974569130747047,10
slow200-owned-f1-qps1000-n24,node CPU,,V2,4.4689250775334495,1.153067548273019,0.13374987592412022,10
slow200-owned-f1-qps1000-n24,node memory RSS (bytes),,V1,797272959.5498241,119355732.16709995,13829350.840479178,10
slow200-owned-f1-qps1000-n24,node memory RSS (bytes),,V2,780184169.9589257,73446301.85270885,3778439.0147041352,10
slow200-owned-f1-qps1000-n24,overload graduated / sec,,V1,nan,nan,nan,10
slow200-owned-f1-qps1000-n24,overload graduated / sec,,V2,nan,nan,nan,10
slow200-owned-f1-qps1000-n24,overload max-pending / sec,,V1,nan,nan,nan,10
slow200-owned-f1-qps1000-n24,overload max-pending / sec,,V2,nan,nan,nan,10
slow200-owned-f1-qps1000-n24,overload semaphore / sec,,V1,nan,nan,nan,10
slow200-owned-f1-qps1000-n24,overload semaphore / sec,,V2,nan,nan,nan,10
slow200-owned-f1-qps1000-n24,attest. exec p50 (s),,V1,nan,nan,nan,10
slow200-owned-f1-qps1000-n24,attest. exec p50 (s),,V2,0.22302127491000168,0.07047237458864937,0.0077082857731487885,10
slow200-owned-f1-qps1000-n24,attest. exec p95 (s),,V1,nan,nan,nan,10
slow200-owned-f1-qps1000-n24,attest. exec p95 (s),,V2,0.5321339056107545,0.1271135620338167,0.01615199949492525,10
slow200-owned-f1-qps1000-n24,attest. exec p99 (s),,V1,nan,nan,nan,10
slow200-owned-f1-qps1000-n24,attest. exec p99 (s),,V2,0.650893146611304,0.1396980107615428,0.017212023848191753,10
slow200-owned-f1-qps1000-n24,attest. wait p50 (s),,V1,nan,nan,nan,10
slow200-owned-f1-qps1000-n24,attest. wait p50 (s),,V2,0.21289298013768693,0.22004391186233663,0.01370520704145339,10
slow200-owned-f1-qps1000-n24,attest. wait p95 (s),,V1,nan,nan,nan,10
slow200-owned-f1-qps1000-n24,attest. wait p95 (s),,V2,1.1672226457567543,0.6367608786415931,0.06662828166552634,10
slow200-owned-f1-qps1000-n24,attest. wait p99 (s),,V1,nan,nan,nan,10
slow200-owned-f1-qps1000-n24,attest. wait p99 (s),,V2,1.7051927753807679,0.8886167898872602,0.0938692261837219,10
slow200-owned-f1-qps1000-n24,attest. resume p50 (s),,V1,nan,nan,nan,10
slow200-owned-f1-qps1000-n24,attest. resume p50 (s),,V2,0.002796391301818828,0.0012123455715818115,0.00013268047883466762,10
slow200-owned-f1-qps1000-n24,attest. resume p95 (s),,V1,nan,nan,nan,10
slow200-owned-f1-qps1000-n24,attest. resume p95 (s),,V2,0.03887246011422451,0.030221406642931093,0.0028696278245554934,10
slow200-owned-f1-qps1000-n24,attest. resume p99 (s),,V1,nan,nan,nan,10
slow200-owned-f1-qps1000-n24,attest. resume p99 (s),,V2,0.13095716592867335,0.12166551394259124,0.01407218882103279,10
slow200-owned-f1-qps1000-n24,num_inflight,,V1,230.2,24.375397432657383,8.125132477552459,10
slow200-owned-f1-qps1000-n24,num_inflight,,V2,246.8,31.14739154407637,10.382463848025456,10
slow200-owned-f1-qps1000-n24,CUs,,V1,nan,nan,nan,10
slow200-owned-f1-qps1000-n24,CUs,,V2,125046.64475058112,19112.974290904232,2397.4295554106193,10
slow200-owned-v1-qps1000-n24,TPS,,V1,139.5836734948047,44.93434551895934,3.3363590850127287,10
slow200-owned-v1-qps1000-n24,TPS,,V2,116.11418130885257,68.51244748573944,1.7489223871235116,10
slow200-owned-v1-qps1000-n24,attest. full p50 (s),,V1,nan,nan,nan,10
slow200-owned-v1-qps1000-n24,attest. full p50 (s),,V2,0.2413694115002614,0.42528384421820914,0.03892641957757376,10
slow200-owned-v1-qps1000-n24,attest. full p95 (s),,V1,nan,nan,nan,10
slow200-owned-v1-qps1000-n24,attest. full p95 (s),,V2,1.9023090323608127,1.1496731137662284,0.12148575529429873,10
slow200-owned-v1-qps1000-n24,attest. full p99 (s),,V1,nan,nan,nan,10
slow200-owned-v1-qps1000-n24,attest. full p99 (s),,V2,2.559820332806358,1.2016366634114413,0.1272433809503316,10
slow200-owned-v1-qps1000-n24,attest. / sec,,V1,0.0,0.0,0.0,10
slow200-owned-v1-qps1000-n24,attest. / sec,,V2,375.17184052708313,213.89125874521648,12.707323953086366,10
slow200-owned-v1-qps1000-n24,host CPU,,V1,84.69563047617983,30.48677480715951,0.24489287163261225,10
slow200-owned-v1-qps1000-n24,host CPU,,V2,78.43431710013155,30.07576834723286,0.7293835135817685,10
slow200-owned-v1-qps1000-n24,rec. → exec. p50 (s),,V1,7.271545272656202,2.8937652318776097,0.31229686139180185,10
slow200-owned-v1-qps1000-n24,rec. → exec. p50 (s),,V2,10.495775710064464,4.683319752424867,0.6404798336426442,10
slow200-owned-v1-qps1000-n24,rec. → exec. p95 (s),,V1,13.789627587400002,6.245684481775907,0.6188962863970489,10
slow200-owned-v1-qps1000-n24,rec. → exec. p95 (s),,V2,18.958405643972412,7.864916627479049,0.950313232813564,10
slow200-owned-v1-qps1000-n24,rec. → exec. p99 (s),,V1,17.036787652573846,7.923408990631117,0.7976796165655963,10
slow200-owned-v1-qps1000-n24,rec. → exec. p99 (s),,V2,22.03857794743293,9.777758766844277,1.159228327197172,10
slow200-owned-v1-qps1000-n24,pc valid. lat. p50 (s),,V1,0.005669117997245435,0.00634876496712703,0.0008457831377860518,10
slow200-owned-v1-qps1000-n24,pc valid. lat. p50 (s),,V2,0.00032851322008834827,0.0003819531436820451,3.4045015089482225e-05,10
slow200-owned-v1-qps1000-n24,pc valid. lat. p95 (s),,V1,0.11583824439225783,0.07544770815856955,0.00972078642563494,10
slow200-owned-v1-qps1000-n24,pc valid. lat. p95 (s),,V2,0.01908399838276664,0.029513435095291855,0.003632896316318327,10
slow200-owned-v1-qps1000-n24,exec. lat. p95 (s),,V1,0.9125941426793619,0.13698309592572752,0.013680882928635592,10
slow200-owned-v1-qps1000-n24,exec. lat. p95 (s),,V2,0.7602854056181689,0.22049564175586234,0.016030565972598547,10
slow200-owned-v1-qps1000-n24,valid. drop. / sec,,V1,0.0,0.0,0.0,10
slow200-owned-v1-qps1000-n24,valid. drop. / sec,,V2,0.0,0.0,0.0,10
slow200-owned-v1-qps1000-n24,final. lat. p50 (s),,V1,nan,nan,nan,10
slow200-owned-v1-qps1000-n24,final. lat. p50 (s),,V2,nan,nan,nan,10
slow200-owned-v1-qps1000-n24,final. lat. p95 (s),,V1,nan,nan,nan,10
slow200-owned-v1-qps1000-n24,final. lat. p95 (s),,V2,nan,nan,nan,10
slow200-owned-v1-qps1000-n24,final. lat. p99 (s),,V1,nan,nan,nan,10
slow200-owned-v1-qps1000-n24,final. lat. p99 (s),,V2,nan,nan,nan,10
slow200-owned-v1-qps1000-n24,submit lat. p50 (s),,V1,nan,nan,nan,10
slow200-owned-v1-qps1000-n24,submit lat. p50 (s),,V2,nan,nan,nan,10
slow200-owned-v1-qps1000-n24,submit lat. p95 (s),,V1,nan,nan,nan,10
slow200-owned-v1-qps1000-n24,submit lat. p95 (s),,V2,nan,nan,nan,10
slow200-owned-v1-qps1000-n24,ckpt lag p50 (s),,V1,7.045813665398115,3.589162638091025,0.3466025547184332,10
slow200-owned-v1-qps1000-n24,ckpt lag p50 (s),,V2,1.7378798466118468,2.8989868088287194,0.5175387419566633,10
slow200-owned-v1-qps1000-n24,ckpt lag p95 (s),,V1,16.295055590367102,9.346124111853271,1.4135704512299032,10
slow200-owned-v1-qps1000-n24,ckpt lag p95 (s),,V2,5.932127630913042,4.400694566765518,0.6758952492663619,10
slow200-owned-v1-qps1000-n24,ckpt lag p99 (s),,V1,22.523534033369284,14.64416517356818,2.042036885381144,10
slow200-owned-v1-qps1000-n24,ckpt lag p99 (s),,V2,8.580145330132057,5.057736685381868,0.7375278079037513,10
slow200-owned-v1-qps1000-n24,exec. dispatch queue,,V1,1415.6,134.2253329293692,44.74177764312306,10
slow200-owned-v1-qps1000-n24,exec. dispatch queue,,V2,1393.5,184.36661845355846,61.455539484519484,10
slow200-owned-v1-qps1000-n24,pending txs,,V1,52.3,29.940106880236748,9.980035626745583,10
slow200-owned-v1-qps1000-n24,pending txs,,V2,35.9,12.501599897613104,4.167199965871035,10
slow200-owned-v1-qps1000-n24,exec. queue. delay p95 (s),,V1,4.0565141114833665,1.2262882523971455,0.15573763074717623,10
slow200-owned-v1-qps1000-n24,exec. queue. delay p95 (s),,V2,3.4204340462777427,1.367162119226155,0.21234871723446067,10
slow200-owned-v1-qps1000-n24,post-cons shed drops / sec,,V1,30.771666666666665,29.210753462153882,2.4661706151798444,10
slow200-owned-v1-qps1000-n24,post-cons shed drops / sec,,V2,16.276930483342962,17.396524340442568,2.182189057270742,10
slow200-owned-v1-qps1000-n24,shed % quorum,,V1,35.5,5.333854141237834,1.7779513804126115,10
slow200-owned-v1-qps1000-n24,shed % quorum,,V2,27.4,12.411285187280164,4.137095062426721,10
slow200-owned-v1-qps1000-n24,shed % local,,V1,49.6,3.903844259188627,1.3012814197295424,10
slow200-owned-v1-qps1000-n24,shed % local,,V2,58.3,18.7725863961256,6.257528798708533,10
slow200-owned-v1-qps1000-n24,shed % cons-queue,,V1,0.0,0.0,0.0,10
slow200-owned-v1-qps1000-n24,shed % cons-queue,,V2,0.0,0.0,0.0,10
slow200-owned-v1-qps1000-n24,pre-cons overload rej / sec,,V1,12.679076033705662,20.534671360949567,2.367282735633635,10
slow200-owned-v1-qps1000-n24,pre-cons overload rej / sec,,V2,49.075584987992734,67.49813756416683,6.424899452338759,10
slow200-owned-v1-qps1000-n24,node CPU,,V1,4.424290584067896,0.660610894320263,0.038262452496755105,10
slow200-owned-v1-qps1000-n24,node CPU,,V2,8.481489490840787,3.779009088159075,0.2921918457591116,10
slow200-owned-v1-qps1000-n24,node memory RSS (bytes),,V1,777493281.3913044,68793788.28728813,3900101.028707807,10
slow200-owned-v1-qps1000-n24,node memory RSS (bytes),,V2,932560395.1490787,110037558.66491383,3864715.1416363525,10
slow200-owned-v1-qps1000-n24,overload graduated / sec,,V1,nan,nan,nan,10
slow200-owned-v1-qps1000-n24,overload graduated / sec,,V2,nan,nan,nan,10
slow200-owned-v1-qps1000-n24,overload max-pending / sec,,V1,nan,nan,nan,10
slow200-owned-v1-qps1000-n24,overload max-pending / sec,,V2,nan,nan,nan,10
slow200-owned-v1-qps1000-n24,overload semaphore / sec,,V1,12.673910304862686,20.5310553222617,2.367610705230953,10
slow200-owned-v1-qps1000-n24,overload semaphore / sec,,V2,49.042000527148126,67.68270605322185,6.451716426175982,10
slow200-owned-v1-qps1000-n24,attest. exec p50 (s),,V1,nan,nan,nan,10
slow200-owned-v1-qps1000-n24,attest. exec p50 (s),,V2,0.023213001601936307,0.024702132139589005,0.0024291382926520362,10
slow200-owned-v1-qps1000-n24,attest. exec p95 (s),,V1,nan,nan,nan,10
slow200-owned-v1-qps1000-n24,attest. exec p95 (s),,V2,0.18540296012021185,0.06530173058614573,0.006716641631884278,10
slow200-owned-v1-qps1000-n24,attest. exec p99 (s),,V1,nan,nan,nan,10
slow200-owned-v1-qps1000-n24,attest. exec p99 (s),,V2,0.29399890736732354,0.10731430724825616,0.012405907226762687,10
slow200-owned-v1-qps1000-n24,attest. wait p50 (s),,V1,nan,nan,nan,10
slow200-owned-v1-qps1000-n24,attest. wait p50 (s),,V2,0.03691337480244329,0.06595263402959706,0.0046388502193545145,10
slow200-owned-v1-qps1000-n24,attest. wait p95 (s),,V1,nan,nan,nan,10
slow200-owned-v1-qps1000-n24,attest. wait p95 (s),,V2,0.9627913214571012,0.4878295173708383,0.04439222537386423,10
slow200-owned-v1-qps1000-n24,attest. wait p99 (s),,V1,nan,nan,nan,10
slow200-owned-v1-qps1000-n24,attest. wait p99 (s),,V2,1.7195308590163554,0.7742246123888743,0.07937762007582114,10
slow200-owned-v1-qps1000-n24,attest. resume p50 (s),,V1,nan,nan,nan,10
slow200-owned-v1-qps1000-n24,attest. resume p50 (s),,V2,0.07899475267683725,0.31687702030459736,0.025686142527779995,10
slow200-owned-v1-qps1000-n24,attest. resume p95 (s),,V1,nan,nan,nan,10
slow200-owned-v1-qps1000-n24,attest. resume p95 (s),,V2,1.1642219984545834,1.0823038143708796,0.12433723730176813,10
slow200-owned-v1-qps1000-n24,attest. resume p99 (s),,V1,nan,nan,nan,10
slow200-owned-v1-qps1000-n24,attest. resume p99 (s),,V2,1.655605040020501,1.2120443476480904,0.13364448667285952,10
slow200-owned-v1-qps1000-n24,num_inflight,,V1,1667.9,71.78641932844958,23.928806442816526,10
slow200-owned-v1-qps1000-n24,num_inflight,,V2,2030.5,239.0452885961152,79.68176286537172,10
slow200-owned-v1-qps1000-n24,CUs,,V1,nan,nan,nan,10
slow200-owned-v1-qps1000-n24,CUs,,V2,128000.0,1.7526491175267966e-11,0.0,10
slow200-owned-v24-qps1000-n24,TPS,,V1,125.08649971993562,48.78166138546341,3.125878517968488,10
slow200-owned-v24-qps1000-n24,TPS,,V2,120.30853625795541,37.76791061172669,1.3200635222182113,10
slow200-owned-v24-qps1000-n24,attest. full p50 (s),,V1,nan,nan,nan,10
slow200-owned-v24-qps1000-n24,attest. full p50 (s),,V2,0.5337511758291982,0.24511741015083333,0.02636029688803818,10
slow200-owned-v24-qps1000-n24,attest. full p95 (s),,V1,nan,nan,nan,10
slow200-owned-v24-qps1000-n24,attest. full p95 (s),,V2,1.7938156593257737,0.472452257907789,0.04426364287056602,10
slow200-owned-v24-qps1000-n24,attest. full p99 (s),,V1,nan,nan,nan,10
slow200-owned-v24-qps1000-n24,attest. full p99 (s),,V2,2.5786351936951757,0.6370483450761522,0.05158856497220644,10
slow200-owned-v24-qps1000-n24,attest. / sec,,V1,0.0,0.0,0.0,10
slow200-owned-v24-qps1000-n24,attest. / sec,,V2,60.76482621784346,29.33775836070194,3.4398742848187567,10
slow200-owned-v24-qps1000-n24,host CPU,,V1,84.80175619046597,30.893383345300165,0.2369089939671134,10
slow200-owned-v24-qps1000-n24,host CPU,,V2,85.20693530524996,30.3126580570791,0.2116381830458603,10
slow200-owned-v24-qps1000-n24,rec. → exec. p50 (s),,V1,12.475221380075729,3.8761794545529162,0.29166747168511004,10
slow200-owned-v24-qps1000-n24,rec. → exec. p50 (s),,V2,13.132151731635052,3.387780842238708,0.14237551550541824,10
slow200-owned-v24-qps1000-n24,rec. → exec. p95 (s),,V1,16.664644829153534,5.117555283775749,0.43472926974975,10
slow200-owned-v24-qps1000-n24,rec. → exec. p95 (s),,V2,17.961755117560728,4.732207399560585,0.20219121930344866,10
slow200-owned-v24-qps1000-n24,rec. → exec. p99 (s),,V1,17.256058650672276,5.112895248628094,0.3886555230004383,10
slow200-owned-v24-qps1000-n24,rec. → exec. p99 (s),,V2,19.10822733491882,5.335276064963384,0.41780400478174406,10
slow200-owned-v24-qps1000-n24,pc valid. lat. p50 (s),,V1,0.021751084669165748,0.018973989712410187,0.0021468314701350607,10
slow200-owned-v24-qps1000-n24,pc valid. lat. p50 (s),,V2,0.013729961519712227,0.009632604267396429,0.0014667439696294776,10
slow200-owned-v24-qps1000-n24,pc valid. lat. p95 (s),,V1,0.14534592817210493,0.06524260763397348,0.008554383255263493,10
slow200-owned-v24-qps1000-n24,pc valid. lat. p95 (s),,V2,0.1213527932941779,0.06268219052595263,0.008480037453953967,10
slow200-owned-v24-qps1000-n24,exec. lat. p95 (s),,V1,0.9604627727253666,0.058021601920077305,0.0038101134910021013,10
slow200-owned-v24-qps1000-n24,exec. lat. p95 (s),,V2,0.9432858461839492,0.10784768823581393,0.00766374554971108,10
slow200-owned-v24-qps1000-n24,valid. drop. / sec,,V1,0.0,0.0,0.0,10
slow200-owned-v24-qps1000-n24,valid. drop. / sec,,V2,0.0,0.0,0.0,10
slow200-owned-v24-qps1000-n24,final. lat. p50 (s),,V1,nan,nan,nan,10
slow200-owned-v24-qps1000-n24,final. lat. p50 (s),,V2,nan,nan,nan,10
slow200-owned-v24-qps1000-n24,final. lat. p95 (s),,V1,nan,nan,nan,10
slow200-owned-v24-qps1000-n24,final. lat. p95 (s),,V2,nan,nan,nan,10
slow200-owned-v24-qps1000-n24,final. lat. p99 (s),,V1,nan,nan,nan,10
slow200-owned-v24-qps1000-n24,final. lat. p99 (s),,V2,nan,nan,nan,10
slow200-owned-v24-qps1000-n24,submit lat. p50 (s),,V1,nan,nan,nan,10
slow200-owned-v24-qps1000-n24,submit lat. p50 (s),,V2,nan,nan,nan,10
slow200-owned-v24-qps1000-n24,submit lat. p95 (s),,V1,nan,nan,nan,10
slow200-owned-v24-qps1000-n24,submit lat. p95 (s),,V2,nan,nan,nan,10
slow200-owned-v24-qps1000-n24,ckpt lag p50 (s),,V1,9.676037931152027,4.459894264887965,0.6111352812083729,10
slow200-owned-v24-qps1000-n24,ckpt lag p50 (s),,V2,8.479774254139999,3.575732678661769,0.27506053984761936,10
slow200-owned-v24-qps1000-n24,ckpt lag p95 (s),,V1,23.774149409912113,13.325793469638779,1.3644068112921728,10
slow200-owned-v24-qps1000-n24,ckpt lag p95 (s),,V2,20.67520218969172,10.677259960192748,0.707264207889748,10
slow200-owned-v24-qps1000-n24,ckpt lag p99 (s),,V1,31.821255119118888,18.71582758252104,1.0461243257404242,10
slow200-owned-v24-qps1000-n24,ckpt lag p99 (s),,V2,29.507843000714985,18.028468778151083,0.943654909090038,10
slow200-owned-v24-qps1000-n24,exec. dispatch queue,,V1,1463.9,272.8990472683992,90.96634908946639,10
slow200-owned-v24-qps1000-n24,exec. dispatch queue,,V2,1484.8,205.36348263505855,68.45449421168618,10
slow200-owned-v24-qps1000-n24,pending txs,,V1,124.8,92.68419498490559,30.8947316616352,10
slow200-owned-v24-qps1000-n24,pending txs,,V2,193.4,187.01080182706025,62.33693394235341,10
slow200-owned-v24-qps1000-n24,exec. queue. delay p95 (s),,V1,4.847964523812629,1.5824639429727743,0.2795842673419605,10
slow200-owned-v24-qps1000-n24,exec. queue. delay p95 (s),,V2,5.239507251656453,1.8131615053674917,0.173049875218145,10
slow200-owned-v24-qps1000-n24,post-cons shed drops / sec,,V1,23.741182114757244,27.63683675366266,2.949465280422096,10
slow200-owned-v24-qps1000-n24,post-cons shed drops / sec,,V2,16.425670498084294,24.48919500115475,2.2898944805009016,10
slow200-owned-v24-qps1000-n24,shed % quorum,,V1,33.2,5.035871324805669,1.6786237749352226,10
slow200-owned-v24-qps1000-n24,shed % quorum,,V2,35.3,9.132907532653553,3.0443025108845174,10
slow200-owned-v24-qps1000-n24,shed % local,,V1,51.3,6.914477565225011,2.304825855075004,10
slow200-owned-v24-qps1000-n24,shed % local,,V2,61.7,6.694027188471824,2.2313423961572747,10
slow200-owned-v24-qps1000-n24,shed % cons-queue,,V1,0.0,0.0,0.0,10
slow200-owned-v24-qps1000-n24,shed % cons-queue,,V2,0.0,0.0,0.0,10
slow200-owned-v24-qps1000-n24,pre-cons overload rej / sec,,V1,nan,nan,nan,10
slow200-owned-v24-qps1000-n24,pre-cons overload rej / sec,,V2,nan,nan,nan,10
slow200-owned-v24-qps1000-n24,node CPU,,V1,4.573847047662691,0.69030143818577,0.027815747771920467,10
slow200-owned-v24-qps1000-n24,node CPU,,V2,4.743798609900559,0.6556021071844201,0.04061905489645491,10
slow200-owned-v24-qps1000-n24,node memory RSS (bytes),,V1,758065199.7866666,64100190.43031756,4202977.867656625,10
slow200-owned-v24-qps1000-n24,node memory RSS (bytes),,V2,809123189.2976589,70437697.05968828,3703457.652972326,10
slow200-owned-v24-qps1000-n24,overload graduated / sec,,V1,nan,nan,nan,10
slow200-owned-v24-qps1000-n24,overload graduated / sec,,V2,nan,nan,nan,10
slow200-owned-v24-qps1000-n24,overload max-pending / sec,,V1,nan,nan,nan,10
slow200-owned-v24-qps1000-n24,overload max-pending / sec,,V2,nan,nan,nan,10
slow200-owned-v24-qps1000-n24,overload semaphore / sec,,V1,nan,nan,nan,10
slow200-owned-v24-qps1000-n24,overload semaphore / sec,,V2,nan,nan,nan,10
slow200-owned-v24-qps1000-n24,attest. exec p50 (s),,V1,nan,nan,nan,10
slow200-owned-v24-qps1000-n24,attest. exec p50 (s),,V2,0.1900667101283359,0.03989352980046697,0.003991558339213553,10
slow200-owned-v24-qps1000-n24,attest. exec p95 (s),,V1,nan,nan,nan,10
slow200-owned-v24-qps1000-n24,attest. exec p95 (s),,V2,0.5148894723765755,0.0873407131132413,0.007584528172908672,10
slow200-owned-v24-qps1000-n24,attest. exec p99 (s),,V1,nan,nan,nan,10
slow200-owned-v24-qps1000-n24,attest. exec p99 (s),,V2,0.6500307740505549,0.08839635396299342,0.00804270431571819,10
slow200-owned-v24-qps1000-n24,attest. wait p50 (s),,V1,nan,nan,nan,10
slow200-owned-v24-qps1000-n24,attest. wait p50 (s),,V2,0.2430251237590078,0.2773983054453494,0.02883861415793086,10
slow200-owned-v24-qps1000-n24,attest. wait p95 (s),,V1,nan,nan,nan,10
slow200-owned-v24-qps1000-n24,attest. wait p95 (s),,V2,1.4764317912615663,0.5378934791030457,0.055267954311401336,10
slow200-owned-v24-qps1000-n24,attest. wait p99 (s),,V1,nan,nan,nan,10
slow200-owned-v24-qps1000-n24,attest. wait p99 (s),,V2,2.2285817200458613,0.6857360855973396,0.06205505877722362,10
slow200-owned-v24-qps1000-n24,attest. resume p50 (s),,V1,nan,nan,nan,10
slow200-owned-v24-qps1000-n24,attest. resume p50 (s),,V2,0.004456800059973222,0.001940052827767964,0.00018894884938011413,10
slow200-owned-v24-qps1000-n24,attest. resume p95 (s),,V1,nan,nan,nan,10
slow200-owned-v24-qps1000-n24,attest. resume p95 (s),,V2,0.16255488420811648,0.1321651500638917,0.013735229088928528,10
slow200-owned-v24-qps1000-n24,attest. resume p99 (s),,V1,nan,nan,nan,10
slow200-owned-v24-qps1000-n24,attest. resume p99 (s),,V2,0.43048044379453304,0.2991352034167691,0.0292481993632623,10
slow200-owned-v24-qps1000-n24,num_inflight,,V1,361.0,39.66358531449218,13.221195104830727,10
slow200-owned-v24-qps1000-n24,num_inflight,,V2,403.0,60.60033003210461,20.200110010701536,10
slow200-owned-v24-qps1000-n24,CUs,,V1,nan,nan,nan,10
slow200-owned-v24-qps1000-n24,CUs,,V2,128000.0,1.6342556723835863e-11,0.0,10
slow200-owned-f1-qps2000-n24,TPS,,V1,134.01974094787488,89.7357368187441,1.7666733387259226,10
slow200-owned-f1-qps2000-n24,TPS,,V2,119.76351809657335,81.46362934693734,4.9861188169986495,10
slow200-owned-f1-qps2000-n24,attest. full p50 (s),,V1,nan,nan,nan,10
slow200-owned-f1-qps2000-n24,attest. full p50 (s),,V2,0.4990242458165906,0.25600572382256764,0.01265816364439752,10
slow200-owned-f1-qps2000-n24,attest. full p95 (s),,V1,nan,nan,nan,10
slow200-owned-f1-qps2000-n24,attest. full p95 (s),,V2,1.6087284460924003,0.6693089608970169,0.04745853850500599,10
slow200-owned-f1-qps2000-n24,attest. full p99 (s),,V1,nan,nan,nan,10
slow200-owned-f1-qps2000-n24,attest. full p99 (s),,V2,2.2282104832871976,0.9085967774409653,0.07341849514294538,10
slow200-owned-f1-qps2000-n24,attest. / sec,,V1,0.0,0.0,0.0,10
slow200-owned-f1-qps2000-n24,attest. / sec,,V2,40.61671493679981,19.84605546158007,1.9760671952401454,10
slow200-owned-f1-qps2000-n24,host CPU,,V1,73.17509859758086,38.85869192236845,0.11969499008186456,10
slow200-owned-f1-qps2000-n24,host CPU,,V2,72.66794123827339,38.87527081534021,0.6146697559880042,10
slow200-owned-f1-qps2000-n24,rec. → exec. p50 (s),,V1,12.160214500260317,7.570805449906451,0.3875593753850119,10
slow200-owned-f1-qps2000-n24,rec. → exec. p50 (s),,V2,14.274374403132681,7.950613171549599,0.5327687883539733,10
slow200-owned-f1-qps2000-n24,rec. → exec. p95 (s),,V1,15.737436440676381,9.61904195238063,0.4869901084340003,10
slow200-owned-f1-qps2000-n24,rec. → exec. p95 (s),,V2,18.814773292590328,9.359768607599865,0.6701962273873623,10
slow200-owned-f1-qps2000-n24,rec. → exec. p99 (s),,V1,16.481006285479072,9.778241595202278,0.5004808689380739,10
slow200-owned-f1-qps2000-n24,rec. → exec. p99 (s),,V2,20.84086360777912,11.096185661023997,0.8205280431328321,10
slow200-owned-f1-qps2000-n24,pc valid. lat. p50 (s),,V1,0.007958187659837985,0.014553658250057477,0.0010958426163437268,10
slow200-owned-f1-qps2000-n24,pc valid. lat. p50 (s),,V2,0.007881673376486029,0.012137577374901402,0.0007714214970864342,10
slow200-owned-f1-qps2000-n24,pc valid. lat. p95 (s),,V1,0.11314057490740884,0.10605336574145531,0.00881334312172875,10
slow200-owned-f1-qps2000-n24,pc valid. lat. p95 (s),,V2,0.10661179802966521,0.11697110614309907,0.009749901576059974,10
slow200-owned-f1-qps2000-n24,exec. lat. p95 (s),,V1,0.9026966703924225,0.17093314850180602,0.007225250659507454,10
slow200-owned-f1-qps2000-n24,exec. lat. p95 (s),,V2,0.9007525151830157,0.2431160312095474,0.029374041309320545,10
slow200-owned-f1-qps2000-n24,valid. drop. / sec,,V1,0.0,0.0,0.0,10
slow200-owned-f1-qps2000-n24,valid. drop. / sec,,V2,0.0,0.0,0.0,10
slow200-owned-f1-qps2000-n24,final. lat. p50 (s),,V1,9.660454232652302,6.348247202492283,0.25965325388504507,10
slow200-owned-f1-qps2000-n24,final. lat. p50 (s),,V2,10.799151006086099,7.303448567928706,0.37026015268791024,10
slow200-owned-f1-qps2000-n24,final. lat. p95 (s),,V1,13.877350814006544,7.892892157591528,0.3508125752093311,10
slow200-owned-f1-qps2000-n24,final. lat. p95 (s),,V2,15.825876937760146,9.028694706412104,0.47548726151302245,10
slow200-owned-f1-qps2000-n24,final. lat. p99 (s),,V1,15.439240097633935,8.389804206096308,0.36266904117363813,10
slow200-owned-f1-qps2000-n24,final. lat. p99 (s),,V2,17.543926597681605,9.615566920524053,0.5494554845781149,10
slow200-owned-f1-qps2000-n24,submit lat. p50 (s),,V1,0.7049627849871181,0.36382220591443926,0.026261353531893093,10
slow200-owned-f1-qps2000-n24,submit lat. p50 (s),,V2,1.72303007435512,0.9717998003951347,0.05087276611961055,10
slow200-owned-f1-qps2000-n24,submit lat. p95 (s),,V1,2.3817827183928144,1.0545852649199658,0.08813768421890418,10
slow200-owned-f1-qps2000-n24,submit lat. p95 (s),,V2,4.274906957883974,2.190895506741013,0.19074157357622604,10
slow200-owned-f1-qps2000-n24,ckpt lag p50 (s),,V1,7.445182697940754,5.532813303631555,0.4271888045773219,10
slow200-owned-f1-qps2000-n24,ckpt lag p50 (s),,V2,8.721461621353807,6.377671666099544,0.5668308401504583,10
slow200-owned-f1-qps2000-n24,ckpt lag p95 (s),,V1,16.88205565874562,10.526049019747596,1.0682141735444297,10
slow200-owned-f1-qps2000-n24,ckpt lag p95 (s),,V2,22.118262192285613,13.744452314656675,0.8554034793604576,10
slow200-owned-f1-qps2000-n24,ckpt lag p99 (s),,V1,22.067446217393268,15.628371481538998,1.5313071210992832,10
slow200-owned-f1-qps2000-n24,ckpt lag p99 (s),,V2,29.70125234878924,19.733511413059176,1.0636665426211076,10
slow200-owned-f1-qps2000-n24,exec. dispatch queue,,V1,2714.2,460.4325792122013,153.47752640406708,10
slow200-owned-f1-qps2000-n24,exec. dispatch queue,,V2,2651.7,318.9156785107938,106.3052261702646,10
slow200-owned-f1-qps2000-n24,pending txs,,V1,56.2,10.533755265810953,3.5112517552703175,10
slow200-owned-f1-qps2000-n24,pending txs,,V2,66.6,17.18254928699464,5.727516428998213,10
slow200-owned-f1-qps2000-n24,exec. queue. delay p95 (s),,V1,9.101263626853717,6.481078008445012,0.7775740807624927,10
slow200-owned-f1-qps2000-n24,exec. queue. delay p95 (s),,V2,10.572622516893949,6.990948247980835,0.4318393391001645,10
slow200-owned-f1-qps2000-n24,post-cons shed drops / sec,,V1,12.02571201814059,28.806544508657357,3.0783664683824368,10
slow200-owned-f1-qps2000-n24,post-cons shed drops / sec,,V2,8.525266047012865,18.62570434335109,2.2400724658052895,10
slow200-owned-f1-qps2000-n24,shed % quorum,,V1,22.9,16.170652429633137,5.390217476544378,10
slow200-owned-f1-qps2000-n24,shed % quorum,,V2,26.9,14.293005282305048,4.764335094101683,10
slow200-owned-f1-qps2000-n24,shed % local,,V1,56.8,12.765578717786358,4.255192905928786,10
slow200-owned-f1-qps2000-n24,shed % local,,V2,53.3,13.92874725163753,4.642915750545843,10
slow200-owned-f1-qps2000-n24,shed % cons-queue,,V1,0.0,0.0,0.0,10
slow200-owned-f1-qps2000-n24,shed % cons-queue,,V2,0.0,0.0,0.0,10
slow200-owned-f1-qps2000-n24,pre-cons overload rej / sec,,V1,nan,nan,nan,10
slow200-owned-f1-qps2000-n24,pre-cons overload rej / sec,,V2,nan,nan,nan,10
slow200-owned-f1-qps2000-n24,node CPU,,V1,4.5438527445338694,0.9838379779347659,0.020407365643632252,10
slow200-owned-f1-qps2000-n24,node CPU,,V2,4.575550622363867,1.171494297606749,0.12275141374529569,10
slow200-owned-f1-qps2000-n24,node memory RSS (bytes),,V1,765341097.8539683,65898293.096712686,1936981.1499421732,10
slow200-owned-f1-qps2000-n24,node memory RSS (bytes),,V2,815640822.1386749,84636389.8275086,3795154.7249010676,10
slow200-owned-f1-qps2000-n24,overload graduated / sec,,V1,nan,nan,nan,10
slow200-owned-f1-qps2000-n24,overload graduated / sec,,V2,nan,nan,nan,10
slow200-owned-f1-qps2000-n24,overload max-pending / sec,,V1,nan,nan,nan,10
slow200-owned-f1-qps2000-n24,overload max-pending / sec,,V2,nan,nan,nan,10
slow200-owned-f1-qps2000-n24,overload semaphore / sec,,V1,nan,nan,nan,10
slow200-owned-f1-qps2000-n24,overload semaphore / sec,,V2,nan,nan,nan,10
slow200-owned-f1-qps2000-n24,attest. exec p50 (s),,V1,nan,nan,nan,10
slow200-owned-f1-qps2000-n24,attest. exec p50 (s),,V2,0.19569035449431837,0.06967832003448007,0.0041827815229732584,10
slow200-owned-f1-qps2000-n24,attest. exec p95 (s),,V1,nan,nan,nan,10
slow200-owned-f1-qps2000-n24,attest. exec p95 (s),,V2,0.4931278740733479,0.14112955080747014,0.01392458487185028,10
slow200-owned-f1-qps2000-n24,attest. exec p99 (s),,V1,nan,nan,nan,10
slow200-owned-f1-qps2000-n24,attest. exec p99 (s),,V2,0.6218400985997794,0.15297199710463827,0.01664774017817734,10
slow200-owned-f1-qps2000-n24,attest. wait p50 (s),,V1,nan,nan,nan,10
slow200-owned-f1-qps2000-n24,attest. wait p50 (s),,V2,0.19445189030514357,0.2338875453559382,0.007700950892092294,10
slow200-owned-f1-qps2000-n24,attest. wait p95 (s),,V1,nan,nan,nan,10
slow200-owned-f1-qps2000-n24,attest. wait p95 (s),,V2,1.2358483393907995,0.6196772161189155,0.045146621843614614,10
slow200-owned-f1-qps2000-n24,attest. wait p99 (s),,V1,nan,nan,nan,10
slow200-owned-f1-qps2000-n24,attest. wait p99 (s),,V2,1.875936509994613,0.8752463489289471,0.06575512874934233,10
slow200-owned-f1-qps2000-n24,attest. resume p50 (s),,V1,nan,nan,nan,10
slow200-owned-f1-qps2000-n24,attest. resume p50 (s),,V2,0.007128487142502432,0.008319459181767321,0.0003952540135651788,10
slow200-owned-f1-qps2000-n24,attest. resume p95 (s),,V1,nan,nan,nan,10
slow200-owned-f1-qps2000-n24,attest. resume p95 (s),,V2,0.30536376830163453,0.35226909885407126,0.008785859471329835,10
slow200-owned-f1-qps2000-n24,attest. resume p99 (s),,V1,nan,nan,nan,10
slow200-owned-f1-qps2000-n24,attest. resume p99 (s),,V2,0.5962062117950913,0.5733252620693036,0.019466644926056573,10
slow200-owned-f1-qps2000-n24,num_inflight,,V1,547.3,40.03760732111748,13.345869107039158,10
slow200-owned-f1-qps2000-n24,num_inflight,,V2,615.7,56.5014159114619,18.833805303820633,10
slow200-owned-f1-qps2000-n24,CUs,,V1,nan,nan,nan,10
slow200-owned-f1-qps2000-n24,CUs,,V2,123294.87755171028,23555.324310556072,2683.6871538122045,10
slow200-owned-v1-qps2000-n24,TPS,,V1,131.64147566688712,46.308303265362525,3.143945998154108,10
slow200-owned-v1-qps2000-n24,TPS,,V2,129.35325848411406,52.06778832481278,3.0976914127970674,10
slow200-owned-v1-qps2000-n24,attest. full p50 (s),,V1,nan,nan,nan,10
slow200-owned-v1-qps2000-n24,attest. full p50 (s),,V2,0.5951970733902748,0.6278957117252016,0.04963604794520349,10
slow200-owned-v1-qps2000-n24,attest. full p95 (s),,V1,nan,nan,nan,10
slow200-owned-v1-qps2000-n24,attest. full p95 (s),,V2,2.722803560481853,1.6207312831028233,0.22208558060473774,10
slow200-owned-v1-qps2000-n24,attest. full p99 (s),,V1,nan,nan,nan,10
slow200-owned-v1-qps2000-n24,attest. full p99 (s),,V2,3.409915733477789,1.7394280026878934,0.23825122677354293,10
slow200-owned-v1-qps2000-n24,attest. / sec,,V1,0.0,0.0,0.0,10
slow200-owned-v1-qps2000-n24,attest. / sec,,V2,264.44485988141764,167.10229125793228,18.05513978388144,10
slow200-owned-v1-qps2000-n24,host CPU,,V1,85.00480212035038,30.412396035453217,0.25404438259310225,10
slow200-owned-v1-qps2000-n24,host CPU,,V2,80.73360659204633,30.176532007890327,0.812941236078179,10
slow200-owned-v1-qps2000-n24,rec. → exec. p50 (s),,V1,12.54871468559399,6.979242139840693,0.3195672500875045,10
slow200-owned-v1-qps2000-n24,rec. → exec. p50 (s),,V2,18.714424378478505,11.97827060748154,0.9999710922249468,10
slow200-owned-v1-qps2000-n24,rec. → exec. p95 (s),,V1,27.873220261465033,15.869215630182373,1.1594600200404785,10
slow200-owned-v1-qps2000-n24,rec. → exec. p95 (s),,V2,30.360366228219167,19.064646469338413,0.94215415721582,10
slow200-owned-v1-qps2000-n24,rec. → exec. p99 (s),,V1,33.63531094787767,18.8532114076797,1.0744741534545157,10
slow200-owned-v1-qps2000-n24,rec. → exec. p99 (s),,V2,33.16745897821646,19.869063672766664,0.8425954134083803,10
slow200-owned-v1-qps2000-n24,pc valid. lat. p50 (s),,V1,0.005777122106100341,0.006891180871161817,0.0006998323189246259,10
slow200-owned-v1-qps2000-n24,pc valid. lat. p50 (s),,V2,0.0005027259509828313,0.002370527133941908,0.00012762233413185403,10
slow200-owned-v1-qps2000-n24,pc valid. lat. p95 (s),,V1,0.16136096215216605,0.07898575557488141,0.008995922433756288,10
slow200-owned-v1-qps2000-n24,pc valid. lat. p95 (s),,V2,0.03035982028245071,0.046219864884935555,0.004382223346846712,10
slow200-owned-v1-qps2000-n24,exec. lat. p95 (s),,V1,0.9504954449455196,0.0663212624079472,0.004028711130983527,10
slow200-owned-v1-qps2000-n24,exec. lat. p95 (s),,V2,0.869724035403248,0.13392584997158516,0.016751527852724817,10
slow200-owned-v1-qps2000-n24,valid. drop. / sec,,V1,0.0,0.0,0.0,10
slow200-owned-v1-qps2000-n24,valid. drop. / sec,,V2,0.0,0.0,0.0,10
slow200-owned-v1-qps2000-n24,final. lat. p50 (s),,V1,nan,nan,nan,10
slow200-owned-v1-qps2000-n24,final. lat. p50 (s),,V2,nan,nan,nan,10
slow200-owned-v1-qps2000-n24,final. lat. p95 (s),,V1,nan,nan,nan,10
slow200-owned-v1-qps2000-n24,final. lat. p95 (s),,V2,nan,nan,nan,10
slow200-owned-v1-qps2000-n24,final. lat. p99 (s),,V1,nan,nan,nan,10
slow200-owned-v1-qps2000-n24,final. lat. p99 (s),,V2,nan,nan,nan,10
slow200-owned-v1-qps2000-n24,submit lat. p50 (s),,V1,nan,nan,nan,10
slow200-owned-v1-qps2000-n24,submit lat. p50 (s),,V2,nan,nan,nan,10
slow200-owned-v1-qps2000-n24,submit lat. p95 (s),,V1,nan,nan,nan,10
slow200-owned-v1-qps2000-n24,submit lat. p95 (s),,V2,nan,nan,nan,10
slow200-owned-v1-qps2000-n24,ckpt lag p50 (s),,V1,8.511895159917497,3.708774028753887,0.42381187115223284,10
slow200-owned-v1-qps2000-n24,ckpt lag p50 (s),,V2,2.306950794765066,2.5088141439439426,0.11838438445025772,10
slow200-owned-v1-qps2000-n24,ckpt lag p95 (s),,V1,18.958446865460054,10.23930322528068,1.1004407672148084,10
slow200-owned-v1-qps2000-n24,ckpt lag p95 (s),,V2,6.920331982580149,3.932676550891686,0.27861184565217617,10
slow200-owned-v1-qps2000-n24,ckpt lag p99 (s),,V1,26.858920691490667,16.76588119863338,1.7943183569087027,10
slow200-owned-v1-qps2000-n24,ckpt lag p99 (s),,V2,10.447256980786731,5.604840950526475,0.3853115697955935,10
slow200-owned-v1-qps2000-n24,exec. dispatch queue,,V1,1501.5,119.68562988095104,39.89520996031701,10
slow200-owned-v1-qps2000-n24,exec. dispatch queue,,V2,1458.6,287.3232326144198,95.77441087147326,10
slow200-owned-v1-qps2000-n24,pending txs,,V1,62.6,14.284257068535277,4.761419022845091,10
slow200-owned-v1-qps2000-n24,pending txs,,V2,47.7,18.95811172031645,6.319370573438817,10
slow200-owned-v1-qps2000-n24,exec. queue. delay p95 (s),,V1,4.755897062963831,1.378837646902251,0.2042825208041947,10
slow200-owned-v1-qps2000-n24,exec. queue. delay p95 (s),,V2,4.410238929477321,3.3517236060591715,0.6784176027006406,10
slow200-owned-v1-qps2000-n24,post-cons shed drops / sec,,V1,32.49310648148148,34.7614402168416,2.9434643826684725,10
slow200-owned-v1-qps2000-n24,post-cons shed drops / sec,,V2,9.593113716731809,13.16702856506657,0.9745889642778303,10
slow200-owned-v1-qps2000-n24,shed % quorum,,V1,37.6,7.28285658241325,2.4276188608044165,10
slow200-owned-v1-qps2000-n24,shed % quorum,,V2,25.0,7.321202087089251,2.440400695696417,10
slow200-owned-v1-qps2000-n24,shed % local,,V1,57.0,4.560701700396552,1.5202339001321838,10
slow200-owned-v1-qps2000-n24,shed % local,,V2,60.2,18.898677202386413,6.299559067462137,10
slow200-owned-v1-qps2000-n24,shed % cons-queue,,V1,0.0,0.0,0.0,10
slow200-owned-v1-qps2000-n24,shed % cons-queue,,V2,0.0,0.0,0.0,10
slow200-owned-v1-qps2000-n24,pre-cons overload rej / sec,,V1,160.49967482363314,144.19848913842748,9.194764566284007,10
slow200-owned-v1-qps2000-n24,pre-cons overload rej / sec,,V2,163.21396251141147,168.01213090579193,9.738856830034033,10
slow200-owned-v1-qps2000-n24,node CPU,,V1,4.546576197943014,0.6717414747722915,0.03476755853990463,10
slow200-owned-v1-qps2000-n24,node CPU,,V2,7.213582330571819,2.7456146047699206,0.15056777710498084,10
slow200-owned-v1-qps2000-n24,node memory RSS (bytes),,V1,803730999.3967214,74474480.40855423,2074308.6956386957,10
slow200-owned-v1-qps2000-n24,node memory RSS (bytes),,V2,942526982.7368422,123426547.86085626,5255376.766616575,10
slow200-owned-v1-qps2000-n24,overload graduated / sec,,V1,nan,nan,nan,10
slow200-owned-v1-qps2000-n24,overload graduated / sec,,V2,nan,nan,nan,10
slow200-owned-v1-qps2000-n24,overload max-pending / sec,,V1,nan,nan,nan,10
slow200-owned-v1-qps2000-n24,overload max-pending / sec,,V2,nan,nan,nan,10
slow200-owned-v1-qps2000-n24,overload semaphore / sec,,V1,159.64946194334215,141.41505939923124,8.791912476575268,10
slow200-owned-v1-qps2000-n24,overload semaphore / sec,,V2,162.6992026680802,167.92112385726756,9.665442693220049,10
slow200-owned-v1-qps2000-n24,attest. exec p50 (s),,V1,nan,nan,nan,10
slow200-owned-v1-qps2000-n24,attest. exec p50 (s),,V2,0.04327880001014989,0.049450294675483966,0.00622770476375399,10
slow200-owned-v1-qps2000-n24,attest. exec p95 (s),,V1,nan,nan,nan,10
slow200-owned-v1-qps2000-n24,attest. exec p95 (s),,V2,0.2008123377012333,0.07927643277648293,0.00894401925326199,10
slow200-owned-v1-qps2000-n24,attest. exec p99 (s),,V1,nan,nan,nan,10
slow200-owned-v1-qps2000-n24,attest. exec p99 (s),,V2,0.294852247808138,0.09442011472316154,0.010503852258242906,10
slow200-owned-v1-qps2000-n24,attest. wait p50 (s),,V1,nan,nan,nan,10
slow200-owned-v1-qps2000-n24,attest. wait p50 (s),,V2,0.09474289061692291,0.19040504860281451,0.016855462773974286,10
slow200-owned-v1-qps2000-n24,attest. wait p95 (s),,V1,nan,nan,nan,10
slow200-owned-v1-qps2000-n24,attest. wait p95 (s),,V2,1.197285802688855,0.582606939819571,0.059614904577564555,10
slow200-owned-v1-qps2000-n24,attest. wait p99 (s),,V1,nan,nan,nan,10
slow200-owned-v1-qps2000-n24,attest. wait p99 (s),,V2,2.034743352101537,0.8400165645062423,0.09661026113885306,10
slow200-owned-v1-qps2000-n24,attest. resume p50 (s),,V1,nan,nan,nan,10
slow200-owned-v1-qps2000-n24,attest. resume p50 (s),,V2,0.2597405849548695,0.4112439205328355,0.038752176407631796,10
slow200-owned-v1-qps2000-n24,attest. resume p95 (s),,V1,nan,nan,nan,10
slow200-owned-v1-qps2000-n24,attest. resume p95 (s),,V2,1.9841597926974808,1.6264310846317274,0.21539372835777465,10
slow200-owned-v1-qps2000-n24,attest. resume p99 (s),,V1,nan,nan,nan,10
slow200-owned-v1-qps2000-n24,attest. resume p99 (s),,V2,2.4823192330662076,1.7939159583650048,0.23012418113724747,10
slow200-owned-v1-qps2000-n24,num_inflight,,V1,2251.9,221.77937235009028,73.92645745003009,10
slow200-owned-v1-qps2000-n24,num_inflight,,V2,2971.0,318.20967929967185,106.0698930998906,10
slow200-owned-v1-qps2000-n24,CUs,,V1,nan,nan,nan,10
slow200-owned-v1-qps2000-n24,CUs,,V2,128000.0,1.719950768171392e-11,0.0,10
slow200-owned-v24-qps2000-n24,TPS,,V1,76.4718985180327,57.62196998823881,6.3163054302448725,10
slow200-owned-v24-qps2000-n24,TPS,,V2,87.87817065668145,58.02503336890642,4.677694173593279,10
slow200-owned-v24-qps2000-n24,attest. full p50 (s),,V1,nan,nan,nan,10
slow200-owned-v24-qps2000-n24,attest. full p50 (s),,V2,0.61654266848161,0.15178760273834466,0.016940384882315484,10
slow200-owned-v24-qps2000-n24,attest. full p95 (s),,V1,nan,nan,nan,10
slow200-owned-v24-qps2000-n24,attest. full p95 (s),,V2,2.0752263569985945,0.32369505000193327,0.03640212733731429,10
slow200-owned-v24-qps2000-n24,attest. full p99 (s),,V1,nan,nan,nan,10
slow200-owned-v24-qps2000-n24,attest. full p99 (s),,V2,2.9135278083501803,0.45164804018446786,0.04227112371997863,10
slow200-owned-v24-qps2000-n24,attest. / sec,,V1,0.0,0.0,0.0,10
slow200-owned-v24-qps2000-n24,attest. / sec,,V2,95.8555158067679,39.54973071630833,4.1756954768667605,10
slow200-owned-v24-qps2000-n24,host CPU,,V1,85.1044283345209,30.47359192672228,0.21283267661687216,10
slow200-owned-v24-qps2000-n24,host CPU,,V2,85.231161567162,30.263547753411956,0.24596447424279105,10
slow200-owned-v24-qps2000-n24,rec. → exec. p50 (s),,V1,18.985261755705768,7.59853706554012,0.20679034000982785,10
slow200-owned-v24-qps2000-n24,rec. → exec. p50 (s),,V2,22.431054809944452,10.872119487517041,0.4408987706975419,10
slow200-owned-v24-qps2000-n24,rec. → exec. p95 (s),,V1,23.839204715598893,8.44964123736104,0.23344178444040561,10
slow200-owned-v24-qps2000-n24,rec. → exec. p95 (s),,V2,35.41855468790045,18.823293392005347,0.5051806446464723,10
slow200-owned-v24-qps2000-n24,rec. → exec. p99 (s),,V1,25.699540283729903,10.480487795187269,0.6820538920139877,10
slow200-owned-v24-qps2000-n24,rec. → exec. p99 (s),,V2,38.01312209255729,20.127769966366753,0.34233931329695,10
slow200-owned-v24-qps2000-n24,pc valid. lat. p50 (s),,V1,0.021012146622047218,0.014125633344157871,0.0017607806115718793,10
slow200-owned-v24-qps2000-n24,pc valid. lat. p50 (s),,V2,0.022554792968342546,0.022729891432815685,0.002179177972810562,10
slow200-owned-v24-qps2000-n24,pc valid. lat. p95 (s),,V1,0.18749710750925652,0.13146685973002176,0.015110665847557261,10
slow200-owned-v24-qps2000-n24,pc valid. lat. p95 (s),,V2,0.18286767987683836,0.11981092815154325,0.010803984556192232,10
slow200-owned-v24-qps2000-n24,exec. lat. p95 (s),,V1,0.9762022698398111,0.055103416587800214,0.0017896633549758464,10
slow200-owned-v24-qps2000-n24,exec. lat. p95 (s),,V2,1.0536470710733825,0.16731164955625988,0.014468477399246341,10
slow200-owned-v24-qps2000-n24,valid. drop. / sec,,V1,0.0,0.0,0.0,10
slow200-owned-v24-qps2000-n24,valid. drop. / sec,,V2,0.0,0.0,0.0,10
slow200-owned-v24-qps2000-n24,final. lat. p50 (s),,V1,nan,nan,nan,10
slow200-owned-v24-qps2000-n24,final. lat. p50 (s),,V2,nan,nan,nan,10
slow200-owned-v24-qps2000-n24,final. lat. p95 (s),,V1,nan,nan,nan,10
slow200-owned-v24-qps2000-n24,final. lat. p95 (s),,V2,nan,nan,nan,10
slow200-owned-v24-qps2000-n24,final. lat. p99 (s),,V1,nan,nan,nan,10
slow200-owned-v24-qps2000-n24,final. lat. p99 (s),,V2,nan,nan,nan,10
slow200-owned-v24-qps2000-n24,submit lat. p50 (s),,V1,nan,nan,nan,10
slow200-owned-v24-qps2000-n24,submit lat. p50 (s),,V2,nan,nan,nan,10
slow200-owned-v24-qps2000-n24,submit lat. p95 (s),,V1,nan,nan,nan,10
slow200-owned-v24-qps2000-n24,submit lat. p95 (s),,V2,nan,nan,nan,10
slow200-owned-v24-qps2000-n24,ckpt lag p50 (s),,V1,24.18895873514794,14.8724638977336,2.3289384723680198,10
slow200-owned-v24-qps2000-n24,ckpt lag p50 (s),,V2,18.56742033417207,11.405924550581547,1.0958223421125104,10
slow200-owned-v24-qps2000-n24,ckpt lag p95 (s),,V1,36.194338988000865,21.56435726393284,2.561025030276717,10
slow200-owned-v24-qps2000-n24,ckpt lag p95 (s),,V2,32.67420357908553,20.463962241089305,0.5518977205074204,10
slow200-owned-v24-qps2000-n24,ckpt lag p99 (s),,V1,38.6433588020829,22.486087092561913,2.7549848029053625,10
slow200-owned-v24-qps2000-n24,ckpt lag p99 (s),,V2,36.20017757279548,21.95262937513422,0.3350947525047285,10
slow200-owned-v24-qps2000-n24,exec. dispatch queue,,V1,3654.8,248.45836673374475,82.81945557791491,10
slow200-owned-v24-qps2000-n24,exec. dispatch queue,,V2,3266.1,368.3122180976352,122.7707393658784,10
slow200-owned-v24-qps2000-n24,pending txs,,V1,65.5,6.103277807866851,2.034425935955617,10
slow200-owned-v24-qps2000-n24,pending txs,,V2,161.9,180.2550692768445,60.08502309228149,10
slow200-owned-v24-qps2000-n24,exec. queue. delay p95 (s),,V1,15.854895081235215,6.736306438270233,0.387125816652643,10
slow200-owned-v24-qps2000-n24,exec. queue. delay p95 (s),,V2,16.00580178782773,8.840239665165617,0.7826258924133576,10
slow200-owned-v24-qps2000-n24,post-cons shed drops / sec,,V1,23.399888703394545,37.829457117275886,5.25259195516203,10
slow200-owned-v24-qps2000-n24,post-cons shed drops / sec,,V2,26.500389538119087,41.759181595975384,5.441989069386986,10
slow200-owned-v24-qps2000-n24,shed % quorum,,V1,60.8,9.724196624914574,3.241398874971525,10
slow200-owned-v24-qps2000-n24,shed % quorum,,V2,62.4,8.46404158779953,2.821347195933177,10
slow200-owned-v24-qps2000-n24,shed % local,,V1,84.4,6.931089380465383,2.310363126821794,10
slow200-owned-v24-qps2000-n24,shed % local,,V2,85.9,5.5578772926361015,1.8526257642120338,10
slow200-owned-v24-qps2000-n24,shed % cons-queue,,V1,0.0,0.0,0.0,10
slow200-owned-v24-qps2000-n24,shed % cons-queue,,V2,0.0,0.0,0.0,10
slow200-owned-v24-qps2000-n24,pre-cons overload rej / sec,,V1,nan,nan,nan,10
slow200-owned-v24-qps2000-n24,pre-cons overload rej / sec,,V2,nan,nan,nan,10
slow200-owned-v24-qps2000-n24,node CPU,,V1,4.91993812926571,0.789001708330051,0.028347454668642816,10
slow200-owned-v24-qps2000-n24,node CPU,,V2,5.000799605151597,0.7851039244021929,0.03276310012295038,10
slow200-owned-v24-qps2000-n24,node memory RSS (bytes),,V1,808222886.504065,74798044.93131955,5945897.05612429,10
slow200-owned-v24-qps2000-n24,node memory RSS (bytes),,V2,873782491.4285715,86833434.88859989,2797034.6623639665,10
slow200-owned-v24-qps2000-n24,overload graduated / sec,,V1,nan,nan,nan,10
slow200-owned-v24-qps2000-n24,overload graduated / sec,,V2,nan,nan,nan,10
slow200-owned-v24-qps2000-n24,overload max-pending / sec,,V1,nan,nan,nan,10
slow200-owned-v24-qps2000-n24,overload max-pending / sec,,V2,nan,nan,nan,10
slow200-owned-v24-qps2000-n24,overload semaphore / sec,,V1,nan,nan,nan,10
slow200-owned-v24-qps2000-n24,overload semaphore / sec,,V2,nan,nan,nan,10
slow200-owned-v24-qps2000-n24,attest. exec p50 (s),,V1,nan,nan,nan,10
slow200-owned-v24-qps2000-n24,attest. exec p50 (s),,V2,0.17611023587095628,0.04427296642208961,0.002481337197018489,10
slow200-owned-v24-qps2000-n24,attest. exec p95 (s),,V1,nan,nan,nan,10
slow200-owned-v24-qps2000-n24,attest. exec p95 (s),,V2,0.43079833892412805,0.09135806297342337,0.005759265640201329,10
slow200-owned-v24-qps2000-n24,attest. exec p99 (s),,V1,nan,nan,nan,10
slow200-owned-v24-qps2000-n24,attest. exec p99 (s),,V2,0.5883595231674125,0.09662912769461042,0.005643886344021826,10
slow200-owned-v24-qps2000-n24,attest. wait p50 (s),,V1,nan,nan,nan,10
slow200-owned-v24-qps2000-n24,attest. wait p50 (s),,V2,0.22021283321951843,0.20833646268581224,0.013046928454409117,10
slow200-owned-v24-qps2000-n24,attest. wait p95 (s),,V1,nan,nan,nan,10
slow200-owned-v24-qps2000-n24,attest. wait p95 (s),,V2,1.6274732276638009,0.27585259899265274,0.0439727775822465,10
slow200-owned-v24-qps2000-n24,attest. wait p99 (s),,V1,nan,nan,nan,10
slow200-owned-v24-qps2000-n24,attest. wait p99 (s),,V2,2.5003121114536215,0.38181026622067216,0.050397188602283545,10
slow200-owned-v24-qps2000-n24,attest. resume p50 (s),,V1,nan,nan,nan,10
slow200-owned-v24-qps2000-n24,attest. resume p50 (s),,V2,0.015796208415023976,0.013294191557301369,0.001340948252872866,10
slow200-owned-v24-qps2000-n24,attest. resume p95 (s),,V1,nan,nan,nan,10
slow200-owned-v24-qps2000-n24,attest. resume p95 (s),,V2,0.7135124762062279,0.3366480473443215,0.035609061866969126,10
slow200-owned-v24-qps2000-n24,attest. resume p99 (s),,V1,nan,nan,nan,10
slow200-owned-v24-qps2000-n24,attest. resume p99 (s),,V2,1.2280845245206484,0.5363312235990583,0.058347328121897434,10
slow200-owned-v24-qps2000-n24,num_inflight,,V1,703.3,108.20078557940326,36.06692852646775,10
slow200-owned-v24-qps2000-n24,num_inflight,,V2,738.0,100.32646709617558,33.44215569872519,10
slow200-owned-v24-qps2000-n24,CUs,,V1,nan,nan,nan,10
slow200-owned-v24-qps2000-n24,CUs,,V2,128000.0,1.6353799294123935e-11,0.0,10
slow500-owned-f1-qps200-n24,TPS,,V1,24.998826148455798,14.140905940407004,0.240691220390829,10
slow500-owned-f1-qps200-n24,TPS,,V2,25.044751195092985,12.741377547001305,0.4392137252345929,10
slow500-owned-f1-qps200-n24,attest. full p50 (s),,V1,nan,nan,nan,10
slow500-owned-f1-qps200-n24,attest. full p50 (s),,V2,2.7673716099938823,0.8677723442597509,0.06608808246517586,10
slow500-owned-f1-qps200-n24,attest. full p95 (s),,V1,nan,nan,nan,10
slow500-owned-f1-qps200-n24,attest. full p95 (s),,V2,4.096421021699121,0.7359517984356329,0.07259739091590281,10
slow500-owned-f1-qps200-n24,attest. full p99 (s),,V1,nan,nan,nan,10
slow500-owned-f1-qps200-n24,attest. full p99 (s),,V2,4.5334909854751215,0.8198416443616693,0.09312104803537058,10
slow500-owned-f1-qps200-n24,attest. / sec,,V1,0.0,0.0,0.0,10
slow500-owned-f1-qps200-n24,attest. / sec,,V2,4.94409705058494,3.1974086950583627,0.11152687364473016,10
slow500-owned-f1-qps200-n24,host CPU,,V1,84.88775898046666,30.660111886789696,0.24971589566459312,10
slow500-owned-f1-qps200-n24,host CPU,,V2,84.60706010989861,31.019566710760078,0.3231309850871103,10
slow500-owned-f1-qps200-n24,rec. → exec. p50 (s),,V1,8.600272777747742,4.328847698097177,0.5523094315897985,10
slow500-owned-f1-qps200-n24,rec. → exec. p50 (s),,V2,11.060727184718106,3.651777831261607,0.35721324469147875,10
slow500-owned-f1-qps200-n24,rec. → exec. p95 (s),,V1,11.511181607238472,6.4095358202752495,0.8818116973961958,10
slow500-owned-f1-qps200-n24,rec. → exec. p95 (s),,V2,15.824263334662822,5.494776475816415,0.6937066555192775,10
slow500-owned-f1-qps200-n24,rec. → exec. p99 (s),,V1,12.135823434766372,6.677609782061672,0.9330570313235184,10
slow500-owned-f1-qps200-n24,rec. → exec. p99 (s),,V2,16.690239088474538,5.623436778495427,0.6915029679200152,10
slow500-owned-f1-qps200-n24,pc valid. lat. p50 (s),,V1,0.0018557411630978056,0.00540304694002736,0.0004156385562736845,10
slow500-owned-f1-qps200-n24,pc valid. lat. p50 (s),,V2,0.0003397083258669459,8.894843630456372e-05,9.229885064602275e-06,10
slow500-owned-f1-qps200-n24,pc valid. lat. p95 (s),,V1,0.033756420218292775,0.038723075481441334,0.002465242339232741,10
slow500-owned-f1-qps200-n24,pc valid. lat. p95 (s),,V2,0.01905822040444623,0.01715700461564049,0.0015873372373025416,10
slow500-owned-f1-qps200-n24,exec. lat. p95 (s),,V1,3.8831132454242003,0.5629333265122045,0.049311376387989776,10
slow500-owned-f1-qps200-n24,exec. lat. p95 (s),,V2,3.742023307370147,0.6136846757977489,0.06752948124520261,10
slow500-owned-f1-qps200-n24,valid. drop. / sec,,V1,0.0,0.0,0.0,10
slow500-owned-f1-qps200-n24,valid. drop. / sec,,V2,0.0,0.0,0.0,10
slow500-owned-f1-qps200-n24,final. lat. p50 (s),,V1,6.145437675367729,2.7306210001566855,0.17041959664477863,10
slow500-owned-f1-qps200-n24,final. lat. p50 (s),,V2,7.724351152117375,3.158369001324832,0.26007358916288387,10
slow500-owned-f1-qps200-n24,final. lat. p95 (s),,V1,9.080896654325255,4.056140074171799,0.39933202564429515,10
slow500-owned-f1-qps200-n24,final. lat. p95 (s),,V2,11.755233095571754,4.710273483144288,0.3538366689011334,10
slow500-owned-f1-qps200-n24,final. lat. p99 (s),,V1,10.114620354864241,4.691551654764858,0.6017344163499627,10
slow500-owned-f1-qps200-n24,final. lat. p99 (s),,V2,13.17109490499764,5.101454549483128,0.42597126495302445,10
slow500-owned-f1-qps200-n24,submit lat. p50 (s),,V1,0.320896651316293,0.44977703999641794,0.03358105525773827,10
slow500-owned-f1-qps200-n24,submit lat. p50 (s),,V2,2.8752110210986093,0.9213244625470008,0.08143257101763589,10
slow500-owned-f1-qps200-n24,submit lat. p95 (s),,V1,1.2558119919327364,1.0810481572091388,0.10961210639690903,10
slow500-owned-f1-qps200-n24,submit lat. p95 (s),,V2,4.645788989898667,1.1189390184337586,0.09539283331255013,10
slow500-owned-f1-qps200-n24,ckpt lag p50 (s),,V1,8.116311442033268,3.3976859317370995,0.2743836126849648,10
slow500-owned-f1-qps200-n24,ckpt lag p50 (s),,V2,6.959288438625821,3.5185929323607215,0.36062934217957987,10
slow500-owned-f1-qps200-n24,ckpt lag p95 (s),,V1,13.98302702914196,4.090149247484373,0.19959426581701106,10
slow500-owned-f1-qps200-n24,ckpt lag p95 (s),,V2,13.373253595539031,5.208090659199903,0.3319019862689714,10
slow500-owned-f1-qps200-n24,ckpt lag p99 (s),,V1,16.05103941714128,4.806669130734332,0.25609517924491954,10
slow500-owned-f1-qps200-n24,ckpt lag p99 (s),,V2,16.24879612954499,6.788154270557706,0.6764192875855611,10
slow500-owned-f1-qps200-n24,exec. dispatch queue,,V1,141.4,55.728269307417044,18.57608976913901,10
slow500-owned-f1-qps200-n24,exec. dispatch queue,,V2,130.2,37.39732610762432,12.465775369208108,10
slow500-owned-f1-qps200-n24,pending txs,,V1,6.4,2.727636339397171,0.9092121131323903,10
slow500-owned-f1-qps200-n24,pending txs,,V2,10.3,5.348831648126533,1.782943882708844,10
slow500-owned-f1-qps200-n24,exec. queue. delay p95 (s),,V1,0.5239098837209302,0.29828801102054225,0.09218167394399915,10
slow500-owned-f1-qps200-n24,exec. queue. delay p95 (s),,V2,0.3561029411764706,0.18336498396447087,0.05523872148648521,10
slow500-owned-f1-qps200-n24,post-cons shed drops / sec,,V1,0.0,0.0,0.0,10
slow500-owned-f1-qps200-n24,post-cons shed drops / sec,,V2,0.0,0.0,0.0,10
slow500-owned-f1-qps200-n24,shed % quorum,,V1,0.0,0.0,0.0,10
slow500-owned-f1-qps200-n24,shed % quorum,,V2,0.0,0.0,0.0,10
slow500-owned-f1-qps200-n24,shed % local,,V1,0.0,0.0,0.0,10
slow500-owned-f1-qps200-n24,shed % local,,V2,0.0,0.0,0.0,10
slow500-owned-f1-qps200-n24,shed % cons-queue,,V1,0.0,0.0,0.0,10
slow500-owned-f1-qps200-n24,shed % cons-queue,,V2,0.0,0.0,0.0,10
slow500-owned-f1-qps200-n24,pre-cons overload rej / sec,,V1,nan,nan,nan,10
slow500-owned-f1-qps200-n24,pre-cons overload rej / sec,,V2,nan,nan,nan,10
slow500-owned-f1-qps200-n24,node CPU,,V1,4.344080793331315,0.68082466246093,0.014633575782484629,10
slow500-owned-f1-qps200-n24,node CPU,,V2,4.430666291012241,0.6994984810611954,0.012967683645520593,10
slow500-owned-f1-qps200-n24,node memory RSS (bytes),,V1,693433477.2602739,45106783.07656216,3278297.8647412425,10
slow500-owned-f1-qps200-n24,node memory RSS (bytes),,V2,715909249.0902896,40452822.88294204,4840025.1111427685,10
slow500-owned-f1-qps200-n24,overload graduated / sec,,V1,nan,nan,nan,10
slow500-owned-f1-qps200-n24,overload graduated / sec,,V2,nan,nan,nan,10
slow500-owned-f1-qps200-n24,overload max-pending / sec,,V1,nan,nan,nan,10
slow500-owned-f1-qps200-n24,overload max-pending / sec,,V2,nan,nan,nan,10
slow500-owned-f1-qps200-n24,overload semaphore / sec,,V1,nan,nan,nan,10
slow500-owned-f1-qps200-n24,overload semaphore / sec,,V2,nan,nan,nan,10
slow500-owned-f1-qps200-n24,attest. exec p50 (s),,V1,nan,nan,nan,10
slow500-owned-f1-qps200-n24,attest. exec p50 (s),,V2,2.6932348867861786,0.82628840068776,0.06618899044450353,10
slow500-owned-f1-qps200-n24,attest. exec p95 (s),,V1,nan,nan,nan,10
slow500-owned-f1-qps200-n24,attest. exec p95 (s),,V2,3.943376832201549,0.6092018488109118,0.0649734786520923,10
slow500-owned-f1-qps200-n24,attest. exec p99 (s),,V1,nan,nan,nan,10
slow500-owned-f1-qps200-n24,attest. exec p99 (s),,V2,4.298949090179375,0.6003577590122356,0.07408939603440333,10
slow500-owned-f1-qps200-n24,attest. wait p50 (s),,V1,nan,nan,nan,10
slow500-owned-f1-qps200-n24,attest. wait p50 (s),,V2,0.017936719048850327,0.02006851877077082,0.0018207690649899423,10
slow500-owned-f1-qps200-n24,attest. wait p95 (s),,V1,nan,nan,nan,10
slow500-owned-f1-qps200-n24,attest. wait p95 (s),,V2,0.15224755836379852,0.1376085696766185,0.016667582384195093,10
slow500-owned-f1-qps200-n24,attest. wait p99 (s),,V1,nan,nan,nan,10
slow500-owned-f1-qps200-n24,attest. wait p99 (s),,V2,0.27328388935426967,0.31011748217569796,0.03623632967925505,10
slow500-owned-f1-qps200-n24,attest. resume p50 (s),,V1,nan,nan,nan,10
slow500-owned-f1-qps200-n24,attest. resume p50 (s),,V2,0.004584975896272815,0.007232924629933324,0.0002794719527009932,10
slow500-owned-f1-qps200-n24,attest. resume p95 (s),,V1,nan,nan,nan,10
slow500-owned-f1-qps200-n24,attest. resume p95 (s),,V2,0.09272908789329977,0.16098611652993905,0.012447204620087257,10
slow500-owned-f1-qps200-n24,attest. resume p99 (s),,V1,nan,nan,nan,10
slow500-owned-f1-qps200-n24,attest. resume p99 (s),,V2,0.295753867643622,0.40128366683507616,0.043945682959804444,10
slow500-owned-f1-qps200-n24,num_inflight,,V1,49.9,7.7,2.5666666666666664,10
slow500-owned-f1-qps200-n24,num_inflight,,V2,49.4,4.2708313008125245,1.4236104336041748,10
slow500-owned-f1-qps200-n24,CUs,,V1,nan,nan,nan,10
slow500-owned-f1-qps200-n24,CUs,,V2,1372000.0,1.8543545526722817e-10,0.0,10
slow500-owned-v1-qps200-n24,TPS,,V1,18.070351588645103,10.031225217811276,0.9601867428450619,10
slow500-owned-v1-qps200-n24,TPS,,V2,25.867745110623513,18.322780648013335,1.325311497383631,10
slow500-owned-v1-qps200-n24,attest. full p50 (s),,V1,nan,nan,nan,10
slow500-owned-v1-qps200-n24,attest. full p50 (s),,V2,1.4811428020289505,1.9430737722029923,0.10574848607386526,10
slow500-owned-v1-qps200-n24,attest. full p95 (s),,V1,nan,nan,nan,10
slow500-owned-v1-qps200-n24,attest. full p95 (s),,V2,4.744658699809851,2.7483794254771743,0.2953562483980401,10
slow500-owned-v1-qps200-n24,attest. full p99 (s),,V1,nan,nan,nan,10
slow500-owned-v1-qps200-n24,attest. full p99 (s),,V2,5.872694033718468,3.282638630287676,0.3755361767710877,10
slow500-owned-v1-qps200-n24,attest. / sec,,V1,0.0,0.0,0.0,10
slow500-owned-v1-qps200-n24,attest. / sec,,V2,60.49008285826068,55.90508044407011,6.01927611033273,10
slow500-owned-v1-qps200-n24,host CPU,,V1,84.44624972718718,31.23702424014228,0.23174939962405072,10
slow500-owned-v1-qps200-n24,host CPU,,V2,75.78235721726307,30.467134634094126,1.7892530642024236,10
slow500-owned-v1-qps200-n24,rec. → exec. p50 (s),,V1,12.22323136899319,3.1592891267690404,0.19228795042061037,10
slow500-owned-v1-qps200-n24,rec. → exec. p50 (s),,V2,15.155782414073233,5.598783205021381,0.5272841059276929,10
slow500-owned-v1-qps200-n24,rec. → exec. p95 (s),,V1,17.912120494767677,3.750521694521604,0.05464120818181673,10
slow500-owned-v1-qps200-n24,rec. → exec. p95 (s),,V2,23.801351279966145,11.110409926825655,1.0478679772813912,10
slow500-owned-v1-qps200-n24,rec. → exec. p99 (s),,V1,18.575747599358397,3.6942129462882094,0.04340469910649313,10
slow500-owned-v1-qps200-n24,rec. → exec. p99 (s),,V2,26.116516846088903,12.71770572509774,1.2359238508159487,10
slow500-owned-v1-qps200-n24,pc valid. lat. p50 (s),,V1,0.002167764318976531,0.003254239669040371,0.00022517922079259717,10
slow500-owned-v1-qps200-n24,pc valid. lat. p50 (s),,V2,0.000325828450409318,0.0003224906448567252,1.8588072759845138e-05,10
slow500-owned-v1-qps200-n24,pc valid. lat. p95 (s),,V1,0.08183408136767009,0.025031598746068844,0.0019021679262297957,10
slow500-owned-v1-qps200-n24,pc valid. lat. p95 (s),,V2,0.013095036745277707,0.02408147409640824,0.0012678640947229867,10
slow500-owned-v1-qps200-n24,exec. lat. p95 (s),,V1,4.343686287622938,0.22030678753074184,0.014710056773741854,10
slow500-owned-v1-qps200-n24,exec. lat. p95 (s),,V2,3.5263544635716406,0.9617921415742328,0.12553611560250988,10
slow500-owned-v1-qps200-n24,valid. drop. / sec,,V1,0.0,0.0,0.0,10
slow500-owned-v1-qps200-n24,valid. drop. / sec,,V2,0.0,0.0,0.0,10
slow500-owned-v1-qps200-n24,final. lat. p50 (s),,V1,nan,nan,nan,10
slow500-owned-v1-qps200-n24,final. lat. p50 (s),,V2,nan,nan,nan,10
slow500-owned-v1-qps200-n24,final. lat. p95 (s),,V1,nan,nan,nan,10
slow500-owned-v1-qps200-n24,final. lat. p95 (s),,V2,nan,nan,nan,10
slow500-owned-v1-qps200-n24,final. lat. p99 (s),,V1,nan,nan,nan,10
slow500-owned-v1-qps200-n24,final. lat. p99 (s),,V2,nan,nan,nan,10
slow500-owned-v1-qps200-n24,submit lat. p50 (s),,V1,nan,nan,nan,10
slow500-owned-v1-qps200-n24,submit lat. p50 (s),,V2,nan,nan,nan,10
slow500-owned-v1-qps200-n24,submit lat. p95 (s),,V1,nan,nan,nan,10
slow500-owned-v1-qps200-n24,submit lat. p95 (s),,V2,nan,nan,nan,10
slow500-owned-v1-qps200-n24,ckpt lag p50 (s),,V1,15.884464762851682,7.223579755360672,0.8099650571638629,10
slow500-owned-v1-qps200-n24,ckpt lag p50 (s),,V2,3.9920938795705903,6.4102368188145995,1.8680597404447075,10
slow500-owned-v1-qps200-n24,ckpt lag p95 (s),,V1,29.994630415524078,17.024627280280804,1.008142670504735,10
slow500-owned-v1-qps200-n24,ckpt lag p95 (s),,V2,10.045966342946926,9.609370335663039,2.802867067673974,10
slow500-owned-v1-qps200-n24,ckpt lag p99 (s),,V1,35.22246022796462,19.946024180184686,0.6137237362200921,10
slow500-owned-v1-qps200-n24,ckpt lag p99 (s),,V2,12.51598054051428,9.816182961838653,2.8480106965582785,10
slow500-owned-v1-qps200-n24,exec. dispatch queue,,V1,261.4,46.091647833419884,15.363882611139962,10
slow500-owned-v1-qps200-n24,exec. dispatch queue,,V2,251.3,66.39585830456596,22.13195276818865,10
slow500-owned-v1-qps200-n24,pending txs,,V1,11.2,3.9949968710876362,1.3316656236958784,10
slow500-owned-v1-qps200-n24,pending txs,,V2,15.3,11.790250209389114,3.9300834031297045,10
slow500-owned-v1-qps200-n24,exec. queue. delay p95 (s),,V1,2.1428562819755994,0.45305708043525816,0.13343215291838775,10
slow500-owned-v1-qps200-n24,exec. queue. delay p95 (s),,V2,1.2765998353498353,0.7027545939460823,0.21807273737839697,10
slow500-owned-v1-qps200-n24,post-cons shed drops / sec,,V1,0.0,0.0,0.0,10
slow500-owned-v1-qps200-n24,post-cons shed drops / sec,,V2,0.0,0.0,0.0,10
slow500-owned-v1-qps200-n24,shed % quorum,,V1,0.0,0.0,0.0,10
slow500-owned-v1-qps200-n24,shed % quorum,,V2,0.0,0.0,0.0,10
slow500-owned-v1-qps200-n24,shed % local,,V1,24.3,13.11525828948862,4.371752763162873,10
slow500-owned-v1-qps200-n24,shed % local,,V2,7.7,13.054118124178286,4.3513727080594276,10
slow500-owned-v1-qps200-n24,shed % cons-queue,,V1,0.0,0.0,0.0,10
slow500-owned-v1-qps200-n24,shed % cons-queue,,V2,0.0,0.0,0.0,10
slow500-owned-v1-qps200-n24,pre-cons overload rej / sec,,V1,nan,nan,nan,10
slow500-owned-v1-qps200-n24,pre-cons overload rej / sec,,V2,nan,nan,nan,10
slow500-owned-v1-qps200-n24,node CPU,,V1,4.405298526224627,0.6569075987466643,0.017899662113794255,10
slow500-owned-v1-qps200-n24,node CPU,,V2,8.308226317100374,4.493637067752352,0.2820010430116291,10
slow500-owned-v1-qps200-n24,node memory RSS (bytes),,V1,658721830.443686,24664833.69781931,2662289.998773103,10
slow500-owned-v1-qps200-n24,node memory RSS (bytes),,V2,850665625.2517006,86600685.64309503,8846145.928265905,10
slow500-owned-v1-qps200-n24,overload graduated / sec,,V1,nan,nan,nan,10
slow500-owned-v1-qps200-n24,overload graduated / sec,,V2,nan,nan,nan,10
slow500-owned-v1-qps200-n24,overload max-pending / sec,,V1,nan,nan,nan,10
slow500-owned-v1-qps200-n24,overload max-pending / sec,,V2,nan,nan,nan,10
slow500-owned-v1-qps200-n24,overload semaphore / sec,,V1,nan,nan,nan,10
slow500-owned-v1-qps200-n24,overload semaphore / sec,,V2,nan,nan,nan,10
slow500-owned-v1-qps200-n24,attest. exec p50 (s),,V1,nan,nan,nan,10
slow500-owned-v1-qps200-n24,attest. exec p50 (s),,V2,1.0683516588582085,1.5666964805056032,0.10038487724475574,10
slow500-owned-v1-qps200-n24,attest. exec p95 (s),,V1,nan,nan,nan,10
slow500-owned-v1-qps200-n24,attest. exec p95 (s),,V2,3.413738528603326,1.8424260428838681,0.1912910869742529,10
slow500-owned-v1-qps200-n24,attest. exec p99 (s),,V1,nan,nan,nan,10
slow500-owned-v1-qps200-n24,attest. exec p99 (s),,V2,4.147244285139677,1.8202199818625837,0.2021700176048165,10
slow500-owned-v1-qps200-n24,attest. wait p50 (s),,V1,nan,nan,nan,10
slow500-owned-v1-qps200-n24,attest. wait p50 (s),,V2,0.43898646000054903,0.7546411434097099,0.0679020439466161,10
slow500-owned-v1-qps200-n24,attest. wait p95 (s),,V1,nan,nan,nan,10
slow500-owned-v1-qps200-n24,attest. wait p95 (s),,V2,2.3235008031563487,1.743561461744044,0.22483293221519973,10
slow500-owned-v1-qps200-n24,attest. wait p99 (s),,V1,nan,nan,nan,10
slow500-owned-v1-qps200-n24,attest. wait p99 (s),,V2,3.222216116423518,2.2619455845059413,0.32246654501557787,10
slow500-owned-v1-qps200-n24,attest. resume p50 (s),,V1,nan,nan,nan,10
slow500-owned-v1-qps200-n24,attest. resume p50 (s),,V2,0.04034812301142097,0.2925622766306937,0.01700593180555685,10
slow500-owned-v1-qps200-n24,attest. resume p95 (s),,V1,nan,nan,nan,10
slow500-owned-v1-qps200-n24,attest. resume p95 (s),,V2,0.42614015841351544,0.9698902867470465,0.12182250905808925,10
slow500-owned-v1-qps200-n24,attest. resume p99 (s),,V1,nan,nan,nan,10
slow500-owned-v1-qps200-n24,attest. resume p99 (s),,V2,0.837644757339922,1.5630268878597164,0.22448674038297592,10
slow500-owned-v1-qps200-n24,num_inflight,,V1,361.3,41.69424420708451,13.898081402361502,10
slow500-owned-v1-qps200-n24,num_inflight,,V2,706.0,212.96290756843078,70.9876358561436,10
slow500-owned-v1-qps200-n24,CUs,,V1,nan,nan,nan,10
slow500-owned-v1-qps200-n24,CUs,,V2,1372000.0,1.854235873104386e-10,0.0,10
slow500-owned-v24-qps200-n24,TPS,,V1,16.027216884804602,7.65022120958387,0.837285544173351,10
slow500-owned-v24-qps200-n24,TPS,,V2,18.710749686772647,7.516747425017329,0.6150592203456012,10
slow500-owned-v24-qps200-n24,attest. full p50 (s),,V1,nan,nan,nan,10
slow500-owned-v24-qps200-n24,attest. full p50 (s),,V2,3.4957564732940987,0.6287691437880488,0.06852295361196424,10
slow500-owned-v24-qps200-n24,attest. full p95 (s),,V1,nan,nan,nan,10
slow500-owned-v24-qps200-n24,attest. full p95 (s),,V2,5.211731238179487,0.8447828266874592,0.047934172945785884,10
slow500-owned-v24-qps200-n24,attest. full p99 (s),,V1,nan,nan,nan,10
slow500-owned-v24-qps200-n24,attest. full p99 (s),,V2,5.834804967874584,0.9839198405223292,0.07876612489504255,10
slow500-owned-v24-qps200-n24,attest. / sec,,V1,0.0,0.0,0.0,10
slow500-owned-v24-qps200-n24,attest. / sec,,V2,7.931061874075935,3.792655550552516,0.15357057968501364,10
slow500-owned-v24-qps200-n24,host CPU,,V1,84.48361746031489,31.248921094371873,0.23513899070190636,10
slow500-owned-v24-qps200-n24,host CPU,,V2,84.60894179687375,31.06042257424755,0.2414581550513326,10
slow500-owned-v24-qps200-n24,rec. → exec. p50 (s),,V1,14.696814068033094,5.401715417652151,0.6170542273113425,10
slow500-owned-v24-qps200-n24,rec. → exec. p50 (s),,V2,14.475845453078495,4.194488373247478,0.2595777357836401,10
slow500-owned-v24-qps200-n24,rec. → exec. p95 (s),,V1,20.504620148550387,7.990532553949649,1.1928627879527742,10
slow500-owned-v24-qps200-n24,rec. → exec. p95 (s),,V2,22.219582606268073,7.5330116307991855,0.679263374818374,10
slow500-owned-v24-qps200-n24,rec. → exec. p99 (s),,V1,21.527678621475793,8.583498040346125,1.3039524781865264,10
slow500-owned-v24-qps200-n24,rec. → exec. p99 (s),,V2,24.839223096581723,8.332094655126829,0.733999986157264,10
slow500-owned-v24-qps200-n24,pc valid. lat. p50 (s),,V1,0.0035269788421004207,0.004156194927077065,0.00048541531922365413,10
slow500-owned-v24-qps200-n24,pc valid. lat. p50 (s),,V2,0.0006762768141544666,0.00031013666961678045,2.899772936794857e-05,10
slow500-owned-v24-qps200-n24,pc valid. lat. p95 (s),,V1,0.08136895921894742,0.022982976469511866,0.0034105285054285145,10
slow500-owned-v24-qps200-n24,pc valid. lat. p95 (s),,V2,0.054260058313606196,0.018130768070150627,0.0013702584129700083,10
slow500-owned-v24-qps200-n24,exec. lat. p95 (s),,V1,4.363137474621407,0.21943078993303944,0.025211110401680635,10
slow500-owned-v24-qps200-n24,exec. lat. p95 (s),,V2,4.443371076138828,0.44984773099244435,0.01020494658327354,10
slow500-owned-v24-qps200-n24,valid. drop. / sec,,V1,0.0,0.0,0.0,10
slow500-owned-v24-qps200-n24,valid. drop. / sec,,V2,0.0,0.0,0.0,10
slow500-owned-v24-qps200-n24,final. lat. p50 (s),,V1,nan,nan,nan,10
slow500-owned-v24-qps200-n24,final. lat. p50 (s),,V2,nan,nan,nan,10
slow500-owned-v24-qps200-n24,final. lat. p95 (s),,V1,nan,nan,nan,10
slow500-owned-v24-qps200-n24,final. lat. p95 (s),,V2,nan,nan,nan,10
slow500-owned-v24-qps200-n24,final. lat. p99 (s),,V1,nan,nan,nan,10
slow500-owned-v24-qps200-n24,final. lat. p99 (s),,V2,nan,nan,nan,10
slow500-owned-v24-qps200-n24,submit lat. p50 (s),,V1,nan,nan,nan,10
slow500-owned-v24-qps200-n24,submit lat. p50 (s),,V2,nan,nan,nan,10
slow500-owned-v24-qps200-n24,submit lat. p95 (s),,V1,nan,nan,nan,10
slow500-owned-v24-qps200-n24,submit lat. p95 (s),,V2,nan,nan,nan,10
slow500-owned-v24-qps200-n24,ckpt lag p50 (s),,V1,16.407189050835086,7.7083068250525795,0.7360100082250646,10
slow500-owned-v24-qps200-n24,ckpt lag p50 (s),,V2,11.415281743214628,5.354174823719749,0.4073544910453708,10
slow500-owned-v24-qps200-n24,ckpt lag p95 (s),,V1,31.081201626907212,17.92745941285523,1.2453906111371518,10
slow500-owned-v24-qps200-n24,ckpt lag p95 (s),,V2,24.34817148198505,14.210878971350608,1.254668715403166,10
slow500-owned-v24-qps200-n24,ckpt lag p99 (s),,V1,35.63421942717593,20.307640849777616,0.9643738811151368,10
slow500-owned-v24-qps200-n24,ckpt lag p99 (s),,V2,30.45259370279681,18.66617682257115,1.227081570062829,10
slow500-owned-v24-qps200-n24,exec. dispatch queue,,V1,240.1,24.349332639725468,8.116444213241822,10
slow500-owned-v24-qps200-n24,exec. dispatch queue,,V2,192.9,43.17510856963767,14.391702856545889,10
slow500-owned-v24-qps200-n24,pending txs,,V1,10.0,1.61245154965971,0.5374838498865699,10
slow500-owned-v24-qps200-n24,pending txs,,V2,12.0,3.40587727318528,1.1352924243950933,10
slow500-owned-v24-qps200-n24,exec. queue. delay p95 (s),,V1,1.915387834821428,0.24512527801091702,0.05846863622737027,10
slow500-owned-v24-qps200-n24,exec. queue. delay p95 (s),,V2,0.9448914565826327,0.36823960928356225,0.07789266892394187,10
slow500-owned-v24-qps200-n24,post-cons shed drops / sec,,V1,0.0,0.0,0.0,10
slow500-owned-v24-qps200-n24,post-cons shed drops / sec,,V2,0.0,0.0,0.0,10
slow500-owned-v24-qps200-n24,shed % quorum,,V1,0.0,0.0,0.0,10
slow500-owned-v24-qps200-n24,shed % quorum,,V2,0.0,0.0,0.0,10
slow500-owned-v24-qps200-n24,shed % local,,V1,20.6,11.612062693595828,3.8706875645319423,10
slow500-owned-v24-qps200-n24,shed % local,,V2,0.7,2.1,0.7,10
slow500-owned-v24-qps200-n24,shed % cons-queue,,V1,0.0,0.0,0.0,10
slow500-owned-v24-qps200-n24,shed % cons-queue,,V2,0.0,0.0,0.0,10
slow500-owned-v24-qps200-n24,pre-cons overload rej / sec,,V1,nan,nan,nan,10
slow500-owned-v24-qps200-n24,pre-cons overload rej / sec,,V2,nan,nan,nan,10
slow500-owned-v24-qps200-n24,node CPU,,V1,4.384687007752414,0.7216599277329844,0.01788796976423153,10
slow500-owned-v24-qps200-n24,node CPU,,V2,4.434249585865652,0.7133794532553192,0.016676676416560104,10
slow500-owned-v24-qps200-n24,node memory RSS (bytes),,V1,654453923.1457627,24598086.299301255,2786369.6160752606,10
slow500-owned-v24-qps200-n24,node memory RSS (bytes),,V2,689102012.0816326,25816297.686916485,3028149.9706910155,10
slow500-owned-v24-qps200-n24,overload graduated / sec,,V1,nan,nan,nan,10
slow500-owned-v24-qps200-n24,overload graduated / sec,,V2,nan,nan,nan,10
slow500-owned-v24-qps200-n24,overload max-pending / sec,,V1,nan,nan,nan,10
slow500-owned-v24-qps200-n24,overload max-pending / sec,,V2,nan,nan,nan,10
slow500-owned-v24-qps200-n24,overload semaphore / sec,,V1,nan,nan,nan,10
slow500-owned-v24-qps200-n24,overload semaphore / sec,,V2,nan,nan,nan,10
slow500-owned-v24-qps200-n24,attest. exec p50 (s),,V1,nan,nan,nan,10
slow500-owned-v24-qps200-n24,attest. exec p50 (s),,V2,3.3113163479413563,0.5978832375453209,0.06689063708849793,10
slow500-owned-v24-qps200-n24,attest. exec p95 (s),,V1,nan,nan,nan,10
slow500-owned-v24-qps200-n24,attest. exec p95 (s),,V2,4.662007289257336,0.6824265465539655,0.026425601565767298,10
slow500-owned-v24-qps200-n24,attest. exec p99 (s),,V1,nan,nan,nan,10
slow500-owned-v24-qps200-n24,attest. exec p99 (s),,V2,5.119115604980124,0.8125850515325854,0.03215878040662231,10
slow500-owned-v24-qps200-n24,attest. wait p50 (s),,V1,nan,nan,nan,10
slow500-owned-v24-qps200-n24,attest. wait p50 (s),,V2,0.03302548277235252,0.014461952526929205,0.0012617468748873776,10
slow500-owned-v24-qps200-n24,attest. wait p95 (s),,V1,nan,nan,nan,10
slow500-owned-v24-qps200-n24,attest. wait p95 (s),,V2,0.38867480407100197,0.28723359470706683,0.027615734402559756,10
slow500-owned-v24-qps200-n24,attest. wait p99 (s),,V1,nan,nan,nan,10
slow500-owned-v24-qps200-n24,attest. wait p99 (s),,V2,0.6509882710351077,0.40069612113297853,0.039012127576489794,10
slow500-owned-v24-qps200-n24,attest. resume p50 (s),,V1,nan,nan,nan,10
slow500-owned-v24-qps200-n24,attest. resume p50 (s),,V2,0.013688167202554148,0.012036537134679639,0.0011305835953365762,10
slow500-owned-v24-qps200-n24,attest. resume p95 (s),,V1,nan,nan,nan,10
slow500-owned-v24-qps200-n24,attest. resume p95 (s),,V2,0.574942345329572,0.5357291686001894,0.05736943273177098,10
slow500-owned-v24-qps200-n24,attest. resume p99 (s),,V1,nan,nan,nan,10
slow500-owned-v24-qps200-n24,attest. resume p99 (s),,V2,1.16749416288088,0.7560467064692886,0.08436287546873907,10
slow500-owned-v24-qps200-n24,num_inflight,,V1,91.8,23.32295007069217,7.774316690230723,10
slow500-owned-v24-qps200-n24,num_inflight,,V2,57.6,7.4993333037010705,2.499777767900357,10
slow500-owned-v24-qps200-n24,CUs,,V1,nan,nan,nan,10
slow500-owned-v24-qps200-n24,CUs,,V2,1372000.0,1.8842453007933143e-10,0.0,10
slow500-owned-f1-qps1000-n24,TPS,,V1,10.253251496121642,21.349336738376778,2.1816206208947846,10
slow500-owned-f1-qps1000-n24,TPS,,V2,16.08320093569279,16.371945635378662,0.8547610568850356,10
slow500-owned-f1-qps1000-n24,attest. full p50 (s),,V1,nan,nan,nan,10
slow500-owned-f1-qps1000-n24,attest. full p50 (s),,V2,5.475027951941963,2.192532036322833,0.22326527090972495,10
slow500-owned-f1-qps1000-n24,attest. full p95 (s),,V1,nan,nan,nan,10
slow500-owned-f1-qps1000-n24,attest. full p95 (s),,V2,10.007669178775156,3.6918965004032303,0.3800417853931777,10
slow500-owned-f1-qps1000-n24,attest. full p99 (s),,V1,nan,nan,nan,10
slow500-owned-f1-qps1000-n24,attest. full p99 (s),,V2,11.96110994104263,4.269159394824391,0.42332269561090535,10
slow500-owned-f1-qps1000-n24,attest. / sec,,V1,0.0,0.0,0.0,10
slow500-owned-f1-qps1000-n24,attest. / sec,,V2,23.926706734473722,11.426530982324763,0.8439354587460218,10
slow500-owned-f1-qps1000-n24,host CPU,,V1,82.73882878422859,31.11694856376451,1.5474912638244953,10
slow500-owned-f1-qps1000-n24,host CPU,,V2,82.13084193121506,30.82334973102226,0.8377774809532095,10
slow500-owned-f1-qps1000-n24,rec. → exec. p50 (s),,V1,28.808820853777974,15.52288236897866,0.3337393119676882,10
slow500-owned-f1-qps1000-n24,rec. → exec. p50 (s),,V2,30.67151986263838,15.405025296205544,0.2318359372641072,10
slow500-owned-f1-qps1000-n24,rec. → exec. p95 (s),,V1,38.8383105233724,20.51113516976779,0.35938806161229186,10
slow500-owned-f1-qps1000-n24,rec. → exec. p95 (s),,V2,40.35128854092036,20.2735728399284,0.23297046890320763,10
slow500-owned-f1-qps1000-n24,rec. → exec. p99 (s),,V1,40.076393594694544,20.9671107252963,0.35577639964787017,10
slow500-owned-f1-qps1000-n24,rec. → exec. p99 (s),,V2,41.44317774093496,20.686487292779155,0.2403403260173832,10
slow500-owned-f1-qps1000-n24,pc valid. lat. p50 (s),,V1,0.08761855317725964,0.11815707484235925,0.02774434321680737,10
slow500-owned-f1-qps1000-n24,pc valid. lat. p50 (s),,V2,0.030153585945449847,0.04691001426605993,0.007626527810468111,10
slow500-owned-f1-qps1000-n24,pc valid. lat. p95 (s),,V1,0.30829896229397763,0.25532071075311796,0.05030525535888514,10
slow500-owned-f1-qps1000-n24,pc valid. lat. p95 (s),,V2,0.1856331387928725,0.14235347707140888,0.022366175625629706,10
slow500-owned-f1-qps1000-n24,exec. lat. p95 (s),,V1,4.500778350153417,0.6816147477996327,0.05695034979964159,10
slow500-owned-f1-qps1000-n24,exec. lat. p95 (s),,V2,5.420844829813592,1.161860585266864,0.1062968578004142,10
slow500-owned-f1-qps1000-n24,valid. drop. / sec,,V1,0.0,0.0,0.0,10
slow500-owned-f1-qps1000-n24,valid. drop. / sec,,V2,0.0,0.0,0.0,10
slow500-owned-f1-qps1000-n24,final. lat. p50 (s),,V1,15.061956388843264,8.076045056753296,0.3646695482793134,10
slow500-owned-f1-qps1000-n24,final. lat. p50 (s),,V2,15.519008586359087,7.9193302035032564,0.41365260776957263,10
slow500-owned-f1-qps1000-n24,final. lat. p95 (s),,V1,18.37251356142273,8.645100830745378,0.44132423502766965,10
slow500-owned-f1-qps1000-n24,final. lat. p95 (s),,V2,19.31618567465843,8.441137132379277,0.47596686559930773,10
slow500-owned-f1-qps1000-n24,final. lat. p99 (s),,V1,19.24828319158377,8.746451588153453,0.45199977122618956,10
slow500-owned-f1-qps1000-n24,final. lat. p99 (s),,V2,20.325480912903434,8.335641215436642,0.4968327454084046,10
slow500-owned-f1-qps1000-n24,submit lat. p50 (s),,V1,3.814109831434654,3.5778175608218867,0.4173553326779901,10
slow500-owned-f1-qps1000-n24,submit lat. p50 (s),,V2,8.957283424134804,4.812630734155562,0.5255704621968749,10
slow500-owned-f1-qps1000-n24,submit lat. p95 (s),,V1,9.44808983009072,7.205714780169757,0.8612945536377504,10
slow500-owned-f1-qps1000-n24,submit lat. p95 (s),,V2,17.058181165465907,7.832479812205803,0.6694371257466476,10
slow500-owned-f1-qps1000-n24,ckpt lag p50 (s),,V1,26.987563820654533,16.037611608785628,2.8143888372639427,10
slow500-owned-f1-qps1000-n24,ckpt lag p50 (s),,V2,24.660717923461203,15.846232275533536,0.4205993652935074,10
slow500-owned-f1-qps1000-n24,ckpt lag p95 (s),,V1,36.44769946272075,21.116666444471168,3.805623064691551,10
slow500-owned-f1-qps1000-n24,ckpt lag p95 (s),,V2,33.955865445852865,21.041917593563838,0.6781789288068323,10
slow500-owned-f1-qps1000-n24,ckpt lag p99 (s),,V1,37.609421422975025,21.424254399873863,3.9291171246232546,10
slow500-owned-f1-qps1000-n24,ckpt lag p99 (s),,V2,35.67187082971997,21.20859135601078,0.7678301372448625,10
slow500-owned-f1-qps1000-n24,exec. dispatch queue,,V1,1292.8,278.22286031165737,92.74095343721912,10
slow500-owned-f1-qps1000-n24,exec. dispatch queue,,V2,965.0,234.07434716346,78.02478238782,10
slow500-owned-f1-qps1000-n24,pending txs,,V1,9.0,3.7416573867739413,1.247219128924647,10
slow500-owned-f1-qps1000-n24,pending txs,,V2,12.9,3.047950130825634,1.015983376941878,10
slow500-owned-f1-qps1000-n24,exec. queue. delay p95 (s),,V1,15.422274590985655,5.533231712564611,1.1557902171347654,10
slow500-owned-f1-qps1000-n24,exec. queue. delay p95 (s),,V2,8.088505747126435,1.530388873578575,0.9391766522207594,10
slow500-owned-f1-qps1000-n24,post-cons shed drops / sec,,V1,0.0,0.0,0.0,10
slow500-owned-f1-qps1000-n24,post-cons shed drops / sec,,V2,0.0,0.0,0.0,10
slow500-owned-f1-qps1000-n24,shed % quorum,,V1,0.0,0.0,0.0,10
slow500-owned-f1-qps1000-n24,shed % quorum,,V2,0.0,0.0,0.0,10
slow500-owned-f1-qps1000-n24,shed % local,,V1,7.1,21.299999999999997,7.099999999999999,10
slow500-owned-f1-qps1000-n24,shed % local,,V2,0.0,0.0,0.0,10
slow500-owned-f1-qps1000-n24,shed % cons-queue,,V1,0.0,0.0,0.0,10
slow500-owned-f1-qps1000-n24,shed % cons-queue,,V2,0.0,0.0,0.0,10
slow500-owned-f1-qps1000-n24,pre-cons overload rej / sec,,V1,nan,nan,nan,10
slow500-owned-f1-qps1000-n24,pre-cons overload rej / sec,,V2,nan,nan,nan,10
slow500-owned-f1-qps1000-n24,node CPU,,V1,4.412484575308642,0.8927522811092269,0.10181319400743337,10
slow500-owned-f1-qps1000-n24,node CPU,,V2,5.255558831492819,1.6502222027259088,0.15361653907104886,10
slow500-owned-f1-qps1000-n24,node memory RSS (bytes),,V1,653529823.5255355,35609881.45544125,5064713.524463497,10
slow500-owned-f1-qps1000-n24,node memory RSS (bytes),,V2,768215341.276033,69632215.85029846,7235161.219778043,10
slow500-owned-f1-qps1000-n24,overload graduated / sec,,V1,nan,nan,nan,10
slow500-owned-f1-qps1000-n24,overload graduated / sec,,V2,nan,nan,nan,10
slow500-owned-f1-qps1000-n24,overload max-pending / sec,,V1,nan,nan,nan,10
slow500-owned-f1-qps1000-n24,overload max-pending / sec,,V2,nan,nan,nan,10
slow500-owned-f1-qps1000-n24,overload semaphore / sec,,V1,nan,nan,nan,10
slow500-owned-f1-qps1000-n24,overload semaphore / sec,,V2,nan,nan,nan,10
slow500-owned-f1-qps1000-n24,attest. exec p50 (s),,V1,nan,nan,nan,10
slow500-owned-f1-qps1000-n24,attest. exec p50 (s),,V2,4.185219536439607,1.6346211209131665,0.17588101567847292,10
slow500-owned-f1-qps1000-n24,attest. exec p95 (s),,V1,nan,nan,nan,10
slow500-owned-f1-qps1000-n24,attest. exec p95 (s),,V2,6.581798620541176,2.0227616703177396,0.25776912929967966,10
slow500-owned-f1-qps1000-n24,attest. exec p99 (s),,V1,nan,nan,nan,10
slow500-owned-f1-qps1000-n24,attest. exec p99 (s),,V2,7.416160932142263,2.2811053162752946,0.2753206297601018,10
slow500-owned-f1-qps1000-n24,attest. wait p50 (s),,V1,nan,nan,nan,10
slow500-owned-f1-qps1000-n24,attest. wait p50 (s),,V2,0.6668711302172269,0.8285494937357366,0.056129094689501065,10
slow500-owned-f1-qps1000-n24,attest. wait p95 (s),,V1,nan,nan,nan,10
slow500-owned-f1-qps1000-n24,attest. wait p95 (s),,V2,3.2858396856344494,1.8399616431512873,0.29712340196293013,10
slow500-owned-f1-qps1000-n24,attest. wait p99 (s),,V1,nan,nan,nan,10
slow500-owned-f1-qps1000-n24,attest. wait p99 (s),,V2,4.8389469628226705,2.5922337952766576,0.4549358856093891,10
slow500-owned-f1-qps1000-n24,attest. resume p50 (s),,V1,nan,nan,nan,10
slow500-owned-f1-qps1000-n24,attest. resume p50 (s),,V2,0.1132867053466077,0.2337629646351428,0.024018006924139166,10
slow500-owned-f1-qps1000-n24,attest. resume p95 (s),,V1,nan,nan,nan,10
slow500-owned-f1-qps1000-n24,attest. resume p95 (s),,V2,2.1615062721974643,2.043127323136608,0.22447575437471473,10
slow500-owned-f1-qps1000-n24,attest. resume p99 (s),,V1,nan,nan,nan,10
slow500-owned-f1-qps1000-n24,attest. resume p99 (s),,V2,3.465356145416636,2.666274682170734,0.2825974312466881,10
slow500-owned-f1-qps1000-n24,num_inflight,,V1,490.9,168.23759984022598,56.07919994674199,10
slow500-owned-f1-qps1000-n24,num_inflight,,V2,603.0,150.2338177641772,50.07793925472573,10
slow500-owned-f1-qps1000-n24,CUs,,V1,nan,nan,nan,10
slow500-owned-f1-qps1000-n24,CUs,,V2,1372000.0,1.949131839974833e-10,0.0,10
slow500-owned-v1-qps1000-n24,TPS,,V1,10.596164105379938,20.395767798215946,2.134140806848974,10
slow500-owned-v1-qps1000-n24,TPS,,V2,14.778469246645267,20.972553299670434,1.6866087676139039,10
slow500-owned-v1-qps1000-n24,attest. full p50 (s),,V1,nan,nan,nan,10
slow500-owned-v1-qps1000-n24,attest. full p50 (s),,V2,5.029271254507549,9.380382826456032,1.0913572977426214,10
slow500-owned-v1-qps1000-n24,attest. full p95 (s),,V1,nan,nan,nan,10
slow500-owned-v1-qps1000-n24,attest. full p95 (s),,V2,9.339835354716667,13.390682526336189,1.5716781492947516,10
slow500-owned-v1-qps1000-n24,attest. full p99 (s),,V1,nan,nan,nan,10
slow500-owned-v1-qps1000-n24,attest. full p99 (s),,V2,10.245373483914577,13.908618620456725,1.6743798099636187,10
slow500-owned-v1-qps1000-n24,attest. / sec,,V1,0.0,0.0,0.0,10
slow500-owned-v1-qps1000-n24,attest. / sec,,V2,44.00111624014685,86.54424788161165,2.4231856385881323,10
slow500-owned-v1-qps1000-n24,host CPU,,V1,83.33659351250962,31.294552652480252,1.118385840659413,10
slow500-owned-v1-qps1000-n24,host CPU,,V2,77.66255541124507,31.520128584695964,1.2340640838199353,10
slow500-owned-v1-qps1000-n24,rec. → exec. p50 (s),,V1,27.636743245469795,15.53227166508308,0.1824341093309788,10
slow500-owned-v1-qps1000-n24,rec. → exec. p50 (s),,V2,24.589261411147895,14.00951945590461,2.3864252368990013,10
slow500-owned-v1-qps1000-n24,rec. → exec. p95 (s),,V1,39.066545113489276,19.913780242784743,0.2547241561256643,10
slow500-owned-v1-qps1000-n24,rec. → exec. p95 (s),,V2,34.36499992223024,19.47414899456496,3.1595728892568276,10
slow500-owned-v1-qps1000-n24,rec. → exec. p99 (s),,V1,40.71137744340277,20.235444859688894,0.2290993038844851,10
slow500-owned-v1-qps1000-n24,rec. → exec. p99 (s),,V2,36.71863450684613,20.42943121182633,3.371515610494037,10
slow500-owned-v1-qps1000-n24,pc valid. lat. p50 (s),,V1,0.0017079266904785376,0.006937604508388391,0.00047146354759123726,10
slow500-owned-v1-qps1000-n24,pc valid. lat. p50 (s),,V2,0.0033578570999923106,0.028300675404650626,0.00212862933490813,10
slow500-owned-v1-qps1000-n24,pc valid. lat. p95 (s),,V1,0.09624841331974036,0.1165081832956175,0.02030926000200341,10
slow500-owned-v1-qps1000-n24,pc valid. lat. p95 (s),,V2,0.06061662584257176,0.1472784348613474,0.020632102992432833,10
slow500-owned-v1-qps1000-n24,exec. lat. p95 (s),,V1,4.468118973010285,0.3872201141281834,0.027349520021345254,10
slow500-owned-v1-qps1000-n24,exec. lat. p95 (s),,V2,3.867601247975097,1.151571582960695,0.10421013370669036,10
slow500-owned-v1-qps1000-n24,valid. drop. / sec,,V1,0.0,0.0,0.0,10
slow500-owned-v1-qps1000-n24,valid. drop. / sec,,V2,0.0,0.0,0.0,10
slow500-owned-v1-qps1000-n24,final. lat. p50 (s),,V1,nan,nan,nan,10
slow500-owned-v1-qps1000-n24,final. lat. p50 (s),,V2,nan,nan,nan,10
slow500-owned-v1-qps1000-n24,final. lat. p95 (s),,V1,nan,nan,nan,10
slow500-owned-v1-qps1000-n24,final. lat. p95 (s),,V2,nan,nan,nan,10
slow500-owned-v1-qps1000-n24,final. lat. p99 (s),,V1,nan,nan,nan,10
slow500-owned-v1-qps1000-n24,final. lat. p99 (s),,V2,nan,nan,nan,10
slow500-owned-v1-qps1000-n24,submit lat. p50 (s),,V1,nan,nan,nan,10
slow500-owned-v1-qps1000-n24,submit lat. p50 (s),,V2,nan,nan,nan,10
slow500-owned-v1-qps1000-n24,submit lat. p95 (s),,V1,nan,nan,nan,10
slow500-owned-v1-qps1000-n24,submit lat. p95 (s),,V2,nan,nan,nan,10
slow500-owned-v1-qps1000-n24,ckpt lag p50 (s),,V1,26.502338653084735,15.73256484470655,1.3122982308923534,10
slow500-owned-v1-qps1000-n24,ckpt lag p50 (s),,V2,9.353061839894414,15.498418623861193,2.384765366743086,10
slow500-owned-v1-qps1000-n24,ckpt lag p95 (s),,V1,34.74514154738054,20.627945937658737,1.774980402432623,10
slow500-owned-v1-qps1000-n24,ckpt lag p95 (s),,V2,14.131209518753934,18.950658986646477,2.8803651630921143,10
slow500-owned-v1-qps1000-n24,ckpt lag p99 (s),,V1,35.878523671769344,20.808679459613234,1.8151719408354818,10
slow500-owned-v1-qps1000-n24,ckpt lag p99 (s),,V2,15.68025380296602,18.8796821890109,2.7623462039248134,10
slow500-owned-v1-qps1000-n24,exec. dispatch queue,,V1,1521.7,258.36758697638527,86.12252899212842,10
slow500-owned-v1-qps1000-n24,exec. dispatch queue,,V2,1379.0,366.7328728107149,122.24429093690496,10
slow500-owned-v1-qps1000-n24,pending txs,,V1,17.6,5.499090833947008,1.833030277982336,10
slow500-owned-v1-qps1000-n24,pending txs,,V2,8.3,5.060632371551998,1.6868774571839995,10
slow500-owned-v1-qps1000-n24,exec. queue. delay p95 (s),,V1,16.010636200716842,4.9141222114116685,0.9977041393588176,10
slow500-owned-v1-qps1000-n24,exec. queue. delay p95 (s),,V2,12.170514455782314,6.027621919569753,1.5138762088710214,10
slow500-owned-v1-qps1000-n24,post-cons shed drops / sec,,V1,0.0,0.0,0.0,10
slow500-owned-v1-qps1000-n24,post-cons shed drops / sec,,V2,0.0,0.0,0.0,10
slow500-owned-v1-qps1000-n24,shed % quorum,,V1,0.0,0.0,0.0,10
slow500-owned-v1-qps1000-n24,shed % quorum,,V2,0.0,0.0,0.0,10
slow500-owned-v1-qps1000-n24,shed % local,,V1,0.0,0.0,0.0,10
slow500-owned-v1-qps1000-n24,shed % local,,V2,0.0,0.0,0.0,10
slow500-owned-v1-qps1000-n24,shed % cons-queue,,V1,0.0,0.0,0.0,10
slow500-owned-v1-qps1000-n24,shed % cons-queue,,V2,0.0,0.0,0.0,10
slow500-owned-v1-qps1000-n24,pre-cons overload rej / sec,,V1,22.797024518140592,49.85682440396483,7.100814385622339,10
slow500-owned-v1-qps1000-n24,pre-cons overload rej / sec,,V2,24.147693753614806,67.06015426270822,13.063327116524974,10
slow500-owned-v1-qps1000-n24,node CPU,,V1,4.383683663968254,0.7389007719953542,0.048849969755694826,10
slow500-owned-v1-qps1000-n24,node CPU,,V2,9.012342912918651,8.981258770197107,0.33371371467514677,10
slow500-owned-v1-qps1000-n24,node memory RSS (bytes),,V1,677391670.4589615,28059184.855628107,3179550.369374932,10
slow500-owned-v1-qps1000-n24,node memory RSS (bytes),,V2,872165937.6588628,92090548.08632882,11883978.194480238,10
slow500-owned-v1-qps1000-n24,overload graduated / sec,,V1,nan,nan,nan,10
slow500-owned-v1-qps1000-n24,overload graduated / sec,,V2,nan,nan,nan,10
slow500-owned-v1-qps1000-n24,overload max-pending / sec,,V1,nan,nan,nan,10
slow500-owned-v1-qps1000-n24,overload max-pending / sec,,V2,nan,nan,nan,10
slow500-owned-v1-qps1000-n24,overload semaphore / sec,,V1,22.86296910430839,49.91731629394359,7.0888235476959895,10
slow500-owned-v1-qps1000-n24,overload semaphore / sec,,V2,24.148267302872565,67.20810249715085,13.063236573889476,10
slow500-owned-v1-qps1000-n24,attest. exec p50 (s),,V1,nan,nan,nan,10
slow500-owned-v1-qps1000-n24,attest. exec p50 (s),,V2,3.3280637136791524,2.605410314247489,0.32988401903997105,10
slow500-owned-v1-qps1000-n24,attest. exec p95 (s),,V1,nan,nan,nan,10
slow500-owned-v1-qps1000-n24,attest. exec p95 (s),,V2,4.89552575639838,2.991747174924478,0.3109370437847823,10
slow500-owned-v1-qps1000-n24,attest. exec p99 (s),,V1,nan,nan,nan,10
slow500-owned-v1-qps1000-n24,attest. exec p99 (s),,V2,5.449258013429606,2.9276364669471273,0.3374756833996062,10
slow500-owned-v1-qps1000-n24,attest. wait p50 (s),,V1,nan,nan,nan,10
slow500-owned-v1-qps1000-n24,attest. wait p50 (s),,V2,1.2667057406616364,1.7045869593700733,0.2304629567092045,10
slow500-owned-v1-qps1000-n24,attest. wait p95 (s),,V1,nan,nan,nan,10
slow500-owned-v1-qps1000-n24,attest. wait p95 (s),,V2,5.686586500241462,5.425151380511613,1.0465962394642072,10
slow500-owned-v1-qps1000-n24,attest. wait p99 (s),,V1,nan,nan,nan,10
slow500-owned-v1-qps1000-n24,attest. wait p99 (s),,V2,8.07095538363844,8.056840943621962,1.4638887053436855,10
slow500-owned-v1-qps1000-n24,attest. resume p50 (s),,V1,nan,nan,nan,10
slow500-owned-v1-qps1000-n24,attest. resume p50 (s),,V2,3.088896163555004,8.615917821161027,1.0728278588873947,10
slow500-owned-v1-qps1000-n24,attest. resume p95 (s),,V1,nan,nan,nan,10
slow500-owned-v1-qps1000-n24,attest. resume p95 (s),,V2,6.447380653181873,12.689450695162968,1.5306298255884043,10
slow500-owned-v1-qps1000-n24,attest. resume p99 (s),,V1,nan,nan,nan,10
slow500-owned-v1-qps1000-n24,attest. resume p99 (s),,V2,7.599025337218841,13.79919560756476,1.5714894131206545,10
slow500-owned-v1-qps1000-n24,num_inflight,,V1,1832.3,140.9007097214205,46.9669032404735,10
slow500-owned-v1-qps1000-n24,num_inflight,,V2,2057.3,441.35927542082993,147.11975847360998,10
slow500-owned-v1-qps1000-n24,CUs,,V1,nan,nan,nan,10
slow500-owned-v1-qps1000-n24,CUs,,V2,1372000.0,1.971845153206478e-10,0.0,10
slow500-owned-v24-qps1000-n24,TPS,,V1,8.76183494051046,14.991126190483048,1.9525808634548016,10
slow500-owned-v24-qps1000-n24,TPS,,V2,12.795495746819121,10.651834241679747,1.3725318697254347,10
slow500-owned-v24-qps1000-n24,attest. full p50 (s),,V1,nan,nan,nan,10
slow500-owned-v24-qps1000-n24,attest. full p50 (s),,V2,5.920209413103881,1.4440489605486648,0.20929793673044167,10
slow500-owned-v24-qps1000-n24,attest. full p95 (s),,V1,nan,nan,nan,10
slow500-owned-v24-qps1000-n24,attest. full p95 (s),,V2,10.527217821325308,2.720154503884965,0.34974912087178955,10
slow500-owned-v24-qps1000-n24,attest. full p99 (s),,V1,nan,nan,nan,10
slow500-owned-v24-qps1000-n24,attest. full p99 (s),,V2,12.918149308289795,3.205776750930518,0.3545154109354235,10
slow500-owned-v24-qps1000-n24,attest. / sec,,V1,0.0,0.0,0.0,10
slow500-owned-v24-qps1000-n24,attest. / sec,,V2,22.612289207999783,7.552783767179435,0.7103631307522245,10
slow500-owned-v24-qps1000-n24,host CPU,,V1,84.19617014041694,31.201549311290698,0.35575517890536545,10
slow500-owned-v24-qps1000-n24,host CPU,,V2,84.76859626983696,30.85009789884098,0.2342465743347706,10
slow500-owned-v24-qps1000-n24,rec. → exec. p50 (s),,V1,29.506733186872168,15.508623373093544,0.21632768782823578,10
slow500-owned-v24-qps1000-n24,rec. → exec. p50 (s),,V2,30.216124151193956,15.378736858294797,0.21773234165198124,10
slow500-owned-v24-qps1000-n24,rec. → exec. p95 (s),,V1,39.59755245068263,20.014359259436205,0.23661967732625228,10
slow500-owned-v24-qps1000-n24,rec. → exec. p95 (s),,V2,40.674079936251346,19.760829957486038,0.11773944007632878,10
slow500-owned-v24-qps1000-n24,rec. → exec. p99 (s),,V1,40.80419364428887,20.35094215990593,0.23317341824804252,10
slow500-owned-v24-qps1000-n24,rec. → exec. p99 (s),,V2,41.789101701535984,20.07233075232079,0.1270176276618771,10
slow500-owned-v24-qps1000-n24,pc valid. lat. p50 (s),,V1,0.09389806656196494,0.12100766735813734,0.02568375851228591,10
slow500-owned-v24-qps1000-n24,pc valid. lat. p50 (s),,V2,0.028626117406344333,0.05523444864119056,0.005557825873528794,10
slow500-owned-v24-qps1000-n24,pc valid. lat. p95 (s),,V1,0.3064642012442513,0.24822700959949645,0.050843241269438115,10
slow500-owned-v24-qps1000-n24,pc valid. lat. p95 (s),,V2,0.21912753885471006,0.20739151270336076,0.015476626739626138,10
slow500-owned-v24-qps1000-n24,exec. lat. p95 (s),,V1,4.5804509512224945,0.2882358549253347,0.019995606800573544,10
slow500-owned-v24-qps1000-n24,exec. lat. p95 (s),,V2,5.141173900086469,0.8865044780027955,0.0938057537134158,10
slow500-owned-v24-qps1000-n24,valid. drop. / sec,,V1,0.0,0.0,0.0,10
slow500-owned-v24-qps1000-n24,valid. drop. / sec,,V2,0.0,0.0,0.0,10
slow500-owned-v24-qps1000-n24,final. lat. p50 (s),,V1,nan,nan,nan,10
slow500-owned-v24-qps1000-n24,final. lat. p50 (s),,V2,nan,nan,nan,10
slow500-owned-v24-qps1000-n24,final. lat. p95 (s),,V1,nan,nan,nan,10
slow500-owned-v24-qps1000-n24,final. lat. p95 (s),,V2,nan,nan,nan,10
slow500-owned-v24-qps1000-n24,final. lat. p99 (s),,V1,nan,nan,nan,10
slow500-owned-v24-qps1000-n24,final. lat. p99 (s),,V2,nan,nan,nan,10
slow500-owned-v24-qps1000-n24,submit lat. p50 (s),,V1,nan,nan,nan,10
slow500-owned-v24-qps1000-n24,submit lat. p50 (s),,V2,nan,nan,nan,10
slow500-owned-v24-qps1000-n24,submit lat. p95 (s),,V1,nan,nan,nan,10
slow500-owned-v24-qps1000-n24,submit lat. p95 (s),,V2,nan,nan,nan,10
slow500-owned-v24-qps1000-n24,ckpt lag p50 (s),,V1,26.472024116240352,15.545770886601533,1.4059081909360256,10
slow500-owned-v24-qps1000-n24,ckpt lag p50 (s),,V2,21.190977914213136,14.87087275637926,0.27919956007383895,10
slow500-owned-v24-qps1000-n24,ckpt lag p95 (s),,V1,35.38955369008697,20.60924181656749,1.9924459304648752,10
slow500-owned-v24-qps1000-n24,ckpt lag p95 (s),,V2,30.89787415444887,20.591561771150506,0.8247680192212492,10
slow500-owned-v24-qps1000-n24,ckpt lag p99 (s),,V1,36.67310191150432,20.966104214786196,2.071631829131774,10
slow500-owned-v24-qps1000-n24,ckpt lag p99 (s),,V2,33.59973717877596,21.078504847487036,0.9687204350075944,10
slow500-owned-v24-qps1000-n24,exec. dispatch queue,,V1,1548.7,325.89232884497295,108.63077628165765,10
slow500-owned-v24-qps1000-n24,exec. dispatch queue,,V2,1479.0,249.94479390457406,83.31493130152468,10
slow500-owned-v24-qps1000-n24,pending txs,,V1,10.1,4.825971404805461,1.608657134935154,10
slow500-owned-v24-qps1000-n24,pending txs,,V2,34.8,24.79435419606649,8.264784732022163,10
slow500-owned-v24-qps1000-n24,exec. queue. delay p95 (s),,V1,14.022761069340016,5.564867722861007,1.269977315275182,10
slow500-owned-v24-qps1000-n24,exec. queue. delay p95 (s),,V2,6.828882719534893,4.074312810633484,1.0318977569252583,10
slow500-owned-v24-qps1000-n24,post-cons shed drops / sec,,V1,0.0,0.0,0.0,10
slow500-owned-v24-qps1000-n24,post-cons shed drops / sec,,V2,0.0,0.0,0.0,10
slow500-owned-v24-qps1000-n24,shed % quorum,,V1,0.0,0.0,0.0,10
slow500-owned-v24-qps1000-n24,shed % quorum,,V2,0.0,0.0,0.0,10
slow500-owned-v24-qps1000-n24,shed % local,,V1,2.9,8.7,2.8999999999999995,10
slow500-owned-v24-qps1000-n24,shed % local,,V2,8.2,24.599999999999998,8.199999999999998,10
slow500-owned-v24-qps1000-n24,shed % cons-queue,,V1,0.0,0.0,0.0,10
slow500-owned-v24-qps1000-n24,shed % cons-queue,,V2,0.0,0.0,0.0,10
slow500-owned-v24-qps1000-n24,pre-cons overload rej / sec,,V1,nan,nan,nan,10
slow500-owned-v24-qps1000-n24,pre-cons overload rej / sec,,V2,nan,nan,nan,10
slow500-owned-v24-qps1000-n24,node CPU,,V1,4.476912952372224,0.6966499520423179,0.015697640796507352,10
slow500-owned-v24-qps1000-n24,node CPU,,V2,4.700834801531383,0.825157265811041,0.0670780065905647,10
slow500-owned-v24-qps1000-n24,node memory RSS (bytes),,V1,650386166.1373534,27064057.174736045,4265292.172238454,10
slow500-owned-v24-qps1000-n24,node memory RSS (bytes),,V2,791486074.230384,64908330.15992927,4433342.758887341,10
slow500-owned-v24-qps1000-n24,overload graduated / sec,,V1,nan,nan,nan,10
slow500-owned-v24-qps1000-n24,overload graduated / sec,,V2,nan,nan,nan,10
slow500-owned-v24-qps1000-n24,overload max-pending / sec,,V1,nan,nan,nan,10
slow500-owned-v24-qps1000-n24,overload max-pending / sec,,V2,nan,nan,nan,10
slow500-owned-v24-qps1000-n24,overload semaphore / sec,,V1,nan,nan,nan,10
slow500-owned-v24-qps1000-n24,overload semaphore / sec,,V2,nan,nan,nan,10
slow500-owned-v24-qps1000-n24,attest. exec p50 (s),,V1,nan,nan,nan,10
slow500-owned-v24-qps1000-n24,attest. exec p50 (s),,V2,4.302147207663909,0.942984900592771,0.15026770257583982,10
slow500-owned-v24-qps1000-n24,attest. exec p95 (s),,V1,nan,nan,nan,10
slow500-owned-v24-qps1000-n24,attest. exec p95 (s),,V2,6.201095960301008,0.9780234333236343,0.15763570585110298,10
slow500-owned-v24-qps1000-n24,attest. exec p99 (s),,V1,nan,nan,nan,10
slow500-owned-v24-qps1000-n24,attest. exec p99 (s),,V2,6.841372005445664,1.0381447911520532,0.16593155363626388,10
slow500-owned-v24-qps1000-n24,attest. wait p50 (s),,V1,nan,nan,nan,10
slow500-owned-v24-qps1000-n24,attest. wait p50 (s),,V2,1.153376262729565,1.2239167867805445,0.07170423620236746,10
slow500-owned-v24-qps1000-n24,attest. wait p95 (s),,V1,nan,nan,nan,10
slow500-owned-v24-qps1000-n24,attest. wait p95 (s),,V2,4.283411116053626,1.9846487464962932,0.22095698526498392,10
slow500-owned-v24-qps1000-n24,attest. wait p99 (s),,V1,nan,nan,nan,10
slow500-owned-v24-qps1000-n24,attest. wait p99 (s),,V2,6.243108996838889,2.624161494311142,0.2864984436022128,10
slow500-owned-v24-qps1000-n24,attest. resume p50 (s),,V1,nan,nan,nan,10
slow500-owned-v24-qps1000-n24,attest. resume p50 (s),,V2,0.09132381804277721,0.16973900135777428,0.02862561808415073,10
slow500-owned-v24-qps1000-n24,attest. resume p95 (s),,V1,nan,nan,nan,10
slow500-owned-v24-qps1000-n24,attest. resume p95 (s),,V2,2.048442265890101,2.0747949797604504,0.3109844098641492,10
slow500-owned-v24-qps1000-n24,attest. resume p99 (s),,V1,nan,nan,nan,10
slow500-owned-v24-qps1000-n24,attest. resume p99 (s),,V2,3.3568343587381086,2.6691750155488454,0.36600641776931997,10
slow500-owned-v24-qps1000-n24,num_inflight,,V1,569.4,231.05332717794826,77.01777572598274,10
slow500-owned-v24-qps1000-n24,num_inflight,,V2,702.5,199.96262150712067,66.65420716904022,10
slow500-owned-v24-qps1000-n24,CUs,,V1,nan,nan,nan,10
slow500-owned-v24-qps1000-n24,CUs,,V2,1372010.220265205,245.2863649187714,10.167401764239184,10
slow500-owned-f1-qps2000-n24,TPS,,V1,11.460502208891748,14.432530731697181,0.8173692912025192,10
slow500-owned-f1-qps2000-n24,TPS,,V2,11.033747767479534,8.621656516884537,0.5815659112642586,10
slow500-owned-f1-qps2000-n24,attest. full p50 (s),,V1,nan,nan,nan,10
slow500-owned-f1-qps2000-n24,attest. full p50 (s),,V2,6.483455842519206,2.436917199065877,0.16965838957150275,10
slow500-owned-f1-qps2000-n24,attest. full p95 (s),,V1,nan,nan,nan,10
slow500-owned-f1-qps2000-n24,attest. full p95 (s),,V2,12.521124853746882,4.85824221333923,0.2836373214179951,10
slow500-owned-f1-qps2000-n24,attest. full p99 (s),,V1,nan,nan,nan,10
slow500-owned-f1-qps2000-n24,attest. full p99 (s),,V2,15.256875680751689,5.981604470777592,0.31056786090001615,10
slow500-owned-f1-qps2000-n24,attest. / sec,,V1,0.0,0.0,0.0,10
slow500-owned-f1-qps2000-n24,attest. / sec,,V2,32.99557189164159,14.752990908246701,2.006922020547065,10
slow500-owned-f1-qps2000-n24,host CPU,,V1,82.44547095697682,30.233219244914327,1.245988957929666,10
slow500-owned-f1-qps2000-n24,host CPU,,V2,83.55037930757655,30.470952351913688,0.35017430957694334,10
slow500-owned-f1-qps2000-n24,rec. → exec. p50 (s),,V1,28.621181124508773,16.281486278719385,0.15204855390006672,10
slow500-owned-f1-qps2000-n24,rec. → exec. p50 (s),,V2,29.4933673345599,15.946936835508183,0.15588225098294653,10
slow500-owned-f1-qps2000-n24,rec. → exec. p95 (s),,V1,37.83062519274209,21.24046186503626,0.17486968667396546,10
slow500-owned-f1-qps2000-n24,rec. → exec. p95 (s),,V2,38.63089130307524,21.116809893601626,0.17886142847423506,10
slow500-owned-f1-qps2000-n24,rec. → exec. p99 (s),,V1,38.89326506916891,21.672839268685475,0.16791208363970106,10
slow500-owned-f1-qps2000-n24,rec. → exec. p99 (s),,V2,39.574961399141145,21.57164766580969,0.19661026755005462,10
slow500-owned-f1-qps2000-n24,pc valid. lat. p50 (s),,V1,0.009121124660048432,0.022569368036600927,0.0029456953735923605,10
slow500-owned-f1-qps2000-n24,pc valid. lat. p50 (s),,V2,0.05284790995633965,0.06807037892233408,0.010050147563694987,10
slow500-owned-f1-qps2000-n24,pc valid. lat. p95 (s),,V1,0.22031248573388007,0.37514610913934254,0.06097447724743722,10
slow500-owned-f1-qps2000-n24,pc valid. lat. p95 (s),,V2,0.29803203558378294,0.26684105553083554,0.0336568650569457,10
slow500-owned-f1-qps2000-n24,exec. lat. p95 (s),,V1,4.448659747540577,0.9871748979996448,0.040229409789677144,10
slow500-owned-f1-qps2000-n24,exec. lat. p95 (s),,V2,5.407723498412907,1.6874514716892073,0.11741368726611393,10
slow500-owned-f1-qps2000-n24,valid. drop. / sec,,V1,0.0,0.0,0.0,10
slow500-owned-f1-qps2000-n24,valid. drop. / sec,,V2,0.0,0.0,0.0,10
slow500-owned-f1-qps2000-n24,final. lat. p50 (s),,V1,15.89690286750466,9.781355457135687,0.8322036738022162,10
slow500-owned-f1-qps2000-n24,final. lat. p50 (s),,V2,14.303223966750716,8.561439543300338,0.26114158671758875,10
slow500-owned-f1-qps2000-n24,final. lat. p95 (s),,V1,21.20709261883258,13.16085984411442,1.222919830481879,10
slow500-owned-f1-qps2000-n24,final. lat. p95 (s),,V2,18.48303768573046,10.159994282868997,0.6111562603060284,10
slow500-owned-f1-qps2000-n24,final. lat. p99 (s),,V1,22.958500011815687,14.53720703245892,1.3678389214814766,10
slow500-owned-f1-qps2000-n24,final. lat. p99 (s),,V2,19.582803319947395,10.919825052374609,0.7883772484695685,10
slow500-owned-f1-qps2000-n24,submit lat. p50 (s),,V1,3.681773762341854,3.24093333605071,0.28267833337066495,10
slow500-owned-f1-qps2000-n24,submit lat. p50 (s),,V2,11.03419303443094,6.526501705591009,0.44498745077334784,10
slow500-owned-f1-qps2000-n24,submit lat. p95 (s),,V1,9.083649826979906,6.461295862539522,0.5050783731399071,10
slow500-owned-f1-qps2000-n24,submit lat. p95 (s),,V2,19.273774369044226,10.02687515429787,0.560958266263956,10
slow500-owned-f1-qps2000-n24,ckpt lag p50 (s),,V1,20.692633586412317,16.28425331199588,1.6190770194491935,10
slow500-owned-f1-qps2000-n24,ckpt lag p50 (s),,V2,23.849383471885297,17.607187976291293,0.2025076666251106,10
slow500-owned-f1-qps2000-n24,ckpt lag p95 (s),,V1,27.68147236299037,21.540244388527814,2.2003801147377025,10
slow500-owned-f1-qps2000-n24,ckpt lag p95 (s),,V2,33.59148413436341,22.73955599888589,0.17369058680328164,10
slow500-owned-f1-qps2000-n24,ckpt lag p99 (s),,V1,28.788973082799053,21.885228165291206,2.2439411194405197,10
slow500-owned-f1-qps2000-n24,ckpt lag p99 (s),,V2,35.522455628127,23.038500915961148,0.22007944157090745,10
slow500-owned-f1-qps2000-n24,exec. dispatch queue,,V1,3374.4,165.370614076383,55.123538025460995,10
slow500-owned-f1-qps2000-n24,exec. dispatch queue,,V2,1542.5,886.3383383336185,295.4461127778728,10
slow500-owned-f1-qps2000-n24,pending txs,,V1,14.0,4.049691346263317,1.3498971154211057,10
slow500-owned-f1-qps2000-n24,pending txs,,V2,14.3,5.762811813689564,1.9209372712298547,10
slow500-owned-f1-qps2000-n24,exec. queue. delay p95 (s),,V1,12.06083434435345,5.729425135408196,1.1332527964165717,10
slow500-owned-f1-qps2000-n24,exec. queue. delay p95 (s),,V2,12.21656746031746,5.186070393952546,2.2286302220571867,10
slow500-owned-f1-qps2000-n24,post-cons shed drops / sec,,V1,0.0,0.0,0.0,10
slow500-owned-f1-qps2000-n24,post-cons shed drops / sec,,V2,0.0,0.0,0.0,10
slow500-owned-f1-qps2000-n24,shed % quorum,,V1,0.0,0.0,0.0,10
slow500-owned-f1-qps2000-n24,shed % quorum,,V2,0.0,0.0,0.0,10
slow500-owned-f1-qps2000-n24,shed % local,,V1,2.2,6.6,2.1999999999999997,10
slow500-owned-f1-qps2000-n24,shed % local,,V2,7.1,21.299999999999997,7.099999999999999,10
slow500-owned-f1-qps2000-n24,shed % cons-queue,,V1,0.0,0.0,0.0,10
slow500-owned-f1-qps2000-n24,shed % cons-queue,,V2,0.0,0.0,0.0,10
slow500-owned-f1-qps2000-n24,pre-cons overload rej / sec,,V1,30.784849773242634,37.82326632318045,nan,10
slow500-owned-f1-qps2000-n24,pre-cons overload rej / sec,,V2,nan,nan,nan,10
slow500-owned-f1-qps2000-n24,node CPU,,V1,4.1945929928420975,0.7507237337951842,0.06078965268584279,10
slow500-owned-f1-qps2000-n24,node CPU,,V2,4.8069213499589925,1.1194315789293356,0.11064438474042076,10
slow500-owned-f1-qps2000-n24,node memory RSS (bytes),,V1,721244244.655008,60968546.99121164,4812603.494115136,10
slow500-owned-f1-qps2000-n24,node memory RSS (bytes),,V2,812239816.3833866,79234803.84245901,3879446.277699438,10
slow500-owned-f1-qps2000-n24,overload graduated / sec,,V1,nan,nan,nan,10
slow500-owned-f1-qps2000-n24,overload graduated / sec,,V2,nan,nan,nan,10
slow500-owned-f1-qps2000-n24,overload max-pending / sec,,V1,nan,nan,nan,10
slow500-owned-f1-qps2000-n24,overload max-pending / sec,,V2,nan,nan,nan,10
slow500-owned-f1-qps2000-n24,overload semaphore / sec,,V1,30.784849773242634,37.82326632318045,nan,10
slow500-owned-f1-qps2000-n24,overload semaphore / sec,,V2,nan,nan,nan,10
slow500-owned-f1-qps2000-n24,attest. exec p50 (s),,V1,nan,nan,nan,10
slow500-owned-f1-qps2000-n24,attest. exec p50 (s),,V2,4.021848473379856,1.2657398751007465,0.12099379582074925,10
slow500-owned-f1-qps2000-n24,attest. exec p95 (s),,V1,nan,nan,nan,10
slow500-owned-f1-qps2000-n24,attest. exec p95 (s),,V2,6.379118319448261,1.8573576596023462,0.13775173692726864,10
slow500-owned-f1-qps2000-n24,attest. exec p99 (s),,V1,nan,nan,nan,10
slow500-owned-f1-qps2000-n24,attest. exec p99 (s),,V2,7.241939060886009,2.147132753319893,0.15347117943459232,10
slow500-owned-f1-qps2000-n24,attest. wait p50 (s),,V1,nan,nan,nan,10
slow500-owned-f1-qps2000-n24,attest. wait p50 (s),,V2,1.080096588350647,0.9692534762372239,0.1277517710566291,10
slow500-owned-f1-qps2000-n24,attest. wait p95 (s),,V1,nan,nan,nan,10
slow500-owned-f1-qps2000-n24,attest. wait p95 (s),,V2,5.5979711384699185,1.8136206370827732,0.1823263953482671,10
slow500-owned-f1-qps2000-n24,attest. wait p99 (s),,V1,nan,nan,nan,10
slow500-owned-f1-qps2000-n24,attest. wait p99 (s),,V2,8.468920812807895,2.900284133174113,0.2685787630788233,10
slow500-owned-f1-qps2000-n24,attest. resume p50 (s),,V1,nan,nan,nan,10
slow500-owned-f1-qps2000-n24,attest. resume p50 (s),,V2,0.2859047237200289,0.8430194715345913,0.0937163494140916,10
slow500-owned-f1-qps2000-n24,attest. resume p95 (s),,V1,nan,nan,nan,10
slow500-owned-f1-qps2000-n24,attest. resume p95 (s),,V2,4.552782163572838,3.67546225064864,0.353516106348291,10
slow500-owned-f1-qps2000-n24,attest. resume p99 (s),,V1,nan,nan,nan,10
slow500-owned-f1-qps2000-n24,attest. resume p99 (s),,V2,6.764157416093637,4.604465315857477,0.39987223841065683,10
slow500-owned-f1-qps2000-n24,num_inflight,,V1,1303.0,259.91806401248834,86.63935467082945,10
slow500-owned-f1-qps2000-n24,num_inflight,,V2,1090.7,126.31789263599991,42.10596421199997,10
slow500-owned-f1-qps2000-n24,CUs,,V1,nan,nan,nan,10
slow500-owned-f1-qps2000-n24,CUs,,V2,1328823.2915765701,210811.26055897586,4391.1164995921035,10
slow500-owned-v1-qps2000-n24,TPS,,V1,11.872457913465032,17.59422604534556,0.821991413071528,10
slow500-owned-v1-qps2000-n24,TPS,,V2,15.877731409210957,16.60727666713842,1.8153257951865713,10
slow500-owned-v1-qps2000-n24,attest. full p50 (s),,V1,nan,nan,nan,10
slow500-owned-v1-qps2000-n24,attest. full p50 (s),,V2,2.7902686763004327,3.0388800692417397,0.4067659557580099,10
slow500-owned-v1-qps2000-n24,attest. full p95 (s),,V1,nan,nan,nan,10
slow500-owned-v1-qps2000-n24,attest. full p95 (s),,V2,7.660739451137861,5.5483159600429,0.856782235874404,10
slow500-owned-v1-qps2000-n24,attest. full p99 (s),,V1,nan,nan,nan,10
slow500-owned-v1-qps2000-n24,attest. full p99 (s),,V2,9.091424966539913,6.62609327554153,1.041365708500071,10
slow500-owned-v1-qps2000-n24,attest. / sec,,V1,0.0,0.0,0.0,10
slow500-owned-v1-qps2000-n24,attest. / sec,,V2,42.81400614781249,83.37813168563517,3.558069418456394,10
slow500-owned-v1-qps2000-n24,host CPU,,V1,79.07864950840549,32.500214372449335,2.1362410766083633,10
slow500-owned-v1-qps2000-n24,host CPU,,V2,73.42661670813116,32.65101200231622,2.4316454157177354,10
slow500-owned-v1-qps2000-n24,rec. → exec. p50 (s),,V1,27.723236033728654,16.0271759128689,0.26227177818445585,10
slow500-owned-v1-qps2000-n24,rec. → exec. p50 (s),,V2,22.15163465985357,12.056179085169568,2.355732133092597,10
slow500-owned-v1-qps2000-n24,rec. → exec. p95 (s),,V1,38.107614785592716,20.050494008103577,0.4263235634513329,10
slow500-owned-v1-qps2000-n24,rec. → exec. p95 (s),,V2,30.13983428452587,15.92834179710129,3.238036090846801,10
slow500-owned-v1-qps2000-n24,rec. → exec. p99 (s),,V1,39.452826190679865,20.30542831369269,0.476580628922006,10
slow500-owned-v1-qps2000-n24,rec. → exec. p99 (s),,V2,31.6005073603385,16.25836378172059,3.2579705631487457,10
slow500-owned-v1-qps2000-n24,pc valid. lat. p50 (s),,V1,0.016649591840199224,0.03407240048368839,0.003943174951957925,10
slow500-owned-v1-qps2000-n24,pc valid. lat. p50 (s),,V2,0.013361822692621884,0.0565350746379985,0.0115090817635071,10
slow500-owned-v1-qps2000-n24,pc valid. lat. p95 (s),,V1,0.1691297528645773,0.19708363473146281,0.03153235401592971,10
slow500-owned-v1-qps2000-n24,pc valid. lat. p95 (s),,V2,0.05907497974133665,0.13128378536253024,0.024907985960135083,10
slow500-owned-v1-qps2000-n24,exec. lat. p95 (s),,V1,4.314891765644315,0.6862582788978601,0.04068199901497366,10
slow500-owned-v1-qps2000-n24,exec. lat. p95 (s),,V2,3.31095815733836,1.6174413330274238,0.2440391686150082,10
slow500-owned-v1-qps2000-n24,valid. drop. / sec,,V1,0.0,0.0,0.0,10
slow500-owned-v1-qps2000-n24,valid. drop. / sec,,V2,0.0,0.0,0.0,10
slow500-owned-v1-qps2000-n24,final. lat. p50 (s),,V1,nan,nan,nan,10
slow500-owned-v1-qps2000-n24,final. lat. p50 (s),,V2,nan,nan,nan,10
slow500-owned-v1-qps2000-n24,final. lat. p95 (s),,V1,nan,nan,nan,10
slow500-owned-v1-qps2000-n24,final. lat. p95 (s),,V2,nan,nan,nan,10
slow500-owned-v1-qps2000-n24,final. lat. p99 (s),,V1,nan,nan,nan,10
slow500-owned-v1-qps2000-n24,final. lat. p99 (s),,V2,nan,nan,nan,10
slow500-owned-v1-qps2000-n24,submit lat. p50 (s),,V1,nan,nan,nan,10
slow500-owned-v1-qps2000-n24,submit lat. p50 (s),,V2,nan,nan,nan,10
slow500-owned-v1-qps2000-n24,submit lat. p95 (s),,V1,nan,nan,nan,10
slow500-owned-v1-qps2000-n24,submit lat. p95 (s),,V2,nan,nan,nan,10
slow500-owned-v1-qps2000-n24,ckpt lag p50 (s),,V1,24.23903015759252,13.914735393171084,1.772832083768116,10
slow500-owned-v1-qps2000-n24,ckpt lag p50 (s),,V2,4.361365566261076,8.997592631876117,1.0443426875447765,10
slow500-owned-v1-qps2000-n24,ckpt lag p95 (s),,V1,31.795058491060207,18.957192148915272,2.363125044278375,10
slow500-owned-v1-qps2000-n24,ckpt lag p95 (s),,V2,8.40150556784792,10.460558974707128,1.0532666982442145,10
slow500-owned-v1-qps2000-n24,ckpt lag p99 (s),,V1,33.37258427483213,19.659093492414527,2.464322805151612,10
slow500-owned-v1-qps2000-n24,ckpt lag p99 (s),,V2,11.250973842665397,10.75192492592902,1.0575107329472906,10
slow500-owned-v1-qps2000-n24,exec. dispatch queue,,V1,1447.3,114.91479452185432,38.30493150728477,10
slow500-owned-v1-qps2000-n24,exec. dispatch queue,,V2,1354.8,245.6244287525164,81.87480958417213,10
slow500-owned-v1-qps2000-n24,pending txs,,V1,9.2,2.9933259094191533,0.9977753031397177,10
slow500-owned-v1-qps2000-n24,pending txs,,V2,11.9,6.818357573492315,2.272785857830771,10
slow500-owned-v1-qps2000-n24,exec. queue. delay p95 (s),,V1,12.075503472222222,5.801471447071332,1.7587817992921673,10
slow500-owned-v1-qps2000-n24,exec. queue. delay p95 (s),,V2,7.568859338061467,5.741455895841599,1.611690192901495,10
slow500-owned-v1-qps2000-n24,post-cons shed drops / sec,,V1,0.0,0.0,0.0,10
slow500-owned-v1-qps2000-n24,post-cons shed drops / sec,,V2,0.0,0.0,0.0,10
slow500-owned-v1-qps2000-n24,shed % quorum,,V1,0.0,0.0,0.0,10
slow500-owned-v1-qps2000-n24,shed % quorum,,V2,0.0,0.0,0.0,10
slow500-owned-v1-qps2000-n24,shed % local,,V1,0.0,0.0,0.0,10
slow500-owned-v1-qps2000-n24,shed % local,,V2,14.7,28.750826075088693,9.58360869169623,10
slow500-owned-v1-qps2000-n24,shed % cons-queue,,V1,0.0,0.0,0.0,10
slow500-owned-v1-qps2000-n24,shed % cons-queue,,V2,0.0,0.0,0.0,10
slow500-owned-v1-qps2000-n24,pre-cons overload rej / sec,,V1,167.1028454263955,200.88165074268673,8.128298358587568,10
slow500-owned-v1-qps2000-n24,pre-cons overload rej / sec,,V2,202.35398236331568,604.472217862246,94.80011419206937,10
slow500-owned-v1-qps2000-n24,node CPU,,V1,4.143488131561931,0.9729442627032009,0.09479652086029729,10
slow500-owned-v1-qps2000-n24,node CPU,,V2,8.916871541950485,9.714836921691502,0.4212027870212383,10
slow500-owned-v1-qps2000-n24,node memory RSS (bytes),,V1,691143594.527005,40098170.36223798,5526205.0319666555,10
slow500-owned-v1-qps2000-n24,node memory RSS (bytes),,V2,905960942.4026186,113901309.91355458,13907398.92499636,10
slow500-owned-v1-qps2000-n24,overload graduated / sec,,V1,nan,nan,nan,10
slow500-owned-v1-qps2000-n24,overload graduated / sec,,V2,nan,nan,nan,10
slow500-owned-v1-qps2000-n24,overload max-pending / sec,,V1,nan,nan,nan,10
slow500-owned-v1-qps2000-n24,overload max-pending / sec,,V2,nan,nan,nan,10
slow500-owned-v1-qps2000-n24,overload semaphore / sec,,V1,167.31826094233827,200.80226768965272,8.141815026242238,10
slow500-owned-v1-qps2000-n24,overload semaphore / sec,,V2,202.355266313933,604.4705585100869,94.80096569777447,10
slow500-owned-v1-qps2000-n24,attest. exec p50 (s),,V1,nan,nan,nan,10
slow500-owned-v1-qps2000-n24,attest. exec p50 (s),,V2,2.562840286163693,1.9300550917224324,0.22029627499229085,10
slow500-owned-v1-qps2000-n24,attest. exec p95 (s),,V1,nan,nan,nan,10
slow500-owned-v1-qps2000-n24,attest. exec p95 (s),,V2,3.9622115914049205,2.029365271340649,0.1993159435513563,10
slow500-owned-v1-qps2000-n24,attest. exec p99 (s),,V1,nan,nan,nan,10
slow500-owned-v1-qps2000-n24,attest. exec p99 (s),,V2,4.4823355567653715,2.0224462502282448,0.21418114903057692,10
slow500-owned-v1-qps2000-n24,attest. wait p50 (s),,V1,nan,nan,nan,10
slow500-owned-v1-qps2000-n24,attest. wait p50 (s),,V2,2.107848525999877,2.209934375720454,0.2635510883458414,10
slow500-owned-v1-qps2000-n24,attest. wait p95 (s),,V1,nan,nan,nan,10
slow500-owned-v1-qps2000-n24,attest. wait p95 (s),,V2,6.126693503802843,4.867857794476378,0.7441591761378024,10
slow500-owned-v1-qps2000-n24,attest. wait p99 (s),,V1,nan,nan,nan,10
slow500-owned-v1-qps2000-n24,attest. wait p99 (s),,V2,8.78180799868459,6.986260774003255,1.0693062302808853,10
slow500-owned-v1-qps2000-n24,attest. resume p50 (s),,V1,nan,nan,nan,10
slow500-owned-v1-qps2000-n24,attest. resume p50 (s),,V2,0.9217711295720091,2.3562181897883185,0.253593414884768,10
slow500-owned-v1-qps2000-n24,attest. resume p95 (s),,V1,nan,nan,nan,10
slow500-owned-v1-qps2000-n24,attest. resume p95 (s),,V2,3.797016969124721,4.566135416526209,0.6555410398435542,10
slow500-owned-v1-qps2000-n24,attest. resume p99 (s),,V1,nan,nan,nan,10
slow500-owned-v1-qps2000-n24,attest. resume p99 (s),,V2,5.104174808813468,5.693474421270598,0.7477140255466684,10
slow500-owned-v1-qps2000-n24,num_inflight,,V1,2194.1,331.46385926673815,110.4879530889127,10
slow500-owned-v1-qps2000-n24,num_inflight,,V2,2501.4,646.5078808491045,215.50262694970152,10
slow500-owned-v1-qps2000-n24,CUs,,V1,nan,nan,nan,10
slow500-owned-v1-qps2000-n24,CUs,,V2,1372011.5449611647,269.5198321476117,10.505914659891275,10
slow500-owned-v24-qps2000-n24,TPS,,V1,12.497756200396825,19.802825580370314,1.6751639165458476,10
slow500-owned-v24-qps2000-n24,TPS,,V2,12.257170061193838,9.615776084789097,0.7545899679466739,10
slow500-owned-v24-qps2000-n24,attest. full p50 (s),,V1,nan,nan,nan,10
slow500-owned-v24-qps2000-n24,attest. full p50 (s),,V2,6.124811686159843,1.9508860932913854,0.23804065158361876,10
slow500-owned-v24-qps2000-n24,attest. full p95 (s),,V1,nan,nan,nan,10
slow500-owned-v24-qps2000-n24,attest. full p95 (s),,V2,13.206908329066156,4.953156825754903,0.45750006996698755,10
slow500-owned-v24-qps2000-n24,attest. full p99 (s),,V1,nan,nan,nan,10
slow500-owned-v24-qps2000-n24,attest. full p99 (s),,V2,16.50009962538527,6.822596499266494,0.6230525368248716,10
slow500-owned-v24-qps2000-n24,attest. / sec,,V1,0.0,0.0,0.0,10
slow500-owned-v24-qps2000-n24,attest. / sec,,V2,43.35999074074074,22.374769651631503,1.555072638079883,10
slow500-owned-v24-qps2000-n24,host CPU,,V1,83.2532688936185,30.957109556346804,1.2929852990864505,10
slow500-owned-v24-qps2000-n24,host CPU,,V2,85.40830120232445,30.109662168331994,0.22019081189849746,10
slow500-owned-v24-qps2000-n24,rec. → exec. p50 (s),,V1,28.909864416872107,15.77041718715935,0.18189064257911333,10
slow500-owned-v24-qps2000-n24,rec. → exec. p50 (s),,V2,29.988275607793092,15.210018215616405,0.5516568610392714,10
slow500-owned-v24-qps2000-n24,rec. → exec. p95 (s),,V1,39.37427776652811,20.21760610985901,0.1371160428186342,10
slow500-owned-v24-qps2000-n24,rec. → exec. p95 (s),,V2,39.62308013086998,20.20673028849648,0.6596852196809512,10
slow500-owned-v24-qps2000-n24,rec. → exec. p99 (s),,V1,40.663831165066036,20.564446413322333,0.13710923911521078,10
slow500-owned-v24-qps2000-n24,rec. → exec. p99 (s),,V2,40.65862599570768,20.820615565542113,0.6658794303672982,10
slow500-owned-v24-qps2000-n24,pc valid. lat. p50 (s),,V1,0.07647121101654955,0.1351098009771696,0.019131639587952335,10
slow500-owned-v24-qps2000-n24,pc valid. lat. p50 (s),,V2,0.010744348785395291,0.05200390647537812,0.006975199941433518,10
slow500-owned-v24-qps2000-n24,pc valid. lat. p95 (s),,V1,0.35962918523484966,0.3630979060179679,0.06477262374858524,10
slow500-owned-v24-qps2000-n24,pc valid. lat. p95 (s),,V2,0.15527384350928292,0.23787850608993896,0.03111663757619869,10
slow500-owned-v24-qps2000-n24,exec. lat. p95 (s),,V1,4.5060500667304595,0.5784129421886456,0.037286496302357267,10
slow500-owned-v24-qps2000-n24,exec. lat. p95 (s),,V2,4.520916869682359,1.1179104400353113,0.11167740647005625,10
slow500-owned-v24-qps2000-n24,valid. drop. / sec,,V1,0.0,0.0,0.0,10
slow500-owned-v24-qps2000-n24,valid. drop. / sec,,V2,0.0,0.0,0.0,10
slow500-owned-v24-qps2000-n24,final. lat. p50 (s),,V1,nan,nan,nan,10
slow500-owned-v24-qps2000-n24,final. lat. p50 (s),,V2,nan,nan,nan,10
slow500-owned-v24-qps2000-n24,final. lat. p95 (s),,V1,nan,nan,nan,10
slow500-owned-v24-qps2000-n24,final. lat. p95 (s),,V2,nan,nan,nan,10
slow500-owned-v24-qps2000-n24,final. lat. p99 (s),,V1,nan,nan,nan,10
slow500-owned-v24-qps2000-n24,final. lat. p99 (s),,V2,nan,nan,nan,10
slow500-owned-v24-qps2000-n24,submit lat. p50 (s),,V1,nan,nan,nan,10
slow500-owned-v24-qps2000-n24,submit lat. p50 (s),,V2,nan,nan,nan,10
slow500-owned-v24-qps2000-n24,submit lat. p95 (s),,V1,nan,nan,nan,10
slow500-owned-v24-qps2000-n24,submit lat. p95 (s),,V2,nan,nan,nan,10
slow500-owned-v24-qps2000-n24,ckpt lag p50 (s),,V1,27.061850236131907,15.088725050285861,1.4835949301365234,10
slow500-owned-v24-qps2000-n24,ckpt lag p50 (s),,V2,19.872420878247794,15.797900808848782,0.7512327942798199,10
slow500-owned-v24-qps2000-n24,ckpt lag p95 (s),,V1,35.35845607627152,20.24017623344032,1.7143739921762695,10
slow500-owned-v24-qps2000-n24,ckpt lag p95 (s),,V2,30.859881695071877,21.842558910087774,0.5893278339207848,10
slow500-owned-v24-qps2000-n24,ckpt lag p99 (s),,V1,36.66776406814785,20.65727899638275,1.711790974877561,10
slow500-owned-v24-qps2000-n24,ckpt lag p99 (s),,V2,34.79451677014589,22.564471803689333,0.710773008066454,10
slow500-owned-v24-qps2000-n24,exec. dispatch queue,,V1,3346.1,769.0263259472981,256.3421086490994,10
slow500-owned-v24-qps2000-n24,exec. dispatch queue,,V2,1183.9,494.87926810485806,164.95975603495268,10
slow500-owned-v24-qps2000-n24,pending txs,,V1,11.8,6.144916598294887,2.048305532764962,10
slow500-owned-v24-qps2000-n24,pending txs,,V2,41.6,58.934200596936925,19.644733532312305,10
slow500-owned-v24-qps2000-n24,exec. queue. delay p95 (s),,V1,12.529497039556563,5.953169524120972,1.4154494457269362,10
slow500-owned-v24-qps2000-n24,exec. queue. delay p95 (s),,V2,3.898560606060604,2.578072382313599,1.3275784908032202,10
slow500-owned-v24-qps2000-n24,post-cons shed drops / sec,,V1,0.0,0.0,0.0,10
slow500-owned-v24-qps2000-n24,post-cons shed drops / sec,,V2,0.0,0.0,0.0,10
slow500-owned-v24-qps2000-n24,shed % quorum,,V1,0.0,0.0,0.0,10
slow500-owned-v24-qps2000-n24,shed % quorum,,V2,0.0,0.0,0.0,10
slow500-owned-v24-qps2000-n24,shed % local,,V1,8.1,24.3,8.099999999999998,10
slow500-owned-v24-qps2000-n24,shed % local,,V2,3.6,10.8,3.6,10
slow500-owned-v24-qps2000-n24,shed % cons-queue,,V1,0.0,0.0,0.0,10
slow500-owned-v24-qps2000-n24,shed % cons-queue,,V2,0.0,0.0,0.0,10
slow500-owned-v24-qps2000-n24,pre-cons overload rej / sec,,V1,42.62567750677507,50.339644292406085,20.07142200634103,10
slow500-owned-v24-qps2000-n24,pre-cons overload rej / sec,,V2,5.80979365079365,8.166050794122237,4.841494708994707,10
slow500-owned-v24-qps2000-n24,node CPU,,V1,4.354102850531474,0.7831103597654077,0.06306133574964026,10
slow500-owned-v24-qps2000-n24,node CPU,,V2,5.299947927164738,1.5616895177188912,0.1846596737262777,10
slow500-owned-v24-qps2000-n24,node memory RSS (bytes),,V1,733992232.8599348,56953680.11141743,4387084.892308559,10
slow500-owned-v24-qps2000-n24,node memory RSS (bytes),,V2,829420626.121113,74900604.58776926,4928116.003651492,10
slow500-owned-v24-qps2000-n24,overload graduated / sec,,V1,nan,nan,nan,10
slow500-owned-v24-qps2000-n24,overload graduated / sec,,V2,nan,nan,nan,10
slow500-owned-v24-qps2000-n24,overload max-pending / sec,,V1,nan,nan,nan,10
slow500-owned-v24-qps2000-n24,overload max-pending / sec,,V2,nan,nan,nan,10
slow500-owned-v24-qps2000-n24,overload semaphore / sec,,V1,42.410549748354626,49.88292130205583,19.966426923447266,10
slow500-owned-v24-qps2000-n24,overload semaphore / sec,,V2,5.80979365079365,8.166050794122237,4.841494708994707,10
slow500-owned-v24-qps2000-n24,attest. exec p50 (s),,V1,nan,nan,nan,10
slow500-owned-v24-qps2000-n24,attest. exec p50 (s),,V2,3.465278801252726,0.7920589693367214,0.11911919556387876,10
slow500-owned-v24-qps2000-n24,attest. exec p95 (s),,V1,nan,nan,nan,10
slow500-owned-v24-qps2000-n24,attest. exec p95 (s),,V2,5.209817124257924,0.9723158474869196,0.13186451988800119,10
slow500-owned-v24-qps2000-n24,attest. exec p99 (s),,V1,nan,nan,nan,10
slow500-owned-v24-qps2000-n24,attest. exec p99 (s),,V2,5.948570514435766,1.07879788656896,0.1423331888824641,10
slow500-owned-v24-qps2000-n24,attest. wait p50 (s),,V1,nan,nan,nan,10
slow500-owned-v24-qps2000-n24,attest. wait p50 (s),,V2,1.7098556080828202,1.3450283016516968,0.06774939808850358,10
slow500-owned-v24-qps2000-n24,attest. wait p95 (s),,V1,nan,nan,nan,10
slow500-owned-v24-qps2000-n24,attest. wait p95 (s),,V2,6.378806181706365,1.6872408300595325,0.1942468963281473,10
slow500-owned-v24-qps2000-n24,attest. wait p99 (s),,V1,nan,nan,nan,10
slow500-owned-v24-qps2000-n24,attest. wait p99 (s),,V2,9.41639923856442,2.728412891987923,0.267322605298045,10
slow500-owned-v24-qps2000-n24,attest. resume p50 (s),,V1,nan,nan,nan,10
slow500-owned-v24-qps2000-n24,attest. resume p50 (s),,V2,0.1354946045119338,0.2672590576684977,0.026067218712499826,10
slow500-owned-v24-qps2000-n24,attest. resume p95 (s),,V1,nan,nan,nan,10
slow500-owned-v24-qps2000-n24,attest. resume p95 (s),,V2,5.823927390537108,4.395746859024451,0.4419181345220868,10
slow500-owned-v24-qps2000-n24,attest. resume p99 (s),,V1,nan,nan,nan,10
slow500-owned-v24-qps2000-n24,attest. resume p99 (s),,V2,8.456962612757067,5.822076953246824,0.4902173273762139,10
slow500-owned-v24-qps2000-n24,num_inflight,,V1,1312.8,326.03766653563207,108.67922217854401,10
slow500-owned-v24-qps2000-n24,num_inflight,,V2,1595.9,140.94711774279034,46.982372580930104,10
slow500-owned-v24-qps2000-n24,CUs,,V1,nan,nan,nan,10
slow500-owned-v24-qps2000-n24,CUs,,V2,1372000.0,1.9704044227732759e-10,0.0,10
