config,metric,unit,version,center,std,sem,n_iters
slow0-owned-f1-qps200-n48,TPS,,V1,198.34393862674574,88.56883844065172,0.4281561868788976,10
slow0-owned-f1-qps200-n48,TPS,,V2,198.44527864454605,87.46261444453289,0.37689235499753265,10
slow0-owned-f1-qps200-n48,attest. full p50 (s),,V1,nan,nan,nan,10
slow0-owned-f1-qps200-n48,attest. full p50 (s),,V2,0.002630448133638797,0.00019111997032448134,2.020405385242875e-05,10
slow0-owned-f1-qps200-n48,attest. full p95 (s),,V1,nan,nan,nan,10
slow0-owned-f1-qps200-n48,attest. full p95 (s),,V2,0.016937711066182203,0.001362732505211029,0.00014453322803849233,10
slow0-owned-f1-qps200-n48,attest. full p99 (s),,V1,nan,nan,nan,10
slow0-owned-f1-qps200-n48,attest. full p99 (s),,V2,0.024531112890429307,0.0012762646613041996,0.00014747458305440863,10
slow0-owned-f1-qps200-n48,attest. / sec,,V1,0.0,0.0,0.0,10
slow0-owned-f1-qps200-n48,attest. / sec,,V2,19.089227357609712,7.290379580738627,0.23354396630495286,10
slow0-owned-f1-qps200-n48,host CPU,,V1,82.66703724054233,32.235901635881646,0.4462625974118169,10
slow0-owned-f1-qps200-n48,host CPU,,V2,81.82544978022202,33.13922133569325,0.2324014414782685,10
slow0-owned-f1-qps200-n48,rec. → exec. p50 (s),,V1,0.6067510590204522,0.16754595014880996,0.013279787327893033,10
slow0-owned-f1-qps200-n48,rec. → exec. p50 (s),,V2,0.6130733943966249,0.12094874127132726,0.012135118327317082,10
slow0-owned-f1-qps200-n48,rec. → exec. p95 (s),,V1,1.011983015696764,0.2382639466269413,0.037142209077250715,10
slow0-owned-f1-qps200-n48,rec. → exec. p95 (s),,V2,0.9556636754544591,0.04221305797478308,0.0022603843073067133,10
slow0-owned-f1-qps200-n48,rec. → exec. p99 (s),,V1,1.0652056292323957,0.270227499762958,0.044311091402476264,10
slow0-owned-f1-qps200-n48,rec. → exec. p99 (s),,V2,1.0191526683734633,0.15572775970170377,0.020282672221360796,10
slow0-owned-f1-qps200-n48,pc valid. lat. p50 (s),,V1,0.0007076365280194512,1.8719290659674523e-05,2.282466479309918e-06,10
slow0-owned-f1-qps200-n48,pc valid. lat. p50 (s),,V2,0.0005967699062238433,2.4367444293209284e-05,3.557783548014099e-06,10
slow0-owned-f1-qps200-n48,pc valid. lat. p95 (s),,V1,0.0065894711341900735,0.0006673226609322104,6.62428069847595e-05,10
slow0-owned-f1-qps200-n48,pc valid. lat. p95 (s),,V2,0.005372633148685044,0.0004418266271353656,5.559068324169354e-05,10
slow0-owned-f1-qps200-n48,exec. lat. p95 (s),,V1,0.006340386816644874,0.0026131188173286264,7.582715904835614e-05,10
slow0-owned-f1-qps200-n48,exec. lat. p95 (s),,V2,0.0063473029785502295,0.0028299221396065914,0.0001086792832639618,10
slow0-owned-f1-qps200-n48,valid. drop. / sec,,V1,0.0,0.0,0.0,10
slow0-owned-f1-qps200-n48,valid. drop. / sec,,V2,0.0,0.0,0.0,10
slow0-owned-f1-qps200-n48,final. lat. p50 (s),,V1,0.47069726273381485,0.012325792268955287,0.0017613469944873382,10
slow0-owned-f1-qps200-n48,final. lat. p50 (s),,V2,0.4762302854467496,0.00998776246440372,0.0014797005701432837,10
slow0-owned-f1-qps200-n48,final. lat. p95 (s),,V1,0.6174134808508757,0.10497672124247714,0.013207992323638883,10
slow0-owned-f1-qps200-n48,final. lat. p95 (s),,V2,0.6113291552267499,0.04684075761559262,0.0039058831191004727,10
slow0-owned-f1-qps200-n48,final. lat. p99 (s),,V1,0.6812375055376027,0.15444740160335052,0.02129336190674913,10
slow0-owned-f1-qps200-n48,final. lat. p99 (s),,V2,0.6737006971330685,0.08074659008309501,0.0075508233681743425,10
slow0-owned-f1-qps200-n48,submit lat. p50 (s),,V1,0.019879112118448148,0.0010523322677785342,0.00018574457584630041,10
slow0-owned-f1-qps200-n48,submit lat. p50 (s),,V2,0.023129134919209093,0.0010944632448769665,0.0001200040481412859,10
slow0-owned-f1-qps200-n48,submit lat. p95 (s),,V1,0.05660218954507995,0.0058466571257318545,0.0007325038260376386,10
slow0-owned-f1-qps200-n48,submit lat. p95 (s),,V2,0.06308075889120539,0.004293640323755279,0.0003981397524982676,10
slow0-owned-f1-qps200-n48,ckpt lag p50 (s),,V1,0.2892729853131894,0.007927029675669052,0.0010701631404886518,10
slow0-owned-f1-qps200-n48,ckpt lag p50 (s),,V2,0.2905016990732664,0.007250589607465948,0.0008699416212915417,10
slow0-owned-f1-qps200-n48,ckpt lag p95 (s),,V1,0.3975645135614799,0.08821703787794515,0.011489090117368343,10
slow0-owned-f1-qps200-n48,ckpt lag p95 (s),,V2,0.3874866146349262,0.036210845412927635,0.0034991213345530866,10
slow0-owned-f1-qps200-n48,ckpt lag p99 (s),,V1,0.46657985712906497,0.12519195911621955,0.015914726983918652,10
slow0-owned-f1-qps200-n48,ckpt lag p99 (s),,V2,0.4565541254984123,0.0692379794073333,0.008071379274612782,10
slow0-owned-f1-qps200-n48,exec. dispatch queue,,V1,41.5,43.18159330084984,14.393864433616613,10
slow0-owned-f1-qps200-n48,exec. dispatch queue,,V2,27.6,10.287856919689348,3.4292856398964493,10
slow0-owned-f1-qps200-n48,pending txs,,V1,2.4,0.66332495807108,0.22110831935702666,10
slow0-owned-f1-qps200-n48,pending txs,,V2,2.1,0.8306623862918076,0.27688746209726917,10
slow0-owned-f1-qps200-n48,exec. queue. delay p95 (s),,V1,0.0013552968970993368,0.0023090241164327742,0.0004466909863247329,10
slow0-owned-f1-qps200-n48,exec. queue. delay p95 (s),,V2,0.000964024150052604,0.0008682049655369541,0.00015140248133178796,10
slow0-owned-f1-qps200-n48,post-cons shed drops / sec,,V1,0.0,0.0,0.0,10
slow0-owned-f1-qps200-n48,post-cons shed drops / sec,,V2,0.0,0.0,0.0,10
slow0-owned-f1-qps200-n48,shed % quorum,,V1,0.0,0.0,0.0,10
slow0-owned-f1-qps200-n48,shed % quorum,,V2,0.0,0.0,0.0,10
slow0-owned-f1-qps200-n48,shed % local,,V1,0.0,0.0,0.0,10
slow0-owned-f1-qps200-n48,shed % local,,V2,0.0,0.0,0.0,10
slow0-owned-f1-qps200-n48,shed % cons-queue,,V1,0.0,0.0,0.0,10
slow0-owned-f1-qps200-n48,shed % cons-queue,,V2,0.0,0.0,0.0,10
slow0-owned-f1-qps200-n48,pre-cons overload rej / sec,,V1,nan,nan,nan,10
slow0-owned-f1-qps200-n48,pre-cons overload rej / sec,,V2,nan,nan,nan,10
slow0-owned-f1-qps200-n48,node CPU,,V1,2.0158329472627146,0.4961145365503498,0.00885974702264434,10
slow0-owned-f1-qps200-n48,node CPU,,V2,1.99308124182794,0.516707808102723,0.008840529774227905,10
slow0-owned-f1-qps200-n48,node memory RSS (bytes),,V1,1501270189.2656515,66273627.66934863,3079640.9320076015,10
slow0-owned-f1-qps200-n48,node memory RSS (bytes),,V2,1500981316.7248323,69670611.15671204,3571059.1779669328,10
slow0-owned-f1-qps200-n48,overload graduated / sec,,V1,nan,nan,nan,10
slow0-owned-f1-qps200-n48,overload graduated / sec,,V2,nan,nan,nan,10
slow0-owned-f1-qps200-n48,overload max-pending / sec,,V1,nan,nan,nan,10
slow0-owned-f1-qps200-n48,overload max-pending / sec,,V2,nan,nan,nan,10
slow0-owned-f1-qps200-n48,overload semaphore / sec,,V1,nan,nan,nan,10
slow0-owned-f1-qps200-n48,overload semaphore / sec,,V2,nan,nan,nan,10
slow0-owned-f1-qps200-n48,attest. exec p50 (s),,V1,nan,nan,nan,10
slow0-owned-f1-qps200-n48,attest. exec p50 (s),,V2,0.000520766559792947,4.653400737699025e-06,3.024244120905619e-07,10
slow0-owned-f1-qps200-n48,attest. exec p95 (s),,V1,nan,nan,nan,10
slow0-owned-f1-qps200-n48,attest. exec p95 (s),,V2,0.0010050986542472677,0.00014576434572665127,7.3307498665835e-06,10
slow0-owned-f1-qps200-n48,attest. exec p99 (s),,V1,nan,nan,nan,10
slow0-owned-f1-qps200-n48,attest. exec p99 (s),,V2,0.004387961246809908,0.0009019438970357002,5.982242888189144e-05,10
slow0-owned-f1-qps200-n48,attest. wait p50 (s),,V1,nan,nan,nan,10
slow0-owned-f1-qps200-n48,attest. wait p50 (s),,V2,0.0011535125308725796,0.00023097512710284132,2.7194053744872055e-05,10
slow0-owned-f1-qps200-n48,attest. wait p95 (s),,V1,nan,nan,nan,10
slow0-owned-f1-qps200-n48,attest. wait p95 (s),,V2,0.014350639891490732,0.0016236790067640082,0.00019990705759062154,10
slow0-owned-f1-qps200-n48,attest. wait p99 (s),,V1,nan,nan,nan,10
slow0-owned-f1-qps200-n48,attest. wait p99 (s),,V2,0.023821815464038918,0.001104885188413229,9.998146330128154e-05,10
slow0-owned-f1-qps200-n48,attest. resume p50 (s),,V1,nan,nan,nan,10
slow0-owned-f1-qps200-n48,attest. resume p50 (s),,V2,0.0005709157838552339,1.1715880999063644e-05,8.955859947089717e-07,10
slow0-owned-f1-qps200-n48,attest. resume p95 (s),,V1,nan,nan,nan,10
slow0-owned-f1-qps200-n48,attest. resume p95 (s),,V2,0.003643843745090744,0.00035107937488595194,2.653340784936453e-05,10
slow0-owned-f1-qps200-n48,attest. resume p99 (s),,V1,nan,nan,nan,10
slow0-owned-f1-qps200-n48,attest. resume p99 (s),,V2,0.0062054810943343395,0.0013749322282369612,0.00013433423893611217,10
slow0-owned-f1-qps200-n48,num_inflight,,V1,22.2,3.682390527904394,1.2274635093014645,10
slow0-owned-f1-qps200-n48,num_inflight,,V2,19.8,1.0770329614269007,0.3590109871423002,10
slow0-owned-f1-qps200-n48,CUs,,V1,nan,nan,nan,10
slow0-owned-f1-qps200-n48,CUs,,V2,1000.0,2.005382708365884e-13,0.0,10
slow0-owned-v1-qps200-n48,TPS,,V1,200.22540932970296,83.49444670932066,0.29152232110191784,10
slow0-owned-v1-qps200-n48,TPS,,V2,199.30841468033142,84.27306812905685,0.29488038199809496,10
slow0-owned-v1-qps200-n48,attest. full p50 (s),,V1,nan,nan,nan,10
slow0-owned-v1-qps200-n48,attest. full p50 (s),,V2,0.0037525738588939663,0.00035280190397171955,5.9280572359088545e-05,10
slow0-owned-v1-qps200-n48,attest. full p95 (s),,V1,nan,nan,nan,10
slow0-owned-v1-qps200-n48,attest. full p95 (s),,V2,0.027919173361495186,0.004549645580497471,0.0005789057628559519,10
slow0-owned-v1-qps200-n48,attest. full p99 (s),,V1,nan,nan,nan,10
slow0-owned-v1-qps200-n48,attest. full p99 (s),,V2,0.0493916770925357,0.007922609496899373,0.001143776675475797,10
slow0-owned-v1-qps200-n48,attest. / sec,,V1,0.0,0.0,0.0,10
slow0-owned-v1-qps200-n48,attest. / sec,,V2,183.36657855685402,81.34937294775376,0.5884071527190464,10
slow0-owned-v1-qps200-n48,host CPU,,V1,83.47527799099701,31.0680480510208,0.43419019387548063,10
slow0-owned-v1-qps200-n48,host CPU,,V2,83.07661926675952,32.097620998290104,0.29675445623098795,10
slow0-owned-v1-qps200-n48,rec. → exec. p50 (s),,V1,0.39067711589685894,0.011345150410649223,0.0007998839551500183,10
slow0-owned-v1-qps200-n48,rec. → exec. p50 (s),,V2,0.4072892351590879,0.03240935588735045,0.004281415421139516,10
slow0-owned-v1-qps200-n48,rec. → exec. p95 (s),,V1,0.6998848383417438,0.14860468610827085,0.01267722338308458,10
slow0-owned-v1-qps200-n48,rec. → exec. p95 (s),,V2,0.8197177560755291,0.09763396938457385,0.009240517516168655,10
slow0-owned-v1-qps200-n48,rec. → exec. p99 (s),,V1,0.9366006250893825,0.12924235333141748,0.012156238662005532,10
slow0-owned-v1-qps200-n48,rec. → exec. p99 (s),,V2,0.963641951703317,0.02073679818303705,0.0019057069841009878,10
slow0-owned-v1-qps200-n48,pc valid. lat. p50 (s),,V1,0.0005818401957620529,2.251616790339951e-05,2.195980765969876e-06,10
slow0-owned-v1-qps200-n48,pc valid. lat. p50 (s),,V2,0.0005240485135476886,2.75781055916533e-05,2.6930236316618086e-06,10
slow0-owned-v1-qps200-n48,pc valid. lat. p95 (s),,V1,0.006399102058454656,0.00048600703708250644,4.4712049108073336e-05,10
slow0-owned-v1-qps200-n48,pc valid. lat. p95 (s),,V2,0.005255100603431384,0.0003850313799575882,2.390485387445559e-05,10
slow0-owned-v1-qps200-n48,exec. lat. p95 (s),,V1,0.005421775846873139,0.001036523529031787,5.2021002604905694e-05,10
slow0-owned-v1-qps200-n48,exec. lat. p95 (s),,V2,0.0055122075199872545,0.001093132147085884,3.6227575528341934e-05,10
slow0-owned-v1-qps200-n48,valid. drop. / sec,,V1,0.0,0.0,0.0,10
slow0-owned-v1-qps200-n48,valid. drop. / sec,,V2,0.0,0.0,0.0,10
slow0-owned-v1-qps200-n48,final. lat. p50 (s),,V1,nan,nan,nan,10
slow0-owned-v1-qps200-n48,final. lat. p50 (s),,V2,nan,nan,nan,10
slow0-owned-v1-qps200-n48,final. lat. p95 (s),,V1,nan,nan,nan,10
slow0-owned-v1-qps200-n48,final. lat. p95 (s),,V2,nan,nan,nan,10
slow0-owned-v1-qps200-n48,final. lat. p99 (s),,V1,nan,nan,nan,10
slow0-owned-v1-qps200-n48,final. lat. p99 (s),,V2,nan,nan,nan,10
slow0-owned-v1-qps200-n48,submit lat. p50 (s),,V1,nan,nan,nan,10
slow0-owned-v1-qps200-n48,submit lat. p50 (s),,V2,nan,nan,nan,10
slow0-owned-v1-qps200-n48,submit lat. p95 (s),,V1,nan,nan,nan,10
slow0-owned-v1-qps200-n48,submit lat. p95 (s),,V2,nan,nan,nan,10
slow0-owned-v1-qps200-n48,ckpt lag p50 (s),,V1,0.2767543683180206,0.00454573742478295,0.0004329256402329518,10
slow0-owned-v1-qps200-n48,ckpt lag p50 (s),,V2,0.27667124249324243,0.005653947567225177,0.0006009773476378626,10
slow0-owned-v1-qps200-n48,ckpt lag p95 (s),,V1,0.3714870644836195,0.04220296495909673,0.0032175029373178034,10
slow0-owned-v1-qps200-n48,ckpt lag p95 (s),,V2,0.3614532851140994,0.02887607152757607,0.0017591624080458392,10
slow0-owned-v1-qps200-n48,ckpt lag p99 (s),,V1,0.44165135524550675,0.07949937953580827,0.008944686778441598,10
slow0-owned-v1-qps200-n48,ckpt lag p99 (s),,V2,0.4177651003253702,0.04537782678917853,0.004345513012023594,10
slow0-owned-v1-qps200-n48,exec. dispatch queue,,V1,29.4,9.210863151735564,3.070287717245188,10
slow0-owned-v1-qps200-n48,exec. dispatch queue,,V2,23.0,3.63318042491699,1.2110601416389966,10
slow0-owned-v1-qps200-n48,pending txs,,V1,1.8,0.9797958971132712,0.3265986323710904,10
slow0-owned-v1-qps200-n48,pending txs,,V2,1.8,1.0770329614269007,0.3590109871423002,10
slow0-owned-v1-qps200-n48,exec. queue. delay p95 (s),,V1,0.0007407647962784987,0.000707654738308671,0.00011447142936528032,10
slow0-owned-v1-qps200-n48,exec. queue. delay p95 (s),,V2,0.0005460007661983654,0.00016371378979615129,3.007668059889915e-05,10
slow0-owned-v1-qps200-n48,post-cons shed drops / sec,,V1,0.0,0.0,0.0,10
slow0-owned-v1-qps200-n48,post-cons shed drops / sec,,V2,0.0,0.0,0.0,10
slow0-owned-v1-qps200-n48,shed % quorum,,V1,0.0,0.0,0.0,10
slow0-owned-v1-qps200-n48,shed % quorum,,V2,0.0,0.0,0.0,10
slow0-owned-v1-qps200-n48,shed % local,,V1,0.0,0.0,0.0,10
slow0-owned-v1-qps200-n48,shed % local,,V2,0.0,0.0,0.0,10
slow0-owned-v1-qps200-n48,shed % cons-queue,,V1,0.0,0.0,0.0,10
slow0-owned-v1-qps200-n48,shed % cons-queue,,V2,0.0,0.0,0.0,10
slow0-owned-v1-qps200-n48,pre-cons overload rej / sec,,V1,nan,nan,nan,10
slow0-owned-v1-qps200-n48,pre-cons overload rej / sec,,V2,nan,nan,nan,10
slow0-owned-v1-qps200-n48,node CPU,,V1,2.015232893868886,0.5143605898031474,0.008545563050196596,10
slow0-owned-v1-qps200-n48,node CPU,,V2,2.0301511041728566,0.5056236221457473,0.0064034007447164145,10
slow0-owned-v1-qps200-n48,node memory RSS (bytes),,V1,1503862353.1909385,70334128.09622918,3426803.475518732,10
slow0-owned-v1-qps200-n48,node memory RSS (bytes),,V2,1496553715.88907,72652013.75952686,7998852.987668513,10
slow0-owned-v1-qps200-n48,overload graduated / sec,,V1,nan,nan,nan,10
slow0-owned-v1-qps200-n48,overload graduated / sec,,V2,nan,nan,nan,10
slow0-owned-v1-qps200-n48,overload max-pending / sec,,V1,nan,nan,nan,10
slow0-owned-v1-qps200-n48,overload max-pending / sec,,V2,nan,nan,nan,10
slow0-owned-v1-qps200-n48,overload semaphore / sec,,V1,nan,nan,nan,10
slow0-owned-v1-qps200-n48,overload semaphore / sec,,V2,nan,nan,nan,10
slow0-owned-v1-qps200-n48,attest. exec p50 (s),,V1,nan,nan,nan,10
slow0-owned-v1-qps200-n48,attest. exec p50 (s),,V2,0.0005180004151314764,2.307926142237962e-06,3.16843680510359e-07,10
slow0-owned-v1-qps200-n48,attest. exec p95 (s),,V1,nan,nan,nan,10
slow0-owned-v1-qps200-n48,attest. exec p95 (s),,V2,0.0009842007887498052,4.385059670252126e-06,6.020029929696607e-07,10
slow0-owned-v1-qps200-n48,attest. exec p99 (s),,V1,nan,nan,nan,10
slow0-owned-v1-qps200-n48,attest. exec p99 (s),,V2,0.004148902381748641,0.00021411547243009547,3.5141141483579485e-05,10
slow0-owned-v1-qps200-n48,attest. wait p50 (s),,V1,nan,nan,nan,10
slow0-owned-v1-qps200-n48,attest. wait p50 (s),,V2,0.0028466340877831577,0.0004314685321313164,7.235687324692306e-05,10
slow0-owned-v1-qps200-n48,attest. wait p95 (s),,V1,nan,nan,nan,10
slow0-owned-v1-qps200-n48,attest. wait p95 (s),,V2,0.02681613405033018,0.004191100061563329,0.0005288903122664878,10
slow0-owned-v1-qps200-n48,attest. wait p99 (s),,V1,nan,nan,nan,10
slow0-owned-v1-qps200-n48,attest. wait p99 (s),,V2,0.048666600303329435,0.007869257255367634,0.0010873261270025341,10
slow0-owned-v1-qps200-n48,attest. resume p50 (s),,V1,nan,nan,nan,10
slow0-owned-v1-qps200-n48,attest. resume p50 (s),,V2,0.0005528812256590085,6.257244567540382e-06,8.484059098350637e-07,10
slow0-owned-v1-qps200-n48,attest. resume p95 (s),,V1,nan,nan,nan,10
slow0-owned-v1-qps200-n48,attest. resume p95 (s),,V2,0.003096134135219504,0.00025146552937420184,3.611911121737483e-05,10
slow0-owned-v1-qps200-n48,attest. resume p99 (s),,V1,nan,nan,nan,10
slow0-owned-v1-qps200-n48,attest. resume p99 (s),,V2,0.005328506065450857,0.0007191996379177569,9.901184865138333e-05,10
slow0-owned-v1-qps200-n48,num_inflight,,V1,143.0,31.48650504581288,10.495501681937627,10
slow0-owned-v1-qps200-n48,num_inflight,,V2,132.9,19.41365498817778,6.471218329392593,10
slow0-owned-v1-qps200-n48,CUs,,V1,nan,nan,nan,10
slow0-owned-v1-qps200-n48,CUs,,V2,1000.0,1.95761786774912e-13,0.0,10
slow0-owned-v48-qps200-n48,TPS,,V1,198.93027575660048,84.35112095398634,0.3438468254640389,10
slow0-owned-v48-qps200-n48,TPS,,V2,199.3167440299234,84.19041215618674,0.27791536086936464,10
slow0-owned-v48-qps200-n48,attest. full p50 (s),,V1,nan,nan,nan,10
slow0-owned-v48-qps200-n48,attest. full p50 (s),,V2,0.0026804795598568253,0.000356586387028564,1.64066447419978e-05,10
slow0-owned-v48-qps200-n48,attest. full p95 (s),,V1,nan,nan,nan,10
slow0-owned-v48-qps200-n48,attest. full p95 (s),,V2,0.017101829443971504,0.0017565531786068677,0.00017329175988888384,10
slow0-owned-v48-qps200-n48,attest. full p99 (s),,V1,nan,nan,nan,10
slow0-owned-v48-qps200-n48,attest. full p99 (s),,V2,0.024520198360193507,0.0027902733029493984,0.00014298115163371804,10
slow0-owned-v48-qps200-n48,attest. / sec,,V1,0.0,0.0,0.0,10
slow0-owned-v48-qps200-n48,attest. / sec,,V2,21.039360036099165,8.133188208233479,0.19645927033219554,10
slow0-owned-v48-qps200-n48,host CPU,,V1,82.91099959724545,32.03481943842,0.5010777420221967,10
slow0-owned-v48-qps200-n48,host CPU,,V2,83.02688256929918,32.03584580682816,0.38970321911295663,10
slow0-owned-v48-qps200-n48,rec. → exec. p50 (s),,V1,0.46685679731604507,0.11715933196796005,0.008856097432529898,10
slow0-owned-v48-qps200-n48,rec. → exec. p50 (s),,V2,0.4603911779702464,0.11361053946278495,0.007124457458258585,10
slow0-owned-v48-qps200-n48,rec. → exec. p95 (s),,V1,0.8822359636161434,0.09863089695414419,0.008723171980824661,10
slow0-owned-v48-qps200-n48,rec. → exec. p95 (s),,V2,0.8654585531375774,0.1006329848940498,0.006032763142290038,10
slow0-owned-v48-qps200-n48,rec. → exec. p99 (s),,V1,1.0093722870593869,0.18038107411295498,0.022166248479771392,10
slow0-owned-v48-qps200-n48,rec. → exec. p99 (s),,V2,0.964503072550334,0.07020397767467162,0.0026311794921749336,10
slow0-owned-v48-qps200-n48,pc valid. lat. p50 (s),,V1,0.0006955909888521695,2.4160886249094757e-05,2.1728266486864205e-06,10
slow0-owned-v48-qps200-n48,pc valid. lat. p50 (s),,V2,0.0005714822978924697,3.9881075992352215e-05,3.3005229633446657e-06,10
slow0-owned-v48-qps200-n48,pc valid. lat. p95 (s),,V1,0.006429542469521314,0.0005686884526496641,2.829163946244447e-05,10
slow0-owned-v48-qps200-n48,pc valid. lat. p95 (s),,V2,0.005220739254042965,0.000406186357052264,4.575697963184356e-05,10
slow0-owned-v48-qps200-n48,exec. lat. p95 (s),,V1,0.0054328723461975125,0.0009100129429454903,3.215901079587018e-05,10
slow0-owned-v48-qps200-n48,exec. lat. p95 (s),,V2,0.005382742925015463,0.0011790466052245244,7.198929374915203e-05,10
slow0-owned-v48-qps200-n48,valid. drop. / sec,,V1,0.0,0.0,0.0,10
slow0-owned-v48-qps200-n48,valid. drop. / sec,,V2,0.0,0.0,0.0,10
slow0-owned-v48-qps200-n48,final. lat. p50 (s),,V1,nan,nan,nan,10
slow0-owned-v48-qps200-n48,final. lat. p50 (s),,V2,nan,nan,nan,10
slow0-owned-v48-qps200-n48,final. lat. p95 (s),,V1,nan,nan,nan,10
slow0-owned-v48-qps200-n48,final. lat. p95 (s),,V2,nan,nan,nan,10
slow0-owned-v48-qps200-n48,final. lat. p99 (s),,V1,nan,nan,nan,10
slow0-owned-v48-qps200-n48,final. lat. p99 (s),,V2,nan,nan,nan,10
slow0-owned-v48-qps200-n48,submit lat. p50 (s),,V1,nan,nan,nan,10
slow0-owned-v48-qps200-n48,submit lat. p50 (s),,V2,nan,nan,nan,10
slow0-owned-v48-qps200-n48,submit lat. p95 (s),,V1,nan,nan,nan,10
slow0-owned-v48-qps200-n48,submit lat. p95 (s),,V2,nan,nan,nan,10
slow0-owned-v48-qps200-n48,ckpt lag p50 (s),,V1,0.28589399341002436,0.0061018424300812125,0.00040165504577843833,10
slow0-owned-v48-qps200-n48,ckpt lag p50 (s),,V2,0.28360078453579823,0.005249066791790358,0.0006005364075845373,10
slow0-owned-v48-qps200-n48,ckpt lag p95 (s),,V1,0.38448370551711963,0.0489205617291683,0.004078135716648244,10
slow0-owned-v48-qps200-n48,ckpt lag p95 (s),,V2,0.3707332025818106,0.028475721121406672,0.0020807419238470875,10
slow0-owned-v48-qps200-n48,ckpt lag p99 (s),,V1,0.45890018051823006,0.10316986087872998,0.010746470779455754,10
slow0-owned-v48-qps200-n48,ckpt lag p99 (s),,V2,0.4231971242778501,0.0419270427098142,0.0029457048238010503,10
slow0-owned-v48-qps200-n48,exec. dispatch queue,,V1,22.4,10.451794104363135,3.483931368121045,10
slow0-owned-v48-qps200-n48,exec. dispatch queue,,V2,24.0,7.848566748139434,2.6161889160464775,10
slow0-owned-v48-qps200-n48,pending txs,,V1,1.2,0.9797958971132712,0.3265986323710904,10
slow0-owned-v48-qps200-n48,pending txs,,V2,2.6,0.66332495807108,0.22110831935702666,10
slow0-owned-v48-qps200-n48,exec. queue. delay p95 (s),,V1,0.00078022416535462,0.0010217935310712592,0.00018249363172581214,10
slow0-owned-v48-qps200-n48,exec. queue. delay p95 (s),,V2,0.000492602419389282,8.663854105966531e-05,1.1633324349248584e-05,10
slow0-owned-v48-qps200-n48,post-cons shed drops / sec,,V1,0.0,0.0,0.0,10
slow0-owned-v48-qps200-n48,post-cons shed drops / sec,,V2,0.0,0.0,0.0,10
slow0-owned-v48-qps200-n48,shed % quorum,,V1,0.0,0.0,0.0,10
slow0-owned-v48-qps200-n48,shed % quorum,,V2,0.0,0.0,0.0,10
slow0-owned-v48-qps200-n48,shed % local,,V1,0.0,0.0,0.0,10
slow0-owned-v48-qps200-n48,shed % local,,V2,0.0,0.0,0.0,10
slow0-owned-v48-qps200-n48,shed % cons-queue,,V1,0.0,0.0,0.0,10
slow0-owned-v48-qps200-n48,shed % cons-queue,,V2,0.0,0.0,0.0,10
slow0-owned-v48-qps200-n48,pre-cons overload rej / sec,,V1,nan,nan,nan,10
slow0-owned-v48-qps200-n48,pre-cons overload rej / sec,,V2,nan,nan,nan,10
slow0-owned-v48-qps200-n48,node CPU,,V1,2.0086942500901284,0.5112475146677661,0.009763834656718724,10
slow0-owned-v48-qps200-n48,node CPU,,V2,2.0212606701426235,0.5079644174053463,0.006009530511342702,10
slow0-owned-v48-qps200-n48,node memory RSS (bytes),,V1,1501968560.494309,69645263.40275484,3944096.7759203785,10
slow0-owned-v48-qps200-n48,node memory RSS (bytes),,V2,1500251352.8078177,69338587.74359371,3322460.798982154,10
slow0-owned-v48-qps200-n48,overload graduated / sec,,V1,nan,nan,nan,10
slow0-owned-v48-qps200-n48,overload graduated / sec,,V2,nan,nan,nan,10
slow0-owned-v48-qps200-n48,overload max-pending / sec,,V1,nan,nan,nan,10
slow0-owned-v48-qps200-n48,overload max-pending / sec,,V2,nan,nan,nan,10
slow0-owned-v48-qps200-n48,overload semaphore / sec,,V1,nan,nan,nan,10
slow0-owned-v48-qps200-n48,overload semaphore / sec,,V2,nan,nan,nan,10
slow0-owned-v48-qps200-n48,attest. exec p50 (s),,V1,nan,nan,nan,10
slow0-owned-v48-qps200-n48,attest. exec p50 (s),,V2,0.0005337662752515143,0.0002971093883764393,1.2801420999215661e-05,10
slow0-owned-v48-qps200-n48,attest. exec p95 (s),,V1,nan,nan,nan,10
slow0-owned-v48-qps200-n48,attest. exec p95 (s),,V2,0.0010451903361205377,0.0005746363599472553,3.9066061528099586e-05,10
slow0-owned-v48-qps200-n48,attest. exec p99 (s),,V1,nan,nan,nan,10
slow0-owned-v48-qps200-n48,attest. exec p99 (s),,V2,0.004378634907703115,0.0006030938812117262,4.245632483943731e-05,10
slow0-owned-v48-qps200-n48,attest. wait p50 (s),,V1,nan,nan,nan,10
slow0-owned-v48-qps200-n48,attest. wait p50 (s),,V2,0.0012236774242132076,0.00031548780946566093,1.8692945580944274e-05,10
slow0-owned-v48-qps200-n48,attest. wait p95 (s),,V1,nan,nan,nan,10
slow0-owned-v48-qps200-n48,attest. wait p95 (s),,V2,0.014469746194196692,0.0021439267607668154,0.0002489439091214456,10
slow0-owned-v48-qps200-n48,attest. wait p99 (s),,V1,nan,nan,nan,10
slow0-owned-v48-qps200-n48,attest. wait p99 (s),,V2,0.023769223363231493,0.003099851410195747,0.00015951023375911045,10
slow0-owned-v48-qps200-n48,attest. resume p50 (s),,V1,nan,nan,nan,10
slow0-owned-v48-qps200-n48,attest. resume p50 (s),,V2,0.0005696189209861492,2.186423358910351e-05,1.4307304854793733e-06,10
slow0-owned-v48-qps200-n48,attest. resume p95 (s),,V1,nan,nan,nan,10
slow0-owned-v48-qps200-n48,attest. resume p95 (s),,V2,0.003581881771018111,0.00037337814328455024,3.0127240439313524e-05,10
slow0-owned-v48-qps200-n48,attest. resume p99 (s),,V1,nan,nan,nan,10
slow0-owned-v48-qps200-n48,attest. resume p99 (s),,V2,0.006051388220249874,0.001105347550235967,0.0001492654153998258,10
slow0-owned-v48-qps200-n48,num_inflight,,V1,21.8,2.08806130178211,0.69602043392737,10
slow0-owned-v48-qps200-n48,num_inflight,,V2,20.1,1.57797338380595,0.5259911279353167,10
slow0-owned-v48-qps200-n48,CUs,,V1,nan,nan,nan,10
slow0-owned-v48-qps200-n48,CUs,,V2,1000.0,2.0404247536369115e-13,0.0,10
slow0-owned-f1-qps1000-n48,TPS,,V1,601.5004964872008,284.23863048922505,6.026056936186793,10
slow0-owned-f1-qps1000-n48,TPS,,V2,604.4872059771826,284.8900247295435,8.46394206228147,10
slow0-owned-f1-qps1000-n48,attest. full p50 (s),,V1,nan,nan,nan,10
slow0-owned-f1-qps1000-n48,attest. full p50 (s),,V2,0.00734369248010151,0.0013813314941369843,0.00015182516191549934,10
slow0-owned-f1-qps1000-n48,attest. full p95 (s),,V1,nan,nan,nan,10
slow0-owned-f1-qps1000-n48,attest. full p95 (s),,V2,0.05817447994373034,0.013803081259119363,0.0011111723503482202,10
slow0-owned-f1-qps1000-n48,attest. full p99 (s),,V1,nan,nan,nan,10
slow0-owned-f1-qps1000-n48,attest. full p99 (s),,V2,0.11167294335461554,0.043845255338044044,0.004427164513704864,10
slow0-owned-f1-qps1000-n48,attest. / sec,,V1,0.0,0.0,0.0,10
slow0-owned-f1-qps1000-n48,attest. / sec,,V2,70.33135119047618,30.579867700211672,1.1164939739109145,10
slow0-owned-f1-qps1000-n48,host CPU,,V1,82.20609558161387,33.570156133061175,0.24953099142541413,10
slow0-owned-f1-qps1000-n48,host CPU,,V2,82.5318898839088,33.03409104032495,0.4887307985813062,10
slow0-owned-f1-qps1000-n48,rec. → exec. p50 (s),,V1,0.9720424061625941,0.24891482094623216,0.02075110496025684,10
slow0-owned-f1-qps1000-n48,rec. → exec. p50 (s),,V2,0.9641289747376014,0.251665973585708,0.02276105693507052,10
slow0-owned-f1-qps1000-n48,rec. → exec. p95 (s),,V1,1.654081135894889,0.3669958146691187,0.028561099064942377,10
slow0-owned-f1-qps1000-n48,rec. → exec. p95 (s),,V2,1.6497311760469064,0.36911537221237495,0.048712621157275975,10
slow0-owned-f1-qps1000-n48,rec. → exec. p99 (s),,V1,1.7874987135670577,0.3723291417303558,0.02923482801393156,10
slow0-owned-f1-qps1000-n48,rec. → exec. p99 (s),,V2,1.8139584961014061,0.3358536848547421,0.033573979334937366,10
slow0-owned-f1-qps1000-n48,pc valid. lat. p50 (s),,V1,0.005057759629540879,0.0019521376514336566,0.00017032756801441787,10
slow0-owned-f1-qps1000-n48,pc valid. lat. p50 (s),,V2,0.004299340264892811,0.0013328823296860162,0.0001393530264953867,10
slow0-owned-f1-qps1000-n48,pc valid. lat. p95 (s),,V1,0.03945764379360113,0.0063198723378556495,0.0005135925929814602,10
slow0-owned-f1-qps1000-n48,pc valid. lat. p95 (s),,V2,0.0357142184002883,0.006027902724941017,0.0008232548747065868,10
slow0-owned-f1-qps1000-n48,exec. lat. p95 (s),,V1,0.00759314965792053,0.0012191729239626387,0.00010852850020811637,10
slow0-owned-f1-qps1000-n48,exec. lat. p95 (s),,V2,0.00783628433620008,0.0018923209792264153,0.0001715109194474125,10
slow0-owned-f1-qps1000-n48,valid. drop. / sec,,V1,0.0,0.0,0.0,10
slow0-owned-f1-qps1000-n48,valid. drop. / sec,,V2,0.0,0.0,0.0,10
slow0-owned-f1-qps1000-n48,final. lat. p50 (s),,V1,1.8374258836186268,0.34821188745101983,0.03559486371989761,10
slow0-owned-f1-qps1000-n48,final. lat. p50 (s),,V2,1.819474396740781,0.345177608475365,0.03502644795123918,10
slow0-owned-f1-qps1000-n48,final. lat. p95 (s),,V1,3.383293867850895,0.7691139153153367,0.08079913541143222,10
slow0-owned-f1-qps1000-n48,final. lat. p95 (s),,V2,3.315391393701109,0.7068120342627391,0.07531308853058129,10
slow0-owned-f1-qps1000-n48,final. lat. p99 (s),,V1,4.300098376613059,1.020068798068393,0.10994506987522451,10
slow0-owned-f1-qps1000-n48,final. lat. p99 (s),,V2,4.228737945724244,0.9849174917891536,0.10953554476473115,10
slow0-owned-f1-qps1000-n48,submit lat. p50 (s),,V1,0.6139418607541502,0.19619844914430473,0.01796064010732938,10
slow0-owned-f1-qps1000-n48,submit lat. p50 (s),,V2,0.6161841791915367,0.19753447326880666,0.021009046815222202,10
slow0-owned-f1-qps1000-n48,submit lat. p95 (s),,V1,1.9722571922613907,0.5860461575728028,0.05880939377002695,10
slow0-owned-f1-qps1000-n48,submit lat. p95 (s),,V2,1.9057365673456967,0.5191987227623875,0.06032394280224715,10
slow0-owned-f1-qps1000-n48,ckpt lag p50 (s),,V1,0.464006087928196,0.060683504688357315,0.00622011665572808,10
slow0-owned-f1-qps1000-n48,ckpt lag p50 (s),,V2,0.4678565652923141,0.05465210529181439,0.007252517078341772,10
slow0-owned-f1-qps1000-n48,ckpt lag p95 (s),,V1,0.6826516720469797,0.08207300345370028,0.008854294475433558,10
slow0-owned-f1-qps1000-n48,ckpt lag p95 (s),,V2,0.6826147993660768,0.07888951048199193,0.009683008504010798,10
slow0-owned-f1-qps1000-n48,ckpt lag p99 (s),,V1,0.7986968116129309,0.09922523087807034,0.012285912899874697,10
slow0-owned-f1-qps1000-n48,ckpt lag p99 (s),,V2,0.7972383660226586,0.0916136243513268,0.011120881647821048,10
slow0-owned-f1-qps1000-n48,exec. dispatch queue,,V1,752.9,131.69088806747413,43.89696268915804,10
slow0-owned-f1-qps1000-n48,exec. dispatch queue,,V2,697.8,130.28338343779686,43.42779447926562,10
slow0-owned-f1-qps1000-n48,pending txs,,V1,11.5,0.806225774829855,0.26874192494328497,10
slow0-owned-f1-qps1000-n48,pending txs,,V2,10.7,0.7810249675906655,0.2603416558635551,10
slow0-owned-f1-qps1000-n48,exec. queue. delay p95 (s),,V1,0.38149491457147466,0.1497524315140042,0.018689153017484833,10
slow0-owned-f1-qps1000-n48,exec. queue. delay p95 (s),,V2,0.3575254758268545,0.1672992176570291,0.01654504086702206,10
slow0-owned-f1-qps1000-n48,post-cons shed drops / sec,,V1,0.0,0.0,0.0,10
slow0-owned-f1-qps1000-n48,post-cons shed drops / sec,,V2,0.0,0.0,0.0,10
slow0-owned-f1-qps1000-n48,shed % quorum,,V1,0.0,0.0,0.0,10
slow0-owned-f1-qps1000-n48,shed % quorum,,V2,0.0,0.0,0.0,10
slow0-owned-f1-qps1000-n48,shed % local,,V1,0.0,0.0,0.0,10
slow0-owned-f1-qps1000-n48,shed % local,,V2,0.0,0.0,0.0,10
slow0-owned-f1-qps1000-n48,shed % cons-queue,,V1,0.0,0.0,0.0,10
slow0-owned-f1-qps1000-n48,shed % cons-queue,,V2,0.0,0.0,0.0,10
slow0-owned-f1-qps1000-n48,pre-cons overload rej / sec,,V1,nan,nan,nan,10
slow0-owned-f1-qps1000-n48,pre-cons overload rej / sec,,V2,nan,nan,nan,10
slow0-owned-f1-qps1000-n48,node CPU,,V1,1.9533156683287796,0.5485932009737818,0.006176957166149129,10
slow0-owned-f1-qps1000-n48,node CPU,,V2,1.9517859222878184,0.5518788835256075,0.007523214086393114,10
slow0-owned-f1-qps1000-n48,node memory RSS (bytes),,V1,1606440015.7922077,132291610.43998323,3668809.1642866484,10
slow0-owned-f1-qps1000-n48,node memory RSS (bytes),,V2,1615584257.6596434,140641711.01134393,4310298.415715167,10
slow0-owned-f1-qps1000-n48,overload graduated / sec,,V1,nan,nan,nan,10
slow0-owned-f1-qps1000-n48,overload graduated / sec,,V2,nan,nan,nan,10
slow0-owned-f1-qps1000-n48,overload max-pending / sec,,V1,nan,nan,nan,10
slow0-owned-f1-qps1000-n48,overload max-pending / sec,,V2,nan,nan,nan,10
slow0-owned-f1-qps1000-n48,overload semaphore / sec,,V1,nan,nan,nan,10
slow0-owned-f1-qps1000-n48,overload semaphore / sec,,V2,nan,nan,nan,10
slow0-owned-f1-qps1000-n48,attest. exec p50 (s),,V1,nan,nan,nan,10
slow0-owned-f1-qps1000-n48,attest. exec p50 (s),,V2,0.0005175547700938003,6.369076711680519e-05,2.700676580795691e-06,10
slow0-owned-f1-qps1000-n48,attest. exec p95 (s),,V1,nan,nan,nan,10
slow0-owned-f1-qps1000-n48,attest. exec p95 (s),,V2,0.0009912321227078418,0.0001790063926829976,6.961934771172444e-06,10
slow0-owned-f1-qps1000-n48,attest. exec p99 (s),,V1,nan,nan,nan,10
slow0-owned-f1-qps1000-n48,attest. exec p99 (s),,V2,0.004002566847581884,0.00044206690151632374,3.522923488220804e-05,10
slow0-owned-f1-qps1000-n48,attest. wait p50 (s),,V1,nan,nan,nan,10
slow0-owned-f1-qps1000-n48,attest. wait p50 (s),,V2,0.005662801593966327,0.0012002184109569875,0.00014614227734920798,10
slow0-owned-f1-qps1000-n48,attest. wait p95 (s),,V1,nan,nan,nan,10
slow0-owned-f1-qps1000-n48,attest. wait p95 (s),,V2,0.05681011844196984,0.013807496683229817,0.0011596060250924029,10
slow0-owned-f1-qps1000-n48,attest. wait p99 (s),,V1,nan,nan,nan,10
slow0-owned-f1-qps1000-n48,attest. wait p99 (s),,V2,0.11032150392447058,0.043733414927284976,0.004398200145512174,10
slow0-owned-f1-qps1000-n48,attest. resume p50 (s),,V1,nan,nan,nan,10
slow0-owned-f1-qps1000-n48,attest. resume p50 (s),,V2,0.0006021481613259165,1.9489220069784823e-05,2.995066278601508e-06,10
slow0-owned-f1-qps1000-n48,attest. resume p95 (s),,V1,nan,nan,nan,10
slow0-owned-f1-qps1000-n48,attest. resume p95 (s),,V2,0.005475104920407258,0.0018037066349028332,0.0002448837992987907,10
slow0-owned-f1-qps1000-n48,attest. resume p99 (s),,V1,nan,nan,nan,10
slow0-owned-f1-qps1000-n48,attest. resume p99 (s),,V2,0.01796564419090684,0.007041086803304391,0.0008581224375280569,10
slow0-owned-f1-qps1000-n48,num_inflight,,V1,163.3,31.221947408834065,10.407315802944689,10
slow0-owned-f1-qps1000-n48,num_inflight,,V2,185.3,21.591896628133437,7.197298876044479,10
slow0-owned-f1-qps1000-n48,CUs,,V1,nan,nan,nan,10
slow0-owned-f1-qps1000-n48,CUs,,V2,1000.0,1.945443509199563e-13,0.0,10
slow0-owned-v1-qps1000-n48,TPS,,V1,488.1145533373132,205.11774845589198,2.665207077011599,10
slow0-owned-v1-qps1000-n48,TPS,,V2,486.5465473760501,204.18861250229256,2.9724347492164025,10
slow0-owned-v1-qps1000-n48,attest. full p50 (s),,V1,nan,nan,nan,10
slow0-owned-v1-qps1000-n48,attest. full p50 (s),,V2,0.008344875885222097,0.0016596541939727651,0.00017505290974563674,10
slow0-owned-v1-qps1000-n48,attest. full p95 (s),,V1,nan,nan,nan,10
slow0-owned-v1-qps1000-n48,attest. full p95 (s),,V2,0.08051566709763959,0.023299130458588366,0.0027006722460388363,10
slow0-owned-v1-qps1000-n48,attest. full p99 (s),,V1,nan,nan,nan,10
slow0-owned-v1-qps1000-n48,attest. full p99 (s),,V2,0.15019275788882566,0.0553855887603954,0.007134779567855584,10
slow0-owned-v1-qps1000-n48,attest. / sec,,V1,0.0,0.0,0.0,10
slow0-owned-v1-qps1000-n48,attest. / sec,,V2,479.8309948526802,222.96311292121996,3.2169208031214915,10
slow0-owned-v1-qps1000-n48,host CPU,,V1,83.80319972285561,31.315530187312028,0.29165778892324074,10
slow0-owned-v1-qps1000-n48,host CPU,,V2,84.39342100906862,30.695859230614086,0.38812645970647086,10
slow0-owned-v1-qps1000-n48,rec. → exec. p50 (s),,V1,0.7789727496656974,0.05026462476840175,0.0073977439252408605,10
slow0-owned-v1-qps1000-n48,rec. → exec. p50 (s),,V2,0.8558302101001649,0.09536648551198151,0.011186592073025345,10
slow0-owned-v1-qps1000-n48,rec. → exec. p95 (s),,V1,1.5899028397873904,2.1007904421651484,0.33348739212052947,10
slow0-owned-v1-qps1000-n48,rec. → exec. p95 (s),,V2,2.7103101766272655,3.418867687976072,0.32735141943760426,10
slow0-owned-v1-qps1000-n48,rec. → exec. p99 (s),,V1,3.069151044621566,4.9105994407185785,1.1675923145800102,10
slow0-owned-v1-qps1000-n48,rec. → exec. p99 (s),,V2,5.926498488472907,6.615252698155953,0.8084746000199603,10
slow0-owned-v1-qps1000-n48,pc valid. lat. p50 (s),,V1,0.003333177198185146,0.000580698505784534,4.8826397242587426e-05,10
slow0-owned-v1-qps1000-n48,pc valid. lat. p50 (s),,V2,0.0026024295772111325,0.0006369981866801345,5.636210297012004e-05,10
slow0-owned-v1-qps1000-n48,pc valid. lat. p95 (s),,V1,0.02485694994057971,0.0021729085322250074,0.0002797235742313345,10
slow0-owned-v1-qps1000-n48,pc valid. lat. p95 (s),,V2,0.023306305495495658,0.0012468166669354695,0.00011372201636088946,10
slow0-owned-v1-qps1000-n48,exec. lat. p95 (s),,V1,0.008352650118617385,0.0027247393155123843,0.00012895068489630158,10
slow0-owned-v1-qps1000-n48,exec. lat. p95 (s),,V2,0.008404558218927468,0.003012038835448997,8.847986158143932e-05,10
slow0-owned-v1-qps1000-n48,valid. drop. / sec,,V1,0.0,0.0,0.0,10
slow0-owned-v1-qps1000-n48,valid. drop. / sec,,V2,0.0,0.0,0.0,10
slow0-owned-v1-qps1000-n48,final. lat. p50 (s),,V1,nan,nan,nan,10
slow0-owned-v1-qps1000-n48,final. lat. p50 (s),,V2,nan,nan,nan,10
slow0-owned-v1-qps1000-n48,final. lat. p95 (s),,V1,nan,nan,nan,10
slow0-owned-v1-qps1000-n48,final. lat. p95 (s),,V2,nan,nan,nan,10
slow0-owned-v1-qps1000-n48,final. lat. p99 (s),,V1,nan,nan,nan,10
slow0-owned-v1-qps1000-n48,final. lat. p99 (s),,V2,nan,nan,nan,10
slow0-owned-v1-qps1000-n48,submit lat. p50 (s),,V1,nan,nan,nan,10
slow0-owned-v1-qps1000-n48,submit lat. p50 (s),,V2,nan,nan,nan,10
slow0-owned-v1-qps1000-n48,submit lat. p95 (s),,V1,nan,nan,nan,10
slow0-owned-v1-qps1000-n48,submit lat. p95 (s),,V2,nan,nan,nan,10
slow0-owned-v1-qps1000-n48,ckpt lag p50 (s),,V1,0.3736085072690835,0.016727047841359432,0.0025120409519223956,10
slow0-owned-v1-qps1000-n48,ckpt lag p50 (s),,V2,0.37249056924238433,0.01787588064061986,0.0015482376024899356,10
slow0-owned-v1-qps1000-n48,ckpt lag p95 (s),,V1,0.5190888395811288,0.05946791888234368,0.007255354259172351,10
slow0-owned-v1-qps1000-n48,ckpt lag p95 (s),,V2,0.5285232100726704,0.06480174660127826,0.005043219744615339,10
slow0-owned-v1-qps1000-n48,ckpt lag p99 (s),,V1,0.6970040141636349,0.1666864656869011,0.02548201072729055,10
slow0-owned-v1-qps1000-n48,ckpt lag p99 (s),,V2,1.4262726126433911,0.9899145264252099,0.15292154431669822,10
slow0-owned-v1-qps1000-n48,exec. dispatch queue,,V1,310.44444444444446,119.81384738289375,42.36059198224713,10
slow0-owned-v1-qps1000-n48,exec. dispatch queue,,V2,262.3,100.36737517739518,33.45579172579839,10
slow0-owned-v1-qps1000-n48,pending txs,,V1,2.6666666666666665,1.1547005383792515,0.40824829046386296,10
slow0-owned-v1-qps1000-n48,pending txs,,V2,3.2,1.32664991614216,0.4422166387140533,10
slow0-owned-v1-qps1000-n48,exec. queue. delay p95 (s),,V1,0.03126232000689769,0.014510708257749961,0.0028817441813641237,10
slow0-owned-v1-qps1000-n48,exec. queue. delay p95 (s),,V2,0.046039926811991115,0.03761762248484993,0.0037252467297831794,10
slow0-owned-v1-qps1000-n48,post-cons shed drops / sec,,V1,0.0,0.0,0.0,10
slow0-owned-v1-qps1000-n48,post-cons shed drops / sec,,V2,0.0,0.0,0.0,10
slow0-owned-v1-qps1000-n48,shed % quorum,,V1,0.0,0.0,0.0,10
slow0-owned-v1-qps1000-n48,shed % quorum,,V2,0.0,0.0,0.0,10
slow0-owned-v1-qps1000-n48,shed % local,,V1,0.0,0.0,0.0,10
slow0-owned-v1-qps1000-n48,shed % local,,V2,0.0,0.0,0.0,10
slow0-owned-v1-qps1000-n48,shed % cons-queue,,V1,0.0,0.0,0.0,10
slow0-owned-v1-qps1000-n48,shed % cons-queue,,V2,0.0,0.0,0.0,10
slow0-owned-v1-qps1000-n48,pre-cons overload rej / sec,,V1,1.329958326697457,4.680743185554101,0.8727530203170726,10
slow0-owned-v1-qps1000-n48,pre-cons overload rej / sec,,V2,7.725378607863638,29.234168306818308,6.896215414866471,10
slow0-owned-v1-qps1000-n48,node CPU,,V1,2.061771626723925,0.5104606266320584,0.006075040471762394,10
slow0-owned-v1-qps1000-n48,node CPU,,V2,2.137589025044982,0.5591654621981559,0.01098894359632232,10
slow0-owned-v1-qps1000-n48,node memory RSS (bytes),,V1,1619459733.3333333,139499110.40654835,4392061.47595379,10
slow0-owned-v1-qps1000-n48,node memory RSS (bytes),,V2,1685415028.2550545,163846941.47817907,7610568.694668873,10
slow0-owned-v1-qps1000-n48,overload graduated / sec,,V1,nan,nan,nan,10
slow0-owned-v1-qps1000-n48,overload graduated / sec,,V2,nan,nan,nan,10
slow0-owned-v1-qps1000-n48,overload max-pending / sec,,V1,nan,nan,nan,10
slow0-owned-v1-qps1000-n48,overload max-pending / sec,,V2,nan,nan,nan,10
slow0-owned-v1-qps1000-n48,overload semaphore / sec,,V1,1.329958326697457,4.680743185554101,0.8727530203170726,10
slow0-owned-v1-qps1000-n48,overload semaphore / sec,,V2,7.632487406140101,28.375233974653405,6.703821034346448,10
slow0-owned-v1-qps1000-n48,attest. exec p50 (s),,V1,nan,nan,nan,10
slow0-owned-v1-qps1000-n48,attest. exec p50 (s),,V2,0.000516211525987846,1.9779863300560284e-06,2.837702330397776e-07,10
slow0-owned-v1-qps1000-n48,attest. exec p95 (s),,V1,nan,nan,nan,10
slow0-owned-v1-qps1000-n48,attest. exec p95 (s),,V2,0.0009808018993769075,3.7581740271064557e-06,5.391634427756103e-07,10
slow0-owned-v1-qps1000-n48,attest. exec p99 (s),,V1,nan,nan,nan,10
slow0-owned-v1-qps1000-n48,attest. exec p99 (s),,V2,0.004160108899896587,0.00020551957378567344,2.89394749705486e-05,10
slow0-owned-v1-qps1000-n48,attest. wait p50 (s),,V1,nan,nan,nan,10
slow0-owned-v1-qps1000-n48,attest. wait p50 (s),,V2,0.007276290777717746,0.0016148600830820812,0.00017114539671303928,10
slow0-owned-v1-qps1000-n48,attest. wait p95 (s),,V1,nan,nan,nan,10
slow0-owned-v1-qps1000-n48,attest. wait p95 (s),,V2,0.07943176977573335,0.02303499210258492,0.0026802738110134543,10
slow0-owned-v1-qps1000-n48,attest. wait p99 (s),,V1,nan,nan,nan,10
slow0-owned-v1-qps1000-n48,attest. wait p99 (s),,V2,0.1487200774555451,0.054263782111980234,0.006965304147492097,10
slow0-owned-v1-qps1000-n48,attest. resume p50 (s),,V1,nan,nan,nan,10
slow0-owned-v1-qps1000-n48,attest. resume p50 (s),,V2,0.00057474372126392,1.1270603034623773e-05,1.369791859678668e-06,10
slow0-owned-v1-qps1000-n48,attest. resume p95 (s),,V1,nan,nan,nan,10
slow0-owned-v1-qps1000-n48,attest. resume p95 (s),,V2,0.00390411564513235,0.0005807938876625726,7.258340400417071e-05,10
slow0-owned-v1-qps1000-n48,attest. resume p99 (s),,V1,nan,nan,nan,10
slow0-owned-v1-qps1000-n48,attest. resume p99 (s),,V2,0.00893076280073925,0.0051930928989622855,0.0006725691339463054,10
slow0-owned-v1-qps1000-n48,num_inflight,,V1,691.3333333333334,98.9444288477123,34.98213829942361,10
slow0-owned-v1-qps1000-n48,num_inflight,,V2,807.3,108.64534044311335,36.215113481037776,10
slow0-owned-v1-qps1000-n48,CUs,,V1,nan,nan,nan,10
slow0-owned-v1-qps1000-n48,CUs,,V2,1000.0,2.319743969754736e-13,0.0,10
slow0-owned-v48-qps1000-n48,TPS,,V1,471.49171132534616,197.8190740657476,3.2063789889942336,10
slow0-owned-v48-qps1000-n48,TPS,,V2,470.8397669071383,200.98695617683768,2.0668037942332367,10
slow0-owned-v48-qps1000-n48,attest. full p50 (s),,V1,nan,nan,nan,10
slow0-owned-v48-qps1000-n48,attest. full p50 (s),,V2,0.0029234530576625326,0.0007673501065180428,4.18214729679429e-05,10
slow0-owned-v48-qps1000-n48,attest. full p95 (s),,V1,nan,nan,nan,10
slow0-owned-v48-qps1000-n48,attest. full p95 (s),,V2,0.020137012391336587,0.001967855245799259,0.00010889869900433995,10
slow0-owned-v48-qps1000-n48,attest. full p99 (s),,V1,nan,nan,nan,10
slow0-owned-v48-qps1000-n48,attest. full p99 (s),,V2,0.03193214253146957,0.005269637755638569,0.0005654972422106891,10
slow0-owned-v48-qps1000-n48,attest. / sec,,V1,0.0,0.0,0.0,10
slow0-owned-v48-qps1000-n48,attest. / sec,,V2,51.30381936558407,21.09508990958196,0.3891944860302428,10
slow0-owned-v48-qps1000-n48,host CPU,,V1,83.42269435374567,32.28412932883483,0.42157813481868234,10
slow0-owned-v48-qps1000-n48,host CPU,,V2,83.64643102041508,31.8878908766494,0.37197149638704435,10
slow0-owned-v48-qps1000-n48,rec. → exec. p50 (s),,V1,0.7335370251433087,0.026180461233262474,0.002394086190815724,10
slow0-owned-v48-qps1000-n48,rec. → exec. p50 (s),,V2,0.7398956472069506,0.04113991533265321,0.0049320887915299556,10
slow0-owned-v48-qps1000-n48,rec. → exec. p95 (s),,V1,1.026960533744142,0.1575752312258178,0.016254862661329476,10
slow0-owned-v48-qps1000-n48,rec. → exec. p95 (s),,V2,1.02141726608447,0.18886320627828246,0.032865674144604895,10
slow0-owned-v48-qps1000-n48,rec. → exec. p99 (s),,V1,1.1306683707767589,0.311640054712065,0.038427884927584324,10
slow0-owned-v48-qps1000-n48,rec. → exec. p99 (s),,V2,1.112498846695248,0.3203497295791551,0.04936763830936993,10
slow0-owned-v48-qps1000-n48,pc valid. lat. p50 (s),,V1,0.003923544973849925,0.0003766172887508506,3.499374308566549e-05,10
slow0-owned-v48-qps1000-n48,pc valid. lat. p50 (s),,V2,0.003494992146239412,0.00031793393769123,2.5410180632519727e-05,10
slow0-owned-v48-qps1000-n48,pc valid. lat. p95 (s),,V1,0.02345279811204599,0.001935141549365191,0.00021273376295812853,10
slow0-owned-v48-qps1000-n48,pc valid. lat. p95 (s),,V2,0.021975086207049372,0.0009277991414459145,9.310388658827101e-05,10
slow0-owned-v48-qps1000-n48,exec. lat. p95 (s),,V1,0.008009972230322212,0.0027572572863181423,0.00013846704024722355,10
slow0-owned-v48-qps1000-n48,exec. lat. p95 (s),,V2,0.007856710683347895,0.002204973838263456,8.970061895697791e-05,10
slow0-owned-v48-qps1000-n48,valid. drop. / sec,,V1,0.0,0.0,0.0,10
slow0-owned-v48-qps1000-n48,valid. drop. / sec,,V2,0.0,0.0,0.0,10
slow0-owned-v48-qps1000-n48,final. lat. p50 (s),,V1,nan,nan,nan,10
slow0-owned-v48-qps1000-n48,final. lat. p50 (s),,V2,nan,nan,nan,10
slow0-owned-v48-qps1000-n48,final. lat. p95 (s),,V1,nan,nan,nan,10
slow0-owned-v48-qps1000-n48,final. lat. p95 (s),,V2,nan,nan,nan,10
slow0-owned-v48-qps1000-n48,final. lat. p99 (s),,V1,nan,nan,nan,10
slow0-owned-v48-qps1000-n48,final. lat. p99 (s),,V2,nan,nan,nan,10
slow0-owned-v48-qps1000-n48,submit lat. p50 (s),,V1,nan,nan,nan,10
slow0-owned-v48-qps1000-n48,submit lat. p50 (s),,V2,nan,nan,nan,10
slow0-owned-v48-qps1000-n48,submit lat. p95 (s),,V1,nan,nan,nan,10
slow0-owned-v48-qps1000-n48,submit lat. p95 (s),,V2,nan,nan,nan,10
slow0-owned-v48-qps1000-n48,ckpt lag p50 (s),,V1,0.38151614890815294,0.015997643307064085,0.001735921504324055,10
slow0-owned-v48-qps1000-n48,ckpt lag p50 (s),,V2,0.38393223135830135,0.01541403018408572,0.001473325459097424,10
slow0-owned-v48-qps1000-n48,ckpt lag p95 (s),,V1,0.5076656553974739,0.055324102356693945,0.005707052051350181,10
slow0-owned-v48-qps1000-n48,ckpt lag p95 (s),,V2,0.5139562035211477,0.06325482559145446,0.00643288525344196,10
slow0-owned-v48-qps1000-n48,ckpt lag p99 (s),,V1,0.5940198246002971,0.0755826213888904,0.01032077521315622,10
slow0-owned-v48-qps1000-n48,ckpt lag p99 (s),,V2,0.6028509908088724,0.08393746127628905,0.011517905981565973,10
slow0-owned-v48-qps1000-n48,exec. dispatch queue,,V1,204.0,95.97708059740096,31.99236019913365,10
slow0-owned-v48-qps1000-n48,exec. dispatch queue,,V2,200.7,74.51046906307865,24.836823021026216,10
slow0-owned-v48-qps1000-n48,pending txs,,V1,2.0,0.7745966692414834,0.2581988897471611,10
slow0-owned-v48-qps1000-n48,pending txs,,V2,2.1,0.9433981132056604,0.31446603773522014,10
slow0-owned-v48-qps1000-n48,exec. queue. delay p95 (s),,V1,0.02305084829022449,0.015375475432197847,0.0026728321024278947,10
slow0-owned-v48-qps1000-n48,exec. queue. delay p95 (s),,V2,0.023505267552113348,0.014930193769057387,0.002021962261517455,10
slow0-owned-v48-qps1000-n48,post-cons shed drops / sec,,V1,0.0,0.0,0.0,10
slow0-owned-v48-qps1000-n48,post-cons shed drops / sec,,V2,0.0,0.0,0.0,10
slow0-owned-v48-qps1000-n48,shed % quorum,,V1,0.0,0.0,0.0,10
slow0-owned-v48-qps1000-n48,shed % quorum,,V2,0.0,0.0,0.0,10
slow0-owned-v48-qps1000-n48,shed % local,,V1,0.0,0.0,0.0,10
slow0-owned-v48-qps1000-n48,shed % local,,V2,0.0,0.0,0.0,10
slow0-owned-v48-qps1000-n48,shed % cons-queue,,V1,0.0,0.0,0.0,10
slow0-owned-v48-qps1000-n48,shed % cons-queue,,V2,0.0,0.0,0.0,10
slow0-owned-v48-qps1000-n48,pre-cons overload rej / sec,,V1,nan,nan,nan,10
slow0-owned-v48-qps1000-n48,pre-cons overload rej / sec,,V2,nan,nan,nan,10
slow0-owned-v48-qps1000-n48,node CPU,,V1,2.026658633547247,0.45283703540093373,0.006806689336975198,10
slow0-owned-v48-qps1000-n48,node CPU,,V2,2.013042238446252,0.49355730593034314,0.004984913464813885,10
slow0-owned-v48-qps1000-n48,node memory RSS (bytes),,V1,1556418162.5790298,102849721.37813735,2919457.515871393,10
slow0-owned-v48-qps1000-n48,node memory RSS (bytes),,V2,1568070982.4,103718210.00750491,3465503.361449164,10
slow0-owned-v48-qps1000-n48,overload graduated / sec,,V1,nan,nan,nan,10
slow0-owned-v48-qps1000-n48,overload graduated / sec,,V2,nan,nan,nan,10
slow0-owned-v48-qps1000-n48,overload max-pending / sec,,V1,nan,nan,nan,10
slow0-owned-v48-qps1000-n48,overload max-pending / sec,,V2,nan,nan,nan,10
slow0-owned-v48-qps1000-n48,overload semaphore / sec,,V1,nan,nan,nan,10
slow0-owned-v48-qps1000-n48,overload semaphore / sec,,V2,nan,nan,nan,10
slow0-owned-v48-qps1000-n48,attest. exec p50 (s),,V1,nan,nan,nan,10
slow0-owned-v48-qps1000-n48,attest. exec p50 (s),,V2,0.0005169163528949396,4.648550957252009e-06,3.546340473557314e-07,10
slow0-owned-v48-qps1000-n48,attest. exec p95 (s),,V1,nan,nan,nan,10
slow0-owned-v48-qps1000-n48,attest. exec p95 (s),,V2,0.0010144073365388627,0.00046208313669690067,2.1301027451249364e-05,10
slow0-owned-v48-qps1000-n48,attest. exec p99 (s),,V1,nan,nan,nan,10
slow0-owned-v48-qps1000-n48,attest. exec p99 (s),,V2,0.004234791100976824,0.0009713094579707696,6.120696515627062e-05,10
slow0-owned-v48-qps1000-n48,attest. wait p50 (s),,V1,nan,nan,nan,10
slow0-owned-v48-qps1000-n48,attest. wait p50 (s),,V2,0.001608112782145128,0.0004491044109551363,3.333531568844163e-05,10
slow0-owned-v48-qps1000-n48,attest. wait p95 (s),,V1,nan,nan,nan,10
slow0-owned-v48-qps1000-n48,attest. wait p95 (s),,V2,0.018533418856080168,0.0021442494647286284,0.0001260464480751329,10
slow0-owned-v48-qps1000-n48,attest. wait p99 (s),,V1,nan,nan,nan,10
slow0-owned-v48-qps1000-n48,attest. wait p99 (s),,V2,0.02918832119094413,0.005139557949340277,0.0005947949576215444,10
slow0-owned-v48-qps1000-n48,attest. resume p50 (s),,V1,nan,nan,nan,10
slow0-owned-v48-qps1000-n48,attest. resume p50 (s),,V2,0.0005746314872197818,1.0700680286567475e-05,8.533104787817536e-07,10
slow0-owned-v48-qps1000-n48,attest. resume p95 (s),,V1,nan,nan,nan,10
slow0-owned-v48-qps1000-n48,attest. resume p95 (s),,V2,0.003870252723066671,0.0011489010998138158,6.91047854635612e-05,10
slow0-owned-v48-qps1000-n48,attest. resume p99 (s),,V1,nan,nan,nan,10
slow0-owned-v48-qps1000-n48,attest. resume p99 (s),,V2,0.007570246362574953,0.0014323250848684594,0.00010191717115090627,10
slow0-owned-v48-qps1000-n48,num_inflight,,V1,74.3,13.505924625881784,4.501974875293928,10
slow0-owned-v48-qps1000-n48,num_inflight,,V2,70.7,20.396323198066852,6.798774399355617,10
slow0-owned-v48-qps1000-n48,CUs,,V1,nan,nan,nan,10
slow0-owned-v48-qps1000-n48,CUs,,V2,1000.0,2.1876222474750048e-13,0.0,10
slow0-owned-f1-qps2000-n48,TPS,,V1,550.7335169465684,246.26321182317344,11.865755517468319,10
slow0-owned-f1-qps2000-n48,TPS,,V2,558.5367572010035,255.54580869739266,11.310062817734606,10
slow0-owned-f1-qps2000-n48,attest. full p50 (s),,V1,nan,nan,nan,10
slow0-owned-f1-qps2000-n48,attest. full p50 (s),,V2,0.011319839393474869,0.0032462890800380017,0.0004562890198454169,10
slow0-owned-f1-qps2000-n48,attest. full p95 (s),,V1,nan,nan,nan,10
slow0-owned-f1-qps2000-n48,attest. full p95 (s),,V2,0.09160761699806089,0.029472382551512643,0.0018589397530347322,10
slow0-owned-f1-qps2000-n48,attest. full p99 (s),,V1,nan,nan,nan,10
slow0-owned-f1-qps2000-n48,attest. full p99 (s),,V2,0.17829635948352454,0.06441122062206936,0.005104837799693209,10
slow0-owned-f1-qps2000-n48,attest. / sec,,V1,0.0,0.0,0.0,10
slow0-owned-f1-qps2000-n48,attest. / sec,,V2,70.07931208519443,30.762564549086864,1.6090211931675236,10
slow0-owned-f1-qps2000-n48,host CPU,,V1,83.58618640590102,31.55247431797671,0.3493569215940048,10
slow0-owned-f1-qps2000-n48,host CPU,,V2,83.27835281179243,32.18952815763831,0.42503670872938454,10
slow0-owned-f1-qps2000-n48,rec. → exec. p50 (s),,V1,1.0533906212401307,0.28877226618189794,0.03280198159620008,10
slow0-owned-f1-qps2000-n48,rec. → exec. p50 (s),,V2,1.1301607713554827,0.2926446549318494,0.029778660162395828,10
slow0-owned-f1-qps2000-n48,rec. → exec. p95 (s),,V1,1.7266897665661927,0.3403738934695487,0.03656366270899319,10
slow0-owned-f1-qps2000-n48,rec. → exec. p95 (s),,V2,1.7875954120666273,0.2860150423550552,0.02515671972369046,10
slow0-owned-f1-qps2000-n48,rec. → exec. p99 (s),,V1,1.8519302694231543,0.3158106373122954,0.028469606936870333,10
slow0-owned-f1-qps2000-n48,rec. → exec. p99 (s),,V2,1.9156521806772697,0.2254692436708525,0.017412380803774163,10
slow0-owned-f1-qps2000-n48,pc valid. lat. p50 (s),,V1,0.00361069650175773,0.002255228841373483,0.00024550730772109725,10
slow0-owned-f1-qps2000-n48,pc valid. lat. p50 (s),,V2,0.0036459038130734795,0.0027291911558616766,0.00027609606147262883,10
slow0-owned-f1-qps2000-n48,pc valid. lat. p95 (s),,V1,0.039802565724871085,0.010252169003107318,0.0010657018501345479,10
slow0-owned-f1-qps2000-n48,pc valid. lat. p95 (s),,V2,0.0371955628107239,0.012439479189619415,0.0011398068023061676,10
slow0-owned-f1-qps2000-n48,exec. lat. p95 (s),,V1,0.00732021591908239,0.0017570031644618615,0.00019338415271279237,10
slow0-owned-f1-qps2000-n48,exec. lat. p95 (s),,V2,0.007520863108955806,0.001863097548148446,0.0001743901446585099,10
slow0-owned-f1-qps2000-n48,valid. drop. / sec,,V1,0.0,0.0,0.0,10
slow0-owned-f1-qps2000-n48,valid. drop. / sec,,V2,0.0,0.0,0.0,10
slow0-owned-f1-qps2000-n48,final. lat. p50 (s),,V1,3.6623643756301116,0.9899041042073811,0.13234338666443726,10
slow0-owned-f1-qps2000-n48,final. lat. p50 (s),,V2,3.7643737849334933,1.1682049618345798,0.12625165714941652,10
slow0-owned-f1-qps2000-n48,final. lat. p95 (s),,V1,7.094028329034455,2.1410302615032033,0.2461388965493126,10
slow0-owned-f1-qps2000-n48,final. lat. p95 (s),,V2,7.193235123875287,2.3037443202241756,0.23501216411022294,10
slow0-owned-f1-qps2000-n48,final. lat. p99 (s),,V1,9.338105564479203,3.193867927962985,0.35993785420310603,10
slow0-owned-f1-qps2000-n48,final. lat. p99 (s),,V2,9.542121996262301,3.4104126407774467,0.3401927755090959,10
slow0-owned-f1-qps2000-n48,submit lat. p50 (s),,V1,1.3262214862193495,0.39892537644100906,0.04383509755524795,10
slow0-owned-f1-qps2000-n48,submit lat. p50 (s),,V2,1.3727599466614535,0.4799665908676957,0.05454687907307377,10
slow0-owned-f1-qps2000-n48,submit lat. p95 (s),,V1,4.362361369836548,1.424172497407108,0.15464729743624,10
slow0-owned-f1-qps2000-n48,submit lat. p95 (s),,V2,4.371968659441596,1.4664378232038673,0.15177860492183337,10
slow0-owned-f1-qps2000-n48,ckpt lag p50 (s),,V1,0.427271820329982,0.06423450262907125,0.008673273954313292,10
slow0-owned-f1-qps2000-n48,ckpt lag p50 (s),,V2,0.4367013254057558,0.08335849478945606,0.009441470248659904,10
slow0-owned-f1-qps2000-n48,ckpt lag p95 (s),,V1,0.6836673654481245,0.11336488597772816,0.0180437484585481,10
slow0-owned-f1-qps2000-n48,ckpt lag p95 (s),,V2,0.7043488434929864,0.13490994056390923,0.017473092774768696,10
slow0-owned-f1-qps2000-n48,ckpt lag p99 (s),,V1,0.8362065122875532,0.16997690451293992,0.026508236272283627,10
slow0-owned-f1-qps2000-n48,ckpt lag p99 (s),,V2,0.860758667193215,0.1776174503629141,0.02535922183008118,10
slow0-owned-f1-qps2000-n48,exec. dispatch queue,,V1,1033.4,215.82641172942667,71.94213724314221,10
slow0-owned-f1-qps2000-n48,exec. dispatch queue,,V2,970.6,191.17541682967504,63.72513894322501,10
slow0-owned-f1-qps2000-n48,pending txs,,V1,11.7,1.1,0.36666666666666664,10
slow0-owned-f1-qps2000-n48,pending txs,,V2,11.8,0.7483314773547883,0.24944382578492943,10
slow0-owned-f1-qps2000-n48,exec. queue. delay p95 (s),,V1,0.536468433235675,0.2674899297534918,0.0302636158783587,10
slow0-owned-f1-qps2000-n48,exec. queue. delay p95 (s),,V2,0.46002691200012125,0.20607807357718613,0.020133165835443112,10
slow0-owned-f1-qps2000-n48,post-cons shed drops / sec,,V1,0.0,0.0,0.0,10
slow0-owned-f1-qps2000-n48,post-cons shed drops / sec,,V2,0.0,0.0,0.0,10
slow0-owned-f1-qps2000-n48,shed % quorum,,V1,0.0,0.0,0.0,10
slow0-owned-f1-qps2000-n48,shed % quorum,,V2,0.0,0.0,0.0,10
slow0-owned-f1-qps2000-n48,shed % local,,V1,0.0,0.0,0.0,10
slow0-owned-f1-qps2000-n48,shed % local,,V2,0.0,0.0,0.0,10
slow0-owned-f1-qps2000-n48,shed % cons-queue,,V1,0.0,0.0,0.0,10
slow0-owned-f1-qps2000-n48,shed % cons-queue,,V2,0.0,0.0,0.0,10
slow0-owned-f1-qps2000-n48,pre-cons overload rej / sec,,V1,nan,nan,nan,10
slow0-owned-f1-qps2000-n48,pre-cons overload rej / sec,,V2,nan,nan,nan,10
slow0-owned-f1-qps2000-n48,node CPU,,V1,1.980229642142237,0.5074406250301445,0.009742144905513641,10
slow0-owned-f1-qps2000-n48,node CPU,,V2,1.9680211496855111,0.524499311901545,0.005198317110741608,10
slow0-owned-f1-qps2000-n48,node memory RSS (bytes),,V1,1617724314.8641975,141101871.97901732,3957873.748828151,10
slow0-owned-f1-qps2000-n48,node memory RSS (bytes),,V2,1626389458.1020093,145867631.33130077,3986034.1527031083,10
slow0-owned-f1-qps2000-n48,overload graduated / sec,,V1,nan,nan,nan,10
slow0-owned-f1-qps2000-n48,overload graduated / sec,,V2,nan,nan,nan,10
slow0-owned-f1-qps2000-n48,overload max-pending / sec,,V1,nan,nan,nan,10
slow0-owned-f1-qps2000-n48,overload max-pending / sec,,V2,nan,nan,nan,10
slow0-owned-f1-qps2000-n48,overload semaphore / sec,,V1,nan,nan,nan,10
slow0-owned-f1-qps2000-n48,overload semaphore / sec,,V2,nan,nan,nan,10
slow0-owned-f1-qps2000-n48,attest. exec p50 (s),,V1,nan,nan,nan,10
slow0-owned-f1-qps2000-n48,attest. exec p50 (s),,V2,0.0005160601336345191,9.738488926324458e-06,7.62090725216081e-07,10
slow0-owned-f1-qps2000-n48,attest. exec p95 (s),,V1,nan,nan,nan,10
slow0-owned-f1-qps2000-n48,attest. exec p95 (s),,V2,0.0010092769425636024,0.00027939797499486953,2.0197053473493625e-05,10
slow0-owned-f1-qps2000-n48,attest. exec p99 (s),,V1,nan,nan,nan,10
slow0-owned-f1-qps2000-n48,attest. exec p99 (s),,V2,0.004062312048326428,0.0003618466519116057,3.8319825884268496e-05,10
slow0-owned-f1-qps2000-n48,attest. wait p50 (s),,V1,nan,nan,nan,10
slow0-owned-f1-qps2000-n48,attest. wait p50 (s),,V2,0.007994521452322989,0.002415613786957713,0.0003211112688213621,10
slow0-owned-f1-qps2000-n48,attest. wait p95 (s),,V1,nan,nan,nan,10
slow0-owned-f1-qps2000-n48,attest. wait p95 (s),,V2,0.08909680807712851,0.02959092972130033,0.0018016523537140406,10
slow0-owned-f1-qps2000-n48,attest. wait p99 (s),,V1,nan,nan,nan,10
slow0-owned-f1-qps2000-n48,attest. wait p99 (s),,V2,0.17646834677409384,0.06486434072269517,0.005249892538778069,10
slow0-owned-f1-qps2000-n48,attest. resume p50 (s),,V1,nan,nan,nan,10
slow0-owned-f1-qps2000-n48,attest. resume p50 (s),,V2,0.0006620070613905769,3.9451093796009444e-05,4.141575914615011e-06,10
slow0-owned-f1-qps2000-n48,attest. resume p95 (s),,V1,nan,nan,nan,10
slow0-owned-f1-qps2000-n48,attest. resume p95 (s),,V2,0.013545449079884803,0.005832287086191534,0.0008351652956999333,10
slow0-owned-f1-qps2000-n48,attest. resume p99 (s),,V1,nan,nan,nan,10
slow0-owned-f1-qps2000-n48,attest. resume p99 (s),,V2,0.037032285835613625,0.01474919018775831,0.0018600066769839877,10
slow0-owned-f1-qps2000-n48,num_inflight,,V1,291.3,47.743167050374865,15.91438901679162,10
slow0-owned-f1-qps2000-n48,num_inflight,,V2,283.5,38.3464470322871,12.782149010762366,10
slow0-owned-f1-qps2000-n48,CUs,,V1,nan,nan,nan,10
slow0-owned-f1-qps2000-n48,CUs,,V2,1000.0,2.027550409954966e-13,0.0,10
slow0-owned-v1-qps2000-n48,TPS,,V1,480.14197107569953,196.5880863800607,2.3828437618707605,10
slow0-owned-v1-qps2000-n48,TPS,,V2,470.7363732123161,192.3149648406559,6.639607479366921,10
slow0-owned-v1-qps2000-n48,attest. full p50 (s),,V1,nan,nan,nan,10
slow0-owned-v1-qps2000-n48,attest. full p50 (s),,V2,0.009087598482848206,0.0030836041345559564,0.00036851746061903126,10
slow0-owned-v1-qps2000-n48,attest. full p95 (s),,V1,nan,nan,nan,10
slow0-owned-v1-qps2000-n48,attest. full p95 (s),,V2,0.09934622729609839,0.05307790070739419,0.005299077680559194,10
slow0-owned-v1-qps2000-n48,attest. full p99 (s),,V1,nan,nan,nan,10
slow0-owned-v1-qps2000-n48,attest. full p99 (s),,V2,0.1697306035649401,0.07855280147355509,0.0069865765539558105,10
slow0-owned-v1-qps2000-n48,attest. / sec,,V1,0.0,0.0,0.0,10
slow0-owned-v1-qps2000-n48,attest. / sec,,V2,477.42573020848874,205.21832190361988,5.6321466445397235,10
slow0-owned-v1-qps2000-n48,host CPU,,V1,83.76078924100226,31.34388488257925,0.2410139995699983,10
slow0-owned-v1-qps2000-n48,host CPU,,V2,83.4335195562258,31.65163535552556,0.28518890501461724,10
slow0-owned-v1-qps2000-n48,rec. → exec. p50 (s),,V1,0.8112458100904725,0.0740192731615356,0.011847190075315327,10
slow0-owned-v1-qps2000-n48,rec. → exec. p50 (s),,V2,1.0739833996038468,0.7230634134947298,0.05798237377946088,10
slow0-owned-v1-qps2000-n48,rec. → exec. p95 (s),,V1,6.153213509587785,7.275434310686804,0.34341510274445003,10
slow0-owned-v1-qps2000-n48,rec. → exec. p95 (s),,V2,11.55417935421234,9.477797686191435,0.8328832855287799,10
slow0-owned-v1-qps2000-n48,rec. → exec. p99 (s),,V1,11.334231026171677,10.793453994328804,1.0038973010673051,10
slow0-owned-v1-qps2000-n48,rec. → exec. p99 (s),,V2,21.719107628663085,15.170755355880805,1.7911814738163385,10
slow0-owned-v1-qps2000-n48,pc valid. lat. p50 (s),,V1,0.0031157355608595117,0.00114470863891688,2.0790432077768918e-05,10
slow0-owned-v1-qps2000-n48,pc valid. lat. p50 (s),,V2,0.002322552622420766,0.0011084852804779187,4.544691661075718e-05,10
slow0-owned-v1-qps2000-n48,pc valid. lat. p95 (s),,V1,0.026305572004884602,0.003561903660510738,0.0003836002771828627,10
slow0-owned-v1-qps2000-n48,pc valid. lat. p95 (s),,V2,0.023465080372419244,0.0044774490399355,0.0005420380900727993,10
slow0-owned-v1-qps2000-n48,exec. lat. p95 (s),,V1,0.008223408857694355,0.0031702791659865967,6.320316077871217e-05,10
slow0-owned-v1-qps2000-n48,exec. lat. p95 (s),,V2,0.008481408111379242,0.003449767472310287,0.00012953960584672605,10
slow0-owned-v1-qps2000-n48,valid. drop. / sec,,V1,0.0,0.0,0.0,10
slow0-owned-v1-qps2000-n48,valid. drop. / sec,,V2,0.0,0.0,0.0,10
slow0-owned-v1-qps2000-n48,final. lat. p50 (s),,V1,nan,nan,nan,10
slow0-owned-v1-qps2000-n48,final. lat. p50 (s),,V2,nan,nan,nan,10
slow0-owned-v1-qps2000-n48,final. lat. p95 (s),,V1,nan,nan,nan,10
slow0-owned-v1-qps2000-n48,final. lat. p95 (s),,V2,nan,nan,nan,10
slow0-owned-v1-qps2000-n48,final. lat. p99 (s),,V1,nan,nan,nan,10
slow0-owned-v1-qps2000-n48,final. lat. p99 (s),,V2,nan,nan,nan,10
slow0-owned-v1-qps2000-n48,submit lat. p50 (s),,V1,nan,nan,nan,10
slow0-owned-v1-qps2000-n48,submit lat. p50 (s),,V2,nan,nan,nan,10
slow0-owned-v1-qps2000-n48,submit lat. p95 (s),,V1,nan,nan,nan,10
slow0-owned-v1-qps2000-n48,submit lat. p95 (s),,V2,nan,nan,nan,10
slow0-owned-v1-qps2000-n48,ckpt lag p50 (s),,V1,0.3672008752623742,0.02088046761328683,0.001826120600344299,10
slow0-owned-v1-qps2000-n48,ckpt lag p50 (s),,V2,0.36408159799091305,0.03154217219520054,0.0036079813797680747,10
slow0-owned-v1-qps2000-n48,ckpt lag p95 (s),,V1,0.523495318744326,0.05880715809035498,0.006829190733284641,10
slow0-owned-v1-qps2000-n48,ckpt lag p95 (s),,V2,0.5490689981724315,0.09238769034918677,0.012053631315776737,10
slow0-owned-v1-qps2000-n48,ckpt lag p99 (s),,V1,0.8572187830095229,0.471219335811731,0.12280426844995267,10
slow0-owned-v1-qps2000-n48,ckpt lag p99 (s),,V2,1.9505910737084609,1.1336825334203053,0.13637345055011518,10
slow0-owned-v1-qps2000-n48,exec. dispatch queue,,V1,292.5,64.0097648800556,21.33658829335187,10
slow0-owned-v1-qps2000-n48,exec. dispatch queue,,V2,410.2,127.03133471706893,42.343778239022974,10
slow0-owned-v1-qps2000-n48,pending txs,,V1,3.7,2.193171219946131,0.7310570733153768,10
slow0-owned-v1-qps2000-n48,pending txs,,V2,4.1,1.8681541692269403,0.6227180564089801,10
slow0-owned-v1-qps2000-n48,exec. queue. delay p95 (s),,V1,0.03383902396762273,0.01672818804942119,0.001745897348122724,10
slow0-owned-v1-qps2000-n48,exec. queue. delay p95 (s),,V2,0.0810046968800437,0.08243058893647183,0.01147162971945878,10
slow0-owned-v1-qps2000-n48,post-cons shed drops / sec,,V1,0.0,0.0,0.0,10
slow0-owned-v1-qps2000-n48,post-cons shed drops / sec,,V2,0.0,0.0,0.0,10
slow0-owned-v1-qps2000-n48,shed % quorum,,V1,0.0,0.0,0.0,10
slow0-owned-v1-qps2000-n48,shed % quorum,,V2,0.0,0.0,0.0,10
slow0-owned-v1-qps2000-n48,shed % local,,V1,0.0,0.0,0.0,10
slow0-owned-v1-qps2000-n48,shed % local,,V2,0.0,0.0,0.0,10
slow0-owned-v1-qps2000-n48,shed % cons-queue,,V1,0.0,0.0,0.0,10
slow0-owned-v1-qps2000-n48,shed % cons-queue,,V2,0.0,0.0,0.0,10
slow0-owned-v1-qps2000-n48,pre-cons overload rej / sec,,V1,3.2079886831275717,8.504178523798817,1.163024166803018,10
slow0-owned-v1-qps2000-n48,pre-cons overload rej / sec,,V2,33.96240948325802,58.67411048623862,4.910587183736865,10
slow0-owned-v1-qps2000-n48,node CPU,,V1,2.068288030884005,0.523644649997322,0.009441818190346249,10
slow0-owned-v1-qps2000-n48,node CPU,,V2,2.1476276340034324,0.5417116615332115,0.010135961289240604,10
slow0-owned-v1-qps2000-n48,node memory RSS (bytes),,V1,1639759168.5835867,145860655.74149054,6076810.004762063,10
slow0-owned-v1-qps2000-n48,node memory RSS (bytes),,V2,1727306193.880916,179658349.88987672,7322612.8785633175,10
slow0-owned-v1-qps2000-n48,overload graduated / sec,,V1,nan,nan,nan,10
slow0-owned-v1-qps2000-n48,overload graduated / sec,,V2,nan,nan,nan,10
slow0-owned-v1-qps2000-n48,overload max-pending / sec,,V1,nan,nan,nan,10
slow0-owned-v1-qps2000-n48,overload max-pending / sec,,V2,nan,nan,nan,10
slow0-owned-v1-qps2000-n48,overload semaphore / sec,,V1,3.2079886831275717,8.50537610779273,1.163024166803018,10
slow0-owned-v1-qps2000-n48,overload semaphore / sec,,V2,33.74167608040783,57.511600720126864,4.833139487232428,10
slow0-owned-v1-qps2000-n48,attest. exec p50 (s),,V1,nan,nan,nan,10
slow0-owned-v1-qps2000-n48,attest. exec p50 (s),,V2,0.0005159865938034316,1.8097811191094672e-06,1.5278631188499428e-07,10
slow0-owned-v1-qps2000-n48,attest. exec p95 (s),,V1,nan,nan,nan,10
slow0-owned-v1-qps2000-n48,attest. exec p95 (s),,V2,0.0009803745282265203,3.438584126307988e-06,2.902939925814654e-07,10
slow0-owned-v1-qps2000-n48,attest. exec p99 (s),,V1,nan,nan,nan,10
slow0-owned-v1-qps2000-n48,attest. exec p99 (s),,V2,0.004137160722934559,0.00022056240064255024,1.8110273606116612e-05,10
slow0-owned-v1-qps2000-n48,attest. wait p50 (s),,V1,nan,nan,nan,10
slow0-owned-v1-qps2000-n48,attest. wait p50 (s),,V2,0.007631836866166757,0.0024844063945740876,0.0003141860480605208,10
slow0-owned-v1-qps2000-n48,attest. wait p95 (s),,V1,nan,nan,nan,10
slow0-owned-v1-qps2000-n48,attest. wait p95 (s),,V2,0.08773787892092283,0.031020063252917226,0.0031152407170857055,10
slow0-owned-v1-qps2000-n48,attest. wait p99 (s),,V1,nan,nan,nan,10
slow0-owned-v1-qps2000-n48,attest. wait p99 (s),,V2,0.15841156647179389,0.05851403015257658,0.0049234151450148885,10
slow0-owned-v1-qps2000-n48,attest. resume p50 (s),,V1,nan,nan,nan,10
slow0-owned-v1-qps2000-n48,attest. resume p50 (s),,V2,0.0005908639839279797,4.8987099618810045e-05,4.306226735194083e-06,10
slow0-owned-v1-qps2000-n48,attest. resume p95 (s),,V1,nan,nan,nan,10
slow0-owned-v1-qps2000-n48,attest. resume p95 (s),,V2,0.02018018130616287,0.04605909295553099,0.004272012438173745,10
slow0-owned-v1-qps2000-n48,attest. resume p99 (s),,V1,nan,nan,nan,10
slow0-owned-v1-qps2000-n48,attest. resume p99 (s),,V2,0.03733908281771412,0.07039963946690868,0.006082261513429327,10
slow0-owned-v1-qps2000-n48,num_inflight,,V1,742.5,121.20746676669718,40.402488922232386,10
slow0-owned-v1-qps2000-n48,num_inflight,,V2,848.1,76.9434207713694,25.647806923789798,10
slow0-owned-v1-qps2000-n48,CUs,,V1,nan,nan,nan,10
slow0-owned-v1-qps2000-n48,CUs,,V2,1000.0,2.1616212862596507e-13,0.0,10
slow0-owned-v48-qps2000-n48,TPS,,V1,463.74218532174046,194.1281727645089,2.1580493451608485,10
slow0-owned-v48-qps2000-n48,TPS,,V2,465.63214839412274,193.6436071740867,2.935251667503884,10
slow0-owned-v48-qps2000-n48,attest. full p50 (s),,V1,nan,nan,nan,10
slow0-owned-v48-qps2000-n48,attest. full p50 (s),,V2,0.0028919789630366746,0.00035924789265634287,4.314114496162466e-05,10
slow0-owned-v48-qps2000-n48,attest. full p95 (s),,V1,nan,nan,nan,10
slow0-owned-v48-qps2000-n48,attest. full p95 (s),,V2,0.02092794168855615,0.004363194424625653,0.0003048865149709888,10
slow0-owned-v48-qps2000-n48,attest. full p99 (s),,V1,nan,nan,nan,10
slow0-owned-v48-qps2000-n48,attest. full p99 (s),,V2,0.03624138637748103,0.013950775672339887,0.0007598018407333983,10
slow0-owned-v48-qps2000-n48,attest. / sec,,V1,0.0,0.0,0.0,10
slow0-owned-v48-qps2000-n48,attest. / sec,,V2,50.924295145012735,20.55180140056101,0.3562505535285403,10
slow0-owned-v48-qps2000-n48,host CPU,,V1,83.90284166115566,31.470430106896675,0.3252114385559422,10
slow0-owned-v48-qps2000-n48,host CPU,,V2,83.60627446539195,31.69850554738321,0.2636259449807875,10
slow0-owned-v48-qps2000-n48,rec. → exec. p50 (s),,V1,0.7832059662101376,0.1486340591148488,0.014568426803333893,10
slow0-owned-v48-qps2000-n48,rec. → exec. p50 (s),,V2,0.8435487895331768,0.23424486487899607,0.019228213722469106,10
slow0-owned-v48-qps2000-n48,rec. → exec. p95 (s),,V1,1.176240542658681,0.3810509236749006,0.037945334849059285,10
slow0-owned-v48-qps2000-n48,rec. → exec. p95 (s),,V2,1.2209647242819481,0.5047787868237007,0.03849287476986688,10
slow0-owned-v48-qps2000-n48,rec. → exec. p99 (s),,V1,1.348329759434406,0.6167620577005462,0.06785020396032511,10
slow0-owned-v48-qps2000-n48,rec. → exec. p99 (s),,V2,1.4290004982327764,0.8779185243278594,0.08155241515166815,10
slow0-owned-v48-qps2000-n48,pc valid. lat. p50 (s),,V1,0.003725561927603401,0.0008691691062972438,2.6435235747218073e-05,10
slow0-owned-v48-qps2000-n48,pc valid. lat. p50 (s),,V2,0.003330076723362467,0.0008960178712679512,3.344690329943694e-05,10
slow0-owned-v48-qps2000-n48,pc valid. lat. p95 (s),,V1,0.024991429960195308,0.0037557183005875266,0.0002302054422345672,10
slow0-owned-v48-qps2000-n48,pc valid. lat. p95 (s),,V2,0.023390970693339938,0.0030179063180483063,0.00020726737519049482,10
slow0-owned-v48-qps2000-n48,exec. lat. p95 (s),,V1,0.007838982656392069,0.0031221943175150178,0.00011431173849685386,10
slow0-owned-v48-qps2000-n48,exec. lat. p95 (s),,V2,0.007949021924111855,0.00300577632075321,9.45129237653979e-05,10
slow0-owned-v48-qps2000-n48,valid. drop. / sec,,V1,0.0,0.0,0.0,10
slow0-owned-v48-qps2000-n48,valid. drop. / sec,,V2,0.0,0.0,0.0,10
slow0-owned-v48-qps2000-n48,final. lat. p50 (s),,V1,nan,nan,nan,10
slow0-owned-v48-qps2000-n48,final. lat. p50 (s),,V2,nan,nan,nan,10
slow0-owned-v48-qps2000-n48,final. lat. p95 (s),,V1,nan,nan,nan,10
slow0-owned-v48-qps2000-n48,final. lat. p95 (s),,V2,nan,nan,nan,10
slow0-owned-v48-qps2000-n48,final. lat. p99 (s),,V1,nan,nan,nan,10
slow0-owned-v48-qps2000-n48,final. lat. p99 (s),,V2,nan,nan,nan,10
slow0-owned-v48-qps2000-n48,submit lat. p50 (s),,V1,nan,nan,nan,10
slow0-owned-v48-qps2000-n48,submit lat. p50 (s),,V2,nan,nan,nan,10
slow0-owned-v48-qps2000-n48,submit lat. p95 (s),,V1,nan,nan,nan,10
slow0-owned-v48-qps2000-n48,submit lat. p95 (s),,V2,nan,nan,nan,10
slow0-owned-v48-qps2000-n48,ckpt lag p50 (s),,V1,0.37478761771177027,0.01823844084525444,0.0012473767286031137,10
slow0-owned-v48-qps2000-n48,ckpt lag p50 (s),,V2,0.37594135196147005,0.02175619054412058,0.002120324629537041,10
slow0-owned-v48-qps2000-n48,ckpt lag p95 (s),,V1,0.5331040744478562,0.07736034577291272,0.004610827256833747,10
slow0-owned-v48-qps2000-n48,ckpt lag p95 (s),,V2,0.5523109586178722,0.12326908211653813,0.012292245885608162,10
slow0-owned-v48-qps2000-n48,ckpt lag p99 (s),,V1,0.6329761390688691,0.1156868255020223,0.00872007020588532,10
slow0-owned-v48-qps2000-n48,ckpt lag p99 (s),,V2,0.6600573885083256,0.16057549407453958,0.01569559934726962,10
slow0-owned-v48-qps2000-n48,exec. dispatch queue,,V1,290.7,141.4129060588177,47.137635352939235,10
slow0-owned-v48-qps2000-n48,exec. dispatch queue,,V2,381.6,347.039824804013,115.67994160133765,10
slow0-owned-v48-qps2000-n48,pending txs,,V1,2.3,0.7810249675906654,0.2603416558635551,10
slow0-owned-v48-qps2000-n48,pending txs,,V2,2.8,1.7776388834631176,0.5925462944877059,10
slow0-owned-v48-qps2000-n48,exec. queue. delay p95 (s),,V1,0.03197258987636709,0.03224849962800122,0.00409833303027224,10
slow0-owned-v48-qps2000-n48,exec. queue. delay p95 (s),,V2,0.0542687819304006,0.08108842473486265,0.008858516995809213,10
slow0-owned-v48-qps2000-n48,post-cons shed drops / sec,,V1,0.0,0.0,0.0,10
slow0-owned-v48-qps2000-n48,post-cons shed drops / sec,,V2,0.0,0.0,0.0,10
slow0-owned-v48-qps2000-n48,shed % quorum,,V1,0.0,0.0,0.0,10
slow0-owned-v48-qps2000-n48,shed % quorum,,V2,0.0,0.0,0.0,10
slow0-owned-v48-qps2000-n48,shed % local,,V1,0.0,0.0,0.0,10
slow0-owned-v48-qps2000-n48,shed % local,,V2,0.0,0.0,0.0,10
slow0-owned-v48-qps2000-n48,shed % cons-queue,,V1,0.0,0.0,0.0,10
slow0-owned-v48-qps2000-n48,shed % cons-queue,,V2,0.0,0.0,0.0,10
slow0-owned-v48-qps2000-n48,pre-cons overload rej / sec,,V1,nan,nan,nan,10
slow0-owned-v48-qps2000-n48,pre-cons overload rej / sec,,V2,nan,nan,nan,10
slow0-owned-v48-qps2000-n48,node CPU,,V1,2.018642651563853,0.472023169300799,0.008081329001431364,10
slow0-owned-v48-qps2000-n48,node CPU,,V2,2.0140177808702586,0.485169575456991,0.0051017640819139365,10
slow0-owned-v48-qps2000-n48,node memory RSS (bytes),,V1,1568362927.4870229,105999699.45007406,3954365.8239042345,10
slow0-owned-v48-qps2000-n48,node memory RSS (bytes),,V2,1580511833.0771558,111744998.1116347,3732287.9029797246,10
slow0-owned-v48-qps2000-n48,overload graduated / sec,,V1,nan,nan,nan,10
slow0-owned-v48-qps2000-n48,overload graduated / sec,,V2,nan,nan,nan,10
slow0-owned-v48-qps2000-n48,overload max-pending / sec,,V1,nan,nan,nan,10
slow0-owned-v48-qps2000-n48,overload max-pending / sec,,V2,nan,nan,nan,10
slow0-owned-v48-qps2000-n48,overload semaphore / sec,,V1,nan,nan,nan,10
slow0-owned-v48-qps2000-n48,overload semaphore / sec,,V2,nan,nan,nan,10
slow0-owned-v48-qps2000-n48,attest. exec p50 (s),,V1,nan,nan,nan,10
slow0-owned-v48-qps2000-n48,attest. exec p50 (s),,V2,0.000516548671736498,2.049357172952504e-06,2.61357775911149e-07,10
slow0-owned-v48-qps2000-n48,attest. exec p95 (s),,V1,nan,nan,nan,10
slow0-owned-v48-qps2000-n48,attest. exec p95 (s),,V2,0.0009814424762993467,3.893778628609755e-06,4.96579774231187e-07,10
slow0-owned-v48-qps2000-n48,attest. exec p99 (s),,V1,nan,nan,nan,10
slow0-owned-v48-qps2000-n48,attest. exec p99 (s),,V2,0.00420315597600656,0.00034358422154121975,2.2390859431336567e-05,10
slow0-owned-v48-qps2000-n48,attest. wait p50 (s),,V1,nan,nan,nan,10
slow0-owned-v48-qps2000-n48,attest. wait p50 (s),,V2,0.0016075160089030396,0.00033023026108388865,4.334785072143214e-05,10
slow0-owned-v48-qps2000-n48,attest. wait p95 (s),,V1,nan,nan,nan,10
slow0-owned-v48-qps2000-n48,attest. wait p95 (s),,V2,0.019315441810487485,0.004507472961085293,0.0003041743349251974,10
slow0-owned-v48-qps2000-n48,attest. wait p99 (s),,V1,nan,nan,nan,10
slow0-owned-v48-qps2000-n48,attest. wait p99 (s),,V2,0.03393340131376575,0.014356784781590014,0.0008117187343844287,10
slow0-owned-v48-qps2000-n48,attest. resume p50 (s),,V1,nan,nan,nan,10
slow0-owned-v48-qps2000-n48,attest. resume p50 (s),,V2,0.0005739334990813616,7.635043983530015e-06,7.991235487281889e-07,10
slow0-owned-v48-qps2000-n48,attest. resume p95 (s),,V1,nan,nan,nan,10
slow0-owned-v48-qps2000-n48,attest. resume p95 (s),,V2,0.0037954718749447164,0.00025958446525861325,2.4248128745263154e-05,10
slow0-owned-v48-qps2000-n48,attest. resume p99 (s),,V1,nan,nan,nan,10
slow0-owned-v48-qps2000-n48,attest. resume p99 (s),,V2,0.007539492182347032,0.0008104251672656879,8.24084633948274e-05,10
slow0-owned-v48-qps2000-n48,num_inflight,,V1,75.4,12.932130528261768,4.310710176087255,10
slow0-owned-v48-qps2000-n48,num_inflight,,V2,93.7,46.957534006802355,15.652511335600783,10
slow0-owned-v48-qps2000-n48,CUs,,V1,nan,nan,nan,10
slow0-owned-v48-qps2000-n48,CUs,,V2,1000.0,1.9453320188019255e-13,0.0,10
slow50-owned-f1-qps200-n48,TPS,,V1,195.62432612342323,86.81165759168351,0.32557445096285487,10
slow50-owned-f1-qps200-n48,TPS,,V2,195.5844527087796,87.62867058613124,0.25909096156231665,10
slow50-owned-f1-qps200-n48,attest. full p50 (s),,V1,nan,nan,nan,10
slow50-owned-f1-qps200-n48,attest. full p50 (s),,V2,0.006313015099668654,0.0003956448059546222,3.858036604607147e-05,10
slow50-owned-f1-qps200-n48,attest. full p95 (s),,V1,nan,nan,nan,10
slow50-owned-f1-qps200-n48,attest. full p95 (s),,V2,0.02466009435244923,0.0012542076797041508,9.589489752173533e-05,10
slow50-owned-f1-qps200-n48,attest. full p99 (s),,V1,nan,nan,nan,10
slow50-owned-f1-qps200-n48,attest. full p99 (s),,V2,0.044892647691173064,0.0032735204303832007,0.0001432691767879949,10
slow50-owned-f1-qps200-n48,attest. / sec,,V1,0.0,0.0,0.0,10
slow50-owned-f1-qps200-n48,attest. / sec,,V2,19.90514911847092,7.787554166387467,0.2567670649115221,10
slow50-owned-f1-qps200-n48,host CPU,,V1,83.18743518925967,32.48919193711922,0.45014024744088904,10
slow50-owned-f1-qps200-n48,host CPU,,V2,82.92316300366123,32.71883014207078,0.3601286410406513,10
slow50-owned-f1-qps200-n48,rec. → exec. p50 (s),,V1,0.7584675073610708,0.04396951628408571,0.003886529674790696,10
slow50-owned-f1-qps200-n48,rec. → exec. p50 (s),,V2,0.7614611550060894,0.06530590452231966,0.00802241659969777,10
slow50-owned-f1-qps200-n48,rec. → exec. p95 (s),,V1,1.0530638333771691,0.23073440466451625,0.023455785652984323,10
slow50-owned-f1-qps200-n48,rec. → exec. p95 (s),,V2,1.0297561014613559,0.18970259389559743,0.021505779292941448,10
slow50-owned-f1-qps200-n48,rec. → exec. p99 (s),,V1,1.1386978981027758,0.32182260106425825,0.03842425000995592,10
slow50-owned-f1-qps200-n48,rec. → exec. p99 (s),,V2,1.1457795494120953,0.3215014220727828,0.03849170735288849,10
slow50-owned-f1-qps200-n48,pc valid. lat. p50 (s),,V1,0.0008388378215920027,2.3524912849668523e-05,3.0104602790485094e-06,10
slow50-owned-f1-qps200-n48,pc valid. lat. p50 (s),,V2,0.0007577316205994532,2.2767012220309983e-05,2.406142853268444e-06,10
slow50-owned-f1-qps200-n48,pc valid. lat. p95 (s),,V1,0.00937536972068045,0.0006018451759211883,6.276641041035661e-05,10
slow50-owned-f1-qps200-n48,pc valid. lat. p95 (s),,V2,0.008678673310378058,0.0005260975259718902,4.051074056106815e-05,10
slow50-owned-f1-qps200-n48,exec. lat. p95 (s),,V1,0.02638055892028896,0.0044096211250094774,0.00015195043127633095,10
slow50-owned-f1-qps200-n48,exec. lat. p95 (s),,V2,0.026613108306157037,0.0046655032865125165,0.00019912407555979742,10
slow50-owned-f1-qps200-n48,valid. drop. / sec,,V1,0.0,0.0,0.0,10
slow50-owned-f1-qps200-n48,valid. drop. / sec,,V2,0.0,0.0,0.0,10
slow50-owned-f1-qps200-n48,final. lat. p50 (s),,V1,0.6420678713087441,0.017476360067730238,0.0019487784610232543,10
slow50-owned-f1-qps200-n48,final. lat. p50 (s),,V2,0.6562152424808412,0.01935141772998917,0.0017323721742263252,10
slow50-owned-f1-qps200-n48,final. lat. p95 (s),,V1,0.7883382687995211,0.05422276873655333,0.004572756559924203,10
slow50-owned-f1-qps200-n48,final. lat. p95 (s),,V2,0.8037306249846454,0.05257209910517203,0.003351965831804575,10
slow50-owned-f1-qps200-n48,final. lat. p99 (s),,V1,0.85073291761962,0.07476589553441809,0.006070536046870389,10
slow50-owned-f1-qps200-n48,final. lat. p99 (s),,V2,0.8599049495199566,0.07401824509191203,0.005074615355904471,10
slow50-owned-f1-qps200-n48,submit lat. p50 (s),,V1,0.028727974676721158,0.0019087619296676542,0.00021280641327484548,10
slow50-owned-f1-qps200-n48,submit lat. p50 (s),,V2,0.03823587980401683,0.0016055127034511614,0.00018472542154517833,10
slow50-owned-f1-qps200-n48,submit lat. p95 (s),,V1,0.07584348923961191,0.004678204817044579,0.0004446549225801918,10
slow50-owned-f1-qps200-n48,submit lat. p95 (s),,V2,0.08787268187441713,0.0058365814176550655,0.0005382300351405312,10
slow50-owned-f1-qps200-n48,ckpt lag p50 (s),,V1,0.4025592534474783,0.017080927366900533,0.0019939648767141284,10
slow50-owned-f1-qps200-n48,ckpt lag p50 (s),,V2,0.4101827367312544,0.018101588603063483,0.0013401491401503203,10
slow50-owned-f1-qps200-n48,ckpt lag p95 (s),,V1,0.5241003397661013,0.04147921577298748,0.004056632677247916,10
slow50-owned-f1-qps200-n48,ckpt lag p95 (s),,V2,0.5312585224182677,0.0444470562162233,0.001958879576187981,10
slow50-owned-f1-qps200-n48,ckpt lag p99 (s),,V1,0.6082858749422658,0.061621029275381024,0.006813768630443415,10
slow50-owned-f1-qps200-n48,ckpt lag p99 (s),,V2,0.6050945901465765,0.05350283471385736,0.0034915170153855925,10
slow50-owned-f1-qps200-n48,exec. dispatch queue,,V1,38.6,15.49967741599805,5.166559138666017,10
slow50-owned-f1-qps200-n48,exec. dispatch queue,,V2,29.3,11.602154972245458,3.867384990748486,10
slow50-owned-f1-qps200-n48,pending txs,,V1,2.0,0.0,0.0,10
slow50-owned-f1-qps200-n48,pending txs,,V2,2.0,0.0,0.0,10
slow50-owned-f1-qps200-n48,exec. queue. delay p95 (s),,V1,0.003774962788249354,0.0015318106346742522,0.00014420648825400927,10
slow50-owned-f1-qps200-n48,exec. queue. delay p95 (s),,V2,0.0035551957226437796,0.0018810919984434214,0.00021568962839756012,10
slow50-owned-f1-qps200-n48,post-cons shed drops / sec,,V1,0.0,0.0,0.0,10
slow50-owned-f1-qps200-n48,post-cons shed drops / sec,,V2,0.0,0.0,0.0,10
slow50-owned-f1-qps200-n48,shed % quorum,,V1,0.0,0.0,0.0,10
slow50-owned-f1-qps200-n48,shed % quorum,,V2,0.0,0.0,0.0,10
slow50-owned-f1-qps200-n48,shed % local,,V1,0.0,0.0,0.0,10
slow50-owned-f1-qps200-n48,shed % local,,V2,0.0,0.0,0.0,10
slow50-owned-f1-qps200-n48,shed % cons-queue,,V1,0.0,0.0,0.0,10
slow50-owned-f1-qps200-n48,shed % cons-queue,,V2,0.0,0.0,0.0,10
slow50-owned-f1-qps200-n48,pre-cons overload rej / sec,,V1,nan,nan,nan,10
slow50-owned-f1-qps200-n48,pre-cons overload rej / sec,,V2,nan,nan,nan,10
slow50-owned-f1-qps200-n48,node CPU,,V1,2.019816140864287,0.5170580394163872,0.006022072232825708,10
slow50-owned-f1-qps200-n48,node CPU,,V2,2.0240252231586497,0.501271133626854,0.007586584995973616,10
slow50-owned-f1-qps200-n48,node memory RSS (bytes),,V1,1480641893.5322034,60987301.01702899,2901943.491499189,10
slow50-owned-f1-qps200-n48,node memory RSS (bytes),,V2,1478549863.1770658,61855042.23438223,3973503.2594195944,10
slow50-owned-f1-qps200-n48,overload graduated / sec,,V1,nan,nan,nan,10
slow50-owned-f1-qps200-n48,overload graduated / sec,,V2,nan,nan,nan,10
slow50-owned-f1-qps200-n48,overload max-pending / sec,,V1,nan,nan,nan,10
slow50-owned-f1-qps200-n48,overload max-pending / sec,,V2,nan,nan,nan,10
slow50-owned-f1-qps200-n48,overload semaphore / sec,,V1,nan,nan,nan,10
slow50-owned-f1-qps200-n48,overload semaphore / sec,,V2,nan,nan,nan,10
slow50-owned-f1-qps200-n48,attest. exec p50 (s),,V1,nan,nan,nan,10
slow50-owned-f1-qps200-n48,attest. exec p50 (s),,V2,0.003278361513207396,4.815463767328468e-05,4.408924221294526e-06,10
slow50-owned-f1-qps200-n48,attest. exec p95 (s),,V1,nan,nan,nan,10
slow50-owned-f1-qps200-n48,attest. exec p95 (s),,V2,0.009061834794292437,0.0008025110000494291,8.483799932241322e-05,10
slow50-owned-f1-qps200-n48,attest. exec p99 (s),,V1,nan,nan,nan,10
slow50-owned-f1-qps200-n48,attest. exec p99 (s),,V2,0.020543944361461057,0.001978585962132801,0.00021601690635912753,10
slow50-owned-f1-qps200-n48,attest. wait p50 (s),,V1,nan,nan,nan,10
slow50-owned-f1-qps200-n48,attest. wait p50 (s),,V2,0.0026816127620215542,0.0003067522586016459,2.723356832430899e-05,10
slow50-owned-f1-qps200-n48,attest. wait p95 (s),,V1,nan,nan,nan,10
slow50-owned-f1-qps200-n48,attest. wait p95 (s),,V2,0.021796902144958056,0.0011869548172571982,8.296354396684435e-05,10
slow50-owned-f1-qps200-n48,attest. wait p99 (s),,V1,nan,nan,nan,10
slow50-owned-f1-qps200-n48,attest. wait p99 (s),,V2,0.03909302408942713,0.004346676712385251,0.0003025975842484418,10
slow50-owned-f1-qps200-n48,attest. resume p50 (s),,V1,nan,nan,nan,10
slow50-owned-f1-qps200-n48,attest. resume p50 (s),,V2,0.0006561954068623359,0.00014231411568563609,1.2084678009187747e-05,10
slow50-owned-f1-qps200-n48,attest. resume p95 (s),,V1,nan,nan,nan,10
slow50-owned-f1-qps200-n48,attest. resume p95 (s),,V2,0.004539312777170534,0.00017517543145496043,1.369348062449515e-05,10
slow50-owned-f1-qps200-n48,attest. resume p99 (s),,V1,nan,nan,nan,10
slow50-owned-f1-qps200-n48,attest. resume p99 (s),,V2,0.009172417450791231,0.0010640215311701808,0.000105718338044847,10
slow50-owned-f1-qps200-n48,num_inflight,,V1,25.6,1.562049935181331,0.5206833117271104,10
slow50-owned-f1-qps200-n48,num_inflight,,V2,24.8,1.5362291495737217,0.5120763831912405,10
slow50-owned-f1-qps200-n48,CUs,,V1,nan,nan,nan,10
slow50-owned-f1-qps200-n48,CUs,,V2,1000.0,2.1466847391705807e-13,0.0,10
slow50-owned-v1-qps200-n48,TPS,,V1,196.61129071491766,82.64976418048501,0.32892516003295336,10
slow50-owned-v1-qps200-n48,TPS,,V2,196.08582101140436,83.27097230457633,0.3273921112996894,10
slow50-owned-v1-qps200-n48,attest. full p50 (s),,V1,nan,nan,nan,10
slow50-owned-v1-qps200-n48,attest. full p50 (s),,V2,0.028465643072567947,0.0063775588868197055,0.000976979188250182,10
slow50-owned-v1-qps200-n48,attest. full p95 (s),,V1,nan,nan,nan,10
slow50-owned-v1-qps200-n48,attest. full p95 (s),,V2,0.12772977796709523,0.03882765223614493,0.0056832187520992426,10
slow50-owned-v1-qps200-n48,attest. full p99 (s),,V1,nan,nan,nan,10
slow50-owned-v1-qps200-n48,attest. full p99 (s),,V2,0.19421102723035555,0.06321823718725174,0.009249715770354841,10
slow50-owned-v1-qps200-n48,attest. / sec,,V1,0.0,0.0,0.0,10
slow50-owned-v1-qps200-n48,attest. / sec,,V2,183.86767374164577,85.18173957667312,0.559059032167901,10
slow50-owned-v1-qps200-n48,host CPU,,V1,83.24787572362513,32.176092681132126,0.2845158972904373,10
slow50-owned-v1-qps200-n48,host CPU,,V2,83.64434260621535,31.688749166858468,0.3589977712080979,10
slow50-owned-v1-qps200-n48,rec. → exec. p50 (s),,V1,0.7279228634704413,0.01594095880238335,0.0024461410064472383,10
slow50-owned-v1-qps200-n48,rec. → exec. p50 (s),,V2,0.813307550264614,0.0784376176108277,0.010807103688986915,10
slow50-owned-v1-qps200-n48,rec. → exec. p95 (s),,V1,0.9732817813324708,0.00324102026477314,0.0004638099466859099,10
slow50-owned-v1-qps200-n48,rec. → exec. p95 (s),,V2,1.448265366756207,0.39421426806584364,0.06030242865765073,10
slow50-owned-v1-qps200-n48,rec. → exec. p99 (s),,V1,1.0088484511796165,0.10100961404781438,0.014401303636192327,10
slow50-owned-v1-qps200-n48,rec. → exec. p99 (s),,V2,1.6785643923805678,0.39075649683865643,0.05417685017958611,10
slow50-owned-v1-qps200-n48,pc valid. lat. p50 (s),,V1,0.0007445263920752095,2.855926687695755e-05,3.497224084316042e-06,10
slow50-owned-v1-qps200-n48,pc valid. lat. p50 (s),,V2,0.0006519207169152144,2.755581567706825e-05,2.9620497483607787e-06,10
slow50-owned-v1-qps200-n48,pc valid. lat. p95 (s),,V1,0.009322969479222966,0.0006290933138821763,6.089143963258168e-05,10
slow50-owned-v1-qps200-n48,pc valid. lat. p95 (s),,V2,0.008596000981829135,0.0006145405435977305,4.163471845887391e-05,10
slow50-owned-v1-qps200-n48,exec. lat. p95 (s),,V1,0.02603449253242813,0.0018851428379201343,0.00018051489294618236,10
slow50-owned-v1-qps200-n48,exec. lat. p95 (s),,V2,0.027276759150431314,0.002458302045403893,0.00018437486055813352,10
slow50-owned-v1-qps200-n48,valid. drop. / sec,,V1,0.0,0.0,0.0,10
slow50-owned-v1-qps200-n48,valid. drop. / sec,,V2,0.0,0.0,0.0,10
slow50-owned-v1-qps200-n48,final. lat. p50 (s),,V1,nan,nan,nan,10
slow50-owned-v1-qps200-n48,final. lat. p50 (s),,V2,nan,nan,nan,10
slow50-owned-v1-qps200-n48,final. lat. p95 (s),,V1,nan,nan,nan,10
slow50-owned-v1-qps200-n48,final. lat. p95 (s),,V2,nan,nan,nan,10
slow50-owned-v1-qps200-n48,final. lat. p99 (s),,V1,nan,nan,nan,10
slow50-owned-v1-qps200-n48,final. lat. p99 (s),,V2,nan,nan,nan,10
slow50-owned-v1-qps200-n48,submit lat. p50 (s),,V1,nan,nan,nan,10
slow50-owned-v1-qps200-n48,submit lat. p50 (s),,V2,nan,nan,nan,10
slow50-owned-v1-qps200-n48,submit lat. p95 (s),,V1,nan,nan,nan,10
slow50-owned-v1-qps200-n48,submit lat. p95 (s),,V2,nan,nan,nan,10
slow50-owned-v1-qps200-n48,ckpt lag p50 (s),,V1,0.38123463390656837,0.013494542069167406,0.0013936195462698467,10
slow50-owned-v1-qps200-n48,ckpt lag p50 (s),,V2,0.3853410416733598,0.015290834265230813,0.0017130205617727305,10
slow50-owned-v1-qps200-n48,ckpt lag p95 (s),,V1,0.4892675375906161,0.03782805431271169,0.002636719394962432,10
slow50-owned-v1-qps200-n48,ckpt lag p95 (s),,V2,0.511970834763431,0.05487919366901955,0.0027171926995802377,10
slow50-owned-v1-qps200-n48,ckpt lag p99 (s),,V1,0.5659046948581197,0.05868004878484201,0.00411409684272865,10
slow50-owned-v1-qps200-n48,ckpt lag p99 (s),,V2,0.8244580605983819,0.3404492737114402,0.0438988794340219,10
slow50-owned-v1-qps200-n48,exec. dispatch queue,,V1,36.1,9.321480569094161,3.1071601896980536,10
slow50-owned-v1-qps200-n48,exec. dispatch queue,,V2,41.8,15.111584959890871,5.037194986630291,10
slow50-owned-v1-qps200-n48,pending txs,,V1,1.9,0.3,0.09999999999999999,10
slow50-owned-v1-qps200-n48,pending txs,,V2,2.1,0.5385164807134505,0.17950549357115014,10
slow50-owned-v1-qps200-n48,exec. queue. delay p95 (s),,V1,0.002803476996121961,0.001854377997719415,0.00021590972530897458,10
slow50-owned-v1-qps200-n48,exec. queue. delay p95 (s),,V2,0.006202724073048272,0.005218990457131654,0.0007804695911036203,10
slow50-owned-v1-qps200-n48,post-cons shed drops / sec,,V1,0.0,0.0,0.0,10
slow50-owned-v1-qps200-n48,post-cons shed drops / sec,,V2,0.0,0.0,0.0,10
slow50-owned-v1-qps200-n48,shed % quorum,,V1,0.0,0.0,0.0,10
slow50-owned-v1-qps200-n48,shed % quorum,,V2,0.0,0.0,0.0,10
slow50-owned-v1-qps200-n48,shed % local,,V1,0.0,0.0,0.0,10
slow50-owned-v1-qps200-n48,shed % local,,V2,0.0,0.0,0.0,10
slow50-owned-v1-qps200-n48,shed % cons-queue,,V1,0.0,0.0,0.0,10
slow50-owned-v1-qps200-n48,shed % cons-queue,,V2,0.0,0.0,0.0,10
slow50-owned-v1-qps200-n48,pre-cons overload rej / sec,,V1,nan,nan,nan,10
slow50-owned-v1-qps200-n48,pre-cons overload rej / sec,,V2,nan,nan,nan,10
slow50-owned-v1-qps200-n48,node CPU,,V1,2.0431141394279844,0.49482290680718805,0.009928233398122646,10
slow50-owned-v1-qps200-n48,node CPU,,V2,2.2075095338375124,0.5447975187919039,0.005916302984070296,10
slow50-owned-v1-qps200-n48,node memory RSS (bytes),,V1,1484988919.7152104,65228874.3271165,6586879.863207922,10
slow50-owned-v1-qps200-n48,node memory RSS (bytes),,V2,1507845430.3533225,78688021.10114534,4535884.224919593,10
slow50-owned-v1-qps200-n48,overload graduated / sec,,V1,nan,nan,nan,10
slow50-owned-v1-qps200-n48,overload graduated / sec,,V2,nan,nan,nan,10
slow50-owned-v1-qps200-n48,overload max-pending / sec,,V1,nan,nan,nan,10
slow50-owned-v1-qps200-n48,overload max-pending / sec,,V2,nan,nan,nan,10
slow50-owned-v1-qps200-n48,overload semaphore / sec,,V1,nan,nan,nan,10
slow50-owned-v1-qps200-n48,overload semaphore / sec,,V2,nan,nan,nan,10
slow50-owned-v1-qps200-n48,attest. exec p50 (s),,V1,nan,nan,nan,10
slow50-owned-v1-qps200-n48,attest. exec p50 (s),,V2,0.003443183781590189,3.5074761290650355e-05,6.750406255371994e-06,10
slow50-owned-v1-qps200-n48,attest. exec p95 (s),,V1,nan,nan,nan,10
slow50-owned-v1-qps200-n48,attest. exec p95 (s),,V2,0.014546535122943445,0.0013571710247543103,0.00023176046439399097,10
slow50-owned-v1-qps200-n48,attest. exec p99 (s),,V1,nan,nan,nan,10
slow50-owned-v1-qps200-n48,attest. exec p99 (s),,V2,0.023872823744792812,0.000435347287003968,7.462597727690354e-05,10
slow50-owned-v1-qps200-n48,attest. wait p50 (s),,V1,nan,nan,nan,10
slow50-owned-v1-qps200-n48,attest. wait p50 (s),,V2,0.023870011827006262,0.006029212010460307,0.0008832380558731334,10
slow50-owned-v1-qps200-n48,attest. wait p95 (s),,V1,nan,nan,nan,10
slow50-owned-v1-qps200-n48,attest. wait p95 (s),,V2,0.12214401699770135,0.038939655902902735,0.005776003754642438,10
slow50-owned-v1-qps200-n48,attest. wait p99 (s),,V1,nan,nan,nan,10
slow50-owned-v1-qps200-n48,attest. wait p99 (s),,V2,0.18927914178321553,0.0634922512833724,0.009370553168622743,10
slow50-owned-v1-qps200-n48,attest. resume p50 (s),,V1,nan,nan,nan,10
slow50-owned-v1-qps200-n48,attest. resume p50 (s),,V2,0.000647070782970843,1.2453450216718865e-05,2.1110888908393526e-06,10
slow50-owned-v1-qps200-n48,attest. resume p95 (s),,V1,nan,nan,nan,10
slow50-owned-v1-qps200-n48,attest. resume p95 (s),,V2,0.004522065923120884,0.00010869325497657762,1.5192778706491827e-05,10
slow50-owned-v1-qps200-n48,attest. resume p99 (s),,V1,nan,nan,nan,10
slow50-owned-v1-qps200-n48,attest. resume p99 (s),,V2,0.009429101713295083,0.0014492528864356105,0.0001822319215587825,10
slow50-owned-v1-qps200-n48,num_inflight,,V1,170.4,19.022092419079453,6.340697473026484,10
slow50-owned-v1-qps200-n48,num_inflight,,V2,245.1,25.56736200705892,8.522454002352973,10
slow50-owned-v1-qps200-n48,CUs,,V1,nan,nan,nan,10
slow50-owned-v1-qps200-n48,CUs,,V2,1000.0,2.0327806218174394e-13,0.0,10
slow50-owned-v48-qps200-n48,TPS,,V1,195.56517662863757,84.0046499918126,0.22997977673123424,10
slow50-owned-v48-qps200-n48,TPS,,V2,195.41045238039848,84.47134922945907,0.32623583254662386,10
slow50-owned-v48-qps200-n48,attest. full p50 (s),,V1,nan,nan,nan,10
slow50-owned-v48-qps200-n48,attest. full p50 (s),,V2,0.006602741672889984,0.00042852057213036527,3.9123309079906855e-05,10
slow50-owned-v48-qps200-n48,attest. full p95 (s),,V1,nan,nan,nan,10
slow50-owned-v48-qps200-n48,attest. full p95 (s),,V2,0.025412691262262255,0.0018793501545621733,0.00020675069676747188,10
slow50-owned-v48-qps200-n48,attest. full p99 (s),,V1,nan,nan,nan,10
slow50-owned-v48-qps200-n48,attest. full p99 (s),,V2,0.0454138620549423,0.00331397910011474,0.00019151719971125027,10
slow50-owned-v48-qps200-n48,attest. / sec,,V1,0.0,0.0,0.0,10
slow50-owned-v48-qps200-n48,attest. / sec,,V2,21.37489431283401,8.346988235922806,0.20125126902164184,10
slow50-owned-v48-qps200-n48,host CPU,,V1,83.69110059820139,31.89479700253982,0.32244625411496863,10
slow50-owned-v48-qps200-n48,host CPU,,V2,82.97878431059581,32.9279065229992,0.32935618010540557,10
slow50-owned-v48-qps200-n48,rec. → exec. p50 (s),,V1,0.742264956340915,0.010148263840701282,0.000917491283217607,10
slow50-owned-v48-qps200-n48,rec. → exec. p50 (s),,V2,0.7440558444950219,0.012285351581063458,0.0011393577708283752,10
slow50-owned-v48-qps200-n48,rec. → exec. p95 (s),,V1,0.9792427464964387,0.03074733959196172,0.004106344636780263,10
slow50-owned-v48-qps200-n48,rec. → exec. p95 (s),,V2,0.9848707379295151,0.06861542703152333,0.008729690282759377,10
slow50-owned-v48-qps200-n48,rec. → exec. p99 (s),,V1,1.0394800242534792,0.17815257368773416,0.022719725876984162,10
slow50-owned-v48-qps200-n48,rec. → exec. p99 (s),,V2,1.0671706572400055,0.2067909317835273,0.031465864877794895,10
slow50-owned-v48-qps200-n48,pc valid. lat. p50 (s),,V1,0.0008262171287928198,3.202467043105595e-05,2.734708165384142e-06,10
slow50-owned-v48-qps200-n48,pc valid. lat. p50 (s),,V2,0.0007407443219551794,4.0407111458691345e-05,2.5109836977696394e-06,10
slow50-owned-v48-qps200-n48,pc valid. lat. p95 (s),,V1,0.009196386239569343,0.000761641328398908,5.261709559376528e-05,10
slow50-owned-v48-qps200-n48,pc valid. lat. p95 (s),,V2,0.008487316863749187,0.0005957543747105537,4.9566382317345404e-05,10
slow50-owned-v48-qps200-n48,exec. lat. p95 (s),,V1,0.02491471787010312,0.0014640504063122824,0.00012198771013032181,10
slow50-owned-v48-qps200-n48,exec. lat. p95 (s),,V2,0.024856950896599044,0.0014270674470702506,0.00013361554427815565,10
slow50-owned-v48-qps200-n48,valid. drop. / sec,,V1,0.0,0.0,0.0,10
slow50-owned-v48-qps200-n48,valid. drop. / sec,,V2,0.0,0.0,0.0,10
slow50-owned-v48-qps200-n48,final. lat. p50 (s),,V1,nan,nan,nan,10
slow50-owned-v48-qps200-n48,final. lat. p50 (s),,V2,nan,nan,nan,10
slow50-owned-v48-qps200-n48,final. lat. p95 (s),,V1,nan,nan,nan,10
slow50-owned-v48-qps200-n48,final. lat. p95 (s),,V2,nan,nan,nan,10
slow50-owned-v48-qps200-n48,final. lat. p99 (s),,V1,nan,nan,nan,10
slow50-owned-v48-qps200-n48,final. lat. p99 (s),,V2,nan,nan,nan,10
slow50-owned-v48-qps200-n48,submit lat. p50 (s),,V1,nan,nan,nan,10
slow50-owned-v48-qps200-n48,submit lat. p50 (s),,V2,nan,nan,nan,10
slow50-owned-v48-qps200-n48,submit lat. p95 (s),,V1,nan,nan,nan,10
slow50-owned-v48-qps200-n48,submit lat. p95 (s),,V2,nan,nan,nan,10
slow50-owned-v48-qps200-n48,ckpt lag p50 (s),,V1,0.3993322515356474,0.019737930701042166,0.0021103663194729726,10
slow50-owned-v48-qps200-n48,ckpt lag p50 (s),,V2,0.3998833151699046,0.018984627100901097,0.001986073084126462,10
slow50-owned-v48-qps200-n48,ckpt lag p95 (s),,V1,0.5177628309378254,0.048612584716391585,0.0035905718559487514,10
slow50-owned-v48-qps200-n48,ckpt lag p95 (s),,V2,0.5138439303423941,0.043771701676642974,0.0037466145086591223,10
slow50-owned-v48-qps200-n48,ckpt lag p99 (s),,V1,0.5999658193476138,0.06449007009388599,0.005129825700410438,10
slow50-owned-v48-qps200-n48,ckpt lag p99 (s),,V2,0.5962508796328175,0.05426827202442453,0.004369634897927029,10
slow50-owned-v48-qps200-n48,exec. dispatch queue,,V1,37.9,17.711295830627414,5.903765276875805,10
slow50-owned-v48-qps200-n48,exec. dispatch queue,,V2,25.6,3.7202150475476548,1.2400716825158848,10
slow50-owned-v48-qps200-n48,pending txs,,V1,2.0,0.6324555320336759,0.21081851067789192,10
slow50-owned-v48-qps200-n48,pending txs,,V2,2.0,0.4472135954999579,0.14907119849998596,10
slow50-owned-v48-qps200-n48,exec. queue. delay p95 (s),,V1,0.0019958604977306066,0.002111747194998428,0.00035796088681221556,10
slow50-owned-v48-qps200-n48,exec. queue. delay p95 (s),,V2,0.0014277842473755394,0.0014078019151600673,0.00024109381116699686,10
slow50-owned-v48-qps200-n48,post-cons shed drops / sec,,V1,0.0,0.0,0.0,10
slow50-owned-v48-qps200-n48,post-cons shed drops / sec,,V2,0.0,0.0,0.0,10
slow50-owned-v48-qps200-n48,shed % quorum,,V1,0.0,0.0,0.0,10
slow50-owned-v48-qps200-n48,shed % quorum,,V2,0.0,0.0,0.0,10
slow50-owned-v48-qps200-n48,shed % local,,V1,0.0,0.0,0.0,10
slow50-owned-v48-qps200-n48,shed % local,,V2,0.0,0.0,0.0,10
slow50-owned-v48-qps200-n48,shed % cons-queue,,V1,0.0,0.0,0.0,10
slow50-owned-v48-qps200-n48,shed % cons-queue,,V2,0.0,0.0,0.0,10
slow50-owned-v48-qps200-n48,pre-cons overload rej / sec,,V1,nan,nan,nan,10
slow50-owned-v48-qps200-n48,pre-cons overload rej / sec,,V2,nan,nan,nan,10
slow50-owned-v48-qps200-n48,node CPU,,V1,2.034448076551639,0.5033752214501623,0.003577818962935586,10
slow50-owned-v48-qps200-n48,node CPU,,V2,2.0253130656462583,0.5418450608934129,0.004625353192858655,10
slow50-owned-v48-qps200-n48,node memory RSS (bytes),,V1,1486568945.8471544,63329886.897754185,3058018.8629194326,10
slow50-owned-v48-qps200-n48,node memory RSS (bytes),,V2,1488578653.394137,61332593.34943548,1934315.1943994332,10
slow50-owned-v48-qps200-n48,overload graduated / sec,,V1,nan,nan,nan,10
slow50-owned-v48-qps200-n48,overload graduated / sec,,V2,nan,nan,nan,10
slow50-owned-v48-qps200-n48,overload max-pending / sec,,V1,nan,nan,nan,10
slow50-owned-v48-qps200-n48,overload max-pending / sec,,V2,nan,nan,nan,10
slow50-owned-v48-qps200-n48,overload semaphore / sec,,V1,nan,nan,nan,10
slow50-owned-v48-qps200-n48,overload semaphore / sec,,V2,nan,nan,nan,10
slow50-owned-v48-qps200-n48,attest. exec p50 (s),,V1,nan,nan,nan,10
slow50-owned-v48-qps200-n48,attest. exec p50 (s),,V2,0.0032932014440125563,3.6141505156141396e-05,4.533583955495753e-06,10
slow50-owned-v48-qps200-n48,attest. exec p95 (s),,V1,nan,nan,nan,10
slow50-owned-v48-qps200-n48,attest. exec p95 (s),,V2,0.0092068446096254,0.0006226391658829746,3.8922483194152866e-05,10
slow50-owned-v48-qps200-n48,attest. exec p99 (s),,V1,nan,nan,nan,10
slow50-owned-v48-qps200-n48,attest. exec p99 (s),,V2,0.020854010211222313,0.0016416060569728478,0.0001094570068724971,10
slow50-owned-v48-qps200-n48,attest. wait p50 (s),,V1,nan,nan,nan,10
slow50-owned-v48-qps200-n48,attest. wait p50 (s),,V2,0.0029059725160009917,0.0003278596563083091,2.800283546409062e-05,10
slow50-owned-v48-qps200-n48,attest. wait p95 (s),,V1,nan,nan,nan,10
slow50-owned-v48-qps200-n48,attest. wait p95 (s),,V2,0.022157998295981498,0.001646718969807983,0.00010627897101856094,10
slow50-owned-v48-qps200-n48,attest. wait p99 (s),,V1,nan,nan,nan,10
slow50-owned-v48-qps200-n48,attest. wait p99 (s),,V2,0.04031181842294332,0.004541835657409266,0.00029331729652475226,10
slow50-owned-v48-qps200-n48,attest. resume p50 (s),,V1,nan,nan,nan,10
slow50-owned-v48-qps200-n48,attest. resume p50 (s),,V2,0.0006417745014456059,5.806790534714502e-05,3.267764147192895e-06,10
slow50-owned-v48-qps200-n48,attest. resume p95 (s),,V1,nan,nan,nan,10
slow50-owned-v48-qps200-n48,attest. resume p95 (s),,V2,0.0044637818496519556,0.0002723329043437076,2.1642173460816322e-05,10
slow50-owned-v48-qps200-n48,attest. resume p99 (s),,V1,nan,nan,nan,10
slow50-owned-v48-qps200-n48,attest. resume p99 (s),,V2,0.008928255220985195,0.00110127828458141,9.35366583427275e-05,10
slow50-owned-v48-qps200-n48,num_inflight,,V1,25.6,2.2891046284519194,0.7630348761506398,10
slow50-owned-v48-qps200-n48,num_inflight,,V2,26.2,2.0880613017821097,0.69602043392737,10
slow50-owned-v48-qps200-n48,CUs,,V1,nan,nan,nan,10
slow50-owned-v48-qps200-n48,CUs,,V2,1000.0,1.9881509831894928e-13,0.0,10
slow50-owned-f1-qps1000-n48,TPS,,V1,430.8590558052815,197.66447635285672,2.7091271909169814,10
slow50-owned-f1-qps1000-n48,TPS,,V2,427.2821355698651,200.845909997421,2.7570236067003533,10
slow50-owned-f1-qps1000-n48,attest. full p50 (s),,V1,nan,nan,nan,10
slow50-owned-f1-qps1000-n48,attest. full p50 (s),,V2,0.028126301708424232,0.006940806715064918,0.0005221758214631945,10
slow50-owned-f1-qps1000-n48,attest. full p95 (s),,V1,nan,nan,nan,10
slow50-owned-f1-qps1000-n48,attest. full p95 (s),,V2,0.23694841220272753,0.06111909909648984,0.007255471988847092,10
slow50-owned-f1-qps1000-n48,attest. full p99 (s),,V1,nan,nan,nan,10
slow50-owned-f1-qps1000-n48,attest. full p99 (s),,V2,0.411504465863084,0.12578351043369887,0.016965027367710075,10
slow50-owned-f1-qps1000-n48,attest. / sec,,V1,0.0,0.0,0.0,10
slow50-owned-f1-qps1000-n48,attest. / sec,,V2,49.38987797122187,23.080054515170932,0.539241260332241,10
slow50-owned-f1-qps1000-n48,host CPU,,V1,83.6765583451817,32.783732271789574,0.688549328478237,10
slow50-owned-f1-qps1000-n48,host CPU,,V2,82.99182716180685,33.211969962013434,0.3236127491816837,10
slow50-owned-f1-qps1000-n48,rec. → exec. p50 (s),,V1,2.8706234445150915,0.8199239286999224,0.11515527743814577,10
slow50-owned-f1-qps1000-n48,rec. → exec. p50 (s),,V2,3.2693899423466917,0.947791360118855,0.1501984184386603,10
slow50-owned-f1-qps1000-n48,rec. → exec. p95 (s),,V1,3.796807085611696,0.9139191615161231,0.10885376418532787,10
slow50-owned-f1-qps1000-n48,rec. → exec. p95 (s),,V2,4.3621494873495985,1.0324869660865248,0.15124176647493986,10
slow50-owned-f1-qps1000-n48,rec. → exec. p99 (s),,V1,4.071342895631642,1.0056181975673142,0.12025733648281084,10
slow50-owned-f1-qps1000-n48,rec. → exec. p99 (s),,V2,4.697774557560476,1.1158456451245682,0.1682085256103979,10
slow50-owned-f1-qps1000-n48,pc valid. lat. p50 (s),,V1,0.010228889865171512,0.0038860543989985576,0.0003299178559966989,10
slow50-owned-f1-qps1000-n48,pc valid. lat. p50 (s),,V2,0.008728465884581538,0.003130927750026251,0.00027206715151526916,10
slow50-owned-f1-qps1000-n48,pc valid. lat. p95 (s),,V1,0.06663082851547286,0.013322518796403601,0.0011205031806588279,10
slow50-owned-f1-qps1000-n48,pc valid. lat. p95 (s),,V2,0.056962981821104965,0.011449053044203336,0.0008854084379981895,10
slow50-owned-f1-qps1000-n48,exec. lat. p95 (s),,V1,0.18917106699573333,0.05294109489575417,0.0037951873533146217,10
slow50-owned-f1-qps1000-n48,exec. lat. p95 (s),,V2,0.19088143849935457,0.04847820241206473,0.0034045711199102314,10
slow50-owned-f1-qps1000-n48,valid. drop. / sec,,V1,0.0,0.0,0.0,10
slow50-owned-f1-qps1000-n48,valid. drop. / sec,,V2,0.0,0.0,0.0,10
slow50-owned-f1-qps1000-n48,final. lat. p50 (s),,V1,2.3527196427160546,0.18856223156483057,0.011880841714157564,10
slow50-owned-f1-qps1000-n48,final. lat. p50 (s),,V2,2.4574827036934206,0.16048022490423683,0.01102937403667169,10
slow50-owned-f1-qps1000-n48,final. lat. p95 (s),,V1,3.2587205900925493,0.3334455761758519,0.03937933799184681,10
slow50-owned-f1-qps1000-n48,final. lat. p95 (s),,V2,3.433305666398721,0.2383681328160994,0.026174037875786895,10
slow50-owned-f1-qps1000-n48,final. lat. p99 (s),,V1,3.7033633961998835,0.4694789302482271,0.06146050068802072,10
slow50-owned-f1-qps1000-n48,final. lat. p99 (s),,V2,3.9588465776421398,0.40148539574958947,0.041011824643539065,10
slow50-owned-f1-qps1000-n48,submit lat. p50 (s),,V1,0.35039154813218387,0.12556794584135464,0.01099710530168433,10
slow50-owned-f1-qps1000-n48,submit lat. p50 (s),,V2,0.4233414612611205,0.1242987202453849,0.011015630670283445,10
slow50-owned-f1-qps1000-n48,submit lat. p95 (s),,V1,1.0469360896794675,0.3720104448945487,0.03809679226899643,10
slow50-owned-f1-qps1000-n48,submit lat. p95 (s),,V2,1.184555152470799,0.3327505332211291,0.03262979807668947,10
slow50-owned-f1-qps1000-n48,ckpt lag p50 (s),,V1,1.3508423600225736,0.2772227055250264,0.015706484250378742,10
slow50-owned-f1-qps1000-n48,ckpt lag p50 (s),,V2,1.3758595450377766,0.2531733796168042,0.02699540043264032,10
slow50-owned-f1-qps1000-n48,ckpt lag p95 (s),,V1,3.326076628661578,1.2063155439838666,0.13120702772974902,10
slow50-owned-f1-qps1000-n48,ckpt lag p95 (s),,V2,3.6522231159187695,2.1883738919368487,0.29930025221164996,10
slow50-owned-f1-qps1000-n48,ckpt lag p99 (s),,V1,5.806768192213797,3.5496740358772088,0.4650353673783866,10
slow50-owned-f1-qps1000-n48,ckpt lag p99 (s),,V2,6.40106285453847,4.647583430765783,0.7745989856683997,10
slow50-owned-f1-qps1000-n48,exec. dispatch queue,,V1,1186.6,109.29519660076558,36.43173220025519,10
slow50-owned-f1-qps1000-n48,exec. dispatch queue,,V2,1207.2,190.10565483435784,63.36855161145261,10
slow50-owned-f1-qps1000-n48,pending txs,,V1,53.1,24.357545032289277,8.11918167742976,10
slow50-owned-f1-qps1000-n48,pending txs,,V2,52.9,28.741781434003006,9.580593811334335,10
slow50-owned-f1-qps1000-n48,exec. queue. delay p95 (s),,V1,1.1350278720721685,0.5105810228514478,0.06538266083904243,10
slow50-owned-f1-qps1000-n48,exec. queue. delay p95 (s),,V2,1.1625491243745854,0.5392612467069047,0.08143453456881597,10
slow50-owned-f1-qps1000-n48,post-cons shed drops / sec,,V1,0.0,0.0,0.0,10
slow50-owned-f1-qps1000-n48,post-cons shed drops / sec,,V2,0.0,0.0,0.0,10
slow50-owned-f1-qps1000-n48,shed % quorum,,V1,0.0,0.0,0.0,10
slow50-owned-f1-qps1000-n48,shed % quorum,,V2,0.0,0.0,0.0,10
slow50-owned-f1-qps1000-n48,shed % local,,V1,6.7,7.376313442364011,2.45877114745467,10
slow50-owned-f1-qps1000-n48,shed % local,,V2,6.6,8.912911982062877,2.9709706606876254,10
slow50-owned-f1-qps1000-n48,shed % cons-queue,,V1,0.0,0.0,0.0,10
slow50-owned-f1-qps1000-n48,shed % cons-queue,,V2,0.0,0.0,0.0,10
slow50-owned-f1-qps1000-n48,pre-cons overload rej / sec,,V1,nan,nan,nan,10
slow50-owned-f1-qps1000-n48,pre-cons overload rej / sec,,V2,nan,nan,nan,10
slow50-owned-f1-qps1000-n48,node CPU,,V1,2.008572648806926,0.576844258850668,0.005499174234214673,10
slow50-owned-f1-qps1000-n48,node CPU,,V2,2.0370167943458863,0.5621583710850794,0.008368391820559833,10
slow50-owned-f1-qps1000-n48,node memory RSS (bytes),,V1,1572166046.910859,114499936.41310099,3262421.6307773395,10
slow50-owned-f1-qps1000-n48,node memory RSS (bytes),,V2,1575263109.3851132,118293751.29512306,3356083.67503056,10
slow50-owned-f1-qps1000-n48,overload graduated / sec,,V1,nan,nan,nan,10
slow50-owned-f1-qps1000-n48,overload graduated / sec,,V2,nan,nan,nan,10
slow50-owned-f1-qps1000-n48,overload max-pending / sec,,V1,nan,nan,nan,10
slow50-owned-f1-qps1000-n48,overload max-pending / sec,,V2,nan,nan,nan,10
slow50-owned-f1-qps1000-n48,overload semaphore / sec,,V1,nan,nan,nan,10
slow50-owned-f1-qps1000-n48,overload semaphore / sec,,V2,nan,nan,nan,10
slow50-owned-f1-qps1000-n48,attest. exec p50 (s),,V1,nan,nan,nan,10
slow50-owned-f1-qps1000-n48,attest. exec p50 (s),,V2,0.003410228371782154,7.155861291348321e-05,8.228363073147025e-06,10
slow50-owned-f1-qps1000-n48,attest. exec p95 (s),,V1,nan,nan,nan,10
slow50-owned-f1-qps1000-n48,attest. exec p95 (s),,V2,0.017418870935968833,0.0016279557152676042,0.00010981414536621303,10
slow50-owned-f1-qps1000-n48,attest. exec p99 (s),,V1,nan,nan,nan,10
slow50-owned-f1-qps1000-n48,attest. exec p99 (s),,V2,0.033195639548880246,0.0043155234968374765,0.00035705045759281567,10
slow50-owned-f1-qps1000-n48,attest. wait p50 (s),,V1,nan,nan,nan,10
slow50-owned-f1-qps1000-n48,attest. wait p50 (s),,V2,0.021347578344643816,0.006429639774288539,0.00044462536478694157,10
slow50-owned-f1-qps1000-n48,attest. wait p95 (s),,V1,nan,nan,nan,10
slow50-owned-f1-qps1000-n48,attest. wait p95 (s),,V2,0.23058745921101773,0.06100889824426022,0.007315355230225307,10
slow50-owned-f1-qps1000-n48,attest. wait p99 (s),,V1,nan,nan,nan,10
slow50-owned-f1-qps1000-n48,attest. wait p99 (s),,V2,0.4049843861031387,0.12626118915019507,0.017159675440064713,10
slow50-owned-f1-qps1000-n48,attest. resume p50 (s),,V1,nan,nan,nan,10
slow50-owned-f1-qps1000-n48,attest. resume p50 (s),,V2,0.0007485917522766466,3.150937273583523e-05,2.7460205791363213e-06,10
slow50-owned-f1-qps1000-n48,attest. resume p95 (s),,V1,nan,nan,nan,10
slow50-owned-f1-qps1000-n48,attest. resume p95 (s),,V2,0.00788891003297381,0.0025301077367059963,0.00029530556041060203,10
slow50-owned-f1-qps1000-n48,attest. resume p99 (s),,V1,nan,nan,nan,10
slow50-owned-f1-qps1000-n48,attest. resume p99 (s),,V2,0.03324584134174723,0.015848778282903157,0.0018990660798354172,10
slow50-owned-f1-qps1000-n48,num_inflight,,V1,169.0,13.74772708486752,4.58257569495584,10
slow50-owned-f1-qps1000-n48,num_inflight,,V2,185.6,12.831211945876351,4.27707064862545,10
slow50-owned-f1-qps1000-n48,CUs,,V1,nan,nan,nan,10
slow50-owned-f1-qps1000-n48,CUs,,V2,1000.0,1.8536819615625516e-13,0.0,10
slow50-owned-v1-qps1000-n48,TPS,,V1,374.2064083161397,168.9156264611613,5.7462084335724315,10
slow50-owned-v1-qps1000-n48,TPS,,V2,187.40749788654202,98.53365611370145,8.124912023829857,10
slow50-owned-v1-qps1000-n48,attest. full p50 (s),,V1,nan,nan,nan,10
slow50-owned-v1-qps1000-n48,attest. full p50 (s),,V2,0.08092251870884816,0.10234516778939057,0.011869331597677842,10
slow50-owned-v1-qps1000-n48,attest. full p95 (s),,V1,nan,nan,nan,10
slow50-owned-v1-qps1000-n48,attest. full p95 (s),,V2,0.7132457138337176,0.40180631477717677,0.04911037418935475,10
slow50-owned-v1-qps1000-n48,attest. full p99 (s),,V1,nan,nan,nan,10
slow50-owned-v1-qps1000-n48,attest. full p99 (s),,V2,1.0162111014393949,0.4666303067587731,0.046276216304580335,10
slow50-owned-v1-qps1000-n48,attest. / sec,,V1,0.0,0.0,0.0,10
slow50-owned-v1-qps1000-n48,attest. / sec,,V2,356.92289789789794,252.82655968954955,29.40031893326292,10
slow50-owned-v1-qps1000-n48,host CPU,,V1,84.4608602380975,31.854977786506364,0.5650118274482995,10
slow50-owned-v1-qps1000-n48,host CPU,,V2,82.58479546485837,32.1969550550265,0.1589864079861083,10
slow50-owned-v1-qps1000-n48,rec. → exec. p50 (s),,V1,2.034677082089769,0.4116255628303015,0.0630470998744821,10
slow50-owned-v1-qps1000-n48,rec. → exec. p50 (s),,V2,5.9474856263257925,5.957354555134905,0.6690025183051926,10
slow50-owned-v1-qps1000-n48,rec. → exec. p95 (s),,V1,12.754340229286868,7.7662783996448805,1.197435584604791,10
slow50-owned-v1-qps1000-n48,rec. → exec. p95 (s),,V2,20.394610751759068,11.525924060939492,1.3316728649060983,10
slow50-owned-v1-qps1000-n48,rec. → exec. p99 (s),,V1,20.008344346863804,10.864898469855277,1.5881566480415557,10
slow50-owned-v1-qps1000-n48,rec. → exec. p99 (s),,V2,26.193582767676734,15.118524392158427,1.793861065806002,10
slow50-owned-v1-qps1000-n48,pc valid. lat. p50 (s),,V1,0.004586928583776276,0.002384383214265031,0.00047464509263503505,10
slow50-owned-v1-qps1000-n48,pc valid. lat. p50 (s),,V2,0.00035588155568821837,6.88144978999344e-05,1.0118163826242078e-05,10
slow50-owned-v1-qps1000-n48,pc valid. lat. p95 (s),,V1,0.04526555081127432,0.0048864456277462,0.0010295583716451462,10
slow50-owned-v1-qps1000-n48,pc valid. lat. p95 (s),,V2,0.011874790600965975,0.006629774537248182,0.0010766587923273668,10
slow50-owned-v1-qps1000-n48,exec. lat. p95 (s),,V1,0.07874975628956894,0.01607347313645066,0.0027726854883601956,10
slow50-owned-v1-qps1000-n48,exec. lat. p95 (s),,V2,0.06099540014211969,0.024391158915818247,0.0017949468403455594,10
slow50-owned-v1-qps1000-n48,valid. drop. / sec,,V1,0.0,0.0,0.0,10
slow50-owned-v1-qps1000-n48,valid. drop. / sec,,V2,0.0,0.0,0.0,10
slow50-owned-v1-qps1000-n48,final. lat. p50 (s),,V1,nan,nan,nan,10
slow50-owned-v1-qps1000-n48,final. lat. p50 (s),,V2,nan,nan,nan,10
slow50-owned-v1-qps1000-n48,final. lat. p95 (s),,V1,nan,nan,nan,10
slow50-owned-v1-qps1000-n48,final. lat. p95 (s),,V2,nan,nan,nan,10
slow50-owned-v1-qps1000-n48,final. lat. p99 (s),,V1,nan,nan,nan,10
slow50-owned-v1-qps1000-n48,final. lat. p99 (s),,V2,nan,nan,nan,10
slow50-owned-v1-qps1000-n48,submit lat. p50 (s),,V1,nan,nan,nan,10
slow50-owned-v1-qps1000-n48,submit lat. p50 (s),,V2,nan,nan,nan,10
slow50-owned-v1-qps1000-n48,submit lat. p95 (s),,V1,nan,nan,nan,10
slow50-owned-v1-qps1000-n48,submit lat. p95 (s),,V2,nan,nan,nan,10
slow50-owned-v1-qps1000-n48,ckpt lag p50 (s),,V1,0.8162993782281509,0.09877530613531486,0.02069603972055309,10
slow50-owned-v1-qps1000-n48,ckpt lag p50 (s),,V2,0.3838145252074053,0.08333451283015987,0.015172281525889017,10
slow50-owned-v1-qps1000-n48,ckpt lag p95 (s),,V1,1.2657791824927451,0.18265694545836383,0.03829642639822254,10
slow50-owned-v1-qps1000-n48,ckpt lag p95 (s),,V2,0.8459068916955809,0.2033372901178146,0.02657204763985654,10
slow50-owned-v1-qps1000-n48,ckpt lag p99 (s),,V1,1.8322355849873555,0.3822220060700127,0.07619476623055561,10
slow50-owned-v1-qps1000-n48,ckpt lag p99 (s),,V2,2.8976582666426474,1.5544129240266462,0.25688717765559843,10
slow50-owned-v1-qps1000-n48,exec. dispatch queue,,V1,437.5,97.46717396128811,32.48905798709604,10
slow50-owned-v1-qps1000-n48,exec. dispatch queue,,V2,600.5,138.782023331554,46.260674443851336,10
slow50-owned-v1-qps1000-n48,pending txs,,V1,9.3,2.8653097563788807,0.9551032521262935,10
slow50-owned-v1-qps1000-n48,pending txs,,V2,12.2,5.3814496188294845,1.7938165396098278,10
slow50-owned-v1-qps1000-n48,exec. queue. delay p95 (s),,V1,0.2735898343476779,0.1434101372622643,0.026103125321344345,10
slow50-owned-v1-qps1000-n48,exec. queue. delay p95 (s),,V2,0.32570499945332915,0.18689630960908044,0.030261790372806994,10
slow50-owned-v1-qps1000-n48,post-cons shed drops / sec,,V1,0.0,0.0,0.0,10
slow50-owned-v1-qps1000-n48,post-cons shed drops / sec,,V2,0.0,0.0,0.0,10
slow50-owned-v1-qps1000-n48,shed % quorum,,V1,0.0,0.0,0.0,10
slow50-owned-v1-qps1000-n48,shed % quorum,,V2,0.0,0.0,0.0,10
slow50-owned-v1-qps1000-n48,shed % local,,V1,0.0,0.0,0.0,10
slow50-owned-v1-qps1000-n48,shed % local,,V2,0.0,0.0,0.0,10
slow50-owned-v1-qps1000-n48,shed % cons-queue,,V1,0.0,0.0,0.0,10
slow50-owned-v1-qps1000-n48,shed % cons-queue,,V2,0.0,0.0,0.0,10
slow50-owned-v1-qps1000-n48,pre-cons overload rej / sec,,V1,71.24008240588701,46.864222391557,9.333592978638015,10
slow50-owned-v1-qps1000-n48,pre-cons overload rej / sec,,V2,131.16019317160826,86.09443586330147,6.223521463319193,10
slow50-owned-v1-qps1000-n48,node CPU,,V1,2.0767528620982296,0.5106176812493124,0.0076894838061846325,10
slow50-owned-v1-qps1000-n48,node CPU,,V2,2.1806790799938,0.544490370557966,0.01781365022337084,10
slow50-owned-v1-qps1000-n48,node memory RSS (bytes),,V1,1579694602.4162755,113002083.70102882,3559161.3586641345,10
slow50-owned-v1-qps1000-n48,node memory RSS (bytes),,V2,1667198207.192429,128739069.14641453,5947895.592137471,10
slow50-owned-v1-qps1000-n48,overload graduated / sec,,V1,nan,nan,nan,10
slow50-owned-v1-qps1000-n48,overload graduated / sec,,V2,nan,nan,nan,10
slow50-owned-v1-qps1000-n48,overload max-pending / sec,,V1,nan,nan,nan,10
slow50-owned-v1-qps1000-n48,overload max-pending / sec,,V2,nan,nan,nan,10
slow50-owned-v1-qps1000-n48,overload semaphore / sec,,V1,71.38988627379432,46.885973798544676,9.30207378109024,10
slow50-owned-v1-qps1000-n48,overload semaphore / sec,,V2,131.2172162324049,86.11842398485626,6.240154120660704,10
slow50-owned-v1-qps1000-n48,attest. exec p50 (s),,V1,nan,nan,nan,10
slow50-owned-v1-qps1000-n48,attest. exec p50 (s),,V2,0.0017392440181638283,0.0008312733170911221,0.00012150153932064848,10
slow50-owned-v1-qps1000-n48,attest. exec p95 (s),,V1,nan,nan,nan,10
slow50-owned-v1-qps1000-n48,attest. exec p95 (s),,V2,0.007391451291846648,0.0014759868869827517,0.00017665740559761229,10
slow50-owned-v1-qps1000-n48,attest. exec p99 (s),,V1,nan,nan,nan,10
slow50-owned-v1-qps1000-n48,attest. exec p99 (s),,V2,0.018775987258417445,0.002652207250616064,0.0002441435872547415,10
slow50-owned-v1-qps1000-n48,attest. wait p50 (s),,V1,nan,nan,nan,10
slow50-owned-v1-qps1000-n48,attest. wait p50 (s),,V2,0.03285216853214411,0.03451387465957166,0.003357064239837498,10
slow50-owned-v1-qps1000-n48,attest. wait p95 (s),,V1,nan,nan,nan,10
slow50-owned-v1-qps1000-n48,attest. wait p95 (s),,V2,0.42939125446899173,0.10989837992867128,0.009434496690054604,10
slow50-owned-v1-qps1000-n48,attest. wait p99 (s),,V1,nan,nan,nan,10
slow50-owned-v1-qps1000-n48,attest. wait p99 (s),,V2,0.7016865236300094,0.15838386495926313,0.012942078609153512,10
slow50-owned-v1-qps1000-n48,attest. resume p50 (s),,V1,nan,nan,nan,10
slow50-owned-v1-qps1000-n48,attest. resume p50 (s),,V2,0.014836500010094504,0.0621642813765567,0.006191092870379269,10
slow50-owned-v1-qps1000-n48,attest. resume p95 (s),,V1,nan,nan,nan,10
slow50-owned-v1-qps1000-n48,attest. resume p95 (s),,V2,0.40570660244970214,0.4423544955893767,0.05957755253524241,10
slow50-owned-v1-qps1000-n48,attest. resume p99 (s),,V1,nan,nan,nan,10
slow50-owned-v1-qps1000-n48,attest. resume p99 (s),,V2,0.5964075768058889,0.5113757386234755,0.05705309269130601,10
slow50-owned-v1-qps1000-n48,num_inflight,,V1,890.4,42.549265563579354,14.183088521193117,10
slow50-owned-v1-qps1000-n48,num_inflight,,V2,1323.5,207.42625195476103,69.14208398492033,10
slow50-owned-v1-qps1000-n48,CUs,,V1,nan,nan,nan,10
slow50-owned-v1-qps1000-n48,CUs,,V2,1000.0,2.5158954478979454e-13,0.0,10
slow50-owned-v48-qps1000-n48,TPS,,V1,398.17461150868564,178.239579040439,1.6755375230955623,10
slow50-owned-v48-qps1000-n48,TPS,,V2,401.16621686948133,176.48527819299838,1.5601007239186755,10
slow50-owned-v48-qps1000-n48,attest. full p50 (s),,V1,nan,nan,nan,10
slow50-owned-v48-qps1000-n48,attest. full p50 (s),,V2,0.015271209526714883,0.0018901824898152882,0.0001789495922859352,10
slow50-owned-v48-qps1000-n48,attest. full p95 (s),,V1,nan,nan,nan,10
slow50-owned-v48-qps1000-n48,attest. full p95 (s),,V2,0.08117933475814336,0.017782991101691212,0.0016456410225888936,10
slow50-owned-v48-qps1000-n48,attest. full p99 (s),,V1,nan,nan,nan,10
slow50-owned-v48-qps1000-n48,attest. full p99 (s),,V2,0.1510195043061785,0.039581734286141416,0.0036563871008532187,10
slow50-owned-v48-qps1000-n48,attest. / sec,,V1,0.0,0.0,0.0,10
slow50-owned-v48-qps1000-n48,attest. / sec,,V2,45.403693181818184,20.189688432803614,0.3454812302089112,10
slow50-owned-v48-qps1000-n48,host CPU,,V1,83.14857485622059,33.43273640372749,0.3680522998715349,10
slow50-owned-v48-qps1000-n48,host CPU,,V2,83.95541533241399,32.53366093228797,0.5337098163794421,10
slow50-owned-v48-qps1000-n48,rec. → exec. p50 (s),,V1,1.6331245767767997,0.3619276684297993,0.022803227260066134,10
slow50-owned-v48-qps1000-n48,rec. → exec. p50 (s),,V2,1.7746218973117371,0.33138427412442206,0.025398509914330885,10
slow50-owned-v48-qps1000-n48,rec. → exec. p95 (s),,V1,2.285682429270724,0.501731498529781,0.0329523758492356,10
slow50-owned-v48-qps1000-n48,rec. → exec. p95 (s),,V2,2.5823475578973913,0.4562971963080969,0.05541755459248302,10
slow50-owned-v48-qps1000-n48,rec. → exec. p99 (s),,V1,2.647690224714884,0.8012026745276659,0.10095290628655057,10
slow50-owned-v48-qps1000-n48,rec. → exec. p99 (s),,V2,3.074153064817963,0.6943059912760098,0.08950708229556512,10
slow50-owned-v48-qps1000-n48,pc valid. lat. p50 (s),,V1,0.010873949136912524,0.0029580315926872533,0.00015605898755259232,10
slow50-owned-v48-qps1000-n48,pc valid. lat. p50 (s),,V2,0.009046359849389887,0.00266504582079552,0.00019385299257234547,10
slow50-owned-v48-qps1000-n48,pc valid. lat. p95 (s),,V1,0.04775737902602071,0.0038737187670838387,0.0002687083268149537,10
slow50-owned-v48-qps1000-n48,pc valid. lat. p95 (s),,V2,0.045787053206013964,0.0024339540740526792,0.0002317381992930788,10
slow50-owned-v48-qps1000-n48,exec. lat. p95 (s),,V1,0.07926138654854616,0.014188272187717366,0.0016614645872248116,10
slow50-owned-v48-qps1000-n48,exec. lat. p95 (s),,V2,0.0889712503614843,0.021463601568823907,0.002540491224704642,10
slow50-owned-v48-qps1000-n48,valid. drop. / sec,,V1,0.0,0.0,0.0,10
slow50-owned-v48-qps1000-n48,valid. drop. / sec,,V2,0.0,0.0,0.0,10
slow50-owned-v48-qps1000-n48,final. lat. p50 (s),,V1,nan,nan,nan,10
slow50-owned-v48-qps1000-n48,final. lat. p50 (s),,V2,nan,nan,nan,10
slow50-owned-v48-qps1000-n48,final. lat. p95 (s),,V1,nan,nan,nan,10
slow50-owned-v48-qps1000-n48,final. lat. p95 (s),,V2,nan,nan,nan,10
slow50-owned-v48-qps1000-n48,final. lat. p99 (s),,V1,nan,nan,nan,10
slow50-owned-v48-qps1000-n48,final. lat. p99 (s),,V2,nan,nan,nan,10
slow50-owned-v48-qps1000-n48,submit lat. p50 (s),,V1,nan,nan,nan,10
slow50-owned-v48-qps1000-n48,submit lat. p50 (s),,V2,nan,nan,nan,10
slow50-owned-v48-qps1000-n48,submit lat. p95 (s),,V1,nan,nan,nan,10
slow50-owned-v48-qps1000-n48,submit lat. p95 (s),,V2,nan,nan,nan,10
slow50-owned-v48-qps1000-n48,ckpt lag p50 (s),,V1,0.9226470749425633,0.07205120753195302,0.007442512417055692,10
slow50-owned-v48-qps1000-n48,ckpt lag p50 (s),,V2,0.9748526364142325,0.0788197774007192,0.010684423816072819,10
slow50-owned-v48-qps1000-n48,ckpt lag p95 (s),,V1,1.3979599900525357,0.18514799330433812,0.018549665258596876,10
slow50-owned-v48-qps1000-n48,ckpt lag p95 (s),,V2,1.5563223797274872,0.23915274053144248,0.0411937039263524,10
slow50-owned-v48-qps1000-n48,ckpt lag p99 (s),,V1,1.9416805811413214,0.5581181673319839,0.06114584391972799,10
slow50-owned-v48-qps1000-n48,ckpt lag p99 (s),,V2,2.227073572673635,0.6520032654535332,0.08522554595249936,10
slow50-owned-v48-qps1000-n48,exec. dispatch queue,,V1,461.2,103.80732151442884,34.60244050480961,10
slow50-owned-v48-qps1000-n48,exec. dispatch queue,,V2,556.1,67.80331850285796,22.601106167619317,10
slow50-owned-v48-qps1000-n48,pending txs,,V1,12.4,3.352610922848042,1.1175369742826806,10
slow50-owned-v48-qps1000-n48,pending txs,,V2,15.7,7.114070564732965,2.3713568549109882,10
slow50-owned-v48-qps1000-n48,exec. queue. delay p95 (s),,V1,0.3047218602560317,0.1731041562623258,0.018562115476664327,10
slow50-owned-v48-qps1000-n48,exec. queue. delay p95 (s),,V2,0.3528507654785086,0.16193151674809325,0.01750891482255536,10
slow50-owned-v48-qps1000-n48,post-cons shed drops / sec,,V1,0.0,0.0,0.0,10
slow50-owned-v48-qps1000-n48,post-cons shed drops / sec,,V2,0.0,0.0,0.0,10
slow50-owned-v48-qps1000-n48,shed % quorum,,V1,0.0,0.0,0.0,10
slow50-owned-v48-qps1000-n48,shed % quorum,,V2,0.0,0.0,0.0,10
slow50-owned-v48-qps1000-n48,shed % local,,V1,0.0,0.0,0.0,10
slow50-owned-v48-qps1000-n48,shed % local,,V2,0.0,0.0,0.0,10
slow50-owned-v48-qps1000-n48,shed % cons-queue,,V1,0.0,0.0,0.0,10
slow50-owned-v48-qps1000-n48,shed % cons-queue,,V2,0.0,0.0,0.0,10
slow50-owned-v48-qps1000-n48,pre-cons overload rej / sec,,V1,nan,nan,nan,10
slow50-owned-v48-qps1000-n48,pre-cons overload rej / sec,,V2,nan,nan,nan,10
slow50-owned-v48-qps1000-n48,node CPU,,V1,2.0350103560077226,0.5356629253244932,0.007668166649282671,10
slow50-owned-v48-qps1000-n48,node CPU,,V2,2.0681077468096,0.5074493298481988,0.0077088787106222596,10
slow50-owned-v48-qps1000-n48,node memory RSS (bytes),,V1,1536649097.4147105,95806199.92053972,5128144.028031653,10
slow50-owned-v48-qps1000-n48,node memory RSS (bytes),,V2,1542884958.0408163,94231733.72883305,2505390.408090869,10
slow50-owned-v48-qps1000-n48,overload graduated / sec,,V1,nan,nan,nan,10
slow50-owned-v48-qps1000-n48,overload graduated / sec,,V2,nan,nan,nan,10
slow50-owned-v48-qps1000-n48,overload max-pending / sec,,V1,nan,nan,nan,10
slow50-owned-v48-qps1000-n48,overload max-pending / sec,,V2,nan,nan,nan,10
slow50-owned-v48-qps1000-n48,overload semaphore / sec,,V1,nan,nan,nan,10
slow50-owned-v48-qps1000-n48,overload semaphore / sec,,V2,nan,nan,nan,10
slow50-owned-v48-qps1000-n48,attest. exec p50 (s),,V1,nan,nan,nan,10
slow50-owned-v48-qps1000-n48,attest. exec p50 (s),,V2,0.003403561794104249,4.23601211054817e-05,1.4088564124117362e-06,10
slow50-owned-v48-qps1000-n48,attest. exec p95 (s),,V1,nan,nan,nan,10
slow50-owned-v48-qps1000-n48,attest. exec p95 (s),,V2,0.01590555716949518,0.0011657099492095985,7.722545177786882e-05,10
slow50-owned-v48-qps1000-n48,attest. exec p99 (s),,V1,nan,nan,nan,10
slow50-owned-v48-qps1000-n48,attest. exec p99 (s),,V2,0.026257844808446878,0.0026484932972638715,0.0003234803463907983,10
slow50-owned-v48-qps1000-n48,attest. wait p50 (s),,V1,nan,nan,nan,10
slow50-owned-v48-qps1000-n48,attest. wait p50 (s),,V2,0.00886043004864905,0.0013602446608692795,0.00011995712592274398,10
slow50-owned-v48-qps1000-n48,attest. wait p95 (s),,V1,nan,nan,nan,10
slow50-owned-v48-qps1000-n48,attest. wait p95 (s),,V2,0.07529156084314942,0.017795822592814953,0.001670409586761479,10
slow50-owned-v48-qps1000-n48,attest. wait p99 (s),,V1,nan,nan,nan,10
slow50-owned-v48-qps1000-n48,attest. wait p99 (s),,V2,0.1450873623424565,0.03981764319130276,0.003650361401462063,10
slow50-owned-v48-qps1000-n48,attest. resume p50 (s),,V1,nan,nan,nan,10
slow50-owned-v48-qps1000-n48,attest. resume p50 (s),,V2,0.0007177160565598154,1.4322122570955008e-05,2.0020430163393034e-06,10
slow50-owned-v48-qps1000-n48,attest. resume p95 (s),,V1,nan,nan,nan,10
slow50-owned-v48-qps1000-n48,attest. resume p95 (s),,V2,0.005523466665493523,0.0019384599056508453,0.0001294564728765805,10
slow50-owned-v48-qps1000-n48,attest. resume p99 (s),,V1,nan,nan,nan,10
slow50-owned-v48-qps1000-n48,attest. resume p99 (s),,V2,0.01872107150744126,0.002885821039555168,0.0002724022442276978,10
slow50-owned-v48-qps1000-n48,num_inflight,,V1,92.0,7.321202087089251,2.440400695696417,10
slow50-owned-v48-qps1000-n48,num_inflight,,V2,102.9,7.9177016867270265,2.639233895575675,10
slow50-owned-v48-qps1000-n48,CUs,,V1,nan,nan,nan,10
slow50-owned-v48-qps1000-n48,CUs,,V2,1000.0,1.9662379111405788e-13,0.0,10
slow50-owned-f1-qps2000-n48,TPS,,V1,431.8379276455026,193.74645184460994,1.665971718982161,10
slow50-owned-f1-qps2000-n48,TPS,,V2,423.35628952958996,192.50603645684873,2.4461746673268636,10
slow50-owned-f1-qps2000-n48,attest. full p50 (s),,V1,nan,nan,nan,10
slow50-owned-f1-qps2000-n48,attest. full p50 (s),,V2,0.04046749226387971,0.023249750559559565,0.0017715283682413587,10
slow50-owned-f1-qps2000-n48,attest. full p95 (s),,V1,nan,nan,nan,10
slow50-owned-f1-qps2000-n48,attest. full p95 (s),,V2,0.3713517642358942,0.1610699659593331,0.009610999175533194,10
slow50-owned-f1-qps2000-n48,attest. full p99 (s),,V1,nan,nan,nan,10
slow50-owned-f1-qps2000-n48,attest. full p99 (s),,V2,0.604885293983177,0.2378913136387806,0.01270180537153916,10
slow50-owned-f1-qps2000-n48,attest. / sec,,V1,0.0,0.0,0.0,10
slow50-owned-f1-qps2000-n48,attest. / sec,,V2,52.03824523429787,24.073657021839562,0.6675068541635413,10
slow50-owned-f1-qps2000-n48,host CPU,,V1,83.8036354535219,32.11416199752778,0.26077268283309246,10
slow50-owned-f1-qps2000-n48,host CPU,,V2,83.44930199546492,32.31613299617907,0.3677419069565339,10
slow50-owned-f1-qps2000-n48,rec. → exec. p50 (s),,V1,3.9951978406457385,1.5243018681494502,0.18214728552134174,10
slow50-owned-f1-qps2000-n48,rec. → exec. p50 (s),,V2,4.600696640462991,1.6733077882437464,0.1975506955143799,10
slow50-owned-f1-qps2000-n48,rec. → exec. p95 (s),,V1,4.914427298026642,1.700379148641826,0.19630695553953195,10
slow50-owned-f1-qps2000-n48,rec. → exec. p95 (s),,V2,5.769575273621451,1.8082819839922366,0.23261443895664713,10
slow50-owned-f1-qps2000-n48,rec. → exec. p99 (s),,V1,5.161369177460196,1.7862193535780984,0.21156919327492407,10
slow50-owned-f1-qps2000-n48,rec. → exec. p99 (s),,V2,6.243805130794328,2.1019847279653066,0.2781214018206976,10
slow50-owned-f1-qps2000-n48,pc valid. lat. p50 (s),,V1,0.008453408915555481,0.005953813385797296,0.0003687463380089777,10
slow50-owned-f1-qps2000-n48,pc valid. lat. p50 (s),,V2,0.007779313231366014,0.0054487378934901754,0.00022519664436681201,10
slow50-owned-f1-qps2000-n48,pc valid. lat. p95 (s),,V1,0.06882284829090422,0.02259262395161652,0.0010732589613193426,10
slow50-owned-f1-qps2000-n48,pc valid. lat. p95 (s),,V2,0.06217803105682833,0.02016262255307875,0.0011149545725498936,10
slow50-owned-f1-qps2000-n48,exec. lat. p95 (s),,V1,0.2394443936778549,0.08234474856490519,0.004300210940926704,10
slow50-owned-f1-qps2000-n48,exec. lat. p95 (s),,V2,0.24733852048287247,0.08772464269352473,0.0067938683264571606,10
slow50-owned-f1-qps2000-n48,valid. drop. / sec,,V1,0.0,0.0,0.0,10
slow50-owned-f1-qps2000-n48,valid. drop. / sec,,V2,0.0,0.0,0.0,10
slow50-owned-f1-qps2000-n48,final. lat. p50 (s),,V1,3.4000995986368845,0.6997432928033079,0.04721497194628207,10
slow50-owned-f1-qps2000-n48,final. lat. p50 (s),,V2,3.561598090643274,0.8134097752650478,0.06516637717903252,10
slow50-owned-f1-qps2000-n48,final. lat. p95 (s),,V1,5.23576749017755,1.3200573857311204,0.13196068576897493,10
slow50-owned-f1-qps2000-n48,final. lat. p95 (s),,V2,5.40800096279023,1.4130952280399387,0.19005510545424803,10
slow50-owned-f1-qps2000-n48,final. lat. p99 (s),,V1,6.326470044646001,1.8357422173839524,0.19169247391973254,10
slow50-owned-f1-qps2000-n48,final. lat. p99 (s),,V2,6.542411781400038,1.983036342653447,0.2904497644315376,10
slow50-owned-f1-qps2000-n48,submit lat. p50 (s),,V1,0.6481696624008371,0.2850338477003362,0.024117083324680322,10
slow50-owned-f1-qps2000-n48,submit lat. p50 (s),,V2,0.7475769687202183,0.3713470723280315,0.05655148430585485,10
slow50-owned-f1-qps2000-n48,submit lat. p95 (s),,V1,2.030314853168783,1.0162711384027676,0.11014601801870413,10
slow50-owned-f1-qps2000-n48,submit lat. p95 (s),,V2,2.1691307937200452,1.1171812194033481,0.18101325014267314,10
slow50-owned-f1-qps2000-n48,ckpt lag p50 (s),,V1,1.6217404431403388,0.6703159312029559,0.03658315526859233,10
slow50-owned-f1-qps2000-n48,ckpt lag p50 (s),,V2,1.72906135036553,0.701910353916929,0.05711690078929797,10
slow50-owned-f1-qps2000-n48,ckpt lag p95 (s),,V1,7.21608491610848,4.618672809585368,0.48486975512114827,10
slow50-owned-f1-qps2000-n48,ckpt lag p95 (s),,V2,7.965022938976762,5.237191612201643,0.6043069059639331,10
slow50-owned-f1-qps2000-n48,ckpt lag p99 (s),,V1,11.454461652470496,7.439673832736779,0.9121376017593421,10
slow50-owned-f1-qps2000-n48,ckpt lag p99 (s),,V2,12.216715974383375,8.110263595166332,0.9462152474306066,10
slow50-owned-f1-qps2000-n48,exec. dispatch queue,,V1,2103.9,309.66900070882133,103.22300023627378,10
slow50-owned-f1-qps2000-n48,exec. dispatch queue,,V2,2146.4,310.96855146461354,103.65618382153784,10
slow50-owned-f1-qps2000-n48,pending txs,,V1,102.5,30.572046055179232,10.190682018393076,10
slow50-owned-f1-qps2000-n48,pending txs,,V2,117.3,44.011475776210915,14.670491925403638,10
slow50-owned-f1-qps2000-n48,exec. queue. delay p95 (s),,V1,2.059551295826089,1.1852161341525274,0.1552430126662005,10
slow50-owned-f1-qps2000-n48,exec. queue. delay p95 (s),,V2,2.178453299397628,1.2532302677236422,0.1284413212148466,10
slow50-owned-f1-qps2000-n48,post-cons shed drops / sec,,V1,2.5892977777777775,12.201282896754629,2.4075459094999285,10
slow50-owned-f1-qps2000-n48,post-cons shed drops / sec,,V2,2.370848839269892,8.403533756654921,1.5916197485253054,10
slow50-owned-f1-qps2000-n48,shed % quorum,,V1,3.4,5.122499389946279,1.7074997966487595,10
slow50-owned-f1-qps2000-n48,shed % quorum,,V2,1.7,3.407345007480164,1.1357816691600546,10
slow50-owned-f1-qps2000-n48,shed % local,,V1,32.9,6.847627326307997,2.282542442102665,10
slow50-owned-f1-qps2000-n48,shed % local,,V2,34.0,7.58946638440411,2.5298221281347035,10
slow50-owned-f1-qps2000-n48,shed % cons-queue,,V1,0.0,0.0,0.0,10
slow50-owned-f1-qps2000-n48,shed % cons-queue,,V2,0.0,0.0,0.0,10
slow50-owned-f1-qps2000-n48,pre-cons overload rej / sec,,V1,nan,nan,nan,10
slow50-owned-f1-qps2000-n48,pre-cons overload rej / sec,,V2,nan,nan,nan,10
slow50-owned-f1-qps2000-n48,node CPU,,V1,2.046083072534948,0.5694214992364879,0.011518082878362153,10
slow50-owned-f1-qps2000-n48,node CPU,,V2,2.06548278421565,0.5416218292669629,0.006893239441653255,10
slow50-owned-f1-qps2000-n48,node memory RSS (bytes),,V1,1604428976.2232559,133618092.79510088,4159636.2373399106,10
slow50-owned-f1-qps2000-n48,node memory RSS (bytes),,V2,1612594079.4559505,140008299.70675802,3990684.099586775,10
slow50-owned-f1-qps2000-n48,overload graduated / sec,,V1,nan,nan,nan,10
slow50-owned-f1-qps2000-n48,overload graduated / sec,,V2,nan,nan,nan,10
slow50-owned-f1-qps2000-n48,overload max-pending / sec,,V1,nan,nan,nan,10
slow50-owned-f1-qps2000-n48,overload max-pending / sec,,V2,nan,nan,nan,10
slow50-owned-f1-qps2000-n48,overload semaphore / sec,,V1,nan,nan,nan,10
slow50-owned-f1-qps2000-n48,overload semaphore / sec,,V2,nan,nan,nan,10
slow50-owned-f1-qps2000-n48,attest. exec p50 (s),,V1,nan,nan,nan,10
slow50-owned-f1-qps2000-n48,attest. exec p50 (s),,V2,0.003394276261942715,6.868540676305703e-05,4.2223339531417866e-06,10
slow50-owned-f1-qps2000-n48,attest. exec p95 (s),,V1,nan,nan,nan,10
slow50-owned-f1-qps2000-n48,attest. exec p95 (s),,V2,0.01573885190805191,0.002814142102284385,9.868563392649342e-05,10
slow50-owned-f1-qps2000-n48,attest. exec p99 (s),,V1,nan,nan,nan,10
slow50-owned-f1-qps2000-n48,attest. exec p99 (s),,V2,0.029697542579659172,0.0062082809451813456,0.0005191371633033392,10
slow50-owned-f1-qps2000-n48,attest. wait p50 (s),,V1,nan,nan,nan,10
slow50-owned-f1-qps2000-n48,attest. wait p50 (s),,V2,0.029205110626956268,0.022443298607523882,0.001510620831395172,10
slow50-owned-f1-qps2000-n48,attest. wait p95 (s),,V1,nan,nan,nan,10
slow50-owned-f1-qps2000-n48,attest. wait p95 (s),,V2,0.3628239227289708,0.16258187987111875,0.009835343200667663,10
slow50-owned-f1-qps2000-n48,attest. wait p99 (s),,V1,nan,nan,nan,10
slow50-owned-f1-qps2000-n48,attest. wait p99 (s),,V2,0.5973341324265194,0.23854443054662747,0.012768917953370467,10
slow50-owned-f1-qps2000-n48,attest. resume p50 (s),,V1,nan,nan,nan,10
slow50-owned-f1-qps2000-n48,attest. resume p50 (s),,V2,0.0008193568397204113,7.753006074822519e-05,7.121769514876153e-06,10
slow50-owned-f1-qps2000-n48,attest. resume p95 (s),,V1,nan,nan,nan,10
slow50-owned-f1-qps2000-n48,attest. resume p95 (s),,V2,0.029770633329503512,0.02275321592339243,0.0033547877028531395,10
slow50-owned-f1-qps2000-n48,attest. resume p99 (s),,V1,nan,nan,nan,10
slow50-owned-f1-qps2000-n48,attest. resume p99 (s),,V2,0.09922205353203882,0.055225418880475066,0.006819690498086897,10
slow50-owned-f1-qps2000-n48,num_inflight,,V1,267.5,21.90091322296858,7.300304407656193,10
slow50-owned-f1-qps2000-n48,num_inflight,,V2,307.9,38.81352856930171,12.937842856433903,10
slow50-owned-f1-qps2000-n48,CUs,,V1,nan,nan,nan,10
slow50-owned-f1-qps2000-n48,CUs,,V2,1000.0,1.9047063483734712e-13,0.0,10
slow50-owned-v1-qps2000-n48,TPS,,V1,376.19073384709156,161.393445290878,4.874306729602752,10
slow50-owned-v1-qps2000-n48,TPS,,V2,186.26289321011842,101.19539714902481,2.9420845722705766,10
slow50-owned-v1-qps2000-n48,attest. full p50 (s),,V1,nan,nan,nan,10
slow50-owned-v1-qps2000-n48,attest. full p50 (s),,V2,0.1196134971377356,0.14122355424764518,0.00899860875694175,10
slow50-owned-v1-qps2000-n48,attest. full p95 (s),,V1,nan,nan,nan,10
slow50-owned-v1-qps2000-n48,attest. full p95 (s),,V2,0.8226117258329453,0.49369186647742896,0.034698291441430225,10
slow50-owned-v1-qps2000-n48,attest. full p99 (s),,V1,nan,nan,nan,10
slow50-owned-v1-qps2000-n48,attest. full p99 (s),,V2,1.1505613932762884,0.5569762282372004,0.047475652699966814,10
slow50-owned-v1-qps2000-n48,attest. / sec,,V1,0.0,0.0,0.0,10
slow50-owned-v1-qps2000-n48,attest. / sec,,V2,313.23828432104295,215.25164268539777,13.04308146151862,10
slow50-owned-v1-qps2000-n48,host CPU,,V1,84.45010480661526,31.8151671407021,0.3240911271816894,10
slow50-owned-v1-qps2000-n48,host CPU,,V2,83.41774937402273,31.32383529506269,0.24977317431198778,10
slow50-owned-v1-qps2000-n48,rec. → exec. p50 (s),,V1,2.5507095533035797,1.697069872688793,0.23884598200342855,10
slow50-owned-v1-qps2000-n48,rec. → exec. p50 (s),,V2,10.73418714698188,9.746663293086861,1.0035628745710807,10
slow50-owned-v1-qps2000-n48,rec. → exec. p95 (s),,V1,22.75831693007247,12.200614604344082,0.5888584710814091,10
slow50-owned-v1-qps2000-n48,rec. → exec. p95 (s),,V2,28.702805025751243,17.862893939250267,1.3160352458140856,10
slow50-owned-v1-qps2000-n48,rec. → exec. p99 (s),,V1,34.97180816577705,19.72663014514253,0.4287197573134397,10
slow50-owned-v1-qps2000-n48,rec. → exec. p99 (s),,V2,33.079202865236795,19.47334169714154,0.9393511767175923,10
slow50-owned-v1-qps2000-n48,pc valid. lat. p50 (s),,V1,0.004394179349944312,0.003175239836917621,0.0004294781769708247,10
slow50-owned-v1-qps2000-n48,pc valid. lat. p50 (s),,V2,0.00032780443842735525,6.282949488012123e-05,4.022406225011803e-06,10
slow50-owned-v1-qps2000-n48,pc valid. lat. p95 (s),,V1,0.04986080700921003,0.010626987866903682,0.0018594599003146676,10
slow50-owned-v1-qps2000-n48,pc valid. lat. p95 (s),,V2,0.011132660949286317,0.007606433949415931,0.0006616384874853436,10
slow50-owned-v1-qps2000-n48,exec. lat. p95 (s),,V1,0.09113565499473736,0.026239617209035507,0.0042429409948174365,10
slow50-owned-v1-qps2000-n48,exec. lat. p95 (s),,V2,0.07717111001518337,0.03732267831504779,0.0037685145639542762,10
slow50-owned-v1-qps2000-n48,valid. drop. / sec,,V1,0.0,0.0,0.0,10
slow50-owned-v1-qps2000-n48,valid. drop. / sec,,V2,0.0,0.0,0.0,10
slow50-owned-v1-qps2000-n48,final. lat. p50 (s),,V1,nan,nan,nan,10
slow50-owned-v1-qps2000-n48,final. lat. p50 (s),,V2,nan,nan,nan,10
slow50-owned-v1-qps2000-n48,final. lat. p95 (s),,V1,nan,nan,nan,10
slow50-owned-v1-qps2000-n48,final. lat. p95 (s),,V2,nan,nan,nan,10
slow50-owned-v1-qps2000-n48,final. lat. p99 (s),,V1,nan,nan,nan,10
slow50-owned-v1-qps2000-n48,final. lat. p99 (s),,V2,nan,nan,nan,10
slow50-owned-v1-qps2000-n48,submit lat. p50 (s),,V1,nan,nan,nan,10
slow50-owned-v1-qps2000-n48,submit lat. p50 (s),,V2,nan,nan,nan,10
slow50-owned-v1-qps2000-n48,submit lat. p95 (s),,V1,nan,nan,nan,10
slow50-owned-v1-qps2000-n48,submit lat. p95 (s),,V2,nan,nan,nan,10
slow50-owned-v1-qps2000-n48,ckpt lag p50 (s),,V1,0.835420243381768,0.15723419938121228,0.0219824979519051,10
slow50-owned-v1-qps2000-n48,ckpt lag p50 (s),,V2,0.37215769346965616,0.08981071884508723,0.008142702327805888,10
slow50-owned-v1-qps2000-n48,ckpt lag p95 (s),,V1,1.383387466151274,0.27806349195039387,0.05703998204103721,10
slow50-owned-v1-qps2000-n48,ckpt lag p95 (s),,V2,0.9429924628922091,0.2688072600133306,0.02876443742523048,10
slow50-owned-v1-qps2000-n48,ckpt lag p99 (s),,V1,2.2462359294605085,0.8411662955046278,0.1334761421643507,10
slow50-owned-v1-qps2000-n48,ckpt lag p99 (s),,V2,3.108518907050126,1.2943210293955405,0.057340017938347636,10
slow50-owned-v1-qps2000-n48,exec. dispatch queue,,V1,605.3,136.35105426801803,45.450351422672675,10
slow50-owned-v1-qps2000-n48,exec. dispatch queue,,V2,715.6,102.8204259862796,34.273475328759865,10
slow50-owned-v1-qps2000-n48,pending txs,,V1,19.8,13.13620949893842,4.37873649964614,10
slow50-owned-v1-qps2000-n48,pending txs,,V2,16.9,10.123734488813898,3.374578162937966,10
slow50-owned-v1-qps2000-n48,exec. queue. delay p95 (s),,V1,0.3785018009890204,0.2645839991675064,0.04482507886014952,10
slow50-owned-v1-qps2000-n48,exec. queue. delay p95 (s),,V2,0.5316244058523006,0.40744382926283246,0.06357395137600638,10
slow50-owned-v1-qps2000-n48,post-cons shed drops / sec,,V1,0.0,0.0,0.0,10
slow50-owned-v1-qps2000-n48,post-cons shed drops / sec,,V2,0.0,0.0,0.0,10
slow50-owned-v1-qps2000-n48,shed % quorum,,V1,0.0,0.0,0.0,10
slow50-owned-v1-qps2000-n48,shed % quorum,,V2,0.0,0.0,0.0,10
slow50-owned-v1-qps2000-n48,shed % local,,V1,0.0,0.0,0.0,10
slow50-owned-v1-qps2000-n48,shed % local,,V2,0.0,0.0,0.0,10
slow50-owned-v1-qps2000-n48,shed % cons-queue,,V1,0.0,0.0,0.0,10
slow50-owned-v1-qps2000-n48,shed % cons-queue,,V2,0.0,0.0,0.0,10
slow50-owned-v1-qps2000-n48,pre-cons overload rej / sec,,V1,174.49197208846087,95.53239655649058,17.237342889046126,10
slow50-owned-v1-qps2000-n48,pre-cons overload rej / sec,,V2,265.8969927504458,138.92866526156087,11.233977962654828,10
slow50-owned-v1-qps2000-n48,node CPU,,V1,2.091717045838515,0.47847111908732637,0.00803935944140045,10
slow50-owned-v1-qps2000-n48,node CPU,,V2,2.1832502424920146,0.5518124621596266,0.012034516535673213,10
slow50-owned-v1-qps2000-n48,node memory RSS (bytes),,V1,1593602668.9862175,121424149.20733757,3276461.956655823,10
slow50-owned-v1-qps2000-n48,node memory RSS (bytes),,V2,1697081466.6912441,143902868.61703834,5428395.858495209,10
slow50-owned-v1-qps2000-n48,overload graduated / sec,,V1,nan,nan,nan,10
slow50-owned-v1-qps2000-n48,overload graduated / sec,,V2,nan,nan,nan,10
slow50-owned-v1-qps2000-n48,overload max-pending / sec,,V1,nan,nan,nan,10
slow50-owned-v1-qps2000-n48,overload max-pending / sec,,V2,nan,nan,nan,10
slow50-owned-v1-qps2000-n48,overload semaphore / sec,,V1,174.48957775994293,95.4525927399739,17.29341037339268,10
slow50-owned-v1-qps2000-n48,overload semaphore / sec,,V2,266.0866621356953,139.80608015502287,11.250013536909544,10
slow50-owned-v1-qps2000-n48,attest. exec p50 (s),,V1,nan,nan,nan,10
slow50-owned-v1-qps2000-n48,attest. exec p50 (s),,V2,0.0019921489494468224,0.0008381132818404965,0.0001124871770039712,10
slow50-owned-v1-qps2000-n48,attest. exec p95 (s),,V1,nan,nan,nan,10
slow50-owned-v1-qps2000-n48,attest. exec p95 (s),,V2,0.007341176030153249,0.0015437353773153112,0.00019250841872924492,10
slow50-owned-v1-qps2000-n48,attest. exec p99 (s),,V1,nan,nan,nan,10
slow50-owned-v1-qps2000-n48,attest. exec p99 (s),,V2,0.018150504121736563,0.003398942521516076,0.0005269335627665794,10
slow50-owned-v1-qps2000-n48,attest. wait p50 (s),,V1,nan,nan,nan,10
slow50-owned-v1-qps2000-n48,attest. wait p50 (s),,V2,0.03726707979839328,0.044243166503895995,0.005482668989212614,10
slow50-owned-v1-qps2000-n48,attest. wait p95 (s),,V1,nan,nan,nan,10
slow50-owned-v1-qps2000-n48,attest. wait p95 (s),,V2,0.4425151797424324,0.11192288625822774,0.01829121786401169,10
slow50-owned-v1-qps2000-n48,attest. wait p99 (s),,V1,nan,nan,nan,10
slow50-owned-v1-qps2000-n48,attest. wait p99 (s),,V2,0.7000176123991925,0.14590313711588293,0.021339401860822015,10
slow50-owned-v1-qps2000-n48,attest. resume p50 (s),,V1,nan,nan,nan,10
slow50-owned-v1-qps2000-n48,attest. resume p50 (s),,V2,0.026911045978700875,0.10107306039178543,0.006358682576185798,10
slow50-owned-v1-qps2000-n48,attest. resume p95 (s),,V1,nan,nan,nan,10
slow50-owned-v1-qps2000-n48,attest. resume p95 (s),,V2,0.5609247095554539,0.5269672211704137,0.0409836327680262,10
slow50-owned-v1-qps2000-n48,attest. resume p99 (s),,V1,nan,nan,nan,10
slow50-owned-v1-qps2000-n48,attest. resume p99 (s),,V2,0.7444089572902897,0.5942695495881513,0.045629963103523234,10
slow50-owned-v1-qps2000-n48,num_inflight,,V1,899.9,13.479243302203578,4.493081100734526,10
slow50-owned-v1-qps2000-n48,num_inflight,,V2,1538.3,401.1388911586609,133.7129637195536,10
slow50-owned-v1-qps2000-n48,CUs,,V1,nan,nan,nan,10
slow50-owned-v1-qps2000-n48,CUs,,V2,1000.0,2.7088544683523224e-13,0.0,10
slow50-owned-v48-qps2000-n48,TPS,,V1,404.76027876117917,180.20411531979713,1.7030294120081257,10
slow50-owned-v48-qps2000-n48,TPS,,V2,405.0362801663063,177.2500037979599,1.2119497601060134,10
slow50-owned-v48-qps2000-n48,attest. full p50 (s),,V1,nan,nan,nan,10
slow50-owned-v48-qps2000-n48,attest. full p50 (s),,V2,0.01673846392368837,0.007382093131841805,0.00047458976695129065,10
slow50-owned-v48-qps2000-n48,attest. full p95 (s),,V1,nan,nan,nan,10
slow50-owned-v48-qps2000-n48,attest. full p95 (s),,V2,0.12506129905220406,0.09512669092712099,0.006255340764053032,10
slow50-owned-v48-qps2000-n48,attest. full p99 (s),,V1,nan,nan,nan,10
slow50-owned-v48-qps2000-n48,attest. full p99 (s),,V2,0.2277006388713968,0.16530237879894527,0.011186618589342317,10
slow50-owned-v48-qps2000-n48,attest. / sec,,V1,0.0,0.0,0.0,10
slow50-owned-v48-qps2000-n48,attest. / sec,,V2,45.58235724114207,19.545283337230142,0.4325409132064588,10
slow50-owned-v48-qps2000-n48,host CPU,,V1,84.90885492173905,30.994564618669482,0.18651861982955878,10
slow50-owned-v48-qps2000-n48,host CPU,,V2,84.13524597112117,31.874269464695505,0.3085711463220388,10
slow50-owned-v48-qps2000-n48,rec. → exec. p50 (s),,V1,2.2001623830458765,1.0675492041305146,0.04729901472076091,10
slow50-owned-v48-qps2000-n48,rec. → exec. p50 (s),,V2,2.5875392217732087,1.4624412555898005,0.12882802937273732,10
slow50-owned-v48-qps2000-n48,rec. → exec. p95 (s),,V1,2.919171867954718,1.2478456179201438,0.07737488643169345,10
slow50-owned-v48-qps2000-n48,rec. → exec. p95 (s),,V2,3.7450785358039127,1.9959220039406882,0.17526955084223766,10
slow50-owned-v48-qps2000-n48,rec. → exec. p99 (s),,V1,3.1791558299830696,1.4753275272871678,0.11166628225390128,10
slow50-owned-v48-qps2000-n48,rec. → exec. p99 (s),,V2,4.234830596048858,2.2433504697023885,0.20901340051471867,10
slow50-owned-v48-qps2000-n48,pc valid. lat. p50 (s),,V1,0.010825218136496789,0.005033720307393607,0.00019368212457530133,10
slow50-owned-v48-qps2000-n48,pc valid. lat. p50 (s),,V2,0.009628182924582241,0.004848937617337964,0.00024723470380993084,10
slow50-owned-v48-qps2000-n48,pc valid. lat. p95 (s),,V1,0.054291794751603284,0.008365015167465644,0.000666683966395063,10
slow50-owned-v48-qps2000-n48,pc valid. lat. p95 (s),,V2,0.04970772425923121,0.0062939957954393205,0.0005170838014723274,10
slow50-owned-v48-qps2000-n48,exec. lat. p95 (s),,V1,0.11248749424871089,0.06249141111921938,0.0016011876119944543,10
slow50-owned-v48-qps2000-n48,exec. lat. p95 (s),,V2,0.12826124146273077,0.0588419428921129,0.00321369986133591,10
slow50-owned-v48-qps2000-n48,valid. drop. / sec,,V1,0.0,0.0,0.0,10
slow50-owned-v48-qps2000-n48,valid. drop. / sec,,V2,0.0,0.0,0.0,10
slow50-owned-v48-qps2000-n48,final. lat. p50 (s),,V1,nan,nan,nan,10
slow50-owned-v48-qps2000-n48,final. lat. p50 (s),,V2,nan,nan,nan,10
slow50-owned-v48-qps2000-n48,final. lat. p95 (s),,V1,nan,nan,nan,10
slow50-owned-v48-qps2000-n48,final. lat. p95 (s),,V2,nan,nan,nan,10
slow50-owned-v48-qps2000-n48,final. lat. p99 (s),,V1,nan,nan,nan,10
slow50-owned-v48-qps2000-n48,final. lat. p99 (s),,V2,nan,nan,nan,10
slow50-owned-v48-qps2000-n48,submit lat. p50 (s),,V1,nan,nan,nan,10
slow50-owned-v48-qps2000-n48,submit lat. p50 (s),,V2,nan,nan,nan,10
slow50-owned-v48-qps2000-n48,submit lat. p95 (s),,V1,nan,nan,nan,10
slow50-owned-v48-qps2000-n48,submit lat. p95 (s),,V2,nan,nan,nan,10
slow50-owned-v48-qps2000-n48,ckpt lag p50 (s),,V1,0.9499033267241846,0.1846449510182435,0.009116387855344804,10
slow50-owned-v48-qps2000-n48,ckpt lag p50 (s),,V2,0.9965103384443385,0.20456220481882162,0.011330687187446271,10
slow50-owned-v48-qps2000-n48,ckpt lag p95 (s),,V1,2.22587660514602,1.4213105347410153,0.06731834026574404,10
slow50-owned-v48-qps2000-n48,ckpt lag p95 (s),,V2,2.702609213573956,1.859333182833945,0.20044001382010915,10
slow50-owned-v48-qps2000-n48,ckpt lag p99 (s),,V1,3.339920850059741,2.2848358596745872,0.12421383702141392,10
slow50-owned-v48-qps2000-n48,ckpt lag p99 (s),,V2,5.361786536415977,4.894078665335824,0.9208757084414156,10
slow50-owned-v48-qps2000-n48,exec. dispatch queue,,V1,1173.5,205.20684686432858,68.40228228810952,10
slow50-owned-v48-qps2000-n48,exec. dispatch queue,,V2,1276.6,328.0055487335542,109.33518291118472,10
slow50-owned-v48-qps2000-n48,pending txs,,V1,33.9,7.6216796049164905,2.5405598683054964,10
slow50-owned-v48-qps2000-n48,pending txs,,V2,55.1,36.382550762693924,12.127516920897975,10
slow50-owned-v48-qps2000-n48,exec. queue. delay p95 (s),,V1,0.7095666701716724,0.6442282331193655,0.018440240877832404,10
slow50-owned-v48-qps2000-n48,exec. queue. delay p95 (s),,V2,0.9045467720892184,0.7526086869480603,0.0719452162982067,10
slow50-owned-v48-qps2000-n48,post-cons shed drops / sec,,V1,0.0,0.0,0.0,10
slow50-owned-v48-qps2000-n48,post-cons shed drops / sec,,V2,0.0,0.0,0.0,10
slow50-owned-v48-qps2000-n48,shed % quorum,,V1,0.0,0.0,0.0,10
slow50-owned-v48-qps2000-n48,shed % quorum,,V2,0.0,0.0,0.0,10
slow50-owned-v48-qps2000-n48,shed % local,,V1,11.6,6.829348431585549,2.276449477195183,10
slow50-owned-v48-qps2000-n48,shed % local,,V2,15.4,8.440379138403678,2.8134597128012255,10
slow50-owned-v48-qps2000-n48,shed % cons-queue,,V1,0.0,0.0,0.0,10
slow50-owned-v48-qps2000-n48,shed % cons-queue,,V2,0.0,0.0,0.0,10
slow50-owned-v48-qps2000-n48,pre-cons overload rej / sec,,V1,nan,nan,nan,10
slow50-owned-v48-qps2000-n48,pre-cons overload rej / sec,,V2,nan,nan,nan,10
slow50-owned-v48-qps2000-n48,node CPU,,V1,2.0625699422537753,0.5006345565161311,0.00701041940443209,10
slow50-owned-v48-qps2000-n48,node CPU,,V2,2.089661266628788,0.5007216076059693,0.008950839962970726,10
slow50-owned-v48-qps2000-n48,node memory RSS (bytes),,V1,1563271299.3221374,94986449.24395923,3079936.125100422,10
slow50-owned-v48-qps2000-n48,node memory RSS (bytes),,V2,1572769317.4634147,105870557.59446335,5412910.484730781,10
slow50-owned-v48-qps2000-n48,overload graduated / sec,,V1,nan,nan,nan,10
slow50-owned-v48-qps2000-n48,overload graduated / sec,,V2,nan,nan,nan,10
slow50-owned-v48-qps2000-n48,overload max-pending / sec,,V1,nan,nan,nan,10
slow50-owned-v48-qps2000-n48,overload max-pending / sec,,V2,nan,nan,nan,10
slow50-owned-v48-qps2000-n48,overload semaphore / sec,,V1,nan,nan,nan,10
slow50-owned-v48-qps2000-n48,overload semaphore / sec,,V2,nan,nan,nan,10
slow50-owned-v48-qps2000-n48,attest. exec p50 (s),,V1,nan,nan,nan,10
slow50-owned-v48-qps2000-n48,attest. exec p50 (s),,V2,0.00339668037201768,3.8943284645430405e-05,3.755651523771548e-06,10
slow50-owned-v48-qps2000-n48,attest. exec p95 (s),,V1,nan,nan,nan,10
slow50-owned-v48-qps2000-n48,attest. exec p95 (s),,V2,0.015892269102644088,0.0013093142271862373,0.00012513618256595576,10
slow50-owned-v48-qps2000-n48,attest. exec p99 (s),,V1,nan,nan,nan,10
slow50-owned-v48-qps2000-n48,attest. exec p99 (s),,V2,0.02745464964249377,0.003975464945780849,0.00031048088588342865,10
slow50-owned-v48-qps2000-n48,attest. wait p50 (s),,V1,nan,nan,nan,10
slow50-owned-v48-qps2000-n48,attest. wait p50 (s),,V2,0.01039608483265728,0.0075556912417983875,0.0004630287673948568,10
slow50-owned-v48-qps2000-n48,attest. wait p95 (s),,V1,nan,nan,nan,10
slow50-owned-v48-qps2000-n48,attest. wait p95 (s),,V2,0.11911156174301063,0.09496338670990659,0.006226247371483946,10
slow50-owned-v48-qps2000-n48,attest. wait p99 (s),,V1,nan,nan,nan,10
slow50-owned-v48-qps2000-n48,attest. wait p99 (s),,V2,0.221816311730919,0.165110285685672,0.011077767956990643,10
slow50-owned-v48-qps2000-n48,attest. resume p50 (s),,V1,nan,nan,nan,10
slow50-owned-v48-qps2000-n48,attest. resume p50 (s),,V2,0.0007240935816732827,2.019752547819794e-05,1.537956455259015e-06,10
slow50-owned-v48-qps2000-n48,attest. resume p95 (s),,V1,nan,nan,nan,10
slow50-owned-v48-qps2000-n48,attest. resume p95 (s),,V2,0.005735187471177009,0.0008103969555887283,7.482250244419273e-05,10
slow50-owned-v48-qps2000-n48,attest. resume p99 (s),,V1,nan,nan,nan,10
slow50-owned-v48-qps2000-n48,attest. resume p99 (s),,V2,0.019650539070539003,0.0033823877849681566,0.0003775949359222095,10
slow50-owned-v48-qps2000-n48,num_inflight,,V1,111.6,22.294393914165955,7.431464638055318,10
slow50-owned-v48-qps2000-n48,num_inflight,,V2,130.2,25.825568725586663,8.608522908528887,10
slow50-owned-v48-qps2000-n48,CUs,,V1,nan,nan,nan,10
slow50-owned-v48-qps2000-n48,CUs,,V2,1000.0,2.0281019485855186e-13,0.0,10
slow100-owned-f1-qps200-n48,TPS,,V1,147.45784418852082,70.26635920710709,0.3691945848903063,10
slow100-owned-f1-qps200-n48,TPS,,V2,143.97057315981948,69.25470058365596,0.32770721512737333,10
slow100-owned-f1-qps200-n48,attest. full p50 (s),,V1,nan,nan,nan,10
slow100-owned-f1-qps200-n48,attest. full p50 (s),,V2,0.043670705193044064,0.004246517063152435,0.0005073434931563101,10
slow100-owned-f1-qps200-n48,attest. full p95 (s),,V1,nan,nan,nan,10
slow100-owned-f1-qps200-n48,attest. full p95 (s),,V2,0.12655014569559034,0.01683223865372466,0.0020363664405181766,10
slow100-owned-f1-qps200-n48,attest. full p99 (s),,V1,nan,nan,nan,10
slow100-owned-f1-qps200-n48,attest. full p99 (s),,V2,0.18476428363419056,0.03430168665937158,0.005154203236745237,10
slow100-owned-f1-qps200-n48,attest. / sec,,V1,0.0,0.0,0.0,10
slow100-owned-f1-qps200-n48,attest. / sec,,V2,15.65205964738837,7.052358332209398,0.12225569020970267,10
slow100-owned-f1-qps200-n48,host CPU,,V1,82.54518290598001,33.812248921442695,0.33205442727651713,10
slow100-owned-f1-qps200-n48,host CPU,,V2,82.73288292428863,33.720707827086684,0.49776993226824856,10
slow100-owned-f1-qps200-n48,rec. → exec. p50 (s),,V1,1.6355255831647824,0.18966932993509772,0.031062475104321426,10
slow100-owned-f1-qps200-n48,rec. → exec. p50 (s),,V2,1.7071246244983926,0.22364194735438844,0.020577549595161053,10
slow100-owned-f1-qps200-n48,rec. → exec. p95 (s),,V1,2.466021642578526,0.3639677027755923,0.03839964767599463,10
slow100-owned-f1-qps200-n48,rec. → exec. p95 (s),,V2,2.6467454107970805,0.29358107849849874,0.03144947065712084,10
slow100-owned-f1-qps200-n48,rec. → exec. p99 (s),,V1,2.7829952687402955,0.3669597281353953,0.04293843080608803,10
slow100-owned-f1-qps200-n48,rec. → exec. p99 (s),,V2,2.867723740806005,0.25256057370042523,0.008852434261616991,10
slow100-owned-f1-qps200-n48,pc valid. lat. p50 (s),,V1,0.003018825993385134,0.0003969464584979599,5.5493017369211116e-05,10
slow100-owned-f1-qps200-n48,pc valid. lat. p50 (s),,V2,0.001855949383791027,0.0004619919366919263,6.133175036671883e-05,10
slow100-owned-f1-qps200-n48,pc valid. lat. p95 (s),,V1,0.02802500021851298,0.0033798137410343478,0.0004150208156063205,10
slow100-owned-f1-qps200-n48,pc valid. lat. p95 (s),,V2,0.02380602010277384,0.0017029898558659608,0.0001819411789742018,10
slow100-owned-f1-qps200-n48,exec. lat. p95 (s),,V1,0.16611716046330463,0.014680315325248758,0.001869452664113928,10
slow100-owned-f1-qps200-n48,exec. lat. p95 (s),,V2,0.16695963462318153,0.015565801624326721,0.0023203088318116357,10
slow100-owned-f1-qps200-n48,valid. drop. / sec,,V1,0.0,0.0,0.0,10
slow100-owned-f1-qps200-n48,valid. drop. / sec,,V2,0.0,0.0,0.0,10
slow100-owned-f1-qps200-n48,final. lat. p50 (s),,V1,1.6105029111670934,0.0530461741178141,0.005992562266130692,10
slow100-owned-f1-qps200-n48,final. lat. p50 (s),,V2,1.6541981796099272,0.054461391244112846,0.006427941169665655,10
slow100-owned-f1-qps200-n48,final. lat. p95 (s),,V1,1.937691055821514,0.09726689557568367,0.013308973595863523,10
slow100-owned-f1-qps200-n48,final. lat. p95 (s),,V2,2.0306195118734536,0.11747767135111581,0.013680330150598075,10
slow100-owned-f1-qps200-n48,final. lat. p99 (s),,V1,2.1997634884581787,0.1736871438696204,0.021475492975503562,10
slow100-owned-f1-qps200-n48,final. lat. p99 (s),,V2,2.345077858021118,0.12137489158524221,0.011978072385024251,10
slow100-owned-f1-qps200-n48,submit lat. p50 (s),,V1,0.0827072226337224,0.007392078579945757,0.0007650055502072144,10
slow100-owned-f1-qps200-n48,submit lat. p50 (s),,V2,0.13479763643506731,0.01112124011211316,0.0016236127656174605,10
slow100-owned-f1-qps200-n48,submit lat. p95 (s),,V1,0.24810297173694965,0.024791450090732973,0.0026742336631439016,10
slow100-owned-f1-qps200-n48,submit lat. p95 (s),,V2,0.31518569194187146,0.033127622595499596,0.004664697678730369,10
slow100-owned-f1-qps200-n48,ckpt lag p50 (s),,V1,1.0618245543935605,0.03731093435223502,0.004334335655077337,10
slow100-owned-f1-qps200-n48,ckpt lag p50 (s),,V2,1.058448946172037,0.04067139549733835,0.006094486037546352,10
slow100-owned-f1-qps200-n48,ckpt lag p95 (s),,V1,1.4251987330585867,0.10230900970406735,0.01729864024358652,10
slow100-owned-f1-qps200-n48,ckpt lag p95 (s),,V2,1.4611355765605445,0.1156553926311234,0.021751465505141045,10
slow100-owned-f1-qps200-n48,ckpt lag p99 (s),,V1,1.6578023855605881,0.22514190515155597,0.03629122749994048,10
slow100-owned-f1-qps200-n48,ckpt lag p99 (s),,V2,1.6819781459974543,0.1552401508737412,0.026241430403489648,10
slow100-owned-f1-qps200-n48,exec. dispatch queue,,V1,130.8,21.683173199511184,7.227724399837061,10
slow100-owned-f1-qps200-n48,exec. dispatch queue,,V2,152.8,16.87483333251028,5.624944444170093,10
slow100-owned-f1-qps200-n48,pending txs,,V1,4.5,1.3601470508735443,0.4533823502911814,10
slow100-owned-f1-qps200-n48,pending txs,,V2,4.7,0.6403124237432849,0.21343747458109494,10
slow100-owned-f1-qps200-n48,exec. queue. delay p95 (s),,V1,0.05574818064365311,0.02972147987764884,0.003646319661578266,10
slow100-owned-f1-qps200-n48,exec. queue. delay p95 (s),,V2,0.06276947781374119,0.033116628138501115,0.005567199776557998,10
slow100-owned-f1-qps200-n48,post-cons shed drops / sec,,V1,0.0,0.0,0.0,10
slow100-owned-f1-qps200-n48,post-cons shed drops / sec,,V2,0.0,0.0,0.0,10
slow100-owned-f1-qps200-n48,shed % quorum,,V1,0.0,0.0,0.0,10
slow100-owned-f1-qps200-n48,shed % quorum,,V2,0.0,0.0,0.0,10
slow100-owned-f1-qps200-n48,shed % local,,V1,0.0,0.0,0.0,10
slow100-owned-f1-qps200-n48,shed % local,,V2,0.0,0.0,0.0,10
slow100-owned-f1-qps200-n48,shed % cons-queue,,V1,0.0,0.0,0.0,10
slow100-owned-f1-qps200-n48,shed % cons-queue,,V2,0.0,0.0,0.0,10
slow100-owned-f1-qps200-n48,pre-cons overload rej / sec,,V1,nan,nan,nan,10
slow100-owned-f1-qps200-n48,pre-cons overload rej / sec,,V2,nan,nan,nan,10
slow100-owned-f1-qps200-n48,node CPU,,V1,2.0276967925605325,0.5673857727412814,0.007420717282952201,10
slow100-owned-f1-qps200-n48,node CPU,,V2,2.050716731752769,0.5510646706809751,0.005259185569994103,10
slow100-owned-f1-qps200-n48,node memory RSS (bytes),,V1,1441458741.4410775,43868974.65818699,1978291.8390382014,10
slow100-owned-f1-qps200-n48,node memory RSS (bytes),,V2,1437000497.8138747,42849807.82309413,3248021.1173235187,10
slow100-owned-f1-qps200-n48,overload graduated / sec,,V1,nan,nan,nan,10
slow100-owned-f1-qps200-n48,overload graduated / sec,,V2,nan,nan,nan,10
slow100-owned-f1-qps200-n48,overload max-pending / sec,,V1,nan,nan,nan,10
slow100-owned-f1-qps200-n48,overload max-pending / sec,,V2,nan,nan,nan,10
slow100-owned-f1-qps200-n48,overload semaphore / sec,,V1,nan,nan,nan,10
slow100-owned-f1-qps200-n48,overload semaphore / sec,,V2,nan,nan,nan,10
slow100-owned-f1-qps200-n48,attest. exec p50 (s),,V1,nan,nan,nan,10
slow100-owned-f1-qps200-n48,attest. exec p50 (s),,V2,0.028115067207877077,0.0023910580124627454,0.00029948026360096324,10
slow100-owned-f1-qps200-n48,attest. exec p95 (s),,V1,nan,nan,nan,10
slow100-owned-f1-qps200-n48,attest. exec p95 (s),,V2,0.07007830025836484,0.006019770546886467,0.0006120710900479439,10
slow100-owned-f1-qps200-n48,attest. exec p99 (s),,V1,nan,nan,nan,10
slow100-owned-f1-qps200-n48,attest. exec p99 (s),,V2,0.09379365180890142,0.010437201685287192,0.0010130743061427816,10
slow100-owned-f1-qps200-n48,attest. wait p50 (s),,V1,nan,nan,nan,10
slow100-owned-f1-qps200-n48,attest. wait p50 (s),,V2,0.009531244691226627,0.001470376956718548,0.00018597591797773756,10
slow100-owned-f1-qps200-n48,attest. wait p95 (s),,V1,nan,nan,nan,10
slow100-owned-f1-qps200-n48,attest. wait p95 (s),,V2,0.07147300593113642,0.012321146726174242,0.0015398078185013854,10
slow100-owned-f1-qps200-n48,attest. wait p99 (s),,V1,nan,nan,nan,10
slow100-owned-f1-qps200-n48,attest. wait p99 (s),,V2,0.13236428957290056,0.031308692463712685,0.004810785936663163,10
slow100-owned-f1-qps200-n48,attest. resume p50 (s),,V1,nan,nan,nan,10
slow100-owned-f1-qps200-n48,attest. resume p50 (s),,V2,0.0008620241598662571,0.00014175574470840914,8.560176765250267e-06,10
slow100-owned-f1-qps200-n48,attest. resume p95 (s),,V1,nan,nan,nan,10
slow100-owned-f1-qps200-n48,attest. resume p95 (s),,V2,0.006405353116605429,0.0008434958369855345,6.70792085514888e-05,10
slow100-owned-f1-qps200-n48,attest. resume p99 (s),,V1,nan,nan,nan,10
slow100-owned-f1-qps200-n48,attest. resume p99 (s),,V2,0.016625425027500758,0.0035112920518396507,0.000412937095910391,10
slow100-owned-f1-qps200-n48,num_inflight,,V1,42.2,5.74108003776293,1.9136933459209766,10
slow100-owned-f1-qps200-n48,num_inflight,,V2,41.4,4.004996878900157,1.3349989596333858,10
slow100-owned-f1-qps200-n48,CUs,,V1,nan,nan,nan,10
slow100-owned-f1-qps200-n48,CUs,,V2,4000.0,7.094222091254915e-13,0.0,10
slow100-owned-v1-qps200-n48,TPS,,V1,163.26713778641206,75.56032920512212,0.32931818729572543,10
slow100-owned-v1-qps200-n48,TPS,,V2,115.0712458801808,57.31644000976889,3.985931827490897,10
slow100-owned-v1-qps200-n48,attest. full p50 (s),,V1,nan,nan,nan,10
slow100-owned-v1-qps200-n48,attest. full p50 (s),,V2,0.07407611930227465,0.029489494391243938,0.0037588910525972958,10
slow100-owned-v1-qps200-n48,attest. full p95 (s),,V1,nan,nan,nan,10
slow100-owned-v1-qps200-n48,attest. full p95 (s),,V2,0.6768462620968451,0.13761896733147108,0.020467341621871266,10
slow100-owned-v1-qps200-n48,attest. full p99 (s),,V1,nan,nan,nan,10
slow100-owned-v1-qps200-n48,attest. full p99 (s),,V2,1.0446629305301296,0.22988272287619366,0.027381379382290457,10
slow100-owned-v1-qps200-n48,attest. / sec,,V1,0.0,0.0,0.0,10
slow100-owned-v1-qps200-n48,attest. / sec,,V2,353.48466666666667,196.27402510767206,11.380594429086996,10
slow100-owned-v1-qps200-n48,host CPU,,V1,83.9884716003312,32.09837813851365,0.41369264132552264,10
slow100-owned-v1-qps200-n48,host CPU,,V2,83.38210760483477,32.447707346331164,0.3207892296344576,10
slow100-owned-v1-qps200-n48,rec. → exec. p50 (s),,V1,1.9690690793670558,0.2598026055804176,0.030116650516803532,10
slow100-owned-v1-qps200-n48,rec. → exec. p50 (s),,V2,4.366383826824743,1.8420152477228022,0.24380914977132936,10
slow100-owned-v1-qps200-n48,rec. → exec. p95 (s),,V1,2.862047640030316,0.13487065721777544,0.011393686067874541,10
slow100-owned-v1-qps200-n48,rec. → exec. p95 (s),,V2,6.975192696308108,4.268392220380385,0.6047545833797501,10
slow100-owned-v1-qps200-n48,rec. → exec. p99 (s),,V1,3.00566985394857,0.1495405856187003,0.0185094203707069,10
slow100-owned-v1-qps200-n48,rec. → exec. p99 (s),,V2,7.697640732374402,4.521871379445179,0.6398278981727533,10
slow100-owned-v1-qps200-n48,pc valid. lat. p50 (s),,V1,0.0032040428047848076,0.000901550018934197,9.949211892747743e-05,10
slow100-owned-v1-qps200-n48,pc valid. lat. p50 (s),,V2,0.00041689904587810614,8.358513723302581e-05,1.4214691940197667e-05,10
slow100-owned-v1-qps200-n48,pc valid. lat. p95 (s),,V1,0.03970746108831765,0.005668900573290808,0.00028599972641959087,10
slow100-owned-v1-qps200-n48,pc valid. lat. p95 (s),,V2,0.013462364166308227,0.005360583991771865,0.0011299455588782957,10
slow100-owned-v1-qps200-n48,exec. lat. p95 (s),,V1,0.2088969476719393,0.027440072046952958,0.0017007704693275986,10
slow100-owned-v1-qps200-n48,exec. lat. p95 (s),,V2,0.15627343964169402,0.04002424213952727,0.006621649023129929,10
slow100-owned-v1-qps200-n48,valid. drop. / sec,,V1,0.0,0.0,0.0,10
slow100-owned-v1-qps200-n48,valid. drop. / sec,,V2,0.0,0.0,0.0,10
slow100-owned-v1-qps200-n48,final. lat. p50 (s),,V1,nan,nan,nan,10
slow100-owned-v1-qps200-n48,final. lat. p50 (s),,V2,nan,nan,nan,10
slow100-owned-v1-qps200-n48,final. lat. p95 (s),,V1,nan,nan,nan,10
slow100-owned-v1-qps200-n48,final. lat. p95 (s),,V2,nan,nan,nan,10
slow100-owned-v1-qps200-n48,final. lat. p99 (s),,V1,nan,nan,nan,10
slow100-owned-v1-qps200-n48,final. lat. p99 (s),,V2,nan,nan,nan,10
slow100-owned-v1-qps200-n48,submit lat. p50 (s),,V1,nan,nan,nan,10
slow100-owned-v1-qps200-n48,submit lat. p50 (s),,V2,nan,nan,nan,10
slow100-owned-v1-qps200-n48,submit lat. p95 (s),,V1,nan,nan,nan,10
slow100-owned-v1-qps200-n48,submit lat. p95 (s),,V2,nan,nan,nan,10
slow100-owned-v1-qps200-n48,ckpt lag p50 (s),,V1,1.3418884407610223,0.14738566409043483,0.006758812090726255,10
slow100-owned-v1-qps200-n48,ckpt lag p50 (s),,V2,0.632848029629248,0.13887041939625483,0.027645395439788754,10
slow100-owned-v1-qps200-n48,ckpt lag p95 (s),,V1,1.9750895359089897,0.24010396452227717,0.02230219794400584,10
slow100-owned-v1-qps200-n48,ckpt lag p95 (s),,V2,1.1949706438313463,0.27214599151153657,0.046815525551622515,10
slow100-owned-v1-qps200-n48,ckpt lag p99 (s),,V1,2.3531584114271,0.3184133305444946,0.031140502756498704,10
slow100-owned-v1-qps200-n48,ckpt lag p99 (s),,V2,4.868429839071227,2.7051759682738914,0.22791747969412707,10
slow100-owned-v1-qps200-n48,exec. dispatch queue,,V1,249.7,28.13911867845189,9.37970622615063,10
slow100-owned-v1-qps200-n48,exec. dispatch queue,,V2,231.4,61.743339721787,20.581113240595666,10
slow100-owned-v1-qps200-n48,pending txs,,V1,6.5,1.284523257866513,0.4281744192888376,10
slow100-owned-v1-qps200-n48,pending txs,,V2,9.6,3.5552777669262356,1.1850925889754118,10
slow100-owned-v1-qps200-n48,exec. queue. delay p95 (s),,V1,0.21085130009863673,0.08190332710010576,0.0066058277541295165,10
slow100-owned-v1-qps200-n48,exec. queue. delay p95 (s),,V2,0.3179836682916872,0.19344329949332564,0.027880509888285804,10
slow100-owned-v1-qps200-n48,post-cons shed drops / sec,,V1,0.0,0.0,0.0,10
slow100-owned-v1-qps200-n48,post-cons shed drops / sec,,V2,0.0,0.0,0.0,10
slow100-owned-v1-qps200-n48,shed % quorum,,V1,0.0,0.0,0.0,10
slow100-owned-v1-qps200-n48,shed % quorum,,V2,0.0,0.0,0.0,10
slow100-owned-v1-qps200-n48,shed % local,,V1,0.0,0.0,0.0,10
slow100-owned-v1-qps200-n48,shed % local,,V2,0.0,0.0,0.0,10
slow100-owned-v1-qps200-n48,shed % cons-queue,,V1,0.0,0.0,0.0,10
slow100-owned-v1-qps200-n48,shed % cons-queue,,V2,0.0,0.0,0.0,10
slow100-owned-v1-qps200-n48,pre-cons overload rej / sec,,V1,nan,nan,nan,10
slow100-owned-v1-qps200-n48,pre-cons overload rej / sec,,V2,nan,nan,nan,10
slow100-owned-v1-qps200-n48,node CPU,,V1,2.056480427498506,0.5515960369756832,0.004507397290686004,10
slow100-owned-v1-qps200-n48,node CPU,,V2,2.378882987263518,0.6118163420659211,0.028235278870809136,10
slow100-owned-v1-qps200-n48,node memory RSS (bytes),,V1,1446845964.487805,45057891.99012183,2545955.8141004425,10
slow100-owned-v1-qps200-n48,node memory RSS (bytes),,V2,1550929740.758509,86430943.25269425,2618522.640916509,10
slow100-owned-v1-qps200-n48,overload graduated / sec,,V1,nan,nan,nan,10
slow100-owned-v1-qps200-n48,overload graduated / sec,,V2,nan,nan,nan,10
slow100-owned-v1-qps200-n48,overload max-pending / sec,,V1,nan,nan,nan,10
slow100-owned-v1-qps200-n48,overload max-pending / sec,,V2,nan,nan,nan,10
slow100-owned-v1-qps200-n48,overload semaphore / sec,,V1,nan,nan,nan,10
slow100-owned-v1-qps200-n48,overload semaphore / sec,,V2,nan,nan,nan,10
slow100-owned-v1-qps200-n48,attest. exec p50 (s),,V1,nan,nan,nan,10
slow100-owned-v1-qps200-n48,attest. exec p50 (s),,V2,0.0008906137918817766,0.0009693805231676825,9.609395082636577e-05,10
slow100-owned-v1-qps200-n48,attest. exec p95 (s),,V1,nan,nan,nan,10
slow100-owned-v1-qps200-n48,attest. exec p95 (s),,V2,0.04126191440184256,0.0032960249826239295,0.0004308382771801254,10
slow100-owned-v1-qps200-n48,attest. exec p99 (s),,V1,nan,nan,nan,10
slow100-owned-v1-qps200-n48,attest. exec p99 (s),,V2,0.06496141124827953,0.004858032096709173,0.0006828555157047105,10
slow100-owned-v1-qps200-n48,attest. wait p50 (s),,V1,nan,nan,nan,10
slow100-owned-v1-qps200-n48,attest. wait p50 (s),,V2,0.06362695456000343,0.028782086127634218,0.0036517898380733493,10
slow100-owned-v1-qps200-n48,attest. wait p95 (s),,V1,nan,nan,nan,10
slow100-owned-v1-qps200-n48,attest. wait p95 (s),,V2,0.6593713504775569,0.13393178912625645,0.020264414434621104,10
slow100-owned-v1-qps200-n48,attest. wait p99 (s),,V1,nan,nan,nan,10
slow100-owned-v1-qps200-n48,attest. wait p99 (s),,V2,1.0254690106074233,0.2286351532549821,0.027376623110516057,10
slow100-owned-v1-qps200-n48,attest. resume p50 (s),,V1,nan,nan,nan,10
slow100-owned-v1-qps200-n48,attest. resume p50 (s),,V2,0.0006917987819834157,3.380465774617332e-05,3.3917427259785843e-06,10
slow100-owned-v1-qps200-n48,attest. resume p95 (s),,V1,nan,nan,nan,10
slow100-owned-v1-qps200-n48,attest. resume p95 (s),,V2,0.007725788687591841,0.0014715572167121663,0.00013982744831017645,10
slow100-owned-v1-qps200-n48,attest. resume p99 (s),,V1,nan,nan,nan,10
slow100-owned-v1-qps200-n48,attest. resume p99 (s),,V2,0.024680444306392615,0.012718324528021805,0.0017141854072858463,10
slow100-owned-v1-qps200-n48,num_inflight,,V1,395.8,7.025667228100119,2.341889076033373,10
slow100-owned-v1-qps200-n48,num_inflight,,V2,567.3,76.2391631643475,25.41305438811583,10
slow100-owned-v1-qps200-n48,CUs,,V1,nan,nan,nan,10
slow100-owned-v1-qps200-n48,CUs,,V2,4000.0,9.256802452075079e-13,0.0,10
slow100-owned-v48-qps200-n48,TPS,,V1,163.66224276461654,76.0361794575713,0.545721919161975,10
slow100-owned-v48-qps200-n48,TPS,,V2,159.45430964781744,74.12462994944683,0.3138484972766805,10
slow100-owned-v48-qps200-n48,attest. full p50 (s),,V1,nan,nan,nan,10
slow100-owned-v48-qps200-n48,attest. full p50 (s),,V2,0.053812048350610514,0.005255019988872562,0.0002625776768024193,10
slow100-owned-v48-qps200-n48,attest. full p95 (s),,V1,nan,nan,nan,10
slow100-owned-v48-qps200-n48,attest. full p95 (s),,V2,0.1701199240930355,0.026285948607355628,0.001598820529509999,10
slow100-owned-v48-qps200-n48,attest. full p99 (s),,V1,nan,nan,nan,10
slow100-owned-v48-qps200-n48,attest. full p99 (s),,V2,0.27200327083039955,0.06323783960828273,0.004215113324774382,10
slow100-owned-v48-qps200-n48,attest. / sec,,V1,0.0,0.0,0.0,10
slow100-owned-v48-qps200-n48,attest. / sec,,V2,19.579617063492062,8.61529085706239,0.22140193427029994,10
slow100-owned-v48-qps200-n48,host CPU,,V1,83.35360281331349,32.91391227194209,0.43181638378872095,10
slow100-owned-v48-qps200-n48,host CPU,,V2,83.72086154939528,32.41834091590206,0.4231791547254868,10
slow100-owned-v48-qps200-n48,rec. → exec. p50 (s),,V1,2.322539652354214,0.23794994121959734,0.011854688959656001,10
slow100-owned-v48-qps200-n48,rec. → exec. p50 (s),,V2,2.4449022397556988,0.18353707567929933,0.010928679406026248,10
slow100-owned-v48-qps200-n48,rec. → exec. p95 (s),,V1,2.9430154626248037,0.22173316138187302,0.013289779402360966,10
slow100-owned-v48-qps200-n48,rec. → exec. p95 (s),,V2,3.0842294755561497,0.29075116690439395,0.029177085183800487,10
slow100-owned-v48-qps200-n48,rec. → exec. p99 (s),,V1,3.183054632117022,0.38333585166823514,0.030710032686817604,10
slow100-owned-v48-qps200-n48,rec. → exec. p99 (s),,V2,3.449225921639475,0.392928184414347,0.030979280387647013,10
slow100-owned-v48-qps200-n48,pc valid. lat. p50 (s),,V1,0.0044266164674342705,0.0009852172194414158,6.27248992019696e-05,10
slow100-owned-v48-qps200-n48,pc valid. lat. p50 (s),,V2,0.0035060657094470892,0.0007009001232426344,6.102713467651881e-05,10
slow100-owned-v48-qps200-n48,pc valid. lat. p95 (s),,V1,0.04125986695392398,0.005883068101509194,0.0002932198385554497,10
slow100-owned-v48-qps200-n48,pc valid. lat. p95 (s),,V2,0.036432176860838564,0.005318803421421823,0.0003057301283366774,10
slow100-owned-v48-qps200-n48,exec. lat. p95 (s),,V1,0.20636500823702503,0.0303013078268488,0.0019011576098816301,10
slow100-owned-v48-qps200-n48,exec. lat. p95 (s),,V2,0.20743076169863234,0.028637886648858007,0.0015972129662424578,10
slow100-owned-v48-qps200-n48,valid. drop. / sec,,V1,0.0,0.0,0.0,10
slow100-owned-v48-qps200-n48,valid. drop. / sec,,V2,0.0,0.0,0.0,10
slow100-owned-v48-qps200-n48,final. lat. p50 (s),,V1,nan,nan,nan,10
slow100-owned-v48-qps200-n48,final. lat. p50 (s),,V2,nan,nan,nan,10
slow100-owned-v48-qps200-n48,final. lat. p95 (s),,V1,nan,nan,nan,10
slow100-owned-v48-qps200-n48,final. lat. p95 (s),,V2,nan,nan,nan,10
slow100-owned-v48-qps200-n48,final. lat. p99 (s),,V1,nan,nan,nan,10
slow100-owned-v48-qps200-n48,final. lat. p99 (s),,V2,nan,nan,nan,10
slow100-owned-v48-qps200-n48,submit lat. p50 (s),,V1,nan,nan,nan,10
slow100-owned-v48-qps200-n48,submit lat. p50 (s),,V2,nan,nan,nan,10
slow100-owned-v48-qps200-n48,submit lat. p95 (s),,V1,nan,nan,nan,10
slow100-owned-v48-qps200-n48,submit lat. p95 (s),,V2,nan,nan,nan,10
slow100-owned-v48-qps200-n48,ckpt lag p50 (s),,V1,1.4513195647514177,0.1628583384651087,0.00855170263710874,10
slow100-owned-v48-qps200-n48,ckpt lag p50 (s),,V2,1.4367051325378337,0.14043643009165635,0.004832646417447913,10
slow100-owned-v48-qps200-n48,ckpt lag p95 (s),,V1,2.1880057230622922,0.2676301649355362,0.01892166435307036,10
slow100-owned-v48-qps200-n48,ckpt lag p95 (s),,V2,2.170987810767497,0.24138264542570997,0.014449562849395779,10
slow100-owned-v48-qps200-n48,ckpt lag p99 (s),,V1,2.580245561306914,0.3360178922155925,0.02227579256908311,10
slow100-owned-v48-qps200-n48,ckpt lag p99 (s),,V2,2.536932896257609,0.3042446828693104,0.02262061306879242,10
slow100-owned-v48-qps200-n48,exec. dispatch queue,,V1,264.5,26.90446059671147,8.968153532237155,10
slow100-owned-v48-qps200-n48,exec. dispatch queue,,V2,247.8,33.67432256185713,11.224774187285709,10
slow100-owned-v48-qps200-n48,pending txs,,V1,6.9,0.7000000000000001,0.2333333333333333,10
slow100-owned-v48-qps200-n48,pending txs,,V2,6.4,0.6633249580710799,0.22110831935702663,10
slow100-owned-v48-qps200-n48,exec. queue. delay p95 (s),,V1,0.2147498062446564,0.09421891443520061,0.006767158785331139,10
slow100-owned-v48-qps200-n48,exec. queue. delay p95 (s),,V2,0.2067938586139008,0.09422765372753412,0.007090121588866707,10
slow100-owned-v48-qps200-n48,post-cons shed drops / sec,,V1,0.0,0.0,0.0,10
slow100-owned-v48-qps200-n48,post-cons shed drops / sec,,V2,0.0,0.0,0.0,10
slow100-owned-v48-qps200-n48,shed % quorum,,V1,0.0,0.0,0.0,10
slow100-owned-v48-qps200-n48,shed % quorum,,V2,0.0,0.0,0.0,10
slow100-owned-v48-qps200-n48,shed % local,,V1,0.0,0.0,0.0,10
slow100-owned-v48-qps200-n48,shed % local,,V2,0.0,0.0,0.0,10
slow100-owned-v48-qps200-n48,shed % cons-queue,,V1,0.0,0.0,0.0,10
slow100-owned-v48-qps200-n48,shed % cons-queue,,V2,0.0,0.0,0.0,10
slow100-owned-v48-qps200-n48,pre-cons overload rej / sec,,V1,nan,nan,nan,10
slow100-owned-v48-qps200-n48,pre-cons overload rej / sec,,V2,nan,nan,nan,10
slow100-owned-v48-qps200-n48,node CPU,,V1,2.0490153992504414,0.5367268775260607,0.0107144170166046,10
slow100-owned-v48-qps200-n48,node CPU,,V2,2.0811083740600482,0.5142480737828359,0.007276662448694735,10
slow100-owned-v48-qps200-n48,node memory RSS (bytes),,V1,1444421006.961039,41165604.27498844,1406700.441105734,10
slow100-owned-v48-qps200-n48,node memory RSS (bytes),,V2,1443907747.1739838,41247832.82433955,1939070.4174022635,10
slow100-owned-v48-qps200-n48,overload graduated / sec,,V1,nan,nan,nan,10
slow100-owned-v48-qps200-n48,overload graduated / sec,,V2,nan,nan,nan,10
slow100-owned-v48-qps200-n48,overload max-pending / sec,,V1,nan,nan,nan,10
slow100-owned-v48-qps200-n48,overload max-pending / sec,,V2,nan,nan,nan,10
slow100-owned-v48-qps200-n48,overload semaphore / sec,,V1,nan,nan,nan,10
slow100-owned-v48-qps200-n48,overload semaphore / sec,,V2,nan,nan,nan,10
slow100-owned-v48-qps200-n48,attest. exec p50 (s),,V1,nan,nan,nan,10
slow100-owned-v48-qps200-n48,attest. exec p50 (s),,V2,0.031860205453641356,0.0027491263917217455,0.00016027491997082472,10
slow100-owned-v48-qps200-n48,attest. exec p95 (s),,V1,nan,nan,nan,10
slow100-owned-v48-qps200-n48,attest. exec p95 (s),,V2,0.08068041562609869,0.006815645074271949,0.000457995610532846,10
slow100-owned-v48-qps200-n48,attest. exec p99 (s),,V1,nan,nan,nan,10
slow100-owned-v48-qps200-n48,attest. exec p99 (s),,V2,0.1155897167388397,0.013901968375848239,0.0011804416455167262,10
slow100-owned-v48-qps200-n48,attest. wait p50 (s),,V1,nan,nan,nan,10
slow100-owned-v48-qps200-n48,attest. wait p50 (s),,V2,0.015467921075097304,0.0023595081702121067,0.0001236772039736164,10
slow100-owned-v48-qps200-n48,attest. wait p95 (s),,V1,nan,nan,nan,10
slow100-owned-v48-qps200-n48,attest. wait p95 (s),,V2,0.11478235581884538,0.025758471994240792,0.001599422464708605,10
slow100-owned-v48-qps200-n48,attest. wait p99 (s),,V1,nan,nan,nan,10
slow100-owned-v48-qps200-n48,attest. wait p99 (s),,V2,0.21570735820237302,0.06355530507308235,0.004854673461908966,10
slow100-owned-v48-qps200-n48,attest. resume p50 (s),,V1,nan,nan,nan,10
slow100-owned-v48-qps200-n48,attest. resume p50 (s),,V2,0.0008956675283816764,0.00013078503146559198,5.3257304262852635e-06,10
slow100-owned-v48-qps200-n48,attest. resume p95 (s),,V1,nan,nan,nan,10
slow100-owned-v48-qps200-n48,attest. resume p95 (s),,V2,0.007455928435894042,0.0007992323659841164,4.995465645330352e-05,10
slow100-owned-v48-qps200-n48,attest. resume p99 (s),,V1,nan,nan,nan,10
slow100-owned-v48-qps200-n48,attest. resume p99 (s),,V2,0.01960224139625098,0.002660168640492891,0.00018233924855278266,10
slow100-owned-v48-qps200-n48,num_inflight,,V1,54.9,1.8138357147217055,0.604611904907235,10
slow100-owned-v48-qps200-n48,num_inflight,,V2,56.2,3.682390527904394,1.2274635093014645,10
slow100-owned-v48-qps200-n48,CUs,,V1,nan,nan,nan,10
slow100-owned-v48-qps200-n48,CUs,,V2,4000.0,7.226965633443265e-13,0.0,10
slow100-owned-f1-qps1000-n48,TPS,,V1,193.97939220954586,93.07954924994411,1.002082785404535,10
slow100-owned-f1-qps1000-n48,TPS,,V2,189.1400132275132,91.3664909964202,0.5360585184377091,10
slow100-owned-f1-qps1000-n48,attest. full p50 (s),,V1,nan,nan,nan,10
slow100-owned-f1-qps1000-n48,attest. full p50 (s),,V2,0.10844374512895083,0.08366786429149471,0.007433891723472801,10
slow100-owned-f1-qps1000-n48,attest. full p95 (s),,V1,nan,nan,nan,10
slow100-owned-f1-qps1000-n48,attest. full p95 (s),,V2,0.6402221722438398,0.23760935304651828,0.025308123531586894,10
slow100-owned-f1-qps1000-n48,attest. full p99 (s),,V1,nan,nan,nan,10
slow100-owned-f1-qps1000-n48,attest. full p99 (s),,V2,1.0346007347532524,0.3706172291812068,0.044503358661125744,10
slow100-owned-f1-qps1000-n48,attest. / sec,,V1,0.0,0.0,0.0,10
slow100-owned-f1-qps1000-n48,attest. / sec,,V2,24.327290192649123,10.932869440526433,0.3176777432233414,10
slow100-owned-f1-qps1000-n48,host CPU,,V1,83.63841950367228,32.607891636701,0.3906535247066992,10
slow100-owned-f1-qps1000-n48,host CPU,,V2,82.82675610636973,33.81727705780115,0.4329770911933504,10
slow100-owned-f1-qps1000-n48,rec. → exec. p50 (s),,V1,6.375462706778498,1.4706829971047455,0.1984624209162737,10
slow100-owned-f1-qps1000-n48,rec. → exec. p50 (s),,V2,7.345339033309362,2.0543833579927995,0.2986144528822705,10
slow100-owned-f1-qps1000-n48,rec. → exec. p95 (s),,V1,8.011774807074968,2.5613875143874942,0.48320520155067803,10
slow100-owned-f1-qps1000-n48,rec. → exec. p95 (s),,V2,9.985764962423469,4.162405844636744,0.5664706077388942,10
slow100-owned-f1-qps1000-n48,rec. → exec. p99 (s),,V1,8.636148425505034,3.1962817043268545,0.6445447929883891,10
slow100-owned-f1-qps1000-n48,rec. → exec. p99 (s),,V2,11.150591052064263,4.976618764172782,0.6917298381444904,10
slow100-owned-f1-qps1000-n48,pc valid. lat. p50 (s),,V1,0.009760807036230086,0.004809854302091736,0.0006291542180196038,10
slow100-owned-f1-qps1000-n48,pc valid. lat. p50 (s),,V2,0.007681766494207799,0.00403806968681327,0.0003363920569361255,10
slow100-owned-f1-qps1000-n48,pc valid. lat. p95 (s),,V1,0.09359165760953718,0.01904506328867584,0.0031727742711167347,10
slow100-owned-f1-qps1000-n48,pc valid. lat. p95 (s),,V2,0.08057780762852405,0.018743223602602856,0.0014641995629133843,10
slow100-owned-f1-qps1000-n48,exec. lat. p95 (s),,V1,0.5533938619021606,0.12050536902278008,0.008281227435615659,10
slow100-owned-f1-qps1000-n48,exec. lat. p95 (s),,V2,0.5745667905297546,0.1457463640527451,0.007889866068522405,10
slow100-owned-f1-qps1000-n48,valid. drop. / sec,,V1,0.0,0.0,0.0,10
slow100-owned-f1-qps1000-n48,valid. drop. / sec,,V2,0.0,0.0,0.0,10
slow100-owned-f1-qps1000-n48,final. lat. p50 (s),,V1,4.827194675348627,0.7079154826701947,0.062325693988614615,10
slow100-owned-f1-qps1000-n48,final. lat. p50 (s),,V2,5.031224024297735,0.8260124549035448,0.04680625278721793,10
slow100-owned-f1-qps1000-n48,final. lat. p95 (s),,V1,6.505774152263659,0.7806418694220923,0.06247668660627057,10
slow100-owned-f1-qps1000-n48,final. lat. p95 (s),,V2,6.837802499051485,0.982555361966205,0.045255502986150345,10
slow100-owned-f1-qps1000-n48,final. lat. p99 (s),,V1,7.192601291068483,0.867879522538278,0.08960468403442351,10
slow100-owned-f1-qps1000-n48,final. lat. p99 (s),,V2,7.605541578257195,1.1086698279512648,0.05163935375667068,10
slow100-owned-f1-qps1000-n48,submit lat. p50 (s),,V1,0.46947388153575004,0.13514609006403044,0.011938409867973317,10
slow100-owned-f1-qps1000-n48,submit lat. p50 (s),,V2,0.645550642224797,0.15282357771588306,0.013056069153054893,10
slow100-owned-f1-qps1000-n48,submit lat. p95 (s),,V1,1.3333901480949215,0.29879465912062025,0.03755042492890904,10
slow100-owned-f1-qps1000-n48,submit lat. p95 (s),,V2,1.667468252719488,0.33310435827872853,0.03563779352480135,10
slow100-owned-f1-qps1000-n48,ckpt lag p50 (s),,V1,3.5490826438810963,0.8620968145596166,0.10753629461984693,10
slow100-owned-f1-qps1000-n48,ckpt lag p50 (s),,V2,3.6125292329061782,0.9506219345684481,0.08357939074609169,10
slow100-owned-f1-qps1000-n48,ckpt lag p95 (s),,V1,7.943142619691738,2.1057974022130503,0.19733183411940047,10
slow100-owned-f1-qps1000-n48,ckpt lag p95 (s),,V2,8.819369820102882,3.530478914895333,0.44905968088825926,10
slow100-owned-f1-qps1000-n48,ckpt lag p99 (s),,V1,12.0158318266656,4.701278793388524,0.5951090706146216,10
slow100-owned-f1-qps1000-n48,ckpt lag p99 (s),,V2,13.652615936682686,7.585206914053799,1.127044807837797,10
slow100-owned-f1-qps1000-n48,exec. dispatch queue,,V1,1116.7,151.0331420582913,50.3443806860971,10
slow100-owned-f1-qps1000-n48,exec. dispatch queue,,V2,1093.0,166.35684536561757,55.452281788539196,10
slow100-owned-f1-qps1000-n48,pending txs,,V1,41.4,13.32066064427737,4.4402202147591225,10
slow100-owned-f1-qps1000-n48,pending txs,,V2,54.5,27.240594707164526,9.08019823572151,10
slow100-owned-f1-qps1000-n48,exec. queue. delay p95 (s),,V1,2.1159786297972216,0.841191222146254,0.11268018158567161,10
slow100-owned-f1-qps1000-n48,exec. queue. delay p95 (s),,V2,2.21639565781504,0.9177969358468145,0.11848199450512407,10
slow100-owned-f1-qps1000-n48,post-cons shed drops / sec,,V1,5.197212962962963,8.485313387668795,1.5439890502832043,10
slow100-owned-f1-qps1000-n48,post-cons shed drops / sec,,V2,4.035190264196942,7.573264543180317,1.3501796851431835,10
slow100-owned-f1-qps1000-n48,shed % quorum,,V1,7.0,4.494441010848846,1.498147003616282,10
slow100-owned-f1-qps1000-n48,shed % quorum,,V2,8.6,6.452906321960671,2.1509687739868903,10
slow100-owned-f1-qps1000-n48,shed % local,,V1,36.4,6.974238309665077,2.3247461032216923,10
slow100-owned-f1-qps1000-n48,shed % local,,V2,38.4,7.364781055808788,2.454927018602929,10
slow100-owned-f1-qps1000-n48,shed % cons-queue,,V1,0.0,0.0,0.0,10
slow100-owned-f1-qps1000-n48,shed % cons-queue,,V2,0.0,0.0,0.0,10
slow100-owned-f1-qps1000-n48,pre-cons overload rej / sec,,V1,nan,nan,nan,10
slow100-owned-f1-qps1000-n48,pre-cons overload rej / sec,,V2,nan,nan,nan,10
slow100-owned-f1-qps1000-n48,node CPU,,V1,2.113696529553766,0.565689880219014,0.009068314360066403,10
slow100-owned-f1-qps1000-n48,node CPU,,V2,2.1414382505418312,0.5999748241462016,0.010326869808036538,10
slow100-owned-f1-qps1000-n48,node memory RSS (bytes),,V1,1466191101.9254458,55118438.72705551,879456.9608585343,10
slow100-owned-f1-qps1000-n48,node memory RSS (bytes),,V2,1462548074.357488,59129036.232686274,2800409.9688310483,10
slow100-owned-f1-qps1000-n48,overload graduated / sec,,V1,nan,nan,nan,10
slow100-owned-f1-qps1000-n48,overload graduated / sec,,V2,nan,nan,nan,10
slow100-owned-f1-qps1000-n48,overload max-pending / sec,,V1,nan,nan,nan,10
slow100-owned-f1-qps1000-n48,overload max-pending / sec,,V2,nan,nan,nan,10
slow100-owned-f1-qps1000-n48,overload semaphore / sec,,V1,nan,nan,nan,10
slow100-owned-f1-qps1000-n48,overload semaphore / sec,,V2,nan,nan,nan,10
slow100-owned-f1-qps1000-n48,attest. exec p50 (s),,V1,nan,nan,nan,10
slow100-owned-f1-qps1000-n48,attest. exec p50 (s),,V2,0.035906988767085334,0.004885892454953277,0.0006323967130895531,10
slow100-owned-f1-qps1000-n48,attest. exec p95 (s),,V1,nan,nan,nan,10
slow100-owned-f1-qps1000-n48,attest. exec p95 (s),,V2,0.1063244990059686,0.014969847865455028,0.001384651200835147,10
slow100-owned-f1-qps1000-n48,attest. exec p99 (s),,V1,nan,nan,nan,10
slow100-owned-f1-qps1000-n48,attest. exec p99 (s),,V2,0.15631671022644367,0.02250194533521318,0.0018943977114815715,10
slow100-owned-f1-qps1000-n48,attest. wait p50 (s),,V1,nan,nan,nan,10
slow100-owned-f1-qps1000-n48,attest. wait p50 (s),,V2,0.055930061544391854,0.08155546689830291,0.0070976763390747915,10
slow100-owned-f1-qps1000-n48,attest. wait p95 (s),,V1,nan,nan,nan,10
slow100-owned-f1-qps1000-n48,attest. wait p95 (s),,V2,0.5781900880784484,0.23500631269169206,0.025515177509018928,10
slow100-owned-f1-qps1000-n48,attest. wait p99 (s),,V1,nan,nan,nan,10
slow100-owned-f1-qps1000-n48,attest. wait p99 (s),,V2,0.9616316354245091,0.37171881366788534,0.046020741329851525,10
slow100-owned-f1-qps1000-n48,attest. resume p50 (s),,V1,nan,nan,nan,10
slow100-owned-f1-qps1000-n48,attest. resume p50 (s),,V2,0.0013207025376443166,0.0003296681271743473,4.9761781988749274e-05,10
slow100-owned-f1-qps1000-n48,attest. resume p95 (s),,V1,nan,nan,nan,10
slow100-owned-f1-qps1000-n48,attest. resume p95 (s),,V2,0.01694802395524042,0.009286540984943045,0.0011741911123708296,10
slow100-owned-f1-qps1000-n48,attest. resume p99 (s),,V1,nan,nan,nan,10
slow100-owned-f1-qps1000-n48,attest. resume p99 (s),,V2,0.0876263424358429,0.07568913371790754,0.011085149499661074,10
slow100-owned-f1-qps1000-n48,num_inflight,,V1,167.2,23.99499947905813,7.998333159686044,10
slow100-owned-f1-qps1000-n48,num_inflight,,V2,172.8,19.73220717507294,6.577402391690979,10
slow100-owned-f1-qps1000-n48,CUs,,V1,nan,nan,nan,10
slow100-owned-f1-qps1000-n48,CUs,,V2,3999.830530454566,0.6179300212041203,0.0469710695670496,10
slow100-owned-v1-qps1000-n48,TPS,,V1,190.39051347995078,84.72169836190182,1.2186694802766964,10
slow100-owned-v1-qps1000-n48,TPS,,V2,103.34149202383095,59.986834420816585,4.529861741520912,10
slow100-owned-v1-qps1000-n48,attest. full p50 (s),,V1,nan,nan,nan,10
slow100-owned-v1-qps1000-n48,attest. full p50 (s),,V2,0.2795931863801395,0.3196177296506585,0.039878941014672875,10
slow100-owned-v1-qps1000-n48,attest. full p95 (s),,V1,nan,nan,nan,10
slow100-owned-v1-qps1000-n48,attest. full p95 (s),,V2,1.48271651566164,0.895915694973333,0.09666116838706425,10
slow100-owned-v1-qps1000-n48,attest. full p99 (s),,V1,nan,nan,nan,10
slow100-owned-v1-qps1000-n48,attest. full p99 (s),,V2,2.0017454749726467,1.0353455579496889,0.08714829282569328,10
slow100-owned-v1-qps1000-n48,attest. / sec,,V1,0.0,0.0,0.0,10
slow100-owned-v1-qps1000-n48,attest. / sec,,V2,195.04382315865294,171.87721905867164,20.58604745867393,10
slow100-owned-v1-qps1000-n48,host CPU,,V1,83.4895622613273,32.8473404849085,0.14940486427281083,10
slow100-owned-v1-qps1000-n48,host CPU,,V2,82.89265771221427,32.173704843934274,0.3155035707488995,10
slow100-owned-v1-qps1000-n48,rec. → exec. p50 (s),,V1,4.62243150308694,0.9856175311993568,0.13089161072664016,10
slow100-owned-v1-qps1000-n48,rec. → exec. p50 (s),,V2,11.936725037992144,9.655220964819822,1.2631409647829857,10
slow100-owned-v1-qps1000-n48,rec. → exec. p95 (s),,V1,23.290866527737798,12.152640283550973,0.8562254739214659,10
slow100-owned-v1-qps1000-n48,rec. → exec. p95 (s),,V2,24.52857588353976,15.872642158780954,1.938715632613189,10
slow100-owned-v1-qps1000-n48,rec. → exec. p99 (s),,V1,31.572372615313235,17.208671614579018,0.9334551025471106,10
slow100-owned-v1-qps1000-n48,rec. → exec. p99 (s),,V2,30.80848376889146,18.644299737362473,1.251816483019531,10
slow100-owned-v1-qps1000-n48,pc valid. lat. p50 (s),,V1,0.003414374496617525,0.0031524056051864292,0.00030641865202966516,10
slow100-owned-v1-qps1000-n48,pc valid. lat. p50 (s),,V2,0.0003048516684524979,4.0018135941154955e-05,6.8414053755235485e-06,10
slow100-owned-v1-qps1000-n48,pc valid. lat. p95 (s),,V1,0.07913430654112172,0.02046515393491879,0.0018899684965336713,10
slow100-owned-v1-qps1000-n48,pc valid. lat. p95 (s),,V2,0.009388536175912147,0.007946304692053364,0.0011786079325740958,10
slow100-owned-v1-qps1000-n48,exec. lat. p95 (s),,V1,0.41198735778671564,0.08482531830538914,0.009932877860476773,10
slow100-owned-v1-qps1000-n48,exec. lat. p95 (s),,V2,0.2511331737856149,0.11335625998293707,0.009791086749514195,10
slow100-owned-v1-qps1000-n48,valid. drop. / sec,,V1,0.0,0.0,0.0,10
slow100-owned-v1-qps1000-n48,valid. drop. / sec,,V2,0.0,0.0,0.0,10
slow100-owned-v1-qps1000-n48,final. lat. p50 (s),,V1,nan,nan,nan,10
slow100-owned-v1-qps1000-n48,final. lat. p50 (s),,V2,nan,nan,nan,10
slow100-owned-v1-qps1000-n48,final. lat. p95 (s),,V1,nan,nan,nan,10
slow100-owned-v1-qps1000-n48,final. lat. p95 (s),,V2,nan,nan,nan,10
slow100-owned-v1-qps1000-n48,final. lat. p99 (s),,V1,nan,nan,nan,10
slow100-owned-v1-qps1000-n48,final. lat. p99 (s),,V2,nan,nan,nan,10
slow100-owned-v1-qps1000-n48,submit lat. p50 (s),,V1,nan,nan,nan,10
slow100-owned-v1-qps1000-n48,submit lat. p50 (s),,V2,nan,nan,nan,10
slow100-owned-v1-qps1000-n48,submit lat. p95 (s),,V1,nan,nan,nan,10
slow100-owned-v1-qps1000-n48,submit lat. p95 (s),,V2,nan,nan,nan,10
slow100-owned-v1-qps1000-n48,ckpt lag p50 (s),,V1,2.866957347726747,0.6931424614478695,0.07831005907551496,10
slow100-owned-v1-qps1000-n48,ckpt lag p50 (s),,V2,0.5189122686722661,0.2511462502613419,0.038031288607942325,10
slow100-owned-v1-qps1000-n48,ckpt lag p95 (s),,V1,5.036175000604823,1.115156878826464,0.16794069072770215,10
slow100-owned-v1-qps1000-n48,ckpt lag p95 (s),,V2,1.980455689538861,0.8844004343755495,0.07402133360852937,10
slow100-owned-v1-qps1000-n48,ckpt lag p99 (s),,V1,6.888628332944673,2.4072218173361124,0.3701545557804743,10
slow100-owned-v1-qps1000-n48,ckpt lag p99 (s),,V2,4.136477422153843,1.7634508459428277,0.18624401575598387,10
slow100-owned-v1-qps1000-n48,exec. dispatch queue,,V1,731.8,57.04699816817709,19.01566605605903,10
slow100-owned-v1-qps1000-n48,exec. dispatch queue,,V2,609.6,118.0382988694771,39.34609962315903,10
slow100-owned-v1-qps1000-n48,pending txs,,V1,25.4,7.605261336732617,2.5350871122442054,10
slow100-owned-v1-qps1000-n48,pending txs,,V2,16.4,9.00222194794152,3.000740649313839,10
slow100-owned-v1-qps1000-n48,exec. queue. delay p95 (s),,V1,1.389393215158095,0.5926771658501064,0.05648001807109799,10
slow100-owned-v1-qps1000-n48,exec. queue. delay p95 (s),,V2,0.9524452057319521,0.5062028678504981,0.11381658150196425,10
slow100-owned-v1-qps1000-n48,post-cons shed drops / sec,,V1,0.09011345218800648,0.8479450725865082,0.0896774193548387,10
slow100-owned-v1-qps1000-n48,post-cons shed drops / sec,,V2,0.0,0.0,0.0,10
slow100-owned-v1-qps1000-n48,shed % quorum,,V1,0.6,1.8000000000000003,0.6,10
slow100-owned-v1-qps1000-n48,shed % quorum,,V2,0.0,0.0,0.0,10
slow100-owned-v1-qps1000-n48,shed % local,,V1,12.5,7.365459931328117,2.455153310442706,10
slow100-owned-v1-qps1000-n48,shed % local,,V2,3.8,5.2306787322488075,1.7435595774162693,10
slow100-owned-v1-qps1000-n48,shed % cons-queue,,V1,0.0,0.0,0.0,10
slow100-owned-v1-qps1000-n48,shed % cons-queue,,V2,0.0,0.0,0.0,10
slow100-owned-v1-qps1000-n48,pre-cons overload rej / sec,,V1,103.51755414051925,45.65735564158037,3.663223863175268,10
slow100-owned-v1-qps1000-n48,pre-cons overload rej / sec,,V2,119.83822904241978,88.57842126089625,5.96576174184028,10
slow100-owned-v1-qps1000-n48,node CPU,,V1,2.09392255120751,0.510256502369647,0.006751769104785034,10
slow100-owned-v1-qps1000-n48,node CPU,,V2,2.3757707780848754,0.6278566935692993,0.03443386667926015,10
slow100-owned-v1-qps1000-n48,node memory RSS (bytes),,V1,1468761136.4542587,55216787.43455091,2522680.426864017,10
slow100-owned-v1-qps1000-n48,node memory RSS (bytes),,V2,1607714679.4666667,103947973.4883512,4637458.465578505,10
slow100-owned-v1-qps1000-n48,overload graduated / sec,,V1,nan,nan,nan,10
slow100-owned-v1-qps1000-n48,overload graduated / sec,,V2,nan,nan,nan,10
slow100-owned-v1-qps1000-n48,overload max-pending / sec,,V1,nan,nan,nan,10
slow100-owned-v1-qps1000-n48,overload max-pending / sec,,V2,nan,nan,nan,10
slow100-owned-v1-qps1000-n48,overload semaphore / sec,,V1,103.64585255937001,46.10986628185622,3.688806202118705,10
slow100-owned-v1-qps1000-n48,overload semaphore / sec,,V2,119.87239731473835,88.54986592756809,5.960370595271556,10
slow100-owned-v1-qps1000-n48,attest. exec p50 (s),,V1,nan,nan,nan,10
slow100-owned-v1-qps1000-n48,attest. exec p50 (s),,V2,0.0072734136413886916,0.00574958372306683,0.0009189646523942128,10
slow100-owned-v1-qps1000-n48,attest. exec p95 (s),,V1,nan,nan,nan,10
slow100-owned-v1-qps1000-n48,attest. exec p95 (s),,V2,0.04184114003438251,0.00681885617692103,0.0006940922388755542,10
slow100-owned-v1-qps1000-n48,attest. exec p99 (s),,V1,nan,nan,nan,10
slow100-owned-v1-qps1000-n48,attest. exec p99 (s),,V2,0.05993096063936044,0.010734298996732882,0.001132303191491994,10
slow100-owned-v1-qps1000-n48,attest. wait p50 (s),,V1,nan,nan,nan,10
slow100-owned-v1-qps1000-n48,attest. wait p50 (s),,V2,0.10307205378072921,0.10486028448178983,0.012449697524368322,10
slow100-owned-v1-qps1000-n48,attest. wait p95 (s),,V1,nan,nan,nan,10
slow100-owned-v1-qps1000-n48,attest. wait p95 (s),,V2,0.8419273979582489,0.28890469699837174,0.021945452700869866,10
slow100-owned-v1-qps1000-n48,attest. wait p99 (s),,V1,nan,nan,nan,10
slow100-owned-v1-qps1000-n48,attest. wait p99 (s),,V2,1.313407810974791,0.4365833388115252,0.027320694933048655,10
slow100-owned-v1-qps1000-n48,attest. resume p50 (s),,V1,nan,nan,nan,10
slow100-owned-v1-qps1000-n48,attest. resume p50 (s),,V2,0.0839331253037471,0.23463475833908404,0.029020438729016773,10
slow100-owned-v1-qps1000-n48,attest. resume p95 (s),,V1,nan,nan,nan,10
slow100-owned-v1-qps1000-n48,attest. resume p95 (s),,V2,0.9018160413671231,0.8954442326778809,0.09875259340252449,10
slow100-owned-v1-qps1000-n48,attest. resume p99 (s),,V1,nan,nan,nan,10
slow100-owned-v1-qps1000-n48,attest. resume p99 (s),,V2,1.1900517639990351,1.0115888631452432,0.09794374605003925,10
slow100-owned-v1-qps1000-n48,num_inflight,,V1,1120.1,199.33913313747505,66.44637771249168,10
slow100-owned-v1-qps1000-n48,num_inflight,,V2,1438.2,199.8973736695908,66.63245788986359,10
slow100-owned-v1-qps1000-n48,CUs,,V1,nan,nan,nan,10
slow100-owned-v1-qps1000-n48,CUs,,V2,3999.4903950101316,1.1476112987156206,0.06567573358167743,10
slow100-owned-v48-qps1000-n48,TPS,,V1,186.29926487612875,88.77247949200002,1.832360826028303,10
slow100-owned-v48-qps1000-n48,TPS,,V2,187.94873469027897,86.85691724933041,2.8703271281112577,10
slow100-owned-v48-qps1000-n48,attest. full p50 (s),,V1,nan,nan,nan,10
slow100-owned-v48-qps1000-n48,attest. full p50 (s),,V2,0.0857755170169278,0.05964529881614444,0.003461657298105841,10
slow100-owned-v48-qps1000-n48,attest. full p95 (s),,V1,nan,nan,nan,10
slow100-owned-v48-qps1000-n48,attest. full p95 (s),,V2,0.6736735598294991,0.36458919515818555,0.030115223750134448,10
slow100-owned-v48-qps1000-n48,attest. full p99 (s),,V1,nan,nan,nan,10
slow100-owned-v48-qps1000-n48,attest. full p99 (s),,V2,1.1177537049429145,0.5466911957551592,0.049709917283001365,10
slow100-owned-v48-qps1000-n48,attest. / sec,,V1,0.0,0.0,0.0,10
slow100-owned-v48-qps1000-n48,attest. / sec,,V2,35.02226724293175,13.522567287293517,0.5963860364203244,10
slow100-owned-v48-qps1000-n48,host CPU,,V1,83.81766377386992,32.37274266964466,0.42313915686665177,10
slow100-owned-v48-qps1000-n48,host CPU,,V2,84.05303590981582,32.66917827484582,0.4349355132835224,10
slow100-owned-v48-qps1000-n48,rec. → exec. p50 (s),,V1,9.535693964285546,4.9292890323525125,0.5057619572861041,10
slow100-owned-v48-qps1000-n48,rec. → exec. p50 (s),,V2,10.110195194883687,4.128906646827758,0.6299737813775487,10
slow100-owned-v48-qps1000-n48,rec. → exec. p95 (s),,V1,13.163288334188989,6.6111954266450645,0.5940524565679817,10
slow100-owned-v48-qps1000-n48,rec. → exec. p95 (s),,V2,14.787647305859732,5.529110854404601,0.8054136926120249,10
slow100-owned-v48-qps1000-n48,rec. → exec. p99 (s),,V1,14.072979359199204,6.678001549896248,0.5632938266466757,10
slow100-owned-v48-qps1000-n48,rec. → exec. p99 (s),,V2,16.221163604986042,5.4090802408749035,0.69801239488229,10
slow100-owned-v48-qps1000-n48,pc valid. lat. p50 (s),,V1,0.00869057029990217,0.006207903482246433,0.0007582520018441205,10
slow100-owned-v48-qps1000-n48,pc valid. lat. p50 (s),,V2,0.008475390449496273,0.005635484968026207,0.0007931759305546602,10
slow100-owned-v48-qps1000-n48,pc valid. lat. p95 (s),,V1,0.07886693484536346,0.037820488266351815,0.004127644742528524,10
slow100-owned-v48-qps1000-n48,pc valid. lat. p95 (s),,V2,0.07832502886003113,0.03010241866057821,0.0045829257687741995,10
slow100-owned-v48-qps1000-n48,exec. lat. p95 (s),,V1,0.5455255190876057,0.24104078429400524,0.018940535204149723,10
slow100-owned-v48-qps1000-n48,exec. lat. p95 (s),,V2,0.6170409150419431,0.2304517045899647,0.029547500117203983,10
slow100-owned-v48-qps1000-n48,valid. drop. / sec,,V1,0.0,0.0,0.0,10
slow100-owned-v48-qps1000-n48,valid. drop. / sec,,V2,0.0,0.0,0.0,10
slow100-owned-v48-qps1000-n48,final. lat. p50 (s),,V1,nan,nan,nan,10
slow100-owned-v48-qps1000-n48,final. lat. p50 (s),,V2,nan,nan,nan,10
slow100-owned-v48-qps1000-n48,final. lat. p95 (s),,V1,nan,nan,nan,10
slow100-owned-v48-qps1000-n48,final. lat. p95 (s),,V2,nan,nan,nan,10
slow100-owned-v48-qps1000-n48,final. lat. p99 (s),,V1,nan,nan,nan,10
slow100-owned-v48-qps1000-n48,final. lat. p99 (s),,V2,nan,nan,nan,10
slow100-owned-v48-qps1000-n48,submit lat. p50 (s),,V1,nan,nan,nan,10
slow100-owned-v48-qps1000-n48,submit lat. p50 (s),,V2,nan,nan,nan,10
slow100-owned-v48-qps1000-n48,submit lat. p95 (s),,V1,nan,nan,nan,10
slow100-owned-v48-qps1000-n48,submit lat. p95 (s),,V2,nan,nan,nan,10
slow100-owned-v48-qps1000-n48,ckpt lag p50 (s),,V1,3.64899965449781,2.179870798547044,0.24180305457359225,10
slow100-owned-v48-qps1000-n48,ckpt lag p50 (s),,V2,4.437583687390376,2.3244326500972297,0.3353430263040345,10
slow100-owned-v48-qps1000-n48,ckpt lag p95 (s),,V1,14.284407018892775,7.799607572610929,0.8244761884699037,10
slow100-owned-v48-qps1000-n48,ckpt lag p95 (s),,V2,15.69625367583499,9.629689866025938,1.508460816404149,10
slow100-owned-v48-qps1000-n48,ckpt lag p99 (s),,V1,22.163493359579782,14.088490632149076,1.3569711251241479,10
slow100-owned-v48-qps1000-n48,ckpt lag p99 (s),,V2,23.2364628753233,15.890445056974261,2.2306508489478776,10
slow100-owned-v48-qps1000-n48,exec. dispatch queue,,V1,1479.2,167.57792217353693,55.85930739117897,10
slow100-owned-v48-qps1000-n48,exec. dispatch queue,,V2,1531.7,172.59898609203938,57.53299536401312,10
slow100-owned-v48-qps1000-n48,pending txs,,V1,128.1,72.3470109956175,24.1156703318725,10
slow100-owned-v48-qps1000-n48,pending txs,,V2,108.9,88.7923983232799,29.597466107759963,10
slow100-owned-v48-qps1000-n48,exec. queue. delay p95 (s),,V1,3.2022921958118933,1.636482304294547,0.14759247863325106,10
slow100-owned-v48-qps1000-n48,exec. queue. delay p95 (s),,V2,3.3149616187116755,1.6621966904711918,0.19277467259772968,10
slow100-owned-v48-qps1000-n48,post-cons shed drops / sec,,V1,26.975438630341387,24.572607624742044,1.7555633306302276,10
slow100-owned-v48-qps1000-n48,post-cons shed drops / sec,,V2,21.112414782228395,23.36462364902085,1.5568264787176036,10
slow100-owned-v48-qps1000-n48,shed % quorum,,V1,24.4,3.6110940170535577,1.203698005684519,10
slow100-owned-v48-qps1000-n48,shed % quorum,,V2,24.1,3.3600595232822883,1.120019841094096,10
slow100-owned-v48-qps1000-n48,shed % local,,V1,45.6,4.983974317750845,1.6613247725836149,10
slow100-owned-v48-qps1000-n48,shed % local,,V2,45.4,5.238320341483518,1.7461067804945059,10
slow100-owned-v48-qps1000-n48,shed % cons-queue,,V1,0.0,0.0,0.0,10
slow100-owned-v48-qps1000-n48,shed % cons-queue,,V2,0.0,0.0,0.0,10
slow100-owned-v48-qps1000-n48,pre-cons overload rej / sec,,V1,nan,nan,nan,10
slow100-owned-v48-qps1000-n48,pre-cons overload rej / sec,,V2,nan,nan,nan,10
slow100-owned-v48-qps1000-n48,node CPU,,V1,2.1953982014910824,0.5756197213154085,0.015199650191495108,10
slow100-owned-v48-qps1000-n48,node CPU,,V2,2.214073897058343,0.5845842832116976,0.01520091428225087,10
slow100-owned-v48-qps1000-n48,node memory RSS (bytes),,V1,1476760968.855346,73404078.4827306,2606896.5694182515,10
slow100-owned-v48-qps1000-n48,node memory RSS (bytes),,V2,1473890072.877743,64209722.429388724,2365596.407188774,10
slow100-owned-v48-qps1000-n48,overload graduated / sec,,V1,nan,nan,nan,10
slow100-owned-v48-qps1000-n48,overload graduated / sec,,V2,nan,nan,nan,10
slow100-owned-v48-qps1000-n48,overload max-pending / sec,,V1,nan,nan,nan,10
slow100-owned-v48-qps1000-n48,overload max-pending / sec,,V2,nan,nan,nan,10
slow100-owned-v48-qps1000-n48,overload semaphore / sec,,V1,nan,nan,nan,10
slow100-owned-v48-qps1000-n48,overload semaphore / sec,,V2,nan,nan,nan,10
slow100-owned-v48-qps1000-n48,attest. exec p50 (s),,V1,nan,nan,nan,10
slow100-owned-v48-qps1000-n48,attest. exec p50 (s),,V2,0.02931099662093543,0.0059270687470628445,0.0006673022972758153,10
slow100-owned-v48-qps1000-n48,attest. exec p95 (s),,V1,nan,nan,nan,10
slow100-owned-v48-qps1000-n48,attest. exec p95 (s),,V2,0.09184753355250552,0.009568171465276202,0.0014355871013768252,10
slow100-owned-v48-qps1000-n48,attest. exec p99 (s),,V1,nan,nan,nan,10
slow100-owned-v48-qps1000-n48,attest. exec p99 (s),,V2,0.14139125799275687,0.016755575943489545,0.0027002329930275724,10
slow100-owned-v48-qps1000-n48,attest. wait p50 (s),,V1,nan,nan,nan,10
slow100-owned-v48-qps1000-n48,attest. wait p50 (s),,V2,0.040718208644710506,0.05601408827198028,0.002797388003478614,10
slow100-owned-v48-qps1000-n48,attest. wait p95 (s),,V1,nan,nan,nan,10
slow100-owned-v48-qps1000-n48,attest. wait p95 (s),,V2,0.6188659768817473,0.3667278594718395,0.030628955304883906,10
slow100-owned-v48-qps1000-n48,attest. wait p99 (s),,V1,nan,nan,nan,10
slow100-owned-v48-qps1000-n48,attest. wait p99 (s),,V2,1.0574108452658328,0.5435162224657598,0.04880722221153642,10
slow100-owned-v48-qps1000-n48,attest. resume p50 (s),,V1,nan,nan,nan,10
slow100-owned-v48-qps1000-n48,attest. resume p50 (s),,V2,0.0012315071514618517,0.00036963962167587967,4.698885896408606e-05,10
slow100-owned-v48-qps1000-n48,attest. resume p95 (s),,V1,nan,nan,nan,10
slow100-owned-v48-qps1000-n48,attest. resume p95 (s),,V2,0.017509224285961883,0.012023983819904186,0.0018643376428997187,10
slow100-owned-v48-qps1000-n48,attest. resume p99 (s),,V1,nan,nan,nan,10
slow100-owned-v48-qps1000-n48,attest. resume p99 (s),,V2,0.06883288269201844,0.048610720041527056,0.007841012431592222,10
slow100-owned-v48-qps1000-n48,num_inflight,,V1,249.6,60.70453030870102,20.23484343623367,10
slow100-owned-v48-qps1000-n48,num_inflight,,V2,238.9,28.451537744030635,9.483845914676879,10
slow100-owned-v48-qps1000-n48,CUs,,V1,nan,nan,nan,10
slow100-owned-v48-qps1000-n48,CUs,,V2,3999.7065365053877,0.6378695423468911,0.020413522888364285,10
slow100-owned-f1-qps2000-n48,TPS,,V1,183.7949962051365,91.15790854338606,0.9278882180588105,10
slow100-owned-f1-qps2000-n48,TPS,,V2,180.959427384904,87.23778119558403,1.0041703677832496,10
slow100-owned-f1-qps2000-n48,attest. full p50 (s),,V1,nan,nan,nan,10
slow100-owned-f1-qps2000-n48,attest. full p50 (s),,V2,0.11790924012621952,0.08281854125992971,0.007903523340126187,10
slow100-owned-f1-qps2000-n48,attest. full p95 (s),,V1,nan,nan,nan,10
slow100-owned-f1-qps2000-n48,attest. full p95 (s),,V2,0.7152195995128918,0.38563484088214484,0.0340100365768767,10
slow100-owned-f1-qps2000-n48,attest. full p99 (s),,V1,nan,nan,nan,10
slow100-owned-f1-qps2000-n48,attest. full p99 (s),,V2,1.129544112603864,0.5765643567592544,0.02809804349880844,10
slow100-owned-f1-qps2000-n48,attest. / sec,,V1,0.0,0.0,0.0,10
slow100-owned-f1-qps2000-n48,attest. / sec,,V2,29.595369746431068,14.160408500233524,0.8107260381758989,10
slow100-owned-f1-qps2000-n48,host CPU,,V1,84.27025155376788,31.840647978763386,0.3540553667890301,10
slow100-owned-f1-qps2000-n48,host CPU,,V2,84.25917451932928,31.63406392070005,0.3379586335502832,10
slow100-owned-f1-qps2000-n48,rec. → exec. p50 (s),,V1,9.731723741498943,4.642803954659951,0.4426095701271927,10
slow100-owned-f1-qps2000-n48,rec. → exec. p50 (s),,V2,10.979228663760033,4.371633611812182,0.3764290879963147,10
slow100-owned-f1-qps2000-n48,rec. → exec. p95 (s),,V1,12.715900612391165,6.465036950109823,0.6076727175203419,10
slow100-owned-f1-qps2000-n48,rec. → exec. p95 (s),,V2,14.981345238309796,5.959481046482921,0.5537688104992543,10
slow100-owned-f1-qps2000-n48,rec. → exec. p99 (s),,V1,13.307419589006372,6.665625939180816,0.6366866903367379,10
slow100-owned-f1-qps2000-n48,rec. → exec. p99 (s),,V2,15.725789879633341,5.988288078069644,0.5490430812442585,10
slow100-owned-f1-qps2000-n48,pc valid. lat. p50 (s),,V1,0.006956777317006307,0.006657594216905387,0.000598015439624647,10
slow100-owned-f1-qps2000-n48,pc valid. lat. p50 (s),,V2,0.006321744567687443,0.0064012275165347245,0.0006791250484950204,10
slow100-owned-f1-qps2000-n48,pc valid. lat. p95 (s),,V1,0.08532226976969214,0.04361504800913001,0.004439484975070472,10
slow100-owned-f1-qps2000-n48,pc valid. lat. p95 (s),,V2,0.07955054043925623,0.04042651449943677,0.0033371929256418432,10
slow100-owned-f1-qps2000-n48,exec. lat. p95 (s),,V1,0.6315536763397037,0.21345042322982682,0.024932026755024282,10
slow100-owned-f1-qps2000-n48,exec. lat. p95 (s),,V2,0.6788880216099895,0.1977101770965043,0.017965507264271863,10
slow100-owned-f1-qps2000-n48,valid. drop. / sec,,V1,0.0,0.0,0.0,10
slow100-owned-f1-qps2000-n48,valid. drop. / sec,,V2,0.0,0.0,0.0,10
slow100-owned-f1-qps2000-n48,final. lat. p50 (s),,V1,6.63768145537932,3.0857486296616363,0.22509485195276518,10
slow100-owned-f1-qps2000-n48,final. lat. p50 (s),,V2,7.099878215332285,3.0739806712472872,0.15770688282851048,10
slow100-owned-f1-qps2000-n48,final. lat. p95 (s),,V1,9.628650903216121,4.147114193176121,0.3154451257351564,10
slow100-owned-f1-qps2000-n48,final. lat. p95 (s),,V2,10.484801283027933,4.209833779876118,0.2837687422010734,10
slow100-owned-f1-qps2000-n48,final. lat. p99 (s),,V1,11.017152853838086,4.687879840016271,0.40780551410746047,10
slow100-owned-f1-qps2000-n48,final. lat. p99 (s),,V2,12.11409760153814,4.7344448664668475,0.278531986602008,10
slow100-owned-f1-qps2000-n48,submit lat. p50 (s),,V1,0.6315399982515626,0.26052482678178024,0.0184855240084763,10
slow100-owned-f1-qps2000-n48,submit lat. p50 (s),,V2,0.8529214250323561,0.3589061998118087,0.03554081893574149,10
slow100-owned-f1-qps2000-n48,submit lat. p95 (s),,V1,1.8600092823752972,0.6538382629071516,0.051115661808779536,10
slow100-owned-f1-qps2000-n48,submit lat. p95 (s),,V2,2.2278422792007118,0.683143283843479,0.07280899038082059,10
slow100-owned-f1-qps2000-n48,ckpt lag p50 (s),,V1,4.063769975157274,2.7603784344141604,0.28206216588233735,10
slow100-owned-f1-qps2000-n48,ckpt lag p50 (s),,V2,4.135717205060832,2.725355980137332,0.17542435823800467,10
slow100-owned-f1-qps2000-n48,ckpt lag p95 (s),,V1,14.287205540203948,8.401735399853942,1.1202151900660582,10
slow100-owned-f1-qps2000-n48,ckpt lag p95 (s),,V2,15.267758469121086,8.229567516456958,0.8419131548206289,10
slow100-owned-f1-qps2000-n48,ckpt lag p99 (s),,V1,19.14570758704421,12.076713179818766,1.7350963953260676,10
slow100-owned-f1-qps2000-n48,ckpt lag p99 (s),,V2,21.634595850822976,13.747884770529248,1.5835997800754624,10
slow100-owned-f1-qps2000-n48,exec. dispatch queue,,V1,2200.8,327.12621417428477,109.04207139142824,10
slow100-owned-f1-qps2000-n48,exec. dispatch queue,,V2,2149.6,358.9747066298683,119.65823554328944,10
slow100-owned-f1-qps2000-n48,pending txs,,V1,77.8,21.7476435505091,7.249214516836366,10
slow100-owned-f1-qps2000-n48,pending txs,,V2,95.9,26.013265846486863,8.671088615495622,10
slow100-owned-f1-qps2000-n48,exec. queue. delay p95 (s),,V1,4.169809012343354,3.0555844677742026,0.37220013792170836,10
slow100-owned-f1-qps2000-n48,exec. queue. delay p95 (s),,V2,4.50191988169232,2.500842624590927,0.233136400579146,10
slow100-owned-f1-qps2000-n48,post-cons shed drops / sec,,V1,24.852014652014653,31.3041213436535,3.8333602206627932,10
slow100-owned-f1-qps2000-n48,post-cons shed drops / sec,,V2,22.621248252969952,29.766169628475776,2.901085005626317,10
slow100-owned-f1-qps2000-n48,shed % quorum,,V1,27.0,5.549774770204643,1.8499249234015476,10
slow100-owned-f1-qps2000-n48,shed % quorum,,V2,24.0,5.674504383644443,1.8915014612148142,10
slow100-owned-f1-qps2000-n48,shed % local,,V1,50.8,5.844655678480984,1.948218559493661,10
slow100-owned-f1-qps2000-n48,shed % local,,V2,56.3,7.772387020729217,2.5907956735764057,10
slow100-owned-f1-qps2000-n48,shed % cons-queue,,V1,0.0,0.0,0.0,10
slow100-owned-f1-qps2000-n48,shed % cons-queue,,V2,0.0,0.0,0.0,10
slow100-owned-f1-qps2000-n48,pre-cons overload rej / sec,,V1,nan,nan,nan,10
slow100-owned-f1-qps2000-n48,pre-cons overload rej / sec,,V2,nan,nan,nan,10
slow100-owned-f1-qps2000-n48,node CPU,,V1,2.220116022502442,0.6175634285176668,0.014911780552608188,10
slow100-owned-f1-qps2000-n48,node CPU,,V2,2.250515286351166,0.571674940114884,0.013978568478571509,10
slow100-owned-f1-qps2000-n48,node memory RSS (bytes),,V1,1489919646.0246913,66065886.63188508,1256593.4594909549,10
slow100-owned-f1-qps2000-n48,node memory RSS (bytes),,V2,1493623438.0899224,66781905.06667893,1485805.438264963,10
slow100-owned-f1-qps2000-n48,overload graduated / sec,,V1,nan,nan,nan,10
slow100-owned-f1-qps2000-n48,overload graduated / sec,,V2,nan,nan,nan,10
slow100-owned-f1-qps2000-n48,overload max-pending / sec,,V1,nan,nan,nan,10
slow100-owned-f1-qps2000-n48,overload max-pending / sec,,V2,nan,nan,nan,10
slow100-owned-f1-qps2000-n48,overload semaphore / sec,,V1,nan,nan,nan,10
slow100-owned-f1-qps2000-n48,overload semaphore / sec,,V2,nan,nan,nan,10
slow100-owned-f1-qps2000-n48,attest. exec p50 (s),,V1,nan,nan,nan,10
slow100-owned-f1-qps2000-n48,attest. exec p50 (s),,V2,0.030124009550276054,0.006704457836442836,0.0007458054465912659,10
slow100-owned-f1-qps2000-n48,attest. exec p95 (s),,V1,nan,nan,nan,10
slow100-owned-f1-qps2000-n48,attest. exec p95 (s),,V2,0.091494455620785,0.016067873630407126,0.001719158131445243,10
slow100-owned-f1-qps2000-n48,attest. exec p99 (s),,V1,nan,nan,nan,10
slow100-owned-f1-qps2000-n48,attest. exec p99 (s),,V2,0.14196052174051618,0.024330005022564754,0.0020366225698389387,10
slow100-owned-f1-qps2000-n48,attest. wait p50 (s),,V1,nan,nan,nan,10
slow100-owned-f1-qps2000-n48,attest. wait p50 (s),,V2,0.06503777005505228,0.07458975492060362,0.008045584786064429,10
slow100-owned-f1-qps2000-n48,attest. wait p95 (s),,V1,nan,nan,nan,10
slow100-owned-f1-qps2000-n48,attest. wait p95 (s),,V2,0.6489645852348439,0.3920494071007369,0.035178835357399,10
slow100-owned-f1-qps2000-n48,attest. wait p99 (s),,V1,nan,nan,nan,10
slow100-owned-f1-qps2000-n48,attest. wait p99 (s),,V2,1.06233977422482,0.5764880671670737,0.028394613737449365,10
slow100-owned-f1-qps2000-n48,attest. resume p50 (s),,V1,nan,nan,nan,10
slow100-owned-f1-qps2000-n48,attest. resume p50 (s),,V2,0.001798169545487961,0.0008515735559256003,5.357997091825512e-05,10
slow100-owned-f1-qps2000-n48,attest. resume p95 (s),,V1,nan,nan,nan,10
slow100-owned-f1-qps2000-n48,attest. resume p95 (s),,V2,0.05984074978576045,0.06622322888855157,0.006899745542511236,10
slow100-owned-f1-qps2000-n48,attest. resume p99 (s),,V1,nan,nan,nan,10
slow100-owned-f1-qps2000-n48,attest. resume p99 (s),,V2,0.18842179077551238,0.134091942880944,0.0114677018995229,10
slow100-owned-f1-qps2000-n48,num_inflight,,V1,281.3,26.359248851209703,8.786416283736568,10
slow100-owned-f1-qps2000-n48,num_inflight,,V2,294.7,41.94770553915912,13.982568513053039,10
slow100-owned-f1-qps2000-n48,CUs,,V1,nan,nan,nan,10
slow100-owned-f1-qps2000-n48,CUs,,V2,3998.2338196434303,5.0289728140941,0.2518466217833323,10
slow100-owned-v1-qps2000-n48,TPS,,V1,188.3739261327354,83.09788625352608,0.7910984339288424,10
slow100-owned-v1-qps2000-n48,TPS,,V2,107.66041629147313,70.76832915210684,4.805776023941791,10
slow100-owned-v1-qps2000-n48,attest. full p50 (s),,V1,nan,nan,nan,10
slow100-owned-v1-qps2000-n48,attest. full p50 (s),,V2,0.4247836091411116,0.5107674513056956,0.0453255427973272,10
slow100-owned-v1-qps2000-n48,attest. full p95 (s),,V1,nan,nan,nan,10
slow100-owned-v1-qps2000-n48,attest. full p95 (s),,V2,1.883173921147084,1.2557564648518331,0.08778889070430994,10
slow100-owned-v1-qps2000-n48,attest. full p99 (s),,V1,nan,nan,nan,10
slow100-owned-v1-qps2000-n48,attest. full p99 (s),,V2,2.3704995752079223,1.35720440849489,0.08483085127109495,10
slow100-owned-v1-qps2000-n48,attest. / sec,,V1,0.0,0.0,0.0,10
slow100-owned-v1-qps2000-n48,attest. / sec,,V2,187.3624369674839,172.2210247787438,23.230463226314196,10
slow100-owned-v1-qps2000-n48,host CPU,,V1,84.33311362619818,31.887630529731876,0.3879620864836817,10
slow100-owned-v1-qps2000-n48,host CPU,,V2,83.1286863234983,32.17957959745198,0.5015148732372278,10
slow100-owned-v1-qps2000-n48,rec. → exec. p50 (s),,V1,5.861854665980443,3.682642445480179,0.7317937692846507,10
slow100-owned-v1-qps2000-n48,rec. → exec. p50 (s),,V2,16.349962010333332,12.764248063479217,1.4803847106684196,10
slow100-owned-v1-qps2000-n48,rec. → exec. p95 (s),,V1,29.25449304453659,16.499566166813388,0.7962737285915558,10
slow100-owned-v1-qps2000-n48,rec. → exec. p95 (s),,V2,31.311005398790943,19.997898730518465,1.5286475781059228,10
slow100-owned-v1-qps2000-n48,rec. → exec. p99 (s),,V1,35.71860929194517,19.827501474983745,0.8181898137651197,10
slow100-owned-v1-qps2000-n48,rec. → exec. p99 (s),,V2,34.76066777682696,20.668095124095736,1.4248630969434677,10
slow100-owned-v1-qps2000-n48,pc valid. lat. p50 (s),,V1,0.003717733804014804,0.0038934770786381153,0.00046433397731202876,10
slow100-owned-v1-qps2000-n48,pc valid. lat. p50 (s),,V2,0.0002968250998420175,3.824133456475011e-05,5.440210747144556e-06,10
slow100-owned-v1-qps2000-n48,pc valid. lat. p95 (s),,V1,0.0821199852304137,0.030445497044855586,0.0017746023100400378,10
slow100-owned-v1-qps2000-n48,pc valid. lat. p95 (s),,V2,0.013122265103023351,0.014203378041960105,0.0019389937571544886,10
slow100-owned-v1-qps2000-n48,exec. lat. p95 (s),,V1,0.44022871363006943,0.10081555753248422,0.006098888726509873,10
slow100-owned-v1-qps2000-n48,exec. lat. p95 (s),,V2,0.25254806735540647,0.12943612783652292,0.011561660668012527,10
slow100-owned-v1-qps2000-n48,valid. drop. / sec,,V1,0.0,0.0,0.0,10
slow100-owned-v1-qps2000-n48,valid. drop. / sec,,V2,0.0,0.0,0.0,10
slow100-owned-v1-qps2000-n48,final. lat. p50 (s),,V1,nan,nan,nan,10
slow100-owned-v1-qps2000-n48,final. lat. p50 (s),,V2,nan,nan,nan,10
slow100-owned-v1-qps2000-n48,final. lat. p95 (s),,V1,nan,nan,nan,10
slow100-owned-v1-qps2000-n48,final. lat. p95 (s),,V2,nan,nan,nan,10
slow100-owned-v1-qps2000-n48,final. lat. p99 (s),,V1,nan,nan,nan,10
slow100-owned-v1-qps2000-n48,final. lat. p99 (s),,V2,nan,nan,nan,10
slow100-owned-v1-qps2000-n48,submit lat. p50 (s),,V1,nan,nan,nan,10
slow100-owned-v1-qps2000-n48,submit lat. p50 (s),,V2,nan,nan,nan,10
slow100-owned-v1-qps2000-n48,submit lat. p95 (s),,V1,nan,nan,nan,10
slow100-owned-v1-qps2000-n48,submit lat. p95 (s),,V2,nan,nan,nan,10
slow100-owned-v1-qps2000-n48,ckpt lag p50 (s),,V1,2.925982515159871,1.0450673737818061,0.05907387660227595,10
slow100-owned-v1-qps2000-n48,ckpt lag p50 (s),,V2,0.633765546503052,0.45992772635200013,0.04877916618114628,10
slow100-owned-v1-qps2000-n48,ckpt lag p95 (s),,V1,5.7799463334041885,1.8080095181333264,0.23935423627510358,10
slow100-owned-v1-qps2000-n48,ckpt lag p95 (s),,V2,2.1572029587739934,1.109878260789849,0.12514569063276396,10
slow100-owned-v1-qps2000-n48,ckpt lag p99 (s),,V1,7.971816680760197,3.410061275423195,0.4828778406731661,10
slow100-owned-v1-qps2000-n48,ckpt lag p99 (s),,V2,4.390500483975772,1.7344932953493395,0.11007901336469471,10
slow100-owned-v1-qps2000-n48,exec. dispatch queue,,V1,776.1,63.827031890884605,21.275677296961536,10
slow100-owned-v1-qps2000-n48,exec. dispatch queue,,V2,691.8,146.33714497693333,48.77904832564444,10
slow100-owned-v1-qps2000-n48,pending txs,,V1,56.0,72.70625832760203,24.23541944253401,10
slow100-owned-v1-qps2000-n48,pending txs,,V2,17.0,10.392304845413264,3.4641016151377544,10
slow100-owned-v1-qps2000-n48,exec. queue. delay p95 (s),,V1,1.635299939149262,0.6840363714572577,0.07926559795688988,10
slow100-owned-v1-qps2000-n48,exec. queue. delay p95 (s),,V2,1.1369795720149765,0.791056576190107,0.18103127055854523,10
slow100-owned-v1-qps2000-n48,post-cons shed drops / sec,,V1,0.2132183908045977,1.181920650448598,0.17842500405560172,10
slow100-owned-v1-qps2000-n48,post-cons shed drops / sec,,V2,0.0,0.0,0.0,10
slow100-owned-v1-qps2000-n48,shed % quorum,,V1,0.6,1.4966629547095764,0.49888765156985887,10
slow100-owned-v1-qps2000-n48,shed % quorum,,V2,0.0,0.0,0.0,10
slow100-owned-v1-qps2000-n48,shed % local,,V1,28.3,7.629547824084991,2.54318260802833,10
slow100-owned-v1-qps2000-n48,shed % local,,V2,6.1,9.9443451267542,3.3147817089180664,10
slow100-owned-v1-qps2000-n48,shed % cons-queue,,V1,0.0,0.0,0.0,10
slow100-owned-v1-qps2000-n48,shed % cons-queue,,V2,0.0,0.0,0.0,10
slow100-owned-v1-qps2000-n48,pre-cons overload rej / sec,,V1,265.07343080451443,110.21579579421913,6.314249769614463,10
slow100-owned-v1-qps2000-n48,pre-cons overload rej / sec,,V2,232.39678972712682,161.10184502911574,10.06912978778823,10
slow100-owned-v1-qps2000-n48,node CPU,,V1,2.089165754947212,0.5237747057590899,0.006567974297007962,10
slow100-owned-v1-qps2000-n48,node CPU,,V2,2.4227752928547046,0.6983245461323986,0.04230702643250474,10
slow100-owned-v1-qps2000-n48,node memory RSS (bytes),,V1,1480208616.085758,57822267.385903485,3302716.023648738,10
slow100-owned-v1-qps2000-n48,node memory RSS (bytes),,V2,1625919896.9708142,113727752.90718466,4003874.1601684787,10
slow100-owned-v1-qps2000-n48,overload graduated / sec,,V1,nan,nan,nan,10
slow100-owned-v1-qps2000-n48,overload graduated / sec,,V2,nan,nan,nan,10
slow100-owned-v1-qps2000-n48,overload max-pending / sec,,V1,nan,nan,nan,10
slow100-owned-v1-qps2000-n48,overload max-pending / sec,,V2,nan,nan,nan,10
slow100-owned-v1-qps2000-n48,overload semaphore / sec,,V1,265.8318878628765,109.50208160895761,6.571553770239923,10
slow100-owned-v1-qps2000-n48,overload semaphore / sec,,V2,232.6317883895131,161.0722411788308,10.133874228524952,10
slow100-owned-v1-qps2000-n48,attest. exec p50 (s),,V1,nan,nan,nan,10
slow100-owned-v1-qps2000-n48,attest. exec p50 (s),,V2,0.007880093777045022,0.007112936478940878,0.001001990034102432,10
slow100-owned-v1-qps2000-n48,attest. exec p95 (s),,V1,nan,nan,nan,10
slow100-owned-v1-qps2000-n48,attest. exec p95 (s),,V2,0.040154750893181386,0.014194284376869424,0.001869262121740174,10
slow100-owned-v1-qps2000-n48,attest. exec p99 (s),,V1,nan,nan,nan,10
slow100-owned-v1-qps2000-n48,attest. exec p99 (s),,V2,0.06083931513110056,0.01961020029210398,0.0028927921330429815,10
slow100-owned-v1-qps2000-n48,attest. wait p50 (s),,V1,nan,nan,nan,10
slow100-owned-v1-qps2000-n48,attest. wait p50 (s),,V2,0.08658861589142573,0.10875788573637006,0.01034260921397735,10
slow100-owned-v1-qps2000-n48,attest. wait p95 (s),,V1,nan,nan,nan,10
slow100-owned-v1-qps2000-n48,attest. wait p95 (s),,V2,0.8038857485484032,0.2753939117550145,0.03778517559936337,10
slow100-owned-v1-qps2000-n48,attest. wait p99 (s),,V1,nan,nan,nan,10
slow100-owned-v1-qps2000-n48,attest. wait p99 (s),,V2,1.260937473404483,0.39855187397135033,0.049992128810246714,10
slow100-owned-v1-qps2000-n48,attest. resume p50 (s),,V1,nan,nan,nan,10
slow100-owned-v1-qps2000-n48,attest. resume p50 (s),,V2,0.24043404142655161,0.46243162630110235,0.03500118943650997,10
slow100-owned-v1-qps2000-n48,attest. resume p95 (s),,V1,nan,nan,nan,10
slow100-owned-v1-qps2000-n48,attest. resume p95 (s),,V2,1.3818102700019317,1.2853617814621503,0.09236177156662344,10
slow100-owned-v1-qps2000-n48,attest. resume p99 (s),,V1,nan,nan,nan,10
slow100-owned-v1-qps2000-n48,attest. resume p99 (s),,V2,1.698960676428824,1.4054651897131671,0.08506473596802805,10
slow100-owned-v1-qps2000-n48,num_inflight,,V1,1526.1,319.8807434029126,106.62691446763753,10
slow100-owned-v1-qps2000-n48,num_inflight,,V2,2216.7,428.6999066946481,142.89996889821603,10
slow100-owned-v1-qps2000-n48,CUs,,V1,nan,nan,nan,10
slow100-owned-v1-qps2000-n48,CUs,,V2,3996.4442251085466,18.401986257187172,1.127935870023528,10
slow100-owned-v48-qps2000-n48,TPS,,V1,173.806758063815,110.00384235467544,8.92152665132106,10
slow100-owned-v48-qps2000-n48,TPS,,V2,180.33614471117164,111.7420833467089,3.228286169932979,10
slow100-owned-v48-qps2000-n48,attest. full p50 (s),,V1,nan,nan,nan,10
slow100-owned-v48-qps2000-n48,attest. full p50 (s),,V2,0.12814009519081454,0.1589109957902279,0.009227724814708656,10
slow100-owned-v48-qps2000-n48,attest. full p95 (s),,V1,nan,nan,nan,10
slow100-owned-v48-qps2000-n48,attest. full p95 (s),,V2,0.7479184587322633,0.6356457903440073,0.03234357057327766,10
slow100-owned-v48-qps2000-n48,attest. full p99 (s),,V1,nan,nan,nan,10
slow100-owned-v48-qps2000-n48,attest. full p99 (s),,V2,1.2748170909270233,0.8838966827433536,0.047444686401955746,10
slow100-owned-v48-qps2000-n48,attest. / sec,,V1,0.0,0.0,0.0,10
slow100-owned-v48-qps2000-n48,attest. / sec,,V2,37.965168308702786,15.841481272973422,0.6292558177718636,10
slow100-owned-v48-qps2000-n48,host CPU,,V1,85.13218302034146,31.398789117137987,0.34098358894627173,10
slow100-owned-v48-qps2000-n48,host CPU,,V2,84.47473610552395,31.498753147816146,0.3011464905047123,10
slow100-owned-v48-qps2000-n48,rec. → exec. p50 (s),,V1,11.819235163752733,5.213722670096142,0.3946998300840305,10
slow100-owned-v48-qps2000-n48,rec. → exec. p50 (s),,V2,11.582002620466868,5.039377716831989,0.6170082800015588,10
slow100-owned-v48-qps2000-n48,rec. → exec. p95 (s),,V1,16.08980805447202,6.604995434235053,0.5540624639869222,10
slow100-owned-v48-qps2000-n48,rec. → exec. p95 (s),,V2,16.92979391263763,7.038310168569358,1.0117011964109155,10
slow100-owned-v48-qps2000-n48,rec. → exec. p99 (s),,V1,17.198547120123703,6.928018411720092,0.6518869707254487,10
slow100-owned-v48-qps2000-n48,rec. → exec. p99 (s),,V2,18.822358144262058,7.760049268178312,1.1073995456796057,10
slow100-owned-v48-qps2000-n48,pc valid. lat. p50 (s),,V1,0.006780040533690096,0.00675483223617348,0.0007815897845729889,10
slow100-owned-v48-qps2000-n48,pc valid. lat. p50 (s),,V2,0.005304058115482272,0.0054729220480603065,0.0006165121201248926,10
slow100-owned-v48-qps2000-n48,pc valid. lat. p95 (s),,V1,0.07978663834487801,0.05011834408536419,0.006136355406504023,10
slow100-owned-v48-qps2000-n48,pc valid. lat. p95 (s),,V2,0.06404264427462947,0.03680600292927916,0.004767112636354225,10
slow100-owned-v48-qps2000-n48,exec. lat. p95 (s),,V1,0.614019298069879,0.24375263840415035,0.026781915445867388,10
slow100-owned-v48-qps2000-n48,exec. lat. p95 (s),,V2,0.5814235765097489,0.25886033391287105,0.018843930424447482,10
slow100-owned-v48-qps2000-n48,valid. drop. / sec,,V1,0.0,0.0,0.0,10
slow100-owned-v48-qps2000-n48,valid. drop. / sec,,V2,0.0,0.0,0.0,10
slow100-owned-v48-qps2000-n48,final. lat. p50 (s),,V1,nan,nan,nan,10
slow100-owned-v48-qps2000-n48,final. lat. p50 (s),,V2,nan,nan,nan,10
slow100-owned-v48-qps2000-n48,final. lat. p95 (s),,V1,nan,nan,nan,10
slow100-owned-v48-qps2000-n48,final. lat. p95 (s),,V2,nan,nan,nan,10
slow100-owned-v48-qps2000-n48,final. lat. p99 (s),,V1,nan,nan,nan,10
slow100-owned-v48-qps2000-n48,final. lat. p99 (s),,V2,nan,nan,nan,10
slow100-owned-v48-qps2000-n48,submit lat. p50 (s),,V1,nan,nan,nan,10
slow100-owned-v48-qps2000-n48,submit lat. p50 (s),,V2,nan,nan,nan,10
slow100-owned-v48-qps2000-n48,submit lat. p95 (s),,V1,nan,nan,nan,10
slow100-owned-v48-qps2000-n48,submit lat. p95 (s),,V2,nan,nan,nan,10
slow100-owned-v48-qps2000-n48,ckpt lag p50 (s),,V1,8.423145604165935,8.23018968495278,1.199245080283324,10
slow100-owned-v48-qps2000-n48,ckpt lag p50 (s),,V2,6.219232933743793,5.613014170601569,0.500929525798795,10
slow100-owned-v48-qps2000-n48,ckpt lag p95 (s),,V1,21.638533139346375,14.93157481536878,1.7824883102294438,10
slow100-owned-v48-qps2000-n48,ckpt lag p95 (s),,V2,19.509329105831,12.45787768196163,1.2516377752601306,10
slow100-owned-v48-qps2000-n48,ckpt lag p99 (s),,V1,28.57583717071531,19.728484993499233,1.9177582684119328,10
slow100-owned-v48-qps2000-n48,ckpt lag p99 (s),,V2,28.08916239861208,18.932423063759114,1.647034991923228,10
slow100-owned-v48-qps2000-n48,exec. dispatch queue,,V1,2683.3,287.2034296452603,95.7344765484201,10
slow100-owned-v48-qps2000-n48,exec. dispatch queue,,V2,2608.6,178.055159992627,59.35171999754234,10
slow100-owned-v48-qps2000-n48,pending txs,,V1,98.3,54.345284984071974,18.115094994690658,10
slow100-owned-v48-qps2000-n48,pending txs,,V2,86.6,12.435433245367852,4.145144415122616,10
slow100-owned-v48-qps2000-n48,exec. queue. delay p95 (s),,V1,6.6338010354919765,4.611905555182453,0.5641272729228933,10
slow100-owned-v48-qps2000-n48,exec. queue. delay p95 (s),,V2,6.309190183313636,3.8434211741158353,0.3627895910163594,10
slow100-owned-v48-qps2000-n48,post-cons shed drops / sec,,V1,44.06875326030256,47.326501555330694,4.975417403037129,10
slow100-owned-v48-qps2000-n48,post-cons shed drops / sec,,V2,48.98409090909091,44.93791304811079,2.8338006132916878,10
slow100-owned-v48-qps2000-n48,shed % quorum,,V1,39.8,10.46709128650362,3.48903042883454,10
slow100-owned-v48-qps2000-n48,shed % quorum,,V2,43.5,5.987486951969082,1.9958289839896937,10
slow100-owned-v48-qps2000-n48,shed % local,,V1,64.3,6.618912297349165,2.2063040991163883,10
slow100-owned-v48-qps2000-n48,shed % local,,V2,65.6,5.276362383309167,1.7587874611030558,10
slow100-owned-v48-qps2000-n48,shed % cons-queue,,V1,0.0,0.0,0.0,10
slow100-owned-v48-qps2000-n48,shed % cons-queue,,V2,0.0,0.0,0.0,10
slow100-owned-v48-qps2000-n48,pre-cons overload rej / sec,,V1,nan,nan,nan,10
slow100-owned-v48-qps2000-n48,pre-cons overload rej / sec,,V2,nan,nan,nan,10
slow100-owned-v48-qps2000-n48,node CPU,,V1,2.3519141835679043,0.6288572843984924,0.025879390230439912,10
slow100-owned-v48-qps2000-n48,node CPU,,V2,2.3480497348432205,0.5963449546778415,0.01747393365963205,10
slow100-owned-v48-qps2000-n48,node memory RSS (bytes),,V1,1483544929.319084,72388994.11680943,1966687.7377337106,10
slow100-owned-v48-qps2000-n48,node memory RSS (bytes),,V2,1506568242.1039755,77823330.2799234,1832720.6245433243,10
slow100-owned-v48-qps2000-n48,overload graduated / sec,,V1,nan,nan,nan,10
slow100-owned-v48-qps2000-n48,overload graduated / sec,,V2,nan,nan,nan,10
slow100-owned-v48-qps2000-n48,overload max-pending / sec,,V1,nan,nan,nan,10
slow100-owned-v48-qps2000-n48,overload max-pending / sec,,V2,nan,nan,nan,10
slow100-owned-v48-qps2000-n48,overload semaphore / sec,,V1,nan,nan,nan,10
slow100-owned-v48-qps2000-n48,overload semaphore / sec,,V2,nan,nan,nan,10
slow100-owned-v48-qps2000-n48,attest. exec p50 (s),,V1,nan,nan,nan,10
slow100-owned-v48-qps2000-n48,attest. exec p50 (s),,V2,0.02644160009935138,0.006894807465806776,0.0008411623053079481,10
slow100-owned-v48-qps2000-n48,attest. exec p95 (s),,V1,nan,nan,nan,10
slow100-owned-v48-qps2000-n48,attest. exec p95 (s),,V2,0.07927688071198494,0.015414905448796807,0.0023047381529632256,10
slow100-owned-v48-qps2000-n48,attest. exec p99 (s),,V1,nan,nan,nan,10
slow100-owned-v48-qps2000-n48,attest. exec p99 (s),,V2,0.12733774435063042,0.026365892202234256,0.0038939378168279318,10
slow100-owned-v48-qps2000-n48,attest. wait p50 (s),,V1,nan,nan,nan,10
slow100-owned-v48-qps2000-n48,attest. wait p50 (s),,V2,0.08699665411113847,0.1555459330314215,0.008381280447662015,10
slow100-owned-v48-qps2000-n48,attest. wait p95 (s),,V1,nan,nan,nan,10
slow100-owned-v48-qps2000-n48,attest. wait p95 (s),,V2,0.6886601805359854,0.6428795220042933,0.0316224001170733,10
slow100-owned-v48-qps2000-n48,attest. wait p99 (s),,V1,nan,nan,nan,10
slow100-owned-v48-qps2000-n48,attest. wait p99 (s),,V2,1.2216693812992072,0.8893460395783196,0.04691758362930194,10
slow100-owned-v48-qps2000-n48,attest. resume p50 (s),,V1,nan,nan,nan,10
slow100-owned-v48-qps2000-n48,attest. resume p50 (s),,V2,0.0015842702141541675,0.0008699954632036751,6.980303362549016e-05,10
slow100-owned-v48-qps2000-n48,attest. resume p95 (s),,V1,nan,nan,nan,10
slow100-owned-v48-qps2000-n48,attest. resume p95 (s),,V2,0.03404348304090805,0.033172664397046296,0.0032509501841810665,10
slow100-owned-v48-qps2000-n48,attest. resume p99 (s),,V1,nan,nan,nan,10
slow100-owned-v48-qps2000-n48,attest. resume p99 (s),,V2,0.10672651474974404,0.0871447415744515,0.01124158450990288,10
slow100-owned-v48-qps2000-n48,num_inflight,,V1,283.0,51.36535797597443,17.121785991991477,10
slow100-owned-v48-qps2000-n48,num_inflight,,V2,288.1,41.06689664437769,13.688965548125896,10
slow100-owned-v48-qps2000-n48,CUs,,V1,nan,nan,nan,10
slow100-owned-v48-qps2000-n48,CUs,,V2,3998.4071368213067,4.4799260055857895,0.19257993215969854,10
slow200-owned-f1-qps200-n48,TPS,,V1,57.73473161949265,27.85745614673107,0.28644680819638796,10
slow200-owned-f1-qps200-n48,TPS,,V2,56.2243767958436,27.21181067633054,0.1489777283838616,10
slow200-owned-f1-qps200-n48,attest. full p50 (s),,V1,nan,nan,nan,10
slow200-owned-f1-qps200-n48,attest. full p50 (s),,V2,0.39419889772139777,0.07803295749924792,0.010834554006493594,10
slow200-owned-f1-qps200-n48,attest. full p95 (s),,V1,nan,nan,nan,10
slow200-owned-f1-qps200-n48,attest. full p95 (s),,V2,0.8942761490084864,0.14862842857071623,0.016906704385832774,10
slow200-owned-f1-qps200-n48,attest. full p99 (s),,V1,nan,nan,nan,10
slow200-owned-f1-qps200-n48,attest. full p99 (s),,V2,1.1283316296204302,0.22366318447674907,0.025387377264913875,10
slow200-owned-f1-qps200-n48,attest. / sec,,V1,0.0,0.0,0.0,10
slow200-owned-f1-qps200-n48,attest. / sec,,V2,6.240435543430335,2.6754878697314153,0.0741007320284162,10
slow200-owned-f1-qps200-n48,host CPU,,V1,83.79768396824865,32.15819672081942,0.3403414167795733,10
slow200-owned-f1-qps200-n48,host CPU,,V2,83.18068778998979,33.655229864148026,0.5440193220048873,10
slow200-owned-f1-qps200-n48,rec. → exec. p50 (s),,V1,4.627030998143199,0.569609204311828,0.08836167750333468,10
slow200-owned-f1-qps200-n48,rec. → exec. p50 (s),,V2,4.902017636353769,0.5667181015477487,0.07019738604127419,10
slow200-owned-f1-qps200-n48,rec. → exec. p95 (s),,V1,5.5902776019859095,0.6137503432396185,0.10953057156222266,10
slow200-owned-f1-qps200-n48,rec. → exec. p95 (s),,V2,6.074671367820068,0.5603260928791228,0.0764394328984485,10
slow200-owned-f1-qps200-n48,rec. → exec. p99 (s),,V1,5.879808953690736,0.658531945246002,0.1212990969520958,10
slow200-owned-f1-qps200-n48,rec. → exec. p99 (s),,V2,6.454726788957122,0.5883078040451305,0.08125376600108684,10
slow200-owned-f1-qps200-n48,pc valid. lat. p50 (s),,V1,0.0014438177691616485,0.0018540508909922022,0.00012368206880018136,10
slow200-owned-f1-qps200-n48,pc valid. lat. p50 (s),,V2,0.0009948746525636981,0.0006566773259267889,5.652322116004184e-05,10
slow200-owned-f1-qps200-n48,pc valid. lat. p95 (s),,V1,0.048320850209421076,0.013531390663570777,0.0014538358183163213,10
slow200-owned-f1-qps200-n48,pc valid. lat. p95 (s),,V2,0.03919860636649978,0.013524203672830606,0.0008751188483715346,10
slow200-owned-f1-qps200-n48,exec. lat. p95 (s),,V1,0.9390524079056404,0.09937381225796275,0.010667467137668297,10
slow200-owned-f1-qps200-n48,exec. lat. p95 (s),,V2,0.9303755116136072,0.08907418381718886,0.004399588767515408,10
slow200-owned-f1-qps200-n48,valid. drop. / sec,,V1,0.0,0.0,0.0,10
slow200-owned-f1-qps200-n48,valid. drop. / sec,,V2,0.0,0.0,0.0,10
slow200-owned-f1-qps200-n48,final. lat. p50 (s),,V1,3.9777361097539443,0.3506918936003532,0.04493095348339458,10
slow200-owned-f1-qps200-n48,final. lat. p50 (s),,V2,4.274431314501483,0.333508333631295,0.03523423608902187,10
slow200-owned-f1-qps200-n48,final. lat. p95 (s),,V1,5.351998037492432,0.5397331447284941,0.09935920477153512,10
slow200-owned-f1-qps200-n48,final. lat. p95 (s),,V2,5.657217749696389,0.428630050059986,0.0570911623266475,10
slow200-owned-f1-qps200-n48,final. lat. p99 (s),,V1,5.806724837297045,0.5523454679272312,0.08808974117452742,10
slow200-owned-f1-qps200-n48,final. lat. p99 (s),,V2,6.154171817399562,0.4951327163701262,0.07242537289774731,10
slow200-owned-f1-qps200-n48,submit lat. p50 (s),,V1,0.2464885716353116,0.06838860184164641,0.010347143332343281,10
slow200-owned-f1-qps200-n48,submit lat. p50 (s),,V2,0.6551946807417021,0.10869291051756709,0.015444188505734438,10
slow200-owned-f1-qps200-n48,submit lat. p95 (s),,V1,0.8615307454657255,0.17700413855325148,0.029593830412528024,10
slow200-owned-f1-qps200-n48,submit lat. p95 (s),,V2,1.381233226277852,0.19336743328895775,0.029814874863591648,10
slow200-owned-f1-qps200-n48,ckpt lag p50 (s),,V1,3.3120926281546446,0.38343542564106453,0.05237384884501304,10
slow200-owned-f1-qps200-n48,ckpt lag p50 (s),,V2,3.349838575710375,0.3127170795680384,0.03582967888543772,10
slow200-owned-f1-qps200-n48,ckpt lag p95 (s),,V1,4.879104980936125,0.5782229606052328,0.06872753267334486,10
slow200-owned-f1-qps200-n48,ckpt lag p95 (s),,V2,4.972290778308349,0.5335204289930229,0.04486502337203077,10
slow200-owned-f1-qps200-n48,ckpt lag p99 (s),,V1,5.6348527565258815,0.8413885785995272,0.12448762036037166,10
slow200-owned-f1-qps200-n48,ckpt lag p99 (s),,V2,5.805463334492303,0.790677589732976,0.0962233416794978,10
slow200-owned-f1-qps200-n48,exec. dispatch queue,,V1,160.9,35.5146448665899,11.838214955529965,10
slow200-owned-f1-qps200-n48,exec. dispatch queue,,V2,150.2,29.43399395257123,9.811331317523743,10
slow200-owned-f1-qps200-n48,pending txs,,V1,7.3,2.0024984394500787,0.6674994798166929,10
slow200-owned-f1-qps200-n48,pending txs,,V2,7.8,1.6,0.5333333333333333,10
slow200-owned-f1-qps200-n48,exec. queue. delay p95 (s),,V1,0.38687863734322936,0.24280117664064882,0.045362786890868236,10
slow200-owned-f1-qps200-n48,exec. queue. delay p95 (s),,V2,0.38388773879058063,0.19212920761819394,0.02753197879386463,10
slow200-owned-f1-qps200-n48,post-cons shed drops / sec,,V1,0.0,0.0,0.0,10
slow200-owned-f1-qps200-n48,post-cons shed drops / sec,,V2,0.0,0.0,0.0,10
slow200-owned-f1-qps200-n48,shed % quorum,,V1,0.0,0.0,0.0,10
slow200-owned-f1-qps200-n48,shed % quorum,,V2,0.0,0.0,0.0,10
slow200-owned-f1-qps200-n48,shed % local,,V1,0.0,0.0,0.0,10
slow200-owned-f1-qps200-n48,shed % local,,V2,0.0,0.0,0.0,10
slow200-owned-f1-qps200-n48,shed % cons-queue,,V1,0.0,0.0,0.0,10
slow200-owned-f1-qps200-n48,shed % cons-queue,,V2,0.0,0.0,0.0,10
slow200-owned-f1-qps200-n48,pre-cons overload rej / sec,,V1,nan,nan,nan,10
slow200-owned-f1-qps200-n48,pre-cons overload rej / sec,,V2,nan,nan,nan,10
slow200-owned-f1-qps200-n48,node CPU,,V1,2.0932682287016893,0.4915605932225298,0.008343851202888046,10
slow200-owned-f1-qps200-n48,node CPU,,V2,2.1038142297269897,0.5409895232078432,0.009262166856969992,10
slow200-owned-f1-qps200-n48,node memory RSS (bytes),,V1,1390809088.0,20820769.619113993,1557062.8830248641,10
slow200-owned-f1-qps200-n48,node memory RSS (bytes),,V2,1390516513.6161616,22612037.95479025,2758868.713499682,10
slow200-owned-f1-qps200-n48,overload graduated / sec,,V1,nan,nan,nan,10
slow200-owned-f1-qps200-n48,overload graduated / sec,,V2,nan,nan,nan,10
slow200-owned-f1-qps200-n48,overload max-pending / sec,,V1,nan,nan,nan,10
slow200-owned-f1-qps200-n48,overload max-pending / sec,,V2,nan,nan,nan,10
slow200-owned-f1-qps200-n48,overload semaphore / sec,,V1,nan,nan,nan,10
slow200-owned-f1-qps200-n48,overload semaphore / sec,,V2,nan,nan,nan,10
slow200-owned-f1-qps200-n48,attest. exec p50 (s),,V1,nan,nan,nan,10
slow200-owned-f1-qps200-n48,attest. exec p50 (s),,V2,0.32392379165129415,0.061552642524227236,0.007509844451816454,10
slow200-owned-f1-qps200-n48,attest. exec p95 (s),,V1,nan,nan,nan,10
slow200-owned-f1-qps200-n48,attest. exec p95 (s),,V2,0.7323870207662732,0.08834129963901999,0.011131123264918082,10
slow200-owned-f1-qps200-n48,attest. exec p99 (s),,V1,nan,nan,nan,10
slow200-owned-f1-qps200-n48,attest. exec p99 (s),,V2,0.8939202798790598,0.10000804834349909,0.013051013610060771,10
slow200-owned-f1-qps200-n48,attest. wait p50 (s),,V1,nan,nan,nan,10
slow200-owned-f1-qps200-n48,attest. wait p50 (s),,V2,0.03182508257374687,0.010792632538308535,0.0016510058810921887,10
slow200-owned-f1-qps200-n48,attest. wait p95 (s),,V1,nan,nan,nan,10
slow200-owned-f1-qps200-n48,attest. wait p95 (s),,V2,0.2713934291331467,0.10281076727587185,0.012129652847313446,10
slow200-owned-f1-qps200-n48,attest. wait p99 (s),,V1,nan,nan,nan,10
slow200-owned-f1-qps200-n48,attest. wait p99 (s),,V2,0.47085561634589207,0.2148828072444152,0.02230629685334226,10
slow200-owned-f1-qps200-n48,attest. resume p50 (s),,V1,nan,nan,nan,10
slow200-owned-f1-qps200-n48,attest. resume p50 (s),,V2,0.0021728368105846016,0.0005071063669710589,6.405311716634275e-05,10
slow200-owned-f1-qps200-n48,attest. resume p95 (s),,V1,nan,nan,nan,10
slow200-owned-f1-qps200-n48,attest. resume p95 (s),,V2,0.02072944453374323,0.005534556420617878,0.0004988317529440728,10
slow200-owned-f1-qps200-n48,attest. resume p99 (s),,V1,nan,nan,nan,10
slow200-owned-f1-qps200-n48,attest. resume p99 (s),,V2,0.04396784767869907,0.012476947482553909,0.001172628660643996,10
slow200-owned-f1-qps200-n48,num_inflight,,V1,37.5,3.7483329627982624,1.249444320932754,10
slow200-owned-f1-qps200-n48,num_inflight,,V2,37.9,2.3853720883753127,0.7951240294584373,10
slow200-owned-f1-qps200-n48,CUs,,V1,nan,nan,nan,10
slow200-owned-f1-qps200-n48,CUs,,V2,128000.0,2.3598821418246308e-11,0.0,10
slow200-owned-v1-qps200-n48,TPS,,V1,59.97729589273569,28.70016095061203,0.562448028539702,10
slow200-owned-v1-qps200-n48,TPS,,V2,46.992258908596995,25.103919932846196,1.0400234158636164,10
slow200-owned-v1-qps200-n48,attest. full p50 (s),,V1,nan,nan,nan,10
slow200-owned-v1-qps200-n48,attest. full p50 (s),,V2,0.15332258187570805,0.19041496248104864,0.019538810818095588,10
slow200-owned-v1-qps200-n48,attest. full p95 (s),,V1,nan,nan,nan,10
slow200-owned-v1-qps200-n48,attest. full p95 (s),,V2,1.3095700878189342,0.5581799997461976,0.06184984208341811,10
slow200-owned-v1-qps200-n48,attest. full p99 (s),,V1,nan,nan,nan,10
slow200-owned-v1-qps200-n48,attest. full p99 (s),,V2,1.9951786208810667,0.7512608015576436,0.07918764768418121,10
slow200-owned-v1-qps200-n48,attest. / sec,,V1,0.0,0.0,0.0,10
slow200-owned-v1-qps200-n48,attest. / sec,,V2,212.8239879620752,134.21253297749408,7.286345974182843,10
slow200-owned-v1-qps200-n48,host CPU,,V1,84.45520206112488,31.61582348125077,0.5253107610697655,10
slow200-owned-v1-qps200-n48,host CPU,,V2,82.81199594291137,33.16658269854838,0.5157522014063044,10
slow200-owned-v1-qps200-n48,rec. → exec. p50 (s),,V1,5.396114137815633,0.35624539528150817,0.03800560060766463,10
slow200-owned-v1-qps200-n48,rec. → exec. p50 (s),,V2,12.977219217859432,3.7294889823642046,0.4311903869184583,10
slow200-owned-v1-qps200-n48,rec. → exec. p95 (s),,V1,6.771204427618319,0.35272586254492,0.04290858630873055,10
slow200-owned-v1-qps200-n48,rec. → exec. p95 (s),,V2,19.69758806925917,4.681583725614528,0.5011572819590122,10
slow200-owned-v1-qps200-n48,rec. → exec. p99 (s),,V1,7.441503831652596,0.5735002521095056,0.06868024274704139,10
slow200-owned-v1-qps200-n48,rec. → exec. p99 (s),,V2,20.954667498453496,4.572783994539126,0.5494424521236754,10
slow200-owned-v1-qps200-n48,pc valid. lat. p50 (s),,V1,0.0020921753748677522,0.001115446442218359,0.00012249284015744823,10
slow200-owned-v1-qps200-n48,pc valid. lat. p50 (s),,V2,0.00034529046995946506,5.187454057540751e-05,8.844063525682761e-06,10
slow200-owned-v1-qps200-n48,pc valid. lat. p95 (s),,V1,0.07692174729560959,0.028129007228622934,0.003224586049548284,10
slow200-owned-v1-qps200-n48,pc valid. lat. p95 (s),,V2,0.011434353597784898,0.007204075602517365,0.0008901007777833887,10
slow200-owned-v1-qps200-n48,exec. lat. p95 (s),,V1,1.305514592769176,0.33876861375433326,0.03738605241551521,10
slow200-owned-v1-qps200-n48,exec. lat. p95 (s),,V2,0.789750578157851,0.27224407231996306,0.020810482791691523,10
slow200-owned-v1-qps200-n48,valid. drop. / sec,,V1,0.0,0.0,0.0,10
slow200-owned-v1-qps200-n48,valid. drop. / sec,,V2,0.0,0.0,0.0,10
slow200-owned-v1-qps200-n48,final. lat. p50 (s),,V1,nan,nan,nan,10
slow200-owned-v1-qps200-n48,final. lat. p50 (s),,V2,nan,nan,nan,10
slow200-owned-v1-qps200-n48,final. lat. p95 (s),,V1,nan,nan,nan,10
slow200-owned-v1-qps200-n48,final. lat. p95 (s),,V2,nan,nan,nan,10
slow200-owned-v1-qps200-n48,final. lat. p99 (s),,V1,nan,nan,nan,10
slow200-owned-v1-qps200-n48,final. lat. p99 (s),,V2,nan,nan,nan,10
slow200-owned-v1-qps200-n48,submit lat. p50 (s),,V1,nan,nan,nan,10
slow200-owned-v1-qps200-n48,submit lat. p50 (s),,V2,nan,nan,nan,10
slow200-owned-v1-qps200-n48,submit lat. p95 (s),,V1,nan,nan,nan,10
slow200-owned-v1-qps200-n48,submit lat. p95 (s),,V2,nan,nan,nan,10
slow200-owned-v1-qps200-n48,ckpt lag p50 (s),,V1,5.4633060434996885,1.382792531413918,0.14999277358923468,10
slow200-owned-v1-qps200-n48,ckpt lag p50 (s),,V2,1.1459457509565365,0.5109980248362038,0.09015137764294136,10
slow200-owned-v1-qps200-n48,ckpt lag p95 (s),,V1,8.17370004035384,2.437347372292406,0.29204159610988956,10
slow200-owned-v1-qps200-n48,ckpt lag p95 (s),,V2,2.8354298519633714,1.0468034120471965,0.10680958181372933,10
slow200-owned-v1-qps200-n48,ckpt lag p99 (s),,V1,9.434846909754702,3.0280335733363715,0.350801753807543,10
slow200-owned-v1-qps200-n48,ckpt lag p99 (s),,V2,7.669015089842817,4.323525966308251,0.37170250580339564,10
slow200-owned-v1-qps200-n48,exec. dispatch queue,,V1,293.3,31.45170901556861,10.483903005189536,10
slow200-owned-v1-qps200-n48,exec. dispatch queue,,V2,206.0,50.21752682082223,16.73917560694074,10
slow200-owned-v1-qps200-n48,pending txs,,V1,10.7,1.268857754044952,0.42295258468165065,10
slow200-owned-v1-qps200-n48,pending txs,,V2,16.8,11.855800268223145,3.951933422741048,10
slow200-owned-v1-qps200-n48,exec. queue. delay p95 (s),,V1,1.085360473629899,0.6327445432962633,0.07208036256950709,10
slow200-owned-v1-qps200-n48,exec. queue. delay p95 (s),,V2,0.4583312620201896,0.46809781032908854,0.11103097512030857,10
slow200-owned-v1-qps200-n48,post-cons shed drops / sec,,V1,0.00937673900946021,0.08094061413596887,0.009361111111111112,10
slow200-owned-v1-qps200-n48,post-cons shed drops / sec,,V2,0.0,0.0,0.0,10
slow200-owned-v1-qps200-n48,shed % quorum,,V1,0.6,1.8000000000000003,0.6,10
slow200-owned-v1-qps200-n48,shed % quorum,,V2,0.0,0.0,0.0,10
slow200-owned-v1-qps200-n48,shed % local,,V1,12.7,13.550276749941307,4.5167589166471025,10
slow200-owned-v1-qps200-n48,shed % local,,V2,2.8,6.029925372672534,2.009975124224178,10
slow200-owned-v1-qps200-n48,shed % cons-queue,,V1,0.0,0.0,0.0,10
slow200-owned-v1-qps200-n48,shed % cons-queue,,V2,0.0,0.0,0.0,10
slow200-owned-v1-qps200-n48,pre-cons overload rej / sec,,V1,nan,nan,nan,10
slow200-owned-v1-qps200-n48,pre-cons overload rej / sec,,V2,0.0,0.0,nan,10
slow200-owned-v1-qps200-n48,node CPU,,V1,2.0914347279852388,0.5341963659990656,0.0072998687250937595,10
slow200-owned-v1-qps200-n48,node CPU,,V2,2.6557788410346133,0.8074444311389517,0.022138702679648566,10
slow200-owned-v1-qps200-n48,node memory RSS (bytes),,V1,1379185720.703583,18067241.49593678,2179519.1691140155,10
slow200-owned-v1-qps200-n48,node memory RSS (bytes),,V2,1503942267.8169935,69810063.14878166,4992969.314166385,10
slow200-owned-v1-qps200-n48,overload graduated / sec,,V1,nan,nan,nan,10
slow200-owned-v1-qps200-n48,overload graduated / sec,,V2,nan,nan,nan,10
slow200-owned-v1-qps200-n48,overload max-pending / sec,,V1,nan,nan,nan,10
slow200-owned-v1-qps200-n48,overload max-pending / sec,,V2,nan,nan,nan,10
slow200-owned-v1-qps200-n48,overload semaphore / sec,,V1,nan,nan,nan,10
slow200-owned-v1-qps200-n48,overload semaphore / sec,,V2,0.0,0.0,nan,10
slow200-owned-v1-qps200-n48,attest. exec p50 (s),,V1,nan,nan,nan,10
slow200-owned-v1-qps200-n48,attest. exec p50 (s),,V2,0.0069727910440043695,0.027128619782038798,0.002949702384843171,10
slow200-owned-v1-qps200-n48,attest. exec p95 (s),,V1,nan,nan,nan,10
slow200-owned-v1-qps200-n48,attest. exec p95 (s),,V2,0.2608639332246148,0.06062929859093452,0.0069215298114801045,10
slow200-owned-v1-qps200-n48,attest. exec p99 (s),,V1,nan,nan,nan,10
slow200-owned-v1-qps200-n48,attest. exec p99 (s),,V2,0.4270238822859451,0.11123432736628439,0.014374763664910304,10
slow200-owned-v1-qps200-n48,attest. wait p50 (s),,V1,nan,nan,nan,10
slow200-owned-v1-qps200-n48,attest. wait p50 (s),,V2,0.10294900174223899,0.15350967176968203,0.015390796764873156,10
slow200-owned-v1-qps200-n48,attest. wait p95 (s),,V1,nan,nan,nan,10
slow200-owned-v1-qps200-n48,attest. wait p95 (s),,V2,1.1899834018207414,0.5071946944679271,0.05791360117243222,10
slow200-owned-v1-qps200-n48,attest. wait p99 (s),,V1,nan,nan,nan,10
slow200-owned-v1-qps200-n48,attest. wait p99 (s),,V2,1.8641226334770369,0.7162364336959435,0.07526679767589693,10
slow200-owned-v1-qps200-n48,attest. resume p50 (s),,V1,nan,nan,nan,10
slow200-owned-v1-qps200-n48,attest. resume p50 (s),,V2,0.0008467418139042901,0.0005516500247144156,6.3369666816617e-05,10
slow200-owned-v1-qps200-n48,attest. resume p95 (s),,V1,nan,nan,nan,10
slow200-owned-v1-qps200-n48,attest. resume p95 (s),,V2,0.020792480558951422,0.038475089497532325,0.00393756567278213,10
slow200-owned-v1-qps200-n48,attest. resume p99 (s),,V1,nan,nan,nan,10
slow200-owned-v1-qps200-n48,attest. resume p99 (s),,V2,0.06846388007969854,0.0872515269559165,0.01211208831387628,10
slow200-owned-v1-qps200-n48,num_inflight,,V1,400.8,2.0880613017821097,0.69602043392737,10
slow200-owned-v1-qps200-n48,num_inflight,,V2,589.1,120.62541191639512,40.208470638798374,10
slow200-owned-v1-qps200-n48,CUs,,V1,nan,nan,nan,10
slow200-owned-v1-qps200-n48,CUs,,V2,128000.0,2.860743925389445e-11,0.0,10
slow200-owned-v48-qps200-n48,TPS,,V1,59.185223599257306,28.704754114416968,0.9671666256721645,10
slow200-owned-v48-qps200-n48,TPS,,V2,58.2898226527257,27.82325934455325,0.6216818067229718,10
slow200-owned-v48-qps200-n48,attest. full p50 (s),,V1,nan,nan,nan,10
slow200-owned-v48-qps200-n48,attest. full p50 (s),,V2,0.3947111184410361,0.0667179125694435,0.003246879184025853,10
slow200-owned-v48-qps200-n48,attest. full p95 (s),,V1,nan,nan,nan,10
slow200-owned-v48-qps200-n48,attest. full p95 (s),,V2,1.0660523585035273,0.16844995908992239,0.017397641756861534,10
slow200-owned-v48-qps200-n48,attest. full p99 (s),,V1,nan,nan,nan,10
slow200-owned-v48-qps200-n48,attest. full p99 (s),,V2,1.3860244144663088,0.24601711707316493,0.029630663166512652,10
slow200-owned-v48-qps200-n48,attest. / sec,,V1,0.0,0.0,0.0,10
slow200-owned-v48-qps200-n48,attest. / sec,,V2,8.318424795937359,3.2448691935630283,0.14354528875225864,10
slow200-owned-v48-qps200-n48,host CPU,,V1,83.98682104359077,32.392448331111055,0.3348007937888606,10
slow200-owned-v48-qps200-n48,host CPU,,V2,83.94838067401113,32.60665681949492,0.5545822708589405,10
slow200-owned-v48-qps200-n48,rec. → exec. p50 (s),,V1,6.419740226629235,0.9721650103324528,0.09133334693752126,10
slow200-owned-v48-qps200-n48,rec. → exec. p50 (s),,V2,6.602584412512718,0.7458148608672519,0.032833271858062014,10
slow200-owned-v48-qps200-n48,rec. → exec. p95 (s),,V1,7.814332190086835,1.1382829669448322,0.13290128847266705,10
slow200-owned-v48-qps200-n48,rec. → exec. p95 (s),,V2,8.086984302903804,0.8180035421138423,0.028880052218326024,10
slow200-owned-v48-qps200-n48,rec. → exec. p99 (s),,V1,8.581226807655018,1.4523242499691005,0.19697866909258474,10
slow200-owned-v48-qps200-n48,rec. → exec. p99 (s),,V2,9.03028157703838,1.633879123208871,0.08749272012860647,10
slow200-owned-v48-qps200-n48,pc valid. lat. p50 (s),,V1,0.003581376976314408,0.001271769869982757,0.00019417519899258626,10
slow200-owned-v48-qps200-n48,pc valid. lat. p50 (s),,V2,0.002385996879539632,0.0009677798210719386,0.00014395798804861786,10
slow200-owned-v48-qps200-n48,pc valid. lat. p95 (s),,V1,0.08522154658015241,0.029519621773197224,0.003410089165546151,10
slow200-owned-v48-qps200-n48,pc valid. lat. p95 (s),,V2,0.06354087188317581,0.022430203162689857,0.0038295681401680944,10
slow200-owned-v48-qps200-n48,exec. lat. p95 (s),,V1,1.3513224455076398,0.35325287642391545,0.04589445253633588,10
slow200-owned-v48-qps200-n48,exec. lat. p95 (s),,V2,1.2478720224486135,0.3225707684225319,0.04645105210038687,10
slow200-owned-v48-qps200-n48,valid. drop. / sec,,V1,0.0,0.0,0.0,10
slow200-owned-v48-qps200-n48,valid. drop. / sec,,V2,0.0,0.0,0.0,10
slow200-owned-v48-qps200-n48,final. lat. p50 (s),,V1,nan,nan,nan,10
slow200-owned-v48-qps200-n48,final. lat. p50 (s),,V2,nan,nan,nan,10
slow200-owned-v48-qps200-n48,final. lat. p95 (s),,V1,nan,nan,nan,10
slow200-owned-v48-qps200-n48,final. lat. p95 (s),,V2,nan,nan,nan,10
slow200-owned-v48-qps200-n48,final. lat. p99 (s),,V1,nan,nan,nan,10
slow200-owned-v48-qps200-n48,final. lat. p99 (s),,V2,nan,nan,nan,10
slow200-owned-v48-qps200-n48,submit lat. p50 (s),,V1,nan,nan,nan,10
slow200-owned-v48-qps200-n48,submit lat. p50 (s),,V2,nan,nan,nan,10
slow200-owned-v48-qps200-n48,submit lat. p95 (s),,V1,nan,nan,nan,10
slow200-owned-v48-qps200-n48,submit lat. p95 (s),,V2,nan,nan,nan,10
slow200-owned-v48-qps200-n48,ckpt lag p50 (s),,V1,6.27841697217051,2.187926162714729,0.38196325535201925,10
slow200-owned-v48-qps200-n48,ckpt lag p50 (s),,V2,5.503960945967445,1.576909815526922,0.2231769299078764,10
slow200-owned-v48-qps200-n48,ckpt lag p95 (s),,V1,9.398116863355877,3.509244360367373,0.665280725569825,10
slow200-owned-v48-qps200-n48,ckpt lag p95 (s),,V2,8.534450229267316,2.9158904559122223,0.5174224191847449,10
slow200-owned-v48-qps200-n48,ckpt lag p99 (s),,V1,10.660228643194847,3.8234287779247893,0.7147533934641425,10
slow200-owned-v48-qps200-n48,ckpt lag p99 (s),,V2,9.893086868622433,3.5231680531344023,0.6005006574978514,10
slow200-owned-v48-qps200-n48,exec. dispatch queue,,V1,318.4,21.35040983213203,7.116803277377342,10
slow200-owned-v48-qps200-n48,exec. dispatch queue,,V2,282.2,42.71018613867188,14.236728712890626,10
slow200-owned-v48-qps200-n48,pending txs,,V1,11.0,1.8973665961010275,0.6324555320336759,10
slow200-owned-v48-qps200-n48,pending txs,,V2,9.6,1.8547236990991407,0.6182412330330468,10
slow200-owned-v48-qps200-n48,exec. queue. delay p95 (s),,V1,1.0938462306658452,0.6804436107941707,0.0959448183493082,10
slow200-owned-v48-qps200-n48,exec. queue. delay p95 (s),,V2,0.8972012020649128,0.5600863947333188,0.0900778545268743,10
slow200-owned-v48-qps200-n48,post-cons shed drops / sec,,V1,0.0,0.0,0.0,10
slow200-owned-v48-qps200-n48,post-cons shed drops / sec,,V2,0.030178671133445002,0.3684437491555202,0.030027777777777778,10
slow200-owned-v48-qps200-n48,shed % quorum,,V1,0.0,0.0,0.0,10
slow200-owned-v48-qps200-n48,shed % quorum,,V2,1.9,5.700000000000001,1.9,10
slow200-owned-v48-qps200-n48,shed % local,,V1,20.4,14.71189994528239,4.903966648427463,10
slow200-owned-v48-qps200-n48,shed % local,,V2,5.3,11.118003417880388,3.7060011392934618,10
slow200-owned-v48-qps200-n48,shed % cons-queue,,V1,0.0,0.0,0.0,10
slow200-owned-v48-qps200-n48,shed % cons-queue,,V2,0.0,0.0,0.0,10
slow200-owned-v48-qps200-n48,pre-cons overload rej / sec,,V1,nan,nan,nan,10
slow200-owned-v48-qps200-n48,pre-cons overload rej / sec,,V2,nan,nan,nan,10
slow200-owned-v48-qps200-n48,node CPU,,V1,2.1008398972137514,0.5189816312272852,0.00976565415262497,10
slow200-owned-v48-qps200-n48,node CPU,,V2,2.1237792471948547,0.5115684121559512,0.0051640917764504335,10
slow200-owned-v48-qps200-n48,node memory RSS (bytes),,V1,1376970835.797054,15605408.874071907,1035808.3803950768,10
slow200-owned-v48-qps200-n48,node memory RSS (bytes),,V2,1381561576.7272727,19248163.326751307,1946353.475583786,10
slow200-owned-v48-qps200-n48,overload graduated / sec,,V1,nan,nan,nan,10
slow200-owned-v48-qps200-n48,overload graduated / sec,,V2,nan,nan,nan,10
slow200-owned-v48-qps200-n48,overload max-pending / sec,,V1,nan,nan,nan,10
slow200-owned-v48-qps200-n48,overload max-pending / sec,,V2,nan,nan,nan,10
slow200-owned-v48-qps200-n48,overload semaphore / sec,,V1,nan,nan,nan,10
slow200-owned-v48-qps200-n48,overload semaphore / sec,,V2,nan,nan,nan,10
slow200-owned-v48-qps200-n48,attest. exec p50 (s),,V1,nan,nan,nan,10
slow200-owned-v48-qps200-n48,attest. exec p50 (s),,V2,0.3016275025829294,0.04693454709850287,0.00297072142578365,10
slow200-owned-v48-qps200-n48,attest. exec p95 (s),,V1,nan,nan,nan,10
slow200-owned-v48-qps200-n48,attest. exec p95 (s),,V2,0.8602959021298996,0.12832077310111187,0.016242524389670526,10
slow200-owned-v48-qps200-n48,attest. exec p99 (s),,V1,nan,nan,nan,10
slow200-owned-v48-qps200-n48,attest. exec p99 (s),,V2,1.0735681746422352,0.1515611733710887,0.018472300539247446,10
slow200-owned-v48-qps200-n48,attest. wait p50 (s),,V1,nan,nan,nan,10
slow200-owned-v48-qps200-n48,attest. wait p50 (s),,V2,0.04254243334565686,0.012951436440856428,0.0011724890507557176,10
slow200-owned-v48-qps200-n48,attest. wait p95 (s),,V1,nan,nan,nan,10
slow200-owned-v48-qps200-n48,attest. wait p95 (s),,V2,0.3866805395198787,0.12626142715918484,0.008785791778085993,10
slow200-owned-v48-qps200-n48,attest. wait p99 (s),,V1,nan,nan,nan,10
slow200-owned-v48-qps200-n48,attest. wait p99 (s),,V2,0.6557862136023904,0.2642651611175286,0.0203573309594053,10
slow200-owned-v48-qps200-n48,attest. resume p50 (s),,V1,nan,nan,nan,10
slow200-owned-v48-qps200-n48,attest. resume p50 (s),,V2,0.002179661579201136,0.0004462114341294368,4.7824972544337735e-05,10
slow200-owned-v48-qps200-n48,attest. resume p95 (s),,V1,nan,nan,nan,10
slow200-owned-v48-qps200-n48,attest. resume p95 (s),,V2,0.02425995924887374,0.005103740259649648,0.0007087598173652258,10
slow200-owned-v48-qps200-n48,attest. resume p99 (s),,V1,nan,nan,nan,10
slow200-owned-v48-qps200-n48,attest. resume p99 (s),,V2,0.05744325635506065,0.022765929708990766,0.0034101528276655074,10
slow200-owned-v48-qps200-n48,num_inflight,,V1,57.4,3.7202150475476548,1.2400716825158848,10
slow200-owned-v48-qps200-n48,num_inflight,,V2,56.4,5.2573757712379665,1.7524585904126553,10
slow200-owned-v48-qps200-n48,CUs,,V1,nan,nan,nan,10
slow200-owned-v48-qps200-n48,CUs,,V2,128001.17335245195,19.680903029862574,0.796180530510111,10
slow200-owned-f1-qps1000-n48,TPS,,V1,63.62526011015008,49.21259946816522,0.6082639638269972,10
slow200-owned-f1-qps1000-n48,TPS,,V2,63.46453097142272,40.25667934891449,0.9182907275761771,10
slow200-owned-f1-qps1000-n48,attest. full p50 (s),,V1,nan,nan,nan,10
slow200-owned-f1-qps1000-n48,attest. full p50 (s),,V2,0.8462134229668363,0.37135930460369265,0.027040913167574922,10
slow200-owned-f1-qps1000-n48,attest. full p95 (s),,V1,nan,nan,nan,10
slow200-owned-f1-qps1000-n48,attest. full p95 (s),,V2,2.6156663055051004,1.1022108481197816,0.08412888408422942,10
slow200-owned-f1-qps1000-n48,attest. full p99 (s),,V1,nan,nan,nan,10
slow200-owned-f1-qps1000-n48,attest. full p99 (s),,V2,3.483473600241893,1.3875725128774505,0.11594313312739492,10
slow200-owned-f1-qps1000-n48,attest. / sec,,V1,0.0,0.0,0.0,10
slow200-owned-f1-qps1000-n48,attest. / sec,,V2,14.986331787940697,8.358479915570511,0.6501347537731608,10
slow200-owned-f1-qps1000-n48,host CPU,,V1,83.76258328080976,32.58959422696688,0.43270304113139496,10
slow200-owned-f1-qps1000-n48,host CPU,,V2,84.37477823879576,31.771458731493134,0.46832725067646047,10
slow200-owned-f1-qps1000-n48,rec. → exec. p50 (s),,V1,15.801151556224195,7.214256991497726,0.20659431818653065,10
slow200-owned-f1-qps1000-n48,rec. → exec. p50 (s),,V2,17.73694000320713,7.02654994860991,0.27461855177151834,10
slow200-owned-f1-qps1000-n48,rec. → exec. p95 (s),,V1,20.110721165845323,8.24405657928229,0.34701738347517747,10
slow200-owned-f1-qps1000-n48,rec. → exec. p95 (s),,V2,23.807820975559675,9.474742106229218,0.566481113680006,10
slow200-owned-f1-qps1000-n48,rec. → exec. p99 (s),,V1,20.731845959498536,8.218910861032523,0.37493557539456357,10
slow200-owned-f1-qps1000-n48,rec. → exec. p99 (s),,V2,27.19838535212391,13.172185448511566,0.7353647920661268,10
slow200-owned-f1-qps1000-n48,pc valid. lat. p50 (s),,V1,0.008623457807878314,0.012195453263252597,0.0013996630533664634,10
slow200-owned-f1-qps1000-n48,pc valid. lat. p50 (s),,V2,0.008931253149256552,0.013980483834306156,0.0010837181062286357,10
slow200-owned-f1-qps1000-n48,pc valid. lat. p95 (s),,V1,0.17087848287159507,0.11906731498025512,0.016309170471496354,10
slow200-owned-f1-qps1000-n48,pc valid. lat. p95 (s),,V2,0.14287958899885317,0.11044602020135175,0.005574128549784786,10
slow200-owned-f1-qps1000-n48,exec. lat. p95 (s),,V1,1.6902864414667067,0.3791107157403727,0.034546491181387085,10
slow200-owned-f1-qps1000-n48,exec. lat. p95 (s),,V2,1.6973197361214745,0.3589557953692367,0.02349883226145702,10
slow200-owned-f1-qps1000-n48,valid. drop. / sec,,V1,0.0,0.0,0.0,10
slow200-owned-f1-qps1000-n48,valid. drop. / sec,,V2,0.0,0.0,0.0,10
slow200-owned-f1-qps1000-n48,final. lat. p50 (s),,V1,12.57002694316897,6.2171348694497395,0.2143119791153114,10
slow200-owned-f1-qps1000-n48,final. lat. p50 (s),,V2,14.806404737663197,6.906698376778046,0.2657501186150367,10
slow200-owned-f1-qps1000-n48,final. lat. p95 (s),,V1,18.324585938778103,7.226966332865443,0.36548066561996584,10
slow200-owned-f1-qps1000-n48,final. lat. p95 (s),,V2,20.96889734584894,8.214025782579139,0.4445763470781566,10
slow200-owned-f1-qps1000-n48,final. lat. p99 (s),,V1,21.032378345182337,9.59084614057643,0.7740495500753937,10
slow200-owned-f1-qps1000-n48,final. lat. p99 (s),,V2,23.539828679616136,10.256228321842821,0.9763539314380293,10
slow200-owned-f1-qps1000-n48,submit lat. p50 (s),,V1,1.2007503794841794,0.5374579387060862,0.04851524371542376,10
slow200-owned-f1-qps1000-n48,submit lat. p50 (s),,V2,2.432156832041887,0.8824928264207693,0.07176878345278936,10
slow200-owned-f1-qps1000-n48,submit lat. p95 (s),,V1,3.917650571569465,1.9061014388323756,0.1545077130753152,10
slow200-owned-f1-qps1000-n48,submit lat. p95 (s),,V2,6.389987132844839,2.4680004837009526,0.19888281801357355,10
slow200-owned-f1-qps1000-n48,ckpt lag p50 (s),,V1,9.457194096363981,6.757217421920981,0.28216168658357194,10
slow200-owned-f1-qps1000-n48,ckpt lag p50 (s),,V2,10.562801281557613,5.960242838641582,0.24532654528043255,10
slow200-owned-f1-qps1000-n48,ckpt lag p95 (s),,V1,15.67200678677049,7.444463511361099,0.3484744311416127,10
slow200-owned-f1-qps1000-n48,ckpt lag p95 (s),,V2,17.701990040008916,7.739991644462077,0.4027969768879516,10
slow200-owned-f1-qps1000-n48,ckpt lag p99 (s),,V1,18.448801192596154,7.769729046859517,0.3985960195283419,10
slow200-owned-f1-qps1000-n48,ckpt lag p99 (s),,V2,21.580735802932303,10.088032576082588,1.0150966987234098,10
slow200-owned-f1-qps1000-n48,exec. dispatch queue,,V1,1227.0,270.31833086196724,90.10611028732241,10
slow200-owned-f1-qps1000-n48,exec. dispatch queue,,V2,996.9,205.3891185043648,68.46303950145493,10
slow200-owned-f1-qps1000-n48,pending txs,,V1,12.6,2.1071307505705477,0.7023769168568492,10
slow200-owned-f1-qps1000-n48,pending txs,,V2,16.3,3.6345563690772495,1.2115187896924164,10
slow200-owned-f1-qps1000-n48,exec. queue. delay p95 (s),,V1,5.3102421370789195,2.8359404475906542,0.3428433460493713,10
slow200-owned-f1-qps1000-n48,exec. queue. delay p95 (s),,V2,4.088387692885401,2.5200896023830133,0.32562820370429635,10
slow200-owned-f1-qps1000-n48,post-cons shed drops / sec,,V1,3.167601715015508,8.047669074848786,1.333800540434276,10
slow200-owned-f1-qps1000-n48,post-cons shed drops / sec,,V2,4.58443475299911,12.724299793185596,1.8537179267812338,10
slow200-owned-f1-qps1000-n48,shed % quorum,,V1,22.3,16.535114151405185,5.5117047171350615,10
slow200-owned-f1-qps1000-n48,shed % quorum,,V2,20.4,13.29059818066892,4.430199393556307,10
slow200-owned-f1-qps1000-n48,shed % local,,V1,60.1,4.784349485562274,1.594783161854091,10
slow200-owned-f1-qps1000-n48,shed % local,,V2,54.3,8.567963585356791,2.855987861785597,10
slow200-owned-f1-qps1000-n48,shed % cons-queue,,V1,0.0,0.0,0.0,10
slow200-owned-f1-qps1000-n48,shed % cons-queue,,V2,0.0,0.0,0.0,10
slow200-owned-f1-qps1000-n48,pre-cons overload rej / sec,,V1,nan,nan,nan,10
slow200-owned-f1-qps1000-n48,pre-cons overload rej / sec,,V2,nan,nan,nan,10
slow200-owned-f1-qps1000-n48,node CPU,,V1,2.1683557212879894,0.5634571093977662,0.010034881982160382,10
slow200-owned-f1-qps1000-n48,node CPU,,V2,2.2066525596541586,0.5771443545572112,0.014988843266167444,10
slow200-owned-f1-qps1000-n48,node memory RSS (bytes),,V1,1368774542.5928338,33649195.335676424,2149125.935371703,10
slow200-owned-f1-qps1000-n48,node memory RSS (bytes),,V2,1387479358.6515398,29416214.84812483,2325198.6032290934,10
slow200-owned-f1-qps1000-n48,overload graduated / sec,,V1,nan,nan,nan,10
slow200-owned-f1-qps1000-n48,overload graduated / sec,,V2,nan,nan,nan,10
slow200-owned-f1-qps1000-n48,overload max-pending / sec,,V1,nan,nan,nan,10
slow200-owned-f1-qps1000-n48,overload max-pending / sec,,V2,nan,nan,nan,10
slow200-owned-f1-qps1000-n48,overload semaphore / sec,,V1,nan,nan,nan,10
slow200-owned-f1-qps1000-n48,overload semaphore / sec,,V2,nan,nan,nan,10
slow200-owned-f1-qps1000-n48,attest. exec p50 (s),,V1,nan,nan,nan,10
slow200-owned-f1-qps1000-n48,attest. exec p50 (s),,V2,0.41053038364112643,0.0931964508403948,0.009652957417884744,10
slow200-owned-f1-qps1000-n48,attest. exec p95 (s),,V1,nan,nan,nan,10
slow200-owned-f1-qps1000-n48,attest. exec p95 (s),,V2,1.0239752853814148,0.18484507471537656,0.01686649431523388,10
slow200-owned-f1-qps1000-n48,attest. exec p99 (s),,V1,nan,nan,nan,10
slow200-owned-f1-qps1000-n48,attest. exec p99 (s),,V2,1.2419569834795166,0.19134696330148832,0.015417375303278138,10
slow200-owned-f1-qps1000-n48,attest. wait p50 (s),,V1,nan,nan,nan,10
slow200-owned-f1-qps1000-n48,attest. wait p50 (s),,V2,0.28638009182184115,0.3363557884557994,0.021281454543076783,10
slow200-owned-f1-qps1000-n48,attest. wait p95 (s),,V1,nan,nan,nan,10
slow200-owned-f1-qps1000-n48,attest. wait p95 (s),,V2,1.9350092903858358,1.1719471939885715,0.09194381504683959,10
slow200-owned-f1-qps1000-n48,attest. wait p99 (s),,V1,nan,nan,nan,10
slow200-owned-f1-qps1000-n48,attest. wait p99 (s),,V2,2.77866124777704,1.4566106256042137,0.1150650516359307,10
slow200-owned-f1-qps1000-n48,attest. resume p50 (s),,V1,nan,nan,nan,10
slow200-owned-f1-qps1000-n48,attest. resume p50 (s),,V2,0.005314745624284138,0.004202874145107254,0.00018205096389204984,10
slow200-owned-f1-qps1000-n48,attest. resume p95 (s),,V1,nan,nan,nan,10
slow200-owned-f1-qps1000-n48,attest. resume p95 (s),,V2,0.17163629493812785,0.2638977818028001,0.022303405157460997,10
slow200-owned-f1-qps1000-n48,attest. resume p99 (s),,V1,nan,nan,nan,10
slow200-owned-f1-qps1000-n48,attest. resume p99 (s),,V2,0.45724111993258243,0.5448707394881336,0.045986563025182926,10
slow200-owned-f1-qps1000-n48,num_inflight,,V1,125.7,28.15333017602003,9.384443392006675,10
slow200-owned-f1-qps1000-n48,num_inflight,,V2,172.3,31.438988533348205,10.4796628444494,10
slow200-owned-f1-qps1000-n48,CUs,,V1,nan,nan,nan,10
slow200-owned-f1-qps1000-n48,CUs,,V2,127983.14794296949,59.28984014405937,5.142246321460676,10
slow200-owned-v1-qps1000-n48,TPS,,V1,65.80763568351412,34.92049004838259,0.7791956043243047,10
slow200-owned-v1-qps1000-n48,TPS,,V2,47.48846560579446,33.55289752933891,1.5012687913131715,10
slow200-owned-v1-qps1000-n48,attest. full p50 (s),,V1,nan,nan,nan,10
slow200-owned-v1-qps1000-n48,attest. full p50 (s),,V2,1.3476790739331894,1.4925101352928867,0.16779402679191716,10
slow200-owned-v1-qps1000-n48,attest. full p95 (s),,V1,nan,nan,nan,10
slow200-owned-v1-qps1000-n48,attest. full p95 (s),,V2,4.125395817797909,3.4534143713810295,0.3182575524363535,10
slow200-owned-v1-qps1000-n48,attest. full p99 (s),,V1,nan,nan,nan,10
slow200-owned-v1-qps1000-n48,attest. full p99 (s),,V2,4.88120741306519,3.6540928465130853,0.29598160117319783,10
slow200-owned-v1-qps1000-n48,attest. / sec,,V1,0.0,0.0,0.0,10
slow200-owned-v1-qps1000-n48,attest. / sec,,V2,81.06679808703234,79.72969320710858,8.249413965095748,10
slow200-owned-v1-qps1000-n48,host CPU,,V1,83.67365851737341,32.726356477263025,0.36348096346572606,10
slow200-owned-v1-qps1000-n48,host CPU,,V2,83.04159103404267,32.5360704981421,0.40670379865519835,10
slow200-owned-v1-qps1000-n48,rec. → exec. p50 (s),,V1,17.535238644685418,7.9167319474289215,0.5633787812977451,10
slow200-owned-v1-qps1000-n48,rec. → exec. p50 (s),,V2,22.52623531126837,12.506170189610526,1.208642883983599,10
slow200-owned-v1-qps1000-n48,rec. → exec. p95 (s),,V1,36.895698157389724,16.69636665774958,0.5274668753486338,10
slow200-owned-v1-qps1000-n48,rec. → exec. p95 (s),,V2,34.96110791526441,18.43862172359022,1.5793433496175466,10
slow200-owned-v1-qps1000-n48,rec. → exec. p99 (s),,V1,41.23442501820425,18.114301632498975,0.5279480558013616,10
slow200-owned-v1-qps1000-n48,rec. → exec. p99 (s),,V2,37.56930153807818,19.23577427471171,1.3544909977280595,10
slow200-owned-v1-qps1000-n48,pc valid. lat. p50 (s),,V1,0.0020800184060113815,0.0032316014876310993,0.0003455731988111258,10
slow200-owned-v1-qps1000-n48,pc valid. lat. p50 (s),,V2,0.0002820646316035631,3.669859578947856e-05,3.951102684765443e-06,10
slow200-owned-v1-qps1000-n48,pc valid. lat. p95 (s),,V1,0.12442053206357259,0.07254973689258075,0.0061974001321375176,10
slow200-owned-v1-qps1000-n48,pc valid. lat. p95 (s),,V2,0.016544681525274083,0.03353522746258519,0.003574109095121149,10
slow200-owned-v1-qps1000-n48,exec. lat. p95 (s),,V1,1.7066051245221172,0.3404428904013923,0.020596988278546217,10
slow200-owned-v1-qps1000-n48,exec. lat. p95 (s),,V2,1.2336821716074424,0.599769054210834,0.049926662564590205,10
slow200-owned-v1-qps1000-n48,valid. drop. / sec,,V1,0.0,0.0,0.0,10
slow200-owned-v1-qps1000-n48,valid. drop. / sec,,V2,0.0,0.0,0.0,10
slow200-owned-v1-qps1000-n48,final. lat. p50 (s),,V1,nan,nan,nan,10
slow200-owned-v1-qps1000-n48,final. lat. p50 (s),,V2,nan,nan,nan,10
slow200-owned-v1-qps1000-n48,final. lat. p95 (s),,V1,nan,nan,nan,10
slow200-owned-v1-qps1000-n48,final. lat. p95 (s),,V2,nan,nan,nan,10
slow200-owned-v1-qps1000-n48,final. lat. p99 (s),,V1,nan,nan,nan,10
slow200-owned-v1-qps1000-n48,final. lat. p99 (s),,V2,nan,nan,nan,10
slow200-owned-v1-qps1000-n48,submit lat. p50 (s),,V1,nan,nan,nan,10
slow200-owned-v1-qps1000-n48,submit lat. p50 (s),,V2,nan,nan,nan,10
slow200-owned-v1-qps1000-n48,submit lat. p95 (s),,V1,nan,nan,nan,10
slow200-owned-v1-qps1000-n48,submit lat. p95 (s),,V2,nan,nan,nan,10
slow200-owned-v1-qps1000-n48,ckpt lag p50 (s),,V1,8.439336957535179,3.96959703869963,0.28413244496479834,10
slow200-owned-v1-qps1000-n48,ckpt lag p50 (s),,V2,1.6240339033513493,2.2632365558266385,0.15243057006240687,10
slow200-owned-v1-qps1000-n48,ckpt lag p95 (s),,V1,13.643831746314355,4.274378933300036,0.39579442618859423,10
slow200-owned-v1-qps1000-n48,ckpt lag p95 (s),,V2,5.477587433784949,4.140970726481777,0.22879049722575337,10
slow200-owned-v1-qps1000-n48,ckpt lag p99 (s),,V1,15.71070664692316,4.864940127163543,0.4101151907869942,10
slow200-owned-v1-qps1000-n48,ckpt lag p99 (s),,V2,8.165315592963017,4.428454793560935,0.3263484602134107,10
slow200-owned-v1-qps1000-n48,exec. dispatch queue,,V1,720.3,48.90408980852215,16.301363269507384,10
slow200-owned-v1-qps1000-n48,exec. dispatch queue,,V2,664.5,99.24641051443623,33.08213683814541,10
slow200-owned-v1-qps1000-n48,pending txs,,V1,12.4,1.4966629547095764,0.49888765156985887,10
slow200-owned-v1-qps1000-n48,pending txs,,V2,14.0,5.2345009313209605,1.7448336437736534,10
slow200-owned-v1-qps1000-n48,exec. queue. delay p95 (s),,V1,2.9740815534826828,1.48818546428525,0.14002954798976344,10
slow200-owned-v1-qps1000-n48,exec. queue. delay p95 (s),,V2,2.484041186517566,1.5185695602725044,0.22157183692048013,10
slow200-owned-v1-qps1000-n48,post-cons shed drops / sec,,V1,11.312622765853785,19.220935736002897,1.9248093619321305,10
slow200-owned-v1-qps1000-n48,post-cons shed drops / sec,,V2,4.083994922686361,8.559218437271696,1.4546673531325378,10
slow200-owned-v1-qps1000-n48,shed % quorum,,V1,30.4,8.175573374387879,2.7251911247959595,10
slow200-owned-v1-qps1000-n48,shed % quorum,,V2,26.1,14.942891286494726,4.980963762164908,10
slow200-owned-v1-qps1000-n48,shed % local,,V1,55.5,7.214568594171102,2.404856198057034,10
slow200-owned-v1-qps1000-n48,shed % local,,V2,50.4,11.594826432508595,3.8649421441695315,10
slow200-owned-v1-qps1000-n48,shed % cons-queue,,V1,0.0,0.0,0.0,10
slow200-owned-v1-qps1000-n48,shed % cons-queue,,V2,0.0,0.0,0.0,10
slow200-owned-v1-qps1000-n48,pre-cons overload rej / sec,,V1,115.11201162973441,127.65639558183955,10.783368892242114,10
slow200-owned-v1-qps1000-n48,pre-cons overload rej / sec,,V2,99.63763096806576,137.64586331773614,14.30342025809669,10
slow200-owned-v1-qps1000-n48,node CPU,,V1,2.116713397208387,0.5090446755941614,0.009345105481596587,10
slow200-owned-v1-qps1000-n48,node CPU,,V2,3.206048364843907,1.3438534742172665,0.0924332756824351,10
slow200-owned-v1-qps1000-n48,node memory RSS (bytes),,V1,1382984397.2868462,27393411.163698126,1994439.1083954943,10
slow200-owned-v1-qps1000-n48,node memory RSS (bytes),,V2,1532850662.0759494,86015335.36003226,5693443.2795236055,10
slow200-owned-v1-qps1000-n48,overload graduated / sec,,V1,nan,nan,nan,10
slow200-owned-v1-qps1000-n48,overload graduated / sec,,V2,nan,nan,nan,10
slow200-owned-v1-qps1000-n48,overload max-pending / sec,,V1,nan,nan,nan,10
slow200-owned-v1-qps1000-n48,overload max-pending / sec,,V2,nan,nan,nan,10
slow200-owned-v1-qps1000-n48,overload semaphore / sec,,V1,114.20927785635706,127.74960596790494,11.042820480301923,10
slow200-owned-v1-qps1000-n48,overload semaphore / sec,,V2,99.85962105527322,137.6389724469591,14.258979015874427,10
slow200-owned-v1-qps1000-n48,attest. exec p50 (s),,V1,nan,nan,nan,10
slow200-owned-v1-qps1000-n48,attest. exec p50 (s),,V2,0.0857661162549493,0.08684902909562575,0.009531567587478,10
slow200-owned-v1-qps1000-n48,attest. exec p95 (s),,V1,nan,nan,nan,10
slow200-owned-v1-qps1000-n48,attest. exec p95 (s),,V2,0.2932268048812714,0.17004991422901988,0.011512797335237359,10
slow200-owned-v1-qps1000-n48,attest. exec p99 (s),,V1,nan,nan,nan,10
slow200-owned-v1-qps1000-n48,attest. exec p99 (s),,V2,0.4061106653620186,0.2295892878923779,0.024981707740559723,10
slow200-owned-v1-qps1000-n48,attest. wait p50 (s),,V1,nan,nan,nan,10
slow200-owned-v1-qps1000-n48,attest. wait p50 (s),,V2,0.42228807390411677,0.41447078524757375,0.04698291063485561,10
slow200-owned-v1-qps1000-n48,attest. wait p95 (s),,V1,nan,nan,nan,10
slow200-owned-v1-qps1000-n48,attest. wait p95 (s),,V2,2.108772066155261,1.0763118195232613,0.08834573880247347,10
slow200-owned-v1-qps1000-n48,attest. wait p99 (s),,V1,nan,nan,nan,10
slow200-owned-v1-qps1000-n48,attest. wait p99 (s),,V2,3.1706397538156943,1.6465725458916367,0.1472996089874535,10
slow200-owned-v1-qps1000-n48,attest. resume p50 (s),,V1,nan,nan,nan,10
slow200-owned-v1-qps1000-n48,attest. resume p50 (s),,V2,0.692452097148687,1.2421937270488612,0.1621490349291936,10
slow200-owned-v1-qps1000-n48,attest. resume p95 (s),,V1,nan,nan,nan,10
slow200-owned-v1-qps1000-n48,attest. resume p95 (s),,V2,2.8300485273768987,3.197767070083643,0.348968741344572,10
slow200-owned-v1-qps1000-n48,attest. resume p99 (s),,V1,nan,nan,nan,10
slow200-owned-v1-qps1000-n48,attest. resume p99 (s),,V2,3.421278396554712,3.7474033403170464,0.38980253514078234,10
slow200-owned-v1-qps1000-n48,num_inflight,,V1,1256.5,176.20116344678317,58.73372114892772,10
slow200-owned-v1-qps1000-n48,num_inflight,,V2,1665.9,249.57501878192858,83.19167292730951,10
slow200-owned-v1-qps1000-n48,CUs,,V1,nan,nan,nan,10
slow200-owned-v1-qps1000-n48,CUs,,V2,126744.38446079295,12069.607737931812,1035.3090799398638,10
slow200-owned-v48-qps1000-n48,TPS,,V1,62.482548686683124,54.679889683330536,2.632920366388973,10
slow200-owned-v48-qps1000-n48,TPS,,V2,63.71361410665528,47.16744853128073,1.5245018784629578,10
slow200-owned-v48-qps1000-n48,attest. full p50 (s),,V1,nan,nan,nan,10
slow200-owned-v48-qps1000-n48,attest. full p50 (s),,V2,0.9748864863752841,0.3126427162605549,0.02661763486785174,10
slow200-owned-v48-qps1000-n48,attest. full p95 (s),,V1,nan,nan,nan,10
slow200-owned-v48-qps1000-n48,attest. full p95 (s),,V2,3.516557518191831,0.813792577744629,0.08547726531689803,10
slow200-owned-v48-qps1000-n48,attest. full p99 (s),,V1,nan,nan,nan,10
slow200-owned-v48-qps1000-n48,attest. full p99 (s),,V2,4.7656989747694505,1.0205437085903668,0.10476966257603129,10
slow200-owned-v48-qps1000-n48,attest. / sec,,V1,0.0,0.0,0.0,10
slow200-owned-v48-qps1000-n48,attest. / sec,,V2,25.872653890824623,14.64057525694659,0.7611225111544937,10
slow200-owned-v48-qps1000-n48,host CPU,,V1,84.32038607085168,32.02772316867846,0.38031546357349144,10
slow200-owned-v48-qps1000-n48,host CPU,,V2,83.37699767080971,33.001714027163686,0.48249844678421255,10
slow200-owned-v48-qps1000-n48,rec. → exec. p50 (s),,V1,20.793122410951444,7.583326294846796,0.49631780804436726,10
slow200-owned-v48-qps1000-n48,rec. → exec. p50 (s),,V2,23.19662474937328,9.85247543395429,0.4136442842070581,10
slow200-owned-v48-qps1000-n48,rec. → exec. p95 (s),,V1,27.101881332882677,10.291907378433583,0.7442519203583788,10
slow200-owned-v48-qps1000-n48,rec. → exec. p95 (s),,V2,36.99831973789027,17.20365169093018,0.5080827713854777,10
slow200-owned-v48-qps1000-n48,rec. → exec. p99 (s),,V1,29.438155855766393,12.501736524569758,0.8674649318473645,10
slow200-owned-v48-qps1000-n48,rec. → exec. p99 (s),,V2,41.06677461394566,18.740885572167603,0.2527634494159611,10
slow200-owned-v48-qps1000-n48,pc valid. lat. p50 (s),,V1,0.028124958596715842,0.0466546660639422,0.004190011951745936,10
slow200-owned-v48-qps1000-n48,pc valid. lat. p50 (s),,V2,0.024985988077247466,0.03692300761668212,0.003999505380117718,10
slow200-owned-v48-qps1000-n48,pc valid. lat. p95 (s),,V1,0.2339115254332378,0.18671889489252974,0.022553581648222548,10
slow200-owned-v48-qps1000-n48,pc valid. lat. p95 (s),,V2,0.18348187734034135,0.14760071159725474,0.015676023261966928,10
slow200-owned-v48-qps1000-n48,exec. lat. p95 (s),,V1,1.785452733949284,0.38265832861275967,0.01700567470197703,10
slow200-owned-v48-qps1000-n48,exec. lat. p95 (s),,V2,1.7686260973815442,0.38373724662929726,0.017200386656305168,10
slow200-owned-v48-qps1000-n48,valid. drop. / sec,,V1,0.0,0.0,0.0,10
slow200-owned-v48-qps1000-n48,valid. drop. / sec,,V2,0.0,0.0,0.0,10
slow200-owned-v48-qps1000-n48,final. lat. p50 (s),,V1,nan,nan,nan,10
slow200-owned-v48-qps1000-n48,final. lat. p50 (s),,V2,nan,nan,nan,10
slow200-owned-v48-qps1000-n48,final. lat. p95 (s),,V1,nan,nan,nan,10
slow200-owned-v48-qps1000-n48,final. lat. p95 (s),,V2,nan,nan,nan,10
slow200-owned-v48-qps1000-n48,final. lat. p99 (s),,V1,nan,nan,nan,10
slow200-owned-v48-qps1000-n48,final. lat. p99 (s),,V2,nan,nan,nan,10
slow200-owned-v48-qps1000-n48,submit lat. p50 (s),,V1,nan,nan,nan,10
slow200-owned-v48-qps1000-n48,submit lat. p50 (s),,V2,nan,nan,nan,10
slow200-owned-v48-qps1000-n48,submit lat. p95 (s),,V1,nan,nan,nan,10
slow200-owned-v48-qps1000-n48,submit lat. p95 (s),,V2,nan,nan,nan,10
slow200-owned-v48-qps1000-n48,ckpt lag p50 (s),,V1,16.681166047472757,10.12216058806998,0.48492341694495333,10
slow200-owned-v48-qps1000-n48,ckpt lag p50 (s),,V2,16.54075906068641,9.796983980528196,0.4213669060893901,10
slow200-owned-v48-qps1000-n48,ckpt lag p95 (s),,V1,30.015710897058284,18.497791244243842,1.4525595892202618,10
slow200-owned-v48-qps1000-n48,ckpt lag p95 (s),,V2,29.622243550890122,18.10746000177388,0.6357015336776506,10
slow200-owned-v48-qps1000-n48,ckpt lag p99 (s),,V1,34.817504546760375,20.52202044695473,1.183583243386897,10
slow200-owned-v48-qps1000-n48,ckpt lag p99 (s),,V2,34.77396081565031,20.702057647265498,0.2939876122360283,10
slow200-owned-v48-qps1000-n48,exec. dispatch queue,,V1,1594.1,304.7101737717335,101.57005792391116,10
slow200-owned-v48-qps1000-n48,exec. dispatch queue,,V2,1465.9,214.79499528620306,71.59833176206769,10
slow200-owned-v48-qps1000-n48,pending txs,,V1,19.0,5.176871642217914,1.7256238807393045,10
slow200-owned-v48-qps1000-n48,pending txs,,V2,20.0,6.06630035524124,2.022100118413747,10
slow200-owned-v48-qps1000-n48,exec. queue. delay p95 (s),,V1,9.536378022350393,7.524230045418026,0.9436528838518032,10
slow200-owned-v48-qps1000-n48,exec. queue. delay p95 (s),,V2,7.898257191489499,6.579372119635132,0.7098841967600628,10
slow200-owned-v48-qps1000-n48,post-cons shed drops / sec,,V1,13.477859968151229,42.232806748598506,5.971350982589225,10
slow200-owned-v48-qps1000-n48,post-cons shed drops / sec,,V2,16.571194347657762,53.21741884563102,6.669404843788726,10
slow200-owned-v48-qps1000-n48,shed % quorum,,V1,32.0,26.739483914241877,8.913161304747291,10
slow200-owned-v48-qps1000-n48,shed % quorum,,V2,28.8,24.036638700117784,8.012212900039263,10
slow200-owned-v48-qps1000-n48,shed % local,,V1,71.6,6.1838499334961226,2.0612833111653743,10
slow200-owned-v48-qps1000-n48,shed % local,,V2,73.2,4.422668877499196,1.4742229591663987,10
slow200-owned-v48-qps1000-n48,shed % cons-queue,,V1,0.0,0.0,0.0,10
slow200-owned-v48-qps1000-n48,shed % cons-queue,,V2,0.0,0.0,0.0,10
slow200-owned-v48-qps1000-n48,pre-cons overload rej / sec,,V1,nan,nan,nan,10
slow200-owned-v48-qps1000-n48,pre-cons overload rej / sec,,V2,nan,nan,nan,10
slow200-owned-v48-qps1000-n48,node CPU,,V1,2.1726476860287276,0.5305487152659579,0.00827199669037649,10
slow200-owned-v48-qps1000-n48,node CPU,,V2,2.2359634181915107,0.5748164513765474,0.013937411284677284,10
slow200-owned-v48-qps1000-n48,node memory RSS (bytes),,V1,1380326340.3338583,34016079.17590325,1749472.0369077693,10
slow200-owned-v48-qps1000-n48,node memory RSS (bytes),,V2,1399527190.6835444,36891576.23925147,2646336.713824485,10
slow200-owned-v48-qps1000-n48,overload graduated / sec,,V1,nan,nan,nan,10
slow200-owned-v48-qps1000-n48,overload graduated / sec,,V2,nan,nan,nan,10
slow200-owned-v48-qps1000-n48,overload max-pending / sec,,V1,nan,nan,nan,10
slow200-owned-v48-qps1000-n48,overload max-pending / sec,,V2,nan,nan,nan,10
slow200-owned-v48-qps1000-n48,overload semaphore / sec,,V1,nan,nan,nan,10
slow200-owned-v48-qps1000-n48,overload semaphore / sec,,V2,nan,nan,nan,10
slow200-owned-v48-qps1000-n48,attest. exec p50 (s),,V1,nan,nan,nan,10
slow200-owned-v48-qps1000-n48,attest. exec p50 (s),,V2,0.397538176025709,0.09699581016681341,0.007929805986251225,10
slow200-owned-v48-qps1000-n48,attest. exec p95 (s),,V1,nan,nan,nan,10
slow200-owned-v48-qps1000-n48,attest. exec p95 (s),,V2,1.00988228954495,0.16006761016230125,0.01150914777781685,10
slow200-owned-v48-qps1000-n48,attest. exec p99 (s),,V1,nan,nan,nan,10
slow200-owned-v48-qps1000-n48,attest. exec p99 (s),,V2,1.22910473581145,0.15014139035425353,0.013992588347042487,10
slow200-owned-v48-qps1000-n48,attest. wait p50 (s),,V1,nan,nan,nan,10
slow200-owned-v48-qps1000-n48,attest. wait p50 (s),,V2,0.37389094905315706,0.3069883412847626,0.02433308402346243,10
slow200-owned-v48-qps1000-n48,attest. wait p95 (s),,V1,nan,nan,nan,10
slow200-owned-v48-qps1000-n48,attest. wait p95 (s),,V2,2.8222306400285166,0.8349241602606043,0.08428832148186757,10
slow200-owned-v48-qps1000-n48,attest. wait p99 (s),,V1,nan,nan,nan,10
slow200-owned-v48-qps1000-n48,attest. wait p99 (s),,V2,4.029720407725144,1.019170462268523,0.09990975156806114,10
slow200-owned-v48-qps1000-n48,attest. resume p50 (s),,V1,nan,nan,nan,10
slow200-owned-v48-qps1000-n48,attest. resume p50 (s),,V2,0.00736702282205822,0.005697984057561737,0.00045076536849988875,10
slow200-owned-v48-qps1000-n48,attest. resume p95 (s),,V1,nan,nan,nan,10
slow200-owned-v48-qps1000-n48,attest. resume p95 (s),,V2,0.32410842314098354,0.3335013552592893,0.033393846178767866,10
slow200-owned-v48-qps1000-n48,attest. resume p99 (s),,V1,nan,nan,nan,10
slow200-owned-v48-qps1000-n48,attest. resume p99 (s),,V2,0.7939117155017882,0.6306718311347909,0.0634614605768027,10
slow200-owned-v48-qps1000-n48,num_inflight,,V1,306.6,33.47297417320427,11.157658057734755,10
slow200-owned-v48-qps1000-n48,num_inflight,,V2,280.9,29.8243189360629,9.9414396453543,10
slow200-owned-v48-qps1000-n48,CUs,,V1,nan,nan,nan,10
slow200-owned-v48-qps1000-n48,CUs,,V2,127954.4279125022,106.40030545434236,4.365468450937846,10
slow200-owned-f1-qps2000-n48,TPS,,V1,50.96123547379794,55.874414356287616,2.8832810601816434,10
slow200-owned-f1-qps2000-n48,TPS,,V2,43.919810557063634,40.60056974113999,2.3172626644259635,10
slow200-owned-f1-qps2000-n48,attest. full p50 (s),,V1,nan,nan,nan,10
slow200-owned-f1-qps2000-n48,attest. full p50 (s),,V2,1.2329032056661615,0.4182527409497642,0.051495189750816545,10
slow200-owned-f1-qps2000-n48,attest. full p95 (s),,V1,nan,nan,nan,10
slow200-owned-f1-qps2000-n48,attest. full p95 (s),,V2,3.8037464989469734,1.010350105369982,0.0976858372184703,10
slow200-owned-f1-qps2000-n48,attest. full p99 (s),,V1,nan,nan,nan,10
slow200-owned-f1-qps2000-n48,attest. full p99 (s),,V2,5.261813459654436,1.482857892975627,0.13125472861673357,10
slow200-owned-f1-qps2000-n48,attest. / sec,,V1,0.0,0.0,0.0,10
slow200-owned-f1-qps2000-n48,attest. / sec,,V2,31.93693772702393,17.595968705841216,1.2785966211524789,10
slow200-owned-f1-qps2000-n48,host CPU,,V1,84.59244061033212,31.91264177514011,0.41584050393967115,10
slow200-owned-f1-qps2000-n48,host CPU,,V2,84.44267946009784,31.648546215798497,0.376299794197313,10
slow200-owned-f1-qps2000-n48,rec. → exec. p50 (s),,V1,28.220165686144604,15.458004209887909,0.22906680456964076,10
slow200-owned-f1-qps2000-n48,rec. → exec. p50 (s),,V2,29.373605290548028,15.434799502682864,0.24357958754925157,10
slow200-owned-f1-qps2000-n48,rec. → exec. p95 (s),,V1,37.03745589703148,20.348273805139474,0.2382631352560795,10
slow200-owned-f1-qps2000-n48,rec. → exec. p95 (s),,V2,38.38076167462362,20.311720751201392,0.29667611540431754,10
slow200-owned-f1-qps2000-n48,rec. → exec. p99 (s),,V1,38.1307981912292,20.744223355484245,0.27136532364081745,10
slow200-owned-f1-qps2000-n48,rec. → exec. p99 (s),,V2,39.53026616766418,20.743825574453634,0.2925076795751591,10
slow200-owned-f1-qps2000-n48,pc valid. lat. p50 (s),,V1,0.05242972307792275,0.16651093030764338,0.02684190116435155,10
slow200-owned-f1-qps2000-n48,pc valid. lat. p50 (s),,V2,0.026256435438160627,0.05630423803550943,0.006296065982870841,10
slow200-owned-f1-qps2000-n48,pc valid. lat. p95 (s),,V1,0.2873079266874035,0.40540040356387264,0.059229563529406816,10
slow200-owned-f1-qps2000-n48,pc valid. lat. p95 (s),,V2,0.18940180221968844,0.21522194151034185,0.03084741877047164,10
slow200-owned-f1-qps2000-n48,exec. lat. p95 (s),,V1,1.7663675901959246,0.4270296896985033,0.0153957442396754,10
slow200-owned-f1-qps2000-n48,exec. lat. p95 (s),,V2,1.7536143106603235,0.45419182686740883,0.017891591532375482,10
slow200-owned-f1-qps2000-n48,valid. drop. / sec,,V1,0.0,0.0,0.0,10
slow200-owned-f1-qps2000-n48,valid. drop. / sec,,V2,0.0,0.0,0.0,10
slow200-owned-f1-qps2000-n48,final. lat. p50 (s),,V1,14.14224779335514,8.168360049055927,0.4276770192866104,10
slow200-owned-f1-qps2000-n48,final. lat. p50 (s),,V2,14.446793467225095,8.392569755482052,0.6008089718428465,10
slow200-owned-f1-qps2000-n48,final. lat. p95 (s),,V1,21.004049637289153,12.52240381211674,0.7621821574404749,10
slow200-owned-f1-qps2000-n48,final. lat. p95 (s),,V2,20.481453100277392,11.114227525646557,0.9204370034173951,10
slow200-owned-f1-qps2000-n48,final. lat. p99 (s),,V1,24.39432856847401,15.557071380170544,0.7554642870384429,10
slow200-owned-f1-qps2000-n48,final. lat. p99 (s),,V2,22.688433467713683,12.891450506263318,1.1786625142266187,10
slow200-owned-f1-qps2000-n48,submit lat. p50 (s),,V1,2.220879199090393,1.4079277779428836,0.09769190854600523,10
slow200-owned-f1-qps2000-n48,submit lat. p50 (s),,V2,4.960281378182778,2.7570893744817013,0.27741716600035493,10
slow200-owned-f1-qps2000-n48,submit lat. p95 (s),,V1,6.337524763553982,3.7091240502954617,0.1909657096827736,10
slow200-owned-f1-qps2000-n48,submit lat. p95 (s),,V2,10.96243065058364,5.512237807612627,0.3409491589501447,10
slow200-owned-f1-qps2000-n48,ckpt lag p50 (s),,V1,22.732881179274056,17.41545525384784,0.40892709208596906,10
slow200-owned-f1-qps2000-n48,ckpt lag p50 (s),,V2,21.565042016844046,17.25703480641557,0.3798353194638983,10
slow200-owned-f1-qps2000-n48,ckpt lag p95 (s),,V1,33.4207148803901,22.778154135562605,0.5068966733072088,10
slow200-owned-f1-qps2000-n48,ckpt lag p95 (s),,V2,31.71121938099351,22.470440618762684,0.5281720243009614,10
slow200-owned-f1-qps2000-n48,ckpt lag p99 (s),,V1,35.47924622401293,22.902449821655356,0.47362513886253893,10
slow200-owned-f1-qps2000-n48,ckpt lag p99 (s),,V2,34.215833393329746,22.669184363960884,0.5085671764437463,10
slow200-owned-f1-qps2000-n48,exec. dispatch queue,,V1,2380.5,357.7376832261315,119.2458944087105,10
slow200-owned-f1-qps2000-n48,exec. dispatch queue,,V2,2545.7,349.32107007737164,116.44035669245721,10
slow200-owned-f1-qps2000-n48,pending txs,,V1,23.8,4.955804677345546,1.6519348924485155,10
slow200-owned-f1-qps2000-n48,pending txs,,V2,25.0,3.8987177379235853,1.2995725793078619,10
slow200-owned-f1-qps2000-n48,exec. queue. delay p95 (s),,V1,11.73283885533474,9.562266352208065,0.6031134328446991,10
slow200-owned-f1-qps2000-n48,exec. queue. delay p95 (s),,V2,10.317474552806452,10.347908634040307,1.0309019167112468,10
slow200-owned-f1-qps2000-n48,post-cons shed drops / sec,,V1,4.1445228143504,16.082216477303636,1.7413595410862224,10
slow200-owned-f1-qps2000-n48,post-cons shed drops / sec,,V2,1.577742946708464,8.590341870366494,0.7978733261728053,10
slow200-owned-f1-qps2000-n48,shed % quorum,,V1,33.3,33.1,11.033333333333331,10
slow200-owned-f1-qps2000-n48,shed % quorum,,V2,22.0,28.611186623417073,9.53706220780569,10
slow200-owned-f1-qps2000-n48,shed % local,,V1,78.5,6.360031446463139,2.1200104821543793,10
slow200-owned-f1-qps2000-n48,shed % local,,V2,84.3,6.8854919940408035,2.2951639980136007,10
slow200-owned-f1-qps2000-n48,shed % cons-queue,,V1,0.0,0.0,0.0,10
slow200-owned-f1-qps2000-n48,shed % cons-queue,,V2,0.0,0.0,0.0,10
slow200-owned-f1-qps2000-n48,pre-cons overload rej / sec,,V1,5.850326797385621,5.365308719585195,nan,10
slow200-owned-f1-qps2000-n48,pre-cons overload rej / sec,,V2,nan,nan,nan,10
slow200-owned-f1-qps2000-n48,node CPU,,V1,2.3749347985090097,0.6261267503615993,0.030547610748010542,10
slow200-owned-f1-qps2000-n48,node CPU,,V2,2.328882973596504,0.5882671261670073,0.024680798368818282,10
slow200-owned-f1-qps2000-n48,node memory RSS (bytes),,V1,1386944899.9751554,26356081.568035495,4208186.058358848,10
slow200-owned-f1-qps2000-n48,node memory RSS (bytes),,V2,1442745975.4930449,40274290.941173926,5842295.373639874,10
slow200-owned-f1-qps2000-n48,overload graduated / sec,,V1,nan,nan,nan,10
slow200-owned-f1-qps2000-n48,overload graduated / sec,,V2,nan,nan,nan,10
slow200-owned-f1-qps2000-n48,overload max-pending / sec,,V1,nan,nan,nan,10
slow200-owned-f1-qps2000-n48,overload max-pending / sec,,V2,nan,nan,nan,10
slow200-owned-f1-qps2000-n48,overload semaphore / sec,,V1,5.850326797385621,5.365308719585195,nan,10
slow200-owned-f1-qps2000-n48,overload semaphore / sec,,V2,nan,nan,nan,10
slow200-owned-f1-qps2000-n48,attest. exec p50 (s),,V1,nan,nan,nan,10
slow200-owned-f1-qps2000-n48,attest. exec p50 (s),,V2,0.373041288929848,0.087748551733343,0.005756994894400399,10
slow200-owned-f1-qps2000-n48,attest. exec p95 (s),,V1,nan,nan,nan,10
slow200-owned-f1-qps2000-n48,attest. exec p95 (s),,V2,0.974064709071563,0.20637573944374105,0.013358608521145803,10
slow200-owned-f1-qps2000-n48,attest. exec p99 (s),,V1,nan,nan,nan,10
slow200-owned-f1-qps2000-n48,attest. exec p99 (s),,V2,1.2118696480323998,0.21650646854239528,0.011362989869459586,10
slow200-owned-f1-qps2000-n48,attest. wait p50 (s),,V1,nan,nan,nan,10
slow200-owned-f1-qps2000-n48,attest. wait p50 (s),,V2,0.48919370741736246,0.4472397123663266,0.041104188022469325,10
slow200-owned-f1-qps2000-n48,attest. wait p95 (s),,V1,nan,nan,nan,10
slow200-owned-f1-qps2000-n48,attest. wait p95 (s),,V2,3.0692954209387624,0.9853986331623997,0.10410667591017671,10
slow200-owned-f1-qps2000-n48,attest. wait p99 (s),,V1,nan,nan,nan,10
slow200-owned-f1-qps2000-n48,attest. wait p99 (s),,V2,4.519428110586136,1.3886878610668727,0.13657663837405917,10
slow200-owned-f1-qps2000-n48,attest. resume p50 (s),,V1,nan,nan,nan,10
slow200-owned-f1-qps2000-n48,attest. resume p50 (s),,V2,0.019619658628451827,0.025196012356978638,0.002477467269451103,10
slow200-owned-f1-qps2000-n48,attest. resume p95 (s),,V1,nan,nan,nan,10
slow200-owned-f1-qps2000-n48,attest. resume p95 (s),,V2,0.963735440940519,0.8355439841389793,0.06544422302477185,10
slow200-owned-f1-qps2000-n48,attest. resume p99 (s),,V1,nan,nan,nan,10
slow200-owned-f1-qps2000-n48,attest. resume p99 (s),,V2,1.6812750036984727,1.1602364020327731,0.07594339405075415,10
slow200-owned-f1-qps2000-n48,num_inflight,,V1,493.0,143.7379560171912,47.9126520057304,10
slow200-owned-f1-qps2000-n48,num_inflight,,V2,516.3,144.75776317697094,48.25258772565697,10
slow200-owned-f1-qps2000-n48,CUs,,V1,nan,nan,nan,10
slow200-owned-f1-qps2000-n48,CUs,,V2,126819.62827309986,10382.787002083129,807.4916277035347,10
slow200-owned-v1-qps2000-n48,TPS,,V1,67.20262502580061,36.0931099666172,0.6981148533179298,10
slow200-owned-v1-qps2000-n48,TPS,,V2,49.60942336375451,34.7273911375172,1.842472913534729,10
slow200-owned-v1-qps2000-n48,attest. full p50 (s),,V1,nan,nan,nan,10
slow200-owned-v1-qps2000-n48,attest. full p50 (s),,V2,1.5132398179875328,1.500983389216983,0.16659034056508756,10
slow200-owned-v1-qps2000-n48,attest. full p95 (s),,V1,nan,nan,nan,10
slow200-owned-v1-qps2000-n48,attest. full p95 (s),,V2,4.829261477568425,3.7193923408028344,0.4782579423427818,10
slow200-owned-v1-qps2000-n48,attest. full p99 (s),,V1,nan,nan,nan,10
slow200-owned-v1-qps2000-n48,attest. full p99 (s),,V2,5.744855634165319,4.268901912452238,0.5931557027706671,10
slow200-owned-v1-qps2000-n48,attest. / sec,,V1,0.0,0.0,0.0,10
slow200-owned-v1-qps2000-n48,attest. / sec,,V2,66.53113085744664,92.10729623378755,3.9002144638040566,10
slow200-owned-v1-qps2000-n48,host CPU,,V1,83.56860719388189,32.819715840755386,0.24627050829390215,10
slow200-owned-v1-qps2000-n48,host CPU,,V2,83.62060750566616,31.857528498338908,0.27702401606413873,10
slow200-owned-v1-qps2000-n48,rec. → exec. p50 (s),,V1,24.310695034191234,13.82658042552135,0.8744131372322543,10
slow200-owned-v1-qps2000-n48,rec. → exec. p50 (s),,V2,24.313872143004563,13.889453184731824,1.3685046023696625,10
slow200-owned-v1-qps2000-n48,rec. → exec. p95 (s),,V1,38.07441280474936,19.5423535392821,0.5532166743262631,10
slow200-owned-v1-qps2000-n48,rec. → exec. p95 (s),,V2,35.39269917593107,18.903788847382646,1.8049922969333747,10
slow200-owned-v1-qps2000-n48,rec. → exec. p99 (s),,V1,40.35152619927987,20.108516127082677,0.43811040857810446,10
slow200-owned-v1-qps2000-n48,rec. → exec. p99 (s),,V2,37.58843146220786,19.502105398284893,1.8749465817075535,10
slow200-owned-v1-qps2000-n48,pc valid. lat. p50 (s),,V1,0.0016060741999200064,0.003944825079194642,0.00042571135124941253,10
slow200-owned-v1-qps2000-n48,pc valid. lat. p50 (s),,V2,0.00028807590835050825,4.8089300983403396e-05,5.0153337901893695e-06,10
slow200-owned-v1-qps2000-n48,pc valid. lat. p95 (s),,V1,0.10902810972323343,0.10174956015394268,0.010150823447638476,10
slow200-owned-v1-qps2000-n48,pc valid. lat. p95 (s),,V2,0.02800181485477206,0.04254759090800023,0.0048940341598828685,10
slow200-owned-v1-qps2000-n48,exec. lat. p95 (s),,V1,1.705080488981689,0.39060368262064604,0.018917402713075848,10
slow200-owned-v1-qps2000-n48,exec. lat. p95 (s),,V2,1.2708623600631141,0.6606204045407866,0.054241117543554825,10
slow200-owned-v1-qps2000-n48,valid. drop. / sec,,V1,0.0,0.0,0.0,10
slow200-owned-v1-qps2000-n48,valid. drop. / sec,,V2,0.0,0.0,0.0,10
slow200-owned-v1-qps2000-n48,final. lat. p50 (s),,V1,nan,nan,nan,10
slow200-owned-v1-qps2000-n48,final. lat. p50 (s),,V2,nan,nan,nan,10
slow200-owned-v1-qps2000-n48,final. lat. p95 (s),,V1,nan,nan,nan,10
slow200-owned-v1-qps2000-n48,final. lat. p95 (s),,V2,nan,nan,nan,10
slow200-owned-v1-qps2000-n48,final. lat. p99 (s),,V1,nan,nan,nan,10
slow200-owned-v1-qps2000-n48,final. lat. p99 (s),,V2,nan,nan,nan,10
slow200-owned-v1-qps2000-n48,submit lat. p50 (s),,V1,nan,nan,nan,10
slow200-owned-v1-qps2000-n48,submit lat. p50 (s),,V2,nan,nan,nan,10
slow200-owned-v1-qps2000-n48,submit lat. p95 (s),,V1,nan,nan,nan,10
slow200-owned-v1-qps2000-n48,submit lat. p95 (s),,V2,nan,nan,nan,10
slow200-owned-v1-qps2000-n48,ckpt lag p50 (s),,V1,8.177492979301363,4.894596347840253,0.18424637321830917,10
slow200-owned-v1-qps2000-n48,ckpt lag p50 (s),,V2,2.8814075407442505,3.791303690087728,0.42306491955796527,10
slow200-owned-v1-qps2000-n48,ckpt lag p95 (s),,V1,13.864998455342938,5.630432230071348,0.32032712310046296,10
slow200-owned-v1-qps2000-n48,ckpt lag p95 (s),,V2,6.876417013988339,5.60831919889747,0.5608031486135716,10
slow200-owned-v1-qps2000-n48,ckpt lag p99 (s),,V1,16.06520240745022,6.425587814471911,0.41617864643416674,10
slow200-owned-v1-qps2000-n48,ckpt lag p99 (s),,V2,9.950916152923018,5.985227990129093,0.5502239106626134,10
slow200-owned-v1-qps2000-n48,exec. dispatch queue,,V1,748.6,45.34798782746594,15.115995942488649,10
slow200-owned-v1-qps2000-n48,exec. dispatch queue,,V2,654.3,154.79021286890202,51.59673762296733,10
slow200-owned-v1-qps2000-n48,pending txs,,V1,16.4,5.517245689653489,1.8390818965511628,10
slow200-owned-v1-qps2000-n48,pending txs,,V2,11.7,3.848376280978772,1.2827920936595905,10
slow200-owned-v1-qps2000-n48,exec. queue. delay p95 (s),,V1,3.176004956644187,1.703220253692055,0.16063367912211504,10
slow200-owned-v1-qps2000-n48,exec. queue. delay p95 (s),,V2,2.5631319750207107,1.8626957882013235,0.32094796817489357,10
slow200-owned-v1-qps2000-n48,post-cons shed drops / sec,,V1,14.803728768577495,23.352266209915665,1.891887079030472,10
slow200-owned-v1-qps2000-n48,post-cons shed drops / sec,,V2,1.8305865674286728,6.258925401762977,0.8588318157304465,10
slow200-owned-v1-qps2000-n48,shed % quorum,,V1,29.3,6.2617888817813085,2.0872629605937694,10
slow200-owned-v1-qps2000-n48,shed % quorum,,V2,23.3,14.812494725737457,4.937498241912485,10
slow200-owned-v1-qps2000-n48,shed % local,,V1,54.1,5.717516943569122,1.9058389811897074,10
slow200-owned-v1-qps2000-n48,shed % local,,V2,52.4,9.178235124467014,3.059411708155671,10
slow200-owned-v1-qps2000-n48,shed % cons-queue,,V1,0.0,0.0,0.0,10
slow200-owned-v1-qps2000-n48,shed % cons-queue,,V2,0.0,0.0,0.0,10
slow200-owned-v1-qps2000-n48,pre-cons overload rej / sec,,V1,256.35596854791294,168.37855417602904,15.443117878207419,10
slow200-owned-v1-qps2000-n48,pre-cons overload rej / sec,,V2,254.48334039149256,223.3742501172026,18.57525056497456,10
slow200-owned-v1-qps2000-n48,node CPU,,V1,2.1088486355745935,0.5189308829394147,0.005369970759581818,10
slow200-owned-v1-qps2000-n48,node CPU,,V2,3.1395718636998065,1.6288953044533288,0.07527140241330138,10
slow200-owned-v1-qps2000-n48,node memory RSS (bytes),,V1,1400369315.5883257,32493531.823165197,3005755.564409122,10
slow200-owned-v1-qps2000-n48,node memory RSS (bytes),,V2,1544635089.706337,101204088.20923369,6988970.940087749,10
slow200-owned-v1-qps2000-n48,overload graduated / sec,,V1,nan,nan,nan,10
slow200-owned-v1-qps2000-n48,overload graduated / sec,,V2,nan,nan,nan,10
slow200-owned-v1-qps2000-n48,overload max-pending / sec,,V1,nan,nan,nan,10
slow200-owned-v1-qps2000-n48,overload max-pending / sec,,V2,nan,nan,nan,10
slow200-owned-v1-qps2000-n48,overload semaphore / sec,,V1,256.15147413286303,169.33596271510007,15.397843348284924,10
slow200-owned-v1-qps2000-n48,overload semaphore / sec,,V2,278.4122303622304,309.41558314606004,32.23253566925853,10
slow200-owned-v1-qps2000-n48,attest. exec p50 (s),,V1,nan,nan,nan,10
slow200-owned-v1-qps2000-n48,attest. exec p50 (s),,V2,0.14486423408685986,0.1791272267818326,0.019466868016638154,10
slow200-owned-v1-qps2000-n48,attest. exec p95 (s),,V1,nan,nan,nan,10
slow200-owned-v1-qps2000-n48,attest. exec p95 (s),,V2,0.3625183542572488,0.26412854452556106,0.02688561884846287,10
slow200-owned-v1-qps2000-n48,attest. exec p99 (s),,V1,nan,nan,nan,10
slow200-owned-v1-qps2000-n48,attest. exec p99 (s),,V2,0.48703264934371715,0.29723580842875696,0.03643133008631149,10
slow200-owned-v1-qps2000-n48,attest. wait p50 (s),,V1,nan,nan,nan,10
slow200-owned-v1-qps2000-n48,attest. wait p50 (s),,V2,0.5208122165149313,0.6336654641089322,0.07521086138970445,10
slow200-owned-v1-qps2000-n48,attest. wait p95 (s),,V1,nan,nan,nan,10
slow200-owned-v1-qps2000-n48,attest. wait p95 (s),,V2,2.029589597973517,1.1309218204720182,0.17068246468716486,10
slow200-owned-v1-qps2000-n48,attest. wait p99 (s),,V1,nan,nan,nan,10
slow200-owned-v1-qps2000-n48,attest. wait p99 (s),,V2,3.024640781962003,1.5664030331878527,0.23992742731934197,10
slow200-owned-v1-qps2000-n48,attest. resume p50 (s),,V1,nan,nan,nan,10
slow200-owned-v1-qps2000-n48,attest. resume p50 (s),,V2,0.7690225810058935,1.1865353976882982,0.1648528987989073,10
slow200-owned-v1-qps2000-n48,attest. resume p95 (s),,V1,nan,nan,nan,10
slow200-owned-v1-qps2000-n48,attest. resume p95 (s),,V2,3.115838656241888,3.1950984194650927,0.39740844850151585,10
slow200-owned-v1-qps2000-n48,attest. resume p99 (s),,V1,nan,nan,nan,10
slow200-owned-v1-qps2000-n48,attest. resume p99 (s),,V2,3.7285531204918207,3.7496571995691377,0.47596635641013196,10
slow200-owned-v1-qps2000-n48,num_inflight,,V1,1694.9,267.5019439181704,89.16731463939013,10
slow200-owned-v1-qps2000-n48,num_inflight,,V2,2329.8,611.3582910209037,203.7860970069679,10
slow200-owned-v1-qps2000-n48,CUs,,V1,nan,nan,nan,10
slow200-owned-v1-qps2000-n48,CUs,,V2,127634.46471738051,989.058818724863,71.84836853175538,10
slow200-owned-v48-qps2000-n48,TPS,,V1,40.346617648682695,54.56716382485017,3.7468404501238517,10
slow200-owned-v48-qps2000-n48,TPS,,V2,35.227421408766986,34.29676330899035,2.8450749361903505,10
slow200-owned-v48-qps2000-n48,attest. full p50 (s),,V1,nan,nan,nan,10
slow200-owned-v48-qps2000-n48,attest. full p50 (s),,V2,1.4235549276347976,0.3215584036111552,0.03087412371838881,10
slow200-owned-v48-qps2000-n48,attest. full p95 (s),,V1,nan,nan,nan,10
slow200-owned-v48-qps2000-n48,attest. full p95 (s),,V2,4.192148685985935,0.7553535687678474,0.06447805296884888,10
slow200-owned-v48-qps2000-n48,attest. full p99 (s),,V1,nan,nan,nan,10
slow200-owned-v48-qps2000-n48,attest. full p99 (s),,V2,5.829069077606756,1.0829230570066186,0.0933205965555315,10
slow200-owned-v48-qps2000-n48,attest. / sec,,V1,0.0,0.0,0.0,10
slow200-owned-v48-qps2000-n48,attest. / sec,,V2,39.33141130735028,19.478720448658297,0.7933064044354903,10
slow200-owned-v48-qps2000-n48,host CPU,,V1,84.10774591996635,32.13397420814816,0.2728625770781702,10
slow200-owned-v48-qps2000-n48,host CPU,,V2,84.88680300134348,31.28706731636362,0.32214928546434113,10
slow200-owned-v48-qps2000-n48,rec. → exec. p50 (s),,V1,30.393896466015235,15.494331210554488,0.20657282267188118,10
slow200-owned-v48-qps2000-n48,rec. → exec. p50 (s),,V2,30.496122729991146,15.193023076307556,0.3110395760614764,10
slow200-owned-v48-qps2000-n48,rec. → exec. p95 (s),,V1,39.9099501699536,19.853580873583944,0.2909827749922492,10
slow200-owned-v48-qps2000-n48,rec. → exec. p95 (s),,V2,40.26918048669174,19.45709692734738,0.2697296717036957,10
slow200-owned-v48-qps2000-n48,rec. → exec. p99 (s),,V1,41.079927774471415,20.103287952349383,0.32557692725743553,10
slow200-owned-v48-qps2000-n48,rec. → exec. p99 (s),,V2,41.51911041244261,19.902077734836293,0.2674396243422475,10
slow200-owned-v48-qps2000-n48,pc valid. lat. p50 (s),,V1,0.04437373218172369,0.07314379210356364,0.010214295619529494,10
slow200-owned-v48-qps2000-n48,pc valid. lat. p50 (s),,V2,0.04062408440386123,0.0528742652905121,0.0075882259831932305,10
slow200-owned-v48-qps2000-n48,pc valid. lat. p95 (s),,V1,0.3696024415083269,0.505451069579795,0.07322121465295638,10
slow200-owned-v48-qps2000-n48,pc valid. lat. p95 (s),,V2,0.32322250203691805,0.37382200141246713,0.031985466178562766,10
slow200-owned-v48-qps2000-n48,exec. lat. p95 (s),,V1,1.7865069142443049,0.4041189032417754,0.011153855785030113,10
slow200-owned-v48-qps2000-n48,exec. lat. p95 (s),,V2,1.802450210308478,0.4082299946753603,0.014809797298070342,10
slow200-owned-v48-qps2000-n48,valid. drop. / sec,,V1,0.0,0.0,0.0,10
slow200-owned-v48-qps2000-n48,valid. drop. / sec,,V2,0.0,0.0,0.0,10
slow200-owned-v48-qps2000-n48,final. lat. p50 (s),,V1,nan,nan,nan,10
slow200-owned-v48-qps2000-n48,final. lat. p50 (s),,V2,nan,nan,nan,10
slow200-owned-v48-qps2000-n48,final. lat. p95 (s),,V1,nan,nan,nan,10
slow200-owned-v48-qps2000-n48,final. lat. p95 (s),,V2,nan,nan,nan,10
slow200-owned-v48-qps2000-n48,final. lat. p99 (s),,V1,nan,nan,nan,10
slow200-owned-v48-qps2000-n48,final. lat. p99 (s),,V2,nan,nan,nan,10
slow200-owned-v48-qps2000-n48,submit lat. p50 (s),,V1,nan,nan,nan,10
slow200-owned-v48-qps2000-n48,submit lat. p50 (s),,V2,nan,nan,nan,10
slow200-owned-v48-qps2000-n48,submit lat. p95 (s),,V1,nan,nan,nan,10
slow200-owned-v48-qps2000-n48,submit lat. p95 (s),,V2,nan,nan,nan,10
slow200-owned-v48-qps2000-n48,ckpt lag p50 (s),,V1,24.02898961027211,18.373145302554867,0.2726003976849235,10
slow200-owned-v48-qps2000-n48,ckpt lag p50 (s),,V2,22.581938256192018,18.00388712789845,0.2532743299507303,10
slow200-owned-v48-qps2000-n48,ckpt lag p95 (s),,V1,34.53811546206681,22.735540213287244,0.42131563518565907,10
slow200-owned-v48-qps2000-n48,ckpt lag p95 (s),,V2,32.48155697892179,22.41748933925096,0.3436702719695305,10
slow200-owned-v48-qps2000-n48,ckpt lag p99 (s),,V1,36.51219701045857,22.750528797083856,0.4397042719247905,10
slow200-owned-v48-qps2000-n48,ckpt lag p99 (s),,V2,34.52931070361953,22.365515893687665,0.45164494768519986,10
slow200-owned-v48-qps2000-n48,exec. dispatch queue,,V1,3218.1,460.1789760517097,153.39299201723654,10
slow200-owned-v48-qps2000-n48,exec. dispatch queue,,V2,3071.1,414.5104220643915,138.1701406881305,10
slow200-owned-v48-qps2000-n48,pending txs,,V1,20.8,6.63023378170031,2.2100779272334368,10
slow200-owned-v48-qps2000-n48,pending txs,,V2,23.8,2.749545416973504,0.9165151389911679,10
slow200-owned-v48-qps2000-n48,exec. queue. delay p95 (s),,V1,17.141833638157436,16.90088892528611,1.4390524795651896,10
slow200-owned-v48-qps2000-n48,exec. queue. delay p95 (s),,V2,11.965810626687388,11.401943517507126,0.6047308065521022,10
slow200-owned-v48-qps2000-n48,post-cons shed drops / sec,,V1,2.4041934119520327,22.80770641823847,1.5994110511728254,10
slow200-owned-v48-qps2000-n48,post-cons shed drops / sec,,V2,2.156111359515115,9.329082123887261,0.8853168258797707,10
slow200-owned-v48-qps2000-n48,shed % quorum,,V1,16.0,32.028112651231886,10.676037550410628,10
slow200-owned-v48-qps2000-n48,shed % quorum,,V2,31.5,37.76307720512194,12.58769240170731,10
slow200-owned-v48-qps2000-n48,shed % local,,V1,81.1,4.657252408878007,1.552417469626002,10
slow200-owned-v48-qps2000-n48,shed % local,,V2,88.4,3.0066592756745814,1.0022197585581938,10
slow200-owned-v48-qps2000-n48,shed % cons-queue,,V1,0.0,0.0,0.0,10
slow200-owned-v48-qps2000-n48,shed % cons-queue,,V2,0.0,0.0,0.0,10
slow200-owned-v48-qps2000-n48,pre-cons overload rej / sec,,V1,17.98042328042328,10.686036919251803,7.09805996472663,10
slow200-owned-v48-qps2000-n48,pre-cons overload rej / sec,,V2,nan,nan,nan,10
slow200-owned-v48-qps2000-n48,node CPU,,V1,2.3144887309822035,0.562290072706088,0.010010502615040898,10
slow200-owned-v48-qps2000-n48,node CPU,,V2,2.236550176359325,0.5747555243780011,0.012870361499558733,10
slow200-owned-v48-qps2000-n48,node memory RSS (bytes),,V1,1402939636.7685325,30647111.62546011,2318722.826955126,10
slow200-owned-v48-qps2000-n48,node memory RSS (bytes),,V2,1464767406.8292682,41545085.43149195,2876952.587078172,10
slow200-owned-v48-qps2000-n48,overload graduated / sec,,V1,nan,nan,nan,10
slow200-owned-v48-qps2000-n48,overload graduated / sec,,V2,nan,nan,nan,10
slow200-owned-v48-qps2000-n48,overload max-pending / sec,,V1,nan,nan,nan,10
slow200-owned-v48-qps2000-n48,overload max-pending / sec,,V2,nan,nan,nan,10
slow200-owned-v48-qps2000-n48,overload semaphore / sec,,V1,19.89708994708995,14.300681266529887,8.37583774250441,10
slow200-owned-v48-qps2000-n48,overload semaphore / sec,,V2,nan,nan,nan,10
slow200-owned-v48-qps2000-n48,attest. exec p50 (s),,V1,nan,nan,nan,10
slow200-owned-v48-qps2000-n48,attest. exec p50 (s),,V2,0.36678188271136913,0.06964191225409444,0.002877772310116737,10
slow200-owned-v48-qps2000-n48,attest. exec p95 (s),,V1,nan,nan,nan,10
slow200-owned-v48-qps2000-n48,attest. exec p95 (s),,V2,0.8956287186854749,0.18555130460403296,0.009851936982603608,10
slow200-owned-v48-qps2000-n48,attest. exec p99 (s),,V1,nan,nan,nan,10
slow200-owned-v48-qps2000-n48,attest. exec p99 (s),,V2,1.1625373162824295,0.20536051542483547,0.007364811932482718,10
slow200-owned-v48-qps2000-n48,attest. wait p50 (s),,V1,nan,nan,nan,10
slow200-owned-v48-qps2000-n48,attest. wait p50 (s),,V2,0.6630899454528991,0.47501243573435065,0.03339837696633342,10
slow200-owned-v48-qps2000-n48,attest. wait p95 (s),,V1,nan,nan,nan,10
slow200-owned-v48-qps2000-n48,attest. wait p95 (s),,V2,3.408716943117762,0.6668765991115266,0.052803316688502855,10
slow200-owned-v48-qps2000-n48,attest. wait p99 (s),,V1,nan,nan,nan,10
slow200-owned-v48-qps2000-n48,attest. wait p99 (s),,V2,4.976496471193589,1.0119679781220086,0.08157328778447544,10
slow200-owned-v48-qps2000-n48,attest. resume p50 (s),,V1,nan,nan,nan,10
slow200-owned-v48-qps2000-n48,attest. resume p50 (s),,V2,0.022877304720834924,0.022107549307466823,0.001510978650297064,10
slow200-owned-v48-qps2000-n48,attest. resume p95 (s),,V1,nan,nan,nan,10
slow200-owned-v48-qps2000-n48,attest. resume p95 (s),,V2,1.0610618313658753,0.6464057813354539,0.05947820284836743,10
slow200-owned-v48-qps2000-n48,attest. resume p99 (s),,V1,nan,nan,nan,10
slow200-owned-v48-qps2000-n48,attest. resume p99 (s),,V2,1.8704002500711379,0.9707409844885095,0.11062287657015807,10
slow200-owned-v48-qps2000-n48,num_inflight,,V1,704.1,122.68206877942677,40.894022926475586,10
slow200-owned-v48-qps2000-n48,num_inflight,,V2,523.4,109.04787939249438,36.349293130831455,10
slow200-owned-v48-qps2000-n48,CUs,,V1,nan,nan,nan,10
slow200-owned-v48-qps2000-n48,CUs,,V2,127468.38408377787,5511.088313288649,278.9838021701251,10
slow500-owned-f1-qps200-n48,TPS,,V1,12.654244160152768,13.705646715783883,0.2939613152820355,10
slow500-owned-f1-qps200-n48,TPS,,V2,12.559888003916292,11.2197402501794,0.34024786394194906,10
slow500-owned-f1-qps200-n48,attest. full p50 (s),,V1,nan,nan,nan,10
slow500-owned-f1-qps200-n48,attest. full p50 (s),,V2,4.5401864454362535,1.8747028842774192,0.22384540209306128,10
slow500-owned-f1-qps200-n48,attest. full p95 (s),,V1,nan,nan,nan,10
slow500-owned-f1-qps200-n48,attest. full p95 (s),,V2,7.063336108518216,2.4935120962783097,0.27868412850647234,10
slow500-owned-f1-qps200-n48,attest. full p99 (s),,V1,nan,nan,nan,10
slow500-owned-f1-qps200-n48,attest. full p99 (s),,V2,7.939174809830351,2.8263341691859765,0.28888446318398225,10
slow500-owned-f1-qps200-n48,attest. / sec,,V1,0.0,0.0,0.0,10
slow500-owned-f1-qps200-n48,attest. / sec,,V2,3.2893477182539685,2.2275438364195934,0.18111245625169622,10
slow500-owned-f1-qps200-n48,host CPU,,V1,84.61633719170115,31.04160736275009,0.3584206828505188,10
slow500-owned-f1-qps200-n48,host CPU,,V2,83.62991458486012,31.354597865252757,0.5035489368860017,10
slow500-owned-f1-qps200-n48,rec. → exec. p50 (s),,V1,19.002127552399294,7.943963593159328,0.7300391953480251,10
slow500-owned-f1-qps200-n48,rec. → exec. p50 (s),,V2,28.36445196595809,13.979797902397285,0.6995758722030194,10
slow500-owned-f1-qps200-n48,rec. → exec. p95 (s),,V1,26.05406883273731,12.83793646797748,1.2062926874767739,10
slow500-owned-f1-qps200-n48,rec. → exec. p95 (s),,V2,38.85685889844539,19.007526475090003,0.846004039130369,10
slow500-owned-f1-qps200-n48,rec. → exec. p99 (s),,V1,27.606677293117514,14.451970443087856,1.2134186258686952,10
slow500-owned-f1-qps200-n48,rec. → exec. p99 (s),,V2,40.36468032987495,19.671531820412824,0.7270836995273603,10
slow500-owned-f1-qps200-n48,pc valid. lat. p50 (s),,V1,0.009189304421416668,0.020502165544078042,0.0018380156095811006,10
slow500-owned-f1-qps200-n48,pc valid. lat. p50 (s),,V2,0.0016688554488034021,0.012941507235202725,0.0009972418490756243,10
slow500-owned-f1-qps200-n48,pc valid. lat. p95 (s),,V1,0.09405976034785306,0.10272277424488559,0.008879951039837016,10
slow500-owned-f1-qps200-n48,pc valid. lat. p95 (s),,V2,0.05464554995219269,0.06397199659063628,0.006445964333582534,10
slow500-owned-f1-qps200-n48,exec. lat. p95 (s),,V1,6.41120420662614,1.8220245979663157,0.14124804447017258,10
slow500-owned-f1-qps200-n48,exec. lat. p95 (s),,V2,6.320831522044876,1.8516889474456524,0.17302800698773474,10
slow500-owned-f1-qps200-n48,valid. drop. / sec,,V1,0.0,0.0,0.0,10
slow500-owned-f1-qps200-n48,valid. drop. / sec,,V2,0.0,0.0,0.0,10
slow500-owned-f1-qps200-n48,final. lat. p50 (s),,V1,14.048887844196582,8.415543888152161,0.24569715414182244,10
slow500-owned-f1-qps200-n48,final. lat. p50 (s),,V2,13.855919899442336,8.136765001242269,0.42084388307986875,10
slow500-owned-f1-qps200-n48,final. lat. p95 (s),,V1,19.94984398996148,10.10789421814203,0.7063352094275663,10
slow500-owned-f1-qps200-n48,final. lat. p95 (s),,V2,22.87157282092938,10.70579717831523,0.9837894930688336,10
slow500-owned-f1-qps200-n48,final. lat. p99 (s),,V1,23.24185373720117,12.712921176937058,1.0955567975259046,10
slow500-owned-f1-qps200-n48,final. lat. p99 (s),,V2,26.141807713801672,13.763243747225241,1.5379707423919369,10
slow500-owned-f1-qps200-n48,submit lat. p50 (s),,V1,1.4778891322956442,1.5590361129113963,0.10810901895203884,10
slow500-owned-f1-qps200-n48,submit lat. p50 (s),,V2,5.048596445991478,2.1800966084112283,0.2001302322820613,10
slow500-owned-f1-qps200-n48,submit lat. p95 (s),,V1,5.291173349930841,5.335805999973472,0.4803210985986793,10
slow500-owned-f1-qps200-n48,submit lat. p95 (s),,V2,10.016858740255474,4.932910529790374,0.4260687160615749,10
slow500-owned-f1-qps200-n48,ckpt lag p50 (s),,V1,12.102396976923831,8.091809500734799,0.8012456106442044,10
slow500-owned-f1-qps200-n48,ckpt lag p50 (s),,V2,13.129236901478547,7.612513804495746,0.5059002329373347,10
slow500-owned-f1-qps200-n48,ckpt lag p95 (s),,V1,18.530826383472828,9.779259652129902,0.9865868629279035,10
slow500-owned-f1-qps200-n48,ckpt lag p95 (s),,V2,22.899022539680047,13.456462357936903,1.5026397739557436,10
slow500-owned-f1-qps200-n48,ckpt lag p99 (s),,V1,23.375230841246122,14.507137792801561,1.4372791639867837,10
slow500-owned-f1-qps200-n48,ckpt lag p99 (s),,V2,30.024609898594342,18.558778511558035,1.4805008501134889,10
slow500-owned-f1-qps200-n48,exec. dispatch queue,,V1,199.0,45.47966578593119,15.159888595310397,10
slow500-owned-f1-qps200-n48,exec. dispatch queue,,V2,192.5,43.92095172010734,14.640317240035778,10
slow500-owned-f1-qps200-n48,pending txs,,V1,7.7,3.7960505792204615,1.2653501930734872,10
slow500-owned-f1-qps200-n48,pending txs,,V2,11.4,3.3226495451672298,1.1075498483890767,10
slow500-owned-f1-qps200-n48,exec. queue. delay p95 (s),,V1,1.3434938659485336,0.8626021726507505,0.15453048097344302,10
slow500-owned-f1-qps200-n48,exec. queue. delay p95 (s),,V2,1.0299438210652303,0.7948667287603055,0.13615137640262406,10
slow500-owned-f1-qps200-n48,post-cons shed drops / sec,,V1,0.0,0.0,0.0,10
slow500-owned-f1-qps200-n48,post-cons shed drops / sec,,V2,0.008077739197530864,0.07232473242561958,0.008022030651340996,10
slow500-owned-f1-qps200-n48,shed % quorum,,V1,0.0,0.0,0.0,10
slow500-owned-f1-qps200-n48,shed % quorum,,V2,0.7,2.1,0.7,10
slow500-owned-f1-qps200-n48,shed % local,,V1,16.6,9.656086163658648,3.218695387886216,10
slow500-owned-f1-qps200-n48,shed % local,,V2,7.8,8.121576201698781,2.707192067232927,10
slow500-owned-f1-qps200-n48,shed % cons-queue,,V1,0.0,0.0,0.0,10
slow500-owned-f1-qps200-n48,shed % cons-queue,,V2,0.0,0.0,0.0,10
slow500-owned-f1-qps200-n48,pre-cons overload rej / sec,,V1,nan,nan,nan,10
slow500-owned-f1-qps200-n48,pre-cons overload rej / sec,,V2,nan,nan,nan,10
slow500-owned-f1-qps200-n48,node CPU,,V1,2.2261494872319925,0.41355206910848435,0.008185958096638893,10
slow500-owned-f1-qps200-n48,node CPU,,V2,2.2455746865194093,0.43161467862581426,0.017673943489364314,10
slow500-owned-f1-qps200-n48,node memory RSS (bytes),,V1,1331807245.837838,39299621.247050606,3673606.724500886,10
slow500-owned-f1-qps200-n48,node memory RSS (bytes),,V2,1345316749.64467,31799960.996387433,3587674.9443290145,10
slow500-owned-f1-qps200-n48,overload graduated / sec,,V1,nan,nan,nan,10
slow500-owned-f1-qps200-n48,overload graduated / sec,,V2,nan,nan,nan,10
slow500-owned-f1-qps200-n48,overload max-pending / sec,,V1,nan,nan,nan,10
slow500-owned-f1-qps200-n48,overload max-pending / sec,,V2,nan,nan,nan,10
slow500-owned-f1-qps200-n48,overload semaphore / sec,,V1,nan,nan,nan,10
slow500-owned-f1-qps200-n48,overload semaphore / sec,,V2,nan,nan,nan,10
slow500-owned-f1-qps200-n48,attest. exec p50 (s),,V1,nan,nan,nan,10
slow500-owned-f1-qps200-n48,attest. exec p50 (s),,V2,4.396201071560228,1.7648409370224445,0.21242417036612654,10
slow500-owned-f1-qps200-n48,attest. exec p95 (s),,V1,nan,nan,nan,10
slow500-owned-f1-qps200-n48,attest. exec p95 (s),,V2,6.638433558603929,1.9572920075327531,0.22817921066383567,10
slow500-owned-f1-qps200-n48,attest. exec p99 (s),,V1,nan,nan,nan,10
slow500-owned-f1-qps200-n48,attest. exec p99 (s),,V2,7.356122213884796,2.0975489441819306,0.22001715489025836,10
slow500-owned-f1-qps200-n48,attest. wait p50 (s),,V1,nan,nan,nan,10
slow500-owned-f1-qps200-n48,attest. wait p50 (s),,V2,0.035759755072257024,0.033171803858337574,0.003258239051546059,10
slow500-owned-f1-qps200-n48,attest. wait p95 (s),,V1,nan,nan,nan,10
slow500-owned-f1-qps200-n48,attest. wait p95 (s),,V2,0.30165231150084715,0.27068589327616155,0.03446960004195196,10
slow500-owned-f1-qps200-n48,attest. wait p99 (s),,V1,nan,nan,nan,10
slow500-owned-f1-qps200-n48,attest. wait p99 (s),,V2,0.45284266157717545,0.34875444181715565,0.04775745417132961,10
slow500-owned-f1-qps200-n48,attest. resume p50 (s),,V1,nan,nan,nan,10
slow500-owned-f1-qps200-n48,attest. resume p50 (s),,V2,0.015053586666778246,0.10101865835935077,0.005608528785075108,10
slow500-owned-f1-qps200-n48,attest. resume p95 (s),,V1,nan,nan,nan,10
slow500-owned-f1-qps200-n48,attest. resume p95 (s),,V2,0.3596929257002221,0.9029184519640618,0.09812070817736944,10
slow500-owned-f1-qps200-n48,attest. resume p99 (s),,V1,nan,nan,nan,10
slow500-owned-f1-qps200-n48,attest. resume p99 (s),,V2,0.698371312467348,1.2479435597003303,0.11847532420308958,10
slow500-owned-f1-qps200-n48,num_inflight,,V1,61.8,24.019991673603887,8.006663891201296,10
slow500-owned-f1-qps200-n48,num_inflight,,V2,41.4,19.360785108047658,6.453595036015885,10
slow500-owned-f1-qps200-n48,CUs,,V1,nan,nan,nan,10
slow500-owned-f1-qps200-n48,CUs,,V2,1372000.0,2.5254029061023165e-10,0.0,10
slow500-owned-v1-qps200-n48,TPS,,V1,12.189458663174506,13.800472044334276,0.6778774276002777,10
slow500-owned-v1-qps200-n48,TPS,,V2,14.559584325357292,9.890632113060555,0.531064880171785,10
slow500-owned-v1-qps200-n48,attest. full p50 (s),,V1,nan,nan,nan,10
slow500-owned-v1-qps200-n48,attest. full p50 (s),,V2,3.6661573649612995,3.5306483996375735,0.2673765335772301,10
slow500-owned-v1-qps200-n48,attest. full p95 (s),,V1,nan,nan,nan,10
slow500-owned-v1-qps200-n48,attest. full p95 (s),,V2,9.16682880933695,6.855766183707683,0.3488493398840405,10
slow500-owned-v1-qps200-n48,attest. full p99 (s),,V1,nan,nan,nan,10
slow500-owned-v1-qps200-n48,attest. full p99 (s),,V2,11.468408900804606,8.099122122286623,0.46237671808763225,10
slow500-owned-v1-qps200-n48,attest. / sec,,V1,0.0,0.0,0.0,10
slow500-owned-v1-qps200-n48,attest. / sec,,V2,28.119335796788214,32.799688421863436,1.3797724804548266,10
slow500-owned-v1-qps200-n48,host CPU,,V1,77.14353265099194,36.496432505368865,0.6880690621110259,10
slow500-owned-v1-qps200-n48,host CPU,,V2,78.2359831155624,36.65475016155604,0.20466241849555747,10
slow500-owned-v1-qps200-n48,rec. → exec. p50 (s),,V1,24.06184960676662,10.91552740518796,1.1866411535593637,10
slow500-owned-v1-qps200-n48,rec. → exec. p50 (s),,V2,29.421671763537987,14.578411312604748,1.9248510199284787,10
slow500-owned-v1-qps200-n48,rec. → exec. p95 (s),,V1,36.23585518136767,16.45771687269386,1.7252290303676703,10
slow500-owned-v1-qps200-n48,rec. → exec. p95 (s),,V2,39.50021675996518,17.970887222218153,2.610839448771559,10
slow500-owned-v1-qps200-n48,rec. → exec. p99 (s),,V1,38.68192632505823,17.411583051393865,1.7099517823069843,10
slow500-owned-v1-qps200-n48,rec. → exec. p99 (s),,V2,40.61194431469496,18.079774557928037,2.6412544098463195,10
slow500-owned-v1-qps200-n48,pc valid. lat. p50 (s),,V1,0.002796426341972319,0.012944578022496605,0.0010615708266497237,10
slow500-owned-v1-qps200-n48,pc valid. lat. p50 (s),,V2,0.00034575974346933846,0.001084373470398668,6.1546593483251e-05,10
slow500-owned-v1-qps200-n48,pc valid. lat. p95 (s),,V1,0.08107996132433845,0.0932527316386834,0.012176129990752514,10
slow500-owned-v1-qps200-n48,pc valid. lat. p95 (s),,V2,0.014073764602721459,0.03637602531083642,0.004634457326027803,10
slow500-owned-v1-qps200-n48,exec. lat. p95 (s),,V1,5.906362366575723,2.7267596020869997,0.3558093753000082,10
slow500-owned-v1-qps200-n48,exec. lat. p95 (s),,V2,3.547075217937964,3.0990765130853157,0.30998385947414414,10
slow500-owned-v1-qps200-n48,valid. drop. / sec,,V1,0.0,0.0,0.0,10
slow500-owned-v1-qps200-n48,valid. drop. / sec,,V2,0.0,0.0,0.0,10
slow500-owned-v1-qps200-n48,final. lat. p50 (s),,V1,nan,nan,nan,10
slow500-owned-v1-qps200-n48,final. lat. p50 (s),,V2,nan,nan,nan,10
slow500-owned-v1-qps200-n48,final. lat. p95 (s),,V1,nan,nan,nan,10
slow500-owned-v1-qps200-n48,final. lat. p95 (s),,V2,nan,nan,nan,10
slow500-owned-v1-qps200-n48,final. lat. p99 (s),,V1,nan,nan,nan,10
slow500-owned-v1-qps200-n48,final. lat. p99 (s),,V2,nan,nan,nan,10
slow500-owned-v1-qps200-n48,submit lat. p50 (s),,V1,nan,nan,nan,10
slow500-owned-v1-qps200-n48,submit lat. p50 (s),,V2,nan,nan,nan,10
slow500-owned-v1-qps200-n48,submit lat. p95 (s),,V1,nan,nan,nan,10
slow500-owned-v1-qps200-n48,submit lat. p95 (s),,V2,nan,nan,nan,10
slow500-owned-v1-qps200-n48,ckpt lag p50 (s),,V1,14.826682475894188,13.228213775256691,2.2622740624072226,10
slow500-owned-v1-qps200-n48,ckpt lag p50 (s),,V2,3.6936892395972585,5.980394512629255,0.5263721188921675,10
slow500-owned-v1-qps200-n48,ckpt lag p95 (s),,V1,26.266495777637182,20.131593211450028,2.9599083112155,10
slow500-owned-v1-qps200-n48,ckpt lag p95 (s),,V2,7.104343778816767,7.950855092823914,0.6377029699319279,10
slow500-owned-v1-qps200-n48,ckpt lag p99 (s),,V1,30.021390905066312,22.19437038441807,2.8107027818314685,10
slow500-owned-v1-qps200-n48,ckpt lag p99 (s),,V2,12.87906294476644,10.508380846642504,0.9784598179139768,10
slow500-owned-v1-qps200-n48,exec. dispatch queue,,V1,277.4,46.12418020951701,15.37472673650567,10
slow500-owned-v1-qps200-n48,exec. dispatch queue,,V2,148.5,78.97879462235417,26.326264874118056,10
slow500-owned-v1-qps200-n48,pending txs,,V1,12.3,4.980963762164908,1.6603212540549692,10
slow500-owned-v1-qps200-n48,pending txs,,V2,11.2,3.8418745424597094,1.2806248474865698,10
slow500-owned-v1-qps200-n48,exec. queue. delay p95 (s),,V1,1.7271417705525607,0.943331682645231,0.10420066780181128,10
slow500-owned-v1-qps200-n48,exec. queue. delay p95 (s),,V2,0.6057543113039607,0.5722956112284712,0.11496939044364933,10
slow500-owned-v1-qps200-n48,post-cons shed drops / sec,,V1,0.025679115183488362,0.21856381632547,0.019920949825831764,10
slow500-owned-v1-qps200-n48,post-cons shed drops / sec,,V2,0.0,0.0,0.0,10
slow500-owned-v1-qps200-n48,shed % quorum,,V1,2.1,3.2078029864690882,1.0692676621563626,10
slow500-owned-v1-qps200-n48,shed % quorum,,V2,1.3,3.9,1.2999999999999998,10
slow500-owned-v1-qps200-n48,shed % local,,V1,41.1,24.64731222669117,8.21577074223039,10
slow500-owned-v1-qps200-n48,shed % local,,V2,1.9,5.7,1.9,10
slow500-owned-v1-qps200-n48,shed % cons-queue,,V1,0.0,0.0,0.0,10
slow500-owned-v1-qps200-n48,shed % cons-queue,,V2,0.0,0.0,0.0,10
slow500-owned-v1-qps200-n48,pre-cons overload rej / sec,,V1,22.731004022613615,27.038676376506498,6.493052226218068,10
slow500-owned-v1-qps200-n48,pre-cons overload rej / sec,,V2,21.3976463208422,37.30228409327996,3.543940334937204,10
slow500-owned-v1-qps200-n48,node CPU,,V1,2.172881538518784,0.5625487407920194,0.042919427995765126,10
slow500-owned-v1-qps200-n48,node CPU,,V2,4.545597864465366,3.0073009625818434,0.18869789224737676,10
slow500-owned-v1-qps200-n48,node memory RSS (bytes),,V1,1334613444.3891547,48942875.65132263,5814260.345179915,10
slow500-owned-v1-qps200-n48,node memory RSS (bytes),,V2,1522370586.5113268,94184284.03527609,10788677.754375774,10
slow500-owned-v1-qps200-n48,overload graduated / sec,,V1,nan,nan,nan,10
slow500-owned-v1-qps200-n48,overload graduated / sec,,V2,nan,nan,nan,10
slow500-owned-v1-qps200-n48,overload max-pending / sec,,V1,nan,nan,nan,10
slow500-owned-v1-qps200-n48,overload max-pending / sec,,V2,nan,nan,nan,10
slow500-owned-v1-qps200-n48,overload semaphore / sec,,V1,22.5986029571646,26.915636081070602,6.427890432257986,10
slow500-owned-v1-qps200-n48,overload semaphore / sec,,V2,20.955211912943874,35.876195396518256,3.4010241361009057,10
slow500-owned-v1-qps200-n48,attest. exec p50 (s),,V1,nan,nan,nan,10
slow500-owned-v1-qps200-n48,attest. exec p50 (s),,V2,1.9550623971049017,2.481552803109795,0.25906988859231606,10
slow500-owned-v1-qps200-n48,attest. exec p95 (s),,V1,nan,nan,nan,10
slow500-owned-v1-qps200-n48,attest. exec p95 (s),,V2,4.19648242816522,3.524747762780242,0.2839071160739265,10
slow500-owned-v1-qps200-n48,attest. exec p99 (s),,V1,nan,nan,nan,10
slow500-owned-v1-qps200-n48,attest. exec p99 (s),,V2,4.841345047402789,3.7276329064832496,0.28238374178479586,10
slow500-owned-v1-qps200-n48,attest. wait p50 (s),,V1,nan,nan,nan,10
slow500-owned-v1-qps200-n48,attest. wait p50 (s),,V2,2.0557997411807896,2.3917155315060854,0.23002117668378239,10
slow500-owned-v1-qps200-n48,attest. wait p95 (s),,V1,nan,nan,nan,10
slow500-owned-v1-qps200-n48,attest. wait p95 (s),,V2,6.297530000296639,4.723036422007389,0.329717629248218,10
slow500-owned-v1-qps200-n48,attest. wait p99 (s),,V1,nan,nan,nan,10
slow500-owned-v1-qps200-n48,attest. wait p99 (s),,V2,9.0253324003772,6.5111338007277775,0.5211115885564953,10
slow500-owned-v1-qps200-n48,attest. resume p50 (s),,V1,nan,nan,nan,10
slow500-owned-v1-qps200-n48,attest. resume p50 (s),,V2,0.18361383192628614,0.7426756797030754,0.05140087749582556,10
slow500-owned-v1-qps200-n48,attest. resume p95 (s),,V1,nan,nan,nan,10
slow500-owned-v1-qps200-n48,attest. resume p95 (s),,V2,1.5132133251522797,2.8944816902025763,0.18700470539774017,10
slow500-owned-v1-qps200-n48,attest. resume p99 (s),,V1,nan,nan,nan,10
slow500-owned-v1-qps200-n48,attest. resume p99 (s),,V2,2.008426271159058,3.658442114802109,0.2334365097976346,10
slow500-owned-v1-qps200-n48,num_inflight,,V1,784.4,147.75736868258042,49.2524562275268,10
slow500-owned-v1-qps200-n48,num_inflight,,V2,965.2,60.021329542088615,20.007109847362873,10
slow500-owned-v1-qps200-n48,CUs,,V1,nan,nan,nan,10
slow500-owned-v1-qps200-n48,CUs,,V2,1372000.0,2.5251348023905254e-10,0.0,10
slow500-owned-v48-qps200-n48,TPS,,V1,12.238992222263187,15.076740146444767,0.9248902698577841,10
slow500-owned-v48-qps200-n48,TPS,,V2,11.462931323390567,11.726181956885753,0.5774420848704899,10
slow500-owned-v48-qps200-n48,attest. full p50 (s),,V1,nan,nan,nan,10
slow500-owned-v48-qps200-n48,attest. full p50 (s),,V2,5.098064476340011,1.9919411225089754,0.1953067807632832,10
slow500-owned-v48-qps200-n48,attest. full p95 (s),,V1,nan,nan,nan,10
slow500-owned-v48-qps200-n48,attest. full p95 (s),,V2,8.12368906489107,2.478570015621201,0.2080925091726009,10
slow500-owned-v48-qps200-n48,attest. full p99 (s),,V1,nan,nan,nan,10
slow500-owned-v48-qps200-n48,attest. full p99 (s),,V2,9.284160475104056,3.0230438244118436,0.19697321275180166,10
slow500-owned-v48-qps200-n48,attest. / sec,,V1,0.0,0.0,0.0,10
slow500-owned-v48-qps200-n48,attest. / sec,,V2,5.331618173145719,4.114922474761294,0.2448691632878168,10
slow500-owned-v48-qps200-n48,host CPU,,V1,84.68937937100308,30.30042108307423,0.7336784307010296,10
slow500-owned-v48-qps200-n48,host CPU,,V2,84.02319797440046,31.41398667168224,0.7238724199275488,10
slow500-owned-v48-qps200-n48,rec. → exec. p50 (s),,V1,27.067268301662686,13.946075969427838,0.9018191738144397,10
slow500-owned-v48-qps200-n48,rec. → exec. p50 (s),,V2,30.194970371592454,14.138311414293751,0.32347227335314815,10
slow500-owned-v48-qps200-n48,rec. → exec. p95 (s),,V1,38.19524425112914,18.71983010662698,0.6811246079660624,10
slow500-owned-v48-qps200-n48,rec. → exec. p95 (s),,V2,41.228696709249085,18.236840912413818,0.4380949092642953,10
slow500-owned-v48-qps200-n48,rec. → exec. p99 (s),,V1,39.72813975931674,19.402784155833338,0.6623728234276633,10
slow500-owned-v48-qps200-n48,rec. → exec. p99 (s),,V2,42.521877749043135,18.57570118387005,0.47806812760776624,10
slow500-owned-v48-qps200-n48,pc valid. lat. p50 (s),,V1,0.006227299512951618,0.02069816394612201,0.0022453601116023646,10
slow500-owned-v48-qps200-n48,pc valid. lat. p50 (s),,V2,0.001672122222735603,0.004931207021323805,0.00041579744677979846,10
slow500-owned-v48-qps200-n48,pc valid. lat. p95 (s),,V1,0.13214892598208602,0.09492439033020526,0.010583079617711637,10
slow500-owned-v48-qps200-n48,pc valid. lat. p95 (s),,V2,0.07805617811883996,0.06342828371748649,0.0085768196976325,10
slow500-owned-v48-qps200-n48,exec. lat. p95 (s),,V1,7.257581262195763,1.2457158431040323,0.11324496640879003,10
slow500-owned-v48-qps200-n48,exec. lat. p95 (s),,V2,6.85038479797942,1.8344974471698148,0.16860001359842375,10
slow500-owned-v48-qps200-n48,valid. drop. / sec,,V1,0.0,0.0,0.0,10
slow500-owned-v48-qps200-n48,valid. drop. / sec,,V2,0.0,0.0,0.0,10
slow500-owned-v48-qps200-n48,final. lat. p50 (s),,V1,nan,nan,nan,10
slow500-owned-v48-qps200-n48,final. lat. p50 (s),,V2,nan,nan,nan,10
slow500-owned-v48-qps200-n48,final. lat. p95 (s),,V1,nan,nan,nan,10
slow500-owned-v48-qps200-n48,final. lat. p95 (s),,V2,nan,nan,nan,10
slow500-owned-v48-qps200-n48,final. lat. p99 (s),,V1,nan,nan,nan,10
slow500-owned-v48-qps200-n48,final. lat. p99 (s),,V2,nan,nan,nan,10
slow500-owned-v48-qps200-n48,submit lat. p50 (s),,V1,nan,nan,nan,10
slow500-owned-v48-qps200-n48,submit lat. p50 (s),,V2,nan,nan,nan,10
slow500-owned-v48-qps200-n48,submit lat. p95 (s),,V1,nan,nan,nan,10
slow500-owned-v48-qps200-n48,submit lat. p95 (s),,V2,nan,nan,nan,10
slow500-owned-v48-qps200-n48,ckpt lag p50 (s),,V1,21.613315854477452,11.718225443189215,0.8563559905600507,10
slow500-owned-v48-qps200-n48,ckpt lag p50 (s),,V2,17.70140716807575,11.312063924152497,1.2644710211400523,10
slow500-owned-v48-qps200-n48,ckpt lag p95 (s),,V1,35.24114357969832,19.470115841567814,0.9872008392898795,10
slow500-owned-v48-qps200-n48,ckpt lag p95 (s),,V2,30.408076769863204,19.648558836569624,1.6236547723472738,10
slow500-owned-v48-qps200-n48,ckpt lag p99 (s),,V1,39.131886783062846,20.61322691638832,0.6073612327006614,10
slow500-owned-v48-qps200-n48,ckpt lag p99 (s),,V2,34.074955094208754,21.063971322805052,1.258880225751835,10
slow500-owned-v48-qps200-n48,exec. dispatch queue,,V1,233.0,38.10249335673454,12.700831118911514,10
slow500-owned-v48-qps200-n48,exec. dispatch queue,,V2,221.8,54.17896270694005,18.05965423564668,10
slow500-owned-v48-qps200-n48,pending txs,,V1,9.0,3.5777087639996634,1.1925695879998877,10
slow500-owned-v48-qps200-n48,pending txs,,V2,10.4,3.1048349392520045,1.0349449797506682,10
slow500-owned-v48-qps200-n48,exec. queue. delay p95 (s),,V1,1.6419448259512137,0.9498783068848354,0.07851655919868301,10
slow500-owned-v48-qps200-n48,exec. queue. delay p95 (s),,V2,1.0210502046525325,0.86111940718804,0.13111247301625104,10
slow500-owned-v48-qps200-n48,post-cons shed drops / sec,,V1,0.0,0.0,0.0,10
slow500-owned-v48-qps200-n48,post-cons shed drops / sec,,V2,0.0,0.0,0.0,10
slow500-owned-v48-qps200-n48,shed % quorum,,V1,0.0,0.0,0.0,10
slow500-owned-v48-qps200-n48,shed % quorum,,V2,0.0,0.0,0.0,10
slow500-owned-v48-qps200-n48,shed % local,,V1,54.1,17.42670364698958,5.808901215663194,10
slow500-owned-v48-qps200-n48,shed % local,,V2,12.6,14.941218156495811,4.98040605216527,10
slow500-owned-v48-qps200-n48,shed % cons-queue,,V1,0.0,0.0,0.0,10
slow500-owned-v48-qps200-n48,shed % cons-queue,,V2,0.0,0.0,0.0,10
slow500-owned-v48-qps200-n48,pre-cons overload rej / sec,,V1,nan,nan,nan,10
slow500-owned-v48-qps200-n48,pre-cons overload rej / sec,,V2,nan,nan,nan,10
slow500-owned-v48-qps200-n48,node CPU,,V1,2.1889499785128805,0.446772114687287,0.019465528317985734,10
slow500-owned-v48-qps200-n48,node CPU,,V2,2.216949970437482,0.5159282597064877,0.021367954982017802,10
slow500-owned-v48-qps200-n48,node memory RSS (bytes),,V1,1316539780.1830065,40551815.263453275,7208304.59555853,10
slow500-owned-v48-qps200-n48,node memory RSS (bytes),,V2,1348036461.237785,30968616.92964657,2739969.8874616968,10
slow500-owned-v48-qps200-n48,overload graduated / sec,,V1,nan,nan,nan,10
slow500-owned-v48-qps200-n48,overload graduated / sec,,V2,nan,nan,nan,10
slow500-owned-v48-qps200-n48,overload max-pending / sec,,V1,nan,nan,nan,10
slow500-owned-v48-qps200-n48,overload max-pending / sec,,V2,nan,nan,nan,10
slow500-owned-v48-qps200-n48,overload semaphore / sec,,V1,nan,nan,nan,10
slow500-owned-v48-qps200-n48,overload semaphore / sec,,V2,nan,nan,nan,10
slow500-owned-v48-qps200-n48,attest. exec p50 (s),,V1,nan,nan,nan,10
slow500-owned-v48-qps200-n48,attest. exec p50 (s),,V2,4.911841424074155,1.858876750643721,0.190792185820795,10
slow500-owned-v48-qps200-n48,attest. exec p95 (s),,V1,nan,nan,nan,10
slow500-owned-v48-qps200-n48,attest. exec p95 (s),,V2,7.414341911250934,1.7307117710495092,0.17995119329273662,10
slow500-owned-v48-qps200-n48,attest. exec p99 (s),,V1,nan,nan,nan,10
slow500-owned-v48-qps200-n48,attest. exec p99 (s),,V2,8.105374876834908,1.8034529103319255,0.16129255035391662,10
slow500-owned-v48-qps200-n48,attest. wait p50 (s),,V1,nan,nan,nan,10
slow500-owned-v48-qps200-n48,attest. wait p50 (s),,V2,0.04207885368017844,0.03270490534961577,0.0019320087701531691,10
slow500-owned-v48-qps200-n48,attest. wait p95 (s),,V1,nan,nan,nan,10
slow500-owned-v48-qps200-n48,attest. wait p95 (s),,V2,0.3900781241399882,0.24937017406690065,0.035809851767140195,10
slow500-owned-v48-qps200-n48,attest. wait p99 (s),,V1,nan,nan,nan,10
slow500-owned-v48-qps200-n48,attest. wait p99 (s),,V2,0.6712252902920146,0.45160552137027854,0.07913260160835352,10
slow500-owned-v48-qps200-n48,attest. resume p50 (s),,V1,nan,nan,nan,10
slow500-owned-v48-qps200-n48,attest. resume p50 (s),,V2,0.03872652636610484,0.16250276415339274,0.017644404127300145,10
slow500-owned-v48-qps200-n48,attest. resume p95 (s),,V1,nan,nan,nan,10
slow500-owned-v48-qps200-n48,attest. resume p95 (s),,V2,0.5689101218074148,1.0291337649960575,0.05945389834465512,10
slow500-owned-v48-qps200-n48,attest. resume p99 (s),,V1,nan,nan,nan,10
slow500-owned-v48-qps200-n48,attest. resume p99 (s),,V2,0.9399582950424237,1.380073411624401,0.06287688450731331,10
slow500-owned-v48-qps200-n48,num_inflight,,V1,80.2,16.209873534361705,5.4032911781205675,10
slow500-owned-v48-qps200-n48,num_inflight,,V2,61.1,23.492339176846567,7.830779725615522,10
slow500-owned-v48-qps200-n48,CUs,,V1,nan,nan,nan,10
slow500-owned-v48-qps200-n48,CUs,,V2,1372000.0,2.482956136720574e-10,0.0,10
slow500-owned-f1-qps1000-n48,TPS,,V1,5.973066938565762,9.207479509405426,1.104583140233705,10
slow500-owned-f1-qps1000-n48,TPS,,V2,5.09123452085008,8.081435474997466,0.9220468600464737,10
slow500-owned-f1-qps1000-n48,attest. full p50 (s),,V1,nan,nan,nan,10
slow500-owned-f1-qps1000-n48,attest. full p50 (s),,V2,8.638309706020934,4.584908512941839,0.39274625234351407,10
slow500-owned-f1-qps1000-n48,attest. full p95 (s),,V1,nan,nan,nan,10
slow500-owned-f1-qps1000-n48,attest. full p95 (s),,V2,14.204056947870026,5.719850082336196,0.3981291089057337,10
slow500-owned-f1-qps1000-n48,attest. full p99 (s),,V1,nan,nan,nan,10
slow500-owned-f1-qps1000-n48,attest. full p99 (s),,V2,16.315689579229307,6.216505289318022,0.39041797337591766,10
slow500-owned-f1-qps1000-n48,attest. / sec,,V1,0.0,0.0,0.0,10
slow500-owned-f1-qps1000-n48,attest. / sec,,V2,13.448633302005012,13.083033274733175,1.0777600644529857,10
slow500-owned-f1-qps1000-n48,host CPU,,V1,83.81295354224426,32.39227614097564,0.32139920888386647,10
slow500-owned-f1-qps1000-n48,host CPU,,V2,83.7352566935155,32.942856010028315,0.3829516473283346,10
slow500-owned-f1-qps1000-n48,rec. → exec. p50 (s),,V1,31.780372773910322,14.148201556226113,0.15296486391118827,10
slow500-owned-f1-qps1000-n48,rec. → exec. p50 (s),,V2,31.872676837825537,14.346479646641182,0.3839722198608932,10
slow500-owned-f1-qps1000-n48,rec. → exec. p95 (s),,V1,41.78240638051014,18.79339319247142,0.11090199899075417,10
slow500-owned-f1-qps1000-n48,rec. → exec. p95 (s),,V2,41.79713318357602,18.75217656153112,0.4694522439915405,10
slow500-owned-f1-qps1000-n48,rec. → exec. p99 (s),,V1,42.751299457920204,19.257524936237495,0.11151215403221443,10
slow500-owned-f1-qps1000-n48,rec. → exec. p99 (s),,V2,42.74455674823936,19.156057266074335,0.4875302003116919,10
slow500-owned-f1-qps1000-n48,pc valid. lat. p50 (s),,V1,0.036590616630520593,0.07576944859765823,0.014331187441861163,10
slow500-owned-f1-qps1000-n48,pc valid. lat. p50 (s),,V2,0.07760690414437536,0.10836494259342737,0.01783242486886504,10
slow500-owned-f1-qps1000-n48,pc valid. lat. p95 (s),,V1,0.27784274816554405,0.33470869089150557,0.05414001931568216,10
slow500-owned-f1-qps1000-n48,pc valid. lat. p95 (s),,V2,0.2963456872113961,0.28314988261607715,0.03622178929772626,10
slow500-owned-f1-qps1000-n48,exec. lat. p95 (s),,V1,7.894816140771402,1.4920168580296185,0.06838799008329774,10
slow500-owned-f1-qps1000-n48,exec. lat. p95 (s),,V2,8.941990662216451,3.361652165315293,0.25320022494435557,10
slow500-owned-f1-qps1000-n48,valid. drop. / sec,,V1,0.0,0.0,0.0,10
slow500-owned-f1-qps1000-n48,valid. drop. / sec,,V2,0.0,0.0,0.0,10
slow500-owned-f1-qps1000-n48,final. lat. p50 (s),,V1,16.85821268865523,7.852675822613069,0.5006035586117327,10
slow500-owned-f1-qps1000-n48,final. lat. p50 (s),,V2,16.239305373265292,8.03242094949259,0.46176985774265705,10
slow500-owned-f1-qps1000-n48,final. lat. p95 (s),,V1,20.88231622562185,9.402057401629316,0.7367361583124123,10
slow500-owned-f1-qps1000-n48,final. lat. p95 (s),,V2,20.07655829786025,9.542108630611752,0.6903943935030353,10
slow500-owned-f1-qps1000-n48,final. lat. p99 (s),,V1,21.86861413592754,10.00726180698768,0.8785487472240022,10
slow500-owned-f1-qps1000-n48,final. lat. p99 (s),,V2,20.843921090590104,9.998643211965968,0.7672976932335873,10
slow500-owned-f1-qps1000-n48,submit lat. p50 (s),,V1,3.9329203970625963,4.200783218354159,0.35906813551159483,10
slow500-owned-f1-qps1000-n48,submit lat. p50 (s),,V2,10.690605880798698,5.716351811019611,0.4388732864730007,10
slow500-owned-f1-qps1000-n48,submit lat. p95 (s),,V1,9.02563459999751,7.298829185968222,0.5009114372838592,10
slow500-owned-f1-qps1000-n48,submit lat. p95 (s),,V2,19.202504362176906,9.647625363594607,0.6946916515487351,10
slow500-owned-f1-qps1000-n48,ckpt lag p50 (s),,V1,25.25690267623803,17.56396139239361,2.274435150023943,10
slow500-owned-f1-qps1000-n48,ckpt lag p50 (s),,V2,23.23656058120276,18.17450686481081,1.3301035907556058,10
slow500-owned-f1-qps1000-n48,ckpt lag p95 (s),,V1,35.13588029316912,22.542320761422097,2.827850511811066,10
slow500-owned-f1-qps1000-n48,ckpt lag p95 (s),,V2,32.55022052446793,22.071138954846308,1.681718839730573,10
slow500-owned-f1-qps1000-n48,ckpt lag p99 (s),,V1,36.655386893319836,22.89890244953817,2.9395942134448414,10
slow500-owned-f1-qps1000-n48,ckpt lag p99 (s),,V2,34.3107232701385,21.858017922938444,1.6520372973943416,10
slow500-owned-f1-qps1000-n48,exec. dispatch queue,,V1,1657.8,146.977413230741,48.99247107691367,10
slow500-owned-f1-qps1000-n48,exec. dispatch queue,,V2,1149.3,418.1566811614996,139.38556038716652,10
slow500-owned-f1-qps1000-n48,pending txs,,V1,15.0,4.58257569495584,1.5275252316519465,10
slow500-owned-f1-qps1000-n48,pending txs,,V2,10.9,3.2078029864690882,1.0692676621563626,10
slow500-owned-f1-qps1000-n48,exec. queue. delay p95 (s),,V1,2.0918915544613004,2.0590158166662245,0.18186091798406367,10
slow500-owned-f1-qps1000-n48,exec. queue. delay p95 (s),,V2,2.572361445910513,2.507082522445859,0.3044143503395762,10
slow500-owned-f1-qps1000-n48,post-cons shed drops / sec,,V1,0.0,0.0,0.0,10
slow500-owned-f1-qps1000-n48,post-cons shed drops / sec,,V2,0.0,0.0,0.0,10
slow500-owned-f1-qps1000-n48,shed % quorum,,V1,0.0,0.0,0.0,10
slow500-owned-f1-qps1000-n48,shed % quorum,,V2,0.0,0.0,0.0,10
slow500-owned-f1-qps1000-n48,shed % local,,V1,32.8,42.50129409794483,14.167098032648274,10
slow500-owned-f1-qps1000-n48,shed % local,,V2,64.6,29.090204536922734,9.696734845640911,10
slow500-owned-f1-qps1000-n48,shed % cons-queue,,V1,0.0,0.0,0.0,10
slow500-owned-f1-qps1000-n48,shed % cons-queue,,V2,0.0,0.0,0.0,10
slow500-owned-f1-qps1000-n48,pre-cons overload rej / sec,,V1,nan,nan,nan,10
slow500-owned-f1-qps1000-n48,pre-cons overload rej / sec,,V2,nan,nan,nan,10
slow500-owned-f1-qps1000-n48,node CPU,,V1,2.1866069952700973,0.545600164012475,0.007404041476175543,10
slow500-owned-f1-qps1000-n48,node CPU,,V2,2.405561169046337,0.7075790338264454,0.05746548666663758,10
slow500-owned-f1-qps1000-n48,node memory RSS (bytes),,V1,1344274950.6493506,42154462.653007805,2455334.414895034,10
slow500-owned-f1-qps1000-n48,node memory RSS (bytes),,V2,1407496337.5767367,41300378.36409148,7327909.030939909,10
slow500-owned-f1-qps1000-n48,overload graduated / sec,,V1,nan,nan,nan,10
slow500-owned-f1-qps1000-n48,overload graduated / sec,,V2,nan,nan,nan,10
slow500-owned-f1-qps1000-n48,overload max-pending / sec,,V1,nan,nan,nan,10
slow500-owned-f1-qps1000-n48,overload max-pending / sec,,V2,nan,nan,nan,10
slow500-owned-f1-qps1000-n48,overload semaphore / sec,,V1,nan,nan,nan,10
slow500-owned-f1-qps1000-n48,overload semaphore / sec,,V2,nan,nan,nan,10
slow500-owned-f1-qps1000-n48,attest. exec p50 (s),,V1,nan,nan,nan,10
slow500-owned-f1-qps1000-n48,attest. exec p50 (s),,V2,7.060887293020167,3.1859325717833107,0.3268319989945376,10
slow500-owned-f1-qps1000-n48,attest. exec p95 (s),,V1,nan,nan,nan,10
slow500-owned-f1-qps1000-n48,attest. exec p95 (s),,V2,11.168398173696543,3.9838939351151463,0.272422766662439,10
slow500-owned-f1-qps1000-n48,attest. exec p99 (s),,V1,nan,nan,nan,10
slow500-owned-f1-qps1000-n48,attest. exec p99 (s),,V2,12.308873406675245,4.097559880270346,0.2475319089546712,10
slow500-owned-f1-qps1000-n48,attest. wait p50 (s),,V1,nan,nan,nan,10
slow500-owned-f1-qps1000-n48,attest. wait p50 (s),,V2,0.8242086731050438,1.8323235268526232,0.24453273235310044,10
slow500-owned-f1-qps1000-n48,attest. wait p95 (s),,V1,nan,nan,nan,10
slow500-owned-f1-qps1000-n48,attest. wait p95 (s),,V2,3.6784324642730595,3.4446166541675303,0.5443957981313946,10
slow500-owned-f1-qps1000-n48,attest. wait p99 (s),,V1,nan,nan,nan,10
slow500-owned-f1-qps1000-n48,attest. wait p99 (s),,V2,5.425925325908224,4.757071255753905,0.797628122517616,10
slow500-owned-f1-qps1000-n48,attest. resume p50 (s),,V1,nan,nan,nan,10
slow500-owned-f1-qps1000-n48,attest. resume p50 (s),,V2,0.3343695761511781,0.9875238810334587,0.11101547640679946,10
slow500-owned-f1-qps1000-n48,attest. resume p95 (s),,V1,nan,nan,nan,10
slow500-owned-f1-qps1000-n48,attest. resume p95 (s),,V2,1.8061990917666277,2.8179847577420443,0.2924006148410436,10
slow500-owned-f1-qps1000-n48,attest. resume p99 (s),,V1,nan,nan,nan,10
slow500-owned-f1-qps1000-n48,attest. resume p99 (s),,V2,2.5995423721637576,3.283971420873311,0.2935320119178729,10
slow500-owned-f1-qps1000-n48,num_inflight,,V1,384.9,115.43175472979695,38.47725157659898,10
slow500-owned-f1-qps1000-n48,num_inflight,,V2,253.2,89.88303510674304,29.961011702247678,10
slow500-owned-f1-qps1000-n48,CUs,,V1,nan,nan,nan,10
slow500-owned-f1-qps1000-n48,CUs,,V2,1366143.441563374,23592.406767871584,1579.3321827980278,10
slow500-owned-v1-qps1000-n48,TPS,,V1,5.155465800826432,7.454582236434482,0.49023700511372337,10
slow500-owned-v1-qps1000-n48,TPS,,V2,15.155685057877234,8.572930783620434,0.9813426323748705,10
slow500-owned-v1-qps1000-n48,attest. full p50 (s),,V1,nan,nan,nan,10
slow500-owned-v1-qps1000-n48,attest. full p50 (s),,V2,3.9472632381086066,2.779086992361208,0.23701494881024368,10
slow500-owned-v1-qps1000-n48,attest. full p95 (s),,V1,nan,nan,nan,10
slow500-owned-v1-qps1000-n48,attest. full p95 (s),,V2,10.585235169399619,6.798134561962699,0.8727013224484024,10
slow500-owned-v1-qps1000-n48,attest. full p99 (s),,V1,nan,nan,nan,10
slow500-owned-v1-qps1000-n48,attest. full p99 (s),,V2,12.389281733818457,7.685381916376873,1.0028442028715572,10
slow500-owned-v1-qps1000-n48,attest. / sec,,V1,0.0,0.0,0.0,10
slow500-owned-v1-qps1000-n48,attest. / sec,,V2,25.998329945004823,49.86642524836163,1.1226585233669555,10
slow500-owned-v1-qps1000-n48,host CPU,,V1,84.97581874416252,32.09126367553959,0.45748266896062195,10
slow500-owned-v1-qps1000-n48,host CPU,,V2,82.7326322654088,32.63652581726581,0.20090850800874577,10
slow500-owned-v1-qps1000-n48,rec. → exec. p50 (s),,V1,30.380997642044715,14.575029683032556,2.6304437258507294,10
slow500-owned-v1-qps1000-n48,rec. → exec. p50 (s),,V2,19.89993426720158,12.739262386443848,3.0237266576483663,10
slow500-owned-v1-qps1000-n48,rec. → exec. p95 (s),,V1,41.55691818000178,17.959694048837292,3.59331523758923,10
slow500-owned-v1-qps1000-n48,rec. → exec. p95 (s),,V2,25.268141328119228,17.301819825905767,3.7917851868213273,10
slow500-owned-v1-qps1000-n48,rec. → exec. p99 (s),,V1,42.88452959861132,18.22224504264423,3.705599821323794,10
slow500-owned-v1-qps1000-n48,rec. → exec. p99 (s),,V2,25.88653965802891,17.86907156903694,3.891348139996523,10
slow500-owned-v1-qps1000-n48,pc valid. lat. p50 (s),,V1,0.028454164752865246,0.09582794444846024,0.02035349727772541,10
slow500-owned-v1-qps1000-n48,pc valid. lat. p50 (s),,V2,0.0005895732803507178,0.007379713570035803,0.0003432242563673864,10
slow500-owned-v1-qps1000-n48,pc valid. lat. p95 (s),,V1,0.18627466832861073,0.22233532227941719,0.03700607275573767,10
slow500-owned-v1-qps1000-n48,pc valid. lat. p95 (s),,V2,0.00614854784640058,0.03475017813897634,0.005446646958329931,10
slow500-owned-v1-qps1000-n48,exec. lat. p95 (s),,V1,7.5825404039553295,1.4718640359806454,0.06263758281587599,10
slow500-owned-v1-qps1000-n48,exec. lat. p95 (s),,V2,1.8115944304782454,2.7299566897473033,0.37989437380755964,10
slow500-owned-v1-qps1000-n48,valid. drop. / sec,,V1,0.0,0.0,0.0,10
slow500-owned-v1-qps1000-n48,valid. drop. / sec,,V2,0.0,0.0,0.0,10
slow500-owned-v1-qps1000-n48,final. lat. p50 (s),,V1,nan,nan,nan,10
slow500-owned-v1-qps1000-n48,final. lat. p50 (s),,V2,nan,nan,nan,10
slow500-owned-v1-qps1000-n48,final. lat. p95 (s),,V1,nan,nan,nan,10
slow500-owned-v1-qps1000-n48,final. lat. p95 (s),,V2,nan,nan,nan,10
slow500-owned-v1-qps1000-n48,final. lat. p99 (s),,V1,nan,nan,nan,10
slow500-owned-v1-qps1000-n48,final. lat. p99 (s),,V2,nan,nan,nan,10
slow500-owned-v1-qps1000-n48,submit lat. p50 (s),,V1,nan,nan,nan,10
slow500-owned-v1-qps1000-n48,submit lat. p50 (s),,V2,nan,nan,nan,10
slow500-owned-v1-qps1000-n48,submit lat. p95 (s),,V1,nan,nan,nan,10
slow500-owned-v1-qps1000-n48,submit lat. p95 (s),,V2,nan,nan,nan,10
slow500-owned-v1-qps1000-n48,ckpt lag p50 (s),,V1,21.493651340976605,16.909715955130803,1.404400958679565,10
slow500-owned-v1-qps1000-n48,ckpt lag p50 (s),,V2,0.5139276016846932,1.0806775950212513,0.14027517949988022,10
slow500-owned-v1-qps1000-n48,ckpt lag p95 (s),,V1,30.56224491509566,21.145669345611665,2.0337069127256897,10
slow500-owned-v1-qps1000-n48,ckpt lag p95 (s),,V2,1.993908259434293,3.1939783637257166,0.42695140552390626,10
slow500-owned-v1-qps1000-n48,ckpt lag p99 (s),,V1,33.19020026417616,21.825566171619368,2.0898362131065675,10
slow500-owned-v1-qps1000-n48,ckpt lag p99 (s),,V2,8.672784172135923,5.844704198537703,0.8927601690833062,10
slow500-owned-v1-qps1000-n48,exec. dispatch queue,,V1,688.3,59.371794650321974,19.79059821677399,10
slow500-owned-v1-qps1000-n48,exec. dispatch queue,,V2,177.4,295.098695354622,98.36623178487399,10
slow500-owned-v1-qps1000-n48,pending txs,,V1,12.1,4.887739763939974,1.6292465879799911,10
slow500-owned-v1-qps1000-n48,pending txs,,V2,8.0,4.219004621945797,1.4063348739819324,10
slow500-owned-v1-qps1000-n48,exec. queue. delay p95 (s),,V1,2.0981027090237565,1.9052531722520731,0.21496814903916753,10
slow500-owned-v1-qps1000-n48,exec. queue. delay p95 (s),,V2,0.25769501890634094,0.5948548439793292,0.09730654158778355,10
slow500-owned-v1-qps1000-n48,post-cons shed drops / sec,,V1,0.0,0.0,0.0,10
slow500-owned-v1-qps1000-n48,post-cons shed drops / sec,,V2,0.0,0.0,0.0,10
slow500-owned-v1-qps1000-n48,shed % quorum,,V1,0.0,0.0,0.0,10
slow500-owned-v1-qps1000-n48,shed % quorum,,V2,0.0,0.0,0.0,10
slow500-owned-v1-qps1000-n48,shed % local,,V1,33.6,41.33569885704123,13.77856628568041,10
slow500-owned-v1-qps1000-n48,shed % local,,V2,0.0,0.0,0.0,10
slow500-owned-v1-qps1000-n48,shed % cons-queue,,V1,0.0,0.0,0.0,10
slow500-owned-v1-qps1000-n48,shed % cons-queue,,V2,0.0,0.0,0.0,10
slow500-owned-v1-qps1000-n48,pre-cons overload rej / sec,,V1,91.16709470304977,108.99044867170296,8.887350173381767,10
slow500-owned-v1-qps1000-n48,pre-cons overload rej / sec,,V2,187.07072118702553,160.85313102519206,17.421866987652574,10
slow500-owned-v1-qps1000-n48,node CPU,,V1,2.1520052613568867,0.5278342113358369,0.007783540444485151,10
slow500-owned-v1-qps1000-n48,node CPU,,V2,5.0369914213330516,4.557765055355481,0.14405791647011618,10
slow500-owned-v1-qps1000-n48,node memory RSS (bytes),,V1,1313285642.6496,49468352.59526619,6850981.521793678,10
slow500-owned-v1-qps1000-n48,node memory RSS (bytes),,V2,1592586024.4210527,149126898.7081282,17506214.28370618,10
slow500-owned-v1-qps1000-n48,overload graduated / sec,,V1,nan,nan,nan,10
slow500-owned-v1-qps1000-n48,overload graduated / sec,,V2,nan,nan,nan,10
slow500-owned-v1-qps1000-n48,overload max-pending / sec,,V1,nan,nan,nan,10
slow500-owned-v1-qps1000-n48,overload max-pending / sec,,V2,nan,nan,nan,10
slow500-owned-v1-qps1000-n48,overload semaphore / sec,,V1,91.70332285535939,109.61814415622541,8.757982078847466,10
slow500-owned-v1-qps1000-n48,overload semaphore / sec,,V2,180.79190970877963,144.70604202617807,16.054702862022573,10
slow500-owned-v1-qps1000-n48,attest. exec p50 (s),,V1,nan,nan,nan,10
slow500-owned-v1-qps1000-n48,attest. exec p50 (s),,V2,0.6522895720147682,0.8191636191013044,0.09355702312942965,10
slow500-owned-v1-qps1000-n48,attest. exec p95 (s),,V1,nan,nan,nan,10
slow500-owned-v1-qps1000-n48,attest. exec p95 (s),,V2,2.615061370858847,2.2754020021469294,0.3822373547146316,10
slow500-owned-v1-qps1000-n48,attest. exec p99 (s),,V1,nan,nan,nan,10
slow500-owned-v1-qps1000-n48,attest. exec p99 (s),,V2,3.2902970753214213,2.6069987128173135,0.4373991750774881,10
slow500-owned-v1-qps1000-n48,attest. wait p50 (s),,V1,nan,nan,nan,10
slow500-owned-v1-qps1000-n48,attest. wait p50 (s),,V2,1.2210482883962586,1.0019968562254058,0.1267688181735227,10
slow500-owned-v1-qps1000-n48,attest. wait p95 (s),,V1,nan,nan,nan,10
slow500-owned-v1-qps1000-n48,attest. wait p95 (s),,V2,4.583290126693571,3.315521459845033,0.5485163391128415,10
slow500-owned-v1-qps1000-n48,attest. wait p99 (s),,V1,nan,nan,nan,10
slow500-owned-v1-qps1000-n48,attest. wait p99 (s),,V2,6.6929650466115085,4.652753016363363,0.8301002201823685,10
slow500-owned-v1-qps1000-n48,attest. resume p50 (s),,V1,nan,nan,nan,10
slow500-owned-v1-qps1000-n48,attest. resume p50 (s),,V2,1.9370466502981503,2.3779762238708657,0.2724635742371691,10
slow500-owned-v1-qps1000-n48,attest. resume p95 (s),,V1,nan,nan,nan,10
slow500-owned-v1-qps1000-n48,attest. resume p95 (s),,V2,5.030548161569196,4.973503421300661,0.5393416380669388,10
slow500-owned-v1-qps1000-n48,attest. resume p99 (s),,V1,nan,nan,nan,10
slow500-owned-v1-qps1000-n48,attest. resume p99 (s),,V2,6.288045309992392,6.0318176980965585,0.6776567803992976,10
slow500-owned-v1-qps1000-n48,num_inflight,,V1,1143.6,171.3243707124004,57.10812357080013,10
slow500-owned-v1-qps1000-n48,num_inflight,,V2,1537.9,237.9413583217512,79.3137861072504,10
slow500-owned-v1-qps1000-n48,CUs,,V1,nan,nan,nan,10
slow500-owned-v1-qps1000-n48,CUs,,V2,1230984.805006148,398558.8661181753,138143.31112161986,10
slow500-owned-v48-qps1000-n48,TPS,,V1,5.921673386799443,13.26154191342461,1.2070419792461073,10
slow500-owned-v48-qps1000-n48,TPS,,V2,9.895718391196473,15.09463963370694,0.8272197570125421,10
slow500-owned-v48-qps1000-n48,attest. full p50 (s),,V1,nan,nan,nan,10
slow500-owned-v48-qps1000-n48,attest. full p50 (s),,V2,9.558267377923205,3.9761823122199336,0.31237484202176347,10
slow500-owned-v48-qps1000-n48,attest. full p95 (s),,V1,nan,nan,nan,10
slow500-owned-v48-qps1000-n48,attest. full p95 (s),,V2,16.606837131569865,4.961334920630574,0.28853045018386975,10
slow500-owned-v48-qps1000-n48,attest. full p99 (s),,V1,nan,nan,nan,10
slow500-owned-v48-qps1000-n48,attest. full p99 (s),,V2,19.638365542195448,6.05894064927224,0.27420470187916357,10
slow500-owned-v48-qps1000-n48,attest. / sec,,V1,0.0,0.0,0.0,10
slow500-owned-v48-qps1000-n48,attest. / sec,,V2,16.650664153652844,11.22051882894709,0.9823502565367318,10
slow500-owned-v48-qps1000-n48,host CPU,,V1,83.72361873130494,32.27645497241928,0.5238140353733491,10
slow500-owned-v48-qps1000-n48,host CPU,,V2,84.20142674258324,32.11999106029142,0.28218369422456707,10
slow500-owned-v48-qps1000-n48,rec. → exec. p50 (s),,V1,30.43126899528422,14.971446338024862,0.3170209846814054,10
slow500-owned-v48-qps1000-n48,rec. → exec. p50 (s),,V2,28.942543179582014,15.162563985298926,1.3924144123458293,10
slow500-owned-v48-qps1000-n48,rec. → exec. p95 (s),,V1,40.962119389325295,18.905872576199027,0.4133645712940558,10
slow500-owned-v48-qps1000-n48,rec. → exec. p95 (s),,V2,39.53810005690103,19.88733859320981,1.1133553070564126,10
slow500-owned-v48-qps1000-n48,rec. → exec. p99 (s),,V1,42.2227090070396,19.262623609644386,0.49182080777423903,10
slow500-owned-v48-qps1000-n48,rec. → exec. p99 (s),,V2,40.62257146769088,20.500056728305623,1.0540169498179712,10
slow500-owned-v48-qps1000-n48,pc valid. lat. p50 (s),,V1,0.22246625961256009,0.40758651231035914,0.08108383085082313,10
slow500-owned-v48-qps1000-n48,pc valid. lat. p50 (s),,V2,0.044670891654985855,0.08313928625740133,0.008174116164822366,10
slow500-owned-v48-qps1000-n48,pc valid. lat. p95 (s),,V1,0.6746577681035385,0.7254078169557339,0.13840967033618953,10
slow500-owned-v48-qps1000-n48,pc valid. lat. p95 (s),,V2,0.18410016699077658,0.17235135206798083,0.019356300619169046,10
slow500-owned-v48-qps1000-n48,exec. lat. p95 (s),,V1,7.677933318338592,1.705569368616106,0.038575607793579374,10
slow500-owned-v48-qps1000-n48,exec. lat. p95 (s),,V2,7.933278978027632,2.7733533200656146,0.18721320430485988,10
slow500-owned-v48-qps1000-n48,valid. drop. / sec,,V1,0.0,0.0,0.0,10
slow500-owned-v48-qps1000-n48,valid. drop. / sec,,V2,0.0,0.0,0.0,10
slow500-owned-v48-qps1000-n48,final. lat. p50 (s),,V1,nan,nan,nan,10
slow500-owned-v48-qps1000-n48,final. lat. p50 (s),,V2,nan,nan,nan,10
slow500-owned-v48-qps1000-n48,final. lat. p95 (s),,V1,nan,nan,nan,10
slow500-owned-v48-qps1000-n48,final. lat. p95 (s),,V2,nan,nan,nan,10
slow500-owned-v48-qps1000-n48,final. lat. p99 (s),,V1,nan,nan,nan,10
slow500-owned-v48-qps1000-n48,final. lat. p99 (s),,V2,nan,nan,nan,10
slow500-owned-v48-qps1000-n48,submit lat. p50 (s),,V1,nan,nan,nan,10
slow500-owned-v48-qps1000-n48,submit lat. p50 (s),,V2,nan,nan,nan,10
slow500-owned-v48-qps1000-n48,submit lat. p95 (s),,V1,nan,nan,nan,10
slow500-owned-v48-qps1000-n48,submit lat. p95 (s),,V2,nan,nan,nan,10
slow500-owned-v48-qps1000-n48,ckpt lag p50 (s),,V1,23.87790029362166,17.82524553368112,0.825011590543266,10
slow500-owned-v48-qps1000-n48,ckpt lag p50 (s),,V2,24.32935200806516,18.254554089992382,0.3314661092637188,10
slow500-owned-v48-qps1000-n48,ckpt lag p95 (s),,V1,34.06452101379442,22.10506783023225,1.0378660100390007,10
slow500-owned-v48-qps1000-n48,ckpt lag p95 (s),,V2,33.98254959327758,22.62068486946906,0.578520298909923,10
slow500-owned-v48-qps1000-n48,ckpt lag p99 (s),,V1,35.845465461406825,22.242720147944965,1.037528493516373,10
slow500-owned-v48-qps1000-n48,ckpt lag p99 (s),,V2,35.45972694622804,22.680372059686295,0.6354227562005028,10
slow500-owned-v48-qps1000-n48,exec. dispatch queue,,V1,1559.1,393.60677077509735,131.20225692503243,10
slow500-owned-v48-qps1000-n48,exec. dispatch queue,,V2,775.9,328.68843910305094,109.56281303435031,10
slow500-owned-v48-qps1000-n48,pending txs,,V1,10.3,5.568662316930341,1.8562207723101136,10
slow500-owned-v48-qps1000-n48,pending txs,,V2,13.2,3.1874754901018454,1.0624918300339485,10
slow500-owned-v48-qps1000-n48,exec. queue. delay p95 (s),,V1,2.596939797263369,2.714314001765693,0.3156171718515472,10
slow500-owned-v48-qps1000-n48,exec. queue. delay p95 (s),,V2,2.007590410916061,1.8687773192854793,0.19288626267582754,10
slow500-owned-v48-qps1000-n48,post-cons shed drops / sec,,V1,0.0,0.0,0.0,10
slow500-owned-v48-qps1000-n48,post-cons shed drops / sec,,V2,0.0,0.0,0.0,10
slow500-owned-v48-qps1000-n48,shed % quorum,,V1,0.0,0.0,0.0,10
slow500-owned-v48-qps1000-n48,shed % quorum,,V2,0.0,0.0,0.0,10
slow500-owned-v48-qps1000-n48,shed % local,,V1,40.0,42.34855369431169,14.116184564770561,10
slow500-owned-v48-qps1000-n48,shed % local,,V2,37.5,35.432329869767244,11.810776623255746,10
slow500-owned-v48-qps1000-n48,shed % cons-queue,,V1,0.0,0.0,0.0,10
slow500-owned-v48-qps1000-n48,shed % cons-queue,,V2,0.0,0.0,0.0,10
slow500-owned-v48-qps1000-n48,pre-cons overload rej / sec,,V1,nan,nan,nan,10
slow500-owned-v48-qps1000-n48,pre-cons overload rej / sec,,V2,nan,nan,nan,10
slow500-owned-v48-qps1000-n48,node CPU,,V1,2.1670789861913606,0.5122486482883735,0.007726621799368738,10
slow500-owned-v48-qps1000-n48,node CPU,,V2,2.458518110777502,0.8392787084988461,0.06530342085523723,10
slow500-owned-v48-qps1000-n48,node memory RSS (bytes),,V1,1335997976.3809524,45813074.98176142,5322403.131383493,10
slow500-owned-v48-qps1000-n48,node memory RSS (bytes),,V2,1454502062.7109005,30965128.773768406,2972936.475347387,10
slow500-owned-v48-qps1000-n48,overload graduated / sec,,V1,nan,nan,nan,10
slow500-owned-v48-qps1000-n48,overload graduated / sec,,V2,nan,nan,nan,10
slow500-owned-v48-qps1000-n48,overload max-pending / sec,,V1,nan,nan,nan,10
slow500-owned-v48-qps1000-n48,overload max-pending / sec,,V2,nan,nan,nan,10
slow500-owned-v48-qps1000-n48,overload semaphore / sec,,V1,nan,nan,nan,10
slow500-owned-v48-qps1000-n48,overload semaphore / sec,,V2,nan,nan,nan,10
slow500-owned-v48-qps1000-n48,attest. exec p50 (s),,V1,nan,nan,nan,10
slow500-owned-v48-qps1000-n48,attest. exec p50 (s),,V2,6.245903183455489,1.9224121457572896,0.21388949557750503,10
slow500-owned-v48-qps1000-n48,attest. exec p95 (s),,V1,nan,nan,nan,10
slow500-owned-v48-qps1000-n48,attest. exec p95 (s),,V2,9.89231939017324,2.7659245893100266,0.2565210577339176,10
slow500-owned-v48-qps1000-n48,attest. exec p99 (s),,V1,nan,nan,nan,10
slow500-owned-v48-qps1000-n48,attest. exec p99 (s),,V2,11.412262198530446,3.247619396000553,0.27007395893637465,10
slow500-owned-v48-qps1000-n48,attest. wait p50 (s),,V1,nan,nan,nan,10
slow500-owned-v48-qps1000-n48,attest. wait p50 (s),,V2,2.6530260846317533,2.2062975081824447,0.17402814796695723,10
slow500-owned-v48-qps1000-n48,attest. wait p95 (s),,V1,nan,nan,nan,10
slow500-owned-v48-qps1000-n48,attest. wait p95 (s),,V2,8.757070546338227,3.1913278251794153,0.291227309068702,10
slow500-owned-v48-qps1000-n48,attest. wait p99 (s),,V1,nan,nan,nan,10
slow500-owned-v48-qps1000-n48,attest. wait p99 (s),,V2,12.595788669651363,4.828738343716918,0.40488456186740646,10
slow500-owned-v48-qps1000-n48,attest. resume p50 (s),,V1,nan,nan,nan,10
slow500-owned-v48-qps1000-n48,attest. resume p50 (s),,V2,0.0412817539291389,0.11884782152287528,0.014521464639403294,10
slow500-owned-v48-qps1000-n48,attest. resume p95 (s),,V1,nan,nan,nan,10
slow500-owned-v48-qps1000-n48,attest. resume p95 (s),,V2,1.6188602295070986,2.1322057198849795,0.23108956550710777,10
slow500-owned-v48-qps1000-n48,attest. resume p99 (s),,V1,nan,nan,nan,10
slow500-owned-v48-qps1000-n48,attest. resume p99 (s),,V2,2.6838784927909938,2.719832627748448,0.26492187597781275,10
slow500-owned-v48-qps1000-n48,num_inflight,,V1,358.6,101.74988943482936,33.91662981160979,10
slow500-owned-v48-qps1000-n48,num_inflight,,V2,645.7,72.52730520293719,24.175768400979063,10
slow500-owned-v48-qps1000-n48,CUs,,V1,nan,nan,nan,10
slow500-owned-v48-qps1000-n48,CUs,,V2,1346686.6954433685,162851.52540060977,7327.6344824306225,10
slow500-owned-f1-qps2000-n48,TPS,,V1,7.209041369826868,8.974895688043025,0.46785365457227057,10
slow500-owned-f1-qps2000-n48,TPS,,V2,6.743177100701931,7.1878278471421435,0.7611394176053567,10
slow500-owned-f1-qps2000-n48,attest. full p50 (s),,V1,nan,nan,nan,10
slow500-owned-f1-qps2000-n48,attest. full p50 (s),,V2,10.320752786824082,4.957017441626737,0.351962210610551,10
slow500-owned-f1-qps2000-n48,attest. full p95 (s),,V1,nan,nan,nan,10
slow500-owned-f1-qps2000-n48,attest. full p95 (s),,V2,17.65915512716809,7.327338475123044,0.458351931071391,10
slow500-owned-f1-qps2000-n48,attest. full p99 (s),,V1,nan,nan,nan,10
slow500-owned-f1-qps2000-n48,attest. full p99 (s),,V2,21.973410771436033,10.509003976276757,0.8409862253351286,10
slow500-owned-f1-qps2000-n48,attest. / sec,,V1,0.0,0.0,0.0,10
slow500-owned-f1-qps2000-n48,attest. / sec,,V2,18.34764242745931,14.211095752794236,1.5156299615535445,10
slow500-owned-f1-qps2000-n48,host CPU,,V1,84.15021285714546,31.75699200488996,0.26564206605423984,10
slow500-owned-f1-qps2000-n48,host CPU,,V2,84.48833998299715,31.473181730355133,0.315884568468697,10
slow500-owned-f1-qps2000-n48,rec. → exec. p50 (s),,V1,30.348172992565225,14.529208658331935,0.3273515830443419,10
slow500-owned-f1-qps2000-n48,rec. → exec. p50 (s),,V2,30.414361471861472,15.814858022624644,0.2100097640582253,10
slow500-owned-f1-qps2000-n48,rec. → exec. p95 (s),,V1,39.92019631282225,19.376075609537438,0.4313708459938489,10
slow500-owned-f1-qps2000-n48,rec. → exec. p95 (s),,V2,39.596122802095024,20.50166832256184,0.345052323074983,10
slow500-owned-f1-qps2000-n48,rec. → exec. p99 (s),,V1,40.992297790392094,19.87524664062722,0.48355838738225004,10
slow500-owned-f1-qps2000-n48,rec. → exec. p99 (s),,V2,40.47181715301159,20.87548098298678,0.3643415801519251,10
slow500-owned-f1-qps2000-n48,pc valid. lat. p50 (s),,V1,0.4324035293817092,0.9095463535057826,0.19060492834122014,10
slow500-owned-f1-qps2000-n48,pc valid. lat. p50 (s),,V2,0.05020412788721618,0.0679924067284975,0.010037302123898632,10
slow500-owned-f1-qps2000-n48,pc valid. lat. p95 (s),,V1,0.9696773780822352,1.2931369165566484,0.2464204374058672,10
slow500-owned-f1-qps2000-n48,pc valid. lat. p95 (s),,V2,0.19056139497502317,0.18076750167961517,0.014939676065784117,10
slow500-owned-f1-qps2000-n48,exec. lat. p95 (s),,V1,7.560226972859688,2.056091495479844,0.0382791709702702,10
slow500-owned-f1-qps2000-n48,exec. lat. p95 (s),,V2,8.853799952418727,4.3041019680855035,0.3333763764146146,10
slow500-owned-f1-qps2000-n48,valid. drop. / sec,,V1,0.0,0.0,0.0,10
slow500-owned-f1-qps2000-n48,valid. drop. / sec,,V2,0.0,0.0,0.0,10
slow500-owned-f1-qps2000-n48,final. lat. p50 (s),,V1,16.190554247027645,11.882683584681153,1.0781066319874393,10
slow500-owned-f1-qps2000-n48,final. lat. p50 (s),,V2,12.418214359949536,9.13772553115738,0.6822549317309052,10
slow500-owned-f1-qps2000-n48,final. lat. p95 (s),,V1,20.50125075205577,14.258081573406214,1.3746430380517194,10
slow500-owned-f1-qps2000-n48,final. lat. p95 (s),,V2,15.96102076690876,10.174871581295013,0.8782593022037891,10
slow500-owned-f1-qps2000-n48,final. lat. p99 (s),,V1,21.24506948159958,14.522869431664837,1.391851416276134,10
slow500-owned-f1-qps2000-n48,final. lat. p99 (s),,V2,16.77218145369567,10.68574174171641,1.0231387800393696,10
slow500-owned-f1-qps2000-n48,submit lat. p50 (s),,V1,4.341094725894438,4.163917448352023,0.30991048932455634,10
slow500-owned-f1-qps2000-n48,submit lat. p50 (s),,V2,9.99786436554556,6.443397701872406,0.85109459679846,10
slow500-owned-f1-qps2000-n48,submit lat. p95 (s),,V1,9.62910677427549,6.3288732309667095,0.23141897178816706,10
slow500-owned-f1-qps2000-n48,submit lat. p95 (s),,V2,17.360679255883102,8.649704609131902,0.4315227965716693,10
slow500-owned-f1-qps2000-n48,ckpt lag p50 (s),,V1,24.875208010051796,18.56373435988825,0.4138267459349886,10
slow500-owned-f1-qps2000-n48,ckpt lag p50 (s),,V2,24.565585604435327,18.55544553686259,0.4287601668582287,10
slow500-owned-f1-qps2000-n48,ckpt lag p95 (s),,V1,34.136534595857114,23.788088651418377,0.7925411490599458,10
slow500-owned-f1-qps2000-n48,ckpt lag p95 (s),,V2,33.054898533990404,23.94217263374644,0.6676899900352381,10
slow500-owned-f1-qps2000-n48,ckpt lag p99 (s),,V1,36.19902472057818,23.913258123453115,0.8332136937793604,10
slow500-owned-f1-qps2000-n48,ckpt lag p99 (s),,V2,35.13512962054286,23.4701575837154,0.6712296149257058,10
slow500-owned-f1-qps2000-n48,exec. dispatch queue,,V1,3322.0,531.5402148473811,177.18007161579365,10
slow500-owned-f1-qps2000-n48,exec. dispatch queue,,V2,805.4,528.3164203391751,176.1054734463917,10
slow500-owned-f1-qps2000-n48,pending txs,,V1,11.4,6.248199740725324,2.082733246908441,10
slow500-owned-f1-qps2000-n48,pending txs,,V2,8.5,2.3345235059857505,0.7781745019952501,10
slow500-owned-f1-qps2000-n48,exec. queue. delay p95 (s),,V1,2.1348173573866407,2.036721885369265,0.10252646655069159,10
slow500-owned-f1-qps2000-n48,exec. queue. delay p95 (s),,V2,2.240944644874899,2.2193090081674076,0.296779256018246,10
slow500-owned-f1-qps2000-n48,post-cons shed drops / sec,,V1,0.0,0.0,0.0,10
slow500-owned-f1-qps2000-n48,post-cons shed drops / sec,,V2,0.0,0.0,0.0,10
slow500-owned-f1-qps2000-n48,shed % quorum,,V1,0.0,0.0,0.0,10
slow500-owned-f1-qps2000-n48,shed % quorum,,V2,0.0,0.0,0.0,10
slow500-owned-f1-qps2000-n48,shed % local,,V1,57.0,46.54030511288038,15.513435037626794,10
slow500-owned-f1-qps2000-n48,shed % local,,V2,52.5,27.489088744445496,9.163029581481831,10
slow500-owned-f1-qps2000-n48,shed % cons-queue,,V1,0.0,0.0,0.0,10
slow500-owned-f1-qps2000-n48,shed % cons-queue,,V2,0.0,0.0,0.0,10
slow500-owned-f1-qps2000-n48,pre-cons overload rej / sec,,V1,5.575892857142857,9.215460326225417,nan,10
slow500-owned-f1-qps2000-n48,pre-cons overload rej / sec,,V2,nan,nan,nan,10
slow500-owned-f1-qps2000-n48,node CPU,,V1,2.188962462076864,0.5372710623587018,0.008858674774699368,10
slow500-owned-f1-qps2000-n48,node CPU,,V2,2.455019742984473,0.7577987737319388,0.07546780239460928,10
slow500-owned-f1-qps2000-n48,node memory RSS (bytes),,V1,1398440928.3950617,40070311.75093711,4761015.524093618,10
slow500-owned-f1-qps2000-n48,node memory RSS (bytes),,V2,1465416716.6419754,44226086.72701637,4129961.265799636,10
slow500-owned-f1-qps2000-n48,overload graduated / sec,,V1,nan,nan,nan,10
slow500-owned-f1-qps2000-n48,overload graduated / sec,,V2,nan,nan,nan,10
slow500-owned-f1-qps2000-n48,overload max-pending / sec,,V1,nan,nan,nan,10
slow500-owned-f1-qps2000-n48,overload max-pending / sec,,V2,nan,nan,nan,10
slow500-owned-f1-qps2000-n48,overload semaphore / sec,,V1,5.633035714285714,9.363221299631197,nan,10
slow500-owned-f1-qps2000-n48,overload semaphore / sec,,V2,nan,nan,nan,10
slow500-owned-f1-qps2000-n48,attest. exec p50 (s),,V1,nan,nan,nan,10
slow500-owned-f1-qps2000-n48,attest. exec p50 (s),,V2,6.306492599554585,2.225249371266672,0.1895112006534403,10
slow500-owned-f1-qps2000-n48,attest. exec p95 (s),,V1,nan,nan,nan,10
slow500-owned-f1-qps2000-n48,attest. exec p95 (s),,V2,10.105020305466951,3.258668152958038,0.25699700556159827,10
slow500-owned-f1-qps2000-n48,attest. exec p99 (s),,V1,nan,nan,nan,10
slow500-owned-f1-qps2000-n48,attest. exec p99 (s),,V2,11.51277016468029,3.5744627171131778,0.24648249459119342,10
slow500-owned-f1-qps2000-n48,attest. wait p50 (s),,V1,nan,nan,nan,10
slow500-owned-f1-qps2000-n48,attest. wait p50 (s),,V2,3.0718763790069716,3.195590166087002,0.3704224344672893,10
slow500-owned-f1-qps2000-n48,attest. wait p95 (s),,V1,nan,nan,nan,10
slow500-owned-f1-qps2000-n48,attest. wait p95 (s),,V2,11.08944853154683,5.298480543914255,0.5631222641555382,10
slow500-owned-f1-qps2000-n48,attest. wait p99 (s),,V1,nan,nan,nan,10
slow500-owned-f1-qps2000-n48,attest. wait p99 (s),,V2,15.260976503046837,7.17380063932533,0.7382778242464346,10
slow500-owned-f1-qps2000-n48,attest. resume p50 (s),,V1,nan,nan,nan,10
slow500-owned-f1-qps2000-n48,attest. resume p50 (s),,V2,0.15348456326304777,0.45944191782807053,0.04321873943151303,10
slow500-owned-f1-qps2000-n48,attest. resume p95 (s),,V1,nan,nan,nan,10
slow500-owned-f1-qps2000-n48,attest. resume p95 (s),,V2,2.562115893732254,2.975466968896517,0.337395549936335,10
slow500-owned-f1-qps2000-n48,attest. resume p99 (s),,V1,nan,nan,nan,10
slow500-owned-f1-qps2000-n48,attest. resume p99 (s),,V2,4.134928154837293,3.930975248201858,0.4847254768418363,10
slow500-owned-f1-qps2000-n48,num_inflight,,V1,671.5,105.78208733051169,35.260695776837224,10
slow500-owned-f1-qps2000-n48,num_inflight,,V2,661.1,71.13712111127354,23.712373703757848,10
slow500-owned-f1-qps2000-n48,CUs,,V1,nan,nan,nan,10
slow500-owned-f1-qps2000-n48,CUs,,V2,1291094.784984326,228726.62827742472,10651.354350449476,10
slow500-owned-v1-qps2000-n48,TPS,,V1,7.920565274659674,12.939351703526727,1.0421394248501512,10
slow500-owned-v1-qps2000-n48,TPS,,V2,11.962335051923459,14.678581733523997,1.5691250935024328,10
slow500-owned-v1-qps2000-n48,attest. full p50 (s),,V1,nan,nan,nan,10
slow500-owned-v1-qps2000-n48,attest. full p50 (s),,V2,6.661828836230132,7.732693159601778,1.1046585436005671,10
slow500-owned-v1-qps2000-n48,attest. full p95 (s),,V1,nan,nan,nan,10
slow500-owned-v1-qps2000-n48,attest. full p95 (s),,V2,14.784032854471139,13.82887370808587,2.9086225478254297,10
slow500-owned-v1-qps2000-n48,attest. full p99 (s),,V1,nan,nan,nan,10
slow500-owned-v1-qps2000-n48,attest. full p99 (s),,V2,17.293098621761622,16.056829439581605,3.3600195596340057,10
slow500-owned-v1-qps2000-n48,attest. / sec,,V1,0.0,0.0,0.0,10
slow500-owned-v1-qps2000-n48,attest. / sec,,V2,32.708813171332984,65.76715284111663,4.532718138343652,10
slow500-owned-v1-qps2000-n48,host CPU,,V1,83.06775424603364,31.681373914052198,0.5485989545019515,10
slow500-owned-v1-qps2000-n48,host CPU,,V2,83.36441518140612,31.377917313374287,0.6306173118826384,10
slow500-owned-v1-qps2000-n48,rec. → exec. p50 (s),,V1,28.747949485039104,16.022945160795025,0.9214236238619237,10
slow500-owned-v1-qps2000-n48,rec. → exec. p50 (s),,V2,22.168551498797704,19.453320957115565,3.0253597280946396,10
slow500-owned-v1-qps2000-n48,rec. → exec. p95 (s),,V1,39.537647450480705,20.3942750306665,1.179352457385095,10
slow500-owned-v1-qps2000-n48,rec. → exec. p95 (s),,V2,29.361934602365615,25.34953167683748,4.009891280971259,10
slow500-owned-v1-qps2000-n48,rec. → exec. p99 (s),,V1,40.841569625611314,20.73966153230081,1.223863976777762,10
slow500-owned-v1-qps2000-n48,rec. → exec. p99 (s),,V2,30.17899484998854,25.959591320210485,4.121934358253102,10
slow500-owned-v1-qps2000-n48,pc valid. lat. p50 (s),,V1,0.0426644604980982,0.10842265289680197,0.02502176745404116,10
slow500-owned-v1-qps2000-n48,pc valid. lat. p50 (s),,V2,0.0039458612333746375,0.03369206689456123,0.004391690156291041,10
slow500-owned-v1-qps2000-n48,pc valid. lat. p95 (s),,V1,0.19333204950890237,0.2706038618946764,0.05636696202247476,10
slow500-owned-v1-qps2000-n48,pc valid. lat. p95 (s),,V2,0.009802875732914692,0.05915790408429047,0.008788840597120585,10
slow500-owned-v1-qps2000-n48,exec. lat. p95 (s),,V1,6.94907543690976,2.201928213430166,0.15040990428521595,10
slow500-owned-v1-qps2000-n48,exec. lat. p95 (s),,V2,3.443618148766326,3.6712800832348083,0.7279685140597576,10
slow500-owned-v1-qps2000-n48,valid. drop. / sec,,V1,0.0,0.0,0.0,10
slow500-owned-v1-qps2000-n48,valid. drop. / sec,,V2,0.0,0.0,0.0,10
slow500-owned-v1-qps2000-n48,final. lat. p50 (s),,V1,nan,nan,nan,10
slow500-owned-v1-qps2000-n48,final. lat. p50 (s),,V2,nan,nan,nan,10
slow500-owned-v1-qps2000-n48,final. lat. p95 (s),,V1,nan,nan,nan,10
slow500-owned-v1-qps2000-n48,final. lat. p95 (s),,V2,nan,nan,nan,10
slow500-owned-v1-qps2000-n48,final. lat. p99 (s),,V1,nan,nan,nan,10
slow500-owned-v1-qps2000-n48,final. lat. p99 (s),,V2,nan,nan,nan,10
slow500-owned-v1-qps2000-n48,submit lat. p50 (s),,V1,nan,nan,nan,10
slow500-owned-v1-qps2000-n48,submit lat. p50 (s),,V2,nan,nan,nan,10
slow500-owned-v1-qps2000-n48,submit lat. p95 (s),,V1,nan,nan,nan,10
slow500-owned-v1-qps2000-n48,submit lat. p95 (s),,V2,nan,nan,nan,10
slow500-owned-v1-qps2000-n48,ckpt lag p50 (s),,V1,24.143246045843163,18.911608229036144,0.7236096273758974,10
slow500-owned-v1-qps2000-n48,ckpt lag p50 (s),,V2,4.839653448687522,12.08854313397493,2.3865731092031877,10
slow500-owned-v1-qps2000-n48,ckpt lag p95 (s),,V1,32.34776483158492,24.618473846293732,0.924844236815419,10
slow500-owned-v1-qps2000-n48,ckpt lag p95 (s),,V2,8.738222104294316,17.651966762721973,4.091825091544682,10
slow500-owned-v1-qps2000-n48,ckpt lag p99 (s),,V1,33.861282487615405,24.606367357848637,0.9784776652481039,10
slow500-owned-v1-qps2000-n48,ckpt lag p99 (s),,V2,13.34080327923358,17.845658625977013,3.8361201386907995,10
slow500-owned-v1-qps2000-n48,exec. dispatch queue,,V1,670.3,153.37604115376038,51.12534705125346,10
slow500-owned-v1-qps2000-n48,exec. dispatch queue,,V2,462.7,289.59318016831816,96.53106005610606,10
slow500-owned-v1-qps2000-n48,pending txs,,V1,11.0,5.0,1.6666666666666665,10
slow500-owned-v1-qps2000-n48,pending txs,,V2,9.8,3.4871191548325386,1.1623730516108461,10
slow500-owned-v1-qps2000-n48,exec. queue. delay p95 (s),,V1,2.7247105117960424,2.30698632582398,0.20564977719364375,10
slow500-owned-v1-qps2000-n48,exec. queue. delay p95 (s),,V2,1.3699380548505358,1.8866170753206237,0.3495746447973488,10
slow500-owned-v1-qps2000-n48,post-cons shed drops / sec,,V1,0.0,0.0,0.0,10
slow500-owned-v1-qps2000-n48,post-cons shed drops / sec,,V2,0.0,0.0,0.0,10
slow500-owned-v1-qps2000-n48,shed % quorum,,V1,0.0,0.0,0.0,10
slow500-owned-v1-qps2000-n48,shed % quorum,,V2,2.6,5.2,1.7333333333333334,10
slow500-owned-v1-qps2000-n48,shed % local,,V1,56.9,38.28694294403772,12.762314314679239,10
slow500-owned-v1-qps2000-n48,shed % local,,V2,4.5,7.046275611981127,2.348758537327042,10
slow500-owned-v1-qps2000-n48,shed % cons-queue,,V1,0.0,0.0,0.0,10
slow500-owned-v1-qps2000-n48,shed % cons-queue,,V2,0.0,0.0,0.0,10
slow500-owned-v1-qps2000-n48,pre-cons overload rej / sec,,V1,210.83609828072875,217.11077837049243,32.408530271721546,10
slow500-owned-v1-qps2000-n48,pre-cons overload rej / sec,,V2,541.4969294425088,998.5799612906769,238.86748698173568,10
slow500-owned-v1-qps2000-n48,node CPU,,V1,2.1342114890492287,0.5363970376571343,0.009709683232991581,10
slow500-owned-v1-qps2000-n48,node CPU,,V2,5.9590827654311385,6.177430874473116,0.49953677260777085,10
slow500-owned-v1-qps2000-n48,node memory RSS (bytes),,V1,1335920012.2848296,49468242.43911767,5428651.048341435,10
slow500-owned-v1-qps2000-n48,node memory RSS (bytes),,V2,1583068361.6248062,128466154.91041335,18600034.599604115,10
slow500-owned-v1-qps2000-n48,overload graduated / sec,,V1,nan,nan,nan,10
slow500-owned-v1-qps2000-n48,overload graduated / sec,,V2,nan,nan,nan,10
slow500-owned-v1-qps2000-n48,overload max-pending / sec,,V1,nan,nan,nan,10
slow500-owned-v1-qps2000-n48,overload max-pending / sec,,V2,nan,nan,nan,10
slow500-owned-v1-qps2000-n48,overload semaphore / sec,,V1,206.40385919571833,214.3928031963088,30.79301121924209,10
slow500-owned-v1-qps2000-n48,overload semaphore / sec,,V2,541.069379113434,991.738163786678,236.65638020092064,10
slow500-owned-v1-qps2000-n48,attest. exec p50 (s),,V1,nan,nan,nan,10
slow500-owned-v1-qps2000-n48,attest. exec p50 (s),,V2,2.478601758373616,3.2173281616479947,0.5828291730873703,10
slow500-owned-v1-qps2000-n48,attest. exec p95 (s),,V1,nan,nan,nan,10
slow500-owned-v1-qps2000-n48,attest. exec p95 (s),,V2,4.093196391705264,3.9304444955101667,0.8258992775644581,10
slow500-owned-v1-qps2000-n48,attest. exec p99 (s),,V1,nan,nan,nan,10
slow500-owned-v1-qps2000-n48,attest. exec p99 (s),,V2,4.77643415822889,4.046426546928117,0.9177222356184109,10
slow500-owned-v1-qps2000-n48,attest. wait p50 (s),,V1,nan,nan,nan,10
slow500-owned-v1-qps2000-n48,attest. wait p50 (s),,V2,2.919961026530357,3.5717890013027147,0.5681339584600489,10
slow500-owned-v1-qps2000-n48,attest. wait p95 (s),,V1,nan,nan,nan,10
slow500-owned-v1-qps2000-n48,attest. wait p95 (s),,V2,6.543831561658756,5.949544715562682,1.0426548161114666,10
slow500-owned-v1-qps2000-n48,attest. wait p99 (s),,V1,nan,nan,nan,10
slow500-owned-v1-qps2000-n48,attest. wait p99 (s),,V2,8.794493539755397,7.451136851797911,1.3683244319253787,10
slow500-owned-v1-qps2000-n48,attest. resume p50 (s),,V1,nan,nan,nan,10
slow500-owned-v1-qps2000-n48,attest. resume p50 (s),,V2,2.8621866023500124,6.747719121021845,0.8955335408090436,10
slow500-owned-v1-qps2000-n48,attest. resume p95 (s),,V1,nan,nan,nan,10
slow500-owned-v1-qps2000-n48,attest. resume p95 (s),,V2,8.051570280251994,12.51661476199901,2.6047843597674927,10
slow500-owned-v1-qps2000-n48,attest. resume p99 (s),,V1,nan,nan,nan,10
slow500-owned-v1-qps2000-n48,attest. resume p99 (s),,V2,9.40465257182904,14.503557061877663,3.0387321886562324,10
slow500-owned-v1-qps2000-n48,num_inflight,,V1,1546.8,381.7302188719149,127.24340629063828,10
slow500-owned-v1-qps2000-n48,num_inflight,,V2,1993.1,819.1696344469807,273.0565448156602,10
slow500-owned-v1-qps2000-n48,CUs,,V1,nan,nan,nan,10
slow500-owned-v1-qps2000-n48,CUs,,V2,1131368.5166202644,474829.0586716096,133701.03435669374,10
slow500-owned-v48-qps2000-n48,TPS,,V1,6.9613139177470895,8.981411059483042,0.5698179072124536,10
slow500-owned-v48-qps2000-n48,TPS,,V2,9.05488751234018,11.404360376412756,0.6229701144007901,10
slow500-owned-v48-qps2000-n48,attest. full p50 (s),,V1,nan,nan,nan,10
slow500-owned-v48-qps2000-n48,attest. full p50 (s),,V2,10.743535771640092,5.857280411671198,0.45183339965597635,10
slow500-owned-v48-qps2000-n48,attest. full p95 (s),,V1,nan,nan,nan,10
slow500-owned-v48-qps2000-n48,attest. full p95 (s),,V2,21.942920398377794,12.324038081756708,0.8794267913477865,10
slow500-owned-v48-qps2000-n48,attest. full p99 (s),,V1,nan,nan,nan,10
slow500-owned-v48-qps2000-n48,attest. full p99 (s),,V2,28.395080856461227,16.452184543955823,0.9561912708169106,10
slow500-owned-v48-qps2000-n48,attest. / sec,,V1,0.0,0.0,0.0,10
slow500-owned-v48-qps2000-n48,attest. / sec,,V2,27.23247748420162,22.608317664988295,1.4687749458463353,10
slow500-owned-v48-qps2000-n48,host CPU,,V1,84.87420487927004,31.627339107670533,0.4028802606139892,10
slow500-owned-v48-qps2000-n48,host CPU,,V2,84.39977117147703,31.58748573186396,0.31258418390614573,10
slow500-owned-v48-qps2000-n48,rec. → exec. p50 (s),,V1,30.971968232871003,15.12064677140253,0.22822486126764127,10
slow500-owned-v48-qps2000-n48,rec. → exec. p50 (s),,V2,28.53964546203863,17.088647768800353,0.7501038739149343,10
slow500-owned-v48-qps2000-n48,rec. → exec. p95 (s),,V1,41.34621638727892,19.324723678870193,0.22927412425304353,10
slow500-owned-v48-qps2000-n48,rec. → exec. p95 (s),,V2,37.54328340082467,22.053124896230244,1.023900951902171,10
slow500-owned-v48-qps2000-n48,rec. → exec. p99 (s),,V1,42.5732530822842,19.69276187457941,0.2473349046124052,10
slow500-owned-v48-qps2000-n48,rec. → exec. p99 (s),,V2,38.37487337643491,22.52278560238739,1.0427838286896223,10
slow500-owned-v48-qps2000-n48,pc valid. lat. p50 (s),,V1,0.15291635597550426,0.45025121901917275,0.05956911022431814,10
slow500-owned-v48-qps2000-n48,pc valid. lat. p50 (s),,V2,0.019787314932462143,0.06338669660498178,0.008025452900104812,10
slow500-owned-v48-qps2000-n48,pc valid. lat. p95 (s),,V1,0.6658630236952638,0.9713376952538604,0.12297262710770104,10
slow500-owned-v48-qps2000-n48,pc valid. lat. p95 (s),,V2,0.13765802919599449,0.17149166991473297,0.021515804591610045,10
slow500-owned-v48-qps2000-n48,exec. lat. p95 (s),,V1,7.519592229933381,2.0230982858815847,0.06404317063575951,10
slow500-owned-v48-qps2000-n48,exec. lat. p95 (s),,V2,7.145364240239891,2.485400411636436,0.14783826323996055,10
slow500-owned-v48-qps2000-n48,valid. drop. / sec,,V1,0.0,0.0,0.0,10
slow500-owned-v48-qps2000-n48,valid. drop. / sec,,V2,0.0,0.0,0.0,10
slow500-owned-v48-qps2000-n48,final. lat. p50 (s),,V1,nan,nan,nan,10
slow500-owned-v48-qps2000-n48,final. lat. p50 (s),,V2,nan,nan,nan,10
slow500-owned-v48-qps2000-n48,final. lat. p95 (s),,V1,nan,nan,nan,10
slow500-owned-v48-qps2000-n48,final. lat. p95 (s),,V2,nan,nan,nan,10
slow500-owned-v48-qps2000-n48,final. lat. p99 (s),,V1,nan,nan,nan,10
slow500-owned-v48-qps2000-n48,final. lat. p99 (s),,V2,nan,nan,nan,10
slow500-owned-v48-qps2000-n48,submit lat. p50 (s),,V1,nan,nan,nan,10
slow500-owned-v48-qps2000-n48,submit lat. p50 (s),,V2,nan,nan,nan,10
slow500-owned-v48-qps2000-n48,submit lat. p95 (s),,V1,nan,nan,nan,10
slow500-owned-v48-qps2000-n48,submit lat. p95 (s),,V2,nan,nan,nan,10
slow500-owned-v48-qps2000-n48,ckpt lag p50 (s),,V1,25.485712989654772,18.294196445395347,0.7506527945164957,10
slow500-owned-v48-qps2000-n48,ckpt lag p50 (s),,V2,22.54665032074095,17.898950746989538,0.6591521216310728,10
slow500-owned-v48-qps2000-n48,ckpt lag p95 (s),,V1,34.970212466140495,23.493401666168097,1.3029309656664423,10
slow500-owned-v48-qps2000-n48,ckpt lag p95 (s),,V2,32.65701452174818,22.96322197588655,0.7537384538460855,10
slow500-owned-v48-qps2000-n48,ckpt lag p99 (s),,V1,37.05580606625821,23.448325378501554,1.458742734457432,10
slow500-owned-v48-qps2000-n48,ckpt lag p99 (s),,V2,34.46932784046202,22.920013460572935,0.6893300949408856,10
slow500-owned-v48-qps2000-n48,exec. dispatch queue,,V1,3257.0,945.6859943977176,315.2286647992392,10
slow500-owned-v48-qps2000-n48,exec. dispatch queue,,V2,560.5,223.90098257935358,74.63366085978453,10
slow500-owned-v48-qps2000-n48,pending txs,,V1,13.4,6.529931086925803,2.176643695641934,10
slow500-owned-v48-qps2000-n48,pending txs,,V2,9.6,2.2449944320643644,0.7483314773547882,10
slow500-owned-v48-qps2000-n48,exec. queue. delay p95 (s),,V1,1.9225360002334266,1.7888267820702226,0.12008227401940054,10
slow500-owned-v48-qps2000-n48,exec. queue. delay p95 (s),,V2,1.1746261043986417,1.201609242929682,0.12632013945422,10
slow500-owned-v48-qps2000-n48,post-cons shed drops / sec,,V1,0.0,0.0,0.0,10
slow500-owned-v48-qps2000-n48,post-cons shed drops / sec,,V2,0.0,0.0,0.0,10
slow500-owned-v48-qps2000-n48,shed % quorum,,V1,0.0,0.0,0.0,10
slow500-owned-v48-qps2000-n48,shed % quorum,,V2,0.0,0.0,0.0,10
slow500-owned-v48-qps2000-n48,shed % local,,V1,65.7,43.04660265340344,14.348867551134479,10
slow500-owned-v48-qps2000-n48,shed % local,,V2,37.1,36.26968431072981,12.08989477024327,10
slow500-owned-v48-qps2000-n48,shed % cons-queue,,V1,0.0,0.0,0.0,10
slow500-owned-v48-qps2000-n48,shed % cons-queue,,V2,0.0,0.0,0.0,10
slow500-owned-v48-qps2000-n48,pre-cons overload rej / sec,,V1,8.275046685340802,13.270700222039578,3.3821003787230985,10
slow500-owned-v48-qps2000-n48,pre-cons overload rej / sec,,V2,82.03896103896103,52.408351524310504,26.635693919275372,10
slow500-owned-v48-qps2000-n48,node CPU,,V1,2.138872628888038,0.536780866556453,0.00791814550539417,10
slow500-owned-v48-qps2000-n48,node CPU,,V2,2.503705820173382,0.8800362027858488,0.07551170439332135,10
slow500-owned-v48-qps2000-n48,node memory RSS (bytes),,V1,1399224070.2439024,35264955.34494956,3664657.858279518,10
slow500-owned-v48-qps2000-n48,node memory RSS (bytes),,V2,1471826856.6821706,42347241.46336213,6467658.8707861435,10
slow500-owned-v48-qps2000-n48,overload graduated / sec,,V1,nan,nan,nan,10
slow500-owned-v48-qps2000-n48,overload graduated / sec,,V2,nan,nan,nan,10
slow500-owned-v48-qps2000-n48,overload max-pending / sec,,V1,nan,nan,nan,10
slow500-owned-v48-qps2000-n48,overload max-pending / sec,,V2,nan,nan,nan,10
slow500-owned-v48-qps2000-n48,overload semaphore / sec,,V1,7.893787931839402,13.000266798371825,3.4729804733405447,10
slow500-owned-v48-qps2000-n48,overload semaphore / sec,,V2,78.78463203463203,52.92689933021211,26.31413391969587,10
slow500-owned-v48-qps2000-n48,attest. exec p50 (s),,V1,nan,nan,nan,10
slow500-owned-v48-qps2000-n48,attest. exec p50 (s),,V2,5.650261341600853,1.7468768496529723,0.16940926939760254,10
slow500-owned-v48-qps2000-n48,attest. exec p95 (s),,V1,nan,nan,nan,10
slow500-owned-v48-qps2000-n48,attest. exec p95 (s),,V2,8.208991991495733,1.8283447752646764,0.18415006324922067,10
slow500-owned-v48-qps2000-n48,attest. exec p99 (s),,V1,nan,nan,nan,10
slow500-owned-v48-qps2000-n48,attest. exec p99 (s),,V2,9.491589819363629,2.5165655028523273,0.29967483833461844,10
slow500-owned-v48-qps2000-n48,attest. wait p50 (s),,V1,nan,nan,nan,10
slow500-owned-v48-qps2000-n48,attest. wait p50 (s),,V2,3.817159910123604,3.090494712040602,0.26424334077672523,10
slow500-owned-v48-qps2000-n48,attest. wait p95 (s),,V1,nan,nan,nan,10
slow500-owned-v48-qps2000-n48,attest. wait p95 (s),,V2,12.599161072736765,4.55340209893854,0.3054354165155465,10
slow500-owned-v48-qps2000-n48,attest. wait p99 (s),,V1,nan,nan,nan,10
slow500-owned-v48-qps2000-n48,attest. wait p99 (s),,V2,17.50494941133041,6.484628709662048,0.4255830223682234,10
slow500-owned-v48-qps2000-n48,attest. resume p50 (s),,V1,nan,nan,nan,10
slow500-owned-v48-qps2000-n48,attest. resume p50 (s),,V2,0.5364464945799149,1.421660890832789,0.11179101360717933,10
slow500-owned-v48-qps2000-n48,attest. resume p95 (s),,V1,nan,nan,nan,10
slow500-owned-v48-qps2000-n48,attest. resume p95 (s),,V2,4.934001412826926,6.012721445277597,0.38490842130605596,10
slow500-owned-v48-qps2000-n48,attest. resume p99 (s),,V1,nan,nan,nan,10
slow500-owned-v48-qps2000-n48,attest. resume p99 (s),,V2,6.652799192790555,7.24413685361278,0.45618764979371984,10
slow500-owned-v48-qps2000-n48,num_inflight,,V1,806.6,77.80771170006221,25.935903900020737,10
slow500-owned-v48-qps2000-n48,num_inflight,,V2,841.0,88.22244612342145,29.40748204114048,10
slow500-owned-v48-qps2000-n48,CUs,,V1,nan,nan,nan,10
slow500-owned-v48-qps2000-n48,CUs,,V2,1324646.0876511454,174370.73434527637,6683.126313629287,10
