config,metric,unit,version,center,std,sem,n_iters
auth1-owned-f1-qps200-n4,TPS,,V1,221.64324227669115,6.105815687364905,0.6188201520014563,10
auth1-owned-f1-qps200-n4,TPS,,V2,218.75626461445353,21.779655344290667,2.766004215963453,10
auth1-owned-f1-qps200-n4,attest. full p50 (s),,V1,nan,nan,nan,10
auth1-owned-f1-qps200-n4,attest. full p50 (s),,V2,0.0005395168371144517,8.38009990959035e-06,1.2700695811209512e-06,10
auth1-owned-f1-qps200-n4,attest. full p95 (s),,V1,nan,nan,nan,10
auth1-owned-f1-qps200-n4,attest. full p95 (s),,V2,0.002182073561155348,0.0005248331283876262,7.46079262851475e-05,10
auth1-owned-f1-qps200-n4,attest. full p99 (s),,V1,nan,nan,nan,10
auth1-owned-f1-qps200-n4,attest. full p99 (s),,V2,0.004421013774476652,0.00023409635964650584,1.6753966980127027e-05,10
auth1-owned-f1-qps200-n4,attest. / sec,,V1,0.0,0.0,0.0,10
auth1-owned-f1-qps200-n4,attest. / sec,,V2,97.6538368958213,12.396620248661021,1.4584806714344825,10
auth1-owned-f1-qps200-n4,host CPU,,V1,6.947440494503409,2.539442207530714,0.039131292184006086,10
auth1-owned-f1-qps200-n4,host CPU,,V2,6.689964035410704,2.459914317984716,0.06811539510238412,10
auth1-owned-f1-qps200-n4,rec. → exec. p50 (s),,V1,0.20467891499608948,0.03802218013026425,0.00613028369458748,10
auth1-owned-f1-qps200-n4,rec. → exec. p50 (s),,V2,0.20792380713943048,0.04986427530285194,0.007720977658006575,10
auth1-owned-f1-qps200-n4,rec. → exec. p95 (s),,V1,0.40870145118948853,0.08745660298977065,0.027884378372162878,10
auth1-owned-f1-qps200-n4,rec. → exec. p95 (s),,V2,0.40635149268222526,0.07362291722969057,0.021517102055080256,10
auth1-owned-f1-qps200-n4,rec. → exec. p99 (s),,V1,0.45147654952365546,0.11796876103787061,0.0346475232867308,10
auth1-owned-f1-qps200-n4,rec. → exec. p99 (s),,V2,0.47660404645353704,0.0558395870645915,0.011790079428509653,10
auth1-owned-f1-qps200-n4,pc valid. lat. p50 (s),,V1,0.0040111957908997185,0.00031329242453347734,8.155399988236534e-05,10
auth1-owned-f1-qps200-n4,pc valid. lat. p50 (s),,V2,0.0006133746014612853,5.3394681169705376e-05,9.40635768187138e-06,10
auth1-owned-f1-qps200-n4,pc valid. lat. p95 (s),,V1,0.014946813692292806,0.0031607336801958716,0.0008904459621501035,10
auth1-owned-f1-qps200-n4,pc valid. lat. p95 (s),,V2,0.003859966167391745,0.0004257337124114119,6.51796452568649e-05,10
auth1-owned-f1-qps200-n4,exec. lat. p95 (s),,V1,0.007638810463049706,0.0006995318389830249,0.00012893239983196035,10
auth1-owned-f1-qps200-n4,exec. lat. p95 (s),,V2,0.007494770924874614,0.0006114229912866412,7.708931787819495e-05,10
auth1-owned-f1-qps200-n4,valid. drop. / sec,,V1,0.0,0.0,0.0,10
auth1-owned-f1-qps200-n4,valid. drop. / sec,,V2,0.0,0.0,0.0,10
auth1-owned-f1-qps200-n4,final. lat. p50 (s),,V1,0.193859220469903,0.010693262960242457,0.003196746818598499,10
auth1-owned-f1-qps200-n4,final. lat. p50 (s),,V2,0.18986720499340629,0.009552411976023195,0.002723739952992947,10
auth1-owned-f1-qps200-n4,final. lat. p95 (s),,V1,0.3179706156656674,0.04704150841205403,0.01437572386506155,10
auth1-owned-f1-qps200-n4,final. lat. p95 (s),,V2,0.3068872856719304,0.03456192145992145,0.009614582591889333,10
auth1-owned-f1-qps200-n4,final. lat. p99 (s),,V1,0.3612856640732989,0.06930408270258091,0.02120382182148876,10
auth1-owned-f1-qps200-n4,final. lat. p99 (s),,V2,0.35929177809377366,0.05196122030417666,0.0133603262672057,10
auth1-owned-f1-qps200-n4,submit lat. p50 (s),,V1,0.012465350789169256,0.006001427372050383,0.0018922724386512674,10
auth1-owned-f1-qps200-n4,submit lat. p50 (s),,V2,0.017049337306375464,0.005907715104284986,0.0018318241161121853,10
auth1-owned-f1-qps200-n4,submit lat. p95 (s),,V1,0.045363107308895485,0.002732895050808907,0.0008566616021556844,10
auth1-owned-f1-qps200-n4,submit lat. p95 (s),,V2,0.04668900290413045,0.000596685152989049,0.00017535198940906265,10
auth1-owned-f1-qps200-n4,ckpt lag p50 (s),,V1,0.16914239025624708,0.0069546123214498145,0.0016920992391376928,10
auth1-owned-f1-qps200-n4,ckpt lag p50 (s),,V2,0.1709850717677228,0.005950872396498128,0.001381718634372564,10
auth1-owned-f1-qps200-n4,ckpt lag p95 (s),,V1,0.2700236036325763,0.03716562976339707,0.010543028164578536,10
auth1-owned-f1-qps200-n4,ckpt lag p95 (s),,V2,0.2660194728287901,0.03459468868919499,0.008513707314842758,10
auth1-owned-f1-qps200-n4,ckpt lag p99 (s),,V1,0.3192602703995583,0.05427663948727508,0.015539235633880245,10
auth1-owned-f1-qps200-n4,ckpt lag p99 (s),,V2,0.31213654286230075,0.05469615882719322,0.012755531556995442,10
auth1-owned-f1-qps200-n4,exec. dispatch queue,,V1,15.0,24.835458522040618,8.27848617401354,10
auth1-owned-f1-qps200-n4,exec. dispatch queue,,V2,3.8,8.6,2.8666666666666667,10
auth1-owned-f1-qps200-n4,pending txs,,V1,1.2,1.4000000000000001,0.4666666666666666,10
auth1-owned-f1-qps200-n4,pending txs,,V2,1.8,2.181742422927143,0.7272474743090476,10
auth1-owned-f1-qps200-n4,exec. queue. delay p95 (s),,V1,0.00048816902599290433,7.543010023070437e-05,1.3246490851686187e-05,10
auth1-owned-f1-qps200-n4,exec. queue. delay p95 (s),,V2,0.000475,3.737911970441758e-20,2.0603011215117814e-20,10
auth1-owned-f1-qps200-n4,post-cons shed drops / sec,,V1,0.0,0.0,0.0,10
auth1-owned-f1-qps200-n4,post-cons shed drops / sec,,V2,0.0,0.0,0.0,10
auth1-owned-f1-qps200-n4,shed % quorum,,V1,0.0,0.0,0.0,10
auth1-owned-f1-qps200-n4,shed % quorum,,V2,0.0,0.0,0.0,10
auth1-owned-f1-qps200-n4,shed % local,,V1,0.0,0.0,0.0,10
auth1-owned-f1-qps200-n4,shed % local,,V2,0.0,0.0,0.0,10
auth1-owned-f1-qps200-n4,shed % cons-queue,,V1,0.0,0.0,0.0,10
auth1-owned-f1-qps200-n4,shed % cons-queue,,V2,0.0,0.0,0.0,10
auth1-owned-f1-qps200-n4,pre-cons overload rej / sec,,V1,nan,nan,nan,10
auth1-owned-f1-qps200-n4,pre-cons overload rej / sec,,V2,nan,nan,nan,10
auth1-owned-f1-qps200-n4,node CPU,,V1,1.1788603499667047,0.14480081253456648,0.0056201755821282,10
auth1-owned-f1-qps200-n4,node CPU,,V2,1.1195611721477328,0.16479733138334293,0.014842357010875582,10
auth1-owned-f1-qps200-n4,node memory RSS (bytes),,V1,537173175.9728813,89680231.30384812,6924596.228707505,10
auth1-owned-f1-qps200-n4,node memory RSS (bytes),,V2,533428342.020339,85596737.56186748,4491019.6073485,10
auth1-owned-f1-qps200-n4,overload graduated / sec,,V1,nan,nan,nan,10
auth1-owned-f1-qps200-n4,overload graduated / sec,,V2,nan,nan,nan,10
auth1-owned-f1-qps200-n4,overload max-pending / sec,,V1,nan,nan,nan,10
auth1-owned-f1-qps200-n4,overload max-pending / sec,,V2,nan,nan,nan,10
auth1-owned-f1-qps200-n4,overload semaphore / sec,,V1,nan,nan,nan,10
auth1-owned-f1-qps200-n4,overload semaphore / sec,,V2,nan,nan,nan,10
auth1-owned-f1-qps200-n4,attest. exec p50 (s),,V1,nan,nan,nan,10
auth1-owned-f1-qps200-n4,attest. exec p50 (s),,V2,0.0005119949061921016,3.5935985619499555e-06,5.729714240698889e-07,10
auth1-owned-f1-qps200-n4,attest. exec p95 (s),,V1,nan,nan,nan,10
auth1-owned-f1-qps200-n4,attest. exec p95 (s),,V2,0.0009727903217649926,6.8278372677049074e-06,1.0886457057327942e-06,10
auth1-owned-f1-qps200-n4,attest. exec p99 (s),,V1,nan,nan,nan,10
auth1-owned-f1-qps200-n4,attest. exec p99 (s),,V2,0.0031327726216343567,0.0006314251894239593,8.123306912022484e-05,10
auth1-owned-f1-qps200-n4,attest. wait p50 (s),,V1,nan,nan,nan,10
auth1-owned-f1-qps200-n4,attest. wait p50 (s),,V2,0.0005000801476867941,4.016752625484066e-07,4.5285033133483696e-08,10
auth1-owned-f1-qps200-n4,attest. wait p95 (s),,V1,nan,nan,nan,10
auth1-owned-f1-qps200-n4,attest. wait p95 (s),,V2,0.0009501522806049089,7.631829988419803e-07,8.604156295360089e-08,10
auth1-owned-f1-qps200-n4,attest. wait p99 (s),,V1,nan,nan,nan,10
auth1-owned-f1-qps200-n4,attest. wait p99 (s),,V2,0.0009901586924198522,7.953170198458517e-07,8.966436560429763e-08,10
auth1-owned-f1-qps200-n4,attest. resume p50 (s),,V1,nan,nan,nan,10
auth1-owned-f1-qps200-n4,attest. resume p50 (s),,V2,0.0005000485043220226,2.5217356259366963e-07,3.2160197027917344e-08,10
auth1-owned-f1-qps200-n4,attest. resume p95 (s),,V1,nan,nan,nan,10
auth1-owned-f1-qps200-n4,attest. resume p95 (s),,V2,0.0009500921582118431,4.791297689279646e-07,6.110437435302764e-08,10
auth1-owned-f1-qps200-n4,attest. resume p99 (s),,V1,nan,nan,nan,10
auth1-owned-f1-qps200-n4,attest. resume p99 (s),,V2,0.0009900960385576046,4.993036539354607e-07,6.367719011529394e-08,10
auth1-owned-f1-qps200-n4,num_inflight,,V1,38.6,8.380930735902785,2.7936435786342613,10
auth1-owned-f1-qps200-n4,num_inflight,,V2,41.0,7.042726744663604,2.3475755815545343,10
auth1-owned-f1-qps200-n4,CUs,,V1,nan,nan,nan,10
auth1-owned-f1-qps200-n4,CUs,,V2,1000.0,7.323149415460414e-14,0.0,10
auth1-owned-v1-qps200-n4,TPS,,V1,213.69598877990165,37.46063342577206,4.827862286444752,10
auth1-owned-v1-qps200-n4,TPS,,V2,215.53119679730298,68.70576533421647,4.038953865070897,10
auth1-owned-v1-qps200-n4,attest. full p50 (s),,V1,nan,nan,nan,10
auth1-owned-v1-qps200-n4,attest. full p50 (s),,V2,0.0005480510246668243,9.892591548933457e-06,1.711851937905143e-06,10
auth1-owned-v1-qps200-n4,attest. full p95 (s),,V1,nan,nan,nan,10
auth1-owned-v1-qps200-n4,attest. full p95 (s),,V2,0.0026387354758571407,0.00045935916306668516,7.277428523156449e-05,10
auth1-owned-v1-qps200-n4,attest. full p99 (s),,V1,nan,nan,nan,10
auth1-owned-v1-qps200-n4,attest. full p99 (s),,V2,0.004515059052507353,0.00020667429512700054,2.017953680860289e-05,10
auth1-owned-v1-qps200-n4,attest. / sec,,V1,0.0,0.0,0.0,10
auth1-owned-v1-qps200-n4,attest. / sec,,V2,199.2877876106195,11.878378195556019,0.4671529512854082,10
auth1-owned-v1-qps200-n4,host CPU,,V1,6.272294388638209,2.334616317874759,0.057118382848552404,10
auth1-owned-v1-qps200-n4,host CPU,,V2,6.082563814484203,2.2547509870125304,0.06519315678332782,10
auth1-owned-v1-qps200-n4,rec. → exec. p50 (s),,V1,0.18925339166780147,0.00799183724389714,0.001931176253653997,10
auth1-owned-v1-qps200-n4,rec. → exec. p50 (s),,V2,0.18730984452471797,0.006566732926712461,0.0015395959745741847,10
auth1-owned-v1-qps200-n4,rec. → exec. p95 (s),,V1,0.40670215986458935,0.05444864397422483,0.014663450331259816,10
auth1-owned-v1-qps200-n4,rec. → exec. p95 (s),,V2,0.4029999627241562,0.05029219165119204,0.011933734731707165,10
auth1-owned-v1-qps200-n4,rec. → exec. p99 (s),,V1,0.47751074115317504,0.03918455613839204,0.006429824705158179,10
auth1-owned-v1-qps200-n4,rec. → exec. p99 (s),,V2,0.47772004689497166,0.035169893485121735,0.004411168991226468,10
auth1-owned-v1-qps200-n4,pc valid. lat. p50 (s),,V1,0.001914466772183052,0.0006073575283603852,0.0001284987363345385,10
auth1-owned-v1-qps200-n4,pc valid. lat. p50 (s),,V2,0.0004999110517689243,4.876421696140751e-05,1.0969819016955235e-05,10
auth1-owned-v1-qps200-n4,pc valid. lat. p95 (s),,V1,0.020645816395410497,0.0007293607183360988,6.572987961217472e-05,10
auth1-owned-v1-qps200-n4,pc valid. lat. p95 (s),,V2,0.004263435585244553,6.797486657436818e-05,1.2486183548952034e-05,10
auth1-owned-v1-qps200-n4,exec. lat. p95 (s),,V1,0.0076261371757040865,0.000902314737881562,0.000116403061438236,10
auth1-owned-v1-qps200-n4,exec. lat. p95 (s),,V2,0.007726705689496612,0.0019584136678403555,0.00011629313157847753,10
auth1-owned-v1-qps200-n4,valid. drop. / sec,,V1,0.0,0.0,0.0,10
auth1-owned-v1-qps200-n4,valid. drop. / sec,,V2,0.0,0.0,0.0,10
auth1-owned-v1-qps200-n4,final. lat. p50 (s),,V1,nan,nan,nan,10
auth1-owned-v1-qps200-n4,final. lat. p50 (s),,V2,nan,nan,nan,10
auth1-owned-v1-qps200-n4,final. lat. p95 (s),,V1,nan,nan,nan,10
auth1-owned-v1-qps200-n4,final. lat. p95 (s),,V2,nan,nan,nan,10
auth1-owned-v1-qps200-n4,final. lat. p99 (s),,V1,nan,nan,nan,10
auth1-owned-v1-qps200-n4,final. lat. p99 (s),,V2,nan,nan,nan,10
auth1-owned-v1-qps200-n4,submit lat. p50 (s),,V1,nan,nan,nan,10
auth1-owned-v1-qps200-n4,submit lat. p50 (s),,V2,nan,nan,nan,10
auth1-owned-v1-qps200-n4,submit lat. p95 (s),,V1,nan,nan,nan,10
auth1-owned-v1-qps200-n4,submit lat. p95 (s),,V2,nan,nan,nan,10
auth1-owned-v1-qps200-n4,ckpt lag p50 (s),,V1,0.22792401679588284,0.34305938372246625,0.038208023263778576,10
auth1-owned-v1-qps200-n4,ckpt lag p50 (s),,V2,0.48656948599299166,1.7507046976184133,0.2516187073056671,10
auth1-owned-v1-qps200-n4,ckpt lag p95 (s),,V1,0.5202683375106468,1.11200086562904,0.19587381451957706,10
auth1-owned-v1-qps200-n4,ckpt lag p95 (s),,V2,1.0179923342840227,3.32890031476599,0.5863425941579835,10
auth1-owned-v1-qps200-n4,ckpt lag p99 (s),,V1,0.6048482827141302,1.2306750922539527,0.21620077692241446,10
auth1-owned-v1-qps200-n4,ckpt lag p99 (s),,V2,1.1135817582425618,3.510384923267076,0.6264670633707363,10
auth1-owned-v1-qps200-n4,exec. dispatch queue,,V1,6.2,7.3047929470998705,2.434930982366623,10
auth1-owned-v1-qps200-n4,exec. dispatch queue,,V2,6.0,8.378544026261364,2.792848008753788,10
auth1-owned-v1-qps200-n4,pending txs,,V1,0.7,1.4177446878757824,0.4725815626252608,10
auth1-owned-v1-qps200-n4,pending txs,,V2,2.0,2.1908902300206643,0.7302967433402214,10
auth1-owned-v1-qps200-n4,exec. queue. delay p95 (s),,V1,0.0005279748445273537,0.00014214503401420355,2.805564318965372e-05,10
auth1-owned-v1-qps200-n4,exec. queue. delay p95 (s),,V2,0.0005337228560145805,0.00014873748350746223,3.288408932332995e-05,10
auth1-owned-v1-qps200-n4,post-cons shed drops / sec,,V1,0.0,0.0,0.0,10
auth1-owned-v1-qps200-n4,post-cons shed drops / sec,,V2,0.0,0.0,0.0,10
auth1-owned-v1-qps200-n4,shed % quorum,,V1,0.0,0.0,0.0,10
auth1-owned-v1-qps200-n4,shed % quorum,,V2,0.0,0.0,0.0,10
auth1-owned-v1-qps200-n4,shed % local,,V1,0.0,0.0,0.0,10
auth1-owned-v1-qps200-n4,shed % local,,V2,0.0,0.0,0.0,10
auth1-owned-v1-qps200-n4,shed % cons-queue,,V1,0.0,0.0,0.0,10
auth1-owned-v1-qps200-n4,shed % cons-queue,,V2,0.0,0.0,0.0,10
auth1-owned-v1-qps200-n4,pre-cons overload rej / sec,,V1,nan,nan,nan,10
auth1-owned-v1-qps200-n4,pre-cons overload rej / sec,,V2,nan,nan,nan,10
auth1-owned-v1-qps200-n4,node CPU,,V1,1.2424989316846102,0.16512718694198023,0.014145188316019974,10
auth1-owned-v1-qps200-n4,node CPU,,V2,1.2112140958898758,0.208741344545222,0.014929126591384132,10
auth1-owned-v1-qps200-n4,node memory RSS (bytes),,V1,560888591.8896551,87749727.59693992,4227793.422231789,10
auth1-owned-v1-qps200-n4,node memory RSS (bytes),,V2,570251532.6473595,95022460.88288802,4494452.720329348,10
auth1-owned-v1-qps200-n4,overload graduated / sec,,V1,nan,nan,nan,10
auth1-owned-v1-qps200-n4,overload graduated / sec,,V2,nan,nan,nan,10
auth1-owned-v1-qps200-n4,overload max-pending / sec,,V1,nan,nan,nan,10
auth1-owned-v1-qps200-n4,overload max-pending / sec,,V2,nan,nan,nan,10
auth1-owned-v1-qps200-n4,overload semaphore / sec,,V1,nan,nan,nan,10
auth1-owned-v1-qps200-n4,overload semaphore / sec,,V2,nan,nan,nan,10
auth1-owned-v1-qps200-n4,attest. exec p50 (s),,V1,nan,nan,nan,10
auth1-owned-v1-qps200-n4,attest. exec p50 (s),,V2,0.0005154006542032314,4.406640618150513e-06,7.453623418828231e-07,10
auth1-owned-v1-qps200-n4,attest. exec p95 (s),,V1,nan,nan,nan,10
auth1-owned-v1-qps200-n4,attest. exec p95 (s),,V2,0.000979676317766919,1.0450392174704412e-05,1.6432769822328461e-06,10
auth1-owned-v1-qps200-n4,attest. exec p99 (s),,V1,nan,nan,nan,10
auth1-owned-v1-qps200-n4,attest. exec p99 (s),,V2,0.0035370839809422843,0.000509587705332457,6.593512127539954e-05,10
auth1-owned-v1-qps200-n4,attest. wait p50 (s),,V1,nan,nan,nan,10
auth1-owned-v1-qps200-n4,attest. wait p50 (s),,V2,0.0005001301805256253,4.6193804691955874e-07,5.4550804721305564e-08,10
auth1-owned-v1-qps200-n4,attest. wait p95 (s),,V1,nan,nan,nan,10
auth1-owned-v1-qps200-n4,attest. wait p95 (s),,V2,0.0009502473429986878,8.776822891471813e-07,1.0364652897047749e-07,10
auth1-owned-v1-qps200-n4,attest. wait p99 (s),,V1,nan,nan,nan,10
auth1-owned-v1-qps200-n4,attest. wait p99 (s),,V2,0.0009902577574407375,9.146373329007336e-07,1.0801059334820232e-07,10
auth1-owned-v1-qps200-n4,attest. resume p50 (s),,V1,nan,nan,nan,10
auth1-owned-v1-qps200-n4,attest. resume p50 (s),,V2,0.0005000490306472264,3.010555648350143e-07,3.504451121374247e-08,10
auth1-owned-v1-qps200-n4,attest. resume p95 (s),,V1,nan,nan,nan,10
auth1-owned-v1-qps200-n4,attest. resume p95 (s),,V2,0.0009500931582297304,5.72005573186544e-07,6.658457130610577e-08,10
auth1-owned-v1-qps200-n4,attest. resume p99 (s),,V1,nan,nan,nan,10
auth1-owned-v1-qps200-n4,attest. resume p99 (s),,V2,0.0009900970806815082,5.960900183733353e-07,6.938813220321055e-08,10
auth1-owned-v1-qps200-n4,num_inflight,,V1,72.5,10.519030373565807,3.5063434578552686,10
auth1-owned-v1-qps200-n4,num_inflight,,V2,76.2,11.651609330903607,3.883869776967869,10
auth1-owned-v1-qps200-n4,CUs,,V1,nan,nan,nan,10
auth1-owned-v1-qps200-n4,CUs,,V2,1000.0,6.747027817821816e-14,0.0,10
auth1-owned-v4-qps200-n4,TPS,,V1,202.84888221660347,97.4870397817009,12.287387462676366,10
auth1-owned-v4-qps200-n4,TPS,,V2,216.94064095013744,38.164869832052766,3.409183713986328,10
auth1-owned-v4-qps200-n4,attest. full p50 (s),,V1,nan,nan,nan,10
auth1-owned-v4-qps200-n4,attest. full p50 (s),,V2,0.0005548036464665337,1.208071327745059e-05,2.12958897208969e-06,10
auth1-owned-v4-qps200-n4,attest. full p95 (s),,V1,nan,nan,nan,10
auth1-owned-v4-qps200-n4,attest. full p95 (s),,V2,0.0028876016094731677,0.00045372623889274266,7.491318086737962e-05,10
auth1-owned-v4-qps200-n4,attest. full p99 (s),,V1,nan,nan,nan,10
auth1-owned-v4-qps200-n4,attest. full p99 (s),,V2,0.004574939043512301,0.00010507684084498184,1.5759337287263375e-05,10
auth1-owned-v4-qps200-n4,attest. / sec,,V1,0.0,0.0,0.0,10
auth1-owned-v4-qps200-n4,attest. / sec,,V2,101.33755188176568,4.692475322381268,0.3519031751823138,10
auth1-owned-v4-qps200-n4,host CPU,,V1,6.18673412697587,2.378801926737987,0.1299369392282766,10
auth1-owned-v4-qps200-n4,host CPU,,V2,6.1136168278740035,2.2713508383711005,0.042640385272541985,10
auth1-owned-v4-qps200-n4,rec. → exec. p50 (s),,V1,0.19028972327873622,0.021316671971621168,0.004017481052587925,10
auth1-owned-v4-qps200-n4,rec. → exec. p50 (s),,V2,0.18891468761921112,0.012203426836922195,0.0026004841334523157,10
auth1-owned-v4-qps200-n4,rec. → exec. p95 (s),,V1,0.37393660141989216,0.08849392339922525,0.027866333279224043,10
auth1-owned-v4-qps200-n4,rec. → exec. p95 (s),,V2,0.39898877384270237,0.061634962445801224,0.01713047612970714,10
auth1-owned-v4-qps200-n4,rec. → exec. p99 (s),,V1,0.44129205665484655,0.09068850457581439,0.026442212277334377,10
auth1-owned-v4-qps200-n4,rec. → exec. p99 (s),,V2,0.465713526701451,0.06525827159916898,0.01657739311936144,10
auth1-owned-v4-qps200-n4,pc valid. lat. p50 (s),,V1,0.004066851460375964,0.00021831612007630619,4.208814390157838e-05,10
auth1-owned-v4-qps200-n4,pc valid. lat. p50 (s),,V2,0.0006053384606788603,4.0094406461291436e-05,1.009257370393379e-05,10
auth1-owned-v4-qps200-n4,pc valid. lat. p95 (s),,V1,0.014617135101560824,0.0021981383144234743,0.00038330555884788194,10
auth1-owned-v4-qps200-n4,pc valid. lat. p95 (s),,V2,0.00393617753512627,0.0002631113182133269,5.3876022653719304e-05,10
auth1-owned-v4-qps200-n4,exec. lat. p95 (s),,V1,0.007214885799426286,0.0019640533051368952,0.0001890214053837182,10
auth1-owned-v4-qps200-n4,exec. lat. p95 (s),,V2,0.00758312253727831,0.0014059736169302697,0.00013802427569441754,10
auth1-owned-v4-qps200-n4,valid. drop. / sec,,V1,0.0,0.0,0.0,10
auth1-owned-v4-qps200-n4,valid. drop. / sec,,V2,0.0,0.0,0.0,10
auth1-owned-v4-qps200-n4,final. lat. p50 (s),,V1,nan,nan,nan,10
auth1-owned-v4-qps200-n4,final. lat. p50 (s),,V2,nan,nan,nan,10
auth1-owned-v4-qps200-n4,final. lat. p95 (s),,V1,nan,nan,nan,10
auth1-owned-v4-qps200-n4,final. lat. p95 (s),,V2,nan,nan,nan,10
auth1-owned-v4-qps200-n4,final. lat. p99 (s),,V1,nan,nan,nan,10
auth1-owned-v4-qps200-n4,final. lat. p99 (s),,V2,nan,nan,nan,10
auth1-owned-v4-qps200-n4,submit lat. p50 (s),,V1,nan,nan,nan,10
auth1-owned-v4-qps200-n4,submit lat. p50 (s),,V2,nan,nan,nan,10
auth1-owned-v4-qps200-n4,submit lat. p95 (s),,V1,nan,nan,nan,10
auth1-owned-v4-qps200-n4,submit lat. p95 (s),,V2,nan,nan,nan,10
auth1-owned-v4-qps200-n4,ckpt lag p50 (s),,V1,0.9094299976497077,2.692614801640288,0.505086092689443,10
auth1-owned-v4-qps200-n4,ckpt lag p50 (s),,V2,0.3311358189206963,1.065339606688964,0.11356663158889406,10
auth1-owned-v4-qps200-n4,ckpt lag p95 (s),,V1,1.712580903667665,4.808297597954278,0.8670203017228496,10
auth1-owned-v4-qps200-n4,ckpt lag p95 (s),,V2,0.6312680084084787,2.0084893087212206,0.22793412218850306,10
auth1-owned-v4-qps200-n4,ckpt lag p99 (s),,V1,1.8488590637819284,5.09945960694757,0.9097258551479566,10
auth1-owned-v4-qps200-n4,ckpt lag p99 (s),,V2,0.7314119205803985,2.3490057533948425,0.26794835035761344,10
auth1-owned-v4-qps200-n4,exec. dispatch queue,,V1,5.0,7.758865896508329,2.586288632169443,10
auth1-owned-v4-qps200-n4,exec. dispatch queue,,V2,7.0,9.549869109050658,3.1832897030168854,10
auth1-owned-v4-qps200-n4,pending txs,,V1,1.8,2.08806130178211,0.69602043392737,10
auth1-owned-v4-qps200-n4,pending txs,,V2,1.4,1.4966629547095764,0.49888765156985887,10
auth1-owned-v4-qps200-n4,exec. queue. delay p95 (s),,V1,0.000475,3.9589465784427846e-20,1.8952013861801633e-20,10
auth1-owned-v4-qps200-n4,exec. queue. delay p95 (s),,V2,0.00048755901176139485,7.449425503798709e-05,1.288554606719114e-05,10
auth1-owned-v4-qps200-n4,post-cons shed drops / sec,,V1,0.0,0.0,0.0,10
auth1-owned-v4-qps200-n4,post-cons shed drops / sec,,V2,0.0,0.0,0.0,10
auth1-owned-v4-qps200-n4,shed % quorum,,V1,0.0,0.0,0.0,10
auth1-owned-v4-qps200-n4,shed % quorum,,V2,0.0,0.0,0.0,10
auth1-owned-v4-qps200-n4,shed % local,,V1,0.0,0.0,0.0,10
auth1-owned-v4-qps200-n4,shed % local,,V2,0.0,0.0,0.0,10
auth1-owned-v4-qps200-n4,shed % cons-queue,,V1,0.0,0.0,0.0,10
auth1-owned-v4-qps200-n4,shed % cons-queue,,V2,0.0,0.0,0.0,10
auth1-owned-v4-qps200-n4,pre-cons overload rej / sec,,V1,nan,nan,nan,10
auth1-owned-v4-qps200-n4,pre-cons overload rej / sec,,V2,nan,nan,nan,10
auth1-owned-v4-qps200-n4,node CPU,,V1,1.1481990896486645,0.1968039224207313,0.02140792309883693,10
auth1-owned-v4-qps200-n4,node CPU,,V2,1.1210562810491844,0.1570272261372699,0.0074153633433872495,10
auth1-owned-v4-qps200-n4,node memory RSS (bytes),,V1,532822292.3737024,83610686.68344696,4368284.656100663,10
auth1-owned-v4-qps200-n4,node memory RSS (bytes),,V2,541873732.6185567,88116358.1687221,4168970.036260376,10
auth1-owned-v4-qps200-n4,overload graduated / sec,,V1,nan,nan,nan,10
auth1-owned-v4-qps200-n4,overload graduated / sec,,V2,nan,nan,nan,10
auth1-owned-v4-qps200-n4,overload max-pending / sec,,V1,nan,nan,nan,10
auth1-owned-v4-qps200-n4,overload max-pending / sec,,V2,nan,nan,nan,10
auth1-owned-v4-qps200-n4,overload semaphore / sec,,V1,nan,nan,nan,10
auth1-owned-v4-qps200-n4,overload semaphore / sec,,V2,nan,nan,nan,10
auth1-owned-v4-qps200-n4,attest. exec p50 (s),,V1,nan,nan,nan,10
auth1-owned-v4-qps200-n4,attest. exec p50 (s),,V2,0.0005168896085631569,4.757912146759271e-06,8.411259029413231e-07,10
auth1-owned-v4-qps200-n4,attest. exec p95 (s),,V1,nan,nan,nan,10
auth1-owned-v4-qps200-n4,attest. exec p95 (s),,V2,0.0009962815148322223,0.0001145018295485482,1.1624866445438387e-05,10
auth1-owned-v4-qps200-n4,attest. exec p99 (s),,V1,nan,nan,nan,10
auth1-owned-v4-qps200-n4,attest. exec p99 (s),,V2,0.003678804298130208,0.00041801189141649377,6.56292966243586e-05,10
auth1-owned-v4-qps200-n4,attest. wait p50 (s),,V1,nan,nan,nan,10
auth1-owned-v4-qps200-n4,attest. wait p50 (s),,V2,0.0005000239557871638,1.3722262688617617e-07,1.1388218909479663e-08,10
auth1-owned-v4-qps200-n4,attest. wait p95 (s),,V1,nan,nan,nan,10
auth1-owned-v4-qps200-n4,attest. wait p95 (s),,V2,0.000950045515995611,2.6072299108373224e-07,2.1637615928004074e-08,10
auth1-owned-v4-qps200-n4,attest. wait p99 (s),,V1,nan,nan,nan,10
auth1-owned-v4-qps200-n4,attest. wait p99 (s),,V2,0.000990047432458584,2.7170080123463085e-07,2.254867344076358e-08,10
auth1-owned-v4-qps200-n4,attest. resume p50 (s),,V1,nan,nan,nan,10
auth1-owned-v4-qps200-n4,attest. resume p50 (s),,V2,0.0005001036888014847,4.3142491912026765e-07,5.3283846111316395e-08,10
auth1-owned-v4-qps200-n4,attest. resume p95 (s),,V1,nan,nan,nan,10
auth1-owned-v4-qps200-n4,attest. resume p95 (s),,V2,0.000950197008722821,8.197073463284994e-07,1.0123930761151072e-07,10
auth1-owned-v4-qps200-n4,attest. resume p99 (s),,V1,nan,nan,nan,10
auth1-owned-v4-qps200-n4,attest. resume p99 (s),,V2,0.0009902053038269396,8.542213398581313e-07,1.0550201530042597e-07,10
auth1-owned-v4-qps200-n4,num_inflight,,V1,41.1,9.417536832951598,3.139178944317199,10
auth1-owned-v4-qps200-n4,num_inflight,,V2,41.1,4.678675026115834,1.5595583420386112,10
auth1-owned-v4-qps200-n4,CUs,,V1,nan,nan,nan,10
auth1-owned-v4-qps200-n4,CUs,,V2,1000.0,7.645782747371387e-14,0.0,10
auth1-owned-f1-qps1000-n4,TPS,,V1,870.9192203749316,321.2069376466153,90.68171001095689,10
auth1-owned-f1-qps1000-n4,TPS,,V2,990.6836873750948,126.53857875586583,6.870319549765066,10
auth1-owned-f1-qps1000-n4,attest. full p50 (s),,V1,nan,nan,nan,10
auth1-owned-f1-qps1000-n4,attest. full p50 (s),,V2,0.0005457592485407927,0.00013281563781626784,4.997960882592241e-06,10
auth1-owned-f1-qps1000-n4,attest. full p95 (s),,V1,nan,nan,nan,10
auth1-owned-f1-qps1000-n4,attest. full p95 (s),,V2,0.002084122765127236,0.0006691105915726327,6.34528518630272e-05,10
auth1-owned-f1-qps1000-n4,attest. full p99 (s),,V1,nan,nan,nan,10
auth1-owned-f1-qps1000-n4,attest. full p99 (s),,V2,0.004404558500331343,0.0001603316193964245,1.5037535261450713e-05,10
auth1-owned-f1-qps1000-n4,attest. / sec,,V1,0.0,0.0,0.0,10
auth1-owned-f1-qps1000-n4,attest. / sec,,V2,484.1376421335538,59.532392047661084,3.467552732500172,10
auth1-owned-f1-qps1000-n4,host CPU,,V1,16.464743641563068,9.789165875809621,1.3596318200721222,10
auth1-owned-f1-qps1000-n4,host CPU,,V2,17.38038225360027,8.910895578195525,0.10411024489658785,10
auth1-owned-f1-qps1000-n4,rec. → exec. p50 (s),,V1,0.22790509976840478,0.053560304392973664,0.011053220407290669,10
auth1-owned-f1-qps1000-n4,rec. → exec. p50 (s),,V2,0.1974697137045773,0.03210162746124275,0.005078733602952011,10
auth1-owned-f1-qps1000-n4,rec. → exec. p95 (s),,V1,0.4311677939175702,0.07392902510336292,0.019475975675161183,10
auth1-owned-f1-qps1000-n4,rec. → exec. p95 (s),,V2,0.3846166925724939,0.09137534748782047,0.023068654662468286,10
auth1-owned-f1-qps1000-n4,rec. → exec. p99 (s),,V1,0.48783658341345404,0.06433113534652445,0.010314929280389986,10
auth1-owned-f1-qps1000-n4,rec. → exec. p99 (s),,V2,0.44509253077525884,0.08320082350506765,0.02383639733605606,10
auth1-owned-f1-qps1000-n4,pc valid. lat. p50 (s),,V1,0.017094507668307165,0.006983075424308594,0.0019792155387693177,10
auth1-owned-f1-qps1000-n4,pc valid. lat. p50 (s),,V2,0.0029427478479170655,0.00041247202400413434,2.8504542831883027e-05,10
auth1-owned-f1-qps1000-n4,pc valid. lat. p95 (s),,V1,0.04307854935115846,0.013590986206414263,0.0036965040974953245,10
auth1-owned-f1-qps1000-n4,pc valid. lat. p95 (s),,V2,0.007016196649822738,0.0016536793975975156,0.0003804179595492396,10
auth1-owned-f1-qps1000-n4,exec. lat. p95 (s),,V1,0.018575776210240157,0.00541017129866812,0.0013779018921312584,10
auth1-owned-f1-qps1000-n4,exec. lat. p95 (s),,V2,0.020274941102376876,0.001974468299054902,5.50311822132964e-05,10
auth1-owned-f1-qps1000-n4,valid. drop. / sec,,V1,0.0,0.0,0.0,10
auth1-owned-f1-qps1000-n4,valid. drop. / sec,,V2,0.0,0.0,0.0,10
auth1-owned-f1-qps1000-n4,final. lat. p50 (s),,V1,0.22302065898463685,0.01354287171033821,0.003718224940280892,10
auth1-owned-f1-qps1000-n4,final. lat. p50 (s),,V2,0.19573735833135583,0.010336759650362674,0.0030830745423135976,10
auth1-owned-f1-qps1000-n4,final. lat. p95 (s),,V1,0.3321949454863911,0.056787273546589266,0.016007285988385866,10
auth1-owned-f1-qps1000-n4,final. lat. p95 (s),,V2,0.2935902819427859,0.048088981419193766,0.014953919784233768,10
auth1-owned-f1-qps1000-n4,final. lat. p99 (s),,V1,0.39414457804331304,0.07202579135245128,0.02004617183122084,10
auth1-owned-f1-qps1000-n4,final. lat. p99 (s),,V2,0.3348864510218355,0.06513954507013223,0.01945775520567645,10
auth1-owned-f1-qps1000-n4,submit lat. p50 (s),,V1,0.004127086715211487,0.0013320009229858072,0.00013619629487847504,10
auth1-owned-f1-qps1000-n4,submit lat. p50 (s),,V2,0.0047399700051507735,0.00026801833787900274,3.586798011904755e-05,10
auth1-owned-f1-qps1000-n4,submit lat. p95 (s),,V1,0.02212137414610234,0.0015839197444579233,0.00010842254082767991,10
auth1-owned-f1-qps1000-n4,submit lat. p95 (s),,V2,0.023478593322777085,0.0008731947985051086,6.401030526020472e-05,10
auth1-owned-f1-qps1000-n4,ckpt lag p50 (s),,V1,0.7099839390895619,2.444581014394833,0.8696366174111296,10
auth1-owned-f1-qps1000-n4,ckpt lag p50 (s),,V2,0.17343361945098776,0.005145877459107669,0.0005350806014941212,10
auth1-owned-f1-qps1000-n4,ckpt lag p95 (s),,V1,1.3722082310313735,4.521876483532934,1.686650973489214,10
auth1-owned-f1-qps1000-n4,ckpt lag p95 (s),,V2,0.2568577870721839,0.05179263399652567,0.015844593770954176,10
auth1-owned-f1-qps1000-n4,ckpt lag p99 (s),,V1,1.5269621243163678,4.923772262256271,1.843415930816703,10
auth1-owned-f1-qps1000-n4,ckpt lag p99 (s),,V2,0.2965988939365691,0.06613533109697345,0.018574090950395077,10
auth1-owned-f1-qps1000-n4,exec. dispatch queue,,V1,199.0,80.59404444498365,26.86468148166122,10
auth1-owned-f1-qps1000-n4,exec. dispatch queue,,V2,181.4,76.78307105085078,25.59435701695026,10
auth1-owned-f1-qps1000-n4,pending txs,,V1,4.2,1.469693845669907,0.4898979485566356,10
auth1-owned-f1-qps1000-n4,pending txs,,V2,4.1,1.57797338380595,0.5259911279353167,10
auth1-owned-f1-qps1000-n4,exec. queue. delay p95 (s),,V1,0.021634708189428687,0.008378344120925644,0.0019559937224294037,10
auth1-owned-f1-qps1000-n4,exec. queue. delay p95 (s),,V2,0.02270294627432137,0.0051967243908824165,0.0009700199457696062,10
auth1-owned-f1-qps1000-n4,post-cons shed drops / sec,,V1,0.0,0.0,0.0,10
auth1-owned-f1-qps1000-n4,post-cons shed drops / sec,,V2,0.0,0.0,0.0,10
auth1-owned-f1-qps1000-n4,shed % quorum,,V1,0.0,0.0,0.0,10
auth1-owned-f1-qps1000-n4,shed % quorum,,V2,0.0,0.0,0.0,10
auth1-owned-f1-qps1000-n4,shed % local,,V1,0.0,0.0,0.0,10
auth1-owned-f1-qps1000-n4,shed % local,,V2,0.0,0.0,0.0,10
auth1-owned-f1-qps1000-n4,shed % cons-queue,,V1,0.0,0.0,0.0,10
auth1-owned-f1-qps1000-n4,shed % cons-queue,,V2,0.0,0.0,0.0,10
auth1-owned-f1-qps1000-n4,pre-cons overload rej / sec,,V1,nan,nan,nan,10
auth1-owned-f1-qps1000-n4,pre-cons overload rej / sec,,V2,nan,nan,nan,10
auth1-owned-f1-qps1000-n4,node CPU,,V1,3.4013405374381716,1.2542104076416833,0.3196915064485751,10
auth1-owned-f1-qps1000-n4,node CPU,,V2,3.6309703782502165,0.7098754613228613,0.026067820056515402,10
auth1-owned-f1-qps1000-n4,node memory RSS (bytes),,V1,925231023.3700787,349101432.05861926,54827688.10489265,10
auth1-owned-f1-qps1000-n4,node memory RSS (bytes),,V2,1030729767.7669903,346180868.02558583,9650819.384107789,10
auth1-owned-f1-qps1000-n4,overload graduated / sec,,V1,nan,nan,nan,10
auth1-owned-f1-qps1000-n4,overload graduated / sec,,V2,nan,nan,nan,10
auth1-owned-f1-qps1000-n4,overload max-pending / sec,,V1,nan,nan,nan,10
auth1-owned-f1-qps1000-n4,overload max-pending / sec,,V2,nan,nan,nan,10
auth1-owned-f1-qps1000-n4,overload semaphore / sec,,V1,nan,nan,nan,10
auth1-owned-f1-qps1000-n4,overload semaphore / sec,,V2,nan,nan,nan,10
auth1-owned-f1-qps1000-n4,attest. exec p50 (s),,V1,nan,nan,nan,10
auth1-owned-f1-qps1000-n4,attest. exec p50 (s),,V2,0.0005130926541849417,0.00013420764711991076,4.782786176306971e-06,10
auth1-owned-f1-qps1000-n4,attest. exec p95 (s),,V1,nan,nan,nan,10
auth1-owned-f1-qps1000-n4,attest. exec p95 (s),,V2,0.0009743733078574592,0.00021445932327248527,7.335283692154588e-06,10
auth1-owned-f1-qps1000-n4,attest. exec p99 (s),,V1,nan,nan,nan,10
auth1-owned-f1-qps1000-n4,attest. exec p99 (s),,V2,0.0015811381414410771,0.0006952123190089852,7.795451687892782e-05,10
auth1-owned-f1-qps1000-n4,attest. wait p50 (s),,V1,nan,nan,nan,10
auth1-owned-f1-qps1000-n4,attest. wait p50 (s),,V2,0.0005004280834266201,4.2857839329027023e-07,6.498338061086142e-08,10
auth1-owned-f1-qps1000-n4,attest. wait p95 (s),,V1,nan,nan,nan,10
auth1-owned-f1-qps1000-n4,attest. wait p95 (s),,V2,0.0009508133585105782,8.142989472515113e-07,1.234684231606126e-07,10
auth1-owned-f1-qps1000-n4,attest. wait p99 (s),,V1,nan,nan,nan,10
auth1-owned-f1-qps1000-n4,attest. wait p99 (s),,V2,0.0009908476051847077,8.485852187147392e-07,1.2866709360950534e-07,10
auth1-owned-f1-qps1000-n4,attest. resume p50 (s),,V1,nan,nan,nan,10
auth1-owned-f1-qps1000-n4,attest. resume p50 (s),,V2,0.0005000268402910104,6.325570889884121e-08,7.496840856128461e-09,10
auth1-owned-f1-qps1000-n4,attest. resume p95 (s),,V1,nan,nan,nan,10
auth1-owned-f1-qps1000-n4,attest. resume p95 (s),,V2,0.0009500509965529195,1.201858469077887e-07,1.4243997626656335e-08,10
auth1-owned-f1-qps1000-n4,attest. resume p99 (s),,V1,nan,nan,nan,10
auth1-owned-f1-qps1000-n4,attest. resume p99 (s),,V2,0.0009900531437762002,1.2524630361970542e-07,1.4843744895159425e-08,10
auth1-owned-f1-qps1000-n4,num_inflight,,V1,187.4,33.59821423825974,11.199404746086582,10
auth1-owned-f1-qps1000-n4,num_inflight,,V2,170.3,37.65381786751511,12.551272622505035,10
auth1-owned-f1-qps1000-n4,CUs,,V1,nan,nan,nan,10
auth1-owned-f1-qps1000-n4,CUs,,V2,1000.0,6.400195206162723e-14,0.0,10
auth1-owned-v1-qps1000-n4,TPS,,V1,999.9091489548687,335.24728710836433,14.85134146012283,10
auth1-owned-v1-qps1000-n4,TPS,,V2,1019.4008559510266,222.840007514582,0.8837477009131461,10
auth1-owned-v1-qps1000-n4,attest. full p50 (s),,V1,nan,nan,nan,10
auth1-owned-v1-qps1000-n4,attest. full p50 (s),,V2,0.0005222163439368592,5.073914359416437e-06,5.569198779581832e-07,10
auth1-owned-v1-qps1000-n4,attest. full p95 (s),,V1,nan,nan,nan,10
auth1-owned-v1-qps1000-n4,attest. full p95 (s),,V2,0.0010636828832342026,0.00019614467282853,2.8161564769540054e-05,10
auth1-owned-v1-qps1000-n4,attest. full p99 (s),,V1,nan,nan,nan,10
auth1-owned-v1-qps1000-n4,attest. full p99 (s),,V2,0.00400653566002099,0.0002836072493910659,2.4027369725044605e-05,10
auth1-owned-v1-qps1000-n4,attest. / sec,,V1,0.0,0.0,0.0,10
auth1-owned-v1-qps1000-n4,attest. / sec,,V2,991.8655818300016,92.03880101362896,2.785125548848025,10
auth1-owned-v1-qps1000-n4,host CPU,,V1,17.321649236409772,6.495873266687843,0.15741157915951703,10
auth1-owned-v1-qps1000-n4,host CPU,,V2,16.644163606304883,6.172835752529345,0.11404721396384626,10
auth1-owned-v1-qps1000-n4,rec. → exec. p50 (s),,V1,0.2210859604852008,0.030235533014580124,0.008936498392568736,10
auth1-owned-v1-qps1000-n4,rec. → exec. p50 (s),,V2,0.1876028024759882,0.01092265530124958,0.003240984717654412,10
auth1-owned-v1-qps1000-n4,rec. → exec. p95 (s),,V1,0.4289151371060103,0.0802226867173212,0.026219574789842742,10
auth1-owned-v1-qps1000-n4,rec. → exec. p95 (s),,V2,0.35981804802372913,0.09403852736689226,0.030152953950576954,10
auth1-owned-v1-qps1000-n4,rec. → exec. p99 (s),,V1,0.49322702075654307,0.04808852078490719,0.008494666829848188,10
auth1-owned-v1-qps1000-n4,rec. → exec. p99 (s),,V2,0.430971825213488,0.09317183511287266,0.028044560208186967,10
auth1-owned-v1-qps1000-n4,pc valid. lat. p50 (s),,V1,0.01747315566200163,0.0018069047574530677,0.0005514352836748407,10
auth1-owned-v1-qps1000-n4,pc valid. lat. p50 (s),,V2,0.002664754321041917,0.00014419158641484567,3.9137232924569526e-05,10
auth1-owned-v1-qps1000-n4,pc valid. lat. p95 (s),,V1,0.05817796358665558,0.009768849340404817,0.0023946337212120412,10
auth1-owned-v1-qps1000-n4,pc valid. lat. p95 (s),,V2,0.009135988486758046,0.0014740845263065045,0.0003104401462576535,10
auth1-owned-v1-qps1000-n4,exec. lat. p95 (s),,V1,0.019182861246030015,0.0035218950453703318,0.0003754218947795539,10
auth1-owned-v1-qps1000-n4,exec. lat. p95 (s),,V2,0.019699610605188492,0.0025114049964594155,0.0002542341492477882,10
auth1-owned-v1-qps1000-n4,valid. drop. / sec,,V1,0.0,0.0,0.0,10
auth1-owned-v1-qps1000-n4,valid. drop. / sec,,V2,0.0,0.0,0.0,10
auth1-owned-v1-qps1000-n4,final. lat. p50 (s),,V1,nan,nan,nan,10
auth1-owned-v1-qps1000-n4,final. lat. p50 (s),,V2,nan,nan,nan,10
auth1-owned-v1-qps1000-n4,final. lat. p95 (s),,V1,nan,nan,nan,10
auth1-owned-v1-qps1000-n4,final. lat. p95 (s),,V2,nan,nan,nan,10
auth1-owned-v1-qps1000-n4,final. lat. p99 (s),,V1,nan,nan,nan,10
auth1-owned-v1-qps1000-n4,final. lat. p99 (s),,V2,nan,nan,nan,10
auth1-owned-v1-qps1000-n4,submit lat. p50 (s),,V1,nan,nan,nan,10
auth1-owned-v1-qps1000-n4,submit lat. p50 (s),,V2,nan,nan,nan,10
auth1-owned-v1-qps1000-n4,submit lat. p95 (s),,V1,nan,nan,nan,10
auth1-owned-v1-qps1000-n4,submit lat. p95 (s),,V2,nan,nan,nan,10
auth1-owned-v1-qps1000-n4,ckpt lag p50 (s),,V1,0.7016527014382574,1.8860946263170604,0.2576562252430177,10
auth1-owned-v1-qps1000-n4,ckpt lag p50 (s),,V2,0.3182931792103944,1.111203762748592,0.16745703671882584,10
auth1-owned-v1-qps1000-n4,ckpt lag p95 (s),,V1,1.5288391580233356,3.7155458208462453,0.5391839216869884,10
auth1-owned-v1-qps1000-n4,ckpt lag p95 (s),,V2,0.6651302642833051,2.423939377817065,0.4023835037975426,10
auth1-owned-v1-qps1000-n4,ckpt lag p99 (s),,V1,1.6865392965859762,4.033758122534128,0.5891719472099026,10
auth1-owned-v1-qps1000-n4,ckpt lag p99 (s),,V2,0.7583703556773153,2.6310887353203465,0.4405215976864673,10
auth1-owned-v1-qps1000-n4,exec. dispatch queue,,V1,304.8,122.53554586323105,40.84518195441035,10
auth1-owned-v1-qps1000-n4,exec. dispatch queue,,V2,311.9,154.138541578672,51.379513859557335,10
auth1-owned-v1-qps1000-n4,pending txs,,V1,9.1,6.34744042902334,2.1158134763411134,10
auth1-owned-v1-qps1000-n4,pending txs,,V2,6.2,4.237924020083418,1.412641340027806,10
auth1-owned-v1-qps1000-n4,exec. queue. delay p95 (s),,V1,0.029000791731520013,0.014590681392476627,0.0020604645660005656,10
auth1-owned-v1-qps1000-n4,exec. queue. delay p95 (s),,V2,0.027421620927727562,0.010960112432719507,0.0017547933468267144,10
auth1-owned-v1-qps1000-n4,post-cons shed drops / sec,,V1,0.0,0.0,0.0,10
auth1-owned-v1-qps1000-n4,post-cons shed drops / sec,,V2,0.0,0.0,0.0,10
auth1-owned-v1-qps1000-n4,shed % quorum,,V1,0.0,0.0,0.0,10
auth1-owned-v1-qps1000-n4,shed % quorum,,V2,0.0,0.0,0.0,10
auth1-owned-v1-qps1000-n4,shed % local,,V1,0.0,0.0,0.0,10
auth1-owned-v1-qps1000-n4,shed % local,,V2,0.0,0.0,0.0,10
auth1-owned-v1-qps1000-n4,shed % cons-queue,,V1,0.0,0.0,0.0,10
auth1-owned-v1-qps1000-n4,shed % cons-queue,,V2,0.0,0.0,0.0,10
auth1-owned-v1-qps1000-n4,pre-cons overload rej / sec,,V1,nan,nan,nan,10
auth1-owned-v1-qps1000-n4,pre-cons overload rej / sec,,V2,nan,nan,nan,10
auth1-owned-v1-qps1000-n4,node CPU,,V1,4.348109866883359,0.5496240825488795,0.04136223831503617,10
auth1-owned-v1-qps1000-n4,node CPU,,V2,4.337491280017294,0.6793808176830736,0.02422326684019559,10
auth1-owned-v1-qps1000-n4,node memory RSS (bytes),,V1,1047369102.3171953,306476908.3652039,4186075.8818166037,10
auth1-owned-v1-qps1000-n4,node memory RSS (bytes),,V2,1096818163.048904,318600708.4878588,4846782.735930833,10
auth1-owned-v1-qps1000-n4,overload graduated / sec,,V1,nan,nan,nan,10
auth1-owned-v1-qps1000-n4,overload graduated / sec,,V2,nan,nan,nan,10
auth1-owned-v1-qps1000-n4,overload max-pending / sec,,V1,nan,nan,nan,10
auth1-owned-v1-qps1000-n4,overload max-pending / sec,,V2,nan,nan,nan,10
auth1-owned-v1-qps1000-n4,overload semaphore / sec,,V1,nan,nan,nan,10
auth1-owned-v1-qps1000-n4,overload semaphore / sec,,V2,nan,nan,nan,10
auth1-owned-v1-qps1000-n4,attest. exec p50 (s),,V1,nan,nan,nan,10
auth1-owned-v1-qps1000-n4,attest. exec p50 (s),,V2,0.0005030835715095179,1.1489896609907457e-06,1.0802343655740284e-07,10
auth1-owned-v1-qps1000-n4,attest. exec p95 (s),,V1,nan,nan,nan,10
auth1-owned-v1-qps1000-n4,attest. exec p95 (s),,V2,0.0009558587858680839,2.1830803558824244e-06,2.0524452945908198e-07,10
auth1-owned-v1-qps1000-n4,attest. exec p99 (s),,V1,nan,nan,nan,10
auth1-owned-v1-qps1000-n4,attest. exec p99 (s),,V2,0.0010174184639844476,0.00012700379389266067,1.440077257949872e-05,10
auth1-owned-v1-qps1000-n4,attest. wait p50 (s),,V1,nan,nan,nan,10
auth1-owned-v1-qps1000-n4,attest. wait p50 (s),,V2,0.0005005070020229356,4.3580504037457374e-07,6.411809719260777e-08,10
auth1-owned-v1-qps1000-n4,attest. wait p95 (s),,V1,nan,nan,nan,10
auth1-owned-v1-qps1000-n4,attest. wait p95 (s),,V2,0.0009509633038435775,8.280295767116955e-07,1.2182438466597866e-07,10
auth1-owned-v1-qps1000-n4,attest. wait p99 (s),,V1,nan,nan,nan,10
auth1-owned-v1-qps1000-n4,attest. wait p99 (s),,V2,0.0009910038640054124,8.628939799416599e-07,1.2695383244136612e-07,10
auth1-owned-v1-qps1000-n4,attest. resume p50 (s),,V1,nan,nan,nan,10
auth1-owned-v1-qps1000-n4,attest. resume p50 (s),,V2,0.0005000612568588019,1.1387011895260566e-07,2.0109838383938996e-08,10
auth1-owned-v1-qps1000-n4,attest. resume p95 (s),,V1,nan,nan,nan,10
auth1-owned-v1-qps1000-n4,attest. resume p95 (s),,V2,0.0009501163880317238,2.1635322600993708e-07,3.820869292947393e-08,10
auth1-owned-v1-qps1000-n4,attest. resume p99 (s),,V1,nan,nan,nan,10
auth1-owned-v1-qps1000-n4,attest. resume p99 (s),,V2,0.0009901212885804276,2.2546283552614952e-07,3.9817480000241046e-08,10
auth1-owned-v1-qps1000-n4,num_inflight,,V1,402.4,83.67102246297698,27.890340820992325,10
auth1-owned-v1-qps1000-n4,num_inflight,,V2,316.5,59.68291212734178,19.894304042447256,10
auth1-owned-v1-qps1000-n4,CUs,,V1,nan,nan,nan,10
auth1-owned-v1-qps1000-n4,CUs,,V2,1000.0,5.959012774786048e-14,0.0,10
auth1-owned-v4-qps1000-n4,TPS,,V1,1019.6874477772369,154.35860303992422,2.3595053546881135,10
auth1-owned-v4-qps1000-n4,TPS,,V2,1022.4633173519692,41.526230012512904,1.0369536105311286,10
auth1-owned-v4-qps1000-n4,attest. full p50 (s),,V1,nan,nan,nan,10
auth1-owned-v4-qps1000-n4,attest. full p50 (s),,V2,0.0005290067368235023,7.681624152195597e-06,8.025606885748021e-07,10
auth1-owned-v4-qps1000-n4,attest. full p95 (s),,V1,nan,nan,nan,10
auth1-owned-v4-qps1000-n4,attest. full p95 (s),,V2,0.0015036100142738654,0.000496823238190085,6.266352080803496e-05,10
auth1-owned-v4-qps1000-n4,attest. full p99 (s),,V1,nan,nan,nan,10
auth1-owned-v4-qps1000-n4,attest. full p99 (s),,V2,0.004207425480346347,0.0002616170725606772,2.3575140569748682e-05,10
auth1-owned-v4-qps1000-n4,attest. / sec,,V1,0.0,0.0,0.0,10
auth1-owned-v4-qps1000-n4,attest. / sec,,V2,501.68124153529436,29.65869896293208,1.1142740699239368,10
auth1-owned-v4-qps1000-n4,host CPU,,V1,17.761763119287313,6.416971659004986,0.19188898682601757,10
auth1-owned-v4-qps1000-n4,host CPU,,V2,16.865130164730495,6.056941881475053,0.07717156507713174,10
auth1-owned-v4-qps1000-n4,rec. → exec. p50 (s),,V1,0.20910791957262415,0.02665072652221195,0.006594238072202779,10
auth1-owned-v4-qps1000-n4,rec. → exec. p50 (s),,V2,0.19757073678089035,0.02655602587629591,0.0042665069919891,10
auth1-owned-v4-qps1000-n4,rec. → exec. p95 (s),,V1,0.4270904478348651,0.06745277379161638,0.021262435579899642,10
auth1-owned-v4-qps1000-n4,rec. → exec. p95 (s),,V2,0.4155676075707375,0.06543388644779839,0.018066665753434998,10
auth1-owned-v4-qps1000-n4,rec. → exec. p99 (s),,V1,0.4854430349640781,0.030962937154002886,0.007438171182557444,10
auth1-owned-v4-qps1000-n4,rec. → exec. p99 (s),,V2,0.49247452569883515,0.0549484342016219,0.00549616839540721,10
auth1-owned-v4-qps1000-n4,pc valid. lat. p50 (s),,V1,0.01982640829457098,0.0014437027948349277,0.0004316630076930187,10
auth1-owned-v4-qps1000-n4,pc valid. lat. p50 (s),,V2,0.003027650315213712,6.013567909533783e-05,6.746700108794739e-06,10
auth1-owned-v4-qps1000-n4,pc valid. lat. p95 (s),,V1,0.04829559302721865,0.003123085186614365,0.0006630690064252381,10
auth1-owned-v4-qps1000-n4,pc valid. lat. p95 (s),,V2,0.007182777151328174,0.0011511626192119951,0.0002953673227510217,10
auth1-owned-v4-qps1000-n4,exec. lat. p95 (s),,V1,0.0197547967197327,0.00209826028424136,0.00012718403670485364,10
auth1-owned-v4-qps1000-n4,exec. lat. p95 (s),,V2,0.020063762223062723,0.0009749985824008681,6.198226906600021e-05,10
auth1-owned-v4-qps1000-n4,valid. drop. / sec,,V1,0.0,0.0,0.0,10
auth1-owned-v4-qps1000-n4,valid. drop. / sec,,V2,0.0,0.0,0.0,10
auth1-owned-v4-qps1000-n4,final. lat. p50 (s),,V1,nan,nan,nan,10
auth1-owned-v4-qps1000-n4,final. lat. p50 (s),,V2,nan,nan,nan,10
auth1-owned-v4-qps1000-n4,final. lat. p95 (s),,V1,nan,nan,nan,10
auth1-owned-v4-qps1000-n4,final. lat. p95 (s),,V2,nan,nan,nan,10
auth1-owned-v4-qps1000-n4,final. lat. p99 (s),,V1,nan,nan,nan,10
auth1-owned-v4-qps1000-n4,final. lat. p99 (s),,V2,nan,nan,nan,10
auth1-owned-v4-qps1000-n4,submit lat. p50 (s),,V1,nan,nan,nan,10
auth1-owned-v4-qps1000-n4,submit lat. p50 (s),,V2,nan,nan,nan,10
auth1-owned-v4-qps1000-n4,submit lat. p95 (s),,V1,nan,nan,nan,10
auth1-owned-v4-qps1000-n4,submit lat. p95 (s),,V2,nan,nan,nan,10
auth1-owned-v4-qps1000-n4,ckpt lag p50 (s),,V1,0.3335479305279541,0.7199139921829889,0.08450953248517958,10
auth1-owned-v4-qps1000-n4,ckpt lag p50 (s),,V2,0.17241621123922246,0.005142175188322041,0.0009160803549684905,10
auth1-owned-v4-qps1000-n4,ckpt lag p95 (s),,V1,0.7611569021479457,1.9553503696432581,0.26863201359720246,10
auth1-owned-v4-qps1000-n4,ckpt lag p95 (s),,V2,0.46499669893500567,1.3566700079872238,0.1745898858442813,10
auth1-owned-v4-qps1000-n4,ckpt lag p99 (s),,V1,0.8863709366307904,2.2502003907177186,0.31432275468023835,10
auth1-owned-v4-qps1000-n4,ckpt lag p99 (s),,V2,0.5749343551890287,1.789477267074592,0.2299531435847965,10
auth1-owned-v4-qps1000-n4,exec. dispatch queue,,V1,210.7,48.369515192939446,16.123171730979816,10
auth1-owned-v4-qps1000-n4,exec. dispatch queue,,V2,243.4,71.96971585326706,23.989905284422353,10
auth1-owned-v4-qps1000-n4,pending txs,,V1,5.9,3.3896902513356584,1.1298967504452195,10
auth1-owned-v4-qps1000-n4,pending txs,,V2,7.2,5.344155686354955,1.7813852287849847,10
auth1-owned-v4-qps1000-n4,exec. queue. delay p95 (s),,V1,0.024918805884831183,0.008430529618178795,0.0013183251983649009,10
auth1-owned-v4-qps1000-n4,exec. queue. delay p95 (s),,V2,0.0239150051280619,0.004055831407659714,0.0005872690734322351,10
auth1-owned-v4-qps1000-n4,post-cons shed drops / sec,,V1,0.0,0.0,0.0,10
auth1-owned-v4-qps1000-n4,post-cons shed drops / sec,,V2,0.0,0.0,0.0,10
auth1-owned-v4-qps1000-n4,shed % quorum,,V1,0.0,0.0,0.0,10
auth1-owned-v4-qps1000-n4,shed % quorum,,V2,0.0,0.0,0.0,10
auth1-owned-v4-qps1000-n4,shed % local,,V1,0.0,0.0,0.0,10
auth1-owned-v4-qps1000-n4,shed % local,,V2,0.0,0.0,0.0,10
auth1-owned-v4-qps1000-n4,shed % cons-queue,,V1,0.0,0.0,0.0,10
auth1-owned-v4-qps1000-n4,shed % cons-queue,,V2,0.0,0.0,0.0,10
auth1-owned-v4-qps1000-n4,pre-cons overload rej / sec,,V1,nan,nan,nan,10
auth1-owned-v4-qps1000-n4,pre-cons overload rej / sec,,V2,nan,nan,nan,10
auth1-owned-v4-qps1000-n4,node CPU,,V1,3.9603509639320946,0.553356893707558,0.0409425046831706,10
auth1-owned-v4-qps1000-n4,node CPU,,V2,3.7872282398379356,0.4843135277881743,0.020645312603579564,10
auth1-owned-v4-qps1000-n4,node memory RSS (bytes),,V1,1048702140.361204,313990374.64579344,5349729.000791632,10
auth1-owned-v4-qps1000-n4,node memory RSS (bytes),,V2,1082689539.4420168,323502214.7751405,6258507.913296157,10
auth1-owned-v4-qps1000-n4,overload graduated / sec,,V1,nan,nan,nan,10
auth1-owned-v4-qps1000-n4,overload graduated / sec,,V2,nan,nan,nan,10
auth1-owned-v4-qps1000-n4,overload max-pending / sec,,V1,nan,nan,nan,10
auth1-owned-v4-qps1000-n4,overload max-pending / sec,,V2,nan,nan,nan,10
auth1-owned-v4-qps1000-n4,overload semaphore / sec,,V1,nan,nan,nan,10
auth1-owned-v4-qps1000-n4,overload semaphore / sec,,V2,nan,nan,nan,10
auth1-owned-v4-qps1000-n4,attest. exec p50 (s),,V1,nan,nan,nan,10
auth1-owned-v4-qps1000-n4,attest. exec p50 (s),,V2,0.0005040222182483453,1.352837756131156e-06,1.3131276480510198e-07,10
auth1-owned-v4-qps1000-n4,attest. exec p95 (s),,V1,nan,nan,nan,10
auth1-owned-v4-qps1000-n4,attest. exec p95 (s),,V2,0.0009576422146718562,2.570391736649192e-06,2.4949425312968976e-07,10
auth1-owned-v4-qps1000-n4,attest. exec p99 (s),,V1,nan,nan,nan,10
auth1-owned-v4-qps1000-n4,attest. exec p99 (s),,V2,0.0011184170672805128,0.00025758315500131764,2.494372020111206e-05,10
auth1-owned-v4-qps1000-n4,attest. wait p50 (s),,V1,nan,nan,nan,10
auth1-owned-v4-qps1000-n4,attest. wait p50 (s),,V2,0.0005003958169041204,3.368664857998071e-07,4.190518063058775e-08,10
auth1-owned-v4-qps1000-n4,attest. wait p95 (s),,V1,nan,nan,nan,10
auth1-owned-v4-qps1000-n4,attest. wait p95 (s),,V2,0.0009507520521178286,6.400463230196351e-07,7.961984319813434e-08,10
auth1-owned-v4-qps1000-n4,attest. wait p99 (s),,V1,nan,nan,nan,10
auth1-owned-v4-qps1000-n4,attest. wait p99 (s),,V2,0.0009907837174701584,6.669956418836266e-07,8.29722576485806e-08,10
auth1-owned-v4-qps1000-n4,attest. resume p50 (s),,V1,nan,nan,nan,10
auth1-owned-v4-qps1000-n4,attest. resume p50 (s),,V2,0.0005000458935371692,9.458059662508579e-08,1.1628323705617404e-08,10
auth1-owned-v4-qps1000-n4,attest. resume p95 (s),,V1,nan,nan,nan,10
auth1-owned-v4-qps1000-n4,attest. resume p95 (s),,V2,0.0009500871977206216,1.7970313358765953e-07,2.2093815040667938e-08,10
auth1-owned-v4-qps1000-n4,attest. resume p99 (s),,V1,nan,nan,nan,10
auth1-owned-v4-qps1000-n4,attest. resume p99 (s),,V2,0.0009900908692035946,1.8726958131768066e-07,2.302408093713709e-08,10
auth1-owned-v4-qps1000-n4,num_inflight,,V1,203.1,33.278972339902566,11.092990779967522,10
auth1-owned-v4-qps1000-n4,num_inflight,,V2,189.3,21.241704263076443,7.080568087692147,10
auth1-owned-v4-qps1000-n4,CUs,,V1,nan,nan,nan,10
auth1-owned-v4-qps1000-n4,CUs,,V2,1000.0,6.177097125351905e-14,0.0,10
auth1-owned-f1-qps2000-n4,TPS,,V1,1559.7644585599157,699.085519989021,73.70982692965535,10
auth1-owned-f1-qps2000-n4,TPS,,V2,1565.9050944836977,704.7716089803638,83.9112044794756,10
auth1-owned-f1-qps2000-n4,attest. full p50 (s),,V1,nan,nan,nan,10
auth1-owned-f1-qps2000-n4,attest. full p50 (s),,V2,0.0007267656598730964,0.0005508370619170787,1.0223396639690112e-05,10
auth1-owned-f1-qps2000-n4,attest. full p95 (s),,V1,nan,nan,nan,10
auth1-owned-f1-qps2000-n4,attest. full p95 (s),,V2,0.0036817622332962654,0.0005498902799013583,7.489615549984368e-05,10
auth1-owned-f1-qps2000-n4,attest. full p99 (s),,V1,nan,nan,nan,10
auth1-owned-f1-qps2000-n4,attest. full p99 (s),,V2,0.004756208270607634,0.00011094712628926237,1.3153724892245902e-05,10
auth1-owned-f1-qps2000-n4,attest. / sec,,V1,0.0,0.0,0.0,10
auth1-owned-f1-qps2000-n4,attest. / sec,,V2,782.5354333799465,349.43613188906244,42.329341287379684,10
auth1-owned-f1-qps2000-n4,host CPU,,V1,25.41770723655225,13.110506984005639,1.021397423036646,10
auth1-owned-f1-qps2000-n4,host CPU,,V2,25.496865729713438,13.327627564343862,1.2797361099785698,10
auth1-owned-f1-qps2000-n4,rec. → exec. p50 (s),,V1,0.3102863236617267,0.05889882125116883,0.009591567541761301,10
auth1-owned-f1-qps2000-n4,rec. → exec. p50 (s),,V2,0.21639698662259513,0.051533351133573074,0.008427043894570045,10
auth1-owned-f1-qps2000-n4,rec. → exec. p95 (s),,V1,0.4869330502893535,0.09631508972755722,0.013394463723390851,10
auth1-owned-f1-qps2000-n4,rec. → exec. p95 (s),,V2,0.3987854996333621,0.09806398501110378,0.02778678057001038,10
auth1-owned-f1-qps2000-n4,rec. → exec. p99 (s),,V1,0.6020438625679956,0.16933753891333606,0.02629388039144029,10
auth1-owned-f1-qps2000-n4,rec. → exec. p99 (s),,V2,0.4532141214053947,0.09412293305351434,0.021757382494484886,10
auth1-owned-f1-qps2000-n4,pc valid. lat. p50 (s),,V1,0.018460830356381182,0.010549797023530637,0.0012998453497245247,10
auth1-owned-f1-qps2000-n4,pc valid. lat. p50 (s),,V2,0.0037447735492828456,0.002079103923728634,0.00032173337190842993,10
auth1-owned-f1-qps2000-n4,pc valid. lat. p95 (s),,V1,0.07762454275401863,0.028190720788560764,0.0024635957741273966,10
auth1-owned-f1-qps2000-n4,pc valid. lat. p95 (s),,V2,0.016015832064882808,0.006606160505684929,0.0007141011862826982,10
auth1-owned-f1-qps2000-n4,exec. lat. p95 (s),,V1,0.019555656402834343,0.005424505364967369,0.0002940897848002343,10
auth1-owned-f1-qps2000-n4,exec. lat. p95 (s),,V2,0.02001754047725844,0.005615493935973978,0.0004676317564539713,10
auth1-owned-f1-qps2000-n4,valid. drop. / sec,,V1,0.0,0.0,0.0,10
auth1-owned-f1-qps2000-n4,valid. drop. / sec,,V2,0.0,0.0,0.0,10
auth1-owned-f1-qps2000-n4,final. lat. p50 (s),,V1,0.27723415576101074,0.03184216406034871,0.0041757591236533265,10
auth1-owned-f1-qps2000-n4,final. lat. p50 (s),,V2,0.22403429297737826,0.0153429739683304,0.002764518453212953,10
auth1-owned-f1-qps2000-n4,final. lat. p95 (s),,V1,0.42112962065108756,0.06978220588668402,0.014695978395814545,10
auth1-owned-f1-qps2000-n4,final. lat. p95 (s),,V2,0.33837749761434943,0.052763902432894416,0.013558561866769112,10
auth1-owned-f1-qps2000-n4,final. lat. p99 (s),,V1,0.48853916599349584,0.09620707227655703,0.02096799238362795,10
auth1-owned-f1-qps2000-n4,final. lat. p99 (s),,V2,0.38662196166844237,0.07132592198203559,0.017765425923111464,10
auth1-owned-f1-qps2000-n4,submit lat. p50 (s),,V1,0.004998757918799106,0.0007281871797612815,5.658493711832853e-05,10
auth1-owned-f1-qps2000-n4,submit lat. p50 (s),,V2,0.00644209244163347,0.0012263733668241232,9.611515966405778e-05,10
auth1-owned-f1-qps2000-n4,submit lat. p95 (s),,V1,0.03913009390712799,0.013307691349155685,0.0015789713665681443,10
auth1-owned-f1-qps2000-n4,submit lat. p95 (s),,V2,0.04356950719671506,0.014739311140998697,0.002344632500655808,10
auth1-owned-f1-qps2000-n4,ckpt lag p50 (s),,V1,0.5918436753509577,1.7547663454356923,0.1955441220483671,10
auth1-owned-f1-qps2000-n4,ckpt lag p50 (s),,V2,0.6382053732496155,1.9226172443315699,0.2139323012978761,10
auth1-owned-f1-qps2000-n4,ckpt lag p95 (s),,V1,1.0857449195844369,2.998641220879932,0.36885133852593,10
auth1-owned-f1-qps2000-n4,ckpt lag p95 (s),,V2,1.1940255571906602,3.3900596119171293,0.4258885576951621,10
auth1-owned-f1-qps2000-n4,ckpt lag p99 (s),,V1,1.2804117692292039,3.3443053257083477,0.4163799062798655,10
auth1-owned-f1-qps2000-n4,ckpt lag p99 (s),,V2,1.311684953535003,3.6248948840257866,0.46293977519012114,10
auth1-owned-f1-qps2000-n4,exec. dispatch queue,,V1,615.7,199.70230344189824,66.56743448063274,10
auth1-owned-f1-qps2000-n4,exec. dispatch queue,,V2,540.4,170.59026935906982,56.86342311968994,10
auth1-owned-f1-qps2000-n4,pending txs,,V1,8.5,3.263433774416144,1.0878112581387147,10
auth1-owned-f1-qps2000-n4,pending txs,,V2,5.8,2.4413111231467406,0.8137703743822469,10
auth1-owned-f1-qps2000-n4,exec. queue. delay p95 (s),,V1,0.06767846678407768,0.023006187628905377,0.004397043471454662,10
auth1-owned-f1-qps2000-n4,exec. queue. delay p95 (s),,V2,0.06621865998015063,0.030866969089511302,0.006534235101322957,10
auth1-owned-f1-qps2000-n4,post-cons shed drops / sec,,V1,0.0,0.0,0.0,10
auth1-owned-f1-qps2000-n4,post-cons shed drops / sec,,V2,0.04899536321483772,0.3496008918684171,0.04953125,10
auth1-owned-f1-qps2000-n4,shed % quorum,,V1,0.0,0.0,0.0,10
auth1-owned-f1-qps2000-n4,shed % quorum,,V2,0.1,0.30000000000000004,0.09999999999999999,10
auth1-owned-f1-qps2000-n4,shed % local,,V1,3.8,5.844655678480983,1.9482185594936605,10
auth1-owned-f1-qps2000-n4,shed % local,,V2,2.1,4.867237409455183,1.622412469818394,10
auth1-owned-f1-qps2000-n4,shed % cons-queue,,V1,0.0,0.0,0.0,10
auth1-owned-f1-qps2000-n4,shed % cons-queue,,V2,0.0,0.0,0.0,10
auth1-owned-f1-qps2000-n4,pre-cons overload rej / sec,,V1,nan,nan,nan,10
auth1-owned-f1-qps2000-n4,pre-cons overload rej / sec,,V2,nan,nan,nan,10
auth1-owned-f1-qps2000-n4,node CPU,,V1,4.8470479750668405,2.08289941909757,0.21336681962721998,10
auth1-owned-f1-qps2000-n4,node CPU,,V2,4.921227857171331,2.1074329483960845,0.2666878334950068,10
auth1-owned-f1-qps2000-n4,node memory RSS (bytes),,V1,1384524964.9604864,619944624.4899166,38176442.7636664,10
auth1-owned-f1-qps2000-n4,node memory RSS (bytes),,V2,1402767755.7791412,596065828.406844,33933855.59608806,10
auth1-owned-f1-qps2000-n4,overload graduated / sec,,V1,nan,nan,nan,10
auth1-owned-f1-qps2000-n4,overload graduated / sec,,V2,nan,nan,nan,10
auth1-owned-f1-qps2000-n4,overload max-pending / sec,,V1,nan,nan,nan,10
auth1-owned-f1-qps2000-n4,overload max-pending / sec,,V2,nan,nan,nan,10
auth1-owned-f1-qps2000-n4,overload semaphore / sec,,V1,nan,nan,nan,10
auth1-owned-f1-qps2000-n4,overload semaphore / sec,,V2,nan,nan,nan,10
auth1-owned-f1-qps2000-n4,attest. exec p50 (s),,V1,nan,nan,nan,10
auth1-owned-f1-qps2000-n4,attest. exec p50 (s),,V2,0.0006533040425392123,0.0005678166697756393,1.0258889888348261e-05,10
auth1-owned-f1-qps2000-n4,attest. exec p95 (s),,V1,nan,nan,nan,10
auth1-owned-f1-qps2000-n4,attest. exec p95 (s),,V2,0.0012146028903707283,0.0008917383488529615,1.5501489341669415e-05,10
auth1-owned-f1-qps2000-n4,attest. exec p99 (s),,V1,nan,nan,nan,10
auth1-owned-f1-qps2000-n4,attest. exec p99 (s),,V2,0.0035553677801391536,0.0006658415362778057,0.0001109779238001932,10
auth1-owned-f1-qps2000-n4,attest. wait p50 (s),,V1,nan,nan,nan,10
auth1-owned-f1-qps2000-n4,attest. wait p50 (s),,V2,0.00050489965427409,2.892557647097802e-06,1.9071029072307945e-07,10
auth1-owned-f1-qps2000-n4,attest. wait p95 (s),,V1,nan,nan,nan,10
auth1-owned-f1-qps2000-n4,attest. wait p95 (s),,V2,0.0009604636995349051,3.153350239697455e-05,1.2394324547906154e-06,10
auth1-owned-f1-qps2000-n4,attest. wait p99 (s),,V1,nan,nan,nan,10
auth1-owned-f1-qps2000-n4,attest. wait p99 (s),,V2,0.0015085008486975854,0.0007197721987708462,5.549651480162916e-05,10
auth1-owned-f1-qps2000-n4,attest. resume p50 (s),,V1,nan,nan,nan,10
auth1-owned-f1-qps2000-n4,attest. resume p50 (s),,V2,0.0005002994765695764,3.517774137333288e-07,4.108945878916626e-08,10
auth1-owned-f1-qps2000-n4,attest. resume p95 (s),,V1,nan,nan,nan,10
auth1-owned-f1-qps2000-n4,attest. resume p95 (s),,V2,0.0009505690054821953,6.683770860933125e-07,7.806997169942362e-08,10
auth1-owned-f1-qps2000-n4,attest. resume p99 (s),,V1,nan,nan,nan,10
auth1-owned-f1-qps2000-n4,attest. resume p99 (s),,V2,0.0009905929636077613,6.965192791919859e-07,8.135712840256928e-08,10
auth1-owned-f1-qps2000-n4,num_inflight,,V1,452.9,43.43144022479568,14.477146741598558,10
auth1-owned-f1-qps2000-n4,num_inflight,,V2,387.0,62.0644825967316,20.6881608655772,10
auth1-owned-f1-qps2000-n4,CUs,,V1,nan,nan,nan,10
auth1-owned-f1-qps2000-n4,CUs,,V2,1000.0,6.438678087247968e-14,0.0,10
auth1-owned-v1-qps2000-n4,TPS,,V1,1909.174731472765,886.313998840256,44.223587652497834,10
auth1-owned-v1-qps2000-n4,TPS,,V2,1978.4378598276494,912.8669548772955,18.881915251445886,10
auth1-owned-v1-qps2000-n4,attest. full p50 (s),,V1,nan,nan,nan,10
auth1-owned-v1-qps2000-n4,attest. full p50 (s),,V2,0.0005296262810571211,5.983363792097147e-06,8.195827853925936e-07,10
auth1-owned-v1-qps2000-n4,attest. full p95 (s),,V1,nan,nan,nan,10
auth1-owned-v1-qps2000-n4,attest. full p95 (s),,V2,0.001454190000431908,0.00047331527018363613,6.441829818093955e-05,10
auth1-owned-v1-qps2000-n4,attest. full p99 (s),,V1,nan,nan,nan,10
auth1-owned-v1-qps2000-n4,attest. full p99 (s),,V2,0.004263071457504372,0.00015482761149888404,2.0203941397644178e-05,10
auth1-owned-v1-qps2000-n4,attest. / sec,,V1,0.0,0.0,0.0,10
auth1-owned-v1-qps2000-n4,attest. / sec,,V2,2005.640589475614,228.08902033849367,17.05235871282482,10
auth1-owned-v1-qps2000-n4,host CPU,,V1,28.571362003970705,10.651155042219566,0.5744500086774911,10
auth1-owned-v1-qps2000-n4,host CPU,,V2,27.20566055672728,10.084689698489715,0.2429051379336175,10
auth1-owned-v1-qps2000-n4,rec. → exec. p50 (s),,V1,0.2835559166150397,0.037562272919517484,0.009280991746948146,10
auth1-owned-v1-qps2000-n4,rec. → exec. p50 (s),,V2,0.2079504936856558,0.015264629100356041,0.003941252326947618,10
auth1-owned-v1-qps2000-n4,rec. → exec. p95 (s),,V1,0.48490566495624027,0.024178838012518418,0.003533909419464325,10
auth1-owned-v1-qps2000-n4,rec. → exec. p95 (s),,V2,0.44608843520276525,0.040616568958187715,0.011760244217712325,10
auth1-owned-v1-qps2000-n4,rec. → exec. p99 (s),,V1,0.623050265456874,0.15488981244293934,0.029877543277715364,10
auth1-owned-v1-qps2000-n4,rec. → exec. p99 (s),,V2,0.4909395377297455,0.020167945780374428,0.003031817528543446,10
auth1-owned-v1-qps2000-n4,pc valid. lat. p50 (s),,V1,0.027613979711315663,0.007243107865552293,0.0018933944692806751,10
auth1-owned-v1-qps2000-n4,pc valid. lat. p50 (s),,V2,0.005000619481941466,0.0009463692835974492,0.00018606279549088003,10
auth1-owned-v1-qps2000-n4,pc valid. lat. p95 (s),,V1,0.09177280308591199,0.009667137648093198,0.000937488207918632,10
auth1-owned-v1-qps2000-n4,pc valid. lat. p95 (s),,V2,0.02266958097695743,0.001988795649917101,0.0002537138965677257,10
auth1-owned-v1-qps2000-n4,exec. lat. p95 (s),,V1,0.019885121461452392,0.0047869586533405405,0.000464816080982291,10
auth1-owned-v1-qps2000-n4,exec. lat. p95 (s),,V2,0.02027034637077078,0.005269999547175127,0.000497634538611318,10
auth1-owned-v1-qps2000-n4,valid. drop. / sec,,V1,0.0,0.0,0.0,10
auth1-owned-v1-qps2000-n4,valid. drop. / sec,,V2,0.0,0.0,0.0,10
auth1-owned-v1-qps2000-n4,final. lat. p50 (s),,V1,nan,nan,nan,10
auth1-owned-v1-qps2000-n4,final. lat. p50 (s),,V2,nan,nan,nan,10
auth1-owned-v1-qps2000-n4,final. lat. p95 (s),,V1,nan,nan,nan,10
auth1-owned-v1-qps2000-n4,final. lat. p95 (s),,V2,nan,nan,nan,10
auth1-owned-v1-qps2000-n4,final. lat. p99 (s),,V1,nan,nan,nan,10
auth1-owned-v1-qps2000-n4,final. lat. p99 (s),,V2,nan,nan,nan,10
auth1-owned-v1-qps2000-n4,submit lat. p50 (s),,V1,nan,nan,nan,10
auth1-owned-v1-qps2000-n4,submit lat. p50 (s),,V2,nan,nan,nan,10
auth1-owned-v1-qps2000-n4,submit lat. p95 (s),,V1,nan,nan,nan,10
auth1-owned-v1-qps2000-n4,submit lat. p95 (s),,V2,nan,nan,nan,10
auth1-owned-v1-qps2000-n4,ckpt lag p50 (s),,V1,0.9589628194669529,2.3955631550599987,0.25413313221326195,10
auth1-owned-v1-qps2000-n4,ckpt lag p50 (s),,V2,1.0990668354646458,2.580080081098562,0.27060127755311103,10
auth1-owned-v1-qps2000-n4,ckpt lag p95 (s),,V1,1.9398621593542746,4.652489635087156,0.560753045256845,10
auth1-owned-v1-qps2000-n4,ckpt lag p95 (s),,V2,2.627781482456853,5.115911487451432,0.4852673488035909,10
auth1-owned-v1-qps2000-n4,ckpt lag p99 (s),,V1,2.301441709659516,5.29613049421405,0.6457636771749338,10
auth1-owned-v1-qps2000-n4,ckpt lag p99 (s),,V2,2.9923464487847946,5.654421659470628,0.5372821869966047,10
auth1-owned-v1-qps2000-n4,exec. dispatch queue,,V1,656.0,221.54773751947909,73.84924583982635,10
auth1-owned-v1-qps2000-n4,exec. dispatch queue,,V2,1034.1,304.49382588157675,101.4979419605256,10
auth1-owned-v1-qps2000-n4,pending txs,,V1,17.7,21.02403386603056,7.008011288676853,10
auth1-owned-v1-qps2000-n4,pending txs,,V2,18.2,9.130169768410662,3.043389922803554,10
auth1-owned-v1-qps2000-n4,exec. queue. delay p95 (s),,V1,0.08594503357744873,0.059208601675867355,0.009213406987375553,10
auth1-owned-v1-qps2000-n4,exec. queue. delay p95 (s),,V2,0.12269772963883167,0.07273403266912108,0.009445156286269353,10
auth1-owned-v1-qps2000-n4,post-cons shed drops / sec,,V1,10.490151931173347,34.133785291130486,4.644093542735449,10
auth1-owned-v1-qps2000-n4,post-cons shed drops / sec,,V2,3.086826182618262,21.40455398786356,3.0665846994535517,10
auth1-owned-v1-qps2000-n4,shed % quorum,,V1,3.8,5.192301994298868,1.730767331432956,10
auth1-owned-v1-qps2000-n4,shed % quorum,,V2,1.1,3.3,1.0999999999999999,10
auth1-owned-v1-qps2000-n4,shed % local,,V1,9.4,7.472616676907762,2.4908722256359206,10
auth1-owned-v1-qps2000-n4,shed % local,,V2,8.1,7.133722730804723,2.377907576934908,10
auth1-owned-v1-qps2000-n4,shed % cons-queue,,V1,0.0,0.0,0.0,10
auth1-owned-v1-qps2000-n4,shed % cons-queue,,V2,0.0,0.0,0.0,10
auth1-owned-v1-qps2000-n4,pre-cons overload rej / sec,,V1,nan,nan,nan,10
auth1-owned-v1-qps2000-n4,pre-cons overload rej / sec,,V2,nan,nan,nan,10
auth1-owned-v1-qps2000-n4,node CPU,,V1,7.382221508191015,1.5322659878696945,0.1634326495770252,10
auth1-owned-v1-qps2000-n4,node CPU,,V2,7.559482065091604,1.2900491799231595,0.06015730589424516,10
auth1-owned-v1-qps2000-n4,node memory RSS (bytes),,V1,1527821847.1225805,597347446.294561,11919406.847246408,10
auth1-owned-v1-qps2000-n4,node memory RSS (bytes),,V2,1645101129.2617886,648589365.0340625,8054147.762695059,10
auth1-owned-v1-qps2000-n4,overload graduated / sec,,V1,nan,nan,nan,10
auth1-owned-v1-qps2000-n4,overload graduated / sec,,V2,nan,nan,nan,10
auth1-owned-v1-qps2000-n4,overload max-pending / sec,,V1,nan,nan,nan,10
auth1-owned-v1-qps2000-n4,overload max-pending / sec,,V2,nan,nan,nan,10
auth1-owned-v1-qps2000-n4,overload semaphore / sec,,V1,nan,nan,nan,10
auth1-owned-v1-qps2000-n4,overload semaphore / sec,,V2,nan,nan,nan,10
auth1-owned-v1-qps2000-n4,attest. exec p50 (s),,V1,nan,nan,nan,10
auth1-owned-v1-qps2000-n4,attest. exec p50 (s),,V2,0.0005043695340917146,1.281339893474751e-06,1.780705944430986e-07,10
auth1-owned-v1-qps2000-n4,attest. exec p95 (s),,V1,nan,nan,nan,10
auth1-owned-v1-qps2000-n4,attest. exec p95 (s),,V2,0.0009583021147742575,2.4345457976020233e-06,3.383341294418826e-07,10
auth1-owned-v1-qps2000-n4,attest. exec p99 (s),,V1,nan,nan,nan,10
auth1-owned-v1-qps2000-n4,attest. exec p99 (s),,V2,0.001170726243297774,0.00032246205452382857,3.714772380066645e-05,10
auth1-owned-v1-qps2000-n4,attest. wait p50 (s),,V1,nan,nan,nan,10
auth1-owned-v1-qps2000-n4,attest. wait p50 (s),,V2,0.0005019762460437189,7.054211142740739e-07,9.322206975461698e-08,10
auth1-owned-v1-qps2000-n4,attest. wait p95 (s),,V1,nan,nan,nan,10
auth1-owned-v1-qps2000-n4,attest. wait p95 (s),,V2,0.0009537548674830659,1.3403001171207416e-06,1.7712193253380274e-07,10
auth1-owned-v1-qps2000-n4,attest. wait p99 (s),,V1,nan,nan,nan,10
auth1-owned-v1-qps2000-n4,attest. wait p99 (s),,V2,0.0009939129671665632,1.3967338062626655e-06,1.8457969811414787e-07,10
auth1-owned-v1-qps2000-n4,attest. resume p50 (s),,V1,nan,nan,nan,10
auth1-owned-v1-qps2000-n4,attest. resume p50 (s),,V2,0.0005002279105563621,2.1090532906262252e-07,3.746602081269697e-08,10
auth1-owned-v1-qps2000-n4,attest. resume p95 (s),,V1,nan,nan,nan,10
auth1-owned-v1-qps2000-n4,attest. resume p95 (s),,V2,0.0009504330300570882,4.007201252189727e-07,7.118543954412509e-08,10
auth1-owned-v1-qps2000-n4,attest. resume p99 (s),,V1,nan,nan,nan,10
auth1-owned-v1-qps2000-n4,attest. resume p99 (s),,V2,0.000990451262901597,4.1759255154398553e-07,7.418272120915258e-08,10
auth1-owned-v1-qps2000-n4,num_inflight,,V1,894.0,153.18942522250026,51.063141740833416,10
auth1-owned-v1-qps2000-n4,num_inflight,,V2,820.9,32.788565079917724,10.929521693305908,10
auth1-owned-v1-qps2000-n4,CUs,,V1,nan,nan,nan,10
auth1-owned-v1-qps2000-n4,CUs,,V2,1000.0,6.12675068874145e-14,0.0,10
auth1-owned-v4-qps2000-n4,TPS,,V1,1832.0484097565438,1144.310982771628,60.451215293501605,10
auth1-owned-v4-qps2000-n4,TPS,,V2,1990.2326701053842,406.0043623060679,29.077213383740943,10
auth1-owned-v4-qps2000-n4,attest. full p50 (s),,V1,nan,nan,nan,10
auth1-owned-v4-qps2000-n4,attest. full p50 (s),,V2,0.0005399045773848366,9.3131925978203e-06,1.2685590066195853e-06,10
auth1-owned-v4-qps2000-n4,attest. full p95 (s),,V1,nan,nan,nan,10
auth1-owned-v4-qps2000-n4,attest. full p95 (s),,V2,0.00218227972700876,0.00055879617015078,7.145785341280434e-05,10
auth1-owned-v4-qps2000-n4,attest. full p99 (s),,V1,nan,nan,nan,10
auth1-owned-v4-qps2000-n4,attest. full p99 (s),,V2,0.004432143282109478,0.00012936366954048953,1.4473314812354886e-05,10
auth1-owned-v4-qps2000-n4,attest. / sec,,V1,0.0,0.0,0.0,10
auth1-owned-v4-qps2000-n4,attest. / sec,,V2,996.4058968123218,69.6393181067201,2.6159723470511063,10
auth1-owned-v4-qps2000-n4,host CPU,,V1,27.522689880953276,10.940746581935887,0.6389294720682226,10
auth1-owned-v4-qps2000-n4,host CPU,,V2,28.45921807305793,10.296155554441834,0.2571948189643688,10
auth1-owned-v4-qps2000-n4,rec. → exec. p50 (s),,V1,0.2839941011586001,0.03940122595717216,0.008377359961869819,10
auth1-owned-v4-qps2000-n4,rec. → exec. p50 (s),,V2,0.2070359215623068,0.04372415865378039,0.008623772978452815,10
auth1-owned-v4-qps2000-n4,rec. → exec. p95 (s),,V1,0.48607805964265627,0.0249085080163564,0.0034024074334081866,10
auth1-owned-v4-qps2000-n4,rec. → exec. p95 (s),,V2,0.4032449374608745,0.08238934338957021,0.02379379467694146,10
auth1-owned-v4-qps2000-n4,rec. → exec. p99 (s),,V1,0.6401513994830054,0.15634385471575624,0.023783353050786417,10
auth1-owned-v4-qps2000-n4,rec. → exec. p99 (s),,V2,0.4769589309588449,0.033604321568550456,0.0065248548294023065,10
auth1-owned-v4-qps2000-n4,pc valid. lat. p50 (s),,V1,0.02655207115565044,0.006647266463855153,0.0016017159059371813,10
auth1-owned-v4-qps2000-n4,pc valid. lat. p50 (s),,V2,0.005593202112404559,0.000509181235834443,0.00010161376505754412,10
auth1-owned-v4-qps2000-n4,pc valid. lat. p95 (s),,V1,0.08713887128736915,0.01540150952944027,0.002209349235660582,10
auth1-owned-v4-qps2000-n4,pc valid. lat. p95 (s),,V2,0.01758047638276419,0.002885984878876731,0.0005548048722473915,10
auth1-owned-v4-qps2000-n4,exec. lat. p95 (s),,V1,0.018388327691935893,0.006508372524755503,0.0005921654009179021,10
auth1-owned-v4-qps2000-n4,exec. lat. p95 (s),,V2,0.0214213375222473,0.00313254467838831,0.0003786508451009349,10
auth1-owned-v4-qps2000-n4,valid. drop. / sec,,V1,0.0,0.0,0.0,10
auth1-owned-v4-qps2000-n4,valid. drop. / sec,,V2,0.0,0.0,0.0,10
auth1-owned-v4-qps2000-n4,final. lat. p50 (s),,V1,nan,nan,nan,10
auth1-owned-v4-qps2000-n4,final. lat. p50 (s),,V2,nan,nan,nan,10
auth1-owned-v4-qps2000-n4,final. lat. p95 (s),,V1,nan,nan,nan,10
auth1-owned-v4-qps2000-n4,final. lat. p95 (s),,V2,nan,nan,nan,10
auth1-owned-v4-qps2000-n4,final. lat. p99 (s),,V1,nan,nan,nan,10
auth1-owned-v4-qps2000-n4,final. lat. p99 (s),,V2,nan,nan,nan,10
auth1-owned-v4-qps2000-n4,submit lat. p50 (s),,V1,nan,nan,nan,10
auth1-owned-v4-qps2000-n4,submit lat. p50 (s),,V2,nan,nan,nan,10
auth1-owned-v4-qps2000-n4,submit lat. p95 (s),,V1,nan,nan,nan,10
auth1-owned-v4-qps2000-n4,submit lat. p95 (s),,V2,nan,nan,nan,10
auth1-owned-v4-qps2000-n4,ckpt lag p50 (s),,V1,1.4870951832108055,3.0241512928007177,0.3778226367938315,10
auth1-owned-v4-qps2000-n4,ckpt lag p50 (s),,V2,0.41371570128802004,1.2689328668353697,0.14286576383037947,10
auth1-owned-v4-qps2000-n4,ckpt lag p95 (s),,V1,3.1203510770297873,5.836816849942735,0.7653392291240146,10
auth1-owned-v4-qps2000-n4,ckpt lag p95 (s),,V2,0.8434328636414398,2.464674643474978,0.31530670128819044,10
auth1-owned-v4-qps2000-n4,ckpt lag p99 (s),,V1,3.541948379978334,6.507022451034205,0.8539034675653613,10
auth1-owned-v4-qps2000-n4,ckpt lag p99 (s),,V2,0.9649657553913709,2.751340366071944,0.3540524108791674,10
auth1-owned-v4-qps2000-n4,exec. dispatch queue,,V1,877.8,214.3682812358209,71.45609374527362,10
auth1-owned-v4-qps2000-n4,exec. dispatch queue,,V2,716.0,259.02084858173095,86.34028286057698,10
auth1-owned-v4-qps2000-n4,pending txs,,V1,44.9,62.70478450644735,20.90159483548245,10
auth1-owned-v4-qps2000-n4,pending txs,,V2,10.4,5.535341001239219,1.84511366707974,10
auth1-owned-v4-qps2000-n4,exec. queue. delay p95 (s),,V1,0.10619581574632211,0.07317348606281406,0.008917556820612894,10
auth1-owned-v4-qps2000-n4,exec. queue. delay p95 (s),,V2,0.08287242792487085,0.048220242179874515,0.010983282066913456,10
auth1-owned-v4-qps2000-n4,post-cons shed drops / sec,,V1,10.77272560863994,35.68734073122678,4.716909596811677,10
auth1-owned-v4-qps2000-n4,post-cons shed drops / sec,,V2,0.0,0.0,0.0,10
auth1-owned-v4-qps2000-n4,shed % quorum,,V1,5.1,6.759437846448475,2.2531459488161585,10
auth1-owned-v4-qps2000-n4,shed % quorum,,V2,0.0,0.0,0.0,10
auth1-owned-v4-qps2000-n4,shed % local,,V1,18.1,23.19676701611671,7.732255672038903,10
auth1-owned-v4-qps2000-n4,shed % local,,V2,4.9,5.223983154643591,1.7413277182145301,10
auth1-owned-v4-qps2000-n4,shed % cons-queue,,V1,0.0,0.0,0.0,10
auth1-owned-v4-qps2000-n4,shed % cons-queue,,V2,0.0,0.0,0.0,10
auth1-owned-v4-qps2000-n4,pre-cons overload rej / sec,,V1,nan,nan,nan,10
auth1-owned-v4-qps2000-n4,pre-cons overload rej / sec,,V2,nan,nan,nan,10
auth1-owned-v4-qps2000-n4,node CPU,,V1,6.338133997227359,1.3331472096764392,0.15901105331113738,10
auth1-owned-v4-qps2000-n4,node CPU,,V2,6.645509718847922,1.095510794411024,0.05508269153278675,10
auth1-owned-v4-qps2000-n4,node memory RSS (bytes),,V1,1548809961.631068,611783398.3947487,7583558.093284913,10
auth1-owned-v4-qps2000-n4,node memory RSS (bytes),,V2,1583297043.948052,615684736.7569269,15575284.889845109,10
auth1-owned-v4-qps2000-n4,overload graduated / sec,,V1,nan,nan,nan,10
auth1-owned-v4-qps2000-n4,overload graduated / sec,,V2,nan,nan,nan,10
auth1-owned-v4-qps2000-n4,overload max-pending / sec,,V1,nan,nan,nan,10
auth1-owned-v4-qps2000-n4,overload max-pending / sec,,V2,nan,nan,nan,10
auth1-owned-v4-qps2000-n4,overload semaphore / sec,,V1,nan,nan,nan,10
auth1-owned-v4-qps2000-n4,overload semaphore / sec,,V2,nan,nan,nan,10
auth1-owned-v4-qps2000-n4,attest. exec p50 (s),,V1,nan,nan,nan,10
auth1-owned-v4-qps2000-n4,attest. exec p50 (s),,V2,0.0005052831985677084,1.833186906289028e-06,1.6713069869607138e-07,10
auth1-owned-v4-qps2000-n4,attest. exec p95 (s),,V1,nan,nan,nan,10
auth1-owned-v4-qps2000-n4,attest. exec p95 (s),,V2,0.000960038077278646,3.4830551219491587e-06,3.175483275225388e-07,10
auth1-owned-v4-qps2000-n4,attest. exec p99 (s),,V1,nan,nan,nan,10
auth1-owned-v4-qps2000-n4,attest. exec p99 (s),,V2,0.0014062247520507773,0.0005769126534909835,5.936358754356189e-05,10
auth1-owned-v4-qps2000-n4,attest. wait p50 (s),,V1,nan,nan,nan,10
auth1-owned-v4-qps2000-n4,attest. wait p50 (s),,V2,0.0005012582298324673,4.658767586401547e-07,5.7599426550121405e-08,10
auth1-owned-v4-qps2000-n4,attest. wait p95 (s),,V1,nan,nan,nan,10
auth1-owned-v4-qps2000-n4,attest. wait p95 (s),,V2,0.000952390636681688,8.851658414162975e-07,1.094389104452395e-07,10
auth1-owned-v4-qps2000-n4,attest. wait p99 (s),,V1,nan,nan,nan,10
auth1-owned-v4-qps2000-n4,attest. wait p99 (s),,V2,0.0009924912950682854,9.224359821075132e-07,1.1404686456923424e-07,10
auth1-owned-v4-qps2000-n4,attest. resume p50 (s),,V1,nan,nan,nan,10
auth1-owned-v4-qps2000-n4,attest. resume p50 (s),,V2,0.0005001030783104061,1.0988748482320474e-07,1.3576509028363592e-08,10
auth1-owned-v4-qps2000-n4,attest. resume p95 (s),,V1,nan,nan,nan,10
auth1-owned-v4-qps2000-n4,attest. resume p95 (s),,V2,0.0009501958487897716,2.0878622116408117e-07,2.5795367153913842e-08,10
auth1-owned-v4-qps2000-n4,attest. resume p99 (s),,V1,nan,nan,nan,10
auth1-owned-v4-qps2000-n4,attest. resume p99 (s),,V2,0.0009902040950546041,2.1757721994994363e-07,2.6881487876178687e-08,10
auth1-owned-v4-qps2000-n4,num_inflight,,V1,485.1,40.337203671052855,13.445734557017618,10
auth1-owned-v4-qps2000-n4,num_inflight,,V2,393.8,70.49085047011421,23.496950156704735,10
auth1-owned-v4-qps2000-n4,CUs,,V1,nan,nan,nan,10
auth1-owned-v4-qps2000-n4,CUs,,V2,1000.0,5.945246760340674e-14,0.0,10
auth5-owned-f1-qps200-n4,TPS,,V1,216.44355639314549,32.51913639492835,5.416514421413589,10
auth5-owned-f1-qps200-n4,TPS,,V2,221.6289269896289,2.9714174164181144,0.21715193387689213,10
auth5-owned-f1-qps200-n4,attest. full p50 (s),,V1,nan,nan,nan,10
auth5-owned-f1-qps200-n4,attest. full p50 (s),,V2,0.002993010398368027,5.484582150661353e-06,8.40853590304442e-07,10
auth5-owned-f1-qps200-n4,attest. full p95 (s),,V1,nan,nan,nan,10
auth5-owned-f1-qps200-n4,attest. full p95 (s),,V2,0.004799301039836802,5.484582150661804e-07,8.408535903042053e-08,10
auth5-owned-f1-qps200-n4,attest. full p99 (s),,V1,nan,nan,nan,10
auth5-owned-f1-qps200-n4,attest. full p99 (s),,V2,0.00495986020796736,1.0969164301322927e-07,1.6817071806101798e-08,10
auth5-owned-f1-qps200-n4,attest. / sec,,V1,0.0,0.0,0.0,10
auth5-owned-f1-qps200-n4,attest. / sec,,V2,97.96257874611427,5.982418803927087,0.7079646631835834,10
auth5-owned-f1-qps200-n4,host CPU,,V1,8.23568973749294,3.113437479098275,0.15125530624606126,10
auth5-owned-f1-qps200-n4,host CPU,,V2,7.697814517705788,2.8481985261493583,0.03161350354530212,10
auth5-owned-f1-qps200-n4,rec. → exec. p50 (s),,V1,0.22164639108112025,0.04727382017693917,0.007949035558756225,10
auth5-owned-f1-qps200-n4,rec. → exec. p50 (s),,V2,0.19510478506462434,0.0348451889288052,0.0038311724702749174,10
auth5-owned-f1-qps200-n4,rec. → exec. p95 (s),,V1,0.438363523115213,0.06773242908215657,0.017749369038936706,10
auth5-owned-f1-qps200-n4,rec. → exec. p95 (s),,V2,0.37570729763361604,0.09071108646524598,0.024710860772452232,10
auth5-owned-f1-qps200-n4,rec. → exec. p99 (s),,V1,0.4817752213989112,0.07172891063685209,0.015566931141186128,10
auth5-owned-f1-qps200-n4,rec. → exec. p99 (s),,V2,0.42951108843502017,0.09811243208885749,0.030782997578747025,10
auth5-owned-f1-qps200-n4,pc valid. lat. p50 (s),,V1,0.010433105945850316,0.001909407210873515,0.00037717244651373115,10
auth5-owned-f1-qps200-n4,pc valid. lat. p50 (s),,V2,0.000622064022546191,3.0955453456850923e-05,6.2338050060131715e-06,10
auth5-owned-f1-qps200-n4,pc valid. lat. p95 (s),,V1,0.032077787776729656,0.006345875226448555,0.0013541058457076035,10
auth5-owned-f1-qps200-n4,pc valid. lat. p95 (s),,V2,0.003923598468457293,0.0001990816642312002,1.5899828590655762e-05,10
auth5-owned-f1-qps200-n4,exec. lat. p95 (s),,V1,0.008146512436470875,0.0009263236875446359,0.00013145918462286152,10
auth5-owned-f1-qps200-n4,exec. lat. p95 (s),,V2,0.00818538254801815,0.00042619818111371303,7.33436026459514e-05,10
auth5-owned-f1-qps200-n4,valid. drop. / sec,,V1,0.0,0.0,0.0,10
auth5-owned-f1-qps200-n4,valid. drop. / sec,,V2,0.0,0.0,0.0,10
auth5-owned-f1-qps200-n4,final. lat. p50 (s),,V1,0.2119338130936191,0.011160196269009198,0.002580022880986015,10
auth5-owned-f1-qps200-n4,final. lat. p50 (s),,V2,0.18436083968155204,0.006387198286378055,0.0018005364307084185,10
auth5-owned-f1-qps200-n4,final. lat. p95 (s),,V1,0.32336179579443364,0.04696581811912219,0.01340406596665443,10
auth5-owned-f1-qps200-n4,final. lat. p95 (s),,V2,0.29105828941714373,0.042255569286032406,0.012750952527626085,10
auth5-owned-f1-qps200-n4,final. lat. p99 (s),,V1,0.3793430944602444,0.06897832450798012,0.019144625296764712,10
auth5-owned-f1-qps200-n4,final. lat. p99 (s),,V2,0.3407897834496541,0.06259977984509861,0.018533018902668386,10
auth5-owned-f1-qps200-n4,submit lat. p50 (s),,V1,0.02339242706240186,0.002392302190934226,0.0003601771133703899,10
auth5-owned-f1-qps200-n4,submit lat. p50 (s),,V2,0.02532695905157325,0.0017361985575106214,0.00022349746593809794,10
auth5-owned-f1-qps200-n4,submit lat. p95 (s),,V1,0.047291411471450065,0.00030183355212320696,5.037668230033172e-05,10
auth5-owned-f1-qps200-n4,submit lat. p95 (s),,V2,0.047521647761425104,0.0002009930177395982,2.6399399141105715e-05,10
auth5-owned-f1-qps200-n4,ckpt lag p50 (s),,V1,0.17433224113882237,0.0033132541966522187,0.0004891272673822911,10
auth5-owned-f1-qps200-n4,ckpt lag p50 (s),,V2,0.17141533480221927,0.004229938755257486,0.0010841378900864184,10
auth5-owned-f1-qps200-n4,ckpt lag p95 (s),,V1,0.26861400204631775,0.04126151637120222,0.010504751064183656,10
auth5-owned-f1-qps200-n4,ckpt lag p95 (s),,V2,0.25711226009315336,0.037364271538618,0.010280181115167805,10
auth5-owned-f1-qps200-n4,ckpt lag p99 (s),,V1,0.32156401279522057,0.06063295550460346,0.014598264601544099,10
auth5-owned-f1-qps200-n4,ckpt lag p99 (s),,V2,0.3068246193648673,0.0530478689504291,0.01455085260435871,10
auth5-owned-f1-qps200-n4,exec. dispatch queue,,V1,11.0,14.198591479439079,4.732863826479693,10
auth5-owned-f1-qps200-n4,exec. dispatch queue,,V2,6.0,8.246211251235321,2.748737083745107,10
auth5-owned-f1-qps200-n4,pending txs,,V1,1.0,1.8439088914585775,0.6146362971528591,10
auth5-owned-f1-qps200-n4,pending txs,,V2,1.0,1.3416407864998738,0.4472135954999579,10
auth5-owned-f1-qps200-n4,exec. queue. delay p95 (s),,V1,0.000475,3.655564164694991e-20,1.2777445139028117e-20,10
auth5-owned-f1-qps200-n4,exec. queue. delay p95 (s),,V2,0.000475,3.710538139174548e-20,1.1428494363856447e-20,10
auth5-owned-f1-qps200-n4,post-cons shed drops / sec,,V1,0.0,0.0,0.0,10
auth5-owned-f1-qps200-n4,post-cons shed drops / sec,,V2,0.0,0.0,0.0,10
auth5-owned-f1-qps200-n4,shed % quorum,,V1,0.0,0.0,0.0,10
auth5-owned-f1-qps200-n4,shed % quorum,,V2,0.0,0.0,0.0,10
auth5-owned-f1-qps200-n4,shed % local,,V1,0.0,0.0,0.0,10
auth5-owned-f1-qps200-n4,shed % local,,V2,0.0,0.0,0.0,10
auth5-owned-f1-qps200-n4,shed % cons-queue,,V1,0.0,0.0,0.0,10
auth5-owned-f1-qps200-n4,shed % cons-queue,,V2,0.0,0.0,0.0,10
auth5-owned-f1-qps200-n4,pre-cons overload rej / sec,,V1,nan,nan,nan,10
auth5-owned-f1-qps200-n4,pre-cons overload rej / sec,,V2,nan,nan,nan,10
auth5-owned-f1-qps200-n4,node CPU,,V1,1.5340225393844136,0.262970864425456,0.031943496787232385,10
auth5-owned-f1-qps200-n4,node CPU,,V2,1.3825325398202415,0.18347499549624727,0.005035123320689073,10
auth5-owned-f1-qps200-n4,node memory RSS (bytes),,V1,532065956.2920204,84687037.46965182,5323118.667236129,10
auth5-owned-f1-qps200-n4,node memory RSS (bytes),,V2,525880641.62988114,85520363.44938526,4847774.366510431,10
auth5-owned-f1-qps200-n4,overload graduated / sec,,V1,nan,nan,nan,10
auth5-owned-f1-qps200-n4,overload graduated / sec,,V2,nan,nan,nan,10
auth5-owned-f1-qps200-n4,overload max-pending / sec,,V1,nan,nan,nan,10
auth5-owned-f1-qps200-n4,overload max-pending / sec,,V2,nan,nan,nan,10
auth5-owned-f1-qps200-n4,overload semaphore / sec,,V1,nan,nan,nan,10
auth5-owned-f1-qps200-n4,overload semaphore / sec,,V2,nan,nan,nan,10
auth5-owned-f1-qps200-n4,attest. exec p50 (s),,V1,nan,nan,nan,10
auth5-owned-f1-qps200-n4,attest. exec p50 (s),,V2,0.0029911277096672266,6.600894711810798e-06,1.0132225163455268e-06,10
auth5-owned-f1-qps200-n4,attest. exec p95 (s),,V1,nan,nan,nan,10
auth5-owned-f1-qps200-n4,attest. exec p95 (s),,V2,0.004799112770966723,6.600894711810958e-07,1.0132225163455143e-07,10
auth5-owned-f1-qps200-n4,attest. exec p99 (s),,V1,nan,nan,nan,10
auth5-owned-f1-qps200-n4,attest. exec p99 (s),,V2,0.004959822554193345,1.3201789423622812e-07,2.0264450327016683e-08,10
auth5-owned-f1-qps200-n4,attest. wait p50 (s),,V1,nan,nan,nan,10
auth5-owned-f1-qps200-n4,attest. wait p50 (s),,V2,0.0005001648389283716,4.461360581279715e-07,6.249821316440322e-08,10
auth5-owned-f1-qps200-n4,attest. wait p95 (s),,V1,nan,nan,nan,10
auth5-owned-f1-qps200-n4,attest. wait p95 (s),,V2,0.0009503131939639063,8.476585104431405e-07,1.1874660501236468e-07,10
auth5-owned-f1-qps200-n4,attest. wait p99 (s),,V1,nan,nan,nan,10
auth5-owned-f1-qps200-n4,attest. wait p99 (s),,V2,0.0009903263810781757,8.833493950933848e-07,1.2374646206551796e-07,10
auth5-owned-f1-qps200-n4,attest. resume p50 (s),,V1,nan,nan,nan,10
auth5-owned-f1-qps200-n4,attest. resume p50 (s),,V2,0.0005000303306830945,1.6829983243001244e-07,2.1727432057822425e-08,10
auth5-owned-f1-qps200-n4,attest. resume p95 (s),,V1,nan,nan,nan,10
auth5-owned-f1-qps200-n4,attest. resume p95 (s),,V2,0.0009500576282978794,3.197696816170122e-07,4.128212090985183e-08,10
auth5-owned-f1-qps200-n4,attest. resume p99 (s),,V1,nan,nan,nan,10
auth5-owned-f1-qps200-n4,attest. resume p99 (s),,V2,0.0009900600547525268,3.332336682114137e-07,4.302031547447596e-08,10
auth5-owned-f1-qps200-n4,num_inflight,,V1,44.6,6.7852781814749505,2.2617593938249834,10
auth5-owned-f1-qps200-n4,num_inflight,,V2,37.1,7.006425622241344,2.3354752074137815,10
auth5-owned-f1-qps200-n4,CUs,,V1,nan,nan,nan,10
auth5-owned-f1-qps200-n4,CUs,,V2,1000.0,7.332091916569949e-14,0.0,10
auth5-owned-v1-qps200-n4,TPS,,V1,202.9222839856107,100.45264501184099,10.495482230622123,10
auth5-owned-v1-qps200-n4,TPS,,V2,213.19918821658717,46.619631731727445,5.9472262760916665,10
auth5-owned-v1-qps200-n4,attest. full p50 (s),,V1,nan,nan,nan,10
auth5-owned-v1-qps200-n4,attest. full p50 (s),,V2,0.0029920773861104298,5.618190217380158e-06,7.843530648519349e-07,10
auth5-owned-v1-qps200-n4,attest. full p95 (s),,V1,nan,nan,nan,10
auth5-owned-v1-qps200-n4,attest. full p95 (s),,V2,0.004799301074743621,7.003069421173906e-07,7.825865959356516e-08,10
auth5-owned-v1-qps200-n4,attest. full p99 (s),,V1,nan,nan,nan,10
auth5-owned-v1-qps200-n4,attest. full p99 (s),,V2,0.004959943180399905,4.54214733490906e-07,4.9074288921134916e-08,10
auth5-owned-v1-qps200-n4,attest. / sec,,V1,0.0,0.0,0.0,10
auth5-owned-v1-qps200-n4,attest. / sec,,V2,198.19742307585014,18.667153900780466,0.5734783922837012,10
auth5-owned-v1-qps200-n4,host CPU,,V1,7.617638417658361,2.880830057690599,0.12813744260982526,10
auth5-owned-v1-qps200-n4,host CPU,,V2,7.104264050103012,2.60604178073438,0.09026145696234915,10
auth5-owned-v1-qps200-n4,rec. → exec. p50 (s),,V1,0.19023247704763394,0.011270989904247157,0.0029324294094692015,10
auth5-owned-v1-qps200-n4,rec. → exec. p50 (s),,V2,0.187540757579446,0.00937895544090065,0.0026565739203821864,10
auth5-owned-v1-qps200-n4,rec. → exec. p95 (s),,V1,0.3893691286983698,0.08099905199526539,0.02487912336464459,10
auth5-owned-v1-qps200-n4,rec. → exec. p95 (s),,V2,0.37855687302990126,0.0845077810264586,0.02694947696357667,10
auth5-owned-v1-qps200-n4,rec. → exec. p99 (s),,V1,0.4475936454901331,0.10690187845997297,0.030882488801978428,10
auth5-owned-v1-qps200-n4,rec. → exec. p99 (s),,V2,0.44904611530834626,0.08228671093461266,0.024839620010446962,10
auth5-owned-v1-qps200-n4,pc valid. lat. p50 (s),,V1,0.006318385391392678,0.0014773758725235488,0.00030762591614688856,10
auth5-owned-v1-qps200-n4,pc valid. lat. p50 (s),,V2,0.0005026307652536001,4.58544448986482e-05,1.0484774030847802e-05,10
auth5-owned-v1-qps200-n4,pc valid. lat. p95 (s),,V1,0.0452759693869505,0.0013685659676483562,0.00029432927031496406,10
auth5-owned-v1-qps200-n4,pc valid. lat. p95 (s),,V2,0.004293179481248174,7.597633635980542e-05,1.4663507127043773e-05,10
auth5-owned-v1-qps200-n4,exec. lat. p95 (s),,V1,0.008403884866877683,0.002636595318901876,0.00011532577793386983,10
auth5-owned-v1-qps200-n4,exec. lat. p95 (s),,V2,0.008473182908682136,0.0013257710941286906,0.0001235014778795021,10
auth5-owned-v1-qps200-n4,valid. drop. / sec,,V1,0.0,0.0,0.0,10
auth5-owned-v1-qps200-n4,valid. drop. / sec,,V2,0.0,0.0,0.0,10
auth5-owned-v1-qps200-n4,final. lat. p50 (s),,V1,nan,nan,nan,10
auth5-owned-v1-qps200-n4,final. lat. p50 (s),,V2,nan,nan,nan,10
auth5-owned-v1-qps200-n4,final. lat. p95 (s),,V1,nan,nan,nan,10
auth5-owned-v1-qps200-n4,final. lat. p95 (s),,V2,nan,nan,nan,10
auth5-owned-v1-qps200-n4,final. lat. p99 (s),,V1,nan,nan,nan,10
auth5-owned-v1-qps200-n4,final. lat. p99 (s),,V2,nan,nan,nan,10
auth5-owned-v1-qps200-n4,submit lat. p50 (s),,V1,nan,nan,nan,10
auth5-owned-v1-qps200-n4,submit lat. p50 (s),,V2,nan,nan,nan,10
auth5-owned-v1-qps200-n4,submit lat. p95 (s),,V1,nan,nan,nan,10
auth5-owned-v1-qps200-n4,submit lat. p95 (s),,V2,nan,nan,nan,10
auth5-owned-v1-qps200-n4,ckpt lag p50 (s),,V1,1.2649551029985766,4.032393814231231,1.0422082356312619,10
auth5-owned-v1-qps200-n4,ckpt lag p50 (s),,V2,0.37029040028283977,1.5802809599040624,0.2311414567623726,10
auth5-owned-v1-qps200-n4,ckpt lag p95 (s),,V1,2.2579937319955246,7.112812811403383,1.7924495479552365,10
auth5-owned-v1-qps200-n4,ckpt lag p95 (s),,V2,0.5709917986149103,2.399679165645506,0.35801151220244176,10
auth5-owned-v1-qps200-n4,ckpt lag p99 (s),,V1,2.5046800730462637,7.794577674905728,1.9369138684478537,10
auth5-owned-v1-qps200-n4,ckpt lag p99 (s),,V2,0.6219808383480452,2.4748946980238986,0.3685963410313489,10
auth5-owned-v1-qps200-n4,exec. dispatch queue,,V1,11.4,18.874321179846444,6.291440393282148,10
auth5-owned-v1-qps200-n4,exec. dispatch queue,,V2,6.1,7.091544260596559,2.3638480868655196,10
auth5-owned-v1-qps200-n4,pending txs,,V1,1.8,1.98997487421324,0.6633249580710799,10
auth5-owned-v1-qps200-n4,pending txs,,V2,2.4,2.1540659228538015,0.7180219742846004,10
auth5-owned-v1-qps200-n4,exec. queue. delay p95 (s),,V1,0.00047741581430732743,2.739600126451185e-05,2.374002136623678e-06,10
auth5-owned-v1-qps200-n4,exec. queue. delay p95 (s),,V2,0.0005178508191998367,0.00013220129898846303,2.397163071879428e-05,10
auth5-owned-v1-qps200-n4,post-cons shed drops / sec,,V1,0.0,0.0,0.0,10
auth5-owned-v1-qps200-n4,post-cons shed drops / sec,,V2,0.0,0.0,0.0,10
auth5-owned-v1-qps200-n4,shed % quorum,,V1,0.0,0.0,0.0,10
auth5-owned-v1-qps200-n4,shed % quorum,,V2,0.0,0.0,0.0,10
auth5-owned-v1-qps200-n4,shed % local,,V1,0.0,0.0,0.0,10
auth5-owned-v1-qps200-n4,shed % local,,V2,0.0,0.0,0.0,10
auth5-owned-v1-qps200-n4,shed % cons-queue,,V1,0.0,0.0,0.0,10
auth5-owned-v1-qps200-n4,shed % cons-queue,,V2,0.0,0.0,0.0,10
auth5-owned-v1-qps200-n4,pre-cons overload rej / sec,,V1,nan,nan,nan,10
auth5-owned-v1-qps200-n4,pre-cons overload rej / sec,,V2,nan,nan,nan,10
auth5-owned-v1-qps200-n4,node CPU,,V1,1.6770763926556354,0.25593191802575443,0.01834050290415894,10
auth5-owned-v1-qps200-n4,node CPU,,V2,1.557873469256004,0.21179303683396794,0.01200415264849692,10
auth5-owned-v1-qps200-n4,node memory RSS (bytes),,V1,553066966.7238421,87497124.83486734,5527546.192575618,10
auth5-owned-v1-qps200-n4,node memory RSS (bytes),,V2,559622934.9517242,90040519.19082354,4901764.862445952,10
auth5-owned-v1-qps200-n4,overload graduated / sec,,V1,nan,nan,nan,10
auth5-owned-v1-qps200-n4,overload graduated / sec,,V2,nan,nan,nan,10
auth5-owned-v1-qps200-n4,overload max-pending / sec,,V1,nan,nan,nan,10
auth5-owned-v1-qps200-n4,overload max-pending / sec,,V2,nan,nan,nan,10
auth5-owned-v1-qps200-n4,overload semaphore / sec,,V1,nan,nan,nan,10
auth5-owned-v1-qps200-n4,overload semaphore / sec,,V2,nan,nan,nan,10
auth5-owned-v1-qps200-n4,attest. exec p50 (s),,V1,nan,nan,nan,10
auth5-owned-v1-qps200-n4,attest. exec p50 (s),,V2,0.002990694073094436,6.265584377539024e-06,7.44926673703162e-07,10
auth5-owned-v1-qps200-n4,attest. exec p95 (s),,V1,nan,nan,nan,10
auth5-owned-v1-qps200-n4,attest. exec p95 (s),,V2,0.004799098600115646,6.821307391080974e-07,7.188801557318107e-08,10
auth5-owned-v1-qps200-n4,attest. exec p99 (s),,V1,nan,nan,nan,10
auth5-owned-v1-qps200-n4,attest. exec p99 (s),,V2,0.004959845669184199,2.8717494007813257e-07,3.123499007393297e-08,10
auth5-owned-v1-qps200-n4,attest. wait p50 (s),,V1,nan,nan,nan,10
auth5-owned-v1-qps200-n4,attest. wait p50 (s),,V2,0.0005001481514358446,3.874065438648831e-07,4.4852080693993525e-08,10
auth5-owned-v1-qps200-n4,attest. wait p95 (s),,V1,nan,nan,nan,10
auth5-owned-v1-qps200-n4,attest. wait p95 (s),,V2,0.0009502814877281047,7.360724333432729e-07,8.521895331859547e-08,10
auth5-owned-v1-qps200-n4,attest. wait p99 (s),,V1,nan,nan,nan,10
auth5-owned-v1-qps200-n4,attest. wait p99 (s),,V2,0.000990293339842972,7.670649568524624e-07,8.880711977414123e-08,10
auth5-owned-v1-qps200-n4,attest. resume p50 (s),,V1,nan,nan,nan,10
auth5-owned-v1-qps200-n4,attest. resume p50 (s),,V2,0.000500078027772058,3.1446587557946165e-07,3.743676192029238e-08,10
auth5-owned-v1-qps200-n4,attest. resume p95 (s),,V1,nan,nan,nan,10
auth5-owned-v1-qps200-n4,attest. resume p95 (s),,V2,0.0009501482527669102,5.974851636009792e-07,7.112984764854399e-08,10
auth5-owned-v1-qps200-n4,attest. resume p99 (s),,V1,nan,nan,nan,10
auth5-owned-v1-qps200-n4,attest. resume p99 (s),,V2,0.0009901544949886746,6.226424336473172e-07,7.4124788602176e-08,10
auth5-owned-v1-qps200-n4,num_inflight,,V1,73.9,15.227934856703321,5.075978285567773,10
auth5-owned-v1-qps200-n4,num_inflight,,V2,68.2,13.651373557265218,4.550457852421739,10
auth5-owned-v1-qps200-n4,CUs,,V1,nan,nan,nan,10
auth5-owned-v1-qps200-n4,CUs,,V2,1000.0,6.823873758229899e-14,0.0,10
auth5-owned-v4-qps200-n4,TPS,,V1,210.43590171362663,92.8574943379444,8.629574986153242,10
auth5-owned-v4-qps200-n4,TPS,,V2,208.58007209683643,79.5574239579076,6.654342793054564,10
auth5-owned-v4-qps200-n4,attest. full p50 (s),,V1,nan,nan,nan,10
auth5-owned-v4-qps200-n4,attest. full p50 (s),,V2,0.0029917523074520034,5.495236614434864e-06,7.368594068929776e-07,10
auth5-owned-v4-qps200-n4,attest. full p95 (s),,V1,nan,nan,nan,10
auth5-owned-v4-qps200-n4,attest. full p95 (s),,V2,0.0047993337768288905,1.172087434729453e-06,1.4542615192112828e-07,10
auth5-owned-v4-qps200-n4,attest. full p99 (s),,V1,nan,nan,nan,10
auth5-owned-v4-qps200-n4,attest. full p99 (s),,V2,0.004960007685217948,1.0858272650192996e-06,1.40394804727502e-07,10
auth5-owned-v4-qps200-n4,attest. / sec,,V1,0.0,0.0,0.0,10
auth5-owned-v4-qps200-n4,attest. / sec,,V2,101.0289489638448,3.502335537252828,0.3316621772110565,10
auth5-owned-v4-qps200-n4,host CPU,,V1,7.621426715496571,2.8565384561769824,0.10879460102568433,10
auth5-owned-v4-qps200-n4,host CPU,,V2,6.93228100732536,2.6448998221459497,0.08203149883590542,10
auth5-owned-v4-qps200-n4,rec. → exec. p50 (s),,V1,0.20657650144202377,0.03395866244998639,0.005424100599276398,10
auth5-owned-v4-qps200-n4,rec. → exec. p50 (s),,V2,0.1937555352491548,0.02492684290483933,0.0035937891530716352,10
auth5-owned-v4-qps200-n4,rec. → exec. p95 (s),,V1,0.42260777276249123,0.0701324948596245,0.021547107872099274,10
auth5-owned-v4-qps200-n4,rec. → exec. p95 (s),,V2,0.4196146217026153,0.04452477997313371,0.01070929524816608,10
auth5-owned-v4-qps200-n4,rec. → exec. p99 (s),,V1,0.47076048493457406,0.08974519212532779,0.025586826397062296,10
auth5-owned-v4-qps200-n4,rec. → exec. p99 (s),,V2,0.4826347232094158,0.018123318042238087,0.0027317656144703957,10
auth5-owned-v4-qps200-n4,pc valid. lat. p50 (s),,V1,0.010138625824876249,0.001119750367679283,0.000283590268324778,10
auth5-owned-v4-qps200-n4,pc valid. lat. p50 (s),,V2,0.0006166104967588904,3.5204443138936506e-05,7.145476850154126e-06,10
auth5-owned-v4-qps200-n4,pc valid. lat. p95 (s),,V1,0.03449858469638431,0.005127597613191563,0.0012132758798258422,10
auth5-owned-v4-qps200-n4,pc valid. lat. p95 (s),,V2,0.003886623357284316,0.00023858475654999072,4.82735581188019e-05,10
auth5-owned-v4-qps200-n4,exec. lat. p95 (s),,V1,0.008272840075191924,0.0021948826519411135,0.0001799058159526673,10
auth5-owned-v4-qps200-n4,exec. lat. p95 (s),,V2,0.008312893979684599,0.002140808668312228,5.290830971625741e-05,10
auth5-owned-v4-qps200-n4,valid. drop. / sec,,V1,0.0,0.0,0.0,10
auth5-owned-v4-qps200-n4,valid. drop. / sec,,V2,0.0,0.0,0.0,10
auth5-owned-v4-qps200-n4,final. lat. p50 (s),,V1,nan,nan,nan,10
auth5-owned-v4-qps200-n4,final. lat. p50 (s),,V2,nan,nan,nan,10
auth5-owned-v4-qps200-n4,final. lat. p95 (s),,V1,nan,nan,nan,10
auth5-owned-v4-qps200-n4,final. lat. p95 (s),,V2,nan,nan,nan,10
auth5-owned-v4-qps200-n4,final. lat. p99 (s),,V1,nan,nan,nan,10
auth5-owned-v4-qps200-n4,final. lat. p99 (s),,V2,nan,nan,nan,10
auth5-owned-v4-qps200-n4,submit lat. p50 (s),,V1,nan,nan,nan,10
auth5-owned-v4-qps200-n4,submit lat. p50 (s),,V2,nan,nan,nan,10
auth5-owned-v4-qps200-n4,submit lat. p95 (s),,V1,nan,nan,nan,10
auth5-owned-v4-qps200-n4,submit lat. p95 (s),,V2,nan,nan,nan,10
auth5-owned-v4-qps200-n4,ckpt lag p50 (s),,V1,0.9446660278096509,2.6616051032720947,0.5015609135052399,10
auth5-owned-v4-qps200-n4,ckpt lag p50 (s),,V2,0.8031089126932931,2.3580072699493946,0.38759840778343657,10
auth5-owned-v4-qps200-n4,ckpt lag p95 (s),,V1,1.9773210406750454,4.712038391057723,0.8829676764909813,10
auth5-owned-v4-qps200-n4,ckpt lag p95 (s),,V2,1.683221658119068,4.415439393679559,0.7741202915381342,10
auth5-owned-v4-qps200-n4,ckpt lag p99 (s),,V1,2.191518996777781,5.097059886293981,0.9368739387096525,10
auth5-owned-v4-qps200-n4,ckpt lag p99 (s),,V2,1.8830761716471067,4.844107061951808,0.8562622594190991,10
auth5-owned-v4-qps200-n4,exec. dispatch queue,,V1,14.1,21.686170708541425,7.228723569513807,10
auth5-owned-v4-qps200-n4,exec. dispatch queue,,V2,11.7,16.137224048763777,5.379074682921258,10
auth5-owned-v4-qps200-n4,pending txs,,V1,0.5,0.6708203932499369,0.22360679774997896,10
auth5-owned-v4-qps200-n4,pending txs,,V2,0.8,1.077032961426901,0.3590109871423003,10
auth5-owned-v4-qps200-n4,exec. queue. delay p95 (s),,V1,0.000475,3.7205771182297634e-20,2.0603011215117814e-20,10
auth5-owned-v4-qps200-n4,exec. queue. delay p95 (s),,V2,0.0004849729878765536,6.413018814058484e-05,1.0090317145689574e-05,10
auth5-owned-v4-qps200-n4,post-cons shed drops / sec,,V1,0.0,0.0,0.0,10
auth5-owned-v4-qps200-n4,post-cons shed drops / sec,,V2,0.0,0.0,0.0,10
auth5-owned-v4-qps200-n4,shed % quorum,,V1,0.0,0.0,0.0,10
auth5-owned-v4-qps200-n4,shed % quorum,,V2,0.0,0.0,0.0,10
auth5-owned-v4-qps200-n4,shed % local,,V1,0.0,0.0,0.0,10
auth5-owned-v4-qps200-n4,shed % local,,V2,0.0,0.0,0.0,10
auth5-owned-v4-qps200-n4,shed % cons-queue,,V1,0.0,0.0,0.0,10
auth5-owned-v4-qps200-n4,shed % cons-queue,,V2,0.0,0.0,0.0,10
auth5-owned-v4-qps200-n4,pre-cons overload rej / sec,,V1,nan,nan,nan,10
auth5-owned-v4-qps200-n4,pre-cons overload rej / sec,,V2,nan,nan,nan,10
auth5-owned-v4-qps200-n4,node CPU,,V1,1.5447204048053924,0.22158504055723013,0.02352572478810535,10
auth5-owned-v4-qps200-n4,node CPU,,V2,1.3641429676434678,0.21004943384516553,0.018658856539593902,10
auth5-owned-v4-qps200-n4,node memory RSS (bytes),,V1,541935130.3917526,86586607.98652259,5354983.97053847,10
auth5-owned-v4-qps200-n4,node memory RSS (bytes),,V2,537299091.7938144,83957219.53280595,3613459.604146526,10
auth5-owned-v4-qps200-n4,overload graduated / sec,,V1,nan,nan,nan,10
auth5-owned-v4-qps200-n4,overload graduated / sec,,V2,nan,nan,nan,10
auth5-owned-v4-qps200-n4,overload max-pending / sec,,V1,nan,nan,nan,10
auth5-owned-v4-qps200-n4,overload max-pending / sec,,V2,nan,nan,nan,10
auth5-owned-v4-qps200-n4,overload semaphore / sec,,V1,nan,nan,nan,10
auth5-owned-v4-qps200-n4,overload semaphore / sec,,V2,nan,nan,nan,10
auth5-owned-v4-qps200-n4,attest. exec p50 (s),,V1,nan,nan,nan,10
auth5-owned-v4-qps200-n4,attest. exec p50 (s),,V2,0.0029888809565138813,8.016330674737391e-06,1.1292407309113436e-06,10
auth5-owned-v4-qps200-n4,attest. exec p95 (s),,V1,nan,nan,nan,10
auth5-owned-v4-qps200-n4,attest. exec p95 (s),,V2,0.004798888095651388,8.016330674737516e-07,1.1292407309117338e-07,10
auth5-owned-v4-qps200-n4,attest. exec p99 (s),,V1,nan,nan,nan,10
auth5-owned-v4-qps200-n4,attest. exec p99 (s),,V2,0.004959777619130278,1.6032661349478064e-07,2.2584814618293748e-08,10
auth5-owned-v4-qps200-n4,attest. wait p50 (s),,V1,nan,nan,nan,10
auth5-owned-v4-qps200-n4,attest. wait p50 (s),,V2,0.0005003930400004573,8.049068664780469e-07,1.0637605153194577e-07,10
auth5-owned-v4-qps200-n4,attest. wait p95 (s),,V1,nan,nan,nan,10
auth5-owned-v4-qps200-n4,attest. wait p95 (s),,V2,0.0009507467760008688,1.5293230463082718e-06,2.0211449791068968e-07,10
auth5-owned-v4-qps200-n4,attest. wait p99 (s),,V1,nan,nan,nan,10
auth5-owned-v4-qps200-n4,attest. wait p99 (s),,V2,0.0009940780159488727,7.991162313313194e-05,3.450870908392967e-06,10
auth5-owned-v4-qps200-n4,attest. resume p50 (s),,V1,nan,nan,nan,10
auth5-owned-v4-qps200-n4,attest. resume p50 (s),,V2,0.0005000786759765891,3.8259975471946053e-07,4.75474727996891e-08,10
auth5-owned-v4-qps200-n4,attest. resume p95 (s),,V1,nan,nan,nan,10
auth5-owned-v4-qps200-n4,attest. resume p95 (s),,V2,0.0009501494843555191,7.269395339669705e-07,9.034019831939923e-08,10
auth5-owned-v4-qps200-n4,attest. resume p99 (s),,V1,nan,nan,nan,10
auth5-owned-v4-qps200-n4,attest. resume p99 (s),,V2,0.000990155778433646,7.575475143445241e-07,9.414399614336758e-08,10
auth5-owned-v4-qps200-n4,num_inflight,,V1,43.9,6.977822009767805,2.3259406699226015,10
auth5-owned-v4-qps200-n4,num_inflight,,V2,42.9,5.7523908073078625,1.9174636024359544,10
auth5-owned-v4-qps200-n4,CUs,,V1,nan,nan,nan,10
auth5-owned-v4-qps200-n4,CUs,,V2,1000.0,6.961868572213853e-14,0.0,10
auth5-owned-f1-qps1000-n4,TPS,,V1,921.1021689520143,224.61126545918302,34.59905571303936,10
auth5-owned-f1-qps1000-n4,TPS,,V2,976.6785316808716,145.33384023311683,9.071281832225417,10
auth5-owned-f1-qps1000-n4,attest. full p50 (s),,V1,nan,nan,nan,10
auth5-owned-f1-qps1000-n4,attest. full p50 (s),,V2,0.0029565239040395585,1.9705048576704574e-05,4.477207094086766e-06,10
auth5-owned-f1-qps1000-n4,attest. full p95 (s),,V1,nan,nan,nan,10
auth5-owned-f1-qps1000-n4,attest. full p95 (s),,V2,0.004797677840978429,2.6060284479769713e-06,4.36608063915438e-07,10
auth5-owned-f1-qps1000-n4,attest. full p99 (s),,V1,nan,nan,nan,10
auth5-owned-f1-qps1000-n4,attest. full p99 (s),,V2,0.004961335968706329,2.4738686640318975e-06,4.685371681184842e-07,10
auth5-owned-f1-qps1000-n4,attest. / sec,,V1,0.0,0.0,0.0,10
auth5-owned-f1-qps1000-n4,attest. / sec,,V2,483.47739398441365,62.410602112289865,4.319384301722519,10
auth5-owned-f1-qps1000-n4,host CPU,,V1,24.019192203553263,9.8798651118458,0.8619476147477111,10
auth5-owned-f1-qps1000-n4,host CPU,,V2,23.659018569089397,8.778727184993096,0.22992842467185362,10
auth5-owned-f1-qps1000-n4,rec. → exec. p50 (s),,V1,0.33111552320370174,0.04812773947165654,0.007203816966803524,10
auth5-owned-f1-qps1000-n4,rec. → exec. p50 (s),,V2,0.21232085459364755,0.046270283006153455,0.00812904441320445,10
auth5-owned-f1-qps1000-n4,rec. → exec. p95 (s),,V1,0.496962161533784,0.065621640974676,0.0065328557826439294,10
auth5-owned-f1-qps1000-n4,rec. → exec. p95 (s),,V2,0.4274666736005048,0.06730784928030929,0.020860055812163526,10
auth5-owned-f1-qps1000-n4,rec. → exec. p99 (s),,V1,0.67805989720577,0.1589766997889366,0.0229988262256391,10
auth5-owned-f1-qps1000-n4,rec. → exec. p99 (s),,V2,0.46473020868959525,0.07374193566139943,0.02406089152957695,10
auth5-owned-f1-qps1000-n4,pc valid. lat. p50 (s),,V1,0.0293143785819593,0.009615277549014197,0.0019306311048583975,10
auth5-owned-f1-qps1000-n4,pc valid. lat. p50 (s),,V2,0.0028589529191738773,0.00047004950688046127,4.003672703682981e-05,10
auth5-owned-f1-qps1000-n4,pc valid. lat. p95 (s),,V1,0.0906813923478751,0.01446385517421912,0.001656549250422552,10
auth5-owned-f1-qps1000-n4,pc valid. lat. p95 (s),,V2,0.006970938514182965,0.0015677537244556418,0.0003205757345215985,10
auth5-owned-f1-qps1000-n4,exec. lat. p95 (s),,V1,0.01999487340219786,0.0024881135569892344,9.528839809029658e-05,10
auth5-owned-f1-qps1000-n4,exec. lat. p95 (s),,V2,0.020773013084840034,0.002190223218582143,6.210385067004688e-05,10
auth5-owned-f1-qps1000-n4,valid. drop. / sec,,V1,0.0,0.0,0.0,10
auth5-owned-f1-qps1000-n4,valid. drop. / sec,,V2,0.0,0.0,0.0,10
auth5-owned-f1-qps1000-n4,final. lat. p50 (s),,V1,0.27853456414771754,0.01895203369153135,0.0032108445227092357,10
auth5-owned-f1-qps1000-n4,final. lat. p50 (s),,V2,0.2035261930482314,0.010255248964641453,0.002813642163448344,10
auth5-owned-f1-qps1000-n4,final. lat. p95 (s),,V1,0.44444048772391376,0.05084874058973501,0.012358748437410784,10
auth5-owned-f1-qps1000-n4,final. lat. p95 (s),,V2,0.32128134561523103,0.04222952090440508,0.01155248532063412,10
auth5-owned-f1-qps1000-n4,final. lat. p99 (s),,V1,0.5167817030020062,0.07361336748555401,0.019115592508949477,10
auth5-owned-f1-qps1000-n4,final. lat. p99 (s),,V2,0.3700264012965273,0.060112998819612656,0.016878071994011458,10
auth5-owned-f1-qps1000-n4,submit lat. p50 (s),,V1,0.005948236794077335,0.0006788160037821153,8.535693891326148e-05,10
auth5-owned-f1-qps1000-n4,submit lat. p50 (s),,V2,0.008316993965345796,0.0004996842932829707,3.179805867763295e-05,10
auth5-owned-f1-qps1000-n4,submit lat. p95 (s),,V1,0.02369031302001716,0.001398272356128887,7.224238293865913e-05,10
auth5-owned-f1-qps1000-n4,submit lat. p95 (s),,V2,0.024792016492674512,0.0008029401778302763,8.588757718981904e-05,10
auth5-owned-f1-qps1000-n4,ckpt lag p50 (s),,V1,0.41295189591316334,0.9449551185098615,0.1689233102691306,10
auth5-owned-f1-qps1000-n4,ckpt lag p50 (s),,V2,0.17292624569085113,0.003938991228889737,0.0005580188669102345,10
auth5-owned-f1-qps1000-n4,ckpt lag p95 (s),,V1,0.8119392084958845,2.021959362993624,0.3736287171620389,10
auth5-owned-f1-qps1000-n4,ckpt lag p95 (s),,V2,0.3006160535821979,0.18597474514832382,0.030432107358251245,10
auth5-owned-f1-qps1000-n4,ckpt lag p99 (s),,V1,0.9394231970707801,2.1742984055836643,0.40134009644655916,10
auth5-owned-f1-qps1000-n4,ckpt lag p99 (s),,V2,0.3668143204559023,0.2582735697043471,0.04020605476339503,10
auth5-owned-f1-qps1000-n4,exec. dispatch queue,,V1,238.5,51.07298698920986,17.024328996403288,10
auth5-owned-f1-qps1000-n4,exec. dispatch queue,,V2,205.4,53.59888058532566,17.866293528441886,10
auth5-owned-f1-qps1000-n4,pending txs,,V1,4.4,1.9078784028338913,0.6359594676112971,10
auth5-owned-f1-qps1000-n4,pending txs,,V2,4.0,1.4142135623730951,0.4714045207910317,10
auth5-owned-f1-qps1000-n4,exec. queue. delay p95 (s),,V1,0.023840628795423174,0.0031447067687153194,0.0003358388765772361,10
auth5-owned-f1-qps1000-n4,exec. queue. delay p95 (s),,V2,0.024319661972524588,0.004461460332554104,0.00047302409459744143,10
auth5-owned-f1-qps1000-n4,post-cons shed drops / sec,,V1,0.0,0.0,0.0,10
auth5-owned-f1-qps1000-n4,post-cons shed drops / sec,,V2,0.0,0.0,0.0,10
auth5-owned-f1-qps1000-n4,shed % quorum,,V1,0.0,0.0,0.0,10
auth5-owned-f1-qps1000-n4,shed % quorum,,V2,0.0,0.0,0.0,10
auth5-owned-f1-qps1000-n4,shed % local,,V1,0.0,0.0,0.0,10
auth5-owned-f1-qps1000-n4,shed % local,,V2,0.0,0.0,0.0,10
auth5-owned-f1-qps1000-n4,shed % cons-queue,,V1,0.0,0.0,0.0,10
auth5-owned-f1-qps1000-n4,shed % cons-queue,,V2,0.0,0.0,0.0,10
auth5-owned-f1-qps1000-n4,pre-cons overload rej / sec,,V1,nan,nan,nan,10
auth5-owned-f1-qps1000-n4,pre-cons overload rej / sec,,V2,nan,nan,nan,10
auth5-owned-f1-qps1000-n4,node CPU,,V1,4.988231290460704,1.3472495099523805,0.1842461612309876,10
auth5-owned-f1-qps1000-n4,node CPU,,V2,4.805920389377536,0.9551897352173437,0.06024667354144734,10
auth5-owned-f1-qps1000-n4,node memory RSS (bytes),,V1,1001072136.2847897,335758153.6019072,18059197.355964188,10
auth5-owned-f1-qps1000-n4,node memory RSS (bytes),,V2,1027322041.579288,346235220.419741,10409146.841124635,10
auth5-owned-f1-qps1000-n4,overload graduated / sec,,V1,nan,nan,nan,10
auth5-owned-f1-qps1000-n4,overload graduated / sec,,V2,nan,nan,nan,10
auth5-owned-f1-qps1000-n4,overload max-pending / sec,,V1,nan,nan,nan,10
auth5-owned-f1-qps1000-n4,overload max-pending / sec,,V2,nan,nan,nan,10
auth5-owned-f1-qps1000-n4,overload semaphore / sec,,V1,nan,nan,nan,10
auth5-owned-f1-qps1000-n4,overload semaphore / sec,,V2,nan,nan,nan,10
auth5-owned-f1-qps1000-n4,attest. exec p50 (s),,V1,nan,nan,nan,10
auth5-owned-f1-qps1000-n4,attest. exec p50 (s),,V2,0.0029407935999525847,2.3582497404944133e-05,5.384801155874119e-06,10
auth5-owned-f1-qps1000-n4,attest. exec p95 (s),,V1,nan,nan,nan,10
auth5-owned-f1-qps1000-n4,attest. exec p95 (s),,V2,0.00479411199722458,2.34582404440716e-06,5.32955988616258e-07,10
auth5-owned-f1-qps1000-n4,attest. exec p99 (s),,V1,nan,nan,nan,10
auth5-owned-f1-qps1000-n4,attest. exec p99 (s),,V2,0.004958851410315423,4.6986798394726924e-07,1.0194515115451241e-07,10
auth5-owned-f1-qps1000-n4,attest. wait p50 (s),,V1,nan,nan,nan,10
auth5-owned-f1-qps1000-n4,attest. wait p50 (s),,V2,0.0005025881070084234,1.3064966090428677e-06,2.2898534619802573e-07,10
auth5-owned-f1-qps1000-n4,attest. wait p95 (s),,V1,nan,nan,nan,10
auth5-owned-f1-qps1000-n4,attest. wait p95 (s),,V2,0.0009549174033160046,2.4823435571814466e-06,4.3507215777623966e-07,10
auth5-owned-f1-qps1000-n4,attest. wait p99 (s),,V1,nan,nan,nan,10
auth5-owned-f1-qps1000-n4,attest. wait p99 (s),,V2,0.0010214041579043856,0.000173918840323911,2.0655727348394555e-05,10
auth5-owned-f1-qps1000-n4,attest. resume p50 (s),,V1,nan,nan,nan,10
auth5-owned-f1-qps1000-n4,attest. resume p50 (s),,V2,0.0005002693765336659,2.895081942220171e-07,1.716576890572349e-08,10
auth5-owned-f1-qps1000-n4,attest. resume p95 (s),,V1,nan,nan,nan,10
auth5-owned-f1-qps1000-n4,attest. resume p95 (s),,V2,0.0009505118154139654,5.500655690218282e-07,3.2614960920867094e-08,10
auth5-owned-f1-qps1000-n4,attest. resume p99 (s),,V1,nan,nan,nan,10
auth5-owned-f1-qps1000-n4,attest. resume p99 (s),,V2,0.0009905333655366587,5.732262245595948e-07,3.398822243332474e-08,10
auth5-owned-f1-qps1000-n4,num_inflight,,V1,239.7,31.912536721482983,10.63751224049433,10
auth5-owned-f1-qps1000-n4,num_inflight,,V2,193.0,32.829864452964166,10.943288150988055,10
auth5-owned-f1-qps1000-n4,CUs,,V1,nan,nan,nan,10
auth5-owned-f1-qps1000-n4,CUs,,V2,1000.0,6.350067482822578e-14,0.0,10
auth5-owned-v1-qps1000-n4,TPS,,V1,1004.1334188735017,448.22945186325654,14.913218554480327,10
auth5-owned-v1-qps1000-n4,TPS,,V2,1019.527188475105,386.0109779985786,1.9007450894627218,10
auth5-owned-v1-qps1000-n4,attest. full p50 (s),,V1,nan,nan,nan,10
auth5-owned-v1-qps1000-n4,attest. full p50 (s),,V2,0.0029606265825381423,3.248665113195176e-05,4.996250247402666e-06,10
auth5-owned-v1-qps1000-n4,attest. full p95 (s),,V1,nan,nan,nan,10
auth5-owned-v1-qps1000-n4,attest. full p95 (s),,V2,0.004800763157214484,5.773780693875592e-06,8.010190015549076e-07,10
auth5-owned-v1-qps1000-n4,attest. full p99 (s),,V1,nan,nan,nan,10
auth5-owned-v1-qps1000-n4,attest. full p99 (s),,V2,0.00496433085274127,5.301846632684932e-06,9.561429226283694e-07,10
auth5-owned-v1-qps1000-n4,attest. / sec,,V1,0.0,0.0,0.0,10
auth5-owned-v1-qps1000-n4,attest. / sec,,V2,995.4030314746982,71.47155104821678,2.611084225585858,10
auth5-owned-v1-qps1000-n4,host CPU,,V1,23.344214496154766,8.600846679531722,0.25502906363604916,10
auth5-owned-v1-qps1000-n4,host CPU,,V2,21.26450806277189,8.020020560859782,0.1899334134982668,10
auth5-owned-v1-qps1000-n4,rec. → exec. p50 (s),,V1,0.30369635608122164,0.030647332121829705,0.008899070920684229,10
auth5-owned-v1-qps1000-n4,rec. → exec. p50 (s),,V2,0.19405576093426702,0.009187499089337931,0.0024668135694854124,10
auth5-owned-v1-qps1000-n4,rec. → exec. p95 (s),,V1,0.4973322659382226,0.04344846051143135,0.006778324178322647,10
auth5-owned-v1-qps1000-n4,rec. → exec. p95 (s),,V2,0.4197277641908974,0.05195972072486613,0.01451561681757081,10
auth5-owned-v1-qps1000-n4,rec. → exec. p99 (s),,V1,0.6727319948909292,0.1685900675875094,0.03678288789109098,10
auth5-owned-v1-qps1000-n4,rec. → exec. p99 (s),,V2,0.4842519160478474,0.022720228717370904,0.0035985872366542135,10
auth5-owned-v1-qps1000-n4,pc valid. lat. p50 (s),,V1,0.03434873604548056,0.004500117444614073,0.0011608373364072274,10
auth5-owned-v1-qps1000-n4,pc valid. lat. p50 (s),,V2,0.0026059773899622524,0.00016923769747391207,4.800643048343874e-05,10
auth5-owned-v1-qps1000-n4,pc valid. lat. p95 (s),,V1,0.1015533672998018,0.010720311707478886,0.0016284442233590434,10
auth5-owned-v1-qps1000-n4,pc valid. lat. p95 (s),,V2,0.009133143162260285,0.0011745247944279214,0.00023981876711937344,10
auth5-owned-v1-qps1000-n4,exec. lat. p95 (s),,V1,0.019073370202948404,0.004636478498453277,0.0004672523054922834,10
auth5-owned-v1-qps1000-n4,exec. lat. p95 (s),,V2,0.0200319180438303,0.004063412858079169,0.0004848994664303571,10
auth5-owned-v1-qps1000-n4,valid. drop. / sec,,V1,0.0,0.0,0.0,10
auth5-owned-v1-qps1000-n4,valid. drop. / sec,,V2,0.0,0.0,0.0,10
auth5-owned-v1-qps1000-n4,final. lat. p50 (s),,V1,nan,nan,nan,10
auth5-owned-v1-qps1000-n4,final. lat. p50 (s),,V2,nan,nan,nan,10
auth5-owned-v1-qps1000-n4,final. lat. p95 (s),,V1,nan,nan,nan,10
auth5-owned-v1-qps1000-n4,final. lat. p95 (s),,V2,nan,nan,nan,10
auth5-owned-v1-qps1000-n4,final. lat. p99 (s),,V1,nan,nan,nan,10
auth5-owned-v1-qps1000-n4,final. lat. p99 (s),,V2,nan,nan,nan,10
auth5-owned-v1-qps1000-n4,submit lat. p50 (s),,V1,nan,nan,nan,10
auth5-owned-v1-qps1000-n4,submit lat. p50 (s),,V2,nan,nan,nan,10
auth5-owned-v1-qps1000-n4,submit lat. p95 (s),,V1,nan,nan,nan,10
auth5-owned-v1-qps1000-n4,submit lat. p95 (s),,V2,nan,nan,nan,10
auth5-owned-v1-qps1000-n4,ckpt lag p50 (s),,V1,0.9384085532882049,2.383225494014721,0.2796248396479246,10
auth5-owned-v1-qps1000-n4,ckpt lag p50 (s),,V2,0.6272567165509119,1.9428341725015112,0.2555766920497885,10
auth5-owned-v1-qps1000-n4,ckpt lag p95 (s),,V1,1.999988431952096,4.611812807775455,0.6180654746329466,10
auth5-owned-v1-qps1000-n4,ckpt lag p95 (s),,V2,1.4125020879238264,3.9924734859455,0.568995492755541,10
auth5-owned-v1-qps1000-n4,ckpt lag p99 (s),,V1,2.2428667497423795,4.9057346101465855,0.65903869264703,10
auth5-owned-v1-qps1000-n4,ckpt lag p99 (s),,V2,1.5579132462042258,4.256754938134075,0.6094831689134832,10
auth5-owned-v1-qps1000-n4,exec. dispatch queue,,V1,280.8,91.34965790850012,30.449885969500038,10
auth5-owned-v1-qps1000-n4,exec. dispatch queue,,V2,323.8,133.27475379830946,44.424917932769816,10
auth5-owned-v1-qps1000-n4,pending txs,,V1,9.8,5.095095681142799,1.6983652270475997,10
auth5-owned-v1-qps1000-n4,pending txs,,V2,7.9,5.39351462406472,1.7978382080215733,10
auth5-owned-v1-qps1000-n4,exec. queue. delay p95 (s),,V1,0.02914221632528549,0.013047429099202486,0.001926060421984183,10
auth5-owned-v1-qps1000-n4,exec. queue. delay p95 (s),,V2,0.027077746256097213,0.010862464833550214,0.0013467572665931615,10
auth5-owned-v1-qps1000-n4,post-cons shed drops / sec,,V1,0.0,0.0,0.0,10
auth5-owned-v1-qps1000-n4,post-cons shed drops / sec,,V2,0.0,0.0,0.0,10
auth5-owned-v1-qps1000-n4,shed % quorum,,V1,0.0,0.0,0.0,10
auth5-owned-v1-qps1000-n4,shed % quorum,,V2,0.0,0.0,0.0,10
auth5-owned-v1-qps1000-n4,shed % local,,V1,0.0,0.0,0.0,10
auth5-owned-v1-qps1000-n4,shed % local,,V2,0.0,0.0,0.0,10
auth5-owned-v1-qps1000-n4,shed % cons-queue,,V1,0.0,0.0,0.0,10
auth5-owned-v1-qps1000-n4,shed % cons-queue,,V2,0.0,0.0,0.0,10
auth5-owned-v1-qps1000-n4,pre-cons overload rej / sec,,V1,nan,nan,nan,10
auth5-owned-v1-qps1000-n4,pre-cons overload rej / sec,,V2,nan,nan,nan,10
auth5-owned-v1-qps1000-n4,node CPU,,V1,6.322045195004121,0.9569805582495192,0.05844278281755883,10
auth5-owned-v1-qps1000-n4,node CPU,,V2,5.897216173033097,0.9532021252025216,0.04876698157877187,10
auth5-owned-v1-qps1000-n4,node memory RSS (bytes),,V1,1051918691.5792989,316317610.3310535,4932387.546992202,10
auth5-owned-v1-qps1000-n4,node memory RSS (bytes),,V2,1082846883.84,330677054.55718714,5251989.301007915,10
auth5-owned-v1-qps1000-n4,overload graduated / sec,,V1,nan,nan,nan,10
auth5-owned-v1-qps1000-n4,overload graduated / sec,,V2,nan,nan,nan,10
auth5-owned-v1-qps1000-n4,overload max-pending / sec,,V1,nan,nan,nan,10
auth5-owned-v1-qps1000-n4,overload max-pending / sec,,V2,nan,nan,nan,10
auth5-owned-v1-qps1000-n4,overload semaphore / sec,,V1,nan,nan,nan,10
auth5-owned-v1-qps1000-n4,overload semaphore / sec,,V2,nan,nan,nan,10
auth5-owned-v1-qps1000-n4,attest. exec p50 (s),,V1,nan,nan,nan,10
auth5-owned-v1-qps1000-n4,attest. exec p50 (s),,V2,0.0029453418573186603,3.674316856459387e-05,5.8958494553658436e-06,10
auth5-owned-v1-qps1000-n4,attest. exec p95 (s),,V1,nan,nan,nan,10
auth5-owned-v1-qps1000-n4,attest. exec p95 (s),,V2,0.004794822499980889,3.7433423985590863e-06,5.308937576172387e-07,10
auth5-owned-v1-qps1000-n4,attest. exec p99 (s),,V1,nan,nan,nan,10
auth5-owned-v1-qps1000-n4,attest. exec p99 (s),,V2,0.004959220779328644,1.1935189476583723e-06,1.2166202223596238e-07,10
auth5-owned-v1-qps1000-n4,attest. wait p50 (s),,V1,nan,nan,nan,10
auth5-owned-v1-qps1000-n4,attest. wait p50 (s),,V2,0.0005039351411238352,1.4121589510053076e-06,2.5461100448797295e-07,10
auth5-owned-v1-qps1000-n4,attest. wait p95 (s),,V1,nan,nan,nan,10
auth5-owned-v1-qps1000-n4,attest. wait p95 (s),,V2,0.0009574767681352868,2.6831020069100828e-06,4.837609085271675e-07,10
auth5-owned-v1-qps1000-n4,attest. wait p99 (s),,V1,nan,nan,nan,10
auth5-owned-v1-qps1000-n4,attest. wait p99 (s),,V2,0.0011285152435107336,0.0003303753340294844,5.918523914351127e-05,10
auth5-owned-v1-qps1000-n4,attest. resume p50 (s),,V1,nan,nan,nan,10
auth5-owned-v1-qps1000-n4,attest. resume p50 (s),,V2,0.0005002279041811144,2.318008095168684e-07,2.858459510524916e-08,10
auth5-owned-v1-qps1000-n4,attest. resume p95 (s),,V1,nan,nan,nan,10
auth5-owned-v1-qps1000-n4,attest. resume p95 (s),,V2,0.0009504330179441172,4.404215380820454e-07,5.431073069996117e-08,10
auth5-owned-v1-qps1000-n4,attest. resume p99 (s),,V1,nan,nan,nan,10
auth5-owned-v1-qps1000-n4,attest. resume p99 (s),,V2,0.0009904512502786063,4.589656028433954e-07,5.6597498308388894e-08,10
auth5-owned-v1-qps1000-n4,num_inflight,,V1,447.4,46.69304016660299,15.564346722200996,10
auth5-owned-v1-qps1000-n4,num_inflight,,V2,369.7,57.0579529951785,19.0193176650595,10
auth5-owned-v1-qps1000-n4,CUs,,V1,nan,nan,nan,10
auth5-owned-v1-qps1000-n4,CUs,,V2,1000.0,5.718249637347387e-14,0.0,10
auth5-owned-v4-qps1000-n4,TPS,,V1,1016.1604997625831,337.9809626875267,4.575403535024624,10
auth5-owned-v4-qps1000-n4,TPS,,V2,1022.8750917827447,81.671122870291,0.8526513149234459,10
auth5-owned-v4-qps1000-n4,attest. full p50 (s),,V1,nan,nan,nan,10
auth5-owned-v4-qps1000-n4,attest. full p50 (s),,V2,0.0029736130327620877,1.4181316412132249e-05,2.974852756070866e-06,10
auth5-owned-v4-qps1000-n4,attest. full p95 (s),,V1,nan,nan,nan,10
auth5-owned-v4-qps1000-n4,attest. full p95 (s),,V2,0.0047982225463705196,1.5997893810513578e-06,1.8637224777744442e-07,10
auth5-owned-v4-qps1000-n4,attest. full p99 (s),,V1,nan,nan,nan,10
auth5-owned-v4-qps1000-n4,attest. full p99 (s),,V2,0.004960410058691267,1.2200794799357223e-06,1.7387754355220487e-07,10
auth5-owned-v4-qps1000-n4,attest. / sec,,V1,0.0,0.0,0.0,10
auth5-owned-v4-qps1000-n4,attest. / sec,,V2,501.302752132599,33.87997771594047,1.4018847957943399,10
auth5-owned-v4-qps1000-n4,host CPU,,V1,23.483571993752523,8.78822669053169,0.20536724962637523,10
auth5-owned-v4-qps1000-n4,host CPU,,V2,21.70418926167332,7.974644502667986,0.15453036587110863,10
auth5-owned-v4-qps1000-n4,rec. → exec. p50 (s),,V1,0.30212006544856546,0.03360291779256999,0.009233143991246199,10
auth5-owned-v4-qps1000-n4,rec. → exec. p50 (s),,V2,0.19113304669902714,0.009433807946996905,0.002704489370196798,10
auth5-owned-v4-qps1000-n4,rec. → exec. p95 (s),,V1,0.4913146863755273,0.03918588338700002,0.005460934501093014,10
auth5-owned-v4-qps1000-n4,rec. → exec. p95 (s),,V2,0.4030661131583532,0.06958469368548839,0.02038073985758682,10
auth5-owned-v4-qps1000-n4,rec. → exec. p99 (s),,V1,0.6500420247158574,0.15256627636693165,0.029135571509877074,10
auth5-owned-v4-qps1000-n4,rec. → exec. p99 (s),,V2,0.45892466831684464,0.07354029213497497,0.02353351730738496,10
auth5-owned-v4-qps1000-n4,pc valid. lat. p50 (s),,V1,0.03439636070619074,0.003794598953492913,0.0010238679372937382,10
auth5-owned-v4-qps1000-n4,pc valid. lat. p50 (s),,V2,0.003024755348728488,6.513991287520657e-05,1.106823756949704e-05,10
auth5-owned-v4-qps1000-n4,pc valid. lat. p95 (s),,V1,0.09385449224837866,0.001234129925906972,0.0001482612868086448,10
auth5-owned-v4-qps1000-n4,pc valid. lat. p95 (s),,V2,0.007019799042952976,0.0014089204024591545,0.0003895368871421511,10
auth5-owned-v4-qps1000-n4,exec. lat. p95 (s),,V1,0.019681235351279473,0.0034666998566300236,0.00038393756052182963,10
auth5-owned-v4-qps1000-n4,exec. lat. p95 (s),,V2,0.020728553434500557,0.0019248097446286259,5.057637026490349e-05,10
auth5-owned-v4-qps1000-n4,valid. drop. / sec,,V1,0.0,0.0,0.0,10
auth5-owned-v4-qps1000-n4,valid. drop. / sec,,V2,0.0,0.0,0.0,10
auth5-owned-v4-qps1000-n4,final. lat. p50 (s),,V1,nan,nan,nan,10
auth5-owned-v4-qps1000-n4,final. lat. p50 (s),,V2,nan,nan,nan,10
auth5-owned-v4-qps1000-n4,final. lat. p95 (s),,V1,nan,nan,nan,10
auth5-owned-v4-qps1000-n4,final. lat. p95 (s),,V2,nan,nan,nan,10
auth5-owned-v4-qps1000-n4,final. lat. p99 (s),,V1,nan,nan,nan,10
auth5-owned-v4-qps1000-n4,final. lat. p99 (s),,V2,nan,nan,nan,10
auth5-owned-v4-qps1000-n4,submit lat. p50 (s),,V1,nan,nan,nan,10
auth5-owned-v4-qps1000-n4,submit lat. p50 (s),,V2,nan,nan,nan,10
auth5-owned-v4-qps1000-n4,submit lat. p95 (s),,V1,nan,nan,nan,10
auth5-owned-v4-qps1000-n4,submit lat. p95 (s),,V2,nan,nan,nan,10
auth5-owned-v4-qps1000-n4,ckpt lag p50 (s),,V1,0.6222728023803024,1.6197610412341583,0.21030153815843322,10
auth5-owned-v4-qps1000-n4,ckpt lag p50 (s),,V2,0.2130647287949654,0.3274201786672759,0.04017530245592089,10
auth5-owned-v4-qps1000-n4,ckpt lag p95 (s),,V1,1.4590997867785782,3.4975780752713153,0.4728769441919268,10
auth5-owned-v4-qps1000-n4,ckpt lag p95 (s),,V2,0.4256746703594691,1.0198292725175127,0.16792832247744988,10
auth5-owned-v4-qps1000-n4,ckpt lag p99 (s),,V1,1.6823045347906211,3.914424221917427,0.5241587887838146,10
auth5-owned-v4-qps1000-n4,ckpt lag p99 (s),,V2,0.49599664386788905,1.1224158944994593,0.1865854127014125,10
auth5-owned-v4-qps1000-n4,exec. dispatch queue,,V1,253.1,56.26091005307326,18.753636684357755,10
auth5-owned-v4-qps1000-n4,exec. dispatch queue,,V2,240.8,96.6920886112199,32.23069620373996,10
auth5-owned-v4-qps1000-n4,pending txs,,V1,7.8,3.736308338453881,1.2454361128179603,10
auth5-owned-v4-qps1000-n4,pending txs,,V2,5.4,3.4985711369071804,1.16619037896906,10
auth5-owned-v4-qps1000-n4,exec. queue. delay p95 (s),,V1,0.025598792347653967,0.008992526361592777,0.0012288006236209194,10
auth5-owned-v4-qps1000-n4,exec. queue. delay p95 (s),,V2,0.02476210958205032,0.009725570419372288,0.0015346202273206913,10
auth5-owned-v4-qps1000-n4,post-cons shed drops / sec,,V1,0.0,0.0,0.0,10
auth5-owned-v4-qps1000-n4,post-cons shed drops / sec,,V2,0.0,0.0,0.0,10
auth5-owned-v4-qps1000-n4,shed % quorum,,V1,0.0,0.0,0.0,10
auth5-owned-v4-qps1000-n4,shed % quorum,,V2,0.0,0.0,0.0,10
auth5-owned-v4-qps1000-n4,shed % local,,V1,0.0,0.0,0.0,10
auth5-owned-v4-qps1000-n4,shed % local,,V2,0.0,0.0,0.0,10
auth5-owned-v4-qps1000-n4,shed % cons-queue,,V1,0.0,0.0,0.0,10
auth5-owned-v4-qps1000-n4,shed % cons-queue,,V2,0.0,0.0,0.0,10
auth5-owned-v4-qps1000-n4,pre-cons overload rej / sec,,V1,nan,nan,nan,10
auth5-owned-v4-qps1000-n4,pre-cons overload rej / sec,,V2,nan,nan,nan,10
auth5-owned-v4-qps1000-n4,node CPU,,V1,5.618929091642073,0.7113922275366141,0.04302485167137322,10
auth5-owned-v4-qps1000-n4,node CPU,,V2,5.102126933510666,0.7078695040858912,0.02278611697876713,10
auth5-owned-v4-qps1000-n4,node memory RSS (bytes),,V1,1047989374.7157191,316249280.3576496,4541560.327892295,10
auth5-owned-v4-qps1000-n4,node memory RSS (bytes),,V2,1055565198.6040268,316333499.1581994,6518466.8182082195,10
auth5-owned-v4-qps1000-n4,overload graduated / sec,,V1,nan,nan,nan,10
auth5-owned-v4-qps1000-n4,overload graduated / sec,,V2,nan,nan,nan,10
auth5-owned-v4-qps1000-n4,overload max-pending / sec,,V1,nan,nan,nan,10
auth5-owned-v4-qps1000-n4,overload max-pending / sec,,V2,nan,nan,nan,10
auth5-owned-v4-qps1000-n4,overload semaphore / sec,,V1,nan,nan,nan,10
auth5-owned-v4-qps1000-n4,overload semaphore / sec,,V2,nan,nan,nan,10
auth5-owned-v4-qps1000-n4,attest. exec p50 (s),,V1,nan,nan,nan,10
auth5-owned-v4-qps1000-n4,attest. exec p50 (s),,V2,0.002962706489963387,1.725275034663066e-05,3.67925732015905e-06,10
auth5-owned-v4-qps1000-n4,attest. exec p95 (s),,V1,nan,nan,nan,10
auth5-owned-v4-qps1000-n4,attest. exec p95 (s),,V2,0.004796280853974233,1.7272302669808811e-06,3.6904779521887907e-07,10
auth5-owned-v4-qps1000-n4,attest. exec p99 (s),,V1,nan,nan,nan,10
auth5-owned-v4-qps1000-n4,attest. exec p99 (s),,V2,0.00495926524188631,3.57150668882059e-07,7.548348147979776e-08,10
auth5-owned-v4-qps1000-n4,attest. wait p50 (s),,V1,nan,nan,nan,10
auth5-owned-v4-qps1000-n4,attest. wait p50 (s),,V2,0.000502261429662946,8.801149837526923e-07,1.3512363794925822e-07,10
auth5-owned-v4-qps1000-n4,attest. wait p95 (s),,V1,nan,nan,nan,10
auth5-owned-v4-qps1000-n4,attest. wait p95 (s),,V2,0.0009542967163595975,1.6722184691301109e-06,2.567349121035852e-07,10
auth5-owned-v4-qps1000-n4,attest. wait p99 (s),,V1,nan,nan,nan,10
auth5-owned-v4-qps1000-n4,attest. wait p99 (s),,V2,0.0009972237280925116,4.779084407461459e-05,1.8826521932758512e-06,10
auth5-owned-v4-qps1000-n4,attest. resume p50 (s),,V1,nan,nan,nan,10
auth5-owned-v4-qps1000-n4,attest. resume p50 (s),,V2,0.0005002657276329376,2.532530323018774e-07,3.130742997081416e-08,10
auth5-owned-v4-qps1000-n4,attest. resume p95 (s),,V1,nan,nan,nan,10
auth5-owned-v4-qps1000-n4,attest. resume p95 (s),,V2,0.0009505048825025813,4.811807613735622e-07,5.9484116944534634e-08,10
auth5-owned-v4-qps1000-n4,attest. resume p99 (s),,V1,nan,nan,nan,10
auth5-owned-v4-qps1000-n4,attest. resume p99 (s),,V2,0.0009905261407132165,5.014410039577152e-07,6.198871134220389e-08,10
auth5-owned-v4-qps1000-n4,num_inflight,,V1,248.3,34.76506867532409,11.58835622510803,10
auth5-owned-v4-qps1000-n4,num_inflight,,V2,190.9,33.3030028676094,11.101000955869798,10
auth5-owned-v4-qps1000-n4,CUs,,V1,nan,nan,nan,10
auth5-owned-v4-qps1000-n4,CUs,,V2,1000.0,6.166582909856926e-14,0.0,10
auth5-owned-f1-qps2000-n4,TPS,,V1,1510.6593647717486,630.2053899374409,74.45359275339302,10
auth5-owned-f1-qps2000-n4,TPS,,V2,1649.2910186004228,635.4714503675124,53.176103797959094,10
auth5-owned-f1-qps2000-n4,attest. full p50 (s),,V1,nan,nan,nan,10
auth5-owned-f1-qps2000-n4,attest. full p50 (s),,V2,0.002410804271623646,0.00018103743858978493,1.8219311090689426e-05,10
auth5-owned-f1-qps2000-n4,attest. full p95 (s),,V1,nan,nan,nan,10
auth5-owned-f1-qps2000-n4,attest. full p95 (s),,V2,0.004755183531286827,1.6508134673862145e-05,1.4881997153490853e-06,10
auth5-owned-f1-qps2000-n4,attest. full p99 (s),,V1,nan,nan,nan,10
auth5-owned-f1-qps2000-n4,attest. full p99 (s),,V2,0.004963750184832383,1.081103954381728e-05,1.1470366571796359e-06,10
auth5-owned-f1-qps2000-n4,attest. / sec,,V1,0.0,0.0,0.0,10
auth5-owned-f1-qps2000-n4,attest. / sec,,V2,827.43561108654,310.0240114648316,23.44676236513856,10
auth5-owned-f1-qps2000-n4,host CPU,,V1,31.51960330688096,16.280572776018108,1.3909124119114185,10
auth5-owned-f1-qps2000-n4,host CPU,,V2,29.545244416888377,14.407916586054373,0.7589708106932562,10
auth5-owned-f1-qps2000-n4,rec. → exec. p50 (s),,V1,0.5918926012115997,0.172750936024637,0.022886187651337982,10
auth5-owned-f1-qps2000-n4,rec. → exec. p50 (s),,V2,0.21317542962030403,0.05029362025976708,0.008298532027677968,10
auth5-owned-f1-qps2000-n4,rec. → exec. p95 (s),,V1,0.9009658260270155,0.21939682660366172,0.016252477425629665,10
auth5-owned-f1-qps2000-n4,rec. → exec. p95 (s),,V2,0.41111461750154454,0.08333896268367916,0.02093865966619908,10
auth5-owned-f1-qps2000-n4,rec. → exec. p99 (s),,V1,0.9700711717656276,0.27913790651216625,0.034204247872345266,10
auth5-owned-f1-qps2000-n4,rec. → exec. p99 (s),,V2,0.4624496173572235,0.0843184243119944,0.019754182623042647,10
auth5-owned-f1-qps2000-n4,pc valid. lat. p50 (s),,V1,0.03328734136761994,0.01786596188383386,0.0027429264920065415,10
auth5-owned-f1-qps2000-n4,pc valid. lat. p50 (s),,V2,0.003524843568861612,0.0016467125902544328,0.00018921178966692387,10
auth5-owned-f1-qps2000-n4,pc valid. lat. p95 (s),,V1,0.11319152940072144,0.048534501067152784,0.005629239952623397,10
auth5-owned-f1-qps2000-n4,pc valid. lat. p95 (s),,V2,0.01582033025495666,0.0057548304189047415,0.0004240659156409305,10
auth5-owned-f1-qps2000-n4,exec. lat. p95 (s),,V1,0.019280194157585962,0.004919982597372235,0.00023088167873658929,10
auth5-owned-f1-qps2000-n4,exec. lat. p95 (s),,V2,0.020282117490756636,0.004646864741922154,0.00010481948438468571,10
auth5-owned-f1-qps2000-n4,valid. drop. / sec,,V1,0.0,0.0,0.0,10
auth5-owned-f1-qps2000-n4,valid. drop. / sec,,V2,0.0,0.0,0.0,10
auth5-owned-f1-qps2000-n4,final. lat. p50 (s),,V1,0.48107514093803017,0.10962970275650213,0.013817831725292948,10
auth5-owned-f1-qps2000-n4,final. lat. p50 (s),,V2,0.21724565072071994,0.01546498661093766,0.002358781228077545,10
auth5-owned-f1-qps2000-n4,final. lat. p95 (s),,V1,0.6370173356869723,0.1220427671857048,0.007803366059657288,10
auth5-owned-f1-qps2000-n4,final. lat. p95 (s),,V2,0.339510425200548,0.05499698569426436,0.013794675284568987,10
auth5-owned-f1-qps2000-n4,final. lat. p99 (s),,V1,0.6948842041102742,0.13508155813524117,0.008717574790287095,10
auth5-owned-f1-qps2000-n4,final. lat. p99 (s),,V2,0.3917640020962538,0.07322146204209774,0.018019188610976577,10
auth5-owned-f1-qps2000-n4,submit lat. p50 (s),,V1,0.004504433774422243,0.0007675360694241026,7.873932226314962e-05,10
auth5-owned-f1-qps2000-n4,submit lat. p50 (s),,V2,0.006844728511402189,0.0011889058128721599,7.888273010303461e-05,10
auth5-owned-f1-qps2000-n4,submit lat. p95 (s),,V1,0.02610258157569734,0.007858428415909505,0.000984312737347415,10
auth5-owned-f1-qps2000-n4,submit lat. p95 (s),,V2,0.038403216611619655,0.012315914966886752,0.0020146856024179064,10
auth5-owned-f1-qps2000-n4,ckpt lag p50 (s),,V1,0.6106076145330928,1.1275920786986966,0.1347728364003468,10
auth5-owned-f1-qps2000-n4,ckpt lag p50 (s),,V2,0.22600353471194964,0.32019886557166666,0.03456737130575027,10
auth5-owned-f1-qps2000-n4,ckpt lag p95 (s),,V1,1.154668917288034,2.367951369655329,0.31580406991395904,10
auth5-owned-f1-qps2000-n4,ckpt lag p95 (s),,V2,0.5196293331839237,1.1040079120557909,0.16636845758153973,10
auth5-owned-f1-qps2000-n4,ckpt lag p99 (s),,V1,1.4074788852206352,2.8780173926780566,0.3861839389238655,10
auth5-owned-f1-qps2000-n4,ckpt lag p99 (s),,V2,0.5946738744901195,1.1960017531883353,0.18651323912827383,10
auth5-owned-f1-qps2000-n4,exec. dispatch queue,,V1,627.0,426.9737696861483,142.32458989538276,10
auth5-owned-f1-qps2000-n4,exec. dispatch queue,,V2,566.3,182.53605123372205,60.84535041124068,10
auth5-owned-f1-qps2000-n4,pending txs,,V1,9.6,9.562426470305535,3.187475490101845,10
auth5-owned-f1-qps2000-n4,pending txs,,V2,6.0,3.4351128074635335,1.1450376024878444,10
auth5-owned-f1-qps2000-n4,exec. queue. delay p95 (s),,V1,0.05804894839421055,0.0453643910772682,0.005563078723722923,10
auth5-owned-f1-qps2000-n4,exec. queue. delay p95 (s),,V2,0.06420086358312954,0.031682727590897054,0.005951547329919458,10
auth5-owned-f1-qps2000-n4,post-cons shed drops / sec,,V1,0.0,0.0,0.0,10
auth5-owned-f1-qps2000-n4,post-cons shed drops / sec,,V2,3.0373065015479876,19.853898670927798,3.0186153846153845,10
auth5-owned-f1-qps2000-n4,shed % quorum,,V1,0.0,0.0,0.0,10
auth5-owned-f1-qps2000-n4,shed % quorum,,V2,1.3,3.8999999999999995,1.2999999999999996,10
auth5-owned-f1-qps2000-n4,shed % local,,V1,1.2,2.749545416973504,0.9165151389911679,10
auth5-owned-f1-qps2000-n4,shed % local,,V2,6.2,7.782030583337489,2.594010194445829,10
auth5-owned-f1-qps2000-n4,shed % cons-queue,,V1,0.0,0.0,0.0,10
auth5-owned-f1-qps2000-n4,shed % cons-queue,,V2,0.0,0.0,0.0,10
auth5-owned-f1-qps2000-n4,pre-cons overload rej / sec,,V1,nan,nan,nan,10
auth5-owned-f1-qps2000-n4,pre-cons overload rej / sec,,V2,nan,nan,nan,10
auth5-owned-f1-qps2000-n4,node CPU,,V1,6.60597349280314,2.6768642677669297,0.2912358886735102,10
auth5-owned-f1-qps2000-n4,node CPU,,V2,6.3242702035178695,2.353624598917257,0.17507422350631824,10
auth5-owned-f1-qps2000-n4,node memory RSS (bytes),,V1,1364499252.4525993,582492860.6918662,32786337.449644227,10
auth5-owned-f1-qps2000-n4,node memory RSS (bytes),,V2,1480087068.2699387,638527642.6879587,13664249.86843198,10
auth5-owned-f1-qps2000-n4,overload graduated / sec,,V1,nan,nan,nan,10
auth5-owned-f1-qps2000-n4,overload graduated / sec,,V2,nan,nan,nan,10
auth5-owned-f1-qps2000-n4,overload max-pending / sec,,V1,nan,nan,nan,10
auth5-owned-f1-qps2000-n4,overload max-pending / sec,,V2,nan,nan,nan,10
auth5-owned-f1-qps2000-n4,overload semaphore / sec,,V1,nan,nan,nan,10
auth5-owned-f1-qps2000-n4,overload semaphore / sec,,V2,nan,nan,nan,10
auth5-owned-f1-qps2000-n4,attest. exec p50 (s),,V1,nan,nan,nan,10
auth5-owned-f1-qps2000-n4,attest. exec p50 (s),,V2,0.002230872538263015,0.0002383921579791631,2.4456091809824812e-05,10
auth5-owned-f1-qps2000-n4,attest. exec p95 (s),,V1,nan,nan,nan,10
auth5-owned-f1-qps2000-n4,attest. exec p95 (s),,V2,0.004723326563573063,2.3792403162644635e-05,2.439276074090455e-06,10
auth5-owned-f1-qps2000-n4,attest. exec p99 (s),,V1,nan,nan,nan,10
auth5-owned-f1-qps2000-n4,attest. exec p99 (s),,V2,0.004944878032489512,4.730077985571227e-06,4.834263221545019e-07,10
auth5-owned-f1-qps2000-n4,attest. wait p50 (s),,V1,nan,nan,nan,10
auth5-owned-f1-qps2000-n4,attest. wait p50 (s),,V2,0.0005106310651523833,4.0590560368232855e-06,3.945600495719853e-07,10
auth5-owned-f1-qps2000-n4,attest. wait p95 (s),,V1,nan,nan,nan,10
auth5-owned-f1-qps2000-n4,attest. wait p95 (s),,V2,0.0009701990237895281,7.712206469964237e-06,7.496640941867568e-07,10
auth5-owned-f1-qps2000-n4,attest. wait p99 (s),,V1,nan,nan,nan,10
auth5-owned-f1-qps2000-n4,attest. wait p99 (s),,V2,0.0030536271657283513,0.0008087210381378853,8.661241074951925e-05,10
auth5-owned-f1-qps2000-n4,attest. resume p50 (s),,V1,nan,nan,nan,10
auth5-owned-f1-qps2000-n4,attest. resume p50 (s),,V2,0.0005010950156313505,9.588652831590285e-07,1.276061507160825e-07,10
auth5-owned-f1-qps2000-n4,attest. resume p95 (s),,V1,nan,nan,nan,10
auth5-owned-f1-qps2000-n4,attest. resume p95 (s),,V2,0.0009520805296995659,1.821844038002149e-06,2.4245168636054765e-07,10
auth5-owned-f1-qps2000-n4,attest. resume p99 (s),,V1,nan,nan,nan,10
auth5-owned-f1-qps2000-n4,attest. resume p99 (s),,V2,0.000992168130950074,1.898553260654875e-06,2.5266017841782076e-07,10
auth5-owned-f1-qps2000-n4,num_inflight,,V1,726.9,88.5420239208479,29.514007973615964,10
auth5-owned-f1-qps2000-n4,num_inflight,,V2,397.1,57.36976555643225,19.123255185477415,10
auth5-owned-f1-qps2000-n4,CUs,,V1,nan,nan,nan,10
auth5-owned-f1-qps2000-n4,CUs,,V2,1000.0,7.142726445153394e-14,0.0,10
auth5-owned-v1-qps2000-n4,TPS,,V1,1865.859839703425,467.0028453158727,5.538251385639164,10
auth5-owned-v1-qps2000-n4,TPS,,V2,1962.7038039996341,383.12247423527305,51.2140519778486,10
auth5-owned-v1-qps2000-n4,attest. full p50 (s),,V1,nan,nan,nan,10
auth5-owned-v1-qps2000-n4,attest. full p50 (s),,V2,0.002652655433235372,0.00011670109252973114,9.431966480830237e-06,10
auth5-owned-v1-qps2000-n4,attest. full p95 (s),,V1,nan,nan,nan,10
auth5-owned-v1-qps2000-n4,attest. full p95 (s),,V2,0.004778876291300178,1.3046177230848648e-05,1.0199896335482941e-06,10
auth5-owned-v1-qps2000-n4,attest. full p99 (s),,V1,nan,nan,nan,10
auth5-owned-v1-qps2000-n4,attest. full p99 (s),,V2,0.004969701031085976,4.6489037065638944e-05,2.4111855080617646e-06,10
auth5-owned-v1-qps2000-n4,attest. / sec,,V1,0.0,0.0,0.0,10
auth5-owned-v1-qps2000-n4,attest. / sec,,V2,1989.582738422112,226.6945043518247,6.094776107333566,10
auth5-owned-v1-qps2000-n4,host CPU,,V1,37.19389981326154,13.078603605462575,0.2699186956348961,10
auth5-owned-v1-qps2000-n4,host CPU,,V2,33.37553516573633,12.453383067604378,0.6719439252774756,10
auth5-owned-v1-qps2000-n4,rec. → exec. p50 (s),,V1,0.9504806378595761,0.3215731270917696,0.050137651088544385,10
auth5-owned-v1-qps2000-n4,rec. → exec. p50 (s),,V2,0.1942870931176344,0.015005673483673132,0.004347330141752374,10
auth5-owned-v1-qps2000-n4,rec. → exec. p95 (s),,V1,1.5789499028981655,0.46401423231904654,0.04639749166284319,10
auth5-owned-v1-qps2000-n4,rec. → exec. p95 (s),,V2,0.3958840864674281,0.07654254705802023,0.022580610123915656,10
auth5-owned-v1-qps2000-n4,rec. → exec. p99 (s),,V1,1.745597075314474,0.4783288049328638,0.04315751350374524,10
auth5-owned-v1-qps2000-n4,rec. → exec. p99 (s),,V2,0.4595609568617291,0.08260200884073858,0.023977541128737498,10
auth5-owned-v1-qps2000-n4,pc valid. lat. p50 (s),,V1,0.041994645098367325,0.005764331788859272,0.001586417605690305,10
auth5-owned-v1-qps2000-n4,pc valid. lat. p50 (s),,V2,0.00542174668442354,0.001142419280450912,0.0002550615776782355,10
auth5-owned-v1-qps2000-n4,pc valid. lat. p95 (s),,V1,0.18711431611402468,0.020218966952693027,0.0036582614578034895,10
auth5-owned-v1-qps2000-n4,pc valid. lat. p95 (s),,V2,0.02041535386816387,0.0032194755051194505,0.0005927206173817898,10
auth5-owned-v1-qps2000-n4,exec. lat. p95 (s),,V1,0.02072109233579072,0.0031013972227744617,0.0002926541063319726,10
auth5-owned-v1-qps2000-n4,exec. lat. p95 (s),,V2,0.021742254131090023,0.0029538031654368583,0.00038254605461957074,10
auth5-owned-v1-qps2000-n4,valid. drop. / sec,,V1,0.0,0.0,0.0,10
auth5-owned-v1-qps2000-n4,valid. drop. / sec,,V2,0.0,0.0,0.0,10
auth5-owned-v1-qps2000-n4,final. lat. p50 (s),,V1,nan,nan,nan,10
auth5-owned-v1-qps2000-n4,final. lat. p50 (s),,V2,nan,nan,nan,10
auth5-owned-v1-qps2000-n4,final. lat. p95 (s),,V1,nan,nan,nan,10
auth5-owned-v1-qps2000-n4,final. lat. p95 (s),,V2,nan,nan,nan,10
auth5-owned-v1-qps2000-n4,final. lat. p99 (s),,V1,nan,nan,nan,10
auth5-owned-v1-qps2000-n4,final. lat. p99 (s),,V2,nan,nan,nan,10
auth5-owned-v1-qps2000-n4,submit lat. p50 (s),,V1,nan,nan,nan,10
auth5-owned-v1-qps2000-n4,submit lat. p50 (s),,V2,nan,nan,nan,10
auth5-owned-v1-qps2000-n4,submit lat. p95 (s),,V1,nan,nan,nan,10
auth5-owned-v1-qps2000-n4,submit lat. p95 (s),,V2,nan,nan,nan,10
auth5-owned-v1-qps2000-n4,ckpt lag p50 (s),,V1,0.9707633997512066,1.2791707057248063,0.1553811077520586,10
auth5-owned-v1-qps2000-n4,ckpt lag p50 (s),,V2,0.3202697570516131,0.8796919363189608,0.10581121786425432,10
auth5-owned-v1-qps2000-n4,ckpt lag p95 (s),,V1,2.1379583930914117,3.6406378876280003,0.4037767527741347,10
auth5-owned-v1-qps2000-n4,ckpt lag p95 (s),,V2,0.6590026759535862,2.0060669754049445,0.279173146018859,10
auth5-owned-v1-qps2000-n4,ckpt lag p99 (s),,V1,2.4721915701912,4.184128318490385,0.4729207791972787,10
auth5-owned-v1-qps2000-n4,ckpt lag p99 (s),,V2,0.7473864591477591,2.1716258283601277,0.3058595494091038,10
auth5-owned-v1-qps2000-n4,exec. dispatch queue,,V1,1076.6,465.2025795285318,155.0675265095106,10
auth5-owned-v1-qps2000-n4,exec. dispatch queue,,V2,615.8,215.7228777853661,71.90762592845536,10
auth5-owned-v1-qps2000-n4,pending txs,,V1,37.6,75.26911717298138,25.089705724327125,10
auth5-owned-v1-qps2000-n4,pending txs,,V2,6.7,3.4942810419312296,1.1647603473104098,10
auth5-owned-v1-qps2000-n4,exec. queue. delay p95 (s),,V1,0.12982655081264732,0.10986954748245992,0.016288423275427927,10
auth5-owned-v1-qps2000-n4,exec. queue. delay p95 (s),,V2,0.07249164482848132,0.038459371202322463,0.008211473622789733,10
auth5-owned-v1-qps2000-n4,post-cons shed drops / sec,,V1,0.9205592105263158,5.626951855781565,0.9175409836065574,10
auth5-owned-v1-qps2000-n4,post-cons shed drops / sec,,V2,3.4761120263591434,23.86855491465652,3.5166666666666666,10
auth5-owned-v1-qps2000-n4,shed % quorum,,V1,0.3,0.9000000000000001,0.3,10
auth5-owned-v1-qps2000-n4,shed % quorum,,V2,2.1,6.3,2.0999999999999996,10
auth5-owned-v1-qps2000-n4,shed % local,,V1,3.5,4.2485291572496005,1.4161763857498668,10
auth5-owned-v1-qps2000-n4,shed % local,,V2,3.9,7.23118247591637,2.41039415863879,10
auth5-owned-v1-qps2000-n4,shed % cons-queue,,V1,0.0,0.0,0.0,10
auth5-owned-v1-qps2000-n4,shed % cons-queue,,V2,0.0,0.0,0.0,10
auth5-owned-v1-qps2000-n4,pre-cons overload rej / sec,,V1,nan,nan,nan,10
auth5-owned-v1-qps2000-n4,pre-cons overload rej / sec,,V2,nan,nan,nan,10
auth5-owned-v1-qps2000-n4,node CPU,,V1,10.306900762597285,1.725090478270605,0.0821962227994361,10
auth5-owned-v1-qps2000-n4,node CPU,,V2,9.72443269482069,1.8818468050276373,0.19271946391246494,10
auth5-owned-v1-qps2000-n4,node memory RSS (bytes),,V1,1554113063.0016208,601175940.8128827,18751943.323056597,10
auth5-owned-v1-qps2000-n4,node memory RSS (bytes),,V2,1583720860.2597404,598138220.4638679,13675138.47887759,10
auth5-owned-v1-qps2000-n4,overload graduated / sec,,V1,nan,nan,nan,10
auth5-owned-v1-qps2000-n4,overload graduated / sec,,V2,nan,nan,nan,10
auth5-owned-v1-qps2000-n4,overload max-pending / sec,,V1,nan,nan,nan,10
auth5-owned-v1-qps2000-n4,overload max-pending / sec,,V2,nan,nan,nan,10
auth5-owned-v1-qps2000-n4,overload semaphore / sec,,V1,nan,nan,nan,10
auth5-owned-v1-qps2000-n4,overload semaphore / sec,,V2,nan,nan,nan,10
auth5-owned-v1-qps2000-n4,attest. exec p50 (s),,V1,nan,nan,nan,10
auth5-owned-v1-qps2000-n4,attest. exec p50 (s),,V2,0.00254653790876591,0.00013335703095890522,1.115094941457635e-05,10
auth5-owned-v1-qps2000-n4,attest. exec p95 (s),,V1,nan,nan,nan,10
auth5-owned-v1-qps2000-n4,attest. exec p95 (s),,V2,0.00475507444797472,1.3431078340632896e-05,1.0961589376812531e-06,10
auth5-owned-v1-qps2000-n4,attest. exec p99 (s),,V1,nan,nan,nan,10
auth5-owned-v1-qps2000-n4,attest. exec p99 (s),,V2,0.004951388807015503,2.859724670361646e-06,2.307088955475593e-07,10
auth5-owned-v1-qps2000-n4,attest. wait p50 (s),,V1,nan,nan,nan,10
auth5-owned-v1-qps2000-n4,attest. wait p50 (s),,V2,0.000509860286243784,2.1621548104970224e-06,3.824969568292878e-07,10
auth5-owned-v1-qps2000-n4,attest. wait p95 (s),,V1,nan,nan,nan,10
auth5-owned-v1-qps2000-n4,attest. wait p95 (s),,V2,0.0009687345438631894,4.108094139944342e-06,7.26744217975663e-07,10
auth5-owned-v1-qps2000-n4,attest. wait p99 (s),,V1,nan,nan,nan,10
auth5-owned-v1-qps2000-n4,attest. wait p99 (s),,V2,0.0029706044957036053,0.0005182171919870359,9.220660170361248e-05,10
auth5-owned-v1-qps2000-n4,attest. resume p50 (s),,V1,nan,nan,nan,10
auth5-owned-v1-qps2000-n4,attest. resume p50 (s),,V2,0.0005006304868215267,4.127018836433644e-07,7.445203290553616e-08,10
auth5-owned-v1-qps2000-n4,attest. resume p95 (s),,V1,nan,nan,nan,10
auth5-owned-v1-qps2000-n4,attest. resume p95 (s),,V2,0.0009511979249609007,7.841335789223976e-07,1.4145886252052618e-07,10
auth5-owned-v1-qps2000-n4,attest. resume p99 (s),,V1,nan,nan,nan,10
auth5-owned-v1-qps2000-n4,attest. resume p99 (s),,V2,0.0009912483639066228,8.171497296138688e-07,1.474150251529653e-07,10
auth5-owned-v1-qps2000-n4,num_inflight,,V1,1984.5,28.260396317107798,9.4201321057026,10
auth5-owned-v1-qps2000-n4,num_inflight,,V2,656.5,117.25207887282852,39.08402629094284,10
auth5-owned-v1-qps2000-n4,CUs,,V1,nan,nan,nan,10
auth5-owned-v1-qps2000-n4,CUs,,V2,1000.0,6.558303724981181e-14,0.0,10
auth5-owned-v4-qps2000-n4,TPS,,V1,1890.465142723756,124.5960671574575,5.03839726934309,10
auth5-owned-v4-qps2000-n4,TPS,,V2,2007.7045201204437,282.54323429235126,8.888952598420435,10
auth5-owned-v4-qps2000-n4,attest. full p50 (s),,V1,nan,nan,nan,10
auth5-owned-v4-qps2000-n4,attest. full p50 (s),,V2,0.0026819603177045803,6.650846198079485e-05,1.1428354769590202e-05,10
auth5-owned-v4-qps2000-n4,attest. full p95 (s),,V1,nan,nan,nan,10
auth5-owned-v4-qps2000-n4,attest. full p95 (s),,V2,0.004774635960488508,7.2219180582682235e-06,9.991756342054917e-07,10
auth5-owned-v4-qps2000-n4,attest. full p99 (s),,V1,nan,nan,nan,10
auth5-owned-v4-qps2000-n4,attest. full p99 (s),,V2,0.004960651573180414,3.5920994477283692e-06,3.6993132346983606e-07,10
auth5-owned-v4-qps2000-n4,attest. / sec,,V1,0.0,0.0,0.0,10
auth5-owned-v4-qps2000-n4,attest. / sec,,V2,1001.3985968200791,98.29431663706416,3.692254689772971,10
auth5-owned-v4-qps2000-n4,host CPU,,V1,38.20450923951618,13.713421996292094,0.08705545239559016,10
auth5-owned-v4-qps2000-n4,host CPU,,V2,33.83130585761752,12.29480757221288,0.3915444622363279,10
auth5-owned-v4-qps2000-n4,rec. → exec. p50 (s),,V1,1.1096003496359208,0.37390808997326175,0.02339717477431568,10
auth5-owned-v4-qps2000-n4,rec. → exec. p50 (s),,V2,0.20209601394276444,0.02932707862943043,0.004613550448810206,10
auth5-owned-v4-qps2000-n4,rec. → exec. p95 (s),,V1,1.6660870296524246,0.46172506992927986,0.019505672160427614,10
auth5-owned-v4-qps2000-n4,rec. → exec. p95 (s),,V2,0.41558638522913394,0.07564704193455332,0.023820787599584125,10
auth5-owned-v4-qps2000-n4,rec. → exec. p99 (s),,V1,1.7461993826935973,0.45302406393852257,0.020186269140913295,10
auth5-owned-v4-qps2000-n4,rec. → exec. p99 (s),,V2,0.47063494712525183,0.06074281486864322,0.01615094855738749,10
auth5-owned-v4-qps2000-n4,pc valid. lat. p50 (s),,V1,0.04639514344060992,0.0027622688815078923,0.0006582632380312849,10
auth5-owned-v4-qps2000-n4,pc valid. lat. p50 (s),,V2,0.005096250193248118,0.0005714756706010625,0.00015374040123288077,10
auth5-owned-v4-qps2000-n4,pc valid. lat. p95 (s),,V1,0.11190016002266027,0.02425602162685746,0.006293254572452064,10
auth5-owned-v4-qps2000-n4,pc valid. lat. p95 (s),,V2,0.016583555389244355,0.0031903657764662985,0.0005504791517823886,10
auth5-owned-v4-qps2000-n4,exec. lat. p95 (s),,V1,0.021033441862453234,0.0013579139381525598,6.488575229043836e-05,10
auth5-owned-v4-qps2000-n4,exec. lat. p95 (s),,V2,0.021841045180653797,0.0022412907130263484,0.0002102978981650957,10
auth5-owned-v4-qps2000-n4,valid. drop. / sec,,V1,0.0,0.0,0.0,10
auth5-owned-v4-qps2000-n4,valid. drop. / sec,,V2,0.0,0.0,0.0,10
auth5-owned-v4-qps2000-n4,final. lat. p50 (s),,V1,nan,nan,nan,10
auth5-owned-v4-qps2000-n4,final. lat. p50 (s),,V2,nan,nan,nan,10
auth5-owned-v4-qps2000-n4,final. lat. p95 (s),,V1,nan,nan,nan,10
auth5-owned-v4-qps2000-n4,final. lat. p95 (s),,V2,nan,nan,nan,10
auth5-owned-v4-qps2000-n4,final. lat. p99 (s),,V1,nan,nan,nan,10
auth5-owned-v4-qps2000-n4,final. lat. p99 (s),,V2,nan,nan,nan,10
auth5-owned-v4-qps2000-n4,submit lat. p50 (s),,V1,nan,nan,nan,10
auth5-owned-v4-qps2000-n4,submit lat. p50 (s),,V2,nan,nan,nan,10
auth5-owned-v4-qps2000-n4,submit lat. p95 (s),,V1,nan,nan,nan,10
auth5-owned-v4-qps2000-n4,submit lat. p95 (s),,V2,nan,nan,nan,10
auth5-owned-v4-qps2000-n4,ckpt lag p50 (s),,V1,0.7655730511284623,0.2765647211591252,0.03074549166779184,10
auth5-owned-v4-qps2000-n4,ckpt lag p50 (s),,V2,0.27605385348584105,0.7137056600993174,0.08956119408672408,10
auth5-owned-v4-qps2000-n4,ckpt lag p95 (s),,V1,1.1101960972179608,0.7649049571809552,0.10089202377852971,10
auth5-owned-v4-qps2000-n4,ckpt lag p95 (s),,V2,0.5808842512711018,1.6368961780512732,0.23654052437736628,10
auth5-owned-v4-qps2000-n4,ckpt lag p99 (s),,V1,1.1985119437573948,0.813333619153564,0.10911947072970674,10
auth5-owned-v4-qps2000-n4,ckpt lag p99 (s),,V2,0.6818270306308227,1.9250215633078742,0.2785532182025586,10
auth5-owned-v4-qps2000-n4,exec. dispatch queue,,V1,614.7,368.70531593672473,122.90177197890823,10
auth5-owned-v4-qps2000-n4,exec. dispatch queue,,V2,592.3,166.6211571199768,55.54038570665893,10
auth5-owned-v4-qps2000-n4,pending txs,,V1,6.9,3.448187929913334,1.149395976637778,10
auth5-owned-v4-qps2000-n4,pending txs,,V2,7.3,3.551056180912941,1.183685393637647,10
auth5-owned-v4-qps2000-n4,exec. queue. delay p95 (s),,V1,0.06833791760528238,0.06212587884046436,0.013109534745971116,10
auth5-owned-v4-qps2000-n4,exec. queue. delay p95 (s),,V2,0.07104616050036998,0.027265290330343365,0.005731044747095621,10
auth5-owned-v4-qps2000-n4,post-cons shed drops / sec,,V1,0.0,0.0,0.0,10
auth5-owned-v4-qps2000-n4,post-cons shed drops / sec,,V2,1.1061872909698995,8.21736548394281,1.1024999999999998,10
auth5-owned-v4-qps2000-n4,shed % quorum,,V1,0.0,0.0,0.0,10
auth5-owned-v4-qps2000-n4,shed % quorum,,V2,0.4,1.2000000000000002,0.39999999999999997,10
auth5-owned-v4-qps2000-n4,shed % local,,V1,0.5,1.5,0.5,10
auth5-owned-v4-qps2000-n4,shed % local,,V2,6.4,8.175573374387879,2.7251911247959595,10
auth5-owned-v4-qps2000-n4,shed % cons-queue,,V1,0.0,0.0,0.0,10
auth5-owned-v4-qps2000-n4,shed % cons-queue,,V2,0.0,0.0,0.0,10
auth5-owned-v4-qps2000-n4,pre-cons overload rej / sec,,V1,nan,nan,nan,10
auth5-owned-v4-qps2000-n4,pre-cons overload rej / sec,,V2,nan,nan,nan,10
auth5-owned-v4-qps2000-n4,node CPU,,V1,9.190989225129215,1.312036657455618,0.055466143494431894,10
auth5-owned-v4-qps2000-n4,node CPU,,V2,8.247628578563583,1.3270022136688318,0.12883844368820468,10
auth5-owned-v4-qps2000-n4,node memory RSS (bytes),,V1,1501340375.1400652,547191086.8592644,11709357.490113955,10
auth5-owned-v4-qps2000-n4,node memory RSS (bytes),,V2,1609975302.6493506,633463491.4416593,12983171.199620763,10
auth5-owned-v4-qps2000-n4,overload graduated / sec,,V1,nan,nan,nan,10
auth5-owned-v4-qps2000-n4,overload graduated / sec,,V2,nan,nan,nan,10
auth5-owned-v4-qps2000-n4,overload max-pending / sec,,V1,nan,nan,nan,10
auth5-owned-v4-qps2000-n4,overload max-pending / sec,,V2,nan,nan,nan,10
auth5-owned-v4-qps2000-n4,overload semaphore / sec,,V1,nan,nan,nan,10
auth5-owned-v4-qps2000-n4,overload semaphore / sec,,V2,nan,nan,nan,10
auth5-owned-v4-qps2000-n4,attest. exec p50 (s),,V1,nan,nan,nan,10
auth5-owned-v4-qps2000-n4,attest. exec p50 (s),,V2,0.0025870562691673606,7.785089977282044e-05,1.380919507213402e-05,10
auth5-owned-v4-qps2000-n4,attest. exec p95 (s),,V1,nan,nan,nan,10
auth5-owned-v4-qps2000-n4,attest. exec p95 (s),,V2,0.004758960613240379,7.778628086641196e-06,1.3545462259524659e-06,10
auth5-owned-v4-qps2000-n4,attest. exec p99 (s),,V1,nan,nan,nan,10
auth5-owned-v4-qps2000-n4,attest. exec p99 (s),,V2,0.00495201877715798,1.6028128671509024e-06,2.505870284504663e-07,10
auth5-owned-v4-qps2000-n4,attest. wait p50 (s),,V1,nan,nan,nan,10
auth5-owned-v4-qps2000-n4,attest. wait p50 (s),,V2,0.0005074431086139387,1.212832283888885e-06,1.3034763560096376e-07,10
auth5-owned-v4-qps2000-n4,attest. wait p95 (s),,V1,nan,nan,nan,10
auth5-owned-v4-qps2000-n4,attest. wait p95 (s),,V2,0.0009641419063664832,2.30438133938888e-06,2.476605076418543e-07,10
auth5-owned-v4-qps2000-n4,attest. wait p99 (s),,V1,nan,nan,nan,10
auth5-owned-v4-qps2000-n4,attest. wait p99 (s),,V2,0.002256107374534138,0.00045405175685326796,4.775891162508872e-05,10
auth5-owned-v4-qps2000-n4,attest. resume p50 (s),,V1,nan,nan,nan,10
auth5-owned-v4-qps2000-n4,attest. resume p50 (s),,V2,0.0005004233883441358,2.5763517758887726e-07,3.572684484881477e-08,10
auth5-owned-v4-qps2000-n4,attest. resume p95 (s),,V1,nan,nan,nan,10
auth5-owned-v4-qps2000-n4,attest. resume p95 (s),,V2,0.0009508044378538582,4.895068374188683e-07,6.78810052127539e-08,10
auth5-owned-v4-qps2000-n4,attest. resume p99 (s),,V1,nan,nan,nan,10
auth5-owned-v4-qps2000-n4,attest. resume p99 (s),,V2,0.000990838308921389,5.101176516259791e-07,7.073915280067161e-08,10
auth5-owned-v4-qps2000-n4,num_inflight,,V1,1806.3,90.1809846918961,30.06032823063203,10
auth5-owned-v4-qps2000-n4,num_inflight,,V2,411.3,80.20355353723424,26.734517845744747,10
auth5-owned-v4-qps2000-n4,CUs,,V1,nan,nan,nan,10
auth5-owned-v4-qps2000-n4,CUs,,V2,1000.0,6.084446490704248e-14,0.0,10
auth10-owned-f1-qps200-n4,TPS,,V1,193.3036606465681,64.58725925631545,14.663607227105269,10
auth10-owned-f1-qps200-n4,TPS,,V2,222.15037944741388,3.2256141352785783,0.2677748042081021,10
auth10-owned-f1-qps200-n4,attest. full p50 (s),,V1,nan,nan,nan,10
auth10-owned-f1-qps200-n4,attest. full p50 (s),,V2,0.002998481655218653,2.1622275572840463e-06,3.0312566351513784e-07,10
auth10-owned-f1-qps200-n4,attest. full p95 (s),,V1,nan,nan,nan,10
auth10-owned-f1-qps200-n4,attest. full p95 (s),,V2,0.004800278804273614,1.05698646077849e-06,1.9333259318155334e-07,10
auth10-owned-f1-qps200-n4,attest. full p99 (s),,V1,nan,nan,nan,10
auth10-owned-f1-qps200-n4,attest. full p99 (s),,V2,0.004960438550856276,1.0783806295699984e-06,1.917089006007456e-07,10
auth10-owned-f1-qps200-n4,attest. / sec,,V1,0.0,0.0,0.0,10
auth10-owned-f1-qps200-n4,attest. / sec,,V2,98.5423293920743,6.293475546404578,0.7384999443210665,10
auth10-owned-f1-qps200-n4,host CPU,,V1,9.078618608711423,4.00545457632244,0.48317612003893184,10
auth10-owned-f1-qps200-n4,host CPU,,V2,8.953416450213062,3.1894111090887307,0.03202898662112861,10
auth10-owned-f1-qps200-n4,rec. → exec. p50 (s),,V1,0.24190107432361566,0.06541877423213621,0.012873903637448858,10
auth10-owned-f1-qps200-n4,rec. → exec. p50 (s),,V2,0.2083140715110171,0.04760837592356226,0.0052622311368378735,10
auth10-owned-f1-qps200-n4,rec. → exec. p95 (s),,V1,0.43770872361098134,0.06799359411225493,0.016454578350855315,10
auth10-owned-f1-qps200-n4,rec. → exec. p95 (s),,V2,0.4276655944427847,0.05712406029272783,0.01644381844360813,10
auth10-owned-f1-qps200-n4,rec. → exec. p99 (s),,V1,0.49612013389945187,0.07201214671617437,0.010414876861121346,10
auth10-owned-f1-qps200-n4,rec. → exec. p99 (s),,V2,0.47956969738250504,0.06085328383956682,0.015094691533015705,10
auth10-owned-f1-qps200-n4,pc valid. lat. p50 (s),,V1,0.014254184095058986,0.006046309735300759,0.0014446707812382435,10
auth10-owned-f1-qps200-n4,pc valid. lat. p50 (s),,V2,0.0006132066979877308,3.5114489573702185e-05,7.85828511155238e-06,10
auth10-owned-f1-qps200-n4,pc valid. lat. p95 (s),,V1,0.043803313609079846,0.012928962119797289,0.0026794708641765352,10
auth10-owned-f1-qps200-n4,pc valid. lat. p95 (s),,V2,0.0038843259501558456,0.0002490459147268395,2.9694582434604138e-05,10
auth10-owned-f1-qps200-n4,exec. lat. p95 (s),,V1,0.008775338388015,0.0021188921123834236,0.00038275297720790594,10
auth10-owned-f1-qps200-n4,exec. lat. p95 (s),,V2,0.009508199799083704,0.0010031220512946454,0.00010781301926717961,10
auth10-owned-f1-qps200-n4,valid. drop. / sec,,V1,0.0,0.0,0.0,10
auth10-owned-f1-qps200-n4,valid. drop. / sec,,V2,0.0,0.0,0.0,10
auth10-owned-f1-qps200-n4,final. lat. p50 (s),,V1,0.22045650538946834,0.009467241267879388,0.0023267288561473736,10
auth10-owned-f1-qps200-n4,final. lat. p50 (s),,V2,0.19230532769276673,0.007385018773666507,0.0019384627089006313,10
auth10-owned-f1-qps200-n4,final. lat. p95 (s),,V1,0.33586665462555443,0.06395920704597809,0.019637495058228746,10
auth10-owned-f1-qps200-n4,final. lat. p95 (s),,V2,0.315719940508427,0.03204048870276335,0.009333332972825419,10
auth10-owned-f1-qps200-n4,final. lat. p99 (s),,V1,0.37987115673864963,0.08270878205132884,0.02444146191983421,10
auth10-owned-f1-qps200-n4,final. lat. p99 (s),,V2,0.3688237736002686,0.05277429550421969,0.014397797801540008,10
auth10-owned-f1-qps200-n4,submit lat. p50 (s),,V1,0.026970287980403174,0.002174764596273876,0.00020524363980680663,10
auth10-owned-f1-qps200-n4,submit lat. p50 (s),,V2,0.025475881535471645,0.0017815299354525828,0.0002584831884388405,10
auth10-owned-f1-qps200-n4,submit lat. p95 (s),,V1,0.04769800582010634,0.0002090594136840983,2.0990222780690994e-05,10
auth10-owned-f1-qps200-n4,submit lat. p95 (s),,V2,0.04753797401733146,0.00019745598786096425,2.9469564339826147e-05,10
auth10-owned-f1-qps200-n4,ckpt lag p50 (s),,V1,0.6711389968077188,2.121335740756096,0.36172374189867146,10
auth10-owned-f1-qps200-n4,ckpt lag p50 (s),,V2,0.16877931491108786,0.0072488580557138705,0.0016378569966251475,10
auth10-owned-f1-qps200-n4,ckpt lag p95 (s),,V1,1.3309487427356086,3.950592886278588,0.6607228020566641,10
auth10-owned-f1-qps200-n4,ckpt lag p95 (s),,V2,0.26453854205141913,0.03176918765474442,0.008113173694506304,10
auth10-owned-f1-qps200-n4,ckpt lag p99 (s),,V1,1.4739785367883131,4.210921360747811,0.6966907901013876,10
auth10-owned-f1-qps200-n4,ckpt lag p99 (s),,V2,0.31650619001259256,0.05981105916431953,0.010917080630147152,10
auth10-owned-f1-qps200-n4,exec. dispatch queue,,V1,14.3,15.518054001710393,5.172684667236798,10
auth10-owned-f1-qps200-n4,exec. dispatch queue,,V2,5.2,6.368673331236264,2.122891110412088,10
auth10-owned-f1-qps200-n4,pending txs,,V1,2.2,1.7204650534085253,0.5734883511361751,10
auth10-owned-f1-qps200-n4,pending txs,,V2,1.1,1.3,0.43333333333333335,10
auth10-owned-f1-qps200-n4,exec. queue. delay p95 (s),,V1,0.0004791756665134069,2.9780692494795176e-05,4.175666513406894e-06,10
auth10-owned-f1-qps200-n4,exec. queue. delay p95 (s),,V2,0.000475,3.8990135609683586e-20,1.2777445139028117e-20,10
auth10-owned-f1-qps200-n4,post-cons shed drops / sec,,V1,0.0,0.0,0.0,10
auth10-owned-f1-qps200-n4,post-cons shed drops / sec,,V2,0.0,0.0,0.0,10
auth10-owned-f1-qps200-n4,shed % quorum,,V1,0.0,0.0,0.0,10
auth10-owned-f1-qps200-n4,shed % quorum,,V2,0.0,0.0,0.0,10
auth10-owned-f1-qps200-n4,shed % local,,V1,0.0,0.0,0.0,10
auth10-owned-f1-qps200-n4,shed % local,,V2,0.0,0.0,0.0,10
auth10-owned-f1-qps200-n4,shed % cons-queue,,V1,0.0,0.0,0.0,10
auth10-owned-f1-qps200-n4,shed % cons-queue,,V2,0.0,0.0,0.0,10
auth10-owned-f1-qps200-n4,pre-cons overload rej / sec,,V1,nan,nan,nan,10
auth10-owned-f1-qps200-n4,pre-cons overload rej / sec,,V2,nan,nan,nan,10
auth10-owned-f1-qps200-n4,node CPU,,V1,1.8142939722582976,0.5519456189222992,0.10437963768873787,10
auth10-owned-f1-qps200-n4,node CPU,,V2,1.6848687071780273,0.24171551653539347,0.008698061766784244,10
auth10-owned-f1-qps200-n4,node memory RSS (bytes),,V1,520874622.6983051,77725908.2310701,5829070.021688596,10
auth10-owned-f1-qps200-n4,node memory RSS (bytes),,V2,528166392.20304567,87637538.57643424,4364527.652461985,10
auth10-owned-f1-qps200-n4,overload graduated / sec,,V1,nan,nan,nan,10
auth10-owned-f1-qps200-n4,overload graduated / sec,,V2,nan,nan,nan,10
auth10-owned-f1-qps200-n4,overload max-pending / sec,,V1,nan,nan,nan,10
auth10-owned-f1-qps200-n4,overload max-pending / sec,,V2,nan,nan,nan,10
auth10-owned-f1-qps200-n4,overload semaphore / sec,,V1,nan,nan,nan,10
auth10-owned-f1-qps200-n4,overload semaphore / sec,,V2,nan,nan,nan,10
auth10-owned-f1-qps200-n4,attest. exec p50 (s),,V1,nan,nan,nan,10
auth10-owned-f1-qps200-n4,attest. exec p50 (s),,V2,0.002997310295654186,2.518205431530981e-06,3.969832744636656e-07,10
auth10-owned-f1-qps200-n4,attest. exec p95 (s),,V1,nan,nan,nan,10
auth10-owned-f1-qps200-n4,attest. exec p95 (s),,V2,0.004799792541119546,4.767725365278895e-07,6.353166406822226e-08,10
auth10-owned-f1-qps200-n4,attest. exec p99 (s),,V1,nan,nan,nan,10
auth10-owned-f1-qps200-n4,attest. exec p99 (s),,V2,0.004960013185160912,4.665548889518849e-07,6.5086664046868e-08,10
auth10-owned-f1-qps200-n4,attest. wait p50 (s),,V1,nan,nan,nan,10
auth10-owned-f1-qps200-n4,attest. wait p50 (s),,V2,0.0005002606440455819,4.15942085109947e-07,8.193497799522693e-08,10
auth10-owned-f1-qps200-n4,attest. wait p95 (s),,V1,nan,nan,nan,10
auth10-owned-f1-qps200-n4,attest. wait p95 (s),,V2,0.0009504952236866059,7.902899617088924e-07,1.5567645819093038e-07,10
auth10-owned-f1-qps200-n4,attest. wait p99 (s),,V1,nan,nan,nan,10
auth10-owned-f1-qps200-n4,attest. wait p99 (s),,V2,0.0009905160752102522,8.235653285176947e-07,1.622312564305516e-07,10
auth10-owned-f1-qps200-n4,attest. resume p50 (s),,V1,nan,nan,nan,10
auth10-owned-f1-qps200-n4,attest. resume p50 (s),,V2,0.0005002242067904896,1.2172367751286015e-06,1.1643696825451561e-07,10
auth10-owned-f1-qps200-n4,attest. resume p95 (s),,V1,nan,nan,nan,10
auth10-owned-f1-qps200-n4,attest. resume p95 (s),,V2,0.0009504259929019303,2.3127498727443357e-06,2.212302396835927e-07,10
auth10-owned-f1-qps200-n4,attest. resume p99 (s),,V1,nan,nan,nan,10
auth10-owned-f1-qps200-n4,attest. resume p99 (s),,V2,0.001002475177199699,0.00016886052832498422,1.2206824060873756e-05,10
auth10-owned-f1-qps200-n4,num_inflight,,V1,40.7,7.772387020729218,2.5907956735764057,10
auth10-owned-f1-qps200-n4,num_inflight,,V2,40.7,6.0174745533321525,2.0058248511107175,10
auth10-owned-f1-qps200-n4,CUs,,V1,nan,nan,nan,10
auth10-owned-f1-qps200-n4,CUs,,V2,1000.0,7.50138586993055e-14,0.0,10
auth10-owned-v1-qps200-n4,TPS,,V1,220.72524312541918,28.541796427572546,1.2377163830165292,10
auth10-owned-v1-qps200-n4,TPS,,V2,210.06104555779908,61.20201439916995,11.410769386957531,10
auth10-owned-v1-qps200-n4,attest. full p50 (s),,V1,nan,nan,nan,10
auth10-owned-v1-qps200-n4,attest. full p50 (s),,V2,0.0030011151297105187,4.493483074394026e-06,6.926737565575225e-07,10
auth10-owned-v1-qps200-n4,attest. full p95 (s),,V1,nan,nan,nan,10
auth10-owned-v1-qps200-n4,attest. full p95 (s),,V2,0.00480310928058127,8.330067263667736e-06,1.266040550279989e-06,10
auth10-owned-v1-qps200-n4,attest. full p99 (s),,V1,nan,nan,nan,10
auth10-owned-v1-qps200-n4,attest. full p99 (s),,V2,0.00497845681250818,0.00011479784639089034,1.641423663826669e-05,10
auth10-owned-v1-qps200-n4,attest. / sec,,V1,0.0,0.0,0.0,10
auth10-owned-v1-qps200-n4,attest. / sec,,V2,198.57386140557517,16.75365858227276,0.5696708922253025,10
auth10-owned-v1-qps200-n4,host CPU,,V1,9.478404923115352,3.5534334807325325,0.04809047174418044,10
auth10-owned-v1-qps200-n4,host CPU,,V2,8.261858779762756,3.1532579359113284,0.1366828183557369,10
auth10-owned-v1-qps200-n4,rec. → exec. p50 (s),,V1,0.23120781589002354,0.042603757633583664,0.013582482359615221,10
auth10-owned-v1-qps200-n4,rec. → exec. p50 (s),,V2,0.1893912328866502,0.008925759046218666,0.00241513450585941,10
auth10-owned-v1-qps200-n4,rec. → exec. p95 (s),,V1,0.44075671039427416,0.05820214395165757,0.018488477429257813,10
auth10-owned-v1-qps200-n4,rec. → exec. p95 (s),,V2,0.39455645584396487,0.07642974059845555,0.023834171959807252,10
auth10-owned-v1-qps200-n4,rec. → exec. p99 (s),,V1,0.4974170472304709,0.049264258484500764,0.008382152745541452,10
auth10-owned-v1-qps200-n4,rec. → exec. p99 (s),,V2,0.47438141641125814,0.05627042318790935,0.013144386149434717,10
auth10-owned-v1-qps200-n4,pc valid. lat. p50 (s),,V1,0.013737891257204189,0.004599345931638809,0.0013386983603284742,10
auth10-owned-v1-qps200-n4,pc valid. lat. p50 (s),,V2,0.0004988065426648609,4.064243968792114e-05,9.855447078953968e-06,10
auth10-owned-v1-qps200-n4,pc valid. lat. p95 (s),,V1,0.050858985456585584,0.005044314965787244,0.0011928063911759133,10
auth10-owned-v1-qps200-n4,pc valid. lat. p95 (s),,V2,0.004294542157735086,5.999748986771781e-05,1.2295437994838654e-05,10
auth10-owned-v1-qps200-n4,exec. lat. p95 (s),,V1,0.009695945513770718,0.001396520185445243,0.000178864761332375,10
auth10-owned-v1-qps200-n4,exec. lat. p95 (s),,V2,0.01006506698988654,0.0025310071897655883,0.00030666241571780623,10
auth10-owned-v1-qps200-n4,valid. drop. / sec,,V1,0.0,0.0,0.0,10
auth10-owned-v1-qps200-n4,valid. drop. / sec,,V2,0.0,0.0,0.0,10
auth10-owned-v1-qps200-n4,final. lat. p50 (s),,V1,nan,nan,nan,10
auth10-owned-v1-qps200-n4,final. lat. p50 (s),,V2,nan,nan,nan,10
auth10-owned-v1-qps200-n4,final. lat. p95 (s),,V1,nan,nan,nan,10
auth10-owned-v1-qps200-n4,final. lat. p95 (s),,V2,nan,nan,nan,10
auth10-owned-v1-qps200-n4,final. lat. p99 (s),,V1,nan,nan,nan,10
auth10-owned-v1-qps200-n4,final. lat. p99 (s),,V2,nan,nan,nan,10
auth10-owned-v1-qps200-n4,submit lat. p50 (s),,V1,nan,nan,nan,10
auth10-owned-v1-qps200-n4,submit lat. p50 (s),,V2,nan,nan,nan,10
auth10-owned-v1-qps200-n4,submit lat. p95 (s),,V1,nan,nan,nan,10
auth10-owned-v1-qps200-n4,submit lat. p95 (s),,V2,nan,nan,nan,10
auth10-owned-v1-qps200-n4,ckpt lag p50 (s),,V1,0.24373430587930164,0.47928640558167795,0.05808184730342918,10
auth10-owned-v1-qps200-n4,ckpt lag p50 (s),,V2,0.732984707735236,3.18086151421988,0.8019956976671222,10
auth10-owned-v1-qps200-n4,ckpt lag p95 (s),,V1,0.5020839925008511,1.4745335935651562,0.20794705105208727,10
auth10-owned-v1-qps200-n4,ckpt lag p95 (s),,V2,1.281440955087312,5.255745040102875,1.2844030429255846,10
auth10-owned-v1-qps200-n4,ckpt lag p99 (s),,V1,0.6073435367796516,1.8690814872863641,0.2690250653294011,10
auth10-owned-v1-qps200-n4,ckpt lag p99 (s),,V2,1.4001268690874857,5.5320375277105995,1.3373438112529723,10
auth10-owned-v1-qps200-n4,exec. dispatch queue,,V1,13.0,15.652475842498529,5.217491947499509,10
auth10-owned-v1-qps200-n4,exec. dispatch queue,,V2,6.0,7.9498427657407165,2.649947588580239,10
auth10-owned-v1-qps200-n4,pending txs,,V1,1.0,1.0954451150103321,0.3651483716701107,10
auth10-owned-v1-qps200-n4,pending txs,,V2,1.2,1.7204650534085253,0.5734883511361751,10
auth10-owned-v1-qps200-n4,exec. queue. delay p95 (s),,V1,0.0004854799242210902,6.534029350230279e-05,1.0479924221090231e-05,10
auth10-owned-v1-qps200-n4,exec. queue. delay p95 (s),,V2,0.0005127085939776104,0.00012521100166268387,2.889478620418329e-05,10
auth10-owned-v1-qps200-n4,post-cons shed drops / sec,,V1,0.0,0.0,0.0,10
auth10-owned-v1-qps200-n4,post-cons shed drops / sec,,V2,0.0,0.0,0.0,10
auth10-owned-v1-qps200-n4,shed % quorum,,V1,0.0,0.0,0.0,10
auth10-owned-v1-qps200-n4,shed % quorum,,V2,0.0,0.0,0.0,10
auth10-owned-v1-qps200-n4,shed % local,,V1,0.0,0.0,0.0,10
auth10-owned-v1-qps200-n4,shed % local,,V2,0.0,0.0,0.0,10
auth10-owned-v1-qps200-n4,shed % cons-queue,,V1,0.0,0.0,0.0,10
auth10-owned-v1-qps200-n4,shed % cons-queue,,V2,0.0,0.0,0.0,10
auth10-owned-v1-qps200-n4,pre-cons overload rej / sec,,V1,nan,nan,nan,10
auth10-owned-v1-qps200-n4,pre-cons overload rej / sec,,V2,nan,nan,nan,10
auth10-owned-v1-qps200-n4,node CPU,,V1,2.2403254344018686,0.3033953120267115,0.0091293120690981,10
auth10-owned-v1-qps200-n4,node CPU,,V2,1.9876484328459432,0.2699533972441749,0.03535625616514684,10
auth10-owned-v1-qps200-n4,node memory RSS (bytes),,V1,553039308.975945,85022729.67085192,4587709.086345317,10
auth10-owned-v1-qps200-n4,node memory RSS (bytes),,V2,557773201.8450947,85620479.65339282,4570515.116280103,10
auth10-owned-v1-qps200-n4,overload graduated / sec,,V1,nan,nan,nan,10
auth10-owned-v1-qps200-n4,overload graduated / sec,,V2,nan,nan,nan,10
auth10-owned-v1-qps200-n4,overload max-pending / sec,,V1,nan,nan,nan,10
auth10-owned-v1-qps200-n4,overload max-pending / sec,,V2,nan,nan,nan,10
auth10-owned-v1-qps200-n4,overload semaphore / sec,,V1,nan,nan,nan,10
auth10-owned-v1-qps200-n4,overload semaphore / sec,,V2,nan,nan,nan,10
auth10-owned-v1-qps200-n4,attest. exec p50 (s),,V1,nan,nan,nan,10
auth10-owned-v1-qps200-n4,attest. exec p50 (s),,V2,0.0029990209852646965,2.6929947682912976e-06,3.039492418630749e-07,10
auth10-owned-v1-qps200-n4,attest. exec p95 (s),,V1,nan,nan,nan,10
auth10-owned-v1-qps200-n4,attest. exec p95 (s),,V2,0.004800561775249219,3.4591220582583876e-06,4.685044379710358e-07,10
auth10-owned-v1-qps200-n4,attest. exec p99 (s),,V1,nan,nan,nan,10
auth10-owned-v1-qps200-n4,attest. exec p99 (s),,V2,0.004960698734358954,3.5802238267077344e-06,4.912858740831028e-07,10
auth10-owned-v1-qps200-n4,attest. wait p50 (s),,V1,nan,nan,nan,10
auth10-owned-v1-qps200-n4,attest. wait p50 (s),,V2,0.0005006421977707526,1.2042225966968852e-06,2.1574825448924364e-07,10
auth10-owned-v1-qps200-n4,attest. wait p95 (s),,V1,nan,nan,nan,10
auth10-owned-v1-qps200-n4,attest. wait p95 (s),,V2,0.0009512201757644303,2.288022933724094e-06,4.0992168352955893e-07,10
auth10-owned-v1-qps200-n4,attest. wait p99 (s),,V1,nan,nan,nan,10
auth10-owned-v1-qps200-n4,attest. wait p99 (s),,V2,0.0010083825149174957,0.00013255078155780174,1.7532054586156427e-05,10
auth10-owned-v1-qps200-n4,attest. resume p50 (s),,V1,nan,nan,nan,10
auth10-owned-v1-qps200-n4,attest. resume p50 (s),,V2,0.0005003526630791472,7.835432439392648e-07,1.3508464364919358e-07,10
auth10-owned-v1-qps200-n4,attest. resume p95 (s),,V1,nan,nan,nan,10
auth10-owned-v1-qps200-n4,attest. resume p95 (s),,V2,0.0009506700598503798,1.4887321634846182e-06,2.5666082293346555e-07,10
auth10-owned-v1-qps200-n4,attest. resume p99 (s),,V1,nan,nan,nan,10
auth10-owned-v1-qps200-n4,attest. resume p99 (s),,V2,0.0009913743258674096,1.1985006096900782e-05,8.97585112191282e-07,10
auth10-owned-v1-qps200-n4,num_inflight,,V1,68.1,14.611296999240006,4.870432333080001,10
auth10-owned-v1-qps200-n4,num_inflight,,V2,73.7,10.658799181896617,3.5529330606322054,10
auth10-owned-v1-qps200-n4,CUs,,V1,nan,nan,nan,10
auth10-owned-v1-qps200-n4,CUs,,V2,1000.0,6.757981035181775e-14,0.0,10
auth10-owned-v4-qps200-n4,TPS,,V1,208.8365859344327,60.77078997349569,5.5805749318812525,10
auth10-owned-v4-qps200-n4,TPS,,V2,221.66997721928277,3.1573221299789584,0.2108238377903478,10
auth10-owned-v4-qps200-n4,attest. full p50 (s),,V1,nan,nan,nan,10
auth10-owned-v4-qps200-n4,attest. full p50 (s),,V2,0.0029992236809985575,1.3945012678773665e-06,2.3199224000111155e-07,10
auth10-owned-v4-qps200-n4,attest. full p95 (s),,V1,nan,nan,nan,10
auth10-owned-v4-qps200-n4,attest. full p95 (s),,V2,0.004800471716758587,1.3392879559936957e-06,1.4057634530624157e-07,10
auth10-owned-v4-qps200-n4,attest. full p99 (s),,V1,nan,nan,nan,10
auth10-owned-v4-qps200-n4,attest. full p99 (s),,V2,0.004960582653270589,1.3964711084947902e-06,1.5412754795012722e-07,10
auth10-owned-v4-qps200-n4,attest. / sec,,V1,0.0,0.0,0.0,10
auth10-owned-v4-qps200-n4,attest. / sec,,V2,101.50317600291145,2.6270703692334596,0.26508737371273433,10
auth10-owned-v4-qps200-n4,host CPU,,V1,9.244596682786986,3.5015844425674754,0.08881503621550495,10
auth10-owned-v4-qps200-n4,host CPU,,V2,8.400304358877415,3.0408277741811904,0.020678350695892356,10
auth10-owned-v4-qps200-n4,rec. → exec. p50 (s),,V1,0.22570566599704503,0.03540816468775352,0.008369535611083922,10
auth10-owned-v4-qps200-n4,rec. → exec. p50 (s),,V2,0.1915376593896557,0.030238014906698363,0.004577192542229338,10
auth10-owned-v4-qps200-n4,rec. → exec. p95 (s),,V1,0.4533162752837844,0.03805264987895734,0.009518259948417276,10
auth10-owned-v4-qps200-n4,rec. → exec. p95 (s),,V2,0.37256794017923406,0.08399186761710727,0.024640689017695876,10
auth10-owned-v4-qps200-n4,rec. → exec. p99 (s),,V1,0.5117621959088345,0.06204304663621566,0.009516622073329038,10
auth10-owned-v4-qps200-n4,rec. → exec. p99 (s),,V2,0.4490352531515266,0.08656841469972802,0.02408134203475702,10
auth10-owned-v4-qps200-n4,pc valid. lat. p50 (s),,V1,0.016664669492402088,0.0013266462339137784,0.00033668615339196124,10
auth10-owned-v4-qps200-n4,pc valid. lat. p50 (s),,V2,0.0006161823962073879,3.6626787151949685e-05,8.724945880574508e-06,10
auth10-owned-v4-qps200-n4,pc valid. lat. p95 (s),,V1,0.0482941834554829,0.0033357143335988695,0.0005074670604707091,10
auth10-owned-v4-qps200-n4,pc valid. lat. p95 (s),,V2,0.003946076410329516,0.00023664642772404867,5.9443546754314824e-05,10
auth10-owned-v4-qps200-n4,exec. lat. p95 (s),,V1,0.00969925352095259,0.0026110462629027496,0.0002357051173945953,10
auth10-owned-v4-qps200-n4,exec. lat. p95 (s),,V2,0.009328342090555554,0.0007528893912448567,0.000131615940505744,10
auth10-owned-v4-qps200-n4,valid. drop. / sec,,V1,0.0,0.0,0.0,10
auth10-owned-v4-qps200-n4,valid. drop. / sec,,V2,0.0,0.0,0.0,10
auth10-owned-v4-qps200-n4,final. lat. p50 (s),,V1,nan,nan,nan,10
auth10-owned-v4-qps200-n4,final. lat. p50 (s),,V2,nan,nan,nan,10
auth10-owned-v4-qps200-n4,final. lat. p95 (s),,V1,nan,nan,nan,10
auth10-owned-v4-qps200-n4,final. lat. p95 (s),,V2,nan,nan,nan,10
auth10-owned-v4-qps200-n4,final. lat. p99 (s),,V1,nan,nan,nan,10
auth10-owned-v4-qps200-n4,final. lat. p99 (s),,V2,nan,nan,nan,10
auth10-owned-v4-qps200-n4,submit lat. p50 (s),,V1,nan,nan,nan,10
auth10-owned-v4-qps200-n4,submit lat. p50 (s),,V2,nan,nan,nan,10
auth10-owned-v4-qps200-n4,submit lat. p95 (s),,V1,nan,nan,nan,10
auth10-owned-v4-qps200-n4,submit lat. p95 (s),,V2,nan,nan,nan,10
auth10-owned-v4-qps200-n4,ckpt lag p50 (s),,V1,0.8356904068851703,1.8563303671368712,0.23501189330084962,10
auth10-owned-v4-qps200-n4,ckpt lag p50 (s),,V2,0.17048151061935796,0.005738253187928386,0.0014147430947675545,10
auth10-owned-v4-qps200-n4,ckpt lag p95 (s),,V1,1.6568107048457372,3.4987753593415927,0.4573611155106212,10
auth10-owned-v4-qps200-n4,ckpt lag p95 (s),,V2,0.2562826731140636,0.034025925218213474,0.00918204766232422,10
auth10-owned-v4-qps200-n4,ckpt lag p99 (s),,V1,1.8786030486192016,3.896431349100507,0.5080314728815026,10
auth10-owned-v4-qps200-n4,ckpt lag p99 (s),,V2,0.2959708941518513,0.04708640284174636,0.012528745277709712,10
auth10-owned-v4-qps200-n4,exec. dispatch queue,,V1,5.6,7.722693830523129,2.574231276841043,10
auth10-owned-v4-qps200-n4,exec. dispatch queue,,V2,2.2,2.993325909419153,0.9977753031397177,10
auth10-owned-v4-qps200-n4,pending txs,,V1,1.3,1.1,0.36666666666666664,10
auth10-owned-v4-qps200-n4,pending txs,,V2,1.7,1.9000000000000001,0.6333333333333332,10
auth10-owned-v4-qps200-n4,exec. queue. delay p95 (s),,V1,0.0004876455918666441,7.5295047181986e-05,1.2496820197624838e-05,10
auth10-owned-v4-qps200-n4,exec. queue. delay p95 (s),,V2,0.00047499999999999994,8.462263753522684e-20,1.511847697333374e-20,10
auth10-owned-v4-qps200-n4,post-cons shed drops / sec,,V1,0.0,0.0,0.0,10
auth10-owned-v4-qps200-n4,post-cons shed drops / sec,,V2,0.0,0.0,0.0,10
auth10-owned-v4-qps200-n4,shed % quorum,,V1,0.0,0.0,0.0,10
auth10-owned-v4-qps200-n4,shed % quorum,,V2,0.0,0.0,0.0,10
auth10-owned-v4-qps200-n4,shed % local,,V1,0.0,0.0,0.0,10
auth10-owned-v4-qps200-n4,shed % local,,V2,0.0,0.0,0.0,10
auth10-owned-v4-qps200-n4,shed % cons-queue,,V1,0.0,0.0,0.0,10
auth10-owned-v4-qps200-n4,shed % cons-queue,,V2,0.0,0.0,0.0,10
auth10-owned-v4-qps200-n4,pre-cons overload rej / sec,,V1,nan,nan,nan,10
auth10-owned-v4-qps200-n4,pre-cons overload rej / sec,,V2,nan,nan,nan,10
auth10-owned-v4-qps200-n4,node CPU,,V1,2.0062025225119458,0.25229085809005025,0.022857350942055186,10
auth10-owned-v4-qps200-n4,node CPU,,V2,1.7314087733165815,0.23465755311403366,0.008404046711945713,10
auth10-owned-v4-qps200-n4,node memory RSS (bytes),,V1,548410431.1232877,85418200.62996246,4775220.424850791,10
auth10-owned-v4-qps200-n4,node memory RSS (bytes),,V2,531376763.8284734,82708837.79731831,4419969.268158478,10
auth10-owned-v4-qps200-n4,overload graduated / sec,,V1,nan,nan,nan,10
auth10-owned-v4-qps200-n4,overload graduated / sec,,V2,nan,nan,nan,10
auth10-owned-v4-qps200-n4,overload max-pending / sec,,V1,nan,nan,nan,10
auth10-owned-v4-qps200-n4,overload max-pending / sec,,V2,nan,nan,nan,10
auth10-owned-v4-qps200-n4,overload semaphore / sec,,V1,nan,nan,nan,10
auth10-owned-v4-qps200-n4,overload semaphore / sec,,V2,nan,nan,nan,10
auth10-owned-v4-qps200-n4,attest. exec p50 (s),,V1,nan,nan,nan,10
auth10-owned-v4-qps200-n4,attest. exec p50 (s),,V2,0.002997553422513044,2.0962497106549513e-06,3.674416569191249e-07,10
auth10-owned-v4-qps200-n4,attest. exec p95 (s),,V1,nan,nan,nan,10
auth10-owned-v4-qps200-n4,attest. exec p95 (s),,V2,0.004799816008064299,4.173758857422412e-07,6.556222947233027e-08,10
auth10-owned-v4-qps200-n4,attest. exec p99 (s),,V1,nan,nan,nan,10
auth10-owned-v4-qps200-n4,attest. exec p99 (s),,V2,0.004960017126779967,3.64585778651233e-07,4.7944480652407484e-08,10
auth10-owned-v4-qps200-n4,attest. wait p50 (s),,V1,nan,nan,nan,10
auth10-owned-v4-qps200-n4,attest. wait p50 (s),,V2,0.0005002932588228735,4.2231352316450533e-07,5.317963088589451e-08,10
auth10-owned-v4-qps200-n4,attest. wait p95 (s),,V1,nan,nan,nan,10
auth10-owned-v4-qps200-n4,attest. wait p95 (s),,V2,0.0009505571917634595,8.023956940125603e-07,1.0104129868320009e-07,10
auth10-owned-v4-qps200-n4,attest. wait p99 (s),,V1,nan,nan,nan,10
auth10-owned-v4-qps200-n4,attest. wait p99 (s),,V2,0.0009905806524692891,8.361807758657187e-07,1.0529566915406078e-07,10
auth10-owned-v4-qps200-n4,attest. resume p50 (s),,V1,nan,nan,nan,10
auth10-owned-v4-qps200-n4,attest. resume p50 (s),,V2,0.0005001272650004717,3.867684409916313e-07,5.022235858673229e-08,10
auth10-owned-v4-qps200-n4,attest. resume p95 (s),,V1,nan,nan,nan,10
auth10-owned-v4-qps200-n4,attest. resume p95 (s),,V2,0.0009502418035008962,7.348600378841049e-07,9.54224813147947e-08,10
auth10-owned-v4-qps200-n4,attest. resume p99 (s),,V1,nan,nan,nan,10
auth10-owned-v4-qps200-n4,attest. resume p99 (s),,V2,0.0009902519847009338,7.658015131634324e-07,9.944027000173186e-08,10
auth10-owned-v4-qps200-n4,num_inflight,,V1,45.8,4.915282290977803,1.6384274303259343,10
auth10-owned-v4-qps200-n4,num_inflight,,V2,38.5,6.844705983459042,2.2815686611530137,10
auth10-owned-v4-qps200-n4,CUs,,V1,nan,nan,nan,10
auth10-owned-v4-qps200-n4,CUs,,V2,1000.0,7.396466215054209e-14,0.0,10
auth10-owned-f1-qps1000-n4,TPS,,V1,851.2436891382101,299.2760833727283,52.40715322167002,10
auth10-owned-f1-qps1000-n4,TPS,,V2,932.8536134319186,231.8266779351135,54.00768437535849,10
auth10-owned-f1-qps1000-n4,attest. full p50 (s),,V1,nan,nan,nan,10
auth10-owned-f1-qps1000-n4,attest. full p50 (s),,V2,0.002976701109225094,1.0234906994936075e-05,1.3635350247525216e-06,10
auth10-owned-f1-qps1000-n4,attest. full p95 (s),,V1,nan,nan,nan,10
auth10-owned-f1-qps1000-n4,attest. full p95 (s),,V2,0.004823248499522794,9.491660611071249e-06,1.7508850451488348e-06,10
auth10-owned-f1-qps1000-n4,attest. full p99 (s),,V1,nan,nan,nan,10
auth10-owned-f1-qps1000-n4,attest. full p99 (s),,V2,0.005042417757440711,0.00021823423855113288,2.2807508995548858e-05,10
auth10-owned-f1-qps1000-n4,attest. / sec,,V1,0.0,0.0,0.0,10
auth10-owned-f1-qps1000-n4,attest. / sec,,V2,457.2570722522947,108.23955847751459,25.418942168336592,10
auth10-owned-f1-qps1000-n4,host CPU,,V1,28.361747239735557,13.389973063471638,1.64138833555029,10
auth10-owned-f1-qps1000-n4,host CPU,,V2,27.336489268196402,11.403539187484462,1.3374864776667668,10
auth10-owned-f1-qps1000-n4,rec. → exec. p50 (s),,V1,0.3853879192375041,0.06674927437855716,0.0082152076951909,10
auth10-owned-f1-qps1000-n4,rec. → exec. p50 (s),,V2,0.2112904589949032,0.03962924829590679,0.004665974074168654,10
auth10-owned-f1-qps1000-n4,rec. → exec. p95 (s),,V1,0.6591581310562846,0.17066477986658268,0.03340527249205095,10
auth10-owned-f1-qps1000-n4,rec. → exec. p95 (s),,V2,0.44244709994563064,0.039807223261348654,0.0055906989204986745,10
auth10-owned-f1-qps1000-n4,rec. → exec. p99 (s),,V1,0.8195804139691322,0.20133565525739328,0.0491450460668691,10
auth10-owned-f1-qps1000-n4,rec. → exec. p99 (s),,V2,0.4854322467808239,0.030227927255223875,0.0029941196145385255,10
auth10-owned-f1-qps1000-n4,pc valid. lat. p50 (s),,V1,0.03288039238329534,0.01390575238668502,0.002642889236574197,10
auth10-owned-f1-qps1000-n4,pc valid. lat. p50 (s),,V2,0.00270964015051172,0.0006954524964709339,0.00016668323341103964,10
auth10-owned-f1-qps1000-n4,pc valid. lat. p95 (s),,V1,0.10257201666913318,0.03181494188740343,0.004962571092739089,10
auth10-owned-f1-qps1000-n4,pc valid. lat. p95 (s),,V2,0.00705541727110343,0.00178474327219671,0.0004001198755474721,10
auth10-owned-f1-qps1000-n4,exec. lat. p95 (s),,V1,0.01902958635974212,0.0040606102291153275,0.0003902819098851385,10
auth10-owned-f1-qps1000-n4,exec. lat. p95 (s),,V2,0.020449579470631286,0.0038715507181445717,0.000570523030589717,10
auth10-owned-f1-qps1000-n4,valid. drop. / sec,,V1,0.0,0.0,0.0,10
auth10-owned-f1-qps1000-n4,valid. drop. / sec,,V2,0.0,0.0,0.0,10
auth10-owned-f1-qps1000-n4,final. lat. p50 (s),,V1,0.3433499581587953,0.034418947641596136,0.006886967486917376,10
auth10-owned-f1-qps1000-n4,final. lat. p50 (s),,V2,0.20473598141904645,0.009318578245492053,0.0022001595407793433,10
auth10-owned-f1-qps1000-n4,final. lat. p95 (s),,V1,0.5053760882229124,0.07407385602905187,0.01808324158483236,10
auth10-owned-f1-qps1000-n4,final. lat. p95 (s),,V2,0.32651513357446965,0.03650698395157076,0.008084223495385142,10
auth10-owned-f1-qps1000-n4,final. lat. p99 (s),,V1,0.5815836670939151,0.08926361420184475,0.02006075499252812,10
auth10-owned-f1-qps1000-n4,final. lat. p99 (s),,V2,0.3813811671046737,0.0480689440869266,0.009168838895188502,10
auth10-owned-f1-qps1000-n4,submit lat. p50 (s),,V1,0.008219502707127681,0.0008798976844137326,5.239764240079063e-05,10
auth10-owned-f1-qps1000-n4,submit lat. p50 (s),,V2,0.009642843271676062,0.0003723659439616823,4.16759537119708e-05,10
auth10-owned-f1-qps1000-n4,submit lat. p95 (s),,V1,0.024119988070605815,0.0014243719282394675,5.0245602734977344e-05,10
auth10-owned-f1-qps1000-n4,submit lat. p95 (s),,V2,0.025264983361523875,0.0015151614871431723,0.0001549339834670914,10
auth10-owned-f1-qps1000-n4,ckpt lag p50 (s),,V1,0.7307948843012143,1.7966479231468728,0.24217424507244237,10
auth10-owned-f1-qps1000-n4,ckpt lag p50 (s),,V2,0.31695469167196083,1.1345007998229577,0.18175677451626399,10
auth10-owned-f1-qps1000-n4,ckpt lag p95 (s),,V1,1.7920437502926667,4.226710646992276,0.5347683912822415,10
auth10-owned-f1-qps1000-n4,ckpt lag p95 (s),,V2,0.6227562321082334,2.3952853590887804,0.42805365024615705,10
auth10-owned-f1-qps1000-n4,ckpt lag p99 (s),,V1,2.0528036508467125,4.727798329030323,0.5916662749169025,10
auth10-owned-f1-qps1000-n4,ckpt lag p99 (s),,V2,0.7164255612296426,2.6127272227683256,0.4712799271887832,10
auth10-owned-f1-qps1000-n4,exec. dispatch queue,,V1,209.9,61.20694405049152,20.40231468349717,10
auth10-owned-f1-qps1000-n4,exec. dispatch queue,,V2,224.1,77.07976388131972,25.693254627106572,10
auth10-owned-f1-qps1000-n4,pending txs,,V1,8.6,7.977468270071652,2.6591560900238838,10
auth10-owned-f1-qps1000-n4,pending txs,,V2,4.6,1.9595917942265426,0.6531972647421809,10
auth10-owned-f1-qps1000-n4,exec. queue. delay p95 (s),,V1,0.023254691228625533,0.004279918987185333,0.0003617951066379817,10
auth10-owned-f1-qps1000-n4,exec. queue. delay p95 (s),,V2,0.023861044974206873,0.005084969581692166,0.0007740848980181276,10
auth10-owned-f1-qps1000-n4,post-cons shed drops / sec,,V1,0.0,0.0,0.0,10
auth10-owned-f1-qps1000-n4,post-cons shed drops / sec,,V2,0.0,0.0,0.0,10
auth10-owned-f1-qps1000-n4,shed % quorum,,V1,0.0,0.0,0.0,10
auth10-owned-f1-qps1000-n4,shed % quorum,,V2,0.0,0.0,0.0,10
auth10-owned-f1-qps1000-n4,shed % local,,V1,0.0,0.0,0.0,10
auth10-owned-f1-qps1000-n4,shed % local,,V2,0.0,0.0,0.0,10
auth10-owned-f1-qps1000-n4,shed % cons-queue,,V1,0.0,0.0,0.0,10
auth10-owned-f1-qps1000-n4,shed % cons-queue,,V2,0.0,0.0,0.0,10
auth10-owned-f1-qps1000-n4,pre-cons overload rej / sec,,V1,nan,nan,nan,10
auth10-owned-f1-qps1000-n4,pre-cons overload rej / sec,,V2,nan,nan,nan,10
auth10-owned-f1-qps1000-n4,node CPU,,V1,6.186280957247048,2.2126731224546092,0.36941120532270816,10
auth10-owned-f1-qps1000-n4,node CPU,,V2,5.7851355017255495,1.6905696688652248,0.311631856198239,10
auth10-owned-f1-qps1000-n4,node memory RSS (bytes),,V1,950292578.937198,314725279.2119036,29477231.859579097,10
auth10-owned-f1-qps1000-n4,node memory RSS (bytes),,V2,1002535040.2054574,353828431.36077815,23443587.86955921,10
auth10-owned-f1-qps1000-n4,overload graduated / sec,,V1,nan,nan,nan,10
auth10-owned-f1-qps1000-n4,overload graduated / sec,,V2,nan,nan,nan,10
auth10-owned-f1-qps1000-n4,overload max-pending / sec,,V1,nan,nan,nan,10
auth10-owned-f1-qps1000-n4,overload max-pending / sec,,V2,nan,nan,nan,10
auth10-owned-f1-qps1000-n4,overload semaphore / sec,,V1,nan,nan,nan,10
auth10-owned-f1-qps1000-n4,overload semaphore / sec,,V2,nan,nan,nan,10
auth10-owned-f1-qps1000-n4,attest. exec p50 (s),,V1,nan,nan,nan,10
auth10-owned-f1-qps1000-n4,attest. exec p50 (s),,V2,0.002952226706224265,1.2617361509457699e-05,2.2690430521577494e-06,10
auth10-owned-f1-qps1000-n4,attest. exec p95 (s),,V1,nan,nan,nan,10
auth10-owned-f1-qps1000-n4,attest. exec p95 (s),,V2,0.00479869676530166,1.9901860133826975e-06,2.921659313221582e-07,10
auth10-owned-f1-qps1000-n4,attest. exec p99 (s),,V1,nan,nan,nan,10
auth10-owned-f1-qps1000-n4,attest. exec p99 (s),,V2,0.00496282743721965,2.014253376396692e-06,3.580616156020114e-07,10
auth10-owned-f1-qps1000-n4,attest. wait p50 (s),,V1,nan,nan,nan,10
auth10-owned-f1-qps1000-n4,attest. wait p50 (s),,V2,0.0005074018135048913,2.278260378389351e-06,3.994184006825995e-07,10
auth10-owned-f1-qps1000-n4,attest. wait p95 (s),,V1,nan,nan,nan,10
auth10-owned-f1-qps1000-n4,attest. wait p95 (s),,V2,0.0009640634456592934,4.328694718939763e-06,7.58894961296939e-07,10
auth10-owned-f1-qps1000-n4,attest. wait p99 (s),,V1,nan,nan,nan,10
auth10-owned-f1-qps1000-n4,attest. wait p99 (s),,V2,0.002212917421014608,0.0007488759563644292,0.00015080042656027826,10
auth10-owned-f1-qps1000-n4,attest. resume p50 (s),,V1,nan,nan,nan,10
auth10-owned-f1-qps1000-n4,attest. resume p50 (s),,V2,0.0005013709936429354,6.552440203306649e-07,8.284938824572248e-08,10
auth10-owned-f1-qps1000-n4,attest. resume p95 (s),,V1,nan,nan,nan,10
auth10-owned-f1-qps1000-n4,attest. resume p95 (s),,V2,0.000952604887921577,1.244963638628256e-06,1.5741383766688696e-07,10
auth10-owned-f1-qps1000-n4,attest. resume p99 (s),,V1,nan,nan,nan,10
auth10-owned-f1-qps1000-n4,attest. resume p99 (s),,V2,0.0009927145674130122,1.2973831602547093e-06,1.640417887265455e-07,10
auth10-owned-f1-qps1000-n4,num_inflight,,V1,291.2,46.63861061395375,15.546203537984585,10
auth10-owned-f1-qps1000-n4,num_inflight,,V2,199.3,27.93581930067561,9.31193976689187,10
auth10-owned-f1-qps1000-n4,CUs,,V1,nan,nan,nan,10
auth10-owned-f1-qps1000-n4,CUs,,V2,1000.0,6.240846193237524e-14,0.0,10
auth10-owned-v1-qps1000-n4,TPS,,V1,1018.1818785322191,308.21641127689065,2.8992570638394652,10
auth10-owned-v1-qps1000-n4,TPS,,V2,1001.5286233211233,231.83265775992572,17.069669682723774,10
auth10-owned-v1-qps1000-n4,attest. full p50 (s),,V1,nan,nan,nan,10
auth10-owned-v1-qps1000-n4,attest. full p50 (s),,V2,0.003001330651587327,1.2518813657644192e-05,2.2381711828582446e-06,10
auth10-owned-v1-qps1000-n4,attest. full p95 (s),,V1,nan,nan,nan,10
auth10-owned-v1-qps1000-n4,attest. full p95 (s),,V2,0.004854553526689744,1.5420355723814643e-05,2.9952444004690613e-06,10
auth10-owned-v1-qps1000-n4,attest. full p99 (s),,V1,nan,nan,nan,10
auth10-owned-v1-qps1000-n4,attest. full p99 (s),,V2,0.006568947929483595,0.0009412631200949,0.00020454851275909504,10
auth10-owned-v1-qps1000-n4,attest. / sec,,V1,0.0,0.0,0.0,10
auth10-owned-v1-qps1000-n4,attest. / sec,,V2,993.4388163071496,82.43785815966369,2.76218060233577,10
auth10-owned-v1-qps1000-n4,host CPU,,V1,31.072468626741966,11.277681663974022,0.3085050252984848,10
auth10-owned-v1-qps1000-n4,host CPU,,V2,26.643894155839767,9.889861734902793,0.3843925642486047,10
auth10-owned-v1-qps1000-n4,rec. → exec. p50 (s),,V1,0.37896138157813464,0.04657878560409013,0.0065629524386854,10
auth10-owned-v1-qps1000-n4,rec. → exec. p50 (s),,V2,0.19197317924259505,0.012439395570192443,0.00366613467389846,10
auth10-owned-v1-qps1000-n4,rec. → exec. p95 (s),,V1,0.5817979710771685,0.17631147092231952,0.03444219991084853,10
auth10-owned-v1-qps1000-n4,rec. → exec. p95 (s),,V2,0.38972256041031506,0.08450621572145336,0.027245463381662876,10
auth10-owned-v1-qps1000-n4,rec. → exec. p99 (s),,V1,0.6760418187869369,0.26176054993874426,0.05285184093578906,10
auth10-owned-v1-qps1000-n4,rec. → exec. p99 (s),,V2,0.441942535655595,0.10303991050888542,0.032735038661478845,10
auth10-owned-v1-qps1000-n4,pc valid. lat. p50 (s),,V1,0.04042280231861207,0.0017834410307467285,0.0004704937586718892,10
auth10-owned-v1-qps1000-n4,pc valid. lat. p50 (s),,V2,0.0025282736696050894,0.0002178758021001724,6.127117754693895e-05,10
auth10-owned-v1-qps1000-n4,pc valid. lat. p95 (s),,V1,0.13633722403571474,0.028111643606041705,0.007557637861218333,10
auth10-owned-v1-qps1000-n4,pc valid. lat. p95 (s),,V2,0.009537687603680572,0.0015741833499304785,0.00034601577546235354,10
auth10-owned-v1-qps1000-n4,exec. lat. p95 (s),,V1,0.019907046476074865,0.002721682023855457,0.0002435872770475868,10
auth10-owned-v1-qps1000-n4,exec. lat. p95 (s),,V2,0.02106624490245855,0.003128326417154648,0.0003452643559361019,10
auth10-owned-v1-qps1000-n4,valid. drop. / sec,,V1,0.0,0.0,0.0,10
auth10-owned-v1-qps1000-n4,valid. drop. / sec,,V2,0.0,0.0,0.0,10
auth10-owned-v1-qps1000-n4,final. lat. p50 (s),,V1,nan,nan,nan,10
auth10-owned-v1-qps1000-n4,final. lat. p50 (s),,V2,nan,nan,nan,10
auth10-owned-v1-qps1000-n4,final. lat. p95 (s),,V1,nan,nan,nan,10
auth10-owned-v1-qps1000-n4,final. lat. p95 (s),,V2,nan,nan,nan,10
auth10-owned-v1-qps1000-n4,final. lat. p99 (s),,V1,nan,nan,nan,10
auth10-owned-v1-qps1000-n4,final. lat. p99 (s),,V2,nan,nan,nan,10
auth10-owned-v1-qps1000-n4,submit lat. p50 (s),,V1,nan,nan,nan,10
auth10-owned-v1-qps1000-n4,submit lat. p50 (s),,V2,nan,nan,nan,10
auth10-owned-v1-qps1000-n4,submit lat. p95 (s),,V1,nan,nan,nan,10
auth10-owned-v1-qps1000-n4,submit lat. p95 (s),,V2,nan,nan,nan,10
auth10-owned-v1-qps1000-n4,ckpt lag p50 (s),,V1,0.646480785523956,1.5609175720031883,0.21158470132901877,10
auth10-owned-v1-qps1000-n4,ckpt lag p50 (s),,V2,0.3060361991477746,1.0267265445311566,0.13873023053148853,10
auth10-owned-v1-qps1000-n4,ckpt lag p95 (s),,V1,1.6592632622133694,3.623220524559746,0.4973814415459759,10
auth10-owned-v1-qps1000-n4,ckpt lag p95 (s),,V2,0.6372893314936691,2.063261675104841,0.308547215351505,10
auth10-owned-v1-qps1000-n4,ckpt lag p99 (s),,V1,1.9146075234228888,4.002022845920215,0.55542026992598,10
auth10-owned-v1-qps1000-n4,ckpt lag p99 (s),,V2,0.7261591772216015,2.292131966453331,0.3457933895149848,10
auth10-owned-v1-qps1000-n4,exec. dispatch queue,,V1,276.6,93.21394745423027,31.071315818076748,10
auth10-owned-v1-qps1000-n4,exec. dispatch queue,,V2,233.5,69.86880562883553,23.28960187627851,10
auth10-owned-v1-qps1000-n4,pending txs,,V1,8.5,5.818075283115543,1.9393584277051807,10
auth10-owned-v1-qps1000-n4,pending txs,,V2,5.6,3.6386810797320503,1.2128936932440166,10
auth10-owned-v1-qps1000-n4,exec. queue. delay p95 (s),,V1,0.03053941370949479,0.02359280978550434,0.003445173927370857,10
auth10-owned-v1-qps1000-n4,exec. queue. delay p95 (s),,V2,0.028300509138745277,0.009151652105667625,0.0018153797155843895,10
auth10-owned-v1-qps1000-n4,post-cons shed drops / sec,,V1,0.0,0.0,0.0,10
auth10-owned-v1-qps1000-n4,post-cons shed drops / sec,,V2,0.0,0.0,0.0,10
auth10-owned-v1-qps1000-n4,shed % quorum,,V1,0.0,0.0,0.0,10
auth10-owned-v1-qps1000-n4,shed % quorum,,V2,0.0,0.0,0.0,10
auth10-owned-v1-qps1000-n4,shed % local,,V1,0.0,0.0,0.0,10
auth10-owned-v1-qps1000-n4,shed % local,,V2,0.0,0.0,0.0,10
auth10-owned-v1-qps1000-n4,shed % cons-queue,,V1,0.0,0.0,0.0,10
auth10-owned-v1-qps1000-n4,shed % cons-queue,,V2,0.0,0.0,0.0,10
auth10-owned-v1-qps1000-n4,pre-cons overload rej / sec,,V1,nan,nan,nan,10
auth10-owned-v1-qps1000-n4,pre-cons overload rej / sec,,V2,nan,nan,nan,10
auth10-owned-v1-qps1000-n4,node CPU,,V1,8.940737794210625,1.1575099887643967,0.0618133508538055,10
auth10-owned-v1-qps1000-n4,node CPU,,V2,7.84384216966283,1.160734859759061,0.0652028695550351,10
auth10-owned-v1-qps1000-n4,node memory RSS (bytes),,V1,1060452802.9042016,313580821.7007177,6378588.695906093,10
auth10-owned-v1-qps1000-n4,node memory RSS (bytes),,V2,1095909458.3316584,337572222.1904359,8048417.489541673,10
auth10-owned-v1-qps1000-n4,overload graduated / sec,,V1,nan,nan,nan,10
auth10-owned-v1-qps1000-n4,overload graduated / sec,,V2,nan,nan,nan,10
auth10-owned-v1-qps1000-n4,overload max-pending / sec,,V1,nan,nan,nan,10
auth10-owned-v1-qps1000-n4,overload max-pending / sec,,V2,nan,nan,nan,10
auth10-owned-v1-qps1000-n4,overload semaphore / sec,,V1,nan,nan,nan,10
auth10-owned-v1-qps1000-n4,overload semaphore / sec,,V2,nan,nan,nan,10
auth10-owned-v1-qps1000-n4,attest. exec p50 (s),,V1,nan,nan,nan,10
auth10-owned-v1-qps1000-n4,attest. exec p50 (s),,V2,0.0029648154553917686,1.2847335608604627e-05,3.123028799286764e-06,10
auth10-owned-v1-qps1000-n4,attest. exec p95 (s),,V1,nan,nan,nan,10
auth10-owned-v1-qps1000-n4,attest. exec p95 (s),,V2,0.004803842851185685,4.076342020382094e-06,4.883694448197785e-07,10
auth10-owned-v1-qps1000-n4,attest. exec p99 (s),,V1,nan,nan,nan,10
auth10-owned-v1-qps1000-n4,attest. exec p99 (s),,V2,0.004970151643126939,7.054576809733397e-05,3.3528691692036055e-06,10
auth10-owned-v1-qps1000-n4,attest. wait p50 (s),,V1,nan,nan,nan,10
auth10-owned-v1-qps1000-n4,attest. wait p50 (s),,V2,0.0005125205833566889,2.537140940963066e-06,5.114479229820685e-07,10
auth10-owned-v1-qps1000-n4,attest. wait p95 (s),,V1,nan,nan,nan,10
auth10-owned-v1-qps1000-n4,attest. wait p95 (s),,V2,0.0009753044204601306,3.821243292837544e-05,2.11308464127562e-06,10
auth10-owned-v1-qps1000-n4,attest. wait p99 (s),,V1,nan,nan,nan,10
auth10-owned-v1-qps1000-n4,attest. wait p99 (s),,V2,0.0035206992917828773,0.0005751424360839104,0.00010898044517347708,10
auth10-owned-v1-qps1000-n4,attest. resume p50 (s),,V1,nan,nan,nan,10
auth10-owned-v1-qps1000-n4,attest. resume p50 (s),,V2,0.000501138045683657,6.530817112442378e-07,6.605262321729218e-08,10
auth10-owned-v1-qps1000-n4,attest. resume p95 (s),,V1,nan,nan,nan,10
auth10-owned-v1-qps1000-n4,attest. resume p95 (s),,V2,0.0009521622867989483,1.2408552513640595e-06,1.2549998411285946e-07,10
auth10-owned-v1-qps1000-n4,attest. resume p99 (s),,V1,nan,nan,nan,10
auth10-owned-v1-qps1000-n4,attest. resume p99 (s),,V2,0.0009928774702837452,1.5444856479916235e-05,6.665431006630281e-07,10
auth10-owned-v1-qps1000-n4,num_inflight,,V1,606.6,184.1044268886547,61.36814229621823,10
auth10-owned-v1-qps1000-n4,num_inflight,,V2,340.1,71.69721054545985,23.89907018181995,10
auth10-owned-v1-qps1000-n4,CUs,,V1,nan,nan,nan,10
auth10-owned-v1-qps1000-n4,CUs,,V2,1000.0,5.814039377091363e-14,0.0,10
auth10-owned-v4-qps1000-n4,TPS,,V1,1009.143677271602,232.59549274237804,9.721739518980318,10
auth10-owned-v4-qps1000-n4,TPS,,V2,1017.1256115436371,45.78697163370302,3.8045854188672834,10
auth10-owned-v4-qps1000-n4,attest. full p50 (s),,V1,nan,nan,nan,10
auth10-owned-v4-qps1000-n4,attest. full p50 (s),,V2,0.0029884300992649203,1.1049716656790009e-05,2.3301260905455086e-06,10
auth10-owned-v4-qps1000-n4,attest. full p95 (s),,V1,nan,nan,nan,10
auth10-owned-v4-qps1000-n4,attest. full p95 (s),,V2,0.004830955716266112,9.503243434269952e-06,1.371664014207199e-06,10
auth10-owned-v4-qps1000-n4,attest. full p99 (s),,V1,nan,nan,nan,10
auth10-owned-v4-qps1000-n4,attest. full p99 (s),,V2,0.005188490259225216,0.00042034165500527075,6.101967354431824e-05,10
auth10-owned-v4-qps1000-n4,attest. / sec,,V1,0.0,0.0,0.0,10
auth10-owned-v4-qps1000-n4,attest. / sec,,V2,502.64379565551707,21.34475303731662,0.9321113486842754,10
auth10-owned-v4-qps1000-n4,host CPU,,V1,31.284067661778725,11.32280183880253,0.27994618955615014,10
auth10-owned-v4-qps1000-n4,host CPU,,V2,26.86419695359525,9.893971957647189,0.26809771905311236,10
auth10-owned-v4-qps1000-n4,rec. → exec. p50 (s),,V1,0.36307732656690306,0.027043468062291066,0.0072881245528381945,10
auth10-owned-v4-qps1000-n4,rec. → exec. p50 (s),,V2,0.20189585175433875,0.019990667173638885,0.0037645543309677548,10
auth10-owned-v4-qps1000-n4,rec. → exec. p95 (s),,V1,0.601059350691788,0.16005817124969804,0.043832512636103695,10
auth10-owned-v4-qps1000-n4,rec. → exec. p95 (s),,V2,0.4287805720854944,0.06534256998481784,0.020929355553849678,10
auth10-owned-v4-qps1000-n4,rec. → exec. p99 (s),,V1,0.717025678620479,0.22005897683875225,0.06619346951605949,10
auth10-owned-v4-qps1000-n4,rec. → exec. p99 (s),,V2,0.47361200820518207,0.08694515375554447,0.02565478891519607,10
auth10-owned-v4-qps1000-n4,pc valid. lat. p50 (s),,V1,0.04075467575943963,0.002505369263812022,0.0007156943092842075,10
auth10-owned-v4-qps1000-n4,pc valid. lat. p50 (s),,V2,0.002947280219594338,9.554339439068301e-05,2.0964103388268322e-05,10
auth10-owned-v4-qps1000-n4,pc valid. lat. p95 (s),,V1,0.11554670510420068,0.024858646244281822,0.006418521851664552,10
auth10-owned-v4-qps1000-n4,pc valid. lat. p95 (s),,V2,0.007498531967638809,0.0013504983669581005,0.00037365383213154205,10
auth10-owned-v4-qps1000-n4,exec. lat. p95 (s),,V1,0.020076361230744782,0.0022789538311748566,0.00018944068465312323,10
auth10-owned-v4-qps1000-n4,exec. lat. p95 (s),,V2,0.02139004271506209,0.0015327862241526526,0.0001020628158832421,10
auth10-owned-v4-qps1000-n4,valid. drop. / sec,,V1,0.0,0.0,0.0,10
auth10-owned-v4-qps1000-n4,valid. drop. / sec,,V2,0.0,0.0,0.0,10
auth10-owned-v4-qps1000-n4,final. lat. p50 (s),,V1,nan,nan,nan,10
auth10-owned-v4-qps1000-n4,final. lat. p50 (s),,V2,nan,nan,nan,10
auth10-owned-v4-qps1000-n4,final. lat. p95 (s),,V1,nan,nan,nan,10
auth10-owned-v4-qps1000-n4,final. lat. p95 (s),,V2,nan,nan,nan,10
auth10-owned-v4-qps1000-n4,final. lat. p99 (s),,V1,nan,nan,nan,10
auth10-owned-v4-qps1000-n4,final. lat. p99 (s),,V2,nan,nan,nan,10
auth10-owned-v4-qps1000-n4,submit lat. p50 (s),,V1,nan,nan,nan,10
auth10-owned-v4-qps1000-n4,submit lat. p50 (s),,V2,nan,nan,nan,10
auth10-owned-v4-qps1000-n4,submit lat. p95 (s),,V1,nan,nan,nan,10
auth10-owned-v4-qps1000-n4,submit lat. p95 (s),,V2,nan,nan,nan,10
auth10-owned-v4-qps1000-n4,ckpt lag p50 (s),,V1,0.6009327175689555,1.5598704647420514,0.22720499180754772,10
auth10-owned-v4-qps1000-n4,ckpt lag p50 (s),,V2,0.18814386910817246,0.16570022757653494,0.015413314283742851,10
auth10-owned-v4-qps1000-n4,ckpt lag p95 (s),,V1,1.03997532155061,2.6378174979633777,0.4154834976087763,10
auth10-owned-v4-qps1000-n4,ckpt lag p95 (s),,V2,0.3502504281986277,0.5450156687556823,0.0564482774679423,10
auth10-owned-v4-qps1000-n4,ckpt lag p99 (s),,V1,1.2230035385197684,2.9378111756170924,0.4688597042951791,10
auth10-owned-v4-qps1000-n4,ckpt lag p99 (s),,V2,0.4056937610322039,0.6041066213666326,0.06081224587044702,10
auth10-owned-v4-qps1000-n4,exec. dispatch queue,,V1,263.5,99.11533685560474,33.038445618534915,10
auth10-owned-v4-qps1000-n4,exec. dispatch queue,,V2,242.8,78.60254448807622,26.200848162692072,10
auth10-owned-v4-qps1000-n4,pending txs,,V1,7.5,4.104875150354759,1.3682917167849193,10
auth10-owned-v4-qps1000-n4,pending txs,,V2,5.1,1.0440306508910548,0.348010216963685,10
auth10-owned-v4-qps1000-n4,exec. queue. delay p95 (s),,V1,0.02531796340409331,0.0076929450583224515,0.0012708074562270888,10
auth10-owned-v4-qps1000-n4,exec. queue. delay p95 (s),,V2,0.02603961456949268,0.006009541493015385,0.0007632839416608394,10
auth10-owned-v4-qps1000-n4,post-cons shed drops / sec,,V1,0.0,0.0,0.0,10
auth10-owned-v4-qps1000-n4,post-cons shed drops / sec,,V2,0.0,0.0,0.0,10
auth10-owned-v4-qps1000-n4,shed % quorum,,V1,0.0,0.0,0.0,10
auth10-owned-v4-qps1000-n4,shed % quorum,,V2,0.0,0.0,0.0,10
auth10-owned-v4-qps1000-n4,shed % local,,V1,0.0,0.0,0.0,10
auth10-owned-v4-qps1000-n4,shed % local,,V2,0.0,0.0,0.0,10
auth10-owned-v4-qps1000-n4,shed % cons-queue,,V1,0.0,0.0,0.0,10
auth10-owned-v4-qps1000-n4,shed % cons-queue,,V2,0.0,0.0,0.0,10
auth10-owned-v4-qps1000-n4,pre-cons overload rej / sec,,V1,nan,nan,nan,10
auth10-owned-v4-qps1000-n4,pre-cons overload rej / sec,,V2,nan,nan,nan,10
auth10-owned-v4-qps1000-n4,node CPU,,V1,7.740913097849854,1.057234733297377,0.0746142401275026,10
auth10-owned-v4-qps1000-n4,node CPU,,V2,6.606024276804241,0.8764435047015391,0.046220221779619104,10
auth10-owned-v4-qps1000-n4,node memory RSS (bytes),,V1,1048746662.0773109,311952865.09814185,4484603.258788076,10
auth10-owned-v4-qps1000-n4,node memory RSS (bytes),,V2,1064060948.5484949,331607887.70481426,9445024.832927896,10
auth10-owned-v4-qps1000-n4,overload graduated / sec,,V1,nan,nan,nan,10
auth10-owned-v4-qps1000-n4,overload graduated / sec,,V2,nan,nan,nan,10
auth10-owned-v4-qps1000-n4,overload max-pending / sec,,V1,nan,nan,nan,10
auth10-owned-v4-qps1000-n4,overload max-pending / sec,,V2,nan,nan,nan,10
auth10-owned-v4-qps1000-n4,overload semaphore / sec,,V1,nan,nan,nan,10
auth10-owned-v4-qps1000-n4,overload semaphore / sec,,V2,nan,nan,nan,10
auth10-owned-v4-qps1000-n4,attest. exec p50 (s),,V1,nan,nan,nan,10
auth10-owned-v4-qps1000-n4,attest. exec p50 (s),,V2,0.0029642264629117458,1.2235593622219184e-05,2.905105157782718e-06,10
auth10-owned-v4-qps1000-n4,attest. exec p95 (s),,V1,nan,nan,nan,10
auth10-owned-v4-qps1000-n4,attest. exec p95 (s),,V2,0.004800312016931328,1.8948143366987143e-06,1.9180171278569596e-07,10
auth10-owned-v4-qps1000-n4,attest. exec p99 (s),,V1,nan,nan,nan,10
auth10-owned-v4-qps1000-n4,attest. exec p99 (s),,V2,0.004963519621733068,1.9048694289219757e-06,2.5811798506252044e-07,10
auth10-owned-v4-qps1000-n4,attest. wait p50 (s),,V1,nan,nan,nan,10
auth10-owned-v4-qps1000-n4,attest. wait p50 (s),,V2,0.0005089042659261967,1.700605863192778e-06,2.728916517809409e-07,10
auth10-owned-v4-qps1000-n4,attest. wait p95 (s),,V1,nan,nan,nan,10
auth10-owned-v4-qps1000-n4,attest. wait p95 (s),,V2,0.0009669181052597735,3.2311511400662815e-06,5.184941383837793e-07,10
auth10-owned-v4-qps1000-n4,attest. wait p99 (s),,V1,nan,nan,nan,10
auth10-owned-v4-qps1000-n4,attest. wait p99 (s),,V2,0.0026960670945158386,0.000481770660700484,7.853389371903933e-05,10
auth10-owned-v4-qps1000-n4,attest. resume p50 (s),,V1,nan,nan,nan,10
auth10-owned-v4-qps1000-n4,attest. resume p50 (s),,V2,0.0005013280181964454,6.134473851693657e-07,7.992939534327496e-08,10
auth10-owned-v4-qps1000-n4,attest. resume p95 (s),,V1,nan,nan,nan,10
auth10-owned-v4-qps1000-n4,attest. resume p95 (s),,V2,0.0009525232345732462,1.1655500318217973e-06,1.5186585115222742e-07,10
auth10-owned-v4-qps1000-n4,attest. resume p99 (s),,V1,nan,nan,nan,10
auth10-owned-v4-qps1000-n4,attest. resume p99 (s),,V2,0.0009926294760289618,1.2146258226353489e-06,1.5826020277970887e-07,10
auth10-owned-v4-qps1000-n4,num_inflight,,V1,264.2,67.94232848526757,22.64744282842252,10
auth10-owned-v4-qps1000-n4,num_inflight,,V2,205.3,50.48772127953489,16.829240426511628,10
auth10-owned-v4-qps1000-n4,CUs,,V1,nan,nan,nan,10
auth10-owned-v4-qps1000-n4,CUs,,V2,1000.0,6.518130746966244e-14,0.0,10
auth10-owned-f1-qps2000-n4,TPS,,V1,935.1057647515529,377.61459993564284,41.18040514535421,10
auth10-owned-f1-qps2000-n4,TPS,,V2,1649.8975971548596,643.774755927649,68.70717901177655,10
auth10-owned-f1-qps2000-n4,attest. full p50 (s),,V1,nan,nan,nan,10
auth10-owned-f1-qps2000-n4,attest. full p50 (s),,V2,0.002819091841005431,5.8248113762583326e-05,6.78217368933506e-06,10
auth10-owned-f1-qps2000-n4,attest. full p95 (s),,V1,nan,nan,nan,10
auth10-owned-f1-qps2000-n4,attest. full p95 (s),,V2,0.004845459258047497,3.299634084171992e-05,4.5480912558849934e-06,10
auth10-owned-f1-qps2000-n4,attest. full p99 (s),,V1,nan,nan,nan,10
auth10-owned-f1-qps2000-n4,attest. full p99 (s),,V2,0.006730746795301935,0.0013022375224626516,0.00016721894157683433,10
auth10-owned-f1-qps2000-n4,attest. / sec,,V1,0.0,0.0,0.0,10
auth10-owned-f1-qps2000-n4,attest. / sec,,V2,816.5858490103859,313.33155132493147,32.437870252580225,10
auth10-owned-f1-qps2000-n4,host CPU,,V1,30.8305969080587,15.805291237854288,1.3227885344388006,10
auth10-owned-f1-qps2000-n4,host CPU,,V2,32.23176570767654,15.837557562701242,1.1551182681645955,10
auth10-owned-f1-qps2000-n4,rec. → exec. p50 (s),,V1,1.3640394053103677,0.34968092309593907,0.022708329367781034,10
auth10-owned-f1-qps2000-n4,rec. → exec. p50 (s),,V2,0.2182684631468149,0.053134044519655296,0.010280411607503868,10
auth10-owned-f1-qps2000-n4,rec. → exec. p95 (s),,V1,1.8235443342512307,0.42792055738094115,0.021524183275913544,10
auth10-owned-f1-qps2000-n4,rec. → exec. p95 (s),,V2,0.41178029096846974,0.08428260015563574,0.01999690266609013,10
auth10-owned-f1-qps2000-n4,rec. → exec. p99 (s),,V1,1.8694690922058355,0.43534815333220916,0.02210353827053634,10
auth10-owned-f1-qps2000-n4,rec. → exec. p99 (s),,V2,0.46630849567968274,0.09300932175854126,0.018859658577825976,10
auth10-owned-f1-qps2000-n4,pc valid. lat. p50 (s),,V1,0.032972811852523355,0.017825379133960297,0.002471648406618378,10
auth10-owned-f1-qps2000-n4,pc valid. lat. p50 (s),,V2,0.0030849075465607806,0.0014549833689273348,0.0001824335705180335,10
auth10-owned-f1-qps2000-n4,pc valid. lat. p95 (s),,V1,0.13555420054573855,0.05696954764092938,0.007947723590835856,10
auth10-owned-f1-qps2000-n4,pc valid. lat. p95 (s),,V2,0.014296421246497633,0.005480747407018915,0.0004967276197988621,10
auth10-owned-f1-qps2000-n4,exec. lat. p95 (s),,V1,0.018940419886163618,0.00507921260255222,0.0003142462996099658,10
auth10-owned-f1-qps2000-n4,exec. lat. p95 (s),,V2,0.01962559003374799,0.004869701594948774,0.0003207504241532519,10
auth10-owned-f1-qps2000-n4,valid. drop. / sec,,V1,0.0,0.0,0.0,10
auth10-owned-f1-qps2000-n4,valid. drop. / sec,,V2,0.0,0.0,0.0,10
auth10-owned-f1-qps2000-n4,final. lat. p50 (s),,V1,1.1585598882813193,0.3189312211942894,0.028585556337859475,10
auth10-owned-f1-qps2000-n4,final. lat. p50 (s),,V2,0.21571218046417634,0.017091926003818973,0.0031481683904545257,10
auth10-owned-f1-qps2000-n4,final. lat. p95 (s),,V1,1.348040384144113,0.3193900209606011,0.021936951419323166,10
auth10-owned-f1-qps2000-n4,final. lat. p95 (s),,V2,0.3435287994448214,0.0629773139840105,0.01665366578440715,10
auth10-owned-f1-qps2000-n4,final. lat. p99 (s),,V1,1.4114753347975977,0.3309748795997271,0.020673916533138343,10
auth10-owned-f1-qps2000-n4,final. lat. p99 (s),,V2,0.39662138785002593,0.0838516630221853,0.021678800717389642,10
auth10-owned-f1-qps2000-n4,submit lat. p50 (s),,V1,0.004590456891763232,0.0007012814470784514,9.22986619589636e-05,10
auth10-owned-f1-qps2000-n4,submit lat. p50 (s),,V2,0.007255476245656484,0.001145664107168705,0.00010813422585240373,10
auth10-owned-f1-qps2000-n4,submit lat. p95 (s),,V1,0.017908201469275728,0.005021422883746483,0.0005446972025776028,10
auth10-owned-f1-qps2000-n4,submit lat. p95 (s),,V2,0.03484461218885,0.01036261662606353,0.0016543247199715257,10
auth10-owned-f1-qps2000-n4,ckpt lag p50 (s),,V1,1.303014540310304,1.5982953485971472,0.19803212292739525,10
auth10-owned-f1-qps2000-n4,ckpt lag p50 (s),,V2,0.4007394508695494,1.320873521500589,0.17881173046775167,10
auth10-owned-f1-qps2000-n4,ckpt lag p95 (s),,V1,2.0016552449081066,3.133410150268094,0.41464137217644914,10
auth10-owned-f1-qps2000-n4,ckpt lag p95 (s),,V2,0.8483678026768569,2.634063116422564,0.3849885512747812,10
auth10-owned-f1-qps2000-n4,ckpt lag p99 (s),,V1,2.19594265705586,3.412014968201817,0.4552965627604256,10
auth10-owned-f1-qps2000-n4,ckpt lag p99 (s),,V2,0.9601050701031614,2.837415758460984,0.4163765835574086,10
auth10-owned-f1-qps2000-n4,exec. dispatch queue,,V1,484.9,294.98320291162344,98.32773430387448,10
auth10-owned-f1-qps2000-n4,exec. dispatch queue,,V2,531.6,129.00170541508356,43.00056847169453,10
auth10-owned-f1-qps2000-n4,pending txs,,V1,7.9,5.430469592954186,1.8101565309847283,10
auth10-owned-f1-qps2000-n4,pending txs,,V2,5.3,1.4866068747318506,0.49553562491061687,10
auth10-owned-f1-qps2000-n4,exec. queue. delay p95 (s),,V1,0.04962349947733317,0.07571167696938218,0.00954193216261538,10
auth10-owned-f1-qps2000-n4,exec. queue. delay p95 (s),,V2,0.06341038832402299,0.026759013031627865,0.005236606563574187,10
auth10-owned-f1-qps2000-n4,post-cons shed drops / sec,,V1,0.0,0.0,0.0,10
auth10-owned-f1-qps2000-n4,post-cons shed drops / sec,,V2,0.16697530864197532,1.293199969024189,0.1664615384615384,10
auth10-owned-f1-qps2000-n4,shed % quorum,,V1,0.0,0.0,0.0,10
auth10-owned-f1-qps2000-n4,shed % quorum,,V2,0.2,0.6000000000000001,0.19999999999999998,10
auth10-owned-f1-qps2000-n4,shed % local,,V1,0.0,0.0,0.0,10
auth10-owned-f1-qps2000-n4,shed % local,,V2,4.5,4.863126566315131,1.6210421887717104,10
auth10-owned-f1-qps2000-n4,shed % cons-queue,,V1,0.0,0.0,0.0,10
auth10-owned-f1-qps2000-n4,shed % cons-queue,,V2,0.0,0.0,0.0,10
auth10-owned-f1-qps2000-n4,pre-cons overload rej / sec,,V1,nan,nan,nan,10
auth10-owned-f1-qps2000-n4,pre-cons overload rej / sec,,V2,nan,nan,nan,10
auth10-owned-f1-qps2000-n4,node CPU,,V1,6.719400241305586,2.7542004357888943,0.2985271552361321,10
auth10-owned-f1-qps2000-n4,node CPU,,V2,7.216939090875424,2.844775116769108,0.28146908604305104,10
auth10-owned-f1-qps2000-n4,node memory RSS (bytes),,V1,1047833208.5626911,383927178.22469026,18783473.849312983,10
auth10-owned-f1-qps2000-n4,node memory RSS (bytes),,V2,1446702784.587156,642990683.1150922,37687719.21088729,10
auth10-owned-f1-qps2000-n4,overload graduated / sec,,V1,nan,nan,nan,10
auth10-owned-f1-qps2000-n4,overload graduated / sec,,V2,nan,nan,nan,10
auth10-owned-f1-qps2000-n4,overload max-pending / sec,,V1,nan,nan,nan,10
auth10-owned-f1-qps2000-n4,overload max-pending / sec,,V2,nan,nan,nan,10
auth10-owned-f1-qps2000-n4,overload semaphore / sec,,V1,nan,nan,nan,10
auth10-owned-f1-qps2000-n4,overload semaphore / sec,,V2,nan,nan,nan,10
auth10-owned-f1-qps2000-n4,attest. exec p50 (s),,V1,nan,nan,nan,10
auth10-owned-f1-qps2000-n4,attest. exec p50 (s),,V2,0.0027243145211585567,7.59584738984454e-05,8.461108875132757e-06,10
auth10-owned-f1-qps2000-n4,attest. exec p95 (s),,V1,nan,nan,nan,10
auth10-owned-f1-qps2000-n4,attest. exec p95 (s),,V2,0.004781525202759569,1.1117404271474135e-05,1.9480686118280605e-06,10
auth10-owned-f1-qps2000-n4,attest. exec p99 (s),,V1,nan,nan,nan,10
auth10-owned-f1-qps2000-n4,attest. exec p99 (s),,V2,0.004979832582342305,0.00017156907493277336,1.63658378888128e-05,10
auth10-owned-f1-qps2000-n4,attest. wait p50 (s),,V1,nan,nan,nan,10
auth10-owned-f1-qps2000-n4,attest. wait p50 (s),,V2,0.0005204722955669968,6.986776014246817e-06,5.735095866743886e-07,10
auth10-owned-f1-qps2000-n4,attest. wait p95 (s),,V1,nan,nan,nan,10
auth10-owned-f1-qps2000-n4,attest. wait p95 (s),,V2,0.0010539854662261104,0.00019249637514258871,2.1709571214923328e-05,10
auth10-owned-f1-qps2000-n4,attest. wait p99 (s),,V1,nan,nan,nan,10
auth10-owned-f1-qps2000-n4,attest. wait p99 (s),,V2,0.004089605631838976,0.0009270106396792034,4.106222266805981e-05,10
auth10-owned-f1-qps2000-n4,attest. resume p50 (s),,V1,nan,nan,nan,10
auth10-owned-f1-qps2000-n4,attest. resume p50 (s),,V2,0.0005016278018493927,1.0613967016881674e-06,1.6605336675095526e-07,10
auth10-owned-f1-qps2000-n4,attest. resume p95 (s),,V1,nan,nan,nan,10
auth10-owned-f1-qps2000-n4,attest. resume p95 (s),,V2,0.0009530928235138461,2.0166537332075158e-06,3.155013968268203e-07,10
auth10-owned-f1-qps2000-n4,attest. resume p99 (s),,V1,nan,nan,nan,10
auth10-owned-f1-qps2000-n4,attest. resume p99 (s),,V2,0.0010010084149693686,8.200395516722501e-05,3.887027533715984e-06,10
auth10-owned-f1-qps2000-n4,num_inflight,,V1,889.1,21.575217264259475,7.191739088086491,10
auth10-owned-f1-qps2000-n4,num_inflight,,V2,398.6,45.51087782058263,15.170292606860874,10
auth10-owned-f1-qps2000-n4,CUs,,V1,nan,nan,nan,10
auth10-owned-f1-qps2000-n4,CUs,,V2,1000.0,6.859590022342656e-14,0.0,10
auth10-owned-v1-qps2000-n4,TPS,,V1,1124.9458966878833,295.8415941644596,6.127545651858303,10
auth10-owned-v1-qps2000-n4,TPS,,V2,1997.9542919799496,326.633614674417,9.153259435961283,10
auth10-owned-v1-qps2000-n4,attest. full p50 (s),,V1,nan,nan,nan,10
auth10-owned-v1-qps2000-n4,attest. full p50 (s),,V2,0.0028664196052079934,4.026036952818379e-05,5.929658650154093e-06,10
auth10-owned-v1-qps2000-n4,attest. full p95 (s),,V1,nan,nan,nan,10
auth10-owned-v1-qps2000-n4,attest. full p95 (s),,V2,0.004869684231293592,2.0629598060023087e-05,3.2920852072884194e-06,10
auth10-owned-v1-qps2000-n4,attest. full p99 (s),,V1,nan,nan,nan,10
auth10-owned-v1-qps2000-n4,attest. full p99 (s),,V2,0.007821828524190994,0.000898501647063106,0.0001287908917421413,10
auth10-owned-v1-qps2000-n4,attest. / sec,,V1,0.0,0.0,0.0,10
auth10-owned-v1-qps2000-n4,attest. / sec,,V2,2024.4059589076855,226.005214953307,24.367306764262175,10
auth10-owned-v1-qps2000-n4,host CPU,,V1,35.28781670167297,12.594401225913339,0.20609624893356893,10
auth10-owned-v1-qps2000-n4,host CPU,,V2,37.20432458566017,13.26830105044244,0.2814838070158603,10
auth10-owned-v1-qps2000-n4,rec. → exec. p50 (s),,V1,2.0809516275111077,0.48633112662435235,0.047067462886997834,10
auth10-owned-v1-qps2000-n4,rec. → exec. p50 (s),,V2,0.1989658482857133,0.014015190960322828,0.0038747638429768,10
auth10-owned-v1-qps2000-n4,rec. → exec. p95 (s),,V1,2.71774331551634,0.44908447783901034,0.0435769993189291,10
auth10-owned-v1-qps2000-n4,rec. → exec. p95 (s),,V2,0.42232641321265835,0.06701623365461272,0.01911532005866057,10
auth10-owned-v1-qps2000-n4,rec. → exec. p99 (s),,V1,2.837346662569362,0.4354715684140637,0.04804079045005527,10
auth10-owned-v1-qps2000-n4,rec. → exec. p99 (s),,V2,0.49097138679265895,0.0607026621222926,0.009252216434893538,10
auth10-owned-v1-qps2000-n4,pc valid. lat. p50 (s),,V1,0.0403672775469177,0.01008356012144305,0.0017065045263594109,10
auth10-owned-v1-qps2000-n4,pc valid. lat. p50 (s),,V2,0.004068493996259052,0.0007043895571889014,0.00016198455753325567,10
auth10-owned-v1-qps2000-n4,pc valid. lat. p95 (s),,V1,0.19565205141325082,0.02856266913245463,0.005861148807596145,10
auth10-owned-v1-qps2000-n4,pc valid. lat. p95 (s),,V2,0.020024330921161935,0.0017189219020888186,0.0002406566597852336,10
auth10-owned-v1-qps2000-n4,exec. lat. p95 (s),,V1,0.020139145030773076,0.002544333663313231,0.00016700419294187998,10
auth10-owned-v1-qps2000-n4,exec. lat. p95 (s),,V2,0.021193041714667925,0.0022309796914393248,0.00020581533425171656,10
auth10-owned-v1-qps2000-n4,valid. drop. / sec,,V1,0.0,0.0,0.0,10
auth10-owned-v1-qps2000-n4,valid. drop. / sec,,V2,0.0,0.0,0.0,10
auth10-owned-v1-qps2000-n4,final. lat. p50 (s),,V1,nan,nan,nan,10
auth10-owned-v1-qps2000-n4,final. lat. p50 (s),,V2,nan,nan,nan,10
auth10-owned-v1-qps2000-n4,final. lat. p95 (s),,V1,nan,nan,nan,10
auth10-owned-v1-qps2000-n4,final. lat. p95 (s),,V2,nan,nan,nan,10
auth10-owned-v1-qps2000-n4,final. lat. p99 (s),,V1,nan,nan,nan,10
auth10-owned-v1-qps2000-n4,final. lat. p99 (s),,V2,nan,nan,nan,10
auth10-owned-v1-qps2000-n4,submit lat. p50 (s),,V1,nan,nan,nan,10
auth10-owned-v1-qps2000-n4,submit lat. p50 (s),,V2,nan,nan,nan,10
auth10-owned-v1-qps2000-n4,submit lat. p95 (s),,V1,nan,nan,nan,10
auth10-owned-v1-qps2000-n4,submit lat. p95 (s),,V2,nan,nan,nan,10
auth10-owned-v1-qps2000-n4,ckpt lag p50 (s),,V1,1.4963604482601096,1.5606188061339394,0.23643128669395058,10
auth10-owned-v1-qps2000-n4,ckpt lag p50 (s),,V2,0.3537404685734751,1.079935316995787,0.16772218967789226,10
auth10-owned-v1-qps2000-n4,ckpt lag p95 (s),,V1,2.3751690693851537,2.884912183666493,0.47048470182245716,10
auth10-owned-v1-qps2000-n4,ckpt lag p95 (s),,V2,0.7059488398314255,1.9882367751906556,0.34877076919069616,10
auth10-owned-v1-qps2000-n4,ckpt lag p99 (s),,V1,2.5726379447980032,3.371089445154013,0.5509011638640153,10
auth10-owned-v1-qps2000-n4,ckpt lag p99 (s),,V2,0.8058534058617388,2.0999248746737984,0.3707005941842023,10
auth10-owned-v1-qps2000-n4,exec. dispatch queue,,V1,543.3,412.4294000189608,137.47646667298693,10
auth10-owned-v1-qps2000-n4,exec. dispatch queue,,V2,667.6,177.69366899245452,59.231222997484835,10
auth10-owned-v1-qps2000-n4,pending txs,,V1,9.4,8.039900496896713,2.6799668322989043,10
auth10-owned-v1-qps2000-n4,pending txs,,V2,8.3,3.4073450074801643,1.1357816691600546,10
auth10-owned-v1-qps2000-n4,exec. queue. delay p95 (s),,V1,0.04537582633725893,0.03766283217582599,0.006354242031553328,10
auth10-owned-v1-qps2000-n4,exec. queue. delay p95 (s),,V2,0.07422992054082017,0.04333261254977853,0.00901766471452213,10
auth10-owned-v1-qps2000-n4,post-cons shed drops / sec,,V1,0.0,0.0,0.0,10
auth10-owned-v1-qps2000-n4,post-cons shed drops / sec,,V2,5.077531472359059,25.602503908699404,3.455433969797234,10
auth10-owned-v1-qps2000-n4,shed % quorum,,V1,0.0,0.0,0.0,10
auth10-owned-v1-qps2000-n4,shed % quorum,,V2,2.0,4.219004621945797,1.4063348739819324,10
auth10-owned-v1-qps2000-n4,shed % local,,V1,0.0,0.0,0.0,10
auth10-owned-v1-qps2000-n4,shed % local,,V2,10.0,7.536577472566709,2.5121924908555697,10
auth10-owned-v1-qps2000-n4,shed % cons-queue,,V1,0.0,0.0,0.0,10
auth10-owned-v1-qps2000-n4,shed % cons-queue,,V2,0.0,0.0,0.0,10
auth10-owned-v1-qps2000-n4,pre-cons overload rej / sec,,V1,nan,nan,nan,10
auth10-owned-v1-qps2000-n4,pre-cons overload rej / sec,,V2,nan,nan,nan,10
auth10-owned-v1-qps2000-n4,node CPU,,V1,10.341974580664425,1.6697729761448414,0.0890417295192015,10
auth10-owned-v1-qps2000-n4,node CPU,,V2,11.634744546581643,1.836932152004044,0.07155589034547226,10
auth10-owned-v1-qps2000-n4,node memory RSS (bytes),,V1,1162218557.8075042,363055396.32909757,4875252.254509056,10
auth10-owned-v1-qps2000-n4,node memory RSS (bytes),,V2,1601590929.0944626,602944677.692174,11455698.885429155,10
auth10-owned-v1-qps2000-n4,overload graduated / sec,,V1,nan,nan,nan,10
auth10-owned-v1-qps2000-n4,overload graduated / sec,,V2,nan,nan,nan,10
auth10-owned-v1-qps2000-n4,overload max-pending / sec,,V1,nan,nan,nan,10
auth10-owned-v1-qps2000-n4,overload max-pending / sec,,V2,nan,nan,nan,10
auth10-owned-v1-qps2000-n4,overload semaphore / sec,,V1,nan,nan,nan,10
auth10-owned-v1-qps2000-n4,overload semaphore / sec,,V2,nan,nan,nan,10
auth10-owned-v1-qps2000-n4,attest. exec p50 (s),,V1,nan,nan,nan,10
auth10-owned-v1-qps2000-n4,attest. exec p50 (s),,V2,0.0027681536104220555,3.6848431923065236e-05,5.477281885384998e-06,10
auth10-owned-v1-qps2000-n4,attest. exec p95 (s),,V1,nan,nan,nan,10
auth10-owned-v1-qps2000-n4,attest. exec p95 (s),,V2,0.004788218687069063,6.579288728634532e-06,1.194377571687393e-06,10
auth10-owned-v1-qps2000-n4,attest. exec p99 (s),,V1,nan,nan,nan,10
auth10-owned-v1-qps2000-n4,attest. exec p99 (s),,V2,0.004968169677029231,1.2314729954865095e-05,1.2685334123779004e-06,10
auth10-owned-v1-qps2000-n4,attest. wait p50 (s),,V1,nan,nan,nan,10
auth10-owned-v1-qps2000-n4,attest. wait p50 (s),,V2,0.000522860180454234,3.4187831427922094e-06,4.478952580357073e-07,10
auth10-owned-v1-qps2000-n4,attest. wait p95 (s),,V1,nan,nan,nan,10
auth10-owned-v1-qps2000-n4,attest. wait p95 (s),,V2,0.0010240342195076272,0.00012078402114205711,1.518799200046115e-05,10
auth10-owned-v1-qps2000-n4,attest. wait p99 (s),,V1,nan,nan,nan,10
auth10-owned-v1-qps2000-n4,attest. wait p99 (s),,V2,0.004544506228444035,0.0005225454904760086,7.15362066490012e-05,10
auth10-owned-v1-qps2000-n4,attest. resume p50 (s),,V1,nan,nan,nan,10
auth10-owned-v1-qps2000-n4,attest. resume p50 (s),,V2,0.0005016889977586488,6.848327942115063e-07,1.212594930872237e-07,10
auth10-owned-v1-qps2000-n4,attest. resume p95 (s),,V1,nan,nan,nan,10
auth10-owned-v1-qps2000-n4,attest. resume p95 (s),,V2,0.0009532090957414328,1.3011823090018662e-06,2.3039303686571396e-07,10
auth10-owned-v1-qps2000-n4,attest. resume p99 (s),,V1,nan,nan,nan,10
auth10-owned-v1-qps2000-n4,attest. resume p99 (s),,V2,0.0009933442155621247,1.3559689325387873e-06,2.4009379631268526e-07,10
auth10-owned-v1-qps2000-n4,num_inflight,,V1,1988.7,25.246980017419904,8.415660005806634,10
auth10-owned-v1-qps2000-n4,num_inflight,,V2,727.3,96.2611551977224,32.08705173257413,10
auth10-owned-v1-qps2000-n4,CUs,,V1,nan,nan,nan,10
auth10-owned-v1-qps2000-n4,CUs,,V2,1000.0,6.237117729055538e-14,0.0,10
auth10-owned-v4-qps2000-n4,TPS,,V1,1142.3526709025168,60.296060639808246,2.5767194925070553,10
auth10-owned-v4-qps2000-n4,TPS,,V2,1973.671482090643,707.969476531844,22.533164284448105,10
auth10-owned-v4-qps2000-n4,attest. full p50 (s),,V1,nan,nan,nan,10
auth10-owned-v4-qps2000-n4,attest. full p50 (s),,V2,0.0028306616647494095,3.3261717768408314e-05,3.673895804584927e-06,10
auth10-owned-v4-qps2000-n4,attest. full p95 (s),,V1,nan,nan,nan,10
auth10-owned-v4-qps2000-n4,attest. full p95 (s),,V2,0.00483201196334805,1.629151596657953e-05,2.7431249374011186e-06,10
auth10-owned-v4-qps2000-n4,attest. full p99 (s),,V1,nan,nan,nan,10
auth10-owned-v4-qps2000-n4,attest. full p99 (s),,V2,0.006005825567500768,0.0008746686948653946,0.00017051360363447968,10
auth10-owned-v4-qps2000-n4,attest. / sec,,V1,0.0,0.0,0.0,10
auth10-owned-v4-qps2000-n4,attest. / sec,,V2,1028.9899201127819,105.10158813522102,13.73286569788558,10
auth10-owned-v4-qps2000-n4,host CPU,,V1,35.51024384336448,12.543486314046806,0.07762772261101739,10
auth10-owned-v4-qps2000-n4,host CPU,,V2,37.654704744394046,13.504496594951465,0.37512492134852937,10
auth10-owned-v4-qps2000-n4,rec. → exec. p50 (s),,V1,1.4884709007844636,0.14945607272325964,0.004760685055542782,10
auth10-owned-v4-qps2000-n4,rec. → exec. p50 (s),,V2,0.20863228170345546,0.03368887583431634,0.0055657506454372405,10
auth10-owned-v4-qps2000-n4,rec. → exec. p95 (s),,V1,2.045640826986904,0.2976300397294119,0.041156778014233404,10
auth10-owned-v4-qps2000-n4,rec. → exec. p95 (s),,V2,0.4297516471052186,0.06448987105290459,0.01825399118684145,10
auth10-owned-v4-qps2000-n4,rec. → exec. p99 (s),,V1,2.2483357929244705,0.4875132329269008,0.08198878881201682,10
auth10-owned-v4-qps2000-n4,rec. → exec. p99 (s),,V2,0.4920858530861256,0.0538124003807368,0.008438447150466637,10
auth10-owned-v4-qps2000-n4,pc valid. lat. p50 (s),,V1,0.04661607001377121,0.008796921032596588,0.0011890528902865946,10
auth10-owned-v4-qps2000-n4,pc valid. lat. p50 (s),,V2,0.004327783253761798,0.00045348083700951733,9.857384089414158e-05,10
auth10-owned-v4-qps2000-n4,pc valid. lat. p95 (s),,V1,0.17459748773580122,0.035851005379418,0.007219529335394565,10
auth10-owned-v4-qps2000-n4,pc valid. lat. p95 (s),,V2,0.014080300949797042,0.0036133653101389188,0.0007876145320021867,10
auth10-owned-v4-qps2000-n4,exec. lat. p95 (s),,V1,0.02069821345814782,0.001557530047048291,4.76935874055958e-05,10
auth10-owned-v4-qps2000-n4,exec. lat. p95 (s),,V2,0.02051906208987152,0.003798609009007214,0.0004327472780130823,10
auth10-owned-v4-qps2000-n4,valid. drop. / sec,,V1,0.0,0.0,0.0,10
auth10-owned-v4-qps2000-n4,valid. drop. / sec,,V2,0.0,0.0,0.0,10
auth10-owned-v4-qps2000-n4,final. lat. p50 (s),,V1,nan,nan,nan,10
auth10-owned-v4-qps2000-n4,final. lat. p50 (s),,V2,nan,nan,nan,10
auth10-owned-v4-qps2000-n4,final. lat. p95 (s),,V1,nan,nan,nan,10
auth10-owned-v4-qps2000-n4,final. lat. p95 (s),,V2,nan,nan,nan,10
auth10-owned-v4-qps2000-n4,final. lat. p99 (s),,V1,nan,nan,nan,10
auth10-owned-v4-qps2000-n4,final. lat. p99 (s),,V2,nan,nan,nan,10
auth10-owned-v4-qps2000-n4,submit lat. p50 (s),,V1,nan,nan,nan,10
auth10-owned-v4-qps2000-n4,submit lat. p50 (s),,V2,nan,nan,nan,10
auth10-owned-v4-qps2000-n4,submit lat. p95 (s),,V1,nan,nan,nan,10
auth10-owned-v4-qps2000-n4,submit lat. p95 (s),,V2,nan,nan,nan,10
auth10-owned-v4-qps2000-n4,ckpt lag p50 (s),,V1,1.6083710049185975,0.22229084984981876,0.004602423715055959,10
auth10-owned-v4-qps2000-n4,ckpt lag p50 (s),,V2,0.7302270943681719,2.0995283093036234,0.2915303105185514,10
auth10-owned-v4-qps2000-n4,ckpt lag p95 (s),,V1,1.889206980322034,0.5045670034005822,0.06427471327706834,10
auth10-owned-v4-qps2000-n4,ckpt lag p95 (s),,V2,1.452517131794919,3.8117533527053475,0.5547970156191108,10
auth10-owned-v4-qps2000-n4,ckpt lag p99 (s),,V1,2.0586716123376227,0.6303494708666002,0.09763286795080599,10
auth10-owned-v4-qps2000-n4,ckpt lag p99 (s),,V2,1.6712127277790092,4.264564597163433,0.6160573219723315,10
auth10-owned-v4-qps2000-n4,exec. dispatch queue,,V1,602.5,418.9420604331821,139.64735347772736,10
auth10-owned-v4-qps2000-n4,exec. dispatch queue,,V2,749.7,270.9487220859327,90.31624069531088,10
auth10-owned-v4-qps2000-n4,pending txs,,V1,16.4,13.27554142022087,4.425180473406956,10
auth10-owned-v4-qps2000-n4,pending txs,,V2,12.4,9.350935782048767,3.1169785940162553,10
auth10-owned-v4-qps2000-n4,exec. queue. delay p95 (s),,V1,0.10366289863728709,0.2079905833660663,0.027358061008757775,10
auth10-owned-v4-qps2000-n4,exec. queue. delay p95 (s),,V2,0.06935045857706935,0.034432456527306365,0.006332531210653463,10
auth10-owned-v4-qps2000-n4,post-cons shed drops / sec,,V1,0.0,0.0,0.0,10
auth10-owned-v4-qps2000-n4,post-cons shed drops / sec,,V2,7.322934941520469,29.385981863606286,4.129139749222106,10
auth10-owned-v4-qps2000-n4,shed % quorum,,V1,0.0,0.0,0.0,10
auth10-owned-v4-qps2000-n4,shed % quorum,,V2,2.6,4.586937976471886,1.5289793254906285,10
auth10-owned-v4-qps2000-n4,shed % local,,V1,0.0,0.0,0.0,10
auth10-owned-v4-qps2000-n4,shed % local,,V2,9.4,7.83836717690617,2.612789058968723,10
auth10-owned-v4-qps2000-n4,shed % cons-queue,,V1,0.0,0.0,0.0,10
auth10-owned-v4-qps2000-n4,shed % cons-queue,,V2,0.0,0.0,0.0,10
auth10-owned-v4-qps2000-n4,pre-cons overload rej / sec,,V1,nan,nan,nan,10
auth10-owned-v4-qps2000-n4,pre-cons overload rej / sec,,V2,nan,nan,nan,10
auth10-owned-v4-qps2000-n4,node CPU,,V1,8.789625975026413,1.3222314266144153,0.032892148888506785,10
auth10-owned-v4-qps2000-n4,node CPU,,V2,9.619627802379666,1.404955891373428,0.08670233786567742,10
auth10-owned-v4-qps2000-n4,node memory RSS (bytes),,V1,1152937416.9641693,361980130.11991143,7524237.094797195,10
auth10-owned-v4-qps2000-n4,node memory RSS (bytes),,V2,1590883438.0716612,622751396.9997854,7254586.484976204,10
auth10-owned-v4-qps2000-n4,overload graduated / sec,,V1,nan,nan,nan,10
auth10-owned-v4-qps2000-n4,overload graduated / sec,,V2,nan,nan,nan,10
auth10-owned-v4-qps2000-n4,overload max-pending / sec,,V1,nan,nan,nan,10
auth10-owned-v4-qps2000-n4,overload max-pending / sec,,V2,nan,nan,nan,10
auth10-owned-v4-qps2000-n4,overload semaphore / sec,,V1,nan,nan,nan,10
auth10-owned-v4-qps2000-n4,overload semaphore / sec,,V2,nan,nan,nan,10
auth10-owned-v4-qps2000-n4,attest. exec p50 (s),,V1,nan,nan,nan,10
auth10-owned-v4-qps2000-n4,attest. exec p50 (s),,V2,0.0027510068714068007,3.8052113933334414e-05,4.059312486853249e-06,10
auth10-owned-v4-qps2000-n4,attest. exec p95 (s),,V1,nan,nan,nan,10
auth10-owned-v4-qps2000-n4,attest. exec p95 (s),,V2,0.004782067561043831,5.769647628812633e-06,8.063559343778925e-07,10
auth10-owned-v4-qps2000-n4,attest. exec p99 (s),,V1,nan,nan,nan,10
auth10-owned-v4-qps2000-n4,attest. exec p99 (s),,V2,0.004962606289011567,3.986830750845325e-06,6.564835908987832e-07,10
auth10-owned-v4-qps2000-n4,attest. wait p50 (s),,V1,nan,nan,nan,10
auth10-owned-v4-qps2000-n4,attest. wait p50 (s),,V2,0.0005171204347151614,3.196512242750356e-06,5.283637033057679e-07,10
auth10-owned-v4-qps2000-n4,attest. wait p95 (s),,V1,nan,nan,nan,10
auth10-owned-v4-qps2000-n4,attest. wait p95 (s),,V2,0.0009825288259588066,6.073373261225676e-06,1.0038910362809624e-06,10
auth10-owned-v4-qps2000-n4,attest. wait p99 (s),,V1,nan,nan,nan,10
auth10-owned-v4-qps2000-n4,attest. wait p99 (s),,V2,0.003915343192860702,0.0004911266874212485,6.478249864363087e-05,10
auth10-owned-v4-qps2000-n4,attest. resume p50 (s),,V1,nan,nan,nan,10
auth10-owned-v4-qps2000-n4,attest. resume p50 (s),,V2,0.0005013315940167494,4.804323665999342e-07,4.6067058378109813e-08,10
auth10-owned-v4-qps2000-n4,attest. resume p95 (s),,V1,nan,nan,nan,10
auth10-owned-v4-qps2000-n4,attest. resume p95 (s),,V2,0.0009525300286318235,9.128214965398693e-07,8.7527410918415e-08,10
auth10-owned-v4-qps2000-n4,attest. resume p99 (s),,V1,nan,nan,nan,10
auth10-owned-v4-qps2000-n4,attest. resume p99 (s),,V2,0.0009926365561531638,9.512560858678663e-07,9.121277558866175e-08,10
auth10-owned-v4-qps2000-n4,num_inflight,,V1,1883.8,118.69608249643288,39.565360832144286,10
auth10-owned-v4-qps2000-n4,num_inflight,,V2,367.5,55.81621628165062,18.605405427216873,10
auth10-owned-v4-qps2000-n4,CUs,,V1,nan,nan,nan,10
auth10-owned-v4-qps2000-n4,CUs,,V2,1000.0,6.338540927757448e-14,0.0,10
auth20-owned-f1-qps200-n4,TPS,,V1,193.97876899767843,55.31375876153214,11.538636851921842,10
auth20-owned-f1-qps200-n4,TPS,,V2,221.92138773176507,2.5201708919877808,0.1400752967904262,10
auth20-owned-f1-qps200-n4,attest. full p50 (s),,V1,nan,nan,nan,10
auth20-owned-f1-qps200-n4,attest. full p50 (s),,V2,0.0035517800744777716,7.264476379477247e-05,1.3538961755736743e-05,10
auth20-owned-f1-qps200-n4,attest. full p95 (s),,V1,nan,nan,nan,10
auth20-owned-f1-qps200-n4,attest. full p95 (s),,V2,0.008828732266956343,0.00012252846040372055,2.196718121372571e-05,10
auth20-owned-f1-qps200-n4,attest. full p99 (s),,V1,nan,nan,nan,10
auth20-owned-f1-qps200-n4,attest. full p99 (s),,V2,0.009766195565551382,2.4887283782955503e-05,4.436541072296035e-06,10
auth20-owned-f1-qps200-n4,attest. / sec,,V1,0.0,0.0,0.0,10
auth20-owned-f1-qps200-n4,attest. / sec,,V2,97.37442552206703,7.360523815196153,0.7943464103610985,10
auth20-owned-f1-qps200-n4,host CPU,,V1,11.79950799061084,5.068658701250258,0.578459183450419,10
auth20-owned-f1-qps200-n4,host CPU,,V2,11.355189844869205,4.161657503308622,0.026772529078149178,10
auth20-owned-f1-qps200-n4,rec. → exec. p50 (s),,V1,0.3051820741053879,0.04512416155458967,0.010161344215489114,10
auth20-owned-f1-qps200-n4,rec. → exec. p50 (s),,V2,0.20015890101481362,0.039435760583158556,0.006688237247440967,10
auth20-owned-f1-qps200-n4,rec. → exec. p95 (s),,V1,0.49274146179618267,0.0688754830847897,0.008420219092842466,10
auth20-owned-f1-qps200-n4,rec. → exec. p95 (s),,V2,0.38393353548787784,0.09122948481199332,0.02614040610192093,10
auth20-owned-f1-qps200-n4,rec. → exec. p99 (s),,V1,0.5716199877136912,0.1373585730387212,0.020253400562388175,10
auth20-owned-f1-qps200-n4,rec. → exec. p99 (s),,V2,0.4352136938727327,0.09503330591352693,0.03127591167322971,10
auth20-owned-f1-qps200-n4,pc valid. lat. p50 (s),,V1,0.022670209586570386,0.010752124310654728,0.0023554505982901425,10
auth20-owned-f1-qps200-n4,pc valid. lat. p50 (s),,V2,0.0006273254868250257,3.651848217468578e-05,8.491914509999392e-06,10
auth20-owned-f1-qps200-n4,pc valid. lat. p95 (s),,V1,0.0822670002742085,0.017226413995579747,0.003073513706929124,10
auth20-owned-f1-qps200-n4,pc valid. lat. p95 (s),,V2,0.0039229435662817965,0.00019215677672469798,3.129713023057521e-05,10
auth20-owned-f1-qps200-n4,exec. lat. p95 (s),,V1,0.014649789507228155,0.002431096145632159,0.00034564389074720063,10
auth20-owned-f1-qps200-n4,exec. lat. p95 (s),,V2,0.015317564505070514,0.0009497001672359101,0.00012517582068496798,10
auth20-owned-f1-qps200-n4,valid. drop. / sec,,V1,0.0,0.0,0.0,10
auth20-owned-f1-qps200-n4,valid. drop. / sec,,V2,0.0,0.0,0.0,10
auth20-owned-f1-qps200-n4,final. lat. p50 (s),,V1,0.25621053028779733,0.012898901689684722,0.002864719622799354,10
auth20-owned-f1-qps200-n4,final. lat. p50 (s),,V2,0.19301009014625492,0.009313867936185365,0.002700984807699648,10
auth20-owned-f1-qps200-n4,final. lat. p95 (s),,V1,0.3867645373509024,0.05051706481131707,0.0136722889388054,10
auth20-owned-f1-qps200-n4,final. lat. p95 (s),,V2,0.2911618250813577,0.042185159979003496,0.013054489034109313,10
auth20-owned-f1-qps200-n4,final. lat. p99 (s),,V1,0.4521559771757441,0.07477289125369524,0.018063723489104348,10
auth20-owned-f1-qps200-n4,final. lat. p99 (s),,V2,0.3326758188346283,0.058579456908668004,0.018364775307026144,10
auth20-owned-f1-qps200-n4,submit lat. p50 (s),,V1,0.026600938451460644,0.002242192045858165,0.0003190417889935053,10
auth20-owned-f1-qps200-n4,submit lat. p50 (s),,V2,0.026575174383147725,0.0017518153844117452,0.000292032864643264,10
auth20-owned-f1-qps200-n4,submit lat. p95 (s),,V1,0.04762757730388264,0.0007747000650236642,5.027818316799043e-05,10
auth20-owned-f1-qps200-n4,submit lat. p95 (s),,V2,0.04765411152020558,0.00019330963994382058,2.8987657132672474e-05,10
auth20-owned-f1-qps200-n4,ckpt lag p50 (s),,V1,0.6018739379953479,1.4890285507609746,0.20254714500353027,10
auth20-owned-f1-qps200-n4,ckpt lag p50 (s),,V2,0.17082360027312835,0.005537411842883272,0.0014124214627405359,10
auth20-owned-f1-qps200-n4,ckpt lag p95 (s),,V1,1.5364608776082787,3.334542920207894,0.5298496211584425,10
auth20-owned-f1-qps200-n4,ckpt lag p95 (s),,V2,0.24784776748304221,0.03528979099886528,0.009594408245773785,10
auth20-owned-f1-qps200-n4,ckpt lag p99 (s),,V1,1.7084006413768529,3.5809348582870717,0.577326599579796,10
auth20-owned-f1-qps200-n4,ckpt lag p99 (s),,V2,0.28810735042516566,0.04736263689127324,0.01333607899705052,10
auth20-owned-f1-qps200-n4,exec. dispatch queue,,V1,11.4,12.531560158256434,4.1771867194188115,10
auth20-owned-f1-qps200-n4,exec. dispatch queue,,V2,17.9,14.47376937773986,4.824589792579952,10
auth20-owned-f1-qps200-n4,pending txs,,V1,2.2,1.4,0.4666666666666666,10
auth20-owned-f1-qps200-n4,pending txs,,V2,1.1,1.044030650891055,0.348010216963685,10
auth20-owned-f1-qps200-n4,exec. queue. delay p95 (s),,V1,0.0004850623878806386,6.547066488851463e-05,7.267523365208147e-06,10
auth20-owned-f1-qps200-n4,exec. queue. delay p95 (s),,V2,0.0004835322478985452,5.834911257082407e-05,8.322966346316703e-06,10
auth20-owned-f1-qps200-n4,post-cons shed drops / sec,,V1,0.0,0.0,0.0,10
auth20-owned-f1-qps200-n4,post-cons shed drops / sec,,V2,0.0,0.0,0.0,10
auth20-owned-f1-qps200-n4,shed % quorum,,V1,0.0,0.0,0.0,10
auth20-owned-f1-qps200-n4,shed % quorum,,V2,0.0,0.0,0.0,10
auth20-owned-f1-qps200-n4,shed % local,,V1,0.0,0.0,0.0,10
auth20-owned-f1-qps200-n4,shed % local,,V2,0.0,0.0,0.0,10
auth20-owned-f1-qps200-n4,shed % cons-queue,,V1,0.0,0.0,0.0,10
auth20-owned-f1-qps200-n4,shed % cons-queue,,V2,0.0,0.0,0.0,10
auth20-owned-f1-qps200-n4,pre-cons overload rej / sec,,V1,nan,nan,nan,10
auth20-owned-f1-qps200-n4,pre-cons overload rej / sec,,V2,nan,nan,nan,10
auth20-owned-f1-qps200-n4,node CPU,,V1,2.535441393704725,0.7263410021771631,0.14719228623693717,10
auth20-owned-f1-qps200-n4,node CPU,,V2,2.3413112802847804,0.31880922411265256,0.00798862150205275,10
auth20-owned-f1-qps200-n4,node memory RSS (bytes),,V1,525143286.4542373,77780360.52085891,6018789.130338443,10
auth20-owned-f1-qps200-n4,node memory RSS (bytes),,V2,517417845.6216216,86117932.76196997,4233435.789538092,10
auth20-owned-f1-qps200-n4,overload graduated / sec,,V1,nan,nan,nan,10
auth20-owned-f1-qps200-n4,overload graduated / sec,,V2,nan,nan,nan,10
auth20-owned-f1-qps200-n4,overload max-pending / sec,,V1,nan,nan,nan,10
auth20-owned-f1-qps200-n4,overload max-pending / sec,,V2,nan,nan,nan,10
auth20-owned-f1-qps200-n4,overload semaphore / sec,,V1,nan,nan,nan,10
auth20-owned-f1-qps200-n4,overload semaphore / sec,,V2,nan,nan,nan,10
auth20-owned-f1-qps200-n4,attest. exec p50 (s),,V1,nan,nan,nan,10
auth20-owned-f1-qps200-n4,attest. exec p50 (s),,V2,0.003530351270091668,7.015715645218065e-05,1.2599315522900294e-05,10
auth20-owned-f1-qps200-n4,attest. exec p95 (s),,V1,nan,nan,nan,10
auth20-owned-f1-qps200-n4,attest. exec p95 (s),,V2,0.00879104914252548,0.00012733932784887473,2.1696497138350153e-05,10
auth20-owned-f1-qps200-n4,attest. exec p99 (s),,V1,nan,nan,nan,10
auth20-owned-f1-qps200-n4,attest. exec p99 (s),,V2,0.009758209828505096,2.5467865569774972e-05,4.339299427670063e-06,10
auth20-owned-f1-qps200-n4,attest. wait p50 (s),,V1,nan,nan,nan,10
auth20-owned-f1-qps200-n4,attest. wait p50 (s),,V2,0.0005006967473697668,1.3653367701120238e-06,1.6805922937042852e-07,10
auth20-owned-f1-qps200-n4,attest. wait p95 (s),,V1,nan,nan,nan,10
auth20-owned-f1-qps200-n4,attest. wait p95 (s),,V2,0.000951323820002557,2.594139863212839e-06,3.1931253580379806e-07,10
auth20-owned-f1-qps200-n4,attest. wait p99 (s),,V1,nan,nan,nan,10
auth20-owned-f1-qps200-n4,attest. wait p99 (s),,V2,0.0010061935213603855,0.00018214092497036944,1.5129769411705628e-05,10
auth20-owned-f1-qps200-n4,attest. resume p50 (s),,V1,nan,nan,nan,10
auth20-owned-f1-qps200-n4,attest. resume p50 (s),,V2,0.0005002447122584773,5.387701827271879e-07,8.748561438961637e-08,10
auth20-owned-f1-qps200-n4,attest. resume p95 (s),,V1,nan,nan,nan,10
auth20-owned-f1-qps200-n4,attest. resume p95 (s),,V2,0.0009504649532911068,1.0236633471816458e-06,1.6622266734026473e-07,10
auth20-owned-f1-qps200-n4,attest. resume p99 (s),,V1,nan,nan,nan,10
auth20-owned-f1-qps200-n4,attest. resume p99 (s),,V2,0.0009904845302717848,1.0667649617998297e-06,1.7322151649146586e-07,10
auth20-owned-f1-qps200-n4,num_inflight,,V1,46.3,7.142128534267639,2.3807095114225456,10
auth20-owned-f1-qps200-n4,num_inflight,,V2,36.4,6.036555309114628,2.012185103038209,10
auth20-owned-f1-qps200-n4,CUs,,V1,nan,nan,nan,10
auth20-owned-f1-qps200-n4,CUs,,V2,1000.0,7.202509466727691e-14,0.0,10
auth20-owned-v1-qps200-n4,TPS,,V1,207.24564697211042,61.505965340774054,11.199346125942283,10
auth20-owned-v1-qps200-n4,TPS,,V2,220.99666505980326,9.853096670763671,0.7817528341431546,10
auth20-owned-v1-qps200-n4,attest. full p50 (s),,V1,nan,nan,nan,10
auth20-owned-v1-qps200-n4,attest. full p50 (s),,V2,0.003630121976153686,8.523966479817425e-05,1.2919610212668309e-05,10
auth20-owned-v1-qps200-n4,attest. full p95 (s),,V1,nan,nan,nan,10
auth20-owned-v1-qps200-n4,attest. full p95 (s),,V2,0.008947135776717465,0.00012008903488858609,1.7009414280264525e-05,10
auth20-owned-v1-qps200-n4,attest. full p99 (s),,V1,nan,nan,nan,10
auth20-owned-v1-qps200-n4,attest. full p99 (s),,V2,0.009795561243900568,3.0068550682432367e-05,4.2557401219253995e-06,10
auth20-owned-v1-qps200-n4,attest. / sec,,V1,0.0,0.0,0.0,10
auth20-owned-v1-qps200-n4,attest. / sec,,V2,197.88450704225352,20.446626829397918,0.5737503881329967,10
auth20-owned-v1-qps200-n4,host CPU,,V1,12.296952275538914,4.572303100881386,0.1183677579375858,10
auth20-owned-v1-qps200-n4,host CPU,,V2,10.951830481154257,4.028706505226539,0.026487266685335867,10
auth20-owned-v1-qps200-n4,rec. → exec. p50 (s),,V1,0.28034394642829574,0.028600140238026473,0.007464058290073404,10
auth20-owned-v1-qps200-n4,rec. → exec. p50 (s),,V2,0.18570897397980235,0.009456082165784438,0.0027827373536031584,10
auth20-owned-v1-qps200-n4,rec. → exec. p95 (s),,V1,0.48145916410719636,0.006994057634283178,0.0011181031024752293,10
auth20-owned-v1-qps200-n4,rec. → exec. p95 (s),,V2,0.36024062773695864,0.08782166724007673,0.02783360943922517,10
auth20-owned-v1-qps200-n4,rec. → exec. p99 (s),,V1,0.5684362512862478,0.11821255625025559,0.015007170528539527,10
auth20-owned-v1-qps200-n4,rec. → exec. p99 (s),,V2,0.43250530263991577,0.10288055828911606,0.03184971937959685,10
auth20-owned-v1-qps200-n4,pc valid. lat. p50 (s),,V1,0.016328506291893002,0.0035288983336667886,0.0006254124780740267,10
auth20-owned-v1-qps200-n4,pc valid. lat. p50 (s),,V2,0.0005092812892859401,5.7519241653152834e-05,1.5198692249247971e-05,10
auth20-owned-v1-qps200-n4,pc valid. lat. p95 (s),,V1,0.09388131581011785,0.0035773199866322523,0.00022012289667082283,10
auth20-owned-v1-qps200-n4,pc valid. lat. p95 (s),,V2,0.004288608877946784,5.884566421798254e-05,1.230685036877284e-05,10
auth20-owned-v1-qps200-n4,exec. lat. p95 (s),,V1,0.015274690793697011,0.0022060459339649546,0.00036399033010706784,10
auth20-owned-v1-qps200-n4,exec. lat. p95 (s),,V2,0.01585860969142739,0.0010836305557641918,0.00015008437355198528,10
auth20-owned-v1-qps200-n4,valid. drop. / sec,,V1,0.0,0.0,0.0,10
auth20-owned-v1-qps200-n4,valid. drop. / sec,,V2,0.0,0.0,0.0,10
auth20-owned-v1-qps200-n4,final. lat. p50 (s),,V1,nan,nan,nan,10
auth20-owned-v1-qps200-n4,final. lat. p50 (s),,V2,nan,nan,nan,10
auth20-owned-v1-qps200-n4,final. lat. p95 (s),,V1,nan,nan,nan,10
auth20-owned-v1-qps200-n4,final. lat. p95 (s),,V2,nan,nan,nan,10
auth20-owned-v1-qps200-n4,final. lat. p99 (s),,V1,nan,nan,nan,10
auth20-owned-v1-qps200-n4,final. lat. p99 (s),,V2,nan,nan,nan,10
auth20-owned-v1-qps200-n4,submit lat. p50 (s),,V1,nan,nan,nan,10
auth20-owned-v1-qps200-n4,submit lat. p50 (s),,V2,nan,nan,nan,10
auth20-owned-v1-qps200-n4,submit lat. p95 (s),,V1,nan,nan,nan,10
auth20-owned-v1-qps200-n4,submit lat. p95 (s),,V2,nan,nan,nan,10
auth20-owned-v1-qps200-n4,ckpt lag p50 (s),,V1,0.9173496348736696,3.8247564900743267,1.1070553956319225,10
auth20-owned-v1-qps200-n4,ckpt lag p50 (s),,V2,0.16868909257150136,0.007423021316683886,0.0016738888182020427,10
auth20-owned-v1-qps200-n4,ckpt lag p95 (s),,V1,1.7993081109751987,6.547364295547486,1.8133546736948798,10
auth20-owned-v1-qps200-n4,ckpt lag p95 (s),,V2,0.2653233370976173,0.03880920875202983,0.011176211480532282,10
auth20-owned-v1-qps200-n4,ckpt lag p99 (s),,V1,1.9832884200604555,6.85686569419906,1.8853699406281699,10
auth20-owned-v1-qps200-n4,ckpt lag p99 (s),,V2,0.3164580122137229,0.06669477300916114,0.013915352948821243,10
auth20-owned-v1-qps200-n4,exec. dispatch queue,,V1,29.6,22.918115105741137,7.63937170191371,10
auth20-owned-v1-qps200-n4,exec. dispatch queue,,V2,8.8,11.923086848631105,3.9743622828770344,10
auth20-owned-v1-qps200-n4,pending txs,,V1,3.2,3.218695387886217,1.0728984626287388,10
auth20-owned-v1-qps200-n4,pending txs,,V2,1.6,2.0099751242241783,0.6699917080747261,10
auth20-owned-v1-qps200-n4,exec. queue. delay p95 (s),,V1,0.0006980960267268501,0.0007313493754743876,0.00014868290758666936,10
auth20-owned-v1-qps200-n4,exec. queue. delay p95 (s),,V2,0.0007285062528651545,0.0007451276792791248,0.0001656603002125442,10
auth20-owned-v1-qps200-n4,post-cons shed drops / sec,,V1,0.0,0.0,0.0,10
auth20-owned-v1-qps200-n4,post-cons shed drops / sec,,V2,0.0,0.0,0.0,10
auth20-owned-v1-qps200-n4,shed % quorum,,V1,0.0,0.0,0.0,10
auth20-owned-v1-qps200-n4,shed % quorum,,V2,0.0,0.0,0.0,10
auth20-owned-v1-qps200-n4,shed % local,,V1,0.0,0.0,0.0,10
auth20-owned-v1-qps200-n4,shed % local,,V2,0.0,0.0,0.0,10
auth20-owned-v1-qps200-n4,shed % cons-queue,,V1,0.0,0.0,0.0,10
auth20-owned-v1-qps200-n4,shed % cons-queue,,V2,0.0,0.0,0.0,10
auth20-owned-v1-qps200-n4,pre-cons overload rej / sec,,V1,nan,nan,nan,10
auth20-owned-v1-qps200-n4,pre-cons overload rej / sec,,V2,nan,nan,nan,10
auth20-owned-v1-qps200-n4,node CPU,,V1,3.243815383075224,0.42296263598863754,0.020425616944844814,10
auth20-owned-v1-qps200-n4,node CPU,,V2,2.8236374068593126,0.428968429668208,0.010648521378942037,10
auth20-owned-v1-qps200-n4,node memory RSS (bytes),,V1,566832635.5785837,85814125.81482987,3291401.1550298086,10
auth20-owned-v1-qps200-n4,node memory RSS (bytes),,V2,547664623.7530017,85626491.21943286,4250468.417726914,10
auth20-owned-v1-qps200-n4,overload graduated / sec,,V1,nan,nan,nan,10
auth20-owned-v1-qps200-n4,overload graduated / sec,,V2,nan,nan,nan,10
auth20-owned-v1-qps200-n4,overload max-pending / sec,,V1,nan,nan,nan,10
auth20-owned-v1-qps200-n4,overload max-pending / sec,,V2,nan,nan,nan,10
auth20-owned-v1-qps200-n4,overload semaphore / sec,,V1,nan,nan,nan,10
auth20-owned-v1-qps200-n4,overload semaphore / sec,,V2,nan,nan,nan,10
auth20-owned-v1-qps200-n4,attest. exec p50 (s),,V1,nan,nan,nan,10
auth20-owned-v1-qps200-n4,attest. exec p50 (s),,V2,0.0036044521931566185,8.344613828619421e-05,1.3504740751286788e-05,10
auth20-owned-v1-qps200-n4,attest. exec p95 (s),,V1,nan,nan,nan,10
auth20-owned-v1-qps200-n4,attest. exec p95 (s),,V2,0.008906637103708504,0.00012333857475485023,1.9207162379377066e-05,10
auth20-owned-v1-qps200-n4,attest. exec p99 (s),,V1,nan,nan,nan,10
auth20-owned-v1-qps200-n4,attest. exec p99 (s),,V2,0.009781679506999198,2.4679396875690977e-05,3.772704782968092e-06,10
auth20-owned-v1-qps200-n4,attest. wait p50 (s),,V1,nan,nan,nan,10
auth20-owned-v1-qps200-n4,attest. wait p50 (s),,V2,0.0005018229050346589,1.6095192430674645e-06,2.8425795823112245e-07,10
auth20-owned-v1-qps200-n4,attest. wait p95 (s),,V1,nan,nan,nan,10
auth20-owned-v1-qps200-n4,attest. wait p95 (s),,V2,0.0009534635195658521,3.058086561828207e-06,5.400901206391267e-07,10
auth20-owned-v1-qps200-n4,attest. wait p99 (s),,V1,nan,nan,nan,10
auth20-owned-v1-qps200-n4,attest. wait p99 (s),,V2,0.0010237925752820242,0.0001809956898103934,1.2046494788767966e-05,10
auth20-owned-v1-qps200-n4,attest. resume p50 (s),,V1,nan,nan,nan,10
auth20-owned-v1-qps200-n4,attest. resume p50 (s),,V2,0.0005007157644114462,1.1463259872650068e-06,1.6846075448443852e-07,10
auth20-owned-v1-qps200-n4,attest. resume p95 (s),,V1,nan,nan,nan,10
auth20-owned-v1-qps200-n4,attest. resume p95 (s),,V2,0.0009513599523817479,2.1780193758035397e-06,3.2007543352044457e-07,10
auth20-owned-v1-qps200-n4,attest. resume p99 (s),,V1,nan,nan,nan,10
auth20-owned-v1-qps200-n4,attest. resume p99 (s),,V2,0.0009954677373020784,7.66049539423023e-05,4.342415921426864e-06,10
auth20-owned-v1-qps200-n4,num_inflight,,V1,99.9,19.049671913185275,6.349890637728425,10
auth20-owned-v1-qps200-n4,num_inflight,,V2,64.9,17.677386684688436,5.892462228229477,10
auth20-owned-v1-qps200-n4,CUs,,V1,nan,nan,nan,10
auth20-owned-v1-qps200-n4,CUs,,V2,1000.0,6.829878047784175e-14,0.0,10
auth20-owned-v4-qps200-n4,TPS,,V1,209.9477585293051,50.57074883031947,6.7105329086226,10
auth20-owned-v4-qps200-n4,TPS,,V2,221.86139289935832,3.3075448563616607,0.20305579931733264,10
auth20-owned-v4-qps200-n4,attest. full p50 (s),,V1,nan,nan,nan,10
auth20-owned-v4-qps200-n4,attest. full p50 (s),,V2,0.003568931824024422,6.626370951589347e-05,1.082462886980475e-05,10
auth20-owned-v4-qps200-n4,attest. full p95 (s),,V1,nan,nan,nan,10
auth20-owned-v4-qps200-n4,attest. full p95 (s),,V2,0.008861361882553797,0.00011145175680811864,1.873094728326392e-05,10
auth20-owned-v4-qps200-n4,attest. full p99 (s),,V1,nan,nan,nan,10
auth20-owned-v4-qps200-n4,attest. full p99 (s),,V2,0.009775313462699211,2.4775504027500098e-05,3.952294961955332e-06,10
auth20-owned-v4-qps200-n4,attest. / sec,,V1,0.0,0.0,0.0,10
auth20-owned-v4-qps200-n4,attest. / sec,,V2,101.16239727569514,2.943274999226567,0.2544887595176199,10
auth20-owned-v4-qps200-n4,host CPU,,V1,12.421409009183837,4.538622162169403,0.10978944838275943,10
auth20-owned-v4-qps200-n4,host CPU,,V2,10.805362053568079,3.9744229613268427,0.04718631713165618,10
auth20-owned-v4-qps200-n4,rec. → exec. p50 (s),,V1,0.2835138623746606,0.045694192020944,0.011925460504410386,10
auth20-owned-v4-qps200-n4,rec. → exec. p50 (s),,V2,0.19388122863137772,0.01930753998818007,0.0031318826035399167,10
auth20-owned-v4-qps200-n4,rec. → exec. p95 (s),,V1,0.48098030678482445,0.02545884237652362,0.002329126408103906,10
auth20-owned-v4-qps200-n4,rec. → exec. p95 (s),,V2,0.4103364486735664,0.06304528156666292,0.018748995172958794,10
auth20-owned-v4-qps200-n4,rec. → exec. p99 (s),,V1,0.5679982731045439,0.13091998147786327,0.026949898263932313,10
auth20-owned-v4-qps200-n4,rec. → exec. p99 (s),,V2,0.4844354779409472,0.054728368312508636,0.010503488050181293,10
auth20-owned-v4-qps200-n4,pc valid. lat. p50 (s),,V1,0.028822301210628693,0.0024212355593335845,0.0005316468943946252,10
auth20-owned-v4-qps200-n4,pc valid. lat. p50 (s),,V2,0.0006171331600079234,4.0114410174461564e-05,8.465671492591206e-06,10
auth20-owned-v4-qps200-n4,pc valid. lat. p95 (s),,V1,0.08880616452903961,0.0016588433136712365,0.0003521182584668124,10
auth20-owned-v4-qps200-n4,pc valid. lat. p95 (s),,V2,0.0039029487378572834,0.00023394938796162567,5.672323517191766e-05,10
auth20-owned-v4-qps200-n4,exec. lat. p95 (s),,V1,0.014676779850383907,0.0020036595357351664,0.00020528819268542017,10
auth20-owned-v4-qps200-n4,exec. lat. p95 (s),,V2,0.015706092409645756,0.0010478586746972018,0.00013861020413345979,10
auth20-owned-v4-qps200-n4,valid. drop. / sec,,V1,0.0,0.0,0.0,10
auth20-owned-v4-qps200-n4,valid. drop. / sec,,V2,0.0,0.0,0.0,10
auth20-owned-v4-qps200-n4,final. lat. p50 (s),,V1,nan,nan,nan,10
auth20-owned-v4-qps200-n4,final. lat. p50 (s),,V2,nan,nan,nan,10
auth20-owned-v4-qps200-n4,final. lat. p95 (s),,V1,nan,nan,nan,10
auth20-owned-v4-qps200-n4,final. lat. p95 (s),,V2,nan,nan,nan,10
auth20-owned-v4-qps200-n4,final. lat. p99 (s),,V1,nan,nan,nan,10
auth20-owned-v4-qps200-n4,final. lat. p99 (s),,V2,nan,nan,nan,10
auth20-owned-v4-qps200-n4,submit lat. p50 (s),,V1,nan,nan,nan,10
auth20-owned-v4-qps200-n4,submit lat. p50 (s),,V2,nan,nan,nan,10
auth20-owned-v4-qps200-n4,submit lat. p95 (s),,V1,nan,nan,nan,10
auth20-owned-v4-qps200-n4,submit lat. p95 (s),,V2,nan,nan,nan,10
auth20-owned-v4-qps200-n4,ckpt lag p50 (s),,V1,0.4424632834961106,1.0038210590078576,0.15698092398664285,10
auth20-owned-v4-qps200-n4,ckpt lag p50 (s),,V2,0.1710403242126897,0.00451146966120384,0.0006914960713140078,10
auth20-owned-v4-qps200-n4,ckpt lag p95 (s),,V1,0.858535831317668,1.9244326589323864,0.3616447648408167,10
auth20-owned-v4-qps200-n4,ckpt lag p95 (s),,V2,0.2666653231828346,0.039525333952687626,0.008535600481520472,10
auth20-owned-v4-qps200-n4,ckpt lag p99 (s),,V1,1.026661210050255,2.3539574642395813,0.4416998372472084,10
auth20-owned-v4-qps200-n4,ckpt lag p99 (s),,V2,0.3215318617422137,0.05699206818445932,0.013370818150423626,10
auth20-owned-v4-qps200-n4,exec. dispatch queue,,V1,10.9,10.820813278122861,3.606937759374287,10
auth20-owned-v4-qps200-n4,exec. dispatch queue,,V2,9.6,14.914422550001726,4.971474183333908,10
auth20-owned-v4-qps200-n4,pending txs,,V1,1.7,1.268857754044952,0.42295258468165065,10
auth20-owned-v4-qps200-n4,pending txs,,V2,1.8,2.08806130178211,0.69602043392737,10
auth20-owned-v4-qps200-n4,exec. queue. delay p95 (s),,V1,0.0005061898600601396,0.0001097918601486893,1.8742271399199034e-05,10
auth20-owned-v4-qps200-n4,exec. queue. delay p95 (s),,V2,0.000515810082950416,0.00012793492748082626,3.3137156290043446e-05,10
auth20-owned-v4-qps200-n4,post-cons shed drops / sec,,V1,0.0,0.0,0.0,10
auth20-owned-v4-qps200-n4,post-cons shed drops / sec,,V2,0.0,0.0,0.0,10
auth20-owned-v4-qps200-n4,shed % quorum,,V1,0.0,0.0,0.0,10
auth20-owned-v4-qps200-n4,shed % quorum,,V2,0.0,0.0,0.0,10
auth20-owned-v4-qps200-n4,shed % local,,V1,0.0,0.0,0.0,10
auth20-owned-v4-qps200-n4,shed % local,,V2,0.0,0.0,0.0,10
auth20-owned-v4-qps200-n4,shed % cons-queue,,V1,0.0,0.0,0.0,10
auth20-owned-v4-qps200-n4,shed % cons-queue,,V2,0.0,0.0,0.0,10
auth20-owned-v4-qps200-n4,pre-cons overload rej / sec,,V1,nan,nan,nan,10
auth20-owned-v4-qps200-n4,pre-cons overload rej / sec,,V2,nan,nan,nan,10
auth20-owned-v4-qps200-n4,node CPU,,V1,2.8798076588839456,0.3577108342286548,0.024890840111422882,10
auth20-owned-v4-qps200-n4,node CPU,,V2,2.3825823104146,0.2944941755765288,0.00856495771503888,10
auth20-owned-v4-qps200-n4,node memory RSS (bytes),,V1,538171279.7808219,83357075.9340678,3497663.5713337585,10
auth20-owned-v4-qps200-n4,node memory RSS (bytes),,V2,534458044.81646657,84822537.36401412,5112068.857728897,10
auth20-owned-v4-qps200-n4,overload graduated / sec,,V1,nan,nan,nan,10
auth20-owned-v4-qps200-n4,overload graduated / sec,,V2,nan,nan,nan,10
auth20-owned-v4-qps200-n4,overload max-pending / sec,,V1,nan,nan,nan,10
auth20-owned-v4-qps200-n4,overload max-pending / sec,,V2,nan,nan,nan,10
auth20-owned-v4-qps200-n4,overload semaphore / sec,,V1,nan,nan,nan,10
auth20-owned-v4-qps200-n4,overload semaphore / sec,,V2,nan,nan,nan,10
auth20-owned-v4-qps200-n4,attest. exec p50 (s),,V1,nan,nan,nan,10
auth20-owned-v4-qps200-n4,attest. exec p50 (s),,V2,0.003541423864125064,6.349261553043814e-05,1.0281910403353181e-05,10
auth20-owned-v4-qps200-n4,attest. exec p95 (s),,V1,nan,nan,nan,10
auth20-owned-v4-qps200-n4,attest. exec p95 (s),,V2,0.008812909312814025,0.00011777564476567293,1.9638569950245484e-05,10
auth20-owned-v4-qps200-n4,attest. exec p99 (s),,V1,nan,nan,nan,10
auth20-owned-v4-qps200-n4,attest. exec p99 (s),,V2,0.009762581862562804,2.355512895313462e-05,3.927713990049067e-06,10
auth20-owned-v4-qps200-n4,attest. wait p50 (s),,V1,nan,nan,nan,10
auth20-owned-v4-qps200-n4,attest. wait p50 (s),,V2,0.0005014978594865436,1.9552908059399573e-06,3.3490125888358795e-07,10
auth20-owned-v4-qps200-n4,attest. wait p95 (s),,V1,nan,nan,nan,10
auth20-owned-v4-qps200-n4,attest. wait p95 (s),,V2,0.0009528459330244328,3.71505253128591e-06,6.363123918788082e-07,10
auth20-owned-v4-qps200-n4,attest. wait p99 (s),,V1,nan,nan,nan,10
auth20-owned-v4-qps200-n4,attest. wait p99 (s),,V2,0.0010467474933756095,0.0002890389449354956,3.3435007618427727e-05,10
auth20-owned-v4-qps200-n4,attest. resume p50 (s),,V1,nan,nan,nan,10
auth20-owned-v4-qps200-n4,attest. resume p50 (s),,V2,0.0005005877063994202,1.2193629029088075e-06,1.5585046961365826e-07,10
auth20-owned-v4-qps200-n4,attest. resume p95 (s),,V1,nan,nan,nan,10
auth20-owned-v4-qps200-n4,attest. resume p95 (s),,V2,0.0009511166421588987,2.316789515526734e-06,2.9611589226593855e-07,10
auth20-owned-v4-qps200-n4,attest. resume p99 (s),,V1,nan,nan,nan,10
auth20-owned-v4-qps200-n4,attest. resume p99 (s),,V2,0.0010062035163020517,0.00013600354443983007,1.0480420912864819e-05,10
auth20-owned-v4-qps200-n4,num_inflight,,V1,46.9,8.619164692706597,2.8730548975688652,10
auth20-owned-v4-qps200-n4,num_inflight,,V2,42.7,6.197580172938467,2.0658600576461557,10
auth20-owned-v4-qps200-n4,CUs,,V1,nan,nan,nan,10
auth20-owned-v4-qps200-n4,CUs,,V2,1000.0,7.385146467731737e-14,0.0,10
auth20-owned-f1-qps1000-n4,TPS,,V1,595.108611634973,144.23347466436778,29.69269214965198,10
auth20-owned-f1-qps1000-n4,TPS,,V2,933.1529560212515,218.87836051656933,37.77873396326224,10
auth20-owned-f1-qps1000-n4,attest. full p50 (s),,V1,nan,nan,nan,10
auth20-owned-f1-qps1000-n4,attest. full p50 (s),,V2,0.003486181815174783,5.323275366490931e-05,6.07671173432987e-06,10
auth20-owned-f1-qps1000-n4,attest. full p95 (s),,V1,nan,nan,nan,10
auth20-owned-f1-qps1000-n4,attest. full p95 (s),,V2,0.00878108889323372,0.00043443785506782555,7.3678664851067885e-06,10
auth20-owned-f1-qps1000-n4,attest. full p99 (s),,V1,nan,nan,nan,10
auth20-owned-f1-qps1000-n4,attest. full p99 (s),,V2,0.009914283088956047,0.001011857109374457,9.767279890153436e-05,10
auth20-owned-f1-qps1000-n4,attest. / sec,,V1,0.0,0.0,0.0,10
auth20-owned-f1-qps1000-n4,attest. / sec,,V2,458.86128099173555,106.05200231927279,18.539164291234666,10
auth20-owned-f1-qps1000-n4,host CPU,,V1,32.026227264240504,13.234022195193978,1.475462308000303,10
auth20-owned-f1-qps1000-n4,host CPU,,V2,32.28660576563199,13.544376307461993,1.3208271131527842,10
auth20-owned-f1-qps1000-n4,rec. → exec. p50 (s),,V1,1.4262940960908106,0.21738916792625165,0.013143565316763875,10
auth20-owned-f1-qps1000-n4,rec. → exec. p50 (s),,V2,0.2259787022959872,0.04791751533272728,0.00621057397643241,10
auth20-owned-f1-qps1000-n4,rec. → exec. p95 (s),,V1,1.8996835790342552,0.22548750253463706,0.009873261504598795,10
auth20-owned-f1-qps1000-n4,rec. → exec. p95 (s),,V2,0.46085592227161715,0.07194596410088182,0.009782376129935428,10
auth20-owned-f1-qps1000-n4,rec. → exec. p99 (s),,V1,1.94652285307115,0.2193865418126657,0.008383375509866212,10
auth20-owned-f1-qps1000-n4,rec. → exec. p99 (s),,V2,0.5104688621061766,0.09227071618731163,0.009798198715910578,10
auth20-owned-f1-qps1000-n4,pc valid. lat. p50 (s),,V1,0.04094287055168875,0.012144223356888246,0.0025321608405881016,10
auth20-owned-f1-qps1000-n4,pc valid. lat. p50 (s),,V2,0.0024356621969347345,0.0007026673736022088,0.00014341497206756012,10
auth20-owned-f1-qps1000-n4,pc valid. lat. p95 (s),,V1,0.15441400888682605,0.04588835029802768,0.009460095014106305,10
auth20-owned-f1-qps1000-n4,pc valid. lat. p95 (s),,V2,0.00665393637077624,0.0016300886434533425,0.00033281800338808774,10
auth20-owned-f1-qps1000-n4,exec. lat. p95 (s),,V1,0.020219061649897722,0.0033515862895026035,0.0005383160915139535,10
auth20-owned-f1-qps1000-n4,exec. lat. p95 (s),,V2,0.02016295403376634,0.0027993574044092536,0.0003109255323425563,10
auth20-owned-f1-qps1000-n4,valid. drop. / sec,,V1,0.0,0.0,0.0,10
auth20-owned-f1-qps1000-n4,valid. drop. / sec,,V2,0.0,0.0,0.0,10
auth20-owned-f1-qps1000-n4,final. lat. p50 (s),,V1,1.1177015917539428,0.1696991877099117,0.0177729745668853,10
auth20-owned-f1-qps1000-n4,final. lat. p50 (s),,V2,0.21265691518293756,0.010333953503336223,0.002038423756085087,10
auth20-owned-f1-qps1000-n4,final. lat. p95 (s),,V1,1.2904741116629266,0.157792725928345,0.014811864252860775,10
auth20-owned-f1-qps1000-n4,final. lat. p95 (s),,V2,0.34569149500303564,0.050048482201102445,0.014050239933112846,10
auth20-owned-f1-qps1000-n4,final. lat. p99 (s),,V1,1.351843433101127,0.16300583485291295,0.015327928305954515,10
auth20-owned-f1-qps1000-n4,final. lat. p99 (s),,V2,0.40777804126155665,0.07297204499163569,0.017762149046329567,10
auth20-owned-f1-qps1000-n4,submit lat. p50 (s),,V1,0.008781591163042179,0.001007108202704462,4.876328449781876e-05,10
auth20-owned-f1-qps1000-n4,submit lat. p50 (s),,V2,0.011730520420550205,0.0006766544506275788,9.28577049386888e-05,10
auth20-owned-f1-qps1000-n4,submit lat. p95 (s),,V1,0.023256265000689044,0.001049721316164192,4.350196053372554e-05,10
auth20-owned-f1-qps1000-n4,submit lat. p95 (s),,V2,0.025651856345527215,0.0021631950298862637,0.00023489133340071989,10
auth20-owned-f1-qps1000-n4,ckpt lag p50 (s),,V1,1.1485872409823603,1.3354502955150158,0.2277543434274771,10
auth20-owned-f1-qps1000-n4,ckpt lag p50 (s),,V2,0.38581562370066425,1.2747253978410582,0.17424414738612756,10
auth20-owned-f1-qps1000-n4,ckpt lag p95 (s),,V1,1.6544531038786572,2.5815006904481304,0.47262717049623576,10
auth20-owned-f1-qps1000-n4,ckpt lag p95 (s),,V2,0.880877620356642,2.724846718149504,0.3985826321115787,10
auth20-owned-f1-qps1000-n4,ckpt lag p99 (s),,V1,1.805024437472023,3.0232930707111016,0.5552038561552658,10
auth20-owned-f1-qps1000-n4,ckpt lag p99 (s),,V2,0.9909454906374583,2.9148437295277856,0.4261233325525554,10
auth20-owned-f1-qps1000-n4,exec. dispatch queue,,V1,198.6,166.99952095739675,55.66650698579891,10
auth20-owned-f1-qps1000-n4,exec. dispatch queue,,V2,263.6,50.15216844763545,16.717389482545144,10
auth20-owned-f1-qps1000-n4,pending txs,,V1,6.9,4.4147480109288235,1.4715826703096075,10
auth20-owned-f1-qps1000-n4,pending txs,,V2,4.6,1.6852299546352716,0.5617433182117572,10
auth20-owned-f1-qps1000-n4,exec. queue. delay p95 (s),,V1,0.029487465452102277,0.06493207670999736,0.008741504057517443,10
auth20-owned-f1-qps1000-n4,exec. queue. delay p95 (s),,V2,0.02515841578227982,0.005059459962334745,0.000496230030853666,10
auth20-owned-f1-qps1000-n4,post-cons shed drops / sec,,V1,0.0,0.0,0.0,10
auth20-owned-f1-qps1000-n4,post-cons shed drops / sec,,V2,0.0,0.0,0.0,10
auth20-owned-f1-qps1000-n4,shed % quorum,,V1,0.0,0.0,0.0,10
auth20-owned-f1-qps1000-n4,shed % quorum,,V2,0.0,0.0,0.0,10
auth20-owned-f1-qps1000-n4,shed % local,,V1,0.0,0.0,0.0,10
auth20-owned-f1-qps1000-n4,shed % local,,V2,0.0,0.0,0.0,10
auth20-owned-f1-qps1000-n4,shed % cons-queue,,V1,0.0,0.0,0.0,10
auth20-owned-f1-qps1000-n4,shed % cons-queue,,V2,0.0,0.0,0.0,10
auth20-owned-f1-qps1000-n4,pre-cons overload rej / sec,,V1,nan,nan,nan,10
auth20-owned-f1-qps1000-n4,pre-cons overload rej / sec,,V2,nan,nan,nan,10
auth20-owned-f1-qps1000-n4,node CPU,,V1,7.291166206191766,1.9936290359857265,0.33278632117250556,10
auth20-owned-f1-qps1000-n4,node CPU,,V2,7.320515625943506,2.0034487038205784,0.2922889328709842,10
auth20-owned-f1-qps1000-n4,node memory RSS (bytes),,V1,819401023.6878049,221940413.84911662,14256993.058926292,10
auth20-owned-f1-qps1000-n4,node memory RSS (bytes),,V2,992882813.7253635,326364644.70086086,13099490.078928215,10
auth20-owned-f1-qps1000-n4,overload graduated / sec,,V1,nan,nan,nan,10
auth20-owned-f1-qps1000-n4,overload graduated / sec,,V2,nan,nan,nan,10
auth20-owned-f1-qps1000-n4,overload max-pending / sec,,V1,nan,nan,nan,10
auth20-owned-f1-qps1000-n4,overload max-pending / sec,,V2,nan,nan,nan,10
auth20-owned-f1-qps1000-n4,overload semaphore / sec,,V1,nan,nan,nan,10
auth20-owned-f1-qps1000-n4,overload semaphore / sec,,V2,nan,nan,nan,10
auth20-owned-f1-qps1000-n4,attest. exec p50 (s),,V1,nan,nan,nan,10
auth20-owned-f1-qps1000-n4,attest. exec p50 (s),,V2,0.0033810640250592147,4.371511807330375e-05,4.838173276093452e-06,10
auth20-owned-f1-qps1000-n4,attest. exec p95 (s),,V1,nan,nan,nan,10
auth20-owned-f1-qps1000-n4,attest. exec p95 (s),,V2,0.008426028452819848,0.00031309831399465844,2.1631003247217006e-05,10
auth20-owned-f1-qps1000-n4,attest. exec p99 (s),,V1,nan,nan,nan,10
auth20-owned-f1-qps1000-n4,attest. exec p99 (s),,V2,0.009680011840644877,0.0003376708693681017,1.893678405332237e-05,10
auth20-owned-f1-qps1000-n4,attest. wait p50 (s),,V1,nan,nan,nan,10
auth20-owned-f1-qps1000-n4,attest. wait p50 (s),,V2,0.0005194499416286328,3.986907000097501e-06,6.213479375157672e-07,10
auth20-owned-f1-qps1000-n4,attest. wait p95 (s),,V1,nan,nan,nan,10
auth20-owned-f1-qps1000-n4,attest. wait p95 (s),,V2,0.0010051910215938434,0.00031108064086969356,1.5616676612588427e-05,10
auth20-owned-f1-qps1000-n4,attest. wait p99 (s),,V1,nan,nan,nan,10
auth20-owned-f1-qps1000-n4,attest. wait p99 (s),,V2,0.004266522711532191,0.001184356972347129,0.00010863859297622429,10
auth20-owned-f1-qps1000-n4,attest. resume p50 (s),,V1,nan,nan,nan,10
auth20-owned-f1-qps1000-n4,attest. resume p50 (s),,V2,0.0005033471190504984,1.0399217804830686e-06,1.8345530616816518e-07,10
auth20-owned-f1-qps1000-n4,attest. resume p95 (s),,V1,nan,nan,nan,10
auth20-owned-f1-qps1000-n4,attest. resume p95 (s),,V2,0.0009563595261959471,1.9758513829178293e-06,3.485650817195148e-07,10
auth20-owned-f1-qps1000-n4,attest. resume p99 (s),,V1,nan,nan,nan,10
auth20-owned-f1-qps1000-n4,attest. resume p99 (s),,V2,0.0010061641046118833,5.960690555815676e-05,6.6614731690922555e-06,10
auth20-owned-f1-qps1000-n4,num_inflight,,V1,472.3,24.38462630429263,8.128208768097542,10
auth20-owned-f1-qps1000-n4,num_inflight,,V2,206.4,38.19738210924932,12.732460703083106,10
auth20-owned-f1-qps1000-n4,CUs,,V1,nan,nan,nan,10
auth20-owned-f1-qps1000-n4,CUs,,V2,1000.0,6.645659787556032e-14,0.0,10
auth20-owned-v1-qps1000-n4,TPS,,V1,650.8765817901235,115.86377788619188,1.603965981810993,10
auth20-owned-v1-qps1000-n4,TPS,,V2,1015.8084433903771,207.7743429001005,2.938339117251431,10
auth20-owned-v1-qps1000-n4,attest. full p50 (s),,V1,nan,nan,nan,10
auth20-owned-v1-qps1000-n4,attest. full p50 (s),,V2,0.003678899408739747,6.14701180223138e-05,1.2767588108544479e-05,10
auth20-owned-v1-qps1000-n4,attest. full p95 (s),,V1,nan,nan,nan,10
auth20-owned-v1-qps1000-n4,attest. full p95 (s),,V2,0.009201393549508134,9.98798704826356e-05,1.7750858496601385e-05,10
auth20-owned-v1-qps1000-n4,attest. full p99 (s),,V1,nan,nan,nan,10
auth20-owned-v1-qps1000-n4,attest. full p99 (s),,V2,0.012382771066078605,0.002590923128658784,0.0004818973631177651,10
auth20-owned-v1-qps1000-n4,attest. / sec,,V1,0.0,0.0,0.0,10
auth20-owned-v1-qps1000-n4,attest. / sec,,V2,995.0218763778661,72.0082084256723,2.6128268093848215,10
auth20-owned-v1-qps1000-n4,host CPU,,V1,32.72207319902044,11.956448189039119,0.26274938187514874,10
auth20-owned-v1-qps1000-n4,host CPU,,V2,33.79679733821533,12.451801909781857,0.45433827452663106,10
auth20-owned-v1-qps1000-n4,rec. → exec. p50 (s),,V1,1.8867407376519945,0.3544874484583717,0.05007018665206085,10
auth20-owned-v1-qps1000-n4,rec. → exec. p50 (s),,V2,0.19558405419906047,0.01603292928940442,0.004989141587648372,10
auth20-owned-v1-qps1000-n4,rec. → exec. p95 (s),,V1,2.6029784737195927,0.42388666287729587,0.05301461761802561,10
auth20-owned-v1-qps1000-n4,rec. → exec. p95 (s),,V2,0.3930404984847023,0.07754186513214784,0.023923161289042653,10
auth20-owned-v1-qps1000-n4,rec. → exec. p99 (s),,V1,2.737700650092902,0.39970815859468783,0.039555106552803296,10
auth20-owned-v1-qps1000-n4,rec. → exec. p99 (s),,V2,0.4753091149569456,0.0260444108659156,0.006561528895696488,10
auth20-owned-v1-qps1000-n4,pc valid. lat. p50 (s),,V1,0.04193379325219588,0.009789152910895223,0.002230818672232114,10
auth20-owned-v1-qps1000-n4,pc valid. lat. p50 (s),,V2,0.002384295061690332,0.00026987594138592775,7.543323128888982e-05,10
auth20-owned-v1-qps1000-n4,pc valid. lat. p95 (s),,V1,0.18892107789916196,0.03951200031726239,0.007836788905464277,10
auth20-owned-v1-qps1000-n4,pc valid. lat. p95 (s),,V2,0.009212705814157446,0.0011113612282815687,0.0002781381812192398,10
auth20-owned-v1-qps1000-n4,exec. lat. p95 (s),,V1,0.020849994383084467,0.001028856680387744,0.0001388149756439829,10
auth20-owned-v1-qps1000-n4,exec. lat. p95 (s),,V2,0.02149194016077043,0.0018844002470807407,0.0002534877931260656,10
auth20-owned-v1-qps1000-n4,valid. drop. / sec,,V1,0.0,0.0,0.0,10
auth20-owned-v1-qps1000-n4,valid. drop. / sec,,V2,0.0,0.0,0.0,10
auth20-owned-v1-qps1000-n4,final. lat. p50 (s),,V1,nan,nan,nan,10
auth20-owned-v1-qps1000-n4,final. lat. p50 (s),,V2,nan,nan,nan,10
auth20-owned-v1-qps1000-n4,final. lat. p95 (s),,V1,nan,nan,nan,10
auth20-owned-v1-qps1000-n4,final. lat. p95 (s),,V2,nan,nan,nan,10
auth20-owned-v1-qps1000-n4,final. lat. p99 (s),,V1,nan,nan,nan,10
auth20-owned-v1-qps1000-n4,final. lat. p99 (s),,V2,nan,nan,nan,10
auth20-owned-v1-qps1000-n4,submit lat. p50 (s),,V1,nan,nan,nan,10
auth20-owned-v1-qps1000-n4,submit lat. p50 (s),,V2,nan,nan,nan,10
auth20-owned-v1-qps1000-n4,submit lat. p95 (s),,V1,nan,nan,nan,10
auth20-owned-v1-qps1000-n4,submit lat. p95 (s),,V2,nan,nan,nan,10
auth20-owned-v1-qps1000-n4,ckpt lag p50 (s),,V1,1.1883440875581375,0.7975832528742355,0.12619778499129244,10
auth20-owned-v1-qps1000-n4,ckpt lag p50 (s),,V2,0.37359990063152093,1.07479978707586,0.13972097677016235,10
auth20-owned-v1-qps1000-n4,ckpt lag p95 (s),,V1,2.478836323320979,3.1465611699188445,0.4065284935687672,10
auth20-owned-v1-qps1000-n4,ckpt lag p95 (s),,V2,0.8537873876199005,2.290839472064231,0.3506701456711754,10
auth20-owned-v1-qps1000-n4,ckpt lag p99 (s),,V1,2.7375190634910367,3.640843353332781,0.4825823495941735,10
auth20-owned-v1-qps1000-n4,ckpt lag p99 (s),,V2,0.9546152721082211,2.467418366869567,0.38701002058285416,10
auth20-owned-v1-qps1000-n4,exec. dispatch queue,,V1,148.4,77.03272032065335,25.677573440217785,10
auth20-owned-v1-qps1000-n4,exec. dispatch queue,,V2,232.6,81.50116563583616,27.167055211945385,10
auth20-owned-v1-qps1000-n4,pending txs,,V1,5.4,2.5377155080899043,0.8459051693633013,10
auth20-owned-v1-qps1000-n4,pending txs,,V2,7.2,5.5641710972974225,1.8547236990991407,10
auth20-owned-v1-qps1000-n4,exec. queue. delay p95 (s),,V1,0.020413435517665137,0.017046596277303788,0.002969594245092806,10
auth20-owned-v1-qps1000-n4,exec. queue. delay p95 (s),,V2,0.02916540797603691,0.01326131967127837,0.0023199237232914924,10
auth20-owned-v1-qps1000-n4,post-cons shed drops / sec,,V1,0.0,0.0,0.0,10
auth20-owned-v1-qps1000-n4,post-cons shed drops / sec,,V2,0.0,0.0,0.0,10
auth20-owned-v1-qps1000-n4,shed % quorum,,V1,0.0,0.0,0.0,10
auth20-owned-v1-qps1000-n4,shed % quorum,,V2,0.0,0.0,0.0,10
auth20-owned-v1-qps1000-n4,shed % local,,V1,0.0,0.0,0.0,10
auth20-owned-v1-qps1000-n4,shed % local,,V2,0.0,0.0,0.0,10
auth20-owned-v1-qps1000-n4,shed % cons-queue,,V1,0.0,0.0,0.0,10
auth20-owned-v1-qps1000-n4,shed % cons-queue,,V2,0.0,0.0,0.0,10
auth20-owned-v1-qps1000-n4,pre-cons overload rej / sec,,V1,nan,nan,nan,10
auth20-owned-v1-qps1000-n4,pre-cons overload rej / sec,,V2,nan,nan,nan,10
auth20-owned-v1-qps1000-n4,node CPU,,V1,9.58300500671913,1.4224426695138723,0.0748651546277136,10
auth20-owned-v1-qps1000-n4,node CPU,,V2,10.540716225403585,1.4070579333665842,0.10685725547797414,10
auth20-owned-v1-qps1000-n4,node memory RSS (bytes),,V1,886682750.7157191,224268703.1554744,4787364.439951673,10
auth20-owned-v1-qps1000-n4,node memory RSS (bytes),,V2,1080746320.7516778,327055020.15629077,6146962.933932174,10
auth20-owned-v1-qps1000-n4,overload graduated / sec,,V1,nan,nan,nan,10
auth20-owned-v1-qps1000-n4,overload graduated / sec,,V2,nan,nan,nan,10
auth20-owned-v1-qps1000-n4,overload max-pending / sec,,V1,nan,nan,nan,10
auth20-owned-v1-qps1000-n4,overload max-pending / sec,,V2,nan,nan,nan,10
auth20-owned-v1-qps1000-n4,overload semaphore / sec,,V1,nan,nan,nan,10
auth20-owned-v1-qps1000-n4,overload semaphore / sec,,V2,nan,nan,nan,10
auth20-owned-v1-qps1000-n4,attest. exec p50 (s),,V1,nan,nan,nan,10
auth20-owned-v1-qps1000-n4,attest. exec p50 (s),,V2,0.0035050567536268258,4.509224749906388e-05,7.533961661916926e-06,10
auth20-owned-v1-qps1000-n4,attest. exec p95 (s),,V1,nan,nan,nan,10
auth20-owned-v1-qps1000-n4,attest. exec p95 (s),,V2,0.008784182146827592,9.685178437651556e-05,1.5327503587578343e-05,10
auth20-owned-v1-qps1000-n4,attest. exec p99 (s),,V1,nan,nan,nan,10
auth20-owned-v1-qps1000-n4,attest. exec p99 (s),,V2,0.009794490179967148,8.849589651541933e-05,7.067852750284476e-06,10
auth20-owned-v1-qps1000-n4,attest. wait p50 (s),,V1,nan,nan,nan,10
auth20-owned-v1-qps1000-n4,attest. wait p50 (s),,V2,0.0005340483375057628,5.0686798563394544e-06,1.0517945198640998e-06,10
auth20-owned-v1-qps1000-n4,attest. wait p95 (s),,V1,nan,nan,nan,10
auth20-owned-v1-qps1000-n4,attest. wait p95 (s),,V2,0.0019742517609883294,0.000519492247125417,0.00010673920001555523,10
auth20-owned-v1-qps1000-n4,attest. wait p99 (s),,V1,nan,nan,nan,10
auth20-owned-v1-qps1000-n4,attest. wait p99 (s),,V2,0.005512616065842445,0.0011725188770125368,0.00018302385616334753,10
auth20-owned-v1-qps1000-n4,attest. resume p50 (s),,V1,nan,nan,nan,10
auth20-owned-v1-qps1000-n4,attest. resume p50 (s),,V2,0.000503806342273574,1.4648400984610988e-06,1.8665459924058036e-07,10
auth20-owned-v1-qps1000-n4,attest. resume p95 (s),,V1,nan,nan,nan,10
auth20-owned-v1-qps1000-n4,attest. resume p95 (s),,V2,0.0009572320503197907,2.783196187076082e-06,3.546437385571124e-07,10
auth20-owned-v1-qps1000-n4,attest. resume p99 (s),,V1,nan,nan,nan,10
auth20-owned-v1-qps1000-n4,attest. resume p99 (s),,V2,0.0010831699300941579,0.00030945838880501144,3.085166298671729e-05,10
auth20-owned-v1-qps1000-n4,num_inflight,,V1,986.0,17.994443586840912,5.998147862280303,10
auth20-owned-v1-qps1000-n4,num_inflight,,V2,330.3,75.58445607398389,25.194818691327963,10
auth20-owned-v1-qps1000-n4,CUs,,V1,nan,nan,nan,10
auth20-owned-v1-qps1000-n4,CUs,,V2,1000.0,6.563712636189231e-14,0.0,10
auth20-owned-v4-qps1000-n4,TPS,,V1,647.5907315580973,85.11666564866161,9.21089042210947,10
auth20-owned-v4-qps1000-n4,TPS,,V2,1015.7207587586976,71.37098021698988,5.85138097945734,10
auth20-owned-v4-qps1000-n4,attest. full p50 (s),,V1,nan,nan,nan,10
auth20-owned-v4-qps1000-n4,attest. full p50 (s),,V2,0.0036207091286630357,5.5663447301762896e-05,1.3068725995943719e-05,10
auth20-owned-v4-qps1000-n4,attest. full p95 (s),,V1,nan,nan,nan,10
auth20-owned-v4-qps1000-n4,attest. full p95 (s),,V2,0.009045451460897604,7.151325221011148e-05,1.1600330547307303e-05,10
auth20-owned-v4-qps1000-n4,attest. full p99 (s),,V1,nan,nan,nan,10
auth20-owned-v4-qps1000-n4,attest. full p99 (s),,V2,0.010023567659083013,0.0005023178726853511,4.6386653037846e-05,10
auth20-owned-v4-qps1000-n4,attest. / sec,,V1,0.0,0.0,0.0,10
auth20-owned-v4-qps1000-n4,attest. / sec,,V2,502.2481191563384,21.34718322005467,0.9289115682450794,10
auth20-owned-v4-qps1000-n4,host CPU,,V1,32.70266786916712,11.921704459062862,0.1573157962291301,10
auth20-owned-v4-qps1000-n4,host CPU,,V2,33.629447438673544,12.484497149352904,0.400196917340798,10
auth20-owned-v4-qps1000-n4,rec. → exec. p50 (s),,V1,1.5132429817299489,0.12487376924311183,0.017728225183917114,10
auth20-owned-v4-qps1000-n4,rec. → exec. p50 (s),,V2,0.20599602555440594,0.028029804181211797,0.004553677263257668,10
auth20-owned-v4-qps1000-n4,rec. → exec. p95 (s),,V1,2.0098107936146596,0.19565293257475622,0.033842333268983595,10
auth20-owned-v4-qps1000-n4,rec. → exec. p95 (s),,V2,0.43033560099732576,0.06742518581401663,0.021232597374932993,10
auth20-owned-v4-qps1000-n4,rec. → exec. p99 (s),,V1,2.0890244320846456,0.28984373984571205,0.04950706852726441,10
auth20-owned-v4-qps1000-n4,rec. → exec. p99 (s),,V2,0.4662687323762914,0.07281825844682181,0.02420185326047253,10
auth20-owned-v4-qps1000-n4,pc valid. lat. p50 (s),,V1,0.04479537006627274,0.006211198232978221,0.0008375343177422697,10
auth20-owned-v4-qps1000-n4,pc valid. lat. p50 (s),,V2,0.0027325901506259527,0.00014221820773587077,3.316224731376551e-05,10
auth20-owned-v4-qps1000-n4,pc valid. lat. p95 (s),,V1,0.17069991595707473,0.030642576841170787,0.00561230874661667,10
auth20-owned-v4-qps1000-n4,pc valid. lat. p95 (s),,V2,0.007268757117027199,0.0012173956955646077,0.0003424315365782591,10
auth20-owned-v4-qps1000-n4,exec. lat. p95 (s),,V1,0.02081303036510937,0.0012170107853068208,9.554809070908246e-05,10
auth20-owned-v4-qps1000-n4,exec. lat. p95 (s),,V2,0.021223298106501278,0.0010625191286884276,0.00011829957190733211,10
auth20-owned-v4-qps1000-n4,valid. drop. / sec,,V1,0.0,0.0,0.0,10
auth20-owned-v4-qps1000-n4,valid. drop. / sec,,V2,0.0,0.0,0.0,10
auth20-owned-v4-qps1000-n4,final. lat. p50 (s),,V1,nan,nan,nan,10
auth20-owned-v4-qps1000-n4,final. lat. p50 (s),,V2,nan,nan,nan,10
auth20-owned-v4-qps1000-n4,final. lat. p95 (s),,V1,nan,nan,nan,10
auth20-owned-v4-qps1000-n4,final. lat. p95 (s),,V2,nan,nan,nan,10
auth20-owned-v4-qps1000-n4,final. lat. p99 (s),,V1,nan,nan,nan,10
auth20-owned-v4-qps1000-n4,final. lat. p99 (s),,V2,nan,nan,nan,10
auth20-owned-v4-qps1000-n4,submit lat. p50 (s),,V1,nan,nan,nan,10
auth20-owned-v4-qps1000-n4,submit lat. p50 (s),,V2,nan,nan,nan,10
auth20-owned-v4-qps1000-n4,submit lat. p95 (s),,V1,nan,nan,nan,10
auth20-owned-v4-qps1000-n4,submit lat. p95 (s),,V2,nan,nan,nan,10
auth20-owned-v4-qps1000-n4,ckpt lag p50 (s),,V1,1.4522477760820025,0.36603208570594503,0.047148803826422,10
auth20-owned-v4-qps1000-n4,ckpt lag p50 (s),,V2,0.1855861983867558,0.11207503455207118,0.009231100503147622,10
auth20-owned-v4-qps1000-n4,ckpt lag p95 (s),,V1,1.786336068650787,0.9198722163280169,0.13096763126806482,10
auth20-owned-v4-qps1000-n4,ckpt lag p95 (s),,V2,0.4202602481388311,0.6690556288686059,0.0844563132825461,10
auth20-owned-v4-qps1000-n4,ckpt lag p99 (s),,V1,1.9354951313294737,1.0114881240222378,0.14094503243619047,10
auth20-owned-v4-qps1000-n4,ckpt lag p99 (s),,V2,0.492244378650136,0.7652677827601412,0.09886542210625016,10
auth20-owned-v4-qps1000-n4,exec. dispatch queue,,V1,434.7,372.08629375455365,124.02876458485122,10
auth20-owned-v4-qps1000-n4,exec. dispatch queue,,V2,237.9,78.93471986394835,26.311573287982778,10
auth20-owned-v4-qps1000-n4,pending txs,,V1,67.6,164.8812906305624,54.96043021018747,10
auth20-owned-v4-qps1000-n4,pending txs,,V2,5.1,1.374772708486752,0.458257569495584,10
auth20-owned-v4-qps1000-n4,exec. queue. delay p95 (s),,V1,0.04898845987411798,0.1121194309286704,0.012289132783449019,10
auth20-owned-v4-qps1000-n4,exec. queue. delay p95 (s),,V2,0.02484149162365454,0.004190816612043048,0.0004724151915093098,10
auth20-owned-v4-qps1000-n4,post-cons shed drops / sec,,V1,0.0,0.0,0.0,10
auth20-owned-v4-qps1000-n4,post-cons shed drops / sec,,V2,0.0,0.0,0.0,10
auth20-owned-v4-qps1000-n4,shed % quorum,,V1,0.0,0.0,0.0,10
auth20-owned-v4-qps1000-n4,shed % quorum,,V2,0.0,0.0,0.0,10
auth20-owned-v4-qps1000-n4,shed % local,,V1,0.0,0.0,0.0,10
auth20-owned-v4-qps1000-n4,shed % local,,V2,0.0,0.0,0.0,10
auth20-owned-v4-qps1000-n4,shed % cons-queue,,V1,0.0,0.0,0.0,10
auth20-owned-v4-qps1000-n4,shed % cons-queue,,V2,0.0,0.0,0.0,10
auth20-owned-v4-qps1000-n4,pre-cons overload rej / sec,,V1,nan,nan,nan,10
auth20-owned-v4-qps1000-n4,pre-cons overload rej / sec,,V2,nan,nan,nan,10
auth20-owned-v4-qps1000-n4,node CPU,,V1,8.387158832229268,1.1281714178360553,0.0637250954352415,10
auth20-owned-v4-qps1000-n4,node CPU,,V2,8.659506023421367,1.1943332280551489,0.12890494479955097,10
auth20-owned-v4-qps1000-n4,node memory RSS (bytes),,V1,872687125.440536,214301256.10592777,3792623.4946957543,10
auth20-owned-v4-qps1000-n4,node memory RSS (bytes),,V2,1064042867.7378151,329668259.8618266,7959744.513346368,10
auth20-owned-v4-qps1000-n4,overload graduated / sec,,V1,nan,nan,nan,10
auth20-owned-v4-qps1000-n4,overload graduated / sec,,V2,nan,nan,nan,10
auth20-owned-v4-qps1000-n4,overload max-pending / sec,,V1,nan,nan,nan,10
auth20-owned-v4-qps1000-n4,overload max-pending / sec,,V2,nan,nan,nan,10
auth20-owned-v4-qps1000-n4,overload semaphore / sec,,V1,nan,nan,nan,10
auth20-owned-v4-qps1000-n4,overload semaphore / sec,,V2,nan,nan,nan,10
auth20-owned-v4-qps1000-n4,attest. exec p50 (s),,V1,nan,nan,nan,10
auth20-owned-v4-qps1000-n4,attest. exec p50 (s),,V2,0.003477592195233363,4.3129086221719624e-05,9.700083377955758e-06,10
auth20-owned-v4-qps1000-n4,attest. exec p95 (s),,V1,nan,nan,nan,10
auth20-owned-v4-qps1000-n4,attest. exec p95 (s),,V2,0.008710614864832877,9.969417998344973e-05,2.0658337878728845e-05,10
auth20-owned-v4-qps1000-n4,attest. exec p99 (s),,V1,nan,nan,nan,10
auth20-owned-v4-qps1000-n4,attest. exec p99 (s),,V2,0.00975993266478722,2.383189240479472e-05,3.916845378618051e-06,10
auth20-owned-v4-qps1000-n4,attest. wait p50 (s),,V1,nan,nan,nan,10
auth20-owned-v4-qps1000-n4,attest. wait p50 (s),,V2,0.0005259956056998782,3.4385370640652812e-06,5.060387114898405e-07,10
auth20-owned-v4-qps1000-n4,attest. wait p95 (s),,V1,nan,nan,nan,10
auth20-owned-v4-qps1000-n4,attest. wait p95 (s),,V2,0.0011637401099032093,0.0002492135535065128,3.17115869006937e-05,10
auth20-owned-v4-qps1000-n4,attest. wait p99 (s),,V1,nan,nan,nan,10
auth20-owned-v4-qps1000-n4,attest. wait p99 (s),,V2,0.004573368749289853,0.00036628610631843285,5.2263934029125464e-05,10
auth20-owned-v4-qps1000-n4,attest. resume p50 (s),,V1,nan,nan,nan,10
auth20-owned-v4-qps1000-n4,attest. resume p50 (s),,V2,0.0005038082486495605,1.1357956118983499e-06,2.441473635515375e-07,10
auth20-owned-v4-qps1000-n4,attest. resume p95 (s),,V1,nan,nan,nan,10
auth20-owned-v4-qps1000-n4,attest. resume p95 (s),,V2,0.0009572356724341647,2.158011662606862e-06,4.638799907479162e-07,10
auth20-owned-v4-qps1000-n4,attest. resume p99 (s),,V1,nan,nan,nan,10
auth20-owned-v4-qps1000-n4,attest. resume p99 (s),,V2,0.001073484059694507,0.00023684079711899228,5.018896700177665e-05,10
auth20-owned-v4-qps1000-n4,num_inflight,,V1,919.2,40.2512111619017,13.417070387300564,10
auth20-owned-v4-qps1000-n4,num_inflight,,V2,201.1,33.88052537963365,11.293508459877884,10
auth20-owned-v4-qps1000-n4,CUs,,V1,nan,nan,nan,10
auth20-owned-v4-qps1000-n4,CUs,,V2,1000.0,6.381351604976396e-14,0.0,10
auth20-owned-f1-qps2000-n4,TPS,,V1,520.1028125151691,218.23553083953914,25.200563677814838,10
auth20-owned-f1-qps2000-n4,TPS,,V2,1714.4977925454807,602.1619430937618,32.111265371941315,10
auth20-owned-f1-qps2000-n4,attest. full p50 (s),,V1,nan,nan,nan,10
auth20-owned-f1-qps2000-n4,attest. full p50 (s),,V2,0.003266734573084341,0.00012428225840072503,2.715478545267862e-05,10
auth20-owned-f1-qps2000-n4,attest. full p95 (s),,V1,nan,nan,nan,10
auth20-owned-f1-qps2000-n4,attest. full p95 (s),,V2,0.007886893459744911,0.0011723051610459199,0.00025548171383354615,10
auth20-owned-f1-qps2000-n4,attest. full p99 (s),,V1,nan,nan,nan,10
auth20-owned-f1-qps2000-n4,attest. full p99 (s),,V2,0.01356866031731864,0.004854025152521931,0.0011322252821203307,10
auth20-owned-f1-qps2000-n4,attest. / sec,,V1,0.0,0.0,0.0,10
auth20-owned-f1-qps2000-n4,attest. / sec,,V2,856.7121572322485,293.21173601787785,16.209526253079108,10
auth20-owned-f1-qps2000-n4,host CPU,,V1,28.088911100241464,14.373955317937293,1.253144318449573,10
auth20-owned-f1-qps2000-n4,host CPU,,V2,39.95357719613201,18.695353213417484,0.5868867515027262,10
auth20-owned-f1-qps2000-n4,rec. → exec. p50 (s),,V1,2.2611816451559554,0.6901607419723601,0.054452635187976786,10
auth20-owned-f1-qps2000-n4,rec. → exec. p50 (s),,V2,0.23611577084441812,0.05890209849410361,0.012277796752725315,10
auth20-owned-f1-qps2000-n4,rec. → exec. p95 (s),,V1,3.0639373242758423,0.9385565903246532,0.08638341623101262,10
auth20-owned-f1-qps2000-n4,rec. → exec. p95 (s),,V2,0.44046004838734354,0.0821328793519778,0.02031639987036396,10
auth20-owned-f1-qps2000-n4,rec. → exec. p99 (s),,V1,3.3635315272043895,1.047231197637144,0.09163909500623219,10
auth20-owned-f1-qps2000-n4,rec. → exec. p99 (s),,V2,0.49254502514943954,0.10758806441254182,0.01927028805267422,10
auth20-owned-f1-qps2000-n4,pc valid. lat. p50 (s),,V1,0.0285932228563797,0.019089576330878506,0.0032318499072072626,10
auth20-owned-f1-qps2000-n4,pc valid. lat. p50 (s),,V2,0.002770189919760938,0.0011030900360905016,7.069667822635598e-05,10
auth20-owned-f1-qps2000-n4,pc valid. lat. p95 (s),,V1,0.15544849259884733,0.06645657495176362,0.0064646698049885985,10
auth20-owned-f1-qps2000-n4,pc valid. lat. p95 (s),,V2,0.011069876333721982,0.004992735834742057,0.0008617650151822809,10
auth20-owned-f1-qps2000-n4,exec. lat. p95 (s),,V1,0.019592381823101523,0.004770706454175185,0.00017646461511114055,10
auth20-owned-f1-qps2000-n4,exec. lat. p95 (s),,V2,0.02000800078127642,0.00454979705345126,0.0001245763899356468,10
auth20-owned-f1-qps2000-n4,valid. drop. / sec,,V1,0.0,0.0,0.0,10
auth20-owned-f1-qps2000-n4,valid. drop. / sec,,V2,0.0,0.0,0.0,10
auth20-owned-f1-qps2000-n4,final. lat. p50 (s),,V1,2.2709963449372466,0.7656517362562953,0.06347977555818501,10
auth20-owned-f1-qps2000-n4,final. lat. p50 (s),,V2,0.2279060138407933,0.022593464587774455,0.004910799117666227,10
auth20-owned-f1-qps2000-n4,final. lat. p95 (s),,V1,2.644553670404532,0.7714539903261025,0.04175775388373321,10
auth20-owned-f1-qps2000-n4,final. lat. p95 (s),,V2,0.3639216882534974,0.07342153384097262,0.019771343874855896,10
auth20-owned-f1-qps2000-n4,final. lat. p99 (s),,V1,2.7572064844516944,0.8123715003432126,0.04420944365263374,10
auth20-owned-f1-qps2000-n4,final. lat. p99 (s),,V2,0.43099258556056436,0.09967421842818619,0.02373548131778752,10
auth20-owned-f1-qps2000-n4,submit lat. p50 (s),,V1,0.007368147277318519,0.0012793175316953122,0.00013290737195570967,10
auth20-owned-f1-qps2000-n4,submit lat. p50 (s),,V2,0.008520023216948027,0.0015985446825390966,0.00023736191496540266,10
auth20-owned-f1-qps2000-n4,submit lat. p95 (s),,V1,0.02114111545132358,0.005197213328533328,0.0003953638410416648,10
auth20-owned-f1-qps2000-n4,submit lat. p95 (s),,V2,0.03627334230984069,0.011199338219097918,0.002320765424269565,10
auth20-owned-f1-qps2000-n4,ckpt lag p50 (s),,V1,2.4866524882092267,1.7288606794052124,0.17778377555190603,10
auth20-owned-f1-qps2000-n4,ckpt lag p50 (s),,V2,0.23650386643360904,0.48378842579232434,0.05415442534940163,10
auth20-owned-f1-qps2000-n4,ckpt lag p95 (s),,V1,3.6469048005311495,3.3495075185302126,0.46190963853891254,10
auth20-owned-f1-qps2000-n4,ckpt lag p95 (s),,V2,0.4758428863338821,1.1377078166329966,0.16034749557754396,10
auth20-owned-f1-qps2000-n4,ckpt lag p99 (s),,V1,3.9187220188834773,3.6019017286261383,0.5070125388623392,10
auth20-owned-f1-qps2000-n4,ckpt lag p99 (s),,V2,0.5596336454164776,1.2404437677020954,0.17821044919938597,10
auth20-owned-f1-qps2000-n4,exec. dispatch queue,,V1,339.8,395.77210614190585,131.92403538063527,10
auth20-owned-f1-qps2000-n4,exec. dispatch queue,,V2,567.0,172.25039912871028,57.41679970957009,10
auth20-owned-f1-qps2000-n4,pending txs,,V1,15.1,30.184267425266427,10.06142247508881,10
auth20-owned-f1-qps2000-n4,pending txs,,V2,7.3,4.026164427839479,1.3420548092798263,10
auth20-owned-f1-qps2000-n4,exec. queue. delay p95 (s),,V1,0.06297633008193361,0.23044643587589517,0.03363339920083809,10
auth20-owned-f1-qps2000-n4,exec. queue. delay p95 (s),,V2,0.06401579840389815,0.02071997022812,0.004083534367565464,10
auth20-owned-f1-qps2000-n4,post-cons shed drops / sec,,V1,0.0,0.0,0.0,10
auth20-owned-f1-qps2000-n4,post-cons shed drops / sec,,V2,0.03769660071029934,0.29268307110255376,0.03597693176502199,10
auth20-owned-f1-qps2000-n4,shed % quorum,,V1,0.0,0.0,0.0,10
auth20-owned-f1-qps2000-n4,shed % quorum,,V2,0.0,0.0,0.0,10
auth20-owned-f1-qps2000-n4,shed % local,,V1,0.0,0.0,0.0,10
auth20-owned-f1-qps2000-n4,shed % local,,V2,4.2,6.554387843269576,2.184795947756525,10
auth20-owned-f1-qps2000-n4,shed % cons-queue,,V1,0.0,0.0,0.0,10
auth20-owned-f1-qps2000-n4,shed % cons-queue,,V2,0.0,0.0,0.0,10
auth20-owned-f1-qps2000-n4,pre-cons overload rej / sec,,V1,nan,nan,nan,10
auth20-owned-f1-qps2000-n4,pre-cons overload rej / sec,,V2,nan,nan,nan,10
auth20-owned-f1-qps2000-n4,node CPU,,V1,6.288027133308867,2.590955012087139,0.2955733703613783,10
auth20-owned-f1-qps2000-n4,node CPU,,V2,9.64040770706492,3.490119834264359,0.1427651468201664,10
auth20-owned-f1-qps2000-n4,node memory RSS (bytes),,V1,820558621.3129771,241629995.14539525,11449950.155540114,10
auth20-owned-f1-qps2000-n4,node memory RSS (bytes),,V2,1488705582.9007633,663554930.4357473,13220378.641105678,10
auth20-owned-f1-qps2000-n4,overload graduated / sec,,V1,nan,nan,nan,10
auth20-owned-f1-qps2000-n4,overload graduated / sec,,V2,nan,nan,nan,10
auth20-owned-f1-qps2000-n4,overload max-pending / sec,,V1,nan,nan,nan,10
auth20-owned-f1-qps2000-n4,overload max-pending / sec,,V2,nan,nan,nan,10
auth20-owned-f1-qps2000-n4,overload semaphore / sec,,V1,nan,nan,nan,10
auth20-owned-f1-qps2000-n4,overload semaphore / sec,,V2,nan,nan,nan,10
auth20-owned-f1-qps2000-n4,attest. exec p50 (s),,V1,nan,nan,nan,10
auth20-owned-f1-qps2000-n4,attest. exec p50 (s),,V2,0.0031185926577408435,7.356281113833265e-05,1.3123757985386562e-05,10
auth20-owned-f1-qps2000-n4,attest. exec p95 (s),,V1,nan,nan,nan,10
auth20-owned-f1-qps2000-n4,attest. exec p95 (s),,V2,0.0057279051922411025,0.0009625260576632318,0.00022943412858760913,10
auth20-owned-f1-qps2000-n4,attest. exec p99 (s),,V1,nan,nan,nan,10
auth20-owned-f1-qps2000-n4,attest. exec p99 (s),,V2,0.008818966070102427,0.0009701449578881409,0.00011439746645398966,10
auth20-owned-f1-qps2000-n4,attest. wait p50 (s),,V1,nan,nan,nan,10
auth20-owned-f1-qps2000-n4,attest. wait p50 (s),,V2,0.0005476612533569231,1.8023846112558713e-05,3.202876127315469e-06,10
auth20-owned-f1-qps2000-n4,attest. wait p95 (s),,V1,nan,nan,nan,10
auth20-owned-f1-qps2000-n4,attest. wait p95 (s),,V2,0.003024269078720977,0.0010061070944925444,0.00020413421831209783,10
auth20-owned-f1-qps2000-n4,attest. wait p99 (s),,V1,nan,nan,nan,10
auth20-owned-f1-qps2000-n4,attest. wait p99 (s),,V2,0.008024084540900834,0.0042483674377963255,0.0009326518161642288,10
auth20-owned-f1-qps2000-n4,attest. resume p50 (s),,V1,nan,nan,nan,10
auth20-owned-f1-qps2000-n4,attest. resume p50 (s),,V2,0.0005046116121313962,2.2595040844765942e-06,3.4223144722948195e-07,10
auth20-owned-f1-qps2000-n4,attest. resume p95 (s),,V1,nan,nan,nan,10
auth20-owned-f1-qps2000-n4,attest. resume p95 (s),,V2,0.0009587620630496529,4.293057760505527e-06,6.50239749736011e-07,10
auth20-owned-f1-qps2000-n4,attest. resume p99 (s),,V1,nan,nan,nan,10
auth20-owned-f1-qps2000-n4,attest. resume p99 (s),,V2,0.0013420961570134637,0.0005848280767830882,9.892789204163125e-05,10
auth20-owned-f1-qps2000-n4,num_inflight,,V1,973.2,19.787875075409183,6.595958358469727,10
auth20-owned-f1-qps2000-n4,num_inflight,,V2,412.2,53.13341698027711,17.711138993425706,10
auth20-owned-f1-qps2000-n4,CUs,,V1,nan,nan,nan,10
auth20-owned-f1-qps2000-n4,CUs,,V2,1000.0,6.533672603759259e-14,0.0,10
auth20-owned-v1-qps2000-n4,TPS,,V1,644.6893397375452,131.55606584039123,3.4233149149590756,10
auth20-owned-v1-qps2000-n4,TPS,,V2,1977.6631194267934,521.2964396594481,19.60710240269816,10
auth20-owned-v1-qps2000-n4,attest. full p50 (s),,V1,nan,nan,nan,10
auth20-owned-v1-qps2000-n4,attest. full p50 (s),,V2,0.003410329447637471,9.362079511819037e-05,2.1799899102770214e-05,10
auth20-owned-v1-qps2000-n4,attest. full p95 (s),,V1,nan,nan,nan,10
auth20-owned-v1-qps2000-n4,attest. full p95 (s),,V2,0.009683128116372263,0.001922551220139974,0.00027515183729540435,10
auth20-owned-v1-qps2000-n4,attest. full p99 (s),,V1,nan,nan,nan,10
auth20-owned-v1-qps2000-n4,attest. full p99 (s),,V2,0.022302506541079722,0.0072602591893382315,0.0013270442646985642,10
auth20-owned-v1-qps2000-n4,attest. / sec,,V1,0.0,0.0,0.0,10
auth20-owned-v1-qps2000-n4,attest. / sec,,V2,2042.386580502602,226.7325105393072,34.674300622726015,10
auth20-owned-v1-qps2000-n4,host CPU,,V1,32.68559157329328,11.733612220106181,0.2777049995017453,10
auth20-owned-v1-qps2000-n4,host CPU,,V2,44.44424460201005,15.762884937136253,0.19038715549466717,10
auth20-owned-v1-qps2000-n4,rec. → exec. p50 (s),,V1,3.7239028249269053,0.8299405896198349,0.03902315304326106,10
auth20-owned-v1-qps2000-n4,rec. → exec. p50 (s),,V2,0.21254425472680388,0.022290861941366053,0.0056923757355711625,10
auth20-owned-v1-qps2000-n4,rec. → exec. p95 (s),,V1,4.398704738934984,0.7242225188462507,0.036975474401577266,10
auth20-owned-v1-qps2000-n4,rec. → exec. p95 (s),,V2,0.44792026585779326,0.04180517232890629,0.009760463727555355,10
auth20-owned-v1-qps2000-n4,rec. → exec. p99 (s),,V1,4.54613486166317,0.7241598505451179,0.04784551683863182,10
auth20-owned-v1-qps2000-n4,rec. → exec. p99 (s),,V2,0.5170784471934758,0.08494541689004127,0.011852853606648473,10
auth20-owned-v1-qps2000-n4,pc valid. lat. p50 (s),,V1,0.042520789972279836,0.029352310442956834,0.0025415089239964,10
auth20-owned-v1-qps2000-n4,pc valid. lat. p50 (s),,V2,0.0028435734936998933,0.00028395410611363974,5.369573482363984e-05,10
auth20-owned-v1-qps2000-n4,pc valid. lat. p95 (s),,V1,0.22075262669165618,0.09585080260749161,0.008294108081519652,10
auth20-owned-v1-qps2000-n4,pc valid. lat. p95 (s),,V2,0.016313107124044365,0.003022151026141962,0.0005620408129898786,10
auth20-owned-v1-qps2000-n4,exec. lat. p95 (s),,V1,0.020866815353480575,0.0011954611398080045,7.417653684639396e-05,10
auth20-owned-v1-qps2000-n4,exec. lat. p95 (s),,V2,0.021231317008527872,0.002606763638146367,0.00020297751430797204,10
auth20-owned-v1-qps2000-n4,valid. drop. / sec,,V1,0.0,0.0,0.0,10
auth20-owned-v1-qps2000-n4,valid. drop. / sec,,V2,0.0,0.0,0.0,10
auth20-owned-v1-qps2000-n4,final. lat. p50 (s),,V1,nan,nan,nan,10
auth20-owned-v1-qps2000-n4,final. lat. p50 (s),,V2,nan,nan,nan,10
auth20-owned-v1-qps2000-n4,final. lat. p95 (s),,V1,nan,nan,nan,10
auth20-owned-v1-qps2000-n4,final. lat. p95 (s),,V2,nan,nan,nan,10
auth20-owned-v1-qps2000-n4,final. lat. p99 (s),,V1,nan,nan,nan,10
auth20-owned-v1-qps2000-n4,final. lat. p99 (s),,V2,nan,nan,nan,10
auth20-owned-v1-qps2000-n4,submit lat. p50 (s),,V1,nan,nan,nan,10
auth20-owned-v1-qps2000-n4,submit lat. p50 (s),,V2,nan,nan,nan,10
auth20-owned-v1-qps2000-n4,submit lat. p95 (s),,V1,nan,nan,nan,10
auth20-owned-v1-qps2000-n4,submit lat. p95 (s),,V2,nan,nan,nan,10
auth20-owned-v1-qps2000-n4,ckpt lag p50 (s),,V1,2.3218791160697685,1.2422538925529578,0.1890109669012308,10
auth20-owned-v1-qps2000-n4,ckpt lag p50 (s),,V2,0.45549918149447544,1.3021601270848326,0.15608841612125965,10
auth20-owned-v1-qps2000-n4,ckpt lag p95 (s),,V1,3.5265708835211282,2.185173650576919,0.37174133092437966,10
auth20-owned-v1-qps2000-n4,ckpt lag p95 (s),,V2,0.9897985539782559,2.773878551126895,0.3747458260241592,10
auth20-owned-v1-qps2000-n4,ckpt lag p99 (s),,V1,3.741057346553365,2.3397405536271005,0.4005198258281633,10
auth20-owned-v1-qps2000-n4,ckpt lag p99 (s),,V2,1.1838705547513064,3.2694547165955066,0.4448117573603465,10
auth20-owned-v1-qps2000-n4,exec. dispatch queue,,V1,202.0,111.22769439307821,37.075898131026065,10
auth20-owned-v1-qps2000-n4,exec. dispatch queue,,V2,876.1,399.0504855278339,133.01682850927799,10
auth20-owned-v1-qps2000-n4,pending txs,,V1,6.7,4.73392015141785,1.57797338380595,10
auth20-owned-v1-qps2000-n4,pending txs,,V2,11.5,6.422616289332565,2.140872096444188,10
auth20-owned-v1-qps2000-n4,exec. queue. delay p95 (s),,V1,0.03945011115038432,0.06991628672186631,0.010470332900496272,10
auth20-owned-v1-qps2000-n4,exec. queue. delay p95 (s),,V2,0.09460405771841549,0.05711051049240357,0.010772274742620542,10
auth20-owned-v1-qps2000-n4,post-cons shed drops / sec,,V1,0.0,0.0,0.0,10
auth20-owned-v1-qps2000-n4,post-cons shed drops / sec,,V2,4.750247116968698,20.54059577757537,3.1781522723595788,10
auth20-owned-v1-qps2000-n4,shed % quorum,,V1,0.0,0.0,0.0,10
auth20-owned-v1-qps2000-n4,shed % quorum,,V2,1.4,2.8,0.9333333333333331,10
auth20-owned-v1-qps2000-n4,shed % local,,V1,0.0,0.0,0.0,10
auth20-owned-v1-qps2000-n4,shed % local,,V2,4.1,6.624952830020754,2.208317610006918,10
auth20-owned-v1-qps2000-n4,shed % cons-queue,,V1,0.0,0.0,0.0,10
auth20-owned-v1-qps2000-n4,shed % cons-queue,,V2,0.0,0.0,0.0,10
auth20-owned-v1-qps2000-n4,pre-cons overload rej / sec,,V1,nan,nan,nan,10
auth20-owned-v1-qps2000-n4,pre-cons overload rej / sec,,V2,nan,nan,nan,10
auth20-owned-v1-qps2000-n4,node CPU,,V1,9.674014353849271,1.579565806531354,0.10451297352119261,10
auth20-owned-v1-qps2000-n4,node CPU,,V2,15.013805202144653,2.498404470906013,0.09239763449395086,10
auth20-owned-v1-qps2000-n4,node memory RSS (bytes),,V1,905146875.8238173,222613665.65341732,3534588.6390044508,10
auth20-owned-v1-qps2000-n4,node memory RSS (bytes),,V2,1627023632.6233766,613380430.1978878,12235153.824597161,10
auth20-owned-v1-qps2000-n4,overload graduated / sec,,V1,nan,nan,nan,10
auth20-owned-v1-qps2000-n4,overload graduated / sec,,V2,nan,nan,nan,10
auth20-owned-v1-qps2000-n4,overload max-pending / sec,,V1,nan,nan,nan,10
auth20-owned-v1-qps2000-n4,overload max-pending / sec,,V2,nan,nan,nan,10
auth20-owned-v1-qps2000-n4,overload semaphore / sec,,V1,nan,nan,nan,10
auth20-owned-v1-qps2000-n4,overload semaphore / sec,,V2,nan,nan,nan,10
auth20-owned-v1-qps2000-n4,attest. exec p50 (s),,V1,nan,nan,nan,10
auth20-owned-v1-qps2000-n4,attest. exec p50 (s),,V2,0.0031676431769230326,4.2033714210212634e-05,8.868439954032612e-06,10
auth20-owned-v1-qps2000-n4,attest. exec p95 (s),,V1,nan,nan,nan,10
auth20-owned-v1-qps2000-n4,attest. exec p95 (s),,V2,0.0066428827492429525,0.0007618993976380628,0.0001727130411702722,10
auth20-owned-v1-qps2000-n4,attest. exec p99 (s),,V1,nan,nan,nan,10
auth20-owned-v1-qps2000-n4,attest. exec p99 (s),,V2,0.009437172008473764,0.00045271487135452066,7.07928562697178e-05,10
auth20-owned-v1-qps2000-n4,attest. wait p50 (s),,V1,nan,nan,nan,10
auth20-owned-v1-qps2000-n4,attest. wait p50 (s),,V2,0.0005709243034537292,1.1944008790391163e-05,2.536104473502004e-06,10
auth20-owned-v1-qps2000-n4,attest. wait p95 (s),,V1,nan,nan,nan,10
auth20-owned-v1-qps2000-n4,attest. wait p95 (s),,V2,0.004760956739236967,0.001731080205925894,0.00026763212682365413,10
auth20-owned-v1-qps2000-n4,attest. wait p99 (s),,V1,nan,nan,nan,10
auth20-owned-v1-qps2000-n4,attest. wait p99 (s),,V2,0.016330707457483194,0.00812879245465501,0.0015043725131884322,10
auth20-owned-v1-qps2000-n4,attest. resume p50 (s),,V1,nan,nan,nan,10
auth20-owned-v1-qps2000-n4,attest. resume p50 (s),,V2,0.0005050559082280492,1.9508490933595516e-06,4.374153388639353e-07,10
auth20-owned-v1-qps2000-n4,attest. resume p95 (s),,V1,nan,nan,nan,10
auth20-owned-v1-qps2000-n4,attest. resume p95 (s),,V2,0.0009596062256332936,3.706613277383147e-06,8.310891438414794e-07,10
auth20-owned-v1-qps2000-n4,attest. resume p99 (s),,V1,nan,nan,nan,10
auth20-owned-v1-qps2000-n4,attest. resume p99 (s),,V2,0.001433604402590085,0.0007010825929951881,0.00015748880944643296,10
auth20-owned-v1-qps2000-n4,num_inflight,,V1,1999.8,0.7483314773547883,0.24944382578492943,10
auth20-owned-v1-qps2000-n4,num_inflight,,V2,761.6,63.828206930791964,21.276068976930652,10
auth20-owned-v1-qps2000-n4,CUs,,V1,nan,nan,nan,10
auth20-owned-v1-qps2000-n4,CUs,,V2,1000.0,6.606824512685003e-14,0.0,10
auth20-owned-v4-qps2000-n4,TPS,,V1,633.6477297134475,108.13515453916472,5.368170848602829,10
auth20-owned-v4-qps2000-n4,TPS,,V2,1960.3307046924929,524.4381779381753,41.72031822214844,10
auth20-owned-v4-qps2000-n4,attest. full p50 (s),,V1,nan,nan,nan,10
auth20-owned-v4-qps2000-n4,attest. full p50 (s),,V2,0.0032447010444849526,7.202318167113111e-05,2.1129191138926044e-05,10
auth20-owned-v4-qps2000-n4,attest. full p95 (s),,V1,nan,nan,nan,10
auth20-owned-v4-qps2000-n4,attest. full p95 (s),,V2,0.007826467689702509,0.0008160061527824865,0.00023830572665584798,10
auth20-owned-v4-qps2000-n4,attest. full p99 (s),,V1,nan,nan,nan,10
auth20-owned-v4-qps2000-n4,attest. full p99 (s),,V2,0.012933008799547981,0.0042587274669898326,0.001122188703110481,10
auth20-owned-v4-qps2000-n4,attest. / sec,,V1,0.0,0.0,0.0,10
auth20-owned-v4-qps2000-n4,attest. / sec,,V2,1010.0693088951751,123.88380474634914,9.949846770063875,10
auth20-owned-v4-qps2000-n4,host CPU,,V1,31.838225402660026,11.651172515193519,0.2083229385084196,10
auth20-owned-v4-qps2000-n4,host CPU,,V2,43.61809021358529,15.963048068847659,0.4611992659011531,10
auth20-owned-v4-qps2000-n4,rec. → exec. p50 (s),,V1,3.319730756938668,0.503759321731606,0.011937427103008887,10
auth20-owned-v4-qps2000-n4,rec. → exec. p50 (s),,V2,0.2050521852852546,0.0362069891312056,0.00717598889235399,10
auth20-owned-v4-qps2000-n4,rec. → exec. p95 (s),,V1,3.8354051514977314,0.4092514324731628,0.005771698041945114,10
auth20-owned-v4-qps2000-n4,rec. → exec. p95 (s),,V2,0.417628479442457,0.06790190246342978,0.019783329511897152,10
auth20-owned-v4-qps2000-n4,rec. → exec. p99 (s),,V1,3.8912496726216097,0.3919203935167474,0.006172887428309069,10
auth20-owned-v4-qps2000-n4,rec. → exec. p99 (s),,V2,0.4784765161139702,0.07607810194446223,0.017059643405241742,10
auth20-owned-v4-qps2000-n4,pc valid. lat. p50 (s),,V1,0.042155111858841715,0.029368504609825662,0.001656725002381141,10
auth20-owned-v4-qps2000-n4,pc valid. lat. p50 (s),,V2,0.003456770866516962,0.00042952529124573883,6.983513369530603e-05,10
auth20-owned-v4-qps2000-n4,pc valid. lat. p95 (s),,V1,0.2193835527173085,0.04743846899927731,0.004075284580875957,10
auth20-owned-v4-qps2000-n4,pc valid. lat. p95 (s),,V2,0.011048911279834815,0.0029225724580862083,0.0007820966467962168,10
auth20-owned-v4-qps2000-n4,exec. lat. p95 (s),,V1,0.021285454584974158,0.0012937455316112928,0.00010076123975725293,10
auth20-owned-v4-qps2000-n4,exec. lat. p95 (s),,V2,0.020852951204466397,0.0027535871071944326,0.0003217183657189337,10
auth20-owned-v4-qps2000-n4,valid. drop. / sec,,V1,0.0,0.0,0.0,10
auth20-owned-v4-qps2000-n4,valid. drop. / sec,,V2,0.0,0.0,0.0,10
auth20-owned-v4-qps2000-n4,final. lat. p50 (s),,V1,nan,nan,nan,10
auth20-owned-v4-qps2000-n4,final. lat. p50 (s),,V2,nan,nan,nan,10
auth20-owned-v4-qps2000-n4,final. lat. p95 (s),,V1,nan,nan,nan,10
auth20-owned-v4-qps2000-n4,final. lat. p95 (s),,V2,nan,nan,nan,10
auth20-owned-v4-qps2000-n4,final. lat. p99 (s),,V1,nan,nan,nan,10
auth20-owned-v4-qps2000-n4,final. lat. p99 (s),,V2,nan,nan,nan,10
auth20-owned-v4-qps2000-n4,submit lat. p50 (s),,V1,nan,nan,nan,10
auth20-owned-v4-qps2000-n4,submit lat. p50 (s),,V2,nan,nan,nan,10
auth20-owned-v4-qps2000-n4,submit lat. p95 (s),,V1,nan,nan,nan,10
auth20-owned-v4-qps2000-n4,submit lat. p95 (s),,V2,nan,nan,nan,10
auth20-owned-v4-qps2000-n4,ckpt lag p50 (s),,V1,3.095248487681426,1.0232658753791037,0.11470117999555991,10
auth20-owned-v4-qps2000-n4,ckpt lag p50 (s),,V2,0.36480071079743065,1.398741861027292,0.20762716252604518,10
auth20-owned-v4-qps2000-n4,ckpt lag p95 (s),,V1,3.9038319858459793,2.7224665547114775,0.35308045810464334,10
auth20-owned-v4-qps2000-n4,ckpt lag p95 (s),,V2,0.6588209925112424,2.4873797323764673,0.39420906923889165,10
auth20-owned-v4-qps2000-n4,ckpt lag p99 (s),,V1,4.089243110412144,3.2348779410340343,0.42709469247024734,10
auth20-owned-v4-qps2000-n4,ckpt lag p99 (s),,V2,0.7471980003035913,2.6127765234014126,0.41536088579586933,10
auth20-owned-v4-qps2000-n4,exec. dispatch queue,,V1,299.3,317.85658715842277,105.95219571947425,10
auth20-owned-v4-qps2000-n4,exec. dispatch queue,,V2,695.6,358.8663260881411,119.62210869604701,10
auth20-owned-v4-qps2000-n4,pending txs,,V1,10.4,11.235657524150511,3.7452191747168366,10
auth20-owned-v4-qps2000-n4,pending txs,,V2,7.9,4.346262762420146,1.4487542541400487,10
auth20-owned-v4-qps2000-n4,exec. queue. delay p95 (s),,V1,0.035764131925704615,0.06725554408886886,0.012561244486448152,10
auth20-owned-v4-qps2000-n4,exec. queue. delay p95 (s),,V2,0.06538201888567569,0.03405473627290574,0.006352336026515113,10
auth20-owned-v4-qps2000-n4,post-cons shed drops / sec,,V1,0.0,0.0,0.0,10
auth20-owned-v4-qps2000-n4,post-cons shed drops / sec,,V2,5.726640997433076,27.352915779144723,3.8746073129872878,10
auth20-owned-v4-qps2000-n4,shed % quorum,,V1,0.0,0.0,0.0,10
auth20-owned-v4-qps2000-n4,shed % quorum,,V2,2.3,4.859012245302536,1.6196707484341788,10
auth20-owned-v4-qps2000-n4,shed % local,,V1,0.0,0.0,0.0,10
auth20-owned-v4-qps2000-n4,shed % local,,V2,4.9,7.462573282722254,2.4875244275740847,10
auth20-owned-v4-qps2000-n4,shed % cons-queue,,V1,0.0,0.0,0.0,10
auth20-owned-v4-qps2000-n4,shed % cons-queue,,V2,0.0,0.0,0.0,10
auth20-owned-v4-qps2000-n4,pre-cons overload rej / sec,,V1,nan,nan,nan,10
auth20-owned-v4-qps2000-n4,pre-cons overload rej / sec,,V2,nan,nan,nan,10
auth20-owned-v4-qps2000-n4,node CPU,,V1,8.124833347971423,1.360158577344618,0.09554399692253601,10
auth20-owned-v4-qps2000-n4,node CPU,,V2,11.507332525760152,1.7968462358955202,0.17360335247301806,10
auth20-owned-v4-qps2000-n4,node memory RSS (bytes),,V1,899085057.6732026,226971249.87045318,2392579.7659792164,10
auth20-owned-v4-qps2000-n4,node memory RSS (bytes),,V2,1576504943.7394137,605035093.8786982,13674416.080066277,10
auth20-owned-v4-qps2000-n4,overload graduated / sec,,V1,nan,nan,nan,10
auth20-owned-v4-qps2000-n4,overload graduated / sec,,V2,nan,nan,nan,10
auth20-owned-v4-qps2000-n4,overload max-pending / sec,,V1,nan,nan,nan,10
auth20-owned-v4-qps2000-n4,overload max-pending / sec,,V2,nan,nan,nan,10
auth20-owned-v4-qps2000-n4,overload semaphore / sec,,V1,nan,nan,nan,10
auth20-owned-v4-qps2000-n4,overload semaphore / sec,,V2,nan,nan,nan,10
auth20-owned-v4-qps2000-n4,attest. exec p50 (s),,V1,nan,nan,nan,10
auth20-owned-v4-qps2000-n4,attest. exec p50 (s),,V2,0.0031164411731367777,3.8203062477279955e-05,1.0597972168773669e-05,10
auth20-owned-v4-qps2000-n4,attest. exec p95 (s),,V1,nan,nan,nan,10
auth20-owned-v4-qps2000-n4,attest. exec p95 (s),,V2,0.005618019228686907,0.0008123279276518422,0.00022945279848439882,10
auth20-owned-v4-qps2000-n4,attest. exec p99 (s),,V1,nan,nan,nan,10
auth20-owned-v4-qps2000-n4,attest. exec p99 (s),,V2,0.009052088316361928,0.000318127558416817,8.726053717344964e-05,10
auth20-owned-v4-qps2000-n4,attest. wait p50 (s),,V1,nan,nan,nan,10
auth20-owned-v4-qps2000-n4,attest. wait p50 (s),,V2,0.0005454006350260193,1.1324136116543154e-05,2.7611583437228267e-06,10
auth20-owned-v4-qps2000-n4,attest. wait p95 (s),,V1,nan,nan,nan,10
auth20-owned-v4-qps2000-n4,attest. wait p95 (s),,V2,0.002863016945072697,0.0007836041302744623,0.00020189781643053075,10
auth20-owned-v4-qps2000-n4,attest. wait p99 (s),,V1,nan,nan,nan,10
auth20-owned-v4-qps2000-n4,attest. wait p99 (s),,V2,0.007365864431133568,0.0035847372781032077,0.0008138504398535459,10
auth20-owned-v4-qps2000-n4,attest. resume p50 (s),,V1,nan,nan,nan,10
auth20-owned-v4-qps2000-n4,attest. resume p50 (s),,V2,0.0005038467337865787,8.830139110465661e-07,1.9194985207879843e-07,10
auth20-owned-v4-qps2000-n4,attest. resume p95 (s),,V1,nan,nan,nan,10
auth20-owned-v4-qps2000-n4,attest. resume p95 (s),,V2,0.0009573087941944995,1.6777264309884703e-06,3.6470471894971583e-07,10
auth20-owned-v4-qps2000-n4,attest. resume p99 (s),,V1,nan,nan,nan,10
auth20-owned-v4-qps2000-n4,attest. resume p99 (s),,V2,0.0010231309655699724,0.00011660909335385453,1.8077620594319196e-05,10
auth20-owned-v4-qps2000-n4,num_inflight,,V1,1956.2,123.92642978799962,41.3088099293332,10
auth20-owned-v4-qps2000-n4,num_inflight,,V2,405.2,96.82954094696514,32.27651364898838,10
auth20-owned-v4-qps2000-n4,CUs,,V1,nan,nan,nan,10
auth20-owned-v4-qps2000-n4,CUs,,V2,1000.0,6.230308738684988e-14,0.0,10
auth50-owned-f1-qps200-n4,TPS,,V1,188.83053251629943,66.00482808042139,13.944161279059143,10
auth50-owned-f1-qps200-n4,TPS,,V2,218.72918027309302,18.91041194077699,2.894705879990284,10
auth50-owned-f1-qps200-n4,attest. full p50 (s),,V1,nan,nan,nan,10
auth50-owned-f1-qps200-n4,attest. full p50 (s),,V2,0.008763674297171552,0.0003947244720062199,2.2269468864990374e-05,10
auth50-owned-f1-qps200-n4,attest. full p95 (s),,V1,nan,nan,nan,10
auth50-owned-f1-qps200-n4,attest. full p95 (s),,V2,0.022747561374095712,0.00019036693670337567,1.9207144232788643e-05,10
auth50-owned-f1-qps200-n4,attest. full p99 (s),,V1,nan,nan,nan,10
auth50-owned-f1-qps200-n4,attest. full p99 (s),,V2,0.02455111026335248,3.896091418315504e-05,3.6282016331027e-06,10
auth50-owned-f1-qps200-n4,attest. / sec,,V1,0.0,0.0,0.0,10
auth50-owned-f1-qps200-n4,attest. / sec,,V2,97.8486290233686,10.9506289892661,1.4054755067194487,10
auth50-owned-f1-qps200-n4,host CPU,,V1,17.841679377294334,8.779616284374477,1.191308186666604,10
auth50-owned-f1-qps200-n4,host CPU,,V2,18.220370262518426,6.793649996296908,0.23808765198079274,10
auth50-owned-f1-qps200-n4,rec. → exec. p50 (s),,V1,0.3899808261844353,0.08528904282549768,0.011417394567509224,10
auth50-owned-f1-qps200-n4,rec. → exec. p50 (s),,V2,0.2266536202057688,0.053246235387194564,0.007465950881002827,10
auth50-owned-f1-qps200-n4,rec. → exec. p95 (s),,V1,0.6271326032225175,0.16590121305383732,0.03757993787134607,10
auth50-owned-f1-qps200-n4,rec. → exec. p95 (s),,V2,0.44901813805662666,0.048815154845864406,0.008727923488533228,10
auth50-owned-f1-qps200-n4,rec. → exec. p99 (s),,V1,0.7631075794945609,0.2139400373002634,0.05741042463182303,10
auth50-owned-f1-qps200-n4,rec. → exec. p99 (s),,V2,0.4935736842407028,0.06359586654225274,0.009328410211858823,10
auth50-owned-f1-qps200-n4,pc valid. lat. p50 (s),,V1,0.029923411018588343,0.014044717042711303,0.0034304153163491826,10
auth50-owned-f1-qps200-n4,pc valid. lat. p50 (s),,V2,0.0006047577358694366,5.511867241171667e-05,8.804166936222467e-06,10
auth50-owned-f1-qps200-n4,pc valid. lat. p95 (s),,V1,0.13380848853125685,0.04633337333246137,0.00889858667508971,10
auth50-owned-f1-qps200-n4,pc valid. lat. p95 (s),,V2,0.0038616037018941434,0.00037020678120540184,5.93253413918126e-05,10
auth50-owned-f1-qps200-n4,exec. lat. p95 (s),,V1,0.02323061260912021,0.004077410834747146,0.0004082746453710446,10
auth50-owned-f1-qps200-n4,exec. lat. p95 (s),,V2,0.024084710497951644,0.0001373732450244672,2.647838395888401e-05,10
auth50-owned-f1-qps200-n4,valid. drop. / sec,,V1,0.0,0.0,0.0,10
auth50-owned-f1-qps200-n4,valid. drop. / sec,,V2,0.0,0.0,0.0,10
auth50-owned-f1-qps200-n4,final. lat. p50 (s),,V1,0.328947645656459,0.02552910287096946,0.005405052890632363,10
auth50-owned-f1-qps200-n4,final. lat. p50 (s),,V2,0.21233593942734094,0.008908046797918547,0.002242613369401225,10
auth50-owned-f1-qps200-n4,final. lat. p95 (s),,V1,0.48311160597728847,0.06582264515329259,0.017760621158716735,10
auth50-owned-f1-qps200-n4,final. lat. p95 (s),,V2,0.3317022483424979,0.03319678681820273,0.006714741284063402,10
auth50-owned-f1-qps200-n4,final. lat. p99 (s),,V1,0.5491127872959809,0.08344896156306997,0.02114329055888144,10
auth50-owned-f1-qps200-n4,final. lat. p99 (s),,V2,0.39589184501218505,0.04481905795986895,0.0070045797144188335,10
auth50-owned-f1-qps200-n4,submit lat. p50 (s),,V1,0.026391365611462804,0.002069147689958139,0.00032179134640285934,10
auth50-owned-f1-qps200-n4,submit lat. p50 (s),,V2,0.02812516317514704,0.001502980994699995,0.00023229837619663163,10
auth50-owned-f1-qps200-n4,submit lat. p95 (s),,V1,0.048140152888623215,0.0011419449814839726,6.348434090582281e-05,10
auth50-owned-f1-qps200-n4,submit lat. p95 (s),,V2,0.04885850731408757,0.0012467337682423858,9.483827741740901e-05,10
auth50-owned-f1-qps200-n4,ckpt lag p50 (s),,V1,0.8161436143892564,2.091289118436403,0.29043495030905386,10
auth50-owned-f1-qps200-n4,ckpt lag p50 (s),,V2,0.20299950058204277,0.2804881754542726,0.03128903643197602,10
auth50-owned-f1-qps200-n4,ckpt lag p95 (s),,V1,1.5167480442035775,3.615141548856589,0.6034194537042314,10
auth50-owned-f1-qps200-n4,ckpt lag p95 (s),,V2,0.3990401615777562,0.9592316895958276,0.12900802482450685,10
auth50-owned-f1-qps200-n4,ckpt lag p99 (s),,V1,1.6861321183831943,3.8604225502037695,0.6626175496470528,10
auth50-owned-f1-qps200-n4,ckpt lag p99 (s),,V2,0.46495172598857515,1.0467832793655583,0.14158727461470108,10
auth50-owned-f1-qps200-n4,exec. dispatch queue,,V1,13.2,12.1309521472966,4.0436507157655335,10
auth50-owned-f1-qps200-n4,exec. dispatch queue,,V2,6.3,6.372597586541928,2.1241991955139756,10
auth50-owned-f1-qps200-n4,pending txs,,V1,2.6,1.6852299546352718,0.5617433182117572,10
auth50-owned-f1-qps200-n4,pending txs,,V2,2.5,1.746424919657298,0.582141639885766,10
auth50-owned-f1-qps200-n4,exec. queue. delay p95 (s),,V1,0.0006795884169077944,0.000394985381095601,6.819989588654929e-05,10
auth50-owned-f1-qps200-n4,exec. queue. delay p95 (s),,V2,0.0009176952585038755,0.001034410225155114,0.00021569778208521806,10
auth50-owned-f1-qps200-n4,post-cons shed drops / sec,,V1,0.0,0.0,0.0,10
auth50-owned-f1-qps200-n4,post-cons shed drops / sec,,V2,0.0,0.0,0.0,10
auth50-owned-f1-qps200-n4,shed % quorum,,V1,0.0,0.0,0.0,10
auth50-owned-f1-qps200-n4,shed % quorum,,V2,0.0,0.0,0.0,10
auth50-owned-f1-qps200-n4,shed % local,,V1,0.0,0.0,0.0,10
auth50-owned-f1-qps200-n4,shed % local,,V2,0.0,0.0,0.0,10
auth50-owned-f1-qps200-n4,shed % cons-queue,,V1,0.0,0.0,0.0,10
auth50-owned-f1-qps200-n4,shed % cons-queue,,V2,0.0,0.0,0.0,10
auth50-owned-f1-qps200-n4,pre-cons overload rej / sec,,V1,nan,nan,nan,10
auth50-owned-f1-qps200-n4,pre-cons overload rej / sec,,V2,nan,nan,nan,10
auth50-owned-f1-qps200-n4,node CPU,,V1,4.217142921369082,1.5279852403025687,0.3089084416525377,10
auth50-owned-f1-qps200-n4,node CPU,,V2,4.20505667565439,0.7072290991770461,0.05478832319722207,10
auth50-owned-f1-qps200-n4,node memory RSS (bytes),,V1,529909206.4864865,81656658.36008452,8081031.227202788,10
auth50-owned-f1-qps200-n4,node memory RSS (bytes),,V2,525833716.73773265,87363169.61053672,1961724.7879627475,10
auth50-owned-f1-qps200-n4,overload graduated / sec,,V1,nan,nan,nan,10
auth50-owned-f1-qps200-n4,overload graduated / sec,,V2,nan,nan,nan,10
auth50-owned-f1-qps200-n4,overload max-pending / sec,,V1,nan,nan,nan,10
auth50-owned-f1-qps200-n4,overload max-pending / sec,,V2,nan,nan,nan,10
auth50-owned-f1-qps200-n4,overload semaphore / sec,,V1,nan,nan,nan,10
auth50-owned-f1-qps200-n4,overload semaphore / sec,,V2,nan,nan,nan,10
auth50-owned-f1-qps200-n4,attest. exec p50 (s),,V1,nan,nan,nan,10
auth50-owned-f1-qps200-n4,attest. exec p50 (s),,V2,0.008702929902411399,0.00039524354050333576,2.332359194944089e-05,10
auth50-owned-f1-qps200-n4,attest. exec p95 (s),,V1,nan,nan,nan,10
auth50-owned-f1-qps200-n4,attest. exec p95 (s),,V2,0.022672121725977736,0.00020228231305034219,2.195642113573978e-05,10
auth50-owned-f1-qps200-n4,attest. exec p99 (s),,V1,nan,nan,nan,10
auth50-owned-f1-qps200-n4,attest. exec p99 (s),,V2,0.024534424345195552,4.0456462610068424e-05,4.391284227147937e-06,10
auth50-owned-f1-qps200-n4,attest. wait p50 (s),,V1,nan,nan,nan,10
auth50-owned-f1-qps200-n4,attest. wait p50 (s),,V2,0.0005058042337193989,3.6537085950574447e-06,4.242371523352313e-07,10
auth50-owned-f1-qps200-n4,attest. wait p95 (s),,V1,nan,nan,nan,10
auth50-owned-f1-qps200-n4,attest. wait p95 (s),,V2,0.0009610280440668577,6.942046330609148e-06,8.060505894369324e-07,10
auth50-owned-f1-qps200-n4,attest. wait p99 (s),,V1,nan,nan,nan,10
auth50-owned-f1-qps200-n4,attest. wait p99 (s),,V2,0.0019166674465114467,0.001101191873173824,0.00011372997316115615,10
auth50-owned-f1-qps200-n4,attest. resume p50 (s),,V1,nan,nan,nan,10
auth50-owned-f1-qps200-n4,attest. resume p50 (s),,V2,0.0005020737596802031,1.9306320196565746e-06,2.923067485273369e-07,10
auth50-owned-f1-qps200-n4,attest. resume p95 (s),,V1,nan,nan,nan,10
auth50-owned-f1-qps200-n4,attest. resume p95 (s),,V2,0.0009539401433923857,3.668200837347489e-06,5.55382822201932e-07,10
auth50-owned-f1-qps200-n4,attest. resume p99 (s),,V1,nan,nan,nan,10
auth50-owned-f1-qps200-n4,attest. resume p99 (s),,V2,0.0010493990967970308,0.0002547549806409702,2.004469810500021e-05,10
auth50-owned-f1-qps200-n4,num_inflight,,V1,52.4,8.46404158779953,2.821347195933177,10
auth50-owned-f1-qps200-n4,num_inflight,,V2,40.5,4.924428900898052,1.6414763002993504,10
auth50-owned-f1-qps200-n4,CUs,,V1,nan,nan,nan,10
auth50-owned-f1-qps200-n4,CUs,,V2,1000.0,7.3993548955842e-14,0.0,10
auth50-owned-v1-qps200-n4,TPS,,V1,207.59054390274628,112.93885971023266,8.224458387635428,10
auth50-owned-v1-qps200-n4,TPS,,V2,221.5882626269,3.3582108866492364,0.15190642848014455,10
auth50-owned-v1-qps200-n4,attest. full p50 (s),,V1,nan,nan,nan,10
auth50-owned-v1-qps200-n4,attest. full p50 (s),,V2,0.009021142832034605,0.0002353225514472312,5.734575747773559e-05,10
auth50-owned-v1-qps200-n4,attest. full p95 (s),,V1,nan,nan,nan,10
auth50-owned-v1-qps200-n4,attest. full p95 (s),,V2,0.02299998202020297,0.00018134723339113977,4.167081027248761e-05,10
auth50-owned-v1-qps200-n4,attest. full p99 (s),,V1,nan,nan,nan,10
auth50-owned-v1-qps200-n4,attest. full p99 (s),,V2,0.024601043918487456,3.7085535169365225e-05,8.428927842305467e-06,10
auth50-owned-v1-qps200-n4,attest. / sec,,V1,0.0,0.0,0.0,10
auth50-owned-v1-qps200-n4,attest. / sec,,V2,198.92897526501767,14.522400438550834,0.5366931337852772,10
auth50-owned-v1-qps200-n4,host CPU,,V1,19.666026463291363,7.396840256887688,0.21440009472675234,10
auth50-owned-v1-qps200-n4,host CPU,,V2,18.397713802088326,6.760764183904218,0.07280881479763694,10
auth50-owned-v1-qps200-n4,rec. → exec. p50 (s),,V1,0.3764376176466846,0.012103921828869109,0.003434808955282452,10
auth50-owned-v1-qps200-n4,rec. → exec. p50 (s),,V2,0.19421087018986052,0.018271472379003468,0.005585163164554376,10
auth50-owned-v1-qps200-n4,rec. → exec. p95 (s),,V1,0.6485176804280016,0.1396355646325123,0.03910167496730092,10
auth50-owned-v1-qps200-n4,rec. → exec. p95 (s),,V2,0.37565934243401844,0.09281452297586938,0.028513628834616705,10
auth50-owned-v1-qps200-n4,rec. → exec. p99 (s),,V1,0.8278720204713117,0.1842955449897603,0.050006347344444764,10
auth50-owned-v1-qps200-n4,rec. → exec. p99 (s),,V2,0.44270917421013295,0.08332828080461817,0.024812357656449364,10
auth50-owned-v1-qps200-n4,pc valid. lat. p50 (s),,V1,0.028796481559884256,0.00916008556317114,0.00216752395607801,10
auth50-owned-v1-qps200-n4,pc valid. lat. p50 (s),,V2,0.0005296807447400567,5.812936093728011e-05,1.4948728978509164e-05,10
auth50-owned-v1-qps200-n4,pc valid. lat. p95 (s),,V1,0.19469153060502103,0.008652216690837596,0.0010391497738715706,10
auth50-owned-v1-qps200-n4,pc valid. lat. p95 (s),,V2,0.0042930625516037855,6.492445425013446e-05,1.3770499136117226e-05,10
auth50-owned-v1-qps200-n4,exec. lat. p95 (s),,V1,0.024043518740109283,0.00017555213406478612,3.016685409696781e-05,10
auth50-owned-v1-qps200-n4,exec. lat. p95 (s),,V2,0.024185301703474472,0.00012842013329333125,3.339174159904526e-05,10
auth50-owned-v1-qps200-n4,valid. drop. / sec,,V1,0.0,0.0,0.0,10
auth50-owned-v1-qps200-n4,valid. drop. / sec,,V2,0.0,0.0,0.0,10
auth50-owned-v1-qps200-n4,final. lat. p50 (s),,V1,nan,nan,nan,10
auth50-owned-v1-qps200-n4,final. lat. p50 (s),,V2,nan,nan,nan,10
auth50-owned-v1-qps200-n4,final. lat. p95 (s),,V1,nan,nan,nan,10
auth50-owned-v1-qps200-n4,final. lat. p95 (s),,V2,nan,nan,nan,10
auth50-owned-v1-qps200-n4,final. lat. p99 (s),,V1,nan,nan,nan,10
auth50-owned-v1-qps200-n4,final. lat. p99 (s),,V2,nan,nan,nan,10
auth50-owned-v1-qps200-n4,submit lat. p50 (s),,V1,nan,nan,nan,10
auth50-owned-v1-qps200-n4,submit lat. p50 (s),,V2,nan,nan,nan,10
auth50-owned-v1-qps200-n4,submit lat. p95 (s),,V1,nan,nan,nan,10
auth50-owned-v1-qps200-n4,submit lat. p95 (s),,V2,nan,nan,nan,10
auth50-owned-v1-qps200-n4,ckpt lag p50 (s),,V1,1.378341033443747,2.7369733566473182,0.4749451228436004,10
auth50-owned-v1-qps200-n4,ckpt lag p50 (s),,V2,0.1716754332577273,0.0049501910110729685,0.0012999998333106891,10
auth50-owned-v1-qps200-n4,ckpt lag p95 (s),,V1,3.000266090052062,5.452761599317131,0.9241272533096726,10
auth50-owned-v1-qps200-n4,ckpt lag p95 (s),,V2,0.2522211685779284,0.045182799866916076,0.01302231522877177,10
auth50-owned-v1-qps200-n4,ckpt lag p99 (s),,V1,3.361416065860066,5.986401364947909,1.0330575785431515,10
auth50-owned-v1-qps200-n4,ckpt lag p99 (s),,V2,0.2955015586360651,0.05657389570015911,0.01615175525929626,10
auth50-owned-v1-qps200-n4,exec. dispatch queue,,V1,38.6,41.81674305825359,13.938914352751198,10
auth50-owned-v1-qps200-n4,exec. dispatch queue,,V2,15.2,17.226723426119083,5.742241142039694,10
auth50-owned-v1-qps200-n4,pending txs,,V1,5.8,3.340658617698013,1.1135528725660042,10
auth50-owned-v1-qps200-n4,pending txs,,V2,1.4,2.0591260281974,0.6863753427324667,10
auth50-owned-v1-qps200-n4,exec. queue. delay p95 (s),,V1,0.0019303779101696639,0.001763341762120553,0.0003130511250473664,10
auth50-owned-v1-qps200-n4,exec. queue. delay p95 (s),,V2,0.001220468486602711,0.0014447571598291203,0.00032486108810808443,10
auth50-owned-v1-qps200-n4,post-cons shed drops / sec,,V1,0.0,0.0,0.0,10
auth50-owned-v1-qps200-n4,post-cons shed drops / sec,,V2,0.0,0.0,0.0,10
auth50-owned-v1-qps200-n4,shed % quorum,,V1,0.0,0.0,0.0,10
auth50-owned-v1-qps200-n4,shed % quorum,,V2,0.0,0.0,0.0,10
auth50-owned-v1-qps200-n4,shed % local,,V1,0.0,0.0,0.0,10
auth50-owned-v1-qps200-n4,shed % local,,V2,0.0,0.0,0.0,10
auth50-owned-v1-qps200-n4,shed % cons-queue,,V1,0.0,0.0,0.0,10
auth50-owned-v1-qps200-n4,shed % cons-queue,,V2,0.0,0.0,0.0,10
auth50-owned-v1-qps200-n4,pre-cons overload rej / sec,,V1,nan,nan,nan,10
auth50-owned-v1-qps200-n4,pre-cons overload rej / sec,,V2,nan,nan,nan,10
auth50-owned-v1-qps200-n4,node CPU,,V1,5.804732640077297,0.7675408110777238,0.04825073682222959,10
auth50-owned-v1-qps200-n4,node CPU,,V2,5.361207377703244,0.7650069462719874,0.03667927212395755,10
auth50-owned-v1-qps200-n4,node memory RSS (bytes),,V1,565057040.6861063,86625853.35693432,2720068.9141929047,10
auth50-owned-v1-qps200-n4,node memory RSS (bytes),,V2,540403687.3253012,86756011.71563399,4850474.32957314,10
auth50-owned-v1-qps200-n4,overload graduated / sec,,V1,nan,nan,nan,10
auth50-owned-v1-qps200-n4,overload graduated / sec,,V2,nan,nan,nan,10
auth50-owned-v1-qps200-n4,overload max-pending / sec,,V1,nan,nan,nan,10
auth50-owned-v1-qps200-n4,overload max-pending / sec,,V2,nan,nan,nan,10
auth50-owned-v1-qps200-n4,overload semaphore / sec,,V1,nan,nan,nan,10
auth50-owned-v1-qps200-n4,overload semaphore / sec,,V2,nan,nan,nan,10
auth50-owned-v1-qps200-n4,attest. exec p50 (s),,V1,nan,nan,nan,10
auth50-owned-v1-qps200-n4,attest. exec p50 (s),,V2,0.00890617817581632,0.0002142879584417491,5.236811975475111e-05,10
auth50-owned-v1-qps200-n4,attest. exec p95 (s),,V1,nan,nan,nan,10
auth50-owned-v1-qps200-n4,attest. exec p95 (s),,V2,0.022901548871807644,0.0001894375108545504,4.349791018871611e-05,10
auth50-owned-v1-qps200-n4,attest. exec p99 (s),,V1,nan,nan,nan,10
auth50-owned-v1-qps200-n4,attest. exec p99 (s),,V2,0.024580797121884185,3.827671586346333e-05,8.636865269564439e-06,10
auth50-owned-v1-qps200-n4,attest. wait p50 (s),,V1,nan,nan,nan,10
auth50-owned-v1-qps200-n4,attest. wait p50 (s),,V2,0.0005130645983895827,6.927378944682469e-06,1.0302674238909446e-06,10
auth50-owned-v1-qps200-n4,attest. wait p95 (s),,V1,nan,nan,nan,10
auth50-owned-v1-qps200-n4,attest. wait p95 (s),,V2,0.0009929724307875681,0.00016807668890335124,1.483749475304648e-05,10
auth50-owned-v1-qps200-n4,attest. wait p99 (s),,V1,nan,nan,nan,10
auth50-owned-v1-qps200-n4,attest. wait p99 (s),,V2,0.003578571969786322,0.0013642104034197584,0.0002229337594661233,10
auth50-owned-v1-qps200-n4,attest. resume p50 (s),,V1,nan,nan,nan,10
auth50-owned-v1-qps200-n4,attest. resume p50 (s),,V2,0.000502993839933608,2.7512333017427607e-06,4.758397101310162e-07,10
auth50-owned-v1-qps200-n4,attest. resume p95 (s),,V1,nan,nan,nan,10
auth50-owned-v1-qps200-n4,attest. resume p95 (s),,V2,0.0009556882958738551,5.22734327331126e-06,9.040954492489353e-07,10
auth50-owned-v1-qps200-n4,attest. resume p99 (s),,V1,nan,nan,nan,10
auth50-owned-v1-qps200-n4,attest. resume p99 (s),,V2,0.0012144536014368403,0.0005438984390670969,9.499016211228132e-05,10
auth50-owned-v1-qps200-n4,num_inflight,,V1,103.1,20.973554777385736,6.9911849257952445,10
auth50-owned-v1-qps200-n4,num_inflight,,V2,58.8,14.496896219536096,4.832298739845365,10
auth50-owned-v1-qps200-n4,CUs,,V1,nan,nan,nan,10
auth50-owned-v1-qps200-n4,CUs,,V2,1000.0,6.891815434176368e-14,0.0,10
auth50-owned-v4-qps200-n4,TPS,,V1,210.65482741190064,63.37903106991078,5.790120174331954,10
auth50-owned-v4-qps200-n4,TPS,,V2,221.44622330509637,32.215306849722225,0.2802109207810166,10
auth50-owned-v4-qps200-n4,attest. full p50 (s),,V1,nan,nan,nan,10
auth50-owned-v4-qps200-n4,attest. full p50 (s),,V2,0.00866436192082447,0.00015962342914598474,1.8059402190343676e-05,10
auth50-owned-v4-qps200-n4,attest. full p95 (s),,V1,nan,nan,nan,10
auth50-owned-v4-qps200-n4,attest. full p95 (s),,V2,0.022640687484824156,0.0001883062436188636,2.045523029131665e-05,10
auth50-owned-v4-qps200-n4,attest. full p99 (s),,V1,nan,nan,nan,10
auth50-owned-v4-qps200-n4,attest. full p99 (s),,V2,0.024530543832415985,3.8220334949936836e-05,3.894564365705068e-06,10
auth50-owned-v4-qps200-n4,attest. / sec,,V1,0.0,0.0,0.0,10
auth50-owned-v4-qps200-n4,attest. / sec,,V2,100.88046166077255,8.37109233566475,0.26843572569932345,10
auth50-owned-v4-qps200-n4,host CPU,,V1,19.921204945053788,7.326635403766964,0.15291035363821762,10
auth50-owned-v4-qps200-n4,host CPU,,V2,17.910006538467076,6.444767881241713,0.10787660961346775,10
auth50-owned-v4-qps200-n4,rec. → exec. p50 (s),,V1,0.3630663499397108,0.014733532652507118,0.0037813734097762995,10
auth50-owned-v4-qps200-n4,rec. → exec. p50 (s),,V2,0.20145212397732878,0.013294784163834472,0.003145023601227238,10
auth50-owned-v4-qps200-n4,rec. → exec. p95 (s),,V1,0.5677667175663933,0.11758289206143387,0.03147116074780457,10
auth50-owned-v4-qps200-n4,rec. → exec. p95 (s),,V2,0.43219152360524293,0.0655915142094277,0.021158930886406104,10
auth50-owned-v4-qps200-n4,rec. → exec. p99 (s),,V1,0.7413403578352371,0.20287496338954683,0.061128637241805166,10
auth50-owned-v4-qps200-n4,rec. → exec. p99 (s),,V2,0.47843556960756334,0.09151958940004402,0.026210461964388174,10
auth50-owned-v4-qps200-n4,pc valid. lat. p50 (s),,V1,0.03686514544966054,0.002166935709761246,0.0005842109632603066,10
auth50-owned-v4-qps200-n4,pc valid. lat. p50 (s),,V2,0.0005867408798102866,3.559007702389648e-05,6.868904026052262e-06,10
auth50-owned-v4-qps200-n4,pc valid. lat. p95 (s),,V1,0.15257742773567967,0.024842147531542326,0.006500698689051485,10
auth50-owned-v4-qps200-n4,pc valid. lat. p95 (s),,V2,0.0039796899306027405,0.00019678373682370073,2.5722946366208582e-05,10
auth50-owned-v4-qps200-n4,exec. lat. p95 (s),,V1,0.024002005444111005,0.00018050709648482891,3.625414616353864e-05,10
auth50-owned-v4-qps200-n4,exec. lat. p95 (s),,V2,0.024129453868711584,0.0001382599821099831,2.7970795944901854e-05,10
auth50-owned-v4-qps200-n4,valid. drop. / sec,,V1,0.0,0.0,0.0,10
auth50-owned-v4-qps200-n4,valid. drop. / sec,,V2,0.0,0.0,0.0,10
auth50-owned-v4-qps200-n4,final. lat. p50 (s),,V1,nan,nan,nan,10
auth50-owned-v4-qps200-n4,final. lat. p50 (s),,V2,nan,nan,nan,10
auth50-owned-v4-qps200-n4,final. lat. p95 (s),,V1,nan,nan,nan,10
auth50-owned-v4-qps200-n4,final. lat. p95 (s),,V2,nan,nan,nan,10
auth50-owned-v4-qps200-n4,final. lat. p99 (s),,V1,nan,nan,nan,10
auth50-owned-v4-qps200-n4,final. lat. p99 (s),,V2,nan,nan,nan,10
auth50-owned-v4-qps200-n4,submit lat. p50 (s),,V1,nan,nan,nan,10
auth50-owned-v4-qps200-n4,submit lat. p50 (s),,V2,nan,nan,nan,10
auth50-owned-v4-qps200-n4,submit lat. p95 (s),,V1,nan,nan,nan,10
auth50-owned-v4-qps200-n4,submit lat. p95 (s),,V2,nan,nan,nan,10
auth50-owned-v4-qps200-n4,ckpt lag p50 (s),,V1,0.4273142763210018,1.0080730763082093,0.15384333794120145,10
auth50-owned-v4-qps200-n4,ckpt lag p50 (s),,V2,0.32747636777032113,1.0523958578209078,0.16347705595421533,10
auth50-owned-v4-qps200-n4,ckpt lag p95 (s),,V1,0.8795479649305681,2.4694371058648414,0.38863231227075284,10
auth50-owned-v4-qps200-n4,ckpt lag p95 (s),,V2,0.6726607826038621,2.0400084539284333,0.3690641049528958,10
auth50-owned-v4-qps200-n4,ckpt lag p99 (s),,V1,1.0035162428364388,2.722147072303304,0.4306708784539053,10
auth50-owned-v4-qps200-n4,ckpt lag p99 (s),,V2,0.7477992659543059,2.1855579860252647,0.3974702029383347,10
auth50-owned-v4-qps200-n4,exec. dispatch queue,,V1,14.9,15.610573339887296,5.203524446629098,10
auth50-owned-v4-qps200-n4,exec. dispatch queue,,V2,11.2,13.196969349058897,4.398989783019632,10
auth50-owned-v4-qps200-n4,pending txs,,V1,2.6,1.9595917942265424,0.6531972647421808,10
auth50-owned-v4-qps200-n4,pending txs,,V2,2.8,2.6381811916545836,0.8793937305515279,10
auth50-owned-v4-qps200-n4,exec. queue. delay p95 (s),,V1,0.0007620847541074885,0.0008768339206515491,0.00016552087476718677,10
auth50-owned-v4-qps200-n4,exec. queue. delay p95 (s),,V2,0.001007878630993117,0.0009870926795144906,0.00018763669193747916,10
auth50-owned-v4-qps200-n4,post-cons shed drops / sec,,V1,0.0,0.0,0.0,10
auth50-owned-v4-qps200-n4,post-cons shed drops / sec,,V2,0.0,0.0,0.0,10
auth50-owned-v4-qps200-n4,shed % quorum,,V1,0.0,0.0,0.0,10
auth50-owned-v4-qps200-n4,shed % quorum,,V2,0.0,0.0,0.0,10
auth50-owned-v4-qps200-n4,shed % local,,V1,0.0,0.0,0.0,10
auth50-owned-v4-qps200-n4,shed % local,,V2,0.0,0.0,0.0,10
auth50-owned-v4-qps200-n4,shed % cons-queue,,V1,0.0,0.0,0.0,10
auth50-owned-v4-qps200-n4,shed % cons-queue,,V2,0.0,0.0,0.0,10
auth50-owned-v4-qps200-n4,pre-cons overload rej / sec,,V1,nan,nan,nan,10
auth50-owned-v4-qps200-n4,pre-cons overload rej / sec,,V2,nan,nan,nan,10
auth50-owned-v4-qps200-n4,node CPU,,V1,4.935872459651336,0.6699112129861903,0.021865267106938514,10
auth50-owned-v4-qps200-n4,node CPU,,V2,4.313236925751133,0.621771796146276,0.026184773638447286,10
auth50-owned-v4-qps200-n4,node memory RSS (bytes),,V1,544593112.7848537,80272543.09498478,1412931.0079216077,10
auth50-owned-v4-qps200-n4,node memory RSS (bytes),,V2,531935543.26770294,82120366.03888068,3774629.020017798,10
auth50-owned-v4-qps200-n4,overload graduated / sec,,V1,nan,nan,nan,10
auth50-owned-v4-qps200-n4,overload graduated / sec,,V2,nan,nan,nan,10
auth50-owned-v4-qps200-n4,overload max-pending / sec,,V1,nan,nan,nan,10
auth50-owned-v4-qps200-n4,overload max-pending / sec,,V2,nan,nan,nan,10
auth50-owned-v4-qps200-n4,overload semaphore / sec,,V1,nan,nan,nan,10
auth50-owned-v4-qps200-n4,overload semaphore / sec,,V2,nan,nan,nan,10
auth50-owned-v4-qps200-n4,attest. exec p50 (s),,V1,nan,nan,nan,10
auth50-owned-v4-qps200-n4,attest. exec p50 (s),,V2,0.008604942530352606,0.00014569480161667409,1.72850733169987e-05,10
auth50-owned-v4-qps200-n4,attest. exec p95 (s),,V1,nan,nan,nan,10
auth50-owned-v4-qps200-n4,attest. exec p95 (s),,V2,0.022558889999234676,0.00019426514375815303,2.1941696490575106e-05,10
auth50-owned-v4-qps200-n4,attest. exec p99 (s),,V1,nan,nan,nan,10
auth50-owned-v4-qps200-n4,attest. exec p99 (s),,V2,0.02451272801127127,3.918272630000505e-05,4.178595654852868e-06,10
auth50-owned-v4-qps200-n4,attest. wait p50 (s),,V1,nan,nan,nan,10
auth50-owned-v4-qps200-n4,attest. wait p50 (s),,V2,0.0005074547563642755,4.507521969999789e-06,8.898594820657186e-07,10
auth50-owned-v4-qps200-n4,attest. wait p95 (s),,V1,nan,nan,nan,10
auth50-owned-v4-qps200-n4,attest. wait p95 (s),,V2,0.000967008642877967,4.8299609204187855e-05,3.764318617696635e-06,10
auth50-owned-v4-qps200-n4,attest. wait p99 (s),,V1,nan,nan,nan,10
auth50-owned-v4-qps200-n4,attest. wait p99 (s),,V2,0.0024411626481466936,0.0012120729091887618,0.00021335968589685154,10
auth50-owned-v4-qps200-n4,attest. resume p50 (s),,V1,nan,nan,nan,10
auth50-owned-v4-qps200-n4,attest. resume p50 (s),,V2,0.0005022846280116459,1.9854173541105193e-06,3.07734260734698e-07,10
auth50-owned-v4-qps200-n4,attest. resume p95 (s),,V1,nan,nan,nan,10
auth50-owned-v4-qps200-n4,attest. resume p95 (s),,V2,0.0009543407932221273,3.772292972809978e-06,5.846950953959072e-07,10
auth50-owned-v4-qps200-n4,attest. resume p99 (s),,V1,nan,nan,nan,10
auth50-owned-v4-qps200-n4,attest. resume p99 (s),,V2,0.001059774869039976,0.00028030614217577075,2.3945184035770932e-05,10
auth50-owned-v4-qps200-n4,num_inflight,,V1,56.2,8.23164625090267,2.7438820836342237,10
auth50-owned-v4-qps200-n4,num_inflight,,V2,45.9,7.2862884927787475,2.428762830926249,10
auth50-owned-v4-qps200-n4,CUs,,V1,nan,nan,nan,10
auth50-owned-v4-qps200-n4,CUs,,V2,1000.0,7.777778126060487e-14,0.0,10
auth50-owned-f1-qps1000-n4,TPS,,V1,253.81876370614037,86.95348104561467,18.99684617357224,10
auth50-owned-f1-qps1000-n4,TPS,,V2,932.185005949112,220.54941985204707,23.966265572644154,10
auth50-owned-f1-qps1000-n4,attest. full p50 (s),,V1,nan,nan,nan,10
auth50-owned-f1-qps1000-n4,attest. full p50 (s),,V2,0.006827951631434221,0.00048219327018200346,0.0001194274600629519,10
auth50-owned-f1-qps1000-n4,attest. full p95 (s),,V1,nan,nan,nan,10
auth50-owned-f1-qps1000-n4,attest. full p95 (s),,V2,0.020330046012443495,0.0022299989771580138,0.0005898925432249465,10
auth50-owned-f1-qps1000-n4,attest. full p99 (s),,V1,nan,nan,nan,10
auth50-owned-f1-qps1000-n4,attest. full p99 (s),,V2,0.028709158542827677,0.006314017360987078,0.001174222924970695,10
auth50-owned-f1-qps1000-n4,attest. / sec,,V1,0.0,0.0,0.0,10
auth50-owned-f1-qps1000-n4,attest. / sec,,V2,462.850069297351,102.35392113240327,11.484114486841992,10
auth50-owned-f1-qps1000-n4,host CPU,,V1,25.995415902187244,11.668755579896782,1.5906573971461742,10
auth50-owned-f1-qps1000-n4,host CPU,,V2,43.49738413281621,17.8740556897492,0.9728397040321244,10
auth50-owned-f1-qps1000-n4,rec. → exec. p50 (s),,V1,3.079894139742944,0.8029773660253847,0.11328022868574698,10
auth50-owned-f1-qps1000-n4,rec. → exec. p50 (s),,V2,0.25844991990667276,0.0721552776121985,0.011645872086058554,10
auth50-owned-f1-qps1000-n4,rec. → exec. p95 (s),,V1,3.677631721775894,0.8277032370316101,0.12137671687395882,10
auth50-owned-f1-qps1000-n4,rec. → exec. p95 (s),,V2,0.464841316152088,0.10043458064026807,0.0209283531989494,10
auth50-owned-f1-qps1000-n4,rec. → exec. p99 (s),,V1,3.7470826868340157,0.8277163345525569,0.12217534758394545,10
auth50-owned-f1-qps1000-n4,rec. → exec. p99 (s),,V2,0.5309197035322845,0.15846715274257273,0.02688176288806042,10
auth50-owned-f1-qps1000-n4,pc valid. lat. p50 (s),,V1,0.03707408269429043,0.02471423102736548,0.003336712819736701,10
auth50-owned-f1-qps1000-n4,pc valid. lat. p50 (s),,V2,0.0019153111300478102,0.0006023416917673935,0.00011032182492002248,10
auth50-owned-f1-qps1000-n4,pc valid. lat. p95 (s),,V1,0.18781430259296075,0.08174397718001598,0.011074774613317401,10
auth50-owned-f1-qps1000-n4,pc valid. lat. p95 (s),,V2,0.005762338720261018,0.0015046402111947637,0.00024549783051376525,10
auth50-owned-f1-qps1000-n4,exec. lat. p95 (s),,V1,0.02391744579512861,0.0044035910134925275,0.0006056026416187092,10
auth50-owned-f1-qps1000-n4,exec. lat. p95 (s),,V2,0.023555246845890575,0.0034358171612486944,0.00027988231349942717,10
auth50-owned-f1-qps1000-n4,valid. drop. / sec,,V1,0.0,0.0,0.0,10
auth50-owned-f1-qps1000-n4,valid. drop. / sec,,V2,0.0,0.0,0.0,10
auth50-owned-f1-qps1000-n4,final. lat. p50 (s),,V1,2.819687068121401,0.7547194644618641,0.10393836720017238,10
auth50-owned-f1-qps1000-n4,final. lat. p50 (s),,V2,0.2235899181917666,0.01545033810990533,0.0036033743071259314,10
auth50-owned-f1-qps1000-n4,final. lat. p95 (s),,V1,3.2129641177845953,0.6794691524526203,0.09841104152754897,10
auth50-owned-f1-qps1000-n4,final. lat. p95 (s),,V2,0.3815623937081391,0.06864860507922126,0.01781559417593129,10
auth50-owned-f1-qps1000-n4,final. lat. p99 (s),,V1,3.288119752107605,0.6916505299031347,0.10288917507819924,10
auth50-owned-f1-qps1000-n4,final. lat. p99 (s),,V2,0.4500000547498333,0.09717366561143156,0.02184299347792267,10
auth50-owned-f1-qps1000-n4,submit lat. p50 (s),,V1,0.016521561003479773,0.000625677130003777,9.21495928156442e-05,10
auth50-owned-f1-qps1000-n4,submit lat. p50 (s),,V2,0.015809957079894528,0.0011987017558459689,0.00023446109945679888,10
auth50-owned-f1-qps1000-n4,submit lat. p95 (s),,V1,0.027321148841537343,0.004099985451886365,0.000501764282179521,10
auth50-owned-f1-qps1000-n4,submit lat. p95 (s),,V2,0.04055053307601848,0.005415507719378991,0.0011808123249841375,10
auth50-owned-f1-qps1000-n4,ckpt lag p50 (s),,V1,3.4040808495432446,2.62810571926928,0.4825380936656682,10
auth50-owned-f1-qps1000-n4,ckpt lag p50 (s),,V2,0.18736956791356646,0.08928311894053886,0.008824928355033231,10
auth50-owned-f1-qps1000-n4,ckpt lag p95 (s),,V1,4.260067615147941,3.540001393406332,0.6444210759332722,10
auth50-owned-f1-qps1000-n4,ckpt lag p95 (s),,V2,0.4556666196431053,0.7244447337893966,0.09829266524092958,10
auth50-owned-f1-qps1000-n4,ckpt lag p99 (s),,V1,4.438599387348813,3.6657674779705944,0.6558161059305754,10
auth50-owned-f1-qps1000-n4,ckpt lag p99 (s),,V2,0.5475990301852451,0.8002157390317399,0.10643246876429097,10
auth50-owned-f1-qps1000-n4,exec. dispatch queue,,V1,125.5,175.4002565562548,58.46675218541826,10
auth50-owned-f1-qps1000-n4,exec. dispatch queue,,V2,275.5,81.58829572922822,27.1960985764094,10
auth50-owned-f1-qps1000-n4,pending txs,,V1,10.8,17.325126262166172,5.775042087388724,10
auth50-owned-f1-qps1000-n4,pending txs,,V2,5.6,1.3564659966250536,0.45215533220835114,10
auth50-owned-f1-qps1000-n4,exec. queue. delay p95 (s),,V1,0.023932597838731907,0.07930345283857758,0.01386156206284121,10
auth50-owned-f1-qps1000-n4,exec. queue. delay p95 (s),,V2,0.037223774156942085,0.01084930062725667,0.0022561481199547453,10
auth50-owned-f1-qps1000-n4,post-cons shed drops / sec,,V1,0.0,0.0,0.0,10
auth50-owned-f1-qps1000-n4,post-cons shed drops / sec,,V2,0.0,0.0,0.0,10
auth50-owned-f1-qps1000-n4,shed % quorum,,V1,0.0,0.0,0.0,10
auth50-owned-f1-qps1000-n4,shed % quorum,,V2,0.0,0.0,0.0,10
auth50-owned-f1-qps1000-n4,shed % local,,V1,0.0,0.0,0.0,10
auth50-owned-f1-qps1000-n4,shed % local,,V2,0.0,0.0,0.0,10
auth50-owned-f1-qps1000-n4,shed % cons-queue,,V1,0.0,0.0,0.0,10
auth50-owned-f1-qps1000-n4,shed % cons-queue,,V2,0.0,0.0,0.0,10
auth50-owned-f1-qps1000-n4,pre-cons overload rej / sec,,V1,nan,nan,nan,10
auth50-owned-f1-qps1000-n4,pre-cons overload rej / sec,,V2,nan,nan,nan,10
auth50-owned-f1-qps1000-n4,node CPU,,V1,5.965726529610366,1.9849703761299635,0.4110224637905509,10
auth50-owned-f1-qps1000-n4,node CPU,,V2,10.605718027223379,2.7868099890775886,0.21531269359468755,10
auth50-owned-f1-qps1000-n4,node memory RSS (bytes),,V1,624910622.3869919,121110860.93987176,9276431.316662148,10
auth50-owned-f1-qps1000-n4,node memory RSS (bytes),,V2,1007321439.2750809,326198305.65936357,4933538.789070239,10
auth50-owned-f1-qps1000-n4,overload graduated / sec,,V1,nan,nan,nan,10
auth50-owned-f1-qps1000-n4,overload graduated / sec,,V2,nan,nan,nan,10
auth50-owned-f1-qps1000-n4,overload max-pending / sec,,V1,nan,nan,nan,10
auth50-owned-f1-qps1000-n4,overload max-pending / sec,,V2,nan,nan,nan,10
auth50-owned-f1-qps1000-n4,overload semaphore / sec,,V1,nan,nan,nan,10
auth50-owned-f1-qps1000-n4,overload semaphore / sec,,V2,nan,nan,nan,10
auth50-owned-f1-qps1000-n4,attest. exec p50 (s),,V1,nan,nan,nan,10
auth50-owned-f1-qps1000-n4,attest. exec p50 (s),,V2,0.006436533708042487,0.0004657490845189418,0.00011420958602885088,10
auth50-owned-f1-qps1000-n4,attest. exec p95 (s),,V1,nan,nan,nan,10
auth50-owned-f1-qps1000-n4,attest. exec p95 (s),,V2,0.0167860673492991,0.0026056845247516437,0.0007087367334018037,10
auth50-owned-f1-qps1000-n4,attest. exec p99 (s),,V1,nan,nan,nan,10
auth50-owned-f1-qps1000-n4,attest. exec p99 (s),,V2,0.023359513560696602,0.0010817156503286113,0.00013965723935534908,10
auth50-owned-f1-qps1000-n4,attest. wait p50 (s),,V1,nan,nan,nan,10
auth50-owned-f1-qps1000-n4,attest. wait p50 (s),,V2,0.0005682224646743437,1.7468710340853442e-05,3.867780203554208e-06,10
auth50-owned-f1-qps1000-n4,attest. wait p95 (s),,V1,nan,nan,nan,10
auth50-owned-f1-qps1000-n4,attest. wait p95 (s),,V2,0.004623258795357265,0.0015568504828342466,0.0003440272232330691,10
auth50-owned-f1-qps1000-n4,attest. wait p99 (s),,V1,nan,nan,nan,10
auth50-owned-f1-qps1000-n4,attest. wait p99 (s),,V2,0.015783887724625346,0.007723291704168129,0.001835719955371175,10
auth50-owned-f1-qps1000-n4,attest. resume p50 (s),,V1,nan,nan,nan,10
auth50-owned-f1-qps1000-n4,attest. resume p50 (s),,V2,0.0005120610022091838,2.5944986190844675e-06,2.918545442618127e-07,10
auth50-owned-f1-qps1000-n4,attest. resume p95 (s),,V1,nan,nan,nan,10
auth50-owned-f1-qps1000-n4,attest. resume p95 (s),,V2,0.0009740695217475653,3.010009933095532e-05,1.2677579672143127e-06,10
auth50-owned-f1-qps1000-n4,attest. resume p99 (s),,V1,nan,nan,nan,10
auth50-owned-f1-qps1000-n4,attest. resume p99 (s),,V2,0.003256287439068727,0.00040305521477420665,4.207919316324657e-05,10
auth50-owned-f1-qps1000-n4,num_inflight,,V1,500.5,10.791200118615167,3.5970667062050556,10
auth50-owned-f1-qps1000-n4,num_inflight,,V2,200.3,31.20272424004032,10.40090808001344,10
auth50-owned-f1-qps1000-n4,CUs,,V1,nan,nan,nan,10
auth50-owned-f1-qps1000-n4,CUs,,V2,1000.0,6.379724805917428e-14,0.0,10
auth50-owned-v1-qps1000-n4,TPS,,V1,298.8132207504608,10.740560424581396,0.6506579600792046,10
auth50-owned-v1-qps1000-n4,TPS,,V2,1022.774150223815,19.965902034355825,1.5310018738944415,10
auth50-owned-v1-qps1000-n4,attest. full p50 (s),,V1,nan,nan,nan,10
auth50-owned-v1-qps1000-n4,attest. full p50 (s),,V2,0.007264382531832495,0.00033680654687756064,0.00010053633211819052,10
auth50-owned-v1-qps1000-n4,attest. full p95 (s),,V1,nan,nan,nan,10
auth50-owned-v1-qps1000-n4,attest. full p95 (s),,V2,0.02235764241134572,0.00200403238152119,0.0005196940198224265,10
auth50-owned-v1-qps1000-n4,attest. full p99 (s),,V1,nan,nan,nan,10
auth50-owned-v1-qps1000-n4,attest. full p99 (s),,V2,0.03337919353211283,0.00995692283821476,0.0025486338369011285,10
auth50-owned-v1-qps1000-n4,attest. / sec,,V1,0.0,0.0,0.0,10
auth50-owned-v1-qps1000-n4,attest. / sec,,V2,998.2663110342176,41.62308982620333,1.7208506100323024,10
auth50-owned-v1-qps1000-n4,host CPU,,V1,27.89681328449053,10.40119577080022,0.0830624968976346,10
auth50-owned-v1-qps1000-n4,host CPU,,V2,45.974753180708994,16.739943886107124,0.14739675265832,10
auth50-owned-v1-qps1000-n4,rec. → exec. p50 (s),,V1,4.244802707477289,0.6947404925662968,0.03371606760115651,10
auth50-owned-v1-qps1000-n4,rec. → exec. p50 (s),,V2,0.20719279326998744,0.021201635721263292,0.006000585018869074,10
auth50-owned-v1-qps1000-n4,rec. → exec. p95 (s),,V1,5.027637162937068,0.7280718383057689,0.04860314436379994,10
auth50-owned-v1-qps1000-n4,rec. → exec. p95 (s),,V2,0.42977965638640625,0.06697534239162836,0.020129903207077495,10
auth50-owned-v1-qps1000-n4,rec. → exec. p99 (s),,V1,5.228138591328533,0.7307671319295949,0.04379201629305682,10
auth50-owned-v1-qps1000-n4,rec. → exec. p99 (s),,V2,0.4904589857631242,0.10687772923495187,0.023762725808860425,10
auth50-owned-v1-qps1000-n4,pc valid. lat. p50 (s),,V1,0.04430900220835365,0.028408545413350833,0.002006975624622432,10
auth50-owned-v1-qps1000-n4,pc valid. lat. p50 (s),,V2,0.0020957874029946984,0.0003031774887650391,8.697773722690148e-05,10
auth50-owned-v1-qps1000-n4,pc valid. lat. p95 (s),,V1,0.21017692487512366,0.09039187542976759,0.008689627215845843,10
auth50-owned-v1-qps1000-n4,pc valid. lat. p95 (s),,V2,0.0064922963239344034,0.0013283551614878054,0.0003765678367831898,10
auth50-owned-v1-qps1000-n4,exec. lat. p95 (s),,V1,0.024604280006770184,0.0016704767322395845,6.346451349540082e-05,10
auth50-owned-v1-qps1000-n4,exec. lat. p95 (s),,V2,0.024274084970710815,0.0010189935097292917,5.21653048357557e-05,10
auth50-owned-v1-qps1000-n4,valid. drop. / sec,,V1,0.0,0.0,0.0,10
auth50-owned-v1-qps1000-n4,valid. drop. / sec,,V2,0.0,0.0,0.0,10
auth50-owned-v1-qps1000-n4,final. lat. p50 (s),,V1,nan,nan,nan,10
auth50-owned-v1-qps1000-n4,final. lat. p50 (s),,V2,nan,nan,nan,10
auth50-owned-v1-qps1000-n4,final. lat. p95 (s),,V1,nan,nan,nan,10
auth50-owned-v1-qps1000-n4,final. lat. p95 (s),,V2,nan,nan,nan,10
auth50-owned-v1-qps1000-n4,final. lat. p99 (s),,V1,nan,nan,nan,10
auth50-owned-v1-qps1000-n4,final. lat. p99 (s),,V2,nan,nan,nan,10
auth50-owned-v1-qps1000-n4,submit lat. p50 (s),,V1,nan,nan,nan,10
auth50-owned-v1-qps1000-n4,submit lat. p50 (s),,V2,nan,nan,nan,10
auth50-owned-v1-qps1000-n4,submit lat. p95 (s),,V1,nan,nan,nan,10
auth50-owned-v1-qps1000-n4,submit lat. p95 (s),,V2,nan,nan,nan,10
auth50-owned-v1-qps1000-n4,ckpt lag p50 (s),,V1,2.503926173905788,0.5623302239613843,0.03353554290055217,10
auth50-owned-v1-qps1000-n4,ckpt lag p50 (s),,V2,0.17974750256809388,0.004369027961869823,0.0005699139978304049,10
auth50-owned-v1-qps1000-n4,ckpt lag p95 (s),,V1,3.6045059649683346,0.3024209338407533,0.014418979367723498,10
auth50-owned-v1-qps1000-n4,ckpt lag p95 (s),,V2,0.29263722634864403,0.06364275312684368,0.017378738675609677,10
auth50-owned-v1-qps1000-n4,ckpt lag p99 (s),,V1,3.7689917145380494,0.3176449448036266,0.01643546836885607,10
auth50-owned-v1-qps1000-n4,ckpt lag p99 (s),,V2,0.35029227607691943,0.09766699504222745,0.02457386045778879,10
auth50-owned-v1-qps1000-n4,exec. dispatch queue,,V1,83.8,60.73022311831235,20.243407706104115,10
auth50-owned-v1-qps1000-n4,exec. dispatch queue,,V2,260.9,79.81409649930268,26.604698833100887,10
auth50-owned-v1-qps1000-n4,pending txs,,V1,3.5,1.5652475842498528,0.5217491947499509,10
auth50-owned-v1-qps1000-n4,pending txs,,V2,5.3,2.2825424421026654,0.7608474807008885,10
auth50-owned-v1-qps1000-n4,exec. queue. delay p95 (s),,V1,0.013702706361657095,0.03509913927111507,0.005221102094147568,10
auth50-owned-v1-qps1000-n4,exec. queue. delay p95 (s),,V2,0.03737543550649172,0.014357104283587644,0.003770486367543525,10
auth50-owned-v1-qps1000-n4,post-cons shed drops / sec,,V1,0.0,0.0,0.0,10
auth50-owned-v1-qps1000-n4,post-cons shed drops / sec,,V2,0.0,0.0,0.0,10
auth50-owned-v1-qps1000-n4,shed % quorum,,V1,0.0,0.0,0.0,10
auth50-owned-v1-qps1000-n4,shed % quorum,,V2,0.0,0.0,0.0,10
auth50-owned-v1-qps1000-n4,shed % local,,V1,0.0,0.0,0.0,10
auth50-owned-v1-qps1000-n4,shed % local,,V2,0.0,0.0,0.0,10
auth50-owned-v1-qps1000-n4,shed % cons-queue,,V1,0.0,0.0,0.0,10
auth50-owned-v1-qps1000-n4,shed % cons-queue,,V2,0.0,0.0,0.0,10
auth50-owned-v1-qps1000-n4,pre-cons overload rej / sec,,V1,nan,nan,nan,10
auth50-owned-v1-qps1000-n4,pre-cons overload rej / sec,,V2,nan,nan,nan,10
auth50-owned-v1-qps1000-n4,node CPU,,V1,8.387899446256952,1.242294605312687,0.06109805823686697,10
auth50-owned-v1-qps1000-n4,node CPU,,V2,15.242189213603229,2.163900003058569,0.1269710202003488,10
auth50-owned-v1-qps1000-n4,node memory RSS (bytes),,V1,682589843.1462185,111716543.06240788,2273856.2600532896,10
auth50-owned-v1-qps1000-n4,node memory RSS (bytes),,V2,1087802337.1772575,325539341.402628,5465503.88009979,10
auth50-owned-v1-qps1000-n4,overload graduated / sec,,V1,nan,nan,nan,10
auth50-owned-v1-qps1000-n4,overload graduated / sec,,V2,nan,nan,nan,10
auth50-owned-v1-qps1000-n4,overload max-pending / sec,,V1,nan,nan,nan,10
auth50-owned-v1-qps1000-n4,overload max-pending / sec,,V2,nan,nan,nan,10
auth50-owned-v1-qps1000-n4,overload semaphore / sec,,V1,nan,nan,nan,10
auth50-owned-v1-qps1000-n4,overload semaphore / sec,,V2,nan,nan,nan,10
auth50-owned-v1-qps1000-n4,attest. exec p50 (s),,V1,nan,nan,nan,10
auth50-owned-v1-qps1000-n4,attest. exec p50 (s),,V2,0.006749625530336079,0.00024716816188281285,7.269688741204756e-05,10
auth50-owned-v1-qps1000-n4,attest. exec p95 (s),,V1,nan,nan,nan,10
auth50-owned-v1-qps1000-n4,attest. exec p95 (s),,V2,0.018484546518381294,0.001395631323520806,0.0004185878011118889,10
auth50-owned-v1-qps1000-n4,attest. exec p99 (s),,V1,nan,nan,nan,10
auth50-owned-v1-qps1000-n4,attest. exec p99 (s),,V2,0.02376530945313556,0.00033277260306272146,9.563867087577921e-05,10
auth50-owned-v1-qps1000-n4,attest. wait p50 (s),,V1,nan,nan,nan,10
auth50-owned-v1-qps1000-n4,attest. wait p50 (s),,V2,0.0006022036535546109,1.7545503379199437e-05,4.788367720178003e-06,10
auth50-owned-v1-qps1000-n4,attest. wait p95 (s),,V1,nan,nan,nan,10
auth50-owned-v1-qps1000-n4,attest. wait p95 (s),,V2,0.0075645110071834295,0.003996840995314933,0.001085368883050716,10
auth50-owned-v1-qps1000-n4,attest. wait p99 (s),,V1,nan,nan,nan,10
auth50-owned-v1-qps1000-n4,attest. wait p99 (s),,V2,0.022497037455888002,0.011045270712007896,0.0029554285131215313,10
auth50-owned-v1-qps1000-n4,attest. resume p50 (s),,V1,nan,nan,nan,10
auth50-owned-v1-qps1000-n4,attest. resume p50 (s),,V2,0.0005126612970783919,2.127962561673607e-06,2.528705149826963e-07,10
auth50-owned-v1-qps1000-n4,attest. resume p95 (s),,V1,nan,nan,nan,10
auth50-owned-v1-qps1000-n4,attest. resume p95 (s),,V2,0.0009740564644489447,4.043128867179857e-06,4.804539784671336e-07,10
auth50-owned-v1-qps1000-n4,attest. resume p99 (s),,V1,nan,nan,nan,10
auth50-owned-v1-qps1000-n4,attest. resume p99 (s),,V2,0.0033631561230451656,0.0003203790204818861,4.1674983351209225e-05,10
auth50-owned-v1-qps1000-n4,num_inflight,,V1,995.4,11.056219968868204,3.685406656289401,10
auth50-owned-v1-qps1000-n4,num_inflight,,V2,356.5,75.51854076980037,25.172846923266786,10
auth50-owned-v1-qps1000-n4,CUs,,V1,nan,nan,nan,10
auth50-owned-v1-qps1000-n4,CUs,,V2,1000.0,6.308938129581803e-14,0.0,10
auth50-owned-v4-qps1000-n4,TPS,,V1,295.8645082536983,66.26557558388542,1.971419234855142,10
auth50-owned-v4-qps1000-n4,TPS,,V2,1018.7828165138856,125.94266216576217,4.424541861438502,10
auth50-owned-v4-qps1000-n4,attest. full p50 (s),,V1,nan,nan,nan,10
auth50-owned-v4-qps1000-n4,attest. full p50 (s),,V2,0.007106283951258521,0.00024895553117348755,7.091491713329358e-05,10
auth50-owned-v4-qps1000-n4,attest. full p95 (s),,V1,nan,nan,nan,10
auth50-owned-v4-qps1000-n4,attest. full p95 (s),,V2,0.02136756992941977,0.0012822812817544205,0.00029790878577429025,10
auth50-owned-v4-qps1000-n4,attest. full p99 (s),,V1,nan,nan,nan,10
auth50-owned-v4-qps1000-n4,attest. full p99 (s),,V2,0.028339514397443002,0.00570664994214256,0.0008168679847408031,10
auth50-owned-v4-qps1000-n4,attest. / sec,,V1,0.0,0.0,0.0,10
auth50-owned-v4-qps1000-n4,attest. / sec,,V2,501.5784044509343,31.24267550980769,1.0855026421444696,10
auth50-owned-v4-qps1000-n4,host CPU,,V1,27.687190385996036,9.973497585340354,0.15867684511823646,10
auth50-owned-v4-qps1000-n4,host CPU,,V2,45.82347319624381,16.196760934932215,0.11615385663911255,10
auth50-owned-v4-qps1000-n4,rec. → exec. p50 (s),,V1,3.467112491683608,0.21191478962528454,0.009078248896503155,10
auth50-owned-v4-qps1000-n4,rec. → exec. p50 (s),,V2,0.21772541297155454,0.0253775700484037,0.005293715640941159,10
auth50-owned-v4-qps1000-n4,rec. → exec. p95 (s),,V1,3.9726604392803138,0.30782605869352747,0.04413085879531826,10
auth50-owned-v4-qps1000-n4,rec. → exec. p95 (s),,V2,0.44889605291732354,0.062069794703199656,0.01784380686994572,10
auth50-owned-v4-qps1000-n4,rec. → exec. p99 (s),,V1,4.073026340627216,0.4264779842950173,0.06191793196105404,10
auth50-owned-v4-qps1000-n4,rec. → exec. p99 (s),,V2,0.5137006344905605,0.12238938840575819,0.026784622278878862,10
auth50-owned-v4-qps1000-n4,pc valid. lat. p50 (s),,V1,0.04003013395647135,0.027506158257461524,0.001259538132892444,10
auth50-owned-v4-qps1000-n4,pc valid. lat. p50 (s),,V2,0.002164952161833555,0.00020791322242151065,3.761166483814286e-05,10
auth50-owned-v4-qps1000-n4,pc valid. lat. p95 (s),,V1,0.22762732088152235,0.0751842080190108,0.0037570772986655035,10
auth50-owned-v4-qps1000-n4,pc valid. lat. p95 (s),,V2,0.006025531639439175,0.0010191721410833913,0.00018505332259818863,10
auth50-owned-v4-qps1000-n4,exec. lat. p95 (s),,V1,0.0245471819935086,0.001303822364929749,9.189487789231663e-05,10
auth50-owned-v4-qps1000-n4,exec. lat. p95 (s),,V2,0.02464620339275592,0.0015186802451674967,0.0001235508493358751,10
auth50-owned-v4-qps1000-n4,valid. drop. / sec,,V1,0.0,0.0,0.0,10
auth50-owned-v4-qps1000-n4,valid. drop. / sec,,V2,0.0,0.0,0.0,10
auth50-owned-v4-qps1000-n4,final. lat. p50 (s),,V1,nan,nan,nan,10
auth50-owned-v4-qps1000-n4,final. lat. p50 (s),,V2,nan,nan,nan,10
auth50-owned-v4-qps1000-n4,final. lat. p95 (s),,V1,nan,nan,nan,10
auth50-owned-v4-qps1000-n4,final. lat. p95 (s),,V2,nan,nan,nan,10
auth50-owned-v4-qps1000-n4,final. lat. p99 (s),,V1,nan,nan,nan,10
auth50-owned-v4-qps1000-n4,final. lat. p99 (s),,V2,nan,nan,nan,10
auth50-owned-v4-qps1000-n4,submit lat. p50 (s),,V1,nan,nan,nan,10
auth50-owned-v4-qps1000-n4,submit lat. p50 (s),,V2,nan,nan,nan,10
auth50-owned-v4-qps1000-n4,submit lat. p95 (s),,V1,nan,nan,nan,10
auth50-owned-v4-qps1000-n4,submit lat. p95 (s),,V2,nan,nan,nan,10
auth50-owned-v4-qps1000-n4,ckpt lag p50 (s),,V1,3.731542864240717,1.43820942895447,0.21030897892198072,10
auth50-owned-v4-qps1000-n4,ckpt lag p50 (s),,V2,0.24435963447972778,0.5174633271767325,0.06431653427214583,10
auth50-owned-v4-qps1000-n4,ckpt lag p95 (s),,V1,4.558972632072715,2.6844197323649306,0.44443774408730785,10
auth50-owned-v4-qps1000-n4,ckpt lag p95 (s),,V2,0.6040395540008671,1.3923542693171418,0.1948340616738741,10
auth50-owned-v4-qps1000-n4,ckpt lag p99 (s),,V1,4.706299542164069,2.9634731055637005,0.4945738623348474,10
auth50-owned-v4-qps1000-n4,ckpt lag p99 (s),,V2,0.7599376213716622,1.8793809868041678,0.26199142619247606,10
auth50-owned-v4-qps1000-n4,exec. dispatch queue,,V1,176.7,192.59286071918655,64.19762023972885,10
auth50-owned-v4-qps1000-n4,exec. dispatch queue,,V2,273.9,84.07550178262393,28.025167260874642,10
auth50-owned-v4-qps1000-n4,pending txs,,V1,10.5,13.380956617521784,4.460318872507261,10
auth50-owned-v4-qps1000-n4,pending txs,,V2,6.5,2.7658633371878665,0.9219544457292888,10
auth50-owned-v4-qps1000-n4,exec. queue. delay p95 (s),,V1,0.0350790241947547,0.14697961806058774,0.024954663221133773,10
auth50-owned-v4-qps1000-n4,exec. queue. delay p95 (s),,V2,0.04206647065616514,0.01474018717141301,0.003102654288800563,10
auth50-owned-v4-qps1000-n4,post-cons shed drops / sec,,V1,0.0,0.0,0.0,10
auth50-owned-v4-qps1000-n4,post-cons shed drops / sec,,V2,0.0,0.0,0.0,10
auth50-owned-v4-qps1000-n4,shed % quorum,,V1,0.0,0.0,0.0,10
auth50-owned-v4-qps1000-n4,shed % quorum,,V2,0.0,0.0,0.0,10
auth50-owned-v4-qps1000-n4,shed % local,,V1,0.0,0.0,0.0,10
auth50-owned-v4-qps1000-n4,shed % local,,V2,0.0,0.0,0.0,10
auth50-owned-v4-qps1000-n4,shed % cons-queue,,V1,0.0,0.0,0.0,10
auth50-owned-v4-qps1000-n4,shed % cons-queue,,V2,0.0,0.0,0.0,10
auth50-owned-v4-qps1000-n4,pre-cons overload rej / sec,,V1,nan,nan,nan,10
auth50-owned-v4-qps1000-n4,pre-cons overload rej / sec,,V2,nan,nan,nan,10
auth50-owned-v4-qps1000-n4,node CPU,,V1,7.034294254806292,0.9282221294533074,0.07269466147373031,10
auth50-owned-v4-qps1000-n4,node CPU,,V2,12.025391033103523,1.498634572530436,0.07303592465483923,10
auth50-owned-v4-qps1000-n4,node memory RSS (bytes),,V1,661815706.2838063,115184617.70701163,3354430.5366096455,10
auth50-owned-v4-qps1000-n4,node memory RSS (bytes),,V2,1055895015.0453782,326292170.9070182,6661622.129955807,10
auth50-owned-v4-qps1000-n4,overload graduated / sec,,V1,nan,nan,nan,10
auth50-owned-v4-qps1000-n4,overload graduated / sec,,V2,nan,nan,nan,10
auth50-owned-v4-qps1000-n4,overload max-pending / sec,,V1,nan,nan,nan,10
auth50-owned-v4-qps1000-n4,overload max-pending / sec,,V2,nan,nan,nan,10
auth50-owned-v4-qps1000-n4,overload semaphore / sec,,V1,nan,nan,nan,10
auth50-owned-v4-qps1000-n4,overload semaphore / sec,,V2,nan,nan,nan,10
auth50-owned-v4-qps1000-n4,attest. exec p50 (s),,V1,nan,nan,nan,10
auth50-owned-v4-qps1000-n4,attest. exec p50 (s),,V2,0.006645752050993336,0.00023437451569565458,6.686478592283789e-05,10
auth50-owned-v4-qps1000-n4,attest. exec p95 (s),,V1,nan,nan,nan,10
auth50-owned-v4-qps1000-n4,attest. exec p95 (s),,V2,0.018233806750345735,0.0010478328520097538,0.0002925083300579737,10
auth50-owned-v4-qps1000-n4,attest. exec p99 (s),,V1,nan,nan,nan,10
auth50-owned-v4-qps1000-n4,attest. exec p99 (s),,V2,0.023695270877637325,0.00024354771497988976,6.585755907201492e-05,10
auth50-owned-v4-qps1000-n4,attest. wait p50 (s),,V1,nan,nan,nan,10
auth50-owned-v4-qps1000-n4,attest. wait p50 (s),,V2,0.0005852460222729513,1.2041884487442008e-05,2.7707820779908777e-06,10
auth50-owned-v4-qps1000-n4,attest. wait p95 (s),,V1,nan,nan,nan,10
auth50-owned-v4-qps1000-n4,attest. wait p95 (s),,V2,0.00517855524669357,0.0016742958407515835,0.00024541746077316447,10
auth50-owned-v4-qps1000-n4,attest. wait p99 (s),,V1,nan,nan,nan,10
auth50-owned-v4-qps1000-n4,attest. wait p99 (s),,V2,0.01750999791651559,0.0057899049789362856,0.0012362503049277757,10
auth50-owned-v4-qps1000-n4,attest. resume p50 (s),,V1,nan,nan,nan,10
auth50-owned-v4-qps1000-n4,attest. resume p50 (s),,V2,0.0005133350890520976,1.7812478835180188e-06,1.960045728431444e-07,10
auth50-owned-v4-qps1000-n4,attest. resume p95 (s),,V1,nan,nan,nan,10
auth50-owned-v4-qps1000-n4,attest. resume p95 (s),,V2,0.0009753366691989851,3.38437097868424e-06,3.724086884019665e-07,10
auth50-owned-v4-qps1000-n4,attest. resume p99 (s),,V1,nan,nan,nan,10
auth50-owned-v4-qps1000-n4,attest. resume p99 (s),,V2,0.0034443452783858163,0.0002533473632709187,2.5505216727451324e-05,10
auth50-owned-v4-qps1000-n4,num_inflight,,V1,965.5,37.016888037759195,12.338962679253065,10
auth50-owned-v4-qps1000-n4,num_inflight,,V2,212.8,18.36736235827017,6.122454119423391,10
auth50-owned-v4-qps1000-n4,CUs,,V1,nan,nan,nan,10
auth50-owned-v4-qps1000-n4,CUs,,V2,1000.0,5.916838263030272e-14,0.0,10
auth50-owned-f1-qps2000-n4,TPS,,V1,248.49492564873918,96.98126203687515,6.125507521308438,10
auth50-owned-f1-qps2000-n4,TPS,,V2,1460.373766350676,559.4525024446027,48.30285513583629,10
auth50-owned-f1-qps2000-n4,attest. full p50 (s),,V1,nan,nan,nan,10
auth50-owned-f1-qps2000-n4,attest. full p50 (s),,V2,0.011641597566682017,0.002942283366257722,0.0004216827792473779,10
auth50-owned-f1-qps2000-n4,attest. full p95 (s),,V1,nan,nan,nan,10
auth50-owned-f1-qps2000-n4,attest. full p95 (s),,V2,0.06471567173229302,0.01974372440583779,0.0018320555157288678,10
auth50-owned-f1-qps2000-n4,attest. full p99 (s),,V1,nan,nan,nan,10
auth50-owned-f1-qps2000-n4,attest. full p99 (s),,V2,0.1137447416932387,0.03732847934275234,0.004309557208725984,10
auth50-owned-f1-qps2000-n4,attest. / sec,,V1,0.0,0.0,0.0,10
auth50-owned-f1-qps2000-n4,attest. / sec,,V2,731.675944909857,279.21287774715864,25.05409669094732,10
auth50-owned-f1-qps2000-n4,host CPU,,V1,24.973774564605158,11.741316133173653,0.5479038475571936,10
auth50-owned-f1-qps2000-n4,host CPU,,V2,62.94188676698033,31.52678894763876,1.7386684049311545,10
auth50-owned-f1-qps2000-n4,rec. → exec. p50 (s),,V1,5.448856710131168,2.0866168678111605,0.13626759933705523,10
auth50-owned-f1-qps2000-n4,rec. → exec. p50 (s),,V2,0.3451539956047595,0.0643598365631438,0.011450025487629353,10
auth50-owned-f1-qps2000-n4,rec. → exec. p95 (s),,V1,6.393372657960749,2.21336549159645,0.11213424100809126,10
auth50-owned-f1-qps2000-n4,rec. → exec. p95 (s),,V2,0.6765436022593891,0.2099248522631107,0.051117802732703645,10
auth50-owned-f1-qps2000-n4,rec. → exec. p99 (s),,V1,6.5985916854326705,2.2599929038397235,0.10336625712689519,10
auth50-owned-f1-qps2000-n4,rec. → exec. p99 (s),,V2,0.8106683077991237,0.25786715577940106,0.05487293743156503,10
auth50-owned-f1-qps2000-n4,pc valid. lat. p50 (s),,V1,0.017446294289331973,0.01733645284758689,0.0021740957958881722,10
auth50-owned-f1-qps2000-n4,pc valid. lat. p50 (s),,V2,0.002349050704159732,0.0010610293704214587,0.00011870848103146629,10
auth50-owned-f1-qps2000-n4,pc valid. lat. p95 (s),,V1,0.23369281413685275,0.13283291240940132,0.006169839385427423,10
auth50-owned-f1-qps2000-n4,pc valid. lat. p95 (s),,V2,0.012318561112282404,0.005015505194985378,0.0005459203302596616,10
auth50-owned-f1-qps2000-n4,exec. lat. p95 (s),,V1,0.02344075915916592,0.005504307043608205,0.00014120476380747045,10
auth50-owned-f1-qps2000-n4,exec. lat. p95 (s),,V2,0.049132442637165256,0.014959616908823614,0.0006196849554132403,10
auth50-owned-f1-qps2000-n4,valid. drop. / sec,,V1,0.0,0.0,0.0,10
auth50-owned-f1-qps2000-n4,valid. drop. / sec,,V2,0.0,0.0,0.0,10
auth50-owned-f1-qps2000-n4,final. lat. p50 (s),,V1,4.994715958720979,2.031277045047474,0.15320432226037345,10
auth50-owned-f1-qps2000-n4,final. lat. p50 (s),,V2,0.36680824507190707,0.06605208276216593,0.011095830043695173,10
auth50-owned-f1-qps2000-n4,final. lat. p95 (s),,V1,6.018557465861395,2.087426690551566,0.09105711899520941,10
auth50-owned-f1-qps2000-n4,final. lat. p95 (s),,V2,0.5957169049633048,0.12915914750391594,0.0223645790413926,10
auth50-owned-f1-qps2000-n4,final. lat. p99 (s),,V1,6.245904883864169,2.1645290268267012,0.0990077704532012,10
auth50-owned-f1-qps2000-n4,final. lat. p99 (s),,V2,0.7062916230542771,0.1651125403725403,0.024875144083338796,10
auth50-owned-f1-qps2000-n4,submit lat. p50 (s),,V1,0.014100668362368243,0.0028096922629263603,0.00011154779014623392,10
auth50-owned-f1-qps2000-n4,submit lat. p50 (s),,V2,0.042657354466348316,0.015053196482520974,0.0022538436527635296,10
auth50-owned-f1-qps2000-n4,submit lat. p95 (s),,V1,0.02365489651282704,0.004608039897665816,0.00021960347984750436,10
auth50-owned-f1-qps2000-n4,submit lat. p95 (s),,V2,0.17371472914180497,0.05522633645649872,0.0038631637061670708,10
auth50-owned-f1-qps2000-n4,ckpt lag p50 (s),,V1,5.020974818370516,2.5288121971149673,0.0873498061777665,10
auth50-owned-f1-qps2000-n4,ckpt lag p50 (s),,V2,0.3615974750882831,0.8614446452154264,0.11852907749328398,10
auth50-owned-f1-qps2000-n4,ckpt lag p95 (s),,V1,7.283966974286888,3.9829077576033507,0.36408108085871627,10
auth50-owned-f1-qps2000-n4,ckpt lag p95 (s),,V2,0.8546315806657324,1.9033275194053056,0.26818202194498003,10
auth50-owned-f1-qps2000-n4,ckpt lag p99 (s),,V1,8.076604074045173,4.456454401088691,0.4362920775245982,10
auth50-owned-f1-qps2000-n4,ckpt lag p99 (s),,V2,1.0478013505317723,2.0607184481972003,0.2941185009682976,10
auth50-owned-f1-qps2000-n4,exec. dispatch queue,,V1,188.2,97.86500906861451,32.621669689538166,10
auth50-owned-f1-qps2000-n4,exec. dispatch queue,,V2,1032.8,177.62421006157916,59.208070020526385,10
auth50-owned-f1-qps2000-n4,pending txs,,V1,8.2,5.095095681142799,1.6983652270475997,10
auth50-owned-f1-qps2000-n4,pending txs,,V2,15.3,2.794637722496424,0.931545907498808,10
auth50-owned-f1-qps2000-n4,exec. queue. delay p95 (s),,V1,0.033737562311039825,0.038743040290783244,0.006259976655796813,10
auth50-owned-f1-qps2000-n4,exec. queue. delay p95 (s),,V2,0.2305222355096995,0.03318281872087114,0.0018140068633383723,10
auth50-owned-f1-qps2000-n4,post-cons shed drops / sec,,V1,0.0,0.0,0.0,10
auth50-owned-f1-qps2000-n4,post-cons shed drops / sec,,V2,0.0,0.0,0.0,10
auth50-owned-f1-qps2000-n4,shed % quorum,,V1,0.0,0.0,0.0,10
auth50-owned-f1-qps2000-n4,shed % quorum,,V2,0.0,0.0,0.0,10
auth50-owned-f1-qps2000-n4,shed % local,,V1,0.0,0.0,0.0,10
auth50-owned-f1-qps2000-n4,shed % local,,V2,0.0,0.0,0.0,10
auth50-owned-f1-qps2000-n4,shed % cons-queue,,V1,0.0,0.0,0.0,10
auth50-owned-f1-qps2000-n4,shed % cons-queue,,V2,0.0,0.0,0.0,10
auth50-owned-f1-qps2000-n4,pre-cons overload rej / sec,,V1,nan,nan,nan,10
auth50-owned-f1-qps2000-n4,pre-cons overload rej / sec,,V2,nan,nan,nan,10
auth50-owned-f1-qps2000-n4,node CPU,,V1,5.8279638517720835,2.061156492652935,0.14536107426725678,10
auth50-owned-f1-qps2000-n4,node CPU,,V2,16.4842269128023,6.614365315438332,0.520087988035635,10
auth50-owned-f1-qps2000-n4,node memory RSS (bytes),,V1,660561756.6625767,154888458.81184193,3575669.0322419037,10
auth50-owned-f1-qps2000-n4,node memory RSS (bytes),,V2,1440775624.6697109,618809071.7748119,12957412.36803871,10
auth50-owned-f1-qps2000-n4,overload graduated / sec,,V1,nan,nan,nan,10
auth50-owned-f1-qps2000-n4,overload graduated / sec,,V2,nan,nan,nan,10
auth50-owned-f1-qps2000-n4,overload max-pending / sec,,V1,nan,nan,nan,10
auth50-owned-f1-qps2000-n4,overload max-pending / sec,,V2,nan,nan,nan,10
auth50-owned-f1-qps2000-n4,overload semaphore / sec,,V1,nan,nan,nan,10
auth50-owned-f1-qps2000-n4,overload semaphore / sec,,V2,nan,nan,nan,10
auth50-owned-f1-qps2000-n4,attest. exec p50 (s),,V1,nan,nan,nan,10
auth50-owned-f1-qps2000-n4,attest. exec p50 (s),,V2,0.007521988321417207,0.00115985629676935,5.5010077298076275e-05,10
auth50-owned-f1-qps2000-n4,attest. exec p95 (s),,V1,nan,nan,nan,10
auth50-owned-f1-qps2000-n4,attest. exec p95 (s),,V2,0.020950651995275883,0.004149022467847732,0.0001611258138783411,10
auth50-owned-f1-qps2000-n4,attest. exec p99 (s),,V1,nan,nan,nan,10
auth50-owned-f1-qps2000-n4,attest. exec p99 (s),,V2,0.03142388277666925,0.018048792299336144,0.0018082048741405615,10
auth50-owned-f1-qps2000-n4,attest. wait p50 (s),,V1,nan,nan,nan,10
auth50-owned-f1-qps2000-n4,attest. wait p50 (s),,V2,0.001633186793895499,0.0009266766729617798,0.00021614702846824109,10
auth50-owned-f1-qps2000-n4,attest. wait p95 (s),,V1,nan,nan,nan,10
auth50-owned-f1-qps2000-n4,attest. wait p95 (s),,V2,0.05361384240525964,0.018681329526804777,0.001787750595933705,10
auth50-owned-f1-qps2000-n4,attest. wait p99 (s),,V1,nan,nan,nan,10
auth50-owned-f1-qps2000-n4,attest. wait p99 (s),,V2,0.10165986411241187,0.03602817454664874,0.004302297057403439,10
auth50-owned-f1-qps2000-n4,attest. resume p50 (s),,V1,nan,nan,nan,10
auth50-owned-f1-qps2000-n4,attest. resume p50 (s),,V2,0.000545667500180236,1.5683758227324343e-05,6.673304898667898e-07,10
auth50-owned-f1-qps2000-n4,attest. resume p95 (s),,V1,nan,nan,nan,10
auth50-owned-f1-qps2000-n4,attest. resume p95 (s),,V2,0.002796827777051111,0.0007843442844072913,3.9783031662611736e-05,10
auth50-owned-f1-qps2000-n4,attest. resume p99 (s),,V1,nan,nan,nan,10
auth50-owned-f1-qps2000-n4,attest. resume p99 (s),,V2,0.006407956621390028,0.0035731999832495074,0.0004087553321579425,10
auth50-owned-f1-qps2000-n4,num_inflight,,V1,1017.5,40.68967928111501,13.563226427038336,10
auth50-owned-f1-qps2000-n4,num_inflight,,V2,595.1,87.94253805752936,29.314179352509786,10
auth50-owned-f1-qps2000-n4,CUs,,V1,nan,nan,nan,10
auth50-owned-f1-qps2000-n4,CUs,,V2,1000.0,6.978040181859638e-14,0.0,10
auth50-owned-v1-qps2000-n4,TPS,,V1,287.7374089789932,61.22045475460185,1.092820647844784,10
auth50-owned-v1-qps2000-n4,TPS,,V2,1834.7079115020529,412.3036728688015,15.292014743022076,10
auth50-owned-v1-qps2000-n4,attest. full p50 (s),,V1,nan,nan,nan,10
auth50-owned-v1-qps2000-n4,attest. full p50 (s),,V2,0.027060804643825206,0.004426071207406072,0.0004568657780269663,10
auth50-owned-v1-qps2000-n4,attest. full p95 (s),,V1,nan,nan,nan,10
auth50-owned-v1-qps2000-n4,attest. full p95 (s),,V2,0.1577118750772731,0.03924097083883632,0.002920730234027776,10
auth50-owned-v1-qps2000-n4,attest. full p99 (s),,V1,nan,nan,nan,10
auth50-owned-v1-qps2000-n4,attest. full p99 (s),,V2,0.25328581391265415,0.07239752325802058,0.005613703210117724,10
auth50-owned-v1-qps2000-n4,attest. / sec,,V1,0.0,0.0,0.0,10
auth50-owned-v1-qps2000-n4,attest. / sec,,V2,2645.232522685076,392.975036284968,26.03994705372869,10
auth50-owned-v1-qps2000-n4,host CPU,,V1,27.43350140639418,10.024922502176972,0.16829528979381564,10
auth50-owned-v1-qps2000-n4,host CPU,,V2,80.07295775559628,28.472466583390712,0.3188578381864456,10
auth50-owned-v1-qps2000-n4,rec. → exec. p50 (s),,V1,7.186131124919817,2.0378999347745217,0.04145676607814221,10
auth50-owned-v1-qps2000-n4,rec. → exec. p50 (s),,V2,0.7929918585291605,0.1391632421367902,0.011879513835905287,10
auth50-owned-v1-qps2000-n4,rec. → exec. p95 (s),,V1,8.28288320144186,2.018498117089836,0.11677322761259572,10
auth50-owned-v1-qps2000-n4,rec. → exec. p95 (s),,V2,1.650454269487764,0.33159012244718594,0.025381158975788073,10
auth50-owned-v1-qps2000-n4,rec. → exec. p99 (s),,V1,8.569981396140953,2.2967810768881156,0.1956483248143026,10
auth50-owned-v1-qps2000-n4,rec. → exec. p99 (s),,V2,1.8781167023367076,0.31663437976875325,0.02065888639289573,10
auth50-owned-v1-qps2000-n4,pc valid. lat. p50 (s),,V1,0.056991315158769366,0.093156211408438,0.004216702643622962,10
auth50-owned-v1-qps2000-n4,pc valid. lat. p50 (s),,V2,0.002056796138378526,0.0005443568305193088,7.450640201826626e-05,10
auth50-owned-v1-qps2000-n4,pc valid. lat. p95 (s),,V1,0.3589080810703632,0.35878932256080637,0.01458867443661697,10
auth50-owned-v1-qps2000-n4,pc valid. lat. p95 (s),,V2,0.02070667170254285,0.002537233662869901,0.0002500878110883018,10
auth50-owned-v1-qps2000-n4,exec. lat. p95 (s),,V1,0.024763832827701258,0.0018217786573205465,0.00016630031173368656,10
auth50-owned-v1-qps2000-n4,exec. lat. p95 (s),,V2,0.08148179451292561,0.011379751528963212,0.0007616553518596208,10
auth50-owned-v1-qps2000-n4,valid. drop. / sec,,V1,0.0,0.0,0.0,10
auth50-owned-v1-qps2000-n4,valid. drop. / sec,,V2,0.0,0.0,0.0,10
auth50-owned-v1-qps2000-n4,final. lat. p50 (s),,V1,nan,nan,nan,10
auth50-owned-v1-qps2000-n4,final. lat. p50 (s),,V2,nan,nan,nan,10
auth50-owned-v1-qps2000-n4,final. lat. p95 (s),,V1,nan,nan,nan,10
auth50-owned-v1-qps2000-n4,final. lat. p95 (s),,V2,nan,nan,nan,10
auth50-owned-v1-qps2000-n4,final. lat. p99 (s),,V1,nan,nan,nan,10
auth50-owned-v1-qps2000-n4,final. lat. p99 (s),,V2,nan,nan,nan,10
auth50-owned-v1-qps2000-n4,submit lat. p50 (s),,V1,nan,nan,nan,10
auth50-owned-v1-qps2000-n4,submit lat. p50 (s),,V2,nan,nan,nan,10
auth50-owned-v1-qps2000-n4,submit lat. p95 (s),,V1,nan,nan,nan,10
auth50-owned-v1-qps2000-n4,submit lat. p95 (s),,V2,nan,nan,nan,10
auth50-owned-v1-qps2000-n4,ckpt lag p50 (s),,V1,5.783210294396248,1.6844053108423243,0.12078428387925184,10
auth50-owned-v1-qps2000-n4,ckpt lag p50 (s),,V2,0.7991756972885067,1.5042489534454409,0.22359553605592256,10
auth50-owned-v1-qps2000-n4,ckpt lag p95 (s),,V1,7.642978523901276,2.4813480839727173,0.3158156493967275,10
auth50-owned-v1-qps2000-n4,ckpt lag p95 (s),,V2,4.580544284162586,5.423660972461525,0.5427371362180851,10
auth50-owned-v1-qps2000-n4,ckpt lag p99 (s),,V1,7.98470694102932,2.7027402776105856,0.38071001539233273,10
auth50-owned-v1-qps2000-n4,ckpt lag p99 (s),,V2,5.410206166109344,5.995561980792234,0.6079810383135645,10
auth50-owned-v1-qps2000-n4,exec. dispatch queue,,V1,449.6,524.2106828365862,174.73689427886208,10
auth50-owned-v1-qps2000-n4,exec. dispatch queue,,V2,1744.3,72.09306485370143,24.03102161790048,10
auth50-owned-v1-qps2000-n4,pending txs,,V1,9.8,7.704544113703289,2.5681813712344295,10
auth50-owned-v1-qps2000-n4,pending txs,,V2,134.0,76.39371701913711,25.46457233971237,10
auth50-owned-v1-qps2000-n4,exec. queue. delay p95 (s),,V1,0.14069777123411448,0.5113480145177346,0.0811796011117975,10
auth50-owned-v1-qps2000-n4,exec. queue. delay p95 (s),,V2,0.7515182530241363,0.20890268746362117,0.02128001624884841,10
auth50-owned-v1-qps2000-n4,post-cons shed drops / sec,,V1,0.0,0.0,0.0,10
auth50-owned-v1-qps2000-n4,post-cons shed drops / sec,,V2,0.3113673805601318,1.9182688709894509,0.30983606557377047,10
auth50-owned-v1-qps2000-n4,shed % quorum,,V1,0.0,0.0,0.0,10
auth50-owned-v1-qps2000-n4,shed % quorum,,V2,0.1,0.30000000000000004,0.09999999999999999,10
auth50-owned-v1-qps2000-n4,shed % local,,V1,0.0,0.0,0.0,10
auth50-owned-v1-qps2000-n4,shed % local,,V2,2.6,2.870540018881465,0.9568466729604883,10
auth50-owned-v1-qps2000-n4,shed % cons-queue,,V1,0.0,0.0,0.0,10
auth50-owned-v1-qps2000-n4,shed % cons-queue,,V2,0.0,0.0,0.0,10
auth50-owned-v1-qps2000-n4,pre-cons overload rej / sec,,V1,nan,nan,nan,10
auth50-owned-v1-qps2000-n4,pre-cons overload rej / sec,,V2,nan,nan,nan,10
auth50-owned-v1-qps2000-n4,node CPU,,V1,8.39744785765886,1.5210971763067962,0.06114855032495508,10
auth50-owned-v1-qps2000-n4,node CPU,,V2,36.176705638009196,6.935983982515246,0.3982035059531154,10
auth50-owned-v1-qps2000-n4,node memory RSS (bytes),,V1,713883127.6612378,134274814.6547042,1469657.6320600633,10
auth50-owned-v1-qps2000-n4,node memory RSS (bytes),,V2,1854006513.4308944,722635617.7204584,18175307.872838,10
auth50-owned-v1-qps2000-n4,overload graduated / sec,,V1,nan,nan,nan,10
auth50-owned-v1-qps2000-n4,overload graduated / sec,,V2,nan,nan,nan,10
auth50-owned-v1-qps2000-n4,overload max-pending / sec,,V1,nan,nan,nan,10
auth50-owned-v1-qps2000-n4,overload max-pending / sec,,V2,nan,nan,nan,10
auth50-owned-v1-qps2000-n4,overload semaphore / sec,,V1,nan,nan,nan,10
auth50-owned-v1-qps2000-n4,overload semaphore / sec,,V2,nan,nan,nan,10
auth50-owned-v1-qps2000-n4,attest. exec p50 (s),,V1,nan,nan,nan,10
auth50-owned-v1-qps2000-n4,attest. exec p50 (s),,V2,0.00967251306963027,0.0009777593387026579,9.249958842539315e-05,10
auth50-owned-v1-qps2000-n4,attest. exec p95 (s),,V1,nan,nan,nan,10
auth50-owned-v1-qps2000-n4,attest. exec p95 (s),,V2,0.057172593396057486,0.04695472778841705,0.005382704200651595,10
auth50-owned-v1-qps2000-n4,attest. exec p99 (s),,V1,nan,nan,nan,10
auth50-owned-v1-qps2000-n4,attest. exec p99 (s),,V2,0.14149391104520262,0.1038493768770926,0.010487255358070666,10
auth50-owned-v1-qps2000-n4,attest. wait p50 (s),,V1,nan,nan,nan,10
auth50-owned-v1-qps2000-n4,attest. wait p50 (s),,V2,0.006152678238275774,0.0021954733250507566,0.0002600996407573703,10
auth50-owned-v1-qps2000-n4,attest. wait p95 (s),,V1,nan,nan,nan,10
auth50-owned-v1-qps2000-n4,attest. wait p95 (s),,V2,0.09559560411134957,0.019501517948797734,0.0015960846746178028,10
auth50-owned-v1-qps2000-n4,attest. wait p99 (s),,V1,nan,nan,nan,10
auth50-owned-v1-qps2000-n4,attest. wait p99 (s),,V2,0.17171009643419227,0.024515445354470627,0.0018254125869093388,10
auth50-owned-v1-qps2000-n4,attest. resume p50 (s),,V1,nan,nan,nan,10
auth50-owned-v1-qps2000-n4,attest. resume p50 (s),,V2,0.0009504436923850213,0.00036704963429263083,4.166537980855128e-05,10
auth50-owned-v1-qps2000-n4,attest. resume p95 (s),,V1,nan,nan,nan,10
auth50-owned-v1-qps2000-n4,attest. resume p95 (s),,V2,0.0535731360985575,0.02225419102650628,0.0015133311405881745,10
auth50-owned-v1-qps2000-n4,attest. resume p99 (s),,V1,nan,nan,nan,10
auth50-owned-v1-qps2000-n4,attest. resume p99 (s),,V2,0.10817454743728441,0.04701259988265979,0.003776955980350355,10
auth50-owned-v1-qps2000-n4,num_inflight,,V1,2000.4,0.8,0.26666666666666666,10
auth50-owned-v1-qps2000-n4,num_inflight,,V2,2303.8,516.8966627866735,172.29888759555777,10
auth50-owned-v1-qps2000-n4,CUs,,V1,nan,nan,nan,10
auth50-owned-v1-qps2000-n4,CUs,,V2,1000.0,6.139068426601091e-14,0.0,10
auth50-owned-v4-qps2000-n4,TPS,,V1,287.6226919100974,67.31795340433357,1.537356644440799,10
auth50-owned-v4-qps2000-n4,TPS,,V2,1985.0722642390292,385.5865947281358,18.046738051233852,10
auth50-owned-v4-qps2000-n4,attest. full p50 (s),,V1,nan,nan,nan,10
auth50-owned-v4-qps2000-n4,attest. full p50 (s),,V2,0.013848618188996681,0.003636169133838836,0.0010432644688389205,10
auth50-owned-v4-qps2000-n4,attest. full p95 (s),,V1,nan,nan,nan,10
auth50-owned-v4-qps2000-n4,attest. full p95 (s),,V2,0.07259301229806576,0.027111188006295615,0.00794553602129491,10
auth50-owned-v4-qps2000-n4,attest. full p99 (s),,V1,nan,nan,nan,10
auth50-owned-v4-qps2000-n4,attest. full p99 (s),,V2,0.11951932903222433,0.047956884222780195,0.014324219867940418,10
auth50-owned-v4-qps2000-n4,attest. / sec,,V1,0.0,0.0,0.0,10
auth50-owned-v4-qps2000-n4,attest. / sec,,V2,1019.0868480725625,80.37999010971573,13.189298060787257,10
auth50-owned-v4-qps2000-n4,host CPU,,V1,27.061585127935736,10.023154669882485,0.20961484721307913,10
auth50-owned-v4-qps2000-n4,host CPU,,V2,76.35459028074807,27.83606674105168,0.37450279574959894,10
auth50-owned-v4-qps2000-n4,rec. → exec. p50 (s),,V1,6.797299590824242,1.5922896667031434,0.02636034873026929,10
auth50-owned-v4-qps2000-n4,rec. → exec. p50 (s),,V2,0.3277638753038033,0.11292150544424169,0.033539289728720216,10
auth50-owned-v4-qps2000-n4,rec. → exec. p95 (s),,V1,7.416935055355326,1.3798529384624525,0.019268434988959745,10
auth50-owned-v4-qps2000-n4,rec. → exec. p95 (s),,V2,0.6848420558748862,0.2271268134926939,0.06595301236596815,10
auth50-owned-v4-qps2000-n4,rec. → exec. p99 (s),,V1,7.518945041448947,1.3514412164594403,0.024660086843387063,10
auth50-owned-v4-qps2000-n4,rec. → exec. p99 (s),,V2,0.8310138012907315,0.3140942303186704,0.08537994323794093,10
auth50-owned-v4-qps2000-n4,pc valid. lat. p50 (s),,V1,0.06094344709370778,0.12334391454072076,0.003403249375568895,10
auth50-owned-v4-qps2000-n4,pc valid. lat. p50 (s),,V2,0.003477995241412506,0.00023911183625293557,4.860699197694869e-05,10
auth50-owned-v4-qps2000-n4,pc valid. lat. p95 (s),,V1,0.33605307534383155,0.23230200192470335,0.013098364305628642,10
auth50-owned-v4-qps2000-n4,pc valid. lat. p95 (s),,V2,0.013159645375733036,0.0042179468277812595,0.0011613899292172638,10
auth50-owned-v4-qps2000-n4,exec. lat. p95 (s),,V1,0.02475498877928142,0.0014367064098763118,0.00015813318241801139,10
auth50-owned-v4-qps2000-n4,exec. lat. p95 (s),,V2,0.07136834389053481,0.012013456388942996,0.0027189094555327485,10
auth50-owned-v4-qps2000-n4,valid. drop. / sec,,V1,0.0,0.0,0.0,10
auth50-owned-v4-qps2000-n4,valid. drop. / sec,,V2,0.0,0.0,0.0,10
auth50-owned-v4-qps2000-n4,final. lat. p50 (s),,V1,nan,nan,nan,10
auth50-owned-v4-qps2000-n4,final. lat. p50 (s),,V2,nan,nan,nan,10
auth50-owned-v4-qps2000-n4,final. lat. p95 (s),,V1,nan,nan,nan,10
auth50-owned-v4-qps2000-n4,final. lat. p95 (s),,V2,nan,nan,nan,10
auth50-owned-v4-qps2000-n4,final. lat. p99 (s),,V1,nan,nan,nan,10
auth50-owned-v4-qps2000-n4,final. lat. p99 (s),,V2,nan,nan,nan,10
auth50-owned-v4-qps2000-n4,submit lat. p50 (s),,V1,nan,nan,nan,10
auth50-owned-v4-qps2000-n4,submit lat. p50 (s),,V2,nan,nan,nan,10
auth50-owned-v4-qps2000-n4,submit lat. p95 (s),,V1,nan,nan,nan,10
auth50-owned-v4-qps2000-n4,submit lat. p95 (s),,V2,nan,nan,nan,10
auth50-owned-v4-qps2000-n4,ckpt lag p50 (s),,V1,6.79602862535675,2.149962259274859,0.16986252823926584,10
auth50-owned-v4-qps2000-n4,ckpt lag p50 (s),,V2,0.535675165397038,1.3400955005224242,0.20560787579140338,10
auth50-owned-v4-qps2000-n4,ckpt lag p95 (s),,V1,7.9804037383266255,3.0553620492004803,0.3891887590595735,10
auth50-owned-v4-qps2000-n4,ckpt lag p95 (s),,V2,1.1099727412094944,2.2808997228611454,0.39779421412125804,10
auth50-owned-v4-qps2000-n4,ckpt lag p99 (s),,V1,8.256201353183705,3.3758178022771324,0.46520401955707213,10
auth50-owned-v4-qps2000-n4,ckpt lag p99 (s),,V2,1.394624601659002,2.7056629004228223,0.4751124359016743,10
auth50-owned-v4-qps2000-n4,exec. dispatch queue,,V1,177.3,67.12384077211316,22.374613590704385,10
auth50-owned-v4-qps2000-n4,exec. dispatch queue,,V2,1459.2,138.16135494413768,46.05378498137922,10
auth50-owned-v4-qps2000-n4,pending txs,,V1,6.7,2.3259406699226015,0.7753135566408671,10
auth50-owned-v4-qps2000-n4,pending txs,,V2,50.2,59.727380655776294,19.909126885258765,10
auth50-owned-v4-qps2000-n4,exec. queue. delay p95 (s),,V1,0.019379913034482,0.016764707543126336,0.0007488975911511905,10
auth50-owned-v4-qps2000-n4,exec. queue. delay p95 (s),,V2,0.5055222605261523,0.19658884317484857,0.03417834069822225,10
auth50-owned-v4-qps2000-n4,post-cons shed drops / sec,,V1,0.0,0.0,0.0,10
auth50-owned-v4-qps2000-n4,post-cons shed drops / sec,,V2,2.078151260504202,12.885685887210002,2.095762711864407,10
auth50-owned-v4-qps2000-n4,shed % quorum,,V1,0.0,0.0,0.0,10
auth50-owned-v4-qps2000-n4,shed % quorum,,V2,0.7,2.1,0.7,10
auth50-owned-v4-qps2000-n4,shed % local,,V1,0.0,0.0,0.0,10
auth50-owned-v4-qps2000-n4,shed % local,,V2,10.6,11.909659944767524,3.969886648255841,10
auth50-owned-v4-qps2000-n4,shed % cons-queue,,V1,0.0,0.0,0.0,10
auth50-owned-v4-qps2000-n4,shed % cons-queue,,V2,0.0,0.0,0.0,10
auth50-owned-v4-qps2000-n4,pre-cons overload rej / sec,,V1,nan,nan,nan,10
auth50-owned-v4-qps2000-n4,pre-cons overload rej / sec,,V2,nan,nan,nan,10
auth50-owned-v4-qps2000-n4,node CPU,,V1,6.7881306856279915,1.1848875822242002,0.06385562840740493,10
auth50-owned-v4-qps2000-n4,node CPU,,V2,21.9125843284588,3.731487966886502,0.1422168136435057,10
auth50-owned-v4-qps2000-n4,node memory RSS (bytes),,V1,691937953.771987,130118431.53323562,943062.2015470214,10
auth50-owned-v4-qps2000-n4,node memory RSS (bytes),,V2,1651288533.5414634,640573190.6802347,19029415.63371197,10
auth50-owned-v4-qps2000-n4,overload graduated / sec,,V1,nan,nan,nan,10
auth50-owned-v4-qps2000-n4,overload graduated / sec,,V2,nan,nan,nan,10
auth50-owned-v4-qps2000-n4,overload max-pending / sec,,V1,nan,nan,nan,10
auth50-owned-v4-qps2000-n4,overload max-pending / sec,,V2,nan,nan,nan,10
auth50-owned-v4-qps2000-n4,overload semaphore / sec,,V1,nan,nan,nan,10
auth50-owned-v4-qps2000-n4,overload semaphore / sec,,V2,nan,nan,nan,10
auth50-owned-v4-qps2000-n4,attest. exec p50 (s),,V1,nan,nan,nan,10
auth50-owned-v4-qps2000-n4,attest. exec p50 (s),,V2,0.007728829786021019,0.0002505308459370825,6.82106691422449e-05,10
auth50-owned-v4-qps2000-n4,attest. exec p95 (s),,V1,nan,nan,nan,10
auth50-owned-v4-qps2000-n4,attest. exec p95 (s),,V2,0.022233707678209324,0.005108545608880725,0.0007857171709966042,10
auth50-owned-v4-qps2000-n4,attest. exec p99 (s),,V1,nan,nan,nan,10
auth50-owned-v4-qps2000-n4,attest. exec p99 (s),,V2,0.03605027831057547,0.024802224710280242,0.003290691718287805,10
auth50-owned-v4-qps2000-n4,attest. wait p50 (s),,V1,nan,nan,nan,10
auth50-owned-v4-qps2000-n4,attest. wait p50 (s),,V2,0.003140668879600516,0.0015668152823145646,0.0003917983346154896,10
auth50-owned-v4-qps2000-n4,attest. wait p95 (s),,V1,nan,nan,nan,10
auth50-owned-v4-qps2000-n4,attest. wait p95 (s),,V2,0.0602660052691909,0.0262867569350868,0.007795834733855715,10
auth50-owned-v4-qps2000-n4,attest. wait p99 (s),,V1,nan,nan,nan,10
auth50-owned-v4-qps2000-n4,attest. wait p99 (s),,V2,0.10766667942423587,0.04630987168286386,0.013846160130964711,10
auth50-owned-v4-qps2000-n4,attest. resume p50 (s),,V1,nan,nan,nan,10
auth50-owned-v4-qps2000-n4,attest. resume p50 (s),,V2,0.0005538004676128666,2.652255909073727e-05,6.808229570254946e-06,10
auth50-owned-v4-qps2000-n4,attest. resume p95 (s),,V1,nan,nan,nan,10
auth50-owned-v4-qps2000-n4,attest. resume p95 (s),,V2,0.0028619003802151845,0.0014312601150704685,0.0003898949371054357,10
auth50-owned-v4-qps2000-n4,attest. resume p99 (s),,V1,nan,nan,nan,10
auth50-owned-v4-qps2000-n4,attest. resume p99 (s),,V2,0.008716212973168833,0.006704992695338489,0.0014007896948838882,10
auth50-owned-v4-qps2000-n4,num_inflight,,V1,1885.7,129.8245354314815,43.27484514382717,10
auth50-owned-v4-qps2000-n4,num_inflight,,V2,522.6,163.30107164375866,54.433690547919554,10
auth50-owned-v4-qps2000-n4,CUs,,V1,nan,nan,nan,10
auth50-owned-v4-qps2000-n4,CUs,,V2,1000.0,6.02295944856023e-14,0.0,10
