warning: unused variable: `other`
   --> external-crates/move/crates/move-regex-borrow-graph/src/collections.rs:503:37
    |
503 |     fn check_join_invariants(&self, other: &Self) {
    |                                     ^^^^^ help: if this is intentional, prefix it with an underscore: `_other`
    |
    = note: `#[warn(unused_variables)]` (part of `#[warn(unused)]`) on by default

warning: unused variable: `r`
   --> external-crates/move/crates/move-regex-borrow-graph/src/collections.rs:558:44
    |
558 |     fn check_self_epsilon_invariant(&self, r: Ref) {
    |                                            ^ help: if this is intentional, prefix it with an underscore: `_r`

warning: method `check_invariants` is never used
   --> external-crates/move/crates/move-regex-borrow-graph/src/references.rs:188:19
    |
187 | impl<Loc, Lbl: Ord> Edge<Loc, Lbl> {
    | ---------------------------------- method in this implementation
188 |     pub(crate) fn check_invariants(&self) {
    |                   ^^^^^^^^^^^^^^^^
    |
    = note: `#[warn(dead_code)]` (part of `#[warn(unused)]`) on by default

warning: `move-regex-borrow-graph` (lib) generated 3 warnings (run `cargo fix --lib -p move-regex-borrow-graph` to apply 2 suggestions)
    Finished `release` profile [optimized + debuginfo] target(s) in 0.72s
warning: the following packages contain code that will be rejected by a future version of Rust: num-bigint-dig v0.8.4
note: to see what the problems were, use the option `--future-incompat-report`, or run `cargo report future-incompatibilities --id 1`
     Running `target/release/stress --local false --fullnode-rpc-addresses 'http://127.0.0.1:9000' --use-fullnode-for-execution true --use-fullnode-for-reconfig true --genesis-blob-path /Users/andrewcullen/Documents/GitHub/iota/dev-tools/iota-private-network/configs/genesis/genesis.blob --keystore-path /Users/andrewcullen/Documents/GitHub/iota/dev-tools/iota-private-network/configs/genesis/benchmark.keystore --primary-gas-owner-id 0xf479d29837d22943aba6afc401f518a36521b990874eca784886185bd26bf681 --num-client-threads 4 --num-transfer-accounts 2 --run-duration 120s bench --target-qps 2000 --num-workers 12 --in-flight-ratio 5 --transfer-object 100 --shared-counter 0`
Found new state (reference gas price and/or protocol config) from system state object = 1000
2026-05-20T11:22:07.552697Z ERROR iota_benchmark: Transaction failed with err: Rpc(Call(ErrorObject { code: ServerError(-32050), message: "Transaction timed out before reaching finality", data: None })) tx_digest=Digest("APBKTK7zjkMB2ky5FWzuCqa5Z5vH7921bNAab2GeGeBV") retry_cnt=0
2026-05-20T11:22:07.613014Z ERROR iota_benchmark: Transaction failed with err: Rpc(Call(ErrorObject { code: ServerError(-32050), message: "Transaction timed out before reaching finality", data: None })) tx_digest=Digest("FGsEaiDNtKABGqDDbvrL3yoMZypjWzRYz1tMcAxhumDg") retry_cnt=0
2026-05-20T11:22:07.657840Z ERROR iota_benchmark: Transaction failed with err: Rpc(Call(ErrorObject { code: ServerError(-32050), message: "Transaction timed out before reaching finality", data: None })) tx_digest=Digest("GBHwCrRHZcV1qsQtifSLjVPb8Au5oiyjtAm3VjbdSPmC") retry_cnt=0
2026-05-20T11:22:07.731852Z ERROR iota_benchmark: Transaction failed with err: Rpc(Call(ErrorObject { code: ServerError(-32050), message: "Transaction timed out before reaching finality", data: None })) tx_digest=Digest("CKDK6gYh4GhngTHx9cdfGttd8x4KjprZFPaFKD7AEBak") retry_cnt=0
2026-05-20T11:22:07.884517Z ERROR iota_benchmark: Transaction failed with err: Rpc(Call(ErrorObject { code: ServerError(-32050), message: "Transaction timed out before reaching finality", data: None })) tx_digest=Digest("CzRabMoDJDp8cJkjdgTbGuztcPE6ntePaeBYe3131W15") retry_cnt=0
2026-05-20T11:22:07.918713Z ERROR iota_benchmark: Transaction failed with err: Rpc(Call(ErrorObject { code: ServerError(-32050), message: "Transaction timed out before reaching finality", data: None })) tx_digest=Digest("H5GqB2KJQ1eAccXokCNivq5oKf2Cfp56aaNfeGxSd7hk") retry_cnt=0
2026-05-20T11:22:07.923261Z ERROR iota_benchmark: Transaction failed with err: Rpc(Call(ErrorObject { code: ServerError(-32050), message: "Transaction timed out before reaching finality", data: None })) tx_digest=Digest("CVP1jSEkK8fi8N1iD1kYoxGskS6Nh1AzB7Jjd5ysoJ2h") retry_cnt=0
2026-05-20T11:22:07.987820Z ERROR iota_benchmark: Transaction failed with err: Rpc(Call(ErrorObject { code: ServerError(-32050), message: "Transaction timed out before reaching finality", data: None })) tx_digest=Digest("2T3NP49GZdLD4SX8TQFFeZzTKpivxBuCkbfyQL3eQE6J") retry_cnt=0
2026-05-20T11:22:07.998792Z ERROR iota_benchmark: Transaction failed with err: Rpc(Call(ErrorObject { code: ServerError(-32050), message: "Transaction timed out before reaching finality", data: None })) tx_digest=Digest("62UR93Rx6y4ZURXc27KFpniR8m9NtFTWE2ZeeMdS2tH5") retry_cnt=0
2026-05-20T11:22:08.002056Z ERROR iota_benchmark: Transaction failed with err: Rpc(Call(ErrorObject { code: ServerError(-32050), message: "Transaction timed out before reaching finality", data: None })) tx_digest=Digest("EHixZSAtrhsVBjAfxeYheBxSTp2y4VZTLC8oX6wfLaKf") retry_cnt=0
2026-05-20T11:22:08.032474Z ERROR iota_benchmark: Transaction failed with err: Rpc(Call(ErrorObject { code: ServerError(-32050), message: "Transaction timed out before reaching finality", data: None })) tx_digest=Digest("GoTk2HRyW7W6iAw6vitjiys7TxSvCpzc49pafiMq6nqh") retry_cnt=0
2026-05-20T11:22:08.054478Z ERROR iota_benchmark: Transaction failed with err: Rpc(Call(ErrorObject { code: ServerError(-32050), message: "Transaction timed out before reaching finality", data: None })) tx_digest=Digest("FcDw9hiT1fboQbG8tVDZqUheqZ3AkYz5RLfPgfe5MVkp") retry_cnt=0
2026-05-20T11:22:08.067057Z ERROR iota_benchmark: Transaction failed with err: Rpc(Call(ErrorObject { code: ServerError(-32050), message: "Transaction timed out before reaching finality", data: None })) tx_digest=Digest("2P3Qb1da3Debsi8PAF66CVGLR4gcMeg9EbRuuU1kv4BB") retry_cnt=0
2026-05-20T11:22:08.067094Z ERROR iota_benchmark: Transaction failed with err: Rpc(Call(ErrorObject { code: ServerError(-32050), message: "Transaction timed out before reaching finality", data: None })) tx_digest=Digest("AW4pRHJeASPyxkFa8CCnGpZHnpstujUwTipgt9khqNEp") retry_cnt=0
2026-05-20T11:22:08.102904Z ERROR iota_benchmark: Transaction failed with err: Rpc(Call(ErrorObject { code: ServerError(-32050), message: "Transaction timed out before reaching finality", data: None })) tx_digest=Digest("DHqQFneReYTBEUV6XMGzbCoQmPE7aEzUTcciie39cCj3") retry_cnt=0
2026-05-20T11:22:08.102956Z ERROR iota_benchmark: Transaction failed with err: Rpc(Call(ErrorObject { code: ServerError(-32050), message: "Transaction timed out before reaching finality", data: None })) tx_digest=Digest("G2DuFExxZDoPVBWc2NUDt5oFZkEQWXv1oQyUeWXHcyhr") retry_cnt=0
2026-05-20T11:22:08.110907Z ERROR iota_benchmark: Transaction failed with err: Rpc(Call(ErrorObject { code: ServerError(-32050), message: "Transaction timed out before reaching finality", data: None })) tx_digest=Digest("A1AJosMd2RXRb9gRp2EsA5Q2dYhh6HbtXWVMu7FEBbrD") retry_cnt=0
2026-05-20T11:22:08.142059Z ERROR iota_benchmark: Transaction failed with err: Rpc(Call(ErrorObject { code: ServerError(-32050), message: "Transaction timed out before reaching finality", data: None })) tx_digest=Digest("EZYh3RjfjY83PM9tWWia53Hvw3Vsq1yEbo9bBzM9Vxnv") retry_cnt=0
2026-05-20T11:22:08.164397Z ERROR iota_benchmark: Transaction failed with err: Rpc(Call(ErrorObject { code: ServerError(-32050), message: "Transaction timed out before reaching finality", data: None })) tx_digest=Digest("82WanGcbXUxxsYBzWpsJEgHt8hew44AxR2oGK5SUoyBF") retry_cnt=0
2026-05-20T11:22:08.183577Z ERROR iota_benchmark: Transaction failed with err: Rpc(Call(ErrorObject { code: ServerError(-32050), message: "Transaction timed out before reaching finality", data: None })) tx_digest=Digest("AHq4nH7okGDbgqNvTXuiacg26Upv2iZ6gCXX2iocHnHr") retry_cnt=0
2026-05-20T11:22:08.189713Z ERROR iota_benchmark: Transaction failed with err: Rpc(Call(ErrorObject { code: ServerError(-32050), message: "Transaction timed out before reaching finality", data: None })) tx_digest=Digest("4So8ddJDqt8JiPakBnvBzWgVW8XbJ4NxMLdrsjHUHR5k") retry_cnt=0
2026-05-20T11:22:08.189761Z ERROR iota_benchmark: Transaction failed with err: Rpc(Call(ErrorObject { code: ServerError(-32050), message: "Transaction timed out before reaching finality", data: None })) tx_digest=Digest("5faR7iAU3fwzTzLit6D2ZHhLSQsKm88XtLL5oKPP18E6") retry_cnt=0
2026-05-20T11:22:08.228669Z ERROR iota_benchmark: Transaction failed with err: Rpc(Call(ErrorObject { code: ServerError(-32050), message: "Transaction timed out before reaching finality", data: None })) tx_digest=Digest("GkeNojneh2cRJWxrzrDqqcnE1AVGMfvPYUot5A8uFja5") retry_cnt=0
2026-05-20T11:22:08.237416Z ERROR iota_benchmark: Transaction failed with err: Rpc(Call(ErrorObject { code: ServerError(-32050), message: "Transaction timed out before reaching finality", data: None })) tx_digest=Digest("DpmyFpxLZRuwKGiunbc1mKKH4NPcMoXMLpBG48Fuwjm8") retry_cnt=0
2026-05-20T11:22:08.238745Z ERROR iota_benchmark: Transaction failed with err: Rpc(Call(ErrorObject { code: ServerError(-32050), message: "Transaction timed out before reaching finality", data: None })) tx_digest=Digest("BGsYuC3A1nqBAiNvca3t6jBhroRhejAjzV2Ctrh5w2MU") retry_cnt=0
2026-05-20T11:22:08.243159Z ERROR iota_benchmark: Transaction failed with err: Rpc(Call(ErrorObject { code: ServerError(-32050), message: "Transaction timed out before reaching finality", data: None })) tx_digest=Digest("456KK5zb3ioQdJZnDpxVMqhbrUep2UqPpZ9mL18etQzh") retry_cnt=0
2026-05-20T11:22:08.243545Z ERROR iota_benchmark: Transaction failed with err: Rpc(Call(ErrorObject { code: ServerError(-32050), message: "Transaction timed out before reaching finality", data: None })) tx_digest=Digest("4UUK8VhztuSjYVLrupzMDsxdaokY9b3cNScf4ttbCDNV") retry_cnt=0
2026-05-20T11:22:08.243582Z ERROR iota_benchmark: Transaction failed with err: Rpc(Call(ErrorObject { code: ServerError(-32050), message: "Transaction timed out before reaching finality", data: None })) tx_digest=Digest("9Nf1eMoUPv2wtMwRqzDMUPdDKCTbe2rHyhHHhKvEYU4k") retry_cnt=0
2026-05-20T11:22:08.251332Z ERROR iota_benchmark: Transaction failed with err: Rpc(Call(ErrorObject { code: ServerError(-32050), message: "Transaction timed out before reaching finality", data: None })) tx_digest=Digest("7iYhz4frdiK1Ef9qKy5FPkfxFPPSnoR3UbSRtuVXTTiT") retry_cnt=0
2026-05-20T11:22:08.280535Z ERROR iota_benchmark: Transaction failed with err: Rpc(Call(ErrorObject { code: ServerError(-32050), message: "Transaction timed out before reaching finality", data: None })) tx_digest=Digest("6v2KKdRAmnzG63edc8zyDfUAzSiw2qHDJmyHUgFHrgQe") retry_cnt=0
2026-05-20T11:22:08.289779Z ERROR iota_benchmark: Transaction failed with err: Rpc(Call(ErrorObject { code: ServerError(-32050), message: "Transaction timed out before reaching finality", data: None })) tx_digest=Digest("GikzRjjx4TFThE7gmKjSdKqQXjfNBwWH1PgyHeg5inUw") retry_cnt=0
2026-05-20T11:22:08.316420Z ERROR iota_benchmark: Transaction failed with err: Rpc(Call(ErrorObject { code: ServerError(-32050), message: "Transaction timed out before reaching finality", data: None })) tx_digest=Digest("D7dLp6mC513x4UfM4poTkzNu22intqvfyrNbZVLZeaRQ") retry_cnt=0
2026-05-20T11:22:08.344454Z ERROR iota_benchmark: Transaction failed with err: Rpc(Call(ErrorObject { code: ServerError(-32050), message: "Transaction timed out before reaching finality", data: None })) tx_digest=Digest("WwB5chWGkwDDmxKgPVHKAGaKPcmn3yaNJqEg5F5VqmD") retry_cnt=0
2026-05-20T11:22:08.349283Z ERROR iota_benchmark: Transaction failed with err: Rpc(Call(ErrorObject { code: ServerError(-32050), message: "Transaction timed out before reaching finality", data: None })) tx_digest=Digest("4RLvRtVAZce7pfoES8Q1QLiu3FRvZQAjNfJumjo1b63H") retry_cnt=0
2026-05-20T11:22:08.374133Z ERROR iota_benchmark: Transaction failed with err: Rpc(Call(ErrorObject { code: ServerError(-32050), message: "Transaction timed out before reaching finality", data: None })) tx_digest=Digest("75KLpWgrzn39Ddf4qVWNRELEcZHWsTsbrYH53EMpSsQu") retry_cnt=0
2026-05-20T11:22:08.375713Z ERROR iota_benchmark: Transaction failed with err: Rpc(Call(ErrorObject { code: ServerError(-32050), message: "Transaction timed out before reaching finality", data: None })) tx_digest=Digest("2qbagqMQRHnb28NV7BwwH7WmKgYUfkZ7VD4rarBZrinL") retry_cnt=0
2026-05-20T11:22:08.409123Z ERROR iota_benchmark: Transaction failed with err: Rpc(Call(ErrorObject { code: ServerError(-32050), message: "Transaction timed out before reaching finality", data: None })) tx_digest=Digest("2N4MSrkjwPb2n1VUcdQ5LSfoidT5HcoudWyJJMBwCQDu") retry_cnt=0
2026-05-20T11:22:08.415501Z ERROR iota_benchmark: Transaction failed with err: Rpc(Call(ErrorObject { code: ServerError(-32050), message: "Transaction timed out before reaching finality", data: None })) tx_digest=Digest("AhUGhxRw5pArJPw5PnBtNLy4xeCCjWw1Guy6mZyTLtLD") retry_cnt=0
2026-05-20T11:22:08.428213Z ERROR iota_benchmark: Transaction failed with err: Rpc(Call(ErrorObject { code: ServerError(-32050), message: "Transaction timed out before reaching finality", data: None })) tx_digest=Digest("CEZyNgQEo3hn73Kko7STY6U4VBVCnwC3FhjhbUypQirB") retry_cnt=0
2026-05-20T11:22:08.444662Z ERROR iota_benchmark: Transaction failed with err: Rpc(Call(ErrorObject { code: ServerError(-32050), message: "Transaction timed out before reaching finality", data: None })) tx_digest=Digest("CvYzHBTm9BXMg1iYS53k2dZuFbURFPmhhaLfDiYp6L1C") retry_cnt=0
2026-05-20T11:22:08.465768Z ERROR iota_benchmark: Transaction failed with err: Rpc(Call(ErrorObject { code: ServerError(-32050), message: "Transaction timed out before reaching finality", data: None })) tx_digest=Digest("8RM4qgauQ7TeBD4NVWEHC8ErRt2BPo9BUsTN3jeHAE6K") retry_cnt=0
2026-05-20T11:22:08.488706Z ERROR iota_benchmark: Transaction failed with err: Rpc(Call(ErrorObject { code: ServerError(-32050), message: "Transaction timed out before reaching finality", data: None })) tx_digest=Digest("GDemrdAdCWvwux4dQ8LDZiySg8hSQUvtnrW5aTkaxpMX") retry_cnt=0
2026-05-20T11:22:08.506625Z ERROR iota_benchmark: Transaction failed with err: Rpc(Call(ErrorObject { code: ServerError(-32050), message: "Transaction timed out before reaching finality", data: None })) tx_digest=Digest("FQBBCxHq3kdzPRMTPhbZrU1sEjXdZxRPjdb8u7z98KWC") retry_cnt=0
2026-05-20T11:22:08.525680Z ERROR iota_benchmark: Transaction failed with err: Rpc(Call(ErrorObject { code: ServerError(-32050), message: "Transaction timed out before reaching finality", data: None })) tx_digest=Digest("FW2HyAvu1mzeZWJUgHucX9e3BFmky3S5B4wyrKjaF2Ei") retry_cnt=0
2026-05-20T11:22:08.537293Z ERROR iota_benchmark: Transaction failed with err: Rpc(Call(ErrorObject { code: ServerError(-32050), message: "Transaction timed out before reaching finality", data: None })) tx_digest=Digest("GyMs5FP8GA2FHVJXnekhsqjUwp2ykxEzKa7zUpFYVkNT") retry_cnt=0
2026-05-20T11:22:08.551588Z ERROR iota_benchmark: Transaction failed with err: Rpc(Call(ErrorObject { code: ServerError(-32050), message: "Transaction timed out before reaching finality", data: None })) tx_digest=Digest("6HXXVzEZPt1WzAf1BKYiddh8oK6PnLbpgmFUknS6qjt8") retry_cnt=0
2026-05-20T11:22:08.551714Z ERROR iota_benchmark: Transaction failed with err: Rpc(Call(ErrorObject { code: ServerError(-32050), message: "Transaction timed out before reaching finality", data: None })) tx_digest=Digest("73HG4TztZrHaFvsKf62Lrr3v7WnGDvFawoBQQjKz5wDg") retry_cnt=0
2026-05-20T11:22:08.578100Z ERROR iota_benchmark: Transaction failed with err: Rpc(Call(ErrorObject { code: ServerError(-32050), message: "Transaction timed out before reaching finality", data: None })) tx_digest=Digest("8r5eTYEETuAKYje5H7PRR9he2xrG3wuRDqTMJ1PPHjSw") retry_cnt=0
2026-05-20T11:22:08.578106Z ERROR iota_benchmark: Transaction failed with err: Rpc(Call(ErrorObject { code: ServerError(-32050), message: "Transaction timed out before reaching finality", data: None })) tx_digest=Digest("9uRZJNDBqaeSfPhmo4kzR23ct6ZdQvAMr1NTCsY7ynfF") retry_cnt=0
2026-05-20T11:22:08.598205Z ERROR iota_benchmark: Transaction failed with err: Rpc(Call(ErrorObject { code: ServerError(-32050), message: "Transaction timed out before reaching finality", data: None })) tx_digest=Digest("EmnFqKcXTsvENW6rUo8bishLBtCb8fmo7Qs1xPzp5d6w") retry_cnt=0
2026-05-20T11:22:08.600270Z ERROR iota_benchmark: Transaction failed with err: Rpc(Call(ErrorObject { code: ServerError(-32050), message: "Transaction timed out before reaching finality", data: None })) tx_digest=Digest("2Je8XhhEedfiaEDudX2CHg6HWPTNoVYsofTZMoQ47opY") retry_cnt=0
2026-05-20T11:22:08.601322Z ERROR iota_benchmark: Transaction failed with err: Rpc(Call(ErrorObject { code: ServerError(-32050), message: "Transaction timed out before reaching finality", data: None })) tx_digest=Digest("GfYMWKpAVDdfQMqDUBmKwYKDgFuvDVZ6jnDb5Bhk9Hsn") retry_cnt=0
2026-05-20T11:22:08.610578Z ERROR iota_benchmark: Transaction failed with err: Rpc(Call(ErrorObject { code: ServerError(-32050), message: "Transaction timed out before reaching finality", data: None })) tx_digest=Digest("4Uxey14JiARXaH3MtkQ1q8etoMxs12R6SQGqa4SZ7GRg") retry_cnt=0
2026-05-20T11:22:08.631976Z ERROR iota_benchmark: Transaction failed with err: Rpc(Call(ErrorObject { code: ServerError(-32050), message: "Transaction timed out before reaching finality", data: None })) tx_digest=Digest("46YcHwB5sTvtWe8oWkPEDGcFBZnQujTDsGgoA8y8xN76") retry_cnt=0
2026-05-20T11:22:08.665975Z ERROR iota_benchmark: Transaction failed with err: Rpc(Call(ErrorObject { code: ServerError(-32050), message: "Transaction timed out before reaching finality", data: None })) tx_digest=Digest("BRAsytnpphWqSmdEj7DiGEdqzo1cPkiE7yVdKfaSuqQd") retry_cnt=0
2026-05-20T11:22:08.674478Z ERROR iota_benchmark: Transaction failed with err: Rpc(Call(ErrorObject { code: ServerError(-32050), message: "Transaction timed out before reaching finality", data: None })) tx_digest=Digest("Ex85rJSq4SrfUJiqT8DPCNSTX1YFfaZPqzpVDobQFxD") retry_cnt=0
2026-05-20T11:22:08.674487Z ERROR iota_benchmark: Transaction failed with err: Rpc(Call(ErrorObject { code: ServerError(-32050), message: "Transaction timed out before reaching finality", data: None })) tx_digest=Digest("Am2dJG2irV64kFh2Q3cdka8gmoZrtdtoJVhvMEzxAZ3t") retry_cnt=0
2026-05-20T11:22:08.674638Z ERROR iota_benchmark: Transaction failed with err: Rpc(Call(ErrorObject { code: ServerError(-32050), message: "Transaction timed out before reaching finality", data: None })) tx_digest=Digest("6fqy9pBcEZdWAzJSLqVcrs1EH3LQTtCaYHsjEF2k9gPV") retry_cnt=0
2026-05-20T11:22:08.695311Z ERROR iota_benchmark: Transaction failed with err: Rpc(Call(ErrorObject { code: ServerError(-32050), message: "Transaction timed out before reaching finality", data: None })) tx_digest=Digest("CXwncNugAspxnJTMdtfddGL5fusbmjfMxbsEnKUDKxk2") retry_cnt=0
2026-05-20T11:22:08.701265Z ERROR iota_benchmark: Transaction failed with err: Rpc(Call(ErrorObject { code: ServerError(-32050), message: "Transaction timed out before reaching finality", data: None })) tx_digest=Digest("H4mL2r4JBgZoPQFSJBMV1je1oNT565EnK7zzQX1xRPV7") retry_cnt=0
2026-05-20T11:22:08.736492Z ERROR iota_benchmark: Transaction failed with err: Rpc(Call(ErrorObject { code: ServerError(-32050), message: "Transaction timed out before reaching finality", data: None })) tx_digest=Digest("2v1zrpLwGonvnsnC9UzhJkiwN9EMTkbkPWixnrNu8cLV") retry_cnt=0
2026-05-20T11:22:08.737445Z ERROR iota_benchmark: Transaction failed with err: Rpc(Call(ErrorObject { code: ServerError(-32050), message: "Transaction timed out before reaching finality", data: None })) tx_digest=Digest("9wJWvNkieTMg4t9TzAjz3CnF4Uv6ZyDoDP5jKRJSFaP2") retry_cnt=0
2026-05-20T11:22:08.747627Z ERROR iota_benchmark: Transaction failed with err: Rpc(Call(ErrorObject { code: ServerError(-32050), message: "Transaction timed out before reaching finality", data: None })) tx_digest=Digest("6BauvxqtrD5vq2URiU6oQxR8o5LgyzwXvLnW2LLbjrfE") retry_cnt=0
2026-05-20T11:22:08.750849Z ERROR iota_benchmark: Transaction failed with err: Rpc(Call(ErrorObject { code: ServerError(-32050), message: "Transaction timed out before reaching finality", data: None })) tx_digest=Digest("J4pEp6Bc7kGnacyaUyuvg6SMEAZaMCP9RZ3xLez8ZjoJ") retry_cnt=0
2026-05-20T11:22:08.753005Z ERROR iota_benchmark: Transaction failed with err: Rpc(Call(ErrorObject { code: ServerError(-32050), message: "Transaction timed out before reaching finality", data: None })) tx_digest=Digest("Ec2dawkRgTtepSmWpzjiACHgW4gJRAAnLhuzf7k36gAF") retry_cnt=0
2026-05-20T11:22:08.767100Z ERROR iota_benchmark: Transaction failed with err: Rpc(Call(ErrorObject { code: ServerError(-32050), message: "Transaction timed out before reaching finality", data: None })) tx_digest=Digest("EMzgSx1LeTfJETk9muTrLU5gjr2kMo6726wAJeUY27b6") retry_cnt=0
2026-05-20T11:22:08.796984Z ERROR iota_benchmark: Transaction failed with err: Rpc(Call(ErrorObject { code: ServerError(-32050), message: "Transaction timed out before reaching finality", data: None })) tx_digest=Digest("Aj4g4iwMp588c6SpR3JKZZaTiAJ9byLXAtsFdDHuaStj") retry_cnt=0
2026-05-20T11:22:08.810074Z ERROR iota_benchmark: Transaction failed with err: Rpc(Call(ErrorObject { code: ServerError(-32050), message: "Transaction timed out before reaching finality", data: None })) tx_digest=Digest("QM5niAdmN5tsvfaxxCihf78weVEfDqxxcZctA91XmiK") retry_cnt=0
2026-05-20T11:22:08.813827Z ERROR iota_benchmark: Transaction failed with err: Rpc(Call(ErrorObject { code: ServerError(-32050), message: "Transaction timed out before reaching finality", data: None })) tx_digest=Digest("E33eM15UT1t5Kdvnf2QybxYuc9rQw4oMmj25Jy6mbpav") retry_cnt=0
2026-05-20T11:22:08.841579Z ERROR iota_benchmark: Transaction failed with err: Rpc(Call(ErrorObject { code: ServerError(-32050), message: "Transaction timed out before reaching finality", data: None })) tx_digest=Digest("ANnZezcpTMjdf32fvuPppd99RnrSwG4ZgHtzut6sB8yH") retry_cnt=0
2026-05-20T11:22:08.856682Z ERROR iota_benchmark: Transaction failed with err: Rpc(Call(ErrorObject { code: ServerError(-32050), message: "Transaction timed out before reaching finality", data: None })) tx_digest=Digest("Abz1WmruG4DG6tAeNwdP22CFCbFDaAuSqsvhWft5py7s") retry_cnt=0
2026-05-20T11:22:08.858273Z ERROR iota_benchmark: Transaction failed with err: Rpc(Call(ErrorObject { code: ServerError(-32050), message: "Transaction timed out before reaching finality", data: None })) tx_digest=Digest("DfTVs9k471WwqKGadUnh27Qw5gWj7L4VHZwQj9V8Ad9a") retry_cnt=0
2026-05-20T11:22:08.860192Z ERROR iota_benchmark: Transaction failed with err: Rpc(Call(ErrorObject { code: ServerError(-32050), message: "Transaction timed out before reaching finality", data: None })) tx_digest=Digest("3qbzihYD5qAbjuLh6UDos6PM4aDgG2aZyPcMPHx7hpDn") retry_cnt=0
2026-05-20T11:22:08.873140Z ERROR iota_benchmark: Transaction failed with err: Rpc(Call(ErrorObject { code: ServerError(-32050), message: "Transaction timed out before reaching finality", data: None })) tx_digest=Digest("5N8fPN3yGMNwLuuiJZY3CMNG5JksTdoVRueyeLFmamYE") retry_cnt=0
2026-05-20T11:22:08.881053Z ERROR iota_benchmark: Transaction failed with err: Rpc(Call(ErrorObject { code: ServerError(-32050), message: "Transaction timed out before reaching finality", data: None })) tx_digest=Digest("Bg7r2cfPW36xygTeABeh5PqbjfLAjin1yS4fhfHsDsYD") retry_cnt=0
2026-05-20T11:22:08.881881Z ERROR iota_benchmark: Transaction failed with err: Rpc(Call(ErrorObject { code: ServerError(-32050), message: "Transaction timed out before reaching finality", data: None })) tx_digest=Digest("C1aodgMP81arSvQezTrpVM8RdgygDDMWRQ1JuMo2eoNt") retry_cnt=0
2026-05-20T11:22:08.889517Z ERROR iota_benchmark: Transaction failed with err: Rpc(Call(ErrorObject { code: ServerError(-32050), message: "Transaction timed out before reaching finality", data: None })) tx_digest=Digest("HYGs7anxMPohHMRC55NofE5TFKsJeRLPeFgePybro8Qu") retry_cnt=0
2026-05-20T11:22:08.892868Z ERROR iota_benchmark: Transaction failed with err: Rpc(Call(ErrorObject { code: ServerError(-32050), message: "Transaction timed out before reaching finality", data: None })) tx_digest=Digest("HJcDy8HkhfH7h3pp5htm7ZC2cw9LvDBv5yVoXn9dZqbp") retry_cnt=0
2026-05-20T11:22:08.897665Z ERROR iota_benchmark: Transaction failed with err: Rpc(Call(ErrorObject { code: ServerError(-32050), message: "Transaction timed out before reaching finality", data: None })) tx_digest=Digest("t3ovsZxv8yCvgQcKpcGheMm1vb9PXHziMtfKYuznrxG") retry_cnt=0
2026-05-20T11:22:08.906787Z ERROR iota_benchmark: Transaction failed with err: Rpc(Call(ErrorObject { code: ServerError(-32050), message: "Transaction timed out before reaching finality", data: None })) tx_digest=Digest("127yjANuEjrwLKPzXkuUqaG4Wemj8mUNznjH4Mb7ZKqv") retry_cnt=0
2026-05-20T11:22:08.918337Z ERROR iota_benchmark: Transaction failed with err: Rpc(Call(ErrorObject { code: ServerError(-32050), message: "Transaction timed out before reaching finality", data: None })) tx_digest=Digest("CuCoW7SY8FYuUebtNMM377Pc4FR3cacuJd7HVdJJEbNh") retry_cnt=0
2026-05-20T11:22:08.925710Z ERROR iota_benchmark: Transaction failed with err: Rpc(Call(ErrorObject { code: ServerError(-32050), message: "Transaction timed out before reaching finality", data: None })) tx_digest=Digest("CAzcHZqh2sJF5gqShrunZHEgbekbXnrfJaLfCaxBmnuf") retry_cnt=0
2026-05-20T11:22:08.928081Z ERROR iota_benchmark: Transaction failed with err: Rpc(Call(ErrorObject { code: ServerError(-32050), message: "Transaction timed out before reaching finality", data: None })) tx_digest=Digest("85SWtqjDDoakM5bf6ri6xCvQwez71JR3p4wTbBLzK7jF") retry_cnt=0
2026-05-20T11:22:08.984051Z ERROR iota_benchmark: Transaction failed with err: Rpc(Call(ErrorObject { code: ServerError(-32050), message: "Transaction timed out before reaching finality", data: None })) tx_digest=Digest("FKQbuStMvuZDCsn4v6A6u13B8ekbZqBa2uq6cVmmyfE") retry_cnt=0
2026-05-20T11:22:08.995558Z ERROR iota_benchmark: Transaction failed with err: Rpc(Call(ErrorObject { code: ServerError(-32050), message: "Transaction timed out before reaching finality", data: None })) tx_digest=Digest("qgrnjuvpcPRweTYg2gcXyX65SMUUDPeniVohWwKgvug") retry_cnt=0
2026-05-20T11:22:09.000627Z ERROR iota_benchmark: Transaction failed with err: Rpc(Call(ErrorObject { code: ServerError(-32050), message: "Transaction timed out before reaching finality", data: None })) tx_digest=Digest("J4CnzZF2c2ghfTmS2s5RHUkbHS65vYtEZzE5ddRzMRWX") retry_cnt=0
2026-05-20T11:22:09.030264Z ERROR iota_benchmark: Transaction failed with err: Rpc(Call(ErrorObject { code: ServerError(-32050), message: "Transaction timed out before reaching finality", data: None })) tx_digest=Digest("6GyR1dcAGsoFZ9H33hSDr8BDjubS78oM1h85gkkB2eEM") retry_cnt=0
2026-05-20T11:22:09.030365Z ERROR iota_benchmark: Transaction failed with err: Rpc(Call(ErrorObject { code: ServerError(-32050), message: "Transaction timed out before reaching finality", data: None })) tx_digest=Digest("7TrKDaeT6pCfEnhNcobEQ77qjRGWTBj8qr9QpqwA36rW") retry_cnt=0
2026-05-20T11:22:09.035736Z ERROR iota_benchmark: Transaction failed with err: Rpc(Call(ErrorObject { code: ServerError(-32050), message: "Transaction timed out before reaching finality", data: None })) tx_digest=Digest("Capgg9L8ZSyjayZrJ8ubKu3eB2Ks94tTupFEiVYBSkbv") retry_cnt=0
2026-05-20T11:22:09.046449Z ERROR iota_benchmark: Transaction failed with err: Rpc(Call(ErrorObject { code: ServerError(-32050), message: "Transaction timed out before reaching finality", data: None })) tx_digest=Digest("9fMP8ahu9X42YTbCkQqwMkWaFr847Nuwk58KqADL7x7L") retry_cnt=0
2026-05-20T11:22:09.053458Z ERROR iota_benchmark: Transaction failed with err: Rpc(Call(ErrorObject { code: ServerError(-32050), message: "Transaction timed out before reaching finality", data: None })) tx_digest=Digest("HhoJcMvGT79Q9Drg2nNVt99FZiPPduBnT7WBJ1xazL2V") retry_cnt=0
2026-05-20T11:22:09.059044Z ERROR iota_benchmark: Transaction failed with err: Rpc(Call(ErrorObject { code: ServerError(-32050), message: "Transaction timed out before reaching finality", data: None })) tx_digest=Digest("HHpxJtPv8ywXo2EgdATszdn51y96KiAijopGbfNfbcmf") retry_cnt=0
2026-05-20T11:22:09.060077Z ERROR iota_benchmark: Transaction failed with err: Rpc(Call(ErrorObject { code: ServerError(-32050), message: "Transaction timed out before reaching finality", data: None })) tx_digest=Digest("3gSD4hkKsrCx5Aj5nJ1MwuAUFbPKsUoS2XeU9dQYzWrF") retry_cnt=0
2026-05-20T11:22:09.062747Z ERROR iota_benchmark: Transaction failed with err: Rpc(Call(ErrorObject { code: ServerError(-32050), message: "Transaction timed out before reaching finality", data: None })) tx_digest=Digest("5hzePoFNqShtp9V1M2JxZ6gPHzrmNiHjGMt6kRJqxtdx") retry_cnt=0
2026-05-20T11:22:09.070247Z ERROR iota_benchmark: Transaction failed with err: Rpc(Call(ErrorObject { code: ServerError(-32050), message: "Transaction timed out before reaching finality", data: None })) tx_digest=Digest("9PXb1h4hxssqSYU2RFW5mEZzPogk22H679nrQnyrqjZ3") retry_cnt=0
2026-05-20T11:22:09.097167Z ERROR iota_benchmark: Transaction failed with err: Rpc(Call(ErrorObject { code: ServerError(-32050), message: "Transaction timed out before reaching finality", data: None })) tx_digest=Digest("47X6sm2tgibZFhLRYBKD8cCErcNs4gDmuunjvN7mRxr1") retry_cnt=0
2026-05-20T11:22:09.104405Z ERROR iota_benchmark: Transaction failed with err: Rpc(Call(ErrorObject { code: ServerError(-32050), message: "Transaction timed out before reaching finality", data: None })) tx_digest=Digest("4EN6iHtMxJaWycKGJybyRVx6DkUB3Bq1HMrnvffGfNEQ") retry_cnt=0
2026-05-20T11:22:09.108112Z ERROR iota_benchmark: Transaction failed with err: Rpc(Call(ErrorObject { code: ServerError(-32050), message: "Transaction timed out before reaching finality", data: None })) tx_digest=Digest("GbMPWd4Af5bqm6Z8igyUT28EUqpkSeS6hZt89dHTce71") retry_cnt=0
2026-05-20T11:22:09.117849Z ERROR iota_benchmark: Transaction failed with err: Rpc(Call(ErrorObject { code: ServerError(-32050), message: "Transaction timed out before reaching finality", data: None })) tx_digest=Digest("EDziNh4GWUpBCvYSMi4kwTAeegWfY1MgmFVsmEwgqQKr") retry_cnt=0
2026-05-20T11:22:09.117889Z ERROR iota_benchmark: Transaction failed with err: Rpc(Call(ErrorObject { code: ServerError(-32050), message: "Transaction timed out before reaching finality", data: None })) tx_digest=Digest("CSUNQx6ZdnURvvxPEpXmMHasXJET8czsu8VPKmLZrsaL") retry_cnt=0
2026-05-20T11:22:09.121978Z ERROR iota_benchmark: Transaction failed with err: Rpc(Call(ErrorObject { code: ServerError(-32050), message: "Transaction timed out before reaching finality", data: None })) tx_digest=Digest("Co4hU2h7rbGAaqkb5ZGfPWyeqgyAAtF6tXbjDC5wmGDL") retry_cnt=0
2026-05-20T11:22:09.125108Z ERROR iota_benchmark: Transaction failed with err: Rpc(Call(ErrorObject { code: ServerError(-32050), message: "Transaction timed out before reaching finality", data: None })) tx_digest=Digest("9xQAF4u96nHFTFngXixg7sLm87xVFm3tUz3YhwujHw1R") retry_cnt=0
2026-05-20T11:22:09.143340Z ERROR iota_benchmark: Transaction failed with err: Rpc(Call(ErrorObject { code: ServerError(-32050), message: "Transaction timed out before reaching finality", data: None })) tx_digest=Digest("6sxhmNWxaMBJ9cqYz9vuaZEZhGvJ1qrnvxqbpmP9ze9K") retry_cnt=0
2026-05-20T11:22:09.145434Z ERROR iota_benchmark: Transaction failed with err: Rpc(Call(ErrorObject { code: ServerError(-32050), message: "Transaction timed out before reaching finality", data: None })) tx_digest=Digest("cGK7z7MNFFN5xafu8m1ziTLtCgthU8c4h6Fh39C6FNp") retry_cnt=0
2026-05-20T11:22:09.146443Z ERROR iota_benchmark: Transaction failed with err: Rpc(Call(ErrorObject { code: ServerError(-32050), message: "Transaction timed out before reaching finality", data: None })) tx_digest=Digest("HqyQyWMFQ6cTYSXNyhBNex3PCasyRw6sPwAwHwt6yJv4") retry_cnt=0
2026-05-20T11:22:09.166414Z ERROR iota_benchmark: Transaction failed with err: Rpc(Call(ErrorObject { code: ServerError(-32050), message: "Transaction timed out before reaching finality", data: None })) tx_digest=Digest("6k9UzxvmrXPTpQSJpKk7DXHqs9sFCxL4qfUEkJnMv36D") retry_cnt=0
2026-05-20T11:22:09.168202Z ERROR iota_benchmark: Transaction failed with err: Rpc(Call(ErrorObject { code: ServerError(-32050), message: "Transaction timed out before reaching finality", data: None })) tx_digest=Digest("68zZpKp9utXZx1wK1SyDpixEvhq1i1UGPnw9f1hPRncM") retry_cnt=0
2026-05-20T11:22:09.181081Z ERROR iota_benchmark: Transaction failed with err: Rpc(Call(ErrorObject { code: ServerError(-32050), message: "Transaction timed out before reaching finality", data: None })) tx_digest=Digest("bqFjDNB8FRzQRbfqSKd8dci3E4iN3M91HfCQ9wooj8g") retry_cnt=0
2026-05-20T11:22:09.181989Z ERROR iota_benchmark: Transaction failed with err: Rpc(Call(ErrorObject { code: ServerError(-32050), message: "Transaction timed out before reaching finality", data: None })) tx_digest=Digest("2m6NRgKR2oKTgQuXojEef9SuPM1ShEToHqNZVBL1XDis") retry_cnt=0
2026-05-20T11:22:09.188844Z ERROR iota_benchmark: Transaction failed with err: Rpc(Call(ErrorObject { code: ServerError(-32050), message: "Transaction timed out before reaching finality", data: None })) tx_digest=Digest("8FzGgnfCkgdRF6FaAXfxEJqxGUutiR4nC9i8CbzsTim6") retry_cnt=0
2026-05-20T11:22:09.263536Z ERROR iota_benchmark: Transaction failed with err: Rpc(Call(ErrorObject { code: ServerError(-32050), message: "Transaction timed out before reaching finality", data: None })) tx_digest=Digest("E3YnsBBDDXjSz9imLQT3RpsTtNT8K5zwKriyBeT49xv1") retry_cnt=0
2026-05-20T11:22:09.265204Z ERROR iota_benchmark: Transaction failed with err: Rpc(Call(ErrorObject { code: ServerError(-32050), message: "Transaction timed out before reaching finality", data: None })) tx_digest=Digest("8RsCEC22usQDtfHGN2nsuFFesJVK3LY1zp6rijL7ySjZ") retry_cnt=0
2026-05-20T11:22:09.271196Z ERROR iota_benchmark: Transaction failed with err: Rpc(Call(ErrorObject { code: ServerError(-32050), message: "Transaction timed out before reaching finality", data: None })) tx_digest=Digest("AjWkckm7q1R2D6NbqqhHhijTScXcKKVR7oVfNKDKMrFB") retry_cnt=0
2026-05-20T11:22:09.274946Z ERROR iota_benchmark: Transaction failed with err: Rpc(Call(ErrorObject { code: ServerError(-32050), message: "Transaction timed out before reaching finality", data: None })) tx_digest=Digest("ASm4fYhDVy7vuFYiVG6v6ptT1o2oFC6XrDNKkrjyF3PG") retry_cnt=0
2026-05-20T11:22:09.275176Z ERROR iota_benchmark: Transaction failed with err: Rpc(Call(ErrorObject { code: ServerError(-32050), message: "Transaction timed out before reaching finality", data: None })) tx_digest=Digest("635ULDF9X7cjp3v4EbmkwdpMXRRMuj1LnTaWo6CoVXVB") retry_cnt=0
2026-05-20T11:22:09.277291Z ERROR iota_benchmark: Transaction failed with err: Rpc(Call(ErrorObject { code: ServerError(-32050), message: "Transaction timed out before reaching finality", data: None })) tx_digest=Digest("HL1KuDuLYooagvcfF2DKCAUhyJbskEsa5w8WDKdKkC5y") retry_cnt=0
2026-05-20T11:22:09.288957Z ERROR iota_benchmark: Transaction failed with err: Rpc(Call(ErrorObject { code: ServerError(-32050), message: "Transaction timed out before reaching finality", data: None })) tx_digest=Digest("DpjVARveoMaFJCNGz7F8CvtmEPHfxTMeceMvkCU9DF6a") retry_cnt=0
2026-05-20T11:22:09.289023Z ERROR iota_benchmark: Transaction failed with err: Rpc(Call(ErrorObject { code: ServerError(-32050), message: "Transaction timed out before reaching finality", data: None })) tx_digest=Digest("3bhmRuqLJ2rcsTsk7VViAbsVvPv9Sc5Rqw2U2DTFa2fW") retry_cnt=0
2026-05-20T11:22:09.289124Z ERROR iota_benchmark: Transaction failed with err: Rpc(Call(ErrorObject { code: ServerError(-32050), message: "Transaction timed out before reaching finality", data: None })) tx_digest=Digest("GS8maxT4494jHNk9nP83Wmrta1GjoSQweJz56DE1kGLE") retry_cnt=0
2026-05-20T11:22:09.299691Z ERROR iota_benchmark: Transaction failed with err: Rpc(Call(ErrorObject { code: ServerError(-32050), message: "Transaction timed out before reaching finality", data: None })) tx_digest=Digest("7Tka7pN5Z8oC7qRXhHUwiksRyQ2C8wfK9vy9pueb5Cks") retry_cnt=0
2026-05-20T11:22:09.299864Z ERROR iota_benchmark: Transaction failed with err: Rpc(Call(ErrorObject { code: ServerError(-32050), message: "Transaction timed out before reaching finality", data: None })) tx_digest=Digest("mbp4y3rQSpsNz5sVxx95yQonS9zXdH4QrP19y7ZGnRq") retry_cnt=0
2026-05-20T11:22:09.302116Z ERROR iota_benchmark: Transaction failed with err: Rpc(Call(ErrorObject { code: ServerError(-32050), message: "Transaction timed out before reaching finality", data: None })) tx_digest=Digest("5KcciFnxMiYkF9u232RFgg8Arq4Ht51YTsauaSVF6uXH") retry_cnt=0
2026-05-20T11:22:09.344687Z ERROR iota_benchmark: Transaction failed with err: Rpc(Call(ErrorObject { code: ServerError(-32050), message: "Transaction timed out before reaching finality", data: None })) tx_digest=Digest("kFfHU4yLbzEW4Yoec4LMz6SAyaRuyyDcJoCwWEQRUYm") retry_cnt=0
2026-05-20T11:22:09.344776Z ERROR iota_benchmark: Transaction failed with err: Rpc(Call(ErrorObject { code: ServerError(-32050), message: "Transaction timed out before reaching finality", data: None })) tx_digest=Digest("C1rzsFdZtVbebRdMkCmsVPucNVsFmqw3Fptoiu1nFVX6") retry_cnt=0
2026-05-20T11:22:09.355888Z ERROR iota_benchmark: Transaction failed with err: Rpc(Call(ErrorObject { code: ServerError(-32050), message: "Transaction timed out before reaching finality", data: None })) tx_digest=Digest("BVPFeS9J65LJcfkiq8s532biAjmZLt9mXS4Sfcqefur7") retry_cnt=0
2026-05-20T11:22:09.367707Z ERROR iota_benchmark: Transaction failed with err: Rpc(Call(ErrorObject { code: ServerError(-32050), message: "Transaction timed out before reaching finality", data: None })) tx_digest=Digest("GrTHSJzZX1DyFDT66VWBrwP5sViRsdSAbvN6sgguEBPL") retry_cnt=0
2026-05-20T11:22:09.384109Z ERROR iota_benchmark: Transaction failed with err: Rpc(Call(ErrorObject { code: ServerError(-32050), message: "Transaction timed out before reaching finality", data: None })) tx_digest=Digest("CY8JkusF1TLwD8Ax1VWgjZuw4qrNCDnHWgM27TnZZoWW") retry_cnt=0
2026-05-20T11:22:09.413419Z ERROR iota_benchmark: Transaction failed with err: Rpc(Call(ErrorObject { code: ServerError(-32050), message: "Transaction timed out before reaching finality", data: None })) tx_digest=Digest("GZfTr6kYYJjfuSUd8DJJqa7C3yt8HLWzLDmEaUovvCN6") retry_cnt=0
2026-05-20T11:22:09.417460Z ERROR iota_benchmark: Transaction failed with err: Rpc(Call(ErrorObject { code: ServerError(-32050), message: "Transaction timed out before reaching finality", data: None })) tx_digest=Digest("HXEAH3GZUAFdL3Jxs27Ssvk54DmjxgUML9bK37iSBvZi") retry_cnt=0
2026-05-20T11:22:09.419349Z ERROR iota_benchmark: Transaction failed with err: Rpc(Call(ErrorObject { code: ServerError(-32050), message: "Transaction timed out before reaching finality", data: None })) tx_digest=Digest("GsvB4SNqDQFnwCqyWpBSnxGFGws1bbfrdjnXW4MHQxJk") retry_cnt=0
2026-05-20T11:22:09.419918Z ERROR iota_benchmark: Transaction failed with err: Rpc(Call(ErrorObject { code: ServerError(-32050), message: "Transaction timed out before reaching finality", data: None })) tx_digest=Digest("GwngR9yeyWWYdaHEWsit1e3HQSoAy9Spaerjvm14G8rL") retry_cnt=0
2026-05-20T11:22:09.420203Z ERROR iota_benchmark: Transaction failed with err: Rpc(Call(ErrorObject { code: ServerError(-32050), message: "Transaction timed out before reaching finality", data: None })) tx_digest=Digest("DiRBeSL4B49hum8riNDD84ntgefaQKLqnTy8bvd4vCj6") retry_cnt=0
2026-05-20T11:22:09.424095Z ERROR iota_benchmark: Transaction failed with err: Rpc(Call(ErrorObject { code: ServerError(-32050), message: "Transaction timed out before reaching finality", data: None })) tx_digest=Digest("DFpHHEV5jHxonrSBgY392VyXzsoU4KpmD6cskr5HbvpM") retry_cnt=0
2026-05-20T11:22:09.426535Z ERROR iota_benchmark: Transaction failed with err: Rpc(Call(ErrorObject { code: ServerError(-32050), message: "Transaction timed out before reaching finality", data: None })) tx_digest=Digest("9fA2fStxQVcsrAcBhdQ1ReDUgyGPnoK5YhCb8giB6Nj") retry_cnt=0
2026-05-20T11:22:09.427951Z ERROR iota_benchmark: Transaction failed with err: Rpc(Call(ErrorObject { code: ServerError(-32050), message: "Transaction timed out before reaching finality", data: None })) tx_digest=Digest("4pAbE67zPRef466frFMprRZn45qoFitCYtM68E1GNnqS") retry_cnt=0
2026-05-20T11:22:09.429578Z ERROR iota_benchmark: Transaction failed with err: Rpc(Call(ErrorObject { code: ServerError(-32050), message: "Transaction timed out before reaching finality", data: None })) tx_digest=Digest("A13qqEPWKjncd6TWMit9ek5GVrnL5ESLUrueACH2YWfo") retry_cnt=0
2026-05-20T11:22:09.430310Z ERROR iota_benchmark: Transaction failed with err: Rpc(Call(ErrorObject { code: ServerError(-32050), message: "Transaction timed out before reaching finality", data: None })) tx_digest=Digest("8Q6LfnkerSW4feE6CAaLh6vh8QNS7UTuqQmR7Y7q8BFA") retry_cnt=0
2026-05-20T11:22:09.432647Z ERROR iota_benchmark: Transaction failed with err: Rpc(Call(ErrorObject { code: ServerError(-32050), message: "Transaction timed out before reaching finality", data: None })) tx_digest=Digest("5tAzmeS3WCa8M8sMTfL5xaMYmCPpVsJUej4EE5DEhH3Y") retry_cnt=0
2026-05-20T11:22:09.432898Z ERROR iota_benchmark: Transaction failed with err: Rpc(Call(ErrorObject { code: ServerError(-32050), message: "Transaction timed out before reaching finality", data: None })) tx_digest=Digest("Ew7yAVBxsTCGC1EBwR6cZtJ1eRnRQ9sePSZdMC6kkjm1") retry_cnt=0
2026-05-20T11:22:09.436151Z ERROR iota_benchmark: Transaction failed with err: Rpc(Call(ErrorObject { code: ServerError(-32050), message: "Transaction timed out before reaching finality", data: None })) tx_digest=Digest("FYey3Bfq9WcJ1qwVtFTacMFrEvYAs3iqMXFLpuke83D5") retry_cnt=0
2026-05-20T11:22:09.436202Z ERROR iota_benchmark: Transaction failed with err: Rpc(Call(ErrorObject { code: ServerError(-32050), message: "Transaction timed out before reaching finality", data: None })) tx_digest=Digest("HVR68Zbd24DjemvPUyGXpfyZXnrePzQWQifNKZvHHLYp") retry_cnt=0
2026-05-20T11:22:09.438538Z ERROR iota_benchmark: Transaction failed with err: Rpc(Call(ErrorObject { code: ServerError(-32050), message: "Transaction timed out before reaching finality", data: None })) tx_digest=Digest("7BYUAaAMPSe2mYWgejjH1kmV5ynN8s7bXoWeq5DBkkHX") retry_cnt=0
2026-05-20T11:22:09.442187Z ERROR iota_benchmark: Transaction failed with err: Rpc(Call(ErrorObject { code: ServerError(-32050), message: "Transaction timed out before reaching finality", data: None })) tx_digest=Digest("CW6Jk5Hz4ReD2HsB9DUU9rpzbJREzghUpHJPoG7E7oVF") retry_cnt=0
2026-05-20T11:22:09.444212Z ERROR iota_benchmark: Transaction failed with err: Rpc(Call(ErrorObject { code: ServerError(-32050), message: "Transaction timed out before reaching finality", data: None })) tx_digest=Digest("7uGNRUfQhK5TEzV227b3m2r8YCNgNv2hmbzruxhTBkx") retry_cnt=0
2026-05-20T11:22:09.445189Z ERROR iota_benchmark: Transaction failed with err: Rpc(Call(ErrorObject { code: ServerError(-32050), message: "Transaction timed out before reaching finality", data: None })) tx_digest=Digest("GEzFGjevPqcMMFgMmcMsuih9D5KCWKXzYZf7P1vQrwzc") retry_cnt=0
2026-05-20T11:22:09.445275Z ERROR iota_benchmark: Transaction failed with err: Rpc(Call(ErrorObject { code: ServerError(-32050), message: "Transaction timed out before reaching finality", data: None })) tx_digest=Digest("FqhHzFmrjZ4pPRrfKmsryH4soL9E3q8buCFDZWTN7tnc") retry_cnt=0
2026-05-20T11:22:09.445321Z ERROR iota_benchmark: Transaction failed with err: Rpc(Call(ErrorObject { code: ServerError(-32050), message: "Transaction timed out before reaching finality", data: None })) tx_digest=Digest("4Lq4jhNqYe7r88hZojSMyNyXWgHpQtoyVWRzaK3Pc9sc") retry_cnt=0
2026-05-20T11:22:09.463872Z ERROR iota_benchmark: Transaction failed with err: Rpc(Call(ErrorObject { code: ServerError(-32050), message: "Transaction timed out before reaching finality", data: None })) tx_digest=Digest("BrDVTy7w6bb8FRcRLBqN2Xf6GDteGiwAJTN4M7E6pQzK") retry_cnt=0
2026-05-20T11:22:09.464040Z ERROR iota_benchmark: Transaction failed with err: Rpc(Call(ErrorObject { code: ServerError(-32050), message: "Transaction timed out before reaching finality", data: None })) tx_digest=Digest("9esAwF2w1ttT7UAe6Vux9mh2a2dmEwUPwyV8pPkEEhGt") retry_cnt=0
2026-05-20T11:22:09.477116Z ERROR iota_benchmark: Transaction failed with err: Rpc(Call(ErrorObject { code: ServerError(-32050), message: "Transaction timed out before reaching finality", data: None })) tx_digest=Digest("BX1BuQfymG8DAcu7JQmg86MoHkoX4ZMqx7QZGxQNJJiR") retry_cnt=0
2026-05-20T11:22:09.506071Z ERROR iota_benchmark: Transaction failed with err: Rpc(Call(ErrorObject { code: ServerError(-32050), message: "Transaction timed out before reaching finality", data: None })) tx_digest=Digest("Ez6xPHHHe1TQw8mCAXGZhLhzqBM1kkYoVCVqPHCUxjUP") retry_cnt=0
2026-05-20T11:22:09.509136Z ERROR iota_benchmark: Transaction failed with err: Rpc(Call(ErrorObject { code: ServerError(-32050), message: "Transaction timed out before reaching finality", data: None })) tx_digest=Digest("paMBm3kNpEkzuoN9yyzHtHtzEnscmpRNYnSr9QMzgGe") retry_cnt=0
2026-05-20T11:22:09.509575Z ERROR iota_benchmark: Transaction failed with err: Rpc(Call(ErrorObject { code: ServerError(-32050), message: "Transaction timed out before reaching finality", data: None })) tx_digest=Digest("FUXad2hzSknmxQ8B4wmpJgR1H4yHbnYNN6FsKLiLeDrg") retry_cnt=0
2026-05-20T11:22:09.509668Z ERROR iota_benchmark: Transaction failed with err: Rpc(Call(ErrorObject { code: ServerError(-32050), message: "Transaction timed out before reaching finality", data: None })) tx_digest=Digest("Geddv3GVy7HUQAhnSRwxmVxeRtU4WvoCeb4k6Zv41U34") retry_cnt=0
2026-05-20T11:22:09.526928Z ERROR iota_benchmark: Transaction failed with err: Rpc(Call(ErrorObject { code: ServerError(-32050), message: "Transaction timed out before reaching finality", data: None })) tx_digest=Digest("7vN6XoCjviHRJzGk7kifKGTrvxNto8kH1WYJ2aUHAYEe") retry_cnt=0
2026-05-20T11:22:09.540028Z ERROR iota_benchmark: Transaction failed with err: Rpc(Call(ErrorObject { code: ServerError(-32050), message: "Transaction timed out before reaching finality", data: None })) tx_digest=Digest("AztKr4ZiL8CfEtehST8yEExEA2VvZkNsFMVrh21ZrnXR") retry_cnt=0
2026-05-20T11:22:09.561056Z ERROR iota_benchmark: Transaction failed with err: Rpc(Call(ErrorObject { code: ServerError(-32050), message: "Transaction timed out before reaching finality", data: None })) tx_digest=Digest("8rurpmnRaYNJF2ETagEY5DfWgV5wsa85KbQwSj4wGk5U") retry_cnt=0
2026-05-20T11:22:09.571440Z ERROR iota_benchmark: Transaction failed with err: Rpc(Call(ErrorObject { code: ServerError(-32050), message: "Transaction timed out before reaching finality", data: None })) tx_digest=Digest("8xShdM2m6w5QtDQMjSCgS8sEcRAPQ9Q9s41h4Hs5HHKK") retry_cnt=0
2026-05-20T11:22:09.577127Z ERROR iota_benchmark: Transaction failed with err: Rpc(Call(ErrorObject { code: ServerError(-32050), message: "Transaction timed out before reaching finality", data: None })) tx_digest=Digest("ESkwwYzuojpu2tDAV28e86cGA54JCaW7Ps6ojFwhjm65") retry_cnt=0
2026-05-20T11:22:09.580317Z ERROR iota_benchmark: Transaction failed with err: Rpc(Call(ErrorObject { code: ServerError(-32050), message: "Transaction timed out before reaching finality", data: None })) tx_digest=Digest("7iHgido82EEWxr8vbDsT33Ac8BDE6Q8bwZDDYqRuptHm") retry_cnt=0
2026-05-20T11:22:09.586358Z ERROR iota_benchmark: Transaction failed with err: Rpc(Call(ErrorObject { code: ServerError(-32050), message: "Transaction timed out before reaching finality", data: None })) tx_digest=Digest("5wXDZzJKNyNoGkYeVW64c44PdhCGcAcwqjML4oNFHVj8") retry_cnt=0
2026-05-20T11:22:09.601629Z ERROR iota_benchmark: Transaction failed with err: Rpc(Call(ErrorObject { code: ServerError(-32050), message: "Transaction timed out before reaching finality", data: None })) tx_digest=Digest("Fizx1bb2mJWwUTGogqyLZHnchhktC2mL95XBo8UM9Quk") retry_cnt=0
2026-05-20T11:22:09.601754Z ERROR iota_benchmark: Transaction failed with err: Rpc(Call(ErrorObject { code: ServerError(-32050), message: "Transaction timed out before reaching finality", data: None })) tx_digest=Digest("36oNq1mDSevdR4vrmgyXZWNwip7VvYfpyoFTtEotgvW2") retry_cnt=0
2026-05-20T11:22:09.632206Z ERROR iota_benchmark: Transaction failed with err: Rpc(Call(ErrorObject { code: ServerError(-32050), message: "Transaction timed out before reaching finality", data: None })) tx_digest=Digest("HCTwGwL8pGQuky8LTTwdqaro4wzLzmCsbytPwgxSNn4r") retry_cnt=0
2026-05-20T11:22:09.652846Z ERROR iota_benchmark: Transaction failed with err: Rpc(Call(ErrorObject { code: ServerError(-32050), message: "Transaction timed out before reaching finality", data: None })) tx_digest=Digest("8DZRzP33BBH47J54XUtf8wcHLumpnMbdRtHvQZvwSLhe") retry_cnt=0
2026-05-20T11:22:09.669424Z ERROR iota_benchmark: Transaction failed with err: Rpc(Call(ErrorObject { code: ServerError(-32050), message: "Transaction timed out before reaching finality", data: None })) tx_digest=Digest("6a4yHQppu9VoFnNACFLzseZVuMEy5HpHrEbQmekrQ2N2") retry_cnt=0
2026-05-20T11:22:09.823147Z ERROR iota_benchmark: Transaction failed with err: Rpc(Call(ErrorObject { code: ServerError(-32050), message: "Transaction timed out before reaching finality", data: None })) tx_digest=Digest("GHF1b3eA7xAzbwPm3a68P1XjWpLqcKnrqZgSmzNz25Q8") retry_cnt=0
2026-05-20T11:22:09.829712Z ERROR iota_benchmark: Transaction failed with err: Rpc(Call(ErrorObject { code: ServerError(-32050), message: "Transaction timed out before reaching finality", data: None })) tx_digest=Digest("8CYpC9LtLid6dfDd6zcMkd3wcdDUM2qSBKw3XjJrH2da") retry_cnt=0
2026-05-20T11:22:09.830938Z ERROR iota_benchmark: Transaction failed with err: Rpc(Call(ErrorObject { code: ServerError(-32050), message: "Transaction timed out before reaching finality", data: None })) tx_digest=Digest("Eji9QpnmSAw9e7U9RaCNiCjTPfCpvR164C3w65nyzC4m") retry_cnt=0
2026-05-20T11:22:09.846125Z ERROR iota_benchmark: Transaction failed with err: Rpc(Call(ErrorObject { code: ServerError(-32050), message: "Transaction timed out before reaching finality", data: None })) tx_digest=Digest("355d9ZUjrq9MuGQUf22xR9j1DHAxemhTSea754xsbTw2") retry_cnt=0
2026-05-20T11:22:09.882766Z ERROR iota_benchmark: Transaction failed with err: Rpc(Call(ErrorObject { code: ServerError(-32050), message: "Transaction timed out before reaching finality", data: None })) tx_digest=Digest("EPKpkZTa8CaC7orVvJrT1YKtPehAekdUoBuvAj4PGxa8") retry_cnt=0
2026-05-20T11:22:09.906237Z ERROR iota_benchmark: Transaction failed with err: Rpc(Call(ErrorObject { code: ServerError(-32050), message: "Transaction timed out before reaching finality", data: None })) tx_digest=Digest("BMZZgr6SBASJSC8NH6uMTfRfDVktn13tRHX9Zrm92kGT") retry_cnt=0
2026-05-20T11:22:09.909387Z ERROR iota_benchmark: Transaction failed with err: Rpc(Call(ErrorObject { code: ServerError(-32050), message: "Transaction timed out before reaching finality", data: None })) tx_digest=Digest("4bviaRNfh8wvFExvL7do76rxr4LprEkRYqwPKkXdmhji") retry_cnt=0
2026-05-20T11:22:09.937470Z ERROR iota_benchmark: Transaction failed with err: Rpc(Call(ErrorObject { code: ServerError(-32050), message: "Transaction timed out before reaching finality", data: None })) tx_digest=Digest("9WAPp8zWtSV1Y3cVWg2G5S54ZkdGAyyNeLUiMKp5V2HT") retry_cnt=0
2026-05-20T11:22:09.939066Z ERROR iota_benchmark: Transaction failed with err: Rpc(Call(ErrorObject { code: ServerError(-32050), message: "Transaction timed out before reaching finality", data: None })) tx_digest=Digest("GTeCD9Q4P2A64BG1G6JUX8LkDGzRoGex26ejmg2oVXSv") retry_cnt=0
2026-05-20T11:22:09.978004Z ERROR iota_benchmark: Transaction failed with err: Rpc(Call(ErrorObject { code: ServerError(-32050), message: "Transaction timed out before reaching finality", data: None })) tx_digest=Digest("FDhVKkybdG7NYLFH3dFY3BwhN19UCKo6VmKdja4di7xR") retry_cnt=0
2026-05-20T11:22:09.979315Z ERROR iota_benchmark: Transaction failed with err: Rpc(Call(ErrorObject { code: ServerError(-32050), message: "Transaction timed out before reaching finality", data: None })) tx_digest=Digest("9TM7ny4VqQirAdGMNXcFUYrLN9eU2iwnLvCe5RFwB7VH") retry_cnt=0
2026-05-20T11:22:09.998028Z ERROR iota_benchmark: Transaction failed with err: Rpc(Call(ErrorObject { code: ServerError(-32050), message: "Transaction timed out before reaching finality", data: None })) tx_digest=Digest("EXLmY7Sg2nXGg8AjRHfymooHwCZm8xckRx8N7Zh8nHQV") retry_cnt=0
2026-05-20T11:22:10.052622Z ERROR iota_benchmark: Transaction failed with err: Rpc(Call(ErrorObject { code: ServerError(-32050), message: "Transaction timed out before reaching finality", data: None })) tx_digest=Digest("Ast6KHUR4vDokaFwYcz1RkFPXKv96BqtbMA1mXdGydQg") retry_cnt=0
2026-05-20T11:22:10.055265Z ERROR iota_benchmark: Transaction failed with err: Rpc(Call(ErrorObject { code: ServerError(-32050), message: "Transaction timed out before reaching finality", data: None })) tx_digest=Digest("GfLW4XzKYFVWwq4zpKrVAb1kziXbBAmMThi1NzDWpAwp") retry_cnt=0
2026-05-20T11:22:10.088005Z ERROR iota_benchmark: Transaction failed with err: Rpc(Call(ErrorObject { code: ServerError(-32050), message: "Transaction timed out before reaching finality", data: None })) tx_digest=Digest("E6Uc5jawp245hyECczM526QG8V2FkXrixy96b57uEKCg") retry_cnt=0
2026-05-20T11:22:10.113110Z ERROR iota_benchmark: Transaction failed with err: Rpc(Call(ErrorObject { code: ServerError(-32050), message: "Transaction timed out before reaching finality", data: None })) tx_digest=Digest("AErmcHKHGdfxG4aiwtX7bLmVkMrYicZQfoPKVV1qrS5a") retry_cnt=0
2026-05-20T11:22:10.160541Z ERROR iota_benchmark: Transaction failed with err: Rpc(Call(ErrorObject { code: ServerError(-32050), message: "Transaction timed out before reaching finality", data: None })) tx_digest=Digest("Hegm4bXcrjaGcenXbfuVniTCmps3VWMsxViyEFDHhAyz") retry_cnt=0
2026-05-20T11:22:10.179005Z ERROR iota_benchmark: Transaction failed with err: Rpc(Call(ErrorObject { code: ServerError(-32050), message: "Transaction timed out before reaching finality", data: None })) tx_digest=Digest("9qoD7RxGgxbRkGsfrA9Bo9fmuAW7EUc1eDTkQKBd4Tir") retry_cnt=0
2026-05-20T11:22:10.201021Z ERROR iota_benchmark: Transaction failed with err: Rpc(Call(ErrorObject { code: ServerError(-32050), message: "Transaction timed out before reaching finality", data: None })) tx_digest=Digest("8gCMmfVrDd4J93CiTaSyRR6iZ8tLSn5VMngL1L1mSg4i") retry_cnt=0
2026-05-20T11:22:10.229526Z ERROR iota_benchmark: Transaction failed with err: Rpc(Call(ErrorObject { code: ServerError(-32050), message: "Transaction timed out before reaching finality", data: None })) tx_digest=Digest("CGon5y9WbDJ2MUUP1nyXs9KEm7UZNBM7QktbSkP8SwaS") retry_cnt=0
2026-05-20T11:22:10.270994Z ERROR iota_benchmark: Transaction failed with err: Rpc(Call(ErrorObject { code: ServerError(-32050), message: "Transaction timed out before reaching finality", data: None })) tx_digest=Digest("2Qx3cT9vJvTmgGGEWN79rtSU5TKjffEfu1kVq4WMuKVn") retry_cnt=0
2026-05-20T11:22:10.296829Z ERROR iota_benchmark: Transaction failed with err: Rpc(Call(ErrorObject { code: ServerError(-32050), message: "Transaction timed out before reaching finality", data: None })) tx_digest=Digest("Cq33fdBFd5jc4AGusuhJaxa8w3Add27hi8HyTPeRpxwS") retry_cnt=0
2026-05-20T11:22:10.316738Z ERROR iota_benchmark: Transaction failed with err: Rpc(Call(ErrorObject { code: ServerError(-32050), message: "Transaction timed out before reaching finality", data: None })) tx_digest=Digest("7pa5RdSrVFDVvDoKs7QSEuQak5RDpSM6yFXDA1HcZgC1") retry_cnt=0
2026-05-20T11:22:10.338986Z ERROR iota_benchmark: Transaction failed with err: Rpc(Call(ErrorObject { code: ServerError(-32050), message: "Transaction timed out before reaching finality", data: None })) tx_digest=Digest("4soo1ntLkTCHizhmcVu1gtq4MkKbvTWsBgu7796JWJL5") retry_cnt=0
2026-05-20T11:22:10.356912Z ERROR iota_benchmark: Transaction failed with err: Rpc(Call(ErrorObject { code: ServerError(-32050), message: "Transaction timed out before reaching finality", data: None })) tx_digest=Digest("Edaje2Ju57s6x3vNXWJXaQwh3kmiyQE5BNgdpipKNE19") retry_cnt=0
2026-05-20T11:22:10.360991Z ERROR iota_benchmark: Transaction failed with err: Rpc(Call(ErrorObject { code: ServerError(-32050), message: "Transaction timed out before reaching finality", data: None })) tx_digest=Digest("Gs8e249FBUcdcrefmR5qmQKa4hsSv1GEfFLy1ALZAife") retry_cnt=0
2026-05-20T11:22:10.394073Z ERROR iota_benchmark: Transaction failed with err: Rpc(Call(ErrorObject { code: ServerError(-32050), message: "Transaction timed out before reaching finality", data: None })) tx_digest=Digest("FoNyDPGV9CRfFnV3brXHQNSqhrn7ePiWx8JCTsnmDc9i") retry_cnt=0
2026-05-20T11:22:10.464166Z ERROR iota_benchmark: Transaction failed with err: Rpc(Call(ErrorObject { code: ServerError(-32050), message: "Transaction timed out before reaching finality", data: None })) tx_digest=Digest("4wNomCEgER71Jdf6cycy8rndFt3Q442Yztcy25wFFqu1") retry_cnt=0
2026-05-20T11:22:10.496036Z ERROR iota_benchmark: Transaction failed with err: Rpc(Call(ErrorObject { code: ServerError(-32050), message: "Transaction timed out before reaching finality", data: None })) tx_digest=Digest("5buA384YFTYE4orSgKr2MrYSVgu9Hfwrx9LYbrVS1Hjw") retry_cnt=0
2026-05-20T11:22:10.496356Z ERROR iota_benchmark: Transaction failed with err: Rpc(Call(ErrorObject { code: ServerError(-32050), message: "Transaction timed out before reaching finality", data: None })) tx_digest=Digest("527ynWGKwnAZsJDjpPk1JvSQ2bRkdGr1UzKkUaNzT178") retry_cnt=0
2026-05-20T11:22:10.506223Z ERROR iota_benchmark: Transaction failed with err: Rpc(Call(ErrorObject { code: ServerError(-32050), message: "Transaction timed out before reaching finality", data: None })) tx_digest=Digest("3dMM3w1xWXYNc8Z8pJNjz9hPnwwYtWyJHjvXiqTnonsU") retry_cnt=0
2026-05-20T11:22:10.585853Z ERROR iota_benchmark: Transaction failed with err: Rpc(Call(ErrorObject { code: ServerError(-32050), message: "Transaction timed out before reaching finality", data: None })) tx_digest=Digest("6Dgf19XcEEGSJ59RPfmBfx5Gbi6vNncHnwxsTjbFupAe") retry_cnt=0
2026-05-20T11:22:10.587144Z ERROR iota_benchmark: Transaction failed with err: Rpc(Call(ErrorObject { code: ServerError(-32050), message: "Transaction timed out before reaching finality", data: None })) tx_digest=Digest("ETpwVrrT33jhPhPb66t9FGrb6BVpbKf4uN4ZeTRnu8Hg") retry_cnt=0
2026-05-20T11:22:10.624627Z ERROR iota_benchmark: Transaction failed with err: Rpc(Call(ErrorObject { code: ServerError(-32050), message: "Transaction timed out before reaching finality", data: None })) tx_digest=Digest("EJ6NJSADNwYrJv9KQCqWucpJ16whc64hMoozpPgMBpAx") retry_cnt=0
2026-05-20T11:22:10.645606Z ERROR iota_benchmark: Transaction failed with err: Rpc(Call(ErrorObject { code: ServerError(-32050), message: "Transaction timed out before reaching finality", data: None })) tx_digest=Digest("8KbHWaEyRXUWB7BEmjetpRsQMx5pNn9JjKouLSJVqbux") retry_cnt=0
2026-05-20T11:22:10.668192Z ERROR iota_benchmark: Transaction failed with err: Rpc(Call(ErrorObject { code: ServerError(-32050), message: "Transaction timed out before reaching finality", data: None })) tx_digest=Digest("2qKpzJ4H9C7n5XUkFCaZgyeb7vmsHdE3FGMzjeg7zPW5") retry_cnt=0
2026-05-20T11:22:10.677068Z ERROR iota_benchmark: Transaction failed with err: Rpc(Call(ErrorObject { code: ServerError(-32050), message: "Transaction timed out before reaching finality", data: None })) tx_digest=Digest("6hnzPDhEMgf85QM4Tkb8mhQYF3PwdsdRbn1m6yyY2sRU") retry_cnt=0
2026-05-20T11:22:10.764546Z ERROR iota_benchmark: Transaction failed with err: Rpc(Call(ErrorObject { code: ServerError(-32050), message: "Transaction timed out before reaching finality", data: None })) tx_digest=Digest("GoeyXczDBGQJm7sNoJg1KCGUvdBqhobqNyrtq42JArjk") retry_cnt=0
2026-05-20T11:22:10.928410Z ERROR iota_benchmark: Transaction failed with err: Rpc(Call(ErrorObject { code: ServerError(-32050), message: "Transaction timed out before reaching finality", data: None })) tx_digest=Digest("BU6WsmieiueQ6VUA7bNkDqTfqL1nqaVCYc2Y5xGUjVWq") retry_cnt=0
2026-05-20T11:22:10.937523Z ERROR iota_benchmark: Transaction failed with err: Rpc(Call(ErrorObject { code: ServerError(-32050), message: "Transaction timed out before reaching finality", data: None })) tx_digest=Digest("3TDdUwj7FxWu4Yfkq4wbYZn4SdA9dctziCPLNCzrwP1Q") retry_cnt=0
2026-05-20T11:22:10.938070Z ERROR iota_benchmark: Transaction failed with err: Rpc(Call(ErrorObject { code: ServerError(-32050), message: "Transaction timed out before reaching finality", data: None })) tx_digest=Digest("8sCAqzeTU9mkyPU3tJ67VnoNiELdAzct6YodpqoiqSmQ") retry_cnt=0
2026-05-20T11:22:10.952239Z ERROR iota_benchmark: Transaction failed with err: Rpc(Call(ErrorObject { code: ServerError(-32050), message: "Transaction timed out before reaching finality", data: None })) tx_digest=Digest("2Se1pRzSAvBD6tXD7ZcMebSsj26sj37txtr4KbLqBToe") retry_cnt=0
2026-05-20T11:22:10.952698Z ERROR iota_benchmark: Transaction failed with err: Rpc(Call(ErrorObject { code: ServerError(-32050), message: "Transaction timed out before reaching finality", data: None })) tx_digest=Digest("9eGDQjmf2hdW7WZUgPaSrFK9zNdonCqA7RzdQzy2pfUf") retry_cnt=0
2026-05-20T11:22:11.068754Z ERROR iota_benchmark: Transaction failed with err: Rpc(Call(ErrorObject { code: ServerError(-32050), message: "Transaction timed out before reaching finality", data: None })) tx_digest=Digest("AcXAuT4apbvCUoE1zACs2w84mzKvLkCTghBHULknvVwc") retry_cnt=0
2026-05-20T11:22:11.072117Z ERROR iota_benchmark: Transaction failed with err: Rpc(Call(ErrorObject { code: ServerError(-32050), message: "Transaction timed out before reaching finality", data: None })) tx_digest=Digest("CkRsEtmfT9hrq3gSZZwnVXVR5J6W9BHHEXiPvJN8PgdV") retry_cnt=0
2026-05-20T11:22:11.072260Z ERROR iota_benchmark: Transaction failed with err: Rpc(Call(ErrorObject { code: ServerError(-32050), message: "Transaction timed out before reaching finality", data: None })) tx_digest=Digest("8NCihZyvAa9QWGaUxyS6Y5aYVcrLnRkSVJW3J5qpwoto") retry_cnt=0
2026-05-20T11:22:11.080085Z ERROR iota_benchmark: Transaction failed with err: Rpc(Call(ErrorObject { code: ServerError(-32050), message: "Transaction timed out before reaching finality", data: None })) tx_digest=Digest("8qRE5fFPcGYQ5kN7Njsry1YMasM5i8NJoEFeRti6DtQW") retry_cnt=0
2026-05-20T11:22:11.088936Z ERROR iota_benchmark: Transaction failed with err: Rpc(Call(ErrorObject { code: ServerError(-32050), message: "Transaction timed out before reaching finality", data: None })) tx_digest=Digest("6Us1XePE1cefjHUaraE8WBeTpisV6byk42aJWDPfbYEy") retry_cnt=0
2026-05-20T11:22:11.089160Z ERROR iota_benchmark: Transaction failed with err: Rpc(Call(ErrorObject { code: ServerError(-32050), message: "Transaction timed out before reaching finality", data: None })) tx_digest=Digest("8KKqiymGd8uDFSb2r2s1imtjMgRMQi8cjktMeZH5D9XN") retry_cnt=0
2026-05-20T11:22:11.090546Z ERROR iota_benchmark: Transaction failed with err: Rpc(Call(ErrorObject { code: ServerError(-32050), message: "Transaction timed out before reaching finality", data: None })) tx_digest=Digest("4qynqGPyVzfYy48Qug9QLU7C57eRzMdhwwQdYFRvSVkZ") retry_cnt=0
2026-05-20T11:22:11.106532Z ERROR iota_benchmark: Transaction failed with err: Rpc(Call(ErrorObject { code: ServerError(-32050), message: "Transaction timed out before reaching finality", data: None })) tx_digest=Digest("HYvyYRYHMPBKGArjhkmGywznDZBHaZt476KiTG9yBNYZ") retry_cnt=0
2026-05-20T11:22:11.189086Z ERROR iota_benchmark: Transaction failed with err: Rpc(Call(ErrorObject { code: ServerError(-32050), message: "Transaction timed out before reaching finality", data: None })) tx_digest=Digest("9Uj6PVUCPxXJjr48Td76637Q4VBQ5Z1KhbnM5DdJSWSE") retry_cnt=0
2026-05-20T11:22:11.202096Z ERROR iota_benchmark: Transaction failed with err: Rpc(Call(ErrorObject { code: ServerError(-32050), message: "Transaction timed out before reaching finality", data: None })) tx_digest=Digest("2fSBmgryY4NwFhRfrMtiprJ1QGEEL3bx2QtN66cwF6da") retry_cnt=0
2026-05-20T11:22:11.252462Z ERROR iota_benchmark: Transaction failed with err: Rpc(Call(ErrorObject { code: ServerError(-32050), message: "Transaction timed out before reaching finality", data: None })) tx_digest=Digest("HfAJb2SayJ9md5K99d7vGPJwd49kkb3ZKV3hvsiqDTRG") retry_cnt=0
2026-05-20T11:22:11.295721Z ERROR iota_benchmark: Transaction failed with err: Rpc(Call(ErrorObject { code: ServerError(-32050), message: "Transaction timed out before reaching finality", data: None })) tx_digest=Digest("86yxYjRppT3PTYHviBJgGeK156jxasDg8PHcyFT48ijt") retry_cnt=0
2026-05-20T11:22:11.307996Z ERROR iota_benchmark: Transaction failed with err: Rpc(Call(ErrorObject { code: ServerError(-32050), message: "Transaction timed out before reaching finality", data: None })) tx_digest=Digest("A4iP7wZbvZ9bBBzXDeKZmnfQFTsCp9RcV7H1amnkLyGp") retry_cnt=0
2026-05-20T11:22:11.365189Z ERROR iota_benchmark: Transaction failed with err: Rpc(Call(ErrorObject { code: ServerError(-32050), message: "Transaction timed out before reaching finality", data: None })) tx_digest=Digest("7qJjY3nL5JbC1CjpkA5XgHcykgELZb2B9RCzCBNhimYo") retry_cnt=0
2026-05-20T11:22:11.375843Z ERROR iota_benchmark: Transaction failed with err: Rpc(Call(ErrorObject { code: ServerError(-32050), message: "Transaction timed out before reaching finality", data: None })) tx_digest=Digest("8vt6WdhhHG5DMskixJrrp7NktdcvrrWJ5BDGjdk3goqB") retry_cnt=0
2026-05-20T11:22:11.397568Z ERROR iota_benchmark: Transaction failed with err: Rpc(Call(ErrorObject { code: ServerError(-32050), message: "Transaction timed out before reaching finality", data: None })) tx_digest=Digest("EydY4xw7UKdnpAKdJMgGyGVHSvGf374Z5K5QuebxsyTr") retry_cnt=0
2026-05-20T11:22:11.514443Z ERROR iota_benchmark: Transaction failed with err: Rpc(Call(ErrorObject { code: ServerError(-32050), message: "Transaction timed out before reaching finality", data: None })) tx_digest=Digest("CebGAwizDJ8mPup714gq1Kp8YYv8b88xHxV1aGmK7fy") retry_cnt=0
2026-05-20T11:22:11.524182Z ERROR iota_benchmark: Transaction failed with err: Rpc(Call(ErrorObject { code: ServerError(-32050), message: "Transaction timed out before reaching finality", data: None })) tx_digest=Digest("5oXBTUo4rKsHGemp9aiqaaS47PzcY645Pf9UgwZM5mnN") retry_cnt=0
2026-05-20T11:22:11.527027Z ERROR iota_benchmark: Transaction failed with err: Rpc(Call(ErrorObject { code: ServerError(-32050), message: "Transaction timed out before reaching finality", data: None })) tx_digest=Digest("8rQjiD7UDFAa2vh24WihNXYhVWqWmKxiSTLEehHj6ACV") retry_cnt=0
2026-05-20T11:22:11.580219Z ERROR iota_benchmark: Transaction failed with err: Rpc(Call(ErrorObject { code: ServerError(-32050), message: "Transaction timed out before reaching finality", data: None })) tx_digest=Digest("7e5UeDPDZkz3QMemJMhm7gPsECwjNvotVzqZvBzaS16m") retry_cnt=0
2026-05-20T11:22:11.588412Z ERROR iota_benchmark: Transaction failed with err: Rpc(Call(ErrorObject { code: ServerError(-32050), message: "Transaction timed out before reaching finality", data: None })) tx_digest=Digest("9TiA9JJGf4Uvsw1xFAAqSEFW4C7Gnm64J3Mb2Tx7s62u") retry_cnt=0
2026-05-20T11:22:11.589762Z ERROR iota_benchmark: Transaction failed with err: Rpc(Call(ErrorObject { code: ServerError(-32050), message: "Transaction timed out before reaching finality", data: None })) tx_digest=Digest("ABrGEkZxSmqhjNHHemnEMLs4dKPn9L18TCqzLS5tqfat") retry_cnt=0
2026-05-20T11:22:11.605084Z ERROR iota_benchmark: Transaction failed with err: Rpc(Call(ErrorObject { code: ServerError(-32050), message: "Transaction timed out before reaching finality", data: None })) tx_digest=Digest("C4SuJnbNMk3emK3DkAP1FyTMATatvGKMYtyTpuU8zyHA") retry_cnt=0
2026-05-20T11:22:11.608115Z ERROR iota_benchmark: Transaction failed with err: Rpc(Call(ErrorObject { code: ServerError(-32050), message: "Transaction timed out before reaching finality", data: None })) tx_digest=Digest("HLVoyhYeURLTavi9shJbACwRE5u7BaBsN6XHPe5AqJ2a") retry_cnt=0
2026-05-20T11:22:11.617713Z ERROR iota_benchmark: Transaction failed with err: Rpc(Call(ErrorObject { code: ServerError(-32050), message: "Transaction timed out before reaching finality", data: None })) tx_digest=Digest("AU9D4Eo7BjRhEym4V1ApmkDDpxGkX3VhG7bP2BSAtQVc") retry_cnt=0
2026-05-20T11:22:11.617770Z ERROR iota_benchmark: Transaction failed with err: Rpc(Call(ErrorObject { code: ServerError(-32050), message: "Transaction timed out before reaching finality", data: None })) tx_digest=Digest("3kR9zZ17LfnTFCfW2oZJ41fQc9qJYC9cnn4EYkebn4za") retry_cnt=0
2026-05-20T11:22:11.637130Z ERROR iota_benchmark: Transaction failed with err: Rpc(Call(ErrorObject { code: ServerError(-32050), message: "Transaction timed out before reaching finality", data: None })) tx_digest=Digest("6LYshB2M5vo39PbcXqTUQ762xJaJfLqbHjBrLtieUG7r") retry_cnt=0
2026-05-20T11:22:11.712103Z ERROR iota_benchmark: Transaction failed with err: Rpc(Call(ErrorObject { code: ServerError(-32050), message: "Transaction timed out before reaching finality", data: None })) tx_digest=Digest("vCXpYBn9druYLjkf4XkQQsNWxoRytrdRhm4AHboLXq1") retry_cnt=0
2026-05-20T11:22:11.712930Z ERROR iota_benchmark: Transaction failed with err: Rpc(Call(ErrorObject { code: ServerError(-32050), message: "Transaction timed out before reaching finality", data: None })) tx_digest=Digest("8hYdVNMvNmUyLFyTaj1LkMYJY2rccoe9iuHzj6Na8uSc") retry_cnt=0
2026-05-20T11:22:11.713695Z ERROR iota_benchmark: Transaction failed with err: Rpc(Call(ErrorObject { code: ServerError(-32050), message: "Transaction timed out before reaching finality", data: None })) tx_digest=Digest("6H8awWUdKaXnVr5ihNVzZVSwbEGZRqhnAPDrBPpxG8iM") retry_cnt=0
2026-05-20T11:22:11.714523Z ERROR iota_benchmark: Transaction failed with err: Rpc(Call(ErrorObject { code: ServerError(-32050), message: "Transaction timed out before reaching finality", data: None })) tx_digest=Digest("2JpyonyDnUUGpLAsJB5bcNc5tp6AwXzSv2R7UfytnYgb") retry_cnt=0
2026-05-20T11:22:11.726673Z ERROR iota_benchmark: Transaction failed with err: Rpc(Call(ErrorObject { code: ServerError(-32050), message: "Transaction timed out before reaching finality", data: None })) tx_digest=Digest("5L5ZuBU2mnBnG5EM6NhnC3XPJLEptRJqfyN9jvF11DSd") retry_cnt=0
2026-05-20T11:22:11.731749Z ERROR iota_benchmark: Transaction failed with err: Rpc(Call(ErrorObject { code: ServerError(-32050), message: "Transaction timed out before reaching finality", data: None })) tx_digest=Digest("Diugo2CjWDqugBdyi6zcpha9vZCUsY45emwEJDGGvEQP") retry_cnt=0
2026-05-20T11:22:11.731951Z ERROR iota_benchmark: Transaction failed with err: Rpc(Call(ErrorObject { code: ServerError(-32050), message: "Transaction timed out before reaching finality", data: None })) tx_digest=Digest("AXL3hVoBLaKPdeEsv1MXDx6v76FHY9K6n7ibtjLwmQoc") retry_cnt=0
2026-05-20T11:22:11.732942Z ERROR iota_benchmark: Transaction failed with err: Rpc(Call(ErrorObject { code: ServerError(-32050), message: "Transaction timed out before reaching finality", data: None })) tx_digest=Digest("4q6juPLjW3cbhq8rAY3M3ruP8A1GR87XeJLtkPk99zeb") retry_cnt=0
2026-05-20T11:22:11.734721Z ERROR iota_benchmark: Transaction failed with err: Rpc(Call(ErrorObject { code: ServerError(-32050), message: "Transaction timed out before reaching finality", data: None })) tx_digest=Digest("6T6rhyvZpzVRVGbK6eqrKasSpBifG3Vmq1VkKe1omGje") retry_cnt=0
2026-05-20T11:22:11.747869Z ERROR iota_benchmark: Transaction failed with err: Rpc(Call(ErrorObject { code: ServerError(-32050), message: "Transaction timed out before reaching finality", data: None })) tx_digest=Digest("92kodQxKNQfG1RhFwvKQnkDVsnvLPFrEX2nQGgtoPwqv") retry_cnt=0
2026-05-20T11:22:11.787159Z ERROR iota_benchmark: Transaction failed with err: Rpc(Call(ErrorObject { code: ServerError(-32050), message: "Transaction timed out before reaching finality", data: None })) tx_digest=Digest("GVWiBLLtSEZwwnaSUeQzWQ5B3yXnxNdXcvEsRWUbDjbB") retry_cnt=0
2026-05-20T11:22:11.791297Z ERROR iota_benchmark: Transaction failed with err: Rpc(Call(ErrorObject { code: ServerError(-32050), message: "Transaction timed out before reaching finality", data: None })) tx_digest=Digest("GqjN3PM2wuq72MeXkhDngeaJqvxtxvHsAto793kYgrtp") retry_cnt=0
2026-05-20T11:22:11.794866Z ERROR iota_benchmark: Transaction failed with err: Rpc(Call(ErrorObject { code: ServerError(-32050), message: "Transaction timed out before reaching finality", data: None })) tx_digest=Digest("2Ky1vSLdEQemHSkLfs9Eu9xNK6QaF7B9oBDWPNrxD8ud") retry_cnt=0
2026-05-20T11:22:11.801404Z ERROR iota_benchmark: Transaction failed with err: Rpc(Call(ErrorObject { code: ServerError(-32050), message: "Transaction timed out before reaching finality", data: None })) tx_digest=Digest("DJmnjPyMnkWEpue7KaZHyfjXQRVZVAcKZpjQ3kxeEQbi") retry_cnt=0
2026-05-20T11:22:11.816052Z ERROR iota_benchmark: Transaction failed with err: Rpc(Call(ErrorObject { code: ServerError(-32050), message: "Transaction timed out before reaching finality", data: None })) tx_digest=Digest("CqBwPHb8DqtNosvXSiX2aPtoKjSXjStB2hwBK9iwoxkF") retry_cnt=0
2026-05-20T11:22:11.826265Z ERROR iota_benchmark: Transaction failed with err: Rpc(Call(ErrorObject { code: ServerError(-32050), message: "Transaction timed out before reaching finality", data: None })) tx_digest=Digest("9pZDH4GnbybV2w17iGke3144kgmgCi6KSWowUYgu47Wb") retry_cnt=0
2026-05-20T11:22:11.834225Z ERROR iota_benchmark: Transaction failed with err: Rpc(Call(ErrorObject { code: ServerError(-32050), message: "Transaction timed out before reaching finality", data: None })) tx_digest=Digest("EGfRaXgvr5noBSrkbSzzV5QVRncLofdBCu4zuURzc7dr") retry_cnt=0
2026-05-20T11:22:11.842941Z ERROR iota_benchmark: Transaction failed with err: Rpc(Call(ErrorObject { code: ServerError(-32050), message: "Transaction timed out before reaching finality", data: None })) tx_digest=Digest("B2MjjeLvtagGs3XWsSC4sXWx8HhT72iEkYZKBToVARTe") retry_cnt=0
2026-05-20T11:22:11.848461Z ERROR iota_benchmark: Transaction failed with err: Rpc(Call(ErrorObject { code: ServerError(-32050), message: "Transaction timed out before reaching finality", data: None })) tx_digest=Digest("3sqRa7U762H9KqKDCNH443QhvN2FWw6YPzvSfFcvn6vq") retry_cnt=0
2026-05-20T11:22:11.849571Z ERROR iota_benchmark: Transaction failed with err: Rpc(Call(ErrorObject { code: ServerError(-32050), message: "Transaction timed out before reaching finality", data: None })) tx_digest=Digest("3BURNN38ucegx31uQrUCcsb91VtoYpAvAmT3zJBrXAEb") retry_cnt=0
2026-05-20T11:22:11.858537Z ERROR iota_benchmark: Transaction failed with err: Rpc(Call(ErrorObject { code: ServerError(-32050), message: "Transaction timed out before reaching finality", data: None })) tx_digest=Digest("7JYLhjuvNkYnWAAhNk5DzeNEQbPzQgn2jASA6YJKx7xR") retry_cnt=0
2026-05-20T11:22:11.876208Z ERROR iota_benchmark: Transaction failed with err: Rpc(Call(ErrorObject { code: ServerError(-32050), message: "Transaction timed out before reaching finality", data: None })) tx_digest=Digest("6tsy9LiH8bRHtiBofrMmsamGX26bCvJBi6X81S9CStgs") retry_cnt=0
2026-05-20T11:22:11.878641Z ERROR iota_benchmark: Transaction failed with err: Rpc(Call(ErrorObject { code: ServerError(-32050), message: "Transaction timed out before reaching finality", data: None })) tx_digest=Digest("DgBg4M1HPGTVS1D3q2jBUk4FPHwHPa6vV57FGKhXoCQz") retry_cnt=0
2026-05-20T11:22:11.912209Z ERROR iota_benchmark: Transaction failed with err: Rpc(Call(ErrorObject { code: ServerError(-32050), message: "Transaction timed out before reaching finality", data: None })) tx_digest=Digest("7RfHEhcqzPNbWKPW3T3BbEk9FAFtPzQFKq3YwzDcyEY8") retry_cnt=0
2026-05-20T11:22:11.927146Z ERROR iota_benchmark: Transaction failed with err: Rpc(Call(ErrorObject { code: ServerError(-32050), message: "Transaction timed out before reaching finality", data: None })) tx_digest=Digest("9R3e1TRTxdBffwBxPwmT4mkvUwE9nZH7RQoqiDgpjLaj") retry_cnt=0
2026-05-20T11:22:11.932400Z ERROR iota_benchmark: Transaction failed with err: Rpc(Call(ErrorObject { code: ServerError(-32050), message: "Transaction timed out before reaching finality", data: None })) tx_digest=Digest("EDXxDsYaDtW1SfFECYi4bu9DqE8qZJHwYWMWLzNchzXr") retry_cnt=0
2026-05-20T11:22:11.934672Z ERROR iota_benchmark: Transaction failed with err: Rpc(Call(ErrorObject { code: ServerError(-32050), message: "Transaction timed out before reaching finality", data: None })) tx_digest=Digest("3cNztVXdivzWb9XSZ6iRFju84ERzNf1Ecowm1pQmv5bb") retry_cnt=0
2026-05-20T11:22:11.957421Z ERROR iota_benchmark: Transaction failed with err: Rpc(Call(ErrorObject { code: ServerError(-32050), message: "Transaction timed out before reaching finality", data: None })) tx_digest=Digest("HNUbuEadZFGvjHvJZgo5m62ThuN7mqsx95YbHocQt4vr") retry_cnt=0
2026-05-20T11:22:11.958302Z ERROR iota_benchmark: Transaction failed with err: Rpc(Call(ErrorObject { code: ServerError(-32050), message: "Transaction timed out before reaching finality", data: None })) tx_digest=Digest("8TCTPrgWYbTDVkpgvYp6zKM1t4LVsQ1AARhfTTwrF8jt") retry_cnt=0
2026-05-20T11:22:11.958310Z ERROR iota_benchmark: Transaction failed with err: Rpc(Call(ErrorObject { code: ServerError(-32050), message: "Transaction timed out before reaching finality", data: None })) tx_digest=Digest("65bUmYwnAqB4sgtJz47gDeBTFhcvdwGC1Wo4Q1oZZadX") retry_cnt=0
2026-05-20T11:22:11.958394Z ERROR iota_benchmark: Transaction failed with err: Rpc(Call(ErrorObject { code: ServerError(-32050), message: "Transaction timed out before reaching finality", data: None })) tx_digest=Digest("AhA8zMQRLpcLvsB2TSgGsMa7yDhqa3B1LWMchMdEgYp") retry_cnt=0
2026-05-20T11:22:11.959150Z ERROR iota_benchmark: Transaction failed with err: Rpc(Call(ErrorObject { code: ServerError(-32050), message: "Transaction timed out before reaching finality", data: None })) tx_digest=Digest("AQ6ggi2mtWrJKNRuyyVETeLdeu5yheWmx8H36b2x3vso") retry_cnt=0
2026-05-20T11:22:11.960058Z ERROR iota_benchmark: Transaction failed with err: Rpc(Call(ErrorObject { code: ServerError(-32050), message: "Transaction timed out before reaching finality", data: None })) tx_digest=Digest("DjUb3PhATLB4L3gCFLe4tsmd84oZxhU7cT5nk3qosdrE") retry_cnt=0
2026-05-20T11:22:11.976098Z ERROR iota_benchmark: Transaction failed with err: Rpc(Call(ErrorObject { code: ServerError(-32050), message: "Transaction timed out before reaching finality", data: None })) tx_digest=Digest("8LYgDRwfS6z8GFFuYYnpWZHMaQRRUVFdkQmixfAV1srF") retry_cnt=0
2026-05-20T11:22:11.991548Z ERROR iota_benchmark: Transaction failed with err: Rpc(Call(ErrorObject { code: ServerError(-32050), message: "Transaction timed out before reaching finality", data: None })) tx_digest=Digest("67qvQWSebYDPcGhdSVqv1anZaGWNAMjMtRXK9igeLctH") retry_cnt=0
2026-05-20T11:22:12.003038Z ERROR iota_benchmark: Transaction failed with err: Rpc(Call(ErrorObject { code: ServerError(-32050), message: "Transaction timed out before reaching finality", data: None })) tx_digest=Digest("9APG6hXbFJqhU32EjN5WH12Dr6tJesWiHFFVvgpup1KD") retry_cnt=0
2026-05-20T11:22:12.006986Z ERROR iota_benchmark: Transaction failed with err: Rpc(Call(ErrorObject { code: ServerError(-32050), message: "Transaction timed out before reaching finality", data: None })) tx_digest=Digest("AWt5KFL8tBxCsoj2a6ChMnzQvMuVpMrYSqEuojpBQy5e") retry_cnt=0
2026-05-20T11:22:12.007094Z ERROR iota_benchmark: Transaction failed with err: Rpc(Call(ErrorObject { code: ServerError(-32050), message: "Transaction timed out before reaching finality", data: None })) tx_digest=Digest("6cj7mGYRNjYy7wDcwJJevpoNXFHPYUjyciHiNbbGpGhB") retry_cnt=0
2026-05-20T11:22:12.010902Z ERROR iota_benchmark: Transaction failed with err: Rpc(Call(ErrorObject { code: ServerError(-32050), message: "Transaction timed out before reaching finality", data: None })) tx_digest=Digest("5CWqKUUjmSm2wvD1B9RxGAV7dJp2JdiHhQH1gij6Mb7F") retry_cnt=0
2026-05-20T11:22:12.019204Z ERROR iota_benchmark: Transaction failed with err: Rpc(Call(ErrorObject { code: ServerError(-32050), message: "Transaction timed out before reaching finality", data: None })) tx_digest=Digest("31Cn2x6uBUcsnGWfcsAgqby66Vih7TTgJyn3PbNDHXnS") retry_cnt=0
2026-05-20T11:22:12.028925Z ERROR iota_benchmark: Transaction failed with err: Rpc(Call(ErrorObject { code: ServerError(-32050), message: "Transaction timed out before reaching finality", data: None })) tx_digest=Digest("EqRqG7fuaFemPMQMyAJEFUeZJCueJUkKp5XtjjGxuj2t") retry_cnt=0
2026-05-20T11:22:12.028948Z ERROR iota_benchmark: Transaction failed with err: Rpc(Call(ErrorObject { code: ServerError(-32050), message: "Transaction timed out before reaching finality", data: None })) tx_digest=Digest("4LSvYff2MNojXa53A2UXm6AAvm2qJfY4UQqJLp3KMTEW") retry_cnt=0
2026-05-20T11:22:12.078185Z ERROR iota_benchmark: Transaction failed with err: Rpc(Call(ErrorObject { code: ServerError(-32050), message: "Transaction timed out before reaching finality", data: None })) tx_digest=Digest("4ZJc3ssjgTu7vBH81Ef7H14oZGUKPLHn66PWBBEYQC4A") retry_cnt=0
2026-05-20T11:22:12.078895Z ERROR iota_benchmark: Transaction failed with err: Rpc(Call(ErrorObject { code: ServerError(-32050), message: "Transaction timed out before reaching finality", data: None })) tx_digest=Digest("p6KUBwAktBPe3vaBC9n7Td4AAdEZF41Ecsq6rvJqkSR") retry_cnt=0
2026-05-20T11:22:12.083695Z ERROR iota_benchmark: Transaction failed with err: Rpc(Call(ErrorObject { code: ServerError(-32050), message: "Transaction timed out before reaching finality", data: None })) tx_digest=Digest("3kMdbpREh9DM2cvMrd2Ab1GWqQtzQXM63iTLtbmdciMn") retry_cnt=0
2026-05-20T11:22:12.084307Z ERROR iota_benchmark: Transaction failed with err: Rpc(Call(ErrorObject { code: ServerError(-32050), message: "Transaction timed out before reaching finality", data: None })) tx_digest=Digest("GcvfHSiogt7z7rEUA5LeNrXzxK2kbisFxMv8dW19orSh") retry_cnt=0
2026-05-20T11:22:12.091454Z ERROR iota_benchmark: Transaction failed with err: Rpc(Call(ErrorObject { code: ServerError(-32050), message: "Transaction timed out before reaching finality", data: None })) tx_digest=Digest("4J8H19qSdNm1YLzzXwrmnJWEq7unwxVhBRy1yEk1UhXT") retry_cnt=0
2026-05-20T11:22:12.092637Z ERROR iota_benchmark: Transaction failed with err: Rpc(Call(ErrorObject { code: ServerError(-32050), message: "Transaction timed out before reaching finality", data: None })) tx_digest=Digest("21bmLux9RYWbf3Jr1igdstXWurxcrCsdppyV8uHSoUJ2") retry_cnt=0
2026-05-20T11:22:12.107004Z ERROR iota_benchmark: Transaction failed with err: Rpc(Call(ErrorObject { code: ServerError(-32050), message: "Transaction timed out before reaching finality", data: None })) tx_digest=Digest("FQarCpexPFyfNYqeLSdMq5nc1yJ1V25byMg9n8xktsTQ") retry_cnt=0
2026-05-20T11:22:12.121238Z ERROR iota_benchmark: Transaction failed with err: Rpc(Call(ErrorObject { code: ServerError(-32050), message: "Transaction timed out before reaching finality", data: None })) tx_digest=Digest("7v7z9ttpYufmwRhZ7HM57DFk4XYkZaVZWxQMY7mx1z2T") retry_cnt=0
2026-05-20T11:22:12.123187Z ERROR iota_benchmark: Transaction failed with err: Rpc(Call(ErrorObject { code: ServerError(-32050), message: "Transaction timed out before reaching finality", data: None })) tx_digest=Digest("E8j9pYby6x41n3uWTZQ9RoMriW2ZJKBgXn53NAFMj8c7") retry_cnt=0
2026-05-20T11:22:12.140639Z ERROR iota_benchmark: Transaction failed with err: Rpc(Call(ErrorObject { code: ServerError(-32050), message: "Transaction timed out before reaching finality", data: None })) tx_digest=Digest("6UtZmkspuxRwWuhmN7m5hvYRTUrtvSYaWHbfdZasUAH3") retry_cnt=0
2026-05-20T11:22:12.163550Z ERROR iota_benchmark: Transaction failed with err: Rpc(Call(ErrorObject { code: ServerError(-32050), message: "Transaction timed out before reaching finality", data: None })) tx_digest=Digest("5re5DFVs5YGAf9yTzBGJfwEsb9Vqh71FTAYkFDBx6jVJ") retry_cnt=0
2026-05-20T11:22:12.172008Z ERROR iota_benchmark: Transaction failed with err: Rpc(Call(ErrorObject { code: ServerError(-32050), message: "Transaction timed out before reaching finality", data: None })) tx_digest=Digest("jTgkQ8WYbyoyvdgyCi44VLhaBmcaNS9McCXFUhWerjV") retry_cnt=0
2026-05-20T11:22:12.179054Z ERROR iota_benchmark: Transaction failed with err: Rpc(Call(ErrorObject { code: ServerError(-32050), message: "Transaction timed out before reaching finality", data: None })) tx_digest=Digest("2GwdjfLdjN1L36v7wVcEm63yc8fbHkhGKDYfjDBosJmK") retry_cnt=0
2026-05-20T11:22:12.184474Z ERROR iota_benchmark: Transaction failed with err: Rpc(Call(ErrorObject { code: ServerError(-32050), message: "Transaction timed out before reaching finality", data: None })) tx_digest=Digest("A7A7Yjdn2yj3HGdn4MsprUMiLNTYsszdbjGPyWEtWPh3") retry_cnt=0
2026-05-20T11:22:12.187105Z ERROR iota_benchmark: Transaction failed with err: Rpc(Call(ErrorObject { code: ServerError(-32050), message: "Transaction timed out before reaching finality", data: None })) tx_digest=Digest("CCzrovS8KNVNJ6dxecsZRVbrwqvxzB1XiAa2kfvN79Kf") retry_cnt=0
2026-05-20T11:22:12.195800Z ERROR iota_benchmark: Transaction failed with err: Rpc(Call(ErrorObject { code: ServerError(-32050), message: "Transaction timed out before reaching finality", data: None })) tx_digest=Digest("88RWZ9qWBhoXskMzFeY1RNE79D7ndotjB6TBQWTdwhLs") retry_cnt=0
2026-05-20T11:22:12.206017Z ERROR iota_benchmark: Transaction failed with err: Rpc(Call(ErrorObject { code: ServerError(-32050), message: "Transaction timed out before reaching finality", data: None })) tx_digest=Digest("AF6sS4Zigi2gubPPWuQMfWfPtZz9Mx9DpcrATVLSiYXZ") retry_cnt=0
2026-05-20T11:22:12.211976Z ERROR iota_benchmark: Transaction failed with err: Rpc(Call(ErrorObject { code: ServerError(-32050), message: "Transaction timed out before reaching finality", data: None })) tx_digest=Digest("9ND22QN2JZTvNPCsAfhrCjTeBBHnic5TNWGzNCTd7yVD") retry_cnt=0
2026-05-20T11:22:12.213199Z ERROR iota_benchmark: Transaction failed with err: Rpc(Call(ErrorObject { code: ServerError(-32050), message: "Transaction timed out before reaching finality", data: None })) tx_digest=Digest("DM2vxKYJ6woa1ztgnHQ1sb1hK16xXv8fxwk8op3WHXo9") retry_cnt=0
2026-05-20T11:22:12.230814Z ERROR iota_benchmark: Transaction failed with err: Rpc(Call(ErrorObject { code: ServerError(-32050), message: "Transaction timed out before reaching finality", data: None })) tx_digest=Digest("9EoC1MuSwM31BVWU2h4JqvDhPaNo1g4cxNWvKBdBm1cA") retry_cnt=0
2026-05-20T11:22:12.267606Z ERROR iota_benchmark: Transaction failed with err: Rpc(Call(ErrorObject { code: ServerError(-32050), message: "Transaction timed out before reaching finality", data: None })) tx_digest=Digest("9mXV6zL4WtxgQ8ZU7KmwZk1S29pSvnyTjqvaiXWmrKbL") retry_cnt=0
2026-05-20T11:22:12.271829Z ERROR iota_benchmark: Transaction failed with err: Rpc(Call(ErrorObject { code: ServerError(-32050), message: "Transaction timed out before reaching finality", data: None })) tx_digest=Digest("7d2MoVXMvjEy1xCUdXBGbmn9xr5xtDQj4jjCAAxNbvFr") retry_cnt=0
2026-05-20T11:22:12.277095Z ERROR iota_benchmark: Transaction failed with err: Rpc(Call(ErrorObject { code: ServerError(-32050), message: "Transaction timed out before reaching finality", data: None })) tx_digest=Digest("ELo5e5MVjhL8ghj75XpvPhqdF9QVfVSnC6zNk2JDT8YJ") retry_cnt=0
2026-05-20T11:22:12.283541Z ERROR iota_benchmark: Transaction failed with err: Rpc(Call(ErrorObject { code: ServerError(-32050), message: "Transaction timed out before reaching finality", data: None })) tx_digest=Digest("BEMwDUz8dV7hZBythxQyFtTNKUJNDAGMZZaf5YwD9bS2") retry_cnt=0
2026-05-20T11:22:12.290550Z ERROR iota_benchmark: Transaction failed with err: Rpc(Call(ErrorObject { code: ServerError(-32050), message: "Transaction timed out before reaching finality", data: None })) tx_digest=Digest("EWExgg9bcSvUT6SnFRmbgBscDmrbAzmHKH8reHKCjdhM") retry_cnt=0
2026-05-20T11:22:12.303308Z ERROR iota_benchmark: Transaction failed with err: Rpc(Call(ErrorObject { code: ServerError(-32050), message: "Transaction timed out before reaching finality", data: None })) tx_digest=Digest("BPbfxp47WoZKh4V9prEqJt5MmztMD4VAh1M46TMX9prL") retry_cnt=0
2026-05-20T11:22:12.303412Z ERROR iota_benchmark: Transaction failed with err: Rpc(Call(ErrorObject { code: ServerError(-32050), message: "Transaction timed out before reaching finality", data: None })) tx_digest=Digest("Ex4ivydswdfvrNYaWBygLKuCR8GyXXYnCE1PReWLHf1f") retry_cnt=0
2026-05-20T11:22:12.303524Z ERROR iota_benchmark: Transaction failed with err: Rpc(Call(ErrorObject { code: ServerError(-32050), message: "Transaction timed out before reaching finality", data: None })) tx_digest=Digest("6wn1tC75hxhBqm8T3NqM5vQjBtYvJ3W9Ao8nsCcc6p54") retry_cnt=0
2026-05-20T11:22:12.320256Z ERROR iota_benchmark: Transaction failed with err: Rpc(Call(ErrorObject { code: ServerError(-32050), message: "Transaction timed out before reaching finality", data: None })) tx_digest=Digest("FinMET7xHReHxSq2KcsHwCbG3GaQFk95Q6ApW9fsi2h") retry_cnt=0
2026-05-20T11:22:12.331515Z ERROR iota_benchmark: Transaction failed with err: Rpc(Call(ErrorObject { code: ServerError(-32050), message: "Transaction timed out before reaching finality", data: None })) tx_digest=Digest("CWEnjt6EbYvyzgCiBJ1zLjyfmRiRogz2SGfSDZYgXpqq") retry_cnt=0
2026-05-20T11:22:12.356062Z ERROR iota_benchmark: Transaction failed with err: Rpc(Call(ErrorObject { code: ServerError(-32050), message: "Transaction timed out before reaching finality", data: None })) tx_digest=Digest("BGMwWtDYxJhpzgLCw3vK6xP87oQYSCMGfwDX9ZGv8fAj") retry_cnt=0
2026-05-20T11:22:12.356282Z ERROR iota_benchmark: Transaction failed with err: Rpc(Call(ErrorObject { code: ServerError(-32050), message: "Transaction timed out before reaching finality", data: None })) tx_digest=Digest("6s5PoGzKmsQqCFg9LM7gTWiybHHAKC4ZmnrormYmoAbv") retry_cnt=0
2026-05-20T11:22:12.359635Z ERROR iota_benchmark: Transaction failed with err: Rpc(Call(ErrorObject { code: ServerError(-32050), message: "Transaction timed out before reaching finality", data: None })) tx_digest=Digest("GXeWTBnzTkoT376j6oau8Lt6829mw8dorBG2VUkVUUM4") retry_cnt=0
2026-05-20T11:22:12.400291Z ERROR iota_benchmark: Transaction failed with err: Rpc(Call(ErrorObject { code: ServerError(-32050), message: "Transaction timed out before reaching finality", data: None })) tx_digest=Digest("2PDfr3zDnAi6MHT38kD1RhryjgiwxjALxxREZYat7ouL") retry_cnt=0
2026-05-20T11:22:12.418986Z ERROR iota_benchmark: Transaction failed with err: Rpc(Call(ErrorObject { code: ServerError(-32050), message: "Transaction timed out before reaching finality", data: None })) tx_digest=Digest("7i5ofCxRmqeydZ8JvnZsbVR4pET4gzGtuC92mwtZe79v") retry_cnt=0
2026-05-20T11:22:12.422883Z ERROR iota_benchmark: Transaction failed with err: Rpc(Call(ErrorObject { code: ServerError(-32050), message: "Transaction timed out before reaching finality", data: None })) tx_digest=Digest("7cBdYHY2B2C8bcATYkiJoksnxCSZJ7udjLXVe9xJRnRF") retry_cnt=0
2026-05-20T11:22:12.427072Z ERROR iota_benchmark: Transaction failed with err: Rpc(Call(ErrorObject { code: ServerError(-32050), message: "Transaction timed out before reaching finality", data: None })) tx_digest=Digest("CYsgBy1spEJiYv8sDh1KmiFzGjNRfaPhZfv4DNFn4kTA") retry_cnt=0
2026-05-20T11:22:12.452266Z ERROR iota_benchmark: Transaction failed with err: Rpc(Call(ErrorObject { code: ServerError(-32050), message: "Transaction timed out before reaching finality", data: None })) tx_digest=Digest("AdN4ggU85ZtYwuwCpD7uVYTxiH7Yyeg9KayekBBejcPp") retry_cnt=0
2026-05-20T11:22:12.472518Z ERROR iota_benchmark: Transaction failed with err: Rpc(Call(ErrorObject { code: ServerError(-32050), message: "Transaction timed out before reaching finality", data: None })) tx_digest=Digest("GjTGbF1Rn1pi8VtTZkrRjCPfEzDBvGzcnufQuuaJpvPR") retry_cnt=0
2026-05-20T11:22:12.514956Z ERROR iota_benchmark: Transaction failed with err: Rpc(Call(ErrorObject { code: ServerError(-32050), message: "Transaction timed out before reaching finality", data: None })) tx_digest=Digest("UL1GLYZs5CFc3Wd8sRMgdgd5LMYo8WkFAxCBak9TabC") retry_cnt=0
2026-05-20T11:22:12.515130Z ERROR iota_benchmark: Transaction failed with err: Rpc(Call(ErrorObject { code: ServerError(-32050), message: "Transaction timed out before reaching finality", data: None })) tx_digest=Digest("2vMBPxwJ3oEoD9uUokpz15m8EgKSQQEaSgqLtmGPFs5i") retry_cnt=0
2026-05-20T11:22:12.518151Z ERROR iota_benchmark: Transaction failed with err: Rpc(Call(ErrorObject { code: ServerError(-32050), message: "Transaction timed out before reaching finality", data: None })) tx_digest=Digest("JB1NxA7W18xsSbGNrkfidUArDHaKxgEn4FKgdh7G8XYh") retry_cnt=0
2026-05-20T11:22:12.525837Z ERROR iota_benchmark: Transaction failed with err: Rpc(Call(ErrorObject { code: ServerError(-32050), message: "Transaction timed out before reaching finality", data: None })) tx_digest=Digest("73moG9GD5PrWoyjm7kGgHT5cjYGe8ffPCyEzx2i1Nhxm") retry_cnt=0
2026-05-20T11:22:12.542461Z ERROR iota_benchmark: Transaction failed with err: Rpc(Call(ErrorObject { code: ServerError(-32050), message: "Transaction timed out before reaching finality", data: None })) tx_digest=Digest("CApErNR2VyRVWYFN6D5eNRabV8TesewLo9dQGKkjPD7F") retry_cnt=0
2026-05-20T11:22:12.542493Z ERROR iota_benchmark: Transaction failed with err: Rpc(Call(ErrorObject { code: ServerError(-32050), message: "Transaction timed out before reaching finality", data: None })) tx_digest=Digest("8iRZNrKQQtPwqH8m9xEXkL7yfksXCuhyGeuS49SSWwdQ") retry_cnt=0
2026-05-20T11:22:12.544485Z ERROR iota_benchmark: Transaction failed with err: Rpc(Call(ErrorObject { code: ServerError(-32050), message: "Transaction timed out before reaching finality", data: None })) tx_digest=Digest("BzZNHYUXNYnUE2xdXhYAWkYGbcf1bzHbiEEy5HNowd9i") retry_cnt=0
2026-05-20T11:22:12.545304Z ERROR iota_benchmark: Transaction failed with err: Rpc(Call(ErrorObject { code: ServerError(-32050), message: "Transaction timed out before reaching finality", data: None })) tx_digest=Digest("5BoHirz45b64syKtmNF8RJffLpSHJxYq4f2RCzpu728a") retry_cnt=0
2026-05-20T11:22:12.546608Z ERROR iota_benchmark: Transaction failed with err: Rpc(Call(ErrorObject { code: ServerError(-32050), message: "Transaction timed out before reaching finality", data: None })) tx_digest=Digest("9dn7CUbSJyEE8FXszCajY6xns3WaC1BJfT4YNH9hjRqG") retry_cnt=0
2026-05-20T11:22:12.549893Z ERROR iota_benchmark: Transaction failed with err: Rpc(Call(ErrorObject { code: ServerError(-32050), message: "Transaction timed out before reaching finality", data: None })) tx_digest=Digest("25aaimVzpCm6tMkonLWjVCEQFRk5GtDEYpPkkkhpvaB8") retry_cnt=0
2026-05-20T11:22:12.553870Z ERROR iota_benchmark: Transaction failed with err: Rpc(Call(ErrorObject { code: ServerError(-32050), message: "Transaction timed out before reaching finality", data: None })) tx_digest=Digest("9APDYYxvi8p4K5vwm8sK7H3j1iP5YZnoPs6hofEkc6ZY") retry_cnt=0
2026-05-20T11:22:12.558338Z ERROR iota_benchmark: Transaction failed with err: Rpc(Call(ErrorObject { code: ServerError(-32050), message: "Transaction timed out before reaching finality", data: None })) tx_digest=Digest("JEHSxdWxnU2rbTES4qLdgQSsDJ27CX7gabuTXQwWGE9C") retry_cnt=0
2026-05-20T11:22:12.579093Z ERROR iota_benchmark: Transaction failed with err: Rpc(Call(ErrorObject { code: ServerError(-32050), message: "Transaction timed out before reaching finality", data: None })) tx_digest=Digest("BDN63Pwo9V1yWZBVLvbmEwphHayouFJthrTd2SpXJAjM") retry_cnt=0
2026-05-20T11:22:12.579273Z ERROR iota_benchmark: Transaction failed with err: Rpc(Call(ErrorObject { code: ServerError(-32050), message: "Transaction timed out before reaching finality", data: None })) tx_digest=Digest("C5NPhjqERky87cALY76xwZM1HCu3a5pUqs5sUdstRt88") retry_cnt=0
2026-05-20T11:22:12.584912Z ERROR iota_benchmark: Transaction failed with err: Rpc(Call(ErrorObject { code: ServerError(-32050), message: "Transaction timed out before reaching finality", data: None })) tx_digest=Digest("GEHYRFVS3uAESNYDZFycwrRhYpNGrpwpHssYSqVxanhG") retry_cnt=0
2026-05-20T11:22:12.593053Z ERROR iota_benchmark: Transaction failed with err: Rpc(Call(ErrorObject { code: ServerError(-32050), message: "Transaction timed out before reaching finality", data: None })) tx_digest=Digest("5Jcj4bPwTLXdpnGsnaaKA8rce6f5AvmTypLsSxTpaZTN") retry_cnt=0
2026-05-20T11:22:12.607563Z ERROR iota_benchmark: Transaction failed with err: Rpc(Call(ErrorObject { code: ServerError(-32050), message: "Transaction timed out before reaching finality", data: None })) tx_digest=Digest("EiFFpBiWAHGjcumV2S3oaJquUm8iSgpuNvoQcMaMvHEP") retry_cnt=0
2026-05-20T11:22:12.617596Z ERROR iota_benchmark: Transaction failed with err: Rpc(Call(ErrorObject { code: ServerError(-32050), message: "Transaction timed out before reaching finality", data: None })) tx_digest=Digest("8TAu7VGQu1QRZ5mLP9n8FnCDAiFxJweUscWYb94KQvH1") retry_cnt=0
2026-05-20T11:22:12.640915Z ERROR iota_benchmark: Transaction failed with err: Rpc(Call(ErrorObject { code: ServerError(-32050), message: "Transaction timed out before reaching finality", data: None })) tx_digest=Digest("YKhLTpVJwrvQ3o7oTLuLQ4EqUsuC3C7nLHLunXEafTL") retry_cnt=0
2026-05-20T11:22:12.649544Z ERROR iota_benchmark: Transaction failed with err: Rpc(Call(ErrorObject { code: ServerError(-32050), message: "Transaction timed out before reaching finality", data: None })) tx_digest=Digest("6e47v9ftsBG6MVUjPZUkQ9UQ3mnPJ7mKU1XVHBmELdEk") retry_cnt=0
2026-05-20T11:22:12.672457Z ERROR iota_benchmark: Transaction failed with err: Rpc(Call(ErrorObject { code: ServerError(-32050), message: "Transaction timed out before reaching finality", data: None })) tx_digest=Digest("2jCw9mnA9NGowXjhqT7Mw8Fgr48MBjEuNSoBjBcYDVJ1") retry_cnt=0
2026-05-20T11:22:12.698035Z ERROR iota_benchmark: Transaction failed with err: Rpc(Call(ErrorObject { code: ServerError(-32050), message: "Transaction timed out before reaching finality", data: None })) tx_digest=Digest("AjTBVb7EkFk8hCoMumqdasZhPLC5RJmLvbp9akd8aw97") retry_cnt=0
2026-05-20T11:22:12.699048Z ERROR iota_benchmark: Transaction failed with err: Rpc(Call(ErrorObject { code: ServerError(-32050), message: "Transaction timed out before reaching finality", data: None })) tx_digest=Digest("Ay1KGYgZPKxzfXQGCVDGYv2JjAVPVKiagypPccV6hBKs") retry_cnt=0
2026-05-20T11:22:12.706536Z ERROR iota_benchmark: Transaction failed with err: Rpc(Call(ErrorObject { code: ServerError(-32050), message: "Transaction timed out before reaching finality", data: None })) tx_digest=Digest("5oUBpevbhZgLQcgupo73R8YawCHH4WGyJNuFTFkrvuZF") retry_cnt=0
2026-05-20T11:22:12.712828Z ERROR iota_benchmark: Transaction failed with err: Rpc(Call(ErrorObject { code: ServerError(-32050), message: "Transaction timed out before reaching finality", data: None })) tx_digest=Digest("GhJf8nQdmtZs6tSgU46ktLYugqcoS9LCENyiZUcBx1e2") retry_cnt=0
2026-05-20T11:22:12.727163Z ERROR iota_benchmark: Transaction failed with err: Rpc(Call(ErrorObject { code: ServerError(-32050), message: "Transaction timed out before reaching finality", data: None })) tx_digest=Digest("H3jePYQzZZV67ksssdArT2BaTLujPb4LUtS5r725jR8y") retry_cnt=0
2026-05-20T11:22:12.771058Z ERROR iota_benchmark: Transaction failed with err: Rpc(Call(ErrorObject { code: ServerError(-32050), message: "Transaction timed out before reaching finality", data: None })) tx_digest=Digest("E33v7P91HGz9qMJdUDGcHNpBCgB7bvZruMfAHFyFTb9r") retry_cnt=0
2026-05-20T11:22:12.784893Z ERROR iota_benchmark: Transaction failed with err: Rpc(Call(ErrorObject { code: ServerError(-32050), message: "Transaction timed out before reaching finality", data: None })) tx_digest=Digest("6ScgWd3Pk3V8MpLA8fpaVPQSZHqd21KaHg21CXAvxxmD") retry_cnt=0
2026-05-20T11:22:12.795091Z ERROR iota_benchmark: Transaction failed with err: Rpc(Call(ErrorObject { code: ServerError(-32050), message: "Transaction timed out before reaching finality", data: None })) tx_digest=Digest("35uP8NvnUsHCMBCvVHgSsqaAMRS5VqiJQS3DyYZK9WLm") retry_cnt=0
2026-05-20T11:22:12.795091Z ERROR iota_benchmark: Transaction failed with err: Rpc(Call(ErrorObject { code: ServerError(-32050), message: "Transaction timed out before reaching finality", data: None })) tx_digest=Digest("Spq4HD49BwKZ1M91CA8VmTtkpSdGdQXUzJLYVvoj7jM") retry_cnt=0
2026-05-20T11:22:12.805887Z ERROR iota_benchmark: Transaction failed with err: Rpc(Call(ErrorObject { code: ServerError(-32050), message: "Transaction timed out before reaching finality", data: None })) tx_digest=Digest("CfKwqHpjBSnE2TWSeaT3TYQ9hXK3cVxTQGD9nqtQkqcp") retry_cnt=0
2026-05-20T11:22:12.832988Z ERROR iota_benchmark: Transaction failed with err: Rpc(Call(ErrorObject { code: ServerError(-32050), message: "Transaction timed out before reaching finality", data: None })) tx_digest=Digest("31HvpqeWLb1Eq1hbdi9gwUJ7DCkgn4ayHS9AfYNAjc12") retry_cnt=0
2026-05-20T11:22:12.837288Z ERROR iota_benchmark: Transaction failed with err: Rpc(Call(ErrorObject { code: ServerError(-32050), message: "Transaction timed out before reaching finality", data: None })) tx_digest=Digest("5h7jdoYBm4JCJHEuruFP3okGVRtptiYPoosk84CECj9f") retry_cnt=0
2026-05-20T11:22:12.842958Z ERROR iota_benchmark: Transaction failed with err: Rpc(Call(ErrorObject { code: ServerError(-32050), message: "Transaction timed out before reaching finality", data: None })) tx_digest=Digest("8y5qZqAzFWBfsHqBNXoYtYPwQ5hMnE8NEXbEvCXq4i2c") retry_cnt=0
2026-05-20T11:22:12.866920Z ERROR iota_benchmark: Transaction failed with err: Rpc(Call(ErrorObject { code: ServerError(-32050), message: "Transaction timed out before reaching finality", data: None })) tx_digest=Digest("HB4mX2EbSbZCPqTjpc7Ke6PkGwYPdCLVsAFrB1FwLmb9") retry_cnt=0
2026-05-20T11:22:12.889870Z ERROR iota_benchmark: Transaction failed with err: Rpc(Call(ErrorObject { code: ServerError(-32050), message: "Transaction timed out before reaching finality", data: None })) tx_digest=Digest("GpNaaPWHnGqBs9v6z6ep7LDg9BUieAq1niFdcfGeK4vo") retry_cnt=0
2026-05-20T11:22:12.889907Z ERROR iota_benchmark: Transaction failed with err: Rpc(Call(ErrorObject { code: ServerError(-32050), message: "Transaction timed out before reaching finality", data: None })) tx_digest=Digest("GXvLr4Bvs3GWo48Wcrp135398HjAE7JQL1X44WwazUZT") retry_cnt=0
2026-05-20T11:22:12.918178Z ERROR iota_benchmark: Transaction failed with err: Rpc(Call(ErrorObject { code: ServerError(-32050), message: "Transaction timed out before reaching finality", data: None })) tx_digest=Digest("HyX7a85QQPQ2iLUdC9wtfk5SaYYu4hw7nBPeeJcn9Zvu") retry_cnt=0
2026-05-20T11:22:12.919233Z ERROR iota_benchmark: Transaction failed with err: Rpc(Call(ErrorObject { code: ServerError(-32050), message: "Transaction timed out before reaching finality", data: None })) tx_digest=Digest("5SnZ8auxQzMsC1npKo2KLcm8BfTcZpWYupz4mai866iP") retry_cnt=0
2026-05-20T11:22:12.920741Z ERROR iota_benchmark: Transaction failed with err: Rpc(Call(ErrorObject { code: ServerError(-32050), message: "Transaction timed out before reaching finality", data: None })) tx_digest=Digest("Abeu6tP7Fh47DACvm4BdHusAi2S42eKtj2DxU3BzZd5C") retry_cnt=0
2026-05-20T11:22:12.923097Z ERROR iota_benchmark: Transaction failed with err: Rpc(Call(ErrorObject { code: ServerError(-32050), message: "Transaction timed out before reaching finality", data: None })) tx_digest=Digest("5KLQDyt3ntBhNowy6edq1wNrD6YGL8bJ3CcmW8PeVTgY") retry_cnt=0
2026-05-20T11:22:13.013229Z ERROR iota_benchmark: Transaction failed with err: Rpc(Call(ErrorObject { code: ServerError(-32050), message: "Transaction timed out before reaching finality", data: None })) tx_digest=Digest("7pUZZ7sfNjP5em1S1deSQrSZ7nJTVEWGF2jvZQBLEdEs") retry_cnt=0
2026-05-20T11:22:13.013233Z ERROR iota_benchmark: Transaction failed with err: Rpc(Call(ErrorObject { code: ServerError(-32050), message: "Transaction timed out before reaching finality", data: None })) tx_digest=Digest("5XjUTiU358GvkxsGNNeaTXbiEBN1Y1dEw3Dter6Mk7uc") retry_cnt=0
2026-05-20T11:22:13.030920Z ERROR iota_benchmark: Transaction failed with err: Rpc(Call(ErrorObject { code: ServerError(-32050), message: "Transaction timed out before reaching finality", data: None })) tx_digest=Digest("9SktpTinPZLxK3A8uWFanthpUin3SS1eaS2b5AM8oohw") retry_cnt=0
2026-05-20T11:22:13.041276Z ERROR iota_benchmark: Transaction failed with err: Rpc(Call(ErrorObject { code: ServerError(-32050), message: "Transaction timed out before reaching finality", data: None })) tx_digest=Digest("4yv5dd5Vbh1wAmEFcijPHu1NJBF6BK6mQxsgSkVq63BW") retry_cnt=0
2026-05-20T11:22:13.046487Z ERROR iota_benchmark: Transaction failed with err: Rpc(Call(ErrorObject { code: ServerError(-32050), message: "Transaction timed out before reaching finality", data: None })) tx_digest=Digest("BntECA55MAbkKqHgbvTkGE2fTawCtRd2TKaA4rEMD2Nn") retry_cnt=0
2026-05-20T11:22:13.054915Z ERROR iota_benchmark: Transaction failed with err: Rpc(Call(ErrorObject { code: ServerError(-32050), message: "Transaction timed out before reaching finality", data: None })) tx_digest=Digest("H97cawaBXfCdd1tJL8hmuSs99JYuYDLgHmtzhHMgfjy2") retry_cnt=0
2026-05-20T11:22:13.060921Z ERROR iota_benchmark: Transaction failed with err: Rpc(Call(ErrorObject { code: ServerError(-32050), message: "Transaction timed out before reaching finality", data: None })) tx_digest=Digest("FGk3ZLEshy6yyEKqxRh1vwkJRH4cvrzyeJXXPq2TeaqX") retry_cnt=0
2026-05-20T11:22:13.087162Z ERROR iota_benchmark: Transaction failed with err: Rpc(Call(ErrorObject { code: ServerError(-32050), message: "Transaction timed out before reaching finality", data: None })) tx_digest=Digest("E3ov5zK8BwEDyrGgFP1Rz2SDctobe3euYR53ncmJGUh8") retry_cnt=0
2026-05-20T11:22:13.124955Z ERROR iota_benchmark: Transaction failed with err: Rpc(Call(ErrorObject { code: ServerError(-32050), message: "Transaction timed out before reaching finality", data: None })) tx_digest=Digest("GidSKcjb7a2oHsJyDhLE5VnJPbgwngBpziYWDoGsLb11") retry_cnt=0
2026-05-20T11:22:13.137024Z ERROR iota_benchmark: Transaction failed with err: Rpc(Call(ErrorObject { code: ServerError(-32050), message: "Transaction timed out before reaching finality", data: None })) tx_digest=Digest("FDBMKaRRH239duHCV3q1nWgKiY1LyJZsd9dGfGhTSu6z") retry_cnt=0
2026-05-20T11:22:13.137114Z ERROR iota_benchmark: Transaction failed with err: Rpc(Call(ErrorObject { code: ServerError(-32050), message: "Transaction timed out before reaching finality", data: None })) tx_digest=Digest("GL7XcWA3UXAtc1mcE3SCs2jNGf72J93mhUcTLXFpouxR") retry_cnt=0
2026-05-20T11:22:13.152729Z ERROR iota_benchmark: Transaction failed with err: Rpc(Call(ErrorObject { code: ServerError(-32050), message: "Transaction timed out before reaching finality", data: None })) tx_digest=Digest("GMaELUGGBpWxV1ZLDpB8cMc1Xrfyxo7QskGMw8p7pXM1") retry_cnt=0
2026-05-20T11:22:13.155643Z ERROR iota_benchmark: Transaction failed with err: Rpc(Call(ErrorObject { code: ServerError(-32050), message: "Transaction timed out before reaching finality", data: None })) tx_digest=Digest("3F2HMPJmposzMdx7Z6a4bpLfgm4RxAjJUhUMqXqAGzpD") retry_cnt=0
2026-05-20T11:22:13.160538Z ERROR iota_benchmark: Transaction failed with err: Rpc(Call(ErrorObject { code: ServerError(-32050), message: "Transaction timed out before reaching finality", data: None })) tx_digest=Digest("3D2v8g4BhRqzt7ta2io8eZrdjz7UDqjLeU4GQeUJDWK8") retry_cnt=0
2026-05-20T11:22:13.161259Z ERROR iota_benchmark: Transaction failed with err: Rpc(Call(ErrorObject { code: ServerError(-32050), message: "Transaction timed out before reaching finality", data: None })) tx_digest=Digest("GxTcwnJuqa95oeTTf9pBD5aM8r9thTHN8a4kkie4krcF") retry_cnt=0
2026-05-20T11:22:13.183238Z ERROR iota_benchmark: Transaction failed with err: Rpc(Call(ErrorObject { code: ServerError(-32050), message: "Transaction timed out before reaching finality", data: None })) tx_digest=Digest("BptkghEevSUJPPGCwHgDC3o7HQmSnoZjvdz9PYEwyomF") retry_cnt=0
2026-05-20T11:22:13.192089Z ERROR iota_benchmark: Transaction failed with err: Rpc(Call(ErrorObject { code: ServerError(-32050), message: "Transaction timed out before reaching finality", data: None })) tx_digest=Digest("HKjYYSXq7w6agjuKgc2zQkDhWzpgwZbugzzgJmjxLKzt") retry_cnt=0
2026-05-20T11:22:13.220426Z ERROR iota_benchmark: Transaction failed with err: Rpc(Call(ErrorObject { code: ServerError(-32050), message: "Transaction timed out before reaching finality", data: None })) tx_digest=Digest("B15DueFVdZTDXs24fHmPRinU9x6ok6bzG96iok8qteqx") retry_cnt=0
2026-05-20T11:22:13.227542Z ERROR iota_benchmark: Transaction failed with err: Rpc(Call(ErrorObject { code: ServerError(-32050), message: "Transaction timed out before reaching finality", data: None })) tx_digest=Digest("CwwJjqT2CVDJrLyAjD5riX7zdfRkZaStXwrEHARmwaKv") retry_cnt=0
2026-05-20T11:22:13.257006Z ERROR iota_benchmark: Transaction failed with err: Rpc(Call(ErrorObject { code: ServerError(-32050), message: "Transaction timed out before reaching finality", data: None })) tx_digest=Digest("emtLzvr599RT48osMfdVo4aaMffhwDxtGJcAHbsQ83J") retry_cnt=0
2026-05-20T11:22:13.261376Z ERROR iota_benchmark: Transaction failed with err: Rpc(Call(ErrorObject { code: ServerError(-32050), message: "Transaction timed out before reaching finality", data: None })) tx_digest=Digest("FAxsqaXa4o9k45L5f1871ZbRtGkdFWbxgbcDbbzNtv81") retry_cnt=0
2026-05-20T11:22:13.264943Z ERROR iota_benchmark: Transaction failed with err: Rpc(Call(ErrorObject { code: ServerError(-32050), message: "Transaction timed out before reaching finality", data: None })) tx_digest=Digest("4JDPDkXgVfW9dBHz7gGkkekpCuNrLYVFe2h9aB3ezZwq") retry_cnt=0
2026-05-20T11:22:13.266318Z ERROR iota_benchmark: Transaction failed with err: Rpc(Call(ErrorObject { code: ServerError(-32050), message: "Transaction timed out before reaching finality", data: None })) tx_digest=Digest("44tcxXBECpTCbYQehiZFNKyZayX2Ue9zJjLidyAt1Xb6") retry_cnt=0
2026-05-20T11:22:13.269608Z ERROR iota_benchmark: Transaction failed with err: Rpc(Call(ErrorObject { code: ServerError(-32050), message: "Transaction timed out before reaching finality", data: None })) tx_digest=Digest("4jj5ePvhfedjG3ycaywSYf3yPT56qzMkJv7f3vHxpzxq") retry_cnt=0
2026-05-20T11:22:13.278047Z ERROR iota_benchmark: Transaction failed with err: Rpc(Call(ErrorObject { code: ServerError(-32050), message: "Transaction timed out before reaching finality", data: None })) tx_digest=Digest("12XwEiHjLf5gtp6td59mrFKSFi3aGL3YWcuxfsJemHVP") retry_cnt=0
2026-05-20T11:22:13.278819Z ERROR iota_benchmark: Transaction failed with err: Rpc(Call(ErrorObject { code: ServerError(-32050), message: "Transaction timed out before reaching finality", data: None })) tx_digest=Digest("5yeQzon5ozVxztz23zmGim3tw1m23CBX4i6vPDS3CEYZ") retry_cnt=0
2026-05-20T11:22:13.301225Z ERROR iota_benchmark: Transaction failed with err: Rpc(Call(ErrorObject { code: ServerError(-32050), message: "Transaction timed out before reaching finality", data: None })) tx_digest=Digest("2AbkhgLPZHKMjBXiPjU9cxHRa3L7KHazEtP1TH2EzJQP") retry_cnt=0
2026-05-20T11:22:13.317720Z ERROR iota_benchmark: Transaction failed with err: Rpc(Call(ErrorObject { code: ServerError(-32050), message: "Transaction timed out before reaching finality", data: None })) tx_digest=Digest("5cQTsP83cvsKAmwvEgsd2LJzC3cq5wUzYLFhnf4Tyxpw") retry_cnt=0
2026-05-20T11:22:13.333842Z ERROR iota_benchmark: Transaction failed with err: Rpc(Call(ErrorObject { code: ServerError(-32050), message: "Transaction timed out before reaching finality", data: None })) tx_digest=Digest("EwiEqRLFLpX95aBjyoeTstkTGowPMRrRTZjiUjzJugwV") retry_cnt=0
2026-05-20T11:22:13.335234Z ERROR iota_benchmark: Transaction failed with err: Rpc(Call(ErrorObject { code: ServerError(-32050), message: "Transaction timed out before reaching finality", data: None })) tx_digest=Digest("5F7ojcf4zTk12BYCkFezpDqXAcS3qmw7R3DXrWz5hbZt") retry_cnt=0
2026-05-20T11:22:13.343495Z ERROR iota_benchmark: Transaction failed with err: Rpc(Call(ErrorObject { code: ServerError(-32050), message: "Transaction timed out before reaching finality", data: None })) tx_digest=Digest("8L2Twig4ZSXNp9pDy1fU5vKbRoPjyJK6eA9uVFzL69eM") retry_cnt=0
2026-05-20T11:22:13.347672Z ERROR iota_benchmark: Transaction failed with err: Rpc(Call(ErrorObject { code: ServerError(-32050), message: "Transaction timed out before reaching finality", data: None })) tx_digest=Digest("Bwah78DWKWa8d8GDZUTwLurznHgQ89txKgdw14b6LCX5") retry_cnt=0
2026-05-20T11:22:13.347701Z ERROR iota_benchmark: Transaction failed with err: Rpc(Call(ErrorObject { code: ServerError(-32050), message: "Transaction timed out before reaching finality", data: None })) tx_digest=Digest("HfJhYEterneeYvz6qqkJwMsvZ583zn8V6R8kEv4dMZW3") retry_cnt=0
2026-05-20T11:22:13.358340Z ERROR iota_benchmark: Transaction failed with err: Rpc(Call(ErrorObject { code: ServerError(-32050), message: "Transaction timed out before reaching finality", data: None })) tx_digest=Digest("3w1uvaGa1HvTC5ztR3sqzUsVjQ7oHs1EfsC5bX6DdKPK") retry_cnt=0
2026-05-20T11:22:13.381086Z ERROR iota_benchmark: Transaction failed with err: Rpc(Call(ErrorObject { code: ServerError(-32050), message: "Transaction timed out before reaching finality", data: None })) tx_digest=Digest("7zYfVDQzFWdTtqS8LArCnx6DnDQL3zqR1FVtn52CmC63") retry_cnt=0
2026-05-20T11:22:13.401782Z ERROR iota_benchmark: Transaction failed with err: Rpc(Call(ErrorObject { code: ServerError(-32050), message: "Transaction timed out before reaching finality", data: None })) tx_digest=Digest("qYFRnHETZV1MpXtQn3rdcv7uaByyKn4ZbeZ2oLPsLxh") retry_cnt=0
2026-05-20T11:22:13.417799Z ERROR iota_benchmark: Transaction failed with err: Rpc(Call(ErrorObject { code: ServerError(-32050), message: "Transaction timed out before reaching finality", data: None })) tx_digest=Digest("6bw1Nv1E6RauhknJvQCnMp3pmK7En7pfFv5gJT44d9BG") retry_cnt=0
2026-05-20T11:22:13.419476Z ERROR iota_benchmark: Transaction failed with err: Rpc(Call(ErrorObject { code: ServerError(-32050), message: "Transaction timed out before reaching finality", data: None })) tx_digest=Digest("5ANQ18eXoHdC4UW688A5ognBjdoq61x8mAPkLdaUhffp") retry_cnt=0
2026-05-20T11:22:13.420658Z ERROR iota_benchmark: Transaction failed with err: Rpc(Call(ErrorObject { code: ServerError(-32050), message: "Transaction timed out before reaching finality", data: None })) tx_digest=Digest("6pR4uTDA77Bc6dGpSc59KfP3YaENygD5khh5Hk4XNij3") retry_cnt=0
2026-05-20T11:22:13.433441Z ERROR iota_benchmark: Transaction failed with err: Rpc(Call(ErrorObject { code: ServerError(-32050), message: "Transaction timed out before reaching finality", data: None })) tx_digest=Digest("EJmwJFZAbTTW39poYS2eX4je3ACVnrfbw2KkVHxsNE6b") retry_cnt=0
2026-05-20T11:22:13.451544Z ERROR iota_benchmark: Transaction failed with err: Rpc(Call(ErrorObject { code: ServerError(-32050), message: "Transaction timed out before reaching finality", data: None })) tx_digest=Digest("H4a4CngX7tJPJzZSxMvQ21PPaoeVHVyjyi2DVBxKoPyG") retry_cnt=0
2026-05-20T11:22:13.464598Z ERROR iota_benchmark: Transaction failed with err: Rpc(Call(ErrorObject { code: ServerError(-32050), message: "Transaction timed out before reaching finality", data: None })) tx_digest=Digest("dJS5KbdZGme6vEmC6zNtyJGQcKfzHY4PPiXP35Y7rSy") retry_cnt=0
2026-05-20T11:22:13.468630Z ERROR iota_benchmark: Transaction failed with err: Rpc(Call(ErrorObject { code: ServerError(-32050), message: "Transaction timed out before reaching finality", data: None })) tx_digest=Digest("D9MwWMZdoZ856UH4ta2ZbpjxUSqnr3e85jihV4ma5M5k") retry_cnt=0
2026-05-20T11:22:13.468665Z ERROR iota_benchmark: Transaction failed with err: Rpc(Call(ErrorObject { code: ServerError(-32050), message: "Transaction timed out before reaching finality", data: None })) tx_digest=Digest("6UtxsoqsJZqc7ZCKRhvSyEmmeV5WizTfwWbTh46sWQJP") retry_cnt=0
2026-05-20T11:22:13.471403Z ERROR iota_benchmark: Transaction failed with err: Rpc(Call(ErrorObject { code: ServerError(-32050), message: "Transaction timed out before reaching finality", data: None })) tx_digest=Digest("CXtFWuudxXpEVWafm1eQskGj4e1HkmdVoP9DdPuVFWNx") retry_cnt=0
2026-05-20T11:22:13.471424Z ERROR iota_benchmark: Transaction failed with err: Rpc(Call(ErrorObject { code: ServerError(-32050), message: "Transaction timed out before reaching finality", data: None })) tx_digest=Digest("4KPRkmvTD25B5NNNWinyUhWE7DU2BvxQ7Rzs7noB9ynw") retry_cnt=0
2026-05-20T11:22:13.476560Z ERROR iota_benchmark: Transaction failed with err: Rpc(Call(ErrorObject { code: ServerError(-32050), message: "Transaction timed out before reaching finality", data: None })) tx_digest=Digest("EUp5J8tAN31PBxRvY3HWzV68L4uN3azEXTsLd4MRfNfP") retry_cnt=0
2026-05-20T11:22:13.487207Z ERROR iota_benchmark: Transaction failed with err: Rpc(Call(ErrorObject { code: ServerError(-32050), message: "Transaction timed out before reaching finality", data: None })) tx_digest=Digest("2vxirCaf6XWnqRz2BBsQVEbCi8zoEwXh6rNy9YcGQ3MJ") retry_cnt=0
2026-05-20T11:22:13.503878Z ERROR iota_benchmark: Transaction failed with err: Rpc(Call(ErrorObject { code: ServerError(-32050), message: "Transaction timed out before reaching finality", data: None })) tx_digest=Digest("F4A9ANT4WKmCt7TmvSMT7sCJLRuHNFCGTAVr1hP8bZeC") retry_cnt=0
2026-05-20T11:22:13.507584Z ERROR iota_benchmark: Transaction failed with err: Rpc(Call(ErrorObject { code: ServerError(-32050), message: "Transaction timed out before reaching finality", data: None })) tx_digest=Digest("FKhiBMH83AchuLqnRayReQecR5fkrkzGts2KXtKRKaga") retry_cnt=0
2026-05-20T11:22:13.523956Z ERROR iota_benchmark: Transaction failed with err: Rpc(Call(ErrorObject { code: ServerError(-32050), message: "Transaction timed out before reaching finality", data: None })) tx_digest=Digest("139K1J3vaGPzRKWqZCuERSphQuG7N38eNvfNKmErCtXy") retry_cnt=0
2026-05-20T11:22:13.528719Z ERROR iota_benchmark: Transaction failed with err: Rpc(Call(ErrorObject { code: ServerError(-32050), message: "Transaction timed out before reaching finality", data: None })) tx_digest=Digest("5dLkD65ocGez6UHqNrVw8oRz6JsELDkfCDLiskbU26LU") retry_cnt=0
2026-05-20T11:22:13.528797Z ERROR iota_benchmark: Transaction failed with err: Rpc(Call(ErrorObject { code: ServerError(-32050), message: "Transaction timed out before reaching finality", data: None })) tx_digest=Digest("HkR1ua6WvcUosgpmmzicJ1cmtsE6C93Hb22KdthXR7mF") retry_cnt=0
2026-05-20T11:22:13.540456Z ERROR iota_benchmark: Transaction failed with err: Rpc(Call(ErrorObject { code: ServerError(-32050), message: "Transaction timed out before reaching finality", data: None })) tx_digest=Digest("DLEPFg6cfwRTnpZCGtKoHk3gc9n3a7C3MujoERhB6zy3") retry_cnt=0
2026-05-20T11:22:13.548202Z ERROR iota_benchmark: Transaction failed with err: Rpc(Call(ErrorObject { code: ServerError(-32050), message: "Transaction timed out before reaching finality", data: None })) tx_digest=Digest("4AAA8jnqCJK5ZDy7KmW7ii5i1SHqPupMFnypAcxjngjn") retry_cnt=0
2026-05-20T11:22:13.548266Z ERROR iota_benchmark: Transaction failed with err: Rpc(Call(ErrorObject { code: ServerError(-32050), message: "Transaction timed out before reaching finality", data: None })) tx_digest=Digest("AqgNFtYUFP9Nj3tfb9NpspECUGtTbG8aowZT9wHe3KRf") retry_cnt=0
2026-05-20T11:22:13.550502Z ERROR iota_benchmark: Transaction failed with err: Rpc(Call(ErrorObject { code: ServerError(-32050), message: "Transaction timed out before reaching finality", data: None })) tx_digest=Digest("6Y9aLnuoNKgzRW8M5R1TbTrUgTpUF5UiPsRoEdDCCQZu") retry_cnt=0
2026-05-20T11:22:13.551099Z ERROR iota_benchmark: Transaction failed with err: Rpc(Call(ErrorObject { code: ServerError(-32050), message: "Transaction timed out before reaching finality", data: None })) tx_digest=Digest("EJ49EVxJTf6uMEVs9quxpBmwve8P4QMcWvxw5NFBTPFx") retry_cnt=0
2026-05-20T11:22:13.614188Z ERROR iota_benchmark: Transaction failed with err: Rpc(Call(ErrorObject { code: ServerError(-32050), message: "Transaction timed out before reaching finality", data: None })) tx_digest=Digest("2PAHdArRXrZCCS7NCgpoKF69mEqWv145jEShytwCqJHS") retry_cnt=0
2026-05-20T11:22:13.659267Z ERROR iota_benchmark: Transaction failed with err: Rpc(Call(ErrorObject { code: ServerError(-32050), message: "Transaction timed out before reaching finality", data: None })) tx_digest=Digest("2TZYHBoi1aSwfa1sKhoZvLLZW3W7UpH8nXuKjgTCAy38") retry_cnt=0
2026-05-20T11:22:13.660569Z ERROR iota_benchmark: Transaction failed with err: Rpc(Call(ErrorObject { code: ServerError(-32050), message: "Transaction timed out before reaching finality", data: None })) tx_digest=Digest("8krAs7WTnj999zhrAfD2pCmYCrLTLJy8gcJhfHBuA4mb") retry_cnt=0
2026-05-20T11:22:13.672534Z ERROR iota_benchmark: Transaction failed with err: Rpc(Call(ErrorObject { code: ServerError(-32050), message: "Transaction timed out before reaching finality", data: None })) tx_digest=Digest("CvakS15R46VxqRuekKtZ1rFcwcckJ8CJYBXpdEdmG4hE") retry_cnt=0
2026-05-20T11:22:13.705162Z ERROR iota_benchmark: Transaction failed with err: Rpc(Call(ErrorObject { code: ServerError(-32050), message: "Transaction timed out before reaching finality", data: None })) tx_digest=Digest("dQCiVhcJrkrn9FSJK8cNbfC2AAJ96q2CSkxbXkVruKZ") retry_cnt=0
2026-05-20T11:22:13.730246Z ERROR iota_benchmark: Transaction failed with err: Rpc(Call(ErrorObject { code: ServerError(-32050), message: "Transaction timed out before reaching finality", data: None })) tx_digest=Digest("56xaCdiYBxf1x8SH4yq3QCbi32Ca1dns4EKKYuy3p4UP") retry_cnt=0
2026-05-20T11:22:13.730802Z ERROR iota_benchmark: Transaction failed with err: Rpc(Call(ErrorObject { code: ServerError(-32050), message: "Transaction timed out before reaching finality", data: None })) tx_digest=Digest("9UYBzb7tmZyo6S7WovGtT4LTVkVuxqcTdhM4D7ab57ut") retry_cnt=0
2026-05-20T11:22:13.765085Z ERROR iota_benchmark: Transaction failed with err: Rpc(Call(ErrorObject { code: ServerError(-32050), message: "Transaction timed out before reaching finality", data: None })) tx_digest=Digest("4ibGivYFGQkYUaHFbGDN7PRw8p4BA2fiffhgcubojYY8") retry_cnt=0
2026-05-20T11:22:13.766719Z ERROR iota_benchmark: Transaction failed with err: Rpc(Call(ErrorObject { code: ServerError(-32050), message: "Transaction timed out before reaching finality", data: None })) tx_digest=Digest("7zUJNPD2wUuiVYEa2aXCVQrr54zeEmrEBUJ76rrTXCXX") retry_cnt=0
2026-05-20T11:22:13.803995Z ERROR iota_benchmark: Transaction failed with err: Rpc(Call(ErrorObject { code: ServerError(-32050), message: "Transaction timed out before reaching finality", data: None })) tx_digest=Digest("56UPZNcxxVwwXsF6EuDoum7EUMeyTBaPG3VZi1VcDLQj") retry_cnt=0
2026-05-20T11:22:13.818987Z ERROR iota_benchmark: Transaction failed with err: Rpc(Call(ErrorObject { code: ServerError(-32050), message: "Transaction timed out before reaching finality", data: None })) tx_digest=Digest("9yFHYq5Nwn5byq1zKjydV3Dmw3upXSVdeGDqGApejjXg") retry_cnt=0
2026-05-20T11:22:13.824389Z ERROR iota_benchmark: Transaction failed with err: Rpc(Call(ErrorObject { code: ServerError(-32050), message: "Transaction timed out before reaching finality", data: None })) tx_digest=Digest("JAUCR2ADpVTdzGMPLuej3AnpVLKKifFfHYkWYZ1YXVfZ") retry_cnt=0
2026-05-20T11:22:13.869208Z ERROR iota_benchmark: Transaction failed with err: Rpc(Call(ErrorObject { code: ServerError(-32050), message: "Transaction timed out before reaching finality", data: None })) tx_digest=Digest("5tbmf7czCdprzDzMBZ4oiLGrvKt73C3HJ4bswDMBmju8") retry_cnt=0
2026-05-20T11:22:13.895076Z ERROR iota_benchmark: Transaction failed with err: Rpc(Call(ErrorObject { code: ServerError(-32050), message: "Transaction timed out before reaching finality", data: None })) tx_digest=Digest("4rkbouZ8KTqR9ymQgQF6ECHETj33E5ynyaNohWkabycZ") retry_cnt=0
2026-05-20T11:22:13.897490Z ERROR iota_benchmark: Transaction failed with err: Rpc(Call(ErrorObject { code: ServerError(-32050), message: "Transaction timed out before reaching finality", data: None })) tx_digest=Digest("HDguawWtTvwW2LBEsbXGhTqaGsTkuapKJifkcEzLUjhe") retry_cnt=0
2026-05-20T11:22:13.900498Z ERROR iota_benchmark: Transaction failed with err: Rpc(Call(ErrorObject { code: ServerError(-32050), message: "Transaction timed out before reaching finality", data: None })) tx_digest=Digest("BeBez4uMxpbmJPuUonoGhRkPuPL6SUHcLXDmmCDWJWg1") retry_cnt=0
2026-05-20T11:22:13.946662Z ERROR iota_benchmark: Transaction failed with err: Rpc(Call(ErrorObject { code: ServerError(-32050), message: "Transaction timed out before reaching finality", data: None })) tx_digest=Digest("5NvEADVCtn8QxsZnhEQWEGZwHaHf67fgzC3i3eNUFD7B") retry_cnt=0
2026-05-20T11:22:13.972836Z ERROR iota_benchmark: Transaction failed with err: Rpc(Call(ErrorObject { code: ServerError(-32050), message: "Transaction timed out before reaching finality", data: None })) tx_digest=Digest("GiPqy3hXnkiNn2VhbtfhjxKix9xyc1Bw1178zNZbWgZd") retry_cnt=0
2026-05-20T11:22:13.976492Z ERROR iota_benchmark: Transaction failed with err: Rpc(Call(ErrorObject { code: ServerError(-32050), message: "Transaction timed out before reaching finality", data: None })) tx_digest=Digest("8adrmC9VSJnwa6EYcHzKuYPUWfVsrkKLCq6MswVPZqc3") retry_cnt=0
2026-05-20T11:22:13.980198Z ERROR iota_benchmark: Transaction failed with err: Rpc(Call(ErrorObject { code: ServerError(-32050), message: "Transaction timed out before reaching finality", data: None })) tx_digest=Digest("4qGqnuYh7hBD4pTFC6m6QJdeh7psfcdgyH8yQ5tkq797") retry_cnt=0
2026-05-20T11:22:13.982228Z ERROR iota_benchmark: Transaction failed with err: Rpc(Call(ErrorObject { code: ServerError(-32050), message: "Transaction timed out before reaching finality", data: None })) tx_digest=Digest("4DMdULPFktpG2QPr11xkSUmzkLAFx6fvyPKJeEnyyBUf") retry_cnt=0
2026-05-20T11:22:13.994015Z ERROR iota_benchmark: Transaction failed with err: Rpc(Call(ErrorObject { code: ServerError(-32050), message: "Transaction timed out before reaching finality", data: None })) tx_digest=Digest("2yUx2z4ZJK34knxLPLWRdUa98K8AiGHrTQZeuLbCac83") retry_cnt=0
2026-05-20T11:22:14.104164Z ERROR iota_benchmark: Transaction failed with err: Rpc(Call(ErrorObject { code: ServerError(-32050), message: "Transaction timed out before reaching finality", data: None })) tx_digest=Digest("8WgosaDVnAZNQxz8sNuFkpgExnt7SfTFVyaieRCGikSc") retry_cnt=0
2026-05-20T11:22:14.122324Z ERROR iota_benchmark: Transaction failed with err: Rpc(Call(ErrorObject { code: ServerError(-32050), message: "Transaction timed out before reaching finality", data: None })) tx_digest=Digest("47HhGw2K12AmNgdLHoU6AHSQ56fvLu1WmyA9ePzPFYPX") retry_cnt=0
2026-05-20T11:22:14.151207Z ERROR iota_benchmark: Transaction failed with err: Rpc(Call(ErrorObject { code: ServerError(-32050), message: "Transaction timed out before reaching finality", data: None })) tx_digest=Digest("2J4GL5NyE7xWJiqaEEpSkPnocjRdAPbLm9vrcU5bFceb") retry_cnt=0
2026-05-20T11:22:14.185351Z ERROR iota_benchmark: Transaction failed with err: Rpc(Call(ErrorObject { code: ServerError(-32050), message: "Transaction timed out before reaching finality", data: None })) tx_digest=Digest("D7yhXXXEHG2Vg1Qoos7qxxWvBBNXs6rVuPxmpeq1SbUY") retry_cnt=0
2026-05-20T11:22:14.233890Z ERROR iota_benchmark: Transaction failed with err: Rpc(Call(ErrorObject { code: ServerError(-32050), message: "Transaction timed out before reaching finality", data: None })) tx_digest=Digest("CCMwba3cBSJVUydBTMQTSLjAmChog8tVRowCkpdi5JzC") retry_cnt=0
2026-05-20T11:22:14.243784Z ERROR iota_benchmark: Transaction failed with err: Rpc(Call(ErrorObject { code: ServerError(-32050), message: "Transaction timed out before reaching finality", data: None })) tx_digest=Digest("HYieLQwUtvUNfVrw7XzejE1v1XGa18ovok1bHNhhc8pv") retry_cnt=0
2026-05-20T11:22:14.347507Z ERROR iota_benchmark: Transaction failed with err: Rpc(Call(ErrorObject { code: ServerError(-32050), message: "Transaction timed out before reaching finality", data: None })) tx_digest=Digest("AaiaU9khaL9frqTrfNXgGFPBg2yJRUieVc6WQAFCpzgN") retry_cnt=0
2026-05-20T11:22:14.368310Z ERROR iota_benchmark: Transaction failed with err: Rpc(Call(ErrorObject { code: ServerError(-32050), message: "Transaction timed out before reaching finality", data: None })) tx_digest=Digest("6WqEJXapjmGNwkZjs9KnMpuaLvMtaqfUYeKSCG4xjLUK") retry_cnt=0
2026-05-20T11:22:14.408170Z ERROR iota_benchmark: Transaction failed with err: Rpc(Call(ErrorObject { code: ServerError(-32050), message: "Transaction timed out before reaching finality", data: None })) tx_digest=Digest("GDpYr2o7s8AMcBtU6NRUZNarDr7NkhciTHKV2piPxkT8") retry_cnt=0
2026-05-20T11:22:14.434225Z ERROR iota_benchmark: Transaction failed with err: Rpc(Call(ErrorObject { code: ServerError(-32050), message: "Transaction timed out before reaching finality", data: None })) tx_digest=Digest("EeYLxSgNDNppY4ohoDpu924nzYsn3SbyRxML7o3GxeWR") retry_cnt=0
2026-05-20T11:22:14.434252Z ERROR iota_benchmark: Transaction failed with err: Rpc(Call(ErrorObject { code: ServerError(-32050), message: "Transaction timed out before reaching finality", data: None })) tx_digest=Digest("Gr51HTiSSWYsnycpbKt1i4L8mhCukL8nUx7VPNS4stfN") retry_cnt=0
2026-05-20T11:22:14.441551Z ERROR iota_benchmark: Transaction failed with err: Rpc(Call(ErrorObject { code: ServerError(-32050), message: "Transaction timed out before reaching finality", data: None })) tx_digest=Digest("5iH5qBPLw7EZKcqr7o4LhGuqGG6XzjkRBnRmZBbk6xYb") retry_cnt=0
2026-05-20T11:22:14.441731Z ERROR iota_benchmark: Transaction failed with err: Rpc(Call(ErrorObject { code: ServerError(-32050), message: "Transaction timed out before reaching finality", data: None })) tx_digest=Digest("DawFqeh3EDPwX5go44BZQUQRmwLzBiBnhwjxLJRqb8nn") retry_cnt=0
2026-05-20T11:22:14.442641Z ERROR iota_benchmark: Transaction failed with err: Rpc(Call(ErrorObject { code: ServerError(-32050), message: "Transaction timed out before reaching finality", data: None })) tx_digest=Digest("ABUWfjgqa8LjSkkhnDefEbUx5DnTvmVtT687CQh6S2MR") retry_cnt=0
2026-05-20T11:22:14.469004Z ERROR iota_benchmark: Transaction failed with err: Rpc(Call(ErrorObject { code: ServerError(-32050), message: "Transaction timed out before reaching finality", data: None })) tx_digest=Digest("6jxnEusvV6aLqSc3X1ngqgn22qn4CrZHqN3TqEyELzoC") retry_cnt=0
2026-05-20T11:22:14.469501Z ERROR iota_benchmark: Transaction failed with err: Rpc(Call(ErrorObject { code: ServerError(-32050), message: "Transaction timed out before reaching finality", data: None })) tx_digest=Digest("2j2QyhqpAuNwLVf4aq6Cua3VNDy1FXxMwetVRzVRVvLS") retry_cnt=0
2026-05-20T11:22:14.485540Z ERROR iota_benchmark: Transaction failed with err: Rpc(Call(ErrorObject { code: ServerError(-32050), message: "Transaction timed out before reaching finality", data: None })) tx_digest=Digest("HVh8pDSCLvpAXXdvSZ1UMuWkb7FhoUBGEBcJ3LxtK3Wu") retry_cnt=0
2026-05-20T11:22:14.486207Z ERROR iota_benchmark: Transaction failed with err: Rpc(Call(ErrorObject { code: ServerError(-32050), message: "Transaction timed out before reaching finality", data: None })) tx_digest=Digest("DNTj4yj8LacXA8sq7jR7YQcXyLVYyG3UvLuTTeyZBsDP") retry_cnt=0
2026-05-20T11:22:14.495431Z ERROR iota_benchmark: Transaction failed with err: Rpc(Call(ErrorObject { code: ServerError(-32050), message: "Transaction timed out before reaching finality", data: None })) tx_digest=Digest("AR6nKYdEq8URZK1BHz7mGNT8LMUYAVaeYGZ6XK4b4XWJ") retry_cnt=0
2026-05-20T11:22:14.557218Z ERROR iota_benchmark: Transaction failed with err: Rpc(Call(ErrorObject { code: ServerError(-32050), message: "Transaction timed out before reaching finality", data: None })) tx_digest=Digest("ATmouTjdSKdJcFyMo4wzJpk1ub2NWojEvbN1nxezVPPD") retry_cnt=0
2026-05-20T11:22:14.609310Z ERROR iota_benchmark: Transaction failed with err: Rpc(Call(ErrorObject { code: ServerError(-32050), message: "Transaction timed out before reaching finality", data: None })) tx_digest=Digest("Fn63mCL4UhZRcQ8TGD9h8o2SjeuNHE4tgg6qrrykB5A9") retry_cnt=0
2026-05-20T11:22:14.761997Z ERROR iota_benchmark: Transaction failed with err: Rpc(Call(ErrorObject { code: ServerError(-32050), message: "Transaction timed out before reaching finality", data: None })) tx_digest=Digest("AL3WAHa4feh5NvRNFhDudQPtvZf1pPeZi5CqtivxdKD4") retry_cnt=0
2026-05-20T11:22:14.770194Z ERROR iota_benchmark: Transaction failed with err: Rpc(Call(ErrorObject { code: ServerError(-32050), message: "Transaction timed out before reaching finality", data: None })) tx_digest=Digest("GFtQTysoX79r158NPj1xFfpH9STHAibExH1qjj1AWkGH") retry_cnt=0
2026-05-20T11:22:14.919271Z ERROR iota_benchmark: Transaction failed with err: Rpc(Call(ErrorObject { code: ServerError(-32050), message: "Transaction timed out before reaching finality", data: None })) tx_digest=Digest("BG8ztFB1t8t8Mp66aeLyGDj2AbqFiSxdGSPhDbBL8LVV") retry_cnt=0
2026-05-20T11:22:14.939696Z ERROR iota_benchmark: Transaction failed with err: Rpc(Call(ErrorObject { code: ServerError(-32050), message: "Transaction timed out before reaching finality", data: None })) tx_digest=Digest("7AZhGpVZbuHuLPPYyLFZ6JyeZrGeW9r4VEMecQAg9h8u") retry_cnt=0
2026-05-20T11:22:14.942671Z ERROR iota_benchmark: Transaction failed with err: Rpc(Call(ErrorObject { code: ServerError(-32050), message: "Transaction timed out before reaching finality", data: None })) tx_digest=Digest("Cjrp9FvwRu3veihEs6NCrmNj7w3rTtxxXP3chEBidNnY") retry_cnt=0
2026-05-20T11:22:14.944538Z ERROR iota_benchmark: Transaction failed with err: Rpc(Call(ErrorObject { code: ServerError(-32050), message: "Transaction timed out before reaching finality", data: None })) tx_digest=Digest("3wM9G6f92S664jpyycmx2eWTyvwnbV6uFN1CnUMWkiUi") retry_cnt=0
2026-05-20T11:22:14.944739Z ERROR iota_benchmark: Transaction failed with err: Rpc(Call(ErrorObject { code: ServerError(-32050), message: "Transaction timed out before reaching finality", data: None })) tx_digest=Digest("EjvkcEozSLnirFTrrJS1dndAJAJVZVeWi1RPJ48JbrdT") retry_cnt=0
2026-05-20T11:22:14.953598Z ERROR iota_benchmark: Transaction failed with err: Rpc(Call(ErrorObject { code: ServerError(-32050), message: "Transaction timed out before reaching finality", data: None })) tx_digest=Digest("FcMteyy423cSfVK9JJNR9o8wDoDgdXsJSYYDfEHenHhK") retry_cnt=0
2026-05-20T11:22:14.958913Z ERROR iota_benchmark: Transaction failed with err: Rpc(Call(ErrorObject { code: ServerError(-32050), message: "Transaction timed out before reaching finality", data: None })) tx_digest=Digest("3wTuzr77BKhwwp6YRpuRgHPQhnDKxSex3L8yS36BptDR") retry_cnt=0
2026-05-20T11:22:15.050656Z ERROR iota_benchmark: Transaction failed with err: Rpc(Call(ErrorObject { code: ServerError(-32050), message: "Transaction timed out before reaching finality", data: None })) tx_digest=Digest("E9RC84fV9S2qKcPL4CKj5FQVrw6dkoxDQsayGnnSwWb6") retry_cnt=0
2026-05-20T11:22:15.099608Z ERROR iota_benchmark: Transaction failed with err: Rpc(Call(ErrorObject { code: ServerError(-32050), message: "Transaction timed out before reaching finality", data: None })) tx_digest=Digest("AYdYi4KuGRf17PWqoqdxwpBLhqCcxNDFahikGrkZ9VTf") retry_cnt=0
2026-05-20T11:22:15.119480Z ERROR iota_benchmark: Transaction failed with err: Rpc(Call(ErrorObject { code: ServerError(-32050), message: "Transaction timed out before reaching finality", data: None })) tx_digest=Digest("3A53Lwi4fUuGroACayb7EGxvtoDPEFZasyBjFE72WPnz") retry_cnt=0
2026-05-20T11:22:15.119492Z ERROR iota_benchmark: Transaction failed with err: Rpc(Call(ErrorObject { code: ServerError(-32050), message: "Transaction timed out before reaching finality", data: None })) tx_digest=Digest("9f3ATaW2C2VeYubz1mbzXeuS9EQ219ShLx9ZfigZHdqM") retry_cnt=0
2026-05-20T11:22:15.125031Z ERROR iota_benchmark: Transaction failed with err: Rpc(Call(ErrorObject { code: ServerError(-32050), message: "Transaction timed out before reaching finality", data: None })) tx_digest=Digest("zydoeuEsmsqsz7KPpm5HDixhQ892DBYpEQredeVtCat") retry_cnt=0
2026-05-20T11:22:15.131332Z ERROR iota_benchmark: Transaction failed with err: Rpc(Call(ErrorObject { code: ServerError(-32050), message: "Transaction timed out before reaching finality", data: None })) tx_digest=Digest("AosR1m23tAgxgE5zTjqo1o3q9VH24TsMLTCKwyYizTR3") retry_cnt=0
2026-05-20T11:22:15.134882Z ERROR iota_benchmark: Transaction failed with err: Rpc(Call(ErrorObject { code: ServerError(-32050), message: "Transaction timed out before reaching finality", data: None })) tx_digest=Digest("ZFMrL6XM8M4mczad2xU427g8qBNF4mGnbDNCTGt5qVt") retry_cnt=0
2026-05-20T11:22:15.180498Z ERROR iota_benchmark: Transaction failed with err: Rpc(Call(ErrorObject { code: ServerError(-32050), message: "Transaction timed out before reaching finality", data: None })) tx_digest=Digest("3Z99B6YG9jPf69iigE5ZoyswBvSBJ11imgxtqWeD4VCT") retry_cnt=0
2026-05-20T11:22:15.196399Z ERROR iota_benchmark: Transaction failed with err: Rpc(Call(ErrorObject { code: ServerError(-32050), message: "Transaction timed out before reaching finality", data: None })) tx_digest=Digest("2grDTPRhNkkYPiqj2873RBqWm5en7t6Byh3JZchG3X5x") retry_cnt=0
2026-05-20T11:22:15.213355Z ERROR iota_benchmark: Transaction failed with err: Rpc(Call(ErrorObject { code: ServerError(-32050), message: "Transaction timed out before reaching finality", data: None })) tx_digest=Digest("4UdGMAuBHgyT5fBWbsHm4oCo56PGfy9NiYjJhcrMnCKZ") retry_cnt=0
2026-05-20T11:22:15.233026Z ERROR iota_benchmark: Transaction failed with err: Rpc(Call(ErrorObject { code: ServerError(-32050), message: "Transaction timed out before reaching finality", data: None })) tx_digest=Digest("3sixNUAezWrRJyC8ChtbD7ShvrN83L2wYXB9dYVE1KU5") retry_cnt=0
2026-05-20T11:22:15.250196Z ERROR iota_benchmark: Transaction failed with err: Rpc(Call(ErrorObject { code: ServerError(-32050), message: "Transaction timed out before reaching finality", data: None })) tx_digest=Digest("9TjFh8i6L3jtJmCiE3vT9ZZPq2xUhZue4BwrcEBZC57h") retry_cnt=0
2026-05-20T11:22:15.255431Z ERROR iota_benchmark: Transaction failed with err: Rpc(Call(ErrorObject { code: ServerError(-32050), message: "Transaction timed out before reaching finality", data: None })) tx_digest=Digest("93ZZVGrtYEjmphCgTcKFPDckkwqvsYWc2bp32auxA5Af") retry_cnt=0
2026-05-20T11:22:15.261940Z ERROR iota_benchmark: Transaction failed with err: Rpc(Call(ErrorObject { code: ServerError(-32050), message: "Transaction timed out before reaching finality", data: None })) tx_digest=Digest("6TqXK7CHpvfxnUXMMfDKAFrVV7btayUewvPr4vx7pAgr") retry_cnt=0
2026-05-20T11:22:15.264431Z ERROR iota_benchmark: Transaction failed with err: Rpc(Call(ErrorObject { code: ServerError(-32050), message: "Transaction timed out before reaching finality", data: None })) tx_digest=Digest("BUq1JFDikWhFbZA8wWbp8jKxtgKRiXEieGXaWwRWRZft") retry_cnt=0
2026-05-20T11:22:15.279898Z ERROR iota_benchmark: Transaction failed with err: Rpc(Call(ErrorObject { code: ServerError(-32050), message: "Transaction timed out before reaching finality", data: None })) tx_digest=Digest("j2udUNqAPrJ1s54u24vHJwgMhiH56UznsiZxt4Qjp84") retry_cnt=0
2026-05-20T11:22:15.282124Z ERROR iota_benchmark: Transaction failed with err: Rpc(Call(ErrorObject { code: ServerError(-32050), message: "Transaction timed out before reaching finality", data: None })) tx_digest=Digest("3r9rYtsB85WM2JXJ6xkFBZtWpvG9K9ogys8JZdrcNHMJ") retry_cnt=0
2026-05-20T11:22:15.448021Z ERROR iota_benchmark: Transaction failed with err: Rpc(Call(ErrorObject { code: ServerError(-32050), message: "Transaction timed out before reaching finality", data: None })) tx_digest=Digest("8HCTjsNmQPAkzRALBKqpjca4kpQ9Rksp3ngNX5fttHqh") retry_cnt=0
2026-05-20T11:22:15.448448Z ERROR iota_benchmark: Transaction failed with err: Rpc(Call(ErrorObject { code: ServerError(-32050), message: "Transaction timed out before reaching finality", data: None })) tx_digest=Digest("5fjpndwuH59fr6m6kqmUgYLyzYqqNJV5DjmQLYtzYLGm") retry_cnt=0
2026-05-20T11:22:15.462306Z ERROR iota_benchmark: Transaction failed with err: Rpc(Call(ErrorObject { code: ServerError(-32050), message: "Transaction timed out before reaching finality", data: None })) tx_digest=Digest("2ezGJoJzFcAGbEnebbieoZHcEN6Yd11nLcE76NFwBsoT") retry_cnt=0
2026-05-20T11:22:15.476703Z ERROR iota_benchmark: Transaction failed with err: Rpc(Call(ErrorObject { code: ServerError(-32050), message: "Transaction timed out before reaching finality", data: None })) tx_digest=Digest("Fxw3oPBSYfwn7GPsXwrgSuFwYBB62roqBSuggmYEY1Po") retry_cnt=0
2026-05-20T11:22:15.482838Z ERROR iota_benchmark: Transaction failed with err: Rpc(Call(ErrorObject { code: ServerError(-32050), message: "Transaction timed out before reaching finality", data: None })) tx_digest=Digest("2fRYyptogZfigU73SHyTtXwuPRm7qJspecKDhz6vnN6U") retry_cnt=0
2026-05-20T11:22:15.489606Z ERROR iota_benchmark: Transaction failed with err: Rpc(Call(ErrorObject { code: ServerError(-32050), message: "Transaction timed out before reaching finality", data: None })) tx_digest=Digest("9Mp2trahyu7ewTdT2z79ZqY5ZcjrTuxzVc9jXGVHDh5P") retry_cnt=0
2026-05-20T11:22:15.498384Z ERROR iota_benchmark: Transaction failed with err: Rpc(Call(ErrorObject { code: ServerError(-32050), message: "Transaction timed out before reaching finality", data: None })) tx_digest=Digest("H3tWTS7rZToE9wYMLBMiPgEtcfaF5kUx7tvuAtpXgfuW") retry_cnt=0
2026-05-20T11:22:15.548933Z ERROR iota_benchmark: Transaction failed with err: Rpc(Call(ErrorObject { code: ServerError(-32050), message: "Transaction timed out before reaching finality", data: None })) tx_digest=Digest("FH2r67CjUTyZuGhLoSsh2T5t61pWeoNESWM7sBLj2iDJ") retry_cnt=0
2026-05-20T11:22:15.553681Z ERROR iota_benchmark: Transaction failed with err: Rpc(Call(ErrorObject { code: ServerError(-32050), message: "Transaction timed out before reaching finality", data: None })) tx_digest=Digest("AcWKJ74MZkvWKkQqpcttqySzfX35vM6PnryxkbU6Dj3p") retry_cnt=0
2026-05-20T11:22:15.596611Z ERROR iota_benchmark: Transaction failed with err: Rpc(Call(ErrorObject { code: ServerError(-32050), message: "Transaction timed out before reaching finality", data: None })) tx_digest=Digest("313UfSG4Zrrgx1wX3vTjp91y9t5TnTwAy46srmm95Frn") retry_cnt=0
2026-05-20T11:22:15.602666Z ERROR iota_benchmark: Transaction failed with err: Rpc(Call(ErrorObject { code: ServerError(-32050), message: "Transaction timed out before reaching finality", data: None })) tx_digest=Digest("HY1cVSuy8RM38dVZ9Nyd5JT33bAsUjLAgLWcZQdjwa7k") retry_cnt=0
2026-05-20T11:22:15.613843Z ERROR iota_benchmark: Transaction failed with err: Rpc(Call(ErrorObject { code: ServerError(-32050), message: "Transaction timed out before reaching finality", data: None })) tx_digest=Digest("8qGkwSMkyLahE3wDiSNiX3ZuP11UkMJmNMSQGFVDsCVM") retry_cnt=0
2026-05-20T11:22:15.615583Z ERROR iota_benchmark: Transaction failed with err: Rpc(Call(ErrorObject { code: ServerError(-32050), message: "Transaction timed out before reaching finality", data: None })) tx_digest=Digest("7wdQsMHPT34g5xbcjaHdstYH2A1Fn5dwERVbJVujMtxZ") retry_cnt=0
2026-05-20T11:22:15.615827Z ERROR iota_benchmark: Transaction failed with err: Rpc(Call(ErrorObject { code: ServerError(-32050), message: "Transaction timed out before reaching finality", data: None })) tx_digest=Digest("GMqMiqDPQERz5YE5chmWty6E6sRRv5a3tuRz4ZtWZXep") retry_cnt=0
2026-05-20T11:22:15.619665Z ERROR iota_benchmark: Transaction failed with err: Rpc(Call(ErrorObject { code: ServerError(-32050), message: "Transaction timed out before reaching finality", data: None })) tx_digest=Digest("2TbN5c2XnVFNpek7MnJwbJyA93C8xv9CV8ygze9tSXNE") retry_cnt=0
2026-05-20T11:22:15.648731Z ERROR iota_benchmark: Transaction failed with err: Rpc(Call(ErrorObject { code: ServerError(-32050), message: "Transaction timed out before reaching finality", data: None })) tx_digest=Digest("7azgHs9wYJpPCVhcT2NumpdjwC8nhmHD4Ub95c5CGa6H") retry_cnt=0
2026-05-20T11:22:15.666473Z ERROR iota_benchmark: Transaction failed with err: Rpc(Call(ErrorObject { code: ServerError(-32050), message: "Transaction timed out before reaching finality", data: None })) tx_digest=Digest("7hLofCavDLS9JVcNRC2u2NR7oyo4gE37jZsJQMAhjk9w") retry_cnt=0
2026-05-20T11:22:15.671517Z ERROR iota_benchmark: Transaction failed with err: Rpc(Call(ErrorObject { code: ServerError(-32050), message: "Transaction timed out before reaching finality", data: None })) tx_digest=Digest("FJuJ1A8dQcsvMu8McGBaEKxP5AUUxQMnQwHCKdWAYQpn") retry_cnt=0
2026-05-20T11:22:15.727984Z ERROR iota_benchmark: Transaction failed with err: Rpc(Call(ErrorObject { code: ServerError(-32050), message: "Transaction timed out before reaching finality", data: None })) tx_digest=Digest("4SoJAdaN1qb6vmFLSwpRePadgCcaE5RTVRq5qstno77T") retry_cnt=0
2026-05-20T11:22:15.728146Z ERROR iota_benchmark: Transaction failed with err: Rpc(Call(ErrorObject { code: ServerError(-32050), message: "Transaction timed out before reaching finality", data: None })) tx_digest=Digest("Da1aAhrSHP6fh7NTb2a2drH2PvTTuH1SHsTPF97PEyU8") retry_cnt=0
2026-05-20T11:22:15.737097Z ERROR iota_benchmark: Transaction failed with err: Rpc(Call(ErrorObject { code: ServerError(-32050), message: "Transaction timed out before reaching finality", data: None })) tx_digest=Digest("E6yaZ5LFTPpoccQfb8CMFMJNxhiHMzxnv5np7NPL3o1C") retry_cnt=0
2026-05-20T11:22:15.770781Z ERROR iota_benchmark: Transaction failed with err: Rpc(Call(ErrorObject { code: ServerError(-32050), message: "Transaction timed out before reaching finality", data: None })) tx_digest=Digest("51CGqq3kc66wouhm2u9Ash32NmEtJsntqyQPk7yBMife") retry_cnt=0
2026-05-20T11:22:15.770789Z ERROR iota_benchmark: Transaction failed with err: Rpc(Call(ErrorObject { code: ServerError(-32050), message: "Transaction timed out before reaching finality", data: None })) tx_digest=Digest("66L2s8GKk326BzTjNzYnjhxHur6enDgr54oTpaBUe9Fh") retry_cnt=0
2026-05-20T11:22:37.637022Z ERROR iota_benchmark: Transaction failed with err: Rpc(Call(ErrorObject { code: ServerError(-32050), message: "Transaction timed out before reaching finality", data: None })) tx_digest=Digest("FGsEaiDNtKABGqDDbvrL3yoMZypjWzRYz1tMcAxhumDg") retry_cnt=1
2026-05-20T11:22:37.654416Z ERROR iota_benchmark: Transaction failed with err: Rpc(Call(ErrorObject { code: ServerError(-32050), message: "Transaction timed out before reaching finality", data: None })) tx_digest=Digest("APBKTK7zjkMB2ky5FWzuCqa5Z5vH7921bNAab2GeGeBV") retry_cnt=1
2026-05-20T11:22:37.762898Z ERROR iota_benchmark: Transaction failed with err: Rpc(Call(ErrorObject { code: ServerError(-32050), message: "Transaction timed out before reaching finality", data: None })) tx_digest=Digest("CKDK6gYh4GhngTHx9cdfGttd8x4KjprZFPaFKD7AEBak") retry_cnt=1
2026-05-20T11:22:37.767573Z ERROR iota_benchmark: Transaction failed with err: Rpc(Call(ErrorObject { code: ServerError(-32050), message: "Transaction timed out before reaching finality", data: None })) tx_digest=Digest("GBHwCrRHZcV1qsQtifSLjVPb8Au5oiyjtAm3VjbdSPmC") retry_cnt=1
2026-05-20T11:22:38.047400Z ERROR iota_benchmark: Transaction failed with err: Rpc(Call(ErrorObject { code: ServerError(-32050), message: "Transaction timed out before reaching finality", data: None })) tx_digest=Digest("2T3NP49GZdLD4SX8TQFFeZzTKpivxBuCkbfyQL3eQE6J") retry_cnt=1
2026-05-20T11:22:38.116596Z ERROR iota_benchmark: Transaction failed with err: Rpc(Call(ErrorObject { code: ServerError(-32050), message: "Transaction timed out before reaching finality", data: None })) tx_digest=Digest("CVP1jSEkK8fi8N1iD1kYoxGskS6Nh1AzB7Jjd5ysoJ2h") retry_cnt=1
2026-05-20T11:22:38.133138Z ERROR iota_benchmark: Transaction failed with err: Rpc(Call(ErrorObject { code: ServerError(-32050), message: "Transaction timed out before reaching finality", data: None })) tx_digest=Digest("GoTk2HRyW7W6iAw6vitjiys7TxSvCpzc49pafiMq6nqh") retry_cnt=1
2026-05-20T11:22:38.133224Z ERROR iota_benchmark: Transaction failed with err: Rpc(Call(ErrorObject { code: ServerError(-32050), message: "Transaction timed out before reaching finality", data: None })) tx_digest=Digest("FcDw9hiT1fboQbG8tVDZqUheqZ3AkYz5RLfPgfe5MVkp") retry_cnt=1
2026-05-20T11:22:38.133988Z ERROR iota_benchmark: Transaction failed with err: Rpc(Call(ErrorObject { code: ServerError(-32050), message: "Transaction timed out before reaching finality", data: None })) tx_digest=Digest("H5GqB2KJQ1eAccXokCNivq5oKf2Cfp56aaNfeGxSd7hk") retry_cnt=1
2026-05-20T11:22:38.139383Z ERROR iota_benchmark: Transaction failed with err: Rpc(Call(ErrorObject { code: ServerError(-32050), message: "Transaction timed out before reaching finality", data: None })) tx_digest=Digest("CzRabMoDJDp8cJkjdgTbGuztcPE6ntePaeBYe3131W15") retry_cnt=1
2026-05-20T11:22:38.168025Z ERROR iota_benchmark: Transaction failed with err: Rpc(Call(ErrorObject { code: ServerError(-32050), message: "Transaction timed out before reaching finality", data: None })) tx_digest=Digest("DHqQFneReYTBEUV6XMGzbCoQmPE7aEzUTcciie39cCj3") retry_cnt=1
2026-05-20T11:22:38.191144Z ERROR iota_benchmark: Transaction failed with err: Rpc(Call(ErrorObject { code: ServerError(-32050), message: "Transaction timed out before reaching finality", data: None })) tx_digest=Digest("EHixZSAtrhsVBjAfxeYheBxSTp2y4VZTLC8oX6wfLaKf") retry_cnt=1
2026-05-20T11:22:38.215281Z ERROR iota_benchmark: Transaction failed with err: Rpc(Call(ErrorObject { code: ServerError(-32050), message: "Transaction timed out before reaching finality", data: None })) tx_digest=Digest("G2DuFExxZDoPVBWc2NUDt5oFZkEQWXv1oQyUeWXHcyhr") retry_cnt=1
2026-05-20T11:22:38.245190Z ERROR iota_benchmark: Transaction failed with err: Rpc(Call(ErrorObject { code: ServerError(-32050), message: "Transaction timed out before reaching finality", data: None })) tx_digest=Digest("82WanGcbXUxxsYBzWpsJEgHt8hew44AxR2oGK5SUoyBF") retry_cnt=1
2026-05-20T11:22:38.273974Z ERROR iota_benchmark: Transaction failed with err: Rpc(Call(ErrorObject { code: ServerError(-32050), message: "Transaction timed out before reaching finality", data: None })) tx_digest=Digest("A1AJosMd2RXRb9gRp2EsA5Q2dYhh6HbtXWVMu7FEBbrD") retry_cnt=1
2026-05-20T11:22:38.276977Z ERROR iota_benchmark: Transaction failed with err: Rpc(Call(ErrorObject { code: ServerError(-32050), message: "Transaction timed out before reaching finality", data: None })) tx_digest=Digest("5faR7iAU3fwzTzLit6D2ZHhLSQsKm88XtLL5oKPP18E6") retry_cnt=1
2026-05-20T11:22:38.288350Z ERROR iota_benchmark: Transaction failed with err: Rpc(Call(ErrorObject { code: ServerError(-32050), message: "Transaction timed out before reaching finality", data: None })) tx_digest=Digest("AW4pRHJeASPyxkFa8CCnGpZHnpstujUwTipgt9khqNEp") retry_cnt=1
2026-05-20T11:22:38.292948Z ERROR iota_benchmark: Transaction failed with err: Rpc(Call(ErrorObject { code: ServerError(-32050), message: "Transaction timed out before reaching finality", data: None })) tx_digest=Digest("4So8ddJDqt8JiPakBnvBzWgVW8XbJ4NxMLdrsjHUHR5k") retry_cnt=1
2026-05-20T11:22:38.301933Z ERROR iota_benchmark: Transaction failed with err: Rpc(Call(ErrorObject { code: ServerError(-32050), message: "Transaction timed out before reaching finality", data: None })) tx_digest=Digest("AHq4nH7okGDbgqNvTXuiacg26Upv2iZ6gCXX2iocHnHr") retry_cnt=1
2026-05-20T11:22:38.306799Z ERROR iota_benchmark: Transaction failed with err: Rpc(Call(ErrorObject { code: ServerError(-32050), message: "Transaction timed out before reaching finality", data: None })) tx_digest=Digest("2P3Qb1da3Debsi8PAF66CVGLR4gcMeg9EbRuuU1kv4BB") retry_cnt=1
2026-05-20T11:22:38.340390Z ERROR iota_benchmark: Transaction failed with err: Rpc(Call(ErrorObject { code: ServerError(-32050), message: "Transaction timed out before reaching finality", data: None })) tx_digest=Digest("EZYh3RjfjY83PM9tWWia53Hvw3Vsq1yEbo9bBzM9Vxnv") retry_cnt=1
2026-05-20T11:22:38.340474Z ERROR iota_benchmark: Transaction failed with err: Rpc(Call(ErrorObject { code: ServerError(-32050), message: "Transaction timed out before reaching finality", data: None })) tx_digest=Digest("DpmyFpxLZRuwKGiunbc1mKKH4NPcMoXMLpBG48Fuwjm8") retry_cnt=1
2026-05-20T11:22:38.340640Z ERROR iota_benchmark: Transaction failed with err: Rpc(Call(ErrorObject { code: ServerError(-32050), message: "Transaction timed out before reaching finality", data: None })) tx_digest=Digest("62UR93Rx6y4ZURXc27KFpniR8m9NtFTWE2ZeeMdS2tH5") retry_cnt=1
2026-05-20T11:22:38.340903Z ERROR iota_benchmark: Transaction failed with err: Rpc(Call(ErrorObject { code: ServerError(-32050), message: "Transaction timed out before reaching finality", data: None })) tx_digest=Digest("7iYhz4frdiK1Ef9qKy5FPkfxFPPSnoR3UbSRtuVXTTiT") retry_cnt=1
2026-05-20T11:22:38.340943Z ERROR iota_benchmark: Transaction failed with err: Rpc(Call(ErrorObject { code: ServerError(-32050), message: "Transaction timed out before reaching finality", data: None })) tx_digest=Digest("BGsYuC3A1nqBAiNvca3t6jBhroRhejAjzV2Ctrh5w2MU") retry_cnt=1
2026-05-20T11:22:38.342372Z ERROR iota_benchmark: Transaction failed with err: Rpc(Call(ErrorObject { code: ServerError(-32050), message: "Transaction timed out before reaching finality", data: None })) tx_digest=Digest("GikzRjjx4TFThE7gmKjSdKqQXjfNBwWH1PgyHeg5inUw") retry_cnt=1
2026-05-20T11:22:38.377654Z ERROR iota_benchmark: Transaction failed with err: Rpc(Call(ErrorObject { code: ServerError(-32050), message: "Transaction timed out before reaching finality", data: None })) tx_digest=Digest("D7dLp6mC513x4UfM4poTkzNu22intqvfyrNbZVLZeaRQ") retry_cnt=1
2026-05-20T11:22:38.399774Z ERROR iota_benchmark: Transaction failed with err: Rpc(Call(ErrorObject { code: ServerError(-32050), message: "Transaction timed out before reaching finality", data: None })) tx_digest=Digest("GkeNojneh2cRJWxrzrDqqcnE1AVGMfvPYUot5A8uFja5") retry_cnt=1
2026-05-20T11:22:38.402578Z ERROR iota_benchmark: Transaction failed with err: Rpc(Call(ErrorObject { code: ServerError(-32050), message: "Transaction timed out before reaching finality", data: None })) tx_digest=Digest("75KLpWgrzn39Ddf4qVWNRELEcZHWsTsbrYH53EMpSsQu") retry_cnt=1
2026-05-20T11:22:38.403252Z ERROR iota_benchmark: Transaction failed with err: Rpc(Call(ErrorObject { code: ServerError(-32050), message: "Transaction timed out before reaching finality", data: None })) tx_digest=Digest("6v2KKdRAmnzG63edc8zyDfUAzSiw2qHDJmyHUgFHrgQe") retry_cnt=1
2026-05-20T11:22:38.425003Z ERROR iota_benchmark: Transaction failed with err: Rpc(Call(ErrorObject { code: ServerError(-32050), message: "Transaction timed out before reaching finality", data: None })) tx_digest=Digest("456KK5zb3ioQdJZnDpxVMqhbrUep2UqPpZ9mL18etQzh") retry_cnt=1
2026-05-20T11:22:38.426060Z ERROR iota_benchmark: Transaction failed with err: Rpc(Call(ErrorObject { code: ServerError(-32050), message: "Transaction timed out before reaching finality", data: None })) tx_digest=Digest("9Nf1eMoUPv2wtMwRqzDMUPdDKCTbe2rHyhHHhKvEYU4k") retry_cnt=1
2026-05-20T11:22:38.441298Z ERROR iota_benchmark: Transaction failed with err: Rpc(Call(ErrorObject { code: ServerError(-32050), message: "Transaction timed out before reaching finality", data: None })) tx_digest=Digest("4RLvRtVAZce7pfoES8Q1QLiu3FRvZQAjNfJumjo1b63H") retry_cnt=1
2026-05-20T11:22:38.456961Z ERROR iota_benchmark: Transaction failed with err: Rpc(Call(ErrorObject { code: ServerError(-32050), message: "Transaction timed out before reaching finality", data: None })) tx_digest=Digest("4UUK8VhztuSjYVLrupzMDsxdaokY9b3cNScf4ttbCDNV") retry_cnt=1
2026-05-20T11:22:38.475794Z ERROR iota_benchmark: Transaction failed with err: Rpc(Call(ErrorObject { code: ServerError(-32050), message: "Transaction timed out before reaching finality", data: None })) tx_digest=Digest("2N4MSrkjwPb2n1VUcdQ5LSfoidT5HcoudWyJJMBwCQDu") retry_cnt=1
2026-05-20T11:22:38.485100Z ERROR iota_benchmark: Transaction failed with err: Rpc(Call(ErrorObject { code: ServerError(-32050), message: "Transaction timed out before reaching finality", data: None })) tx_digest=Digest("CEZyNgQEo3hn73Kko7STY6U4VBVCnwC3FhjhbUypQirB") retry_cnt=1
2026-05-20T11:22:38.486224Z ERROR iota_benchmark: Transaction failed with err: Rpc(Call(ErrorObject { code: ServerError(-32050), message: "Transaction timed out before reaching finality", data: None })) tx_digest=Digest("AhUGhxRw5pArJPw5PnBtNLy4xeCCjWw1Guy6mZyTLtLD") retry_cnt=1
2026-05-20T11:22:38.486817Z ERROR iota_benchmark: Transaction failed with err: Rpc(Call(ErrorObject { code: ServerError(-32050), message: "Transaction timed out before reaching finality", data: None })) tx_digest=Digest("CvYzHBTm9BXMg1iYS53k2dZuFbURFPmhhaLfDiYp6L1C") retry_cnt=1
2026-05-20T11:22:38.490627Z ERROR iota_benchmark: Transaction failed with err: Rpc(Call(ErrorObject { code: ServerError(-32050), message: "Transaction timed out before reaching finality", data: None })) tx_digest=Digest("WwB5chWGkwDDmxKgPVHKAGaKPcmn3yaNJqEg5F5VqmD") retry_cnt=1
2026-05-20T11:22:38.493279Z ERROR iota_benchmark: Transaction failed with err: Rpc(Call(ErrorObject { code: ServerError(-32050), message: "Transaction timed out before reaching finality", data: None })) tx_digest=Digest("2qbagqMQRHnb28NV7BwwH7WmKgYUfkZ7VD4rarBZrinL") retry_cnt=1
2026-05-20T11:22:38.524160Z ERROR iota_benchmark: Transaction failed with err: Rpc(Call(ErrorObject { code: ServerError(-32050), message: "Transaction timed out before reaching finality", data: None })) tx_digest=Digest("GDemrdAdCWvwux4dQ8LDZiySg8hSQUvtnrW5aTkaxpMX") retry_cnt=1
2026-05-20T11:22:38.561021Z ERROR iota_benchmark: Transaction failed with err: Rpc(Call(ErrorObject { code: ServerError(-32050), message: "Transaction timed out before reaching finality", data: None })) tx_digest=Digest("8RM4qgauQ7TeBD4NVWEHC8ErRt2BPo9BUsTN3jeHAE6K") retry_cnt=1
2026-05-20T11:22:38.571436Z ERROR iota_benchmark: Transaction failed with err: Rpc(Call(ErrorObject { code: ServerError(-32050), message: "Transaction timed out before reaching finality", data: None })) tx_digest=Digest("FQBBCxHq3kdzPRMTPhbZrU1sEjXdZxRPjdb8u7z98KWC") retry_cnt=1
2026-05-20T11:22:38.571570Z ERROR iota_benchmark: Transaction failed with err: Rpc(Call(ErrorObject { code: ServerError(-32050), message: "Transaction timed out before reaching finality", data: None })) tx_digest=Digest("FW2HyAvu1mzeZWJUgHucX9e3BFmky3S5B4wyrKjaF2Ei") retry_cnt=1
2026-05-20T11:22:38.588494Z ERROR iota_benchmark: Transaction failed with err: Rpc(Call(ErrorObject { code: ServerError(-32050), message: "Transaction timed out before reaching finality", data: None })) tx_digest=Digest("GyMs5FP8GA2FHVJXnekhsqjUwp2ykxEzKa7zUpFYVkNT") retry_cnt=1
2026-05-20T11:22:38.613031Z ERROR iota_benchmark: Transaction failed with err: Rpc(Call(ErrorObject { code: ServerError(-32050), message: "Transaction timed out before reaching finality", data: None })) tx_digest=Digest("8r5eTYEETuAKYje5H7PRR9he2xrG3wuRDqTMJ1PPHjSw") retry_cnt=1
2026-05-20T11:22:38.623113Z ERROR iota_benchmark: Transaction failed with err: Rpc(Call(ErrorObject { code: ServerError(-32050), message: "Transaction timed out before reaching finality", data: None })) tx_digest=Digest("73HG4TztZrHaFvsKf62Lrr3v7WnGDvFawoBQQjKz5wDg") retry_cnt=1
2026-05-20T11:22:38.623177Z ERROR iota_benchmark: Transaction failed with err: Rpc(Call(ErrorObject { code: ServerError(-32050), message: "Transaction timed out before reaching finality", data: None })) tx_digest=Digest("GfYMWKpAVDdfQMqDUBmKwYKDgFuvDVZ6jnDb5Bhk9Hsn") retry_cnt=1
2026-05-20T11:22:38.626904Z ERROR iota_benchmark: Transaction failed with err: Rpc(Call(ErrorObject { code: ServerError(-32050), message: "Transaction timed out before reaching finality", data: None })) tx_digest=Digest("6HXXVzEZPt1WzAf1BKYiddh8oK6PnLbpgmFUknS6qjt8") retry_cnt=1
2026-05-20T11:22:38.652835Z ERROR iota_benchmark: Transaction failed with err: Rpc(Call(ErrorObject { code: ServerError(-32050), message: "Transaction timed out before reaching finality", data: None })) tx_digest=Digest("EmnFqKcXTsvENW6rUo8bishLBtCb8fmo7Qs1xPzp5d6w") retry_cnt=1
2026-05-20T11:22:38.669324Z ERROR iota_benchmark: Transaction failed with err: Rpc(Call(ErrorObject { code: ServerError(-32050), message: "Transaction timed out before reaching finality", data: None })) tx_digest=Digest("4Uxey14JiARXaH3MtkQ1q8etoMxs12R6SQGqa4SZ7GRg") retry_cnt=1
2026-05-20T11:22:38.680923Z ERROR iota_benchmark: Transaction failed with err: Rpc(Call(ErrorObject { code: ServerError(-32050), message: "Transaction timed out before reaching finality", data: None })) tx_digest=Digest("46YcHwB5sTvtWe8oWkPEDGcFBZnQujTDsGgoA8y8xN76") retry_cnt=1
2026-05-20T11:22:38.681994Z ERROR iota_benchmark: Transaction failed with err: Rpc(Call(ErrorObject { code: ServerError(-32050), message: "Transaction timed out before reaching finality", data: None })) tx_digest=Digest("9uRZJNDBqaeSfPhmo4kzR23ct6ZdQvAMr1NTCsY7ynfF") retry_cnt=1
2026-05-20T11:22:38.689138Z ERROR iota_benchmark: Transaction failed with err: Rpc(Call(ErrorObject { code: ServerError(-32050), message: "Transaction timed out before reaching finality", data: None })) tx_digest=Digest("2Je8XhhEedfiaEDudX2CHg6HWPTNoVYsofTZMoQ47opY") retry_cnt=1
2026-05-20T11:22:38.702511Z ERROR iota_benchmark: Transaction failed with err: Rpc(Call(ErrorObject { code: ServerError(-32050), message: "Transaction timed out before reaching finality", data: None })) tx_digest=Digest("BRAsytnpphWqSmdEj7DiGEdqzo1cPkiE7yVdKfaSuqQd") retry_cnt=1
2026-05-20T11:22:38.757589Z ERROR iota_benchmark: Transaction failed with err: Rpc(Call(ErrorObject { code: ServerError(-32050), message: "Transaction timed out before reaching finality", data: None })) tx_digest=Digest("CXwncNugAspxnJTMdtfddGL5fusbmjfMxbsEnKUDKxk2") retry_cnt=1
2026-05-20T11:22:38.765309Z ERROR iota_benchmark: Transaction failed with err: Rpc(Call(ErrorObject { code: ServerError(-32050), message: "Transaction timed out before reaching finality", data: None })) tx_digest=Digest("6fqy9pBcEZdWAzJSLqVcrs1EH3LQTtCaYHsjEF2k9gPV") retry_cnt=1
2026-05-20T11:22:38.769427Z ERROR iota_benchmark: Transaction failed with err: Rpc(Call(ErrorObject { code: ServerError(-32050), message: "Transaction timed out before reaching finality", data: None })) tx_digest=Digest("Ex85rJSq4SrfUJiqT8DPCNSTX1YFfaZPqzpVDobQFxD") retry_cnt=1
2026-05-20T11:22:38.769615Z ERROR iota_benchmark: Transaction failed with err: Rpc(Call(ErrorObject { code: ServerError(-32050), message: "Transaction timed out before reaching finality", data: None })) tx_digest=Digest("Am2dJG2irV64kFh2Q3cdka8gmoZrtdtoJVhvMEzxAZ3t") retry_cnt=1
2026-05-20T11:22:38.808519Z ERROR iota_benchmark: Transaction failed with err: Rpc(Call(ErrorObject { code: ServerError(-32050), message: "Transaction timed out before reaching finality", data: None })) tx_digest=Digest("J4pEp6Bc7kGnacyaUyuvg6SMEAZaMCP9RZ3xLez8ZjoJ") retry_cnt=1
2026-05-20T11:22:38.811370Z ERROR iota_benchmark: Transaction failed with err: Rpc(Call(ErrorObject { code: ServerError(-32050), message: "Transaction timed out before reaching finality", data: None })) tx_digest=Digest("6BauvxqtrD5vq2URiU6oQxR8o5LgyzwXvLnW2LLbjrfE") retry_cnt=1
2026-05-20T11:22:38.840690Z ERROR iota_benchmark: Transaction failed with err: Rpc(Call(ErrorObject { code: ServerError(-32050), message: "Transaction timed out before reaching finality", data: None })) tx_digest=Digest("EMzgSx1LeTfJETk9muTrLU5gjr2kMo6726wAJeUY27b6") retry_cnt=1
2026-05-20T11:22:38.844039Z ERROR iota_benchmark: Transaction failed with err: Rpc(Call(ErrorObject { code: ServerError(-32050), message: "Transaction timed out before reaching finality", data: None })) tx_digest=Digest("2v1zrpLwGonvnsnC9UzhJkiwN9EMTkbkPWixnrNu8cLV") retry_cnt=1
2026-05-20T11:22:38.863380Z ERROR iota_benchmark: Transaction failed with err: Rpc(Call(ErrorObject { code: ServerError(-32050), message: "Transaction timed out before reaching finality", data: None })) tx_digest=Digest("9wJWvNkieTMg4t9TzAjz3CnF4Uv6ZyDoDP5jKRJSFaP2") retry_cnt=1
2026-05-20T11:22:38.898284Z ERROR iota_benchmark: Transaction failed with err: Rpc(Call(ErrorObject { code: ServerError(-32050), message: "Transaction timed out before reaching finality", data: None })) tx_digest=Digest("3qbzihYD5qAbjuLh6UDos6PM4aDgG2aZyPcMPHx7hpDn") retry_cnt=1
2026-05-20T11:22:38.903984Z ERROR iota_benchmark: Transaction failed with err: Rpc(Call(ErrorObject { code: ServerError(-32050), message: "Transaction timed out before reaching finality", data: None })) tx_digest=Digest("Ec2dawkRgTtepSmWpzjiACHgW4gJRAAnLhuzf7k36gAF") retry_cnt=1
2026-05-20T11:22:38.946147Z ERROR iota_benchmark: Transaction failed with err: Rpc(Call(ErrorObject { code: ServerError(-32050), message: "Transaction timed out before reaching finality", data: None })) tx_digest=Digest("H4mL2r4JBgZoPQFSJBMV1je1oNT565EnK7zzQX1xRPV7") retry_cnt=1
2026-05-20T11:22:38.973181Z ERROR iota_benchmark: Transaction failed with err: Rpc(Call(ErrorObject { code: ServerError(-32050), message: "Transaction timed out before reaching finality", data: None })) tx_digest=Digest("Aj4g4iwMp588c6SpR3JKZZaTiAJ9byLXAtsFdDHuaStj") retry_cnt=1
2026-05-20T11:22:38.995866Z ERROR iota_benchmark: Transaction failed with err: Rpc(Call(ErrorObject { code: ServerError(-32050), message: "Transaction timed out before reaching finality", data: None })) tx_digest=Digest("HYGs7anxMPohHMRC55NofE5TFKsJeRLPeFgePybro8Qu") retry_cnt=1
2026-05-20T11:22:38.997683Z ERROR iota_benchmark: Transaction failed with err: Rpc(Call(ErrorObject { code: ServerError(-32050), message: "Transaction timed out before reaching finality", data: None })) tx_digest=Digest("5N8fPN3yGMNwLuuiJZY3CMNG5JksTdoVRueyeLFmamYE") retry_cnt=1
2026-05-20T11:22:39.014194Z ERROR iota_benchmark: Transaction failed with err: Rpc(Call(ErrorObject { code: ServerError(-32050), message: "Transaction timed out before reaching finality", data: None })) tx_digest=Digest("127yjANuEjrwLKPzXkuUqaG4Wemj8mUNznjH4Mb7ZKqv") retry_cnt=1
2026-05-20T11:22:39.049187Z ERROR iota_benchmark: Transaction failed with err: Rpc(Call(ErrorObject { code: ServerError(-32050), message: "Transaction timed out before reaching finality", data: None })) tx_digest=Digest("E33eM15UT1t5Kdvnf2QybxYuc9rQw4oMmj25Jy6mbpav") retry_cnt=1
2026-05-20T11:22:39.052127Z ERROR iota_benchmark: Transaction failed with err: Rpc(Call(ErrorObject { code: ServerError(-32050), message: "Transaction timed out before reaching finality", data: None })) tx_digest=Digest("QM5niAdmN5tsvfaxxCihf78weVEfDqxxcZctA91XmiK") retry_cnt=1
2026-05-20T11:22:39.057672Z ERROR iota_benchmark: Transaction failed with err: Rpc(Call(ErrorObject { code: ServerError(-32050), message: "Transaction timed out before reaching finality", data: None })) tx_digest=Digest("ANnZezcpTMjdf32fvuPppd99RnrSwG4ZgHtzut6sB8yH") retry_cnt=1
2026-05-20T11:22:39.057820Z ERROR iota_benchmark: Transaction failed with err: Rpc(Call(ErrorObject { code: ServerError(-32050), message: "Transaction timed out before reaching finality", data: None })) tx_digest=Digest("C1aodgMP81arSvQezTrpVM8RdgygDDMWRQ1JuMo2eoNt") retry_cnt=1
2026-05-20T11:22:39.057909Z ERROR iota_benchmark: Transaction failed with err: Rpc(Call(ErrorObject { code: ServerError(-32050), message: "Transaction timed out before reaching finality", data: None })) tx_digest=Digest("CAzcHZqh2sJF5gqShrunZHEgbekbXnrfJaLfCaxBmnuf") retry_cnt=1
2026-05-20T11:22:39.063197Z ERROR iota_benchmark: Transaction failed with err: Rpc(Call(ErrorObject { code: ServerError(-32050), message: "Transaction timed out before reaching finality", data: None })) tx_digest=Digest("85SWtqjDDoakM5bf6ri6xCvQwez71JR3p4wTbBLzK7jF") retry_cnt=1
2026-05-20T11:22:39.106280Z ERROR iota_benchmark: Transaction failed with err: Rpc(Call(ErrorObject { code: ServerError(-32050), message: "Transaction timed out before reaching finality", data: None })) tx_digest=Digest("Abz1WmruG4DG6tAeNwdP22CFCbFDaAuSqsvhWft5py7s") retry_cnt=1
2026-05-20T11:22:39.106522Z ERROR iota_benchmark: Transaction failed with err: Rpc(Call(ErrorObject { code: ServerError(-32050), message: "Transaction timed out before reaching finality", data: None })) tx_digest=Digest("DfTVs9k471WwqKGadUnh27Qw5gWj7L4VHZwQj9V8Ad9a") retry_cnt=1
2026-05-20T11:22:39.134060Z ERROR iota_benchmark: Transaction failed with err: Rpc(Call(ErrorObject { code: ServerError(-32050), message: "Transaction timed out before reaching finality", data: None })) tx_digest=Digest("4EN6iHtMxJaWycKGJybyRVx6DkUB3Bq1HMrnvffGfNEQ") retry_cnt=1
2026-05-20T11:22:39.146569Z ERROR iota_benchmark: Transaction failed with err: Rpc(Call(ErrorObject { code: ServerError(-32050), message: "Transaction timed out before reaching finality", data: None })) tx_digest=Digest("Bg7r2cfPW36xygTeABeh5PqbjfLAjin1yS4fhfHsDsYD") retry_cnt=1
2026-05-20T11:22:39.147094Z ERROR iota_benchmark: Transaction failed with err: Rpc(Call(ErrorObject { code: ServerError(-32050), message: "Transaction timed out before reaching finality", data: None })) tx_digest=Digest("CuCoW7SY8FYuUebtNMM377Pc4FR3cacuJd7HVdJJEbNh") retry_cnt=1
2026-05-20T11:22:39.147584Z ERROR iota_benchmark: Transaction failed with err: Rpc(Call(ErrorObject { code: ServerError(-32050), message: "Transaction timed out before reaching finality", data: None })) tx_digest=Digest("HHpxJtPv8ywXo2EgdATszdn51y96KiAijopGbfNfbcmf") retry_cnt=1
2026-05-20T11:22:39.156505Z ERROR iota_benchmark: Transaction failed with err: Rpc(Call(ErrorObject { code: ServerError(-32050), message: "Transaction timed out before reaching finality", data: None })) tx_digest=Digest("t3ovsZxv8yCvgQcKpcGheMm1vb9PXHziMtfKYuznrxG") retry_cnt=1
2026-05-20T11:22:39.156705Z ERROR iota_benchmark: Transaction failed with err: Rpc(Call(ErrorObject { code: ServerError(-32050), message: "Transaction timed out before reaching finality", data: None })) tx_digest=Digest("5hzePoFNqShtp9V1M2JxZ6gPHzrmNiHjGMt6kRJqxtdx") retry_cnt=1
2026-05-20T11:22:39.168710Z ERROR iota_benchmark: Transaction failed with err: Rpc(Call(ErrorObject { code: ServerError(-32050), message: "Transaction timed out before reaching finality", data: None })) tx_digest=Digest("9PXb1h4hxssqSYU2RFW5mEZzPogk22H679nrQnyrqjZ3") retry_cnt=1
2026-05-20T11:22:39.189760Z ERROR iota_benchmark: Transaction failed with err: Rpc(Call(ErrorObject { code: ServerError(-32050), message: "Transaction timed out before reaching finality", data: None })) tx_digest=Digest("EDziNh4GWUpBCvYSMi4kwTAeegWfY1MgmFVsmEwgqQKr") retry_cnt=1
2026-05-20T11:22:39.190020Z ERROR iota_benchmark: Transaction failed with err: Rpc(Call(ErrorObject { code: ServerError(-32050), message: "Transaction timed out before reaching finality", data: None })) tx_digest=Digest("CSUNQx6ZdnURvvxPEpXmMHasXJET8czsu8VPKmLZrsaL") retry_cnt=1
2026-05-20T11:22:39.190381Z ERROR iota_benchmark: Transaction failed with err: Rpc(Call(ErrorObject { code: ServerError(-32050), message: "Transaction timed out before reaching finality", data: None })) tx_digest=Digest("9xQAF4u96nHFTFngXixg7sLm87xVFm3tUz3YhwujHw1R") retry_cnt=1
2026-05-20T11:22:39.192346Z ERROR iota_benchmark: Transaction failed with err: Rpc(Call(ErrorObject { code: ServerError(-32050), message: "Transaction timed out before reaching finality", data: None })) tx_digest=Digest("bqFjDNB8FRzQRbfqSKd8dci3E4iN3M91HfCQ9wooj8g") retry_cnt=1
2026-05-20T11:22:39.192398Z ERROR iota_benchmark: Transaction failed with err: Rpc(Call(ErrorObject { code: ServerError(-32050), message: "Transaction timed out before reaching finality", data: None })) tx_digest=Digest("HJcDy8HkhfH7h3pp5htm7ZC2cw9LvDBv5yVoXn9dZqbp") retry_cnt=1
2026-05-20T11:22:39.203392Z ERROR iota_benchmark: Transaction failed with err: Rpc(Call(ErrorObject { code: ServerError(-32050), message: "Transaction timed out before reaching finality", data: None })) tx_digest=Digest("J4CnzZF2c2ghfTmS2s5RHUkbHS65vYtEZzE5ddRzMRWX") retry_cnt=1
2026-05-20T11:22:39.209602Z ERROR iota_benchmark: Transaction failed with err: Rpc(Call(ErrorObject { code: ServerError(-32050), message: "Transaction timed out before reaching finality", data: None })) tx_digest=Digest("FKQbuStMvuZDCsn4v6A6u13B8ekbZqBa2uq6cVmmyfE") retry_cnt=1
2026-05-20T11:22:39.216471Z ERROR iota_benchmark: Transaction failed with err: Rpc(Call(ErrorObject { code: ServerError(-32050), message: "Transaction timed out before reaching finality", data: None })) tx_digest=Digest("HqyQyWMFQ6cTYSXNyhBNex3PCasyRw6sPwAwHwt6yJv4") retry_cnt=1
2026-05-20T11:22:39.218663Z ERROR iota_benchmark: Transaction failed with err: Rpc(Call(ErrorObject { code: ServerError(-32050), message: "Transaction timed out before reaching finality", data: None })) tx_digest=Digest("3gSD4hkKsrCx5Aj5nJ1MwuAUFbPKsUoS2XeU9dQYzWrF") retry_cnt=1
2026-05-20T11:22:39.233671Z ERROR iota_benchmark: Transaction failed with err: Rpc(Call(ErrorObject { code: ServerError(-32050), message: "Transaction timed out before reaching finality", data: None })) tx_digest=Digest("Capgg9L8ZSyjayZrJ8ubKu3eB2Ks94tTupFEiVYBSkbv") retry_cnt=1
2026-05-20T11:22:39.234088Z ERROR iota_benchmark: Transaction failed with err: Rpc(Call(ErrorObject { code: ServerError(-32050), message: "Transaction timed out before reaching finality", data: None })) tx_digest=Digest("6k9UzxvmrXPTpQSJpKk7DXHqs9sFCxL4qfUEkJnMv36D") retry_cnt=1
2026-05-20T11:22:39.256237Z ERROR iota_benchmark: Transaction failed with err: Rpc(Call(ErrorObject { code: ServerError(-32050), message: "Transaction timed out before reaching finality", data: None })) tx_digest=Digest("9fMP8ahu9X42YTbCkQqwMkWaFr847Nuwk58KqADL7x7L") retry_cnt=1
2026-05-20T11:22:39.265401Z ERROR iota_benchmark: Transaction failed with err: Rpc(Call(ErrorObject { code: ServerError(-32050), message: "Transaction timed out before reaching finality", data: None })) tx_digest=Digest("HhoJcMvGT79Q9Drg2nNVt99FZiPPduBnT7WBJ1xazL2V") retry_cnt=1
2026-05-20T11:22:39.269235Z ERROR iota_benchmark: Transaction failed with err: Rpc(Call(ErrorObject { code: ServerError(-32050), message: "Transaction timed out before reaching finality", data: None })) tx_digest=Digest("2m6NRgKR2oKTgQuXojEef9SuPM1ShEToHqNZVBL1XDis") retry_cnt=1
2026-05-20T11:22:39.286393Z ERROR iota_benchmark: Transaction failed with err: Rpc(Call(ErrorObject { code: ServerError(-32050), message: "Transaction timed out before reaching finality", data: None })) tx_digest=Digest("qgrnjuvpcPRweTYg2gcXyX65SMUUDPeniVohWwKgvug") retry_cnt=1
2026-05-20T11:22:39.286739Z ERROR iota_benchmark: Transaction failed with err: Rpc(Call(ErrorObject { code: ServerError(-32050), message: "Transaction timed out before reaching finality", data: None })) tx_digest=Digest("6GyR1dcAGsoFZ9H33hSDr8BDjubS78oM1h85gkkB2eEM") retry_cnt=1
2026-05-20T11:22:39.291709Z ERROR iota_benchmark: Transaction failed with err: Rpc(Call(ErrorObject { code: ServerError(-32050), message: "Transaction timed out before reaching finality", data: None })) tx_digest=Digest("7TrKDaeT6pCfEnhNcobEQ77qjRGWTBj8qr9QpqwA36rW") retry_cnt=1
2026-05-20T11:22:39.302523Z ERROR iota_benchmark: Transaction failed with err: Rpc(Call(ErrorObject { code: ServerError(-32050), message: "Transaction timed out before reaching finality", data: None })) tx_digest=Digest("8FzGgnfCkgdRF6FaAXfxEJqxGUutiR4nC9i8CbzsTim6") retry_cnt=1
2026-05-20T11:22:39.312734Z ERROR iota_benchmark: Transaction failed with err: Rpc(Call(ErrorObject { code: ServerError(-32050), message: "Transaction timed out before reaching finality", data: None })) tx_digest=Digest("DpjVARveoMaFJCNGz7F8CvtmEPHfxTMeceMvkCU9DF6a") retry_cnt=1
2026-05-20T11:22:39.313262Z ERROR iota_benchmark: Transaction failed with err: Rpc(Call(ErrorObject { code: ServerError(-32050), message: "Transaction timed out before reaching finality", data: None })) tx_digest=Digest("3bhmRuqLJ2rcsTsk7VViAbsVvPv9Sc5Rqw2U2DTFa2fW") retry_cnt=1
2026-05-20T11:22:39.313719Z ERROR iota_benchmark: Transaction failed with err: Rpc(Call(ErrorObject { code: ServerError(-32050), message: "Transaction timed out before reaching finality", data: None })) tx_digest=Digest("cGK7z7MNFFN5xafu8m1ziTLtCgthU8c4h6Fh39C6FNp") retry_cnt=1
2026-05-20T11:22:39.316210Z ERROR iota_benchmark: Transaction failed with err: Rpc(Call(ErrorObject { code: ServerError(-32050), message: "Transaction timed out before reaching finality", data: None })) tx_digest=Digest("47X6sm2tgibZFhLRYBKD8cCErcNs4gDmuunjvN7mRxr1") retry_cnt=1
2026-05-20T11:22:39.316358Z ERROR iota_benchmark: Transaction failed with err: Rpc(Call(ErrorObject { code: ServerError(-32050), message: "Transaction timed out before reaching finality", data: None })) tx_digest=Digest("635ULDF9X7cjp3v4EbmkwdpMXRRMuj1LnTaWo6CoVXVB") retry_cnt=1
2026-05-20T11:22:39.316849Z ERROR iota_benchmark: Transaction failed with err: Rpc(Call(ErrorObject { code: ServerError(-32050), message: "Transaction timed out before reaching finality", data: None })) tx_digest=Digest("6sxhmNWxaMBJ9cqYz9vuaZEZhGvJ1qrnvxqbpmP9ze9K") retry_cnt=1
2026-05-20T11:22:39.317318Z ERROR iota_benchmark: Transaction failed with err: Rpc(Call(ErrorObject { code: ServerError(-32050), message: "Transaction timed out before reaching finality", data: None })) tx_digest=Digest("GS8maxT4494jHNk9nP83Wmrta1GjoSQweJz56DE1kGLE") retry_cnt=1
2026-05-20T11:22:39.317351Z ERROR iota_benchmark: Transaction failed with err: Rpc(Call(ErrorObject { code: ServerError(-32050), message: "Transaction timed out before reaching finality", data: None })) tx_digest=Digest("68zZpKp9utXZx1wK1SyDpixEvhq1i1UGPnw9f1hPRncM") retry_cnt=1
2026-05-20T11:22:39.328506Z ERROR iota_benchmark: Transaction failed with err: Rpc(Call(ErrorObject { code: ServerError(-32050), message: "Transaction timed out before reaching finality", data: None })) tx_digest=Digest("7Tka7pN5Z8oC7qRXhHUwiksRyQ2C8wfK9vy9pueb5Cks") retry_cnt=1
2026-05-20T11:22:39.333666Z ERROR iota_benchmark: Transaction failed with err: Rpc(Call(ErrorObject { code: ServerError(-32050), message: "Transaction timed out before reaching finality", data: None })) tx_digest=Digest("ASm4fYhDVy7vuFYiVG6v6ptT1o2oFC6XrDNKkrjyF3PG") retry_cnt=1
2026-05-20T11:22:39.341112Z ERROR iota_benchmark: Transaction failed with err: Rpc(Call(ErrorObject { code: ServerError(-32050), message: "Transaction timed out before reaching finality", data: None })) tx_digest=Digest("GbMPWd4Af5bqm6Z8igyUT28EUqpkSeS6hZt89dHTce71") retry_cnt=1
2026-05-20T11:22:39.351889Z ERROR iota_benchmark: Transaction failed with err: Rpc(Call(ErrorObject { code: ServerError(-32050), message: "Transaction timed out before reaching finality", data: None })) tx_digest=Digest("HL1KuDuLYooagvcfF2DKCAUhyJbskEsa5w8WDKdKkC5y") retry_cnt=1
2026-05-20T11:22:39.351904Z ERROR iota_benchmark: Transaction failed with err: Rpc(Call(ErrorObject { code: ServerError(-32050), message: "Transaction timed out before reaching finality", data: None })) tx_digest=Digest("Co4hU2h7rbGAaqkb5ZGfPWyeqgyAAtF6tXbjDC5wmGDL") retry_cnt=1
2026-05-20T11:22:39.373966Z ERROR iota_benchmark: Transaction failed with err: Rpc(Call(ErrorObject { code: ServerError(-32050), message: "Transaction timed out before reaching finality", data: None })) tx_digest=Digest("5KcciFnxMiYkF9u232RFgg8Arq4Ht51YTsauaSVF6uXH") retry_cnt=1
2026-05-20T11:22:39.375688Z ERROR iota_benchmark: Transaction failed with err: Rpc(Call(ErrorObject { code: ServerError(-32050), message: "Transaction timed out before reaching finality", data: None })) tx_digest=Digest("mbp4y3rQSpsNz5sVxx95yQonS9zXdH4QrP19y7ZGnRq") retry_cnt=1
2026-05-20T11:22:39.395444Z ERROR iota_benchmark: Transaction failed with err: Rpc(Call(ErrorObject { code: ServerError(-32050), message: "Transaction timed out before reaching finality", data: None })) tx_digest=Digest("8RsCEC22usQDtfHGN2nsuFFesJVK3LY1zp6rijL7ySjZ") retry_cnt=1
2026-05-20T11:22:39.395590Z ERROR iota_benchmark: Transaction failed with err: Rpc(Call(ErrorObject { code: ServerError(-32050), message: "Transaction timed out before reaching finality", data: None })) tx_digest=Digest("E3YnsBBDDXjSz9imLQT3RpsTtNT8K5zwKriyBeT49xv1") retry_cnt=1
2026-05-20T11:22:39.445852Z ERROR iota_benchmark: Transaction failed with err: Rpc(Call(ErrorObject { code: ServerError(-32050), message: "Transaction timed out before reaching finality", data: None })) tx_digest=Digest("CY8JkusF1TLwD8Ax1VWgjZuw4qrNCDnHWgM27TnZZoWW") retry_cnt=1
2026-05-20T11:22:39.446785Z ERROR iota_benchmark: Transaction failed with err: Rpc(Call(ErrorObject { code: ServerError(-32050), message: "Transaction timed out before reaching finality", data: None })) tx_digest=Digest("BVPFeS9J65LJcfkiq8s532biAjmZLt9mXS4Sfcqefur7") retry_cnt=1
2026-05-20T11:22:39.447020Z ERROR iota_benchmark: Transaction failed with err: Rpc(Call(ErrorObject { code: ServerError(-32050), message: "Transaction timed out before reaching finality", data: None })) tx_digest=Digest("GwngR9yeyWWYdaHEWsit1e3HQSoAy9Spaerjvm14G8rL") retry_cnt=1
2026-05-20T11:22:39.449203Z ERROR iota_benchmark: Transaction failed with err: Rpc(Call(ErrorObject { code: ServerError(-32050), message: "Transaction timed out before reaching finality", data: None })) tx_digest=Digest("C1rzsFdZtVbebRdMkCmsVPucNVsFmqw3Fptoiu1nFVX6") retry_cnt=1
2026-05-20T11:22:39.449805Z ERROR iota_benchmark: Transaction failed with err: Rpc(Call(ErrorObject { code: ServerError(-32050), message: "Transaction timed out before reaching finality", data: None })) tx_digest=Digest("kFfHU4yLbzEW4Yoec4LMz6SAyaRuyyDcJoCwWEQRUYm") retry_cnt=1
2026-05-20T11:22:39.454042Z ERROR iota_benchmark: Transaction failed with err: Rpc(Call(ErrorObject { code: ServerError(-32050), message: "Transaction timed out before reaching finality", data: None })) tx_digest=Digest("AjWkckm7q1R2D6NbqqhHhijTScXcKKVR7oVfNKDKMrFB") retry_cnt=1
2026-05-20T11:22:39.454126Z ERROR iota_benchmark: Transaction failed with err: Rpc(Call(ErrorObject { code: ServerError(-32050), message: "Transaction timed out before reaching finality", data: None })) tx_digest=Digest("A13qqEPWKjncd6TWMit9ek5GVrnL5ESLUrueACH2YWfo") retry_cnt=1
2026-05-20T11:22:39.454394Z ERROR iota_benchmark: Transaction failed with err: Rpc(Call(ErrorObject { code: ServerError(-32050), message: "Transaction timed out before reaching finality", data: None })) tx_digest=Digest("GrTHSJzZX1DyFDT66VWBrwP5sViRsdSAbvN6sgguEBPL") retry_cnt=1
2026-05-20T11:22:39.457854Z ERROR iota_benchmark: Transaction failed with err: Rpc(Call(ErrorObject { code: ServerError(-32050), message: "Transaction timed out before reaching finality", data: None })) tx_digest=Digest("8Q6LfnkerSW4feE6CAaLh6vh8QNS7UTuqQmR7Y7q8BFA") retry_cnt=1
2026-05-20T11:22:39.463718Z ERROR iota_benchmark: Transaction failed with err: Rpc(Call(ErrorObject { code: ServerError(-32050), message: "Transaction timed out before reaching finality", data: None })) tx_digest=Digest("DiRBeSL4B49hum8riNDD84ntgefaQKLqnTy8bvd4vCj6") retry_cnt=1
2026-05-20T11:22:39.476812Z ERROR iota_benchmark: Transaction failed with err: Rpc(Call(ErrorObject { code: ServerError(-32050), message: "Transaction timed out before reaching finality", data: None })) tx_digest=Digest("HVR68Zbd24DjemvPUyGXpfyZXnrePzQWQifNKZvHHLYp") retry_cnt=1
2026-05-20T11:22:39.479200Z ERROR iota_benchmark: Transaction failed with err: Rpc(Call(ErrorObject { code: ServerError(-32050), message: "Transaction timed out before reaching finality", data: None })) tx_digest=Digest("CW6Jk5Hz4ReD2HsB9DUU9rpzbJREzghUpHJPoG7E7oVF") retry_cnt=1
2026-05-20T11:22:39.486971Z ERROR iota_benchmark: Transaction failed with err: Rpc(Call(ErrorObject { code: ServerError(-32050), message: "Transaction timed out before reaching finality", data: None })) tx_digest=Digest("FYey3Bfq9WcJ1qwVtFTacMFrEvYAs3iqMXFLpuke83D5") retry_cnt=1
2026-05-20T11:22:39.506605Z ERROR iota_benchmark: Transaction failed with err: Rpc(Call(ErrorObject { code: ServerError(-32050), message: "Transaction timed out before reaching finality", data: None })) tx_digest=Digest("7BYUAaAMPSe2mYWgejjH1kmV5ynN8s7bXoWeq5DBkkHX") retry_cnt=1
2026-05-20T11:22:39.509797Z ERROR iota_benchmark: Transaction failed with err: Rpc(Call(ErrorObject { code: ServerError(-32050), message: "Transaction timed out before reaching finality", data: None })) tx_digest=Digest("7uGNRUfQhK5TEzV227b3m2r8YCNgNv2hmbzruxhTBkx") retry_cnt=1
2026-05-20T11:22:39.521605Z ERROR iota_benchmark: Transaction failed with err: Rpc(Call(ErrorObject { code: ServerError(-32050), message: "Transaction timed out before reaching finality", data: None })) tx_digest=Digest("FqhHzFmrjZ4pPRrfKmsryH4soL9E3q8buCFDZWTN7tnc") retry_cnt=1
2026-05-20T11:22:39.523199Z ERROR iota_benchmark: Transaction failed with err: Rpc(Call(ErrorObject { code: ServerError(-32050), message: "Transaction timed out before reaching finality", data: None })) tx_digest=Digest("4Lq4jhNqYe7r88hZojSMyNyXWgHpQtoyVWRzaK3Pc9sc") retry_cnt=1
2026-05-20T11:22:39.523225Z ERROR iota_benchmark: Transaction failed with err: Rpc(Call(ErrorObject { code: ServerError(-32050), message: "Transaction timed out before reaching finality", data: None })) tx_digest=Digest("GEzFGjevPqcMMFgMmcMsuih9D5KCWKXzYZf7P1vQrwzc") retry_cnt=1
2026-05-20T11:22:39.523230Z ERROR iota_benchmark: Transaction failed with err: Rpc(Call(ErrorObject { code: ServerError(-32050), message: "Transaction timed out before reaching finality", data: None })) tx_digest=Digest("5tAzmeS3WCa8M8sMTfL5xaMYmCPpVsJUej4EE5DEhH3Y") retry_cnt=1
2026-05-20T11:22:39.523234Z ERROR iota_benchmark: Transaction failed with err: Rpc(Call(ErrorObject { code: ServerError(-32050), message: "Transaction timed out before reaching finality", data: None })) tx_digest=Digest("Ew7yAVBxsTCGC1EBwR6cZtJ1eRnRQ9sePSZdMC6kkjm1") retry_cnt=1
2026-05-20T11:22:39.523534Z ERROR iota_benchmark: Transaction failed with err: Rpc(Call(ErrorObject { code: ServerError(-32050), message: "Transaction timed out before reaching finality", data: None })) tx_digest=Digest("GZfTr6kYYJjfuSUd8DJJqa7C3yt8HLWzLDmEaUovvCN6") retry_cnt=1
2026-05-20T11:22:39.527996Z ERROR iota_benchmark: Transaction failed with err: Rpc(Call(ErrorObject { code: ServerError(-32050), message: "Transaction timed out before reaching finality", data: None })) tx_digest=Digest("paMBm3kNpEkzuoN9yyzHtHtzEnscmpRNYnSr9QMzgGe") retry_cnt=1
2026-05-20T11:22:39.531257Z ERROR iota_benchmark: Transaction failed with err: Rpc(Call(ErrorObject { code: ServerError(-32050), message: "Transaction timed out before reaching finality", data: None })) tx_digest=Digest("4pAbE67zPRef466frFMprRZn45qoFitCYtM68E1GNnqS") retry_cnt=1
2026-05-20T11:22:39.533545Z ERROR iota_benchmark: Transaction failed with err: Rpc(Call(ErrorObject { code: ServerError(-32050), message: "Transaction timed out before reaching finality", data: None })) tx_digest=Digest("BrDVTy7w6bb8FRcRLBqN2Xf6GDteGiwAJTN4M7E6pQzK") retry_cnt=1
2026-05-20T11:22:39.535060Z ERROR iota_benchmark: Transaction failed with err: Rpc(Call(ErrorObject { code: ServerError(-32050), message: "Transaction timed out before reaching finality", data: None })) tx_digest=Digest("DFpHHEV5jHxonrSBgY392VyXzsoU4KpmD6cskr5HbvpM") retry_cnt=1
2026-05-20T11:22:39.535298Z ERROR iota_benchmark: Transaction failed with err: Rpc(Call(ErrorObject { code: ServerError(-32050), message: "Transaction timed out before reaching finality", data: None })) tx_digest=Digest("9esAwF2w1ttT7UAe6Vux9mh2a2dmEwUPwyV8pPkEEhGt") retry_cnt=1
2026-05-20T11:22:39.538240Z ERROR iota_benchmark: Transaction failed with err: Rpc(Call(ErrorObject { code: ServerError(-32050), message: "Transaction timed out before reaching finality", data: None })) tx_digest=Digest("9fA2fStxQVcsrAcBhdQ1ReDUgyGPnoK5YhCb8giB6Nj") retry_cnt=1
2026-05-20T11:22:39.541806Z ERROR iota_benchmark: Transaction failed with err: Rpc(Call(ErrorObject { code: ServerError(-32050), message: "Transaction timed out before reaching finality", data: None })) tx_digest=Digest("HXEAH3GZUAFdL3Jxs27Ssvk54DmjxgUML9bK37iSBvZi") retry_cnt=1
2026-05-20T11:22:39.541817Z ERROR iota_benchmark: Transaction failed with err: Rpc(Call(ErrorObject { code: ServerError(-32050), message: "Transaction timed out before reaching finality", data: None })) tx_digest=Digest("GsvB4SNqDQFnwCqyWpBSnxGFGws1bbfrdjnXW4MHQxJk") retry_cnt=1
2026-05-20T11:22:39.541821Z ERROR iota_benchmark: Transaction failed with err: Rpc(Call(ErrorObject { code: ServerError(-32050), message: "Transaction timed out before reaching finality", data: None })) tx_digest=Digest("BX1BuQfymG8DAcu7JQmg86MoHkoX4ZMqx7QZGxQNJJiR") retry_cnt=1
2026-05-20T11:22:39.571636Z ERROR iota_benchmark: Transaction failed with err: Rpc(Call(ErrorObject { code: ServerError(-32050), message: "Transaction timed out before reaching finality", data: None })) tx_digest=Digest("Geddv3GVy7HUQAhnSRwxmVxeRtU4WvoCeb4k6Zv41U34") retry_cnt=1
2026-05-20T11:22:39.579357Z ERROR iota_benchmark: Transaction failed with err: Rpc(Call(ErrorObject { code: ServerError(-32050), message: "Transaction timed out before reaching finality", data: None })) tx_digest=Digest("FUXad2hzSknmxQ8B4wmpJgR1H4yHbnYNN6FsKLiLeDrg") retry_cnt=1
2026-05-20T11:22:39.579796Z ERROR iota_benchmark: Transaction failed with err: Rpc(Call(ErrorObject { code: ServerError(-32050), message: "Transaction timed out before reaching finality", data: None })) tx_digest=Digest("Ez6xPHHHe1TQw8mCAXGZhLhzqBM1kkYoVCVqPHCUxjUP") retry_cnt=1
2026-05-20T11:22:39.584052Z ERROR iota_benchmark: Transaction failed with err: Rpc(Call(ErrorObject { code: ServerError(-32050), message: "Transaction timed out before reaching finality", data: None })) tx_digest=Digest("7vN6XoCjviHRJzGk7kifKGTrvxNto8kH1WYJ2aUHAYEe") retry_cnt=1
2026-05-20T11:22:39.587348Z ERROR iota_benchmark: Transaction failed with err: Rpc(Call(ErrorObject { code: ServerError(-32050), message: "Transaction timed out before reaching finality", data: None })) tx_digest=Digest("AztKr4ZiL8CfEtehST8yEExEA2VvZkNsFMVrh21ZrnXR") retry_cnt=1
2026-05-20T11:22:39.593977Z ERROR iota_benchmark: Transaction failed with err: Rpc(Call(ErrorObject { code: ServerError(-32050), message: "Transaction timed out before reaching finality", data: None })) tx_digest=Digest("ESkwwYzuojpu2tDAV28e86cGA54JCaW7Ps6ojFwhjm65") retry_cnt=1
2026-05-20T11:22:39.628522Z ERROR iota_benchmark: Transaction failed with err: Rpc(Call(ErrorObject { code: ServerError(-32050), message: "Transaction timed out before reaching finality", data: None })) tx_digest=Digest("8xShdM2m6w5QtDQMjSCgS8sEcRAPQ9Q9s41h4Hs5HHKK") retry_cnt=1
2026-05-20T11:22:39.631538Z ERROR iota_benchmark: Transaction failed with err: Rpc(Call(ErrorObject { code: ServerError(-32050), message: "Transaction timed out before reaching finality", data: None })) tx_digest=Digest("8rurpmnRaYNJF2ETagEY5DfWgV5wsa85KbQwSj4wGk5U") retry_cnt=1
2026-05-20T11:22:39.666528Z ERROR iota_benchmark: Transaction failed with err: Rpc(Call(ErrorObject { code: ServerError(-32050), message: "Transaction timed out before reaching finality", data: None })) tx_digest=Digest("HCTwGwL8pGQuky8LTTwdqaro4wzLzmCsbytPwgxSNn4r") retry_cnt=1
2026-05-20T11:22:39.667500Z ERROR iota_benchmark: Transaction failed with err: Rpc(Call(ErrorObject { code: ServerError(-32050), message: "Transaction timed out before reaching finality", data: None })) tx_digest=Digest("7iHgido82EEWxr8vbDsT33Ac8BDE6Q8bwZDDYqRuptHm") retry_cnt=1
2026-05-20T11:22:39.671360Z ERROR iota_benchmark: Transaction failed with err: Rpc(Call(ErrorObject { code: ServerError(-32050), message: "Transaction timed out before reaching finality", data: None })) tx_digest=Digest("5wXDZzJKNyNoGkYeVW64c44PdhCGcAcwqjML4oNFHVj8") retry_cnt=1
2026-05-20T11:22:39.675058Z ERROR iota_benchmark: Transaction failed with err: Rpc(Call(ErrorObject { code: ServerError(-32050), message: "Transaction timed out before reaching finality", data: None })) tx_digest=Digest("36oNq1mDSevdR4vrmgyXZWNwip7VvYfpyoFTtEotgvW2") retry_cnt=1
2026-05-20T11:22:39.675252Z ERROR iota_benchmark: Transaction failed with err: Rpc(Call(ErrorObject { code: ServerError(-32050), message: "Transaction timed out before reaching finality", data: None })) tx_digest=Digest("Fizx1bb2mJWwUTGogqyLZHnchhktC2mL95XBo8UM9Quk") retry_cnt=1
2026-05-20T11:22:39.697224Z ERROR iota_benchmark: Transaction failed with err: Rpc(Call(ErrorObject { code: ServerError(-32050), message: "Transaction timed out before reaching finality", data: None })) tx_digest=Digest("8DZRzP33BBH47J54XUtf8wcHLumpnMbdRtHvQZvwSLhe") retry_cnt=1
2026-05-20T11:22:39.707670Z ERROR iota_benchmark: Transaction failed with err: Rpc(Call(ErrorObject { code: ServerError(-32050), message: "Transaction timed out before reaching finality", data: None })) tx_digest=Digest("6a4yHQppu9VoFnNACFLzseZVuMEy5HpHrEbQmekrQ2N2") retry_cnt=1
2026-05-20T11:22:39.857066Z ERROR iota_benchmark: Transaction failed with err: Rpc(Call(ErrorObject { code: ServerError(-32050), message: "Transaction timed out before reaching finality", data: None })) tx_digest=Digest("GHF1b3eA7xAzbwPm3a68P1XjWpLqcKnrqZgSmzNz25Q8") retry_cnt=1
2026-05-20T11:22:39.865524Z ERROR iota_benchmark: Transaction failed with err: Rpc(Call(ErrorObject { code: ServerError(-32050), message: "Transaction timed out before reaching finality", data: None })) tx_digest=Digest("355d9ZUjrq9MuGQUf22xR9j1DHAxemhTSea754xsbTw2") retry_cnt=1
2026-05-20T11:22:39.909773Z ERROR iota_benchmark: Transaction failed with err: Rpc(Call(ErrorObject { code: ServerError(-32050), message: "Transaction timed out before reaching finality", data: None })) tx_digest=Digest("EPKpkZTa8CaC7orVvJrT1YKtPehAekdUoBuvAj4PGxa8") retry_cnt=1
2026-05-20T11:22:39.913245Z ERROR iota_benchmark: Transaction failed with err: Rpc(Call(ErrorObject { code: ServerError(-32050), message: "Transaction timed out before reaching finality", data: None })) tx_digest=Digest("8CYpC9LtLid6dfDd6zcMkd3wcdDUM2qSBKw3XjJrH2da") retry_cnt=1
2026-05-20T11:22:39.913586Z ERROR iota_benchmark: Transaction failed with err: Rpc(Call(ErrorObject { code: ServerError(-32050), message: "Transaction timed out before reaching finality", data: None })) tx_digest=Digest("Eji9QpnmSAw9e7U9RaCNiCjTPfCpvR164C3w65nyzC4m") retry_cnt=1
2026-05-20T11:22:39.945162Z ERROR iota_benchmark: Transaction failed with err: Rpc(Call(ErrorObject { code: ServerError(-32050), message: "Transaction timed out before reaching finality", data: None })) tx_digest=Digest("4bviaRNfh8wvFExvL7do76rxr4LprEkRYqwPKkXdmhji") retry_cnt=1
2026-05-20T11:22:39.955344Z ERROR iota_benchmark: Transaction failed with err: Rpc(Call(ErrorObject { code: ServerError(-32050), message: "Transaction timed out before reaching finality", data: None })) tx_digest=Digest("9WAPp8zWtSV1Y3cVWg2G5S54ZkdGAyyNeLUiMKp5V2HT") retry_cnt=1
2026-05-20T11:22:39.959558Z ERROR iota_benchmark: Transaction failed with err: Rpc(Call(ErrorObject { code: ServerError(-32050), message: "Transaction timed out before reaching finality", data: None })) tx_digest=Digest("BMZZgr6SBASJSC8NH6uMTfRfDVktn13tRHX9Zrm92kGT") retry_cnt=1
2026-05-20T11:22:39.964687Z ERROR iota_benchmark: Transaction failed with err: Rpc(Call(ErrorObject { code: ServerError(-32050), message: "Transaction timed out before reaching finality", data: None })) tx_digest=Digest("GTeCD9Q4P2A64BG1G6JUX8LkDGzRoGex26ejmg2oVXSv") retry_cnt=1
2026-05-20T11:22:39.993312Z ERROR iota_benchmark: Transaction failed with err: Rpc(Call(ErrorObject { code: ServerError(-32050), message: "Transaction timed out before reaching finality", data: None })) tx_digest=Digest("FDhVKkybdG7NYLFH3dFY3BwhN19UCKo6VmKdja4di7xR") retry_cnt=1
2026-05-20T11:22:40.007787Z ERROR iota_benchmark: Transaction failed with err: Rpc(Call(ErrorObject { code: ServerError(-32050), message: "Transaction timed out before reaching finality", data: None })) tx_digest=Digest("9TM7ny4VqQirAdGMNXcFUYrLN9eU2iwnLvCe5RFwB7VH") retry_cnt=1
2026-05-20T11:22:40.007796Z ERROR iota_benchmark: Transaction failed with err: Rpc(Call(ErrorObject { code: ServerError(-32050), message: "Transaction timed out before reaching finality", data: None })) tx_digest=Digest("EXLmY7Sg2nXGg8AjRHfymooHwCZm8xckRx8N7Zh8nHQV") retry_cnt=1
2026-05-20T11:22:40.075647Z ERROR iota_benchmark: Transaction failed with err: Rpc(Call(ErrorObject { code: ServerError(-32050), message: "Transaction timed out before reaching finality", data: None })) tx_digest=Digest("GfLW4XzKYFVWwq4zpKrVAb1kziXbBAmMThi1NzDWpAwp") retry_cnt=1
2026-05-20T11:22:40.105596Z ERROR iota_benchmark: Transaction failed with err: Rpc(Call(ErrorObject { code: ServerError(-32050), message: "Transaction timed out before reaching finality", data: None })) tx_digest=Digest("Ast6KHUR4vDokaFwYcz1RkFPXKv96BqtbMA1mXdGydQg") retry_cnt=1
2026-05-20T11:22:40.134156Z ERROR iota_benchmark: Transaction failed with err: Rpc(Call(ErrorObject { code: ServerError(-32050), message: "Transaction timed out before reaching finality", data: None })) tx_digest=Digest("AErmcHKHGdfxG4aiwtX7bLmVkMrYicZQfoPKVV1qrS5a") retry_cnt=1
2026-05-20T11:22:40.137610Z ERROR iota_benchmark: Transaction failed with err: Rpc(Call(ErrorObject { code: ServerError(-32050), message: "Transaction timed out before reaching finality", data: None })) tx_digest=Digest("E6Uc5jawp245hyECczM526QG8V2FkXrixy96b57uEKCg") retry_cnt=1
2026-05-20T11:22:40.185572Z ERROR iota_benchmark: Transaction failed with err: Rpc(Call(ErrorObject { code: ServerError(-32050), message: "Transaction timed out before reaching finality", data: None })) tx_digest=Digest("Hegm4bXcrjaGcenXbfuVniTCmps3VWMsxViyEFDHhAyz") retry_cnt=1
2026-05-20T11:22:40.232160Z ERROR iota_benchmark: Transaction failed with err: Rpc(Call(ErrorObject { code: ServerError(-32050), message: "Transaction timed out before reaching finality", data: None })) tx_digest=Digest("9qoD7RxGgxbRkGsfrA9Bo9fmuAW7EUc1eDTkQKBd4Tir") retry_cnt=1
2026-05-20T11:22:40.240916Z ERROR iota_benchmark: Transaction failed with err: Rpc(Call(ErrorObject { code: ServerError(-32050), message: "Transaction timed out before reaching finality", data: None })) tx_digest=Digest("8gCMmfVrDd4J93CiTaSyRR6iZ8tLSn5VMngL1L1mSg4i") retry_cnt=1
2026-05-20T11:22:40.267009Z ERROR iota_benchmark: Transaction failed with err: Rpc(Call(ErrorObject { code: ServerError(-32050), message: "Transaction timed out before reaching finality", data: None })) tx_digest=Digest("CGon5y9WbDJ2MUUP1nyXs9KEm7UZNBM7QktbSkP8SwaS") retry_cnt=1
2026-05-20T11:22:40.288838Z ERROR iota_benchmark: Transaction failed with err: Rpc(Call(ErrorObject { code: ServerError(-32050), message: "Transaction timed out before reaching finality", data: None })) tx_digest=Digest("2Qx3cT9vJvTmgGGEWN79rtSU5TKjffEfu1kVq4WMuKVn") retry_cnt=1
2026-05-20T11:22:40.350226Z ERROR iota_benchmark: Transaction failed with err: Rpc(Call(ErrorObject { code: ServerError(-32050), message: "Transaction timed out before reaching finality", data: None })) tx_digest=Digest("Cq33fdBFd5jc4AGusuhJaxa8w3Add27hi8HyTPeRpxwS") retry_cnt=1
2026-05-20T11:22:40.361738Z ERROR iota_benchmark: Transaction failed with err: Rpc(Call(ErrorObject { code: ServerError(-32050), message: "Transaction timed out before reaching finality", data: None })) tx_digest=Digest("7pa5RdSrVFDVvDoKs7QSEuQak5RDpSM6yFXDA1HcZgC1") retry_cnt=1
2026-05-20T11:22:40.370008Z ERROR iota_benchmark: Transaction failed with err: Rpc(Call(ErrorObject { code: ServerError(-32050), message: "Transaction timed out before reaching finality", data: None })) tx_digest=Digest("4soo1ntLkTCHizhmcVu1gtq4MkKbvTWsBgu7796JWJL5") retry_cnt=1
2026-05-20T11:22:40.381071Z ERROR iota_benchmark: Transaction failed with err: Rpc(Call(ErrorObject { code: ServerError(-32050), message: "Transaction timed out before reaching finality", data: None })) tx_digest=Digest("Gs8e249FBUcdcrefmR5qmQKa4hsSv1GEfFLy1ALZAife") retry_cnt=1
2026-05-20T11:22:40.393804Z ERROR iota_benchmark: Transaction failed with err: Rpc(Call(ErrorObject { code: ServerError(-32050), message: "Transaction timed out before reaching finality", data: None })) tx_digest=Digest("Edaje2Ju57s6x3vNXWJXaQwh3kmiyQE5BNgdpipKNE19") retry_cnt=1
2026-05-20T11:22:40.398944Z ERROR iota_benchmark: Transaction failed with err: Rpc(Call(ErrorObject { code: ServerError(-32050), message: "Transaction timed out before reaching finality", data: None })) tx_digest=Digest("FoNyDPGV9CRfFnV3brXHQNSqhrn7ePiWx8JCTsnmDc9i") retry_cnt=1
2026-05-20T11:22:40.482002Z ERROR iota_benchmark: Transaction failed with err: Rpc(Call(ErrorObject { code: ServerError(-32050), message: "Transaction timed out before reaching finality", data: None })) tx_digest=Digest("4wNomCEgER71Jdf6cycy8rndFt3Q442Yztcy25wFFqu1") retry_cnt=1
2026-05-20T11:22:40.501746Z ERROR iota_benchmark: Transaction failed with err: Rpc(Call(ErrorObject { code: ServerError(-32050), message: "Transaction timed out before reaching finality", data: None })) tx_digest=Digest("5buA384YFTYE4orSgKr2MrYSVgu9Hfwrx9LYbrVS1Hjw") retry_cnt=1
2026-05-20T11:22:40.506051Z ERROR iota_benchmark: Transaction failed with err: Rpc(Call(ErrorObject { code: ServerError(-32050), message: "Transaction timed out before reaching finality", data: None })) tx_digest=Digest("527ynWGKwnAZsJDjpPk1JvSQ2bRkdGr1UzKkUaNzT178") retry_cnt=1
2026-05-20T11:22:40.525557Z ERROR iota_benchmark: Transaction failed with err: Rpc(Call(ErrorObject { code: ServerError(-32050), message: "Transaction timed out before reaching finality", data: None })) tx_digest=Digest("3dMM3w1xWXYNc8Z8pJNjz9hPnwwYtWyJHjvXiqTnonsU") retry_cnt=1
2026-05-20T11:22:40.611982Z ERROR iota_benchmark: Transaction failed with err: Rpc(Call(ErrorObject { code: ServerError(-32050), message: "Transaction timed out before reaching finality", data: None })) tx_digest=Digest("ETpwVrrT33jhPhPb66t9FGrb6BVpbKf4uN4ZeTRnu8Hg") retry_cnt=1
2026-05-20T11:22:40.612369Z ERROR iota_benchmark: Transaction failed with err: Rpc(Call(ErrorObject { code: ServerError(-32050), message: "Transaction timed out before reaching finality", data: None })) tx_digest=Digest("6Dgf19XcEEGSJ59RPfmBfx5Gbi6vNncHnwxsTjbFupAe") retry_cnt=1
2026-05-20T11:22:40.646348Z ERROR iota_benchmark: Transaction failed with err: Rpc(Call(ErrorObject { code: ServerError(-32050), message: "Transaction timed out before reaching finality", data: None })) tx_digest=Digest("EJ6NJSADNwYrJv9KQCqWucpJ16whc64hMoozpPgMBpAx") retry_cnt=1
2026-05-20T11:22:40.680628Z ERROR iota_benchmark: Transaction failed with err: Rpc(Call(ErrorObject { code: ServerError(-32050), message: "Transaction timed out before reaching finality", data: None })) tx_digest=Digest("2qKpzJ4H9C7n5XUkFCaZgyeb7vmsHdE3FGMzjeg7zPW5") retry_cnt=1
2026-05-20T11:22:40.684133Z ERROR iota_benchmark: Transaction failed with err: Rpc(Call(ErrorObject { code: ServerError(-32050), message: "Transaction timed out before reaching finality", data: None })) tx_digest=Digest("8KbHWaEyRXUWB7BEmjetpRsQMx5pNn9JjKouLSJVqbux") retry_cnt=1
2026-05-20T11:22:40.710305Z ERROR iota_benchmark: Transaction failed with err: Rpc(Call(ErrorObject { code: ServerError(-32050), message: "Transaction timed out before reaching finality", data: None })) tx_digest=Digest("6hnzPDhEMgf85QM4Tkb8mhQYF3PwdsdRbn1m6yyY2sRU") retry_cnt=1
2026-05-20T11:22:40.781209Z ERROR iota_benchmark: Transaction failed with err: Rpc(Call(ErrorObject { code: ServerError(-32050), message: "Transaction timed out before reaching finality", data: None })) tx_digest=Digest("GoeyXczDBGQJm7sNoJg1KCGUvdBqhobqNyrtq42JArjk") retry_cnt=1
2026-05-20T11:22:40.949373Z ERROR iota_benchmark: Transaction failed with err: Rpc(Call(ErrorObject { code: ServerError(-32050), message: "Transaction timed out before reaching finality", data: None })) tx_digest=Digest("BU6WsmieiueQ6VUA7bNkDqTfqL1nqaVCYc2Y5xGUjVWq") retry_cnt=1
2026-05-20T11:22:40.949893Z ERROR iota_benchmark: Transaction failed with err: Rpc(Call(ErrorObject { code: ServerError(-32050), message: "Transaction timed out before reaching finality", data: None })) tx_digest=Digest("8sCAqzeTU9mkyPU3tJ67VnoNiELdAzct6YodpqoiqSmQ") retry_cnt=1
2026-05-20T11:22:40.972639Z ERROR iota_benchmark: Transaction failed with err: Rpc(Call(ErrorObject { code: ServerError(-32050), message: "Transaction timed out before reaching finality", data: None })) tx_digest=Digest("3TDdUwj7FxWu4Yfkq4wbYZn4SdA9dctziCPLNCzrwP1Q") retry_cnt=1
2026-05-20T11:22:40.973026Z ERROR iota_benchmark: Transaction failed with err: Rpc(Call(ErrorObject { code: ServerError(-32050), message: "Transaction timed out before reaching finality", data: None })) tx_digest=Digest("9eGDQjmf2hdW7WZUgPaSrFK9zNdonCqA7RzdQzy2pfUf") retry_cnt=1
2026-05-20T11:22:40.977247Z ERROR iota_benchmark: Transaction failed with err: Rpc(Call(ErrorObject { code: ServerError(-32050), message: "Transaction timed out before reaching finality", data: None })) tx_digest=Digest("2Se1pRzSAvBD6tXD7ZcMebSsj26sj37txtr4KbLqBToe") retry_cnt=1
2026-05-20T11:22:41.075517Z ERROR iota_benchmark: Transaction failed with err: Rpc(Call(ErrorObject { code: ServerError(-32050), message: "Transaction timed out before reaching finality", data: None })) tx_digest=Digest("AcXAuT4apbvCUoE1zACs2w84mzKvLkCTghBHULknvVwc") retry_cnt=1
2026-05-20T11:22:41.109210Z ERROR iota_benchmark: Transaction failed with err: Rpc(Call(ErrorObject { code: ServerError(-32050), message: "Transaction timed out before reaching finality", data: None })) tx_digest=Digest("8qRE5fFPcGYQ5kN7Njsry1YMasM5i8NJoEFeRti6DtQW") retry_cnt=1
2026-05-20T11:22:41.109745Z ERROR iota_benchmark: Transaction failed with err: Rpc(Call(ErrorObject { code: ServerError(-32050), message: "Transaction timed out before reaching finality", data: None })) tx_digest=Digest("CkRsEtmfT9hrq3gSZZwnVXVR5J6W9BHHEXiPvJN8PgdV") retry_cnt=1
2026-05-20T11:22:41.110218Z ERROR iota_benchmark: Transaction failed with err: Rpc(Call(ErrorObject { code: ServerError(-32050), message: "Transaction timed out before reaching finality", data: None })) tx_digest=Digest("8NCihZyvAa9QWGaUxyS6Y5aYVcrLnRkSVJW3J5qpwoto") retry_cnt=1
2026-05-20T11:22:41.110920Z ERROR iota_benchmark: Transaction failed with err: Rpc(Call(ErrorObject { code: ServerError(-32050), message: "Transaction timed out before reaching finality", data: None })) tx_digest=Digest("6Us1XePE1cefjHUaraE8WBeTpisV6byk42aJWDPfbYEy") retry_cnt=1
2026-05-20T11:22:41.111272Z ERROR iota_benchmark: Transaction failed with err: Rpc(Call(ErrorObject { code: ServerError(-32050), message: "Transaction timed out before reaching finality", data: None })) tx_digest=Digest("4qynqGPyVzfYy48Qug9QLU7C57eRzMdhwwQdYFRvSVkZ") retry_cnt=1
2026-05-20T11:22:41.111572Z ERROR iota_benchmark: Transaction failed with err: Rpc(Call(ErrorObject { code: ServerError(-32050), message: "Transaction timed out before reaching finality", data: None })) tx_digest=Digest("8KKqiymGd8uDFSb2r2s1imtjMgRMQi8cjktMeZH5D9XN") retry_cnt=1
2026-05-20T11:22:41.129691Z ERROR iota_benchmark: Transaction failed with err: Rpc(Call(ErrorObject { code: ServerError(-32050), message: "Transaction timed out before reaching finality", data: None })) tx_digest=Digest("HYvyYRYHMPBKGArjhkmGywznDZBHaZt476KiTG9yBNYZ") retry_cnt=1
2026-05-20T11:22:41.204851Z ERROR iota_benchmark: Transaction failed with err: Rpc(Call(ErrorObject { code: ServerError(-32050), message: "Transaction timed out before reaching finality", data: None })) tx_digest=Digest("9Uj6PVUCPxXJjr48Td76637Q4VBQ5Z1KhbnM5DdJSWSE") retry_cnt=1
2026-05-20T11:22:41.219675Z ERROR iota_benchmark: Transaction failed with err: Rpc(Call(ErrorObject { code: ServerError(-32050), message: "Transaction timed out before reaching finality", data: None })) tx_digest=Digest("2fSBmgryY4NwFhRfrMtiprJ1QGEEL3bx2QtN66cwF6da") retry_cnt=1
2026-05-20T11:22:41.294094Z ERROR iota_benchmark: Transaction failed with err: Rpc(Call(ErrorObject { code: ServerError(-32050), message: "Transaction timed out before reaching finality", data: None })) tx_digest=Digest("HfAJb2SayJ9md5K99d7vGPJwd49kkb3ZKV3hvsiqDTRG") retry_cnt=1
2026-05-20T11:22:41.334238Z ERROR iota_benchmark: Transaction failed with err: Rpc(Call(ErrorObject { code: ServerError(-32050), message: "Transaction timed out before reaching finality", data: None })) tx_digest=Digest("86yxYjRppT3PTYHviBJgGeK156jxasDg8PHcyFT48ijt") retry_cnt=1
2026-05-20T11:22:41.338293Z ERROR iota_benchmark: Transaction failed with err: Rpc(Call(ErrorObject { code: ServerError(-32050), message: "Transaction timed out before reaching finality", data: None })) tx_digest=Digest("A4iP7wZbvZ9bBBzXDeKZmnfQFTsCp9RcV7H1amnkLyGp") retry_cnt=1
2026-05-20T11:22:41.419699Z ERROR iota_benchmark: Transaction failed with err: Rpc(Call(ErrorObject { code: ServerError(-32050), message: "Transaction timed out before reaching finality", data: None })) tx_digest=Digest("7qJjY3nL5JbC1CjpkA5XgHcykgELZb2B9RCzCBNhimYo") retry_cnt=1
2026-05-20T11:22:41.443662Z ERROR iota_benchmark: Transaction failed with err: Rpc(Call(ErrorObject { code: ServerError(-32050), message: "Transaction timed out before reaching finality", data: None })) tx_digest=Digest("8vt6WdhhHG5DMskixJrrp7NktdcvrrWJ5BDGjdk3goqB") retry_cnt=1
2026-05-20T11:22:41.476344Z ERROR iota_benchmark: Transaction failed with err: Rpc(Call(ErrorObject { code: ServerError(-32050), message: "Transaction timed out before reaching finality", data: None })) tx_digest=Digest("EydY4xw7UKdnpAKdJMgGyGVHSvGf374Z5K5QuebxsyTr") retry_cnt=1
2026-05-20T11:22:41.557639Z ERROR iota_benchmark: Transaction failed with err: Rpc(Call(ErrorObject { code: ServerError(-32050), message: "Transaction timed out before reaching finality", data: None })) tx_digest=Digest("8rQjiD7UDFAa2vh24WihNXYhVWqWmKxiSTLEehHj6ACV") retry_cnt=1
2026-05-20T11:22:41.593700Z ERROR iota_benchmark: Transaction failed with err: Rpc(Call(ErrorObject { code: ServerError(-32050), message: "Transaction timed out before reaching finality", data: None })) tx_digest=Digest("5oXBTUo4rKsHGemp9aiqaaS47PzcY645Pf9UgwZM5mnN") retry_cnt=1
2026-05-20T11:22:41.636768Z ERROR iota_benchmark: Transaction failed with err: Rpc(Call(ErrorObject { code: ServerError(-32050), message: "Transaction timed out before reaching finality", data: None })) tx_digest=Digest("C4SuJnbNMk3emK3DkAP1FyTMATatvGKMYtyTpuU8zyHA") retry_cnt=1
2026-05-20T11:22:41.646509Z ERROR iota_benchmark: Transaction failed with err: Rpc(Call(ErrorObject { code: ServerError(-32050), message: "Transaction timed out before reaching finality", data: None })) tx_digest=Digest("CebGAwizDJ8mPup714gq1Kp8YYv8b88xHxV1aGmK7fy") retry_cnt=1
2026-05-20T11:22:41.653310Z ERROR iota_benchmark: Transaction failed with err: Rpc(Call(ErrorObject { code: ServerError(-32050), message: "Transaction timed out before reaching finality", data: None })) tx_digest=Digest("7e5UeDPDZkz3QMemJMhm7gPsECwjNvotVzqZvBzaS16m") retry_cnt=1
2026-05-20T11:22:41.661235Z ERROR iota_benchmark: Transaction failed with err: Rpc(Call(ErrorObject { code: ServerError(-32050), message: "Transaction timed out before reaching finality", data: None })) tx_digest=Digest("9TiA9JJGf4Uvsw1xFAAqSEFW4C7Gnm64J3Mb2Tx7s62u") retry_cnt=1
2026-05-20T11:22:41.685635Z ERROR iota_benchmark: Transaction failed with err: Rpc(Call(ErrorObject { code: ServerError(-32050), message: "Transaction timed out before reaching finality", data: None })) tx_digest=Digest("ABrGEkZxSmqhjNHHemnEMLs4dKPn9L18TCqzLS5tqfat") retry_cnt=1
2026-05-20T11:22:41.695724Z ERROR iota_benchmark: Transaction failed with err: Rpc(Call(ErrorObject { code: ServerError(-32050), message: "Transaction timed out before reaching finality", data: None })) tx_digest=Digest("3kR9zZ17LfnTFCfW2oZJ41fQc9qJYC9cnn4EYkebn4za") retry_cnt=1
2026-05-20T11:22:41.722014Z ERROR iota_benchmark: Transaction failed with err: Rpc(Call(ErrorObject { code: ServerError(-32050), message: "Transaction timed out before reaching finality", data: None })) tx_digest=Digest("HLVoyhYeURLTavi9shJbACwRE5u7BaBsN6XHPe5AqJ2a") retry_cnt=1
2026-05-20T11:22:41.737818Z ERROR iota_benchmark: Transaction failed with err: Rpc(Call(ErrorObject { code: ServerError(-32050), message: "Transaction timed out before reaching finality", data: None })) tx_digest=Digest("6LYshB2M5vo39PbcXqTUQ762xJaJfLqbHjBrLtieUG7r") retry_cnt=1
2026-05-20T11:22:41.785285Z ERROR iota_benchmark: Transaction failed with err: Rpc(Call(ErrorObject { code: ServerError(-32050), message: "Transaction timed out before reaching finality", data: None })) tx_digest=Digest("AXL3hVoBLaKPdeEsv1MXDx6v76FHY9K6n7ibtjLwmQoc") retry_cnt=1
2026-05-20T11:22:41.786711Z ERROR iota_benchmark: Transaction failed with err: Rpc(Call(ErrorObject { code: ServerError(-32050), message: "Transaction timed out before reaching finality", data: None })) tx_digest=Digest("5L5ZuBU2mnBnG5EM6NhnC3XPJLEptRJqfyN9jvF11DSd") retry_cnt=1
2026-05-20T11:22:41.786912Z ERROR iota_benchmark: Transaction failed with err: Rpc(Call(ErrorObject { code: ServerError(-32050), message: "Transaction timed out before reaching finality", data: None })) tx_digest=Digest("6H8awWUdKaXnVr5ihNVzZVSwbEGZRqhnAPDrBPpxG8iM") retry_cnt=1
2026-05-20T11:22:41.788060Z ERROR iota_benchmark: Transaction failed with err: Rpc(Call(ErrorObject { code: ServerError(-32050), message: "Transaction timed out before reaching finality", data: None })) tx_digest=Digest("vCXpYBn9druYLjkf4XkQQsNWxoRytrdRhm4AHboLXq1") retry_cnt=1
2026-05-20T11:22:41.789178Z ERROR iota_benchmark: Transaction failed with err: Rpc(Call(ErrorObject { code: ServerError(-32050), message: "Transaction timed out before reaching finality", data: None })) tx_digest=Digest("Diugo2CjWDqugBdyi6zcpha9vZCUsY45emwEJDGGvEQP") retry_cnt=1
2026-05-20T11:22:41.789740Z ERROR iota_benchmark: Transaction failed with err: Rpc(Call(ErrorObject { code: ServerError(-32050), message: "Transaction timed out before reaching finality", data: None })) tx_digest=Digest("AU9D4Eo7BjRhEym4V1ApmkDDpxGkX3VhG7bP2BSAtQVc") retry_cnt=1
2026-05-20T11:22:41.804493Z ERROR iota_benchmark: Transaction failed with err: Rpc(Call(ErrorObject { code: ServerError(-32050), message: "Transaction timed out before reaching finality", data: None })) tx_digest=Digest("4q6juPLjW3cbhq8rAY3M3ruP8A1GR87XeJLtkPk99zeb") retry_cnt=1
2026-05-20T11:22:41.805775Z ERROR iota_benchmark: Transaction failed with err: Rpc(Call(ErrorObject { code: ServerError(-32050), message: "Transaction timed out before reaching finality", data: None })) tx_digest=Digest("6T6rhyvZpzVRVGbK6eqrKasSpBifG3Vmq1VkKe1omGje") retry_cnt=1
2026-05-20T11:22:41.812135Z ERROR iota_benchmark: Transaction failed with err: Rpc(Call(ErrorObject { code: ServerError(-32050), message: "Transaction timed out before reaching finality", data: None })) tx_digest=Digest("92kodQxKNQfG1RhFwvKQnkDVsnvLPFrEX2nQGgtoPwqv") retry_cnt=1
2026-05-20T11:22:41.829562Z ERROR iota_benchmark: Transaction failed with err: Rpc(Call(ErrorObject { code: ServerError(-32050), message: "Transaction timed out before reaching finality", data: None })) tx_digest=Digest("GqjN3PM2wuq72MeXkhDngeaJqvxtxvHsAto793kYgrtp") retry_cnt=1
2026-05-20T11:22:41.837218Z ERROR iota_benchmark: Transaction failed with err: Rpc(Call(ErrorObject { code: ServerError(-32050), message: "Transaction timed out before reaching finality", data: None })) tx_digest=Digest("8hYdVNMvNmUyLFyTaj1LkMYJY2rccoe9iuHzj6Na8uSc") retry_cnt=1
2026-05-20T11:22:41.837395Z ERROR iota_benchmark: Transaction failed with err: Rpc(Call(ErrorObject { code: ServerError(-32050), message: "Transaction timed out before reaching finality", data: None })) tx_digest=Digest("2JpyonyDnUUGpLAsJB5bcNc5tp6AwXzSv2R7UfytnYgb") retry_cnt=1
2026-05-20T11:22:41.857121Z ERROR iota_benchmark: Transaction failed with err: Rpc(Call(ErrorObject { code: ServerError(-32050), message: "Transaction timed out before reaching finality", data: None })) tx_digest=Digest("2Ky1vSLdEQemHSkLfs9Eu9xNK6QaF7B9oBDWPNrxD8ud") retry_cnt=1
2026-05-20T11:22:41.880854Z ERROR iota_benchmark: Transaction failed with err: Rpc(Call(ErrorObject { code: ServerError(-32050), message: "Transaction timed out before reaching finality", data: None })) tx_digest=Digest("9pZDH4GnbybV2w17iGke3144kgmgCi6KSWowUYgu47Wb") retry_cnt=1
2026-05-20T11:22:41.899022Z ERROR iota_benchmark: Transaction failed with err: Rpc(Call(ErrorObject { code: ServerError(-32050), message: "Transaction timed out before reaching finality", data: None })) tx_digest=Digest("CqBwPHb8DqtNosvXSiX2aPtoKjSXjStB2hwBK9iwoxkF") retry_cnt=1
2026-05-20T11:22:41.918302Z ERROR iota_benchmark: Transaction failed with err: Rpc(Call(ErrorObject { code: ServerError(-32050), message: "Transaction timed out before reaching finality", data: None })) tx_digest=Digest("GVWiBLLtSEZwwnaSUeQzWQ5B3yXnxNdXcvEsRWUbDjbB") retry_cnt=1
2026-05-20T11:22:41.948043Z ERROR iota_benchmark: Transaction failed with err: Rpc(Call(ErrorObject { code: ServerError(-32050), message: "Transaction timed out before reaching finality", data: None })) tx_digest=Digest("3BURNN38ucegx31uQrUCcsb91VtoYpAvAmT3zJBrXAEb") retry_cnt=1
2026-05-20T11:22:41.952594Z ERROR iota_benchmark: Transaction failed with err: Rpc(Call(ErrorObject { code: ServerError(-32050), message: "Transaction timed out before reaching finality", data: None })) tx_digest=Digest("DJmnjPyMnkWEpue7KaZHyfjXQRVZVAcKZpjQ3kxeEQbi") retry_cnt=1
2026-05-20T11:22:41.953216Z ERROR iota_benchmark: Transaction failed with err: Rpc(Call(ErrorObject { code: ServerError(-32050), message: "Transaction timed out before reaching finality", data: None })) tx_digest=Digest("3sqRa7U762H9KqKDCNH443QhvN2FWw6YPzvSfFcvn6vq") retry_cnt=1
2026-05-20T11:22:41.959699Z ERROR iota_benchmark: Transaction failed with err: Rpc(Call(ErrorObject { code: ServerError(-32050), message: "Transaction timed out before reaching finality", data: None })) tx_digest=Digest("B2MjjeLvtagGs3XWsSC4sXWx8HhT72iEkYZKBToVARTe") retry_cnt=1
2026-05-20T11:22:41.963892Z ERROR iota_benchmark: Transaction failed with err: Rpc(Call(ErrorObject { code: ServerError(-32050), message: "Transaction timed out before reaching finality", data: None })) tx_digest=Digest("DgBg4M1HPGTVS1D3q2jBUk4FPHwHPa6vV57FGKhXoCQz") retry_cnt=1
2026-05-20T11:22:41.974691Z ERROR iota_benchmark: Transaction failed with err: Rpc(Call(ErrorObject { code: ServerError(-32050), message: "Transaction timed out before reaching finality", data: None })) tx_digest=Digest("6tsy9LiH8bRHtiBofrMmsamGX26bCvJBi6X81S9CStgs") retry_cnt=1
2026-05-20T11:22:41.987347Z ERROR iota_benchmark: Transaction failed with err: Rpc(Call(ErrorObject { code: ServerError(-32050), message: "Transaction timed out before reaching finality", data: None })) tx_digest=Digest("3cNztVXdivzWb9XSZ6iRFju84ERzNf1Ecowm1pQmv5bb") retry_cnt=1
2026-05-20T11:22:41.989259Z ERROR iota_benchmark: Transaction failed with err: Rpc(Call(ErrorObject { code: ServerError(-32050), message: "Transaction timed out before reaching finality", data: None })) tx_digest=Digest("7JYLhjuvNkYnWAAhNk5DzeNEQbPzQgn2jASA6YJKx7xR") retry_cnt=1
2026-05-20T11:22:41.989498Z ERROR iota_benchmark: Transaction failed with err: Rpc(Call(ErrorObject { code: ServerError(-32050), message: "Transaction timed out before reaching finality", data: None })) tx_digest=Digest("7RfHEhcqzPNbWKPW3T3BbEk9FAFtPzQFKq3YwzDcyEY8") retry_cnt=1
2026-05-20T11:22:42.003750Z ERROR iota_benchmark: Transaction failed with err: Rpc(Call(ErrorObject { code: ServerError(-32050), message: "Transaction timed out before reaching finality", data: None })) tx_digest=Digest("EGfRaXgvr5noBSrkbSzzV5QVRncLofdBCu4zuURzc7dr") retry_cnt=1
2026-05-20T11:22:42.013957Z ERROR iota_benchmark: Transaction failed with err: Rpc(Call(ErrorObject { code: ServerError(-32050), message: "Transaction timed out before reaching finality", data: None })) tx_digest=Digest("9R3e1TRTxdBffwBxPwmT4mkvUwE9nZH7RQoqiDgpjLaj") retry_cnt=1
2026-05-20T11:22:42.045073Z ERROR iota_benchmark: Transaction failed with err: Rpc(Call(ErrorObject { code: ServerError(-32050), message: "Transaction timed out before reaching finality", data: None })) tx_digest=Digest("AWt5KFL8tBxCsoj2a6ChMnzQvMuVpMrYSqEuojpBQy5e") retry_cnt=1
2026-05-20T11:22:42.066901Z ERROR iota_benchmark: Transaction failed with err: Rpc(Call(ErrorObject { code: ServerError(-32050), message: "Transaction timed out before reaching finality", data: None })) tx_digest=Digest("6cj7mGYRNjYy7wDcwJJevpoNXFHPYUjyciHiNbbGpGhB") retry_cnt=1
2026-05-20T11:22:42.087226Z ERROR iota_benchmark: Transaction failed with err: Rpc(Call(ErrorObject { code: ServerError(-32050), message: "Transaction timed out before reaching finality", data: None })) tx_digest=Digest("HNUbuEadZFGvjHvJZgo5m62ThuN7mqsx95YbHocQt4vr") retry_cnt=1
2026-05-20T11:22:42.088472Z ERROR iota_benchmark: Transaction failed with err: Rpc(Call(ErrorObject { code: ServerError(-32050), message: "Transaction timed out before reaching finality", data: None })) tx_digest=Digest("DjUb3PhATLB4L3gCFLe4tsmd84oZxhU7cT5nk3qosdrE") retry_cnt=1
2026-05-20T11:22:42.091444Z ERROR iota_benchmark: Transaction failed with err: Rpc(Call(ErrorObject { code: ServerError(-32050), message: "Transaction timed out before reaching finality", data: None })) tx_digest=Digest("65bUmYwnAqB4sgtJz47gDeBTFhcvdwGC1Wo4Q1oZZadX") retry_cnt=1
2026-05-20T11:22:42.091444Z ERROR iota_benchmark: Transaction failed with err: Rpc(Call(ErrorObject { code: ServerError(-32050), message: "Transaction timed out before reaching finality", data: None })) tx_digest=Digest("AhA8zMQRLpcLvsB2TSgGsMa7yDhqa3B1LWMchMdEgYp") retry_cnt=1
2026-05-20T11:22:42.091551Z ERROR iota_benchmark: Transaction failed with err: Rpc(Call(ErrorObject { code: ServerError(-32050), message: "Transaction timed out before reaching finality", data: None })) tx_digest=Digest("AQ6ggi2mtWrJKNRuyyVETeLdeu5yheWmx8H36b2x3vso") retry_cnt=1
2026-05-20T11:22:42.091924Z ERROR iota_benchmark: Transaction failed with err: Rpc(Call(ErrorObject { code: ServerError(-32050), message: "Transaction timed out before reaching finality", data: None })) tx_digest=Digest("8TCTPrgWYbTDVkpgvYp6zKM1t4LVsQ1AARhfTTwrF8jt") retry_cnt=1
2026-05-20T11:22:42.109531Z ERROR iota_benchmark: Transaction failed with err: Rpc(Call(ErrorObject { code: ServerError(-32050), message: "Transaction timed out before reaching finality", data: None })) tx_digest=Digest("5CWqKUUjmSm2wvD1B9RxGAV7dJp2JdiHhQH1gij6Mb7F") retry_cnt=1
2026-05-20T11:22:42.118176Z ERROR iota_benchmark: Transaction failed with err: Rpc(Call(ErrorObject { code: ServerError(-32050), message: "Transaction timed out before reaching finality", data: None })) tx_digest=Digest("67qvQWSebYDPcGhdSVqv1anZaGWNAMjMtRXK9igeLctH") retry_cnt=1
2026-05-20T11:22:42.150059Z ERROR iota_benchmark: Transaction failed with err: Rpc(Call(ErrorObject { code: ServerError(-32050), message: "Transaction timed out before reaching finality", data: None })) tx_digest=Digest("p6KUBwAktBPe3vaBC9n7Td4AAdEZF41Ecsq6rvJqkSR") retry_cnt=1
2026-05-20T11:22:42.153728Z ERROR iota_benchmark: Transaction failed with err: Rpc(Call(ErrorObject { code: ServerError(-32050), message: "Transaction timed out before reaching finality", data: None })) tx_digest=Digest("4LSvYff2MNojXa53A2UXm6AAvm2qJfY4UQqJLp3KMTEW") retry_cnt=1
2026-05-20T11:22:42.155966Z ERROR iota_benchmark: Transaction failed with err: Rpc(Call(ErrorObject { code: ServerError(-32050), message: "Transaction timed out before reaching finality", data: None })) tx_digest=Digest("9APG6hXbFJqhU32EjN5WH12Dr6tJesWiHFFVvgpup1KD") retry_cnt=1
2026-05-20T11:22:42.159258Z ERROR iota_benchmark: Transaction failed with err: Rpc(Call(ErrorObject { code: ServerError(-32050), message: "Transaction timed out before reaching finality", data: None })) tx_digest=Digest("EDXxDsYaDtW1SfFECYi4bu9DqE8qZJHwYWMWLzNchzXr") retry_cnt=1
2026-05-20T11:22:42.174121Z ERROR iota_benchmark: Transaction failed with err: Rpc(Call(ErrorObject { code: ServerError(-32050), message: "Transaction timed out before reaching finality", data: None })) tx_digest=Digest("4ZJc3ssjgTu7vBH81Ef7H14oZGUKPLHn66PWBBEYQC4A") retry_cnt=1
2026-05-20T11:22:42.189175Z ERROR iota_benchmark: Transaction failed with err: Rpc(Call(ErrorObject { code: ServerError(-32050), message: "Transaction timed out before reaching finality", data: None })) tx_digest=Digest("8LYgDRwfS6z8GFFuYYnpWZHMaQRRUVFdkQmixfAV1srF") retry_cnt=1
2026-05-20T11:22:42.204105Z ERROR iota_benchmark: Transaction failed with err: Rpc(Call(ErrorObject { code: ServerError(-32050), message: "Transaction timed out before reaching finality", data: None })) tx_digest=Digest("A7A7Yjdn2yj3HGdn4MsprUMiLNTYsszdbjGPyWEtWPh3") retry_cnt=1
2026-05-20T11:22:42.204222Z ERROR iota_benchmark: Transaction failed with err: Rpc(Call(ErrorObject { code: ServerError(-32050), message: "Transaction timed out before reaching finality", data: None })) tx_digest=Digest("E8j9pYby6x41n3uWTZQ9RoMriW2ZJKBgXn53NAFMj8c7") retry_cnt=1
2026-05-20T11:22:42.204242Z ERROR iota_benchmark: Transaction failed with err: Rpc(Call(ErrorObject { code: ServerError(-32050), message: "Transaction timed out before reaching finality", data: None })) tx_digest=Digest("4J8H19qSdNm1YLzzXwrmnJWEq7unwxVhBRy1yEk1UhXT") retry_cnt=1
2026-05-20T11:22:42.204251Z ERROR iota_benchmark: Transaction failed with err: Rpc(Call(ErrorObject { code: ServerError(-32050), message: "Transaction timed out before reaching finality", data: None })) tx_digest=Digest("GcvfHSiogt7z7rEUA5LeNrXzxK2kbisFxMv8dW19orSh") retry_cnt=1
2026-05-20T11:22:42.206102Z ERROR iota_benchmark: Transaction failed with err: Rpc(Call(ErrorObject { code: ServerError(-32050), message: "Transaction timed out before reaching finality", data: None })) tx_digest=Digest("FQarCpexPFyfNYqeLSdMq5nc1yJ1V25byMg9n8xktsTQ") retry_cnt=1
2026-05-20T11:22:42.208551Z ERROR iota_benchmark: Transaction failed with err: Rpc(Call(ErrorObject { code: ServerError(-32050), message: "Transaction timed out before reaching finality", data: None })) tx_digest=Digest("7v7z9ttpYufmwRhZ7HM57DFk4XYkZaVZWxQMY7mx1z2T") retry_cnt=1
2026-05-20T11:22:42.213862Z ERROR iota_benchmark: Transaction failed with err: Rpc(Call(ErrorObject { code: ServerError(-32050), message: "Transaction timed out before reaching finality", data: None })) tx_digest=Digest("EqRqG7fuaFemPMQMyAJEFUeZJCueJUkKp5XtjjGxuj2t") retry_cnt=1
2026-05-20T11:22:42.227394Z ERROR iota_benchmark: Transaction failed with err: Rpc(Call(ErrorObject { code: ServerError(-32050), message: "Transaction timed out before reaching finality", data: None })) tx_digest=Digest("21bmLux9RYWbf3Jr1igdstXWurxcrCsdppyV8uHSoUJ2") retry_cnt=1
2026-05-20T11:22:42.235844Z ERROR iota_benchmark: Transaction failed with err: Rpc(Call(ErrorObject { code: ServerError(-32050), message: "Transaction timed out before reaching finality", data: None })) tx_digest=Digest("31Cn2x6uBUcsnGWfcsAgqby66Vih7TTgJyn3PbNDHXnS") retry_cnt=1
2026-05-20T11:22:42.257964Z ERROR iota_benchmark: Transaction failed with err: Rpc(Call(ErrorObject { code: ServerError(-32050), message: "Transaction timed out before reaching finality", data: None })) tx_digest=Digest("3kMdbpREh9DM2cvMrd2Ab1GWqQtzQXM63iTLtbmdciMn") retry_cnt=1
2026-05-20T11:22:42.274617Z ERROR iota_benchmark: Transaction failed with err: Rpc(Call(ErrorObject { code: ServerError(-32050), message: "Transaction timed out before reaching finality", data: None })) tx_digest=Digest("jTgkQ8WYbyoyvdgyCi44VLhaBmcaNS9McCXFUhWerjV") retry_cnt=1
2026-05-20T11:22:42.275351Z ERROR iota_benchmark: Transaction failed with err: Rpc(Call(ErrorObject { code: ServerError(-32050), message: "Transaction timed out before reaching finality", data: None })) tx_digest=Digest("DM2vxKYJ6woa1ztgnHQ1sb1hK16xXv8fxwk8op3WHXo9") retry_cnt=1
2026-05-20T11:22:42.299277Z ERROR iota_benchmark: Transaction failed with err: Rpc(Call(ErrorObject { code: ServerError(-32050), message: "Transaction timed out before reaching finality", data: None })) tx_digest=Digest("AF6sS4Zigi2gubPPWuQMfWfPtZz9Mx9DpcrATVLSiYXZ") retry_cnt=1
2026-05-20T11:22:42.302124Z ERROR iota_benchmark: Transaction failed with err: Rpc(Call(ErrorObject { code: ServerError(-32050), message: "Transaction timed out before reaching finality", data: None })) tx_digest=Digest("5re5DFVs5YGAf9yTzBGJfwEsb9Vqh71FTAYkFDBx6jVJ") retry_cnt=1
2026-05-20T11:22:42.339517Z ERROR iota_benchmark: Transaction failed with err: Rpc(Call(ErrorObject { code: ServerError(-32050), message: "Transaction timed out before reaching finality", data: None })) tx_digest=Digest("6UtZmkspuxRwWuhmN7m5hvYRTUrtvSYaWHbfdZasUAH3") retry_cnt=1
2026-05-20T11:22:42.348888Z ERROR iota_benchmark: Transaction failed with err: Rpc(Call(ErrorObject { code: ServerError(-32050), message: "Transaction timed out before reaching finality", data: None })) tx_digest=Digest("88RWZ9qWBhoXskMzFeY1RNE79D7ndotjB6TBQWTdwhLs") retry_cnt=1
2026-05-20T11:22:42.369111Z ERROR iota_benchmark: Transaction failed with err: Rpc(Call(ErrorObject { code: ServerError(-32050), message: "Transaction timed out before reaching finality", data: None })) tx_digest=Digest("CCzrovS8KNVNJ6dxecsZRVbrwqvxzB1XiAa2kfvN79Kf") retry_cnt=1
2026-05-20T11:22:42.377646Z ERROR iota_benchmark: Transaction failed with err: Rpc(Call(ErrorObject { code: ServerError(-32050), message: "Transaction timed out before reaching finality", data: None })) tx_digest=Digest("9ND22QN2JZTvNPCsAfhrCjTeBBHnic5TNWGzNCTd7yVD") retry_cnt=1
2026-05-20T11:22:42.378998Z ERROR iota_benchmark: Transaction failed with err: Rpc(Call(ErrorObject { code: ServerError(-32050), message: "Transaction timed out before reaching finality", data: None })) tx_digest=Digest("9mXV6zL4WtxgQ8ZU7KmwZk1S29pSvnyTjqvaiXWmrKbL") retry_cnt=1
2026-05-20T11:22:42.380739Z ERROR iota_benchmark: Transaction failed with err: Rpc(Call(ErrorObject { code: ServerError(-32050), message: "Transaction timed out before reaching finality", data: None })) tx_digest=Digest("7d2MoVXMvjEy1xCUdXBGbmn9xr5xtDQj4jjCAAxNbvFr") retry_cnt=1
2026-05-20T11:22:42.382132Z ERROR iota_benchmark: Transaction failed with err: Rpc(Call(ErrorObject { code: ServerError(-32050), message: "Transaction timed out before reaching finality", data: None })) tx_digest=Digest("2GwdjfLdjN1L36v7wVcEm63yc8fbHkhGKDYfjDBosJmK") retry_cnt=1
2026-05-20T11:22:42.385438Z ERROR iota_benchmark: Transaction failed with err: Rpc(Call(ErrorObject { code: ServerError(-32050), message: "Transaction timed out before reaching finality", data: None })) tx_digest=Digest("9EoC1MuSwM31BVWU2h4JqvDhPaNo1g4cxNWvKBdBm1cA") retry_cnt=1
2026-05-20T11:22:42.400306Z ERROR iota_benchmark: Transaction failed with err: Rpc(Call(ErrorObject { code: ServerError(-32050), message: "Transaction timed out before reaching finality", data: None })) tx_digest=Digest("GXeWTBnzTkoT376j6oau8Lt6829mw8dorBG2VUkVUUM4") retry_cnt=1
2026-05-20T11:22:42.403736Z ERROR iota_benchmark: Transaction failed with err: Rpc(Call(ErrorObject { code: ServerError(-32050), message: "Transaction timed out before reaching finality", data: None })) tx_digest=Digest("ELo5e5MVjhL8ghj75XpvPhqdF9QVfVSnC6zNk2JDT8YJ") retry_cnt=1
2026-05-20T11:22:42.404103Z ERROR iota_benchmark: Transaction failed with err: Rpc(Call(ErrorObject { code: ServerError(-32050), message: "Transaction timed out before reaching finality", data: None })) tx_digest=Digest("CWEnjt6EbYvyzgCiBJ1zLjyfmRiRogz2SGfSDZYgXpqq") retry_cnt=1
2026-05-20T11:22:42.404628Z ERROR iota_benchmark: Transaction failed with err: Rpc(Call(ErrorObject { code: ServerError(-32050), message: "Transaction timed out before reaching finality", data: None })) tx_digest=Digest("BPbfxp47WoZKh4V9prEqJt5MmztMD4VAh1M46TMX9prL") retry_cnt=1
2026-05-20T11:22:42.404705Z ERROR iota_benchmark: Transaction failed with err: Rpc(Call(ErrorObject { code: ServerError(-32050), message: "Transaction timed out before reaching finality", data: None })) tx_digest=Digest("Ex4ivydswdfvrNYaWBygLKuCR8GyXXYnCE1PReWLHf1f") retry_cnt=1
2026-05-20T11:22:42.404862Z ERROR iota_benchmark: Transaction failed with err: Rpc(Call(ErrorObject { code: ServerError(-32050), message: "Transaction timed out before reaching finality", data: None })) tx_digest=Digest("6wn1tC75hxhBqm8T3NqM5vQjBtYvJ3W9Ao8nsCcc6p54") retry_cnt=1
2026-05-20T11:22:42.405939Z ERROR iota_benchmark: Transaction failed with err: Rpc(Call(ErrorObject { code: ServerError(-32050), message: "Transaction timed out before reaching finality", data: None })) tx_digest=Digest("BEMwDUz8dV7hZBythxQyFtTNKUJNDAGMZZaf5YwD9bS2") retry_cnt=1
2026-05-20T11:22:42.427560Z ERROR iota_benchmark: Transaction failed with err: Rpc(Call(ErrorObject { code: ServerError(-32050), message: "Transaction timed out before reaching finality", data: None })) tx_digest=Digest("EWExgg9bcSvUT6SnFRmbgBscDmrbAzmHKH8reHKCjdhM") retry_cnt=1
2026-05-20T11:22:42.434397Z ERROR iota_benchmark: Transaction failed with err: Rpc(Call(ErrorObject { code: ServerError(-32050), message: "Transaction timed out before reaching finality", data: None })) tx_digest=Digest("BGMwWtDYxJhpzgLCw3vK6xP87oQYSCMGfwDX9ZGv8fAj") retry_cnt=1
2026-05-20T11:22:42.434644Z ERROR iota_benchmark: Transaction failed with err: Rpc(Call(ErrorObject { code: ServerError(-32050), message: "Transaction timed out before reaching finality", data: None })) tx_digest=Digest("6s5PoGzKmsQqCFg9LM7gTWiybHHAKC4ZmnrormYmoAbv") retry_cnt=1
2026-05-20T11:22:42.442685Z ERROR iota_benchmark: Transaction failed with err: Rpc(Call(ErrorObject { code: ServerError(-32050), message: "Transaction timed out before reaching finality", data: None })) tx_digest=Digest("FinMET7xHReHxSq2KcsHwCbG3GaQFk95Q6ApW9fsi2h") retry_cnt=1
2026-05-20T11:22:42.462102Z ERROR iota_benchmark: Transaction failed with err: Rpc(Call(ErrorObject { code: ServerError(-32050), message: "Transaction timed out before reaching finality", data: None })) tx_digest=Digest("2PDfr3zDnAi6MHT38kD1RhryjgiwxjALxxREZYat7ouL") retry_cnt=1
2026-05-20T11:22:42.462303Z ERROR iota_benchmark: Transaction failed with err: Rpc(Call(ErrorObject { code: ServerError(-32050), message: "Transaction timed out before reaching finality", data: None })) tx_digest=Digest("AdN4ggU85ZtYwuwCpD7uVYTxiH7Yyeg9KayekBBejcPp") retry_cnt=1
2026-05-20T11:22:42.462912Z ERROR iota_benchmark: Transaction failed with err: Rpc(Call(ErrorObject { code: ServerError(-32050), message: "Transaction timed out before reaching finality", data: None })) tx_digest=Digest("7i5ofCxRmqeydZ8JvnZsbVR4pET4gzGtuC92mwtZe79v") retry_cnt=1
2026-05-20T11:22:42.523532Z ERROR iota_benchmark: Transaction failed with err: Rpc(Call(ErrorObject { code: ServerError(-32050), message: "Transaction timed out before reaching finality", data: None })) tx_digest=Digest("7cBdYHY2B2C8bcATYkiJoksnxCSZJ7udjLXVe9xJRnRF") retry_cnt=1
2026-05-20T11:22:42.526821Z ERROR iota_benchmark: Transaction failed with err: Rpc(Call(ErrorObject { code: ServerError(-32050), message: "Transaction timed out before reaching finality", data: None })) tx_digest=Digest("CYsgBy1spEJiYv8sDh1KmiFzGjNRfaPhZfv4DNFn4kTA") retry_cnt=1
2026-05-20T11:22:42.547592Z ERROR iota_benchmark: Transaction failed with err: Rpc(Call(ErrorObject { code: ServerError(-32050), message: "Transaction timed out before reaching finality", data: None })) tx_digest=Digest("2vMBPxwJ3oEoD9uUokpz15m8EgKSQQEaSgqLtmGPFs5i") retry_cnt=1
2026-05-20T11:22:42.547638Z ERROR iota_benchmark: Transaction failed with err: Rpc(Call(ErrorObject { code: ServerError(-32050), message: "Transaction timed out before reaching finality", data: None })) tx_digest=Digest("UL1GLYZs5CFc3Wd8sRMgdgd5LMYo8WkFAxCBak9TabC") retry_cnt=1
2026-05-20T11:22:42.547771Z ERROR iota_benchmark: Transaction failed with err: Rpc(Call(ErrorObject { code: ServerError(-32050), message: "Transaction timed out before reaching finality", data: None })) tx_digest=Digest("GjTGbF1Rn1pi8VtTZkrRjCPfEzDBvGzcnufQuuaJpvPR") retry_cnt=1
2026-05-20T11:22:42.589409Z ERROR iota_benchmark: Transaction failed with err: Rpc(Call(ErrorObject { code: ServerError(-32050), message: "Transaction timed out before reaching finality", data: None })) tx_digest=Digest("73moG9GD5PrWoyjm7kGgHT5cjYGe8ffPCyEzx2i1Nhxm") retry_cnt=1
2026-05-20T11:22:42.589546Z ERROR iota_benchmark: Transaction failed with err: Rpc(Call(ErrorObject { code: ServerError(-32050), message: "Transaction timed out before reaching finality", data: None })) tx_digest=Digest("BzZNHYUXNYnUE2xdXhYAWkYGbcf1bzHbiEEy5HNowd9i") retry_cnt=1
2026-05-20T11:22:42.595856Z ERROR iota_benchmark: Transaction failed with err: Rpc(Call(ErrorObject { code: ServerError(-32050), message: "Transaction timed out before reaching finality", data: None })) tx_digest=Digest("5BoHirz45b64syKtmNF8RJffLpSHJxYq4f2RCzpu728a") retry_cnt=1
2026-05-20T11:22:42.604705Z ERROR iota_benchmark: Transaction failed with err: Rpc(Call(ErrorObject { code: ServerError(-32050), message: "Transaction timed out before reaching finality", data: None })) tx_digest=Digest("JB1NxA7W18xsSbGNrkfidUArDHaKxgEn4FKgdh7G8XYh") retry_cnt=1
2026-05-20T11:22:42.618698Z ERROR iota_benchmark: Transaction failed with err: Rpc(Call(ErrorObject { code: ServerError(-32050), message: "Transaction timed out before reaching finality", data: None })) tx_digest=Digest("8iRZNrKQQtPwqH8m9xEXkL7yfksXCuhyGeuS49SSWwdQ") retry_cnt=1
2026-05-20T11:22:42.626788Z ERROR iota_benchmark: Transaction failed with err: Rpc(Call(ErrorObject { code: ServerError(-32050), message: "Transaction timed out before reaching finality", data: None })) tx_digest=Digest("CApErNR2VyRVWYFN6D5eNRabV8TesewLo9dQGKkjPD7F") retry_cnt=1
2026-05-20T11:22:42.626857Z ERROR iota_benchmark: Transaction failed with err: Rpc(Call(ErrorObject { code: ServerError(-32050), message: "Transaction timed out before reaching finality", data: None })) tx_digest=Digest("JEHSxdWxnU2rbTES4qLdgQSsDJ27CX7gabuTXQwWGE9C") retry_cnt=1
2026-05-20T11:22:42.648348Z ERROR iota_benchmark: Transaction failed with err: Rpc(Call(ErrorObject { code: ServerError(-32050), message: "Transaction timed out before reaching finality", data: None })) tx_digest=Digest("BDN63Pwo9V1yWZBVLvbmEwphHayouFJthrTd2SpXJAjM") retry_cnt=1
2026-05-20T11:22:42.668066Z ERROR iota_benchmark: Transaction failed with err: Rpc(Call(ErrorObject { code: ServerError(-32050), message: "Transaction timed out before reaching finality", data: None })) tx_digest=Digest("25aaimVzpCm6tMkonLWjVCEQFRk5GtDEYpPkkkhpvaB8") retry_cnt=1
2026-05-20T11:22:42.674767Z ERROR iota_benchmark: Transaction failed with err: Rpc(Call(ErrorObject { code: ServerError(-32050), message: "Transaction timed out before reaching finality", data: None })) tx_digest=Digest("EiFFpBiWAHGjcumV2S3oaJquUm8iSgpuNvoQcMaMvHEP") retry_cnt=1
2026-05-20T11:22:42.676431Z ERROR iota_benchmark: Transaction failed with err: Rpc(Call(ErrorObject { code: ServerError(-32050), message: "Transaction timed out before reaching finality", data: None })) tx_digest=Digest("C5NPhjqERky87cALY76xwZM1HCu3a5pUqs5sUdstRt88") retry_cnt=1
2026-05-20T11:22:42.684492Z ERROR iota_benchmark: Transaction failed with err: Rpc(Call(ErrorObject { code: ServerError(-32050), message: "Transaction timed out before reaching finality", data: None })) tx_digest=Digest("9APDYYxvi8p4K5vwm8sK7H3j1iP5YZnoPs6hofEkc6ZY") retry_cnt=1
2026-05-20T11:22:42.685319Z ERROR iota_benchmark: Transaction failed with err: Rpc(Call(ErrorObject { code: ServerError(-32050), message: "Transaction timed out before reaching finality", data: None })) tx_digest=Digest("6e47v9ftsBG6MVUjPZUkQ9UQ3mnPJ7mKU1XVHBmELdEk") retry_cnt=1
2026-05-20T11:22:42.686628Z ERROR iota_benchmark: Transaction failed with err: Rpc(Call(ErrorObject { code: ServerError(-32050), message: "Transaction timed out before reaching finality", data: None })) tx_digest=Digest("8TAu7VGQu1QRZ5mLP9n8FnCDAiFxJweUscWYb94KQvH1") retry_cnt=1
2026-05-20T11:22:42.692038Z ERROR iota_benchmark: Transaction failed with err: Rpc(Call(ErrorObject { code: ServerError(-32050), message: "Transaction timed out before reaching finality", data: None })) tx_digest=Digest("5Jcj4bPwTLXdpnGsnaaKA8rce6f5AvmTypLsSxTpaZTN") retry_cnt=1
2026-05-20T11:22:42.718001Z ERROR iota_benchmark: Transaction failed with err: Rpc(Call(ErrorObject { code: ServerError(-32050), message: "Transaction timed out before reaching finality", data: None })) tx_digest=Digest("9dn7CUbSJyEE8FXszCajY6xns3WaC1BJfT4YNH9hjRqG") retry_cnt=1
2026-05-20T11:22:42.735374Z ERROR iota_benchmark: Transaction failed with err: Rpc(Call(ErrorObject { code: ServerError(-32050), message: "Transaction timed out before reaching finality", data: None })) tx_digest=Digest("GEHYRFVS3uAESNYDZFycwrRhYpNGrpwpHssYSqVxanhG") retry_cnt=1
2026-05-20T11:22:42.738398Z ERROR iota_benchmark: Transaction failed with err: Rpc(Call(ErrorObject { code: ServerError(-32050), message: "Transaction timed out before reaching finality", data: None })) tx_digest=Digest("YKhLTpVJwrvQ3o7oTLuLQ4EqUsuC3C7nLHLunXEafTL") retry_cnt=1
2026-05-20T11:22:42.760676Z ERROR iota_benchmark: Transaction failed with err: Rpc(Call(ErrorObject { code: ServerError(-32050), message: "Transaction timed out before reaching finality", data: None })) tx_digest=Digest("5oUBpevbhZgLQcgupo73R8YawCHH4WGyJNuFTFkrvuZF") retry_cnt=1
2026-05-20T11:22:42.763069Z ERROR iota_benchmark: Transaction failed with err: Rpc(Call(ErrorObject { code: ServerError(-32050), message: "Transaction timed out before reaching finality", data: None })) tx_digest=Digest("GhJf8nQdmtZs6tSgU46ktLYugqcoS9LCENyiZUcBx1e2") retry_cnt=1
2026-05-20T11:22:42.766838Z ERROR iota_benchmark: Transaction failed with err: Rpc(Call(ErrorObject { code: ServerError(-32050), message: "Transaction timed out before reaching finality", data: None })) tx_digest=Digest("AjTBVb7EkFk8hCoMumqdasZhPLC5RJmLvbp9akd8aw97") retry_cnt=1
2026-05-20T11:22:42.767052Z ERROR iota_benchmark: Transaction failed with err: Rpc(Call(ErrorObject { code: ServerError(-32050), message: "Transaction timed out before reaching finality", data: None })) tx_digest=Digest("Ay1KGYgZPKxzfXQGCVDGYv2JjAVPVKiagypPccV6hBKs") retry_cnt=1
2026-05-20T11:22:42.767166Z ERROR iota_benchmark: Transaction failed with err: Rpc(Call(ErrorObject { code: ServerError(-32050), message: "Transaction timed out before reaching finality", data: None })) tx_digest=Digest("2jCw9mnA9NGowXjhqT7Mw8Fgr48MBjEuNSoBjBcYDVJ1") retry_cnt=1
2026-05-20T11:22:42.837559Z ERROR iota_benchmark: Transaction failed with err: Rpc(Call(ErrorObject { code: ServerError(-32050), message: "Transaction timed out before reaching finality", data: None })) tx_digest=Digest("35uP8NvnUsHCMBCvVHgSsqaAMRS5VqiJQS3DyYZK9WLm") retry_cnt=1
2026-05-20T11:22:42.837572Z ERROR iota_benchmark: Transaction failed with err: Rpc(Call(ErrorObject { code: ServerError(-32050), message: "Transaction timed out before reaching finality", data: None })) tx_digest=Digest("Spq4HD49BwKZ1M91CA8VmTtkpSdGdQXUzJLYVvoj7jM") retry_cnt=1
2026-05-20T11:22:42.855081Z ERROR iota_benchmark: Transaction failed with err: Rpc(Call(ErrorObject { code: ServerError(-32050), message: "Transaction timed out before reaching finality", data: None })) tx_digest=Digest("31HvpqeWLb1Eq1hbdi9gwUJ7DCkgn4ayHS9AfYNAjc12") retry_cnt=1
2026-05-20T11:22:42.856920Z ERROR iota_benchmark: Transaction failed with err: Rpc(Call(ErrorObject { code: ServerError(-32050), message: "Transaction timed out before reaching finality", data: None })) tx_digest=Digest("5h7jdoYBm4JCJHEuruFP3okGVRtptiYPoosk84CECj9f") retry_cnt=1
2026-05-20T11:22:42.859035Z ERROR iota_benchmark: Transaction failed with err: Rpc(Call(ErrorObject { code: ServerError(-32050), message: "Transaction timed out before reaching finality", data: None })) tx_digest=Digest("H3jePYQzZZV67ksssdArT2BaTLujPb4LUtS5r725jR8y") retry_cnt=1
2026-05-20T11:22:42.861733Z ERROR iota_benchmark: Transaction failed with err: Rpc(Call(ErrorObject { code: ServerError(-32050), message: "Transaction timed out before reaching finality", data: None })) tx_digest=Digest("6ScgWd3Pk3V8MpLA8fpaVPQSZHqd21KaHg21CXAvxxmD") retry_cnt=1
2026-05-20T11:22:42.867537Z ERROR iota_benchmark: Transaction failed with err: Rpc(Call(ErrorObject { code: ServerError(-32050), message: "Transaction timed out before reaching finality", data: None })) tx_digest=Digest("E33v7P91HGz9qMJdUDGcHNpBCgB7bvZruMfAHFyFTb9r") retry_cnt=1
2026-05-20T11:22:42.910685Z ERROR iota_benchmark: Transaction failed with err: Rpc(Call(ErrorObject { code: ServerError(-32050), message: "Transaction timed out before reaching finality", data: None })) tx_digest=Digest("CfKwqHpjBSnE2TWSeaT3TYQ9hXK3cVxTQGD9nqtQkqcp") retry_cnt=1
2026-05-20T11:22:42.980092Z ERROR iota_benchmark: Transaction failed with err: Rpc(Call(ErrorObject { code: ServerError(-32050), message: "Transaction timed out before reaching finality", data: None })) tx_digest=Digest("GpNaaPWHnGqBs9v6z6ep7LDg9BUieAq1niFdcfGeK4vo") retry_cnt=1
2026-05-20T11:22:42.982505Z ERROR iota_benchmark: Transaction failed with err: Rpc(Call(ErrorObject { code: ServerError(-32050), message: "Transaction timed out before reaching finality", data: None })) tx_digest=Digest("GXvLr4Bvs3GWo48Wcrp135398HjAE7JQL1X44WwazUZT") retry_cnt=1
2026-05-20T11:22:42.990004Z ERROR iota_benchmark: Transaction failed with err: Rpc(Call(ErrorObject { code: ServerError(-32050), message: "Transaction timed out before reaching finality", data: None })) tx_digest=Digest("HB4mX2EbSbZCPqTjpc7Ke6PkGwYPdCLVsAFrB1FwLmb9") retry_cnt=1
2026-05-20T11:22:43.027280Z ERROR iota_benchmark: Transaction failed with err: Rpc(Call(ErrorObject { code: ServerError(-32050), message: "Transaction timed out before reaching finality", data: None })) tx_digest=Digest("Abeu6tP7Fh47DACvm4BdHusAi2S42eKtj2DxU3BzZd5C") retry_cnt=1
2026-05-20T11:22:43.030011Z ERROR iota_benchmark: Transaction failed with err: Rpc(Call(ErrorObject { code: ServerError(-32050), message: "Transaction timed out before reaching finality", data: None })) tx_digest=Digest("5KLQDyt3ntBhNowy6edq1wNrD6YGL8bJ3CcmW8PeVTgY") retry_cnt=1
2026-05-20T11:22:43.051895Z ERROR iota_benchmark: Transaction failed with err: Rpc(Call(ErrorObject { code: ServerError(-32050), message: "Transaction timed out before reaching finality", data: None })) tx_digest=Digest("7pUZZ7sfNjP5em1S1deSQrSZ7nJTVEWGF2jvZQBLEdEs") retry_cnt=1
2026-05-20T11:22:43.052074Z ERROR iota_benchmark: Transaction failed with err: Rpc(Call(ErrorObject { code: ServerError(-32050), message: "Transaction timed out before reaching finality", data: None })) tx_digest=Digest("8y5qZqAzFWBfsHqBNXoYtYPwQ5hMnE8NEXbEvCXq4i2c") retry_cnt=1
2026-05-20T11:22:43.083891Z ERROR iota_benchmark: Transaction failed with err: Rpc(Call(ErrorObject { code: ServerError(-32050), message: "Transaction timed out before reaching finality", data: None })) tx_digest=Digest("FGk3ZLEshy6yyEKqxRh1vwkJRH4cvrzyeJXXPq2TeaqX") retry_cnt=1
2026-05-20T11:22:43.142366Z ERROR iota_benchmark: Transaction failed with err: Rpc(Call(ErrorObject { code: ServerError(-32050), message: "Transaction timed out before reaching finality", data: None })) tx_digest=Digest("HyX7a85QQPQ2iLUdC9wtfk5SaYYu4hw7nBPeeJcn9Zvu") retry_cnt=1
2026-05-20T11:22:43.142580Z ERROR iota_benchmark: Transaction failed with err: Rpc(Call(ErrorObject { code: ServerError(-32050), message: "Transaction timed out before reaching finality", data: None })) tx_digest=Digest("5SnZ8auxQzMsC1npKo2KLcm8BfTcZpWYupz4mai866iP") retry_cnt=1
2026-05-20T11:22:43.167051Z ERROR iota_benchmark: Transaction failed with err: Rpc(Call(ErrorObject { code: ServerError(-32050), message: "Transaction timed out before reaching finality", data: None })) tx_digest=Digest("H97cawaBXfCdd1tJL8hmuSs99JYuYDLgHmtzhHMgfjy2") retry_cnt=1
2026-05-20T11:22:43.175636Z ERROR iota_benchmark: Transaction failed with err: Rpc(Call(ErrorObject { code: ServerError(-32050), message: "Transaction timed out before reaching finality", data: None })) tx_digest=Digest("5XjUTiU358GvkxsGNNeaTXbiEBN1Y1dEw3Dter6Mk7uc") retry_cnt=1
2026-05-20T11:22:43.177179Z ERROR iota_benchmark: Transaction failed with err: Rpc(Call(ErrorObject { code: ServerError(-32050), message: "Transaction timed out before reaching finality", data: None })) tx_digest=Digest("BntECA55MAbkKqHgbvTkGE2fTawCtRd2TKaA4rEMD2Nn") retry_cnt=1
2026-05-20T11:22:43.194651Z ERROR iota_benchmark: Transaction failed with err: Rpc(Call(ErrorObject { code: ServerError(-32050), message: "Transaction timed out before reaching finality", data: None })) tx_digest=Digest("GMaELUGGBpWxV1ZLDpB8cMc1Xrfyxo7QskGMw8p7pXM1") retry_cnt=1
2026-05-20T11:22:43.205640Z ERROR iota_benchmark: Transaction failed with err: Rpc(Call(ErrorObject { code: ServerError(-32050), message: "Transaction timed out before reaching finality", data: None })) tx_digest=Digest("9SktpTinPZLxK3A8uWFanthpUin3SS1eaS2b5AM8oohw") retry_cnt=1
2026-05-20T11:22:43.210724Z ERROR iota_benchmark: Transaction failed with err: Rpc(Call(ErrorObject { code: ServerError(-32050), message: "Transaction timed out before reaching finality", data: None })) tx_digest=Digest("3F2HMPJmposzMdx7Z6a4bpLfgm4RxAjJUhUMqXqAGzpD") retry_cnt=1
2026-05-20T11:22:43.212849Z ERROR iota_benchmark: Transaction failed with err: Rpc(Call(ErrorObject { code: ServerError(-32050), message: "Transaction timed out before reaching finality", data: None })) tx_digest=Digest("FDBMKaRRH239duHCV3q1nWgKiY1LyJZsd9dGfGhTSu6z") retry_cnt=1
2026-05-20T11:22:43.213135Z ERROR iota_benchmark: Transaction failed with err: Rpc(Call(ErrorObject { code: ServerError(-32050), message: "Transaction timed out before reaching finality", data: None })) tx_digest=Digest("GL7XcWA3UXAtc1mcE3SCs2jNGf72J93mhUcTLXFpouxR") retry_cnt=1
2026-05-20T11:22:43.213729Z ERROR iota_benchmark: Transaction failed with err: Rpc(Call(ErrorObject { code: ServerError(-32050), message: "Transaction timed out before reaching finality", data: None })) tx_digest=Digest("GidSKcjb7a2oHsJyDhLE5VnJPbgwngBpziYWDoGsLb11") retry_cnt=1
2026-05-20T11:22:43.215893Z ERROR iota_benchmark: Transaction failed with err: Rpc(Call(ErrorObject { code: ServerError(-32050), message: "Transaction timed out before reaching finality", data: None })) tx_digest=Digest("4yv5dd5Vbh1wAmEFcijPHu1NJBF6BK6mQxsgSkVq63BW") retry_cnt=1
2026-05-20T11:22:43.245523Z ERROR iota_benchmark: Transaction failed with err: Rpc(Call(ErrorObject { code: ServerError(-32050), message: "Transaction timed out before reaching finality", data: None })) tx_digest=Digest("3D2v8g4BhRqzt7ta2io8eZrdjz7UDqjLeU4GQeUJDWK8") retry_cnt=1
2026-05-20T11:22:43.245669Z ERROR iota_benchmark: Transaction failed with err: Rpc(Call(ErrorObject { code: ServerError(-32050), message: "Transaction timed out before reaching finality", data: None })) tx_digest=Digest("GxTcwnJuqa95oeTTf9pBD5aM8r9thTHN8a4kkie4krcF") retry_cnt=1
2026-05-20T11:22:43.250850Z ERROR iota_benchmark: Transaction failed with err: Rpc(Call(ErrorObject { code: ServerError(-32050), message: "Transaction timed out before reaching finality", data: None })) tx_digest=Digest("HKjYYSXq7w6agjuKgc2zQkDhWzpgwZbugzzgJmjxLKzt") retry_cnt=1
2026-05-20T11:22:43.279104Z ERROR iota_benchmark: Transaction failed with err: Rpc(Call(ErrorObject { code: ServerError(-32050), message: "Transaction timed out before reaching finality", data: None })) tx_digest=Digest("emtLzvr599RT48osMfdVo4aaMffhwDxtGJcAHbsQ83J") retry_cnt=1
2026-05-20T11:22:43.295866Z ERROR iota_benchmark: Transaction failed with err: Rpc(Call(ErrorObject { code: ServerError(-32050), message: "Transaction timed out before reaching finality", data: None })) tx_digest=Digest("E3ov5zK8BwEDyrGgFP1Rz2SDctobe3euYR53ncmJGUh8") retry_cnt=1
2026-05-20T11:22:43.295976Z ERROR iota_benchmark: Transaction failed with err: Rpc(Call(ErrorObject { code: ServerError(-32050), message: "Transaction timed out before reaching finality", data: None })) tx_digest=Digest("B15DueFVdZTDXs24fHmPRinU9x6ok6bzG96iok8qteqx") retry_cnt=1
2026-05-20T11:22:43.304760Z ERROR iota_benchmark: Transaction failed with err: Rpc(Call(ErrorObject { code: ServerError(-32050), message: "Transaction timed out before reaching finality", data: None })) tx_digest=Digest("BptkghEevSUJPPGCwHgDC3o7HQmSnoZjvdz9PYEwyomF") retry_cnt=1
2026-05-20T11:22:43.313938Z ERROR iota_benchmark: Transaction failed with err: Rpc(Call(ErrorObject { code: ServerError(-32050), message: "Transaction timed out before reaching finality", data: None })) tx_digest=Digest("FAxsqaXa4o9k45L5f1871ZbRtGkdFWbxgbcDbbzNtv81") retry_cnt=1
2026-05-20T11:22:43.320674Z ERROR iota_benchmark: Transaction failed with err: Rpc(Call(ErrorObject { code: ServerError(-32050), message: "Transaction timed out before reaching finality", data: None })) tx_digest=Digest("44tcxXBECpTCbYQehiZFNKyZayX2Ue9zJjLidyAt1Xb6") retry_cnt=1
2026-05-20T11:22:43.320797Z ERROR iota_benchmark: Transaction failed with err: Rpc(Call(ErrorObject { code: ServerError(-32050), message: "Transaction timed out before reaching finality", data: None })) tx_digest=Digest("4jj5ePvhfedjG3ycaywSYf3yPT56qzMkJv7f3vHxpzxq") retry_cnt=1
2026-05-20T11:22:43.323881Z ERROR iota_benchmark: Transaction failed with err: Rpc(Call(ErrorObject { code: ServerError(-32050), message: "Transaction timed out before reaching finality", data: None })) tx_digest=Digest("CwwJjqT2CVDJrLyAjD5riX7zdfRkZaStXwrEHARmwaKv") retry_cnt=1
2026-05-20T11:22:43.333115Z ERROR iota_benchmark: Transaction failed with err: Rpc(Call(ErrorObject { code: ServerError(-32050), message: "Transaction timed out before reaching finality", data: None })) tx_digest=Digest("5yeQzon5ozVxztz23zmGim3tw1m23CBX4i6vPDS3CEYZ") retry_cnt=1
2026-05-20T11:22:43.339733Z ERROR iota_benchmark: Transaction failed with err: Rpc(Call(ErrorObject { code: ServerError(-32050), message: "Transaction timed out before reaching finality", data: None })) tx_digest=Digest("4JDPDkXgVfW9dBHz7gGkkekpCuNrLYVFe2h9aB3ezZwq") retry_cnt=1
2026-05-20T11:22:43.365532Z ERROR iota_benchmark: Transaction failed with err: Rpc(Call(ErrorObject { code: ServerError(-32050), message: "Transaction timed out before reaching finality", data: None })) tx_digest=Digest("12XwEiHjLf5gtp6td59mrFKSFi3aGL3YWcuxfsJemHVP") retry_cnt=1
2026-05-20T11:22:43.368322Z ERROR iota_benchmark: Transaction failed with err: Rpc(Call(ErrorObject { code: ServerError(-32050), message: "Transaction timed out before reaching finality", data: None })) tx_digest=Digest("2AbkhgLPZHKMjBXiPjU9cxHRa3L7KHazEtP1TH2EzJQP") retry_cnt=1
2026-05-20T11:22:43.383340Z ERROR iota_benchmark: Transaction failed with err: Rpc(Call(ErrorObject { code: ServerError(-32050), message: "Transaction timed out before reaching finality", data: None })) tx_digest=Digest("5cQTsP83cvsKAmwvEgsd2LJzC3cq5wUzYLFhnf4Tyxpw") retry_cnt=1
2026-05-20T11:22:43.394030Z ERROR iota_benchmark: Transaction failed with err: Rpc(Call(ErrorObject { code: ServerError(-32050), message: "Transaction timed out before reaching finality", data: None })) tx_digest=Digest("5F7ojcf4zTk12BYCkFezpDqXAcS3qmw7R3DXrWz5hbZt") retry_cnt=1
2026-05-20T11:22:43.394888Z ERROR iota_benchmark: Transaction failed with err: Rpc(Call(ErrorObject { code: ServerError(-32050), message: "Transaction timed out before reaching finality", data: None })) tx_digest=Digest("8L2Twig4ZSXNp9pDy1fU5vKbRoPjyJK6eA9uVFzL69eM") retry_cnt=1
2026-05-20T11:22:43.420000Z ERROR iota_benchmark: Transaction failed with err: Rpc(Call(ErrorObject { code: ServerError(-32050), message: "Transaction timed out before reaching finality", data: None })) tx_digest=Digest("7zYfVDQzFWdTtqS8LArCnx6DnDQL3zqR1FVtn52CmC63") retry_cnt=1
2026-05-20T11:22:43.440379Z ERROR iota_benchmark: Transaction failed with err: Rpc(Call(ErrorObject { code: ServerError(-32050), message: "Transaction timed out before reaching finality", data: None })) tx_digest=Digest("HfJhYEterneeYvz6qqkJwMsvZ583zn8V6R8kEv4dMZW3") retry_cnt=1
2026-05-20T11:22:43.440570Z ERROR iota_benchmark: Transaction failed with err: Rpc(Call(ErrorObject { code: ServerError(-32050), message: "Transaction timed out before reaching finality", data: None })) tx_digest=Digest("EwiEqRLFLpX95aBjyoeTstkTGowPMRrRTZjiUjzJugwV") retry_cnt=1
2026-05-20T11:22:43.440781Z ERROR iota_benchmark: Transaction failed with err: Rpc(Call(ErrorObject { code: ServerError(-32050), message: "Transaction timed out before reaching finality", data: None })) tx_digest=Digest("6pR4uTDA77Bc6dGpSc59KfP3YaENygD5khh5Hk4XNij3") retry_cnt=1
2026-05-20T11:22:43.440946Z ERROR iota_benchmark: Transaction failed with err: Rpc(Call(ErrorObject { code: ServerError(-32050), message: "Transaction timed out before reaching finality", data: None })) tx_digest=Digest("3w1uvaGa1HvTC5ztR3sqzUsVjQ7oHs1EfsC5bX6DdKPK") retry_cnt=1
2026-05-20T11:22:43.446028Z ERROR iota_benchmark: Transaction failed with err: Rpc(Call(ErrorObject { code: ServerError(-32050), message: "Transaction timed out before reaching finality", data: None })) tx_digest=Digest("Bwah78DWKWa8d8GDZUTwLurznHgQ89txKgdw14b6LCX5") retry_cnt=1
2026-05-20T11:22:43.452474Z ERROR iota_benchmark: Transaction failed with err: Rpc(Call(ErrorObject { code: ServerError(-32050), message: "Transaction timed out before reaching finality", data: None })) tx_digest=Digest("5ANQ18eXoHdC4UW688A5ognBjdoq61x8mAPkLdaUhffp") retry_cnt=1
2026-05-20T11:22:43.452558Z ERROR iota_benchmark: Transaction failed with err: Rpc(Call(ErrorObject { code: ServerError(-32050), message: "Transaction timed out before reaching finality", data: None })) tx_digest=Digest("6bw1Nv1E6RauhknJvQCnMp3pmK7En7pfFv5gJT44d9BG") retry_cnt=1
2026-05-20T11:22:43.468427Z ERROR iota_benchmark: Transaction failed with err: Rpc(Call(ErrorObject { code: ServerError(-32050), message: "Transaction timed out before reaching finality", data: None })) tx_digest=Digest("qYFRnHETZV1MpXtQn3rdcv7uaByyKn4ZbeZ2oLPsLxh") retry_cnt=1
2026-05-20T11:22:43.470174Z ERROR iota_benchmark: Transaction failed with err: Rpc(Call(ErrorObject { code: ServerError(-32050), message: "Transaction timed out before reaching finality", data: None })) tx_digest=Digest("EJmwJFZAbTTW39poYS2eX4je3ACVnrfbw2KkVHxsNE6b") retry_cnt=1
2026-05-20T11:22:43.474348Z ERROR iota_benchmark: Transaction failed with err: Rpc(Call(ErrorObject { code: ServerError(-32050), message: "Transaction timed out before reaching finality", data: None })) tx_digest=Digest("dJS5KbdZGme6vEmC6zNtyJGQcKfzHY4PPiXP35Y7rSy") retry_cnt=1
2026-05-20T11:22:43.499220Z ERROR iota_benchmark: Transaction failed with err: Rpc(Call(ErrorObject { code: ServerError(-32050), message: "Transaction timed out before reaching finality", data: None })) tx_digest=Digest("H4a4CngX7tJPJzZSxMvQ21PPaoeVHVyjyi2DVBxKoPyG") retry_cnt=1
2026-05-20T11:22:43.500070Z ERROR iota_benchmark: Transaction failed with err: Rpc(Call(ErrorObject { code: ServerError(-32050), message: "Transaction timed out before reaching finality", data: None })) tx_digest=Digest("4KPRkmvTD25B5NNNWinyUhWE7DU2BvxQ7Rzs7noB9ynw") retry_cnt=1
2026-05-20T11:22:43.509858Z ERROR iota_benchmark: Transaction failed with err: Rpc(Call(ErrorObject { code: ServerError(-32050), message: "Transaction timed out before reaching finality", data: None })) tx_digest=Digest("EUp5J8tAN31PBxRvY3HWzV68L4uN3azEXTsLd4MRfNfP") retry_cnt=1
2026-05-20T11:22:43.514611Z ERROR iota_benchmark: Transaction failed with err: Rpc(Call(ErrorObject { code: ServerError(-32050), message: "Transaction timed out before reaching finality", data: None })) tx_digest=Digest("CXtFWuudxXpEVWafm1eQskGj4e1HkmdVoP9DdPuVFWNx") retry_cnt=1
2026-05-20T11:22:43.520677Z ERROR iota_benchmark: Transaction failed with err: Rpc(Call(ErrorObject { code: ServerError(-32050), message: "Transaction timed out before reaching finality", data: None })) tx_digest=Digest("6UtxsoqsJZqc7ZCKRhvSyEmmeV5WizTfwWbTh46sWQJP") retry_cnt=1
2026-05-20T11:22:43.520677Z ERROR iota_benchmark: Transaction failed with err: Rpc(Call(ErrorObject { code: ServerError(-32050), message: "Transaction timed out before reaching finality", data: None })) tx_digest=Digest("D9MwWMZdoZ856UH4ta2ZbpjxUSqnr3e85jihV4ma5M5k") retry_cnt=1
2026-05-20T11:22:43.520926Z ERROR iota_benchmark: Transaction failed with err: Rpc(Call(ErrorObject { code: ServerError(-32050), message: "Transaction timed out before reaching finality", data: None })) tx_digest=Digest("2vxirCaf6XWnqRz2BBsQVEbCi8zoEwXh6rNy9YcGQ3MJ") retry_cnt=1
2026-05-20T11:22:43.540326Z ERROR iota_benchmark: Transaction failed with err: Rpc(Call(ErrorObject { code: ServerError(-32050), message: "Transaction timed out before reaching finality", data: None })) tx_digest=Digest("5dLkD65ocGez6UHqNrVw8oRz6JsELDkfCDLiskbU26LU") retry_cnt=1
2026-05-20T11:22:43.549915Z ERROR iota_benchmark: Transaction failed with err: Rpc(Call(ErrorObject { code: ServerError(-32050), message: "Transaction timed out before reaching finality", data: None })) tx_digest=Digest("F4A9ANT4WKmCt7TmvSMT7sCJLRuHNFCGTAVr1hP8bZeC") retry_cnt=1
2026-05-20T11:22:43.549959Z ERROR iota_benchmark: Transaction failed with err: Rpc(Call(ErrorObject { code: ServerError(-32050), message: "Transaction timed out before reaching finality", data: None })) tx_digest=Digest("FKhiBMH83AchuLqnRayReQecR5fkrkzGts2KXtKRKaga") retry_cnt=1
2026-05-20T11:22:43.561890Z ERROR iota_benchmark: Transaction failed with err: Rpc(Call(ErrorObject { code: ServerError(-32050), message: "Transaction timed out before reaching finality", data: None })) tx_digest=Digest("AqgNFtYUFP9Nj3tfb9NpspECUGtTbG8aowZT9wHe3KRf") retry_cnt=1
2026-05-20T11:22:43.561888Z ERROR iota_benchmark: Transaction failed with err: Rpc(Call(ErrorObject { code: ServerError(-32050), message: "Transaction timed out before reaching finality", data: None })) tx_digest=Digest("4AAA8jnqCJK5ZDy7KmW7ii5i1SHqPupMFnypAcxjngjn") retry_cnt=1
2026-05-20T11:22:43.567375Z ERROR iota_benchmark: Transaction failed with err: Rpc(Call(ErrorObject { code: ServerError(-32050), message: "Transaction timed out before reaching finality", data: None })) tx_digest=Digest("HkR1ua6WvcUosgpmmzicJ1cmtsE6C93Hb22KdthXR7mF") retry_cnt=1
2026-05-20T11:22:43.572463Z ERROR iota_benchmark: Transaction failed with err: Rpc(Call(ErrorObject { code: ServerError(-32050), message: "Transaction timed out before reaching finality", data: None })) tx_digest=Digest("DLEPFg6cfwRTnpZCGtKoHk3gc9n3a7C3MujoERhB6zy3") retry_cnt=1
2026-05-20T11:22:43.573219Z ERROR iota_benchmark: Transaction failed with err: Rpc(Call(ErrorObject { code: ServerError(-32050), message: "Transaction timed out before reaching finality", data: None })) tx_digest=Digest("139K1J3vaGPzRKWqZCuERSphQuG7N38eNvfNKmErCtXy") retry_cnt=1
2026-05-20T11:22:43.639713Z ERROR iota_benchmark: Transaction failed with err: Rpc(Call(ErrorObject { code: ServerError(-32050), message: "Transaction timed out before reaching finality", data: None })) tx_digest=Digest("6Y9aLnuoNKgzRW8M5R1TbTrUgTpUF5UiPsRoEdDCCQZu") retry_cnt=1
2026-05-20T11:22:43.640649Z ERROR iota_benchmark: Transaction failed with err: Rpc(Call(ErrorObject { code: ServerError(-32050), message: "Transaction timed out before reaching finality", data: None })) tx_digest=Digest("EJ49EVxJTf6uMEVs9quxpBmwve8P4QMcWvxw5NFBTPFx") retry_cnt=1
2026-05-20T11:22:43.724886Z ERROR iota_benchmark: Transaction failed with err: Rpc(Call(ErrorObject { code: ServerError(-32050), message: "Transaction timed out before reaching finality", data: None })) tx_digest=Digest("2PAHdArRXrZCCS7NCgpoKF69mEqWv145jEShytwCqJHS") retry_cnt=1
2026-05-20T11:22:43.727005Z ERROR iota_benchmark: Transaction failed with err: Rpc(Call(ErrorObject { code: ServerError(-32050), message: "Transaction timed out before reaching finality", data: None })) tx_digest=Digest("dQCiVhcJrkrn9FSJK8cNbfC2AAJ96q2CSkxbXkVruKZ") retry_cnt=1
2026-05-20T11:22:43.737624Z ERROR iota_benchmark: Transaction failed with err: Rpc(Call(ErrorObject { code: ServerError(-32050), message: "Transaction timed out before reaching finality", data: None })) tx_digest=Digest("2TZYHBoi1aSwfa1sKhoZvLLZW3W7UpH8nXuKjgTCAy38") retry_cnt=1
2026-05-20T11:22:43.740337Z ERROR iota_benchmark: Transaction failed with err: Rpc(Call(ErrorObject { code: ServerError(-32050), message: "Transaction timed out before reaching finality", data: None })) tx_digest=Digest("8krAs7WTnj999zhrAfD2pCmYCrLTLJy8gcJhfHBuA4mb") retry_cnt=1
2026-05-20T11:22:43.747591Z ERROR iota_benchmark: Transaction failed with err: Rpc(Call(ErrorObject { code: ServerError(-32050), message: "Transaction timed out before reaching finality", data: None })) tx_digest=Digest("CvakS15R46VxqRuekKtZ1rFcwcckJ8CJYBXpdEdmG4hE") retry_cnt=1
2026-05-20T11:22:43.808225Z ERROR iota_benchmark: Transaction failed with err: Rpc(Call(ErrorObject { code: ServerError(-32050), message: "Transaction timed out before reaching finality", data: None })) tx_digest=Digest("56xaCdiYBxf1x8SH4yq3QCbi32Ca1dns4EKKYuy3p4UP") retry_cnt=1
2026-05-20T11:22:43.808841Z ERROR iota_benchmark: Transaction failed with err: Rpc(Call(ErrorObject { code: ServerError(-32050), message: "Transaction timed out before reaching finality", data: None })) tx_digest=Digest("9UYBzb7tmZyo6S7WovGtT4LTVkVuxqcTdhM4D7ab57ut") retry_cnt=1
2026-05-20T11:22:43.816735Z ERROR iota_benchmark: Transaction failed with err: Rpc(Call(ErrorObject { code: ServerError(-32050), message: "Transaction timed out before reaching finality", data: None })) tx_digest=Digest("7zUJNPD2wUuiVYEa2aXCVQrr54zeEmrEBUJ76rrTXCXX") retry_cnt=1
2026-05-20T11:22:43.878239Z ERROR iota_benchmark: Transaction failed with err: Rpc(Call(ErrorObject { code: ServerError(-32050), message: "Transaction timed out before reaching finality", data: None })) tx_digest=Digest("9yFHYq5Nwn5byq1zKjydV3Dmw3upXSVdeGDqGApejjXg") retry_cnt=1
2026-05-20T11:22:43.879042Z ERROR iota_benchmark: Transaction failed with err: Rpc(Call(ErrorObject { code: ServerError(-32050), message: "Transaction timed out before reaching finality", data: None })) tx_digest=Digest("56UPZNcxxVwwXsF6EuDoum7EUMeyTBaPG3VZi1VcDLQj") retry_cnt=1
2026-05-20T11:22:43.925663Z ERROR iota_benchmark: Transaction failed with err: Rpc(Call(ErrorObject { code: ServerError(-32050), message: "Transaction timed out before reaching finality", data: None })) tx_digest=Digest("4ibGivYFGQkYUaHFbGDN7PRw8p4BA2fiffhgcubojYY8") retry_cnt=1
2026-05-20T11:22:43.933013Z ERROR iota_benchmark: Transaction failed with err: Rpc(Call(ErrorObject { code: ServerError(-32050), message: "Transaction timed out before reaching finality", data: None })) tx_digest=Digest("JAUCR2ADpVTdzGMPLuej3AnpVLKKifFfHYkWYZ1YXVfZ") retry_cnt=1
2026-05-20T11:22:43.969292Z ERROR iota_benchmark: Transaction failed with err: Rpc(Call(ErrorObject { code: ServerError(-32050), message: "Transaction timed out before reaching finality", data: None })) tx_digest=Digest("BeBez4uMxpbmJPuUonoGhRkPuPL6SUHcLXDmmCDWJWg1") retry_cnt=1
2026-05-20T11:22:43.970297Z ERROR iota_benchmark: Transaction failed with err: Rpc(Call(ErrorObject { code: ServerError(-32050), message: "Transaction timed out before reaching finality", data: None })) tx_digest=Digest("5tbmf7czCdprzDzMBZ4oiLGrvKt73C3HJ4bswDMBmju8") retry_cnt=1
2026-05-20T11:22:43.975940Z ERROR iota_benchmark: Transaction failed with err: Rpc(Call(ErrorObject { code: ServerError(-32050), message: "Transaction timed out before reaching finality", data: None })) tx_digest=Digest("4rkbouZ8KTqR9ymQgQF6ECHETj33E5ynyaNohWkabycZ") retry_cnt=1
2026-05-20T11:22:44.002585Z ERROR iota_benchmark: Transaction failed with err: Rpc(Call(ErrorObject { code: ServerError(-32050), message: "Transaction timed out before reaching finality", data: None })) tx_digest=Digest("4qGqnuYh7hBD4pTFC6m6QJdeh7psfcdgyH8yQ5tkq797") retry_cnt=1
2026-05-20T11:22:44.002735Z ERROR iota_benchmark: Transaction failed with err: Rpc(Call(ErrorObject { code: ServerError(-32050), message: "Transaction timed out before reaching finality", data: None })) tx_digest=Digest("HDguawWtTvwW2LBEsbXGhTqaGsTkuapKJifkcEzLUjhe") retry_cnt=1
2026-05-20T11:22:44.010320Z ERROR iota_benchmark: Transaction failed with err: Rpc(Call(ErrorObject { code: ServerError(-32050), message: "Transaction timed out before reaching finality", data: None })) tx_digest=Digest("5NvEADVCtn8QxsZnhEQWEGZwHaHf67fgzC3i3eNUFD7B") retry_cnt=1
2026-05-20T11:22:44.030734Z ERROR iota_benchmark: Transaction failed with err: Rpc(Call(ErrorObject { code: ServerError(-32050), message: "Transaction timed out before reaching finality", data: None })) tx_digest=Digest("GiPqy3hXnkiNn2VhbtfhjxKix9xyc1Bw1178zNZbWgZd") retry_cnt=1
2026-05-20T11:22:44.036471Z ERROR iota_benchmark: Transaction failed with err: Rpc(Call(ErrorObject { code: ServerError(-32050), message: "Transaction timed out before reaching finality", data: None })) tx_digest=Digest("8adrmC9VSJnwa6EYcHzKuYPUWfVsrkKLCq6MswVPZqc3") retry_cnt=1
2026-05-20T11:22:44.054550Z ERROR iota_benchmark: Transaction failed with err: Rpc(Call(ErrorObject { code: ServerError(-32050), message: "Transaction timed out before reaching finality", data: None })) tx_digest=Digest("2yUx2z4ZJK34knxLPLWRdUa98K8AiGHrTQZeuLbCac83") retry_cnt=1
2026-05-20T11:22:44.105529Z ERROR iota_benchmark: Transaction failed with err: Rpc(Call(ErrorObject { code: ServerError(-32050), message: "Transaction timed out before reaching finality", data: None })) tx_digest=Digest("4DMdULPFktpG2QPr11xkSUmzkLAFx6fvyPKJeEnyyBUf") retry_cnt=1
2026-05-20T11:22:44.181001Z ERROR iota_benchmark: Transaction failed with err: Rpc(Call(ErrorObject { code: ServerError(-32050), message: "Transaction timed out before reaching finality", data: None })) tx_digest=Digest("47HhGw2K12AmNgdLHoU6AHSQ56fvLu1WmyA9ePzPFYPX") retry_cnt=1
2026-05-20T11:22:44.198321Z ERROR iota_benchmark: Transaction failed with err: Rpc(Call(ErrorObject { code: ServerError(-32050), message: "Transaction timed out before reaching finality", data: None })) tx_digest=Digest("8WgosaDVnAZNQxz8sNuFkpgExnt7SfTFVyaieRCGikSc") retry_cnt=1
2026-05-20T11:22:44.261266Z ERROR iota_benchmark: Transaction failed with err: Rpc(Call(ErrorObject { code: ServerError(-32050), message: "Transaction timed out before reaching finality", data: None })) tx_digest=Digest("D7yhXXXEHG2Vg1Qoos7qxxWvBBNXs6rVuPxmpeq1SbUY") retry_cnt=1
2026-05-20T11:22:44.263016Z ERROR iota_benchmark: Transaction failed with err: Rpc(Call(ErrorObject { code: ServerError(-32050), message: "Transaction timed out before reaching finality", data: None })) tx_digest=Digest("2J4GL5NyE7xWJiqaEEpSkPnocjRdAPbLm9vrcU5bFceb") retry_cnt=1
2026-05-20T11:22:44.290339Z ERROR iota_benchmark: Transaction failed with err: Rpc(Call(ErrorObject { code: ServerError(-32050), message: "Transaction timed out before reaching finality", data: None })) tx_digest=Digest("HYieLQwUtvUNfVrw7XzejE1v1XGa18ovok1bHNhhc8pv") retry_cnt=1
2026-05-20T11:22:44.376652Z ERROR iota_benchmark: Transaction failed with err: Rpc(Call(ErrorObject { code: ServerError(-32050), message: "Transaction timed out before reaching finality", data: None })) tx_digest=Digest("CCMwba3cBSJVUydBTMQTSLjAmChog8tVRowCkpdi5JzC") retry_cnt=1
2026-05-20T11:22:44.543710Z ERROR iota_benchmark: Transaction failed with err: Rpc(Call(ErrorObject { code: ServerError(-32050), message: "Transaction timed out before reaching finality", data: None })) tx_digest=Digest("5iH5qBPLw7EZKcqr7o4LhGuqGG6XzjkRBnRmZBbk6xYb") retry_cnt=1
2026-05-20T11:22:44.555273Z ERROR iota_benchmark: Transaction failed with err: Rpc(Call(ErrorObject { code: ServerError(-32050), message: "Transaction timed out before reaching finality", data: None })) tx_digest=Digest("2j2QyhqpAuNwLVf4aq6Cua3VNDy1FXxMwetVRzVRVvLS") retry_cnt=1
2026-05-20T11:22:44.573500Z ERROR iota_benchmark: Transaction failed with err: Rpc(Call(ErrorObject { code: ServerError(-32050), message: "Transaction timed out before reaching finality", data: None })) tx_digest=Digest("AaiaU9khaL9frqTrfNXgGFPBg2yJRUieVc6WQAFCpzgN") retry_cnt=1
2026-05-20T11:22:44.577356Z ERROR iota_benchmark: Transaction failed with err: Rpc(Call(ErrorObject { code: ServerError(-32050), message: "Transaction timed out before reaching finality", data: None })) tx_digest=Digest("EeYLxSgNDNppY4ohoDpu924nzYsn3SbyRxML7o3GxeWR") retry_cnt=1
2026-05-20T11:22:44.577662Z ERROR iota_benchmark: Transaction failed with err: Rpc(Call(ErrorObject { code: ServerError(-32050), message: "Transaction timed out before reaching finality", data: None })) tx_digest=Digest("DawFqeh3EDPwX5go44BZQUQRmwLzBiBnhwjxLJRqb8nn") retry_cnt=1
2026-05-20T11:22:44.579599Z ERROR iota_benchmark: Transaction failed with err: Rpc(Call(ErrorObject { code: ServerError(-32050), message: "Transaction timed out before reaching finality", data: None })) tx_digest=Digest("AR6nKYdEq8URZK1BHz7mGNT8LMUYAVaeYGZ6XK4b4XWJ") retry_cnt=1
2026-05-20T11:22:44.580238Z ERROR iota_benchmark: Transaction failed with err: Rpc(Call(ErrorObject { code: ServerError(-32050), message: "Transaction timed out before reaching finality", data: None })) tx_digest=Digest("ABUWfjgqa8LjSkkhnDefEbUx5DnTvmVtT687CQh6S2MR") retry_cnt=1
2026-05-20T11:22:44.581210Z ERROR iota_benchmark: Transaction failed with err: Rpc(Call(ErrorObject { code: ServerError(-32050), message: "Transaction timed out before reaching finality", data: None })) tx_digest=Digest("6WqEJXapjmGNwkZjs9KnMpuaLvMtaqfUYeKSCG4xjLUK") retry_cnt=1
2026-05-20T11:22:44.582633Z ERROR iota_benchmark: Transaction failed with err: Rpc(Call(ErrorObject { code: ServerError(-32050), message: "Transaction timed out before reaching finality", data: None })) tx_digest=Digest("Gr51HTiSSWYsnycpbKt1i4L8mhCukL8nUx7VPNS4stfN") retry_cnt=1
2026-05-20T11:22:44.587955Z ERROR iota_benchmark: Transaction failed with err: Rpc(Call(ErrorObject { code: ServerError(-32050), message: "Transaction timed out before reaching finality", data: None })) tx_digest=Digest("DNTj4yj8LacXA8sq7jR7YQcXyLVYyG3UvLuTTeyZBsDP") retry_cnt=1
2026-05-20T11:22:44.588820Z ERROR iota_benchmark: Transaction failed with err: Rpc(Call(ErrorObject { code: ServerError(-32050), message: "Transaction timed out before reaching finality", data: None })) tx_digest=Digest("GDpYr2o7s8AMcBtU6NRUZNarDr7NkhciTHKV2piPxkT8") retry_cnt=1
2026-05-20T11:22:44.609788Z ERROR iota_benchmark: Transaction failed with err: Rpc(Call(ErrorObject { code: ServerError(-32050), message: "Transaction timed out before reaching finality", data: None })) tx_digest=Digest("HVh8pDSCLvpAXXdvSZ1UMuWkb7FhoUBGEBcJ3LxtK3Wu") retry_cnt=1
2026-05-20T11:22:44.632949Z ERROR iota_benchmark: Transaction failed with err: Rpc(Call(ErrorObject { code: ServerError(-32050), message: "Transaction timed out before reaching finality", data: None })) tx_digest=Digest("6jxnEusvV6aLqSc3X1ngqgn22qn4CrZHqN3TqEyELzoC") retry_cnt=1
2026-05-20T11:22:44.690669Z ERROR iota_benchmark: Transaction failed with err: Rpc(Call(ErrorObject { code: ServerError(-32050), message: "Transaction timed out before reaching finality", data: None })) tx_digest=Digest("ATmouTjdSKdJcFyMo4wzJpk1ub2NWojEvbN1nxezVPPD") retry_cnt=1
2026-05-20T11:22:44.691005Z ERROR iota_benchmark: Transaction failed with err: Rpc(Call(ErrorObject { code: ServerError(-32050), message: "Transaction timed out before reaching finality", data: None })) tx_digest=Digest("Fn63mCL4UhZRcQ8TGD9h8o2SjeuNHE4tgg6qrrykB5A9") retry_cnt=1
2026-05-20T11:22:44.828598Z ERROR iota_benchmark: Transaction failed with err: Rpc(Call(ErrorObject { code: ServerError(-32050), message: "Transaction timed out before reaching finality", data: None })) tx_digest=Digest("AL3WAHa4feh5NvRNFhDudQPtvZf1pPeZi5CqtivxdKD4") retry_cnt=1
2026-05-20T11:22:44.830267Z ERROR iota_benchmark: Transaction failed with err: Rpc(Call(ErrorObject { code: ServerError(-32050), message: "Transaction timed out before reaching finality", data: None })) tx_digest=Digest("GFtQTysoX79r158NPj1xFfpH9STHAibExH1qjj1AWkGH") retry_cnt=1
2026-05-20T11:22:45.020644Z ERROR iota_benchmark: Transaction failed with err: Rpc(Call(ErrorObject { code: ServerError(-32050), message: "Transaction timed out before reaching finality", data: None })) tx_digest=Digest("FcMteyy423cSfVK9JJNR9o8wDoDgdXsJSYYDfEHenHhK") retry_cnt=1
2026-05-20T11:22:45.025067Z ERROR iota_benchmark: Transaction failed with err: Rpc(Call(ErrorObject { code: ServerError(-32050), message: "Transaction timed out before reaching finality", data: None })) tx_digest=Digest("BG8ztFB1t8t8Mp66aeLyGDj2AbqFiSxdGSPhDbBL8LVV") retry_cnt=1
2026-05-20T11:22:45.037238Z ERROR iota_benchmark: Transaction failed with err: Rpc(Call(ErrorObject { code: ServerError(-32050), message: "Transaction timed out before reaching finality", data: None })) tx_digest=Digest("Cjrp9FvwRu3veihEs6NCrmNj7w3rTtxxXP3chEBidNnY") retry_cnt=1
2026-05-20T11:22:45.039710Z ERROR iota_benchmark: Transaction failed with err: Rpc(Call(ErrorObject { code: ServerError(-32050), message: "Transaction timed out before reaching finality", data: None })) tx_digest=Digest("3wTuzr77BKhwwp6YRpuRgHPQhnDKxSex3L8yS36BptDR") retry_cnt=1
2026-05-20T11:22:45.040373Z ERROR iota_benchmark: Transaction failed with err: Rpc(Call(ErrorObject { code: ServerError(-32050), message: "Transaction timed out before reaching finality", data: None })) tx_digest=Digest("EjvkcEozSLnirFTrrJS1dndAJAJVZVeWi1RPJ48JbrdT") retry_cnt=1
2026-05-20T11:22:45.040893Z ERROR iota_benchmark: Transaction failed with err: Rpc(Call(ErrorObject { code: ServerError(-32050), message: "Transaction timed out before reaching finality", data: None })) tx_digest=Digest("3wM9G6f92S664jpyycmx2eWTyvwnbV6uFN1CnUMWkiUi") retry_cnt=1
2026-05-20T11:22:45.048081Z ERROR iota_benchmark: Transaction failed with err: Rpc(Call(ErrorObject { code: ServerError(-32050), message: "Transaction timed out before reaching finality", data: None })) tx_digest=Digest("7AZhGpVZbuHuLPPYyLFZ6JyeZrGeW9r4VEMecQAg9h8u") retry_cnt=1
2026-05-20T11:22:45.110810Z ERROR iota_benchmark: Transaction failed with err: Rpc(Call(ErrorObject { code: ServerError(-32050), message: "Transaction timed out before reaching finality", data: None })) tx_digest=Digest("E9RC84fV9S2qKcPL4CKj5FQVrw6dkoxDQsayGnnSwWb6") retry_cnt=1
2026-05-20T11:22:45.150651Z ERROR iota_benchmark: Transaction failed with err: Rpc(Call(ErrorObject { code: ServerError(-32050), message: "Transaction timed out before reaching finality", data: None })) tx_digest=Digest("AYdYi4KuGRf17PWqoqdxwpBLhqCcxNDFahikGrkZ9VTf") retry_cnt=1
2026-05-20T11:22:45.168164Z ERROR iota_benchmark: Transaction failed with err: Rpc(Call(ErrorObject { code: ServerError(-32050), message: "Transaction timed out before reaching finality", data: None })) tx_digest=Digest("AosR1m23tAgxgE5zTjqo1o3q9VH24TsMLTCKwyYizTR3") retry_cnt=1
2026-05-20T11:22:45.174317Z ERROR iota_benchmark: Transaction failed with err: Rpc(Call(ErrorObject { code: ServerError(-32050), message: "Transaction timed out before reaching finality", data: None })) tx_digest=Digest("ZFMrL6XM8M4mczad2xU427g8qBNF4mGnbDNCTGt5qVt") retry_cnt=1
2026-05-20T11:22:45.207080Z ERROR iota_benchmark: Transaction failed with err: Rpc(Call(ErrorObject { code: ServerError(-32050), message: "Transaction timed out before reaching finality", data: None })) tx_digest=Digest("2grDTPRhNkkYPiqj2873RBqWm5en7t6Byh3JZchG3X5x") retry_cnt=1
2026-05-20T11:22:45.210994Z ERROR iota_benchmark: Transaction failed with err: Rpc(Call(ErrorObject { code: ServerError(-32050), message: "Transaction timed out before reaching finality", data: None })) tx_digest=Digest("zydoeuEsmsqsz7KPpm5HDixhQ892DBYpEQredeVtCat") retry_cnt=1
2026-05-20T11:22:45.222910Z ERROR iota_benchmark: Transaction failed with err: Rpc(Call(ErrorObject { code: ServerError(-32050), message: "Transaction timed out before reaching finality", data: None })) tx_digest=Digest("3A53Lwi4fUuGroACayb7EGxvtoDPEFZasyBjFE72WPnz") retry_cnt=1
2026-05-20T11:22:45.225321Z ERROR iota_benchmark: Transaction failed with err: Rpc(Call(ErrorObject { code: ServerError(-32050), message: "Transaction timed out before reaching finality", data: None })) tx_digest=Digest("9f3ATaW2C2VeYubz1mbzXeuS9EQ219ShLx9ZfigZHdqM") retry_cnt=1
2026-05-20T11:22:45.250350Z ERROR iota_benchmark: Transaction failed with err: Rpc(Call(ErrorObject { code: ServerError(-32050), message: "Transaction timed out before reaching finality", data: None })) tx_digest=Digest("3Z99B6YG9jPf69iigE5ZoyswBvSBJ11imgxtqWeD4VCT") retry_cnt=1
2026-05-20T11:22:45.265804Z ERROR iota_benchmark: Transaction failed with err: Rpc(Call(ErrorObject { code: ServerError(-32050), message: "Transaction timed out before reaching finality", data: None })) tx_digest=Digest("3sixNUAezWrRJyC8ChtbD7ShvrN83L2wYXB9dYVE1KU5") retry_cnt=1
2026-05-20T11:22:45.271430Z ERROR iota_benchmark: Transaction failed with err: Rpc(Call(ErrorObject { code: ServerError(-32050), message: "Transaction timed out before reaching finality", data: None })) tx_digest=Digest("9TjFh8i6L3jtJmCiE3vT9ZZPq2xUhZue4BwrcEBZC57h") retry_cnt=1
2026-05-20T11:22:45.273377Z ERROR iota_benchmark: Transaction failed with err: Rpc(Call(ErrorObject { code: ServerError(-32050), message: "Transaction timed out before reaching finality", data: None })) tx_digest=Digest("4UdGMAuBHgyT5fBWbsHm4oCo56PGfy9NiYjJhcrMnCKZ") retry_cnt=1
2026-05-20T11:22:45.281705Z ERROR iota_benchmark: Transaction failed with err: Rpc(Call(ErrorObject { code: ServerError(-32050), message: "Transaction timed out before reaching finality", data: None })) tx_digest=Digest("BUq1JFDikWhFbZA8wWbp8jKxtgKRiXEieGXaWwRWRZft") retry_cnt=1
2026-05-20T11:22:45.281733Z ERROR iota_benchmark: Transaction failed with err: Rpc(Call(ErrorObject { code: ServerError(-32050), message: "Transaction timed out before reaching finality", data: None })) tx_digest=Digest("93ZZVGrtYEjmphCgTcKFPDckkwqvsYWc2bp32auxA5Af") retry_cnt=1
2026-05-20T11:22:45.310651Z ERROR iota_benchmark: Transaction failed with err: Rpc(Call(ErrorObject { code: ServerError(-32050), message: "Transaction timed out before reaching finality", data: None })) tx_digest=Digest("6TqXK7CHpvfxnUXMMfDKAFrVV7btayUewvPr4vx7pAgr") retry_cnt=1
2026-05-20T11:22:45.316738Z ERROR iota_benchmark: Transaction failed with err: Rpc(Call(ErrorObject { code: ServerError(-32050), message: "Transaction timed out before reaching finality", data: None })) tx_digest=Digest("j2udUNqAPrJ1s54u24vHJwgMhiH56UznsiZxt4Qjp84") retry_cnt=1
2026-05-20T11:22:45.328133Z ERROR iota_benchmark: Transaction failed with err: Rpc(Call(ErrorObject { code: ServerError(-32050), message: "Transaction timed out before reaching finality", data: None })) tx_digest=Digest("3r9rYtsB85WM2JXJ6xkFBZtWpvG9K9ogys8JZdrcNHMJ") retry_cnt=1
2026-05-20T11:22:45.481672Z ERROR iota_benchmark: Transaction failed with err: Rpc(Call(ErrorObject { code: ServerError(-32050), message: "Transaction timed out before reaching finality", data: None })) tx_digest=Digest("8HCTjsNmQPAkzRALBKqpjca4kpQ9Rksp3ngNX5fttHqh") retry_cnt=1
2026-05-20T11:22:45.482237Z ERROR iota_benchmark: Transaction failed with err: Rpc(Call(ErrorObject { code: ServerError(-32050), message: "Transaction timed out before reaching finality", data: None })) tx_digest=Digest("5fjpndwuH59fr6m6kqmUgYLyzYqqNJV5DjmQLYtzYLGm") retry_cnt=1
2026-05-20T11:22:45.552740Z ERROR iota_benchmark: Transaction failed with err: Rpc(Call(ErrorObject { code: ServerError(-32050), message: "Transaction timed out before reaching finality", data: None })) tx_digest=Digest("Fxw3oPBSYfwn7GPsXwrgSuFwYBB62roqBSuggmYEY1Po") retry_cnt=1
2026-05-20T11:22:45.590199Z ERROR iota_benchmark: Transaction failed with err: Rpc(Call(ErrorObject { code: ServerError(-32050), message: "Transaction timed out before reaching finality", data: None })) tx_digest=Digest("2fRYyptogZfigU73SHyTtXwuPRm7qJspecKDhz6vnN6U") retry_cnt=1
2026-05-20T11:22:45.590291Z ERROR iota_benchmark: Transaction failed with err: Rpc(Call(ErrorObject { code: ServerError(-32050), message: "Transaction timed out before reaching finality", data: None })) tx_digest=Digest("H3tWTS7rZToE9wYMLBMiPgEtcfaF5kUx7tvuAtpXgfuW") retry_cnt=1
2026-05-20T11:22:45.596729Z ERROR iota_benchmark: Transaction failed with err: Rpc(Call(ErrorObject { code: ServerError(-32050), message: "Transaction timed out before reaching finality", data: None })) tx_digest=Digest("9Mp2trahyu7ewTdT2z79ZqY5ZcjrTuxzVc9jXGVHDh5P") retry_cnt=1
2026-05-20T11:22:45.596824Z ERROR iota_benchmark: Transaction failed with err: Rpc(Call(ErrorObject { code: ServerError(-32050), message: "Transaction timed out before reaching finality", data: None })) tx_digest=Digest("2ezGJoJzFcAGbEnebbieoZHcEN6Yd11nLcE76NFwBsoT") retry_cnt=1
2026-05-20T11:22:45.622640Z ERROR iota_benchmark: Transaction failed with err: Rpc(Call(ErrorObject { code: ServerError(-32050), message: "Transaction timed out before reaching finality", data: None })) tx_digest=Digest("FH2r67CjUTyZuGhLoSsh2T5t61pWeoNESWM7sBLj2iDJ") retry_cnt=1
2026-05-20T11:22:45.641142Z ERROR iota_benchmark: Transaction failed with err: Rpc(Call(ErrorObject { code: ServerError(-32050), message: "Transaction timed out before reaching finality", data: None })) tx_digest=Digest("AcWKJ74MZkvWKkQqpcttqySzfX35vM6PnryxkbU6Dj3p") retry_cnt=1
2026-05-20T11:22:45.661445Z ERROR iota_benchmark: Transaction failed with err: Rpc(Call(ErrorObject { code: ServerError(-32050), message: "Transaction timed out before reaching finality", data: None })) tx_digest=Digest("8qGkwSMkyLahE3wDiSNiX3ZuP11UkMJmNMSQGFVDsCVM") retry_cnt=1
2026-05-20T11:22:45.663396Z ERROR iota_benchmark: Transaction failed with err: Rpc(Call(ErrorObject { code: ServerError(-32050), message: "Transaction timed out before reaching finality", data: None })) tx_digest=Digest("313UfSG4Zrrgx1wX3vTjp91y9t5TnTwAy46srmm95Frn") retry_cnt=1
2026-05-20T11:22:45.669708Z ERROR iota_benchmark: Transaction failed with err: Rpc(Call(ErrorObject { code: ServerError(-32050), message: "Transaction timed out before reaching finality", data: None })) tx_digest=Digest("HY1cVSuy8RM38dVZ9Nyd5JT33bAsUjLAgLWcZQdjwa7k") retry_cnt=1
2026-05-20T11:22:45.678731Z ERROR iota_benchmark: Transaction failed with err: Rpc(Call(ErrorObject { code: ServerError(-32050), message: "Transaction timed out before reaching finality", data: None })) tx_digest=Digest("2TbN5c2XnVFNpek7MnJwbJyA93C8xv9CV8ygze9tSXNE") retry_cnt=1
2026-05-20T11:22:45.690771Z ERROR iota_benchmark: Transaction failed with err: Rpc(Call(ErrorObject { code: ServerError(-32050), message: "Transaction timed out before reaching finality", data: None })) tx_digest=Digest("7wdQsMHPT34g5xbcjaHdstYH2A1Fn5dwERVbJVujMtxZ") retry_cnt=1
2026-05-20T11:22:45.690886Z ERROR iota_benchmark: Transaction failed with err: Rpc(Call(ErrorObject { code: ServerError(-32050), message: "Transaction timed out before reaching finality", data: None })) tx_digest=Digest("GMqMiqDPQERz5YE5chmWty6E6sRRv5a3tuRz4ZtWZXep") retry_cnt=1
2026-05-20T11:22:45.709516Z ERROR iota_benchmark: Transaction failed with err: Rpc(Call(ErrorObject { code: ServerError(-32050), message: "Transaction timed out before reaching finality", data: None })) tx_digest=Digest("7hLofCavDLS9JVcNRC2u2NR7oyo4gE37jZsJQMAhjk9w") retry_cnt=1
2026-05-20T11:22:45.711267Z ERROR iota_benchmark: Transaction failed with err: Rpc(Call(ErrorObject { code: ServerError(-32050), message: "Transaction timed out before reaching finality", data: None })) tx_digest=Digest("7azgHs9wYJpPCVhcT2NumpdjwC8nhmHD4Ub95c5CGa6H") retry_cnt=1
2026-05-20T11:22:45.723109Z ERROR iota_benchmark: Transaction failed with err: Rpc(Call(ErrorObject { code: ServerError(-32050), message: "Transaction timed out before reaching finality", data: None })) tx_digest=Digest("FJuJ1A8dQcsvMu8McGBaEKxP5AUUxQMnQwHCKdWAYQpn") retry_cnt=1
2026-05-20T11:22:45.745175Z ERROR iota_benchmark: Transaction failed with err: Rpc(Call(ErrorObject { code: ServerError(-32050), message: "Transaction timed out before reaching finality", data: None })) tx_digest=Digest("4SoJAdaN1qb6vmFLSwpRePadgCcaE5RTVRq5qstno77T") retry_cnt=1
2026-05-20T11:22:45.745186Z ERROR iota_benchmark: Transaction failed with err: Rpc(Call(ErrorObject { code: ServerError(-32050), message: "Transaction timed out before reaching finality", data: None })) tx_digest=Digest("Da1aAhrSHP6fh7NTb2a2drH2PvTTuH1SHsTPF97PEyU8") retry_cnt=1
2026-05-20T11:22:45.761908Z ERROR iota_benchmark: Transaction failed with err: Rpc(Call(ErrorObject { code: ServerError(-32050), message: "Transaction timed out before reaching finality", data: None })) tx_digest=Digest("E6yaZ5LFTPpoccQfb8CMFMJNxhiHMzxnv5np7NPL3o1C") retry_cnt=1
2026-05-20T11:22:45.783970Z ERROR iota_benchmark: Transaction failed with err: Rpc(Call(ErrorObject { code: ServerError(-32050), message: "Transaction timed out before reaching finality", data: None })) tx_digest=Digest("66L2s8GKk326BzTjNzYnjhxHur6enDgr54oTpaBUe9Fh") retry_cnt=1
2026-05-20T11:22:45.784118Z ERROR iota_benchmark: Transaction failed with err: Rpc(Call(ErrorObject { code: ServerError(-32050), message: "Transaction timed out before reaching finality", data: None })) tx_digest=Digest("51CGqq3kc66wouhm2u9Ash32NmEtJsntqyQPk7yBMife") retry_cnt=1
2026-05-20T11:23:07.718871Z ERROR iota_benchmark: Transaction failed with err: Rpc(Call(ErrorObject { code: ServerError(-32050), message: "Transaction timed out before reaching finality", data: None })) tx_digest=Digest("APBKTK7zjkMB2ky5FWzuCqa5Z5vH7921bNAab2GeGeBV") retry_cnt=2
2026-05-20T11:23:07.797464Z ERROR iota_benchmark: Transaction failed with err: Rpc(Call(ErrorObject { code: ServerError(-32050), message: "Transaction timed out before reaching finality", data: None })) tx_digest=Digest("FGsEaiDNtKABGqDDbvrL3yoMZypjWzRYz1tMcAxhumDg") retry_cnt=2
2026-05-20T11:23:07.822629Z ERROR iota_benchmark: Transaction failed with err: Rpc(Call(ErrorObject { code: ServerError(-32050), message: "Transaction timed out before reaching finality", data: None })) tx_digest=Digest("CKDK6gYh4GhngTHx9cdfGttd8x4KjprZFPaFKD7AEBak") retry_cnt=2
2026-05-20T11:23:07.822872Z ERROR iota_benchmark: Transaction failed with err: Rpc(Call(ErrorObject { code: ServerError(-32050), message: "Transaction timed out before reaching finality", data: None })) tx_digest=Digest("GBHwCrRHZcV1qsQtifSLjVPb8Au5oiyjtAm3VjbdSPmC") retry_cnt=2
2026-05-20T11:23:08.095572Z ERROR iota_benchmark: Transaction failed with err: Rpc(Call(ErrorObject { code: ServerError(-32050), message: "Transaction timed out before reaching finality", data: None })) tx_digest=Digest("2T3NP49GZdLD4SX8TQFFeZzTKpivxBuCkbfyQL3eQE6J") retry_cnt=2
2026-05-20T11:23:08.197026Z ERROR iota_benchmark: Transaction failed with err: Rpc(Call(ErrorObject { code: ServerError(-32050), message: "Transaction timed out before reaching finality", data: None })) tx_digest=Digest("CVP1jSEkK8fi8N1iD1kYoxGskS6Nh1AzB7Jjd5ysoJ2h") retry_cnt=2
2026-05-20T11:23:08.207551Z ERROR iota_benchmark: Transaction failed with err: Rpc(Call(ErrorObject { code: ServerError(-32050), message: "Transaction timed out before reaching finality", data: None })) tx_digest=Digest("CzRabMoDJDp8cJkjdgTbGuztcPE6ntePaeBYe3131W15") retry_cnt=2
2026-05-20T11:23:08.228642Z ERROR iota_benchmark: Transaction failed with err: Rpc(Call(ErrorObject { code: ServerError(-32050), message: "Transaction timed out before reaching finality", data: None })) tx_digest=Digest("EHixZSAtrhsVBjAfxeYheBxSTp2y4VZTLC8oX6wfLaKf") retry_cnt=2
2026-05-20T11:23:08.236610Z ERROR iota_benchmark: Transaction failed with err: Rpc(Call(ErrorObject { code: ServerError(-32050), message: "Transaction timed out before reaching finality", data: None })) tx_digest=Digest("GoTk2HRyW7W6iAw6vitjiys7TxSvCpzc49pafiMq6nqh") retry_cnt=2
2026-05-20T11:23:08.237966Z ERROR iota_benchmark: Transaction failed with err: Rpc(Call(ErrorObject { code: ServerError(-32050), message: "Transaction timed out before reaching finality", data: None })) tx_digest=Digest("FcDw9hiT1fboQbG8tVDZqUheqZ3AkYz5RLfPgfe5MVkp") retry_cnt=2
2026-05-20T11:23:08.239351Z ERROR iota_benchmark: Transaction failed with err: Rpc(Call(ErrorObject { code: ServerError(-32050), message: "Transaction timed out before reaching finality", data: None })) tx_digest=Digest("H5GqB2KJQ1eAccXokCNivq5oKf2Cfp56aaNfeGxSd7hk") retry_cnt=2
2026-05-20T11:23:08.302870Z ERROR iota_benchmark: Transaction failed with err: Rpc(Call(ErrorObject { code: ServerError(-32050), message: "Transaction timed out before reaching finality", data: None })) tx_digest=Digest("DHqQFneReYTBEUV6XMGzbCoQmPE7aEzUTcciie39cCj3") retry_cnt=2
2026-05-20T11:23:08.307971Z ERROR iota_benchmark: Transaction failed with err: Rpc(Call(ErrorObject { code: ServerError(-32050), message: "Transaction timed out before reaching finality", data: None })) tx_digest=Digest("82WanGcbXUxxsYBzWpsJEgHt8hew44AxR2oGK5SUoyBF") retry_cnt=2
2026-05-20T11:23:08.373151Z ERROR iota_benchmark: Transaction failed with err: Rpc(Call(ErrorObject { code: ServerError(-32050), message: "Transaction timed out before reaching finality", data: None })) tx_digest=Digest("G2DuFExxZDoPVBWc2NUDt5oFZkEQWXv1oQyUeWXHcyhr") retry_cnt=2
2026-05-20T11:23:08.392645Z ERROR iota_benchmark: Transaction failed with err: Rpc(Call(ErrorObject { code: ServerError(-32050), message: "Transaction timed out before reaching finality", data: None })) tx_digest=Digest("AW4pRHJeASPyxkFa8CCnGpZHnpstujUwTipgt9khqNEp") retry_cnt=2
2026-05-20T11:23:08.397715Z ERROR iota_benchmark: Transaction failed with err: Rpc(Call(ErrorObject { code: ServerError(-32050), message: "Transaction timed out before reaching finality", data: None })) tx_digest=Digest("GikzRjjx4TFThE7gmKjSdKqQXjfNBwWH1PgyHeg5inUw") retry_cnt=2
2026-05-20T11:23:08.399337Z ERROR iota_benchmark: Transaction failed with err: Rpc(Call(ErrorObject { code: ServerError(-32050), message: "Transaction timed out before reaching finality", data: None })) tx_digest=Digest("2P3Qb1da3Debsi8PAF66CVGLR4gcMeg9EbRuuU1kv4BB") retry_cnt=2
2026-05-20T11:23:08.399402Z ERROR iota_benchmark: Transaction failed with err: Rpc(Call(ErrorObject { code: ServerError(-32050), message: "Transaction timed out before reaching finality", data: None })) tx_digest=Digest("AHq4nH7okGDbgqNvTXuiacg26Upv2iZ6gCXX2iocHnHr") retry_cnt=2
2026-05-20T11:23:08.400562Z ERROR iota_benchmark: Transaction failed with err: Rpc(Call(ErrorObject { code: ServerError(-32050), message: "Transaction timed out before reaching finality", data: None })) tx_digest=Digest("A1AJosMd2RXRb9gRp2EsA5Q2dYhh6HbtXWVMu7FEBbrD") retry_cnt=2
2026-05-20T11:23:08.404065Z ERROR iota_benchmark: Transaction failed with err: Rpc(Call(ErrorObject { code: ServerError(-32050), message: "Transaction timed out before reaching finality", data: None })) tx_digest=Digest("EZYh3RjfjY83PM9tWWia53Hvw3Vsq1yEbo9bBzM9Vxnv") retry_cnt=2
2026-05-20T11:23:08.412997Z ERROR iota_benchmark: Transaction failed with err: Rpc(Call(ErrorObject { code: ServerError(-32050), message: "Transaction timed out before reaching finality", data: None })) tx_digest=Digest("DpmyFpxLZRuwKGiunbc1mKKH4NPcMoXMLpBG48Fuwjm8") retry_cnt=2
2026-05-20T11:23:08.413541Z ERROR iota_benchmark: Transaction failed with err: Rpc(Call(ErrorObject { code: ServerError(-32050), message: "Transaction timed out before reaching finality", data: None })) tx_digest=Digest("4So8ddJDqt8JiPakBnvBzWgVW8XbJ4NxMLdrsjHUHR5k") retry_cnt=2
2026-05-20T11:23:08.413779Z ERROR iota_benchmark: Transaction failed with err: Rpc(Call(ErrorObject { code: ServerError(-32050), message: "Transaction timed out before reaching finality", data: None })) tx_digest=Digest("7iYhz4frdiK1Ef9qKy5FPkfxFPPSnoR3UbSRtuVXTTiT") retry_cnt=2
2026-05-20T11:23:08.414030Z ERROR iota_benchmark: Transaction failed with err: Rpc(Call(ErrorObject { code: ServerError(-32050), message: "Transaction timed out before reaching finality", data: None })) tx_digest=Digest("BGsYuC3A1nqBAiNvca3t6jBhroRhejAjzV2Ctrh5w2MU") retry_cnt=2
2026-05-20T11:23:08.416220Z ERROR iota_benchmark: Transaction failed with err: Rpc(Call(ErrorObject { code: ServerError(-32050), message: "Transaction timed out before reaching finality", data: None })) tx_digest=Digest("62UR93Rx6y4ZURXc27KFpniR8m9NtFTWE2ZeeMdS2tH5") retry_cnt=2
2026-05-20T11:23:08.417604Z ERROR iota_benchmark: Transaction failed with err: Rpc(Call(ErrorObject { code: ServerError(-32050), message: "Transaction timed out before reaching finality", data: None })) tx_digest=Digest("5faR7iAU3fwzTzLit6D2ZHhLSQsKm88XtLL5oKPP18E6") retry_cnt=2
2026-05-20T11:23:08.454431Z ERROR iota_benchmark: Transaction failed with err: Rpc(Call(ErrorObject { code: ServerError(-32050), message: "Transaction timed out before reaching finality", data: None })) tx_digest=Digest("75KLpWgrzn39Ddf4qVWNRELEcZHWsTsbrYH53EMpSsQu") retry_cnt=2
2026-05-20T11:23:08.454951Z ERROR iota_benchmark: Transaction failed with err: Rpc(Call(ErrorObject { code: ServerError(-32050), message: "Transaction timed out before reaching finality", data: None })) tx_digest=Digest("D7dLp6mC513x4UfM4poTkzNu22intqvfyrNbZVLZeaRQ") retry_cnt=2
2026-05-20T11:23:08.489130Z ERROR iota_benchmark: Transaction failed with err: Rpc(Call(ErrorObject { code: ServerError(-32050), message: "Transaction timed out before reaching finality", data: None })) tx_digest=Digest("GkeNojneh2cRJWxrzrDqqcnE1AVGMfvPYUot5A8uFja5") retry_cnt=2
2026-05-20T11:23:08.509547Z ERROR iota_benchmark: Transaction failed with err: Rpc(Call(ErrorObject { code: ServerError(-32050), message: "Transaction timed out before reaching finality", data: None })) tx_digest=Digest("9Nf1eMoUPv2wtMwRqzDMUPdDKCTbe2rHyhHHhKvEYU4k") retry_cnt=2
2026-05-20T11:23:08.534390Z ERROR iota_benchmark: Transaction failed with err: Rpc(Call(ErrorObject { code: ServerError(-32050), message: "Transaction timed out before reaching finality", data: None })) tx_digest=Digest("6v2KKdRAmnzG63edc8zyDfUAzSiw2qHDJmyHUgFHrgQe") retry_cnt=2
2026-05-20T11:23:08.566136Z ERROR iota_benchmark: Transaction failed with err: Rpc(Call(ErrorObject { code: ServerError(-32050), message: "Transaction timed out before reaching finality", data: None })) tx_digest=Digest("2qbagqMQRHnb28NV7BwwH7WmKgYUfkZ7VD4rarBZrinL") retry_cnt=2
2026-05-20T11:23:08.599149Z ERROR iota_benchmark: Transaction failed with err: Rpc(Call(ErrorObject { code: ServerError(-32050), message: "Transaction timed out before reaching finality", data: None })) tx_digest=Digest("WwB5chWGkwDDmxKgPVHKAGaKPcmn3yaNJqEg5F5VqmD") retry_cnt=2
2026-05-20T11:23:08.599191Z ERROR iota_benchmark: Transaction failed with err: Rpc(Call(ErrorObject { code: ServerError(-32050), message: "Transaction timed out before reaching finality", data: None })) tx_digest=Digest("456KK5zb3ioQdJZnDpxVMqhbrUep2UqPpZ9mL18etQzh") retry_cnt=2
2026-05-20T11:23:08.599243Z ERROR iota_benchmark: Transaction failed with err: Rpc(Call(ErrorObject { code: ServerError(-32050), message: "Transaction timed out before reaching finality", data: None })) tx_digest=Digest("4RLvRtVAZce7pfoES8Q1QLiu3FRvZQAjNfJumjo1b63H") retry_cnt=2
2026-05-20T11:23:08.600326Z ERROR iota_benchmark: Transaction failed with err: Rpc(Call(ErrorObject { code: ServerError(-32050), message: "Transaction timed out before reaching finality", data: None })) tx_digest=Digest("CvYzHBTm9BXMg1iYS53k2dZuFbURFPmhhaLfDiYp6L1C") retry_cnt=2
2026-05-20T11:23:08.601169Z ERROR iota_benchmark: Transaction failed with err: Rpc(Call(ErrorObject { code: ServerError(-32050), message: "Transaction timed out before reaching finality", data: None })) tx_digest=Digest("AhUGhxRw5pArJPw5PnBtNLy4xeCCjWw1Guy6mZyTLtLD") retry_cnt=2
2026-05-20T11:23:08.602080Z ERROR iota_benchmark: Transaction failed with err: Rpc(Call(ErrorObject { code: ServerError(-32050), message: "Transaction timed out before reaching finality", data: None })) tx_digest=Digest("GyMs5FP8GA2FHVJXnekhsqjUwp2ykxEzKa7zUpFYVkNT") retry_cnt=2
2026-05-20T11:23:08.604461Z ERROR iota_benchmark: Transaction failed with err: Rpc(Call(ErrorObject { code: ServerError(-32050), message: "Transaction timed out before reaching finality", data: None })) tx_digest=Digest("FQBBCxHq3kdzPRMTPhbZrU1sEjXdZxRPjdb8u7z98KWC") retry_cnt=2
2026-05-20T11:23:08.605196Z ERROR iota_benchmark: Transaction failed with err: Rpc(Call(ErrorObject { code: ServerError(-32050), message: "Transaction timed out before reaching finality", data: None })) tx_digest=Digest("GDemrdAdCWvwux4dQ8LDZiySg8hSQUvtnrW5aTkaxpMX") retry_cnt=2
2026-05-20T11:23:08.605406Z ERROR iota_benchmark: Transaction failed with err: Rpc(Call(ErrorObject { code: ServerError(-32050), message: "Transaction timed out before reaching finality", data: None })) tx_digest=Digest("4UUK8VhztuSjYVLrupzMDsxdaokY9b3cNScf4ttbCDNV") retry_cnt=2
2026-05-20T11:23:08.606738Z ERROR iota_benchmark: Transaction failed with err: Rpc(Call(ErrorObject { code: ServerError(-32050), message: "Transaction timed out before reaching finality", data: None })) tx_digest=Digest("CEZyNgQEo3hn73Kko7STY6U4VBVCnwC3FhjhbUypQirB") retry_cnt=2
2026-05-20T11:23:08.608149Z ERROR iota_benchmark: Transaction failed with err: Rpc(Call(ErrorObject { code: ServerError(-32050), message: "Transaction timed out before reaching finality", data: None })) tx_digest=Digest("2N4MSrkjwPb2n1VUcdQ5LSfoidT5HcoudWyJJMBwCQDu") retry_cnt=2
2026-05-20T11:23:08.626786Z ERROR iota_benchmark: Transaction failed with err: Rpc(Call(ErrorObject { code: ServerError(-32050), message: "Transaction timed out before reaching finality", data: None })) tx_digest=Digest("8RM4qgauQ7TeBD4NVWEHC8ErRt2BPo9BUsTN3jeHAE6K") retry_cnt=2
2026-05-20T11:23:08.635510Z ERROR iota_benchmark: Transaction failed with err: Rpc(Call(ErrorObject { code: ServerError(-32050), message: "Transaction timed out before reaching finality", data: None })) tx_digest=Digest("FW2HyAvu1mzeZWJUgHucX9e3BFmky3S5B4wyrKjaF2Ei") retry_cnt=2
2026-05-20T11:23:08.668843Z ERROR iota_benchmark: Transaction failed with err: Rpc(Call(ErrorObject { code: ServerError(-32050), message: "Transaction timed out before reaching finality", data: None })) tx_digest=Digest("8r5eTYEETuAKYje5H7PRR9he2xrG3wuRDqTMJ1PPHjSw") retry_cnt=2
2026-05-20T11:23:08.693791Z ERROR iota_benchmark: Transaction failed with err: Rpc(Call(ErrorObject { code: ServerError(-32050), message: "Transaction timed out before reaching finality", data: None })) tx_digest=Digest("GfYMWKpAVDdfQMqDUBmKwYKDgFuvDVZ6jnDb5Bhk9Hsn") retry_cnt=2
2026-05-20T11:23:08.693893Z ERROR iota_benchmark: Transaction failed with err: Rpc(Call(ErrorObject { code: ServerError(-32050), message: "Transaction timed out before reaching finality", data: None })) tx_digest=Digest("73HG4TztZrHaFvsKf62Lrr3v7WnGDvFawoBQQjKz5wDg") retry_cnt=2
2026-05-20T11:23:08.693953Z ERROR iota_benchmark: Transaction failed with err: Rpc(Call(ErrorObject { code: ServerError(-32050), message: "Transaction timed out before reaching finality", data: None })) tx_digest=Digest("6HXXVzEZPt1WzAf1BKYiddh8oK6PnLbpgmFUknS6qjt8") retry_cnt=2
2026-05-20T11:23:08.749289Z ERROR iota_benchmark: Transaction failed with err: Rpc(Call(ErrorObject { code: ServerError(-32050), message: "Transaction timed out before reaching finality", data: None })) tx_digest=Digest("46YcHwB5sTvtWe8oWkPEDGcFBZnQujTDsGgoA8y8xN76") retry_cnt=2
2026-05-20T11:23:08.749286Z ERROR iota_benchmark: Transaction failed with err: Rpc(Call(ErrorObject { code: ServerError(-32050), message: "Transaction timed out before reaching finality", data: None })) tx_digest=Digest("EmnFqKcXTsvENW6rUo8bishLBtCb8fmo7Qs1xPzp5d6w") retry_cnt=2
2026-05-20T11:23:08.749531Z ERROR iota_benchmark: Transaction failed with err: Rpc(Call(ErrorObject { code: ServerError(-32050), message: "Transaction timed out before reaching finality", data: None })) tx_digest=Digest("9uRZJNDBqaeSfPhmo4kzR23ct6ZdQvAMr1NTCsY7ynfF") retry_cnt=2
2026-05-20T11:23:08.754971Z ERROR iota_benchmark: Transaction failed with err: Rpc(Call(ErrorObject { code: ServerError(-32050), message: "Transaction timed out before reaching finality", data: None })) tx_digest=Digest("4Uxey14JiARXaH3MtkQ1q8etoMxs12R6SQGqa4SZ7GRg") retry_cnt=2
2026-05-20T11:23:08.770304Z ERROR iota_benchmark: Transaction failed with err: Rpc(Call(ErrorObject { code: ServerError(-32050), message: "Transaction timed out before reaching finality", data: None })) tx_digest=Digest("2Je8XhhEedfiaEDudX2CHg6HWPTNoVYsofTZMoQ47opY") retry_cnt=2
2026-05-20T11:23:08.770533Z ERROR iota_benchmark: Transaction failed with err: Rpc(Call(ErrorObject { code: ServerError(-32050), message: "Transaction timed out before reaching finality", data: None })) tx_digest=Digest("BRAsytnpphWqSmdEj7DiGEdqzo1cPkiE7yVdKfaSuqQd") retry_cnt=2
2026-05-20T11:23:08.841598Z ERROR iota_benchmark: Transaction failed with err: Rpc(Call(ErrorObject { code: ServerError(-32050), message: "Transaction timed out before reaching finality", data: None })) tx_digest=Digest("6fqy9pBcEZdWAzJSLqVcrs1EH3LQTtCaYHsjEF2k9gPV") retry_cnt=2
2026-05-20T11:23:08.845784Z ERROR iota_benchmark: Transaction failed with err: Rpc(Call(ErrorObject { code: ServerError(-32050), message: "Transaction timed out before reaching finality", data: None })) tx_digest=Digest("Ex85rJSq4SrfUJiqT8DPCNSTX1YFfaZPqzpVDobQFxD") retry_cnt=2
2026-05-20T11:23:08.866956Z ERROR iota_benchmark: Transaction failed with err: Rpc(Call(ErrorObject { code: ServerError(-32050), message: "Transaction timed out before reaching finality", data: None })) tx_digest=Digest("EMzgSx1LeTfJETk9muTrLU5gjr2kMo6726wAJeUY27b6") retry_cnt=2
2026-05-20T11:23:08.866990Z ERROR iota_benchmark: Transaction failed with err: Rpc(Call(ErrorObject { code: ServerError(-32050), message: "Transaction timed out before reaching finality", data: None })) tx_digest=Digest("CXwncNugAspxnJTMdtfddGL5fusbmjfMxbsEnKUDKxk2") retry_cnt=2
2026-05-20T11:23:08.872044Z ERROR iota_benchmark: Transaction failed with err: Rpc(Call(ErrorObject { code: ServerError(-32050), message: "Transaction timed out before reaching finality", data: None })) tx_digest=Digest("Am2dJG2irV64kFh2Q3cdka8gmoZrtdtoJVhvMEzxAZ3t") retry_cnt=2
2026-05-20T11:23:08.895345Z ERROR iota_benchmark: Transaction failed with err: Rpc(Call(ErrorObject { code: ServerError(-32050), message: "Transaction timed out before reaching finality", data: None })) tx_digest=Digest("6BauvxqtrD5vq2URiU6oQxR8o5LgyzwXvLnW2LLbjrfE") retry_cnt=2
2026-05-20T11:23:08.921978Z ERROR iota_benchmark: Transaction failed with err: Rpc(Call(ErrorObject { code: ServerError(-32050), message: "Transaction timed out before reaching finality", data: None })) tx_digest=Digest("J4pEp6Bc7kGnacyaUyuvg6SMEAZaMCP9RZ3xLez8ZjoJ") retry_cnt=2
2026-05-20T11:23:08.921988Z ERROR iota_benchmark: Transaction failed with err: Rpc(Call(ErrorObject { code: ServerError(-32050), message: "Transaction timed out before reaching finality", data: None })) tx_digest=Digest("2v1zrpLwGonvnsnC9UzhJkiwN9EMTkbkPWixnrNu8cLV") retry_cnt=2
2026-05-20T11:23:08.923865Z ERROR iota_benchmark: Transaction failed with err: Rpc(Call(ErrorObject { code: ServerError(-32050), message: "Transaction timed out before reaching finality", data: None })) tx_digest=Digest("Ec2dawkRgTtepSmWpzjiACHgW4gJRAAnLhuzf7k36gAF") retry_cnt=2
2026-05-20T11:23:08.969239Z ERROR iota_benchmark: Transaction failed with err: Rpc(Call(ErrorObject { code: ServerError(-32050), message: "Transaction timed out before reaching finality", data: None })) tx_digest=Digest("H4mL2r4JBgZoPQFSJBMV1je1oNT565EnK7zzQX1xRPV7") retry_cnt=2
2026-05-20T11:23:09.045828Z ERROR iota_benchmark: Transaction failed with err: Rpc(Call(ErrorObject { code: ServerError(-32050), message: "Transaction timed out before reaching finality", data: None })) tx_digest=Digest("Aj4g4iwMp588c6SpR3JKZZaTiAJ9byLXAtsFdDHuaStj") retry_cnt=2
2026-05-20T11:23:09.105492Z ERROR iota_benchmark: Transaction failed with err: Rpc(Call(ErrorObject { code: ServerError(-32050), message: "Transaction timed out before reaching finality", data: None })) tx_digest=Digest("9wJWvNkieTMg4t9TzAjz3CnF4Uv6ZyDoDP5jKRJSFaP2") retry_cnt=2
2026-05-20T11:23:09.105583Z ERROR iota_benchmark: Transaction failed with err: Rpc(Call(ErrorObject { code: ServerError(-32050), message: "Transaction timed out before reaching finality", data: None })) tx_digest=Digest("CAzcHZqh2sJF5gqShrunZHEgbekbXnrfJaLfCaxBmnuf") retry_cnt=2
2026-05-20T11:23:09.106004Z ERROR iota_benchmark: Transaction failed with err: Rpc(Call(ErrorObject { code: ServerError(-32050), message: "Transaction timed out before reaching finality", data: None })) tx_digest=Digest("3qbzihYD5qAbjuLh6UDos6PM4aDgG2aZyPcMPHx7hpDn") retry_cnt=2
2026-05-20T11:23:09.123559Z ERROR iota_benchmark: Transaction failed with err: Rpc(Call(ErrorObject { code: ServerError(-32050), message: "Transaction timed out before reaching finality", data: None })) tx_digest=Digest("127yjANuEjrwLKPzXkuUqaG4Wemj8mUNznjH4Mb7ZKqv") retry_cnt=2
2026-05-20T11:23:09.167032Z ERROR iota_benchmark: Transaction failed with err: Rpc(Call(ErrorObject { code: ServerError(-32050), message: "Transaction timed out before reaching finality", data: None })) tx_digest=Digest("ANnZezcpTMjdf32fvuPppd99RnrSwG4ZgHtzut6sB8yH") retry_cnt=2
2026-05-20T11:23:09.168245Z ERROR iota_benchmark: Transaction failed with err: Rpc(Call(ErrorObject { code: ServerError(-32050), message: "Transaction timed out before reaching finality", data: None })) tx_digest=Digest("Abz1WmruG4DG6tAeNwdP22CFCbFDaAuSqsvhWft5py7s") retry_cnt=2
2026-05-20T11:23:09.243150Z ERROR iota_benchmark: Transaction failed with err: Rpc(Call(ErrorObject { code: ServerError(-32050), message: "Transaction timed out before reaching finality", data: None })) tx_digest=Digest("5N8fPN3yGMNwLuuiJZY3CMNG5JksTdoVRueyeLFmamYE") retry_cnt=2
2026-05-20T11:23:09.243219Z ERROR iota_benchmark: Transaction failed with err: Rpc(Call(ErrorObject { code: ServerError(-32050), message: "Transaction timed out before reaching finality", data: None })) tx_digest=Digest("85SWtqjDDoakM5bf6ri6xCvQwez71JR3p4wTbBLzK7jF") retry_cnt=2
2026-05-20T11:23:09.243242Z ERROR iota_benchmark: Transaction failed with err: Rpc(Call(ErrorObject { code: ServerError(-32050), message: "Transaction timed out before reaching finality", data: None })) tx_digest=Digest("4EN6iHtMxJaWycKGJybyRVx6DkUB3Bq1HMrnvffGfNEQ") retry_cnt=2
2026-05-20T11:23:09.243290Z ERROR iota_benchmark: Transaction failed with err: Rpc(Call(ErrorObject { code: ServerError(-32050), message: "Transaction timed out before reaching finality", data: None })) tx_digest=Digest("E33eM15UT1t5Kdvnf2QybxYuc9rQw4oMmj25Jy6mbpav") retry_cnt=2
2026-05-20T11:23:09.245715Z ERROR iota_benchmark: Transaction failed with err: Rpc(Call(ErrorObject { code: ServerError(-32050), message: "Transaction timed out before reaching finality", data: None })) tx_digest=Digest("9PXb1h4hxssqSYU2RFW5mEZzPogk22H679nrQnyrqjZ3") retry_cnt=2
2026-05-20T11:23:09.247407Z ERROR iota_benchmark: Transaction failed with err: Rpc(Call(ErrorObject { code: ServerError(-32050), message: "Transaction timed out before reaching finality", data: None })) tx_digest=Digest("CSUNQx6ZdnURvvxPEpXmMHasXJET8czsu8VPKmLZrsaL") retry_cnt=2
2026-05-20T11:23:09.277855Z ERROR iota_benchmark: Transaction failed with err: Rpc(Call(ErrorObject { code: ServerError(-32050), message: "Transaction timed out before reaching finality", data: None })) tx_digest=Digest("6k9UzxvmrXPTpQSJpKk7DXHqs9sFCxL4qfUEkJnMv36D") retry_cnt=2
2026-05-20T11:23:09.277922Z ERROR iota_benchmark: Transaction failed with err: Rpc(Call(ErrorObject { code: ServerError(-32050), message: "Transaction timed out before reaching finality", data: None })) tx_digest=Digest("Bg7r2cfPW36xygTeABeh5PqbjfLAjin1yS4fhfHsDsYD") retry_cnt=2
2026-05-20T11:23:09.311982Z ERROR iota_benchmark: Transaction failed with err: Rpc(Call(ErrorObject { code: ServerError(-32050), message: "Transaction timed out before reaching finality", data: None })) tx_digest=Digest("CuCoW7SY8FYuUebtNMM377Pc4FR3cacuJd7HVdJJEbNh") retry_cnt=2
2026-05-20T11:23:09.312001Z ERROR iota_benchmark: Transaction failed with err: Rpc(Call(ErrorObject { code: ServerError(-32050), message: "Transaction timed out before reaching finality", data: None })) tx_digest=Digest("HHpxJtPv8ywXo2EgdATszdn51y96KiAijopGbfNfbcmf") retry_cnt=2
2026-05-20T11:23:09.321262Z ERROR iota_benchmark: Transaction failed with err: Rpc(Call(ErrorObject { code: ServerError(-32050), message: "Transaction timed out before reaching finality", data: None })) tx_digest=Digest("5hzePoFNqShtp9V1M2JxZ6gPHzrmNiHjGMt6kRJqxtdx") retry_cnt=2
2026-05-20T11:23:09.321514Z ERROR iota_benchmark: Transaction failed with err: Rpc(Call(ErrorObject { code: ServerError(-32050), message: "Transaction timed out before reaching finality", data: None })) tx_digest=Digest("EDziNh4GWUpBCvYSMi4kwTAeegWfY1MgmFVsmEwgqQKr") retry_cnt=2
2026-05-20T11:23:09.321803Z ERROR iota_benchmark: Transaction failed with err: Rpc(Call(ErrorObject { code: ServerError(-32050), message: "Transaction timed out before reaching finality", data: None })) tx_digest=Digest("bqFjDNB8FRzQRbfqSKd8dci3E4iN3M91HfCQ9wooj8g") retry_cnt=2
2026-05-20T11:23:09.322017Z ERROR iota_benchmark: Transaction failed with err: Rpc(Call(ErrorObject { code: ServerError(-32050), message: "Transaction timed out before reaching finality", data: None })) tx_digest=Digest("HYGs7anxMPohHMRC55NofE5TFKsJeRLPeFgePybro8Qu") retry_cnt=2
2026-05-20T11:23:09.322041Z ERROR iota_benchmark: Transaction failed with err: Rpc(Call(ErrorObject { code: ServerError(-32050), message: "Transaction timed out before reaching finality", data: None })) tx_digest=Digest("6GyR1dcAGsoFZ9H33hSDr8BDjubS78oM1h85gkkB2eEM") retry_cnt=2
2026-05-20T11:23:09.322042Z ERROR iota_benchmark: Transaction failed with err: Rpc(Call(ErrorObject { code: ServerError(-32050), message: "Transaction timed out before reaching finality", data: None })) tx_digest=Digest("QM5niAdmN5tsvfaxxCihf78weVEfDqxxcZctA91XmiK") retry_cnt=2
2026-05-20T11:23:09.323109Z ERROR iota_benchmark: Transaction failed with err: Rpc(Call(ErrorObject { code: ServerError(-32050), message: "Transaction timed out before reaching finality", data: None })) tx_digest=Digest("C1aodgMP81arSvQezTrpVM8RdgygDDMWRQ1JuMo2eoNt") retry_cnt=2
2026-05-20T11:23:09.323157Z ERROR iota_benchmark: Transaction failed with err: Rpc(Call(ErrorObject { code: ServerError(-32050), message: "Transaction timed out before reaching finality", data: None })) tx_digest=Digest("9xQAF4u96nHFTFngXixg7sLm87xVFm3tUz3YhwujHw1R") retry_cnt=2
2026-05-20T11:23:09.325751Z ERROR iota_benchmark: Transaction failed with err: Rpc(Call(ErrorObject { code: ServerError(-32050), message: "Transaction timed out before reaching finality", data: None })) tx_digest=Digest("FKQbuStMvuZDCsn4v6A6u13B8ekbZqBa2uq6cVmmyfE") retry_cnt=2
2026-05-20T11:23:09.357547Z ERROR iota_benchmark: Transaction failed with err: Rpc(Call(ErrorObject { code: ServerError(-32050), message: "Transaction timed out before reaching finality", data: None })) tx_digest=Digest("Capgg9L8ZSyjayZrJ8ubKu3eB2Ks94tTupFEiVYBSkbv") retry_cnt=2
2026-05-20T11:23:09.358049Z ERROR iota_benchmark: Transaction failed with err: Rpc(Call(ErrorObject { code: ServerError(-32050), message: "Transaction timed out before reaching finality", data: None })) tx_digest=Digest("HhoJcMvGT79Q9Drg2nNVt99FZiPPduBnT7WBJ1xazL2V") retry_cnt=2
2026-05-20T11:23:09.358138Z ERROR iota_benchmark: Transaction failed with err: Rpc(Call(ErrorObject { code: ServerError(-32050), message: "Transaction timed out before reaching finality", data: None })) tx_digest=Digest("HqyQyWMFQ6cTYSXNyhBNex3PCasyRw6sPwAwHwt6yJv4") retry_cnt=2
2026-05-20T11:23:09.361597Z ERROR iota_benchmark: Transaction failed with err: Rpc(Call(ErrorObject { code: ServerError(-32050), message: "Transaction timed out before reaching finality", data: None })) tx_digest=Digest("7Tka7pN5Z8oC7qRXhHUwiksRyQ2C8wfK9vy9pueb5Cks") retry_cnt=2
2026-05-20T11:23:09.361669Z ERROR iota_benchmark: Transaction failed with err: Rpc(Call(ErrorObject { code: ServerError(-32050), message: "Transaction timed out before reaching finality", data: None })) tx_digest=Digest("HJcDy8HkhfH7h3pp5htm7ZC2cw9LvDBv5yVoXn9dZqbp") retry_cnt=2
2026-05-20T11:23:09.361733Z ERROR iota_benchmark: Transaction failed with err: Rpc(Call(ErrorObject { code: ServerError(-32050), message: "Transaction timed out before reaching finality", data: None })) tx_digest=Digest("7TrKDaeT6pCfEnhNcobEQ77qjRGWTBj8qr9QpqwA36rW") retry_cnt=2
2026-05-20T11:23:09.361772Z ERROR iota_benchmark: Transaction failed with err: Rpc(Call(ErrorObject { code: ServerError(-32050), message: "Transaction timed out before reaching finality", data: None })) tx_digest=Digest("3gSD4hkKsrCx5Aj5nJ1MwuAUFbPKsUoS2XeU9dQYzWrF") retry_cnt=2
2026-05-20T11:23:09.361817Z ERROR iota_benchmark: Transaction failed with err: Rpc(Call(ErrorObject { code: ServerError(-32050), message: "Transaction timed out before reaching finality", data: None })) tx_digest=Digest("9fMP8ahu9X42YTbCkQqwMkWaFr847Nuwk58KqADL7x7L") retry_cnt=2
2026-05-20T11:23:09.362243Z ERROR iota_benchmark: Transaction failed with err: Rpc(Call(ErrorObject { code: ServerError(-32050), message: "Transaction timed out before reaching finality", data: None })) tx_digest=Digest("t3ovsZxv8yCvgQcKpcGheMm1vb9PXHziMtfKYuznrxG") retry_cnt=2
2026-05-20T11:23:09.363049Z ERROR iota_benchmark: Transaction failed with err: Rpc(Call(ErrorObject { code: ServerError(-32050), message: "Transaction timed out before reaching finality", data: None })) tx_digest=Digest("DfTVs9k471WwqKGadUnh27Qw5gWj7L4VHZwQj9V8Ad9a") retry_cnt=2
2026-05-20T11:23:09.365996Z ERROR iota_benchmark: Transaction failed with err: Rpc(Call(ErrorObject { code: ServerError(-32050), message: "Transaction timed out before reaching finality", data: None })) tx_digest=Digest("ASm4fYhDVy7vuFYiVG6v6ptT1o2oFC6XrDNKkrjyF3PG") retry_cnt=2
2026-05-20T11:23:09.377791Z ERROR iota_benchmark: Transaction failed with err: Rpc(Call(ErrorObject { code: ServerError(-32050), message: "Transaction timed out before reaching finality", data: None })) tx_digest=Digest("8FzGgnfCkgdRF6FaAXfxEJqxGUutiR4nC9i8CbzsTim6") retry_cnt=2
2026-05-20T11:23:09.380927Z ERROR iota_benchmark: Transaction failed with err: Rpc(Call(ErrorObject { code: ServerError(-32050), message: "Transaction timed out before reaching finality", data: None })) tx_digest=Digest("qgrnjuvpcPRweTYg2gcXyX65SMUUDPeniVohWwKgvug") retry_cnt=2
2026-05-20T11:23:09.381046Z ERROR iota_benchmark: Transaction failed with err: Rpc(Call(ErrorObject { code: ServerError(-32050), message: "Transaction timed out before reaching finality", data: None })) tx_digest=Digest("GS8maxT4494jHNk9nP83Wmrta1GjoSQweJz56DE1kGLE") retry_cnt=2
2026-05-20T11:23:09.403459Z ERROR iota_benchmark: Transaction failed with err: Rpc(Call(ErrorObject { code: ServerError(-32050), message: "Transaction timed out before reaching finality", data: None })) tx_digest=Digest("2m6NRgKR2oKTgQuXojEef9SuPM1ShEToHqNZVBL1XDis") retry_cnt=2
2026-05-20T11:23:09.403506Z ERROR iota_benchmark: Transaction failed with err: Rpc(Call(ErrorObject { code: ServerError(-32050), message: "Transaction timed out before reaching finality", data: None })) tx_digest=Digest("J4CnzZF2c2ghfTmS2s5RHUkbHS65vYtEZzE5ddRzMRWX") retry_cnt=2
2026-05-20T11:23:09.421682Z ERROR iota_benchmark: Transaction failed with err: Rpc(Call(ErrorObject { code: ServerError(-32050), message: "Transaction timed out before reaching finality", data: None })) tx_digest=Digest("635ULDF9X7cjp3v4EbmkwdpMXRRMuj1LnTaWo6CoVXVB") retry_cnt=2
2026-05-20T11:23:09.445352Z ERROR iota_benchmark: Transaction failed with err: Rpc(Call(ErrorObject { code: ServerError(-32050), message: "Transaction timed out before reaching finality", data: None })) tx_digest=Digest("47X6sm2tgibZFhLRYBKD8cCErcNs4gDmuunjvN7mRxr1") retry_cnt=2
2026-05-20T11:23:09.445434Z ERROR iota_benchmark: Transaction failed with err: Rpc(Call(ErrorObject { code: ServerError(-32050), message: "Transaction timed out before reaching finality", data: None })) tx_digest=Digest("3bhmRuqLJ2rcsTsk7VViAbsVvPv9Sc5Rqw2U2DTFa2fW") retry_cnt=2
2026-05-20T11:23:09.446220Z ERROR iota_benchmark: Transaction failed with err: Rpc(Call(ErrorObject { code: ServerError(-32050), message: "Transaction timed out before reaching finality", data: None })) tx_digest=Digest("DpjVARveoMaFJCNGz7F8CvtmEPHfxTMeceMvkCU9DF6a") retry_cnt=2
2026-05-20T11:23:09.447402Z ERROR iota_benchmark: Transaction failed with err: Rpc(Call(ErrorObject { code: ServerError(-32050), message: "Transaction timed out before reaching finality", data: None })) tx_digest=Digest("8RsCEC22usQDtfHGN2nsuFFesJVK3LY1zp6rijL7ySjZ") retry_cnt=2
2026-05-20T11:23:09.448228Z ERROR iota_benchmark: Transaction failed with err: Rpc(Call(ErrorObject { code: ServerError(-32050), message: "Transaction timed out before reaching finality", data: None })) tx_digest=Digest("5KcciFnxMiYkF9u232RFgg8Arq4Ht51YTsauaSVF6uXH") retry_cnt=2
2026-05-20T11:23:09.448970Z ERROR iota_benchmark: Transaction failed with err: Rpc(Call(ErrorObject { code: ServerError(-32050), message: "Transaction timed out before reaching finality", data: None })) tx_digest=Digest("cGK7z7MNFFN5xafu8m1ziTLtCgthU8c4h6Fh39C6FNp") retry_cnt=2
2026-05-20T11:23:09.448985Z ERROR iota_benchmark: Transaction failed with err: Rpc(Call(ErrorObject { code: ServerError(-32050), message: "Transaction timed out before reaching finality", data: None })) tx_digest=Digest("Co4hU2h7rbGAaqkb5ZGfPWyeqgyAAtF6tXbjDC5wmGDL") retry_cnt=2
2026-05-20T11:23:09.449442Z ERROR iota_benchmark: Transaction failed with err: Rpc(Call(ErrorObject { code: ServerError(-32050), message: "Transaction timed out before reaching finality", data: None })) tx_digest=Digest("6sxhmNWxaMBJ9cqYz9vuaZEZhGvJ1qrnvxqbpmP9ze9K") retry_cnt=2
2026-05-20T11:23:09.458006Z ERROR iota_benchmark: Transaction failed with err: Rpc(Call(ErrorObject { code: ServerError(-32050), message: "Transaction timed out before reaching finality", data: None })) tx_digest=Digest("GbMPWd4Af5bqm6Z8igyUT28EUqpkSeS6hZt89dHTce71") retry_cnt=2
2026-05-20T11:23:09.458304Z ERROR iota_benchmark: Transaction failed with err: Rpc(Call(ErrorObject { code: ServerError(-32050), message: "Transaction timed out before reaching finality", data: None })) tx_digest=Digest("HL1KuDuLYooagvcfF2DKCAUhyJbskEsa5w8WDKdKkC5y") retry_cnt=2
2026-05-20T11:23:09.458308Z ERROR iota_benchmark: Transaction failed with err: Rpc(Call(ErrorObject { code: ServerError(-32050), message: "Transaction timed out before reaching finality", data: None })) tx_digest=Digest("mbp4y3rQSpsNz5sVxx95yQonS9zXdH4QrP19y7ZGnRq") retry_cnt=2
2026-05-20T11:23:09.464687Z ERROR iota_benchmark: Transaction failed with err: Rpc(Call(ErrorObject { code: ServerError(-32050), message: "Transaction timed out before reaching finality", data: None })) tx_digest=Digest("68zZpKp9utXZx1wK1SyDpixEvhq1i1UGPnw9f1hPRncM") retry_cnt=2
2026-05-20T11:23:09.469682Z ERROR iota_benchmark: Transaction failed with err: Rpc(Call(ErrorObject { code: ServerError(-32050), message: "Transaction timed out before reaching finality", data: None })) tx_digest=Digest("kFfHU4yLbzEW4Yoec4LMz6SAyaRuyyDcJoCwWEQRUYm") retry_cnt=2
2026-05-20T11:23:09.472271Z ERROR iota_benchmark: Transaction failed with err: Rpc(Call(ErrorObject { code: ServerError(-32050), message: "Transaction timed out before reaching finality", data: None })) tx_digest=Digest("E3YnsBBDDXjSz9imLQT3RpsTtNT8K5zwKriyBeT49xv1") retry_cnt=2
2026-05-20T11:23:09.481145Z ERROR iota_benchmark: Transaction failed with err: Rpc(Call(ErrorObject { code: ServerError(-32050), message: "Transaction timed out before reaching finality", data: None })) tx_digest=Digest("A13qqEPWKjncd6TWMit9ek5GVrnL5ESLUrueACH2YWfo") retry_cnt=2
2026-05-20T11:23:09.488798Z ERROR iota_benchmark: Transaction failed with err: Rpc(Call(ErrorObject { code: ServerError(-32050), message: "Transaction timed out before reaching finality", data: None })) tx_digest=Digest("C1rzsFdZtVbebRdMkCmsVPucNVsFmqw3Fptoiu1nFVX6") retry_cnt=2
2026-05-20T11:23:09.511322Z ERROR iota_benchmark: Transaction failed with err: Rpc(Call(ErrorObject { code: ServerError(-32050), message: "Transaction timed out before reaching finality", data: None })) tx_digest=Digest("AjWkckm7q1R2D6NbqqhHhijTScXcKKVR7oVfNKDKMrFB") retry_cnt=2
2026-05-20T11:23:09.511380Z ERROR iota_benchmark: Transaction failed with err: Rpc(Call(ErrorObject { code: ServerError(-32050), message: "Transaction timed out before reaching finality", data: None })) tx_digest=Digest("GrTHSJzZX1DyFDT66VWBrwP5sViRsdSAbvN6sgguEBPL") retry_cnt=2
2026-05-20T11:23:09.529576Z ERROR iota_benchmark: Transaction failed with err: Rpc(Call(ErrorObject { code: ServerError(-32050), message: "Transaction timed out before reaching finality", data: None })) tx_digest=Digest("8Q6LfnkerSW4feE6CAaLh6vh8QNS7UTuqQmR7Y7q8BFA") retry_cnt=2
2026-05-20T11:23:09.531981Z ERROR iota_benchmark: Transaction failed with err: Rpc(Call(ErrorObject { code: ServerError(-32050), message: "Transaction timed out before reaching finality", data: None })) tx_digest=Digest("BVPFeS9J65LJcfkiq8s532biAjmZLt9mXS4Sfcqefur7") retry_cnt=2
2026-05-20T11:23:09.532239Z ERROR iota_benchmark: Transaction failed with err: Rpc(Call(ErrorObject { code: ServerError(-32050), message: "Transaction timed out before reaching finality", data: None })) tx_digest=Digest("GwngR9yeyWWYdaHEWsit1e3HQSoAy9Spaerjvm14G8rL") retry_cnt=2
2026-05-20T11:23:09.534951Z ERROR iota_benchmark: Transaction failed with err: Rpc(Call(ErrorObject { code: ServerError(-32050), message: "Transaction timed out before reaching finality", data: None })) tx_digest=Digest("FYey3Bfq9WcJ1qwVtFTacMFrEvYAs3iqMXFLpuke83D5") retry_cnt=2
2026-05-20T11:23:09.534996Z ERROR iota_benchmark: Transaction failed with err: Rpc(Call(ErrorObject { code: ServerError(-32050), message: "Transaction timed out before reaching finality", data: None })) tx_digest=Digest("CY8JkusF1TLwD8Ax1VWgjZuw4qrNCDnHWgM27TnZZoWW") retry_cnt=2
2026-05-20T11:23:09.535047Z ERROR iota_benchmark: Transaction failed with err: Rpc(Call(ErrorObject { code: ServerError(-32050), message: "Transaction timed out before reaching finality", data: None })) tx_digest=Digest("7uGNRUfQhK5TEzV227b3m2r8YCNgNv2hmbzruxhTBkx") retry_cnt=2
2026-05-20T11:23:09.544805Z ERROR iota_benchmark: Transaction failed with err: Rpc(Call(ErrorObject { code: ServerError(-32050), message: "Transaction timed out before reaching finality", data: None })) tx_digest=Digest("7BYUAaAMPSe2mYWgejjH1kmV5ynN8s7bXoWeq5DBkkHX") retry_cnt=2
2026-05-20T11:23:09.550430Z ERROR iota_benchmark: Transaction failed with err: Rpc(Call(ErrorObject { code: ServerError(-32050), message: "Transaction timed out before reaching finality", data: None })) tx_digest=Digest("BrDVTy7w6bb8FRcRLBqN2Xf6GDteGiwAJTN4M7E6pQzK") retry_cnt=2
2026-05-20T11:23:09.552747Z ERROR iota_benchmark: Transaction failed with err: Rpc(Call(ErrorObject { code: ServerError(-32050), message: "Transaction timed out before reaching finality", data: None })) tx_digest=Digest("DiRBeSL4B49hum8riNDD84ntgefaQKLqnTy8bvd4vCj6") retry_cnt=2
2026-05-20T11:23:09.552776Z ERROR iota_benchmark: Transaction failed with err: Rpc(Call(ErrorObject { code: ServerError(-32050), message: "Transaction timed out before reaching finality", data: None })) tx_digest=Digest("DFpHHEV5jHxonrSBgY392VyXzsoU4KpmD6cskr5HbvpM") retry_cnt=2
2026-05-20T11:23:09.556102Z ERROR iota_benchmark: Transaction failed with err: Rpc(Call(ErrorObject { code: ServerError(-32050), message: "Transaction timed out before reaching finality", data: None })) tx_digest=Digest("HVR68Zbd24DjemvPUyGXpfyZXnrePzQWQifNKZvHHLYp") retry_cnt=2
2026-05-20T11:23:09.559266Z ERROR iota_benchmark: Transaction failed with err: Rpc(Call(ErrorObject { code: ServerError(-32050), message: "Transaction timed out before reaching finality", data: None })) tx_digest=Digest("paMBm3kNpEkzuoN9yyzHtHtzEnscmpRNYnSr9QMzgGe") retry_cnt=2
2026-05-20T11:23:09.563986Z ERROR iota_benchmark: Transaction failed with err: Rpc(Call(ErrorObject { code: ServerError(-32050), message: "Transaction timed out before reaching finality", data: None })) tx_digest=Digest("GZfTr6kYYJjfuSUd8DJJqa7C3yt8HLWzLDmEaUovvCN6") retry_cnt=2
2026-05-20T11:23:09.564046Z ERROR iota_benchmark: Transaction failed with err: Rpc(Call(ErrorObject { code: ServerError(-32050), message: "Transaction timed out before reaching finality", data: None })) tx_digest=Digest("CW6Jk5Hz4ReD2HsB9DUU9rpzbJREzghUpHJPoG7E7oVF") retry_cnt=2
2026-05-20T11:23:09.567379Z ERROR iota_benchmark: Transaction failed with err: Rpc(Call(ErrorObject { code: ServerError(-32050), message: "Transaction timed out before reaching finality", data: None })) tx_digest=Digest("FqhHzFmrjZ4pPRrfKmsryH4soL9E3q8buCFDZWTN7tnc") retry_cnt=2
2026-05-20T11:23:09.569840Z ERROR iota_benchmark: Transaction failed with err: Rpc(Call(ErrorObject { code: ServerError(-32050), message: "Transaction timed out before reaching finality", data: None })) tx_digest=Digest("5tAzmeS3WCa8M8sMTfL5xaMYmCPpVsJUej4EE5DEhH3Y") retry_cnt=2
2026-05-20T11:23:09.569906Z ERROR iota_benchmark: Transaction failed with err: Rpc(Call(ErrorObject { code: ServerError(-32050), message: "Transaction timed out before reaching finality", data: None })) tx_digest=Digest("Ew7yAVBxsTCGC1EBwR6cZtJ1eRnRQ9sePSZdMC6kkjm1") retry_cnt=2
2026-05-20T11:23:09.570089Z ERROR iota_benchmark: Transaction failed with err: Rpc(Call(ErrorObject { code: ServerError(-32050), message: "Transaction timed out before reaching finality", data: None })) tx_digest=Digest("4Lq4jhNqYe7r88hZojSMyNyXWgHpQtoyVWRzaK3Pc9sc") retry_cnt=2
2026-05-20T11:23:09.570144Z ERROR iota_benchmark: Transaction failed with err: Rpc(Call(ErrorObject { code: ServerError(-32050), message: "Transaction timed out before reaching finality", data: None })) tx_digest=Digest("GEzFGjevPqcMMFgMmcMsuih9D5KCWKXzYZf7P1vQrwzc") retry_cnt=2
2026-05-20T11:23:09.572652Z ERROR iota_benchmark: Transaction failed with err: Rpc(Call(ErrorObject { code: ServerError(-32050), message: "Transaction timed out before reaching finality", data: None })) tx_digest=Digest("GsvB4SNqDQFnwCqyWpBSnxGFGws1bbfrdjnXW4MHQxJk") retry_cnt=2
2026-05-20T11:23:09.572722Z ERROR iota_benchmark: Transaction failed with err: Rpc(Call(ErrorObject { code: ServerError(-32050), message: "Transaction timed out before reaching finality", data: None })) tx_digest=Digest("BX1BuQfymG8DAcu7JQmg86MoHkoX4ZMqx7QZGxQNJJiR") retry_cnt=2
2026-05-20T11:23:09.574182Z ERROR iota_benchmark: Transaction failed with err: Rpc(Call(ErrorObject { code: ServerError(-32050), message: "Transaction timed out before reaching finality", data: None })) tx_digest=Digest("HXEAH3GZUAFdL3Jxs27Ssvk54DmjxgUML9bK37iSBvZi") retry_cnt=2
2026-05-20T11:23:09.590527Z ERROR iota_benchmark: Transaction failed with err: Rpc(Call(ErrorObject { code: ServerError(-32050), message: "Transaction timed out before reaching finality", data: None })) tx_digest=Digest("9esAwF2w1ttT7UAe6Vux9mh2a2dmEwUPwyV8pPkEEhGt") retry_cnt=2
2026-05-20T11:23:09.597046Z ERROR iota_benchmark: Transaction failed with err: Rpc(Call(ErrorObject { code: ServerError(-32050), message: "Transaction timed out before reaching finality", data: None })) tx_digest=Digest("Geddv3GVy7HUQAhnSRwxmVxeRtU4WvoCeb4k6Zv41U34") retry_cnt=2
2026-05-20T11:23:09.603731Z ERROR iota_benchmark: Transaction failed with err: Rpc(Call(ErrorObject { code: ServerError(-32050), message: "Transaction timed out before reaching finality", data: None })) tx_digest=Digest("9fA2fStxQVcsrAcBhdQ1ReDUgyGPnoK5YhCb8giB6Nj") retry_cnt=2
2026-05-20T11:23:09.626676Z ERROR iota_benchmark: Transaction failed with err: Rpc(Call(ErrorObject { code: ServerError(-32050), message: "Transaction timed out before reaching finality", data: None })) tx_digest=Digest("7vN6XoCjviHRJzGk7kifKGTrvxNto8kH1WYJ2aUHAYEe") retry_cnt=2
2026-05-20T11:23:09.632483Z ERROR iota_benchmark: Transaction failed with err: Rpc(Call(ErrorObject { code: ServerError(-32050), message: "Transaction timed out before reaching finality", data: None })) tx_digest=Digest("Ez6xPHHHe1TQw8mCAXGZhLhzqBM1kkYoVCVqPHCUxjUP") retry_cnt=2
2026-05-20T11:23:09.632598Z ERROR iota_benchmark: Transaction failed with err: Rpc(Call(ErrorObject { code: ServerError(-32050), message: "Transaction timed out before reaching finality", data: None })) tx_digest=Digest("FUXad2hzSknmxQ8B4wmpJgR1H4yHbnYNN6FsKLiLeDrg") retry_cnt=2
2026-05-20T11:23:09.632682Z ERROR iota_benchmark: Transaction failed with err: Rpc(Call(ErrorObject { code: ServerError(-32050), message: "Transaction timed out before reaching finality", data: None })) tx_digest=Digest("4pAbE67zPRef466frFMprRZn45qoFitCYtM68E1GNnqS") retry_cnt=2
2026-05-20T11:23:09.641727Z ERROR iota_benchmark: Transaction failed with err: Rpc(Call(ErrorObject { code: ServerError(-32050), message: "Transaction timed out before reaching finality", data: None })) tx_digest=Digest("ESkwwYzuojpu2tDAV28e86cGA54JCaW7Ps6ojFwhjm65") retry_cnt=2
2026-05-20T11:23:09.650612Z ERROR iota_benchmark: Transaction failed with err: Rpc(Call(ErrorObject { code: ServerError(-32050), message: "Transaction timed out before reaching finality", data: None })) tx_digest=Digest("8xShdM2m6w5QtDQMjSCgS8sEcRAPQ9Q9s41h4Hs5HHKK") retry_cnt=2
2026-05-20T11:23:09.659134Z ERROR iota_benchmark: Transaction failed with err: Rpc(Call(ErrorObject { code: ServerError(-32050), message: "Transaction timed out before reaching finality", data: None })) tx_digest=Digest("AztKr4ZiL8CfEtehST8yEExEA2VvZkNsFMVrh21ZrnXR") retry_cnt=2
2026-05-20T11:23:09.659324Z ERROR iota_benchmark: Transaction failed with err: Rpc(Call(ErrorObject { code: ServerError(-32050), message: "Transaction timed out before reaching finality", data: None })) tx_digest=Digest("8rurpmnRaYNJF2ETagEY5DfWgV5wsa85KbQwSj4wGk5U") retry_cnt=2
2026-05-20T11:23:09.697088Z ERROR iota_benchmark: Transaction failed with err: Rpc(Call(ErrorObject { code: ServerError(-32050), message: "Transaction timed out before reaching finality", data: None })) tx_digest=Digest("7iHgido82EEWxr8vbDsT33Ac8BDE6Q8bwZDDYqRuptHm") retry_cnt=2
2026-05-20T11:23:09.711819Z ERROR iota_benchmark: Transaction failed with err: Rpc(Call(ErrorObject { code: ServerError(-32050), message: "Transaction timed out before reaching finality", data: None })) tx_digest=Digest("8DZRzP33BBH47J54XUtf8wcHLumpnMbdRtHvQZvwSLhe") retry_cnt=2
2026-05-20T11:23:09.711944Z ERROR iota_benchmark: Transaction failed with err: Rpc(Call(ErrorObject { code: ServerError(-32050), message: "Transaction timed out before reaching finality", data: None })) tx_digest=Digest("HCTwGwL8pGQuky8LTTwdqaro4wzLzmCsbytPwgxSNn4r") retry_cnt=2
2026-05-20T11:23:09.726537Z ERROR iota_benchmark: Transaction failed with err: Rpc(Call(ErrorObject { code: ServerError(-32050), message: "Transaction timed out before reaching finality", data: None })) tx_digest=Digest("5wXDZzJKNyNoGkYeVW64c44PdhCGcAcwqjML4oNFHVj8") retry_cnt=2
2026-05-20T11:23:09.745470Z ERROR iota_benchmark: Transaction failed with err: Rpc(Call(ErrorObject { code: ServerError(-32050), message: "Transaction timed out before reaching finality", data: None })) tx_digest=Digest("Fizx1bb2mJWwUTGogqyLZHnchhktC2mL95XBo8UM9Quk") retry_cnt=2
2026-05-20T11:23:09.748976Z ERROR iota_benchmark: Transaction failed with err: Rpc(Call(ErrorObject { code: ServerError(-32050), message: "Transaction timed out before reaching finality", data: None })) tx_digest=Digest("36oNq1mDSevdR4vrmgyXZWNwip7VvYfpyoFTtEotgvW2") retry_cnt=2
2026-05-20T11:23:09.850022Z ERROR iota_benchmark: Transaction failed with err: Rpc(Call(ErrorObject { code: ServerError(-32050), message: "Transaction timed out before reaching finality", data: None })) tx_digest=Digest("6a4yHQppu9VoFnNACFLzseZVuMEy5HpHrEbQmekrQ2N2") retry_cnt=2
2026-05-20T11:23:09.933575Z ERROR iota_benchmark: Transaction failed with err: Rpc(Call(ErrorObject { code: ServerError(-32050), message: "Transaction timed out before reaching finality", data: None })) tx_digest=Digest("355d9ZUjrq9MuGQUf22xR9j1DHAxemhTSea754xsbTw2") retry_cnt=2
2026-05-20T11:23:10.010992Z ERROR iota_benchmark: Transaction failed with err: Rpc(Call(ErrorObject { code: ServerError(-32050), message: "Transaction timed out before reaching finality", data: None })) tx_digest=Digest("EPKpkZTa8CaC7orVvJrT1YKtPehAekdUoBuvAj4PGxa8") retry_cnt=2
2026-05-20T11:23:10.019582Z ERROR iota_benchmark: Transaction failed with err: Rpc(Call(ErrorObject { code: ServerError(-32050), message: "Transaction timed out before reaching finality", data: None })) tx_digest=Digest("GHF1b3eA7xAzbwPm3a68P1XjWpLqcKnrqZgSmzNz25Q8") retry_cnt=2
2026-05-20T11:23:10.019711Z ERROR iota_benchmark: Transaction failed with err: Rpc(Call(ErrorObject { code: ServerError(-32050), message: "Transaction timed out before reaching finality", data: None })) tx_digest=Digest("4bviaRNfh8wvFExvL7do76rxr4LprEkRYqwPKkXdmhji") retry_cnt=2
2026-05-20T11:23:10.024407Z ERROR iota_benchmark: Transaction failed with err: Rpc(Call(ErrorObject { code: ServerError(-32050), message: "Transaction timed out before reaching finality", data: None })) tx_digest=Digest("Eji9QpnmSAw9e7U9RaCNiCjTPfCpvR164C3w65nyzC4m") retry_cnt=2
2026-05-20T11:23:10.029111Z ERROR iota_benchmark: Transaction failed with err: Rpc(Call(ErrorObject { code: ServerError(-32050), message: "Transaction timed out before reaching finality", data: None })) tx_digest=Digest("9WAPp8zWtSV1Y3cVWg2G5S54ZkdGAyyNeLUiMKp5V2HT") retry_cnt=2
2026-05-20T11:23:10.067810Z ERROR iota_benchmark: Transaction failed with err: Rpc(Call(ErrorObject { code: ServerError(-32050), message: "Transaction timed out before reaching finality", data: None })) tx_digest=Digest("8CYpC9LtLid6dfDd6zcMkd3wcdDUM2qSBKw3XjJrH2da") retry_cnt=2
2026-05-20T11:23:10.073405Z ERROR iota_benchmark: Transaction failed with err: Rpc(Call(ErrorObject { code: ServerError(-32050), message: "Transaction timed out before reaching finality", data: None })) tx_digest=Digest("GTeCD9Q4P2A64BG1G6JUX8LkDGzRoGex26ejmg2oVXSv") retry_cnt=2
2026-05-20T11:23:10.158764Z ERROR iota_benchmark: Transaction failed with err: Rpc(Call(ErrorObject { code: ServerError(-32050), message: "Transaction timed out before reaching finality", data: None })) tx_digest=Digest("BMZZgr6SBASJSC8NH6uMTfRfDVktn13tRHX9Zrm92kGT") retry_cnt=2
2026-05-20T11:23:10.158767Z ERROR iota_benchmark: Transaction failed with err: Rpc(Call(ErrorObject { code: ServerError(-32050), message: "Transaction timed out before reaching finality", data: None })) tx_digest=Digest("FDhVKkybdG7NYLFH3dFY3BwhN19UCKo6VmKdja4di7xR") retry_cnt=2
2026-05-20T11:23:10.161070Z ERROR iota_benchmark: Transaction failed with err: Rpc(Call(ErrorObject { code: ServerError(-32050), message: "Transaction timed out before reaching finality", data: None })) tx_digest=Digest("E6Uc5jawp245hyECczM526QG8V2FkXrixy96b57uEKCg") retry_cnt=2
2026-05-20T11:23:10.187071Z ERROR iota_benchmark: Transaction failed with err: Rpc(Call(ErrorObject { code: ServerError(-32050), message: "Transaction timed out before reaching finality", data: None })) tx_digest=Digest("GfLW4XzKYFVWwq4zpKrVAb1kziXbBAmMThi1NzDWpAwp") retry_cnt=2
2026-05-20T11:23:10.197304Z ERROR iota_benchmark: Transaction failed with err: Rpc(Call(ErrorObject { code: ServerError(-32050), message: "Transaction timed out before reaching finality", data: None })) tx_digest=Digest("EXLmY7Sg2nXGg8AjRHfymooHwCZm8xckRx8N7Zh8nHQV") retry_cnt=2
2026-05-20T11:23:10.258427Z ERROR iota_benchmark: Transaction failed with err: Rpc(Call(ErrorObject { code: ServerError(-32050), message: "Transaction timed out before reaching finality", data: None })) tx_digest=Digest("Ast6KHUR4vDokaFwYcz1RkFPXKv96BqtbMA1mXdGydQg") retry_cnt=2
2026-05-20T11:23:10.264184Z ERROR iota_benchmark: Transaction failed with err: Rpc(Call(ErrorObject { code: ServerError(-32050), message: "Transaction timed out before reaching finality", data: None })) tx_digest=Digest("9qoD7RxGgxbRkGsfrA9Bo9fmuAW7EUc1eDTkQKBd4Tir") retry_cnt=2
2026-05-20T11:23:10.287974Z ERROR iota_benchmark: Transaction failed with err: Rpc(Call(ErrorObject { code: ServerError(-32050), message: "Transaction timed out before reaching finality", data: None })) tx_digest=Digest("AErmcHKHGdfxG4aiwtX7bLmVkMrYicZQfoPKVV1qrS5a") retry_cnt=2
2026-05-20T11:23:10.298855Z ERROR iota_benchmark: Transaction failed with err: Rpc(Call(ErrorObject { code: ServerError(-32050), message: "Transaction timed out before reaching finality", data: None })) tx_digest=Digest("9TM7ny4VqQirAdGMNXcFUYrLN9eU2iwnLvCe5RFwB7VH") retry_cnt=2
2026-05-20T11:23:10.325707Z ERROR iota_benchmark: Transaction failed with err: Rpc(Call(ErrorObject { code: ServerError(-32050), message: "Transaction timed out before reaching finality", data: None })) tx_digest=Digest("Hegm4bXcrjaGcenXbfuVniTCmps3VWMsxViyEFDHhAyz") retry_cnt=2
2026-05-20T11:23:10.346566Z ERROR iota_benchmark: Transaction failed with err: Rpc(Call(ErrorObject { code: ServerError(-32050), message: "Transaction timed out before reaching finality", data: None })) tx_digest=Digest("8gCMmfVrDd4J93CiTaSyRR6iZ8tLSn5VMngL1L1mSg4i") retry_cnt=2
2026-05-20T11:23:10.353836Z ERROR iota_benchmark: Transaction failed with err: Rpc(Call(ErrorObject { code: ServerError(-32050), message: "Transaction timed out before reaching finality", data: None })) tx_digest=Digest("CGon5y9WbDJ2MUUP1nyXs9KEm7UZNBM7QktbSkP8SwaS") retry_cnt=2
2026-05-20T11:23:10.354877Z ERROR iota_benchmark: Transaction failed with err: Rpc(Call(ErrorObject { code: ServerError(-32050), message: "Transaction timed out before reaching finality", data: None })) tx_digest=Digest("2Qx3cT9vJvTmgGGEWN79rtSU5TKjffEfu1kVq4WMuKVn") retry_cnt=2
2026-05-20T11:23:10.395276Z ERROR iota_benchmark: Transaction failed with err: Rpc(Call(ErrorObject { code: ServerError(-32050), message: "Transaction timed out before reaching finality", data: None })) tx_digest=Digest("Cq33fdBFd5jc4AGusuhJaxa8w3Add27hi8HyTPeRpxwS") retry_cnt=2
2026-05-20T11:23:10.458470Z ERROR iota_benchmark: Transaction failed with err: Rpc(Call(ErrorObject { code: ServerError(-32050), message: "Transaction timed out before reaching finality", data: None })) tx_digest=Digest("Gs8e249FBUcdcrefmR5qmQKa4hsSv1GEfFLy1ALZAife") retry_cnt=2
2026-05-20T11:23:10.462261Z ERROR iota_benchmark: Transaction failed with err: Rpc(Call(ErrorObject { code: ServerError(-32050), message: "Transaction timed out before reaching finality", data: None })) tx_digest=Digest("4soo1ntLkTCHizhmcVu1gtq4MkKbvTWsBgu7796JWJL5") retry_cnt=2
2026-05-20T11:23:10.584901Z ERROR iota_benchmark: Transaction failed with err: Rpc(Call(ErrorObject { code: ServerError(-32050), message: "Transaction timed out before reaching finality", data: None })) tx_digest=Digest("Edaje2Ju57s6x3vNXWJXaQwh3kmiyQE5BNgdpipKNE19") retry_cnt=2
2026-05-20T11:23:10.596047Z ERROR iota_benchmark: Transaction failed with err: Rpc(Call(ErrorObject { code: ServerError(-32050), message: "Transaction timed out before reaching finality", data: None })) tx_digest=Digest("7pa5RdSrVFDVvDoKs7QSEuQak5RDpSM6yFXDA1HcZgC1") retry_cnt=2
2026-05-20T11:23:10.601938Z ERROR iota_benchmark: Transaction failed with err: Rpc(Call(ErrorObject { code: ServerError(-32050), message: "Transaction timed out before reaching finality", data: None })) tx_digest=Digest("FoNyDPGV9CRfFnV3brXHQNSqhrn7ePiWx8JCTsnmDc9i") retry_cnt=2
2026-05-20T11:23:10.601997Z ERROR iota_benchmark: Transaction failed with err: Rpc(Call(ErrorObject { code: ServerError(-32050), message: "Transaction timed out before reaching finality", data: None })) tx_digest=Digest("527ynWGKwnAZsJDjpPk1JvSQ2bRkdGr1UzKkUaNzT178") retry_cnt=2
2026-05-20T11:23:10.615680Z ERROR iota_benchmark: Transaction failed with err: Rpc(Call(ErrorObject { code: ServerError(-32050), message: "Transaction timed out before reaching finality", data: None })) tx_digest=Digest("3dMM3w1xWXYNc8Z8pJNjz9hPnwwYtWyJHjvXiqTnonsU") retry_cnt=2
2026-05-20T11:23:10.615751Z ERROR iota_benchmark: Transaction failed with err: Rpc(Call(ErrorObject { code: ServerError(-32050), message: "Transaction timed out before reaching finality", data: None })) tx_digest=Digest("4wNomCEgER71Jdf6cycy8rndFt3Q442Yztcy25wFFqu1") retry_cnt=2
2026-05-20T11:23:10.616915Z ERROR iota_benchmark: Transaction failed with err: Rpc(Call(ErrorObject { code: ServerError(-32050), message: "Transaction timed out before reaching finality", data: None })) tx_digest=Digest("5buA384YFTYE4orSgKr2MrYSVgu9Hfwrx9LYbrVS1Hjw") retry_cnt=2
2026-05-20T11:23:10.624975Z ERROR iota_benchmark: Transaction failed with err: Rpc(Call(ErrorObject { code: ServerError(-32050), message: "Transaction timed out before reaching finality", data: None })) tx_digest=Digest("ETpwVrrT33jhPhPb66t9FGrb6BVpbKf4uN4ZeTRnu8Hg") retry_cnt=2
2026-05-20T11:23:10.637669Z ERROR iota_benchmark: Transaction failed with err: Rpc(Call(ErrorObject { code: ServerError(-32050), message: "Transaction timed out before reaching finality", data: None })) tx_digest=Digest("6Dgf19XcEEGSJ59RPfmBfx5Gbi6vNncHnwxsTjbFupAe") retry_cnt=2
2026-05-20T11:23:10.680521Z ERROR iota_benchmark: Transaction failed with err: Rpc(Call(ErrorObject { code: ServerError(-32050), message: "Transaction timed out before reaching finality", data: None })) tx_digest=Digest("EJ6NJSADNwYrJv9KQCqWucpJ16whc64hMoozpPgMBpAx") retry_cnt=2
2026-05-20T11:23:10.695986Z ERROR iota_benchmark: Transaction failed with err: Rpc(Call(ErrorObject { code: ServerError(-32050), message: "Transaction timed out before reaching finality", data: None })) tx_digest=Digest("2qKpzJ4H9C7n5XUkFCaZgyeb7vmsHdE3FGMzjeg7zPW5") retry_cnt=2
2026-05-20T11:23:10.724123Z ERROR iota_benchmark: Transaction failed with err: Rpc(Call(ErrorObject { code: ServerError(-32050), message: "Transaction timed out before reaching finality", data: None })) tx_digest=Digest("6hnzPDhEMgf85QM4Tkb8mhQYF3PwdsdRbn1m6yyY2sRU") retry_cnt=2
2026-05-20T11:23:10.741638Z ERROR iota_benchmark: Transaction failed with err: Rpc(Call(ErrorObject { code: ServerError(-32050), message: "Transaction timed out before reaching finality", data: None })) tx_digest=Digest("8KbHWaEyRXUWB7BEmjetpRsQMx5pNn9JjKouLSJVqbux") retry_cnt=2
2026-05-20T11:23:10.837661Z ERROR iota_benchmark: Transaction failed with err: Rpc(Call(ErrorObject { code: ServerError(-32050), message: "Transaction timed out before reaching finality", data: None })) tx_digest=Digest("GoeyXczDBGQJm7sNoJg1KCGUvdBqhobqNyrtq42JArjk") retry_cnt=2
2026-05-20T11:23:10.962990Z ERROR iota_benchmark: Transaction failed with err: Rpc(Call(ErrorObject { code: ServerError(-32050), message: "Transaction timed out before reaching finality", data: None })) tx_digest=Digest("BU6WsmieiueQ6VUA7bNkDqTfqL1nqaVCYc2Y5xGUjVWq") retry_cnt=2
2026-05-20T11:23:10.994085Z ERROR iota_benchmark: Transaction failed with err: Rpc(Call(ErrorObject { code: ServerError(-32050), message: "Transaction timed out before reaching finality", data: None })) tx_digest=Digest("3TDdUwj7FxWu4Yfkq4wbYZn4SdA9dctziCPLNCzrwP1Q") retry_cnt=2
2026-05-20T11:23:10.994164Z ERROR iota_benchmark: Transaction failed with err: Rpc(Call(ErrorObject { code: ServerError(-32050), message: "Transaction timed out before reaching finality", data: None })) tx_digest=Digest("8sCAqzeTU9mkyPU3tJ67VnoNiELdAzct6YodpqoiqSmQ") retry_cnt=2
2026-05-20T11:23:11.059175Z ERROR iota_benchmark: Transaction failed with err: Rpc(Call(ErrorObject { code: ServerError(-32050), message: "Transaction timed out before reaching finality", data: None })) tx_digest=Digest("9eGDQjmf2hdW7WZUgPaSrFK9zNdonCqA7RzdQzy2pfUf") retry_cnt=2
2026-05-20T11:23:11.061720Z ERROR iota_benchmark: Transaction failed with err: Rpc(Call(ErrorObject { code: ServerError(-32050), message: "Transaction timed out before reaching finality", data: None })) tx_digest=Digest("2Se1pRzSAvBD6tXD7ZcMebSsj26sj37txtr4KbLqBToe") retry_cnt=2
2026-05-20T11:23:11.152942Z ERROR iota_benchmark: Transaction failed with err: Rpc(Call(ErrorObject { code: ServerError(-32050), message: "Transaction timed out before reaching finality", data: None })) tx_digest=Digest("AcXAuT4apbvCUoE1zACs2w84mzKvLkCTghBHULknvVwc") retry_cnt=2
2026-05-20T11:23:11.154430Z ERROR iota_benchmark: Transaction failed with err: Rpc(Call(ErrorObject { code: ServerError(-32050), message: "Transaction timed out before reaching finality", data: None })) tx_digest=Digest("8qRE5fFPcGYQ5kN7Njsry1YMasM5i8NJoEFeRti6DtQW") retry_cnt=2
2026-05-20T11:23:11.155308Z ERROR iota_benchmark: Transaction failed with err: Rpc(Call(ErrorObject { code: ServerError(-32050), message: "Transaction timed out before reaching finality", data: None })) tx_digest=Digest("CkRsEtmfT9hrq3gSZZwnVXVR5J6W9BHHEXiPvJN8PgdV") retry_cnt=2
2026-05-20T11:23:11.155647Z ERROR iota_benchmark: Transaction failed with err: Rpc(Call(ErrorObject { code: ServerError(-32050), message: "Transaction timed out before reaching finality", data: None })) tx_digest=Digest("8NCihZyvAa9QWGaUxyS6Y5aYVcrLnRkSVJW3J5qpwoto") retry_cnt=2
2026-05-20T11:23:11.155791Z ERROR iota_benchmark: Transaction failed with err: Rpc(Call(ErrorObject { code: ServerError(-32050), message: "Transaction timed out before reaching finality", data: None })) tx_digest=Digest("6Us1XePE1cefjHUaraE8WBeTpisV6byk42aJWDPfbYEy") retry_cnt=2
2026-05-20T11:23:11.241616Z ERROR iota_benchmark: Transaction failed with err: Rpc(Call(ErrorObject { code: ServerError(-32050), message: "Transaction timed out before reaching finality", data: None })) tx_digest=Digest("8KKqiymGd8uDFSb2r2s1imtjMgRMQi8cjktMeZH5D9XN") retry_cnt=2
2026-05-20T11:23:11.244383Z ERROR iota_benchmark: Transaction failed with err: Rpc(Call(ErrorObject { code: ServerError(-32050), message: "Transaction timed out before reaching finality", data: None })) tx_digest=Digest("4qynqGPyVzfYy48Qug9QLU7C57eRzMdhwwQdYFRvSVkZ") retry_cnt=2
2026-05-20T11:23:11.266085Z ERROR iota_benchmark: Transaction failed with err: Rpc(Call(ErrorObject { code: ServerError(-32050), message: "Transaction timed out before reaching finality", data: None })) tx_digest=Digest("HYvyYRYHMPBKGArjhkmGywznDZBHaZt476KiTG9yBNYZ") retry_cnt=2
2026-05-20T11:23:11.390331Z ERROR iota_benchmark: Transaction failed with err: Rpc(Call(ErrorObject { code: ServerError(-32050), message: "Transaction timed out before reaching finality", data: None })) tx_digest=Digest("9Uj6PVUCPxXJjr48Td76637Q4VBQ5Z1KhbnM5DdJSWSE") retry_cnt=2
2026-05-20T11:23:11.390543Z ERROR iota_benchmark: Transaction failed with err: Rpc(Call(ErrorObject { code: ServerError(-32050), message: "Transaction timed out before reaching finality", data: None })) tx_digest=Digest("2fSBmgryY4NwFhRfrMtiprJ1QGEEL3bx2QtN66cwF6da") retry_cnt=2
2026-05-20T11:23:11.430030Z ERROR iota_benchmark: Transaction failed with err: Rpc(Call(ErrorObject { code: ServerError(-32050), message: "Transaction timed out before reaching finality", data: None })) tx_digest=Digest("86yxYjRppT3PTYHviBJgGeK156jxasDg8PHcyFT48ijt") retry_cnt=2
2026-05-20T11:23:11.453837Z ERROR iota_benchmark: Transaction failed with err: Rpc(Call(ErrorObject { code: ServerError(-32050), message: "Transaction timed out before reaching finality", data: None })) tx_digest=Digest("A4iP7wZbvZ9bBBzXDeKZmnfQFTsCp9RcV7H1amnkLyGp") retry_cnt=2
2026-05-20T11:23:11.520127Z ERROR iota_benchmark: Transaction failed with err: Rpc(Call(ErrorObject { code: ServerError(-32050), message: "Transaction timed out before reaching finality", data: None })) tx_digest=Digest("7qJjY3nL5JbC1CjpkA5XgHcykgELZb2B9RCzCBNhimYo") retry_cnt=2
2026-05-20T11:23:11.520270Z ERROR iota_benchmark: Transaction failed with err: Rpc(Call(ErrorObject { code: ServerError(-32050), message: "Transaction timed out before reaching finality", data: None })) tx_digest=Digest("HfAJb2SayJ9md5K99d7vGPJwd49kkb3ZKV3hvsiqDTRG") retry_cnt=2
2026-05-20T11:23:11.624269Z ERROR iota_benchmark: Transaction failed with err: Rpc(Call(ErrorObject { code: ServerError(-32050), message: "Transaction timed out before reaching finality", data: None })) tx_digest=Digest("EydY4xw7UKdnpAKdJMgGyGVHSvGf374Z5K5QuebxsyTr") retry_cnt=2
2026-05-20T11:23:11.625945Z ERROR iota_benchmark: Transaction failed with err: Rpc(Call(ErrorObject { code: ServerError(-32050), message: "Transaction timed out before reaching finality", data: None })) tx_digest=Digest("8vt6WdhhHG5DMskixJrrp7NktdcvrrWJ5BDGjdk3goqB") retry_cnt=2
2026-05-20T11:23:11.733564Z ERROR iota_benchmark: Transaction failed with err: Rpc(Call(ErrorObject { code: ServerError(-32050), message: "Transaction timed out before reaching finality", data: None })) tx_digest=Digest("ABrGEkZxSmqhjNHHemnEMLs4dKPn9L18TCqzLS5tqfat") retry_cnt=2
2026-05-20T11:23:11.734535Z ERROR iota_benchmark: Transaction failed with err: Rpc(Call(ErrorObject { code: ServerError(-32050), message: "Transaction timed out before reaching finality", data: None })) tx_digest=Digest("8rQjiD7UDFAa2vh24WihNXYhVWqWmKxiSTLEehHj6ACV") retry_cnt=2
2026-05-20T11:23:11.796235Z ERROR iota_benchmark: Transaction failed with err: Rpc(Call(ErrorObject { code: ServerError(-32050), message: "Transaction timed out before reaching finality", data: None })) tx_digest=Digest("CebGAwizDJ8mPup714gq1Kp8YYv8b88xHxV1aGmK7fy") retry_cnt=2
2026-05-20T11:23:11.796303Z ERROR iota_benchmark: Transaction failed with err: Rpc(Call(ErrorObject { code: ServerError(-32050), message: "Transaction timed out before reaching finality", data: None })) tx_digest=Digest("C4SuJnbNMk3emK3DkAP1FyTMATatvGKMYtyTpuU8zyHA") retry_cnt=2
2026-05-20T11:23:11.801220Z ERROR iota_benchmark: Transaction failed with err: Rpc(Call(ErrorObject { code: ServerError(-32050), message: "Transaction timed out before reaching finality", data: None })) tx_digest=Digest("6LYshB2M5vo39PbcXqTUQ762xJaJfLqbHjBrLtieUG7r") retry_cnt=2
2026-05-20T11:23:11.821408Z ERROR iota_benchmark: Transaction failed with err: Rpc(Call(ErrorObject { code: ServerError(-32050), message: "Transaction timed out before reaching finality", data: None })) tx_digest=Digest("5oXBTUo4rKsHGemp9aiqaaS47PzcY645Pf9UgwZM5mnN") retry_cnt=2
2026-05-20T11:23:11.850050Z ERROR iota_benchmark: Transaction failed with err: Rpc(Call(ErrorObject { code: ServerError(-32050), message: "Transaction timed out before reaching finality", data: None })) tx_digest=Digest("AU9D4Eo7BjRhEym4V1ApmkDDpxGkX3VhG7bP2BSAtQVc") retry_cnt=2
2026-05-20T11:23:11.850648Z ERROR iota_benchmark: Transaction failed with err: Rpc(Call(ErrorObject { code: ServerError(-32050), message: "Transaction timed out before reaching finality", data: None })) tx_digest=Digest("2JpyonyDnUUGpLAsJB5bcNc5tp6AwXzSv2R7UfytnYgb") retry_cnt=2
2026-05-20T11:23:11.905223Z ERROR iota_benchmark: Transaction failed with err: Rpc(Call(ErrorObject { code: ServerError(-32050), message: "Transaction timed out before reaching finality", data: None })) tx_digest=Digest("6H8awWUdKaXnVr5ihNVzZVSwbEGZRqhnAPDrBPpxG8iM") retry_cnt=2
2026-05-20T11:23:11.905398Z ERROR iota_benchmark: Transaction failed with err: Rpc(Call(ErrorObject { code: ServerError(-32050), message: "Transaction timed out before reaching finality", data: None })) tx_digest=Digest("Diugo2CjWDqugBdyi6zcpha9vZCUsY45emwEJDGGvEQP") retry_cnt=2
2026-05-20T11:23:11.905583Z ERROR iota_benchmark: Transaction failed with err: Rpc(Call(ErrorObject { code: ServerError(-32050), message: "Transaction timed out before reaching finality", data: None })) tx_digest=Digest("5L5ZuBU2mnBnG5EM6NhnC3XPJLEptRJqfyN9jvF11DSd") retry_cnt=2
2026-05-20T11:23:11.905659Z ERROR iota_benchmark: Transaction failed with err: Rpc(Call(ErrorObject { code: ServerError(-32050), message: "Transaction timed out before reaching finality", data: None })) tx_digest=Digest("AXL3hVoBLaKPdeEsv1MXDx6v76FHY9K6n7ibtjLwmQoc") retry_cnt=2
2026-05-20T11:23:11.905715Z ERROR iota_benchmark: Transaction failed with err: Rpc(Call(ErrorObject { code: ServerError(-32050), message: "Transaction timed out before reaching finality", data: None })) tx_digest=Digest("92kodQxKNQfG1RhFwvKQnkDVsnvLPFrEX2nQGgtoPwqv") retry_cnt=2
2026-05-20T11:23:11.945988Z ERROR iota_benchmark: Transaction failed with err: Rpc(Call(ErrorObject { code: ServerError(-32050), message: "Transaction timed out before reaching finality", data: None })) tx_digest=Digest("6T6rhyvZpzVRVGbK6eqrKasSpBifG3Vmq1VkKe1omGje") retry_cnt=2
2026-05-20T11:23:12.067426Z ERROR iota_benchmark: Transaction failed with err: Rpc(Call(ErrorObject { code: ServerError(-32050), message: "Transaction timed out before reaching finality", data: None })) tx_digest=Digest("3kR9zZ17LfnTFCfW2oZJ41fQc9qJYC9cnn4EYkebn4za") retry_cnt=2
2026-05-20T11:23:12.136173Z ERROR iota_benchmark: Transaction failed with err: Rpc(Call(ErrorObject { code: ServerError(-32050), message: "Transaction timed out before reaching finality", data: None })) tx_digest=Digest("HLVoyhYeURLTavi9shJbACwRE5u7BaBsN6XHPe5AqJ2a") retry_cnt=2
2026-05-20T11:23:12.186550Z ERROR iota_benchmark: Transaction failed with err: Rpc(Call(ErrorObject { code: ServerError(-32050), message: "Transaction timed out before reaching finality", data: None })) tx_digest=Digest("2Ky1vSLdEQemHSkLfs9Eu9xNK6QaF7B9oBDWPNrxD8ud") retry_cnt=2
2026-05-20T11:23:12.199668Z ERROR iota_benchmark: Transaction failed with err: Rpc(Call(ErrorObject { code: ServerError(-32050), message: "Transaction timed out before reaching finality", data: None })) tx_digest=Digest("9R3e1TRTxdBffwBxPwmT4mkvUwE9nZH7RQoqiDgpjLaj") retry_cnt=2
2026-05-20T11:23:12.228593Z ERROR iota_benchmark: Transaction failed with err: Rpc(Call(ErrorObject { code: ServerError(-32050), message: "Transaction timed out before reaching finality", data: None })) tx_digest=Digest("DgBg4M1HPGTVS1D3q2jBUk4FPHwHPa6vV57FGKhXoCQz") retry_cnt=2
2026-05-20T11:23:12.228683Z ERROR iota_benchmark: Transaction failed with err: Rpc(Call(ErrorObject { code: ServerError(-32050), message: "Transaction timed out before reaching finality", data: None })) tx_digest=Digest("3sqRa7U762H9KqKDCNH443QhvN2FWw6YPzvSfFcvn6vq") retry_cnt=2
2026-05-20T11:23:12.230181Z ERROR iota_benchmark: Transaction failed with err: Rpc(Call(ErrorObject { code: ServerError(-32050), message: "Transaction timed out before reaching finality", data: None })) tx_digest=Digest("3BURNN38ucegx31uQrUCcsb91VtoYpAvAmT3zJBrXAEb") retry_cnt=2
2026-05-20T11:23:12.355973Z ERROR iota_benchmark: Transaction failed with err: Rpc(Call(ErrorObject { code: ServerError(-32050), message: "Transaction timed out before reaching finality", data: None })) tx_digest=Digest("21bmLux9RYWbf3Jr1igdstXWurxcrCsdppyV8uHSoUJ2") retry_cnt=2
2026-05-20T11:23:12.356011Z ERROR iota_benchmark: Transaction failed with err: Rpc(Call(ErrorObject { code: ServerError(-32050), message: "Transaction timed out before reaching finality", data: None })) tx_digest=Digest("AQ6ggi2mtWrJKNRuyyVETeLdeu5yheWmx8H36b2x3vso") retry_cnt=2
2026-05-20T11:23:12.356016Z ERROR iota_benchmark: Transaction failed with err: Rpc(Call(ErrorObject { code: ServerError(-32050), message: "Transaction timed out before reaching finality", data: None })) tx_digest=Digest("HNUbuEadZFGvjHvJZgo5m62ThuN7mqsx95YbHocQt4vr") retry_cnt=2
2026-05-20T11:23:12.356066Z ERROR iota_benchmark: Transaction failed with err: Rpc(Call(ErrorObject { code: ServerError(-32050), message: "Transaction timed out before reaching finality", data: None })) tx_digest=Digest("FQarCpexPFyfNYqeLSdMq5nc1yJ1V25byMg9n8xktsTQ") retry_cnt=2
2026-05-20T11:23:12.356210Z ERROR iota_benchmark: Transaction failed with err: Rpc(Call(ErrorObject { code: ServerError(-32050), message: "Transaction timed out before reaching finality", data: None })) tx_digest=Digest("7v7z9ttpYufmwRhZ7HM57DFk4XYkZaVZWxQMY7mx1z2T") retry_cnt=2
2026-05-20T11:23:12.356215Z ERROR iota_benchmark: Transaction failed with err: Rpc(Call(ErrorObject { code: ServerError(-32050), message: "Transaction timed out before reaching finality", data: None })) tx_digest=Digest("GcvfHSiogt7z7rEUA5LeNrXzxK2kbisFxMv8dW19orSh") retry_cnt=2
2026-05-20T11:23:12.427623Z ERROR iota_benchmark: Transaction failed with err: Rpc(Call(ErrorObject { code: ServerError(-32050), message: "Transaction timed out before reaching finality", data: None })) tx_digest=Digest("p6KUBwAktBPe3vaBC9n7Td4AAdEZF41Ecsq6rvJqkSR") retry_cnt=2
2026-05-20T11:23:12.427668Z ERROR iota_benchmark: Transaction failed with err: Rpc(Call(ErrorObject { code: ServerError(-32050), message: "Transaction timed out before reaching finality", data: None })) tx_digest=Digest("9TiA9JJGf4Uvsw1xFAAqSEFW4C7Gnm64J3Mb2Tx7s62u") retry_cnt=2
2026-05-20T11:23:12.428001Z ERROR iota_benchmark: Transaction failed with err: Rpc(Call(ErrorObject { code: ServerError(-32050), message: "Transaction timed out before reaching finality", data: None })) tx_digest=Digest("AF6sS4Zigi2gubPPWuQMfWfPtZz9Mx9DpcrATVLSiYXZ") retry_cnt=2
2026-05-20T11:23:12.428165Z ERROR iota_benchmark: Transaction failed with err: Rpc(Call(ErrorObject { code: ServerError(-32050), message: "Transaction timed out before reaching finality", data: None })) tx_digest=Digest("67qvQWSebYDPcGhdSVqv1anZaGWNAMjMtRXK9igeLctH") retry_cnt=2
2026-05-20T11:23:12.428188Z ERROR iota_benchmark: Transaction failed with err: Rpc(Call(ErrorObject { code: ServerError(-32050), message: "Transaction timed out before reaching finality", data: None })) tx_digest=Digest("B2MjjeLvtagGs3XWsSC4sXWx8HhT72iEkYZKBToVARTe") retry_cnt=2
2026-05-20T11:23:12.428204Z ERROR iota_benchmark: Transaction failed with err: Rpc(Call(ErrorObject { code: ServerError(-32050), message: "Transaction timed out before reaching finality", data: None })) tx_digest=Digest("EDXxDsYaDtW1SfFECYi4bu9DqE8qZJHwYWMWLzNchzXr") retry_cnt=2
2026-05-20T11:23:12.428699Z ERROR iota_benchmark: Transaction failed with err: Rpc(Call(ErrorObject { code: ServerError(-32050), message: "Transaction timed out before reaching finality", data: None })) tx_digest=Digest("7e5UeDPDZkz3QMemJMhm7gPsECwjNvotVzqZvBzaS16m") retry_cnt=2
2026-05-20T11:23:12.430100Z ERROR iota_benchmark: Transaction failed with err: Rpc(Call(ErrorObject { code: ServerError(-32050), message: "Transaction timed out before reaching finality", data: None })) tx_digest=Digest("A7A7Yjdn2yj3HGdn4MsprUMiLNTYsszdbjGPyWEtWPh3") retry_cnt=2
2026-05-20T11:23:12.476544Z ERROR iota_benchmark: Transaction failed with err: Rpc(Call(ErrorObject { code: ServerError(-32050), message: "Transaction timed out before reaching finality", data: None })) tx_digest=Digest("8hYdVNMvNmUyLFyTaj1LkMYJY2rccoe9iuHzj6Na8uSc") retry_cnt=2
2026-05-20T11:23:12.477359Z ERROR iota_benchmark: Transaction failed with err: Rpc(Call(ErrorObject { code: ServerError(-32050), message: "Transaction timed out before reaching finality", data: None })) tx_digest=Digest("GqjN3PM2wuq72MeXkhDngeaJqvxtxvHsAto793kYgrtp") retry_cnt=2
2026-05-20T11:23:12.490788Z ERROR iota_benchmark: Transaction failed with err: Rpc(Call(ErrorObject { code: ServerError(-32050), message: "Transaction timed out before reaching finality", data: None })) tx_digest=Digest("vCXpYBn9druYLjkf4XkQQsNWxoRytrdRhm4AHboLXq1") retry_cnt=2
2026-05-20T11:23:12.512819Z ERROR iota_benchmark: Transaction failed with err: Rpc(Call(ErrorObject { code: ServerError(-32050), message: "Transaction timed out before reaching finality", data: None })) tx_digest=Digest("AWt5KFL8tBxCsoj2a6ChMnzQvMuVpMrYSqEuojpBQy5e") retry_cnt=2
2026-05-20T11:23:12.517112Z ERROR iota_benchmark: Transaction failed with err: Rpc(Call(ErrorObject { code: ServerError(-32050), message: "Transaction timed out before reaching finality", data: None })) tx_digest=Digest("jTgkQ8WYbyoyvdgyCi44VLhaBmcaNS9McCXFUhWerjV") retry_cnt=2
2026-05-20T11:23:12.522647Z ERROR iota_benchmark: Transaction failed with err: Rpc(Call(ErrorObject { code: ServerError(-32050), message: "Transaction timed out before reaching finality", data: None })) tx_digest=Digest("DJmnjPyMnkWEpue7KaZHyfjXQRVZVAcKZpjQ3kxeEQbi") retry_cnt=2
2026-05-20T11:23:12.528625Z ERROR iota_benchmark: Transaction failed with err: Rpc(Call(ErrorObject { code: ServerError(-32050), message: "Transaction timed out before reaching finality", data: None })) tx_digest=Digest("8LYgDRwfS6z8GFFuYYnpWZHMaQRRUVFdkQmixfAV1srF") retry_cnt=2
2026-05-20T11:23:12.528807Z ERROR iota_benchmark: Transaction failed with err: Rpc(Call(ErrorObject { code: ServerError(-32050), message: "Transaction timed out before reaching finality", data: None })) tx_digest=Digest("9APG6hXbFJqhU32EjN5WH12Dr6tJesWiHFFVvgpup1KD") retry_cnt=2
2026-05-20T11:23:12.529751Z ERROR iota_benchmark: Transaction failed with err: Rpc(Call(ErrorObject { code: ServerError(-32050), message: "Transaction timed out before reaching finality", data: None })) tx_digest=Digest("7JYLhjuvNkYnWAAhNk5DzeNEQbPzQgn2jASA6YJKx7xR") retry_cnt=2
2026-05-20T11:23:12.530214Z ERROR iota_benchmark: Transaction failed with err: Rpc(Call(ErrorObject { code: ServerError(-32050), message: "Transaction timed out before reaching finality", data: None })) tx_digest=Digest("6cj7mGYRNjYy7wDcwJJevpoNXFHPYUjyciHiNbbGpGhB") retry_cnt=2
2026-05-20T11:23:12.532859Z ERROR iota_benchmark: Transaction failed with err: Rpc(Call(ErrorObject { code: ServerError(-32050), message: "Transaction timed out before reaching finality", data: None })) tx_digest=Digest("EqRqG7fuaFemPMQMyAJEFUeZJCueJUkKp5XtjjGxuj2t") retry_cnt=2
2026-05-20T11:23:12.535048Z ERROR iota_benchmark: Transaction failed with err: Rpc(Call(ErrorObject { code: ServerError(-32050), message: "Transaction timed out before reaching finality", data: None })) tx_digest=Digest("AdN4ggU85ZtYwuwCpD7uVYTxiH7Yyeg9KayekBBejcPp") retry_cnt=2
2026-05-20T11:23:12.558083Z ERROR iota_benchmark: Transaction failed with err: Rpc(Call(ErrorObject { code: ServerError(-32050), message: "Transaction timed out before reaching finality", data: None })) tx_digest=Digest("GVWiBLLtSEZwwnaSUeQzWQ5B3yXnxNdXcvEsRWUbDjbB") retry_cnt=2
2026-05-20T11:23:12.558893Z ERROR iota_benchmark: Transaction failed with err: Rpc(Call(ErrorObject { code: ServerError(-32050), message: "Transaction timed out before reaching finality", data: None })) tx_digest=Digest("7RfHEhcqzPNbWKPW3T3BbEk9FAFtPzQFKq3YwzDcyEY8") retry_cnt=2
2026-05-20T11:23:12.560156Z ERROR iota_benchmark: Transaction failed with err: Rpc(Call(ErrorObject { code: ServerError(-32050), message: "Transaction timed out before reaching finality", data: None })) tx_digest=Digest("4ZJc3ssjgTu7vBH81Ef7H14oZGUKPLHn66PWBBEYQC4A") retry_cnt=2
2026-05-20T11:23:12.585816Z ERROR iota_benchmark: Transaction failed with err: Rpc(Call(ErrorObject { code: ServerError(-32050), message: "Transaction timed out before reaching finality", data: None })) tx_digest=Digest("31Cn2x6uBUcsnGWfcsAgqby66Vih7TTgJyn3PbNDHXnS") retry_cnt=2
2026-05-20T11:23:12.585999Z ERROR iota_benchmark: Transaction failed with err: Rpc(Call(ErrorObject { code: ServerError(-32050), message: "Transaction timed out before reaching finality", data: None })) tx_digest=Digest("AhA8zMQRLpcLvsB2TSgGsMa7yDhqa3B1LWMchMdEgYp") retry_cnt=2
2026-05-20T11:23:12.586475Z ERROR iota_benchmark: Transaction failed with err: Rpc(Call(ErrorObject { code: ServerError(-32050), message: "Transaction timed out before reaching finality", data: None })) tx_digest=Digest("2vMBPxwJ3oEoD9uUokpz15m8EgKSQQEaSgqLtmGPFs5i") retry_cnt=2
2026-05-20T11:23:12.598387Z ERROR iota_benchmark: Transaction failed with err: Rpc(Call(ErrorObject { code: ServerError(-32050), message: "Transaction timed out before reaching finality", data: None })) tx_digest=Digest("CYsgBy1spEJiYv8sDh1KmiFzGjNRfaPhZfv4DNFn4kTA") retry_cnt=2
2026-05-20T11:23:12.598473Z ERROR iota_benchmark: Transaction failed with err: Rpc(Call(ErrorObject { code: ServerError(-32050), message: "Transaction timed out before reaching finality", data: None })) tx_digest=Digest("CqBwPHb8DqtNosvXSiX2aPtoKjSXjStB2hwBK9iwoxkF") retry_cnt=2
2026-05-20T11:23:12.603369Z ERROR iota_benchmark: Transaction failed with err: Rpc(Call(ErrorObject { code: ServerError(-32050), message: "Transaction timed out before reaching finality", data: None })) tx_digest=Digest("EWExgg9bcSvUT6SnFRmbgBscDmrbAzmHKH8reHKCjdhM") retry_cnt=2
2026-05-20T11:23:12.607047Z ERROR iota_benchmark: Transaction failed with err: Rpc(Call(ErrorObject { code: ServerError(-32050), message: "Transaction timed out before reaching finality", data: None })) tx_digest=Digest("GXeWTBnzTkoT376j6oau8Lt6829mw8dorBG2VUkVUUM4") retry_cnt=2
2026-05-20T11:23:12.607131Z ERROR iota_benchmark: Transaction failed with err: Rpc(Call(ErrorObject { code: ServerError(-32050), message: "Transaction timed out before reaching finality", data: None })) tx_digest=Digest("EGfRaXgvr5noBSrkbSzzV5QVRncLofdBCu4zuURzc7dr") retry_cnt=2
2026-05-20T11:23:12.629535Z ERROR iota_benchmark: Transaction failed with err: Rpc(Call(ErrorObject { code: ServerError(-32050), message: "Transaction timed out before reaching finality", data: None })) tx_digest=Digest("GjTGbF1Rn1pi8VtTZkrRjCPfEzDBvGzcnufQuuaJpvPR") retry_cnt=2
2026-05-20T11:23:12.629730Z ERROR iota_benchmark: Transaction failed with err: Rpc(Call(ErrorObject { code: ServerError(-32050), message: "Transaction timed out before reaching finality", data: None })) tx_digest=Digest("9ND22QN2JZTvNPCsAfhrCjTeBBHnic5TNWGzNCTd7yVD") retry_cnt=2
2026-05-20T11:23:12.629742Z ERROR iota_benchmark: Transaction failed with err: Rpc(Call(ErrorObject { code: ServerError(-32050), message: "Transaction timed out before reaching finality", data: None })) tx_digest=Digest("9pZDH4GnbybV2w17iGke3144kgmgCi6KSWowUYgu47Wb") retry_cnt=2
2026-05-20T11:23:12.629993Z ERROR iota_benchmark: Transaction failed with err: Rpc(Call(ErrorObject { code: ServerError(-32050), message: "Transaction timed out before reaching finality", data: None })) tx_digest=Digest("4LSvYff2MNojXa53A2UXm6AAvm2qJfY4UQqJLp3KMTEW") retry_cnt=2
2026-05-20T11:23:12.639170Z ERROR iota_benchmark: Transaction failed with err: Rpc(Call(ErrorObject { code: ServerError(-32050), message: "Transaction timed out before reaching finality", data: None })) tx_digest=Digest("5CWqKUUjmSm2wvD1B9RxGAV7dJp2JdiHhQH1gij6Mb7F") retry_cnt=2
2026-05-20T11:23:12.639151Z ERROR iota_benchmark: Transaction failed with err: Rpc(Call(ErrorObject { code: ServerError(-32050), message: "Transaction timed out before reaching finality", data: None })) tx_digest=Digest("7d2MoVXMvjEy1xCUdXBGbmn9xr5xtDQj4jjCAAxNbvFr") retry_cnt=2
2026-05-20T11:23:12.640551Z ERROR iota_benchmark: Transaction failed with err: Rpc(Call(ErrorObject { code: ServerError(-32050), message: "Transaction timed out before reaching finality", data: None })) tx_digest=Digest("BGMwWtDYxJhpzgLCw3vK6xP87oQYSCMGfwDX9ZGv8fAj") retry_cnt=2
2026-05-20T11:23:12.641656Z ERROR iota_benchmark: Transaction failed with err: Rpc(Call(ErrorObject { code: ServerError(-32050), message: "Transaction timed out before reaching finality", data: None })) tx_digest=Digest("6wn1tC75hxhBqm8T3NqM5vQjBtYvJ3W9Ao8nsCcc6p54") retry_cnt=2
2026-05-20T11:23:12.642770Z ERROR iota_benchmark: Transaction failed with err: Rpc(Call(ErrorObject { code: ServerError(-32050), message: "Transaction timed out before reaching finality", data: None })) tx_digest=Digest("6UtZmkspuxRwWuhmN7m5hvYRTUrtvSYaWHbfdZasUAH3") retry_cnt=2
2026-05-20T11:23:12.646366Z ERROR iota_benchmark: Transaction failed with err: Rpc(Call(ErrorObject { code: ServerError(-32050), message: "Transaction timed out before reaching finality", data: None })) tx_digest=Digest("UL1GLYZs5CFc3Wd8sRMgdgd5LMYo8WkFAxCBak9TabC") retry_cnt=2
2026-05-20T11:23:12.647669Z ERROR iota_benchmark: Transaction failed with err: Rpc(Call(ErrorObject { code: ServerError(-32050), message: "Transaction timed out before reaching finality", data: None })) tx_digest=Digest("3kMdbpREh9DM2cvMrd2Ab1GWqQtzQXM63iTLtbmdciMn") retry_cnt=2
2026-05-20T11:23:12.648344Z ERROR iota_benchmark: Transaction failed with err: Rpc(Call(ErrorObject { code: ServerError(-32050), message: "Transaction timed out before reaching finality", data: None })) tx_digest=Digest("BPbfxp47WoZKh4V9prEqJt5MmztMD4VAh1M46TMX9prL") retry_cnt=2
2026-05-20T11:23:12.663810Z ERROR iota_benchmark: Transaction failed with err: Rpc(Call(ErrorObject { code: ServerError(-32050), message: "Transaction timed out before reaching finality", data: None })) tx_digest=Digest("BEMwDUz8dV7hZBythxQyFtTNKUJNDAGMZZaf5YwD9bS2") retry_cnt=2
2026-05-20T11:23:12.665106Z ERROR iota_benchmark: Transaction failed with err: Rpc(Call(ErrorObject { code: ServerError(-32050), message: "Transaction timed out before reaching finality", data: None })) tx_digest=Digest("6tsy9LiH8bRHtiBofrMmsamGX26bCvJBi6X81S9CStgs") retry_cnt=2
2026-05-20T11:23:12.665660Z ERROR iota_benchmark: Transaction failed with err: Rpc(Call(ErrorObject { code: ServerError(-32050), message: "Transaction timed out before reaching finality", data: None })) tx_digest=Digest("3cNztVXdivzWb9XSZ6iRFju84ERzNf1Ecowm1pQmv5bb") retry_cnt=2
2026-05-20T11:23:12.665875Z ERROR iota_benchmark: Transaction failed with err: Rpc(Call(ErrorObject { code: ServerError(-32050), message: "Transaction timed out before reaching finality", data: None })) tx_digest=Digest("4J8H19qSdNm1YLzzXwrmnJWEq7unwxVhBRy1yEk1UhXT") retry_cnt=2
2026-05-20T11:23:12.666085Z ERROR iota_benchmark: Transaction failed with err: Rpc(Call(ErrorObject { code: ServerError(-32050), message: "Transaction timed out before reaching finality", data: None })) tx_digest=Digest("BzZNHYUXNYnUE2xdXhYAWkYGbcf1bzHbiEEy5HNowd9i") retry_cnt=2
2026-05-20T11:23:12.666827Z ERROR iota_benchmark: Transaction failed with err: Rpc(Call(ErrorObject { code: ServerError(-32050), message: "Transaction timed out before reaching finality", data: None })) tx_digest=Digest("7cBdYHY2B2C8bcATYkiJoksnxCSZJ7udjLXVe9xJRnRF") retry_cnt=2
2026-05-20T11:23:12.666985Z ERROR iota_benchmark: Transaction failed with err: Rpc(Call(ErrorObject { code: ServerError(-32050), message: "Transaction timed out before reaching finality", data: None })) tx_digest=Digest("2GwdjfLdjN1L36v7wVcEm63yc8fbHkhGKDYfjDBosJmK") retry_cnt=2
2026-05-20T11:23:12.675519Z ERROR iota_benchmark: Transaction failed with err: Rpc(Call(ErrorObject { code: ServerError(-32050), message: "Transaction timed out before reaching finality", data: None })) tx_digest=Digest("4q6juPLjW3cbhq8rAY3M3ruP8A1GR87XeJLtkPk99zeb") retry_cnt=2
2026-05-20T11:23:12.676173Z ERROR iota_benchmark: Transaction failed with err: Rpc(Call(ErrorObject { code: ServerError(-32050), message: "Transaction timed out before reaching finality", data: None })) tx_digest=Digest("65bUmYwnAqB4sgtJz47gDeBTFhcvdwGC1Wo4Q1oZZadX") retry_cnt=2
2026-05-20T11:23:12.690637Z ERROR iota_benchmark: Transaction failed with err: Rpc(Call(ErrorObject { code: ServerError(-32050), message: "Transaction timed out before reaching finality", data: None })) tx_digest=Digest("8TCTPrgWYbTDVkpgvYp6zKM1t4LVsQ1AARhfTTwrF8jt") retry_cnt=2
2026-05-20T11:23:12.690743Z ERROR iota_benchmark: Transaction failed with err: Rpc(Call(ErrorObject { code: ServerError(-32050), message: "Transaction timed out before reaching finality", data: None })) tx_digest=Digest("JB1NxA7W18xsSbGNrkfidUArDHaKxgEn4FKgdh7G8XYh") retry_cnt=2
2026-05-20T11:23:12.690935Z ERROR iota_benchmark: Transaction failed with err: Rpc(Call(ErrorObject { code: ServerError(-32050), message: "Transaction timed out before reaching finality", data: None })) tx_digest=Digest("7i5ofCxRmqeydZ8JvnZsbVR4pET4gzGtuC92mwtZe79v") retry_cnt=2
2026-05-20T11:23:12.696330Z ERROR iota_benchmark: Transaction failed with err: Rpc(Call(ErrorObject { code: ServerError(-32050), message: "Transaction timed out before reaching finality", data: None })) tx_digest=Digest("CCzrovS8KNVNJ6dxecsZRVbrwqvxzB1XiAa2kfvN79Kf") retry_cnt=2
2026-05-20T11:23:12.702596Z ERROR iota_benchmark: Transaction failed with err: Rpc(Call(ErrorObject { code: ServerError(-32050), message: "Transaction timed out before reaching finality", data: None })) tx_digest=Digest("DjUb3PhATLB4L3gCFLe4tsmd84oZxhU7cT5nk3qosdrE") retry_cnt=2
2026-05-20T11:23:12.708177Z ERROR iota_benchmark: Transaction failed with err: Rpc(Call(ErrorObject { code: ServerError(-32050), message: "Transaction timed out before reaching finality", data: None })) tx_digest=Digest("9EoC1MuSwM31BVWU2h4JqvDhPaNo1g4cxNWvKBdBm1cA") retry_cnt=2
2026-05-20T11:23:12.726837Z ERROR iota_benchmark: Transaction failed with err: Rpc(Call(ErrorObject { code: ServerError(-32050), message: "Transaction timed out before reaching finality", data: None })) tx_digest=Digest("E8j9pYby6x41n3uWTZQ9RoMriW2ZJKBgXn53NAFMj8c7") retry_cnt=2
2026-05-20T11:23:12.726852Z ERROR iota_benchmark: Transaction failed with err: Rpc(Call(ErrorObject { code: ServerError(-32050), message: "Transaction timed out before reaching finality", data: None })) tx_digest=Digest("5re5DFVs5YGAf9yTzBGJfwEsb9Vqh71FTAYkFDBx6jVJ") retry_cnt=2
2026-05-20T11:23:12.727090Z ERROR iota_benchmark: Transaction failed with err: Rpc(Call(ErrorObject { code: ServerError(-32050), message: "Transaction timed out before reaching finality", data: None })) tx_digest=Digest("9mXV6zL4WtxgQ8ZU7KmwZk1S29pSvnyTjqvaiXWmrKbL") retry_cnt=2
2026-05-20T11:23:12.729026Z ERROR iota_benchmark: Transaction failed with err: Rpc(Call(ErrorObject { code: ServerError(-32050), message: "Transaction timed out before reaching finality", data: None })) tx_digest=Digest("JEHSxdWxnU2rbTES4qLdgQSsDJ27CX7gabuTXQwWGE9C") retry_cnt=2
2026-05-20T11:23:12.755627Z ERROR iota_benchmark: Transaction failed with err: Rpc(Call(ErrorObject { code: ServerError(-32050), message: "Transaction timed out before reaching finality", data: None })) tx_digest=Digest("73moG9GD5PrWoyjm7kGgHT5cjYGe8ffPCyEzx2i1Nhxm") retry_cnt=2
2026-05-20T11:23:12.756073Z ERROR iota_benchmark: Transaction failed with err: Rpc(Call(ErrorObject { code: ServerError(-32050), message: "Transaction timed out before reaching finality", data: None })) tx_digest=Digest("88RWZ9qWBhoXskMzFeY1RNE79D7ndotjB6TBQWTdwhLs") retry_cnt=2
2026-05-20T11:23:12.762408Z ERROR iota_benchmark: Transaction failed with err: Rpc(Call(ErrorObject { code: ServerError(-32050), message: "Transaction timed out before reaching finality", data: None })) tx_digest=Digest("9APDYYxvi8p4K5vwm8sK7H3j1iP5YZnoPs6hofEkc6ZY") retry_cnt=2
2026-05-20T11:23:12.785994Z ERROR iota_benchmark: Transaction failed with err: Rpc(Call(ErrorObject { code: ServerError(-32050), message: "Transaction timed out before reaching finality", data: None })) tx_digest=Digest("CWEnjt6EbYvyzgCiBJ1zLjyfmRiRogz2SGfSDZYgXpqq") retry_cnt=2
2026-05-20T11:23:12.798622Z ERROR iota_benchmark: Transaction failed with err: Rpc(Call(ErrorObject { code: ServerError(-32050), message: "Transaction timed out before reaching finality", data: None })) tx_digest=Digest("DM2vxKYJ6woa1ztgnHQ1sb1hK16xXv8fxwk8op3WHXo9") retry_cnt=2
2026-05-20T11:23:12.812859Z ERROR iota_benchmark: Transaction failed with err: Rpc(Call(ErrorObject { code: ServerError(-32050), message: "Transaction timed out before reaching finality", data: None })) tx_digest=Digest("GEHYRFVS3uAESNYDZFycwrRhYpNGrpwpHssYSqVxanhG") retry_cnt=2
2026-05-20T11:23:12.818967Z ERROR iota_benchmark: Transaction failed with err: Rpc(Call(ErrorObject { code: ServerError(-32050), message: "Transaction timed out before reaching finality", data: None })) tx_digest=Digest("2PDfr3zDnAi6MHT38kD1RhryjgiwxjALxxREZYat7ouL") retry_cnt=2
2026-05-20T11:23:12.821351Z ERROR iota_benchmark: Transaction failed with err: Rpc(Call(ErrorObject { code: ServerError(-32050), message: "Transaction timed out before reaching finality", data: None })) tx_digest=Digest("8iRZNrKQQtPwqH8m9xEXkL7yfksXCuhyGeuS49SSWwdQ") retry_cnt=2
2026-05-20T11:23:12.842771Z ERROR iota_benchmark: Transaction failed with err: Rpc(Call(ErrorObject { code: ServerError(-32050), message: "Transaction timed out before reaching finality", data: None })) tx_digest=Digest("FinMET7xHReHxSq2KcsHwCbG3GaQFk95Q6ApW9fsi2h") retry_cnt=2
2026-05-20T11:23:12.911799Z ERROR iota_benchmark: Transaction failed with err: Rpc(Call(ErrorObject { code: ServerError(-32050), message: "Transaction timed out before reaching finality", data: None })) tx_digest=Digest("ELo5e5MVjhL8ghj75XpvPhqdF9QVfVSnC6zNk2JDT8YJ") retry_cnt=2
2026-05-20T11:23:12.914492Z ERROR iota_benchmark: Transaction failed with err: Rpc(Call(ErrorObject { code: ServerError(-32050), message: "Transaction timed out before reaching finality", data: None })) tx_digest=Digest("5BoHirz45b64syKtmNF8RJffLpSHJxYq4f2RCzpu728a") retry_cnt=2
2026-05-20T11:23:12.933738Z ERROR iota_benchmark: Transaction failed with err: Rpc(Call(ErrorObject { code: ServerError(-32050), message: "Transaction timed out before reaching finality", data: None })) tx_digest=Digest("H3jePYQzZZV67ksssdArT2BaTLujPb4LUtS5r725jR8y") retry_cnt=2
2026-05-20T11:23:12.958018Z ERROR iota_benchmark: Transaction failed with err: Rpc(Call(ErrorObject { code: ServerError(-32050), message: "Transaction timed out before reaching finality", data: None })) tx_digest=Digest("Ex4ivydswdfvrNYaWBygLKuCR8GyXXYnCE1PReWLHf1f") retry_cnt=2
2026-05-20T11:23:12.958247Z ERROR iota_benchmark: Transaction failed with err: Rpc(Call(ErrorObject { code: ServerError(-32050), message: "Transaction timed out before reaching finality", data: None })) tx_digest=Digest("AjTBVb7EkFk8hCoMumqdasZhPLC5RJmLvbp9akd8aw97") retry_cnt=2
2026-05-20T11:23:12.958629Z ERROR iota_benchmark: Transaction failed with err: Rpc(Call(ErrorObject { code: ServerError(-32050), message: "Transaction timed out before reaching finality", data: None })) tx_digest=Digest("5Jcj4bPwTLXdpnGsnaaKA8rce6f5AvmTypLsSxTpaZTN") retry_cnt=2
2026-05-20T11:23:12.959505Z ERROR iota_benchmark: Transaction failed with err: Rpc(Call(ErrorObject { code: ServerError(-32050), message: "Transaction timed out before reaching finality", data: None })) tx_digest=Digest("5h7jdoYBm4JCJHEuruFP3okGVRtptiYPoosk84CECj9f") retry_cnt=2
2026-05-20T11:23:13.036082Z ERROR iota_benchmark: Transaction failed with err: Rpc(Call(ErrorObject { code: ServerError(-32050), message: "Transaction timed out before reaching finality", data: None })) tx_digest=Digest("CfKwqHpjBSnE2TWSeaT3TYQ9hXK3cVxTQGD9nqtQkqcp") retry_cnt=2
2026-05-20T11:23:13.039159Z ERROR iota_benchmark: Transaction failed with err: Rpc(Call(ErrorObject { code: ServerError(-32050), message: "Transaction timed out before reaching finality", data: None })) tx_digest=Digest("6s5PoGzKmsQqCFg9LM7gTWiybHHAKC4ZmnrormYmoAbv") retry_cnt=2
2026-05-20T11:23:13.039622Z ERROR iota_benchmark: Transaction failed with err: Rpc(Call(ErrorObject { code: ServerError(-32050), message: "Transaction timed out before reaching finality", data: None })) tx_digest=Digest("C5NPhjqERky87cALY76xwZM1HCu3a5pUqs5sUdstRt88") retry_cnt=2
2026-05-20T11:23:13.060720Z ERROR iota_benchmark: Transaction failed with err: Rpc(Call(ErrorObject { code: ServerError(-32050), message: "Transaction timed out before reaching finality", data: None })) tx_digest=Digest("E33v7P91HGz9qMJdUDGcHNpBCgB7bvZruMfAHFyFTb9r") retry_cnt=2
2026-05-20T11:23:13.060990Z ERROR iota_benchmark: Transaction failed with err: Rpc(Call(ErrorObject { code: ServerError(-32050), message: "Transaction timed out before reaching finality", data: None })) tx_digest=Digest("Ay1KGYgZPKxzfXQGCVDGYv2JjAVPVKiagypPccV6hBKs") retry_cnt=2
2026-05-20T11:23:13.061566Z ERROR iota_benchmark: Transaction failed with err: Rpc(Call(ErrorObject { code: ServerError(-32050), message: "Transaction timed out before reaching finality", data: None })) tx_digest=Digest("35uP8NvnUsHCMBCvVHgSsqaAMRS5VqiJQS3DyYZK9WLm") retry_cnt=2
2026-05-20T11:23:13.061940Z ERROR iota_benchmark: Transaction failed with err: Rpc(Call(ErrorObject { code: ServerError(-32050), message: "Transaction timed out before reaching finality", data: None })) tx_digest=Digest("YKhLTpVJwrvQ3o7oTLuLQ4EqUsuC3C7nLHLunXEafTL") retry_cnt=2
2026-05-20T11:23:13.067614Z ERROR iota_benchmark: Transaction failed with err: Rpc(Call(ErrorObject { code: ServerError(-32050), message: "Transaction timed out before reaching finality", data: None })) tx_digest=Digest("6ScgWd3Pk3V8MpLA8fpaVPQSZHqd21KaHg21CXAvxxmD") retry_cnt=2
2026-05-20T11:23:13.077295Z ERROR iota_benchmark: Transaction failed with err: Rpc(Call(ErrorObject { code: ServerError(-32050), message: "Transaction timed out before reaching finality", data: None })) tx_digest=Digest("9dn7CUbSJyEE8FXszCajY6xns3WaC1BJfT4YNH9hjRqG") retry_cnt=2
2026-05-20T11:23:13.084386Z ERROR iota_benchmark: Transaction failed with err: Rpc(Call(ErrorObject { code: ServerError(-32050), message: "Transaction timed out before reaching finality", data: None })) tx_digest=Digest("8TAu7VGQu1QRZ5mLP9n8FnCDAiFxJweUscWYb94KQvH1") retry_cnt=2
2026-05-20T11:23:13.097578Z ERROR iota_benchmark: Transaction failed with err: Rpc(Call(ErrorObject { code: ServerError(-32050), message: "Transaction timed out before reaching finality", data: None })) tx_digest=Digest("Spq4HD49BwKZ1M91CA8VmTtkpSdGdQXUzJLYVvoj7jM") retry_cnt=2
2026-05-20T11:23:13.124826Z ERROR iota_benchmark: Transaction failed with err: Rpc(Call(ErrorObject { code: ServerError(-32050), message: "Transaction timed out before reaching finality", data: None })) tx_digest=Digest("2jCw9mnA9NGowXjhqT7Mw8Fgr48MBjEuNSoBjBcYDVJ1") retry_cnt=2
2026-05-20T11:23:13.125639Z ERROR iota_benchmark: Transaction failed with err: Rpc(Call(ErrorObject { code: ServerError(-32050), message: "Transaction timed out before reaching finality", data: None })) tx_digest=Digest("6e47v9ftsBG6MVUjPZUkQ9UQ3mnPJ7mKU1XVHBmELdEk") retry_cnt=2
2026-05-20T11:23:13.128801Z ERROR iota_benchmark: Transaction failed with err: Rpc(Call(ErrorObject { code: ServerError(-32050), message: "Transaction timed out before reaching finality", data: None })) tx_digest=Digest("5oUBpevbhZgLQcgupo73R8YawCHH4WGyJNuFTFkrvuZF") retry_cnt=2
2026-05-20T11:23:13.132928Z ERROR iota_benchmark: Transaction failed with err: Rpc(Call(ErrorObject { code: ServerError(-32050), message: "Transaction timed out before reaching finality", data: None })) tx_digest=Digest("25aaimVzpCm6tMkonLWjVCEQFRk5GtDEYpPkkkhpvaB8") retry_cnt=2
2026-05-20T11:23:13.147466Z ERROR iota_benchmark: Transaction failed with err: Rpc(Call(ErrorObject { code: ServerError(-32050), message: "Transaction timed out before reaching finality", data: None })) tx_digest=Digest("GhJf8nQdmtZs6tSgU46ktLYugqcoS9LCENyiZUcBx1e2") retry_cnt=2
2026-05-20T11:23:13.152512Z ERROR iota_benchmark: Transaction failed with err: Rpc(Call(ErrorObject { code: ServerError(-32050), message: "Transaction timed out before reaching finality", data: None })) tx_digest=Digest("8y5qZqAzFWBfsHqBNXoYtYPwQ5hMnE8NEXbEvCXq4i2c") retry_cnt=2
2026-05-20T11:23:13.204196Z ERROR iota_benchmark: Transaction failed with err: Rpc(Call(ErrorObject { code: ServerError(-32050), message: "Transaction timed out before reaching finality", data: None })) tx_digest=Digest("BDN63Pwo9V1yWZBVLvbmEwphHayouFJthrTd2SpXJAjM") retry_cnt=2
2026-05-20T11:23:13.204274Z ERROR iota_benchmark: Transaction failed with err: Rpc(Call(ErrorObject { code: ServerError(-32050), message: "Transaction timed out before reaching finality", data: None })) tx_digest=Digest("CApErNR2VyRVWYFN6D5eNRabV8TesewLo9dQGKkjPD7F") retry_cnt=2
2026-05-20T11:23:13.238166Z ERROR iota_benchmark: Transaction failed with err: Rpc(Call(ErrorObject { code: ServerError(-32050), message: "Transaction timed out before reaching finality", data: None })) tx_digest=Digest("HB4mX2EbSbZCPqTjpc7Ke6PkGwYPdCLVsAFrB1FwLmb9") retry_cnt=2
2026-05-20T11:23:13.273428Z ERROR iota_benchmark: Transaction failed with err: Rpc(Call(ErrorObject { code: ServerError(-32050), message: "Transaction timed out before reaching finality", data: None })) tx_digest=Digest("EiFFpBiWAHGjcumV2S3oaJquUm8iSgpuNvoQcMaMvHEP") retry_cnt=2
2026-05-20T11:23:13.318542Z ERROR iota_benchmark: Transaction failed with err: Rpc(Call(ErrorObject { code: ServerError(-32050), message: "Transaction timed out before reaching finality", data: None })) tx_digest=Digest("GL7XcWA3UXAtc1mcE3SCs2jNGf72J93mhUcTLXFpouxR") retry_cnt=2
2026-05-20T11:23:13.371113Z ERROR iota_benchmark: Transaction failed with err: Rpc(Call(ErrorObject { code: ServerError(-32050), message: "Transaction timed out before reaching finality", data: None })) tx_digest=Digest("4JDPDkXgVfW9dBHz7gGkkekpCuNrLYVFe2h9aB3ezZwq") retry_cnt=2
2026-05-20T11:23:13.371381Z ERROR iota_benchmark: Transaction failed with err: Rpc(Call(ErrorObject { code: ServerError(-32050), message: "Transaction timed out before reaching finality", data: None })) tx_digest=Digest("44tcxXBECpTCbYQehiZFNKyZayX2Ue9zJjLidyAt1Xb6") retry_cnt=2
2026-05-20T11:23:13.374017Z ERROR iota_benchmark: Transaction failed with err: Rpc(Call(ErrorObject { code: ServerError(-32050), message: "Transaction timed out before reaching finality", data: None })) tx_digest=Digest("5KLQDyt3ntBhNowy6edq1wNrD6YGL8bJ3CcmW8PeVTgY") retry_cnt=2
2026-05-20T11:23:13.376623Z ERROR iota_benchmark: Transaction failed with err: Rpc(Call(ErrorObject { code: ServerError(-32050), message: "Transaction timed out before reaching finality", data: None })) tx_digest=Digest("BptkghEevSUJPPGCwHgDC3o7HQmSnoZjvdz9PYEwyomF") retry_cnt=2
2026-05-20T11:23:13.387575Z ERROR iota_benchmark: Transaction failed with err: Rpc(Call(ErrorObject { code: ServerError(-32050), message: "Transaction timed out before reaching finality", data: None })) tx_digest=Digest("E3ov5zK8BwEDyrGgFP1Rz2SDctobe3euYR53ncmJGUh8") retry_cnt=2
2026-05-20T11:23:13.389051Z ERROR iota_benchmark: Transaction failed with err: Rpc(Call(ErrorObject { code: ServerError(-32050), message: "Transaction timed out before reaching finality", data: None })) tx_digest=Digest("3F2HMPJmposzMdx7Z6a4bpLfgm4RxAjJUhUMqXqAGzpD") retry_cnt=2
2026-05-20T11:23:13.411196Z ERROR iota_benchmark: Transaction failed with err: Rpc(Call(ErrorObject { code: ServerError(-32050), message: "Transaction timed out before reaching finality", data: None })) tx_digest=Digest("CwwJjqT2CVDJrLyAjD5riX7zdfRkZaStXwrEHARmwaKv") retry_cnt=2
2026-05-20T11:23:13.414219Z ERROR iota_benchmark: Transaction failed with err: Rpc(Call(ErrorObject { code: ServerError(-32050), message: "Transaction timed out before reaching finality", data: None })) tx_digest=Digest("5cQTsP83cvsKAmwvEgsd2LJzC3cq5wUzYLFhnf4Tyxpw") retry_cnt=2
2026-05-20T11:23:13.414603Z ERROR iota_benchmark: Transaction failed with err: Rpc(Call(ErrorObject { code: ServerError(-32050), message: "Transaction timed out before reaching finality", data: None })) tx_digest=Digest("12XwEiHjLf5gtp6td59mrFKSFi3aGL3YWcuxfsJemHVP") retry_cnt=2
2026-05-20T11:23:13.414883Z ERROR iota_benchmark: Transaction failed with err: Rpc(Call(ErrorObject { code: ServerError(-32050), message: "Transaction timed out before reaching finality", data: None })) tx_digest=Digest("5XjUTiU358GvkxsGNNeaTXbiEBN1Y1dEw3Dter6Mk7uc") retry_cnt=2
2026-05-20T11:23:13.415369Z ERROR iota_benchmark: Transaction failed with err: Rpc(Call(ErrorObject { code: ServerError(-32050), message: "Transaction timed out before reaching finality", data: None })) tx_digest=Digest("FGk3ZLEshy6yyEKqxRh1vwkJRH4cvrzyeJXXPq2TeaqX") retry_cnt=2
2026-05-20T11:23:13.415517Z ERROR iota_benchmark: Transaction failed with err: Rpc(Call(ErrorObject { code: ServerError(-32050), message: "Transaction timed out before reaching finality", data: None })) tx_digest=Digest("4yv5dd5Vbh1wAmEFcijPHu1NJBF6BK6mQxsgSkVq63BW") retry_cnt=2
2026-05-20T11:23:13.416335Z ERROR iota_benchmark: Transaction failed with err: Rpc(Call(ErrorObject { code: ServerError(-32050), message: "Transaction timed out before reaching finality", data: None })) tx_digest=Digest("31HvpqeWLb1Eq1hbdi9gwUJ7DCkgn4ayHS9AfYNAjc12") retry_cnt=2
2026-05-20T11:23:13.417320Z ERROR iota_benchmark: Transaction failed with err: Rpc(Call(ErrorObject { code: ServerError(-32050), message: "Transaction timed out before reaching finality", data: None })) tx_digest=Digest("GMaELUGGBpWxV1ZLDpB8cMc1Xrfyxo7QskGMw8p7pXM1") retry_cnt=2
2026-05-20T11:23:13.423779Z ERROR iota_benchmark: Transaction failed with err: Rpc(Call(ErrorObject { code: ServerError(-32050), message: "Transaction timed out before reaching finality", data: None })) tx_digest=Digest("HKjYYSXq7w6agjuKgc2zQkDhWzpgwZbugzzgJmjxLKzt") retry_cnt=2
2026-05-20T11:23:13.450934Z ERROR iota_benchmark: Transaction failed with err: Rpc(Call(ErrorObject { code: ServerError(-32050), message: "Transaction timed out before reaching finality", data: None })) tx_digest=Digest("GpNaaPWHnGqBs9v6z6ep7LDg9BUieAq1niFdcfGeK4vo") retry_cnt=2
2026-05-20T11:23:13.477165Z ERROR iota_benchmark: Transaction failed with err: Rpc(Call(ErrorObject { code: ServerError(-32050), message: "Transaction timed out before reaching finality", data: None })) tx_digest=Digest("HyX7a85QQPQ2iLUdC9wtfk5SaYYu4hw7nBPeeJcn9Zvu") retry_cnt=2
2026-05-20T11:23:13.477552Z ERROR iota_benchmark: Transaction failed with err: Rpc(Call(ErrorObject { code: ServerError(-32050), message: "Transaction timed out before reaching finality", data: None })) tx_digest=Digest("5SnZ8auxQzMsC1npKo2KLcm8BfTcZpWYupz4mai866iP") retry_cnt=2
2026-05-20T11:23:13.510347Z ERROR iota_benchmark: Transaction failed with err: Rpc(Call(ErrorObject { code: ServerError(-32050), message: "Transaction timed out before reaching finality", data: None })) tx_digest=Digest("EJmwJFZAbTTW39poYS2eX4je3ACVnrfbw2KkVHxsNE6b") retry_cnt=2
2026-05-20T11:23:13.510463Z ERROR iota_benchmark: Transaction failed with err: Rpc(Call(ErrorObject { code: ServerError(-32050), message: "Transaction timed out before reaching finality", data: None })) tx_digest=Digest("9SktpTinPZLxK3A8uWFanthpUin3SS1eaS2b5AM8oohw") retry_cnt=2
2026-05-20T11:23:13.533186Z ERROR iota_benchmark: Transaction failed with err: Rpc(Call(ErrorObject { code: ServerError(-32050), message: "Transaction timed out before reaching finality", data: None })) tx_digest=Digest("GXvLr4Bvs3GWo48Wcrp135398HjAE7JQL1X44WwazUZT") retry_cnt=2
2026-05-20T11:23:13.534111Z ERROR iota_benchmark: Transaction failed with err: Rpc(Call(ErrorObject { code: ServerError(-32050), message: "Transaction timed out before reaching finality", data: None })) tx_digest=Digest("6bw1Nv1E6RauhknJvQCnMp3pmK7En7pfFv5gJT44d9BG") retry_cnt=2
2026-05-20T11:23:13.568637Z ERROR iota_benchmark: Transaction failed with err: Rpc(Call(ErrorObject { code: ServerError(-32050), message: "Transaction timed out before reaching finality", data: None })) tx_digest=Digest("GidSKcjb7a2oHsJyDhLE5VnJPbgwngBpziYWDoGsLb11") retry_cnt=2
2026-05-20T11:23:13.602344Z ERROR iota_benchmark: Transaction failed with err: Rpc(Call(ErrorObject { code: ServerError(-32050), message: "Transaction timed out before reaching finality", data: None })) tx_digest=Digest("139K1J3vaGPzRKWqZCuERSphQuG7N38eNvfNKmErCtXy") retry_cnt=2
2026-05-20T11:23:13.602392Z ERROR iota_benchmark: Transaction failed with err: Rpc(Call(ErrorObject { code: ServerError(-32050), message: "Transaction timed out before reaching finality", data: None })) tx_digest=Digest("D9MwWMZdoZ856UH4ta2ZbpjxUSqnr3e85jihV4ma5M5k") retry_cnt=2
2026-05-20T11:23:13.603305Z ERROR iota_benchmark: Transaction failed with err: Rpc(Call(ErrorObject { code: ServerError(-32050), message: "Transaction timed out before reaching finality", data: None })) tx_digest=Digest("GxTcwnJuqa95oeTTf9pBD5aM8r9thTHN8a4kkie4krcF") retry_cnt=2
2026-05-20T11:23:13.604293Z ERROR iota_benchmark: Transaction failed with err: Rpc(Call(ErrorObject { code: ServerError(-32050), message: "Transaction timed out before reaching finality", data: None })) tx_digest=Digest("dJS5KbdZGme6vEmC6zNtyJGQcKfzHY4PPiXP35Y7rSy") retry_cnt=2
2026-05-20T11:23:13.614262Z ERROR iota_benchmark: Transaction failed with err: Rpc(Call(ErrorObject { code: ServerError(-32050), message: "Transaction timed out before reaching finality", data: None })) tx_digest=Digest("8L2Twig4ZSXNp9pDy1fU5vKbRoPjyJK6eA9uVFzL69eM") retry_cnt=2
2026-05-20T11:23:13.614882Z ERROR iota_benchmark: Transaction failed with err: Rpc(Call(ErrorObject { code: ServerError(-32050), message: "Transaction timed out before reaching finality", data: None })) tx_digest=Digest("3w1uvaGa1HvTC5ztR3sqzUsVjQ7oHs1EfsC5bX6DdKPK") retry_cnt=2
2026-05-20T11:23:13.615785Z ERROR iota_benchmark: Transaction failed with err: Rpc(Call(ErrorObject { code: ServerError(-32050), message: "Transaction timed out before reaching finality", data: None })) tx_digest=Digest("2AbkhgLPZHKMjBXiPjU9cxHRa3L7KHazEtP1TH2EzJQP") retry_cnt=2
2026-05-20T11:23:13.623415Z ERROR iota_benchmark: Transaction failed with err: Rpc(Call(ErrorObject { code: ServerError(-32050), message: "Transaction timed out before reaching finality", data: None })) tx_digest=Digest("5F7ojcf4zTk12BYCkFezpDqXAcS3qmw7R3DXrWz5hbZt") retry_cnt=2
2026-05-20T11:23:13.628116Z ERROR iota_benchmark: Transaction failed with err: Rpc(Call(ErrorObject { code: ServerError(-32050), message: "Transaction timed out before reaching finality", data: None })) tx_digest=Digest("B15DueFVdZTDXs24fHmPRinU9x6ok6bzG96iok8qteqx") retry_cnt=2
2026-05-20T11:23:13.628382Z ERROR iota_benchmark: Transaction failed with err: Rpc(Call(ErrorObject { code: ServerError(-32050), message: "Transaction timed out before reaching finality", data: None })) tx_digest=Digest("AqgNFtYUFP9Nj3tfb9NpspECUGtTbG8aowZT9wHe3KRf") retry_cnt=2
2026-05-20T11:23:13.628751Z ERROR iota_benchmark: Transaction failed with err: Rpc(Call(ErrorObject { code: ServerError(-32050), message: "Transaction timed out before reaching finality", data: None })) tx_digest=Digest("FKhiBMH83AchuLqnRayReQecR5fkrkzGts2KXtKRKaga") retry_cnt=2
2026-05-20T11:23:13.630396Z ERROR iota_benchmark: Transaction failed with err: Rpc(Call(ErrorObject { code: ServerError(-32050), message: "Transaction timed out before reaching finality", data: None })) tx_digest=Digest("5yeQzon5ozVxztz23zmGim3tw1m23CBX4i6vPDS3CEYZ") retry_cnt=2
2026-05-20T11:23:13.630430Z ERROR iota_benchmark: Transaction failed with err: Rpc(Call(ErrorObject { code: ServerError(-32050), message: "Transaction timed out before reaching finality", data: None })) tx_digest=Digest("H4a4CngX7tJPJzZSxMvQ21PPaoeVHVyjyi2DVBxKoPyG") retry_cnt=2
2026-05-20T11:23:13.630469Z ERROR iota_benchmark: Transaction failed with err: Rpc(Call(ErrorObject { code: ServerError(-32050), message: "Transaction timed out before reaching finality", data: None })) tx_digest=Digest("5ANQ18eXoHdC4UW688A5ognBjdoq61x8mAPkLdaUhffp") retry_cnt=2
2026-05-20T11:23:13.633210Z ERROR iota_benchmark: Transaction failed with err: Rpc(Call(ErrorObject { code: ServerError(-32050), message: "Transaction timed out before reaching finality", data: None })) tx_digest=Digest("7pUZZ7sfNjP5em1S1deSQrSZ7nJTVEWGF2jvZQBLEdEs") retry_cnt=2
2026-05-20T11:23:13.639336Z ERROR iota_benchmark: Transaction failed with err: Rpc(Call(ErrorObject { code: ServerError(-32050), message: "Transaction timed out before reaching finality", data: None })) tx_digest=Digest("4KPRkmvTD25B5NNNWinyUhWE7DU2BvxQ7Rzs7noB9ynw") retry_cnt=2
2026-05-20T11:23:13.641297Z ERROR iota_benchmark: Transaction failed with err: Rpc(Call(ErrorObject { code: ServerError(-32050), message: "Transaction timed out before reaching finality", data: None })) tx_digest=Digest("CXtFWuudxXpEVWafm1eQskGj4e1HkmdVoP9DdPuVFWNx") retry_cnt=2
2026-05-20T11:23:13.646870Z ERROR iota_benchmark: Transaction failed with err: Rpc(Call(ErrorObject { code: ServerError(-32050), message: "Transaction timed out before reaching finality", data: None })) tx_digest=Digest("2vxirCaf6XWnqRz2BBsQVEbCi8zoEwXh6rNy9YcGQ3MJ") retry_cnt=2
2026-05-20T11:23:13.649718Z ERROR iota_benchmark: Transaction failed with err: Rpc(Call(ErrorObject { code: ServerError(-32050), message: "Transaction timed out before reaching finality", data: None })) tx_digest=Digest("emtLzvr599RT48osMfdVo4aaMffhwDxtGJcAHbsQ83J") retry_cnt=2
2026-05-20T11:23:13.652445Z ERROR iota_benchmark: Transaction failed with err: Rpc(Call(ErrorObject { code: ServerError(-32050), message: "Transaction timed out before reaching finality", data: None })) tx_digest=Digest("BntECA55MAbkKqHgbvTkGE2fTawCtRd2TKaA4rEMD2Nn") retry_cnt=2
2026-05-20T11:23:13.658084Z ERROR iota_benchmark: Transaction failed with err: Rpc(Call(ErrorObject { code: ServerError(-32050), message: "Transaction timed out before reaching finality", data: None })) tx_digest=Digest("FDBMKaRRH239duHCV3q1nWgKiY1LyJZsd9dGfGhTSu6z") retry_cnt=2
2026-05-20T11:23:13.658650Z ERROR iota_benchmark: Transaction failed with err: Rpc(Call(ErrorObject { code: ServerError(-32050), message: "Transaction timed out before reaching finality", data: None })) tx_digest=Digest("HfJhYEterneeYvz6qqkJwMsvZ583zn8V6R8kEv4dMZW3") retry_cnt=2
2026-05-20T11:23:13.662176Z ERROR iota_benchmark: Transaction failed with err: Rpc(Call(ErrorObject { code: ServerError(-32050), message: "Transaction timed out before reaching finality", data: None })) tx_digest=Digest("6pR4uTDA77Bc6dGpSc59KfP3YaENygD5khh5Hk4XNij3") retry_cnt=2
2026-05-20T11:23:13.662980Z ERROR iota_benchmark: Transaction failed with err: Rpc(Call(ErrorObject { code: ServerError(-32050), message: "Transaction timed out before reaching finality", data: None })) tx_digest=Digest("FAxsqaXa4o9k45L5f1871ZbRtGkdFWbxgbcDbbzNtv81") retry_cnt=2
2026-05-20T11:23:13.694363Z ERROR iota_benchmark: Transaction failed with err: Rpc(Call(ErrorObject { code: ServerError(-32050), message: "Transaction timed out before reaching finality", data: None })) tx_digest=Digest("H97cawaBXfCdd1tJL8hmuSs99JYuYDLgHmtzhHMgfjy2") retry_cnt=2
2026-05-20T11:23:13.694653Z ERROR iota_benchmark: Transaction failed with err: Rpc(Call(ErrorObject { code: ServerError(-32050), message: "Transaction timed out before reaching finality", data: None })) tx_digest=Digest("qYFRnHETZV1MpXtQn3rdcv7uaByyKn4ZbeZ2oLPsLxh") retry_cnt=2
2026-05-20T11:23:13.700914Z ERROR iota_benchmark: Transaction failed with err: Rpc(Call(ErrorObject { code: ServerError(-32050), message: "Transaction timed out before reaching finality", data: None })) tx_digest=Digest("4jj5ePvhfedjG3ycaywSYf3yPT56qzMkJv7f3vHxpzxq") retry_cnt=2
2026-05-20T11:23:13.726144Z ERROR iota_benchmark: Transaction failed with err: Rpc(Call(ErrorObject { code: ServerError(-32050), message: "Transaction timed out before reaching finality", data: None })) tx_digest=Digest("DLEPFg6cfwRTnpZCGtKoHk3gc9n3a7C3MujoERhB6zy3") retry_cnt=2
2026-05-20T11:23:13.727282Z ERROR iota_benchmark: Transaction failed with err: Rpc(Call(ErrorObject { code: ServerError(-32050), message: "Transaction timed out before reaching finality", data: None })) tx_digest=Digest("EUp5J8tAN31PBxRvY3HWzV68L4uN3azEXTsLd4MRfNfP") retry_cnt=2
2026-05-20T11:23:13.727351Z ERROR iota_benchmark: Transaction failed with err: Rpc(Call(ErrorObject { code: ServerError(-32050), message: "Transaction timed out before reaching finality", data: None })) tx_digest=Digest("6UtxsoqsJZqc7ZCKRhvSyEmmeV5WizTfwWbTh46sWQJP") retry_cnt=2
2026-05-20T11:23:13.727837Z ERROR iota_benchmark: Transaction failed with err: Rpc(Call(ErrorObject { code: ServerError(-32050), message: "Transaction timed out before reaching finality", data: None })) tx_digest=Digest("EwiEqRLFLpX95aBjyoeTstkTGowPMRrRTZjiUjzJugwV") retry_cnt=2
2026-05-20T11:23:13.728152Z ERROR iota_benchmark: Transaction failed with err: Rpc(Call(ErrorObject { code: ServerError(-32050), message: "Transaction timed out before reaching finality", data: None })) tx_digest=Digest("3D2v8g4BhRqzt7ta2io8eZrdjz7UDqjLeU4GQeUJDWK8") retry_cnt=2
2026-05-20T11:23:13.733652Z ERROR iota_benchmark: Transaction failed with err: Rpc(Call(ErrorObject { code: ServerError(-32050), message: "Transaction timed out before reaching finality", data: None })) tx_digest=Digest("F4A9ANT4WKmCt7TmvSMT7sCJLRuHNFCGTAVr1hP8bZeC") retry_cnt=2
2026-05-20T11:23:13.760556Z ERROR iota_benchmark: Transaction failed with err: Rpc(Call(ErrorObject { code: ServerError(-32050), message: "Transaction timed out before reaching finality", data: None })) tx_digest=Digest("7zYfVDQzFWdTtqS8LArCnx6DnDQL3zqR1FVtn52CmC63") retry_cnt=2
2026-05-20T11:23:13.760688Z ERROR iota_benchmark: Transaction failed with err: Rpc(Call(ErrorObject { code: ServerError(-32050), message: "Transaction timed out before reaching finality", data: None })) tx_digest=Digest("Abeu6tP7Fh47DACvm4BdHusAi2S42eKtj2DxU3BzZd5C") retry_cnt=2
2026-05-20T11:23:13.761214Z ERROR iota_benchmark: Transaction failed with err: Rpc(Call(ErrorObject { code: ServerError(-32050), message: "Transaction timed out before reaching finality", data: None })) tx_digest=Digest("EJ49EVxJTf6uMEVs9quxpBmwve8P4QMcWvxw5NFBTPFx") retry_cnt=2
2026-05-20T11:23:13.763633Z ERROR iota_benchmark: Transaction failed with err: Rpc(Call(ErrorObject { code: ServerError(-32050), message: "Transaction timed out before reaching finality", data: None })) tx_digest=Digest("5dLkD65ocGez6UHqNrVw8oRz6JsELDkfCDLiskbU26LU") retry_cnt=2
2026-05-20T11:23:13.819954Z ERROR iota_benchmark: Transaction failed with err: Rpc(Call(ErrorObject { code: ServerError(-32050), message: "Transaction timed out before reaching finality", data: None })) tx_digest=Digest("4AAA8jnqCJK5ZDy7KmW7ii5i1SHqPupMFnypAcxjngjn") retry_cnt=2
2026-05-20T11:23:13.877787Z ERROR iota_benchmark: Transaction failed with err: Rpc(Call(ErrorObject { code: ServerError(-32050), message: "Transaction timed out before reaching finality", data: None })) tx_digest=Digest("CvakS15R46VxqRuekKtZ1rFcwcckJ8CJYBXpdEdmG4hE") retry_cnt=2
2026-05-20T11:23:13.887709Z ERROR iota_benchmark: Transaction failed with err: Rpc(Call(ErrorObject { code: ServerError(-32050), message: "Transaction timed out before reaching finality", data: None })) tx_digest=Digest("HkR1ua6WvcUosgpmmzicJ1cmtsE6C93Hb22KdthXR7mF") retry_cnt=2
2026-05-20T11:23:13.887807Z ERROR iota_benchmark: Transaction failed with err: Rpc(Call(ErrorObject { code: ServerError(-32050), message: "Transaction timed out before reaching finality", data: None })) tx_digest=Digest("6Y9aLnuoNKgzRW8M5R1TbTrUgTpUF5UiPsRoEdDCCQZu") retry_cnt=2
2026-05-20T11:23:13.933446Z ERROR iota_benchmark: Transaction failed with err: Rpc(Call(ErrorObject { code: ServerError(-32050), message: "Transaction timed out before reaching finality", data: None })) tx_digest=Digest("9UYBzb7tmZyo6S7WovGtT4LTVkVuxqcTdhM4D7ab57ut") retry_cnt=2
2026-05-20T11:23:13.967753Z ERROR iota_benchmark: Transaction failed with err: Rpc(Call(ErrorObject { code: ServerError(-32050), message: "Transaction timed out before reaching finality", data: None })) tx_digest=Digest("7zUJNPD2wUuiVYEa2aXCVQrr54zeEmrEBUJ76rrTXCXX") retry_cnt=2
2026-05-20T11:23:13.973372Z ERROR iota_benchmark: Transaction failed with err: Rpc(Call(ErrorObject { code: ServerError(-32050), message: "Transaction timed out before reaching finality", data: None })) tx_digest=Digest("dQCiVhcJrkrn9FSJK8cNbfC2AAJ96q2CSkxbXkVruKZ") retry_cnt=2
2026-05-20T11:23:14.021241Z ERROR iota_benchmark: Transaction failed with err: Rpc(Call(ErrorObject { code: ServerError(-32050), message: "Transaction timed out before reaching finality", data: None })) tx_digest=Digest("56xaCdiYBxf1x8SH4yq3QCbi32Ca1dns4EKKYuy3p4UP") retry_cnt=2
2026-05-20T11:23:14.037329Z ERROR iota_benchmark: Transaction failed with err: Rpc(Call(ErrorObject { code: ServerError(-32050), message: "Transaction timed out before reaching finality", data: None })) tx_digest=Digest("4qGqnuYh7hBD4pTFC6m6QJdeh7psfcdgyH8yQ5tkq797") retry_cnt=2
2026-05-20T11:23:14.037428Z ERROR iota_benchmark: Transaction failed with err: Rpc(Call(ErrorObject { code: ServerError(-32050), message: "Transaction timed out before reaching finality", data: None })) tx_digest=Digest("4ibGivYFGQkYUaHFbGDN7PRw8p4BA2fiffhgcubojYY8") retry_cnt=2
2026-05-20T11:23:14.043527Z ERROR iota_benchmark: Transaction failed with err: Rpc(Call(ErrorObject { code: ServerError(-32050), message: "Transaction timed out before reaching finality", data: None })) tx_digest=Digest("GiPqy3hXnkiNn2VhbtfhjxKix9xyc1Bw1178zNZbWgZd") retry_cnt=2
2026-05-20T11:23:14.082239Z ERROR iota_benchmark: Transaction failed with err: Rpc(Call(ErrorObject { code: ServerError(-32050), message: "Transaction timed out before reaching finality", data: None })) tx_digest=Digest("4rkbouZ8KTqR9ymQgQF6ECHETj33E5ynyaNohWkabycZ") retry_cnt=2
2026-05-20T11:23:14.085057Z ERROR iota_benchmark: Transaction failed with err: Rpc(Call(ErrorObject { code: ServerError(-32050), message: "Transaction timed out before reaching finality", data: None })) tx_digest=Digest("2TZYHBoi1aSwfa1sKhoZvLLZW3W7UpH8nXuKjgTCAy38") retry_cnt=2
2026-05-20T11:23:14.095303Z ERROR iota_benchmark: Transaction failed with err: Rpc(Call(ErrorObject { code: ServerError(-32050), message: "Transaction timed out before reaching finality", data: None })) tx_digest=Digest("Bwah78DWKWa8d8GDZUTwLurznHgQ89txKgdw14b6LCX5") retry_cnt=2
2026-05-20T11:23:14.095535Z ERROR iota_benchmark: Transaction failed with err: Rpc(Call(ErrorObject { code: ServerError(-32050), message: "Transaction timed out before reaching finality", data: None })) tx_digest=Digest("2PAHdArRXrZCCS7NCgpoKF69mEqWv145jEShytwCqJHS") retry_cnt=2
2026-05-20T11:23:14.165676Z ERROR iota_benchmark: Transaction failed with err: Rpc(Call(ErrorObject { code: ServerError(-32050), message: "Transaction timed out before reaching finality", data: None })) tx_digest=Digest("9yFHYq5Nwn5byq1zKjydV3Dmw3upXSVdeGDqGApejjXg") retry_cnt=2
2026-05-20T11:23:14.174299Z ERROR iota_benchmark: Transaction failed with err: Rpc(Call(ErrorObject { code: ServerError(-32050), message: "Transaction timed out before reaching finality", data: None })) tx_digest=Digest("8adrmC9VSJnwa6EYcHzKuYPUWfVsrkKLCq6MswVPZqc3") retry_cnt=2
2026-05-20T11:23:14.181144Z ERROR iota_benchmark: Transaction failed with err: Rpc(Call(ErrorObject { code: ServerError(-32050), message: "Transaction timed out before reaching finality", data: None })) tx_digest=Digest("8krAs7WTnj999zhrAfD2pCmYCrLTLJy8gcJhfHBuA4mb") retry_cnt=2
2026-05-20T11:23:14.228806Z ERROR iota_benchmark: Transaction failed with err: Rpc(Call(ErrorObject { code: ServerError(-32050), message: "Transaction timed out before reaching finality", data: None })) tx_digest=Digest("JAUCR2ADpVTdzGMPLuej3AnpVLKKifFfHYkWYZ1YXVfZ") retry_cnt=2
2026-05-20T11:23:14.258624Z ERROR iota_benchmark: Transaction failed with err: Rpc(Call(ErrorObject { code: ServerError(-32050), message: "Transaction timed out before reaching finality", data: None })) tx_digest=Digest("4DMdULPFktpG2QPr11xkSUmzkLAFx6fvyPKJeEnyyBUf") retry_cnt=2
2026-05-20T11:23:14.285298Z ERROR iota_benchmark: Transaction failed with err: Rpc(Call(ErrorObject { code: ServerError(-32050), message: "Transaction timed out before reaching finality", data: None })) tx_digest=Digest("2yUx2z4ZJK34knxLPLWRdUa98K8AiGHrTQZeuLbCac83") retry_cnt=2
2026-05-20T11:23:14.285323Z ERROR iota_benchmark: Transaction failed with err: Rpc(Call(ErrorObject { code: ServerError(-32050), message: "Transaction timed out before reaching finality", data: None })) tx_digest=Digest("56UPZNcxxVwwXsF6EuDoum7EUMeyTBaPG3VZi1VcDLQj") retry_cnt=2
2026-05-20T11:23:14.303549Z ERROR iota_benchmark: Transaction failed with err: Rpc(Call(ErrorObject { code: ServerError(-32050), message: "Transaction timed out before reaching finality", data: None })) tx_digest=Digest("47HhGw2K12AmNgdLHoU6AHSQ56fvLu1WmyA9ePzPFYPX") retry_cnt=2
2026-05-20T11:23:14.303613Z ERROR iota_benchmark: Transaction failed with err: Rpc(Call(ErrorObject { code: ServerError(-32050), message: "Transaction timed out before reaching finality", data: None })) tx_digest=Digest("BeBez4uMxpbmJPuUonoGhRkPuPL6SUHcLXDmmCDWJWg1") retry_cnt=2
2026-05-20T11:23:14.335454Z ERROR iota_benchmark: Transaction failed with err: Rpc(Call(ErrorObject { code: ServerError(-32050), message: "Transaction timed out before reaching finality", data: None })) tx_digest=Digest("5tbmf7czCdprzDzMBZ4oiLGrvKt73C3HJ4bswDMBmju8") retry_cnt=2
2026-05-20T11:23:14.335454Z ERROR iota_benchmark: Transaction failed with err: Rpc(Call(ErrorObject { code: ServerError(-32050), message: "Transaction timed out before reaching finality", data: None })) tx_digest=Digest("5NvEADVCtn8QxsZnhEQWEGZwHaHf67fgzC3i3eNUFD7B") retry_cnt=2
2026-05-20T11:23:14.335506Z ERROR iota_benchmark: Transaction failed with err: Rpc(Call(ErrorObject { code: ServerError(-32050), message: "Transaction timed out before reaching finality", data: None })) tx_digest=Digest("8WgosaDVnAZNQxz8sNuFkpgExnt7SfTFVyaieRCGikSc") retry_cnt=2
2026-05-20T11:23:14.407200Z ERROR iota_benchmark: Transaction failed with err: Rpc(Call(ErrorObject { code: ServerError(-32050), message: "Transaction timed out before reaching finality", data: None })) tx_digest=Digest("D7yhXXXEHG2Vg1Qoos7qxxWvBBNXs6rVuPxmpeq1SbUY") retry_cnt=2
2026-05-20T11:23:14.434909Z ERROR iota_benchmark: Transaction failed with err: Rpc(Call(ErrorObject { code: ServerError(-32050), message: "Transaction timed out before reaching finality", data: None })) tx_digest=Digest("2J4GL5NyE7xWJiqaEEpSkPnocjRdAPbLm9vrcU5bFceb") retry_cnt=2
2026-05-20T11:23:14.569148Z ERROR iota_benchmark: Transaction failed with err: Rpc(Call(ErrorObject { code: ServerError(-32050), message: "Transaction timed out before reaching finality", data: None })) tx_digest=Digest("CCMwba3cBSJVUydBTMQTSLjAmChog8tVRowCkpdi5JzC") retry_cnt=2
2026-05-20T11:23:14.668757Z ERROR iota_benchmark: Transaction failed with err: Rpc(Call(ErrorObject { code: ServerError(-32050), message: "Transaction timed out before reaching finality", data: None })) tx_digest=Digest("HVh8pDSCLvpAXXdvSZ1UMuWkb7FhoUBGEBcJ3LxtK3Wu") retry_cnt=2
2026-05-20T11:23:14.677835Z ERROR iota_benchmark: Transaction failed with err: Rpc(Call(ErrorObject { code: ServerError(-32050), message: "Transaction timed out before reaching finality", data: None })) tx_digest=Digest("HDguawWtTvwW2LBEsbXGhTqaGsTkuapKJifkcEzLUjhe") retry_cnt=2
2026-05-20T11:23:14.688159Z ERROR iota_benchmark: Transaction failed with err: Rpc(Call(ErrorObject { code: ServerError(-32050), message: "Transaction timed out before reaching finality", data: None })) tx_digest=Digest("DNTj4yj8LacXA8sq7jR7YQcXyLVYyG3UvLuTTeyZBsDP") retry_cnt=2
2026-05-20T11:23:14.693975Z ERROR iota_benchmark: Transaction failed with err: Rpc(Call(ErrorObject { code: ServerError(-32050), message: "Transaction timed out before reaching finality", data: None })) tx_digest=Digest("AR6nKYdEq8URZK1BHz7mGNT8LMUYAVaeYGZ6XK4b4XWJ") retry_cnt=2
2026-05-20T11:23:14.695624Z ERROR iota_benchmark: Transaction failed with err: Rpc(Call(ErrorObject { code: ServerError(-32050), message: "Transaction timed out before reaching finality", data: None })) tx_digest=Digest("6jxnEusvV6aLqSc3X1ngqgn22qn4CrZHqN3TqEyELzoC") retry_cnt=2
2026-05-20T11:23:14.696189Z ERROR iota_benchmark: Transaction failed with err: Rpc(Call(ErrorObject { code: ServerError(-32050), message: "Transaction timed out before reaching finality", data: None })) tx_digest=Digest("5iH5qBPLw7EZKcqr7o4LhGuqGG6XzjkRBnRmZBbk6xYb") retry_cnt=2
2026-05-20T11:23:14.719022Z ERROR iota_benchmark: Transaction failed with err: Rpc(Call(ErrorObject { code: ServerError(-32050), message: "Transaction timed out before reaching finality", data: None })) tx_digest=Digest("Fn63mCL4UhZRcQ8TGD9h8o2SjeuNHE4tgg6qrrykB5A9") retry_cnt=2
2026-05-20T11:23:14.757847Z ERROR iota_benchmark: Transaction failed with err: Rpc(Call(ErrorObject { code: ServerError(-32050), message: "Transaction timed out before reaching finality", data: None })) tx_digest=Digest("DawFqeh3EDPwX5go44BZQUQRmwLzBiBnhwjxLJRqb8nn") retry_cnt=2
2026-05-20T11:23:14.758223Z ERROR iota_benchmark: Transaction failed with err: Rpc(Call(ErrorObject { code: ServerError(-32050), message: "Transaction timed out before reaching finality", data: None })) tx_digest=Digest("ATmouTjdSKdJcFyMo4wzJpk1ub2NWojEvbN1nxezVPPD") retry_cnt=2
2026-05-20T11:23:14.758674Z ERROR iota_benchmark: Transaction failed with err: Rpc(Call(ErrorObject { code: ServerError(-32050), message: "Transaction timed out before reaching finality", data: None })) tx_digest=Digest("HYieLQwUtvUNfVrw7XzejE1v1XGa18ovok1bHNhhc8pv") retry_cnt=2
2026-05-20T11:23:14.773987Z ERROR iota_benchmark: Transaction failed with err: Rpc(Call(ErrorObject { code: ServerError(-32050), message: "Transaction timed out before reaching finality", data: None })) tx_digest=Digest("2j2QyhqpAuNwLVf4aq6Cua3VNDy1FXxMwetVRzVRVvLS") retry_cnt=2
2026-05-20T11:23:14.800626Z ERROR iota_benchmark: Transaction failed with err: Rpc(Call(ErrorObject { code: ServerError(-32050), message: "Transaction timed out before reaching finality", data: None })) tx_digest=Digest("6WqEJXapjmGNwkZjs9KnMpuaLvMtaqfUYeKSCG4xjLUK") retry_cnt=2
2026-05-20T11:23:14.809609Z ERROR iota_benchmark: Transaction failed with err: Rpc(Call(ErrorObject { code: ServerError(-32050), message: "Transaction timed out before reaching finality", data: None })) tx_digest=Digest("ABUWfjgqa8LjSkkhnDefEbUx5DnTvmVtT687CQh6S2MR") retry_cnt=2
2026-05-20T11:23:14.811553Z ERROR iota_benchmark: Transaction failed with err: Rpc(Call(ErrorObject { code: ServerError(-32050), message: "Transaction timed out before reaching finality", data: None })) tx_digest=Digest("GDpYr2o7s8AMcBtU6NRUZNarDr7NkhciTHKV2piPxkT8") retry_cnt=2
2026-05-20T11:23:14.814344Z ERROR iota_benchmark: Transaction failed with err: Rpc(Call(ErrorObject { code: ServerError(-32050), message: "Transaction timed out before reaching finality", data: None })) tx_digest=Digest("Gr51HTiSSWYsnycpbKt1i4L8mhCukL8nUx7VPNS4stfN") retry_cnt=2
2026-05-20T11:23:14.825228Z ERROR iota_benchmark: Transaction failed with err: Rpc(Call(ErrorObject { code: ServerError(-32050), message: "Transaction timed out before reaching finality", data: None })) tx_digest=Digest("AaiaU9khaL9frqTrfNXgGFPBg2yJRUieVc6WQAFCpzgN") retry_cnt=2
2026-05-20T11:23:14.841279Z ERROR iota_benchmark: Transaction failed with err: Rpc(Call(ErrorObject { code: ServerError(-32050), message: "Transaction timed out before reaching finality", data: None })) tx_digest=Digest("AL3WAHa4feh5NvRNFhDudQPtvZf1pPeZi5CqtivxdKD4") retry_cnt=2
2026-05-20T11:23:14.847213Z ERROR iota_benchmark: Transaction failed with err: Rpc(Call(ErrorObject { code: ServerError(-32050), message: "Transaction timed out before reaching finality", data: None })) tx_digest=Digest("EeYLxSgNDNppY4ohoDpu924nzYsn3SbyRxML7o3GxeWR") retry_cnt=2
2026-05-20T11:23:14.894350Z ERROR iota_benchmark: Transaction failed with err: Rpc(Call(ErrorObject { code: ServerError(-32050), message: "Transaction timed out before reaching finality", data: None })) tx_digest=Digest("GFtQTysoX79r158NPj1xFfpH9STHAibExH1qjj1AWkGH") retry_cnt=2
2026-05-20T11:23:15.052257Z ERROR iota_benchmark: Transaction failed with err: Rpc(Call(ErrorObject { code: ServerError(-32050), message: "Transaction timed out before reaching finality", data: None })) tx_digest=Digest("BG8ztFB1t8t8Mp66aeLyGDj2AbqFiSxdGSPhDbBL8LVV") retry_cnt=2
2026-05-20T11:23:15.078663Z ERROR iota_benchmark: Transaction failed with err: Rpc(Call(ErrorObject { code: ServerError(-32050), message: "Transaction timed out before reaching finality", data: None })) tx_digest=Digest("7AZhGpVZbuHuLPPYyLFZ6JyeZrGeW9r4VEMecQAg9h8u") retry_cnt=2
2026-05-20T11:23:15.078759Z ERROR iota_benchmark: Transaction failed with err: Rpc(Call(ErrorObject { code: ServerError(-32050), message: "Transaction timed out before reaching finality", data: None })) tx_digest=Digest("FcMteyy423cSfVK9JJNR9o8wDoDgdXsJSYYDfEHenHhK") retry_cnt=2
2026-05-20T11:23:15.086391Z ERROR iota_benchmark: Transaction failed with err: Rpc(Call(ErrorObject { code: ServerError(-32050), message: "Transaction timed out before reaching finality", data: None })) tx_digest=Digest("3wM9G6f92S664jpyycmx2eWTyvwnbV6uFN1CnUMWkiUi") retry_cnt=2
2026-05-20T11:23:15.086969Z ERROR iota_benchmark: Transaction failed with err: Rpc(Call(ErrorObject { code: ServerError(-32050), message: "Transaction timed out before reaching finality", data: None })) tx_digest=Digest("3wTuzr77BKhwwp6YRpuRgHPQhnDKxSex3L8yS36BptDR") retry_cnt=2
2026-05-20T11:23:15.087084Z ERROR iota_benchmark: Transaction failed with err: Rpc(Call(ErrorObject { code: ServerError(-32050), message: "Transaction timed out before reaching finality", data: None })) tx_digest=Digest("EjvkcEozSLnirFTrrJS1dndAJAJVZVeWi1RPJ48JbrdT") retry_cnt=2
2026-05-20T11:23:15.125854Z ERROR iota_benchmark: Transaction failed with err: Rpc(Call(ErrorObject { code: ServerError(-32050), message: "Transaction timed out before reaching finality", data: None })) tx_digest=Digest("Cjrp9FvwRu3veihEs6NCrmNj7w3rTtxxXP3chEBidNnY") retry_cnt=2
2026-05-20T11:23:15.168435Z ERROR iota_benchmark: Transaction failed with err: Rpc(Call(ErrorObject { code: ServerError(-32050), message: "Transaction timed out before reaching finality", data: None })) tx_digest=Digest("E9RC84fV9S2qKcPL4CKj5FQVrw6dkoxDQsayGnnSwWb6") retry_cnt=2
2026-05-20T11:23:15.178786Z ERROR iota_benchmark: Transaction failed with err: Rpc(Call(ErrorObject { code: ServerError(-32050), message: "Transaction timed out before reaching finality", data: None })) tx_digest=Digest("AYdYi4KuGRf17PWqoqdxwpBLhqCcxNDFahikGrkZ9VTf") retry_cnt=2
2026-05-20T11:23:15.222461Z ERROR iota_benchmark: Transaction failed with err: Rpc(Call(ErrorObject { code: ServerError(-32050), message: "Transaction timed out before reaching finality", data: None })) tx_digest=Digest("AosR1m23tAgxgE5zTjqo1o3q9VH24TsMLTCKwyYizTR3") retry_cnt=2
2026-05-20T11:23:15.243800Z ERROR iota_benchmark: Transaction failed with err: Rpc(Call(ErrorObject { code: ServerError(-32050), message: "Transaction timed out before reaching finality", data: None })) tx_digest=Digest("2grDTPRhNkkYPiqj2873RBqWm5en7t6Byh3JZchG3X5x") retry_cnt=2
2026-05-20T11:23:15.259424Z ERROR iota_benchmark: Transaction failed with err: Rpc(Call(ErrorObject { code: ServerError(-32050), message: "Transaction timed out before reaching finality", data: None })) tx_digest=Digest("ZFMrL6XM8M4mczad2xU427g8qBNF4mGnbDNCTGt5qVt") retry_cnt=2
2026-05-20T11:23:15.269872Z ERROR iota_benchmark: Transaction failed with err: Rpc(Call(ErrorObject { code: ServerError(-32050), message: "Transaction timed out before reaching finality", data: None })) tx_digest=Digest("9f3ATaW2C2VeYubz1mbzXeuS9EQ219ShLx9ZfigZHdqM") retry_cnt=2
2026-05-20T11:23:15.270278Z ERROR iota_benchmark: Transaction failed with err: Rpc(Call(ErrorObject { code: ServerError(-32050), message: "Transaction timed out before reaching finality", data: None })) tx_digest=Digest("3A53Lwi4fUuGroACayb7EGxvtoDPEFZasyBjFE72WPnz") retry_cnt=2
2026-05-20T11:23:15.281288Z ERROR iota_benchmark: Transaction failed with err: Rpc(Call(ErrorObject { code: ServerError(-32050), message: "Transaction timed out before reaching finality", data: None })) tx_digest=Digest("zydoeuEsmsqsz7KPpm5HDixhQ892DBYpEQredeVtCat") retry_cnt=2
2026-05-20T11:23:15.281436Z ERROR iota_benchmark: Transaction failed with err: Rpc(Call(ErrorObject { code: ServerError(-32050), message: "Transaction timed out before reaching finality", data: None })) tx_digest=Digest("3Z99B6YG9jPf69iigE5ZoyswBvSBJ11imgxtqWeD4VCT") retry_cnt=2
2026-05-20T11:23:15.297967Z ERROR iota_benchmark: Transaction failed with err: Rpc(Call(ErrorObject { code: ServerError(-32050), message: "Transaction timed out before reaching finality", data: None })) tx_digest=Digest("3sixNUAezWrRJyC8ChtbD7ShvrN83L2wYXB9dYVE1KU5") retry_cnt=2
2026-05-20T11:23:15.305209Z ERROR iota_benchmark: Transaction failed with err: Rpc(Call(ErrorObject { code: ServerError(-32050), message: "Transaction timed out before reaching finality", data: None })) tx_digest=Digest("93ZZVGrtYEjmphCgTcKFPDckkwqvsYWc2bp32auxA5Af") retry_cnt=2
2026-05-20T11:23:15.307831Z ERROR iota_benchmark: Transaction failed with err: Rpc(Call(ErrorObject { code: ServerError(-32050), message: "Transaction timed out before reaching finality", data: None })) tx_digest=Digest("4UdGMAuBHgyT5fBWbsHm4oCo56PGfy9NiYjJhcrMnCKZ") retry_cnt=2
2026-05-20T11:23:15.307893Z ERROR iota_benchmark: Transaction failed with err: Rpc(Call(ErrorObject { code: ServerError(-32050), message: "Transaction timed out before reaching finality", data: None })) tx_digest=Digest("BUq1JFDikWhFbZA8wWbp8jKxtgKRiXEieGXaWwRWRZft") retry_cnt=2
2026-05-20T11:23:15.321312Z ERROR iota_benchmark: Transaction failed with err: Rpc(Call(ErrorObject { code: ServerError(-32050), message: "Transaction timed out before reaching finality", data: None })) tx_digest=Digest("9TjFh8i6L3jtJmCiE3vT9ZZPq2xUhZue4BwrcEBZC57h") retry_cnt=2
2026-05-20T11:23:15.336732Z ERROR iota_benchmark: Transaction failed with err: Rpc(Call(ErrorObject { code: ServerError(-32050), message: "Transaction timed out before reaching finality", data: None })) tx_digest=Digest("6TqXK7CHpvfxnUXMMfDKAFrVV7btayUewvPr4vx7pAgr") retry_cnt=2
2026-05-20T11:23:15.339274Z ERROR iota_benchmark: Transaction failed with err: Rpc(Call(ErrorObject { code: ServerError(-32050), message: "Transaction timed out before reaching finality", data: None })) tx_digest=Digest("3r9rYtsB85WM2JXJ6xkFBZtWpvG9K9ogys8JZdrcNHMJ") retry_cnt=2
2026-05-20T11:23:15.340808Z ERROR iota_benchmark: Transaction failed with err: Rpc(Call(ErrorObject { code: ServerError(-32050), message: "Transaction timed out before reaching finality", data: None })) tx_digest=Digest("j2udUNqAPrJ1s54u24vHJwgMhiH56UznsiZxt4Qjp84") retry_cnt=2
2026-05-20T11:23:15.515597Z ERROR iota_benchmark: Transaction failed with err: Rpc(Call(ErrorObject { code: ServerError(-32050), message: "Transaction timed out before reaching finality", data: None })) tx_digest=Digest("5fjpndwuH59fr6m6kqmUgYLyzYqqNJV5DjmQLYtzYLGm") retry_cnt=2
2026-05-20T11:23:15.548864Z ERROR iota_benchmark: Transaction failed with err: Rpc(Call(ErrorObject { code: ServerError(-32050), message: "Transaction timed out before reaching finality", data: None })) tx_digest=Digest("8HCTjsNmQPAkzRALBKqpjca4kpQ9Rksp3ngNX5fttHqh") retry_cnt=2
2026-05-20T11:23:15.603983Z ERROR iota_benchmark: Transaction failed with err: Rpc(Call(ErrorObject { code: ServerError(-32050), message: "Transaction timed out before reaching finality", data: None })) tx_digest=Digest("9Mp2trahyu7ewTdT2z79ZqY5ZcjrTuxzVc9jXGVHDh5P") retry_cnt=2
2026-05-20T11:23:15.623617Z ERROR iota_benchmark: Transaction failed with err: Rpc(Call(ErrorObject { code: ServerError(-32050), message: "Transaction timed out before reaching finality", data: None })) tx_digest=Digest("Fxw3oPBSYfwn7GPsXwrgSuFwYBB62roqBSuggmYEY1Po") retry_cnt=2
2026-05-20T11:23:15.624678Z ERROR iota_benchmark: Transaction failed with err: Rpc(Call(ErrorObject { code: ServerError(-32050), message: "Transaction timed out before reaching finality", data: None })) tx_digest=Digest("H3tWTS7rZToE9wYMLBMiPgEtcfaF5kUx7tvuAtpXgfuW") retry_cnt=2
2026-05-20T11:23:15.644928Z ERROR iota_benchmark: Transaction failed with err: Rpc(Call(ErrorObject { code: ServerError(-32050), message: "Transaction timed out before reaching finality", data: None })) tx_digest=Digest("2fRYyptogZfigU73SHyTtXwuPRm7qJspecKDhz6vnN6U") retry_cnt=2
2026-05-20T11:23:15.675057Z ERROR iota_benchmark: Transaction failed with err: Rpc(Call(ErrorObject { code: ServerError(-32050), message: "Transaction timed out before reaching finality", data: None })) tx_digest=Digest("8qGkwSMkyLahE3wDiSNiX3ZuP11UkMJmNMSQGFVDsCVM") retry_cnt=2
2026-05-20T11:23:15.677200Z ERROR iota_benchmark: Transaction failed with err: Rpc(Call(ErrorObject { code: ServerError(-32050), message: "Transaction timed out before reaching finality", data: None })) tx_digest=Digest("FH2r67CjUTyZuGhLoSsh2T5t61pWeoNESWM7sBLj2iDJ") retry_cnt=2
2026-05-20T11:23:15.678394Z ERROR iota_benchmark: Transaction failed with err: Rpc(Call(ErrorObject { code: ServerError(-32050), message: "Transaction timed out before reaching finality", data: None })) tx_digest=Digest("313UfSG4Zrrgx1wX3vTjp91y9t5TnTwAy46srmm95Frn") retry_cnt=2
2026-05-20T11:23:15.683613Z ERROR iota_benchmark: Transaction failed with err: Rpc(Call(ErrorObject { code: ServerError(-32050), message: "Transaction timed out before reaching finality", data: None })) tx_digest=Digest("2ezGJoJzFcAGbEnebbieoZHcEN6Yd11nLcE76NFwBsoT") retry_cnt=2
2026-05-20T11:23:15.684147Z ERROR iota_benchmark: Transaction failed with err: Rpc(Call(ErrorObject { code: ServerError(-32050), message: "Transaction timed out before reaching finality", data: None })) tx_digest=Digest("AcWKJ74MZkvWKkQqpcttqySzfX35vM6PnryxkbU6Dj3p") retry_cnt=2
2026-05-20T11:23:15.689571Z ERROR iota_benchmark: Transaction failed with err: Rpc(Call(ErrorObject { code: ServerError(-32050), message: "Transaction timed out before reaching finality", data: None })) tx_digest=Digest("HY1cVSuy8RM38dVZ9Nyd5JT33bAsUjLAgLWcZQdjwa7k") retry_cnt=2
2026-05-20T11:23:15.697634Z ERROR iota_benchmark: Transaction failed with err: Rpc(Call(ErrorObject { code: ServerError(-32050), message: "Transaction timed out before reaching finality", data: None })) tx_digest=Digest("2TbN5c2XnVFNpek7MnJwbJyA93C8xv9CV8ygze9tSXNE") retry_cnt=2
2026-05-20T11:23:15.739180Z ERROR iota_benchmark: Transaction failed with err: Rpc(Call(ErrorObject { code: ServerError(-32050), message: "Transaction timed out before reaching finality", data: None })) tx_digest=Digest("7azgHs9wYJpPCVhcT2NumpdjwC8nhmHD4Ub95c5CGa6H") retry_cnt=2
2026-05-20T11:23:15.751268Z ERROR iota_benchmark: Transaction failed with err: Rpc(Call(ErrorObject { code: ServerError(-32050), message: "Transaction timed out before reaching finality", data: None })) tx_digest=Digest("GMqMiqDPQERz5YE5chmWty6E6sRRv5a3tuRz4ZtWZXep") retry_cnt=2
2026-05-20T11:23:15.751879Z ERROR iota_benchmark: Transaction failed with err: Rpc(Call(ErrorObject { code: ServerError(-32050), message: "Transaction timed out before reaching finality", data: None })) tx_digest=Digest("7wdQsMHPT34g5xbcjaHdstYH2A1Fn5dwERVbJVujMtxZ") retry_cnt=2
2026-05-20T11:23:15.765029Z ERROR iota_benchmark: Transaction failed with err: Rpc(Call(ErrorObject { code: ServerError(-32050), message: "Transaction timed out before reaching finality", data: None })) tx_digest=Digest("7hLofCavDLS9JVcNRC2u2NR7oyo4gE37jZsJQMAhjk9w") retry_cnt=2
2026-05-20T11:23:15.796174Z ERROR iota_benchmark: Transaction failed with err: Rpc(Call(ErrorObject { code: ServerError(-32050), message: "Transaction timed out before reaching finality", data: None })) tx_digest=Digest("E6yaZ5LFTPpoccQfb8CMFMJNxhiHMzxnv5np7NPL3o1C") retry_cnt=2
2026-05-20T11:23:15.810092Z ERROR iota_benchmark: Transaction failed with err: Rpc(Call(ErrorObject { code: ServerError(-32050), message: "Transaction timed out before reaching finality", data: None })) tx_digest=Digest("FJuJ1A8dQcsvMu8McGBaEKxP5AUUxQMnQwHCKdWAYQpn") retry_cnt=2
2026-05-20T11:23:15.810777Z ERROR iota_benchmark: Transaction failed with err: Rpc(Call(ErrorObject { code: ServerError(-32050), message: "Transaction timed out before reaching finality", data: None })) tx_digest=Digest("Da1aAhrSHP6fh7NTb2a2drH2PvTTuH1SHsTPF97PEyU8") retry_cnt=2
2026-05-20T11:23:15.810868Z ERROR iota_benchmark: Transaction failed with err: Rpc(Call(ErrorObject { code: ServerError(-32050), message: "Transaction timed out before reaching finality", data: None })) tx_digest=Digest("4SoJAdaN1qb6vmFLSwpRePadgCcaE5RTVRq5qstno77T") retry_cnt=2
2026-05-20T11:23:15.822605Z ERROR iota_benchmark: Transaction failed with err: Rpc(Call(ErrorObject { code: ServerError(-32050), message: "Transaction timed out before reaching finality", data: None })) tx_digest=Digest("66L2s8GKk326BzTjNzYnjhxHur6enDgr54oTpaBUe9Fh") retry_cnt=2
2026-05-20T11:23:15.831305Z ERROR iota_benchmark: Transaction failed with err: Rpc(Call(ErrorObject { code: ServerError(-32050), message: "Transaction timed out before reaching finality", data: None })) tx_digest=Digest("51CGqq3kc66wouhm2u9Ash32NmEtJsntqyQPk7yBMife") retry_cnt=2
Benchmark Report:
+-------------+-----+-----+--------+-----------------+-------------+---------------+---------------+---------------+------------------------+-------------------+-----------------------------+
| duration(s) | tps | cps | error% | expected error% | success txs | latency (min) | latency (p50) | latency (p99) | gas used (NANOS total) | gas used (NANOS   | gas used/hr (NANOS approx.) |
|             |     |     |        |                 |             |               |               |               |                        | computation cost) |                             |
+=============================================================================================================================================================================================+
| 120         | 696 | 696 | 0      | 0               | 83554       | 1910          | 11511         | 25471         | 247,386,683,200        | 621,628,000,000   | 7,421,600,496,000           |
+-------------+-----+-----+--------+-----------------+-------------+---------------+---------------+---------------+------------------------+-------------------+-----------------------------+
